smiles,source,pki
CCCCCc1cc2cc(C(=O)NCCc3ccc(F)cc3)c(=O)[nH]c2c(O)c1OC,ChEMBL,2.62015082123717
CCCCCc1cc2cc(C(=O)NCCc3ccc(F)cc3)c(=O)n(C)c2c(O)c1OC,ChEMBL,3.063486257521107
CCCOc1c(OC)ccc2cc(C(=O)NCCc3ccc(F)cc3)c(=O)[nH]c12,ChEMBL,3.473660722610156
N#C/C(=C\c1cn(CCN2CCCCC2)c2ccccc12)S(=O)(=O)c1ccccc1,ChEMBL,3.7867479478036032
COc1ccc(S(=O)(=O)c2cc(OC)ccc2S(=O)(=O)c2ccc([C@H](C)NC(=O)Nc3ccc(C)cc3)cc2)cc1,ChEMBL,4.0
COc1ccc(S(=O)(=O)c2cc(OC)ccc2S(=O)(=O)c2ccc(C(C)NC(=O)Nc3ccc(C)cc3)cc2)cc1,GLASS,4.0
CCCNC(=O)N[C@@H](C)c1ccc(S(=O)(=O)c2ccc(OC)cc2S(=O)(=O)c2ccc(OC)cc2)cc1,ChEMBL,4.142130998855603
CCCNC(=O)NC(C)c1ccc(S(=O)(=O)c2ccc(OC)cc2S(=O)(=O)c2ccc(OC)cc2)cc1,GLASS,4.142130998855603
O=[N+]([O-])c1ccccc1CSc1nnc2c(n1)[nH]c1ccccc12,ChEMBL,4.221848749616356
N#Cc1ccccc1CSc1nnc2c3ccccc3n(C(=O)c3ccno3)c2n1,ChEMBL,4.221848749616356
N#Cc1ccccc1CSc1nnc2c3ccccc3n(C(=O)C3CCCCC3)c2n1,ChEMBL,4.221848749616356
N#Cc1ccccc1CSc1nnc2c3ccccc3n(Cc3ccccc3[N+](=O)[O-])c2n1,ChEMBL,4.221848749616356
N#Cc1ccccc1CSc1nnc2c(n1)[nH]c1ccccc12,ChEMBL,4.221848749616356
N#Cc1ccccc1CSc1nnc2c3ccccc3n(C(=O)c3ccc(OC(F)(F)F)cc3)c2n1,ChEMBL,4.221848749616356
O=C(c1ccccc1)n1c2ccccc2c2nnc(SCc3ccccc3[N+](=O)[O-])nc21,ChEMBL,4.221848749616356
COC(=O)CCC(=O)n1c2ccccc2c2nnc(SCc3ccccc3C#N)nc21,ChEMBL,4.221848749616356
N#Cc1ccccc1CSc1nnc2c3ccccc3n(C(=O)C3CCCC3)c2n1,ChEMBL,4.221848749616356
O=C(O[C@@H]1Cc2c(O)cc(O)cc2O[C@@H]1c1ccc(O)c(O)c1)c1cc(O)c(O)c(O)c1,ChEMBL,4.325138859262188
CCCCC/C=C\C/C=C\CCCCCCCC(=O)NCCO,ChEMBL,4.382999658879101
CC1(C)C2CC[C@@](C)(C2)C1NC(=O)c1nn(-c2ccc(Cl)cc2Cl)c2c1Cc1cc(C3CC3)ccc1-2,ChEMBL,4.3979400086720375
CC1(C)C2CC[C@@](C)(C2)C1NC(=O)c1nn(-c2ccc(Cl)cc2Cl)c2c1CCc1cc(C3CC3)ccc1-2,ChEMBL,4.3979400086720375
COc1ccc(COc2nn(CCN(C(C)C)C(C)C)c3ccccc23)cc1,ChEMBL,4.3979400086720375
O=C(c1nn(-c2ccc(Cl)cc2Cl)c2c1ccc1cc(C3CC3)ccc12)N1CCCCC1,ChEMBL,4.3979400086720375
CCCCCCC(C)(C)C1=CC2=C(C(=O)C1=O)c1c(cnn1CC)C(C)(C)O2,ChEMBL,4.3979400086720375
Cn1nc(OCCc2ccccc2)c2cc([N+](=O)[O-])ccc21,ChEMBL,4.3979400086720375
COc1ccc2c(c1)OC(C)(C)c1cn(CCN3CCN(C(=O)C(C)(C)C)CC3)nc1-2,ChEMBL,4.3979400086720375
Cn1nc(OCc2ccc3ccccc3c2)c2cc([N+](=O)[O-])ccc21,ChEMBL,4.3979400086720375
CCCCCCC(C)(C)c1cc(OCCCO)c2c(c1)OC(C)(C)c1cnn(-c3ccc(Cl)c(Cl)c3)c1-2,ChEMBL,4.3979400086720375
COc1ccc2c(c1)OC(C)(C)c1cn(CCN3CCN(C(=O)c4ccccc4)CC3)nc1-2,ChEMBL,4.3979400086720375
Cn1nc(OCc2cccc3ccccc23)c2cc([N+](=O)[O-])ccc21,ChEMBL,4.3979400086720375
CC1(C)C2CC[C@@](C)(C2)C1NC(=O)c1nn(-c2ccc(Cl)cc2Cl)c2c1ccc1cc(C3CC3)ccc12.Cl,ChEMBL,4.3979400086720375
O=[N+]([O-])c1ccc2c(c1)c(OCC1CCCCC1)nn2Cc1ccccc1,ChEMBL,4.3979400086720375
COc1ccc2c(c1)OC(C)(C)c1cnn(CNC(=O)CN3CCN(c4ccccc4OC)CC3)c1-2,ChEMBL,4.3979400086720375
Cc1ccc(Cn2nc(-c3ccc(C)cc3)cc(SNC3CCCCCC3)c2=O)cc1,ChEMBL,4.3979400086720375
CCCCCCC(C)(C)c1cc2c(c3c1CCCO3)-c1nn(CC)cc1C(C)(C)O2,ChEMBL,4.3979400086720375
CCCCCCC(C)(C)c1cc(OC)c2c(c1)OC(C)(C)c1cnoc1-2,ChEMBL,4.3979400086720375
CCCCCCc1cc(-c2ccc(Cl)cc2)n(-c2ccc(Cl)cc2Cl)n1,ChEMBL,4.3979400086720375
COc1ccc2c(c1)OC(C)(C)c1cnn(CCN3CCN(C(=O)c4ccccc4)CC3)c1-2,ChEMBL,4.3979400086720375
COc1ccc2c(c1)OC(C)(C)c1cn(CCN3CCN(C(=O)COc4ccccc4)CC3)nc1-2,ChEMBL,4.3979400086720375
Cc1ccc(-c2cc(S(=O)(=O)NCCN3CCOCC3)nnc2-c2ccc(C)cc2)cc1,ChEMBL,4.3979400086720375
CC(C)N(CCn1nc(OCc2cccc3ccccc23)c2ccccc21)C(C)C,ChEMBL,4.3979400086720375
CCCCCCC(C)(C)C1=CC2=C(C(=O)C1=O)c1nn(C)cc1C(C)(C)O2,ChEMBL,4.3979400086720375
O=C(NN1CCCCC1)c1nn(-c2ccc(Cl)cc2Cl)c2c1ccc1cc(C3CC3)ccc12,ChEMBL,4.3979400086720375
COc1ccc(N2CCN(CC(=O)NCn3ncc4c3-c3ccc(OC)cc3OC4(C)C)CC2)cc1,ChEMBL,4.3979400086720375
O=C(NN1CCCC1)c1nn(-c2ccc(Cl)cc2Cl)c2c1ccc1cc(C3CC3)ccc12,ChEMBL,4.3979400086720375
CCCCCCC(C)(C)c1cc(OCc2ccccc2)c2c(c1)OC(C)(C)c1cnn(-c3ccc(Cl)c(Cl)c3)c1-2,ChEMBL,4.3979400086720375
Cl.O=C(NN1CCCCC1)c1nn(-c2ccc(Cl)cc2Cl)c2c1CCc1cc(C3CC3)ccc1-2,ChEMBL,4.3979400086720375
CCCCCCCCCCCCCCCCNC(=O)c1cc(-c2ccccc2)n(-c2ccccc2)n1,ChEMBL,4.3979400086720375
CCCCCCC(C)(C)c1cc(O)c2c(c1)OC(C)(C)c1cnn(-c3cc(F)cc(F)c3)c1-2,ChEMBL,4.3979400086720375
CCCCCCC(C)(C)c1cc(OCCCO)c2c(c1)OC(C)(C)c1cn(CC)nc1-2,ChEMBL,4.3979400086720375
CCCCCc1cc(-c2ccc(Cl)cc2)n(-c2ccc(Cl)cc2Cl)n1,ChEMBL,4.3979400086720375
COc1ccc(COc2nn(CCN(C(C)C)C(C)C)c3ccc([N+](=O)[O-])cc23)cc1,ChEMBL,4.3979400086720375
COc1ccc2c(c1)OC(C)(C)c1cn(CNC(=O)CN3CCN(c4ccccc4)CC3)nc1-2,ChEMBL,4.3979400086720375
CCCCCCC(C)(C)c1cc(OCCCO)c2c(c1)OC(C)(C)c1cn(C)nc1-2,ChEMBL,4.3979400086720375
COc1ccc2c(c1)OC(C)(C)c1cnn(CNC(=O)CN3CCN(c4ccccc4)CC3)c1-2,ChEMBL,4.3979400086720375
COc1ccc2c(c1)OC(C)(C)c1cn(CCN3CCN(C(=O)C4CCCCC4)CC3)nc1-2,ChEMBL,4.3979400086720375
CCCCCCC(C)(C)c1cc(OCCCO)c2c(c1)OC(C)(C)c1cnn(-c3ccc(Cl)cc3Cl)c1-2,ChEMBL,4.3979400086720375
CCCCCCC(C)(C)c1cc(OCc2ccccc2)c2c(c1)OC(C)(C)c1cnn(-c3ccc(Cl)cc3Cl)c1-2,ChEMBL,4.3979400086720375
CCCCCCCC/C=C\CCCCCCCCNC(=O)c1nn(-c2ccccc2)c(-c2ccccc2)c1C,ChEMBL,4.3979400086720375
COc1ccc2c(c1)OC(C)(C)c1cn(CCN3CCN(C(=O)C4CCCO4)CC3)nc1-2,ChEMBL,4.3979400086720375
COc1ccc2c(c1)OC(C)(C)c1cn(CNC(=O)CN3CCN(c4ccccc4OC)CC3)nc1-2,ChEMBL,4.3979400086720375
COc1ccc2c(c1)OC(C)(C)c1cnn(CCN3CCN(C(=O)c4cccs4)CC3)c1-2,ChEMBL,4.3979400086720375
COc1ccc2c(c1)OC(C)(C)c1cn(CCN3CCN(C(=O)c4ccco4)CC3)nc1-2,ChEMBL,4.3979400086720375
CCCCCCCC/C=C\CCCCCCCCNC(=O)c1nc(-c2ccc(Cl)cc2)n(-c2ccc(Cl)cc2)n1,ChEMBL,4.3979400086720375
COc1ccc2c(c1)OC(C)(C)c1cn(CNC(=O)CN3CCN(c4cccc(C)c4C)CC3)nc1-2,ChEMBL,4.3979400086720375
O=[N+]([O-])c1ccc2[nH]nc(OCc3cccc4ccccc34)c2c1,ChEMBL,4.3979400086720375
CCCCCCCC/C=C\CCCCCCCCNC(=O)c1cc(-c2ccccc2)n(-c2ccccc2)n1,ChEMBL,4.3979400086720375
Nc1ccc2c(c1)c(OCc1ccc3ccccc3c1)nn2CCN1CCCCC1,ChEMBL,4.3979400086720375
CCCCCCC(C)(C)C1=CC2=C(C(=O)C1=O)c1[nH]ncc1C(C)(C)O2,ChEMBL,4.3979400086720375
COc1ccc2c(c1)OC(C)(C)c1cnn(CCN3CCN(C(=O)c4ccco4)CC3)c1-2,ChEMBL,4.3979400086720375
COc1ccc(COc2n[nH]c3ccc([N+](=O)[O-])cc23)cc1,ChEMBL,4.3979400086720375
CCCCCCC(C)(C)c1cc(OCC)c2c(c1)OC(C)(C)c1cnn(-c3ccc(Cl)c(Cl)c3)c1-2,ChEMBL,4.3979400086720375
CC1(C)[C@@H]2CC[C@]1(C)[C@H](NC(=O)c1nn(-c3ccc(Cl)cc3Cl)c3c1Cc1cc(C4CC4)ccc1-3)C2,ChEMBL,4.3979400086720375
COc1ccc2c(c1)OC(C)(C)c1cn(CCN3CCN(C(=O)c4cccs4)CC3)nc1-2,ChEMBL,4.3979400086720375
C#CC#CCCCC/C=C/C(=O)NCC(C)C,ChEMBL,4.3979400086720375
COc1ccc2c(c1)OC(C)(C)c1cnn(CNC(=O)CN3CCN(c4cccc(C)c4C)CC3)c1-2,ChEMBL,4.3979400086720375
Oc1cc(O)c2c(c1)O[C@H](c1cc(O)c(O)c(O)c1)[C@H](O)C2,ChEMBL,4.447331783887806
Cc1c(C(=O)NN2CCCCC2)nn(C)c1-c1ccc(Cl)cc1,ChEMBL,4.459999937940861
O=C(O[C@@H]1Cc2c(O)cc(O)cc2O[C@@H]1c1cc(O)c(O)c(O)c1)c1cc(O)c(O)c(O)c1,ChEMBL,4.473660722610156
COCCNC(=O)c1c(NC(=O)c2ccccc2C(F)(F)F)sc2c1CCOC2,ChEMBL,4.522878745280337
O=C(Nc1sc2c(c1C(=O)N1CC(F)(F)C1)CCOC2)c1ccccc1OC(F)(F)F,ChEMBL,4.522878745280337
CCCCCCC(C)(C)c1ccc(-c2cc(C)cc(C)c2)cc1,ChEMBL,4.522878745280337
COC1CN(C(=O)c2c(NC(=O)c3ccccc3C(F)(F)F)sc3c2CCOC3)C1,ChEMBL,4.522878745280337
COCCNC(=O)c1c(NC(=O)c2c(F)cccc2C(F)(F)F)sc2c1CCOC2,ChEMBL,4.522878745280337
Clc1ccc(COC(Cn2ccnc2)c2ccc(Cl)cc2Cl)cc1,ChEMBL,4.543224161992789
Cc1nc(-c2ccccc2)c(-c2ccccc2)n1CCCCCCNC(=O)Oc1ccccc1F,ChEMBL,4.638272163982407
C#C[C@]1(O)CC[C@H]2[C@@H]3CCc4cc(OC)ccc4[C@H]3CC[C@@]21C,ChEMBL,4.647200257436687
c1ccc2cc(COc3n[nH]c4ccccc34)ccc2c1,ChEMBL,4.663540266151471
COc1cccc(Cc2cc3c(OC)cccc3oc2=O)c1,ChEMBL,4.675717544702307
O=C1N2CCSC2=NC1(c1ccccc1)c1ccccc1,ChEMBL,4.675717544702307
O=S(=O)(NCCN1CCOCC1)c1ccc(Nc2ccc(Cl)cc2Cl)cc1C(F)(F)F,ChEMBL,4.677367288307776
COc1ccc(COc2n[nH]c3ccccc23)cc1,ChEMBL,4.6777807052660805
CCCCCC=CCC=CCCCCCCCC(=O)NCCO,GLASS,4.684029654543083
O=C(Cc1ccccc1)NC(/C=C/c1ccccc1)NC(=O)Cc1ccccc1,ChEMBL,4.698970004336019
CCCCCCCCC=CCCCCCCCCNC(=O)c1cc(-c2ccccc2)n(-c2ccccc2)n1,GLASS,4.698970004336019
CCCCCCCCC=CCCCCCCCCNC(=O)c1nn(-c2ccccc2)c(-c2ccccc2)c1C,GLASS,4.698970004336019
CCCCCCCCC=CCCCCCCCCNC(=O)c1nc(-c2ccc(Cl)cc2)n(-c2ccc(Cl)cc2)n1,GLASS,4.698970004336019
COC(=O)Cc1c(C)n(C(=O)c2ccc(Cl)cc2)c2ccc(OC)cc12,ChEMBL,4.698970004336019
CC(C)CNC(=O)/C=C/C=C/CCCCCC/C=C/c1ccc2c(c1)OCO2,ChEMBL,4.698970004336019
COc1ccc(C(NC(=O)Cc2ccccc2)NC(=O)Cc2ccccc2)cc1,ChEMBL,4.698970004336019
O=C(Cc1ccccc1)NC(CCc1ccccc1)NC(=O)Cc1ccccc1,ChEMBL,4.698970004336019
O=C(Cc1ccccc1)NC(Cc1ccccc1)NC(=O)Cc1ccccc1,ChEMBL,4.698970004336019
O=C(Cc1ccccc1)NC(NC(=O)Cc1ccccc1)c1ccc(N(Cc2ccccc2)Cc2ccccc2)cc1,ChEMBL,4.698970004336019
CC(C)Oc1ccc(C(NC(=O)Cc2ccccc2)NC(=O)Cc2ccccc2)cc1,ChEMBL,4.698970004336019
CCN(CC)c1ccc(CN(C(=O)Cc2ccccc2)c2ccc(C)cc2)cc1,ChEMBL,4.698970004336019
CCN(CC)c1ccc(CN(C(=O)C2CCCCC2)c2ccc(Cl)cc2)cc1,ChEMBL,4.698970004336019
COc1ccc2c(c1)c(CC(=O)N1CCOCC1)c(C)n2C(=O)c1ccc(Cl)cc1,ChEMBL,4.698970004336019
CCCCCC(=O)NC(NC(=O)CCCCC)c1ccc(N(CC)CC)cc1,ChEMBL,4.698970004336019
CCN(CC)c1ccc(CN(c2ccc(Cl)cc2)S(=O)(=O)c2ccc(OC)cc2)cc1,ChEMBL,4.698970004336019
CCN(CC)c1ccc(C(NC(=O)/C=C/c2ccccc2)NC(=O)/C=C/c2ccccc2)cc1,ChEMBL,4.698970004336019
CCCCCCCCCC(=O)NC(NC(=O)CCCCCCCCC)c1ccc(N(CC)CC)cc1,ChEMBL,4.698970004336019
CCCCCCC(C)(C)c1cc(OC)c(-c2cc(C)cc(C)c2)c(OC)c1,ChEMBL,4.698970004336019
CCN(CC)c1ccc(C(NC(=O)c2ccccc2)NC(=O)c2ccccc2)cc1,ChEMBL,4.698970004336019
CCN(CC)c1ccc(CN(C(=O)Cc2ccc(Cl)cc2)[C@]23C[C@H]4C[C@H](C[C@H](C4)C2)C3)cc1,ChEMBL,4.698970004336019
O=C(Cc1ccc(Cl)cc1)NC(NC(=O)Cc1ccc(Cl)cc1)c1ccc(C(F)(F)F)cc1,ChEMBL,4.698970004336019
CCN(CC)c1ccc(CN(C(=O)C2CCCCC2)[C@]23C[C@H]4C[C@H](C[C@H](C4)C2)C3)cc1,ChEMBL,4.698970004336019
COc1ccc2c(c1)c(CC(=O)N1CCOCC1)c(C)n2Cc1cccc(Cl)c1Cl,ChEMBL,4.698970004336019
CCCCN(CCCC)c1ccc(C(NC(=O)Cc2ccccc2)NC(=O)Cc2ccccc2)cc1,ChEMBL,4.698970004336019
COc1ccc(C(NC(=O)Cc2ccc(Cl)cc2)NC(=O)Cc2ccc(Cl)cc2)cc1,ChEMBL,4.698970004336019
CCCCC(=O)NC(NC(=O)CCCC)c1ccc(N(CC)CC)cc1,ChEMBL,4.698970004336019
CCCCCC(NC(=O)Cc1ccccc1)NC(=O)Cc1ccccc1,ChEMBL,4.698970004336019
COc1ccc2c(c1)c(CC(=O)O)c(C)n2C(=O)c1ccc(Cl)cc1,ChEMBL,4.698970004336019
CCCCCCCC(=O)NC(NC(=O)CCCCCCC)c1ccc(N(CC)CC)cc1,ChEMBL,4.698970004336019
CC#CC#CC/C=C\CCC/C=C/C=C/C(=O)NCC(C)C,ChEMBL,4.698970004336019
CCN(CC)c1ccc(C(NC(=O)C(C)(C)C)NC(=O)C(C)(C)C)cc1,ChEMBL,4.698970004336019
CCN(CC)c1ccc(CN(C(=O)Cc2ccccc2)[C@]23C[C@H]4C[C@H](C[C@H](C4)C2)C3)cc1,ChEMBL,4.698970004336019
CCCCCCC(C)(C)c1cc2c(c(OP(=O)(OCC)OCC)c1)[C@@H]1CC(C)=CC[C@H]1C(C)(C)O2,ChEMBL,4.698970004336019
O=C(Cc1ccc(Cl)cc1)NC(NC(=O)Cc1ccc(Cl)cc1)c1ccc(Cl)cc1,ChEMBL,4.698970004336019
O=C(Cc1ccccc1)NC(NC(=O)Cc1ccccc1)c1ccc(N2CCCCC2)cc1,ChEMBL,4.698970004336019
CCN(CC)c1ccc(CN([C@]23C[C@H]4C[C@H](C[C@H](C4)C2)C3)S(=O)(=O)c2ccc(C)cc2)cc1,ChEMBL,4.698970004336019
CCS(=O)(=O)c1ccc2c(c1)nc(C(C)(C)C)n2CC1CC1,ChEMBL,4.698970004336019
CCN(CC)c1ccc(C(NC(=O)CCc2ccccc2)NC(=O)CCc2ccccc2)cc1,ChEMBL,4.698970004336019
O=C(Cc1ccccc1)NC(NC(=O)Cc1ccccc1)c1ccc(N2CCCC2)cc1,ChEMBL,4.698970004336019
CN(C)c1ccc(C(NC(=O)Cc2ccccc2)NC(=O)Cc2ccccc2)cc1,ChEMBL,4.698970004336019
Cc1ccc(C(NC(=O)Cc2ccc(Cl)cc2)NC(=O)Cc2ccc(Cl)cc2)cc1,ChEMBL,4.698970004336019
CCCN(CCC)c1ccc(C(NC(=O)Cc2ccccc2)NC(=O)Cc2ccccc2)cc1,ChEMBL,4.698970004336019
CC(C)c1ccc(C(NC(=O)Cc2ccccc2)NC(=O)Cc2ccccc2)cc1,ChEMBL,4.698970004336019
CCN(CC)c1ccc(C(NC(=O)Cc2ccccc2)NC(=O)Cc2ccccc2)cc1,ChEMBL,4.698970004336019
CCN(CC)c1ccc(C(NC(=O)C(C)C)NC(=O)C(C)C)cc1,ChEMBL,4.698970004336019
O=C(Cc1ccccc1)NC(NC(=O)Cc1ccccc1)c1ccc(C(F)(F)F)cc1,ChEMBL,4.698970004336019
O=C(Cc1ccc(Cl)cc1)NC(NC(=O)Cc1ccc(Cl)cc1)c1ccccc1C(F)(F)F,ChEMBL,4.698970004336019
c1ccc2c(c1)Nc1ccccc1S2,ChEMBL,4.707212464801671
O=C(Nc1sc2c(c1C(=O)N1CCCCC1)CCOC2)c1ccccc1OC(F)(F)F,ChEMBL,4.7121982700697735
CN(C)CCn1c(CC(C)(C)C)nc2cc(S(=O)(=O)CC(C)(C)O)ccc21,ChEMBL,4.7121982700697735
CCCCCc1cc(O)c2cc(Cc3ccccc3Cl)c(=O)oc2c1,ChEMBL,4.718966632752273
CCOc1ccc(Cc2nc3cc(C(=O)N4CCCCC4)ccc3n2CCC(C)C)cc1,ChEMBL,4.769551078621726
COc1ccc2c(c1)c(CC(=O)N1CCOCC1)c(C)n2C(=O)c1cccc(Cl)c1,ChEMBL,4.774690718274137
Clc1ccc(COC(Cn2ccnc2)c2ccc(Cl)cc2Cl)c(Cl)c1,ChEMBL,4.779525793870782
CCCCCc1cc(O)c2cc(Cc3cccc(O)c3)c(=O)oc2c1,ChEMBL,4.790484985457369
CN1CCN(NC(=O)c2cnn(-c3ccc(Cl)cc3Cl)c2-c2ccc(Cl)cc2)CC1,ChEMBL,4.795880017344075
C=C(C)[C@@H]1CCC(C)=C[C@H]1c1c(O)cc(CCC)cc1O,ChEMBL,4.83238732727247
CCCCCCC(C)(C)C1=CC(=O)C2=C(OC(C)(C)c3cn(C)nc32)C1=O,ChEMBL,4.848323769152953
O=[N+]([O-])c1ccc2[nH]nc(OCc3ccc4ccccc4c3)c2c1,ChEMBL,4.866461091629782
CCCCCc1cc(O)cc(OCCCCCCCCCCCCCCCC(=O)NCCO)c1,ChEMBL,4.903089986991944
CCC=CCC=CCC=CCC=CCC=CCC=CCCC(=O)NCCO,GLASS,4.913640169325252
CC/C=C/C/C=C\C/C=C\C/C=C\C/C=C\C/C=C/CCC(=O)NCCO,ChEMBL,4.913640169325252
O=C(Nc1sc2c(c1C(=O)N1CCCCC1)CCOC2)c1ccccc1C(F)(F)F,ChEMBL,4.931814138253839
CCCCCCC(C)(C)c1cc(OC)c(C2=C[C@@H]3CC[C@@]2(CO)C3(C)C)c(OC)c1,ChEMBL,4.931814138253839
CCCCCCC(C)(C)c1cc(OC)c(C2=CC3CCC2(CO)C3(C)C)c(OC)c1,GLASS,4.931814138253839
O=C(Nc1sc2c(c1C(=O)N1CC(F)(F)C1)CCOC2)c1c(F)cccc1C(F)(F)F,ChEMBL,4.954677021213342
Nc1ccc2c(c1)c(OCc1cccc3ccccc13)nn2CCN1CCCC1,ChEMBL,4.958607314841775
CCN(CC)c1ccc(CN([C@]23C[C@H]4C[C@H](C[C@H](C4)C2)C3)S(=O)(=O)c2ccccc2)cc1,ChEMBL,4.958607314841775
COc1ccc(S(=O)(=O)c2cc(OC)ccc2S(=O)(=O)c2ccc(C(C)NC(=O)C3CC3)cc2)cc1,GLASS,4.973671061277651
COc1ccc(S(=O)(=O)c2cc(OC)ccc2S(=O)(=O)c2ccc([C@H](C)NC(=O)C3CC3)cc2)cc1,ChEMBL,4.973671061277651
CC(C)=CCC[C@]1(C)[C@@H](O[C@@H]2O[C@H](CO)[C@@H](O)[C@H](O)[C@@H]2O)CC[C@@]2(C)[C@H]1CC[C@H]1Cc3c([nH]c4ccccc34)[C@@]12C,ChEMBL,4.97469413473523
COc1ccc2c(c1)c(CCN1CCOCC1)c(C)n2C(=O)c1ccc(Cl)cc1,ChEMBL,4.989149042626077
CCCCCc1cc(OC)c2cc(Cc3ccc(Br)cc3)c(=O)oc2c1,ChEMBL,4.991399828238082
O=C(Cc1ccccc1)NC(C=Cc1ccccc1)NC(=O)Cc1ccccc1,GLASS,5.0
CC1(Cc2ccccc2)COc2cc(C(=O)N3CCCCC3)ccc21,ChEMBL,5.0
Cc1c(O)ccc2c1OC(C)(C)C1=C2C[C@H](C)CC1,ChEMBL,5.0
COC(=O)c1c(NC(=O)N2CCCCC2)sc2c1CCCC2,ChEMBL,5.0
CC1CCC(NC(=O)c2cc3cccnc3n(CCCO)c2=O)CC1,ChEMBL,5.0
CC#CC#CCC=CCCCC=CC=CC(=O)NCC(C)C,GLASS,5.0
COC(=O)Cn1nnnc1Cc1ccc(-c2ccccc2)cc1,ChEMBL,5.0
CCCCCCCC/C=C/C(=O)Nc1ccc(N2CCOCC2)cc1,ChEMBL,5.0
O=C1/C(=C/c2cccc(OCc3ccc(F)cc3)c2)N=C2SCCCN12,ChEMBL,5.0
C=C1CCC2C(C1)c1c(OC)cc(C(C)(C)CCCCCC)cc1OC2(C)C,GLASS,5.0
O=C1/C(=C/c2cccc(OCCCc3ccccc3)c2)N=C2SCCCN12,ChEMBL,5.0
CCCCCCCOCC12c3ccccc3C(c3ccccc31)C1C(=O)NC(=O)C12,ChEMBL,5.0
CCCCCn1cc(C(=O)NC23CC4CC(CC(C4)C2)C3)c(=O)n2nc(N3CCOCC3)nc12,ChEMBL,5.0
COc1cccc(Cc2cc3c(OC)cc(CO[Si](c4ccccc4)(c4ccccc4)C(C)(C)C)cc3oc2=O)c1,ChEMBL,5.0
O=C(c1cc(O)c(-c2ccncc2)c(O)c1)c1cccs1,ChEMBL,5.0
CCN(CC)Cc1ccc(C(=O)c2c(-c3ccc(OCCCCCCCN(C)Cc4ccccc4)cc3)oc3ccccc23)cc1,ChEMBL,5.0
CCN(CC)Cc1cccc(C(=O)c2c(-c3ccc(OCCCCCCCN(C)Cc4ccccc4)cc3)oc3ccccc23)c1,ChEMBL,5.0
N#Cc1cc(-c2c(O)cc(C(=O)c3ccccc3)cc2O)ccc1F,ChEMBL,5.0
CCCCCCC(C)(C)c1cc2c(c(OP(=O)(OCC)OCC)c1)C1CC(C)=CCC1C(C)(C)O2,GLASS,5.0
CC1(C)C(C(=O)c2cn(CC3CCOCC3)c3ccc(OCCCCO)cc23)C1(C)C,ChEMBL,5.0
CCCCCn1cc(C(=O)NC23CC4CC(CC(C4)C2)C3)c(=O)c2cc(C3CCCCC3)ccc21,ChEMBL,5.0
CCN(CC)c1ccc(C(NC(=O)C=Cc2ccccc2)NC(=O)C=Cc2ccccc2)cc1,GLASS,5.0
CCCCCCCCCCCCCCCCNC(=O)c1nc(-c2ccc(Cl)cc2)n(-c2ccc(Cl)cc2)n1,ChEMBL,5.0
CCCCCCCCCCCCCCCCNC(=O)c1nn(-c2ccccc2)c(-c2ccccc2)c1C,ChEMBL,5.0
C=CCn1cc(CC(=O)NC2CCCCCC2)c2cc(-c3ccco3)ccc21,ChEMBL,5.0
CCCCCOC(=O)c1cc(OC)c(-c2cc(C)cc(C)c2)c(OC)c1,ChEMBL,5.0
COc1ccc(-c2oc3ccccc3c2C(=O)c2ccc(N(Cc3ccc(F)cc3)Cc3ccc(F)cc3)cc2)cc1,ChEMBL,5.0
C[C@H](CO)NC(=O)CCC(=O)/C=C/c1ccc2ccccc2c1,ChEMBL,5.0
O=C(c1ccc(O)cc1)c1cc(O)c(-c2cc(Cl)cc(Cl)c2)c(O)c1,ChEMBL,5.0
COc1ccc(C(=O)c2cn(CC3CCOCC3)c3c(OCC(=O)O)cccc23)cc1,ChEMBL,5.0
COc1ccc(-c2oc3ccccc3c2C(=O)c2ccc(-n3cc(COc4cccc(F)c4)nn3)cc2)cc1,ChEMBL,5.0
O=C(/C=C/c1ccc2ccccc2c1)CCC(=O)N(CCO)CCO,ChEMBL,5.0
O=C(/C=C/c1ccc(-c2ccccc2)cc1)CCC(=O)NCCO,ChEMBL,5.0
COc1cccc(Cc2cc3c(OC)cc(Br)cc3oc2=O)c1,ChEMBL,5.0
Cc1c(O)c(C)c2cc(Cc3ccc(F)cc3)c(=O)oc2c1C,ChEMBL,5.0
CCCCC1(c2cc(OC)c3cc(Cc4ccccc4OC)c(=O)oc3c2)CCCCC1,ChEMBL,5.0
COc1ccc(C(=O)c2cn(CCN3CCOCC3)c3ccc(OCC(=O)O)cc23)cc1,ChEMBL,5.0
Cc1cccc(C(=O)c2cc(O)c(-c3cc(Cl)cc(Cl)c3)c(O)c2)c1,ChEMBL,5.0
Clc1ccc2c(c1)nc(Cn1nc3ccccc3n1)n2CC[C@@H]1CCCN2CCCC[C@H]12,ChEMBL,5.0
CC1(C)C(C(=O)c2cn(CCN3CCOCC3)c3cc(O)ccc23)C1(C)C,ChEMBL,5.0
Cc1nc(C)c(C(=O)NCc2ccccc2)s1,ChEMBL,5.0
CCCCCn1cc(C(=O)NC23CC4CC(CC(C4)C2)C3)c(=O)c2cc(/C=C/c3ccccc3)ccc21,ChEMBL,5.0
Cc1c(CCN2CCOCC2)c2cc(OCCF)ccc2n1C(=O)c1cccc(Cl)c1Cl,GLASS,5.0
COC(=O)c1c(NC(=O)C23CC4CC(CC(C4)C2)C3)sc2c1CCSC2,ChEMBL,5.0
CCc1c(C)sc(NC(=O)c2ccc(Cl)cc2)c1C(=O)OC,ChEMBL,5.0
CC1CCC(NC(=O)c2cc3cccnc3n(CCCC(=O)O)c2=O)CC1,ChEMBL,5.0
O=C(/C=C/c1ccc2ccccc2c1)CCCC(=O)NCCO,ChEMBL,5.0
CCCCNC(=O)c1sc(-c2ccccc2)nc1C,ChEMBL,5.0
O=C(c1cc(O)c(-c2cc(Cl)ccc2Cl)c(O)c1)c1cccs1,ChEMBL,5.0
Cn1c(=O)cnn(CCCCN2CCN(c3cccc4ccc(O[11CH3])cc34)CC2)c1=O,ChEMBL,5.0
CCc1cc2c(cc1O)OC1=C(CC[C@@H](C)C1)C2(C)C,ChEMBL,5.0
Cc1c(Br)cc(C(=O)NC2CCNCC2)c(=O)n1Cc1ccc(F)cc1,ChEMBL,5.0
COC(=O)c1c(C)noc1NC(=O)C12CC3CC(CC(C3)C1)C2,ChEMBL,5.0
CCCCCn1cc(C(=O)NC2CCCCC2)c(=O)c2c(-c3ccccc3)nn(C)c21,ChEMBL,5.0
CC1(C)C(C(=O)c2cn(CC3CCOCC3)c3ccc(CO)cc23)C1(C)C,ChEMBL,5.0
CCCCCCC(C)(C)c1cc(OC)c(C2C=C(CO)C3CC2C3(C)C)c(OC)c1,GLASS,5.0
CCCCCOc1c(OC)ccc2cc(C(=O)NCCc3ccc(OC)cc3)c(Cl)nc12,ChEMBL,5.0
CCCCCn1cc(C(=O)NC23CC4CC(CC(C4)C2)C3)c(=O)c2cc(-c3c(C)noc3C)ccc21,ChEMBL,5.0
O=C(CCCCCCCCCCOc1cc(O)cc(O)c1)NCCO,ChEMBL,5.0
CCCCCCC(C)(C)c1cc(O)cc(OCCCCCCCCCCC(=O)OCC(O)CO)c1,ChEMBL,5.0
Cc1c(O)ccc2c1OC1=C(CC[C@@H](C)C1)C2(C)C,ChEMBL,5.0
CCCCCCCNCC12c3ccccc3C(c3ccccc31)C1C(=O)NC(=O)C12,ChEMBL,5.0
Cc1ccc(Cc2cc3c(O)cc(C)cc3oc2=O)cc1,ChEMBL,5.0
CCCCCCCC/C=C\CCCCCCCCCCCC(=O)NCc1ccc(OC)cc1,ChEMBL,5.0
CCCCCCCC/C=C\CCCCCCCC(=O)N(O)CCO,ChEMBL,5.0
COc1ccc(/C=C/C(=O)CCC(=O)Nc2ccc(O)cc2)cc1,ChEMBL,5.0
COc1ccc(/C=C2\N=C3SCCCN3C2=O)cc1OC,ChEMBL,5.0
CCCCCn1cc(C(=O)NC23CC4CC(CC(C4)C2)C3)c(=O)n2nc(-c3c(Cl)cccc3Cl)cc12,ChEMBL,5.0
O=C1/C(=C/c2ccc(Br)cc2)N=C2SCCCN12,ChEMBL,5.0
Cc1cc(O)c2cc(Cc3ccccc3C)c(=O)oc2c1,ChEMBL,5.0
O=C1/C(=C/c2ccc(F)cc2F)N=C2SCCCN12,ChEMBL,5.0
COc1ccc(-c2oc3ccccc3c2C(=O)c2ccc(NCc3ccccn3)cc2)cc1,ChEMBL,5.0
Cc1c(C(=O)NC2(C#N)CCOCC2)nn(-c2ccccc2Br)c1-c1ccccc1,ChEMBL,5.0
CCCn1cccc(C(=O)NC2CCC(C)CC2)c1=O,ChEMBL,5.0
CCN(CC)CCn1c(Cc2ccc(Cl)cc2)nc2cc(C(C)=O)ccc21,ChEMBL,5.0
Cc1c(CCN2CCOCC2)c2cc(OCC[18F])ccc2n1C(=O)c1cccc(Cl)c1Cl,ChEMBL,5.0
CCCCCOC(=O)c1cc(O)c(-c2ccccc2)c(O)c1,ChEMBL,5.0
Cc1nc(C(=O)NC23CC4CC(CC(C4)C2)C3)c(Br)n1-c1ccccc1,ChEMBL,5.0
CCCCCn1cc(C(=O)NC2CCCCC2)c(=O)n2nc(SC)nc12,ChEMBL,5.0
O=C(CCC(=O)N1CCOCC1)c1ccc(-c2ccccc2)cc1,ChEMBL,5.0
COc1ccc(/C=C/C(=O)CCC(=O)N2CCCCC2)cc1OC,ChEMBL,5.0
COC(=O)c1c(NC(=O)C23CC4CC(CC(C4)C2)C3)sc(C)c1C,ChEMBL,5.0
CCCCCCc1ccc(OCCCCCCOC(CO)CO)cc1O,ChEMBL,5.0
COc1c(C)c(C)c2oc(=O)c(Cc3ccc(F)cc3)cc2c1C,ChEMBL,5.0
COC(=O)c1cccnc1NC(=O)C12CC3CC(CC(C3)C1)C2,ChEMBL,5.0
CCCCc1[nH]c2ccc(Br)cc2c(=O)c1C(=O)NC12CC3CC(CC(C3)C1)C2,ChEMBL,5.0
CCCCCn1cc(C(=O)NC23CC4CC(CC(C4)C2)C3)c(=O)n2nc(-c3cc(C)cs3)cc12,ChEMBL,5.0
O=C(c1ccccc1)c1cc(O)c(-c2ccsc2)c(O)c1,ChEMBL,5.0
CCCCCOc1c(OC)ccc2cc(C(=O)NCCc3ccc(F)cc3)c(=O)[nH]c12,ChEMBL,5.0
O=C(CCCCCCCCCCCCCCCOc1cccc(O)c1)NCCO,ChEMBL,5.0
O=C(CCCCCCCCCCOc1cccc(O)c1)NC1CC1,ChEMBL,5.0
COC(=O)c1ccsc1NC(=O)C12CC3CC(CC(C3)C1)C2,ChEMBL,5.0
COc1cc(C(=O)O)cc(OC)c1-c1cc(C)cc(C)c1,ChEMBL,5.0
Cc1cccc(Cn2cc(C(=O)N[C@@H]3C(C)(C)C4CC[C@]3(C)C4)c(=O)c3ccc(F)cc32)c1,ChEMBL,5.0
O=C(/C=C/C=C/c1ccc2c(c1)-c1ccccc1C2)NC1CC1,ChEMBL,5.0
CCCCCn1cc(C(=O)NC23CC4CC(CC(C4)C2)C3)c(=O)n2nc(-c3ccc(C)s3)cc12,ChEMBL,5.0
CCCCCn1cc(C(=O)NC23CC4CC(CC(C4)C2)C3)c(=O)n2nc(-c3ccco3)cc12,ChEMBL,5.0
CSc1c(C(=O)NC23CC4CC(CC(C4)C2)C3)nc(C)n1-c1ccccc1,ChEMBL,5.0
Cc1c(C(=O)N(C)C2(C#N)CCOCC2)nn(-c2ccccc2Cl)c1-c1ccccc1,ChEMBL,5.0
Cc1ccc(Cn2cc(C(=O)NC3CCCCC3)c(=O)c3c(C)nn(C)c32)cc1,ChEMBL,5.0
CCCCCn1cc(C(=O)NC23CC4CC(CC(C4)C2)C3)c(=O)c2cc(-c3ccc(F)cc3F)ccc21,ChEMBL,5.0
COc1ccc2cc(C(=O)NCc3ccc(F)cc3)c(=O)[nH]c2c1OC,ChEMBL,5.0
CCCCCn1cc(C(=O)NC23CC4CC(CC(C4)C2)C3)c(=O)c2cc(Cc3ccc(Cl)cc3Cl)ccc21,ChEMBL,5.0
CCCCCCc1ccc(OCCCCCCCCCCCCCCCC(=O)Nc2ccc(O)cc2)cc1O,ChEMBL,5.0
O=S(=O)(c1ccccc1F)c1cc(Cl)ccc1S(=O)(=O)N1CCC2(CC1)CCN(S(=O)(=O)C(F)(F)F)C2,ChEMBL,5.0
Cc1c(O)c(C)c2cc(Cc3ccccc3)c(=O)oc2c1C,ChEMBL,5.0
COc1cccc2c(=O)c(C(=O)NC34CC5CC(CC(C5)C3)C4)c[nH]c12,ChEMBL,5.0
Cc1c(C(=O)NC2(C#N)CCOCC2)nn(-c2cccc(Br)c2)c1-c1ccccc1,ChEMBL,5.0
C[N+]1(CCn2cc(C(=O)c3cccc4ccccc34)c3ccccc32)CCOCC1.[I-],ChEMBL,5.0
CCCCCCCC/C=C\CCCCCCCCCC(=O)NCCO,ChEMBL,5.0
COc1ccc(CNc2ccc(C(=O)c3c(-c4ccc(OC)cc4)oc4ccccc34)cc2)cc1,ChEMBL,5.0
CCCCCn1cc(C(=O)NC23CC4CC(CC(C4)C2)C3)c(=O)c2cc(-c3ccc(O)cc3)ccc21,ChEMBL,5.0
CCCCCCCCCCC[C@@H](C[C@@H]1OC(=O)[C@H]1CCCCCC)OC(=O)CNC=O,ChEMBL,5.0
CC(C)C[C@@H]1COc2cccc3c(=O)c(C(=O)NC45CC6CC(CC(C6)C4)C5)cn1c23,ChEMBL,5.0
Cc1ccc(C(C)C)c2cc(Cc3ccccc3)c(=O)oc12,ChEMBL,5.0
Cc1ccccc1Cc1cc2c(C)c(O)c(C)c(C)c2oc1=O,ChEMBL,5.0
CCCCCn1cc(C(=O)NC23CC4CC(CC(C4)C2)C3)c(=O)n2nc(-c3ccccc3Cl)cc12,ChEMBL,5.0
CCOC(=O)CNC(=O)/C=C/C=C/c1ccc2c(c1)-c1ccccc1C2,ChEMBL,5.0
CCCCCc1cc(O)cc(OCCCCCCCCCCCCCCCC(=O)NC2CC2)c1,ChEMBL,5.0
CCCCCCC(C)(C)c1cc(O)cc(OCCCCCCCCCCC(=O)NC23CC4CC(CC(C4)C2)C3)c1,ChEMBL,5.0
COC(=O)c1cc(-c2ccccc2)sc1NC(=O)C12CC3CC(CC(C3)C1)C2,ChEMBL,5.0
CC1(C(=O)c2cn(CCN3CCOCC3)c3ccccc23)CC1(Cl)Cl,ChEMBL,5.0
CCCCCn1cc(C(=O)NC23CC4CC(CC(C4)C2)C3)c(=O)c2cc(-c3ccc(Cl)s3)ccc21,ChEMBL,5.0
CCNC(=O)c1c(NC(=O)C23CC4CC(CC2C4)C3)sc2c1CCOC2,ChEMBL,5.0
Cc1ccc(-c2cc3ncccc3c3cc(C(=O)NC4CCCCC4)nn23)cc1,ChEMBL,5.0
CCCCCn1cc(C(=O)NC23CC4CC(CC(C4)C2)C3)c(=O)c2cc(-c3ccccc3)ccc21,ChEMBL,5.0
CCNC(=O)NCCCCCOc1cccc2ccccc12,ChEMBL,5.0
CCCCCOc1c(OC)ccc2cc(C(=O)NCCc3ccc(Cl)cc3)c(Cl)nc12,ChEMBL,5.0
COc1ccccc1Cc1cc2c(C)ccc(C)c2oc1=O,ChEMBL,5.0
CC1(C)C(C(=O)c2cn(CCN3C(=O)CCC3=O)c3ccccc23)C1(C)C,ChEMBL,5.0
COc1ccc(C(=O)n2c(C3CCC3)nc3ccccc32)cc1,ChEMBL,5.0
CCOC(=O)c1c(NC(=O)CCc2ccccc2)sc2c1CCCC2,ChEMBL,5.0
CCCNC(=O)c1c(NC(=O)c2c(F)cccc2C(F)(F)F)sc2c1CCOC2,ChEMBL,5.0
COc1ccc(C(=O)c2cn(CCN3CCOCC3)c3ccc(OCCCCCCC(=O)NCCOCCOCCNC(=O)CCCCCNC(=O)COc4ccc(/C=C/C5=[N+]6C(=Cc7ccc(-c8cccs8)n7[B-]6(F)F)C=C5)cc4)cc23)cc1,ChEMBL,5.0
COc1ccc(C(=O)c2cn(CC3CCOCC3)c3c(OCCCCC(=O)NCCOCCOCCNC(C)=O)cccc23)cc1,ChEMBL,5.0
O=C(O)CCCCn1cc(C(=O)c2cccc3ccccc23)c2ccccc21,ChEMBL,5.0
COc1ccc(C(=O)c2cn(CCN3CCOCC3)c3ccc(O)cc23)cc1,ChEMBL,5.0
CN(CCCCCCCOc1ccc(-c2oc3ccccc3c2C(=O)c2ccc3ccccc3c2)cc1)Cc1ccccc1,ChEMBL,5.0
CN1CCCC1CCn1cc(C(=O)C2C(C)(C)C2(C)C)c2ccccc21,ChEMBL,5.0
CC1(C)C(C(=O)c2cn(CCCN3CCOCC3)c3ccccc23)C1(C)C,ChEMBL,5.0
Cc1nc(-c2ccccc2)sc1C(=O)NCc1ccc(F)cc1,ChEMBL,5.0
O=C(Nc1nc2ccccc2s1)c1ccc(C(F)(F)F)cc1,ChEMBL,5.0
C[C@@H]1CCC2=C(C1)c1ccc(O)cc1OC2(C)C,ChEMBL,5.0
CCCCCn1cc(C(=O)NC23CC4CC(CC(C4)C2)C3)c(=O)c2cc(-n3ccnc3)ccc21,ChEMBL,5.0
CCCn1c(C)c(C(=O)c2cccc3cc(OC)ccc23)c2ccccc21,ChEMBL,5.0
O=C(c1cn(CCN2CCOCC2)c2ccc(O)cc12)C1CCCCC1,ChEMBL,5.0
CCOC(=O)CNC(=O)CCC(=O)/C=C/c1ccc2ccccc2c1,ChEMBL,5.0
Cn1cc(C(=O)N[C@@H]2C(C)(C)C3CC[C@]2(C)C3)c(=O)c2ccc(F)cc21,ChEMBL,5.0
COc1ccc(-c2cc(C(=O)NC3CCCCCC3)c(OCc3ccc(F)cc3)nc2C)cc1,ChEMBL,5.0
COC(=O)c1c(NC(=O)C23CC4CC(CC(C4)C2)C3)sc2c1CCCC2,ChEMBL,5.0
O=C(c1cc(O)c(-c2cccc(CO)c2)c(O)c1)c1cccs1,ChEMBL,5.0
CCN(CC)CCCn1c(Cc2ccc(OC)cc2)nc2cc(C(F)(F)F)ccc21,ChEMBL,5.0
CC1(C)C(C(=O)c2cn(CCN3CCOCC3)c3ccc(O)cc23)C1(C)C,ChEMBL,5.0
CC1(C)C(C(=O)c2cn(CC3CCOCC3)c3ccc(OCCCCBr)cc23)C1(C)C,ChEMBL,5.0
O=C1NC(SCc2ccccc2)=N/C1=C\c1cccc(OCc2ccc(Cl)cc2)c1,ChEMBL,5.0
CCCNC(=O)c1c(NC(=O)C23CC4CC(CC(C4)C2)C3)sc2c1CCOC2,ChEMBL,5.0
CCCCCn1cc(C(=O)NC23CC4CC(CC(C4)C2)C3)c(=O)c2cc(-c3ccc(Cl)cc3)ccc21,ChEMBL,5.0
COC(C)(C)/C=C/C[C@]1(C)[C@@H](O)CC[C@@]2(C)[C@H]1CC[C@H]1Cc3c([nH]c4ccccc34)[C@@]12C,ChEMBL,5.0
CCOC(=O)CNC(=O)CCCC(=O)/C=C/c1ccc2ccccc2c1,ChEMBL,5.0
Cc1cc(C)cc(C(=O)c2cc(O)c(-c3cc(Cl)cc(Cl)c3)c(O)c2)c1,ChEMBL,5.0
COc1ccc(-c2cnc3c(c2)cc(C(=O)NC2CCC(C)CC2)c(=O)n3CCN2CCOCC2)cc1,ChEMBL,5.0
O=C(/C=C/c1ccc2ccccc2c1)CCC(=O)NCCO,ChEMBL,5.0
Cc1ccc(-c2cc(S(=O)(=O)NCC3CCC4CC3C4(C)C)nnc2-c2ccc(C)cc2)cc1,ChEMBL,5.0
O=C(Nc1nc2ccccc2s1)c1cccc(C(F)(F)F)c1,ChEMBL,5.0
COC(=O)c1cc(O)c(-c2cc(C)cc(C)c2)c(O)c1,ChEMBL,5.0
CC(=O)N[C@@H]1[C@@H](O)[C@H](O)[C@@H](CO)O[C@H]1NC(=O)c1cc(Br)c(C)n(Cc2ccc(F)cc2)c1=O,ChEMBL,5.0
CCCCCn1cc(C(=O)NC2CCCCCC2)c(=O)n2nc(-c3ccc(Cl)cc3Cl)cc12,ChEMBL,5.0
CCCCCn1cc(C(=O)NC2CCCCC2)c(=O)n2nc(-c3ccco3)cc12,ChEMBL,5.0
CC1(C)C(C(=O)c2cn(CCC3CCNCC3)c3ccccc23)C1(C)C,ChEMBL,5.0
C=CCc1ccc(O)c(-c2cc(CC(O)CO)ccc2O)c1,ChEMBL,5.0
C[C@H]1CC[C@H](NC(=O)c2cc3cc(-c4ccco4)cnc3n(Cc3ccc(F)cc3)c2=O)CC1,ChEMBL,5.0
CCCCCCCCCCCCCCCC(=O)N[C@@H]1C[C@@H]1O,ChEMBL,5.0
CCOC(=O)/C(=C/c1cn(CCN2CCCCC2)c2ccccc12)C(=O)c1ccccc1,ChEMBL,5.0
C/C=C/c1ccc(O)c(-c2cc(/C=C/C)ccc2O)c1,ChEMBL,5.0
CCCCCn1cc(C(=O)NC23CC4CC(CC(C4)C2)C3)c(=O)n2nc(SC)nc12,ChEMBL,5.0
CCOC(=O)c1c(NS(=O)(=O)c2ccc3ccccc3c2)sc2c1CCCC2,ChEMBL,5.0
CCCCCc1cc(O)cc(OCCCCCCCCCCC(=O)NCc2ccccc2)c1,ChEMBL,5.0
CCS(=O)(=O)NCCCCCSc1ccc2ccccc2c1,ChEMBL,5.0
CC1(C)C(C(=O)c2cn(C(=O)CC3CCOCC3)c3ccccc23)C1(C)C,ChEMBL,5.0
Cc1cc(C)cc(-c2c(O)cc(C(=O)O)cc2O)c1,ChEMBL,5.0
CCc1c(C)sc(NC(=O)c2ccc(F)cc2)c1C(=O)OC,ChEMBL,5.0
COC(=O)c1c(-c2ccccc2)csc1NC(=O)C12CC3CC(CC(C3)C1)C2,ChEMBL,5.0
CCCCCc1cc(O)cc(OCCCCCCCCCCC(=O)OCC(O)CO)c1,ChEMBL,5.0
Cc1c(C(=O)NC2(C#N)CCOCC2)nn(-c2ccccc2I)c1-c1ccccc1,ChEMBL,5.0
O=C(c1cn(CCN2CCOCC2)c2ccccc12)C12CC3CC(CC1C3)C2,ChEMBL,5.0
CCCCCCCC/C=C\CCCCCCCC(=O)Nc1ccc(N2CCOCC2)cc1,ChEMBL,5.0
COc1ccc(C(=O)c2cn(CC3CCOCC3)c3c(OCCCCC(=O)O)cccc23)cc1,ChEMBL,5.0
CCCCCCN1C(=O)C2C3c4ccccc4C(c4ccccc43)C2C1=O,ChEMBL,5.0
O=C(Nc1ccc2ccccc2c1)c1nc2ccccc2s1,ChEMBL,5.0
CCCCCCCOCC12c3ccccc3C(c3ccccc31)C1C(=O)N(CCCCCCC)C(=O)C12,ChEMBL,5.0
O=C(Cc1c[nH]c2ccc(-c3ccccc3)cc12)NC12CC3CC(CC(C3)C1)C2,ChEMBL,5.0
CC1(C)C(C(=O)c2cn(CCN3CCOCC3)c3cccc([N+](=O)[O-])c23)C1(C)C,ChEMBL,5.0
COc1cc(C(=O)c2ccc(Cl)cc2)cc(O)c1-c1cc(Cl)cc(Cl)c1,ChEMBL,5.0
O=C(O)CCCn1cc(C(=O)c2cccc3ccccc23)c2ccccc21,ChEMBL,5.0
O=C(c1cn(CCN2CCOCC2)c2ccccc12)C1CCCC1,ChEMBL,5.0
COC(=O)c1cc(O)c(-c2cc(C)cc(C)c2)c(OC)c1,ChEMBL,5.0
COc1ccc(C(=O)n2c(C(C)C)nc3ccccc32)cc1,ChEMBL,5.0
CCCCOc1c(OC)ccc2cc(C(=O)NCCCF)c(=O)[nH]c12,ChEMBL,5.0
O=C1/C(=C/c2cccc(OCCCCCOc3ccc(Cl)cc3)c2)N=C2SCCCN12,ChEMBL,5.0
CCCCCCCN1C(=O)C2C3c4ccccc4C(Cl)(c4ccccc43)C2C1=O,ChEMBL,5.0
CCCCCCCNCC12c3ccccc3C(c3ccccc31)C1C(=O)N(CCCCCCC)C(=O)C12,ChEMBL,5.0
Cc1cc(C(=O)NC2CCCCC2)c(C)n1-c1ccccc1,ChEMBL,5.0
O=C1/C(=C/c2ccc(Cl)cc2)N=C2SCCCN12,ChEMBL,5.0
O=C1/C(=C/c2ccccc2Cl)N=C2SCCCN12,ChEMBL,5.0
CCCCCn1cc(C(=O)NC23CC4CC(CC(C4)C2)C3)c(=O)c2cc(-c3ccc(-c4ccccc4)cc3)ccc21,ChEMBL,5.0
CCOC(=O)c1cc(-c2ccccc2)sc1NC(=O)c1cccc2ccccc12,ChEMBL,5.0
CC(C)(O)COc1ccc(C(F)(F)F)cc1-c1nnc2c(C(C)(C)C)nn(C[C@H]3CCCO3)c2n1,ChEMBL,5.0
O=C(/C=C/c1ccc2ccccc2c1)CCC(=O)NC1CC1,ChEMBL,5.0
CCCCCCc1ccc(OCCCCCCCCCCCNC(=O)C2CC2)cc1O,ChEMBL,5.0
CCCCn1cc(C(=O)NC2CCCC2)c(=O)c2cccc(OC)c21,ChEMBL,5.0
CCCCCCCC(C)(C)c1cc(OC)c2cc(Cc3ccccc3OC)c(=O)oc2c1,ChEMBL,5.0
CCCCCn1cc(C(=O)NC23CC4CC(CC(C4)C2)C3)c(=O)c2cc(-c3ccc(C#N)cc3)ccc21,ChEMBL,5.0
CCCc1nc2ccccc2n1C(=O)c1cccc2ccccc12,ChEMBL,5.0
COC(=O)c1[nH]ccc1NC(=O)C12CC3CC(CC(C3)C1)C2,ChEMBL,5.0
O=C1N=C2SCCCN2C1(c1ccccc1)c1ccccc1,ChEMBL,5.0
O=C1N=C2SCCN2C1(c1ccccc1)c1ccccc1,ChEMBL,5.0
CC1(C)C(C(=O)c2cn(CCC(N)=O)c3ccccc23)C1(C)C,ChEMBL,5.0
CCS(=O)(=O)NCCCCCOc1ccc2ccccc2c1,ChEMBL,5.0
CCOC(=O)c1cc(-c2ccccc2)sc1NS(=O)(=O)c1cccc2ccccc12,ChEMBL,5.0
COc1ccc(-c2cc(Cc3ccc(F)cc3)c(OC)c(C(=O)NC3CCCCCC3)c2)cc1,ChEMBL,5.0
CCCCCCCCCCCCCCCC(=O)ONCCO,ChEMBL,5.0
COc1ccc2cc(C(=O)NCCF)c(=O)[nH]c2c1OC,ChEMBL,5.0
COc1ccc(-c2cc(C)c(OC)c(C(=O)NC3CCCCCC3)c2)cc1,ChEMBL,5.0
CC1(C)C(C(=O)c2cn(CCN3CCNCC3)c3ccccc23)C1(C)C,ChEMBL,5.0
CN(C)C(=O)Cn1nnnc1Cc1ccc(-c2ccccc2)cc1,ChEMBL,5.0
CCN(CC)CCn1c(Cc2ccc(OC)cc2)nc2cc(C(F)(F)F)ccc21,ChEMBL,5.0
CCN(CC)CCn1c(-c2ccc(OC)cc2)nc2cc(C(F)(F)F)ccc21,ChEMBL,5.0
CCCCCCc1ccc(O)cc1OCCCCCCCCCCC(=O)NC(CO)CO,ChEMBL,5.0
CN(C)CCn1c(Cc2ccc(Cl)c(Cl)c2)nc2cc(C(F)(F)F)ccc21,ChEMBL,5.0
COC(=O)c1c(NC(=O)Oc2ccccc2)sc2c1CCCC2,ChEMBL,5.0
O=C(O)c1ccc(-c2cc(C(=O)N[C@@H]3CCCC[C@H]3O)cnc2OCC2CC2)cc1,ChEMBL,5.0
CCCCCn1cc(C(=O)NC2CCCCC2)c(=O)c2c(C(C)(C)C)nn(C)c21,ChEMBL,5.0
COc1ccc(-c2c(Br)cn(Cc3ccc(F)cc3)c(=O)c2C(=O)NC2CCCCCC2)cc1,ChEMBL,5.0
COc1ccc(-c2oc3ccccc3c2C(=O)c2ccc(N(Cc3cc(F)cc(F)c3)Cc3cc(F)cc(F)c3)cc2)cc1,ChEMBL,5.0
CCCCn1cc(C(=O)NCC2CC2)c(=O)c2cccc(OC)c21,ChEMBL,5.0
C=CCCn1cc(C(=O)NC23CC4CC(CC(C4)C2)C3)c(=O)c2cc(-c3ccco3)ccc21,ChEMBL,5.0
CCOCCn1cc(C(=O)NC23CC4CC(CC(C4)C2)C3)c(=O)c2cccc(OC)c21,ChEMBL,5.0
O=C(/C=C/c1ccc2ccccc2c1)CCCC(=O)NC1CC1,ChEMBL,5.0
CCCCCn1cc(-c2nnc(C34CC5CC(CC(C5)C3)C4)o2)c(=O)c2cc(-c3ccco3)ccc21,ChEMBL,5.0
Cc1ccc(CSC2=N/C(=C\c3cccc(OCc4ccc(Cl)cc4)c3)C(=O)N2C)cc1,ChEMBL,5.0
COc1cc(C(=O)c2ccc(C)cc2)cc(OC)c1-c1cc(Cl)cc(Cl)c1,ChEMBL,5.0
CCOc1ccc(Cc2nc3cc(C(C)=O)ccc3n2CCN(CC)CC)cc1,ChEMBL,5.0
CC1(C)C2CC[C@@H](CNC(=O)c3cc4c5cccnc5cc(-c5ccc(Cl)cc5Cl)n4n3)C1C2,ChEMBL,5.0
COc1cccc2c(=O)c(C(=O)NC(C)(C)C)cn(CCCF)c12,ChEMBL,5.0
CCOC(=O)/C(=C/c1cn(CCN2CCOCC2)c2ccccc12)C(=O)c1ccccc1,ChEMBL,5.0
CCCCCn1cc(C(=O)NC2CCCCCC2)c(=O)c2c(-c3ccc(Cl)cc3)nn(C)c21,ChEMBL,5.0
C[C@@H]1COc2cccc3c(=O)c(C(=O)NC45CC6CC(CC(C6)C4)C5)cn1c23,ChEMBL,5.0
CCOC(=O)c1c(NS(=O)(=O)c2ccc(Cl)cc2)sc2c1CCCC2,ChEMBL,5.0
CCOC(=O)c1cc(-c2ccccc2)sc1NS(=O)(=O)c1ccc(Cl)cc1,ChEMBL,5.0
CC(C)c1ccc(/C=C2\N=C3SCCCN3C2=O)cc1,ChEMBL,5.0
CCCCc1ccc(C(=O)c2cc(O)c(-c3cc(Cl)cc(Cl)c3)c(O)c2)cc1,ChEMBL,5.0
C=CCn1cc(C(=O)NC2CCCCC2)c(=O)c2c(C)nn(C)c21,ChEMBL,5.0
COc1cc(C)cc2oc(=O)c(Cc3ccccc3)cc12,ChEMBL,5.0
C1=C(CCN2CCOCC2)c2ccccc2/C1=C/c1ccco1,ChEMBL,5.0
O=C(c1cccc2ccccc12)n1c(C2CCCC2)nc2ccccc21,ChEMBL,5.0
CCc1cccc(C(=O)c2cc(O)c(-c3cc(Cl)cc(Cl)c3)c(O)c2)c1,ChEMBL,5.0
O=C(Cc1cn(Cc2ccccc2)c2ccc(-c3ccccc3)cc12)NC12CC3CC(CC(C3)C1)C2,ChEMBL,5.0
CCCCn1cc(CC(=O)NC23CC4CC(CC(C4)C2)C3)c2cc(-c3ccccc3)ccc21,ChEMBL,5.0
CCC1COc2cccc3c(=O)c(C(=O)N(C(C)C)C(C)C)cn1c23,ChEMBL,5.0
Cc1nc(-c2ccccc2)sc1C(=O)NC1CCCC1,ChEMBL,5.0
CCCNC(=O)c1c(NC(=O)C2CC3CCC2C3)sc2c1CCOC2,ChEMBL,5.0
COc1ccc(Cc2nc3cc(C(C)=O)ccc3n2C[C@@H]2CCCN3CCCC[C@H]23)cc1,ChEMBL,5.0
CC(=O)Cn1nnc(CNC(=O)c2ccc(-c3ccccc3)cc2)n1,ChEMBL,5.0
CCCCCCCN1C(=O)C2C3c4ccccc4C(C)(c4ccccc43)C2C1=O,ChEMBL,5.0
N#CCn1nnc(CNC(=O)c2ccc(-c3ccccc3)cc2)n1,ChEMBL,5.0
Cc1c(C(=O)NC2(C#N)CCCCC2)nn(-c2ccccc2Br)c1-c1ccccc1,ChEMBL,5.0
O=C(c1ccccc1)c1cc(O)c(-c2ccnc(F)c2)c(O)c1,ChEMBL,5.0
O=C(/C=C/c1ccc2ccccc2c1)CCC(=O)N1CCCCC1,ChEMBL,5.0
COc1ccc(C(=O)n2c(-c3ccc(OC)cc3)nc3ccccc32)cc1,ChEMBL,5.0
COc1ccc(C(=O)n2c(CC(C)C)nc3ccccc32)cc1,ChEMBL,5.0
O=C(c1ccccc1)c1cc(O)c(-c2cc(Cl)ccc2Cl)c(O)c1,ChEMBL,5.0
O=C(NCc1ccccc1)c1nc2ccccc2s1,ChEMBL,5.0
O=C(c1ccccc1)c1cc(O)c(-c2ccoc2)c(O)c1,ChEMBL,5.0
Cc1ccc(C(=O)Oc2cccc(/C=C3\N=C4SCCCCN4C3=O)c2)cc1,ChEMBL,5.0
Cc1nc2ccccc2n1C(=O)c1cccc2ccccc12,ChEMBL,5.0
CC(C)(O)COc1ccc(C(F)(F)F)cc1C(=O)Nc1cc(C(C)(C)C)nn1C[C@H]1CCCO1,ChEMBL,5.0
O=C1/C(=C/c2cccc(Oc3ccccc3)c2)N=C2SCCCN12,ChEMBL,5.0
O=C1/C(=C/c2cccc(OCc3ccccc3Cl)c2)N=C2SCCCN12,ChEMBL,5.0
CCCCCCCC/C=C\CCCCCCCCCCCC(=O)NCCc1ccc(OC)cc1,ChEMBL,5.0
CCCCCc1cc(O)cc(OCCCCCCCCCCC(=O)NC23CC4CC(CC(C4)C2)C3)c1,ChEMBL,5.0
CCCCCCc1ccc(OCCCCCCCCCCC(=O)OC(CO)CO)cc1O,ChEMBL,5.0
C=CCCCCCCCCC(=O)NCCc1ccc(OC)cc1OC,ChEMBL,5.0
CCCCCn1cc(C(=O)NC23CC4CC(CC(C4)C2)C3)c(=O)c2cccc(OC)c21,ChEMBL,5.0
CCCCCCC(C)(C)c1cc(OC)cc(OCCCCCCCCCCC(=O)NC(CO)CO)c1,ChEMBL,5.0
CO[C@@H]1O[C@H](CNC(=O)c2cc(Br)c(C)n(Cc3ccc(F)cc3)c2=O)[C@H](O)[C@H](O)[C@H]1O,ChEMBL,5.0
CC1CCC(NC(=O)c2c(O)c3cccnc3n(CCCO)c2=O)CC1,ChEMBL,5.0
O=C1NC(=O)C2C3c4ccccc4C(c4ccccc43)C12,ChEMBL,5.0
CCCCCn1cc(C(=O)NC23CC4CC(CC(C4)C2)C3)c(=O)c2cc(C3=CCCCC3)ccc21,ChEMBL,5.0
Cc1ccc(-c2cc3ncccc3c3cc(C(=O)NC4C5CC(C[C@@H]4C)C5(C)C)nn23)cc1,ChEMBL,5.0
CCCCCCCCN1C(=O)C2C3c4ccccc4C(c4ccccc43)C2C1=O,ChEMBL,5.0
CCCCCn1cc(C(=O)NC23CC4CC(CC(C4)C2)C3)c(=O)n2nc(-c3ccc(C)cc3)cc12,ChEMBL,5.0
CCCCCn1cc(C(=O)NC23CC4CC(CC(C4)C2)C3)c(=O)n2nc(-c3ccccc3C)cc12,ChEMBL,5.0
O=C(c1ccccc1)c1cc(O)c(-c2cccc(CO)c2)c(O)c1,ChEMBL,5.0
O=C1NC(SCCc2ccccc2)=N/C1=C\c1cccc(OCc2ccc(Cl)cc2)c1,ChEMBL,5.0
COc1ccc(-c2oc3ccccc3c2C(=O)c2ccc(N(Cc3ccccc3)Cc3ccccc3)cc2)cc1,ChEMBL,5.0
CCOC(=O)c1c(N)sc2c1CCCC2,ChEMBL,5.0
Cc1cc(C(=O)O)c(C)n1-c1ccccc1,ChEMBL,5.0
O=C(c1ccccc1)c1cc(O)c(-c2ccc3c(c2)OCCO3)c(O)c1,ChEMBL,5.0
COCCNC(=O)c1c(NC(=O)C23CC4CC(CC2C4)C3)sc2c1CCOC2,ChEMBL,5.0
CCCCc1ccc(C(=O)c2cc(OC)c(-c3cc(Cl)cc(Cl)c3)c(OC)c2)cc1,ChEMBL,5.0
O=C(Nc1cccc2ccccc12)c1nc2ccccc2s1,ChEMBL,5.0
CCCn1c(C)c(C(=O)c2cccc3cccc(Cl)c23)c2ccccc21,ChEMBL,5.0
O=C1NC(=S)N/C1=C\c1cccc(OCc2ccc(Cl)cc2)c1,ChEMBL,5.0
CN(CCCCCCCOc1ccc(-c2oc3ccccc3c2C(=O)c2cccc3ccccc23)cc1)Cc1ccccc1,ChEMBL,5.0
CCN(CC)CCOc1ccc(C(=O)c2c(-c3ccc(OCCCCCCCN(C)Cc4ccccc4)cc3)oc3ccccc23)cc1,ChEMBL,5.0
CC1(C)C(C(=O)c2cn(CCC(=O)O)c3ccccc23)C1(C)C,ChEMBL,5.0
CCCCCCCN1C(=O)C2C3c4ccccc4C(Br)(c4ccccc43)C2C1=O,ChEMBL,5.0
CCS(=O)(=O)NCCCCCOc1ccc2c(c1)OCO2,ChEMBL,5.0
CCCCCCc1ccc(OCCCCCCCCCCC(=O)OCC(O)CO)cc1O,ChEMBL,5.0
CCc1sc2ccccc2c1C(=O)c1ccc(OC)cc1,ChEMBL,5.0
Cc1ccc(-c2cc3ncccc3c3cc(C(=O)NC4C5CC6CC(C5)CC4C6)nn23)cc1,ChEMBL,5.0
COc1cc(C(=O)c2ccc(Cl)cc2)cc(OC)c1-c1cc(Cl)cc(Cl)c1,ChEMBL,5.0
CCCCCn1cc(C(=O)NC23CC4CC(CC(C4)C2)C3)c(=O)n2nc(-c3ccc(Cl)cc3Cl)cc12,ChEMBL,5.0
CCCCCCCCCCCCCCCC(=O)N(O)CCO,ChEMBL,5.0
O=C(NC1CCCCCC1)c1c(-c2ccccc2)c(-c2ccccc2)cn(Cc2ccc(F)cc2)c1=O,ChEMBL,5.0
CCCCCn1cc(C(=O)NC2CCCCC2)c(=O)n2nc(-c3ccccc3Cl)cc12,ChEMBL,5.0
O=C1NC(SCc2ccc(Cl)cc2)=N/C1=C\c1cccc(OCc2ccc(Cl)cc2)c1,ChEMBL,5.0
O=C(c1ccc(C(F)(F)F)cc1)c1cc(O)c(-c2cc(Cl)cc(Cl)c2)c(O)c1,ChEMBL,5.0
O=[N+]([O-])c1ccc2c(c1)c(OCc1ccc3ccccc3c1)nn2Cc1ccc2ccccc2c1,ChEMBL,5.0
CCCCCCC(C)(C)c1cc(OC)c(C2(O)CCOCC2)c(OC)c1,ChEMBL,5.0
CN1CCc2c(c3cccc4c3n2CCc2ccccc2-4)C1,ChEMBL,5.0
CCCCCCC(C)(C)c1cc(OC)c(C2=C[C@H]3CC[C@]2(C(=O)OC)C3(C)C)c(OC)c1,ChEMBL,5.0
CCOC(=O)CNC(=O)/C=C/C=C/c1ccc2ccccc2c1,ChEMBL,5.0
CCOC(=O)CNC(=O)CCCCCOc1ccc2ccccc2c1,ChEMBL,5.0
Cc1ccc(-c2cc3ncccc3c3cc(C(=O)NC[C@@H]4CCC5CC4C5(C)C)nn23)cc1,ChEMBL,5.0
CC1CCC(NC(=O)c2cc3cccnc3n(CCCCO)c2=O)CC1,ChEMBL,5.0
COc1ccc2cc(C(=O)NCC(F)c3ccccc3)c(=O)[nH]c2c1OC,ChEMBL,5.0
CCCCCn1cc(C(=O)NC2CCCCC2)c(=O)n2nc(N3CCN(C)CC3)nc12,ChEMBL,5.0
CCCCCn1cc(C(=O)NC2CCCCC2)c(=O)n2nc(N(C)Cc3ccccc3)nc12,ChEMBL,5.0
CC1(C)C2CC[C@@](C)(C2)C1NC(=O)c1nn(-c2ccc(Cl)cc2Cl)c2c1Cc1cc(C3CCCCC3)ccc1-2,ChEMBL,5.0
CCCc1nc2ccccc2n1C(=O)c1ccc(OC)cc1,ChEMBL,5.0
O=C(/C=C/C=C/c1ccc2c(c1)-c1ccccc1C2)NCCO,ChEMBL,5.0
CCOC(=O)CNC(=O)CCCCCOc1cccc2ccccc12,ChEMBL,5.0
NC(=O)NCCCCCOc1ccc2c(c1)OCO2,ChEMBL,5.0
O=C(CCCCCOc1ccc2ccccc2c1)NC1CC1,ChEMBL,5.0
CCCCCn1cc(C(=O)NC23CC4CC(CC(C4)C2)C3)c(=O)c2cc(-c3cccs3)ccc21,ChEMBL,5.0
CCn1c2ccccc2c2cc(NC(=O)CCc3nc(-c4ccc(F)cc4C#N)no3)ccc21,ChEMBL,5.0
O=C(NC12CC3CC(CC(C3)C1)C2)c1c[nH]c2c(-c3ccccc3)cccc2c1=O,ChEMBL,5.0
COc1ccc(-c2ccn(Cc3ccc(F)cc3)c(=O)c2C(=O)NC2CCCCCC2)cc1,ChEMBL,5.0
CCCCCn1cc(C(=O)NC23CC4CC(CC(C4)C2)C3)c(=O)c2cc(-c3ccco3)ccc21,ChEMBL,5.0
CC1CCC(NC(=O)c2cc3cccnc3n(CCO)c2=O)CC1,ChEMBL,5.0
O=C1/C(=C/c2cccc(OCCCCCCOc3ccccc3Cl)c2)N=C2SCCCN12,ChEMBL,5.0
O=C(NC12CC3CC(CC(C3)C1)C2)c1nn(-c2ccc(Cl)cc2Cl)c2c1Cc1cc(C3CC3)ccc1-2,ChEMBL,5.0
CN1CCC(CCn2cc(C(=O)C3C(C)(C)C3(C)C)c3ccccc32)CC1,ChEMBL,5.0
O=C1/C(=C/c2cccc(Cl)c2Cl)N=C2SCCCN12,ChEMBL,5.0
CC1(C)C(C(=O)c2cn(CCN3CCCC3)c3ccccc23)C1(C)C,ChEMBL,5.0
O=C(NC1CCCCCC1)c1c(-c2ccccc2)c(Br)cn(Cc2ccc(F)cc2)c1=O,ChEMBL,5.0
CCCCCCC(C)(C)c1cc(OC)c2c(c1)OC(C)(C)c1ccc(C(=O)OC(C)C)cc1-2,ChEMBL,5.0
COC(=O)Cn1nnc(CNC(=O)c2ccc(-c3ccccc3)cc2)n1,ChEMBL,5.0
CC1CCC(NC(=O)c2cccn(CCCO)c2=O)CC1,ChEMBL,5.0
CC1CCC(NC(=O)c2cc3cccnc3n(CCCCCO)c2=O)CC1,ChEMBL,5.0
O=C1/C(=C/c2cccc(OCCCCCCOc3cccc(Cl)c3)c2)N=C2SCCCN12,ChEMBL,5.0
O=C1/C(=C/c2cccc(OCc3ccc(Cl)cc3)c2)N=C2SCCN12,ChEMBL,5.0
CCN(CC)CCCn1c(Cn2nc3ccccc3n2)nc2cc(C(C)=O)ccc21,ChEMBL,5.0
C=CCN(CC=C)c1nc2n(CCCCC)cc(C(=O)NC34CC5CC(CC(C5)C3)C4)c(=O)n2n1,ChEMBL,5.0
COC(=O)c1cc(C)sc1NC(=O)C12CC3CC(CC(C3)C1)C2,ChEMBL,5.0
O=C(/C=C/C=C/c1ccc2c(c1)OCCO2)NC1CC1,ChEMBL,5.0
CSC1=N/C(=C\c2cccc(OCc3ccc(Cl)cc3)c2)C(=O)N1C,ChEMBL,5.0
CCCCCc1sc2ccccc2c1C(=O)c1ccc(OC)cc1,ChEMBL,5.0
CCCCCCCC/C=C/C(=O)NCc1ccc(OC)cc1,ChEMBL,5.0
C=CCCCCCCCCC(=O)NCCc1cc(OC)cc(OC)c1,ChEMBL,5.0
CCCCCCCC/C=C/C(=O)NCCc1ccc(OC)cc1OC,ChEMBL,5.0
CCCCCn1cc(C(=O)NC23CC4CC(CC(C4)C2)C3)c(=O)n2nc(N(C)Cc3ccccc3)nc12,ChEMBL,5.0
CN1C(=N)NC(=O)/C1=C/c1cccc(OCc2ccc(Cl)cc2)c1,ChEMBL,5.0
O=C1/C(=C/c2ccc(-c3ccccc3)cc2)N=C2SCCCCN12,ChEMBL,5.0
N#CCn1nnnc1Cc1ccc(-c2ccccc2)cc1,ChEMBL,5.0
CC1(C)C(C(=O)c2cn(CCN3CCCC3=O)c3ccccc23)C1(C)C,ChEMBL,5.0
O=C1NC(SCc2ccc(F)cc2)=N/C1=C\c1cccc(OCc2ccc(Cl)cc2)c1,ChEMBL,5.0
CC(C)(C)c1nc2ccccc2n1C(=O)c1cccc2ccccc12,ChEMBL,5.0
CCOC(=O)c1c(NS(C)(=O)=O)sc2c1CCCC2,ChEMBL,5.0
CCOC(=O)CCCn1c(=O)c(C(=O)NC2CCC(C)CC2)cc2cccnc21,ChEMBL,5.0
O=C(CCCCCOc1cccc2ccccc12)NCCO,ChEMBL,5.0
Cc1ccc(C(C)C)c2cc(Cc3ccccc3O)c(=O)oc12,ChEMBL,5.0
CCCCCn1cc(C(=O)NC2CCCCCC2)c(=O)n2nc(N3CCOCC3)nc12,ChEMBL,5.0
CCCCCn1cc(C(=O)NC23CC4CC(CC(C4)C2)C3)c(=O)c2cc(C#Cc3ccccc3)ccc21,ChEMBL,5.0
O=C(Oc1cccc(/C=C2\N=C3SCCCN3C2=O)c1)c1ccc(Cl)cc1,ChEMBL,5.0
CCCCn1cc(C(=O)NC23CC4CC(CC(C4)C2)C3)c(=O)c2cccc(OC)c21,ChEMBL,5.0
CCS(=O)(=O)NCCCCCOc1cccc2ccccc12,ChEMBL,5.0
CCNC(=O)NCCCCCOc1ccc2ccccc2c1,ChEMBL,5.0
O=C(CCCCCOc1ccc2ccccc2c1)NCCO,ChEMBL,5.0
CCCCOc1c(OC)c([N+](=O)[O-])cc2cc(C(=O)NCCc3ccc(F)cc3)c(=O)[nH]c12,ChEMBL,5.0
CC1CCC(NC(=O)c2cc3cccnc3n(CCCCC(=O)O)c2=O)CC1,ChEMBL,5.0
CCOC(=O)CCn1c(=O)c(C(=O)NC2CCC(C)CC2)cc2cccnc21,ChEMBL,5.0
O=C1/C(=C/c2cccc(OCCCCCCCOc3ccc(Cl)cc3)c2)N=C2SCCCN12,ChEMBL,5.0
O=C1/C(=C/c2cccc(OCCCCCCCCOc3ccc(Cl)cc3)c2)N=C2SCCCN12,ChEMBL,5.0
CCc1ccc(OCCCCCCOc2cccc(/C=C3\N=C4SCCCN4C3=O)c2)cc1,ChEMBL,5.0
CC(C)c1ccc(OCCCCCCOc2cccc(/C=C3\N=C4SCCCN4C3=O)c2)cc1,ChEMBL,5.0
O=C(/C=C/C=C/c1ccc2ccccc2c1)NC1CC1,ChEMBL,5.0
CCCCOc1c(OC)ccc2cc(C(=O)NCc3ccc([18F])cc3)c(=O)[nH]c12,ChEMBL,5.0
CCc1c(C(=O)NCCc2ccccc2)cc(C)n1-c1ccccc1,ChEMBL,5.0
CC(C)Cc1nc2ccccc2n1C(=O)c1cccc2ccccc12,ChEMBL,5.0
CCCCCCc1ccc(OCCCCCCCCCCOC(CO)CO)cc1O,ChEMBL,5.0
CN(C)C(=O)Cn1nnc(CNC(=O)c2ccc(-c3ccccc3)cc2)n1,ChEMBL,5.0
CC1(C)C(C(=O)c2cn(CCO)c3ccccc23)C1(C)C,ChEMBL,5.0
O=C(NC12CC3CC(CC(C3)C1)C2)c1cn2c3c(cccc3c1=O)OC(c1ccccc1)C2c1ccccc1,ChEMBL,5.0
C=CCn1cc(C(=O)NC23CC4CC(CC(C4)C2)C3)c(=O)c2cc(-c3ccco3)ccc21,ChEMBL,5.0
CN(C)CCn1cc(C(=O)C2C(C)(C)C2(C)C)c2ccccc21,ChEMBL,5.0
C=CCCCCCCCCC(=O)NCc1ccc(OC)cc1,ChEMBL,5.0
C=CCCCCCCCCC(=O)Nc1ccc(N2CCOCC2)cc1,ChEMBL,5.0
CCCCCc1cc(O)cc(OCCCCCCCCCCC(=O)NC(CO)CO)c1,ChEMBL,5.0
CCCCCn1cc(C(=O)NC23CC4CC(CC(C4)C2)C3)c(=O)c2cc(-c3ccccc3)cc(OC)c21,ChEMBL,5.0
CCCCCn1c(=O)c(C(=O)NC23CC4CC(CC(C4)C2)C3)c(O)c2cc(Br)ccc21,ChEMBL,5.0
CCCCCCC(C)(C)c1cc(O)cc(OCCCCCCCC(=O)NC23CC4CC(CC(C4)C2)C3)c1,ChEMBL,5.0
CC(C)[C@H]1CC[C@H](C(=O)c2cn(CCN3CCOCC3)c3ccccc23)CC1,ChEMBL,5.0
CCCCCn1cc(C(=O)NC23CC4CC(CC(C4)C2)C3)c(=O)n2nc(-c3ccc(Cl)cc3)cc12,ChEMBL,5.0
CCCCCn1cc(C(=O)NC23CC4CC(CC(C4)C2)C3)c(=O)c2cc(S(=O)(=O)c3ccccc3)ccc21,ChEMBL,5.0
Cc1nc(-c2ccccc2)sc1C(=O)NCc1ccccc1F,ChEMBL,5.0
Cc1nc(-c2ccccc2)sc1C(=O)NCc1ccccc1Cl,ChEMBL,5.0
CCCC(C)(C)c1ccc2c(c1)OC(C)(C)c1ccc(C(=O)OC)cc1-2,ChEMBL,5.0
O=C(c1cn(CCN2CCOCC2)c2ccccc12)C1CC(F)(F)C1(F)F,ChEMBL,5.0
O=C(c1cn(CCN2CCOCC2)c2ccccc12)C1CCC1,ChEMBL,5.0
N#CCn1nnc(Cc2ccc(-c3ccccc3)cc2)n1,ChEMBL,5.0
CC1CCC(NC(=O)c2cc3cccnc3n(CCCCCCO)c2=O)CC1,ChEMBL,5.0
Cn1c(C(C)(C)C)c/c(=N\C(=O)c2cc(C(F)(F)F)ccc2OCC(C)(C)O)n1C[C@H]1CCCO1,ChEMBL,5.0
Cc1c(C(=O)NC[C@H]2C[C@@H]3C[C@H](C2)C3(C)C)ncn1-c1ccccc1,ChEMBL,5.0
CCc1c(C(=O)NC23CC4CC(CC(C4)C2)C3)nc(C)n1-c1ccccc1,ChEMBL,5.0
Cc1nc(C(=O)NC23CC4CC(CC(C4)C2)C3)c(Cl)n1-c1ccccc1,ChEMBL,5.0
CCOC(=O)c1cc(-c2ccccc2)sc1N(S(=O)(=O)c1ccc2ccccc2c1)S(=O)(=O)c1ccc2ccccc2c1,ChEMBL,5.0
CCCCCc1cc(O)cc(OCCCCCCCCCCCCCCCC(=O)Nc2ccc(O)cc2)c1,ChEMBL,5.0
CCCCCn1cc(C(=O)NC23CC4CC(CC(C4)C2)C3)c(=O)n2nc(C)c(-c3ccccc3)c12,ChEMBL,5.0
CCC1COc2cccc3c(=O)c(C(=O)NC(C)CCC(C)C)cn1c23,ChEMBL,5.0
CCCCOc1ncc(Br)cc1C(=O)NC1CCCCCC1,ChEMBL,5.0
O=C(c1c(NC(=O)C23CC4CC(CC2C4)C3)sc2c1CCOC2)N1CCOCC1,ChEMBL,5.0
COc1ccc(C(=O)c2c(C)n(CC[N+]3(C)CCOCC3)c3ccccc23)cc1,ChEMBL,5.0
COc1cccc2c(=O)c(C(=O)NC34CC5CC(CC(C5)C3)C4)cn(CCOCC[18F])c12,ChEMBL,5.0
O=S(=O)(N[C@H]1CC[C@H](CNS(=O)(=O)C(F)(F)F)CC1)c1ccc(Cl)cc1S(=O)(=O)c1ccccc1F,ChEMBL,5.0
CCCCCn1cc(C(=O)NC23CC4CC(CC(C4)C2)C3)c(=O)c2cccc(C)c21,ChEMBL,5.0
CCCCCCc1c(O)cccc1OCCCCCCCCCCC(=O)NC12CC3CC(CC(C3)C1)C2,ChEMBL,5.0
O=C1N(CCc2ccccc2)C(=S)NC1(c1ccc(Br)cc1)c1ccc(Br)cc1,ChEMBL,5.0
Cc1cc(O)c2c(c1)OC1=C(CC[C@@H](C)C1)C2(C)C,ChEMBL,5.0
CCCCCn1cc(C(=O)Nc2ccc(F)cc2)c(=O)c2c(C)nn(C)c21,ChEMBL,5.0
CCCCCn1cc(C(=O)NCc2ccccc2)c(=O)c2c(C)nn(C)c21,ChEMBL,5.0
CCCCC/C=C\C/C=C\C/C=C\C/C=C\CCCC(=O)NCCc1cc(OC)cc(OC)c1,ChEMBL,5.0
CCCCCn1cc(C(=O)NC23CC4CC(CC(C4)C2)C3)c(=O)c2cc(Br)cc(OC)c21,ChEMBL,5.0
CCCCc1[nH]c2ccc(-c3ccco3)cc2c(=O)c1C(=O)NC12CC3CC(CC(C3)C1)C2,ChEMBL,5.0
CCCCCCc1ccc(OCCCCCCCCCCC(=O)NCCO)cc1O,ChEMBL,5.0
CCCNC(=O)c1c(NC(=O)C23CC4CC(CC(C4)O2)C3)sc2c1CCOC2,ChEMBL,5.0
COC(=O)Cn1nnnc1CNC(=O)c1ccc(-c2ccccc2)cc1,ChEMBL,5.0
CC(C)Cn1nnc(CNC(=O)c2ccc(-c3ccccc3)cc2)n1,ChEMBL,5.0
CCCCCn1cc(C(=O)NC23CC4CC(CC(C4)C2)C3)c(=O)c2cc(-c3ccco3)cc(OC)c21,ChEMBL,5.0
N#CCn1nnnc1CNC(=O)c1ccc(-c2ccccc2)cc1,ChEMBL,5.0
O=C(NN1CCCCC1)c1cn(-c2ccc(Cl)cc2)c2cc(F)ccc2c1=O,ChEMBL,5.0
COC(=O)Cn1nnc(Cc2ccc(-c3ccccc3)cc2)n1,ChEMBL,5.0
CCCCCn1cc(C(=O)NC23CC4CC(CC(C4)C2)C3)c(=O)n2nc(-c3ccoc3)cc12,ChEMBL,5.0
CC(=O)Cn1nnnc1CNC(=O)c1ccc(-c2ccccc2)cc1,ChEMBL,5.0
CC1(C)C(C(=O)c2cn(CC3CCOCC3)c3ccc(CN)cc23)C1(C)C,ChEMBL,5.0
C=CCN(CC=C)CCc1c[nH]c2ccc(OC)cc12,ChEMBL,5.0
CCCCCn1cc(C(=O)NC2CCCCC2)c(=O)n2nc(-c3ccc(Cl)cc3Cl)cc12,ChEMBL,5.0
CCCCCCc1ccc(OCCCCCCCC(=O)OC(CO)CO)cc1O,ChEMBL,5.0
COc1ccc(C(=O)c2cn(CC3CCOCC3)c3ccc(OCC(=O)O)cc23)cc1,ChEMBL,5.0
CN1CCN(c2cc(-c3ccc(C#N)cc3)nc(N)n2)CC1,ChEMBL,5.0
CC(C)c1nc2ccccc2n1C(=O)c1cccc2ccccc12,ChEMBL,5.0
CCCn1c(C)c(C(=O)c2cccc3cccc(Br)c23)c2ccccc21,ChEMBL,5.0
COC(=O)c1c(NC(=O)C23CC4CC(CC(C4)C2)C3)sc2c1CCS(=O)(=O)C2,ChEMBL,5.0
COc1ccc(Cn2c(-c3ccc(OC)cc3)nc3ccccc32)cc1,ChEMBL,5.0
CCOc1ccc(Cc2nc3cc(/C(C)=N\N)ccc3n2CCN(CC)CC)cc1,ChEMBL,5.0
CCCCCOc1c(OC)ccc2cc(C(=O)NCCc3ccc(Cl)cc3)c(=O)[nH]c12,ChEMBL,5.0
O=C(O)CCCC(=O)/C=C/c1ccc2ccccc2c1,ChEMBL,5.0
Cc1c(C(=O)C2C(C)(C)C2(C)C)c2ccccc2n1CCN1CCOCC1.Cl,ChEMBL,5.0
Cc1ccc(-c2cc(S(=O)(=O)NC3CC(C)CCC3C(C)C)nnc2-c2ccc(C)cc2)cc1,ChEMBL,5.0
CCCCCCC(C)(C)c1cc(OC)c2c(c1)OC(C)(C)c1ccc(C(=O)OC)cc1-2,ChEMBL,5.0
O=C(NN1CCCC1)c1nn(-c2ccc(Cl)cc2Cl)c2c1Cc1cc(C3CCCCC3)ccc1-2,ChEMBL,5.0
COc1ccc(-c2c(C(N)=O)c(C(=O)NN3CCCCC3)nn2-c2ccccc2Br)cc1,ChEMBL,5.0
CCOC(=O)c1cc(-c2ccccc2)sc1NC(=O)c1ccc2ccccc2c1,ChEMBL,5.0
CCCCCn1cc(C(=O)NC23CC4CC(CC(C4)C2)C3)c(=O)c2cc(/C=C/C(C)(C)C)ccc21,ChEMBL,5.0
C#Cc1ccc2c(c1)c(=O)c(C(=O)NC13CC4CC(CC(C4)C1)C3)cn2CCCCC,ChEMBL,5.0
Cc1nc(C(=O)NC23CC4CC(CC(C4)C2)C3)c(C)n1C1CCCCC1,ChEMBL,5.0
CCCCc1cc(-c2ccc(F)cc2)cc(C(=O)N[C@H]2CC[C@H](C)CC2)c1OC,ChEMBL,5.0
O=C(c1cccc2ccccc12)c1csc2ccccc12,ChEMBL,5.0
CC(C)S(=O)(=O)c1ccc2c(c1)nc(CC(C)(C)C)n2CC1CC1,ChEMBL,5.0
COc1ccc(-c2cn(Cc3ccc(F)cc3)c(=O)c(C(=O)NC3CCCCCC3)c2-c2ccccc2)cc1,ChEMBL,5.0
COc1ccc(-c2c(C#N)c(C(=O)NC3(C#N)CCOCC3)nn2-c2ccccc2I)cc1,ChEMBL,5.0
CCCCCn1cc(C(=O)NC2CCCCC2)c(=O)n2nc(-c3ccccc3C)cc12,ChEMBL,5.0
Cc1c(C(=O)NC2(C#N)CCOCC2)nn(-c2ccccc2Br)c1-c1cccc(F)c1,ChEMBL,5.0
CCCCCn1cc(C(=O)NC2CCCCC2)c(=O)n2nc(-c3ccc(C)cc3)nc12,ChEMBL,5.0
CCCCCn1cc(C(=O)NC2CCCCC2)c(=O)n2nc(N3CCOCC3)nc12,ChEMBL,5.0
CCOC(=O)c1cc(-c2ccccc2)sc1NS(=O)(=O)c1ccccc1,ChEMBL,5.0
CCOC(=O)c1c(NS(=O)(=O)c2ccccc2)sc2c1CCCC2,ChEMBL,5.0
Cc1ccc(COc2cccc(/C=C3\N=C4SCCCN4C3=O)c2)cc1,ChEMBL,5.0
Cc1cccc(C)c1OCCCCCCOc1cccc(/C=C2\N=C3SCCCN3C2=O)c1,ChEMBL,5.0
O=C1/C(=C/c2cccc(OCCc3ccccc3)c2)N=C2SCCCN12,ChEMBL,5.0
CCOC(=O)c1c(NC(=O)c2ccc3ccccc3c2)sc2c1CCCC2,ChEMBL,5.0
COc1ccc2cc(C(=O)NCCc3ccc(F)cc3)c(=O)[nH]c2c1OC,ChEMBL,5.0
CC1CCC(NC(=O)c2cccn(CCO)c2=O)CC1,ChEMBL,5.0
CC(C)Cn1nnnc1Cc1ccc(-c2ccccc2)cc1,ChEMBL,5.0
CCCCCn1cc(C(=O)NC23CC4CC(CC(C4)C2)C3)c(=O)c2cc(CCc3ccccc3)ccc21,ChEMBL,5.0
COc1ccc(-c2oc3ccccc3c2C(=O)c2ccc(NCc3cc(F)cc(F)c3)cc2)cc1,ChEMBL,5.0
CCCCc1nc2ccccc2n1C(=O)c1ccc(OC)cc1,ChEMBL,5.0
COc1cccc(Cc2cc3c(OC)cc(CO)cc3oc2=O)c1,ChEMBL,5.0
O=C1/C(=C/c2cccc(OCCCCCCOc3ccc(Cl)cc3)c2)N=C2SCCCN12,ChEMBL,5.0
O=C1/C(=C/c2cccc(OCCOc3ccc(Cl)cc3)c2)N=C2SCCCN12,ChEMBL,5.0
CCCn1cc(C(=O)c2cccc3cccc(Br)c23)c2ccccc21,ChEMBL,5.0
O=C1N=C2SCCCCN2C1(c1ccccc1)c1ccccc1,ChEMBL,5.0
CCOC(=O)C1CN2C(=O)C(c3ccccc3)(c3ccccc3)N=C2S1,ChEMBL,5.0
Cc1ccc(-c2cc3ncccc3c3cc(C(=O)NN4CCCCC4)nn23)cc1,ChEMBL,5.0
COc1ccc(-c2cc(C)c(OC)c(C(=O)N[C@H]3CC[C@H](C)CC3)c2)cc1,ChEMBL,5.0
O=C1/C(=C/c2cccc(OCc3ccc(Cl)cc3)c2)N=C2SCCCN12,ChEMBL,5.0
CCCCn1cc(C(=O)NC(C)(C)C)c(=O)c2cccc(OC)c21,ChEMBL,5.0
CC(C)Cn1nnnc1CNC(=O)c1ccc(-c2ccccc2)cc1,ChEMBL,5.0
Cc1nc(-c2ccccc2)sc1C(=O)NCC1CCCCC1,ChEMBL,5.0
O=C(O)COc1ccc2c(c1)c(C(=O)c1cccc3ccccc13)cn2CCN1CCOCC1,ChEMBL,5.0
CC1CCC(NC(=O)c2cc3cccnc3n(CCC(=O)O)c2=O)CC1,ChEMBL,5.0
COC(=O)c1ccc2c(c1)c(C(=O)C1C(C)(C)C1(C)C)cn2CC1CCOCC1,ChEMBL,5.0
CCNC(=O)N[C@@H](C)c1ccc(S(=O)(=O)c2ccc(Cl)cc2S(=O)(=O)c2ccccc2F)cc1,ChEMBL,5.0
CCCCOc1c(OC)ccc2cc(C(=O)NCC(F)c3ccccc3)c(=O)[nH]c12,ChEMBL,5.0
CCCCOc1c(OC)ccc2cc(C(=O)NCCc3ccc(F)cc3)c(=O)[nH]c12,ChEMBL,5.0
CCCCOc1c(OC)ccc2cc(C(=O)NCc3ccc(F)cc3)c(=O)[nH]c12,ChEMBL,5.0
CCCCCCc1ccc(OCCCCCCCCCCC(=O)NC2CC2)cc1O,ChEMBL,5.0
O=C1/C(=C/c2cccc(OCCCOc3ccc(Cl)cc3)c2)N=C2SCCCN12,ChEMBL,5.0
O=C1/C(=C/c2cccc(OCCCCOc3ccc(Cl)cc3)c2)N=C2SCCCN12,ChEMBL,5.0
CCCCCCC(C)(C)c1cc(OC)c2c(c1)OC(C)(C)c1ccc(C(=O)OCc3ccc4ccccc4c3)cc1-2,ChEMBL,5.0
CCCCOc1c(OC)ccc2cc(C(=O)NCCc3cn(CCF)nn3)c(=O)[nH]c12,ChEMBL,5.0
O=C(CCC(=O)NCCO)CCc1ccc(-c2ccccc2)cc1,ChEMBL,5.0
C=CCCCCCCCCC(=O)Nc1ccc(OC)cc1,ChEMBL,5.0
O=C1/C(=C/c2cccc(OCc3ccccc3)c2)N=C2SCCCN12,ChEMBL,5.0
CCNC(=O)NCCCCCSc1ccc2ccccc2c1,ChEMBL,5.0
C=CCN(CC=C)c1nc2n(CCCCC)cc(C(=O)NC3CCCCC3)c(=O)n2n1,ChEMBL,5.0
Cc1nc(-c2ccccc2)sc1C(=O)NC1CC1,ChEMBL,5.0
COc1ccc(C(=O)n2c(C(C)(C)C)nc3ccccc32)cc1,ChEMBL,5.0
COc1ccc(C(=O)n2c(C3CCCC3)nc3ccccc32)cc1,ChEMBL,5.0
CCCCCn1cc(C(=O)NC23CC4CC(CC(C4)C2)C3)c(=O)n2nc(C)c(-c3ccc(OC)cc3)c12,ChEMBL,5.0
CCCCCCCCCCCCCCCC(=O)N[C@@H]1C[C@H]1O,ChEMBL,5.0
O=C1/C(=C/c2ccccc2)N=C2SCCCN12,ChEMBL,5.0
COc1ccc(-c2oc3ccccc3c2C(=O)c2ccc(NCc3ccccc3)cc2)cc1,ChEMBL,5.0
O=C(O)CCCn1cccc(C(=O)NC2CCCCCC2)c1=O,ChEMBL,5.0
CCCCn1c(Cc2ccc(Cl)c(Cl)c2)nc2cc(C(F)(F)F)ccc21,ChEMBL,5.0
O=C1/C(=C/C=C/c2ccccc2)N=C2SCCCN12,ChEMBL,5.0
COCCn1c(Cc2ccc(Cl)c(Cl)c2)nc2cc(C(F)(F)F)ccc21,ChEMBL,5.0
COC(=O)c1c(NC(=O)C23CC4CC(CC(C4)C2)C3)cnn1C,ChEMBL,5.0
COC(=O)c1c(NC(=O)NC23CC4CC(CC(C4)C2)C3)sc2c1CCCC2,ChEMBL,5.0
CCCc1ccc(C(=O)c2cc(O)c(-c3cc(Cl)cc(Cl)c3)c(O)c2)cc1,ChEMBL,5.0
CCc1cc2c(cc1O)OC(C)(C)C1=C2C[C@H](C)CC1,ChEMBL,5.0
C=CCn1cc(CC(=O)NC2CCCCC2)c2cc(OCc3cccc(OC)c3)ccc21,ChEMBL,5.0
O=C(NN1CCCCC1)c1nn(-c2ccc(Cl)cc2Cl)c2c1Cc1cc(C3CCCCC3)ccc1-2,ChEMBL,5.0
O=C(CCCCCOc1cccc2ccccc12)NC1CC1,ChEMBL,5.0
CCNC(=O)NCCCCCOc1ccc2c(c1)OCO2,ChEMBL,5.0
CCCCCc1cc(O)cc(OCCCCCCCCCCOC(CO)CO)c1,ChEMBL,5.0
NC(=O)NCCCCCOc1cccc2ccccc12,ChEMBL,5.0
CCCCCn1cc(C(=O)NC23CC4CC(CC(C4)C2)C3)c(=O)c2cc(-c3ccc(OC)nc3)ccc21,ChEMBL,5.0
CCCNC(=O)c1c(NC(=O)C23CC4CC(CC2C4)C3)sc2c1CCN(C)C2,ChEMBL,5.0
CCCCCCc1ccc(O)cc1OCCCCCCCCCCC(=O)OCC(O)CO,ChEMBL,5.0
CCCCCn1cc(C(=O)C(=O)NC23CC4CC(CC(C4)C2)C3)c2cc(-c3ccccc3)ccc21,ChEMBL,5.0
C=CCCCCCCCCC(=O)NCCc1ccc(OC)cc1,ChEMBL,5.0
CCOC(=O)CNC(=O)/C=C/C=C/c1ccc2c(c1)OCCO2,ChEMBL,5.0
COc1ccc(/C=C/C(=O)CCC(=O)NCCO)cc1OC,ChEMBL,5.0
C[C@@H](CO)NC(=O)CCCC(=O)/C=C/c1ccc2ccccc2c1,ChEMBL,5.0
CCCCCCC(C)(C)c1cc(OC)c2c(c1)OC(C)(C)c1ccc(C(=O)OCc3ccccc3)cc1-2,ChEMBL,5.0
CCCCCOc1c(OC)ccc2cc(C(=O)NCCCc3ccccc3)c(Cl)nc12,ChEMBL,5.0
CCCCCOc1c(OC)ccc2cc(C(=O)NCCc3ccccc3)c(Cl)nc12,ChEMBL,5.0
N#Cc1ccccc1CSc1nnc2c3ccccc3n(C(=O)c3ccco3)c2n1,ChEMBL,5.0
CCCCCCCC/C=C\CCCCCCCC(=O)NOCCO,ChEMBL,5.0
COc1c(C)c(C)c2oc(=O)c(Cc3ccccc3)cc2c1C,ChEMBL,5.0
O=C(NC1CCCCC1)c1cccn(CCN2CCOCC2)c1=O,ChEMBL,5.0
Cc1c(Cl)ccc2c(=O)c(C(=O)NC34CC5CC(CC(C5)C3)C4)c[nH]c12,ChEMBL,5.0
CCc1ccc(CC)n1-c1c(C)c(C(=O)NCc2ccc(Cl)c(Cl)c2)nn1-c1ccc(Cl)c(Cl)c1,ChEMBL,5.0
COC(=O)c1c(NC(=O)N2CCOCC2)sc2c1CCCC2,ChEMBL,5.0
CCCCC/C=C\C/C=C\C/C=C\C/C=C\CCCC(=O)N[C@@H](CO)C(=O)O,ChEMBL,5.0
O=C(Oc1cccc(/C=C2\N=C3SCCCN3C2=O)c1)c1ccccc1,ChEMBL,5.0
CCN(CC)CCn1c(Cc2ccc(OC)cc2)nc2cc(C(C)=O)ccc21,ChEMBL,5.0
O=C1/C(=C/c2cccc(OCc3ccc(Br)cc3)c2)N=C2SCCCN12,ChEMBL,5.0
CCC1COc2c(N3CCCC3)ccc3c(=O)c(C(=O)NC45CC6CC(CC(C6)C4)C5)cn1c23,ChEMBL,5.0
COc1ccc(C(=O)c2cn(CCN3CCOCC3)c3ccc(OCCCCC(=O)NCCOCCOCCNC(=O)CCCCCNC(=O)COc4ccc(/C=C/C5=[N+]6C(=Cc7ccc(-c8cccs8)n7[B-]6(F)F)C=C5)cc4)cc23)cc1,ChEMBL,5.0
CCCCCCc1ccc(OCCCCCCCCCCC(=O)NC23CC4CC(CC(C4)C2)C3)cc1O,ChEMBL,5.0
Cc1c(C(=O)NC2(C#N)CCOCC2)nn(-c2ccccc2F)c1-c1ccccc1,ChEMBL,5.0
Cc1nn(C)c2c1c(=O)c(C(=O)NC1CCCCC1)cn2CCCCC#N,ChEMBL,5.0
O=C(NN1CCCCC1)c1cn(-c2ccc(F)cc2)c2cc(Sc3ccccc3)ccc2c1=O,ChEMBL,5.0
O=C1/C(=C/c2cccc(F)c2F)N=C2SCCCN12,ChEMBL,5.0
O=C(CCCCCCCCCCOc1cccc(O)c1)NCCO,ChEMBL,5.0
COc1ccccc1Cc1cc2c(C)ccc(C(C)C)c2oc1=O,ChEMBL,5.0
CC1(C)C(C(=O)c2cn(CCc3cccnc3)c3ccccc23)C1(C)C,ChEMBL,5.0
O=C(CCCCCCCCCCOc1cc(O)cc(O)c1)NC1CC1,ChEMBL,5.0
CCCCCn1cc(C(=O)NC23CC4CC(CC(C4)C2)C3)c(=O)n2nc(-c3cccs3)cc12,ChEMBL,5.0
O=C(CCCCCCCCCCOc1cc(O)cc(O)c1)NCC1CC1,ChEMBL,5.0
CCCCCCCC/C=C\CCCCCCCCCCCC(=O)Nc1ccc(OC)cc1,ChEMBL,5.0
O=C1/C(=C/c2ccc(Cl)cc2Cl)N=C2SCCCN12,ChEMBL,5.0
CCCCOc1c(OC)ccc2cc(C(=O)NCc3cn(CCF)nn3)c(=O)[nH]c12,ChEMBL,5.0
CN(CCCCCCCOc1ccc(-c2oc3ccccc3c2C(=O)c2c3ccccc3cc3ccccc23)cc1)Cc1ccccc1,ChEMBL,5.0
O=C(NC1CCCCCC1)c1c(-c2ccccc2)ccn(Cc2ccc(F)cc2)c1=O,ChEMBL,5.0
COc1cc(C(=O)O)cc(O)c1-c1cc(C)cc(C)c1,ChEMBL,5.0
CCCCOc1c(OC)ccc2cc(C(=O)NCCF)c(=O)[nH]c12,ChEMBL,5.0
CCCCCn1cc(C(=O)NC2CCCCC2)c(=O)n2nc(-c3ccc(C)cc3)cc12,ChEMBL,5.0
CC1(C)C(C(=O)c2cn(CCN3CCOCC3)c3ccc(OCc4ccccc4)cc23)C1(C)C,ChEMBL,5.0
CC(=O)Cn1nnc(Cc2ccc(-c3ccccc3)cc2)n1,ChEMBL,5.0
CN(C)C(=O)Cn1nnc(Cc2ccc(-c3ccccc3)cc2)n1,ChEMBL,5.0
C[C@@H]1CCC2=C(C1)Oc1cc(O)ccc1C2(C)C,ChEMBL,5.0
CCCCCn1cc(C(=O)NC23CC4CC(CC(C4)C2)C3)c(=O)n2nc(-c3cccnc3)nc12,ChEMBL,5.0
CCCCCCCC/C=C\CCCCCCCC(=O)ONCCO,ChEMBL,5.0
Cn1ccnc1CCn1cc(C(=O)C2C(C)(C)C2(C)C)c2ccccc21,ChEMBL,5.0
CCCCCn1cc(C(=O)NC23CC4CC(CC(C4)C2)C3)c(=O)c2ccc(Cl)c(C)c21,ChEMBL,5.0
N#Cc1ccccc1CSc1nnc2c3ccccc3n(C(=O)c3ccccc3)c2n1,ChEMBL,5.0
CCCCCn1cc(C(=O)NC2CCCCCC2)c(=O)c2c(-c3ccccc3)nn(C)c21,ChEMBL,5.0
CCN(CC)CCn1c(Cn2nnc3ccccc32)nc2cc(C(C)=O)ccc21,ChEMBL,5.0
CCCCC/C=C\C/C=C\C/C=C\C/C=C\CCCC(=O)NCC(=O)O,ChEMBL,5.0
COc1ccc(/C=C2\N=C3SCCCN3C2=O)cc1,ChEMBL,5.0
O=C(O)CCC(=O)/C=C/c1ccc2ccccc2c1,ChEMBL,5.0
O=C(/C=C/c1ccc2ccccc2c1)CCC(=O)Nc1ccc(O)cc1,ChEMBL,5.0
O=C1/C(=C/c2c(Cl)cccc2Cl)N=C2SCCCN12,ChEMBL,5.0
CC1(C)C2CC[C@](C)(C2)[C@@H]1NC(=O)c1cn(CCCCSc2ccccc2)c2cc(Sc3ccccc3)ccc2c1=O,ChEMBL,5.0
O=C(NC1CCCCC1)c1cccnc1OCc1ccccc1,ChEMBL,5.0
CCCCCn1cc(C(=O)NC2CCCCCC2)c(=O)n2nc(-c3ccccc3Cl)cc12,ChEMBL,5.0
CCOCCn1cc(C(=O)NCCc2ccccc2)c(=O)c2cccc(OC)c21,ChEMBL,5.0
NS(=O)(=O)c1ccc(-c2cc(C(=O)N[C@@H]3CCCC[C@H]3O)cnc2OCC2CC2)cc1,ChEMBL,5.0
CC1CCC(NC(=O)c2cc3cc(-c4ccc(F)cc4)cnc3n(Cc3ccc(F)cc3)c2=O)CC1,ChEMBL,5.0
O=C(c1nn(-c2ccc(Cl)cc2Cl)c2c1Cc1cc(C3CC3)ccc1-2)N1CCCCC1,ChEMBL,5.0
CCCCCn1cc(C(=O)NC23CC4CC(CC(C4)C2)C3)c(=O)n2nc(C)c(Br)c12,ChEMBL,5.0
O=C(/C=C/c1ccc2ccccc2c1)CCCC(=O)N1CCCCC1,ChEMBL,5.0
CCCCCn1cc(C(=O)NC2CCCCCC2)c(=O)n2nc(-c3ccccc3C)cc12,ChEMBL,5.0
CC1(C)C2CC[C@](C)(C2)[C@@H]1NC(=O)c1c[nH]c2cc(F)ccc2c1=O,ChEMBL,5.0
CCCCCCC(C)(C)c1cc(OC)c([C@H]2C=C(CO)[C@@H]3C[C@H]2C3(C)C)c(OC)c1,ChEMBL,5.0
COC(=O)CCCCn1c(=O)c(C(=O)NC2CCC(C)CC2)cc2cccnc21,ChEMBL,5.0
CCCNC(=O)c1c(NC(=O)C2C(C)(C)C2(C)C)sc2c1CCOC2,ChEMBL,5.0
CC1(C)C(C(=O)c2cn(CCN)c3ccccc23)C1(C)C,ChEMBL,5.0
Cc1nc(-c2ccccc2)sc1C(=O)NC1CCCCC1,ChEMBL,5.0
C=CCn1cc(C(=O)NC23CC4CC(CC(C4)C2)C3)c2cc(-c3ccc(O)cc3)ccc21,ChEMBL,5.0
COc1ccc(C(=O)n2c(C3CCCCC3)nc3ccccc32)cc1,ChEMBL,5.0
CCCc1cc(O)c2c(c1)OC(C)(C)[C@@H]1C[C@@H](O)C(C)=C[C@@H]21,ChEMBL,5.0
CCCCCCC(=O)c1cc(O)c(-c2cc(Cl)cc(Cl)c2)c(O)c1,ChEMBL,5.0
Cc1ccc(OCCCCCCOc2cccc(/C=C3\N=C4SCCCN4C3=O)c2)cc1,ChEMBL,5.0
CCCCCCc1ccc(OCCCCCCCCCCC(=O)NC(CO)CO)cc1O,ChEMBL,5.0
O=C(c1ccccc1)c1cc(O)c(-c2ccnc(Cl)c2)c(O)c1,ChEMBL,5.0
O=C(c1cc(O)c(-c2cccc(C(F)(F)F)c2)c(O)c1)c1cccs1,ChEMBL,5.0
CCOCCn1cc(C(=O)NC23CC4CC(CC(C4)C2)C3)c(=O)c2cccc(O[11CH3])c21,ChEMBL,5.0
CC1(C)C(C(=O)c2cn(CC3CCOCC3)c3cccc(OCc4ccccc4)c23)C1(C)C,ChEMBL,5.0
C=CCn1cc(C(=O)NC23CC4CC(CC(C4)C2)C3)c(=O)c2c(OC)ccc(OC)c21,ChEMBL,5.0
CC1(C)C2CCC(CNC(=O)c3nn(-c4ccc(Cl)cc4Cl)c4c3CCc3cc(C5CC5)ccc3-4)C1C2,ChEMBL,5.0
O=C(c1ccccc1)c1cc(O)c(-c2cccc(C(F)(F)F)c2)c(O)c1,ChEMBL,5.0
CCCCCCC(C)(C)c1cc2c(c3c1CCCO3)-c1c(cnn1CC)C(C)(C)O2,ChEMBL,5.0
CCCCCCN1C(=O)C2C3c4ccccc4C(C)(c4ccccc43)C2C1=O,ChEMBL,5.0
CCCCCn1cc(C(=O)NC2CCCCCC2)c(=O)n2nc(-c3ccco3)cc12,ChEMBL,5.0
CCCCCCCN1C(=O)C2C3c4ccccc4C(c4cc(Cl)ccc43)C2C1=O,ChEMBL,5.0
CCCCCn1cc(C(=O)NC2CCCCCC2)c(=O)n2nc(-c3ccc(C)cc3)cc12,ChEMBL,5.0
CCCCCn1cc(C(=O)NC2CCCCCC2)c(=O)n2nc(-c3ccc(Cl)cc3)cc12,ChEMBL,5.0
CCC1COc2c(N3CCN(C)CC3)ccc3c(=O)c(C(=O)NC45CC6CC(CC(C6)C4)C5)cn1c23.Cl,ChEMBL,5.0
Cc1cc2c(C(C)C)ccc(C)c2oc1=O,ChEMBL,5.0
CCCCc1ccc(C(=O)c2cc(O)c(-c3cc(Cl)cc(Cl)c3)c(OC)c2)cc1,ChEMBL,5.0
CCCCCn1cc(-c2cn(C34CC5CC(CC(C5)C3)C4)nn2)c(=O)c2cc(-c3ccco3)ccc21,ChEMBL,5.0
CC1COc2cccc3c(=O)c(C(=O)NC45CC6CC(CC(C6)C4)C5)cn1c23,ChEMBL,5.0
CCOC(=O)C1CN2C(=NC(=O)C2(c2ccccc2)c2ccccc2)S1,ChEMBL,5.0
O=C1/C(=C/c2cccc(Cl)c2)N=C2SCCCN12,ChEMBL,5.0
COc1ccc(/C=C2\N=C3SCCCN3C2=O)c(OC)c1,ChEMBL,5.0
O=C1N2CCCSC2=NC1(c1ccccc1)c1ccccc1,ChEMBL,5.0
CCCCCn1cc(C(=O)Nc2ccc(OC)cc2)c(=O)c2c(C)nn(C)c21,ChEMBL,5.0
C[C@H]1COc2cccc3c(=O)c(C(=O)NC45CC6CC(CC(C6)C4)C5)cn1c23,ChEMBL,5.0
CCOC(=O)c1cc(-c2ccccc2)sc1NS(C)(=O)=O,ChEMBL,5.0
CCOC(=O)c1c(NS(=O)(=O)c2cccc3ccccc23)sc2c1CCCC2,ChEMBL,5.0
O=C1/C(=C/c2ccc([N+](=O)[O-])cc2)N=C2SCCCN12,ChEMBL,5.0
Cc1c(C(=O)NC2(C#N)CCOCC2)nn(-c2ccccc2Cl)c1-c1ccccc1,ChEMBL,5.0
CC1COc2cccc3c(=O)c(C(=O)NC4CCCCCC4)cn1c23,ChEMBL,5.0
O=C1/C(=C/c2cccc([N+](=O)[O-])c2)N=C2SCCCN12,ChEMBL,5.0
CCCCCn1cc(C(=O)NC23CC4CC(CC(C4)C2)C3)c(=O)n2nc(-c3ccccc3)cc12,ChEMBL,5.0
c1ccc2c(COc3nn(Cc4cccc5ccccc45)c4ccccc34)cccc2c1,ChEMBL,5.0
Cc1nc(-c2ccccc2)sc1C(=O)NCc1ccccc1,ChEMBL,5.0
COc1ccc(-c2cc(C)c(OC)c(C(=O)N[C@H]3CC[C@@H](C)CC3)c2)cc1,ChEMBL,5.0
CCCCCn1cc(C(=O)NC2CCCCC2)c(=O)c2c(-c3ccc(Cl)cc3)nn(C)c21,ChEMBL,5.0
C=CCn1cc(CC(=O)NC23CC4CC(CC(C4)C2)C3)c2cc(Br)ccc21,ChEMBL,5.0
CCCCCn1cc(C(=O)C(=O)NC2CCCCC2)c2cc(-c3ccccc3)ccc21,ChEMBL,5.0
Cc1ccc2c(c1)nc(Cn1nnc3ccccc31)n2CCN(C)C,ChEMBL,5.0
COC(=O)c1nn(C)cc1NC(=O)C12CC3CC(CC(C3)C1)C2,ChEMBL,5.0
CCCCCc1cc(O)cc(OCCCCCCCCCCC(=O)Nc2ccccc2)c1,ChEMBL,5.0
CCCCCCOC(=O)c1ccc2c(c1)-c1c(OC)cc(C(C)(C)CCCCCC)cc1OC2(C)C,ChEMBL,5.0
O=C1/C(=C/c2cccc(OCc3ccc(Cl)c(Cl)c3)c2)N=C2SCCCN12,ChEMBL,5.0
COc1ccccc1/C=C1\N=C2SCCCN2C1=O,ChEMBL,5.0
COc1ccc(Cc2nc3cc(C(F)(F)F)ccc3n2C[C@@H]2CCCN3CCCC[C@H]23)cc1,ChEMBL,5.0
CCCCCCCCCCCCCCCC(=O)NOCCO,ChEMBL,5.0
CCOc1ccc(Cc2nc3cc(C(F)(F)F)ccc3n2CCN(CC)CC)cc1,ChEMBL,5.0
COc1ccc(C(=O)n2c(C)nc3ccccc32)cc1,ChEMBL,5.0
CCCc1sc2ccccc2c1C(=O)c1ccc(OC)cc1,ChEMBL,5.0
O=C1/C(=C/c2ccccc2F)N=C2SCCCN12,ChEMBL,5.0
CCCCCn1cc(C(=O)c2ccc(C(=O)O)c3ccccc23)c2ccccc21,ChEMBL,5.0
CC(N)Cc1c[nH]c2ccccc12,ChEMBL,5.0
C/C(=C1/N=C2SCCCCN2C1=O)c1ccccc1,ChEMBL,5.0
Cc1ccc(CSC2=N/C(=C\c3cccc(OCc4ccc(Cl)cc4)c3)C(=O)N2)cc1,ChEMBL,5.0
O=C1NC(SCc2ccc(Br)cc2)=N/C1=C\c1cccc(OCc2ccc(Cl)cc2)c1,ChEMBL,5.0
CCCCCn1cc(C(=O)NC2CCCCCC2)c(=O)n2nc(N3CCN(C)CC3)nc12,ChEMBL,5.0
O=C1N=C2SCCCN2/C1=C\C=C\c1ccccc1,ChEMBL,5.0
COc1cc(C(=O)c2ccc(C)cc2)cc(O)c1-c1cc(Cl)cc(Cl)c1,ChEMBL,5.0
O=C(/C=C/C=C/c1ccc2ccccc2c1)NCCO,ChEMBL,5.0
CCCCCCNC(=O)c1sc(-c2ccccc2)nc1C,ChEMBL,5.0
O=C(c1ccccc1)c1cc(O)c(-c2ccncc2)c(O)c1,ChEMBL,5.0
CCc1c(C(=O)O)cc(C)n1-c1ccccc1,ChEMBL,5.0
CC(=O)Cn1nnnc1Cc1ccc(-c2ccccc2)cc1,ChEMBL,5.0
CCN(CC)CCn1c(Cc2ccccc2)nc2cc(C(F)(F)F)ccc21,ChEMBL,5.0
CCOCCn1cc(C(=O)NC2CCCCC2)c(=O)c2c(C)nn(C)c21,ChEMBL,5.0
Cc1nn(C)c2c1c(=O)c(C(=O)NC1CCCCC1)cn2CCN1CCOCC1,ChEMBL,5.0
CN(C)c1ccc(/C=C2\N=C3SCCCN3C2=O)cc1,ChEMBL,5.0
CCOC(=O)CCCn1cccc(C(=O)NC2CCCCCC2)c1=O,ChEMBL,5.0
O=[N+]([O-])c1ccc2c(c1)c(OCc1ccc3ccccc3c1)nn2Cc1ccccc1,ChEMBL,5.0
CCOCCn1cc(C(=O)NC23CC4CC(CC(O)(C4)C2)C3)c(=O)c2cccc(OC)c21,ChEMBL,5.0
CCCCCn1cc(C(=O)NC2CCCCC2)c(=O)n2nc(-c3ccc(Cl)cc3)cc12,ChEMBL,5.0
CCCCC/C=C\C/C=C\C/C=C\C/C=C\CCCC(=O)O[C@H](CO)COP(=O)(O)O[C@@H]1[C@@H](O)[C@H](O)[C@@H](O)[C@H](O)[C@@H]1O,ChEMBL,5.0
COc1cccc(/C=C2\N=C3SCCCN3C2=O)c1OC,ChEMBL,5.0
O=C(c1ccccc1)c1cc(O)c(-c2ccc3c(c2)OCO3)c(O)c1,ChEMBL,5.0
O=C1NC(=S)S/C1=C\c1cccc(OCc2ccc(Cl)cc2)c1,ChEMBL,5.0
O=S(=O)(c1ccccc1F)c1cc(Cl)ccc1S(=O)(=O)N1CCC(NS(=O)(=O)C(F)(F)F)C1,ChEMBL,5.00436480540245
CCCCCc1cc(O)c2cc(Cc3ccccc3O)c(=O)oc2c1,ChEMBL,5.00788851221305
Cc1c(C(=O)NN2CCCCC2)nn(-c2ccccc2)c1-c1ccccc1,ChEMBL,5.013676222949234
CCCCC/C=C\C/C=C\C/C=C\C/C=C\CCCC(N)=O,ChEMBL,5.017728766960431
CCCCCC=CCC=CCC=CCC=CCCCC(N)=O,GLASS,5.017728766960431
Cc1cccc(-c2c(O)cc(C(=O)c3cccs3)cc2O)c1,ChEMBL,5.021089422824429
CCCCCCC(CCC1OC1CCCCCCC(=O)NCc1ccc(O)c(OC)c1)OC(=O)Cc1ccccc1,GLASS,5.022276394711152
Cc1ccc(C(=O)c2cc(O)c(-c3cc(Cl)cc(Cl)c3)c(O)c2)cc1,ChEMBL,5.025534364262757
Cc1ccc(C(=O)NC2C(C)(C)[C@@H]3CC[C@@]2(C)C3)cc1N1CCOCC1,ChEMBL,5.045757490560675
Cc1ccc(C(=O)NC2C3(C)CCC(C3)C2(C)C)cc1N1CCOCC1,GLASS,5.045757490560675
CCC=CCC=CCC=CCCCCCCCC(=O)NCc1ccccc1,GLASS,5.051587034221399
CC/C=C\C/C=C\C/C=C\CCCCCCCC(=O)NCc1ccccc1,ChEMBL,5.051587034221399
CCC=CCC=CCC=CCCCCCCCC(=O)NCc1cccc(OC)c1,GLASS,5.06198090252379
CC/C=C\C/C=C\C/C=C\CCCCCCCC(=O)NCc1cccc(OC)c1,ChEMBL,5.06198090252379
C=CCNC(=O)C=CCCC(=C)C1CC(C)(C)C1CCC(=C)C,GLASS,5.063486257521107
CCCC=CC#CC=CC=CCCC=CC=CC(=O)NCC(C)C,GLASS,5.0655015487564325
CCCCCCCCCCCC(CC1OC(=O)C1CCCCCC)OC(=O)C(NC(C)=O)C(C)CC,GLASS,5.0655015487564325
CCCCCCCCCCC[C@@H](C[C@@H]1OC(=O)[C@H]1CCCCCC)OC(=O)[C@@H](NC(C)=O)C(C)CC,ChEMBL,5.0655015487564325
CCC/C=C\C#C/C=C\C=C\CC/C=C/C=C/C(=O)NCC(C)C,ChEMBL,5.0655015487564325
C1=C(CCN2CCOCC2)c2ccccc2/C1=C/c1cccs1,ChEMBL,5.069152808317503
CCCCCCC(C)(C)C1=CC(=O)C2=C(OC(C)(C)c3cn(CC)nc32)C1=O,ChEMBL,5.0695604052333
Cc1ccc(-c2ncc(C(=O)NCCO)nc2-c2ccc(C)cc2)cc1,ChEMBL,5.074172425375258
CCCCCCCCCCCC(CC1OC(=O)C1CCCCCC)OC(=O)C(NC(C)=O)C(C)C,GLASS,5.075720713938118
CCCCCCCCCCC[C@@H](C[C@@H]1OC(=O)[C@H]1CCCCCC)OC(=O)[C@@H](NC(C)=O)C(C)C,ChEMBL,5.075720713938118
CCN(CC)c1ccc(CN([C@]23C[C@H]4C[C@H](C[C@H](C4)C2)C3)S(=O)(=O)c2cccc(C)c2)cc1,ChEMBL,5.0849168983488
CC1CCN(C(=O)c2ccc3[nH]c4c(c3c2)CN(C2CCCC2)C4)CC1,ChEMBL,5.096910013008056
CCS(=O)(=O)n1c2c(c3cc(C(=O)N4CCOCC4)ccc31)CN(C1CCCC1)C2,ChEMBL,5.096910013008056
NC(=O)c1ccc(-c2cc(C(=O)N[C@@H]3CCCC[C@H]3O)cnc2OCC2CC2)cc1,ChEMBL,5.096910013008056
O=C1C(c2ccccc2)N(c2ccccc2)C(=S)N1c1ccccc1,ChEMBL,5.096910013008056
COc1c(C)c(C)c2oc(=O)c(Cc3ccccc3C)cc2c1C,ChEMBL,5.104577453960592
CCCCCC=CCC=CCC=CCC=CCCCC(=O)N(C)c1c(C)n(C)n(-c2ccccc2)c1=O,GLASS,5.107905397309519
CCCCC/C=C\C/C=C\C/C=C\C/C=C\CCCC(=O)N(C)c1c(C)n(C)n(-c2ccccc2)c1=O,ChEMBL,5.107905397309519
CC(C)(C)c1ccc(C(=O)N2C(C(=O)NCc3ccccn3)CSC2c2cccc(F)c2)cc1,ChEMBL,5.125518182300533
CN(C)CCNc1cnn(C2CC(C)(C)CC(C)(C)C2)c(=O)c1Br,ChEMBL,5.130181792020672
CCN(CC)c1ccc(CN([C@]23C[C@H]4C[C@H](C[C@H](C4)C2)C3)S(=O)(=O)c2ccc(OC)cc2)cc1,ChEMBL,5.136677139879544
CCS(=O)(=O)n1c2c(c3cc(C(=O)N(C)C(C)C)ccc31)CN(C1CCCC1)C2,ChEMBL,5.141342515909193
O=C(Nc1sc2c(c1C(=O)N1CC(F)(F)C1)CCOC2)c1ccccc1C(F)(F)F,ChEMBL,5.1432711096171175
CC(C)=CCCC1(C)C(O)CCC2(C)C1CCC1Cc3c([nH]c4ccccc34)C12C,GLASS,5.151810883008602
CC(C)=CCC[C@]1(C)[C@@H](O)CC[C@@]2(C)[C@H]1CC[C@H]1Cc3c([nH]c4ccccc34)[C@@]12C,ChEMBL,5.151810883008602
O=C(Nc1ccccc1)NC(c1ccc(Cl)cc1)c1ccc(Cl)cc1,ChEMBL,5.151810883008602
COc1ccc(-n2c(O)c(-c3ccccc3)n(-c3ccc(OC)cc3)c2=S)cc1,GLASS,5.152859382586594
COc1ccc(N2C(=O)C(c3ccccc3)N(c3ccc(OC)cc3)C2=S)cc1,ChEMBL,5.152859382586594
Cc1ccc(-c2cc3ncccc3c3cc(C(=O)N[C@H]4CC5CCC4(C)C5(C)C)nn23)cc1,ChEMBL,5.154901959985743
O=C(N[C@@H]1CCCC[C@H]1O)c1cc(-c2ccc(Cl)cc2)c(OCC2CC2)cn1,ChEMBL,5.154901959985743
Cc1ccc(-c2cc(C(C)(C)C)[nH]n2)cc1S(=O)(=O)N1CCOCC1,ChEMBL,5.1555228242543185
CC(C)(C)c1cc(-c2csc(C3(N)CCOCC3)n2)cc(C(C)(C)C)c1O,ChEMBL,5.15757799664235
O=C(NCCc1ccc(F)cc1)c1cc2cccnc2n(Cc2ccccc2)c1=O,ChEMBL,5.158202701125645
O=S(=O)(N[C@H]1CC[C@@H](NS(=O)(=O)C(F)(F)F)CC1)c1ccc(Cl)cc1S(=O)(=O)c1ccccc1F,ChEMBL,5.161150909262744
Cc1c(CN2CCOCC2)c2ccccc2n1-c1cccc2ccccc12,ChEMBL,5.175223537524454
O=C1C(c2ccc(Cl)cc2)N(c2ccccc2)C(=O)N1c1ccccc1,ChEMBL,5.176460566343141
O=c1n(-c2ccccc2)c(O)c(-c2ccc(Cl)cc2)n1-c1ccccc1,GLASS,5.176460566343141
CCN(CC)c1ccc(CN(c2ccc(Cl)cc2)S(=O)(=O)c2ccc(Cl)cc2)cc1,ChEMBL,5.179338865356405
CCCCCCC(C)(C)c1cc(OCCO)c2c(c1)OC(C)(C)c1cn(CC)nc1-2,ChEMBL,5.1862856081188555
COc1ccc(N2C(=O)C(c3ccccc3)N(c3ccc(OC)cc3)C2=O)cc1,ChEMBL,5.190036478285986
COc1ccc(-n2c(O)c(-c3ccccc3)n(-c3ccc(OC)cc3)c2=O)cc1,GLASS,5.190036478285986
CCCCCCC(C)(C)c1cc(O)c2c(c1)OC(C)(C)c1cnn(-c3cccc(OC)c3)c1-2,ChEMBL,5.1911141326401875
CCCCCCCC/C=C\CCCCCCCCCCCC(=O)Nc1ccc(N2CCOCC2)cc1,ChEMBL,5.1938200260161125
CCCCCCCCC=CCCCCCCCCCCCC(=O)Nc1ccc(N2CCOCC2)cc1,GLASS,5.1938200260161125
CCCCCc1cc(O)c2cc(Cc3cccc(Cl)c3)c(=O)oc2c1,ChEMBL,5.1944991418416
CCCCCn1cc(C(=O)NC2CCCCCC2)c(=O)n2nc(-c3ccc(C)cc3)nc12,ChEMBL,5.19708951058096
Oc1c(-c2ccc(Br)cc2)n(-c2ccccc2)c(=S)n1-c1ccccc1,GLASS,5.200039472594017
O=C1C(c2ccc(Br)cc2)N(c2ccccc2)C(=S)N1c1ccccc1,ChEMBL,5.200039472594017
Cc1ccc(NC(=O)C(C)(C(F)(F)F)C(F)(F)F)cc1CN1CCOCC1,ChEMBL,5.200659450546418
O=C1C(c2ccccc2)N(c2ccccc2)C(=O)N1c1ccccc1,ChEMBL,5.2009352806489915
O=c1n(-c2ccccc2)c(O)c(-c2ccccc2)n1-c1ccccc1,GLASS,5.2009352806489915
C/C=C\C=C/CC/C=C/C=C/C(=O)NCC(C)C,ChEMBL,5.20690839982342
CCS(=O)(=O)n1c2c(c3cc(C(=O)N4CCC(C)CC4)ccc31)CN(C1CCCCO1)C2,ChEMBL,5.208800753501125
CCCCCc1cc(-c2ccccc2)n(-c2ccccc2)n1,ChEMBL,5.2106308464085185
CCCCc1cc(-c2ccc(F)cc2)cc(C(=O)NC2CCCCCC2)c1OC,ChEMBL,5.213887716280174
CC(C)(NS(=O)(=O)c1ccc(NC2CCCCC2)cc1C(F)(F)F)C1CC1,ChEMBL,5.221848749616356
CCCCCCCCCCCC(CC1OC(=O)C1CCCCCC)OC(=O)C(NC=O)C(C)CC,GLASS,5.221848749616356
COCCN(CCOC)S(=O)(=O)c1ccc(Nc2cc(OC)cc(OC)c2)cc1C(F)(F)F,ChEMBL,5.221848749616356
COc1cc(Nc2ccc(S(=O)(=O)N3CCc4ccccc43)c(C(F)(F)F)c2)cc(OC)c1,ChEMBL,5.221848749616356
CCCCCCCCCCCC(C[C@@H]1OC(=O)[C@H]1CCCCCC)OC(=O)[C@@H](NC=O)C(C)CC,ChEMBL,5.221848749616356
Cc1c(CCN2CCOCC2)c2cc(O[11CH3])ccc2n1C(=O)c1cccc(Cl)c1Cl,ChEMBL,5.221848749616356
CCCCCCCCCCC[C@@H](C[C@@H]1OC(=O)[C@H]1CCCCCC)OC(=O)[C@@H](NC=O)C(C)CC,ChEMBL,5.221848749616356
Cc1cc(C(=O)NCCc2ccccc2)c(C)n1-c1ccccc1,ChEMBL,5.227187055491201
CCCCc1nc2ccccc2n1C(=O)c1cccc2ccccc12,ChEMBL,5.229147988357856
CCCCCn1cc(C(=O)NC2CCCCC2)c(=O)n2nc(-c3ccc(OC)cc3)nc12,ChEMBL,5.232918378636677
O=S(=O)(NCC1CCOCC1)c1ccc(Nc2ccc(Cl)cc2Cl)cc1C(F)(F)F,ChEMBL,5.233512793760306
O=C(c1cccc2ccccc12)n1c(C2CCC2)nc2ccccc21,ChEMBL,5.236572006437063
CCCCCCCCCCC[C@@H](C[C@@H]1OC(=O)[C@H]1CCCCCC)OC(=O)[C@@H](NC=O)C(C)C,ChEMBL,5.2441251443275085
CCCCCOc1cc(/C=C/C(=O)N[C@@H](Cc2ccc(O)cc2)C(=O)OC)ccc1OC,ChEMBL,5.2441251443275085
Cc1ccc(-c2cc3ncccc3c3cc(C(=O)NC45CC6CC(CC(C6)C4)C5)nn23)cc1,ChEMBL,5.2441251443275085
CCCCCOc1cc(C=CC(=O)NC(Cc2ccc(O)cc2)C(=O)OC)ccc1OC,GLASS,5.2441251443275085
CCCCCCCCCCCC(CC1OC(=O)C1CCCCCC)OC(=O)C(NC=O)C(C)C,GLASS,5.2441251443275085
CCCCCc1cc(O)c2c(c1)OC(C)(C)[C@@H]1CC[C@](C)(O)[C@@H](O)[C@@H]21,ChEMBL,5.246570158424577
CCCCCc1cc(O)c2c(c1)OC(C)(C)C1CCC(C)(O)C(O)C21,GLASS,5.246570158424577
CC1(C)C(C(=O)c2cn(CCCCO)c3ccccc23)C1(C)C,ChEMBL,5.251811972993799
COc1cc(CNC(=O)CCCC/C=C/C(C)C)ccc1O,ChEMBL,5.251811972993799
O=c1c2cn(CCN3CCOCC3)c3ccccc3c-2nn1C1CCCCC1,ChEMBL,5.251811972993799
CCCCn1c(=O)c(C(=O)NC2CCCCC2)cc2cccnc21,ChEMBL,5.251811972993799
Nc1ccc2c(=O)cc(C(=O)NC3CCCCC3)n(Cc3ccccc3)c2n1,ChEMBL,5.251811972993799
CN(C)c1ccc2c(=O)c(C(=O)NC3CCCCC3)cn(CCN3CCOCC3)c2n1,ChEMBL,5.251811972993799
CCCCCc1cc(O)cc(OCCCCCCCC(=O)OC(CO)CO)c1,ChEMBL,5.251811972993799
CCCCCc1cc(O)cc(OCCCCCCCCCCC(=O)OC(CO)CO)c1,ChEMBL,5.251811972993799
CCCCCCCCC1OC1CCCCCCCC(=O)NCc1ccc(O)c(OC)c1,GLASS,5.251811972993799
COc1ccc2c(c1)c(CC(=O)N1CCOCC1)c(C)n2C(=O)c1ccc(F)cc1Cl,ChEMBL,5.254144804826271
COc1cc(Nc2ccc(S(=O)(=O)NCC3CC3)c(OC(F)(F)F)c2)cc(OC)c1,ChEMBL,5.254612878679991
CCCCCn1cc(CC(=O)NC23CC4CC(CC(C4)C2)C3)c2cc(Br)ccc21,ChEMBL,5.258848401148215
CCCCCCc1ccc(O)cc1OCCCCCCCCCCCCCCCC(=O)NC1CC1,ChEMBL,5.259637310505756
CCCCN1C(=O)NC(c2ccc(Br)cc2)(c2ccc(Br)cc2)C1=O,ChEMBL,5.26003230324049
Cc1nc(C(=O)NC23CC4CC(CC2C4)C3)c(C)n1-c1ccccc1,ChEMBL,5.264081883468703
Cc1nc(C(=O)NC2C3CC4CC(C3)C2C4)c(C)n1-c1ccccc1,ChEMBL,5.264081883468703
CCCCCCCCC=CCCCCCCCCCCCC(=O)NCCc1cc(OC)cc(OC)c1,GLASS,5.267606240177032
CCCCCCCC/C=C\CCCCCCCCCCCC(=O)NCCc1cc(OC)cc(OC)c1,ChEMBL,5.267606240177032
C[C@H]1CC[C@H](NC(=O)c2cc3cccnc3n(Cc3ccccc3)c2=O)CC1,ChEMBL,5.279427279635739
CCCCCn1cc(C(=O)NC23CC4CC(CC(C4)C2)C3)c(=O)n2nc(-c3ccc(Cl)cc3)nc12,ChEMBL,5.2826624172761365
CCCCCn1cc(C(=O)NC2CCCCC2)c(=O)c2cnn(C)c21,ChEMBL,5.288192770958809
COc1ccc(-c2sc3ccccc3c2C(=O)c2cccc3ccccc23)cc1,ChEMBL,5.292429823902063
CCc1sc2ccccc2c1C(=O)c1cccc2ccccc12,ChEMBL,5.292429823902063
CCCCCCC(C)(C)c1cc(OC)c(C2(O)CCCC(C)C2)c(OC)c1,GLASS,5.29627884007298
CCCCCCC(C)(C)c1cc(OC)c([C@@]2(O)CCC[C@@H](C)C2)c(OC)c1,ChEMBL,5.29627884007298
CCCCCCC(C)(C)c1cc(OC)c(C2CCCC(C)(O)C2)c(OC)c1,ChEMBL,5.29627884007298
CCCCCCC(C)(C)c1cc(OC)c([C@]2(O)CCC[C@@H](C)C2)c(OC)c1,ChEMBL,5.29627884007298
COc1cc(Nc2ccc(S(=O)(=O)NCc3ccco3)c(C(F)(F)F)c2)cc(OC)c1,ChEMBL,5.2971388294270705
O=C1NC(=O)/C(=C/c2cccc(OCc3ccc(Cl)cc3)c2)S1,ChEMBL,5.297569463554475
CCCCCCC(C)(C)c1cc(OC)c2c(c1)OC(C)(C)c1cnn(CC)c1-2,ChEMBL,5.297569463554475
CCCCCCC(C)(C)c1cc(O)cc(OCCCCCCCCCCCC(=O)NCC2CC2)c1,ChEMBL,5.300000202445418
CC(=O)OCC1OC(SC2C=CC3C4Cc5ccc(O)c6c5C3(CCN4C)C2O6)C(OC(C)=O)C(OC(C)=O)C1OC(C)=O,GLASS,5.301029995663981
CC(=O)OC1C(CO)OC(SC2C=CC3C4Cc5ccc(O)c6c5C3(CCN4C)C2O6)C(OC(C)=O)C1OC(C)=O,GLASS,5.301029995663981
CCCCCCCCC=CC(=O)NCc1ccc(OC)cc1,GLASS,5.301029995663981
CCCCCC=CCC=CCC=CCC=CCCCC(=O)NC(CO)C(=O)O,GLASS,5.301029995663981
COc1ccc2cccc(N3CCN(CCCCn4ncc(=O)n(C)c4=O)CC3)c2c1,GLASS,5.301029995663981
CCCCCn1cc(C(=O)NC23CC4CC(CC(C4)C2)C3)c(=O)c2cc(C=CC(C)(C)C)ccc21,GLASS,5.301029995663981
COc1cc2c(cc1O)C1Cc3ccc(O)c(OC)c3CN1CC2,GLASS,5.301029995663981
CCCCCCCCC=CCCCCCCCCCCCC(=O)NCc1ccc(OC)cc1,GLASS,5.301029995663981
Cc1c(C(=O)C2C(C)(C)C2(C)C)c2ccccc2n1CCN1CCOCC1,GLASS,5.301029995663981
C=C(C)CCC1C(C(=C)CCC=CC(=O)NCCc2ccc(O)c(O)c2)CC1(C)C,GLASS,5.301029995663981
CCCCCCCCC=CCCCCCCCC(=O)N(O)CCO,GLASS,5.301029995663981
Cc1cccc(Cn2cc(C(=O)NC3C4(C)CCC(C4)C3(C)C)c(=O)c3ccc(F)cc32)c1,GLASS,5.301029995663981
CN(C)CC(c1ccc(O)cc1)C1(O)CCCCC1.O.O=C(O)CCC(=O)O,GLASS,5.301029995663981
CN(C)CCc1c[nH]c2cccc(OP(=O)(O)O)c12,GLASS,5.301029995663981
CCCCCCCCCCCC(CC1OC(=O)C1CCCCCC)OC(=O)CNC=O,GLASS,5.301029995663981
CCC1COc2c(N3CCN(C)CC3)ccc3c(=O)c(C(=O)NC45CC6CC(CC(C6)C4)C5)cn1c23,GLASS,5.301029995663981
CCCCCn1cc(C(=O)NC23CC4CC(CC(C4)C2)C3)c(=O)c2cc(C=Cc3ccccc3)ccc21,GLASS,5.301029995663981
C=C(C)CCC1C(C(=C)CCC=CC(=O)NCc2ccc(O)c(OC)c2)CC1(C)C,GLASS,5.301029995663981
CCCCCC=CCC=CCC=CCC=CCCCC(=O)NCCc1cc(OC)cc(OC)c1,GLASS,5.301029995663981
CCNC(=O)NC(C)c1ccc(S(=O)(=O)c2ccc(Cl)cc2S(=O)(=O)c2ccccc2F)cc1,GLASS,5.301029995663981
CC(C)CC1COc2cccc3c(=O)c(C(=O)NC45CC6CC(CC(C6)C4)C5)cn1c23,GLASS,5.301029995663981
CC12CCC(C1)C(C)(C)C2NC(=O)c1cn(CCCCSc2ccccc2)c2cc(Sc3ccccc3)ccc2c1=O,GLASS,5.301029995663981
CN(C)CCc1c[nH]c2cccc(O)c12,GLASS,5.301029995663981
CCCCCCCCC=CCCCCCCCCCCCC(=O)Nc1ccc(OC)cc1,GLASS,5.301029995663981
CCCCCCCCC=CC(=O)Nc1ccc(N2CCOCC2)cc1,GLASS,5.301029995663981
CCCCCCC(CC=CCCCCCCCC(=O)NCc1ccc(O)c(OC)c1)OC(C)=O,GLASS,5.301029995663981
CCCCCCCCC=CCCCCCCCCCCCC(=O)NCCc1ccc(OC)cc1,GLASS,5.301029995663981
O=C(O)c1ccc(-c2cc(C(=O)NC3CCCCC3O)cnc2OCC2CC2)cc1,GLASS,5.301029995663981
C=C1CCC=C(C)CCC2C1CC2(C)C,GLASS,5.301029995663981
CCCCCCCCC=CCCCCCCCC(=O)NOCCO,GLASS,5.301029995663981
NS(=O)(=O)c1ccc(-c2cc(C(=O)NC3CCCCC3O)cnc2OCC2CC2)cc1,GLASS,5.301029995663981
CCCCCCCCC=CCCCCCCCC(=O)NCc1ccc(O)c(OC)c1,GLASS,5.301029995663981
Cc1cc(O)c2c(c1)OC1=C(CCC(C)C1)C2(C)C,GLASS,5.301029995663981
CCc1cc2c(cc1O)OC(C)(C)C1=C2CC(C)CC1,GLASS,5.301029995663981
Cc1c(O)ccc2c1OC1=C(CCC(C)C1)C2(C)C,GLASS,5.301029995663981
Cc1c(O)ccc2c1OC(C)(C)C1=C2CC(C)CC1,GLASS,5.301029995663981
CC1CCC2=C(C1)Oc1cc(O)ccc1C2(C)C,GLASS,5.301029995663981
CC1CCC2=C(C1)c1ccc(O)cc1OC2(C)C,GLASS,5.301029995663981
CCc1cc2c(cc1O)OC1=C(CCC(C)C1)C2(C)C,GLASS,5.301029995663981
CCCCCCCCCCCCCCCC(=O)NC1CC1O,GLASS,5.301029995663981
CC12CCC(C1)C(C)(C)C2NC(=O)c1c[nH]c2cc(F)ccc2c1=O,GLASS,5.301029995663981
CCCCCCCCC=CCCCCCCCCCC(=O)NCCO,GLASS,5.301029995663981
CCCCCCCCC=CCCCCCCCC(=O)Nc1ccc(N2CCOCC2)cc1,GLASS,5.301029995663981
COc1cc(CNC(=O)CCCCC=CC(C)C)ccc1O,GLASS,5.301029995663981
CCCCCCCCC=CCCCCCCCC(=O)ONCCO,GLASS,5.301029995663981
CCCCCCCCC=CC(=O)NCCc1ccc(OC)cc1OC,GLASS,5.301029995663981
COc1cc(C(C)=O)ccc1OCCCN1CCC(c2noc3cc(F)ccc23)CC1,GLASS,5.301029995663981
COc1ccc2c3c1OC1C(SC4OC(C(=O)O)C(OC(C)=O)C(OC(C)=O)C4OC(C)=O)C=CC4C(C2)N(C)CCC341,GLASS,5.301029995663981
CN(C)CC(c1ccc(O)cc1)C1(O)CCCCC1,GLASS,5.301029995663981
CCCCCCC(CCCCCCCCCCC(=O)NCc1ccc(O)c(OC)c1)OC(=O)Cc1ccccc1,GLASS,5.301029995663981
Cn1cc(C(=O)NC2C3(C)CCC(C3)C2(C)C)c(=O)c2ccc(F)cc21,GLASS,5.301029995663981
CCOc1ccc(Cc2nc3cc(C(=O)N(C)C4CCCCC4)ccc3n2CC2CC2)cc1,ChEMBL,5.301029995663981
COCCn1c2c(cc(C(=O)NC3(C(=O)O)CCCCC3)c1=O)CCCCCC2,ChEMBL,5.301029995663981
CCOC(=O)N1CC(C)(C)CS/C1=N\c1ccccc1C(C)C,ChEMBL,5.301029995663981
CCN(CC)C(=O)c1ccc2c(c1)nc(Cc1ccc(OC)cc1)n2CCC(C)C,ChEMBL,5.301029995663981
CCN(CC)C(=O)c1ccc2c(c1)nc(Cc1ccc(O)cc1)n2CCC(C)C,ChEMBL,5.301029995663981
CSC(=S)N1CC(C)(C)CS/C1=N\c1ccccc1C(C)C,ChEMBL,5.301029995663981
O=C(CCCCCCCCCCCCCCCOc1cccc(O)c1)Nc1ccc(O)cc1,ChEMBL,5.301029995663981
Cc1ccc(Cn2cc(C(=O)NN3CCCCCC3)cc2-c2ccc(Cl)c(C)c2)cc1,ChEMBL,5.301029995663981
CCCc1c(CC)cc(C(=O)NC2(C(=O)O)CCCCC2)c(=O)n1Cc1ccc(F)cc1,ChEMBL,5.301029995663981
CCOc1ccc(Cc2nc3cc(C(=O)N4CCCC4)ccc3n2CC2CC2)cc1,ChEMBL,5.301029995663981
CCOc1ccc(Cc2nc3cc(C(=O)N(CC)CC)ccc3n2CC2CC2)nc1,ChEMBL,5.301029995663981
Cc1ccc(Cn2cc(C(=O)NC34CC5CC(CC(C5)C3)C4)cc2-c2ccc(Cl)c(C)c2)cc1,ChEMBL,5.301029995663981
CCOc1ccc(Cc2nc3cc(NC(C)=O)ccc3n2CC2CC2)cc1,ChEMBL,5.301029995663981
CCCN(C)C(=O)c1ccc2c(c1)nc(Cc1ccc(OCC)cc1)n2CC1CC1,ChEMBL,5.301029995663981
Cc1ccc(Cn2cc(C(=O)NN3CCCCC3)cc2-c2ccc(Cl)c(C)c2)cc1,ChEMBL,5.301029995663981
Cc1ccc(Cn2cc(C(=O)Nc3cccc4ccccc34)cc2-c2ccc(Cl)c(C)c2)cc1,ChEMBL,5.301029995663981
O=C(O)c1csc(NC(=O)c2cc3c(n(CC4CCCCC4)c2=O)CCCCCC3)n1,ChEMBL,5.301029995663981
CCCCn1c2c(cc(C(=O)NC3(C(=O)O)CCCCC3)c1=O)CCCCCC2,ChEMBL,5.301029995663981
Cc1ccc(Cn2cc(C(=O)NCC34CC5CC(CC(C5)C3)C4)cc2-c2ccc(Cl)c(C)c2)cc1,ChEMBL,5.301029995663981
CCN(CC)C(=O)c1ccc2c(c1)nc(Cc1ccc(OC3CCCCC3)cc1)n2CCC(C)C,ChEMBL,5.301029995663981
Cc1ccc(Cn2cc(C(=O)N[C@H]3C[C@@H](C)CC[C@@H]3C(C)C)cc2-c2ccc(Cl)c(C)c2)cc1,ChEMBL,5.301029995663981
Cc1ccc(Cn2cc(C(=O)N[C@@H]3C(C)(C)C4CC[C@@]3(C)C4)c3c2-c2ccc(Cl)c(C)c2C3)cc1,ChEMBL,5.301029995663981
Cc1ccc(Cn2cc(C(=O)NC[C@@H]3CCC4C[C@@H]3C4(C)C)cc2-c2ccc(Cl)c(C)c2)cc1,ChEMBL,5.301029995663981
CCCCC/C=C\C/C=C\C/C=C\C/C=C\CCCC(=O)OC(CO)COC(=O)CCCCCNC(=O)CCCC[C@@H]1SC[C@@H]2NC(=O)N[C@@H]21,ChEMBL,5.301029995663981
CC(C)(NC(=O)c1cc2c(n(CC3CCCCC3)c1=O)CCCCCC2)C(=O)NCC(=O)O,ChEMBL,5.301029995663981
CCOc1ccc(Cc2nc3cc(C(=O)N(CC)CC)ccc3n2Cc2ccccn2)cc1,ChEMBL,5.301029995663981
Cc1ccc(Cn2cc(C(=O)N[C@H](C)C3CCCCC3)cc2-c2ccc(Cl)c(C)c2)cc1,ChEMBL,5.301029995663981
CCOc1ccc(Cc2nc3cc(N(C)C(C)=O)ccc3n2CC2CC2)cc1,ChEMBL,5.301029995663981
CCOc1ccc(Cc2nc3cc(N(C)C(=O)CC(C)C)ccc3n2CC2CC2)cc1,ChEMBL,5.301029995663981
CCOc1ccc(Cc2nc3cc(C(=O)N(CC)CC)ccc3n2C[C@@H]2CCCCN2)cc1,ChEMBL,5.301029995663981
CCOc1ccc(Cc2nc3cc(C(=O)N4CCCCC4)ccc3n2CC2CC2)cc1,ChEMBL,5.301029995663981
CCCCn1c2c(cc(C(N)=O)c1=O)CCCCCC2,ChEMBL,5.301029995663981
CCOc1ccc(Cc2nc3cc(C(N)=O)ccc3n2CC2CC2)cc1,ChEMBL,5.301029995663981
CCOc1ccc(Cc2nc3cc(C(=O)N(CC)CC)ccc3n2CC2CCNCC2)cc1,ChEMBL,5.301029995663981
CCOc1ccc(Cc2nc3cc(C(=O)N(CC)CC)ccc3n2C[C@@H]2CCCO2)cc1,ChEMBL,5.301029995663981
O=C(O)c1cnc(NC(=O)c2cc3c(n(CC4CCCCC4)c2=O)CCCCCC3)s1,ChEMBL,5.301029995663981
Cc1ccc(-c2nn[nH]n2)cc1S(=O)(=O)N1CCOCC1,ChEMBL,5.301029995663981
Cc1ccc(Cn2cc(C(=O)NC3CCCCC3)cc2-c2ccc(Cl)c(C)c2)cc1,ChEMBL,5.301029995663981
Cc1ccc(Cn2cc(CN3CCN(c4ccc(Cl)cc4)CC3)cc2-c2ccc(Cl)c(C)c2)cc1,ChEMBL,5.301029995663981
CCOc1ccc(Cc2nc3cc(C(=O)N(CC)CC)ccc3n2Cc2cc[n+]([O-])cc2)cc1,ChEMBL,5.301029995663981
CCOc1ccc(Cc2nc3cc(C(=O)N(CC)CC)ccc3n2CC2CC2)cc1,ChEMBL,5.301029995663981
CCN(CC)C(=O)c1ccc2c(c1)nc(Cc1ccc(OC(F)(F)F)cc1)n2CCC(C)C,ChEMBL,5.301029995663981
CCOc1ccc(C(=O)c2nc3cc(C(=O)N(CC)CC)ccc3n2CCC(C)C)cc1,ChEMBL,5.301029995663981
O=C(N[C@@H]1CCCC[C@H]1O)c1cc(-c2ccc(Cl)cc2)c(OCC2CC2)nn1,ChEMBL,5.301029995663981
CCOc1ccc(Cc2nc3cc(NC)ccc3n2CC2CC2)cc1,ChEMBL,5.301029995663981
CCC1(CC)CS/C(=N\c2ccccc2C(C)C)N(C(=S)SC)C1,ChEMBL,5.301029995663981
CCN(CC)C(=O)c1ccc2c(c1)nc(Cc1ccc(OC3CCC3)cc1)n2CCC(C)C,ChEMBL,5.301029995663981
CCOc1ccc(Cc2nc3cc(C(=O)N(CC)CC)ccc3n2C[C@H]2CCCCN2)cc1,ChEMBL,5.301029995663981
Cc1ccc(C(=O)NC2C(C)(C)[C@@H]3CC[C@@]2(C)C3)cc1C(=O)N1CCOCC1,ChEMBL,5.301029995663981
CCOc1ccc(C(O)c2nc3cc(C(=O)N(CC)CC)ccc3n2CCC(C)C)cc1,ChEMBL,5.301029995663981
CCOc1ccc(Cc2nc3cc(C(=O)N(CC)CC)ccc3n2C[C@@H]2CCCN2C)cc1,ChEMBL,5.301029995663981
Cc1ccc(Cn2cc(C(=O)N3CCN(c4ccccc4Cl)CC3)cc2-c2ccc(Cl)c(C)c2)cc1,ChEMBL,5.301029995663981
CCCCn1c(CCC)c(Br)cc(C(=O)NC2(C(=O)O)CCCCC2)c1=O,ChEMBL,5.301029995663981
CCNC(=O)c1ccc2c(c1)nc(Cc1ccc(OCC)cc1)n2CC1CC1,ChEMBL,5.301029995663981
O=S(=O)(c1ccccc1F)c1cc(Cl)ccc1S(=O)(=O)N1CCC(CNS(=O)(=O)C(F)(F)F)CC1,ChEMBL,5.301029995663981
CCOc1ccc(Cc2nc3cc(C(=O)N(CC)CC)ccc3n2Cc2ccncc2)cc1,ChEMBL,5.301029995663981
Cc1ccc(Cn2cc(C(=O)NN3CCCC3)cc2-c2ccc(Cl)c(C)c2)cc1,ChEMBL,5.301029995663981
CCN(CC)C(=O)c1ccc2c(c1)nc(Cc1ccc(OC3CCCC3)cc1)n2CCC(C)C,ChEMBL,5.301029995663981
CCOc1ccc(Cc2nc3cc(C(=O)N(CC)CC)ccc3n2C[C@H]2CCCO2)cc1,ChEMBL,5.301029995663981
CCOc1ccc(Cc2nc3cc(C(=O)N(CC)CC)ccc3n2CCC(C)C)cc1,ChEMBL,5.301029995663981
CCCCCCCCCCCCCCCC(=O)NCCO,ChEMBL,5.301029995663981
CCOc1ccc(Cc2nc3cc(N(C)C(=O)N(C)C)ccc3n2CC2CC2)cc1,ChEMBL,5.301029995663981
CCOc1ccc(Cc2nc3cc(N(C)C(=O)N(CC)CC)ccc3n2CC2CC2)cc1,ChEMBL,5.301029995663981
Cc1ccc(Cn2cc(CN3CCN(c4ccc(Cl)c(Cl)c4)CC3)cc2-c2ccc(Cl)c(C)c2)cc1,ChEMBL,5.301029995663981
CCOc1ccc(Cc2nc3cc(C(=O)N(CC)CC)ccc3n2CC2CC2)cn1,ChEMBL,5.301029995663981
CCOc1ccc(Cc2nc3cc(N(C)C(=O)NC(C)C)ccc3n2CC2CC2)cc1,ChEMBL,5.301029995663981
CCOc1ccc(Cc2nc3cc(C(=O)N(CC)CC)ccc3n2Cc2ccco2)cc1,ChEMBL,5.301029995663981
CCN(CC)C(=O)c1ccc2c(c1)nc(Cc1ccc(OCC(F)(F)F)cc1)n2CCC(C)C,ChEMBL,5.301029995663981
O=C(NC1(C(=O)O)CCCCC1)c1cc2c(n(CC3CCCO3)c1=O)CCCCCC2,ChEMBL,5.301029995663981
CCCCC/C=C\C/C=C\C/C=C\C/C=C\CCCC(=O)N(C)CCO,ChEMBL,5.302770657240282
CCCCCC=CCC=CCC=CCC=CCCCC(=O)N(C)CCO,GLASS,5.302770657240282
Cc1ccc(-n2c(O)c(-c3ccccc3)n(-c3ccc(C)cc3)c2=S)cc1,GLASS,5.303818412831476
Cc1ccc(N2C(=O)C(c3ccccc3)N(c3ccc(C)cc3)C2=S)cc1,ChEMBL,5.303818412831476
COc1ccc(-c2nc3ccccc3n2C(=O)c2cccc3ccccc23)cc1,ChEMBL,5.309803919971486
CCCCCCCCC=CC(=O)Nc1ccc(OC)cc1,GLASS,5.309803919971486
CCCCCCCC/C=C/C(=O)Nc1ccc(OC)cc1,ChEMBL,5.309803919971486
CCCCC1(c2cc(O)c3cc(Cc4ccccc4O)c(=O)oc3c2)CCCCC1,ChEMBL,5.310691140876379
C=C1CC[C@@H]2[C@@H](C1)c1c(OC)cc(C(C)(C)CCCCCC)cc1OC2(C)C,ChEMBL,5.310868802765502
Cc1nc(C(=O)NC23CC4CC(CC(C4)C2)C3)c(C)n1-c1ccccc1,ChEMBL,5.3109576609718285
CCOC(=O)COc1cccc(/C=C2\N=C3SCCCCN3C2=O)c1,ChEMBL,5.320572103387881
CCOC(=O)COc1cccc(C=C2N=C3SCCCCN3C2=O)c1,GLASS,5.320572103387881
COc1ccc2c(c1)c(CCN1CCOCC1)c(C)n2C(=O)c1ccc(Cl)cc1Cl,ChEMBL,5.321299565001696
CCOc1ccc(Cc2nc3cc(C(=O)N(CC)CC)ccc3n2Cc2ccccc2)cc1,ChEMBL,5.321845961989562
CCCCNS(=O)(=O)c1ccc(Nc2ccc(Cl)cc2Cl)cc1C(F)(F)F,ChEMBL,5.3226668485800985
CCCCCn1cc(C(=O)NC23CC4CC(CC(C4)C2)C3)c(=O)c2cnn(C)c21,ChEMBL,5.323123568026863
COc1cccc(Cc2cc3c(OC)cc(CBr)cc3oc2=O)c1,ChEMBL,5.324221658325915
CCCCCn1cc(C(=O)NC2CCCCC2)c(=O)n2nc(-c3ccc(Cl)cc3)nc12,ChEMBL,5.326242063450423
CN(C)C1(c2nc(-c3cc(C(C)(C)C)cc(C(C)(C)C)c3)cs2)CCOCC1,ChEMBL,5.326979092871103
CCN(CC)C(=O)c1ccc2c(c1)nc(Cc1ccc(OC(C)C)cc1)n2CCC(C)C,ChEMBL,5.329846954807819
C[C@H]1COc2cccc3c(=O)c(C(=O)NC4CCCCC4)cn1c23,ChEMBL,5.332360293943589
O=C(c1ccc(Cl)cc1)c1cc(O)c(-c2cc(Cl)cc(Cl)c2)c(O)c1,ChEMBL,5.333014281670339
COC(=O)Cc1c(C)n(C(=O)c2cccc3ccccc23)c2ccc(OC)cc12,ChEMBL,5.336299074610352
COc1ccc(C(=O)c2c(CC(C)C)sc3ccccc23)cc1,ChEMBL,5.337242168318426
CCOc1ccc(Cc2nc3cc(C(=O)N(CC)CC)ccc3n2CCN(C)C)cc1,ChEMBL,5.337242168318426
Cc1nc(OCc2ccc(F)cc2)c(C(=O)NC2CCCCCC2)cc1-c1ccc(F)cc1,ChEMBL,5.337242168318426
O=C(NN1CCCCC1)c1cc(-c2ccccc2)n(-c2ccccc2)n1,ChEMBL,5.33866065999396
CCc1c(C(=O)NC2CCCCC2)cc(C)n1-c1ccccc1,ChEMBL,5.339940325892789
CCCCCn1cc(C(=O)N[C@H]2CC[C@H](C)CC2)c(=O)c2c(C)nn(C)c21,ChEMBL,5.340273904762208
CCCCCn1cc(C(=O)NC2CCCCCC2)c(=O)c2cnn(C)c21,ChEMBL,5.341988603342887
CCOc1ccc(Cc2nc3cc(C(=O)N(CC(F)(F)F)CC(F)(F)F)ccc3n2CC2CC2)cc1,ChEMBL,5.343518484209501
CCCOc1ccc2c(c1)c(C(=O)c1ccc(OC)cc1)cn2CC1CCOCC1,ChEMBL,5.3441895055047475
CCCCCCC1=C/C(=C\c2ccccc2)c2ccccc21,ChEMBL,5.355167671174364
CC(C)=C[C@H]1C[C@]2(C)[C@H](CC[C@@]3(C)[C@H]2CC[C@H]2Cc4c([nH]c5ccccc45)[C@@]23C)O1,ChEMBL,5.356547323513812
CC(C)=CC1CC2(C)C(CCC3(C)C2CCC2Cc4c([nH]c5ccccc45)C23C)O1,GLASS,5.356547323513812
CCOc1ccc(Cc2nc3cc(C(=O)N(CC)CC)ccc3n2C[C@H]2CCCCN2C)cc1,ChEMBL,5.3650191999487715
CCOc1ccc(Cc2nc3cc(C(=O)N(CC)CC)ccc3n2CC2CCCCN2C)cc1,GLASS,5.3650191999487715
CCc1cnc(NC(=O)C(C)(C)CC)cc1CN1CCOCC1,ChEMBL,5.366531544420414
CCCn1c(C)c(C(=O)c2cccc3cccc(I)c23)c2ccccc21,ChEMBL,5.367542707815276
CCN(CC)c1ccc(CN([C@]23C[C@H]4C[C@H](C[C@H](C4)C2)C3)S(=O)(=O)c2ccc(F)cc2)cc1,ChEMBL,5.369775589247568
CCCn1cc(C(=O)C2C(C)(C)C2(C)C)c2ccccc21,ChEMBL,5.369999510099088
O=C(CCCCCCCCCCCCCCCOc1cccc(O)c1)NC1CC1,ChEMBL,5.371611069949688
Cc1nn(C)c2c1c(=O)c(C(=O)NC1CCCCC1)cn2Cc1ccccc1,ChEMBL,5.371815491926587
O=C(NN1CCCC1)c1nn(-c2ccc(Cl)cc2Cl)c2c1Cc1cc(C3CC3)ccc1-2,ChEMBL,5.375614758579735
CC1(C)C(C(=O)c2cn(CCc3nsc(Cl)n3)c3ccccc23)C1(C)C,ChEMBL,5.376750709602099
CCN(CC)C(=O)c1ccc2c(c1)nc(Cc1ccc(OCC3CC3)cc1)n2CCC(C)C,ChEMBL,5.377785977033705
Cc1ccc(C(=O)c2cn(CC[N+]3(C)CCOCC3)c3ccccc23)c2ccccc12.[I-],ChEMBL,5.3794475552705645
CCCCCCC(C)(C)c1cc(OC)c2c(c1)OC(C)(C)c1cn(C)nc1-2,ChEMBL,5.3810110796350665
CCc1nc(C(=O)NC23CC4CC(CC(C4)C2)C3)c(C)n1-c1ccccc1,ChEMBL,5.381742655159599
O=C(c1cccc(C(F)(F)F)c1)c1cc(O)c(-c2cc(Cl)cc(Cl)c2)c(O)c1,ChEMBL,5.383629527708731
Cc1ccc(C2COc3cccc4c(=O)c(C(=O)NC5CCCCC5)cn2c34)cc1,ChEMBL,5.38636956507476
COCCn1c(C)c(C(C)(C)C)s/c1=N\C(=O)c1ccc(C(F)(F)F)cc1,ChEMBL,5.3872161432802645
CC1(CNS(=O)(=O)C(F)(F)F)CCN(S(=O)(=O)c2ccc(Cl)cc2S(=O)(=O)c2ccccc2F)CC1,ChEMBL,5.3872161432802645
CCCCCn1cc(C(=O)Nc2cccc3ccccc23)c(=O)c2ccccc21,ChEMBL,5.3890206200770026
COc1ccc(C(=O)c2cn(CC[N+]3(C)CCOCC3)c3ccccc23)c2ccccc12.[I-],ChEMBL,5.3890206200770026
CC1(C)C(C(=O)c2cn(CCN3CCOCC3)c3cccc(NS(C)(=O)=O)c23)C1(C)C,ChEMBL,5.390000296157769
CCc1c(C)cc(C(=O)NC2(C(=O)O)CCCCC2)c(=O)n1Cc1ccc(F)cc1,ChEMBL,5.390725827595412
C[C@H]1CC[C@@H](NC(=O)c2cc3cc(-c4ccco4)cnc3n(Cc3ccc(F)cc3)c2=O)CC1,ChEMBL,5.391902053674721
CC[C@H](C)[C@H](NC(=O)n1c(=O)n(CCN2CCOCC2)c2ccccc21)C(N)=O,ChEMBL,5.393618634889395
O=C(NN1CCOCC1)c1nn(-c2ccc(Cl)cc2Cl)c2c1Cc1cc(C3CC3)ccc1-2,ChEMBL,5.394371777992381
O=c1n(-c2ccccc2)c(O)c(-c2ccc(Br)cc2)n1-c1ccccc1,GLASS,5.3950183703925685
O=C1C(c2ccc(Br)cc2)N(c2ccccc2)C(=O)N1c1ccccc1,ChEMBL,5.3950183703925685
Cc1cc(-c2cc(C(=O)N[C@H]3CC[C@H](C)CC3)c(=O)n(Cc3ccc(F)cc3)n2)ccc1Cl,ChEMBL,5.3979400086720375
Cn1nc(OCc2ccc3ccccc3c2)c2ccccc21,ChEMBL,5.3979400086720375
Cc1cc(-c2cc(C(=O)N[C@@H]3C(C)(C)[C@@H]4CC[C@@]3(C)C4)c(=O)n(Cc3ccc(F)cc3)n2)ccc1Cl,ChEMBL,5.3979400086720375
Oc1c(-c2ccccc2)n(-c2ccccc2)c(=S)n1-c1ccccc1,GLASS,5.3979400086720375
NC(=O)c1ccc(-c2cc(C(=O)NC3CCCCC3O)cnc2OCC2CC2)cc1,GLASS,5.3979400086720375
Cc1cc(-c2cc(C(=O)NCCN3CCOCC3)c(=O)n(Cc3ccc(F)cc3)n2)ccc1Cl,ChEMBL,5.3979400086720375
COC(=O)C(Cc1ccccc1)NC(=O)c1c(C)n(CCN2CCOCC2)c2c(OC)cccc12,GLASS,5.3979400086720375
Nc1ccc2c(c1)c(OCc1ccccc1)nn2Cc1ccccc1,ChEMBL,5.3979400086720375
O=c1[nH]n2c(=O)n(Cc3ccc(C(F)(F)F)nc3)nc2c(-c2ccncc2)c1-c1ccc(Cl)cc1,ChEMBL,5.3979400086720375
Cc1cc(-c2cc(C(=O)NC3CCCCCC3)c(=O)n(Cc3ccc(F)cc3)n2)ccc1Cl,ChEMBL,5.3979400086720375
O=C(NC1CCCCCC1)c1c2c(nn(Cc3ccc(F)cc3)c1=O)-c1ccccc1C2,ChEMBL,5.3979400086720375
Cc1cc(-c2cc(C(=O)NC3CCCCC3)c(=O)n(Cc3ccc(F)cc3)n2)ccc1Cl,ChEMBL,5.3979400086720375
Cc1cc(-c2cc(C(=O)N[C@H]3CC[C@@H](C)CC3)c(=O)n(Cc3ccc(F)cc3)n2)ccc1Cl,ChEMBL,5.3979400086720375
COC(=O)[C@H](Cc1ccccc1)NC(=O)c1c(C)n(CCN2CCOCC2)c2c(OC)cccc12,ChEMBL,5.3979400086720375
Cc1ccc(Cn2nc(-c3ccc(Cl)c(C)c3)cc(C(=O)NC3CCCCC3)c2=O)cc1,ChEMBL,5.3979400086720375
Cc1cc(-c2cc(C(=O)NC34CC5CC(CC(C5)C3)C4)c(=O)n(Cc3ccc(F)cc3)n2)ccc1Cl,ChEMBL,5.3979400086720375
Cc1nc(C(=O)NC[C@H]2C[C@@H]3C[C@H](C2)C3(C)C)c(C)n1-c1ccccc1,ChEMBL,5.39848321634999
O=C(O)Cc1ccc(NC(=O)c2cc3c(n(CC4CCCCC4)c2=O)CCCCCC3)cc1,ChEMBL,5.399353764337605
C[C@H](N)c1ccc(S(=O)(=O)c2ccc(Cl)cc2S(=O)(=O)c2ccccc2F)cc1,ChEMBL,5.403073185657029
CC(N)c1ccc(S(=O)(=O)c2ccc(Cl)cc2S(=O)(=O)c2ccccc2F)cc1,GLASS,5.403073185657029
N#Cc1ccc(Cn2c3c(cc(C(=O)NC4(C(=O)O)CCCCC4)c2=O)CCCCCC3)cc1,ChEMBL,5.403183064084409
CCCNC(=O)N1CCN(c2nc(Cc3ccccc3)c3c(c2C#N)CC(C)(C)OC3)CC1,ChEMBL,5.403512866263456
COc1ccc(C(=O)c2cn(CC3CCOCC3)c3c(OCCCCCCNC(C)=O)cccc23)cc1,ChEMBL,5.406935568341282
C=CCn1cc(C(=O)C(=O)NC23CC4CC(CC(C4)C2)C3)c2cc(-c3ccccc3)ccc21,ChEMBL,5.407268233606038
CCCCCC=CCC=CCC=CCC=CCCCC(=O)N(O)CCO,GLASS,5.4089353929735005
CCCCC/C=C\C/C=C\C/C=C\C/C=C\CCCC(=O)N(O)CCO,ChEMBL,5.4089353929735005
CCCCCCC(C)(C)c1ccc(-c2cc(C)cc(C)c2)c(CN2CCOCC2)c1,ChEMBL,5.4089353929735005
Cc1ccc(C(=O)NC2C3(C)CCC(C3)C2(C)C)cc1CC(=O)N1CCOCC1,ChEMBL,5.4089353929735005
Cc1ccc(C2COc3cccc4c(=O)c(C(=O)NC56CC7CC(CC(C7)C5)C6)cn2c34)cc1,ChEMBL,5.41150419899279
CCCCCCn1cc(C(=O)NC2CCCCC2)c(=O)c2c(C)nn(C)c21,ChEMBL,5.412289034981089
CNC(=O)c1cnc(-c2ccc(C)cc2)c(-c2ccc(C)cc2)n1,ChEMBL,5.414764936634224
C=C(C)CCC1C(C(=C)CCC=CC(=O)NCCCl)CC1(C)C,GLASS,5.416801226031377
O=C1N(CCc2ccccc2)C(=S)NC1(c1ccc(Cl)cc1)c1ccc(Cl)cc1,ChEMBL,5.420102130396896
CCC(C)(C)C(=O)Nc1cc(C)c(C)c(S(=O)(=O)NCC2CC2)c1,ChEMBL,5.42021640338319
CCC(C)(C)C(=O)Nc1cc(CN2CCOCC2)c(C)cn1,ChEMBL,5.42021640338319
O=[N+]([O-])c1ccc2c(c1)c(OCc1cccc3ccccc13)nn2Cc1cccc2ccccc12,ChEMBL,5.42021640338319
CCCCCc1cc(O)cc(OCCCCCCCCCCCCOC(CO)CO)c1,ChEMBL,5.422508200162775
CCCCCCCN1C(=O)C2C3c4ccccc4C(c4ccccc43)C2C1=O,ChEMBL,5.423658649794207
CC1CCC(NC(=O)c2cc3ccccc3n(CCCO)c2=O)CC1,ChEMBL,5.424696666577601
CCCCCn1cc(C(=O)NC23CC4CC(CC(C4)C2)C3)c(=O)c2c(C(C)(C)C)nn(C)c21,ChEMBL,5.425621435586917
CCc1c(C(=O)NC(C)c2ccccc2)cc(C)n1-c1ccccc1,ChEMBL,5.427511767971747
O=C(c1cc(O)c(-c2cc(C(F)(F)F)cc(C(F)(F)F)c2)c(O)c1)c1cccs1,ChEMBL,5.427709393848582
CCCCCn1cc(C(=O)NC23CC4CC(CC(C4)C2)C3)c(=O)n2nc(-c3ccc(OC)cc3)nc12,ChEMBL,5.429106963781607
COc1ccccc1Cn1ccc2c(c1=O)c1cccc(OC)c1n2CCN1CCOCC1,ChEMBL,5.431798275933005
CCCCCCCCC=CCCCCCCCCCCCC(=O)NCCc1ccc(OC)cc1OC,GLASS,5.431798275933005
CCCCCCCC/C=C\CCCCCCCCCCCC(=O)NCCc1ccc(OC)cc1OC,ChEMBL,5.431798275933005
COc1ccccc1Cc1cc2c(C)c(OC)c(C)c(C)c2oc1=O,ChEMBL,5.436518914605589
C=C(C)CCC1C(C(=C)CCC=CC(=O)NCCC)CC1(C)C,GLASS,5.436518914605589
CC(C)N1C(=O)C(c2ccc(Br)cc2)(c2ccc(Br)cc2)NC1=S,ChEMBL,5.440093374963888
CCCCCn1cc(C(=O)NC23CC4CC(CC(C4)C2)C3)c2cc(-c3cccs3)ccc21,ChEMBL,5.441171475182989
C=CCn1cc(C(=O)C(=O)NC23CC4CC(CC(C4)C2)C3)c2cc(-c3ccco3)ccc21,ChEMBL,5.44165149123838
OCC1OC(ON=Cc2c[nH]c3ccccc23)C(O)C(O)C1O,GLASS,5.442733471130096
CCCCc1cc(-c2ccccc2)cc(C(=O)N[C@H]2CC[C@H](C)CC2)c1OC,ChEMBL,5.442733471130096
Cc1ccc(-c2cc(S(=O)(=O)NC3CCCCC3)nnc2-c2ccc(C)cc2)cc1,ChEMBL,5.443215217692974
COc1ccc2c(c1)c(CC(=O)N1CCOCC1)c(C)n2C(=O)c1ccccc1Cl,ChEMBL,5.443697499232712
COc1ccc(C(=O)c2cn(CC3CCOCC3)c3c(O)cccc23)cc1,ChEMBL,5.445753191833889
C=Cn1cc(C(=O)NC2C3(C)CCC(C3)C2(C)C)c(=O)c2ccc(F)cc21,GLASS,5.447015606108616
C=Cn1cc(C(=O)N[C@@H]2C(C)(C)C3CC[C@]2(C)C3)c(=O)c2ccc(F)cc21,ChEMBL,5.447015606108616
CCCn1nc(C(=O)NN2CCCCC2)c(C)c1-c1ccccc1,ChEMBL,5.448001380950991
CCC(=O)N[C@@H](C)c1ccc(S(=O)(=O)c2ccc(OC)cc2S(=O)(=O)c2ccc(OC)cc2)cc1,ChEMBL,5.4486720119961545
CCC(=O)NC(C)c1ccc(S(=O)(=O)c2ccc(OC)cc2S(=O)(=O)c2ccc(OC)cc2)cc1,GLASS,5.4486720119961545
O=C(NC1CCCCC1O)c1cc(-c2ccc(Cl)cc2)c(OCC2CC2)cn1,GLASS,5.455931955649724
CCCCC/C=C\C/C=C\C/C=C\C/C=C\CCCC(=O)ONCCO,ChEMBL,5.455931955649724
CCCCCC=CCC=CCC=CCC=CCCCC(=O)ONCCO,GLASS,5.455931955649724
CCOc1ccc(Cc2nc3cc(N(C)C(=O)N4CCCCC4)ccc3n2CC2CC2)cc1,ChEMBL,5.4590451910738675
CC1(C)C(C(=O)c2cn(CCN3CCOCC3)c3cccc(N)c23)C1(C)C,ChEMBL,5.4599998126889995
COc1ccc2c(c1)c(C(=O)C1C(C)(C)C1(C)C)cn2CCN1CCOCC1,ChEMBL,5.4599998126889995
O=C1NC(c2ccc(Br)cc2)(c2ccc(Br)cc2)C(=O)N1Cc1ccccc1,ChEMBL,5.460046158343603
O=C1N(c2ccccc2)C(=S)NC1(c1ccc(Br)cc1)c1ccc(Br)cc1,ChEMBL,5.462180904926726
CC1CCC(NC(=O)c2cc3cc(-c4ccco4)cnc3n(Cc3ccc(F)cc3)c2=O)CC1,ChEMBL,5.4629368572183825
CCC(C)(C)C(=O)Nc1cc(C)c(C)c(S(=O)(=O)NC2CCCC2)c1,ChEMBL,5.468521082957745
CCCCCCC(C)(C)c1cc(O)cc(OCCCCCCCCCCC(=O)NCCc2ccc(O)c(O)c2)c1,ChEMBL,5.468521082957745
O=C(NCCCc1ccccc1)C(c1ccccc1)c1ccccc1,ChEMBL,5.468521082957745
Cc1ccc(NC(=O)C2C(C)(C)C2(C)C)cc1S(=O)(=O)N1CCOCC1,ChEMBL,5.468521082957745
O=C(c1c(NC(=O)C23CC4CC(CC2C4)C3)sc2c1CCOC2)N1CC(F)(F)C1,ChEMBL,5.470000200122707
CCN(CC)c1ccc(CN(c2ccc(C)cc2)S(=O)(=O)c2ccc(C(C)C)cc2)cc1,ChEMBL,5.473014931440004
COc1ccc2c(c1)c(CN1CCOCC1)c(C)n2C(=O)c1cccc(Cl)c1Cl,ChEMBL,5.473273132685365
CC1(C(=O)c2cn(CC3CCOCC3)c3ccccc23)CC1(Cl)Cl,ChEMBL,5.473660722610156
CCCCNC(=O)N1CCC(Nc2ncnc3c2nc(-c2ccccc2Cl)n3-c2ccc(Cl)cc2)CC1,ChEMBL,5.475863623407432
CC(C)c1ccc(C(=O)c2cc(O)c(-c3cc(Cl)cc(Cl)c3)c(O)c2)cc1,ChEMBL,5.4780777551165
O=C1C(c2ccc(Cl)cc2)N(c2cccc(Cl)c2)C(=O)N1c1cccc(Cl)c1,ChEMBL,5.479909671887158
O=c1n(-c2cccc(Cl)c2)c(O)c(-c2ccc(Cl)cc2)n1-c1cccc(Cl)c1,GLASS,5.479909671887158
CC1(C)C(C(=O)c2cn(CC3CCOCC3)c3ccc(C#N)cc23)C1(C)C,ChEMBL,5.480172006224281
CCN(CC)C1(c2nc(-c3cc(C(C)(C)C)c(O)c(C(C)(C)C)c3)cs2)CCOCC1,ChEMBL,5.481091426308586
CCCCCCc1ccc(O)cc1OCCCCCCCCCCC(=O)Nc1ccc(O)cc1,ChEMBL,5.481486060122113
Cc1ccc(-c2cc3ncccc3c3cc(C(=O)N[C@@H]4C[C@H](C)CC[C@H]4C(C)C)nn23)cc1,ChEMBL,5.481486060122113
CCCCCn1cc(C(=O)NCc2ccccc2)c(=O)n2nc(C)cc12,ChEMBL,5.482804102050026
CC1CCC(NC(=O)c2cc3cc(-c4cccs4)cnc3n(Cc3ccc(F)cc3)c2=O)CC1,ChEMBL,5.484126156288321
COc1ccc(-c2cnc3c(c2)cc(C(=O)NC2CCC(C)CC2)c(=O)n3Cc2ccc(F)cc2)cc1,ChEMBL,5.486516043295743
CCCCCCc1ccc(OCCCCCCCCCCC(=O)NCC2CC2)cc1OC,ChEMBL,5.488116639021126
CCCCCn1cc(C(=O)NC2CCCCC2)c(=O)n2nc(-c3ccccc3)nc12,ChEMBL,5.492954127572674
C#CCn1cc(C(=O)NC23CC4CC(CC(C4)C2)C3)c(=O)c2cc(Br)ccc21,ChEMBL,5.493494967595128
CCN(CC)c1ccc(CN(C(=O)Cc2ccc(Cl)cc2)c2ccc(C)cc2)cc1,ChEMBL,5.494850021680094
N#Cc1ccccc1CSc1nnc2c(n1)[nH]c1cccc(Br)c12,ChEMBL,5.494850021680094
CCCCCCC(C)(C)c1cc(OC)cc(OCCCCCCCCCCC(=O)NCC2CC2)c1,ChEMBL,5.495733079505996
Cc1c(CCN2CCOCC2)c2ccccc2n1C(=O)c1cccc(Cl)c1Cl,ChEMBL,5.495801081460555
O=C1/C(=C/c2cccc(OCc3ccc(Cl)cc3Cl)c2)N=C2SCCCCN12,ChEMBL,5.497572880015567
CCOc1ccc(Cc2nc3cc(C(=O)N(C)CC)ccc3n2CCC(C)C)cc1,ChEMBL,5.498940737782249
CCCCCCC(C)(C)c1cc(OC)cc(OCCCCCCCCCCC(=O)NCCO)c1,ChEMBL,5.500725418107782
C=CCc1ccc(O)c(-c2cc(CC=C)ccc2O)c1,ChEMBL,5.501689446210399
CCCCCC(C)(C)c1cc(OC)c2c(c1)OC(C)(C)[C@@H]1CCC(C)=C[C@@H]21,ChEMBL,5.503901007867428
CCCCCC(C)(C)c1cc(OC)c2c(c1)OC(C)(C)C1CCC(C)=CC21,GLASS,5.503901007867428
CC1Oc2cccc3c(=O)c(C(=O)NC4CCCCC4)cn(c23)C1c1ccccc1,ChEMBL,5.505011026316832
CN(CCCCCCCOc1ccc(-c2oc3ccccc3c2C(=O)c2ccc(-c3ccccc3)cc2)cc1)Cc1ccccc1,ChEMBL,5.505845405981558
CCOc1ccc(Cc2nc3cc(C(=O)N(CC)CC)ccc3n2CC2CCC2)cc1,ChEMBL,5.506541949004812
CCCCCCCCCCC[C@@H](C[C@@H]1OC(=O)[C@H]1CCCCCC)OC(=O)[C@H](C)NC=O,ChEMBL,5.508638306165727
Cc1cc(NC(=O)C(C)(C)C)cc(S(=O)(=O)N2CCOCC2)c1C,ChEMBL,5.508638306165727
CCCCCCCCCCCC(CC1OC(=O)C1CCCCCC)OC(=O)C(C)NC=O,GLASS,5.508638306165727
CC1CCC(NC(=O)c2cccnc2OCc2ccccc2)CC1,ChEMBL,5.509620079996821
COc1c(Cc2ccc(F)cc2)cc(-c2ccccc2)cc1C(=O)N[C@H]1CC[C@H](C)CC1,ChEMBL,5.510604078272871
CC(=O)Nc1ccc(C=NOC2OC(CO)C(O)C(O)C2O)cc1,GLASS,5.510604078272871
CCCCCCCOc1cc(O)cc(OCCCCCCCCCCC(=O)NCCO)c1,ChEMBL,5.512861624522814
Cc1ccc(Cn2cc(C(=O)N3CCCCC3)cc2-c2ccc(Cl)c(C)c2)cc1,ChEMBL,5.512861624522814
O=C(N[C@H](C(=O)O)C1CCCCC1)c1cc2c(n(CC3CCCCC3)c1=O)CCCCCC2,ChEMBL,5.5139948136377575
O=C(c1cn(CCN2CCOCC2)c2ccccc12)[C@@H]1CC12CCCCC2,ChEMBL,5.514704561273911
O=C(c1cn(CCN2CCOCC2)c2ccccc12)C1CC12CCCCC2,GLASS,5.514704561273911
O=C(N[C@@H]1CCCC[C@H]1O)c1cnc(OC2CCCCC2)c(-c2ccc(Cl)cc2)c1,ChEMBL,5.517841304588724
O=C(NC1CCCCC1O)c1cnc(OC2CCCCC2)c(-c2ccc(Cl)cc2)c1,GLASS,5.517841304588724
CCS(=O)(=O)n1c2c(c3cc(C(=O)N4CCC(C)CC4)ccc31)CN(C1CCOCC1)C2,ChEMBL,5.519849274726719
CC(C)(C)C(NC(=O)n1c(=O)n(CC2(O)CCOCC2)c2ccccc21)C(N)=O,GLASS,5.521433504406157
CC(C)(C)[C@H](NC(=O)n1c(=O)n(CC2(O)CCOCC2)c2ccccc21)C(N)=O,ChEMBL,5.521433504406157
Cc1nc(C(=O)NC2C3CC4CC(C3)CC2C4)c(C)n1-c1ccccc1,ChEMBL,5.521722168080395
CCCCCc1cc(NC(C)=O)c2c(c1)OC(C)(C)[C@@H]1CCC(C)=C[C@@H]21,ChEMBL,5.522878745280337
CCCCCn1cc2c(=O)n(CC3CC3)nc-2c2ccccc21,ChEMBL,5.522878745280337
Cc1cccc(C2=NN(C(=O)Nc3ccccc3)CC2Cc2ccccc2)c1,ChEMBL,5.522878745280337
CCCCCn1cc2c(=O)n(-c3cccc(C(F)(F)F)c3)nc-2c2ccccc21,ChEMBL,5.522878745280337
COc1ccccc1-c1cc(C(=O)NC23CC4CC(CC(C4)C2)C3)no1,ChEMBL,5.522878745280337
O=S(=O)(NCC1CC1)c1ccc(NN2CCCCC2)cc1C(F)(F)F,ChEMBL,5.522878745280337
CCCCCn1cc2c(=O)n(C3CCCCC3)nc-2c2ccccc21,ChEMBL,5.522878745280337
CCCCCn1cc(C(=O)NC23CC4CC(CC(C4)C2)C3)c(=O)cc1C,ChEMBL,5.522878745280337
Cc1cc(C2=NN(C(=O)Nc3ccccc3)CC2Cc2ccccc2)ccc1Cl,ChEMBL,5.522878745280337
CCCCCOc1ccccc1-c1cc(C(=O)NC2CCCCC2)no1,ChEMBL,5.522878745280337
CCCCOc1ccccc1-c1cc(C(=O)NC23CC4CC(CC(C4)C2)C3)no1,ChEMBL,5.522878745280337
CCCCCn1cc(C(=O)NC23CC4CC(CC(C4)C2)C3)c(=O)cc1C(C)(C)C,ChEMBL,5.522878745280337
CCCCCCn1nc2c3ccccc3n(CCCCC)cc-2c1=O,ChEMBL,5.522878745280337
CCCCCn1cc2c(=O)n(CCC3CCCCC3)nc-2c2ccccc21,ChEMBL,5.522878745280337
O=C(Nc1ccccc1)N1CC(Cc2ccccc2)C(c2ccc(Cl)cc2)=N1,ChEMBL,5.522878745280337
CCCCCc1cc2c(c(C(=O)O)c1)[C@@H]1C=C(C)CC[C@H]1C(C)(C)O2,ChEMBL,5.522878745280337
CCCCCn1cc2c(=O)n(Cc3ccccc3)nc-2c2ccccc21,ChEMBL,5.522878745280337
Cc1cc(C2=NN(C(=O)NC3CCCCC3)CC2Cc2ccccc2)ccc1Cl,ChEMBL,5.522878745280337
CCCCCn1c(-c2ccccc2)c2c(=O)n(-c3ccccc3)nc-2c2ccccc21,ChEMBL,5.522878745280337
CCCCCn1c(-c2ccccc2)c2c(=O)n(-c3cccc(C(F)(F)F)c3)nc-2c2ccccc21,ChEMBL,5.522878745280337
CCCCCc1cc(CNC(C)=O)c2c(c1)OC(C)(C)[C@@H]1CCC(C)=C[C@@H]21,ChEMBL,5.522878745280337
CCCCCc1cc(CNC(N)=O)c2c(c1)OC(C)(C)[C@@H]1CCC(C)=C[C@@H]21,ChEMBL,5.522878745280337
CCCCCc1cc(NC(=O)NC)c2c(c1)OC(C)(C)[C@@H]1CCC(C)=C[C@@H]21,ChEMBL,5.522878745280337
CCCCCc1cc(CN)c2c(c1)OC(C)(C)[C@@H]1CCC(C)=C[C@@H]21,ChEMBL,5.522878745280337
CCCCCOc1ccccc1-c1cc(C(=O)NC2CCCCCC2)no1,ChEMBL,5.522878745280337
CCCCCn1cc2c(=O)n(-c3ccccc3)nc-2c2ccccc21,ChEMBL,5.522878745280337
CCCCCc1cc(O)cc(OCCCCCCCCCCC(=O)Nc2ccc(O)cc2)c1,ChEMBL,5.522878745280337
CCCCCn1cc(C(=O)NCC23CC4CC(CC(C4)C2)C3)c(=O)c2ccccc21,ChEMBL,5.522878745280337
Cc1ccc(CC2CN(C(=O)Nc3ccccc3)N=C2c2ccc(Cl)c(C)c2)cc1,ChEMBL,5.522878745280337
CCCCCc1cc2c(c(C(N)=O)c1)[C@@H]1C=C(C)CC[C@H]1C(C)(C)O2,ChEMBL,5.522878745280337
CCCCCCC(C)(C)c1cc(NC(=O)c2ccncc2)c2c(c1)OC(C)(C)[C@@H]1CCC(C)=C[C@@H]21,ChEMBL,5.522878745280337
CCCCCc1cc(NC(=O)CN(C)C)c2c(c1)OC(C)(C)[C@@H]1CCC(C)=C[C@@H]21,ChEMBL,5.522878745280337
CCCCCc1cc2c(c([S+](C)[O-])c1)[C@@H]1C=C(C)CC[C@H]1C(C)(C)O2,ChEMBL,5.522878745280337
CC(NC(=O)c1cn(-c2ccccc2)c(-c2ccccc2)cc1=O)C12CC3CC(CC(C3)C1)C2,ChEMBL,5.522878745280337
CCCCCn1cc2c(=O)n(CC3CCCCC3)nc-2c2ccccc21,ChEMBL,5.522878745280337
Cc1cccc(C2=NN(C(=O)NC3CCCCC3)CC2Cc2ccccc2)c1,ChEMBL,5.522878745280337
CCCCCc1cc2c(c(N(C)C)c1)[C@@H]1C=C(C)CC[C@H]1C(C)(C)O2,ChEMBL,5.522878745280337
Cc1cc(C2=NN(C(=O)NC3CCCCC3)CC2C2CCCC2)ccc1Cl,ChEMBL,5.522878745280337
CCCCCn1cc(C(=O)Nc2cccc(C(F)(F)F)c2)c(=O)cc1-c1ccccc1,ChEMBL,5.522878745280337
CCCCCn1c(-c2ccccc2)c2c(=O)n(Cc3ccccc3)nc-2c2ccccc21,ChEMBL,5.522878745280337
CCCCCn1cc2c(=O)n(CCCc3ccccc3)nc-2c2ccccc21,ChEMBL,5.522878745280337
CCn1cc(C(=O)NC(C)C23CC4CC(CC(C4)C2)C3)c(=O)cc1-c1ccccc1,ChEMBL,5.522878745280337
CCCCCCOc1ccccc1-c1cc(C(=O)NC23CC4CC(CC(C4)C2)C3)no1,ChEMBL,5.522878745280337
CCCCCn1cc2c(=O)n(-c3ccc(OC)cc3)nc-2c2ccccc21,ChEMBL,5.522878745280337
CCCCCc1cc(NC(N)=O)c2c(c1)OC(C)(C)[C@@H]1CCC(C)=C[C@@H]21,ChEMBL,5.522878745280337
CCCCCc1cc(NC(=O)c2ccncc2)c2c(c1)OC(C)(C)[C@@H]1CCC(C)=C[C@@H]21,ChEMBL,5.522878745280337
CCCCCc1cc(NS(C)(=O)=O)c2c(c1)OC(C)(C)[C@@H]1CCC(C)=C[C@@H]21,ChEMBL,5.522878745280337
CCCCCn1c(-c2ccccc2)c2c(=O)[nH]nc-2c2ccccc21,ChEMBL,5.522878745280337
CCCCCn1nc2c3ccccc3n(CCCCC)cc-2c1=O,ChEMBL,5.522878745280337
CCCCCc1cc(CNS(C)(=O)=O)c2c(c1)OC(C)(C)[C@@H]1CCC(C)=C[C@@H]21,ChEMBL,5.522878745280337
CCCCCOc1ccccc1-c1cc(C(=O)NC2C3CC4CC(C3)CC2C4)no1,ChEMBL,5.522878745280337
O=C(NC1CCCCC1)N1CC(Cc2ccccc2)C(c2ccc(Cl)cc2)=N1,ChEMBL,5.522878745280337
CC(=O)N1CC(Cc2ccccc2)C(c2ccccc2)=N1,ChEMBL,5.522878745280337
CCCCCn1c(-c2ccccc2)c2c(=O)n(CCCc3ccccc3)nc-2c2ccccc21,ChEMBL,5.522878745280337
O=C(Nc1ccccc1)N1CC(Cc2ccccc2)C(c2ccccc2)=N1,ChEMBL,5.522878745280337
CCCCCOc1ccccc1-c1cc(C(=O)NC23CC4CC(CC(C4)C2)C3)no1,ChEMBL,5.522878745280337
CCCCCc1cc2c(c(C(=O)NC(CO)CO)c1)[C@@H]1C=C(C)CC[C@H]1C(C)(C)O2,ChEMBL,5.522878745280337
CCCCCc1cc2c(c(C(=O)NCC(N)=O)c1)[C@@H]1C=C(C)CC[C@H]1C(C)(C)O2,ChEMBL,5.522878745280337
O=C(NC1CCCCC1)N1CC(Cc2ccccc2)C(c2ccccc2)=N1,ChEMBL,5.522878745280337
CCCCCn1cc(C(=O)NN2CCCCC2)c(=O)cc1-c1ccccc1,ChEMBL,5.522878745280337
O=S(=O)(NCC1CC1)c1ccc(NC2CCCCCC2)cc1C(F)(F)F,ChEMBL,5.522878745280337
CCCCCn1cc2c(=O)n(CC34CC5CC(CC(C5)C3)C4)nc-2c2ccccc21,ChEMBL,5.522878745280337
Cc1ccc(CC2CN(C(=O)NC3CCCCC3)N=C2c2ccc(Cl)c(C)c2)cc1,ChEMBL,5.522878745280337
CCCCCn1cc(C(=O)NC2CCCCC2)c(=O)cc1C(C)(C)C,ChEMBL,5.522878745280337
O=S(=O)(NCC1CC1)c1ccc(NC2CCCCC2)cc1C(F)(F)F,ChEMBL,5.522878745280337
CCCCCc1cc2c(c(C(=O)NC)c1)[C@@H]1C=C(C)CC[C@H]1C(C)(C)O2,ChEMBL,5.522878745280337
CCCCCOc1ccccc1-c1cc(C(=O)NC2CCCCCCC2)no1,ChEMBL,5.522878745280337
CCCCCc1cc2c(c(C(=O)N(C)C)c1)[C@@H]1C=C(C)CC[C@H]1C(C)(C)O2,ChEMBL,5.522878745280337
CCCCCn1cc(NC(=O)C2CCCCC2)c(=O)cc1-c1ccccc1,ChEMBL,5.522878745280337
CCCCCCc1ccc(O)cc1OCCCCCCCCCCCCCCCC(=O)Nc1ccc(O)cc1,ChEMBL,5.522878745280337
CCCCCn1c(-c2ccccc2)c2c(=O)n(-c3ccc(OC)cc3)nc-2c2ccccc21,ChEMBL,5.522878745280337
c1ccc2c(COc3nn(CCN4CCCCC4)c4ccccc34)cccc2c1,ChEMBL,5.522878745280337
CCCCCn1cc2c(=O)[nH]nc-2c2ccccc21,ChEMBL,5.522878745280337
CCCCCn1cc(NC(=O)OC(C)(C)C)c(=O)cc1-c1ccccc1,ChEMBL,5.522878745280337
CCCCCc1cc(NC(=O)OC)c2c(c1)OC(C)(C)[C@@H]1CCC(C)=C[C@@H]21,ChEMBL,5.522878745280337
O=S(=O)(NCC1CC1)c1ccc(Nc2ccc(F)cc2F)cc1C(F)(F)F,ChEMBL,5.522878745280337
CCCCCn1cc2c(=O)n(CCC34CC5CC(CC(C5)C3)C4)nc-2c2ccccc21,ChEMBL,5.522878745280337
CC(C)(NC(=O)c1cc2c(n(CC3CCCCC3)c1=O)CCCCCC2)C(=O)N1CCC(C(=O)O)CC1,ChEMBL,5.527243550682788
CCCn1cc(C(=O)c2cccc3cccc(I)c23)c2ccccc21,ChEMBL,5.528708288941061
CC1(C)C(C(=O)c2cn(CC3CCOCC3)c3cc(O)ccc23)C1(C)C,ChEMBL,5.5300307905000405
CCCCCCC(C)(C)c1cc(O)cc(OCCCCCCCCCCOC(CO)CO)c1,ChEMBL,5.531652669587842
CCCCCCC(C)(C)c1cc(OC)c2c(c1)OC(C)(C)c1cn(CC)nc1-2,ChEMBL,5.533132379645891
COc1ccc2c(=O)c(C(=O)NC3CCCCC3)cn(CCN3CCOCC3)c2c1,ChEMBL,5.534617148551582
CCS(=O)(=O)n1c2c(c3cc(C(=O)N4CCC(F)CC4)ccc31)CN(C1CCCC1)C2,ChEMBL,5.535510452566029
CCCCCc1cc(O)c2c(c1)OC(C)(C)[C@@H]1CCC(C)=C[C@H]21,ChEMBL,5.5376020021010435
O=C(c1cccc2ccccc12)n1c(C2CCCCC2)nc2ccccc21,ChEMBL,5.5376020021010435
CCCCCC=CCC=CCC=CCC=CCCCC(=O)Nc1c(C)n(C)n(-c2ccccc2)c1=O,GLASS,5.5376020021010435
Cc1ccc(NC(=O)[C@@H]2C[C@@]3(C)CC[C@]2(C)O3)cc1S(=O)(=O)N1CCOCC1,ChEMBL,5.5376020021010435
S=C(Nc1ccccc1)NC(c1ccc(Cl)cc1)c1ccc(Cl)cc1,ChEMBL,5.5376020021010435
O=C(Nc1ccccc1)NC(c1ccc(Br)cc1)c1ccc(Br)cc1,ChEMBL,5.5376020021010435
CCCCC/C=C\C/C=C\C/C=C\C/C=C\CCCC(=O)Nc1c(C)n(C)n(-c2ccccc2)c1=O,ChEMBL,5.5376020021010435
O=C1/C(=C/c2cn(Cc3ccccc3)c3ncccc23)N2CCC1CC2,ChEMBL,5.5379016188648444
CC(C)CCOc1cc(O)cc(OCCCCCCCCCCC(=O)NCCO)c1,ChEMBL,5.540607512240769
O=C(O)Cc1cccc(NC(=O)c2cc3c(n(CC4CCCCC4)c2=O)CCCCCC3)c1,ChEMBL,5.540607512240769
CCCCCOc1c(OC)ccc2cc(C(=O)NCCc3ccc(F)cc3)c(Cl)nc12,ChEMBL,5.541362150974351
C[C@@H]1COc2cccc3c(=O)c(C(=O)NC4CCCCC4)cn1c23,ChEMBL,5.542723813938674
Cc1nc(-c2ccccc2)sc1C(=O)N1CCOCC1,ChEMBL,5.543633966870957
C=C1C[C@H]2c3c(cc(CCCCC)cc3OS(=O)(=O)c3ccc(C)cc3)OC(C)(C)[C@@H]2CC1OO,ChEMBL,5.54515513999149
O=C(c1cccc2ccccc12)c1cn(CCN2CCOCC2)c2ccc(O)cc12,ChEMBL,5.546987608878545
COc1c(Cc2ccc(F)cc2)cc(-c2ccc(F)cc2)cc1C(=O)NC1CCCCCC1,ChEMBL,5.548060130634897
OCC1OC(ON=Cc2cccc3ccccc23)C(O)C(O)C1O,GLASS,5.548060130634897
Cc1c(C(=O)Nc2ccc(Cl)cc2)nn(-c2ccc(Cl)c(Cl)c2)c1-n1c(C)ccc1C,ChEMBL,5.549750891680639
Cc1c(C(=O)NN2CCCCC2)nn(-c2ccccc2)c1-n1cccc1,ChEMBL,5.549750891680639
O=C(NN1CCCCC1)c1cc(-n2cccc2)n(-c2ccc(Cl)cc2)n1,ChEMBL,5.549750891680639
CCCCCCc1c(O)cccc1OCCCCCCCCCCC(=O)NCc1ccc(OC)c(O)c1,ChEMBL,5.549750891680639
N#Cc1c(C(=O)NN2CCCCC2)nn(-c2ccccc2)c1-n1cccc1,ChEMBL,5.549750891680639
Cc1nn(-c2ccc(Cl)cc2)c(-n2cccc2)c1C(=O)NN1CCCCC1,ChEMBL,5.549750891680639
Cc1c(C(=O)NC(c2ccccc2)c2ccc(Cl)cc2)nn(-c2ccc(Cl)c(Cl)c2)c1-n1c(C)ccc1C,ChEMBL,5.549750891680639
Cc1c(C(=O)NN2CCOCC2)nn(-c2ccc(F)cc2F)c1-n1cccc1,ChEMBL,5.549750891680639
N#Cc1c(C(=O)NN2CCCCC2)nn(-c2ccc(Cl)cc2)c1-n1cccc1,ChEMBL,5.549750891680639
Cc1nn(-c2ccc(Cl)cc2)c(-n2cccc2)c1C(=O)NCc1ccc(Cl)c(Cl)c1,ChEMBL,5.549750891680639
O=C(NN1CCCCC1)c1cc(-n2cccc2)n(-c2ccccc2)n1,ChEMBL,5.549750891680639
CCCCCCC(C)(C)c1cc(O)cc(OCCCCCCCCCCC(=O)NCc2ccc(O)c(OC)c2)c1,ChEMBL,5.549750891680639
COc1cc2c(cc1OCc1ccccc1)c(C(=O)C1C(C)(C)C1(C)C)cn2CC1CCOCC1,ChEMBL,5.552221990705379
CC(CO)NC(=O)CCCC=CCC=CCC=CCC=CCCOC(=O)c1cccc2c1OC(C)(C(C)(C)C)O2,GLASS,5.552841968657781
CCCCCCCC/C=C/C(=O)NCCc1cc(OC)cc(OC)c1,ChEMBL,5.552841968657781
Cc1c(C(=O)NCc2ccc(Cl)c(Cl)c2)nn(-c2ccc(F)cc2F)c1-n1cccc1,ChEMBL,5.552841968657781
O=c1c2cn(CCN3CCOCC3)c3ccccc3c-2nn1-c1ccccc1,ChEMBL,5.552841968657781
Cc1c(C(=O)NN2CCCCC2)nn(-c2ccc(F)cc2F)c1-n1cccc1,ChEMBL,5.552841968657781
CN(CCCCCCCOc1ccc(-c2cc3ccccc3o2)cc1)Cc1ccccc1,ChEMBL,5.552841968657781
C[C@H](CO)NC(=O)CCC/C=C\C/C=C\C/C=C\C/C=C\CCOC(=O)c1cccc2c1OC(C)(C(C)(C)C)O2,ChEMBL,5.552841968657781
CCCCCCCCC=CC(=O)NCCc1cc(OC)cc(OC)c1,GLASS,5.552841968657781
C=CCn1cc(C(=O)NC23CC4CC(CC(C4)C2)C3)c2cc(-c3ccco3)ccc21,ChEMBL,5.553773598221837
Cc1cccc(C)c1N(C(=O)c1ccccc1Cl)C(=O)C(c1ccc([N+](=O)[O-])cc1)N1CCOCC1,ChEMBL,5.555174800490252
CCCCCc1cc(O)cc(OCCCCCCCCCCCNC(=O)C2CC2)c1,ChEMBL,5.557520230935552
O=C1N(c2ccc(Cl)cc2)C(=S)NC1(c1ccc(Br)cc1)c1ccc(Br)cc1,ChEMBL,5.560667306169737
C[C@H](NS(C)(=O)=O)c1ccc(S(=O)(=O)c2ccc(Cl)cc2S(=O)(=O)NS(C)(=O)=O)cc1,ChEMBL,5.560825260156531
CC(NS(C)(=O)=O)c1ccc(S(=O)(=O)c2ccc(Cl)cc2S(=O)(=O)NS(C)(=O)=O)cc1,GLASS,5.560825260156531
CCS(=O)(=O)n1c2c(c3cc(C(=O)N4CCC(C)CC4)ccc31)CN(CCC1CCCCC1)C2,ChEMBL,5.561932549546506
O=C(NC1CCCCCC1)c1cc(-c2ccc(F)cc2)cn(CCN2CCOCC2)c1=O,ChEMBL,5.563201489768197
CNC(=O)C(NC(=O)n1c(=O)n(CCN2CCOCC2)c2ccccc21)C(C)(C)C,GLASS,5.565431095965801
CNC(=O)[C@@H](NC(=O)n1c(=O)n(CCN2CCOCC2)c2ccccc21)C(C)(C)C,ChEMBL,5.565431095965801
Cc1cc(-c2ccccc2)n(Cc2ccccc2)c(=O)c1S(=O)(=O)c1ccccc1,ChEMBL,5.566070234391536
CCCCCCC(C)(C)c1cc(O)cc(OCCCCCCCCCCCC(=O)OC(CO)CO)c1,ChEMBL,5.567030709125595
O=C(c1cc2ccccc2s1)c1cccc2ccccc12,ChEMBL,5.568636235841013
CCCN(CC1CC1)c1ccc(S(=O)(=O)NCC2CCCO2)c(C(F)(F)F)c1,ChEMBL,5.5718652059712115
COc1cc(Nc2ccc(S(=O)(=O)NCC3CC3)cc2)cc(OC)c1,ChEMBL,5.5718652059712115
C=CCCn1cc(C(=O)NC23CC4CC(CC(C4)C2)C3)c(=O)c2cc(Br)ccc21,ChEMBL,5.5718652059712115
O=S(=O)(NCC1CCCO1)c1ccc(N2CCc3ccccc32)cc1C(F)(F)F,ChEMBL,5.5718652059712115
COc1cc(OC)nc(Nc2ccc(S(=O)(=O)NCC3CC3)c(C(F)(F)F)c2)n1,ChEMBL,5.5741398549221595
Cc1c2n(c(=O)c3cc(OC(=O)C(C)(C)C)cc(OC(=O)C(C)(C)C)c13)CCCC2,ChEMBL,5.580044251510242
CCCCCCC(C)(C)c1cc(O)c2cc(Cc3ccccc3)c(=O)oc2c1,ChEMBL,5.580044251510242
CCCCCn1cc(C(=O)NC23CC4CC(CC(C4)C2)C3)c(=O)c2cc(C=Cc3ccc(OC)cc3)ccc21,GLASS,5.580044251510242
CCCCCn1cc(C(=O)NC23CC4CC(CC(C4)C2)C3)c(=O)c2cc(/C=C/c3ccc(OC)cc3)ccc21,ChEMBL,5.580044251510242
Cc1cc(C(=O)NC(C)c2ccccc2)c(C)n1-c1ccccc1,ChEMBL,5.581397127935847
CCCn1c(=O)c(C(=O)NC2CCC(C)CC2)cc2ccccc21,ChEMBL,5.583525920899779
CCCN(CCC)C(=O)c1ccc2c(c1)nc(Cc1ccc(OCC)cc1)n2CC1CC1,ChEMBL,5.583692412940118
C1=C(CCN2CCOCC2)c2ccccc2/C1=C/c1cccc(-c2ccccc2)c1,ChEMBL,5.5845258318907645
CCCCCCCCCCC[C@@H](C[C@@H]1OC(=O)[C@H]1CCCCCC)OC(=O)[C@@H]1CCC(=O)N1,ChEMBL,5.585026652029182
CCCCCCCCCCCC(CC1OC(=O)C1CCCCCC)OC(=O)C1CCC(=O)N1,GLASS,5.585026652029182
c1ccc(COc2nn(Cc3ccccc3)c3ccccc23)cc1,ChEMBL,5.585026652029182
COc1ccc(-c2oc3ccccc3c2C(=O)c2ccc(NCc3ccc(C#N)cc3)cc2)cc1,ChEMBL,5.585026652029182
CN1CCN(NC(=O)c2cnn(-c3ccc(Cl)cc3Cl)c2-c2ccc(Br)cc2)CC1,ChEMBL,5.585026652029182
CCCCOC(=O)c1cc(O)c(-c2cc(C)cc(C)c2)c(O)c1,ChEMBL,5.585026652029182
COc1ccc(C2c3ccsc3CCN2C(=O)CN(C(=O)C2CCCCC2)C(C)C)cc1,ChEMBL,5.586197483230649
CCN(CC)CCOc1cccc(C(=O)c2c(-c3ccc(OCCCCCCCN(C)Cc4ccccc4)cc3)oc3ccccc23)c1,ChEMBL,5.590066876668706
CCCn1cc(C(=O)c2ccc3c(c2)CC(C)(C)C3)c2ccccc21,ChEMBL,5.591929714112815
COc1ccc2c(c1)c(CC(=O)N1CCOCC1)c(C)n2C(=O)c1c(Cl)cccc1Cl,ChEMBL,5.592949185195749
CC(C)(C)c1ccc(C(=O)c2cc(O)c(-c3cc(Cl)cc(Cl)c3)c(O)c2)cc1,ChEMBL,5.597051170655595
O=C(O)c1ccccc1NC(=O)c1cc2c(n(CC3CCCCC3)c1=O)CCCCCC2,ChEMBL,5.597566653780688
OCC1OC(ON=Cc2c3ccccc3cc3ccccc23)C(O)C(O)C1O,GLASS,5.598082749482425
CCCCc1cc(-c2ccc(F)cc2)cc(C(=O)N[C@H]2CC[C@@H](C)CC2)c1OC,ChEMBL,5.598082749482425
CCCCCn1cc(C(=O)NC23CC4CC(CC(C4)C2)C3)c(=O)c2cc(C(F)(F)F)ccc21,ChEMBL,5.598599459218456
NOC1OC(CO)C(O)C(O)C1O,GLASS,5.601712694642599
COc1c(Cc2ccccc2)cc(-c2ccccc2)cc1C(=O)N[C@H]1CC[C@H](C)CC1,ChEMBL,5.601712694642599
COc1ccc(-c2cc(CC(C)Br)ccc2O)cc1CC(C)Br,GLASS,5.6020599913279625
CCOc1ccc(Cc2nc3cc(C(=O)N(CC)CC)ccc3n2CC2CCCCN2)cc1,GLASS,5.6020599913279625
CC1CN(S(=O)(=O)c2ccc(Cl)cc2S(=O)(=O)c2ccccc2F)CCC1CNS(=O)(=O)C(F)(F)F,GLASS,5.6020599913279625
Cc1ccc(C(=O)NC2C3(C)CCC(C3)C2(C)C)cc1C(=O)N1CCOCC1,GLASS,5.6020599913279625
C=CCc1ccc(OCCC)c(-c2ccc(O)c(CC=C)c2)c1,GLASS,5.6020599913279625
C=CCc1ccc(O)c(-c2ccc(OC)c(C=CC)c2)c1,GLASS,5.6020599913279625
C=CCc1ccc(O)c(-c2ccc(OCCC)c(CC=C)c2)c1,GLASS,5.6020599913279625
CCCc1ccc(O)c(-c2ccc(O)c(CCC)c2)c1,GLASS,5.6020599913279625
Cc1c2c(n(-c3ccc(Cl)cc3)c1-c1ccc(Cl)cc1)CCN(C1CCCCC1)C2=O,ChEMBL,5.6020599913279625
C=CCc1ccc(O)c(-c2ccc(OCCCCC)c(CC=C)c2)c1,GLASS,5.6020599913279625
Cc1c2c(n(-c3ccc(Cl)cc3Cl)c1-c1ccc(C(=O)O)cc1)CCN(C1CCCCC1)C2=O,ChEMBL,5.6020599913279625
CCOc1ccc(Cc2nc3cc(C(=O)N(CC)CC)ccc3n2CC2CCCN2C)cc1,GLASS,5.6020599913279625
Cc1ccc(Cn2cc(C(=O)NCC3CCC4CC3C4(C)C)cc2-c2ccc(Cl)c(C)c2)cc1,GLASS,5.6020599913279625
Cc1ccc(Cn2cc(C(=O)NC3C4(C)CCC(C4)C3(C)C)c3c2-c2ccc(Cl)c(C)c2C3)cc1,GLASS,5.6020599913279625
Cc1ccc(Cn2cc(C(=O)NC(C)C3CCCCC3)cc2-c2ccc(Cl)c(C)c2)cc1,GLASS,5.6020599913279625
Cc1ccc(Cn2cc(C(=O)NC3CC(C)CCC3C(C)C)cc2-c2ccc(Cl)c(C)c2)cc1,GLASS,5.6020599913279625
C=CCc1cc(-c2cc(CC(C)Br)ccc2O)ccc1OC,GLASS,5.6020599913279625
C[C@H]1CN(S(=O)(=O)c2ccc(Cl)cc2S(=O)(=O)c2ccccc2F)CC[C@@H]1CNS(=O)(=O)C(F)(F)F,ChEMBL,5.6020599913279625
CSc1ccc(-c2c(C)c3c(n2-c2ccc(Cl)cc2Cl)CCN(C2CCCCC2)C3=O)cc1,ChEMBL,5.6020599913279625
Cc1c2c(n(-c3ccc(Cl)cc3)c1-c1ccc(Cl)cc1Cl)CCN(C1CCCCC1)C2=O,ChEMBL,5.6020599913279625
O=S(=O)(c1ccccc1F)c1cc(Cl)ccc1S(=O)(=O)N1CC(CCNS(=O)(=O)C(F)(F)F)C1,ChEMBL,5.6020599913279625
C=CCc1ccc(OCCCCC)c(-c2ccc(O)c(CC=C)c2)c1,GLASS,5.6020599913279625
CCCCCC=CCC=CCC=CCC=CCCCC(=O)OC(CO)COC(=O)CCCCCNC(=O)CCCCC1SCC2NC(=O)NC21,GLASS,5.6020599913279625
CC(Br)Cc1ccc(O)c(-c2ccc(O)c(CC(C)Br)c2)c1,GLASS,5.6020599913279625
C=CCc1ccc(O)c(-c2ccc(O)c(C=CC)c2)c1,GLASS,5.6020599913279625
Cc1c(C(=O)NCCCNCCCN)nn(-c2ccc(Cl)cc2Cl)c1-c1ccc(Cl)cc1,ChEMBL,5.6020599913279625
CCC(C)(C)C(=O)Nc1cc(C)c(C)c(S(=O)(=O)N2CCOCC2)c1,ChEMBL,5.6020599913279625
CCCCCCCCCCC[C@@H](C[C@@H]1OC(=O)[C@H]1CCCCCC)OC(=O)[C@H](CC(C)C)NC=O,ChEMBL,5.6020599913279625
O=S(=O)(c1ccccc1F)c1cc(Cl)ccc1S(=O)(=O)N1CCC2(CC1)CC2NS(=O)(=O)C(F)(F)F,ChEMBL,5.6020599913279625
C=CCc1cc(-c2cc(CC(C)Br)ccc2O)ccc1O,GLASS,5.6020599913279625
Cc1cnc(NC(=O)C2(C)CCCCC2C)cc1CN1CCOCC1,ChEMBL,5.6020599913279625
O=C(NC1CCCCC1O)c1cc(-c2ccc(Cl)cc2)c(OCC2CC2)nn1,GLASS,5.6020599913279625
CCOc1ccc(Cc2nc3cc(C(=O)N(CC)CC)ccc3n2CC2CCCO2)cc1,GLASS,5.6020599913279625
CCCCCn1cc(C(=O)NC2CCCCCC2)c(=O)n2nc(-c3ccccc3)nc12,ChEMBL,5.605023280445436
CCOc1ccc(Cc2nc3cc(N(C)C(=O)c4cccs4)ccc3n2CC2CC2)cc1,ChEMBL,5.605023280445436
CC1Oc2cccc3c(=O)c(C(=O)NC45CC6CC(CC(C6)C4)C5)cn(c23)C1c1ccccc1,ChEMBL,5.613501034449347
CCCCCn1cc(C(=O)NC2CCC(C)CC2)c(=O)n2nc(C)cc12,ChEMBL,5.614036429399302
CCCCOc1cc(O)cc(OCCCCCCCCCCC(=O)NCCO)c1,ChEMBL,5.617982957425132
COc1ccc(COc2nn(Cc3ccc(OC)cc3)c3ccccc23)cc1,ChEMBL,5.619788758288394
Cc1c(C(=O)NC2CCCC2)nn(-c2ccc(F)cc2F)c1-n1cccc1,ChEMBL,5.619788758288394
CCCCCCC(CC=CCCCCCCCC(=O)NCc1ccc(O)c(OC)c1)OC(=O)Cc1ccccc1,GLASS,5.619788758288394
CCCCC/C=C\C/C=C\C/C=C\C/C=C\CCCC(=O)NCCc1ccc(OC)cc1,ChEMBL,5.619788758288394
CCCCCCCC/C=C/C(=O)NCCc1ccc(OC)cc1,ChEMBL,5.619788758288394
CCCCCCCCC=CC(=O)NCCc1ccc(OC)cc1,GLASS,5.619788758288394
CCN(CC)C(=O)c1ccc2c(c1)nc(Cc1ccc(Oc3ccccc3)cc1)n2CCC(C)C,ChEMBL,5.620513186282726
COc1ccc(C2C(C(=O)Nc3cccc(C)n3)c3ccccc3C(=O)N2C2CCCCC2)cc1,ChEMBL,5.620513186282726
Fc1ccc(C(c2ccc(F)cc2)N2CCN(C/C=C/c3ccccc3)CC2)cc1,ChEMBL,5.621420423884225
CCNC(=O)c1cnc(-c2ccc(C)cc2)c(-c2ccc(C)cc2)n1,ChEMBL,5.62324060459512
CC1CCN(C(=O)c2ccc3c(c2)c2c(n3C(=O)N(C)C)CCN(C3CCOCC3)C2)CC1,ChEMBL,5.623423042943488
CCCCCn1cc(CC(=O)NC23CC4CC(CC(C4)C2)C3)c2cc(-c3ccccc3)ccc21,ChEMBL,5.623423042943488
CCCCCOc1c(OC)ccc2cc(C(=O)NCc3ccc4c(c3)OCO4)c(=O)[nH]c12,ChEMBL,5.6252516539898965
CN(C)C1(c2nc(-c3cc(C(C)(C)C)c(O)c(C(C)(C)C)c3)cs2)CCSCC1,ChEMBL,5.6302277114030375
O=S(=O)(NCc1ccco1)c1ccc(Nc2ccc(F)cc2F)cc1C(F)(F)F,ChEMBL,5.631341287607773
CC(=O)n1c2c(c3cc(C(=O)N4CCC(C)CC4)ccc31)CN(C1CCCC1)C2,ChEMBL,5.632457726479423
CCCCCCC(C)(C)c1cc(OC)c2c(c1)OC(C)(C)c1cnn(-c3ccc(Cl)c(Cl)c3)c1-2,ChEMBL,5.633763876281707
COc1ccccc1N1CCN(C(=O)C(C)Sc2nc(-c3ccccc3)cc(C(F)(F)F)n2)CC1,ChEMBL,5.6356366453842694
CCCCn1c(=O)c(C(=O)NC2CCC(C)CC2)cc2cccnc21,ChEMBL,5.6356366453842694
COc1ccc(S(=O)(=O)c2cc(OC)ccc2S(=O)(=O)c2ccc(C(C)NC(=O)C(C)(C)C)cc2)cc1,GLASS,5.6365760670828235
COc1ccc(S(=O)(=O)c2cc(OC)ccc2S(=O)(=O)c2ccc([C@H](C)NC(=O)C(C)(C)C)cc2)cc1,ChEMBL,5.6365760670828235
Cc1nc(-c2ccccc2)sc1C(=O)NC1CCCc2ccccc21,ChEMBL,5.638272163982407
CCN(CC)c1ccc(CN(Cc2ccccc2)S(=O)(=O)c2ccc(C)cc2)cc1,ChEMBL,5.638272163982407
CCCCCCCCCCCC(CC1OC(=O)C1CCCCCC)OC(=O)CNC(C)=O,GLASS,5.638272163982407
CCCCCCCCCCC[C@@H](C[C@@H]1OC(=O)[C@H]1CCCCCC)OC(=O)CNC(C)=O,ChEMBL,5.638272163982407
CC(C)CCOc1cc(O)cc(OCCCCCCCCCCC(=O)NCC2CC2)c1,ChEMBL,5.638272163982407
Cc1ccc(C(=O)n2cc(CN=Nc3nc(N4CCOCC4)nc(N4CCOCC4)n3)c3ccccc32)cc1,GLASS,5.638461028730721
Cc1ccc(C(=O)n2cc(/C=N/Nc3nc(N4CCOCC4)nc(N4CCOCC4)n3)c3ccccc32)cc1,ChEMBL,5.638461028730721
CCCCc1cc(-c2ccc(OC)cc2)cc(C(=O)N[C@H]2CC[C@H](C)CC2)c1OC,ChEMBL,5.639406586434752
O=C1C(=Cc2cccc(OCc3ccccc3Cl)c2)N=C2SCCCCN12,GLASS,5.640164517660112
O=C1/C(=C/c2cccc(OCc3ccccc3Cl)c2)N=C2SCCCCN12,ChEMBL,5.640164517660112
CNC1(c2nc(-c3cc(C(C)(C)C)c(O)c(C(C)(C)C)c3)cs2)CCOCC1,ChEMBL,5.643400564275029
CC(C)NC(=O)C(C)Sc1nnc2c3ccccc3n(Cc3ccccc3)c2n1,ChEMBL,5.644165504115064
CCCc1ccc(O)c(-c2cc(CCC)ccc2O)c1,ChEMBL,5.645891560852599
CCN(CC)c1ccc(CN(Cc2ccc(F)cc2)S(=O)(=O)c2ccc(C)cc2)cc1,ChEMBL,5.647817481888637
CSC1=NC(=O)/C(=C/c2cccc(OCc3ccc(Cl)cc3)c2)N1,ChEMBL,5.655607726314889
CC1(C)C(C(=O)c2cn(CCc3ccncc3)c3ccccc23)C1(C)C,ChEMBL,5.657577319177793
Cc1cc(C)cc(-c2ccc(C(C)(C)CO)cc2O)c1,ChEMBL,5.657577319177793
Cc1ccc(-c2cc3ncccc3c3cc(C(=O)N[C@H]4C5(C)CCC(C5)C4(C)C)nn23)cc1,ChEMBL,5.657577319177793
O=C(NCCCc1ccccc1)C(c1ccccc1)c1ccc(Cl)cc1,ChEMBL,5.657577319177793
O=S(=O)(c1ccccc1F)c1cc(Cl)ccc1S(=O)(=O)N1C[C@@H]2[C@H](C1)[C@H]2NS(=O)(=O)C(F)(F)F,ChEMBL,5.657577319177793
O=C(NCCC(c1ccccc1)c1ccccc1)C(O)(c1ccccc1)c1ccccc1,ChEMBL,5.657577319177793
CCN1C(=O)C(c2ccc(Br)cc2)(c2ccc(Br)cc2)NC1=S,ChEMBL,5.658961368322477
O=C1N(Cc2ccccc2)C(=S)NC1(c1ccc(Cl)cc1)c1ccc(Cl)cc1,ChEMBL,5.659952682338607
CC(=O)Nc1cccc2c1c(C(=O)C1C(C)(C)C1(C)C)cn2CCN1CCOCC1,ChEMBL,5.660000322371772
Cc1c(CCN2CCOCC2)c2ccccc2n1C(=O)c1cccc2ccccc12,ChEMBL,5.660946264290861
CC(C)(C)c1cc(-c2csc(C3(N4CCCCC4)CCOCC3)n2)cc(C(C)(C)C)c1O,ChEMBL,5.662940273679475
CCCCCc1cc(O)c2cc(Cc3cccc(C)c3)c(=O)oc2c1,ChEMBL,5.663540266151471
O=C1C(c2ccccc2)N(c2ccc(Cl)cc2)C(=S)N1c1ccc(Cl)cc1,ChEMBL,5.6649434805609085
O=C1/C(=C/c2cccc(OCc3cccc(Cl)c3)c2)N=C2SCCCCN12,ChEMBL,5.665546248849069
CC1COc2cccc3c(=O)c(C(=O)NC4CCCCC4)cn1c23,ChEMBL,5.667561540084395
CC1(C)C(C(=O)c2cn(CCCO)c3ccccc23)C1(C)C,ChEMBL,5.670000424450806
CN1CCN(CCn2cc(C(=O)C3C(C)(C)C3(C)C)c3ccccc32)CC1,ChEMBL,5.670000424450806
CCS(=O)(=O)n1c2c(c3cc(C(=O)N4CCC(OC)CC4)ccc31)CN(C1CCCC1)C2,ChEMBL,5.671416550285798
O=C1/C(=C/c2cccc(OCc3ccccc3)c2)N=C2SCCCCN12,ChEMBL,5.671620396561262
CCc1sc(NC(=O)C23CC4CC(CC(C4)C2)C3)c(C(=O)OC)c1C,ChEMBL,5.673664139071248
Cc1c(C(=O)NN2CCCCC2)nn(-c2ccc(Cl)cc2Cl)c1-c1ccc(C#CCCOC(=O)CCCCCCCCCCNC(=S)c2ccc3c(c2)C(=O)OC32c3ccc(O)cc3Oc3cc(O)ccc32)cc1,ChEMBL,5.675717544702307
O=C1C(c2ccccc2)N(c2cccc(Cl)c2)C(=O)N1c1cccc(Cl)c1,ChEMBL,5.675717544702307
CCCCCn1cc(C(=O)NC23CC4CC(CC(C4)C2)C3)c(=O)c2c(OC)ccc(OC)c21,ChEMBL,5.6777807052660805
CCCCCc1cc(O)cc(OCCCCCCCCCCC(=O)NCc2ccc(OC)c(O)c2)c1,ChEMBL,5.6777807052660805
O=C(NC1CCOc2ccccc21)n1c(=O)n(CCN2CCOCC2)c2ccccc21,ChEMBL,5.6777807052660805
CCCCCc1cc(O)c2c(c1)OC1=C(CC[C@H](C)C1)C2(C)C,ChEMBL,5.6777807052660805
CCC(C)(C)C(=O)Nc1cc(C)c(C)c(S(=O)(=O)N2CCSC2)c1,ChEMBL,5.6777807052660805
COc1ccc(OC)c2c(=O)c(C(=O)NC34CC5CC(CC(C5)C3)C4)c[nH]c12,ChEMBL,5.6777807052660805
CCCCCCc1c(O)cccc1OCCCCCCCCCCC(=O)NCCc1ccc(O)c(O)c1,ChEMBL,5.6777807052660805
Cc1ccc(C(=O)NC2C(C)(C)[C@@H]3CC[C@@]2(C)C3)cc1CCCN1CCOCC1,ChEMBL,5.6777807052660805
Cc1c(C(=O)Nc2ccc(Cl)cc2)nn(-c2ccc(F)cc2F)c1-n1cccc1,ChEMBL,5.6777807052660805
Cc1ccc(C(=O)NC2C3(C)CCC(C3)C2(C)C)cc1CCCN1CCOCC1,GLASS,5.6777807052660805
CCCCCc1cc(O)c2c(c1)OC1=C(CCC(C)C1)C2(C)C,GLASS,5.6777807052660805
O=C1/C(=C/c2cccc(OCc3ccc(Cl)cc3Cl)c2)N=C2SCCCN12,ChEMBL,5.679853713888946
CC(C)CN1C(=O)C(c2ccc(Cl)cc2)(c2ccc(Cl)cc2)NC1=S,ChEMBL,5.680061560019691
CCCCCn1cc(C(=O)NC23CC4CC(CC(C4)C2)C3)c(=O)c2cc(I)ccc21,ChEMBL,5.681936665037238
CCCCCc1cc(O)cc(OCCCCCCCCCCCNC2CC2)c1,ChEMBL,5.681936665037238
CCCCCCC(C)(C)c1cc(O)cc(OCCCCCCCCCCCNC(=O)C2CC2)c1,ChEMBL,5.684029654543083
COc1ccc2c(c1)c(CC(=O)N1CCOCC1)c(C)n2C(=O)c1cccc(Cl)c1Cl,ChEMBL,5.689731633367552
CCN(CC)c1ccc(CN([C@]23C[C@H]4C[C@H](C[C@H](C4)C2)C3)S(=O)(=O)c2ccc(Cl)cc2)cc1,ChEMBL,5.691862621361961
CC1(C)C(C(=O)c2cn(Cc3cccnc3)c3ccccc23)C1(C)C,ChEMBL,5.692503962086787
CCC(C)C(NC(=O)n1c(=O)n(CCN2CCOCC2)c2ccccc21)C(N)=O,GLASS,5.694648630553377
Oc1c(-c2ccccc2)n(-c2ccc(Cl)c(Cl)c2)c(=S)n1-c1ccc(Cl)c(Cl)c1,GLASS,5.698752911363789
O=C1C(c2ccccc2)N(c2ccc(Cl)c(Cl)c2)C(=S)N1c1ccc(Cl)c(Cl)c1,ChEMBL,5.698752911363789
CCCCCC=CCC=CCC=CCC=CCCCC(=O)NC(C)COC(=O)CCCCCNC(=O)CCCCC1SCC2NC(=O)NC21,GLASS,5.698970004336019
CC(CO)NC(=O)CCCC=CCC=CCC=CCC=CCCCCOC(=O)CCCCCNC(=O)CCCCC1SCC2NC(=O)NC21,GLASS,5.698970004336019
C#CCCCC(=O)NC(Cc1ccc(C(=O)c2ccccc2)cc1)C(=O)OCC(C)NC(=O)CCCC=CCC=CCC=CCC=CCCCCC,GLASS,5.698970004336019
C#CCCCC(=O)OCC(C)NC(=O)CCCC=CCC=CCC=CCC=CCCCCC,GLASS,5.698970004336019
C#CCCCC(=O)OC[C@@H](C)NC(=O)CCC/C=C\C/C=C\C/C=C\C/C=C\CCCCC,ChEMBL,5.698970004336019
CC(C)(C)CNC(=O)c1ccc(Br)c(S(=O)(=O)N2CCCC2)c1,ChEMBL,5.698970004336019
CCCCC/C=C\C/C=C\C/C=C\C/C=C\CCCC(=O)N[C@H](C)COC(=O)CCCCCNC(=O)CCCC[C@@H]1SC[C@@H]2NC(=O)N[C@@H]21,ChEMBL,5.698970004336019
O=C(CCCC[C@@H]1SC[C@@H]2NC(=O)N[C@@H]21)NCCCCCC(=O)OCCCC/C=C\C/C=C\C/C=C\C/C=C\CCCC(=O)NC1CC1,ChEMBL,5.698970004336019
CCN(CC)c1ccc(CN(c2ccccc2)S(=O)(=O)c2ccc(C(C)C)cc2)cc1,ChEMBL,5.698970004336019
C#CCCCC(=O)N[C@@H](Cc1ccc(C(=O)c2ccccc2)cc1)C(=O)OC[C@@H](C)NC(=O)CCC/C=C\C/C=C\C/C=C\C/C=C\CCCCC,ChEMBL,5.698970004336019
C[C@H](CO)NC(=O)CCC/C=C\C/C=C\C/C=C\C/C=C\CCCCOC(=O)CCCCCNC(=O)CCCC[C@@H]1SC[C@@H]2NC(=O)N[C@@H]21,ChEMBL,5.698970004336019
CCN(CC)c1ccc(CN(C(=O)Cc2ccc(Cl)cc2)c2ccc(Cl)cc2)cc1,ChEMBL,5.698970004336019
CCCCCOC(=O)c1cc(O)c(-c2cc(C)cc(C)c2)c(O)c1,ChEMBL,5.698970004336019
CCCCCCCOc1cc(O)cc(OCCCCCCCCCCC(=O)NC2CC2)c1,ChEMBL,5.700000503883016
Cc1ncsc1CCn1cc(C(=O)C2C(C)(C)C2(C)C)c2ccccc21,ChEMBL,5.700000503883016
CCCCc1c(C(=O)NC23CC4CC(CC(C4)C2)C3)nc(C)n1-c1ccccc1,ChEMBL,5.700057099977233
CCS(=O)(=O)NC(C)c1ccc(S(=O)(=O)c2ccc(OC)cc2S(=O)(=O)c2ccc(OC)cc2)cc1,GLASS,5.705974905904677
CCS(=O)(=O)N[C@@H](C)c1ccc(S(=O)(=O)c2ccc(OC)cc2S(=O)(=O)c2ccc(OC)cc2)cc1,ChEMBL,5.705974905904677
CC1=C(CCN2CCOCC2)c2ccccc2C1=Cc1cccc2ccccc12,GLASS,5.711080394338273
CC1=C(CCN2CCOCC2)c2ccccc2/C1=C\c1cccc2ccccc12,ChEMBL,5.711080394338273
COc1ccc(-c2cc(C(=O)N3CCN(C(C)=O)CC3)n(-c3cccc(C)c3)n2)c(OC)c1,ChEMBL,5.7115271994002175
CCCCCCC/C=C/C=C/C(=O)NCC(C)C,ChEMBL,5.7121982700697735
CCCCCn1cc(C(=O)NC2C3CC4CC(C3)CC2C4)c(=O)c2ccccc21,ChEMBL,5.71556926615548
COc1ccc(S(=O)(=O)c2cc(OC)ccc2S(=O)(=O)c2ccc(C(C)NS(=O)(=O)c3ccc(C)cc3)cc2)cc1,GLASS,5.71602071576152
COc1ccc(S(=O)(=O)c2cc(OC)ccc2S(=O)(=O)c2ccc([C@H](C)NS(=O)(=O)c3ccc(C)cc3)cc2)cc1,ChEMBL,5.71602071576152
O=C(NC1CCCCCC1)c1cccnc1OCc1ccccc1,ChEMBL,5.716698771296451
CCCCCc1cc(OC)c2cc(Cc3ccccc3)c(=O)oc2c1,ChEMBL,5.716698771296451
COc1ccc2c(c1)c(CCN1CCOCC1)c(C)n2C(=O)c1cccc(Cl)c1Cl,ChEMBL,5.717377887121938
CCCCCc1cc(O)c2c(c1)OC(C)(C)[C@@H]1C[C@H](O)C(C)=C[C@@H]21,ChEMBL,5.7198771036976925
COc1ccc2c(Cc3c(Cl)cncc3Cl)nncc2c1C#CCCCc1ccccc1,GLASS,5.7198771036976925
CC1(C)C(C(=O)c2cn(CC3CCOCC3)c3ccc(Br)cc23)C1(C)C,ChEMBL,5.720000163638921
CCCNC(=O)c1c(NC(=O)C23CC4CC(CC2C4)C3)sc2c1CCCC2,ChEMBL,5.720000163638921
C#CCCCn1c(C)c(C(=O)c2ccc3c(c2)CC(C)(C)C3)c2ccccc21,ChEMBL,5.720333055951545
O=C(c1ccccc1)c1cc(O)c(-c2cc(C(F)(F)F)cc(C(F)(F)F)c2)c(O)c1,ChEMBL,5.720333055951545
Cc1ccc(NC(=O)C2CCCCC2)cc1S(=O)(=O)N1CCOCC1,ChEMBL,5.721246399047171
CC1(C)C(C(=O)c2cn(CCc3ccccn3)c3ccccc23)C1(C)C,ChEMBL,5.721246399047171
CS(=O)(=O)Nc1ccc(-c2cc(C(=O)NC3CCCCC3O)cnc2OCC2CC2)cc1,GLASS,5.721246399047171
CCCCCn1cc(C(=O)NN2CCCCC2)c(=O)c2cc(Br)ccc21,ChEMBL,5.721246399047171
S=C(Nc1ccc(Cl)cc1)NC(c1ccc(Cl)cc1)c1ccc(Cl)cc1,ChEMBL,5.721246399047171
CS(=O)(=O)Nc1ccc(-c2cc(C(=O)N[C@@H]3CCCC[C@H]3O)cnc2OCC2CC2)cc1,ChEMBL,5.721246399047171
O=C(NCCCc1ccccc1)C(c1ccccc1)c1ccc(Br)cc1,ChEMBL,5.721246399047171
CCCCCCCCCCC[C@@H](C[C@@H]1OC(=O)[C@H]1CCCCCC)OC(=O)CCNC=O,ChEMBL,5.721246399047171
CCCCCCCCCCCC(CC1OC(=O)C1CCCCCC)OC(=O)CCNC=O,GLASS,5.721246399047171
COC(=O)C1OC(SC2C=CC3C4Cc5ccc(OC(C)=O)c6c5C3(CCN4C)C2O6)C(OC(C)=O)C(OC(C)=O)C1OC(C)=O,GLASS,5.722390785695909
CCCCCCC(C)(C)c1cc(O)cc(OCCCCCCCCCCC(=O)NC(CO)CO)c1,ChEMBL,5.723538195826756
CC(C)C(NC(=O)c1cc2c(n(CC3CCCCC3)c1=O)CCCCCC2)C(=O)O,GLASS,5.7265357273786535
CC(C)[C@H](NC(=O)c1cc2c(n(CC3CCCCC3)c1=O)CCCCCC2)C(=O)O,ChEMBL,5.7265357273786535
O=C1C(c2ccc(Cl)cc2)N(c2ccc(Cl)cc2)C(=O)N1c1ccc(Cl)cc1,ChEMBL,5.7265357273786535
Cn1cc(C(=O)NC2C3(C)CCC(C3)C2(C)C)c(=O)c2ccc(Sc3ccccc3)cc21,GLASS,5.728878944295867
Cn1cc(C(=O)N[C@@H]2C(C)(C)C3CC[C@]2(C)C3)c(=O)c2ccc(Sc3ccccc3)cc21,ChEMBL,5.728878944295867
CC1(C)C(C(=O)c2cn(CC3CCOCC3)c3ccc(-c4ccccc4)cc23)C1(C)C,ChEMBL,5.7299993321845495
CCCCCc1cc(O)cc(OCCCCCCCCOC(CO)CO)c1,ChEMBL,5.730487055782084
CCCCCC=CCC=CCC=CCC=CCCCC(=O)NCCC(C)C,GLASS,5.730487055782084
CCCCC/C=C\C/C=C\C/C=C\C/C=C\CCCC(=O)NCCC(C)C,ChEMBL,5.730487055782084
CCCCc1cc(-c2ccccc2)cc(C(=O)NC2CCCCCC2)c1OC,ChEMBL,5.730720610228102
OCC1OC(ON=Cc2ccccc2)C(O)C(O)C1O,GLASS,5.730720610228102
OCC1OC(ON=Cc2ccoc2)C(O)C(O)C1O,GLASS,5.732359017654084
O=C(NN1CCCCC1)c1nn(-c2ccc(Cl)cc2Cl)c2c1Cc1cc(C3CC3)ccc1-2,ChEMBL,5.732359017654084
COc1c(Cc2ccc(F)cc2)cc(-c2ccc(F)cc2)cc1C(=O)N[C@H]1CC[C@H](C)CC1,ChEMBL,5.732359017654084
Cc1c(C(=O)NN2CCCCC2)nn(-c2ccc(Cl)cc2Cl)c1-n1cccc1,ChEMBL,5.732828271596986
CCCCCCC(C)(C)c1cc(NS(C)(=O)=O)c2c(c1)OC(C)(C)C1CCC(C)=CC21,GLASS,5.735182176990463
CCCCCCC(C)(C)c1cc(NS(C)(=O)=O)c2c(c1)OC(C)(C)[C@@H]1CCC(C)=C[C@@H]21,ChEMBL,5.735182176990463
O=C(NC1CCCCC1O)c1ccc(OCC2CC2)c(-c2ccc(Cl)cc2)n1,GLASS,5.73754891026957
O=C(N[C@@H]1CCCC[C@H]1O)c1ccc(OCC2CC2)c(-c2ccc(Cl)cc2)n1,ChEMBL,5.73754891026957
O=C(NC1CCCCCC1)c1cccn(Cc2cccc(I)c2)c1=O,ChEMBL,5.73754891026957
C=CCCn1cc(CC(=O)NC23CC4CC(CC(C4)C2)C3)c2cc(-c3ccccc3)ccc21,ChEMBL,5.738261452647462
CCCCN1C(=O)NC(c2ccc(I)cc2)(c2ccc(I)cc2)C1=O,ChEMBL,5.739928612014925
COC(=O)CCn1cc(C(=O)C2C(C)(C)C2(C)C)c2ccccc21,ChEMBL,5.740000204918113
O=C(NC1CCCCC1)c1cccnc1OCc1ccc(F)cc1,ChEMBL,5.742081549685942
CC1CCN(C(=O)c2ccc3c(c2)c2c(n3C)CN(C3CCCC3)C2)CC1,ChEMBL,5.742081549685942
Cc1c(C(=O)NN2CCCCC2)nn(-c2ccc(Cl)cc2Cl)c1-c1ccc(C#CCCOC(=O)CCCCCN)cc1.O=C(O)C(F)(F)F,ChEMBL,5.7423214251308154
O=S(=O)(NCC1CCCO1)c1ccc(NC2CC3CCC2C3)cc1C(F)(F)F,ChEMBL,5.743763466794077
CCCC(C)(C)C(=O)Nc1cc(CN2CCOCC2)c(C)cn1,ChEMBL,5.7447274948966935
Cc1c(C(=O)NN2CCCCC2)nn(-c2c(Cl)cc(Cl)cc2Cl)c1-n1cccc1,ChEMBL,5.7447274948966935
S=C(Nc1ccccc1)NC(c1ccc(Br)cc1)c1ccc(Br)cc1,ChEMBL,5.7447274948966935
O=C(NCc1cccnc1)c1ccc(Br)c(S(=O)(=O)N2CCCCC2)c1,ChEMBL,5.7447274948966935
Cc1ccc(NC(=O)C2CCCCC2C)cc1S(=O)(=O)N1CCOCC1,ChEMBL,5.7447274948966935
CCC(C)(C)C(=O)Cc1cc(C)c(C)c(S(=O)(=O)N2CCCCCC2)c1,ChEMBL,5.7447274948966935
CCC(C)(C)C(=O)Nc1cc(C)c(C)c(S(=O)(=O)N2CCCCCC2)c1,ChEMBL,5.7447274948966935
CCCCCn1cc(C(=O)NC(C)CCC(C)C)c(=O)c2c(C)nn(C)c21,ChEMBL,5.745935547085662
CCCCCc1cc(O)cc(OCCCCCCCCCCC(=O)NN2CCCCC2)c1,ChEMBL,5.749092300299144
COc1ccc(S(=O)(=O)c2cc(OC)ccc2S(=O)(=O)c2ccc(C(C)NC(C)=O)cc2)cc1,GLASS,5.749824051916075
COc1ccc(S(=O)(=O)c2cc(OC)ccc2S(=O)(=O)c2ccc([C@H](C)NC(C)=O)cc2)cc1,ChEMBL,5.749824051916075
CC(C)CN1C(=O)C(c2ccc(Br)cc2)(c2ccc(Br)cc2)NC1=S,ChEMBL,5.7500682433658055
CCN(CC)c1ccc(CN(c2ccc(Cl)cc2)S(=O)(=O)c2ccccc2)cc1,ChEMBL,5.751291264399082
COCCn1c2c(cc(C(=O)NCc3ccccc3)c1=O)CCCCCC2,ChEMBL,5.752272167090277
Cc1ccc(Cc2nsc(N3CCCN(C(=O)Nc4c(C(C)C)cccc4C(C)C)CC3)n2)cc1,ChEMBL,5.753501419204199
COc1ccc(-c2oc3ccccc3c2C(=O)c2ccc(OCCCCCN(C)Cc3ccccc3)cc2)cc1,ChEMBL,5.7544873321858505
COc1ccc(S(=O)(=O)c2cc(OC)ccc2S(=O)(=O)c2ccc(C(C)NC(=O)Nc3ccc(F)cc3)cc2)cc1,GLASS,5.754981129262247
COc1ccc(S(=O)(=O)c2cc(OC)ccc2S(=O)(=O)c2ccc([C@H](C)NC(=O)Nc3ccc(F)cc3)cc2)cc1,ChEMBL,5.754981129262247
CCC1COc2c(F)c(F)cc3c(=O)c(C(=O)NC45CC6CC(CC(C6)C4)C5)cn1c23,ChEMBL,5.756465898167938
C=CCN1C(=O)NC(c2ccc(I)cc2)(c2ccc(I)cc2)C1=O,ChEMBL,5.7599502278873524
O=C(N[C@@H]1CCCc2ccccc21)n1c(=O)n(CCN2CCOCC2)c2ccccc21,ChEMBL,5.761953896871205
O=C(NC1CCCc2ccccc21)n1c(=O)n(CCN2CCOCC2)c2ccccc21,GLASS,5.761953896871205
CSC(=S)N1CC2(CCCCC2)CS/C1=N\c1ccc(C(F)(F)F)cc1,ChEMBL,5.761953896871205
CCCCCCC(C)(C)c1cc(OC)c2c(c1)OC(C)(C)c1ccc(C(=O)OCCC)cc1-2,ChEMBL,5.7627076624325415
COC(=O)Cc1c(C)n(C(=O)c2ccccc2Cl)c2ccc(OC)cc12,ChEMBL,5.764471553092451
CCCCCc1cc(C#N)c2c(c1)OC(C)(C)C1CCC(C)=CC21,GLASS,5.764471553092451
CCCCCc1cc(C#N)c2c(c1)OC(C)(C)[C@@H]1CCC(C)=C[C@@H]21,ChEMBL,5.764471553092451
Cc1ccc(C(=O)NC2C(C)(C)[C@@H]3CC[C@@]2(C)C3)cc1CCC(=O)N1CCOCC1,ChEMBL,5.769551078621726
Brc1ccc2c(c1)c(OCc1ccc3ccccc3c1)nn2CCN1CCCCC1,ChEMBL,5.769551078621726
CCC(C)(C)C(=O)Nc1cc2c(c(S(=O)(=O)N3CCOCC3)c1)CCC2,ChEMBL,5.769551078621726
Cc1c(C(C)(C)C)sc(=NS(=O)(=O)c2cccc3ccccc23)n1C1CC1,GLASS,5.769551078621726
CCCCCCCCCCC[C@@H](C[C@@H]1OC(=O)[C@H]1CCCCCC)OC(=O)[C@@H]1CCCN1C=O,ChEMBL,5.769551078621726
Cc1ccc(C(=O)NC2C3(C)CCC(C3)C2(C)C)cc1CCC(=O)N1CCOCC1,GLASS,5.769551078621726
CCCCCn1cc(C(=O)NC2CCCCC2)c(=O)c2cc(Br)ccc21,ChEMBL,5.769551078621726
Cc1c(C(C)(C)C)s/c(=N\S(=O)(=O)c2cccc3ccccc23)n1C1CC1,ChEMBL,5.769551078621726
CCCCCCCCCCCC(CC1OC(=O)C1CCCCCC)OC(=O)C1CCCN1C=O,GLASS,5.769551078621726
COCc1ccc2c(c1)c(C(=O)C1C(C)(C)C1(C)C)cn2CC1CCOCC1,ChEMBL,5.770000934050708
CCCCCCC(C)(C)c1cc(OC)c2c(c1)OC(C)(C)c1cnn(-c3ccc(Cl)cc3Cl)c1-2,ChEMBL,5.771343041891065
O=C1N=C2SCCN2/C1=C\c1cccc(OCc2ccc(Cl)cc2)c1,ChEMBL,5.777283528852417
CCCCCCCNc1ccc(C(=O)c2c(-c3ccc(OC)cc3)oc3ccccc23)cc1,ChEMBL,5.779891911959945
CCCCCn1cc(CC(=O)NC23CC4CC(CC(C4)C2)C3)c2cc(-c3ccco3)ccc21,ChEMBL,5.779891911959945
O=C(NC1CCCCC1O)c1cnc(Oc2ccccc2)c(-c2ccc(Cl)cc2)c1,GLASS,5.780677491580663
O=C(N[C@@H]1CCCC[C@H]1O)c1cnc(Oc2ccccc2)c(-c2ccc(Cl)cc2)c1,ChEMBL,5.780677491580663
CCCCCc1cc(O)c2cc(Cc3ccccc3C)c(=O)oc2c1,ChEMBL,5.785156151952302
Fc1ccc(C[C@@H]2CC[C@H](c3ccc(Cl)cc3)N(c3ccc(Cl)cc3)C2)cc1F,ChEMBL,5.786216700664696
CCCCn1cccc(C(=O)NC2CCC(C)CC2)c1=O,ChEMBL,5.789681480173768
O=C(c1cn(CCN2CCOCC2)c2ccccc12)C1CCCCC1,ChEMBL,5.790000026071145
O=S(=O)(N[C@H]1CC[C@H](NS(=O)(=O)C(F)(F)F)CC1)c1ccc(Cl)cc1S(=O)(=O)c1ccccc1F,ChEMBL,5.791827473332878
CC1=C(CC[N+]2(C)CCOCC2)c2ccccc2/C1=C/c1cccc2ccccc12.[I-],ChEMBL,5.7920964696139485
CCCCCCC(C)(C)c1cc(OCCCO)c2c(c1)OC(C)(C)c1cnn(CC)c1-2,ChEMBL,5.792365632611038
COC(=O)c1c(C)oc(C)c1S(=O)(=O)N1CCN(C2c3ccccc3-c3ccccc32)CC1,ChEMBL,5.7942544590573375
CC1CCC(NC(=O)c2cc3cccnc3n(Cc3ccccc3)c2=O)CC1,ChEMBL,5.795880017344075
CC(C)Cn1nnc(Cc2ccc(-c3ccccc3)cc2)n1,ChEMBL,5.795880017344075
O=C(Cc1ccc(Cl)cc1)NCCC(c1ccccc1)c1ccccc1,ChEMBL,5.795880017344075
Cc1c(C(=O)NC2CCCCC2)nn(-c2ccc(F)cc2F)c1-n1cccc1,ChEMBL,5.795880017344075
CCCCCn1nc(OCc2ccc3ccccc3c2)c2cc([N+](=O)[O-])ccc21,ChEMBL,5.795880017344075
CCCn1nc(OCc2ccc3ccccc3c2)c2cc(N)ccc21,ChEMBL,5.795880017344075
Cc1c(C(=O)NN2CCCCC2)nn(-c2ccc(F)cc2F)c1-n1c(C)ccc1C,ChEMBL,5.795880017344075
O=C1/C(=C/c2cccc(Oc3ccccc3)c2)N=C2SCCCCN12,ChEMBL,5.795880017344075
Cc1ccc(NC(=O)C2CCCCC2C)cc1CN1CCOCC1,ChEMBL,5.795880017344075
c1ccc2c(COc3n[nH]c4ccccc34)cccc2c1,ChEMBL,5.795880017344075
COC(=O)CCCCOc1cccc2c(C(=O)c3ccc(OC)cc3)cn(CC3CCOCC3)c12,ChEMBL,5.800519085137644
CCCCC1(c2cc(O)c3cc(Cc4ccccc4O)c(=O)oc3c2)CCCC1,ChEMBL,5.801342913045577
COc1c(Cc2ccccc2)cc(-c2ccccc2)cc1C(=O)NC1CCCCCC1,ChEMBL,5.80771138743188
CCC(C=NOC1OC(CO)C(O)C(O)C1O)CC,GLASS,5.80771138743188
O=C(O)c1cccc(NC(=O)c2cc3c(n(CC4CCCCC4)c2=O)CCCCCC3)c1,ChEMBL,5.80771138743188
CCCCc1cc(-c2ccc(OC)cc2)cc(C(=O)N[C@H]2CC[C@@H](C)CC2)c1OC,ChEMBL,5.809668301829708
CCCNC(=O)c1c(NC(=O)C23CC4CC(CC2C4)C3)sc2c1CCOC2,ChEMBL,5.809999051930338
COc1c(C)cc(-c2ccccc2)cc1C(=O)N[C@H]1CC[C@H](C)CC1,ChEMBL,5.815308569182402
Cc1nc(C)c(C(=O)NC23CC4CC(CC(C4)C2)C3)s1,ChEMBL,5.815308569182402
C[C@H]1CC[C@@H](NC(=O)c2cc3cccnc3n(Cc3ccccc3)c2=O)CC1,ChEMBL,5.818442226137214
CCCCCn1cc(C(=O)NC23CC4CC(CC(C4)C2)C3)c(=O)n2nc(-c3ccc(C)cc3)nc12,ChEMBL,5.818442226137214
O=C(NC1CCCc2ccccc21)N1Cc2ccccc2N(CCN2CCOCC2)C1=O,GLASS,5.82102305270683
O=C(N[C@@H]1CCCc2ccccc21)N1Cc2ccccc2N(CCN2CCOCC2)C1=O,ChEMBL,5.82102305270683
CCCn1cc(CC(=O)NC23CC4CC(CC(C4)C2)C3)c2cc(-c3ccccc3)ccc21,ChEMBL,5.821598658466245
CCCCCc1cc(NC(=O)c2ccncc2)c2c(c1)OC(C)(C)C1CCC(C)=CC21,GLASS,5.823908740944319
CCCCCc1cc2c(c(C(=O)O)c1)C1C=C(C)CCC1C(C)(C)O2,GLASS,5.823908740944319
CCCCCc1cc(NC(N)=O)c2c(c1)OC(C)(C)C1CCC(C)=CC21,GLASS,5.823908740944319
C=CCc1ccc(OCC)c(-c2ccc(OCC)c(CC=C)c2)c1,GLASS,5.823908740944319
CCCCCc1cc2c(c(C(=O)NC)c1)C1C=C(C)CCC1C(C)(C)O2,GLASS,5.823908740944319
S=C(Nc1ccc(Cl)cc1)NC(c1ccc(Br)cc1)c1ccc(Br)cc1,ChEMBL,5.823908740944319
O=C(CC(c1ccccc1)c1ccccc1)N1CC=C(c2ccc(Cl)cc2)CC1,ChEMBL,5.823908740944319
CSC(=S)N1CC2(CCCCC2)CS/C1=N\c1ccc(OC(F)(F)F)cc1,ChEMBL,5.823908740944319
CCCCCCCC/C=C\CCCCCCCC(=O)Nc1ccc(OC)cc1,ChEMBL,5.823908740944319
CCCCCc1cc2c(c(S(C)=O)c1)C1C=C(C)CCC1C(C)(C)O2,GLASS,5.823908740944319
CCCCCc1cc(NS(C)(=O)=O)c2c(c1)OC(C)(C)C1CCC(C)=CC21,GLASS,5.823908740944319
CCCCCc1cc2c(c(C(=O)NC(CO)CO)c1)C1C=C(C)CCC1C(C)(C)O2,GLASS,5.823908740944319
CCCCCCC(C)(C)c1ccc(-c2cc(C)cc(C)c2)c(CN)c1,ChEMBL,5.823908740944319
CCCCCc1cc2c(c(C(N)=O)c1)C1C=C(C)CCC1C(C)(C)O2,GLASS,5.823908740944319
CCCCCc1cc(CNC(C)=O)c2c(c1)OC(C)(C)C1CCC(C)=CC21,GLASS,5.823908740944319
CCCCCc1cc2c(c(C(=O)NCC(N)=O)c1)C1C=C(C)CCC1C(C)(C)O2,GLASS,5.823908740944319
CCCCCc1cc(CNC(N)=O)c2c(c1)OC(C)(C)C1CCC(C)=CC21,GLASS,5.823908740944319
CCCCCC=CCC=CCC=CCC=CCCCC(=O)Nc1ccc(O)cc1,GLASS,5.823908740944319
CCCCCc1cc2c(c(N(C)C)c1)C1C=C(C)CCC1C(C)(C)O2,GLASS,5.823908740944319
CCCCCc1cc(CN)c2c(c1)OC(C)(C)C1CCC(C)=CC21,GLASS,5.823908740944319
CCCCCc1cc(NC(C)=O)c2c(c1)OC(C)(C)C1CCC(C)=CC21,GLASS,5.823908740944319
CCCCCCC(C)(C)c1cc(NC(=O)c2ccncc2)c2c(c1)OC(C)(C)C1CCC(C)=CC21,GLASS,5.823908740944319
CCCCCc1cc(CNS(C)(=O)=O)c2c(c1)OC(C)(C)C1CCC(C)=CC21,GLASS,5.823908740944319
CCCCC/C=C\C/C=C\C/C=C\C/C=C\CCCC(=O)Nc1ccc(O)cc1,ChEMBL,5.823908740944319
CCCCCCCCC=CCCCCCCCC(=O)Nc1ccc(OC)cc1,GLASS,5.823908740944319
CCCCC/C=C\C/C=C\CCCCCCCCCC(=O)NCCO,ChEMBL,5.823908740944319
CCCCCc1cc(NC(=O)CN(C)C)c2c(c1)OC(C)(C)C1CCC(C)=CC21,GLASS,5.823908740944319
CCCCCc1cc(NC(=O)NC)c2c(c1)OC(C)(C)C1CCC(C)=CC21,GLASS,5.823908740944319
CCCCCc1cc(NC(=O)OC)c2c(c1)OC(C)(C)C1CCC(C)=CC21,GLASS,5.823908740944319
CCCCCc1cc2c(c(C(=O)N(C)C)c1)C1C=C(C)CCC1C(C)(C)O2,GLASS,5.823908740944319
CCCCc1cc(-c2ccc(OC)cc2)cc(C(=O)NC2CCCCCC2)c1OC,ChEMBL,5.82564940252062
CCCCCn1cc(C(=O)N2CCC[C@H]2C(N)=O)c(=O)c2ccc(Sc3ccccc3)cc21,ChEMBL,5.826813731587726
CCCCCn1cc(C(=O)N2CCCC2C(N)=O)c(=O)c2ccc(Sc3ccccc3)cc21,GLASS,5.826813731587726
Cc1c(C(=O)N2CCC(NC(=O)Nc3ccc(N(C)C)cc3)(c3ccccc3)CC2)nn(-c2ccc(Cl)cc2Cl)c1-c1ccc(Cl)cc1,ChEMBL,5.827105302247824
CCCCCCC(C)(C)c1cc(OCCCBr)c2c(c1)OC(C)(C)c1cn(C)nc1-2,ChEMBL,5.82915179635669
Cn1nnc(C(NC(=O)n2c(=O)n(CCN3CCOCC3)c3ccccc32)C(C)(C)C)n1,GLASS,5.8297382846050425
Cn1nnc([C@@H](NC(=O)n2c(=O)n(CCN3CCOCC3)c3ccccc32)C(C)(C)C)n1,ChEMBL,5.8297382846050425
CCS(=O)(=O)n1c2c(c3cc(C(=O)N(C)CCC(C)C)ccc31)CN(C1CCCC1)C2,ChEMBL,5.831797253157369
Cc1ccc(C(C(=O)Nc2ccc3c(c2)OCCO3)N(C)C(=O)/C=C\c2ccc3c(c2)OCO3)cc1,ChEMBL,5.831797253157369
Cc1ccc(Cn2cc(C(=O)N[C@@H]3C(C)(C)C4CC[C@@]3(C)C4)cc2-c2ccc(Cl)c(C)c2)cc1,ChEMBL,5.8326826652518236
CCC=CCC=CCC=CCC=CCC=CCCCC(=O)NCCO,GLASS,5.8326826652518236
CC(C)(C)C(NC(=O)n1c(=O)n(CCC2CCOCC2)c2ccccc21)C(N)=O,GLASS,5.8326826652518236
Cc1ccc(Cn2cc(C(=O)NC3C4(C)CCC(C4)C3(C)C)cc2-c2ccc(Cl)c(C)c2)cc1,GLASS,5.8326826652518236
CC/C=C/C/C=C\C/C=C\C/C=C\C/C=C/CCCC(=O)NCCO,ChEMBL,5.8326826652518236
CC(C)(C)[C@H](NC(=O)n1c(=O)n(CCC2CCOCC2)c2ccccc21)C(N)=O,ChEMBL,5.8326826652518236
CCOC(=O)CCCCn1cc(C(=O)c2cccc3ccccc23)c2ccccc21,ChEMBL,5.832978204209743
CCCCCn1cc(C(=O)NC23CC4CC(CC(C4)C2)C3)c(=O)c2c(C)noc21,ChEMBL,5.833273944419949
Cc1ccc(-c2cc(S(=O)(=O)NC3CCCC3)nnc2-c2ccc(C)cc2)cc1,ChEMBL,5.835052627378158
CC(C)(O)CCn1c(=O)n(C(=O)NC(C(N)=O)C(C)(C)C)c2ccccc21,GLASS,5.835944708106548
C=C(C)[C@@H]1CCC(C)=C[C@H]1c1c(O)cc(CCCCC)cc1O,ChEMBL,5.835944708106548
CC(C)(O)CCn1c(=O)n(C(=O)N[C@H](C(N)=O)C(C)(C)C)c2ccccc21,ChEMBL,5.835944708106548
O=C1C(c2ccccc2)N(c2ccc(Br)cc2)C(=S)N1c1ccc(Br)cc1,ChEMBL,5.8395314688809625
CC1(C(=O)c2cn(CC3CCOCC3)c3ccccc23)CC(F)(F)C1(F)F,ChEMBL,5.8399999311187
Cn1c2c(c3cc(C(=O)NCCCC(=O)NC4CC4)ccc31)CC(C1CCOCC1)CC2,ChEMBL,5.841637507904751
CCCCCCC(C)(C)c1cc(OC)c2cc(Cc3ccccc3)c(=O)oc2c1,ChEMBL,5.844663962534939
Cc1nc(C(=O)NCc2ccccc2C(F)(F)F)c(C)n1-c1ccccc1,ChEMBL,5.847100403606253
Cc1nc(C(=O)Nc2ccccc2C(F)(F)F)c(C)n1-c1ccccc1,ChEMBL,5.847100403606253
CCCCN1C(=O)C(c2ccc(Br)cc2)(c2ccc(Br)cc2)NC1=S,ChEMBL,5.850165303284215
COc1ccc(C(=O)c2cn(CC3CCOCC3)c3ccc(O)cc23)cc1,ChEMBL,5.852014679316195
CCCCC/C=C\C/C=C\C/C=C\C/C=C\CCCC(=O)Nc1ccc(O)c(OC)c1,ChEMBL,5.853871964321762
CCCCCOC(=O)c1cc(O)c(-c2cc(C)cc(C)c2)c(OC)c1,ChEMBL,5.853871964321762
CCN(CC)c1ccc(CN(C2CCCCC2)S(=O)(=O)c2ccc(C(C)C)cc2)cc1,ChEMBL,5.853871964321762
Cc1ccc(C(=O)NC2C(C)(C)[C@@H]3CC[C@@]2(C)C3)cc1CCN1CCOCC1,ChEMBL,5.853871964321762
CCC(C)(C)C(=O)Nc1cc2c(c(S(=O)(=O)N3CCOCC3)c1)CCCC2,ChEMBL,5.853871964321762
CCCCCCC(C)(C)c1ccc(-c2ccc(OC)c(OC)c2)c(O)c1,ChEMBL,5.853871964321762
c1ccc2cc(COc3nn(CCN4CCCCC4)c4ccccc34)ccc2c1,ChEMBL,5.853871964321762
Cc1ccc(C(=O)NC2C3(C)CCC(C3)C2(C)C)cc1CCN1CCOCC1,GLASS,5.853871964321762
Cc1ccc(-c2cc(CC3CCCCC3)[nH]n2)cc1S(=O)(=O)N1CCOCC1,ChEMBL,5.853871964321762
CCCCCc1cc(O)c2c(c1)OC(C)(C)C1=C2C(OC(C)=O)C(C)(OC)CC1,ChEMBL,5.853871964321762
COc1cccc(CNC(=O)c2ccc(Br)c(S(=O)(=O)N3CCCCC3)c2)c1,ChEMBL,5.853871964321762
CCCCCCCCCCCCCCCC(=O)N[C@H]1C[C@@H]1O,ChEMBL,5.853871964321762
CCCCCC=CCC=CCC=CCC=CCCCC(=O)Nc1ccc(O)c(OC)c1,GLASS,5.853871964321762
O=[N+]([O-])c1ccc2c(c1)c(OCc1ccc3ccccc3c1)nn2CCN1CCOCC1,ChEMBL,5.860120913598763
CCCCCn1c(C)c(C(=O)c2c(OC)ccc3ccccc23)c2ccccc21,ChEMBL,5.860435733824151
CCOC(=O)c1c(NC(=O)c2cccc3ccccc23)sc2c1CCCC2,ChEMBL,5.8623199735483
COCCOC(=O)C1=C(C)NC(C)=C(C(=O)OC(C)C)C1c1cccc([N+](=O)[O-])c1,ChEMBL,5.862962545210487
CCCCCCC(C)(C)c1cc(OC)c(C2=C[C@H]3CC[C@]2(CO)C3(C)C)c(OC)c1,ChEMBL,5.863279432843593
CCC1COc2cccc3c(=O)c(C(=O)Nc4nccs4)cn1c23,ChEMBL,5.864867348623225
CC(C)(NC(=O)c1cc2c(n(CC3CCCCC3)c1=O)CCCCCC2)C(=O)O,ChEMBL,5.869344650977969
Cc1cc2c3c(c1)c(=O)c(C(=O)NC1CCCCC1)cn3C(c1ccccc1)CO2,ChEMBL,5.870954940112042
O=C1N2CCCCSC2=NC1(c1ccccc1)c1ccccc1,ChEMBL,5.872895201635193
CCCCCCC(C)(C)c1cc(NC(C)=O)c2c(c1)OC(C)(C)[C@@H]1CCC(C)=C[C@@H]21,ChEMBL,5.872895201635193
CCCCCCC(C)(C)c1cc(NC(C)=O)c2c(c1)OC(C)(C)C1CCC(C)=CC21,GLASS,5.872895201635193
CCCc1cc(C(=O)OC)c(NC(=O)C23CC4CC(CC(C4)C2)C3)s1,ChEMBL,5.873125373874382
CCCCCCC(C)(C)c1cc(OCCBr)c2c(c1)OC(C)(C)c1cn(CC)nc1-2,ChEMBL,5.875821944525325
O=C(NCC1CCCCC1)c1nc2ccccc2s1,ChEMBL,5.878112014896319
CC(C)(C)[C@H](NC(=O)n1c(=O)n(CC2CCCO2)c2ccccc21)C(N)=O,ChEMBL,5.87942606879415
CC(C)(C)C(NC(=O)n1c(=O)n(CC2CCCO2)c2ccccc21)C(N)=O,GLASS,5.87942606879415
CCN(CC)c1ccc(CN(Cc2ccco2)S(=O)(=O)c2ccc(C(C)C)cc2)cc1,ChEMBL,5.886056647693163
CC(C(=O)Nc1ccc2c(c1)C(N1CCOCC1)CCC2)(C(F)(F)F)C(F)(F)F,ChEMBL,5.886056647693163
O=[N+]([O-])c1ccc2c(c1)c(OCc1ccc3ccccc3c1)nn2CCN1CCCCC1,ChEMBL,5.886056647693163
CCCCCc1cc(O)cc(OCCCCCC(=O)NC2CC2)c1,ChEMBL,5.886056647693163
Cc1ccc(C(=O)NC(C)C(C)(C)C)cc1S(=O)(=O)N1CCOCC1,ChEMBL,5.886056647693163
CC(C)(C)CNC(=O)c1ccc(Br)c(S(=O)(=O)N2CCOCC2)c1,ChEMBL,5.886056647693163
Cc1c(C(=O)Nc2ccc(Cl)cc2)nn(-c2ccc(Cl)c(Cl)c2)c1-n1cccc1,ChEMBL,5.886056647693163
CCCCCOc1nn(CCCCC)c2ccc([N+](=O)[O-])cc12,ChEMBL,5.886056647693163
CCCCCCCCCCCCC/C=C/CCC(=O)N(C)[C@H](CO)COC,ChEMBL,5.886056647693163
CC(C)(C)CNC(=O)c1ccc(Br)c(S(=O)(=O)N2CCCCC2)c1,ChEMBL,5.886056647693163
O=C(NN1CCCCC1)c1cnn(-c2ccc(Cl)cc2Cl)c1-c1ccc(I)cc1,ChEMBL,5.886056647693163
Cc1ccc(S(=O)(=O)N(Cc2ccccc2)Cc2ccc(N3CCCCC3)cc2)cc1,ChEMBL,5.886056647693163
C1=C(CCN2CCOCC2)c2ccccc2/C1=C/c1ccccc1,ChEMBL,5.88706002391592
CCN(CC)c1ccc(CN(c2ccc(C)cc2)S(=O)(=O)c2ccc(OC)cc2)cc1,ChEMBL,5.88706002391592
Cc1c(C(=O)NCCCCCCCCCCCN(C)CCCCCCCCCCCNC(=O)c2nn(-c3ccc(Cl)cc3Cl)c(-c3ccc(Cl)cc3)c2C)nn(-c2ccc(Cl)cc2Cl)c1-c1ccc(Cl)cc1,ChEMBL,5.8887374863409345
O=C(Nc1nc2ccccc2s1)c1cccc2ccccc12,ChEMBL,5.890084136976207
Cc1ccc(-c2cc(S(=O)(=O)NC3CC4CCC3(C)C4(C)C)nnc2-c2ccc(C)cc2)cc1,ChEMBL,5.890759031411797
COc1ccc2c(C(=O)C3C(C)(C)C3(C)C)cn(CCN3CCOCC3)c2c1,ChEMBL,5.891096872332687
COC(=O)C1OC(SC2C=CC3C4Cc5ccc(OC)c6c5C3(CCN4C)C2O6)C(OC(C)=O)C(OC(C)=O)C1OC(C)=O,GLASS,5.892450870255313
CCCCCn1cc(C(=O)NC2CCCCC2)c(=O)n2nc(C)cc12,ChEMBL,5.893469146177619
CC(NS(C)(=O)=O)c1ccc(S(=O)(=O)c2ccc(Cl)cc2S(=O)(=O)N(C)C)cc1,GLASS,5.895171596346344
C[C@H](NS(C)(=O)=O)c1ccc(S(=O)(=O)c2ccc(Cl)cc2S(=O)(=O)N(C)C)cc1,ChEMBL,5.895171596346344
CCS(=O)(=O)n1c2c(c3cc(C(=O)N4CCC(C)CC4)ccc31)CN(Cc1ccccc1)C2,ChEMBL,5.895171596346344
CCCCCc1cc(O)c2cc(Cc3ccccc3)c(=O)oc2c1,ChEMBL,5.896196279044043
O=C(NC1CCCCCC1)c1cccn(Cc2ccc(I)cc2)c1=O,ChEMBL,5.896196279044043
CSC(=S)N1CC2(CCCCC2)CS/C1=N\c1ccc(C(C)C)cc1,ChEMBL,5.8996294548824375
C=C(C)C1CCC(C)=C[C@H]1c1c(O)cc(CCCCC)cc1O,ChEMBL,5.899998417198648
C=C(C)C1CCC(C)=CC1c1c(O)cc(CCCCC)cc1O,GLASS,5.899998417198648
CC1(C)C(C(=O)c2cn(CC3CCOCC3)c3cc(S(C)(=O)=O)ccc23)C1(C)C,ChEMBL,5.899998417198648
CCCCn1cc(C(=O)NC2CCCCC2)c(=O)c2c(C)nn(C)c21,ChEMBL,5.901010360598822
CNS(=O)(=O)c1cc(Cl)ccc1S(=O)(=O)c1ccc(C(C)NS(C)(=O)=O)cc1,GLASS,5.90274269030658
CNS(=O)(=O)c1cc(Cl)ccc1S(=O)(=O)c1ccc([C@H](C)NS(C)(=O)=O)cc1,ChEMBL,5.90274269030658
C=CCN(Cc1ccc(N(CC)CC)cc1)S(=O)(=O)c1ccc(C)cc1,ChEMBL,5.903089986991944
O=C(Nc1ccc(Br)cc1)NC(c1ccc(Cl)cc1)c1ccc(Cl)cc1,ChEMBL,5.903089986991944
Cc1ccc(-c2cc(SNCC3CCC4CC3C4(C)C)nnc2-c2ccc(C)cc2)cc1,ChEMBL,5.903785414653595
CC(=O)OC1C(SC2C=CC3C4Cc5ccc(O)c6c5C3(CCN4C)C2O6)OC(C(=O)O)C(OC(C)=O)C1OC(C)=O,GLASS,5.904830648568245
CCCCCc1cc(O)cc(OCCCCCCCCCCCNCc2ccccc2)c1,ChEMBL,5.906578314837765
C=CCc1ccc(OCC)c(-c2ccc(O)c(CC=C)c2)c1,GLASS,5.910094888560602
CCCCCn1cc(C(=O)NC23CC4CC(CC(C4)C2)C3)c(=O)c2cc(C(C)C)ccc21,ChEMBL,5.913640169325252
CCOc1ccc(Cc2nc3cc(C(=O)N(CC)CC)ccc3n2CC2CCOCC2)cc1,ChEMBL,5.917573699139228
CC1(C)C(C(=O)c2cn(CC3CCOCC3)c3ccc(F)cc23)C1(C)C,ChEMBL,5.920001601921648
Cc1ccc(NC(=O)C(C(C)(C)C)C(C)(C)C)cc1S(=O)(=O)N1CCOCC1,ChEMBL,5.920818753952375
Cc1ccc(NC(=O)[C@H]2C(C)(C)[C@@H]3CC[C@@]2(C)C3)cc1S(=O)(=O)N1CCOCC1,ChEMBL,5.920818753952375
Cc1ccc(NC(=O)C2(C)CCCCC2)cc1S(=O)(=O)N1CCOCC1,ChEMBL,5.920818753952375
O=C(NC1CCCCC1)c1cc2ccccc2nc1OCc1ccc(F)cc1,ChEMBL,5.920818753952375
O=[N+]([O-])c1ccc2c(c1)c(OCc1ccccc1)nn2Cc1ccccc1,ChEMBL,5.920818753952375
Cc1cc(C(=O)c2ccccc2)ccc1NC(=O)CC1CCCN2CCCCC12,GLASS,5.921905849593589
CCc1c(C(=O)NC23CC4CC(CC(C4)C2)C3)cc(C)n1-c1ccccc1,ChEMBL,5.922014708970498
Cc1ccc(Cn2nc(-c3ccc(C)cc3)cc(S(=O)(=O)NC3CCCCCC3)c2=O)cc1,ChEMBL,5.923359556329658
CC1CN(c2ncnc(NC(c3ccccc3)c3ccccc3)c2[N+](=O)[O-])CC(C)O1,ChEMBL,5.929223537156565
COc1ccc(-c2cc(Cc3ccc(F)cc3)c(OC)c(C(=O)N[C@H]3CC[C@H](C)CC3)c2)cc1,ChEMBL,5.930701987884471
OCC1OC(ON=Cc2ccccc2O)C(O)C(O)C1O,GLASS,5.930701987884471
CCCC(=O)N[C@@H](C)c1ccc(S(=O)(=O)c2ccc(OC)cc2S(=O)(=O)c2ccc(OC)cc2)cc1,ChEMBL,5.930701987884471
CCCC(=O)NC(C)c1ccc(S(=O)(=O)c2ccc(OC)cc2S(=O)(=O)c2ccc(OC)cc2)cc1,GLASS,5.930701987884471
COc1ccc(C(=O)NC(C)c2ccc(S(=O)(=O)c3ccc(OC)cc3S(=O)(=O)c3ccc(OC)cc3)cc2)cc1,GLASS,5.931072388317928
CCCCCn1cc(C(=O)NC23CC4CC(CC(C4)C2)C3)c(=O)n2nc(-c3ccco3)nc12,ChEMBL,5.931072388317928
COc1ccc(C(=O)N[C@@H](C)c2ccc(S(=O)(=O)c3ccc(OC)cc3S(=O)(=O)c3ccc(OC)cc3)cc2)cc1,ChEMBL,5.931072388317928
CCCCCCCC(C)(C)c1cc(O)c2cc(Cc3ccccc3O)c(=O)oc2c1,ChEMBL,5.931814138253839
O=S(=O)(NCC1CC1)c1ccc(Nc2ccccc2)cc1C(F)(F)F,ChEMBL,5.93704216591549
CCCCCn1cc(C(=O)N[C@H](C)c2ccccc2)c(=O)c2ccccc21,ChEMBL,5.937794191180287
CCC1COc2cccc3c(=O)c(C(=O)Nc4ccncc4)cn1c23,ChEMBL,5.939302159646388
CCCCCCC(C)(C)c1cc(O)c2c(c1)OC(C)(C)c1cnn(C3CCCCC3)c1-2,ChEMBL,5.943095148663527
C=CCNCCCCCCCCCCCOc1cc(O)cc(CCCCC)c1,ChEMBL,5.943095148663527
CCc1ccc(C(=O)c2cc(O)c(-c3cc(Cl)cc(Cl)c3)c(O)c2)cc1,ChEMBL,5.943857737940948
CCCCCCc1ccc(O)cc1OCCCCCCCCCCC(=O)NCCO,ChEMBL,5.94692155651658
CCCCS(=O)(=O)N[C@@H](C)c1ccc(S(=O)(=O)c2ccc(OC)cc2S(=O)(=O)c2ccc(OC)cc2)cc1,ChEMBL,5.947306058075032
CCCCS(=O)(=O)NC(C)c1ccc(S(=O)(=O)c2ccc(OC)cc2S(=O)(=O)c2ccc(OC)cc2)cc1,GLASS,5.947306058075032
CCN(CC)c1ccc(CN(c2ccc(Cl)cc2)S(=O)(=O)c2ccc(F)cc2)cc1,ChEMBL,5.9484616094846725
CCCCCn1cc(C(=O)NCC2CCCCC2)c(=O)c2c(C)nn(C)c21,ChEMBL,5.949233688766958
CCCCCCC(C)(C)c1cc(O)cc(OCCCCCCCC(=O)OC(CO)CO)c1,ChEMBL,5.950781977329818
Cc1c(C(=O)NCCO)nn(-c2ccc(Cl)cc2Cl)c1-c1ccc(Br)cc1,ChEMBL,5.951014697429289
CCCCCn1cc(C(=O)NC23CC4CC(CC(C4)C2)C3)c(=O)n2nc(C)cc12,ChEMBL,5.951558196449596
O=C1/C(=C/c2cn(Cc3ccc(Br)cc3)c3ncccc23)N2CCC1CC2,ChEMBL,5.955852379121277
CCCCCCCCC=CCCCCCCCC(=O)NCCO,GLASS,5.958607314841775
O=C(NC1CCCCCC1)c1cnn(-c2ccc(Cl)cc2Cl)c1-c1ccc(Br)cc1,ChEMBL,5.958607314841775
Cc1ccc(NC(=O)c2ccccc2Cl)cc1S(=O)(=O)N1CCOCC1,ChEMBL,5.958607314841775
O=C(Nc1ccc(Cl)cc1)NC(c1ccc(Cl)cc1)c1ccc(Cl)cc1,ChEMBL,5.958607314841775
Cc1ccc(-c2nc(C(C)(C)C)c[nH]2)cc1S(=O)(=O)N1CCOCC1,ChEMBL,5.958607314841775
CCC1(C(=O)Nc2cc(CN3CCOCC3)c(C)cn2)CCCC1,ChEMBL,5.958607314841775
O=C(NC1CCCCCC1)c1cnn(-c2ccc(Cl)cc2Cl)c1-c1ccc(I)cc1,ChEMBL,5.958607314841775
CCCCCCCC/C=C\CCCCCCCC(=O)NCCO,ChEMBL,5.958607314841775
O=C(NCc1ccccc1)c1ccc(Br)c(S(=O)(=O)N2CCCCC2)c1,ChEMBL,5.958607314841775
O=C(NC1CCCCC1)c1cn(-c2cccnc2)c(-c2ccccc2Cl)n1,ChEMBL,5.958607314841775
Cc1ccc(-c2nc(CC(C)(C)C)c[nH]2)cc1S(=O)(=O)N1CCOCC1,ChEMBL,5.958607314841775
Cc1ccc(-c2ncc(C(C)(C)C)[nH]2)cc1S(=O)(=O)N1CCOCC1,GLASS,5.958607314841775
CCCCCc1cc(O)c2c(c1)OC1=C(CC[C@@H](C)C1)C2(C)C,ChEMBL,5.958607314841775
Cc1c(C(C)(C)C)s/c(=N\C(=O)c2ccc(OC(F)(F)F)cc2)n1CC1CC1,ChEMBL,5.958607314841775
Cc1cc(NC(=O)C2C(C)(C)C2(C)C)cc(S(=O)(=O)N2CCOCC2)c1C,ChEMBL,5.958607314841775
CCCc1c(C)sc(NC(=O)C23CC4CC(CC(C4)C2)C3)c1C(=O)OC,ChEMBL,5.958607314841775
Cc1cc(C)cc(-c2ccc(C(C)(C)CCCO)cc2O)c1,ChEMBL,5.958607314841775
Cc1ccc(C(=O)NC2C(C)(C)[C@@H]3CC[C@@]2(C)C3)cc1CN1CCOCC1,ChEMBL,5.958607314841775
CCCc1sc(NC(=O)C23CC4CC(CC(C4)C2)C3)c(C(=O)O[11CH3])c1C,ChEMBL,5.958607314841775
Cc1ccc(-c2ncc(CC(C)(C)C)[nH]2)cc1S(=O)(=O)N1CCOCC1,GLASS,5.958607314841775
Cc1ccc(C(=O)NC2C3(C)CCC(C3)C2(C)C)cc1CN1CCOCC1,GLASS,5.958607314841775
CC(NS(=O)(=O)C(F)(F)F)c1ccc(S(=O)(=O)c2ccc(N3CCNCC3)cc2S(=O)(=O)c2ccccc2F)cc1,GLASS,5.959002307576509
C[C@H](NS(=O)(=O)C(F)(F)F)c1ccc(S(=O)(=O)c2ccc(N3CCNCC3)cc2S(=O)(=O)c2ccccc2F)cc1,ChEMBL,5.959002307576509
CC1(C)C(C(=O)c2cn(CC3CCOCC3)c3c(OCc4ccccc4)cccc23)C1(C)C,ChEMBL,5.960585880823863
COc1cccc2c1c(C(=O)C1C(C)(C)C1(C)C)cn2CC1CCOCC1,ChEMBL,5.962573502059376
COc1c(C)cc(-c2ccccc2)cc1C(=O)N[C@H]1CC[C@@H](C)CC1,ChEMBL,5.962573502059376
CCOC(=O)N1CC=C2C(C1)C1(C(=O)N(Cc3ccccc3)c3ccccc31)C(C#N)=C(N)C2(C#N)C#N,ChEMBL,5.964170174747172
CCCCCCC(C)(C)c1cc(OCCO)c2c(c1)OC(C)(C)c1cn(C)nc1-2,ChEMBL,5.964170174747172
CCOC(=O)N1CC=C2C(C1)C1(C(=O)N(Cc3ccccc3)c3ccccc31)C(C#N)C(=N)C2(C#N)C#N,GLASS,5.964170174747172
O=C(NCc1ccccc1Cl)c1nc2ccccc2s1,ChEMBL,5.964970717797632
O=C(c1ccccc1)c1cc(O)c(-c2cc(F)cc(F)c2)c(O)c1,ChEMBL,5.96818772866963
CC(C)Oc1ncc(C(=O)NC2CCCCC2O)cc1-c1ccc(Cl)cc1,GLASS,5.968995718636463
CC(C)Oc1ncc(C(=O)N[C@@H]2CCCC[C@H]2O)cc1-c1ccc(Cl)cc1,ChEMBL,5.968995718636463
OCC1OC(ON=Cc2cccc(F)c2)C(O)C(O)C1O,GLASS,5.97061622231479
COc1c(Cc2ccc(F)cc2)cc(-c2ccc(F)cc2)cc1C(=O)N[C@H]1CC[C@@H](C)CC1,ChEMBL,5.97061622231479
CCCCCc1cc(O)cc(OCCCCCCCCCN[C@H](C)CO)c1,ChEMBL,5.97469413473523
CCCCCc1cc(O)cc(OCCCCCCCCCNC(C)CO)c1,GLASS,5.97469413473523
O=C(O)CNC(=O)c1cc2c(n(CC3CCCCC3)c1=O)CCCCCC2,ChEMBL,5.976336081802207
CCCn1cc(C(=O)c2ccc(C)c3ccccc23)c2ccccc21,ChEMBL,5.977159389123472
CCCCCn1cc(C(=O)NC23CC4CC(CC(C4)C2)C3)c2cc(-c3ccccc3)ccc21,ChEMBL,5.9779842601822795
CCCCCn1cc(C(=O)NC23CC4CC(C)(CC(C)(C4)C2)C3)c(=O)c2c(C)nn(C)c21,ChEMBL,5.978810700930062
O=C(c1ccc(-n2cnnn2)cc1)N(c1ccccc1)C1(C(=O)Nc2ccccc2)CCCCC1,ChEMBL,5.979224511806442
CCCCCn1cc(C(=O)NC2CCCc3ccccc32)c(=O)c2ccccc21,ChEMBL,5.980883709552927
CCCCCCC(C)(C)c1cc(OC)c2c(c1)OC(C)(C)[C@@H]1CC=C(C)C[C@@H]21,ChEMBL,5.981715691573469
CCCCCCC(C)(C)c1cc(OC)c2c(c1)OC(C)(C)C1CC=C(C)CC21,GLASS,5.981715691573469
CCCCCCC(C)(C)c1cc(O)cc(OCCCCCCCCCCCCOC(CO)CO)c1,ChEMBL,5.982966660701219
O=S(=O)(NCC1CCCO1)c1ccc(Nc2ccc(Cl)cc2Cl)cc1C(F)(F)F,ChEMBL,5.986320302708807
CC(C)N(CC(=O)N1c2ccccc2-n2cccc2C1c1ccc(F)cc1)C(=O)CC(C)(C)C,ChEMBL,5.987162775294828
CCCCCCC(C)(C)c1cc(OC)c2cc(Cc3ccccc3OC)c(=O)oc2c1,ChEMBL,5.991399828238082
CC1CCC(NC(=O)c2cc3cccnc3n(CCCCF)c2=O)CC1,ChEMBL,5.995248844408999
CCOC(=O)c1c(NC(=O)C23CC4CC(CC(C4)C2)C3)sc2c1CCCC2,ChEMBL,5.99633271021846
CCCCC1(c2cc(OC)c3cc(-c4ccccc4C)c(=O)oc3c2)CCCC1,ChEMBL,6.0
CCCCCn1cc(C(=O)NCC23CC4CC(CC(C4)C2)C3)c(=O)cc1C(C)(C)C,ChEMBL,6.0
CCCCCn1cc(C(=O)NC23CC4CC(CC(C4)C2)C3)c(=O)c(-c2ccncc2)c1C,ChEMBL,6.0
CCCCC1(c2cc(O)c3cc(Cc4ccccn4)c(=O)oc3c2)CCCCC1,ChEMBL,6.0
COc1cc(C(=O)c2ccccc2)cc(O)c1-c1cc(Cl)cc(Cl)c1,ChEMBL,6.0
CCCCCn1cc(C(=O)N[C@H]2CCCc3ccccc32)c(=O)cc1-c1ccccc1,ChEMBL,6.0
CS/C(N)=N/C(=N/S(=O)(=O)N1CCC(C(F)(F)F)CC1)N1C[C@@H](c2ccccc2)C(c2ccc(Cl)cc2)=N1,ChEMBL,6.0
CCCCc1cc2c(O)cc(C3(CCCC)CCCC3)cc2oc1=O,ChEMBL,6.0
O=C(NC12CC3CC(CC(C3)C1)C2)c1nc(Cl)n(-c2ccccc2)c1Cl,ChEMBL,6.0
CCCCC1(c2cc(OC)c3cc(C)c(=O)oc3c2)CCCC1,ChEMBL,6.0
CCCCCn1cc(C(=O)NCC23CC4CC(CC(C4)C2)C3)c(=O)cc1C,ChEMBL,6.0
CCCCCc1cc(O)c2cc(Cc3cccnc3)c(=O)oc2c1,ChEMBL,6.0
CCCCCCC(C)(C)c1cc(O)c2cc(Cc3ccccc3C(F)(F)F)c(=O)oc2c1,ChEMBL,6.0
CCCCCCC(C)(C)c1cc(OC)c2cc(Cc3ccccc3C(F)(F)F)c(=O)oc2c1,ChEMBL,6.0
COCCn1cc(C(=O)Nc2ccc3ccccc3c2)c2ccccc21,ChEMBL,6.0
CS/C(=N\S(=O)(=O)c1ccc(-n2nc(C(F)(F)F)cc2-c2cccs2)cc1)N1CCCC1,ChEMBL,6.0
CCCCCOc1ccccc1-c1cc(C(=O)NC2CCCC2)no1,ChEMBL,6.0
CC(C)CNC(=O)c1ccc(Br)c(S(=O)(=O)N2CCCCC2)c1,ChEMBL,6.0
CC(C)CNC(=O)c1ccc(Br)c(S(=O)(=O)N(C)Cc2ccccc2)c1,ChEMBL,6.0
COc1cc(C(=O)c2ccccc2)cc(O)c1-c1cccc(C)c1,ChEMBL,6.0
COCCn1cc(C(=O)Nc2cccc3ccccc23)c2ccccc21,ChEMBL,6.0
Cc1cc(O)c2c(c1)OC(C)(C)C1=C2C[C@H](C)CC1,ChEMBL,6.0
CCC(C)/C=C(C)/C=C/C=C/C=C/C(=O)c1c(O)c(-c2ccc(O)cc2)c[nH]c1=O,ChEMBL,6.0
CN1CCN(c2ncnc3oc(-c4ccccc4)nc23)CC1,ChEMBL,6.0
Clc1ccccc1-c1nc2c(NCC3CCCCC3)ncnc2o1,ChEMBL,6.0
Cn1cc2c(n1)c(O)c(C(=O)NC13CC4CC(CC(C4)C1)C3)c(=O)n2CCCCO,ChEMBL,6.0
CCN1CCN(c2nc(C)nc3[nH]c(-c4ccccc4Cl)nc23)CC1,ChEMBL,6.0
COc1cccc2c(C(=O)c3ccc(Br)c4ccccc34)c(C)n(CCN3CCOCC3)c12,ChEMBL,6.0
CCCCCn1cc(C(=O)NC2CCCCC2)c(=O)cc1C,ChEMBL,6.0
O=C(c1cc(O)c(-c2cc(Cl)cc(Cl)c2)c(O)c1)c1cccs1,ChEMBL,6.0
CCCCCCC(C)(C)c1ccc(-c2cc(C)cc(C)c2)c(C(=O)NC(C)C)c1,ChEMBL,6.0
Nc1c2c(nc3ccccc13)CCCC2,ChEMBL,6.0
COCCNc1ncnc2oc(-c3ccccc3Cl)nc12,ChEMBL,6.0
CCCCC1(c2cc(OC)c3cc(-c4ccccc4)c(=O)oc3c2)CCCC1,ChEMBL,6.0
CCCCCc1cc(O)c2cc(Cc3ccncc3)c(=O)oc2c1,ChEMBL,6.0
CCCCC1(c2cc(OC)c3cc(Cc4ccccn4)c(=O)oc3c2)CCCC1,ChEMBL,6.0
CCCCC(C)(C)c1cc(O)c2cc(Cc3ccccc3O)c(=O)oc2c1,ChEMBL,6.0
CCCCC1(c2cc(OC)c3cc(C)c(=O)oc3c2)CCCCC1,ChEMBL,6.0
CCCCC1(c2cc(OC)c3cc(Cc4cccnc4)c(=O)oc3c2)CCCC1,ChEMBL,6.0
CCCCCn1cc(C(=O)NC23CC4CC(CC(C4)C2)C3)c(=O)cc1-c1ccc(Cl)cc1,ChEMBL,6.0
Cn1cc2c(n1)c(O)c(C(=O)NC13CC4CC(CC(O)(C4)C1)C3)c(=O)n2CCCCF,ChEMBL,6.0
CCCCCCC(C)(C)c1cc(O)c2cc(Cc3ccccc3C)c(=O)oc2c1,ChEMBL,6.0
Cc1nc(N2CCN(C)CC2)c2nc(-c3ccccc3Cl)n(C3CCOCC3)c2n1,ChEMBL,6.0
CCCCC1(c2cc(O)c3cc(CC)c(=O)oc3c2)CCCCC1,ChEMBL,6.0
CC(C)(C)/C(N)=N/C(=N/S(=O)(=O)N1CCCC1)N1CC(c2ccccc2)C(c2ccc(Cl)cc2)=N1,ChEMBL,6.0
CCCCC1(c2cc(O)c3cc(-c4ccccc4)c(=O)oc3c2)CCCC1,ChEMBL,6.0
CCCCCCCCCCCC(=O)c1c(O)c(-c2ccc(O)cc2)c[nH]c1=O,ChEMBL,6.0
CCCCCn1cc(C(=O)NC23CC4CC(CC(C4)C2)C3)c(=O)c(-c2ccc(CC)cc2)c1C,ChEMBL,6.0
CCc1nc(C(=O)NC23CC4CC(CC(C4)C2)C3)cn1-c1ccccc1,ChEMBL,6.0
CCCCCCC(C)(C)c1ccc(-c2ccc(C#N)cc2)c(O)c1,ChEMBL,6.0
CCCCCOc1ccccc1-c1cc(C(=O)NC23CC4CC(CC2C4)C3)no1,ChEMBL,6.0
CCCN1CCN(c2ncnc3oc(-c4ccccc4Cl)nc23)CC1,ChEMBL,6.0
CCCCCNc1ncnc2oc(-c3ccccc3Cl)nc12,ChEMBL,6.0
CN(C)/C(=N\S(=O)(=O)c1ccc(F)cc1)N1CC(c2ccccc2)C(c2ccc(Cl)cc2)=N1,ChEMBL,6.0
Cc1nc(N2CCN(C)CC2)c2nc(-c3ccccc3Cl)oc2n1,ChEMBL,6.0
CCCCC1(c2cc(O)c3cc(-c4ccccc4O)c(=O)oc3c2)CCCC1,ChEMBL,6.0
O=C(Cc1ccccc1)NC1CCN(CCCN2C(=O)COc3ccccc32)CC1,ChEMBL,6.0
CC(=O)N1CCN(c2ncnc3oc(-c4ccccc4C(F)(F)F)nc23)CC1,ChEMBL,6.0
Cc1cc(C2=NN(C(=O)NC3C4(C)CCC(C4)C3(C)C)CC2Cc2ccccc2)ccc1Cl,ChEMBL,6.0
CCCCn1cc(C(=O)NC23CC4CC(CC(C4)C2)C3)c(=O)cc1-c1ccccc1,ChEMBL,6.0
O=C(NCc1ccccc1)c1ccc(Br)c(S(=O)(=O)N2CCOCC2)c1,ChEMBL,6.0
CCCCCCC(C)(C)c1ccc(-c2cccc(C(=O)O)c2)c(O)c1,ChEMBL,6.0
CCCCCCC(C)(C)c1ccc(-c2cc(C)cc(C)c2)c(C(=O)O)c1,ChEMBL,6.0
CCCCOc1c(OCC[18F])ccc2cc(C(=O)NC3CCCCC3)c(=O)[nH]c12,ChEMBL,6.0
CCCCC1CCN(CCCC(=O)c2ccccc2C)CC1,ChEMBL,6.0
CNC(=O)C(C)(C)c1ccc(-c2cc(C)cc(C)c2)c(O)c1,ChEMBL,6.0
Cc1ccc(CC2CN(C(=O)NC3C4(C)CCC(C4)C3(C)C)N=C2c2ccc(Cl)c(C)c2)cc1,ChEMBL,6.0
CCCCC1(c2cc(OC)c3cc(Cc4cccnc4)c(=O)oc3c2)CCCCC1,ChEMBL,6.0
CCCCC1(c2cc(O)c3cc(C)c(=O)oc3c2)CCCCC1,ChEMBL,6.0
CCCCC1(c2cc(O)c3cc(CCC)c(=O)oc3c2)CCCC1,ChEMBL,6.0
Cc1cc(C)cc(-c2ccc(C(C)(C)C(=O)O)cc2O)c1,ChEMBL,6.0
COCCn1cc(C(=O)c2cccc3ccccc23)c2ccncc21,ChEMBL,6.0
Cc1cc(=O)c(C(=O)NC23CC4CC(CC(C4)C2)C3)cn1CC1CCOCC1,ChEMBL,6.0
O=C(NC1CC1)c1cnn(-c2ccc(Cl)cc2Cl)c1-c1ccc(Br)cc1,ChEMBL,6.0
CCCCCCCC(=O)c1c(O)c(-c2ccc(O)cc2)c[nH]c1=O,ChEMBL,6.0
CCCCCCCCCCOC(=O)c1c(O)c(-c2ccc(O)cc2)c[nH]c1=O,ChEMBL,6.0
CCCCCCCC/C=C\CCCCCCCC(=O)NCCc1cc(OC)cc(OC)c1,ChEMBL,6.0
CCCCCOc1ccccc1-c1cc(C(=O)NC2CCC2)no1,ChEMBL,6.0
CCCCCn1cc(C(=O)NC2C3CC4CC(C3)CC2C4)c(=O)cc1C,ChEMBL,6.0
CCCCCn1c(=O)sc2cc(C(=O)C3CCCC3)ccc21,ChEMBL,6.0
N#Cc1c(C(=O)NN2CCOCC2)nn(-c2ccc(Cl)cc2Cl)c1-c1ccc(Br)cc1,ChEMBL,6.0
CCCOc1ccccc1-c1cc(C(=O)NC23CC4CC(CC(C4)C2)C3)no1,ChEMBL,6.0
CCCCn1c(=O)c(C(=O)NC23CC4CC(CC(C4)C2)C3)c(O)c2c1cnn2CCO,ChEMBL,6.0
CN(Cc1ccccc1)S(=O)(=O)c1cc(C(=O)NCC(C)(C)C)ccc1Br,ChEMBL,6.0
Cc1cc(=O)c(C(=O)NC23CC4CC(CC(C4)C2)C3)cn1CCCC(F)(F)F,ChEMBL,6.0
CN(Cc1ccccc1)S(=O)(=O)c1cc(C(=O)N[C@@H]2C(C)(C)[C@H]3CC[C@]2(C)C3)ccc1Br,ChEMBL,6.0
CCCCC1(c2cc(OC)c3cc(-c4ccccc4OC)c(=O)oc3c2)CCCC1,ChEMBL,6.0
CCCCCn1c(=O)sc2cc(/C(=N\O)C34CC5CC(CC(C5)C3)C4)ccc21,ChEMBL,6.0
CCCCn1c(=O)c(C(=O)NC23CC4CC(CC(O)(C4)C2)C3)c(O)c2nn(C)cc21,ChEMBL,6.0
Cc1cc(C)cc(-c2ccc(C(C)(C)CCCCC(=O)O)cc2O)c1,ChEMBL,6.0
CCN1CCN(c2ncnc3oc(-c4ccccc4C(F)(F)F)nc23)CC1,ChEMBL,6.0
CCN1CCN(c2ncnc3oc(-c4ccccc4Cl)nc23)CC1,ChEMBL,6.0
Clc1ccccc1-c1nc2c(NCC3CCNCC3)ncnc2o1,ChEMBL,6.0
CCCCOc1c(O[11CH3])ccc2cc(C(=O)NC3CCCCC3)c(=O)[nH]c12,ChEMBL,6.0
CCCCCCCCCCCCCCCCCC(=O)c1c(O)c(-c2ccc(O)cc2)c[nH]c1=O,ChEMBL,6.0
CCCCCn1cc(C(=O)NC(C)C23CC4CC(CC(C4)C2)C3)c(=O)cc1C,ChEMBL,6.0
CCCCCn1cc(C(=O)NC2CCCCC2)c(=O)cc1-c1ccc(Cl)cc1,ChEMBL,6.0
CC1(C)C(C(=O)c2cn(CC3CCOCC3)c3cc(CN)ccc23)C1(C)C,ChEMBL,6.0
O=C(NS(=O)(=O)c1ccc(Cl)cc1)N1CC(c2ccccc2)C(c2ccc(Cl)cc2)=N1,ChEMBL,6.0
CC(C)n1c(=O)sc2cc(C(=O)C34CC5CC(CC(C5)C3)C4)ccc21,ChEMBL,6.0
CCCCCn1c(=O)sc2cc(C(OC)C34CC5CC(CC(C5)C3)C4)ccc21,ChEMBL,6.0
CCCCc1cc2c(OC)cc(C3(CCCC)CCCC3)cc2oc1=O,ChEMBL,6.0
CCCCCn1c(=O)sc2cc(C(O)C34CC5CC(CC(C5)C3)C4)ccc21,ChEMBL,6.0
CCCCC1(c2cc(OC)c3cc(CCC)c(=O)oc3c2)CCCC1,ChEMBL,6.0
CC(=O)OCCCCn1c(=O)c(C(=O)NC23CC4CC(CC(C4)C2)C3)c(O)c2nn(C)cc21,ChEMBL,6.0
CC(=O)N1CCN(c2ncnc3oc(-c4ccccc4Cl)nc23)CC1,ChEMBL,6.0
CCCCC1(c2cc(OC)c3cc(CC)c(=O)oc3c2)CCCC1,ChEMBL,6.0
CCCCC1(c2cc(OC)c3cc(Cc4ccccn4)c(=O)oc3c2)CCCCC1,ChEMBL,6.0
CCCCC(C)(C)c1cc(O)c2cc(Cc3ccccc3C)c(=O)oc2c1,ChEMBL,6.0
CCCn1c(=O)c(C(=O)NC23CC4CC(CC(C4)C2)C3)c(O)c2nn(CCO)cc21,ChEMBL,6.0
CCCCC1(c2cc(O)c3cc(-c4ccc(C(F)(F)F)cc4)c(=O)oc3c2)CCCC1,ChEMBL,6.0
CCCCC1(c2cc(O)c3cc(Cc4cccnc4)c(=O)oc3c2)CCCC1,ChEMBL,6.0
CCCCc1cc2c(O)cc(C3(CCCC)CCCCC3)cc2oc1=O,ChEMBL,6.0
CCCCn1c(=O)c(C(=O)NC23CC4CC(CC(C4)C2)C3)c(O)c2nn(CCO)cc21,ChEMBL,6.0
CCCCC1(c2cc(O)c3cc(Cc4ccncc4)c(=O)oc3c2)CCCC1,ChEMBL,6.0
CN1CCN(c2ncnc3oc(-c4ccccc4Cl)nc23)CC1,ChEMBL,6.0
CN1CCN(c2ncnc3oc(-c4ccccc4C(F)(F)F)nc23)CC1,ChEMBL,6.0
CCN1CCN(c2ncnc3oc(-c4ccccc4F)nc23)CC1,ChEMBL,6.0
Cc1cccc(-c2ccc(C(=O)c3ccccc3)cc2O)c1,ChEMBL,6.0
CCCCCc1cc(OC)c2cc(Cc3ccncc3)c(=O)oc2c1,ChEMBL,6.0
CCCCC1(c2cc(OC)c3cc(CCC)c(=O)oc3c2)CCCCC1,ChEMBL,6.0
O=C(NN1CCCCC1)c1nc(-c2ccc(Cl)cc2)c(-c2ccc(Cl)cc2Cl)s1,ChEMBL,6.0
CCCCC1(c2cc(OC)c3cc(-c4ccc(C(F)(F)F)cc4)c(=O)oc3c2)CCCC1,ChEMBL,6.0
[11CH3]OC(=O)c1c(NC(=O)C23CC4CC(CC(O)(C4)C2)C3)sc2c1CCCC2,ChEMBL,6.0
Fc1ccccc1/C=C1\C=C(CCN2CCOCC2)c2ccccc21,ChEMBL,6.0
CCCCCn1cc(C(=O)Nc2cccc(C(F)(F)F)c2)c(=O)cc1-c1ccc(Cl)cc1,ChEMBL,6.0
Cc1ccc2c(=O)c(C(=O)NC3CCCC3)cn(CCN3CCOCC3)c2n1,ChEMBL,6.0
FC(F)(F)c1cccc(-c2c[nH]c(-c3cccc(CN4CCOCC4)c3)n2)c1,ChEMBL,6.0
Cc1ccc(C(=O)NCC(C)(C)C)cc1S(=O)(=O)N1CCOCC1,ChEMBL,6.0
CN1CCN(c2ncnc3oc(-c4ccccc4F)nc23)CC1,ChEMBL,6.0
CCCCCn1cc(C(=O)NC23CC4CC(CC(C4)C2)C3)c(=S)cc1-c1ccccc1,ChEMBL,6.0
CCCCC1(c2cc(O)c3cc(Cc4ccccn4)c(=O)oc3c2)CCCC1,ChEMBL,6.0
CCCn1c(=O)c(C(=O)NC23CC4CC(CC(C4)C2)C3)c(O)c2nn(CCOC(C)=O)cc21,ChEMBL,6.0
CCCCC1(c2cc(O)c3cc(C)c(=O)oc3c2)CCCC1,ChEMBL,6.0
CC1CCC(NC(=O)c2cc3cccnc3n(CCN3CCOCC3)c2=O)CC1,ChEMBL,6.0
CCCCCn1c(=O)sc2cc(C(=O)C3CCCCC3)ccc21,ChEMBL,6.0
CCCCCc1cc(O)c2cc(Cc3ccccn3)c(=O)oc2c1,ChEMBL,6.0
Fc1ccc(C2(c3ccc(F)cc3)Oc3cc(F)c(CN4CCOCC4)cc3O2)cc1,ChEMBL,6.0
CCCCC1(c2cc(O)c3cc(-c4ccccc4C)c(=O)oc3c2)CCCC1,ChEMBL,6.0
CC1(C)C(C(=O)c2cn(CC3CCOCC3)c3ccc(N)cc23)C1(C)C,ChEMBL,6.0
CCCCC1(c2cc(OC)c3cc(Cc4ccncc4)c(=O)oc3c2)CCCC1,ChEMBL,6.0
CCCCC1(c2cc(OC)c3cc(Cc4ccncc4)c(=O)oc3c2)CCCCC1,ChEMBL,6.0
CCCc1ccc(O)c(-c2ccc(OC)c(CCC)c2)c1,GLASS,6.0
CCCCCCCCC=CCCCCCCCC(=O)NCCc1cc(OC)cc(OC)c1,GLASS,6.0
O=C(CCCCC1SCC2NC(=O)NC21)NCCCCCC(=O)OCCCCC=CCC=CCC=CCC=CCCCC(=O)NC1CC1,GLASS,6.0
CCCCNc1ncnc2oc(-c3ccccc3Cl)nc12,ChEMBL,6.0
CCCCCn1cc(C(=O)NC2CCCCC2)c(=S)cc1-c1ccccc1,ChEMBL,6.0
CCN1CCN(c2ncnc3oc(-c4ccccc4)nc23)CC1,ChEMBL,6.0
COc1cc(C(O)c2ccccc2)cc(OC)c1-c1cc(Cl)cc(Cl)c1,ChEMBL,6.0
COc1cc(C(O)c2cccs2)cc(OC)c1-c1cc(Cl)cc(Cl)c1,ChEMBL,6.0
CCCCCCC(C)(C)c1cc(O)cc(OCCCCCCCCCCC(=O)NCC2CC2)c1,ChEMBL,6.0
Clc1ccccc1-c1nc2c(N3CCOCC3)ncnc2o1,ChEMBL,6.0
COCCn1cc(C(=O)c2ccc(-c3ccccc3)cc2)c2ccccc21,ChEMBL,6.0
CCCCC(C)(C)c1cc(O)c2cc(Cc3ccccc3)c(=O)oc2c1,ChEMBL,6.0
CCCCC1(c2cc(O)c3cc(Cc4ccncc4)c(=O)oc3c2)CCCCC1,ChEMBL,6.0
CCCCC1(c2cc(OC)c3cc(CC)c(=O)oc3c2)CCCCC1,ChEMBL,6.0
CCCCc1cc2c(OC)cc(C3(CCCC)CCCCC3)cc2oc1=O,ChEMBL,6.0
Cc1cc(O)c2c(c1)OC(C)(C)C1=C2CC(C)CC1,GLASS,6.0
CCCCC1(c2cc(O)c3cc(CC)c(=O)oc3c2)CCCC1,ChEMBL,6.0
CCCCCn1cc(C(=O)NC23CC4CC(CC(C4)C2)C3)c(=O)c2cc(Br)ccc21,ChEMBL,6.001740661576301
O=C1N(Cc2ccccc2)C(=S)NC1(c1ccc(Br)cc1)c1ccc(Br)cc1,ChEMBL,6.0030507515046185
CC1(C)C(C(=O)c2cn(CCN3CCOCC3)c3cc(OCc4ccccc4)ccc23)C1(C)C,ChEMBL,6.006123085058789
CC(C)(C)NC(=O)c1nn(-c2ccc(F)cc2F)c2c1[C@H]1CC[C@@H]2C1,ChEMBL,6.006475596832934
Cc1cccc(-c2c(O)cc(C(=O)c3ccccc3)cc2O)c1,ChEMBL,6.007313960837872
C[N+]1(CCC2=C/C(=C\c3cccc4ccccc34)c3ccccc32)CCOCC1.[I-],ChEMBL,6.00788851221305
CCS(=O)(=O)n1c2c(c3cc(C(=O)N4CCC(C)CC4)ccc31)CN(C1CCOC1)C2,ChEMBL,6.011887159731648
C=CCc1ccc(O)c(-c2ccc(OCC)c(CC=C)c2)c1,GLASS,6.013228265733755
CCc1c(C(=O)NCc2ccc(Cl)c(Cl)c2)nn(-c2ccc(Cl)c(Cl)c2)c1-n1c(C)ccc1C,ChEMBL,6.015157768594724
O=C(NC1CCCCCC1)c1cc2cccnc2n(Cc2ccccc2)c1=O,ChEMBL,6.017728766960431
CCn1cc(C(=O)N[C@@H]2C(C)(C)C3CC[C@]2(C)C3)c(=O)c2ccc(F)cc21,ChEMBL,6.01786450519623
CCn1cc(C(=O)NC2C3(C)CCC(C3)C2(C)C)c(=O)c2ccc(F)cc21,GLASS,6.01786450519623
CCCCCn1cc(C(=O)NC2CCCCC2)c(=O)c2c(CC)nn(C)c21,ChEMBL,6.019088062223156
CCCCCc1cc2c(c(SC)c1)[C@@H]1C=C(C)CC[C@H]1C(C)(C)O2,ChEMBL,6.019996628416254
CCCCCc1cc2c(c(SC)c1)C1C=C(C)CCC1C(C)(C)O2,GLASS,6.019996628416254
O=C(NC1CCCCCC1)c1cccn(CCN2CCOCC2)c1=O,ChEMBL,6.022276394711152
COc1ccc(CCNC(=O)c2nn(-c3ccc(F)cc3F)c(-n3cccc3)c2C)cc1Cl,ChEMBL,6.023191662661934
N[C@@H]1CCCC[C@H]1NC(=O)c1cn(-c2ccc(Cl)cc2)c(-c2ccc(Cl)cc2Cl)n1,ChEMBL,6.026872146400302
CCN(CC)c1ccc(CN(Cc2ccccc2)S(=O)(=O)c2ccc(F)cc2)cc1,ChEMBL,6.031517051446065
O=S(=O)(NCC1CC1)c1ccc(NC2CCCCCCC2)cc1C(F)(F)F,ChEMBL,6.031517051446065
CCCCCn1cc(C(=O)NC2CCCCC2)c(=O)cc1-c1ccccc1,ChEMBL,6.031984286006359
Cc1c2c(n(-c3ccc(Cl)cc3Cl)c1-c1ccc(N)cc1)CCN(C1CCCCC1)C2=O,ChEMBL,6.036212172654444
CN[C@@H]1CCCC[C@H]1NC(=O)c1cn(-c2ccc(Cl)cc2)c(-c2ccc(Cl)cc2Cl)n1,ChEMBL,6.036212172654444
CCCCCC1=CC(=O)C2=C(OC(C)(C)[C@@H]3CC[C@](C)(OCC)C=C23)C1=O,ChEMBL,6.036684488613889
CCCCC/C=C\C/C=C\C/C=C\C/C=C\CCCC(=O)OCCN,ChEMBL,6.0400051616715835
CCCCCC=CCC=CCC=CCC=CCCCC(=O)OCCN,GLASS,6.0400051616715835
CCCCCn1c(=O)c(C(=O)NC2CCC(C)CC2)cc2cccnc21,ChEMBL,6.041914151478915
CCCCn1c2c(cc(C(=O)NCCc3ccccc3)c1=O)CCCCCC2,ChEMBL,6.041914151478915
COc1ccc(S(=O)(=O)c2cc(OC)ccc2S(=O)(=O)c2ccc([C@H](C)NS(C)(=O)=O)cc2)cc1,ChEMBL,6.043351420794797
O=C1C(c2ccc(Br)cc2)N(c2ccc(Cl)cc2)C(=O)N1c1ccc(Cl)cc1,ChEMBL,6.043351420794797
COc1c(Cc2ccc(F)cc2)cc(-c2ccccc2)cc1C(=O)NC1CCCCCC1,ChEMBL,6.043591428804167
CCCCCCn1c(=O)sc2cc(C(=O)C34CC5CC(CC(C5)C3)C4)ccc21,ChEMBL,6.044312249686494
CCCCCn1cc(C(=O)NC23CC4CC(CC(C4)C2)C3)c(=O)c2cc(CC)ccc21,ChEMBL,6.045757490560675
Nc1ccc(C(C(=O)NCCC(c2ccccc2)c2ccccc2)c2ccccc2)cc1,ChEMBL,6.045757490560675
CCCCCCc1ccc(O)cc1OCCCCCCCCCCCNC(=O)C1CC1,ChEMBL,6.045757490560675
O=S(=O)(NCCCCNS(=O)(=O)C(F)(F)F)c1ccc(Cl)cc1S(=O)(=O)c1ccccc1F,ChEMBL,6.045757490560675
C/N=C(\NS(=O)(=O)c1ccc(Cl)cc1)N1C[C@@H](c2ccccc2)C(c2ccc(Cl)cc2)=N1,ChEMBL,6.048662481204082
CCCCn1c2c(cc(C(=O)NCc3ccccc3)c1=O)CCCCCC2,ChEMBL,6.050609993355087
COc1cc(Nc2ccc(S(=O)(=O)NCC3CCCO3)c(F)c2)cc(OC)c1,ChEMBL,6.051098239029786
COc1ccc(S(=O)(=O)c2cc(OC)ccc2S(=O)(=O)c2ccc([C@H](C)NC(=O)c3ccc(C)cc3)cc2)cc1,ChEMBL,6.053547734986927
COc1ccc(S(=O)(=O)c2cc(OC)ccc2S(=O)(=O)c2ccc(C(C)NC(=O)c3ccc(C)cc3)cc2)cc1,GLASS,6.053547734986927
CC1CCC(NC(=O)c2cccnc2OCc2ccc(F)cc2)CC1,ChEMBL,6.053547734986927
Cc1c(CN2CCOCC2)c2ccccc2n1C(=O)c1cccc2ccccc12,ChEMBL,6.05700040663396
CCCC(C)(C)c1ccc(-c2cc(C)ccc2C(C)C)c(O)c1,ChEMBL,6.057991946977687
CC(C)CN(CC(=O)N1CCc2sccc2C1c1ccc(F)cc1)C(=O)c1ccco1,ChEMBL,6.057991946977687
O=C(c1cc2c(cc1Br)OC(c1ccccc1)(c1ccccc1)O2)N1CCOCC1,ChEMBL,6.0589857562944305
C=CCN1C(=O)C(c2ccc(Br)cc2)(c2ccc(Br)cc2)NC1=S,ChEMBL,6.059981844992337
CCN(CC)c1ccc(CN(c2ccc(Cl)cc2)S(=O)(=O)c2cccc(C)c2)cc1,ChEMBL,6.062482107982653
CCCCCn1cc(C(=O)Nc2ccccc2)c(=O)c2c(C)nn(C)c21,ChEMBL,6.062983892535185
Clc1ccccc1/C=C1\C=C(CCN2CCOCC2)c2ccccc21,ChEMBL,6.064492734175287
C=CCc1ccc(O)c(-c2ccc(OC)c(CC(C)Br)c2)c1,GLASS,6.0655015487564325
COc1ccc(-c2oc3ccccc3c2C(=O)c2ccc(OCCCCN(C)Cc3ccccc3)cc2)cc1,ChEMBL,6.0655015487564325
CC(C)[C@H]1COc2cccc3c(=O)c(C(=O)NC45CC6CC(CC(C6)C4)C5)cn1c23,ChEMBL,6.066512712151295
CCN(CC)c1ccc(CN(c2ccc(C)cc2)S(=O)(=O)c2ccc(F)cc2)cc1,ChEMBL,6.066512712151295
CN(C)C1(c2nc(-c3cc(C(C)(C)C)c(O)c(C(C)(C)C)c3)cs2)CCOCC1,ChEMBL,6.0670191780768015
Cc1ccc(-c2cc(SNCC34CC5CC(CC(C5)C3)C4)nnc2-c2ccc(C)cc2)cc1,ChEMBL,6.0672726326984705
COc1ccc(S(=O)(=O)c2cc(OC)ccc2S(=O)(=O)c2ccc(C(C)NS(=O)(=O)c3ccccc3)cc2)cc1,GLASS,6.068033885271827
COc1ccc(S(=O)(=O)c2cc(OC)ccc2S(=O)(=O)c2ccc([C@H](C)NS(=O)(=O)c3ccccc3)cc2)cc1,ChEMBL,6.068033885271827
O=C1/C(=C/c2cccc(OCc3ccc(F)cc3)c2)N=C2SCCCCN12,ChEMBL,6.070581074285707
O=C(NC1CC1)c1cnn(-c2ccc(Cl)cc2Cl)c1-c1ccc(Cl)cc1,ChEMBL,6.070581074285707
CCCCCc1cc(O)cc(OCCCCCCCCCCC(=O)NN(C)C)c1,ChEMBL,6.072886388066239
CC1(C)C(C(=O)c2cn(CCN3CCOCC3)c3ccccc23)C1(C)C,ChEMBL,6.073143291050307
CCCCCc1cc(OC)cc(OCCCCCCCCCCC(=O)Nc2ccccc2)c1,ChEMBL,6.073400346092972
CC[C@H]1COc2cccc3c(=O)c(C(=O)NC4CCCCCC4)cn1c23,ChEMBL,6.074172425375258
COc1ccc(C(=O)c2c(C)n(CCN3CCOCC3)c3cc(I)ccc23)cc1,ChEMBL,6.075720713938118
Cc1c(C(=O)NC2CCCC2)nn(-c2ccc(F)cc2F)c1-n1c(C)ccc1C,ChEMBL,6.075720713938118
CCN(CC)c1ccc(CN(Cc2ccco2)S(=O)(=O)c2ccc(OC)cc2)cc1,ChEMBL,6.075720713938118
CNC(=O)CCC(C)(C)c1ccc(-c2cc(C)cc(C)c2)c(O)c1,ChEMBL,6.075720713938118
COc1ccc([C@@H]2[C@@H](Cc3cc4ccccc4o3)C(=O)N2c2ccccc2)cc1,ChEMBL,6.0762380391713
C/N=C(\NS(=O)(=O)N1CCS(=O)(=O)CC1)N1CC(c2ccccc2)C(c2ccc(Cl)cc2)=N1,ChEMBL,6.079876673709276
COc1ccc2c(Cc3c(Cl)cncc3Cl)nncc2c1C=CCCCc1ccccc1,GLASS,6.080921907623926
CCCCCc1cc(O)c2c(c1)OC(C)(C)C1CC=C(C)C(O)C21,GLASS,6.080921907623926
CCCC(C)(C)C(=O)Nc1cc(C)c(C)c(S(=O)(=O)N2CCOCC2)c1,ChEMBL,6.080921907623926
CCCCCc1cc(O)c2c(c1)OC(C)(C)[C@@H]1CC=C(C)[C@@H](O)[C@@H]21,ChEMBL,6.080921907623926
CCCCCc1cc(O)cc(OCCCCCCCCCCCCNC2CC2)c1,ChEMBL,6.080921907623926
CCCCCCc1nc(-c2ccc(Cl)cc2)n(-c2ccc(Cl)cc2Cl)n1,ChEMBL,6.081235968972001
CCN(CC)C(=O)c1nc(-c2ccc(Cl)cc2Cl)n(-c2ccc(Cl)cc2)c1C,ChEMBL,6.08196966321512
OCC1OC(ON=Cc2ccc(F)cc2)C(O)C(O)C1O,GLASS,6.083019952679618
COc1c(Cc2ccc(F)cc2)cc(-c2ccccc2)cc1C(=O)N[C@H]1CC[C@@H](C)CC1,ChEMBL,6.083019952679618
CCCCCn1cc(C(=O)NC2CCCCCC2)c(=O)n2nc(-c3ccccc3)cc12,ChEMBL,6.0835460514500745
O=C(c1cccc2ccccc12)c1cn(CC2CCOCC2)c2ccc(O)cc12,ChEMBL,6.0841782123796015
CCC1COc2cccc3c(=O)c(C(=O)NC4CCCCC4)cn1c23,ChEMBL,6.085656842880559
CCCCCCCCCCCCCCCC(=O)N[C@H]1C[C@H]1O,ChEMBL,6.086186147616283
CCS(=O)(=O)n1c2c(c3cc(C(=O)N4CCCCC4)ccc31)CN(C1CCCC1)C2,ChEMBL,6.087246696328677
Fc1ccc(CC2CCC(c3ccc(Cl)cc3)N(c3ccc(Cl)cc3)C2)cc1F,GLASS,6.087246696328677
CN(C)C1(c2nc(-c3cc(C(C)(C)C)c(O)c(C(C)(C)C)c3)co2)CCOCC1,ChEMBL,6.087777943467584
CCCCC/C=C\C/C=C\CCCCCCCC(=O)N[C@H](CO)Cc1ccc(O)cc1,ChEMBL,6.0915149811213505
CCCCCC=CCC=CCCCCCCCC(=O)NC(CO)Cc1ccc(O)cc1,GLASS,6.0915149811213505
Cc1ccc(-c2cc(S(=O)(=O)NC3CCCCCC3)nnc2-c2ccc(C)cc2)cc1,ChEMBL,6.096692920035826
CCCCCn1cc(C(=O)NC23CC4CC(CC(C4)C2)C3)c(=O)c2c(C)nn(C)c21,ChEMBL,6.096910013008056
CC1CCC(NC(=O)c2cc3ccccc3n(CCN3CCOCC3)c2=O)CC1,ChEMBL,6.096910013008056
CCCCCCc1ccc(O)cc1OCCCCCCCC(=O)OC(CO)CO,ChEMBL,6.096910013008056
CCCCCn1nc(OCc2ccc(OC)cc2)c2cc([N+](=O)[O-])ccc21,ChEMBL,6.096910013008056
CCCCCc1cc(O)cc(OCCCCCCCCCCC(=O)NCCO)c1,ChEMBL,6.096910013008056
O=C(NC1CCCCC1)c1cccn(Cc2ccccc2)c1=O,ChEMBL,6.096910013008056
O=C(Cc1ccc(Br)cc1)NCCC(c1ccccc1)c1ccccc1,ChEMBL,6.096910013008056
CCCCCCC(C)(C)c1cc(O)cc(OCCCCCCCCCCCC(=O)NCCO)c1,ChEMBL,6.0999990348465305
O=C(NC1(C(=O)O)CCCCCCC1)c1cc2c(n(CC3CCCCC3)c1=O)CCCCCC2,ChEMBL,6.100726812682396
Cc1c(C(=O)N2CCC(NC(=O)NC3CCCCC3)(c3ccccc3)CC2)nn(-c2ccc(Cl)cc2Cl)c1-c1ccc(Cl)cc1,ChEMBL,6.101274818410507
CC1(C)C(C(=O)c2cn(CCN3CCCCCC3)c3ccccc23)C1(C)C,ChEMBL,6.102372908709558
Cc1ccc(NC(=O)C2CCCCC2(C)C)cc1S(=O)(=O)N1CCOCC1,ChEMBL,6.102372908709558
C=CCc1ccc(O)c(-c2ccc(OC)c(CC=C)c2)c1,GLASS,6.102372908709558
Cc1c(C(=O)Nc2ccc(C)[n+](C)c2)nn(-c2ccc(Cl)cc2Cl)c1-c1ccc(Cl)cc1,GLASS,6.104577453960592
Cc1c(C(=O)Nc2ccc(C)[n+](C)c2)nn(-c2ccc(Cl)cc2Cl)c1-c1ccc(Cl)cc1.[I-],ChEMBL,6.104577453960592
Cc1cc(NC(=O)C(C)(C(F)(F)F)C(F)(F)F)cc(S(=O)(=O)N2CCOCC2)c1C,ChEMBL,6.107905397309519
COc1ccc(-c2oc3ccccc3c2C(=O)c2ccc(NCc3ccc(F)cc3)cc2)cc1,ChEMBL,6.107905397309519
CCCCn1c(=O)sc2cc(C(=O)C34CC5CC(CC(C5)C3)C4)ccc21,ChEMBL,6.107905397309519
N=C(NC1CCN(c2ncnc3c2nc(-c2ccccc2Cl)n3-c2ccc(Cl)cc2)CC1)c1ccc(F)cc1,ChEMBL,6.107905397309519
CCCCN(C)C(=O)c1ccc2c(c1)c1c(n2S(=O)(=O)CC)CN(C2CCCC2)C1,ChEMBL,6.108462542327436
COc1cc2c(cc1O)c(C(=O)C1C(C)(C)C1(C)C)cn2CC1CCOCC1,ChEMBL,6.109998386815364
Cc1ccc(-c2cnc(C(C)(C)C)[nH]2)cc1S(=O)(=O)N1CCOCC1,ChEMBL,6.113509274827518
C#Cc1c(C(=O)NN2CC3CCCC3C2)nc(-c2ccc(Cl)cc2Cl)n1-c1ccc(Cl)cc1,ChEMBL,6.113509274827518
CSC(=S)N1CC2(CCCCC2)CS/C1=N\c1cccc2ncccc12,ChEMBL,6.117475462045119
CN/C(=N\S(=O)(=O)N1CCCCC1)N1C[C@@H](c2ccccc2)C(c2ccc(Cl)cc2)=N1,ChEMBL,6.117475462045119
CCCCCc1cc(O)c(C/C=C(\C)CCC=C(C)C)c(O)c1,ChEMBL,6.119186407719209
CCCn1cc(C(=O)NC2CCCCC2)c(=O)c2c(C)nn(C)c21,ChEMBL,6.120330794367947
CCCC1COc2ccc(C)c3c(=O)c(C(=O)NC4CCCCC4)cn1c23,ChEMBL,6.121478204498794
C=C(C)C1CCC(C)=C[C@H]1c1c(O)cc(-c2cccc3ccccc23)cc1O,ChEMBL,6.122916743349349
C=C(C)C1CCC(C)=CC1c1c(O)cc(-c2cccc3ccccc23)cc1O,GLASS,6.122916743349349
CCCCCc1cc(O)cc(OCCCCCCCCCCCC(=O)NC2CC2)c1,ChEMBL,6.1249387366083
O=C(Nc1ccc(Br)cc1)NC(c1ccc(I)cc1)c1ccc(I)cc1,ChEMBL,6.1249387366083
CC1CCC(NC(=O)c2cc3cc(Br)cnc3n(CCN3CCOCC3)c2=O)CC1,ChEMBL,6.1249387366083
CCCCCCc1c(O)cccc1OCCCCCCCCCCC(=O)NCC1CC1,ChEMBL,6.1249387366083
Cc1ccc(-c2cc(CC(C)(C)C)[nH]n2)cc1S(=O)(=O)N1CCOCC1,ChEMBL,6.1249387366083
CCCCCC=CCC=CCCCCCCCCCC(=O)NCCO,GLASS,6.1249387366083
CCCCCc1cc(O)c(C/C=C(\C)CC/C=C(\C)CCC=C(C)C)c(O)c1,ChEMBL,6.1249387366083
CCOC(=O)CCCn1cc(C(=O)c2cccc3ccccc23)c2ccccc21,ChEMBL,6.126679398184601
CCCCn1c2c(cc(C(=O)NCc3ccccc3)c1=O)CCCC2,ChEMBL,6.127261172527331
Cc1ccc(-c2noc(CC3CCCCC3)n2)cc1S(=O)(=O)N1CCOCC1,ChEMBL,6.130768280269024
CCCCCn1cc(C(=O)NC23CC4CC(CC(C4)C2)C3)c(=O)c2cc(Oc3ccc(F)c(Cl)c3)ccc21,ChEMBL,6.131355561605174
O=C(N[C@@H](Cc1ccccc1)C(=O)O)c1cc2c(n(CC3CCCCC3)c1=O)CCCCCC2,ChEMBL,6.131943638176958
COc1cc(Nc2ccc(S(=O)(=O)NCC3CCCO3)c(C(F)(F)F)c2)cc(OC)c1,ChEMBL,6.133712660915805
CCCCCOc1c(OC)ccc2cc(C(=O)NCCc3ccc(OC)cc3)c(=O)[nH]c12,ChEMBL,6.134896025358872
O=C(C1CCCC1)N1CCN(C(c2ccccc2)c2ccc(Cl)cc2Cl)CC1,ChEMBL,6.135488918941608
O=C(NCC1CCCCC1)NC1CCN(c2ncnc3c2nc(-c2ccccc2Cl)n3-c2ccc(C(F)(F)F)nc2)CC1,ChEMBL,6.136677139879544
Cc1ccc(-c2cc(SNC3CCCC3)nnc2-c2ccc(C)cc2)cc1,ChEMBL,6.1401414795190075
CCCCN1C(=O)C(c2ccc(I)cc2)(c2ccc(I)cc2)NC1=S,ChEMBL,6.140261433802853
CCCCCn1cc(C(=O)N[C@H]2CC[C@@H](C)CC2)c(=O)c2c(C)nn(C)c21,ChEMBL,6.140861702705469
CC1(C)C(C(=O)c2cn(C[C@H]3CCCO3)c3ccccc23)C1(C)C,ChEMBL,6.142667503568732
CCCCCn1cc(C(=O)NC2CCCCCC2)c(=O)n2ncnc12,ChEMBL,6.144480844332199
O=C1C(Cc2ccc(F)c(F)c2)CCC(c2ccc(Cl)cc2)N1c1ccc(Cl)cc1,GLASS,6.146301788223826
O=C1[C@H](Cc2ccc(F)c(F)c2)CC[C@H](c2ccc(Cl)cc2)N1c1ccc(Cl)cc1,ChEMBL,6.146301788223826
CCCCCc1cc(O)c2c(c1)OC(C)(CCC=C(C)C)C=C2,ChEMBL,6.146301788223826
NC(=NS(=O)(=O)c1ccc(Cl)cc1)N1CC(O)(c2ccccc2)C(c2ccc(Cl)cc2)=N1,GLASS,6.146910470148135
CCCCCc1cc(OC)c2cc(Cc3cccc(C)c3)c(=O)oc2c1,ChEMBL,6.146910470148135
N/C(=N\S(=O)(=O)c1ccc(Cl)cc1)N1CC(O)(c2ccccc2)C(c2ccc(Cl)cc2)=N1,ChEMBL,6.146910470148135
CCCCCn1cc(C(=O)NC23CC4CC(CC(C4)C2)C3)c(=O)n2ncnc12,ChEMBL,6.147520006363144
CSC(=S)N1CC2(CCCCC2)CS/C1=N\c1ccccc1OC(F)(F)F,ChEMBL,6.148130399270234
COCCn1cc(C(=O)C2C(C)(C)C2(C)C)c2ccccc21,ChEMBL,6.149997413907539
Cc1ccc(-c2cc(SNC3CC(C)CCC3C(C)C)nnc2-c2ccc(C)cc2)cc1,ChEMBL,6.150212175762315
O=C1/C(=C/c2cn(Cc3ccc(Cl)cc3)c3ncccc23)N2CCC1CC2,ChEMBL,6.152427340857888
CCCCCCC(C)(C)c1cc(OCc2ccccc2)c2c(c1)OC(C)(C)c1cn(C)nc1-2,ChEMBL,6.153415497101954
CCCCCn1cc(C(=O)NC2CCCCC2)c(=O)n2nc(-c3ccccc3)cc12,ChEMBL,6.153662887870195
CCCCn1c(=O)c(C(=O)NC2CCC(C)CC2)c(O)c2cccnc21,ChEMBL,6.153972324635621
CCC(=O)N(CCCCCCCNC(=O)c1nn(-c2ccc(Cl)cc2Cl)c(-c2ccc(Cl)cc2)c1C)C1CCN(CCc2ccccc2)CC1,ChEMBL,6.154281982033341
CC(C)Cc1sc2ccccc2c1C(=O)c1cccc2ccccc12,ChEMBL,6.154901959985743
COc1ccc(C(=O)c2c(-c3ccc(OC)cc3)sc3ccccc23)cc1,ChEMBL,6.154901959985743
CCn1cc(CC(=O)NC23CC4CC(CC(C4)C2)C3)c2cc(-c3ccccc3)ccc21,ChEMBL,6.156144577376839
C=CCCCn1cc(C(=O)NC23CC4CC(CC(C4)C2)C3)c(=O)c2cc(Br)ccc21,ChEMBL,6.157390760389438
C=CCn1c2c(c3cc(C(=O)N4CCC(C)CC4)ccc31)CN(C1CCCC1)C2,ChEMBL,6.158015195409886
CCCCCCc1ccc(OC)cc1OCCCCCCCCCCC(=O)NCC1CC1,ChEMBL,6.1589535345906965
O=C1C(c2ccccc2)N(c2cccc(I)c2)C(=S)N1c1cccc(I)c1,ChEMBL,6.1598939055432425
CC1(C)C(C(=O)c2cn(CCc3cccs3)c3ccccc23)C1(C)C,ChEMBL,6.160000609491408
CS(=O)(=O)N1CCN(CC2CCC(c3ccc(Cl)cc3Cl)N(c3ccc(Cl)cc3)C2)CC1,GLASS,6.161150909262744
CCN(CC)c1ccc(CN(Cc2ccccc2)S(=O)(=O)c2ccc(OC)cc2)cc1,ChEMBL,6.161150909262744
CS(=O)(=O)N1CCN(C[C@@H]2CC[C@@H](c3ccc(Cl)cc3Cl)N(c3ccc(Cl)cc3)C2)CC1,ChEMBL,6.161150909262744
CCC1COc2cccc3c(=O)c(C(=O)NC45CC6CC(CC(C6)C4)C5)cn1c23,ChEMBL,6.161780778092374
CCCCCCC(C)(C)c1cc(OC)c2c(c1)OC(C)(C)c1ccc(C)cc1-2,ChEMBL,6.166852888087215
COc1ccc(-c2c(C)c(C(=O)NC3(C#N)CCOCC3)nn2-c2cccc(Br)c2)cc1,ChEMBL,6.167491087293763
CC1(C)C(C(=O)c2cn(CCCCCO)c3ccccc23)C1(C)C,ChEMBL,6.170001911302621
CCCCCn1cc(C(=O)NC2CCCCC2)c(=O)n2nc(C(C)(C)C)cc12,ChEMBL,6.170696227168975
CCCCCCC(C)(C)c1cc(OCc2ccccc2)c2c(c1)OC(C)(C)c1cn(CC)nc1-2,ChEMBL,6.1730833528150795
COc1ccc(/N=C2\SCC3(CCCCC3)CN2C(=S)SC)cc1,ChEMBL,6.1732774798310075
Cc1cccc(Cn2cc(C(=O)N[C@@H]3C(C)(C)C4CC[C@]3(C)C4)c(=O)c3ccc(Sc4ccccc4)cc32)c1,ChEMBL,6.1743791749965
Cc1cccc(Cn2cc(C(=O)NC3C4(C)CCC(C4)C3(C)C)c(=O)c3ccc(Sc4ccccc4)cc32)c1,GLASS,6.1743791749965
C=C(C)C1CCC(C)=C[C@H]1c1c(O)cc(C2(CCCCCC)CC2(Cl)Cl)cc1O,ChEMBL,6.180002266489224
C=C(C)C1CCC(C)=CC1c1c(O)cc(C2(CCCCCC)CC2(Cl)Cl)cc1O,GLASS,6.180002266489224
COCCCn1cc(C(=O)C2C(C)(C)C2(C)C)c2ccccc21,ChEMBL,6.180456064458132
CCCCCn1cc(C(=O)NCc2ccc(Cl)c(Cl)c2)c(=O)c2ccc(Br)cc21,ChEMBL,6.180456064458132
CCN(CC)c1ccc(CN(C2CCCCC2)S(=O)(=O)c2ccc(OC)cc2)cc1,ChEMBL,6.180456064458132
CC1CCN(C(=O)c2ccc3c(c2)c2c(n3Cc3ccccc3)CN(C3CCCC3)C2)CC1,ChEMBL,6.181774106386045
CCCCCCC(C)(C)c1cc(OCCCBr)c2c(c1)OC(C)(C)c1cn(CC)nc1-2,ChEMBL,6.182434630440219
COc1c(C)cc(-c2ccccc2)cc1C(=O)NC1CCCCCC1,ChEMBL,6.1830961606243395
Cc1ccc(-c2ncc(C(=O)NC(C)C)nc2-c2ccc(C)cc2)cc1,ChEMBL,6.1830961606243395
CN(CCC(=O)NC1CC1)C(=O)c1ccc2c(c1)c1c(n2C)CCC(C2CCOCC2)C1,ChEMBL,6.183758700008217
CCCCCn1cc(C(=O)NC23CC4CC(C)(CC(C)(C4)C2)C3)c(=O)n2nc(-c3ccccc3)nc12,ChEMBL,6.185086818724926
CCC(C)(C)C(=O)Nc1cc(C)c(C)c(S(=O)(=O)N2CCCCC2)c1,ChEMBL,6.187086643357144
CCC(C)(C)C(=O)Cc1cc(C)c(C)c(S(=O)(=O)N2CCCCC2)c1,ChEMBL,6.187086643357144
O=C(Nc1ccc(Cl)cc1)NC(c1ccc(Br)cc1)c1ccc(Br)cc1,ChEMBL,6.187086643357144
CCCCC/C=C\C/C=C\C/C=C\C/C=C\CCCC(=O)NCCOC,ChEMBL,6.187086643357144
CCCCCC=CCC=CCC=CCC=CCCCC(=O)NCCOC,GLASS,6.187086643357144
Brc1ccccc1/C=C1\C=C(CCN2CCOCC2)c2ccccc21,ChEMBL,6.189095719331299
CCCCCc1cc2c(c(OS(=O)(=O)c3ccc(C)cc3)c1)[C@@H]1[C@H](O)C(C)=CC[C@H]1C(C)(C)O2,ChEMBL,6.192464971931146
CCCn1cc(C(=O)c2cccc3cccc(Cl)c23)c2ccccc21,ChEMBL,6.192464971931146
Cc1ccc(NC(=O)C2C3(C)CCC(C3)C2(C)C)cc1S(=O)(=O)N1CCOCC1,GLASS,6.1938200260161125
CCCCCn1cc(C(=O)NC23CC4CC(CC(C4)C2)C3)c(=O)c2cc(Sc3ccccc3)ccc21,ChEMBL,6.1938200260161125
Cc1ccc(NC(=O)[C@@H]2C(C)(C)[C@@H]3CC[C@@]2(C)C3)cc1S(=O)(=O)N1CCOCC1,ChEMBL,6.1938200260161125
Cc1c(C(=O)c2cccc3ccccc23)c2ccccc2n1CCN1CCOCC1,ChEMBL,6.195179321278838
CCCCCc1cc(OC)c2cc(Cc3cccc(Cl)c3)c(=O)oc2c1,ChEMBL,6.195860567664649
CCc1c(C(=O)Nc2ccc3ccccc3c2)cc(C)n1-c1ccccc1,ChEMBL,6.198575707793503
Cc1ccc(-c2ncc(C(=O)NCCOc3ccccc3)nc2-c2ccc(C)cc2)cc1,ChEMBL,6.199970640755866
C=C(C)C1CCC(C)=C[C@H]1c1c(O)cc(-c2ccc(C)cc2)cc1O,ChEMBL,6.199998172182031
C=C(C)C1CCC(C)=CC1c1c(O)cc(-c2ccc(C)cc2)cc1O,GLASS,6.199998172182031
CC1CCC(NC(=O)c2c(O)c3cccnc3n(CCN3CCOCC3)c2=O)CC1,ChEMBL,6.200452692874385
CC1(C)C(C(=O)c2cn(CC3CCOC3)c3ccccc23)C1(C)C,ChEMBL,6.200659450546418
CCCCCCC(C)(C)c1cc(OC(C)=O)c2c(c1)OC(C)(C)[C@@H]1CC=C(C(=O)O)C[C@@H]21,ChEMBL,6.2020403562628035
CCCCCCC(C)(C)c1cc(OC(C)=O)c2c(c1)OC(C)(C)C1CC=C(C(=O)O)CC21,GLASS,6.2020403562628035
CCCCCn1c(=O)sc2cc(C(=O)C34CC5CC(CC(C5)C3)C4)ccc21,ChEMBL,6.202732459169283
CCCCCn1cc(C(=O)NCC23CC4CC(CC(C4)C2)C3)c(=O)cc1-c1ccccc1,ChEMBL,6.20342566678957
CSC(=O)N1CC2(CCCCC2)CN=C1Nc1cccc2ccccc12,GLASS,6.204815410317576
CSC(=O)N1CC2(CCCCC2)CN/C1=N\c1cccc2ccccc12,ChEMBL,6.204815410317576
Cc1ccccc1/C=C1\C=C(CCN2CCOCC2)c2ccccc21,ChEMBL,6.205511953340831
CCCCCn1cc(C(=O)NC23CC4CC(C)(CC(C)(C4)C2)C3)c(=O)n2ncnc12,ChEMBL,6.206209615309182
CCCCCCC(C)(C)c1cc(OC)c2c(c1)OC(C)(C)C1CCC(=O)CC21,GLASS,6.20690839982342
CCCCCCC(C)(C)c1cc(OC)c2c(c1)OC(C)(C)[C@@H]1CCC(=O)C[C@@H]21,ChEMBL,6.20690839982342
COc1c(C)cc(-c2ccc(F)cc2)cc1C(=O)N[C@H]1CC[C@H](C)CC1,ChEMBL,6.2076083105017466
CNC1CCCCC1NC(=O)c1cn(-c2ccc(Cl)cc2)c(-c2ccc(Cl)cc2Cl)n1,GLASS,6.2076083105017466
O=c1c2cn(Cc3ccccc3)c3ccccc3c-2nn1C1CCCCC1,ChEMBL,6.2076083105017466
CN[C@H]1CCCC[C@@H]1NC(=O)c1cn(-c2ccc(Cl)cc2)c(-c2ccc(Cl)cc2Cl)n1,ChEMBL,6.2076083105017466
CCCCCc1cc(N)c2c(c1)OC(C)(C)C1CCC(C)=CC21,GLASS,6.210419287835575
CC[C@H]1CC[C@H](C(=O)c2cn(CCN3CCOCC3)c3ccccc23)CC1,ChEMBL,6.210419287835575
CCC1CCC(C(=O)c2cn(CCN3CCOCC3)c3ccccc23)CC1,ChEMBL,6.210419287835575
CCCCCc1cc(N)c2c(c1)OC(C)(C)[C@@H]1CCC(C)=C[C@@H]21,ChEMBL,6.210419287835575
OCC1OC(ON=Cc2cc(O)ccc2O)C(O)C(O)C1O,GLASS,6.211124884224583
C=CCc1ccc(O)c(-c2ccc(OCCCC)c(CC=C)c2)c1,ChEMBL,6.211124884224583
Cc1c(C(=O)N2CCC(NC(=O)Nc3ccc(F)cc3)(c3ccccc3)CC2)nn(-c2ccc(Cl)cc2Cl)c1-c1ccc(Cl)cc1,ChEMBL,6.211831628858833
CCCCCCC(C)(C)c1cc(OCc2ccccc2)c2c(c1)OC(C)(C)c1cnn(CC)c1-2,ChEMBL,6.212043876716068
CCCCCc1cc(OC)c2cc(Cc3ccc(Cl)cc3)c(=O)oc2c1,ChEMBL,6.212539525481585
CCCCCn1cc(C(=O)NC23CC4CC(CC(C4)C2)C3)c(=O)n2nc(C(C)(C)C)cc12,ChEMBL,6.213248577854439
CC1CC(C)CN(S(=O)(=O)c2ccc(F)c(C(=O)NC(c3ccccc3)c3ccccc3)c2)C1,ChEMBL,6.213958789757446
COc1cc(C(=O)NC2(C(=O)NC(C)c3ccc(-n4ccc(-c5ccccc5)n4)cc3F)CC2)on1,GLASS,6.214670164989233
COc1cc(C(=O)NC2(C(=O)N[C@H](C)c3ccc(-n4ccc(-c5ccccc5)n4)cc3F)CC2)on1,ChEMBL,6.214670164989233
CCN(CC)c1ccc(CN(Cc2cccs2)S(=O)(=O)c2ccc(C)cc2)cc1,ChEMBL,6.214670164989233
C/C(N)=N\C(=N\S(=O)(=O)N1CCCCC1)N1C[C@@H](c2ccccc2)C(c2ccc(Cl)cc2)=N1,ChEMBL,6.214670164989233
Cc1ccc(-c2cc(SNC3CCCCCC3)nnc2-c2ccc(C)cc2)cc1,ChEMBL,6.2155253562374835
Ic1ccccc1/C=C1\C=C(CCN2CCOCC2)c2ccccc21,ChEMBL,6.2168113089247425
CCCCn1c(C)c(C)cc(C(=O)NCc2ccccc2)c1=O,ChEMBL,6.217527375833714
Cc1c(C(=O)NN2CCCCC2)nn(C2CCCCC2)c1-c1ccccc1,ChEMBL,6.218029326087448
CCCCCn1cc(C(=O)NC2CCCCCC2)c(=O)n2nc(C(C)(C)C)cc12,ChEMBL,6.218244625347531
CCCN1Cc2c(n(S(=O)(=O)CC)c3ccc(C(=O)N4CCC(C)CC4)cc23)C1,ChEMBL,6.218963061378868
CCCCCC=CCC=CCC=CCC=CCCCC(=O)N1CCN(c2ccc(Cl)cc2)CC1,GLASS,6.221848749616356
CCCCCC=CCC=CCC=CCC=CCCCC(=O)NCc1ccc(OC)cc1,GLASS,6.221848749616356
CCCCCCCCC=CCCCCCCCC(=O)NCCc1ccc(OC)cc1OC,GLASS,6.221848749616356
CCCCCCC(C)(C)c1ccc(-c2ccc(C)c(C)c2)c(O)c1,ChEMBL,6.221848749616356
O=[N+]([O-])c1ccc2c(c1)c(OCc1cccc3ccccc13)nn2CCN1CCCC1,ChEMBL,6.221848749616356
CCCCCCCC/C=C\CCCCCCCC(=O)N[C@@H]1C[C@@H]1O,ChEMBL,6.221848749616356
CCCCC/C=C\C/C=C\C/C=C\C/C=C\CCCC(=O)NCc1ccc(OC)cc1,ChEMBL,6.221848749616356
CCCc1sc2ccccc2c1C(=O)c1cccc2ccccc12,ChEMBL,6.221848749616356
CCCCC/C=C\C/C=C\C/C=C\C/C=C\CCCC(=O)N1CCN(c2ccc(Cl)cc2)CC1,ChEMBL,6.221848749616356
CCCCCCCC/C=C\CCCCCCCC(=O)NCCc1ccc(OC)cc1OC,ChEMBL,6.221848749616356
CCN(CC)c1ccc(CN(c2ncc(C)s2)S(=O)(=O)c2ccc(OC)cc2)cc1,ChEMBL,6.221848749616356
CCCCC1(c2cc(OC)c3cc(Cc4ccccc4OC)c(=O)oc3c2)CCCC1,ChEMBL,6.223298816011589
CCCCCCn1cc(C(=O)NC23CC4CC(CC(C4)C2)C3)c(=O)cc1-c1ccccc1,ChEMBL,6.2247537402597635
CCCCCn1c(=O)sc2cc(CC34CC5CC(CC(C5)C3)C4)ccc21,ChEMBL,6.226945306635737
CCCCCn1cc(C(=O)NC23CC4CC(CC(C4)C2)C3)c(=O)cc1-c1ccccc1,ChEMBL,6.22767829327708
CC1CCN(C(=O)c2ccc3c(c2)c2c(n3S(=O)(=O)n3ccnc3)CCN(C3CCOCC3)C2)CC1,ChEMBL,6.22767829327708
CCCCn1c2c(cc(C(=O)NC(C)C)c1=O)CCCCCC2,ChEMBL,6.228412519118745
COC[C@@H](COC(C)=O)N(C)C(=O)CC/C=C/CCCCC(Cl)CCCCCCCl,ChEMBL,6.229147988357855
COCC(COC(C)=O)N(C)C(=O)CCC=CCCCCC(Cl)CCCCCCCl,GLASS,6.229147988357855
COc1ccc(S(=O)(=O)N(Cc2ccc(N3CCCCC3)cc2)c2ccccc2)cc1,ChEMBL,6.229147988357855
C=CCN1C(=O)C(c2ccc(I)cc2)(c2ccc(I)cc2)NC1=S,ChEMBL,6.229884705212898
CN=C(NS(=O)(=O)c1ccc(Cl)cc1)N1CC(c2ccc(F)cc2)C(c2ccc(Cl)cc2)=N1,GLASS,6.2335871528876
C/N=C(\NS(=O)(=O)c1ccc(Cl)cc1)N1CC(c2ccc(F)cc2)C(c2ccc(Cl)cc2)=N1,ChEMBL,6.2335871528876
O=C(O)CCc1csc(NC(=O)c2cc3c(n(CC4CCCCC4)c2=O)CCCCCC3)n1,ChEMBL,6.236572006437063
CC[C@H]1COc2cccc3c(=O)c(C(=O)NC45CC6CC(CC(C6)C4)C5)cn1c23,ChEMBL,6.2380721615794705
CNC(=O)CCCN(C)C(=O)c1ccc2c(c1)c1c(n2C)CC[C@H](C2CCOCC2)C1,ChEMBL,6.239577516576788
CCCCCCCC/C=C\CCCCCCCC(=O)N[C@@H]1C[C@H]1O,ChEMBL,6.2441251443275085
CCN(CC)c1ccc(CN(Cc2ccco2)S(=O)(=O)c2ccc(C)cc2)cc1,ChEMBL,6.2441251443275085
CC(CO)NC(=O)CCCC=CCC=CCC=CCC=CCCOC(=O)c1cc(I)ccc1N=[N+]=[N-],GLASS,6.2441251443275085
CCCCCCCCC=CCCCCCCCC(=O)NC1CC1O,GLASS,6.2441251443275085
C[C@H](CO)NC(=O)CCC/C=C\C/C=C\C/C=C\C/C=C\CCOC(=O)c1cc(I)ccc1N=[N+]=[N-],ChEMBL,6.2441251443275085
O=C(NN1CCCCC1)c1cnc(OCC2CC2)c(-c2ccc(Cl)cc2)c1,ChEMBL,6.249491605148654
CCCCCn1cc(C(=O)NC2C3CC4CC(C3)CC2C4)c(=O)cc1C(C)(C)C,ChEMBL,6.250263684430939
CC1CC(CNS(=O)(=O)C(F)(F)F)CCN1S(=O)(=O)c1ccc(Cl)cc1S(=O)(=O)c1ccccc1F,GLASS,6.251811972993799
COc1ccc2c(=O)c(C(=O)NC3CCCCC3)cn(Cc3ccccc3)c2n1,ChEMBL,6.251811972993799
CCN(CC)c1ccc(CN(CC2CCCCC2)S(=O)(=O)c2ccc(C)cc2)cc1,ChEMBL,6.251811972993799
O=C(NCCC(c1ccccc1)c1ccccc1)C(c1ccccc1)c1ccc([N+](=O)[O-])cc1,ChEMBL,6.251811972993799
O=c1c2cn(Cc3ccccc3)c3cc(Cl)ccc3c-2nn1C1CCCCC1,ChEMBL,6.251811972993799
O=C(NC1CCCCC1)c1c(O)c2cccnc2n(Cc2ccccc2)c1=O,ChEMBL,6.251811972993799
Cc1ccc(C(C(=O)NCCC(c2ccccc2)c2ccccc2)c2ccccc2)cc1,ChEMBL,6.251811972993799
Cc1c(C(=O)NC2CCCCCC2)nn(-c2ccc(F)cc2F)c1-n1cccc1,ChEMBL,6.251811972993799
C[C@H]1CC(CNS(=O)(=O)C(F)(F)F)CCN1S(=O)(=O)c1ccc(Cl)cc1S(=O)(=O)c1ccccc1F,ChEMBL,6.251811972993799
O=C(NCCC(c1ccccc1)c1ccccc1)C(c1ccccc1)c1ccc(Cl)cc1,ChEMBL,6.251811972993799
c1ccc2c(COc3nn(CCN4CCCC4)c4ccccc34)cccc2c1,ChEMBL,6.251811972993799
Cc1ccc(-c2nnn(CC3CCCCC3)n2)cc1S(=O)(=O)N1CCOCC1,ChEMBL,6.251811972993799
Cc1c(C(=O)Nc2ccc(Cl)cc2)nn(-c2ccc(F)cc2F)c1-n1c(C)ccc1C,ChEMBL,6.251811972993799
O=C(NC1CCCCC1)c1cc2cccnc2n(CCN2CCOCC2)c1=O,ChEMBL,6.251811972993799
CC(C(=O)NCCC(c1ccccc1)c1ccccc1)(c1ccccc1)c1ccccc1,ChEMBL,6.251811972993799
CCCCCc1cc(O)cc(OCCCCCCCCCCC(=O)NCCc2ccc(O)c(O)c2)c1,ChEMBL,6.251811972993799
O=C(NC1CCCCC1)c1cc2cccnc2n(Cc2ccccc2)c1=O,ChEMBL,6.251811972993799
O=C(N1CCCCC1)N1CC(O[C@@H](c2ccc(Cl)cc2)c2cccnc2Cl)C1,ChEMBL,6.251811972993799
C=CCn1cc(CC(=O)NC23CC4CC(CC(C4)C2)C3)c2cc(-c3ccco3)ccc21,ChEMBL,6.251811972993799
COc1ccc(C(C(=O)NCCC(c2ccccc2)c2ccccc2)c2ccccc2)cc1,ChEMBL,6.251811972993799
O=C(Cc1ccccc1)NCCC(c1ccccc1)c1ccccc1,ChEMBL,6.251811972993799
O=C(NCCC(c1ccccc1)c1ccccc1)C(c1ccccc1)c1ccc(O)cc1,ChEMBL,6.251811972993799
CCCCCCC(C)(C)c1ccc2c(c1)OC(C)(C)c1ccc(C(=O)OC)cc1-2,ChEMBL,6.253365801062421
CC1(C)C(C(=O)c2cn(CCN3CCCCC3)c3ccccc23)C1(C)C,ChEMBL,6.2549252084179425
Clc1ccc(N2CC(CN3CCNCC3)CCC2c2ccc(Cl)cc2Cl)cc1,GLASS,6.2564902352715706
Clc1ccc(N2C[C@H](CN3CCNCC3)CC[C@H]2c2ccc(Cl)cc2Cl)cc1,ChEMBL,6.2564902352715706
CCCCn1c(=O)c(C(=O)NC2CCC(C)CC2)cc2ccccc21,ChEMBL,6.258848401148215
CCCNC(=O)c1nn(-c2ccc(Cl)cc2Cl)c(-n2cccc2)c1C,ChEMBL,6.259400487188843
CN(CCCCCCCOc1ccc(-c2oc3ccccc3c2C(=O)c2ccc(OCCN3CCOCC3)cc2)cc1)Cc1ccccc1,ChEMBL,6.259637310505756
CCCCc1cc(-c2ccccc2)cc(C(=O)N[C@H]2CC[C@@H](C)CC2)c1OC,ChEMBL,6.260427655549908
OCC1OC(ON=Cc2ccncc2)C(O)C(O)C1O,GLASS,6.260427655549908
CCCCCn1cc(C(=O)NC(C)C23CC4CC(CC(C4)C2)C3)c(=O)cc1C(C)(C)C,ChEMBL,6.261219441515631
O=C(O)Cc1ccccc1NC(=O)c1cc2c(n(CC3CCCCC3)c1=O)CCCCCC2,ChEMBL,6.261219441515631
CSC(=S)N1CC2(CCCC2)CS/C1=N\c1ccccc1C(C)C,ChEMBL,6.266802734893431
Cc1ccc(C(=O)N[C@H]2C(C)(C)[C@H]3CC[C@]2(C)C3)cc1S(=O)(=O)N1CCOCC1,ChEMBL,6.267606240177032
Cc1cc(NC(=O)C2CCCCC2C)cc(CN2CCOCC2)c1C,ChEMBL,6.267606240177032
Cc1ccc(C(=O)N[C@H]2C(C)(C)[C@@H]3CC[C@@]2(C)C3)cc1S(=O)(=O)N1CCOCC1,ChEMBL,6.267606240177032
CCCCCc1cc(O)c2c(c1)OC(C)(C)C1=C2C(O)C(C)(OC)CC1,ChEMBL,6.269217724333611
O=C(c1cn(CC2CCOCC2)c2ccccc12)C12CC3CC(CC(C3)O1)C2,ChEMBL,6.270001452716577
Cc1c(C(=O)NCCCCCO)nn(-c2ccc(Cl)cc2Cl)c1-n1cccc1,ChEMBL,6.27213355053251
Cn1cc2c(n1)c(O)c(C(=O)NC13CC4CC(CC(C4)C1)C3)c(=O)n2CCCCF,ChEMBL,6.274088367704952
OCCCCCCCCCCCCCCCNC(CO)Cc1ccc(O)cc1,GLASS,6.275724130399211
C=CCn1cc(CC(=O)NC23CC4CC(CC(C4)C2)C3)c2cc(-c3ccccc3)ccc21,ChEMBL,6.275724130399211
OCCCCCCCCCCCCCCCN[C@H](CO)Cc1ccc(O)cc1,ChEMBL,6.275724130399211
Cc1ccc(-c2n[nH]c(C(C)(C)C)n2)cc1S(=O)(=O)N1CCOCC1,ChEMBL,6.275724130399211
CCCn1c(C)c(C(=O)c2ccc(F)c3ccccc23)c2ccccc21,ChEMBL,6.275724130399211
CCCCCn1cc(C(=O)NC2CCCCCC2)c(=O)n2nc(C)cc12,ChEMBL,6.278189384787454
CCCCCn1cc(C(=O)NC23CC4CC(CC(C4)C2)C3)c(=O)n2nc(-c3ccccc3)nc12,ChEMBL,6.281498311132726
CCCCCn1c(C)c(C(=O)c2cccc3cccc(I)c23)c2ccccc21,ChEMBL,6.282329496997738
CCC1COc2c(OC)ccc3c(=O)c(C(=O)NC45CC6CC(CC(C6)C4)C5)cn1c23,ChEMBL,6.283162276700476
Cc1ccc(C2c3cccn3-c3ccccc3N2C(=O)CN(C(=O)C2CCCC2)C2CC2)cc1,ChEMBL,6.2839966563652006
CC(C(=O)N1c2ccccc2C(C)(c2ccc(Cl)cc2)CC1(C)C)N1C(=O)C2CCCCC2C1=O,ChEMBL,6.2839966563652006
CCN(CC)c1ccc(CN(Cc2ccccc2)S(=O)(=O)c2ccc(C(C)C)cc2)cc1,ChEMBL,6.2839966563652006
Cc1c(C(=O)NC(C)C)nn(-c2ccc(Cl)cc2Cl)c1-n1cccc1,ChEMBL,6.284916329305073
CCCCCc1sc(NC(=O)C23CC4CC(CC(C4)C2)C3)c(C(=O)OC)c1-c1ccccc1,ChEMBL,6.285192611383324
Cc1cc(C(=O)NC23CC4CC(CC(C4)C2)C3)c(C)n1-c1ccccc1,ChEMBL,6.285502591350194
CSC(=S)N1CC2(CCCCC2)CO/C1=N\c1ccccc1,ChEMBL,6.288192770958809
CCN(CC)c1ccc(CN(c2ccc(C)cc2)S(=O)(=O)c2ccccc2)cc1,ChEMBL,6.289036881004725
CCCCCCC(C)(C)c1cc(O)c2c(c1)OC(C)(C)c1cnn(-c3ccc(Cl)c(Cl)c3)c1-2,ChEMBL,6.289036881004725
CCCc1ccc(/N=C2\SCC3(CCCCC3)CN2C(=S)SC)cc1,ChEMBL,6.289036881004725
CCCCCc1cc2c(c(OS(=O)(=O)c3ccc(C)cc3)c1)[C@H]1[C@@H](CC=C(C)[C@@H]1OO)C(C)(C)O2,ChEMBL,6.29073003902417
COc1cc(C(=O)NC2(C(=O)N[C@H](C)c3ccc(-n4cc(-c5ccccc5)cn4)cc3F)CC2)on1,ChEMBL,6.292429823902063
CCCCCn1cc(C(=O)NC23CC4CC(CC(C4)C2)C3)c(=O)c2cc(-c3cc(C)c(OC)c(C)c3)ccc21,ChEMBL,6.292429823902063
CCCCCc1cc(O)cc(OCCCCCCCCCCC(=O)NCC2CC2)c1,ChEMBL,6.292429823902063
Cc1ccc(-c2noc(C(C)(C)C)n2)cc1S(=O)(=O)N1CCOCC1,ChEMBL,6.292429823902063
COc1cc(C(=O)NC2(C(=O)NC(C)c3ccc(-n4cc(-c5ccccc5)cn4)cc3F)CC2)on1,GLASS,6.292429823902063
Cc1cc2c(cc1C(=O)N1CCOCC1)OC(c1ccccc1)(c1ccccc1)O2,ChEMBL,6.293282217663241
Cc1ccc(-c2ncc(C(=O)Nc3ccccc3)nc2-c2ccc(C)cc2)cc1,ChEMBL,6.293282217663241
Cc1c(C(=O)NCCNCCN)nn(-c2ccc(Cl)cc2Cl)c1-c1ccc(Cl)cc1,ChEMBL,6.295849483160201
CCc1c(C(=O)Nc2cccc3ccccc23)cc(C)n1-c1ccccc1,ChEMBL,6.296682822975443
CCCOc1cccc2c(C(=O)c3ccc(OC)cc3)cn(CC3CCOCC3)c12,ChEMBL,6.297052753818444
COc1cc(C(=O)c2cccs2)cc(O)c1-c1cc(Cl)cc(Cl)c1,ChEMBL,6.298432014944073
COCCn1cc(C(=O)c2cccc3ccccc23)c2cccnc21,ChEMBL,6.299997602857746
CC1(C)C(C(=O)c2cn(CC3CCOCC3)c3ccc(Cl)cc23)C1(C)C,ChEMBL,6.299997602857746
CCCn1c(C)c(C(=O)c2ccc(I)c3ccccc23)c2ccccc21,ChEMBL,6.300162274132754
CC(=O)OCC1OC(SC2C=CC3C4Cc5ccc(OC(C)=O)c6c5C3(CCN4C)C2O6)C(OC(C)=O)C(OC(C)=O)C1OC(C)=O,GLASS,6.300162274132754
CCCCCn1cc(C(=O)NC2CCCc3ccccc32)c(=O)cc1-c1ccccc1,GLASS,6.301029995663981
CCCCCn1cc(C(=O)NC2CCCCC2)c(=O)c2c(C)nn(C)c21,ChEMBL,6.301029995663981
CCCCCC=CCC=CCC=CCC=CCCCC(=O)NCc1cc(OC)ccc1OC,GLASS,6.301029995663981
CCN(CC)c1ccc(CN(c2ccccc2)S(=O)(=O)c2ccc(OC)cc2)cc1,ChEMBL,6.301029995663981
CCCCC/C=C\C/C=C\C/C=C\C/C=C\CCCC(=O)Nc1ccc(OC)cc1,ChEMBL,6.301029995663981
CCCCCC=CCC=CCC=CCC=CCCCC(=O)Nc1ccc(OC)cc1,GLASS,6.301029995663981
CCCCCCCC/C=C\CCCCCCCC(=O)NCc1ccc(OC)cc1,ChEMBL,6.301029995663981
COc1ccc(-c2oc3ccccc3c2C(=O)c2ccc(OCCCN(C)Cc3ccccc3)cc2)cc1,ChEMBL,6.301029995663981
CN(C)C(=NS(=O)(=O)c1ccc(F)cc1)N1CC(c2ccccc2)C(c2ccc(Cl)cc2)=N1,GLASS,6.301029995663981
Cc1c(C(=O)NC2(C#N)CCOCC2)nn(-c2ccccc2-c2ccccc2)c1-c1ccccc1,ChEMBL,6.301029995663981
O=C(Nc1ccc(Br)cc1)NC(c1ccc(Br)cc1)c1ccc(Br)cc1,ChEMBL,6.301029995663981
CCCCCCCCC=CCCCCCCCC(=O)NCc1ccc(OC)cc1,GLASS,6.301029995663981
CCCCCc1sc2ccccc2c1C(=O)c1cccc2ccccc12,ChEMBL,6.301029995663981
Cc1cc(NC(=O)C(C)(C(F)(F)F)C(F)(F)F)cc(CN2CCOCC2)c1C,ChEMBL,6.301029995663981
CCCCCC=CCC=CCC=CCC=CCCCC(=O)NCCc1ccc(OC)cc1OC,GLASS,6.301029995663981
CCCCOc1c(OCCF)ccc2cc(C(=O)NC3CCCCC3)c(=O)[nH]c12,GLASS,6.301029995663981
CCCCC/C=C\C/C=C\C/C=C\C/C=C\CCCC(=O)NCCc1ccc(OC)cc1OC,ChEMBL,6.301029995663981
CCCCOc1c(OC)ccc2cc(C(=O)NC3CCCCC3)c(=O)[nH]c12,GLASS,6.301029995663981
CCN(CC)c1ccc(CN(C2CCCC2)S(=O)(=O)c2ccc(C)cc2)cc1,ChEMBL,6.301029995663981
CCCCC/C=C\C/C=C\C/C=C\C/C=C\CCCC(=O)NCc1cc(OC)ccc1OC,ChEMBL,6.301029995663981
CCCCCn1c(=O)c(C(=O)NC23CC4CC(CC(O)(C4)C2)C3)c(O)c2nn(CCO)cc21,ChEMBL,6.308034897232639
CCOc1ccc(Cc2nc3cc(C(=O)N(CC)CC)ccc3n2CC2CCCC2)cc1,ChEMBL,6.308918507877031
CCCCCn1cc(C(=O)NOC)c(=O)c2ccc(Sc3ccccc3)cc21,ChEMBL,6.309803919971486
Cn1cc(CC(=O)NC23CC4CC(CC(C4)C2)C3)c2cc(-c3ccccc3)ccc21,ChEMBL,6.311580177997289
CCCCCn1cc(C(=O)NC2CCCCC2)c(=O)n2nc(C)nc12,ChEMBL,6.311580177997289
CCCCC(C)(C)c1cc(OC)c2cc(Cc3ccccc3)c(=O)oc2c1,ChEMBL,6.313363730737707
CCCCCn1cc(C(=O)NC2C3(C)CCC(C3)C2(C)C)c(=O)c2cc(-c3ccco3)ccc21,GLASS,6.318758762624412
CCCCCn1cc(C(=O)NC2C(C)(C)[C@@H]3CC[C@@]2(C)C3)c(=O)c2cc(-c3ccco3)ccc21,ChEMBL,6.318758762624412
CCCCCn1cc(C(=O)N[C@H]2C(C)(C)[C@H]3CC[C@]2(C)C3)c(=O)c2cc(-c3ccco3)ccc21,ChEMBL,6.318758762624412
CCCCC/C=C\C/C=C\CCCCCCCC(=O)NCc1ccccc1,ChEMBL,6.318758762624412
CCCCCC=CCC=CCCCCCCCC(=O)NCc1ccccc1,GLASS,6.318758762624412
COc1ccc(S(=O)(=O)c2cc(OC)ccc2S(=O)(=O)c2ccc([C@H](C)NC(=O)Cc3ccccc3)cc2)cc1,ChEMBL,6.320572103387881
COc1ccc(S(=O)(=O)c2cc(OC)ccc2S(=O)(=O)c2ccc(C(C)NC(=O)Cc3ccccc3)cc2)cc1,GLASS,6.320572103387881
C[C@H]1CC[C@@H](NC(=O)c2cc3cc(-c4cccs4)cnc3n(Cc3ccc(F)cc3)c2=O)CC1,ChEMBL,6.3260580013659125
CCCCCn1cc(C(=O)NC23CC4CC(CC(C4)C2)C3)c(=O)n2nc(C)nc12,ChEMBL,6.326979092871103
CCCCCC=CCC=CCC=CCC=CCCCC(=O)NOCCO,GLASS,6.327902142064283
CCCCC/C=C\C/C=C\C/C=C\C/C=C\CCCC(=O)NOCCO,ChEMBL,6.327902142064283
C=CCCCC=CC=C(C)CCCCC=CCCC=CC(=O)NC(CO)CO,GLASS,6.327902142064283
C=CCCC/C=C/C=C(\C)CCCC/C=C/CC/C=C\C(=O)NC(CO)CO,ChEMBL,6.327902142064283
COc1ccc(-c2oc3ccccc3c2C(=O)c2ccc(NCC3CC3)cc2)cc1,ChEMBL,6.327902142064283
Cc1ccc(NC(=O)C(C)(C(F)(F)F)C(F)(F)F)cc1S(=O)(=O)N1CCOCC1,ChEMBL,6.327902142064283
CCCCC/C=C\C/C=C\C/C=C\C/C=C\CCCC(=O)OC(CO)CO,ChEMBL,6.327902142064283
Cc1ccc(C(=O)NC2C(C)CCCC2C)cc1S(=O)(=O)N1CCOCC1,ChEMBL,6.327902142064283
O=C(NC1CCCCC1)c1cc(-c2ccccc2)nn(Cc2ccc(F)cc2)c1=O,ChEMBL,6.330683119433888
Fc1ccc(CC2CCC(c3ccc(Cl)cc3)N(c3ccc(Cl)cc3Cl)C2)cc1F,GLASS,6.330683119433888
Fc1ccc(C[C@H]2CC[C@H](c3ccc(Cl)cc3)N(c3ccc(Cl)cc3Cl)C2)cc1F,ChEMBL,6.330683119433888
CN/C(=N\S(=O)(=O)N1CCC(F)(F)CC1)N1C[C@@H](c2ccccc2)C(c2ccc(Cl)cc2)=N1,ChEMBL,6.334419008982047
CC12CC3CC(C)(C1)CC(NC(=O)c1cn4c5c(cccc5c1=O)OCC4c1ccccc1)(C3)C2,ChEMBL,6.337242168318426
Cc1ccc(-c2ncc(C(=O)N[C@@H](CO)CC(C)C)nc2-c2ccc(C)cc2)cc1,ChEMBL,6.337242168318426
CCCCCn1cc(C(=O)NC23CC4CC(CC(C4)C2)C3)c(=O)c2cc(S(=O)c3ccccc3)ccc21,GLASS,6.337242168318426
CCCCCn1cc(C(=O)NC23CC4CC(CC(C4)C2)C3)c(=O)c2cc([S+]([O-])c3ccccc3)ccc21,ChEMBL,6.337242168318426
C1=C(CCN2CCOCC2)c2ccccc2/C1=C/c1cccc2cnccc12,ChEMBL,6.342944147142896
CCCCCn1cc(C(=O)NCC23CC4CC(C)(CC(C)(C4)C2)C3)c(=O)cc1-c1ccccc1,ChEMBL,6.342944147142896
CCc1c(C(=O)NCc2ccc(Cl)c(Cl)c2)nn(-c2ccc(Cl)c(Cl)c2)c1-n1cccc1,ChEMBL,6.342944147142896
COc1ccc(C2C(CCS(=O)(=O)c3ccccc3)C(=O)N2c2ccccc2)cc1,ChEMBL,6.3453422453504755
CC(=O)N1CCN(C[C@@H]2CC[C@@H](c3ccc(Cl)cc3Cl)N(c3ccc(Cl)cc3)C2)CC1,ChEMBL,6.345823458122039
CC(=O)N1CCN(CC2CCC(c3ccc(Cl)cc3Cl)N(c3ccc(Cl)cc3)C2)CC1,GLASS,6.345823458122039
CCCCCCC(C)(C)c1cc(OCCCO)c2c(c1)OC(C)(C)c1cn[nH]c1-2,ChEMBL,6.34640161815671
Cc1c2c(n(-c3ccc(Cl)cc3Cl)c1-c1cccc(N)c1)CCN(C1CCCCC1)C2=O,ChEMBL,6.346787486224656
Cc1nc(-c2ccccc2)sc1C(=O)NC12CC3CC(CC(C3)C1)C2,ChEMBL,6.346787486224656
CCCC1COc2ccc(C)c3c(=O)c(C(=O)NC45CC6CC(CC(C6)C4)C5)cn1c23,ChEMBL,6.346787486224656
O=C1[C@@H](Cc2ccc(F)c(F)c2)CC[C@H](c2ccc(Cl)cc2)N1c1ccc(Cl)cc1,ChEMBL,6.35261702988538
CCCCCn1cc(C(=O)NC23CC4CC(CC(C4)C2)C3)c(=O)c2c(CC)nn(C)c21,ChEMBL,6.356547323513812
CCCCCCCc1cn(Cc2cc(OC)c(O)cc2I)nn1,ChEMBL,6.356547323513812
CCCCCc1cc(O)cc(OCCCCCCCCCCC(=O)NCC(F)(F)F)c1,ChEMBL,6.3585258894959
N#Cc1c(C(=O)NC2(C#N)CCOCC2)nn(-c2ccccc2Br)c1-c1ccccc1,ChEMBL,6.359518563029578
CCN(CC)c1ccc(CN(c2ccc(C)cc2)S(=O)(=O)c2ccc(C)cc2)cc1,ChEMBL,6.359518563029578
CCCCCCC1=C/C(=C\c2cccc3ccccc23)c2ccccc21,ChEMBL,6.360513510731414
CCCCCCC(C)(C)c1ccc2c(c1)OC(C)(C)c1ccc(C)cc1-2,ChEMBL,6.36251027048749
CCC1COc2cccc3c(=O)c(C(=O)NC4CCCCCC4)cn1c23,ChEMBL,6.363512103646634
CCN(CC)c1ccc(CN(Cc2ccccc2)S(=O)(=O)c2ccc(Cl)cc2)cc1,ChEMBL,6.366531544420414
C[C@H]1CC[C@H](NC(=O)c2cc3cc(-c4cccs4)cnc3n(Cc3ccc(F)cc3)c2=O)CC1,ChEMBL,6.366531544420414
COc1ccc(-c2oc3ccccc3c2C(=O)c2ccc(OCCN(C)Cc3ccccc3)cc2)cc1,ChEMBL,6.366531544420414
CCCCCc1cc(O)cc(OCCCCCCOC(CO)CO)c1,ChEMBL,6.366531544420414
COc1cc(Nc2cc(Cl)c(S(=O)(=O)NCC3CCCO3)c(Cl)c2)cc(OC)c1,ChEMBL,6.370590400897281
O=C(O)Cc1csc(NC(=O)c2cc3c(n(CC4CCCCC4)c2=O)CCCCCC3)n1,ChEMBL,6.371611069949688
CCNS(=O)(=O)n1c2c(c3cc(C(=O)N4CCC(C)CC4)ccc31)CN(C1CCOCC1)CC2,ChEMBL,6.372634143407267
O=C(NC1CCCCC1)c1cn2c3c(cccc3c1=O)OCC2c1ccccc1,ChEMBL,6.376750709602099
CCCCCn1cc(C(=O)NC2CCCCC2)c(=O)n2nc(CC)cc12,ChEMBL,6.376750709602099
Cc1cc(-n2c(-c3ccccc3Cl)nc3c(N4CCC(NS(=O)(=O)c5ccc(F)c(F)c5)CC4)ncnc32)no1,ChEMBL,6.376750709602099
CCCCCn1cc(C(=O)NCc2ccc(Cl)c(Cl)c2)c(=O)c2ccc(Sc3ccccc3)cc21,ChEMBL,6.376750709602099
CCS(=O)(=O)n1c2c(c3cc(C(=O)N4CCC(C)CC4)ccc31)CN(C(C)C)C2,ChEMBL,6.3788237182249645
CSC(=S)N1CC2(CCCCC2)CS/C1=N\c1ccccc1C(F)(F)F,ChEMBL,6.3788237182249645
CCN(CC)c1ccc(CN(c2ccc(C)cc2)S(=O)(=O)c2ccc(Cl)cc2)cc1,ChEMBL,6.3851027839668655
COCC(COC(C)=O)N(C)C(=O)CCC=CCCCCC(Cl)CCCCCC(Cl)Cl,GLASS,6.3872161432802645
COC[C@@H](COC(C)=O)N(C)C(=O)CC/C=C/CCCCC(Cl)CCCCCC(Cl)Cl,ChEMBL,6.3872161432802645
CCOc1ccc(Cc2nc3cc(C(=O)N(CC)CC)ccc3n2CC23CC4CC(CC(C4)C2)C3)cc1,ChEMBL,6.391473966422806
Cc1c(C(=O)NN2CCCCC2)nc(-c2ccc(Cl)cc2)n1-c1ccc(Cl)cc1Cl,ChEMBL,6.394694953858891
CCCCCCC(C)(C)c1cc(O)c2c(c1)oc(=O)c1ccc(O)cc12,ChEMBL,6.3979400086720375
CCCCCC=CCC=CCC=CCC=CCCCC(=O)N1CCN(c2ccc(C)c(C)c2)CC1,GLASS,6.3979400086720375
CCCCC/C=C\C/C=C\C/C=C\C/C=C\CCCC(=O)N1CCN(c2ccc(C)c(C)c2)CC1,ChEMBL,6.3979400086720375
Cc1ccc(Cn2nc(C(=O)NC3CC4CCC3(C)C4(C)C)c(C)c2-c2ccc(Cl)c(C)c2)cc1,ChEMBL,6.398048595866478
Cc1c(C(=O)N[C@H]2CC[C@H](O)CC2)nc(-c2ccc(Cl)cc2Cl)n1-c1ccc(Cl)cc1,ChEMBL,6.399027104313252
CC12CCC(C1)C(C)(C)C2NC(=O)c1cn(CCCCO)c2cc(F)ccc2c1=O,GLASS,6.399571674267869
CC1(C)C2CC[C@](C)(C2)[C@@H]1NC(=O)c1cn(CCCCO)c2cc(F)ccc2c1=O,ChEMBL,6.399571674267869
CCCCCCC(C)(C)c1cc(O)cc(OCCCCCCCC(=O)NCC(F)(F)F)c1,ChEMBL,6.401209493236885
CSC(=S)N1CC2(CCCCC2)CS/C1=N\c1ccc2c(c1)CCCC2,ChEMBL,6.402304814074488
CC1(C)C(C(=O)c2cn(CC3CCOCC3)c3cc(O)c(O)cc23)C1(C)C,ChEMBL,6.403402904373539
Cc1nc(C(C)(C)C)sc1C(=O)NC12CC3CC(CC(C3)C1)C2,ChEMBL,6.403402904373539
Cc1c2c(n(-c3ccc(Cl)cc3Cl)c1-c1cccnc1)CCN(C1CCCCC1)C2=O,ChEMBL,6.4089353929735005
CCCCCn1cc(C(=O)NCc2ccc(Cl)c(Cl)c2)c(=O)c2ccc(-c3ccccc3)cc21,ChEMBL,6.4089353929735005
Cc1ccc(-c2nc(CC3CCCCC3)cs2)cc1S(=O)(=O)N1CCOCC1,ChEMBL,6.4089353929735005
Cc1c(C(=O)NCCc2ccc(Cl)cc2)nn(-c2ccc(Cl)c(Cl)c2)c1-n1c(C)ccc1C,ChEMBL,6.4089353929735005
CCCCC/C=C\C/C=C\C/C=C\C/C=C\CC[C@H](C)C(=O)N[C@@H](C)CO,ChEMBL,6.410050398674292
CCC1COc2cccc3c(=O)c(C(=O)NC4C5CC6CC(C5)CC4C6)cn1c23,ChEMBL,6.410050398674292
CCC1COc2c(F)ccc3c(=O)c(C(=O)NC45CC6CC(CC(C6)C4)C5)cn1c23,ChEMBL,6.410050398674292
O=C(NC12CC3CC(CC(C3)C1)C2)c1cn2c3c(cccc3c1=O)OCC2C1CC1,ChEMBL,6.410050398674292
CC1(C)C(C(=O)c2cn(CC3CCOCC3)c3cccc(O)c23)C1(C)C,ChEMBL,6.411168274405792
CC1CCC(NC(=O)c2cccn(Cc3ccccc3)c2=O)CC1,ChEMBL,6.413412695328245
CCCCCn1cc(C(=O)NC23CC4CC(CC(C4)C2)C3)c(=O)cc1-c1ccc(OC)cc1,ChEMBL,6.4156687756324695
CCCn1c(C)c(C(=O)c2cccc3ccccc23)c2ccccc21,ChEMBL,6.416801226031377
Cl.Cl.O=C(NN1CCCCC1)c1nc(-c2ccc(Cl)cc2)n(-c2ccc(Cl)cc2Cl)n1,ChEMBL,6.4179366370882915
O=C(NN1CCCCC1)c1nc(-c2ccc(Cl)cc2)n(-c2ccc(Cl)cc2Cl)n1,GLASS,6.4179366370882915
CCCCCn1cc(C(=O)c2cc3ccccc3cc2OC)c2ccccc21,ChEMBL,6.419075024324381
COc1ccc(-c2cc(Cc3ccc(F)cc3)c(OC)c(C(=O)N[C@H]3CC[C@@H](C)CC3)c2)cc1,ChEMBL,6.42021640338319
CC(=O)CCCCn1cc(C(=O)C2C(C)(C)C2(C)C)c2ccccc21,ChEMBL,6.42021640338319
O=C(NC1CCN(c2ncnc3c2nc(-c2ccccc2Cl)n3-c2ccc(Cl)cc2)CC1)NS(=O)(=O)c1ccccc1F,ChEMBL,6.42021640338319
Cc1c(C(=O)NCCc2ccc(Cl)cc2Cl)nn(-c2ccc(F)cc2F)c1-n1cccc1,ChEMBL,6.42021640338319
Cc1c(C(=O)NN)nn(-c2ccc(Cl)cc2Cl)c1-c1ccc(Cl)cc1,ChEMBL,6.427012291801795
O=C(N[C@@H]1CCCC[C@H]1O)c1cnc(OC2CCCC2)c(-c2ccc(Cl)cc2)c1,ChEMBL,6.42712839779952
O=C(NC1CCCCC1O)c1cnc(OC2CCCC2)c(-c2ccc(Cl)cc2)c1,GLASS,6.42712839779952
CCCn1c(C)c(C(=O)c2ccc(Br)c3ccccc23)c2ccccc21,ChEMBL,6.428291168191312
Cc1c(C(=O)NCCCCCO)nn(-c2ccc(Cl)cc2Cl)c1-n1c(C)ccc1C,ChEMBL,6.429106963781607
O=C(O)c1ccc(NC(=O)c2cc3c(n(CC4CCCCC4)c2=O)CCCCCC3)cc1,ChEMBL,6.431798275933005
CCCCCCC(C)(C)c1ccc(-c2cc(C)cc(C)c2)c(C(N)=O)c1,ChEMBL,6.431798275933005
CCCCCCC(C)(C)c1ccc(-c2cc(C)cc(C)c2)c(COC(=O)CN2CCOCC2)c1,ChEMBL,6.431798275933005
CCCCCCCNC(=O)c1nn(-c2ccc(F)cc2F)c(-n2c(C)ccc2C)c1C,ChEMBL,6.433916215832004
CCCCCn1cc(C(=O)NC(C)C23CC4CC(CC(C4)C2)C3)c(=O)cc1-c1ccccc1,ChEMBL,6.434152181326482
COc1ccc(CCNC(=O)c2nn(-c3ccc(Cl)cc3Cl)c(-n3cccc3)c2C)cc1Cl,ChEMBL,6.434152181326482
Cc1ccc(Cn2cc(C(=O)N[C@@H]3CC4CC[C@@]3(C)C4(C)C)cc2-c2ccc(Cl)c(C)c2)cc1,ChEMBL,6.434152181326482
Cc1ccc(Cn2cc(C(=O)NC3CC4CCC3(C)C4(C)C)cc2-c2ccc(Cl)c(C)c2)cc1,GLASS,6.434152181326482
O=C(NC1CCCCCC1)c1cc(-c2ccccc2)nn(C2CCCC2)c1=O,ChEMBL,6.437707135543525
COc1ccc(Nc2ccc(S(=O)(=O)NCC3CC3)c(C(F)(F)F)c2)c(OC)c1,ChEMBL,6.438898616350944
Cc1ccc2c(c1)Cc1c(C(=O)NN3CCCCC3)nn(-c3ccc(Cl)cc3Cl)c1-2,ChEMBL,6.440093374963888
O=C(c1cn(CCN2CCOCC2)c2ccccc12)C1CCCCCC1,ChEMBL,6.441291429466834
CCCCCn1cc(C(=O)NC23CC4CC(CC(C4)C2)C3)c(=O)c2cc(-c3ccc4cc(OC)ccc4c3)ccc21,ChEMBL,6.443697499232712
CCCCCCC(C)(C)c1ccc(-c2cc(C)cc(C)c2)c(CO)c1,ChEMBL,6.443697499232712
CCOc1ccccc1/N=C1\SCC2(CCCCC2)CN1C(=S)SC,ChEMBL,6.446116973356125
Cl.Cl.O=C(NN1CCCCC1)c1nc(-c2ccc(Cl)cc2Cl)n(-c2ccc(Cl)cc2)n1,ChEMBL,6.448550002027125
COc1ccc(-c2c(Br)c(C(=O)NC3(C#N)CCOCC3)nn2-c2cccc(Br)c2)cc1,ChEMBL,6.448550002027125
O=C(NN1CCCCC1)c1nc(-c2ccc(Cl)cc2Cl)n(-c2ccc(Cl)cc2)n1,GLASS,6.448550002027125
CCCn1nc(OCc2ccc3ccccc3c2)c2cc([N+](=O)[O-])ccc21,ChEMBL,6.448550002027125
O=C1C(c2ccccc2)N(c2ccc(Cl)cc2)C(=O)N1c1ccc(Cl)cc1,ChEMBL,6.452225294612178
CCCCCCC(C)(C)c1cc(O)c([C@@H]2C=C(C)C3C[C@H]2C3(C)C)c(O)c1,ChEMBL,6.455559862682308
CC1(C)C(C(=O)c2cn(CCN3CCOC3=O)c3ccccc23)C1(C)C,ChEMBL,6.455931955649724
COc1ccc(Nc2ccc(S(=O)(=O)NCC3CC3)c(C(F)(F)F)c2)cc1,ChEMBL,6.455931955649724
CCCCCCC(C)(C)c1cc(O)c(C2C=C(C)C3CC2C3(C)C)c(O)c1,GLASS,6.455931955649724
COc1cc(Cl)ccc1-c1nc(C(=O)NC(C)C)nn1-c1ccc(Cl)cc1Cl,ChEMBL,6.455931955649724
CCCCCc1cc(OC)cc(OCCCCCCCCCCC(=O)NC(CO)CO)c1,ChEMBL,6.456304367690755
COc1cc(CNC(=O)c2nn(-c3ccc(F)cc3F)c(-n3cccc3)c2C)c(Br)c(OC)c1OC,ChEMBL,6.462180904926726
CCCCCn1cc(C(=O)C(=O)NC23CC4CC(CC(C4)C2)C3)c2cc(-c3ccco3)ccc21,ChEMBL,6.462306805632609
CCCCCn1cc(C(=O)NC23CC4CC(CC(C4)C2)C3)c2cc(-c3ccco3)ccc21,ChEMBL,6.466482137983032
CCCCN1Cc2c(n(S(=O)(=O)CC)c3ccc(C(=O)N4CCC(C)CC4)cc23)C1,ChEMBL,6.467245621007502
CCN(CC)c1ccc(CN(c2ncc(C)s2)S(=O)(=O)c2ccc(C)cc2)cc1,ChEMBL,6.468521082957745
Cc1c(C(=O)NCc2ccc(Cl)cc2)nn(-c2ccc(F)cc2F)c1-n1cccc1,ChEMBL,6.468521082957745
CCS(=O)(=O)n1c2c(c3cc(C(=O)N4CCC(C)CC4)ccc31)CN(CC1CCCCC1)C2,ChEMBL,6.4698003017969175
C/N=C(\NS(=O)(=O)c1ccc(F)cc1)N1CC(c2ccccc2)C(c2ccc(Cl)cc2)=N1,ChEMBL,6.471083299722345
CC(C)NC(=O)NC1(c2ccccc2)CCN(c2ncnc3c2nc(-c2ccccc2Cl)n3-c2ccc(Cl)cc2)CC1,ChEMBL,6.4723700991286615
COc1cc(C(=O)NC2(C(=O)N[C@H](C)c3ccc(-n4[nH]c(=O)c5ccccc54)cc3F)CC2)on1,ChEMBL,6.474955192963154
COc1cc(C(=O)NC2(C(=O)NC(C)c3ccc(-n4[nH]c(=O)c5ccccc54)cc3F)CC2)on1,GLASS,6.474955192963154
CCCCCCC(C)(C)c1cc(O)c(C2CC(=O)C3CC2C3(C)C)c(OC(=O)C=CC(=O)O)c1,GLASS,6.476253533188435
CCCCCCC(C)(C)c1cc(O)c([C@H]2CC(=O)[C@H]3C[C@@H]2C3(C)C)c(OC(=O)/C=C/C(=O)O)c1,ChEMBL,6.476253533188435
CCCCCCC(C)(C)c1cc(NC(=O)NC)c2c(c1)OC(C)(C)[C@@H]1CCC(C)=C[C@@H]21,ChEMBL,6.47755576649368
Cc1c(C(=O)NOC(C)(C)C)nc(-c2ccc(Cl)cc2Cl)n1-c1ccc(Cl)cc1,ChEMBL,6.47755576649368
CCCCCCC(C)(C)c1cc(NC(=O)NC)c2c(c1)OC(C)(C)C1CCC(C)=CC21,GLASS,6.47755576649368
CCCCCCC(C)(C)c1cc(OCCCO)c2c(c1)OC(C)(C)c1cnoc1-2,ChEMBL,6.4780777551165
CCCCCCCn1nc(C(=O)NN2CCCCC2)cc1-c1ccccc1,ChEMBL,6.485053994691996
C#CCCCn1cc(C(=O)c2ccc3c(c2)CC(C)(C)C3)c2ccccc21,ChEMBL,6.488116639021126
O=S(=O)(NCC1CC1)c1ccc(NN2CCCCCC2)cc1C(F)(F)F,ChEMBL,6.488116639021126
Cc1cc(C)c(OCC(=O)Nc2sc3c(c2C(=O)NC2CCS(=O)(=O)C2)CCCC3)c(C)c1,ChEMBL,6.488116639021126
O=S(=O)(NCC1CCOCC1)c1ccc(NC2CC3CCC2C3)cc1C(F)(F)F,ChEMBL,6.489454989793388
CCCCCCC(C)(C)C1=CC(=O)C2=C(OC(C)(C)c3cn[nH]c32)C1=O,GLASS,6.489454989793388
CCCCCCC(C)(C)C1=CC(=O)C2=C(OC(C)(C)c3c[nH]nc32)C1=O,ChEMBL,6.489454989793388
CCCCCOc1c(OC)ccc2cc(C(=O)NCCCc3ccccc3)c(=O)[nH]c12,ChEMBL,6.490797477668897
CC(C)C1COc2cccc3c(=O)c(C(=O)NC45CC6CC(CC(C6)C4)C5)cn1c23,ChEMBL,6.490797477668897
C[C@H]1CC[C@H](NC(=O)c2cc(-c3ccccc3)nn(Cc3ccc(F)cc3)c2=O)CC1,ChEMBL,6.492144128304169
CCCCn1c(CC)c(C)cc(C(=O)NCc2ccccc2)c1=O,ChEMBL,6.492144128304169
CCCCCCC(C)(C)c1ccc(-c2ccc(N)cc2)c(O)c1,ChEMBL,6.494850021680094
CN(CCCCCCCOc1ccc(-c2oc3ccccc3c2C(=O)c2ccccc2)cc1)Cc1ccccc1,ChEMBL,6.494850021680094
CCCS(=O)(=O)n1c2c(c3cc(C(=O)N4CCC(C)CC4)ccc31)CN(C1CCOC1)CC2,ChEMBL,6.494850021680094
CCCCCCC(C)(C)c1ccc(-c2cc(C)cc(C)c2)c(OC)c1,ChEMBL,6.494850021680094
Cc1cc(C(=O)Nc2cccc3ccccc23)c(C)n1-c1ccccc1,ChEMBL,6.498899639302786
C=C(C)C1CCC(C)=CC1c1c(O)cc(C2(C#N)CCCCC2)cc1O,GLASS,6.499996931948306
C=C(C)C1CCC(C)=C[C@H]1c1c(O)cc(C2(C#N)CCCCC2)cc1O,ChEMBL,6.499996931948306
CCCCCn1cc(C(=O)c2cccc3ccccc23)c2cnccc21,ChEMBL,6.499996931948306
Cc1ccc(-c2ncc(C(=O)NC(CO)C(C)C)nc2-c2ccc(C)cc2)cc1,GLASS,6.5003129173815966
Cc1ccc(-c2ncc(C(=O)N[C@@H](CO)C(C)C)nc2-c2ccc(C)cc2)cc1,ChEMBL,6.5003129173815966
CCCCCCNC(=O)c1nn(-c2ccc(F)cc2F)c(-n2c(C)ccc2C)c1C,ChEMBL,6.5066813917678985
CCCCCCc1c(O)cccc1OCCCCCCCC(=O)NC1CC1,ChEMBL,6.508638306165727
Cc1ccc(C(=O)NC(C(C)(C)C)C(C)(C)C)cc1S(=O)(=O)N1CCOCC1,ChEMBL,6.508638306165727
Cc1c(C(=O)NCCc2ccc(Cl)c(Cl)c2)nn(-c2ccc(F)cc2F)c1-n1cccc1,ChEMBL,6.508638306165727
CCC/C=C/C/C=C/CCC/C=C/C=C/C(=O)NCC(C)CC,ChEMBL,6.508638306165727
CCCCCCC(C)(C)c1cc(O)cc(OCCCCCCCCCCC(=O)NCCO)c1,ChEMBL,6.508638306165727
O=C(NC1CCCCCC1)c1cn2c3c(cccc3c1=O)OCC2c1ccccc1,ChEMBL,6.508638306165727
CCCC=CCC=CCCCC=CC=CC(=O)NCC(C)CC,GLASS,6.508638306165727
Cc1ccc(-c2n[nH]c(CC3CCCCC3)n2)cc1S(=O)(=O)N1CCOCC1,ChEMBL,6.508638306165727
CC1(C)C(C(=O)c2cn(CCn3cccc3)c3ccccc23)C1(C)C,ChEMBL,6.509999358109048
CCCS(=O)(=O)c1cc(Cl)ccc1S(=O)(=O)c1ccc([C@H](C)NS(C)(=O)=O)cc1,ChEMBL,6.511449283499556
COc1ccc(C2c3cccn3-c3ccccc3N2C(=O)CN(C(=O)NC(C)(C)C)C(C)C)cc1,ChEMBL,6.511449283499556
CCCS(=O)(=O)c1cc(Cl)ccc1S(=O)(=O)c1ccc(C(C)NS(C)(=O)=O)cc1,GLASS,6.511449283499556
O=C(NC1CCCCC1O)c1cnc(OCC2CC2)c(-c2ccc(Cl)c(Cl)c2)c1,GLASS,6.515700160653214
O=C(N[C@@H]1CCCC[C@H]1O)c1cnc(OCC2CC2)c(-c2ccc(Cl)c(Cl)c2)c1,ChEMBL,6.515700160653214
O=C1[C@@H](CCC(O)c2ccc(F)cc2)[C@H](c2ccc(O)cc2)N1c1ccc(F)cc1,ChEMBL,6.520856752021387
O=C(NC1CCCCC1)c1cc2ccccc2n(CCN2CCOCC2)c1=O,ChEMBL,6.522878745280337
CCCCCCCCC=CCCCCCCCC(=O)NCCc1ccc(OC)cc1,GLASS,6.522878745280337
CCCCC/C=C\C/C=C\C/C=C\C/C=C\CCCC(=O)Nc1ccc2[nH]ncc2c1,ChEMBL,6.522878745280337
CCCCCCCC/C=C\CCCCCCCC(=O)NCCc1ccc(OC)cc1,ChEMBL,6.522878745280337
C[C@H]1CC[C@H](NC(=O)c2cc3cccnc3n(Cc3ccc(F)cc3)c2=O)CC1,ChEMBL,6.522878745280337
Cc1ccc(-c2ncc(C(=O)NC3CCCCC3O)nc2-c2ccc(C)cc2)cc1,GLASS,6.522878745280337
CCCCCC=CCC=CCC=CCC=CCCCC(=O)N1CCN(c2ccc(F)cc2)CC1,GLASS,6.522878745280337
Cc1ccc(-c2ncc(C(=O)N[C@@H]3CCCC[C@@H]3O)nc2-c2ccc(C)cc2)cc1,ChEMBL,6.522878745280337
CCCCCC=CCC=CCC=CCC=CCCCC(=O)Nc1ccc2[nH]ncc2c1,GLASS,6.522878745280337
CCCCC/C=C\C/C=C\C/C=C\C/C=C\CCCC(=O)N1CCN(c2ccc(F)cc2)CC1,ChEMBL,6.522878745280337
O=C(c1cc(O)c(-c2cc(Cl)cc(Cl)c2)c(O)c1)C1CCCCC1,ChEMBL,6.5249101966109935
CCCCCc1cc(OC)cc(OCCCCCCCCCCC(=O)NCC2CC2)c1,ChEMBL,6.526659035814064
CC1=CC[C@@H]2[C@@H](C1)c1c(O)cc(C(=O)c3ccccc3)cc1OC2(C)C,ChEMBL,6.527243550682788
CC1=CCC2C(C1)c1c(O)cc(C(=O)c3ccccc3)cc1OC2(C)C,GLASS,6.527243550682788
CC1=CCC2C(C1)c1c(O)cc(Oc3ccccc3)cc1OC2(C)C,GLASS,6.527243550682788
CC1=CC[C@@H]2[C@@H](C1)c1c(O)cc(Oc3ccccc3)cc1OC2(C)C,ChEMBL,6.527243550682788
N#CC1(NC(=O)c2cc(-c3ccccc3)n(-c3ccccc3Br)n2)CCOCC1,ChEMBL,6.527243550682788
COCCn1cc(C(=O)NC2C3(C)CCC(C3)C2(C)C)c(=O)c2ccc(F)cc21,GLASS,6.52753610339301
COCCn1cc(C(=O)N[C@@H]2C(C)(C)C3CC[C@]2(C)C3)c(=O)c2ccc(F)cc21,ChEMBL,6.52753610339301
C/N=C(\NS(=O)(=O)c1ccc(C(F)(F)F)cc1)N1C[C@@H](c2ccccc2)C(c2ccc(Cl)cc2)=N1,ChEMBL,6.533132379645891
CCN1CCN(c2nc(C)nc3oc(-c4ccccc4Cl)nc23)CC1,ChEMBL,6.533132379645891
O=C(C1CCC1)N1CCN(C(c2ccccc2)c2ccc(Cl)cc2Cl)CC1,ChEMBL,6.536107011014093
CCCNC(=O)c1nn(-c2ccc(Cl)cc2Cl)c(-n2c(C)ccc2C)c1C,ChEMBL,6.537452271197336
O=C(NC1CCCCCC1)c1cn(CCN2CCOCC2)c2ccccc2c1=O,ChEMBL,6.5376020021010435
O=C(NC1CCCc2ccccc21)c1nc2ccccc2s1,ChEMBL,6.540607512240769
CCOC(=O)N1CCN(C(=O)c2cc(-c3ccccc3Cl)nn2-c2ccc(C)cc2C)CC1,ChEMBL,6.542118103266008
CCCCCc1cc(OC(C)=O)c2c(c1)OC(C)(C)C1=C2C2OC2(C)CC1,ChEMBL,6.543633966870957
Cc1cc(C(=O)Nc2ccc3ccccc3c2)c(C)n1-c1ccccc1,ChEMBL,6.551200958075872
CN(C)C(=NS(=O)(=O)c1ccc(Cl)cc1)N1CC(c2ccccc2)C(c2ccc(Cl)cc2)=N1,GLASS,6.552841968657781
CCCCCCC(C)(C)c1cc(OC)cc(OCCCCCCCCCCC(=O)NC2CC2)c1,ChEMBL,6.552841968657781
O=C(NC1CCCCC1)c1cc(-n2cccc2)n(-c2ccc(Cl)cc2)n1,ChEMBL,6.552841968657781
CC1(C)C(C(=O)c2cn(CC3OCCO3)c3ccccc23)C1(C)C,ChEMBL,6.552841968657781
O=C(NCCC(c1ccccc1)c1ccccc1)C(Cl)(c1ccccc1)c1ccccc1,ChEMBL,6.552841968657781
CN/C(=N\S(=O)(=O)N1CCC(F)(F)CC1)C1=NN(c2ccc(Cl)cc2)[C@H](c2ccccc2)C1,ChEMBL,6.552841968657781
COc1ccc2c(c1)c(C(=O)C1C(C)(C)C1(C)C)cn2CC1CCOCC1,ChEMBL,6.552841968657781
Cc1c(C(=O)NCc2ccc(Cl)c(Cl)c2)nn(-c2ccc(Cl)c(Cl)c2)c1-n1c(C)ccc1C,ChEMBL,6.552841968657781
Cc1c(C(=O)NCc2ccc(Cl)c(Cl)c2)nn(-c2c(Cl)cc(Cl)cc2Cl)c1-n1cccc1,ChEMBL,6.552841968657781
N#Cc1c(C(=O)NCc2ccc(Cl)c(Cl)c2)nn(-c2ccccc2)c1-n1cccc1,ChEMBL,6.552841968657781
CN1CCCCC1Cn1cc(C(=O)c2cc([N+](=O)[O-])ccc2I)c2ccccc21,ChEMBL,6.552841968657781
CN(C)/C(=N\S(=O)(=O)c1ccc(Cl)cc1)N1CC(c2ccccc2)C(c2ccc(Cl)cc2)=N1,ChEMBL,6.552841968657781
CC1CCN(C(=O)c2ccc3c(c2)c2c(n3S(C)(=O)=O)CN(C3CCCC3)C2)CC1,ChEMBL,6.554395796726403
N#Cc1cc2c(cc1C(=O)N1CCOCC1)OC(c1ccccc1)(c1ccccc1)O2,ChEMBL,6.557520230935552
Fc1ccccc1CSc1nnc2c3ccccc3n(Cc3ccccc3)c2n1,ChEMBL,6.560667306169737
CCOC(=O)CN1C(c2ccc(F)cc2)Nc2ccc(Br)cc2C1c1ccccc1,ChEMBL,6.5638373529592435
CC(C)(NS(=O)(=O)c1ccc(NC2CC3CCC2C3)cc1C(F)(F)F)C1CC1,ChEMBL,6.5638373529592435
CCCCNC(=O)c1nn(-c2ccc(Cl)cc2Cl)c(-n2cccc2)c1C,ChEMBL,6.564474148501345
O=C(Nc1nc2ccccc2s1)C12CC3CC(CC(C3)C1)C2,ChEMBL,6.565431095965801
CCCCCCC(C)(C)c1cc(OC)c2c(c1)OC(C)(C)c1cn[nH]c1-2,ChEMBL,6.565431095965801
CCCNC(=O)N1CCC[C@H](NC(=O)c2nn(-c3ccc(Cl)cc3Cl)c(-c3ccc(Cl)cc3)c2C)C1,ChEMBL,6.567030709125595
NC1CCCCC1NC(=O)c1cn(-c2ccc(Cl)cc2)c(-c2ccc(Cl)cc2Cl)n1,GLASS,6.568636235841013
N[C@H]1CCCC[C@@H]1NC(=O)c1cn(-c2ccc(Cl)cc2)c(-c2ccc(Cl)cc2Cl)n1,ChEMBL,6.568636235841013
COCCn1c(C)c(C)s/c1=N\C(=O)C1C(C)(C)C1(C)C,ChEMBL,6.568636235841013
COCCn1c(C)c(C)sc1=NC(=O)C1C(C)(C)C1(C)C,GLASS,6.568636235841013
CCCCCn1c(=O)c(C(=O)NC23CC4CC(CC(C4)C2)C3)c(O)c2cc(-c3ccco3)ccc21,ChEMBL,6.568636235841013
COc1cc(Cl)ccc1-c1nc(C(=O)NN2CC3CCCC3C2)nn1-c1ccc(Cl)cc1Cl,ChEMBL,6.568636235841013
CCCCCCC(C)(C)c1cc(O)cc(OCCCCCCCCOC(CO)CO)c1,ChEMBL,6.568636235841013
Cc1ccc(-c2noc(CC(C)(C)C)n2)cc1S(=O)(=O)N1CCOCC1,ChEMBL,6.568636235841013
Cc1s/c(=N\C(=O)C2C(C)(C)C2(C)C)n(CCO[11CH3])c1C,ChEMBL,6.568636235841013
Cc1ccc(NC(=O)c2cccc(Cl)c2)cc1S(=O)(=O)N1CCOCC1,ChEMBL,6.568636235841013
CCCCNC(=O)NC1(c2ccccc2)CCN(c2ncnc3c2nc(-c2ccccc2Cl)n3-c2ccc(Cl)cc2)CC1,ChEMBL,6.570247719997592
O=C(NC1(C(=O)O)CCCCC1)c1cc2c(n(Cc3ccc(F)cc3)c1=O)CCCCCC2,ChEMBL,6.575118363368933
O=C(NC12CC3CC(CC(C3)C1)C2)c1cn2c3c(cccc3c1=O)OCC2c1ccccc1,ChEMBL,6.576754126063192
CCCCCc1cc(O)cc(OCCCCCCCCCCC(=O)N[C@H](C)CO)c1,ChEMBL,6.577738549186398
CCCCCc1cc(O)cc(OCCCCCCCCCCC(=O)NC(C)CO)c1,GLASS,6.578396073130169
CC1CCN(C(=O)c2ccc3[nH]c4c(c3c2)CN(C2CCCC2)CC4)CC1,ChEMBL,6.578396073130169
COc1ccccc1NC(=O)C(C)Sc1nc(-c2ccc(C)cc2)nc2c1COC(C)(C)C2,ChEMBL,6.578396073130169
C=CCN1Cc2c(n(S(=O)(=O)CC)c3ccc(C(=O)N4CCC(C)CC4)cc23)C1,ChEMBL,6.580044251510242
Cc1ccc(C(=O)NC23CC4CC(CC(C4)C2)C3)cc1S(=O)(=O)N1CCOCC1,ChEMBL,6.585026652029182
Cc1c(C(=O)NN2CCCCC2)nn(-c2ccc(Cl)cc2Cl)c1-c1ccc(C#CCCOC(=O)CCCCCNC(=S)c2ccc3c(c2)C(=O)OC32c3ccc(O)cc3Oc3cc(O)ccc32)cc1,ChEMBL,6.585026652029182
CCCCCCc1c(O)cccc1OCCCCCCCC(=O)NCCO,ChEMBL,6.585026652029182
COc1cc(Nc2ccc(S(=O)(=O)NCC3CC3)c(C(F)(F)F)c2)cc(OC)c1,ChEMBL,6.585026652029182
CCCCCOc1cccc2c(=O)c(C(=O)NC34CC5CC(CC(C5)C3)C4)c[nH]c12,ChEMBL,6.585026652029182
Cc1ccc(-c2nc(C(C)(C)C)cs2)cc1S(=O)(=O)N1CCOCC1,ChEMBL,6.585026652029182
CC1CCN(C(=O)c2ccc3c(c2)c2c(n3S(=O)(=O)c3ccccc3)CN(C3CCCC3)C2)CC1,ChEMBL,6.586700235918748
Cc1c(C(=O)NC2(C#N)CCOCC2)nn(-c2ccc(Br)cc2)c1-c1ccccc1,ChEMBL,6.586700235918748
O=C(NC1(C(=O)O)CCCC1)c1cc2c(n(CC3CCCCC3)c1=O)CCCCCC2,ChEMBL,6.58838029403677
CCCCCn1nc(C(=O)NN2CCCCC2)cc1-c1ccccc1,ChEMBL,6.59108197915322
O=C(Nc1ccccc1Oc1ccccc1)c1ccc(S(=O)(=O)N2CCc3ccccc32)cc1,ChEMBL,6.59176003468815
CN=C(NS(=O)(=O)c1ccc(Cl)cc1)N1CC(c2ccc(Cl)cc2)C(c2ccc(Cl)cc2)=N1,GLASS,6.5934598195660445
C=C(C)C1CCC(C)=C[C@H]1c1c(O)cc(C2(C#N)CCCC2)cc1O,ChEMBL,6.5934598195660445
C=C(C)C1CCC(C)=CC1c1c(O)cc(C2(C#N)CCCC2)cc1O,GLASS,6.5934598195660445
C/N=C(\NS(=O)(=O)c1ccc(Cl)cc1)N1CC(c2ccc(Cl)cc2)C(c2ccc(Cl)cc2)=N1,ChEMBL,6.5934598195660445
CCCCCn1cc(C(=O)NC2CCCCCC2)c(=O)c2c(C)nn(C)c21,ChEMBL,6.598599459218456
CCCCOc1cc(O)cc(OCCCCCCCCCCC(=O)NC2CC2)c1,ChEMBL,6.599997654072044
COCCn1cc(C(=O)c2ccccc2-c2ccccc2)c2ccccc21,ChEMBL,6.599997654072044
COCCn1cc(C(=O)c2cccc(-c3ccccc3)c2)c2ccccc21,ChEMBL,6.599997654072044
O=C1/C(=C/c2cccc(OCc3ccc(Cl)cc3)c2)N=C2SCCCCN12,ChEMBL,6.6020599913279625
O=C(NS(=O)(=O)c1ccccc1F)N1CCN(c2ncnc3c2nc(-c2ccccc2Cl)n3-c2ccc(Cl)cc2)CC1,ChEMBL,6.6020599913279625
CN(Cc1ccccc1)C(=O)N1CC(O[C@@H](c2ccc(Cl)cc2)c2cccnc2Cl)C1,ChEMBL,6.603800652904264
O=C(N[C@H]1CCCC[C@@H]1O)c1cnc(OCC2CC2)c(-c2ccc(Cl)cc2)c1,ChEMBL,6.607303046740334
O=C(NC1CCCCC1O)c1cnc(OCC2CC2)c(-c2ccc(Cl)cc2)c1,GLASS,6.607303046740334
Cc1ccc(-c2cc(SNCC3C4(C)CCC(C4)C3(C)C)nnc2-c2ccc(C)cc2)cc1,ChEMBL,6.608006927740287
CSC(=S)N1CC2(CCCCC2)CS/C1=N\c1cccc2nonc12,ChEMBL,6.609064892896621
CCCCCn1cc(C(=O)NC23CC4CC(CC(C4)C2)C3)c(=O)c2cc(-c3cnn(CC(C)C)c3)ccc21,ChEMBL,6.609594843519919
CC1(C)C(C(=O)c2cn(CC3CCOCC3)c3c(O)cccc23)C1(C)C,ChEMBL,6.610001577392667
COc1cccc2c(C(=O)NC3C(C)(C)[C@@H]4CC[C@@]3(C)C4)cn(CCN3CCOCC3)c12,ChEMBL,6.610833915635467
O=C(NC12CC3CC(CC(C3)C1)C2)c1cc(-c2ccccc2)nn(C2CCCC2)c1=O,ChEMBL,6.610833915635467
COc1cccc2c(C(=O)N[C@@H]3C(C)(C)[C@@H]4CC[C@@]3(C)C4)cn(CCN3CCOCC3)c12,ChEMBL,6.610833915635467
COc1cccc2c(C(=O)NC3C4(C)CCC(C4)C3(C)C)cn(CCN3CCOCC3)c12,GLASS,6.610833915635467
CCCCCCC(C)(C)c1cc(O)c2cc(Cc3ccccc3O)c(=O)oc2c1,ChEMBL,6.61261017366127
COc1ccc([C@@H]2[C@@H](CCCc3cccnc3)C(=O)N2c2ccccc2)cc1,ChEMBL,6.6129662987176365
CSC(=S)N1CC2(CCCCC2)CS/C1=N\c1cccc2c1CCC2,ChEMBL,6.614393726401688
O=C1C(c2ccccc2)N(c2ccc(Br)cc2)C(=O)N1c1ccc(Br)cc1,ChEMBL,6.614393726401688
O=C(NC1CCCCCC1)c1cc(Br)cn(CCN2CCOCC2)c1=O,ChEMBL,6.614393726401688
CN(C)CCNC(=O)C(C)(C)NC(=O)c1cc2c(n(CC3CCCCC3)c1=O)CCCCCC2,ChEMBL,6.616184634019569
COCc1c(C(=O)NC2CCCCC2)nn(-c2ccc(Cl)cc2Cl)c1C1C2(C)CCC(C2)C1(C)C,ChEMBL,6.618000978316933
Cc1cn(-c2ccc(Cl)cc2Cl)c2c1C(=O)N(C1CCCCC1)CC2,ChEMBL,6.619788758288394
CCCn1cc(C(=O)c2ccc(F)c3ccccc23)c2ccccc21,ChEMBL,6.619788758288394
Cc1c(C(=O)NCCc2ccc(Cl)cc2)nn(-c2ccc(Cl)c(Cl)c2)c1-n1cccc1,ChEMBL,6.619788758288394
CC1CCN(C(=O)c2ccc3c(c2)c2c(n3S(C)(=O)=O)CCN(C3CCOCC3)C2)CC1,ChEMBL,6.621602099051862
O=S(=O)(NCC1CC1)c1ccc(NC2CC3CCC2C3)cc1C(F)(F)F,ChEMBL,6.621602099051862
CCCCNC(=O)N1CCN(C(c2ccccc2)c2ccccc2)CC1,ChEMBL,6.621602099051862
Cc1ccc(-c2ncc(C(=O)NC(C(N)=O)c3ccccc3)nc2-c2ccc(C)cc2)cc1,GLASS,6.623423042943488
Cc1ccc(-c2ncc(C(=O)N[C@@H](C(N)=O)c3ccccc3)nc2-c2ccc(C)cc2)cc1,ChEMBL,6.623423042943488
Cc1ccc(-c2ncc(C(=O)N[C@H](CO)C(C)C)nc2-c2ccc(C)cc2)cc1,ChEMBL,6.6252516539898965
O=C(c1cccc2ccccc12)c1cn(CCN2CCOCC2)c2cccc(F)c12,ChEMBL,6.6252516539898965
COc1ccc(S(=O)(=O)c2cc(OC)ccc2S(=O)(=O)c2ccc([C@H](C)NC(=O)C(F)(F)F)cc2)cc1,ChEMBL,6.628932137728263
O=C(O)Cc1cnc(NC(=O)c2cc3c(n(CC4CCCCC4)c2=O)CCCCCC3)s1,ChEMBL,6.628932137728263
COc1ccc(S(=O)(=O)c2cc(OC)ccc2S(=O)(=O)c2ccc(C(C)NC(=O)C(F)(F)F)cc2)cc1,GLASS,6.628932137728263
O=C(NC1CCCCCC1)c1c(O)c2cccnc2n(CCN2CCOCC2)c1=O,ChEMBL,6.6307841425898575
CC1(C)C(C(=O)c2cn(CC3CCOCC3)c3ccc(OCc4ccccc4)cc23)C1(C)C,ChEMBL,6.6307841425898575
Cc1c(C(=O)NC(C)C)nn(-c2ccc(Cl)cc2Cl)c1-n1c(C)ccc1C,ChEMBL,6.631713115097869
CCCCC/C=C\C/C=C\C/C=C\C/C=C\CC[C@@H](C)C(=O)N[C@@H](C)CO,ChEMBL,6.632644078973981
CCCCn1c(=O)c(C(=O)NC23CC4CC(CC(C4)C2)C3)c(O)c2nn(C)cc21,ChEMBL,6.636388020107856
C/N=C(\NS(=O)(=O)N1CCCC1)N1CC(c2ccccc2)C(c2ccc(Cl)cc2)=N1,ChEMBL,6.636388020107856
Cc1c(C(=O)NCCCCCNCCCCCN)nn(-c2ccc(Cl)cc2Cl)c1-c1ccc(Cl)cc1,ChEMBL,6.638272163982407
CCCCCc1cc(O)c2c(c1)OC(C)(C)[C@H]1CCC(C)=C[C@@H]21,ChEMBL,6.642065152999546
CC1(C)C(C(=O)c2cn(CC3CCOCC3)c3cc(-c4ccccc4)ccc23)C1(C)C,ChEMBL,6.642065152999546
CCCCCn1c(=O)c(C(=O)NC2CCC(C)CC2)cc2ccccc21,ChEMBL,6.6439741428068775
COc1cc(CNC(=O)c2nn(-c3ccc(Cl)cc3Cl)c(-n3cccc3)c2C)c(Br)c(OC)c1OC,ChEMBL,6.6439741428068775
COc1cccc(N2C(C(C)=O)=NN(c3ccc(Cl)cc3)C2c2ccc(N3CCOCC3)cc2)c1,ChEMBL,6.6439741428068775
O=C(NN1CCCCC1)c1nc(-c2ccc(Cl)cc2Cl)c(-c2ccc(Cl)cc2)s1,ChEMBL,6.6439741428068775
Cn1c2c(c3cc(C(=O)N4CCCCC4)ccc31)CN(C1CCOCC1)CC2,ChEMBL,6.645891560852599
CCCCCc1cc(O)c2c(c1)OC(C)(C)[C@@H]1CC[C@@]3(C)O[C@H]3[C@@H]21,ChEMBL,6.649751981665837
COc1ccc2c(Cc3c(Cl)cncc3Cl)n[n+]([O-])cc2c1OC1CCCC1,GLASS,6.649751981665837
CCCCCc1cc(O)c2c(c1)OC(C)(C)C1CCC3(C)OC3C21,GLASS,6.649751981665837
C/N=C(\NS(=O)(=O)N(C)C)N1CC(c2ccccc2)C(c2ccc(Cl)cc2)=N1,ChEMBL,6.651695136951839
CCCCC/C=C\C/C=C\C/C=C\C/C=C\CCCCOC(CO)COC(=O)CCCCCNC(=O)CCCC[C@@H]1SC[C@@H]2NC(=O)N[C@@H]21,ChEMBL,6.655607726314889
CCCCCC=CCC=CCC=CCC=CCCCCOC(CO)COC(=O)CCCCCNC(=O)CCCCC1SCC2NC(=O)NC21,GLASS,6.655607726314889
CC1(C)COc2cccc3c(=O)c(C(=O)NC45CC6CC(CC(C6)C4)C5)cn1c23,ChEMBL,6.655607726314889
C/N=C(\NS(=O)(=O)c1ccc(C(F)(F)F)cc1)N1CC(c2ccccc2)C(c2ccc(Cl)cc2)=N1,ChEMBL,6.655607726314889
CCCCCC=CCC=CCC=CCC=CCCCC(=O)NCCCCO,GLASS,6.657577319177793
CCCCC/C=C\C/C=C\C/C=C\C/C=C\CCCC(=O)NCCCCO,ChEMBL,6.657577319177793
O=C(NCCC(c1ccccc1)c1ccccc1)C(c1ccccc1)c1ccc(Br)cc1,ChEMBL,6.657577319177793
COc1cc(C(=O)NC2(C(=O)NC(C)c3ccc(-n4cccn4)cc3F)CC2)on1,GLASS,6.657577319177793
CCCNC(=O)NC1(c2ccccc2)CCN(c2ncnc3c2nc(-c2ccccc2Cl)n3-c2ccc(Cl)cc2)CC1,ChEMBL,6.657577319177793
COc1cc(C(=O)NC2(C(=O)N[C@H](C)c3ccc(-n4cccn4)cc3F)CC2)on1,ChEMBL,6.657577319177793
CCCCCCC(C)(C)c1cc(O)c2c(c1)OC(C)(C)c1cn(CO)nc1-2,ChEMBL,6.6613443344213
CCN(CC)c1ccc(CN(c2ccc(C)cc2)S(=O)(=O)c2cccc(C)c2)cc1,ChEMBL,6.661543506395395
CC(C)(NC(=O)c1cc2c(n(CC3CCCCC3)c1=O)CCCCCC2)C(=O)N1CCC(C(=O)NS(C)(=O)=O)CC1,ChEMBL,6.661543506395395
O=C1/C(=C/c2cn(Cc3ccc(F)cc3)c3ncccc23)N2CCC1CC2,ChEMBL,6.661543506395395
Cc1c(C(=O)NCCc2ccc(Cl)cc2Cl)nn(-c2ccc(Cl)cc2Cl)c1-n1cccc1,ChEMBL,6.661543506395395
CCCCC(C)(C)c1cc(OC)c2cc(Cc3ccccc3C)c(=O)oc2c1,ChEMBL,6.663540266151471
O=C(c1cc2c(cc1Cl)OC(c1ccccc1)(c1ccccc1)O2)N1CCOCC1,ChEMBL,6.665546248849069
CCCC1COc2cccc3c(=O)c(C(=O)NC45CC6CC(CC(C6)C4)C5)cn1c23,ChEMBL,6.667561540084395
Cn1nc2c(-c3ccncc3)c(-c3ccc(Cl)cc3)c(=O)n(Cc3ccc(C#N)cc3)n2c1=O,ChEMBL,6.669586226650809
C/N=C(\NS(=O)(=O)c1ccc(Cl)cc1)N1CC(c2ccccc2)C(c2ccc(F)cc2)=N1,ChEMBL,6.669586226650809
CC1(C)C(C(=O)c2cn(CC3CCCO3)c3ccccc23)C1(C)C,GLASS,6.669992299127241
CC1(C)C(C(=O)c2cn(C[C@@H]3CCCO3)c3ccccc23)C1(C)C,ChEMBL,6.669992299127241
Cc1c(/C=C/N2CCCCC2)nn(-c2ccc(Cl)cc2Cl)c1-c1ccc(Cl)cc1,ChEMBL,6.671620396561262
Cc1c(C=CN2CCCCC2)nn(-c2ccc(Cl)cc2Cl)c1-c1ccc(Cl)cc1,GLASS,6.671620396561262
CCCCCCCNC(=O)c1nn(-c2ccc(Cl)cc2Cl)c(-n2cccc2)c1C,ChEMBL,6.675717544702307
Cc1nn2c(=O)n(Cc3ccc(C(F)(F)F)nc3)nc2c(-c2ccncc2)c1-c1ccc(Cl)cc1,ChEMBL,6.6777807052660805
CCCCCCc1ccc(O)cc1OCCCCCCCCCCC(=O)NC1CC1,ChEMBL,6.6777807052660805
CCN(CC)c1ccc(CN(C2CCCCC2)S(=O)(=O)c2ccc(C)cc2)cc1,ChEMBL,6.6777807052660805
CC1(C)C(C(=O)c2cn(Cc3ccccc3)c3ccccc23)C1(C)C,ChEMBL,6.6777807052660805
O=C(NC1CC1)c1cnn(-c2ccc(Cl)cc2Cl)c1-c1ccc(I)cc1,ChEMBL,6.6777807052660805
CC/N=C(\NS(=O)(=O)N(CC)CC)N1CC(c2ccccc2)C(c2ccc(Cl)cc2)=N1,ChEMBL,6.679853713888946
O=C(NC1CCCCC1O)c1cnc(OC2CCC2)c(-c2ccc(Cl)cc2)c1,GLASS,6.681936665037238
O=C(N[C@@H]1CCCC[C@H]1O)c1cnc(OC2CCC2)c(-c2ccc(Cl)cc2)c1,ChEMBL,6.681936665037238
O=C(NC1CCCCCC1)c1cc2ccccc2n(CCN2CCOCC2)c1=O,ChEMBL,6.686132779630847
CC(NS(C)(=O)=O)c1ccc(S(=O)(=O)c2ccc(Cl)cc2S(=O)(=O)c2cccc3cccnc23)cc1,GLASS,6.690369832574102
CCCC(C)(C)c1ccc2c(c1)OC(C)(C)c1ccc(CO)cc1-2,ChEMBL,6.690369832574102
CC1(C)C(C(=O)c2cn(CC3CCOCC3)c3ccc(O)cc23)C1(C)C,ChEMBL,6.690369832574102
C[C@H](NS(C)(=O)=O)c1ccc(S(=O)(=O)c2ccc(Cl)cc2S(=O)(=O)c2cccc3cccnc23)cc1,ChEMBL,6.690369832574102
CCCCCCCn1nc(C(=O)NN2CCCCC2)c(C)c1-c1ccccc1,ChEMBL,6.692076296388119
CCC(COCc1ccccc1)NC(=O)c1cnc(-c2ccc(C)cc2)c(-c2ccc(C)cc2)n1,ChEMBL,6.692503962086787
CCN(CC)c1ccc(CN(C(=O)C2CCCCC2)c2ccc(C)cc2)cc1,ChEMBL,6.694648630553377
c1ccc2c(c1)c(OCC1CCCCC1)nn2CC1CCCCC1,ChEMBL,6.698970004336019
CC1CCC(NC(=O)c2cc3cccnc3n(Cc3ccc(F)cc3)c2=O)CC1,ChEMBL,6.698970004336019
CCCCCn1cc(C(=O)NC23CC4CC(CC(C4)C2)C3)c(=O)c2cccc([N+](=O)[O-])c21,ChEMBL,6.698970004336019
C[C@H]1CC[C@@H](NC(=O)c2cc3cccnc3n(Cc3ccc(F)cc3)c2=O)CC1,ChEMBL,6.698970004336019
CCCCCC=CCC=CCC=CCC=CCCCC(=O)NCc1ccc(O)cc1,GLASS,6.698970004336019
CCCCCC=CCC=CCC=CCC=CCCCC(=O)NCc1ccc(OC)cc1OC,GLASS,6.698970004336019
CCCC1COc2cccc3c(=O)c(C(=O)NC45CC6CC(C)(CC(C)(C6)C4)C5)cn1c23,ChEMBL,6.698970004336019
Cc1ccc(-c2nc(CC(C)(C)C)cs2)cc1S(=O)(=O)N1CCOCC1,ChEMBL,6.698970004336019
CCCCC/C=C\C/C=C\C/C=C\C/C=C\CCCC(=O)NCc1ccc(O)cc1,ChEMBL,6.698970004336019
Cc1c2c(n(-c3c(Cl)cccc3Cl)c1-c1ccc(Cl)cc1)CCN(C1CCCCC1)C2=O,ChEMBL,6.698970004336019
CCCCC/C=C\C/C=C\C/C=C\C/C=C\CCCC(=O)NCc1ccc(OC)cc1OC,ChEMBL,6.698970004336019
CCCCCn1cc(C(=O)NC2CCCCCC2)c(=O)n2nc(CC)cc12,ChEMBL,6.698970004336019
CC(C)CCOc1cc(O)cc(OCCCCCCCCCCC(=O)NC2CC2)c1,ChEMBL,6.699991797446187
CC(C)(c1ccccc1)c1ccc(-c2cc(Cl)cc(Cl)c2)c(O)c1,ChEMBL,6.701146923590294
Cc1c(C(=O)NCCc2ccccc2)oc2ccc(S(=O)(=O)N3CC(C)CC(C)C3)cc12,ChEMBL,6.703334809738469
CCS(=O)(=O)n1c2c(c3cc(C(=O)N4CCC(C)CC4)ccc31)CN(C1CCOC1)CC2,ChEMBL,6.705533773838407
Cc1ccc(S(=O)(=O)NC(=N)N2CC(c3ccccc3)C(c3ccc(Cl)cc3)=N2)cc1,ChEMBL,6.705533773838407
CC[C@@H]1COc2cccc3c(=O)c(C(=O)NC45CC6CC(CC(C6)C4)C5)cn1c23,ChEMBL,6.705533773838407
Cc1c(C(=O)NN2CCOCC2)nc(-c2ccc(Cl)cc2Cl)n1-c1ccc(Cl)cc1,ChEMBL,6.705533773838407
CCCCCOc1c(OC)ccc2cc(C(=O)NCCc3ccccc3)c(=O)[nH]c12,ChEMBL,6.707743928643524
COc1ccc(S(=O)(=O)NC(=N)N2CC(c3ccccc3)C(c3ccc(Cl)cc3)=N2)cc1,ChEMBL,6.707743928643524
CCCS(=O)(=O)n1c2c(c3cc(C(=O)N4CCC(C)CC4)ccc31)CN(C1CCCC1)C2,ChEMBL,6.709965388637482
CCNC(=O)NC1(c2ccccc2)CCN(c2ncnc3c2nc(-c2ccccc2Cl)n3-c2ccc(Cl)cc2)CC1,ChEMBL,6.709965388637482
CCCCC(C)(C)c1cc(OC)c2cc(Cc3ccccc3OC)c(=O)oc2c1,ChEMBL,6.710009933945681
CCCCCCC(C)(C)c1ccc(OCC/C=C\C/C=C\CCCC(=O)N[C@H](C)CO)cc1,ChEMBL,6.7102995898712905
CCCCCCC(C)(C)c1ccc(OCCC=CCC=CCCCC(=O)NC(C)CO)cc1,GLASS,6.7102995898712905
CCC(C)(C)NC(=O)c1nn(-c2ccc(Cl)cc2Cl)c(-n2c(C)ccc2C)c1C,ChEMBL,6.71331903064507
CCCCCn1cc(C(=O)NC23CC4CC(CC(C4)C2)C3)c(=O)c(I)c1C,ChEMBL,6.713543530253017
CCCn1cc(C(=O)NC2C3(C)CCC(C3)C2(C)C)c(=O)c2ccc(F)cc21,GLASS,6.714442690992226
CCCCCc1cc(O)c2c(c1)OC(C)(C)[C@@H]1C=C[C@@](C)(O)C[C@@H]21,ChEMBL,6.714442690992226
CCCn1cc(C(=O)N[C@@H]2C(C)(C)C3CC[C@]2(C)C3)c(=O)c2ccc(F)cc21,ChEMBL,6.714442690992226
Cc1c(C(=O)N2CCCCCC2)oc2ccc(S(=O)(=O)N3CC(C)CC(C)C3)cc12,ChEMBL,6.714442690992226
CC(NS(=O)(=O)C(F)(F)F)c1ccc(S(=O)(=O)c2ccc(Cl)cc2S(=O)(=O)N2CCOCC2)cc1,GLASS,6.716698771296451
C[C@H](NS(=O)(=O)C(F)(F)F)c1ccc(S(=O)(=O)c2ccc(Cl)cc2S(=O)(=O)N2CCOCC2)cc1,ChEMBL,6.716698771296451
O=C(N[C@@H]1CCCC[C@H]1O)c1cnc(OCC2CC2)c(-c2ccccc2Cl)c1,ChEMBL,6.721246399047171
CCCCCCc1ccc(OCCCCCCCC(=O)NCCO)cc1O,ChEMBL,6.721246399047171
O=C(NC1CCCCC1O)c1cnc(OCC2CC2)c(-c2ccccc2Cl)c1,GLASS,6.721246399047171
C=C(C)C1CCC(C)=CC1c1c(O)cc(C2(CCCCCC)CC2(Br)Br)cc1O,GLASS,6.723538195826756
C=C(C)C1CCC(C)=C[C@H]1c1c(O)cc(C2(CCCCCC)CC2(Br)Br)cc1O,ChEMBL,6.723538195826756
CCCn1c(C)c(C(=O)c2ccc(Cl)c3ccccc23)c2ccccc21,ChEMBL,6.728158393463501
CC1=CC[C@@H]2[C@@H](C1)c1c(O)cc(C(C)(C)CCCCC(=O)Nc3ccc(Cl)cc3)cc1OC2(C)C,ChEMBL,6.728158393463501
CC1=CCC2C(C1)c1c(O)cc(C(C)(C)CCCCC(=O)Nc3ccc(Cl)cc3)cc1OC2(C)C,GLASS,6.728158393463501
CCCCNC(=O)N1CCC(NC(=O)c2nn(-c3ccc(Cl)cc3Cl)c(-c3ccc(Cl)cc3)c2C)CC1,ChEMBL,6.728158393463501
CCCc1cc(O)c2c(c1)OC(C)(C)[C@@H]1CCC(C(=O)O)=C[C@@H]21,ChEMBL,6.728623128105926
O=C(N[C@@H]1CCCC[C@@H]1O)c1cnc(OCC2CC2)c(-c2ccc(Cl)cc2)c1,ChEMBL,6.730487055782084
CCc1c(C)sc(NC(=O)C23CC4CC(CC(C4)C2)C3)c1C(=O)OC,ChEMBL,6.732499740606734
CCCCC/C=C\C/C=C\C/C=C\C/C=C\CC[C@H](C)C(=O)N[C@H](C)CO,ChEMBL,6.732828271596986
CCCNC(=O)N1CCC(NC(=O)c2nn(-c3ccc(Cl)cc3Cl)c(-c3ccc(Cl)cc3)c2C)CC1,ChEMBL,6.735182176990463
CCCCCNC(=O)c1nn(-c2ccc(Cl)cc2Cl)c(-n2c(C)ccc2C)c1C,ChEMBL,6.73969005420508
CCn1cc(C(=O)N[C@@H]2C(C)(C)C3CC[C@]2(C)C3)c(=O)c2ccc(Sc3ccccc3)cc21,ChEMBL,6.741602195904491
CCn1cc(C(=O)NC2C3(C)CCC(C3)C2(C)C)c(=O)c2ccc(Sc3ccccc3)cc21,GLASS,6.741602195904491
O=C(NC1(C(=O)O)CCCCC1)c1cc2c(n(CC3CCCCC3)c1=O)CCCCCC2,ChEMBL,6.7423214251308154
O=S(=O)(NCC1CC1)c1ccc(Nc2ccc(Cl)cc2Cl)cc1C(F)(F)F,ChEMBL,6.7447274948966935
CCCCCCc1ccc(OCCCCCC(=O)NC2CC2)cc1O,ChEMBL,6.7447274948966935
COc1c(C)cc(-c2ccc(F)cc2)cc1C(=O)N[C@H]1CC[C@@H](C)CC1,ChEMBL,6.7447274948966935
Cc1c(C(=O)NN2CCCCC2)nn(-c2ccc(Cl)cc2Cl)c1-c1ccc(C#CCCO)cc1,ChEMBL,6.7447274948966935
CN(C)CCn1cc(C(=O)N[C@@H]2C(C)(C)C3CC[C@]2(C)C3)c(=O)c2ccc(F)cc21,ChEMBL,6.747875447494356
CN(C)CCn1cc(C(=O)NC2C3(C)CCC(C3)C2(C)C)c(=O)c2ccc(F)cc21,GLASS,6.747875447494356
C=CC(C)(C)[C@@]12C[C@H]3C(=O)N4[C@@H](C[C@@]5(C(C)(C)C=C)c6ccccc6N[C@@H]45)C(=O)N3[C@@H]1Nc1ccccc12,ChEMBL,6.749579997691106
Cc1ccc(-c2ncc(C(=O)NCC3CC3)nc2-c2ccc(C)cc2)cc1,ChEMBL,6.749579997691106
Cc1ccc(-c2ncc(C(=O)NCCC(C)C)nc2-c2ccc(C)cc2)cc1,ChEMBL,6.749579997691106
CCCCCCC(C)(C)c1cc(O)cc(OCCCCCCCC(=O)NC(CO)CO)c1,ChEMBL,6.7500682433658055
CN(CC(=O)NC1CC1)C(=O)c1ccc2c(c1)c1c(n2C)CC[C@H](C2CCOCC2)C1,ChEMBL,6.752026733638194
CCCCCn1cc(C(=O)NCC2CC2)c(=O)cc1C(C)(C)C,ChEMBL,6.7544873321858505
CCS(=O)(=O)n1c2c(c3cc(C(=O)N4CCC(C)CC4)ccc31)CN(CC1CC1)C2,ChEMBL,6.7544873321858505
Cc1c(-c2ccccc2)cc(C(=O)NC2CCCCCC2)c(=O)n1Cc1ccc(F)cc1,ChEMBL,6.7544873321858505
CSC(=S)N1CC2(CCCCC2)CS/C1=N\c1ccc(C#N)cc1,ChEMBL,6.761953896871205
Cc1c(C(=O)N2CCC(O)CC2)nc(-c2ccc(Cl)cc2Cl)n1-c1ccc(Cl)cc1,ChEMBL,6.764471553092451
Cc1c(C(=O)N(C)CCc2ccccc2)oc2ccc(S(=O)(=O)N3CC(C)CC(C)C3)cc12,ChEMBL,6.764471553092451
Cc1c(C(=O)NCc2ccc(C(F)(F)F)cc2)nc(-c2ccc(Cl)cc2Cl)n1-c1ccc(Cl)cc1,ChEMBL,6.767003889607846
CCCCCCc1c(O)cccc1OCCCCCCCCCCCC(=O)NCCO,ChEMBL,6.769551078621726
COc1ccc2c(=O)c(C(=O)NC3CCCCC3)cn(Cc3ccccc3)c2c1,ChEMBL,6.769551078621726
CCCCCCC(C)(C)c1cc(O)cc(OCCCCCCOC(CO)CO)c1,ChEMBL,6.769551078621726
C/N=C(\NS(=O)(=O)c1ccccc1)N1CC(c2ccccc2)C(c2ccc(Cl)cc2)=N1,ChEMBL,6.769551078621726
CC1CCN(C(=O)c2ccc3c(c2)c2c(n3S(=O)(=O)C(C)C)CCN(C3CCOCC3)C2)CC1,ChEMBL,6.769551078621726
CCCCCc1cc(OC)c2cc(Cc3cccnc3)c(=O)oc2c1,ChEMBL,6.770011163455189
CC1=CC[C@@H]2[C@@H](C1)c1c(O)cc(C3SCCS3)cc1OC2(C)C,ChEMBL,6.774690718274137
CC1=CCC2C(C1)c1c(O)cc(C3SCCS3)cc1OC2(C)C,GLASS,6.774690718274137
Cc1ccc(-c2ncc(C(=O)N[C@@H]3CCCC[C@@H]3CO)nc2-c2ccc(C)cc2)cc1,ChEMBL,6.777283528852417
C[C@H]1CC[C@H](NC(=O)c2cc3cc(Br)cnc3n(Cc3ccc(F)cc3)c2=O)CC1,ChEMBL,6.779891911959945
COc1cc(CNC(=O)c2nn(-c3ccc(F)cc3F)c(-n3c(C)ccc3C)c2C)c(Br)c(OC)c1OC,ChEMBL,6.782516055786093
CCNC(=O)N1CCC(NC(=O)c2nn(-c3ccc(Cl)cc3Cl)c(-c3ccc(Cl)cc3)c2C)CC1,ChEMBL,6.782516055786093
CCCCCC1=NN(C(=O)c2cccc3ccccc23)CC1c1ccccc1,ChEMBL,6.785156151952302
O=C(C1CCCCC1)N1CCN(C(c2ccccc2)c2ccccc2)CC1,ChEMBL,6.785156151952302
O=C(NN1CC2CCCC2C1)c1nc(-c2ccc(Cl)cc2)n(-c2ccc(Cl)cc2Cl)n1,ChEMBL,6.785156151952302
COc1cccc2c(C(=O)NC(c3ccccc3)c3ccccn3)nn(CCN3CCOCC3)c12,ChEMBL,6.790484985457369
CCCn1cc(C(=O)c2ccc(Br)c3ccccc23)c2ccccc21,ChEMBL,6.79317412396815
CN1N=CC2C1C(O)=C(C(=O)NC13CC4CC(CC(O)(C4)C1)C3)C(=O)N2CCCCF,ChEMBL,6.79317412396815
COC(=O)C(C)(C)c1ccc(-c2cc(C)cc(C)c2)c(O)c1,ChEMBL,6.795880017344075
COc1c(C)cc(-c2ccc(F)cc2)cc1C(=O)NC1CCCCCC1,ChEMBL,6.795880017344075
CCCCCn1cc(C(=O)N[C@H](C)c2ccccc2)c(=O)c2ccc(N3CCCC3)cc21,ChEMBL,6.795880017344075
CCCCCn1cc(C(=O)NC(C)c2ccccc2)c(=O)c2ccc(N3CCCC3)cc21,GLASS,6.795880017344075
CCCCCn1cc(C(=O)c2cccc3ccccc23)c2ccncc21,ChEMBL,6.799998134593398
CCCCCCC(C)(C)c1cc(O)cc(OCCCCCCCCCCCC(=O)NC2CC2)c1,ChEMBL,6.799998134593398
CCCCC1(c2cc(O)c3cc(CCC)c(=O)oc3c2)CCCCC1,ChEMBL,6.799998134593398
O=S(=O)(NCC1CCC(c2ccc(Cl)cc2Cl)N(c2ccc(Cl)cc2)C1)C1CC1,GLASS,6.801342913045577
CCCC(CO)NC(=O)c1cnc(-c2ccc(C)cc2)c(-c2ccc(C)cc2)n1,ChEMBL,6.801342913045577
O=S(=O)(NC[C@@H]1CC[C@@H](c2ccc(Cl)cc2Cl)N(c2ccc(Cl)cc2)C1)C1CC1,ChEMBL,6.801342913045577
CCCCCCC(C)NC(=O)c1nn(-c2ccc(Cl)cc2Cl)c(-n2cccc2)c1C,ChEMBL,6.80271944187438
Cc1c(C(=O)NCCc2ccc(Cl)c(Cl)c2)nn(-c2ccc(Cl)cc2Cl)c1-n1cccc1,ChEMBL,6.804100347590766
Cc1c(C(=O)NCCc2ccc(Cl)cc2Cl)nn(-c2ccc(Cl)cc2Cl)c1-n1c(C)ccc1C,ChEMBL,6.806875401645538
C/N=C(\NS(=O)(=O)N1CCCCCC1)N1CC(c2ccccc2)C(c2ccc(Cl)cc2)=N1,ChEMBL,6.809668301829708
CCCCCn1cc(C(=O)NC2CCCCC2)c(=O)c2c(C)noc21,ChEMBL,6.809668301829708
CN/C(=N\S(=O)(=O)N1CCCCC1)N1CC(c2ccccc2)C(c2ccc(Cl)cc2)=N1,ChEMBL,6.818156412055227
C=CCCCn1cc(C(=O)c2ccc3c(c2)CC(C)(C)C3)c2ccccc21,ChEMBL,6.818156412055227
CSC(=S)N1CC2(CCCCC2)CO/C1=N\c1cccc2nonc12,ChEMBL,6.818156412055227
Cc1cc(Cl)ccc1-c1c(C)c(C(=O)NN2CCCCC2)nn1-c1c(Cl)cc(Cl)cc1Cl,ChEMBL,6.818156412055227
CCCCCn1cc(C(=O)NC2CN3CCC2CC3)c(=O)c2ccc(Sc3ccccc3)cc21,ChEMBL,6.820735535660974
Cc1c(C(=O)NC(C)(C)C)nn(-c2ccc(Cl)cc2Cl)c1-n1c(C)ccc1C,ChEMBL,6.821886747685368
c1ccc2cc(COc3nn(CCC4CCCCC4)c4ccccc34)ccc2c1,ChEMBL,6.823908740944319
Cc1c(C(=O)NC2CCCC2)nn(-c2ccc(Cl)cc2Cl)c1-n1c(C)ccc1C,ChEMBL,6.823908740944319
CCCCCC=CCC=CCC=CCC=CCCCC(=O)Nc1ccc(N2CCOCC2)cc1,GLASS,6.823908740944319
O=C(N[NH+]1CCOCC1)C1=NN(c2ccc(Cl)cc2Cl)C(c2ccc(Cl)cc2)C1.O=S(=O)([O-])O,GLASS,6.823908740944319
CC1CCN(C(=O)c2ccc3c(c2)c2c(n3S(=O)(=O)C(C)C)CN(C3CCCC3)C2)CC1,ChEMBL,6.823908740944319
CCCCC/C=C\C/C=C\C/C=C\C/C=C\CCCC(=O)Nc1ccc(N2CCOCC2)cc1,ChEMBL,6.823908740944319
O=C(NN1CCOCC1)C1=NN(c2ccc(Cl)cc2Cl)C(c2ccc(Cl)cc2)C1.O=S(=O)(O)O,ChEMBL,6.823908740944319
O=C(NN1CCOCC1)C1=NN(c2ccc(Cl)cc2Cl)C(c2ccc(Cl)cc2)C1,GLASS,6.823908740944319
COc1ccccc1/C=C1\C=C(CCN2CCOCC2)c2ccccc21,ChEMBL,6.826813731587726
Cc1c(C(=O)NN2CCCCC2)nn(-c2c(Cl)cc(Cl)cc2Cl)c1-c1ccc(Cl)cc1Cl,ChEMBL,6.8297382846050425
C1=C(CCN2CCOCC2)c2ccccc2/C1=C\c1cccc2ccccc12,ChEMBL,6.8297382846050425
C(=C1C=C(CCN2CCOCC2)c2ccccc21)c1cccc2ccccc12,GLASS,6.8297382846050425
CC1(C)C(C(=O)c2cn(CCc3ccsc3)c3ccccc23)C1(C)C,ChEMBL,6.83000246293343
CCCCCn1cc(C(=O)NC2CCCCCC2)c(=O)c2c(C)noc21,ChEMBL,6.838631997765025
CCCCCn1cc(C(=O)C2C(C)(C)C2(C)C)c2ccccc21,ChEMBL,6.840011949618013
COc1cc(CNC(=O)c2nn(-c3ccc(Cl)cc3Cl)c(-n3c(C)ccc3C)c2C)c(Br)c(OC)c1OC,ChEMBL,6.841637507904751
CCCCn1c2c(cc(C(=O)NCc3ccccc3)c1=O)CCC2,ChEMBL,6.844663962534939
C=CCn1c2c(c3cc(C(=O)N4CCC(C)CC4)ccc31)CN(CC1CC1)CC2,ChEMBL,6.844663962534939
COc1ccc(-c2oc3cc(OC)ccc3c2C(=O)c2ccc(C#N)cc2)cc1,ChEMBL,6.85078088734462
CN/C(=N\S(=O)(=O)N1CCCCC1)C1=NN(c2ccc(Cl)cc2)C(c2ccccc2)C1,ChEMBL,6.85078088734462
CCN(CC)S(=O)(=O)N/C(=N\C)N1CC(c2cccnc2)C(c2ccc(Cl)cc2)=N1,ChEMBL,6.85078088734462
CC1=CC[C@@H]2[C@@H](C1)c1c(O)cc(CCCC(C)C)cc1OC2(C)C,ChEMBL,6.85078088734462
CC1=CCC2C(C1)c1c(O)cc(CCCC(C)C)cc1OC2(C)C,GLASS,6.85078088734462
CN/C(=N\S(=O)(=O)N1CCC(C(F)(F)F)CC1)N1C[C@@H](c2ccccc2)C(c2ccc(Cl)cc2)=N1,ChEMBL,6.853871964321762
CC(NS(=O)(=O)C(F)(F)F)c1ccc(S(=O)(=O)c2ccc(Cl)cc2S(=O)(=O)c2c(F)cccc2N2CCOCC2)cc1,GLASS,6.853871964321762
CCCCC(C)(C)C(=O)Nc1cc(C)c(C)c(S(=O)(=O)N2CCOCC2)c1,ChEMBL,6.853871964321762
CCCn1cc(C(=O)c2ccc(I)c3ccccc23)c2ccccc21,ChEMBL,6.853871964321762
C[C@H](NS(=O)(=O)C(F)(F)F)c1ccc(S(=O)(=O)c2ccc(Cl)cc2S(=O)(=O)c2c(F)cccc2N2CCOCC2)cc1,ChEMBL,6.853871964321762
Cc1c(C(=O)NCc2ccc(Cl)cc2)nn(-c2ccc(Cl)cc2Cl)c1-n1cccc1,ChEMBL,6.853871964321762
Cc1ccc(-c2n[nH]c(CC(C)(C)C)n2)cc1S(=O)(=O)N1CCOCC1,ChEMBL,6.853871964321762
CCCCCn1cc(C(=O)NC23CC4CC(CC(C4)C2)C3)c(=O)c2cc(F)c(-n3cccc3)cc21,ChEMBL,6.854492828590337
O=C(NC1CCCCC1O)c1cnc(OCc2ccccn2)c(-c2ccc(Cl)cc2)c1,GLASS,6.856985199745905
O=C(N[C@@H]1CCCC[C@H]1O)c1cnc(OCc2ccccn2)c(-c2ccc(Cl)cc2)c1,ChEMBL,6.856985199745905
CC1CCC(NC(=O)c2c(O)c3cccnc3n(Cc3ccc(F)cc3)c2=O)CC1,ChEMBL,6.858550226599533
CCN(CC)c1ccc(CN(c2ccc(Cl)cc2)S(=O)(=O)c2ccc(C)cc2)cc1,ChEMBL,6.863279432843593
CC1CCN(C(=O)c2ccc3c(c2)c2c(n3S(=O)(=O)C3CC3)CN(C3CCCC3)C2)CC1,ChEMBL,6.863279432843593
O=C(NN1CC2CCCC2C1)c1nc(-c2ccc(Cl)cc2Cl)n(-c2ccc(Cl)cc2)n1,ChEMBL,6.863279432843593
CCc1ccc(CC)n1-c1c(C)c(C(=O)NC2CCCCC2)nn1-c1ccc(Cl)c(Cl)c1,ChEMBL,6.865504144165326
C=CCNC(=O)CCCCCCCCCCOc1cc(O)cc(CCCCC)c1,ChEMBL,6.865504144165326
C[C@H](NS(=O)(=O)C(F)(F)F)c1ccc(S(=O)(=O)c2ccc(Cl)cc2S(=O)(=O)NC(C)(C)C)cc1,ChEMBL,6.866461091629782
CC(NS(=O)(=O)C(F)(F)F)c1ccc(S(=O)(=O)c2ccc(Cl)cc2S(=O)(=O)NC(C)(C)C)cc1,GLASS,6.866461091629782
C=C(C)C1CCC(C)=C[C@H]1c1c(O)cc(C2(CCCCCC)SCCS2)cc1O,ChEMBL,6.869988050328096
C=C(C)C1CCC(C)=CC1c1c(O)cc(C2(CCCCCC)SCCS2)cc1O,GLASS,6.869988050328096
CCCNC(=O)N1CCC[C@@H](NC(=O)c2nn(-c3ccc(Cl)cc3Cl)c(-c3ccc(Cl)cc3)c2C)C1,ChEMBL,6.872895201635193
C1=C(CCN2CCOCC2)c2ccccc2/C1=C/c1ccc2ccccc2c1,ChEMBL,6.872895201635193
CCCCCn1cc(C(=O)NC23CC4CC(CC(C4)C2)C3)c(=O)cc1-c1ccc(C)cc1,ChEMBL,6.872895201635193
NC[C@@H]1CC[C@@H](c2ccc(Cl)cc2Cl)N(c2ccc(Cl)cc2)C1,ChEMBL,6.876148359032914
NCC1CCC(c2ccc(Cl)cc2Cl)N(c2ccc(Cl)cc2)C1,GLASS,6.876148359032914
CCCCCCC(C)(C)c1cc(O)cc(OCCCCCCCCCCC(=O)N[C@H](C)CO)c1,ChEMBL,6.878768544850378
CCCCCCC(C)(C)c1cc(O)cc(OCCCCCCCCCCC(=O)NC(C)CO)c1,GLASS,6.87942606879415
O=C(NC1CCCC1)c1cn2c3c(cccc3c1=O)OCC2c1ccccc1,ChEMBL,6.87942606879415
CCCCCCC(C)(C)c1cccc(OCCC=CCC=CCC=CCCCC(=O)NC(C)CO)c1,GLASS,6.881636055736559
CCCCCCC(C)(C)c1cccc(OCC/C=C\C/C=C\C/C=C\CCCC(=O)N[C@H](C)CO)c1,ChEMBL,6.881636055736559
O=C(c1cn(CC2CCOCC2)c2ccccc12)C1CCCC1,ChEMBL,6.882728704344236
N#Cc1c(C(=O)NN2CCOCC2)nn(-c2ccc(Cl)cc2Cl)c1-c1ccc(I)cc1,ChEMBL,6.882728704344236
COC(=O)c1ccc(-c2ccc(-c3c(C)c(C(=O)NN4CCCCC4)nn3-c3ccc(Cl)cc3Cl)cc2)cc1,ChEMBL,6.882728704344236
Cc1ccnc(OCc2ccc(F)cc2)c1C(=O)NC1CCCCCC1,ChEMBL,6.882728704344236
CCCCCn1cc(C(=O)N[C@@H]2CCCc3ccccc32)c(=O)cc1-c1ccccc1,ChEMBL,6.882728704344236
O=C(NC1CCCCC1)c1cn(-c2ccc(Cl)cc2)c(-c2ccccc2)n1,ChEMBL,6.886056647693163
Cc1ccc(C(=O)NC2C3(C)CCC(C3)C2(C)C)cc1S(=O)(=O)N1CCOCC1,GLASS,6.886056647693163
Cc1ccc(C(=O)NC2C(C)(C)[C@@H]3CC[C@]2(C)C3)cc1S(=O)(=O)N1CCOCC1,ChEMBL,6.886056647693163
Cc1ccc(-c2nnn(CC(C)(C)C)n2)cc1S(=O)(=O)N1CCOCC1,ChEMBL,6.886056647693163
Cc1ccc(C(=O)N[C@@H]2C(C)(C)[C@H]3CC[C@]2(C)C3)cc1S(=O)(=O)N1CCOCC1,ChEMBL,6.886056647693163
Cc1ccc(C(=O)NC2C(C)(C)[C@@H]3CC[C@@]2(C)C3)cc1S(=O)(=O)N1CCOCC1,ChEMBL,6.886056647693163
Cc1ccc(C(=O)N[C@@H]2C(C)(C)[C@@H]3CC[C@@]2(C)C3)cc1S(=O)(=O)N1CCOCC1,ChEMBL,6.886056647693163
CCCCCc1cc(O)cc(OCCCCCCCC(=O)NCCO)c1,ChEMBL,6.886056647693163
O=C(N[C@@H]1CCCC[C@H]1O)c1cnc(OCC2CC2)c(-c2cccc(Cl)c2)c1,ChEMBL,6.889410289700751
Cc1occc1S(=O)(=O)c1cc(Cl)ccc1S(=O)(=O)c1ccc([C@H](C)NS(C)(=O)=O)cc1,ChEMBL,6.889410289700751
O=C(NC1CCCCC1O)c1cnc(OCC2CC2)c(-c2cccc(Cl)c2)c1,GLASS,6.889410289700751
Cc1occc1S(=O)(=O)c1cc(Cl)ccc1S(=O)(=O)c1ccc(C(C)NS(C)(=O)=O)cc1,GLASS,6.889410289700751
CCCCCn1cc(C(=O)c2ccc(C(=O)NC)c3ccccc23)c2ccccc21,ChEMBL,6.896196279044043
CCCCNC(=O)N1CCC[C@@H](NC(=O)c2nn(-c3ccc(Cl)cc3Cl)c(-c3ccc(Cl)cc3)c2C)C1,ChEMBL,6.903089986991944
C/N=C(\NS(=O)(=O)N1CCCCCCC1)N1CC(c2ccccc2)C(c2ccc(Cl)cc2)=N1,ChEMBL,6.903089986991944
CCCCCCNC(=O)c1nn(-c2ccc(Cl)cc2Cl)c(-n2cccc2)c1C,ChEMBL,6.90622821850127
CCCCNC(=O)c1nn(-c2ccc(Cl)cc2Cl)c(-n2c(C)ccc2C)c1C,ChEMBL,6.909741947068683
Cc1c(C(=O)NN2CCCCC2)nn(-c2ccc(Cl)cc2Cl)c1-c1ccccc1,ChEMBL,6.9111554372729955
O=C(N[C@@H]1CCCC[C@H]1O)c1cnc(OCC2CC2)c(-c2ccc(Cl)cc2Cl)c1,ChEMBL,6.913640169325252
O=C(NC1CCCCC1O)c1cnc(OCC2CC2)c(-c2ccc(Cl)cc2Cl)c1,GLASS,6.913640169325252
CSC(=S)N1CC2(CCCCC2)CS/C1=N\c1ccccc1C(C)C,ChEMBL,6.913640169325252
C[C@H]1CC[C@@H](NC(=O)c2cc3cc(Br)cnc3n(Cc3ccc(F)cc3)c2=O)CC1,ChEMBL,6.91721462968355
CCCCCn1cc(C(=O)NC23CC4CC(CC(C4)C2)C3)c(=O)n2nc(CC)cc12,ChEMBL,6.920818753952375
CC1(NC(=O)NS(=O)(=O)c2ccccc2F)CCN(c2ncnc3c2nc(-c2ccccc2Cl)n3-c2ccc(Cl)cc2)CC1,ChEMBL,6.920818753952375
COC(=O)CCC(C)(C)c1ccc(-c2cc(C)cc(C)c2)c(O)c1,ChEMBL,6.920818753952375
Cc1c(C(=O)Nc2ccc(Cl)cc2)nn(-c2ccc(Cl)cc2Cl)c1-n1cccc1,ChEMBL,6.920818753952375
CCS(=O)(=O)n1c2c(c3cc(C(=O)N4CCC(C)CC4)ccc31)CN(C1CCOCC1)CC2,ChEMBL,6.920818753952375
CCc1ccc(-c2cc(O)c3c(c2)OC(C)(C)C2CC=C(C)CC32)cc1,GLASS,6.924453038607469
CC(NS(C)(=O)=O)c1ccc(S(=O)(=O)c2ccc(Cl)cc2S(=O)(=O)c2cccc[n+]2[O-])cc1,GLASS,6.924453038607469
C[C@H](NS(C)(=O)=O)c1ccc(S(=O)(=O)c2ccc(Cl)cc2S(=O)(=O)c2cccc[n+]2[O-])cc1,ChEMBL,6.924453038607469
C/N=C(\NS(=O)(=O)c1ccc(C)cc1)N1CC(c2ccccc2)C(c2ccc(Cl)cc2)=N1,ChEMBL,6.924453038607469
CCc1ccc(-c2cc(O)c3c(c2)OC(C)(C)[C@@H]2CC=C(C)C[C@@H]32)cc1,ChEMBL,6.924453038607469
CCCCCN1N=C(C(=O)NC(C)(C)c2ccc(F)cc2)CC1c1ccccc1,ChEMBL,6.928117992693875
COc1ccc2c(Cc3c(Cl)cncc3Cl)nncc2c1OCCCCCc1ccccc1,GLASS,6.931814138253839
C=C1CCC2C(c3c(O)cc(CCCCC)cc3OC2(C)C)C1O,GLASS,6.931814138253839
C=C1CC[C@@H]2[C@H](c3c(O)cc(CCCCC)cc3OC2(C)C)[C@H]1O,ChEMBL,6.931814138253839
CCN(C)S(=O)(=O)N/C(=N\C)N1CC(c2ccccc2)C(c2ccc(Cl)cc2)=N1,ChEMBL,6.931814138253839
COc1ccc(S(=O)(=O)c2cc(OC)ccc2S(=O)(=O)c2ccc([C@H](C)NS(=O)(=O)c3ccc(Cl)c(Cl)c3)cc2)cc1,ChEMBL,6.931814138253839
Cc1c(C(=O)NCCc2ccc(Cl)c(Cl)c2)nn(-c2ccc(Cl)cc2Cl)c1-n1c(C)ccc1C,ChEMBL,6.931814138253839
COc1ccc(S(=O)(=O)c2cc(OC)ccc2S(=O)(=O)c2ccc(C(C)NS(=O)(=O)c3ccc(Cl)c(Cl)c3)cc2)cc1,GLASS,6.931814138253839
CCCCCn1c(C)c(C(=O)c2cccc3cccc(Cl)c23)c2ccccc21,ChEMBL,6.935542010773082
Cc1cc(Cl)cc(C)c1-c1c(C)c(C(=O)NN2CCCCC2)nn1-c1ccc(Cl)cc1Cl,ChEMBL,6.935542010773082
CC(NS(=O)(=O)C(F)(F)F)c1ccc(S(=O)(=O)c2ccc(Cl)cc2S(=O)(=O)c2c(F)cccc2N(C)C)cc1,GLASS,6.939302159646388
C[C@H]1CC[C@@H](NC(=O)c2cc(-c3ccccc3)nn(Cc3ccc(F)cc3)c2=O)CC1,ChEMBL,6.939302159646388
CCCCCn1cc(C(=O)c2ccc(C(=O)OCC)c3ccccc23)c2ccccc21,ChEMBL,6.939302159646388
CCCS(=O)(=O)n1c2c(c3cc(C(=O)N4CCC(C)CC4)ccc31)CN(C1CCOCC1)CC2,ChEMBL,6.939302159646388
C[C@H](NS(=O)(=O)C(F)(F)F)c1ccc(S(=O)(=O)c2ccc(Cl)cc2S(=O)(=O)c2c(F)cccc2N(C)C)cc1,ChEMBL,6.939302159646388
COc1ccc(-c2c(C)c(C(=O)NC3(C#N)CCOCC3)nn2-c2ccccc2F)cc1,ChEMBL,6.939302159646388
CSC(=S)N1CC2(CCCCC2)CS/C1=N\c1cccc(C)c1C,ChEMBL,6.943095148663527
Cc1c(Br)cnc(OCc2ccc(F)cc2)c1C(=O)NC1CCCCCC1,ChEMBL,6.94692155651658
O=C(NC[C@@H]1CC[C@@H](c2ccc(Cl)cc2Cl)N(c2ccc(Cl)cc2)C1)C1CC1,ChEMBL,6.950781977329818
COc1ccc(CCNC(=O)c2nn(-c3ccc(Cl)cc3Cl)c(-n3c(C)ccc3C)c2C)cc1Cl,ChEMBL,6.950781977329818
O=C(NCC1CCC(c2ccc(Cl)cc2Cl)N(c2ccc(Cl)cc2)C1)C1CC1,GLASS,6.950781977329818
O=C(N1CCOCC1)N1CCN(C(c2ccccc2)c2ccc(Cl)cc2Cl)CC1,ChEMBL,6.954677021213342
Cc1c(C(=O)NN2CCCCC2)nn(-c2ccc(Cl)cc2)c1-n1cccc1,ChEMBL,6.958607314841775
O=[N+]([O-])CC(c1ccccc1)c1c(-c2ccccc2)[nH]c2ccccc12,ChEMBL,6.958607314841775
O=[N+]([O-])CC(c1ncccc1F)c1c(-c2ccccc2)[nH]c2ccccc12,ChEMBL,6.958607314841775
Cc1c(C(=O)NCC2CCCCC2)nn(-c2ccc(Cl)cc2)c1-n1cccc1,ChEMBL,6.958607314841775
CC1(C)[C@H]2CC[C@](C)(C2)[C@@H]1NC(=O)c1ccc(Br)c(S(=O)(=O)N2CCCC2)c1,ChEMBL,6.958607314841775
Cc1ccc(-c2ncc(C(=O)N(C)Cc3ccccc3)nc2-c2ccc(C)cc2)cc1,ChEMBL,6.958607314841775
Cc1c(CN2CCOCC2)cc(NC(=O)C2CCCCC2C)cc1C(F)(F)F,ChEMBL,6.958607314841775
CCCCCn1cc(C(=O)c2ccc3ccccc3c2)c2ccc(S(C)(=O)=O)cc21,ChEMBL,6.958607314841775
CC1CCN(C(=O)c2ccc3c(c2)c2c(n3S(=O)(=O)N(C)C)CCN(C3CCOCC3)C2)CC1,ChEMBL,6.958607314841775
CCOc1ccc(Cc2nc3cc(C(=O)N(CC)CC)ccc3n2CC2CCCCC2)cc1,ChEMBL,6.958607314841775
Cc1c(C(=O)NN2CCCCC2)nn(-c2c(Cl)cc(Cl)cc2Cl)c1-n1c(C)ccc1C,ChEMBL,6.958607314841775
CCOC(=O)C(C)(C)Oc1ccc(NC(=O)c2nn(-c3ccc(Cl)cc3Cl)c(-c3ccc(Cl)cc3)c2C)cc1,ChEMBL,6.962573502059376
O=C1[C@@H](Cc2ccc(F)c(F)c2)CC[C@H](c2ccc(Cl)cc2Cl)N1c1ccc(Cl)cc1,ChEMBL,6.962573502059376
O=C1C(Cc2ccc(F)c(F)c2)CCC(c2ccc(Cl)cc2Cl)N1c1ccc(Cl)cc1,GLASS,6.962573502059376
Cc1ccc(C(NC(=O)Cc2ccccc2)NC(=O)Cc2ccccc2)cc1,ChEMBL,6.962573502059376
Cc1c(C(=O)NC2CCCCC2)oc2ccc(S(=O)(=O)N3CC(C)CC(C)C3)cc12,ChEMBL,6.966576244513051
CCCCCn1c(=O)c(C(=O)NC23CC4CC(CC(C4)C2)C3)c(O)c2nn(CCO)cc21,ChEMBL,6.966576244513051
COc1cccc(/N=C2\SCC3(CCCCC3)CN2C(=S)SC)c1,ChEMBL,6.966576244513051
COc1ccc2c3c1OC1C(SC4OC(CO)C(OC(C)=O)C(OC(C)=O)C4OC(C)=O)C=CC4C(C2)N(C)CCC341,GLASS,6.966576244513051
C1=C(CCN2CCOCC2)c2ccccc2/C1=C/c1cccc2cc[nH]c12,ChEMBL,6.97061622231479
S=C(NC1CCCCC1)N1CCN(C(c2ccccc2)c2ccccc2)CC1,ChEMBL,6.97469413473523
Cc1c(C(=O)NN2CCCCC2)nn(-c2ccc(Cl)cc2Cl)c1-c1ccc(C#CCCOC(=O)CCCCCNC(=O)OC(C)(C)C)cc1,ChEMBL,6.97469413473523
COc1ccc(-n2c(-c3ccc(Cl)cc3Cl)nc(C(=O)NN3CCCCC3)c2C)cc1,ChEMBL,6.97469413473523
CCCCCn1cc(C(=O)NC23CC4CC(CC(C4)C2)C3)c(=O)c(C2CC2)c1C,ChEMBL,6.978397283971757
O=C(NC12CC3CC(CC(C3)C1)C2)c1cn2c3c(cccc3c1=O)OCC2Cc1ccccc1,GLASS,6.978810700930062
O=C(NC12CC3CC(CC(C3)C1)C2)c1cn2c3c(cccc3c1=O)OC[C@H]2Cc1ccccc1,ChEMBL,6.978810700930062
CC[C@@H]1COc2cccc3c(=O)c(C(=O)NC4CCCCCC4)cn1c23,ChEMBL,6.978810700930062
Cc1ccc(-c2ncc(C(=O)N[C@@H](CC(C)C)C(N)=O)nc2-c2ccc(C)cc2)cc1,ChEMBL,6.978810700930062
Cc1ccc(-c2ncc(C(=O)NC(CC(C)C)C(N)=O)nc2-c2ccc(C)cc2)cc1,GLASS,6.978810700930062
CCCCCCC(C)NC(=O)c1nn(-c2ccc(Cl)cc2Cl)c(-n2c(C)ccc2C)c1C,ChEMBL,6.980053318321158
Cc1c(C(=O)N2CCC(N)(c3ccccc3)CC2)nn(-c2ccc(Cl)cc2Cl)c1-c1ccc(Cl)cc1,ChEMBL,6.982966660701219
O=C(N[C@H]1CCCC[C@H]1O)c1cnc(OCC2CC2)c(-c2ccc(Cl)cc2)c1,ChEMBL,6.982966660701219
O=C1NC(c2ccc(Br)cc2)(c2ccc(Br)cc2)C(=O)N1CCCO,ChEMBL,6.986320302708807
CCCCNC(=O)N1CCN(C(c2ccccc2)c2ccc(Cl)cc2Cl)CC1,ChEMBL,6.987162775294828
O=C(NC1CCCCC1)c1cn2c3c(cccc3c1=O)OCC2C1CC1,ChEMBL,6.991399828238082
CCCC(=O)n1c2c(c3cc(C(=O)N4CCC(C)CC4)ccc31)CN(C1CCOCC1)CC2,ChEMBL,6.991399828238082
O=C(NC1CCc2ccccc21)c1nc(-c2ccc(Cl)cc2Cl)n(-c2ccc(Cl)cc2)n1,ChEMBL,6.995678626217358
CSC(=S)N1CC2(CCCCC2)CO/C1=N\c1ccc(C#N)c2c1CCCC2,ChEMBL,6.995678626217358
O=C(NN1CCCCC1)c1nn(-c2ccc(Cl)cc2Cl)c2c1CCCc1c-2cccc1[N+](=O)[O-],ChEMBL,7.0
O=C(NC1CCCCCC1)c1cccnc1OCc1ccc(F)cc1,ChEMBL,7.0
CS(=O)(=O)C(=C1CN(C(c2ccc(Cl)cc2)c2ccc(Cl)cc2)C1)c1cc(F)cc(F)c1,ChEMBL,7.0
Cc1c(C(=O)NCc2ccc(Cl)cc2)nn(-c2ccc(Cl)c(Cl)c2)c1-n1c(C)ccc1C,ChEMBL,7.0
CCCCCCC(C)(C)c1cc(O)cc(OCCCCCCCC(=O)NCC2CC2)c1,ChEMBL,7.0
CC(C)(C)/C(N)=N/C(=N/S(=O)(=O)N1CCOCC1)N1CC(c2ccccc2)C(c2ccc(Cl)cc2)=N1,ChEMBL,7.0
CSC(=S)N1CC2(CCCCC2)CS/C1=N\c1cccc(C(C)C)c1,ChEMBL,7.0
COc1ccc(CCNC(=O)c2nn(-c3ccc(F)cc3F)c(-n3c(C)ccc3C)c2C)cc1Cl,ChEMBL,7.00436480540245
CCCCCCCN1C(=O)NC(c2ccc(Br)cc2)(c2ccc(Br)cc2)C1=O,ChEMBL,7.009217308196862
CCCCCCCNC(=O)c1nn(-c2ccc(Cl)cc2Cl)c(-n2c(C)ccc2C)c1C,ChEMBL,7.012333735073725
Cc1c(C(=O)NN2CCCCC2)nn(-c2ccc(Cl)cc2Cl)c1-c1ccc(C#CCCOC(=O)CCCCCCCCCCN)cc1.O=C(O)C(F)(F)F,ChEMBL,7.013228265733755
CCOc1ccccc1CNC(=O)c1oc2ccc(S(=O)(=O)N3CC(C)CC(C)C3)cc2c1C,ChEMBL,7.013228265733755
CCCCCCC(C)(C)c1cc(O)c2c(c1)OC(C)(C)C1CC=C(C=O)CC21,GLASS,7.013228265733755
O=C(N[C@@H]1CCCC[C@H]1O)c1cn(-c2ccc(Cl)cc2)c(-c2ccccc2Cl)n1,ChEMBL,7.013228265733755
Cc1c(C(=O)N[C@@H]2CCCN(C(=O)NC(C)C)C2)nn(-c2ccc(Cl)cc2Cl)c1-c1ccc(Cl)cc1,ChEMBL,7.013228265733755
CCCCCCC(C)(C)c1cc(O)c2c(c1)OC(C)(C)[C@H]1CC=C(C=O)C[C@H]21,ChEMBL,7.013228265733755
CCCCCn1cc(C(=O)c2ccc(C(N)=O)c3ccccc23)c2ccccc21,ChEMBL,7.015022873584507
CC1CCC(NC(=O)c2cc3cc(Br)cnc3n(Cc3ccc(F)cc3)c2=O)CC1,ChEMBL,7.017276612331455
CNC(=O)CCCCC(C)(C)c1ccc(-c2cc(C)cc(C)c2)c(O)c1,ChEMBL,7.017728766960431
Cc1c(C(=O)Nc2ccc(Cl)cc2)nn(-c2ccc(Cl)cc2Cl)c1-n1c(C)ccc1C,ChEMBL,7.017728766960431
CC1=CC[C@@H]2[C@@H](C1)c1c(O)cc(-c3ccc(C)cc3)cc1OC2(C)C,ChEMBL,7.020042106659335
CC1=CCC2C(C1)c1c(O)cc(-c3ccc(C)cc3)cc1OC2(C)C,GLASS,7.020042106659335
CCCCCCn1cc(C(=O)NC2CCCCC2)c(=O)c2ccc(C)nc21,ChEMBL,7.022276394711152
COc1ccccc1-c1nc(C(=O)NC2CCCCC2)cn1-c1ccc(Cl)cc1,ChEMBL,7.022276394711152
CCc1ccc(/N=C2\SCC3(CCCCC3)CN2C(=S)SC)cc1,ChEMBL,7.022276394711152
NS(=O)(=O)NCC1CCC(CNc2ncnc3c2nc(-c2ccccc2Cl)n3-c2ccc(Cl)cc2)CC1,ChEMBL,7.024568191490737
Cc1c(C(=O)NCCCCCCCCCN(C)CCCCCCCCCNC(=O)c2nn(-c3ccc(Cl)cc3Cl)c(-c3ccc(Cl)cc3)c2C)nn(-c2ccc(Cl)cc2Cl)c1-c1ccc(Cl)cc1,ChEMBL,7.026410376572743
CC1CCC(NC(=O)c2nc(-c3ccc(Cl)cc3Cl)n(-c3ccc(Cl)cc3)n2)CC1,ChEMBL,7.026872146400302
CCCCNC(=O)c1oc2ccc(S(=O)(=O)N3CC(C)CC(C)C3)cc2c1C,ChEMBL,7.026872146400302
Cc1c(C(=O)NCCNCCNC(=O)c2nn(-c3ccc(Cl)cc3Cl)c(-c3ccc(Cl)cc3)c2C)nn(-c2ccc(Cl)cc2Cl)c1-c1ccc(Cl)cc1,ChEMBL,7.026872146400302
Cc1c(C(=O)OC(C)(C)C)nc(-c2ccc(Cl)cc2Cl)n1-c1ccc(Cl)cc1,ChEMBL,7.026872146400302
CC(C)(c1ccccc1)c1cc(O)c(-c2cc(Cl)cc(Cl)c2)c(O)c1,ChEMBL,7.028445846553939
CCCn1cc(C(=O)c2ccc(Cl)c3ccccc23)c2ccccc21,ChEMBL,7.031517051446065
CC1(C)[C@H]2CC[C@](C)(C2)[C@@H]1NC(=O)c1ccc(Br)c(S(=O)(=O)N2CCCCC2)c1,ChEMBL,7.031517051446065
CCN(Cc1ccccc1)C(=O)c1oc2ccc(S(=O)(=O)N3CC(C)CC(C)C3)cc2c1C,ChEMBL,7.036212172654444
CCn1nc2c(-c3ccc(Cl)cc3)c(-c3cnn(C)c3)c(=O)n(Cc3ccc(C#N)cc3)n2c1=O,ChEMBL,7.036212172654444
CC1(C)C(C(=O)c2cn(CCC3CCOCC3)c3ccccc23)C1(C)C,ChEMBL,7.0400051616715835
CCCCn1cc(C(=O)C2C(C)(C)C2(C)C)c2ccccc21,ChEMBL,7.040958607678906
Cc1c(C(=O)NCCc2ccc(F)cc2)nn(-c2ccc(Cl)cc2Cl)c1-c1ccc(Cl)cc1,ChEMBL,7.040958607678906
O=C(NC1CCCCCC1)c1cn2c3c(cccc3c1=O)OCC2C1CC1,ChEMBL,7.040958607678906
CCCCCCC(C)(C)c1ccc(-c2cccc(OC)c2)c(O)c1,ChEMBL,7.040958607678906
Cc1ccc(C(=O)NCC23CC4CC(CC(C4)C2)C3)cc1S(=O)(=O)N1CCOCC1,ChEMBL,7.040958607678906
Cc1c(C(=O)NCCC(C)(C)C)nn(-c2ccc(F)cc2F)c1-n1c(C)ccc1C,ChEMBL,7.042392712939905
Cc1c(C(=O)NC2CCCC2)oc2ccc(S(=O)(=O)N3CC(C)CC(C)C3)cc12,ChEMBL,7.045757490560675
Cc1c(C(=O)NCc2ccc(Cl)cc2)nn(-c2ccc(Cl)cc2Cl)c1-n1c(C)ccc1C,ChEMBL,7.045757490560675
Cc1c(C(=O)NC(C)(C)C)nn(-c2ccc(Cl)cc2Cl)c1-n1cccc1,ChEMBL,7.048176964684088
CCCCCCC(C)(C)c1cc(OC)cc(OCCCCCCCC(=O)NCCO)c1,ChEMBL,7.050122295963125
CC1(C)[C@H]2CC[C@](C)(C2)[C@@H]1NC(=O)c1ccc(Br)c(S(=O)(=O)N2CCOCC2)c1,ChEMBL,7.050609993355087
Cc1c(C(=O)NCCCCCN(C)CCCCCN)nn(-c2ccc(Cl)cc2Cl)c1-c1ccc(Cl)cc1,ChEMBL,7.051587034221399
COc1ccc(C(=O)c2cn(CCN3CCOCC3)c3ccccc23)c2ccccc12,ChEMBL,7.055517327849832
CCc1c(C(=O)NCCCCCCCNc2c3c(nc4ccccc24)CCCC3)nc(-c2ccccc2Cl)n1-c1ccc(Cl)cc1,ChEMBL,7.055517327849832
CC(C)[C@@H]1COc2cccc3c(=O)c(C(=O)NC45CC6CC(CC(C6)C4)C5)cn1c23,ChEMBL,7.055517327849832
CCCCCn1cc(C(=O)Nc2ccccc2)c(=O)cc1C(C)(C)C,ChEMBL,7.056011124926228
CCCCCc1cc(OC)cc(OCCCCCCCCCCC(=O)NCCO)c1,ChEMBL,7.057495893831919
CCCCCn1ccc(C(=O)c2cccc3ccccc23)c1,ChEMBL,7.060480747381382
CCCCN1C(=O)C(C(=O)NC23CC4CC(CC(O)(C4)C2)C3)=C(O)C2C1C=NN2C,ChEMBL,7.060980223551334
CCCCCn1cc(C(=O)NN(C)C)c(=O)c2ccc(Sc3ccccc3)cc21,ChEMBL,7.062482107982653
CCCCCCC(C)(C)c1ccccc1C=CCC=CCC=CCCCC(=O)NC(C)CO,GLASS,7.063838259088842
CCCCCCC(C)(C)c1ccccc1/C=C\C/C=C\C/C=C\CCCC(=O)N[C@H](C)CO,ChEMBL,7.063838259088842
CCCCCn1cc(C(=O)NC2CCCCC2)c(=O)c2c(C)csc21,ChEMBL,7.0655015487564325
Cc1c(C(=O)NC2CCN(C(=O)NC(C)C)CC2)nn(-c2ccc(Cl)cc2Cl)c1-c1ccc(Cl)cc1,ChEMBL,7.0655015487564325
CSC(=S)N1CC2(CCCCC2)CS/C1=N\c1cccc2c1CCCN2C,ChEMBL,7.070581074285707
C#CCCCC(=O)OCC(CO)OCCCCC=CCC=CCC=CCC=CCCCCC,GLASS,7.072116589669293
C#CCCCC(=O)OCC(CO)OCCCC/C=C\C/C=C\C/C=C\C/C=C\CCCCC,ChEMBL,7.072116589669293
COc1ccc(S(=O)(=O)c2cc(OC)ccc2S(=O)(=O)c2ccc(C(C)NC(=O)c3ccc(Cl)c(Cl)c3)cc2)cc1,GLASS,7.075720713938118
CN/C(=N\S(=O)(=O)c1ccc(Cl)cc1)C1=NN(c2ccc(Cl)cc2)C(c2ccccc2)C1,ChEMBL,7.075720713938118
COc1ccc(S(=O)(=O)c2cc(OC)ccc2S(=O)(=O)c2ccc([C@H](C)NC(=O)c3ccc(Cl)c(Cl)c3)cc2)cc1,ChEMBL,7.075720713938118
Cc1c(C(=O)NC2CCCC2)nn(-c2ccc(Cl)cc2Cl)c1-n1cccc1,ChEMBL,7.075720713938118
O=C1NCCOc2c1nn(-c1ccccc1Cl)c2-c1ccc(Cl)cc1,ChEMBL,7.080921907623926
C1=C(CCN2CCOCC2)c2ccccc2/C1=C/c1ccccc1-c1ccccc1,ChEMBL,7.081445469449727
COc1cc(C(=O)NC2(C(=O)N[C@H](C)c3ccc(-n4nc(-c5ccccc5)c5ccccc54)cc3F)CC2)on1,ChEMBL,7.086186147616283
COc1cc(C(=O)NC2(C(=O)NC(C)c3ccc(-n4nc(-c5ccccc5)c5ccccc54)cc3F)CC2)on1,GLASS,7.086186147616283
O=C(c1cccc2ccccc12)c1cn(CCN2CCOCC2)c2ccccc12,ChEMBL,7.086186147616283
O=C(NC12CC3CC(CC(C3)C1)C2)c1nc2ccccc2s1,ChEMBL,7.086186147616283
CCCCCn1nc(C(=O)NN2CCCCC2)c(C)c1-c1ccc(Br)cc1,ChEMBL,7.087246696328677
Cc1c(C(=O)NN2CCCCC2)nn(-c2ccc(Cl)cc2Cl)c1-c1ccc(N)cc1,ChEMBL,7.089002283689357
CCCCCNC(=O)c1nn(-c2ccc(Cl)cc2Cl)c(-n2cccc2)c1C,ChEMBL,7.0915149811213505
CCN(CC)c1ccc(CN(c2ccccc2)S(=O)(=O)c2ccc(C)cc2)cc1,ChEMBL,7.0915149811213505
CC1(NC(=O)Nc2ccc(OC(F)F)nc2)CCN(c2ncnc3c2nc(-c2ccccc2Cl)n3-c2ccc(Cl)cc2)CC1,ChEMBL,7.0915149811213505
Cc1c(C(=O)NCCc2ccc(Cl)cc2)nn(-c2ccc(F)cc2F)c1-n1cccc1,ChEMBL,7.096910013008056
CCCCCCC(C)(C)c1ccc(-c2cc(C)cc(C)c2)c(N)c1,ChEMBL,7.096910013008056
Cc1c(C(=O)NC(C)c2ccccc2)nn(-c2ccc(Cl)c(Cl)c2)c1-n1c(C)ccc1C,ChEMBL,7.096910013008056
CCCCCNc1ccc(C(=O)c2c(-c3ccc(OC)cc3)oc3ccccc23)cc1,ChEMBL,7.096910013008056
CC1=CC[C@@H]2[C@@H](C1)c1c(O)cc(CC3C4CC5CC(C4)CC3C5)cc1OC2(C)C,ChEMBL,7.098541678603888
CC1=CCC2C(C1)c1c(O)cc(CC3C4CC5CC(C4)CC3C5)cc1OC2(C)C,GLASS,7.098541678603888
CCCCCCC(C)(C)c1cc(O)c(-c2cc(C)cc(C)c2)c(O)c1,ChEMBL,7.101823516502323
COc1ccc(S(=O)(=O)c2cc(OC)ccc2S(=O)(=O)c2ccc([C@H](C)NS(=O)(=O)Cc3ccccc3)cc2)cc1,ChEMBL,7.102372908709558
COc1ccc(S(=O)(=O)c2ccc([C@H](C)NS(C)(=O)=O)cc2)c(S(=O)(=O)c2ccc(O[11CH3])cc2)c1,ChEMBL,7.102372908709558
COc1ccc(S(=O)(=O)c2cc(OC)ccc2S(=O)(=O)c2ccc(C(C)NS(=O)(=O)Cc3ccccc3)cc2)cc1,GLASS,7.102372908709558
Cc1ccc(CNC(=O)c2oc3ccc(S(=O)(=O)N4CC(C)CC(C)C4)cc3c2C)cc1,ChEMBL,7.102372908709558
C[C@H](CO)NC(=O)CCC/C=C\C/C=C\CCOc1cccc(C(C)(C)CCCCO)c1,ChEMBL,7.102537861986937
CC(CO)NC(=O)CCCC=CCC=CCCOc1cccc(C(C)(C)CCCCO)c1,GLASS,7.102537861986937
CCNC1(C(N)=O)CCN(C(=O)c2nn(-c3ccc(Cl)cc3Cl)c(-c3ccc(Cl)cc3)c2C)CC1,ChEMBL,7.105683937315561
O=C(NN1CCCCCC1)c1cn(-c2ccc(Cl)cc2)c(-c2ccc(Cl)cc2Cl)n1,ChEMBL,7.107905397309519
Cc1c(C(=O)N[C@H]2CCCN(S(C)(=O)=O)C2)nn(-c2ccc(Cl)cc2Cl)c1-c1ccc(Cl)cc1,ChEMBL,7.108462542327436
Cc1ccc(C(=O)NC(C)C23CC4CC(CC(C4)C2)C3)cc1S(=O)(=O)N1CCOCC1,ChEMBL,7.113509274827518
Cc1c(C(=O)NCc2ccccc2)oc2ccc(S(=O)(=O)N3CC(C)CC(C)C3)cc12,ChEMBL,7.113509274827518
CCn1nc2c(-c3ccc(Cl)cc3)c(-c3cnc(N(C)C)nc3)c(=O)n(Cc3ccc(C#N)cc3)n2c1=O,ChEMBL,7.113509274827518
Cc1c(C(=O)NN2CCCCC2)nn(-c2ccc(Cl)cc2Cl)c1-c1ccc(Br)cc1,ChEMBL,7.115204636051019
CC1=CC[C@@H]2[C@@H](C1)c1c(O)cc(C(C)(C)c3ccc(F)cc3)cc1OC2(C)C,ChEMBL,7.118615343229427
CCCCCc1cc(OC)cc(OCCCCCCCC(=O)NCCO)c1,ChEMBL,7.118615343229427
Cc1nc(OCc2ccc(F)cc2)c(C(=O)NC2CCCCCC2)cc1Br,ChEMBL,7.118615343229427
CC1=CCC2C(C1)c1c(O)cc(C(C)(C)c3ccc(F)cc3)cc1OC2(C)C,GLASS,7.118615343229427
CC1CCN(C(=O)c2ccc3c(c2)c2c(n3C)CCN(C3CCOCC3)C2)CC1,ChEMBL,7.119186407719209
CSC(=S)N1CC2(CCCCC2)CO/C1=N\c1ccc(Cl)c2c1CCCC2,ChEMBL,7.119186407719209
Cc1ccc(-c2cc(SNC3CC4CC(C3C)C4(C)C)nnc2-c2ccc(C)cc2)cc1,ChEMBL,7.1220530483708115
CCCCCc1cc(OC)cc(OCCCCCCCCCCC(=O)NCC(F)(F)F)c1,ChEMBL,7.1220530483708115
C/N=C(\NS(=O)(=O)c1ccccc1Cl)N1CC(c2ccccc2)C(c2ccc(Cl)cc2)=N1,ChEMBL,7.122628654130226
N/C(=N\C(=N\S(=O)(=O)N1CCCC1)N1CC(c2ccccc2)C(c2ccc(Cl)cc2)=N1)c1ccc(Cl)cc1,ChEMBL,7.123205023799299
O=C(N[C@@H]1CCC[C@H]1O)c1cn(-c2ccc(Cl)cc2)c(-c2ccccc2Cl)n1,ChEMBL,7.1249387366083
C/N=C(\NS(=O)(=O)N1CCOCC1)N1CC(c2ccccc2)C(c2ccc(Cl)cc2)=N1,ChEMBL,7.1249387366083
Cc1c(C(=O)NCc2ccc(Cl)c(Cl)c2)nn(-c2ccc(Cl)c(Cl)c2)c1-n1cccc1Cl,ChEMBL,7.130181792020672
CN/C(=N\S(=O)(=O)N1CCCCC1)N1CCC(c2ccccc2)C(c2ccc(Cl)cc2)=N1,ChEMBL,7.130768280269024
COc1ccc(-c2c(C)c3c(n2-c2ccccc2C)CCN(N2CCCCC2)C3=O)cc1,ChEMBL,7.130768280269024
Cc1ccc(-c2cc(S(=O)(=O)NC3CC4CC(C3C)C4(C)C)nnc2-c2ccc(C)cc2)cc1,ChEMBL,7.135488918941608
CCCCCn1cc(C(=O)c2cccc3cccc(I)c23)c2ccccc21,ChEMBL,7.136677139879544
O=C(c1cn(CC2CCOCC2)c2ccccc12)C12CC3CC(CC1C3)C2,ChEMBL,7.140021558357979
Fc1ccc(C[C@H]2CC[C@H](c3ccc(Cl)cc3)N(c3ccc(Cl)cc3)C2)cc1F,ChEMBL,7.142667503568732
C/N=C(\NC(=O)c1ccc(Cl)cc1)N1CC(c2ccccc2)C(c2ccc(Cl)cc2)=N1,ChEMBL,7.151195298948196
CCCCCc1cc(OC)c2cc(Cc3ccccn3)c(=O)oc2c1,ChEMBL,7.153044674980176
O=C1NC(c2ccc(Br)cc2)(c2ccc(Br)cc2)C(=O)N1CCN1CCOCC1,ChEMBL,7.153044674980176
Cc1c(C(=O)NCc2ccc(Cl)cc2)nn(-c2ccc(Cl)c(Cl)c2)c1-n1cccc1,ChEMBL,7.154901959985743
O=C(NC1CCCCC1)c1cccn(Cc2ccc(F)cc2)c1=O,ChEMBL,7.154901959985743
CCCCCC1=NN(C(=O)Nc2ccccc2C(F)(F)F)CC1c1ccccc1,ChEMBL,7.154901959985743
Cc1c(C(=O)NCCc2ccc(Cl)cc2)nn(-c2ccc(Cl)cc2Cl)c1-n1cccc1,ChEMBL,7.154901959985743
CC1CCC(NC(=O)c2cccn(Cc3ccc(F)cc3)c2=O)CC1,ChEMBL,7.154901959985743
CC1(C)C(C(=O)c2cn(CC3CCOCC3)c3cc(C(F)(F)F)ccc23)C1(C)C,ChEMBL,7.160019442321658
O=C(N[C@@H](C(=O)O)c1ccccc1)c1cc2c(n(CC3CCCCC3)c1=O)CCCCCC2,ChEMBL,7.161150909262744
CC(C)CCn1c(=O)n(C(=O)NC(C(N)=O)C(C)(C)C)c2ccccc21,GLASS,7.161150909262744
CCCCN1C(=O)C(C(=O)NC23CC4CC(CC(C4)C2)C3)=C(O)C2C1C=NN2C,ChEMBL,7.161150909262744
CC(C)CCn1c(=O)n(C(=O)N[C@H](C(N)=O)C(C)(C)C)c2ccccc21,ChEMBL,7.161150909262744
CCCCCC1=NN(C(=O)NC23CC4CC(CC(C4)C2)C3)CC1c1ccccc1,ChEMBL,7.167491087293763
CCCCCCC(C)(C)c1cc(C#N)c2c(c1)OC(C)(C)C1CCC(C)=CC21,GLASS,7.168770306132937
CCCCCCC(C)(C)c1cc(C#N)c2c(c1)OC(C)(C)[C@@H]1CCC(C)=C[C@@H]21,ChEMBL,7.168770306132937
O=C(N[C@@H]1CCCC[C@H]1O)c1cnc(OCC2CC2)c(-c2cc(C(F)(F)F)ccc2Cl)c1,ChEMBL,7.169411331314856
O=C(NC1CCCCC1O)c1cnc(OCC2CC2)c(-c2cc(C(F)(F)F)ccc2Cl)c1,GLASS,7.169411331314856
CC1=CC[C@@H]2[C@@H](C1)c1c(O)cc(Cc3ccccc3)cc1OC2(C)C,ChEMBL,7.1700533040583645
CC1=CCC2C(C1)c1c(O)cc(Cc3ccccc3)cc1OC2(C)C,GLASS,7.1700533040583645
O=C(NC1CCCCC1)c1cc2ccccc2n(Cc2ccccc2)c1=O,ChEMBL,7.173925197299173
CC1CCC(NC(=O)c2cc3cc(-c4ccc(F)cc4)cnc3n(CCN3CCOCC3)c2=O)CC1,ChEMBL,7.175874166083451
COc1ccc(-c2cc(C(=O)N[C@@H]3CCCC[C@H]3O)cnc2OCC2CC2)cc1,ChEMBL,7.1778319206319825
COc1ccc(-c2cc(C(=O)NC3CCCCC3O)cnc2OCC2CC2)cc1,GLASS,7.1778319206319825
CCS(=O)(=O)n1c2c(c3cc(C(=O)N4CCC(C)CC4)ccc31)CN(C1CCCC1)C2,ChEMBL,7.178486471595227
Cc1c(C(=O)NCc2ccc(Cl)c(Cl)c2)nn(-c2ccc(Cl)cc2Cl)c1-n1c(Cl)ccc1Cl,ChEMBL,7.179798540514359
CC(NC(=O)c1nc(-c2ccc(Cl)cc2Cl)n(-c2ccc(Cl)cc2)n1)c1ccc(Cl)cc1,ChEMBL,7.180456064458132
CC1(C)C(C(=O)c2cn(CC3CCOCC3)c3c(F)c(F)c(F)c(F)c23)C1(C)C,ChEMBL,7.180456064458132
O=C(NN1CC2CCCC2C1)c1cn(-c2ccc(Cl)cc2)c(-c2ccc(Cl)cc2Cl)n1,ChEMBL,7.180456064458132
CCOC(=O)N1CCC[C@H](NC(=O)c2nn(-c3ccc(Cl)cc3Cl)c(-c3ccc(Cl)cc3)c2C)C1,ChEMBL,7.183758700008217
CC(=O)N1CCC(NC(=O)c2nn(-c3ccc(Cl)cc3Cl)c(-c3ccc(Cl)cc3)c2C)CC1,ChEMBL,7.185086818724926
CCCCCc1cc(O)c2c(c1)OC(C)(C)C1CC(O)C(C)=CC21,GLASS,7.187086643357144
CCCCCc1cc(O)c2c(c1)OC(C)(C)[C@@H]1C[C@@H](O)C(C)=C[C@@H]21,ChEMBL,7.187086643357144
CCOC(=O)C(C)(C)Oc1cccc(NC(=O)c2nn(-c3ccc(Cl)cc3Cl)c(-c3ccc(Cl)cc3)c2C)c1,ChEMBL,7.187086643357144
CCCCCCC(C)(C)c1cc(OCCO)c2c(c1)OC(C)(C)c1cn[nH]c1-2,ChEMBL,7.188424994129407
O=C(NC1CCCCC1)c1c(O)c2cccnc2n(CCN2CCOCC2)c1=O,ChEMBL,7.189767482004916
Cc1c(C(=O)NN2CCCCCC2)nc(-c2ccc(Cl)cc2Cl)n1-c1ccc(Cl)cc1,ChEMBL,7.1938200260161125
CCCCCn1cc(C(=O)NCCN2CCOCC2)c(=O)c2ccc(Sc3ccccc3)cc21,ChEMBL,7.199282921717615
CCCCCn1cc(C(=O)Nc2ccc3ccccc3c2)c2ccccc21,ChEMBL,7.199970640755866
COc1ccc(-c2cc(C(=O)NC3CCCCCC3)c(=O)n(Cc3ccc(F)cc3)c2)cc1,ChEMBL,7.200659450546418
O=C(NCc1ccc(Cl)cc1)[C@@H]1CC[C@@H](c2ccc(Cl)cc2Cl)N(c2ccc(Cl)cc2)C1,ChEMBL,7.200659450546418
O=C(NCc1ccc(Cl)cc1)C1CCC(c2ccc(Cl)cc2Cl)N(c2ccc(Cl)cc2)C1,GLASS,7.200659450546418
O=C(NN1CCCCC1)c1nn(-c2ccc(Cl)cc2Cl)c2c1CCCc1cc([N+](=O)[O-])ccc1-2,ChEMBL,7.201004265556119
CC(=O)NC1(c2ccccc2)CCN(C(=O)c2nn(-c3ccc(Cl)cc3Cl)c(-c3ccc(Cl)cc3)c2C)CC1,ChEMBL,7.20342566678957
COc1ccc(-c2c(C)c(C(=O)NC3(C#N)CCOCC3)nn2-c2ccccc2Br)cc1,ChEMBL,7.206209615309182
Cc1c(C(=O)NCc2ccc(F)cc2)oc2ccc(S(=O)(=O)N3CC(C)CC(C)C3)cc12,ChEMBL,7.2076083105017466
N#C/C(=C\c1cn(CCN2CCOCC2)c2ccccc12)S(=O)(=O)c1ccccc1,ChEMBL,7.2076083105017466
O=C(c1cn(CC2CCOCC2)c2ccccc12)C1CC12CCCCC2,GLASS,7.209996479609511
O=C(c1cn(CC2CCOCC2)c2ccccc12)[C@@H]1CC12CCCCC2,ChEMBL,7.209996479609511
N#Cc1ccccc1CSc1nnc2c3ccccc3n(Cc3ccccc3)c2n1,ChEMBL,7.214670164989233
NCC[C@@H]1CC[C@@H](c2ccc(Cl)cc2Cl)N(c2ccc(Cl)cc2)C1,ChEMBL,7.214670164989233
NCCC1CCC(c2ccc(Cl)cc2Cl)N(c2ccc(Cl)cc2)C1,GLASS,7.214670164989233
O=C1NCCc2c1nn(-c1ccccc1Cl)c2-c1ccc(Cl)cc1,ChEMBL,7.214670164989233
Cc1c(C(=O)Nc2cc[n+]([O-])cc2)nn(-c2ccc(Cl)cc2Cl)c1-c1ccc(Cl)cc1,ChEMBL,7.214670164989233
CC(=O)NC(C)c1ccc(S(=O)(=O)c2ccc(Cl)cc2S(=O)(=O)c2ccccc2F)cc1,GLASS,7.2168113089247425
CC(=O)N[C@@H](C)c1ccc(S(=O)(=O)c2ccc(Cl)cc2S(=O)(=O)c2ccccc2F)cc1,ChEMBL,7.2168113089247425
Cc1c(C(=O)NN2CCCCC2)nn(-c2ccc(Cl)cc2)c1-c1ccc(Cl)cc1,ChEMBL,7.219034970391683
CCCCCCc1ccc(O)cc1OCCCCCCCCCCC(=O)OC(CO)CO,ChEMBL,7.221848749616356
CCCCCc1cc(O)cc(OCCCCCCCCCCCC(=O)NCCO)c1,ChEMBL,7.221848749616356
Cc1c(C(=O)NN2CCCCC2)nc(-c2ccc(Cl)cc2Cl)n1-c1ccc(Br)cc1,ChEMBL,7.221848749616356
O=C(NC1CCCCC1)N1CCN(C(c2ccccc2)c2ccc(Cl)c(Cl)c2)CC1,ChEMBL,7.221848749616356
Cc1c(C(=O)NCCCCCCCNS(C)(=O)=O)nn(-c2ccc(Cl)cc2Cl)c1-c1ccc(Cl)cc1,ChEMBL,7.221848749616356
CCN(CC)S(=O)(=O)N/C(=N\C(C)C)N1CC(c2ccccc2)C(c2ccc(Cl)cc2)=N1,ChEMBL,7.221848749616356
CC1=CC[C@@H]2[C@@H](C1)c1c(O)cc(C(C)(C)CCCCC(=O)NCc3ccc(S(N)(=O)=O)cc3)cc1OC2(C)C,ChEMBL,7.221848749616356
CC1=CCC2C(C1)c1c(O)cc(C(C)(C)CCCCC(=O)NCc3ccc(S(N)(=O)=O)cc3)cc1OC2(C)C,GLASS,7.221848749616356
Cc1c(C(=O)N(C)Cc2ccccc2)oc2ccc(S(=O)(=O)N3CC(C)CC(C)C3)cc12,ChEMBL,7.229147988357855
COc1ccccc1/N=C1\OCC2(CCCCC2)CN1C(=S)SC,ChEMBL,7.229147988357855
Cc1ccc(-c2ncc(C(=O)NCC3CCCCC3)nc2-c2ccc(C)cc2)cc1,ChEMBL,7.229147988357855
CCCCc1sc(NC(=O)C23CC4CC(CC(C4)C2)C3)c(C(=O)OC)c1C,ChEMBL,7.229958445680332
O=C(NC1CCCCC1O)c1cnc(OCc2ccncc2)c(-c2ccc(Cl)cc2)c1,GLASS,7.231361898752385
O=C(N[C@@H]1CCCC[C@H]1O)c1cnc(OCc2ccncc2)c(-c2ccc(Cl)cc2)c1,ChEMBL,7.231361898752385
C=C(C)C1CCC(C)=C[C@H]1c1c(O)cc(C2(CCCCCC)CC2)cc1O,ChEMBL,7.231509894828755
C=C(C)C1CCC(C)=CC1c1c(O)cc(C2(CCCCCC)CC2)cc1O,GLASS,7.231509894828755
CCCCCn1cc(C(=O)NC(CC)CO)c(=O)c2ccc(Sc3ccccc3)cc21,ChEMBL,7.235077015350112
Cc1c(C(=O)NCc2ccccc2Cl)oc2ccc(S(=O)(=O)N3CC(C)CC(C)C3)cc12,ChEMBL,7.236572006437063
CN/C(=N\S(=O)(=O)N1CCCCC1)N1C[C@H](c2ccccc2)C(c2ccc(Cl)cc2)=N1,ChEMBL,7.236572006437063
CC(NS(=O)(=O)C(F)(F)F)c1ccc(S(=O)(=O)c2ccc(Cl)cc2S(=O)(=O)N2CCCCC2)cc1,GLASS,7.236572006437063
COc1ccccc1CNC(=O)c1oc2ccc(S(=O)(=O)N3CC(C)CC(C)C3)cc2c1C,ChEMBL,7.236572006437063
C[C@H](NS(=O)(=O)C(F)(F)F)c1ccc(S(=O)(=O)c2ccc(Cl)cc2S(=O)(=O)N2CCCCC2)cc1,ChEMBL,7.236572006437063
CCCn1c2c(c3cc(C(=O)N4CCC(C)CC4)ccc31)CN(C1CCOCC1)CC2,ChEMBL,7.236572006437063
CN/C(=N\S(=O)(=O)N1CCC(C(F)(F)F)CC1)C1=NN(c2ccc(Cl)cc2)[C@H](c2ccccc2)C1,ChEMBL,7.236572006437063
O=C(NCCC(c1ccccc1)c1ccccc1)C(c1ccccc1)c1ccccc1,ChEMBL,7.236572006437063
CCCc1ccc(-c2cc(O)c3c(c2)OC(C)(C)C2CC=C(C)CC32)cc1,GLASS,7.2400301424456925
CCCc1ccc(-c2cc(O)c3c(c2)OC(C)(C)[C@@H]2CC=C(C)C[C@@H]32)cc1,ChEMBL,7.2400301424456925
CC(C)(C)CCN1CCN(CC2CCC(c3ccc(Cl)cc3Cl)N(c3ccc(Cl)cc3)C2)CC1,GLASS,7.2441251443275085
Cl.NC1CCCOc2c1nn(-c1ccccc1Cl)c2-c1ccc(Cl)cc1,ChEMBL,7.2441251443275085
CC(C)(C)CCN1CCN(C[C@@H]2CC[C@@H](c3ccc(Cl)cc3Cl)N(c3ccc(Cl)cc3)C2)CC1,ChEMBL,7.2441251443275085
NC1CCCOc2c1nn(-c1ccccc1Cl)c2-c1ccc(Cl)cc1,GLASS,7.2441251443275085
CCCCCCC1(c2cc(O)c3c(c2)OC(C)(C)[C@@H]2CC=C(C)C[C@@H]32)Sc2ccccc2S1,ChEMBL,7.244887733604929
CCCCCCC1(c2cc(O)c3c(c2)OC(C)(C)C2CC=C(C)CC32)Sc2ccccc2S1,GLASS,7.244887733604929
Cc1c(C(=O)NCc2ccc(Cl)cc2)nn(-c2ccc(F)cc2F)c1-n1c(C)ccc1C,ChEMBL,7.251811972993799
O=C(NC1CCCCC1)c1cc2cccnc2n(Cc2ccc(F)cc2)c1=O,ChEMBL,7.251811972993799
CCCCCCc1ccc(OCCCCCCCC(=O)NC2CC2)cc1O,ChEMBL,7.251811972993799
C=CCn1c2c(c3cc(C(=O)N4CCC(C)CC4)ccc31)CN(C1CCCCC1)CC2,ChEMBL,7.251811972993799
Cc1c(C(=O)NC2CCCCCC2)nn(-c2ccc(Cl)cc2Cl)c1-n1c(C)ccc1C,ChEMBL,7.251811972993799
CCCCCN1C(=O)C(C(=O)NC23CC4CC(CC(C4)C2)C3)=C(O)C2C1C=NN2C,ChEMBL,7.251811972993799
O=C(N1CCCCC1)N1CCN(C(c2ccccc2)c2ccc(Cl)cc2Cl)CC1,ChEMBL,7.251811972993799
Cc1c(C(=O)NC2CCCCCC2)nn(-c2ccc(F)cc2F)c1-n1c(C)ccc1C,ChEMBL,7.251811972993799
O=C(NC1CCCCCC1)c1cccn(Cc2ccccc2)c1=O,ChEMBL,7.251811972993799
Cc1c(C(=O)NC2CCCCC2)nn(-c2ccc(Cl)cc2Cl)c1-n1cccc1,ChEMBL,7.251811972993799
Cc1c(C(=O)NCc2ccc(Cl)c(Cl)c2)nn(-c2ccc(Cl)c(Cl)c2)c1-n1c(Cl)ccc1Cl,ChEMBL,7.2549252084179425
Cc1c(C(=O)NN2CCCCC2)nc(-c2ccc(Cl)cc2Cl)n1-c1ccc(Cl)cn1,ChEMBL,7.259637310505756
Cc1c(C(=O)NC2(C#N)CCOCC2)nn(-c2ccccc2Br)c1-c1ccc(F)cc1,ChEMBL,7.259637310505756
O=C(NC1CCCCCC1)c1cccn(Cc2ccc(Cl)cc2)c1=O,ChEMBL,7.259637310505756
CN/C(=N\S(=O)(=O)N1CCC(F)CC1)C1=NN(c2ccc(Cl)cc2)C(c2ccccc2)C1,ChEMBL,7.259637310505756
CCCCCCC(C)(C)c1cc(O)c2c(c1)OC(C)(C)c1cn(CCO)nc1-2,ChEMBL,7.26440110030182
C/N=C(\NS(=O)(=O)c1c(C)cc(C)cc1C)N1CC(c2ccccc2)C(c2ccc(Cl)cc2)=N1,ChEMBL,7.266000713461613
Cc1c(C(=O)NCCCCCCCCCNCCCCCCCCCNC(=O)c2nn(-c3ccc(Cl)cc3Cl)c(-c3ccc(Cl)cc3)c2C)nn(-c2ccc(Cl)cc2Cl)c1-c1ccc(Cl)cc1,ChEMBL,7.266802734893431
O=S(=O)(/N=C(\NCCCCCCCNc1c2c(nc3ccccc13)CCCC2)N1CC(c2ccccc2)C(c2ccc(Cl)cc2)=N1)c1ccc(Cl)cc1,ChEMBL,7.267606240177032
Cc1c(C(=O)NCCc2ccc(Cl)c(Cl)c2)nn(-c2ccc(F)cc2F)c1-n1c(C)ccc1C,ChEMBL,7.267606240177032
CCCCCn1c(C)c(C(=O)c2cccc3cccc(Br)c23)c2ccccc21,ChEMBL,7.267606240177032
CNC(=O)CCCN(C)C(=O)c1ccc2c(c1)c1c(n2C)CCC(C2CCOCC2)C1,ChEMBL,7.270025714300444
CCCCCCC(C)(C)c1cc(OC)cc(OCCCCCCCC(=O)NCC(F)(F)F)c1,ChEMBL,7.2716462179787715
CCCCC/C=C\C/C=C\C/C=C\CCCCCCC(=O)NCCO,ChEMBL,7.272458742971444
CCCCCC=CCC=CCC=CCCCCCCC(=O)NCCO,GLASS,7.272458742971444
CCc1c(C(=O)NCc2ccc(Cl)c(Cl)c2)nn(-c2ccc(Cl)cc2Cl)c1-n1c(C)ccc1C,ChEMBL,7.274905478918531
CCCCCC=CCC=CCC=CCC=CCCC(C)C(=O)NCCO,GLASS,7.275724130399211
CCCCC/C=C\C/C=C\C/C=C\C/C=C\CCC(C)C(=O)NCCO,ChEMBL,7.275724130399211
CN/C(=N\S(=O)(=O)c1cccc(Cl)c1)C1=NN(c2ccc(Cl)cc2Cl)C(c2ccccc2)C1,ChEMBL,7.275724130399211
Cc1ccc(-c2ncc(C(=O)NN3CCCCC3)nc2-c2ccc(C)cc2)cc1,ChEMBL,7.275724130399211
Cc1c(C(C)(C)C)s/c(=N\C(=O)c2ccc(Br)cc2)n1CC1CC1,ChEMBL,7.275724130399211
CC1CCC(NC(=O)c2cc3cc(-c4ccco4)cnc3n(CCN3CCOCC3)c2=O)CC1,ChEMBL,7.276544327964814
CC(=O)SC(CCc1ccccc1)[C@H]1C(=O)N(c2ccc(F)cc2)[C@@H]1c1ccc(O)cc1,ChEMBL,7.277366077466188
N=C(NS(=O)(=O)c1ccc(F)cc1)N1CC(c2ccccc2)C(c2ccc(Cl)cc2)=N1,ChEMBL,7.279014255846261
COC(=O)c1ccc(C(=O)c2cn(CCN3CCOCC3)c3ccccc23)c2ccccc12,ChEMBL,7.280668713016273
CCCCCn1cc(C(=O)NC2CCCCCC2)c(=O)c2c(C)csc21,ChEMBL,7.2839966563652006
O=C(NC1CCCCC1)N1CCN(C(c2ccccc2)c2ccccc2)CC1,ChEMBL,7.2839966563652006
Cc1c(C(=O)Nc2cccc(O)c2)nn(-c2ccc(Cl)cc2Cl)c1-c1ccc(Cl)cc1,ChEMBL,7.2839966563652006
Cc1c(C(=O)NN2CCCCC2)nc(-c2ccc(Cl)cc2Cl)n1-c1ccc(F)cc1,ChEMBL,7.2839966563652006
CCCCCC1=NN(C(=O)NC2CCCCC2)CC1c1ccccc1,ChEMBL,7.2839966563652006
O=C(NC1CCCCC1O)c1cnc(OCc2ncccn2)c(-c2ccc(Cl)cc2)c1,GLASS,7.287350298372789
O=C(N[C@@H]1CCCC[C@H]1O)c1cnc(OCc2ncccn2)c(-c2ccc(Cl)cc2)c1,ChEMBL,7.287350298372789
CCCCCn1cc(C(=O)NC23CC4CC(CC(C4)C2)C3)c(=O)cc1-c1cccc(Cl)c1,ChEMBL,7.29073003902417
CN(CC1CC1)c1ncc(C(=O)NC2CCCCC2O)cc1-c1ccc(Cl)cc1,GLASS,7.291579099865287
CN(CC1CC1)c1ncc(C(=O)N[C@@H]2CCCC[C@H]2O)cc1-c1ccc(Cl)cc1,ChEMBL,7.291579099865287
CCSc1c(C(=O)NN2CCCCC2)nc(-c2ccc(Cl)cc2Cl)n1-c1ccc(Cl)cc1,ChEMBL,7.292429823902063
CCOc1ccc(Cn2c3c(c4cc(C(=O)N5CCC(C)CC5)ccc42)CN(C2CCOCC2)CC3)cc1,ChEMBL,7.292429823902063
CCCCCC1=NN(C(=O)NCc2ccccc2)CC1c1ccccc1,ChEMBL,7.292429823902063
O=C(Nc1ccc(C(F)(F)F)nc1)NC1CCN(c2ncnc3c2nc(-c2ccccc2Cl)n3-c2ccc(Cl)cc2)CC1,ChEMBL,7.292429823902063
CCCCCCC(C)(C)c1cc(O)cc(OCCCCCCCC(=O)NCCO)c1,ChEMBL,7.299988937677887
Cc1ccc(-c2ncc(C(=O)NC3CCCCC3CO)nc2-c2ccc(C)cc2)cc1,GLASS,7.301029995663981
Cc1c(C(=O)NC2CCCC2)nn(-c2ccc(Cl)c(Cl)c2)c1-n1cccc1,ChEMBL,7.301029995663981
Cc1ccc(C(=O)N[C@H]2CC3CC[C@@]2(C)C3(C)C)cc1S(=O)(=O)N1CCOCC1,ChEMBL,7.301029995663981
Cc1cccc(-c2nnc(SCC(=O)NC3CCCCC3)n2Cc2ccccc2)c1,ChEMBL,7.301029995663981
CCCCCN(CCCCC)C(=O)c1ccccc1C(=O)Nc1ccc(Br)cc1,ChEMBL,7.301029995663981
Cc1ccc(-c2ncc(C(=O)N[C@@H]3CCCC[C@H]3CO)nc2-c2ccc(C)cc2)cc1,ChEMBL,7.301029995663981
CCOc1ccc(N(CC(=O)N[C@@H](C)CC)S(=O)(=O)c2ccc(Br)cc2)cc1,ChEMBL,7.301029995663981
CCc1ccccc1NC(=O)CSc1nnc(-c2ccccc2OC)n1-c1ccccc1,ChEMBL,7.301029995663981
COc1ccc(OC)c(N(CC(=O)NCc2ccncc2)S(=O)(=O)c2ccc(C)cc2)c1,ChEMBL,7.301029995663981
CCCCSc1nc2c(c(=O)n1CCc1ccccc1)C1(CCCC1)Cc1ccccc1-2,ChEMBL,7.301029995663981
CCCCCCc1cc(O)c2c(c1)OC(C)(C)C1=C2CCN(C)C1,ChEMBL,7.301029995663981
O=C(c1ccc2c(c1)OC(c1ccccc1)(c1ccccc1)O2)N1CCOCC1,ChEMBL,7.301029995663981
Cc1c(C(=O)NCCc2ccc(Cl)cc2)nn(-c2ccc(F)cc2F)c1-n1c(C)ccc1C,ChEMBL,7.301029995663981
Cc1c(-c2ccc(F)cc2)cc(C(=O)NC2CCCCCC2)c(=O)n1Cc1ccc(F)cc1,ChEMBL,7.30715308072277
CSC(=O)N1CC2(CCCCC2)CS/C1=N\c1cccc2ccccc12,ChEMBL,7.309803919971486
CCCCCCC(C)(C)c1ccc(-c2cccc(C)c2C)c(O)c1,ChEMBL,7.309803919971486
CCc1c(C(=O)NCc2ccc(Cl)c(Cl)c2)nn(-c2ccc(Cl)cc2Cl)c1-n1cccc1,ChEMBL,7.3124710387853655
CC1=CC[C@@H]2[C@@H](C1)c1c(O)cc(C=C3C4CC5CC(C4)CC3C5)cc1OC2(C)C,ChEMBL,7.313363730737707
N#Cc1c(Oc2cccc(OS(=O)(=O)CCCC(F)(F)F)c2)cccc1C(F)(F)F,ChEMBL,7.316052869248487
C=CCn1cc(C(=O)NC23CC4CC(CC(C4)C2)C3)c2cc(-c3ccccc3)ccc21,ChEMBL,7.31695296176115
CCCS(=O)(=O)NC[C@@H]1CC[C@@H](c2ccc(Cl)cc2Cl)N(c2ccc(Cl)cc2)C1,ChEMBL,7.318758762624412
CCc1c(C(=O)NC2CCCCC2)nn(-c2ccc(Cl)c(Cl)c2)c1-n1c(C)ccc1C,ChEMBL,7.318758762624412
CCCCCc1cc2c(c(OS(=O)(=O)c3ccc(C)cc3)c1)[C@@H]1CC(C)(OO)C=C[C@H]1C(C)(C)O2,ChEMBL,7.318758762624412
CCCS(=O)(=O)NCC1CCC(c2ccc(Cl)cc2Cl)N(c2ccc(Cl)cc2)C1,GLASS,7.318758762624412
CCc1c(C(=O)NCCCCNc2c3c(nc4ccccc24)CCCC3)nc(-c2ccccc2Cl)n1-c1ccc(Cl)cc1,ChEMBL,7.318758762624412
CC1(C)C(C(=O)c2cn(Cc3ccncc3)c3ccccc23)C1(C)C,ChEMBL,7.320027305722581
CCC(C)(C)NC(=O)c1nn(-c2ccc(Cl)cc2Cl)c(-n2cccc2)c1C,ChEMBL,7.3223930472795065
Cc1c(C(=O)N2CCC(NC(=O)NC(C)(C)C)(c3ccccc3)CC2)nn(-c2ccc(Cl)cc2Cl)c1-c1ccc(Cl)cc1,ChEMBL,7.326979092871103
CCCCCc1cc2c(c(O)c1C(=O)O)[C@@H]1C=C(COC(C)=O)CC[C@H]1C(C)(C)O2,ChEMBL,7.327902142064283
Clc1ccc(-n2c(-c3ccccc3Cl)nc3c(N4CCC(c5nc6ccccc6[nH]5)CC4)ncnc32)cc1,ChEMBL,7.327902142064283
CN/C(=N\S(=O)(=O)N1CCC(F)(F)CC1)N1CCC(c2ccccc2)C(c2ccc(Cl)cc2)=N1,ChEMBL,7.327902142064283
CCCCCc1cc2c(c(O)c1C(=O)O)C1C=C(COC(C)=O)CCC1C(C)(C)O2,GLASS,7.327902142064283
Cc1c(NC(=O)N2CCCCC2)nn(-c2ccc(Cl)cc2Cl)c1-c1ccc(Br)cc1,ChEMBL,7.327994554977048
Cc1cccc(-c2c(O)cc(C(C)(C)c3ccccc3)cc2O)c1,ChEMBL,7.330590132712217
CO[C@H]1CCCN1C(=O)c1cc2c(cc1F)OC(c1ccc(F)cc1F)(c1ccc(F)cc1F)O2,ChEMBL,7.337242168318426
CNC1CCCOc2c1nn(-c1ccccc1Cl)c2-c1ccc(Cl)cc1.Cl,ChEMBL,7.337242168318426
CNC1CCCOc2c1nn(-c1ccccc1Cl)c2-c1ccc(Cl)cc1,GLASS,7.337242168318426
Cc1c(C(=O)NCc2ccc(Cl)c(Cl)c2)nn(-c2ccc(Cl)cc2Cl)c1-n1cc2c(c1)CCCC2,ChEMBL,7.338187314462739
Cc1c(C(=O)NCCC(C)(C)C)nn(-c2ccc(Cl)cc2Cl)c1-n1cccc1,ChEMBL,7.341035157335565
Cc1ccc(-c2ncc(C(=O)N[C@H](CO)CC(C)C)nc2-c2ccc(C)cc2)cc1,ChEMBL,7.346787486224656
Cc1c(C(=O)NN2CCCCC2)nn(-c2ccc(Cl)cc2Cl)c1-c1ccc(C#CCCOC(=O)CCCCC(=O)OC(C)(C)C)cc1,ChEMBL,7.346787486224656
Cc1ccc(-c2ncc(C(=O)NC(CO)CC(C)C)nc2-c2ccc(C)cc2)cc1,GLASS,7.346787486224656
CCCCCc1cc(OC)c2cc(Cc3cccc(OC)c3)c(=O)oc2c1,ChEMBL,7.346787486224656
CCCCC1=NN(C(=O)NC(C)(C)c2ccc(F)cc2)CC1c1cccc(F)c1,ChEMBL,7.347753658996677
COc1cccc2c(C(=O)C3C(C)(C)C3(C)C)cn(CC3CCOCC3)c12,ChEMBL,7.349984047528161
Cc1ccc(-c2cc(SNC3CC4CCC3(C)C4(C)C)nnc2-c2ccc(C)cc2)cc1,ChEMBL,7.350665141287858
CN(CC(=O)NC1CC1)C(=O)c1ccc2c(c1)c1c(n2C)CCC(C2CCOCC2)C1,ChEMBL,7.351639989019068
CS(=O)(=O)NCC1CCC(CNc2ncnc3c2nc(-c2ccccc2Cl)n3-c2ccc(Cl)cc2)CC1,ChEMBL,7.351639989019068
CCS(=O)(=O)N1CCC(NC(=O)c2nn(-c3ccc(Cl)cc3Cl)c(-c3ccc(Cl)cc3)c2C)CC1,ChEMBL,7.35261702988538
CSC(=S)N1CC2(CCCCC2)CS/C1=N\c1cccc2nsnc12,ChEMBL,7.356547323513812
O=S(=O)(C1CC1)N1CCN(C[C@@H]2CC[C@@H](c3ccc(Cl)cc3Cl)N(c3ccc(Cl)cc3)C2)CC1,ChEMBL,7.356547323513812
O=S(=O)(C1CC1)N1CCN(CC2CCC(c3ccc(Cl)cc3Cl)N(c3ccc(Cl)cc3)C2)CC1,GLASS,7.356547323513812
CCCCOc1ncc(C(=O)N[C@@H]2CCCC[C@H]2O)cc1-c1ccc(Cl)cc1,ChEMBL,7.3585258894959
CCCCOc1ncc(C(=O)NC2CCCCC2O)cc1-c1ccc(Cl)cc1,GLASS,7.3585258894959
Cc1c(C(=O)NC2CCN(S(=O)(=O)CC(C)C)CC2)nn(-c2ccc(Cl)cc2Cl)c1-c1ccc(Cl)cc1,ChEMBL,7.361510743045363
Cc1c(C(=O)NC2CCN(S(=O)(=O)c3ccccc3)CC2)nn(-c2ccc(Cl)cc2Cl)c1-c1ccc(Cl)cc1,ChEMBL,7.366531544420414
CCCCCn1cc(C(=O)NC23CC4CC(CC(C4)C2)C3)c(=O)c2c(C)c(C)sc21,ChEMBL,7.366531544420414
O=C(NCC1CCCCC1)N1CCN(c2ncnc3c2nc(-c2ccccc2Cl)n3-c2ccc(Cl)cc2)CC1,ChEMBL,7.366531544420414
CN/C(=N\S(=O)(=O)c1ccc(Cl)cc1)N1CCC(c2ccccc2)C(c2ccc(Cl)cc2)=N1,ChEMBL,7.366531544420414
CC(C)(O)CN/C(=N\S(=O)(=O)c1ccc(Cl)cc1)N1CC(c2ccccc2)C(c2ccc(Cl)cc2)=N1,ChEMBL,7.366531544420414
O=C(NC1CCCCCC1)c1cccn(Cc2ccc(F)cc2)c1=O,ChEMBL,7.366531544420414
O=[N+]([O-])CC(c1ccccc1)c1c(-c2ccsc2)[nH]c2ccccc12,ChEMBL,7.366531544420414
Cc1c(C(=O)N2CCC(NC(=O)NCc3ccccc3)(c3ccccc3)CC2)nn(-c2ccc(Cl)cc2Cl)c1-c1ccc(Cl)cc1,ChEMBL,7.366531544420414
CCCCCc1cc(OC(C)=O)c2c(c1)OC(C)(C)[C@@H]1CC=C(C)C[C@@H]21,ChEMBL,7.366531544420414
O=C(NC1CCCCC1O)c1cnc(OCC2CC2)c(-c2ccc(F)cc2)c1,GLASS,7.368556230986828
O=C(N[C@@H]1CCCC[C@H]1O)c1cnc(OCC2CC2)c(-c2ccc(F)cc2)c1,ChEMBL,7.368556230986828
Cc1c(C(=O)N2CCC(NC(=O)OC(C)(C)C)(c3ccccc3)CC2)nn(-c2ccc(Cl)cc2Cl)c1-c1ccc(Cl)cc1,ChEMBL,7.373659632624958
CC(=O)NCCC1CCC(c2ccc(Cl)cc2Cl)N(c2ccc(Cl)cc2)C1,GLASS,7.376750709602099
CC(=O)NCC[C@@H]1CC[C@@H](c2ccc(Cl)cc2Cl)N(c2ccc(Cl)cc2)C1,ChEMBL,7.376750709602099
CN(Cc1ccccc1)C1CCN(c2ncnc3c2nc(-c2ccccc2Cl)n3-c2ccc(Cl)cc2)CC1,ChEMBL,7.376750709602099
CCCC(C)(C)c1cc(O)c2c(c1)OC(C)(C)c1ccc(C)cc1-2,ChEMBL,7.376750709602099
CCCCCn1cc(C(=O)NC23CC4CC(CC(C4)C2)C3)c(=O)c2ccccc21,ChEMBL,7.376750709602099
CCCCCn1c(C)c(C(=O)c2ccc(CCCC)c3ccc(C)cc23)c2ccccc21,ChEMBL,7.376750709602099
O=S(=O)(/N=C(\NCCCCNc1c2c(nc3ccccc13)CCCC2)N1CC(c2ccccc2)C(c2ccc(Cl)cc2)=N1)c1ccc(Cl)cc1,ChEMBL,7.376750709602099
CN/C(=N\S(=O)(=O)N1CCC(F)(F)CC1)N1C[C@H](c2ccccc2)C(c2ccc(Cl)cc2)=N1,ChEMBL,7.376750709602099
Cc1c(C(=O)NC2CCCCC2)nn(-c2ccc(Cl)cc2Cl)c1-n1c(C)ccc1C,ChEMBL,7.376750709602099
Cc1cccc(-c2ccc(C(C)(C)c3ccccc3)cc2O)c1,ChEMBL,7.3771645204784795
Cc1c(C(=O)NCCCNCCCNC(=O)c2nn(-c3ccc(Cl)cc3Cl)c(-c3ccc(Cl)cc3)c2C)nn(-c2ccc(Cl)cc2Cl)c1-c1ccc(Cl)cc1,ChEMBL,7.377785977033705
CCCCCC=CCC=CCC=CCC=CCCC(C)(C)C(=O)NCCO,GLASS,7.3872161432802645
CS/C(N)=N/C(=N/S(=O)(=O)N1CCOCC1)N1CC(c2ccccc2)C(c2ccc(Cl)cc2)=N1,ChEMBL,7.3872161432802645
CCCCCc1cc2c(c3c1CCCO3)C1C=C(C)CCC1C(C)(C)O2,ChEMBL,7.3872161432802645
CCCCC/C=C\C/C=C\C/C=C\C/C=C\CCC(C)(C)C(=O)NCCO,ChEMBL,7.3872161432802645
Cc1c(C(=O)NC(C)C(C)C)nn(-c2ccc(Cl)cc2Cl)c1-c1ccc(Cl)cc1,ChEMBL,7.3872161432802645
O=C(NC1Cc2ccccc2C1O)c1cn(-c2ccc(Cl)cc2)c(-c2ccccc2Cl)n1,GLASS,7.3872161432802645
O=C(N[C@H]1Cc2ccccc2[C@@H]1O)c1cn(-c2ccc(Cl)cc2)c(-c2ccccc2Cl)n1,ChEMBL,7.3872161432802645
Cc1c(C(=O)NCCc2ccc(Cl)cc2Cl)nn(-c2ccc(F)cc2F)c1-n1c(C)ccc1C,ChEMBL,7.3872161432802645
O=C(NC1CCCCC1O)c1cnc(OCc2ccccc2)c(-c2ccc(Cl)cc2)c1,GLASS,7.39577394691553
O=C(N[C@@H]1CCCC[C@H]1O)c1cnc(OCc2ccccc2)c(-c2ccc(Cl)cc2)c1,ChEMBL,7.39577394691553
N/C(=N\C(=N\S(=O)(=O)N1CCOCC1)N1CC(c2ccccc2)C(c2ccc(Cl)cc2)=N1)c1ccc(F)cc1,ChEMBL,7.399027104313252
COc1ccc2c(C(=O)C3C(C)(C)C3(C)C)cn(CC3CCOCC3)c2c1,ChEMBL,7.400007822415902
CCCC(=O)c1ccc2c(c1)N=C(c1ccc(Cl)cc1)c1ccccc1S2,ChEMBL,7.400007822415902
CN1N=CC2C1C(O)=C(C(=O)NC13CC4CC(CC(C4)C1)C3)C(=O)N2CCCCF,ChEMBL,7.405607449624573
CC(=O)N1CCC[C@H](NC(=O)c2nn(-c3ccc(Cl)cc3Cl)c(-c3ccc(Cl)cc3)c2C)C1,ChEMBL,7.407823242604133
Cc1ccc(-c2ncc(C(=O)NC(C)COc3c(C)cccc3C)nc2-c2ccc(C)cc2)cc1,ChEMBL,7.4089353929735005
Cc1cc(C)cc(-c2ccc(C(C)(C)CCCCCO)cc2O)c1,ChEMBL,7.4089353929735005
CC(C)(NC(=O)c1cc2c(n(CC3CCCCC3)c1=O)CCCCCC2)C(=O)N1CCC(NS(C)(=O)=O)CC1,ChEMBL,7.4089353929735005
CCc1ccccc1-c1nc(C(=O)NC2CCCCC2)cn1-c1ccc(Cl)cc1,ChEMBL,7.4089353929735005
CSCCCCn1cc(C(=O)C2C(C)(C)C2(C)C)c2ccccc21,ChEMBL,7.410050398674292
CCCCCn1cc(C(=O)c2ccc3c(c2)CC(C)(C)C3)c2ccccc21,ChEMBL,7.411168274405793
CCCCCCC(C)(C)c1cc(O)c2c(c1)OC(C)(C)[C@H]1CC=C(C)C[C@H]21,ChEMBL,7.411168274405793
CN/C(=N\S(=O)(=O)N1CCC(F)(F)CC1)C1=NN(c2ccc(Cl)cc2)C(c2ccccc2)C1,ChEMBL,7.411168274405793
CCCCCCNC(=O)NC1(c2ccccc2)CCN(C(=O)c2nn(-c3ccc(Cl)cc3Cl)c(-c3ccc(Cl)cc3)c2C)CC1,ChEMBL,7.411168274405793
CC1(C)C2CC[C@](C)(C2)[C@@H]1NC(=O)c1cn(CCCCO)c2cc(Sc3ccccc3)ccc2c1=O,ChEMBL,7.413412695328245
CC12CCC(C1)C(C)(C)C2NC(=O)c1cn(CCCCO)c2cc(Sc3ccccc3)ccc2c1=O,GLASS,7.413412695328245
O=c1c2nn(-c3ccc(Cl)cc3)c(-c3ccccc3Cl)c2ncn1C1CCCCC1,ChEMBL,7.42021640338319
O=S(=O)(c1ccc2c(c1)OC(c1ccccc1)(c1ccccc1)O2)N1CCCCC1,ChEMBL,7.42021640338319
Cc1c(C(=O)NN2CCCCC2)nn(-c2ccc(Cl)cc2Cl)c1-n1c(C)ccc1C,ChEMBL,7.42021640338319
Cc1ccc(C(=O)NC2CCCCCC2)c(=O)n1Cc1ccc(F)cc1,ChEMBL,7.423658649794207
Cc1c(C(=O)NCCC(C)(C)C)nn(-c2ccc(Cl)cc2Cl)c1-n1c(C)ccc1C,ChEMBL,7.425968732272281
CN/C(=N\S(=O)(=O)c1ccc(Cl)cc1)C1=NN(c2ccc(Cl)cc2Cl)C(c2ccccc2)C1,ChEMBL,7.431798275933005
Cc1c(C(=O)NCCCCCCCCCCCNCCCCCCCCCCCNC(=O)c2nn(-c3ccc(Cl)cc3Cl)c(-c3ccc(Cl)cc3)c2C)nn(-c2ccc(Cl)cc2Cl)c1-c1ccc(Cl)cc1,ChEMBL,7.431798275933005
Cc1c(C(=O)NCc2ccc(Cl)c(Cl)c2)nn(-c2ccc(Cl)cc2Cl)c1-n1cccc1,ChEMBL,7.431798275933005
C/N=C(\NS(=O)(=O)c1cccc(C(F)(F)F)c1)N1CC(c2ccccc2)C(c2ccc(Cl)cc2)=N1,ChEMBL,7.437707135543525
Cc1c(C(=O)NC2CCCC2)nn(-c2ccc(Cl)c(Cl)c2)c1-n1c(C)ccc1C,ChEMBL,7.443697499232712
O=C(NN1CCCCC1)c1nc(-c2ccc(Cl)cc2Cl)n(-c2ccc(Cl)cc2)c1CF,ChEMBL,7.443697499232712
O=C(NC1CCCCC1)c1cn(-c2ccc(Cl)cc2)c(-c2ccc(F)cc2F)n1,ChEMBL,7.443697499232712
CC1CCN(C(=O)c2ccc3c(c2)c2c(n3S(C)(=O)=O)CCN(C3CCCC3)C2)CC1,ChEMBL,7.443697499232712
C/N=C(\NS(=O)(=O)c1ccc(C(F)(F)F)cc1)N1C[C@H](c2ccccc2)C(c2ccc(Cl)cc2)=N1,ChEMBL,7.444905551421681
CC1CCC(NC(=O)c2cc3cccnc3n(CCCCCCF)c2=O)CC1,ChEMBL,7.447696890661646
Cc1c(C(=O)NCc2ccc(Cl)c(Cl)c2)nn(-c2ccc(Cl)c(Cl)c2)c1-n1cccc1,ChEMBL,7.455931955649724
CCCCCOc1ccc(C(=O)c2cccc3ccccc23)c2ccccc12,ChEMBL,7.455931955649724
O=S(=O)(NC1CCCCC1)C1CCC(c2ccc(Cl)cc2Cl)N(c2ccc(Cl)cc2)C1,GLASS,7.455931955649724
O=C(NC1CCCCCC1)c1cc(-c2ccccc2)cn(Cc2ccc(F)cc2)c1=O,ChEMBL,7.455931955649724
Cc1c(C(=O)NC2CCCCC2)nn(-c2ccc(F)cc2F)c1-n1c(C)ccc1C,ChEMBL,7.455931955649724
Cc1c(C(=O)NC2CCCCC2)nc(-c2ccc(Cl)cc2Cl)n1-c1ccc(Cl)cc1,ChEMBL,7.455931955649724
Cc1c(C(=O)NC2CCCCCC2)nc(-c2ccc(Cl)cc2Cl)n1-c1ccc(Cl)cc1,ChEMBL,7.455931955649724
Cc1c(C(=O)NCc2ccc(Cl)c(Cl)c2)nn(-c2ccc(F)cc2F)c1-n1c(C)ccc1C,ChEMBL,7.455931955649724
O=S(=O)(NC1CCCCC1)[C@@H]1CC[C@@H](c2ccc(Cl)cc2Cl)N(c2ccc(Cl)cc2)C1,ChEMBL,7.455931955649724
O=C(c1cc2c(cc1F)O[C@@](c1ccc(F)cc1)(c1ccc(Cl)cc1Cl)O2)N1CCOCC1,ChEMBL,7.455931955649724
CC1=CCC2C(C1)c1c(O)cc(C3C4CC5CC(C4)CC3C5)cc1OC2(C)C,GLASS,7.45717457304082
CC1=CC[C@@H]2[C@@H](C1)c1c(O)cc(C3C4CC5CC(C4)CC3C5)cc1OC2(C)C,ChEMBL,7.45717457304082
CCCCCn1cc(C(=O)NC23CC4CC(CC(C4)C2)C3)c(=O)cc1-c1ccccc1Cl,ChEMBL,7.46344155742847
CC1=CC[C@@H]2[C@@H](C1)c1c(O)cc(C(C)(C)c3ccccc3C)cc1OC2(C)C,ChEMBL,7.46344155742847
CC1=CCC2C(C1)c1c(O)cc(C(C)(C)c3ccccc3C)cc1OC2(C)C,GLASS,7.46344155742847
CCCCC/C=C\C/C=C\C/C=C\C/C=C\CCCCCC(=O)NCCO,ChEMBL,7.46344155742847
CCCCCC=CCC=CCC=CCC=CCCCCCC(=O)NCCO,GLASS,7.46344155742847
CC(O)(CNC(=O)c1cnc(OCC2CC2)c(-c2ccc(Cl)cc2)c1)C1CC1,GLASS,7.464705879957229
C[C@](O)(CNC(=O)c1cnc(OCC2CC2)c(-c2ccc(Cl)cc2)c1)C1CC1,ChEMBL,7.464705879957229
CN(C(=O)c1cn(-c2ccc(Cl)cc2)c(-c2ccccc2Cl)n1)C1CCCCC1,ChEMBL,7.468521082957745
O=C(NN1CCCCC1)c1nc(-c2ccc(Cl)cc2Cl)n(-c2ccc(Cl)cc2)c1CO,ChEMBL,7.468521082957745
CCn1c2c(c3cc(C(=O)N4CCC(C)CC4)ccc31)CN(C1CCCC1)CC2,ChEMBL,7.468521082957745
CCCCCCC(C)(C)c1ccc(-c2cccc(OC)c2OC)c(O)c1,ChEMBL,7.468521082957745
Cc1c(C(=O)N2CCc3ccccc3C2)nc(-c2ccc(Cl)cc2Cl)n1-c1ccc(Cl)cc1,ChEMBL,7.468521082957745
O=C(N[C@H](C(=O)O)c1ccccc1)c1cc2c(n(CC3CCCCC3)c1=O)CCCCCC2,ChEMBL,7.468521082957745
CCCCCn1c(=O)c(C(=O)NC23CC4CC(CC(C4)C2)C3)c(O)c2nn(C)cc21,ChEMBL,7.474955192963154
CCCCCC1=NN(C(=O)NC2CCCc3ccccc32)CC1c1ccccc1,ChEMBL,7.480172006224281
CC1(C)C(C(=O)c2cn(CC3CCOCC3)c3cc(OCc4ccccc4)ccc23)C1(C)C,ChEMBL,7.481486060122112
Cc1c(C(=O)NC2CCCC2)nc(-c2ccc(Cl)cc2Cl)n1-c1ccc(Cl)cc1,ChEMBL,7.481486060122112
Cc1c(C(=O)NCCc2ccc(Cl)cc2)nc(-c2ccc(Cl)cc2Cl)n1-c1ccc(Cl)cc1,ChEMBL,7.481486060122112
Cc1ccc(C(=O)NC2C3CC4CC(C3)CC2C4)cc1S(=O)(=O)N1CCOCC1,ChEMBL,7.481486060122112
Cc1ccc(-c2ncc(C(=O)NC3Cc4ccccc4C3O)nc2-c2ccc(C)cc2)cc1,ChEMBL,7.481486060122112
COc1cc(C(=O)NC2(C(=O)N[C@H](C)c3ccc(-n4nc(C5CC5)c5ccccc54)cc3F)CC2)on1,ChEMBL,7.481486060122112
O=C(NC1CCC1)[C@@H]1CC[C@@H](c2ccc(Cl)cc2Cl)N(c2ccc(Cl)cc2)C1,ChEMBL,7.481486060122112
N#Cc1c(C(=O)NN2CCCCC2)nn(-c2ccc(Cl)cc2Cl)c1-c1ccc(I)cc1,ChEMBL,7.481486060122112
CCCCCc1cc(OC)c2cc(Cc3ccccc3Cl)c(=O)oc2c1,ChEMBL,7.481486060122112
CCCCCCC(C)(C)c1ccc(-c2cc(C)ccc2C(C)C)c(O)c1,ChEMBL,7.481486060122112
COc1cc(C(=O)NC2(C(=O)NC(C)c3ccc(-n4nc(C5CC5)c5ccccc54)cc3F)CC2)on1,GLASS,7.481486060122112
O=C(NC1CCC1)C1CCC(c2ccc(Cl)cc2Cl)N(c2ccc(Cl)cc2)C1,GLASS,7.481486060122112
CC(C)CNC(=O)[C@@H]1CC[C@@H](c2ccc(Cl)cc2Cl)N(c2ccc(Cl)cc2)C1,ChEMBL,7.481486060122112
O=C(NC1CCCCCC1)c1cc(-c2ccccc2)nn(Cc2ccc(F)cc2)c1=O,ChEMBL,7.481486060122112
CCCCCn1cc(-c2nc(C34CC5CC(CC(C5)C3)C4)no2)c(=O)c2cc(-c3ccco3)ccc21,ChEMBL,7.481486060122112
CC(C)CNC(=O)C1CCC(c2ccc(Cl)cc2Cl)N(c2ccc(Cl)cc2)C1,GLASS,7.481486060122112
CC1CCC(NC(=O)c2cc3cc(-c4cccs4)cnc3n(CCN3CCOCC3)c2=O)CC1,ChEMBL,7.485452247339714
CCNC1(C(N)=O)CCN(c2cnc(-c3ccc(Cl)cc3)c(-c3ccc(C#N)cc3)n2)CC1,ChEMBL,7.490394295388444
CCCCCCC1(c2cc(O)c3c(c2)OC(C)(C)C2CC=C(C)CC32)SC(C)C(C)S1,GLASS,7.490797477668897
CCCCCCC1(c2cc(O)c3c(c2)OC(C)(C)[C@@H]2CC=C(C)C[C@@H]32)SC(C)C(C)S1,ChEMBL,7.490797477668897
COc1ccc(-c2c(C#N)c(C(=O)NN3CCCCC3)nn2-c2ccc(F)cc2Br)cc1,ChEMBL,7.494850021680094
CCCCCc1cc(OC)c2cc(Cc3ccccc3OC)c(=O)oc2c1,ChEMBL,7.494850021680094
CC1CCN(C(=O)c2ccc3c(c2)c2c(n3C)CCN(C3CCCC3)C2)CC1,ChEMBL,7.494850021680094
CC(C)(NC(=O)c1cc2c(n(CC3CCCCC3)c1=O)CCCCCC2)C(=O)NNS(C)(=O)=O,ChEMBL,7.494850021680094
C/N=C(\NS(=O)(=O)N(C)C(C)C)N1CC(c2ccccc2)C(c2ccc(Cl)cc2)=N1,ChEMBL,7.494850021680094
CCCCC1=NN(C(=O)NC(C)(C)c2ccc(F)cc2)CC1c1ccccc1F,ChEMBL,7.494850021680094
O=C(c1nc(-c2ccc(Cl)cc2)n(-c2ccc(Cl)cc2Cl)n1)N1CCN(c2cccc(C(F)(F)F)c2)CC1,ChEMBL,7.494850021680094
CCCCCn1cc(C(=O)c2ccc(-c3ccccc3)cc2)c2ccccc21,ChEMBL,7.50003813440381
O=C(NCCO)[C@H]1CCCN(Cc2nc(-c3cn(CC4CCS(=O)(=O)CC4)c4c(Cl)cccc34)ns2)C1,ChEMBL,7.50003813440381
Cc1c(C=CC2CCCCC2)nn(-c2ccc(Cl)cc2Cl)c1-c1ccc(Cl)cc1,GLASS,7.504455662453552
Cc1c(/C=C/C2CCCCC2)nn(-c2ccc(Cl)cc2Cl)c1-c1ccc(Cl)cc1,ChEMBL,7.504455662453552
CCCCCn1c(=O)c(C(=O)NC23CC4CC(CC(C4)C2)C3)cc2ccccc21,ChEMBL,7.504455662453552
Cc1c(C(=O)N(C)c2ccccc2)nn(-c2ccc(Cl)cc2Cl)c1-c1ccc(Br)cc1,ChEMBL,7.507239610973162
COc1ccc2c(Cc3c(Cl)cncc3Cl)nncc2c1OC1CCCC1,GLASS,7.508638306165727
O=S1(=O)CCN(/C(=N\S(=O)(=O)c2ccc(Cl)cc2)N2CC(c3ccccc3)C(c3ccc(Cl)cc3)=N2)CC1,ChEMBL,7.508638306165727
C/C(N)=N/C(=N/S(=O)(=O)N1CCOCC1)N1CC(c2ccccc2)C(c2ccc(Cl)cc2)=N1,ChEMBL,7.508638306165727
Cc1c(C(=O)NC23CC4CC(CC(C4)C2)C3)nn(-c2ccc(Cl)c(Cl)c2)c1-n1cccc1,ChEMBL,7.508638306165727
CC1CCN(C(=O)c2ccc3c(c2)c2c(n3S(=O)(=O)c3ccccc3)CCN(C3CCOCC3)C2)CC1,ChEMBL,7.508638306165727
CC1(C)C(C(=O)c2cn(CC3CCOCC3)c3cc(C#N)ccc23)C1(C)C,ChEMBL,7.508638306165727
CSC(=O)N1CC2(CCCCC2)CO/C1=N\c1cccc2ccccc12,ChEMBL,7.508638306165727
CCCCCc1cc(O)c2c(c1)OC(C)(C)[C@@H]1CC=C(C)[C@H](O)[C@@H]21,ChEMBL,7.508638306165727
COc1ccc(-c2cn(Cc3ccc(F)cc3)c(=O)c(C(=O)NC3CCCCCC3)c2C)cc1,ChEMBL,7.512861624522813
CCCCCn1cc(C(=O)NC23CC4CC(CC(C4)C2)C3)c(=O)c2ccc(F)cc21,ChEMBL,7.515700160653214
Cc1c(C(=O)NCCCCCNCCCCCNC(=O)c2nn(-c3ccc(Cl)cc3Cl)c(-c3ccc(Cl)cc3)c2C)nn(-c2ccc(Cl)cc2Cl)c1-c1ccc(Cl)cc1,ChEMBL,7.517126416391246
CC(C)(NC(=O)c1cc2c(n(CC3CCCCC3)c1=O)CCCCCC2)C(=O)NN,ChEMBL,7.522878745280337
Cc1c(C(=O)NN2CCCCC2)nc(-c2ccc(Cl)cc2Cl)n1-c1ccc(Cl)cc1,ChEMBL,7.522878745280337
N#Cc1c(C(=O)NN2CCCCC2)nc(-c2ccc(Cl)cc2Cl)n1-c1ccc(Cl)cc1,ChEMBL,7.522878745280337
O=C(c1ccc2c(c1)OC(c1ccc(F)cc1)(c1ccc(Cl)cc1Cl)O2)N1CCOCC1,ChEMBL,7.522878745280337
CCCCCC=CCC=CCC=CCC=CCCCC(=O)NCCCC,GLASS,7.522878745280337
CCN(CC)S(=O)(=O)N/C(=N\C)N1CC(c2ccccc2)C(c2ccc(Cl)cc2)=N1,ChEMBL,7.522878745280337
CC(F)(F)CN1CCc2c(nn(-c3ccccc3Cl)c2-c2ccc(Cl)cc2)C1.Cl,ChEMBL,7.522878745280337
CCCCC/C=C\C/C=C\C/C=C\C/C=C\CCCC(=O)NCCCC,ChEMBL,7.522878745280337
CSC(=S)N1CC2(CCCCC2)CS/C1=N\c1cccc2ccccc12,ChEMBL,7.522878745280337
Cc1c(C(=O)N(C)C2CCCCC2)nn(-c2ccc(Cl)cc2Cl)c1-c1ccc(Cl)cc1,ChEMBL,7.522878745280337
Cc1c(C(=O)NCCc2ccc(Cl)cc2)nn(-c2ccc(Cl)cc2Cl)c1-n1c(C)ccc1C,ChEMBL,7.522878745280337
CC(F)(F)CN1CCc2c(nn(-c3ccccc3Cl)c2-c2ccc(Cl)cc2)C1,GLASS,7.522878745280337
CCCCCn1cc(C(=O)NC(C)c2ccccc2)c(=O)c2ccc(OCC)cc21,GLASS,7.527243550682788
CCCCCn1cc(C(=O)N[C@H](C)c2ccccc2)c(=O)c2ccc(OCC)cc21,ChEMBL,7.527243550682788
CCCCCn1cc(C(=O)NC23CC4CC(CC(C4)C2)C3)c(=O)c2cc(-n3cccc3)ccc21,ChEMBL,7.527243550682788
CNC(=O)CCCN(C)C(=O)c1ccc2c(c1)c1c(n2C)CC[C@@H](C2CCOCC2)C1,ChEMBL,7.533132379645891
CC1=CCC2C(C1)c1c(O)cc(CC34CC5CC(CC(C5)C3)C4)cc1OC2(C)C,GLASS,7.533132379645891
CC1=CC[C@@H]2[C@@H](C1)c1c(O)cc(CC34CC5CC(CC(C5)C3)C4)cc1OC2(C)C,ChEMBL,7.533132379645891
CC1=CC[C@@H]2[C@@H](C1)c1c(O)cc(C(C)(C)CCCCC(=O)NCCc3ccc(S(N)(=O)=O)cc3)cc1OC2(C)C,ChEMBL,7.5376020021010435
O=C(N[C@H]1CCC[C@@H]1O)c1cn(-c2ccc(Cl)cc2)c(-c2ccccc2Cl)n1,ChEMBL,7.5376020021010435
Cn1nc2c(-c3ccc(Cl)cc3)c(-c3ccncc3)c(=O)n(Cc3ccc(C#N)cc3)n2c1=O,ChEMBL,7.5376020021010435
CCCCCc1cc(O)c2c(c1)OC(C)(C)C1=C2C[C@H](C)CC1,ChEMBL,7.5376020021010435
O=C(N[C@H]1CCCC[C@@H]1O)c1cn(-c2ccc(Cl)cc2)c(-c2ccccc2Cl)n1,ChEMBL,7.5376020021010435
O=C(NC1CCN(Cc2ccccc2)C1)c1nc(-c2ccc(Cl)cc2Cl)n(-c2ccc(Cl)cc2)n1,ChEMBL,7.5376020021010435
CS(=O)(=O)NC1CCN(c2ncnc3c2nc(-c2ccccc2Cl)n3-c2ccc(Cl)cc2)CC1,ChEMBL,7.5376020021010435
Cc1c(C(=O)NN2CCCCC2)nc(-c2ccc(Cl)cc2Cl)n1-c1ccc(C(F)(F)F)cc1,ChEMBL,7.5376020021010435
CC1=CCC2C(C1)c1c(O)cc(C(C)(C)CCCCC(=O)NCCc3ccc(S(N)(=O)=O)cc3)cc1OC2(C)C,GLASS,7.5376020021010435
CCCCCn1cc(C(=O)NN2CCCCC2)c(=O)c2ccc(Sc3ccccc3)cc21,ChEMBL,7.539102157243452
Cc1c(C(=O)NC2CCN(C(=O)CC(C)C)CC2)nn(-c2ccc(Cl)cc2Cl)c1-c1ccc(Cl)cc1,ChEMBL,7.539102157243452
CN(C)CCn1cc(C(=O)N[C@@H]2C(C)(C)C3CC[C@]2(C)C3)c(=O)c2ccc(Sc3ccccc3)cc21,ChEMBL,7.540607512240769
CN(C)CCn1cc(C(=O)NC2C3(C)CCC(C3)C2(C)C)c(=O)c2ccc(Sc3ccccc3)cc21,GLASS,7.540607512240769
CCCCCCC(C)(C)c1cc(O)c2c(c1)OC(C)(C)c1cn[nH]c1-2,ChEMBL,7.54515513999149
CCCCCc1cc(O)c2c(c1)OC(C)(C)C1CC=C(C)CC21,GLASS,7.54515513999149
CCCCCc1cc(O)c2c(c1)OC(C)(C)[C@@H]1CC=C(C)C[C@@H]21,ChEMBL,7.54515513999149
CC1(C)C(C(=O)c2cn(CC3CCOCC3)c3c(COc4ccccc4)cccc23)C1(C)C,ChEMBL,7.552841968657781
Cc1c(C(=O)NCc2ccc(Cl)c(Cl)c2)nn(-c2ccc(Cl)cc2Cl)c1-n1c(C)ccc1C,ChEMBL,7.552841968657781
O=c1c2nn(-c3ccc(Cl)cc3)c(-c3ccccc3Cl)c2ncn1CC(F)(F)F,ChEMBL,7.552841968657781
Cc1c(C(=O)NC2CCCCC2)nn(-c2c(Cl)cc(Cl)cc2Cl)c1-n1c(C)ccc1C,ChEMBL,7.552841968657781
CCCCCn1cc(C(=O)NC23CC4CC(CC(C4)C2)C3)c(=O)c2ccc([S+]([O-])c3ccccc3)cc21,ChEMBL,7.552841968657781
Cn1nc2c(-c3ccc(Cl)cc3)c(-c3ccncc3)c(=O)n(Cc3ccc(C(F)(F)F)nc3)n2c1=O,ChEMBL,7.552841968657781
CC1(C)C(C(=O)c2cn(CC3CCOCC3)c3cc4c(cc23)OCO4)C1(C)C,ChEMBL,7.552841968657781
CCCNC(=O)NC1CCN(c2ncnc3c2nc(-c2ccccc2Cl)n3-c2ccc(Cl)cc2)CC1,ChEMBL,7.552841968657781
CCCCC/C=C\C/C=C\C/C=C\C/C=C\CCCC(=O)N[C@H]1C[C@@H]1O,ChEMBL,7.552841968657781
Cc1c(C(=O)NN2CCCCC2)nn(-c2ccc(Cl)c(Cl)c2)c1-n1cccc1,ChEMBL,7.552841968657781
Cc1c(C(=O)NN2CCCCC2)nn(-c2ccc(Cl)c(Cl)c2)c1-n1c(C)ccc1C,ChEMBL,7.552841968657781
CCCCCn1cc(C(=O)NC23CC4CC(CC(C4)C2)C3)c(=O)c2ccc(S(=O)c3ccccc3)cc21,GLASS,7.552841968657781
O=C(c1ccc2c(c1)OC(c1ccccc1)(c1ccccc1)O2)N1CCCCC1,ChEMBL,7.552841968657781
CC1=CC[C@@H]2[C@@H](C1)c1c(O)cc(C3(C#N)CCCC3)cc1OC2(C)C,ChEMBL,7.554395796726403
CC1=CCC2C(C1)c1c(O)cc(C3(C#N)CCCC3)cc1OC2(C)C,GLASS,7.554395796726403
Cc1ccc2c(C(=O)C3C(C)(C)C3(C)C)cn(CC3CCOCC3)c2c1,ChEMBL,7.560036064079095
CSc1c(C(=O)NN2CCCCCC2)nn(-c2ccc(Cl)cc2Cl)c1-c1ccc(Cl)cc1,ChEMBL,7.568636235841013
O=S(=O)(/N=C(\NCCCCN1CCCC1)N1CC(c2ccccc2)C(c2ccc(Cl)cc2)=N1)c1ccc(Cl)cc1,ChEMBL,7.568636235841013
Cc1c(C(=O)NN2CCCC2)nc(-c2ccc(Cl)cc2Cl)n1-c1ccc(Cl)cc1,ChEMBL,7.568636235841013
COc1cc(C(=O)NC2(C(=O)N[C@H](C)c3ccc(-n4ncc5c4CCCC5)cc3F)CC2)on1,ChEMBL,7.568636235841013
O=C(NN1CCCCC1)c1nc(-c2ccc(Cl)cc2Cl)n(-c2ccc(Cl)cc2)c1Cl,ChEMBL,7.568636235841013
COc1cc(C(=O)NC2(C(=O)NC(C)c3ccc(-n4ncc5c4CCCC5)cc3F)CC2)on1,GLASS,7.568636235841013
CCCCCCC(C)(C)c1ccc(-c2cccc(C#N)c2)c(O)c1,ChEMBL,7.568636235841013
O=C(c1ccccc1)c1cc(O)c(-c2cc(Cl)cc(Cl)c2)c(O)c1,ChEMBL,7.568636235841013
O=C(NCC1CCC(F)(F)CC1)NC1CCN(c2ncnc3c2nc(-c2ccccc2Cl)n3-c2ccc(Cl)cc2)CC1,ChEMBL,7.585026652029182
CCC(CC)n1cnc2c(-c3ccc(Cl)cc3)n(-c3ccccc3Cl)nc2c1=O,ChEMBL,7.585026652029182
Cc1ccc(NC(=O)c2nn(-c3ccc(Cl)cc3Cl)c(-c3ccc(Cl)cc3)c2C)cn1,ChEMBL,7.585026652029182
O=C(NC1CCCCC1O)c1cnc(OCC2CC2)c(-c2ccc(Cl)cc2)n1,GLASS,7.58838029403677
O=C(N[C@@H]1CCCC[C@H]1O)c1cnc(OCC2CC2)c(-c2ccc(Cl)cc2)n1,ChEMBL,7.58838029403677
CCCc1cc(O)c2c(c1)OC(C)(C)[C@@H]1C[C@H](O)C(C)=C[C@@H]21,ChEMBL,7.59176003468815
CC(C)(C)NC(=O)NC1(c2ccccc2)CCN(c2ncnc3c2nc(-c2ccccc2Cl)n3-c2ccc(Cl)cc2)CC1,ChEMBL,7.5934598195660445
Cc1c(C(=O)NCc2ccc(Cl)c(Cl)c2)nn(-c2ccc(Cl)cc2Cl)c1-n1cccc1Cl,ChEMBL,7.598599459218456
CCCCNC(=O)c1ccc2c(c1)N=C(c1ccccc1Cl)c1ccccc1S2,ChEMBL,7.599980364934842
CN/C(=N\S(=O)(=O)c1ccc(Cl)cc1)N1CC(c2ccccc2)C(c2ccc(Cl)cc2)=N1,ChEMBL,7.6020599913279625
CCCCCn1/c(=N/C(=O)c2ccc(C(F)(F)F)cc2)sc2ccccc21,ChEMBL,7.6020599913279625
CCOc1ccc(N(CC(=O)NC(C)CC)S(=O)(=O)c2ccc(Br)cc2)cc1,GLASS,7.6020599913279625
COC(=O)c1ccc2c(C(=O)C3C(C)(C)C3(C)C)cn(CC3CCOCC3)c2c1,ChEMBL,7.6020599913279625
Cc1ccc(-c2ncc(C(=O)NCCCN(C)c3ccccc3)nc2-c2ccc(C)cc2)cc1,ChEMBL,7.6020599913279625
O=S(=O)(c1cc2c(cc1F)OC(c1ccc(F)cc1F)(c1ccc(F)cc1F)O2)N1CCOCC1,ChEMBL,7.6020599913279625
CC(NS(=O)(=O)C(F)(F)F)c1ccc(S(=O)(=O)c2ccccc2S(=O)(=O)c2ccccc2F)cc1,GLASS,7.6020599913279625
CCCCNC(=O)NC1CCN(c2ncnc3c2nc(-c2ccccc2Cl)n3-c2ccc(Cl)cc2)CC1,ChEMBL,7.6020599913279625
Cc1ccc(-c2cc(C(=O)NC34CC5CC(CC(C5)C3)C4)c(=O)n(C3CCCC3)n2)cc1Cl,ChEMBL,7.6020599913279625
Oc1cccc(N2CCN(c3ncnc4c3nc(-c3ccccc3Cl)n4-c3ccc(Cl)cc3)CC2)c1,ChEMBL,7.6020599913279625
O=C(NC1CCCCC1)c1cn(-c2ccc(Cl)cc2)c(-c2cc(Cl)ccc2Cl)n1,ChEMBL,7.6020599913279625
C[C@H](NS(=O)(=O)C(F)(F)F)c1ccc(S(=O)(=O)c2ccccc2S(=O)(=O)c2ccccc2F)cc1,ChEMBL,7.6020599913279625
CCOC(=O)/C=C/c1cc(C(=O)NC2CCCCCC2)c(=O)n(Cc2ccc(F)cc2)c1,ChEMBL,7.605548319173784
CCOC(=O)C=Cc1cc(C(=O)NC2CCCCCC2)c(=O)n(Cc2ccc(F)cc2)c1,GLASS,7.605548319173784
CN(CC(=O)NC1CC1)C(=O)c1ccc2c(c1)c1c(n2C)CC[C@@H](C2CCOCC2)C1,ChEMBL,7.610833915635467
Cc1cc(C)c(S(=O)(=O)NC(=N)N2CC(c3ccccc3)C(c3ccc(Cl)cc3)=N2)c(C)c1,ChEMBL,7.616184634019569
O=C(NC1CCCCCC1)c1cc(-c2ccc(F)cc2)cn(Cc2ccc(F)cc2)c1=O,ChEMBL,7.619788758288394
C/N=C(\NS(=O)(=O)N1CCSCC1)N1CC(c2ccccc2)C(c2ccc(Cl)cc2)=N1,ChEMBL,7.619788758288394
N#Cc1c(C(=O)NN2CCCCC2)nn(-c2ccc(Cl)cc2Cl)c1-c1ccc(Cl)cc1,ChEMBL,7.619788758288394
O=C(NC1CCCCCC1)c1cc(C=Cc2ccccc2)cn(Cc2ccc(F)cc2)c1=O,GLASS,7.619788758288394
O=C(NC1(C(F)(F)F)CCCC1)N1CCN(c2ncnc3c2nc(-c2ccccc2Cl)n3-c2ccc(Cl)cc2)CC1,ChEMBL,7.619788758288394
O=C1c2nn(-c3ccccc3Cl)c(-c3ccc(Cl)cc3)c2CCN1C1CCCC1,ChEMBL,7.619788758288394
COc1cccc2c(C(=O)NC3C4(C)CCC(C4)C3(C)C)nn(CCN3CCOCC3)c12,GLASS,7.619788758288394
COc1cccc2c(C(=O)NC3C(C)(C)[C@@H]4CC[C@@]3(C)C4)nn(CCN3CCOCC3)c12,ChEMBL,7.619788758288394
Cc1nc(CN2CCN(c3ncnc4c3nc(-c3ccccc3Cl)n4-c3ccc(Cl)cc3)CC2)no1,ChEMBL,7.619788758288394
CS(=O)(=O)N1CCN(c2ncnc3c2nc(-c2ccccc2Cl)n3-c2ccc(Cl)cc2)CC1,ChEMBL,7.619788758288394
CCCCCc1cc2c(c(O)c1C(=O)O)[C@@H]1C=C(C)CC[C@H]1C(C)(C)O2,ChEMBL,7.619788758288394
O=C(NC1CCCCCC1)c1cc(/C=C/c2ccccc2)cn(Cc2ccc(F)cc2)c1=O,ChEMBL,7.619788758288394
COC(=O)CCCCC(C)(C)c1ccc(-c2cc(C)cc(C)c2)c(O)c1,ChEMBL,7.619788758288394
COc1cccc2c(C(=O)N[C@@H]3C(C)(C)[C@@H]4CC[C@@]3(C)C4)nn(CCN3CCOCC3)c12,ChEMBL,7.619788758288394
CC(C)(C)OC(=O)N1CCC(Nc2ncnc3c2nc(-c2ccccc2Cl)n3-c2ccc(Cl)cc2)CC1,ChEMBL,7.621420423884225
COCCn1cc(C(=O)N[C@@H]2C(C)(C)C3CC[C@]2(C)C3)c(=O)c2ccc(Sc3ccccc3)cc21,ChEMBL,7.623423042943488
COCCn1cc(C(=O)NC2C3(C)CCC(C3)C2(C)C)c(=O)c2ccc(Sc3ccccc3)cc21,GLASS,7.623423042943488
C=CCNC(=O)CCCCCCCCCCOc1cc(CCCCC)cc(OC)c1,ChEMBL,7.6252516539898965
O=C(N[C@@H]1CCCC[C@H]1O)c1cnc(OCC2CC2)c(-c2ccc(OC(F)(F)F)cc2)c1,ChEMBL,7.627087997029894
N#Cc1ccc(-c2cc(C(=O)NC3CCCCC3O)cnc2OCC2CC2)cc1,GLASS,7.627087997029894
O=C(NC1CCCCC1O)c1cnc(OCC2CC2)c(-c2ccc(OC(F)(F)F)cc2)c1,GLASS,7.627087997029894
N#Cc1ccc(-c2cc(C(=O)N[C@@H]3CCCC[C@H]3O)cnc2OCC2CC2)cc1,ChEMBL,7.627087997029894
O=C(N[C@@H]1CCCC[C@H]1O)c1cnc(OCc2cccnc2)c(-c2ccc(Cl)cc2)c1,ChEMBL,7.628932137728263
O=C(NC1CCCCC1O)c1cnc(OCc2cccnc2)c(-c2ccc(Cl)cc2)c1,GLASS,7.628932137728263
C1=C(CCN2CCOCC2)c2ccccc2/C1=C/c1ccnc2ccccc12,ChEMBL,7.632644078973981
Cc1c(-c2ccccc2)cn(Cc2ccc(F)cc2)c(=O)c1C(=O)NC1CCCCCC1,ChEMBL,7.636388020107856
CCCCn1cc(Br)cc(C(=O)NC2CCCCCC2)c1=O,ChEMBL,7.638272163982407
CCCCCCC(C)(C)c1ccc(-c2cccnc2)c(O)c1,ChEMBL,7.638272163982407
CCCCCCC(C)(C)c1ccc2c(c1)OC(C)(C)[C@@H]1CC=C(C)C[C@@H]21,ChEMBL,7.638272163982407
O=C(NN1CCCCC1)c1cn(-c2ccc(Cl)cc2)c(-c2ccc(Cl)cc2Cl)n1,ChEMBL,7.638272163982407
CS/C(N)=N/C(=N/S(=O)(=O)N1CCCC1)N1CC(c2ccccc2)C(c2ccc(Cl)cc2)=N1,ChEMBL,7.638272163982407
CC(C)(C)/C(N)=N\C(=N\S(=O)(=O)N1CCCCC1)N1CC(c2ccccc2)C(c2ccc(Cl)cc2)=N1,ChEMBL,7.638272163982407
CCCCCn1cc(C(=O)c2cccc3cccc(Cl)c23)c2ccccc21,ChEMBL,7.638272163982407
CCCCCCC(C)(C)c1ccc2c(c1)OC(C)(C)C1CC=C(C)CC21,GLASS,7.638272163982407
O=C(NN1CCCCC1)c1nc(-c2ccc(Cl)cc2Cl)n(-c2ccc(Cl)cc2)c1Br,ChEMBL,7.638272163982407
CN/C(=N\S(=O)(=O)c1ccc(OC)cc1)N1CC(c2ccccc2)C(c2ccc(Cl)cc2)=N1,ChEMBL,7.640164517660112
C1=C(CCN2CCOCC2)c2ccccc2/C1=C/c1cccc2ccc3ccccc3c12,ChEMBL,7.640164517660112
CC1CCC(NC(=O)c2cc3cccnc3n(CCCCCF)c2=O)CC1,ChEMBL,7.646083769079637
CCCCCCC(C)(C)c1cc(OCc2ccccc2)c2c(c1)OC(C)(C)c1cn[nH]c1-2,ChEMBL,7.649751981665837
CCCCCCC1CCCc2c1cc1c(c2O)[C@@H]2CC(C)=CC[C@H]2C(C)(C)O1,ChEMBL,7.651695136951839
Cc1c(C(=O)N[C@@H]2CCCN(C(=O)OC(C)(C)C)C2)nn(-c2ccc(Cl)cc2Cl)c1-c1ccc(Cl)cc1,ChEMBL,7.651695136951839
CCCCCCC1CCCc2c1cc1c(c2O)C2CC(C)=CCC2C(C)(C)O1,GLASS,7.651695136951839
O=C(NC1CCCCC1O)c1cn(-c2ccc(Cl)cc2)c(-c2ccc(Cl)cc2Cl)n1,ChEMBL,7.657577319177793
CCCS(=O)(=O)n1c2c(c3cc(C(=O)N4CCC(C)CC4)ccc31)CN(C1CCCC1)CC2,ChEMBL,7.657577319177793
Clc1ccc(-n2c(-c3ccccc3Cl)nc3c(N4CCN(Cc5ccncc5)CC4)ncnc32)cc1,ChEMBL,7.657577319177793
O=C(Nc1ccc(F)cc1)NC1CCN(c2ncnc3c2nc(-c2ccccc2Cl)n3-c2ccc(Cl)cc2)CC1,ChEMBL,7.657577319177793
O=C(Nc1ccc(OC(F)F)nc1)NC1CCN(c2ncnc3c2nc(-c2ccccc2Cl)n3-c2ccc(Cl)cc2)CC1,ChEMBL,7.657577319177793
CCCCCc1cc(OC)c2cc(Cc3ccccc3C)c(=O)oc2c1,ChEMBL,7.657577319177793
O=C(NC1c2ccccc2CC1O)c1cn(-c2ccc(Cl)cc2)c(-c2ccccc2Cl)n1,GLASS,7.657577319177793
O=C(N[C@H]1c2ccccc2C[C@@H]1O)c1cn(-c2ccc(Cl)cc2)c(-c2ccccc2Cl)n1,ChEMBL,7.657577319177793
CNc1cccc(F)c1S(=O)(=O)c1cc(Cl)ccc1S(=O)(=O)c1ccc(C(C)NS(=O)(=O)C(F)(F)F)cc1,GLASS,7.657577319177793
CC1CCN(C(=O)c2ccc3c(c2)c2c(n3S(=O)(=O)N(C)C)CCN(C3CCCC3)C2)CC1,ChEMBL,7.657577319177793
CNc1cccc(F)c1S(=O)(=O)c1cc(Cl)ccc1S(=O)(=O)c1ccc([C@H](C)NS(=O)(=O)C(F)(F)F)cc1,ChEMBL,7.657577319177793
CCCCCCCc1cc(O)c2c(c1)OC(C)(C)C1CC=C(C)CC21,GLASS,7.659952682338607
CCCCCCCc1cc(O)c2c(c1)OC(C)(C)[C@@H]1CC=C(C)C[C@@H]21,ChEMBL,7.659952682338607
C/N=C(\NS(=O)(=O)c1ccc2ccccc2c1)N1CC(c2ccccc2)C(c2ccc(Cl)cc2)=N1,ChEMBL,7.661543506395395
CCCCCCC(=O)c1cc(O)c2c(c1)OC(C)(C)[C@@H]1CC=C(C)C[C@@H]21,ChEMBL,7.663540266151471
CN/C(=N\S(=O)(=O)c1ccc(F)cc1)C1=NN(c2ccc(Cl)cc2)C(c2ccccc2)C1,ChEMBL,7.663540266151471
CCCCCCC(=O)c1cc(O)c2c(c1)OC(C)(C)C1CC=C(C)CC21,GLASS,7.663540266151471
CC(NS(=O)(=O)C(F)(F)F)c1ccc(S(=O)(=O)c2ccc(Cl)cc2S(=O)(=O)c2ncccn2)cc1,GLASS,7.6777807052660805
COc1cc(C(=O)NC2(C(=O)N[C@H](C)c3ccc(-n4nc(OC)c5ccccc54)cc3F)CC2)on1,ChEMBL,7.6777807052660805
CC(C)(C)/C(N)=N/C(=N/S(=O)(=O)N1CCC(F)(F)CC1)N1CC(c2ccccc2)C(c2ccc(Cl)cc2)=N1,ChEMBL,7.6777807052660805
Cc1c(C(=O)NCC2CCC(CNS(N)(=O)=O)CC2)nn(-c2ccc(Cl)cc2Cl)c1-c1ccc(Cl)cc1,ChEMBL,7.6777807052660805
Cc1ccccc1-c1nc(C(=O)NC2CCCCC2)cn1-c1ccc(Cl)cc1,ChEMBL,7.6777807052660805
CCCCCn1cc(C(=O)c2cccc3cccc(Br)c23)c2ccccc21,ChEMBL,7.6777807052660805
O=C(CN1CCCCC1)N1CCN(c2ncnc3c2nc(-c2ccccc2Cl)n3-c2ccc(Cl)cc2)CC1,ChEMBL,7.6777807052660805
C[C@H](NS(=O)(=O)C(F)(F)F)c1ccc(S(=O)(=O)c2ccc(Cl)cc2S(=O)(=O)c2ncccn2)cc1,ChEMBL,7.6777807052660805
CC(C)n1cnc2c(-c3ccc(Cl)cc3)n(-c3ccccc3Cl)nc2c1=O,ChEMBL,7.6777807052660805
COc1cc(C(=O)NC2(C(=O)NC(C)c3ccc(-n4nc(OC)c5ccccc54)cc3F)CC2)on1,GLASS,7.6777807052660805
CCCCCn1cc(C(=O)NC(C)C)c(=O)c2ccc(Sc3ccccc3)cc21,ChEMBL,7.679853713888946
CCCCCc1cc(OCCCCCCCCCCC(=O)NC2CC2)cc(OC(C)C)c1,ChEMBL,7.684029654543083
CCCCCn1cc(C(=O)c2ccc(C(=O)OC)c3ccccc23)c2ccccc21,ChEMBL,7.694648630553377
CCCCCc1cc(O)c2c(c1)CC(C)(C)[C@@H]1CCC(C)=C[C@@H]21,ChEMBL,7.696803942579511
CCCCCc1cc(O)c2c(c1)CC(C)(C)C1CCC(C)=CC21,GLASS,7.696803942579511
CCCCC/C=C\C/C=C\C/C=C\C/C=C\CCCCOC(CO)CO,ChEMBL,7.698970004336019
CCCCCC=CCC=CCC=CCC=CCCCC(=O)NC1CC1O,GLASS,7.698970004336019
CCCCCC=CCC=CCC=CCC=CCCCCOC(CO)CO,GLASS,7.698970004336019
O=c1c2nn(-c3ccccc3Cl)c(-c3ccc(Cl)cc3)c2ncn1C1CCCCC1,ChEMBL,7.698970004336019
COc1ccc(-c2c(C)c3c(n2-c2ccccc2Cl)CCN(N2CCCCC2)C3=O)cc1,ChEMBL,7.698970004336019
CCCCC/C=C\C/C=C\C/C=C\C/C=C\CCCC(=O)N[C@H]1C[C@H]1O,ChEMBL,7.698970004336019
O=C(NC1CCCCC1)c1cn(-c2ccc(F)cc2)c(-c2ccccc2Cl)n1,ChEMBL,7.698970004336019
C[S+]([O-])c1c(C(=O)NN2CCCCC2)nn(-c2ccc(Cl)cc2Cl)c1-c1ccc(Cl)cc1,ChEMBL,7.698970004336019
COc1ccc(-c2oc3ccccc3c2C(=O)c2ccc(N(C)Cc3ccc(F)cc3)cc2)cc1,ChEMBL,7.698970004336019
Cc1c(C(=O)NCCCCCCCNS(N)(=O)=O)nn(-c2ccc(Cl)cc2Cl)c1-c1ccc(Cl)cc1,ChEMBL,7.698970004336019
Cc1ccc(C(=O)c2cn(CCN3CCOCC3)c3ccccc23)c2ccccc12,ChEMBL,7.698970004336019
Cc1c(C(=O)NC2CCCCCC2)nn(-c2ccc(Cl)cc2Cl)c1-n1cccc1,ChEMBL,7.698970004336019
NC(=O)CN1CCN(Cc2nc(-c3cn(CC4CCOCC4)c4c(Cl)cccc34)no2)CC1,ChEMBL,7.700057099977233
CCCCCCC(C)(C)c1cc(O)cc(OCCCCCCCCCCC(=O)NC2CC2)c1,ChEMBL,7.700057099977233
N/C(=N\C(=N\S(=O)(=O)N1CCC(C(F)(F)F)CC1)N1CC(c2ccccc2)C(c2ccc(Cl)cc2)=N1)c1ccc(F)cc1,ChEMBL,7.703334809738469
Cc1c(C(=O)Nc2ccc(-c3ccsc3)cc2)nn(CCCCCCl)c1-c1ccccc1,ChEMBL,7.703334809738469
Cc1c(C(=O)NCCCCCCCNCCCCCCCN)nn(-c2ccc(Cl)cc2Cl)c1-c1ccc(Cl)cc1,ChEMBL,7.709965388637482
CCCCC(=O)NC1CCN(c2ncnc3c2nc(-c2ccccc2Cl)n3-c2ccc(Cl)cc2)CC1,ChEMBL,7.710634048479968
CC1CCC(NC(=O)c2cc3ccccc3n(Cc3ccc(F)cc3)c2=O)CC1,ChEMBL,7.712198270069774
CCCCC1=NN(C(=O)NC(C)(C)c2ccccc2)CC1c1ccsc1,ChEMBL,7.714442690992226
N/C(=N\C(=N\S(=O)(=O)N1CCOCC1)N1CC(c2ccccc2)C(c2ccc(Cl)cc2)=N1)c1ccc(Cl)cc1,ChEMBL,7.716698771296451
CCCCCCC(C)(C)c1cc(O)c2c(c1)OC(C)(C)c1cnn(CCO)c1-2,ChEMBL,7.718966632752273
CCCCn1c2c(cc(C(=O)NC3CCCCC3)c1=O)CCCCCC2,ChEMBL,7.721246399047171
CC1=CCC2C(C1)c1c(O)cc(CCCCCN=[N+]=[N-])cc1OC2(C)C,GLASS,7.721246399047171
CC1=CC[C@@H]2[C@@H](C1)c1c(O)cc(CCCCCN=[N+]=[N-])cc1OC2(C)C,ChEMBL,7.721246399047171
O=C(N[C@H]1CCCC[C@@H]1O)c1nc(-c2ccccc2Cl)n(-c2ccc(Cl)cc2)c1Br,ChEMBL,7.721246399047171
CC1=CC[C@@H]2[C@@H](C1)c1c(O)cc(C(C)(C)CCCCC(=O)Nc3ccc(S(N)(=O)=O)cc3)cc1OC2(C)C,ChEMBL,7.721246399047171
Cc1c(C(=O)NC2CC3CCC2C3)nc(-c2ccc(Cl)cc2Cl)n1-c1ccc(Cl)cc1,ChEMBL,7.721246399047171
CN1CCC(N/C(=N\S(=O)(=O)c2ccc(Cl)cc2)N2CC(c3ccccc3)C(c3ccc(Cl)cc3)=N2)CC1,ChEMBL,7.721246399047171
O=C(Nc1ccc(F)cc1)N1CCN(c2ncnc3c2nc(-c2ccccc2Cl)n3-c2ccc(Cl)cc2)CC1,ChEMBL,7.721246399047171
CCc1nn(-c2ccc([C@@H](C)NC(=O)C3(NC(=O)c4cc(OC)no4)CC3)c(F)c2)c2ccccc12,ChEMBL,7.721246399047171
O=C(NC1CCCCC1O)c1nc(-c2ccccc2Cl)n(-c2ccc(Cl)cc2)c1Br,GLASS,7.721246399047171
O=C(NCC1CCCC1)NC1CCN(c2ncnc3c2nc(-c2ccccc2Cl)n3-c2ccc(Cl)cc2)CC1,ChEMBL,7.721246399047171
CCc1nn(-c2ccc(C(C)NC(=O)C3(NC(=O)c4cc(OC)no4)CC3)c(F)c2)c2ccccc12,GLASS,7.721246399047171
CC1=CCC2C(C1)c1c(O)cc(C(C)(C)CCCCC(=O)Nc3ccc(S(N)(=O)=O)cc3)cc1OC2(C)C,GLASS,7.721246399047171
CC1=CCC2C(C1)c1c(O)cc(C(C)(C)c3ccc(Cl)cc3)cc1OC2(C)C,GLASS,7.72584215073632
CC1=CC[C@@H]2[C@@H](C1)c1c(O)cc(C(C)(C)c3ccc(Cl)cc3)cc1OC2(C)C,ChEMBL,7.72584215073632
CCCCCCC(C)(C)c1cc(O)c2c(c1)OC(C)(C)c1cn(CC)nc1-2,ChEMBL,7.730487055782084
CCCCCCC(C)(C)c1cc(O)c2c(c1)OC(C)(C)[C@H]1CC=C(CO)C[C@H]21,ChEMBL,7.730487055782084
O=C(NC1CCCCC1O)c1cnc(OCC2CC2)c(-c2ccc(C(F)(F)F)cc2)c1,GLASS,7.732828271596986
O=C(N[C@@H]1CCCC[C@H]1O)c1cnc(OCC2CC2)c(-c2ccc(C(F)(F)F)cc2)c1,ChEMBL,7.732828271596986
COc1ccc(-c2c(F)c(C(=O)NN3CCCCC3)nn2-c2ccc(Cl)cc2Cl)cc1,ChEMBL,7.739928612014925
CC(C)c1c(C(=O)NC2CCCCC2O)nc(-c2ccccc2Cl)n1-c1ccc(Cl)cc1,GLASS,7.7447274948966935
O=C(NC1CCN(c2ncnc3c2nc(-c2ccccc2Cl)n3-c2ccc(Cl)cc2)CC1)NC1CCC(F)(F)CC1,ChEMBL,7.7447274948966935
CC1=CCC2C(C1)c1c(O)cc(C(C)(C)CCCCC(=O)Nc3ccc(Cl)cc3Cl)cc1OC2(C)C,GLASS,7.7447274948966935
O=C(NC1CCCCC1)[C@@H]1CC[C@@H](c2ccc(Cl)cc2Cl)N(c2ccc(Cl)cc2)C1,ChEMBL,7.7447274948966935
CC(C)c1c(C(=O)N[C@H]2CCCC[C@@H]2O)nc(-c2ccccc2Cl)n1-c1ccc(Cl)cc1,ChEMBL,7.7447274948966935
O=C(NC1CCCCC1)C1CCC(c2ccc(Cl)cc2Cl)N(c2ccc(Cl)cc2)C1,GLASS,7.7447274948966935
CC1=CC[C@@H]2[C@@H](C1)c1c(O)cc(C(C)(C)CCCCC(=O)Nc3ccc(Cl)cc3Cl)cc1OC2(C)C,ChEMBL,7.7447274948966935
O=C(N[C@@H]1c2ccccc2C[C@@H]1O)c1cn(-c2ccc(Cl)cc2)c(-c2ccccc2Cl)n1,ChEMBL,7.7447274948966935
O=C(c1cc2c(cc1F)OC(c1ccc(F)cc1)(c1ccc(F)cc1)O2)N1CCOCC1,ChEMBL,7.7447274948966935
O=C(NC1CCCCCC1)c1cc2cccnc2n(CCN2CCOCC2)c1=O,ChEMBL,7.7447274948966935
Cc1ccc(-c2ncc(C(=O)NCCCc3ccccc3)nc2-c2ccc(C)cc2)cc1,ChEMBL,7.7447274948966935
Cn1c(=O)c(-c2ccc(Cl)cc2)c(-c2ccncc2)c2nn(Cc3ccc(C(F)(F)F)nc3)c(=O)n21,ChEMBL,7.7447274948966935
Cc1c(C(=O)NN2CCCCC2)nn(-c2ccc(Cl)cc2Cl)c1-c1ccc(Cl)cc1Cl,ChEMBL,7.747146969020107
CCOC(=O)N1CCC[C@@H](NC(=O)c2nn(-c3ccc(Cl)cc3Cl)c(-c3ccc(Cl)cc3)c2C)C1,ChEMBL,7.756961951313706
N/C(=N\S(=O)(=O)c1ccc(I)cc1)N1C[C@@H](c2ccccc2)C(c2ccc(Cl)cc2)=N1,ChEMBL,7.7594507517174005
Cc1c(C(=O)NCCCCCCCN(C)CCCCCCCNC(=O)c2nn(-c3ccc(Cl)cc3Cl)c(-c3ccc(Cl)cc3)c2C)nn(-c2ccc(Cl)cc2Cl)c1-c1ccc(Cl)cc1,ChEMBL,7.761953896871205
CCN(CC(=O)NC1CC1)C(=O)c1ccc2c(c1)c1c(n2C)CC[C@H](C2CCOCC2)C1,ChEMBL,7.761953896871205
CC1=CC[C@@H]2[C@@H](C1)c1c(O)cc(C3(c4ccccc4)SCCS3)cc1OC2(C)C,ChEMBL,7.761953896871205
CCCCCCC(C)(C)c1cc(O)cc(OCCCCCCCC(=O)N[C@H](C)CO)c1,ChEMBL,7.764471553092451
CCCCCC1=C/C(=C\c2cccc3ccccc23)c2ccccc21,ChEMBL,7.764471553092451
CC(C)(c1ccc(-c2cc(Cl)cc(Cl)c2)c(O)c1)c1cccs1,ChEMBL,7.764976840504777
CC1=CCC2C(C1)c1c(O)cc(C3(c4ccccc4)SCCS3)cc1OC2(C)C,GLASS,7.769551078621726
CC(NCCC(F)(F)F)c1ccc(S(=O)(=O)c2ccc(Cl)cc2S(=O)(=O)c2ccccc2F)cc1,GLASS,7.769551078621726
Cc1c(C=NN2CCCCC2)nn(-c2ccc(Cl)cc2Cl)c1-c1ccc(Cl)cc1,GLASS,7.769551078621726
CCCCCCC(C)(C)c1cc(O)cc(OCCCCCCCC(=O)NC(C)CO)c1,GLASS,7.769551078621726
CSC(=S)N1CC2(CCCCC2)CO/C1=N\c1cc(C(C)(C)C)on1,ChEMBL,7.769551078621726
O=C(NC1CCCCCC1)c1cn(Cc2ccccc2)c2ccccc2c1=O,ChEMBL,7.769551078621726
O=C(N[C@H]1Cc2ccccc2[C@H]1O)c1cn(-c2ccc(Cl)cc2)c(-c2ccccc2Cl)n1,ChEMBL,7.769551078621726
C[C@H](NCCC(F)(F)F)c1ccc(S(=O)(=O)c2ccc(Cl)cc2S(=O)(=O)c2ccccc2F)cc1,ChEMBL,7.769551078621726
CC1CCC(n2cc(C(=O)NC3CCCCC3)nc2-c2ccccc2Cl)CC1,ChEMBL,7.769551078621726
Cc1c(/C=N/N2CCCCC2)nn(-c2ccc(Cl)cc2Cl)c1-c1ccc(Cl)cc1,ChEMBL,7.769551078621726
CC1(NC(=O)NC2CCC(F)(F)CC2)CCN(c2ncnc3c2nc(-c2ccccc2Cl)n3-c2ccc(Cl)cc2)CC1,ChEMBL,7.769551078621726
CCS(=O)(=O)n1c2c(c3cc(C(=O)N4CCC(C)CC4)ccc31)CN(C1CCCC1)CC2,ChEMBL,7.769551078621726
COCCOC(=O)NC1CCN(c2ncnc3c2nc(-c2ccccc2Cl)n3-c2ccc(Cl)cc2)CC1,ChEMBL,7.769551078621726
N#Cc1ccc(S(=O)(=O)/N=C(\N)N2C[C@@H](c3ccccc3)C(c3ccc(Cl)cc3)=N2)cc1,ChEMBL,7.772113295386326
O=S1(=O)CCN(c2ncnc3c2nc(-c2ccccc2Cl)n3-c2ccc(Cl)cc2)CC1,ChEMBL,7.774690718274137
O=C(N[C@@H]1CCCC[C@H]1O)c1cnc(CCC2CC2)c(-c2ccc(Cl)cc2)c1,ChEMBL,7.777283528852417
O=C(NC1CCCCC1O)c1cnc(CCC2CC2)c(-c2ccc(Cl)cc2)c1,GLASS,7.777283528852417
CS/C(=N\S(=O)(=O)c1ccc(C(F)(F)F)cc1)N1CC(c2ccccc2)C(c2ccc(Cl)cc2)=N1,ChEMBL,7.779891911959945
Cc1ccc(C(=O)NC2CCCCCC2)c(OCc2ccc(F)cc2)n1,ChEMBL,7.779891911959945
CC(NC(=O)C1(NC(=O)c2cnccn2)CC1)c1ccc(-n2nc(Cl)c3ccccc32)cc1F,GLASS,7.782516055786093
O=C(NC1CCCCC1)c1cc2ccccc2n(Cc2ccc(F)cc2)c1=O,ChEMBL,7.782516055786093
C[C@@H](NC(=O)C1(NC(=O)c2cnccn2)CC1)c1ccc(-n2nc(Cl)c3ccccc32)cc1F,ChEMBL,7.782516055786093
CCCCC1=NN(C(=O)N[C@H]2C[C@H]3CC[C@]2(C)C3(C)C)C(C)(C)C1c1ccccc1,ChEMBL,7.79317412396815
CCCCCC1=NN(C(=O)NCC23CC4CC(CC(C4)C2)C3)CC1c1ccccc1,ChEMBL,7.79317412396815
N=C(NS(=O)(=O)c1ccc(Cl)cc1)N1CC(c2ccccc2)C(c2ccc(Cl)cc2)=N1,ChEMBL,7.79317412396815
CCCCCc1cc(O)cc(OCCCCCCCC(=O)NC2CC2)c1,ChEMBL,7.795880017344075
COc1cccc2c3c(=O)n([C@@H]4C(C)(C)[C@@H]5CC[C@@]4(C)C5)ccc3n(CCN3CCOCC3)c12,ChEMBL,7.795880017344075
O=S(=O)([C@@H]1CC[C@@H](c2ccc(Cl)cc2Cl)N(c2ccc(Cl)cc2)C1)N1CCCCC1,ChEMBL,7.795880017344075
COc1cccc2c3c(=O)n(C4C5(C)CCC(C5)C4(C)C)ccc3n(CCN3CCOCC3)c12,GLASS,7.795880017344075
O=S(=O)(C1CCC(c2ccc(Cl)cc2Cl)N(c2ccc(Cl)cc2)C1)N1CCCCC1,GLASS,7.795880017344075
C1=C(CCN2CCOCC2)c2ccccc2/C1=C/c1ccc2c3c(cccc13)CC2,ChEMBL,7.798602875679548
COc1ccc(-c2c(C)c(C(=O)NC3(C#N)CCCCC3)nn2-c2ccccc2Br)cc1,ChEMBL,7.804100347590766
CCCCCC1=NN(C(=O)NC[C@@H]2CC[C@H]3C[C@@H]2C3(C)C)CC1c1ccccc1,ChEMBL,7.806875401645538
Cc1c(C(=O)NCCCCCCCN(C)CCCCCCCN)nn(-c2ccc(Cl)cc2Cl)c1-c1ccc(Cl)cc1,ChEMBL,7.809668301829708
CCCCNC(=O)NC1(c2ccccc2)CCN(C(=O)c2nn(-c3ccc(Cl)cc3Cl)c(-c3ccc(Cl)cc3)c2C)CC1,ChEMBL,7.809668301829708
CCCCCCC(C)(C)c1cc(O)c2c(c1)OC(C)(C)c1cnoc1-2,ChEMBL,7.8124792791635365
CCc1c(C(=O)NC2CCCCC2)nn(-c2ccc(Cl)c(Cl)c2)c1-n1cccc1,ChEMBL,7.815308569182402
CCCCCC1=NN(C(=O)NCC2CCCCC2)CC1c1ccccc1,ChEMBL,7.815308569182402
CCCCCC1=NN(C(=O)NC2CCCCCC2)CC1c1ccccc1,ChEMBL,7.815308569182402
Fc1ccc(CC2CCC(c3ccc(Cl)cc3Cl)N(c3ccc(Cl)cc3)C2)cc1F,GLASS,7.823908740944319
CSC(=S)N1CC2(CCCCC2)CS/C1=N\c1cccc2c1CCCC2,ChEMBL,7.823908740944319
CS/C(N)=N\C(=N\S(=O)(=O)N1CCCCC1)N1CC(c2ccccc2)C(c2ccc(Cl)cc2)=N1,ChEMBL,7.823908740944319
O=C(c1cc2c(cc1F)OC(c1ccccc1)(c1ccccc1)O2)N1CCOCC1,ChEMBL,7.823908740944319
CCCCc1cc(O)c2c(c1)OC(C)(C)[C@@H]1CCC(C)=C[C@@H]21,ChEMBL,7.823908740944319
O=C(NN1CCCCC1)c1nn(-c2ccc(Cl)cc2Cl)c2c1CCc1cc(Cl)ccc1-2,ChEMBL,7.823908740944319
Cc1c(C(=O)NC[C@H]2CC[C@@H](CNS(N)(=O)=O)CC2)nn(-c2ccc(Cl)cc2Cl)c1-c1ccc(Cl)cc1,ChEMBL,7.823908740944319
Fc1ccc(C[C@H]2CC[C@H](c3ccc(Cl)cc3Cl)N(c3ccc(Cl)cc3)C2)cc1F,ChEMBL,7.823908740944319
CCCn1c2c(c3cc(C(=O)N4CCC(C)CC4)ccc31)CN(C1CCCC1)CC2,ChEMBL,7.823908740944319
CCn1nc2c(-c3ccc(Cl)cc3)c(-c3ccncc3)c(=O)n(Cc3ccc(C(F)(F)F)nc3)n2c1=O,ChEMBL,7.823908740944319
Cc1ccc2c(=O)c(C(=O)NC3CCCCC3)cn(Cc3ccc(F)cc3)c2n1,ChEMBL,7.823908740944319
CC1(NC(=O)NCc2ccccc2F)CCN(c2ncnc3c2nc(-c2ccccc2Cl)n3-c2ccc(Cl)cc2)CC1,ChEMBL,7.823908740944319
CCCCCCC(C)(C)c1ccc(-c2cccc(N)c2)c(O)c1,ChEMBL,7.823908740944319
CCNC(=O)NC1(c2ccccc2)CCN(C(=O)c2nn(-c3ccc(Cl)cc3Cl)c(-c3ccc(Cl)cc3)c2C)CC1,ChEMBL,7.823908740944319
CCNC1(C(N)=O)CCN(c2cnc(-c3ccc(OCC)cc3)c(-c3ccccc3Cl)n2)CC1,ChEMBL,7.825068406471558
CC1(C)C(C(=O)c2cn(CCCC(F)(F)F)c3ccccc23)C1(C)C,ChEMBL,7.830031826003108
Cc1c(C(=O)NC2CCN(C(=O)NC(C)(C)C)CC2)nn(-c2ccc(Cl)cc2Cl)c1-c1ccc(Cl)cc1,ChEMBL,7.8326826652518236
O=C(NN1CCCCC1)c1nn(-c2ccc(Cl)cc2Cl)c2c1CCCCc1cc(Cl)ccc1-2,ChEMBL,7.8326826652518236
CN/C(=N\S(=O)(=O)N1CCC(C(F)(F)F)CC1)N1CC(c2ccccc2)C(c2ccc(Cl)cc2)=N1,ChEMBL,7.838631997765025
CCCCC(=O)N1CCC(NC(=O)c2nn(-c3ccc(Cl)cc3Cl)c(-c3ccc(Cl)cc3)c2C)CC1,ChEMBL,7.838631997765025
CCCCn1cc(C(=O)N[C@@H]2C(C)(C)C3CC[C@]2(C)C3)c(=O)c2ccc(F)cc21,ChEMBL,7.841637507904751
C[C@H](NS(=O)(=O)C(F)(F)F)c1ccc(S(=O)(=O)c2ccc(Cl)cc2S(=O)(=O)c2c(F)cccc2NC2CC2)cc1,ChEMBL,7.841637507904751
CCCCn1cc(C(=O)NC2C3(C)CCC(C3)C2(C)C)c(=O)c2ccc(F)cc21,GLASS,7.841637507904751
CC(NS(=O)(=O)C(F)(F)F)c1ccc(S(=O)(=O)c2ccc(Cl)cc2S(=O)(=O)c2c(F)cccc2NC2CC2)cc1,GLASS,7.841637507904751
CCCCCn1cc(C(=O)N[C@H](C)c2ccccc2)c(=O)c2ccc(F)cc21,ChEMBL,7.844663962534938
CCCCCn1cc(C(=O)NC(C)c2ccccc2)c(=O)c2ccc(F)cc21,GLASS,7.844663962534938
CCCCCCC(C)(C)c1cc(O)c2c(c1)OC(C)(C)c1cn(C)nc1-2,ChEMBL,7.847711655616943
CCCCC1=NN(C(=O)NC(C)(C)c2ccccc2)CC1c1ccccc1,ChEMBL,7.847711655616943
CC1=CC[C@@H]2[C@@H](C1)c1c(O)cc(C(C)(C)C)cc1OC2(C)C,ChEMBL,7.853871964321762
CCCCCCC(C)(C)c1cc(O)c2c(c1)OC(C)(C)c1ccc(C(=O)OC)cc1-2,ChEMBL,7.853871964321762
CC(C)C[C@@H](CO)NC(=O)c1cnc(-c2ccc(Cl)cc2)c(-c2ccc(Cl)cc2)n1,ChEMBL,7.853871964321762
CCCCCn1c(C)c(C(=O)c2ccc(F)c3ccccc23)c2ccccc21,ChEMBL,7.853871964321762
CS/C(N)=N\C(=N\S(=O)(=O)N1CCC(F)(F)CC1)N1CC(c2ccccc2)C(c2ccc(Cl)cc2)=N1,ChEMBL,7.853871964321762
CCc1c(C(=O)NN2CCCCC2)nc(-c2ccc(Cl)cc2Cl)n1-c1ccc(Cl)cc1,ChEMBL,7.853871964321762
Cc1c(C(=O)NN2CC3CCCC3C2)nc(-c2ccc(Cl)cc2Cl)n1-c1ccc(Cl)cc1,ChEMBL,7.853871964321762
CSC(=S)N1CC2(CCCCC2)CO/C1=N\c1ccc([N+](=O)[O-])c2ccccc12,ChEMBL,7.853871964321762
CC(C)NC(=O)NC1CCN(c2ncnc3c2nc(-c2ccccc2Cl)n3-c2ccc(Cl)cc2)CC1,ChEMBL,7.853871964321762
CSC(=S)N1CC2(CCCCC2)CO/C1=N\c1cccc2c1CCCC2,ChEMBL,7.853871964321762
O=C(Nc1ccc(F)cc1F)NC1CCN(c2ncnc3c2nc(-c2ccccc2Cl)n3-c2ccc(Cl)cc2)CC1,ChEMBL,7.853871964321762
N#Cc1c(C(=O)NN2CCCCC2)nn(-c2ccc(Cl)cc2Cl)c1-c1ccc(Br)cc1,ChEMBL,7.853871964321762
Cc1c(C(=O)N[C@H](C)C2CCCCC2)nn(-c2ccc(Cl)c(Cl)c2)c1-n1cccc1,ChEMBL,7.853871964321762
Cc1c(C(=O)NC2CCCCC2)nn(-c2ccc(Cl)c(Cl)c2)c1-n1c(C)ccc1C,ChEMBL,7.853871964321762
CCCCCn1c(C)c(C(=O)c2ccc(I)c3ccccc23)c2ccccc21,ChEMBL,7.853871964321762
Cc1c(C(=O)NN2CCCCCC2)nn(-c2ccc(Cl)cc2Cl)c1-c1ccc(Cl)cc1,ChEMBL,7.853871964321762
CCCCCn1c(C)c(C(=O)c2ccc(Br)c3ccccc23)c2ccccc21,ChEMBL,7.853871964321762
CCCCC/C=C\C/C=C\C/C=C\C/C=C\CCCC(=O)N[C@@H]1C[C@@H]1O,ChEMBL,7.853871964321762
CC(C)CC(CO)NC(=O)c1cnc(-c2ccc(Cl)cc2)c(-c2ccc(Cl)cc2)n1,GLASS,7.853871964321762
CCc1c(C(=O)NN2CCCCC2)nc(-c2ccccc2Cl)n1-c1ccc(Cl)cc1,ChEMBL,7.853871964321762
CC1=CCC2C(C1)c1c(O)cc(C(C)(C)C)cc1OC2(C)C,GLASS,7.853871964321762
C/N=C(\NS(=O)(=O)c1cccc(Cl)c1)N1CC(c2ccccc2)C(c2ccc(Cl)cc2)=N1,ChEMBL,7.856985199745905
CC1(C)C(C(=O)c2cn(CC3CCOCC3)c3cc(Cl)ccc23)C1(C)C,ChEMBL,7.860120913598763
CCCCCn1cc(C(=O)NC23CC4CC(CC(C4)C2)C3)c(=O)c2c(C)csc21,ChEMBL,7.863279432843593
CC1=CC[C@@H]2[C@@H](C1)c1c(O)cc(C(C)(C)c3ccc(C(N)=O)cc3)cc1OC2(C)C,ChEMBL,7.863279432843593
CC(=O)Nc1cccc(C(C)(C)c2cc(O)c3c(c2)OC(C)(C)[C@@H]2CC=C(C)C[C@@H]32)c1,ChEMBL,7.863279432843593
CC(=O)Nc1cccc(C(C)(C)c2cc(O)c3c(c2)OC(C)(C)C2CC=C(C)CC32)c1,GLASS,7.863279432843593
CC1=CCC2C(C1)c1c(O)cc(C(C)(C)c3ccc(C(N)=O)cc3)cc1OC2(C)C,GLASS,7.863279432843593
C=CCOc1cc(CCCCC)cc(OCCCCCCCCCCC(=O)NC2CC2)c1,ChEMBL,7.866461091629782
Cc1c(C(=O)N2CCC(NC(=O)NC(C)C)(c3ccccc3)CC2)nn(-c2ccc(Cl)cc2Cl)c1-c1ccc(Cl)cc1,ChEMBL,7.8696662315049934
Cc1c(C(=O)NN2CCOCC2)nn(-c2ccc(Cl)cc2Cl)c1-c1ccc(I)cc1,ChEMBL,7.87942606879415
CC1=CCC2C(C1)c1c(O)cc(C(C)(C)CCCC(O)C#N)cc1OC2(C)C,GLASS,7.886056647693163
CCCCCC=CCC=CCC=CCC=CCCCC(=O)NCCCO,GLASS,7.886056647693163
CCN(CC)C(=O)CCCCC(C)(C)c1cc(O)c2c(c1)OC(C)(C)C1CC=C(C)CC21,GLASS,7.886056647693163
CC(C)(C)CC(=O)N1CCN(CC2CCC(c3ccc(Cl)cc3Cl)N(c3ccc(Cl)cc3)C2)CC1,GLASS,7.886056647693163
COc1ccc(-c2c(C#N)c(C(=O)NN3CCCCC3)nn2-c2ccc(F)cc2Cl)cc1,ChEMBL,7.886056647693163
O=C(N1CCCC1)N1CCN(c2ncnc3c2nc(-c2ccccc2Cl)n3-c2ccc(Cl)cc2)CC1,ChEMBL,7.886056647693163
CCN(CC)C(=O)CCCCC(C)(C)c1cc(O)c2c(c1)OC(C)(C)[C@@H]1CC=C(C)C[C@@H]21,ChEMBL,7.886056647693163
COc1ccccc1/N=C1\SCC2(CCCCC2)CN1C(=S)SC,ChEMBL,7.886056647693163
CC1=CC[C@@H]2[C@@H](C1)c1c(O)cc(C(C)(C)CCCC(O)C#N)cc1OC2(C)C,ChEMBL,7.886056647693163
CCCCCCc1c(O)cccc1OCCCCCCCCCCCC(=O)NC1CC1,ChEMBL,7.886056647693163
O=S(=O)(c1ccc2c(c1)OC(c1ccccc1)(c1ccccc1)O2)N1CC=C(c2ccc(F)cc2)CC1,ChEMBL,7.886056647693163
O=C(c1cc2c(cn1)OC(c1ccccc1)(c1ccccc1)O2)N1CCCCC1,ChEMBL,7.886056647693163
CCCCCc1cc(O)c2c(c1)OC(C)(C)c1ccc(C)cc1-2,ChEMBL,7.886056647693163
CC1=C(C(=O)c2cccc3ccccc23)C2C=CC=C3OC[C@@H](CN4CCOCC4)N1C32,ChEMBL,7.886056647693163
CCN(CC)S(=O)(=O)/N=C(/N=C(\N)SC)N1CC(c2ccccc2)C(c2ccc(Cl)cc2)=N1,ChEMBL,7.886056647693163
Cc1c(C(=O)Nc2ccncc2)nn(-c2ccc(Cl)cc2Cl)c1-c1ccc(Cl)cc1,ChEMBL,7.886056647693163
CC(C)(C)CC(=O)N1CCN(C[C@@H]2CC[C@@H](c3ccc(Cl)cc3Cl)N(c3ccc(Cl)cc3)C2)CC1,ChEMBL,7.886056647693163
CCCCC/C=C\C/C=C\C/C=C\C/C=C\CCCC(=O)NCCCO,ChEMBL,7.886056647693163
CCCCCCC1(c2ccc(-c3cc(C)cc(C)c3)c(O)c2)CC1,ChEMBL,7.886056647693163
CSc1c(C(=O)NN2CCCCC2)nn(-c2ccc(Cl)cc2Cl)c1-c1ccc(Cl)cc1,ChEMBL,7.886056647693163
COC(=O)CCCCCNC(=O)c1nn(-c2ccc(Cl)cc2Cl)c(-c2ccc(Cl)cc2)c1C,ChEMBL,7.886056647693163
CC1(C)C(C(=O)c2cn(CC3CCOCC3)c3cc(Br)ccc23)C1(C)C,ChEMBL,7.886056647693163
CC1(NC(=O)NC2CCCCC2)CCN(c2ncnc3c2nc(-c2ccccc2Cl)n3-c2ccc(Cl)cc2)CC1,ChEMBL,7.886056647693163
C[S+]([O-])c1c(C(=O)NN2CCCCC2)nc(-c2ccc(Cl)cc2Cl)n1-c1ccc(Cl)cc1,ChEMBL,7.889410289700751
CCCCCn1cc(C(=O)NOCc2ccccc2)c(=O)c2ccc(Sc3ccccc3)cc21,ChEMBL,7.889410289700751
CCCCCc1cc(O)cc(OCCCCCCCC(=O)N[C@H](C)CO)c1,ChEMBL,7.892790030352131
CCCCCc1cc(O)cc(OCCCCCCCC(=O)NC(C)CO)c1,GLASS,7.892790030352131
CCN1CCN(C(=O)c2cn3c4c(cccc24)OC[C@H]3C2CCCCC2)CC1,ChEMBL,7.899974269892137
CCCCCn1cc(C(=O)c2cccc3ccccc23)c2cccnc21,ChEMBL,7.899974269892137
O=C(N[C@@H]1CCCC[C@H]1O)c1cnc(OCC(F)(F)F)c(-c2ccc(Cl)cc2)c1,ChEMBL,7.906578314837765
O=C(NC1CCCCC1O)c1cnc(OCC(F)(F)F)c(-c2ccc(Cl)cc2)c1,GLASS,7.906578314837765
CC1=CC[C@@H]2[C@@H](C1)c1c(O)cc(C(C)(C)c3ccccc3)cc1OC2(C)C,ChEMBL,7.910094888560602
CS(=O)(=O)O.Cc1c(C(=O)c2ccc3ccccc3c2)c2cccc3c2n1[C@H](CN1CCOCC1)CO3,ChEMBL,7.913640169325252
CN/C(=N\S(=O)(=O)N1CCC(F)(F)CC1)N1CC(c2ccccc2)C(c2ccc(Cl)cc2)=N1,ChEMBL,7.913640169325252
CSc1c(C(=O)NN2CCCCC2)nc(-c2ccc(Cl)cc2Cl)n1-c1ccc(Cl)cc1,ChEMBL,7.913640169325252
CS(=O)(=O)O.Cc1c(C(=O)c2ccc3ccccc3c2)c2cccc3c2n1C(CN1CCOCC1)CO3,GLASS,7.913640169325252
Clc1ccc(-n2c(-c3ccccc3Cl)nc3c(N4CCN(CCc5ccncc5)CC4)ncnc32)cc1,ChEMBL,7.920818753952375
COc1ccc(CN2CCN(c3ncnc4c3nc(-c3ccccc3Cl)n4-c3ccc(Cl)cc3)CC2)cc1,ChEMBL,7.920818753952375
Cc1c(C(=O)NC2CCCCCC2)nn(-c2ccc(Cl)c(Cl)c2)c1-n1c(C)ccc1C,ChEMBL,7.920818753952375
CSc1c(C(=O)NN2CCCCCC2)nc(-c2ccc(Cl)cc2Cl)n1-c1ccc(Cl)cc1,ChEMBL,7.920818753952375
CCn1nc2c(-c3ccc(Cl)cc3)c(-c3ccc(C#N)cc3)c(=O)n(Cc3ccc(C)cc3)n2c1=O,ChEMBL,7.920818753952375
O=c1c2nn(-c3ccccc3Cl)c(-c3ccc(Cl)cc3)c2ncn1N1CCCCC1,ChEMBL,7.920818753952375
CC1(C)C(C(=O)c2cn(CC3CCOCC3)c3ccccc23)C1(C)C,ChEMBL,7.920818753952375
CC(c1ccncc1)N1CCN(c2ncnc3c2nc(-c2ccccc2Cl)n3-c2ccc(Cl)cc2)CC1,ChEMBL,7.920818753952375
O=c1n(Cc2ccc(C(F)(F)F)nc2)nc2c(-c3ccncc3)c(-c3ccc(Cl)cc3)cnn12,ChEMBL,7.920818753952375
CC1=CCC2C(C1)c1c(O)cc(C(C)(C)c3ccccc3)cc1OC2(C)C,GLASS,7.920818753952375
CCCCCC1=NN(C(=O)NC2CCCCCCC2)CC1c1ccccc1,ChEMBL,7.924453038607469
CS(=O)(=O)c1c(C(=O)NN2CCCCC2)nc(-c2ccc(Cl)cc2Cl)n1-c1ccc(Cl)cc1,ChEMBL,7.924453038607469
Cc1c(C(=O)N[C@@H]2CCCN(S(C)(=O)=O)C2)nn(-c2ccc(Cl)cc2Cl)c1-c1ccc(Cl)cc1,ChEMBL,7.926648297613099
CC(C)(C)c1nc2cc(NS(C)(=O)=O)ccc2n1CC1CCC(F)(F)CC1,ChEMBL,7.9299621333922445
CCS(=O)(=O)Nc1ccc2c(c1)nc(C(C)(C)C)n2CC1CCC(F)(F)CC1,ChEMBL,7.931814138253839
CCCCCCC(C)(C)c1cc(N)c2c(c1)OC(C)(C)C1CCC(C)=CC21,GLASS,7.931814138253839
Cc1ccn(Cc2ccc(F)cc2)c(=O)c1C(=O)NC1CCCCCC1,ChEMBL,7.931814138253839
CC1=CCC2C(C1)c1c(O)cc(-c3cccc4ccccc34)cc1OC2(C)C,GLASS,7.931814138253839
CCCCCc1cc(OCC)cc(OCCCCCCCCCCC(=O)NC2CC2)c1,ChEMBL,7.931814138253839
CC1=CC[C@@H]2[C@@H](C1)c1c(O)cc(-c3cccc4ccccc34)cc1OC2(C)C,ChEMBL,7.931814138253839
CCCCCCC(C)(C)c1cc(N)c2c(c1)OC(C)(C)[C@@H]1CCC(C)=C[C@@H]21,ChEMBL,7.931814138253839
Cc1c(C(=O)NN2CCOCC2)nn(-c2ccc(Cl)cc2Cl)c1-c1ccccc1Br,ChEMBL,7.93292914395463
O=C(NC1CCCCCC1)c1cc2ccccc2n(Cc2ccc(F)cc2)c1=O,ChEMBL,7.935542010773082
O=C(N[C@@H]1CCCC[C@H]1O)c1cnc(OCC2CC2)c(-c2ccc(Cl)cc2)c1,ChEMBL,7.943095148663527
CCCCCc1cc(OCCCC)cc(OCCCCCCCCCCC(=O)NC2CC2)c1,ChEMBL,7.94692155651658
CN/C(=N\S(=O)(=O)c1ccc(C(F)(F)F)cc1)C1=NN(c2ccc(Cl)cc2Cl)C(c2ccccc2)C1,ChEMBL,7.94692155651658
CC(NC(=O)C1(NC(=O)C(F)(F)F)CC1)c1ccc(-n2nc(Cl)c3ccccc32)cc1F,GLASS,7.958607314841775
O=C(c1cc2c(cc1F)OC(c1ccccc1)(c1ccccc1)O2)N1CCCCC1,ChEMBL,7.958607314841775
CCCCC/C=C\C/C=C\C/C=C\C/C=C\CCCC(=O)N[C@@H]1C[C@H]1O,ChEMBL,7.958607314841775
CCCCCC=CCC=CCC=CCC=CCCCC(=O)NCCO,GLASS,7.958607314841775
CC1=CCC2C(C1)c1c(O)cc(C(C)(C)c3cc(C)cc(C)c3)cc1OC2(C)C,GLASS,7.958607314841775
CCCn1cc(C(=O)NC2C3(C)CCC(C3)C2(C)C)c(=O)c2ccc(Sc3ccccc3)cc21,GLASS,7.958607314841775
COc1cc(C(=O)NC2(C(=O)NC(C)c3ccc(-n4ncc5ccccc54)cc3F)CC2)on1,GLASS,7.958607314841775
CC(C)(NC(=O)c1cc2c(n(CC3CCCCC3)c1=O)CCCCCC2)C(=O)NCC(N)=O,ChEMBL,7.958607314841775
CCCCC/C=C\C/C=C\C/C=C\C/C=C\CCCC(=O)NCCO,ChEMBL,7.958607314841775
NC1(c2ccccc2)CCN(c2ncnc3c2nc(-c2ccccc2Cl)n3-c2ccc(Cl)cc2)CC1,ChEMBL,7.958607314841775
CC1=CC[C@@H]2[C@@H](C1)c1c(O)cc(C(C)(C)c3cc(C)cc(C)c3)cc1OC2(C)C,ChEMBL,7.958607314841775
COC(C)(C)CN1CCc2c(nn(-c3ccccc3Cl)c2-c2ccc(Cl)cc2)C1=O,ChEMBL,7.958607314841775
C[C@@H](NC(=O)C1(NC(=O)C(F)(F)F)CC1)c1ccc(-n2nc(Cl)c3ccccc32)cc1F,ChEMBL,7.958607314841775
CCCCCCC(C)(C)c1cc(O)c(C2CCCCC2)c(O)c1,ChEMBL,7.958607314841775
Cc1c(C(=O)NCC2CCC(CNS(C)(=O)=O)CC2)nn(-c2ccc(Cl)cc2Cl)c1-c1ccc(Cl)cc1,ChEMBL,7.958607314841775
CCOCC(=O)N1CCN(c2ncnc3c2nc(-c2ccccc2Cl)n3-c2ccc(Cl)cc2)CC1,ChEMBL,7.958607314841775
O=C(NN1CC2CCCC2C1)c1nc(-c2ccc(Cl)cc2Cl)n(-c2ccc(Cl)cc2)c1Br,ChEMBL,7.958607314841775
COc1ccc(-c2c(C#N)c(C(=O)NN3CCCCC3)nn2-c2ccc(Cl)cc2Cl)cc1,ChEMBL,7.958607314841775
NC1(c2ccccc2)CCC(c2ncnc3c2nc(-c2ccccc2Cl)n3-c2ccc(Cl)cc2)CC1,ChEMBL,7.958607314841775
CC(=O)OCCC#Cc1ccc(-c2c(C)c(C(=O)NN3CCCCC3)nn2-c2ccc(Cl)cc2Cl)cc1,ChEMBL,7.958607314841775
CCCn1cc(C(=O)N[C@@H]2C(C)(C)C3CC[C@]2(C)C3)c(=O)c2ccc(Sc3ccccc3)cc21,ChEMBL,7.958607314841775
COc1cc(C(=O)NC2(C(=O)N[C@H](C)c3ccc(-n4ncc5ccccc54)cc3F)CC2)on1,ChEMBL,7.958607314841775
CCCC(C)(C)c1cc(O)c2c(c1)OC(C)(C)C1CC=C(C)CC21,GLASS,7.962573502059376
CCCC(C)(C)c1cc(O)c2c(c1)OC(C)(C)[C@@H]1CC=C(C)C[C@@H]21,ChEMBL,7.962573502059376
CCN(CC)S(=O)(=O)/N=C(/N=C(\N)c1ccc(Cl)cc1)N1CC(c2ccccc2)C(c2ccc(Cl)cc2)=N1,ChEMBL,7.966576244513051
Cc1cc(COc2ncc(C(=O)N[C@@H]3CCCC[C@H]3O)cc2-c2ccc(Cl)cc2)on1,ChEMBL,7.97469413473523
Cc1cc(COc2ncc(C(=O)NC3CCCCC3O)cc2-c2ccc(Cl)cc2)on1,GLASS,7.97469413473523
N/C(=N\C(=N\S(=O)(=O)N1CCCC1)N1CC(c2ccccc2)C(c2ccc(Cl)cc2)=N1)c1ccc(F)cc1,ChEMBL,7.978810700930062
N#Cc1c(C(=O)NN2CCCCC2)nn(-c2ccc(Cl)cc2Cl)c1-c1ccc(OCF)cc1,ChEMBL,7.987162775294828
CCCC1COc2cccc3c(=O)c(C(=O)NC4CCCCC4)cn1c23,ChEMBL,7.991399828238082
C[C@H](NS(=O)(=O)C(F)(F)F)c1ccc(S(=O)(=O)c2ccc(N)cc2S(=O)(=O)c2ccccc2F)cc1,ChEMBL,8.0
CCCCCCC(C)(C)c1cc(O)cc(OCCCCCCCCCCC(=O)OC(CO)CO)c1,ChEMBL,8.0
CCCCc1c(C(=O)N[C@H]2CCCC[C@@H]2O)nc(-c2ccccc2Cl)n1-c1ccc(Cl)cc1,ChEMBL,8.0
COc1nn2c(=O)n(Cc3ccc(C(F)(F)F)nc3)nc2c(-c2ccncc2)c1-c1ccc(Cl)cc1,ChEMBL,8.0
CC(NS(=O)(=O)C(F)(F)F)c1ccc(S(=O)(=O)c2ccc(N)cc2S(=O)(=O)c2ccccc2F)cc1,GLASS,8.0
COc1cc(C(=O)NC2(C(=O)N[C@H](C)c3ccc(-n4nc(C)c5c4CCCC5)cc3F)CC2)on1,ChEMBL,8.0
CCCCc1c(C(=O)NC2CCCCC2O)nc(-c2ccccc2Cl)n1-c1ccc(Cl)cc1,GLASS,8.0
COc1cc(C(=O)NC2(C(=O)NC(C)c3ccc(-n4nc(C)c5c4CCCC5)cc3F)CC2)on1,GLASS,8.0
Cc1ccc(-c2c(C)c3c(n2-c2ccc(Cl)cc2Cl)CCN(C2CCCCC2)C3=O)cc1,ChEMBL,8.0
CCN(CC)S(=O)(=O)/N=C(/N=C(\N)C(C)(C)C)N1CC(c2ccccc2)C(c2ccc(Cl)cc2)=N1,ChEMBL,8.0
O=S(=O)(NC1CCN(c2ncnc3c2nc(-c2ccccc2Cl)n3-c2ccc(C(F)(F)F)nc2)CC1)c1ccc(F)c(F)c1,ChEMBL,8.0
O=C(N1CCCCC1)N1CC(OC(c2ccc(Cl)cc2)c2cccnc2Cl)C1,ChEMBL,8.0
O=C(NN1CCCCC1)c1nc(-c2ccc(Cl)cc2Cl)n(-c2ccc(Cl)cc2)c1I,ChEMBL,8.0
CCCCCn1cc(C(=O)c2cccc3ccccc23)c2cc(F)ccc21,ChEMBL,8.006563769502389
CCNC1(C(N)=O)CCN(c2cnc(-c3ccc(Cl)cc3)c(-c3ccncc3)n2)CC1,ChEMBL,8.008330992620051
C=Cc1ccc(-c2c(C)c3c(n2-c2ccc(Cl)cc2Cl)CCN(C2CCCCC2)C3=O)cc1,ChEMBL,8.008773924307505
COc1ccc(-c2cc(C(=O)NC3CCCCCC3)c(=O)n(Cc3ccc(F)cc3)c2C)cc1,ChEMBL,8.008773924307505
O=C(NC1CCCCCC1)c1cc2cccnc2n(Cc2ccc(F)cc2)c1=O,ChEMBL,8.017728766960431
CN(C)CCN1CCN(/C(=N\S(=O)(=O)c2ccc(Cl)cc2)N2CC(c3ccccc3)C(c3ccc(Cl)cc3)=N2)CC1,ChEMBL,8.017728766960431
Cc1c(C(=O)NC2CCN(S(=O)(=O)CCC(F)(F)F)CC2)nn(-c2ccc(Cl)cc2Cl)c1-c1ccc(Cl)cc1,ChEMBL,8.017728766960431
CCCCCn1c(C)c(C(=O)c2cccc3ccccc23)c2ccccc21,ChEMBL,8.022276394711152
Cc1c(-c2cnc(C(C)C)[nH]2)nn(-c2ccc(Cl)cc2Cl)c1-c1ccc(Cl)cc1,ChEMBL,8.022276394711152
Cc1c(C(=O)NC2CCCCC2)nn(-c2ccc(Cl)cc2Cl)c1-n1c(Cl)ccc1Cl,ChEMBL,8.0268721464003
CSC(=S)N1CC2(CCCCC2)CO/C1=N\c1cccc2ccccc12,ChEMBL,8.031517051446064
CC1=CC[C@@H]2[C@@H](C1)c1c(O)cc(C(C)(C)c3ccc(C#N)cc3)cc1OC2(C)C,ChEMBL,8.033858267260968
CC1=CCC2C(C1)c1c(O)cc(C(C)(C)c3ccc(C#N)cc3)cc1OC2(C)C,GLASS,8.033858267260968
CS(=O)(=O)O.Cc1c(C(=O)c2cccc3ccccc23)c2cccc3c2n1C(CN1CCOCC1)CO3,GLASS,8.036212172654444
CCCCCN1N=C(C(=O)NC2C3CC4CC(C3)CC2C4)CC1c1ccccc1,ChEMBL,8.036212172654444
CC1=CCC2C(C1)c1c(O)cc(C(C)(C)CCCCC(C#N)c3ccccc3)cc1OC2(C)C,GLASS,8.036212172654444
CS(=O)(=O)O.Cc1c(C(=O)c2cccc3ccccc23)c2cccc3c2n1[C@H](CN1CCOCC1)CO3,ChEMBL,8.036212172654444
CCOC(=O)N1CCC(NC(=O)c2nn(-c3ccc(Cl)cc3Cl)c(-c3ccc(Cl)cc3)c2C)CC1,ChEMBL,8.036212172654444
CSC(=S)N1CC2(CCCCC2)CO/C1=N\c1ccc(C#N)c2ccccc12,ChEMBL,8.036212172654444
CC1=CC[C@@H]2[C@@H](C1)c1c(O)cc(C(C)(C)CCCCC(C#N)c3ccccc3)cc1OC2(C)C,ChEMBL,8.036212172654444
CN/C(=N\S(=O)(=O)N1CCC(F)(F)CC1)C1=NN(c2ccc(Cl)cc2)[C@@H](c2ccccc2)C1,ChEMBL,8.036212172654444
Cc1c(C(=O)NC2CCN(C(=O)C3CCCC3)CC2)nn(-c2ccc(Cl)cc2Cl)c1-c1ccc(Cl)cc1,ChEMBL,8.036212172654444
CC(C)CCNS(=O)(=O)C1CCC(c2ccc(Cl)cc2Cl)N(c2ccc(Cl)cc2)C1,GLASS,8.040958607678906
CC(C)CCNS(=O)(=O)[C@@H]1CC[C@@H](c2ccc(Cl)cc2Cl)N(c2ccc(Cl)cc2)C1,ChEMBL,8.040958607678906
CC1(NS(=O)(=O)NC2CCCCC2)CCN(c2ncnc3c2nc(-c2ccccc2Cl)n3-c2ccc(Cl)cc2)CC1,ChEMBL,8.045757490560675
Cc1c(-c2cn(C(C)C)cn2)nn(-c2ccc(Cl)cc2Cl)c1-c1ccc(Cl)cc1,ChEMBL,8.045757490560675
Cc1c(-c2ncn(C(C)C)c2C)nn(-c2ccc(Cl)cc2Cl)c1-c1ccc(Cl)cc1,ChEMBL,8.045757490560675
C=CCn1c2c(c3cc(C(=O)N4CCC(C)CC4)ccc31)CN(C1CCCC1)CC2,ChEMBL,8.045757490560675
CCCCC1=NN(C(=O)NC(C)(C)c2ccccc2)C(C)(C)C1c1ccccc1,ChEMBL,8.045757490560675
O=S(=O)(CC1CCCCC1)NC1CCN(c2ncnc3c2nc(-c2ccccc2Cl)n3-c2ccc(Cl)cc2)CC1,ChEMBL,8.045757490560675
CC(C)CCn1c2c(cc(C(=O)NCc3ccccc3)c1=O)CCCCCC2,ChEMBL,8.045757490560675
COc1ccc(-n2cc(C(=O)NC3CCCCC3)nc2-c2ccccc2Cl)cc1,ChEMBL,8.045757490560675
N#Cc1c(C(=O)NN2CC3CCCC3C2)nc(-c2ccc(Cl)cc2Cl)n1-c1ccc(Cl)cc1,ChEMBL,8.045757490560675
Cc1nc(C(F)(F)F)ccc1Cn1c(=O)c(-c2ccncc2)c(-c2ccc(Cl)cc2)c2nn(C)c(=O)n21,ChEMBL,8.045757490560675
CCCCCS(=O)(=O)NC1CCN(c2ncnc3c2nc(-c2ccccc2Cl)n3-c2ccc(Cl)cc2)CC1,ChEMBL,8.045757490560675
O=S(=O)(c1cc2c(cc1F)OC(c1ccc(F)cc1)(c1ccc(Cl)cc1Cl)O2)N1CCOCC1,ChEMBL,8.045757490560675
CC1(C)C(=O)N(c2ccc(F)c(C(F)(F)F)c2)C(=O)C1Cc1ccc(F)cc1NC(=O)Nc1ccc(S(N)(=O)=O)cc1,ChEMBL,8.045757490560675
C[C@H](NS(C)(=O)=O)c1ccc(S(=O)(=O)c2ccc(Cl)cc2S(=O)(=O)C2CCCCC2)cc1,ChEMBL,8.050609993355087
CSc1c(C(=O)NN2CCCC2)nc(-c2ccc(Cl)cc2Cl)n1-c1ccc(Cl)cc1,ChEMBL,8.050609993355087
CCCCCn1c(C)c(C(=O)c2ccc(Cl)c3ccccc23)c2ccccc21,ChEMBL,8.050609993355087
CC(NS(C)(=O)=O)c1ccc(S(=O)(=O)c2ccc(Cl)cc2S(=O)(=O)C2CCCCC2)cc1,GLASS,8.050609993355087
C[C@H](CO)NC(=O)CCC/C=C\C/C=C\CCOc1cccc(C(C)(C)CCCCBr)c1,ChEMBL,8.052076380168273
CC(CO)NC(=O)CCCC=CCC=CCCOc1cccc(C(C)(C)CCCCBr)c1,GLASS,8.052076380168273
CCCOC(=O)N1CCC(NC(=O)c2nn(-c3ccc(Cl)cc3Cl)c(-c3ccc(Cl)cc3)c2C)CC1,ChEMBL,8.05453141486818
O=C(NC1CCCCCC1)c1cc(Br)cn(Cc2ccc(F)cc2)c1=O,ChEMBL,8.05551732784983
Cc1c(C(=O)NC2CCCCC2)nn(-c2ccc(Cl)c(Cl)c2)c1-n1cccc1Cl,ChEMBL,8.065501548756432
CCCCCCC(C)(C)c1cccc(OCC/C=C\C/C=C\CCCC(=O)N[C@H](C)CO)c1,ChEMBL,8.068033885271827
CCCCCCC(C)(C)c1cccc(OCCC=CCC=CCCCC(=O)NC(C)CO)c1,GLASS,8.068033885271827
CCn1nc2c(-c3ccc(Cl)cc3)c(-c3ccncc3C)c(=O)n(Cc3ccc(C(F)(F)F)nc3C)n2c1=O,ChEMBL,8.075720713938118
CC1=CC[C@@H]2[C@@H](C1)c1c(OC(=O)CCCN3CCOCC3)cc(C(C)(C)CCCCC#N)cc1OC2(C)C,ChEMBL,8.075720713938118
CCCCCC1=NN(C(=O)N[C@H]2C[C@H]3CC[C@]2(C)C3(C)C)CC1c1ccccc1,ChEMBL,8.080921907623926
CC1=CC[C@@H]2[C@@H](C1)c1c(O)cc(C3(C#N)CCCCC3)cc1OC2(C)C,ChEMBL,8.083019952679617
CC1=CCC2C(C1)c1c(O)cc(C3(C#N)CCCCC3)cc1OC2(C)C,GLASS,8.083019952679617
CCOC(=O)c1ccc(CNC(=O)c2nn(-c3ccc(Cl)cc3Cl)c(-c3ccc(Cl)cc3)c2C)cc1,ChEMBL,8.086186147616283
Cc1ncsc1C(=O)NC1(C(=O)N[C@H](C)c2ccc(-n3nc(Cl)c4ccccc43)cc2F)CC1,ChEMBL,8.086186147616283
O=C(NC1CCCCC1)c1cn(-c2ccc(F)cc2)c(-c2ccc(Cl)cc2Cl)n1,ChEMBL,8.086186147616283
Cc1ncsc1C(=O)NC1(C(=O)NC(C)c2ccc(-n3nc(Cl)c4ccccc43)cc2F)CC1,GLASS,8.086186147616283
O=C(NC1CCCCC1)N1CCN(C(c2ccccc2)c2ccc(F)cc2Cl)CC1,ChEMBL,8.09151498112135
Clc1ccc(-n2c(-c3ccccc3Cl)nc3c(N4CCN(Cc5ccccc5Cl)CC4)ncnc32)cc1,ChEMBL,8.096910013008056
CC(C)(C)OC(=O)N1CCN(CC2CCC(c3ccc(Cl)cc3Cl)N(c3ccc(Cl)cc3)C2)CC1,GLASS,8.096910013008056
O=C(NC1CCN(c2ncnc3c2nc(-c2ccccc2Cl)n3-c2ccc(C(F)(F)F)nc2)CC1)c1ccccc1,ChEMBL,8.096910013008056
Cc1c(C(=O)NC[C@H]2CC[C@@H](CNS(C)(=O)=O)CC2)nn(-c2ccc(Cl)cc2Cl)c1-c1ccc(Cl)cc1,ChEMBL,8.096910013008056
O=C(CC1CCOC1)N1CCN(c2ncnc3c2nc(-c2ccccc2Cl)n3-c2ccc(Cl)cc2)CC1,ChEMBL,8.096910013008056
CC(C)(NC(=O)c1cc2c(n(CC3CCCCC3)c1=O)CCCCCC2)C(=O)N1CCC(O)CC1,ChEMBL,8.096910013008056
Cc1ccc(CN2CCN(c3ncnc4c3nc(-c3ccccc3Cl)n4-c3ccc(Cl)cc3)CC2)cc1,ChEMBL,8.096910013008056
CC(C)(C)OC(=O)N1CCN(C[C@@H]2CC[C@@H](c3ccc(Cl)cc3Cl)N(c3ccc(Cl)cc3)C2)CC1,ChEMBL,8.096910013008056
COc1cccc2c(C(=O)NC3C(C)(C)[C@@H]4CC[C@@]3(C)C4)c(C)n(CCN3CCOCC3)c12,ChEMBL,8.096910013008056
Cc1c(CN2CCN(c3ncnc4c3nc(-c3ccccc3Cl)n4-c3ccc(Cl)cc3)CC2)cnn1C,ChEMBL,8.096910013008056
COc1cccc2c(C(=O)NC3C4(C)CCC(C4)C3(C)C)c(C)n(CCN3CCOCC3)c12,GLASS,8.096910013008056
CCCCCn1cc(C(=O)c2cccc(-c3ccccc3)c2)c2ccccc21,ChEMBL,8.100015437450608
Cc1c(-c2cn(C3CC3)cn2)nn(-c2ccccc2Cl)c1-c1ccc(Cl)cc1,ChEMBL,8.102372908709558
COc1ccc(-c2c(C)c3c(n2-c2ccc(Cl)cc2Cl)CCN(C2CCCCC2)C3=O)cc1,ChEMBL,8.102372908709558
N/C(=N/C(=N/S(=O)(=O)N1CCCCC1)N1CC(c2ccccc2)C(c2ccc(Cl)cc2)=N1)c1ccc(Cl)cc1,ChEMBL,8.10790539730952
O=C(NN1CCCCC1)c1cc(-c2ccc(Cl)cc2)n(-c2ccc(Cl)cc2Cl)n1,ChEMBL,8.10790539730952
Cc1c(C(=O)NC2CCCCC2)nn(-c2ccc(Cl)cc2Cl)c1-n1cccc1Cl,ChEMBL,8.113509274827518
C=CCNC(=O)CCCCCCCOc1cc(OC)cc(C(C)(C)CCCCCC)c1,ChEMBL,8.119186407719209
CCCNC(=O)NC1(c2ccccc2)CCN(C(=O)c2nn(-c3ccc(Cl)cc3Cl)c(-c3ccc(Cl)cc3)c2C)CC1,ChEMBL,8.119186407719209
Cc1c(-c2cn(C(C)C)cn2)nn(-c2ccccc2Cl)c1-c1ccc(Cl)cc1,ChEMBL,8.119186407719209
CN/C(=N\S(=O)(=O)N1CCC(C(F)(F)F)CC1)C1=NN(c2ccc(Cl)cc2)C(c2ccccc2)C1,ChEMBL,8.119186407719209
COc1ccc(C(F)(F)F)cc1Cn1c(C(=O)NCC(C)(C)O)cc2cc(C#N)ccc21,ChEMBL,8.119987161633228
CN/C(=N\S(=O)(=O)N1CCC(F)CC1)N1CC(c2ccccc2)C(c2ccc(Cl)cc2)=N1,ChEMBL,8.1249387366083
COc1ccc(-c2c(C)c3c(n2-c2ccccc2Cl)CCN(C2CCCCC2)C3=O)cc1,ChEMBL,8.1249387366083
Cc1c2c(n(-c3ccc(Cl)cc3Cl)c1-c1ccc(Cl)cc1)CCN(C1CCCCC1)C2=O,ChEMBL,8.1249387366083
Cc1c(C(=O)NC2CCN(C(=O)c3ccccc3)CC2)nn(-c2ccc(Cl)cc2Cl)c1-c1ccc(Cl)cc1,ChEMBL,8.1249387366083
CCCCCC=CCC=CCC=CCC=CCCC(C)C(=O)NC(C)CO,GLASS,8.129596094720974
CCCCC/C=C\C/C=C\C/C=C\C/C=C\CC[C@@H](C)C(=O)N[C@H](C)CO,ChEMBL,8.129596094720974
CCCCCC1=NN(C(=O)Nc2cccc3ccccc23)CC1c1ccccc1,ChEMBL,8.130768280269024
C/C(N)=N/C(=N/S(=O)(=O)N1CCCC1)N1CC(c2ccccc2)C(c2ccc(Cl)cc2)=N1,ChEMBL,8.130768280269024
CCCCCC=CCC=CCC=CCC=CCCCC(=O)NCCC,GLASS,8.136677139879543
CCN(CC(=O)NC1CC1)C(=O)c1ccc2c(c1)c1c(n2C)CCC(C2CCOCC2)C1,ChEMBL,8.136677139879543
CCCCC/C=C\C/C=C\C/C=C\C/C=C\CCCC(=O)NCCC,ChEMBL,8.136677139879543
Cc1c(C(=O)N2CCC(NS(C)(=O)=O)(c3ccccc3)CC2)nn(-c2ccc(Cl)cc2Cl)c1-c1ccc(Cl)cc1,ChEMBL,8.136677139879543
C=CCNC(=O)CCCCCCCOc1cc(O)cc(C(C)(C)CCCCCC)c1,ChEMBL,8.141462802430361
CCCCCn1cc(C(=O)c2ccc(F)c3ccccc23)c2ccccc21,ChEMBL,8.142667503568731
Cc1ccc(-c2nc(C(=O)NC3CCCCC3)cn2-c2ccc(Cl)cc2)c(C)c1,ChEMBL,8.142667503568731
CN(CCCC(=O)NC1CC1)C(=O)c1ccc2c(c1)c1c(n2C)CCC(C2CCOCC2)C1,ChEMBL,8.148741651280925
CC(C)(C)OC(=O)NC1(c2ccccc2)CCN(c2ncnc3c2nc(-c2ccccc2Cl)n3-c2ccc(Cl)cc2)CC1,ChEMBL,8.148741651280925
CC(NCC(F)(F)F)c1ccc(S(=O)(=O)c2ccc(Cl)cc2S(=O)(=O)c2ccccc2F)cc1,GLASS,8.154901959985743
N#CCCC#Cc1ccc(-c2c(CO)c(C(=O)NN3CCOCC3)nn2-c2ccc(Cl)cc2Cl)cc1,GLASS,8.154901959985743
O=C(Nc1ccccc1)NC1CCN(c2ncnc3c2nc(-c2ccccc2Cl)n3-c2ccc(Cl)cc2)CC1,ChEMBL,8.154901959985743
O=C(c1cc2c(cc1F)OC(c1ccc(F)cc1F)(c1ccc(F)cc1F)O2)N1CCOCC1,ChEMBL,8.154901959985743
C[C@H](NCC(F)(F)F)c1ccc(S(=O)(=O)c2ccc(Cl)cc2S(=O)(=O)c2ccccc2F)cc1,ChEMBL,8.154901959985743
N#CC(c1ccccc1)N1CCN(c2ncnc3c2nc(-c2ccccc2Cl)n3-c2ccc(Cl)cc2)CC1,ChEMBL,8.154901959985743
O=C(N1CCCCC1)N1CC(O[C@H](c2ccc(Cl)cc2)c2cccnc2Cl)C1,ChEMBL,8.154901959985743
O=C(c1cc2c(cc1F)OC(c1ccc(F)cc1)(c1ccc(F)cc1)O2)N1CCCCC1,ChEMBL,8.154901959985743
Fc1ccccc1CN1CCN(c2ncnc3c2nc(-c2ccccc2Cl)n3-c2ccc(Cl)cc2)CC1,ChEMBL,8.154901959985743
Cc1c(C(=O)NC2CCCCC2O)nc(-c2ccccc2Cl)n1-c1ccc(Cl)cc1,GLASS,8.161150909262744
Cc1c(C(=O)N[C@H]2CCCC[C@@H]2O)nc(-c2ccccc2Cl)n1-c1ccc(Cl)cc1,ChEMBL,8.161150909262744
O=C(NC12CC3CC(CC(C3)C1)C2)c1nn(CCN2CCOCC2)c2ccccc12,ChEMBL,8.167491087293763
CC1=CC[C@@H]2[C@@H](C1)c1c(O)cc(C34CC5CC(CC(C5)C3)C4)cc1OC2(C)C,ChEMBL,8.167491087293763
CCc1c(C(=O)NC2CCCCC2)nn(-c2ccc(Cl)cc2Cl)c1-n1c(C)ccc1C,ChEMBL,8.173925197299173
CCCCCn1cc(C(=O)c2cccc3ccccc23)c2c(F)cccc21,ChEMBL,8.187086643357144
C=CCc1ccc(O)c(-c2ccc(O)c(CC=C)c2)c1,ChEMBL,8.189767482004916
Cc1c(C(=O)NC2CCN(C(=O)OC(C)C)CC2)nn(-c2ccc(Cl)cc2Cl)c1-c1ccc(Cl)cc1,ChEMBL,8.193820026016112
N/C(=N/C(=N/S(=O)(=O)N1CCCCC1)N1CC(c2ccccc2)C(c2ccc(Cl)cc2)=N1)c1ccc(F)cc1,ChEMBL,8.193820026016112
CCCCCC1=NN(C(=O)NC2C3CC4CC(C3)CC2C4)CC1c1ccccc1,ChEMBL,8.193820026016112
Cc1c(C(=O)NCCCCCN(C)CCCCCNC(=O)c2nn(-c3ccc(Cl)cc3Cl)c(-c3ccc(Cl)cc3)c2C)nn(-c2ccc(Cl)cc2Cl)c1-c1ccc(Cl)cc1,ChEMBL,8.197226274708024
COc1cccc2c(-c3nsc(CN4CCN(CC(N)=O)CC4)n3)cn(CC3CCOCC3)c12,ChEMBL,8.199970640755867
CCCCCn1cc(C(=O)c2ccccc2-c2ccccc2)c2ccccc21,ChEMBL,8.199970640755867
CC(C)(NC(=O)c1cc2c(n(CC3CCCCC3)c1=O)CCCCCC2)C(=O)NCCCO,ChEMBL,8.200659450546418
O=C(N[C@H]1c2ccccc2C[C@H]1O)c1cn(-c2ccc(Cl)cc2)c(-c2ccccc2Cl)n1,ChEMBL,8.200659450546418
O=C(NC1CCN(c2ncnc3c2nc(-c2ccccc2Cl)n3-c2ccc(Cl)cc2)CC1)NC1(C(F)(F)F)CCCC1,ChEMBL,8.200659450546418
CC(C)CNS(=O)(=O)[C@@H]1CC[C@@H](c2ccc(Cl)cc2Cl)N(c2ccc(Cl)cc2)C1,ChEMBL,8.200659450546418
CC(C)CNS(=O)(=O)C1CCC(c2ccc(Cl)cc2Cl)N(c2ccc(Cl)cc2)C1,GLASS,8.200659450546418
Cc1c(C(=O)NN2CCCCC2)nc(-c2ccc(Cl)cc2Cl)n1-c1ccc(OCc2ccccc2)cc1,ChEMBL,8.202040356262804
CS(=O)(=O)NC1(c2ccccc2)CCC(c2ncnc3c2nc(-c2ccccc2Cl)n3-c2ccc(Cl)cc2)CC1,ChEMBL,8.20690839982342
CS(=O)(=O)NC1(c2ccccc2)CCN(c2ncnc3c2nc(-c2ccccc2Cl)n3-c2ccc(Cl)cc2)CC1,ChEMBL,8.207608310501746
Cc1c(C(=O)NCCCCCCCCCN(C)CCCCCCCCCN)nn(-c2ccc(Cl)cc2Cl)c1-c1ccc(Cl)cc1,ChEMBL,8.213248577854438
CCCCCn1cc(C(=O)NC23CC4CC(CC(C4)C2)C3)c(=O)c2ccc(S(=O)(=O)c3ccccc3)cc21,ChEMBL,8.214670164989233
CCCCCN1N=C(C(=O)N[C@H]2C[C@H]3CC[C@]2(C)C3(C)C)CC1c1ccccc1F,ChEMBL,8.214670164989233
O=S(=O)(NC1CCN(c2ncnc3c2nc(-c2ccccc2Cl)n3-c2ccc(Cl)cc2)CC1)C(F)(F)F,ChEMBL,8.214670164989233
Clc1ccc(-n2c(-c3ccccc3Cl)nc3c(N4CCC(Nc5ccccc5)CC4)ncnc32)cc1,ChEMBL,8.221848749616356
CC1(NC(=O)Nc2ccc(F)cc2F)CCN(c2ncnc3c2nc(-c2ccccc2Cl)n3-c2ccc(Cl)cc2)CC1,ChEMBL,8.221848749616356
O=S(=O)(NC[C@@H]1CC[C@@H](c2ccc(Cl)cc2Cl)N(c2ccc(Cl)cc2)C1)c1cccnc1,ChEMBL,8.221848749616356
Cc1c2c(n(-c3ccc(Cl)cc3Cl)c1-c1ccc(F)cc1)CCN(C1CCCCC1)C2=O,ChEMBL,8.221848749616356
O=S(=O)(NCC1CCC(c2ccc(Cl)cc2Cl)N(c2ccc(Cl)cc2)C1)c1cccnc1,GLASS,8.221848749616356
O=C(c1cc2c(cc1F)OC(c1ccc(F)cc1F)(c1ccc(F)cc1F)O2)N1CCC(F)(F)CC1,ChEMBL,8.221848749616356
CC(C)(C)OCCC(=O)NC1CCN(c2ncnc3c2nc(-c2ccccc2Cl)n3-c2ccc(Cl)cc2)CC1,ChEMBL,8.221848749616356
CC(C)c1nc2c(-c3ccc(Cl)cc3)n(-c3ccccc3Cl)nc2c(=O)n1CC(F)(F)F,ChEMBL,8.221848749616356
CC(=O)NC1(c2ccccc2)CCN(c2ncnc3c2nc(-c2ccccc2Cl)n3-c2ccc(Cl)cc2)CC1,ChEMBL,8.221848749616356
O=C(Nc1ccccc1F)N1CCN(c2ncnc3c2nc(-c2ccccc2Cl)n3-c2ccc(Cl)cc2)CC1,ChEMBL,8.221848749616356
O=C(Nc1ccccc1)N1CCN(c2ncnc3c2nc(-c2ccccc2Cl)n3-c2ccc(Cl)cc2)CC1,ChEMBL,8.221848749616356
O=C(Nc1ccccn1)N1CCN(c2ncnc3c2nc(-c2ccccc2Cl)n3-c2ccc(Cl)cc2)CC1,ChEMBL,8.221848749616356
CCCCC(=O)N1CCN(c2ncnc3c2nc(-c2ccccc2Cl)n3-c2ccc(Cl)cc2)CC1,ChEMBL,8.221848749616356
O=C(NC1CCCCC1)c1nn(-c2ccc(Cl)cc2Cl)c(-c2ccc(Br)cc2)c1CO,ChEMBL,8.221993538576491
Cc1c(C(=O)NCC23CC4CC(CC(C4)C2)C3)nn(CCCCCCl)c1-c1ccccc1,ChEMBL,8.223008415143594
CCCCCc1cccc(OCCCCCCCCCCC(=O)NC2CC2)c1,ChEMBL,8.229147988357855
O=C(N1CCN(C(c2ccccc2)c2ccc(Cl)cc2Cl)CC1)C12CC3CC(CC(C3)C1)C2,ChEMBL,8.229147988357855
O=C(NC1CCCCC1)N1CCN(C(c2ccccc2)c2cc(Cl)ccc2Cl)CC1,ChEMBL,8.229147988357855
CCN(CC)S(=O)(=O)/N=C(/N=C(/C)N)N1CC(c2ccccc2)C(c2ccc(Cl)cc2)=N1,ChEMBL,8.229147988357855
Cc1cc(Cl)ccc1-c1c(C)c(C(=O)NN2CCCCC2)nn1-c1ccc(Cl)cc1Cl,ChEMBL,8.234331445240986
C[C@H](NS(=O)(=O)C(F)(F)F)c1ccc(S(=O)(=O)c2ccc(Cl)cc2S(=O)(=O)c2c(F)cccc2F)cc1,ChEMBL,8.236572006437063
O=C(NN1CCCCC1)c1nn(-c2ccc(Cl)cc2Cl)c(-c2ccc(-c3cccnc3)cc2)c1CO,ChEMBL,8.236572006437063
O=S(=O)(NCCC1CCC(c2ccc(Cl)cc2Cl)N(c2ccc(Cl)cc2)C1)c1cccnc1,GLASS,8.236572006437063
CC(NS(=O)(=O)C(F)(F)F)c1ccc(S(=O)(=O)c2ccc(Cl)cc2S(=O)(=O)c2c(F)cccc2F)cc1,GLASS,8.236572006437063
O=S(=O)(NCC[C@@H]1CC[C@@H](c2ccc(Cl)cc2Cl)N(c2ccc(Cl)cc2)C1)c1cccnc1,ChEMBL,8.236572006437063
O=C(C1CCCCC1)N1CCN(C(c2ccccc2)c2ccc(Cl)cc2Cl)CC1,ChEMBL,8.236572006437063
CC(C)(NC(=O)c1cc2c(n(CC3CCCCC3)c1=O)CCCCCC2)C(=O)NCCCCCO,ChEMBL,8.236572006437063
CCCCCn1cc(C(=O)c2ccc(C(=O)CC)c3ccccc23)c2ccccc21,ChEMBL,8.243363891754152
CCCc1c(C(=O)NC2CCCCC2O)nc(-c2ccccc2Cl)n1-c1ccc(Cl)cc1,GLASS,8.244125144327509
CCCc1c(C(=O)N[C@H]2CCCC[C@@H]2O)nc(-c2ccccc2Cl)n1-c1ccc(Cl)cc1,ChEMBL,8.244125144327509
CCCCCCC(C)(C)c1cc(O)c2c(c1)OC(C)(C)[C@@H]1CC=C(C(=O)O)C[C@@H]21,ChEMBL,8.244125144327509
Cc1c(C(=O)NC2CCCCC2)nn(-c2ccc(Cl)c(Cl)c2)c1-n1c(Cl)ccc1Cl,ChEMBL,8.2518119729938
Cc1c(C(=O)NC23CC4CC(CC(C4)C2)C3)nn(-c2ccc(Cl)c(Cl)c2)c1-n1c(C)ccc1C,ChEMBL,8.2518119729938
Cc1c(C(=O)NC2CCCCCC2)nn(-c2ccc(Cl)c(Cl)c2)c1-n1cccc1,ChEMBL,8.2518119729938
Cc1c(C(=O)NC2CCCCC2)nn(-c2ccc(Cl)c(Cl)c2)c1-n1cccc1,ChEMBL,8.2518119729938
CC(CO)NC(=O)CCCC=CCC=CCCOc1cccc(C(C)(C)CCCC#N)c1,GLASS,8.258848401148216
Cc1c(C(=O)NCCCCCCCCCCCN(C)CCCCCCCCCCCN)nn(-c2ccc(Cl)cc2Cl)c1-c1ccc(Cl)cc1,ChEMBL,8.258848401148216
C[C@H](CO)NC(=O)CCC/C=C\C/C=C\CCOc1cccc(C(C)(C)CCCC#N)c1,ChEMBL,8.258848401148216
CCN(CC)S(=O)(=O)/N=C(/N=C(\N)c1ccc(F)cc1)N1CC(c2ccccc2)C(c2ccc(Cl)cc2)=N1,ChEMBL,8.259637310505756
N/C(=N\C(=N\S(=O)(=O)N1CCC(F)(F)CC1)N1CC(c2ccccc2)C(c2ccc(Cl)cc2)=N1)c1ccc(Cl)cc1,ChEMBL,8.259637310505756
N/C(=N\C(=N\S(=O)(=O)N1CCC(C(F)(F)F)CC1)N1CC(c2ccccc2)C(c2ccc(Cl)cc2)=N1)c1ccc(Cl)cc1,ChEMBL,8.259637310505756
COc1ccc(-c2c(C)c3c(n2-c2ccc(Cl)cc2Cl)CCN(C2CCCCC2)C3=O)cc1OC,ChEMBL,8.259637310505756
COc1ccc(OC(F)(F)F)cc1Cn1c(C(=O)NCC(C)(C)O)cc2cc(C#N)ccc21,ChEMBL,8.260032303240491
CN1CCCCC1Cn1cc(C(=O)C2C(C)(C)C2(C)C)c2ccccc21,ChEMBL,8.260032303240491
Cc1c(C(=O)NCCCCCCCCCNCCCCCCCCCN)nn(-c2ccc(Cl)cc2Cl)c1-c1ccc(Cl)cc1,ChEMBL,8.26440110030182
Cc1c(C(=O)NN2CCCCC2)nn(-c2ccc(Cl)cc2Cl)c1-c1ccc(Cl)cc1.Cl,ChEMBL,8.267606240177031
CCCCCC=CCC=CCC=CCC=CCCCC(=O)NCCCl,GLASS,8.275724130399212
CCCCC/C=C\C/C=C\C/C=C\C/C=C\CCCC(=O)NCCCl,ChEMBL,8.275724130399212
CCCCCn1cc(C(=O)NC23CC4CC(CC(C4)C2)C3)c(=O)c2ccc(Sc3ccccc3)cc21,ChEMBL,8.275724130399212
CC1=CC[C@@H]2[C@@H](C1)c1c(O)cc(C(C)(C)c3cccc(F)c3)cc1OC2(C)C,ChEMBL,8.279014255846262
CC1=CCC2C(C1)c1c(O)cc(C(C)(C)c3cccc(F)c3)cc1OC2(C)C,GLASS,8.279014255846262
Cc1c(-c2ncc(C(C)C)[nH]2)nn(-c2ccc(Cl)cc2Cl)c1-c1ccc(Cl)cc1,ChEMBL,8.2839966563652
CCCCCCC(C)(C)c1ccc(-c2ccccc2N)c(O)c1,ChEMBL,8.2839966563652
CCCCN(C)N=O,GLASS,8.2839966563652
CCCCCc1ccc(OCCCCCCCCCCC(=O)NC2CC2)cc1O,ChEMBL,8.2839966563652
CCCCCc1cc(O)cc(OCCCCCCCCCCC(=O)NC2CC2)c1,ChEMBL,8.2839966563652
O=[N+]([O-])CC(c1ccccc1F)c1c(-c2cccc(F)c2)[nH]c2c(F)cccc12,ChEMBL,8.2839966563652
CCCCCCC(C)(C)c1cc(O)c2c(c1)OC(C)(C)c1cnn(-c3ccc(Cl)cc3Cl)c1-2,ChEMBL,8.2839966563652
COCCOc1ncc(C(=O)N[C@@H]2CCCC[C@H]2O)cc1-c1ccc(Cl)cc1,ChEMBL,8.292429823902063
N#Cc1ccc(C(=O)NCCC2CCC(c3ccc(Cl)cc3Cl)N(c3ccc(Cl)cc3)C2)cc1,GLASS,8.292429823902063
N#Cc1ccc(C(=O)NCC[C@@H]2CC[C@@H](c3ccc(Cl)cc3Cl)N(c3ccc(Cl)cc3)C2)cc1,ChEMBL,8.292429823902063
CC(C)C(=O)N[C@H]1CCCOc2c1nn(-c1ccccc1Cl)c2-c1ccc(Cl)cc1,ChEMBL,8.292429823902063
CCCCCc1cc(O)c2c(c1)OC(C)(C)C1CCC(C)=CC21,GLASS,8.296708621881338
CC1=CCC2C(C1)c1c(O)cc(C(C)(C)c3ccc(Br)cc3)cc1OC2(C)C,GLASS,8.298432014944073
CC1=CC[C@@H]2[C@@H](C1)c1c(O)cc(C(C)(C)c3ccc(Br)cc3)cc1OC2(C)C,ChEMBL,8.298432014944073
CC(C)(O)CCNC(=O)c1cc2cc(C#N)ccc2n1Cc1cccc(OC(F)(F)F)c1,ChEMBL,8.299988937677888
CCCCCCC(C)(C)c1cc(O)cc(OCCCCCCCC(=O)NC2CC2)c1,ChEMBL,8.299988937677888
O=S(=O)(C1CC1)N1CCN(c2ncnc3c2nc(-c2ccccc2Cl)n3-c2ccc(Cl)cc2)CC1,ChEMBL,8.301029995663981
O=C(Nc1ccc(F)cc1F)N1CCN(c2ncnc3c2nc(-c2ccccc2Cl)n3-c2ccc(Cl)cc2)CC1,ChEMBL,8.301029995663981
O=C(NC1CCCC1)N1CCN(c2ncnc3c2nc(-c2ccccc2Cl)n3-c2ccc(Cl)cc2)CC1,ChEMBL,8.301029995663981
O=C(C1COc2ccccc2O1)N1CCN(c2ncnc3c2nc(-c2ccccc2Cl)n3-c2ccc(Cl)cc2)CC1,ChEMBL,8.301029995663981
CCCCCc1cc(O)c2c(c1)OC(C)(C)C1=C2C[C@@H](C)CC1,ChEMBL,8.301029995663981
O=S(=O)(NC1CCCCC1)NC1CCN(c2ncnc3c2nc(-c2ccccc2Cl)n3-c2ccc(Cl)cc2)CC1,ChEMBL,8.301029995663981
N#Cc1ccc(C(=O)NC[C@@H]2CC[C@@H](c3ccc(Cl)cc3Cl)N(c3ccc(Cl)cc3)C2)cc1,ChEMBL,8.301029995663981
Cc1c(-c2cn(C3CCC3)cn2)nn(-c2ccc(Cl)cc2Cl)c1-c1ccc(Cl)cc1,ChEMBL,8.301029995663981
C[C@H](NS(=O)(=O)C(F)(F)F)c1ccc(S(=O)(=O)c2ccc(OC(F)(F)F)cc2S(=O)(=O)c2ccccc2F)cc1,ChEMBL,8.301029995663981
O/N=C(\c1ccc(F)cc1)C1CCN(c2ncnc3c2nc(-c2ccccc2Cl)n3-c2ccc(Cl)cc2)CC1,ChEMBL,8.301029995663981
CC(NS(=O)(=O)C(F)(F)F)c1ccc(S(=O)(=O)c2ccc(OC(F)(F)F)cc2S(=O)(=O)c2ccccc2F)cc1,GLASS,8.301029995663981
CC1(NC(=O)NC2CCN(c3ncnc4c3nc(-c3ccccc3Cl)n4-c3ccc(Cl)cc3)CC2)CCC(F)(F)CC1,ChEMBL,8.301029995663981
Cc1c(C(=O)NC2CCCc3ccccc32)oc2ccc(S(=O)(=O)N3CC(C)CC(C)C3)cc12,ChEMBL,8.301029995663981
CCn1nc2c(-c3ccc(Cl)cc3)c(-c3ccc(CO)nc3)c(=O)n(Cc3ccc(C(F)(F)F)nc3C)n2c1=O,ChEMBL,8.301029995663981
CCn1nc2c(-c3ccc(Cl)cc3)c(-c3ccc(C#N)cc3)c(=O)n(Cc3ccc(C#N)cc3)n2c1=O,ChEMBL,8.301029995663981
CC(C)(C)OC(=O)N1CCN(c2ncnc3c2nc(-c2ccccc2Cl)n3-c2ccc(Cl)cc2)CC1,ChEMBL,8.301029995663981
CCc1c(C(=O)N[C@H]2CCCC[C@@H]2O)nc(-c2ccccc2Cl)n1-c1ccc(Cl)cc1,ChEMBL,8.301029995663981
N#Cc1ccc(C(=O)NCC2CCC(c3ccc(Cl)cc3Cl)N(c3ccc(Cl)cc3)C2)cc1,GLASS,8.301029995663981
O=C(Nc1ccc(F)c(F)c1)N1CCN(c2ncnc3c2nc(-c2ccccc2Cl)n3-c2ccc(Cl)cc2)CC1,ChEMBL,8.301029995663981
Cc1c(C(=O)NN2CC3CCCC3C2)nn(-c2ccc(Cl)cc2Cl)c1-c1ccc(Cl)cc1,ChEMBL,8.301029995663981
FC(F)(F)c1ccccc1CN1CCN(c2ncnc3c2nc(-c2ccccc2Cl)n3-c2ccc(Cl)cc2)CC1,ChEMBL,8.301029995663981
Cc1ccc(-c2ncc(C(=O)NC(C)CCc3ccccc3)nc2-c2ccc(C)cc2)cc1,ChEMBL,8.301029995663981
CC(NS(=O)(=O)C(F)(F)F)c1ccc(S(=O)(=O)c2ccc(NC3CC3)cc2S(=O)(=O)c2ccccc2F)cc1,GLASS,8.309803919971486
CC(C)(NC(=O)c1cc2c(n(CC3CCCCC3)c1=O)CCCCCC2)C(=O)N1CCC(C(N)=O)CC1,ChEMBL,8.309803919971486
CSC(=S)N1CC2(CCCCC2)CO/C1=N\c1ccc(N(C)C)c2ccccc12,ChEMBL,8.309803919971486
Cc1c(F)cc(C(=O)NC2CCCCCC2)c(=O)n1Cc1ccc(F)cc1,ChEMBL,8.309803919971486
COc1ccc(-n2cc(C(=O)NC3CCCCC3)nc2-c2ccc(Cl)cc2Cl)cc1,ChEMBL,8.309803919971486
C[C@H](NS(=O)(=O)C(F)(F)F)c1ccc(S(=O)(=O)c2ccc(NC3CC3)cc2S(=O)(=O)c2ccccc2F)cc1,ChEMBL,8.309803919971486
CSC(=S)N1CC2(CCCCC2)CO/C1=N\c1ccc(F)c2ccccc12,ChEMBL,8.309803919971486
O=[N+]([O-])CC(c1ccccc1F)c1c(-c2cccc(F)c2)[nH]c2cc(F)ccc12,ChEMBL,8.318758762624412
CC(C)(C)N1CCc2c(nn(-c3ccccc3Cl)c2-c2ccc(Cl)cc2)C1=O,ChEMBL,8.327902142064282
CC(=O)NCCNC(=O)C(C)(C)NC(=O)c1cc2c(n(CC3CCCCC3)c1=O)CCCCCC2,ChEMBL,8.327902142064282
COc1ccc(-c2c(C#N)c(C(=O)NN3CCCCC3)nn2-c2ccccc2Br)cc1,ChEMBL,8.327902142064282
CCCCCN1N=C(C(=O)N[C@H]2C[C@H]3CC[C@]2(C)C3(C)C)CC1c1ccccc1,ChEMBL,8.327902142064282
CN/C(=N\S(=O)(=O)N1CCC(C(F)(F)F)CC1)N1C[C@H](c2ccccc2)C(c2ccc(Cl)cc2)=N1,ChEMBL,8.327902142064282
CCCCn1cc(C(=O)N[C@@H]2C(C)(C)C3CC[C@]2(C)C3)c(=O)c2ccc(Sc3ccccc3)cc21,ChEMBL,8.327902142064282
CCn1nc2c(-c3ccc(Cl)cc3)c(-c3cnc(C)nc3)c(=O)n(Cc3ccc(C(F)(F)F)nc3C)n2c1=O,ChEMBL,8.327902142064282
CCN1CCc2c(nn(-c3ccccc3Cl)c2-c2ccc(Cl)cc2)C1=O,ChEMBL,8.327902142064282
Cc1c(-c2cn(C3CCCCC3)cn2)nn(-c2ccc(Cl)cc2Cl)c1-c1ccc(Cl)cc1,ChEMBL,8.327902142064282
CCCCn1cc(C(=O)NC2C3(C)CCC(C3)C2(C)C)c(=O)c2ccc(Sc3ccccc3)cc21,GLASS,8.327902142064282
Cc1c(C(=O)Nc2ccc(O)cc2)nn(-c2ccc(Cl)cc2Cl)c1-c1ccc(Cl)cc1,ChEMBL,8.337242168318426
Cc1ccc(-n2cc(C(=O)NC3CCCCC3)nc2-c2ccccc2Cl)cc1,ChEMBL,8.337242168318426
CCCCCCC(C)(C)c1ccc(-c2cc(C)ccc2C)c(O)c1,ChEMBL,8.337242168318426
Cc1c(C(=O)NN2CCCCC2)nn(-c2ccc(Cl)cc2Cl)c1-c1ccc(C#CCCO[N+](=O)[O-])cc1,GLASS,8.337242168318426
CCn1nc2c(-c3ccc(Cl)cc3)c(-c3ccncc3)c(=O)n(Cc3ccc(C(F)(F)F)nc3C)n2c1=O,ChEMBL,8.346787486224656
CCCCCCC(C)(C)c1cc(O)c2c(c1)OC(C)(C)c1cnn(CC)c1-2,ChEMBL,8.346787486224656
Cc1c(C(=O)NCCCCCCCNCCCCCCCNC(=O)c2nn(-c3ccc(Cl)cc3Cl)c(-c3ccc(Cl)cc3)c2C)nn(-c2ccc(Cl)cc2Cl)c1-c1ccc(Cl)cc1,ChEMBL,8.355561410532161
O=C(c1cccc2ccccc12)c1cn(CCCCCF)c2cccc(F)c12,ChEMBL,8.358525889495901
Cc1ccc(C(F)(F)F)cc1Cn1c(C(=O)NCCC(C)(C)O)cc2cc(C#N)ccc21,ChEMBL,8.36001575195841
CC(C)C(=O)N(C)C1CCCOc2c1nn(-c1ccccc1Cl)c2-c1ccc(Cl)cc1,ChEMBL,8.366531544420413
N#Cc1ccc(S(=O)(=O)NCCC2CCC(c3ccc(Cl)cc3Cl)N(c3ccc(Cl)cc3)C2)cc1,GLASS,8.3767507096021
N#Cc1ccc(S(=O)(=O)NCC[C@@H]2CC[C@@H](c3ccc(Cl)cc3Cl)N(c3ccc(Cl)cc3)C2)cc1,ChEMBL,8.3767507096021
N#Cc1ccc(Cn2nc3c(-c4ccncc4)c(-c4ccc(Cl)cc4)c(=O)n(Cc4ccc(C#N)cc4)n3c2=O)cc1,ChEMBL,8.3767507096021
CCN(CC(=O)NC1CC1)C(=O)c1ccc2c(c1)c1c(n2C)CC[C@@H](C2CCOCC2)C1,ChEMBL,8.3767507096021
Cc1c2c(n(-c3ccc(Cl)cc3Cl)c1-c1ccc(C(F)(F)F)cc1)CCN(C1CCCCC1)C2=O,ChEMBL,8.387216143280265
CC(NS(=O)(=O)C(F)(F)F)c1ccc(S(=O)(=O)c2ccc(Cl)cc2S(=O)(=O)c2c(N)cccc2F)cc1,GLASS,8.387216143280265
C[C@H](NS(=O)(=O)C(F)(F)F)c1ccc(S(=O)(=O)c2ccc(Cl)cc2S(=O)(=O)c2c(N)cccc2F)cc1,ChEMBL,8.387216143280265
CC(C)(C)NC(=O)C1(c2ccccc2)CCN(c2ncnc3c2nc(-c2ccccc2Cl)n3-c2ccc(Cl)cc2)CC1,ChEMBL,8.38933983691012
CC(C)CC(=O)NC1CCN(c2ncnc3c2nc(-c2ccccc2Cl)n3-c2ccc(Cl)cc2)CC1,ChEMBL,8.396855627379818
O=C(NC1CCN(c2ncnc3c2nc(-c2ccccc2Cl)n3-c2ccc(Cl)cc2)CC1)OCc1ccccc1,ChEMBL,8.397940008672037
CC1=CCC2C(C1)c1c(OC(=O)CCCN3CCOCC3)cc(C(C)(C)CCCCC#N)cc1OC2(C)C.Cl,GLASS,8.397940008672037
CC1=CC[C@@H]2[C@@H](C1)c1c(OC(=O)CCCN3CCOCC3)cc(C(C)(C)CCCCC#N)cc1OC2(C)C.Cl,ChEMBL,8.397940008672037
O=S(=O)(NC1CCN(c2ncnc3c2nc(-c2ccccc2Cl)n3-c2ccc(C(F)(F)F)nc2)CC1)c1ccccc1F,ChEMBL,8.397940008672037
Cc1ccccc1CN1CCN(c2ncnc3c2nc(-c2ccccc2Cl)n3-c2ccc(Cl)cc2)CC1,ChEMBL,8.397940008672037
O=C(c1cc2c(cc1F)OC(c1ccc(F)cc1)(c1ccc(Cl)cc1Cl)O2)N1CCCCC1,ChEMBL,8.397940008672037
O=S(=O)(CCC(F)(F)F)NC1CCN(c2ncnc3c2nc(-c2ccccc2Cl)n3-c2ccc(Cl)cc2)CC1,ChEMBL,8.397940008672037
O=C(c1cc2c(cc1F)OC(c1ccc(F)cc1)(c1ccc(Cl)cc1Cl)O2)N1CCOCC1,ChEMBL,8.397940008672037
O=c1c2nn(-c3ccccc3Cl)c(-c3ccc(Cl)cc3)c2cnn1CC(F)(F)F,ChEMBL,8.397940008672037
O=C(Nc1ccccc1F)NC1CCN(c2ncnc3c2nc(-c2ccccc2Cl)n3-c2ccc(Cl)cc2)CC1,ChEMBL,8.397940008672037
CC1=CCC2C(C1)c1c(OC(=O)CCCN3CCOCC3)cc(C(C)(C)CCCCC#N)cc1OC2(C)C,GLASS,8.397940008672037
Fc1ccc(CN2CCN(c3ncnc4c3nc(-c3ccccc3Cl)n4-c3ccc(Cl)cc3)CC2)cc1,ChEMBL,8.397940008672037
O=C(c1cc2c(cc1F)OC(c1ccccc1F)(c1ccc(Cl)cc1Cl)O2)N1CCOCC1,ChEMBL,8.397940008672037
CCn1cnc2c(-c3ccc(Cl)cc3)n(-c3ccccc3Cl)nc2c1=O,ChEMBL,8.397940008672037
O=c1c2nn(-c3ccccc3Cl)c(-c3ccc(Cl)cc3)c2ncn1Cc1ccccc1,ChEMBL,8.397940008672037
CC1(NC(=O)Nc2ccccc2F)CCN(c2ncnc3c2nc(-c2ccccc2Cl)n3-c2ccc(Cl)cc2)CC1,ChEMBL,8.397940008672037
Clc1ccc(-n2c(-c3ccccc3Cl)nc3c(N4CCN(Cc5ccccc5)CC4)ncnc32)cc1,ChEMBL,8.397940008672037
O=C(Nc1ccc(OC(F)F)nc1)N1CCN(c2ncnc3c2nc(-c2ccccc2Cl)n3-c2ccc(Cl)cc2)CC1,ChEMBL,8.397940008672037
CCCCCn1cc(C(=O)N[C@@H]2C(C)(C)C3CC[C@]2(C)C3)c(=O)c2ccc(F)cc21,ChEMBL,8.397940008672037
CCCCCn1cc(C(=O)NC2C3(C)CCC(C3)C2(C)C)c(=O)c2ccc(F)cc21,GLASS,8.397940008672037
O=C(NCCO)C1CCN(Cc2nc(-c3cn(CC4CCOCC4)c4c(Cl)cccc34)no2)CC1,ChEMBL,8.400007822415901
CN(CC(N)=O)Cc1nc(-c2cn(CC3CCOCC3)c3c(Cl)cccc23)no1,ChEMBL,8.400007822415901
CCCCCCC(C)(C)c1cc(O)c2c(c1)OC(C)(C)C1CCC(=O)CC21,ChEMBL,8.400007822415901
O=C(NC1CCCCC1)c1cn(-c2ccc(Cl)cc2)c(-c2ccc(Cl)cc2Cl)n1,ChEMBL,8.4089353929735
C/C(N)=N/C(=N/S(=O)(=O)N1CCC(C(F)(F)F)CC1)N1CC(c2ccccc2)C(c2ccc(Cl)cc2)=N1,ChEMBL,8.4089353929735
CCCCC(C)(C)c1cc(O)c2c(c1)OC(C)(C)C1CC=C(C)CC21,GLASS,8.4089353929735
CCCCC(C)(C)c1cc(O)c2c(c1)OC(C)(C)[C@@H]1CC=C(C)C[C@@H]21,ChEMBL,8.4089353929735
O=S(=O)(NCC[C@@H]1CC[C@@H](c2ccc(Cl)cc2Cl)N(c2ccc(Cl)cc2)C1)C1CC1,ChEMBL,8.42021640338319
Cc1c(-c2cn(-c3ccccc3)cn2)nn(-c2ccccc2Cl)c1-c1ccc(Cl)cc1,ChEMBL,8.42021640338319
CCc1c(C(=O)N[C@H]2CCCC[C@@H]2O)nc(-c2ccccc2Cl)n1-c1ccc(Br)cc1,ChEMBL,8.431798275933005
Cc1c(Cl)cc(C(=O)NC2CCCCCC2)c(=O)n1Cc1ccc(F)cc1,ChEMBL,8.431798275933005
Cc1cccc(-c2c(O)cc(C(C)(C)c3cccs3)cc2O)c1,ChEMBL,8.431798275933005
C[C@H](NC(=O)C(F)(F)F)c1ccc(S(=O)(=O)c2ccc(Cl)cc2S(=O)(=O)c2ccccc2F)cc1,ChEMBL,8.431798275933005
CC(NC(=O)C(F)(F)F)c1ccc(S(=O)(=O)c2ccc(Cl)cc2S(=O)(=O)c2ccccc2F)cc1,GLASS,8.431798275933005
CCCCCn1cc(C(=O)c2cccc3ccccc23)c2cccc(F)c21,ChEMBL,8.441291429466835
C[C@H](NS(=O)(=O)C(F)(F)F)c1ccc(S(=O)(=O)c2ccc(Cl)cc2S(=O)(=O)c2ccccn2)cc1,ChEMBL,8.443697499232712
CC(NS(=O)(=O)C(F)(F)F)c1ccc(S(=O)(=O)c2ccc(Cl)cc2S(=O)(=O)c2ccccn2)cc1,GLASS,8.443697499232712
CCOC(=O)NC1CCN(c2ncnc3c2nc(-c2ccccc2Cl)n3-c2ccc(Cl)cc2)CC1,ChEMBL,8.447331783887806
CCCCCc1cc(OC)cc(OCCCCCCCCCCC(=O)NC2CC2)c1,ChEMBL,8.455931955649724
Cc1c2c(n(-c3ccccc3Cl)c1-c1ccc(Cl)cc1)CCN(N1CCCCC1)C2=O,ChEMBL,8.455931955649724
CCc1c(C(=O)NN2CCCCC2)nn(-c2ccc(Cl)cc2Cl)c1-c1ccc(Br)cc1,ChEMBL,8.455931955649724
COc1ccc(-c2c(C#N)c(C(=O)NN3CCCCC3)nn2-c2ccccc2I)cc1,GLASS,8.468521082957745
CC(C)(NC(=O)c1cc2c(n(CC3CCCCC3)c1=O)CCCCCC2)C(=O)NCCOCCO,ChEMBL,8.468521082957745
Cc1c(C(=O)N[C@@H](C)C2CCCCC2)nn(-c2ccc(Cl)c(Cl)c2)c1-n1cccc1,ChEMBL,8.468521082957745
O=S(=O)(NCCC1CCC(c2ccc(Cl)cc2Cl)N(c2ccc(Cl)cc2)C1)C1CC1,ChEMBL,8.468521082957745
CSC(=S)N1CC2(CCCCC2)CO/C1=N\c1ccc(Cl)c2ccccc12,ChEMBL,8.468521082957745
CCCCCCC(C)(C)c1ccc(C2CC(O)CCC2CCCO)c(O)c1,ChEMBL,8.468521082957745
C/C(N)=N\C(=N\S(=O)(=O)N1CCC(F)(F)CC1)N1CC(c2ccccc2)C(c2ccc(Cl)cc2)=N1,ChEMBL,8.468521082957745
COc1ccc(-c2c(C#N)c(C(=O)NN3CCCCC3)nn2-c2ccccc2[125I])cc1,ChEMBL,8.468521082957745
Cc1c(C(=O)NC(C)C2CCCCC2)nn(-c2ccc(Cl)c(Cl)c2)c1-n1cccc1,GLASS,8.468521082957745
O=C(NC1CCN(c2ncnc3c2nc(-c2ccccc2Cl)n3-c2ccc(Cl)cc2)CC1)C1CCCCC1,ChEMBL,8.474955192963154
O=S(=O)(NC1CCN(c2ncnc3c2nc(-c2ccccc2Cl)n3-c2ccc(Cl)cc2)CC1)c1ccc(F)cc1,ChEMBL,8.481486060122112
O=C(c1cc2c(cc1F)O[C@](c1ccc(F)cc1)(c1ccc(Cl)cc1Cl)O2)N1CCOCC1,ChEMBL,8.481486060122112
N/C(=N\C(=N\S(=O)(=O)N1CCC(F)(F)CC1)N1CC(c2ccccc2)C(c2ccc(Cl)cc2)=N1)c1ccc(F)cc1,ChEMBL,8.481486060122112
CCCCCC1=NN(C(=O)NC(C)(C)c2ccccc2)CC1c1ccccc1,ChEMBL,8.48678239993206
CCn1nc2c(-c3ccc(Cl)cc3)c(-c3ccncc3F)c(=O)n(Cc3ccc(C(F)(F)F)nc3C)n2c1=O,ChEMBL,8.494850021680094
CC1=CCC2C(C1)c1c(O)cc(C(C)(C)c3ccc(C)cc3)cc1OC2(C)C,GLASS,8.504455662453552
CC1=CC[C@@H]2[C@@H](C1)c1c(O)cc(C(C)(C)c3ccc(C)cc3)cc1OC2(C)C,ChEMBL,8.504455662453552
O=C(NC1CCCCC1)N1CCN(C(c2ccccc2)c2ccc(Cl)cc2F)CC1,ChEMBL,8.508638306165727
CN(C)CCCN=C(NS(=O)(=O)c1ccc(Cl)cc1)N1CC(c2ccccc2)C(c2ccc(Cl)cc2)=N1,GLASS,8.508638306165727
CN(C)CCCN/C(=N\S(=O)(=O)c1ccc(Cl)cc1)N1CC(c2ccccc2)C(c2ccc(Cl)cc2)=N1.Cl,ChEMBL,8.508638306165727
CCc1c(C(=O)NC2CCCCC2)nn(-c2ccc(Cl)cc2Cl)c1-n1cccc1,ChEMBL,8.522878745280337
Clc1ccc(-n2c(-c3ccccc3Cl)nc3c(N4CCN(Cc5ccncc5Cl)CC4)ncnc32)cc1,ChEMBL,8.522878745280337
O=C(NCc1ccc(F)cc1)NC1CCN(c2ncnc3c2nc(-c2ccccc2Cl)n3-c2ccc(Cl)cc2)CC1,ChEMBL,8.522878745280337
O=c1c2nn(-c3ccccc3Cl)c(-c3ccc(Cl)cc3)c2ncn1CCF,ChEMBL,8.522878745280337
CCc1c(C(=O)NN2CCCCC2)nn(-c2ccc(Cl)cc2Cl)c1-c1ccc(C#Cc2ccc(C(F)(F)F)cc2)s1,ChEMBL,8.522878745280337
C/C(N)=N\C(=N\S(=O)(=O)N1CCCCC1)N1CC(c2ccccc2)C(c2ccc(Cl)cc2)=N1,ChEMBL,8.522878745280337
O=S(=O)(NC1CCN(c2ncnc3c2nc(-c2ccccc2Cl)n3-c2ccc(OC(F)F)nc2)CC1)c1ccc(F)c(F)c1,ChEMBL,8.522878745280337
O=C(NC1CCN(c2ncnc3c2nc(-c2ccccc2Cl)n3-c2ccc(Cl)cc2)CC1)c1ccc(F)c(F)c1,ChEMBL,8.522878745280337
CCS(=O)(=O)N1CCN(c2ncnc3c2nc(-c2ccccc2Cl)n3-c2ccc(Cl)cc2)CC1,ChEMBL,8.522878745280337
O=C(NC1CCCC1)NC1CCN(c2ncnc3c2nc(-c2ccccc2Cl)n3-c2ccc(Cl)cc2)CC1,ChEMBL,8.522878745280337
COc1ccc(N2CCN(c3ncnc4c3nc(-c3ccccc3Cl)n4-c3ccc(Cl)cc3)CC2)cc1,ChEMBL,8.522878745280337
O=S(=O)(CC1CCOCC1)N1CCN(c2ncnc3c2nc(-c2ccccc2Cl)n3-c2ccc(Cl)cc2)CC1,ChEMBL,8.522878745280337
N#Cc1ccccc1CN1CCN(c2ncnc3c2nc(-c2ccccc2Cl)n3-c2ccc(Cl)cc2)CC1,ChEMBL,8.522878745280337
O=C(NC1CCN(c2ncnc3c2nc(-c2ccccc2Cl)n3-c2ccc(Cl)cc2)CC1)C1CCSCC1,ChEMBL,8.522878745280337
CCn1nc2c(-c3ccc(Cl)cc3)c(-c3ccc(C#N)c(C)c3)c(=O)n(Cc3ccc(C(F)(F)F)nc3C)n2c1=O,ChEMBL,8.522878745280337
O=C(OCC1CCC1)N1CCN(c2ncnc3c2nc(-c2ccccc2Cl)n3-c2ccc(Cl)cc2)CC1,ChEMBL,8.522878745280337
O=C(OC1CCC1)N1CCN(c2ncnc3c2nc(-c2ccccc2Cl)n3-c2ccc(Cl)cc2)CC1,ChEMBL,8.522878745280337
CCOc1ccc(Cc2nc3cc(N(C)S(=O)(=O)c4cccs4)ccc3n2CC2CCCCC2)nc1,ChEMBL,8.522878745280337
Cc1ccc(C(c2ccc(Cl)cc2Cl)N2CCN(C(=O)NN3CCCCC3)CC2)cc1,ChEMBL,8.522878745280337
CC(C(=O)N1CCN(c2ncnc3c2nc(-c2ccccc2Cl)n3-c2ccc(Cl)cc2)CC1)c1ccccc1,ChEMBL,8.522878745280337
CSc1c(C(=O)NN2CCCC2)nn(-c2ccc(Cl)cc2Cl)c1-c1ccc(Cl)cc1,ChEMBL,8.522878745280337
Cc1ccc(C(=O)Oc2cccc3cccnc23)cc1S(=O)(=O)N1CCCCC1,ChEMBL,8.522878745280337
O=S(=O)(c1cc2c(cc1F)OC(c1ccc(F)cc1F)(c1ccc(F)cc1F)O2)N1CCC(F)(F)CC1,ChEMBL,8.522878745280337
CCCCC(=O)NC1CCN(c2ncnc3c2nc(-c2ccccc2Cl)n3-c2ccc(C(F)(F)F)nc2)CC1,ChEMBL,8.522878745280337
CC(C(=O)NC1CCN(c2ncnc3c2nc(-c2ccccc2Cl)n3-c2ccc(Cl)cc2)CC1)c1ccccc1,ChEMBL,8.522878745280337
CCCCCCC1(c2ccc(-c3cc(C)cc(C)c3)c(O)c2)CCCC1,ChEMBL,8.537602002101044
Cc1c(Br)cc(C(=O)NC2CCCCCC2)c(=O)n1Cc1ccc(F)cc1,ChEMBL,8.537602002101044
Cc1c(C(=O)NC2CCN(C(=O)OC(C)(C)C)CC2)nn(-c2ccc(Cl)cc2Cl)c1-c1ccc(Cl)cc1,ChEMBL,8.537602002101044
CN(CCO)C(=O)C(C)(C)NC(=O)c1cc2c(n(CC3CCCCC3)c1=O)CCCCCC2,ChEMBL,8.537602002101044
CCn1nc2c(-c3ccc(C)cc3)c(-c3ccc(C#N)cc3)c(=O)n(Cc3ccc(C(F)(F)F)nc3C)n2c1=O,ChEMBL,8.537602002101044
C[C@H](NS(C)(=O)=O)c1ccc(S(=O)(=O)c2ccc(Cl)cc2S(=O)(=O)c2ccccn2)cc1,ChEMBL,8.537602002101044
CC(NS(C)(=O)=O)c1ccc(S(=O)(=O)c2ccc(Cl)cc2S(=O)(=O)c2ccccn2)cc1,GLASS,8.537602002101044
CCCCCc1cc(O)c2c(c1)OC(C)(C)[C@@H]1CCC(C)=C[C@@H]21,ChEMBL,8.537602002101044
CCNC1(C(N)=O)CCN(c2cnc(-c3ccc(OCC)cc3)c(-c3ccc(OCC)cc3)n2)CC1,ChEMBL,8.546681659952963
CC1=C(CCN2CCOCC2)c2ccccc2/C1=C/c1cccc2ccccc12,ChEMBL,8.546681659952963
CC1=CCC2C(C1)c1c(O)cc(C(C)(C)c3cccc(Cl)c3)cc1OC2(C)C,GLASS,8.55284196865778
Cc1c2c(n(-c3ccccc3Cl)c1-c1ccc(Cl)cc1)CCN(C1CCCCC1)C2=O,ChEMBL,8.55284196865778
CCCCCn1cc(C(=O)N[C@H]2C(C)(C)[C@H]3CC[C@]2(C)C3)c(=O)c2cc(Br)ccc21,ChEMBL,8.55284196865778
CCN(CCCC(=O)NC1CC1)C(=O)c1ccc2c(c1)c1c(n2C)CCC(C2CCOCC2)C1,ChEMBL,8.55284196865778
CC1=CC[C@@H]2[C@@H](C1)c1c(O)cc(C(C)(C)c3cccc(Cl)c3)cc1OC2(C)C,ChEMBL,8.55284196865778
CCCCCn1cc(C(=O)NC2C3(C)CCC(C3)C2(C)C)c(=O)c2cc(Br)ccc21,GLASS,8.55284196865778
CC(CO)NC(=O)CCCC=CCC=CCCOc1cccc(C(C)(C)CCCCN=[N+]=[N-])c1,GLASS,8.562249437179611
C[C@H](CO)NC(=O)CCC/C=C\C/C=C\CCOc1cccc(C(C)(C)CCCCN=[N+]=[N-])c1,ChEMBL,8.562249437179611
C1=C(CCN2CCOCC2)c2ccccc2/C1=C/c1cccc2ccccc12,ChEMBL,8.5654310959658
CC1=CCC2C(C1)c1c(O)cc(C(C)(C)c3cccc(C#N)c3)cc1OC2(C)C,GLASS,8.5654310959658
CC1=CC[C@@H]2[C@@H](C1)c1c(O)cc(C(C)(C)c3cccc(C#N)c3)cc1OC2(C)C,ChEMBL,8.5654310959658
CCCCCCC(C)(C)c1ccc(-c2cc(C)cc(C)c2)c(C(=O)OC)c1,ChEMBL,8.568636235841012
CCCCCC(C)(C)c1cc(O)c2c(c1)OC(C)(C)C1CC=C(C)CC21,GLASS,8.568636235841012
CCCCCC(C)(C)c1cc(O)c2c(c1)OC(C)(C)[C@@H]1CC=C(C)C[C@@H]21,ChEMBL,8.568636235841012
CCCCCCC(C)(C)c1ccc(-c2cc(C)cc(C)c2)c(O)c1,ChEMBL,8.568636235841012
CC(C)CCC(=O)NC1CCN(c2ncnc3c2nc(-c2ccccc2Cl)n3-c2ccc(Cl)cc2)CC1,ChEMBL,8.573488738635424
O=S(=O)(NC1CCN(c2ncnc3c2nc(-c2ccccc2Cl)n3-c2ccc(F)cc2)CC1)c1ccccc1F,ChEMBL,8.585026652029182
COc1ccc(C(c2ccc(Cl)cc2Cl)N2CCN(C(=O)NC3CCCCC3)CC2)cc1,ChEMBL,8.585026652029182
CCCc1ccc(C(=O)c2cn(CCCCCF)c3cccc(F)c23)c2ccccc12,ChEMBL,8.593459819566045
O=C(NC1CCN(c2ncnc3c2nc(-c2ccccc2Cl)n3-c2ccc(Cl)cc2)CC1)Oc1ccccc1,ChEMBL,8.593459819566045
O=C(NC1CCN(c2ncnc3c2nc(-c2ccccc2Cl)n3-c2ccc(Cl)cc2)CC1)c1ccccc1,ChEMBL,8.593459819566045
CC1=CC[C@@H]2[C@@H](C1)c1c(O)cc(C(C)(C)c3cccc(C)c3)cc1OC2(C)C,ChEMBL,8.596879478824182
CC1=CCC2C(C1)c1c(O)cc(C(C)(C)c3cccc(C)c3)cc1OC2(C)C,GLASS,8.596879478824182
COc1cccc2c(C(=O)N3CCN4CCCC[C@H]4C3)cn(CC3CCCCC3)c12,ChEMBL,8.599980364934842
Cc1c(C(=O)N[C@@H]2CCCC[C@@H]2N(C)C)nc(-c2ccc(Cl)cc2Cl)n1-c1ccc(OS(=O)(=O)CCC(F)(F)F)cc1,ChEMBL,8.599980364934842
O=C(NN1CCCCC1)c1ccc2c(c1)N=C(C1CCCCC1)c1ccccc1S2,ChEMBL,8.599980364934842
COc1cccc2c(C(=O)N3CCN4CCCCC4C3)cn(CC3CCCCC3)c12,GLASS,8.599980364934842
CC(NS(=O)(=O)C(F)(F)F)c1ccc(S(=O)(=O)c2ccc(C(F)(F)F)cc2S(=O)(=O)c2ccccc2F)cc1,GLASS,8.602059991327963
COCCOc1ccc(S(=O)(=O)c2ccc(C(C)NS(=O)(=O)C(F)(F)F)cc2)c(S(=O)(=O)c2ccccc2F)c1,GLASS,8.602059991327963
CC(C)N1CCc2c(nn(-c3ccccc3Cl)c2-c2ccc(Cl)cc2)C1=O,ChEMBL,8.602059991327963
COCCOc1ccc(S(=O)(=O)c2ccc([C@H](C)NS(=O)(=O)C(F)(F)F)cc2)c(S(=O)(=O)c2ccccc2F)c1,ChEMBL,8.602059991327963
CCCc1cc(O)c2c(c1)OC(C)(C)[C@@H]1CCC(CO)=C[C@@H]21,ChEMBL,8.602059991327963
C[C@H](NS(=O)(=O)C(F)(F)F)c1ccc(S(=O)(=O)c2ccc(C(F)(F)F)cc2S(=O)(=O)c2ccccc2F)cc1,ChEMBL,8.602059991327963
CC(C)CN1CCc2c(nn(-c3ccccc3Cl)c2-c2ccc(Cl)cc2)C1=O,ChEMBL,8.602059991327963
O=C(NC1CCCCC1)N1CCN(C(c2ccc(F)cc2)c2ccc(Cl)cc2Cl)CC1,ChEMBL,8.602059991327963
CCCCCn1cc(C(=O)c2ccc(I)c3ccccc23)c2ccccc21,ChEMBL,8.602059991327963
CCCCCn1cc(C(=O)N[C@@H]2C(C)(C)C3CC[C@]2(C)C3)c(=O)c2ccc(Sc3ccccc3)cc21,ChEMBL,8.610833915635467
CCCCCn1cc(C(=O)NC2C3(C)CCC(C3)C2(C)C)c(=O)c2ccc(Sc3ccccc3)cc21,GLASS,8.610833915635467
COc1ccc(/C=C2\C=C(CCN3CCOCC3)c3ccccc32)c2ccccc12,ChEMBL,8.614393726401687
COc1cc(C(=O)NC2(C(=O)N[C@H](C)c3ccc(-n4nc(C#N)c5ccccc54)cc3F)CC2)on1,ChEMBL,8.619788758288394
COc1cc(C(=O)NC2(C(=O)NC(C)c3ccc(-n4nc(C#N)c5ccccc54)cc3F)CC2)on1,GLASS,8.619788758288394
CS/C(N)=N/C(=N/S(=O)(=O)N1CCC(C(F)(F)F)CC1)N1CC(c2ccccc2)C(c2ccc(Cl)cc2)=N1,ChEMBL,8.619788758288394
Clc1ccc(-n2c(-c3ccccc3Cl)nc3c(N4CCC(Nc5ccccn5)CC4)ncnc32)cc1,ChEMBL,8.619788758288394
O=C(NCc1ccccc1F)NC1CCN(c2ncnc3c2nc(-c2ccccc2Cl)n3-c2ccc(Cl)cc2)CC1,ChEMBL,8.619788758288394
CCCCCn1cc(C(=O)c2cccc3ccccc23)c2ccc(F)cc21,ChEMBL,8.628932137728263
CC(C)(c1cc(O)c(-c2cc(Cl)cc(Cl)c2)c(O)c1)c1cccs1,ChEMBL,8.63264407897398
O=S(=O)(NC[C@@H]1CC[C@@H](c2ccc(Cl)cc2Cl)N(c2ccc(Cl)cc2)C1)c1cccc2ccccc12,ChEMBL,8.638272163982407
Cc1c(C(=O)NC2CCCCC2)nn(-c2ccc(Cl)cc2Cl)c1-n1cc2c(c1)CCCC2,ChEMBL,8.638272163982407
Cc1c(C(=O)NCCCCCCCCCCCNCCCCCCCCCCCN)nn(-c2ccc(Cl)cc2Cl)c1-c1ccc(Cl)cc1,ChEMBL,8.638272163982407
Cc1c(C(=O)NN2CCCCC2)nn(-c2ccc(Cl)cc2Cl)c1-c1ccc(I)cc1,ChEMBL,8.638272163982407
O=S(=O)(NCC1CCC(c2ccc(Cl)cc2Cl)N(c2ccc(Cl)cc2)C1)c1cccc2ccccc12,GLASS,8.638272163982407
O=C(NC1CCCCC1)N1CCN(C(c2cccc(Cl)c2)c2ccc(Cl)cc2Cl)CC1,ChEMBL,8.638272163982407
CCCCCn1cc(C(=O)c2ccc(Cl)c3ccccc23)c2ccccc21,ChEMBL,8.638272163982407
Cc1c(Br)cn(Cc2ccc(F)cc2)c(=O)c1C(=O)NC1CCCCCC1,ChEMBL,8.638272163982407
CCCCCCC(C)(C)c1cc(O)c2c(c1)OC(C)(C)[C@@H]1CC=C(C=O)C[C@@H]21,ChEMBL,8.649751981665837
O=C(NC1CCCCC1)N1CCN(C(c2ccccc2)c2c(Cl)cccc2Cl)CC1,ChEMBL,8.657577319177793
O=C(NC1CCCCC1)c1cn(-c2ccc(Cl)cc2)c(-c2ccccc2Cl)n1,ChEMBL,8.657577319177793
Cc1c2c(n(-c3ccc(Cl)cc3Cl)c1-c1ccc(Cl)cc1)CCN(N1CCCCC1)C2=O,ChEMBL,8.657577319177793
CCCCCCC(C)(C)c1cc(O)c2c(c1)OC(C)(C)[C@@H]1CCC(=O)C[C@@H]21,ChEMBL,8.659555885159882
C=C(CCCCCC)c1cc(O)c2c(c1)OC(C)(C)[C@@H]1CC=C(C)C[C@@H]21,ChEMBL,8.66354026615147
C=C(CCCCCC)c1cc(O)c2c(c1)OC(C)(C)C1CC=C(C)CC21,GLASS,8.66354026615147
CCCCCn1cc(C(=O)NC23CC4CC(CC(C4)C2)C3)c2ccc(-c3ccccc3)cc21,ChEMBL,8.692503962086787
O=C(CC1CCCC1)NC1CCN(c2ncnc3c2nc(-c2ccccc2Cl)n3-c2ccc(Cl)cc2)CC1,ChEMBL,8.694648630553376
Clc1ccc(-n2c(-c3ccccc3Cl)nc3c(N4CCN(c5ccccn5)CC4)ncnc32)cc1,ChEMBL,8.698970004336019
O=C(C1CCSCC1)N1CCN(c2ncnc3c2nc(-c2ccccc2Cl)n3-c2ccc(Cl)cc2)CC1,ChEMBL,8.698970004336019
O=C(NC1CCN(c2ncnc3c2nc(-c2ccccc2Cl)n3-c2ccc(Cl)cc2)CC1)c1ccc(F)cc1,ChEMBL,8.698970004336019
N#Cc1ccccc1N1CCN(c2ncnc3c2nc(-c2ccccc2Cl)n3-c2ccc(Cl)cc2)CC1,ChEMBL,8.698970004336019
CC(NS(=O)(=O)C(F)(F)F)c1ccc(S(=O)(=O)c2ccc(Cl)cc2S(=O)(=O)c2ccccc2F)cc1,GLASS,8.698970004336019
FC(F)(F)Oc1ccccc1CN1CCN(c2ncnc3c2nc(-c2ccccc2Cl)n3-c2ccc(Cl)cc2)CC1,ChEMBL,8.698970004336019
CC(C)(C)CC(=O)N1CCN(c2ncnc3c2nc(-c2ccccc2Cl)n3-c2ccc(Cl)cc2)CC1,ChEMBL,8.698970004336019
COc1ccc(C2(c3ccc(Cl)cc3Cl)Oc3cc(F)c(C(=O)N4CCCCC4)cc3O2)cc1,ChEMBL,8.698970004336019
CC(C)CS(=O)(=O)N1CCN(c2ncnc3c2nc(-c2ccccc2Cl)n3-c2ccc(Cl)cc2)CC1,ChEMBL,8.698970004336019
COc1ccccc1N1CCN(c2ncnc3c2nc(-c2ccccc2Cl)n3-c2ccc(Cl)cc2)CC1,ChEMBL,8.698970004336019
N#Cc1ccc(N2CCN(c3ncnc4c3nc(-c3ccccc3Cl)n4-c3ccc(Cl)cc3)CC2)cc1,ChEMBL,8.698970004336019
CCCCCCC(C)(C)c1ccc2c(c1)OC(C)(C)c1ccc(CO)cc1-2,ChEMBL,8.698970004336019
Clc1ccc(-n2c(-c3ccccc3Cl)nc3c(N4CCN(C5CCCCC5)CC4)ncnc32)cc1,ChEMBL,8.698970004336019
COc1ccc(-c2c(C#N)c(C(=O)NN3CCCC3)nn2-c2ccc(Cl)cc2Cl)cc1,ChEMBL,8.698970004336019
Cc1ccc(Cn2nc(C(=O)N[C@@H]3C(C)(C)[C@@H]4CC[C@@]3(C)C4)cc2-c2ccc(Cl)c(C)c2)cc1,ChEMBL,8.698970004336019
O=S(=O)(NC1CCN(c2ncnc3c2nc(-c2ccccc2Cl)n3-c2ccc(Cl)cc2)CC1)c1ccc(F)cc1F,ChEMBL,8.698970004336019
C[C@H](NS(=O)(=O)C(F)(F)F)c1ccc(S(=O)(=O)c2ccc(Cl)cc2S(=O)(=O)c2ccccc2F)cc1,ChEMBL,8.698970004336019
Clc1ccc(-n2c(-c3ccccc3Cl)nc3c(N4CCN(CCc5ccccc5)CC4)ncnc32)cc1,ChEMBL,8.698970004336019
CCCn1cnc2c(-c3ccc(Cl)cc3)n(-c3ccccc3Cl)nc2c1=O,ChEMBL,8.698970004336019
O=C(NC1CCN(c2ncnc3c2nc(-c2ccccc2Cl)n3-c2ccc(Cl)cc2)CC1)c1ccc(F)cc1F,ChEMBL,8.698970004336019
Clc1ccc(-n2c(-c3ccccc3Cl)nc3c(N4CCN(c5ccccc5)CC4)ncnc32)cc1,ChEMBL,8.698970004336019
Fc1ccc(N2CCN(c3ncnc4c3nc(-c3ccccc3Cl)n4-c3ccc(Cl)cc3)CC2)cc1,ChEMBL,8.698970004336019
CN/C(=N\S(=O)(=O)N1CCC(C(F)(F)F)CC1)C1=NN(c2ccc(Cl)cc2)[C@@H](c2ccccc2)C1,ChEMBL,8.698970004336019
CCCCCn1cc(C(=O)c2cccc3ccccc23)c2ccccc21,ChEMBL,8.700057099977233
C[C@H]1CN(C(=O)c2cn3c4c(cccc24)OC[C@H]3C2CCCCC2)CCN1C,ChEMBL,8.700057099977233
CC(=O)NC1CCN(c2cnc(-c3ccc(C(F)(F)F)cc3)c(-c3ccncc3Cl)n2)CC1,ChEMBL,8.705533773838408
O=C(CC1CCCCC1)NC1CCN(c2ncnc3c2nc(-c2ccccc2Cl)n3-c2ccc(Cl)cc2)CC1,ChEMBL,8.714442690992227
Cc1nc(C(F)(F)F)ccc1Cn1c(=O)c(-c2ccc(C#N)cc2)c(-c2ccc(Cl)cc2)c2nn(C(C)C)c(=O)n21,ChEMBL,8.721246399047171
Cc1ccc(-n2cc(C(=O)NC3CCCCC3)nc2-c2ccc(Cl)cc2Cl)cc1,ChEMBL,8.721246399047171
Cc1c(C(=O)NC2CCN(C(=O)C(F)(F)F)CC2)nn(-c2ccc(Cl)cc2Cl)c1-c1ccc(Cl)cc1,ChEMBL,8.721246399047171
Cc1c(C(=O)c2cccc3ccccc23)c2cccc3c2n1[C@H](CN1CCOCC1)CO3,ChEMBL,8.723538195826755
CC1=CC[C@@H]2[C@@H](C1)c1c(O)cc(C3(C4CCCCC4)SCCS3)cc1OC2(C)C,ChEMBL,8.730487055782083
CC1=CCC2C(C1)c1c(O)cc(C3(C4CCCCC4)SCCS3)cc1OC2(C)C,GLASS,8.730487055782083
CCc1ccc(C(C)(C)c2cc(O)c3c(c2)OC(C)(C)[C@@H]2CC=C(C)C[C@@H]32)cc1,ChEMBL,8.732828271596986
CCc1ccc(C(C)(C)c2cc(O)c3c(c2)OC(C)(C)C2CC=C(C)CC32)cc1,GLASS,8.732828271596986
C=C1CC[C@@H]2[C@@H](C1)c1c(O)cc(C(C)(C)CCCCCC)cc1OC2(C)C,ChEMBL,8.739928612014925
CCCCCCC1(c2cc(O)c3c(c2)OC(C)(C)C2CC=C(C)CC32)SCCCS1,GLASS,8.744727494896694
CCCCCCC1(c2ccc(-c3cc(C)cc(C)c3)c(O)c2)CCCCC1,ChEMBL,8.744727494896694
O=C(NC1CCCCC1)N1CCN(C(c2ccccc2)c2ccc(Br)cc2F)CC1,ChEMBL,8.744727494896694
O=c1c2nn(-c3ccccc3Cl)c(-c3ccc(Cl)cc3)c2ncn1CCC(F)(F)F,ChEMBL,8.744727494896694
CCCCCCC1(c2cc(O)c3c(c2)OC(C)(C)[C@@H]2CC=C(C)C[C@@H]32)SCCCS1,ChEMBL,8.744727494896694
Cc1c(C(=O)NC2CCCCC2)nn(-c2ccc(Cl)cc2Cl)c1-c1ccc(Cl)cc1,ChEMBL,8.744727494896694
C=C1CCC2C(C1)c1c(O)cc(C(C)(C)CCCCCC)cc1OC2(C)C,GLASS,8.744727494896694
NC(=O)C1(c2ccccc2)CCN(c2ncnc3c2nc(-c2ccccc2Cl)n3-c2ccc(Cl)cc2)CC1,ChEMBL,8.747146969020108
CCCc1ccc(C(C)(C)c2cc(O)c3c(c2)OC(C)(C)C2CC=C(C)CC32)cc1,GLASS,8.752026733638193
CCCc1ccc(C(C)(C)c2cc(O)c3c(c2)OC(C)(C)[C@@H]2CC=C(C)C[C@@H]32)cc1,ChEMBL,8.752026733638193
CCNC1(C(N)=O)CCN(c2cnc(-c3ccc(F)cc3)c(-c3ccc(Cl)cc3Cl)n2)CC1,ChEMBL,8.756961951313706
O=S(=O)(NC1CCN(c2ncnc3c2nc(-c2ccccc2Cl)n3-c2ccc(Cl)cc2)CC1)c1ccc(F)c(F)c1,ChEMBL,8.769551078621726
Clc1ccc(-n2c(-c3ccc(Cl)cc3Cl)nc3c(NN4CCCCC4)ncnc32)cc1,ChEMBL,8.769551078621726
CCCCCCC(C)(C)c1ccc(-c2ccccc2OC)c(O)c1,ChEMBL,8.769551078621726
O=S(=O)(CC1CCCCC1)N1CCN(c2ncnc3c2nc(-c2ccccc2Cl)n3-c2ccc(Cl)cc2)CC1,ChEMBL,8.769551078621726
CCCCCCC(C)(C)c1ccc(-c2c(C)cccc2C)c(O)c1,ChEMBL,8.769551078621726
Clc1ccc(-n2c(-c3ccc(Cl)cc3Cl)nc3c(N4CCCCC4)ncnc32)cc1,ChEMBL,8.769551078621726
CCCn1nc2c(-c3ccc(Cl)cc3)c(-c3ccc(C#N)cc3)c(=O)n(Cc3ccc(C(F)(F)F)nc3C)n2c1=O,ChEMBL,8.769551078621726
O=C1c2nn(-c3ccccc3Cl)c(-c3ccc(Cl)cc3)c2CCN1CC(F)(F)F,ChEMBL,8.769551078621726
COC(=O)C(C)(C)NC(=O)c1cc2c(n(CC3CCCCC3)c1=O)CCCCCC2,ChEMBL,8.769551078621726
CCNC1(C(N)=O)CCN(c2cnc(-c3ccc(Cl)cc3)c(-c3ccccc3Cl)n2)CC1,ChEMBL,8.779891911959945
O=S(=O)(NC1CCN(c2ncnc3c2nc(-c2ccccc2Cl)n3-c2ccc(OC(F)F)nc2)CC1)c1ccccc1F,ChEMBL,8.795880017344075
CN1CCN(c2ncnc3c2nc(-c2ccccc2Cl)n3-c2ccc(Cl)cc2)CC1,ChEMBL,8.795880017344075
O=C(NC1CCCCC1)N1CCN(C(c2ccccc2)c2ccc(Cl)cc2Cl)CC1,ChEMBL,8.795880017344075
CCc1nc(C(F)(F)F)ccc1Cn1c(=O)c(-c2ccc(C#N)cc2)c(-c2ccc(Cl)cc2)c2nn(CC)c(=O)n21,ChEMBL,8.795880017344075
C/C(N)=N\C(=N\S(=O)(=O)N1CCCCC1)N1C[C@H](c2ccccc2)C(c2ccc(Cl)cc2)=N1,ChEMBL,8.795880017344075
CC1=CC[C@@H]2[C@@H](C1)c1c(O)cc(C(C)(C)c3cccc(Br)c3)cc1OC2(C)C,ChEMBL,8.79860287567955
CC1=CCC2C(C1)c1c(O)cc(C(C)(C)c3cccc(Br)c3)cc1OC2(C)C,GLASS,8.79860287567955
CC(C)CCNC(=O)c1ccc2c(c1)N=C(c1ccccn1)c1ccccc1S2,ChEMBL,8.79997073344623
O=C(c1cn2c3c(cccc13)OCC2C1CCCCC1)N1CCN2CCCCC2C1,GLASS,8.79997073344623
O=C(c1cn2c3c(cccc13)OC[C@H]2C1CCCCC1)N1CCN2CCCC[C@H]2C1,ChEMBL,8.79997073344623
O=C(NC1CCN(c2ncnc3c2nc(-c2ccccc2Cl)n3-c2ccc(Cl)cc2)CC1)C1CCCC1,ChEMBL,8.812479279163536
CCCc1cc(O)c2c(c1)OC(C)(C)[C@@H]1CCC(C)=C[C@@H]21,ChEMBL,8.823908740944319
CC(C)(C)OC(=O)NC1CCN(c2ncnc3c2nc(-c2ccccc2Cl)n3-c2ccc(Cl)cc2)CC1,ChEMBL,8.823908740944319
CC(NC(=O)C1(NC(=O)c2cccnc2)CC1)c1ccc(-n2nc(Cl)c3ccccc32)cc1F,GLASS,8.823908740944319
C[C@@H](NC(=O)C1(NC(=O)c2cccnc2)CC1)c1ccc(-n2nc(Cl)c3ccccc32)cc1F,ChEMBL,8.823908740944319
Clc1ccc(-n2c(-c3ccc(Cl)cc3Cl)nc3c(NC4CCCCC4)ncnc32)cc1,ChEMBL,8.823908740944319
O=C1c2nn(-c3ccccc3Cl)c(-c3ccc(Cl)cc3)c2OCCN1CC(F)(F)F,ChEMBL,8.823908740944319
CN(Cc1ccccc1)C(=O)N1CC(OC(c2ccc(Cl)cc2)c2cccnc2Cl)C1,GLASS,8.823908740944319
CN(Cc1ccccc1)C(=O)N1CC(O[C@H](c2ccc(Cl)cc2)c2cccnc2Cl)C1,ChEMBL,8.823908740944319
CN1CCN(c2ncnc3c2nc(-c2ccc(Cl)cc2Cl)n3-c2ccc(Cl)cc2)CC1,ChEMBL,8.823908740944319
COC(=O)c1c(F)cccc1-c1ccc(CNC(=O)C2(NC(=O)C(F)(F)F)CC2)c(F)c1,ChEMBL,8.823908740944319
CC1=CCC2C(C1)c1c(O)cc(C(C)(C)CCCCOc3ccc(C#N)cc3)cc1OC2(C)C,GLASS,8.823908740944319
CC1=CC[C@@H]2[C@@H](C1)c1c(O)cc(C(C)(C)CCCCOc3ccc(C#N)cc3)cc1OC2(C)C,ChEMBL,8.823908740944319
CCCCCn1cc(C(=O)c2cccc3c2CC(C)(C)C3)c2ccccc21,ChEMBL,8.835647144215564
Cc1ccc(C(=O)NC2(C(=O)NC(C)c3ccc(-n4nc(Cl)c5ccccc54)cc3F)CC2)cn1,GLASS,8.853871964321762
COCC(=O)NC1CCCOc2c1nn(-c1ccccc1Cl)c2-c1ccc(Cl)cc1,ChEMBL,8.853871964321762
Cc1ccc(C(=O)NC2(C(=O)N[C@H](C)c3ccc(-n4nc(Cl)c5ccccc54)cc3F)CC2)cn1,ChEMBL,8.853871964321762
CC(C)S(=O)(=O)N1CCN(c2ncnc3c2nc(-c2ccccc2Cl)n3-c2ccc(Cl)cc2)CC1,ChEMBL,8.853871964321762
O=C(NC1CCCCC1)NC1CCN(c2ncnc3c2nc(-c2ccccc2Cl)n3-c2ccc(Cl)cc2)CC1,ChEMBL,8.853871964321762
CCn1nc2c(-c3ccc(Cl)cc3)c(-c3ccc(C#N)cc3)c(=O)n(Cc3ccc(C(F)(F)F)nc3C)n2c1=O,ChEMBL,8.853871964321762
C[C@H](NS(=O)(=O)C(F)(F)F)c1ccc(S(=O)(=O)c2ccc(C3CC3)cc2S(=O)(=O)c2ccccc2F)cc1,ChEMBL,8.853871964321762
O=C(NC1CCCCC1)N1CCN(c2ncnc3c2nc(-c2ccccc2Cl)n3-c2ccc(Cl)cc2)CC1,ChEMBL,8.853871964321762
CC(NS(=O)(=O)C(F)(F)F)c1ccc(S(=O)(=O)c2ccc(C3CC3)cc2S(=O)(=O)c2ccccc2F)cc1,GLASS,8.853871964321762
COc1cc(C(=O)NC2(C(=O)NC(C)c3ccc(-n4nc(C)c5ccccc54)cc3F)CC2)on1,GLASS,8.886056647693163
CC(NS(C)(=O)=O)c1ccc(S(=O)(=O)c2ccc(Cl)cc2S(=O)(=O)c2ccccc2F)cc1,GLASS,8.886056647693163
CC(NS(=O)(=O)C(F)(F)F)c1ccc(S(=O)(=O)c2ccc(O)cc2S(=O)(=O)c2ccccc2F)cc1,GLASS,8.886056647693163
C[C@H](NS(C)(=O)=O)c1ccc(S(=O)(=O)c2ccc(Cl)cc2S(=O)(=O)c2ccccc2F)cc1,ChEMBL,8.886056647693163
C[C@H](NS(=O)(=O)C(F)(F)F)c1ccc(S(=O)(=O)c2ccc(O)cc2S(=O)(=O)c2ccccc2F)cc1,ChEMBL,8.886056647693163
COc1cc(C(=O)NC2(C(=O)N[C@H](C)c3ccc(-n4nc(C)c5ccccc54)cc3F)CC2)on1,ChEMBL,8.886056647693163
CCCCCn1c(C)c(C(=O)c2ccc(CCC)c3ccccc23)c2ccccc21,ChEMBL,8.886056647693163
CC(C)N1CCOc2c(nn(-c3ccccc3Cl)c2-c2ccc(Cl)cc2)C1=O,ChEMBL,8.886056647693163
CCCCCn1cc(C(=O)Nc2cccc3ccccc23)c2ccccc21,ChEMBL,8.899974269892137
COc1cccc2c(C(=O)N3C[C@@H](C)N(C)[C@@H](C)C3)cn(CC3CCCCC3)c12.Cl,ChEMBL,8.899974269892137
COc1cccc2c(C(=O)N3C[C@@H](C)N(C)[C@@H](C)C3)cn(CC3CCCCC3)c12,ChEMBL,8.899974269892137
COc1cccc2c(C(=O)N3CCN(C)[C@@H](C)C3)cn(CC3CCCCC3)c12.Cl,ChEMBL,8.899974269892137
CC(C)CNC(=O)c1ccc2c(c1)N=C(c1ccc(Cl)s1)c1ccccc1S2,ChEMBL,8.899974269892137
CCCCCCC1(c2cc(O)c3c(c2)OC(C)(C)C2CC=C(C)CC32)CC1(Cl)Cl,GLASS,8.899974269892137
CCCCCCC1(c2cc(O)c3c(c2)OC(C)(C)[C@@H]2CC=C(C)C[C@@H]32)CC1(Cl)Cl,ChEMBL,8.899974269892137
O=C(NC1CCN(c2ncnc3c2nc(-c2ccccc2Cl)n3-c2ccc(Cl)cc2)CC1)N1CCCCC1,ChEMBL,8.920818753952375
CCCS(=O)(=O)N1CCN(c2ncnc3c2nc(-c2ccccc2Cl)n3-c2ccc(Cl)cc2)CC1,ChEMBL,8.920818753952375
CC(NC(=O)C1(NC(=O)c2cncc(Cl)n2)CC1)c1ccc(-n2nc(Cl)c3ccccc32)cc1F,GLASS,8.920818753952375
CCCCCCC(C)(C)c1ccc2c(c1)OC(C)(C)[C@@H]1CC=C(CO)C[C@@H]21,ChEMBL,8.920818753952375
CCNC1(C(N)=O)CN(c2cnc(-c3ccc(C(F)(F)F)cc3)c(-c3ccnc(Cl)c3)n2)C1,ChEMBL,8.920818753952375
O=S(=O)(CCC(F)(F)F)N1CCN(c2ncnc3c2nc(-c2ccccc2Cl)n3-c2ccc(Cl)cc2)CC1,ChEMBL,8.920818753952375
C[C@@H](NC(=O)C1(NC(=O)c2cncc(Cl)n2)CC1)c1ccc(-n2nc(Cl)c3ccccc32)cc1F,ChEMBL,8.920818753952375
CC1=CCC2C(C1)c1c(O)cc(C(C)(C)CCCCC(=O)NN3CCCCC3)cc1OC2(C)C,GLASS,8.920818753952375
CC1=CC[C@@H]2[C@@H](C1)c1c(O)cc(C(C)(C)CCCCC(=O)NN3CCCCC3)cc1OC2(C)C,ChEMBL,8.920818753952375
CCCCCn1cc(C(=O)c2ccc(Br)c3ccccc23)c2ccccc21,ChEMBL,8.920818753952375
O=S(=O)(NC1CCN(c2ncnc3c2nc(-c2ccccc2Cl)n3-c2ccc(Cl)cc2)CC1)c1ccccc1,ChEMBL,8.920818753952375
CCCCCCC(C)(C)c1ccc2c(c1)OC(C)(C)C1CC=C(CO)CC21,GLASS,8.920818753952375
CCN(CC)S(=O)(=O)/N=C(/N=C(/C)N)N1C[C@H](c2ccccc2)C(c2ccc(Cl)cc2)=N1,ChEMBL,8.920818753952375
O=C(NN1CCCCC1)N1CCN(C(c2ccccc2)c2ccc(Cl)cc2Cl)CC1,ChEMBL,8.920818753952375
O=C(NC1CCCCC1)N1CCN(C(c2ccc(C(F)(F)F)cc2)c2ccc(Cl)cc2Cl)CC1,ChEMBL,8.920818753952375
CCCc1ccc(/C=C2\C=C(CCN3CCOCC3)c3ccccc32)c2ccccc12,ChEMBL,8.928117992693874
CC(C)(CCCCCCN=C=S)c1cc(O)c2c(c1)OC(C)(C)C1CC=C(CO)CC21,GLASS,8.943095148663527
CC(C)(C)/C(N)=N/C(=N/S(=O)(=O)N1CCC(C(F)(F)F)CC1)N1CC(c2ccccc2)C(c2ccc(Cl)cc2)=N1,ChEMBL,8.958607314841775
CCCN(CC(F)(F)F)C(=O)NC1CCN(c2ncnc3c2nc(-c2ccccc2Cl)n3-c2ccc(Cl)cc2)CC1,ChEMBL,8.958607314841775
Clc1ccc(-n2c(-c3ccccc3Cl)nc3c(N4CCCCC4)ncnc32)cc1,ChEMBL,8.958607314841775
CCCCCCC(C)(C)c1cc(OC)cc(OCCCCCCCC(=O)NC2CC2)c1,ChEMBL,8.958607314841775
Cc1ccc([C@H](c2ccc(Cl)cc2Cl)N2CCN(C(=O)NC3CCCCC3)CC2)cc1,ChEMBL,8.958607314841775
CC(c1ccccc1)N1CCN(c2ncnc3c2nc(-c2ccccc2Cl)n3-c2ccc(Cl)cc2)CC1,ChEMBL,8.958607314841775
Cc1ccc(S(=O)(=O)c2ccc(C(C)NS(=O)(=O)C(F)(F)F)cc2)c(S(=O)(=O)c2ccccc2F)c1,GLASS,8.958607314841775
O=C(NC1CCCCC1)N1CCN(C(c2ccc(Oc3ccccc3)cc2)c2ccc(Cl)cc2Cl)CC1,ChEMBL,8.958607314841775
Cc1ccc(S(=O)(=O)c2ccc([C@H](C)NS(=O)(=O)C(F)(F)F)cc2)c(S(=O)(=O)c2ccccc2F)c1,ChEMBL,8.958607314841775
CC1=CC[C@@H]2[C@@H](C1)c1c(O)cc(C(C)(C)c3cccs3)cc1OC2(C)C,ChEMBL,8.96657624451305
CC1=CCC2C(C1)c1c(O)cc(C(C)(C)c3cccs3)cc1OC2(C)C,GLASS,8.96657624451305
O=C1CCCN1C1CCCOc2c1nn(-c1ccccc1Cl)c2-c1ccc(Cl)cc1,ChEMBL,9.0
CSC(=S)N1CC2(CCCCC2)CO/C1=N\c1nc(C(C)(C)C)cs1,ChEMBL,9.0
O=C(c1cc2c(cc1F)OC(c1ccc(F)cc1F)(c1ccc(F)cc1F)O2)N1CCCCC1,ChEMBL,9.0
CCCCCCC(C)(C)c1cc(O)c2c(c1)OC(C)(C)c1ccc(C)cc1-2,ChEMBL,9.0
CCC(CC)(CC)c1cc(/N=C2\OCC3(CCCCC3)CN2C(=S)SC)on1,ChEMBL,9.0
Cc1c(C(=O)NN2CCS(=O)(=O)CC2)nn(-c2ccc(Cl)cc2Cl)c1-c1ccc(C#CCCC#N)cc1,ChEMBL,9.0
CCc1nc2c(-c3ccc(Cl)cc3)n(-c3ccccc3Cl)nc2c(=O)n1CC(F)(F)F,ChEMBL,9.0
O=c1c2nn(-c3ccccc3Cl)c(-c3ccc(Cl)cc3)c2ccn1CC(F)(F)F,ChEMBL,9.0
CCCCCn1/c(=N/C(=O)c2cccc(C(F)(F)F)c2)sc2ccccc21,ChEMBL,9.0
CSC(=S)N1CC2(CCCCC2)COC1=Nc1nc(C(C)(C)C)cs1,GLASS,9.0
O=c1c2c(ncn1CC(F)(F)F)N(c1ccc(Cl)cc1)C(c1ccccc1Cl)N2,GLASS,9.0
O=C1C2N=C(c3ccccc3Cl)N(c3ccc(Cl)cc3)C2N=CN1CC(F)(F)F,ChEMBL,9.0
CCCCn1c2c(cc(C(=O)NC(C)(C)c3ccccc3)c1=O)CCCCCC2,ChEMBL,9.0
CCC(CC)(CC)c1cc(N=C2OCC3(CCCCC3)CN2C(=S)SC)on1,GLASS,9.0
O=C(N1CCN(c2ncnc3c2nc(-c2ccccc2Cl)n3-c2ccc(Cl)cc2)CC1)C(F)(F)F,ChEMBL,9.0
Clc1ccc(CN2CCN(c3ncnc4c3nc(-c3ccccc3Cl)n4-c3ccc(Cl)cc3)CC2)cc1,ChEMBL,9.0
O=C(NC1CCN(c2ncnc3c2nc(-c2ccccc2Cl)n3-c2ccc(Cl)cc2)CC1)c1ccccc1F,ChEMBL,9.008773924307505
CC1=CC[C@@H]2[C@@H](C1)c1c(O)cc(C(C)(C)C3CCCCCC3)cc1OC2(C)C,ChEMBL,9.0268721464003
CC1=CCC2C(C1)c1c(O)cc(C(C)(C)C3CCCCCC3)cc1OC2(C)C,GLASS,9.0268721464003
CCNC1(C(N)=O)CCN(c2cnc(-c3ccc(Cl)cc3)c(-c3ccc(Cl)cc3Cl)n2)CC1,ChEMBL,9.040958607678906
CCCN(C)C(=O)NC1CCN(c2ncnc3c2nc(-c2ccccc2Cl)n3-c2ccc(Cl)cc2)CC1,ChEMBL,9.045757490560675
CSC(=S)N1CC2(CCCCC2)CO/C1=N\c1cc(C(C)(C)C)no1,ChEMBL,9.045757490560675
O=C(NCC1CCCCC1)NC1CCN(c2ncnc3c2nc(-c2ccccc2Cl)n3-c2ccc(Cl)cc2)CC1,ChEMBL,9.045757490560675
Clc1ccc(-n2c(-c3ccccc3Cl)nc3c(N4CCN(Cc5cccc(Cl)c5)CC4)ncnc32)cc1,ChEMBL,9.045757490560675
CCOc1ccc(S(=O)(=O)c2ccc(C(C)NS(=O)(=O)C(F)(F)F)cc2)c(S(=O)(=O)c2ccccc2F)c1,GLASS,9.045757490560675
CCOc1ccc(S(=O)(=O)c2ccc([C@H](C)NS(=O)(=O)C(F)(F)F)cc2)c(S(=O)(=O)c2ccccc2F)c1,ChEMBL,9.045757490560675
CSC(=S)N1CC2(CCCCC2)COC1=Nc1cc(C(C)(C)C)no1,GLASS,9.045757490560675
CCNC1(C(N)=O)CCN(c2cnc(-c3ccc(C(F)(F)F)cc3)c(-c3ccnc(Cl)c3)n2)CC1,ChEMBL,9.060480747381382
CC1=CC[C@@H]2[C@@H](C1)c1c(O)cc(C(C)(C)CCCCC(=O)N(C)C)cc1OC2(C)C,ChEMBL,9.065501548756432
CC1=CCC2C(C1)c1c(O)cc(C(C)(C)CCCCC(=O)N(C)C)cc1OC2(C)C,GLASS,9.065501548756432
CCc1ccc(/C=C2\C=C(CCN3CCOCC3)c3ccccc32)c2ccccc12,ChEMBL,9.066006836168757
O=S1(=O)CCN(c2cnc(-c3ccc(C(F)(F)F)cc3)c(-c3ccncc3Cl)n2)CC1,ChEMBL,9.080921907623926
CCCCCCC(C)(C)c1cc(O)c2c(c1)OC(C)(C)C1CCC(CO)CC21,GLASS,9.086186147616283
CCCCCCC(C)(C)c1cc(O)c2c(c1)OC(C)(C)[C@@H]1CCC(CO)C[C@@H]21,ChEMBL,9.086186147616283
CC(F)(F)CN1CCOc2c(nn(-c3ccccc3Cl)c2-c2ccc(Cl)cc2)C1=O,ChEMBL,9.086186147616283
COc1cc(C(=O)NC2(C(=O)NC(C)c3ccc(-n4nc(Br)c5ccccc54)cc3F)CC2)on1,GLASS,9.09151498112135
COc1cc(C(=O)NC2(C(=O)N[C@H](C)c3ccc(-n4nc(Br)c5ccccc54)cc3F)CC2)on1,ChEMBL,9.09151498112135
CCC(=O)NC1CCN(c2cnc(-c3ccc(C(F)(F)F)cc3)c(-c3ccncc3Cl)n2)CC1,ChEMBL,9.096910013008056
CC(C)CN(C)C(=O)NC1CCN(c2ncnc3c2nc(-c2ccccc2Cl)n3-c2ccc(Cl)cc2)CC1,ChEMBL,9.096910013008056
CCCC(C)(C)c1ccc2c(c1)OC(C)(C)[C@@H]1CC=C(C)C[C@@H]21,ChEMBL,9.098541678603887
CC(C)(CO)CNC(=O)c1cc2cc(C#N)ccc2n1Cc1cccc(OC(F)(F)F)c1,ChEMBL,9.100015437450608
O=C(NCc1cccc(Cl)c1)c1ccc2c(c1)N=C(N1CCC(F)(F)CC1)c1ccccc1S2,ChEMBL,9.100015437450608
Cc1c(C(=O)NN2CCCCC2)nc(-c2ccc(Cl)cc2Cl)n1-c1ccc(OCCC(F)(F)F)cc1,ChEMBL,9.100015437450608
CCCCCCCCCc1cc(O)c2c(c1)OC(C)(C)[C@@H]1CC=C(C)C[C@@H]21,ChEMBL,9.113509274827518
CCCCCCCCCc1cc(O)c2c(c1)OC(C)(C)C1CC=C(C)CC21,GLASS,9.113509274827518
CCCCCCC(C)(C)c1cc(O)c2c(c1)OC(C)(C)[C@@H]1CC=C(C)C[C@@H]21,ChEMBL,9.113509274827518
CC(=O)NC1CCCOc2c1nn(-c1ccccc1Cl)c2-c1ccc(Cl)cc1,ChEMBL,9.1249387366083
CCCCCCCCCc1cc(O)c2c(c1)OC(C)(C)[C@@H]1CC=C(CO)C[C@@H]21,ChEMBL,9.136677139879543
CCCCCCCCCc1cc(O)c2c(c1)OC(C)(C)C1CC=C(CO)CC21,GLASS,9.136677139879543
Cc1nnsc1C(=O)NC1(C(=O)N[C@H](C)c2ccc(-n3nc(Cl)c4ccccc43)cc2F)CC1,ChEMBL,9.148741651280925
Cc1nnsc1C(=O)NC1(C(=O)NC(C)c2ccc(-n3nc(Cl)c4ccccc43)cc2F)CC1,GLASS,9.148741651280925
CCCCCCC1(c2cc(O)c3c(c2)OC(C)(C)[C@@H]2CC=C(C)C[C@@H]32)CC1(Br)Br,ChEMBL,9.15002808767115
CCCCCCC1(c2cc(O)c3c(c2)OC(C)(C)C2CC=C(C)CC32)CC1(Br)Br,GLASS,9.15002808767115
CC(F)(F)CN1CCc2c(nn(-c3ccccc3Cl)c2-c2ccc(Cl)cc2)C1=O,ChEMBL,9.154901959985743
CCC(F)(F)CN1CCOc2c(nn(-c3ccccc3Cl)c2-c2ccc(Cl)cc2)C1=O,ChEMBL,9.154901959985743
CS/C(N)=N/C(=N/S(=O)(=O)N1CCC(C(F)(F)F)CC1)N1C[C@H](c2ccccc2)C(c2ccc(Cl)cc2)=N1,ChEMBL,9.154901959985743
CCNC1(C(N)=O)CCN(c2cnc(-c3ccc(Cl)cc3)c(-c3ccnc(Cl)c3)n2)CC1,ChEMBL,9.173925197299173
COc1cc(C(=O)NC2(C(=O)N[C@H](C)c3ccc(-n4nc(Cl)c5ccccc54)cc3F)CC2)on1,ChEMBL,9.173925197299173
COc1cc(C(=O)NC2(C(=O)NC(C)c3ccc(-n4nc(Cl)c5ccccc54)cc3F)CC2)on1,GLASS,9.173925197299173
CC(NC(=O)C1(NC(=O)c2ccnnc2)CC1)c1ccc(-n2nc(Cl)c3ccccc32)cc1F,GLASS,9.187086643357144
C[C@@H](NC(=O)C1(NC(=O)c2ccnnc2)CC1)c1ccc(-n2nc(Cl)c3ccccc32)cc1F,ChEMBL,9.187086643357144
O=C(NC1CCN(c2ncnc3c2nc(-c2ccccc2Cl)n3-c2ccc(Cl)cc2)CC1)OC1CCC1,ChEMBL,9.221848749616356
Cc1nc2c(-c3ccc(Cl)cc3)n(-c3ccccc3Cl)nc2c(=O)n1CC(F)(F)F,ChEMBL,9.221848749616356
O=c1c2nn(-c3ccccc3Cl)c(-c3ccc(Cl)cc3)c2ncn1CC(F)F,ChEMBL,9.221848749616356
CCCCS(=O)(=O)N1CCN(c2ncnc3c2nc(-c2ccccc2Cl)n3-c2ccc(Cl)cc2)CC1,ChEMBL,9.221848749616356
CC1=CCC2C(C1)c1c(O)cc(C(C)(C)C3CCCCC3)cc1OC2(C)C,GLASS,9.244125144327509
CC1=CC[C@@H]2[C@@H](C1)c1c(O)cc(C(C)(C)C3CCCCC3)cc1OC2(C)C,ChEMBL,9.244125144327509
CCOCC(=O)NC1CCCOc2c1nn(-c1ccccc1Cl)c2-c1ccc(Cl)cc1,ChEMBL,9.2518119729938
C[C@@H](NC(=O)C1(NC(=O)c2cncs2)CC1)c1ccc(-n2nc(Cl)c3ccccc32)cc1F,ChEMBL,9.267606240177031
CC(NC(=O)C1(NC(=O)c2cncs2)CC1)c1ccc(-n2nc(Cl)c3ccccc32)cc1F,GLASS,9.267606240177031
CS(=O)(=O)CC(=O)NC1CCCOc2c1nn(-c1ccccc1Cl)c2-c1ccc(Cl)cc1,ChEMBL,9.267606240177031
COc1cncc(C(=O)NC2(C(=O)N[C@H](C)c3ccc(-n4nc(Cl)c5ccccc54)cc3F)CC2)c1,ChEMBL,9.2839966563652
COc1cncc(C(=O)NC2(C(=O)NC(C)c3ccc(-n4nc(Cl)c5ccccc54)cc3F)CC2)c1,GLASS,9.2839966563652
Cc1c(C(=O)NN2CCCCC2)nc(-c2ccc(Cl)cc2Cl)n1-c1ccc(OS(=O)(=O)CCC(C)(C)C)cc1,ChEMBL,9.299988937677888
CCCCCCC1(c2cc(O)c3c(c2)OC(C)(C)C2CC=C(C)CC32)OCCO1,GLASS,9.301029995663981
CCCCCCC1(c2cc(O)c3c(c2)OC(C)(C)[C@@H]2CC=C(C)C[C@@H]32)OCCO1,ChEMBL,9.301029995663981
N#Cc1ccc(S(=O)(=O)/N=C(\N)N2C[C@H](c3ccccc3)C(c3ccc(Cl)cc3)=N2)cc1,ChEMBL,9.301029995663981
C[C@@H](NC(=O)C1(NC(=O)c2ccc(Br)nc2)CC1)c1ccc(-n2nc(Cl)c3ccccc32)cc1F,ChEMBL,9.309803919971486
CC(NC(=O)C1(NC(=O)c2ccc(Br)nc2)CC1)c1ccc(-n2nc(Cl)c3ccccc32)cc1F,GLASS,9.309803919971486
Cc1cncc(C(=O)NC2(C(=O)NC(C)c3ccc(-n4nc(Cl)c5ccccc54)cc3F)CC2)c1,GLASS,9.327902142064282
Cc1cncc(C(=O)NC2(C(=O)N[C@H](C)c3ccc(-n4nc(Cl)c5ccccc54)cc3F)CC2)c1,ChEMBL,9.327902142064282
O=S(=O)(CCCC(F)(F)F)Oc1cccc(Oc2cccc3c2CC(CO)C3)c1,GLASS,9.337242168318426
O=S(=O)(CCCC(F)(F)F)Oc1cccc(Oc2cccc3c2C[C@H](CO)C3)c1,ChEMBL,9.337242168318426
CCCCCCC1(c2cc(O)c3c(c2)OC(C)(C)C2CC=C(C)CC32)CCCC1,GLASS,9.349984047528162
CCCCCCC1(c2cc(O)c3c(c2)OC(C)(C)[C@@H]2CC=C(C)C[C@@H]32)CCCC1,ChEMBL,9.349984047528162
CCCCCCC1(c2cc(O)c3c(c2)OC(C)(C)[C@@H]2CC=C(C)C[C@@H]32)CC1,ChEMBL,9.36001575195841
CCCCCCC1(c2cc(O)c3c(c2)OC(C)(C)C2CC=C(C)CC32)CC1,GLASS,9.36001575195841
CC1=CC[C@@H]2[C@@H](C1)c1c(O)cc(C(C)(C)CCCCBr)cc1OC2(C)C,ChEMBL,9.366531544420413
CC1=CCC2C(C1)c1c(O)cc(C(C)(C)CCCCBr)cc1OC2(C)C,GLASS,9.366531544420413
CN/C(=N\S(=O)(=O)c1ccc(Cl)cc1)N1C[C@H](c2ccccc2)C(c2ccc(Cl)cc2)=N1,ChEMBL,9.3767507096021
Cc1c(C(=O)N2CCC(C(N)=O)(c3ccccc3)CC2)nn(-c2ccc(Cl)cc2Cl)c1-c1ccc(Cl)cc1,ChEMBL,9.397940008672037
O=C(CC1CCCC1)N1CCN(c2ncnc3c2nc(-c2ccccc2Cl)n3-c2ccc(Cl)cc2)CC1,ChEMBL,9.397940008672037
Cc1ccc(Cn2nc(C(=O)NC3C4(C)CCC(C4)C3(C)C)cc2-c2ccc(Cl)c(C)c2)cc1,ChEMBL,9.397940008672037
COc1ccc(OC(F)(F)F)cc1Cn1c(C(=O)NCC(C)(C)CO)cc2cc(C#N)ccc21,ChEMBL,9.400007822415901
CC(NC(=O)C1(NC(=O)c2cn[nH]c2)CC1)c1ccc(-n2nc(Cl)c3ccccc32)cc1F,GLASS,9.42021640338319
C[C@@H](NC(=O)C1(NC(=O)c2cn[nH]c2)CC1)c1ccc(-n2nc(Cl)c3ccccc32)cc1F,ChEMBL,9.42021640338319
O=S(=O)(NC1CCN(c2ncnc3c2nc(-c2ccccc2Cl)n3-c2ccc(Cl)cc2)CC1)c1ccccc1F,ChEMBL,9.42021640338319
C[C@@H](NC(=O)C1(NC(=O)c2cncc(F)c2)CC1)c1ccc(-n2nc(Cl)c3ccccc32)cc1F,ChEMBL,9.431798275933005
CC(NC(=O)C1(NC(=O)c2cncc(F)c2)CC1)c1ccc(-n2nc(Cl)c3ccccc32)cc1F,GLASS,9.431798275933005
Cc1c(C(=O)NC2CCC(O)CC2)nc(-c2ccc(Cl)cc2Cl)n1-c1ccc(OS(=O)(=O)CCC(F)(F)F)cc1,ChEMBL,9.431798275933005
CC1=CC[C@@H]2[C@@H](C1)c1c(O)cc(C(C)(C)CCCCC#N)cc1OC2(C)C,ChEMBL,9.443697499232712
CC1=CCC2C(C1)c1c(O)cc(C(C)(C)CCCCC#N)cc1OC2(C)C,GLASS,9.443697499232712
CC1=CCC2C(C1)c1c(O)cc(C(C)(C)C3CCCC3)cc1OC2(C)C,GLASS,9.468521082957745
CC1=CC[C@@H]2[C@@H](C1)c1c(O)cc(C(C)(C)C3CCCC3)cc1OC2(C)C,ChEMBL,9.468521082957745
CCCCCCC1(c2cc(O)c3c(c2)OC(C)(C)C2CC=C(C)CC32)SCCS1,GLASS,9.494850021680094
CCCCCCC1(c2cc(O)c3c(c2)OC(C)(C)[C@@H]2CC=C(C)C[C@@H]32)SCCS1,ChEMBL,9.494850021680094
O=C(NCc1cccc(Cl)c1)c1ccc2c(c1)N=C(N1CCCCC1)c1ccccc1S2,ChEMBL,9.500038134403809
Cc1c(C(=O)N[C@H]2CCCC[C@H]2N)nc(-c2ccc(Cl)cc2Cl)n1-c1ccc(OS(=O)(=O)CCC(F)(F)F)cc1,ChEMBL,9.500038134403809
Cc1c(C(=O)NN2CCCCC2)nc(-c2ccc(Cl)cc2Cl)n1-c1ccc(OS(=O)(=O)CCCF)cc1,ChEMBL,9.500038134403809
Cc1c(C(=O)Nc2ccc(C(F)(F)F)nc2)nc(-c2ccc(Cl)cc2Cl)n1-c1ccc(OS(=O)(=O)CCC(F)(F)F)cc1,ChEMBL,9.508638306165727
CC(NC(=O)C1(NC(=O)c2cncc(O)c2)CC1)c1ccc(-n2nc(Cl)c3ccccc32)cc1F,GLASS,9.522878745280337
C[C@@H](NC(=O)C1(NC(=O)c2cncc(O)c2)CC1)c1ccc(-n2nc(Cl)c3ccccc32)cc1F,ChEMBL,9.522878745280337
N/C(=N\S(=O)(=O)c1ccc(I)cc1)N1C[C@H](c2ccccc2)C(c2ccc(Cl)cc2)=N1,ChEMBL,9.522878745280337
O=C(NN1CCCCC1)c1cn(-c2ccc(Cl)cc2Cl)c(-c2ccc(C#Cc3ccc(C(F)(F)F)cc3)s2)c1CNS(=O)(=O)N1CCCC1,ChEMBL,9.522878745280337
C[C@H](NC(=O)C(C)(C)Oc1ccc(C(F)(F)F)cn1)[C@@H](Cc1ccc(Cl)cc1)c1cccc(C#N)c1,ChEMBL,9.522878745280337
COc1ncc(C(=O)NC2(C(=O)NC(C)c3ccc(-n4nc(Cl)c5ccccc54)cc3F)CC2)s1,GLASS,9.537602002101044
COc1ncc(C(=O)NC2(C(=O)N[C@H](C)c3ccc(-n4nc(Cl)c5ccccc54)cc3F)CC2)s1,ChEMBL,9.537602002101044
NC(=O)C1(c2ccccc2)CCC(c2ncnc3c2nc(-c2ccccc2Cl)n3-c2ccc(Cl)cc2)CC1,ChEMBL,9.55284196865778
CCCCCCC(C)(C)c1ccc([C@@H]2C[C@H](O)CC[C@H]2CCCO)c(O)c1,ChEMBL,9.568636235841012
O=C(NC1CCCOc2c1nn(-c1ccccc1Cl)c2-c1ccc(Cl)cc1)c1ccon1,ChEMBL,9.585026652029182
COCCN(C)C(=O)NC1CCN(c2ncnc3c2nc(-c2ccccc2Cl)n3-c2ccc(Cl)cc2)CC1,ChEMBL,9.585026652029182
CCCS(=O)(=O)Oc1ccc(-n2c(-c3ccc(Cl)cc3Cl)nc(C(=O)NN3CCCCC3)c2C)cc1,ChEMBL,9.599980364934842
Cc1c(C(=O)NN2CCCC(O)C2)nc(-c2ccc(Cl)cc2Cl)n1-c1ccc(OS(=O)(=O)CCC(F)(F)F)cc1,ChEMBL,9.599980364934842
COC(=O)NC1CCCOc2c1nn(-c1ccccc1Cl)c2-c1ccc(Cl)cc1,ChEMBL,9.602059991327963
CC(C)C(=O)NC1CCN(c2cnc(-c3ccc(C(F)(F)F)cc3)c(-c3ccncc3Cl)n2)CC1,ChEMBL,9.619788758288394
CCCCCCC(C)(C)c1cc(O)c2c(c1)OC(C)(C)[C@@H]1CCC(C)=C[C@@H]21,ChEMBL,9.619788758288394
CCCCCCC(C)(C)c1cc(O)c2c(c1)OC(C)(C)C1CCC(C)=CC21,GLASS,9.619788758288394
O=C(NC1CCCCC1)N1CCN(C(c2ccc(Cl)cc2)c2ccc(Cl)cc2Cl)CC1,ChEMBL,9.638272163982407
O=C(NC1CCCOc2c1nn(-c1ccccc1Cl)c2-c1ccc(Cl)cc1)c1ccno1,ChEMBL,9.638272163982407
Cc1c(C(=O)Nc2ccc(OC(F)(F)F)cc2)nc(-c2ccc(Cl)cc2Cl)n1-c1ccc(OS(=O)(=O)CCC(F)(F)F)cc1,ChEMBL,9.657577319177793
CC1=CCC2C(C1)c1c(O)cc(C(C)(C)CCCCCC#N)cc1OC2(C)C,GLASS,9.698970004336019
CC(NC(=O)C1(NC(=O)c2cncc(Cl)c2)CC1)c1ccc(-n2nc(Cl)c3ccccc32)cc1F,GLASS,9.698970004336019
CC1=CC[C@@H]2[C@@H](C1)c1c(O)cc(C(C)(C)CCCCCC#N)cc1OC2(C)C,ChEMBL,9.698970004336019
Cc1ccc([C@@H](c2ccc(Cl)cc2Cl)N2CCN(C(=O)NC3CCCCC3)CC2)cc1,ChEMBL,9.698970004336019
CC(C)(C)CC(=O)NC1CCN(c2ncnc3c2nc(-c2ccccc2Cl)n3-c2ccc(Cl)cc2)CC1,ChEMBL,9.698970004336019
C[C@@H](NC(=O)C1(NC(=O)c2cncc(Cl)c2)CC1)c1ccc(-n2nc(Cl)c3ccccc32)cc1F,ChEMBL,9.698970004336019
S=C(NC1CCCCC1)N1CCN(C(c2ccccc2)c2ccc(Cl)cc2Cl)CC1,ChEMBL,9.698970004336019
CCCCNC(=O)c1ccc2c(c1)N=C(c1ccc(F)c(Cl)c1)c1ccccc1S2,ChEMBL,9.700057099977233
CCCCNC(=O)c1ccc2c(c1)N=C(c1ccc(Cl)cc1)c1ccccc1S2,ChEMBL,9.700057099977233
Cc1c(C(=O)NN2CCCCC2)nc(-c2ccc(Cl)cc2Cl)n1-c1ccc(OS(=O)(=O)CCC(C)C)cc1,ChEMBL,9.700057099977233
Cc1c(C(=O)NN2CCCCC2)nc(-c2ccc(Cl)cc2Cl)n1-c1ccc(OCCCC(F)(F)F)cc1,ChEMBL,9.700057099977233
Cc1c(C(=O)N[C@@H]2CCCC[C@H]2O)nc(-c2ccc(Cl)cc2Cl)n1-c1ccc(OS(=O)(=O)CCC(F)(F)F)cc1,ChEMBL,9.700057099977233
Cc1c(C(=O)NN2CCCCC2)nn(-c2ccc(Cl)cc2Cl)c1-c1ccc(Cl)cc1,ChEMBL,9.721246399047171
C[C@@H](NC(=O)C1(NC(=O)c2cncnc2)CC1)c1ccc(-n2nc(Cl)c3ccccc32)cc1F,ChEMBL,9.744727494896694
CC(NC(=O)C1(NC(=O)c2cncnc2)CC1)c1ccc(-n2nc(Cl)c3ccccc32)cc1F,GLASS,9.744727494896694
Cc1ccc(C(c2ccc(Cl)cc2Cl)N2CCN(C(=O)NC3CCCCC3)CC2)cc1,ChEMBL,9.823908740944319
Cc1ccc(NC(=O)c2nc(-c3ccc(Cl)cc3Cl)n(-c3ccc(OS(=O)(=O)CCC(F)(F)F)cc3)c2C)nc1,ChEMBL,9.899974269892137
CCCCS(=O)(=O)Oc1ccc(-n2c(-c3ccc(Cl)cc3Cl)nc(C(=O)NN3CCCCC3)c2C)cc1,ChEMBL,9.899974269892137
Cc1c(C(=O)Nc2ccc(C(F)(F)F)cn2)nc(-c2ccc(Cl)cc2Cl)n1-c1ccc(OS(=O)(=O)CCC(F)(F)F)cc1,ChEMBL,9.899974269892137
C[C@@H](NC(=O)C1(NC(=O)c2cncc(Br)c2)CC1)c1ccc(-n2nc(Cl)c3ccccc32)cc1F,ChEMBL,9.920818753952375
CCNC1(C(N)=O)CCN(c2ncnc3c2nc(-c2ccccc2Cl)n3-c2ccc(Cl)cc2)CC1,ChEMBL,9.920818753952375
CC(NC(=O)C1(NC(=O)c2cncc(Br)c2)CC1)c1ccc(-n2nc(Cl)c3ccccc32)cc1F,GLASS,9.920818753952375
CC(C)OC(=O)NC1CCCOc2c1nn(-c1ccccc1Cl)c2-c1ccc(Cl)cc1,ChEMBL,9.920818753952375
CCNC(=O)NC1CCCOc2c1nn(-c1ccccc1Cl)c2-c1ccc(Cl)cc1,ChEMBL,9.958607314841775
CCC(=O)NC1CCCOc2c1nn(-c1ccccc1Cl)c2-c1ccc(Cl)cc1,ChEMBL,9.958607314841775
Cc1c(C(=O)NN2CCCCC2)nc(-c2ccc(Cl)cc2Cl)n1-c1ccc(OS(=O)(=O)CCC(F)(F)F)cc1,ChEMBL,9.958607314841775
CC1=CCC2C(C1)c1c(O)cc(C(C)(C)CCCCCCBr)cc1OC2(C)C,GLASS,9.958607314841775
CCCCCn1/c(=N/C(=O)c2cccc3ccccc23)sc2ccccc21,ChEMBL,9.958607314841775
O=c1c2nn(-c3ccccc3Cl)c(-c3ccc(Cl)cc3)c2ncn1CC(F)(F)F,ChEMBL,10.0
Cc1c(C(=O)N[C@H]2CCC[C@H](O)C2)nc(-c2ccc(Cl)cc2Cl)n1-c1ccc(OS(=O)(=O)CCC(F)(F)F)cc1,ChEMBL,10.0
Cc1c(-c2cn(C(C)(C)c3ccccc3)cn2)nn(-c2ccc(Cl)cc2Cl)c1-c1ccc(Cl)cc1,ChEMBL,10.0
CCCCCn1/c(=N\C(=O)C23CC4CC(CC(C4)C2)C3)sc2ccccc21,ChEMBL,10.0
CCCCCCC(C)(C)c1cc(O)c2c(c1)OC(C)(C)c1ccc(CO)cc1-2,ChEMBL,10.0
Cc1c(C(=O)Nc2ccc(F)nc2)nc(-c2ccc(Cl)cc2Cl)n1-c1ccc(OS(=O)(=O)CCC(F)(F)F)cc1,ChEMBL,10.0
Cc1c(C(=O)NN2CCCCC2)nc(-c2ccc(Cl)cc2Cl)n1-c1ccc(OCCCF)cc1,ChEMBL,10.0
Cc1c(-c2cn(C(C)(C)c3ccccc3)cn2)nn(-c2ccccc2Cl)c1-c1ccc(Cl)cc1,ChEMBL,10.0
CC(F)(F)Cn1cnc2c(-c3ccc(Cl)cc3)n(-c3ccccc3Cl)nc2c1=O,ChEMBL,10.0
N#CC1(C(=O)NC2CCCOc3c2nn(-c2ccccc2Cl)c3-c2ccc(Cl)cc2)CC1,ChEMBL,10.096910013008056
O=C(NC1CCCOc2c1nn(-c1ccccc1Cl)c2-c1ccc(Cl)cc1)c1cnon1,ChEMBL,10.096910013008056
O=C(NC1CCCOc2c1nn(-c1ccccc1Cl)c2-c1ccc(Cl)cc1)C1CCOCC1,ChEMBL,10.154901959985743
Cc1c(C(=O)NN2CCCCC2)nc(-c2ccc(Cl)cc2Cl)n1-c1ccc(OS(=O)(=O)CCCC(F)(F)F)cc1,ChEMBL,10.207608310501746
CCCCCCC(C)(C)c1cc(O)c2c(c1)OC(C)(C)[C@@H]1CC=C(CO)C[C@@H]21,ChEMBL,10.221848749616356
O=C(NC1CCCOc2c1nn(-c1ccccc1Cl)c2-c1ccc(Cl)cc1)C1CCCCC1,ChEMBL,10.301029995663981
CC(C)C(=O)NC1CCCOc2c1nn(-c1ccccc1Cl)c2-c1ccc(Cl)cc1,ChEMBL,10.397940008672037
CC(C)C(=O)N[C@@H]1CCCOc2c1nn(-c1ccccc1Cl)c2-c1ccc(Cl)cc1,ChEMBL,10.522878745280337
Cc1c(C(=O)N[C@@H]2CCCC[C@@H]2O)nc(-c2ccc(Cl)cc2Cl)n1-c1ccc(OS(=O)(=O)CCC(F)(F)F)cc1,ChEMBL,11.0
O=C(NN1CCCCC1)c1nn(-c2ccc(Cl)cc2Cl)c2c1CCCc1cc(Cl)ccc1-2,ChEMBL,12.455931955649724
