molecule_chembl_id,smiles,param,standard_relation,value,unit,labels
CHEMBL376700,O=C(NN1CCCCC1)c1nn(-c2ccc(Cl)cc2Cl)c2c1CCCc1cc(Cl)ccc1-2,Ki,'=',0.00035,nM,1
CHEMBL4062749,Cc1c(C(=O)N[C@@H]2CCCC[C@@H]2O)nc(-c2ccc(Cl)cc2Cl)n1-c1ccc(OS(=O)(=O)CCC(F)(F)F)cc1,Ki,'=',0.01,nM,1
CHEMBL2063237,CC(C)C(=O)N[C@@H]1CCCOc2c1nn(-c1ccccc1Cl)c2-c1ccc(Cl)cc1,Ki,'=',0.03,nM,1
CHEMBL2063236,CC(C)C(=O)NC1CCCOc2c1nn(-c1ccccc1Cl)c2-c1ccc(Cl)cc1,Ki,'=',0.04,nM,1
CHEMBL2063239,O=C(NC1CCCOc2c1nn(-c1ccccc1Cl)c2-c1ccc(Cl)cc1)C1CCCCC1,Ki,'=',0.05,nM,1
CHEMBL307696,CCCCCCC(C)(C)c1cc(O)c2c(c1)OC(C)(C)[C@@H]1CC=C(CO)C[C@@H]21,Ki,'=',0.06,nM,1
CHEMBL4095223,Cc1c(C(=O)NN2CCCCC2)nc(-c2ccc(Cl)cc2Cl)n1-c1ccc(OS(=O)(=O)CCCC(F)(F)F)cc1,Ki,'=',0.062,nM,1
CHEMBL2063240,O=C(NC1CCCOc2c1nn(-c1ccccc1Cl)c2-c1ccc(Cl)cc1)C1CCOCC1,Ki,'=',0.07,nM,1
CHEMBL2063246,N#CC1(C(=O)NC2CCCOc3c2nn(-c2ccccc2Cl)c3-c2ccc(Cl)cc2)CC1,Ki,'=',0.08,nM,1
CHEMBL2063249,O=C(NC1CCCOc2c1nn(-c1ccccc1Cl)c2-c1ccc(Cl)cc1)c1cnon1,Ki,'=',0.08,nM,1
CHEMBL4100882,Cc1c(C(=O)N[C@H]2CCC[C@H](O)C2)nc(-c2ccc(Cl)cc2Cl)n1-c1ccc(OS(=O)(=O)CCC(F)(F)F)cc1,Ki,'=',0.1,nM,1
CHEMBL204188,O=c1c2nn(-c3ccccc3Cl)c(-c3ccc(Cl)cc3)c2ncn1CC(F)(F)F,Ki,'=',0.1,nM,1
CHEMBL578969,Cc1c(-c2cn(C(C)(C)c3ccccc3)cn2)nn(-c2ccccc2Cl)c1-c1ccc(Cl)cc1,Ki,'=',0.1,nM,1
CHEMBL4437741,CCCCCn1/c(=N\C(=O)C23CC4CC(CC(C4)C2)C3)sc2ccccc21,Ki,'=',0.1,nM,1
CHEMBL111724,CCCCCCC(C)(C)c1cc(O)c2c(c1)OC(C)(C)c1ccc(CO)cc1-2,Ki,'=',0.1,nM,1
CHEMBL4094098,Cc1c(C(=O)Nc2ccc(F)nc2)nc(-c2ccc(Cl)cc2Cl)n1-c1ccc(OS(=O)(=O)CCC(F)(F)F)cc1,Ki,'=',0.1,nM,1
CHEMBL584889,Cc1c(-c2cn(C(C)(C)c3ccccc3)cn2)nn(-c2ccc(Cl)cc2Cl)c1-c1ccc(Cl)cc1,Ki,'=',0.1,nM,1
CHEMBL4078689,Cc1c(C(=O)NN2CCCCC2)nc(-c2ccc(Cl)cc2Cl)n1-c1ccc(OCCCF)cc1,Ki,'=',0.1,nM,1
CHEMBL425047,CC(F)(F)Cn1cnc2c(-c3ccc(Cl)cc3)n(-c3ccccc3Cl)nc2c1=O,Ki,'=',0.1,nM,1
CHEMBL4559193,CCCCCn1/c(=N/C(=O)c2cccc3ccccc23)sc2ccccc21,Ki,'=',0.11,nM,1
CHEMBL4087520,Cc1c(C(=O)NN2CCCCC2)nc(-c2ccc(Cl)cc2Cl)n1-c1ccc(OS(=O)(=O)CCC(F)(F)F)cc1,Ki,'=',0.11,nM,1
CHEMBL2063235,CCC(=O)NC1CCCOc2c1nn(-c1ccccc1Cl)c2-c1ccc(Cl)cc1,Ki,'=',0.11,nM,1
CHEMBL2063245,CCNC(=O)NC1CCCOc2c1nn(-c1ccccc1Cl)c2-c1ccc(Cl)cc1,Ki,'=',0.11,nM,1
CHEMBL562668,CCNC1(C(N)=O)CCN(c2ncnc3c2nc(-c2ccccc2Cl)n3-c2ccc(Cl)cc2)CC1,Ki,'=',0.12,nM,1
CHEMBL2063244,CC(C)OC(=O)NC1CCCOc2c1nn(-c1ccccc1Cl)c2-c1ccc(Cl)cc1,Ki,'=',0.12,nM,1
CHEMBL1801350,C[C@@H](NC(=O)C1(NC(=O)c2cncc(Br)c2)CC1)c1ccc(-n2nc(Cl)c3ccccc32)cc1F,Ki,'=',0.12,nM,1
CHEMBL4068708,Cc1c(C(=O)Nc2ccc(C(F)(F)F)cn2)nc(-c2ccc(Cl)cc2Cl)n1-c1ccc(OS(=O)(=O)CCC(F)(F)F)cc1,Ki,'=',0.1259,nM,1
CHEMBL4067800,CCCCS(=O)(=O)Oc1ccc(-n2c(-c3ccc(Cl)cc3Cl)nc(C(=O)NN3CCCCC3)c2C)cc1,Ki,'=',0.1259,nM,1
CHEMBL4089821,Cc1ccc(NC(=O)c2nc(-c3ccc(Cl)cc3Cl)n(-c3ccc(OS(=O)(=O)CCC(F)(F)F)cc3)c2C)nc1,Ki,'=',0.1259,nM,1
CHEMBL1093735,Cc1ccc(C(c2ccc(Cl)cc2Cl)N2CCN(C(=O)NC3CCCCC3)CC2)cc1,Ki,'=',0.15,nM,1
CHEMBL1801352,C[C@@H](NC(=O)C1(NC(=O)c2cncnc2)CC1)c1ccc(-n2nc(Cl)c3ccccc32)cc1F,Ki,'=',0.18,nM,1
CHEMBL111,Cc1c(C(=O)NN2CCCCC2)nn(-c2ccc(Cl)cc2Cl)c1-c1ccc(Cl)cc1,Ki,'=',0.19,nM,1
CHEMBL484952,CCCCNC(=O)c1ccc2c(c1)N=C(c1ccc(Cl)cc1)c1ccccc1S2,Ki,'=',0.1995,nM,1
CHEMBL4090706,Cc1c(C(=O)N[C@@H]2CCCC[C@H]2O)nc(-c2ccc(Cl)cc2Cl)n1-c1ccc(OS(=O)(=O)CCC(F)(F)F)cc1,Ki,'=',0.1995,nM,1
CHEMBL520349,CCCCNC(=O)c1ccc2c(c1)N=C(c1ccc(F)c(Cl)c1)c1ccccc1S2,Ki,'=',0.1995,nM,1
CHEMBL4089947,Cc1c(C(=O)NN2CCCCC2)nc(-c2ccc(Cl)cc2Cl)n1-c1ccc(OS(=O)(=O)CCC(C)C)cc1,Ki,'=',0.1995,nM,1
CHEMBL4086535,Cc1c(C(=O)NN2CCCCC2)nc(-c2ccc(Cl)cc2Cl)n1-c1ccc(OCCCC(F)(F)F)cc1,Ki,'=',0.1995,nM,1
CHEMBL1910035,Cc1ccc([C@@H](c2ccc(Cl)cc2Cl)N2CCN(C(=O)NC3CCCCC3)CC2)cc1,Ki,'=',0.2,nM,1
CHEMBL4469545,CC(C)(C)CC(=O)NC1CCN(c2ncnc3c2nc(-c2ccccc2Cl)n3-c2ccc(Cl)cc2)CC1,Ki,'=',0.2,nM,1
CHEMBL1801349,C[C@@H](NC(=O)C1(NC(=O)c2cncc(Cl)c2)CC1)c1ccc(-n2nc(Cl)c3ccccc32)cc1F,Ki,'=',0.2,nM,1
CHEMBL1093377,S=C(NC1CCCCC1)N1CCN(C(c2ccccc2)c2ccc(Cl)cc2Cl)CC1,Ki,'=',0.2,nM,1
CHEMBL138917,CC1=CC[C@@H]2[C@@H](C1)c1c(O)cc(C(C)(C)CCCCCC#N)cc1OC2(C)C,Ki,'=',0.2,nM,1
CHEMBL4093165,Cc1c(C(=O)Nc2ccc(OC(F)(F)F)cc2)nc(-c2ccc(Cl)cc2Cl)n1-c1ccc(OS(=O)(=O)CCC(F)(F)F)cc1,Ki,'=',0.22,nM,1
CHEMBL2063248,O=C(NC1CCCOc2c1nn(-c1ccccc1Cl)c2-c1ccc(Cl)cc1)c1ccno1,Ki,'=',0.23,nM,1
CHEMBL529436,O=C(NC1CCCCC1)N1CCN(C(c2ccc(Cl)cc2)c2ccc(Cl)cc2Cl)CC1,Ki,'=',0.23,nM,1
CHEMBL600602,CCCCCCC(C)(C)c1cc(O)c2c(c1)OC(C)(C)[C@@H]1CCC(C)=C[C@@H]21,Ki,'=',0.24,nM,1
CHEMBL497557,CC(C)C(=O)NC1CCN(c2cnc(-c3ccc(C(F)(F)F)cc3)c(-c3ccncc3Cl)n2)CC1,Ki,'=',0.24,nM,1
CHEMBL2063243,COC(=O)NC1CCCOc2c1nn(-c1ccccc1Cl)c2-c1ccc(Cl)cc1,Ki,'=',0.25,nM,1
CHEMBL4082908,Cc1c(C(=O)NN2CCCC(O)C2)nc(-c2ccc(Cl)cc2Cl)n1-c1ccc(OS(=O)(=O)CCC(F)(F)F)cc1,Ki,'=',0.2512,nM,1
CHEMBL4065097,CCCS(=O)(=O)Oc1ccc(-n2c(-c3ccc(Cl)cc3Cl)nc(C(=O)NN3CCCCC3)c2C)cc1,Ki,'=',0.2512,nM,1
CHEMBL4463013,COCCN(C)C(=O)NC1CCN(c2ncnc3c2nc(-c2ccccc2Cl)n3-c2ccc(Cl)cc2)CC1,Ki,'=',0.26,nM,1
CHEMBL2063247,O=C(NC1CCCOc2c1nn(-c1ccccc1Cl)c2-c1ccc(Cl)cc1)c1ccon1,Ki,'=',0.26,nM,1
CHEMBL559612,CCCCCCC(C)(C)c1ccc([C@@H]2C[C@H](O)CC[C@H]2CCCO)c(O)c1,Ki,'=',0.27,nM,1
CHEMBL3957577,NC(=O)C1(c2ccccc2)CCC(c2ncnc3c2nc(-c2ccccc2Cl)n3-c2ccc(Cl)cc2)CC1,Ki,'=',0.28,nM,1
CHEMBL1801087,COc1ncc(C(=O)NC2(C(=O)N[C@H](C)c3ccc(-n4nc(Cl)c5ccccc54)cc3F)CC2)s1,Ki,'=',0.29,nM,1
CHEMBL1801346,C[C@@H](NC(=O)C1(NC(=O)c2cncc(O)c2)CC1)c1ccc(-n2nc(Cl)c3ccccc32)cc1F,Ki,'=',0.3,nM,1
CHEMBL220360,C[C@H](NC(=O)C(C)(C)Oc1ccc(C(F)(F)F)cn1)[C@@H](Cc1ccc(Cl)cc1)c1cccc(C#N)c1,Ki,'=',0.3,nM,1
CHEMBL460796,N/C(=N\S(=O)(=O)c1ccc(I)cc1)N1C[C@H](c2ccccc2)C(c2ccc(Cl)cc2)=N1,Ki,'=',0.3,nM,1
CHEMBL4644088,O=C(NN1CCCCC1)c1cn(-c2ccc(Cl)cc2Cl)c(-c2ccc(C#Cc3ccc(C(F)(F)F)cc3)s2)c1CNS(=O)(=O)N1CCCC1,Ki,'=',0.3,nM,1
CHEMBL4066563,Cc1c(C(=O)Nc2ccc(C(F)(F)F)nc2)nc(-c2ccc(Cl)cc2Cl)n1-c1ccc(OS(=O)(=O)CCC(F)(F)F)cc1,Ki,'=',0.31,nM,1
CHEMBL4105382,Cc1c(C(=O)NN2CCCCC2)nc(-c2ccc(Cl)cc2Cl)n1-c1ccc(OS(=O)(=O)CCCF)cc1,Ki,'=',0.3162,nM,1
CHEMBL4085407,Cc1c(C(=O)N[C@H]2CCCC[C@H]2N)nc(-c2ccc(Cl)cc2Cl)n1-c1ccc(OS(=O)(=O)CCC(F)(F)F)cc1,Ki,'=',0.3162,nM,1
CHEMBL482566,O=C(NCc1cccc(Cl)c1)c1ccc2c(c1)N=C(N1CCCCC1)c1ccccc1S2,Ki,'=',0.3162,nM,1
CHEMBL476325,CCCCCCC1(c2cc(O)c3c(c2)OC(C)(C)[C@@H]2CC=C(C)C[C@@H]32)SCCS1,Ki,'=',0.32,nM,1
CHEMBL252947,CC1=CC[C@@H]2[C@@H](C1)c1c(O)cc(C(C)(C)C3CCCC3)cc1OC2(C)C,Ki,'=',0.34,nM,1
CHEMBL336670,CC1=CC[C@@H]2[C@@H](C1)c1c(O)cc(C(C)(C)CCCCC#N)cc1OC2(C)C,Ki,'=',0.36,nM,1
CHEMBL4063825,Cc1c(C(=O)NC2CCC(O)CC2)nc(-c2ccc(Cl)cc2Cl)n1-c1ccc(OS(=O)(=O)CCC(F)(F)F)cc1,Ki,'=',0.37,nM,1
CHEMBL1801348,C[C@@H](NC(=O)C1(NC(=O)c2cncc(F)c2)CC1)c1ccc(-n2nc(Cl)c3ccccc32)cc1F,Ki,'=',0.37,nM,1
CHEMBL1801341,C[C@@H](NC(=O)C1(NC(=O)c2cn[nH]c2)CC1)c1ccc(-n2nc(Cl)c3ccccc32)cc1F,Ki,'=',0.38,nM,1
CHEMBL4520650,O=S(=O)(NC1CCN(c2ncnc3c2nc(-c2ccccc2Cl)n3-c2ccc(Cl)cc2)CC1)c1ccccc1F,Ki,'=',0.38,nM,1
CHEMBL1760646,COc1ccc(OC(F)(F)F)cc1Cn1c(C(=O)NCC(C)(C)CO)cc2cc(C#N)ccc21,Ki,'=',0.3981,nM,1
CHEMBL381689,Cc1ccc(Cn2nc(C(=O)NC3C4(C)CCC(C4)C3(C)C)cc2-c2ccc(Cl)c(C)c2)cc1,Ki,'=',0.4,nM,1
CHEMBL4244751,O=C(CC1CCCC1)N1CCN(c2ncnc3c2nc(-c2ccccc2Cl)n3-c2ccc(Cl)cc2)CC1,Ki,'=',0.4,nM,1
CHEMBL2030738,Cc1c(C(=O)N2CCC(C(N)=O)(c3ccccc3)CC2)nn(-c2ccc(Cl)cc2Cl)c1-c1ccc(Cl)cc1,Ki,'=',0.4,nM,1
CHEMBL412262,CN/C(=N\S(=O)(=O)c1ccc(Cl)cc1)N1C[C@H](c2ccccc2)C(c2ccc(Cl)cc2)=N1,Ki,'=',0.42,nM,1
CHEMBL199561,CC1=CC[C@@H]2[C@@H](C1)c1c(O)cc(C(C)(C)CCCCBr)cc1OC2(C)C,Ki,'=',0.43,nM,1
CHEMBL19847,CCCCCCC1(c2cc(O)c3c(c2)OC(C)(C)[C@@H]2CC=C(C)C[C@@H]32)CC1,Ki,'=',0.4365,nM,1
CHEMBL108868,CCCCCCC1(c2cc(O)c3c(c2)OC(C)(C)[C@@H]2CC=C(C)C[C@@H]32)CCCC1,Ki,'=',0.4467,nM,1
CHEMBL1668508,O=S(=O)(CCCC(F)(F)F)Oc1cccc(Oc2cccc3c2C[C@H](CO)C3)c1,Ki,'=',0.46,nM,1
CHEMBL1801345,Cc1cncc(C(=O)NC2(C(=O)N[C@H](C)c3ccc(-n4nc(Cl)c5ccccc54)cc3F)CC2)c1,Ki,'=',0.47,nM,1
CHEMBL1801344,C[C@@H](NC(=O)C1(NC(=O)c2ccc(Br)nc2)CC1)c1ccc(-n2nc(Cl)c3ccccc32)cc1F,Ki,'=',0.49,nM,1
CHEMBL459730,N#Cc1ccc(S(=O)(=O)/N=C(\N)N2C[C@H](c3ccccc3)C(c3ccc(Cl)cc3)=N2)cc1,Ki,'=',0.5,nM,1
CHEMBL108085,CCCCCCC1(c2cc(O)c3c(c2)OC(C)(C)[C@@H]2CC=C(C)C[C@@H]32)OCCO1,Ki,'=',0.5,nM,1
CHEMBL4068853,Cc1c(C(=O)NN2CCCCC2)nc(-c2ccc(Cl)cc2Cl)n1-c1ccc(OS(=O)(=O)CCC(C)(C)C)cc1,Ki,'=',0.5012,nM,1
CHEMBL1801347,COc1cncc(C(=O)NC2(C(=O)N[C@H](C)c3ccc(-n4nc(Cl)c5ccccc54)cc3F)CC2)c1,Ki,'=',0.52,nM,1
CHEMBL1801086,C[C@@H](NC(=O)C1(NC(=O)c2cncs2)CC1)c1ccc(-n2nc(Cl)c3ccccc32)cc1F,Ki,'=',0.54,nM,1
CHEMBL2063250,CS(=O)(=O)CC(=O)NC1CCCOc2c1nn(-c1ccccc1Cl)c2-c1ccc(Cl)cc1,Ki,'=',0.54,nM,1
CHEMBL2063242,CCOCC(=O)NC1CCCOc2c1nn(-c1ccccc1Cl)c2-c1ccc(Cl)cc1,Ki,'=',0.56,nM,1
CHEMBL325389,CC1=CC[C@@H]2[C@@H](C1)c1c(O)cc(C(C)(C)C3CCCCC3)cc1OC2(C)C,Ki,'=',0.57,nM,1
CHEMBL201602,Cc1nc2c(-c3ccc(Cl)cc3)n(-c3ccccc3Cl)nc2c(=O)n1CC(F)(F)F,Ki,'=',0.6,nM,1
CHEMBL4580498,O=C(NC1CCN(c2ncnc3c2nc(-c2ccccc2Cl)n3-c2ccc(Cl)cc2)CC1)OC1CCC1,Ki,'=',0.6,nM,1
CHEMBL4242477,CCCCS(=O)(=O)N1CCN(c2ncnc3c2nc(-c2ccccc2Cl)n3-c2ccc(Cl)cc2)CC1,Ki,'=',0.6,nM,1
CHEMBL201565,O=c1c2nn(-c3ccccc3Cl)c(-c3ccc(Cl)cc3)c2ncn1CC(F)F,Ki,'=',0.6,nM,1
CHEMBL1801351,C[C@@H](NC(=O)C1(NC(=O)c2ccnnc2)CC1)c1ccc(-n2nc(Cl)c3ccccc32)cc1F,Ki,'=',0.65,nM,1
CHEMBL1801085,COc1cc(C(=O)NC2(C(=O)N[C@H](C)c3ccc(-n4nc(Cl)c5ccccc54)cc3F)CC2)on1,Ki,'=',0.67,nM,1
CHEMBL496507,CCNC1(C(N)=O)CCN(c2cnc(-c3ccc(Cl)cc3)c(-c3ccnc(Cl)c3)n2)CC1,Ki,'=',0.67,nM,1
CHEMBL5070349,CS/C(N)=N/C(=N/S(=O)(=O)N1CCC(C(F)(F)F)CC1)N1C[C@H](c2ccccc2)C(c2ccc(Cl)cc2)=N1,Ki,'=',0.7,nM,1
CHEMBL520345,CCC(F)(F)CN1CCOc2c(nn(-c3ccccc3Cl)c2-c2ccc(Cl)cc2)C1=O,Ki,'=',0.7,nM,1
CHEMBL483543,CC(F)(F)CN1CCc2c(nn(-c3ccccc3Cl)c2-c2ccc(Cl)cc2)C1=O,Ki,'=',0.7,nM,1
CHEMBL118631,CCCCCCC1(c2cc(O)c3c(c2)OC(C)(C)[C@@H]2CC=C(C)C[C@@H]32)CC1(Br)Br,Ki,'=',0.7079,nM,1
CHEMBL1801340,Cc1nnsc1C(=O)NC1(C(=O)N[C@H](C)c2ccc(-n3nc(Cl)c4ccccc43)cc2F)CC1,Ki,'=',0.71,nM,1
CHEMBL338484,CCCCCCCCCc1cc(O)c2c(c1)OC(C)(C)[C@@H]1CC=C(CO)C[C@@H]21,Ki,'=',0.73,nM,1
CHEMBL2063122,CC(=O)NC1CCCOc2c1nn(-c1ccccc1Cl)c2-c1ccc(Cl)cc1,Ki,'=',0.75,nM,1
CHEMBL411626,CCCCCCC(C)(C)c1cc(O)c2c(c1)OC(C)(C)[C@@H]1CC=C(C)C[C@@H]21,Ki,'=',0.77,nM,1
CHEMBL124194,CCCCCCCCCc1cc(O)c2c(c1)OC(C)(C)[C@@H]1CC=C(C)C[C@@H]21,Ki,'=',0.77,nM,1
CHEMBL482567,O=C(NCc1cccc(Cl)c1)c1ccc2c(c1)N=C(N1CCC(F)(F)CC1)c1ccccc1S2,Ki,'=',0.7943,nM,1
CHEMBL4076020,Cc1c(C(=O)NN2CCCCC2)nc(-c2ccc(Cl)cc2Cl)n1-c1ccc(OCCC(F)(F)F)cc1,Ki,'=',0.7943,nM,1
CHEMBL1760645,CC(C)(CO)CNC(=O)c1cc2cc(C#N)ccc2n1Cc1cccc(OC(F)(F)F)c1,Ki,'=',0.7943,nM,1
CHEMBL371214,CCCC(C)(C)c1ccc2c(c1)OC(C)(C)[C@@H]1CC=C(C)C[C@@H]21,Ki,'=',0.797,nM,1
CHEMBL4466640,CC(C)CN(C)C(=O)NC1CCN(c2ncnc3c2nc(-c2ccccc2Cl)n3-c2ccc(Cl)cc2)CC1,Ki,'=',0.8,nM,1
CHEMBL524804,CCC(=O)NC1CCN(c2cnc(-c3ccc(C(F)(F)F)cc3)c(-c3ccncc3Cl)n2)CC1,Ki,'=',0.8,nM,1
CHEMBL1801076,COc1cc(C(=O)NC2(C(=O)N[C@H](C)c3ccc(-n4nc(Br)c5ccccc54)cc3F)CC2)on1,Ki,'=',0.81,nM,1
CHEMBL484929,CC(F)(F)CN1CCOc2c(nn(-c3ccccc3Cl)c2-c2ccc(Cl)cc2)C1=O,Ki,'=',0.82,nM,1
CHEMBL70625,CCCCCCC(C)(C)c1cc(O)c2c(c1)OC(C)(C)[C@@H]1CCC(CO)C[C@@H]21,Ki,'=',0.82,nM,1
CHEMBL496091,O=S1(=O)CCN(c2cnc(-c3ccc(C(F)(F)F)cc3)c(-c3ccncc3Cl)n2)CC1,Ki,'=',0.83,nM,1
CHEMBL4483714,CCc1ccc(/C=C2\C=C(CCN3CCOCC3)c3ccccc32)c2ccccc12,Ki,'=',0.859,nM,1
CHEMBL344455,CC1=CC[C@@H]2[C@@H](C1)c1c(O)cc(C(C)(C)CCCCC(=O)N(C)C)cc1OC2(C)C,Ki,'=',0.86,nM,1
CHEMBL496508,CCNC1(C(N)=O)CCN(c2cnc(-c3ccc(C(F)(F)F)cc3)c(-c3ccnc(Cl)c3)n2)CC1,Ki,'=',0.87,nM,1
CHEMBL481508,CSC(=S)N1CC2(CCCCC2)CO/C1=N\c1cc(C(C)(C)C)no1,Ki,'=',0.9,nM,1
CHEMBL4225147,Clc1ccc(-n2c(-c3ccccc3Cl)nc3c(N4CCN(Cc5cccc(Cl)c5)CC4)ncnc32)cc1,Ki,'=',0.9,nM,1
CHEMBL4567690,O=C(NCC1CCCCC1)NC1CCN(c2ncnc3c2nc(-c2ccccc2Cl)n3-c2ccc(Cl)cc2)CC1,Ki,'=',0.9,nM,1
CHEMBL245782,CCOc1ccc(S(=O)(=O)c2ccc([C@H](C)NS(=O)(=O)C(F)(F)F)cc2)c(S(=O)(=O)c2ccccc2F)c1,Ki,'=',0.9,nM,1
CHEMBL4524602,CCCN(C)C(=O)NC1CCN(c2ncnc3c2nc(-c2ccccc2Cl)n3-c2ccc(Cl)cc2)CC1,Ki,'=',0.9,nM,1
CHEMBL496293,CCNC1(C(N)=O)CCN(c2cnc(-c3ccc(Cl)cc3)c(-c3ccc(Cl)cc3Cl)n2)CC1,Ki,'=',0.91,nM,1
CHEMBL252949,CC1=CC[C@@H]2[C@@H](C1)c1c(O)cc(C(C)(C)C3CCCCCC3)cc1OC2(C)C,Ki,'=',0.94,nM,1
CHEMBL4567814,O=C(NC1CCN(c2ncnc3c2nc(-c2ccccc2Cl)n3-c2ccc(Cl)cc2)CC1)c1ccccc1F,Ki,'=',0.98,nM,1
CHEMBL4250064,O=C(N1CCN(c2ncnc3c2nc(-c2ccccc2Cl)n3-c2ccc(Cl)cc2)CC1)C(F)(F)F,Ki,'=',1.0,nM,1
CHEMBL4225421,Clc1ccc(CN2CCN(c3ncnc4c3nc(-c3ccccc3Cl)n4-c3ccc(Cl)cc3)CC2)cc1,Ki,'=',1.0,nM,1
CHEMBL201520,O=C1C2N=C(c3ccccc3Cl)N(c3ccc(Cl)cc3)C2N=CN1CC(F)(F)F,Ki,'=',1.0,nM,1
CHEMBL4592199,CCCCCn1/c(=N/C(=O)c2cccc(C(F)(F)F)c2)sc2ccccc21,Ki,'=',1.0,nM,1
CHEMBL2387185,CCCCn1c2c(cc(C(=O)NC(C)(C)c3ccccc3)c1=O)CCCCCC2,Ki,'=',1.0,nM,1
CHEMBL379246,O=c1c2nn(-c3ccccc3Cl)c(-c3ccc(Cl)cc3)c2ccn1CC(F)(F)F,Ki,'=',1.0,nM,1
CHEMBL2063252,O=C1CCCN1C1CCCOc2c1nn(-c1ccccc1Cl)c2-c1ccc(Cl)cc1,Ki,'=',1.0,nM,1
CHEMBL425762,CCc1nc2c(-c3ccc(Cl)cc3)n(-c3ccccc3Cl)nc2c(=O)n1CC(F)(F)F,Ki,'=',1.0,nM,1
CHEMBL3341898,Cc1c(C(=O)NN2CCS(=O)(=O)CC2)nn(-c2ccc(Cl)cc2Cl)c1-c1ccc(C#CCCC#N)cc1,Ki,'=',1.0,nM,1
CHEMBL519288,CCC(CC)(CC)c1cc(/N=C2\OCC3(CCCCC3)CN2C(=S)SC)on1,Ki,'=',1.0,nM,1
CHEMBL109393,CCCCCCC(C)(C)c1cc(O)c2c(c1)OC(C)(C)c1ccc(C)cc1-2,Ki,'=',1.0,nM,1
CHEMBL410339,O=C(c1cc2c(cc1F)OC(c1ccc(F)cc1F)(c1ccc(F)cc1F)O2)N1CCCCC1,Ki,'=',1.0,nM,1
CHEMBL511790,CSC(=S)N1CC2(CCCCC2)CO/C1=N\c1nc(C(C)(C)C)cs1,Ki,'=',1.0,nM,1
CHEMBL519575,CC1=CC[C@@H]2[C@@H](C1)c1c(O)cc(C(C)(C)c3cccs3)cc1OC2(C)C,Ki,'=',1.08,nM,1
CHEMBL4578966,CCCN(CC(F)(F)F)C(=O)NC1CCN(c2ncnc3c2nc(-c2ccccc2Cl)n3-c2ccc(Cl)cc2)CC1,Ki,'=',1.1,nM,1
CHEMBL5076792,CC(C)(C)/C(N)=N/C(=N/S(=O)(=O)N1CCC(C(F)(F)F)CC1)N1CC(c2ccccc2)C(c2ccc(Cl)cc2)=N1,Ki,'=',1.1,nM,1
CHEMBL522235,Clc1ccc(-n2c(-c3ccccc3Cl)nc3c(N4CCCCC4)ncnc32)cc1,Ki,'=',1.1,nM,1
CHEMBL4647981,CCCCCCC(C)(C)c1cc(OC)cc(OCCCCCCCC(=O)NC2CC2)c1,Ki,'=',1.1,nM,1
CHEMBL1910034,Cc1ccc([C@H](c2ccc(Cl)cc2Cl)N2CCN(C(=O)NC3CCCCC3)CC2)cc1,Ki,'=',1.1,nM,1
CHEMBL245981,Cc1ccc(S(=O)(=O)c2ccc([C@H](C)NS(=O)(=O)C(F)(F)F)cc2)c(S(=O)(=O)c2ccccc2F)c1,Ki,'=',1.1,nM,1
CHEMBL1091814,O=C(NC1CCCCC1)N1CCN(C(c2ccc(Oc3ccccc3)cc2)c2ccc(Cl)cc2Cl)CC1,Ki,'=',1.1,nM,1
CHEMBL4227354,CC(c1ccccc1)N1CCN(c2ncnc3c2nc(-c2ccccc2Cl)n3-c2ccc(Cl)cc2)CC1,Ki,'=',1.1,nM,1
CHEMBL4443660,CCCc1ccc(/C=C2\C=C(CCN3CCOCC3)c3ccccc32)c2ccccc12,Ki,'=',1.18,nM,1
CHEMBL4238756,O=S(=O)(CCC(F)(F)F)N1CCN(c2ncnc3c2nc(-c2ccccc2Cl)n3-c2ccc(Cl)cc2)CC1,Ki,'=',1.2,nM,1
CHEMBL5085017,CCN(CC)S(=O)(=O)/N=C(/N=C(/C)N)N1C[C@H](c2ccccc2)C(c2ccc(Cl)cc2)=N1,Ki,'=',1.2,nM,1
CHEMBL4450173,O=C(NC1CCN(c2ncnc3c2nc(-c2ccccc2Cl)n3-c2ccc(Cl)cc2)CC1)N1CCCCC1,Ki,'=',1.2,nM,1
CHEMBL4248795,CCCS(=O)(=O)N1CCN(c2ncnc3c2nc(-c2ccccc2Cl)n3-c2ccc(Cl)cc2)CC1,Ki,'=',1.2,nM,1
CHEMBL2180214,O=S(=O)(NC1CCN(c2ncnc3c2nc(-c2ccccc2Cl)n3-c2ccc(Cl)cc2)CC1)c1ccccc1,Ki,'=',1.2,nM,1
CHEMBL138772,CC1=CC[C@@H]2[C@@H](C1)c1c(O)cc(C(C)(C)CCCCC(=O)NN3CCCCC3)cc1OC2(C)C,Ki,'=',1.2,nM,1
CHEMBL1801354,C[C@@H](NC(=O)C1(NC(=O)c2cncc(Cl)n2)CC1)c1ccc(-n2nc(Cl)c3ccccc32)cc1F,Ki,'=',1.2,nM,1
CHEMBL498783,CCNC1(C(N)=O)CN(c2cnc(-c3ccc(C(F)(F)F)cc3)c(-c3ccnc(Cl)c3)n2)C1,Ki,'=',1.2,nM,1
CHEMBL1277685,CCCCCCC(C)(C)c1ccc2c(c1)OC(C)(C)[C@@H]1CC=C(CO)C[C@@H]21,Ki,'=',1.2,nM,1
CHEMBL1084429,O=C(NC1CCCCC1)N1CCN(C(c2ccc(C(F)(F)F)cc2)c2ccc(Cl)cc2Cl)CC1,Ki,'=',1.2,nM,1
CHEMBL2206834,CCCCCn1cc(C(=O)c2ccc(Br)c3ccccc23)c2ccccc21,Ki,'=',1.2,nM,1
CHEMBL1093078,O=C(NN1CCCCC1)N1CCN(C(c2ccccc2)c2ccc(Cl)cc2Cl)CC1,Ki,'=',1.2,nM,1
CHEMBL485181,CC(C)CNC(=O)c1ccc2c(c1)N=C(c1ccc(Cl)s1)c1ccccc1S2,Ki,'=',1.259,nM,1
CHEMBL3347370,COc1cccc2c(C(=O)N3C[C@@H](C)N(C)[C@@H](C)C3)cn(CC3CCCCC3)c12.Cl,Ki,'=',1.259,nM,1
CHEMBL120669,CCCCCCC1(c2cc(O)c3c(c2)OC(C)(C)[C@@H]2CC=C(C)C[C@@H]32)CC1(Cl)Cl,Ki,'=',1.259,nM,1
CHEMBL3347369,COc1cccc2c(C(=O)N3CCN(C)[C@@H](C)C3)cn(CC3CCCCC3)c12.Cl,Ki,'=',1.259,nM,1
CHEMBL1209708,COc1cccc2c(C(=O)N3C[C@@H](C)N(C)[C@@H](C)C3)cn(CC3CCCCC3)c12,Ki,'=',1.259,nM,1
CHEMBL1828805,CCCCCn1cc(C(=O)Nc2cccc3ccccc23)c2ccccc21,Ki,'=',1.259,nM,1
CHEMBL564901,CCCCCn1c(C)c(C(=O)c2ccc(CCC)c3ccccc23)c2ccccc21,Ki,'=',1.3,nM,1
CHEMBL382728,C[C@H](NS(C)(=O)=O)c1ccc(S(=O)(=O)c2ccc(Cl)cc2S(=O)(=O)c2ccccc2F)cc1,Ki,'=',1.3,nM,1
CHEMBL245961,C[C@H](NS(=O)(=O)C(F)(F)F)c1ccc(S(=O)(=O)c2ccc(O)cc2S(=O)(=O)c2ccccc2F)cc1,Ki,'=',1.3,nM,1
CHEMBL482741,CC(C)N1CCOc2c(nn(-c3ccccc3Cl)c2-c2ccc(Cl)cc2)C1=O,Ki,'=',1.3,nM,1
CHEMBL1801072,COc1cc(C(=O)NC2(C(=O)N[C@H](C)c3ccc(-n4nc(C)c5ccccc54)cc3F)CC2)on1,Ki,'=',1.3,nM,1
CHEMBL1801343,Cc1ccc(C(=O)NC2(C(=O)N[C@H](C)c3ccc(-n4nc(Cl)c5ccccc54)cc3F)CC2)cn1,Ki,'=',1.4,nM,1
CHEMBL4244992,CC(C)S(=O)(=O)N1CCN(c2ncnc3c2nc(-c2ccccc2Cl)n3-c2ccc(Cl)cc2)CC1,Ki,'=',1.4,nM,1
CHEMBL4246283,O=C(NC1CCCCC1)N1CCN(c2ncnc3c2nc(-c2ccccc2Cl)n3-c2ccc(Cl)cc2)CC1,Ki,'=',1.4,nM,1
CHEMBL4533562,O=C(NC1CCCCC1)NC1CCN(c2ncnc3c2nc(-c2ccccc2Cl)n3-c2ccc(Cl)cc2)CC1,Ki,'=',1.4,nM,1
CHEMBL3260745,CCn1nc2c(-c3ccc(Cl)cc3)c(-c3ccc(C#N)cc3)c(=O)n(Cc3ccc(C(F)(F)F)nc3C)n2c1=O,Ki,'=',1.4,nM,1
CHEMBL2063241,COCC(=O)NC1CCCOc2c1nn(-c1ccccc1Cl)c2-c1ccc(Cl)cc1,Ki,'=',1.4,nM,1
CHEMBL245983,C[C@H](NS(=O)(=O)C(F)(F)F)c1ccc(S(=O)(=O)c2ccc(C3CC3)cc2S(=O)(=O)c2ccccc2F)cc1,Ki,'=',1.4,nM,1
CHEMBL4860950,CCCCCn1cc(C(=O)c2cccc3c2CC(C)(C)C3)c2ccccc21,Ki,'=',1.46,nM,1
CHEMBL1801342,C[C@@H](NC(=O)C1(NC(=O)c2cccnc2)CC1)c1ccc(-n2nc(Cl)c3ccccc32)cc1F,Ki,'=',1.5,nM,1
CHEMBL2387541,CCCc1cc(O)c2c(c1)OC(C)(C)[C@@H]1CCC(C)=C[C@@H]21,Ki,'=',1.5,nM,1
CHEMBL524087,Clc1ccc(-n2c(-c3ccc(Cl)cc3Cl)nc3c(NC4CCCCC4)ncnc32)cc1,Ki,'=',1.5,nM,1
CHEMBL482742,O=C1c2nn(-c3ccccc3Cl)c(-c3ccc(Cl)cc3)c2OCCN1CC(F)(F)F,Ki,'=',1.5,nM,1
CHEMBL1952279,CN(Cc1ccccc1)C(=O)N1CC(O[C@H](c2ccc(Cl)cc2)c2cccnc2Cl)C1,Ki,'=',1.5,nM,1
CHEMBL498411,CN1CCN(c2ncnc3c2nc(-c2ccc(Cl)cc2Cl)n3-c2ccc(Cl)cc2)CC1,Ki,'=',1.5,nM,1
CHEMBL413775,COC(=O)c1c(F)cccc1-c1ccc(CNC(=O)C2(NC(=O)C(F)(F)F)CC2)c(F)c1,Ki,'=',1.5,nM,1
CHEMBL136120,CC1=CC[C@@H]2[C@@H](C1)c1c(O)cc(C(C)(C)CCCCOc3ccc(C#N)cc3)cc1OC2(C)C,Ki,'=',1.5,nM,1
CHEMBL2180205,CC(C)(C)OC(=O)NC1CCN(c2ncnc3c2nc(-c2ccccc2Cl)n3-c2ccc(Cl)cc2)CC1,Ki,'=',1.5,nM,1
CHEMBL2436760,O=C(NC1CCN(c2ncnc3c2nc(-c2ccccc2Cl)n3-c2ccc(Cl)cc2)CC1)C1CCCC1,Ki,'=',1.54,nM,1
CHEMBL1287847,O=C(c1cn2c3c(cccc13)OC[C@H]2C1CCCCC1)N1CCN2CCCC[C@H]2C1,Ki,'=',1.585,nM,1
CHEMBL520509,CC(C)CCNC(=O)c1ccc2c(c1)N=C(c1ccccn1)c1ccccc1S2,Ki,'=',1.585,nM,1
CHEMBL487464,CC1=CC[C@@H]2[C@@H](C1)c1c(O)cc(C(C)(C)c3cccc(Br)c3)cc1OC2(C)C,Ki,'=',1.59,nM,1
CHEMBL4440527,O=S(=O)(NC1CCN(c2ncnc3c2nc(-c2ccccc2Cl)n3-c2ccc(OC(F)F)nc2)CC1)c1ccccc1F,Ki,'=',1.6,nM,1
CHEMBL3260747,CCc1nc(C(F)(F)F)ccc1Cn1c(=O)c(-c2ccc(C#N)cc2)c(-c2ccc(Cl)cc2)c2nn(CC)c(=O)n21,Ki,'=',1.6,nM,1
CHEMBL5093228,C/C(N)=N\C(=N\S(=O)(=O)N1CCCCC1)N1C[C@H](c2ccccc2)C(c2ccc(Cl)cc2)=N1,Ki,'=',1.6,nM,1
CHEMBL1088728,O=C(NC1CCCCC1)N1CCN(C(c2ccccc2)c2ccc(Cl)cc2Cl)CC1,Ki,'=',1.6,nM,1
CHEMBL496555,CN1CCN(c2ncnc3c2nc(-c2ccccc2Cl)n3-c2ccc(Cl)cc2)CC1,Ki,'=',1.6,nM,1
CHEMBL522720,CCNC1(C(N)=O)CCN(c2cnc(-c3ccc(Cl)cc3)c(-c3ccccc3Cl)n2)CC1,Ki,'=',1.66,nM,1
CHEMBL485538,O=C1c2nn(-c3ccccc3Cl)c(-c3ccc(Cl)cc3)c2CCN1CC(F)(F)F,Ki,'=',1.7,nM,1
CHEMBL4244624,O=S(=O)(CC1CCCCC1)N1CCN(c2ncnc3c2nc(-c2ccccc2Cl)n3-c2ccc(Cl)cc2)CC1,Ki,'=',1.7,nM,1
CHEMBL496770,Clc1ccc(-n2c(-c3ccc(Cl)cc3Cl)nc3c(NN4CCCCC4)ncnc32)cc1,Ki,'=',1.7,nM,1
CHEMBL4590762,O=S(=O)(NC1CCN(c2ncnc3c2nc(-c2ccccc2Cl)n3-c2ccc(Cl)cc2)CC1)c1ccc(F)c(F)c1,Ki,'=',1.7,nM,1
CHEMBL496352,Clc1ccc(-n2c(-c3ccc(Cl)cc3Cl)nc3c(N4CCCCC4)ncnc32)cc1,Ki,'=',1.7,nM,1
CHEMBL3259829,CCCn1nc2c(-c3ccc(Cl)cc3)c(-c3ccc(C#N)cc3)c(=O)n(Cc3ccc(C(F)(F)F)nc3C)n2c1=O,Ki,'=',1.7,nM,1
CHEMBL2018655,COC(=O)C(C)(C)NC(=O)c1cc2c(n(CC3CCCCC3)c1=O)CCCCCC2,Ki,'=',1.7,nM,1
CHEMBL234678,CCCCCCC(C)(C)c1ccc(-c2ccccc2OC)c(O)c1,Ki,'=',1.7,nM,1
CHEMBL232410,CCCCCCC(C)(C)c1ccc(-c2c(C)cccc2C)c(O)c1,Ki,'=',1.7,nM,1
CHEMBL496919,CCNC1(C(N)=O)CCN(c2cnc(-c3ccc(F)cc3)c(-c3ccc(Cl)cc3Cl)n2)CC1,Ki,'=',1.75,nM,1
CHEMBL471122,CCCc1ccc(C(C)(C)c2cc(O)c3c(c2)OC(C)(C)[C@@H]2CC=C(C)C[C@@H]32)cc1,Ki,'=',1.77,nM,1
CHEMBL2180215,NC(=O)C1(c2ccccc2)CCN(c2ncnc3c2nc(-c2ccccc2Cl)n3-c2ccc(Cl)cc2)CC1,Ki,'=',1.79,nM,1
CHEMBL1087251,O=C(NC1CCCCC1)N1CCN(C(c2ccccc2)c2ccc(Br)cc2F)CC1,Ki,'=',1.8,nM,1
CHEMBL233636,CCCCCCC1(c2ccc(-c3cc(C)cc(C)c3)c(O)c2)CCCCC1,Ki,'=',1.8,nM,1
CHEMBL15874,Cc1c(C(=O)NC2CCCCC2)nn(-c2ccc(Cl)cc2Cl)c1-c1ccc(Cl)cc1,Ki,'=',1.8,nM,1
CHEMBL204339,O=c1c2nn(-c3ccccc3Cl)c(-c3ccc(Cl)cc3)c2ncn1CCC(F)(F)F,Ki,'=',1.8,nM,1
CHEMBL108392,CCCCCCC1(c2cc(O)c3c(c2)OC(C)(C)[C@@H]2CC=C(C)C[C@@H]32)SCCCS1,Ki,'=',1.8,nM,1
CHEMBL57802,C=C1CC[C@@H]2[C@@H](C1)c1c(O)cc(C(C)(C)CCCCCC)cc1OC2(C)C,Ki,'=',1.82,nM,1
CHEMBL471297,CCc1ccc(C(C)(C)c2cc(O)c3c(c2)OC(C)(C)[C@@H]2CC=C(C)C[C@@H]32)cc1,Ki,'=',1.85,nM,1
CHEMBL117033,CC1=CC[C@@H]2[C@@H](C1)c1c(O)cc(C3(C4CCCCC4)SCCS3)cc1OC2(C)C,Ki,'=',1.86,nM,1
CHEMBL188,Cc1c(C(=O)c2cccc3ccccc23)c2cccc3c2n1[C@H](CN1CCOCC1)CO3,Ki,'=',1.89,nM,1
CHEMBL3260748,Cc1nc(C(F)(F)F)ccc1Cn1c(=O)c(-c2ccc(C#N)cc2)c(-c2ccc(Cl)cc2)c2nn(C(C)C)c(=O)n21,Ki,'=',1.9,nM,1
CHEMBL390543,Cc1ccc(-n2cc(C(=O)NC3CCCCC3)nc2-c2ccc(Cl)cc2Cl)cc1,Ki,'=',1.9,nM,1
CHEMBL3758534,Cc1c(C(=O)NC2CCN(C(=O)C(F)(F)F)CC2)nn(-c2ccc(Cl)cc2Cl)c1-c1ccc(Cl)cc1,Ki,'=',1.9,nM,1
CHEMBL2436758,O=C(CC1CCCCC1)NC1CCN(c2ncnc3c2nc(-c2ccccc2Cl)n3-c2ccc(Cl)cc2)CC1,Ki,'=',1.93,nM,1
CHEMBL497556,CC(=O)NC1CCN(c2cnc(-c3ccc(C(F)(F)F)cc3)c(-c3ccncc3Cl)n2)CC1,Ki,'=',1.97,nM,1
CHEMBL561013,CCCCCn1cc(C(=O)c2cccc3ccccc23)c2ccccc21,Ki,'=',1.995,nM,1
CHEMBL1209710,C[C@H]1CN(C(=O)c2cn3c4c(cccc24)OC[C@H]3C2CCCCC2)CCN1C,Ki,'=',1.995,nM,1
CHEMBL4226777,Clc1ccc(-n2c(-c3ccccc3Cl)nc3c(N4CCN(CCc5ccccc5)CC4)ncnc32)cc1,Ki,'=',2.0,nM,1
CHEMBL4228748,N#Cc1ccc(N2CCN(c3ncnc4c3nc(-c3ccccc3Cl)n4-c3ccc(Cl)cc3)CC2)cc1,Ki,'=',2.0,nM,1
CHEMBL4225213,N#Cc1ccccc1N1CCN(c2ncnc3c2nc(-c2ccccc2Cl)n3-c2ccc(Cl)cc2)CC1,Ki,'=',2.0,nM,1
CHEMBL4224946,Fc1ccc(N2CCN(c3ncnc4c3nc(-c3ccccc3Cl)n4-c3ccc(Cl)cc3)CC2)cc1,Ki,'=',2.0,nM,1
CHEMBL4228096,Clc1ccc(-n2c(-c3ccccc3Cl)nc3c(N4CCN(c5ccccc5)CC4)ncnc32)cc1,Ki,'=',2.0,nM,1
CHEMBL331838,CCCCCCC(C)(C)c1ccc2c(c1)OC(C)(C)c1ccc(CO)cc1-2,Ki,'=',2.0,nM,1
CHEMBL4225049,Clc1ccc(-n2c(-c3ccccc3Cl)nc3c(N4CCN(C5CCCCC5)CC4)ncnc32)cc1,Ki,'=',2.0,nM,1
CHEMBL381791,Cc1ccc(Cn2nc(C(=O)N[C@@H]3C(C)(C)[C@@H]4CC[C@@]3(C)C4)cc2-c2ccc(Cl)c(C)c2)cc1,Ki,'=',2.0,nM,1
CHEMBL203925,CCCn1cnc2c(-c3ccc(Cl)cc3)n(-c3ccccc3Cl)nc2c1=O,Ki,'=',2.0,nM,1
CHEMBL263391,COc1ccc(C2(c3ccc(Cl)cc3Cl)Oc3cc(F)c(C(=O)N4CCCCC4)cc3O2)cc1,Ki,'=',2.0,nM,1
CHEMBL4226066,COc1ccccc1N1CCN(c2ncnc3c2nc(-c2ccccc2Cl)n3-c2ccc(Cl)cc2)CC1,Ki,'=',2.0,nM,1
CHEMBL4249233,O=C(C1CCSCC1)N1CCN(c2ncnc3c2nc(-c2ccccc2Cl)n3-c2ccc(Cl)cc2)CC1,Ki,'=',2.0,nM,1
CHEMBL4441517,O=C(NC1CCN(c2ncnc3c2nc(-c2ccccc2Cl)n3-c2ccc(Cl)cc2)CC1)c1ccc(F)cc1F,Ki,'=',2.0,nM,1
CHEMBL4238314,CC(C)CS(=O)(=O)N1CCN(c2ncnc3c2nc(-c2ccccc2Cl)n3-c2ccc(Cl)cc2)CC1,Ki,'=',2.0,nM,1
CHEMBL4229172,Clc1ccc(-n2c(-c3ccccc3Cl)nc3c(N4CCN(c5ccccn5)CC4)ncnc32)cc1,Ki,'=',2.0,nM,1
CHEMBL476404,COc1ccc(-c2c(C#N)c(C(=O)NN3CCCC3)nn2-c2ccc(Cl)cc2Cl)cc1,Ki,'=',2.0,nM,1
CHEMBL245742,C[C@H](NS(=O)(=O)C(F)(F)F)c1ccc(S(=O)(=O)c2ccc(Cl)cc2S(=O)(=O)c2ccccc2F)cc1,Ki,'=',2.0,nM,1
CHEMBL4248778,CC(C)(C)CC(=O)N1CCN(c2ncnc3c2nc(-c2ccccc2Cl)n3-c2ccc(Cl)cc2)CC1,Ki,'=',2.0,nM,1
CHEMBL4227442,FC(F)(F)Oc1ccccc1CN1CCN(c2ncnc3c2nc(-c2ccccc2Cl)n3-c2ccc(Cl)cc2)CC1,Ki,'=',2.0,nM,1
CHEMBL4472410,O=C(NC1CCN(c2ncnc3c2nc(-c2ccccc2Cl)n3-c2ccc(Cl)cc2)CC1)c1ccc(F)cc1,Ki,'=',2.0,nM,1
CHEMBL4476077,O=S(=O)(NC1CCN(c2ncnc3c2nc(-c2ccccc2Cl)n3-c2ccc(Cl)cc2)CC1)c1ccc(F)cc1F,Ki,'=',2.0,nM,1
CHEMBL1080156,CN/C(=N\S(=O)(=O)N1CCC(C(F)(F)F)CC1)C1=NN(c2ccc(Cl)cc2)[C@@H](c2ccccc2)C1,Ki,'=',2.0,nM,1
CHEMBL2436762,O=C(CC1CCCC1)NC1CCN(c2ncnc3c2nc(-c2ccccc2Cl)n3-c2ccc(Cl)cc2)CC1,Ki,'=',2.02,nM,1
CHEMBL2087110,CCCCCn1cc(C(=O)NC23CC4CC(CC(C4)C2)C3)c2ccc(-c3ccccc3)cc21,Ki,'=',2.03,nM,1
CHEMBL239840,C=C(CCCCCC)c1cc(O)c2c(c1)OC(C)(C)[C@@H]1CC=C(C)C[C@@H]21,Ki,'=',2.17,nM,1
CHEMBL947,CCCCCCC(C)(C)c1cc(O)c2c(c1)OC(C)(C)[C@@H]1CCC(=O)C[C@@H]21,Ki,'=',2.19,nM,1
CHEMBL230356,Cc1c2c(n(-c3ccc(Cl)cc3Cl)c1-c1ccc(Cl)cc1)CCN(N1CCCCC1)C2=O,Ki,'=',2.2,nM,1
CHEMBL389175,O=C(NC1CCCCC1)c1cn(-c2ccc(Cl)cc2)c(-c2ccccc2Cl)n1,Ki,'=',2.2,nM,1
CHEMBL1087250,O=C(NC1CCCCC1)N1CCN(C(c2ccccc2)c2c(Cl)cccc2Cl)CC1,Ki,'=',2.2,nM,1
CHEMBL59540,CCCCCCC(C)(C)c1cc(O)c2c(c1)OC(C)(C)[C@@H]1CC=C(C=O)C[C@@H]21,Ki,'=',2.24,nM,1
CHEMBL2206859,CCCCCn1cc(C(=O)c2ccc(Cl)c3ccccc23)c2ccccc21,Ki,'=',2.3,nM,1
CHEMBL4164954,Cc1c(Br)cn(Cc2ccc(F)cc2)c(=O)c1C(=O)NC1CCCCCC1,Ki,'=',2.3,nM,1
CHEMBL285932,Cc1c(C(=O)NN2CCCCC2)nn(-c2ccc(Cl)cc2Cl)c1-c1ccc(I)cc1,Ki,'=',2.3,nM,1
CHEMBL591541,O=S(=O)(NC[C@@H]1CC[C@@H](c2ccc(Cl)cc2Cl)N(c2ccc(Cl)cc2)C1)c1cccc2ccccc12,Ki,'=',2.3,nM,1
CHEMBL1909848,Cc1c(C(=O)NC2CCCCC2)nn(-c2ccc(Cl)cc2Cl)c1-n1cc2c(c1)CCCC2,Ki,'=',2.3,nM,1
CHEMBL1269774,Cc1c(C(=O)NCCCCCCCCCCCNCCCCCCCCCCCN)nn(-c2ccc(Cl)cc2Cl)c1-c1ccc(Cl)cc1,Ki,'=',2.3,nM,1
CHEMBL1093378,O=C(NC1CCCCC1)N1CCN(C(c2cccc(Cl)c2)c2ccc(Cl)cc2Cl)CC1,Ki,'=',2.3,nM,1
CHEMBL3959623,CC(C)(c1cc(O)c(-c2cc(Cl)cc(Cl)c2)c(O)c1)c1cccs1,Ki,'=',2.33,nM,1
CHEMBL4435655,CCCCCn1cc(C(=O)c2cccc3ccccc23)c2ccc(F)cc21,Ki,'=',2.35,nM,1
CHEMBL5080268,CS/C(N)=N/C(=N/S(=O)(=O)N1CCC(C(F)(F)F)CC1)N1CC(c2ccccc2)C(c2ccc(Cl)cc2)=N1,Ki,'=',2.4,nM,1
CHEMBL1801079,COc1cc(C(=O)NC2(C(=O)N[C@H](C)c3ccc(-n4nc(C#N)c5ccccc54)cc3F)CC2)on1,Ki,'=',2.4,nM,1
CHEMBL4437469,Clc1ccc(-n2c(-c3ccccc3Cl)nc3c(N4CCC(Nc5ccccn5)CC4)ncnc32)cc1,Ki,'=',2.4,nM,1
CHEMBL4534007,O=C(NCc1ccccc1F)NC1CCN(c2ncnc3c2nc(-c2ccccc2Cl)n3-c2ccc(Cl)cc2)CC1,Ki,'=',2.4,nM,1
CHEMBL123515,COc1ccc(/C=C2\C=C(CCN3CCOCC3)c3ccccc32)c2ccccc12,Ki,'=',2.43,nM,1
CHEMBL2152813,CCCCCn1cc(C(=O)N[C@@H]2C(C)(C)C3CC[C@]2(C)C3)c(=O)c2ccc(Sc3ccccc3)cc21,Ki,'=',2.45,nM,1
CHEMBL485013,CC(C)N1CCc2c(nn(-c3ccccc3Cl)c2-c2ccc(Cl)cc2)C1=O,Ki,'=',2.5,nM,1
CHEMBL2206838,CCCCCn1cc(C(=O)c2ccc(I)c3ccccc23)c2ccccc21,Ki,'=',2.5,nM,1
CHEMBL1084695,O=C(NC1CCCCC1)N1CCN(C(c2ccc(F)cc2)c2ccc(Cl)cc2Cl)CC1,Ki,'=',2.5,nM,1
CHEMBL482985,CC(C)CN1CCc2c(nn(-c3ccccc3Cl)c2-c2ccc(Cl)cc2)C1=O,Ki,'=',2.5,nM,1
CHEMBL245784,C[C@H](NS(=O)(=O)C(F)(F)F)c1ccc(S(=O)(=O)c2ccc(C(F)(F)F)cc2S(=O)(=O)c2ccccc2F)cc1,Ki,'=',2.5,nM,1
CHEMBL4747195,CCCc1cc(O)c2c(c1)OC(C)(C)[C@@H]1CCC(CO)=C[C@@H]21,Ki,'=',2.5,nM,1
CHEMBL396169,COCCOc1ccc(S(=O)(=O)c2ccc([C@H](C)NS(=O)(=O)C(F)(F)F)cc2)c(S(=O)(=O)c2ccccc2F)c1,Ki,'=',2.5,nM,1
CHEMBL483749,O=C(NN1CCCCC1)c1ccc2c(c1)N=C(C1CCCCC1)c1ccccc1S2,Ki,'=',2.512,nM,1
CHEMBL4072418,Cc1c(C(=O)N[C@@H]2CCCC[C@@H]2N(C)C)nc(-c2ccc(Cl)cc2Cl)n1-c1ccc(OS(=O)(=O)CCC(F)(F)F)cc1,Ki,'=',2.512,nM,1
CHEMBL1287846,COc1cccc2c(C(=O)N3CCN4CCCC[C@H]4C3)cn(CC3CCCCC3)c12,Ki,'=',2.512,nM,1
CHEMBL471295,CC1=CC[C@@H]2[C@@H](C1)c1c(O)cc(C(C)(C)c3cccc(C)c3)cc1OC2(C)C,Ki,'=',2.53,nM,1
CHEMBL4444832,CCCc1ccc(C(=O)c2cn(CCCCCF)c3cccc(F)c23)c2ccccc12,Ki,'=',2.55,nM,1
CHEMBL2180213,O=C(NC1CCN(c2ncnc3c2nc(-c2ccccc2Cl)n3-c2ccc(Cl)cc2)CC1)c1ccccc1,Ki,'=',2.55,nM,1
CHEMBL2436755,O=C(NC1CCN(c2ncnc3c2nc(-c2ccccc2Cl)n3-c2ccc(Cl)cc2)CC1)Oc1ccccc1,Ki,'=',2.55,nM,1
CHEMBL1091813,COc1ccc(C(c2ccc(Cl)cc2Cl)N2CCN(C(=O)NC3CCCCC3)CC2)cc1,Ki,'=',2.6,nM,1
CHEMBL4452479,O=S(=O)(NC1CCN(c2ncnc3c2nc(-c2ccccc2Cl)n3-c2ccc(F)cc2)CC1)c1ccccc1F,Ki,'=',2.6,nM,1
CHEMBL2436761,CC(C)CCC(=O)NC1CCN(c2ncnc3c2nc(-c2ccccc2Cl)n3-c2ccc(Cl)cc2)CC1,Ki,'=',2.67,nM,1
CHEMBL56799,CCCCCCC(C)(C)c1ccc(-c2cc(C)cc(C)c2)c(O)c1,Ki,'=',2.7,nM,1
CHEMBL233180,CCCCCCC(C)(C)c1ccc(-c2cc(C)cc(C)c2)c(C(=O)OC)c1,Ki,'=',2.7,nM,1
CHEMBL252742,CCCCCC(C)(C)c1cc(O)c2c(c1)OC(C)(C)[C@@H]1CC=C(C)C[C@@H]21,Ki,'=',2.7,nM,1
CHEMBL127644,C1=C(CCN2CCOCC2)c2ccccc2/C1=C/c1cccc2ccccc12,Ki,'=',2.72,nM,1
CHEMBL471366,CC1=CC[C@@H]2[C@@H](C1)c1c(O)cc(C(C)(C)c3cccc(C#N)c3)cc1OC2(C)C,Ki,'=',2.72,nM,1
CHEMBL240315,C[C@H](CO)NC(=O)CCC/C=C\C/C=C\CCOc1cccc(C(C)(C)CCCCN=[N+]=[N-])c1,Ki,'=',2.74,nM,1
CHEMBL1215991,CCCCCn1cc(C(=O)N[C@H]2C(C)(C)[C@H]3CC[C@]2(C)C3)c(=O)c2cc(Br)ccc21,Ki,'=',2.8,nM,1
CHEMBL2029719,CCN(CCCC(=O)NC1CC1)C(=O)c1ccc2c(c1)c1c(n2C)CCC(C2CCOCC2)C1,Ki,'=',2.8,nM,1
CHEMBL521366,CC1=CC[C@@H]2[C@@H](C1)c1c(O)cc(C(C)(C)c3cccc(Cl)c3)cc1OC2(C)C,Ki,'=',2.8,nM,1
CHEMBL230992,Cc1c2c(n(-c3ccccc3Cl)c1-c1ccc(Cl)cc1)CCN(C1CCCCC1)C2=O,Ki,'=',2.8,nM,1
CHEMBL123916,CC1=C(CCN2CCOCC2)c2ccccc2/C1=C/c1cccc2ccccc12,Ki,'=',2.84,nM,1
CHEMBL495892,CCNC1(C(N)=O)CCN(c2cnc(-c3ccc(OCC)cc3)c(-c3ccc(OCC)cc3)n2)CC1,Ki,'=',2.84,nM,1
CHEMBL465,CCCCCc1cc(O)c2c(c1)OC(C)(C)[C@@H]1CCC(C)=C[C@@H]21,Ki,'=',2.9,nM,1
CHEMBL3260750,CCn1nc2c(-c3ccc(C)cc3)c(-c3ccc(C#N)cc3)c(=O)n(Cc3ccc(C(F)(F)F)nc3C)n2c1=O,Ki,'=',2.9,nM,1
CHEMBL233634,CCCCCCC1(c2ccc(-c3cc(C)cc(C)c3)c(O)c2)CCCC1,Ki,'=',2.9,nM,1
CHEMBL2018657,CN(CCO)C(=O)C(C)(C)NC(=O)c1cc2c(n(CC3CCCCC3)c1=O)CCCCCC2,Ki,'=',2.9,nM,1
CHEMBL2030754,Cc1c(C(=O)NC2CCN(C(=O)OC(C)(C)C)CC2)nn(-c2ccc(Cl)cc2Cl)c1-c1ccc(Cl)cc1,Ki,'=',2.9,nM,1
CHEMBL245777,C[C@H](NS(C)(=O)=O)c1ccc(S(=O)(=O)c2ccc(Cl)cc2S(=O)(=O)c2ccccn2)cc1,Ki,'=',2.9,nM,1
CHEMBL4753891,Cc1c(Br)cc(C(=O)NC2CCCCCC2)c(=O)n1Cc1ccc(F)cc1,Ki,'=',2.9,nM,1
CHEMBL4249388,CC(C(=O)N1CCN(c2ncnc3c2nc(-c2ccccc2Cl)n3-c2ccc(Cl)cc2)CC1)c1ccccc1,Ki,'=',3.0,nM,1
CHEMBL4226710,N#Cc1ccccc1CN1CCN(c2ncnc3c2nc(-c2ccccc2Cl)n3-c2ccc(Cl)cc2)CC1,Ki,'=',3.0,nM,1
CHEMBL1088244,CSc1c(C(=O)NN2CCCC2)nn(-c2ccc(Cl)cc2Cl)c1-c1ccc(Cl)cc1,Ki,'=',3.0,nM,1
CHEMBL4475337,O=S(=O)(NC1CCN(c2ncnc3c2nc(-c2ccccc2Cl)n3-c2ccc(OC(F)F)nc2)CC1)c1ccc(F)c(F)c1,Ki,'=',3.0,nM,1
CHEMBL4225525,COc1ccc(N2CCN(c3ncnc4c3nc(-c3ccccc3Cl)n4-c3ccc(Cl)cc3)CC2)cc1,Ki,'=',3.0,nM,1
CHEMBL3341897,CCc1c(C(=O)NN2CCCCC2)nn(-c2ccc(Cl)cc2Cl)c1-c1ccc(C#Cc2ccc(C(F)(F)F)cc2)s1,Ki,'=',3.0,nM,1
CHEMBL5087110,C/C(N)=N\C(=N\S(=O)(=O)N1CCCCC1)N1CC(c2ccccc2)C(c2ccc(Cl)cc2)=N1,Ki,'=',3.0,nM,1
CHEMBL202583,O=c1c2nn(-c3ccccc3Cl)c(-c3ccc(Cl)cc3)c2ncn1CCF,Ki,'=',3.0,nM,1
CHEMBL4555599,O=C(NCc1ccc(F)cc1)NC1CCN(c2ncnc3c2nc(-c2ccccc2Cl)n3-c2ccc(Cl)cc2)CC1,Ki,'=',3.0,nM,1
CHEMBL4229032,Clc1ccc(-n2c(-c3ccccc3Cl)nc3c(N4CCN(Cc5ccncc5Cl)CC4)ncnc32)cc1,Ki,'=',3.0,nM,1
CHEMBL1909850,CCc1c(C(=O)NC2CCCCC2)nn(-c2ccc(Cl)cc2Cl)c1-n1cccc1,Ki,'=',3.0,nM,1
CHEMBL4245455,CCS(=O)(=O)N1CCN(c2ncnc3c2nc(-c2ccccc2Cl)n3-c2ccc(Cl)cc2)CC1,Ki,'=',3.0,nM,1
CHEMBL4532772,O=C(NC1CCN(c2ncnc3c2nc(-c2ccccc2Cl)n3-c2ccc(Cl)cc2)CC1)c1ccc(F)c(F)c1,Ki,'=',3.0,nM,1
CHEMBL4245443,O=S(=O)(CC1CCOCC1)N1CCN(c2ncnc3c2nc(-c2ccccc2Cl)n3-c2ccc(Cl)cc2)CC1,Ki,'=',3.0,nM,1
CHEMBL4445108,O=C(NC1CCN(c2ncnc3c2nc(-c2ccccc2Cl)n3-c2ccc(Cl)cc2)CC1)C1CCSCC1,Ki,'=',3.0,nM,1
CHEMBL3260746,CCn1nc2c(-c3ccc(Cl)cc3)c(-c3ccc(C#N)c(C)c3)c(=O)n(Cc3ccc(C(F)(F)F)nc3C)n2c1=O,Ki,'=',3.0,nM,1
CHEMBL4237943,O=C(OC1CCC1)N1CCN(c2ncnc3c2nc(-c2ccccc2Cl)n3-c2ccc(Cl)cc2)CC1,Ki,'=',3.0,nM,1
CHEMBL1950329,CCOc1ccc(Cc2nc3cc(N(C)S(=O)(=O)c4cccs4)ccc3n2CC2CCCCC2)nc1,Ki,'=',3.0,nM,1
CHEMBL1091812,Cc1ccc(C(c2ccc(Cl)cc2Cl)N2CCN(C(=O)NN3CCCCC3)CC2)cc1,Ki,'=',3.0,nM,1
CHEMBL245876,Cc1ccc(C(=O)Oc2cccc3cccnc23)cc1S(=O)(=O)N1CCCCC1,Ki,'=',3.0,nM,1
CHEMBL4475996,CCCCC(=O)NC1CCN(c2ncnc3c2nc(-c2ccccc2Cl)n3-c2ccc(C(F)(F)F)nc2)CC1,Ki,'=',3.0,nM,1
CHEMBL4446721,CC(C(=O)NC1CCN(c2ncnc3c2nc(-c2ccccc2Cl)n3-c2ccc(Cl)cc2)CC1)c1ccccc1,Ki,'=',3.0,nM,1
CHEMBL409471,O=S(=O)(c1cc2c(cc1F)OC(c1ccc(F)cc1F)(c1ccc(F)cc1F)O2)N1CCC(F)(F)CC1,Ki,'=',3.0,nM,1
CHEMBL4449377,O=C(NC1CCCC1)NC1CCN(c2ncnc3c2nc(-c2ccccc2Cl)n3-c2ccc(Cl)cc2)CC1,Ki,'=',3.0,nM,1
CHEMBL4237503,O=C(OCC1CCC1)N1CCN(c2ncnc3c2nc(-c2ccccc2Cl)n3-c2ccc(Cl)cc2)CC1,Ki,'=',3.0,nM,1
CHEMBL567228,CN(C)CCCN/C(=N\S(=O)(=O)c1ccc(Cl)cc1)N1CC(c2ccccc2)C(c2ccc(Cl)cc2)=N1.Cl,Ki,'=',3.1,nM,1
CHEMBL1088161,O=C(NC1CCCCC1)N1CCN(C(c2ccccc2)c2ccc(Cl)cc2F)CC1,Ki,'=',3.1,nM,1
CHEMBL512511,CC1=CC[C@@H]2[C@@H](C1)c1c(O)cc(C(C)(C)c3ccc(C)cc3)cc1OC2(C)C,Ki,'=',3.13,nM,1
CHEMBL3260754,CCn1nc2c(-c3ccc(Cl)cc3)c(-c3ccncc3F)c(=O)n(Cc3ccc(C(F)(F)F)nc3C)n2c1=O,Ki,'=',3.2,nM,1
CHEMBL1224691,CCCCCC1=NN(C(=O)NC(C)(C)c2ccccc2)CC1c1ccccc1,Ki,'=',3.26,nM,1
CHEMBL5092394,N/C(=N\C(=N\S(=O)(=O)N1CCC(F)(F)CC1)N1CC(c2ccccc2)C(c2ccc(Cl)cc2)=N1)c1ccc(F)cc1,Ki,'=',3.3,nM,1
CHEMBL258539,O=C(c1cc2c(cc1F)O[C@](c1ccc(F)cc1)(c1ccc(Cl)cc1Cl)O2)N1CCOCC1,Ki,'=',3.3,nM,1
CHEMBL4445915,O=S(=O)(NC1CCN(c2ncnc3c2nc(-c2ccccc2Cl)n3-c2ccc(Cl)cc2)CC1)c1ccc(F)cc1,Ki,'=',3.3,nM,1
CHEMBL2436756,O=C(NC1CCN(c2ncnc3c2nc(-c2ccccc2Cl)n3-c2ccc(Cl)cc2)CC1)C1CCCCC1,Ki,'=',3.35,nM,1
CHEMBL77520,CCCCCCC(C)(C)c1ccc(C2CC(O)CCC2CCCO)c(O)c1,Ki,'=',3.4,nM,1
CHEMBL1079079,COc1ccc(-c2c(C#N)c(C(=O)NN3CCCCC3)nn2-c2ccccc2[125I])cc1,Ki,'=',3.4,nM,1
CHEMBL5087041,C/C(N)=N\C(=N\S(=O)(=O)N1CCC(F)(F)CC1)N1CC(c2ccccc2)C(c2ccc(Cl)cc2)=N1,Ki,'=',3.4,nM,1
CHEMBL589985,O=S(=O)(NCCC1CCC(c2ccc(Cl)cc2Cl)N(c2ccc(Cl)cc2)C1)C1CC1,Ki,'=',3.4,nM,1
CHEMBL573546,Cc1c(C(=O)N[C@@H](C)C2CCCCC2)nn(-c2ccc(Cl)c(Cl)c2)c1-n1cccc1,Ki,'=',3.4,nM,1
CHEMBL2018660,CC(C)(NC(=O)c1cc2c(n(CC3CCCCC3)c1=O)CCCCCC2)C(=O)NCCOCCO,Ki,'=',3.4,nM,1
CHEMBL482356,CSC(=S)N1CC2(CCCCC2)CO/C1=N\c1ccc(Cl)c2ccccc12,Ki,'=',3.4,nM,1
CHEMBL189676,CCc1c(C(=O)NN2CCCCC2)nn(-c2ccc(Cl)cc2Cl)c1-c1ccc(Br)cc1,Ki,'=',3.5,nM,1
CHEMBL4644215,CCCCCc1cc(OC)cc(OCCCCCCCCCCC(=O)NC2CC2)c1,Ki,'=',3.5,nM,1
CHEMBL231201,Cc1c2c(n(-c3ccccc3Cl)c1-c1ccc(Cl)cc1)CCN(N1CCCCC1)C2=O,Ki,'=',3.5,nM,1
CHEMBL2436754,CCOC(=O)NC1CCN(c2ncnc3c2nc(-c2ccccc2Cl)n3-c2ccc(Cl)cc2)CC1,Ki,'=',3.57,nM,1
CHEMBL246351,C[C@H](NS(=O)(=O)C(F)(F)F)c1ccc(S(=O)(=O)c2ccc(Cl)cc2S(=O)(=O)c2ccccn2)cc1,Ki,'=',3.6,nM,1
CHEMBL4516360,CCCCCn1cc(C(=O)c2cccc3ccccc23)c2cccc(F)c21,Ki,'=',3.62,nM,1
CHEMBL231118,CCc1c(C(=O)N[C@H]2CCCC[C@@H]2O)nc(-c2ccccc2Cl)n1-c1ccc(Br)cc1,Ki,'=',3.7,nM,1
CHEMBL396368,C[C@H](NC(=O)C(F)(F)F)c1ccc(S(=O)(=O)c2ccc(Cl)cc2S(=O)(=O)c2ccccc2F)cc1,Ki,'=',3.7,nM,1
CHEMBL4781952,Cc1c(Cl)cc(C(=O)NC2CCCCCC2)c(=O)n1Cc1ccc(F)cc1,Ki,'=',3.7,nM,1
CHEMBL3923170,Cc1cccc(-c2c(O)cc(C(C)(C)c3cccs3)cc2O)c1,Ki,'=',3.7,nM,1
CHEMBL591352,O=S(=O)(NCC[C@@H]1CC[C@@H](c2ccc(Cl)cc2Cl)N(c2ccc(Cl)cc2)C1)C1CC1,Ki,'=',3.8,nM,1
CHEMBL568221,Cc1c(-c2cn(-c3ccccc3)cn2)nn(-c2ccccc2Cl)c1-c1ccc(Cl)cc1,Ki,'=',3.8,nM,1
CHEMBL5073465,C/C(N)=N/C(=N/S(=O)(=O)N1CCC(C(F)(F)F)CC1)N1CC(c2ccccc2)C(c2ccc(Cl)cc2)=N1,Ki,'=',3.9,nM,1
CHEMBL398905,CCCCC(C)(C)c1cc(O)c2c(c1)OC(C)(C)[C@@H]1CC=C(C)C[C@@H]21,Ki,'=',3.9,nM,1
CHEMBL276312,O=C(NC1CCCCC1)c1cn(-c2ccc(Cl)cc2)c(-c2ccc(Cl)cc2Cl)n1,Ki,'=',3.9,nM,1
CHEMBL2218896,CCCCCCC(C)(C)c1cc(O)c2c(c1)OC(C)(C)C1CCC(=O)CC21,Ki,'=',3.981,nM,1
CHEMBL1682275,O=C(NCCO)C1CCN(Cc2nc(-c3cn(CC4CCOCC4)c4c(Cl)cccc34)no2)CC1,Ki,'=',3.981,nM,1
CHEMBL1682272,CN(CC(N)=O)Cc1nc(-c2cn(CC3CCOCC3)c3c(Cl)cccc23)no1,Ki,'=',3.981,nM,1
CHEMBL259656,O=C(c1cc2c(cc1F)OC(c1ccc(F)cc1)(c1ccc(Cl)cc1Cl)O2)N1CCOCC1,Ki,'=',4.0,nM,1
CHEMBL4466325,O=S(=O)(NC1CCN(c2ncnc3c2nc(-c2ccccc2Cl)n3-c2ccc(C(F)(F)F)nc2)CC1)c1ccccc1F,Ki,'=',4.0,nM,1
CHEMBL4544209,O=S(=O)(CCC(F)(F)F)NC1CCN(c2ncnc3c2nc(-c2ccccc2Cl)n3-c2ccc(Cl)cc2)CC1,Ki,'=',4.0,nM,1
CHEMBL4519913,O=C(Nc1ccccc1F)NC1CCN(c2ncnc3c2nc(-c2ccccc2Cl)n3-c2ccc(Cl)cc2)CC1,Ki,'=',4.0,nM,1
CHEMBL381858,O=c1c2nn(-c3ccccc3Cl)c(-c3ccc(Cl)cc3)c2cnn1CC(F)(F)F,Ki,'=',4.0,nM,1
CHEMBL202419,CCn1cnc2c(-c3ccc(Cl)cc3)n(-c3ccccc3Cl)nc2c1=O,Ki,'=',4.0,nM,1
CHEMBL258753,O=C(c1cc2c(cc1F)OC(c1ccc(F)cc1)(c1ccc(Cl)cc1Cl)O2)N1CCCCC1,Ki,'=',4.0,nM,1
CHEMBL4227013,Cc1ccccc1CN1CCN(c2ncnc3c2nc(-c2ccccc2Cl)n3-c2ccc(Cl)cc2)CC1,Ki,'=',4.0,nM,1
CHEMBL4555424,O=C(NC1CCN(c2ncnc3c2nc(-c2ccccc2Cl)n3-c2ccc(Cl)cc2)CC1)OCc1ccccc1,Ki,'=',4.0,nM,1
CHEMBL379667,O=c1c2nn(-c3ccccc3Cl)c(-c3ccc(Cl)cc3)c2ncn1Cc1ccccc1,Ki,'=',4.0,nM,1
CHEMBL408427,O=C(c1cc2c(cc1F)OC(c1ccccc1F)(c1ccc(Cl)cc1Cl)O2)N1CCOCC1,Ki,'=',4.0,nM,1
CHEMBL3233403,CC1=CC[C@@H]2[C@@H](C1)c1c(OC(=O)CCCN3CCOCC3)cc(C(C)(C)CCCCC#N)cc1OC2(C)C.Cl,Ki,'=',4.0,nM,1
CHEMBL4225999,Fc1ccc(CN2CCN(c3ncnc4c3nc(-c3ccccc3Cl)n4-c3ccc(Cl)cc3)CC2)cc1,Ki,'=',4.0,nM,1
CHEMBL2152803,CCCCCn1cc(C(=O)N[C@@H]2C(C)(C)C3CC[C@]2(C)C3)c(=O)c2ccc(F)cc21,Ki,'=',4.0,nM,1
CHEMBL4535004,CC1(NC(=O)Nc2ccccc2F)CCN(c2ncnc3c2nc(-c2ccccc2Cl)n3-c2ccc(Cl)cc2)CC1,Ki,'=',4.0,nM,1
CHEMBL4225260,Clc1ccc(-n2c(-c3ccccc3Cl)nc3c(N4CCN(Cc5ccccc5)CC4)ncnc32)cc1,Ki,'=',4.0,nM,1
CHEMBL4242565,O=C(Nc1ccc(OC(F)F)nc1)N1CCN(c2ncnc3c2nc(-c2ccccc2Cl)n3-c2ccc(Cl)cc2)CC1,Ki,'=',4.0,nM,1
CHEMBL2436759,CC(C)CC(=O)NC1CCN(c2ncnc3c2nc(-c2ccccc2Cl)n3-c2ccc(Cl)cc2)CC1,Ki,'=',4.01,nM,1
CHEMBL3922339,CC(C)(C)NC(=O)C1(c2ccccc2)CCN(c2ncnc3c2nc(-c2ccccc2Cl)n3-c2ccc(Cl)cc2)CC1,Ki,'=',4.08,nM,1
CHEMBL245350,C[C@H](NS(=O)(=O)C(F)(F)F)c1ccc(S(=O)(=O)c2ccc(Cl)cc2S(=O)(=O)c2c(N)cccc2F)cc1,Ki,'=',4.1,nM,1
CHEMBL230571,Cc1c2c(n(-c3ccc(Cl)cc3Cl)c1-c1ccc(C(F)(F)F)cc1)CCN(C1CCCCC1)C2=O,Ki,'=',4.1,nM,1
CHEMBL591994,N#Cc1ccc(S(=O)(=O)NCC[C@@H]2CC[C@@H](c3ccc(Cl)cc3Cl)N(c3ccc(Cl)cc3)C2)cc1,Ki,'=',4.2,nM,1
CHEMBL2029727,CCN(CC(=O)NC1CC1)C(=O)c1ccc2c(c1)c1c(n2C)CC[C@@H](C2CCOCC2)C1,Ki,'=',4.2,nM,1
CHEMBL3260737,N#Cc1ccc(Cn2nc3c(-c4ccncc4)c(-c4ccc(Cl)cc4)c(=O)n(Cc4ccc(C#N)cc4)n3c2=O)cc1,Ki,'=',4.2,nM,1
CHEMBL2063251,CC(C)C(=O)N(C)C1CCCOc2c1nn(-c1ccccc1Cl)c2-c1ccc(Cl)cc1,Ki,'=',4.3,nM,1
CHEMBL1760664,Cc1ccc(C(F)(F)F)cc1Cn1c(C(=O)NCCC(C)(C)O)cc2cc(C#N)ccc21,Ki,'=',4.365,nM,1
CHEMBL4474739,O=C(c1cccc2ccccc12)c1cn(CCCCCF)c2cccc(F)c12,Ki,'=',4.38,nM,1
CHEMBL1269766,Cc1c(C(=O)NCCCCCCCNCCCCCCCNC(=O)c2nn(-c3ccc(Cl)cc3Cl)c(-c3ccc(Cl)cc3)c2C)nn(-c2ccc(Cl)cc2Cl)c1-c1ccc(Cl)cc1,Ki,'=',4.41,nM,1
CHEMBL4441538,CCCCCCC(C)(C)c1cc(O)c2c(c1)OC(C)(C)c1cnn(CC)c1-2,Ki,'=',4.5,nM,1
CHEMBL3260743,CCn1nc2c(-c3ccc(Cl)cc3)c(-c3ccncc3)c(=O)n(Cc3ccc(C(F)(F)F)nc3C)n2c1=O,Ki,'=',4.5,nM,1
CHEMBL232411,CCCCCCC(C)(C)c1ccc(-c2cc(C)ccc2C)c(O)c1,Ki,'=',4.6,nM,1
CHEMBL229749,Cc1ccc(-n2cc(C(=O)NC3CCCCC3)nc2-c2ccccc2Cl)cc1,Ki,'=',4.6,nM,1
CHEMBL2022405,Cc1c(C(=O)Nc2ccc(O)cc2)nn(-c2ccc(Cl)cc2Cl)c1-c1ccc(Cl)cc1,Ki,'=',4.6,nM,1
CHEMBL2152812,CCCCn1cc(C(=O)N[C@@H]2C(C)(C)C3CC[C@]2(C)C3)c(=O)c2ccc(Sc3ccccc3)cc21,Ki,'=',4.7,nM,1
CHEMBL1080545,CN/C(=N\S(=O)(=O)N1CCC(C(F)(F)F)CC1)N1C[C@H](c2ccccc2)C(c2ccc(Cl)cc2)=N1,Ki,'=',4.7,nM,1
CHEMBL518982,CC(C)(C)N1CCc2c(nn(-c3ccccc3Cl)c2-c2ccc(Cl)cc2)C1=O,Ki,'=',4.7,nM,1
CHEMBL3260753,CCn1nc2c(-c3ccc(Cl)cc3)c(-c3cnc(C)nc3)c(=O)n(Cc3ccc(C(F)(F)F)nc3C)n2c1=O,Ki,'=',4.7,nM,1
CHEMBL585095,Cc1c(-c2cn(C3CCCCC3)cn2)nn(-c2ccc(Cl)cc2Cl)c1-c1ccc(Cl)cc1,Ki,'=',4.7,nM,1
CHEMBL484163,CCN1CCc2c(nn(-c3ccccc3Cl)c2-c2ccc(Cl)cc2)C1=O,Ki,'=',4.7,nM,1
CHEMBL514361,COc1ccc(-c2c(C#N)c(C(=O)NN3CCCCC3)nn2-c2ccccc2Br)cc1,Ki,'=',4.7,nM,1
CHEMBL2018662,CC(=O)NCCNC(=O)C(C)(C)NC(=O)c1cc2c(n(CC3CCCCC3)c1=O)CCCCCC2,Ki,'=',4.7,nM,1
CHEMBL1223778,CCCCCN1N=C(C(=O)N[C@H]2C[C@H]3CC[C@]2(C)C3(C)C)CC1c1ccccc1,Ki,'=',4.7,nM,1
CHEMBL4467516,O=[N+]([O-])CC(c1ccccc1F)c1c(-c2cccc(F)c2)[nH]c2cc(F)ccc12,Ki,'=',4.8,nM,1
CHEMBL4760014,Cc1c(F)cc(C(=O)NC2CCCCCC2)c(=O)n1Cc1ccc(F)cc1,Ki,'=',4.9,nM,1
CHEMBL482355,CSC(=S)N1CC2(CCCCC2)CO/C1=N\c1ccc(F)c2ccccc12,Ki,'=',4.9,nM,1
CHEMBL481716,CSC(=S)N1CC2(CCCCC2)CO/C1=N\c1ccc(N(C)C)c2ccccc12,Ki,'=',4.9,nM,1
CHEMBL229583,COc1ccc(-n2cc(C(=O)NC3CCCCC3)nc2-c2ccc(Cl)cc2Cl)cc1,Ki,'=',4.9,nM,1
CHEMBL246552,C[C@H](NS(=O)(=O)C(F)(F)F)c1ccc(S(=O)(=O)c2ccc(NC3CC3)cc2S(=O)(=O)c2ccccc2F)cc1,Ki,'=',4.9,nM,1
CHEMBL2018666,CC(C)(NC(=O)c1cc2c(n(CC3CCCCC3)c1=O)CCCCCC2)C(=O)N1CCC(C(N)=O)CC1,Ki,'=',4.9,nM,1
CHEMBL4249248,O=S(=O)(C1CC1)N1CCN(c2ncnc3c2nc(-c2ccccc2Cl)n3-c2ccc(Cl)cc2)CC1,Ki,'=',5.0,nM,1
CHEMBL4245076,O=C(Nc1ccc(F)cc1F)N1CCN(c2ncnc3c2nc(-c2ccccc2Cl)n3-c2ccc(Cl)cc2)CC1,Ki,'=',5.0,nM,1
CHEMBL4245429,O=C(NC1CCCC1)N1CCN(c2ncnc3c2nc(-c2ccccc2Cl)n3-c2ccc(Cl)cc2)CC1,Ki,'=',5.0,nM,1
CHEMBL4238830,O=C(Nc1ccc(F)c(F)c1)N1CCN(c2ncnc3c2nc(-c2ccccc2Cl)n3-c2ccc(Cl)cc2)CC1,Ki,'=',5.0,nM,1
CHEMBL4249237,CC(C)(C)OC(=O)N1CCN(c2ncnc3c2nc(-c2ccccc2Cl)n3-c2ccc(Cl)cc2)CC1,Ki,'=',5.0,nM,1
CHEMBL15528,Cc1c(C(=O)NN2CC3CCCC3C2)nn(-c2ccc(Cl)cc2Cl)c1-c1ccc(Cl)cc1,Ki,'=',5.0,nM,1
CHEMBL4454168,CC1(NC(=O)NC2CCN(c3ncnc4c3nc(-c3ccccc3Cl)n4-c3ccc(Cl)cc3)CC2)CCC(F)(F)CC1,Ki,'=',5.0,nM,1
CHEMBL4237291,O=C(C1COc2ccccc2O1)N1CCN(c2ncnc3c2nc(-c2ccccc2Cl)n3-c2ccc(Cl)cc2)CC1,Ki,'=',5.0,nM,1
CHEMBL591542,N#Cc1ccc(C(=O)NC[C@@H]2CC[C@@H](c3ccc(Cl)cc3Cl)N(c3ccc(Cl)cc3)C2)cc1,Ki,'=',5.0,nM,1
CHEMBL579196,Cc1c(-c2cn(C3CCC3)cn2)nn(-c2ccc(Cl)cc2Cl)c1-c1ccc(Cl)cc1,Ki,'=',5.0,nM,1
CHEMBL247978,C[C@H](NS(=O)(=O)C(F)(F)F)c1ccc(S(=O)(=O)c2ccc(OC(F)(F)F)cc2S(=O)(=O)c2ccccc2F)cc1,Ki,'=',5.0,nM,1
CHEMBL4476491,O=S(=O)(NC1CCCCC1)NC1CCN(c2ncnc3c2nc(-c2ccccc2Cl)n3-c2ccc(Cl)cc2)CC1,Ki,'=',5.0,nM,1
CHEMBL4519332,O/N=C(\c1ccc(F)cc1)C1CCN(c2ncnc3c2nc(-c2ccccc2Cl)n3-c2ccc(Cl)cc2)CC1,Ki,'=',5.0,nM,1
CHEMBL272139,Cc1c(C(=O)NC2CCCc3ccccc32)oc2ccc(S(=O)(=O)N3CC(C)CC(C)C3)cc12,Ki,'=',5.0,nM,1
CHEMBL247515,Cc1ccc(-c2ncc(C(=O)NC(C)CCc3ccccc3)nc2-c2ccc(C)cc2)cc1,Ki,'=',5.0,nM,1
CHEMBL3260751,CCn1nc2c(-c3ccc(Cl)cc3)c(-c3ccc(C#N)cc3)c(=O)n(Cc3ccc(C#N)cc3)n2c1=O,Ki,'=',5.0,nM,1
CHEMBL3260752,CCn1nc2c(-c3ccc(Cl)cc3)c(-c3ccc(CO)nc3)c(=O)n(Cc3ccc(C(F)(F)F)nc3C)n2c1=O,Ki,'=',5.0,nM,1
CHEMBL230800,CCc1c(C(=O)N[C@H]2CCCC[C@@H]2O)nc(-c2ccccc2Cl)n1-c1ccc(Cl)cc1,Ki,'=',5.0,nM,1
CHEMBL3329945,CCCCCc1cc(O)c2c(c1)OC(C)(C)C1=C2C[C@@H](C)CC1,Ki,'=',5.0,nM,1
CHEMBL4225928,FC(F)(F)c1ccccc1CN1CCN(c2ncnc3c2nc(-c2ccccc2Cl)n3-c2ccc(Cl)cc2)CC1,Ki,'=',5.0,nM,1
CHEMBL490648,CCCCCCC(C)(C)c1cc(O)cc(OCCCCCCCC(=O)NC2CC2)c1,Ki,'=',5.012,nM,1
CHEMBL1760663,CC(C)(O)CCNC(=O)c1cc2cc(C#N)ccc2n1Cc1cccc(OC(F)(F)F)c1,Ki,'=',5.012,nM,1
CHEMBL487463,CC1=CC[C@@H]2[C@@H](C1)c1c(O)cc(C(C)(C)c3ccc(Br)cc3)cc1OC2(C)C,Ki,'=',5.03,nM,1
CHEMBL2063238,CC(C)C(=O)N[C@H]1CCCOc2c1nn(-c1ccccc1Cl)c2-c1ccc(Cl)cc1,Ki,'=',5.1,nM,1
CHEMBL591067,N#Cc1ccc(C(=O)NCC[C@@H]2CC[C@@H](c3ccc(Cl)cc3Cl)N(c3ccc(Cl)cc3)C2)cc1,Ki,'=',5.1,nM,1
CHEMBL3109772,COCCOc1ncc(C(=O)N[C@@H]2CCCC[C@H]2O)cc1-c1ccc(Cl)cc1,Ki,'=',5.1,nM,1
CHEMBL225506,CCCCCc1cc(O)cc(OCCCCCCCCCCC(=O)NC2CC2)c1,Ki,'=',5.2,nM,1
CHEMBL229872,CCCCCc1ccc(OCCCCCCCCCCC(=O)NC2CC2)cc1O,Ki,'=',5.2,nM,1
CHEMBL234897,CCCCCCC(C)(C)c1ccc(-c2ccccc2N)c(O)c1,Ki,'=',5.2,nM,1
CHEMBL4527391,CCCCCCC(C)(C)c1cc(O)c2c(c1)OC(C)(C)c1cnn(-c3ccc(Cl)cc3Cl)c1-2,Ki,'=',5.2,nM,1
CHEMBL4519310,O=[N+]([O-])CC(c1ccccc1F)c1c(-c2cccc(F)c2)[nH]c2c(F)cccc12,Ki,'=',5.2,nM,1
CHEMBL568230,Cc1c(-c2ncc(C(C)C)[nH]2)nn(-c2ccc(Cl)cc2Cl)c1-c1ccc(Cl)cc1,Ki,'=',5.2,nM,1
CHEMBL512531,CC1=CC[C@@H]2[C@@H](C1)c1c(O)cc(C(C)(C)c3cccc(F)c3)cc1OC2(C)C,Ki,'=',5.26,nM,1
CHEMBL498527,CCCCCn1cc(C(=O)NC23CC4CC(CC(C4)C2)C3)c(=O)c2ccc(Sc3ccccc3)cc21,Ki,'=',5.3,nM,1
CHEMBL151167,CCCCC/C=C\C/C=C\C/C=C\C/C=C\CCCC(=O)NCCCl,Ki,'=',5.3,nM,1
CHEMBL558598,Cc1c(C(=O)NN2CCCCC2)nn(-c2ccc(Cl)cc2Cl)c1-c1ccc(Cl)cc1.Cl,Ki,'=',5.4,nM,1
CHEMBL1269773,Cc1c(C(=O)NCCCCCCCCCNCCCCCCCCCN)nn(-c2ccc(Cl)cc2Cl)c1-c1ccc(Cl)cc1,Ki,'=',5.44,nM,1
CHEMBL1760661,COc1ccc(OC(F)(F)F)cc1Cn1c(C(=O)NCC(C)(C)O)cc2cc(C#N)ccc21,Ki,'=',5.495,nM,1
CHEMBL571330,CN1CCCCC1Cn1cc(C(=O)C2C(C)(C)C2(C)C)c2ccccc21,Ki,'=',5.495,nM,1
CHEMBL5075684,CCN(CC)S(=O)(=O)/N=C(/N=C(\N)c1ccc(F)cc1)N1CC(c2ccccc2)C(c2ccc(Cl)cc2)=N1,Ki,'=',5.5,nM,1
CHEMBL5083073,N/C(=N\C(=N\S(=O)(=O)N1CCC(F)(F)CC1)N1CC(c2ccccc2)C(c2ccc(Cl)cc2)=N1)c1ccc(Cl)cc1,Ki,'=',5.5,nM,1
CHEMBL5071344,N/C(=N\C(=N\S(=O)(=O)N1CCC(C(F)(F)F)CC1)N1CC(c2ccccc2)C(c2ccc(Cl)cc2)=N1)c1ccc(Cl)cc1,Ki,'=',5.5,nM,1
CHEMBL230782,COc1ccc(-c2c(C)c3c(n2-c2ccc(Cl)cc2Cl)CCN(C2CCCCC2)C3=O)cc1OC,Ki,'=',5.5,nM,1
CHEMBL1269776,Cc1c(C(=O)NCCCCCCCCCCCN(C)CCCCCCCCCCCN)nn(-c2ccc(Cl)cc2Cl)c1-c1ccc(Cl)cc1,Ki,'=',5.51,nM,1
CHEMBL393344,C[C@H](CO)NC(=O)CCC/C=C\C/C=C\CCOc1cccc(C(C)(C)CCCC#N)c1,Ki,'=',5.51,nM,1
CHEMBL1909858,Cc1c(C(=O)NC2CCCCC2)nn(-c2ccc(Cl)c(Cl)c2)c1-n1c(Cl)ccc1Cl,Ki,'=',5.6,nM,1
CHEMBL575382,Cc1c(C(=O)NC23CC4CC(CC(C4)C2)C3)nn(-c2ccc(Cl)c(Cl)c2)c1-n1c(C)ccc1C,Ki,'=',5.6,nM,1
CHEMBL272203,Cc1c(C(=O)NC2CCCCC2)nn(-c2ccc(Cl)c(Cl)c2)c1-n1cccc1,Ki,'=',5.6,nM,1
CHEMBL576549,Cc1c(C(=O)NC2CCCCCC2)nn(-c2ccc(Cl)c(Cl)c2)c1-n1cccc1,Ki,'=',5.6,nM,1
CHEMBL456341,CCCCCCC(C)(C)c1cc(O)c2c(c1)OC(C)(C)[C@@H]1CC=C(C(=O)O)C[C@@H]21,Ki,'=',5.7,nM,1
CHEMBL230801,CCCc1c(C(=O)N[C@H]2CCCC[C@@H]2O)nc(-c2ccccc2Cl)n1-c1ccc(Cl)cc1,Ki,'=',5.7,nM,1
CHEMBL4549096,CCCCCn1cc(C(=O)c2ccc(C(=O)CC)c3ccccc23)c2ccccc21,Ki,'=',5.71,nM,1
CHEMBL2018659,CC(C)(NC(=O)c1cc2c(n(CC3CCCCC3)c1=O)CCCCCC2)C(=O)NCCCCCO,Ki,'=',5.8,nM,1
CHEMBL603529,O=S(=O)(NCC[C@@H]1CC[C@@H](c2ccc(Cl)cc2Cl)N(c2ccc(Cl)cc2)C1)c1cccnc1,Ki,'=',5.8,nM,1
CHEMBL412071,O=C(NN1CCCCC1)c1nn(-c2ccc(Cl)cc2Cl)c(-c2ccc(-c3cccnc3)cc2)c1CO,Ki,'=',5.8,nM,1
CHEMBL246350,C[C@H](NS(=O)(=O)C(F)(F)F)c1ccc(S(=O)(=O)c2ccc(Cl)cc2S(=O)(=O)c2c(F)cccc2F)cc1,Ki,'=',5.8,nM,1
CHEMBL1087644,O=C(C1CCCCC1)N1CCN(C(c2ccccc2)c2ccc(Cl)cc2Cl)CC1,Ki,'=',5.8,nM,1
CHEMBL484505,Cc1cc(Cl)ccc1-c1c(C)c(C(=O)NN2CCCCC2)nn1-c1ccc(Cl)cc1Cl,Ki,'=',5.83,nM,1
CHEMBL5090020,CCN(CC)S(=O)(=O)/N=C(/N=C(/C)N)N1CC(c2ccccc2)C(c2ccc(Cl)cc2)=N1,Ki,'=',5.9,nM,1
CHEMBL4646867,CCCCCc1cccc(OCCCCCCCCCCC(=O)NC2CC2)c1,Ki,'=',5.9,nM,1
CHEMBL1087874,O=C(NC1CCCCC1)N1CCN(C(c2ccccc2)c2cc(Cl)ccc2Cl)CC1,Ki,'=',5.9,nM,1
CHEMBL1095690,O=C(N1CCN(C(c2ccccc2)c2ccc(Cl)cc2Cl)CC1)C12CC3CC(CC(C3)C1)C2,Ki,'=',5.9,nM,1
CHEMBL2296777,Cc1c(C(=O)NCC23CC4CC(CC(C4)C2)C3)nn(CCCCCCl)c1-c1ccccc1,Ki,'=',5.984,nM,1
CHEMBL2296781,O=C(NC1CCCCC1)c1nn(-c2ccc(Cl)cc2Cl)c(-c2ccc(Br)cc2)c1CO,Ki,'=',5.998,nM,1
CHEMBL3913776,CC(=O)NC1(c2ccccc2)CCN(c2ncnc3c2nc(-c2ccccc2Cl)n3-c2ccc(Cl)cc2)CC1,Ki,'=',6.0,nM,1
CHEMBL4245522,O=C(Nc1ccccc1)N1CCN(c2ncnc3c2nc(-c2ccccc2Cl)n3-c2ccc(Cl)cc2)CC1,Ki,'=',6.0,nM,1
CHEMBL4242001,CCCCC(=O)N1CCN(c2ncnc3c2nc(-c2ccccc2Cl)n3-c2ccc(Cl)cc2)CC1,Ki,'=',6.0,nM,1
CHEMBL4249329,O=C(Nc1ccccc1F)N1CCN(c2ncnc3c2nc(-c2ccccc2Cl)n3-c2ccc(Cl)cc2)CC1,Ki,'=',6.0,nM,1
CHEMBL4241316,O=C(Nc1ccccn1)N1CCN(c2ncnc3c2nc(-c2ccccc2Cl)n3-c2ccc(Cl)cc2)CC1,Ki,'=',6.0,nM,1
CHEMBL4475060,Clc1ccc(-n2c(-c3ccccc3Cl)nc3c(N4CCC(Nc5ccccc5)CC4)ncnc32)cc1,Ki,'=',6.0,nM,1
CHEMBL4453295,CC1(NC(=O)Nc2ccc(F)cc2F)CCN(c2ncnc3c2nc(-c2ccccc2Cl)n3-c2ccc(Cl)cc2)CC1,Ki,'=',6.0,nM,1
CHEMBL591540,O=S(=O)(NC[C@@H]1CC[C@@H](c2ccc(Cl)cc2Cl)N(c2ccc(Cl)cc2)C1)c1cccnc1,Ki,'=',6.0,nM,1
CHEMBL396799,Cc1c2c(n(-c3ccc(Cl)cc3Cl)c1-c1ccc(F)cc1)CCN(C1CCCCC1)C2=O,Ki,'=',6.0,nM,1
CHEMBL259654,O=C(c1cc2c(cc1F)OC(c1ccc(F)cc1F)(c1ccc(F)cc1F)O2)N1CCC(F)(F)CC1,Ki,'=',6.0,nM,1
CHEMBL4468164,CC(C)(C)OCCC(=O)NC1CCN(c2ncnc3c2nc(-c2ccccc2Cl)n3-c2ccc(Cl)cc2)CC1,Ki,'=',6.0,nM,1
CHEMBL201582,CC(C)c1nc2c(-c3ccc(Cl)cc3)n(-c3ccccc3Cl)nc2c(=O)n1CC(F)(F)F,Ki,'=',6.0,nM,1
CHEMBL2436766,O=S(=O)(NC1CCN(c2ncnc3c2nc(-c2ccccc2Cl)n3-c2ccc(Cl)cc2)CC1)C(F)(F)F,Ki,'=',6.1,nM,1
CHEMBL1223835,CCCCCN1N=C(C(=O)N[C@H]2C[C@H]3CC[C@]2(C)C3(C)C)CC1c1ccccc1F,Ki,'=',6.1,nM,1
CHEMBL507019,CCCCCn1cc(C(=O)NC23CC4CC(CC(C4)C2)C3)c(=O)c2ccc(S(=O)(=O)c3ccccc3)cc21,Ki,'=',6.1,nM,1
CHEMBL1269775,Cc1c(C(=O)NCCCCCCCCCN(C)CCCCCCCCCN)nn(-c2ccc(Cl)cc2Cl)c1-c1ccc(Cl)cc1,Ki,'=',6.12,nM,1
CHEMBL2180218,CS(=O)(=O)NC1(c2ccccc2)CCN(c2ncnc3c2nc(-c2ccccc2Cl)n3-c2ccc(Cl)cc2)CC1,Ki,'=',6.2,nM,1
CHEMBL3971453,CS(=O)(=O)NC1(c2ccccc2)CCC(c2ncnc3c2nc(-c2ccccc2Cl)n3-c2ccc(Cl)cc2)CC1,Ki,'=',6.21,nM,1
CHEMBL4102969,Cc1c(C(=O)NN2CCCCC2)nc(-c2ccc(Cl)cc2Cl)n1-c1ccc(OCc2ccccc2)cc1,Ki,'=',6.28,nM,1
CHEMBL2018658,CC(C)(NC(=O)c1cc2c(n(CC3CCCCC3)c1=O)CCCCCC2)C(=O)NCCCO,Ki,'=',6.3,nM,1
CHEMBL600064,CC(C)CNS(=O)(=O)[C@@H]1CC[C@@H](c2ccc(Cl)cc2Cl)N(c2ccc(Cl)cc2)C1,Ki,'=',6.3,nM,1
CHEMBL229967,O=C(N[C@H]1c2ccccc2C[C@H]1O)c1cn(-c2ccc(Cl)cc2)c(-c2ccccc2Cl)n1,Ki,'=',6.3,nM,1
CHEMBL4590515,O=C(NC1CCN(c2ncnc3c2nc(-c2ccccc2Cl)n3-c2ccc(Cl)cc2)CC1)NC1(C(F)(F)F)CCCC1,Ki,'=',6.3,nM,1
CHEMBL1828801,CCCCCn1cc(C(=O)c2ccccc2-c2ccccc2)c2ccccc21,Ki,'=',6.31,nM,1
CHEMBL2017678,COc1cccc2c(-c3nsc(CN4CCN(CC(N)=O)CC4)n3)cn(CC3CCOCC3)c12,Ki,'=',6.31,nM,1
CHEMBL1269769,Cc1c(C(=O)NCCCCCN(C)CCCCCNC(=O)c2nn(-c3ccc(Cl)cc3Cl)c(-c3ccc(Cl)cc3)c2C)nn(-c2ccc(Cl)cc2Cl)c1-c1ccc(Cl)cc1,Ki,'=',6.35,nM,1
CHEMBL1224630,CCCCCC1=NN(C(=O)NC2C3CC4CC(C3)CC2C4)CC1c1ccccc1,Ki,'=',6.4,nM,1
CHEMBL5084492,N/C(=N/C(=N/S(=O)(=O)N1CCCCC1)N1CC(c2ccccc2)C(c2ccc(Cl)cc2)=N1)c1ccc(F)cc1,Ki,'=',6.4,nM,1
CHEMBL3759785,Cc1c(C(=O)NC2CCN(C(=O)OC(C)C)CC2)nn(-c2ccc(Cl)cc2Cl)c1-c1ccc(Cl)cc1,Ki,'=',6.4,nM,1
CHEMBL16901,C=CCc1ccc(O)c(-c2ccc(O)c(CC=C)c2)c1,Ki,'=',6.46,nM,1
CHEMBL4438072,CCCCCn1cc(C(=O)c2cccc3ccccc23)c2c(F)cccc21,Ki,'=',6.5,nM,1
CHEMBL1909852,CCc1c(C(=O)NC2CCCCC2)nn(-c2ccc(Cl)cc2Cl)c1-n1c(C)ccc1C,Ki,'=',6.7,nM,1
CHEMBL434351,CC1=CC[C@@H]2[C@@H](C1)c1c(O)cc(C34CC5CC(CC(C5)C3)C4)cc1OC2(C)C,Ki,'=',6.8,nM,1
CHEMBL2338173,O=C(NC12CC3CC(CC(C3)C1)C2)c1nn(CCN2CCOCC2)c2ccccc12,Ki,'=',6.8,nM,1
CHEMBL395026,Cc1c(C(=O)N[C@H]2CCCC[C@@H]2O)nc(-c2ccccc2Cl)n1-c1ccc(Cl)cc1,Ki,'=',6.9,nM,1
CHEMBL558709,O=C(N1CCCCC1)N1CC(O[C@H](c2ccc(Cl)cc2)c2cccnc2Cl)C1,Ki,'=',7.0,nM,1
CHEMBL409217,O=C(c1cc2c(cc1F)OC(c1ccc(F)cc1F)(c1ccc(F)cc1F)O2)N1CCOCC1,Ki,'=',7.0,nM,1
CHEMBL4462028,O=C(Nc1ccccc1)NC1CCN(c2ncnc3c2nc(-c2ccccc2Cl)n3-c2ccc(Cl)cc2)CC1,Ki,'=',7.0,nM,1
CHEMBL4225409,Fc1ccccc1CN1CCN(c2ncnc3c2nc(-c2ccccc2Cl)n3-c2ccc(Cl)cc2)CC1,Ki,'=',7.0,nM,1
CHEMBL4225446,N#CC(c1ccccc1)N1CCN(c2ncnc3c2nc(-c2ccccc2Cl)n3-c2ccc(Cl)cc2)CC1,Ki,'=',7.0,nM,1
CHEMBL409472,O=C(c1cc2c(cc1F)OC(c1ccc(F)cc1)(c1ccc(F)cc1)O2)N1CCCCC1,Ki,'=',7.0,nM,1
CHEMBL245957,C[C@H](NCC(F)(F)F)c1ccc(S(=O)(=O)c2ccc(Cl)cc2S(=O)(=O)c2ccccc2F)cc1,Ki,'=',7.0,nM,1
CHEMBL2180216,CC(C)(C)OC(=O)NC1(c2ccccc2)CCN(c2ncnc3c2nc(-c2ccccc2Cl)n3-c2ccc(Cl)cc2)CC1,Ki,'=',7.1,nM,1
CHEMBL2029718,CN(CCCC(=O)NC1CC1)C(=O)c1ccc2c(c1)c1c(n2C)CCC(C2CCOCC2)C1,Ki,'=',7.1,nM,1
CHEMBL229698,Cc1ccc(-c2nc(C(=O)NC3CCCCC3)cn2-c2ccc(Cl)cc2)c(C)c1,Ki,'=',7.2,nM,1
CHEMBL2206855,CCCCCn1cc(C(=O)c2ccc(F)c3ccccc23)c2ccccc21,Ki,'=',7.2,nM,1
CHEMBL3323682,C=CCNC(=O)CCCCCCCOc1cc(O)cc(C(C)(C)CCCCCC)c1,Ki,'=',7.22,nM,1
CHEMBL2029722,CCN(CC(=O)NC1CC1)C(=O)c1ccc2c(c1)c1c(n2C)CCC(C2CCOCC2)C1,Ki,'=',7.3,nM,1
CHEMBL429055,CCCCC/C=C\C/C=C\C/C=C\C/C=C\CCCC(=O)NCCC,Ki,'=',7.3,nM,1
CHEMBL2029362,Cc1c(C(=O)N2CCC(NS(C)(=O)=O)(c3ccccc3)CC2)nn(-c2ccc(Cl)cc2Cl)c1-c1ccc(Cl)cc1,Ki,'=',7.3,nM,1
CHEMBL5081757,C/C(N)=N/C(=N/S(=O)(=O)N1CCCC1)N1CC(c2ccccc2)C(c2ccc(Cl)cc2)=N1,Ki,'=',7.4,nM,1
CHEMBL1224690,CCCCCC1=NN(C(=O)Nc2cccc3ccccc23)CC1c1ccccc1,Ki,'=',7.4,nM,1
CHEMBL121174,CCCCC/C=C\C/C=C\C/C=C\C/C=C\CC[C@@H](C)C(=O)N[C@H](C)CO,Ki,'=',7.42,nM,1
CHEMBL396798,Cc1c2c(n(-c3ccc(Cl)cc3Cl)c1-c1ccc(Cl)cc1)CCN(C1CCCCC1)C2=O,Ki,'=',7.5,nM,1
CHEMBL231096,COc1ccc(-c2c(C)c3c(n2-c2ccccc2Cl)CCN(C2CCCCC2)C3=O)cc1,Ki,'=',7.5,nM,1
CHEMBL1076636,CN/C(=N\S(=O)(=O)N1CCC(F)CC1)N1CC(c2ccccc2)C(c2ccc(Cl)cc2)=N1,Ki,'=',7.5,nM,1
CHEMBL3758884,Cc1c(C(=O)NC2CCN(C(=O)c3ccccc3)CC2)nn(-c2ccc(Cl)cc2Cl)c1-c1ccc(Cl)cc1,Ki,'=',7.5,nM,1
CHEMBL1760662,COc1ccc(C(F)(F)F)cc1Cn1c(C(=O)NCC(C)(C)O)cc2cc(C#N)ccc21,Ki,'=',7.586,nM,1
CHEMBL4639040,C=CCNC(=O)CCCCCCCOc1cc(OC)cc(C(C)(C)CCCCCC)c1,Ki,'=',7.6,nM,1
CHEMBL584261,Cc1c(-c2cn(C(C)C)cn2)nn(-c2ccccc2Cl)c1-c1ccc(Cl)cc1,Ki,'=',7.6,nM,1
CHEMBL2030751,CCCNC(=O)NC1(c2ccccc2)CCN(C(=O)c2nn(-c3ccc(Cl)cc3Cl)c(-c3ccc(Cl)cc3)c2C)CC1,Ki,'=',7.6,nM,1
CHEMBL1081992,CN/C(=N\S(=O)(=O)N1CCC(C(F)(F)F)CC1)C1=NN(c2ccc(Cl)cc2)C(c2ccccc2)C1,Ki,'=',7.6,nM,1
CHEMBL1909844,Cc1c(C(=O)NC2CCCCC2)nn(-c2ccc(Cl)cc2Cl)c1-n1cccc1Cl,Ki,'=',7.7,nM,1
CHEMBL5089095,N/C(=N/C(=N/S(=O)(=O)N1CCCCC1)N1CC(c2ccccc2)C(c2ccc(Cl)cc2)=N1)c1ccc(Cl)cc1,Ki,'=',7.8,nM,1
CHEMBL160963,O=C(NN1CCCCC1)c1cc(-c2ccc(Cl)cc2)n(-c2ccc(Cl)cc2Cl)n1,Ki,'=',7.8,nM,1
CHEMBL583229,Cc1c(-c2cn(C3CC3)cn2)nn(-c2ccccc2Cl)c1-c1ccc(Cl)cc1,Ki,'=',7.9,nM,1
CHEMBL230572,COc1ccc(-c2c(C)c3c(n2-c2ccc(Cl)cc2Cl)CCN(C2CCCCC2)C3=O)cc1,Ki,'=',7.9,nM,1
CHEMBL1828800,CCCCCn1cc(C(=O)c2cccc(-c3ccccc3)c2)c2ccccc21,Ki,'=',7.943,nM,1
CHEMBL4225343,Cc1c(CN2CCN(c3ncnc4c3nc(-c3ccccc3Cl)n4-c3ccc(Cl)cc3)CC2)cnn1C,Ki,'=',8.0,nM,1
CHEMBL4225349,Clc1ccc(-n2c(-c3ccccc3Cl)nc3c(N4CCN(Cc5ccccc5Cl)CC4)ncnc32)cc1,Ki,'=',8.0,nM,1
CHEMBL601936,CC(C)(C)OC(=O)N1CCN(C[C@@H]2CC[C@@H](c3ccc(Cl)cc3Cl)N(c3ccc(Cl)cc3)C2)CC1,Ki,'=',8.0,nM,1
CHEMBL431363,COc1cccc2c(C(=O)NC3C(C)(C)[C@@H]4CC[C@@]3(C)C4)c(C)n(CCN3CCOCC3)c12,Ki,'=',8.0,nM,1
CHEMBL4520766,O=C(NC1CCN(c2ncnc3c2nc(-c2ccccc2Cl)n3-c2ccc(C(F)(F)F)nc2)CC1)c1ccccc1,Ki,'=',8.0,nM,1
CHEMBL1834021,Cc1c(C(=O)NC[C@H]2CC[C@@H](CNS(C)(=O)=O)CC2)nn(-c2ccc(Cl)cc2Cl)c1-c1ccc(Cl)cc1,Ki,'=',8.0,nM,1
CHEMBL4240555,O=C(CC1CCOC1)N1CCN(c2ncnc3c2nc(-c2ccccc2Cl)n3-c2ccc(Cl)cc2)CC1,Ki,'=',8.0,nM,1
CHEMBL2018664,CC(C)(NC(=O)c1cc2c(n(CC3CCCCC3)c1=O)CCCCCC2)C(=O)N1CCC(O)CC1,Ki,'=',8.0,nM,1
CHEMBL4227115,Cc1ccc(CN2CCN(c3ncnc4c3nc(-c3ccccc3Cl)n4-c3ccc(Cl)cc3)CC2)cc1,Ki,'=',8.0,nM,1
CHEMBL1086605,O=C(NC1CCCCC1)N1CCN(C(c2ccccc2)c2ccc(F)cc2Cl)CC1,Ki,'=',8.1,nM,1
CHEMBL4568756,CCOC(=O)c1ccc(CNC(=O)c2nn(-c3ccc(Cl)cc3Cl)c(-c3ccc(Cl)cc3)c2C)cc1,Ki,'=',8.2,nM,1
CHEMBL1801339,Cc1ncsc1C(=O)NC1(C(=O)N[C@H](C)c2ccc(-n3nc(Cl)c4ccccc43)cc2F)CC1,Ki,'=',8.2,nM,1
CHEMBL229584,O=C(NC1CCCCC1)c1cn(-c2ccc(F)cc2)c(-c2ccc(Cl)cc2Cl)n1,Ki,'=',8.2,nM,1
CHEMBL205888,CC1=CC[C@@H]2[C@@H](C1)c1c(O)cc(C3(C#N)CCCCC3)cc1OC2(C)C,Ki,'=',8.26,nM,1
CHEMBL1223588,CCCCCC1=NN(C(=O)N[C@H]2C[C@H]3CC[C@]2(C)C3(C)C)CC1c1ccccc1,Ki,'=',8.3,nM,1
CHEMBL3260744,CCn1nc2c(-c3ccc(Cl)cc3)c(-c3ccncc3C)c(=O)n(Cc3ccc(C(F)(F)F)nc3C)n2c1=O,Ki,'=',8.4,nM,1
CHEMBL1668516,CC1=CC[C@@H]2[C@@H](C1)c1c(OC(=O)CCCN3CCOCC3)cc(C(C)(C)CCCCC#N)cc1OC2(C)C,Ki,'=',8.4,nM,1
CHEMBL391858,CCCCCCC(C)(C)c1cccc(OCC/C=C\C/C=C\CCCC(=O)N[C@H](C)CO)c1,Ki,'=',8.55,nM,1
CHEMBL1909856,Cc1c(C(=O)NC2CCCCC2)nn(-c2ccc(Cl)c(Cl)c2)c1-n1cccc1Cl,Ki,'=',8.6,nM,1
CHEMBL3114178,O=C(NC1CCCCCC1)c1cc(Br)cn(Cc2ccc(F)cc2)c1=O,Ki,'=',8.8,nM,1
CHEMBL3759222,CCCOC(=O)N1CCC(NC(=O)c2nn(-c3ccc(Cl)cc3Cl)c(-c3ccc(Cl)cc3)c2C)CC1,Ki,'=',8.82,nM,1
CHEMBL240314,C[C@H](CO)NC(=O)CCC/C=C\C/C=C\CCOc1cccc(C(C)(C)CCCCBr)c1,Ki,'=',8.87,nM,1
CHEMBL245975,C[C@H](NS(C)(=O)=O)c1ccc(S(=O)(=O)c2ccc(Cl)cc2S(=O)(=O)C2CCCCC2)cc1,Ki,'=',8.9,nM,1
CHEMBL1088506,CSc1c(C(=O)NN2CCCC2)nc(-c2ccc(Cl)cc2Cl)n1-c1ccc(Cl)cc1,Ki,'=',8.9,nM,1
CHEMBL2206860,CCCCCn1c(C)c(C(=O)c2ccc(Cl)c3ccccc23)c2ccccc21,Ki,'=',8.9,nM,1
CHEMBL4447876,CCCCCS(=O)(=O)NC1CCN(c2ncnc3c2nc(-c2ccccc2Cl)n3-c2ccc(Cl)cc2)CC1,Ki,'=',9.0,nM,1
CHEMBL262857,O=S(=O)(c1cc2c(cc1F)OC(c1ccc(F)cc1)(c1ccc(Cl)cc1Cl)O2)N1CCOCC1,Ki,'=',9.0,nM,1
CHEMBL578576,Cc1c(-c2cn(C(C)C)cn2)nn(-c2ccc(Cl)cc2Cl)c1-c1ccc(Cl)cc1,Ki,'=',9.0,nM,1
CHEMBL2387178,CC(C)CCn1c2c(cc(C(=O)NCc3ccccc3)c1=O)CCCCCC2,Ki,'=',9.0,nM,1
CHEMBL1950333,C=CCn1c2c(c3cc(C(=O)N4CCC(C)CC4)ccc31)CN(C1CCCC1)CC2,Ki,'=',9.0,nM,1
CHEMBL577040,Cc1c(-c2ncn(C(C)C)c2C)nn(-c2ccc(Cl)cc2Cl)c1-c1ccc(Cl)cc1,Ki,'=',9.0,nM,1
CHEMBL3260741,Cc1nc(C(F)(F)F)ccc1Cn1c(=O)c(-c2ccncc2)c(-c2ccc(Cl)cc2)c2nn(C)c(=O)n21,Ki,'=',9.0,nM,1
CHEMBL416718,N#Cc1c(C(=O)NN2CC3CCCC3C2)nc(-c2ccc(Cl)cc2Cl)n1-c1ccc(Cl)cc1,Ki,'=',9.0,nM,1
CHEMBL229750,COc1ccc(-n2cc(C(=O)NC3CCCCC3)nc2-c2ccccc2Cl)cc1,Ki,'=',9.0,nM,1
CHEMBL3341900,CC1(C)C(=O)N(c2ccc(F)c(C(F)(F)F)c2)C(=O)C1Cc1ccc(F)cc1NC(=O)Nc1ccc(S(N)(=O)=O)cc1,Ki,'=',9.0,nM,1
CHEMBL4520830,O=S(=O)(CC1CCCCC1)NC1CCN(c2ncnc3c2nc(-c2ccccc2Cl)n3-c2ccc(Cl)cc2)CC1,Ki,'=',9.0,nM,1
CHEMBL4438188,CC1(NS(=O)(=O)NC2CCCCC2)CCN(c2ncnc3c2nc(-c2ccccc2Cl)n3-c2ccc(Cl)cc2)CC1,Ki,'=',9.0,nM,1
CHEMBL1223716,CCCCC1=NN(C(=O)NC(C)(C)c2ccccc2)C(C)(C)C1c1ccccc1,Ki,'=',9.0,nM,1
CHEMBL598125,CC(C)CCNS(=O)(=O)[C@@H]1CC[C@@H](c2ccc(Cl)cc2Cl)N(c2ccc(Cl)cc2)C1,Ki,'=',9.1,nM,1
CHEMBL337536,CC1=CC[C@@H]2[C@@H](C1)c1c(O)cc(C(C)(C)CCCCC(C#N)c3ccccc3)cc1OC2(C)C,Ki,'=',9.2,nM,1
CHEMBL1082018,CN/C(=N\S(=O)(=O)N1CCC(F)(F)CC1)C1=NN(c2ccc(Cl)cc2)[C@@H](c2ccccc2)C1,Ki,'=',9.2,nM,1
CHEMBL1222317,CS(=O)(=O)O.Cc1c(C(=O)c2cccc3ccccc23)c2cccc3c2n1[C@H](CN1CCOCC1)CO3,Ki,'=',9.2,nM,1
CHEMBL3759255,Cc1c(C(=O)NC2CCN(C(=O)C3CCCC3)CC2)nn(-c2ccc(Cl)cc2Cl)c1-c1ccc(Cl)cc1,Ki,'=',9.2,nM,1
CHEMBL482357,CSC(=S)N1CC2(CCCCC2)CO/C1=N\c1ccc(C#N)c2ccccc12,Ki,'=',9.2,nM,1
CHEMBL2030765,CCOC(=O)N1CCC(NC(=O)c2nn(-c3ccc(Cl)cc3Cl)c(-c3ccc(Cl)cc3)c2C)CC1,Ki,'=',9.2,nM,1
CHEMBL1223776,CCCCCN1N=C(C(=O)NC2C3CC4CC(C3)CC2C4)CC1c1ccccc1,Ki,'=',9.2,nM,1
CHEMBL472115,CC1=CC[C@@H]2[C@@H](C1)c1c(O)cc(C(C)(C)c3ccc(C#N)cc3)cc1OC2(C)C,Ki,'=',9.25,nM,1
CHEMBL516406,CSC(=S)N1CC2(CCCCC2)CO/C1=N\c1cccc2ccccc12,Ki,'=',9.3,nM,1
CHEMBL1909846,Cc1c(C(=O)NC2CCCCC2)nn(-c2ccc(Cl)cc2Cl)c1-n1c(Cl)ccc1Cl,Ki,'=',9.4,nM,1
CHEMBL565742,Cc1c(-c2cnc(C(C)C)[nH]2)nn(-c2ccc(Cl)cc2Cl)c1-c1ccc(Cl)cc1,Ki,'=',9.5,nM,1
CHEMBL306529,CCCCCn1c(C)c(C(=O)c2cccc3ccccc23)c2ccccc21,Ki,'=',9.5,nM,1
CHEMBL3759254,Cc1c(C(=O)NC2CCN(S(=O)(=O)CCC(F)(F)F)CC2)nn(-c2ccc(Cl)cc2Cl)c1-c1ccc(Cl)cc1,Ki,'=',9.6,nM,1
CHEMBL570623,CN(C)CCN1CCN(/C(=N\S(=O)(=O)c2ccc(Cl)cc2)N2CC(c3ccccc3)C(c3ccc(Cl)cc3)=N2)CC1,Ki,'=',9.6,nM,1
CHEMBL467896,O=C(NC1CCCCCC1)c1cc2cccnc2n(Cc2ccc(F)cc2)c1=O,Ki,'=',9.6,nM,1
CHEMBL4781965,COc1ccc(-c2cc(C(=O)NC3CCCCCC3)c(=O)n(Cc3ccc(F)cc3)c2C)cc1,Ki,'=',9.8,nM,1
CHEMBL387782,C=Cc1ccc(-c2c(C)c3c(n2-c2ccc(Cl)cc2Cl)CCN(C2CCCCC2)C3=O)cc1,Ki,'=',9.8,nM,1
CHEMBL522395,CCNC1(C(N)=O)CCN(c2cnc(-c3ccc(Cl)cc3)c(-c3ccncc3)n2)CC1,Ki,'=',9.81,nM,1
CHEMBL4519883,CCCCCn1cc(C(=O)c2cccc3ccccc23)c2cc(F)ccc21,Ki,'=',9.85,nM,1
CHEMBL4553438,O=S(=O)(NC1CCN(c2ncnc3c2nc(-c2ccccc2Cl)n3-c2ccc(C(F)(F)F)nc2)CC1)c1ccc(F)c(F)c1,Ki,'=',10.0,nM,1
CHEMBL5085413,CCN(CC)S(=O)(=O)/N=C(/N=C(\N)C(C)(C)C)N1CC(c2ccccc2)C(c2ccc(Cl)cc2)=N1,Ki,'=',10.0,nM,1
CHEMBL561068,O=C(N1CCCCC1)N1CC(OC(c2ccc(Cl)cc2)c2cccnc2Cl)C1,Ki,'<',10.0,nM,1
CHEMBL230466,Cc1ccc(-c2c(C)c3c(n2-c2ccc(Cl)cc2Cl)CCN(C2CCCCC2)C3=O)cc1,Ki,'=',10.0,nM,1
CHEMBL1801084,COc1cc(C(=O)NC2(C(=O)N[C@H](C)c3ccc(-n4nc(C)c5c4CCCC5)cc3F)CC2)on1,Ki,'=',10.0,nM,1
CHEMBL1088220,O=C(NN1CCCCC1)c1nc(-c2ccc(Cl)cc2Cl)n(-c2ccc(Cl)cc2)c1I,Ki,'=',10.0,nM,1
CHEMBL3260734,COc1nn2c(=O)n(Cc3ccc(C(F)(F)F)nc3)nc2c(-c2ccncc2)c1-c1ccc(Cl)cc1,Ki,'=',10.0,nM,1
CHEMBL396984,CCCCc1c(C(=O)N[C@H]2CCCC[C@@H]2O)nc(-c2ccccc2Cl)n1-c1ccc(Cl)cc1,Ki,'=',10.0,nM,1
CHEMBL397855,C[C@H](NS(=O)(=O)C(F)(F)F)c1ccc(S(=O)(=O)c2ccc(N)cc2S(=O)(=O)c2ccccc2F)cc1,Ki,'=',10.0,nM,1
CHEMBL1923763,CCCCCCC(C)(C)c1cc(O)cc(OCCCCCCCCCCC(=O)OC(CO)CO)c1,Ki,'=',10.0,nM,1
CHEMBL2163935,CCCC1COc2cccc3c(=O)c(C(=O)NC4CCCCC4)cn1c23,Ki,'=',10.2,nM,1
CHEMBL515022,N#Cc1c(C(=O)NN2CCCCC2)nn(-c2ccc(Cl)cc2Cl)c1-c1ccc(OCF)cc1,Ki,'=',10.3,nM,1
CHEMBL5084642,N/C(=N\C(=N\S(=O)(=O)N1CCCC1)N1CC(c2ccccc2)C(c2ccc(Cl)cc2)=N1)c1ccc(F)cc1,Ki,'=',10.5,nM,1
CHEMBL3109775,Cc1cc(COc2ncc(C(=O)N[C@@H]3CCCC[C@H]3O)cc2-c2ccc(Cl)cc2)on1,Ki,'=',10.6,nM,1
CHEMBL5086960,CCN(CC)S(=O)(=O)/N=C(/N=C(\N)c1ccc(Cl)cc1)N1CC(c2ccccc2)C(c2ccc(Cl)cc2)=N1,Ki,'=',10.8,nM,1
CHEMBL252536,CCCC(C)(C)c1cc(O)c2c(c1)OC(C)(C)[C@@H]1CC=C(C)C[C@@H]21,Ki,'=',10.9,nM,1
CHEMBL475904,CCCCC/C=C\C/C=C\C/C=C\C/C=C\CCCC(=O)N[C@@H]1C[C@H]1O,Ki,'=',11.0,nM,1
CHEMBL4554135,CC(=O)OCCC#Cc1ccc(-c2c(C)c(C(=O)NN3CCCCC3)nn2-c2ccc(Cl)cc2Cl)cc1,Ki,'=',11.0,nM,1
CHEMBL3943613,NC1(c2ccccc2)CCC(c2ncnc3c2nc(-c2ccccc2Cl)n3-c2ccc(Cl)cc2)CC1,Ki,'=',11.0,nM,1
CHEMBL514215,COc1ccc(-c2c(C#N)c(C(=O)NN3CCCCC3)nn2-c2ccc(Cl)cc2Cl)cc1,Ki,'=',11.0,nM,1
CHEMBL2152811,CCCn1cc(C(=O)N[C@@H]2C(C)(C)C3CC[C@]2(C)C3)c(=O)c2ccc(Sc3ccccc3)cc21,Ki,'=',11.0,nM,1
CHEMBL4238299,CCOCC(=O)N1CCN(c2ncnc3c2nc(-c2ccccc2Cl)n3-c2ccc(Cl)cc2)CC1,Ki,'=',11.0,nM,1
CHEMBL1834019,Cc1c(C(=O)NCC2CCC(CNS(C)(=O)=O)CC2)nn(-c2ccc(Cl)cc2Cl)c1-c1ccc(Cl)cc1,Ki,'=',11.0,nM,1
CHEMBL3809355,CCCCCCC(C)(C)c1cc(O)c(C2CCCCC2)c(O)c1,Ki,'=',11.0,nM,1
CHEMBL15966,O=C(NN1CC2CCCC2C1)c1nc(-c2ccc(Cl)cc2Cl)n(-c2ccc(Cl)cc2)c1Br,Ki,'=',11.0,nM,1
CHEMBL1801355,C[C@@H](NC(=O)C1(NC(=O)C(F)(F)F)CC1)c1ccc(-n2nc(Cl)c3ccccc32)cc1F,Ki,'=',11.0,nM,1
CHEMBL519863,COC(C)(C)CN1CCc2c(nn(-c3ccccc3Cl)c2-c2ccc(Cl)cc2)C1=O,Ki,'=',11.0,nM,1
CHEMBL15848,CCCCC/C=C\C/C=C\C/C=C\C/C=C\CCCC(=O)NCCO,Ki,'=',11.0,nM,1
CHEMBL471296,CC1=CC[C@@H]2[C@@H](C1)c1c(O)cc(C(C)(C)c3cc(C)cc(C)c3)cc1OC2(C)C,Ki,'=',11.0,nM,1
CHEMBL1801163,COc1cc(C(=O)NC2(C(=O)N[C@H](C)c3ccc(-n4ncc5ccccc54)cc3F)CC2)on1,Ki,'=',11.0,nM,1
CHEMBL260625,O=C(c1cc2c(cc1F)OC(c1ccccc1)(c1ccccc1)O2)N1CCCCC1,Ki,'=',11.0,nM,1
CHEMBL2016599,CC(C)(NC(=O)c1cc2c(n(CC3CCCCC3)c1=O)CCCCCC2)C(=O)NCC(N)=O,Ki,'=',11.0,nM,1
CHEMBL2180217,NC1(c2ccccc2)CCN(c2ncnc3c2nc(-c2ccccc2Cl)n3-c2ccc(Cl)cc2)CC1,Ki,'=',11.0,nM,1
CHEMBL4648254,CCCCCc1cc(OCCCC)cc(OCCCCCCCCCCC(=O)NC2CC2)c1,Ki,'=',11.3,nM,1
CHEMBL1081306,CN/C(=N\S(=O)(=O)c1ccc(C(F)(F)F)cc1)C1=NN(c2ccc(Cl)cc2Cl)C(c2ccccc2)C1,Ki,'=',11.3,nM,1
CHEMBL3109771,O=C(N[C@@H]1CCCC[C@H]1O)c1cnc(OCC2CC2)c(-c2ccc(Cl)cc2)c1,Ki,'=',11.4,nM,1
CHEMBL2022363,O=C(NC1CCCCCC1)c1cc2ccccc2n(Cc2ccc(F)cc2)c1=O,Ki,'=',11.6,nM,1
CHEMBL2296784,Cc1c(C(=O)NN2CCOCC2)nn(-c2ccc(Cl)cc2Cl)c1-c1ccccc1Br,Ki,'=',11.67,nM,1
CHEMBL4550236,CCS(=O)(=O)Nc1ccc2c(c1)nc(C(C)(C)C)n2CC1CCC(F)(F)CC1,Ki,'=',11.7,nM,1
CHEMBL4175577,Cc1ccn(Cc2ccc(F)cc2)c(=O)c1C(=O)NC1CCCCCC1,Ki,'=',11.7,nM,1
CHEMBL604746,CCCCCCC(C)(C)c1cc(N)c2c(c1)OC(C)(C)[C@@H]1CCC(C)=C[C@@H]21,Ki,'=',11.7,nM,1
CHEMBL381492,CC1=CC[C@@H]2[C@@H](C1)c1c(O)cc(-c3cccc4ccccc34)cc1OC2(C)C,Ki,'=',11.7,nM,1
CHEMBL4640400,CCCCCc1cc(OCC)cc(OCCCCCCCCCCC(=O)NC2CC2)c1,Ki,'=',11.7,nM,1
CHEMBL4454159,CC(C)(C)c1nc2cc(NS(C)(=O)=O)ccc2n1CC1CCC(F)(F)CC1,Ki,'=',11.75,nM,1
CHEMBL2030933,Cc1c(C(=O)N[C@@H]2CCCN(S(C)(=O)=O)C2)nn(-c2ccc(Cl)cc2Cl)c1-c1ccc(Cl)cc1,Ki,'=',11.84,nM,1
CHEMBL1088222,CS(=O)(=O)c1c(C(=O)NN2CCCCC2)nc(-c2ccc(Cl)cc2Cl)n1-c1ccc(Cl)cc1,Ki,'=',11.9,nM,1
CHEMBL1223648,CCCCCC1=NN(C(=O)NC2CCCCCCC2)CC1c1ccccc1,Ki,'=',11.9,nM,1
CHEMBL4229155,CC(c1ccncc1)N1CCN(c2ncnc3c2nc(-c2ccccc2Cl)n3-c2ccc(Cl)cc2)CC1,Ki,'=',12.0,nM,1
CHEMBL3260749,CCn1nc2c(-c3ccc(Cl)cc3)c(-c3ccc(C#N)cc3)c(=O)n(Cc3ccc(C)cc3)n2c1=O,Ki,'=',12.0,nM,1
CHEMBL201923,O=c1c2nn(-c3ccccc3Cl)c(-c3ccc(Cl)cc3)c2ncn1N1CCCCC1,Ki,'=',12.0,nM,1
CHEMBL1088507,CSc1c(C(=O)NN2CCCCCC2)nc(-c2ccc(Cl)cc2Cl)n1-c1ccc(Cl)cc1,Ki,'=',12.0,nM,1
CHEMBL579249,Cc1c(C(=O)NC2CCCCCC2)nn(-c2ccc(Cl)c(Cl)c2)c1-n1c(C)ccc1C,Ki,'=',12.0,nM,1
CHEMBL4225671,COc1ccc(CN2CCN(c3ncnc4c3nc(-c3ccccc3Cl)n4-c3ccc(Cl)cc3)CC2)cc1,Ki,'=',12.0,nM,1
CHEMBL1911374,O=c1n(Cc2ccc(C(F)(F)F)nc2)nc2c(-c3ccncc3)c(-c3ccc(Cl)cc3)cnn12,Ki,'=',12.0,nM,1
CHEMBL4229050,Clc1ccc(-n2c(-c3ccccc3Cl)nc3c(N4CCN(CCc5ccncc5)CC4)ncnc32)cc1,Ki,'=',12.0,nM,1
CHEMBL271158,CC1(C)C(C(=O)c2cn(CC3CCOCC3)c3ccccc23)C1(C)C,Ki,'=',12.0,nM,1
CHEMBL1088221,CSc1c(C(=O)NN2CCCCC2)nc(-c2ccc(Cl)cc2Cl)n1-c1ccc(Cl)cc1,Ki,'=',12.2,nM,1
CHEMBL2381801,CS(=O)(=O)O.Cc1c(C(=O)c2ccc3ccccc3c2)c2cccc3c2n1[C@H](CN1CCOCC1)CO3,Ki,'=',12.2,nM,1
CHEMBL578421,CN/C(=N\S(=O)(=O)N1CCC(F)(F)CC1)N1CC(c2ccccc2)C(c2ccc(Cl)cc2)=N1,Ki,'=',12.2,nM,1
CHEMBL119592,CC1=CC[C@@H]2[C@@H](C1)c1c(O)cc(C(C)(C)c3ccccc3)cc1OC2(C)C,Ki,'=',12.3,nM,1
CHEMBL3109773,O=C(N[C@@H]1CCCC[C@H]1O)c1cnc(OCC(F)(F)F)c(-c2ccc(Cl)cc2)c1,Ki,'=',12.4,nM,1
CHEMBL1209573,CCN1CCN(C(=O)c2cn3c4c(cccc24)OC[C@H]3C2CCCCC2)CC1,Ki,'=',12.59,nM,1
CHEMBL1828809,CCCCCn1cc(C(=O)c2cccc3ccccc23)c2cccnc21,Ki,'=',12.59,nM,1
CHEMBL3323672,CCCCCc1cc(O)cc(OCCCCCCCC(=O)N[C@H](C)CO)c1,Ki,'=',12.8,nM,1
CHEMBL1088223,C[S+]([O-])c1c(C(=O)NN2CCCCC2)nc(-c2ccc(Cl)cc2Cl)n1-c1ccc(Cl)cc1,Ki,'=',12.9,nM,1
CHEMBL2152827,CCCCCn1cc(C(=O)NOCc2ccccc2)c(=O)c2ccc(Sc3ccccc3)cc21,Ki,'=',12.9,nM,1
CHEMBL4471116,COC(=O)CCCCCNC(=O)c1nn(-c2ccc(Cl)cc2Cl)c(-c2ccc(Cl)cc2)c1C,Ki,'=',13.0,nM,1
CHEMBL590795,CC(C)(C)CC(=O)N1CCN(C[C@@H]2CC[C@@H](c3ccc(Cl)cc3Cl)N(c3ccc(Cl)cc3)C2)CC1,Ki,'=',13.0,nM,1
CHEMBL428693,Cc1c(C(=O)Nc2ccncc2)nn(-c2ccc(Cl)cc2Cl)c1-c1ccc(Cl)cc1,Ki,'=',13.0,nM,1
CHEMBL5081180,CCN(CC)S(=O)(=O)/N=C(/N=C(\N)SC)N1CC(c2ccccc2)C(c2ccc(Cl)cc2)=N1,Ki,'=',13.0,nM,1
CHEMBL4245144,O=C(N1CCCC1)N1CCN(c2ncnc3c2nc(-c2ccccc2Cl)n3-c2ccc(Cl)cc2)CC1,Ki,'=',13.0,nM,1
CHEMBL4439452,CC1=C(C(=O)c2cccc3ccccc23)C2C=CC=C3OC[C@@H](CN4CCOCC4)N1C32,Ki,'=',13.0,nM,1
CHEMBL74415,CCCCCc1cc(O)c2c(c1)OC(C)(C)c1ccc(C)cc1-2,Ki,'=',13.0,nM,1
CHEMBL1088245,CSc1c(C(=O)NN2CCCCC2)nn(-c2ccc(Cl)cc2Cl)c1-c1ccc(Cl)cc1,Ki,'=',13.0,nM,1
CHEMBL262858,O=C(c1cc2c(cn1)OC(c1ccccc1)(c1ccccc1)O2)N1CCCCC1,Ki,'=',13.0,nM,1
CHEMBL259339,O=S(=O)(c1ccc2c(c1)OC(c1ccccc1)(c1ccccc1)O2)N1CC=C(c2ccc(F)cc2)CC1,Ki,'=',13.0,nM,1
CHEMBL374369,CCCCCCc1c(O)cccc1OCCCCCCCCCCCC(=O)NC1CC1,Ki,'=',13.0,nM,1
CHEMBL337094,CC1=CC[C@@H]2[C@@H](C1)c1c(O)cc(C(C)(C)CCCC(O)C#N)cc1OC2(C)C,Ki,'=',13.0,nM,1
CHEMBL231721,COc1ccccc1/N=C1\SCC2(CCCCC2)CN1C(=S)SC,Ki,'=',13.0,nM,1
CHEMBL344623,CCN(CC)C(=O)CCCCC(C)(C)c1cc(O)c2c(c1)OC(C)(C)[C@@H]1CC=C(C)C[C@@H]21,Ki,'=',13.0,nM,1
CHEMBL277297,CCCCC/C=C\C/C=C\C/C=C\C/C=C\CCCC(=O)NCCCO,Ki,'=',13.0,nM,1
CHEMBL476232,COc1ccc(-c2c(C#N)c(C(=O)NN3CCCCC3)nn2-c2ccc(F)cc2Cl)cc1,Ki,'=',13.0,nM,1
CHEMBL271838,CC1(C)C(C(=O)c2cn(CC3CCOCC3)c3cc(Br)ccc23)C1(C)C,Ki,'=',13.0,nM,1
CHEMBL4532150,CC1(NC(=O)NC2CCCCC2)CCN(c2ncnc3c2nc(-c2ccccc2Cl)n3-c2ccc(Cl)cc2)CC1,Ki,'=',13.0,nM,1
CHEMBL233633,CCCCCCC1(c2ccc(-c3cc(C)cc(C)c3)c(O)c2)CC1,Ki,'=',13.0,nM,1
CHEMBL476833,Cc1c(C(=O)NN2CCOCC2)nn(-c2ccc(Cl)cc2Cl)c1-c1ccc(I)cc1,Ki,'=',13.2,nM,1
CHEMBL2030749,Cc1c(C(=O)N2CCC(NC(=O)NC(C)C)(c3ccccc3)CC2)nn(-c2ccc(Cl)cc2Cl)c1-c1ccc(Cl)cc1,Ki,'=',13.5,nM,1
CHEMBL4638147,C=CCOc1cc(CCCCC)cc(OCCCCCCCCCCC(=O)NC2CC2)c1,Ki,'=',13.6,nM,1
CHEMBL513417,CC(=O)Nc1cccc(C(C)(C)c2cc(O)c3c(c2)OC(C)(C)[C@@H]2CC=C(C)C[C@@H]32)c1,Ki,'=',13.7,nM,1
CHEMBL471367,CC1=CC[C@@H]2[C@@H](C1)c1c(O)cc(C(C)(C)c3ccc(C(N)=O)cc3)cc1OC2(C)C,Ki,'=',13.7,nM,1
CHEMBL2316284,CCCCCn1cc(C(=O)NC23CC4CC(CC(C4)C2)C3)c(=O)c2c(C)csc21,Ki,'=',13.7,nM,1
CHEMBL411674,CC1(C)C(C(=O)c2cn(CC3CCOCC3)c3cc(Cl)ccc23)C1(C)C,Ki,'=',13.8,nM,1
CHEMBL158537,C/N=C(\NS(=O)(=O)c1cccc(Cl)c1)N1CC(c2ccccc2)C(c2ccc(Cl)cc2)=N1,Ki,'=',13.9,nM,1
CHEMBL519635,CSC(=S)N1CC2(CCCCC2)CO/C1=N\c1ccc([N+](=O)[O-])c2ccccc12,Ki,'=',14.0,nM,1
CHEMBL426585,CCc1c(C(=O)NN2CCCCC2)nc(-c2ccc(Cl)cc2Cl)n1-c1ccc(Cl)cc1,Ki,'=',14.0,nM,1
CHEMBL418721,Cc1c(C(=O)NN2CC3CCCC3C2)nc(-c2ccc(Cl)cc2Cl)n1-c1ccc(Cl)cc1,Ki,'=',14.0,nM,1
CHEMBL4473591,O=C(Nc1ccc(F)cc1F)NC1CCN(c2ncnc3c2nc(-c2ccccc2Cl)n3-c2ccc(Cl)cc2)CC1,Ki,'=',14.0,nM,1
CHEMBL5076422,CS/C(N)=N\C(=N\S(=O)(=O)N1CCC(F)(F)CC1)N1CC(c2ccccc2)C(c2ccc(Cl)cc2)=N1,Ki,'=',14.0,nM,1
CHEMBL2180207,CC(C)NC(=O)NC1CCN(c2ncnc3c2nc(-c2ccccc2Cl)n3-c2ccc(Cl)cc2)CC1,Ki,'=',14.0,nM,1
CHEMBL2206856,CCCCCn1c(C)c(C(=O)c2ccc(F)c3ccccc23)c2ccccc21,Ki,'=',14.0,nM,1
CHEMBL420173,CCCCCCC(C)(C)c1cc(O)c2c(c1)OC(C)(C)c1ccc(C(=O)OC)cc1-2,Ki,'=',14.0,nM,1
CHEMBL276083,CC1=CC[C@@H]2[C@@H](C1)c1c(O)cc(C(C)(C)C)cc1OC2(C)C,Ki,'=',14.0,nM,1
CHEMBL393837,CC(C)C[C@@H](CO)NC(=O)c1cnc(-c2ccc(Cl)cc2)c(-c2ccc(Cl)cc2)n1,Ki,'=',14.0,nM,1
CHEMBL475977,N#Cc1c(C(=O)NN2CCCCC2)nn(-c2ccc(Cl)cc2Cl)c1-c1ccc(Br)cc1,Ki,'=',14.0,nM,1
CHEMBL474488,CCCCC/C=C\C/C=C\C/C=C\C/C=C\CCCC(=O)N[C@@H]1C[C@@H]1O,Ki,'=',14.0,nM,1
CHEMBL271824,Cc1c(C(=O)NC2CCCCC2)nn(-c2ccc(Cl)c(Cl)c2)c1-n1c(C)ccc1C,Ki,'=',14.0,nM,1
CHEMBL574480,Cc1c(C(=O)N[C@H](C)C2CCCCC2)nn(-c2ccc(Cl)c(Cl)c2)c1-n1cccc1,Ki,'=',14.0,nM,1
CHEMBL2206839,CCCCCn1c(C)c(C(=O)c2ccc(I)c3ccccc23)c2ccccc21,Ki,'=',14.0,nM,1
CHEMBL15138,Cc1c(C(=O)NN2CCCCCC2)nn(-c2ccc(Cl)cc2Cl)c1-c1ccc(Cl)cc1,Ki,'=',14.0,nM,1
CHEMBL1651534,O=C(Nc1cccnn1)N1CCC(=Cc2cccc(Oc3ccc(C(F)(F)F)cn3)c2)CC1,Ki,,14.0,µM,1
CHEMBL583855,CCc1c(C(=O)NN2CCCCC2)nc(-c2ccccc2Cl)n1-c1ccc(Cl)cc1,Ki,'=',14.0,nM,1
CHEMBL480578,CSC(=S)N1CC2(CCCCC2)CO/C1=N\c1cccc2c1CCCC2,Ki,'=',14.0,nM,1
CHEMBL2206835,CCCCCn1c(C)c(C(=O)c2ccc(Br)c3ccccc23)c2ccccc21,Ki,'=',14.0,nM,1
CHEMBL4467761,CCCCCCC(C)(C)c1cc(O)c2c(c1)OC(C)(C)c1cn(C)nc1-2,Ki,'=',14.2,nM,1
CHEMBL1223589,CCCCC1=NN(C(=O)NC(C)(C)c2ccccc2)CC1c1ccccc1,Ki,'=',14.2,nM,1
CHEMBL497325,CCCCCn1cc(C(=O)N[C@H](C)c2ccccc2)c(=O)c2ccc(F)cc21,Ki,'=',14.3,nM,1
CHEMBL2152802,CCCCn1cc(C(=O)N[C@@H]2C(C)(C)C3CC[C@]2(C)C3)c(=O)c2ccc(F)cc21,Ki,'=',14.4,nM,1
CHEMBL246570,C[C@H](NS(=O)(=O)C(F)(F)F)c1ccc(S(=O)(=O)c2ccc(Cl)cc2S(=O)(=O)c2c(F)cccc2NC2CC2)cc1,Ki,'=',14.4,nM,1
CHEMBL3759440,CCCCC(=O)N1CCC(NC(=O)c2nn(-c3ccc(Cl)cc3Cl)c(-c3ccc(Cl)cc3)c2C)CC1,Ki,'=',14.5,nM,1
CHEMBL1081213,CN/C(=N\S(=O)(=O)N1CCC(C(F)(F)F)CC1)N1CC(c2ccccc2)C(c2ccc(Cl)cc2)=N1,Ki,'=',14.5,nM,1
CHEMBL518598,O=C(NN1CCCCC1)c1nn(-c2ccc(Cl)cc2Cl)c2c1CCCCc1cc(Cl)ccc1-2,Ki,'=',14.7,nM,1
CHEMBL2030759,Cc1c(C(=O)NC2CCN(C(=O)NC(C)(C)C)CC2)nn(-c2ccc(Cl)cc2Cl)c1-c1ccc(Cl)cc1,Ki,'=',14.7,nM,1
CHEMBL569082,CC1(C)C(C(=O)c2cn(CCCC(F)(F)F)c3ccccc23)C1(C)C,Ki,'=',14.79,nM,1
CHEMBL495891,CCNC1(C(N)=O)CCN(c2cnc(-c3ccc(OCC)cc3)c(-c3ccccc3Cl)n2)CC1,Ki,'=',14.96,nM,1
CHEMBL5087924,CS/C(N)=N\C(=N\S(=O)(=O)N1CCCCC1)N1CC(c2ccccc2)C(c2ccc(Cl)cc2)=N1,Ki,'=',15.0,nM,1
CHEMBL1834277,Cc1c(C(=O)NC[C@H]2CC[C@@H](CNS(N)(=O)=O)CC2)nn(-c2ccc(Cl)cc2Cl)c1-c1ccc(Cl)cc1,Ki,'=',15.0,nM,1
CHEMBL592628,Fc1ccc(C[C@H]2CC[C@H](c3ccc(Cl)cc3Cl)N(c3ccc(Cl)cc3)C2)cc1F,Ki,'=',15.0,nM,1
CHEMBL1950340,CCCn1c2c(c3cc(C(=O)N4CCC(C)CC4)ccc31)CN(C1CCCC1)CC2,Ki,'=',15.0,nM,1
CHEMBL3260742,CCn1nc2c(-c3ccc(Cl)cc3)c(-c3ccncc3)c(=O)n(Cc3ccc(C(F)(F)F)nc3)n2c1=O,Ki,'=',15.0,nM,1
CHEMBL497304,Cc1ccc2c(=O)c(C(=O)NC3CCCCC3)cn(Cc3ccc(F)cc3)c2n1,Ki,'=',15.0,nM,1
CHEMBL237897,CCCCCCC(C)(C)c1ccc(-c2cccc(N)c2)c(O)c1,Ki,'=',15.0,nM,1
CHEMBL4443398,CC1(NC(=O)NCc2ccccc2F)CCN(c2ncnc3c2nc(-c2ccccc2Cl)n3-c2ccc(Cl)cc2)CC1,Ki,'=',15.0,nM,1
CHEMBL232116,CSC(=S)N1CC2(CCCCC2)CS/C1=N\c1cccc2c1CCCC2,Ki,'=',15.0,nM,1
CHEMBL2030750,CCNC(=O)NC1(c2ccccc2)CCN(C(=O)c2nn(-c3ccc(Cl)cc3Cl)c(-c3ccc(Cl)cc3)c2C)CC1,Ki,'=',15.0,nM,1
CHEMBL4437290,CCCCc1cc(O)c2c(c1)OC(C)(C)[C@@H]1CCC(C)=C[C@@H]21,Ki,'=',15.0,nM,1
CHEMBL389203,O=C(NN1CCCCC1)c1nn(-c2ccc(Cl)cc2Cl)c2c1CCc1cc(Cl)ccc1-2,Ki,'=',15.0,nM,1
CHEMBL410248,O=C(c1cc2c(cc1F)OC(c1ccccc1)(c1ccccc1)O2)N1CCOCC1,Ki,'=',15.0,nM,1
CHEMBL1223647,CCCCCC1=NN(C(=O)NC2CCCCCC2)CC1c1ccccc1,Ki,'=',15.3,nM,1
CHEMBL1224688,CCCCCC1=NN(C(=O)NCC2CCCCC2)CC1c1ccccc1,Ki,'=',15.3,nM,1
CHEMBL1909860,CCc1c(C(=O)NC2CCCCC2)nn(-c2ccc(Cl)c(Cl)c2)c1-n1cccc1,Ki,'=',15.3,nM,1
CHEMBL4585657,CCCCCCC(C)(C)c1cc(O)c2c(c1)OC(C)(C)c1cnoc1-2,Ki,'=',15.4,nM,1
CHEMBL2030753,CCCCNC(=O)NC1(c2ccccc2)CCN(C(=O)c2nn(-c3ccc(Cl)cc3Cl)c(-c3ccc(Cl)cc3)c2C)CC1,Ki,'=',15.5,nM,1
CHEMBL1270662,Cc1c(C(=O)NCCCCCCCN(C)CCCCCCCN)nn(-c2ccc(Cl)cc2Cl)c1-c1ccc(Cl)cc1,Ki,'=',15.5,nM,1
CHEMBL1224631,CCCCCC1=NN(C(=O)NC[C@@H]2CC[C@H]3C[C@@H]2C3(C)C)CC1c1ccccc1,Ki,'=',15.6,nM,1
CHEMBL1765684,COc1ccc(-c2c(C)c(C(=O)NC3(C#N)CCCCC3)nn2-c2ccccc2Br)cc1,Ki,'=',15.7,nM,1
CHEMBL4550629,C1=C(CCN2CCOCC2)c2ccccc2/C1=C/c1ccc2c3c(cccc13)CC2,Ki,'=',15.9,nM,1
CHEMBL527031,COc1cccc2c3c(=O)n([C@@H]4C(C)(C)[C@@H]5CC[C@@]4(C)C5)ccc3n(CCN3CCOCC3)c12,Ki,'=',16.0,nM,1
CHEMBL589093,O=S(=O)([C@@H]1CC[C@@H](c2ccc(Cl)cc2Cl)N(c2ccc(Cl)cc2)C1)N1CCCCC1,Ki,'=',16.0,nM,1
CHEMBL228347,CCCCCc1cc(O)cc(OCCCCCCCC(=O)NC2CC2)c1,Ki,'=',16.0,nM,1
CHEMBL1223775,CCCCC1=NN(C(=O)N[C@H]2C[C@H]3CC[C@]2(C)C3(C)C)C(C)(C)C1c1ccccc1,Ki,'=',16.1,nM,1
CHEMBL1224687,CCCCCC1=NN(C(=O)NCC23CC4CC(CC(C4)C2)C3)CC1c1ccccc1,Ki,'=',16.1,nM,1
CHEMBL160767,N=C(NS(=O)(=O)c1ccc(Cl)cc1)N1CC(c2ccccc2)C(c2ccc(Cl)cc2)=N1,Ki,'=',16.1,nM,1
CHEMBL2022361,O=C(NC1CCCCC1)c1cc2ccccc2n(Cc2ccc(F)cc2)c1=O,Ki,'=',16.5,nM,1
CHEMBL1801353,C[C@@H](NC(=O)C1(NC(=O)c2cnccn2)CC1)c1ccc(-n2nc(Cl)c3ccccc32)cc1F,Ki,'=',16.5,nM,1
CHEMBL350924,CS/C(=N\S(=O)(=O)c1ccc(C(F)(F)F)cc1)N1CC(c2ccccc2)C(c2ccc(Cl)cc2)=N1,Ki,'=',16.6,nM,1
CHEMBL4756103,Cc1ccc(C(=O)NC2CCCCCC2)c(OCc2ccc(F)cc2)n1,Ki,'=',16.6,nM,1
CHEMBL3109781,O=C(N[C@@H]1CCCC[C@H]1O)c1cnc(CCC2CC2)c(-c2ccc(Cl)cc2)c1,Ki,'=',16.7,nM,1
CHEMBL3915650,O=S1(=O)CCN(c2ncnc3c2nc(-c2ccccc2Cl)n3-c2ccc(Cl)cc2)CC1,Ki,'=',16.8,nM,1
CHEMBL461855,N#Cc1ccc(S(=O)(=O)/N=C(\N)N2C[C@@H](c3ccccc3)C(c3ccc(Cl)cc3)=N2)cc1,Ki,'=',16.9,nM,1
CHEMBL4575677,COCCOC(=O)NC1CCN(c2ncnc3c2nc(-c2ccccc2Cl)n3-c2ccc(Cl)cc2)CC1,Ki,'=',17.0,nM,1
CHEMBL449624,CSC(=S)N1CC2(CCCCC2)CO/C1=N\c1cc(C(C)(C)C)on1,Ki,'=',17.0,nM,1
CHEMBL250768,O=C(NC1CCCCCC1)c1cn(Cc2ccccc2)c2ccccc2c1=O,Ki,'=',17.0,nM,1
CHEMBL395322,O=C(N[C@H]1Cc2ccccc2[C@H]1O)c1cn(-c2ccc(Cl)cc2)c(-c2ccccc2Cl)n1,Ki,'=',17.0,nM,1
CHEMBL245760,C[C@H](NCCC(F)(F)F)c1ccc(S(=O)(=O)c2ccc(Cl)cc2S(=O)(=O)c2ccccc2F)cc1,Ki,'=',17.0,nM,1
CHEMBL229802,CC1CCC(n2cc(C(=O)NC3CCCCC3)nc2-c2ccccc2Cl)CC1,Ki,'=',17.0,nM,1
CHEMBL385768,Cc1c(/C=N/N2CCCCC2)nn(-c2ccc(Cl)cc2Cl)c1-c1ccc(Cl)cc1,Ki,'=',17.0,nM,1
CHEMBL4452900,CC1(NC(=O)NC2CCC(F)(F)CC2)CCN(c2ncnc3c2nc(-c2ccccc2Cl)n3-c2ccc(Cl)cc2)CC1,Ki,'=',17.0,nM,1
CHEMBL1950350,CCS(=O)(=O)n1c2c(c3cc(C(=O)N4CCC(C)CC4)ccc31)CN(C1CCCC1)CC2,Ki,'=',17.0,nM,1
CHEMBL3928596,CC(C)(c1ccc(-c2cc(Cl)cc(Cl)c2)c(O)c1)c1cccs1,Ki,'=',17.18,nM,1
CHEMBL4452573,CCCCCC1=C/C(=C\c2cccc3ccccc23)c2ccccc21,Ki,'=',17.2,nM,1
CHEMBL3323674,CCCCCCC(C)(C)c1cc(O)cc(OCCCCCCCC(=O)N[C@H](C)CO)c1,Ki,'=',17.2,nM,1
CHEMBL118028,CC1=CC[C@@H]2[C@@H](C1)c1c(O)cc(C3(c4ccccc4)SCCS3)cc1OC2(C)C,Ki,'=',17.3,nM,1
CHEMBL2029728,CCN(CC(=O)NC1CC1)C(=O)c1ccc2c(c1)c1c(n2C)CC[C@H](C2CCOCC2)C1,Ki,'=',17.3,nM,1
CHEMBL1269770,Cc1c(C(=O)NCCCCCCCN(C)CCCCCCCNC(=O)c2nn(-c3ccc(Cl)cc3Cl)c(-c3ccc(Cl)cc3)c2C)nn(-c2ccc(Cl)cc2Cl)c1-c1ccc(Cl)cc1,Ki,'=',17.3,nM,1
CHEMBL460797,N/C(=N\S(=O)(=O)c1ccc(I)cc1)N1C[C@@H](c2ccccc2)C(c2ccc(Cl)cc2)=N1,Ki,'=',17.4,nM,1
CHEMBL2030939,CCOC(=O)N1CCC[C@@H](NC(=O)c2nn(-c3ccc(Cl)cc3Cl)c(-c3ccc(Cl)cc3)c2C)C1,Ki,'=',17.5,nM,1
CHEMBL484504,Cc1c(C(=O)NN2CCCCC2)nn(-c2ccc(Cl)cc2Cl)c1-c1ccc(Cl)cc1Cl,Ki,'=',17.9,nM,1
CHEMBL592703,O=C(NC1CCCCC1)[C@@H]1CC[C@@H](c2ccc(Cl)cc2Cl)N(c2ccc(Cl)cc2)C1,Ki,'=',18.0,nM,1
CHEMBL246063,Cc1ccc(-c2ncc(C(=O)NCCCc3ccccc3)nc2-c2ccc(C)cc2)cc1,Ki,'=',18.0,nM,1
CHEMBL467475,O=C(NC1CCCCCC1)c1cc2cccnc2n(CCN2CCOCC2)c1=O,Ki,'=',18.0,nM,1
CHEMBL259699,O=C(c1cc2c(cc1F)OC(c1ccc(F)cc1)(c1ccc(F)cc1)O2)N1CCOCC1,Ki,'=',18.0,nM,1
CHEMBL395321,O=C(N[C@@H]1c2ccccc2C[C@@H]1O)c1cn(-c2ccc(Cl)cc2)c(-c2ccccc2Cl)n1,Ki,'=',18.0,nM,1
CHEMBL140353,CC1=CC[C@@H]2[C@@H](C1)c1c(O)cc(C(C)(C)CCCCC(=O)Nc3ccc(Cl)cc3Cl)cc1OC2(C)C,Ki,'=',18.0,nM,1
CHEMBL230802,CC(C)c1c(C(=O)N[C@H]2CCCC[C@@H]2O)nc(-c2ccccc2Cl)n1-c1ccc(Cl)cc1,Ki,'=',18.0,nM,1
CHEMBL4450343,O=C(NC1CCN(c2ncnc3c2nc(-c2ccccc2Cl)n3-c2ccc(Cl)cc2)CC1)NC1CCC(F)(F)CC1,Ki,'=',18.0,nM,1
CHEMBL3260736,Cn1c(=O)c(-c2ccc(Cl)cc2)c(-c2ccncc2)c2nn(Cc3ccc(C(F)(F)F)nc3)c(=O)n21,Ki,'=',18.0,nM,1
CHEMBL2296786,COc1ccc(-c2c(F)c(C(=O)NN3CCCCC3)nn2-c2ccc(Cl)cc2Cl)cc1,Ki,'=',18.2,nM,1
CHEMBL3109746,O=C(N[C@@H]1CCCC[C@H]1O)c1cnc(OCC2CC2)c(-c2ccc(C(F)(F)F)cc2)c1,Ki,'=',18.5,nM,1
CHEMBL4463214,CCCCCCC(C)(C)c1cc(O)c2c(c1)OC(C)(C)c1cn(CC)nc1-2,Ki,'=',18.6,nM,1
CHEMBL334533,CCCCCCC(C)(C)c1cc(O)c2c(c1)OC(C)(C)[C@H]1CC=C(CO)C[C@H]21,Ki,'=',18.6,nM,1
CHEMBL471988,CC1=CC[C@@H]2[C@@H](C1)c1c(O)cc(C(C)(C)c3ccc(Cl)cc3)cc1OC2(C)C,Ki,'=',18.8,nM,1
CHEMBL2387183,CCCCn1c2c(cc(C(=O)NC3CCCCC3)c1=O)CCCCCC2,Ki,'=',19.0,nM,1
CHEMBL4248870,O=C(Nc1ccc(F)cc1)N1CCN(c2ncnc3c2nc(-c2ccccc2Cl)n3-c2ccc(Cl)cc2)CC1,Ki,'=',19.0,nM,1
CHEMBL102270,CC1=CC[C@@H]2[C@@H](C1)c1c(O)cc(CCCCCN=[N+]=[N-])cc1OC2(C)C,Ki,'=',19.0,nM,1
CHEMBL177393,Cc1c(C(=O)NC2CC3CCC2C3)nc(-c2ccc(Cl)cc2Cl)n1-c1ccc(Cl)cc1,Ki,'=',19.0,nM,1
CHEMBL139475,CC1=CC[C@@H]2[C@@H](C1)c1c(O)cc(C(C)(C)CCCCC(=O)Nc3ccc(S(N)(=O)=O)cc3)cc1OC2(C)C,Ki,'=',19.0,nM,1
CHEMBL396739,O=C(N[C@H]1CCCC[C@@H]1O)c1nc(-c2ccccc2Cl)n(-c2ccc(Cl)cc2)c1Br,Ki,'=',19.0,nM,1
CHEMBL1801073,CCc1nn(-c2ccc([C@@H](C)NC(=O)C3(NC(=O)c4cc(OC)no4)CC3)c(F)c2)c2ccccc12,Ki,'=',19.0,nM,1
CHEMBL4436064,O=C(NCC1CCCC1)NC1CCN(c2ncnc3c2nc(-c2ccccc2Cl)n3-c2ccc(Cl)cc2)CC1,Ki,'=',19.0,nM,1
CHEMBL566388,CN1CCC(N/C(=N\S(=O)(=O)c2ccc(Cl)cc2)N2CC(c3ccccc3)C(c3ccc(Cl)cc3)=N2)CC1,Ki,'=',19.0,nM,1
CHEMBL4441649,CCCCCCC(C)(C)c1cc(O)c2c(c1)OC(C)(C)c1cnn(CCO)c1-2,Ki,'=',19.1,nM,1
CHEMBL5086256,N/C(=N\C(=N\S(=O)(=O)N1CCOCC1)N1CC(c2ccccc2)C(c2ccc(Cl)cc2)=N1)c1ccc(Cl)cc1,Ki,'=',19.2,nM,1
CHEMBL1223592,CCCCC1=NN(C(=O)NC(C)(C)c2ccccc2)CC1c1ccsc1,Ki,'=',19.3,nM,1
CHEMBL3422784,CC1CCC(NC(=O)c2cc3ccccc3n(Cc3ccc(F)cc3)c2=O)CC1,Ki,'=',19.4,nM,1
CHEMBL2436757,CCCCC(=O)NC1CCN(c2ncnc3c2nc(-c2ccccc2Cl)n3-c2ccc(Cl)cc2)CC1,Ki,'=',19.47,nM,1
CHEMBL1270463,Cc1c(C(=O)NCCCCCCCNCCCCCCCN)nn(-c2ccc(Cl)cc2Cl)c1-c1ccc(Cl)cc1,Ki,'=',19.5,nM,1
CHEMBL5088686,N/C(=N\C(=N\S(=O)(=O)N1CCC(C(F)(F)F)CC1)N1CC(c2ccccc2)C(c2ccc(Cl)cc2)=N1)c1ccc(F)cc1,Ki,'=',19.8,nM,1
CHEMBL2296782,Cc1c(C(=O)Nc2ccc(-c3ccsc3)cc2)nn(CCCCCCl)c1-c1ccccc1,Ki,'=',19.8,nM,1
CHEMBL2017684,NC(=O)CN1CCN(Cc2nc(-c3cn(CC4CCOCC4)c4c(Cl)cccc34)no2)CC1,Ki,'=',19.95,nM,1
CHEMBL489251,CCCCCCC(C)(C)c1cc(O)cc(OCCCCCCCCCCC(=O)NC2CC2)c1,Ki,'=',19.95,nM,1
CHEMBL146346,CCCCC/C=C\C/C=C\C/C=C\C/C=C\CCCCOC(CO)CO,Ki,'=',20.0,nM,1
CHEMBL370560,O=c1c2nn(-c3ccccc3Cl)c(-c3ccc(Cl)cc3)c2ncn1C1CCCCC1,Ki,'=',20.0,nM,1
CHEMBL231202,COc1ccc(-c2c(C)c3c(n2-c2ccccc2Cl)CCN(N2CCCCC2)C3=O)cc1,Ki,'=',20.0,nM,1
CHEMBL485368,CCCCC/C=C\C/C=C\C/C=C\C/C=C\CCCC(=O)N[C@H]1C[C@H]1O,Ki,'=',20.0,nM,1
CHEMBL229751,O=C(NC1CCCCC1)c1cn(-c2ccc(F)cc2)c(-c2ccccc2Cl)n1,Ki,'=',20.0,nM,1
CHEMBL1098696,C[S+]([O-])c1c(C(=O)NN2CCCCC2)nn(-c2ccc(Cl)cc2Cl)c1-c1ccc(Cl)cc1,Ki,'=',20.0,nM,1
CHEMBL1834014,Cc1c(C(=O)NCCCCCCCNS(N)(=O)=O)nn(-c2ccc(Cl)cc2Cl)c1-c1ccc(Cl)cc1,Ki,'=',20.0,nM,1
CHEMBL80214,Cc1ccc(C(=O)c2cn(CCN3CCOCC3)c3ccccc23)c2ccccc12,Ki,'=',20.0,nM,1
CHEMBL572887,Cc1c(C(=O)NC2CCCCCC2)nn(-c2ccc(Cl)cc2Cl)c1-n1cccc1,Ki,'=',20.0,nM,1
CHEMBL4530405,COc1ccc(-c2oc3ccccc3c2C(=O)c2ccc(N(C)Cc3ccc(F)cc3)cc2)cc1,Ki,'=',20.0,nM,1
CHEMBL250427,CCCCCc1cc(O)c2c(c1)CC(C)(C)[C@@H]1CCC(C)=C[C@@H]21,Ki,'=',20.1,nM,1
CHEMBL4469157,CCCCCn1cc(C(=O)c2ccc(C(=O)OC)c3ccccc23)c2ccccc21,Ki,'=',20.2,nM,1
CHEMBL4644161,CCCCCc1cc(OCCCCCCCCCCC(=O)NC2CC2)cc(OC(C)C)c1,Ki,'=',20.7,nM,1
CHEMBL2152821,CCCCCn1cc(C(=O)NC(C)C)c(=O)c2ccc(Sc3ccccc3)cc21,Ki,'=',20.9,nM,1
CHEMBL4239666,O=C(CN1CCCCC1)N1CCN(c2ncnc3c2nc(-c2ccccc2Cl)n3-c2ccc(Cl)cc2)CC1,Ki,'=',21.0,nM,1
CHEMBL1801078,COc1cc(C(=O)NC2(C(=O)N[C@H](C)c3ccc(-n4nc(OC)c5ccccc54)cc3F)CC2)on1,Ki,'=',21.0,nM,1
CHEMBL5078566,CC(C)(C)/C(N)=N/C(=N/S(=O)(=O)N1CCC(F)(F)CC1)N1CC(c2ccccc2)C(c2ccc(Cl)cc2)=N1,Ki,'=',21.0,nM,1
CHEMBL1834020,Cc1c(C(=O)NCC2CCC(CNS(N)(=O)=O)CC2)nn(-c2ccc(Cl)cc2Cl)c1-c1ccc(Cl)cc1,Ki,'=',21.0,nM,1
CHEMBL439375,Cc1ccccc1-c1nc(C(=O)NC2CCCCC2)cn1-c1ccc(Cl)cc1,Ki,'=',21.0,nM,1
CHEMBL2206846,CCCCCn1cc(C(=O)c2cccc3cccc(Br)c23)c2ccccc21,Ki,'=',21.0,nM,1
CHEMBL430196,C[C@H](NS(=O)(=O)C(F)(F)F)c1ccc(S(=O)(=O)c2ccc(Cl)cc2S(=O)(=O)c2ncccn2)cc1,Ki,'=',21.0,nM,1
CHEMBL201862,CC(C)n1cnc2c(-c3ccc(Cl)cc3)n(-c3ccccc3Cl)nc2c1=O,Ki,'=',21.0,nM,1
CHEMBL1079628,CN/C(=N\S(=O)(=O)c1ccc(F)cc1)C1=NN(c2ccc(Cl)cc2)C(c2ccccc2)C1,Ki,'=',21.7,nM,1
CHEMBL418555,CCCCCCC(=O)c1cc(O)c2c(c1)OC(C)(C)[C@@H]1CC=C(C)C[C@@H]21,Ki,'=',21.7,nM,1
CHEMBL351123,C/N=C(\NS(=O)(=O)c1ccc2ccccc2c1)N1CC(c2ccccc2)C(c2ccc(Cl)cc2)=N1,Ki,'=',21.8,nM,1
CHEMBL67464,CCCCCCCc1cc(O)c2c(c1)OC(C)(C)[C@@H]1CC=C(C)C[C@@H]21,Ki,'=',21.88,nM,1
CHEMBL2177253,CCCCCc1cc(OC)c2cc(Cc3ccccc3C)c(=O)oc2c1,Ki,'=',22.0,nM,1
CHEMBL1950354,CC1CCN(C(=O)c2ccc3c(c2)c2c(n3S(=O)(=O)N(C)C)CCN(C3CCCC3)C2)CC1,Ki,'=',22.0,nM,1
CHEMBL1950347,CCCS(=O)(=O)n1c2c(c3cc(C(=O)N4CCC(C)CC4)ccc31)CN(C1CCCC1)CC2,Ki,'=',22.0,nM,1
CHEMBL389198,O=C(NC1CCCCC1O)c1cn(-c2ccc(Cl)cc2)c(-c2ccc(Cl)cc2Cl)n1,Ki,'=',22.0,nM,1
CHEMBL390545,O=C(N[C@H]1c2ccccc2C[C@@H]1O)c1cn(-c2ccc(Cl)cc2)c(-c2ccccc2Cl)n1,Ki,'=',22.0,nM,1
CHEMBL393031,CNc1cccc(F)c1S(=O)(=O)c1cc(Cl)ccc1S(=O)(=O)c1ccc([C@H](C)NS(=O)(=O)C(F)(F)F)cc1,Ki,'=',22.0,nM,1
CHEMBL4225661,Clc1ccc(-n2c(-c3ccccc3Cl)nc3c(N4CCN(Cc5ccncc5)CC4)ncnc32)cc1,Ki,'=',22.0,nM,1
CHEMBL4570109,O=C(Nc1ccc(F)cc1)NC1CCN(c2ncnc3c2nc(-c2ccccc2Cl)n3-c2ccc(Cl)cc2)CC1,Ki,'=',22.0,nM,1
CHEMBL4563408,O=C(Nc1ccc(OC(F)F)nc1)NC1CCN(c2ncnc3c2nc(-c2ccccc2Cl)n3-c2ccc(Cl)cc2)CC1,Ki,'=',22.0,nM,1
CHEMBL2030930,Cc1c(C(=O)N[C@@H]2CCCN(C(=O)OC(C)(C)C)C2)nn(-c2ccc(Cl)cc2Cl)c1-c1ccc(Cl)cc1,Ki,'=',22.3,nM,1
CHEMBL303479,CCCCCCC1CCCc2c1cc1c(c2O)[C@@H]2CC(C)=CC[C@H]2C(C)(C)O1,Ki,'=',22.3,nM,1
CHEMBL4465748,CCCCCCC(C)(C)c1cc(OCc2ccccc2)c2c(c1)OC(C)(C)c1cn[nH]c1-2,Ki,'=',22.4,nM,1
CHEMBL3353437,CC1CCC(NC(=O)c2cc3cccnc3n(CCCCCF)c2=O)CC1,Ki,'=',22.59,nM,1
CHEMBL158138,CN/C(=N\S(=O)(=O)c1ccc(OC)cc1)N1CC(c2ccccc2)C(c2ccc(Cl)cc2)=N1,Ki,'=',22.9,nM,1
CHEMBL4473031,C1=C(CCN2CCOCC2)c2ccccc2/C1=C/c1cccc2ccc3ccccc3c12,Ki,'=',22.9,nM,1
CHEMBL5087159,CS/C(N)=N/C(=N/S(=O)(=O)N1CCCC1)N1CC(c2ccccc2)C(c2ccc(Cl)cc2)=N1,Ki,'=',23.0,nM,1
CHEMBL15399,O=C(NN1CCCCC1)c1cn(-c2ccc(Cl)cc2)c(-c2ccc(Cl)cc2Cl)n1,Ki,'=',23.0,nM,1
CHEMBL427497,O=C(NN1CCCCC1)c1nc(-c2ccc(Cl)cc2Cl)n(-c2ccc(Cl)cc2)c1Br,Ki,'=',23.0,nM,1
CHEMBL2206842,CCCCCn1cc(C(=O)c2cccc3cccc(Cl)c23)c2ccccc21,Ki,'=',23.0,nM,1
CHEMBL5087941,CC(C)(C)/C(N)=N\C(=N\S(=O)(=O)N1CCCCC1)N1CC(c2ccccc2)C(c2ccc(Cl)cc2)=N1,Ki,'=',23.0,nM,1
CHEMBL3114180,CCCCn1cc(Br)cc(C(=O)NC2CCCCCC2)c1=O,Ki,'=',23.0,nM,1
CHEMBL234207,CCCCCCC(C)(C)c1ccc(-c2cccnc2)c(O)c1,Ki,'=',23.0,nM,1
CHEMBL57723,CCCCCCC(C)(C)c1ccc2c(c1)OC(C)(C)[C@@H]1CC=C(C)C[C@@H]21,Ki,'=',23.0,nM,1
CHEMBL4167303,Cc1c(-c2ccccc2)cn(Cc2ccc(F)cc2)c(=O)c1C(=O)NC1CCCCCC1,Ki,'=',23.1,nM,1
CHEMBL4577001,C1=C(CCN2CCOCC2)c2ccccc2/C1=C/c1ccnc2ccccc12,Ki,'=',23.3,nM,1
CHEMBL3109778,O=C(N[C@@H]1CCCC[C@H]1O)c1cnc(OCc2cccnc2)c(-c2ccc(Cl)cc2)c1,Ki,'=',23.5,nM,1
CHEMBL3109747,O=C(N[C@@H]1CCCC[C@H]1O)c1cnc(OCC2CC2)c(-c2ccc(OC(F)(F)F)cc2)c1,Ki,'=',23.6,nM,1
CHEMBL3109749,N#Cc1ccc(-c2cc(C(=O)N[C@@H]3CCCC[C@H]3O)cnc2OCC2CC2)cc1,Ki,'=',23.6,nM,1
CHEMBL4638446,C=CCNC(=O)CCCCCCCCCCOc1cc(CCCCC)cc(OC)c1,Ki,'=',23.7,nM,1
CHEMBL2152816,COCCn1cc(C(=O)N[C@@H]2C(C)(C)C3CC[C@]2(C)C3)c(=O)c2ccc(Sc3ccccc3)cc21,Ki,'=',23.8,nM,1
CHEMBL2180226,CC(C)(C)OC(=O)N1CCC(Nc2ncnc3c2nc(-c2ccccc2Cl)n3-c2ccc(Cl)cc2)CC1,Ki,'=',23.91,nM,1
CHEMBL477642,N#Cc1c(C(=O)NN2CCCCC2)nn(-c2ccc(Cl)cc2Cl)c1-c1ccc(Cl)cc1,Ki,'=',24.0,nM,1
CHEMBL383580,C/N=C(\NS(=O)(=O)N1CCSCC1)N1CC(c2ccccc2)C(c2ccc(Cl)cc2)=N1,Ki,'=',24.0,nM,1
CHEMBL4242177,O=C(NC1(C(F)(F)F)CCCC1)N1CCN(c2ncnc3c2nc(-c2ccccc2Cl)n3-c2ccc(Cl)cc2)CC1,Ki,'=',24.0,nM,1
CHEMBL3114341,O=C(NC1CCCCCC1)c1cc(-c2ccc(F)cc2)cn(Cc2ccc(F)cc2)c1=O,Ki,'=',24.0,nM,1
CHEMBL4241237,CS(=O)(=O)N1CCN(c2ncnc3c2nc(-c2ccccc2Cl)n3-c2ccc(Cl)cc2)CC1,Ki,'=',24.0,nM,1
CHEMBL294591,COc1cccc2c(C(=O)NC3C(C)(C)[C@@H]4CC[C@@]3(C)C4)nn(CCN3CCOCC3)c12,Ki,'=',24.0,nM,1
CHEMBL482986,O=C1c2nn(-c3ccccc3Cl)c(-c3ccc(Cl)cc3)c2CCN1C1CCCC1,Ki,'=',24.0,nM,1
CHEMBL233637,COC(=O)CCCCC(C)(C)c1ccc(-c2cc(C)cc(C)c2)c(O)c1,Ki,'=',24.0,nM,1
CHEMBL3114343,O=C(NC1CCCCCC1)c1cc(/C=C/c2ccccc2)cn(Cc2ccc(F)cc2)c1=O,Ki,'=',24.0,nM,1
CHEMBL465718,CCCCCc1cc2c(c(O)c1C(=O)O)[C@@H]1C=C(C)CC[C@H]1C(C)(C)O2,Ki,'=',24.0,nM,1
CHEMBL3235057,COc1cccc2c(C(=O)N[C@@H]3C(C)(C)[C@@H]4CC[C@@]3(C)C4)nn(CCN3CCOCC3)c12,Ki,'=',24.0,nM,1
CHEMBL4227549,Cc1nc(CN2CCN(c3ncnc4c3nc(-c3ccccc3Cl)n4-c3ccc(Cl)cc3)CC2)no1,Ki,'=',24.0,nM,1
CHEMBL156556,Cc1cc(C)c(S(=O)(=O)NC(=N)N2CC(c3ccccc3)C(c3ccc(Cl)cc3)=N2)c(C)c1,Ki,'=',24.2,nM,1
CHEMBL2029725,CN(CC(=O)NC1CC1)C(=O)c1ccc2c(c1)c1c(n2C)CC[C@@H](C2CCOCC2)C1,Ki,'=',24.5,nM,1
CHEMBL3114344,CCOC(=O)/C=C/c1cc(C(=O)NC2CCCCCC2)c(=O)n(Cc2ccc(F)cc2)c1,Ki,'=',24.8,nM,1
CHEMBL4576974,CCCCCn1/c(=N/C(=O)c2ccc(C(F)(F)F)cc2)sc2ccccc21,Ki,'=',25.0,nM,1
CHEMBL396695,Cc1ccc(-c2ncc(C(=O)NCCCN(C)c3ccccc3)nc2-c2ccc(C)cc2)cc1,Ki,'=',25.0,nM,1
CHEMBL158784,CN/C(=N\S(=O)(=O)c1ccc(Cl)cc1)N1CC(c2ccccc2)C(c2ccc(Cl)cc2)=N1,Ki,'=',25.0,nM,1
CHEMBL390544,O=C(NC1CCCCC1)c1cn(-c2ccc(Cl)cc2)c(-c2cc(Cl)ccc2Cl)n1,Ki,'=',25.0,nM,1
CHEMBL410247,O=S(=O)(c1cc2c(cc1F)OC(c1ccc(F)cc1F)(c1ccc(F)cc1F)O2)N1CCOCC1,Ki,'=',25.0,nM,1
CHEMBL245959,C[C@H](NS(=O)(=O)C(F)(F)F)c1ccc(S(=O)(=O)c2ccccc2S(=O)(=O)c2ccccc2F)cc1,Ki,'=',25.0,nM,1
CHEMBL271810,COC(=O)c1ccc2c(C(=O)C3C(C)(C)C3(C)C)cn(CC3CCOCC3)c2c1,Ki,'=',25.0,nM,1
CHEMBL4228756,Oc1cccc(N2CCN(c3ncnc4c3nc(-c3ccccc3Cl)n4-c3ccc(Cl)cc3)CC2)c1,Ki,'=',25.0,nM,1
CHEMBL4086649,Cc1ccc(-c2cc(C(=O)NC34CC5CC(CC(C5)C3)C4)c(=O)n(C3CCCC3)n2)cc1Cl,Ki,'=',25.0,nM,1
CHEMBL2180209,CCCCNC(=O)NC1CCN(c2ncnc3c2nc(-c2ccccc2Cl)n3-c2ccc(Cl)cc2)CC1,Ki,'=',25.0,nM,1
CHEMBL482771,CCCCNC(=O)c1ccc2c(c1)N=C(c1ccccc1Cl)c1ccccc1S2,Ki,'=',25.12,nM,1
CHEMBL1909843,Cc1c(C(=O)NCc2ccc(Cl)c(Cl)c2)nn(-c2ccc(Cl)cc2Cl)c1-n1cccc1Cl,Ki,'=',25.2,nM,1
CHEMBL2180219,CC(C)(C)NC(=O)NC1(c2ccccc2)CCN(c2ncnc3c2nc(-c2ccccc2Cl)n3-c2ccc(Cl)cc2)CC1,Ki,'=',25.5,nM,1
CHEMBL4760215,CCCc1cc(O)c2c(c1)OC(C)(C)[C@@H]1C[C@H](O)C(C)=C[C@@H]21,Ki,'=',25.6,nM,1
CHEMBL3109761,O=C(N[C@@H]1CCCC[C@H]1O)c1cnc(OCC2CC2)c(-c2ccc(Cl)cc2)n1,Ki,'=',25.8,nM,1
CHEMBL201924,CCC(CC)n1cnc2c(-c3ccc(Cl)cc3)n(-c3ccccc3Cl)nc2c1=O,Ki,'=',26.0,nM,1
CHEMBL1834007,Cc1ccc(NC(=O)c2nn(-c3ccc(Cl)cc3Cl)c(-c3ccc(Cl)cc3)c2C)cn1,Ki,'=',26.0,nM,1
CHEMBL4552147,O=C(NCC1CCC(F)(F)CC1)NC1CCN(c2ncnc3c2nc(-c2ccccc2Cl)n3-c2ccc(Cl)cc2)CC1,Ki,'=',26.0,nM,1
CHEMBL460545,O=C(c1ccccc1)c1cc(O)c(-c2cc(Cl)cc(Cl)c2)c(O)c1,Ki,'=',27.0,nM,1
CHEMBL238119,CCCCCCC(C)(C)c1ccc(-c2cccc(C#N)c2)c(O)c1,Ki,'=',27.0,nM,1
CHEMBL436471,O=C(NN1CCCCC1)c1nc(-c2ccc(Cl)cc2Cl)n(-c2ccc(Cl)cc2)c1Cl,Ki,'=',27.0,nM,1
CHEMBL369205,Cc1c(C(=O)NN2CCCC2)nc(-c2ccc(Cl)cc2Cl)n1-c1ccc(Cl)cc1,Ki,'=',27.0,nM,1
CHEMBL1801083,COc1cc(C(=O)NC2(C(=O)N[C@H](C)c3ccc(-n4ncc5c4CCCC5)cc3F)CC2)on1,Ki,'=',27.0,nM,1
CHEMBL576673,O=S(=O)(/N=C(\NCCCCN1CCCC1)N1CC(c2ccccc2)C(c2ccc(Cl)cc2)=N1)c1ccc(Cl)cc1,Ki,'=',27.0,nM,1
CHEMBL1088376,CSc1c(C(=O)NN2CCCCCC2)nn(-c2ccc(Cl)cc2Cl)c1-c1ccc(Cl)cc1,Ki,'=',27.0,nM,1
CHEMBL271839,Cc1ccc2c(C(=O)C3C(C)(C)C3(C)C)cn(CC3CCOCC3)c2c1,Ki,'=',27.54,nM,1
CHEMBL206859,CC1=CC[C@@H]2[C@@H](C1)c1c(O)cc(C3(C#N)CCCC3)cc1OC2(C)C,Ki,'=',27.9,nM,1
CHEMBL410727,Cc1c(C(=O)NCc2ccc(Cl)c(Cl)c2)nn(-c2ccc(Cl)cc2Cl)c1-n1c(C)ccc1C,Ki,'=',28.0,nM,1
CHEMBL380937,O=c1c2nn(-c3ccc(Cl)cc3)c(-c3ccccc3Cl)c2ncn1CC(F)(F)F,Ki,'=',28.0,nM,1
CHEMBL271782,Cc1c(C(=O)NC2CCCCC2)nn(-c2c(Cl)cc(Cl)cc2Cl)c1-n1c(C)ccc1C,Ki,'=',28.0,nM,1
CHEMBL485369,CCCCC/C=C\C/C=C\C/C=C\C/C=C\CCCC(=O)N[C@H]1C[C@@H]1O,Ki,'=',28.0,nM,1
CHEMBL259255,Cc1c(C(=O)NN2CCCCC2)nn(-c2ccc(Cl)c(Cl)c2)c1-n1c(C)ccc1C,Ki,'=',28.0,nM,1
CHEMBL1668396,CC1(C)C(C(=O)c2cn(CC3CCOCC3)c3c(COc4ccccc4)cccc23)C1(C)C,Ki,'=',28.0,nM,1
CHEMBL2180208,CCCNC(=O)NC1CCN(c2ncnc3c2nc(-c2ccccc2Cl)n3-c2ccc(Cl)cc2)CC1,Ki,'=',28.0,nM,1
CHEMBL272868,CC1(C)C(C(=O)c2cn(CC3CCOCC3)c3cc4c(cc23)OCO4)C1(C)C,Ki,'=',28.0,nM,1
CHEMBL3260740,Cn1nc2c(-c3ccc(Cl)cc3)c(-c3ccncc3)c(=O)n(Cc3ccc(C(F)(F)F)nc3)n2c1=O,Ki,'=',28.0,nM,1
CHEMBL496659,CCCCCn1cc(C(=O)NC23CC4CC(CC(C4)C2)C3)c(=O)c2ccc([S+]([O-])c3ccccc3)cc21,Ki,'=',28.0,nM,1
CHEMBL261381,Cc1c(C(=O)NN2CCCCC2)nn(-c2ccc(Cl)c(Cl)c2)c1-n1cccc1,Ki,'=',28.0,nM,1
CHEMBL259425,O=C(c1ccc2c(c1)OC(c1ccccc1)(c1ccccc1)O2)N1CCCCC1,Ki,'=',28.0,nM,1
CHEMBL267227,CCCCCc1cc(O)c2c(c1)OC(C)(C)[C@@H]1CC=C(C)C[C@@H]21,Ki,'=',28.5,nM,1
CHEMBL4472364,CCCCCCC(C)(C)c1cc(O)c2c(c1)OC(C)(C)c1cn[nH]c1-2,Ki,'=',28.5,nM,1
CHEMBL2152815,CN(C)CCn1cc(C(=O)N[C@@H]2C(C)(C)C3CC[C@]2(C)C3)c(=O)c2ccc(Sc3ccccc3)cc21,Ki,'=',28.8,nM,1
CHEMBL3758338,Cc1c(C(=O)NC2CCN(C(=O)CC(C)C)CC2)nn(-c2ccc(Cl)cc2Cl)c1-c1ccc(Cl)cc1,Ki,'=',28.9,nM,1
CHEMBL2152826,CCCCCn1cc(C(=O)NN2CCCCC2)c(=O)c2ccc(Sc3ccccc3)cc21,Ki,'=',28.9,nM,1
CHEMBL3260739,Cn1nc2c(-c3ccc(Cl)cc3)c(-c3ccncc3)c(=O)n(Cc3ccc(C#N)cc3)n2c1=O,Ki,'=',29.0,nM,1
CHEMBL280454,O=C(NC1CCN(Cc2ccccc2)C1)c1nc(-c2ccc(Cl)cc2Cl)n(-c2ccc(Cl)cc2)n1,Ki,'=',29.0,nM,1
CHEMBL140404,CC1=CC[C@@H]2[C@@H](C1)c1c(O)cc(C(C)(C)CCCCC(=O)NCCc3ccc(S(N)(=O)=O)cc3)cc1OC2(C)C,Ki,'=',29.0,nM,1
CHEMBL2180211,CS(=O)(=O)NC1CCN(c2ncnc3c2nc(-c2ccccc2Cl)n3-c2ccc(Cl)cc2)CC1,Ki,'=',29.0,nM,1
CHEMBL174163,Cc1c(C(=O)NN2CCCCC2)nc(-c2ccc(Cl)cc2Cl)n1-c1ccc(C(F)(F)F)cc1,Ki,'=',29.0,nM,1
CHEMBL229914,O=C(N[C@H]1CCCC[C@@H]1O)c1cn(-c2ccc(Cl)cc2)c(-c2ccccc2Cl)n1,Ki,'=',29.0,nM,1
CHEMBL3329946,CCCCCc1cc(O)c2c(c1)OC(C)(C)C1=C2C[C@H](C)CC1,Ki,'=',29.0,nM,1
CHEMBL229965,O=C(N[C@H]1CCC[C@@H]1O)c1cn(-c2ccc(Cl)cc2)c(-c2ccccc2Cl)n1,Ki,'=',29.0,nM,1
CHEMBL2029729,CNC(=O)CCCN(C)C(=O)c1ccc2c(c1)c1c(n2C)CC[C@@H](C2CCOCC2)C1,Ki,'=',29.3,nM,1
CHEMBL480107,CC1=CC[C@@H]2[C@@H](C1)c1c(O)cc(CC34CC5CC(CC(C5)C3)C4)cc1OC2(C)C,Ki,'=',29.3,nM,1
CHEMBL497681,CCCCCn1cc(C(=O)N[C@H](C)c2ccccc2)c(=O)c2ccc(OCC)cc21,Ki,'=',29.7,nM,1
CHEMBL1215955,CCCCCn1cc(C(=O)NC23CC4CC(CC(C4)C2)C3)c(=O)c2cc(-n3cccc3)ccc21,Ki,'=',29.7,nM,1
CHEMBL260810,O=C(c1ccc2c(c1)OC(c1ccc(F)cc1)(c1ccc(Cl)cc1Cl)O2)N1CCOCC1,Ki,'=',30.0,nM,1
CHEMBL369072,N#Cc1c(C(=O)NN2CCCCC2)nc(-c2ccc(Cl)cc2Cl)n1-c1ccc(Cl)cc1,Ki,'=',30.0,nM,1
CHEMBL368749,Cc1c(C(=O)NN2CCCCC2)nc(-c2ccc(Cl)cc2Cl)n1-c1ccc(Cl)cc1,Ki,'=',30.0,nM,1
CHEMBL2018780,CC(C)(NC(=O)c1cc2c(n(CC3CCCCC3)c1=O)CCCCCC2)C(=O)NN,Ki,'=',30.0,nM,1
CHEMBL195050,CCN(CC)S(=O)(=O)N/C(=N\C)N1CC(c2ccccc2)C(c2ccc(Cl)cc2)=N1,Ki,'=',30.0,nM,1
CHEMBL483544,CC(F)(F)CN1CCc2c(nn(-c3ccccc3Cl)c2-c2ccc(Cl)cc2)C1.Cl,Ki,'=',30.0,nM,1
CHEMBL575184,Cc1c(C(=O)NCCc2ccc(Cl)cc2)nn(-c2ccc(Cl)cc2Cl)c1-n1c(C)ccc1C,Ki,'=',30.0,nM,1
CHEMBL232328,CSC(=S)N1CC2(CCCCC2)CS/C1=N\c1cccc2ccccc12,Ki,'=',30.0,nM,1
CHEMBL15478,Cc1c(C(=O)N(C)C2CCCCC2)nn(-c2ccc(Cl)cc2Cl)c1-c1ccc(Cl)cc1,Ki,'=',30.0,nM,1
CHEMBL15566,CCCCC/C=C\C/C=C\C/C=C\C/C=C\CCCC(=O)NCCCC,Ki,'=',30.0,nM,1
CHEMBL1269765,Cc1c(C(=O)NCCCCCNCCCCCNC(=O)c2nn(-c3ccc(Cl)cc3Cl)c(-c3ccc(Cl)cc3)c2C)nn(-c2ccc(Cl)cc2Cl)c1-c1ccc(Cl)cc1,Ki,'=',30.4,nM,1
CHEMBL525528,CCCCCn1cc(C(=O)NC23CC4CC(CC(C4)C2)C3)c(=O)c2ccc(F)cc21,Ki,'=',30.5,nM,1
CHEMBL4175177,COc1ccc(-c2cn(Cc3ccc(F)cc3)c(=O)c(C(=O)NC3CCCCCC3)c2C)cc1,Ki,'=',30.7,nM,1
CHEMBL5080386,C/C(N)=N/C(=N/S(=O)(=O)N1CCOCC1)N1CC(c2ccccc2)C(c2ccc(Cl)cc2)=N1,Ki,'=',31.0,nM,1
CHEMBL585736,O=S1(=O)CCN(/C(=N\S(=O)(=O)c2ccc(Cl)cc2)N2CC(c3ccccc3)C(c3ccc(Cl)cc3)=N2)CC1,Ki,'=',31.0,nM,1
CHEMBL578848,Cc1c(C(=O)NC23CC4CC(CC(C4)C2)C3)nn(-c2ccc(Cl)c(Cl)c2)c1-n1cccc1,Ki,'=',31.0,nM,1
CHEMBL1950353,CC1CCN(C(=O)c2ccc3c(c2)c2c(n3S(=O)(=O)c3ccccc3)CCN(C3CCOCC3)C2)CC1,Ki,'=',31.0,nM,1
CHEMBL475610,CSC(=O)N1CC2(CCCCC2)CO/C1=N\c1cccc2ccccc12,Ki,'=',31.0,nM,1
CHEMBL3586106,CCCCCc1cc(O)c2c(c1)OC(C)(C)[C@@H]1CC=C(C)[C@H](O)[C@@H]21,Ki,'=',31.0,nM,1
CHEMBL410655,CC1(C)C(C(=O)c2cn(CC3CCOCC3)c3cc(C#N)ccc23)C1(C)C,Ki,'=',31.0,nM,1
CHEMBL2296783,Cc1c(C(=O)N(C)c2ccccc2)nn(-c2ccc(Cl)cc2Cl)c1-c1ccc(Br)cc1,Ki,'=',31.1,nM,1
CHEMBL1814468,CCCCCn1c(=O)c(C(=O)NC23CC4CC(CC(C4)C2)C3)cc2ccccc21,Ki,'=',31.3,nM,1
CHEMBL386832,Cc1c(/C=C/C2CCCCC2)nn(-c2ccc(Cl)cc2Cl)c1-c1ccc(Cl)cc1,Ki,'=',31.3,nM,1
CHEMBL2017682,O=C(NCCO)[C@H]1CCCN(Cc2nc(-c3cn(CC4CCS(=O)(=O)CC4)c4c(Cl)cccc34)ns2)C1,Ki,'=',31.62,nM,1
CHEMBL1828799,CCCCCn1cc(C(=O)c2ccc(-c3ccccc3)cc2)c2ccccc21,Ki,'=',31.62,nM,1
CHEMBL2018781,CC(C)(NC(=O)c1cc2c(n(CC3CCCCC3)c1=O)CCCCCC2)C(=O)NNS(C)(=O)=O,Ki,'=',32.0,nM,1
CHEMBL1223591,CCCCC1=NN(C(=O)NC(C)(C)c2ccc(F)cc2)CC1c1ccccc1F,Ki,'=',32.0,nM,1
CHEMBL1950343,CC1CCN(C(=O)c2ccc3c(c2)c2c(n3C)CCN(C3CCCC3)C2)CC1,Ki,'=',32.0,nM,1
CHEMBL416535,O=C(c1nc(-c2ccc(Cl)cc2)n(-c2ccc(Cl)cc2Cl)n1)N1CCN(c2cccc(C(F)(F)F)c2)CC1,Ki,'=',32.0,nM,1
CHEMBL2177257,CCCCCc1cc(OC)c2cc(Cc3ccccc3OC)c(=O)oc2c1,Ki,'=',32.0,nM,1
CHEMBL477004,COc1ccc(-c2c(C#N)c(C(=O)NN3CCCCC3)nn2-c2ccc(F)cc2Br)cc1,Ki,'=',32.0,nM,1
CHEMBL371829,C/N=C(\NS(=O)(=O)N(C)C(C)C)N1CC(c2ccccc2)C(c2ccc(Cl)cc2)=N1,Ki,'=',32.0,nM,1
CHEMBL325135,CCCCCCC1(c2cc(O)c3c(c2)OC(C)(C)[C@@H]2CC=C(C)C[C@@H]32)SC(C)C(C)S1,Ki,'=',32.3,nM,1
CHEMBL496506,CCNC1(C(N)=O)CCN(c2cnc(-c3ccc(Cl)cc3)c(-c3ccc(C#N)cc3)n2)CC1,Ki,'=',32.33,nM,1
CHEMBL3353452,CC1CCC(NC(=O)c2cc3cc(-c4cccs4)cnc3n(CCN3CCOCC3)c2=O)CC1,Ki,'=',32.7,nM,1
CHEMBL125061,CCCCCCC(C)(C)c1ccc(-c2cc(C)ccc2C(C)C)c(O)c1,Ki,'=',33.0,nM,1
CHEMBL270546,CC1(C)C(C(=O)c2cn(CC3CCOCC3)c3cc(OCc4ccccc4)ccc23)C1(C)C,Ki,'=',33.0,nM,1
CHEMBL4756661,CCCCCn1cc(-c2nc(C34CC5CC(CC(C5)C3)C4)no2)c(=O)c2cc(-c3ccco3)ccc21,Ki,'=',33.0,nM,1
CHEMBL4102128,O=C(NC1CCCCCC1)c1cc(-c2ccccc2)nn(Cc2ccc(F)cc2)c1=O,Ki,'=',33.0,nM,1
CHEMBL609266,O=C(NC1CCC1)[C@@H]1CC[C@@H](c2ccc(Cl)cc2Cl)N(c2ccc(Cl)cc2)C1,Ki,'=',33.0,nM,1
CHEMBL245467,Cc1ccc(-c2ncc(C(=O)NC3Cc4ccccc4C3O)nc2-c2ccc(C)cc2)cc1,Ki,'=',33.0,nM,1
CHEMBL256110,Cc1ccc(C(=O)NC2C3CC4CC(C3)CC2C4)cc1S(=O)(=O)N1CCOCC1,Ki,'=',33.0,nM,1
CHEMBL278236,Cc1c(C(=O)NCCc2ccc(Cl)cc2)nc(-c2ccc(Cl)cc2Cl)n1-c1ccc(Cl)cc1,Ki,'=',33.0,nM,1
CHEMBL2177259,CCCCCc1cc(OC)c2cc(Cc3ccccc3Cl)c(=O)oc2c1,Ki,'=',33.0,nM,1
CHEMBL590481,CC(C)CNC(=O)[C@@H]1CC[C@@H](c2ccc(Cl)cc2Cl)N(c2ccc(Cl)cc2)C1,Ki,'=',33.0,nM,1
CHEMBL514845,N#Cc1c(C(=O)NN2CCCCC2)nn(-c2ccc(Cl)cc2Cl)c1-c1ccc(I)cc1,Ki,'=',33.0,nM,1
CHEMBL1801074,COc1cc(C(=O)NC2(C(=O)N[C@H](C)c3ccc(-n4nc(C5CC5)c5ccccc54)cc3F)CC2)on1,Ki,'=',33.0,nM,1
CHEMBL368547,Cc1c(C(=O)NC2CCCC2)nc(-c2ccc(Cl)cc2Cl)n1-c1ccc(Cl)cc1,Ki,'=',33.0,nM,1
CHEMBL1223649,CCCCCC1=NN(C(=O)NC2CCCc3ccccc32)CC1c1ccccc1,Ki,'=',33.1,nM,1
CHEMBL4649122,CCCCCn1c(=O)c(C(=O)NC23CC4CC(CC(C4)C2)C3)c(O)c2nn(C)cc21,Ki,'=',33.5,nM,1
CHEMBL175291,Cc1c(C(=O)N2CCc3ccccc3C2)nc(-c2ccc(Cl)cc2Cl)n1-c1ccc(Cl)cc1,Ki,'=',34.0,nM,1
CHEMBL427843,CCCCCCC(C)(C)c1ccc(-c2cccc(OC)c2OC)c(O)c1,Ki,'=',34.0,nM,1
CHEMBL1950344,CCn1c2c(c3cc(C(=O)N4CCC(C)CC4)ccc31)CN(C1CCCC1)CC2,Ki,'=',34.0,nM,1
CHEMBL1087721,O=C(NN1CCCCC1)c1nc(-c2ccc(Cl)cc2Cl)n(-c2ccc(Cl)cc2)c1CO,Ki,'=',34.0,nM,1
CHEMBL229803,CN(C(=O)c1cn(-c2ccc(Cl)cc2)c(-c2ccccc2Cl)n1)C1CCCCC1,Ki,'=',34.0,nM,1
CHEMBL2023045,O=C(N[C@H](C(=O)O)c1ccccc1)c1cc2c(n(CC3CCCCC3)c1=O)CCCCCC2,Ki,'=',34.0,nM,1
CHEMBL3109755,C[C@](O)(CNC(=O)c1cnc(OCC2CC2)c(-c2ccc(Cl)cc2)c1)C1CC1,Ki,'=',34.3,nM,1
CHEMBL1641956,CCCCCn1cc(C(=O)NC23CC4CC(CC(C4)C2)C3)c(=O)cc1-c1ccccc1Cl,Ki,'=',34.4,nM,1
CHEMBL512343,CC1=CC[C@@H]2[C@@H](C1)c1c(O)cc(C(C)(C)c3ccccc3C)cc1OC2(C)C,Ki,'=',34.4,nM,1
CHEMBL321585,CCCCC/C=C\C/C=C\C/C=C\C/C=C\CCCCCC(=O)NCCO,Ki,'=',34.4,nM,1
CHEMBL371167,CC1=CC[C@@H]2[C@@H](C1)c1c(O)cc(C3C4CC5CC(C4)CC3C5)cc1OC2(C)C,Ki,'=',34.9,nM,1
CHEMBL261037,O=C(c1cc2c(cc1F)O[C@@](c1ccc(F)cc1)(c1ccc(Cl)cc1Cl)O2)N1CCOCC1,Ki,'=',35.0,nM,1
CHEMBL244403,CCCCCOc1ccc(C(=O)c2cccc3ccccc23)c2ccccc12,Ki,'=',35.0,nM,1
CHEMBL272035,Cc1c(C(=O)NCc2ccc(Cl)c(Cl)c2)nn(-c2ccc(Cl)c(Cl)c2)c1-n1cccc1,Ki,'=',35.0,nM,1
CHEMBL3114182,O=C(NC1CCCCCC1)c1cc(-c2ccccc2)cn(Cc2ccc(F)cc2)c1=O,Ki,'=',35.0,nM,1
CHEMBL607977,O=S(=O)(NC1CCCCC1)[C@@H]1CC[C@@H](c2ccc(Cl)cc2Cl)N(c2ccc(Cl)cc2)C1,Ki,'=',35.0,nM,1
CHEMBL269919,Cc1c(C(=O)NC2CCCCC2)nn(-c2ccc(F)cc2F)c1-n1c(C)ccc1C,Ki,'=',35.0,nM,1
CHEMBL409150,Cc1c(C(=O)NCc2ccc(Cl)c(Cl)c2)nn(-c2ccc(F)cc2F)c1-n1c(C)ccc1C,Ki,'=',35.0,nM,1
CHEMBL176022,Cc1c(C(=O)NC2CCCCCC2)nc(-c2ccc(Cl)cc2Cl)n1-c1ccc(Cl)cc1,Ki,'=',35.0,nM,1
CHEMBL175650,Cc1c(C(=O)NC2CCCCC2)nc(-c2ccc(Cl)cc2Cl)n1-c1ccc(Cl)cc1,Ki,'=',35.0,nM,1
CHEMBL3353438,CC1CCC(NC(=O)c2cc3cccnc3n(CCCCCCF)c2=O)CC1,Ki,'=',35.67,nM,1
CHEMBL156264,C/N=C(\NS(=O)(=O)c1ccc(C(F)(F)F)cc1)N1C[C@H](c2ccccc2)C(c2ccc(Cl)cc2)=N1,Ki,'=',35.9,nM,1
CHEMBL177990,O=C(NN1CCCCC1)c1nc(-c2ccc(Cl)cc2Cl)n(-c2ccc(Cl)cc2)c1CF,Ki,'=',36.0,nM,1
CHEMBL389174,O=C(NC1CCCCC1)c1cn(-c2ccc(Cl)cc2)c(-c2ccc(F)cc2F)n1,Ki,'=',36.0,nM,1
CHEMBL575395,Cc1c(C(=O)NC2CCCC2)nn(-c2ccc(Cl)c(Cl)c2)c1-n1c(C)ccc1C,Ki,'=',36.0,nM,1
CHEMBL1950348,CC1CCN(C(=O)c2ccc3c(c2)c2c(n3S(C)(=O)=O)CCN(C3CCCC3)C2)CC1,Ki,'=',36.0,nM,1
CHEMBL157591,C/N=C(\NS(=O)(=O)c1cccc(C(F)(F)F)c1)N1CC(c2ccccc2)C(c2ccc(Cl)cc2)=N1,Ki,'=',36.5,nM,1
CHEMBL259684,Cc1c(C(=O)NCc2ccc(Cl)c(Cl)c2)nn(-c2ccc(Cl)cc2Cl)c1-n1cccc1,Ki,'=',37.0,nM,1
CHEMBL1269768,Cc1c(C(=O)NCCCCCCCCCCCNCCCCCCCCCCCNC(=O)c2nn(-c3ccc(Cl)cc3Cl)c(-c3ccc(Cl)cc3)c2C)nn(-c2ccc(Cl)cc2Cl)c1-c1ccc(Cl)cc1,Ki,'=',37.0,nM,1
CHEMBL1081305,CN/C(=N\S(=O)(=O)c1ccc(Cl)cc1)C1=NN(c2ccc(Cl)cc2Cl)C(c2ccccc2)C1,Ki,'=',37.0,nM,1
CHEMBL1631299,Cc1c(C(=O)NCCC(C)(C)C)nn(-c2ccc(Cl)cc2Cl)c1-n1c(C)ccc1C,Ki,'=',37.5,nM,1
CHEMBL4779298,Cc1ccc(C(=O)NC2CCCCCC2)c(=O)n1Cc1ccc(F)cc1,Ki,'=',37.7,nM,1
CHEMBL259476,Cc1c(C(=O)NN2CCCCC2)nn(-c2ccc(Cl)cc2Cl)c1-n1c(C)ccc1C,Ki,'=',38.0,nM,1
CHEMBL201929,O=c1c2nn(-c3ccc(Cl)cc3)c(-c3ccccc3Cl)c2ncn1C1CCCCC1,Ki,'=',38.0,nM,1
CHEMBL411054,O=S(=O)(c1ccc2c(c1)OC(c1ccccc1)(c1ccccc1)O2)N1CCCCC1,Ki,'=',38.0,nM,1
CHEMBL2152818,CC1(C)C2CC[C@](C)(C2)[C@@H]1NC(=O)c1cn(CCCCO)c2cc(Sc3ccccc3)ccc2c1=O,Ki,'=',38.6,nM,1
CHEMBL4856192,CCCCCn1cc(C(=O)c2ccc3c(c2)CC(C)(C)C3)c2ccccc21,Ki,'=',38.8,nM,1
CHEMBL58501,CCCCCCC(C)(C)c1cc(O)c2c(c1)OC(C)(C)[C@H]1CC=C(C)C[C@H]21,Ki,'=',38.8,nM,1
CHEMBL1081993,CN/C(=N\S(=O)(=O)N1CCC(F)(F)CC1)C1=NN(c2ccc(Cl)cc2)C(c2ccccc2)C1,Ki,'=',38.8,nM,1
CHEMBL2030748,CCCCCCNC(=O)NC1(c2ccccc2)CCN(C(=O)c2nn(-c3ccc(Cl)cc3Cl)c(-c3ccc(Cl)cc3)c2C)CC1,Ki,'=',38.8,nM,1
CHEMBL569301,CSCCCCn1cc(C(=O)C2C(C)(C)C2(C)C)c2ccccc21,Ki,'=',38.9,nM,1
CHEMBL234675,Cc1cc(C)cc(-c2ccc(C(C)(C)CCCCCO)cc2O)c1,Ki,'=',39.0,nM,1
CHEMBL247516,Cc1ccc(-c2ncc(C(=O)NC(C)COc3c(C)cccc3C)nc2-c2ccc(C)cc2)cc1,Ki,'=',39.0,nM,1
CHEMBL387645,CCc1ccccc1-c1nc(C(=O)NC2CCCCC2)cn1-c1ccc(Cl)cc1,Ki,'=',39.0,nM,1
CHEMBL2018778,CC(C)(NC(=O)c1cc2c(n(CC3CCCCC3)c1=O)CCCCCC2)C(=O)N1CCC(NS(C)(=O)=O)CC1,Ki,'=',39.0,nM,1
CHEMBL2030768,CC(=O)N1CCC[C@H](NC(=O)c2nn(-c3ccc(Cl)cc3Cl)c(-c3ccc(Cl)cc3)c2C)C1,Ki,'=',39.1,nM,1
CHEMBL4647226,CN1N=CC2C1C(O)=C(C(=O)NC13CC4CC(CC(C4)C1)C3)C(=O)N2CCCCF,Ki,'=',39.3,nM,1
CHEMBL269851,COc1ccc2c(C(=O)C3C(C)(C)C3(C)C)cn(CC3CCOCC3)c2c1,Ki,'=',39.81,nM,1
CHEMBL485182,CCCC(=O)c1ccc2c(c1)N=C(c1ccc(Cl)cc1)c1ccccc1S2,Ki,'=',39.81,nM,1
CHEMBL5083217,N/C(=N\C(=N\S(=O)(=O)N1CCOCC1)N1CC(c2ccccc2)C(c2ccc(Cl)cc2)=N1)c1ccc(F)cc1,Ki,'=',39.9,nM,1
CHEMBL3109774,O=C(N[C@@H]1CCCC[C@H]1O)c1cnc(OCc2ccccc2)c(-c2ccc(Cl)cc2)c1,Ki,'=',40.2,nM,1
CHEMBL5084505,CS/C(N)=N/C(=N/S(=O)(=O)N1CCOCC1)N1CC(c2ccccc2)C(c2ccc(Cl)cc2)=N1,Ki,'=',41.0,nM,1
CHEMBL114189,CCCCCc1cc2c(c3c1CCCO3)C1C=C(C)CCC1C(C)(C)O2,Ki,'=',41.0,nM,1
CHEMBL423382,CCCCC/C=C\C/C=C\C/C=C\C/C=C\CCC(C)(C)C(=O)NCCO,Ki,'=',41.0,nM,1
CHEMBL15764,Cc1c(C(=O)NC(C)C(C)C)nn(-c2ccc(Cl)cc2Cl)c1-c1ccc(Cl)cc1,Ki,'=',41.0,nM,1
CHEMBL574036,Cc1c(C(=O)NCCc2ccc(Cl)cc2Cl)nn(-c2ccc(F)cc2F)c1-n1c(C)ccc1C,Ki,'=',41.0,nM,1
CHEMBL230583,O=C(N[C@H]1Cc2ccccc2[C@@H]1O)c1cn(-c2ccc(Cl)cc2)c(-c2ccccc2Cl)n1,Ki,'=',41.0,nM,1
CHEMBL1269019,Cc1c(C(=O)NCCCNCCCNC(=O)c2nn(-c3ccc(Cl)cc3Cl)c(-c3ccc(Cl)cc3)c2C)nn(-c2ccc(Cl)cc2Cl)c1-c1ccc(Cl)cc1,Ki,'=',41.9,nM,1
CHEMBL3915185,Cc1cccc(-c2ccc(C(C)(C)c3ccccc3)cc2O)c1,Ki,'=',41.96,nM,1
CHEMBL261382,Cc1c(C(=O)NC2CCCCC2)nn(-c2ccc(Cl)cc2Cl)c1-n1c(C)ccc1C,Ki,'=',42.0,nM,1
CHEMBL591066,CC(=O)NCC[C@@H]1CC[C@@H](c2ccc(Cl)cc2Cl)N(c2ccc(Cl)cc2)C1,Ki,'=',42.0,nM,1
CHEMBL4455631,CN(Cc1ccccc1)C1CCN(c2ncnc3c2nc(-c2ccccc2Cl)n3-c2ccc(Cl)cc2)CC1,Ki,'=',42.0,nM,1
CHEMBL338455,CCCC(C)(C)c1cc(O)c2c(c1)OC(C)(C)c1ccc(C)cc1-2,Ki,'=',42.0,nM,1
CHEMBL201571,CCCCCn1cc(C(=O)NC23CC4CC(CC(C4)C2)C3)c(=O)c2ccccc21,Ki,'=',42.0,nM,1
CHEMBL1668395,CCCCCn1c(C)c(C(=O)c2ccc(CCCC)c3ccc(C)cc23)c2ccccc21,Ki,'=',42.0,nM,1
CHEMBL571730,O=S(=O)(/N=C(\NCCCCNc1c2c(nc3ccccc13)CCCC2)N1CC(c2ccccc2)C(c2ccc(Cl)cc2)=N1)c1ccc(Cl)cc1,Ki,'=',42.0,nM,1
CHEMBL1080916,CN/C(=N\S(=O)(=O)N1CCC(F)(F)CC1)N1C[C@H](c2ccccc2)C(c2ccc(Cl)cc2)=N1,Ki,'=',42.0,nM,1
CHEMBL2030740,Cc1c(C(=O)N2CCC(NC(=O)OC(C)(C)C)(c3ccccc3)CC2)nn(-c2ccc(Cl)cc2Cl)c1-c1ccc(Cl)cc1,Ki,'=',42.3,nM,1
CHEMBL3109745,O=C(N[C@@H]1CCCC[C@H]1O)c1cnc(OCC2CC2)c(-c2ccc(F)cc2)c1,Ki,'=',42.8,nM,1
CHEMBL3759228,Cc1c(C(=O)NC2CCN(S(=O)(=O)c3ccccc3)CC2)nn(-c2ccc(Cl)cc2Cl)c1-c1ccc(Cl)cc1,Ki,'=',43.0,nM,1
CHEMBL2316259,CCCCCn1cc(C(=O)NC23CC4CC(CC(C4)C2)C3)c(=O)c2c(C)c(C)sc21,Ki,'=',43.0,nM,1
CHEMBL4239762,O=C(NCC1CCCCC1)N1CCN(c2ncnc3c2nc(-c2ccccc2Cl)n3-c2ccc(Cl)cc2)CC1,Ki,'=',43.0,nM,1
CHEMBL577384,CN/C(=N\S(=O)(=O)c1ccc(Cl)cc1)N1CCC(c2ccccc2)C(c2ccc(Cl)cc2)=N1,Ki,'=',43.0,nM,1
CHEMBL2030744,Cc1c(C(=O)N2CCC(NC(=O)NCc3ccccc3)(c3ccccc3)CC2)nn(-c2ccc(Cl)cc2Cl)c1-c1ccc(Cl)cc1,Ki,'=',43.0,nM,1
CHEMBL2022698,O=C(NC1CCCCCC1)c1cccn(Cc2ccc(F)cc2)c1=O,Ki,'=',43.0,nM,1
CHEMBL4281658,CCCCCc1cc(OC(C)=O)c2c(c1)OC(C)(C)[C@@H]1CC=C(C)C[C@@H]21,Ki,'=',43.0,nM,1
CHEMBL569547,CC(C)(O)CN/C(=N\S(=O)(=O)c1ccc(Cl)cc1)N1CC(c2ccccc2)C(c2ccc(Cl)cc2)=N1,Ki,'=',43.0,nM,1
CHEMBL5082666,O=[N+]([O-])CC(c1ccccc1)c1c(-c2ccsc2)[nH]c2ccccc12,Ki,'=',43.0,nM,1
CHEMBL3758491,Cc1c(C(=O)NC2CCN(S(=O)(=O)CC(C)C)CC2)nn(-c2ccc(Cl)cc2Cl)c1-c1ccc(Cl)cc1,Ki,'=',43.5,nM,1
CHEMBL3109769,CCCCOc1ncc(C(=O)N[C@@H]2CCCC[C@H]2O)cc1-c1ccc(Cl)cc1,Ki,'=',43.8,nM,1
CHEMBL591509,O=S(=O)(C1CC1)N1CCN(C[C@@H]2CC[C@@H](c3ccc(Cl)cc3Cl)N(c3ccc(Cl)cc3)C2)CC1,Ki,'=',44.0,nM,1
CHEMBL232336,CSC(=S)N1CC2(CCCCC2)CS/C1=N\c1cccc2nsnc12,Ki,'=',44.0,nM,1
CHEMBL3758753,CCS(=O)(=O)N1CCC(NC(=O)c2nn(-c3ccc(Cl)cc3Cl)c(-c3ccc(Cl)cc3)c2C)CC1,Ki,'=',44.4,nM,1
CHEMBL2029721,CN(CC(=O)NC1CC1)C(=O)c1ccc2c(c1)c1c(n2C)CCC(C2CCOCC2)C1,Ki,'=',44.5,nM,1
CHEMBL3942523,CS(=O)(=O)NCC1CCC(CNc2ncnc3c2nc(-c2ccccc2Cl)n3-c2ccc(Cl)cc2)CC1,Ki,'=',44.5,nM,1
CHEMBL4218702,Cc1ccc(-c2cc(SNC3CC4CCC3(C)C4(C)C)nnc2-c2ccc(C)cc2)cc1,Ki,'=',44.6,nM,1
CHEMBL411631,COc1cccc2c(C(=O)C3C(C)(C)C3(C)C)cn(CC3CCOCC3)c12,Ki,'=',44.67,nM,1
CHEMBL1223590,CCCCC1=NN(C(=O)NC(C)(C)c2ccc(F)cc2)CC1c1cccc(F)c1,Ki,'=',44.9,nM,1
CHEMBL2177249,CCCCCc1cc(OC)c2cc(Cc3cccc(OC)c3)c(=O)oc2c1,Ki,'=',45.0,nM,1
CHEMBL245468,Cc1ccc(-c2ncc(C(=O)N[C@H](CO)CC(C)C)nc2-c2ccc(C)cc2)cc1,Ki,'=',45.0,nM,1
CHEMBL4449666,Cc1c(C(=O)NN2CCCCC2)nn(-c2ccc(Cl)cc2Cl)c1-c1ccc(C#CCCOC(=O)CCCCC(=O)OC(C)(C)C)cc1,Ki,'=',45.0,nM,1
CHEMBL1631289,Cc1c(C(=O)NCCC(C)(C)C)nn(-c2ccc(Cl)cc2Cl)c1-n1cccc1,Ki,'=',45.6,nM,1
CHEMBL1909847,Cc1c(C(=O)NCc2ccc(Cl)c(Cl)c2)nn(-c2ccc(Cl)cc2Cl)c1-n1cc2c(c1)CCCC2,Ki,'=',45.9,nM,1
CHEMBL2063121,CNC1CCCOc2c1nn(-c1ccccc1Cl)c2-c1ccc(Cl)cc1.Cl,Ki,'=',46.0,nM,1
CHEMBL409441,CO[C@H]1CCCN1C(=O)c1cc2c(cc1F)OC(c1ccc(F)cc1F)(c1ccc(F)cc1F)O2,Ki,'=',46.0,nM,1
CHEMBL3922001,Cc1cccc(-c2c(O)cc(C(C)(C)c3ccccc3)cc2O)c1,Ki,'=',46.71,nM,1
CHEMBL2296779,Cc1c(NC(=O)N2CCCCC2)nn(-c2ccc(Cl)cc2Cl)c1-c1ccc(Br)cc1,Ki,'=',46.99,nM,1
CHEMBL574172,CN/C(=N\S(=O)(=O)N1CCC(F)(F)CC1)N1CCC(c2ccccc2)C(c2ccc(Cl)cc2)=N1,Ki,'=',47.0,nM,1
CHEMBL4457031,Clc1ccc(-n2c(-c3ccccc3Cl)nc3c(N4CCC(c5nc6ccccc6[nH]5)CC4)ncnc32)cc1,Ki,'=',47.0,nM,1
CHEMBL3586110,CCCCCc1cc2c(c(O)c1C(=O)O)[C@@H]1C=C(COC(C)=O)CC[C@H]1C(C)(C)O2,Ki,'=',47.0,nM,1
CHEMBL2030743,Cc1c(C(=O)N2CCC(NC(=O)NC(C)(C)C)(c3ccccc3)CC2)nn(-c2ccc(Cl)cc2Cl)c1-c1ccc(Cl)cc1,Ki,'=',47.1,nM,1
CHEMBL1629731,CCC(C)(C)NC(=O)c1nn(-c2ccc(Cl)cc2Cl)c(-n2cccc2)c1C,Ki,'=',47.6,nM,1
CHEMBL570908,CC1(C)C(C(=O)c2cn(Cc3ccncc3)c3ccccc23)C1(C)C,Ki,'=',47.86,nM,1
CHEMBL4291438,CCCCCc1cc2c(c(OS(=O)(=O)c3ccc(C)cc3)c1)[C@@H]1CC(C)(OO)C=C[C@H]1C(C)(C)O2,Ki,'=',48.0,nM,1
CHEMBL1909957,CCc1c(C(=O)NC2CCCCC2)nn(-c2ccc(Cl)c(Cl)c2)c1-n1c(C)ccc1C,Ki,'=',48.0,nM,1
CHEMBL591056,CCCS(=O)(=O)NC[C@@H]1CC[C@@H](c2ccc(Cl)cc2Cl)N(c2ccc(Cl)cc2)C1,Ki,'=',48.0,nM,1
CHEMBL570159,CCc1c(C(=O)NCCCCNc2c3c(nc4ccccc24)CCCC3)nc(-c2ccccc2Cl)n1-c1ccc(Cl)cc1,Ki,'=',48.0,nM,1
CHEMBL2087104,C=CCn1cc(C(=O)NC23CC4CC(CC(C4)C2)C3)c2cc(-c3ccccc3)ccc21,Ki,'=',48.2,nM,1
CHEMBL1354658,N#Cc1c(Oc2cccc(OS(=O)(=O)CCCC(F)(F)F)c2)cccc1C(F)(F)F,Ki,'=',48.3,nM,1
CHEMBL191324,CC1=CC[C@@H]2[C@@H](C1)c1c(O)cc(C=C3C4CC5CC(C4)CC3C5)cc1OC2(C)C,Ki,'=',48.6,nM,1
CHEMBL1909849,CCc1c(C(=O)NCc2ccc(Cl)c(Cl)c2)nn(-c2ccc(Cl)cc2Cl)c1-n1cccc1,Ki,'=',48.7,nM,1
CHEMBL475772,CSC(=O)N1CC2(CCCCC2)CS/C1=N\c1cccc2ccccc12,Ki,'=',49.0,nM,1
CHEMBL391134,CCCCCCC(C)(C)c1ccc(-c2cccc(C)c2C)c(O)c1,Ki,'=',49.0,nM,1
CHEMBL4757488,Cc1c(-c2ccc(F)cc2)cc(C(=O)NC2CCCCCC2)c(=O)n1Cc1ccc(F)cc1,Ki,'=',49.3,nM,1
CHEMBL496578,CCOc1ccc(N(CC(=O)N[C@@H](C)CC)S(=O)(=O)c2ccc(Br)cc2)cc1,Ki,'>',50.0,nM,1
CHEMBL577165,Cc1c(C(=O)NC2CCCC2)nn(-c2ccc(Cl)c(Cl)c2)c1-n1cccc1,Ki,'=',50.0,nM,1
CHEMBL255096,Cc1ccc(C(=O)N[C@H]2CC3CC[C@@]2(C)C3(C)C)cc1S(=O)(=O)N1CCOCC1,Ki,'=',50.0,nM,1
CHEMBL495755,Cc1cccc(-c2nnc(SCC(=O)NC3CCCCC3)n2Cc2ccccc2)c1,Ki,'>',50.0,nM,1
CHEMBL523749,CCCCCN(CCCCC)C(=O)c1ccccc1C(=O)Nc1ccc(Br)cc1,Ki,'>',50.0,nM,1
CHEMBL394295,Cc1ccc(-c2ncc(C(=O)N[C@@H]3CCCC[C@H]3CO)nc2-c2ccc(C)cc2)cc1,Ki,'=',50.0,nM,1
CHEMBL495756,CCCCSc1nc2c(c(=O)n1CCc1ccccc1)C1(CCCC1)Cc1ccccc1-2,Ki,'>',50.0,nM,1
CHEMBL525381,CCCCCCc1cc(O)c2c(c1)OC(C)(C)C1=C2CCN(C)C1,Ki,'>',50.0,nM,1
CHEMBL574046,Cc1c(C(=O)NCCc2ccc(Cl)cc2)nn(-c2ccc(F)cc2F)c1-n1c(C)ccc1C,Ki,'=',50.0,nM,1
CHEMBL522719,COc1ccc(OC)c(N(CC(=O)NCc2ccncc2)S(=O)(=O)c2ccc(C)cc2)c1,Ki,'>',50.0,nM,1
CHEMBL496781,CCc1ccccc1NC(=O)CSc1nnc(-c2ccccc2OC)n1-c1ccccc1,Ki,'>',50.0,nM,1
CHEMBL260284,O=C(c1ccc2c(c1)OC(c1ccccc1)(c1ccccc1)O2)N1CCOCC1,Ki,'=',50.0,nM,1
CHEMBL491862,CCCCCCC(C)(C)c1cc(O)cc(OCCCCCCCC(=O)NCCO)c1,Ki,'=',50.12,nM,1
CHEMBL1088349,CCSc1c(C(=O)NN2CCCCC2)nc(-c2ccc(Cl)cc2Cl)n1-c1ccc(Cl)cc1,Ki,'=',51.0,nM,1
CHEMBL1950357,CCOc1ccc(Cn2c3c(c4cc(C(=O)N5CCC(C)CC5)ccc42)CN(C2CCOCC2)CC3)cc1,Ki,'=',51.0,nM,1
CHEMBL1224689,CCCCCC1=NN(C(=O)NCc2ccccc2)CC1c1ccccc1,Ki,'=',51.0,nM,1
CHEMBL4521215,O=C(Nc1ccc(C(F)(F)F)nc1)NC1CCN(c2ncnc3c2nc(-c2ccccc2Cl)n3-c2ccc(Cl)cc2)CC1,Ki,'=',51.0,nM,1
CHEMBL3109780,CN(CC1CC1)c1ncc(C(=O)N[C@@H]2CCCC[C@H]2O)cc1-c1ccc(Cl)cc1,Ki,'=',51.1,nM,1
CHEMBL1641955,CCCCCn1cc(C(=O)NC23CC4CC(CC(C4)C2)C3)c(=O)cc1-c1cccc(Cl)c1,Ki,'=',51.2,nM,1
CHEMBL3109776,O=C(N[C@@H]1CCCC[C@H]1O)c1cnc(OCc2ncccn2)c(-c2ccc(Cl)cc2)c1,Ki,'=',51.6,nM,1
CHEMBL1223646,CCCCCC1=NN(C(=O)NC2CCCCC2)CC1c1ccccc1,Ki,'=',52.0,nM,1
CHEMBL175368,Cc1c(C(=O)NN2CCCCC2)nc(-c2ccc(Cl)cc2Cl)n1-c1ccc(F)cc1,Ki,'=',52.0,nM,1
CHEMBL2022403,Cc1c(C(=O)Nc2cccc(O)c2)nn(-c2ccc(Cl)cc2Cl)c1-c1ccc(Cl)cc1,Ki,'=',52.0,nM,1
CHEMBL1086903,O=C(NC1CCCCC1)N1CCN(C(c2ccccc2)c2ccccc2)CC1,Ki,'=',52.0,nM,1
CHEMBL2316283,CCCCCn1cc(C(=O)NC2CCCCCC2)c(=O)c2c(C)csc21,Ki,'=',52.0,nM,1
CHEMBL4459965,COC(=O)c1ccc(C(=O)c2cn(CCN3CCOCC3)c3ccccc23)c2ccccc12,Ki,'=',52.4,nM,1
CHEMBL158502,N=C(NS(=O)(=O)c1ccc(F)cc1)N1CC(c2ccccc2)C(c2ccc(Cl)cc2)=N1,Ki,'=',52.6,nM,1
CHEMBL259562,CC(=O)SC(CCc1ccccc1)[C@H]1C(=O)N(c2ccc(F)cc2)[C@@H]1c1ccc(O)cc1,Ki,'=',52.8,nM,1
CHEMBL3353454,CC1CCC(NC(=O)c2cc3cc(-c4ccco4)cnc3n(CCN3CCOCC3)c2=O)CC1,Ki,'=',52.9,nM,1
CHEMBL1081304,CN/C(=N\S(=O)(=O)c1cccc(Cl)c1)C1=NN(c2ccc(Cl)cc2Cl)C(c2ccccc2)C1,Ki,'=',53.0,nM,1
CHEMBL158468,CCCCC/C=C\C/C=C\C/C=C\C/C=C\CCC(C)C(=O)NCCO,Ki,'=',53.0,nM,1
CHEMBL226223,Cc1ccc(-c2ncc(C(=O)NN3CCCCC3)nc2-c2ccc(C)cc2)cc1,Ki,'=',53.0,nM,1
CHEMBL1668505,Cc1c(C(C)(C)C)s/c(=N\C(=O)c2ccc(Br)cc2)n1CC1CC1,Ki,'=',53.0,nM,1
CHEMBL1909851,CCc1c(C(=O)NCc2ccc(Cl)c(Cl)c2)nn(-c2ccc(Cl)cc2Cl)c1-n1c(C)ccc1C,Ki,'=',53.1,nM,1
CHEMBL121229,CCCCC/C=C\C/C=C\C/C=C\CCCCCCC(=O)NCCO,Ki,'=',53.4,nM,1
CHEMBL4633743,CCCCCCC(C)(C)c1cc(OC)cc(OCCCCCCCC(=O)NCC(F)(F)F)c1,Ki,'=',53.5,nM,1
CHEMBL2029724,CNC(=O)CCCN(C)C(=O)c1ccc2c(c1)c1c(n2C)CCC(C2CCOCC2)C1,Ki,'=',53.7,nM,1
CHEMBL2206847,CCCCCn1c(C)c(C(=O)c2cccc3cccc(Br)c23)c2ccccc21,Ki,'=',54.0,nM,1
CHEMBL574971,Cc1c(C(=O)NCCc2ccc(Cl)c(Cl)c2)nn(-c2ccc(F)cc2F)c1-n1c(C)ccc1C,Ki,'=',54.0,nM,1
CHEMBL570158,O=S(=O)(/N=C(\NCCCCCCCNc1c2c(nc3ccccc13)CCCC2)N1CC(c2ccccc2)C(c2ccc(Cl)cc2)=N1)c1ccc(Cl)cc1,Ki,'=',54.0,nM,1
CHEMBL1269767,Cc1c(C(=O)NCCCCCCCCCNCCCCCCCCCNC(=O)c2nn(-c3ccc(Cl)cc3Cl)c(-c3ccc(Cl)cc3)c2C)nn(-c2ccc(Cl)cc2Cl)c1-c1ccc(Cl)cc1,Ki,'=',54.1,nM,1
CHEMBL348174,C/N=C(\NS(=O)(=O)c1c(C)cc(C)cc1C)N1CC(c2ccccc2)C(c2ccc(Cl)cc2)=N1,Ki,'=',54.2,nM,1
CHEMBL4581919,CCCCCCC(C)(C)c1cc(O)c2c(c1)OC(C)(C)c1cn(CCO)nc1-2,Ki,'=',54.4,nM,1
CHEMBL1081832,CN/C(=N\S(=O)(=O)N1CCC(F)CC1)C1=NN(c2ccc(Cl)cc2)C(c2ccccc2)C1,Ki,'=',55.0,nM,1
CHEMBL3114350,O=C(NC1CCCCCC1)c1cccn(Cc2ccc(Cl)cc2)c1=O,Ki,'=',55.0,nM,1
CHEMBL368660,Cc1c(C(=O)NN2CCCCC2)nc(-c2ccc(Cl)cc2Cl)n1-c1ccc(Cl)cn1,Ki,'=',55.0,nM,1
CHEMBL1765820,Cc1c(C(=O)NC2(C#N)CCOCC2)nn(-c2ccccc2Br)c1-c1ccc(F)cc1,Ki,'=',55.0,nM,1
CHEMBL1909857,Cc1c(C(=O)NCc2ccc(Cl)c(Cl)c2)nn(-c2ccc(Cl)c(Cl)c2)c1-n1c(Cl)ccc1Cl,Ki,'=',55.6,nM,1
CHEMBL1089716,O=C(N1CCCCC1)N1CCN(C(c2ccccc2)c2ccc(Cl)cc2Cl)CC1,Ki,'=',56.0,nM,1
CHEMBL4637535,CCCCCN1C(=O)C(C(=O)NC23CC4CC(CC(C4)C2)C3)=C(O)C2C1C=NN2C,Ki,'=',56.0,nM,1
CHEMBL574052,Cc1c(C(=O)NC2CCCCCC2)nn(-c2ccc(Cl)cc2Cl)c1-n1c(C)ccc1C,Ki,'=',56.0,nM,1
CHEMBL406924,Cc1c(C(=O)NC2CCCCC2)nn(-c2ccc(Cl)cc2Cl)c1-n1cccc1,Ki,'=',56.0,nM,1
CHEMBL1950335,C=CCn1c2c(c3cc(C(=O)N4CCC(C)CC4)ccc31)CN(C1CCCCC1)CC2,Ki,'=',56.0,nM,1
CHEMBL572860,Cc1c(C(=O)NC2CCCCCC2)nn(-c2ccc(F)cc2F)c1-n1c(C)ccc1C,Ki,'=',56.0,nM,1
CHEMBL574499,Cc1c(C(=O)NCc2ccc(Cl)cc2)nn(-c2ccc(F)cc2F)c1-n1c(C)ccc1C,Ki,'=',56.0,nM,1
CHEMBL508336,O=C(NC1CCCCC1)c1cc2cccnc2n(Cc2ccc(F)cc2)c1=O,Ki,'=',56.0,nM,1
CHEMBL228510,CCCCCCc1ccc(OCCCCCCCC(=O)NC2CC2)cc1O,Ki,'=',56.0,nM,1
CHEMBL3114349,O=C(NC1CCCCCC1)c1cccn(Cc2ccccc2)c1=O,Ki,'=',56.0,nM,1
CHEMBL322112,CCCCCCC1(c2cc(O)c3c(c2)OC(C)(C)[C@@H]2CC=C(C)C[C@@H]32)Sc2ccccc2S1,Ki,'=',56.9,nM,1
CHEMBL589579,CC(C)(C)CCN1CCN(C[C@@H]2CC[C@@H](c3ccc(Cl)cc3Cl)N(c3ccc(Cl)cc3)C2)CC1,Ki,'=',57.0,nM,1
CHEMBL2063120,Cl.NC1CCCOc2c1nn(-c1ccccc1Cl)c2-c1ccc(Cl)cc1,Ki,'=',57.0,nM,1
CHEMBL205908,CCCc1ccc(-c2cc(O)c3c(c2)OC(C)(C)[C@@H]2CC=C(C)C[C@@H]32)cc1,Ki,'=',57.54,nM,1
CHEMBL406675,Cc1c(C(=O)NCc2ccccc2Cl)oc2ccc(S(=O)(=O)N3CC(C)CC(C)C3)cc12,Ki,'=',58.0,nM,1
CHEMBL1081285,CN/C(=N\S(=O)(=O)N1CCCCC1)N1C[C@H](c2ccccc2)C(c2ccc(Cl)cc2)=N1,Ki,'=',58.0,nM,1
CHEMBL257715,COc1ccccc1CNC(=O)c1oc2ccc(S(=O)(=O)N3CC(C)CC(C)C3)cc2c1C,Ki,'=',58.0,nM,1
CHEMBL394281,C[C@H](NS(=O)(=O)C(F)(F)F)c1ccc(S(=O)(=O)c2ccc(Cl)cc2S(=O)(=O)N2CCCCC2)cc1,Ki,'=',58.0,nM,1
CHEMBL1950341,CCCn1c2c(c3cc(C(=O)N4CCC(C)CC4)ccc31)CN(C1CCOCC1)CC2,Ki,'=',58.0,nM,1
CHEMBL1080157,CN/C(=N\S(=O)(=O)N1CCC(C(F)(F)F)CC1)C1=NN(c2ccc(Cl)cc2)[C@H](c2ccccc2)C1,Ki,'=',58.0,nM,1
CHEMBL476529,O=C(NCCC(c1ccccc1)c1ccccc1)C(c1ccccc1)c1ccccc1,Ki,'=',58.0,nM,1
CHEMBL2152823,CCCCCn1cc(C(=O)NC(CC)CO)c(=O)c2ccc(Sc3ccccc3)cc21,Ki,'=',58.2,nM,1
CHEMBL394305,C=C(C)C1CCC(C)=C[C@H]1c1c(O)cc(C2(CCCCCC)CC2)cc1O,Ki,'=',58.68,nM,1
CHEMBL3109777,O=C(N[C@@H]1CCCC[C@H]1O)c1cnc(OCc2ccncc2)c(-c2ccc(Cl)cc2)c1,Ki,'=',58.7,nM,1
CHEMBL4462947,CCCCc1sc(NC(=O)C23CC4CC(CC(C4)C2)C3)c(C(=O)OC)c1C,Ki,'=',58.89,nM,1
CHEMBL272138,Cc1c(C(=O)N(C)Cc2ccccc2)oc2ccc(S(=O)(=O)N3CC(C)CC(C)C3)cc12,Ki,'=',59.0,nM,1
CHEMBL395923,Cc1ccc(-c2ncc(C(=O)NCC3CCCCC3)nc2-c2ccc(C)cc2)cc1,Ki,'=',59.0,nM,1
CHEMBL469895,COc1ccccc1/N=C1\OCC2(CCCCC2)CN1C(=S)SC,Ki,'=',59.0,nM,1
CHEMBL194566,CCN(CC)S(=O)(=O)N/C(=N\C(C)C)N1CC(c2ccccc2)C(c2ccc(Cl)cc2)=N1,Ki,'=',60.0,nM,1
CHEMBL1834013,Cc1c(C(=O)NCCCCCCCNS(C)(=O)=O)nn(-c2ccc(Cl)cc2Cl)c1-c1ccc(Cl)cc1,Ki,'=',60.0,nM,1
CHEMBL1923761,CCCCCCc1ccc(O)cc1OCCCCCCCCCCC(=O)OC(CO)CO,Ki,'=',60.0,nM,1
CHEMBL228404,CCCCCc1cc(O)cc(OCCCCCCCCCCCC(=O)NCCO)c1,Ki,'=',60.0,nM,1
CHEMBL175292,Cc1c(C(=O)NN2CCCCC2)nc(-c2ccc(Cl)cc2Cl)n1-c1ccc(Br)cc1,Ki,'=',60.0,nM,1
CHEMBL1087875,O=C(NC1CCCCC1)N1CCN(C(c2ccccc2)c2ccc(Cl)c(Cl)c2)CC1,Ki,'=',60.0,nM,1
CHEMBL336658,CC1=CC[C@@H]2[C@@H](C1)c1c(O)cc(C(C)(C)CCCCC(=O)NCc3ccc(S(N)(=O)=O)cc3)cc1OC2(C)C,Ki,'=',60.0,nM,1
CHEMBL36250,Cc1c(C(=O)NN2CCCCC2)nn(-c2ccc(Cl)cc2)c1-c1ccc(Cl)cc1,Ki,'=',60.39,nM,1
CHEMBL245944,CC(=O)N[C@@H](C)c1ccc(S(=O)(=O)c2ccc(Cl)cc2S(=O)(=O)c2ccccc2F)cc1,Ki,'=',60.7,nM,1
CHEMBL3353833,N#Cc1ccccc1CSc1nnc2c3ccccc3n(Cc3ccccc3)c2n1,Ki,'=',61.0,nM,1
CHEMBL1834006,Cc1c(C(=O)Nc2cc[n+]([O-])cc2)nn(-c2ccc(Cl)cc2Cl)c1-c1ccc(Cl)cc1,Ki,'=',61.0,nM,1
CHEMBL602241,NCC[C@@H]1CC[C@@H](c2ccc(Cl)cc2Cl)N(c2ccc(Cl)cc2)C1,Ki,'=',61.0,nM,1
CHEMBL521173,O=C1NCCc2c1nn(-c1ccccc1Cl)c2-c1ccc(Cl)cc1,Ki,'=',61.0,nM,1
CHEMBL3085420,O=C(c1cn(CC2CCOCC2)c2ccccc12)[C@@H]1CC12CCCCC2,Ki,'=',61.66,nM,1
CHEMBL407462,Cc1c(C(=O)NCc2ccc(F)cc2)oc2ccc(S(=O)(=O)N3CC(C)CC(C)C3)cc12,Ki,'=',62.0,nM,1
CHEMBL1836189,N#C/C(=C\c1cn(CCN2CCOCC2)c2ccccc12)S(=O)(=O)c1ccccc1,Ki,'=',62.0,nM,1
CHEMBL1765683,COc1ccc(-c2c(C)c(C(=O)NC3(C#N)CCOCC3)nn2-c2ccccc2Br)cc1,Ki,'=',62.2,nM,1
CHEMBL2030742,CC(=O)NC1(c2ccccc2)CCN(C(=O)c2nn(-c3ccc(Cl)cc3Cl)c(-c3ccc(Cl)cc3)c2C)CC1,Ki,'=',62.6,nM,1
CHEMBL2296780,O=C(NN1CCCCC1)c1nn(-c2ccc(Cl)cc2Cl)c2c1CCCc1cc([N+](=O)[O-])ccc1-2,Ki,'=',62.95,nM,1
CHEMBL590346,O=C(NCc1ccc(Cl)cc1)[C@@H]1CC[C@@H](c2ccc(Cl)cc2Cl)N(c2ccc(Cl)cc2)C1,Ki,'=',63.0,nM,1
CHEMBL3114181,COc1ccc(-c2cc(C(=O)NC3CCCCCC3)c(=O)n(Cc3ccc(F)cc3)c2)cc1,Ki,'=',63.0,nM,1
CHEMBL1828806,CCCCCn1cc(C(=O)Nc2ccc3ccccc3c2)c2ccccc21,Ki,'=',63.1,nM,1
CHEMBL2152828,CCCCCn1cc(C(=O)NCCN2CCOCC2)c(=O)c2ccc(Sc3ccccc3)cc21,Ki,'=',63.2,nM,1
CHEMBL175478,Cc1c(C(=O)NN2CCCCCC2)nc(-c2ccc(Cl)cc2Cl)n1-c1ccc(Cl)cc1,Ki,'=',64.0,nM,1
CHEMBL2022692,O=C(NC1CCCCC1)c1c(O)c2cccnc2n(CCN2CCOCC2)c1=O,Ki,'=',64.6,nM,1
CHEMBL4557358,CCCCCCC(C)(C)c1cc(OCCO)c2c(c1)OC(C)(C)c1cn[nH]c1-2,Ki,'=',64.8,nM,1
CHEMBL2022404,CCOC(=O)C(C)(C)Oc1cccc(NC(=O)c2nn(-c3ccc(Cl)cc3Cl)c(-c3ccc(Cl)cc3)c2C)c1,Ki,'=',65.0,nM,1
CHEMBL3586105,CCCCCc1cc(O)c2c(c1)OC(C)(C)[C@@H]1C[C@@H](O)C(C)=C[C@@H]21,Ki,'=',65.0,nM,1
CHEMBL2030756,CC(=O)N1CCC(NC(=O)c2nn(-c3ccc(Cl)cc3Cl)c(-c3ccc(Cl)cc3)c2C)CC1,Ki,'=',65.3,nM,1
CHEMBL2030929,CCOC(=O)N1CCC[C@H](NC(=O)c2nn(-c3ccc(Cl)cc3Cl)c(-c3ccc(Cl)cc3)c2C)C1,Ki,'=',65.5,nM,1
CHEMBL409669,CC1(C)C(C(=O)c2cn(CC3CCOCC3)c3c(F)c(F)c(F)c(F)c23)C1(C)C,Ki,'=',66.0,nM,1
CHEMBL275895,O=C(NN1CC2CCCC2C1)c1cn(-c2ccc(Cl)cc2)c(-c2ccc(Cl)cc2Cl)n1,Ki,'=',66.0,nM,1
CHEMBL274983,CC(NC(=O)c1nc(-c2ccc(Cl)cc2Cl)n(-c2ccc(Cl)cc2)n1)c1ccc(Cl)cc1,Ki,'=',66.0,nM,1
CHEMBL1909845,Cc1c(C(=O)NCc2ccc(Cl)c(Cl)c2)nn(-c2ccc(Cl)cc2Cl)c1-n1c(Cl)ccc1Cl,Ki,'=',66.1,nM,1
CHEMBL249025,CCS(=O)(=O)n1c2c(c3cc(C(=O)N4CCC(C)CC4)ccc31)CN(C1CCCC1)C2,Ki,'=',66.3,nM,1
CHEMBL3109748,COc1ccc(-c2cc(C(=O)N[C@@H]3CCCC[C@H]3O)cnc2OCC2CC2)cc1,Ki,'=',66.4,nM,1
CHEMBL3353453,CC1CCC(NC(=O)c2cc3cc(-c4ccc(F)cc4)cnc3n(CCN3CCOCC3)c2=O)CC1,Ki,'=',66.7,nM,1
CHEMBL2022360,O=C(NC1CCCCC1)c1cc2ccccc2n(Cc2ccccc2)c1=O,Ki,'=',67.0,nM,1
CHEMBL408123,CC1=CC[C@@H]2[C@@H](C1)c1c(O)cc(Cc3ccccc3)cc1OC2(C)C,Ki,'=',67.6,nM,1
CHEMBL3109744,O=C(N[C@@H]1CCCC[C@H]1O)c1cnc(OCC2CC2)c(-c2cc(C(F)(F)F)ccc2Cl)c1,Ki,'=',67.7,nM,1
CHEMBL600801,CCCCCCC(C)(C)c1cc(C#N)c2c(c1)OC(C)(C)[C@@H]1CCC(C)=C[C@@H]21,Ki,'=',67.8,nM,1
CHEMBL1224629,CCCCCC1=NN(C(=O)NC23CC4CC(CC(C4)C2)C3)CC1c1ccccc1,Ki,'=',68.0,nM,1
CHEMBL2023046,O=C(N[C@@H](C(=O)O)c1ccccc1)c1cc2c(n(CC3CCCCC3)c1=O)CCCCCC2,Ki,'=',69.0,nM,1
CHEMBL527071,CC(C)CCn1c(=O)n(C(=O)N[C@H](C(N)=O)C(C)(C)C)c2ccccc21,Ki,'=',69.0,nM,1
CHEMBL4635230,CCCCN1C(=O)C(C(=O)NC23CC4CC(CC(C4)C2)C3)=C(O)C2C1C=NN2C,Ki,'=',69.0,nM,1
CHEMBL410441,CC1(C)C(C(=O)c2cn(CC3CCOCC3)c3cc(C(F)(F)F)ccc23)C1(C)C,Ki,'=',69.18,nM,1
CHEMBL576366,Cc1c(C(=O)NCCc2ccc(Cl)cc2)nn(-c2ccc(Cl)cc2Cl)c1-n1cccc1,Ki,'=',70.0,nM,1
CHEMBL575193,Cc1c(C(=O)NCc2ccc(Cl)cc2)nn(-c2ccc(Cl)c(Cl)c2)c1-n1cccc1,Ki,'=',70.0,nM,1
CHEMBL2022696,O=C(NC1CCCCC1)c1cccn(Cc2ccc(F)cc2)c1=O,Ki,'=',70.0,nM,1
CHEMBL1223650,CCCCCC1=NN(C(=O)Nc2ccccc2C(F)(F)F)CC1c1ccccc1,Ki,'=',70.0,nM,1
CHEMBL3114172,CC1CCC(NC(=O)c2cccn(Cc3ccc(F)cc3)c2=O)CC1,Ki,'=',70.0,nM,1
CHEMBL50925,O=C1NC(c2ccc(Br)cc2)(c2ccc(Br)cc2)C(=O)N1CCN1CCOCC1,Ki,'=',70.3,nM,1
CHEMBL4862930,CCCCCc1cc(OC)c2cc(Cc3ccccn3)c(=O)oc2c1,Ki,'=',70.3,nM,1
CHEMBL158700,C/N=C(\NC(=O)c1ccc(Cl)cc1)N1CC(c2ccccc2)C(c2ccc(Cl)cc2)=N1,Ki,'=',70.6,nM,1
CHEMBL592472,Fc1ccc(C[C@H]2CC[C@H](c3ccc(Cl)cc3)N(c3ccc(Cl)cc3)C2)cc1F,Ki,'=',72.0,nM,1
CHEMBL571999,O=C(c1cn(CC2CCOCC2)c2ccccc12)C12CC3CC(CC1C3)C2,Ki,'=',72.44,nM,1
CHEMBL2206850,CCCCCn1cc(C(=O)c2cccc3cccc(I)c23)c2ccccc21,Ki,'=',73.0,nM,1
CHEMBL4205229,Cc1ccc(-c2cc(S(=O)(=O)NC3CC4CC(C3C)C4(C)C)nnc2-c2ccc(C)cc2)cc1,Ki,'=',73.2,nM,1
CHEMBL390000,COc1ccc(-c2c(C)c3c(n2-c2ccccc2C)CCN(N2CCCCC2)C3=O)cc1,Ki,'=',74.0,nM,1
CHEMBL575680,CN/C(=N\S(=O)(=O)N1CCCCC1)N1CCC(c2ccccc2)C(c2ccc(Cl)cc2)=N1,Ki,'=',74.0,nM,1
CHEMBL1909855,Cc1c(C(=O)NCc2ccc(Cl)c(Cl)c2)nn(-c2ccc(Cl)c(Cl)c2)c1-n1cccc1Cl,Ki,'=',74.1,nM,1
CHEMBL194351,C/N=C(\NS(=O)(=O)N1CCOCC1)N1CC(c2ccccc2)C(c2ccc(Cl)cc2)=N1,Ki,'=',75.0,nM,1
CHEMBL229966,O=C(N[C@@H]1CCC[C@H]1O)c1cn(-c2ccc(Cl)cc2)c(-c2ccccc2Cl)n1,Ki,'=',75.0,nM,1
CHEMBL5078618,N/C(=N\C(=N\S(=O)(=O)N1CCCC1)N1CC(c2ccccc2)C(c2ccc(Cl)cc2)=N1)c1ccc(Cl)cc1,Ki,'=',75.3,nM,1
CHEMBL348550,C/N=C(\NS(=O)(=O)c1ccccc1Cl)N1CC(c2ccccc2)C(c2ccc(Cl)cc2)=N1,Ki,'=',75.4,nM,1
CHEMBL4206866,Cc1ccc(-c2cc(SNC3CC4CC(C3C)C4(C)C)nnc2-c2ccc(C)cc2)cc1,Ki,'=',75.5,nM,1
CHEMBL4635444,CCCCCc1cc(OC)cc(OCCCCCCCCCCC(=O)NCC(F)(F)F)c1,Ki,'=',75.5,nM,1
CHEMBL1950489,CC1CCN(C(=O)c2ccc3c(c2)c2c(n3C)CCN(C3CCOCC3)C2)CC1,Ki,'=',76.0,nM,1
CHEMBL480579,CSC(=S)N1CC2(CCCCC2)CO/C1=N\c1ccc(Cl)c2c1CCCC2,Ki,'=',76.0,nM,1
CHEMBL4780771,Cc1nc(OCc2ccc(F)cc2)c(C(=O)NC2CCCCCC2)cc1Br,Ki,'=',76.1,nM,1
CHEMBL471123,CC1=CC[C@@H]2[C@@H](C1)c1c(O)cc(C(C)(C)c3ccc(F)cc3)cc1OC2(C)C,Ki,'=',76.1,nM,1
CHEMBL4644505,CCCCCc1cc(OC)cc(OCCCCCCCC(=O)NCCO)c1,Ki,'=',76.1,nM,1
CHEMBL286188,Cc1c(C(=O)NN2CCCCC2)nn(-c2ccc(Cl)cc2Cl)c1-c1ccc(Br)cc1,Ki,'=',76.7,nM,1
CHEMBL3260756,CCn1nc2c(-c3ccc(Cl)cc3)c(-c3cnc(N(C)C)nc3)c(=O)n(Cc3ccc(C#N)cc3)n2c1=O,Ki,'=',77.0,nM,1
CHEMBL272350,Cc1c(C(=O)NCc2ccccc2)oc2ccc(S(=O)(=O)N3CC(C)CC(C)C3)cc12,Ki,'=',77.0,nM,1
CHEMBL442447,Cc1ccc(C(=O)NC(C)C23CC4CC(CC(C4)C2)C3)cc1S(=O)(=O)N1CCOCC1,Ki,'=',77.0,nM,1
CHEMBL2030769,Cc1c(C(=O)N[C@H]2CCCN(S(C)(=O)=O)C2)nn(-c2ccc(Cl)cc2Cl)c1-c1ccc(Cl)cc1,Ki,'=',77.9,nM,1
CHEMBL15635,O=C(NN1CCCCCC1)c1cn(-c2ccc(Cl)cc2)c(-c2ccc(Cl)cc2Cl)n1,Ki,'=',78.0,nM,1
CHEMBL2030739,CCNC1(C(N)=O)CCN(C(=O)c2nn(-c3ccc(Cl)cc3Cl)c(-c3ccc(Cl)cc3)c2C)CC1,Ki,'=',78.4,nM,1
CHEMBL240313,C[C@H](CO)NC(=O)CCC/C=C\C/C=C\CCOc1cccc(C(C)(C)CCCCO)c1,Ki,'=',78.97,nM,1
CHEMBL3093359,COc1ccc(S(=O)(=O)c2ccc([C@H](C)NS(C)(=O)=O)cc2)c(S(=O)(=O)c2ccc(O[11CH3])cc2)c1,Ki,'=',79.0,nM,1
CHEMBL181675,COc1ccc(S(=O)(=O)c2cc(OC)ccc2S(=O)(=O)c2ccc([C@H](C)NS(=O)(=O)Cc3ccccc3)cc2)cc1,Ki,'=',79.0,nM,1
CHEMBL257714,Cc1ccc(CNC(=O)c2oc3ccc(S(=O)(=O)N4CC(C)CC(C)C4)cc3c2C)cc1,Ki,'=',79.0,nM,1
CHEMBL56288,CCCCCCC(C)(C)c1cc(O)c(-c2cc(C)cc(C)c2)c(O)c1,Ki,'=',79.1,nM,1
CHEMBL372866,CC1=CC[C@@H]2[C@@H](C1)c1c(O)cc(CC3C4CC5CC(C4)CC3C5)cc1OC2(C)C,Ki,'=',79.7,nM,1
CHEMBL4454301,CCCCCNc1ccc(C(=O)c2c(-c3ccc(OC)cc3)oc3ccccc23)cc1,Ki,'=',80.0,nM,1
CHEMBL574270,Cc1c(C(=O)NC(C)c2ccccc2)nn(-c2ccc(Cl)c(Cl)c2)c1-n1c(C)ccc1C,Ki,'=',80.0,nM,1
CHEMBL234239,CCCCCCC(C)(C)c1ccc(-c2cc(C)cc(C)c2)c(N)c1,Ki,'=',80.0,nM,1
CHEMBL575401,Cc1c(C(=O)NCCc2ccc(Cl)cc2)nn(-c2ccc(F)cc2F)c1-n1cccc1,Ki,'=',80.0,nM,1
CHEMBL4440543,CC1(NC(=O)Nc2ccc(OC(F)F)nc2)CCN(c2ncnc3c2nc(-c2ccccc2Cl)n3-c2ccc(Cl)cc2)CC1,Ki,'=',81.0,nM,1
CHEMBL2336538,CCN(CC)c1ccc(CN(c2ccccc2)S(=O)(=O)c2ccc(C)cc2)cc1,Ki,'=',81.0,nM,1
CHEMBL1631162,CCCCCNC(=O)c1nn(-c2ccc(Cl)cc2Cl)c(-n2cccc2)c1C,Ki,'=',81.0,nM,1
CHEMBL349955,Cc1c(C(=O)NN2CCCCC2)nn(-c2ccc(Cl)cc2Cl)c1-c1ccc(N)cc1,Ki,'=',81.47,nM,1
CHEMBL285259,CCCCCn1nc(C(=O)NN2CCCCC2)c(C)c1-c1ccc(Br)cc1,Ki,'=',81.8,nM,1
CHEMBL4556046,O=C(NC12CC3CC(CC(C3)C1)C2)c1nc2ccccc2s1,Ki,'=',82.0,nM,1
CHEMBL13078,O=C(c1cccc2ccccc12)c1cn(CCN2CCOCC2)c2ccccc12,Ki,'=',82.0,nM,1
CHEMBL1801075,COc1cc(C(=O)NC2(C(=O)N[C@H](C)c3ccc(-n4nc(-c5ccccc5)c5ccccc54)cc3F)CC2)on1,Ki,'=',82.0,nM,1
CHEMBL4574099,C1=C(CCN2CCOCC2)c2ccccc2/C1=C/c1ccccc1-c1ccccc1,Ki,'=',82.9,nM,1
CHEMBL520315,O=C1NCCOc2c1nn(-c1ccccc1Cl)c2-c1ccc(Cl)cc1,Ki,'=',83.0,nM,1
CHEMBL579247,Cc1c(C(=O)NC2CCCC2)nn(-c2ccc(Cl)cc2Cl)c1-n1cccc1,Ki,'=',84.0,nM,1
CHEMBL362822,COc1ccc(S(=O)(=O)c2cc(OC)ccc2S(=O)(=O)c2ccc([C@H](C)NC(=O)c3ccc(Cl)c(Cl)c3)cc2)cc1,Ki,'=',84.0,nM,1
CHEMBL1081286,CN/C(=N\S(=O)(=O)c1ccc(Cl)cc1)C1=NN(c2ccc(Cl)cc2)C(c2ccccc2)C1,Ki,'=',84.0,nM,1
CHEMBL1800732,C#CCCCC(=O)OCC(CO)OCCCC/C=C\C/C=C\C/C=C\C/C=C\CCCCC,Ki,'=',84.7,nM,1
CHEMBL233139,CSC(=S)N1CC2(CCCCC2)CS/C1=N\c1cccc2c1CCCN2C,Ki,'=',85.0,nM,1
CHEMBL2316282,CCCCCn1cc(C(=O)NC2CCCCC2)c(=O)c2c(C)csc21,Ki,'=',86.0,nM,1
CHEMBL2030762,Cc1c(C(=O)NC2CCN(C(=O)NC(C)C)CC2)nn(-c2ccc(Cl)cc2Cl)c1-c1ccc(Cl)cc1,Ki,'=',86.0,nM,1
CHEMBL393343,CCCCCCC(C)(C)c1ccccc1/C=C\C/C=C\C/C=C\CCCC(=O)N[C@H](C)CO,Ki,'=',86.33,nM,1
CHEMBL2152822,CCCCCn1cc(C(=O)NN(C)C)c(=O)c2ccc(Sc3ccccc3)cc21,Ki,'=',86.6,nM,1
CHEMBL4646331,CCCCN1C(=O)C(C(=O)NC23CC4CC(CC(O)(C4)C2)C3)=C(O)C2C1C=NN2C,Ki,'=',86.9,nM,1
CHEMBL71810,CCCCCn1ccc(C(=O)c2cccc3ccccc23)c1,Ki,'=',87.0,nM,1
CHEMBL4639172,CCCCCc1cc(OC)cc(OCCCCCCCCCCC(=O)NCCO)c1,Ki,'=',87.6,nM,1
CHEMBL2170547,CCCCCn1cc(C(=O)Nc2ccccc2)c(=O)cc1C(C)(C)C,Ki,'=',87.9,nM,1
CHEMBL2163926,CC(C)[C@@H]1COc2cccc3c(=O)c(C(=O)NC45CC6CC(CC(C6)C4)C5)cn1c23,Ki,'=',88.0,nM,1
CHEMBL81473,COc1ccc(C(=O)c2cn(CCN3CCOCC3)c3ccccc23)c2ccccc12,Ki,'=',88.0,nM,1
CHEMBL567532,CCc1c(C(=O)NCCCCCCCNc2c3c(nc4ccccc24)CCCC3)nc(-c2ccccc2Cl)n1-c1ccc(Cl)cc1,Ki,'=',88.0,nM,1
CHEMBL1270563,Cc1c(C(=O)NCCCCCN(C)CCCCCN)nn(-c2ccc(Cl)cc2Cl)c1-c1ccc(Cl)cc1,Ki,'=',88.8,nM,1
CHEMBL256962,CC1(C)[C@H]2CC[C@](C)(C2)[C@@H]1NC(=O)c1ccc(Br)c(S(=O)(=O)N2CCOCC2)c1,Ki,'=',89.0,nM,1
CHEMBL4649418,CCCCCCC(C)(C)c1cc(OC)cc(OCCCCCCCC(=O)NCCO)c1,Ki,'=',89.1,nM,1
CHEMBL1631294,Cc1c(C(=O)NC(C)(C)C)nn(-c2ccc(Cl)cc2Cl)c1-n1cccc1,Ki,'=',89.5,nM,1
CHEMBL572854,Cc1c(C(=O)NCc2ccc(Cl)cc2)nn(-c2ccc(Cl)cc2Cl)c1-n1c(C)ccc1C,Ki,'=',90.0,nM,1
CHEMBL271500,Cc1c(C(=O)NC2CCCC2)oc2ccc(S(=O)(=O)N3CC(C)CC(C)C3)cc12,Ki,'=',90.0,nM,1
CHEMBL1631301,Cc1c(C(=O)NCCC(C)(C)C)nn(-c2ccc(F)cc2F)c1-n1c(C)ccc1C,Ki,'=',90.7,nM,1
CHEMBL234845,CCCCCCC(C)(C)c1ccc(-c2cccc(OC)c2)c(O)c1,Ki,'=',91.0,nM,1
CHEMBL2163942,O=C(NC1CCCCCC1)c1cn2c3c(cccc3c1=O)OCC2C1CC1,Ki,'=',91.0,nM,1
CHEMBL571550,CCCCn1cc(C(=O)C2C(C)(C)C2(C)C)c2ccccc21,Ki,'=',91.0,nM,1
CHEMBL15423,Cc1c(C(=O)NCCc2ccc(F)cc2)nn(-c2ccc(Cl)cc2Cl)c1-c1ccc(Cl)cc1,Ki,'=',91.0,nM,1
CHEMBL258243,Cc1ccc(C(=O)NCC23CC4CC(CC(C4)C2)C3)cc1S(=O)(=O)N1CCOCC1,Ki,'=',91.0,nM,1
CHEMBL572192,CC1(C)C(C(=O)c2cn(CCC3CCOCC3)c3ccccc23)C1(C)C,Ki,'=',91.2,nM,1
CHEMBL3260755,CCn1nc2c(-c3ccc(Cl)cc3)c(-c3cnn(C)c3)c(=O)n(Cc3ccc(C#N)cc3)n2c1=O,Ki,'=',92.0,nM,1
CHEMBL428779,CCN(Cc1ccccc1)C(=O)c1oc2ccc(S(=O)(=O)N3CC(C)CC(C)C3)cc2c1C,Ki,'=',92.0,nM,1
CHEMBL2206857,CCCn1cc(C(=O)c2ccc(Cl)c3ccccc23)c2ccccc21,Ki,'=',93.0,nM,1
CHEMBL256752,CC1(C)[C@H]2CC[C@](C)(C2)[C@@H]1NC(=O)c1ccc(Br)c(S(=O)(=O)N2CCCCC2)c1,Ki,'=',93.0,nM,1
CHEMBL525067,CC(C)(c1ccccc1)c1cc(O)c(-c2cc(Cl)cc(Cl)c2)c(O)c1,Ki,'=',93.66,nM,1
CHEMBL15772,CC1CCC(NC(=O)c2nc(-c3ccc(Cl)cc3Cl)n(-c3ccc(Cl)cc3)n2)CC1,Ki,'=',94.0,nM,1
CHEMBL409343,CCCCNC(=O)c1oc2ccc(S(=O)(=O)N3CC(C)CC(C)C3)cc2c1C,Ki,'=',94.0,nM,1
CHEMBL178428,Cc1c(C(=O)OC(C)(C)C)nc(-c2ccc(Cl)cc2Cl)n1-c1ccc(Cl)cc1,Ki,'=',94.0,nM,1
CHEMBL1269764,Cc1c(C(=O)NCCNCCNC(=O)c2nn(-c3ccc(Cl)cc3Cl)c(-c3ccc(Cl)cc3)c2C)nn(-c2ccc(Cl)cc2Cl)c1-c1ccc(Cl)cc1,Ki,'=',94.0,nM,1
CHEMBL1269771,Cc1c(C(=O)NCCCCCCCCCN(C)CCCCCCCCCNC(=O)c2nn(-c3ccc(Cl)cc3Cl)c(-c3ccc(Cl)cc3)c2C)nn(-c2ccc(Cl)cc2Cl)c1-c1ccc(Cl)cc1,Ki,'=',94.1,nM,1
CHEMBL3968595,NS(=O)(=O)NCC1CCC(CNc2ncnc3c2nc(-c2ccccc2Cl)n3-c2ccc(Cl)cc2)CC1,Ki,'=',94.5,nM,1
CHEMBL392842,CCc1ccc(/N=C2\SCC3(CCCCC3)CN2C(=S)SC)cc1,Ki,'=',95.0,nM,1
CHEMBL229801,COc1ccccc1-c1nc(C(=O)NC2CCCCC2)cn1-c1ccc(Cl)cc1,Ki,'=',95.0,nM,1
CHEMBL1668521,CCCCCCn1cc(C(=O)NC2CCCCC2)c(=O)c2ccc(C)nc21,Ki,'=',95.0,nM,1
CHEMBL382684,CC1=CC[C@@H]2[C@@H](C1)c1c(O)cc(-c3ccc(C)cc3)cc1OC2(C)C,Ki,'=',95.49,nM,1
CHEMBL576140,Cc1c(C(=O)Nc2ccc(Cl)cc2)nn(-c2ccc(Cl)cc2Cl)c1-n1c(C)ccc1C,Ki,'=',96.0,nM,1
CHEMBL391133,CNC(=O)CCCCC(C)(C)c1ccc(-c2cc(C)cc(C)c2)c(O)c1,Ki,'=',96.0,nM,1
CHEMBL3353439,CC1CCC(NC(=O)c2cc3cc(Br)cnc3n(Cc3ccc(F)cc3)c2=O)CC1,Ki,'=',96.1,nM,1
CHEMBL4475213,CCCCCn1cc(C(=O)c2ccc(C(N)=O)c3ccccc23)c2ccccc21,Ki,'=',96.6,nM,1
CHEMBL2030935,Cc1c(C(=O)N[C@@H]2CCCN(C(=O)NC(C)C)C2)nn(-c2ccc(Cl)cc2Cl)c1-c1ccc(Cl)cc1,Ki,'=',97.0,nM,1
CHEMBL294472,CCCCCCC(C)(C)c1cc(O)c2c(c1)OC(C)(C)[C@H]1CC=C(C=O)C[C@H]21,Ki,'=',97.0,nM,1
CHEMBL257713,CCOc1ccccc1CNC(=O)c1oc2ccc(S(=O)(=O)N3CC(C)CC(C)C3)cc2c1C,Ki,'=',97.0,nM,1
CHEMBL4562705,Cc1c(C(=O)NN2CCCCC2)nn(-c2ccc(Cl)cc2Cl)c1-c1ccc(C#CCCOC(=O)CCCCCCCCCCN)cc1.O=C(O)C(F)(F)F,Ki,'=',97.0,nM,1
CHEMBL229915,O=C(N[C@@H]1CCCC[C@H]1O)c1cn(-c2ccc(Cl)cc2)c(-c2ccccc2Cl)n1,Ki,'=',97.0,nM,1
CHEMBL1631291,CCCCCCCNC(=O)c1nn(-c2ccc(Cl)cc2Cl)c(-n2c(C)ccc2C)c1C,Ki,'=',97.2,nM,1
CHEMBL49407,CCCCCCCN1C(=O)NC(c2ccc(Br)cc2)(c2ccc(Br)cc2)C1=O,Ki,'=',97.9,nM,1
CHEMBL576977,COc1ccc(CCNC(=O)c2nn(-c3ccc(F)cc3F)c(-n3c(C)ccc3C)c2C)cc1Cl,Ki,'=',99.0,nM,1
CHEMBL5088275,CC(C)(C)/C(N)=N/C(=N/S(=O)(=O)N1CCOCC1)N1CC(c2ccccc2)C(c2ccc(Cl)cc2)=N1,Ki,'>',100.0,nM,1
CHEMBL484887,CCCCCCC(C)(C)c1cc(O)cc(OCCCCCCCC(=O)NCC2CC2)c1,Ki,'=',100.0,nM,1
CHEMBL577361,Cc1c(C(=O)NCc2ccc(Cl)cc2)nn(-c2ccc(Cl)c(Cl)c2)c1-n1c(C)ccc1C,Ki,'=',100.0,nM,1
CHEMBL231719,CSC(=S)N1CC2(CCCCC2)CS/C1=N\c1cccc(C(C)C)c1,Ki,'=',100.0,nM,1
CHEMBL2296774,O=C(NN1CCCCC1)c1nn(-c2ccc(Cl)cc2Cl)c2c1CCCc1c-2cccc1[N+](=O)[O-],Ki,'=',100.0,nM,1
CHEMBL2022703,O=C(NC1CCCCCC1)c1cccnc1OCc1ccc(F)cc1,Ki,'=',100.0,nM,1
CHEMBL410267,CS(=O)(=O)C(=C1CN(C(c2ccc(Cl)cc2)c2ccc(Cl)cc2)C1)c1cc(F)cc(F)c1,Ki,'<',100.0,nM,1
CHEMBL481888,CSC(=S)N1CC2(CCCCC2)CO/C1=N\c1ccc(C#N)c2c1CCCC2,Ki,'=',101.0,nM,1
CHEMBL279787,O=C(NC1CCc2ccccc21)c1nc(-c2ccc(Cl)cc2Cl)n(-c2ccc(Cl)cc2)n1,Ki,'=',101.0,nM,1
CHEMBL2163941,O=C(NC1CCCCC1)c1cn2c3c(cccc3c1=O)OCC2C1CC1,Ki,'=',102.0,nM,1
CHEMBL1950345,CCCC(=O)n1c2c(c3cc(C(=O)N4CCC(C)CC4)ccc31)CN(C1CCOCC1)CC2,Ki,'=',102.0,nM,1
CHEMBL1089718,CCCCNC(=O)N1CCN(C(c2ccccc2)c2ccc(Cl)cc2Cl)CC1,Ki,'=',103.0,nM,1
CHEMBL45730,O=C1NC(c2ccc(Br)cc2)(c2ccc(Br)cc2)C(=O)N1CCCO,Ki,'=',103.2,nM,1
CHEMBL2030741,Cc1c(C(=O)N2CCC(N)(c3ccccc3)CC2)nn(-c2ccc(Cl)cc2Cl)c1-c1ccc(Cl)cc1,Ki,'=',104.0,nM,1
CHEMBL3109758,O=C(N[C@H]1CCCC[C@H]1O)c1cnc(OCC2CC2)c(-c2ccc(Cl)cc2)c1,Ki,'=',104.0,nM,1
CHEMBL1631300,CCCCCCC(C)NC(=O)c1nn(-c2ccc(Cl)cc2Cl)c(-n2c(C)ccc2C)c1C,Ki,'=',104.7,nM,1
CHEMBL2163929,O=C(NC12CC3CC(CC(C3)C1)C2)c1cn2c3c(cccc3c1=O)OC[C@H]2Cc1ccccc1,Ki,'=',105.0,nM,1
CHEMBL247553,Cc1ccc(-c2ncc(C(=O)N[C@@H](CC(C)C)C(N)=O)nc2-c2ccc(C)cc2)cc1,Ki,'=',105.0,nM,1
CHEMBL2163577,CC[C@@H]1COc2cccc3c(=O)c(C(=O)NC4CCCCCC4)cn1c23,Ki,'=',105.0,nM,1
CHEMBL2170526,CCCCCn1cc(C(=O)NC23CC4CC(CC(C4)C2)C3)c(=O)c(C2CC2)c1C,Ki,'=',105.1,nM,1
CHEMBL1088729,S=C(NC1CCCCC1)N1CCN(C(c2ccccc2)c2ccccc2)CC1,Ki,'=',106.0,nM,1
CHEMBL4453578,Cc1c(C(=O)NN2CCCCC2)nn(-c2ccc(Cl)cc2Cl)c1-c1ccc(C#CCCOC(=O)CCCCCNC(=O)OC(C)(C)C)cc1,Ki,'=',106.0,nM,1
CHEMBL175369,COc1ccc(-n2c(-c3ccc(Cl)cc3Cl)nc(C(=O)NN3CCCCC3)c2C)cc1,Ki,'=',106.0,nM,1
CHEMBL4452886,C1=C(CCN2CCOCC2)c2ccccc2/C1=C/c1cccc2cc[nH]c12,Ki,'=',107.0,nM,1
CHEMBL4636524,CCCCCn1c(=O)c(C(=O)NC23CC4CC(CC(C4)C2)C3)c(O)c2nn(CCO)cc21,Ki,'=',108.0,nM,1
CHEMBL231932,COc1cccc(/N=C2\SCC3(CCCCC3)CN2C(=S)SC)c1,Ki,'=',108.0,nM,1
CHEMBL404574,Cc1c(C(=O)NC2CCCCC2)oc2ccc(S(=O)(=O)N3CC(C)CC(C)C3)cc12,Ki,'=',108.0,nM,1
CHEMBL2179762,Cc1ccc(C(NC(=O)Cc2ccccc2)NC(=O)Cc2ccccc2)cc1,Ki,'=',109.0,nM,1
CHEMBL589842,O=C1[C@@H](Cc2ccc(F)c(F)c2)CC[C@H](c2ccc(Cl)cc2Cl)N1c1ccc(Cl)cc1,Ki,'=',109.0,nM,1
CHEMBL2022406,CCOC(=O)C(C)(C)Oc1ccc(NC(=O)c2nn(-c3ccc(Cl)cc3Cl)c(-c3ccc(Cl)cc3)c2C)cc1,Ki,'=',109.0,nM,1
CHEMBL4450922,O=[N+]([O-])CC(c1ccccc1)c1c(-c2ccccc2)[nH]c2ccccc12,Ki,'=',110.0,nM,1
CHEMBL4549068,O=[N+]([O-])CC(c1ncccc1F)c1c(-c2ccccc2)[nH]c2ccccc12,Ki,'=',110.0,nM,1
CHEMBL271783,Cc1c(C(=O)NCC2CCCCC2)nn(-c2ccc(Cl)cc2)c1-n1cccc1,Ki,'=',110.0,nM,1
CHEMBL256753,CC1(C)[C@H]2CC[C@](C)(C2)[C@@H]1NC(=O)c1ccc(Br)c(S(=O)(=O)N2CCCC2)c1,Ki,'=',110.0,nM,1
CHEMBL397311,Cc1ccc(-c2ncc(C(=O)N(C)Cc3ccccc3)nc2-c2ccc(C)cc2)cc1,Ki,'=',110.0,nM,1
CHEMBL1950355,CC1CCN(C(=O)c2ccc3c(c2)c2c(n3S(=O)(=O)N(C)C)CCN(C3CCOCC3)C2)CC1,Ki,'=',110.0,nM,1
CHEMBL470965,CCOc1ccc(Cc2nc3cc(C(=O)N(CC)CC)ccc3n2CC2CCCCC2)cc1,Ki,'=',110.0,nM,1
CHEMBL271611,Cc1c(C(=O)NN2CCCCC2)nn(-c2c(Cl)cc(Cl)cc2Cl)c1-n1c(C)ccc1C,Ki,'=',110.0,nM,1
CHEMBL271988,Cc1c(C(=O)NN2CCCCC2)nn(-c2ccc(Cl)cc2)c1-n1cccc1,Ki,'=',110.0,nM,1
CHEMBL579194,Cc1c(CN2CCOCC2)cc(NC(=O)C2CCCCC2C)cc1C(F)(F)F,Ki,'=',110.0,nM,1
CHEMBL259651,CCCCCn1cc(C(=O)c2ccc3ccccc3c2)c2ccc(S(C)(=O)=O)cc21,Ki,'=',110.0,nM,1
CHEMBL1089717,O=C(N1CCOCC1)N1CCN(C(c2ccccc2)c2ccc(Cl)cc2Cl)CC1,Ki,'=',111.0,nM,1
CHEMBL600885,O=C(NC[C@@H]1CC[C@@H](c2ccc(Cl)cc2Cl)N(c2ccc(Cl)cc2)C1)C1CC1,Ki,'=',112.0,nM,1
CHEMBL573796,COc1ccc(CCNC(=O)c2nn(-c3ccc(Cl)cc3Cl)c(-n3c(C)ccc3C)c2C)cc1Cl,Ki,'=',112.0,nM,1
CHEMBL4174442,Cc1c(Br)cnc(OCc2ccc(F)cc2)c1C(=O)NC1CCCCCC1,Ki,'=',113.0,nM,1
CHEMBL232132,CSC(=S)N1CC2(CCCCC2)CS/C1=N\c1cccc(C)c1C,Ki,'=',114.0,nM,1
CHEMBL4573761,CCCCCn1cc(C(=O)c2ccc(C(=O)OCC)c3ccccc23)c2ccccc21,Ki,'=',115.0,nM,1
CHEMBL1950346,CCCS(=O)(=O)n1c2c(c3cc(C(=O)N4CCC(C)CC4)ccc31)CN(C1CCOCC1)CC2,Ki,'=',115.0,nM,1
CHEMBL4094388,C[C@H]1CC[C@@H](NC(=O)c2cc(-c3ccccc3)nn(Cc3ccc(F)cc3)c2=O)CC1,Ki,'=',115.0,nM,1
CHEMBL1765682,COc1ccc(-c2c(C)c(C(=O)NC3(C#N)CCOCC3)nn2-c2ccccc2F)cc1,Ki,'=',115.0,nM,1
CHEMBL393032,C[C@H](NS(=O)(=O)C(F)(F)F)c1ccc(S(=O)(=O)c2ccc(Cl)cc2S(=O)(=O)c2c(F)cccc2N(C)C)cc1,Ki,'=',115.0,nM,1
CHEMBL2206843,CCCCCn1c(C)c(C(=O)c2cccc3cccc(Cl)c23)c2ccccc21,Ki,'=',116.0,nM,1
CHEMBL478160,Cc1cc(Cl)cc(C)c1-c1c(C)c(C(=O)NN2CCCCC2)nn1-c1ccc(Cl)cc1Cl,Ki,'=',116.0,nM,1
CHEMBL362480,COc1ccc(S(=O)(=O)c2cc(OC)ccc2S(=O)(=O)c2ccc([C@H](C)NS(=O)(=O)c3ccc(Cl)c(Cl)c3)cc2)cc1,Ki,'=',117.0,nM,1
CHEMBL574032,Cc1c(C(=O)NCCc2ccc(Cl)c(Cl)c2)nn(-c2ccc(Cl)cc2Cl)c1-n1c(C)ccc1C,Ki,'=',117.0,nM,1
CHEMBL364300,CCN(C)S(=O)(=O)N/C(=N\C)N1CC(c2ccccc2)C(c2ccc(Cl)cc2)=N1,Ki,'=',117.0,nM,1
CHEMBL3586108,C=C1CC[C@@H]2[C@H](c3c(O)cc(CCCCC)cc3OC2(C)C)[C@H]1O,Ki,'=',117.0,nM,1
CHEMBL1223777,CCCCCN1N=C(C(=O)NC(C)(C)c2ccc(F)cc2)CC1c1ccccc1,Ki,'=',118.0,nM,1
CHEMBL245778,C[C@H](NS(C)(=O)=O)c1ccc(S(=O)(=O)c2ccc(Cl)cc2S(=O)(=O)c2cccc[n+]2[O-])cc1,Ki,'=',119.0,nM,1
CHEMBL349771,C/N=C(\NS(=O)(=O)c1ccc(C)cc1)N1CC(c2ccccc2)C(c2ccc(Cl)cc2)=N1,Ki,'=',119.0,nM,1
CHEMBL203131,CCc1ccc(-c2cc(O)c3c(c2)OC(C)(C)[C@@H]2CC=C(C)C[C@@H]32)cc1,Ki,'=',119.0,nM,1
CHEMBL234014,COC(=O)CCC(C)(C)c1ccc(-c2cc(C)cc(C)c2)c(O)c1,Ki,'=',120.0,nM,1
CHEMBL1950351,CCS(=O)(=O)n1c2c(c3cc(C(=O)N4CCC(C)CC4)ccc31)CN(C1CCOCC1)CC2,Ki,'=',120.0,nM,1
CHEMBL2381809,CCCCCn1cc(C(=O)NC23CC4CC(CC(C4)C2)C3)c(=O)n2nc(CC)cc12,Ki,'=',120.0,nM,1
CHEMBL4464256,CC1(NC(=O)NS(=O)(=O)c2ccccc2F)CCN(c2ncnc3c2nc(-c2ccccc2Cl)n3-c2ccc(Cl)cc2)CC1,Ki,'=',120.0,nM,1
CHEMBL572613,Cc1c(C(=O)Nc2ccc(Cl)cc2)nn(-c2ccc(Cl)cc2Cl)c1-n1cccc1,Ki,'=',120.0,nM,1
CHEMBL3353441,C[C@H]1CC[C@@H](NC(=O)c2cc3cc(Br)cnc3n(Cc3ccc(F)cc3)c2=O)CC1,Ki,'=',121.0,nM,1
CHEMBL443842,CSC(=S)N1CC2(CCCCC2)CS/C1=N\c1ccccc1C(C)C,Ki,'=',122.0,nM,1
CHEMBL3109782,O=C(N[C@@H]1CCCC[C@H]1O)c1cnc(OCC2CC2)c(-c2ccc(Cl)cc2Cl)c1,Ki,'=',122.0,nM,1
CHEMBL285153,Cc1c(C(=O)NN2CCCCC2)nn(-c2ccc(Cl)cc2Cl)c1-c1ccccc1,Ki,'=',122.7,nM,1
CHEMBL1631167,CCCCNC(=O)c1nn(-c2ccc(Cl)cc2Cl)c(-n2c(C)ccc2C)c1C,Ki,'=',123.1,nM,1
CHEMBL1631164,CCCCCCNC(=O)c1nn(-c2ccc(Cl)cc2Cl)c(-n2cccc2)c1C,Ki,'=',124.1,nM,1
CHEMBL197099,C/N=C(\NS(=O)(=O)N1CCCCCCC1)N1CC(c2ccccc2)C(c2ccc(Cl)cc2)=N1,Ki,'=',125.0,nM,1
CHEMBL2030937,CCCCNC(=O)N1CCC[C@@H](NC(=O)c2nn(-c3ccc(Cl)cc3Cl)c(-c3ccc(Cl)cc3)c2C)C1,Ki,'=',125.0,nM,1
CHEMBL4476434,CCCCCn1cc(C(=O)c2ccc(C(=O)NC)c3ccccc23)c2ccccc21,Ki,'=',127.0,nM,1
CHEMBL3109743,O=C(N[C@@H]1CCCC[C@H]1O)c1cnc(OCC2CC2)c(-c2cccc(Cl)c2)c1,Ki,'=',129.0,nM,1
CHEMBL245779,Cc1occc1S(=O)(=O)c1cc(Cl)ccc1S(=O)(=O)c1ccc([C@H](C)NS(C)(=O)=O)cc1,Ki,'=',129.0,nM,1
CHEMBL1668512,Cc1ccc(C(=O)NC2C(C)(C)[C@@H]3CC[C@]2(C)C3)cc1S(=O)(=O)N1CCOCC1,Ki,'=',130.0,nM,1
CHEMBL565969,Cc1ccc(C(=O)NC2C(C)(C)[C@@H]3CC[C@@]2(C)C3)cc1S(=O)(=O)N1CCOCC1,Ki,'=',130.0,nM,1
CHEMBL515102,Cc1ccc(-c2nnn(CC(C)(C)C)n2)cc1S(=O)(=O)N1CCOCC1,Ki,'=',130.0,nM,1
CHEMBL255474,Cc1ccc(C(=O)N[C@@H]2C(C)(C)[C@H]3CC[C@]2(C)C3)cc1S(=O)(=O)N1CCOCC1,Ki,'=',130.0,nM,1
CHEMBL425662,O=C(NC1CCCCC1)c1cn(-c2ccc(Cl)cc2)c(-c2ccccc2)n1,Ki,'=',130.0,nM,1
CHEMBL228346,CCCCCc1cc(O)cc(OCCCCCCCC(=O)NCCO)c1,Ki,'=',130.0,nM,1
CHEMBL516388,Cc1ccc(C(=O)N[C@@H]2C(C)(C)[C@@H]3CC[C@@]2(C)C3)cc1S(=O)(=O)N1CCOCC1,Ki,'=',130.0,nM,1
CHEMBL4163771,Cc1ccnc(OCc2ccc(F)cc2)c1C(=O)NC1CCCCCC1,Ki,'=',131.0,nM,1
CHEMBL570907,O=C(c1cn(CC2CCOCC2)c2ccccc12)C1CCCC1,Ki,'=',131.0,nM,1
CHEMBL476403,N#Cc1c(C(=O)NN2CCOCC2)nn(-c2ccc(Cl)cc2Cl)c1-c1ccc(I)cc1,Ki,'=',131.0,nM,1
CHEMBL1641948,CCCCCn1cc(C(=O)N[C@@H]2CCCc3ccccc32)c(=O)cc1-c1ccccc1,Ki,'=',131.0,nM,1
CHEMBL4443273,COC(=O)c1ccc(-c2ccc(-c3c(C)c(C(=O)NN4CCCCC4)nn3-c3ccc(Cl)cc3Cl)cc2)cc1,Ki,'=',131.0,nM,1
CHEMBL240527,CCCCCCC(C)(C)c1cccc(OCC/C=C\C/C=C\C/C=C\CCCC(=O)N[C@H](C)CO)c1,Ki,'=',131.33,nM,1
CHEMBL2163965,O=C(NC1CCCC1)c1cn2c3c(cccc3c1=O)OCC2c1ccccc1,Ki,'=',132.0,nM,1
CHEMBL3323675,CCCCCCC(C)(C)c1cc(O)cc(OCCCCCCCCCCC(=O)N[C@H](C)CO)c1,Ki,'=',132.2,nM,1
CHEMBL590569,NC[C@@H]1CC[C@@H](c2ccc(Cl)cc2Cl)N(c2ccc(Cl)cc2)C1,Ki,'=',133.0,nM,1
CHEMBL2030936,CCCNC(=O)N1CCC[C@@H](NC(=O)c2nn(-c3ccc(Cl)cc3Cl)c(-c3ccc(Cl)cc3)c2C)C1,Ki,'=',134.0,nM,1
CHEMBL1641957,CCCCCn1cc(C(=O)NC23CC4CC(CC(C4)C2)C3)c(=O)cc1-c1ccc(C)cc1,Ki,'=',134.0,nM,1
CHEMBL4461845,C1=C(CCN2CCOCC2)c2ccccc2/C1=C/c1ccc2ccccc2c1,Ki,'=',134.0,nM,1
CHEMBL239208,C=C(C)C1CCC(C)=C[C@H]1c1c(O)cc(C2(CCCCCC)SCCS2)cc1O,Ki,'=',134.9,nM,1
CHEMBL246571,C[C@H](NS(=O)(=O)C(F)(F)F)c1ccc(S(=O)(=O)c2ccc(Cl)cc2S(=O)(=O)NC(C)(C)C)cc1,Ki,'=',136.0,nM,1
CHEMBL1909854,CCc1ccc(CC)n1-c1c(C)c(C(=O)NC2CCCCC2)nn1-c1ccc(Cl)c(Cl)c1,Ki,'=',136.3,nM,1
CHEMBL3323681,C=CCNC(=O)CCCCCCCCCCOc1cc(O)cc(CCCCC)c1,Ki,'=',136.3,nM,1
CHEMBL15832,O=C(NN1CC2CCCC2C1)c1nc(-c2ccc(Cl)cc2Cl)n(-c2ccc(Cl)cc2)n1,Ki,'=',137.0,nM,1
CHEMBL2326289,CCN(CC)c1ccc(CN(c2ccc(Cl)cc2)S(=O)(=O)c2ccc(C)cc2)cc1,Ki,'=',137.0,nM,1
CHEMBL404211,CC1CCN(C(=O)c2ccc3c(c2)c2c(n3S(=O)(=O)C3CC3)CN(C3CCCC3)C2)CC1,Ki,'=',137.0,nM,1
CHEMBL3422790,CC1CCC(NC(=O)c2c(O)c3cccnc3n(Cc3ccc(F)cc3)c2=O)CC1,Ki,'=',138.5,nM,1
CHEMBL3109779,O=C(N[C@@H]1CCCC[C@H]1O)c1cnc(OCc2ccccn2)c(-c2ccc(Cl)cc2)c1,Ki,'=',139.0,nM,1
CHEMBL497321,CCCCCn1cc(C(=O)NC23CC4CC(CC(C4)C2)C3)c(=O)c2cc(F)c(-n3cccc3)cc21,Ki,'=',139.8,nM,1
CHEMBL595268,CCCCC(C)(C)C(=O)Nc1cc(C)c(C)c(S(=O)(=O)N2CCOCC2)c1,Ki,'=',140.0,nM,1
CHEMBL574722,Cc1c(C(=O)NCc2ccc(Cl)cc2)nn(-c2ccc(Cl)cc2Cl)c1-n1cccc1,Ki,'=',140.0,nM,1
CHEMBL2206836,CCCn1cc(C(=O)c2ccc(I)c3ccccc23)c2ccccc21,Ki,'=',140.0,nM,1
CHEMBL473697,Cc1ccc(-c2n[nH]c(CC(C)(C)C)n2)cc1S(=O)(=O)N1CCOCC1,Ki,'=',140.0,nM,1
CHEMBL247574,C[C@H](NS(=O)(=O)C(F)(F)F)c1ccc(S(=O)(=O)c2ccc(Cl)cc2S(=O)(=O)c2c(F)cccc2N2CCOCC2)cc1,Ki,'=',140.0,nM,1
CHEMBL1080908,CN/C(=N\S(=O)(=O)N1CCC(C(F)(F)F)CC1)N1C[C@@H](c2ccccc2)C(c2ccc(Cl)cc2)=N1,Ki,'=',140.0,nM,1
CHEMBL196048,CCN(CC)S(=O)(=O)N/C(=N\C)N1CC(c2cccnc2)C(c2ccc(Cl)cc2)=N1,Ki,'=',141.0,nM,1
CHEMBL411481,COc1ccc(-c2oc3cc(OC)ccc3c2C(=O)c2ccc(C#N)cc2)cc1,Ki,'=',141.0,nM,1
CHEMBL1081650,CN/C(=N\S(=O)(=O)N1CCCCC1)C1=NN(c2ccc(Cl)cc2)C(c2ccccc2)C1,Ki,'=',141.0,nM,1
CHEMBL252743,CC1=CC[C@@H]2[C@@H](C1)c1c(O)cc(CCCC(C)C)cc1OC2(C)C,Ki,'=',141.0,nM,1
CHEMBL1950330,C=CCn1c2c(c3cc(C(=O)N4CCC(C)CC4)ccc31)CN(CC1CC1)CC2,Ki,'=',143.0,nM,1
CHEMBL2387075,CCCCn1c2c(cc(C(=O)NCc3ccccc3)c1=O)CCC2,Ki,'=',143.0,nM,1
CHEMBL574965,COc1cc(CNC(=O)c2nn(-c3ccc(Cl)cc3Cl)c(-n3c(C)ccc3C)c2C)c(Br)c(OC)c1OC,Ki,'=',144.0,nM,1
CHEMBL571773,CCCCCn1cc(C(=O)C2C(C)(C)C2(C)C)c2ccccc21,Ki,'=',144.54,nM,1
CHEMBL2316280,CCCCCn1cc(C(=O)NC2CCCCCC2)c(=O)c2c(C)noc21,Ki,'=',145.0,nM,1
CHEMBL571342,CC1(C)C(C(=O)c2cn(CCc3ccsc3)c3ccccc23)C1(C)C,Ki,'=',147.91,nM,1
CHEMBL148805,C1=C(CCN2CCOCC2)c2ccccc2/C1=C\c1cccc2ccccc12,Ki,'=',148.0,nM,1
CHEMBL519011,Cc1c(C(=O)NN2CCCCC2)nn(-c2c(Cl)cc(Cl)cc2Cl)c1-c1ccc(Cl)cc1Cl,Ki,'=',148.0,nM,1
CHEMBL4442680,COc1ccccc1/C=C1\C=C(CCN2CCOCC2)c2ccccc21,Ki,'=',149.0,nM,1
CHEMBL573805,Cc1c(C(=O)NC2CCCC2)nn(-c2ccc(Cl)cc2Cl)c1-n1c(C)ccc1C,Ki,'=',150.0,nM,1
CHEMBL199873,CCCCC/C=C\C/C=C\C/C=C\C/C=C\CCCC(=O)Nc1ccc(N2CCOCC2)cc1,Ki,'=',150.0,nM,1
CHEMBL4743504,c1ccc2cc(COc3nn(CCC4CCCCC4)c4ccccc34)ccc2c1,Ki,'=',150.0,nM,1
CHEMBL239703,O=C(NN1CCOCC1)C1=NN(c2ccc(Cl)cc2Cl)C(c2ccc(Cl)cc2)C1.O=S(=O)(O)O,Ki,'=',150.0,nM,1
CHEMBL401480,CC1CCN(C(=O)c2ccc3c(c2)c2c(n3S(=O)(=O)C(C)C)CN(C3CCCC3)C2)CC1,Ki,'=',150.0,nM,1
CHEMBL1631297,Cc1c(C(=O)NC(C)(C)C)nn(-c2ccc(Cl)cc2Cl)c1-n1c(C)ccc1C,Ki,'=',150.7,nM,1
CHEMBL2152825,CCCCCn1cc(C(=O)NC2CN3CCC2CC3)c(=O)c2ccc(Sc3ccccc3)cc21,Ki,'=',151.1,nM,1
CHEMBL195958,CN/C(=N\S(=O)(=O)N1CCCCC1)N1CC(c2ccccc2)C(c2ccc(Cl)cc2)=N1,Ki,'=',152.0,nM,1
CHEMBL484506,Cc1cc(Cl)ccc1-c1c(C)c(C(=O)NN2CCCCC2)nn1-c1c(Cl)cc(Cl)cc1Cl,Ki,'=',152.0,nM,1
CHEMBL4855206,C=CCCCn1cc(C(=O)c2ccc3c(c2)CC(C)(C)C3)c2ccccc21,Ki,'=',152.0,nM,1
CHEMBL469896,CSC(=S)N1CC2(CCCCC2)CO/C1=N\c1cccc2nonc12,Ki,'=',152.0,nM,1
CHEMBL2316279,CCCCCn1cc(C(=O)NC2CCCCC2)c(=O)c2c(C)noc21,Ki,'=',155.0,nM,1
CHEMBL197040,C/N=C(\NS(=O)(=O)N1CCCCCC1)N1CC(c2ccccc2)C(c2ccc(Cl)cc2)=N1,Ki,'=',155.0,nM,1
CHEMBL577791,Cc1c(C(=O)NCCc2ccc(Cl)cc2Cl)nn(-c2ccc(Cl)cc2Cl)c1-n1c(C)ccc1C,Ki,'=',156.0,nM,1
CHEMBL574031,Cc1c(C(=O)NCCc2ccc(Cl)c(Cl)c2)nn(-c2ccc(Cl)cc2Cl)c1-n1cccc1,Ki,'=',157.0,nM,1
CHEMBL1631295,CCCCCCC(C)NC(=O)c1nn(-c2ccc(Cl)cc2Cl)c(-n2cccc2)c1C,Ki,'=',157.5,nM,1
CHEMBL589169,O=S(=O)(NC[C@@H]1CC[C@@H](c2ccc(Cl)cc2Cl)N(c2ccc(Cl)cc2)C1)C1CC1,Ki,'=',158.0,nM,1
CHEMBL248125,CCCC(CO)NC(=O)c1cnc(-c2ccc(C)cc2)c(-c2ccc(C)cc2)n1,Ki,'=',158.0,nM,1
CHEMBL4847976,CCCCC1(c2cc(O)c3cc(CCC)c(=O)oc3c2)CCCCC1,Ki,'=',158.49,nM,1
CHEMBL489252,CCCCCCC(C)(C)c1cc(O)cc(OCCCCCCCCCCCC(=O)NC2CC2)c1,Ki,'=',158.49,nM,1
CHEMBL1828632,CCCCCn1cc(C(=O)c2cccc3ccccc23)c2ccncc21,Ki,'=',158.49,nM,1
CHEMBL391380,COC(=O)C(C)(C)c1ccc(-c2cc(C)cc(C)c2)c(O)c1,Ki,'=',160.0,nM,1
CHEMBL497326,CCCCCn1cc(C(=O)N[C@H](C)c2ccccc2)c(=O)c2ccc(N3CCCC3)cc21,Ki,'=',160.0,nM,1
CHEMBL3397517,COc1c(C)cc(-c2ccc(F)cc2)cc1C(=O)NC1CCCCCC1,Ki,'=',160.0,nM,1
CHEMBL4639191,CN1N=CC2C1C(O)=C(C(=O)NC13CC4CC(CC(O)(C4)C1)C3)C(=O)N2CCCCF,Ki,'=',161.0,nM,1
CHEMBL2206861,CCCn1cc(C(=O)c2ccc(Br)c3ccccc23)c2ccccc21,Ki,'=',161.0,nM,1
CHEMBL66956,COc1cccc2c(C(=O)NC(c3ccccc3)c3ccccn3)nn(CCN3CCOCC3)c12,Ki,'=',162.0,nM,1
CHEMBL1088730,O=C(C1CCCCC1)N1CCN(C(c2ccccc2)c2ccccc2)CC1,Ki,'=',164.0,nM,1
CHEMBL15877,O=C(NN1CC2CCCC2C1)c1nc(-c2ccc(Cl)cc2)n(-c2ccc(Cl)cc2Cl)n1,Ki,'=',164.0,nM,1
CHEMBL1223715,CCCCCC1=NN(C(=O)c2cccc3ccccc23)CC1c1ccccc1,Ki,'=',164.0,nM,1
CHEMBL574970,COc1cc(CNC(=O)c2nn(-c3ccc(F)cc3F)c(-n3c(C)ccc3C)c2C)c(Br)c(OC)c1OC,Ki,'=',165.0,nM,1
CHEMBL2030761,CCNC(=O)N1CCC(NC(=O)c2nn(-c3ccc(Cl)cc3Cl)c(-c3ccc(Cl)cc3)c2C)CC1,Ki,'=',165.0,nM,1
CHEMBL3353440,C[C@H]1CC[C@H](NC(=O)c2cc3cc(Br)cnc3n(Cc3ccc(F)cc3)c2=O)CC1,Ki,'=',166.0,nM,1
CHEMBL247552,Cc1ccc(-c2ncc(C(=O)N[C@@H]3CCCC[C@@H]3CO)nc2-c2ccc(C)cc2)cc1,Ki,'=',167.0,nM,1
CHEMBL111345,CC1=CC[C@@H]2[C@@H](C1)c1c(O)cc(C3SCCS3)cc1OC2(C)C,Ki,'=',168.0,nM,1
CHEMBL4877653,CCCCCc1cc(OC)c2cc(Cc3cccnc3)c(=O)oc2c1,Ki,'=',169.82,nM,1
CHEMBL1923771,CCCCCCC(C)(C)c1cc(O)cc(OCCCCCCOC(CO)CO)c1,Ki,'=',170.0,nM,1
CHEMBL250767,COc1ccc2c(=O)c(C(=O)NC3CCCCC3)cn(Cc3ccccc3)c2c1,Ki,'=',170.0,nM,1
CHEMBL228508,CCCCCCc1c(O)cccc1OCCCCCCCCCCCC(=O)NCCO,Ki,'=',170.0,nM,1
CHEMBL158779,C/N=C(\NS(=O)(=O)c1ccccc1)N1CC(c2ccccc2)C(c2ccc(Cl)cc2)=N1,Ki,'=',170.0,nM,1
CHEMBL1950352,CC1CCN(C(=O)c2ccc3c(c2)c2c(n3S(=O)(=O)C(C)C)CCN(C3CCOCC3)C2)CC1,Ki,'=',170.0,nM,1
CHEMBL178799,Cc1c(C(=O)NCc2ccc(C(F)(F)F)cc2)nc(-c2ccc(Cl)cc2Cl)n1-c1ccc(Cl)cc1,Ki,'=',171.0,nM,1
CHEMBL256234,Cc1c(C(=O)N(C)CCc2ccccc2)oc2ccc(S(=O)(=O)N3CC(C)CC(C)C3)cc12,Ki,'=',172.0,nM,1
CHEMBL173662,Cc1c(C(=O)N2CCC(O)CC2)nc(-c2ccc(Cl)cc2Cl)n1-c1ccc(Cl)cc1,Ki,'=',172.0,nM,1
CHEMBL393045,CSC(=S)N1CC2(CCCCC2)CS/C1=N\c1ccc(C#N)cc1,Ki,'=',173.0,nM,1
CHEMBL4782654,Cc1c(-c2ccccc2)cc(C(=O)NC2CCCCCC2)c(=O)n1Cc1ccc(F)cc1,Ki,'=',176.0,nM,1
CHEMBL250809,CCS(=O)(=O)n1c2c(c3cc(C(=O)N4CCC(C)CC4)ccc31)CN(CC1CC1)C2,Ki,'=',176.0,nM,1
CHEMBL2170548,CCCCCn1cc(C(=O)NCC2CC2)c(=O)cc1C(C)(C)C,Ki,'=',176.0,nM,1
CHEMBL2029726,CN(CC(=O)NC1CC1)C(=O)c1ccc2c(c1)c1c(n2C)CC[C@H](C2CCOCC2)C1,Ki,'=',177.0,nM,1
CHEMBL3323677,CCCCCCC(C)(C)c1cc(O)cc(OCCCCCCCC(=O)NC(CO)CO)c1,Ki,'=',177.8,nM,1
CHEMBL245860,Cc1ccc(-c2ncc(C(=O)NCC3CC3)nc2-c2ccc(C)cc2)cc1,Ki,'=',178.0,nM,1
CHEMBL246478,Cc1ccc(-c2ncc(C(=O)NCCC(C)C)nc2-c2ccc(C)cc2)cc1,Ki,'=',178.0,nM,1
CHEMBL2022567,C=CC(C)(C)[C@@]12C[C@H]3C(=O)N4[C@@H](C[C@@]5(C(C)(C)C=C)c6ccccc6N[C@@H]45)C(=O)N3[C@@H]1Nc1ccccc12,Ki,'=',178.0,nM,1
CHEMBL2152805,CN(C)CCn1cc(C(=O)N[C@@H]2C(C)(C)C3CC[C@]2(C)C3)c(=O)c2ccc(F)cc21,Ki,'=',178.7,nM,1
CHEMBL4446228,Cc1c(C(=O)NN2CCCCC2)nn(-c2ccc(Cl)cc2Cl)c1-c1ccc(C#CCCO)cc1,Ki,'=',180.0,nM,1
CHEMBL3397519,COc1c(C)cc(-c2ccc(F)cc2)cc1C(=O)N[C@H]1CC[C@@H](C)CC1,Ki,'=',180.0,nM,1
CHEMBL3905036,O=S(=O)(NCC1CC1)c1ccc(Nc2ccc(Cl)cc2Cl)cc1C(F)(F)F,Ki,'=',180.0,nM,1
CHEMBL223991,CCCCCCc1ccc(OCCCCCC(=O)NC2CC2)cc1O,Ki,'=',180.0,nM,1
CHEMBL2019081,O=C(NC1(C(=O)O)CCCCC1)c1cc2c(n(CC3CCCCC3)c1=O)CCCCCC2,Ki,'=',181.0,nM,1
CHEMBL2152810,CCn1cc(C(=O)N[C@@H]2C(C)(C)C3CC[C@]2(C)C3)c(=O)c2ccc(Sc3ccccc3)cc21,Ki,'=',181.3,nM,1
CHEMBL1631168,CCCCCNC(=O)c1nn(-c2ccc(Cl)cc2Cl)c(-n2c(C)ccc2C)c1C,Ki,'=',182.1,nM,1
CHEMBL2030763,CCCNC(=O)N1CCC(NC(=O)c2nn(-c3ccc(Cl)cc3Cl)c(-c3ccc(Cl)cc3)c2C)CC1,Ki,'=',184.0,nM,1
CHEMBL333097,CCCCC/C=C\C/C=C\C/C=C\C/C=C\CC[C@H](C)C(=O)N[C@H](C)CO,Ki,'=',185.0,nM,1
CHEMBL2349625,CCc1c(C)sc(NC(=O)C23CC4CC(CC(C4)C2)C3)c1C(=O)OC,Ki,'=',185.14,nM,1
CHEMBL3109757,O=C(N[C@@H]1CCCC[C@@H]1O)c1cnc(OCC2CC2)c(-c2ccc(Cl)cc2)c1,Ki,'=',186.0,nM,1
CHEMBL4747880,CCCc1cc(O)c2c(c1)OC(C)(C)[C@@H]1CCC(C(=O)O)=C[C@@H]21,Ki,'=',186.8,nM,1
CHEMBL2030764,CCCCNC(=O)N1CCC(NC(=O)c2nn(-c3ccc(Cl)cc3Cl)c(-c3ccc(Cl)cc3)c2C)CC1,Ki,'=',187.0,nM,1
CHEMBL2206858,CCCn1c(C)c(C(=O)c2ccc(Cl)c3ccccc23)c2ccccc21,Ki,'=',187.0,nM,1
CHEMBL138667,CC1=CC[C@@H]2[C@@H](C1)c1c(O)cc(C(C)(C)CCCCC(=O)Nc3ccc(Cl)cc3)cc1OC2(C)C,Ki,'=',187.0,nM,1
CHEMBL394006,C=C(C)C1CCC(C)=C[C@H]1c1c(O)cc(C2(CCCCCC)CC2(Br)Br)cc1O,Ki,'=',189.0,nM,1
CHEMBL228509,CCCCCCc1ccc(OCCCCCCCC(=O)NCCO)cc1O,Ki,'=',190.0,nM,1
CHEMBL3109783,O=C(N[C@@H]1CCCC[C@H]1O)c1cnc(OCC2CC2)c(-c2ccccc2Cl)c1,Ki,'=',190.0,nM,1
CHEMBL246776,C[C@H](NS(=O)(=O)C(F)(F)F)c1ccc(S(=O)(=O)c2ccc(Cl)cc2S(=O)(=O)N2CCOCC2)cc1,Ki,'=',192.0,nM,1
CHEMBL272944,Cc1c(C(=O)N2CCCCCC2)oc2ccc(S(=O)(=O)N3CC(C)CC(C)C3)cc12,Ki,'=',193.0,nM,1
CHEMBL2152801,CCCn1cc(C(=O)N[C@@H]2C(C)(C)C3CC[C@]2(C)C3)c(=O)c2ccc(F)cc21,Ki,'=',193.0,nM,1
CHEMBL4282822,CCCCCc1cc(O)c2c(c1)OC(C)(C)[C@@H]1C=C[C@@](C)(O)C[C@@H]21,Ki,'=',193.0,nM,1
CHEMBL2170530,CCCCCn1cc(C(=O)NC23CC4CC(CC(C4)C2)C3)c(=O)c(I)c1C,Ki,'=',193.4,nM,1
CHEMBL1631298,CCC(C)(C)NC(=O)c1nn(-c2ccc(Cl)cc2Cl)c(-n2c(C)ccc2C)c1C,Ki,'=',193.5,nM,1
CHEMBL240100,CCCCCCC(C)(C)c1ccc(OCC/C=C\C/C=C\CCCC(=O)N[C@H](C)CO)cc1,Ki,'=',194.85,nM,1
CHEMBL4852553,CCCCC(C)(C)c1cc(OC)c2cc(Cc3ccccc3OC)c(=O)oc2c1,Ki,'=',194.98,nM,1
CHEMBL2180220,CCNC(=O)NC1(c2ccccc2)CCN(c2ncnc3c2nc(-c2ccccc2Cl)n3-c2ccc(Cl)cc2)CC1,Ki,'=',195.0,nM,1
CHEMBL250491,CCCS(=O)(=O)n1c2c(c3cc(C(=O)N4CCC(C)CC4)ccc31)CN(C1CCCC1)C2,Ki,'=',195.0,nM,1
CHEMBL381314,CCCCCOc1c(OC)ccc2cc(C(=O)NCCc3ccccc3)c(=O)[nH]c12,Ki,'=',196.0,nM,1
CHEMBL158610,COc1ccc(S(=O)(=O)NC(=N)N2CC(c3ccccc3)C(c3ccc(Cl)cc3)=N2)cc1,Ki,'=',196.0,nM,1
CHEMBL367672,Cc1c(C(=O)NN2CCOCC2)nc(-c2ccc(Cl)cc2Cl)n1-c1ccc(Cl)cc1,Ki,'=',197.0,nM,1
CHEMBL2163579,CC[C@@H]1COc2cccc3c(=O)c(C(=O)NC45CC6CC(CC(C6)C4)C5)cn1c23,Ki,'=',197.0,nM,1
CHEMBL158935,Cc1ccc(S(=O)(=O)NC(=N)N2CC(c3ccccc3)C(c3ccc(Cl)cc3)=N2)cc1,Ki,'=',197.0,nM,1
CHEMBL1950488,CCS(=O)(=O)n1c2c(c3cc(C(=O)N4CCC(C)CC4)ccc31)CN(C1CCOC1)CC2,Ki,'=',197.0,nM,1
CHEMBL256036,Cc1c(C(=O)NCCc2ccccc2)oc2ccc(S(=O)(=O)N3CC(C)CC(C)C3)cc12,Ki,'=',198.0,nM,1
CHEMBL3950898,CC(C)(c1ccccc1)c1ccc(-c2cc(Cl)cc(Cl)c2)c(O)c1,Ki,'=',199.0,nM,1
CHEMBL521944,CC(C)CCOc1cc(O)cc(OCCCCCCCCCCC(=O)NC2CC2)c1,Ki,'=',199.53,nM,1
CHEMBL3116278,c1ccc2c(c1)c(OCC1CCCCC1)nn2CC1CCCCC1,Ki,'=',200.0,nM,1
CHEMBL1814459,CCCCCn1cc(C(=O)NC23CC4CC(CC(C4)C2)C3)c(=O)c2cccc([N+](=O)[O-])c21,Ki,'=',200.0,nM,1
CHEMBL466651,CC1CCC(NC(=O)c2cc3cccnc3n(Cc3ccc(F)cc3)c2=O)CC1,Ki,'=',200.0,nM,1
CHEMBL466047,C[C@H]1CC[C@@H](NC(=O)c2cc3cccnc3n(Cc3ccc(F)cc3)c2=O)CC1,Ki,'=',200.0,nM,1
CHEMBL197601,CCCCC/C=C\C/C=C\C/C=C\C/C=C\CCCC(=O)NCc1ccc(OC)cc1OC,Ki,'=',200.0,nM,1
CHEMBL2381808,CCCCCn1cc(C(=O)NC2CCCCCC2)c(=O)n2nc(CC)cc12,Ki,'=',200.0,nM,1
CHEMBL2163938,CCCC1COc2cccc3c(=O)c(C(=O)NC45CC6CC(C)(CC(C)(C6)C4)C5)cn1c23,Ki,'=',200.0,nM,1
CHEMBL474897,Cc1ccc(-c2nc(CC(C)(C)C)cs2)cc1S(=O)(=O)N1CCOCC1,Ki,'=',200.0,nM,1
CHEMBL434069,CCCCC/C=C\C/C=C\C/C=C\C/C=C\CCCC(=O)NCc1ccc(O)cc1,Ki,'=',200.0,nM,1
CHEMBL389539,Cc1c2c(n(-c3c(Cl)cccc3Cl)c1-c1ccc(Cl)cc1)CCN(C1CCCCC1)C2=O,Ki,'=',200.0,nM,1
CHEMBL2326303,CCN(CC)c1ccc(CN(C(=O)C2CCCCC2)c2ccc(C)cc2)cc1,Ki,'=',202.0,nM,1
CHEMBL247517,CCC(COCc1ccccc1)NC(=O)c1cnc(-c2ccc(C)cc2)c(-c2ccc(C)cc2)n1,Ki,'=',203.0,nM,1
CHEMBL287472,CCCCCCCn1nc(C(=O)NN2CCCCC2)c(C)c1-c1ccccc1,Ki,'=',203.2,nM,1
CHEMBL392850,C[C@H](NS(C)(=O)=O)c1ccc(S(=O)(=O)c2ccc(Cl)cc2S(=O)(=O)c2cccc3cccnc23)cc1,Ki,'=',204.0,nM,1
CHEMBL127919,CCCC(C)(C)c1ccc2c(c1)OC(C)(C)c1ccc(CO)cc1-2,Ki,'=',204.0,nM,1
CHEMBL270955,CC1(C)C(C(=O)c2cn(CC3CCOCC3)c3ccc(O)cc23)C1(C)C,Ki,'=',204.0,nM,1
CHEMBL2022364,O=C(NC1CCCCCC1)c1cc2ccccc2n(CCN2CCOCC2)c1=O,Ki,'=',206.0,nM,1
CHEMBL3109768,O=C(N[C@@H]1CCCC[C@H]1O)c1cnc(OC2CCC2)c(-c2ccc(Cl)cc2)c1,Ki,'=',208.0,nM,1
CHEMBL372697,CC/N=C(\NS(=O)(=O)N(CC)CC)N1CC(c2ccccc2)C(c2ccc(Cl)cc2)=N1,Ki,'=',209.0,nM,1
CHEMBL3260733,Cc1nn2c(=O)n(Cc3ccc(C(F)(F)F)nc3)nc2c(-c2ccncc2)c1-c1ccc(Cl)cc1,Ki,'=',210.0,nM,1
CHEMBL426923,CCCCCCc1ccc(O)cc1OCCCCCCCCCCC(=O)NC1CC1,Ki,'=',210.0,nM,1
CHEMBL2336539,CCN(CC)c1ccc(CN(C2CCCCC2)S(=O)(=O)c2ccc(C)cc2)cc1,Ki,'=',210.0,nM,1
CHEMBL571774,CC1(C)C(C(=O)c2cn(Cc3ccccc3)c3ccccc23)C1(C)C,Ki,'=',210.0,nM,1
CHEMBL474125,O=C(NC1CC1)c1cnn(-c2ccc(Cl)cc2Cl)c1-c1ccc(I)cc1,Ki,'=',210.0,nM,1
CHEMBL1631165,CCCCCCCNC(=O)c1nn(-c2ccc(Cl)cc2Cl)c(-n2cccc2)c1C,Ki,'=',211.0,nM,1
CHEMBL385964,Cc1c(/C=C/N2CCCCC2)nn(-c2ccc(Cl)cc2Cl)c1-c1ccc(Cl)cc1,Ki,'=',213.0,nM,1
CHEMBL571777,CC1(C)C(C(=O)c2cn(C[C@@H]3CCCO3)c3ccccc23)C1(C)C,Ki,'=',213.8,nM,1
CHEMBL159201,C/N=C(\NS(=O)(=O)c1ccc(Cl)cc1)N1CC(c2ccccc2)C(c2ccc(F)cc2)=N1,Ki,'=',214.0,nM,1
CHEMBL3260738,Cn1nc2c(-c3ccncc3)c(-c3ccc(Cl)cc3)c(=O)n(Cc3ccc(C#N)cc3)n2c1=O,Ki,'=',214.0,nM,1
CHEMBL2163937,CCCC1COc2cccc3c(=O)c(C(=O)NC45CC6CC(CC(C6)C4)C5)cn1c23,Ki,'=',215.0,nM,1
CHEMBL405888,O=C(c1cc2c(cc1Cl)OC(c1ccccc1)(c1ccccc1)O2)N1CCOCC1,Ki,'=',216.0,nM,1
CHEMBL4850969,CCCCC(C)(C)c1cc(OC)c2cc(Cc3ccccc3C)c(=O)oc2c1,Ki,'=',217.0,nM,1
CHEMBL4747163,O=C1/C(=C/c2cn(Cc3ccc(F)cc3)c3ncccc23)N2CCC1CC2,Ki,'=',218.0,nM,1
CHEMBL575178,Cc1c(C(=O)NCCc2ccc(Cl)cc2Cl)nn(-c2ccc(Cl)cc2Cl)c1-n1cccc1,Ki,'=',218.0,nM,1
CHEMBL2326299,CCN(CC)c1ccc(CN(c2ccc(C)cc2)S(=O)(=O)c2cccc(C)c2)cc1,Ki,'=',218.0,nM,1
CHEMBL2018779,CC(C)(NC(=O)c1cc2c(n(CC3CCCCC3)c1=O)CCCCCC2)C(=O)N1CCC(C(=O)NS(C)(=O)=O)CC1,Ki,'=',218.0,nM,1
CHEMBL4591232,CCCCCCC(C)(C)c1cc(O)c2c(c1)OC(C)(C)c1cn(CO)nc1-2,Ki,'=',218.1,nM,1
CHEMBL1801080,COc1cc(C(=O)NC2(C(=O)N[C@H](C)c3ccc(-n4cccn4)cc3F)CC2)on1,Ki,'=',220.0,nM,1
CHEMBL2180222,CCCNC(=O)NC1(c2ccccc2)CCN(c2ncnc3c2nc(-c2ccccc2Cl)n3-c2ccc(Cl)cc2)CC1,Ki,'=',220.0,nM,1
CHEMBL475910,O=C(NCCC(c1ccccc1)c1ccccc1)C(c1ccccc1)c1ccc(Br)cc1,Ki,'=',220.0,nM,1
CHEMBL160717,CCCCC/C=C\C/C=C\C/C=C\C/C=C\CCCC(=O)NCCCCO,Ki,'=',220.0,nM,1
CHEMBL345466,C/N=C(\NS(=O)(=O)c1ccc(C(F)(F)F)cc1)N1CC(c2ccccc2)C(c2ccc(Cl)cc2)=N1,Ki,'=',221.0,nM,1
CHEMBL1800731,CCCCC/C=C\C/C=C\C/C=C\C/C=C\CCCCOC(CO)COC(=O)CCCCCNC(=O)CCCC[C@@H]1SC[C@@H]2NC(=O)N[C@@H]21,Ki,'=',221.0,nM,1
CHEMBL2163945,CC1(C)COc2cccc3c(=O)c(C(=O)NC45CC6CC(CC(C6)C4)C5)cn1c23,Ki,'=',221.0,nM,1
CHEMBL372650,C/N=C(\NS(=O)(=O)N(C)C)N1CC(c2ccccc2)C(c2ccc(Cl)cc2)=N1,Ki,'=',223.0,nM,1
CHEMBL3586109,CCCCCc1cc(O)c2c(c1)OC(C)(C)[C@@H]1CC[C@@]3(C)O[C@H]3[C@@H]21,Ki,'=',224.0,nM,1
CHEMBL1950490,Cn1c2c(c3cc(C(=O)N4CCCCC4)ccc31)CN(C1CCOCC1)CC2,Ki,'=',226.0,nM,1
CHEMBL177403,O=C(NN1CCCCC1)c1nc(-c2ccc(Cl)cc2Cl)c(-c2ccc(Cl)cc2)s1,Ki,'=',227.0,nM,1
CHEMBL554943,COc1cccc(N2C(C(C)=O)=NN(c3ccc(Cl)cc3)C2c2ccc(N3CCOCC3)cc2)c1,Ki,'=',227.0,nM,1
CHEMBL574959,COc1cc(CNC(=O)c2nn(-c3ccc(Cl)cc3Cl)c(-n3cccc3)c2C)c(Br)c(OC)c1OC,Ki,'=',227.0,nM,1
CHEMBL3422788,CCCCCn1c(=O)c(C(=O)NC2CCC(C)CC2)cc2ccccc21,Ki,'=',227.0,nM,1
CHEMBL411244,CC1(C)C(C(=O)c2cn(CC3CCOCC3)c3cc(-c4ccccc4)ccc23)C1(C)C,Ki,'=',228.0,nM,1
CHEMBL4845760,CCCCCc1cc(O)c2c(c1)OC(C)(C)[C@H]1CCC(C)=C[C@@H]21,Ki,'=',228.0,nM,1
CHEMBL1270369,Cc1c(C(=O)NCCCCCNCCCCCN)nn(-c2ccc(Cl)cc2Cl)c1-c1ccc(Cl)cc1,Ki,'=',230.0,nM,1
CHEMBL196989,C/N=C(\NS(=O)(=O)N1CCCC1)N1CC(c2ccccc2)C(c2ccc(Cl)cc2)=N1,Ki,'=',231.0,nM,1
CHEMBL4640659,CCCCn1c(=O)c(C(=O)NC23CC4CC(CC(C4)C2)C3)c(O)c2nn(C)cc21,Ki,'=',231.0,nM,1
CHEMBL123011,CCCCC/C=C\C/C=C\C/C=C\C/C=C\CC[C@@H](C)C(=O)N[C@@H](C)CO,Ki,'=',233.0,nM,1
CHEMBL1631296,Cc1c(C(=O)NC(C)C)nn(-c2ccc(Cl)cc2Cl)c1-n1c(C)ccc1C,Ki,'=',233.5,nM,1
CHEMBL2022694,O=C(NC1CCCCCC1)c1c(O)c2cccnc2n(CCN2CCOCC2)c1=O,Ki,'=',234.0,nM,1
CHEMBL272876,CC1(C)C(C(=O)c2cn(CC3CCOCC3)c3ccc(OCc4ccccc4)cc23)C1(C)C,Ki,'=',234.0,nM,1
CHEMBL181843,COc1ccc(S(=O)(=O)c2cc(OC)ccc2S(=O)(=O)c2ccc([C@H](C)NC(=O)C(F)(F)F)cc2)cc1,Ki,'=',235.0,nM,1
CHEMBL2023582,O=C(O)Cc1cnc(NC(=O)c2cc3c(n(CC4CCCCC4)c2=O)CCCCCC3)s1,Ki,'=',235.0,nM,1
CHEMBL4471974,O=C(c1cccc2ccccc12)c1cn(CCN2CCOCC2)c2cccc(F)c12,Ki,'=',237.0,nM,1
CHEMBL245469,Cc1ccc(-c2ncc(C(=O)N[C@H](CO)C(C)C)nc2-c2ccc(C)cc2)cc1,Ki,'=',237.0,nM,1
CHEMBL247747,Cc1ccc(-c2ncc(C(=O)N[C@@H](C(N)=O)c3ccccc3)nc2-c2ccc(C)cc2)cc1,Ki,'=',238.0,nM,1
CHEMBL3964915,O=S(=O)(NCC1CC1)c1ccc(NC2CC3CCC2C3)cc1C(F)(F)F,Ki,'=',239.0,nM,1
CHEMBL1950349,CC1CCN(C(=O)c2ccc3c(c2)c2c(n3S(C)(=O)=O)CCN(C3CCOCC3)C2)CC1,Ki,'=',239.0,nM,1
CHEMBL1087032,CCCCNC(=O)N1CCN(C(c2ccccc2)c2ccccc2)CC1,Ki,'=',239.0,nM,1
CHEMBL230991,Cc1cn(-c2ccc(Cl)cc2Cl)c2c1C(=O)N(C1CCCCC1)CC2,Ki,'=',240.0,nM,1
CHEMBL2206853,CCCn1cc(C(=O)c2ccc(F)c3ccccc23)c2ccccc21,Ki,'=',240.0,nM,1
CHEMBL575186,Cc1c(C(=O)NCCc2ccc(Cl)cc2)nn(-c2ccc(Cl)c(Cl)c2)c1-n1cccc1,Ki,'=',240.0,nM,1
CHEMBL2296785,COCc1c(C(=O)NC2CCCCC2)nn(-c2ccc(Cl)cc2Cl)c1C1C2(C)CCC(C2)C1(C)C,Ki,'=',240.99,nM,1
CHEMBL2018661,CN(C)CCNC(=O)C(C)(C)NC(=O)c1cc2c(n(CC3CCCCC3)c1=O)CCCCCC2,Ki,'=',242.0,nM,1
CHEMBL234175,CSC(=S)N1CC2(CCCCC2)CS/C1=N\c1cccc2c1CCC2,Ki,'=',243.0,nM,1
CHEMBL383287,O=C1C(c2ccccc2)N(c2ccc(Br)cc2)C(=O)N1c1ccc(Br)cc1,Ki,'=',243.0,nM,1
CHEMBL3114179,O=C(NC1CCCCCC1)c1cc(Br)cn(CCN2CCOCC2)c1=O,Ki,'=',243.0,nM,1
CHEMBL261595,COc1ccc([C@@H]2[C@@H](CCCc3cccnc3)C(=O)N2c2ccccc2)cc1,Ki,'=',243.8,nM,1
CHEMBL2181540,CCCCCCC(C)(C)c1cc(O)c2cc(Cc3ccccc3O)c(=O)oc2c1,Ki,'=',244.0,nM,1
CHEMBL3234671,COc1cccc2c(C(=O)N[C@@H]3C(C)(C)[C@@H]4CC[C@@]3(C)C4)cn(CCN3CCOCC3)c12,Ki,'=',245.0,nM,1
CHEMBL68288,COc1cccc2c(C(=O)NC3C(C)(C)[C@@H]4CC[C@@]3(C)C4)cn(CCN3CCOCC3)c12,Ki,'=',245.0,nM,1
CHEMBL4071738,O=C(NC12CC3CC(CC(C3)C1)C2)c1cc(-c2ccccc2)nn(C2CCCC2)c1=O,Ki,'=',245.0,nM,1
CHEMBL270082,CC1(C)C(C(=O)c2cn(CC3CCOCC3)c3c(O)cccc23)C1(C)C,Ki,'=',245.47,nM,1
CHEMBL1215892,CCCCCn1cc(C(=O)NC23CC4CC(CC(C4)C2)C3)c(=O)c2cc(-c3cnn(CC(C)C)c3)ccc21,Ki,'=',245.7,nM,1
CHEMBL232538,CSC(=S)N1CC2(CCCCC2)CS/C1=N\c1cccc2nonc12,Ki,'=',246.0,nM,1
CHEMBL4208621,Cc1ccc(-c2cc(SNCC3C4(C)CCC(C4)C3(C)C)nnc2-c2ccc(C)cc2)cc1,Ki,'=',246.6,nM,1
CHEMBL3109756,O=C(N[C@H]1CCCC[C@@H]1O)c1cnc(OCC2CC2)c(-c2ccc(Cl)cc2)c1,Ki,'=',247.0,nM,1
CHEMBL1952280,CN(Cc1ccccc1)C(=O)N1CC(O[C@@H](c2ccc(Cl)cc2)c2cccnc2Cl)C1,Ki,'=',249.0,nM,1
CHEMBL4241849,O=C(NS(=O)(=O)c1ccccc1F)N1CCN(c2ncnc3c2nc(-c2ccccc2Cl)n3-c2ccc(Cl)cc2)CC1,Ki,'=',250.0,nM,1
CHEMBL3221198,O=C1/C(=C/c2cccc(OCc3ccc(Cl)cc3)c2)N=C2SCCCCN12,Ki,'=',250.0,nM,1
CHEMBL1828804,COCCn1cc(C(=O)c2ccccc2-c2ccccc2)c2ccccc21,Ki,'=',251.19,nM,1
CHEMBL1828803,COCCn1cc(C(=O)c2cccc(-c3ccccc3)c2)c2ccccc21,Ki,'=',251.19,nM,1
CHEMBL490245,CCCCOc1cc(O)cc(OCCCCCCCCCCC(=O)NC2CC2)c1,Ki,'=',251.19,nM,1
CHEMBL2316298,CCCCCn1cc(C(=O)NC2CCCCCC2)c(=O)c2c(C)nn(C)c21,Ki,'=',252.0,nM,1
CHEMBL238781,C=C(C)C1CCC(C)=C[C@H]1c1c(O)cc(C2(C#N)CCCC2)cc1O,Ki,'=',255.0,nM,1
CHEMBL158837,C/N=C(\NS(=O)(=O)c1ccc(Cl)cc1)N1CC(c2ccc(Cl)cc2)C(c2ccc(Cl)cc2)=N1,Ki,'=',255.0,nM,1
CHEMBL560462,O=C(Nc1ccccc1Oc1ccccc1)c1ccc(S(=O)(=O)N2CCc3ccccc32)cc1,Ki,'=',256.0,nM,1
CHEMBL2296775,CCCCCn1nc(C(=O)NN2CCCCC2)cc1-c1ccccc1,Ki,'=',256.4,nM,1
CHEMBL2019080,O=C(NC1(C(=O)O)CCCC1)c1cc2c(n(CC3CCCCC3)c1=O)CCCCCC2,Ki,'=',258.0,nM,1
CHEMBL1765679,Cc1c(C(=O)NC2(C#N)CCOCC2)nn(-c2ccc(Br)cc2)c1-c1ccccc1,Ki,'=',259.0,nM,1
CHEMBL250626,CC1CCN(C(=O)c2ccc3c(c2)c2c(n3S(=O)(=O)c3ccccc3)CN(C3CCCC3)C2)CC1,Ki,'=',259.0,nM,1
CHEMBL1814470,CCCCCOc1cccc2c(=O)c(C(=O)NC34CC5CC(CC(C5)C3)C4)c[nH]c12,Ki,'=',260.0,nM,1
CHEMBL3891231,COc1cc(Nc2ccc(S(=O)(=O)NCC3CC3)c(C(F)(F)F)c2)cc(OC)c1,Ki,'=',260.0,nM,1
CHEMBL228455,CCCCCCc1c(O)cccc1OCCCCCCCC(=O)NCCO,Ki,'=',260.0,nM,1
CHEMBL475093,Cc1ccc(-c2nc(C(C)(C)C)cs2)cc1S(=O)(=O)N1CCOCC1,Ki,'=',260.0,nM,1
CHEMBL4444520,Cc1c(C(=O)NN2CCCCC2)nn(-c2ccc(Cl)cc2Cl)c1-c1ccc(C#CCCOC(=O)CCCCCNC(=S)c2ccc3c(c2)C(=O)OC32c3ccc(O)cc3Oc3cc(O)ccc32)cc1,Ki,'=',260.0,nM,1
CHEMBL258244,Cc1ccc(C(=O)NC23CC4CC(CC(C4)C2)C3)cc1S(=O)(=O)N1CCOCC1,Ki,'=',260.0,nM,1
CHEMBL250608,C=CCN1Cc2c(n(S(=O)(=O)CC)c3ccc(C(=O)N4CCC(C)CC4)cc23)C1,Ki,'=',263.0,nM,1
CHEMBL560463,COc1ccccc1NC(=O)C(C)Sc1nc(-c2ccc(C)cc2)nc2c1COC(C)(C)C2,Ki,'=',264.0,nM,1
CHEMBL1950342,CC1CCN(C(=O)c2ccc3[nH]c4c(c3c2)CN(C2CCCC2)CC4)CC1,Ki,'=',264.0,nM,1
CHEMBL3323673,CCCCCc1cc(O)cc(OCCCCCCCCCCC(=O)N[C@H](C)CO)c1,Ki,'=',264.4,nM,1
CHEMBL2163951,O=C(NC12CC3CC(CC(C3)C1)C2)c1cn2c3c(cccc3c1=O)OCC2c1ccccc1,Ki,'=',265.0,nM,1
CHEMBL2019086,O=C(NC1(C(=O)O)CCCCC1)c1cc2c(n(Cc3ccc(F)cc3)c1=O)CCCCCC2,Ki,'=',266.0,nM,1
CHEMBL2180223,CCCCNC(=O)NC1(c2ccccc2)CCN(c2ncnc3c2nc(-c2ccccc2Cl)n3-c2ccc(Cl)cc2)CC1,Ki,'=',269.0,nM,1
CHEMBL1668519,COCCn1c(C)c(C)s/c1=N\C(=O)C1C(C)(C)C1(C)C,Ki,'=',270.0,nM,1
CHEMBL229858,N[C@H]1CCCC[C@@H]1NC(=O)c1cn(-c2ccc(Cl)cc2)c(-c2ccc(Cl)cc2Cl)n1,Ki,'=',270.0,nM,1
CHEMBL1814467,CCCCCn1c(=O)c(C(=O)NC23CC4CC(CC(C4)C2)C3)c(O)c2cc(-c3ccco3)ccc21,Ki,'=',270.0,nM,1
CHEMBL275416,COc1cc(Cl)ccc1-c1nc(C(=O)NN2CC3CCCC3C2)nn1-c1ccc(Cl)cc1Cl,Ki,'=',270.0,nM,1
CHEMBL1923772,CCCCCCC(C)(C)c1cc(O)cc(OCCCCCCCCOC(CO)CO)c1,Ki,'=',270.0,nM,1
CHEMBL472679,Cc1ccc(-c2noc(CC(C)(C)C)n2)cc1S(=O)(=O)N1CCOCC1,Ki,'=',270.0,nM,1
CHEMBL1254015,Cc1s/c(=N\C(=O)C2C(C)(C)C2(C)C)n(CCO[11CH3])c1C,Ki,'=',270.0,nM,1
CHEMBL470233,Cc1ccc(NC(=O)c2cccc(Cl)c2)cc1S(=O)(=O)N1CCOCC1,Ki,'=',270.0,nM,1
CHEMBL2030926,CCCNC(=O)N1CCC[C@H](NC(=O)c2nn(-c3ccc(Cl)cc3Cl)c(-c3ccc(Cl)cc3)c2C)C1,Ki,'=',271.0,nM,1
CHEMBL4483617,O=C(Nc1nc2ccccc2s1)C12CC3CC(CC(C3)C1)C2,Ki,'=',272.0,nM,1
CHEMBL4577623,CCCCCCC(C)(C)c1cc(OC)c2c(c1)OC(C)(C)c1cn[nH]c1-2,Ki,'=',272.0,nM,1
CHEMBL1631161,CCCCNC(=O)c1nn(-c2ccc(Cl)cc2Cl)c(-n2cccc2)c1C,Ki,'=',272.6,nM,1
CHEMBL555341,CCOC(=O)CN1C(c2ccc(F)cc2)Nc2ccc(Br)cc2C1c1ccccc1,Ki,'=',273.0,nM,1
CHEMBL3975498,CC(C)(NS(=O)(=O)c1ccc(NC2CC3CCC2C3)cc1C(F)(F)F)C1CC1,Ki,'=',273.0,nM,1
CHEMBL3353834,Fc1ccccc1CSc1nnc2c3ccccc3n(Cc3ccccc3)c2n1,Ki,'=',275.0,nM,1
CHEMBL263128,N#Cc1cc2c(cc1C(=O)N1CCOCC1)OC(c1ccccc1)(c1ccccc1)O2,Ki,'=',277.0,nM,1
CHEMBL249024,CC1CCN(C(=O)c2ccc3c(c2)c2c(n3S(C)(=O)=O)CN(C3CCCC3)C2)CC1,Ki,'=',279.0,nM,1
CHEMBL4643098,CCCCCCC(C)(C)c1cc(OC)cc(OCCCCCCCCCCC(=O)NC2CC2)c1,Ki,'=',280.0,nM,1
CHEMBL160214,CN(C)/C(=N\S(=O)(=O)c1ccc(Cl)cc1)N1CC(c2ccccc2)C(c2ccc(Cl)cc2)=N1,Ki,'=',280.0,nM,1
CHEMBL259042,Cc1c(C(=O)NCc2ccc(Cl)c(Cl)c2)nn(-c2ccc(Cl)c(Cl)c2)c1-n1c(C)ccc1C,Ki,'=',280.0,nM,1
CHEMBL570454,CC1(C)C(C(=O)c2cn(CC3OCCO3)c3ccccc23)C1(C)C,Ki,'=',280.0,nM,1
CHEMBL408430,CN1CCCCC1Cn1cc(C(=O)c2cc([N+](=O)[O-])ccc2I)c2ccccc21,Ki,'=',280.0,nM,1
CHEMBL411112,N#Cc1c(C(=O)NCc2ccc(Cl)c(Cl)c2)nn(-c2ccccc2)c1-n1cccc1,Ki,'=',280.0,nM,1
CHEMBL411041,Cc1c(C(=O)NCc2ccc(Cl)c(Cl)c2)nn(-c2c(Cl)cc(Cl)cc2Cl)c1-n1cccc1,Ki,'=',280.0,nM,1
CHEMBL272882,COc1ccc2c(c1)c(C(=O)C1C(C)(C)C1(C)C)cn2CC1CCOCC1,Ki,'=',280.0,nM,1
CHEMBL1076584,CN/C(=N\S(=O)(=O)N1CCC(F)(F)CC1)C1=NN(c2ccc(Cl)cc2)[C@H](c2ccccc2)C1,Ki,'=',280.0,nM,1
CHEMBL476317,O=C(NCCC(c1ccccc1)c1ccccc1)C(Cl)(c1ccccc1)c1ccccc1,Ki,'=',280.0,nM,1
CHEMBL410496,O=C(NC1CCCCC1)c1cc(-n2cccc2)n(-c2ccc(Cl)cc2)n1,Ki,'=',280.0,nM,1
CHEMBL3921132,Cc1cc(C(=O)Nc2ccc3ccccc3c2)c(C)n1-c1ccccc1,Ki,'=',281.06,nM,1
CHEMBL4290707,CCCCCc1cc(OC(C)=O)c2c(c1)OC(C)(C)C1=C2C2OC2(C)CC1,Ki,'=',286.0,nM,1
CHEMBL557921,CCOC(=O)N1CCN(C(=O)c2cc(-c3ccccc3Cl)nn2-c2ccc(C)cc2C)CC1,Ki,'=',287.0,nM,1
CHEMBL4450995,O=C(NC1CCCc2ccccc21)c1nc2ccccc2s1,Ki,'=',288.0,nM,1
CHEMBL250769,O=C(NC1CCCCCC1)c1cn(CCN2CCOCC2)c2ccccc2c1=O,Ki,'=',290.0,nM,1
CHEMBL1631166,CCCNC(=O)c1nn(-c2ccc(Cl)cc2Cl)c(-n2c(C)ccc2C)c1C,Ki,'=',290.1,nM,1
CHEMBL1076884,O=C(C1CCC1)N1CCN(C(c2ccccc2)c2ccc(Cl)cc2Cl)CC1,Ki,'=',291.0,nM,1
CHEMBL4174271,CCN1CCN(c2nc(C)nc3oc(-c4ccccc4Cl)nc23)CC1,Ki,'=',293.0,nM,1
CHEMBL157149,C/N=C(\NS(=O)(=O)c1ccc(C(F)(F)F)cc1)N1C[C@@H](c2ccccc2)C(c2ccc(Cl)cc2)=N1,Ki,'=',293.0,nM,1
CHEMBL2152806,COCCn1cc(C(=O)N[C@@H]2C(C)(C)C3CC[C@]2(C)C3)c(=O)c2ccc(F)cc21,Ki,'=',296.8,nM,1
CHEMBL116784,CC1=CC[C@@H]2[C@@H](C1)c1c(O)cc(C(=O)c3ccccc3)cc1OC2(C)C,Ki,'=',297.0,nM,1
CHEMBL1765672,N#CC1(NC(=O)c2cc(-c3ccccc3)n(-c3ccccc3Br)n2)CCOCC1,Ki,'=',297.0,nM,1
CHEMBL398907,CC1=CC[C@@H]2[C@@H](C1)c1c(O)cc(Oc3ccccc3)cc1OC2(C)C,Ki,'=',297.0,nM,1
CHEMBL4644130,CCCCCc1cc(OC)cc(OCCCCCCCCCCC(=O)NCC2CC2)c1,Ki,'=',297.4,nM,1
CHEMBL3605034,O=C(c1cc(O)c(-c2cc(Cl)cc(Cl)c2)c(O)c1)C1CCCCC1,Ki,'=',298.6,nM,1
CHEMBL397387,Cc1ccc(-c2ncc(C(=O)N[C@@H]3CCCC[C@@H]3O)nc2-c2ccc(C)cc2)cc1,Ki,'=',300.0,nM,1
CHEMBL2022362,O=C(NC1CCCCC1)c1cc2ccccc2n(CCN2CCOCC2)c1=O,Ki,'=',300.0,nM,1
CHEMBL200049,CCCCC/C=C\C/C=C\C/C=C\C/C=C\CCCC(=O)N1CCN(c2ccc(F)cc2)CC1,Ki,'=',300.0,nM,1
CHEMBL512063,C[C@H]1CC[C@H](NC(=O)c2cc3cccnc3n(Cc3ccc(F)cc3)c2=O)CC1,Ki,'=',300.0,nM,1
CHEMBL199702,CCCCCCCC/C=C\CCCCCCCC(=O)NCCc1ccc(OC)cc1,Ki,'=',300.0,nM,1
CHEMBL472897,CCCCC/C=C\C/C=C\C/C=C\C/C=C\CCCC(=O)Nc1ccc2[nH]ncc2c1,Ki,'=',300.0,nM,1
CHEMBL409927,O=C1[C@@H](CCC(O)c2ccc(F)cc2)[C@H](c2ccc(O)cc2)N1c1ccc(F)cc1,Ki,'=',301.4,nM,1
CHEMBL3109784,O=C(N[C@@H]1CCCC[C@H]1O)c1cnc(OCC2CC2)c(-c2ccc(Cl)c(Cl)c2)c1,Ki,'=',305.0,nM,1
CHEMBL565190,COc1ccc(C2c3cccn3-c3ccccc3N2C(=O)CN(C(=O)NC(C)(C)C)C(C)C)cc1,Ki,'=',308.0,nM,1
CHEMBL391363,CCCS(=O)(=O)c1cc(Cl)ccc1S(=O)(=O)c1ccc([C@H](C)NS(C)(=O)=O)cc1,Ki,'=',308.0,nM,1
CHEMBL570198,CC1(C)C(C(=O)c2cn(CCn3cccc3)c3ccccc23)C1(C)C,Ki,'=',309.03,nM,1
CHEMBL258242,Cc1ccc(C(=O)NC(C(C)(C)C)C(C)(C)C)cc1S(=O)(=O)N1CCOCC1,Ki,'=',310.0,nM,1
CHEMBL503518,Cc1ccc(-c2n[nH]c(CC3CCCCC3)n2)cc1S(=O)(=O)N1CCOCC1,Ki,'=',310.0,nM,1
CHEMBL491658,CCCCCCC(C)(C)c1cc(O)cc(OCCCCCCCCCCC(=O)NCCO)c1,Ki,'=',310.0,nM,1
CHEMBL228456,CCCCCCc1c(O)cccc1OCCCCCCCC(=O)NC1CC1,Ki,'=',310.0,nM,1
CHEMBL3314943,CCC/C=C/C/C=C/CCC/C=C/C=C/C(=O)NCC(C)CC,Ki,'=',310.0,nM,1
CHEMBL2163950,O=C(NC1CCCCCC1)c1cn2c3c(cccc3c1=O)OCC2c1ccccc1,Ki,'=',310.0,nM,1
CHEMBL575163,Cc1c(C(=O)NCCc2ccc(Cl)c(Cl)c2)nn(-c2ccc(F)cc2F)c1-n1cccc1,Ki,'=',310.0,nM,1
CHEMBL1631290,CCCCCCNC(=O)c1nn(-c2ccc(F)cc2F)c(-n2c(C)ccc2C)c1C,Ki,'=',311.4,nM,1
CHEMBL245665,Cc1ccc(-c2ncc(C(=O)N[C@@H](CO)C(C)C)nc2-c2ccc(C)cc2)cc1,Ki,'=',316.0,nM,1
CHEMBL1828812,CCCCCn1cc(C(=O)c2cccc3ccccc23)c2cnccc21,Ki,'=',316.23,nM,1
CHEMBL400040,C=C(C)C1CCC(C)=C[C@H]1c1c(O)cc(C2(C#N)CCCCC2)cc1O,Ki,'=',316.23,nM,1
CHEMBL3963856,Cc1cc(C(=O)Nc2cccc3ccccc23)c(C)n1-c1ccccc1,Ki,'=',317.03,nM,1
CHEMBL234209,CCCCCCC(C)(C)c1ccc(-c2cc(C)cc(C)c2)c(OC)c1,Ki,'=',320.0,nM,1
CHEMBL1950487,CCCS(=O)(=O)n1c2c(c3cc(C(=O)N4CCC(C)CC4)ccc31)CN(C1CCOC1)CC2,Ki,'=',320.0,nM,1
CHEMBL511575,CN(CCCCCCCOc1ccc(-c2oc3ccccc3c2C(=O)c2ccccc2)cc1)Cc1ccccc1,Ki,'=',320.0,nM,1
CHEMBL391136,CCCCCCC(C)(C)c1ccc(-c2ccc(N)cc2)c(O)c1,Ki,'=',320.0,nM,1
CHEMBL4104545,C[C@H]1CC[C@H](NC(=O)c2cc(-c3ccccc3)nn(Cc3ccc(F)cc3)c2=O)CC1,Ki,'=',322.0,nM,1
CHEMBL2387074,CCCCn1c(CC)c(C)cc(C(=O)NCc2ccccc2)c1=O,Ki,'=',322.0,nM,1
CHEMBL2163944,CC(C)C1COc2cccc3c(=O)c(C(=O)NC45CC6CC(CC(C6)C4)C5)cn1c23,Ki,'=',323.0,nM,1
CHEMBL204433,CCCCCOc1c(OC)ccc2cc(C(=O)NCCCc3ccccc3)c(=O)[nH]c12,Ki,'=',323.0,nM,1
CHEMBL3086346,CCCCCCC(C)(C)C1=CC(=O)C2=C(OC(C)(C)c3c[nH]nc32)C1=O,Ki,'=',324.0,nM,1
CHEMBL3964264,O=S(=O)(NCC1CCOCC1)c1ccc(NC2CC3CCC2C3)cc1C(F)(F)F,Ki,'=',324.0,nM,1
CHEMBL4877815,C#CCCCn1cc(C(=O)c2ccc3c(c2)CC(C)(C)C3)c2ccccc21,Ki,'=',325.0,nM,1
CHEMBL560383,Cc1cc(C)c(OCC(=O)Nc2sc3c(c2C(=O)NC2CCS(=O)(=O)C2)CCCC3)c(C)c1,Ki,'=',325.0,nM,1
CHEMBL3942936,O=S(=O)(NCC1CC1)c1ccc(NN2CCCCCC2)cc1C(F)(F)F,Ki,'=',325.0,nM,1
CHEMBL2296776,CCCCCCCn1nc(C(=O)NN2CCCCC2)cc1-c1ccccc1,Ki,'=',327.3,nM,1
CHEMBL4588694,CCCCCCC(C)(C)c1cc(OCCCO)c2c(c1)OC(C)(C)c1cnoc1-2,Ki,'=',332.6,nM,1
CHEMBL600396,CCCCCCC(C)(C)c1cc(NC(=O)NC)c2c(c1)OC(C)(C)[C@@H]1CCC(C)=C[C@@H]21,Ki,'=',333.0,nM,1
CHEMBL360138,Cc1c(C(=O)NOC(C)(C)C)nc(-c2ccc(Cl)cc2Cl)n1-c1ccc(Cl)cc1,Ki,'=',333.0,nM,1
CHEMBL3234035,CCCCCCC(C)(C)c1cc(O)c([C@H]2CC(=O)[C@H]3C[C@@H]2C3(C)C)c(OC(=O)/C=C/C(=O)O)c1,Ki,'=',334.0,nM,1
CHEMBL1801077,COc1cc(C(=O)NC2(C(=O)N[C@H](C)c3ccc(-n4[nH]c(=O)c5ccccc54)cc3F)CC2)on1,Ki,'=',335.0,nM,1
CHEMBL2180221,CC(C)NC(=O)NC1(c2ccccc2)CCN(c2ncnc3c2nc(-c2ccccc2Cl)n3-c2ccc(Cl)cc2)CC1,Ki,'=',337.0,nM,1
CHEMBL347454,C/N=C(\NS(=O)(=O)c1ccc(F)cc1)N1CC(c2ccccc2)C(c2ccc(Cl)cc2)=N1,Ki,'=',338.0,nM,1
CHEMBL250810,CCS(=O)(=O)n1c2c(c3cc(C(=O)N4CCC(C)CC4)ccc31)CN(CC1CCCCC1)C2,Ki,'=',339.0,nM,1
CHEMBL2336540,CCN(CC)c1ccc(CN(c2ncc(C)s2)S(=O)(=O)c2ccc(C)cc2)cc1,Ki,'=',340.0,nM,1
CHEMBL574053,Cc1c(C(=O)NCc2ccc(Cl)cc2)nn(-c2ccc(F)cc2F)c1-n1cccc1,Ki,'=',340.0,nM,1
CHEMBL250808,CCCCN1Cc2c(n(S(=O)(=O)CC)c3ccc(C(=O)N4CCC(C)CC4)cc23)C1,Ki,'=',341.0,nM,1
CHEMBL2087108,CCCCCn1cc(C(=O)NC23CC4CC(CC(C4)C2)C3)c2cc(-c3ccco3)ccc21,Ki,'=',341.6,nM,1
CHEMBL2087099,CCCCCn1cc(C(=O)C(=O)NC23CC4CC(CC(C4)C2)C3)c2cc(-c3ccco3)ccc21,Ki,'=',344.9,nM,1
CHEMBL573098,COc1cc(CNC(=O)c2nn(-c3ccc(F)cc3F)c(-n3cccc3)c2C)c(Br)c(OC)c1OC,Ki,'=',345.0,nM,1
CHEMBL4649488,CCCCCc1cc(OC)cc(OCCCCCCCCCCC(=O)NC(CO)CO)c1,Ki,'=',349.7,nM,1
CHEMBL584742,CC1(C)C(C(=O)c2cn(CCN3CCOC3=O)c3ccccc23)C1(C)C,Ki,'=',350.0,nM,1
CHEMBL3927601,COc1ccc(Nc2ccc(S(=O)(=O)NCC3CC3)c(C(F)(F)F)c2)cc1,Ki,'=',350.0,nM,1
CHEMBL16249,COc1cc(Cl)ccc1-c1nc(C(=O)NC(C)C)nn1-c1ccc(Cl)cc1Cl,Ki,'=',350.0,nM,1
CHEMBL57840,CCCCCCC(C)(C)c1cc(O)c([C@@H]2C=C(C)C3C[C@H]2C3(C)C)c(O)c1,Ki,'=',350.3,nM,1
CHEMBL380415,O=C1C(c2ccccc2)N(c2ccc(Cl)cc2)C(=O)N1c1ccc(Cl)cc1,Ki,'=',353.0,nM,1
CHEMBL4785803,CCCn1nc(OCc2ccc3ccccc3c2)c2cc([N+](=O)[O-])ccc21,Ki,'=',356.0,nM,1
CHEMBL1765819,COc1ccc(-c2c(Br)c(C(=O)NC3(C#N)CCOCC3)nn2-c2cccc(Br)c2)cc1,Ki,'=',356.0,nM,1
CHEMBL558785,Cl.Cl.O=C(NN1CCCCC1)c1nc(-c2ccc(Cl)cc2Cl)n(-c2ccc(Cl)cc2)n1,Ki,'=',356.0,nM,1
CHEMBL232130,CCOc1ccccc1/N=C1\SCC2(CCCCC2)CN1C(=S)SC,Ki,'=',358.0,nM,1
CHEMBL1215899,CCCCCn1cc(C(=O)NC23CC4CC(CC(C4)C2)C3)c(=O)c2cc(-c3ccc4cc(OC)ccc4c3)ccc21,Ki,'=',360.0,nM,1
CHEMBL233182,CCCCCCC(C)(C)c1ccc(-c2cc(C)cc(C)c2)c(CO)c1,Ki,'=',360.0,nM,1
CHEMBL570659,O=C(c1cn(CCN2CCOCC2)c2ccccc12)C1CCCCCC1,Ki,'=',362.0,nM,1
CHEMBL216276,Cc1ccc2c(c1)Cc1c(C(=O)NN3CCCCC3)nn(-c3ccc(Cl)cc3Cl)c1-2,Ki,'=',363.0,nM,1
CHEMBL3986120,COc1ccc(Nc2ccc(S(=O)(=O)NCC3CC3)c(C(F)(F)F)c2)c(OC)c1,Ki,'=',364.0,nM,1
CHEMBL4098746,O=C(NC1CCCCCC1)c1cc(-c2ccccc2)nn(C2CCCC2)c1=O,Ki,'=',365.0,nM,1
CHEMBL1641940,CCCCCn1cc(C(=O)NC(C)C23CC4CC(CC(C4)C2)C3)c(=O)cc1-c1ccccc1,Ki,'=',368.0,nM,1
CHEMBL578003,COc1ccc(CCNC(=O)c2nn(-c3ccc(Cl)cc3Cl)c(-n3cccc3)c2C)cc1Cl,Ki,'=',368.0,nM,1
CHEMBL3613099,Cc1ccc(Cn2cc(C(=O)N[C@@H]3CC4CC[C@@]3(C)C4(C)C)cc2-c2ccc(Cl)c(C)c2)cc1,Ki,'=',368.0,nM,1
CHEMBL1631292,CCCCCCCNC(=O)c1nn(-c2ccc(F)cc2F)c(-n2c(C)ccc2C)c1C,Ki,'=',368.2,nM,1
CHEMBL2023574,O=C(O)c1ccc(NC(=O)c2cc3c(n(CC4CCCCC4)c2=O)CCCCCC3)cc1,Ki,'=',370.0,nM,1
CHEMBL233181,CCCCCCC(C)(C)c1ccc(-c2cc(C)cc(C)c2)c(C(N)=O)c1,Ki,'=',370.0,nM,1
CHEMBL233184,CCCCCCC(C)(C)c1ccc(-c2cc(C)cc(C)c2)c(COC(=O)CN2CCOCC2)c1,Ki,'=',370.0,nM,1
CHEMBL1631169,Cc1c(C(=O)NCCCCCO)nn(-c2ccc(Cl)cc2Cl)c1-n1c(C)ccc1C,Ki,'=',372.3,nM,1
CHEMBL2206833,CCCn1c(C)c(C(=O)c2ccc(Br)c3ccccc23)c2ccccc21,Ki,'=',373.0,nM,1
CHEMBL3109767,O=C(N[C@@H]1CCCC[C@H]1O)c1cnc(OC2CCCC2)c(-c2ccc(Cl)cc2)c1,Ki,'=',374.0,nM,1
CHEMBL94239,Cc1c(C(=O)NN)nn(-c2ccc(Cl)cc2Cl)c1-c1ccc(Cl)cc1,Ki,'=',374.1,nM,1
CHEMBL4554452,O=C(NC1CCN(c2ncnc3c2nc(-c2ccccc2Cl)n3-c2ccc(Cl)cc2)CC1)NS(=O)(=O)c1ccccc1F,Ki,'=',380.0,nM,1
CHEMBL3799538,COc1ccc(-c2cc(Cc3ccc(F)cc3)c(OC)c(C(=O)N[C@H]3CC[C@@H](C)CC3)c2)cc1,Ki,'=',380.0,nM,1
CHEMBL585177,Cc1c(C(=O)NCCc2ccc(Cl)cc2Cl)nn(-c2ccc(F)cc2F)c1-n1cccc1,Ki,'=',380.0,nM,1
CHEMBL584105,CC(=O)CCCCn1cc(C(=O)C2C(C)(C)C2(C)C)c2ccccc21,Ki,'=',380.0,nM,1
CHEMBL498767,CCCCCn1cc(C(=O)c2cc3ccccc3cc2OC)c2ccccc21,Ki,'=',381.0,nM,1
CHEMBL558564,Cl.Cl.O=C(NN1CCCCC1)c1nc(-c2ccc(Cl)cc2)n(-c2ccc(Cl)cc2Cl)n1,Ki,'=',382.0,nM,1
CHEMBL306764,CCCn1c(C)c(C(=O)c2cccc3ccccc23)c2ccccc21,Ki,'=',383.0,nM,1
CHEMBL1641958,CCCCCn1cc(C(=O)NC23CC4CC(CC(C4)C2)C3)c(=O)cc1-c1ccc(OC)cc1,Ki,'=',384.0,nM,1
CHEMBL3114173,CC1CCC(NC(=O)c2cccn(Cc3ccccc3)c2=O)CC1,Ki,'=',386.0,nM,1
CHEMBL259253,CC1(C)C(C(=O)c2cn(CC3CCOCC3)c3cccc(O)c23)C1(C)C,Ki,'=',388.0,nM,1
CHEMBL120105,CCCCC/C=C\C/C=C\C/C=C\C/C=C\CC[C@H](C)C(=O)N[C@@H](C)CO,Ki,'=',389.0,nM,1
CHEMBL2163930,CCC1COc2cccc3c(=O)c(C(=O)NC4C5CC6CC(C5)CC4C6)cn1c23,Ki,'=',389.0,nM,1
CHEMBL2163943,O=C(NC12CC3CC(CC(C3)C1)C2)c1cn2c3c(cccc3c1=O)OCC2C1CC1,Ki,'=',389.0,nM,1
CHEMBL2163946,CCC1COc2c(F)ccc3c(=O)c(C(=O)NC45CC6CC(CC(C6)C4)C5)cn1c23,Ki,'=',389.0,nM,1
CHEMBL574045,Cc1c(C(=O)NCCc2ccc(Cl)cc2)nn(-c2ccc(Cl)c(Cl)c2)c1-n1c(C)ccc1C,Ki,'=',390.0,nM,1
CHEMBL230990,Cc1c2c(n(-c3ccc(Cl)cc3Cl)c1-c1cccnc1)CCN(C1CCCCC1)C2=O,Ki,'=',390.0,nM,1
CHEMBL2152819,CCCCCn1cc(C(=O)NCc2ccc(Cl)c(Cl)c2)c(=O)c2ccc(-c3ccccc3)cc21,Ki,'=',390.0,nM,1
CHEMBL474896,Cc1ccc(-c2nc(CC3CCCCC3)cs2)cc1S(=O)(=O)N1CCOCC1,Ki,'=',390.0,nM,1
CHEMBL4579868,Cc1nc(C(C)(C)C)sc1C(=O)NC12CC3CC(CC(C3)C1)C2,Ki,'=',395.0,nM,1
CHEMBL272176,CC1(C)C(C(=O)c2cn(CC3CCOCC3)c3cc(O)c(O)cc23)C1(C)C,Ki,'=',395.0,nM,1
CHEMBL232118,CSC(=S)N1CC2(CCCCC2)CS/C1=N\c1ccc2c(c1)CCCC2,Ki,'=',396.0,nM,1
CHEMBL3323684,CCCCCCC(C)(C)c1cc(O)cc(OCCCCCCCC(=O)NCC(F)(F)F)c1,Ki,'=',397.0,nM,1
CHEMBL2152808,CC1(C)C2CC[C@](C)(C2)[C@@H]1NC(=O)c1cn(CCCCO)c2cc(F)ccc2c1=O,Ki,'=',398.5,nM,1
CHEMBL176198,Cc1c(C(=O)N[C@H]2CC[C@H](O)CC2)nc(-c2ccc(Cl)cc2Cl)n1-c1ccc(Cl)cc1,Ki,'=',399.0,nM,1
CHEMBL2296787,Cc1ccc(Cn2nc(C(=O)NC3CC4CCC3(C)C4(C)C)c(C)c2-c2ccc(Cl)c(C)c2)cc1,Ki,'=',399.9,nM,1
CHEMBL373223,CCCCC/C=C\C/C=C\C/C=C\C/C=C\CCCC(=O)N1CCN(c2ccc(C)c(C)c2)CC1,Ki,'=',400.0,nM,1
CHEMBL429797,CCCCCCC(C)(C)c1cc(O)c2c(c1)oc(=O)c1ccc(O)cc12,Ki,'=',400.0,nM,1
CHEMBL439657,Cc1c(C(=O)NN2CCCCC2)nc(-c2ccc(Cl)cc2)n1-c1ccc(Cl)cc1Cl,Ki,'=',403.0,nM,1
CHEMBL511134,CCOc1ccc(Cc2nc3cc(C(=O)N(CC)CC)ccc3n2CC23CC4CC(CC(C4)C2)C3)cc1,Ki,'=',406.0,nM,1
CHEMBL3597331,COC[C@@H](COC(C)=O)N(C)C(=O)CC/C=C/CCCCC(Cl)CCCCCC(Cl)Cl,Ki,'=',410.0,nM,1
CHEMBL2326296,CCN(CC)c1ccc(CN(c2ccc(C)cc2)S(=O)(=O)c2ccc(Cl)cc2)cc1,Ki,'=',412.0,nM,1
CHEMBL232131,CSC(=S)N1CC2(CCCCC2)CS/C1=N\c1ccccc1C(F)(F)F,Ki,'=',418.0,nM,1
CHEMBL250609,CCS(=O)(=O)n1c2c(c3cc(C(=O)N4CCC(C)CC4)ccc31)CN(C(C)C)C2,Ki,'=',418.0,nM,1
CHEMBL4565876,Cc1cc(-n2c(-c3ccccc3Cl)nc3c(N4CCC(NS(=O)(=O)c5ccc(F)c(F)c5)CC4)ncnc32)no1,Ki,'=',420.0,nM,1
CHEMBL2381807,CCCCCn1cc(C(=O)NC2CCCCC2)c(=O)n2nc(CC)cc12,Ki,'=',420.0,nM,1
CHEMBL2152830,CCCCCn1cc(C(=O)NCc2ccc(Cl)c(Cl)c2)c(=O)c2ccc(Sc3ccccc3)cc21,Ki,'=',420.0,nM,1
CHEMBL2163949,O=C(NC1CCCCC1)c1cn2c3c(cccc3c1=O)OCC2c1ccccc1,Ki,'=',420.0,nM,1
CHEMBL1950485,CCNS(=O)(=O)n1c2c(c3cc(C(=O)N4CCC(C)CC4)ccc31)CN(C1CCOCC1)CC2,Ki,'=',424.0,nM,1
CHEMBL2023581,O=C(O)Cc1csc(NC(=O)c2cc3c(n(CC4CCCCC4)c2=O)CCCCCC3)n1,Ki,'=',425.0,nM,1
CHEMBL3912660,COc1cc(Nc2cc(Cl)c(S(=O)(=O)NCC3CCCO3)c(Cl)c2)cc(OC)c1,Ki,'=',426.0,nM,1
CHEMBL1923765,CCCCCc1cc(O)cc(OCCCCCCOC(CO)CO)c1,Ki,'=',430.0,nM,1
CHEMBL4587421,COc1ccc(-c2oc3ccccc3c2C(=O)c2ccc(OCCN(C)Cc3ccccc3)cc2)cc1,Ki,'=',430.0,nM,1
CHEMBL3353445,C[C@H]1CC[C@H](NC(=O)c2cc3cc(-c4cccs4)cnc3n(Cc3ccc(F)cc3)c2=O)CC1,Ki,'=',430.0,nM,1
CHEMBL2336561,CCN(CC)c1ccc(CN(Cc2ccccc2)S(=O)(=O)c2ccc(Cl)cc2)cc1,Ki,'=',430.0,nM,1
CHEMBL2163964,CCC1COc2cccc3c(=O)c(C(=O)NC4CCCCCC4)cn1c23,Ki,'=',433.0,nM,1
CHEMBL121768,CCCCCCC(C)(C)c1ccc2c(c1)OC(C)(C)c1ccc(C)cc1-2,Ki,'=',434.0,nM,1
CHEMBL4560607,CCCCCCC1=C/C(=C\c2cccc3ccccc23)c2ccccc21,Ki,'=',436.0,nM,1
CHEMBL2326298,CCN(CC)c1ccc(CN(c2ccc(C)cc2)S(=O)(=O)c2ccc(C)cc2)cc1,Ki,'=',437.0,nM,1
CHEMBL1765677,N#Cc1c(C(=O)NC2(C#N)CCOCC2)nn(-c2ccccc2Br)c1-c1ccccc1,Ki,'=',437.0,nM,1
CHEMBL3323683,CCCCCc1cc(O)cc(OCCCCCCCCCCC(=O)NCC(F)(F)F)c1,Ki,'=',438.0,nM,1
CHEMBL2316269,CCCCCn1cc(C(=O)NC23CC4CC(CC(C4)C2)C3)c(=O)c2c(CC)nn(C)c21,Ki,'=',440.0,nM,1
CHEMBL4749288,CCCCCCCc1cn(Cc2cc(OC)c(O)cc2I)nn1,Ki,'=',440.0,nM,1
CHEMBL592470,O=C1[C@@H](Cc2ccc(F)c(F)c2)CC[C@H](c2ccc(Cl)cc2)N1c1ccc(Cl)cc1,Ki,'=',444.0,nM,1
CHEMBL230784,Cc1c2c(n(-c3ccc(Cl)cc3Cl)c1-c1cccc(N)c1)CCN(C1CCCCC1)C2=O,Ki,'=',450.0,nM,1
CHEMBL4450401,Cc1nc(-c2ccccc2)sc1C(=O)NC12CC3CC(CC(C3)C1)C2,Ki,'=',450.0,nM,1
CHEMBL2163940,CCCC1COc2ccc(C)c3c(=O)c(C(=O)NC45CC6CC(CC(C6)C4)C5)cn1c23,Ki,'=',450.0,nM,1
CHEMBL4441832,CCCCCCC(C)(C)c1cc(OCCCO)c2c(c1)OC(C)(C)c1cn[nH]c1-2,Ki,'=',450.4,nM,1
CHEMBL590551,CC(=O)N1CCN(C[C@@H]2CC[C@@H](c3ccc(Cl)cc3Cl)N(c3ccc(Cl)cc3)C2)CC1,Ki,'=',451.0,nM,1
CHEMBL410337,COc1ccc(C2C(CCS(=O)(=O)c3ccccc3)C(=O)N2c2ccccc2)cc1,Ki,'=',451.5,nM,1
CHEMBL1909859,CCc1c(C(=O)NCc2ccc(Cl)c(Cl)c2)nn(-c2ccc(Cl)c(Cl)c2)c1-n1cccc1,Ki,'=',454.0,nM,1
CHEMBL1641943,CCCCCn1cc(C(=O)NCC23CC4CC(C)(CC(C)(C4)C2)C3)c(=O)cc1-c1ccccc1,Ki,'=',454.0,nM,1
CHEMBL4440764,C1=C(CCN2CCOCC2)c2ccccc2/C1=C/c1cccc2cnccc12,Ki,'=',454.0,nM,1
CHEMBL1215953,CCCCCn1cc(C(=O)NC23CC4CC(CC(C4)C2)C3)c(=O)c2cc([S+]([O-])c3ccccc3)ccc21,Ki,'=',460.0,nM,1
CHEMBL394332,Cc1ccc(-c2ncc(C(=O)N[C@@H](CO)CC(C)C)nc2-c2ccc(C)cc2)cc1,Ki,'=',460.0,nM,1
CHEMBL2163952,CC12CC3CC(C)(C1)CC(NC(=O)c1cn4c5c(cccc5c1=O)OCC4c1ccccc1)(C3)C2,Ki,'=',460.0,nM,1
CHEMBL1080917,CN/C(=N\S(=O)(=O)N1CCC(F)(F)CC1)N1C[C@@H](c2ccccc2)C(c2ccc(Cl)cc2)=N1,Ki,'=',463.0,nM,1
CHEMBL600242,Fc1ccc(C[C@H]2CC[C@H](c3ccc(Cl)cc3)N(c3ccc(Cl)cc3Cl)C2)cc1F,Ki,'=',467.0,nM,1
CHEMBL4077875,O=C(NC1CCCCC1)c1cc(-c2ccccc2)nn(Cc2ccc(F)cc2)c1=O,Ki,'=',467.0,nM,1
CHEMBL122972,CCCCC/C=C\C/C=C\C/C=C\C/C=C\CCCC(=O)OC(CO)CO,Ki,'=',470.0,nM,1
CHEMBL255681,Cc1ccc(C(=O)NC2C(C)CCCC2C)cc1S(=O)(=O)N1CCOCC1,Ki,'=',470.0,nM,1
CHEMBL511150,Cc1ccc(NC(=O)C(C)(C(F)(F)F)C(F)(F)F)cc1S(=O)(=O)N1CCOCC1,Ki,'=',470.0,nM,1
CHEMBL4520615,COc1ccc(-c2oc3ccccc3c2C(=O)c2ccc(NCC3CC3)cc2)cc1,Ki,'=',470.0,nM,1
CHEMBL3597332,C=CCCC/C=C/C=C(\C)CCCC/C=C/CC/C=C\C(=O)NC(CO)CO,Ki,'=',470.0,nM,1
CHEMBL382444,CCCCC/C=C\C/C=C\C/C=C\C/C=C\CCCC(=O)NOCCO,Ki,'=',470.0,nM,1
CHEMBL3774406,CCCCCn1cc(C(=O)NC23CC4CC(CC(C4)C2)C3)c(=O)n2nc(C)nc12,Ki,'=',471.0,nM,1
CHEMBL3353446,C[C@H]1CC[C@@H](NC(=O)c2cc3cc(-c4cccs4)cnc3n(Cc3ccc(F)cc3)c2=O)CC1,Ki,'=',472.0,nM,1
CHEMBL361957,COc1ccc(S(=O)(=O)c2cc(OC)ccc2S(=O)(=O)c2ccc([C@H](C)NC(=O)Cc3ccccc3)cc2)cc1,Ki,'=',478.0,nM,1
CHEMBL1668517,CCCCCn1cc(C(=O)NC2C(C)(C)[C@@H]3CC[C@@]2(C)C3)c(=O)c2cc(-c3ccco3)ccc21,Ki,'=',480.0,nM,1
CHEMBL1216001,CCCCCn1cc(C(=O)N[C@H]2C(C)(C)[C@H]3CC[C@]2(C)C3)c(=O)c2cc(-c3ccco3)ccc21,Ki,'=',480.0,nM,1
CHEMBL2415106,CCCCC/C=C\C/C=C\CCCCCCCC(=O)NCc1ccccc1,Ki,'=',480.0,nM,1
CHEMBL4862523,CCCCC(C)(C)c1cc(OC)c2cc(Cc3ccccc3)c(=O)oc2c1,Ki,'=',486.0,nM,1
CHEMBL3775313,CCCCCn1cc(C(=O)NC2CCCCC2)c(=O)n2nc(C)nc12,Ki,'=',488.0,nM,1
CHEMBL2087091,Cn1cc(CC(=O)NC23CC4CC(CC(C4)C2)C3)c2cc(-c3ccccc3)ccc21,Ki,'=',488.0,nM,1
CHEMBL2152829,CCCCCn1cc(C(=O)NOC)c(=O)c2ccc(Sc3ccccc3)cc21,Ki,'=',490.0,nM,1
CHEMBL471129,CCOc1ccc(Cc2nc3cc(C(=O)N(CC)CC)ccc3n2CC2CCCC2)cc1,Ki,'=',491.0,nM,1
CHEMBL4641147,CCCCCn1c(=O)c(C(=O)NC23CC4CC(CC(O)(C4)C2)C3)c(O)c2nn(CCO)cc21,Ki,'=',492.0,nM,1
CHEMBL425217,CCCCC/C=C\C/C=C\C/C=C\C/C=C\CCCC(=O)NCCc1ccc(OC)cc1OC,Ki,'=',500.0,nM,1
CHEMBL568467,Cc1cc(NC(=O)C(C)(C(F)(F)F)C(F)(F)F)cc(CN2CCOCC2)c1C,Ki,'=',500.0,nM,1
CHEMBL3944807,CCCCCc1sc2ccccc2c1C(=O)c1cccc2ccccc12,Ki,'=',500.0,nM,1
CHEMBL381634,CCCCC/C=C\C/C=C\C/C=C\C/C=C\CCCC(=O)NCc1cc(OC)ccc1OC,Ki,'=',500.0,nM,1
CHEMBL2316285,CCCCCn1cc(C(=O)NC2CCCCC2)c(=O)c2c(C)nn(C)c21,Ki,'=',500.0,nM,1
CHEMBL2336543,CCN(CC)c1ccc(CN(c2ccccc2)S(=O)(=O)c2ccc(OC)cc2)cc1,Ki,'=',500.0,nM,1
CHEMBL200094,CCCCC/C=C\C/C=C\C/C=C\C/C=C\CCCC(=O)Nc1ccc(OC)cc1,Ki,'=',500.0,nM,1
CHEMBL372530,CCCCCCCC/C=C\CCCCCCCC(=O)NCc1ccc(OC)cc1,Ki,'=',500.0,nM,1
CHEMBL2336541,CCN(CC)c1ccc(CN(C2CCCC2)S(=O)(=O)c2ccc(C)cc2)cc1,Ki,'=',500.0,nM,1
CHEMBL4527727,COc1ccc(-c2oc3ccccc3c2C(=O)c2ccc(OCCCN(C)Cc3ccccc3)cc2)cc1,Ki,'=',500.0,nM,1
CHEMBL1765681,Cc1c(C(=O)NC2(C#N)CCOCC2)nn(-c2ccccc2-c2ccccc2)c1-c1ccccc1,Ki,'=',500.0,nM,1
CHEMBL427241,O=C(Nc1ccc(Br)cc1)NC(c1ccc(Br)cc1)c1ccc(Br)cc1,Ki,'=',500.0,nM,1
CHEMBL2206837,CCCn1c(C)c(C(=O)c2ccc(I)c3ccccc23)c2ccccc21,Ki,'=',501.0,nM,1
CHEMBL410676,CC1(C)C(C(=O)c2cn(CC3CCOCC3)c3ccc(Cl)cc23)C1(C)C,Ki,'=',501.19,nM,1
CHEMBL1828810,COCCn1cc(C(=O)c2cccc3ccccc23)c2cccnc21,Ki,'=',501.19,nM,1
CHEMBL1081624,COc1cc(C(=O)c2cccs2)cc(O)c1-c1cc(Cl)cc(Cl)c1,Ki,'=',503.0,nM,1
CHEMBL4294558,CCCOc1cccc2c(C(=O)c3ccc(OC)cc3)cn(CC3CCOCC3)c12,Ki,'=',504.6,nM,1
CHEMBL3981080,CCc1c(C(=O)Nc2cccc3ccccc23)cc(C)n1-c1ccccc1,Ki,'=',505.03,nM,1
CHEMBL1270270,Cc1c(C(=O)NCCNCCN)nn(-c2ccc(Cl)cc2Cl)c1-c1ccc(Cl)cc1,Ki,'=',506.0,nM,1
CHEMBL225242,Cc1ccc(-c2ncc(C(=O)Nc3ccccc3)nc2-c2ccc(C)cc2)cc1,Ki,'=',509.0,nM,1
CHEMBL263129,Cc1cc2c(cc1C(=O)N1CCOCC1)OC(c1ccccc1)(c1ccccc1)O2,Ki,'=',509.0,nM,1
CHEMBL1801082,COc1cc(C(=O)NC2(C(=O)N[C@H](C)c3ccc(-n4cc(-c5ccccc5)cn4)cc3F)CC2)on1,Ki,'=',510.0,nM,1
CHEMBL1215898,CCCCCn1cc(C(=O)NC23CC4CC(CC(C4)C2)C3)c(=O)c2cc(-c3cc(C)c(OC)c(C)c3)ccc21,Ki,'=',510.0,nM,1
CHEMBL228348,CCCCCc1cc(O)cc(OCCCCCCCCCCC(=O)NCC2CC2)c1,Ki,'=',510.0,nM,1
CHEMBL508362,Cc1ccc(-c2noc(C(C)(C)C)n2)cc1S(=O)(=O)N1CCOCC1,Ki,'=',510.0,nM,1
CHEMBL4285088,CCCCCc1cc2c(c(OS(=O)(=O)c3ccc(C)cc3)c1)[C@H]1[C@@H](CC=C(C)[C@@H]1OO)C(C)(C)O2,Ki,'=',512.0,nM,1
CHEMBL2326294,CCN(CC)c1ccc(CN(c2ccc(C)cc2)S(=O)(=O)c2ccccc2)cc1,Ki,'=',514.0,nM,1
CHEMBL4483721,CCCCCCC(C)(C)c1cc(O)c2c(c1)OC(C)(C)c1cnn(-c3ccc(Cl)c(Cl)c3)c1-2,Ki,'=',514.0,nM,1
CHEMBL231934,CCCc1ccc(/N=C2\SCC3(CCCCC3)CN2C(=S)SC)cc1,Ki,'=',514.0,nM,1
CHEMBL475611,CSC(=S)N1CC2(CCCCC2)CO/C1=N\c1ccccc1,Ki,'=',515.0,nM,1
CHEMBL3982062,Cc1cc(C(=O)NC23CC4CC(CC(C4)C2)C3)c(C)n1-c1ccccc1,Ki,'=',518.2,nM,1
CHEMBL4537616,CCCCCc1sc(NC(=O)C23CC4CC(CC(C4)C2)C3)c(C(=O)OC)c1-c1ccccc1,Ki,'=',518.57,nM,1
CHEMBL1631293,Cc1c(C(=O)NC(C)C)nn(-c2ccc(Cl)cc2Cl)c1-n1cccc1,Ki,'=',518.9,nM,1
CHEMBL550309,Cc1ccc(C2c3cccn3-c3ccccc3N2C(=O)CN(C(=O)C2CCCC2)C2CC2)cc1,Ki,'=',520.0,nM,1
CHEMBL563400,CC(C(=O)N1c2ccccc2C(C)(c2ccc(Cl)cc2)CC1(C)C)N1C(=O)C2CCCCC2C1=O,Ki,'=',520.0,nM,1
CHEMBL2336565,CCN(CC)c1ccc(CN(Cc2ccccc2)S(=O)(=O)c2ccc(C(C)C)cc2)cc1,Ki,'=',520.0,nM,1
CHEMBL2163948,CCC1COc2c(OC)ccc3c(=O)c(C(=O)NC45CC6CC(CC(C6)C4)C5)cn1c23,Ki,'=',521.0,nM,1
CHEMBL2206851,CCCCCn1c(C)c(C(=O)c2cccc3cccc(I)c23)c2ccccc21,Ki,'=',522.0,nM,1
CHEMBL2316262,CCCCCn1cc(C(=O)NC23CC4CC(CC(C4)C2)C3)c(=O)n2nc(-c3ccccc3)nc12,Ki,'=',523.0,nM,1
CHEMBL2381803,CCCCCn1cc(C(=O)NC2CCCCCC2)c(=O)n2nc(C)cc12,Ki,'=',527.0,nM,1
CHEMBL2206854,CCCn1c(C)c(C(=O)c2ccc(F)c3ccccc23)c2ccccc21,Ki,'=',530.0,nM,1
CHEMBL473698,Cc1ccc(-c2n[nH]c(C(C)(C)C)n2)cc1S(=O)(=O)N1CCOCC1,Ki,'=',530.0,nM,1
CHEMBL3114822,OCCCCCCCCCCCCCCCN[C@H](CO)Cc1ccc(O)cc1,Ki,'=',530.0,nM,1
CHEMBL2087094,C=CCn1cc(CC(=O)NC23CC4CC(CC(C4)C2)C3)c2cc(-c3ccccc3)ccc21,Ki,'=',530.0,nM,1
CHEMBL4633927,Cn1cc2c(n1)c(O)c(C(=O)NC13CC4CC(CC(C4)C1)C3)c(=O)n2CCCCF,Ki,'=',532.0,nM,1
CHEMBL1631163,Cc1c(C(=O)NCCCCCO)nn(-c2ccc(Cl)cc2Cl)c1-n1cccc1,Ki,'=',534.4,nM,1
CHEMBL569992,O=C(c1cn(CC2CCOCC2)c2ccccc12)C12CC3CC(CC(C3)O1)C2,Ki,'=',537.03,nM,1
CHEMBL4286213,CCCCCc1cc(O)c2c(c1)OC(C)(C)C1=C2C(O)C(C)(OC)CC1,Ki,'=',538.0,nM,1
CHEMBL473063,Cc1ccc(C(=O)N[C@H]2C(C)(C)[C@@H]3CC[C@@]2(C)C3)cc1S(=O)(=O)N1CCOCC1,Ki,'=',540.0,nM,1
CHEMBL568468,Cc1cc(NC(=O)C2CCCCC2C)cc(CN2CCOCC2)c1C,Ki,'=',540.0,nM,1
CHEMBL404650,Cc1ccc(C(=O)N[C@H]2C(C)(C)[C@H]3CC[C@]2(C)C3)cc1S(=O)(=O)N1CCOCC1,Ki,'=',540.0,nM,1
CHEMBL232929,CSC(=S)N1CC2(CCCC2)CS/C1=N\c1ccccc1C(C)C,Ki,'=',541.0,nM,1
CHEMBL2170550,CCCCCn1cc(C(=O)NC(C)C23CC4CC(CC(C4)C2)C3)c(=O)cc1C(C)(C)C,Ki,'=',548.0,nM,1
CHEMBL2023575,O=C(O)Cc1ccccc1NC(=O)c1cc2c(n(CC3CCCCC3)c1=O)CCCCCC2,Ki,'=',548.0,nM,1
CHEMBL3800192,CCCCc1cc(-c2ccccc2)cc(C(=O)N[C@H]2CC[C@@H](C)CC2)c1OC,Ki,'=',549.0,nM,1
CHEMBL2160225,CN(CCCCCCCOc1ccc(-c2oc3ccccc3c2C(=O)c2ccc(OCCN3CCOCC3)cc2)cc1)Cc1ccccc1,Ki,'=',550.0,nM,1
CHEMBL1631160,CCCNC(=O)c1nn(-c2ccc(Cl)cc2Cl)c(-n2cccc2)c1C,Ki,'=',550.3,nM,1
CHEMBL3422787,CCCCn1c(=O)c(C(=O)NC2CCC(C)CC2)cc2ccccc21,Ki,'=',551.0,nM,1
CHEMBL591507,Clc1ccc(N2C[C@H](CN3CCNCC3)CC[C@H]2c2ccc(Cl)cc2Cl)cc1,Ki,'=',554.0,nM,1
CHEMBL570876,CC1(C)C(C(=O)c2cn(CCN3CCCCC3)c3ccccc23)C1(C)C,Ki,'=',556.0,nM,1
CHEMBL124829,CCCCCCC(C)(C)c1ccc2c(c1)OC(C)(C)c1ccc(C(=O)OC)cc1-2,Ki,'=',558.0,nM,1
CHEMBL479094,O=C(NCCC(c1ccccc1)c1ccccc1)C(c1ccccc1)c1ccc([N+](=O)[O-])cc1,Ki,'=',560.0,nM,1
CHEMBL502133,O=C(Cc1ccccc1)NCCC(c1ccccc1)c1ccccc1,Ki,'=',560.0,nM,1
CHEMBL2022365,O=C(NC1CCCCC1)c1c(O)c2cccnc2n(Cc2ccccc2)c1=O,Ki,'=',560.0,nM,1
CHEMBL476576,Cc1ccc(C(C(=O)NCCC(c2ccccc2)c2ccccc2)c2ccccc2)cc1,Ki,'=',560.0,nM,1
CHEMBL593434,C[C@H]1CC(CNS(=O)(=O)C(F)(F)F)CCN1S(=O)(=O)c1ccc(Cl)cc1S(=O)(=O)c1ccccc1F,Ki,'=',560.0,nM,1
CHEMBL475909,O=C(NCCC(c1ccccc1)c1ccccc1)C(c1ccccc1)c1ccc(Cl)cc1,Ki,'=',560.0,nM,1
CHEMBL3116283,c1ccc2c(COc3nn(CCN4CCCC4)c4ccccc34)cccc2c1,Ki,'=',560.0,nM,1
CHEMBL475100,Cc1ccc(-c2nnn(CC3CCCCC3)n2)cc1S(=O)(=O)N1CCOCC1,Ki,'=',560.0,nM,1
CHEMBL518595,O=C(NCCC(c1ccccc1)c1ccccc1)C(c1ccccc1)c1ccc(O)cc1,Ki,'=',560.0,nM,1
CHEMBL573099,Cc1c(C(=O)Nc2ccc(Cl)cc2)nn(-c2ccc(F)cc2F)c1-n1c(C)ccc1C,Ki,'=',560.0,nM,1
CHEMBL466623,O=C(NC1CCCCC1)c1cc2cccnc2n(CCN2CCOCC2)c1=O,Ki,'=',560.0,nM,1
CHEMBL478624,CC(C(=O)NCCC(c1ccccc1)c1ccccc1)(c1ccccc1)c1ccccc1,Ki,'=',560.0,nM,1
CHEMBL228349,CCCCCc1cc(O)cc(OCCCCCCCCCCC(=O)NCCc2ccc(O)c(O)c2)c1,Ki,'=',560.0,nM,1
CHEMBL446993,O=C(NC1CCCCC1)c1cc2cccnc2n(Cc2ccccc2)c1=O,Ki,'=',560.0,nM,1
CHEMBL555563,O=C(N1CCCCC1)N1CC(O[C@@H](c2ccc(Cl)cc2)c2cccnc2Cl)C1,Ki,'=',560.0,nM,1
CHEMBL2087089,C=CCn1cc(CC(=O)NC23CC4CC(CC(C4)C2)C3)c2cc(-c3ccco3)ccc21,Ki,'=',560.0,nM,1
CHEMBL2336535,CCN(CC)c1ccc(CN(CC2CCCCC2)S(=O)(=O)c2ccc(C)cc2)cc1,Ki,'=',560.0,nM,1
CHEMBL250966,O=c1c2cn(Cc3ccccc3)c3cc(Cl)ccc3c-2nn1C1CCCCC1,Ki,'=',560.0,nM,1
CHEMBL250565,COc1ccc2c(=O)c(C(=O)NC3CCCCC3)cn(Cc3ccccc3)c2n1,Ki,'=',560.0,nM,1
CHEMBL478210,COc1ccc(C(C(=O)NCCC(c2ccccc2)c2ccccc2)c2ccccc2)cc1,Ki,'=',560.0,nM,1
CHEMBL572620,Cc1c(C(=O)NC2CCCCCC2)nn(-c2ccc(F)cc2F)c1-n1cccc1,Ki,'=',560.0,nM,1
CHEMBL2170549,CCCCCn1cc(C(=O)NC2C3CC4CC(C3)CC2C4)c(=O)cc1C(C)(C)C,Ki,'=',562.0,nM,1
CHEMBL3109754,O=C(NN1CCCCC1)c1cnc(OCC2CC2)c(-c2ccc(Cl)cc2)c1,Ki,'=',563.0,nM,1
CHEMBL208548,C[C@H](CO)NC(=O)CCC/C=C\C/C=C\C/C=C\C/C=C\CCOC(=O)c1cc(I)ccc1N=[N+]=[N-],Ki,'=',570.0,nM,1
CHEMBL472662,CCCCCCCC/C=C\CCCCCCCC(=O)N[C@@H]1C[C@H]1O,Ki,'=',570.0,nM,1
CHEMBL2336536,CCN(CC)c1ccc(CN(Cc2ccco2)S(=O)(=O)c2ccc(C)cc2)cc1,Ki,'=',570.0,nM,1
CHEMBL2029730,CNC(=O)CCCN(C)C(=O)c1ccc2c(c1)c1c(n2C)CC[C@H](C2CCOCC2)C1,Ki,'=',576.0,nM,1
CHEMBL2163580,CC[C@H]1COc2cccc3c(=O)c(C(=O)NC45CC6CC(CC(C6)C4)C5)cn1c23,Ki,'=',578.0,nM,1
CHEMBL2023583,O=C(O)CCc1csc(NC(=O)c2cc3c(n(CC4CCCCC4)c2=O)CCCCCC3)n1,Ki,'=',580.0,nM,1
CHEMBL158785,C/N=C(\NS(=O)(=O)c1ccc(Cl)cc1)N1CC(c2ccc(F)cc2)C(c2ccc(Cl)cc2)=N1,Ki,'=',584.0,nM,1
CHEMBL190316,C=CCN1C(=O)C(c2ccc(I)cc2)(c2ccc(I)cc2)NC1=S,Ki,'=',589.0,nM,1
CHEMBL2336528,COc1ccc(S(=O)(=O)N(Cc2ccc(N3CCCCC3)cc2)c2ccccc2)cc1,Ki,'=',590.0,nM,1
CHEMBL3597330,COC[C@@H](COC(C)=O)N(C)C(=O)CC/C=C/CCCCC(Cl)CCCCCCCl,Ki,'=',590.0,nM,1
CHEMBL2387182,CCCCn1c2c(cc(C(=O)NC(C)C)c1=O)CCCCCC2,Ki,'=',591.0,nM,1
CHEMBL1950486,CC1CCN(C(=O)c2ccc3c(c2)c2c(n3S(=O)(=O)n3ccnc3)CCN(C3CCOCC3)C2)CC1,Ki,'=',592.0,nM,1
CHEMBL1641945,CCCCCn1cc(C(=O)NC23CC4CC(CC(C4)C2)C3)c(=O)cc1-c1ccccc1,Ki,'=',592.0,nM,1
CHEMBL4574224,CCCCCn1c(=O)sc2cc(CC34CC5CC(CC(C5)C3)C4)ccc21,Ki,'=',593.0,nM,1
CHEMBL1641946,CCCCCCn1cc(C(=O)NC23CC4CC(CC(C4)C2)C3)c(=O)cc1-c1ccccc1,Ki,'=',596.0,nM,1
CHEMBL2181543,CCCCC1(c2cc(OC)c3cc(Cc4ccccc4OC)c(=O)oc3c2)CCCC1,Ki,'=',598.0,nM,1
CHEMBL234677,CCCCCCC(C)(C)c1ccc(-c2ccc(C)c(C)c2)c(O)c1,Ki,'=',600.0,nM,1
CHEMBL3116291,O=[N+]([O-])c1ccc2c(c1)c(OCc1cccc3ccccc13)nn2CCN1CCCC1,Ki,'=',600.0,nM,1
CHEMBL472661,CCCCCCCC/C=C\CCCCCCCC(=O)N[C@@H]1C[C@@H]1O,Ki,'=',600.0,nM,1
CHEMBL199649,CCCCCCCC/C=C\CCCCCCCC(=O)NCCc1ccc(OC)cc1OC,Ki,'=',600.0,nM,1
CHEMBL2336549,CCN(CC)c1ccc(CN(c2ncc(C)s2)S(=O)(=O)c2ccc(OC)cc2)cc1,Ki,'=',600.0,nM,1
CHEMBL197969,CCCCC/C=C\C/C=C\C/C=C\C/C=C\CCCC(=O)N1CCN(c2ccc(Cl)cc2)CC1,Ki,'=',600.0,nM,1
CHEMBL3889952,CCCc1sc2ccccc2c1C(=O)c1cccc2ccccc12,Ki,'=',600.0,nM,1
CHEMBL198079,CCCCC/C=C\C/C=C\C/C=C\C/C=C\CCCC(=O)NCc1ccc(OC)cc1,Ki,'=',600.0,nM,1
CHEMBL400399,CCCN1Cc2c(n(S(=O)(=O)CC)c3ccc(C(=O)N4CCC(C)CC4)cc23)C1,Ki,'=',604.0,nM,1
CHEMBL2381811,CCCCCn1cc(C(=O)NC2CCCCCC2)c(=O)n2nc(C(C)(C)C)cc12,Ki,'=',605.0,nM,1
CHEMBL432857,Cc1c(C(=O)NN2CCCCC2)nn(C2CCCCC2)c1-c1ccccc1,Ki,'=',605.3,nM,1
CHEMBL2387073,CCCCn1c(C)c(C)cc(C(=O)NCc2ccccc2)c1=O,Ki,'=',606.0,nM,1
CHEMBL4570023,Ic1ccccc1/C=C1\C=C(CCN2CCOCC2)c2ccccc21,Ki,'=',607.0,nM,1
CHEMBL4207394,Cc1ccc(-c2cc(SNC3CCCCCC3)nnc2-c2ccc(C)cc2)cc1,Ki,'=',608.8,nM,1
CHEMBL1801081,COc1cc(C(=O)NC2(C(=O)N[C@H](C)c3ccc(-n4ccc(-c5ccccc5)n4)cc3F)CC2)on1,Ki,'=',610.0,nM,1
CHEMBL2336537,CCN(CC)c1ccc(CN(Cc2cccs2)S(=O)(=O)c2ccc(C)cc2)cc1,Ki,'=',610.0,nM,1
CHEMBL5081512,C/C(N)=N\C(=N\S(=O)(=O)N1CCCCC1)N1C[C@@H](c2ccccc2)C(c2ccc(Cl)cc2)=N1,Ki,'=',610.0,nM,1
CHEMBL559035,CC1CC(C)CN(S(=O)(=O)c2ccc(F)c(C(=O)NC(c3ccccc3)c3ccccc3)c2)C1,Ki,'=',611.0,nM,1
CHEMBL2381812,CCCCCn1cc(C(=O)NC23CC4CC(CC(C4)C2)C3)c(=O)n2nc(C(C)(C)C)cc12,Ki,'=',612.0,nM,1
CHEMBL2387530,CCCCCc1cc(OC)c2cc(Cc3ccc(Cl)cc3)c(=O)oc2c1,Ki,'=',613.0,nM,1
CHEMBL4554620,CCCCCCC(C)(C)c1cc(OCc2ccccc2)c2c(c1)OC(C)(C)c1cnn(CC)c1-2,Ki,'=',613.7,nM,1
CHEMBL2030746,Cc1c(C(=O)N2CCC(NC(=O)Nc3ccc(F)cc3)(c3ccccc3)CC2)nn(-c2ccc(Cl)cc2Cl)c1-c1ccc(Cl)cc1,Ki,'=',614.0,nM,1
CHEMBL3799723,C=CCc1ccc(O)c(-c2ccc(OCCCC)c(CC=C)c2)c1,Ki,'=',615.0,nM,1
CHEMBL590737,CCCCCc1cc(N)c2c(c1)OC(C)(C)[C@@H]1CCC(C)=C[C@@H]21,Ki,'=',616.0,nM,1
CHEMBL1668511,CCC1CCC(C(=O)c2cn(CCN3CCOCC3)c3ccccc23)CC1,Ki,'=',616.0,nM,1
CHEMBL584738,CC[C@H]1CC[C@H](C(=O)c2cn(CCN3CCOCC3)c3ccccc23)CC1,Ki,'=',616.0,nM,1
CHEMBL229859,CN[C@H]1CCCC[C@@H]1NC(=O)c1cn(-c2ccc(Cl)cc2)c(-c2ccc(Cl)cc2Cl)n1,Ki,'=',620.0,nM,1
CHEMBL3397518,COc1c(C)cc(-c2ccc(F)cc2)cc1C(=O)N[C@H]1CC[C@H](C)CC1,Ki,'=',620.0,nM,1
CHEMBL398646,O=c1c2cn(Cc3ccccc3)c3ccccc3c-2nn1C1CCCCC1,Ki,'=',620.0,nM,1
CHEMBL56747,CCCCCCC(C)(C)c1cc(OC)c2c(c1)OC(C)(C)[C@@H]1CCC(=O)C[C@@H]21,Ki,'=',621.0,nM,1
CHEMBL3775264,CCCCCn1cc(C(=O)NC23CC4CC(C)(CC(C)(C4)C2)C3)c(=O)n2ncnc12,Ki,'=',622.0,nM,1
CHEMBL4444393,Cc1ccccc1/C=C1\C=C(CCN2CCOCC2)c2ccccc21,Ki,'=',623.0,nM,1
CHEMBL515604,CSC(=O)N1CC2(CCCCC2)CN/C1=N\c1cccc2ccccc12,Ki,'=',624.0,nM,1
CHEMBL1641942,CCCCCn1cc(C(=O)NCC23CC4CC(CC(C4)C2)C3)c(=O)cc1-c1ccccc1,Ki,'=',626.0,nM,1
CHEMBL4517991,CCCCCn1c(=O)sc2cc(C(=O)C34CC5CC(CC(C5)C3)C4)ccc21,Ki,'=',627.0,nM,1
CHEMBL3290053,CCCCCCC(C)(C)c1cc(OC(C)=O)c2c(c1)OC(C)(C)[C@@H]1CC=C(C(=O)O)C[C@@H]21,Ki,'=',628.0,nM,1
CHEMBL569994,CC1(C)C(C(=O)c2cn(CC3CCOC3)c3ccccc23)C1(C)C,Ki,'=',630.0,nM,1
CHEMBL3422791,CC1CCC(NC(=O)c2c(O)c3cccnc3n(CCN3CCOCC3)c2=O)CC1,Ki,'=',630.3,nM,1
CHEMBL241758,C=C(C)C1CCC(C)=C[C@H]1c1c(O)cc(-c2ccc(C)cc2)cc1O,Ki,'=',630.96,nM,1
CHEMBL398114,Cc1ccc(-c2ncc(C(=O)NCCOc3ccccc3)nc2-c2ccc(C)cc2)cc1,Ki,'=',631.0,nM,1
CHEMBL3953330,CCc1c(C(=O)Nc2ccc3ccccc3c2)cc(C)n1-c1ccccc1,Ki,'=',633.03,nM,1
CHEMBL2177261,CCCCCc1cc(OC)c2cc(Cc3cccc(Cl)c3)c(=O)oc2c1,Ki,'=',637.0,nM,1
CHEMBL274833,Cc1c(C(=O)c2cccc3ccccc23)c2ccccc2n1CCN1CCOCC1,Ki,'=',638.0,nM,1
CHEMBL524456,CCCCCn1cc(C(=O)NC23CC4CC(CC(C4)C2)C3)c(=O)c2cc(Sc3ccccc3)ccc21,Ki,'=',640.0,nM,1
CHEMBL515090,Cc1ccc(NC(=O)[C@@H]2C(C)(C)[C@@H]3CC[C@@]2(C)C3)cc1S(=O)(=O)N1CCOCC1,Ki,'=',640.0,nM,1
CHEMBL2206840,CCCn1cc(C(=O)c2cccc3cccc(Cl)c23)c2ccccc21,Ki,'=',642.0,nM,1
CHEMBL4292923,CCCCCc1cc2c(c(OS(=O)(=O)c3ccc(C)cc3)c1)[C@@H]1[C@H](O)C(C)=CC[C@H]1C(C)(C)O2,Ki,'=',642.0,nM,1
CHEMBL4564402,Brc1ccccc1/C=C1\C=C(CCN2CCOCC2)c2ccccc21,Ki,'=',647.0,nM,1
CHEMBL75591,CCCCC/C=C\C/C=C\C/C=C\C/C=C\CCCC(=O)NCCOC,Ki,'=',650.0,nM,1
CHEMBL224627,O=C(Nc1ccc(Cl)cc1)NC(c1ccc(Br)cc1)c1ccc(Br)cc1,Ki,'=',650.0,nM,1
CHEMBL1668514,CCC(C)(C)C(=O)Cc1cc(C)c(C)c(S(=O)(=O)N2CCCCC2)c1,Ki,'=',650.0,nM,1
CHEMBL602105,CCC(C)(C)C(=O)Nc1cc(C)c(C)c(S(=O)(=O)N2CCCCC2)c1,Ki,'=',650.0,nM,1
CHEMBL3774565,CCCCCn1cc(C(=O)NC23CC4CC(C)(CC(C)(C4)C2)C3)c(=O)n2nc(-c3ccccc3)nc12,Ki,'=',653.0,nM,1
CHEMBL2029723,CN(CCC(=O)NC1CC1)C(=O)c1ccc2c(c1)c1c(n2C)CCC(C2CCOCC2)C1,Ki,'=',655.0,nM,1
CHEMBL246477,Cc1ccc(-c2ncc(C(=O)NC(C)C)nc2-c2ccc(C)cc2)cc1,Ki,'=',656.0,nM,1
CHEMBL3397448,COc1c(C)cc(-c2ccccc2)cc1C(=O)NC1CCCCCC1,Ki,'=',656.0,nM,1
CHEMBL4438938,CCCCCCC(C)(C)c1cc(OCCCBr)c2c(c1)OC(C)(C)c1cn(CC)nc1-2,Ki,'=',657.0,nM,1
CHEMBL400887,CC1CCN(C(=O)c2ccc3c(c2)c2c(n3Cc3ccccc3)CN(C3CCCC3)C2)CC1,Ki,'=',658.0,nM,1
CHEMBL2336547,CCN(CC)c1ccc(CN(C2CCCCC2)S(=O)(=O)c2ccc(OC)cc2)cc1,Ki,'=',660.0,nM,1
CHEMBL572000,COCCCn1cc(C(=O)C2C(C)(C)C2(C)C)c2ccccc21,Ki,'=',660.0,nM,1
CHEMBL2152820,CCCCCn1cc(C(=O)NCc2ccc(Cl)c(Cl)c2)c(=O)c2ccc(Br)cc21,Ki,'=',660.0,nM,1
CHEMBL238972,C=C(C)C1CCC(C)=C[C@H]1c1c(O)cc(C2(CCCCCC)CC2(Cl)Cl)cc1O,Ki,'=',660.69,nM,1
CHEMBL2152814,Cc1cccc(Cn2cc(C(=O)N[C@@H]3C(C)(C)C4CC[C@]3(C)C4)c(=O)c3ccc(Sc4ccccc4)cc32)c1,Ki,'=',669.3,nM,1
CHEMBL231933,COc1ccc(/N=C2\SCC3(CCCCC3)CN2C(=S)SC)cc1,Ki,'=',671.0,nM,1
CHEMBL4435812,CCCCCCC(C)(C)c1cc(OCc2ccccc2)c2c(c1)OC(C)(C)c1cn(CC)nc1-2,Ki,'=',671.3,nM,1
CHEMBL2381810,CCCCCn1cc(C(=O)NC2CCCCC2)c(=O)n2nc(C(C)(C)C)cc12,Ki,'=',675.0,nM,1
CHEMBL571131,CC1(C)C(C(=O)c2cn(CCCCCO)c3ccccc23)C1(C)C,Ki,'=',676.08,nM,1
CHEMBL1765685,COc1ccc(-c2c(C)c(C(=O)NC3(C#N)CCOCC3)nn2-c2cccc(Br)c2)cc1,Ki,'=',680.0,nM,1
CHEMBL124649,CCCCCCC(C)(C)c1cc(OC)c2c(c1)OC(C)(C)c1ccc(C)cc1-2,Ki,'=',681.0,nM,1
CHEMBL1814463,CCC1COc2cccc3c(=O)c(C(=O)NC45CC6CC(CC(C6)C4)C5)cn1c23,Ki,'=',689.0,nM,1
CHEMBL2336566,CCN(CC)c1ccc(CN(Cc2ccccc2)S(=O)(=O)c2ccc(OC)cc2)cc1,Ki,'=',690.0,nM,1
CHEMBL591508,CS(=O)(=O)N1CCN(C[C@@H]2CC[C@@H](c3ccc(Cl)cc3Cl)N(c3ccc(Cl)cc3)C2)CC1,Ki,'=',690.0,nM,1
CHEMBL569300,CC1(C)C(C(=O)c2cn(CCc3cccs3)c3ccccc23)C1(C)C,Ki,'=',691.83,nM,1
CHEMBL199410,O=C1C(c2ccccc2)N(c2cccc(I)c2)C(=S)N1c1cccc(I)c1,Ki,'=',692.0,nM,1
CHEMBL4647926,CCCCCCc1ccc(OC)cc1OCCCCCCCCCCC(=O)NCC1CC1,Ki,'=',693.5,nM,1
CHEMBL250026,C=CCn1c2c(c3cc(C(=O)N4CCC(C)CC4)ccc31)CN(C1CCCC1)C2,Ki,'=',695.0,nM,1
CHEMBL500415,C=CCCCn1cc(C(=O)NC23CC4CC(CC(C4)C2)C3)c(=O)c2cc(Br)ccc21,Ki,'=',696.0,nM,1
CHEMBL2087092,CCn1cc(CC(=O)NC23CC4CC(CC(C4)C2)C3)c2cc(-c3ccccc3)ccc21,Ki,'=',698.0,nM,1
CHEMBL594935,COc1ccc(C(=O)c2c(-c3ccc(OC)cc3)sc3ccccc23)cc1,Ki,'=',700.0,nM,1
CHEMBL3916891,CC(C)Cc1sc2ccccc2c1C(=O)c1cccc2ccccc12,Ki,'=',700.0,nM,1
CHEMBL570516,CCC(=O)N(CCCCCCCNC(=O)c1nn(-c2ccc(Cl)cc2Cl)c(-c2ccc(Cl)cc2)c1C)C1CCN(CCc2ccccc2)CC1,Ki,'=',701.0,nM,1
CHEMBL3422792,CCCCn1c(=O)c(C(=O)NC2CCC(C)CC2)c(O)c2cccnc21,Ki,'=',701.5,nM,1
CHEMBL2381784,CCCCCn1cc(C(=O)NC2CCCCC2)c(=O)n2nc(-c3ccccc3)cc12,Ki,'=',702.0,nM,1
CHEMBL4563803,CCCCCCC(C)(C)c1cc(OCc2ccccc2)c2c(c1)OC(C)(C)c1cn(C)nc1-2,Ki,'=',702.4,nM,1
CHEMBL4794483,O=C1/C(=C/c2cn(Cc3ccc(Cl)cc3)c3ncccc23)N2CCC1CC2,Ki,'=',704.0,nM,1
CHEMBL4211237,Cc1ccc(-c2cc(SNC3CC(C)CCC3C(C)C)nnc2-c2ccc(C)cc2)cc1,Ki,'=',707.6,nM,1
CHEMBL570690,COCCn1cc(C(=O)C2C(C)(C)C2(C)C)c2ccccc21,Ki,'=',707.95,nM,1
CHEMBL393188,CSC(=S)N1CC2(CCCCC2)CS/C1=N\c1ccccc1OC(F)(F)F,Ki,'=',711.0,nM,1
CHEMBL2316261,CCCCCn1cc(C(=O)NC23CC4CC(CC(C4)C2)C3)c(=O)n2ncnc12,Ki,'=',712.0,nM,1
CHEMBL2177255,CCCCCc1cc(OC)c2cc(Cc3cccc(C)c3)c(=O)oc2c1,Ki,'=',713.0,nM,1
CHEMBL348299,N/C(=N\S(=O)(=O)c1ccc(Cl)cc1)N1CC(O)(c2ccccc2)C(c2ccc(Cl)cc2)=N1,Ki,'=',713.0,nM,1
CHEMBL592471,O=C1[C@H](Cc2ccc(F)c(F)c2)CC[C@H](c2ccc(Cl)cc2)N1c1ccc(Cl)cc1,Ki,'=',714.0,nM,1
CHEMBL422704,CCCCCc1cc(O)c2c(c1)OC(C)(CCC=C(C)C)C=C2,Ki,'=',714.0,nM,1
CHEMBL3775571,CCCCCn1cc(C(=O)NC2CCCCCC2)c(=O)n2ncnc12,Ki,'=',717.0,nM,1
CHEMBL583680,CC1(C)C(C(=O)c2cn(C[C@H]3CCCO3)c3ccccc23)C1(C)C,Ki,'=',720.0,nM,1
CHEMBL2316297,CCCCCn1cc(C(=O)N[C@H]2CC[C@@H](C)CC2)c(=O)c2c(C)nn(C)c21,Ki,'=',723.0,nM,1
CHEMBL195445,CCCCN1C(=O)C(c2ccc(I)cc2)(c2ccc(I)cc2)NC1=S,Ki,'=',724.0,nM,1
CHEMBL4214129,Cc1ccc(-c2cc(SNC3CCCC3)nnc2-c2ccc(C)cc2)cc1,Ki,'=',724.2,nM,1
CHEMBL4471789,O=C(NCC1CCCCC1)NC1CCN(c2ncnc3c2nc(-c2ccccc2Cl)n3-c2ccc(C(F)(F)F)nc2)CC1,Ki,'=',730.0,nM,1
CHEMBL1087521,O=C(C1CCCC1)N1CCN(C(c2ccccc2)c2ccc(Cl)cc2Cl)CC1,Ki,'=',732.0,nM,1
CHEMBL592683,CCCCCOc1c(OC)ccc2cc(C(=O)NCCc3ccc(OC)cc3)c(=O)[nH]c12,Ki,'=',733.0,nM,1
CHEMBL3916878,COc1cc(Nc2ccc(S(=O)(=O)NCC3CCCO3)c(C(F)(F)F)c2)cc(OC)c1,Ki,'=',735.0,nM,1
CHEMBL2023047,O=C(N[C@@H](Cc1ccccc1)C(=O)O)c1cc2c(n(CC3CCCCC3)c1=O)CCCCCC2,Ki,'=',738.0,nM,1
CHEMBL500414,CCCCCn1cc(C(=O)NC23CC4CC(CC(C4)C2)C3)c(=O)c2cc(Oc3ccc(F)c(Cl)c3)ccc21,Ki,'=',739.0,nM,1
CHEMBL472680,Cc1ccc(-c2noc(CC3CCCCC3)n2)cc1S(=O)(=O)N1CCOCC1,Ki,'=',740.0,nM,1
CHEMBL2387076,CCCCn1c2c(cc(C(=O)NCc3ccccc3)c1=O)CCCC2,Ki,'=',746.0,nM,1
CHEMBL4449429,CCOC(=O)CCCn1cc(C(=O)c2cccc3ccccc23)c2ccccc21,Ki,'=',747.0,nM,1
CHEMBL474080,Cc1ccc(-c2cc(CC(C)(C)C)[nH]n2)cc1S(=O)(=O)N1CCOCC1,Ki,'=',750.0,nM,1
CHEMBL1823117,CCCCCc1cc(O)c(C/C=C(\C)CC/C=C(\C)CCC=C(C)C)c(O)c1,Ki,'=',750.0,nM,1
CHEMBL3353442,CC1CCC(NC(=O)c2cc3cc(Br)cnc3n(CCN3CCOCC3)c2=O)CC1,Ki,'=',750.0,nM,1
CHEMBL388398,O=C(Nc1ccc(Br)cc1)NC(c1ccc(I)cc1)c1ccc(I)cc1,Ki,'=',750.0,nM,1
CHEMBL228405,CCCCCc1cc(O)cc(OCCCCCCCCCCCC(=O)NC2CC2)c1,Ki,'=',750.0,nM,1
CHEMBL228457,CCCCCCc1c(O)cccc1OCCCCCCCCCCC(=O)NCC1CC1,Ki,'=',750.0,nM,1
CHEMBL238570,C=C(C)C1CCC(C)=C[C@H]1c1c(O)cc(-c2cccc3ccccc23)cc1O,Ki,'=',753.5,nM,1
CHEMBL2163939,CCCC1COc2ccc(C)c3c(=O)c(C(=O)NC4CCCCC4)cn1c23,Ki,'=',756.0,nM,1
CHEMBL2316287,CCCn1cc(C(=O)NC2CCCCC2)c(=O)c2c(C)nn(C)c21,Ki,'=',758.0,nM,1
CHEMBL497318,CCCCCc1cc(O)c(C/C=C(\C)CCC=C(C)C)c(O)c1,Ki,'=',760.0,nM,1
CHEMBL1788275,CN/C(=N\S(=O)(=O)N1CCCCC1)N1C[C@@H](c2ccccc2)C(c2ccc(Cl)cc2)=N1,Ki,'=',763.0,nM,1
CHEMBL398145,CSC(=S)N1CC2(CCCCC2)CS/C1=N\c1cccc2ncccc12,Ki,'=',763.0,nM,1
CHEMBL418544,C#Cc1c(C(=O)NN2CC3CCCC3C2)nc(-c2ccc(Cl)cc2Cl)n1-c1ccc(Cl)cc1,Ki,'=',770.0,nM,1
CHEMBL475719,Cc1ccc(-c2cnc(C(C)(C)C)[nH]2)cc1S(=O)(=O)N1CCOCC1,Ki,'=',770.0,nM,1
CHEMBL270125,COc1cc2c(cc1O)c(C(=O)C1C(C)(C)C1(C)C)cn2CC1CCOCC1,Ki,'=',776.25,nM,1
CHEMBL399949,CCCCN(C)C(=O)c1ccc2c(c1)c1c(n2S(=O)(=O)CC)CN(C2CCCC2)C1,Ki,'=',779.0,nM,1
CHEMBL4460203,N=C(NC1CCN(c2ncnc3c2nc(-c2ccccc2Cl)n3-c2ccc(Cl)cc2)CC1)c1ccc(F)cc1,Ki,'=',780.0,nM,1
CHEMBL593625,Cc1cc(NC(=O)C(C)(C(F)(F)F)C(F)(F)F)cc(S(=O)(=O)N2CCOCC2)c1C,Ki,'=',780.0,nM,1
CHEMBL4442990,COc1ccc(-c2oc3ccccc3c2C(=O)c2ccc(NCc3ccc(F)cc3)cc2)cc1,Ki,'=',780.0,nM,1
CHEMBL4519981,CCCCn1c(=O)sc2cc(C(=O)C34CC5CC(CC(C5)C3)C4)ccc21,Ki,'=',780.0,nM,1
CHEMBL1834008,Cc1c(C(=O)Nc2ccc(C)[n+](C)c2)nn(-c2ccc(Cl)cc2Cl)c1-c1ccc(Cl)cc1.[I-],Ki,'=',786.0,nM,1
CHEMBL474692,Cc1ccc(NC(=O)C2CCCCC2(C)C)cc1S(=O)(=O)N1CCOCC1,Ki,'=',790.0,nM,1
CHEMBL571559,CC1(C)C(C(=O)c2cn(CCN3CCCCCC3)c3ccccc23)C1(C)C,Ki,'=',790.0,nM,1
CHEMBL2030752,Cc1c(C(=O)N2CCC(NC(=O)NC3CCCCC3)(c3ccccc3)CC2)nn(-c2ccc(Cl)cc2Cl)c1-c1ccc(Cl)cc1,Ki,'=',792.0,nM,1
CHEMBL2019078,O=C(NC1(C(=O)O)CCCCCCC1)c1cc2c(n(CC3CCCCC3)c1=O)CCCCCC2,Ki,'=',793.0,nM,1
CHEMBL490035,CCCCCCC(C)(C)c1cc(O)cc(OCCCCCCCCCCCC(=O)NCCO)c1,Ki,'=',794.33,nM,1
CHEMBL2022695,O=C(NC1CCCCC1)c1cccn(Cc2ccccc2)c1=O,Ki,'=',800.0,nM,1
CHEMBL224259,CCCCCc1cc(O)cc(OCCCCCCCCCCC(=O)NCCO)c1,Ki,'=',800.0,nM,1
CHEMBL3116289,CCCCCn1nc(OCc2ccc(OC)cc2)c2cc([N+](=O)[O-])ccc21,Ki,'=',800.0,nM,1
CHEMBL1923760,CCCCCCc1ccc(O)cc1OCCCCCCCC(=O)OC(CO)CO,Ki,'=',800.0,nM,1
CHEMBL3422785,CC1CCC(NC(=O)c2cc3ccccc3n(CCN3CCOCC3)c2=O)CC1,Ki,'=',800.0,nM,1
CHEMBL2316299,CCCCCn1cc(C(=O)NC23CC4CC(CC(C4)C2)C3)c(=O)c2c(C)nn(C)c21,Ki,'=',800.0,nM,1
CHEMBL517815,O=C(Cc1ccc(Br)cc1)NCCC(c1ccccc1)c1ccccc1,Ki,'=',800.0,nM,1
CHEMBL4215999,Cc1ccc(-c2cc(S(=O)(=O)NC3CCCCCC3)nnc2-c2ccc(C)cc2)cc1,Ki,'=',800.4,nM,1
CHEMBL3114826,CCCCC/C=C\C/C=C\CCCCCCCC(=O)N[C@H](CO)Cc1ccc(O)cc1,Ki,'=',810.0,nM,1
CHEMBL3581228,CN(C)C1(c2nc(-c3cc(C(C)(C)C)c(O)c(C(C)(C)C)c3)co2)CCOCC1,Ki,'=',817.0,nM,1
CHEMBL250493,CCS(=O)(=O)n1c2c(c3cc(C(=O)N4CCCCC4)ccc31)CN(C1CCCC1)C2,Ki,'=',818.0,nM,1
CHEMBL483143,CCCCCCCCCCCCCCCC(=O)N[C@H]1C[C@H]1O,Ki,'=',820.0,nM,1
CHEMBL2163963,CCC1COc2cccc3c(=O)c(C(=O)NC4CCCCC4)cn1c23,Ki,'=',821.0,nM,1
CHEMBL4293194,O=C(c1cccc2ccccc12)c1cn(CC2CCOCC2)c2ccc(O)cc12,Ki,'=',823.8,nM,1
CHEMBL2381785,CCCCCn1cc(C(=O)NC2CCCCCC2)c(=O)n2nc(-c3ccccc3)cc12,Ki,'=',825.0,nM,1
CHEMBL3799040,COc1c(Cc2ccc(F)cc2)cc(-c2ccccc2)cc1C(=O)N[C@H]1CC[C@@H](C)CC1,Ki,'=',826.0,nM,1
CHEMBL369314,CCN(CC)C(=O)c1nc(-c2ccc(Cl)cc2Cl)n(-c2ccc(Cl)cc2)c1C,Ki,'=',828.0,nM,1
CHEMBL328379,CCCCCCc1nc(-c2ccc(Cl)cc2)n(-c2ccc(Cl)cc2Cl)n1,Ki,'=',829.4,nM,1
CHEMBL595035,CCCC(C)(C)C(=O)Nc1cc(C)c(C)c(S(=O)(=O)N2CCOCC2)c1,Ki,'=',830.0,nM,1
CHEMBL3321781,CCCCCc1cc(O)cc(OCCCCCCCCCCCCNC2CC2)c1,Ki,'=',830.0,nM,1
CHEMBL3586107,CCCCCc1cc(O)c2c(c1)OC(C)(C)[C@@H]1CC=C(C)[C@@H](O)[C@@H]21,Ki,'=',830.0,nM,1
CHEMBL425912,C/N=C(\NS(=O)(=O)N1CCS(=O)(=O)CC1)N1CC(c2ccccc2)C(c2ccc(Cl)cc2)=N1,Ki,'=',832.0,nM,1
CHEMBL259646,COc1ccc([C@@H]2[C@@H](Cc3cc4ccccc4o3)C(=O)N2c2ccccc2)cc1,Ki,'=',839.0,nM,1
CHEMBL2336545,CCN(CC)c1ccc(CN(Cc2ccco2)S(=O)(=O)c2ccc(OC)cc2)cc1,Ki,'=',840.0,nM,1
CHEMBL234842,CNC(=O)CCC(C)(C)c1ccc(-c2cc(C)cc(C)c2)c(O)c1,Ki,'=',840.0,nM,1
CHEMBL576142,Cc1c(C(=O)NC2CCCC2)nn(-c2ccc(F)cc2F)c1-n1c(C)ccc1C,Ki,'=',840.0,nM,1
CHEMBL181633,COc1ccc(C(=O)c2c(C)n(CCN3CCOCC3)c3cc(I)ccc23)cc1,Ki,'=',840.0,nM,1
CHEMBL2163578,CC[C@H]1COc2cccc3c(=O)c(C(=O)NC4CCCCCC4)cn1c23,Ki,'=',843.0,nM,1
CHEMBL4644476,CCCCCc1cc(OC)cc(OCCCCCCCCCCC(=O)Nc2ccccc2)c1,Ki,'=',844.5,nM,1
CHEMBL262865,CC1(C)C(C(=O)c2cn(CCN3CCOCC3)c3ccccc23)C1(C)C,Ki,'=',845.0,nM,1
CHEMBL3323692,CCCCCc1cc(O)cc(OCCCCCCCCCCC(=O)NN(C)C)c1,Ki,'=',845.5,nM,1
CHEMBL454951,O=C(NC1CC1)c1cnn(-c2ccc(Cl)cc2Cl)c1-c1ccc(Cl)cc1,Ki,'=',850.0,nM,1
CHEMBL3221202,O=C1/C(=C/c2cccc(OCc3ccc(F)cc3)c2)N=C2SCCCCN12,Ki,'=',850.0,nM,1
CHEMBL180963,COc1ccc(S(=O)(=O)c2cc(OC)ccc2S(=O)(=O)c2ccc([C@H](C)NS(=O)(=O)c3ccccc3)cc2)cc1,Ki,'=',855.0,nM,1
CHEMBL4204923,Cc1ccc(-c2cc(SNCC34CC5CC(CC(C5)C3)C4)nnc2-c2ccc(C)cc2)cc1,Ki,'=',856.5,nM,1
CHEMBL3581222,CN(C)C1(c2nc(-c3cc(C(C)(C)C)c(O)c(C(C)(C)C)c3)cs2)CCOCC1,Ki,'=',857.0,nM,1
CHEMBL2326295,CCN(CC)c1ccc(CN(c2ccc(C)cc2)S(=O)(=O)c2ccc(F)cc2)cc1,Ki,'=',858.0,nM,1
CHEMBL2163927,CC(C)[C@H]1COc2cccc3c(=O)c(C(=O)NC45CC6CC(CC(C6)C4)C5)cn1c23,Ki,'=',858.0,nM,1
CHEMBL4552932,COc1ccc(-c2oc3ccccc3c2C(=O)c2ccc(OCCCCN(C)Cc3ccccc3)cc2)cc1,Ki,'=',860.0,nM,1
CHEMBL4530077,Clc1ccccc1/C=C1\C=C(CCN2CCOCC2)c2ccccc21,Ki,'=',862.0,nM,1
CHEMBL2316264,CCCCCn1cc(C(=O)Nc2ccccc2)c(=O)c2c(C)nn(C)c21,Ki,'=',865.0,nM,1
CHEMBL2326290,CCN(CC)c1ccc(CN(c2ccc(Cl)cc2)S(=O)(=O)c2cccc(C)c2)cc1,Ki,'=',866.0,nM,1
CHEMBL192991,C=CCN1C(=O)C(c2ccc(Br)cc2)(c2ccc(Br)cc2)NC1=S,Ki,'=',871.0,nM,1
CHEMBL263390,O=C(c1cc2c(cc1Br)OC(c1ccccc1)(c1ccccc1)O2)N1CCOCC1,Ki,'=',873.0,nM,1
CHEMBL562123,CC(C)CN(CC(=O)N1CCc2sccc2C1c1ccc(F)cc1)C(=O)c1ccco1,Ki,'=',875.0,nM,1
CHEMBL125010,CCCC(C)(C)c1ccc(-c2cc(C)ccc2C(C)C)c(O)c1,Ki,'=',875.0,nM,1
CHEMBL73206,Cc1c(CN2CCOCC2)c2ccccc2n1C(=O)c1cccc2ccccc12,Ki,'=',877.0,nM,1
CHEMBL360697,COc1ccc(S(=O)(=O)c2cc(OC)ccc2S(=O)(=O)c2ccc([C@H](C)NC(=O)c3ccc(C)cc3)cc2)cc1,Ki,'=',884.0,nM,1
CHEMBL3114346,CC1CCC(NC(=O)c2cccnc2OCc2ccc(F)cc2)CC1,Ki,'=',884.0,nM,1
CHEMBL3889879,COc1cc(Nc2ccc(S(=O)(=O)NCC3CCCO3)c(F)c2)cc(OC)c1,Ki,'=',889.0,nM,1
CHEMBL2387078,CCCCn1c2c(cc(C(=O)NCc3ccccc3)c1=O)CCCCCC2,Ki,'=',890.0,nM,1
CHEMBL346994,C/N=C(\NS(=O)(=O)c1ccc(Cl)cc1)N1C[C@@H](c2ccccc2)C(c2ccc(Cl)cc2)=N1,Ki,'=',894.0,nM,1
CHEMBL1215976,CCCCCn1cc(C(=O)NC23CC4CC(CC(C4)C2)C3)c(=O)c2cc(CC)ccc21,Ki,'=',900.0,nM,1
CHEMBL594535,O=S(=O)(NCCCCNS(=O)(=O)C(F)(F)F)c1ccc(Cl)cc1S(=O)(=O)c1ccccc1F,Ki,'=',900.0,nM,1
CHEMBL3323696,CCCCCCc1ccc(O)cc1OCCCCCCCCCCCNC(=O)C1CC1,Ki,'=',900.0,nM,1
CHEMBL479095,Nc1ccc(C(C(=O)NCCC(c2ccccc2)c2ccccc2)c2ccccc2)cc1,Ki,'=',900.0,nM,1
CHEMBL4550003,CCCCCCn1c(=O)sc2cc(C(=O)C34CC5CC(CC(C5)C3)C4)ccc21,Ki,'=',903.0,nM,1
CHEMBL3799936,COc1c(Cc2ccc(F)cc2)cc(-c2ccccc2)cc1C(=O)NC1CCCCCC1,Ki,'=',904.5,nM,1
CHEMBL201383,O=C1C(c2ccc(Br)cc2)N(c2ccc(Cl)cc2)C(=O)N1c1ccc(Cl)cc1,Ki,'=',905.0,nM,1
CHEMBL180465,COc1ccc(S(=O)(=O)c2cc(OC)ccc2S(=O)(=O)c2ccc([C@H](C)NS(C)(=O)=O)cc2)cc1,Ki,'=',905.0,nM,1
CHEMBL2387186,CCCCn1c2c(cc(C(=O)NCCc3ccccc3)c1=O)CCCCCC2,Ki,'=',908.0,nM,1
CHEMBL3353424,CCCCCn1c(=O)c(C(=O)NC2CCC(C)CC2)cc2cccnc21,Ki,'=',908.0,nM,1
CHEMBL187349,CCCCC/C=C\C/C=C\C/C=C\C/C=C\CCCC(=O)OCCN,Ki,'=',912.0,nM,1
CHEMBL4289543,CCCCCC1=CC(=O)C2=C(OC(C)(C)[C@@H]3CC[C@](C)(OCC)C=C23)C1=O,Ki,'=',919.0,nM,1
CHEMBL229913,CN[C@@H]1CCCC[C@H]1NC(=O)c1cn(-c2ccc(Cl)cc2)c(-c2ccc(Cl)cc2Cl)n1,Ki,'=',920.0,nM,1
CHEMBL230573,Cc1c2c(n(-c3ccc(Cl)cc3Cl)c1-c1ccc(N)cc1)CCN(C1CCCCC1)C2=O,Ki,'=',920.0,nM,1
CHEMBL1641947,CCCCCn1cc(C(=O)NC2CCCCC2)c(=O)cc1-c1ccccc1,Ki,'=',929.0,nM,1
CHEMBL2336562,CCN(CC)c1ccc(CN(Cc2ccccc2)S(=O)(=O)c2ccc(F)cc2)cc1,Ki,'=',930.0,nM,1
CHEMBL3938540,O=S(=O)(NCC1CC1)c1ccc(NC2CCCCCCC2)cc1C(F)(F)F,Ki,'=',930.0,nM,1
CHEMBL388987,N[C@@H]1CCCC[C@H]1NC(=O)c1cn(-c2ccc(Cl)cc2)c(-c2ccc(Cl)cc2Cl)n1,Ki,'=',940.0,nM,1
CHEMBL575164,COc1ccc(CCNC(=O)c2nn(-c3ccc(F)cc3F)c(-n3cccc3)c2C)cc1Cl,Ki,'=',948.0,nM,1
CHEMBL2022699,O=C(NC1CCCCCC1)c1cccn(CCN2CCOCC2)c1=O,Ki,'=',950.0,nM,1
CHEMBL602702,CCCCCc1cc2c(c(SC)c1)[C@@H]1C=C(C)CC[C@H]1C(C)(C)O2,Ki,'=',955.0,nM,1
CHEMBL2316268,CCCCCn1cc(C(=O)NC2CCCCC2)c(=O)c2c(CC)nn(C)c21,Ki,'=',957.0,nM,1
CHEMBL2152800,CCn1cc(C(=O)N[C@@H]2C(C)(C)C3CC[C@]2(C)C3)c(=O)c2ccc(F)cc21,Ki,'=',959.7,nM,1
CHEMBL511253,O=C(NC1CCCCCC1)c1cc2cccnc2n(Cc2ccccc2)c1=O,Ki,'=',960.0,nM,1
CHEMBL1909861,CCc1c(C(=O)NCc2ccc(Cl)c(Cl)c2)nn(-c2ccc(Cl)c(Cl)c2)c1-n1c(C)ccc1C,Ki,'=',965.7,nM,1
CHEMBL399346,CCS(=O)(=O)n1c2c(c3cc(C(=O)N4CCC(C)CC4)ccc31)CN(C1CCOC1)C2,Ki,'=',973.0,nM,1
CHEMBL4460860,C[N+]1(CCC2=C/C(=C\c3cccc4ccccc34)c3ccccc32)CCOCC1.[I-],Ki,'=',982.0,nM,1
CHEMBL3907723,Cc1cccc(-c2c(O)cc(C(=O)c3ccccc3)cc2O)c1,Ki,'=',983.3,nM,1
CHEMBL3234681,CC(C)(C)NC(=O)c1nn(-c2ccc(F)cc2F)c2c1[C@H]1CC[C@@H]2C1,Ki,'=',985.2,nM,1
CHEMBL411937,CC1(C)C(C(=O)c2cn(CCN3CCOCC3)c3cc(OCc4ccccc4)ccc23)C1(C)C,Ki,'=',986.0,nM,1
CHEMBL192436,O=C1N(Cc2ccccc2)C(=S)NC1(c1ccc(Br)cc1)c1ccc(Br)cc1,Ki,'=',993.0,nM,1
CHEMBL498297,CCCCCn1cc(C(=O)NC23CC4CC(CC(C4)C2)C3)c(=O)c2cc(Br)ccc21,Ki,'=',996.0,nM,1
CHEMBL2170529,CCCCCn1cc(C(=O)NC23CC4CC(CC(C4)C2)C3)c(=O)c(-c2ccncc2)c1C,Ki,'>',1000.0,nM,1
CHEMBL4852456,CCCCC1(c2cc(O)c3cc(Cc4ccccn4)c(=O)oc3c2)CCCCC1,Ki,'>',1000.0,nM,1
CHEMBL1641949,CCCCCn1cc(C(=O)N[C@H]2CCCc3ccccc32)c(=O)cc1-c1ccccc1,Ki,'>',1000.0,nM,1
CHEMBL3967280,COc1cc(C(=O)c2ccccc2)cc(O)c1-c1cccc(C)c1,Ki,'>',1000.0,nM,1
CHEMBL5080213,CS/C(N)=N/C(=N/S(=O)(=O)N1CCC(C(F)(F)F)CC1)N1C[C@@H](c2ccccc2)C(c2ccc(Cl)cc2)=N1,Ki,'>',1000.0,nM,1
CHEMBL4846991,CCCCc1cc2c(O)cc(C3(CCCC)CCCC3)cc2oc1=O,Ki,'=',1000.0,nM,1
CHEMBL597083,O=C(NC12CC3CC(CC(C3)C1)C2)c1nc(Cl)n(-c2ccccc2)c1Cl,Ki,'>',1000.0,nM,1
CHEMBL4853575,CCCCC1(c2cc(OC)c3cc(C)c(=O)oc3c2)CCCC1,Ki,'>',1000.0,nM,1
CHEMBL2170546,CCCCCn1cc(C(=O)NCC23CC4CC(CC(C4)C2)C3)c(=O)cc1C,Ki,'>',1000.0,nM,1
CHEMBL2170542,CCCCCn1cc(C(=O)NC2CCCCC2)c(=O)cc1C,Ki,'>',1000.0,nM,1
CHEMBL4855966,CCCCC1(c2cc(OC)c3cc(Cc4ccncc4)c(=O)oc3c2)CCCC1,Ki,'>',1000.0,nM,1
CHEMBL4858829,CCCCCc1cc(O)c2cc(Cc3cccnc3)c(=O)oc2c1,Ki,'>',1000.0,nM,1
CHEMBL4869153,CCCCCCC(C)(C)c1cc(O)c2cc(Cc3ccccc3C(F)(F)F)c(=O)oc2c1,Ki,'=',1000.0,nM,1
CHEMBL2057799,CCN1CCN(c2nc(C)nc3[nH]c(-c4ccccc4Cl)nc23)CC1,Ki,'>',1000.0,nM,1
CHEMBL4641494,Cn1cc2c(n1)c(O)c(C(=O)NC13CC4CC(CC(C4)C1)C3)c(=O)n2CCCCO,Ki,'>',1000.0,nM,1
CHEMBL4166726,Clc1ccccc1-c1nc2c(NCC3CCCCC3)ncnc2o1,Ki,'>',1000.0,nM,1
CHEMBL4163287,CN1CCN(c2ncnc3oc(-c4ccccc4)nc23)CC1,Ki,'>',1000.0,nM,1
CHEMBL2170551,CCCCCn1cc(C(=O)NCC23CC4CC(CC(C4)C2)C3)c(=O)cc1C(C)(C)C,Ki,'>',1000.0,nM,1
CHEMBL460754,COc1cc(C(=O)c2ccccc2)cc(O)c1-c1cc(Cl)cc(Cl)c1,Ki,'>',1000.0,nM,1
CHEMBL4849409,CCCCC1(c2cc(O)c3cc(-c4ccccc4O)c(=O)oc3c2)CCCC1,Ki,'>',1000.0,nM,1
CHEMBL4863862,CCCCC1(c2cc(OC)c3cc(CC)c(=O)oc3c2)CCCC1,Ki,'>',1000.0,nM,1
CHEMBL4164823,CN1CCN(c2ncnc3oc(-c4ccccc4F)nc23)CC1,Ki,'>',1000.0,nM,1
CHEMBL4849400,CCCCC1(c2cc(O)c3cc(C)c(=O)oc3c2)CCCCC1,Ki,'>',1000.0,nM,1
CHEMBL4850028,CCCCC1(c2cc(O)c3cc(-c4ccccc4C)c(=O)oc3c2)CCCC1,Ki,'>',1000.0,nM,1
CHEMBL4636552,CCCn1c(=O)c(C(=O)NC23CC4CC(CC(C4)C2)C3)c(O)c2nn(CCOC(C)=O)cc21,Ki,'>',1000.0,nM,1
CHEMBL4852184,CCCCC1(c2cc(O)c3cc(C)c(=O)oc3c2)CCCC1,Ki,'>',1000.0,nM,1
CHEMBL466223,CC1CCC(NC(=O)c2cc3cccnc3n(CCN3CCOCC3)c2=O)CC1,Ki,'=',1000.0,nM,1
CHEMBL4581598,CCCCCn1c(=O)sc2cc(C(=O)C3CCCCC3)ccc21,Ki,'>',1000.0,nM,1
CHEMBL4872613,CCCCCc1cc(O)c2cc(Cc3ccccn3)c(=O)oc2c1,Ki,'>',1000.0,nM,1
CHEMBL428257,Fc1ccc(C2(c3ccc(F)cc3)Oc3cc(F)c(CN4CCOCC4)cc3O2)cc1,Ki,'>',1000.0,nM,1
CHEMBL4099487,[11CH3]OC(=O)c1c(NC(=O)C23CC4CC(CC(O)(C4)C2)C3)sc2c1CCCC2,Ki,'=',1000.0,nM,1
CHEMBL1641959,CCCCCn1cc(C(=O)NC23CC4CC(CC(C4)C2)C3)c(=S)cc1-c1ccccc1,Ki,'>',1000.0,nM,1
CHEMBL4855282,CCCCC1(c2cc(OC)c3cc(-c4ccc(C(F)(F)F)cc4)c(=O)oc3c2)CCCC1,Ki,'>',1000.0,nM,1
CHEMBL4863350,CCCCc1cc2c(O)cc(C3(CCCC)CCCCC3)cc2oc1=O,Ki,'>',1000.0,nM,1
CHEMBL4871926,CCCCC1(c2cc(OC)c3cc(Cc4ccccn4)c(=O)oc3c2)CCCCC1,Ki,'>',1000.0,nM,1
CHEMBL4856291,CCCCC1(c2cc(OC)c3cc(CCC)c(=O)oc3c2)CCCC1,Ki,'>',1000.0,nM,1
CHEMBL4850045,CCCCC(C)(C)c1cc(O)c2cc(Cc3ccccc3C)c(=O)oc2c1,Ki,'>',1000.0,nM,1
CHEMBL4641784,CCCn1c(=O)c(C(=O)NC23CC4CC(CC(C4)C2)C3)c(O)c2nn(CCO)cc21,Ki,'>',1000.0,nM,1
CHEMBL4872254,CCCCC1(c2cc(O)c3cc(-c4ccc(C(F)(F)F)cc4)c(=O)oc3c2)CCCC1,Ki,'>',1000.0,nM,1
CHEMBL4865342,CCCCC1(c2cc(O)c3cc(Cc4cccnc4)c(=O)oc3c2)CCCC1,Ki,'>',1000.0,nM,1
CHEMBL4643391,CCCCn1c(=O)c(C(=O)NC23CC4CC(CC(C4)C2)C3)c(O)c2nn(CCO)cc21,Ki,'>',1000.0,nM,1
CHEMBL4846226,CCCCC1(c2cc(OC)c3cc(CCC)c(=O)oc3c2)CCCCC1,Ki,'>',1000.0,nM,1
CHEMBL4878295,CCCCC1(c2cc(O)c3cc(Cc4ccncc4)c(=O)oc3c2)CCCC1,Ki,'>',1000.0,nM,1
CHEMBL4165549,CN1CCN(c2ncnc3oc(-c4ccccc4Cl)nc23)CC1,Ki,'>',1000.0,nM,1
CHEMBL4177237,CN1CCN(c2ncnc3oc(-c4ccccc4C(F)(F)F)nc23)CC1,Ki,'>',1000.0,nM,1
CHEMBL4172723,CCN1CCN(c2ncnc3oc(-c4ccccc4F)nc23)CC1,Ki,'>',1000.0,nM,1
CHEMBL3978261,Cc1cccc(-c2ccc(C(=O)c3ccccc3)cc2O)c1,Ki,'>',1000.0,nM,1
CHEMBL4873938,CCCCCc1cc(OC)c2cc(Cc3ccncc3)c(=O)oc2c1,Ki,'>',1000.0,nM,1
CHEMBL4854325,CCCCC1(c2cc(O)c3cc(CCC)c(=O)oc3c2)CCCC1,Ki,'>',1000.0,nM,1
CHEMBL4852990,CCCCC1(c2cc(OC)c3cc(Cc4cccnc4)c(=O)oc3c2)CCCCC1,Ki,'>',1000.0,nM,1
CHEMBL4875313,CCCCC1(c2cc(OC)c3cc(-c4ccccc4C)c(=O)oc3c2)CCCC1,Ki,'>',1000.0,nM,1
CHEMBL4858513,CCCCCCC(C)(C)c1cc(OC)c2cc(Cc3ccccc3C(F)(F)F)c(=O)oc2c1,Ki,'>',1000.0,nM,1
CHEMBL1828808,COCCn1cc(C(=O)Nc2ccc3ccccc3c2)c2ccccc21,Ki,'>',1000.0,nM,1
CHEMBL4848227,CCCCC1(c2cc(OC)c3cc(-c4ccccc4)c(=O)oc3c2)CCCC1,Ki,'>',1000.0,nM,1
CHEMBL4867447,CCCCCc1cc(O)c2cc(Cc3ccncc3)c(=O)oc2c1,Ki,'>',1000.0,nM,1
CHEMBL4873624,CCCCC1(c2cc(OC)c3cc(Cc4ccccn4)c(=O)oc3c2)CCCC1,Ki,'>',1000.0,nM,1
CHEMBL4853820,CCCCC(C)(C)c1cc(O)c2cc(Cc3ccccc3O)c(=O)oc2c1,Ki,'>',1000.0,nM,1
CHEMBL4847366,CCCCC1(c2cc(OC)c3cc(C)c(=O)oc3c2)CCCCC1,Ki,'>',1000.0,nM,1
CHEMBL4867451,CCCCC1(c2cc(OC)c3cc(Cc4cccnc4)c(=O)oc3c2)CCCC1,Ki,'>',1000.0,nM,1
CHEMBL1641952,CCCCCn1cc(C(=O)NC23CC4CC(CC(C4)C2)C3)c(=O)cc1-c1ccc(Cl)cc1,Ki,'>',1000.0,nM,1
CHEMBL4641997,Cn1cc2c(n1)c(O)c(C(=O)NC13CC4CC(CC(O)(C4)C1)C3)c(=O)n2CCCCF,Ki,'>',1000.0,nM,1
CHEMBL4852077,CCCCCCC(C)(C)c1cc(O)c2cc(Cc3ccccc3C)c(=O)oc2c1,Ki,'>',1000.0,nM,1
CHEMBL3139186,Cc1nc(N2CCN(C)CC2)c2nc(-c3ccccc3Cl)n(C3CCOCC3)c2n1,Ki,'>',1000.0,nM,1
CHEMBL4857976,CCCCC1(c2cc(O)c3cc(CC)c(=O)oc3c2)CCCCC1,Ki,'>',1000.0,nM,1
CHEMBL5076733,CC(C)(C)/C(N)=N/C(=N/S(=O)(=O)N1CCCC1)N1CC(c2ccccc2)C(c2ccc(Cl)cc2)=N1,Ki,'>',1000.0,nM,1
CHEMBL4848593,CCCCC1(c2cc(O)c3cc(-c4ccccc4)c(=O)oc3c2)CCCC1,Ki,'>',1000.0,nM,1
CHEMBL4878367,CCCCC1(c2cc(O)c3cc(Cc4ccccn4)c(=O)oc3c2)CCCC1,Ki,'>',1000.0,nM,1
CHEMBL259462,CC1(C)C(C(=O)c2cn(CC3CCOCC3)c3ccc(N)cc23)C1(C)C,Ki,'>',1000.0,nM,1
CHEMBL4850004,CCCCC1(c2cc(O)c3cc(CC)c(=O)oc3c2)CCCC1,Ki,'>',1000.0,nM,1
CHEMBL4868184,CCCCC1(c2cc(OC)c3cc(Cc4ccncc4)c(=O)oc3c2)CCCCC1,Ki,'>',1000.0,nM,1
CHEMBL4867914,CCCCc1cc2c(OC)cc(C3(CCCC)CCCCC3)cc2oc1=O,Ki,'>',1000.0,nM,1
CHEMBL4847428,CCCCC1(c2cc(OC)c3cc(CC)c(=O)oc3c2)CCCCC1,Ki,'>',1000.0,nM,1
CHEMBL4875399,CCCCC1(c2cc(O)c3cc(Cc4ccncc4)c(=O)oc3c2)CCCCC1,Ki,'>',1000.0,nM,1
CHEMBL4860325,CCCCC(C)(C)c1cc(O)c2cc(Cc3ccccc3)c(=O)oc2c1,Ki,'>',1000.0,nM,1
CHEMBL1828802,COCCn1cc(C(=O)c2ccc(-c3ccccc3)cc2)c2ccccc21,Ki,'>',1000.0,nM,1
CHEMBL4172780,Clc1ccccc1-c1nc2c(N3CCOCC3)ncnc2o1,Ki,'>',1000.0,nM,1
CHEMBL484888,CCCCCCC(C)(C)c1cc(O)cc(OCCCCCCCCCCC(=O)NCC2CC2)c1,Ki,'=',1000.0,nM,1
CHEMBL1076685,COc1cc(C(O)c2cccs2)cc(OC)c1-c1cc(Cl)cc(Cl)c1,Ki,'>',1000.0,nM,1
CHEMBL460544,COc1cc(C(O)c2ccccc2)cc(OC)c1-c1cc(Cl)cc(Cl)c1,Ki,'>',1000.0,nM,1
CHEMBL4171188,CCN1CCN(c2ncnc3oc(-c4ccccc4)nc23)CC1,Ki,'>',1000.0,nM,1
CHEMBL1641960,CCCCCn1cc(C(=O)NC2CCCCC2)c(=S)cc1-c1ccccc1,Ki,'>',1000.0,nM,1
CHEMBL4167826,CCCCNc1ncnc2oc(-c3ccccc3Cl)nc12,Ki,'>',1000.0,nM,1
CHEMBL4175043,COCCNc1ncnc2oc(-c3ccccc3Cl)nc12,Ki,'>',1000.0,nM,1
CHEMBL95,Nc1c2c(nc3ccccc13)CCCC2,Ki,'>',1000.0,nM,1
CHEMBL4071145,CCCCCCCCCCCC(=O)c1c(O)c(-c2ccc(O)cc2)c[nH]c1=O,Ki,'=',1000.0,nM,1
CHEMBL155752,CN(C)/C(=N\S(=O)(=O)c1ccc(F)cc1)N1CC(c2ccccc2)C(c2ccc(Cl)cc2)=N1,Ki,'>',1000.0,nM,1
CHEMBL549501,CS/C(=N\S(=O)(=O)c1ccc(-n2nc(C(F)(F)F)cc2-c2cccs2)cc1)N1CCCC1,Ki,'=',1000.0,nM,1
CHEMBL2414032,CCCCCOc1ccccc1-c1cc(C(=O)NC2CCCC2)no1,Ki,'>',1000.0,nM,1
CHEMBL402137,CC(C)CNC(=O)c1ccc(Br)c(S(=O)(=O)N2CCCCC2)c1,Ki,'>',1000.0,nM,1
CHEMBL257806,CC(C)CNC(=O)c1ccc(Br)c(S(=O)(=O)N(C)Cc2ccccc2)c1,Ki,'>',1000.0,nM,1
CHEMBL1828807,COCCn1cc(C(=O)Nc2cccc3ccccc23)c2ccccc21,Ki,'>',1000.0,nM,1
CHEMBL3234669,COc1cccc2c(C(=O)c3ccc(Br)c4ccccc34)c(C)n(CCN3CCOCC3)c12,Ki,'>',1000.0,nM,1
CHEMBL3329483,Cc1cc(O)c2c(c1)OC(C)(C)C1=C2C[C@H](C)CC1,Ki,'=',1000.0,nM,1
CHEMBL485462,CCC(C)/C=C(C)/C=C/C=C/C=C/C(=O)c1c(O)c(-c2ccc(O)cc2)c[nH]c1=O,Ki,'>',1000.0,nM,1
CHEMBL4162105,CC(=O)N1CCN(c2ncnc3oc(-c4ccccc4C(F)(F)F)nc23)CC1,Ki,'>',1000.0,nM,1
CHEMBL233183,CCCCCCC(C)(C)c1ccc(-c2cc(C)cc(C)c2)c(C(=O)NC(C)C)c1,Ki,'>',1000.0,nM,1
CHEMBL2414029,CCCCCOc1ccccc1-c1cc(C(=O)NC23CC4CC(CC2C4)C3)no1,Ki,'>',1000.0,nM,1
CHEMBL4161047,CCCN1CCN(c2ncnc3oc(-c4ccccc4Cl)nc23)CC1,Ki,'>',1000.0,nM,1
CHEMBL4164392,CCCCCNc1ncnc2oc(-c3ccccc3Cl)nc12,Ki,'>',1000.0,nM,1
CHEMBL4163588,Cc1nc(N2CCN(C)CC2)c2nc(-c3ccccc3Cl)oc2n1,Ki,'>',1000.0,nM,1
CHEMBL2170528,CCCCCn1cc(C(=O)NC23CC4CC(CC(C4)C2)C3)c(=O)c(-c2ccc(CC)cc2)c1C,Ki,'>',1000.0,nM,1
CHEMBL3937621,O=C(c1cc(O)c(-c2cc(Cl)cc(Cl)c2)c(O)c1)c1cccs1,Ki,'>',1000.0,nM,1
CHEMBL1242923,O=C(Cc1ccccc1)NC1CCN(CCCN2C(=O)COc3ccccc32)CC1,Ki,'>=',1000.0,nM,1
CHEMBL2151377,Cc1cc(C2=NN(C(=O)NC3C4(C)CCC(C4)C3(C)C)CC2Cc2ccccc2)ccc1Cl,Ki,'>',1000.0,nM,1
CHEMBL2151380,Cc1ccc(CC2CN(C(=O)NC3C4(C)CCC(C4)C3(C)C)N=C2c2ccc(Cl)c(C)c2)cc1,Ki,'>',1000.0,nM,1
CHEMBL1641944,CCCCn1cc(C(=O)NC23CC4CC(CC(C4)C2)C3)c(=O)cc1-c1ccccc1,Ki,'>',1000.0,nM,1
CHEMBL475493,O=C(NCc1ccccc1)c1ccc(Br)c(S(=O)(=O)N2CCOCC2)c1,Ki,'>',1000.0,nM,1
CHEMBL236624,CCCCCCC(C)(C)c1ccc(-c2cccc(C(=O)O)c2)c(O)c1,Ki,'>',1000.0,nM,1
CHEMBL233007,CCCCCCC(C)(C)c1ccc(-c2cc(C)cc(C)c2)c(C(=O)O)c1,Ki,'>',1000.0,nM,1
CHEMBL1081622,CCCCOc1c(OCC[18F])ccc2cc(C(=O)NC3CCCCC3)c(=O)[nH]c12,Ki,'>',1000.0,nM,1
CHEMBL1242950,CCCCC1CCN(CCCC(=O)c2ccccc2C)CC1,Ki,'>=',1000.0,nM,1
CHEMBL234841,CNC(=O)C(C)(C)c1ccc(-c2cc(C)cc(C)c2)c(O)c1,Ki,'>',1000.0,nM,1
CHEMBL236623,CCCCCCC(C)(C)c1ccc(-c2ccc(C#N)cc2)c(O)c1,Ki,'>',1000.0,nM,1
CHEMBL604120,CCc1nc(C(=O)NC23CC4CC(CC(C4)C2)C3)cn1-c1ccccc1,Ki,'>',1000.0,nM,1
CHEMBL429851,Cc1ccc(C(=O)NCC(C)(C)C)cc1S(=O)(=O)N1CCOCC1,Ki,'>',1000.0,nM,1
CHEMBL1644675,FC(F)(F)c1cccc(-c2c[nH]c(-c3cccc(CN4CCOCC4)c3)n2)c1,Ki,'=',1000.0,nM,1
CHEMBL385508,Cc1ccc2c(=O)c(C(=O)NC3CCCC3)cn(CCN3CCOCC3)c2n1,Ki,'=',1000.0,nM,1
CHEMBL1641954,CCCCCn1cc(C(=O)Nc2cccc(C(F)(F)F)c2)c(=O)cc1-c1ccc(Cl)cc1,Ki,'>',1000.0,nM,1
CHEMBL1641953,CCCCCn1cc(C(=O)NC2CCCCC2)c(=O)cc1-c1ccc(Cl)cc1,Ki,'>',1000.0,nM,1
CHEMBL270968,CC1(C)C(C(=O)c2cn(CC3CCOCC3)c3cc(CN)ccc23)C1(C)C,Ki,'>',1000.0,nM,1
CHEMBL156027,O=C(NS(=O)(=O)c1ccc(Cl)cc1)N1CC(c2ccccc2)C(c2ccc(Cl)cc2)=N1,Ki,'>',1000.0,nM,1
CHEMBL4518631,CC(C)n1c(=O)sc2cc(C(=O)C34CC5CC(CC(C5)C3)C4)ccc21,Ki,'>',1000.0,nM,1
CHEMBL4571345,CCCCCn1c(=O)sc2cc(C(OC)C34CC5CC(CC(C5)C3)C4)ccc21,Ki,'>',1000.0,nM,1
CHEMBL4864753,CCCCc1cc2c(OC)cc(C3(CCCC)CCCC3)cc2oc1=O,Ki,'>',1000.0,nM,1
CHEMBL4539849,CCCCCn1c(=O)sc2cc(/C(=N\O)C34CC5CC(CC(C5)C3)C4)ccc21,Ki,'>',1000.0,nM,1
CHEMBL4086242,CCCCCCCCCCCCCCCCCC(=O)c1c(O)c(-c2ccc(O)cc2)c[nH]c1=O,Ki,'>',1000.0,nM,1
CHEMBL4852503,CCCCC1(c2cc(OC)c3cc(-c4ccccc4OC)c(=O)oc3c2)CCCC1,Ki,'>',1000.0,nM,1
CHEMBL199402,CCCCCCCC/C=C\CCCCCCCC(=O)NCCc1cc(OC)cc(OC)c1,Ki,'=',1000.0,nM,1
CHEMBL233639,Cc1cc(C)cc(-c2ccc(C(C)(C)C(=O)O)cc2O)c1,Ki,'>',1000.0,nM,1
CHEMBL1828811,COCCn1cc(C(=O)c2cccc3ccccc23)c2ccncc21,Ki,'>',1000.0,nM,1
CHEMBL2170534,Cc1cc(=O)c(C(=O)NC23CC4CC(CC(C4)C2)C3)cn1CC1CCOCC1,Ki,'>',1000.0,nM,1
CHEMBL4072884,CCCCCCCC(=O)c1c(O)c(-c2ccc(O)cc2)c[nH]c1=O,Ki,'>',1000.0,nM,1
CHEMBL4444847,Fc1ccccc1/C=C1\C=C(CCN2CCOCC2)c2ccccc21,Ki,'=',1000.0,nM,1
CHEMBL4072432,CCCCCCCCCCOC(=O)c1c(O)c(-c2ccc(O)cc2)c[nH]c1=O,Ki,'>',1000.0,nM,1
CHEMBL2414031,CCCCCOc1ccccc1-c1cc(C(=O)NC2CCC2)no1,Ki,'>',1000.0,nM,1
CHEMBL2170532,Cc1cc(=O)c(C(=O)NC23CC4CC(CC(C4)C2)C3)cn1CCCC(F)(F)F,Ki,'>',1000.0,nM,1
CHEMBL2170545,CCCCCn1cc(C(=O)NC2C3CC4CC(C3)CC2C4)c(=O)cc1C,Ki,'>',1000.0,nM,1
CHEMBL4538593,CCCCCn1c(=O)sc2cc(C(=O)C3CCCC3)ccc21,Ki,'>',1000.0,nM,1
CHEMBL514999,N#Cc1c(C(=O)NN2CCOCC2)nn(-c2ccc(Cl)cc2Cl)c1-c1ccc(Br)cc1,Ki,'>',1000.0,nM,1
CHEMBL2414020,CCCOc1ccccc1-c1cc(C(=O)NC23CC4CC(CC(C4)C2)C3)no1,Ki,'>',1000.0,nM,1
CHEMBL4633168,CCCCn1c(=O)c(C(=O)NC23CC4CC(CC(C4)C2)C3)c(O)c2c1cnn2CCO,Ki,'>',1000.0,nM,1
CHEMBL255923,CN(Cc1ccccc1)S(=O)(=O)c1cc(C(=O)NCC(C)(C)C)ccc1Br,Ki,'>',1000.0,nM,1
CHEMBL256754,CN(Cc1ccccc1)S(=O)(=O)c1cc(C(=O)N[C@@H]2C(C)(C)[C@H]3CC[C@]2(C)C3)ccc1Br,Ki,'>',1000.0,nM,1
CHEMBL4640710,CC(=O)OCCCCn1c(=O)c(C(=O)NC23CC4CC(CC(C4)C2)C3)c(O)c2nn(C)cc21,Ki,'>',1000.0,nM,1
CHEMBL177656,O=C(NN1CCCCC1)c1nc(-c2ccc(Cl)cc2)c(-c2ccc(Cl)cc2Cl)s1,Ki,'>',1000.0,nM,1
CHEMBL4168970,CC(=O)N1CCN(c2ncnc3oc(-c4ccccc4Cl)nc23)CC1,Ki,'>',1000.0,nM,1
CHEMBL4533329,CCCCCn1c(=O)sc2cc(C(O)C34CC5CC(CC(C5)C3)C4)ccc21,Ki,'>',1000.0,nM,1
CHEMBL461598,O=C(NC1CC1)c1cnn(-c2ccc(Cl)cc2Cl)c1-c1ccc(Br)cc1,Ki,'=',1000.0,nM,1
CHEMBL2170544,CCCCCn1cc(C(=O)NC(C)C23CC4CC(CC(C4)C2)C3)c(=O)cc1C,Ki,'>',1000.0,nM,1
CHEMBL1081610,CCCCOc1c(O[11CH3])ccc2cc(C(=O)NC3CCCCC3)c(=O)[nH]c12,Ki,'>',1000.0,nM,1
CHEMBL4174629,Clc1ccccc1-c1nc2c(NCC3CCNCC3)ncnc2o1,Ki,'>',1000.0,nM,1
CHEMBL4176159,CCN1CCN(c2ncnc3oc(-c4ccccc4Cl)nc23)CC1,Ki,'>',1000.0,nM,1
CHEMBL4169388,CCN1CCN(c2ncnc3oc(-c4ccccc4C(F)(F)F)nc23)CC1,Ki,'>',1000.0,nM,1
CHEMBL234015,Cc1cc(C)cc(-c2ccc(C(C)(C)CCCCC(=O)O)cc2O)c1,Ki,'>',1000.0,nM,1
CHEMBL4649714,CCCCn1c(=O)c(C(=O)NC23CC4CC(CC(O)(C4)C2)C3)c(O)c2nn(C)cc21,Ki,'>',1000.0,nM,1
CHEMBL3909238,CCOC(=O)c1c(NC(=O)C23CC4CC(CC(C4)C2)C3)sc2c1CCCC2,Ki,'=',1008.48,nM,1
CHEMBL3353436,CC1CCC(NC(=O)c2cc3cccnc3n(CCCCF)c2=O)CC1,Ki,'=',1011.0,nM,1
CHEMBL2181539,CCCCCCC(C)(C)c1cc(OC)c2cc(Cc3ccccc3OC)c(=O)oc2c1,Ki,'=',1020.0,nM,1
CHEMBL550514,CC(C)N(CC(=O)N1c2ccccc2-n2cccc2C1c1ccc(F)cc1)C(=O)CC(C)(C)C,Ki,'=',1030.0,nM,1
CHEMBL3922890,O=S(=O)(NCC1CCCO1)c1ccc(Nc2ccc(Cl)cc2Cl)cc1C(F)(F)F,Ki,'=',1032.0,nM,1
CHEMBL1923774,CCCCCCC(C)(C)c1cc(O)cc(OCCCCCCCCCCCCOC(CO)CO)c1,Ki,'=',1040.0,nM,1
CHEMBL57367,CCCCCCC(C)(C)c1cc(OC)c2c(c1)OC(C)(C)[C@@H]1CC=C(C)C[C@@H]21,Ki,'=',1043.0,nM,1
CHEMBL380610,CCCCCn1cc(C(=O)NC2CCCc3ccccc32)c(=O)c2ccccc21,Ki,'=',1045.0,nM,1
CHEMBL563830,O=C(c1ccc(-n2cnnn2)cc1)N(c1ccccc1)C1(C(=O)Nc2ccccc2)CCCCC1,Ki,'=',1049.0,nM,1
CHEMBL2316300,CCCCCn1cc(C(=O)NC23CC4CC(C)(CC(C)(C4)C2)C3)c(=O)c2c(C)nn(C)c21,Ki,'=',1050.0,nM,1
CHEMBL2087107,CCCCCn1cc(C(=O)NC23CC4CC(CC(C4)C2)C3)c2cc(-c3ccccc3)ccc21,Ki,'=',1052.0,nM,1
CHEMBL497811,CCCn1cc(C(=O)c2ccc(C)c3ccccc23)c2ccccc21,Ki,'=',1054.0,nM,1
CHEMBL2019079,O=C(O)CNC(=O)c1cc2c(n(CC3CCCCC3)c1=O)CCCCCC2,Ki,'=',1056.0,nM,1
CHEMBL3323698,CCCCCc1cc(O)cc(OCCCCCCCCCN[C@H](C)CO)c1,Ki,'=',1060.0,nM,1
CHEMBL3797787,COc1c(Cc2ccc(F)cc2)cc(-c2ccc(F)cc2)cc1C(=O)N[C@H]1CC[C@@H](C)CC1,Ki,'=',1070.0,nM,1
CHEMBL3109770,CC(C)Oc1ncc(C(=O)N[C@@H]2CCCC[C@H]2O)cc1-c1ccc(Cl)cc1,Ki,'=',1074.0,nM,1
CHEMBL4764314,O=C(c1ccccc1)c1cc(O)c(-c2cc(F)cc(F)c2)c(O)c1,Ki,'=',1076.0,nM,1
CHEMBL3596703,O=C(NCc1ccccc1Cl)c1nc2ccccc2s1,Ki,'=',1084.0,nM,1
CHEMBL561663,CCOC(=O)N1CC=C2C(C1)C1(C(=O)N(Cc3ccccc3)c3ccccc31)C(C#N)=C(N)C2(C#N)C#N,Ki,'=',1086.0,nM,1
CHEMBL4475298,CCCCCCC(C)(C)c1cc(OCCO)c2c(c1)OC(C)(C)c1cn(C)nc1-2,Ki,'=',1086.0,nM,1
CHEMBL408964,COc1cccc2c1c(C(=O)C1C(C)(C)C1(C)C)cn2CC1CCOCC1,Ki,'=',1090.0,nM,1
CHEMBL3397450,COc1c(C)cc(-c2ccccc2)cc1C(=O)N[C@H]1CC[C@@H](C)CC1,Ki,'=',1090.0,nM,1
CHEMBL271565,CC1(C)C(C(=O)c2cn(CC3CCOCC3)c3c(OCc4ccccc4)cccc23)C1(C)C,Ki,'=',1095.0,nM,1
CHEMBL397850,C[C@H](NS(=O)(=O)C(F)(F)F)c1ccc(S(=O)(=O)c2ccc(N3CCNCC3)cc2S(=O)(=O)c2ccccc2F)cc1,Ki,'=',1099.0,nM,1
CHEMBL500856,Cc1ccc(-c2nc(C(C)(C)C)c[nH]2)cc1S(=O)(=O)N1CCOCC1,Ki,'=',1100.0,nM,1
CHEMBL224113,O=C(Nc1ccc(Cl)cc1)NC(c1ccc(Cl)cc1)c1ccc(Cl)cc1,Ki,'=',1100.0,nM,1
CHEMBL516368,Cc1ccc(NC(=O)c2ccccc2Cl)cc1S(=O)(=O)N1CCOCC1,Ki,'=',1100.0,nM,1
CHEMBL518505,O=C(NC1CCCCCC1)c1cnn(-c2ccc(Cl)cc2Cl)c1-c1ccc(Br)cc1,Ki,'=',1100.0,nM,1
CHEMBL280065,CCCCCCCC/C=C\CCCCCCCC(=O)NCCO,Ki,'=',1100.0,nM,1
CHEMBL3329481,CCCCCc1cc(O)c2c(c1)OC1=C(CC[C@@H](C)C1)C2(C)C,Ki,'=',1100.0,nM,1
CHEMBL387646,O=C(NC1CCCCC1)c1cn(-c2cccnc2)c(-c2ccccc2Cl)n1,Ki,'=',1100.0,nM,1
CHEMBL4081467,CCCc1sc(NC(=O)C23CC4CC(CC(C4)C2)C3)c(C(=O)O[11CH3])c1C,Ki,'=',1100.0,nM,1
CHEMBL579193,Cc1ccc(C(=O)NC2C(C)(C)[C@@H]3CC[C@@]2(C)C3)cc1CN1CCOCC1,Ki,'=',1100.0,nM,1
CHEMBL396628,Cc1cc(C)cc(-c2ccc(C(C)(C)CCCO)cc2O)c1,Ki,'=',1100.0,nM,1
CHEMBL593166,Cc1cc(NC(=O)C2C(C)(C)C2(C)C)cc(S(=O)(=O)N2CCOCC2)c1C,Ki,'=',1100.0,nM,1
CHEMBL1668506,Cc1c(C(C)(C)C)s/c(=N\C(=O)c2ccc(OC(F)(F)F)cc2)n1CC1CC1,Ki,'=',1100.0,nM,1
CHEMBL4441693,CCCc1c(C)sc(NC(=O)C23CC4CC(CC(C4)C2)C3)c1C(=O)OC,Ki,'=',1100.0,nM,1
CHEMBL474300,Cc1ccc(-c2nc(CC(C)(C)C)c[nH]2)cc1S(=O)(=O)N1CCOCC1,Ki,'=',1100.0,nM,1
CHEMBL567731,CCC1(C(=O)Nc2cc(CN3CCOCC3)c(C)cn2)CCCC1,Ki,'=',1100.0,nM,1
CHEMBL403627,O=C(NCc1ccccc1)c1ccc(Br)c(S(=O)(=O)N2CCCCC2)c1,Ki,'=',1100.0,nM,1
CHEMBL516381,O=C(NC1CCCCCC1)c1cnn(-c2ccc(Cl)cc2Cl)c1-c1ccc(I)cc1,Ki,'=',1100.0,nM,1
CHEMBL4780917,O=C1/C(=C/c2cn(Cc3ccc(Br)cc3)c3ncccc23)N2CCC1CC2,Ki,'=',1107.0,nM,1
CHEMBL2381804,CCCCCn1cc(C(=O)NC23CC4CC(CC(C4)C2)C3)c(=O)n2nc(C)cc12,Ki,'=',1118.0,nM,1
CHEMBL285486,Cc1c(C(=O)NCCO)nn(-c2ccc(Cl)cc2Cl)c1-c1ccc(Br)cc1,Ki,'=',1119.4,nM,1
CHEMBL1923762,CCCCCCC(C)(C)c1cc(O)cc(OCCCCCCCC(=O)OC(CO)CO)c1,Ki,'=',1120.0,nM,1
CHEMBL2316295,CCCCCn1cc(C(=O)NCC2CCCCC2)c(=O)c2c(C)nn(C)c21,Ki,'=',1124.0,nM,1
CHEMBL2326286,CCN(CC)c1ccc(CN(c2ccc(Cl)cc2)S(=O)(=O)c2ccc(F)cc2)cc1,Ki,'=',1126.0,nM,1
CHEMBL360306,CCCCS(=O)(=O)N[C@@H](C)c1ccc(S(=O)(=O)c2ccc(OC)cc2S(=O)(=O)c2ccc(OC)cc2)cc1,Ki,'=',1129.0,nM,1
CHEMBL223990,CCCCCCc1ccc(O)cc1OCCCCCCCCCCC(=O)NCCO,Ki,'=',1130.0,nM,1
CHEMBL3605040,CCc1ccc(C(=O)c2cc(O)c(-c3cc(Cl)cc(Cl)c3)c(O)c2)cc1,Ki,'=',1138.0,nM,1
CHEMBL4474156,CCCCCCC(C)(C)c1cc(O)c2c(c1)OC(C)(C)c1cnn(C3CCCCC3)c1-2,Ki,'=',1140.0,nM,1
CHEMBL3323699,C=CCNCCCCCCCCCCCOc1cc(O)cc(CCCCC)c1,Ki,'=',1140.0,nM,1
CHEMBL2163932,CCC1COc2cccc3c(=O)c(C(=O)Nc4ccncc4)cn1c23,Ki,'=',1150.0,nM,1
CHEMBL200143,CCCCCn1cc(C(=O)N[C@H](C)c2ccccc2)c(=O)c2ccccc21,Ki,'=',1154.0,nM,1
CHEMBL3898362,O=S(=O)(NCC1CC1)c1ccc(Nc2ccccc2)cc1C(F)(F)F,Ki,'=',1156.0,nM,1
CHEMBL2181542,CCCCCCCC(C)(C)c1cc(O)c2cc(Cc3ccccc3O)c(=O)oc2c1,Ki,'=',1170.0,nM,1
CHEMBL181868,COc1ccc(C(=O)N[C@@H](C)c2ccc(S(=O)(=O)c3ccc(OC)cc3S(=O)(=O)c3ccc(OC)cc3)cc2)cc1,Ki,'=',1172.0,nM,1
CHEMBL3774483,CCCCCn1cc(C(=O)NC23CC4CC(CC(C4)C2)C3)c(=O)n2nc(-c3ccco3)nc12,Ki,'=',1172.0,nM,1
CHEMBL3797983,COc1ccc(-c2cc(Cc3ccc(F)cc3)c(OC)c(C(=O)N[C@H]3CC[C@H](C)CC3)c2)cc1,Ki,'=',1173.0,nM,1
CHEMBL180748,CCCC(=O)N[C@@H](C)c1ccc(S(=O)(=O)c2ccc(OC)cc2S(=O)(=O)c2ccc(OC)cc2)cc1,Ki,'=',1173.0,nM,1
CHEMBL551122,CC1CN(c2ncnc(NC(c3ccccc3)c3ccccc3)c2[N+](=O)[O-])CC(C)O1,Ki,'=',1177.0,nM,1
CHEMBL4202505,Cc1ccc(Cn2nc(-c3ccc(C)cc3)cc(S(=O)(=O)NC3CCCCCC3)c2=O)cc1,Ki,'=',1193.0,nM,1
CHEMBL3962080,CCc1c(C(=O)NC23CC4CC(CC(C4)C2)C3)cc(C)n1-c1ccccc1,Ki,'=',1196.7,nM,1
CHEMBL1973869,O=[N+]([O-])c1ccc2c(c1)c(OCc1ccccc1)nn2Cc1ccccc1,Ki,'=',1200.0,nM,1
CHEMBL2022700,O=C(NC1CCCCC1)c1cc2ccccc2nc1OCc1ccc(F)cc1,Ki,'=',1200.0,nM,1
CHEMBL515866,Cc1ccc(NC(=O)C2(C)CCCCC2)cc1S(=O)(=O)N1CCOCC1,Ki,'=',1200.0,nM,1
CHEMBL516057,Cc1ccc(NC(=O)[C@H]2C(C)(C)[C@@H]3CC[C@@]2(C)C3)cc1S(=O)(=O)N1CCOCC1,Ki,'=',1200.0,nM,1
CHEMBL471671,Cc1ccc(NC(=O)C(C(C)(C)C)C(C)(C)C)cc1S(=O)(=O)N1CCOCC1,Ki,'=',1200.0,nM,1
CHEMBL410677,CC1(C)C(C(=O)c2cn(CC3CCOCC3)c3ccc(F)cc23)C1(C)C,Ki,'=',1202.26,nM,1
CHEMBL471374,CCOc1ccc(Cc2nc3cc(C(=O)N(CC)CC)ccc3n2CC2CCOCC2)cc1,Ki,'=',1209.0,nM,1
CHEMBL502276,CCCCCn1cc(C(=O)NC23CC4CC(CC(C4)C2)C3)c(=O)c2cc(C(C)C)ccc21,Ki,'=',1220.0,nM,1
CHEMBL3321779,CCCCCc1cc(O)cc(OCCCCCCCCCCCNCc2ccccc2)c1,Ki,'=',1240.0,nM,1
CHEMBL4211754,Cc1ccc(-c2cc(SNCC3CCC4CC3C4(C)C)nnc2-c2ccc(C)cc2)cc1,Ki,'=',1248.0,nM,1
CHEMBL436309,O=C(Nc1ccc(Br)cc1)NC(c1ccc(Cl)cc1)c1ccc(Cl)cc1,Ki,'=',1250.0,nM,1
CHEMBL2336542,C=CCN(Cc1ccc(N(CC)CC)cc1)S(=O)(=O)c1ccc(C)cc1,Ki,'=',1250.0,nM,1
CHEMBL246146,CNS(=O)(=O)c1cc(Cl)ccc1S(=O)(=O)c1ccc([C@H](C)NS(C)(=O)=O)cc1,Ki,'=',1251.0,nM,1
CHEMBL2316286,CCCCn1cc(C(=O)NC2CCCCC2)c(=O)c2c(C)nn(C)c21,Ki,'=',1256.0,nM,1
CHEMBL236171,C=C(C)C1CCC(C)=C[C@H]1c1c(O)cc(CCCCC)cc1O,Ki,'=',1258.93,nM,1
CHEMBL271527,CC1(C)C(C(=O)c2cn(CC3CCOCC3)c3cc(S(C)(=O)=O)ccc23)C1(C)C,Ki,'=',1258.93,nM,1
CHEMBL392841,CSC(=S)N1CC2(CCCCC2)CS/C1=N\c1ccc(C(C)C)cc1,Ki,'=',1260.0,nM,1
CHEMBL2177252,CCCCCc1cc(O)c2cc(Cc3ccccc3)c(=O)oc2c1,Ki,'=',1270.0,nM,1
CHEMBL3114351,O=C(NC1CCCCCC1)c1cccn(Cc2ccc(I)cc2)c1=O,Ki,'=',1270.0,nM,1
CHEMBL251004,CCS(=O)(=O)n1c2c(c3cc(C(=O)N4CCC(C)CC4)ccc31)CN(Cc1ccccc1)C2,Ki,'=',1273.0,nM,1
CHEMBL429471,C[C@H](NS(C)(=O)=O)c1ccc(S(=O)(=O)c2ccc(Cl)cc2S(=O)(=O)N(C)C)cc1,Ki,'=',1273.0,nM,1
CHEMBL2381802,CCCCCn1cc(C(=O)NC2CCCCC2)c(=O)n2nc(C)cc12,Ki,'=',1278.0,nM,1
CHEMBL409265,COc1ccc2c(C(=O)C3C(C)(C)C3(C)C)cn(CCN3CCOCC3)c2c1,Ki,'=',1285.0,nM,1
CHEMBL4216812,Cc1ccc(-c2cc(S(=O)(=O)NC3CC4CCC3(C)C4(C)C)nnc2-c2ccc(C)cc2)cc1,Ki,'=',1286.0,nM,1
CHEMBL4462864,O=C(Nc1nc2ccccc2s1)c1cccc2ccccc12,Ki,'=',1288.0,nM,1
CHEMBL1269772,Cc1c(C(=O)NCCCCCCCCCCCN(C)CCCCCCCCCCCNC(=O)c2nn(-c3ccc(Cl)cc3Cl)c(-c3ccc(Cl)cc3)c2C)nn(-c2ccc(Cl)cc2Cl)c1-c1ccc(Cl)cc1,Ki,'=',1292.0,nM,1
CHEMBL129525,C1=C(CCN2CCOCC2)c2ccccc2/C1=C/c1ccccc1,Ki,'=',1297.0,nM,1
CHEMBL2326297,CCN(CC)c1ccc(CN(c2ccc(C)cc2)S(=O)(=O)c2ccc(OC)cc2)cc1,Ki,'=',1297.0,nM,1
CHEMBL461737,O=C(NN1CCCCC1)c1cnn(-c2ccc(Cl)cc2Cl)c1-c1ccc(I)cc1,Ki,'=',1300.0,nM,1
CHEMBL1928586,CCCCCCCCCCCCC/C=C/CCC(=O)N(C)[C@H](CO)COC,Ki,'=',1300.0,nM,1
CHEMBL3116287,CCCCCOc1nn(CCCCC)c2ccc([N+](=O)[O-])cc12,Ki,'=',1300.0,nM,1
CHEMBL574740,Cc1c(C(=O)Nc2ccc(Cl)cc2)nn(-c2ccc(Cl)c(Cl)c2)c1-n1cccc1,Ki,'=',1300.0,nM,1
CHEMBL256503,CC(C)(C)CNC(=O)c1ccc(Br)c(S(=O)(=O)N2CCOCC2)c1,Ki,'=',1300.0,nM,1
CHEMBL404457,Cc1ccc(C(=O)NC(C)C(C)(C)C)cc1S(=O)(=O)N1CCOCC1,Ki,'=',1300.0,nM,1
CHEMBL224105,CCCCCc1cc(O)cc(OCCCCCC(=O)NC2CC2)c1,Ki,'=',1300.0,nM,1
CHEMBL2336552,Cc1ccc(S(=O)(=O)N(Cc2ccccc2)Cc2ccc(N3CCCCC3)cc2)cc1,Ki,'=',1300.0,nM,1
CHEMBL567594,CC(C(=O)Nc1ccc2c(c1)C(N1CCOCC1)CCC2)(C(F)(F)F)C(F)(F)F,Ki,'=',1300.0,nM,1
CHEMBL2336546,CCN(CC)c1ccc(CN(Cc2ccco2)S(=O)(=O)c2ccc(C(C)C)cc2)cc1,Ki,'=',1300.0,nM,1
CHEMBL3116294,O=[N+]([O-])c1ccc2c(c1)c(OCc1ccc3ccccc3c1)nn2CCN1CCCCC1,Ki,'=',1300.0,nM,1
CHEMBL403628,CC(C)(C)CNC(=O)c1ccc(Br)c(S(=O)(=O)N2CCCCC2)c1,Ki,'=',1300.0,nM,1
CHEMBL496497,CC(C)(C)[C@H](NC(=O)n1c(=O)n(CC2CCCO2)c2ccccc21)C(N)=O,Ki,'=',1320.0,nM,1
CHEMBL4441442,O=C(NCC1CCCCC1)c1nc2ccccc2s1,Ki,'=',1324.0,nM,1
CHEMBL4553217,CCCCCCC(C)(C)c1cc(OCCBr)c2c(c1)OC(C)(C)c1cn(CC)nc1-2,Ki,'=',1331.0,nM,1
CHEMBL4545068,CCCc1cc(C(=O)OC)c(NC(=O)C23CC4CC(CC(C4)C2)C3)s1,Ki,'=',1339.29,nM,1
CHEMBL3220952,O=C1N2CCCCSC2=NC1(c1ccccc1)c1ccccc1,Ki,'=',1340.0,nM,1
CHEMBL600195,CCCCCCC(C)(C)c1cc(NC(C)=O)c2c(c1)OC(C)(C)[C@@H]1CCC(C)=C[C@@H]21,Ki,'=',1340.0,nM,1
CHEMBL2163958,Cc1cc2c3c(c1)c(=O)c(C(=O)NC1CCCCC1)cn3C(c1ccccc1)CO2,Ki,'=',1346.0,nM,1
CHEMBL2018656,CC(C)(NC(=O)c1cc2c(n(CC3CCCCC3)c1=O)CCCCCC2)C(=O)O,Ki,'=',1351.0,nM,1
CHEMBL2163933,CCC1COc2cccc3c(=O)c(C(=O)Nc4nccs4)cn1c23,Ki,'=',1365.0,nM,1
CHEMBL3921607,CCCCCCC(C)(C)c1cc(OC)c(C2=C[C@H]3CC[C@]2(CO)C3(C)C)c(OC)c1,Ki,'=',1370.0,nM,1
CHEMBL1428,COCCOC(=O)C1=C(C)NC(C)=C(C(=O)OC(C)C)C1c1cccc([N+](=O)[O-])c1,Ki,'=',1371.0,nM,1
CHEMBL3930225,CCOC(=O)c1c(NC(=O)c2cccc3ccccc23)sc2c1CCCC2,Ki,'=',1373.03,nM,1
CHEMBL524822,CCCCCn1c(C)c(C(=O)c2c(OC)ccc3ccccc23)c2ccccc21,Ki,'=',1379.0,nM,1
CHEMBL3116295,O=[N+]([O-])c1ccc2c(c1)c(OCc1ccc3ccccc3c1)nn2CCN1CCOCC1,Ki,'=',1380.0,nM,1
CHEMBL237895,CCCCCCC(C)(C)c1ccc(-c2ccc(OC)c(OC)c2)c(O)c1,Ki,'=',1400.0,nM,1
CHEMBL2336548,CCN(CC)c1ccc(CN(C2CCCCC2)S(=O)(=O)c2ccc(C(C)C)cc2)cc1,Ki,'=',1400.0,nM,1
CHEMBL567593,Cc1ccc(C(=O)NC2C(C)(C)[C@@H]3CC[C@@]2(C)C3)cc1CCN1CCOCC1,Ki,'=',1400.0,nM,1
CHEMBL436801,CCCCCOC(=O)c1cc(O)c(-c2cc(C)cc(C)c2)c(OC)c1,Ki,'=',1400.0,nM,1
CHEMBL599878,CCC(C)(C)C(=O)Nc1cc2c(c(S(=O)(=O)N3CCOCC3)c1)CCCC2,Ki,'=',1400.0,nM,1
CHEMBL472898,CCCCC/C=C\C/C=C\C/C=C\C/C=C\CCCC(=O)Nc1ccc(O)c(OC)c1,Ki,'=',1400.0,nM,1
CHEMBL3116286,c1ccc2cc(COc3nn(CCN4CCCCC4)c4ccccc34)ccc2c1,Ki,'=',1400.0,nM,1
CHEMBL483144,CCCCCCCCCCCCCCCC(=O)N[C@H]1C[C@@H]1O,Ki,'=',1400.0,nM,1
CHEMBL256749,COc1cccc(CNC(=O)c2ccc(Br)c(S(=O)(=O)N3CCCCC3)c2)c1,Ki,'=',1400.0,nM,1
CHEMBL4294111,CCCCCc1cc(O)c2c(c1)OC(C)(C)C1=C2C(OC(C)=O)C(C)(OC)CC1,Ki,'=',1400.0,nM,1
CHEMBL514324,Cc1ccc(-c2cc(CC3CCCCC3)[nH]n2)cc1S(=O)(=O)N1CCOCC1,Ki,'=',1400.0,nM,1
CHEMBL4284943,COc1ccc(C(=O)c2cn(CC3CCOCC3)c3ccc(O)cc23)cc1,Ki,'=',1406.0,nM,1
CHEMBL364312,CCCCN1C(=O)C(c2ccc(Br)cc2)(c2ccc(Br)cc2)NC1=S,Ki,'=',1412.0,nM,1
CHEMBL1668504,Cc1nc(C(=O)Nc2ccccc2C(F)(F)F)c(C)n1-c1ccccc1,Ki,'=',1422.0,nM,1
CHEMBL598463,Cc1nc(C(=O)NCc2ccccc2C(F)(F)F)c(C)n1-c1ccccc1,Ki,'=',1422.0,nM,1
CHEMBL2177263,CCCCCCC(C)(C)c1cc(OC)c2cc(Cc3ccccc3)c(=O)oc2c1,Ki,'=',1430.0,nM,1
CHEMBL2029720,Cn1c2c(c3cc(C(=O)NCCCC(=O)NC4CC4)ccc31)CC(C1CCOCC1)CC2,Ki,'=',1440.0,nM,1
CHEMBL584528,CC1(C(=O)c2cn(CC3CCOCC3)c3ccccc23)CC(F)(F)C1(F)F,Ki,'=',1445.44,nM,1
CHEMBL381922,O=C1C(c2ccccc2)N(c2ccc(Br)cc2)C(=S)N1c1ccc(Br)cc1,Ki,'=',1447.0,nM,1
CHEMBL190461,C=C(C)[C@@H]1CCC(C)=C[C@H]1c1c(O)cc(CCCCC)cc1O,Ki,'=',1459.0,nM,1
CHEMBL506652,CC(C)(O)CCn1c(=O)n(C(=O)N[C@H](C(N)=O)C(C)(C)C)c2ccccc21,Ki,'=',1459.0,nM,1
CHEMBL4210184,Cc1ccc(-c2cc(S(=O)(=O)NC3CCCC3)nnc2-c2ccc(C)cc2)cc1,Ki,'=',1462.0,nM,1
CHEMBL2316281,CCCCCn1cc(C(=O)NC23CC4CC(CC(C4)C2)C3)c(=O)c2c(C)noc21,Ki,'=',1468.0,nM,1
CHEMBL4580848,CCOC(=O)CCCCn1cc(C(=O)c2cccc3ccccc23)c2ccccc21,Ki,'=',1469.0,nM,1
CHEMBL1162994,CC(C)(C)[C@H](NC(=O)n1c(=O)n(CCC2CCOCC2)c2ccccc21)C(N)=O,Ki,'=',1470.0,nM,1
CHEMBL3613097,Cc1ccc(Cn2cc(C(=O)N[C@@H]3C(C)(C)C4CC[C@@]3(C)C4)cc2-c2ccc(Cl)c(C)c2)cc1,Ki,'=',1470.0,nM,1
CHEMBL161521,CC/C=C/C/C=C\C/C=C\C/C=C\C/C=C/CCCC(=O)NCCO,Ki,'=',1470.0,nM,1
CHEMBL562519,Cc1ccc(C(C(=O)Nc2ccc3c(c2)OCCO3)N(C)C(=O)/C=C\c2ccc3c(c2)OCO3)cc1,Ki,'=',1473.0,nM,1
CHEMBL249992,CCS(=O)(=O)n1c2c(c3cc(C(=O)N(C)CCC(C)C)ccc31)CN(C1CCCC1)C2,Ki,'=',1473.0,nM,1
CHEMBL522553,Cn1nnc([C@@H](NC(=O)n2c(=O)n(CCN3CCOCC3)c3ccccc32)C(C)(C)C)n1,Ki,'=',1480.0,nM,1
CHEMBL4574497,CCCCCCC(C)(C)c1cc(OCCCBr)c2c(c1)OC(C)(C)c1cn(C)nc1-2,Ki,'=',1482.0,nM,1
CHEMBL2030747,Cc1c(C(=O)N2CCC(NC(=O)Nc3ccc(N(C)C)cc3)(c3ccccc3)CC2)nn(-c2ccc(Cl)cc2Cl)c1-c1ccc(Cl)cc1,Ki,'=',1489.0,nM,1
CHEMBL2152824,CCCCCn1cc(C(=O)N2CCC[C@H]2C(N)=O)c(=O)c2ccc(Sc3ccccc3)cc21,Ki,'=',1490.0,nM,1
CHEMBL3397520,CCCCc1cc(-c2ccc(OC)cc2)cc(C(=O)NC2CCCCCC2)c1OC,Ki,'=',1494.0,nM,1
CHEMBL224697,S=C(Nc1ccc(Cl)cc1)NC(c1ccc(Br)cc1)c1ccc(Br)cc1,Ki,'=',1500.0,nM,1
CHEMBL259652,O=C(CC(c1ccccc1)c1ccccc1)N1CC=C(c2ccc(Cl)cc2)CC1,Ki,'=',1500.0,nM,1
CHEMBL232129,CSC(=S)N1CC2(CCCCC2)CS/C1=N\c1ccc(OC(F)(F)F)cc1,Ki,'=',1500.0,nM,1
CHEMBL39878,CCCCC/C=C\C/C=C\C/C=C\C/C=C\CCCC(=O)Nc1ccc(O)cc1,Ki,'=',1500.0,nM,1
CHEMBL199960,CCCCCCCC/C=C\CCCCCCCC(=O)Nc1ccc(OC)cc1,Ki,'=',1500.0,nM,1
CHEMBL121316,CCCCC/C=C\C/C=C\CCCCCCCCCC(=O)NCCO,Ki,'>',1500.0,nM,1
CHEMBL434390,CCCCCCC(C)(C)c1ccc(-c2cc(C)cc(C)c2)c(CN)c1,Ki,'=',1500.0,nM,1
CHEMBL2087093,CCCn1cc(CC(=O)NC23CC4CC(CC(C4)C2)C3)c2cc(-c3ccccc3)ccc21,Ki,'=',1508.0,nM,1
CHEMBL521668,O=C(N[C@@H]1CCCc2ccccc21)N1Cc2ccccc2N(CCN2CCOCC2)C1=O,Ki,'=',1510.0,nM,1
CHEMBL3774919,CCCCCn1cc(C(=O)NC23CC4CC(CC(C4)C2)C3)c(=O)n2nc(-c3ccc(C)cc3)nc12,Ki,'=',1519.0,nM,1
CHEMBL467681,C[C@H]1CC[C@@H](NC(=O)c2cc3cccnc3n(Cc3ccccc3)c2=O)CC1,Ki,'=',1519.0,nM,1
CHEMBL4470152,Cc1nc(C)c(C(=O)NC23CC4CC(CC(C4)C2)C3)s1,Ki,'=',1530.0,nM,1
CHEMBL3397449,COc1c(C)cc(-c2ccccc2)cc1C(=O)N[C@H]1CC[C@H](C)CC1,Ki,'=',1530.0,nM,1
CHEMBL2010898,CCCNC(=O)c1c(NC(=O)C23CC4CC(CC2C4)C3)sc2c1CCOC2,Ki,'=',1548.82,nM,1
CHEMBL3397522,CCCCc1cc(-c2ccc(OC)cc2)cc(C(=O)N[C@H]2CC[C@@H](C)CC2)c1OC,Ki,'=',1550.0,nM,1
CHEMBL3798776,COc1c(Cc2ccccc2)cc(-c2ccccc2)cc1C(=O)NC1CCCCCC1,Ki,'=',1557.0,nM,1
CHEMBL2023049,O=C(O)c1cccc(NC(=O)c2cc3c(n(CC4CCCCC4)c2=O)CCCCCC3)c1,Ki,'=',1557.0,nM,1
CHEMBL2181544,CCCCC1(c2cc(O)c3cc(Cc4ccccc4O)c(=O)oc3c2)CCCC1,Ki,'=',1580.0,nM,1
CHEMBL4283967,COC(=O)CCCCOc1cccc2c(C(=O)c3ccc(OC)cc3)cn(CC3CCOCC3)c12,Ki,'=',1583.0,nM,1
CHEMBL4777086,c1ccc2c(COc3n[nH]c4ccccc34)cccc2c1,Ki,'=',1600.0,nM,1
CHEMBL467476,CC1CCC(NC(=O)c2cc3cccnc3n(Cc3ccccc3)c2=O)CC1,Ki,'=',1600.0,nM,1
CHEMBL255904,CC(C)Cn1nnc(Cc2ccc(-c3ccccc3)cc2)n1,Ki,'=',1600.0,nM,1
CHEMBL478856,O=C(Cc1ccc(Cl)cc1)NCCC(c1ccccc1)c1ccccc1,Ki,'=',1600.0,nM,1
CHEMBL410912,Cc1c(C(=O)NC2CCCCC2)nn(-c2ccc(F)cc2F)c1-n1cccc1,Ki,'=',1600.0,nM,1
CHEMBL3116293,CCCCCn1nc(OCc2ccc3ccccc3c2)c2cc([N+](=O)[O-])ccc21,Ki,'=',1600.0,nM,1
CHEMBL4795398,CCCn1nc(OCc2ccc3ccccc3c2)c2cc(N)ccc21,Ki,'=',1600.0,nM,1
CHEMBL272616,Cc1c(C(=O)NN2CCCCC2)nn(-c2ccc(F)cc2F)c1-n1c(C)ccc1C,Ki,'=',1600.0,nM,1
CHEMBL3221196,O=C1/C(=C/c2cccc(Oc3ccccc3)c2)N=C2SCCCCN12,Ki,'=',1600.0,nM,1
CHEMBL577686,Cc1ccc(NC(=O)C2CCCCC2C)cc1CN1CCOCC1,Ki,'=',1600.0,nM,1
CHEMBL555873,COC(=O)c1c(C)oc(C)c1S(=O)(=O)N1CCN(C2c3ccccc3-c3ccccc32)CC1,Ki,'=',1606.0,nM,1
CHEMBL4443489,CCCCCCC(C)(C)c1cc(OCCCO)c2c(c1)OC(C)(C)c1cnn(CC)c1-2,Ki,'=',1613.0,nM,1
CHEMBL4450565,CC1=C(CC[N+]2(C)CCOCC2)c2ccccc2/C1=C/c1cccc2ccccc12.[I-],Ki,'=',1614.0,nM,1
CHEMBL594513,O=S(=O)(N[C@H]1CC[C@H](NS(=O)(=O)C(F)(F)F)CC1)c1ccc(Cl)cc1S(=O)(=O)c1ccccc1F,Ki,'=',1615.0,nM,1
CHEMBL570874,O=C(c1cn(CCN2CCOCC2)c2ccccc12)C1CCCCC1,Ki,'=',1621.81,nM,1
CHEMBL3114175,CCCCn1cccc(C(=O)NC2CCC(C)CC2)c1=O,Ki,'=',1623.0,nM,1
CHEMBL589841,Fc1ccc(C[C@@H]2CC[C@H](c3ccc(Cl)cc3)N(c3ccc(Cl)cc3)C2)cc1F,Ki,'>',1636.0,nM,1
CHEMBL2177254,CCCCCc1cc(O)c2cc(Cc3ccccc3C)c(=O)oc2c1,Ki,'=',1640.0,nM,1
CHEMBL3109766,O=C(N[C@@H]1CCCC[C@H]1O)c1cnc(Oc2ccccc2)c(-c2ccc(Cl)cc2)c1,Ki,'=',1657.0,nM,1
CHEMBL4471684,CCCCCCCNc1ccc(C(=O)c2c(-c3ccc(OC)cc3)oc3ccccc23)cc1,Ki,'=',1660.0,nM,1
CHEMBL2087090,CCCCCn1cc(CC(=O)NC23CC4CC(CC(C4)C2)C3)c2cc(-c3ccco3)ccc21,Ki,'=',1660.0,nM,1
CHEMBL4169314,O=C1N=C2SCCN2/C1=C\c1cccc(OCc2ccc(Cl)cc2)c1,Ki,'=',1670.0,nM,1
CHEMBL4450138,CCCCCCC(C)(C)c1cc(OC)c2c(c1)OC(C)(C)c1cnn(-c3ccc(Cl)cc3Cl)c1-2,Ki,'=',1693.0,nM,1
CHEMBL406399,COCc1ccc2c(c1)c(C(=O)C1C(C)(C)C1(C)C)cn2CC1CCOCC1,Ki,'=',1698.24,nM,1
CHEMBL1215993,CCCCCn1cc(C(=O)NC2CCCCC2)c(=O)c2cc(Br)ccc21,Ki,'=',1700.0,nM,1
CHEMBL568683,Cc1ccc(C(=O)NC2C(C)(C)[C@@H]3CC[C@@]2(C)C3)cc1CCC(=O)N1CCOCC1,Ki,'=',1700.0,nM,1
CHEMBL3116301,Brc1ccc2c(c1)c(OCc1ccc3ccccc3c1)nn2CCN1CCCCC1,Ki,'=',1700.0,nM,1
CHEMBL603736,CCC(C)(C)C(=O)Nc1cc2c(c(S(=O)(=O)N3CCOCC3)c1)CCC2,Ki,'=',1700.0,nM,1
CHEMBL1668520,Cc1c(C(C)(C)C)s/c(=N\S(=O)(=O)c2cccc3ccccc23)n1C1CC1,Ki,'=',1700.0,nM,1
CHEMBL484392,CCCCCCCCCCC[C@@H](C[C@@H]1OC(=O)[C@H]1CCCCCC)OC(=O)[C@@H]1CCCN1C=O,Ki,'=',1700.0,nM,1
CHEMBL597907,CCCCCc1cc(C#N)c2c(c1)OC(C)(C)[C@@H]1CCC(C)=C[C@@H]21,Ki,'=',1720.0,nM,1
CHEMBL307210,COC(=O)Cc1c(C)n(C(=O)c2ccccc2Cl)c2ccc(OC)cc12,Ki,'=',1720.0,nM,1
CHEMBL124973,CCCCCCC(C)(C)c1cc(OC)c2c(c1)OC(C)(C)c1ccc(C(=O)OCCC)cc1-2,Ki,'=',1727.0,nM,1
CHEMBL231935,CSC(=S)N1CC2(CCCCC2)CS/C1=N\c1ccc(C(F)(F)F)cc1,Ki,'=',1730.0,nM,1
CHEMBL523708,O=C(N[C@@H]1CCCc2ccccc21)n1c(=O)n(CCN2CCOCC2)c2ccccc21,Ki,'=',1730.0,nM,1
CHEMBL365241,C=CCN1C(=O)NC(c2ccc(I)cc2)(c2ccc(I)cc2)C1=O,Ki,'=',1738.0,nM,1
CHEMBL2163947,CCC1COc2c(F)c(F)cc3c(=O)c(C(=O)NC45CC6CC(CC(C6)C4)C5)cn1c23,Ki,'=',1752.0,nM,1
CHEMBL179888,COc1ccc(S(=O)(=O)c2cc(OC)ccc2S(=O)(=O)c2ccc([C@H](C)NC(=O)Nc3ccc(F)cc3)cc2)cc1,Ki,'=',1758.0,nM,1
CHEMBL4539701,COc1ccc(-c2oc3ccccc3c2C(=O)c2ccc(OCCCCCN(C)Cc3ccccc3)cc2)cc1,Ki,'=',1760.0,nM,1
CHEMBL564177,Cc1ccc(Cc2nsc(N3CCCN(C(=O)Nc4c(C(C)C)cccc4C(C)C)CC3)n2)cc1,Ki,'=',1764.0,nM,1
CHEMBL2387179,COCCn1c2c(cc(C(=O)NCc3ccccc3)c1=O)CCCCCC2,Ki,'=',1769.0,nM,1
CHEMBL2326285,CCN(CC)c1ccc(CN(c2ccc(Cl)cc2)S(=O)(=O)c2ccccc2)cc1,Ki,'=',1773.0,nM,1
CHEMBL192958,CC(C)CN1C(=O)C(c2ccc(Br)cc2)(c2ccc(Br)cc2)NC1=S,Ki,'=',1778.0,nM,1
CHEMBL359712,COc1ccc(S(=O)(=O)c2cc(OC)ccc2S(=O)(=O)c2ccc([C@H](C)NC(C)=O)cc2)cc1,Ki,'=',1779.0,nM,1
CHEMBL3323693,CCCCCc1cc(O)cc(OCCCCCCCCCCC(=O)NN2CCCCC2)c1,Ki,'=',1782.0,nM,1
CHEMBL2316301,CCCCCn1cc(C(=O)NC(C)CCC(C)C)c(=O)c2c(C)nn(C)c21,Ki,'=',1795.0,nM,1
CHEMBL514490,Cc1ccc(NC(=O)C2CCCCC2C)cc1S(=O)(=O)N1CCOCC1,Ki,'=',1800.0,nM,1
CHEMBL602591,CCC(C)(C)C(=O)Nc1cc(C)c(C)c(S(=O)(=O)N2CCCCCC2)c1,Ki,'=',1800.0,nM,1
CHEMBL1668513,CCC(C)(C)C(=O)Cc1cc(C)c(C)c(S(=O)(=O)N2CCCCCC2)c1,Ki,'=',1800.0,nM,1
CHEMBL260095,Cc1c(C(=O)NN2CCCCC2)nn(-c2c(Cl)cc(Cl)cc2Cl)c1-n1cccc1,Ki,'=',1800.0,nM,1
CHEMBL224904,S=C(Nc1ccccc1)NC(c1ccc(Br)cc1)c1ccc(Br)cc1,Ki,'=',1800.0,nM,1
CHEMBL256748,O=C(NCc1cccnc1)c1ccc(Br)c(S(=O)(=O)N2CCCCC2)c1,Ki,'=',1800.0,nM,1
CHEMBL566057,CCCC(C)(C)C(=O)Nc1cc(CN2CCOCC2)c(C)cn1,Ki,'=',1800.0,nM,1
CHEMBL3964524,O=S(=O)(NCC1CCCO1)c1ccc(NC2CC3CCC2C3)cc1C(F)(F)F,Ki,'=',1804.0,nM,1
CHEMBL4517197,Cc1c(C(=O)NN2CCCCC2)nn(-c2ccc(Cl)cc2Cl)c1-c1ccc(C#CCCOC(=O)CCCCCN)cc1.O=C(O)C(F)(F)F,Ki,'=',1810.0,nM,1
CHEMBL249827,CC1CCN(C(=O)c2ccc3c(c2)c2c(n3C)CN(C3CCCC3)C2)CC1,Ki,'=',1811.0,nM,1
CHEMBL2022702,O=C(NC1CCCCC1)c1cccnc1OCc1ccc(F)cc1,Ki,'=',1811.0,nM,1
CHEMBL570877,COC(=O)CCn1cc(C(=O)C2C(C)(C)C2(C)C)c2ccccc21,Ki,'=',1819.7,nM,1
CHEMBL426455,CCCCN1C(=O)NC(c2ccc(I)cc2)(c2ccc(I)cc2)C1=O,Ki,'=',1820.0,nM,1
CHEMBL2087096,C=CCCn1cc(CC(=O)NC23CC4CC(CC(C4)C2)C3)c2cc(-c3ccccc3)ccc21,Ki,'=',1827.0,nM,1
CHEMBL3109760,O=C(N[C@@H]1CCCC[C@H]1O)c1ccc(OCC2CC2)c(-c2ccc(Cl)cc2)n1,Ki,'=',1830.0,nM,1
CHEMBL3114169,O=C(NC1CCCCCC1)c1cccn(Cc2cccc(I)c2)c1=O,Ki,'=',1830.0,nM,1
CHEMBL601865,CCCCCCC(C)(C)c1cc(NS(C)(=O)=O)c2c(c1)OC(C)(C)[C@@H]1CCC(C)=C[C@@H]21,Ki,'=',1840.0,nM,1
CHEMBL410728,Cc1c(C(=O)NN2CCCCC2)nn(-c2ccc(Cl)cc2Cl)c1-n1cccc1,Ki,'=',1850.0,nM,1
CHEMBL3781781,O=C(NN1CCCCC1)c1nn(-c2ccc(Cl)cc2Cl)c2c1Cc1cc(C3CC3)ccc1-2,Ki,'=',1852.0,nM,1
CHEMBL3799406,COc1c(Cc2ccc(F)cc2)cc(-c2ccc(F)cc2)cc1C(=O)N[C@H]1CC[C@H](C)CC1,Ki,'=',1852.0,nM,1
CHEMBL3798158,CCCCc1cc(-c2ccccc2)cc(C(=O)NC2CCCCCC2)c1OC,Ki,'=',1859.0,nM,1
CHEMBL1923766,CCCCCc1cc(O)cc(OCCCCCCCCOC(CO)CO)c1,Ki,'=',1860.0,nM,1
CHEMBL158544,CCCCC/C=C\C/C=C\C/C=C\C/C=C\CCCC(=O)NCCC(C)C,Ki,'=',1860.0,nM,1
CHEMBL272189,CC1(C)C(C(=O)c2cn(CC3CCOCC3)c3ccc(-c4ccccc4)cc23)C1(C)C,Ki,'=',1862.09,nM,1
CHEMBL2152809,Cn1cc(C(=O)N[C@@H]2C(C)(C)C3CC[C@]2(C)C3)c(=O)c2ccc(Sc3ccccc3)cc21,Ki,'=',1866.9,nM,1
CHEMBL381560,O=C1C(c2ccc(Cl)cc2)N(c2ccc(Cl)cc2)C(=O)N1c1ccc(Cl)cc1,Ki,'=',1877.0,nM,1
CHEMBL2023044,CC(C)[C@H](NC(=O)c1cc2c(n(CC3CCCCC3)c1=O)CCCCCC2)C(=O)O,Ki,'=',1877.0,nM,1
CHEMBL3323678,CCCCCCC(C)(C)c1cc(O)cc(OCCCCCCCCCCC(=O)NC(CO)CO)c1,Ki,'=',1890.0,nM,1
CHEMBL3109750,CS(=O)(=O)Nc1ccc(-c2cc(C(=O)N[C@@H]3CCCC[C@H]3O)cnc2OCC2CC2)cc1,Ki,'=',1900.0,nM,1
CHEMBL224905,S=C(Nc1ccc(Cl)cc1)NC(c1ccc(Cl)cc1)c1ccc(Cl)cc1,Ki,'=',1900.0,nM,1
CHEMBL1215992,CCCCCn1cc(C(=O)NN2CCCCC2)c(=O)c2cc(Br)ccc21,Ki,'=',1900.0,nM,1
CHEMBL514886,CCCCCCCCCCC[C@@H](C[C@@H]1OC(=O)[C@H]1CCCCCC)OC(=O)CCNC=O,Ki,'=',1900.0,nM,1
CHEMBL470231,Cc1ccc(NC(=O)C2CCCCC2)cc1S(=O)(=O)N1CCOCC1,Ki,'=',1900.0,nM,1
CHEMBL478643,O=C(NCCCc1ccccc1)C(c1ccccc1)c1ccc(Br)cc1,Ki,'=',1900.0,nM,1
CHEMBL582810,CC1(C)C(C(=O)c2cn(CCc3ccccn3)c3ccccc23)C1(C)C,Ki,'=',1900.0,nM,1
CHEMBL4866238,C#CCCCn1c(C)c(C(=O)c2ccc3c(c2)CC(C)(C)C3)c2ccccc21,Ki,'=',1904.0,nM,1
CHEMBL4777102,O=C(c1ccccc1)c1cc(O)c(-c2cc(C(F)(F)F)cc(C(F)(F)F)c2)c(O)c1,Ki,'=',1904.0,nM,1
CHEMBL2010902,CCCNC(=O)c1c(NC(=O)C23CC4CC(CC2C4)C3)sc2c1CCCC2,Ki,'=',1905.46,nM,1
CHEMBL259463,CC1(C)C(C(=O)c2cn(CC3CCOCC3)c3ccc(Br)cc23)C1(C)C,Ki,'=',1905.46,nM,1
CHEMBL3586104,CCCCCc1cc(O)c2c(c1)OC(C)(C)[C@@H]1C[C@H](O)C(C)=C[C@@H]21,Ki,'=',1906.0,nM,1
CHEMBL73711,COc1ccc2c(c1)c(CCN1CCOCC1)c(C)n2C(=O)c1cccc(Cl)c1Cl,Ki,'=',1917.0,nM,1
CHEMBL3114345,O=C(NC1CCCCCC1)c1cccnc1OCc1ccccc1,Ki,'=',1920.0,nM,1
CHEMBL2177251,CCCCCc1cc(OC)c2cc(Cc3ccccc3)c(=O)oc2c1,Ki,'=',1920.0,nM,1
CHEMBL180196,COc1ccc(S(=O)(=O)c2cc(OC)ccc2S(=O)(=O)c2ccc([C@H](C)NS(=O)(=O)c3ccc(C)cc3)cc2)cc1,Ki,'=',1923.0,nM,1
CHEMBL264521,CCCCCn1cc(C(=O)NC2C3CC4CC(C3)CC2C4)c(=O)c2ccccc21,Ki,'=',1925.0,nM,1
CHEMBL426912,CCCCCCC/C=C/C=C/C(=O)NCC(C)C,Ki,'=',1940.0,nM,1
CHEMBL556422,COc1ccc(-c2cc(C(=O)N3CCN(C(C)=O)CC3)n(-c3cccc(C)c3)n2)c(OC)c1,Ki,'=',1943.0,nM,1
CHEMBL149599,CC1=C(CCN2CCOCC2)c2ccccc2/C1=C\c1cccc2ccccc12,Ki,'=',1945.0,nM,1
CHEMBL181288,CCS(=O)(=O)N[C@@H](C)c1ccc(S(=O)(=O)c2ccc(OC)cc2S(=O)(=O)c2ccc(OC)cc2)cc1,Ki,'=',1968.0,nM,1
CHEMBL597438,CCCCc1c(C(=O)NC23CC4CC(CC(C4)C2)C3)nc(C)n1-c1ccccc1,Ki,'=',1995.0,nM,1
CHEMBL571095,Cc1ncsc1CCn1cc(C(=O)C2C(C)(C)C2(C)C)c2ccccc21,Ki,'=',1995.26,nM,1
CHEMBL490246,CCCCCCCOc1cc(O)cc(OCCCCCCCCCCC(=O)NC2CC2)c1,Ki,'=',1995.26,nM,1
CHEMBL1800181,O=C(CCCC[C@@H]1SC[C@@H]2NC(=O)N[C@@H]21)NCCCCCC(=O)OCCCC/C=C\C/C=C\C/C=C\C/C=C\CCCC(=O)NC1CC1,Ki,'>',2000.0,nM,1
CHEMBL1800182,C[C@H](CO)NC(=O)CCC/C=C\C/C=C\C/C=C\C/C=C\CCCCOC(=O)CCCCCNC(=O)CCCC[C@@H]1SC[C@@H]2NC(=O)N[C@@H]21,Ki,'=',2000.0,nM,1
CHEMBL228798,CCCCCOC(=O)c1cc(O)c(-c2cc(C)cc(C)c2)c(O)c1,Ki,'=',2000.0,nM,1
CHEMBL1800727,CCCCC/C=C\C/C=C\C/C=C\C/C=C\CCCC(=O)N[C@H](C)COC(=O)CCCCCNC(=O)CCCC[C@@H]1SC[C@@H]2NC(=O)N[C@@H]21,Ki,'=',2000.0,nM,1
CHEMBL1800729,C#CCCCC(=O)N[C@@H](Cc1ccc(C(=O)c2ccccc2)cc1)C(=O)OC[C@@H](C)NC(=O)CCC/C=C\C/C=C\C/C=C\C/C=C\CCCCC,Ki,'=',2000.0,nM,1
CHEMBL2326292,CCN(CC)c1ccc(CN(C(=O)Cc2ccc(Cl)cc2)c2ccc(Cl)cc2)cc1,Ki,'>',2000.0,nM,1
CHEMBL404697,CC(C)(C)CNC(=O)c1ccc(Br)c(S(=O)(=O)N2CCCC2)c1,Ki,'=',2000.0,nM,1
CHEMBL1800728,C#CCCCC(=O)OC[C@@H](C)NC(=O)CCC/C=C\C/C=C\C/C=C\C/C=C\CCCCC,Ki,'=',2000.0,nM,1
CHEMBL2336544,CCN(CC)c1ccc(CN(c2ccccc2)S(=O)(=O)c2ccc(C(C)C)cc2)cc1,Ki,'=',2000.0,nM,1
CHEMBL201680,O=C1C(c2ccccc2)N(c2ccc(Cl)c(Cl)c2)C(=S)N1c1ccc(Cl)c(Cl)c1,Ki,'=',2001.0,nM,1
CHEMBL578178,CC1(C)C(C(=O)c2cn(Cc3cccnc3)c3ccccc23)C1(C)C,Ki,'=',2030.0,nM,1
CHEMBL2326308,CCN(CC)c1ccc(CN([C@]23C[C@H]4C[C@H](C[C@H](C4)C2)C3)S(=O)(=O)c2ccc(Cl)cc2)cc1,Ki,'=',2033.0,nM,1
CHEMBL72374,COc1ccc2c(c1)c(CC(=O)N1CCOCC1)c(C)n2C(=O)c1cccc(Cl)c1Cl,Ki,'=',2043.0,nM,1
CHEMBL3323695,CCCCCCC(C)(C)c1cc(O)cc(OCCCCCCCCCCCNC(=O)C2CC2)c1,Ki,'=',2070.0,nM,1
CHEMBL1215944,CCCCCn1cc(C(=O)NC23CC4CC(CC(C4)C2)C3)c(=O)c2cc(I)ccc21,Ki,'=',2080.0,nM,1
CHEMBL3321780,CCCCCc1cc(O)cc(OCCCCCCCCCCCNC2CC2)c1,Ki,'=',2080.0,nM,1
CHEMBL195396,CC(C)CN1C(=O)C(c2ccc(Cl)cc2)(c2ccc(Cl)cc2)NC1=S,Ki,'=',2089.0,nM,1
CHEMBL3221190,O=C1/C(=C/c2cccc(OCc3ccc(Cl)cc3Cl)c2)N=C2SCCCN12,Ki,'=',2090.0,nM,1
CHEMBL228403,CCCCCc1cc(O)cc(OCCCCCCCCCCC(=O)NCc2ccc(OC)c(O)c2)c1,Ki,'=',2100.0,nM,1
CHEMBL495407,O=C(NC1CCOc2ccccc21)n1c(=O)n(CCN2CCOCC2)c2ccccc21,Ki,'=',2100.0,nM,1
CHEMBL3329480,CCCCCc1cc(O)c2c(c1)OC1=C(CC[C@H](C)C1)C2(C)C,Ki,'=',2100.0,nM,1
CHEMBL602128,CCC(C)(C)C(=O)Nc1cc(C)c(C)c(S(=O)(=O)N2CCSC2)c1,Ki,'=',2100.0,nM,1
CHEMBL1668509,COc1ccc(OC)c2c(=O)c(C(=O)NC34CC5CC(CC(C5)C3)C4)c[nH]c12,Ki,'=',2100.0,nM,1
CHEMBL228507,CCCCCCc1c(O)cccc1OCCCCCCCCCCC(=O)NCCc1ccc(O)c(O)c1,Ki,'=',2100.0,nM,1
CHEMBL583654,Cc1ccc(C(=O)NC2C(C)(C)[C@@H]3CC[C@@]2(C)C3)cc1CCCN1CCOCC1,Ki,'=',2100.0,nM,1
CHEMBL498131,CCCCCn1cc(C(=O)NC23CC4CC(CC(C4)C2)C3)c(=O)c2c(OC)ccc(OC)c21,Ki,'=',2100.0,nM,1
CHEMBL575396,Cc1c(C(=O)Nc2ccc(Cl)cc2)nn(-c2ccc(F)cc2F)c1-n1cccc1,Ki,'=',2100.0,nM,1
CHEMBL4461338,Cc1c(C(=O)NN2CCCCC2)nn(-c2ccc(Cl)cc2Cl)c1-c1ccc(C#CCCOC(=O)CCCCCCCCCCNC(=S)c2ccc3c(c2)C(=O)OC32c3ccc(O)cc3Oc3cc(O)ccc32)cc1,Ki,'=',2110.0,nM,1
CHEMBL201291,O=C1C(c2ccccc2)N(c2cccc(Cl)c2)C(=O)N1c1cccc(Cl)c1,Ki,'=',2110.0,nM,1
CHEMBL4476681,CCc1sc(NC(=O)C23CC4CC(CC(C4)C2)C3)c(C(=O)OC)c1C,Ki,'=',2120.0,nM,1
CHEMBL3221197,O=C1/C(=C/c2cccc(OCc3ccccc3)c2)N=C2SCCCCN12,Ki,'=',2130.0,nM,1
CHEMBL399948,CCS(=O)(=O)n1c2c(c3cc(C(=O)N4CCC(OC)CC4)ccc31)CN(C1CCCC1)C2,Ki,'=',2131.0,nM,1
CHEMBL569299,CC1(C)C(C(=O)c2cn(CCCO)c3ccccc23)C1(C)C,Ki,'=',2137.96,nM,1
CHEMBL570909,CN1CCN(CCn2cc(C(=O)C3C(C)(C)C3(C)C)c3ccccc32)CC1,Ki,'=',2137.96,nM,1
CHEMBL2163960,CC1COc2cccc3c(=O)c(C(=O)NC4CCCCC4)cn1c23,Ki,'=',2150.0,nM,1
CHEMBL3221199,O=C1/C(=C/c2cccc(OCc3cccc(Cl)c3)c2)N=C2SCCCCN12,Ki,'=',2160.0,nM,1
CHEMBL373196,O=C1C(c2ccccc2)N(c2ccc(Cl)cc2)C(=S)N1c1ccc(Cl)cc1,Ki,'=',2163.0,nM,1
CHEMBL2177256,CCCCCc1cc(O)c2cc(Cc3cccc(C)c3)c(=O)oc2c1,Ki,'=',2170.0,nM,1
CHEMBL3581226,CC(C)(C)c1cc(-c2csc(C3(N4CCCCC4)CCOCC3)n2)cc(C(C)(C)C)c1O,Ki,'=',2173.0,nM,1
CHEMBL307627,Cc1c(CCN2CCOCC2)c2ccccc2n1C(=O)c1cccc2ccccc12,Ki,'=',2183.0,nM,1
CHEMBL408174,CC(=O)Nc1cccc2c1c(C(=O)C1C(C)(C)C1(C)C)cn2CCN1CCOCC1,Ki,'>',2187.76,nM,1
CHEMBL190043,O=C1N(Cc2ccccc2)C(=S)NC1(c1ccc(Cl)cc1)c1ccc(Cl)cc1,Ki,'=',2188.0,nM,1
CHEMBL189056,CCN1C(=O)C(c2ccc(Br)cc2)(c2ccc(Br)cc2)NC1=S,Ki,'=',2193.0,nM,1
CHEMBL604704,O=S(=O)(c1ccccc1F)c1cc(Cl)ccc1S(=O)(=O)N1C[C@@H]2[C@H](C1)[C@H]2NS(=O)(=O)C(F)(F)F,Ki,'=',2200.0,nM,1
CHEMBL234016,Cc1cc(C)cc(-c2ccc(C(C)(C)CO)cc2O)c1,Ki,'=',2200.0,nM,1
CHEMBL569524,CC1(C)C(C(=O)c2cn(CCc3ccncc3)c3ccccc23)C1(C)C,Ki,'=',2200.0,nM,1
CHEMBL476545,O=C(NCCCc1ccccc1)C(c1ccccc1)c1ccc(Cl)cc1,Ki,'=',2200.0,nM,1
CHEMBL4443516,Cc1ccc(-c2cc3ncccc3c3cc(C(=O)N[C@H]4C5(C)CCC(C5)C4(C)C)nn23)cc1,Ki,'=',2200.0,nM,1
CHEMBL478625,O=C(NCCC(c1ccccc1)c1ccccc1)C(O)(c1ccccc1)c1ccccc1,Ki,'=',2200.0,nM,1
CHEMBL4163505,CSC1=NC(=O)/C(=C/c2cccc(OCc3ccc(Cl)cc3)c2)N1,Ki,'=',2210.0,nM,1
CHEMBL2336534,CCN(CC)c1ccc(CN(Cc2ccc(F)cc2)S(=O)(=O)c2ccc(C)cc2)cc1,Ki,'=',2250.0,nM,1
CHEMBL32362,CCCc1ccc(O)c(-c2cc(CCC)ccc2O)c1,Ki,'=',2260.0,nM,1
CHEMBL549366,CC(C)NC(=O)C(C)Sc1nnc2c3ccccc3n(Cc3ccccc3)c2n1,Ki,'=',2269.0,nM,1
CHEMBL3581224,CNC1(c2nc(-c3cc(C(C)(C)C)c(O)c(C(C)(C)C)c3)cs2)CCOCC1,Ki,'=',2273.0,nM,1
CHEMBL3221200,O=C1/C(=C/c2cccc(OCc3ccccc3Cl)c2)N=C2SCCCCN12,Ki,'=',2290.0,nM,1
CHEMBL3397521,CCCCc1cc(-c2ccc(OC)cc2)cc(C(=O)N[C@H]2CC[C@H](C)CC2)c1OC,Ki,'=',2294.0,nM,1
CHEMBL564929,Cc1ccc(C(=O)n2cc(/C=N/Nc3nc(N4CCOCC4)nc(N4CCOCC4)n3)c3ccccc32)cc1,Ki,'=',2299.0,nM,1
CHEMBL491065,CC(C)CCOc1cc(O)cc(OCCCCCCCCCCC(=O)NCC2CC2)c1,Ki,'=',2300.0,nM,1
CHEMBL458828,CCCCCCCCCCC[C@@H](C[C@@H]1OC(=O)[C@H]1CCCCCC)OC(=O)CNC(C)=O,Ki,'=',2300.0,nM,1
CHEMBL2336573,CCN(CC)c1ccc(CN(Cc2ccccc2)S(=O)(=O)c2ccc(C)cc2)cc1,Ki,'=',2300.0,nM,1
CHEMBL4446746,Cc1nc(-c2ccccc2)sc1C(=O)NC1CCCc2ccccc21,Ki,'=',2300.0,nM,1
CHEMBL180788,COc1ccc(S(=O)(=O)c2cc(OC)ccc2S(=O)(=O)c2ccc([C@H](C)NC(=O)C(C)(C)C)cc2)cc1,Ki,'=',2309.0,nM,1
CHEMBL3353423,CCCCn1c(=O)c(C(=O)NC2CCC(C)CC2)cc2cccnc21,Ki,'=',2314.0,nM,1
CHEMBL552122,COc1ccccc1N1CCN(C(=O)C(C)Sc2nc(-c3ccccc3)cc(C(F)(F)F)n2)CC1,Ki,'=',2314.0,nM,1
CHEMBL4437352,CCCCCCC(C)(C)c1cc(OC)c2c(c1)OC(C)(C)c1cnn(-c3ccc(Cl)c(Cl)c3)c1-2,Ki,'=',2324.0,nM,1
CHEMBL400051,CC(=O)n1c2c(c3cc(C(=O)N4CCC(C)CC4)ccc31)CN(C1CCCC1)C2,Ki,'=',2331.0,nM,1
CHEMBL3961507,O=S(=O)(NCc1ccco1)c1ccc(Nc2ccc(F)cc2F)cc1C(F)(F)F,Ki,'=',2337.0,nM,1
CHEMBL3581220,CN(C)C1(c2nc(-c3cc(C(C)(C)C)c(O)c(C(C)(C)C)c3)cs2)CCSCC1,Ki,'=',2343.0,nM,1
CHEMBL178372,CCCCCOc1c(OC)ccc2cc(C(=O)NCc3ccc4c(c3)OCO4)c(=O)[nH]c12,Ki,'=',2370.0,nM,1
CHEMBL2087097,CCCCCn1cc(CC(=O)NC23CC4CC(CC(C4)C2)C3)c2cc(-c3ccccc3)ccc21,Ki,'=',2380.0,nM,1
CHEMBL1950356,CC1CCN(C(=O)c2ccc3c(c2)c2c(n3C(=O)N(C)C)CCN(C3CCOCC3)C2)CC1,Ki,'=',2380.0,nM,1
CHEMBL246476,CCNC(=O)c1cnc(-c2ccc(C)cc2)c(-c2ccc(C)cc2)n1,Ki,'=',2381.0,nM,1
CHEMBL30008,Fc1ccc(C(c2ccc(F)cc2)N2CCN(C/C=C/c3ccccc3)CC2)cc1,Ki,'=',2391.0,nM,1
CHEMBL510072,CCN(CC)C(=O)c1ccc2c(c1)nc(Cc1ccc(Oc3ccccc3)cc1)n2CCC(C)C,Ki,'=',2396.0,nM,1
CHEMBL551462,COc1ccc(C2C(C(=O)Nc3cccc(C)n3)c3ccccc3C(=O)N2C2CCCCC2)cc1,Ki,'=',2396.0,nM,1
CHEMBL198182,CCCCCCCC/C=C/C(=O)NCCc1ccc(OC)cc1,Ki,'=',2400.0,nM,1
CHEMBL371881,CCCCC/C=C\C/C=C\C/C=C\C/C=C\CCCC(=O)NCCc1ccc(OC)cc1,Ki,'=',2400.0,nM,1
CHEMBL573087,Cc1c(C(=O)NC2CCCC2)nn(-c2ccc(F)cc2F)c1-n1cccc1,Ki,'=',2400.0,nM,1
CHEMBL3116281,COc1ccc(COc2nn(Cc3ccc(OC)cc3)c3ccccc23)cc1,Ki,'=',2400.0,nM,1
CHEMBL489834,CCCCOc1cc(O)cc(OCCCCCCCCCCC(=O)NCCO)c1,Ki,'=',2410.0,nM,1
CHEMBL2381806,CCCCCn1cc(C(=O)NC2CCC(C)CC2)c(=O)n2nc(C)cc12,Ki,'=',2432.0,nM,1
CHEMBL2163954,CC1Oc2cccc3c(=O)c(C(=O)NC45CC6CC(CC(C6)C4)C5)cn(c23)C1c1ccccc1,Ki,'=',2435.0,nM,1
CHEMBL3775328,CCCCCn1cc(C(=O)NC2CCCCCC2)c(=O)n2nc(-c3ccccc3)nc12,Ki,'=',2483.0,nM,1
CHEMBL518206,CCOc1ccc(Cc2nc3cc(N(C)C(=O)c4cccs4)ccc3n2CC2CC2)cc1,Ki,'=',2483.0,nM,1
CHEMBL230357,Cc1c2c(n(-c3ccc(Cl)cc3)c1-c1ccc(Cl)cc1)CCN(C1CCCCC1)C2=O,Ki,'>',2500.0,nM,1
CHEMBL594536,O=S(=O)(c1ccccc1F)c1cc(Cl)ccc1S(=O)(=O)N1CC(CCNS(=O)(=O)C(F)(F)F)C1,Ki,'=',2500.0,nM,1
CHEMBL568564,Cc1cnc(NC(=O)C2(C)CCCCC2C)cc1CN1CCOCC1,Ki,'=',2500.0,nM,1
CHEMBL596579,O=S(=O)(c1ccccc1F)c1cc(Cl)ccc1S(=O)(=O)N1CCC2(CC1)CC2NS(=O)(=O)C(F)(F)F,Ki,'=',2500.0,nM,1
CHEMBL175247,CCCCCCCCCCC[C@@H](C[C@@H]1OC(=O)[C@H]1CCCCCC)OC(=O)[C@H](CC(C)C)NC=O,Ki,'=',2500.0,nM,1
CHEMBL596401,CCC(C)(C)C(=O)Nc1cc(C)c(C)c(S(=O)(=O)N2CCOCC2)c1,Ki,'=',2500.0,nM,1
CHEMBL1270368,Cc1c(C(=O)NCCCNCCCN)nn(-c2ccc(Cl)cc2Cl)c1-c1ccc(Cl)cc1,Ki,'>',2500.0,nM,1
CHEMBL230676,Cc1c2c(n(-c3ccc(Cl)cc3Cl)c1-c1ccc(C(=O)O)cc1)CCN(C1CCCCC1)C2=O,Ki,'>',2500.0,nM,1
CHEMBL230464,Cc1c2c(n(-c3ccc(Cl)cc3)c1-c1ccc(Cl)cc1Cl)CCN(C1CCCCC1)C2=O,Ki,'>',2500.0,nM,1
CHEMBL230677,CSc1ccc(-c2c(C)c3c(n2-c2ccc(Cl)cc2Cl)CCN(C2CCCCC2)C3=O)cc1,Ki,'>',2500.0,nM,1
CHEMBL595460,C[C@H]1CN(S(=O)(=O)c2ccc(Cl)cc2S(=O)(=O)c2ccccc2F)CC[C@@H]1CNS(=O)(=O)C(F)(F)F,Ki,'=',2500.0,nM,1
CHEMBL3798474,COc1c(Cc2ccccc2)cc(-c2ccccc2)cc1C(=O)N[C@H]1CC[C@H](C)CC1,Ki,'=',2502.0,nM,1
CHEMBL524884,CCCCCn1cc(C(=O)NC23CC4CC(CC(C4)C2)C3)c(=O)c2cc(C(F)(F)F)ccc21,Ki,'=',2520.0,nM,1
CHEMBL3798087,CCCCc1cc(-c2ccc(F)cc2)cc(C(=O)N[C@H]2CC[C@@H](C)CC2)c1OC,Ki,'=',2523.0,nM,1
CHEMBL2023048,O=C(O)c1ccccc1NC(=O)c1cc2c(n(CC3CCCCC3)c1=O)CCCCCC2,Ki,'=',2526.0,nM,1
CHEMBL3605045,CC(C)(C)c1ccc(C(=O)c2cc(O)c(-c3cc(Cl)cc(Cl)c3)c(O)c2)cc1,Ki,'=',2529.0,nM,1
CHEMBL72163,COc1ccc2c(c1)c(CC(=O)N1CCOCC1)c(C)n2C(=O)c1c(Cl)cccc1Cl,Ki,'=',2553.0,nM,1
CHEMBL4872576,CCCn1cc(C(=O)c2ccc3c(c2)CC(C)(C)C3)c2ccccc21,Ki,'=',2559.0,nM,1
CHEMBL2160223,CCN(CC)CCOc1cccc(C(=O)c2c(-c3ccc(OCCCCCCCN(C)Cc4ccccc4)cc3)oc3ccccc23)c1,Ki,'=',2570.0,nM,1
CHEMBL564343,COc1ccc(C2c3ccsc3CCN2C(=O)CN(C(=O)C2CCCCC2)C(C)C)cc1,Ki,'=',2593.0,nM,1
CHEMBL3116279,c1ccc(COc2nn(Cc3ccccc3)c3ccccc23)cc1,Ki,'=',2600.0,nM,1
CHEMBL453106,CN1CCN(NC(=O)c2cnn(-c3ccc(Cl)cc3Cl)c2-c2ccc(Br)cc2)CC1,Ki,'=',2600.0,nM,1
CHEMBL228372,CCCCOC(=O)c1cc(O)c(-c2cc(C)cc(C)c2)c(O)c1,Ki,'=',2600.0,nM,1
CHEMBL4473425,COc1ccc(-c2oc3ccccc3c2C(=O)c2ccc(NCc3ccc(C#N)cc3)cc2)cc1,Ki,'=',2600.0,nM,1
CHEMBL484393,CCCCCCCCCCC[C@@H](C[C@@H]1OC(=O)[C@H]1CCCCCC)OC(=O)[C@@H]1CCC(=O)N1,Ki,'=',2600.0,nM,1
CHEMBL4449298,C1=C(CCN2CCOCC2)c2ccccc2/C1=C/c1cccc(-c2ccccc2)c1,Ki,'=',2603.0,nM,1
CHEMBL507572,CCCN(CCC)C(=O)c1ccc2c(c1)nc(Cc1ccc(OCC)cc1)n2CC1CC1,Ki,'=',2608.0,nM,1
CHEMBL3422786,CCCn1c(=O)c(C(=O)NC2CCC(C)CC2)cc2ccccc21,Ki,'=',2609.0,nM,1
CHEMBL3965599,Cc1cc(C(=O)NC(C)c2ccccc2)c(C)n1-c1ccccc1,Ki,'=',2621.82,nM,1
CHEMBL2177264,CCCCCCC(C)(C)c1cc(O)c2cc(Cc3ccccc3)c(=O)oc2c1,Ki,'=',2630.0,nM,1
CHEMBL524731,CCCCCn1cc(C(=O)NC23CC4CC(CC(C4)C2)C3)c(=O)c2cc(/C=C/c3ccc(OC)cc3)ccc21,Ki,'=',2630.0,nM,1
CHEMBL3234708,Cc1c2n(c(=O)c3cc(OC(=O)C(C)(C)C)cc(OC(=O)C(C)(C)C)c13)CCCC2,Ki,'=',2630.0,nM,1
CHEMBL3905264,COc1cc(OC)nc(Nc2ccc(S(=O)(=O)NCC3CC3)c(C(F)(F)F)c2)n1,Ki,'=',2666.0,nM,1
CHEMBL3912856,COc1cc(Nc2ccc(S(=O)(=O)NCC3CC3)cc2)cc(OC)c1,Ki,'=',2680.0,nM,1
CHEMBL3940142,CCCN(CC1CC1)c1ccc(S(=O)(=O)NCC2CCCO2)c(C(F)(F)F)c1,Ki,'=',2680.0,nM,1
CHEMBL3946454,O=S(=O)(NCC1CCCO1)c1ccc(N2CCc3ccccc32)cc1C(F)(F)F,Ki,'=',2680.0,nM,1
CHEMBL526153,C=CCCn1cc(C(=O)NC23CC4CC(CC(C4)C2)C3)c(=O)c2cc(Br)ccc21,Ki,'=',2680.0,nM,1
CHEMBL3916164,O=C(c1cc2ccccc2s1)c1cccc2ccccc12,Ki,'=',2700.0,nM,1
CHEMBL1923764,CCCCCCC(C)(C)c1cc(O)cc(OCCCCCCCCCCCC(=O)OC(CO)CO)c1,Ki,'=',2710.0,nM,1
CHEMBL562654,Cc1cc(-c2ccccc2)n(Cc2ccccc2)c(=O)c1S(=O)(=O)c1ccccc1,Ki,'=',2716.0,nM,1
CHEMBL494207,CNC(=O)[C@@H](NC(=O)n1c(=O)n(CCN2CCOCC2)c2ccccc21)C(C)(C)C,Ki,'=',2720.0,nM,1
CHEMBL3114342,O=C(NC1CCCCCC1)c1cc(-c2ccc(F)cc2)cn(CCN2CCOCC2)c1=O,Ki,'=',2734.0,nM,1
CHEMBL251003,CCS(=O)(=O)n1c2c(c3cc(C(=O)N4CCC(C)CC4)ccc31)CN(CCC1CCCCC1)C2,Ki,'=',2742.0,nM,1
CHEMBL438495,C[C@H](NS(C)(=O)=O)c1ccc(S(=O)(=O)c2ccc(Cl)cc2S(=O)(=O)NS(C)(=O)=O)cc1,Ki,'=',2749.0,nM,1
CHEMBL225003,O=C1N(c2ccc(Cl)cc2)C(=S)NC1(c1ccc(Br)cc1)c1ccc(Br)cc1,Ki,'=',2750.0,nM,1
CHEMBL3323694,CCCCCc1cc(O)cc(OCCCCCCCCCCCNC(=O)C2CC2)c1,Ki,'=',2770.0,nM,1
CHEMBL557442,Cc1cccc(C)c1N(C(=O)c1ccccc1Cl)C(=O)C(c1ccc([N+](=O)[O-])cc1)N1CCOCC1,Ki,'=',2785.0,nM,1
CHEMBL2087106,C=CCn1cc(C(=O)NC23CC4CC(CC(C4)C2)C3)c2cc(-c3ccco3)ccc21,Ki,'=',2794.0,nM,1
CHEMBL373056,CCCCCCCC/C=C/C(=O)NCCc1cc(OC)cc(OC)c1,Ki,'=',2800.0,nM,1
CHEMBL410913,Cc1c(C(=O)NCc2ccc(Cl)c(Cl)c2)nn(-c2ccc(F)cc2F)c1-n1cccc1,Ki,'=',2800.0,nM,1
CHEMBL251163,O=c1c2cn(CCN3CCOCC3)c3ccccc3c-2nn1-c1ccccc1,Ki,'=',2800.0,nM,1
CHEMBL408968,Cc1c(C(=O)NN2CCCCC2)nn(-c2ccc(F)cc2F)c1-n1cccc1,Ki,'=',2800.0,nM,1
CHEMBL497755,CN(CCCCCCCOc1ccc(-c2cc3ccccc3o2)cc1)Cc1ccccc1,Ki,'=',2800.0,nM,1
CHEMBL513597,C[C@H](CO)NC(=O)CCC/C=C\C/C=C\C/C=C\C/C=C\CCOC(=O)c1cccc2c1OC(C)(C(C)(C)C)O2,Ki,'=',2800.0,nM,1
CHEMBL270987,COc1cc2c(cc1OCc1ccccc1)c(C(=O)C1C(C)(C)C1(C)C)cn2CC1CCOCC1,Ki,'=',2804.0,nM,1
CHEMBL519043,CCCCCCC(C)(C)c1cc(O)cc(OCCCCCCCCCCC(=O)NCc2ccc(O)c(OC)c2)c1,Ki,'=',2820.0,nM,1
CHEMBL271610,N#Cc1c(C(=O)NN2CCCCC2)nn(-c2ccc(Cl)cc2)c1-n1cccc1,Ki,'=',2820.0,nM,1
CHEMBL270749,Cc1nn(-c2ccc(Cl)cc2)c(-n2cccc2)c1C(=O)NCc1ccc(Cl)c(Cl)c1,Ki,'=',2820.0,nM,1
CHEMBL261612,Cc1c(C(=O)NN2CCCCC2)nn(-c2ccccc2)c1-n1cccc1,Ki,'>',2820.0,nM,1
CHEMBL270345,Cc1c(C(=O)NN2CCOCC2)nn(-c2ccc(F)cc2F)c1-n1cccc1,Ki,'>',2820.0,nM,1
CHEMBL573086,Cc1c(C(=O)Nc2ccc(Cl)cc2)nn(-c2ccc(Cl)c(Cl)c2)c1-n1c(C)ccc1C,Ki,'>',2820.0,nM,1
CHEMBL574279,Cc1c(C(=O)NC(c2ccccc2)c2ccc(Cl)cc2)nn(-c2ccc(Cl)c(Cl)c2)c1-n1c(C)ccc1C,Ki,'>',2820.0,nM,1
CHEMBL412252,Cc1nn(-c2ccc(Cl)cc2)c(-n2cccc2)c1C(=O)NN1CCCCC1,Ki,'>',2820.0,nM,1
CHEMBL411303,N#Cc1c(C(=O)NN2CCCCC2)nn(-c2ccccc2)c1-n1cccc1,Ki,'>',2820.0,nM,1
CHEMBL411110,O=C(NN1CCCCC1)c1cc(-n2cccc2)n(-c2ccccc2)n1,Ki,'>',2820.0,nM,1
CHEMBL388393,CCCCCCc1c(O)cccc1OCCCCCCCCCCC(=O)NCc1ccc(OC)c(O)c1,Ki,'=',2820.0,nM,1
CHEMBL428610,O=C(NN1CCCCC1)c1cc(-n2cccc2)n(-c2ccc(Cl)cc2)n1,Ki,'=',2820.0,nM,1
CHEMBL3798133,COc1c(Cc2ccc(F)cc2)cc(-c2ccc(F)cc2)cc1C(=O)NC1CCCCCC1,Ki,'=',2831.0,nM,1
CHEMBL78627,O=C(c1cccc2ccccc12)c1cn(CCN2CCOCC2)c2ccc(O)cc12,Ki,'=',2838.0,nM,1
CHEMBL4283589,C=C1C[C@H]2c3c(cc(CCCCC)cc3OS(=O)(=O)c3ccc(C)cc3)OC(C)(C)[C@@H]2CC1OO,Ki,'=',2850.0,nM,1
CHEMBL4451217,Cc1nc(-c2ccccc2)sc1C(=O)N1CCOCC1,Ki,'=',2860.0,nM,1
CHEMBL2163573,C[C@@H]1COc2cccc3c(=O)c(C(=O)NC4CCCCC4)cn1c23,Ki,'=',2866.0,nM,1
CHEMBL600254,CCCCCOc1c(OC)ccc2cc(C(=O)NCCc3ccc(F)cc3)c(Cl)nc12,Ki,'=',2875.0,nM,1
CHEMBL2023576,O=C(O)Cc1cccc(NC(=O)c2cc3c(n(CC4CCCCC4)c2=O)CCCCCC3)c1,Ki,'=',2880.0,nM,1
CHEMBL489622,CC(C)CCOc1cc(O)cc(OCCCCCCCCCCC(=O)NCCO)c1,Ki,'=',2880.0,nM,1
CHEMBL4741229,O=C1/C(=C/c2cn(Cc3ccccc3)c3ncccc23)N2CCC1CC2,Ki,'=',2898.0,nM,1
CHEMBL4862731,CCCCCc1cc(O)c2c(c1)OC(C)(C)[C@@H]1CCC(C)=C[C@H]21,Ki,'=',2900.0,nM,1
CHEMBL391003,S=C(Nc1ccccc1)NC(c1ccc(Cl)cc1)c1ccc(Cl)cc1,Ki,'=',2900.0,nM,1
CHEMBL1928337,CCCCC/C=C\C/C=C\C/C=C\C/C=C\CCCC(=O)Nc1c(C)n(C)n(-c2ccccc2)c1=O,Ki,'=',2900.0,nM,1
CHEMBL525791,Cc1ccc(NC(=O)[C@@H]2C[C@@]3(C)CC[C@]2(C)O3)cc1S(=O)(=O)N1CCOCC1,Ki,'=',2900.0,nM,1
CHEMBL224748,O=C(Nc1ccccc1)NC(c1ccc(Br)cc1)c1ccc(Br)cc1,Ki,'=',2900.0,nM,1
CHEMBL3938131,O=C(c1cccc2ccccc12)n1c(C2CCCCC2)nc2ccccc21,Ki,'=',2900.0,nM,1
CHEMBL399316,CCS(=O)(=O)n1c2c(c3cc(C(=O)N4CCC(F)CC4)ccc31)CN(C1CCCC1)C2,Ki,'=',2914.0,nM,1
CHEMBL398446,COc1ccc2c(=O)c(C(=O)NC3CCCCC3)cn(CCN3CCOCC3)c2c1,Ki,'=',2920.0,nM,1
CHEMBL4448412,CCCCCCC(C)(C)c1cc(OC)c2c(c1)OC(C)(C)c1cn(CC)nc1-2,Ki,'=',2930.0,nM,1
CHEMBL1923773,CCCCCCC(C)(C)c1cc(O)cc(OCCCCCCCCCCOC(CO)CO)c1,Ki,'=',2940.0,nM,1
CHEMBL409491,CC1(C)C(C(=O)c2cn(CC3CCOCC3)c3cc(O)ccc23)C1(C)C,Ki,'=',2951.0,nM,1
CHEMBL2206848,CCCn1cc(C(=O)c2cccc3cccc(I)c23)c2ccccc21,Ki,'=',2960.0,nM,1
CHEMBL2018665,CC(C)(NC(=O)c1cc2c(n(CC3CCCCC3)c1=O)CCCCCC2)C(=O)N1CCC(C(=O)O)CC1,Ki,'=',2970.0,nM,1
CHEMBL2414023,CCCCCCOc1ccccc1-c1cc(C(=O)NC23CC4CC(CC(C4)C2)C3)no1,Ki,'>',3000.0,nM,1
CHEMBL599771,CCCCCc1cc2c(c(C(=O)NCC(N)=O)c1)[C@@H]1C=C(C)CC[C@H]1C(C)(C)O2,Ki,'>',3000.0,nM,1
CHEMBL1641950,CCCCCn1cc(C(=O)NN2CCCCC2)c(=O)cc1-c1ccccc1,Ki,'>',3000.0,nM,1
CHEMBL2151371,O=C(Nc1ccccc1)N1CC(Cc2ccccc2)C(c2ccc(Cl)cc2)=N1,Ki,'>',3000.0,nM,1
CHEMBL599772,CCCCCc1cc2c(c(C(=O)NC(CO)CO)c1)[C@@H]1C=C(C)CC[C@H]1C(C)(C)O2,Ki,'>',3000.0,nM,1
CHEMBL1641961,CCCCCn1cc(NC(=O)OC(C)(C)C)c(=O)cc1-c1ccccc1,Ki,'>',3000.0,nM,1
CHEMBL1641937,CCCCCn1cc(C(=O)NC23CC4CC(CC(C4)C2)C3)c(=O)cc1C(C)(C)C,Ki,'>',3000.0,nM,1
CHEMBL3421688,CCCCCn1cc2c(=O)n(-c3cccc(C(F)(F)F)c3)nc-2c2ccccc21,Ki,'>',3000.0,nM,1
CHEMBL3421683,CCCCCn1c(-c2ccccc2)c2c(=O)n(-c3ccccc3)nc-2c2ccccc21,Ki,'>',3000.0,nM,1
CHEMBL604329,CCCCCc1cc(CNC(C)=O)c2c(c1)OC(C)(C)[C@@H]1CCC(C)=C[C@@H]21,Ki,'>',3000.0,nM,1
CHEMBL235487,CCCCCn1cc(C(=O)NCC23CC4CC(CC(C4)C2)C3)c(=O)c2ccccc21,Ki,'>',3000.0,nM,1
CHEMBL597105,CCCCCc1cc2c(c(C(N)=O)c1)[C@@H]1C=C(C)CC[C@H]1C(C)(C)O2,Ki,'>',3000.0,nM,1
CHEMBL605994,CCCCCc1cc(NC(=O)CN(C)C)c2c(c1)OC(C)(C)[C@@H]1CCC(C)=C[C@@H]21,Ki,'>',3000.0,nM,1
CHEMBL600889,CCCCCc1cc2c(c([S+](C)[O-])c1)[C@@H]1C=C(C)CC[C@H]1C(C)(C)O2,Ki,'>',3000.0,nM,1
CHEMBL1641941,CC(NC(=O)c1cn(-c2ccccc2)c(-c2ccccc2)cc1=O)C12CC3CC(CC(C3)C1)C2,Ki,'>',3000.0,nM,1
CHEMBL3421697,CCCCCn1cc2c(=O)n(CC3CCCCC3)nc-2c2ccccc21,Ki,'>',3000.0,nM,1
CHEMBL600426,CCCCCc1cc2c(c(N(C)C)c1)[C@@H]1C=C(C)CC[C@H]1C(C)(C)O2,Ki,'>',3000.0,nM,1
CHEMBL608270,CCCCCc1cc2c(c(C(=O)O)c1)[C@@H]1C=C(C)CC[C@H]1C(C)(C)O2,Ki,'>',3000.0,nM,1
CHEMBL3421700,CCCCCn1cc2c(=O)n(CCC34CC5CC(CC(C5)C3)C4)nc-2c2ccccc21,Ki,'>',3000.0,nM,1
CHEMBL3421698,CCCCCn1cc2c(=O)n(CCC3CCCCC3)nc-2c2ccccc21,Ki,'>',3000.0,nM,1
CHEMBL602857,CCCCCc1cc(NC(C)=O)c2c(c1)OC(C)(C)[C@@H]1CCC(C)=C[C@@H]21,Ki,'>',3000.0,nM,1
CHEMBL3421696,CCCCCn1cc2c(=O)n(CC3CC3)nc-2c2ccccc21,Ki,'>',3000.0,nM,1
CHEMBL1641936,CCCCCn1cc(C(=O)NC23CC4CC(CC(C4)C2)C3)c(=O)cc1C,Ki,'>',3000.0,nM,1
CHEMBL2414033,CCCCCOc1ccccc1-c1cc(C(=O)NC2CCCCC2)no1,Ki,'>',3000.0,nM,1
CHEMBL2414021,CCCCOc1ccccc1-c1cc(C(=O)NC23CC4CC(CC(C4)C2)C3)no1,Ki,'>',3000.0,nM,1
CHEMBL3421693,CCCCCn1cc2c(=O)n(CCCc3ccccc3)nc-2c2ccccc21,Ki,'>',3000.0,nM,1
CHEMBL3421690,CCCCCn1c(-c2ccccc2)c2c(=O)n(Cc3ccccc3)nc-2c2ccccc21,Ki,'>',3000.0,nM,1
CHEMBL3956145,O=S(=O)(NCC1CC1)c1ccc(NC2CCCCC2)cc1C(F)(F)F,Ki,'=',3000.0,nM,1
CHEMBL598511,CCCCCc1cc2c(c(C(=O)NC)c1)[C@@H]1C=C(C)CC[C@H]1C(C)(C)O2,Ki,'>',3000.0,nM,1
CHEMBL2414036,CCCCCOc1ccccc1-c1cc(C(=O)NC2CCCCCCC2)no1,Ki,'>',3000.0,nM,1
CHEMBL1641962,CCCCCn1cc(NC(=O)C2CCCCC2)c(=O)cc1-c1ccccc1,Ki,'>',3000.0,nM,1
CHEMBL374811,CCCCCCc1ccc(O)cc1OCCCCCCCCCCCCCCCC(=O)Nc1ccc(O)cc1,Ki,'=',3000.0,nM,1
CHEMBL2151370,O=C(NC1CCCCC1)N1CC(Cc2ccccc2)C(c2ccccc2)=N1,Ki,'>',3000.0,nM,1
CHEMBL2151372,O=C(NC1CCCCC1)N1CC(Cc2ccccc2)C(c2ccc(Cl)cc2)=N1,Ki,'>',3000.0,nM,1
CHEMBL2151368,CC(=O)N1CC(Cc2ccccc2)C(c2ccccc2)=N1,Ki,'>',3000.0,nM,1
CHEMBL2151369,O=C(Nc1ccccc1)N1CC(Cc2ccccc2)C(c2ccccc2)=N1,Ki,'>',3000.0,nM,1
CHEMBL1641938,CCCCCn1cc(C(=O)NC2CCCCC2)c(=O)cc1C(C)(C)C,Ki,'>',3000.0,nM,1
CHEMBL2151379,Cc1ccc(CC2CN(C(=O)NC3CCCCC3)N=C2c2ccc(Cl)c(C)c2)cc1,Ki,'>',3000.0,nM,1
CHEMBL1641939,CCn1cc(C(=O)NC(C)C23CC4CC(CC(C4)C2)C3)c(=O)cc1-c1ccccc1,Ki,'>',3000.0,nM,1
CHEMBL600631,CCCCCc1cc(CNS(C)(=O)=O)c2c(c1)OC(C)(C)[C@@H]1CCC(C)=C[C@@H]21,Ki,'>',3000.0,nM,1
CHEMBL2151381,Cc1cc(C2=NN(C(=O)NC3CCCCC3)CC2C2CCCC2)ccc1Cl,Ki,'>',3000.0,nM,1
CHEMBL2151375,Cc1cc(C2=NN(C(=O)Nc3ccccc3)CC2Cc2ccccc2)ccc1Cl,Ki,'>',3000.0,nM,1
CHEMBL3421689,CCCCCn1cc2c(=O)n(C3CCCCC3)nc-2c2ccccc21,Ki,'>',3000.0,nM,1
CHEMBL2414018,COc1ccccc1-c1cc(C(=O)NC23CC4CC(CC(C4)C2)C3)no1,Ki,'>',3000.0,nM,1
CHEMBL2151373,Cc1cccc(C2=NN(C(=O)Nc3ccccc3)CC2Cc2ccccc2)c1,Ki,'>',3000.0,nM,1
CHEMBL3421695,CCCCCCn1nc2c3ccccc3n(CCCCC)cc-2c1=O,Ki,'>',3000.0,nM,1
CHEMBL427100,CCCCCc1cc(O)cc(OCCCCCCCCCCC(=O)Nc2ccc(O)cc2)c1,Ki,'=',3000.0,nM,1
CHEMBL2151374,Cc1cccc(C2=NN(C(=O)NC3CCCCC3)CC2Cc2ccccc2)c1,Ki,'>',3000.0,nM,1
CHEMBL600397,CCCCCCC(C)(C)c1cc(NC(=O)c2ccncc2)c2c(c1)OC(C)(C)[C@@H]1CCC(C)=C[C@@H]21,Ki,'>',3000.0,nM,1
CHEMBL1641951,CCCCCn1cc(C(=O)Nc2cccc(C(F)(F)F)c2)c(=O)cc1-c1ccccc1,Ki,'>',3000.0,nM,1
CHEMBL3897023,O=S(=O)(NCC1CC1)c1ccc(Nc2ccc(F)cc2F)cc1C(F)(F)F,Ki,'=',3000.0,nM,1
CHEMBL3421686,CCCCCn1cc2c(=O)n(-c3ccccc3)nc-2c2ccccc21,Ki,'>',3000.0,nM,1
CHEMBL605988,CCCCCc1cc(CN)c2c(c1)OC(C)(C)[C@@H]1CCC(C)=C[C@@H]21,Ki,'>',3000.0,nM,1
CHEMBL602856,CCCCCc1cc(NC(=O)NC)c2c(c1)OC(C)(C)[C@@H]1CCC(C)=C[C@@H]21,Ki,'>',3000.0,nM,1
CHEMBL600024,CCCCCc1cc(CNC(N)=O)c2c(c1)OC(C)(C)[C@@H]1CCC(C)=C[C@@H]21,Ki,'>',3000.0,nM,1
CHEMBL2151376,Cc1cc(C2=NN(C(=O)NC3CCCCC3)CC2Cc2ccccc2)ccc1Cl,Ki,'>',3000.0,nM,1
CHEMBL3421692,CCCCCn1cc2c(=O)n(Cc3ccccc3)nc-2c2ccccc21,Ki,'>',3000.0,nM,1
CHEMBL3421681,CCCCCn1cc2c(=O)[nH]nc-2c2ccccc21,Ki,'>',3000.0,nM,1
CHEMBL3421684,CCCCCn1c(-c2ccccc2)c2c(=O)n(-c3ccc(OC)cc3)nc-2c2ccccc21,Ki,'>',3000.0,nM,1
CHEMBL3421685,CCCCCn1c(-c2ccccc2)c2c(=O)n(-c3cccc(C(F)(F)F)c3)nc-2c2ccccc21,Ki,'>',3000.0,nM,1
CHEMBL2414035,CCCCCOc1ccccc1-c1cc(C(=O)NC2CCCCCC2)no1,Ki,'>',3000.0,nM,1
CHEMBL3922555,O=S(=O)(NCC1CC1)c1ccc(NN2CCCCC2)cc1C(F)(F)F,Ki,'=',3000.0,nM,1
CHEMBL598097,CCCCCc1cc2c(c(C(=O)N(C)C)c1)[C@@H]1C=C(C)CC[C@H]1C(C)(C)O2,Ki,'>',3000.0,nM,1
CHEMBL605128,CCCCCc1cc(NC(=O)OC)c2c(c1)OC(C)(C)[C@@H]1CCC(C)=C[C@@H]21,Ki,'>',3000.0,nM,1
CHEMBL3421699,CCCCCn1cc2c(=O)n(CC34CC5CC(CC(C5)C3)C4)nc-2c2ccccc21,Ki,'>',3000.0,nM,1
CHEMBL2151378,Cc1ccc(CC2CN(C(=O)Nc3ccccc3)N=C2c2ccc(Cl)c(C)c2)cc1,Ki,'>',3000.0,nM,1
CHEMBL3116284,c1ccc2c(COc3nn(CCN4CCCCC4)c4ccccc34)cccc2c1,Ki,'=',3000.0,nM,1
CHEMBL3914042,O=S(=O)(NCC1CC1)c1ccc(NC2CCCCCC2)cc1C(F)(F)F,Ki,'=',3000.0,nM,1
CHEMBL2414022,CCCCCOc1ccccc1-c1cc(C(=O)NC23CC4CC(CC(C4)C2)C3)no1,Ki,'>',3000.0,nM,1
CHEMBL3421691,CCCCCn1c(-c2ccccc2)c2c(=O)n(CCCc3ccccc3)nc-2c2ccccc21,Ki,'>',3000.0,nM,1
CHEMBL2414028,CCCCCOc1ccccc1-c1cc(C(=O)NC2C3CC4CC(C3)CC2C4)no1,Ki,'>',3000.0,nM,1
CHEMBL3421694,CCCCCn1nc2c3ccccc3n(CCCCC)cc-2c1=O,Ki,'>',3000.0,nM,1
CHEMBL3421682,CCCCCn1c(-c2ccccc2)c2c(=O)[nH]nc-2c2ccccc21,Ki,'>',3000.0,nM,1
CHEMBL597908,CCCCCc1cc(NS(C)(=O)=O)c2c(c1)OC(C)(C)[C@@H]1CCC(C)=C[C@@H]21,Ki,'>',3000.0,nM,1
CHEMBL602049,CCCCCc1cc(NC(=O)c2ccncc2)c2c(c1)OC(C)(C)[C@@H]1CCC(C)=C[C@@H]21,Ki,'>',3000.0,nM,1
CHEMBL601505,CCCCCc1cc(NC(N)=O)c2c(c1)OC(C)(C)[C@@H]1CCC(C)=C[C@@H]21,Ki,'>',3000.0,nM,1
CHEMBL3421687,CCCCCn1cc2c(=O)n(-c3ccc(OC)cc3)nc-2c2ccccc21,Ki,'>',3000.0,nM,1
CHEMBL604307,Cc1nc(C(=O)NC2C3CC4CC(C3)CC2C4)c(C)n1-c1ccccc1,Ki,'=',3008.0,nM,1
CHEMBL522906,CC(C)(C)[C@H](NC(=O)n1c(=O)n(CC2(O)CCOCC2)c2ccccc21)C(N)=O,Ki,'=',3010.0,nM,1
CHEMBL250194,CCS(=O)(=O)n1c2c(c3cc(C(=O)N4CCC(C)CC4)ccc31)CN(C1CCOCC1)C2,Ki,'=',3021.0,nM,1
CHEMBL3109765,O=C(N[C@@H]1CCCC[C@H]1O)c1cnc(OC2CCCCC2)c(-c2ccc(Cl)cc2)c1,Ki,'=',3035.0,nM,1
CHEMBL3085421,O=C(c1cn(CCN2CCOCC2)c2ccccc12)[C@@H]1CC12CCCCC2,Ki,'=',3057.0,nM,1
CHEMBL2019082,O=C(N[C@H](C(=O)O)C1CCCCC1)c1cc2c(n(CC3CCCCC3)c1=O)CCCCCC2,Ki,'=',3062.0,nM,1
CHEMBL3613108,Cc1ccc(Cn2cc(C(=O)N3CCCCC3)cc2-c2ccc(Cl)c(C)c2)cc1,Ki,'=',3070.0,nM,1
CHEMBL489623,CCCCCCCOc1cc(O)cc(OCCCCCCCCCCC(=O)NCCO)c1,Ki,'=',3070.0,nM,1
CHEMBL3797270,COc1c(Cc2ccc(F)cc2)cc(-c2ccccc2)cc1C(=O)N[C@H]1CC[C@H](C)CC1,Ki,'=',3086.0,nM,1
CHEMBL3114347,CC1CCC(NC(=O)c2cccnc2OCc2ccccc2)CC1,Ki,'=',3093.0,nM,1
CHEMBL516323,CCCCCCCCCCC[C@@H](C[C@@H]1OC(=O)[C@H]1CCCCCC)OC(=O)[C@H](C)NC=O,Ki,'=',3100.0,nM,1
CHEMBL594553,Cc1cc(NC(=O)C(C)(C)C)cc(S(=O)(=O)N2CCOCC2)c1C,Ki,'=',3100.0,nM,1
CHEMBL472506,CCOc1ccc(Cc2nc3cc(C(=O)N(CC)CC)ccc3n2CC2CCC2)cc1,Ki,'=',3115.0,nM,1
CHEMBL2160219,CN(CCCCCCCOc1ccc(-c2oc3ccccc3c2C(=O)c2ccc(-c3ccccc3)cc2)cc1)Cc1ccccc1,Ki,'=',3120.0,nM,1
CHEMBL2163953,CC1Oc2cccc3c(=O)c(C(=O)NC4CCCCC4)cn(c23)C1c1ccccc1,Ki,'=',3126.0,nM,1
CHEMBL498346,CCCCCC(C)(C)c1cc(OC)c2c(c1)OC(C)(C)[C@@H]1CCC(C)=C[C@@H]21,Ki,'=',3134.0,nM,1
CHEMBL180920,C=CCc1ccc(O)c(-c2cc(CC=C)ccc2O)c1,Ki,'=',3150.0,nM,1
CHEMBL4633589,CCCCCCC(C)(C)c1cc(OC)cc(OCCCCCCCCCCC(=O)NCCO)c1,Ki,'=',3157.0,nM,1
CHEMBL3127262,CCOc1ccc(Cc2nc3cc(C(=O)N(C)CC)ccc3n2CCC(C)C)cc1,Ki,'=',3170.0,nM,1
CHEMBL3221201,O=C1/C(=C/c2cccc(OCc3ccc(Cl)cc3Cl)c2)N=C2SCCCCN12,Ki,'=',3180.0,nM,1
CHEMBL75326,Cc1c(CCN2CCOCC2)c2ccccc2n1C(=O)c1cccc(Cl)c1Cl,Ki,'=',3193.0,nM,1
CHEMBL4633663,CCCCCCC(C)(C)c1cc(OC)cc(OCCCCCCCCCCC(=O)NCC2CC2)c1,Ki,'=',3193.5,nM,1
CHEMBL3353822,N#Cc1ccccc1CSc1nnc2c(n1)[nH]c1cccc(Br)c12,Ki,'=',3200.0,nM,1
CHEMBL2326302,CCN(CC)c1ccc(CN(C(=O)Cc2ccc(Cl)cc2)c2ccc(C)cc2)cc1,Ki,'=',3200.0,nM,1
CHEMBL1215978,C#CCn1cc(C(=O)NC23CC4CC(CC(C4)C2)C3)c(=O)c2cc(Br)ccc21,Ki,'=',3210.0,nM,1
CHEMBL3775966,CCCCCn1cc(C(=O)NC2CCCCC2)c(=O)n2nc(-c3ccccc3)nc12,Ki,'=',3214.0,nM,1
CHEMBL4637806,CCCCCCc1ccc(OCCCCCCCCCCC(=O)NCC2CC2)cc1OC,Ki,'=',3250.0,nM,1
CHEMBL3353443,COc1ccc(-c2cnc3c(c2)cc(C(=O)NC2CCC(C)CC2)c(=O)n3Cc2ccc(F)cc2)cc1,Ki,'=',3262.0,nM,1
CHEMBL3353444,CC1CCC(NC(=O)c2cc3cc(-c4cccs4)cnc3n(Cc3ccc(F)cc3)c2=O)CC1,Ki,'=',3280.0,nM,1
CHEMBL2381805,CCCCCn1cc(C(=O)NCc2ccccc2)c(=O)n2nc(C)cc12,Ki,'=',3290.0,nM,1
CHEMBL4520356,Cc1ccc(-c2cc3ncccc3c3cc(C(=O)N[C@@H]4C[C@H](C)CC[C@H]4C(C)C)nn23)cc1,Ki,'=',3300.0,nM,1
CHEMBL223223,CCCCCCc1ccc(O)cc1OCCCCCCCCCCC(=O)Nc1ccc(O)cc1,Ki,'=',3300.0,nM,1
CHEMBL3581225,CCN(CC)C1(c2nc(-c3cc(C(C)(C)C)c(O)c(C(C)(C)C)c3)cs2)CCOCC1,Ki,'=',3303.0,nM,1
CHEMBL409647,CC1(C)C(C(=O)c2cn(CC3CCOCC3)c3ccc(C#N)cc23)C1(C)C,Ki,'=',3310.0,nM,1
CHEMBL383100,O=C1C(c2ccc(Cl)cc2)N(c2cccc(Cl)c2)C(=O)N1c1cccc(Cl)c1,Ki,'=',3312.0,nM,1
CHEMBL3605043,CC(C)c1ccc(C(=O)c2cc(O)c(-c3cc(Cl)cc(Cl)c3)c(O)c2)cc1,Ki,'=',3326.0,nM,1
CHEMBL2180231,CCCCNC(=O)N1CCC(Nc2ncnc3c2nc(-c2ccccc2Cl)n3-c2ccc(Cl)cc2)CC1,Ki,'=',3343.0,nM,1
CHEMBL570660,CC1(C(=O)c2cn(CC3CCOCC3)c3ccccc23)CC1(Cl)Cl,Ki,'=',3360.0,nM,1
CHEMBL308777,COc1ccc2c(c1)c(CN1CCOCC1)c(C)n2C(=O)c1cccc(Cl)c1Cl,Ki,'=',3363.0,nM,1
CHEMBL2326300,CCN(CC)c1ccc(CN(c2ccc(C)cc2)S(=O)(=O)c2ccc(C(C)C)cc2)cc1,Ki,'=',3365.0,nM,1
CHEMBL2010900,O=C(c1c(NC(=O)C23CC4CC(CC2C4)C3)sc2c1CCOC2)N1CC(F)(F)C1,Ki,'=',3388.44,nM,1
CHEMBL488933,CCCCCCC(C)(C)c1cc(O)cc(OCCCCCCCCCCC(=O)NCCc2ccc(O)c(O)c2)c1,Ki,'=',3400.0,nM,1
CHEMBL476336,O=C(NCCCc1ccccc1)C(c1ccccc1)c1ccccc1,Ki,'=',3400.0,nM,1
CHEMBL472856,Cc1ccc(NC(=O)C2C(C)(C)C2(C)C)cc1S(=O)(=O)N1CCOCC1,Ki,'=',3400.0,nM,1
CHEMBL592264,CCC(C)(C)C(=O)Nc1cc(C)c(C)c(S(=O)(=O)NC2CCCC2)c1,Ki,'=',3400.0,nM,1
CHEMBL3353448,CC1CCC(NC(=O)c2cc3cc(-c4ccco4)cnc3n(Cc3ccc(F)cc3)c2=O)CC1,Ki,'=',3444.0,nM,1
CHEMBL388399,O=C1N(c2ccccc2)C(=S)NC1(c1ccc(Br)cc1)c1ccc(Br)cc1,Ki,'=',3450.0,nM,1
CHEMBL189160,O=C1NC(c2ccc(Br)cc2)(c2ccc(Br)cc2)C(=O)N1Cc1ccccc1,Ki,'=',3467.0,nM,1
CHEMBL409231,COc1ccc2c(c1)c(C(=O)C1C(C)(C)C1(C)C)cn2CCN1CCOCC1,Ki,'>',3467.37,nM,1
CHEMBL271814,CC1(C)C(C(=O)c2cn(CCN3CCOCC3)c3cccc(N)c23)C1(C)C,Ki,'>',3467.37,nM,1
CHEMBL458142,CCOc1ccc(Cc2nc3cc(N(C)C(=O)N4CCCCC4)ccc3n2CC2CC2)cc1,Ki,'=',3475.0,nM,1
CHEMBL203380,CCCCC/C=C\C/C=C\C/C=C\C/C=C\CCCC(=O)ONCCO,Ki,'=',3500.0,nM,1
CHEMBL181677,CCC(=O)N[C@@H](C)c1ccc(S(=O)(=O)c2ccc(OC)cc2S(=O)(=O)c2ccc(OC)cc2)cc1,Ki,'=',3559.0,nM,1
CHEMBL32929,CCCn1nc(C(=O)NN2CCCCC2)c(C)c1-c1ccccc1,Ki,'=',3564.5,nM,1
CHEMBL2152807,C=Cn1cc(C(=O)N[C@@H]2C(C)(C)C3CC[C@]2(C)C3)c(=O)c2ccc(F)cc21,Ki,'=',3572.6,nM,1
CHEMBL4282604,COc1ccc(C(=O)c2cn(CC3CCOCC3)c3c(O)cccc23)cc1,Ki,'=',3583.0,nM,1
CHEMBL75733,COc1ccc2c(c1)c(CC(=O)N1CCOCC1)c(C)n2C(=O)c1ccccc1Cl,Ki,'=',3600.0,nM,1
CHEMBL4213942,Cc1ccc(-c2cc(S(=O)(=O)NC3CCCCC3)nnc2-c2ccc(C)cc2)cc1,Ki,'=',3604.0,nM,1
CHEMBL3800638,CCCCc1cc(-c2ccccc2)cc(C(=O)N[C@H]2CC[C@H](C)CC2)c1OC,Ki,'=',3608.0,nM,1
CHEMBL2087101,C=CCn1cc(C(=O)C(=O)NC23CC4CC(CC(C4)C2)C3)c2cc(-c3ccco3)ccc21,Ki,'=',3617.0,nM,1
CHEMBL2087109,CCCCCn1cc(C(=O)NC23CC4CC(CC(C4)C2)C3)c2cc(-c3cccs3)ccc21,Ki,'=',3621.0,nM,1
CHEMBL371614,CC(C)N1C(=O)C(c2ccc(Br)cc2)(c2ccc(Br)cc2)NC1=S,Ki,'=',3630.0,nM,1
CHEMBL2387533,COc1ccccc1Cc1cc2c(C)c(OC)c(C)c(C)c2oc1=O,Ki,'=',3660.0,nM,1
CHEMBL200121,CCCCCCCC/C=C\CCCCCCCCCCCC(=O)NCCc1ccc(OC)cc1OC,Ki,'=',3700.0,nM,1
CHEMBL63561,COc1ccccc1Cn1ccc2c(c1=O)c1cccc(OC)c1n2CCN1CCOCC1,Ki,'=',3700.0,nM,1
CHEMBL3774717,CCCCCn1cc(C(=O)NC23CC4CC(CC(C4)C2)C3)c(=O)n2nc(-c3ccc(OC)cc3)nc12,Ki,'=',3723.0,nM,1
CHEMBL4793741,O=C(c1cc(O)c(-c2cc(C(F)(F)F)cc(C(F)(F)F)c2)c(O)c1)c1cccs1,Ki,'=',3735.0,nM,1
CHEMBL3897733,CCc1c(C(=O)NC(C)c2ccccc2)cc(C)n1-c1ccccc1,Ki,'=',3736.7,nM,1
CHEMBL2316271,CCCCCn1cc(C(=O)NC23CC4CC(CC(C4)C2)C3)c(=O)c2c(C(C)(C)C)nn(C)c21,Ki,'=',3753.0,nM,1
CHEMBL3422789,CC1CCC(NC(=O)c2cc3ccccc3n(CCCO)c2=O)CC1,Ki,'=',3761.0,nM,1
CHEMBL4457335,CCCCCCCN1C(=O)C2C3c4ccccc4C(c4ccccc43)C2C1=O,Ki,'=',3770.0,nM,1
CHEMBL1923768,CCCCCc1cc(O)cc(OCCCCCCCCCCCCOC(CO)CO)c1,Ki,'=',3780.0,nM,1
CHEMBL566248,CCC(C)(C)C(=O)Nc1cc(CN2CCOCC2)c(C)cn1,Ki,'=',3800.0,nM,1
CHEMBL571323,CCC(C)(C)C(=O)Nc1cc(C)c(C)c(S(=O)(=O)NCC2CC2)c1,Ki,'=',3800.0,nM,1
CHEMBL3116292,O=[N+]([O-])c1ccc2c(c1)c(OCc1cccc3ccccc13)nn2Cc1cccc2ccccc12,Ki,'=',3800.0,nM,1
CHEMBL434941,O=C1N(CCc2ccccc2)C(=S)NC1(c1ccc(Cl)cc1)c1ccc(Cl)cc1,Ki,'=',3801.0,nM,1
CHEMBL246273,CNC(=O)c1cnc(-c2ccc(C)cc2)c(-c2ccc(C)cc2)n1,Ki,'=',3848.0,nM,1
CHEMBL2316291,CCCCCCn1cc(C(=O)NC2CCCCC2)c(=O)c2c(C)nn(C)c21,Ki,'=',3870.0,nM,1
CHEMBL2163957,Cc1ccc(C2COc3cccc4c(=O)c(C(=O)NC56CC7CC(CC(C7)C5)C6)cn2c34)cc1,Ki,'=',3877.0,nM,1
CHEMBL576227,Cc1ccc(C(=O)NC2C3(C)CCC(C3)C2(C)C)cc1CC(=O)N1CCOCC1,Ki,'=',3900.0,nM,1
CHEMBL233185,CCCCCCC(C)(C)c1ccc(-c2cc(C)cc(C)c2)c(CN2CCOCC2)c1,Ki,'=',3900.0,nM,1
CHEMBL204403,CCCCC/C=C\C/C=C\C/C=C\C/C=C\CCCC(=O)N(O)CCO,Ki,'=',3900.0,nM,1
CHEMBL2087102,C=CCn1cc(C(=O)C(=O)NC23CC4CC(CC(C4)C2)C3)c2cc(-c3ccccc3)ccc21,Ki,'=',3915.0,nM,1
CHEMBL4294653,COc1ccc(C(=O)c2cn(CC3CCOCC3)c3c(OCCCCCCNC(C)=O)cccc23)cc1,Ki,'=',3918.0,nM,1
CHEMBL559476,CCCNC(=O)N1CCN(c2nc(Cc3ccccc3)c3c(c2C#N)CC(C)(C)OC3)CC1,Ki,'=',3949.0,nM,1
CHEMBL2019087,N#Cc1ccc(Cn2c3c(cc(C(=O)NC4(C(=O)O)CCCCC4)c2=O)CCCCCC3)cc1,Ki,'=',3952.0,nM,1
CHEMBL247175,C[C@H](N)c1ccc(S(=O)(=O)c2ccc(Cl)cc2S(=O)(=O)c2ccccc2F)cc1,Ki,'=',3953.0,nM,1
CHEMBL2023577,O=C(O)Cc1ccc(NC(=O)c2cc3c(n(CC4CCCCC4)c2=O)CCCCCC3)cc1,Ki,'=',3987.0,nM,1
CHEMBL599070,Cc1nc(C(=O)NC[C@H]2C[C@@H]3C[C@H](C2)C3(C)C)c(C)n1-c1ccccc1,Ki,'=',3995.0,nM,1
CHEMBL4085733,Cc1cc(-c2cc(C(=O)N[C@H]3CC[C@H](C)CC3)c(=O)n(Cc3ccc(F)cc3)n2)ccc1Cl,Ki,'>',4000.0,nM,1
CHEMBL4783870,Cn1nc(OCc2ccc3ccccc3c2)c2ccccc21,Ki,'=',4000.0,nM,1
CHEMBL4067246,Cc1cc(-c2cc(C(=O)N[C@@H]3C(C)(C)[C@@H]4CC[C@@]3(C)C4)c(=O)n(Cc3ccc(F)cc3)n2)ccc1Cl,Ki,'>',4000.0,nM,1
CHEMBL4064165,Cc1cc(-c2cc(C(=O)NCCN3CCOCC3)c(=O)n(Cc3ccc(F)cc3)n2)ccc1Cl,Ki,'>',4000.0,nM,1
CHEMBL3116298,Nc1ccc2c(c1)c(OCc1ccccc1)nn2Cc1ccccc1,Ki,'=',4000.0,nM,1
CHEMBL3260735,O=c1[nH]n2c(=O)n(Cc3ccc(C(F)(F)F)nc3)nc2c(-c2ccncc2)c1-c1ccc(Cl)cc1,Ki,'=',4000.0,nM,1
CHEMBL4091845,Cc1cc(-c2cc(C(=O)NC34CC5CC(CC(C5)C3)C4)c(=O)n(Cc3ccc(F)cc3)n2)ccc1Cl,Ki,'>',4000.0,nM,1
CHEMBL4094331,Cc1ccc(Cn2nc(-c3ccc(Cl)c(C)c3)cc(C(=O)NC3CCCCC3)c2=O)cc1,Ki,'>',4000.0,nM,1
CHEMBL311690,COC(=O)[C@H](Cc1ccccc1)NC(=O)c1c(C)n(CCN2CCOCC2)c2c(OC)cccc12,Ki,'=',4000.0,nM,1
CHEMBL4088509,Cc1cc(-c2cc(C(=O)N[C@H]3CC[C@@H](C)CC3)c(=O)n(Cc3ccc(F)cc3)n2)ccc1Cl,Ki,'>',4000.0,nM,1
CHEMBL4084087,Cc1cc(-c2cc(C(=O)NC3CCCCC3)c(=O)n(Cc3ccc(F)cc3)n2)ccc1Cl,Ki,'>',4000.0,nM,1
CHEMBL4090242,O=C(NC1CCCCCC1)c1c2c(nn(Cc3ccc(F)cc3)c1=O)-c1ccccc1C2,Ki,'>',4000.0,nM,1
CHEMBL4071007,Cc1cc(-c2cc(C(=O)NC3CCCCCC3)c(=O)n(Cc3ccc(F)cc3)n2)ccc1Cl,Ki,'>',4000.0,nM,1
CHEMBL199671,O=C1C(c2ccc(Br)cc2)N(c2ccccc2)C(=O)N1c1ccccc1,Ki,'=',4027.0,nM,1
CHEMBL3781707,O=C(NN1CCOCC1)c1nn(-c2ccc(Cl)cc2Cl)c2c1Cc1cc(C3CC3)ccc1-2,Ki,'=',4033.0,nM,1
CHEMBL495391,CC[C@H](C)[C@H](NC(=O)n1c(=O)n(CCN2CCOCC2)c2ccccc21)C(N)=O,Ki,'>',4040.0,nM,1
CHEMBL3353450,C[C@H]1CC[C@@H](NC(=O)c2cc3cc(-c4ccco4)cnc3n(Cc3ccc(F)cc3)c2=O)CC1,Ki,'=',4056.0,nM,1
CHEMBL2019090,CCc1c(C)cc(C(=O)NC2(C(=O)O)CCCCC2)c(=O)n1Cc1ccc(F)cc1,Ki,'=',4067.0,nM,1
CHEMBL409537,CC1(C)C(C(=O)c2cn(CCN3CCOCC3)c3cccc(NS(C)(=O)=O)c23)C1(C)C,Ki,'=',4073.8,nM,1
CHEMBL199907,CCCCCn1cc(C(=O)Nc2cccc3ccccc23)c(=O)c2ccccc21,Ki,'=',4083.0,nM,1
CHEMBL4437060,COc1ccc(C(=O)c2cn(CC[N+]3(C)CCOCC3)c3ccccc23)c2ccccc12.[I-],Ki,'=',4083.0,nM,1
CHEMBL1668507,COCCn1c(C)c(C(C)(C)C)s/c1=N\C(=O)c1ccc(C(F)(F)F)cc1,Ki,'=',4100.0,nM,1
CHEMBL596387,CC1(CNS(=O)(=O)C(F)(F)F)CCN(S(=O)(=O)c2ccc(Cl)cc2S(=O)(=O)c2ccccc2F)CC1,Ki,'=',4100.0,nM,1
CHEMBL2163956,Cc1ccc(C2COc3cccc4c(=O)c(C(=O)NC5CCCCC5)cn2c34)cc1,Ki,'=',4108.0,nM,1
CHEMBL3605039,O=C(c1cccc(C(F)(F)F)c1)c1cc(O)c(-c2cc(Cl)cc(Cl)c2)c(O)c1,Ki,'=',4134.0,nM,1
CHEMBL599882,CCc1nc(C(=O)NC23CC4CC(CC(C4)C2)C3)c(C)n1-c1ccccc1,Ki,'=',4152.0,nM,1
CHEMBL4563152,CCCCCCC(C)(C)c1cc(OC)c2c(c1)OC(C)(C)c1cn(C)nc1-2,Ki,'=',4159.0,nM,1
CHEMBL4534102,Cc1ccc(C(=O)c2cn(CC[N+]3(C)CCOCC3)c3ccccc23)c2ccccc12.[I-],Ki,'=',4174.0,nM,1
CHEMBL511021,CCN(CC)C(=O)c1ccc2c(c1)nc(Cc1ccc(OCC3CC3)cc1)n2CCC(C)C,Ki,'=',4190.0,nM,1
CHEMBL568796,CC1(C)C(C(=O)c2cn(CCc3nsc(Cl)n3)c3ccccc23)C1(C)C,Ki,'=',4200.0,nM,1
CHEMBL3780457,O=C(NN1CCCC1)c1nn(-c2ccc(Cl)cc2Cl)c2c1Cc1cc(C3CC3)ccc1-2,Ki,'=',4211.0,nM,1
CHEMBL2316292,Cc1nn(C)c2c1c(=O)c(C(=O)NC1CCCCC1)cn2Cc1ccccc1,Ki,'=',4248.0,nM,1
CHEMBL224002,O=C(CCCCCCCCCCCCCCCOc1cccc(O)c1)NC1CC1,Ki,'=',4250.0,nM,1
CHEMBL579241,CCCn1cc(C(=O)C2C(C)(C)C2(C)C)c2ccccc21,Ki,'=',4265.8,nM,1
CHEMBL2326307,CCN(CC)c1ccc(CN([C@]23C[C@H]4C[C@H](C[C@H](C4)C2)C3)S(=O)(=O)c2ccc(F)cc2)cc1,Ki,'=',4268.0,nM,1
CHEMBL2206849,CCCn1c(C)c(C(=O)c2cccc3cccc(I)c23)c2ccccc21,Ki,'=',4290.0,nM,1
CHEMBL570792,CCc1cnc(NC(=O)C(C)(C)CC)cc1CN1CCOCC1,Ki,'=',4300.0,nM,1
CHEMBL488310,CCOc1ccc(Cc2nc3cc(C(=O)N(CC)CC)ccc3n2C[C@H]2CCCCN2C)cc1,Ki,'=',4315.0,nM,1
CHEMBL1258979,CC(C)=C[C@H]1C[C@]2(C)[C@H](CC[C@@]3(C)[C@H]2CC[C@H]2Cc4c([nH]c5ccccc45)[C@@]23C)O1,Ki,'=',4400.0,nM,1
CHEMBL4440353,CCCCCCC1=C/C(=C\c2ccccc2)c2ccccc21,Ki,'=',4414.0,nM,1
CHEMBL4287330,CCCOc1ccc2c(c1)c(C(=O)c1ccc(OC)cc1)cn2CC1CCOCC1,Ki,'=',4527.0,nM,1
CHEMBL510854,CCOc1ccc(Cc2nc3cc(C(=O)N(CC(F)(F)F)CC(F)(F)F)ccc3n2CC2CC2)cc1,Ki,'=',4534.0,nM,1
CHEMBL2316273,CCCCCn1cc(C(=O)NC2CCCCCC2)c(=O)c2cnn(C)c21,Ki,'=',4550.0,nM,1
CHEMBL2316296,CCCCCn1cc(C(=O)N[C@H]2CC[C@H](C)CC2)c(=O)c2c(C)nn(C)c21,Ki,'=',4568.0,nM,1
CHEMBL3906742,CCc1c(C(=O)NC2CCCCC2)cc(C)n1-c1ccccc1,Ki,'=',4571.51,nM,1
CHEMBL2347045,O=C(NN1CCCCC1)c1cc(-c2ccccc2)n(-c2ccccc2)n1,Ki,'=',4585.0,nM,1
CHEMBL3960083,COc1ccc(C(=O)c2c(CC(C)C)sc3ccccc23)cc1,Ki,'=',4600.0,nM,1
CHEMBL4792271,Cc1nc(OCc2ccc(F)cc2)c(C(=O)NC2CCCCCC2)cc1-c1ccc(F)cc1,Ki,'=',4600.0,nM,1
CHEMBL458143,CCOc1ccc(Cc2nc3cc(C(=O)N(CC)CC)ccc3n2CCN(C)C)cc1,Ki,'>',4600.0,nM,1
CHEMBL72324,COC(=O)Cc1c(C)n(C(=O)c2cccc3ccccc23)c2ccc(OC)cc12,Ki,'=',4610.0,nM,1
CHEMBL3605047,O=C(c1ccc(Cl)cc1)c1cc(O)c(-c2cc(Cl)cc(Cl)c2)c(O)c1,Ki,'=',4645.0,nM,1
CHEMBL2163574,C[C@H]1COc2cccc3c(=O)c(C(=O)NC4CCCCC4)cn1c23,Ki,'=',4652.0,nM,1
CHEMBL453846,CCN(CC)C(=O)c1ccc2c(c1)nc(Cc1ccc(OC(C)C)cc1)n2CCC(C)C,Ki,'=',4679.0,nM,1
CHEMBL3581229,CN(C)C1(c2nc(-c3cc(C(C)(C)C)cc(C(C)(C)C)c3)cs2)CCOCC1,Ki,'=',4710.0,nM,1
CHEMBL3774980,CCCCCn1cc(C(=O)NC2CCCCC2)c(=O)n2nc(-c3ccc(Cl)cc3)nc12,Ki,'=',4718.0,nM,1
CHEMBL2181552,COc1cccc(Cc2cc3c(OC)cc(CBr)cc3oc2=O)c1,Ki,'=',4740.0,nM,1
CHEMBL2316274,CCCCCn1cc(C(=O)NC23CC4CC(CC(C4)C2)C3)c(=O)c2cnn(C)c21,Ki,'=',4752.0,nM,1
CHEMBL3914033,CCCCNS(=O)(=O)c1ccc(Nc2ccc(Cl)cc2Cl)cc1C(F)(F)F,Ki,'=',4757.0,nM,1
CHEMBL471992,CCOc1ccc(Cc2nc3cc(C(=O)N(CC)CC)ccc3n2Cc2ccccc2)cc1,Ki,'=',4766.0,nM,1
CHEMBL3409322,COc1ccc2c(c1)c(CCN1CCOCC1)c(C)n2C(=O)c1ccc(Cl)cc1Cl,Ki,'=',4772.0,nM,1
CHEMBL3221203,CCOC(=O)COc1cccc(/C=C2\N=C3SCCCCN3C2=O)c1,Ki,'=',4780.0,nM,1
CHEMBL599071,Cc1nc(C(=O)NC23CC4CC(CC(C4)C2)C3)c(C)n1-c1ccccc1,Ki,'=',4887.0,nM,1
CHEMBL294013,C=C1CC[C@@H]2[C@@H](C1)c1c(OC)cc(C(C)(C)CCCCCC)cc1OC2(C)C,Ki,'=',4888.0,nM,1
CHEMBL2181546,CCCCC1(c2cc(O)c3cc(Cc4ccccc4O)c(=O)oc3c2)CCCCC1,Ki,'=',4890.0,nM,1
CHEMBL198132,CCCCCCCC/C=C/C(=O)Nc1ccc(OC)cc1,Ki,'=',4900.0,nM,1
CHEMBL3984372,COc1ccc(-c2nc3ccccc3n2C(=O)c2cccc3ccccc23)cc1,Ki,'=',4900.0,nM,1
CHEMBL381892,Cc1ccc(N2C(=O)C(c3ccccc3)N(c3ccc(C)cc3)C2=S)cc1,Ki,'=',4968.0,nM,1
CHEMBL139037,CCCCC/C=C\C/C=C\C/C=C\C/C=C\CCCC(=O)N(C)CCO,Ki,'=',4980.0,nM,1
CHEMBL486438,CCN(CC)C(=O)c1ccc2c(c1)nc(Cc1ccc(O)cc1)n2CCC(C)C,Ki,'>',5000.0,nM,1
CHEMBL232730,CSC(=S)N1CC(C)(C)CS/C1=N\c1ccccc1C(C)C,Ki,'>',5000.0,nM,1
CHEMBL224058,O=C(CCCCCCCCCCCCCCCOc1cccc(O)c1)Nc1ccc(O)cc1,Ki,'=',5000.0,nM,1
CHEMBL3613112,Cc1ccc(Cn2cc(C(=O)NN3CCCCCC3)cc2-c2ccc(Cl)c(C)c2)cc1,Ki,'>',5000.0,nM,1
CHEMBL2019091,CCCc1c(CC)cc(C(=O)NC2(C(=O)O)CCCCC2)c(=O)n1Cc1ccc(F)cc1,Ki,'>',5000.0,nM,1
CHEMBL454864,CCOc1ccc(Cc2nc3cc(C(=O)N4CCCC4)ccc3n2CC2CC2)cc1,Ki,'>',5000.0,nM,1
CHEMBL453843,CCOc1ccc(Cc2nc3cc(C(=O)N(CC)CC)ccc3n2CC2CC2)nc1,Ki,'>',5000.0,nM,1
CHEMBL3613102,Cc1ccc(Cn2cc(C(=O)NC34CC5CC(CC(C5)C3)C4)cc2-c2ccc(Cl)c(C)c2)cc1,Ki,'>',5000.0,nM,1
CHEMBL3613111,Cc1ccc(Cn2cc(C(=O)NN3CCCCC3)cc2-c2ccc(Cl)c(C)c2)cc1,Ki,'>',5000.0,nM,1
CHEMBL3613110,Cc1ccc(Cn2cc(C(=O)NN3CCCC3)cc2-c2ccc(Cl)c(C)c2)cc1,Ki,'>',5000.0,nM,1
CHEMBL3613105,Cc1ccc(Cn2cc(C(=O)N[C@H](C)C3CCCCC3)cc2-c2ccc(Cl)c(C)c2)cc1,Ki,'>',5000.0,nM,1
CHEMBL3613113,Cc1ccc(Cn2cc(C(=O)Nc3cccc4ccccc34)cc2-c2ccc(Cl)c(C)c2)cc1,Ki,'>',5000.0,nM,1
CHEMBL2023579,O=C(O)c1csc(NC(=O)c2cc3c(n(CC4CCCCC4)c2=O)CCCCCC3)n1,Ki,'>',5000.0,nM,1
CHEMBL2019083,CCCCn1c2c(cc(C(=O)NC3(C(=O)O)CCCCC3)c1=O)CCCCCC2,Ki,'>',5000.0,nM,1
CHEMBL3613103,Cc1ccc(Cn2cc(C(=O)NCC34CC5CC(CC(C5)C3)C4)cc2-c2ccc(Cl)c(C)c2)cc1,Ki,'>',5000.0,nM,1
CHEMBL452804,CCN(CC)C(=O)c1ccc2c(c1)nc(Cc1ccc(OC3CCCCC3)cc1)n2CCC(C)C,Ki,'>',5000.0,nM,1
CHEMBL3613104,Cc1ccc(Cn2cc(C(=O)N[C@H]3C[C@@H](C)CC[C@@H]3C(C)C)cc2-c2ccc(Cl)c(C)c2)cc1,Ki,'>',5000.0,nM,1
CHEMBL3613116,Cc1ccc(Cn2cc(C(=O)N[C@@H]3C(C)(C)C4CC[C@@]3(C)C4)c3c2-c2ccc(Cl)c(C)c2C3)cc1,Ki,'>',5000.0,nM,1
CHEMBL3613101,Cc1ccc(Cn2cc(C(=O)NC[C@@H]3CCC4C[C@@H]3C4(C)C)cc2-c2ccc(Cl)c(C)c2)cc1,Ki,'>',5000.0,nM,1
CHEMBL1800730,CCCCC/C=C\C/C=C\C/C=C\C/C=C\CCCC(=O)OC(CO)COC(=O)CCCCCNC(=O)CCCC[C@@H]1SC[C@@H]2NC(=O)N[C@@H]21,Ki,'>',5000.0,nM,1
CHEMBL2018663,CC(C)(NC(=O)c1cc2c(n(CC3CCCCC3)c1=O)CCCCCC2)C(=O)NCC(=O)O,Ki,'>',5000.0,nM,1
CHEMBL472165,CCOc1ccc(Cc2nc3cc(C(=O)N(CC)CC)ccc3n2Cc2ccccn2)cc1,Ki,'>',5000.0,nM,1
CHEMBL512906,CCOc1ccc(Cc2nc3cc(C(=O)N(CC)CC)ccc3n2Cc2ccncc2)cc1,Ki,'>',5000.0,nM,1
CHEMBL487629,CCN(CC)C(=O)c1ccc2c(c1)nc(Cc1ccc(OC)cc1)n2CCC(C)C,Ki,'>',5000.0,nM,1
CHEMBL518814,CCOc1ccc(Cc2nc3cc(NC(C)=O)ccc3n2CC2CC2)cc1,Ki,'>',5000.0,nM,1
CHEMBL248135,CCOC(=O)N1CC(C)(C)CS/C1=N\c1ccccc1C(C)C,Ki,'>',5000.0,nM,1
CHEMBL462119,CCOc1ccc(Cc2nc3cc(NC)ccc3n2CC2CC2)cc1,Ki,'>',5000.0,nM,1
CHEMBL2387181,CCCCn1c2c(cc(C(N)=O)c1=O)CCCCCC2,Ki,'>',5000.0,nM,1
CHEMBL510141,CCOc1ccc(Cc2nc3cc(C(N)=O)ccc3n2CC2CC2)cc1,Ki,'>',5000.0,nM,1
CHEMBL469693,CCOc1ccc(Cc2nc3cc(C(=O)N(CC)CC)ccc3n2CC2CCNCC2)cc1,Ki,'>',5000.0,nM,1
CHEMBL471558,CCOc1ccc(Cc2nc3cc(C(=O)N(CC)CC)ccc3n2C[C@@H]2CCCO2)cc1,Ki,'>',5000.0,nM,1
CHEMBL2023580,O=C(O)c1cnc(NC(=O)c2cc3c(n(CC4CCCCC4)c2=O)CCCCCC3)s1,Ki,'>',5000.0,nM,1
CHEMBL473696,Cc1ccc(-c2nn[nH]n2)cc1S(=O)(=O)N1CCOCC1,Ki,'>',5000.0,nM,1
CHEMBL3613107,Cc1ccc(Cn2cc(C(=O)NC3CCCCC3)cc2-c2ccc(Cl)c(C)c2)cc1,Ki,'>',5000.0,nM,1
CHEMBL3613114,Cc1ccc(Cn2cc(CN3CCN(c4ccc(Cl)cc4)CC3)cc2-c2ccc(Cl)c(C)c2)cc1,Ki,'>',5000.0,nM,1
CHEMBL471984,CCOc1ccc(Cc2nc3cc(C(=O)N(CC)CC)ccc3n2Cc2cc[n+]([O-])cc2)cc1,Ki,'>',5000.0,nM,1
CHEMBL472157,CCOc1ccc(Cc2nc3cc(C(=O)N(CC)CC)ccc3n2CC2CC2)cc1,Ki,'>',5000.0,nM,1
CHEMBL451779,CCN(CC)C(=O)c1ccc2c(c1)nc(Cc1ccc(OC(F)(F)F)cc1)n2CCC(C)C,Ki,'>',5000.0,nM,1
CHEMBL527208,CCOc1ccc(C(=O)c2nc3cc(C(=O)N(CC)CC)ccc3n2CCC(C)C)cc1,Ki,'>',5000.0,nM,1
CHEMBL3109762,O=C(N[C@@H]1CCCC[C@H]1O)c1cc(-c2ccc(Cl)cc2)c(OCC2CC2)nn1,Ki,'>',5000.0,nM,1
CHEMBL391561,CCC1(CC)CS/C(=N\c2ccccc2C(C)C)N(C(=S)SC)C1,Ki,'>',5000.0,nM,1
CHEMBL454607,CCCN(C)C(=O)c1ccc2c(c1)nc(Cc1ccc(OCC)cc1)n2CC1CC1,Ki,'>',5000.0,nM,1
CHEMBL453847,CCN(CC)C(=O)c1ccc2c(c1)nc(Cc1ccc(OC3CCC3)cc1)n2CCC(C)C,Ki,'>',5000.0,nM,1
CHEMBL487456,CCOc1ccc(Cc2nc3cc(C(=O)N(CC)CC)ccc3n2C[C@H]2CCCCN2)cc1,Ki,'>',5000.0,nM,1
CHEMBL576814,Cc1ccc(C(=O)NC2C(C)(C)[C@@H]3CC[C@@]2(C)C3)cc1C(=O)N1CCOCC1,Ki,'>',5000.0,nM,1
CHEMBL488816,CCOc1ccc(C(O)c2nc3cc(C(=O)N(CC)CC)ccc3n2CCC(C)C)cc1,Ki,'>',5000.0,nM,1
CHEMBL519592,CCOc1ccc(Cc2nc3cc(C(=O)N(CC)CC)ccc3n2C[C@@H]2CCCN2C)cc1,Ki,'>',5000.0,nM,1
CHEMBL3613109,Cc1ccc(Cn2cc(C(=O)N3CCN(c4ccccc4Cl)CC3)cc2-c2ccc(Cl)c(C)c2)cc1,Ki,'>',5000.0,nM,1
CHEMBL452803,CCN(CC)C(=O)c1ccc2c(c1)nc(Cc1ccc(OC3CCCC3)cc1)n2CCC(C)C,Ki,'>',5000.0,nM,1
CHEMBL2019089,CCCCn1c(CCC)c(Br)cc(C(=O)NC2(C(=O)O)CCCCC2)c1=O,Ki,'>',5000.0,nM,1
CHEMBL454096,CCNC(=O)c1ccc2c(c1)nc(Cc1ccc(OCC)cc1)n2CC1CC1,Ki,'>',5000.0,nM,1
CHEMBL603321,O=S(=O)(c1ccccc1F)c1cc(Cl)ccc1S(=O)(=O)N1CCC(CNS(=O)(=O)C(F)(F)F)CC1,Ki,'>',5000.0,nM,1
CHEMBL486440,CCOc1ccc(Cc2nc3cc(C(=O)N(CC)CC)ccc3n2C[C@@H]2CCCCN2)cc1,Ki,'>',5000.0,nM,1
CHEMBL517283,CCOc1ccc(Cc2nc3cc(N(C)C(=O)CC(C)C)ccc3n2CC2CC2)cc1,Ki,'>',5000.0,nM,1
CHEMBL461921,CCOc1ccc(Cc2nc3cc(N(C)C(C)=O)ccc3n2CC2CC2)cc1,Ki,'>',5000.0,nM,1
CHEMBL452039,CCN(CC)C(=O)c1ccc2c(c1)nc(Cc1ccc(OCC(F)(F)F)cc1)n2CCC(C)C,Ki,'>',5000.0,nM,1
CHEMBL472121,CCOc1ccc(Cc2nc3cc(C(=O)N(CC)CC)ccc3n2Cc2ccco2)cc1,Ki,'>',5000.0,nM,1
CHEMBL453844,CCOc1ccc(Cc2nc3cc(C(=O)N4CCCCC4)ccc3n2CC2CC2)cc1,Ki,'>',5000.0,nM,1
CHEMBL462533,CCOc1ccc(Cc2nc3cc(N(C)C(=O)NC(C)C)ccc3n2CC2CC2)cc1,Ki,'>',5000.0,nM,1
CHEMBL461920,CCOc1ccc(Cc2nc3cc(C(=O)N(CC)CC)ccc3n2CC2CC2)cn1,Ki,'>',5000.0,nM,1
CHEMBL453842,CCOc1ccc(Cc2nc3cc(C(=O)N(C)C4CCCCC4)ccc3n2CC2CC2)cc1,Ki,'>',5000.0,nM,1
CHEMBL3613115,Cc1ccc(Cn2cc(CN3CCN(c4ccc(Cl)c(Cl)c4)CC3)cc2-c2ccc(Cl)c(C)c2)cc1,Ki,'>',5000.0,nM,1
CHEMBL462330,CCOc1ccc(Cc2nc3cc(N(C)C(=O)N(CC)CC)ccc3n2CC2CC2)cc1,Ki,'>',5000.0,nM,1
CHEMBL462329,CCOc1ccc(Cc2nc3cc(N(C)C(=O)N(C)C)ccc3n2CC2CC2)cc1,Ki,'>',5000.0,nM,1
CHEMBL417675,CCCCCCCCCCCCCCCC(=O)NCCO,Ki,'>',5000.0,nM,1
CHEMBL471980,CCOc1ccc(Cc2nc3cc(C(=O)N(CC)CC)ccc3n2CCC(C)C)cc1,Ki,'>',5000.0,nM,1
CHEMBL512886,CCOc1ccc(Cc2nc3cc(C(=O)N(CC)CC)ccc3n2C[C@H]2CCCO2)cc1,Ki,'>',5000.0,nM,1
CHEMBL2019084,O=C(NC1(C(=O)O)CCCCC1)c1cc2c(n(CC3CCCO3)c1=O)CCCCCC2,Ki,'>',5000.0,nM,1
CHEMBL2019092,COCCn1c2c(cc(C(=O)NC3(C(=O)O)CCCCC3)c1=O)CCCCCC2,Ki,'>',5000.0,nM,1
CHEMBL483670,CCCCCCC(C)(C)c1cc(O)cc(OCCCCCCCCCCCC(=O)NCC2CC2)c1,Ki,'=',5011.87,nM,1
CHEMBL4159299,O=C1NC(=O)/C(=C/c2cccc(OCc3ccc(Cl)cc3)c2)S1,Ki,'=',5040.0,nM,1
CHEMBL4451471,CCCCCCC(C)(C)c1cc(OC)c2c(c1)OC(C)(C)c1cnn(CC)c1-2,Ki,'=',5040.0,nM,1
CHEMBL3906589,COc1cc(Nc2ccc(S(=O)(=O)NCc3ccco3)c(C(F)(F)F)c2)cc(OC)c1,Ki,'=',5045.0,nM,1
CHEMBL524058,CCCCCCC(C)(C)c1cc(OC)c([C@@]2(O)CCC[C@@H](C)C2)c(OC)c1,Ki,'=',5055.0,nM,1
CHEMBL1822926,CCCCCCC(C)(C)c1cc(OC)c(C2CCCC(C)(O)C2)c(OC)c1,Ki,'=',5055.0,nM,1
CHEMBL3234037,CCCCCCC(C)(C)c1cc(OC)c([C@]2(O)CCC[C@@H](C)C2)c(OC)c1,Ki,'=',5055.0,nM,1
CHEMBL3917967,CCc1sc2ccccc2c1C(=O)c1cccc2ccccc12,Ki,'=',5100.0,nM,1
CHEMBL3907434,COc1ccc(-c2sc3ccccc3c2C(=O)c2cccc3ccccc23)cc1,Ki,'=',5100.0,nM,1
CHEMBL2316272,CCCCCn1cc(C(=O)NC2CCCCC2)c(=O)c2cnn(C)c21,Ki,'=',5150.0,nM,1
CHEMBL3775267,CCCCCn1cc(C(=O)NC23CC4CC(CC(C4)C2)C3)c(=O)n2nc(-c3ccc(Cl)cc3)nc12,Ki,'=',5216.0,nM,1
CHEMBL467680,C[C@H]1CC[C@H](NC(=O)c2cc3cccnc3n(Cc3ccccc3)c2=O)CC1,Ki,'=',5255.0,nM,1
CHEMBL199870,CCCCCCCC/C=C\CCCCCCCCCCCC(=O)NCCc1cc(OC)cc(OC)c1,Ki,'=',5400.0,nM,1
CHEMBL598252,Cc1nc(C(=O)NC2C3CC4CC(C3)C2C4)c(C)n1-c1ccccc1,Ki,'=',5444.0,nM,1
CHEMBL1668515,Cc1nc(C(=O)NC23CC4CC(CC2C4)C3)c(C)n1-c1ccccc1,Ki,'=',5444.0,nM,1
CHEMBL190411,CCCCN1C(=O)NC(c2ccc(Br)cc2)(c2ccc(Br)cc2)C1=O,Ki,'=',5495.0,nM,1
CHEMBL375290,CCCCCCc1ccc(O)cc1OCCCCCCCCCCCCCCCC(=O)NC1CC1,Ki,'=',5500.0,nM,1
CHEMBL2087112,CCCCCn1cc(CC(=O)NC23CC4CC(CC(C4)C2)C3)c2cc(Br)ccc21,Ki,'=',5510.0,nM,1
CHEMBL3942034,COc1cc(Nc2ccc(S(=O)(=O)NCC3CC3)c(OC(F)(F)F)c2)cc(OC)c1,Ki,'=',5564.0,nM,1
CHEMBL307887,COc1ccc2c(c1)c(CC(=O)N1CCOCC1)c(C)n2C(=O)c1ccc(F)cc1Cl,Ki,'=',5570.0,nM,1
CHEMBL1923757,CCCCCc1cc(O)cc(OCCCCCCCCCCC(=O)OC(CO)CO)c1,Ki,'=',5600.0,nM,1
CHEMBL1923756,CCCCCc1cc(O)cc(OCCCCCCCC(=O)OC(CO)CO)c1,Ki,'=',5600.0,nM,1
CHEMBL294199,COc1cc(CNC(=O)CCCC/C=C/C(C)C)ccc1O,Ki,'>',5600.0,nM,1
CHEMBL250967,O=c1c2cn(CCN3CCOCC3)c3ccccc3c-2nn1C1CCCCC1,Ki,'>',5600.0,nM,1
CHEMBL513298,CCCCn1c(=O)c(C(=O)NC2CCCCC2)cc2cccnc21,Ki,'=',5600.0,nM,1
CHEMBL250965,Nc1ccc2c(=O)cc(C(=O)NC3CCCCC3)n(Cc3ccccc3)c2n1,Ki,'=',5600.0,nM,1
CHEMBL576706,CC1(C)C(C(=O)c2cn(CCCCO)c3ccccc23)C1(C)C,Ki,'>',5600.0,nM,1
CHEMBL400268,CN(C)c1ccc2c(=O)c(C(=O)NC3CCCCC3)cn(CCN3CCOCC3)c2n1,Ki,'>',5600.0,nM,1
CHEMBL3586111,CCCCCc1cc(O)c2c(c1)OC(C)(C)[C@@H]1CC[C@](C)(O)[C@@H](O)[C@@H]21,Ki,'=',5668.0,nM,1
CHEMBL4458732,Cc1ccc(-c2cc3ncccc3c3cc(C(=O)NC45CC6CC(CC(C6)C4)C5)nn23)cc1,Ki,'=',5700.0,nM,1
CHEMBL309553,CCCCCOc1cc(/C=C/C(=O)N[C@@H](Cc2ccc(O)cc2)C(=O)OC)ccc1OC,Ki,'=',5700.0,nM,1
CHEMBL457232,CCCCCCCCCCC[C@@H](C[C@@H]1OC(=O)[C@H]1CCCCCC)OC(=O)[C@@H](NC=O)C(C)C,Ki,'=',5700.0,nM,1
CHEMBL3914550,O=C(c1cccc2ccccc12)n1c(C2CCC2)nc2ccccc21,Ki,'=',5800.0,nM,1
CHEMBL3969620,O=S(=O)(NCC1CCOCC1)c1ccc(Nc2ccc(Cl)cc2Cl)cc1C(F)(F)F,Ki,'=',5841.0,nM,1
CHEMBL3775107,CCCCCn1cc(C(=O)NC2CCCCC2)c(=O)n2nc(-c3ccc(OC)cc3)nc12,Ki,'=',5849.0,nM,1
CHEMBL3920181,CCCCc1nc2ccccc2n1C(=O)c1cccc2ccccc12,Ki,'=',5900.0,nM,1
CHEMBL3893062,Cc1cc(C(=O)NCCc2ccccc2)c(C)n1-c1ccccc1,Ki,'=',5926.7,nM,1
CHEMBL3907018,COc1cc(Nc2ccc(S(=O)(=O)N3CCc4ccccc43)c(C(F)(F)F)c2)cc(OC)c1,Ki,'=',6000.0,nM,1
CHEMBL4470017,CCCCCCCCCCCC(C[C@@H]1OC(=O)[C@H]1CCCCCC)OC(=O)[C@@H](NC=O)C(C)CC,Ki,'=',6000.0,nM,1
CHEMBL1807842,Cc1c(CCN2CCOCC2)c2cc(O[11CH3])ccc2n1C(=O)c1cccc(Cl)c1Cl,Ki,'=',6000.0,nM,1
CHEMBL3940055,COCCN(CCOC)S(=O)(=O)c1ccc(Nc2cc(OC)cc(OC)c2)cc1C(F)(F)F,Ki,'=',6000.0,nM,1
CHEMBL3920211,CC(C)(NS(=O)(=O)c1ccc(NC2CCCCC2)cc1C(F)(F)F)C1CC1,Ki,'=',6000.0,nM,1
CHEMBL521157,CCCCCCCCCCC[C@@H](C[C@@H]1OC(=O)[C@H]1CCCCCC)OC(=O)[C@@H](NC=O)C(C)CC,Ki,'=',6000.0,nM,1
CHEMBL3799151,CCCCc1cc(-c2ccc(F)cc2)cc(C(=O)NC2CCCCCC2)c1OC,Ki,'=',6111.0,nM,1
CHEMBL2347040,CCCCCc1cc(-c2ccccc2)n(-c2ccccc2)n1,Ki,'=',6157.0,nM,1
CHEMBL250607,CCS(=O)(=O)n1c2c(c3cc(C(=O)N4CCC(C)CC4)ccc31)CN(C1CCCCO1)C2,Ki,'=',6183.0,nM,1
CHEMBL463546,C/C=C\C=C/CC/C=C/C=C/C(=O)NCC(C)C,Ki,'=',6210.0,nM,1
CHEMBL381136,O=C1C(c2ccccc2)N(c2ccccc2)C(=O)N1c1ccccc1,Ki,'=',6296.0,nM,1
CHEMBL576855,Cc1ccc(NC(=O)C(C)(C(F)(F)F)C(F)(F)F)cc1CN1CCOCC1,Ki,'=',6300.0,nM,1
CHEMBL201667,O=C1C(c2ccc(Br)cc2)N(c2ccccc2)C(=S)N1c1ccccc1,Ki,'=',6309.0,nM,1
CHEMBL3774721,CCCCCn1cc(C(=O)NC2CCCCCC2)c(=O)n2nc(-c3ccc(C)cc3)nc12,Ki,'=',6352.0,nM,1
CHEMBL2177262,CCCCCc1cc(O)c2cc(Cc3cccc(Cl)c3)c(=O)oc2c1,Ki,'=',6390.0,nM,1
CHEMBL199906,CCCCCCCC/C=C\CCCCCCCCCCCC(=O)Nc1ccc(N2CCOCC2)cc1,Ki,'=',6400.0,nM,1
CHEMBL4529850,CCCCCCC(C)(C)c1cc(O)c2c(c1)OC(C)(C)c1cnn(-c3cccc(OC)c3)c1-2,Ki,'=',6440.0,nM,1
CHEMBL203044,COc1ccc(N2C(=O)C(c3ccccc3)N(c3ccc(OC)cc3)C2=O)cc1,Ki,'=',6456.0,nM,1
CHEMBL4483043,CCCCCCC(C)(C)c1cc(OCCO)c2c(c1)OC(C)(C)c1cn(CC)nc1-2,Ki,'=',6512.0,nM,1
CHEMBL2326287,CCN(CC)c1ccc(CN(c2ccc(Cl)cc2)S(=O)(=O)c2ccc(Cl)cc2)cc1,Ki,'=',6617.0,nM,1
CHEMBL383636,O=C1C(c2ccc(Cl)cc2)N(c2ccccc2)C(=O)N1c1ccccc1,Ki,'=',6661.0,nM,1
CHEMBL421685,Cc1c(CN2CCOCC2)c2ccccc2n1-c1cccc2ccccc12,Ki,'=',6680.0,nM,1
CHEMBL595452,O=S(=O)(N[C@H]1CC[C@@H](NS(=O)(=O)C(F)(F)F)CC1)c1ccc(Cl)cc1S(=O)(=O)c1ccccc1F,Ki,'=',6900.0,nM,1
CHEMBL466429,O=C(NCCc1ccc(F)cc1)c1cc2cccnc2n(Cc2ccccc2)c1=O,Ki,'=',6947.0,nM,1
CHEMBL3581223,CC(C)(C)c1cc(-c2csc(C3(N)CCOCC3)n2)cc(C(C)(C)C)c1O,Ki,'=',6957.0,nM,1
CHEMBL474506,Cc1ccc(-c2cc(C(C)(C)C)[nH]n2)cc1S(=O)(=O)N1CCOCC1,Ki,'=',6990.0,nM,1
CHEMBL3109759,O=C(N[C@@H]1CCCC[C@H]1O)c1cc(-c2ccc(Cl)cc2)c(OCC2CC2)cn1,Ki,'>',7000.0,nM,1
CHEMBL4453164,Cc1ccc(-c2cc3ncccc3c3cc(C(=O)N[C@H]4CC5CCC4(C)C5(C)C)nn23)cc1,Ki,'=',7000.0,nM,1
CHEMBL199914,COc1ccc(N2C(=O)C(c3ccccc3)N(c3ccc(OC)cc3)C2=S)cc1,Ki,'=',7033.0,nM,1
CHEMBL375286,O=C(Nc1ccccc1)NC(c1ccc(Cl)cc1)c1ccc(Cl)cc1,Ki,'=',7050.0,nM,1
CHEMBL1257246,CC(C)=CCC[C@]1(C)[C@@H](O)CC[C@@]2(C)[C@H]1CC[C@H]1Cc3c([nH]c4ccccc34)[C@@]12C,Ki,'=',7050.0,nM,1
CHEMBL2205591,O=C(Nc1sc2c(c1C(=O)N1CC(F)(F)C1)CCOC2)c1ccccc1C(F)(F)F,Ki,'=',7190.0,nM,1
CHEMBL249786,CCS(=O)(=O)n1c2c(c3cc(C(=O)N(C)C(C)C)ccc31)CN(C1CCCC1)C2,Ki,'=',7222.0,nM,1
CHEMBL2326309,CCN(CC)c1ccc(CN([C@]23C[C@H]4C[C@H](C[C@H](C4)C2)C3)S(=O)(=O)c2ccc(OC)cc2)cc1,Ki,'=',7300.0,nM,1
CHEMBL3234707,CN(C)CCNc1cnn(C2CC(C)(C)CC(C)(C)C2)c(=O)c1Br,Ki,'=',7410.0,nM,1
CHEMBL555869,CC(C)(C)c1ccc(C(=O)N2C(C(=O)NCc3ccccn3)CSC2c2cccc(F)c2)cc1,Ki,'=',7490.0,nM,1
CHEMBL1928336,CCCCC/C=C\C/C=C\C/C=C\C/C=C\CCCC(=O)N(C)c1c(C)n(C)n(-c2ccccc2)c1=O,Ki,'=',7800.0,nM,1
CHEMBL2387538,COc1c(C)c(C)c2oc(=O)c(Cc3ccccc3C)cc2c1C,Ki,'=',7860.0,nM,1
CHEMBL399248,CC1CCN(C(=O)c2ccc3[nH]c4c(c3c2)CN(C2CCCC2)C4)CC1,Ki,'>',8000.0,nM,1
CHEMBL249383,CCS(=O)(=O)n1c2c(c3cc(C(=O)N4CCOCC4)ccc31)CN(C1CCCC1)C2,Ki,'>',8000.0,nM,1
CHEMBL3109753,NC(=O)c1ccc(-c2cc(C(=O)N[C@@H]3CCCC[C@H]3O)cnc2OCC2CC2)cc1,Ki,'>',8000.0,nM,1
CHEMBL383249,O=C1C(c2ccccc2)N(c2ccccc2)C(=S)N1c1ccccc1,Ki,'>',8000.0,nM,1
CHEMBL2326311,CCN(CC)c1ccc(CN([C@]23C[C@H]4C[C@H](C[C@H](C4)C2)C3)S(=O)(=O)c2cccc(C)c2)cc1,Ki,'=',8224.0,nM,1
CHEMBL521467,CCCCCCCCCCC[C@@H](C[C@@H]1OC(=O)[C@H]1CCCCCC)OC(=O)[C@@H](NC(C)=O)C(C)C,Ki,'=',8400.0,nM,1
CHEMBL247712,Cc1ccc(-c2ncc(C(=O)NCCO)nc2-c2ccc(C)cc2)cc1,Ki,'=',8430.0,nM,1
CHEMBL3086345,CCCCCCC(C)(C)C1=CC(=O)C2=C(OC(C)(C)c3cn(CC)nc32)C1=O,Ki,'=',8520.0,nM,1
CHEMBL4452635,C1=C(CCN2CCOCC2)c2ccccc2/C1=C/c1cccs1,Ki,'=',8528.0,nM,1
CHEMBL484215,CCCCCCCCCCC[C@@H](C[C@@H]1OC(=O)[C@H]1CCCCCC)OC(=O)[C@@H](NC(C)=O)C(C)CC,Ki,'=',8600.0,nM,1
CHEMBL3314941,CCC/C=C\C#C/C=C\C=C\CC/C=C/C=C/C(=O)NCC(C)C,Ki,'=',8600.0,nM,1
CHEMBL2413162,CC/C=C\C/C=C\C/C=C\CCCCCCCC(=O)NCc1cccc(OC)c1,Ki,'=',8670.0,nM,1
CHEMBL2413161,CC/C=C\C/C=C\C/C=C\CCCCCCCC(=O)NCc1ccccc1,Ki,'=',8880.0,nM,1
CHEMBL568682,Cc1ccc(C(=O)NC2C(C)(C)[C@@H]3CC[C@@]2(C)C3)cc1N1CCOCC1,Ki,'=',9000.0,nM,1
CHEMBL3605035,Cc1ccc(C(=O)c2cc(O)c(-c3cc(Cl)cc(Cl)c3)c(O)c2)cc1,Ki,'=',9429.0,nM,1
CHEMBL4759054,Cc1cccc(-c2c(O)cc(C(=O)c3cccs3)cc2O)c1,Ki,'=',9526.0,nM,1
CHEMBL15150,CCCCC/C=C\C/C=C\C/C=C\C/C=C\CCCC(N)=O,Ki,'=',9600.0,nM,1
CHEMBL2347048,Cc1c(C(=O)NN2CCCCC2)nn(-c2ccccc2)c1-c1ccccc1,Ki,'=',9690.0,nM,1
CHEMBL2177258,CCCCCc1cc(O)c2cc(Cc3ccccc3O)c(=O)oc2c1,Ki,'=',9820.0,nM,1
CHEMBL595451,O=S(=O)(c1ccccc1F)c1cc(Cl)ccc1S(=O)(=O)N1CCC(NS(=O)(=O)C(F)(F)F)C1,Ki,'=',9900.0,nM,1
CHEMBL3605046,O=C(c1ccc(O)cc1)c1cc(O)c(-c2cc(Cl)cc(Cl)c2)c(O)c1,Ki,'>',10000.0,nM,1
CHEMBL3605036,Cc1cccc(C(=O)c2cc(O)c(-c3cc(Cl)cc(Cl)c3)c(O)c2)c1,Ki,'>',10000.0,nM,1
CHEMBL4560895,Clc1ccc2c(c1)nc(Cn1nc3ccccc3n1)n2CC[C@@H]1CCCN2CCCC[C@H]12,Ki,'>',10000.0,nM,1
CHEMBL271837,CC1(C)C(C(=O)c2cn(CCN3CCOCC3)c3cc(O)ccc23)C1(C)C,Ki,'<',10000.0,nM,1
CHEMBL410313,CC1(C)C(C(=O)c2cn(CC3CCOCC3)c3ccc(CO)cc23)C1(C)C,Ki,'<',10000.0,nM,1
CHEMBL2316275,CCCCCn1cc(C(=O)NC2CCCCC2)c(=O)c2c(-c3ccccc3)nn(C)c21,Ki,'>',10000.0,nM,1
CHEMBL495528,CC1(Cc2ccccc2)COc2cc(C(=O)N3CCCCC3)ccc21,Ki,'>',10000.0,nM,1
CHEMBL4471569,COC(=O)c1c(C)noc1NC(=O)C12CC3CC(CC(C3)C1)C2,Ki,'>',10000.0,nM,1
CHEMBL4740330,Cc1c(Br)cc(C(=O)NC2CCNCC2)c(=O)n1Cc1ccc(F)cc1,Ki,'>',10000.0,nM,1
CHEMBL3329479,CCc1cc2c(cc1O)OC1=C(CC[C@@H](C)C1)C2(C)C,Ki,'>',10000.0,nM,1
CHEMBL199824,Cn1c(=O)cnn(CCCCN2CCN(c3cccc4ccc(O[11CH3])cc34)CC2)c1=O,Ki,'>',10000.0,nM,1
CHEMBL4776518,O=C(c1cc(O)c(-c2cc(Cl)ccc2Cl)c(O)c1)c1cccs1,Ki,'>',10000.0,nM,1
CHEMBL4473769,CCCCNC(=O)c1sc(-c2ccccc2)nc1C,Ki,'>',10000.0,nM,1
CHEMBL1288208,O=C(/C=C/c1ccc2ccccc2c1)CCCC(=O)NCCO,Ki,'>',10000.0,nM,1
CHEMBL3353434,CC1CCC(NC(=O)c2cc3cccnc3n(CCCC(=O)O)c2=O)CC1,Ki,'>',10000.0,nM,1
CHEMBL2349633,CCc1c(C)sc(NC(=O)c2ccc(Cl)cc2)c1C(=O)OC,Ki,'>',10000.0,nM,1
CHEMBL4437727,COC(=O)c1c(NC(=O)C23CC4CC(CC(C4)C2)C3)sc2c1CCSC2,Ki,'>',10000.0,nM,1
CHEMBL1215964,CCCCCn1cc(C(=O)NC23CC4CC(CC(C4)C2)C3)c(=O)c2cc(C3CCCCC3)ccc21,Ki,'>',10000.0,nM,1
CHEMBL4456654,Cc1nc(C)c(C(=O)NCc2ccccc2)s1,Ki,'>',10000.0,nM,1
CHEMBL3329947,Cc1c(O)ccc2c1OC(C)(C)C1=C2C[C@H](C)CC1,Ki,'>',10000.0,nM,1
CHEMBL2347050,CCCCCCCCCCCCCCCCNC(=O)c1nc(-c2ccc(Cl)cc2)n(-c2ccc(Cl)cc2)n1,Ki,'>',10000.0,nM,1
CHEMBL2347047,CCCCCCCCCCCCCCCCNC(=O)c1nn(-c2ccccc2)c(-c2ccccc2)c1C,Ki,'>',10000.0,nM,1
CHEMBL2087088,C=CCn1cc(CC(=O)NC2CCCCCC2)c2cc(-c3ccco3)ccc21,Ki,'>',10000.0,nM,1
CHEMBL3120632,COC(C)(C)/C=C/C[C@]1(C)[C@@H](O)CC[C@@]2(C)[C@H]1CC[C@H]1Cc3c([nH]c4ccccc34)[C@@]12C,Ki,'>',10000.0,nM,1
CHEMBL4211647,Cc1ccc(-c2cc(S(=O)(=O)NCC3CCC4CC3C4(C)C)nnc2-c2ccc(C)cc2)cc1,Ki,'>',10000.0,nM,1
CHEMBL1288120,O=C(/C=C/c1ccc2ccccc2c1)CCC(=O)NCCO,Ki,'>',10000.0,nM,1
CHEMBL3353451,COc1ccc(-c2cnc3c(c2)cc(C(=O)NC2CCC(C)CC2)c(=O)n3CCN2CCOCC2)cc1,Ki,'>',10000.0,nM,1
CHEMBL3910349,CCOC(=O)c1c(NC(=O)CCc2ccccc2)sc2c1CCCC2,Ki,'>',10000.0,nM,1
CHEMBL2010909,CCCNC(=O)c1c(NC(=O)c2c(F)cccc2C(F)(F)F)sc2c1CCOC2,Ki,'>',10000.0,nM,1
CHEMBL4277272,COc1ccc(C(=O)c2cn(CCN3CCOCC3)c3ccc(OCCCCCCC(=O)NCCOCCOCCNC(=O)CCCCCNC(=O)COc4ccc(/C=C/C5=[N+]6C(=Cc7ccc(-c8cccs8)n7[B-]6(F)F)C=C5)cc4)cc23)cc1,Ki,'>',10000.0,nM,1
CHEMBL4282977,COc1ccc(C(=O)c2cn(CC3CCOCC3)c3c(OCCCCC(=O)NCCOCCOCCNC(C)=O)cccc23)cc1,Ki,'>',10000.0,nM,1
CHEMBL3526290,O=C(O)CCCCn1cc(C(=O)c2cccc3ccccc23)c2ccccc21,Ki,'>',10000.0,nM,1
CHEMBL4277575,COc1ccc(C(=O)c2cn(CCN3CCOCC3)c3ccc(O)cc23)cc1,Ki,'>',10000.0,nM,1
CHEMBL2160218,CN(CCCCCCCOc1ccc(-c2oc3ccccc3c2C(=O)c2ccc3ccccc3c2)cc1)Cc1ccccc1,Ki,'>',10000.0,nM,1
CHEMBL584321,CN1CCCC1CCn1cc(C(=O)C2C(C)(C)C2(C)C)c2ccccc21,Ki,'>',10000.0,nM,1
CHEMBL570875,CC1(C)C(C(=O)c2cn(CCCN3CCOCC3)c3ccccc23)C1(C)C,Ki,'>',10000.0,nM,1
CHEMBL4459664,Cc1nc(-c2ccccc2)sc1C(=O)NCc1ccc(F)cc1,Ki,'>',10000.0,nM,1
CHEMBL3329943,C[C@@H]1CCC2=C(C1)c1ccc(O)cc1OC2(C)C,Ki,'>',10000.0,nM,1
CHEMBL1215917,CCCCCn1cc(C(=O)NC23CC4CC(CC(C4)C2)C3)c(=O)c2cc(-c3ccc(Cl)cc3)ccc21,Ki,'>',10000.0,nM,1
CHEMBL1215963,CCCCCn1cc(C(=O)NC23CC4CC(CC(C4)C2)C3)c(=O)c2cc(-n3ccnc3)ccc21,Ki,'>',10000.0,nM,1
CHEMBL522550,CCCn1c(C)c(C(=O)c2cccc3cc(OC)ccc23)c2ccccc21,Ki,'>',10000.0,nM,1
CHEMBL4292807,O=C(c1cn(CCN2CCOCC2)c2ccc(O)cc12)C1CCCCC1,Ki,'>',10000.0,nM,1
CHEMBL1288150,CCOC(=O)CNC(=O)CCC(=O)/C=C/c1ccc2ccccc2c1,Ki,'>',10000.0,nM,1
CHEMBL2152799,Cn1cc(C(=O)N[C@@H]2C(C)(C)C3CC[C@]2(C)C3)c(=O)c2ccc(F)cc21,Ki,'>',10000.0,nM,1
CHEMBL4753784,COc1ccc(-c2cc(C(=O)NC3CCCCCC3)c(OCc3ccc(F)cc3)nc2C)cc1,Ki,'>',10000.0,nM,1
CHEMBL4471470,COC(=O)c1c(NC(=O)C23CC4CC(CC(C4)C2)C3)sc2c1CCCC2,Ki,'>',10000.0,nM,1
CHEMBL4741108,O=C(c1cc(O)c(-c2cccc(CO)c2)c(O)c1)c1cccs1,Ki,'>',10000.0,nM,1
CHEMBL4527367,CCN(CC)CCCn1c(Cc2ccc(OC)cc2)nc2cc(C(F)(F)F)ccc21,Ki,'>',10000.0,nM,1
CHEMBL411673,CC1(C)C(C(=O)c2cn(CCN3CCOCC3)c3ccc(O)cc23)C1(C)C,Ki,'>',10000.0,nM,1
CHEMBL272658,CC1(C)C(C(=O)c2cn(CC3CCOCC3)c3ccc(OCCCCBr)cc23)C1(C)C,Ki,'<',10000.0,nM,1
CHEMBL4166952,O=C1NC(SCc2ccccc2)=N/C1=C\c1cccc(OCc2ccc(Cl)cc2)c1,Ki,'>',10000.0,nM,1
CHEMBL2010907,CCCNC(=O)c1c(NC(=O)C23CC4CC(CC(C4)C2)C3)sc2c1CCOC2,Ki,'>',10000.0,nM,1
CHEMBL4544293,O=C(Nc1nc2ccccc2s1)c1cccc(C(F)(F)F)c1,Ki,'>',10000.0,nM,1
CHEMBL4519212,O=C(Nc1nc2ccccc2s1)c1ccc(C(F)(F)F)cc1,Ki,'>',10000.0,nM,1
CHEMBL4456796,O=C(O)CCCn1cc(C(=O)c2cccc3ccccc23)c2ccccc21,Ki,'>',10000.0,nM,1
CHEMBL2331642,C=CCc1ccc(O)c(-c2cc(CC(O)CO)ccc2O)c1,Ki,'>',10000.0,nM,1
CHEMBL1923775,CCCCCc1cc(O)cc(OCCCCCCCCCCC(=O)OCC(O)CO)c1,Ki,'>',10000.0,nM,1
CHEMBL4456199,COC(=O)c1c(-c2ccccc2)csc1NC(=O)C12CC3CC(CC(C3)C1)C2,Ki,'>',10000.0,nM,1
CHEMBL4464850,CCc1c(C)sc(NC(=O)c2ccc(F)cc2)c1C(=O)OC,Ki,'>',10000.0,nM,1
CHEMBL584534,O=C(c1cn(CCN2CCOCC2)c2ccccc12)C1CCCC1,Ki,'>',10000.0,nM,1
CHEMBL228428,Cc1cc(C)cc(-c2c(O)cc(C(=O)O)cc2O)c1,Ki,'>',10000.0,nM,1
CHEMBL3596755,CCS(=O)(=O)NCCCCCSc1ccc2ccccc2c1,Ki,'>',10000.0,nM,1
CHEMBL3323686,CCCCCc1cc(O)cc(OCCCCCCCCCCC(=O)NCc2ccccc2)c1,Ki,'>',10000.0,nM,1
CHEMBL3956204,CCOC(=O)c1c(NS(=O)(=O)c2ccc3ccccc3c2)sc2c1CCCC2,Ki,'>',10000.0,nM,1
CHEMBL3774454,CCCCCn1cc(C(=O)NC23CC4CC(CC(C4)C2)C3)c(=O)n2nc(SC)nc12,Ki,'>',10000.0,nM,1
CHEMBL179840,C/C=C/c1ccc(O)c(-c2cc(/C=C/C)ccc2O)c1,Ki,'>',10000.0,nM,1
CHEMBL1836188,CCOC(=O)/C(=C/c1cn(CCN2CCCCC2)c2ccccc12)C(=O)c1ccccc1,Ki,'>',10000.0,nM,1
CHEMBL484344,CCCCCCCCCCCCCCCC(=O)N[C@@H]1C[C@@H]1O,Ki,'>',10000.0,nM,1
CHEMBL3353449,C[C@H]1CC[C@H](NC(=O)c2cc3cc(-c4ccco4)cnc3n(Cc3ccc(F)cc3)c2=O)CC1,Ki,'>',10000.0,nM,1
CHEMBL571973,CC1(C)C(C(=O)c2cn(CCC3CCNCC3)c3ccccc23)C1(C)C,Ki,'>',10000.0,nM,1
CHEMBL411888,CC1(C)C(C(=O)c2cn(CCN3CCOCC3)c3cccc([N+](=O)[O-])c23)C1(C)C,Ki,'<',10000.0,nM,1
CHEMBL2381672,CCCCCn1cc(C(=O)NC2CCCCC2)c(=O)n2nc(-c3ccco3)cc12,Ki,'>',10000.0,nM,1
CHEMBL2381799,CCCCCn1cc(C(=O)NC2CCCCCC2)c(=O)n2nc(-c3ccc(Cl)cc3Cl)cc12,Ki,'>',10000.0,nM,1
CHEMBL4740428,CC(=O)N[C@@H]1[C@@H](O)[C@H](O)[C@@H](CO)O[C@H]1NC(=O)c1cc(Br)c(C)n(Cc2ccc(F)cc2)c1=O,Ki,'>',10000.0,nM,1
CHEMBL228373,COC(=O)c1cc(O)c(-c2cc(C)cc(C)c2)c(O)c1,Ki,'>',10000.0,nM,1
CHEMBL3353426,CC1CCC(NC(=O)c2cc3cccnc3n(CCCO)c2=O)CC1,Ki,'>',10000.0,nM,1
CHEMBL3596751,CCS(=O)(=O)NCCCCCOc1ccc2ccccc2c1,Ki,'>',10000.0,nM,1
CHEMBL1765680,Cc1c(C(=O)NC2(C#N)CCOCC2)nn(-c2ccccc2I)c1-c1ccccc1,Ki,'>',10000.0,nM,1
CHEMBL583473,O=C(c1cn(CCN2CCOCC2)c2ccccc12)C12CC3CC(CC1C3)C2,Ki,'>',10000.0,nM,1
CHEMBL4291156,COc1ccc(C(=O)c2cn(CC3CCOCC3)c3c(OCCCCC(=O)O)cccc23)cc1,Ki,'>',10000.0,nM,1
CHEMBL4585014,CCCCCCN1C(=O)C2C3c4ccccc4C(c4ccccc43)C2C1=O,Ki,'>',10000.0,nM,1
CHEMBL4550200,O=C(Nc1ccc2ccccc2c1)c1nc2ccccc2s1,Ki,'>',10000.0,nM,1
CHEMBL4569234,CCCCCCCOCC12c3ccccc3C(c3ccccc31)C1C(=O)N(CCCCCCC)C(=O)C12,Ki,'>',10000.0,nM,1
CHEMBL2087113,O=C(Cc1c[nH]c2ccc(-c3ccccc3)cc12)NC12CC3CC(CC(C3)C1)C2,Ki,'>',10000.0,nM,1
CHEMBL3605050,COc1cc(C(=O)c2ccc(Cl)cc2)cc(O)c1-c1cc(Cl)cc(Cl)c1,Ki,'>',10000.0,nM,1
CHEMBL3605037,Cc1cc(C)cc(C(=O)c2cc(O)c(-c3cc(Cl)cc(Cl)c3)c(O)c2)c1,Ki,'>',10000.0,nM,1
CHEMBL2181541,CCCCCCCC(C)(C)c1cc(OC)c2cc(Cc3ccccc3OC)c(=O)oc2c1,Ki,'=',10000.0,nM,1
CHEMBL570455,CC1(C)C(C(=O)c2cn(C(=O)CC3CCOCC3)c3ccccc23)C1(C)C,Ki,'>',10000.0,nM,1
CHEMBL4593144,COC(=O)c1[nH]ccc1NC(=O)C12CC3CC(CC(C3)C1)C2,Ki,'>',10000.0,nM,1
CHEMBL3220949,O=C1N=C2SCCCN2C1(c1ccccc1)c1ccccc1,Ki,'>',10000.0,nM,1
CHEMBL3220945,O=C1N=C2SCCN2C1(c1ccccc1)c1ccccc1,Ki,'>',10000.0,nM,1
CHEMBL571097,CC1(C)C(C(=O)c2cn(CCC(N)=O)c3ccccc23)C1(C)C,Ki,'>',10000.0,nM,1
CHEMBL570679,CC1(C)C(C(=O)c2cn(CCN3C(=O)CCC3=O)c3ccccc23)C1(C)C,Ki,'>',10000.0,nM,1
CHEMBL3955801,CCOC(=O)c1cc(-c2ccccc2)sc1NS(=O)(=O)c1cccc2ccccc12,Ki,'>',10000.0,nM,1
CHEMBL3800154,COc1ccc(-c2cc(Cc3ccc(F)cc3)c(OC)c(C(=O)NC3CCCCCC3)c2)cc1,Ki,'>=',10000.0,nM,1
CHEMBL205272,CCCCCCCCCCCCCCCC(=O)ONCCO,Ki,'>',10000.0,nM,1
CHEMBL1822934,COc1ccc2cc(C(=O)NCCF)c(=O)[nH]c2c1OC,Ki,'>',10000.0,nM,1
CHEMBL3397445,COc1ccc(-c2cc(C)c(OC)c(C(=O)NC3CCCCCC3)c2)cc1,Ki,'>',10000.0,nM,1
CHEMBL571776,CC1(C)C(C(=O)c2cn(CCN3CCNCC3)c3ccccc23)C1(C)C,Ki,'>',10000.0,nM,1
CHEMBL404542,CN(C)C(=O)Cn1nnnc1Cc1ccc(-c2ccccc2)cc1,Ki,'>',10000.0,nM,1
CHEMBL4581847,CCN(CC)CCn1c(Cc2ccc(OC)cc2)nc2cc(C(F)(F)F)ccc21,Ki,'>',10000.0,nM,1
CHEMBL3898880,COc1ccc(C(=O)n2c(C3CCC3)nc3ccccc32)cc1,Ki,'>',10000.0,nM,1
CHEMBL389495,CCCCCOC(=O)c1cc(OC)c(-c2cc(C)cc(C)c2)c(OC)c1,Ki,'>',10000.0,nM,1
CHEMBL228374,COC(=O)c1cc(O)c(-c2cc(C)cc(C)c2)c(OC)c1,Ki,'>',10000.0,nM,1
CHEMBL2387743,COc1ccccc1Cc1cc2c(C)ccc(C)c2oc1=O,Ki,'>',10000.0,nM,1
CHEMBL2387535,Cc1c(O)c(C)c2cc(Cc3ccccc3)c(=O)oc2c1C,Ki,'>',10000.0,nM,1
CHEMBL2181545,CCCCC1(c2cc(OC)c3cc(Cc4ccccc4OC)c(=O)oc3c2)CCCCC1,Ki,'>=',10000.0,nM,1
CHEMBL2387537,Cc1c(O)c(C)c2cc(Cc3ccc(F)cc3)c(=O)oc2c1C,Ki,'>',10000.0,nM,1
CHEMBL2181551,COc1cccc(Cc2cc3c(OC)cc(Br)cc3oc2=O)c1,Ki,'>',10000.0,nM,1
CHEMBL1288238,O=C(/C=C/c1ccc(-c2ccccc2)cc1)CCC(=O)NCCO,Ki,'>',10000.0,nM,1
CHEMBL1288179,O=C(/C=C/c1ccc2ccccc2c1)CCC(=O)N(CCO)CCO,Ki,'>',10000.0,nM,1
CHEMBL4540286,COc1ccc(-c2oc3ccccc3c2C(=O)c2ccc(-n3cc(COc4cccc(F)c4)nn3)cc2)cc1,Ki,'>',10000.0,nM,1
CHEMBL4278061,COc1ccc(C(=O)c2cn(CCN3CCOCC3)c3ccc(OCC(=O)O)cc23)cc1,Ki,'>',10000.0,nM,1
CHEMBL4279405,COc1ccc(C(=O)c2cn(CC3CCOCC3)c3c(OCC(=O)O)cccc23)cc1,Ki,'>',10000.0,nM,1
CHEMBL1288180,C[C@H](CO)NC(=O)CCC(=O)/C=C/c1ccc2ccccc2c1,Ki,'>',10000.0,nM,1
CHEMBL4543379,COc1ccc(-c2oc3ccccc3c2C(=O)c2ccc(N(Cc3ccc(F)cc3)Cc3ccc(F)cc3)cc2)cc1,Ki,'>',10000.0,nM,1
CHEMBL3981255,CCCc1nc2ccccc2n1C(=O)c1cccc2ccccc12,Ki,'>',10000.0,nM,1
CHEMBL4583281,CCN(CC)CCn1c(-c2ccc(OC)cc2)nc2cc(C(F)(F)F)ccc21,Ki,'>',10000.0,nM,1
CHEMBL1215900,CCCCCn1cc(C(=O)NC23CC4CC(CC(C4)C2)C3)c(=O)c2cc(-c3ccc(C#N)cc3)ccc21,Ki,'>',10000.0,nM,1
CHEMBL4468889,CCOc1ccc(Cc2nc3cc(C(C)=O)ccc3n2CCN(CC)CC)cc1,Ki,'>',10000.0,nM,1
CHEMBL3895577,COc1ccc(C(=O)n2c(C(C)C)nc3ccccc32)cc1,Ki,'>',10000.0,nM,1
CHEMBL2316278,CCCCCn1cc(C(=O)NC2CCCCCC2)c(=O)c2c(-c3ccc(Cl)cc3)nn(C)c21,Ki,'>',10000.0,nM,1
CHEMBL1822936,CCCCOc1c(OC)ccc2cc(C(=O)NCCCF)c(=O)[nH]c12,Ki,'>',10000.0,nM,1
CHEMBL2316270,CCCCCn1cc(C(=O)NC2CCCCC2)c(=O)c2c(C(C)(C)C)nn(C)c21,Ki,'>',10000.0,nM,1
CHEMBL4173284,COc1ccc(-c2c(Br)cn(Cc3ccc(F)cc3)c(=O)c2C(=O)NC2CCCCCC2)cc1,Ki,'>',10000.0,nM,1
CHEMBL4442586,COc1ccc(-c2oc3ccccc3c2C(=O)c2ccc(N(Cc3cc(F)cc(F)c3)Cc3cc(F)cc(F)c3)cc2)cc1,Ki,'>',10000.0,nM,1
CHEMBL3409152,CCCCn1cc(C(=O)NCC2CC2)c(=O)c2cccc(OC)c21,Ki,'>',10000.0,nM,1
CHEMBL1216000,C=CCCn1cc(C(=O)NC23CC4CC(CC(C4)C2)C3)c(=O)c2cc(-c3ccco3)ccc21,Ki,'>',10000.0,nM,1
CHEMBL3409318,CCOCCn1cc(C(=O)NC23CC4CC(CC(C4)C2)C3)c(=O)c2cccc(OC)c21,Ki,'>',10000.0,nM,1
CHEMBL1288209,O=C(/C=C/c1ccc2ccccc2c1)CCCC(=O)NC1CC1,Ki,'>',10000.0,nM,1
CHEMBL4745169,CCCCCn1cc(-c2nnc(C34CC5CC(CC(C5)C3)C4)o2)c(=O)c2cc(-c3ccco3)ccc21,Ki,'>',10000.0,nM,1
CHEMBL4165882,Cc1ccc(CSC2=N/C(=C\c3cccc(OCc4ccc(Cl)cc4)c3)C(=O)N2C)cc1,Ki,'>',10000.0,nM,1
CHEMBL3605051,COc1cc(C(=O)c2ccc(C)cc2)cc(OC)c1-c1cc(Cl)cc(Cl)c1,Ki,'>',10000.0,nM,1
CHEMBL4448088,CC1(C)C2CC[C@@H](CNC(=O)c3cc4c5cccnc5cc(-c5ccc(Cl)cc5Cl)n4n3)C1C2,Ki,'>',10000.0,nM,1
CHEMBL3409151,CCCCn1cc(C(=O)NC2CCCC2)c(=O)c2cccc(OC)c21,Ki,'>',10000.0,nM,1
CHEMBL3409317,COc1cccc2c(=O)c(C(=O)NC(C)(C)C)cn(CCCF)c12,Ki,'>',10000.0,nM,1
CHEMBL3323679,CCCCCCc1ccc(O)cc1OCCCCCCCCCCC(=O)NC(CO)CO,Ki,'>',10000.0,nM,1
CHEMBL4176317,O=C1/C(=C/c2cccc(OCCCCCOc3ccc(Cl)cc3)c2)N=C2SCCCN12,Ki,'>',10000.0,nM,1
CHEMBL4586819,CCCCCCCN1C(=O)C2C3c4ccccc4C(Cl)(c4ccccc43)C2C1=O,Ki,'>',10000.0,nM,1
CHEMBL4458260,CCCCCCCNCC12c3ccccc3C(c3ccccc31)C1C(=O)N(CCCCCCC)C(=O)C12,Ki,'>',10000.0,nM,1
CHEMBL3968899,Cc1cc(C(=O)NC2CCCCC2)c(C)n1-c1ccccc1,Ki,'>',10000.0,nM,1
CHEMBL3221206,O=C1/C(=C/c2ccc(Cl)cc2)N=C2SCCCN12,Ki,'>',10000.0,nM,1
CHEMBL3221208,O=C1/C(=C/c2ccccc2Cl)N=C2SCCCN12,Ki,'>',10000.0,nM,1
CHEMBL1215891,CCCCCn1cc(C(=O)NC23CC4CC(CC(C4)C2)C3)c(=O)c2cc(-c3ccc(-c4ccccc4)cc3)ccc21,Ki,'>',10000.0,nM,1
CHEMBL3892329,CCOC(=O)c1cc(-c2ccccc2)sc1NC(=O)c1cccc2ccccc12,Ki,'>',10000.0,nM,1
CHEMBL4763456,CC(C)(O)COc1ccc(C(F)(F)F)cc1-c1nnc2c(C(C)(C)C)nn(C[C@H]3CCCO3)c2n1,Ki,'>',10000.0,nM,1
CHEMBL1288149,O=C(/C=C/c1ccc2ccccc2c1)CCC(=O)NC1CC1,Ki,'>',10000.0,nM,1
CHEMBL3323697,CCCCCCc1ccc(OCCCCCCCCCCCNC(=O)C2CC2)cc1O,Ki,'>',10000.0,nM,1
CHEMBL4448334,CCCCCCCN1C(=O)C2C3c4ccccc4C(C)(c4ccccc43)C2C1=O,Ki,'>',10000.0,nM,1
CHEMBL200396,CCCCCCCC/C=C\CCCCCCCC(=O)Nc1ccc(N2CCOCC2)cc1,Ki,'>',10000.0,nM,1
CHEMBL4160494,O=C1/C(=C/c2cccc(OCc3ccc(F)cc3)c2)N=C2SCCCN12,Ki,'>',10000.0,nM,1
CHEMBL4173561,O=C1NC(=S)S/C1=C\c1cccc(OCc2ccc(Cl)cc2)c1,Ki,'>',10000.0,nM,1
CHEMBL1288119,O=C(/C=C/c1ccc2ccccc2c1)CCC(=O)N1CCCCC1,Ki,'>',10000.0,nM,1
CHEMBL3926929,COc1ccc(C(=O)n2c(-c3ccc(OC)cc3)nc3ccccc32)cc1,Ki,'>',10000.0,nM,1
CHEMBL3932516,COc1ccc(C(=O)n2c(CC(C)C)nc3ccccc32)cc1,Ki,'>',10000.0,nM,1
CHEMBL4756251,O=C(c1ccccc1)c1cc(O)c(-c2cc(Cl)ccc2Cl)c(O)c1,Ki,'>',10000.0,nM,1
CHEMBL1385951,O=C(NCc1ccccc1)c1nc2ccccc2s1,Ki,'>',10000.0,nM,1
CHEMBL4741155,O=C(c1ccccc1)c1cc(O)c(-c2ccoc2)c(O)c1,Ki,'>',10000.0,nM,1
CHEMBL3220943,Cc1ccc(C(=O)Oc2cccc(/C=C3\N=C4SCCCCN4C3=O)c2)cc1,Ki,'>',10000.0,nM,1
CHEMBL3911245,Cc1nc2ccccc2n1C(=O)c1cccc2ccccc12,Ki,'>',10000.0,nM,1
CHEMBL4752252,CC(C)(O)COc1ccc(C(F)(F)F)cc1C(=O)Nc1cc(C(C)(C)C)nn1C[C@H]1CCCO1,Ki,'>',10000.0,nM,1
CHEMBL3221186,O=C1/C(=C/c2cccc(Oc3ccccc3)c2)N=C2SCCCN12,Ki,'>',10000.0,nM,1
CHEMBL3221189,O=C1/C(=C/c2cccc(OCc3ccccc3Cl)c2)N=C2SCCCN12,Ki,'>',10000.0,nM,1
CHEMBL199786,CCCCCCCC/C=C\CCCCCCCCCCCC(=O)NCCc1ccc(OC)cc1,Ki,'>',10000.0,nM,1
CHEMBL3323687,CCCCCc1cc(O)cc(OCCCCCCCCCCC(=O)NC23CC4CC(CC(C4)C2)C3)c1,Ki,'>',10000.0,nM,1
CHEMBL199317,C=CCCCCCCCCC(=O)NCCc1ccc(OC)cc1OC,Ki,'>',10000.0,nM,1
CHEMBL3775709,CCCCCn1cc(C(=O)NC2CCCCC2)c(=O)n2nc(N3CCN(C)CC3)nc12,Ki,'>',10000.0,nM,1
CHEMBL1814458,CCCCCn1cc(C(=O)NC23CC4CC(CC(C4)C2)C3)c(=O)c2cccc(OC)c21,Ki,'>',10000.0,nM,1
CHEMBL4641118,CCCCCCC(C)(C)c1cc(OC)cc(OCCCCCCCCCCC(=O)NC(CO)CO)c1,Ki,'>',10000.0,nM,1
CHEMBL4750323,CO[C@@H]1O[C@H](CNC(=O)c2cc(Br)c(C)n(Cc3ccc(F)cc3)c2=O)[C@H](O)[C@H](O)[C@H]1O,Ki,'>',10000.0,nM,1
CHEMBL3422793,CC1CCC(NC(=O)c2c(O)c3cccnc3n(CCCO)c2=O)CC1,Ki,'>',10000.0,nM,1
CHEMBL504005,O=C1NC(=O)C2C3c4ccccc4C(c4ccccc43)C12,Ki,'>',10000.0,nM,1
CHEMBL1215919,CCCCCn1cc(C(=O)NC23CC4CC(CC(C4)C2)C3)c(=O)c2cc(C3=CCCCC3)ccc21,Ki,'>',10000.0,nM,1
CHEMBL4549921,Cc1ccc(-c2cc3ncccc3c3cc(C(=O)NC4C5CC(C[C@@H]4C)C5(C)C)nn23)cc1,Ki,'>',10000.0,nM,1
CHEMBL4443830,CCCCCCCCN1C(=O)C2C3c4ccccc4C(c4ccccc43)C2C1=O,Ki,'>',10000.0,nM,1
CHEMBL2381791,CCCCCn1cc(C(=O)NC23CC4CC(CC(C4)C2)C3)c(=O)n2nc(-c3ccc(C)cc3)cc12,Ki,'>',10000.0,nM,1
CHEMBL2381788,CCCCCn1cc(C(=O)NC23CC4CC(CC(C4)C2)C3)c(=O)n2nc(-c3ccccc3C)cc12,Ki,'>',10000.0,nM,1
CHEMBL3935866,CCc1sc2ccccc2c1C(=O)c1ccc(OC)cc1,Ki,'>',10000.0,nM,1
CHEMBL1822931,COc1ccc2cc(C(=O)NCC(F)c3ccccc3)c(=O)[nH]c2c1OC,Ki,'>',10000.0,nM,1
CHEMBL2181549,Cc1ccc(C(C)C)c2cc(Cc3ccccc3O)c(=O)oc12,Ki,'>',10000.0,nM,1
CHEMBL4752097,O=C(c1ccccc1)c1cc(O)c(-c2ccnc(F)c2)c(O)c1,Ki,'>',10000.0,nM,1
CHEMBL1923759,CCCCCCc1ccc(OCCCCCCCCCCC(=O)OC(CO)CO)cc1O,Ki,'>',10000.0,nM,1
CHEMBL1765676,Cc1c(C(=O)NC2(C#N)CCCCC2)nn(-c2ccccc2Br)c1-c1ccccc1,Ki,'>',10000.0,nM,1
CHEMBL3605053,COc1cc(C(=O)c2ccc(Cl)cc2)cc(OC)c1-c1cc(Cl)cc(Cl)c1,Ki,'>',10000.0,nM,1
CHEMBL2010899,COCCNC(=O)c1c(NC(=O)C23CC4CC(CC2C4)C3)sc2c1CCOC2,Ki,'>',10000.0,nM,1
CHEMBL3605052,CCCCc1ccc(C(=O)c2cc(OC)c(-c3cc(Cl)cc(Cl)c3)c(OC)c2)cc1,Ki,'>',10000.0,nM,1
CHEMBL4556423,O=C(Nc1cccc2ccccc12)c1nc2ccccc2s1,Ki,'>',10000.0,nM,1
CHEMBL2206841,CCCn1c(C)c(C(=O)c2cccc3cccc(Cl)c23)c2ccccc21,Ki,'>',10000.0,nM,1
CHEMBL4159707,O=C1NC(=S)N/C1=C\c1cccc(OCc2ccc(Cl)cc2)c1,Ki,'>',10000.0,nM,1
CHEMBL2160217,CN(CCCCCCCOc1ccc(-c2oc3ccccc3c2C(=O)c2cccc3ccccc23)cc1)Cc1ccccc1,Ki,'>',10000.0,nM,1
CHEMBL2160224,CCN(CC)CCOc1ccc(C(=O)c2c(-c3ccc(OCCCCCCCN(C)Cc4ccccc4)cc3)oc3ccccc23)cc1,Ki,'>',10000.0,nM,1
CHEMBL579240,CC1(C)C(C(=O)c2cn(CCC(=O)O)c3ccccc23)C1(C)C,Ki,'>',10000.0,nM,1
CHEMBL4476184,CCCCCCCN1C(=O)C2C3c4ccccc4C(Br)(c4ccccc43)C2C1=O,Ki,'>',10000.0,nM,1
CHEMBL3596736,CCS(=O)(=O)NCCCCCOc1ccc2c(c1)OCO2,Ki,'>',10000.0,nM,1
CHEMBL1923776,CCCCCCc1ccc(OCCCCCCCCCCC(=O)OCC(O)CO)cc1O,Ki,'>',10000.0,nM,1
CHEMBL4528488,Cc1ccc(-c2cc3ncccc3c3cc(C(=O)NC4C5CC6CC(C5)CC4C6)nn23)cc1,Ki,'>',10000.0,nM,1
CHEMBL4525460,Cc1ccc(-c2cc3ncccc3c3cc(C(=O)NC[C@@H]4CCC5CC4C5(C)C)nn23)cc1,Ki,'>',10000.0,nM,1
CHEMBL2381800,CCCCCn1cc(C(=O)NC23CC4CC(CC(C4)C2)C3)c(=O)n2nc(-c3ccc(Cl)cc3Cl)cc12,Ki,'>',10000.0,nM,1
CHEMBL4177155,O=C1NC(SCCc2ccccc2)=N/C1=C\c1cccc(OCc2ccc(Cl)cc2)c1,Ki,'>',10000.0,nM,1
CHEMBL206425,CCCCCCCCCCCCCCCC(=O)N(O)CCO,Ki,'>',10000.0,nM,1
CHEMBL4167222,O=C(NC1CCCCCC1)c1c(-c2ccccc2)c(-c2ccccc2)cn(Cc2ccc(F)cc2)c1=O,Ki,'>',10000.0,nM,1
CHEMBL2381792,CCCCCn1cc(C(=O)NC2CCCCC2)c(=O)n2nc(-c3ccccc3Cl)cc12,Ki,'>',10000.0,nM,1
CHEMBL4170355,O=C1NC(SCc2ccc(Cl)cc2)=N/C1=C\c1cccc(OCc2ccc(Cl)cc2)c1,Ki,'>',10000.0,nM,1
CHEMBL3605038,O=C(c1ccc(C(F)(F)F)cc1)c1cc(O)c(-c2cc(Cl)cc(Cl)c2)c(O)c1,Ki,'>',10000.0,nM,1
CHEMBL3116297,O=[N+]([O-])c1ccc2c(c1)c(OCc1ccc3ccccc3c1)nn2Cc1ccc2ccccc2c1,Ki,'>',10000.0,nM,1
CHEMBL495546,CCCCCCC(C)(C)c1cc(OC)c(C2(O)CCOCC2)c(OC)c1,Ki,'>',10000.0,nM,1
CHEMBL3104093,CN1CCc2c(c3cccc4c3n2CCc2ccccc2-4)C1,Ki,'>',10000.0,nM,1
CHEMBL3934009,CCCCCCC(C)(C)c1cc(OC)c(C2=C[C@H]3CC[C@]2(C(=O)OC)C3(C)C)c(OC)c1,Ki,'>',10000.0,nM,1
CHEMBL3596739,CCOC(=O)CNC(=O)/C=C/C=C/c1ccc2ccccc2c1,Ki,'>',10000.0,nM,1
CHEMBL3596747,CCOC(=O)CNC(=O)CCCCCOc1ccc2ccccc2c1,Ki,'>',10000.0,nM,1
CHEMBL338479,CCOC(=O)c1c(N)sc2c1CCCC2,Ki,'>',10000.0,nM,1
CHEMBL4532907,COc1ccc(-c2oc3ccccc3c2C(=O)c2ccc(N(Cc3ccccc3)Cc3ccccc3)cc2)cc1,Ki,'>',10000.0,nM,1
CHEMBL4792566,O=C(c1ccccc1)c1cc(O)c(-c2cccc(CO)c2)c(O)c1,Ki,'>',10000.0,nM,1
CHEMBL199762,CCCCCCCC/C=C/C(=O)NCc1ccc(OC)cc1,Ki,'>',10000.0,nM,1
CHEMBL202340,C=CCCCCCCCCC(=O)NCCc1cc(OC)cc(OC)c1,Ki,'>',10000.0,nM,1
CHEMBL200069,CCCCCCCC/C=C/C(=O)NCCc1ccc(OC)cc1OC,Ki,'>',10000.0,nM,1
CHEMBL3596740,O=C(/C=C/C=C/c1ccc2c(c1)-c1ccccc1C2)NCCO,Ki,'>',10000.0,nM,1
CHEMBL3596750,CCOC(=O)CNC(=O)CCCCCOc1cccc2ccccc12,Ki,'>',10000.0,nM,1
CHEMBL3596758,NC(=O)NCCCCCOc1ccc2c(c1)OCO2,Ki,'>',10000.0,nM,1
CHEMBL3596746,O=C(CCCCCOc1ccc2ccccc2c1)NC1CC1,Ki,'>',10000.0,nM,1
CHEMBL1215941,CCCCCn1cc(C(=O)NC23CC4CC(CC(C4)C2)C3)c(=O)c2cc(-c3cccs3)ccc21,Ki,'>',10000.0,nM,1
CHEMBL499324,CCn1c2ccccc2c2cc(NC(=O)CCc3nc(-c4ccc(F)cc4C#N)no3)ccc21,Ki,'>',10000.0,nM,1
CHEMBL1814471,O=C(NC12CC3CC(CC(C3)C1)C2)c1c[nH]c2c(-c3ccccc3)cccc2c1=O,Ki,'>',10000.0,nM,1
CHEMBL4171735,COc1ccc(-c2ccn(Cc3ccc(F)cc3)c(=O)c2C(=O)NC2CCCCCC2)cc1,Ki,'>',10000.0,nM,1
CHEMBL1215942,CCCCCn1cc(C(=O)NC23CC4CC(CC(C4)C2)C3)c(=O)c2cc(-c3ccco3)ccc21,Ki,'>',10000.0,nM,1
CHEMBL3353425,CC1CCC(NC(=O)c2cc3cccnc3n(CCO)c2=O)CC1,Ki,'>',10000.0,nM,1
CHEMBL4163080,O=C1/C(=C/c2cccc(OCCCCCCOc3ccccc3Cl)c2)N=C2SCCCN12,Ki,'>',10000.0,nM,1
CHEMBL3781178,O=C(NC12CC3CC(CC(C3)C1)C2)c1nn(-c2ccc(Cl)cc2Cl)c2c1Cc1cc(C3CC3)ccc1-2,Ki,'>',10000.0,nM,1
CHEMBL570650,CN1CCC(CCn2cc(C(=O)C3C(C)(C)C3(C)C)c3ccccc32)CC1,Ki,'>',10000.0,nM,1
CHEMBL3221209,O=C1/C(=C/c2cccc(Cl)c2Cl)N=C2SCCCN12,Ki,'>',10000.0,nM,1
CHEMBL568807,CC1(C)C(C(=O)c2cn(CCN3CCCC3)c3ccccc23)C1(C)C,Ki,'>',10000.0,nM,1
CHEMBL4165369,O=C(NC1CCCCCC1)c1c(-c2ccccc2)c(Br)cn(Cc2ccc(F)cc2)c1=O,Ki,'>',10000.0,nM,1
CHEMBL340404,CCCCCCC(C)(C)c1cc(OC)c2c(c1)OC(C)(C)c1ccc(C(=O)OC(C)C)cc1-2,Ki,'>',10000.0,nM,1
CHEMBL257961,COC(=O)Cn1nnc(CNC(=O)c2ccc(-c3ccccc3)cc2)n1,Ki,'>',10000.0,nM,1
CHEMBL3114177,CC1CCC(NC(=O)c2cccn(CCCO)c2=O)CC1,Ki,'>',10000.0,nM,1
CHEMBL3353428,CC1CCC(NC(=O)c2cc3cccnc3n(CCCCCO)c2=O)CC1,Ki,'>',10000.0,nM,1
CHEMBL4170995,O=C1/C(=C/c2cccc(OCCCCCCOc3cccc(Cl)c3)c2)N=C2SCCCN12,Ki,'>',10000.0,nM,1
CHEMBL4176334,O=C1/C(=C/c2cccc(OCc3ccc(Cl)cc3)c2)N=C2SCCN12,Ki,'>',10000.0,nM,1
CHEMBL4467592,CCN(CC)CCCn1c(Cn2nc3ccccc3n2)nc2cc(C(C)=O)ccc21,Ki,'>',10000.0,nM,1
CHEMBL3774820,C=CCN(CC=C)c1nc2n(CCCCC)cc(C(=O)NC34CC5CC(CC(C5)C3)C4)c(=O)n2n1,Ki,'>',10000.0,nM,1
CHEMBL3093358,CCCCOc1c(OC)ccc2cc(C(=O)NCc3ccc([18F])cc3)c(=O)[nH]c12,Ki,'>',10000.0,nM,1
CHEMBL3221187,O=C1/C(=C/c2cccc(OCc3ccccc3)c2)N=C2SCCCN12,Ki,'>',10000.0,nM,1
CHEMBL3221192,O=C(Oc1cccc(/C=C2\N=C3SCCCN3C2=O)c1)c1ccccc1,Ki,'>',10000.0,nM,1
CHEMBL3775561,C=CCN(CC=C)c1nc2n(CCCCC)cc(C(=O)NC3CCCCC3)c(=O)n2n1,Ki,'>',10000.0,nM,1
CHEMBL3973064,CCc1c(C(=O)O)cc(C)n1-c1ccccc1,Ki,'>',10000.0,nM,1
CHEMBL3905573,CCCc1nc2ccccc2n1C(=O)c1ccc(OC)cc1,Ki,'>',10000.0,nM,1
CHEMBL3781542,CC1(C)C2CC[C@@](C)(C2)C1NC(=O)c1nn(-c2ccc(Cl)cc2Cl)c2c1Cc1cc(C3CCCCC3)ccc1-2,Ki,'>',10000.0,nM,1
CHEMBL3774887,CCCCCn1cc(C(=O)NC2CCCCC2)c(=O)n2nc(N(C)Cc3ccccc3)nc12,Ki,'>',10000.0,nM,1
CHEMBL3217791,O=C(Oc1cccc(/C=C2\N=C3SCCCN3C2=O)c1)c1ccc(Cl)cc1,Ki,'>',10000.0,nM,1
CHEMBL3774794,CCCCCn1cc(C(=O)NC23CC4CC(CC(C4)C2)C3)c(=O)n2nc(N(C)Cc3ccccc3)nc12,Ki,'>',10000.0,nM,1
CHEMBL4169940,CN1C(=N)NC(=O)/C1=C/c1cccc(OCc2ccc(Cl)cc2)c1,Ki,'>',10000.0,nM,1
CHEMBL3221195,O=C1/C(=C/c2ccc(-c3ccccc3)cc2)N=C2SCCCCN12,Ki,'>',10000.0,nM,1
CHEMBL404652,N#CCn1nnnc1Cc1ccc(-c2ccccc2)cc1,Ki,'>',10000.0,nM,1
CHEMBL583244,CC1(C)C(C(=O)c2cn(CCN3CCCC3=O)c3ccccc23)C1(C)C,Ki,'>',10000.0,nM,1
CHEMBL4159050,O=C1NC(SCc2ccc(F)cc2)=N/C1=C\c1cccc(OCc2ccc(Cl)cc2)c1,Ki,'>',10000.0,nM,1
CHEMBL3901140,CC(C)(C)c1nc2ccccc2n1C(=O)c1cccc2ccccc12,Ki,'>',10000.0,nM,1
CHEMBL3976790,CCOC(=O)c1c(NS(C)(=O)=O)sc2c1CCCC2,Ki,'>',10000.0,nM,1
CHEMBL3353431,CCOC(=O)CCCn1c(=O)c(C(=O)NC2CCC(C)CC2)cc2cccnc21,Ki,'>',10000.0,nM,1
CHEMBL3596748,O=C(CCCCCOc1cccc2ccccc12)NCCO,Ki,'>',10000.0,nM,1
CHEMBL3596756,CCNC(=O)NCCCCCSc1ccc2ccccc2c1,Ki,'>',10000.0,nM,1
CHEMBL3596738,O=C(/C=C/C=C/c1ccc2ccccc2c1)NC1CC1,Ki,'>',10000.0,nM,1
CHEMBL1215889,CCCCCn1cc(C(=O)NC23CC4CC(CC(C4)C2)C3)c(=O)c2cc(C#Cc3ccccc3)ccc21,Ki,'>',10000.0,nM,1
CHEMBL3409149,CCCCn1cc(C(=O)NC23CC4CC(CC(C4)C2)C3)c(=O)c2cccc(OC)c21,Ki,'>',10000.0,nM,1
CHEMBL4472381,COC(=O)c1cc(C)sc1NC(=O)C12CC3CC(CC(C3)C1)C2,Ki,'>',10000.0,nM,1
CHEMBL3596753,CCS(=O)(=O)NCCCCCOc1cccc2ccccc12,Ki,'>',10000.0,nM,1
CHEMBL3596752,CCNC(=O)NCCCCCOc1ccc2ccccc2c1,Ki,'>',10000.0,nM,1
CHEMBL3596745,O=C(CCCCCOc1ccc2ccccc2c1)NCCO,Ki,'>',10000.0,nM,1
CHEMBL1822933,CCCCOc1c(OC)c([N+](=O)[O-])cc2cc(C(=O)NCCc3ccc(F)cc3)c(=O)[nH]c12,Ki,'>',10000.0,nM,1
CHEMBL3353435,CC1CCC(NC(=O)c2cc3cccnc3n(CCCCC(=O)O)c2=O)CC1,Ki,'>',10000.0,nM,1
CHEMBL3353430,CCOC(=O)CCn1c(=O)c(C(=O)NC2CCC(C)CC2)cc2cccnc21,Ki,'>',10000.0,nM,1
CHEMBL4159298,O=C1/C(=C/c2cccc(OCCCCCCCOc3ccc(Cl)cc3)c2)N=C2SCCCN12,Ki,'>',10000.0,nM,1
CHEMBL4169939,O=C1/C(=C/c2cccc(OCCCCCCCCOc3ccc(Cl)cc3)c2)N=C2SCCCN12,Ki,'>',10000.0,nM,1
CHEMBL4164171,CCc1ccc(OCCCCCCOc2cccc(/C=C3\N=C4SCCCN4C3=O)c2)cc1,Ki,'>',10000.0,nM,1
CHEMBL4171382,CC(C)c1ccc(OCCCCCCOc2cccc(/C=C3\N=C4SCCCN4C3=O)c2)cc1,Ki,'>',10000.0,nM,1
CHEMBL3891003,CCCCCc1sc2ccccc2c1C(=O)c1ccc(OC)cc1,Ki,'>',10000.0,nM,1
CHEMBL4174205,CSC1=N/C(=C\c2cccc(OCc3ccc(Cl)cc3)c2)C(=O)N1C,Ki,'>',10000.0,nM,1
CHEMBL3596743,O=C(/C=C/C=C/c1ccc2c(c1)OCCO2)NC1CC1,Ki,'>',10000.0,nM,1
CHEMBL4747418,O=C(c1ccccc1)c1cc(O)c(-c2ccc3c(c2)OCCO3)c(O)c1,Ki,'>',10000.0,nM,1
CHEMBL1329864,Cc1cc(C(=O)O)c(C)n1-c1ccccc1,Ki,'>',10000.0,nM,1
CHEMBL3353427,CC1CCC(NC(=O)c2cc3cccnc3n(CCCCO)c2=O)CC1,Ki,'>',10000.0,nM,1
CHEMBL257570,CC(C)Cn1nnnc1CNC(=O)c1ccc(-c2ccccc2)cc1,Ki,'>',10000.0,nM,1
CHEMBL1923770,CCCCCCc1ccc(OCCCCCCCCCCOC(CO)CO)cc1O,Ki,'>',10000.0,nM,1
CHEMBL258162,CN(C)C(=O)Cn1nnc(CNC(=O)c2ccc(-c3ccccc3)cc2)n1,Ki,'>',10000.0,nM,1
CHEMBL576920,CC1(C)C(C(=O)c2cn(CCO)c3ccccc23)C1(C)C,Ki,'>',10000.0,nM,1
CHEMBL2163955,O=C(NC12CC3CC(CC(C3)C1)C2)c1cn2c3c(cccc3c1=O)OC(c1ccccc1)C2c1ccccc1,Ki,'>',10000.0,nM,1
CHEMBL1215994,C=CCn1cc(C(=O)NC23CC4CC(CC(C4)C2)C3)c(=O)c2cc(-c3ccco3)ccc21,Ki,'>',10000.0,nM,1
CHEMBL569993,CN(C)CCn1cc(C(=O)C2C(C)(C)C2(C)C)c2ccccc21,Ki,'>',10000.0,nM,1
CHEMBL200989,C=CCCCCCCCCC(=O)NCc1ccc(OC)cc1,Ki,'>',10000.0,nM,1
CHEMBL199849,C=CCCCCCCCCC(=O)Nc1ccc(N2CCOCC2)cc1,Ki,'>',10000.0,nM,1
CHEMBL3323676,CCCCCc1cc(O)cc(OCCCCCCCCCCC(=O)NC(CO)CO)c1,Ki,'>',10000.0,nM,1
CHEMBL1814461,CCCCCn1cc(C(=O)NC23CC4CC(CC(C4)C2)C3)c(=O)c2cc(-c3ccccc3)cc(OC)c21,Ki,'>',10000.0,nM,1
CHEMBL1814466,CCCCCn1c(=O)c(C(=O)NC23CC4CC(CC(C4)C2)C3)c(O)c2cc(Br)ccc21,Ki,'>',10000.0,nM,1
CHEMBL3323688,CCCCCCC(C)(C)c1cc(O)cc(OCCCCCCCC(=O)NC23CC4CC(CC(C4)C2)C3)c1,Ki,'>',10000.0,nM,1
CHEMBL571344,CC(C)[C@H]1CC[C@H](C(=O)c2cn(CCN3CCOCC3)c3ccccc23)CC1,Ki,'>',10000.0,nM,1
CHEMBL1215943,CCCCCn1cc(C(=O)NC23CC4CC(CC(C4)C2)C3)c(=O)c2cc(S(=O)(=O)c3ccccc3)ccc21,Ki,'>',10000.0,nM,1
CHEMBL2206845,CCCn1c(C)c(C(=O)c2cccc3cccc(Br)c23)c2ccccc21,Ki,'>',10000.0,nM,1
CHEMBL4587737,Cc1nc(-c2ccccc2)sc1C(=O)NCc1ccccc1F,Ki,'>',10000.0,nM,1
CHEMBL4461356,Cc1nc(-c2ccccc2)sc1C(=O)NCc1ccccc1Cl,Ki,'>',10000.0,nM,1
CHEMBL122268,CCCC(C)(C)c1ccc2c(c1)OC(C)(C)c1ccc(C(=O)OC)cc1-2,Ki,'>',10000.0,nM,1
CHEMBL571549,O=C(c1cn(CCN2CCOCC2)c2ccccc12)C1CC(F)(F)C1(F)F,Ki,'>',10000.0,nM,1
CHEMBL571346,O=C(c1cn(CCN2CCOCC2)c2ccccc12)C1CCC1,Ki,'>',10000.0,nM,1
CHEMBL257157,N#CCn1nnc(Cc2ccc(-c3ccccc3)cc2)n1,Ki,'>',10000.0,nM,1
CHEMBL3353429,CC1CCC(NC(=O)c2cc3cccnc3n(CCCCCCO)c2=O)CC1,Ki,'>',10000.0,nM,1
CHEMBL4761606,Cn1c(C(C)(C)C)c/c(=N\C(=O)c2cc(C(F)(F)F)ccc2OCC(C)(C)O)n1C[C@H]1CCCO1,Ki,'>',10000.0,nM,1
CHEMBL603476,Cc1c(C(=O)NC[C@H]2C[C@@H]3C[C@H](C2)C3(C)C)ncn1-c1ccccc1,Ki,'>',10000.0,nM,1
CHEMBL600683,CCc1c(C(=O)NC23CC4CC(CC(C4)C2)C3)nc(C)n1-c1ccccc1,Ki,'>',10000.0,nM,1
CHEMBL596626,Cc1nc(C(=O)NC23CC4CC(CC(C4)C2)C3)c(Cl)n1-c1ccccc1,Ki,'>',10000.0,nM,1
CHEMBL3939831,CCOC(=O)c1cc(-c2ccccc2)sc1N(S(=O)(=O)c1ccc2ccccc2c1)S(=O)(=O)c1ccc2ccccc2c1,Ki,'>',10000.0,nM,1
CHEMBL224461,CCCCCCc1ccc(OCCCCCCCCCCC(=O)NCCO)cc1O,Ki,'>',10000.0,nM,1
CHEMBL224297,CCCCCc1cc(O)cc(OCCCCCCCCCCCCCCCC(=O)Nc2ccc(O)cc2)c1,Ki,'>',10000.0,nM,1
CHEMBL2381797,CCCCCn1cc(C(=O)NC23CC4CC(CC(C4)C2)C3)c(=O)n2nc(-c3ccc(Cl)cc3)cc12,Ki,'>',10000.0,nM,1
CHEMBL2381782,CCCCCn1cc(C(=O)NC23CC4CC(CC(C4)C2)C3)c(=O)n2nc(C)c(-c3ccccc3)c12,Ki,'>',10000.0,nM,1
CHEMBL2010908,CCCNC(=O)c1c(NC(=O)C23CC4CC(CC(C4)O2)C3)sc2c1CCOC2,Ki,'>',10000.0,nM,1
CHEMBL2010901,O=C(c1c(NC(=O)C23CC4CC(CC2C4)C3)sc2c1CCOC2)N1CCOCC1,Ki,'>',10000.0,nM,1
CHEMBL321297,COc1ccc(C(=O)c2c(C)n(CC[N+]3(C)CCOCC3)c3ccccc23)cc1,Ki,'>',10000.0,nM,1
CHEMBL4070881,COc1cccc2c(=O)c(C(=O)NC34CC5CC(CC(C5)C3)C4)cn(CCOCC[18F])c12,Ki,'>',10000.0,nM,1
CHEMBL604683,O=S(=O)(N[C@H]1CC[C@H](CNS(=O)(=O)C(F)(F)F)CC1)c1ccc(Cl)cc1S(=O)(=O)c1ccccc1F,Ki,'>',10000.0,nM,1
CHEMBL1668518,CCCCCn1cc(C(=O)NC23CC4CC(CC(C4)C2)C3)c(=O)c2cccc(C)c21,Ki,'>',10000.0,nM,1
CHEMBL3323690,CCCCCCc1c(O)cccc1OCCCCCCCCCCC(=O)NC12CC3CC(CC(C3)C1)C2,Ki,'>',10000.0,nM,1
CHEMBL193076,O=C1N(CCc2ccccc2)C(=S)NC1(c1ccc(Br)cc1)c1ccc(Br)cc1,Ki,'>',10000.0,nM,1
CHEMBL3329477,Cc1cc(O)c2c(c1)OC1=C(CC[C@@H](C)C1)C2(C)C,Ki,'>',10000.0,nM,1
CHEMBL2316266,CCCCCn1cc(C(=O)Nc2ccc(F)cc2)c(=O)c2c(C)nn(C)c21,Ki,'>',10000.0,nM,1
CHEMBL2316267,CCCCCn1cc(C(=O)NCc2ccccc2)c(=O)c2c(C)nn(C)c21,Ki,'>',10000.0,nM,1
CHEMBL383813,CCCCC/C=C\C/C=C\C/C=C\C/C=C\CCCC(=O)NCCc1cc(OC)cc(OC)c1,Ki,'>',10000.0,nM,1
CHEMBL1814460,CCCCCn1cc(C(=O)NC23CC4CC(CC(C4)C2)C3)c(=O)c2cc(Br)cc(OC)c21,Ki,'>',10000.0,nM,1
CHEMBL1814465,CCCCc1[nH]c2ccc(-c3ccco3)cc2c(=O)c1C(=O)NC12CC3CC(CC(C3)C1)C2,Ki,'>',10000.0,nM,1
CHEMBL494678,CN1CCN(c2cc(-c3ccc(C#N)cc3)nc(N)n2)CC1,Ki,'>',10000.0,nM,1
CHEMBL3114348,CCCCOc1ncc(Br)cc1C(=O)NC1CCCCCC1,Ki,'>',10000.0,nM,1
CHEMBL257548,COC(=O)Cn1nnnc1CNC(=O)c1ccc(-c2ccccc2)cc1,Ki,'>',10000.0,nM,1
CHEMBL257777,CC(C)Cn1nnc(CNC(=O)c2ccc(-c3ccccc3)cc2)n1,Ki,'>',10000.0,nM,1
CHEMBL1814462,CCCCCn1cc(C(=O)NC23CC4CC(CC(C4)C2)C3)c(=O)c2cc(-c3ccco3)cc(OC)c21,Ki,'>',10000.0,nM,1
CHEMBL257569,N#CCn1nnnc1CNC(=O)c1ccc(-c2ccccc2)cc1,Ki,'>',10000.0,nM,1
CHEMBL2152831,O=C(NN1CCCCC1)c1cn(-c2ccc(Cl)cc2)c2cc(F)ccc2c1=O,Ki,'>',10000.0,nM,1
CHEMBL258164,COC(=O)Cn1nnc(Cc2ccc(-c3ccccc3)cc2)n1,Ki,'>',10000.0,nM,1
CHEMBL2381777,CCCCCn1cc(C(=O)NC23CC4CC(CC(C4)C2)C3)c(=O)n2nc(-c3ccoc3)cc12,Ki,'>',10000.0,nM,1
CHEMBL403221,CC(=O)Cn1nnnc1CNC(=O)c1ccc(-c2ccccc2)cc1,Ki,'>',10000.0,nM,1
CHEMBL271553,CC1(C)C(C(=O)c2cn(CC3CCOCC3)c3ccc(CN)cc23)C1(C)C,Ki,'>',10000.0,nM,1
CHEMBL2391541,C=CCN(CC=C)CCc1c[nH]c2ccc(OC)cc12,Ki,'>',10000.0,nM,1
CHEMBL2381798,CCCCCn1cc(C(=O)NC2CCCCC2)c(=O)n2nc(-c3ccc(Cl)cc3Cl)cc12,Ki,'>',10000.0,nM,1
CHEMBL1923758,CCCCCCc1ccc(OCCCCCCCC(=O)OC(CO)CO)cc1O,Ki,'>',10000.0,nM,1
CHEMBL4295181,COc1ccc(C(=O)c2cn(CC3CCOCC3)c3ccc(OCC(=O)O)cc23)cc1,Ki,'>',10000.0,nM,1
CHEMBL2163931,CCC1COc2cccc3c(=O)c(C(=O)NC(C)CCC(C)C)cn1c23,Ki,'>',10000.0,nM,1
CHEMBL4448698,COC(=O)c1c(NC(=O)C23CC4CC(CC(C4)C2)C3)sc2c1CCS(=O)(=O)C2,Ki,'>',10000.0,nM,1
CHEMBL1822929,COc1ccc2cc(C(=O)NCCc3ccc(F)cc3)c(=O)[nH]c2c1OC,Ki,'>',10000.0,nM,1
CHEMBL1215977,CCCCCn1cc(C(=O)NC23CC4CC(CC(C4)C2)C3)c(=O)c2cc(CCc3ccccc3)ccc21,Ki,'>',10000.0,nM,1
CHEMBL4460499,CCOc1ccc(Cc2nc3cc(/C(C)=N\N)ccc3n2CCN(CC)CC)cc1,Ki,'>',10000.0,nM,1
CHEMBL203924,CCCCCOc1c(OC)ccc2cc(C(=O)NCCc3ccc(Cl)cc3)c(=O)[nH]c12,Ki,'>',10000.0,nM,1
CHEMBL1288694,O=C(O)CCCC(=O)/C=C/c1ccc2ccccc2c1,Ki,'>',10000.0,nM,1
CHEMBL1203961,Cc1c(C(=O)C2C(C)(C)C2(C)C)c2ccccc2n1CCN1CCOCC1.Cl,Ki,'>',10000.0,nM,1
CHEMBL4203335,Cc1ccc(-c2cc(S(=O)(=O)NC3CC(C)CCC3C(C)C)nnc2-c2ccc(C)cc2)cc1,Ki,'>',10000.0,nM,1
CHEMBL123093,CCCCCCC(C)(C)c1cc(OC)c2c(c1)OC(C)(C)c1ccc(C(=O)OC)cc1-2,Ki,'>',10000.0,nM,1
CHEMBL3780680,O=C(NN1CCCC1)c1nn(-c2ccc(Cl)cc2Cl)c2c1Cc1cc(C3CCCCC3)ccc1-2,Ki,'>',10000.0,nM,1
CHEMBL476183,COc1ccc(-c2c(C(N)=O)c(C(=O)NN3CCCCC3)nn2-c2ccccc2Br)cc1,Ki,'>',10000.0,nM,1
CHEMBL3969606,CCOC(=O)c1cc(-c2ccccc2)sc1NC(=O)c1ccc2ccccc2c1,Ki,'>',10000.0,nM,1
CHEMBL1215890,CCCCCn1cc(C(=O)NC23CC4CC(CC(C4)C2)C3)c(=O)c2cc(/C=C/C(C)(C)C)ccc21,Ki,'>',10000.0,nM,1
CHEMBL1215888,C#Cc1ccc2c(c1)c(=O)c(C(=O)NC13CC4CC(CC(C4)C1)C3)cn2CCCCC,Ki,'>',10000.0,nM,1
CHEMBL597084,Cc1nc(C(=O)NC23CC4CC(CC(C4)C2)C3)c(C)n1C1CCCCC1,Ki,'>',10000.0,nM,1
CHEMBL3798374,CCCCc1cc(-c2ccc(F)cc2)cc(C(=O)N[C@H]2CC[C@H](C)CC2)c1OC,Ki,'>=',10000.0,nM,1
CHEMBL1800654,CC(C)S(=O)(=O)c1ccc2c(c1)nc(CC(C)(C)C)n2CC1CC1,Ki,'>',10000.0,nM,1
CHEMBL3935661,CCc1c(C(=O)NCCc2ccccc2)cc(C)n1-c1ccccc1,Ki,'>',10000.0,nM,1
CHEMBL4159313,COc1ccc(-c2cn(Cc3ccc(F)cc3)c(=O)c(C(=O)NC3CCCCCC3)c2-c2ccccc2)cc1,Ki,'>',10000.0,nM,1
CHEMBL1765818,COc1ccc(-c2c(C#N)c(C(=O)NC3(C#N)CCOCC3)nn2-c2ccccc2I)cc1,Ki,'>',10000.0,nM,1
CHEMBL2381787,CCCCCn1cc(C(=O)NC2CCCCC2)c(=O)n2nc(-c3ccccc3C)cc12,Ki,'>',10000.0,nM,1
CHEMBL1765821,Cc1c(C(=O)NC2(C#N)CCOCC2)nn(-c2ccccc2Br)c1-c1cccc(F)c1,Ki,'>',10000.0,nM,1
CHEMBL3775199,CCCCCn1cc(C(=O)NC2CCCCC2)c(=O)n2nc(-c3ccc(C)cc3)nc12,Ki,'>',10000.0,nM,1
CHEMBL3774762,CCCCCn1cc(C(=O)NC2CCCCC2)c(=O)n2nc(N3CCOCC3)nc12,Ki,'>',10000.0,nM,1
CHEMBL3946002,CCOC(=O)c1cc(-c2ccccc2)sc1NS(=O)(=O)c1ccccc1,Ki,'>',10000.0,nM,1
CHEMBL1991218,CCOC(=O)c1c(NS(=O)(=O)c2ccccc2)sc2c1CCCC2,Ki,'>',10000.0,nM,1
CHEMBL4172931,Cc1ccc(COc2cccc(/C=C3\N=C4SCCCN4C3=O)c2)cc1,Ki,'>',10000.0,nM,1
CHEMBL4160778,Cc1cccc(C)c1OCCCCCCOc1cccc(/C=C2\N=C3SCCCN3C2=O)c1,Ki,'>',10000.0,nM,1
CHEMBL4165036,O=C1/C(=C/c2cccc(OCCc3ccccc3)c2)N=C2SCCCN12,Ki,'>',10000.0,nM,1
CHEMBL3892181,CC(C)Cc1nc2ccccc2n1C(=O)c1cccc2ccccc12,Ki,'>',10000.0,nM,1
CHEMBL3932295,CC(C)c1nc2ccccc2n1C(=O)c1cccc2ccccc12,Ki,'>',10000.0,nM,1
CHEMBL1531383,COc1ccc(Cn2c(-c3ccc(OC)cc3)nc3ccccc32)cc1,Ki,'>',10000.0,nM,1
CHEMBL3898407,O=C(c1cccc2ccccc12)c1csc2ccccc12,Ki,'>',10000.0,nM,1
CHEMBL3943735,CCOC(=O)c1c(NC(=O)c2ccc3ccccc3c2)sc2c1CCCC2,Ki,'>',10000.0,nM,1
CHEMBL201776,C=CCCCCCCCCC(=O)Nc1ccc(OC)cc1,Ki,'>',10000.0,nM,1
CHEMBL4473103,COc1ccc(-c2oc3ccccc3c2C(=O)c2ccc(NCc3cc(F)cc(F)c3)cc2)cc1,Ki,'>',10000.0,nM,1
CHEMBL3904520,CCCCc1nc2ccccc2n1C(=O)c1ccc(OC)cc1,Ki,'>',10000.0,nM,1
CHEMBL2181697,COc1cccc(Cc2cc3c(OC)cc(CO)cc3oc2=O)c1,Ki,'>',10000.0,nM,1
CHEMBL4168457,O=C1/C(=C/c2cccc(OCCCCCCOc3ccc(Cl)cc3)c2)N=C2SCCCN12,Ki,'>',10000.0,nM,1
CHEMBL4161619,O=C1/C(=C/c2cccc(OCCOc3ccc(Cl)cc3)c2)N=C2SCCCN12,Ki,'>',10000.0,nM,1
CHEMBL2206844,CCCn1cc(C(=O)c2cccc3cccc(Br)c23)c2ccccc21,Ki,'>',10000.0,nM,1
CHEMBL3220951,O=C1N=C2SCCCCN2C1(c1ccccc1)c1ccccc1,Ki,'>',10000.0,nM,1
CHEMBL3220948,CCOC(=O)C1CN2C(=O)C(c3ccccc3)(c3ccccc3)N=C2S1,Ki,'>',10000.0,nM,1
CHEMBL4467772,Cc1ccc(-c2cc3ncccc3c3cc(C(=O)NN4CCCCC4)nn23)cc1,Ki,'>',10000.0,nM,1
CHEMBL3397446,COc1ccc(-c2cc(C)c(OC)c(C(=O)N[C@H]3CC[C@H](C)CC3)c2)cc1,Ki,'>',10000.0,nM,1
CHEMBL3221188,O=C1/C(=C/c2cccc(OCc3ccc(Cl)cc3)c2)N=C2SCCCN12,Ki,'>',10000.0,nM,1
CHEMBL3409150,CCCCn1cc(C(=O)NC(C)(C)C)c(=O)c2cccc(OC)c21,Ki,'>',10000.0,nM,1
CHEMBL4445661,Cc1nc(-c2ccccc2)sc1C(=O)NCC1CCCCC1,Ki,'>',10000.0,nM,1
CHEMBL4284521,O=C(O)COc1ccc2c(c1)c(C(=O)c1cccc3ccccc13)cn2CCN1CCOCC1,Ki,'>',10000.0,nM,1
CHEMBL3114176,CC1CCC(NC(=O)c2cccn(CCO)c2=O)CC1,Ki,'>',10000.0,nM,1
CHEMBL3353433,CC1CCC(NC(=O)c2cc3cccnc3n(CCC(=O)O)c2=O)CC1,Ki,'>',10000.0,nM,1
CHEMBL271805,COC(=O)c1ccc2c(c1)c(C(=O)C1C(C)(C)C1(C)C)cn2CC1CCOCC1,Ki,'>',10000.0,nM,1
CHEMBL246971,CCNC(=O)N[C@@H](C)c1ccc(S(=O)(=O)c2ccc(Cl)cc2S(=O)(=O)c2ccccc2F)cc1,Ki,'>',10000.0,nM,1
CHEMBL1822932,CCCCOc1c(OC)ccc2cc(C(=O)NCC(F)c3ccccc3)c(=O)[nH]c12,Ki,'>',10000.0,nM,1
CHEMBL1822930,CCCCOc1c(OC)ccc2cc(C(=O)NCCc3ccc(F)cc3)c(=O)[nH]c12,Ki,'>',10000.0,nM,1
CHEMBL1822928,CCCCOc1c(OC)ccc2cc(C(=O)NCc3ccc(F)cc3)c(=O)[nH]c12,Ki,'>',10000.0,nM,1
CHEMBL225496,CCCCCCc1ccc(OCCCCCCCCCCC(=O)NC2CC2)cc1O,Ki,'>',10000.0,nM,1
CHEMBL4161205,O=C1/C(=C/c2cccc(OCCCOc3ccc(Cl)cc3)c2)N=C2SCCCN12,Ki,'>',10000.0,nM,1
CHEMBL4171815,O=C1/C(=C/c2cccc(OCCCCOc3ccc(Cl)cc3)c2)N=C2SCCCN12,Ki,'>',10000.0,nM,1
CHEMBL122178,CCCCCCC(C)(C)c1cc(OC)c2c(c1)OC(C)(C)c1ccc(C(=O)OCc3ccc4ccccc4c3)cc1-2,Ki,'>',10000.0,nM,1
CHEMBL1822938,CCCCOc1c(OC)ccc2cc(C(=O)NCCc3cn(CCF)nn3)c(=O)[nH]c12,Ki,'>',10000.0,nM,1
CHEMBL1288239,O=C(CCC(=O)NCCO)CCc1ccc(-c2ccccc2)cc1,Ki,'>',10000.0,nM,1
CHEMBL255903,CC(C)Cn1nnnc1Cc1ccc(-c2ccccc2)cc1,Ki,'>',10000.0,nM,1
CHEMBL404541,CC(=O)Cn1nnnc1Cc1ccc(-c2ccccc2)cc1,Ki,'>',10000.0,nM,1
CHEMBL2163572,CCC1COc2c(N3CCN(C)CC3)ccc3c(=O)c(C(=O)NC45CC6CC(CC(C6)C4)C5)cn1c23.Cl,Ki,'>',10000.0,nM,1
CHEMBL4169536,O=C1/C(=C/c2cccc(OCCCc3ccccc3)c2)N=C2SCCCN12,Ki,'>',10000.0,nM,1
CHEMBL2381796,CCCCCn1cc(C(=O)NC2CCCCCC2)c(=O)n2nc(-c3ccc(Cl)cc3)cc12,Ki,'>',10000.0,nM,1
CHEMBL3775089,CCCCCn1cc(C(=O)NC23CC4CC(CC(C4)C2)C3)c(=O)n2nc(-c3cccnc3)nc12,Ki,'>',10000.0,nM,1
CHEMBL2160220,CN(CCCCCCCOc1ccc(-c2oc3ccccc3c2C(=O)c2c3ccccc3cc3ccccc23)cc1)Cc1ccccc1,Ki,'>',10000.0,nM,1
CHEMBL4163852,O=C(NC1CCCCCC1)c1c(-c2ccccc2)ccn(Cc2ccc(F)cc2)c1=O,Ki,'>',10000.0,nM,1
CHEMBL374828,COc1cc(C(=O)O)cc(O)c1-c1cc(C)cc(C)c1,Ki,'>',10000.0,nM,1
CHEMBL1822935,CCCCOc1c(OC)ccc2cc(C(=O)NCCF)c(=O)[nH]c12,Ki,'>',10000.0,nM,1
CHEMBL2381789,CCCCCn1cc(C(=O)NC2CCCCC2)c(=O)n2nc(-c3ccc(C)cc3)cc12,Ki,'>',10000.0,nM,1
CHEMBL406918,CC1(C)C(C(=O)c2cn(CCN3CCOCC3)c3ccc(OCc4ccccc4)cc23)C1(C)C,Ki,'<',10000.0,nM,1
CHEMBL403167,CC(=O)Cn1nnc(Cc2ccc(-c3ccccc3)cc2)n1,Ki,'>',10000.0,nM,1
CHEMBL254788,CN(C)C(=O)Cn1nnc(Cc2ccc(-c3ccccc3)cc2)n1,Ki,'>',10000.0,nM,1
CHEMBL3329478,C[C@@H]1CCC2=C(C1)Oc1cc(O)ccc1C2(C)C,Ki,'>',10000.0,nM,1
CHEMBL402283,N#CCn1nnc(CNC(=O)c2ccc(-c3ccccc3)cc2)n1,Ki,'>',10000.0,nM,1
CHEMBL3775054,CCCCCn1cc(C(=O)NC2CCCCCC2)c(=O)n2nc(N3CCOCC3)nc12,Ki,'>',10000.0,nM,1
CHEMBL257778,CC(=O)Cn1nnc(CNC(=O)c2ccc(-c3ccccc3)cc2)n1,Ki,'>',10000.0,nM,1
CHEMBL606377,Cc1nc(C(=O)NC23CC4CC(CC(C4)C2)C3)c(Br)n1-c1ccccc1,Ki,'>',10000.0,nM,1
CHEMBL228852,CCCCCOC(=O)c1cc(O)c(-c2ccccc2)c(O)c1,Ki,'>',10000.0,nM,1
CHEMBL3774459,CCCCCn1cc(C(=O)NC2CCCCC2)c(=O)n2nc(SC)nc12,Ki,'>',10000.0,nM,1
CHEMBL1288265,O=C(CCC(=O)N1CCOCC1)c1ccc(-c2ccccc2)cc1,Ki,'>',10000.0,nM,1
CHEMBL1288088,COc1ccc(/C=C/C(=O)CCC(=O)N2CCCCC2)cc1OC,Ki,'>',10000.0,nM,1
CHEMBL4440363,COC(=O)c1c(NC(=O)C23CC4CC(CC(C4)C2)C3)sc(C)c1C,Ki,'>',10000.0,nM,1
CHEMBL1923769,CCCCCCc1ccc(OCCCCCCOC(CO)CO)cc1O,Ki,'>',10000.0,nM,1
CHEMBL4561828,COC(=O)c1cccnc1NC(=O)C12CC3CC(CC(C3)C1)C2,Ki,'>',10000.0,nM,1
CHEMBL4542322,COC(=O)c1ccsc1NC(=O)C12CC3CC(CC(C3)C1)C2,Ki,'>',10000.0,nM,1
CHEMBL1814464,CCCCc1[nH]c2ccc(Br)cc2c(=O)c1C(=O)NC12CC3CC(CC(C3)C1)C2,Ki,'>',10000.0,nM,1
CHEMBL2381779,CCCCCn1cc(C(=O)NC23CC4CC(CC(C4)C2)C3)c(=O)n2nc(-c3cc(C)cs3)cc12,Ki,'>',10000.0,nM,1
CHEMBL4755496,O=C(c1ccccc1)c1cc(O)c(-c2ccsc2)c(O)c1,Ki,'>',10000.0,nM,1
CHEMBL600647,CCCCCOc1c(OC)ccc2cc(C(=O)NCCc3ccc(F)cc3)c(=O)[nH]c12,Ki,'>',10000.0,nM,1
CHEMBL225426,O=C(CCCCCCCCCCCCCCCOc1cccc(O)c1)NCCO,Ki,'>',10000.0,nM,1
CHEMBL225342,O=C(CCCCCCCCCCOc1cccc(O)c1)NC1CC1,Ki,'>',10000.0,nM,1
CHEMBL1822937,CCCCOc1c(OC)ccc2cc(C(=O)NCc3cn(CCF)nn3)c(=O)[nH]c12,Ki,'>',10000.0,nM,1
CHEMBL1288210,CCOC(=O)CNC(=O)CCCC(=O)/C=C/c1ccc2ccccc2c1,Ki,'>',10000.0,nM,1
CHEMBL425575,CCCCCCCC/C=C\CCCCCCCCCCCC(=O)Nc1ccc(OC)cc1,Ki,'>',10000.0,nM,1
CHEMBL1288181,O=C(/C=C/c1ccc2ccccc2c1)CCCC(=O)N1CCCCC1,Ki,'>',10000.0,nM,1
CHEMBL161343,CCCCC/C=C\C/C=C\C/C=C\C/C=C\CCCC(=O)NCC(=O)O,Ki,'>',10000.0,nM,1
CHEMBL3220959,COc1ccc(/C=C2\N=C3SCCCN3C2=O)cc1,Ki,'>',10000.0,nM,1
CHEMBL1288693,O=C(O)CCC(=O)/C=C/c1ccc2ccccc2c1,Ki,'>',10000.0,nM,1
CHEMBL1288148,O=C(/C=C/c1ccc2ccccc2c1)CCC(=O)Nc1ccc(O)cc1,Ki,'>',10000.0,nM,1
CHEMBL3221211,O=C1/C(=C/c2c(Cl)cccc2Cl)N=C2SCCCN12,Ki,'>',10000.0,nM,1
CHEMBL2152817,CC1(C)C2CC[C@](C)(C2)[C@@H]1NC(=O)c1cn(CCCCSc2ccccc2)c2cc(Sc3ccccc3)ccc2c1=O,Ki,'>',10000.0,nM,1
CHEMBL2022701,O=C(NC1CCCCC1)c1cccnc1OCc1ccccc1,Ki,'>',10000.0,nM,1
CHEMBL2381793,CCCCCn1cc(C(=O)NC2CCCCCC2)c(=O)n2nc(-c3ccccc3Cl)cc12,Ki,'>',10000.0,nM,1
CHEMBL3409319,CCOCCn1cc(C(=O)NCCc2ccccc2)c(=O)c2cccc(OC)c21,Ki,'>',10000.0,nM,1
CHEMBL3109751,NS(=O)(=O)c1ccc(-c2cc(C(=O)N[C@@H]3CCCC[C@H]3O)cnc2OCC2CC2)cc1,Ki,'>',10000.0,nM,1
CHEMBL3353447,CC1CCC(NC(=O)c2cc3cc(-c4ccc(F)cc4)cnc3n(Cc3ccc(F)cc3)c2=O)CC1,Ki,'>',10000.0,nM,1
CHEMBL3780282,O=C(c1nn(-c2ccc(Cl)cc2Cl)c2c1Cc1cc(C3CC3)ccc1-2)N1CCCCC1,Ki,'>',10000.0,nM,1
CHEMBL2381781,CCCCCn1cc(C(=O)NC23CC4CC(CC(C4)C2)C3)c(=O)n2nc(C)c(Br)c12,Ki,'>',10000.0,nM,1
CHEMBL2380327,CCCCCn1cc(C(=O)NC2CCCCCC2)c(=O)n2nc(-c3ccccc3C)cc12,Ki,'>',10000.0,nM,1
CHEMBL2381778,CCCCCn1cc(C(=O)NC23CC4CC(CC(C4)C2)C3)c(=O)n2nc(-c3cccs3)cc12,Ki,'>',10000.0,nM,1
CHEMBL2151057,CC1(C)C2CC[C@](C)(C2)[C@@H]1NC(=O)c1c[nH]c2cc(F)ccc2c1=O,Ki,'>',10000.0,nM,1
CHEMBL497392,CCCCCCC(C)(C)c1cc(OC)c([C@H]2C=C(CO)[C@@H]3C[C@H]2C3(C)C)c(OC)c1,Ki,'=',10000.0,nM,1
CHEMBL3353432,COC(=O)CCCCn1c(=O)c(C(=O)NC2CCC(C)CC2)cc2cccnc21,Ki,'>',10000.0,nM,1
CHEMBL500925,CCCCCn1cc(C(=O)NC23CC4CC(CC(C4)C2)C3)c(=O)c2ccc(Cl)c(C)c21,Ki,'>',10000.0,nM,1
CHEMBL568755,Cn1ccnc1CCn1cc(C(=O)C2C(C)(C)C2(C)C)c2ccccc21,Ki,'>',10000.0,nM,1
CHEMBL380925,CCCCCCCC/C=C\CCCCCCCC(=O)ONCCO,Ki,'>',10000.0,nM,1
CHEMBL3221210,O=C1/C(=C/c2ccc(Cl)cc2Cl)N=C2SCCCN12,Ki,'>',10000.0,nM,1
CHEMBL2152832,O=C(NN1CCCCC1)c1cn(-c2ccc(F)cc2)c2cc(Sc3ccccc3)ccc2c1=O,Ki,'>',10000.0,nM,1
CHEMBL3220954,O=C1/C(=C/c2cccc(F)c2F)N=C2SCCCN12,Ki,'>',10000.0,nM,1
CHEMBL225358,O=C(CCCCCCCCCCOc1cccc(O)c1)NCCO,Ki,'>',10000.0,nM,1
CHEMBL2387744,COc1ccccc1Cc1cc2c(C)ccc(C(C)C)c2oc1=O,Ki,'>',10000.0,nM,1
CHEMBL578179,CC1(C)C(C(=O)c2cn(CCc3cccnc3)c3ccccc23)C1(C)C,Ki,'>',10000.0,nM,1
CHEMBL490046,O=C(CCCCCCCCCCOc1cc(O)cc(O)c1)NC1CC1,Ki,'=',10000.0,nM,1
CHEMBL522123,O=C(CCCCCCCCCCOc1cc(O)cc(O)c1)NCC1CC1,Ki,'=',10000.0,nM,1
CHEMBL2387536,COc1c(C)c(C)c2oc(=O)c(Cc3ccc(F)cc3)cc2c1C,Ki,'=',10000.0,nM,1
CHEMBL1807841,Cc1c(CCN2CCOCC2)c2cc(OCC[18F])ccc2n1C(=O)c1cccc(Cl)c1Cl,Ki,'=',10000.0,nM,1
CHEMBL1288118,COc1ccc(/C=C/C(=O)CCC(=O)Nc2ccc(O)cc2)cc1,Ki,'>',10000.0,nM,1
CHEMBL458827,CCCCCCCCCCC[C@@H](C[C@@H]1OC(=O)[C@H]1CCCCCC)OC(=O)CNC=O,Ki,'>',10000.0,nM,1
CHEMBL3323689,CCCCCCC(C)(C)c1cc(O)cc(OCCCCCCCCCCC(=O)NC23CC4CC(CC(C4)C2)C3)c1,Ki,'>',10000.0,nM,1
CHEMBL1215918,CCCCCn1cc(C(=O)NC23CC4CC(CC(C4)C2)C3)c(=O)c2cc(-c3ccc(O)cc3)ccc21,Ki,'>',10000.0,nM,1
CHEMBL1822927,COc1ccc2cc(C(=O)NCc3ccc(F)cc3)c(=O)[nH]c2c1OC,Ki,'>',10000.0,nM,1
CHEMBL2381780,CCCCCn1cc(C(=O)NC23CC4CC(CC(C4)C2)C3)c(=O)n2nc(-c3ccc(C)s3)cc12,Ki,'>',10000.0,nM,1
CHEMBL2381674,CCCCCn1cc(C(=O)NC23CC4CC(CC(C4)C2)C3)c(=O)n2nc(-c3ccco3)cc12,Ki,'>',10000.0,nM,1
CHEMBL596671,CSc1c(C(=O)NC23CC4CC(CC(C4)C2)C3)nc(C)n1-c1ccccc1,Ki,'>',10000.0,nM,1
CHEMBL1765096,Cc1c(C(=O)N(C)C2(C#N)CCOCC2)nn(-c2ccccc2Cl)c1-c1ccccc1,Ki,'>',10000.0,nM,1
CHEMBL2316293,Cc1ccc(Cn2cc(C(=O)NC3CCCCC3)c(=O)c3c(C)nn(C)c32)cc1,Ki,'>',10000.0,nM,1
CHEMBL1215916,CCCCCn1cc(C(=O)NC23CC4CC(CC(C4)C2)C3)c(=O)c2cc(-c3ccc(F)cc3F)ccc21,Ki,'>',10000.0,nM,1
CHEMBL1215952,CCCCCn1cc(C(=O)NC23CC4CC(CC(C4)C2)C3)c(=O)c2cc(Cc3ccc(Cl)cc3Cl)ccc21,Ki,'>',10000.0,nM,1
CHEMBL160752,CCCCCCCC/C=C\CCCCCCCCCC(=O)NCCO,Ki,'>',10000.0,nM,1
CHEMBL225019,CCCCCCc1ccc(OCCCCCCCCCCCCCCCC(=O)Nc2ccc(O)cc2)cc1O,Ki,'>',10000.0,nM,1
CHEMBL605719,O=S(=O)(c1ccccc1F)c1cc(Cl)ccc1S(=O)(=O)N1CCC2(CC1)CCN(S(=O)(=O)C(F)(F)F)C2,Ki,'>',10000.0,nM,1
CHEMBL1215901,CCCCCn1cc(C(=O)NC23CC4CC(CC(C4)C2)C3)c(=O)c2cc(-c3c(C)noc3C)ccc21,Ki,'>',10000.0,nM,1
CHEMBL1814469,COc1cccc2c(=O)c(C(=O)NC34CC5CC(CC(C5)C3)C4)c[nH]c12,Ki,'>',10000.0,nM,1
CHEMBL1765678,Cc1c(C(=O)NC2(C#N)CCOCC2)nn(-c2cccc(Br)c2)c1-c1ccccc1,Ki,'>',10000.0,nM,1
CHEMBL4566580,C[N+]1(CCn2cc(C(=O)c3cccc4ccccc34)c3ccccc32)CCOCC1.[I-],Ki,'>',10000.0,nM,1
CHEMBL489835,O=C(CCCCCCCCCCOc1cc(O)cc(O)c1)NCCO,Ki,'=',10000.0,nM,1
CHEMBL228429,COc1cc(C(=O)O)cc(OC)c1-c1cc(C)cc(C)c1,Ki,'>',10000.0,nM,1
CHEMBL590766,CCCCCOc1c(OC)ccc2cc(C(=O)NCCc3ccc(OC)cc3)c(Cl)nc12,Ki,'>',10000.0,nM,1
CHEMBL1215954,CCCCCn1cc(C(=O)NC23CC4CC(CC(C4)C2)C3)c(=O)c2cc(/C=C/c3ccccc3)ccc21,Ki,'>',10000.0,nM,1
CHEMBL4752997,N#Cc1cc(-c2c(O)cc(C(=O)c3ccccc3)cc2O)ccc1F,Ki,'>',10000.0,nM,1
CHEMBL2160221,CCN(CC)Cc1cccc(C(=O)c2c(-c3ccc(OCCCCCCCN(C)Cc4ccccc4)cc3)oc3ccccc23)c1,Ki,'>',10000.0,nM,1
CHEMBL2160222,CCN(CC)Cc1ccc(C(=O)c2c(-c3ccc(OCCCCCCCN(C)Cc4ccccc4)cc3)oc3ccccc23)cc1,Ki,'>',10000.0,nM,1
CHEMBL4786835,O=C(c1cc(O)c(-c2ccncc2)c(O)c1)c1cccs1,Ki,'>',10000.0,nM,1
CHEMBL2181698,COc1cccc(Cc2cc3c(OC)cc(CO[Si](c4ccccc4)(c4ccccc4)C(C)(C)C)cc3oc2=O)c1,Ki,'>',10000.0,nM,1
CHEMBL3775265,CCCCCn1cc(C(=O)NC23CC4CC(CC(C4)C2)C3)c(=O)n2nc(N3CCOCC3)nc12,Ki,'>',10000.0,nM,1
CHEMBL4541878,CCCCCCCOCC12c3ccccc3C(c3ccccc31)C1C(=O)NC(=O)C12,Ki,'>',10000.0,nM,1
CHEMBL3596203,CCNC(=O)NCCCCCOc1cccc2ccccc12,Ki,'>',10000.0,nM,1
CHEMBL523577,CCCCCn1cc(C(=O)NC23CC4CC(CC(C4)C2)C3)c(=O)c2cc(-c3ccccc3)ccc21,Ki,'>',10000.0,nM,1
CHEMBL4461183,Cc1ccc(-c2cc3ncccc3c3cc(C(=O)NC4CCCCC4)nn23)cc1,Ki,'>',10000.0,nM,1
CHEMBL1765675,Cc1c(C(=O)NC2(C#N)CCOCC2)nn(-c2ccccc2Br)c1-c1ccccc1,Ki,'>',10000.0,nM,1
CHEMBL1923778,CCCCCCC(C)(C)c1cc(O)cc(OCCCCCCCCCCC(=O)OCC(O)CO)c1,Ki,'>',10000.0,nM,1
CHEMBL3329482,Cc1c(O)ccc2c1OC1=C(CC[C@@H](C)C1)C2(C)C,Ki,'>',10000.0,nM,1
CHEMBL4586739,CCCCCCCNCC12c3ccccc3C(c3ccccc31)C1C(=O)NC(=O)C12,Ki,'>',10000.0,nM,1
CHEMBL2181548,Cc1ccc(Cc2cc3c(O)cc(C)cc3oc2=O)cc1,Ki,'>',10000.0,nM,1
CHEMBL424844,CCCCCCCC/C=C\CCCCCCCCCCCC(=O)NCc1ccc(OC)cc1,Ki,'>',10000.0,nM,1
CHEMBL203189,CCCCCCCC/C=C\CCCCCCCC(=O)N(O)CCO,Ki,'>',10000.0,nM,1
CHEMBL3221181,COc1ccc(/C=C2\N=C3SCCCN3C2=O)cc1OC,Ki,'>',10000.0,nM,1
CHEMBL3114174,CCCn1cccc(C(=O)NC2CCC(C)CC2)c1=O,Ki,'>',10000.0,nM,1
CHEMBL2381671,CCCCCn1cc(C(=O)NC23CC4CC(CC(C4)C2)C3)c(=O)n2nc(-c3c(Cl)cccc3Cl)cc12,Ki,'>',10000.0,nM,1
CHEMBL3220956,O=C1/C(=C/c2ccc(Br)cc2)N=C2SCCCN12,Ki,'>',10000.0,nM,1
CHEMBL2181547,Cc1cc(O)c2cc(Cc3ccccc3C)c(=O)oc2c1,Ki,'>',10000.0,nM,1
CHEMBL3220955,O=C1/C(=C/c2ccc(F)cc2F)N=C2SCCCN12,Ki,'>',10000.0,nM,1
CHEMBL4566417,COc1ccc(-c2oc3ccccc3c2C(=O)c2ccc(NCc3ccccn3)cc2)cc1,Ki,'>',10000.0,nM,1
CHEMBL4463243,CCN(CC)CCn1c(Cc2ccc(Cl)cc2)nc2cc(C(C)=O)ccc21,Ki,'>',10000.0,nM,1
CHEMBL2010897,CCNC(=O)c1c(NC(=O)C23CC4CC(CC2C4)C3)sc2c1CCOC2,Ki,'>',10000.0,nM,1
CHEMBL2152804,Cc1cccc(Cn2cc(C(=O)N[C@@H]3C(C)(C)C4CC[C@]3(C)C4)c(=O)c3ccc(F)cc32)c1,Ki,'>',10000.0,nM,1
CHEMBL4537149,COc1ccc(CNc2ccc(C(=O)c3c(-c4ccc(OC)cc4)oc4ccccc34)cc2)cc1,Ki,'>',10000.0,nM,1
CHEMBL3596741,O=C(/C=C/C=C/c1ccc2c(c1)-c1ccccc1C2)NC1CC1,Ki,'>',10000.0,nM,1
CHEMBL2163928,CC(C)C[C@@H]1COc2cccc3c(=O)c(C(=O)NC45CC6CC(CC(C6)C4)C5)cn1c23,Ki,'>',10000.0,nM,1
CHEMBL470224,Cc1ccc(C(C)C)c2cc(Cc3ccccc3)c(=O)oc12,Ki,'>',10000.0,nM,1
CHEMBL2387539,Cc1ccccc1Cc1cc2c(C)c(O)c(C)c(C)c2oc1=O,Ki,'>=',10000.0,nM,1
CHEMBL2381794,CCCCCn1cc(C(=O)NC23CC4CC(CC(C4)C2)C3)c(=O)n2nc(-c3ccccc3Cl)cc12,Ki,'>',10000.0,nM,1
CHEMBL3596742,CCOC(=O)CNC(=O)/C=C/C=C/c1ccc2c(c1)-c1ccccc1C2,Ki,'>',10000.0,nM,1
CHEMBL223502,CCCCCc1cc(O)cc(OCCCCCCCCCCCCCCCC(=O)NC2CC2)c1,Ki,'>',10000.0,nM,1
CHEMBL4557732,COC(=O)c1cc(-c2ccccc2)sc1NC(=O)C12CC3CC(CC(C3)C1)C2,Ki,'>',10000.0,nM,1
CHEMBL590764,CCCCCOc1c(OC)ccc2cc(C(=O)NCCc3ccc(Cl)cc3)c(Cl)nc12,Ki,'>',10000.0,nM,1
CHEMBL583472,CC1(C(=O)c2cn(CCN3CCOCC3)c3ccccc23)CC1(Cl)Cl,Ki,'>',10000.0,nM,1
CHEMBL1215908,CCCCCn1cc(C(=O)NC23CC4CC(CC(C4)C2)C3)c(=O)c2cc(-c3ccc(Cl)s3)ccc21,Ki,'>',10000.0,nM,1
CHEMBL4560805,CCN(CC)CCn1c(Cn2nnc3ccccc32)nc2cc(C(C)=O)ccc21,Ki,'>',10000.0,nM,1
CHEMBL2316276,CCCCCn1cc(C(=O)NC2CCCCCC2)c(=O)c2c(-c3ccccc3)nn(C)c21,Ki,'>',10000.0,nM,1
CHEMBL3354398,N#Cc1ccccc1CSc1nnc2c3ccccc3n(C(=O)c3ccccc3)c2n1,Ki,'>',10000.0,nM,1
CHEMBL3116285,c1ccc2c(COc3nn(Cc4cccc5ccccc45)c4ccccc34)cccc2c1,Ki,'>',10000.0,nM,1
CHEMBL4750515,O=C(c1ccccc1)c1cc(O)c(-c2ccncc2)c(O)c1,Ki,'>',10000.0,nM,1
CHEMBL4785051,O=C(c1ccccc1)c1cc(O)c(-c2ccc3c(c2)OCO3)c(O)c1,Ki,'>',10000.0,nM,1
CHEMBL3221204,CCCCC/C=C\C/C=C\C/C=C\C/C=C\CCCC(=O)O[C@H](CO)COP(=O)(O)O[C@@H]1[C@@H](O)[C@H](O)[C@@H](O)[C@H](O)[C@@H]1O,Ki,'>',10000.0,nM,1
CHEMBL2381795,CCCCCn1cc(C(=O)NC2CCCCC2)c(=O)n2nc(-c3ccc(Cl)cc3)cc12,Ki,'>',10000.0,nM,1
CHEMBL3116296,O=[N+]([O-])c1ccc2c(c1)c(OCc1ccc3ccccc3c1)nn2Cc1ccccc1,Ki,'>',10000.0,nM,1
CHEMBL3114170,CCOC(=O)CCCn1cccc(C(=O)NC2CCCCCC2)c1=O,Ki,'>',10000.0,nM,1
CHEMBL2316294,Cc1nn(C)c2c1c(=O)c(C(=O)NC1CCCCC1)cn2CCN1CCOCC1,Ki,'>',10000.0,nM,1
CHEMBL2316289,CCOCCn1cc(C(=O)NC2CCCCC2)c(=O)c2c(C)nn(C)c21,Ki,'>',10000.0,nM,1
CHEMBL4470914,CCN(CC)CCn1c(Cc2ccccc2)nc2cc(C(F)(F)F)ccc21,Ki,'>',10000.0,nM,1
CHEMBL3605048,COc1cc(C(=O)c2ccc(C)cc2)cc(O)c1-c1cc(Cl)cc(Cl)c1,Ki,'>',10000.0,nM,1
CHEMBL498132,C=CCn1cc(C(=O)NC23CC4CC(CC(C4)C2)C3)c(=O)c2c(OC)ccc(OC)c21,Ki,'>',10000.0,nM,1
CHEMBL410842,CC1(C)C(C(=O)c2cn(CC3CCOCC3)c3cccc(OCc4ccccc4)c23)C1(C)C,Ki,'>',10000.0,nM,1
CHEMBL3323680,CCCCCCc1ccc(OCCCCCCCCCCC(=O)NC(CO)CO)cc1O,Ki,'>',10000.0,nM,1
CHEMBL338630,CCCCCCOC(=O)c1ccc2c(c1)-c1c(OC)cc(C(C)(C)CCCCCC)cc1OC2(C)C,Ki,'>',10000.0,nM,1
CHEMBL2381786,CCCCCn1cc(C(=O)NC23CC4CC(CC(C4)C2)C3)c(=O)n2nc(-c3ccccc3)cc12,Ki,'>',10000.0,nM,1
CHEMBL3323685,CCCCCc1cc(O)cc(OCCCCCCCCCCC(=O)Nc2ccccc2)c1,Ki,'>',10000.0,nM,1
CHEMBL3220946,CCOC(=O)C1CN2C(=NC(=O)C2(c2ccccc2)c2ccccc2)S1,Ki,'>',10000.0,nM,1
CHEMBL3221207,O=C1/C(=C/c2cccc(Cl)c2)N=C2SCCCN12,Ki,'>',10000.0,nM,1
CHEMBL3221183,COc1ccc(/C=C2\N=C3SCCCN3C2=O)c(OC)c1,Ki,'>=',10000.0,nM,1
CHEMBL3220950,O=C1N2CCCSC2=NC1(c1ccccc1)c1ccccc1,Ki,'>',10000.0,nM,1
CHEMBL2316265,CCCCCn1cc(C(=O)Nc2ccc(OC)cc2)c(=O)c2c(C)nn(C)c21,Ki,'>',10000.0,nM,1
CHEMBL2163576,C[C@H]1COc2cccc3c(=O)c(C(=O)NC45CC6CC(CC(C6)C4)C5)cn1c23,Ki,'>',10000.0,nM,1
CHEMBL3928834,CCOC(=O)c1cc(-c2ccccc2)sc1NS(C)(=O)=O,Ki,'>',10000.0,nM,1
CHEMBL3984867,CCOC(=O)c1c(NS(=O)(=O)c2cccc3ccccc23)sc2c1CCCC2,Ki,'>',10000.0,nM,1
CHEMBL3220957,O=C1/C(=C/c2ccc([N+](=O)[O-])cc2)N=C2SCCCN12,Ki,'>',10000.0,nM,1
CHEMBL2163961,CC1COc2cccc3c(=O)c(C(=O)NC4CCCCCC4)cn1c23,Ki,'>',10000.0,nM,1
CHEMBL4516896,COC(=O)c1nn(C)cc1NC(=O)C12CC3CC(CC(C3)C1)C2,Ki,'>',10000.0,nM,1
CHEMBL3220958,O=C1/C(=C/c2cccc([N+](=O)[O-])c2)N=C2SCCCN12,Ki,'>',10000.0,nM,1
CHEMBL3221185,CN(C)c1ccc(/C=C2\N=C3SCCCN3C2=O)cc1,Ki,'>',10000.0,nM,1
CHEMBL2316277,CCCCCn1cc(C(=O)NC2CCCCC2)c(=O)c2c(-c3ccc(Cl)cc3)nn(C)c21,Ki,'>',10000.0,nM,1
CHEMBL3220953,O=C1/C(=C/c2ccccc2F)N=C2SCCCN12,Ki,'>',10000.0,nM,1
CHEMBL506746,Cc1cc2c(C(C)C)ccc(C)c2oc1=O,Ki,'>',10000.0,nM,1
CHEMBL2381790,CCCCCn1cc(C(=O)NC2CCCCCC2)c(=O)n2nc(-c3ccc(C)cc3)cc12,Ki,'>',10000.0,nM,1
CHEMBL4578199,CCCCCCCN1C(=O)C2C3c4ccccc4C(c4cc(Cl)ccc43)C2C1=O,Ki,'>',10000.0,nM,1
CHEMBL2381673,CCCCCn1cc(C(=O)NC2CCCCCC2)c(=O)n2nc(-c3ccco3)cc12,Ki,'>',10000.0,nM,1
CHEMBL4461463,CCCCCCN1C(=O)C2C3c4ccccc4C(C)(c4ccccc43)C2C1=O,Ki,'>',10000.0,nM,1
CHEMBL4469015,CCCCCCC(C)(C)c1cc2c(c3c1CCCO3)-c1c(cnn1CC)C(C)(C)O2,Ki,'>',10000.0,nM,1
CHEMBL4749825,O=C(c1ccccc1)c1cc(O)c(-c2cccc(C(F)(F)F)c2)c(O)c1,Ki,'>',10000.0,nM,1
CHEMBL3780368,CC1(C)C2CCC(CNC(=O)c3nn(-c4ccc(Cl)cc4Cl)c4c3CCc3cc(C5CC5)ccc3-4)C1C2,Ki,'>',10000.0,nM,1
CHEMBL3409321,CCOCCn1cc(C(=O)NC23CC4CC(CC(C4)C2)C3)c(=O)c2cccc(O[11CH3])c21,Ki,'>',10000.0,nM,1
CHEMBL4796513,O=C(c1cc(O)c(-c2cccc(C(F)(F)F)c2)c(O)c1)c1cccs1,Ki,'>',10000.0,nM,1
CHEMBL4740459,O=C(c1ccccc1)c1cc(O)c(-c2ccnc(Cl)c2)c(O)c1,Ki,'>',10000.0,nM,1
CHEMBL4174825,Cc1ccc(OCCCCCCOc2cccc(/C=C3\N=C4SCCCN4C3=O)c2)cc1,Ki,'>',10000.0,nM,1
CHEMBL4763058,CCCc1cc(O)c2c(c1)OC(C)(C)[C@@H]1C[C@@H](O)C(C)=C[C@@H]21,Ki,'>',10000.0,nM,1
CHEMBL3922512,COc1ccc(C(=O)n2c(C3CCCCC3)nc3ccccc32)cc1,Ki,'>',10000.0,nM,1
CHEMBL3976311,COc1ccc(C(=O)n2c(C)nc3ccccc32)cc1,Ki,'>',10000.0,nM,1
CHEMBL205609,CCCCCCCCCCCCCCCC(=O)NOCCO,Ki,'>',10000.0,nM,1
CHEMBL3907898,CCCc1sc2ccccc2c1C(=O)c1ccc(OC)cc1,Ki,'>',10000.0,nM,1
CHEMBL4457768,CCCCCn1cc(C(=O)c2ccc(C(=O)O)c3ccccc23)c2ccccc21,Ki,'>',10000.0,nM,1
CHEMBL3221191,O=C1/C(=C/c2cccc(OCc3ccc(Cl)c(Cl)c3)c2)N=C2SCCCN12,Ki,'>',10000.0,nM,1
CHEMBL3221182,COc1cccc(/C=C2\N=C3SCCCN3C2=O)c1OC,Ki,'>',10000.0,nM,1
CHEMBL3596737,O=C(/C=C/C=C/c1ccc2ccccc2c1)NCCO,Ki,'>',10000.0,nM,1
CHEMBL30713,CC(N)Cc1c[nH]c2ccccc12,Ki,'>',10000.0,nM,1
CHEMBL3409320,CCOCCn1cc(C(=O)NC23CC4CC(CC(O)(C4)C2)C3)c(=O)c2cccc(OC)c21,Ki,'>',10000.0,nM,1
CHEMBL3221180,COc1ccccc1/C=C1\N=C2SCCCN2C1=O,Ki,'>',10000.0,nM,1
CHEMBL3221194,O=C1N=C2SCCCN2/C1=C\C=C\c1ccccc1,Ki,'>',10000.0,nM,1
CHEMBL3774589,CCCCCn1cc(C(=O)NC2CCCCCC2)c(=O)n2nc(N3CCN(C)CC3)nc12,Ki,'>',10000.0,nM,1
CHEMBL4162436,O=C1NC(SCc2ccc(Br)cc2)=N/C1=C\c1cccc(OCc2ccc(Cl)cc2)c1,Ki,'>',10000.0,nM,1
CHEMBL4173804,Cc1ccc(CSC2=N/C(=C\c3cccc(OCc4ccc(Cl)cc4)c3)C(=O)N2)cc1,Ki,'>',10000.0,nM,1
CHEMBL3220944,C/C(=C1/N=C2SCCCCN2C1=O)c1ccccc1,Ki,'>',10000.0,nM,1
CHEMBL4468254,CCCCCCNC(=O)c1sc(-c2ccccc2)nc1C,Ki,'>',10000.0,nM,1
CHEMBL4443713,Cc1nc(-c2ccccc2)sc1C(=O)NCc1ccccc1,Ki,'>',10000.0,nM,1
CHEMBL4533663,Cc1nc(-c2ccccc2)sc1C(=O)NC1CCCCC1,Ki,'>',10000.0,nM,1
CHEMBL3397447,COc1ccc(-c2cc(C)c(OC)c(C(=O)N[C@H]3CC[C@@H](C)CC3)c2)cc1,Ki,'>',10000.0,nM,1
CHEMBL2163571,CCC1COc2c(N3CCCC3)ccc3c(=O)c(C(=O)NC45CC6CC(CC(C6)C4)C5)cn1c23,Ki,'>',10000.0,nM,1
CHEMBL1923777,CCCCCCc1ccc(O)cc1OCCCCCCCCCCC(=O)OCC(O)CO,Ki,'>',10000.0,nM,1
CHEMBL208270,CCCCCCCC/C=C\CCCCCCCC(=O)NOCCO,Ki,'>',10000.0,nM,1
CHEMBL2010904,CCCNC(=O)c1c(NC(=O)C23CC4CC(CC2C4)C3)sc2c1CCN(C)C2,Ki,'>',10000.0,nM,1
CHEMBL3221193,O=C1/C(=C/C=C/c2ccccc2)N=C2SCCCN12,Ki,'>',10000.0,nM,1
CHEMBL4515942,Cc1nc(-c2ccccc2)sc1C(=O)NC1CC1,Ki,'>',10000.0,nM,1
CHEMBL3898882,COc1ccc(C(=O)n2c(C(C)(C)C)nc3ccccc32)cc1,Ki,'>',10000.0,nM,1
CHEMBL3950235,COc1ccc(C(=O)n2c(C3CCCC3)nc3ccccc32)cc1,Ki,'>',10000.0,nM,1
CHEMBL2381783,CCCCCn1cc(C(=O)NC23CC4CC(CC(C4)C2)C3)c(=O)n2nc(C)c(-c3ccc(OC)cc3)c12,Ki,'>',10000.0,nM,1
CHEMBL485197,CCCCCCCCCCCCCCCC(=O)N[C@@H]1C[C@H]1O,Ki,'>',10000.0,nM,1
CHEMBL3221205,O=C1/C(=C/c2ccccc2)N=C2SCCCN12,Ki,'>',10000.0,nM,1
CHEMBL4464357,COc1ccc(-c2oc3ccccc3c2C(=O)c2ccc(NCc3ccccc3)cc2)cc1,Ki,'>',10000.0,nM,1
CHEMBL3114171,O=C(O)CCCn1cccc(C(=O)NC2CCCCCC2)c1=O,Ki,'>',10000.0,nM,1
CHEMBL3325938,COCCn1c(Cc2ccc(Cl)c(Cl)c2)nc2cc(C(F)(F)F)ccc21,Ki,'>',10000.0,nM,1
CHEMBL2316290,Cc1nn(C)c2c1c(=O)c(C(=O)NC1CCCCC1)cn2CCCCC#N,Ki,'>',10000.0,nM,1
CHEMBL3596754,NC(=O)NCCCCCOc1cccc2ccccc12,Ki,'>',10000.0,nM,1
CHEMBL4437336,COC(=O)c1c(NC(=O)C23CC4CC(CC(C4)C2)C3)cnn1C,Ki,'>',10000.0,nM,1
CHEMBL4437411,COC(=O)c1c(NC(=O)NC23CC4CC(CC(C4)C2)C3)sc2c1CCCC2,Ki,'>',10000.0,nM,1
CHEMBL3605042,CCCc1ccc(C(=O)c2cc(O)c(-c3cc(Cl)cc(Cl)c3)c(O)c2)cc1,Ki,'>',10000.0,nM,1
CHEMBL3329944,CCc1cc2c(cc1O)OC(C)(C)C1=C2C[C@H](C)CC1,Ki,'>',10000.0,nM,1
CHEMBL2087087,C=CCn1cc(CC(=O)NC2CCCCC2)c2cc(OCc3cccc(OC)c3)ccc21,Ki,'>',10000.0,nM,1
CHEMBL3781351,O=C(NN1CCCCC1)c1nn(-c2ccc(Cl)cc2Cl)c2c1Cc1cc(C3CCCCC3)ccc1-2,Ki,'>',10000.0,nM,1
CHEMBL3596749,O=C(CCCCCOc1cccc2ccccc12)NC1CC1,Ki,'>',10000.0,nM,1
CHEMBL3596757,CCNC(=O)NCCCCCOc1ccc2c(c1)OCO2,Ki,'>',10000.0,nM,1
CHEMBL1923767,CCCCCc1cc(O)cc(OCCCCCCCCCCOC(CO)CO)c1,Ki,'>',10000.0,nM,1
CHEMBL1215909,CCCCCn1cc(C(=O)NC23CC4CC(CC(C4)C2)C3)c(=O)c2cc(-c3ccc(OC)nc3)ccc21,Ki,'>',10000.0,nM,1
CHEMBL3323691,CCCCCCc1ccc(OCCCCCCCCCCC(=O)NC23CC4CC(CC(C4)C2)C3)cc1O,Ki,'>',10000.0,nM,1
CHEMBL1765673,Cc1c(C(=O)NC2(C#N)CCOCC2)nn(-c2ccccc2F)c1-c1ccccc1,Ki,'>',10000.0,nM,1
CHEMBL4168388,O=C1/C(=C/c2cccc(OCc3ccc(Br)cc3)c2)N=C2SCCCN12,Ki,'>',10000.0,nM,1
CHEMBL3325937,CCCCn1c(Cc2ccc(Cl)c(Cl)c2)nc2cc(C(F)(F)F)ccc21,Ki,'=',10000.0,nM,1
CHEMBL4461652,CCN(CC)CCn1c(Cc2ccc(OC)cc2)nc2cc(C(C)=O)ccc21,Ki,'>',10000.0,nM,1
CHEMBL2087100,CCCCCn1cc(C(=O)C(=O)NC23CC4CC(CC(C4)C2)C3)c2cc(-c3ccccc3)ccc21,Ki,'>',10000.0,nM,1
CHEMBL2087105,C=CCn1cc(C(=O)NC23CC4CC(CC(C4)C2)C3)c2cc(-c3ccc(O)cc3)ccc21,Ki,'>',10000.0,nM,1
CHEMBL2087111,C=CCn1cc(CC(=O)NC23CC4CC(CC(C4)C2)C3)c2cc(Br)ccc21,Ki,'>',10000.0,nM,1
CHEMBL2087103,CCCCCn1cc(C(=O)C(=O)NC2CCCCC2)c2cc(-c3ccccc3)ccc21,Ki,'>',10000.0,nM,1
CHEMBL4463130,Cc1ccc2c(c1)nc(Cn1nnc3ccccc31)n2CCN(C)C,Ki,'>',10000.0,nM,1
CHEMBL2163962,CC1COc2cccc3c(=O)c(C(=O)NC45CC6CC(CC(C6)C4)C5)cn1c23,Ki,'>',10000.0,nM,1
CHEMBL4061179,CCCCCn1cc(-c2cn(C34CC5CC(CC(C5)C3)C4)nn2)c(=O)c2cc(-c3ccco3)ccc21,Ki,'>',10000.0,nM,1
CHEMBL3605049,CCCCc1ccc(C(=O)c2cc(O)c(-c3cc(Cl)cc(Cl)c3)c(OC)c2)cc1,Ki,'>',10000.0,nM,1
CHEMBL3605033,CCCCCCC(=O)c1cc(O)c(-c2cc(Cl)cc(Cl)c2)c(O)c1,Ki,'>',10000.0,nM,1
CHEMBL1765674,Cc1c(C(=O)NC2(C#N)CCOCC2)nn(-c2ccccc2Cl)c1-c1ccccc1,Ki,'>',10000.0,nM,1
CHEMBL3325828,COc1ccc(Cc2nc3cc(C(F)(F)F)ccc3n2C[C@@H]2CCCN3CCCC[C@H]23)cc1,Ki,'>',10000.0,nM,1
CHEMBL4516385,CCOc1ccc(Cc2nc3cc(C(F)(F)F)ccc3n2CCN(CC)CC)cc1,Ki,'>',10000.0,nM,1
CHEMBL576485,CC1(C)C(C(=O)c2cn(CCN)c3ccccc23)C1(C)C,Ki,'>',10000.0,nM,1
CHEMBL2010905,CCCNC(=O)c1c(NC(=O)C2C(C)(C)C2(C)C)sc2c1CCOC2,Ki,'>',10000.0,nM,1
CHEMBL202339,C=CCCCCCCCCC(=O)NCCc1ccc(OC)cc1,Ki,'>',10000.0,nM,1
CHEMBL1928588,CCCCC/C=C\C/C=C\C/C=C\C/C=C\CCCC(=O)N[C@@H](CO)C(=O)O,Ki,'>',10000.0,nM,1
CHEMBL3596744,CCOC(=O)CNC(=O)/C=C/C=C/c1ccc2c(c1)OCCO2,Ki,'>',10000.0,nM,1
CHEMBL1288089,COc1ccc(/C=C/C(=O)CCC(=O)NCCO)cc1OC,Ki,'>',10000.0,nM,1
CHEMBL1288237,C[C@@H](CO)NC(=O)CCCC(=O)/C=C/c1ccc2ccccc2c1,Ki,'>',10000.0,nM,1
CHEMBL442211,CCCCCCC(C)(C)c1cc(OC)c2c(c1)OC(C)(C)c1ccc(C(=O)OCc3ccccc3)cc1-2,Ki,'>',10000.0,nM,1
CHEMBL590765,CCCCCOc1c(OC)ccc2cc(C(=O)NCCCc3ccccc3)c(Cl)nc12,Ki,'>',10000.0,nM,1
CHEMBL592684,CCCCCOc1c(OC)ccc2cc(C(=O)NCCc3ccccc3)c(Cl)nc12,Ki,'>',10000.0,nM,1
CHEMBL3354406,N#Cc1ccccc1CSc1nnc2c3ccccc3n(C(=O)c3ccco3)c2n1,Ki,'>',10000.0,nM,1
CHEMBL2387534,COc1c(C)c(C)c2oc(=O)c(Cc3ccccc3)cc2c1C,Ki,'>=',10000.0,nM,1
CHEMBL4291317,COc1ccc(C(=O)c2cn(CCN3CCOCC3)c3ccc(OCCCCC(=O)NCCOCCOCCNC(=O)CCCCCNC(=O)COc4ccc(/C=C/C5=[N+]6C(=Cc7ccc(-c8cccs8)n7[B-]6(F)F)C=C5)cc4)cc23)cc1,Ki,'>',10000.0,nM,1
CHEMBL2022697,O=C(NC1CCCCC1)c1cccn(CCN2CCOCC2)c1=O,Ki,'>',10000.0,nM,1
CHEMBL1668510,Cc1c(Cl)ccc2c(=O)c(C(=O)NC34CC5CC(CC(C5)C3)C4)c[nH]c12,Ki,'>',10000.0,nM,1
CHEMBL1909853,CCc1ccc(CC)n1-c1c(C)c(C(=O)NCc2ccc(Cl)c(Cl)c2)nn1-c1ccc(Cl)c(Cl)c1,Ki,'>',10000.0,nM,1
CHEMBL4468403,COC(=O)c1c(NC(=O)N2CCOCC2)sc2c1CCCC2,Ki,'>',10000.0,nM,1
CHEMBL272659,CC1(C)C(C(=O)c2cn(CC3CCOCC3)c3ccc(OCCCCO)cc23)C1(C)C,Ki,'>',10000.0,nM,1
CHEMBL4565110,COC(=O)c1c(NC(=O)N2CCCCC2)sc2c1CCCC2,Ki,'>',10000.0,nM,1
CHEMBL258163,COC(=O)Cn1nnnc1Cc1ccc(-c2ccccc2)cc1,Ki,'>',10000.0,nM,1
CHEMBL201624,CCCCCCCC/C=C/C(=O)Nc1ccc(N2CCOCC2)cc1,Ki,'>',10000.0,nM,1
CHEMBL1836121,CCOC(=O)/C(=C/c1cn(CCN2CCOCC2)c2ccccc12)C(=O)c1ccccc1,Ki,'>',10000.0,nM,1
CHEMBL2163575,C[C@@H]1COc2cccc3c(=O)c(C(=O)NC45CC6CC(CC(C6)C4)C5)cn1c23,Ki,'>',10000.0,nM,1
CHEMBL4470575,COc1ccc(Cc2nc3cc(C(C)=O)ccc3n2C[C@@H]2CCCN3CCCC[C@H]23)cc1,Ki,'>',10000.0,nM,1
CHEMBL3896061,CCOC(=O)c1c(NS(=O)(=O)c2ccc(Cl)cc2)sc2c1CCCC2,Ki,'>',10000.0,nM,1
CHEMBL3938707,CCOC(=O)c1cc(-c2ccccc2)sc1NS(=O)(=O)c1ccc(Cl)cc1,Ki,'>',10000.0,nM,1
CHEMBL3221184,CC(C)c1ccc(/C=C2\N=C3SCCCN3C2=O)cc1,Ki,'>',10000.0,nM,1
CHEMBL3605044,CCCCc1ccc(C(=O)c2cc(O)c(-c3cc(Cl)cc(Cl)c3)c(O)c2)cc1,Ki,'>',10000.0,nM,1
CHEMBL2316288,C=CCn1cc(C(=O)NC2CCCCC2)c(=O)c2c(C)nn(C)c21,Ki,'>',10000.0,nM,1
CHEMBL470199,COc1cc(C)cc2oc(=O)c(Cc3ccccc3)cc12,Ki,'>=',10000.0,nM,1
CHEMBL4458810,C1=C(CCN2CCOCC2)c2ccccc2/C1=C/c1ccco1,Ki,'>',10000.0,nM,1
CHEMBL3915743,O=C(c1cccc2ccccc12)n1c(C2CCCC2)nc2ccccc21,Ki,'>',10000.0,nM,1
CHEMBL3605041,CCc1cccc(C(=O)c2cc(O)c(-c3cc(Cl)cc(Cl)c3)c(O)c2)c1,Ki,'>',10000.0,nM,1
CHEMBL2087098,O=C(Cc1cn(Cc2ccccc2)c2ccc(-c3ccccc3)cc12)NC12CC3CC(CC(C3)C1)C2,Ki,'>',10000.0,nM,1
CHEMBL2087095,CCCCn1cc(CC(=O)NC23CC4CC(CC(C4)C2)C3)c2cc(-c3ccccc3)ccc21,Ki,'>',10000.0,nM,1
CHEMBL3325451,CN(C)CCn1c(Cc2ccc(Cl)c(Cl)c2)nc2cc(C(F)(F)F)ccc21,Ki,'>',10000.0,nM,1
CHEMBL2163934,CCC1COc2cccc3c(=O)c(C(=O)N(C(C)C)C(C)C)cn1c23,Ki,'>',10000.0,nM,1
CHEMBL4450238,Cc1nc(-c2ccccc2)sc1C(=O)NC1CCCC1,Ki,'>',10000.0,nM,1
CHEMBL2010906,CCCNC(=O)c1c(NC(=O)C2CC3CCC2C3)sc2c1CCOC2,Ki,'>',10000.0,nM,1
CHEMBL3109752,O=C(O)c1ccc(-c2cc(C(=O)N[C@@H]3CCCC[C@H]3O)cnc2OCC2CC2)cc1,Ki,'>',10000.0,nM,1
CHEMBL4449619,COC(=O)c1c(NC(=O)Oc2ccccc2)sc2c1CCCC2,Ki,'>',10000.0,nM,1
CHEMBL2387532,CCCCCc1cc(OC)c2cc(Cc3ccc(Br)cc3)c(=O)oc2c1,Ki,'=',10200.0,nM,1
CHEMBL72771,COc1ccc2c(c1)c(CCN1CCOCC1)c(C)n2C(=O)c1ccc(Cl)cc1,Ki,'=',10253.0,nM,1
CHEMBL3120631,CC(C)=CCC[C@]1(C)[C@@H](O[C@@H]2O[C@H](CO)[C@@H](O)[C@H](O)[C@@H]2O)CC[C@@]2(C)[C@H]1CC[C@H]1Cc3c([nH]c4ccccc34)[C@@]12C,Ki,'=',10600.0,nM,1
CHEMBL180450,COc1ccc(S(=O)(=O)c2cc(OC)ccc2S(=O)(=O)c2ccc([C@H](C)NC(=O)C3CC3)cc2)cc1,Ki,'=',10625.0,nM,1
CHEMBL3116299,Nc1ccc2c(c1)c(OCc1cccc3ccccc13)nn2CCN1CCCC1,Ki,'=',11000.0,nM,1
CHEMBL2326306,CCN(CC)c1ccc(CN([C@]23C[C@H]4C[C@H](C[C@H](C4)C2)C3)S(=O)(=O)c2ccccc2)cc1,Ki,'=',11000.0,nM,1
CHEMBL2205593,O=C(Nc1sc2c(c1C(=O)N1CC(F)(F)C1)CCOC2)c1c(F)cccc1C(F)(F)F,Ki,'=',11100.0,nM,1
CHEMBL3949388,CCCCCCC(C)(C)c1cc(OC)c(C2=C[C@@H]3CC[C@@]2(CO)C3(C)C)c(OC)c1,Ki,'=',11700.0,nM,1
CHEMBL2205615,O=C(Nc1sc2c(c1C(=O)N1CCCCC1)CCOC2)c1ccccc1C(F)(F)F,Ki,'=',11700.0,nM,1
CHEMBL161520,CC/C=C/C/C=C\C/C=C\C/C=C\C/C=C\C/C=C/CCC(=O)NCCO,Ki,'=',12200.0,nM,1
CHEMBL225425,CCCCCc1cc(O)cc(OCCCCCCCCCCCCCCCC(=O)NCCO)c1,Ki,'=',12500.0,nM,1
CHEMBL4762930,O=[N+]([O-])c1ccc2[nH]nc(OCc3ccc4ccccc4c3)c2c1,Ki,'=',13600.0,nM,1
CHEMBL3086347,CCCCCCC(C)(C)C1=CC(=O)C2=C(OC(C)(C)c3cn(C)nc32)C1=O,Ki,'=',14180.0,nM,1
CHEMBL2387742,C=C(C)[C@@H]1CCC(C)=C[C@H]1c1c(O)cc(CCC)cc1O,Ki,'=',14710.0,nM,1
CHEMBL507595,CN1CCN(NC(=O)c2cnn(-c3ccc(Cl)cc3Cl)c2-c2ccc(Cl)cc2)CC1,Ki,'=',16000.0,nM,1
CHEMBL2177250,CCCCCc1cc(O)c2cc(Cc3cccc(O)c3)c(=O)oc2c1,Ki,'=',16200.0,nM,1
CHEMBL91,Clc1ccc(COC(Cn2ccnc2)c2ccc(Cl)cc2Cl)c(Cl)c1,Ki,'=',16614.0,nM,1
CHEMBL75571,COc1ccc2c(c1)c(CC(=O)N1CCOCC1)c(C)n2C(=O)c1cccc(Cl)c1,Ki,'=',16800.0,nM,1
CHEMBL4104311,CCOc1ccc(Cc2nc3cc(C(=O)N4CCCCC4)ccc3n2CCC(C)C)cc1,Ki,'=',17000.0,nM,1
CHEMBL2177260,CCCCCc1cc(O)c2cc(Cc3ccccc3Cl)c(=O)oc2c1,Ki,'=',19100.0,nM,1
CHEMBL1800653,CN(C)CCn1c(CC(C)(C)C)nc2cc(S(=O)(=O)CC(C)(C)O)ccc21,Ki,'>',19400.0,nM,1
CHEMBL2205616,O=C(Nc1sc2c(c1C(=O)N1CCCCC1)CCOC2)c1ccccc1OC(F)(F)F,Ki,'=',19400.0,nM,1
CHEMBL828,c1ccc2c(c1)Nc1ccccc1S2,Ki,'=',19624.0,nM,1
CHEMBL2179725,O=C(Cc1ccccc1)NC(/C=C/c1ccccc1)NC(=O)Cc1ccccc1,Ki,'>',20000.0,nM,1
CHEMBL73572,COC(=O)Cc1c(C)n(C(=O)c2ccc(Cl)cc2)c2ccc(OC)cc12,Ki,'>',20000.0,nM,1
CHEMBL2326310,CCN(CC)c1ccc(CN([C@]23C[C@H]4C[C@H](C[C@H](C4)C2)C3)S(=O)(=O)c2ccc(C)cc2)cc1,Ki,'>',20000.0,nM,1
CHEMBL2179776,CN(C)c1ccc(C(NC(=O)Cc2ccccc2)NC(=O)Cc2ccccc2)cc1,Ki,'>',20000.0,nM,1
CHEMBL2179764,COc1ccc(C(NC(=O)Cc2ccccc2)NC(=O)Cc2ccccc2)cc1,Ki,'>',20000.0,nM,1
CHEMBL6,COc1ccc2c(c1)c(CC(=O)O)c(C)n2C(=O)c1ccc(Cl)cc1,Ki,'>',20000.0,nM,1
CHEMBL2179735,CCCCCCCC(=O)NC(NC(=O)CCCCCCC)c1ccc(N(CC)CC)cc1,Ki,'>',20000.0,nM,1
CHEMBL3314942,CC#CC#CC/C=C\CCC/C=C/C=C/C(=O)NCC(C)C,Ki,'>',20000.0,nM,1
CHEMBL2179732,CCN(CC)c1ccc(C(NC(=O)C(C)(C)C)NC(=O)C(C)(C)C)cc1,Ki,'>',20000.0,nM,1
CHEMBL2326033,CCN(CC)c1ccc(CN(C(=O)Cc2ccccc2)[C@]23C[C@H]4C[C@H](C[C@H](C4)C2)C3)cc1,Ki,'>',20000.0,nM,1
CHEMBL56249,CCCCCCC(C)(C)c1cc2c(c(OP(=O)(OCC)OCC)c1)[C@@H]1CC(C)=CC[C@H]1C(C)(C)O2,Ki,'>',20000.0,nM,1
CHEMBL2179759,O=C(Cc1ccc(Cl)cc1)NC(NC(=O)Cc1ccc(Cl)cc1)c1ccc(Cl)cc1,Ki,'>',20000.0,nM,1
CHEMBL2179755,O=C(Cc1ccccc1)NC(NC(=O)Cc1ccccc1)c1ccc(N2CCCCC2)cc1,Ki,'>',20000.0,nM,1
CHEMBL1800168,CCS(=O)(=O)c1ccc2c(c1)nc(C(C)(C)C)n2CC1CC1,Ki,'>',20000.0,nM,1
CHEMBL2179768,O=C(Cc1ccccc1)NC(NC(=O)Cc1ccccc1)c1ccc(C(F)(F)F)cc1,Ki,'>',20000.0,nM,1
CHEMBL2179727,CCN(CC)c1ccc(C(NC(=O)CCc2ccccc2)NC(=O)CCc2ccccc2)cc1,Ki,'>',20000.0,nM,1
CHEMBL2179754,O=C(Cc1ccccc1)NC(NC(=O)Cc1ccccc1)c1ccc(N2CCCC2)cc1,Ki,'>',20000.0,nM,1
CHEMBL2179737,Cc1ccc(C(NC(=O)Cc2ccc(Cl)cc2)NC(=O)Cc2ccc(Cl)cc2)cc1,Ki,'>',20000.0,nM,1
CHEMBL2179751,CCCN(CCC)c1ccc(C(NC(=O)Cc2ccccc2)NC(=O)Cc2ccccc2)cc1,Ki,'>',20000.0,nM,1
CHEMBL2179763,CC(C)c1ccc(C(NC(=O)Cc2ccccc2)NC(=O)Cc2ccccc2)cc1,Ki,'>',20000.0,nM,1
CHEMBL2179739,O=C(Cc1ccc(Cl)cc1)NC(NC(=O)Cc1ccc(Cl)cc1)c1ccccc1C(F)(F)F,Ki,'>',20000.0,nM,1
CHEMBL2179731,CCN(CC)c1ccc(C(NC(=O)C(C)C)NC(=O)C(C)C)cc1,Ki,'>',20000.0,nM,1
CHEMBL2179730,CCCCCC(NC(=O)Cc1ccccc1)NC(=O)Cc1ccccc1,Ki,'>',20000.0,nM,1
CHEMBL2179733,CCCCC(=O)NC(NC(=O)CCCC)c1ccc(N(CC)CC)cc1,Ki,'>',20000.0,nM,1
CHEMBL2179738,COc1ccc(C(NC(=O)Cc2ccc(Cl)cc2)NC(=O)Cc2ccc(Cl)cc2)cc1,Ki,'>',20000.0,nM,1
CHEMBL2179752,CCCCN(CCCC)c1ccc(C(NC(=O)Cc2ccccc2)NC(=O)Cc2ccccc2)cc1,Ki,'>',20000.0,nM,1
CHEMBL2179750,O=C(Cc1ccccc1)NC(CCc1ccccc1)NC(=O)Cc1ccccc1,Ki,'>',20000.0,nM,1
CHEMBL2179749,O=C(Cc1ccccc1)NC(Cc1ccccc1)NC(=O)Cc1ccccc1,Ki,'>',20000.0,nM,1
CHEMBL2179753,O=C(Cc1ccccc1)NC(NC(=O)Cc1ccccc1)c1ccc(N(Cc2ccccc2)Cc2ccccc2)cc1,Ki,'>',20000.0,nM,1
CHEMBL2179766,CC(C)Oc1ccc(C(NC(=O)Cc2ccccc2)NC(=O)Cc2ccccc2)cc1,Ki,'>',20000.0,nM,1
CHEMBL2326301,CCN(CC)c1ccc(CN(C(=O)Cc2ccccc2)c2ccc(C)cc2)cc1,Ki,'>',20000.0,nM,1
CHEMBL2326293,CCN(CC)c1ccc(CN(C(=O)C2CCCCC2)c2ccc(Cl)cc2)cc1,Ki,'>',20000.0,nM,1
CHEMBL72631,COc1ccc2c(c1)c(CC(=O)N1CCOCC1)c(C)n2C(=O)c1ccc(Cl)cc1,Ki,'>',20000.0,nM,1
CHEMBL2179734,CCCCCC(=O)NC(NC(=O)CCCCC)c1ccc(N(CC)CC)cc1,Ki,'>',20000.0,nM,1
CHEMBL2326032,CCN(CC)c1ccc(CN(C(=O)Cc2ccc(Cl)cc2)[C@]23C[C@H]4C[C@H](C[C@H](C4)C2)C3)cc1,Ki,'>',20000.0,nM,1
CHEMBL2179740,O=C(Cc1ccc(Cl)cc1)NC(NC(=O)Cc1ccc(Cl)cc1)c1ccc(C(F)(F)F)cc1,Ki,'>',20000.0,nM,1
CHEMBL2321921,CCN(CC)c1ccc(CN(C(=O)C2CCCCC2)[C@]23C[C@H]4C[C@H](C[C@H](C4)C2)C3)cc1,Ki,'>',20000.0,nM,1
CHEMBL308847,COc1ccc2c(c1)c(CC(=O)N1CCOCC1)c(C)n2Cc1cccc(Cl)c1Cl,Ki,'>',20000.0,nM,1
CHEMBL404184,CC(C)CNC(=O)/C=C/C=C/CCCCCC/C=C/c1ccc2c(c1)OCO2,Ki,'>',20000.0,nM,1
CHEMBL2179771,CCN(CC)c1ccc(C(NC(=O)Cc2ccccc2)NC(=O)Cc2ccccc2)cc1,Ki,'>',20000.0,nM,1
CHEMBL2179726,CCN(CC)c1ccc(C(NC(=O)c2ccccc2)NC(=O)c2ccccc2)cc1,Ki,'>',20000.0,nM,1
CHEMBL61037,CCCCCCC(C)(C)c1cc(OC)c(-c2cc(C)cc(C)c2)c(OC)c1,Ki,'>',20000.0,nM,1
CHEMBL2179736,CCCCCCCCCC(=O)NC(NC(=O)CCCCCCCCC)c1ccc(N(CC)CC)cc1,Ki,'>',20000.0,nM,1
CHEMBL2179728,CCN(CC)c1ccc(C(NC(=O)/C=C/c2ccccc2)NC(=O)/C=C/c2ccccc2)cc1,Ki,'>',20000.0,nM,1
CHEMBL2326288,CCN(CC)c1ccc(CN(c2ccc(Cl)cc2)S(=O)(=O)c2ccc(OC)cc2)cc1,Ki,'>',20000.0,nM,1
CHEMBL4786935,COc1ccc(COc2n[nH]c3ccccc23)cc1,Ki,'=',21000.0,nM,1
CHEMBL3981700,O=S(=O)(NCCN1CCOCC1)c1ccc(Nc2ccc(Cl)cc2Cl)cc1C(F)(F)F,Ki,'=',21020.0,nM,1
CHEMBL2181550,COc1cccc(Cc2cc3c(OC)cccc3oc2=O)c1,Ki,'=',21100.0,nM,1
CHEMBL3220947,O=C1N2CCSC2=NC1(c1ccccc1)c1ccccc1,Ki,'=',21100.0,nM,1
CHEMBL4744845,c1ccc2cc(COc3n[nH]c4ccccc34)ccc2c1,Ki,'=',21700.0,nM,1
CHEMBL1201151,C#C[C@]1(O)CC[C@H]2[C@@H]3CCc4cc(OC)ccc4[C@H]3CC[C@@]21C,Ki,'=',22532.0,nM,1
CHEMBL232782,Cc1nc(-c2ccccc2)c(-c2ccccc2)n1CCCCCCNC(=O)Oc1ccccc1F,Ki,'=',23000.0,nM,1
CHEMBL808,Clc1ccc(COC(Cn2ccnc2)c2ccc(Cl)cc2Cl)cc1,Ki,'=',28627.0,nM,1
CHEMBL2205584,COCCNC(=O)c1c(NC(=O)c2c(F)cccc2C(F)(F)F)sc2c1CCOC2,Ki,'>',30000.0,nM,1
CHEMBL2205588,COC1CN(C(=O)c2c(NC(=O)c3ccccc3C(F)(F)F)sc3c2CCOC3)C1,Ki,'>',30000.0,nM,1
CHEMBL2205592,O=C(Nc1sc2c(c1C(=O)N1CC(F)(F)C1)CCOC2)c1ccccc1OC(F)(F)F,Ki,'>',30000.0,nM,1
CHEMBL61038,CCCCCCC(C)(C)c1ccc(-c2cc(C)cc(C)c2)cc1,Ki,'>',30000.0,nM,1
CHEMBL2205620,COCCNC(=O)c1c(NC(=O)c2ccccc2C(F)(F)F)sc2c1CCOC2,Ki,'>',30000.0,nM,1
CHEMBL297453,O=C(O[C@@H]1Cc2c(O)cc(O)cc2O[C@@H]1c1cc(O)c(O)c(O)c1)c1cc(O)c(O)c(O)c1,Ki,'=',33600.0,nM,1
CHEMBL2296778,Cc1c(C(=O)NN2CCCCC2)nn(C)c1-c1ccc(Cl)cc1,Ki,'=',34673.69,nM,1
CHEMBL47386,Oc1cc(O)c2c(c1)O[C@H](c1cc(O)c(O)c(O)c1)[C@H](O)C2,Ki,'=',35700.0,nM,1
CHEMBL4216317,Cc1ccc(Cn2nc(-c3ccc(C)cc3)cc(SNC3CCCCCC3)c2=O)cc1,Ki,'>',40000.0,nM,1
CHEMBL3781131,CC1(C)C2CC[C@@](C)(C2)C1NC(=O)c1nn(-c2ccc(Cl)cc2Cl)c2c1Cc1cc(C3CC3)ccc1-2,Ki,'>',40000.0,nM,1
CHEMBL3116288,O=[N+]([O-])c1ccc2c(c1)c(OCC1CCCCC1)nn2Cc1ccccc1,Ki,'>',40000.0,nM,1
CHEMBL3780608,CC1(C)C2CC[C@@](C)(C2)C1NC(=O)c1nn(-c2ccc(Cl)cc2Cl)c2c1ccc1cc(C3CC3)ccc12.Cl,Ki,'>',40000.0,nM,1
CHEMBL4739932,Cn1nc(OCc2cccc3ccccc23)c2cc([N+](=O)[O-])ccc21,Ki,'>=',40000.0,nM,1
CHEMBL3779969,COc1ccc2c(c1)OC(C)(C)c1cn(CCN3CCN(C(=O)c4ccccc4)CC3)nc1-2,Ki,'>',40000.0,nM,1
CHEMBL4448335,CCCCCCC(C)(C)c1cc(OCCCO)c2c(c1)OC(C)(C)c1cnn(-c3ccc(Cl)c(Cl)c3)c1-2,Ki,'>',40000.0,nM,1
CHEMBL3780792,CC1(C)[C@@H]2CC[C@]1(C)[C@H](NC(=O)c1nn(-c3ccc(Cl)cc3Cl)c3c1Cc1cc(C4CC4)ccc1-3)C2,Ki,'>',40000.0,nM,1
CHEMBL2153700,Cn1nc(OCc2ccc3ccccc3c2)c2cc([N+](=O)[O-])ccc21,Ki,'>',40000.0,nM,1
CHEMBL3781521,COc1ccc2c(c1)OC(C)(C)c1cn(CCN3CCN(C(=O)C(C)(C)C)CC3)nc1-2,Ki,'>',40000.0,nM,1
CHEMBL2153701,Cn1nc(OCCc2ccccc2)c2cc([N+](=O)[O-])ccc21,Ki,'>',40000.0,nM,1
CHEMBL3417566,CCCCCCC(C)(C)C1=CC2=C(C(=O)C1=O)c1c(cnn1CC)C(C)(C)O2,Ki,'>',40000.0,nM,1
CHEMBL3780960,O=C(c1nn(-c2ccc(Cl)cc2Cl)c2c1ccc1cc(C3CC3)ccc12)N1CCCCC1,Ki,'>',40000.0,nM,1
CHEMBL4458641,CCCCCCC(C)(C)c1cc(OCCCO)c2c(c1)OC(C)(C)c1cn(C)nc1-2,Ki,'>',40000.0,nM,1
CHEMBL3116280,COc1ccc(COc2nn(CCN(C(C)C)C(C)C)c3ccccc23)cc1,Ki,'>',40000.0,nM,1
CHEMBL3781252,CC1(C)C2CC[C@@](C)(C2)C1NC(=O)c1nn(-c2ccc(Cl)cc2Cl)c2c1CCc1cc(C3CC3)ccc1-2,Ki,'>',40000.0,nM,1
CHEMBL3781297,COc1ccc(N2CCN(CC(=O)NCn3ncc4c3-c3ccc(OC)cc3OC4(C)C)CC2)cc1,Ki,'>',40000.0,nM,1
CHEMBL3781085,COc1ccc2c(c1)OC(C)(C)c1cn(CNC(=O)CN3CCN(c4ccccc4)CC3)nc1-2,Ki,'>',40000.0,nM,1
CHEMBL4555137,CCCCCCC(C)(C)c1cc(OCCCO)c2c(c1)OC(C)(C)c1cnn(-c3ccc(Cl)cc3Cl)c1-2,Ki,'>',40000.0,nM,1
CHEMBL3781210,COc1ccc2c(c1)OC(C)(C)c1cnn(CNC(=O)CN3CCN(c4ccccc4)CC3)c1-2,Ki,'>',40000.0,nM,1
CHEMBL3781953,COc1ccc2c(c1)OC(C)(C)c1cn(CCN3CCN(C(=O)c4cccs4)CC3)nc1-2,Ki,'>',40000.0,nM,1
CHEMBL3781036,COc1ccc2c(c1)OC(C)(C)c1cnn(CCN3CCN(C(=O)c4ccccc4)CC3)c1-2,Ki,'>',40000.0,nM,1
CHEMBL3779954,COc1ccc2c(c1)OC(C)(C)c1cn(CCN3CCN(C(=O)COc4ccccc4)CC3)nc1-2,Ki,'>',40000.0,nM,1
CHEMBL4202650,Cc1ccc(-c2cc(S(=O)(=O)NCCN3CCOCC3)nnc2-c2ccc(C)cc2)cc1,Ki,'>',40000.0,nM,1
CHEMBL3116282,CC(C)N(CCn1nc(OCc2cccc3ccccc23)c2ccccc21)C(C)C,Ki,'>',40000.0,nM,1
CHEMBL3781764,COc1ccc2c(c1)OC(C)(C)c1cnn(CCN3CCN(C(=O)c4ccco4)CC3)c1-2,Ki,'>',40000.0,nM,1
CHEMBL3417564,CCCCCCC(C)(C)C1=CC2=C(C(=O)C1=O)c1[nH]ncc1C(C)(C)O2,Ki,'>',40000.0,nM,1
CHEMBL2347049,CCCCCCCC/C=C\CCCCCCCCNC(=O)c1nc(-c2ccc(Cl)cc2)n(-c2ccc(Cl)cc2)n1,Ki,'>',40000.0,nM,1
CHEMBL3780020,COc1ccc2c(c1)OC(C)(C)c1cn(CCN3CCN(C(=O)C4CCCCC4)CC3)nc1-2,Ki,'>',40000.0,nM,1
CHEMBL3781158,COc1ccc2c(c1)OC(C)(C)c1cn(CCN3CCN(C(=O)c4ccco4)CC3)nc1-2,Ki,'>',40000.0,nM,1
CHEMBL3780471,COc1ccc2c(c1)OC(C)(C)c1cnn(CNC(=O)CN3CCN(c4cccc(C)c4C)CC3)c1-2,Ki,'>',40000.0,nM,1
CHEMBL4467161,CCCCCCC(C)(C)c1cc(OCc2ccccc2)c2c(c1)OC(C)(C)c1cnn(-c3ccc(Cl)cc3Cl)c1-2,Ki,'>',40000.0,nM,1
CHEMBL2347046,CCCCCCCC/C=C\CCCCCCCCNC(=O)c1nn(-c2ccccc2)c(-c2ccccc2)c1C,Ki,'>',40000.0,nM,1
CHEMBL3781437,COc1ccc2c(c1)OC(C)(C)c1cn(CCN3CCN(C(=O)C4CCCO4)CC3)nc1-2,Ki,'>',40000.0,nM,1
CHEMBL3780748,COc1ccc2c(c1)OC(C)(C)c1cn(CNC(=O)CN3CCN(c4ccccc4OC)CC3)nc1-2,Ki,'>',40000.0,nM,1
CHEMBL3781224,COc1ccc2c(c1)OC(C)(C)c1cnn(CCN3CCN(C(=O)c4cccs4)CC3)c1-2,Ki,'>',40000.0,nM,1
CHEMBL3780529,COc1ccc2c(c1)OC(C)(C)c1cn(CNC(=O)CN3CCN(c4cccc(C)c4C)CC3)nc1-2,Ki,'>',40000.0,nM,1
CHEMBL2287715,C#CC#CCCCC/C=C/C(=O)NCC(C)C,Ki,'>',40000.0,nM,1
CHEMBL2347043,CCCCCCCC/C=C\CCCCCCCCNC(=O)c1cc(-c2ccccc2)n(-c2ccccc2)n1,Ki,'>',40000.0,nM,1
CHEMBL3417565,CCCCCCC(C)(C)C1=CC2=C(C(=O)C1=O)c1nn(C)cc1C(C)(C)O2,Ki,'>',40000.0,nM,1
CHEMBL3116300,Nc1ccc2c(c1)c(OCc1ccc3ccccc3c1)nn2CCN1CCCCC1,Ki,'>',40000.0,nM,1
CHEMBL4562832,CCCCCCC(C)(C)c1cc2c(c3c1CCCO3)-c1nn(CC)cc1C(C)(C)O2,Ki,'>',40000.0,nM,1
CHEMBL4444725,CCCCCCC(C)(C)c1cc(OC)c2c(c1)OC(C)(C)c1cnoc1-2,Ki,'>',40000.0,nM,1
CHEMBL2347042,CCCCCCc1cc(-c2ccc(Cl)cc2)n(-c2ccc(Cl)cc2Cl)n1,Ki,'>',40000.0,nM,1
CHEMBL2347041,CCCCCc1cc(-c2ccc(Cl)cc2)n(-c2ccc(Cl)cc2Cl)n1,Ki,'>',40000.0,nM,1
CHEMBL4525232,CCCCCCC(C)(C)c1cc(OCCCO)c2c(c1)OC(C)(C)c1cn(CC)nc1-2,Ki,'>',40000.0,nM,1
CHEMBL4474930,CCCCCCC(C)(C)c1cc(O)c2c(c1)OC(C)(C)c1cnn(-c3cc(F)cc(F)c3)c1-2,Ki,'>',40000.0,nM,1
CHEMBL2347044,CCCCCCCCCCCCCCCCNC(=O)c1cc(-c2ccccc2)n(-c2ccccc2)n1,Ki,'>',40000.0,nM,1
CHEMBL3781726,Cl.O=C(NN1CCCCC1)c1nn(-c2ccc(Cl)cc2Cl)c2c1CCc1cc(C3CC3)ccc1-2,Ki,'>',40000.0,nM,1
CHEMBL4443532,CCCCCCC(C)(C)c1cc(OCc2ccccc2)c2c(c1)OC(C)(C)c1cnn(-c3ccc(Cl)c(Cl)c3)c1-2,Ki,'>',40000.0,nM,1
CHEMBL3116290,COc1ccc(COc2nn(CCN(C(C)C)C(C)C)c3ccc([N+](=O)[O-])cc23)cc1,Ki,'>',40000.0,nM,1
CHEMBL3780124,O=C(NN1CCCC1)c1nn(-c2ccc(Cl)cc2Cl)c2c1ccc1cc(C3CC3)ccc12,Ki,'>',40000.0,nM,1
CHEMBL3780775,O=C(NN1CCCCC1)c1nn(-c2ccc(Cl)cc2Cl)c2c1ccc1cc(C3CC3)ccc12,Ki,'>',40000.0,nM,1
CHEMBL4744663,COc1ccc(COc2n[nH]c3ccc([N+](=O)[O-])cc23)cc1,Ki,'>',40000.0,nM,1
CHEMBL4741527,O=[N+]([O-])c1ccc2[nH]nc(OCc3cccc4ccccc34)c2c1,Ki,'>',40000.0,nM,1
CHEMBL4537285,CCCCCCC(C)(C)c1cc(OCC)c2c(c1)OC(C)(C)c1cnn(-c3ccc(Cl)c(Cl)c3)c1-2,Ki,'>',40000.0,nM,1
CHEMBL3780452,COc1ccc2c(c1)OC(C)(C)c1cnn(CNC(=O)CN3CCN(c4ccccc4OC)CC3)c1-2,Ki,'>',40000.0,nM,1
CHEMBL149859,CCCCC/C=C\C/C=C\CCCCCCCC(=O)NCCO,Ki,'>',41400.0,nM,1
CHEMBL36327,O=C(O[C@@H]1Cc2c(O)cc(O)cc2O[C@@H]1c1ccc(O)c(O)c1)c1cc(O)c(O)c(O)c1,Ki,'=',47300.0,nM,1
CHEMBL3353842,N#Cc1ccccc1CSc1nnc2c3ccccc3n(C(=O)C3CCCC3)c2n1,Ki,'>',60000.0,nM,1
CHEMBL3353812,O=[N+]([O-])c1ccccc1CSc1nnc2c(n1)[nH]c1ccccc12,Ki,'>',60000.0,nM,1
CHEMBL3354396,COC(=O)CCC(=O)n1c2ccccc2c2nnc(SCc3ccccc3C#N)nc21,Ki,'>',60000.0,nM,1
CHEMBL3354399,O=C(c1ccccc1)n1c2ccccc2c2nnc(SCc3ccccc3[N+](=O)[O-])nc21,Ki,'>',60000.0,nM,1
CHEMBL3354403,N#Cc1ccccc1CSc1nnc2c3ccccc3n(C(=O)c3ccc(OC(F)(F)F)cc3)c2n1,Ki,'>',60000.0,nM,1
CHEMBL3353802,N#Cc1ccccc1CSc1nnc2c(n1)[nH]c1ccccc12,Ki,'>',60000.0,nM,1
CHEMBL3353835,N#Cc1ccccc1CSc1nnc2c3ccccc3n(Cc3ccccc3[N+](=O)[O-])c2n1,Ki,'>',60000.0,nM,1
CHEMBL3354395,N#Cc1ccccc1CSc1nnc2c3ccccc3n(C(=O)C3CCCCC3)c2n1,Ki,'>',60000.0,nM,1
CHEMBL3354407,N#Cc1ccccc1CSc1nnc2c3ccccc3n(C(=O)c3ccno3)c2n1,Ki,'>',60000.0,nM,1
CHEMBL361218,CCCNC(=O)N[C@@H](C)c1ccc(S(=O)(=O)c2ccc(OC)cc2S(=O)(=O)c2ccc(OC)cc2)cc1,Ki,'=',72089.0,nM,1
CHEMBL426962,COc1ccc(S(=O)(=O)c2cc(OC)ccc2S(=O)(=O)c2ccc([C@H](C)NC(=O)Nc3ccc(C)cc3)cc2)cc1,Ki,'=',100000.0,nM,1
CHEMBL1836187,N#C/C(=C\c1cn(CCN2CCCCC2)c2ccccc12)S(=O)(=O)c1ccccc1,Ki,'=',163400.0,nM,1
CHEMBL1822940,CCCOc1c(OC)ccc2cc(C(=O)NCCc3ccc(F)cc3)c(=O)[nH]c12,Ki,'=',336000.0,nM,1
CHEMBL1822942,CCCCCc1cc2cc(C(=O)NCCc3ccc(F)cc3)c(=O)n(C)c2c(O)c1OC,Ki,'=',864000.0,nM,1
CHEMBL1822941,CCCCCc1cc2cc(C(=O)NCCc3ccc(F)cc3)c(=O)[nH]c2c(O)c1OC,Ki,'=',2398000.0,nM,1
CHEMBL1650,CC(=O)OCC(=O)[C@@]1(O)CC[C@H]2[C@@H]3CCC4=CC(=O)CC[C@]4(C)[C@H]3C(=O)C[C@@]21C,Ki,,,,0
CHEMBL2179746,Cc1ccc(C(NC(=O)Cc2ccc(C(F)(F)F)cc2)NC(=O)Cc2ccc(C(F)(F)F)cc2)cc1,Ki,,,,1
CHEMBL4286343,C[C@H](NC(=O)COc1ccc2c(c1)c(C(=O)c1cccc3ccccc13)cn2CCN1CCOCC1)C(=O)N[C@@H](C)C(=O)NCCN,Ki,,,,1
CHEMBL4293565,COc1ccc(C(=O)c2cn(CC3CCOCC3)c3ccc(OCCOCCOCCOCCNC(C)=O)cc23)cc1,Ki,,,,0
CHEMBL224772,CCCCCCc1ccc(O)cc1OCCCCCC(=O)NC1CC1,Ki,,,,1
CHEMBL199555,O=C1NC(c2ccccc2)(c2ccccc2)C(=O)N1c1ccccc1,Ki,,,,1
CHEMBL1643,NC(=O)c1ncn([C@@H]2O[C@H](CO)[C@@H](O)[C@H]2O)n1,Ki,,,,0
CHEMBL4526418,O=C(CC1CCOC1)NC1CCN(c2ncnc3c2nc(-c2ccccc2Cl)n3-c2ccc(Cl)cc2)CC1,Ki,,,,1
CHEMBL1454946,COC(=O)Nc1nc2cc(C(=O)c3ccc(F)cc3)ccc2[nH]1,Ki,,,,0
CHEMBL2414019,CCOc1ccccc1-c1cc(C(=O)NC23CC4CC(CC(C4)C2)C3)no1,Ki,,,,1
CHEMBL4515035,CC12CCC(C1)C(C)(C)[C@H]2NC(=O)c1cc2c3cccnc3cc(-c3ccc(Cl)cc3Cl)n2n1,Ki,,,,1
CHEMBL383228,O=C1C(c2ccccc2)N(C2CCCCC2)C(=O)N1C1CCCCC1,Ki,,,,1
CHEMBL799,O=C1CCc2cc(OCCCCc3nnnn3C3CCCCC3)ccc2N1,Ki,,,,0
CHEMBL1231530,O=C(O)CCNC(=O)c1ccccc1,Ki,,,,0
CHEMBL1144,CC[C@H](C)C(=O)O[C@H]1C[C@H](O)C=C2C=C[C@H](C)[C@H](CC[C@@H](O)C[C@@H](O)CC(=O)O)[C@H]21,Ki,,,,0
CHEMBL894,CC(NC(C)(C)C)C(=O)c1cccc(Cl)c1,Ki,,,,0
CHEMBL81977,NC(=O)c1cccc(N)c1,Ki,,,,0
CHEMBL1909072,NC(=O)C1CCN(CCCN2c3ccccc3Sc3ccc(Cl)cc32)CC1,Ki,,,,0
CHEMBL44657,COc1cc([C@@H]2c3cc4c(cc3[C@@H](O[C@@H]3O[C@@H]5CO[C@@H](C)O[C@H]5[C@H](O)[C@H]3O)[C@H]3COC(=O)[C@H]23)OCO4)cc(OC)c1O,Ki,,,,0
CHEMBL404811,C[C@@H]1CC[C@@]2(OC1)O[C@H]1[C@@H](O)[C@H]3[C@@H]4CC[C@H]5C[C@@H](O[C@@H]6O[C@H](CO)[C@H](O[C@@H]7O[C@H](CO)C(O)[C@H](O[C@@H]8OC[C@@H](O)[C@H](O)[C@H]8O)[C@H]7O[C@@H]7O[C@H](CO)[C@H](O)[C@H](O[C@@H]8O[C@H](CO)[C@@H](O)[C@H](O)[C@H]8O)[C@H]7O)[C@H](O)[C@H]6O)[C@H](O)C[C@]5(C)[C@H]4CC[C@]3(C)[C@H]1[C@@H]2C,Ki,,,,0
CHEMBL458019,C[n+]1ccc(-c2cc[n+](C)cc2)cc1.[Cl-].[Cl-],Ki,,,,0
CHEMBL683,CC(C)(Oc1ccc(Cl)cc1)C(=O)O,Ki,,,,0
CHEMBL467,NC(=O)NO,Ki,,,,0
CHEMBL1201024,C[N+]1(C)[C@H]2C[C@H](OC(=O)[C@H](CO)c3ccccc3)C[C@H]1[C@H]1O[C@H]12.[Br-],Ki,,,,0
CHEMBL460499,CCCCCCNC(=O)n1cc(F)c(=O)[nH]c1=O,Ki,,,,0
CHEMBL4549644,O=C(NCC1CCCCC1)NC1CCN(c2ncnc3c2nc(-c2ccccc2Cl)n3-c2ccc(OC(F)F)nc2)CC1,Ki,,,,1
CHEMBL4448838,O=C(NC1CCN(c2ncnc3c2nc(-c2ccccc2Cl)n3-c2ccc(Cl)cc2)CC1)N1CCCC1,Ki,,,,1
CHEMBL2326277,CCCCCCCN(Cc1ccc(N(CC)CC)cc1)S(=O)(=O)Cc1ccccc1,Ki,,,,1
CHEMBL4285985,COc1ccc(C(=O)c2cn(CC3CCOC3)c3ccc(O)cc23)cc1,Ki,,,,0
CHEMBL1316265,CCCCCCCC/C=C\CCCCCCCC(=O)N[C@@H](CO)Cc1ccc(O)cc1,Ki,,,,1
CHEMBL428,N[C@@H]1[C@H]2CN(c3nc4c(cc3F)c(=O)c(C(=O)O)cn4-c3ccc(F)cc3F)C[C@@H]12,Ki,,,,0
CHEMBL895,Oc1ccc2c3c1O[C@H]1[C@@H](O)CC[C@@]4(O)[C@@H](C2)N(CC2CCC2)CC[C@]314,Ki,,,,0
CHEMBL565733,CCn1cnc(-c2nn(-c3ccc(Cl)cc3Cl)c(-c3ccc(Cl)cc3)c2C)c1,Ki,,,,1
CHEMBL983,C[N+](C)(C)CCOC(=O)CCC(=O)OCC[N+](C)(C)C.[Cl-].[Cl-],Ki,,,,0
CHEMBL2326305,CCN(CC)c1ccc(CN[C@]23C[C@H]4C[C@H](C[C@H](C4)C2)C3)cc1,Ki,,,,1
CHEMBL6273,CN1CCN(c2c(F)cc3c(=O)c(C(=O)O)cn(CCF)c3c2F)CC1,Ki,,,,0
CHEMBL50588,CC[C@H]1CN2CCc3cc(OC)c(OC)cc3[C@@H]2C[C@@H]1C[C@H]1NCCc2cc(OC)c(OC)cc21,Ki,,,,0
CHEMBL4281106,CC(C)(NC(=O)COc1ccc2c(c1)c(C(=O)c1cccc3ccccc13)cn2CCN1CCOCC1)C(=O)NC(C)(C)C(=O)NCCNC(=O)CCCCCNC(=O)COc1ccc(/C=C/C2=[N+]3C(=Cc4ccc(-c5cccs5)n4[B-]3(F)F)C=C2)cc1,Ki,,,,1
CHEMBL1123,CCN(CC)CCOC(=O)C1(C2CCCCC2)CCCCC1,Ki,,,,0
CHEMBL506,COc1cc(NC(C)CCCN)c2ncccc2c1,Ki,,,,0
CHEMBL87285,C[C@]12CC[C@@H](O)C[C@@H]1CC[C@@H]1[C@@H]2CC[C@]2(C)C(=O)CC[C@@H]12,Ki,,,,0
CHEMBL1475,Cc1cc2cc3c(C)cc(=O)oc3c(C)c2o1,Ki,,,,0
CHEMBL2387077,CCCCn1c2c(cc(C(=O)NCc3ccccc3)c1=O)COCC2,Ki,,,,1
CHEMBL1490,OC(CCN1CCCCC1)(c1ccccc1)C1CCCCC1,Ki,,,,0
CHEMBL4568540,O=C(Nc1ccccc1F)NC1CCN(c2ncnc3c2nc(-c2ccccc2Cl)n3-c2ccc(OC(F)F)nc2)CC1,Ki,,,,1
CHEMBL4280669,COc1ccc(C(=O)c2cn(CC3CCOCC3)c3ccc(OCC(=O)NC(C)(C)C(=O)NC(C)(C)C(=O)NCCNC(=O)CCCCCNC(=O)COc4ccc(/C=C/C5=[N+]6C(=Cc7ccc(-c8cccs8)n7[B-]6(F)F)C=C5)cc4)cc23)cc1,Ki,,,,1
CHEMBL4563076,Cn1cc(-n2c(-c3ccccc3Cl)nc3c(N4CCC(NS(=O)(=O)c5ccc(F)c(F)c5)CC4)ncnc32)cn1,Ki,,,,1
CHEMBL4554868,Clc1ccc(-n2c(-c3ccccc3Cl)nc3c(N4CCC(Nc5ccncc5)CC4)ncnc32)cc1,Ki,,,,1
CHEMBL4449569,COCCC(=O)NC1CCN(c2ncnc3c2nc(-c2ccccc2Cl)n3-c2ccc(Cl)cc2)CC1,Ki,,,,1
CHEMBL4288667,COc1ccc(C(=O)c2cn(CCN3CCOCC3)c3ccc(OCC(=O)NCCCCCCCCNC(=O)CCCCCNC(=O)COc4ccc(/C=C/C5=[N+]6C(=Cc7ccc(-c8cccs8)n7[B-]6(F)F)C=C5)cc4)cc23)cc1,Ki,,,,1
CHEMBL109,CCCC(CCC)C(=O)O,Ki,,,,0
CHEMBL4560734,O=C(Nc1ccccc1F)NC1CCN(c2ncnc3c2nc(-c2ccccc2Cl)n3-c2ccc(C(F)(F)F)nc2)CC1,Ki,,,,1
CHEMBL564201,O=c1cnn([C@@H]2O[C@H](CO)[C@@H](O)[C@H]2O)c(=O)[nH]1,Ki,,,,0
CHEMBL1727,CC1=C(C(=O)O)N2C(=O)[C@@H](NC(=O)[C@H](N)c3ccccc3)[C@H]2SC1,Ki,,,,0
CHEMBL295416,Cc1cccc(Nc2cc(Cl)nc(SCC(=O)O)n2)c1C,Ki,,,,0
CHEMBL437,Nc1ccc(S(=O)(=O)Nc2nccs2)cc1,Ki,,,,0
CHEMBL93,CC(c1cc2ccccc2s1)N(O)C(N)=O,Ki,,,,0
CHEMBL611,COc1cc2nc(N3CCN(C(=O)C4CCCO4)CC3)nc(N)c2cc1OC,Ki,,,,0
CHEMBL1491,CCOC(=O)C1=C(COCCN)NC(C)=C(C(=O)OC)C1c1ccccc1Cl,Ki,,,,0
CHEMBL523875,CN(C(=O)n1c(=O)n(CCN2CCOCC2)c2ccccc21)C1CCCCC1,Ki,,,,1
CHEMBL1373,NC(=O)C[S+]([O-])C(c1ccccc1)c1ccccc1,Ki,,,,0
CHEMBL523394,NC(=O)[C@@H](NC(=O)n1c(=O)n(CCN2CCOCC2)c2ccccc21)c1ccccc1,Ki,,,,1
CHEMBL576618,Cc1c(-c2cn(C(C)(C)C)cn2)nn(-c2ccc(Cl)cc2Cl)c1-c1ccc(Cl)cc1,Ki,,,,1
CHEMBL4537509,O=C(Nc1ccccc1F)NC1CCN(c2ncnc3c2nc(-c2ccccc2Cl)n3-c2ccc(F)cc2)CC1,Ki,,,,1
CHEMBL1751,C[C@H]1O[C@@H](O[C@H]2[C@@H](O)C[C@H](O[C@H]3[C@@H](O)C[C@H](O[C@H]4CC[C@@]5(C)[C@H](CC[C@@H]6[C@@H]5C[C@@H](O)[C@]5(C)[C@@H](C7=CC(=O)OC7)CC[C@]65O)C4)O[C@@H]3C)O[C@@H]2C)C[C@H](O)[C@@H]1O,Ki,,,,0
CHEMBL2387184,CCCCn1c2c(cc(C(=O)NC3CCN(C)CC3)c1=O)CCCCCC2,Ki,,,,1
CHEMBL1200623,CC[C@]1(O)CC[C@H]2[C@@H]3CCC4=CCCC[C@@H]4[C@H]3CC[C@@]21C,Ki,,,,0
CHEMBL94,CNC(=O)Oc1ccc2c(c1)[C@]1(C)CCN(C)[C@@H]1N2C,Ki,,,,0
CHEMBL4292412,O=C(CCCCCNC(=O)COc1ccc(/C=C/C2=[N+]3C(=Cc4ccc(-c5cccs5)n4[B-]3(F)F)C=C2)cc1)NCCCCCCCCNC(=O)COc1ccc2c(c1)c(C(=O)c1cccc3ccccc13)cn2CCN1CCOCC1,Ki,,,,1
CHEMBL4277100,COc1ccc(C(=O)c2cn(CCN3CCOCC3)c3ccc(OCC(=O)NCCOCCOCCNC(C)=O)cc23)cc1,Ki,,,,1
CHEMBL4293063,NCCCCCCCCNC(=O)COc1ccc2c(c1)c(C(=O)c1cccc3ccccc13)cn2CCN1CCOCC1,Ki,,,,1
CHEMBL515914,CC(=O)OC[C@H]1O[C@@H](n2ncc(=O)[nH]c2=O)[C@H](OC(C)=O)[C@@H]1OC(C)=O,Ki,,,,0
CHEMBL177,NCC[C@H](O)C(=O)N[C@@H]1C[C@H](N)[C@@H](O[C@H]2O[C@H](CN)[C@@H](O)[C@H](O)[C@H]2O)[C@H](O)[C@H]1O[C@H]1O[C@H](CO)[C@@H](O)[C@H](N)[C@H]1O,Ki,,,,0
CHEMBL189171,COc1ccc2c(c1)c(CC(=O)OCC(=O)O)c(C)n2C(=O)c1ccc(Cl)cc1,Ki,,,,0
CHEMBL1082,CC1(C)S[C@@H]2[C@H](NC(=O)[C@H](N)c3ccc(O)cc3)C(=O)N2[C@H]1C(=O)O,Ki,,,,0
CHEMBL587528,c1ccc(CSc2nnc3c(n2)[nH]c2ccccc23)cc1,Ki,,,,1
CHEMBL4585561,CCCCCn1c(=O)sc2cc(C(=O)C3C(C)(C)C3(C)C)ccc21,Ki,,,,1
CHEMBL37858,O=C(O)c1cn(-c2ccc(F)cc2)c2cc(N3CCNCC3)c(F)cc2c1=O,Ki,,,,0
CHEMBL8,O=C(O)c1cn(C2CC2)c2cc(N3CCNCC3)c(F)cc2c1=O,Ki,,,,0
CHEMBL115769,COc1cc(N)[nH]c2nc(-c3ccc(F)cc3)c(-c3ccncc3)c1-2,Ki,,,,0
CHEMBL83,CC/C(=C(\c1ccccc1)c1ccc(OCCN(C)C)cc1)c1ccccc1,Ki,,,,0
CHEMBL762,Cc1cc(C(C)(C)C)c(O)c(C)c1CC1=NCCN1,Ki,,,,0
CHEMBL3353811,Clc1ccc(CSc2nnc3c(n2)[nH]c2ccccc23)cc1,Ki,,,,1
CHEMBL3353806,Fc1ccccc1CSc1nnc2c(n1)[nH]c1ccccc12,Ki,,,,1
CHEMBL3353809,Clc1ccccc1CSc1nnc2c(n1)[nH]c1ccccc12,Ki,,,,1
CHEMBL3353803,CSc1nnc2c(n1)[nH]c1ccccc12,Ki,,,,1
CHEMBL4287751,COc1ccc(C(=O)c2cn(CCN3CCOCC3)c3ccc(OCC(=O)NCCOCCOCCN)cc23)cc1,Ki,,,,1
CHEMBL268291,CN(C)C=O,Ki,,,,0
CHEMBL4206111,Cc1ccc(-c2cc(SNC3CCCCC3)nnc2-c2ccc(C)cc2)cc1,Ki,,,,1
CHEMBL4280525,COc1ccc(C(=O)c2cn(CCN3CCOCC3)c3ccc(OCC(=O)NCCCCCCCCN)cc23)cc1,Ki,,,,1
CHEMBL1256017,N=C(N)NCCCCNC(=N)N.O=S(=O)(O)O,Ki,,,,0
CHEMBL254219,C[C@H]1O[C@@H](O[C@H]2[C@@H](O)C[C@H](O[C@H]3[C@@H](O)C[C@H](O[C@H]4CC[C@@]5(C)[C@H](CC[C@@H]6[C@@H]5CC[C@]5(C)[C@@H](C7=CC(=O)OC7)CC[C@]65O)C4)O[C@@H]3C)O[C@@H]2C)C[C@H](O)[C@@H]1O,Ki,,,,0
CHEMBL1873703,ClC1=C(Cl)[C@]2(Cl)[C@@H]3[C@@H]4C[C@@H]([C@H]5O[C@@H]45)[C@@H]3[C@@]1(Cl)C2(Cl)Cl,Ki,,,,0
CHEMBL157101,CC(=O)N1CCN(c2ccc(OCC3COC(Cn4ccnc4)(c4ccc(Cl)cc4Cl)O3)cc2)CC1,Ki,,,,0
CHEMBL191,CCCCc1nc(Cl)c(CO)n1Cc1ccc(-c2ccccc2-c2nnn[nH]2)cc1,Ki,,,,0
CHEMBL13,COCCc1ccc(OCC(O)CNC(C)C)cc1,Ki,,,,0
CHEMBL302795,CN1C(C(=O)Nc2ccccn2)=C(O)c2sccc2S1(=O)=O,Ki,,,,0
CHEMBL960,Cc1oncc1C(=O)Nc1ccc(C(F)(F)F)cc1,Ki,,,,0
CHEMBL364713,COc1ccc2c(c1OC)C(=O)O[C@@H]2[C@H]1c2c(cc3c(c2OC)OCO3)CCN1C,Ki,,,,0
CHEMBL1902981,CCc1ccc(C(=O)C(C)CN2CCCCC2)cc1,Ki,,,,0
CHEMBL891,Cc1onc(-c2ccccc2Cl)c1C(=O)N[C@@H]1C(=O)N2[C@@H]1SC(C)(C)[C@@H]2C(=O)O,Ki,,,,0
CHEMBL526,CC(C)c1cccc(C(C)C)c1O,Ki,,,,0
CHEMBL481,CCc1c2c(nc3ccc(OC(=O)N4CCC(N5CCCCC5)CC4)cc13)-c1cc3c(c(=O)n1C2)COC(=O)[C@]3(O)CC,Ki,,,,0
CHEMBL1554,Cc1c2oc3c(C)ccc(C(=O)N[C@@H]4C(=O)N[C@H](C(C)C)C(=O)N5CCC[C@H]5C(=O)N(C)CC(=O)N(C)[C@@H](C(C)C)C(=O)O[C@@H]4C)c3nc-2c(C(=O)N[C@@H]2C(=O)N[C@H](C(C)C)C(=O)N3CCC[C@H]3C(=O)N(C)CC(=O)N(C)[C@@H](C(C)C)C(=O)O[C@@H]2C)c(N)c1=O,Ki,,,,0
CHEMBL2326276,CCCCCCCN(Cc1ccc(N(CC)CC)cc1)S(=O)(=O)c1ccc(Cl)cc1,Ki,,,,1
CHEMBL2326283,CCCCCCCC(=O)N(CCCCCCC)Cc1ccc(N(CC)CC)cc1,Ki,,,,1
CHEMBL154,COc1ccc2cc([C@H](C)C(=O)O)ccc2c1,Ki,,,,0
CHEMBL1215907,CCCCCn1cc(C(=O)NC23CC4CC(CC(C4)C2)C3)c(=O)c2cc(-c3ccc(OC(C)C)cc3)ccc21,Ki,,,,1
CHEMBL564,CN(C)CCCN1c2ccccc2Sc2ccccc21,Ki,,,,0
CHEMBL498,CCCNC(=O)NS(=O)(=O)c1ccc(Cl)cc1,Ki,,,,0
CHEMBL2326275,CCCCCCCN(Cc1ccc(N(CC)CC)cc1)S(=O)(=O)c1ccc(F)cc1,Ki,,,,1
CHEMBL1236282,CS(=O)(=O)c1ccc([C@@H](O)[C@@H](CO)NC(=O)C(Cl)Cl)cc1,Ki,,,,0
CHEMBL57,Cc1ccnc2c1NC(=O)c1cccnc1N2C1CC1,Ki,,,,0
CHEMBL1070,COc1ccc2cc(CCC(C)=O)ccc2c1,Ki,,,,0
CHEMBL1371937,CC(C)(CO)C(O)C(=O)NCCCO,Ki,,,,0
CHEMBL569,CCN(CC)CCOC(=O)c1ccc(N)cc1,Ki,,,,0
CHEMBL1729,COc1cc(N)c(Cl)cc1C(=O)NC1CCN(CCCOc2ccc(F)cc2)CC1OC,Ki,,,,0
CHEMBL1221,Clc1ccc(CSC(Cn2ccnc2)c2ccc(Cl)cc2Cl)cc1,Ki,,,,0
CHEMBL334255,CCCCCCCCCCCCCCCC[n+]1ccccc1.[Br-],Ki,,,,0
CHEMBL1908355,NC(=O)N1C(=O)/C(=C(\O)c2cccs2)c2cc(Cl)ccc21,Ki,,,,0
CHEMBL1566956,COc1cc(C(=O)NC2CCCNC2)cc(OC)c1OC,Ki,,,,0
CHEMBL58,O=C1c2c(O)ccc(O)c2C(=O)c2c(NCCNCCO)ccc(NCCNCCO)c21,Ki,,,,0
CHEMBL42,CN1CCN(C2=Nc3cc(Cl)ccc3Nc3ccccc32)CC1,Ki,,,,0
CHEMBL224052,O=C(Nc1ccc(Br)cc1)NC(c1ccccc1)c1ccccc1,Ki,,,,1
CHEMBL1385840,CC(C)[C@H]1C(=O)N2CCC[C@H]2[C@]2(O)O[C@](NC(=O)[C@@H]3C=C4c5cccc6[nH]cc(c56)C[C@H]4N(C)C3)(C(C)C)C(=O)N12,Ki,,,,0
CHEMBL374160,O=C1NC(c2ccc(F)cc2)(c2ccc(F)cc2)C(=O)N1c1ccccc1,Ki,,,,1
CHEMBL640,CCN(CC)CCNC(=O)c1ccc(N)cc1,Ki,,,,0
CHEMBL534,CN1CCC(=C2c3ccccc3CC(=O)c3sccc32)CC1,Ki,,,,0
CHEMBL4436666,Cn1nnnc1CCC(=O)NC1CCN(c2ncnc3c2nc(-c2ccccc2Cl)n3-c2ccc(Cl)cc2)CC1,Ki,,,,1
CHEMBL4468843,O=C(CN1CCCCC1)NC1CCN(c2ncnc3c2nc(-c2ccccc2Cl)n3-c2ccc(Cl)cc2)CC1,Ki,,,,1
CHEMBL444302,NC(=O)[C@H](Cc1ccccc1)NC(=O)n1c(=O)n(CCN2CCOCC2)c2ccccc21,Ki,,,,1
CHEMBL991,Cc1cn([C@H]2C=C[C@@H](CO)O2)c(=O)[nH]c1=O,Ki,,,,0
CHEMBL2336533,CCN(CC)c1ccc(CN(Cc2ccc(Cl)c(Cl)c2)S(=O)(=O)c2ccc(C)cc2)cc1,Ki,,,,1
CHEMBL2179757,O=C(Cc1ccc(Cl)cc1)NC(NC(=O)Cc1ccc(Cl)cc1)c1ccccc1F,Ki,,,,1
CHEMBL923,O=P(O)(O)C(O)(Cc1cccnc1)P(=O)(O)O,Ki,,,,0
CHEMBL1909070,CC(C)(Oc1ccc(C2CCCc3ccccc32)cc1)C(=O)O,Ki,,,,0
CHEMBL424,O=C(O)c1ccccc1O,Ki,,,,0
CHEMBL2105807,CO[C@@H]1[C@@H](OC)[C@H](C)[C@@](O)(CC(=O)O)O[C@H]1[C@H](C)[C@H]1O[C@@]2(CC[C@@](C)([C@H]3CC[C@@](C)([C@@H]4O[C@@H]([C@H]5O[C@](C)(O)[C@H](C)C[C@@H]5C)C[C@@H]4O[C@@H]4C[C@H](OC)[C@@H](OC)[C@H](C)O4)O3)O2)C[C@H](O)[C@H]1C.N,Ki,,,,0
CHEMBL434,CC(C)NCC(O)c1ccc(O)c(O)c1,Ki,,,,0
CHEMBL385775,O=C(CCCCCOc1cccc(O)c1)NCCO,Ki,,,,1
CHEMBL494619,O=C(Nc1cccc2ccccc12)N1Cc2ccccc2N(CCN2CCOCC2)C1=O,Ki,,,,1
CHEMBL2179747,COc1ccc(C(NC(=O)Cc2ccc(C(F)(F)F)cc2)NC(=O)Cc2ccc(C(F)(F)F)cc2)cc1,Ki,,,,1
CHEMBL4562042,O=S(=O)(NC1CCN(c2ncnc3c2nc(-c2ccccc2Cl)n3-c2cc(C(F)(F)F)[nH]n2)CC1)c1ccc(F)c(F)c1,Ki,,,,1
CHEMBL2179743,O=C(Cc1ccc(C(F)(F)F)cc1)NC(NC(=O)Cc1ccc(C(F)(F)F)cc1)c1ccccc1F,Ki,,,,1
CHEMBL4475963,O=C(NC1CCN(c2ncnc3c2nc(-c2ccccc2Cl)n3-c2ccc(Cl)cc2)CC1)OC1COC1,Ki,,,,1
CHEMBL20883,O=c1[nH]c(=O)n(C2CCCO2)cc1F,Ki,,,,0
CHEMBL524818,CC(C)(C)[C@H](NC(=O)n1c(=O)n(CCN2CCCC2)c2ccccc21)C(N)=O,Ki,,,,1
CHEMBL129,Cc1cn([C@H]2C[C@H](N=[N+]=[N-])[C@@H](CO)O2)c(=O)[nH]c1=O,Ki,,,,0
CHEMBL4575258,CCCCCn1c(=O)sc2cc(C(=O)NC34CC5CC(CC(C5)C3)C4)ccc21,Ki,,,,1
CHEMBL696,CCC1(C)CC(=O)NC1=O,Ki,,,,0
CHEMBL434063,CN(CCOc1ccc(C[C@H](Nc2ccccc2C(=O)c2ccccc2)C(=O)O)cc1)c1ccccn1,Ki,,,,0
CHEMBL71,CN(C)CCCN1c2ccccc2Sc2ccc(Cl)cc21,Ki,,,,0
CHEMBL181,CC1=Nc2ccc(Cl)cc2S(=O)(=O)N1,Ki,,,,0
CHEMBL3354408,N#Cc1ccccc1CSc1nnc2c3ccccc3n(C(=O)N3CCOCC3)c2n1,Ki,,,,1
CHEMBL3354400,N#Cc1ccccc1CSc1nnc2c3ccccc3n(C(=O)c3ccc(F)cc3)c2n1,Ki,,,,1
CHEMBL4436258,CC(=O)Nc1ccc(-n2c(-c3ccccc3Cl)nc3c(N4CCC(NS(=O)(=O)c5ccc(F)c(F)c5)CC4)ncnc32)cn1,Ki,,,,1
CHEMBL5077219,CCN(CC)S(=O)(=O)/N=C(/N=C(/C)N)N1C[C@@H](c2ccccc2)C(c2ccc(Cl)cc2)=N1,Ki,,,,0
CHEMBL224626,O=C(Nc1ccc(Cl)cc1)NC(c1ccccc1)c1ccccc1,Ki,,,,1
CHEMBL549,CN(C)CCCC1(c2ccc(F)cc2)OCc2cc(C#N)ccc21,Ki,,,,0
CHEMBL4561750,O=C(NC1CCN(c2ncnc3c2nc(-c2ccccc2Cl)n3-c2ccc(Cl)cc2)CC1)OCC1COC1,Ki,,,,1
CHEMBL622,CCc1cccc2c3c([nH]c12)C(CC)(CC(=O)O)OCC3,Ki,,,,0
CHEMBL458623,CCCCCCCCCCC[C@@H](C[C@@H]1OC(=O)[C@H]1CCCCCC)OC(=O)[C@H](CC(C)C)NC(=O)OC(C)(C)C,Ki,,,,1
CHEMBL520494,CCCCCCCCCCC[C@@H](C[C@@H]1OC(=O)[C@H]1CCCCCC)OC(=O)[C@H](Cc1ccccc1)NC=O,Ki,,,,1
CHEMBL611937,COCCC(C)(C)C(=O)Nc1cc(C)c(C)c(S(=O)(=O)N2CCOCC2)c1,Ki,,,,1
CHEMBL441687,CC1(C)[C@@H](O[C@H]2O[C@H](C(=O)O)[C@@H](O)[C@H](O)[C@H]2O[C@@H]2O[C@H](C(=O)O)[C@@H](O)[C@H](O)[C@H]2O)CC[C@]2(C)[C@H]3C(=O)C=C4[C@@H]5C[C@@](C)(C(=O)O)CC[C@]5(C)CC[C@@]4(C)[C@]3(C)CC[C@@H]12,Ki,,,,0
CHEMBL225614,CCCCCCCCCCCCCCCc1cccc(OCCCCCCCCCCC(=O)NCCO)c1,Ki,,,,1
CHEMBL2387072,CCCCn1c(C)c(C)cc(NC(=O)Nc2ccccc2)c1=O,Ki,,,,1
CHEMBL2336568,CCN(CC)c1ccc(CN(Cc2ccccc2)S(=O)(=O)c2ccc(OC(F)(F)F)cc2)cc1,Ki,,,,1
CHEMBL4439306,Clc1ccc(-n2c(-c3ccccc3Cl)nc3c(N4CCC(NCc5ccccc5)CC4)ncnc32)cc1,Ki,,,,1
CHEMBL2336557,CCCCc1ccc(CN(Cc2ccccc2)S(=O)(=O)c2ccc(C)cc2)cc1,Ki,,,,1
CHEMBL1215966,CCCCCn1cc(C(=O)NC23CC4CC(CC(C4)C2)C3)c(=O)c2cc(CCC(C)(C)C)ccc21,Ki,,,,1
CHEMBL3353830,CCCCn1c2ccccc2c2nnc(SCc3ccccc3C#N)nc21,Ki,,,,1
CHEMBL1762,Cc1cccc(C)c1NC(=O)C(C)N,Ki,,,,0
CHEMBL2107797,C#CC1(O)CC[C@H]2[C@@H]3CCC4=CC(=O)CC[C@@H]4[C@H]3CC[C@@]21CC,Ki,,,,0
CHEMBL698,CCCCNc1ccc(C(=O)OCCN(C)C)cc1,Ki,,,,0
CHEMBL398645,O=C(NC1CCCCC1)c1cn(Cc2ccccc2)c2cc(Cl)ccc2c1=O,Ki,,,,1
CHEMBL370626,O=C(Nc1ccccc1)NC(c1ccccc1)c1ccccc1,Ki,,,,1
CHEMBL225568,CCCCCCc1ccc(NC(=O)NC(c2ccccc2)c2ccccc2)cc1,Ki,,,,1
CHEMBL452,O=C1CN=C(c2ccccc2Cl)c2cc([N+](=O)[O-])ccc2N1,Ki,,,,0
CHEMBL585,Nc1nc(N)c2nc(-c3ccccc3)c(N)nc2n1,Ki,,,,0
CHEMBL174,CC1(C)S[C@@H]2[C@H](NC(=O)[C@H](N)c3ccccc3)C(=O)N2[C@H]1C(=O)O,Ki,,,,0
CHEMBL1208572,CC[C@@H](C(=O)[C@@H](C)[C@@H](O)[C@H](C)[C@@H]1O[C@@H]([C@@H](CC)C(=O)O)CC[C@@H]1C)[C@H]1O[C@]2(C=C[C@@H](O)[C@]3(CC[C@@](C)([C@H]4CC[C@](O)(CC)[C@H](C)O4)O3)O2)[C@H](C)C[C@@H]1C,Ki,,,,0
CHEMBL70586,CN(C(=O)Cc1ccc(Cl)c(Cl)c1)[C@H]1CC[C@@]2(CCCO2)C[C@@H]1N1CCCC1,Ki,,,,0
CHEMBL716,OCCOCCN1CCN(C2=Nc3ccccc3Sc3ccccc32)CC1,Ki,,,,0
CHEMBL2179774,O=C(Cc1ccccc1)NC(NC(=O)Cc1ccccc1)c1cccc(F)c1,Ki,,,,1
CHEMBL1289,Clc1cc(Cl)c(OCC#CI)cc1Cl,Ki,,,,0
CHEMBL2179773,O=C(Cc1ccccc1)NC(NC(=O)Cc1ccccc1)c1ccccc1F,Ki,,,,1
CHEMBL2326274,CCCCCCCN(Cc1ccc(N(CC)CC)cc1)S(=O)(=O)c1ccc(OC(C)C)cc1,Ki,,,,1
CHEMBL1215979,C=CCn1cc(C(=O)NC23CC4CC(CC(C4)C2)C3)c(=O)c2cc(Br)ccc21,Ki,,,,1
CHEMBL2179767,O=C(Cc1ccccc1)NC(NC(=O)Cc1ccccc1)c1ccccc1C(F)(F)F,Ki,,,,1
CHEMBL4529310,O=C(Nc1cccnc1C(F)(F)F)NC1CCN(c2ncnc3c2nc(-c2ccccc2Cl)n3-c2ccc(Cl)cc2)CC1,Ki,,,,1
CHEMBL2179729,CCCCC(NC(=O)Cc1ccccc1)NC(=O)Cc1ccccc1,Ki,,,,1
CHEMBL1651906,CN(N=O)C(=O)N[C@H]1C(O)O[C@H](CO)[C@@H](O)[C@@H]1O,Ki,,,,0
CHEMBL4565332,CCCCCn1c(=O)sc2ccc(C(=O)C3C(C)(C)C3(C)C)cc21,Ki,,,,1
CHEMBL2179760,O=C(Cc1ccccc1)NC(NC(=O)Cc1ccccc1)c1ccc(Cl)cc1,Ki,,,,1
CHEMBL498847,Cc1ncc([N+](=O)[O-])n1CC(C)O,Ki,,,,0
CHEMBL2179772,O=C(Cc1ccccc1)NC(NC(=O)Cc1ccccc1)c1ccccc1,Ki,,,,1
CHEMBL283196,O=c1cc(-c2ccccc2)oc2c1ccc1ccccc12,Ki,,,,0
CHEMBL2326279,CCCCCCCN(Cc1ccc(N(CC)CC)cc1)C(=O)Cc1ccccc1,Ki,,,,1
CHEMBL2179758,O=C(Cc1ccc(Cl)cc1)NC(NC(=O)Cc1ccc(Cl)cc1)c1ccc(F)cc1,Ki,,,,1
CHEMBL4548364,CCCCCn1c(=O)sc2ccc(C(=O)C34CC5CC(CC(C5)C3)C4)cc21,Ki,,,,1
CHEMBL60889,CCOc1cc(N)c(Cl)cc1C(=O)NCC1CN(Cc2ccc(F)cc2)CCO1,Ki,,,,0
CHEMBL1214185,CC[C@H]1OC(=O)[C@H](C)[C@@H](O[C@H]2C[C@@](C)(OC)[C@@H](O)[C@H](C)O2)[C@H](C)[C@@H](O[C@@H]2O[C@H](C)C[C@H](N(C)C)[C@H]2O)[C@](C)(O)C[C@@H](C)/C(=N\OCOCCOC)[C@H](C)[C@@H](O)[C@]1(C)O,Ki,,,,0
CHEMBL2107687,CCC(C)C(C(=O)OCC[N+](C)(CC)CC)c1ccccc1.[Br-],Ki,,,,0
CHEMBL38,CC1=C(/C=C/C(C)=C/C=C/C(C)=C/C(=O)O)C(C)(C)CCC1,Ki,,,,0
CHEMBL418971,CC(C)(c1ccc(O)cc1)c1ccc(O)cc1,Ki,,,,0
CHEMBL650,C[C@H]1C[C@@H]2[C@H]([C@@H](O)C[C@@]3(C)[C@H]2CC[C@]3(O)C(=O)CO)[C@@]2(C)C=CC(=O)C=C12,Ki,,,,0
CHEMBL1515,Cn1ccnc1S,Ki,,,,0
CHEMBL504760,CC1(C)[C@@H]2CC[C@@]1(C)C(=O)C2,Ki,,,,0
CHEMBL917,O=c1[nH]c(=O)n([C@H]2C[C@H](O)[C@@H](CO)O2)cc1F,Ki,,,,0
CHEMBL141343,Cc1c(C)c2c(c(C)c1O)CCC(C)(CN1CCN(c3cc(N4CCCC4)nc(N4CCCC4)n3)CC1)O2,Ki,,,,0
CHEMBL313493,COS(C)(=O)=O,Ki,,,,0
CHEMBL1540,Nc1nc(O)c2ncn(CCC(CO)CO)c2n1,Ki,,,,0
CHEMBL9514,COC(=O)Nc1nc2cc(C(=O)c3cccs3)ccc2[nH]1,Ki,,,,0
CHEMBL1626,CN1CCC[C@@H]1CCO[C@](C)(c1ccccc1)c1ccc(Cl)cc1,Ki,,,,0
CHEMBL12131,Cc1cc(C(C#N)c2ccc(Cl)cc2)c(Cl)cc1NC(=O)c1cc(I)cc(I)c1O,Ki,,,,0
CHEMBL278172,CCOC(=O)c1ccc(N)cc1,Ki,,,,0
CHEMBL1221512,CC[C@H](C)[C@@H](CO[C@@H](Cc1ccccc1)C(=O)N[C@@H](CCS(C)(=O)=O)C(=O)OC(C)C)NC[C@@H](N)CS,Ki,,,,0
CHEMBL3353801,CCCCSc1nnc2c(n1)[nH]c1ccccc12,Ki,,,,1
CHEMBL3353813,O=[N+]([O-])c1ccc(CSc2nnc3c(n2)[nH]c2ccccc23)cc1,Ki,,,,1
CHEMBL2414016,O=C(NC1C2CC3CC(C2)CC1C3)c1cc(-c2ccccc2)on1,Ki,,,,1
CHEMBL2414027,CCCCCOc1ccc(-c2cc(C(=O)NC34CC5CC(CC(C5)C3)C4)no2)cc1,Ki,,,,1
CHEMBL4465093,CS(=O)(=O)CCC(=O)NC1CCN(c2ncnc3c2nc(-c2ccccc2Cl)n3-c2ccc(Cl)cc2)CC1,Ki,,,,1
CHEMBL325372,COC(=O)c1ccc(O)cc1,Ki,,,,0
CHEMBL32749,COc1cc(/C=C/C(=O)O)ccc1O,Ki,,,,0
CHEMBL633,CCCCc1oc2ccccc2c1C(=O)c1cc(I)c(OCCN(CC)CC)c(I)c1,Ki,,,,0
CHEMBL444887,CCCCCc1cc(O)cc(OCCCCCC(=O)Nc2ccc(O)cc2)c1,Ki,,,,1
CHEMBL568007,CCc1c(-c2nn(-c3ccc(Cl)cc3Cl)c(-c3ccc(Cl)cc3)c2C)ncn1C(C)C,Ki,,,,1
CHEMBL744,Nc1nc2ccc(OC(F)(F)F)cc2s1,Ki,,,,0
CHEMBL1200629,CC(=O)O[C@H]1C[C@@H]2CC[C@@H]3[C@H](CC[C@@]4(C)[C@H]3C[C@H]([N+]3(C)CCCCC3)[C@@H]4OC(C)=O)[C@@]2(C)C[C@@H]1N1CCCCC1.[Br-],Ki,,,,0
CHEMBL227934,O=C1C[C@@H]2OCC=C3CN4CC[C@]56c7ccccc7N1[C@H]5[C@H]2[C@H]3C[C@H]46,Ki,,,,0
CHEMBL52440,COc1ccc2c(c1)[C@]13CCCC[C@@H]1[C@H](C2)N(C)CC3,Ki,,,,0
CHEMBL277100,CC1CN(c2cc3c(cc2F)c(=O)c(C(=O)O)cn3-c2ccc(F)cc2F)CCN1,Ki,,,,0
CHEMBL2336571,CCN(CC)c1ccc(CNS(=O)(=O)c2ccc(C)cc2)cc1,Ki,,,,1
CHEMBL29292,CC(C)C[C@H](NC(=O)[C@@H](O)[C@H](N)Cc1ccccc1)C(=O)O,Ki,,,,0
CHEMBL772,COC(=O)[C@H]1[C@H]2C[C@@H]3c4[nH]c5cc(OC)ccc5c4CCN3C[C@H]2C[C@@H](OC(=O)c2cc(OC)c(OC)c(OC)c2)[C@@H]1OC,Ki,,,,0
CHEMBL119385,O=c1ncn2nc(Sc3ccc(F)cc3F)ccc2c1-c1c(Cl)cccc1Cl,Ki,,,,0
CHEMBL184,Nc1nc2c(ncn2COCCO)c(=O)[nH]1,Ki,,,,0
CHEMBL2179770,Nc1ccc(C(NC(=O)Cc2ccccc2)NC(=O)Cc2ccccc2)cc1,Ki,,,,1
CHEMBL12089,COc1ccc2cc3[n+](cc2c1OC)CCc1cc2c(cc1-3)OCO2.[Cl-],Ki,,,,0
CHEMBL1237,NCCCC[C@H](N[C@@H](CCc1ccccc1)C(=O)O)C(=O)N1CCC[C@H]1C(=O)O,Ki,,,,0
CHEMBL1754,CCN1CC(CCN2CCOCC2)C(c2ccccc2)(c2ccccc2)C1=O,Ki,,,,0
CHEMBL53463,COc1cccc2c1C(=O)c1c(O)c3c(c(O)c1C2=O)C[C@@](O)(C(=O)CO)C[C@@H]3O[C@H]1C[C@H](N)[C@H](O)[C@H](C)O1,Ki,,,,0
CHEMBL2179742,O=C(Cc1ccc(C(F)(F)F)cc1)NC(NC(=O)Cc1ccc(C(F)(F)F)cc1)c1ccccc1,Ki,,,,1
CHEMBL2179744,O=C(Cc1ccc(C(F)(F)F)cc1)NC(NC(=O)Cc1ccc(C(F)(F)F)cc1)c1ccc(F)cc1,Ki,,,,1
CHEMBL2220442,CC(C)n1c(/C=C/C(O)CC(O)CC(=O)O)c(-c2ccc(F)cc2)c2ccccc21,Ki,,,,0
CHEMBL291338,O=C(Nc1ccc(Cl)c(Cl)c1)c1cc(Cl)cc(Cl)c1O,Ki,,,,0
CHEMBL494787,O=C(Nc1cccc2ccccc12)n1c(=O)n(CCN2CCOCC2)c2ccccc21,Ki,,,,1
CHEMBL485259,CC12CCC(CC1)C(C)(C)O2,Ki,,,,0
CHEMBL469,O=C(c1ccccc1)c1ccc2n1CCC2C(=O)O,Ki,,,,0
CHEMBL27577,NC(=O)c1ccccc1O,Ki,,,,0
CHEMBL1411979,CN(C)CCN(Cc1cccs1)c1ccccn1,Ki,,,,0
CHEMBL685,COC(=O)Nc1nc2cc(C(=O)c3ccccc3)ccc2[nH]1,Ki,,,,0
CHEMBL2336570,CCN(CC)c1ccc(CN(Cc2ccccc2)S(=O)(=O)c2ccc(-c3ccccc3)cc2)cc1,Ki,,,,1
CHEMBL27769,C[C@]12CCC(=O)C[C@@H]1CC[C@@H]1[C@@H]2CC[C@]2(C)[C@@H](O)CC[C@@H]12,Ki,,,,0
CHEMBL487894,Cc1c(N(C)CS(=O)(=O)[O-])c(=O)n(-c2ccccc2)n1C.[Na+],Ki,,,,0
CHEMBL38737,CC(=N)S,Ki,,,,0
CHEMBL527,CN1C(C(=O)Nc2ccccn2)=C(O)c2ccccc2S1(=O)=O,Ki,,,,0
CHEMBL1149,C[N+](C)(C)C[C@H](O)CC(=O)[O-],Ki,,,,0
CHEMBL3797248,COc1c(Cc2ccccc2)cc(-c2ccccc2)cc1C(=O)N[C@H]1CC[C@@H](C)CC1,Ki,,,,1
CHEMBL165790,CC(C)Oc1ccc2c(=O)c(-c3ccccc3)coc2c1,Ki,,,,0
CHEMBL3353841,N#Cc1ccccc1CSc1nnc2c3ccccc3n(C(=O)C3CC3)c2n1,Ki,,,,1
CHEMBL3353810,Clc1cccc(CSc2nnc3c(n2)[nH]c2ccccc23)c1,Ki,,,,1
CHEMBL3353805,N#Cc1cccc(CSc2nnc3c(n2)[nH]c2ccccc23)c1,Ki,,,,1
CHEMBL1504,CC1(C)O[C@@H]2C[C@H]3[C@@H]4CCC5=CC(=O)C=C[C@]5(C)[C@@]4(F)[C@@H](O)C[C@]3(C)[C@]2(C(=O)CO)O1,Ki,,,,0
CHEMBL1618305,C=CCN1CC[C@]23c4c5ccc(O)c4O[C@H]2/C(=N/N=C2\CC[C@@]4(O)[C@H]6Cc7ccc(O)c8c7[C@@]4(CCN6CC=C)[C@H]2O8)CC[C@@]3(O)[C@H]1C5,Ki,,,,0
CHEMBL902,NC(N)=Nc1nc(CSCC/C(N)=N/S(N)(=O)=O)cs1,Ki,,,,0
CHEMBL701,NCC(CC(=O)O)c1ccc(Cl)cc1,Ki,,,,0
CHEMBL399889,O=c1c2cn(CCN3CCOCC3)c3cc(Cl)ccc3c-2nn1C1CCCCC1,Ki,,,,1
CHEMBL1598608,CN1C(=O)COc2c(C(=O)NC3CN4CCC3CC4)cc(Cl)cc21,Ki,,,,0
CHEMBL1371125,c1ccc2c(c1)c1cccc3ccc4cccc2c4c31,Ki,,,,0
CHEMBL118,Cc1ccc(-c2cc(C(F)(F)F)nn2-c2ccc(S(N)(=O)=O)cc2)cc1,Ki,,,,0
CHEMBL1479,C#C[C@]1(O)CC[C@H]2[C@@H]3CCC4=Cc5oncc5C[C@]4(C)[C@H]3CC[C@@]21C,Ki,,,,0
CHEMBL245416,N[C@@H](Cn1ccc(=O)c(O)c1)C(=O)O,Ki,,,,0
CHEMBL130,O=C(N[C@H](CO)[C@H](O)c1ccc([N+](=O)[O-])cc1)C(Cl)Cl,Ki,,,,0
CHEMBL14,C[N+](C)(C)CCOC(N)=O.[Cl-],Ki,,,,0
CHEMBL9,CCn1cc(C(=O)O)c(=O)c2cc(F)c(N3CCNCC3)cc21,Ki,,,,0
CHEMBL1200656,C[C@@H]1C/C=C/C=C/C=C/C=C/[C@H](O[C@@H]2O[C@H](C)[C@@H](O)[C@H](N)[C@@H]2O)C[C@@H]2O[C@](O)(C[C@@H](O)C[C@H]3O[C@@H]3/C=C/C(=O)O1)C[C@H](O)[C@H]2C(=O)O,Ki,,,,0
CHEMBL445,CNCCC=C1c2ccccc2CCc2ccccc21,Ki,,,,0
CHEMBL584,Cc1c(O)cccc1C(=O)N[C@@H](CSc1ccccc1)[C@H](O)CN1C[C@H]2CCCC[C@H]2C[C@H]1C(=O)NC(C)(C)C,Ki,,,,0
CHEMBL838,CCOC(=O)[C@H](CCc1ccccc1)N[C@H]1CCc2ccccc2N(CC(=O)O)C1=O,Ki,,,,0
CHEMBL499815,C=C1[C@@H]2CCC3[C@@](CC[C@@H]4[C@H](C(=O)O)C[C@@H](O[C@@H]5O[C@H](CO)[C@@H](OS(=O)(=O)[O-])[C@H](OS(=O)(=O)[O-])[C@H]5OC(=O)CC(C)C)C[C@@]34C)(C2)[C@@H]1O.[K+].[K+],Ki,,,,0
CHEMBL4451793,Cc1nc(C)c(C(=O)NC2CCCc3ccccc32)s1,Ki,,,,1
CHEMBL282468,C[N+](C)(C)CCO.[Cl-],Ki,,,,0
CHEMBL865,Cc1onc(-c2ccccc2)c1-c1ccc(S(N)(=O)=O)cc1,Ki,,,,0
CHEMBL998,CCOC(=O)N1CCC(=C2c3ccc(Cl)cc3CCc3cccnc32)CC1,Ki,,,,0
CHEMBL1726,COC(=O)C1=C(C)NC(C)=C(C(=O)OCC(C)C)C1c1ccccc1[N+](=O)[O-],Ki,,,,0
CHEMBL608,CC(C)(Sc1cc(C(C)(C)C)c(O)c(C(C)(C)C)c1)Sc1cc(C(C)(C)C)c(O)c(C(C)(C)C)c1,Ki,,,,0
CHEMBL898,O=C(O)c1cc(-c2ccc(F)cc2F)ccc1O,Ki,,,,0
CHEMBL593622,Cc1cc(NC(=O)C(C)(C)O)cc(S(=O)(=O)N2CCOCC2)c1C,Ki,,,,1
CHEMBL452861,CC(C)NC[C@H](O)COc1cccc2ccccc12,Ki,,,,0
CHEMBL461727,N#C[C@H](O[C@@H]1O[C@H](CO[C@@H]2O[C@H](CO)[C@@H](O)[C@H](O)[C@H]2O)[C@@H](O)[C@H](O)[C@H]1O)c1ccccc1,Ki,,,,0
CHEMBL159,CC[C@]1(O)C[C@@H]2CN(CCc3c([nH]c4ccccc34)[C@@](C(=O)OC)(c3cc4c(cc3OC)N(C)[C@H]3[C@@](O)(C(=O)OC)[C@H](OC(C)=O)[C@]5(CC)C=CCN6CC[C@]43[C@@H]65)C2)C1,Ki,,,,0
CHEMBL2220427,CCC(=O)O[C@H]1[C@H](O[C@@H]2[C@@H](C)[C@H](O[C@H]3C[C@@](C)(OC)[C@@H](O)[C@H](C)O3)[C@@H](C)C(=O)O[C@H](CC)[C@@](C)(O)[C@H](O)[C@@H](C)C(=O)[C@H](C)C[C@@]2(C)O)O[C@H](C)C[C@@H]1N(C)C,Ki,,,,0
CHEMBL571,CC(C(=O)O)c1cccc(C(=O)c2ccccc2)c1,Ki,,,,0
CHEMBL6966,COc1ccc(CCN(C)CCCC(C#N)(c2ccc(OC)c(OC)c2)C(C)C)cc1OC,Ki,,,,0
CHEMBL1200559,CC(O)C(=O)O,Ki,,,,0
CHEMBL290916,CC1=NN(c2ccccc2)C(=O)C1,Ki,,,,0
CHEMBL1200709,C/C=C/C(=O)N(CC)c1ccccc1C,Ki,,,,0
CHEMBL40583,Cc1ccc2cc3c(ccc4ccccc43)c3c2c1CC3,Ki,,,,0
CHEMBL43882,ClCC(Cl)Cl,Ki,,,,0
CHEMBL18797,CSc1ccc(/C=C2/C(C)=C(CC(=O)O)c3cc(F)ccc32)cc1,Ki,,,,0
CHEMBL36994,COc1ccc(C(=O)N2CCCC2=O)cc1,Ki,,,,0
CHEMBL395110,CN1CCCC(CN2c3ccccc3Sc3ccccc32)C1,Ki,,,,0
CHEMBL4461551,CN1CCC(COC(=O)NC2CCN(c3ncnc4c3nc(-c3ccccc3Cl)n4-c3ccc(Cl)cc3)CC2)CC1,Ki,,,,1
CHEMBL25,CC(=O)Oc1ccccc1C(=O)O,Ki,,,,0
CHEMBL509,Cc1ccc(Cl)c(Nc2ccccc2C(=O)O)c1Cl,Ki,,,,0
CHEMBL293492,O=C/C=C/c1ccccc1,Ki,,,,0
CHEMBL30,CN/C(=N\CCSCc1nc[nH]c1C)NC#N,Ki,,,,0
CHEMBL3353840,CC(=O)n1c2ccccc2c2nnc(SCc3ccccc3C#N)nc21,Ki,,,,1
CHEMBL625,c1ccc2[nH]c(-c3cscn3)nc2c1,Ki,,,,0
CHEMBL3797904,C=CCc1ccc(OCCCC)c(-c2ccc(OCCCC)c(CC=C)c2)c1,Ki,,,,1
CHEMBL714,CC(C)(C)NCC(O)c1ccc(O)c(CO)c1,Ki,,,,0
CHEMBL422,CN1CCN(CCCN2c3ccccc3Sc3ccc(C(F)(F)F)cc32)CC1,Ki,,,,0
CHEMBL4066901,O=C(NC12CC3CC(CC(C3)C1)C2)c1cc(-c2ccccc2)nn(Cc2ccc(F)cc2)c1=O,Ki,,,,1
CHEMBL1487,CC(C)c1c(C(=O)Nc2ccccc2)c(-c2ccccc2)c(-c2ccc(F)cc2)n1CC[C@@H](O)C[C@@H](O)CC(=O)O,Ki,,,,0
CHEMBL1390,CC(=O)[C@@]1(O)CC[C@H]2[C@@H]3C[C@H](C)C4=CC(=O)CC[C@]4(C)[C@H]3CC[C@@]21C,Ki,,,,0
CHEMBL164290,CCN(CC)N=O,Ki,,,,0
CHEMBL466428,O=C(NCCc1ccccc1)c1cc2cccnc2n(Cc2ccccc2)c1=O,Ki,,,,1
CHEMBL1403281,CC(C)C[C@H]1C(=O)N2CCC[C@H]2[C@]2(O)O[C@](NC(=O)[C@@H]3C=C4c5cccc6[nH]cc(c56)C[C@H]4N(C)C3)(C(C)C)C(=O)N12,Ki,,,,0
CHEMBL6466,O=c1ccc2ccccc2o1,Ki,,,,0
CHEMBL841,CN(C)C(=O)C(CCN1CCC(O)(c2ccc(Cl)cc2)CC1)(c1ccccc1)c1ccccc1,Ki,,,,0
CHEMBL524625,CCCCCn1cc(C(=O)NC23CC4CC(CC(C4)C2)C3)c(=O)c2ccc(OC)cc21,Ki,,,,1
CHEMBL2105617,CCC1C2CC3C4N(C)c5ccccc5C45CC(C2[C@H]5O)N3C1O,Ki,,,,0
CHEMBL1200845,CC1(C)O[C@@H]2C[C@H]3[C@@H]4CCC5=CC(=O)CC[C@]5(C)[C@@]4(F)[C@@H](O)C[C@]3(C)[C@]2(C(=O)CCl)O1,Ki,,,,0
CHEMBL1518,CCCc1cc(=O)[nH]c(=S)[nH]1,Ki,,,,0
CHEMBL205596,C[C@H](CCC(=O)O)[C@H]1CC[C@H]2[C@@H]3[C@H](O)C[C@@H]4C[C@H](O)CC[C@]4(C)[C@H]3C[C@H](O)[C@]12C,Ki,,,,0
CHEMBL163,CC(C)c1nc(CN(C)C(=O)N[C@H](C(=O)N[C@@H](Cc2ccccc2)C[C@H](O)[C@H](Cc2ccccc2)NC(=O)OCc2cncs2)C(C)C)cs1,Ki,,,,0
CHEMBL1419,CC(C)CC(N(C)C)C1(c2ccc(Cl)cc2)CCC1,Ki,,,,0
CHEMBL1371,O=c1[nH]c2cc(Cl)ccc2o1,Ki,,,,0
CHEMBL7002,CC1(COc2ccc(CC3SC(=O)NC3=O)cc2)CCCCC1,Ki,,,,0
CHEMBL710,CC(C)(C)NC(=O)[C@H]1CC[C@H]2[C@@H]3CC[C@H]4NC(=O)C=C[C@]4(C)[C@H]3CC[C@]12C,Ki,,,,0
CHEMBL1512,CC1(C)O[C@@H]2C[C@H]3[C@@H]4C[C@H](F)C5=CC(=O)C=C[C@]5(C)[C@H]4[C@@H](O)C[C@]3(C)[C@]2(C(=O)CO)O1,Ki,,,,0
CHEMBL185,O=c1[nH]cc(F)c(=O)[nH]1,Ki,,,,0
CHEMBL2336560,CCN(CC)c1ccc(CN(Cc2ccccc2)S(=O)(=O)Cc2ccccc2)cc1,Ki,,,,1
CHEMBL1454,c1ccc([C@H]2CN3CCSC3=N2)cc1,Ki,,,,0
CHEMBL26260,O=c1cc(-c2ccccc2)oc2ccc3ccccc3c12,Ki,,,,0
CHEMBL2179769,O=C(Cc1ccccc1)NC(NC(=O)Cc1ccccc1)c1ccc([N+](=O)[O-])cc1,Ki,,,,1
CHEMBL1215965,CCCCCn1cc(C(=O)NC23CC4CC(CC(C4)C2)C3)c(=O)c2cc(C(CC)CCC)ccc21,Ki,,,,1
CHEMBL773,NCC(=O)O,Ki,,,,0
CHEMBL1480987,CC1CC(OC(=O)C(O)c2ccccc2)CC(C)(C)C1,Ki,,,,0
CHEMBL1463,Nc1nc(=O)[nH]cc1F,Ki,,,,0
CHEMBL1790041,CNC(=C[N+](=O)[O-])NCCSCc1ccc(CN(C)C)o1,Ki,,,,0
CHEMBL54,O=C(CCCN1CCC(O)(c2ccc(Cl)cc2)CC1)c1ccc(F)cc1,Ki,,,,0
CHEMBL1201193,CCCCN1CCCC[C@H]1C(=O)Nc1c(C)cccc1C,Ki,,,,0
CHEMBL116,CC(C)CN(C[C@@H](O)[C@H](Cc1ccccc1)NC(=O)O[C@H]1CCOC1)S(=O)(=O)c1ccc(N)cc1,Ki,,,,0
CHEMBL404520,CN(C)[C@@H]1C(O)=C(C(N)=O)C(=O)[C@@]2(O)C(O)=C3C(=O)c4c(O)ccc(Cl)c4[C@@](C)(O)[C@H]3C[C@@H]12,Ki,,,,0
CHEMBL2336531,CCN(CC)c1ccc(CN(Cc2ccc(N(CC)CC)cc2)S(=O)(=O)c2ccc(C)cc2)cc1,Ki,,,,1
CHEMBL415690,OC[C@H]1O[C@@H]2O[C@H]3[C@H](O)[C@@H](O)[C@@H](O[C@H]4[C@H](O)[C@@H](O)[C@@H](O[C@H]5[C@H](O)[C@@H](O)[C@@H](O[C@H]6[C@H](O)[C@@H](O)[C@@H](O[C@H]7[C@H](O)[C@@H](O)[C@@H](O[C@H]8[C@H](O)[C@@H](O)[C@@H](O[C@H]1[C@H](O)[C@H]2O)O[C@@H]8CO)O[C@@H]7CO)O[C@@H]6CO)O[C@@H]5CO)O[C@@H]4CO)O[C@@H]3CO,Ki,,,,0
CHEMBL2326280,CCCCCCCN(Cc1ccc(N(CC)CC)cc1)C(=O)Cc1ccc(Cl)cc1,Ki,,,,1
CHEMBL296419,COc1ccc(CCN2CCC(Nc3nc4ccccc4n3Cc3ccc(F)cc3)CC2)cc1,Ki,,,,0
CHEMBL989,CC1(C)O[C@@H]2C[C@H]3[C@@H]4C[C@H](F)C5=CC(=O)C=C[C@]5(C)[C@@]4(F)[C@@H](O)C[C@]3(C)[C@]2(C(=O)CO)O1,Ki,,,,0
CHEMBL498152,CN(C)CCn1c(=O)n(C(=O)N[C@H](C(N)=O)C(C)(C)C)c2ccccc21,Ki,,,,1
CHEMBL4578601,CCCCCn1c(=O)sc2cc(NC(=O)C34CC5CC(CC(C5)C3)C4)ccc21,Ki,,,,1
CHEMBL224954,O=C(Nc1ccc(I)cc1)NC(c1ccc(Br)cc1)c1ccc(Br)cc1,Ki,,,,1
CHEMBL224575,O=C(Nc1ccc(F)cc1)NC(c1ccccc1)c1ccccc1,Ki,,,,1
CHEMBL2414026,CCCCCOc1cccc(-c2cc(C(=O)NC34CC5CC(CC(C5)C3)C4)no2)c1,Ki,,,,1
CHEMBL2414017,O=C(NCC12CC3CC(CC(C3)C1)C2)c1cc(-c2ccccc2)on1,Ki,,,,1
CHEMBL122,CS(=O)(=O)c1ccc(C2=C(c3ccccc3)C(=O)OC2)cc1,Ki,,,,0
CHEMBL1321,CNNCc1ccc(C(=O)NC(C)C)cc1,Ki,,,,0
CHEMBL856,CCC1(c2ccccc2)C(=O)NCNC1=O,Ki,,,,0
CHEMBL31184,c1ccc2c(c1)cc1ccc3cccc4ccc2c1c34,Ki,,,,0
CHEMBL990,CN(Cc1ccc(C(C)(C)C)cc1)Cc1cccc2ccccc12,Ki,,,,0
CHEMBL1200558,CC[C@H](C)[C@H](N)C1=N[C@H](C(=O)N[C@@H](CC(C)C)C(=O)N[C@H](CCC(=O)O)C(=O)N[C@H](C(=O)N[C@H]2CCCCNC(=O)[C@H](CC(N)=O)NC(=O)[C@@H](CC(=O)O)NC(=O)[C@H](Cc3cnc[nH]3)NC(=O)[C@@H](Cc3ccccc3)NC(=O)[C@H]([C@@H](C)CC)NC(=O)[C@@H](CCCN)NC2=O)[C@@H](C)CC)CS1,Ki,,,,0
CHEMBL407030,OC[C@H]1OC2C3[C@@H](CO)OC(O[C@H]4[C@H](O)[C@@H](O)[C@@H](O[C@H]5[C@H](O)[C@@H](O)[C@@H](O[C@H]6[C@H](O)[C@@H](O)[C@@H](O[C@H]7[C@H](O)[C@@H](O)[C@@H](O[C@H]8[C@H](O)[C@@H](O)[C@@H](O[C@H]9[C@H](O)[C@@H](O)C(OC1[C@H](O)[C@H]2O)O[C@@H]9CO)O[C@@H]8CO)O[C@@H]7CO)O[C@@H]6CO)O[C@@H]5CO)O[C@@H]4CO)[C@H](O)[C@H]3O,Ki,,,,0
CHEMBL643,CC(CN1c2ccccc2Sc2ccccc21)N(C)C,Ki,,,,0
CHEMBL1262,Clc1ccc(CO/N=C(\Cn2ccnc2)c2ccc(Cl)cc2Cl)c(Cl)c1,Ki,,,,0
CHEMBL637,COc1ccc(C(CN(C)C)C2(O)CCCCC2)cc1,Ki,,,,0
CHEMBL1480,CCOC(=O)C1=C(C)NC(C)=C(C(=O)OC)C1c1cccc(Cl)c1Cl,Ki,,,,0
CHEMBL86304,O=C(NCCN1CCOCC1)c1ccc(Cl)cc1,Ki,,,,0
CHEMBL480,Cc1c(OCC(F)(F)F)ccnc1C[S+]([O-])c1nc2ccccc2[nH]1,Ki,,,,0
CHEMBL6437,CN1CCN2c3ccccc3Cc3ccccc3C2C1,Ki,,,,0
CHEMBL1539,COc1ncnc(NS(=O)(=O)c2ccc(N)cc2)c1OC,Ki,,,,0
CHEMBL515,O=C(O)CCCc1ccc(N(CCCl)CCCl)cc1,Ki,,,,0
CHEMBL417,COc1cccc2c1C(=O)c1c(O)c3c(c(O)c1C2=O)C[C@@](O)(C(=O)CO)C[C@@H]3O[C@H]1C[C@H](N)[C@@H](O)[C@H](C)O1,Ki,,,,0
CHEMBL83668,Cc1cccc(N(C)C(=S)Oc2ccc3ccccc3c2)c1,Ki,,,,0
CHEMBL447,C=CCC1(C(C)CCC)C(=O)NC(=O)NC1=O,Ki,,,,0
CHEMBL2221249,CC(C)CCCCC(=O)N[C@@H](CCN)C(=O)N[C@@H](CN[C@@H](CCN)C(=O)N[C@H]1CCNC(=O)[C@H]([C@@H](C)O)NC(=O)[C@H](CCN)NC(=O)[C@H](CCN)NC(=O)[C@H](CC(C)C)NC(=O)[C@@H](CC(C)C)NC(=O)[C@H](CCN)NC1=O)[C@@H](C)O.CCC(C)CCCCC(=O)N[C@@H](CCN)C(=O)N[C@@H](CN[C@@H](CCN)C(=O)N[C@H]1CCNC(=O)[C@H]([C@@H](C)O)NC(=O)[C@H](CCN)NC(=O)[C@H](CCN)NC(=O)[C@H](CC(C)C)NC(=O)[C@@H](CC(C)C)NC(=O)[C@H](CCN)NC1=O)[C@@H](C)O,Ki,,,,0
CHEMBL56564,CN1[C@@H]2CC[C@H]1C[C@@H](OC(=O)c1c[nH]c3ccccc13)C2,Ki,,,,0
CHEMBL2336569,CCN(CC)c1ccc(CN(Cc2ccccc2)S(=O)(=O)c2ccc3ccccc3c2)cc1,Ki,,,,1
CHEMBL2336563,CCN(CC)c1ccc(CN(Cc2ccccc2)S(=O)(=O)c2ccccc2)cc1,Ki,,,,1
CHEMBL2336564,CCN(CC)c1ccc(CN(Cc2ccccc2)S(=O)(=O)c2ccc(NC(C)=O)cc2)cc1,Ki,,,,1
CHEMBL3613098,Cc1ccc(Cn2cc(CN[C@@H]3C(C)(C)C4CC[C@@]3(C)C4)cc2-c2ccc(Cl)c(C)c2)cc1,Ki,,,,1
CHEMBL871,CC(O)(P(=O)(O)O)P(=O)(O)O,Ki,,,,0
CHEMBL1501,CC(=O)OCC(=O)[C@@]12OC(C)(C)O[C@@H]1C[C@H]1[C@@H]3C[C@H](F)C4=CC(=O)C=C[C@]4(C)[C@@]3(F)[C@@H](O)C[C@@]12C,Ki,,,,0
CHEMBL1103,O=C1OCCN1/N=C/c1ccc([N+](=O)[O-])o1,Ki,,,,0
CHEMBL340978,CC(C(=O)O)c1ccc2oc(-c3ccc(Cl)cc3)nc2c1,Ki,,,,0
CHEMBL427216,Cc1ccc(S(=O)(=O)NC(=O)NN2CC3CCCC3C2)cc1,Ki,,,,0
CHEMBL280998,Oc1ccccc1O,Ki,,,,0
CHEMBL768,COC(=O)CCc1ccc(OCC(O)CNC(C)C)cc1,Ki,,,,0
CHEMBL1405,C[C@]12CC[C@@H]3c4ccc(O)cc4CC[C@H]3[C@@H]1CCC2=O,Ki,,,,0
CHEMBL562,COC1=CC(=O)C[C@@H](C)[C@]12Oc1c(Cl)c(OC)cc(OC)c1C2=O,Ki,,,,0
CHEMBL20,CC(=O)Nc1nnc(S(N)(=O)=O)s1,Ki,,,,0
CHEMBL3353836,N#Cc1ccccc1CSc1nnc2c3ccccc3n(S(=O)(=O)c3ccccc3)c2n1,Ki,,,,1
CHEMBL2179745,O=C(Cc1ccc(C(F)(F)F)cc1)NC(NC(=O)Cc1ccc(C(F)(F)F)cc1)c1ccc(Cl)cc1,Ki,,,,1
CHEMBL726,OCCN1CCN(CCCN2c3ccccc3Sc3ccc(C(F)(F)F)cc32)CC1,Ki,,,,0
CHEMBL787,CC(C)(O)c1ccccc1CC[C@@H](SCC1(CC(=O)O)CC1)c1cccc(/C=C/c2ccc3ccc(Cl)cc3n2)c1,Ki,,,,0
CHEMBL1455,CN(C)c1nc(N(C)C)nc(N(C)C)n1,Ki,,,,0
CHEMBL154111,O=C(Oc1ccccc1C(=O)O)c1ccccc1O,Ki,,,,0
CHEMBL3613106,Cc1ccc(Cn2cc(C(=O)N[C@@H](C)C3CCCCC3)cc2-c2ccc(Cl)c(C)c2)cc1,Ki,,,,1
CHEMBL484371,CCCCCCCCCCC[C@@H](C[C@@H]1OC(=O)[C@H]1CCCCCC)OC(=O)[C@@H](N)Cc1ccccc1,Ki,,,,1
CHEMBL451312,CCCCCCCCCCC[C@@H](C[C@@H]1OC(=O)[C@H]1CCCCCC)OC(=O)[C@@H](CC(C)C)NC(=O)OCc1ccccc1,Ki,,,,1
CHEMBL2179748,O=C(Cc1ccc(C(F)(F)F)cc1)NC(NC(=O)Cc1ccc(C(F)(F)F)cc1)c1ccc(C(F)(F)F)cc1,Ki,,,,1
CHEMBL1065,CC[C@@H](CO)NC(=O)[C@@H]1C=C2c3cccc4c3c(cn4C)C[C@H]2N(C)C1,Ki,,,,0
CHEMBL531,CCCN1C[C@H](CSC)C[C@@H]2c3cccc4[nH]cc(c34)C[C@H]21,Ki,,,,0
CHEMBL221753,CC(C)(C)CC(C)(C)c1ccc(OCCOCC[N+](C)(C)Cc2ccccc2)cc1.[Cl-],Ki,,,,0
CHEMBL49,O=C1CC2(CCCC2)CC(=O)N1CCCCN1CCN(c2ncccn2)CC1,Ki,,,,0
CHEMBL267744,O=C(O)COc1ccc(C(=O)c2cccs2)c(Cl)c1Cl,Ki,,,,0
CHEMBL458622,CCCCCCCCCCC[C@@H](C[C@@H]1OC(=O)[C@H]1CCCCCC)OC(=O)[C@@H](CC(C)C)NC=O,Ki,,,,1
CHEMBL21,Nc1ccc(S(N)(=O)=O)cc1,Ki,,,,0
CHEMBL411,CC/C(=C(/CC)c1ccc(O)cc1)c1ccc(O)cc1,Ki,,,,0
CHEMBL193,COC(=O)C1=C(C)NC(C)=C(C(=O)OC)C1c1ccccc1[N+](=O)[O-],Ki,,,,0
CHEMBL1167,CN[C@@H]1[C@H](O)[C@H](NC)[C@H]2O[C@@]3(O)C(=O)C[C@@H](C)O[C@H]3O[C@@H]2[C@H]1O,Ki,,,,0
CHEMBL975,O=S(=O)([O-])CCS.[Na+],Ki,,,,0
CHEMBL4278012,COc1ccc(C(=O)c2cn(CCN3CCOCC3)c3ccc(OCC(=O)NCCOCCOCCNC(=O)CCCCCNC(=O)COc4ccc(/C=C/C5=[N+]6C(=Cc7ccc(-c8cccs8)n7[B-]6(F)F)C=C5)cc4)cc23)cc1,Ki,,,,1
CHEMBL900,Cc1ccccc1C(OCCN(C)C)c1ccccc1,Ki,,,,0
CHEMBL488025,CC1=C(CC(=O)O)c2cc(F)ccc2/C1=C\c1ccc(S(C)(=O)=O)cc1,Ki,,,,0
CHEMBL14053,O=C(O)C(Cl)(Cl)Cl,Ki,,,,0
CHEMBL12948,CC1CCC(NC(=O)N(CCCl)N=O)CC1,Ki,,,,0
CHEMBL4516391,CCCCCn1c(=O)sc2cc(/C(=N\OC)C34CC5CC(CC(C5)C3)C4)ccc21,Ki,,,,1
CHEMBL1467,Oc1ncnc2[nH]ncc12,Ki,,,,0
CHEMBL1752,Cn1c(=O)c2c(ncn2CC(O)CO)n(C)c1=O,Ki,,,,0
CHEMBL1230813,OC[C@H]1O[C@@H]2O[C@H]3[C@H](O)[C@@H](O)[C@@H](O[C@H]4[C@H](O)[C@@H](O)[C@@H](O[C@H]5[C@H](O)[C@@H](O)[C@@H](O[C@H]6[C@H](O)[C@@H](O)[C@@H](O[C@H]7[C@H](O)[C@@H](O)[C@@H](O[C@H]1[C@H](O)[C@H]2O)O[C@@H]7CO)O[C@@H]6CO)O[C@@H]5CO)O[C@@H]4CO)O[C@@H]3CO,Ki,,,,0
CHEMBL945,N=C(N)NC(=O)c1nc(Cl)c(N)nc1N,Ki,,,,0
CHEMBL720,OCc1ccccc1,Ki,,,,0
CHEMBL153479,Nc1c(Br)cc(Br)cc1CN[C@H]1CC[C@H](O)CC1,Ki,,,,0
CHEMBL728,CN1CCN(CCCN2c3ccccc3Sc3ccc(Cl)cc32)CC1,Ki,,,,0
CHEMBL502620,CC[C@@]1(O)C[C@H](O[C@H]2C[C@H](N(C)C)[C@H](O[C@H]3C[C@H](O)[C@H](O[C@H]4CCC(=O)[C@H](C)O4)[C@H](C)O3)[C@H](C)O2)c2c(cc3c(c2O)C(=O)c2c(O)cccc2C3=O)[C@H]1C(=O)OC,Ki,,,,0
CHEMBL660,NC12CC3CC(CC(C3)C1)C2,Ki,,,,0
CHEMBL2316260,CCCCCn1cc(C(=O)NC2CCCCC2)c(=O)n2ncnc12,Ki,,,,1
CHEMBL450895,C[C@@H]1[C@H](O)[C@@H](C)/C=C/C=C/CC/C=C/C=C/C=C/C=C/[C@H](O[C@@H]2O[C@H](C)[C@@H](O)[C@H](N)[C@@H]2O)C[C@@H]2O[C@](O)(C[C@@H](O)[C@H](O)CC[C@@H](O)C[C@@H](O)C[C@@H](O)CC(=O)O[C@H]1C)C[C@H](O)[C@H]2C(=O)O,Ki,,,,0
CHEMBL3,CN1CCC[C@H]1c1cccnc1,Ki,,,,0
CHEMBL234926,C=CCO,Ki,,,,0
CHEMBL429023,C=C(C)[C@H]1Cc2c(ccc3c2O[C@@H]2COc4cc(OC)c(OC)cc4[C@@H]2C3=O)O1,Ki,,,,0
CHEMBL374478,CO[C@H]1/C=C/O[C@@]2(C)Oc3c(C)c(O)c4c(O)c(c(/C=N/N5CCN(C)CC5)c(O)c4c3C2=O)NC(=O)/C(C)=C\C=C\[C@H](C)[C@H](O)[C@@H](C)[C@@H](O)[C@@H](C)[C@H](OC(C)=O)[C@@H]1C,Ki,,,,0
CHEMBL135,C[C@]12CC[C@@H]3c4ccc(O)cc4CC[C@H]3[C@@H]1CC[C@@H]2O,Ki,,,,0
CHEMBL222863,C[C@@H]1O[C@@H](O[C@H]2C[C@@H](O)[C@]3(CO)[C@H]4[C@H](O)C[C@]5(C)[C@@H](C6=CC(=O)OC6)CC[C@]5(O)[C@@H]4CC[C@]3(O)C2)[C@H](O)[C@H](O)[C@H]1O,Ki,,,,0
CHEMBL593167,Cc1cc(NC(=O)C(C)(C)c2ccccc2)cc(S(=O)(=O)N2CCOCC2)c1C,Ki,,,,1
CHEMBL609006,CCC(C)(C)C(=O)Nc1ccc(C)c(S(=O)(=O)N2CCOCC2)c1,Ki,,,,1
CHEMBL803,Nc1ccn([C@@H]2O[C@H](CO)[C@@H](O)[C@@H]2O)c(=O)n1,Ki,,,,0
CHEMBL188921,COc1cc(OC)c(C(=O)CCCN2CCCC2)c(OC)c1,Ki,,,,0
CHEMBL376180,Nc1nc(N)c2nc(CNc3ccc(C(=O)N[C@@H](CCC(=O)O)C(=O)O)cc3)cnc2n1,Ki,,,,0
CHEMBL936,OC(CCCN1CCCCC1)(c1ccccc1)c1ccccc1,Ki,,,,0
CHEMBL809,CN[C@H]1CC[C@@H](c2ccc(Cl)c(Cl)c2)c2ccccc21,Ki,,,,0
CHEMBL941,Cc1ccc(NC(=O)c2ccc(CN3CCN(C)CC3)cc2)cc1Nc1nccc(-c2cccnc2)n1,Ki,,,,0
CHEMBL153062,CCCCCCCCCc1ccc(O)cc1,Ki,,,,0
CHEMBL817,Cc1ccc(S(=O)(=O)NC(=O)NN2CCCCCC2)cc1,Ki,,,,0
CHEMBL2336529,O=S(=O)(c1ccc(Cl)cc1)N(Cc1ccc(N2CCCCC2)cc1)c1ccccc1,Ki,,,,1
CHEMBL1601669,C=C1/C(=C\C=C2/CCC[C@]3(C)[C@@H]([C@H](C)CCCC(C)C)CC[C@@H]23)C[C@@H](O)C[C@@H]1O,Ki,,,,0
CHEMBL506247,O=C(OC[C@H]1O[C@@H](OC(=O)c2cc(O)c(O)c(OC(=O)c3cc(O)c(O)c(O)c3)c2)[C@H](OC(=O)c2cc(O)c(O)c(OC(=O)c3cc(O)c(O)c(O)c3)c2)[C@@H](OC(=O)c2cc(O)c(O)c(OC(=O)c3cc(O)c(O)c(O)c3)c2)[C@@H]1OC(=O)c1cc(O)c(O)c(OC(=O)c2cc(O)c(O)c(O)c2)c1)c1cc(O)c(O)c(OC(=O)c2cc(O)c(O)c(O)c2)c1,Ki,,,,0
CHEMBL16073,CCOc1ccc(NC(C)=O)cc1,Ki,,,,0
CHEMBL189,Cc1[nH]c(=O)c(C#N)cc1-c1ccncc1,Ki,,,,0
CHEMBL224515,O=C1NC(c2ccc(Br)cc2)(c2ccc(Br)cc2)C(=O)N1c1ccccc1,Ki,,,,1
CHEMBL1068,NC(=O)N1c2ccccc2CC(=O)c2ccccc21,Ki,,,,0
CHEMBL3353816,CCOC(=O)c1ccccc1CSc1nnc2c(n1)[nH]c1ccccc12,Ki,,,,1
CHEMBL3353838,N#Cc1ccccc1CSc1nnc2c3ccccc3n(S(=O)(=O)c3ccccc3[N+](=O)[O-])c2n1,Ki,,,,1
CHEMBL3354401,N#Cc1ccccc1CSc1nnc2c3ccccc3n(C(=O)c3cccc(C(F)(F)F)c3)c2n1,Ki,,,,1
CHEMBL3353828,Cn1c2ccccc2c2nnc(SCc3ccccc3C#N)nc21,Ki,,,,1
CHEMBL224460,CCCCCCc1ccc(OCCCCCC(=O)Nc2ccc(O)cc2)cc1O,Ki,,,,1
CHEMBL1319362,Br.CN1[C@@H]2CC[C@H]1C[C@@H](OC(=O)C(O)c1ccccc1)C2,Ki,,,,0
CHEMBL85,Cc1nc2n(c(=O)c1CCN1CCC(c3noc4cc(F)ccc34)CC1)CCCC2,Ki,,,,0
CHEMBL942,CC(=O)Oc1ccc(C(c2ccc(OC(C)=O)cc2)c2ccccn2)cc1,Ki,,,,0
CHEMBL376129,O=C1NC(c2ccccc2)(c2ccccc2)C(=O)N1c1ccc(Br)cc1,Ki,,,,1
CHEMBL1517,CN(C)[C@@H]1C(O)=C(C(N)=O)C(=O)[C@@]2(O)C(O)=C3C(=O)c4c(O)cccc4[C@@](C)(O)[C@H]3[C@H](O)[C@@H]12,Ki,,,,0
CHEMBL1493,Cc1c(-c2ccccc2)oc2c(C(=O)OCCN3CCCCC3)cccc2c1=O,Ki,,,,0
CHEMBL1630578,C[C@@H]1C[C@H]2[C@@H]3CCC4=CC(=O)C=C[C@]4(C)C3=CC[C@]2(C)[C@H]1C(=O)CN1CCN(c2cc(N3CCCC3)nc(N3CCCC3)n2)CC1,Ki,,,,0
CHEMBL1201356,CC[C@@H](CO)NC(=O)[C@@H]1C=C2c3cccc4[nH]cc(c34)C[C@H]2N(C)C1,Ki,,,,0
CHEMBL372795,CN[C@@H]1[C@H](O[C@H]2[C@H](O[C@H]3[C@H](O)[C@@H](O)[C@H](N=C(N)N)[C@@H](O)[C@@H]3N=C(N)N)O[C@@H](C)[C@]2(O)C=O)O[C@@H](CO)[C@H](O)[C@H]1O,Ki,,,,0
CHEMBL4475345,O=C(Nc1ccccn1)NC1CCN(c2ncnc3c2nc(-c2ccccc2Cl)n3-c2ccc(Cl)cc2)CC1,Ki,,,,1
CHEMBL635,C[C@]12C=CC(=O)C=C1CC[C@@H]1[C@@H]2C(=O)C[C@@]2(C)[C@H]1CC[C@]2(O)C(=O)CO,Ki,,,,0
CHEMBL628,CC(=O)CCCCn1c(=O)c2c(ncn2C)n(C)c1=O,Ki,,,,0
CHEMBL1020,Cc1ccc(C(=O)c2ccc(CC(=O)O)n2C)cc1,Ki,,,,0
CHEMBL1481,CCC1=C(C)CN(C(=O)NCCc2ccc(S(=O)(=O)NC(=O)N[C@H]3CC[C@H](C)CC3)cc2)C1=O,Ki,,,,0
CHEMBL1560,C[C@H](CS)C(=O)N1CCC[C@H]1C(=O)O,Ki,,,,0
CHEMBL128,CNS(=O)(=O)Cc1ccc2[nH]cc(CCN(C)C)c2c1,Ki,,,,0
CHEMBL1630579,CCN(CC)CCOCCC1=CCC2CC1C2(C)C,Ki,,,,0
CHEMBL566534,CO[C@H]1O[C@@H]2O[C@@]3(C)CC[C@H]4[C@H](C)CC[C@@H]([C@H]1C)[C@@]24OO3,Ki,,,,0
CHEMBL1064,CCC(C)(C)C(=O)O[C@H]1C[C@@H](C)C=C2C=C[C@H](C)[C@H](CC[C@@H]3C[C@@H](O)CC(=O)O3)[C@H]21,Ki,,,,0
CHEMBL225379,CCCCCCc1ccc(NC(=O)NC(c2ccc(Br)cc2)c2ccc(Br)cc2)cc1,Ki,,,,1
CHEMBL134342,O=C(O)CCCC[C@@H]1CCSS1,Ki,,,,0
CHEMBL34259,CN(Cc1cnc2nc(N)nc(N)c2n1)c1ccc(C(=O)N[C@@H](CCC(=O)O)C(=O)O)cc1,Ki,,,,0
CHEMBL468,O=C1CCC(N2C(=O)c3ccccc3C2=O)C(=O)N1,Ki,,,,0
CHEMBL190,Cn1c(=O)c2[nH]cnc2n(C)c1=O,Ki,,,,0
CHEMBL221886,CN[C@@H]1[C@@H](O)[C@@H](O[C@@H]2[C@@H](O)[C@H](O[C@H]3OC(CN)=CC[C@H]3N)[C@@H](N)C[C@H]2N)OC[C@]1(C)O,Ki,,,,0
CHEMBL48449,C[C@@]12C(=O)OC(=O)[C@]1(C)[C@H]1CC[C@@H]2O1,Ki,,,,0
CHEMBL1521,CCN(C(C)=O)c1cccc(-c2ccnc3c(C#N)cnn23)c1,Ki,,,,0
CHEMBL103,CC(=O)[C@H]1CC[C@H]2[C@@H]3CCC4=CC(=O)CC[C@]4(C)[C@H]3CC[C@]12C,Ki,,,,0
CHEMBL433257,COC(=O)C[C@](O)(CCC(C)(C)O)C(=O)O[C@@H]1C(OC)=C[C@]23CCCN2CCc2cc4c(cc2[C@H]13)OCO4,Ki,,,,0
CHEMBL1502,COc1ccnc(C[S+]([O-])c2nc3cc(OC(F)F)ccc3[nH]2)c1OC,Ki,,,,0
CHEMBL225414,O=C(Nc1ccc(CO)cc1)NC(c1ccc(Br)cc1)c1ccc(Br)cc1,Ki,,,,1
CHEMBL4278433,COc1ccc(C(=O)c2cn(CCN3CCOCC3)c3ccc(OCC(=O)N[C@@H](C)C(=O)N[C@@H](C)C(=O)NCCN)cc23)cc1,Ki,,,,1
CHEMBL85728,Nc1ccc(Cc2ccc(N)cc2)cc1,Ki,,,,0
CHEMBL270299,CC(C)(C)c1ccc(S(=O)(=O)/C=C/C#N)cc1,Ki,,,,0
CHEMBL493,CC(C)C[C@H]1C(=O)N2CCC[C@H]2[C@]2(O)O[C@](NC(=O)[C@@H]3C=C4c5cccc6[nH]c(Br)c(c56)C[C@H]4N(C)C3)(C(C)C)C(=O)N12,Ki,,,,0
CHEMBL1349,CC(C)[C@H](N)C(=O)OCCOCn1cnc2c(=O)nc(N)[nH]c21,Ki,,,,0
CHEMBL4289402,COc1ccc(C(=O)c2cn(CCN3CCOCC3)c3cc(O)ccc23)cc1,Ki,,,,0
CHEMBL1308,Cc1cn[nH]c1,Ki,,,,0
CHEMBL264374,CC(C)(Oc1ccc(CCNC(=O)c2ccc(Cl)cc2)cc1)C(=O)O,Ki,,,,0
CHEMBL517712,CN1[C@@H]2CC[C@H]1C[C@@H](OC(=O)C(CO)c1ccccc1)C2,Ki,,,,0
CHEMBL119443,C[C@@H](CO)NC(=O)[C@@H]1C=C2c3cccc4[nH]cc(c34)C[C@H]2N(C)C1,Ki,,,,0
CHEMBL511,COc1ccc(CN(CCN(C)C)c2ccccn2)cc1,Ki,,,,0
CHEMBL439,Nc1ccc(S(=O)(=O)Nc2ncccn2)cc1,Ki,,,,0
CHEMBL192,CCCc1nn(C)c2c(=O)[nH]c(-c3cc(S(=O)(=O)N4CCN(C)CC4)ccc3OCC)nc12,Ki,,,,0
CHEMBL316561,CCCN(CCC)C(=O)C(CCC(=O)O)NC(=O)c1ccccc1,Ki,,,,0
CHEMBL897,CCCN(CCC)S(=O)(=O)c1ccc(C(=O)O)cc1,Ki,,,,0
CHEMBL160,C/C=C/C[C@@H](C)[C@@H](O)[C@H]1C(=O)N[C@@H](CC)C(=O)N(C)CC(=O)N(C)[C@@H](CC(C)C)C(=O)N[C@@H](C(C)C)C(=O)N(C)[C@@H](CC(C)C)C(=O)N[C@@H](C)C(=O)N[C@H](C)C(=O)N(C)[C@@H](CC(C)C)C(=O)N(C)[C@@H](CC(C)C)C(=O)N(C)[C@@H](C(C)C)C(=O)N1C,Ki,,,,0
CHEMBL462547,CCOC(N)=O,Ki,,,,0
CHEMBL1433,C[C@H]1c2cccc(O)c2C(=O)C2=C(O)[C@]3(O)C(=O)C(C(N)=O)=C(O)[C@@H](N(C)C)[C@@H]3[C@@H](O)[C@@H]21,Ki,,,,0
CHEMBL1220,CCS(=O)(=O)CCn1c([N+](=O)[O-])cnc1C,Ki,,,,0
CHEMBL14192,c1ccc(Cn2ccnc2)cc1,Ki,,,,0
CHEMBL195437,CCCCCCCCc1ccc(O)cc1,Ki,,,,0
CHEMBL421,O=C(O)c1cc(/N=N/c2ccc(S(=O)(=O)Nc3ccccn3)cc2)ccc1O,Ki,,,,0
CHEMBL1425,Sc1ncnc2nc[nH]c12,Ki,,,,0
CHEMBL75435,C[C@H](C(=O)O)c1cccc(C(=O)c2ccccc2)c1,Ki,,,,0
CHEMBL584224,CCC(C)(C)C(=O)Nc1cc(S(=O)(=O)N2CCOCC2)c(C)c(C)c1C,Ki,,,,1
CHEMBL412873,C1CCN2C[C@H]3C[C@H](CN4CCCC[C@@H]34)[C@H]2C1,Ki,,,,0
CHEMBL742,CNC1(c2ccccc2Cl)CCCCC1=O,Ki,,,,0
CHEMBL595,CCc1ccc(CCOc2ccc(CC3SC(=O)NC3=O)cc2)nc1,Ki,,,,0
CHEMBL1087,Cc1cccc(C)c1NC(=O)C1CCCCN1C,Ki,,,,0
CHEMBL157548,CN1C[C@@H]2C[C@H]1CN2c1cc2c(cc1F)c(=O)c(C(=O)O)cn2C1CC1,Ki,,,,0
CHEMBL1215910,CC/C=C(/CC)c1ccc2c(c1)c(=O)c(C(=O)NC13CC4CC(CC(C4)C1)C3)cn2CCCCC,Ki,,,,1
CHEMBL471,CC(C)NCC(O)c1ccc(NS(C)(=O)=O)cc1,Ki,,,,0
CHEMBL276832,NNc1nncc2ccccc12,Ki,,,,0
CHEMBL1760,CC(C)(C)NCC(O)c1cc(O)cc(O)c1,Ki,,,,0
CHEMBL2179761,O=C(Cc1ccccc1)NC(NC(=O)Cc1ccccc1)c1ccc(Br)cc1,Ki,,,,1
CHEMBL1333512,c1ccc(Nc2ccc(Nc3ccccc3)cc2)cc1,Ki,,,,0
CHEMBL1679,Nc1nc(=O)c2c([nH]1)NCC(CNc1ccc(C(=O)N[C@@H](CCC(=O)O)C(=O)O)cc1)N2C=O,Ki,,,,0
CHEMBL86,CCN(CC)CCNC(=O)c1cc(Cl)c(N)cc1OC,Ki,,,,0
CHEMBL121,CN(CCOc1ccc(CC2SC(=O)NC2=O)cc1)c1ccccn1,Ki,,,,0
CHEMBL15770,CC1=C(CC(=O)O)c2cc(F)ccc2/C1=C\c1ccc([S+](C)[O-])cc1,Ki,,,,0
CHEMBL203266,COc1ccc(CN2CCNCC2)c(OC)c1OC,Ki,,,,0
CHEMBL3353814,FC(F)(F)c1ccccc1CSc1nnc2c(n1)[nH]c1ccccc12,Ki,,,,1
CHEMBL431184,COC(=O)[C@H](Cc1ccccc1)NC(=O)c1c(C)n(CCN2CCOCC2)c2ccccc12,Ki,,,nM,1
CHEMBL388590,CCc1oc2ccccc2c1C(=O)c1cc(Br)c(O)c(Br)c1,Ki,,,,0
CHEMBL2079587,C[C@]12Cc3c[nH]nc3C[C@@H]1CC[C@@H]1[C@@H]2CC[C@@]2(C)[C@H]1CC[C@]2(C)O,Ki,,,,0
CHEMBL499,CC(C)(C)NC[C@H](O)COc1nsnc1N1CCOCC1,Ki,,,,0
CHEMBL642,CCCC(=O)Nc1ccc(OCC(O)CNC(C)C)c(C(C)=O)c1,Ki,,,,0
CHEMBL1444,N#Cc1ccc(C(c2ccc(C#N)cc2)n2cncn2)cc1,Ki,,,,0
CHEMBL4546386,O=C(NC1CCN(c2ncnc3c2nc(-c2ccccc2Cl)n3-c2ccc(Cl)cc2)CC1)c1ccccn1,Ki,,,,1
CHEMBL2179775,O=C(Cc1ccccc1)NC(NC(=O)Cc1ccccc1)c1ccc(F)cc1,Ki,,,,1
CHEMBL485549,O=C(N/N=C/c1ccc([N+](=O)[O-])o1)c1cc([N+](=O)[O-])cc([N+](=O)[O-])c1O,Ki,,,,0
CHEMBL2367892,CC(=O)N[C@@H]1[C@H](Oc2c3cc4cc2Oc2ccc(cc2Cl)[C@@H](O[C@@H]2O[C@@H](CO)[C@@H](O)[C@H](O)[C@@H]2NC(C)=O)[C@@H]2NC(=O)[C@H](NC(=O)[C@@H]4NC(=O)[C@H]4NC(=O)[C@@H](Cc5ccc(c(Cl)c5)O3)NC(=O)[C@H](N)c3ccc(O)c(c3)Oc3cc(O)cc4c3)c3ccc(O)c(c3)-c3c(O[C@H]4O[C@H](CO)[C@@H](O)[C@@H](O)[C@@H]4O)cc(O)cc3[C@@H](C(=O)O)NC2=O)O[C@@H](CO)[C@@H](O)[C@@H]1O,Ki,,,,0
CHEMBL1177,NC1=NC(=O)C(c2ccccc2)O1,Ki,,,,0
CHEMBL290106,Oc1c(Cl)cc(Cl)cc1Sc1cc(Cl)cc(Cl)c1O,Ki,,,,0
CHEMBL56367,CS(=O)(=O)Nc1ccc([N+](=O)[O-])cc1Oc1ccccc1,Ki,,,,0
CHEMBL77675,N=C(Nc1ccccc1)Nc1ccccc1,Ki,,,,0
CHEMBL386630,C[C@]12CC[C@H]3[C@@H](CCC4=CC(=O)CC[C@@]43C)[C@@H]1CC[C@@H]2O,Ki,,,,0
CHEMBL832,O=C1C(CC[S+]([O-])c2ccccc2)C(=O)N(c2ccccc2)N1c1ccccc1,Ki,,,,0
CHEMBL1046,NCCCCCC(=O)O,Ki,,,,0
CHEMBL516,CN1CCC(=C2c3ccccc3C=Cc3ccccc32)CC1,Ki,,,,0
CHEMBL1071,O=C(O)CCc1nc(-c2ccccc2)c(-c2ccccc2)o1,Ki,,,,0
CHEMBL1456,COc1c(C)c2c(c(O)c1C/C=C(\C)CCC(=O)OCCN1CCOCC1)C(=O)OC2,Ki,,,,0
CHEMBL416,COc1c2occc2cc2ccc(=O)oc12,Ki,,,,0
CHEMBL389621,C[C@]12CCC(=O)C=C1CC[C@@H]1[C@@H]2[C@@H](O)C[C@@]2(C)[C@H]1CC[C@]2(O)C(=O)CO,Ki,,,,0
CHEMBL282575,C[C@]12CC[C@@H]3c4ccc(OC(=O)c5ccccc5)cc4CC[C@H]3[C@@H]1CC[C@@H]2O,Ki,,,,0
CHEMBL115,CC(C)(C)NC(=O)[C@@H]1CN(Cc2cccnc2)CCN1C[C@@H](O)C[C@@H](Cc1ccccc1)C(=O)N[C@H]1c2ccccc2C[C@H]1O,Ki,,,,0
CHEMBL1200391,NC(CO)(CO)CO,Ki,,,,0
CHEMBL495778,C=C(C)C1(O)OC(=O)C=C1OC,Ki,,,,0
CHEMBL2179756,O=C(Cc1ccc(Cl)cc1)NC(NC(=O)Cc1ccc(Cl)cc1)c1ccccc1,Ki,,,,1
CHEMBL547,CC1=C(/C=C/C(C)=C/C=C/C(C)=C\C(=O)O)C(C)(C)CCC1,Ki,,,,0
CHEMBL41,CNCCC(Oc1ccc(C(F)(F)F)cc1)c1ccccc1,Ki,,,,0
CHEMBL1909073,CC[N+]1(CCOC(=O)C(O)(c2ccccc2)c2ccccc2)CCCCC1.[Br-],Ki,,,,0
CHEMBL273348,NC1CCN(c2nc3c(cc2F)c(=O)c(C(=O)O)cn3-c2ccc(F)cc2F)C1,Ki,,,,0
CHEMBL426123,O=C1CC[C@H](N2C(=O)c3ccccc3C2=O)C(=O)N1,Ki,,,,0
CHEMBL407,CCOC(=O)c1ncn2c1CN(C)C(=O)c1cc(F)ccc1-2,Ki,,,,0
CHEMBL707,COc1cc2nc(N3CCN(C(=O)C4COc5ccccc5O4)CC3)nc(N)c2cc1OC,Ki,,,,0
CHEMBL1451,C[C@]12C=CC(=O)C=C1CC[C@H]1[C@@H]3C[C@@H](O)[C@](O)(C(=O)CO)[C@@]3(C)C[C@H](O)[C@@]12F,Ki,,,,0
CHEMBL139835,CC(=O)O[C@]1(C(C)=O)CC[C@H]2[C@@H]3C=C(Cl)C4=CC(=O)[C@@H]5C[C@@H]5[C@]4(C)[C@H]3CC[C@@]21C,Ki,,,,0
CHEMBL139,O=C(O)Cc1ccccc1Nc1c(Cl)cccc1Cl,Ki,,,,0
CHEMBL877,NC[C@H]1CC[C@H](C(=O)O)CC1,Ki,,,,0
CHEMBL972,C#CCN(C)[C@H](C)Cc1ccccc1,Ki,,,,0
CHEMBL413,CO[C@H]1C[C@@H]2CC[C@@H](C)[C@@](O)(O2)C(=O)C(=O)N2CCCC[C@H]2C(=O)O[C@H]([C@H](C)C[C@@H]2CC[C@@H](O)[C@H](OC)C2)CC(=O)[C@H](C)/C=C(\C)[C@@H](O)[C@@H](OC)C(=O)[C@H](C)C[C@H](C)/C=C/C=C/C=C/1C,Ki,,,,0
CHEMBL1909080,O.O.O.O.O.O.[Cl-].[Cl-].[Sr+2],Ki,,,,0
CHEMBL1231107,Nc1nc(N)nc(NC2CC2)n1,Ki,,,,0
CHEMBL748,C[n+]1ccccc1/C=N/O.[Cl-],Ki,,,,0
CHEMBL86754,Oc1c(I)cc(I)c2cccnc12,Ki,,,,0
CHEMBL1641963,CCCC(C)(C)c1ccc2c(c1)OC(C)(C)[C@@H]1CC=C(O)C[C@@H]21,Ki,,,,1
CHEMBL1201146,C#C[C@]1(OC(C)=O)CC[C@H]2[C@@H]3CCC4=CC(=O)CC[C@@H]4[C@H]3CC[C@@]21C,Ki,,,,0
CHEMBL223936,CCCCCc1cc(O)cc(OCCCCCC(=O)NCCO)c1,Ki,,,,1
CHEMBL4516742,NC(=O)c1ccc(-n2c(-c3ccccc3Cl)nc3c(N4CCC(NS(=O)(=O)c5ccc(F)c(F)c5)CC4)ncnc32)cc1,Ki,,,,1
CHEMBL1201220,CC(=O)Nc1c(I)c(NC(C)=O)c(I)c(C(=O)O)c1I,Ki,,,,0
CHEMBL788,O=c1[nH]c(=O)n([C@H]2C[C@H](O)[C@@H](CO)O2)cc1I,Ki,,,,0
CHEMBL4581297,O=C(NC1CCN(c2ncnc3c2nc(-c2ccccc2Cl)n3-c2ccc(Cl)cc2)CC1)C1CCOC1,Ki,,,,1
CHEMBL4436440,O=C(NC1CCN(c2ncnc3c2nc(-c2ccccc2Cl)n3-c2ccc(Cl)cc2)CC1)C1CCOCC1,Ki,,,,1
CHEMBL225143,CCCCCCCCCCCCCCCc1cccc(OCCCCCC(=O)NC2CC2)c1,Ki,,,,1
CHEMBL224296,CCCCCCCCCCCCCCCc1cccc(OCCCCCCCCCCC(=O)NC2CC2)c1,Ki,,,,1
CHEMBL567811,Cc1c(-c2ncn(C(C)C)c2CO)nn(-c2ccc(Cl)cc2Cl)c1-c1ccc(Cl)cc1,Ki,,,,1
CHEMBL3581227,CC(C)(C)c1cc(-c2csc(C3(N4CCOCC4)CCOCC3)n2)cc(C(C)(C)C)c1O,Ki,,,,0
CHEMBL1370561,Cn1c(=O)c2[nH]cnc2n(C)c1=O.Cn1c(=O)c2[nH]cnc2n(C)c1=O.NCCN,Ki,,,,0
CHEMBL540445,C=C1C(=O)O[C@H]2[C@H]1CC/C(C)=C/CC[C@@]1(C)O[C@@H]21,Ki,,,,0
CHEMBL1200624,C#C[C@]1(OC(C)=O)CC[C@H]2[C@@H]3CCC4=C[C@@H](OC(C)=O)CC[C@@H]4[C@H]3CC[C@@]21C,Ki,,,,0
CHEMBL1105,COc1ccc2cc(CC(=O)O)ccc2c1,Ki,,,,0
CHEMBL1619,Nc1nc(Cl)nc2c1ncn2[C@H]1C[C@H](O)[C@@H](CO)O1,Ki,,,,0
CHEMBL70927,Cc1c(O)c(=O)ccn1C,Ki,,,,0
CHEMBL43064,C(=C/c1ccccc1)\CN1CCN(C(c2ccccc2)c2ccccc2)CC1,Ki,,,,0
CHEMBL107,COc1cc2c(c(OC)c1OC)-c1ccc(OC)c(=O)cc1[C@@H](NC(C)=O)CC2,Ki,,,,0
CHEMBL659,COc1ccc2c3c1O[C@H]1C[C@@H](O)C=C[C@@]31CCN(C)C2,Ki,,,,0
CHEMBL241694,C#C[C@]1(O)CC[C@H]2[C@@H]3CCC4=CC(=O)CC[C@]4(C)[C@H]3CC[C@@]21C,Ki,,,,0
CHEMBL1483,CCCSc1ccc2[nH]c(NC(=O)OC)nc2c1,Ki,,,,0
CHEMBL976,O=C(C1CCCCC1)N1CC(=O)N2CCc3ccccc3C2C1,Ki,,,,0
CHEMBL4061294,Cc1ccc(Cn2nc(-c3ccc(Cl)c(C)c3)cc(C(=O)NC3CCCCCC3)c2=O)cc1,Ki,,,,1
CHEMBL225361,COc1ccc(NC(=O)NC(c2ccccc2)c2ccccc2)cc1,Ki,,,,1
CHEMBL427088,O=C(Nc1ccccc1)NC(c1ccc(F)cc1)c1ccc(F)cc1,Ki,,,,1
CHEMBL568229,Cc1c(-c2nc[nH]c2C(C)C)nn(-c2ccccc2Cl)c1-c1ccc(Cl)cc1,Ki,,,,1
CHEMBL2326035,CCCCCCCN(Cc1ccc(N(CC)CC)cc1)S(=O)(=O)c1cccc(C)c1,Ki,,,,1
CHEMBL61,COc1cc([C@@H]2c3cc4c(cc3[C@H](O)[C@H]3COC(=O)[C@H]23)OCO4)cc(OC)c1OC,Ki,,,,0
CHEMBL3353829,CCn1c2ccccc2c2nnc(SCc3ccccc3C#N)nc21,Ki,,,,1
CHEMBL2179724,CCCCCCC(C)(C)c1cc(OC)c([C@H]2C=C(CO)[C@H]3C[C@@H]2C3(C)C)c(OC)c1,Ki,,,,1
CHEMBL428647,CC(=O)O[C@H]1C(=O)[C@@]2(C)[C@H]([C@H](OC(=O)c3ccccc3)[C@]3(O)C[C@H](OC(=O)[C@H](O)[C@@H](NC(=O)c4ccccc4)c4ccccc4)C(C)=C1C3(C)C)[C@]1(OC(C)=O)CO[C@@H]1C[C@@H]2O,Ki,,,,0
CHEMBL833,Clc1ccccc1CN1CCc2sccc2C1,Ki,,,,0
CHEMBL1670,Clc1ccc(C(c2ccccc2Cl)C(Cl)Cl)cc1,Ki,,,,0
CHEMBL19236,COc1nc(C)nc(Cl)c1NC1=NCCN1,Ki,,,,0
CHEMBL275742,CC(C)NC[C@@H](O)COc1cccc2ccccc12,Ki,,,,0
CHEMBL44,O=c1c(-c2ccc(O)cc2)coc2cc(O)cc(O)c12,Ki,,,,0
CHEMBL3353823,O=[N+]([O-])c1ccccc1CSc1nnc2c(n1)[nH]c1cccc(Br)c12,Ki,,,,1
CHEMBL3353819,N#Cc1ccccc1CSc1nnc2c(n1)[nH]c1c(Br)cccc12,Ki,,,,1
CHEMBL307145,Oc1cccc(O)c1O,Ki,,,,0
CHEMBL559147,C[C@@H](N)[C@H]1CC[C@H](C(=O)Nc2ccncc2)CC1,Ki,,,,0
CHEMBL3354397,COC(=O)CCCC(=O)n1c2ccccc2c2nnc(SCc3ccccc3C#N)nc21,Ki,,,,1
CHEMBL26,CCN1CCCC1CNC(=O)c1cc(S(N)(=O)=O)ccc1OC,Ki,,,,0
CHEMBL1730,CO/N=C(\C(=O)N[C@@H]1C(=O)N2C(C(=O)O)=C(COC(C)=O)CS[C@H]12)c1csc(N)n1,Ki,,,,0
CHEMBL4453534,CC(C)(C)CNC(=O)NC1CCN(c2ncnc3c2nc(-c2ccccc2Cl)n3-c2ccc(Cl)cc2)CC1,Ki,,,,1
CHEMBL4282454,NCCOCCOCCNC(=O)COc1ccc2c(c1)c(C(=O)c1cccc3ccccc13)cn2CCN1CCOCC1,Ki,,,,1
CHEMBL4286755,COc1ccc(C(=O)c2cn(CC3CCOCC3)c3ccc(OCC(=O)N[C@@H](C)C(=O)N[C@@H](C)C(=O)NCCN)cc23)cc1,Ki,,,,1
CHEMBL1388,Oc1ccc(OCc2ccccc2)cc1,Ki,,,,0
CHEMBL1814312,C=CCc1cc(NC(C)=O)c(O)c(-c2ccc(OC)c(CC=C)c2)c1,Ki,,,,1
CHEMBL1321154,O=[N+]([O-])c1cc([As](=O)(O)O)ccc1O,Ki,,,,0
CHEMBL1697694,COc1cc2c(c3oc(=O)c4c(c13)CCC4=O)[C@@H]1C=CO[C@@H]1O2,Ki,,,,0
CHEMBL3613100,Cc1ccc(Cn2cc(C(=O)N[C@@H]3C[C@@H]4C[C@H]([C@H]3C)C4(C)C)cc2-c2ccc(Cl)c(C)c2)cc1,Ki,,,,1
CHEMBL14060,Oc1ccccc1,Ki,,,,0
CHEMBL167911,COP(=O)(OC)OC=C(Cl)Cl,Ki,,,,0
CHEMBL561,CCn1cc(C(=O)O)c(=O)c2cc(F)c(N3CCNC(C)C3)c(F)c21,Ki,,,,0
CHEMBL2336556,C=CCc1ccc(CN(Cc2ccccc2)S(=O)(=O)c2ccc(C)cc2)cc1,Ki,,,,1
CHEMBL2336551,Cc1ccc(S(=O)(=O)N(Cc2ccccc2)Cc2ccc(N(CCCl)CCCl)cc2)cc1,Ki,,,,1
CHEMBL2336527,Cc1ccc(S(=O)(=O)N(Cc2ccc(N3CCCCC3)cc2)c2ccccc2)cc1,Ki,,,,1
CHEMBL110691,CC(=O)O[C@]1(C(C)=O)CC[C@H]2[C@@H]3C=C(Cl)C4=CC(=O)CC[C@]4(C)[C@H]3CC[C@@]21C,Ki,,,,0
CHEMBL513,O=NN(CCCl)C(=O)NCCCl,Ki,,,,0
CHEMBL1660,CO[C@H]1/C=C/O[C@@]2(C)Oc3c(C)c(O)c4c(O)c(c(/C=N/N5CCN(C6CCCC6)CC5)c(O)c4c3C2=O)NC(=O)/C(C)=C\C=C\[C@H](C)[C@H](O)[C@@H](C)[C@@H](O)[C@@H](C)[C@H](OC(C)=O)[C@@H]1C,Ki,,,,0
CHEMBL880,CC(=O)OCC(CCn1cnc2cnc(N)nc21)COC(C)=O,Ki,,,,0
CHEMBL398440,Cc1cc(O)cc(C)c1Cl,Ki,,,,0
CHEMBL101168,Nn1nnc2ccccc21,Ki,,,,0
CHEMBL1771,COC(=O)[C@H](c1ccccc1Cl)N1CCc2sccc2C1,Ki,,,,0
CHEMBL423192,COc1ccc(C[C@H]2NC[C@H](O)[C@H]2OC(C)=O)cc1,Ki,,,,0
CHEMBL621,O=c1n(CCCN2CCN(c3cccc(Cl)c3)CC2)nc2ccccn12,Ki,,,,0
CHEMBL182,Nc1nc2c(ncn2COC(CO)CO)c(=O)[nH]1,Ki,,,,0
CHEMBL715,Cc1cc2c(s1)Nc1ccccc1N=C2N1CCN(C)CC1,Ki,,,,0
CHEMBL384467,C[C@@H]1C[C@H]2[C@@H]3CCC4=CC(=O)C=C[C@]4(C)[C@@]3(F)[C@@H](O)C[C@]2(C)[C@@]1(O)C(=O)CO,Ki,,,,0
CHEMBL29,CC1(C)S[C@@H]2[C@H](NC(=O)Cc3ccccc3)C(=O)N2[C@H]1C(=O)O,Ki,,,,0
CHEMBL406,CC1Cc2ccccc2N1NC(=O)c1ccc(Cl)c(S(N)(=O)=O)c1,Ki,,,,0
CHEMBL689,OC[C@@H](O)[C@@H](O)[C@H](O)[C@H](O)CO,Ki,,,,0
CHEMBL1042,C=C1CC[C@H](O)C/C1=C/C=C1\CCC[C@]2(C)[C@@H]([C@H](C)CCCC(C)C)CC[C@@H]12,Ki,,,,0
CHEMBL127516,CCCCOC(=O)c1ccc(N)cc1,Ki,,,,0
CHEMBL717,CC(=O)O[C@]1(C(C)=O)CC[C@H]2[C@@H]3C[C@H](C)C4=CC(=O)CC[C@]4(C)[C@H]3CC[C@@]21C,Ki,,,,0
CHEMBL225536,CCCCCCCCCCCCCCCc1cccc(OCCCCCCCCCCC(=O)Nc2ccc(O)cc2)c1,Ki,,,,1
CHEMBL76904,N#CC(C#N)=Cc1ccc(O)c(O)c1,Ki,,,,0
CHEMBL443,Cc1cc(NS(=O)(=O)c2ccc(N)cc2)no1,Ki,,,,0
CHEMBL541,O=C(O)c1ccccc1,Ki,,,,0
CHEMBL588119,CCCCCCCCN[C@H](C)[C@@H](O)c1ccc(SC(C)C)cc1,Ki,,,,0
CHEMBL1200604,CCN(Cc1ccncc1)C(=O)C(CO)c1ccccc1,Ki,,,,0
CHEMBL614,NC(=O)c1cnccn1,Ki,,,,0
CHEMBL679,CNC[C@H](O)c1ccc(O)c(O)c1,Ki,,,,0
CHEMBL24944,O=C(Nc1ccc(Br)cc1)c1cc(Br)cc(Br)c1O,Ki,,,,0
CHEMBL443980,CCCCCCCCCCC[C@@H](C[C@@H]1OC(=O)[C@H]1CCCCCC)OC(=O)[C@H](Cc1ccccc1)NC(=O)OCc1ccccc1,Ki,,,,1
CHEMBL3353815,FC(F)(F)Oc1ccccc1CSc1nnc2c(n1)[nH]c1ccccc12,Ki,,,,1
CHEMBL3353817,O=C(O)c1ccccc1CSc1nnc2c(n1)[nH]c1ccccc12,Ki,,,,1
CHEMBL1073,Cc1cnc(C(=O)NCCc2ccc(S(=O)(=O)NC(=O)NC3CCCCC3)cc2)cn1,Ki,,,,0
CHEMBL1255837,CC(C)[C@@]1(NC(=O)[C@@H]2C[C@@H]3c4cccc5[nH]cc(c45)C[C@H]3N(C)C2)O[C@@]2(O)[C@@H]3CCCN3C(=O)[C@H](Cc3ccccc3)N2C1=O.CS(=O)(=O)O,Ki,,,,0
CHEMBL918,NC(=O)NC(=O)Cc1ccccc1,Ki,,,,0
CHEMBL1237044,COc1cccc(C2(O)CCCCC2CN(C)C)c1,Ki,,,,0
CHEMBL1413,Cc1cc(C2CCCCC2)n(O)c(=O)c1,Ki,,,,0
CHEMBL469912,COc1ccc(C[C@H](N)C(=O)N[C@H]2[C@@H](O)[C@H](n3cnc4c(N(C)C)ncnc43)O[C@@H]2CO)cc1,Ki,,,,0
CHEMBL95764,O=C(O)CNCP(=O)(O)O,Ki,,,,0
CHEMBL3798273,C=CCc1cc(NC(=O)CCCCCCCCCCCCCCCCC)c(O)c(-c2ccc(OC)c(CC=C)c2)c1,Ki,,,,1
CHEMBL89828,C=CCc1ccc(OC)c(-c2ccc(OC)c(CC=C)c2)c1,Ki,,,,1
CHEMBL1200600,CC(=O)[C@@]1(O)CC[C@H]2[C@@H]3C[C@H](C)C4=CC(=O)C=C[C@]4(C)[C@@]3(F)[C@@H](O)C[C@@]21C,Ki,,,,0
CHEMBL500,CC(C)NCC(O)COc1cccc2[nH]ccc12,Ki,,,,0
CHEMBL54126,CN(C)C(=O)Oc1cccc([N+](C)(C)C)c1.[Br-],Ki,,,,0
CHEMBL269732,C=CC[C@@H]1/C=C(\C)C[C@H](C)C[C@H](OC)[C@H]2O[C@@](O)(C(=O)C(=O)N3CCCC[C@H]3C(=O)O[C@H](/C(C)=C/[C@@H]3CC[C@@H](O)[C@H](OC)C3)[C@H](C)[C@@H](O)CC1=O)[C@H](C)C[C@@H]2OC,Ki,,,,0
CHEMBL123292,C[C@@H]1C[C@@H]([C@H](O)CC2CC(=O)NC(=O)C2)C(=O)[C@@H](C)C1,Ki,,,,0
CHEMBL2326278,CCCCCCCN(Cc1ccc(N(CC)CC)cc1)S(=O)(=O)CCCC,Ki,,,,1
CHEMBL458090,CCCCCCCCCCC[C@@H](C[C@@H]1OC(=O)[C@H]1CCCCCC)OC(=O)CNC(=O)OCc1ccccc1,Ki,,,,1
CHEMBL104,Clc1ccccc1C(c1ccccc1)(c1ccccc1)n1ccnc1,Ki,,,,0
CHEMBL2387180,O=C(NCc1ccccc1)c1cc2c(n(CCCN3CCOCC3)c1=O)CCCCCC2,Ki,,,,1
CHEMBL1200545,CC(=O)OCC(=O)[C@@]1(OC(C)=O)[C@@H](C)C[C@H]2[C@@H]3C[C@H](F)C4=CC(=O)C=C[C@]4(C)[C@@]3(F)[C@@H](O)C[C@@]21C,Ki,,,,0
CHEMBL503,CC[C@H](C)C(=O)O[C@H]1C[C@@H](C)C=C2C=C[C@H](C)[C@H](CC[C@@H]3C[C@@H](O)CC(=O)O3)[C@H]21,Ki,,,,0
CHEMBL2336555,CCCc1ccc(CN(Cc2ccccc2)S(=O)(=O)c2ccc(C)cc2)cc1,Ki,,,,1
CHEMBL1297,CC(C(=O)O)c1cccc(Oc2ccccc2)c1,Ki,,,,0
CHEMBL4582682,CN1CCC(CNC(=O)NC2CCN(c3ncnc4c3nc(-c3ccccc3Cl)n4-c3ccc(Cl)cc3)CC2)CC1,Ki,,,,1
CHEMBL338790,Nc1ccc2c3c(cccc13)C(=O)NC2=O,Ki,,,,0
CHEMBL15245,COC(=O)[C@@H]1[C@H]2C[C@H]3c4[nH]c5ccccc5c4CCN3C[C@@H]2CC[C@@H]1O,Ki,,,,0
CHEMBL2336559,CCN(CC)c1ccc(CN(Cc2ccccc2)Cc2ccccc2)cc1,Ki,,,,1
CHEMBL225020,CCCCCCc1ccc(O)cc1OCCCCCC(=O)NCCO,Ki,,,,1
CHEMBL820,CS(=O)(=O)OCCCCOS(C)(=O)=O,Ki,,,,0
CHEMBL4586935,CCCCCn1c(=O)oc2cc(C(=O)C34CC5CC(CC(C5)C3)C4)ccc21,Ki,,,,1
CHEMBL1054,NS(=O)(=O)c1cc2c(cc1Cl)NC(C(Cl)Cl)NS2(=O)=O,Ki,,,,0
CHEMBL2326034,CCCCCCCN(Cc1ccc(N(CC)CC)cc1)S(=O)(=O)c1ccc(C)cc1,Ki,,,,1
CHEMBL1201012,CC1(C)O[C@@H]2C[C@H]3[C@@H]4C[C@H](F)C5=CC(=O)CC[C@]5(C)[C@H]4[C@@H](O)C[C@]3(C)[C@]2(C(=O)CO)O1,Ki,,,,0
CHEMBL47244,C=C(C)[C@@H]1[C@H]2OC(=O)[C@@H]1[C@]1(O)C[C@H]3O[C@]34C(=O)O[C@H]2[C@]14C,Ki,,,,0
CHEMBL578,CCOC(=O)[C@H](CCc1ccccc1)N[C@@H](C)C(=O)N1CCC[C@H]1C(=O)O,Ki,,,,0
CHEMBL12,CN1C(=O)CN=C(c2ccccc2)c2cc(Cl)ccc21,Ki,,,,0
CHEMBL4530984,CCOCC(=O)NC1CCN(c2ncnc3c2nc(-c2ccccc2Cl)n3-c2ccc(Cl)cc2)CC1,Ki,,,,1
CHEMBL44814,ClC(Cl)(Cl)Cl,Ki,,,,0
CHEMBL4473204,Cn1cc(NC(=O)NC2CCN(c3ncnc4c3nc(-c3ccccc3Cl)n4-c3ccc(Cl)cc3)CC2)cn1,Ki,,,,1
CHEMBL21731,CNCCCC12CCC(c3ccccc31)c1ccccc12,Ki,,,,0
CHEMBL19215,CN1C[C@H](CNC(=O)OCc2ccccc2)C[C@@H]2c3cccc4c3c(cn4C)C[C@H]21,Ki,,,,0
CHEMBL453289,CCCCCCCCCCC[C@@H](C[C@@H]1OC(=O)[C@H]1CCCCCC)OC(=O)[C@H](CC(C)C)NC(=O)OCc1ccccc1,Ki,,,,1
CHEMBL1191,Cc1nnc(NS(=O)(=O)c2ccc(N)cc2)s1,Ki,,,,0
CHEMBL852,N[C@@H](Cc1ccc(N(CCCl)CCCl)cc1)C(=O)O,Ki,,,,0
CHEMBL497682,CCCCCn1cc(C(=O)NC23CC4CC(CC(C4)C2)C3)c(=O)c2ccc(OCC)cc21,Ki,,,,1
CHEMBL1440,CN(C)[C@@H]1C(O)=C(C(N)=O)C(=O)[C@@]2(O)C(O)=C3C(=O)c4c(O)cccc4[C@@](C)(O)[C@H]3C[C@@H]12,Ki,,,,0
CHEMBL1741,CC[C@H]1OC(=O)[C@H](C)[C@@H](O[C@H]2C[C@@](C)(OC)[C@@H](O)[C@H](C)O2)[C@H](C)[C@@H](O[C@@H]2O[C@H](C)C[C@H](N(C)C)[C@H]2O)[C@](C)(OC)C[C@@H](C)C(=O)[C@H](C)[C@@H](O)[C@]1(C)O,Ki,,,,0
CHEMBL4062370,Cc1ccc(Cn2nc(-c3ccc(Cl)c(C)c3)cc(C(=O)NC34CC5CC(CC(C5)C3)C4)c2=O)cc1,Ki,,,,1
CHEMBL65,CC[C@@]1(O)C(=O)OCc2c1cc1n(c2=O)Cc2cc3ccccc3nc2-1,Ki,,,,0
CHEMBL2336554,CCOc1ccc(CN(Cc2ccccc2)S(=O)(=O)c2ccc(C)cc2)cc1,Ki,,,,1
CHEMBL741,Nc1nnc(-c2cccc(Cl)c2Cl)c(N)n1,Ki,,,,0
CHEMBL1009,N[C@@H](Cc1ccc(O)c(O)c1)C(=O)O,Ki,,,,0
CHEMBL63323,O=C(O)c1cccnc1Nc1cccc(C(F)(F)F)c1,Ki,,,,0
CHEMBL1201346,O=C(O)CCNC(=O)c1ccc(/N=N/c2ccc(O)c(C(=O)O)c2)cc1,Ki,,,,0
CHEMBL822,CN(C/C=C/C#CC(C)(C)C)Cc1cccc2ccccc12,Ki,,,,0
CHEMBL3353831,N#Cc1ccccc1CSc1nnc2c3ccccc3n(CC3CC3)c2n1,Ki,,,,1
CHEMBL1527608,Cn1c(=O)c2c(ncn2CC2OCCO2)n(C)c1=O,Ki,,,,0
CHEMBL429,CC(CCc1ccccc1)NCC(O)c1ccc(O)c(C(N)=O)c1,Ki,,,,0
CHEMBL3353821,N#Cc1ccccc1CSc1nnc2c(n1)[nH]c1ccc(Br)cc12,Ki,,,,1
CHEMBL4514301,CCCCCn1c(=O)sc2cc(C(=O)c3ccccc3)ccc21,Ki,,,,1
CHEMBL4536203,CCCCCn1c(=O)sc2ccc(C(=O)C3CCCCC3)cc21,Ki,,,,1
CHEMBL13341,CN1C(=O)CN=C(c2ccccc2)c2cc([N+](=O)[O-])ccc21,Ki,,,,0
CHEMBL1201139,CC(=O)O[C@]1(C(C)=O)CC[C@H]2[C@@H]3C=C(C)C4=CC(=O)CC[C@]4(C)[C@H]3CC[C@@]21C,Ki,,,,0
CHEMBL445206,C/C=C\c1ccc(O)c(OC)c1,Ki,,,,0
CHEMBL1194,CCCNC(C)C(=O)Nc1ccccc1C,Ki,,,,0
CHEMBL427526,CC(C)Cc1ccc([C@@H](C)C(=O)O)cc1,Ki,,,,0
CHEMBL1909078,O=[As][O-].[Na+],Ki,,,,0
CHEMBL1201216,Cc1ccccc1N1CCN(CCc2nnc3n2CCCC3)CC1,Ki,,,,0
CHEMBL510139,CC1=C2C(=CO[C@H](C)[C@H]2C)C(O)=C(C(=O)O)C1=O,Ki,,,,0
CHEMBL1592,CCOC(=O)[C@H](CCc1ccccc1)N[C@@H](C)C(=O)N1Cc2ccccc2C[C@H]1C(=O)O,Ki,,,,0
CHEMBL2022693,O=C(NC1CCCCCC1)c1c(O)c2cccnc2n(Cc2ccc(F)cc2)c1=O,Ki,,,,1
CHEMBL940,NCC1(CC(=O)O)CCCCC1,Ki,,,,0
CHEMBL648,CN1CCN(C(c2ccccc2)c2ccccc2)CC1,Ki,,,,0
CHEMBL964,CCN(CC)C(=S)SSC(=S)N(CC)CC,Ki,,,,0
CHEMBL1201353,CN(C)CC[C@@H](c1ccc(Cl)cc1)c1ccccn1,Ki,,,,0
CHEMBL502896,Cl.NC[C@H]1CC[C@H](C(=O)Oc2ccc(CCC(=O)O)cc2)CC1,Ki,,,,0
CHEMBL219916,O=c1[nH]c2ccccc2n1CCCN1CCC(n2c(=O)[nH]c3cc(Cl)ccc32)CC1,Ki,,,,0
CHEMBL457736,CCCCCCCCCCC[C@@H](C[C@@H]1OC(=O)[C@H]1CCCCCC)OC(=O)[C@@H](N)CC(C)C,Ki,,,,1
CHEMBL175,CC(C)Cc1ccc([C@H](C)C(=O)O)cc1,Ki,,,,0
CHEMBL932,OCCN(CCO)c1nc(N2CCCCC2)c2nc(N(CCO)CCO)nc(N3CCCCC3)c2n1,Ki,,,,0
CHEMBL238071,CC[C@]1(O)C[C@@H]2CN(CCc3c([nH]c4ccccc34)[C@@](C(=O)OC)(c3cc4c(cc3OC)N(C)[C@H]3[C@@](O)(C(N)=O)[C@H](O)[C@]5(CC)C=CCN6CC[C@]43[C@@H]65)C2)C1,Ki,,,,0
CHEMBL954,CCN(CC)CCOc1ccc(/C(=C(/Cl)c2ccccc2)c2ccccc2)cc1,Ki,,,,0
CHEMBL1567463,C[N+](C)(C)CCOP(=O)([O-])OC[C@H](O)CO,Ki,,,,0
CHEMBL2022691,O=C(NC1CCCCC1)c1c(O)c2cccnc2n(Cc2ccc(F)cc2)c1=O,Ki,,,,1
CHEMBL4468666,CN(Cc1ccc(F)cc1)C1CCN(c2ncnc3c2nc(-c2ccccc2Cl)n3-c2ccc(Cl)cc2)CC1,Ki,,,,1
CHEMBL553025,CCC1=C[C@@H]2CN(C1)Cc1c([nH]c3ccccc13)[C@@](C(=O)OC)(c1cc3c(cc1OC)N(C)[C@H]1[C@@](O)(C(=O)OC)[C@H](OC(C)=O)[C@]4(CC)C=CCN5CC[C@]31[C@@H]54)C2,Ki,,,,0
CHEMBL458972,CCCCCCCCCCC[C@H](O)C[C@@H]1OC(=O)[C@H]1CCCCCC,Ki,,,,1
CHEMBL1243,Nc1ccc(S(=O)(=O)NC(=O)c2ccccc2)cc1,Ki,,,,0
CHEMBL267345,C[C@@H]1[C@H](O)[C@@H](C)/C=C/C=C/C=C/C=C/C=C/C=C/C=C/[C@H](O[C@@H]2O[C@H](C)[C@@H](O)[C@H](N)[C@@H]2O)C[C@@H]2O[C@](O)(C[C@@H](O)C[C@@H](O)[C@H](O)CC[C@@H](O)C[C@@H](O)CC(=O)O[C@H]1C)C[C@H](O)[C@H]2C(=O)O,Ki,,,,0
CHEMBL3353807,Fc1ccc(CSc2nnc3c(n2)[nH]c2ccccc23)cc1,Ki,,,,1
CHEMBL3353804,c1ccc2c(c1)[nH]c1nc(SCC3CCCCC3)nnc12,Ki,,,,1
CHEMBL3353808,Fc1cccc(F)c1CSc1nnc2c(n1)[nH]c1ccccc12,Ki,,,,1
CHEMBL3350037,C[C@@H](O)[C@H](CO)NC(=O)[C@@H]1CSSC[C@H](NC(=O)[C@H](N)Cc2ccccc2)C(=O)N[C@@H](Cc2ccccc2)C(=O)N[C@H](Cc2c[nH]c3ccccc23)C(=O)N[C@@H](CCCCN)C(=O)N[C@@H]([C@@H](C)O)C(=O)N1,Ki,,,,0
CHEMBL72,CNCCCN1c2ccccc2CCc2ccccc21,Ki,,,,0
CHEMBL54440,CC[C@H](C)C(=O)O[C@H]1CCC=C2C=C[C@H](C)[C@H](CC[C@@H]3C[C@@H](O)CC(=O)O3)[C@H]21,Ki,,,,0
CHEMBL45,COc1ccc2[nH]cc(CCNC(C)=O)c2c1,Ki,,,,0
CHEMBL649,CC(C)(C)NCC(O)COc1cccc2c1C[C@H](O)[C@H](O)C2,Ki,,,,0
CHEMBL1535,CCN(CCO)CCCC(C)Nc1ccnc2cc(Cl)ccc12,Ki,,,,0
CHEMBL727,Nc1nc2[nH]cnc2c(=S)[nH]1,Ki,,,,0
CHEMBL3215298,CC[C@H](C)[C@H]1O[C@]2(C=C[C@@H]1C)C[C@@H]1C[C@@H](C/C=C(\C)[C@@H](O[C@H]3C[C@H](OC)[C@@H](O[C@H]4C[C@H](OC)[C@@H](O)[C@H](C)O4)[C@H](C)O3)[C@@H](C)/C=C/C=C3\CO[C@@H]4[C@H](O)C(C)=C[C@@H](C(=O)O1)[C@]34O)O2.CO[C@H]1C[C@H](O[C@H]2[C@H](C)O[C@@H](O[C@@H]3/C(C)=C/C[C@@H]4C[C@@H](C[C@]5(C=C[C@H](C)[C@@H](C(C)C)O5)O4)OC(=O)[C@@H]4C=C(C)[C@@H](O)[C@H]5OC/C(=C\C=C\[C@@H]3C)[C@]54O)C[C@@H]2OC)O[C@@H](C)[C@@H]1O,Ki,,,,0
CHEMBL196,O=C1O[C@H]([C@@H](O)CO)C(O)=C1O,Ki,,,,0
CHEMBL63560,C[C@](O)(CS(=O)(=O)c1ccc(F)cc1)C(=O)Nc1ccc(C#N)c(C(F)(F)F)c1,Ki,,,,0
CHEMBL576230,Cc1c(-c2cn(Cc3ccccc3)cn2)nn(-c2ccc(Cl)cc2Cl)c1-c1ccc(Cl)cc1,Ki,,,,1
CHEMBL577477,Cc1c(-c2cn(C3CCOCC3)cn2)nn(-c2ccc(Cl)cc2Cl)c1-c1ccc(Cl)cc1,Ki,,,,1
CHEMBL2179741,O=C(Cc1ccc(Cl)cc1)NC(NC(=O)Cc1ccc(Cl)cc1)c1ccc([N+](=O)[O-])cc1,Ki,,,,1
CHEMBL404,C[C@]1(Cn2ccnn2)[C@H](C(=O)O)N2C(=O)C[C@H]2S1(=O)=O,Ki,,,,0
CHEMBL165,Oc1ccc(/C=C/c2cc(O)cc(O)c2)cc1,Ki,,,,0
CHEMBL1200993,CC[N+](CC)(CC)CCOc1cccc(OCC[N+](CC)(CC)CC)c1OCC[N+](CC)(CC)CC.[I-].[I-].[I-],Ki,,,,0
CHEMBL225613,CCCCCCCCCCCCCCCc1cccc(OCCCCCC(=O)Nc2ccc(O)cc2)c1,Ki,,,,1
CHEMBL141,Nc1ccn([C@@H]2CS[C@H](CO)O2)c(=O)n1,Ki,,,,0
CHEMBL1687,COc1cc2c3cc1Oc1cc(ccc1O)C[C@@H]1c4c(cc(OC)c(O)c4Oc4ccc(cc4)C[C@@H]3N(C)CC2)CC[N+]1(C)C.[Cl-],Ki,,,,0
CHEMBL557555,CC(C)(Oc1ccc(C2CC2(Cl)Cl)cc1)C(=O)O,Ki,,,,0
CHEMBL1196,CCCOc1ccc(C(=O)OCCN(CC)CC)cc1N,Ki,,,,0
CHEMBL2336558,Cc1ccc(S(=O)(=O)N(Cc2ccccc2)Cc2ccc(C(C)C)cc2)cc1,Ki,,,,1
CHEMBL242273,C=CCc1ccc2c(c1)OCO2,Ki,,,,0
CHEMBL13209,O=C1CN=C(c2ccccc2)c2cc([N+](=O)[O-])ccc2N1,Ki,,,,0
CHEMBL262777,CN[C@H](CC(C)C)C(=O)N[C@H]1C(=O)N[C@@H](CC(N)=O)C(=O)N[C@H]2C(=O)N[C@H]3C(=O)N[C@H](C(=O)N[C@H](C(=O)O)c4cc(O)cc(O)c4-c4cc3ccc4O)[C@H](O)c3ccc(c(Cl)c3)Oc3cc2cc(c3O[C@@H]2O[C@H](CO)[C@@H](O)[C@H](O)[C@H]2O[C@H]2C[C@](C)(N)[C@H](O)[C@H](C)O2)Oc2ccc(cc2Cl)[C@H]1O,Ki,,,,0
CHEMBL19224,COc1ccc(Cc2nccc3cc(OC)c(OC)cc23)cc1OC,Ki,,,,0
CHEMBL1306,CC(C)N1CCN(c2ccc(OC[C@H]3CO[C@](Cn4cncn4)(c4ccc(Cl)cc4Cl)O3)cc2)CC1,Ki,,,,0
CHEMBL453,Cc1noc(NS(=O)(=O)c2ccc(N)cc2)c1C,Ki,,,,0
CHEMBL1255834,CC(N)Cc1c[nH]c2ccc(OCc3cccs3)cc12,Ki,,,,0
CHEMBL504,C[S+](C)[O-],Ki,,,,0
CHEMBL1055,NS(=O)(=O)c1cc(C2(O)NC(=O)c3ccccc32)ccc1Cl,Ki,,,,0
CHEMBL1909050,Cc1ccccc1C(=O)N1CCC(Cc2ccccc2)CC1,Ki,,,,0
CHEMBL1628227,CN(C)CCC=C1c2ccccc2COc2ccccc21,Ki,,,,0
CHEMBL178,COc1cccc2c1C(=O)c1c(O)c3c(c(O)c1C2=O)C[C@@](O)(C(C)=O)C[C@@H]3O[C@H]1C[C@H](N)[C@H](O)[C@H](C)O1,Ki,,,,0
CHEMBL572,O=C1CN(/N=C/c2ccc([N+](=O)[O-])o2)C(=O)N1,Ki,,,,0
CHEMBL1902627,CC(C)NCC(O)c1ccccc1Cl,Ki,,,,0
CHEMBL1477,COCc1c(C(C)C)nc(C(C)C)c(/C=C/[C@@H](O)C[C@@H](O)CC(=O)O)c1-c1ccc(F)cc1,Ki,,,,0
CHEMBL1753,CCC[C@@H]1C[C@@H](C(=O)N[C@@H]([C@H]2O[C@H](SC)[C@H](O)[C@@H](O)[C@H]2O)[C@H](C)Cl)N(C)C1,Ki,,,,0
CHEMBL632,C[C@H]1C[C@H]2[C@@H]3CCC4=CC(=O)C=C[C@]4(C)[C@@]3(F)[C@@H](O)C[C@]2(C)[C@@]1(O)C(=O)CO,Ki,,,,0
CHEMBL826,CCn1cc(C(=O)O)c(=O)c2cc(F)c(N3CCNCC3)nc21,Ki,,,,0
CHEMBL1430,CC(C)(S)[C@@H](N)C(=O)O,Ki,,,,0
CHEMBL3353820,N#Cc1ccccc1CSc1nnc2c(n1)[nH]c1cc(Br)ccc12,Ki,,,,1
CHEMBL584029,CCC(C)(C)C(=O)Nc1cc(S(=O)(=O)N2CCOCC2)cc(C)c1C,Ki,,,,1
CHEMBL19299,CC(C(=O)O)c1ccc(CC2CCCC2=O)cc1,Ki,,,,0
CHEMBL1572,CCN[C@@H]1C[C@H](N)[C@@H](O[C@H]2OC(CN)=CC[C@H]2N)[C@H](O)[C@H]1O[C@H]1OC[C@](C)(O)[C@H](NC)[C@H]1O,Ki,,,,0
CHEMBL490,Fc1ccc([C@@H]2CCNC[C@H]2COc2ccc3c(c2)OCO3)cc1,Ki,,,,0
CHEMBL1200406,CN(C)CCOC(c1ccccc1)c1ccccc1.Cn1c(=O)c2[nH]c(Cl)nc2n(C)c1=O,Ki,,,,0
CHEMBL1200585,C[C@]12C/C(=C/O)C(=O)C[C@@H]1CC[C@@H]1[C@@H]2CC[C@@]2(C)[C@H]1CC[C@]2(C)O,Ki,,,,0
CHEMBL1201203,CN1[C@@H]2CC[C@H]1C[C@@H](OC(c1ccccc1)c1ccccc1)C2,Ki,,,,0
CHEMBL1077,Nc1c(CC(=O)O)cccc1C(=O)c1ccc(Br)cc1,Ki,,,,0
CHEMBL289469,CN1C2CCCC1CC(NC(=O)c1nn(C)c3ccccc13)C2,Ki,,,,0
CHEMBL28079,CCCOc1ccccc1-c1nc2[nH]nnc2c(=O)[nH]1,Ki,,,,0
CHEMBL1109,Nc1ccc(S(=O)(=O)Nc2ccnn2-c2ccccc2)cc1,Ki,,,,0
CHEMBL862,N=C(N)NC(=O)Cc1c(Cl)cccc1Cl,Ki,,,,0
CHEMBL408,Cc1c(C)c2c(c(C)c1O)CCC(C)(COc1ccc(CC3SC(=O)NC3=O)cc1)O2,Ki,,,,0
CHEMBL1231,CCN(CC)CC#CCOC(=O)C(O)(c1ccccc1)C1CCCCC1,Ki,,,,0
CHEMBL1140,NC(=O)c1cccnc1,Ki,,,,0
CHEMBL672,CC(C)OC(=O)C(C)(C)Oc1ccc(C(=O)c2ccc(Cl)cc2)cc1,Ki,,,,0
CHEMBL1542,Cn1cnc([N+](=O)[O-])c1Sc1ncnc2[nH]cnc12,Ki,,,,0
CHEMBL2336553,Cc1ccc(S(=O)(=O)N(Cc2ccccc2)Cc2ccc(OC(C)C)cc2)cc1,Ki,,,,1
CHEMBL2336550,Cc1ccc(S(=O)(=O)N(Cc2ccccc2)Cc2ccc(N(C)C)cc2)cc1,Ki,,,,1
CHEMBL428880,O=C(O)c1cc(=O)c2c(OCC(O)COc3cccc4oc(C(=O)O)cc(=O)c34)cccc2o1,Ki,,,,0
CHEMBL926,CC(CCc1ccc(O)cc1)NCCc1ccc(O)c(O)c1,Ki,,,,0
CHEMBL1113,Clc1ccc2c(c1)C(N1CCNCC1)=Nc1ccccc1O2,Ki,,,,0
CHEMBL4289010,COc1ccc(C(=O)c2cn(CCN3CCOCC3)c3ccc(OCC(=O)NC(C)(C)C(=O)NC(C)(C)C(=O)NCCNC(=O)CCCCCNC(=O)COc4ccc(/C=C/C5=[N+]6C(=Cc7ccc(-c8cccs8)n7[B-]6(F)F)C=C5)cc4)cc23)cc1,Ki,,,,1
CHEMBL84,CC[C@@]1(O)C(=O)OCc2c1cc1n(c2=O)Cc2cc3c(CN(C)C)c(O)ccc3nc2-1,Ki,,,,0
CHEMBL2,COc1cc2nc(N3CCN(C(=O)c4ccco4)CC3)nc(N)c2cc1OC,Ki,,,,0
CHEMBL2326291,CCN(CC)c1ccc(CN(c2ccc(Cl)cc2)S(=O)(=O)c2ccc(C(C)C)cc2)cc1,Ki,,,,1
CHEMBL80,C=CCN1CC[C@]23c4c5ccc(O)c4O[C@H]2C(=O)CC[C@@]3(O)[C@H]1C5,Ki,,,,0
CHEMBL12856,Nc1cc(-c2ccncc2)c[nH]c1=O,Ki,,,,0
CHEMBL459,C[C@](N)(Cc1ccc(O)c(O)c1)C(=O)O,Ki,,,,0
CHEMBL90555,CC[C@]1(O)C[C@H]2CN(CCc3c([nH]c4ccccc34)[C@@](C(=O)OC)(c3cc4c(cc3OC)N(C=O)[C@H]3[C@@](O)(C(=O)OC)[C@H](OC(C)=O)[C@]5(CC)C=CCN6CC[C@]43[C@@H]65)C2)C1,Ki,,,,0
CHEMBL64,NNC(=O)c1ccncc1,Ki,,,,0
CHEMBL1162,C#C[C@]1(O)CC[C@H]2[C@@H]3CCC4=CC(=O)CC[C@@H]4[C@H]3CC[C@@]21C,Ki,,,,0
CHEMBL1712923,Nc1nc(N)nc(-c2cc(Cl)ccc2Cl)n1.O=C(O)/C=C\C(=O)O,Ki,,,,0
CHEMBL37161,COC(=O)Nc1nc2cc(Sc3ccccc3)ccc2[nH]1,Ki,,,,0
CHEMBL2163936,CCCC1COc2cccc3c(=O)c(C(=O)NC4CCCCCC4)cn1c23,Ki,,,,1
CHEMBL106,OC(Cn1cncn1)(Cn1cncn1)c1ccc(F)cc1F,Ki,,,,0
CHEMBL3545252,CC(=O)O[C@@]12CO[C@@H]1C[C@H](O)[C@@]1(C)C(=O)[C@H](O)C3=C(C)[C@@H](OC(=O)[C@H](O)[C@@H](NC(=O)OC(C)(C)C)c4ccccc4)C[C@@](O)([C@@H](OC(=O)c4ccccc4)[C@H]21)C3(C)C.O.O.O,Ki,,,,0
CHEMBL415,CN(C)CCCN1c2ccccc2CCc2ccc(Cl)cc21,Ki,,,,0
CHEMBL2106399,CO[C@@H]1[C@@H](O[C@@H]2O[C@H](C)[C@@H](O[C@H]3C[C@@](C)(O)[C@@H](OC(=O)CC(C)C)[C@H](C)O3)[C@H](N(C)C)[C@H]2O)[C@@H](CC=O)C[C@@H](C)[C@@H](O)/C=C/C=C/C[C@@H](C)OC(=O)C[C@H]1O,Ki,,,,0
CHEMBL2163959,Cc1cc2c3c(c1)c(=O)c(C(=O)NC14CC5CC(CC(C5)C1)C4)cn3C(c1ccccc1)CO2,Ki,,,,1
CHEMBL472,COc1ccc(Cl)cc1C(=O)NCCc1ccc(S(=O)(=O)NC(=O)NC2CCCCC2)cc1,Ki,,,,0
CHEMBL1747,NC[C@H]1O[C@H](O[C@H]2[C@H](O)[C@@H](O[C@H]3O[C@H](CO)[C@@H](O)[C@H](N)[C@H]3O)[C@H](N)C[C@@H]2N)[C@H](N)C[C@@H]1O,Ki,,,,0
CHEMBL88,O=P1(N(CCCl)CCCl)NCCCO1,Ki,,,,0
CHEMBL44884,CC[C@@H](CO)NCCN[C@@H](CC)CO,Ki,,,,0
CHEMBL158,C[C@H]1[C@H](NC(=O)/C(=N\OC(C)(C)C(=O)O)c2csc(N)n2)C(=O)N1S(=O)(=O)O,Ki,,,,0
CHEMBL42710,C=CCc1ccc(O)c(OC)c1,Ki,,,,0
CHEMBL3354404,CN(C)c1ccc(C(=O)n2c3ccccc3c3nnc(SCc4ccccc4C#N)nc32)cc1,Ki,,,,1
CHEMBL3354405,COc1ccc(C(=O)n2c3ccccc3c3nnc(SCc4ccccc4C#N)nc32)cc1OC,Ki,,,,1
CHEMBL2326284,CCN(CC)c1ccc(CNc2ccc(Cl)cc2)cc1,Ki,,,,1
CHEMBL3039597,CNC(C)[C@@H]1CC[C@@H](N)[C@@H](O[C@H]2[C@H](O)[C@@H](O[C@H]3OC[C@](C)(O)[C@H](NC)[C@H]3O)[C@H](N)C[C@@H]2N)O1.CN[C@@H]1[C@@H](O)[C@@H](O[C@@H]2[C@@H](O)[C@H](O[C@H]3O[C@H](C(C)N)CC[C@H]3N)[C@@H](N)C[C@H]2N)OC[C@]1(C)O.CN[C@@H]1[C@@H](O)[C@@H](O[C@@H]2[C@@H](O)[C@H](O[C@H]3O[C@H](CN)CC[C@H]3N)[C@@H](N)C[C@H]2N)OC[C@]1(C)O,Ki,,,,0
CHEMBL17157,CC(C)(C)c1ccc(C(O)CCCN2CCC(C(O)(c3ccccc3)c3ccccc3)CC2)cc1,Ki,,,,0
CHEMBL1381098,S=C=Nc1cccc2ccccc12,Ki,,,,0
CHEMBL4649901,Cc1c(N)nc([C@H](CC(N)=O)NC[C@H](N)C(N)=O)nc1C(=O)N[C@H](C(=O)N[C@H](C)[C@@H](O)[C@H](C)C(=O)N[C@H](C(=O)NCCc1nc(-c2nc(C(=O)NCCC[S+](C)C)cs2)cs1)[C@@H](C)O)[C@@H](O[C@@H]1O[C@@H](CO)[C@@H](O)[C@H](O)[C@@H]1O[C@H]1O[C@H](CO)[C@@H](O)[C@H](OC(N)=O)[C@@H]1O)c1c[nH]cn1.[Br-],Ki,,,,0
CHEMBL1095699,[N-]=[N+]=CC(=O)OC[C@H](N)C(=O)O,Ki,,,,0
CHEMBL105,CO[C@@]12[C@H](COC(N)=O)C3=C(C(=O)C(C)=C(N)C3=O)N1C[C@@H]1N[C@@H]12,Ki,,,,0
CHEMBL19019,O=C1CC[C@@]2(O)[C@H]3Cc4ccc(O)c5c4[C@@]2(CCN3CC2CC2)[C@H]1O5,Ki,,,,0
CHEMBL3183075,CNC(=C[N+](=O)[O-])NCCSCc1csc(CN(C)C)n1,Ki,,,,0
CHEMBL25719,CC(C)=CCC/C(C)=C/CO,Ki,,,,0
CHEMBL437002,O=C(c1ccccc1F)N1CCC(Cc2ccccc2)CC1,Ki,,,,0
CHEMBL1230333,O=C(O)CCCc1cccs1,Ki,,,,0
CHEMBL267894,CCC1(CCC(C)C)C(=O)NC(=O)NC1=O,Ki,,,,0
CHEMBL1399,CC(C)(C#N)c1cc(Cn2cncn2)cc(C(C)(C)C#N)c1,Ki,,,,0
CHEMBL631,CCCNCC(O)COc1ccccc1C(=O)CCc1ccccc1,Ki,,,,0
CHEMBL1466,O=c1oc2ccccc2c(O)c1Cc1c(O)c2ccccc2oc1=O,Ki,,,,0
CHEMBL666,O=C(O)P(=O)(O)O,Ki,,,,0
CHEMBL1117,CC(=O)[C@]1(O)Cc2c(O)c3c(c(O)c2[C@@H](O[C@H]2C[C@H](N)[C@H](O)[C@H](C)O2)C1)C(=O)c1ccccc1C3=O,Ki,,,,0
CHEMBL1237174,NN,Ki,,,,0
CHEMBL1201195,CO[C@@]1(NC(=O)CSCC#N)C(=O)N2C(C(=O)O)=C(CSc3nnnn3C)CS[C@@H]21,Ki,,,,0
CHEMBL16068,Brc1ccccc1,Ki,,,,0
CHEMBL2179765,CCOc1ccc(C(NC(=O)Cc2ccccc2)NC(=O)Cc2ccccc2)cc1,Ki,,,,1
CHEMBL1372,N[C@@H](CCC(=O)N[C@@H](CSSC[C@H](NC(=O)CC[C@H](N)C(=O)O)C(=O)NCC(=O)O)C(=O)NCC(=O)O)C(=O)O,Ki,,,,0
CHEMBL311469,CC(=O)Nc1ccc2c(c1)Cc1ccccc1-2,Ki,,,,0
CHEMBL1566249,CCOC(=O)OC(C)OC1=C(C(=O)Nc2ccccn2)N(C)S(=O)(=O)c2ccccc21,Ki,,,,0
CHEMBL686,Cc1cccc(Nc2ccccc2C(=O)O)c1C,Ki,,,,0
CHEMBL4532685,Fc1ccc(CNC2CCN(c3ncnc4c3nc(-c3ccccc3Cl)n4-c3ccc(Cl)cc3)CC2)cc1,Ki,,,,1
CHEMBL24441,CNCCc1ccccn1,Ki,,,,0
CHEMBL2336567,CCN(CC)c1ccc(CN(Cc2ccccc2)S(=O)(=O)c2ccc(OC(C)C)cc2)cc1,Ki,,,,1
CHEMBL2336530,CCN(CC)c1ccc(CN(CCc2ccccc2)S(=O)(=O)c2ccc(C)cc2)cc1,Ki,,,,1
CHEMBL1169,Nc1ccc(C(=O)O)c(O)c1,Ki,,,,0
CHEMBL479,CSc1ccc2c(c1)N(CCC1CCCCN1C)c1ccccc1S2,Ki,,,,0
CHEMBL888,Nc1ccn([C@@H]2O[C@H](CO)[C@@H](O)C2(F)F)c(=O)n1,Ki,,,,0
CHEMBL1384,NC[C@H]1O[C@H](O[C@H]2[C@H](O)[C@@H](O[C@H]3O[C@H](CO)[C@@H](O)[C@H](N)[C@H]3O)[C@H](N)C[C@@H]2N)[C@H](O)[C@@H](O)[C@@H]1O,Ki,,,,0
CHEMBL79,CCN(CC)CC(=O)Nc1c(C)cccc1C,Ki,,,,0
CHEMBL81,O=C(c1ccc(OCCN2CCCCC2)cc1)c1c(-c2ccc(O)cc2)sc2cc(O)ccc12,Ki,,,,0
CHEMBL444633,CO[C@H]1/C=C/O[C@@]2(C)Oc3c(C)c(O)c4c(c3C2=O)C2=NC3(CCN(CC(C)C)CC3)NC2=C(NC(=O)/C(C)=C\C=C\[C@H](C)[C@H](O)[C@@H](C)[C@@H](O)[C@@H](C)[C@H](OC(C)=O)[C@@H]1C)C4=O,Ki,,,,0
CHEMBL1499,C[C@]12CCC(=O)C=C1CC[C@@H]1[C@@H]2C(=O)C[C@@]2(C)[C@H]1CC[C@]2(O)C(=O)CO,Ki,,,,0
CHEMBL1568,Nc1nc(F)nc2c1ncn2[C@@H]1O[C@H](CO)[C@@H](O)[C@@H]1O,Ki,,,,0
CHEMBL573,O=C(O)c1cccnc1,Ki,,,,0
CHEMBL757,C[C@]12CC[C@H]3[C@@H](CCC4=CC(=O)CC[C@@H]43)[C@@H]1CC[C@@H]2O,Ki,,,,0
CHEMBL156455,C=C(Cl)Cl,Ki,,,,0
CHEMBL1395,C[C@]12CCC(=O)C=C1CC[C@@H]1[C@@H]2CC[C@@]2(C)[C@H]1CC[C@]2(C)O,Ki,,,,0
CHEMBL131,C[C@]12C=CC(=O)C=C1CC[C@@H]1[C@@H]2[C@@H](O)C[C@@]2(C)[C@H]1CC[C@]2(O)C(=O)CO,Ki,,,,0
CHEMBL1489,Nc1ncn([C@@H]2O[C@H](CO)[C@@H](O)[C@H]2O)c(=O)n1,Ki,,,,0
CHEMBL62193,COc1cc(NS(=O)(=O)c2ccc(N)cc2)nc(OC)n1,Ki,,,,0
CHEMBL1200396,CCCCN1CCCCC1C(=O)Nc1c(C)cccc1C.Cl,Ki,,,,0
CHEMBL1130,C[C@H]1O[C@@H](n2cc(F)c(=O)[nH]c2=O)[C@H](O)[C@@H]1O,Ki,,,,0
CHEMBL711,O=C1c2ccccc2C(=O)C1c1ccccc1,Ki,,,,0
CHEMBL457,Cc1ccc(C)c(OCCCC(C)(C)C(=O)O)c1,Ki,,,,0
CHEMBL30327,Clc1cc2c(cc1Cl)Oc1cc(Cl)c(Cl)cc1O2,Ki,,,,0
CHEMBL1016,CCOc1nc2cccc(C(=O)O)c2n1Cc1ccc(-c2ccccc2-c2nnn[nH]2)cc1,Ki,,,,0
CHEMBL47,Cc1c(C)c2c(c(C)c1O)CC[C@@](C)(CCC[C@H](C)CCC[C@H](C)CCCC(C)C)O2,Ki,,,,0
CHEMBL9419,CC(=O)Nc1cccc(O)c1,Ki,,,,0
CHEMBL34139,C[C@H]([C@](O)(Cn1cncn1)c1ccc(F)cc1F)S(C)(=O)=O,Ki,,,,0
CHEMBL661,Cc1nnc2n1-c1ccc(Cl)cc1C(c1ccccc1)=NC2,Ki,,,,0
CHEMBL583,Cc1c(F)c(N2CCNC(C)C2)cc2c1c(=O)c(C(=O)O)cn2C1CC1,Ki,,,,0
CHEMBL1503,COc1ccc2[nH]c([S+]([O-])Cc3ncc(C)c(OC)c3C)nc2c1,Ki,,,,0
CHEMBL1393,CC(=O)S[C@@H]1CC2=CC(=O)CC[C@]2(C)[C@H]2CC[C@@]3(C)[C@@H](CC[C@@]34CCC(=O)O4)[C@H]12,Ki,,,,0
CHEMBL101,CCCCC1C(=O)N(c2ccccc2)N(c2ccccc2)C1=O,Ki,,,,0
CHEMBL723,COc1ccccc1OCCNCC(O)COc1cccc2[nH]c3ccccc3c12,Ki,,,,0
CHEMBL49080,CC(C)(C)NCC(O)c1cc(Cl)c(N)c(Cl)c1,Ki,,,,0
CHEMBL84158,CCN(CC)CCNC(=O)c1cc(S(C)(=O)=O)ccc1OC,Ki,,,,0
CHEMBL2336532,CCN(CC)c1ccc(CN(Cc2ccc(Cl)cc2)S(=O)(=O)c2ccc(C)cc2)cc1,Ki,,,,1
CHEMBL36715,NC(=O)CN1CCCC1=O,Ki,,,,0
CHEMBL1544,N[C@@H](Cc1cc(I)c(Oc2ccc(O)c(I)c2)c(I)c1)C(=O)O,Ki,,,,0
CHEMBL1168,CCOC(=O)[C@H](CCc1ccccc1)N[C@@H](C)C(=O)N1[C@H](C(=O)O)C[C@@H]2CCC[C@@H]21,Ki,,,,0
CHEMBL177756,O=C(O)c1ccccc1-c1c2ccc(=O)cc-2oc2cc(O)ccc12,Ki,,,,0
CHEMBL577294,CC(O)COC[C@H]1O[C@@H]2O[C@H]3[C@H](O)[C@@H](O)[C@@H](O[C@H]4[C@H](O)[C@@H](O)[C@@H](O[C@H]5[C@H](O)[C@@H](O)[C@@H](O[C@H]6[C@H](O)[C@@H](O)[C@@H](O[C@H]7[C@H](O)[C@@H](O)[C@@H](O[C@H]8[C@H](O)[C@@H](O)[C@@H](O[C@H]1[C@H](O)[C@H]2O)O[C@@H]8COCC(C)O)O[C@@H]7COCC(C)O)O[C@@H]6COCC(C)O)O[C@@H]5COCC(C)O)O[C@@H]4COCC(C)O)O[C@@H]3COCC(C)O,Ki,,,,0
CHEMBL224773,CCCCCCc1ccc(O)cc1OCCCCCC(=O)Nc1ccc(O)cc1,Ki,,,,1
CHEMBL2326281,CCCCCCCN(Cc1ccc(N(CC)CC)cc1)C(=O)c1ccc(N(C)C)cc1,Ki,,,,1
CHEMBL3353837,Cc1ccc(S(=O)(=O)n2c3ccccc3c3nnc(SCc4ccccc4C#N)nc32)cc1,Ki,,,,1
CHEMBL224337,O=C(Nc1ccc(I)cc1)NC(c1ccccc1)c1ccccc1,Ki,,,,1
CHEMBL712,COc1ccc(C2C(=O)c3ccccc3C2=O)cc1,Ki,,,,0
CHEMBL46,Cc1nccn1CC1CCc2c(c3ccccc3n2C)C1=O,Ki,,,,0
CHEMBL521,CC(C)Cc1ccc(C(C)C(=O)O)cc1,Ki,,,,0
CHEMBL225142,CCCCCCCCCCCCCCCc1cccc(OCCCCCC(=O)NCCO)c1,Ki,,,,1
CHEMBL4452689,O=C(NC1CCN(c2ncnc3c2nc(-c2ccccc2Cl)n3-c2ccc(Cl)cc2)CC1)C1CCS(=O)(=O)CC1,Ki,,,,1
CHEMBL4438814,O=C(NC1CCN(c2ncnc3c2nc(-c2ccccc2Cl)n3-c2ccc(Cl)cc2)CC1)OC1CCOCC1,Ki,,,,1
CHEMBL4515119,CCCCCn1cc(C(=O)c2ccc(C(C)=O)c3ccccc23)c2ccccc21,Ki,,,,1
CHEMBL4542489,CC(Cn1c(=O)sc2cc(C(=O)C34CC5CC(CC(C5)C3)C4)ccc21)N(C)C,Ki,,,,1
CHEMBL117405,CC(C)NC[C@H](O)COc1cccc2[nH]ccc12,Ki,,,,0
CHEMBL420,N=C(N)N/N=C/c1c(Cl)cccc1Cl,Ki,,,,0
CHEMBL3798112,C=CCc1cc(NC(=O)CCCCCCCCCCC)c(O)c(-c2ccc(OC)c(CC=C)c2)c1,Ki,,,,1
CHEMBL402794,CCCC[C@@H](CC)COC(=O)c1ccccc1C(=O)OC[C@@H](CC)CCCC,Ki,,,,0
CHEMBL4544810,N=C(Nc1ccc(F)cc1)NC1CCN(c2ncnc3c2nc(-c2ccccc2Cl)n3-c2ccc(Cl)cc2)CC1,Ki,,,,1
CHEMBL45245,O=c1[nH]c2ccccc2c2ccccc12,Ki,,,,0
CHEMBL248702,CCN[C@@H](C)Cc1cccc(C(F)(F)F)c1,Ki,,,,0
CHEMBL508112,c1ccc2sc(SSc3nc4ccccc4s3)nc2c1,Ki,,,,0
CHEMBL4438962,Clc1ccc(-n2c(-c3ccccc3Cl)nc3c(N4CCC(NCc5ccncc5)CC4)ncnc32)cc1,Ki,,,,1
CHEMBL35,NS(=O)(=O)c1cc(C(=O)O)c(NCc2ccco2)cc1Cl,Ki,,,,0
CHEMBL1614641,C[C@H](C(=O)O)c1ccc2oc(-c3ccc(F)cc3)nc2c1,Ki,,,,0
CHEMBL357995,Cc1cc2c(OCC(CNC(C)(C)C)OC(=O)c3ccccc3)cccc2[nH]1,Ki,,,,0
CHEMBL529,CC[C@H]1OC(=O)[C@H](C)[C@@H](O[C@H]2C[C@@](C)(OC)[C@@H](O)[C@H](C)O2)[C@H](C)[C@@H](O[C@@H]2O[C@H](C)C[C@H](N(C)C)[C@H]2O)[C@](C)(O)C[C@@H](C)CN(C)[C@H](C)[C@@H](O)[C@]1(C)O,Ki,,,,0
CHEMBL599,Cc1cnc(NC(=O)C2=C(O)c3ccccc3S(=O)(=O)N2C)s1,Ki,,,,0
CHEMBL15511,CCN1CCN(c2cc3c(cc2F)c(=O)c(C(=O)O)cn3C2CC2)CC1,Ki,,,,0
CHEMBL56337,CC(/C=C1\SC(=S)N(CC(=O)O)C1=O)=C\c1ccccc1,Ki,,,,0
CHEMBL224406,O=C(CCCCCOc1cccc(O)c1)NC1CC1,Ki,,,,1
CHEMBL2326036,CCCCCCCN(Cc1ccc(N(CC)CC)cc1)S(=O)(=O)c1ccc(C(C)C)cc1,Ki,,,,1
CHEMBL2326312,CCN(CC)c1ccc(CN([C@]23C[C@H]4C[C@H](C[C@H](C4)C2)C3)S(=O)(=O)c2ccc(C(C)C)cc2)cc1,Ki,,,,1
CHEMBL2326282,CCCCCCCN(Cc1ccc(N(CC)CC)cc1)C(=O)C1CCCCC1,Ki,,,,1
CHEMBL2326273,CCCCCCCN(Cc1ccc(N(CC)CC)cc1)S(=O)(=O)c1ccc(OC)cc1,Ki,,,,1
CHEMBL127,C[C@@H](O)[C@H]1C(=O)N2C(C(=O)O)=C(S[C@@H]3CN[C@H](C(=O)N(C)C)C3)[C@H](C)[C@H]12,Ki,,,,0
CHEMBL545,CCO,Ki,,,,0
CHEMBL3084803,CO[C@H]1[C@@H](O)[C@H](N)[C@@H](O[C@H]2O[C@H]([C@H](C)N)CC[C@H]2N)[C@H](O)[C@@H]1N(C)C(=O)CN,Ki,,,,0
CHEMBL18701,CCCCOc1cc(CC2CNC(=O)N2)ccc1OC,Ki,,,,0
CHEMBL2326031,CCCCCCCC(=O)N(Cc1ccc(N(CC)CC)cc1)[C@]12C[C@H]3C[C@H](C[C@H](C3)C1)C2,Ki,,,,1
CHEMBL600325,C[C@@H]1O[C@@H](O[C@@H]2C=C3CC[C@@H]4[C@H](CC[C@]5(C)[C@@H](c6ccc(=O)oc6)CC[C@]45O)[C@@]3(C)CC2)[C@H](O)[C@H](O)[C@H]1O,Ki,,,,0
CHEMBL253376,CN(Cc1cc(Br)cc(Br)c1N)C1CCCCC1,Ki,,,,0
CHEMBL914,CC(C)(C(=O)O)c1ccc(C(O)CCCN2CCC(C(O)(c3ccccc3)c3ccccc3)CC2)cc1,Ki,,,,0
CHEMBL1261,O=C(O)CC(O)(CC(=O)O)C(=O)O,Ki,,,,0
CHEMBL488,CCC1(c2ccc(N)cc2)CCC(=O)NC1=O,Ki,,,,0
CHEMBL702,CCN1CCN(C(=O)N[C@@H](C(=O)N[C@@H]2C(=O)N3[C@@H]2SC(C)(C)[C@@H]3C(=O)O)c2ccccc2)C(=O)C1=O,Ki,,,,0
CHEMBL597,Cc1ccc(N(CC2=NCCN2)c2cccc(O)c2)cc1,Ki,,,,0
CHEMBL1515611,CC(C)C(Br)C(=O)NC(N)=O,Ki,,,,0
CHEMBL4546684,Clc1ccc(-n2c(-c3ccccc3Cl)nc3c(N4CCC(Nc5ncccn5)CC4)ncnc32)cc1,Ki,,,,1
CHEMBL456807,NNc1ccccc1,Ki,,,,0
CHEMBL184618,NC[C@@H]1O[C@H](O[C@H]2[C@@H](O)[C@H](O[C@@H]3[C@@H](O)[C@H](N)C[C@H](N)[C@H]3O[C@H]3O[C@H](CN)[C@@H](O)[C@H](O)[C@H]3N)O[C@@H]2CO)[C@H](N)[C@@H](O)[C@@H]1O,Ki,,,,0
CHEMBL878,Cc1ccccc1N1C(=O)c2cc(S(N)(=O)=O)c(Cl)cc2NC1C,Ki,,,,0
CHEMBL657,CN(C)CCOC(c1ccccc1)c1ccccc1,Ki,,,,0
CHEMBL1909051,O=C(c1ccccc1C(F)(F)F)N1CCC(Cc2ccccc2)CC1,Ki,,,,0
CHEMBL112,CC(=O)Nc1ccc(O)cc1,Ki,,,,0
CHEMBL2103747,CCN1C[C@]2(COC)[C@H](O)C[C@@H](OC)[C@@]34[C@@H]5C[C@@]6(O)[C@H](OC(=O)c7ccccc7)[C@@H]5[C@@](OC(C)=O)([C@@H]([C@H](OC)[C@H]23)[C@H]14)[C@@H](O)[C@@H]6OC,Ki,,,,0
CHEMBL1732,CN1C[C@H](C(=O)N[C@]2(C)O[C@@]3(O)[C@@H]4CCCN4C(=O)[C@H](Cc4ccccc4)N3C2=O)C[C@@H]2c3cccc4[nH]cc(c34)C[C@H]21,Ki,,,,0
CHEMBL565,CCOC(=O)C(C)(C)Oc1ccc(Cl)cc1,Ki,,,,0
CHEMBL1370,CCCC1O[C@@H]2C[C@H]3[C@@H]4CCC5=CC(=O)C=C[C@]5(C)[C@H]4[C@@H](O)C[C@]3(C)[C@]2(C(=O)CO)O1,Ki,,,,0
CHEMBL75880,C1CCC(C(CC2CCCCN2)C2CCCCC2)CC1,Ki,,,,0
CHEMBL98350,O=c1cc(N2CCOCC2)oc2c(-c3ccccc3)cccc12,Ki,,,,0
CHEMBL844,Brc1c(NC2=NCCN2)ccc2nccnc12,Ki,,,,0
CHEMBL1513,CCCCC1=NC2(CCCC2)C(=O)N1Cc1ccc(-c2ccccc2-c2nnn[nH]2)cc1,Ki,,,,0
CHEMBL211501,CCCCCC[C@H]1C(=O)O[C@H](C)[C@H](NC(=O)c2cccc(NC=O)c2O)C(=O)O[C@@H](C)[C@@H]1OC(=O)CC(C)C,Ki,,,,0
CHEMBL267044,CCN1CCC[C@H]1CNC(=O)c1cc(S(N)(=O)=O)ccc1OC,Ki,,,,0
CHEMBL1235242,N[C@@H](Cc1ccc(F)cc1)C(=O)O,Ki,,,,0
CHEMBL23,COc1ccc([C@@H]2Sc3ccccc3N(CCN(C)C)C(=O)[C@@H]2OC(C)=O)cc1,Ki,,,,0
CHEMBL137,Cc1ncc([N+](=O)[O-])n1CCO,Ki,,,,0
CHEMBL1006,NCCCNCCSP(=O)(O)O,Ki,,,,0
CHEMBL446,Cc1cc(C)nc(NS(=O)(=O)c2ccc(N)cc2)n1,Ki,,,,0
CHEMBL34431,CN(C(=O)CCCOc1ccc2[nH]c(=O)ccc2c1)C1CCCCC1,Ki,,,,0
CHEMBL1276308,CC#C[C@]1(O)CC[C@H]2[C@@H]3CCC4=CC(=O)CCC4=C3[C@@H](c3ccc(N(C)C)cc3)C[C@@]21C,Ki,,,,0
CHEMBL558,Cc1cccc(C)c1OCC(C)N,Ki,,,,0
CHEMBL1200748,C[C@@](Cc1ccc(O)c(O)c1)(NN)C(=O)O.O,Ki,,,,0
CHEMBL1200679,[Cl-].[Cl-].[Zn+2],Ki,,,,0
CHEMBL1766,C[C@@H]1C[C@H]2[C@@H]3CCC4=CC(=O)C=C[C@]4(C)[C@@]3(F)[C@@H](O)C[C@]2(C)[C@H]1C(=O)CO,Ki,,,,0
CHEMBL157138,CCN(CC)C(=O)N[C@H]1C=C2c3cccc4[nH]cc(c34)C[C@H]2N(C)C1,Ki,,,,0
CHEMBL563,CC(C(=O)O)c1ccc(-c2ccccc2)c(F)c1,Ki,,,,0
CHEMBL252557,O=C(O)CO,Ki,,,,0
CHEMBL1447,CCC[C@@H]1C[C@@H](C(=O)N[C@@H]([C@H]2O[C@H](SC)[C@H](O)[C@@H](O)[C@H]2O)[C@@H](C)O)N(C)C1,Ki,,,,0
CHEMBL567597,C[C@@H]1CC[C@H]2[C@@H](C)C(=O)O[C@@H]3O[C@]4(C)CC[C@@H]1[C@]32OO4,Ki,,,,0
CHEMBL1201237,CC(C)(C)NC[C@H](O)COc1cccc2c1CCCC2=O,Ki,,,,0
CHEMBL850,C[C@@H]1CN(c2c(F)c(N)c3c(=O)c(C(=O)O)cn(C4CC4)c3c2F)C[C@H](C)N1,Ki,,,,0
CHEMBL114,CC(C)(C)NC(=O)[C@@H]1C[C@@H]2CCCC[C@@H]2CN1C[C@@H](O)[C@H](Cc1ccccc1)NC(=O)[C@H](CC(N)=O)NC(=O)c1ccc2ccccc2n1,Ki,,,,0
CHEMBL629,CN(C)CCC=C1c2ccccc2CCc2ccccc21,Ki,,,,0
CHEMBL783,CC(C)[C@H]1CC[C@H](C(=O)N[C@H](Cc2ccccc2)C(=O)O)CC1,Ki,,,,0
CHEMBL10,C[S+]([O-])c1ccc(-c2nc(-c3ccc(F)cc3)c(-c3ccncc3)[nH]2)cc1,Ki,,,,0
CHEMBL934,CC(C)(C(=O)c1cccnc1)c1cccnc1,Ki,,,,0
CHEMBL7568,CCN(CC)CCCC(C)Nc1c2ccc(Cl)cc2nc2ccc(OC)cc12,Ki,,,,0
CHEMBL252556,COC1=C(OC)C(=O)C(CCCCCCCCCCO)=C(C)C1=O,Ki,,,,0
CHEMBL64391,CCC(C)n1ncn(-c2ccc(N3CCN(c4ccc(OCC5COC(Cn6cncn6)(c6ccc(Cl)cc6Cl)O5)cc4)CC3)cc2)c1=O,Ki,,,,0
CHEMBL508102,CCOC(=O)n1ccn(C)c1=S,Ki,,,,0
CHEMBL2252949,CC1(C)[C@H]2CC[C@]1(C)C(=O)C2,Ki,,,,0
CHEMBL41543,NC(=O)N1c2ccccc2CCc2ccccc21,Ki,,,,0
CHEMBL1537,CC1(C)S[C@@H]2[C@H](NC(=O)[C@H](NC(=O)N3CCNC3=O)c3ccccc3)C(=O)N2[C@H]1C(=O)O,Ki,,,,0
CHEMBL3354402,N#Cc1ccccc1CSc1nnc2c3ccccc3n(C(=O)c3ccc(F)cc3C(F)(F)F)c2n1,Ki,,,,1
CHEMBL580,O=C1Nc2ccc(Cl)cc2C(c2ccccc2Cl)=NC1O,Ki,,,,0
CHEMBL55,N=C(N)c1ccc(OCCCCCOc2ccc(C(=N)N)cc2)cc1,Ki,,,,0
CHEMBL42442,COC(=O)Nc1nc2cc([S+]([O-])c3ccccc3)ccc2[nH]1,Ki,,,,0
CHEMBL31,COc1c(N2CCNC(C)C2)c(F)cc2c(=O)c(C(=O)O)cn(C3CC3)c12,Ki,,,,0
CHEMBL1089,NNCCc1ccccc1,Ki,,,,0
CHEMBL1024,O=P1(NCCCl)OCCCN1CCCl,Ki,,,,0
CHEMBL603,COc1cc(C(=O)NS(=O)(=O)c2ccccc2C)ccc1Cc1cn(C)c2ccc(NC(=O)OC3CCCC3)cc12,Ki,,,,0
CHEMBL1566,C[C@H]1O[C@H](O[C@H]2[C@H](O)[C@@H](O)[C@@H](O[C@H]3[C@H](O)[C@@H](O)[C@H](O)O[C@@H]3CO)O[C@@H]2CO)[C@H](O)[C@@H](O)[C@@H]1N[C@H]1C=C(CO)[C@@H](O)[C@H](O)[C@H]1O,Ki,,,,0
CHEMBL44618,ClC(Cl)Cl,Ki,,,,0
CHEMBL310555,Oc1cccc2cccnc12,Ki,,,,0
CHEMBL40,CCC1(c2ccccc2)C(=O)NC(=O)NC1=O,Ki,,,,0
CHEMBL1108,O=C(CCCN1CC=C(n2c(=O)[nH]c3ccccc32)CC1)c1ccc(F)cc1,Ki,,,,0
CHEMBL802,Nc1cc(N2CCCCC2)nc(N)[n+]1[O-],Ki,,,,0
CHEMBL1200862,C[C@](N)(Cc1ccc(O)cc1)C(=O)O,Ki,,,,0
CHEMBL475534,CCOC(=O)C1=C(C)NC(C)=C(C(=O)OC)C1c1cccc([N+](=O)[O-])c1,Ki,,,,0
CHEMBL113,Cn1c(=O)c2c(ncn2C)n(C)c1=O,Ki,,,,0
CHEMBL1400945,CC(=O)[C@H]1[C@H](C#N)C[C@H]2[C@@H]3CC=C4C[C@@H](O)CC[C@]4(C)[C@H]3CC[C@@]21C,Ki,,,,0
CHEMBL286398,CC(O)CO,Ki,,,,0
CHEMBL27,CC(C)NCC(O)COc1cccc2ccccc12,Ki,,,,0
CHEMBL4553019,CC(C)(O)CC(=O)NC1CCN(c2ncnc3c2nc(-c2ccccc2Cl)n3-c2ccc(Cl)cc2)CC1,Ki,,,,1
CHEMBL305660,CC(C)(C)c1ccc(C(=O)CCCN2CCC(OC(c3ccccc3)c3ccccc3)CC2)cc1,Ki,,,,0
CHEMBL959,CC(N)C12CC3CC(CC(C3)C1)C2,Ki,,,,0
CHEMBL4467885,O=C(CC1CCOCC1)NC1CCN(c2ncnc3c2nc(-c2ccccc2Cl)n3-c2ccc(Cl)cc2)CC1,Ki,,,,1
CHEMBL4436633,O=C(CN1CCOCC1)NC1CCN(c2ncnc3c2nc(-c2ccccc2Cl)n3-c2ccc(Cl)cc2)CC1,Ki,,,,1
CHEMBL1201117,COc1ccccc1OCC(O)COC(N)=O,Ki,,,,0
CHEMBL16,O=C1NC(=O)C(c2ccccc2)(c2ccccc2)N1,Ki,,,,0
CHEMBL403,CC1(C)[C@H](C(=O)O)N2C(=O)C[C@H]2S1(=O)=O,Ki,,,,0
CHEMBL567,OCCN1CCN(CCCN2c3ccccc3Sc3ccc(Cl)cc32)CC1,Ki,,,,0
CHEMBL4526061,O=C(Nc1cc(C(F)(F)F)[nH]n1)NC1CCN(c2ncnc3c2nc(-c2ccccc2Cl)n3-c2ccc(Cl)cc2)CC1,Ki,,,,1
CHEMBL193482,C[C@]12CC[C@@H]3c4ccc(O)cc4CC[C@H]3[C@@H]1C[C@@H](O)[C@@H]2O,Ki,,,,0
CHEMBL277474,Cc1cc(=O)n(-c2ccccc2)n1C,Ki,,,,0
CHEMBL1909048,O=C(c1ccccc1Cl)N1CCC(Cc2ccccc2)CC1,Ki,,,,0
CHEMBL13378,Cc1onc(O)c1CC(N)C(=O)O,Ki,,,,0
CHEMBL1062,CC(=O)[C@@]1(O)CC[C@H]2[C@@H]3CCC4=CC(=O)CC[C@]4(C)[C@H]3CC[C@@]21C,Ki,,,,0
CHEMBL451,CNC1=Nc2ccc(Cl)cc2C(c2ccccc2)=[N+]([O-])C1,Ki,,,,0
CHEMBL4476276,Cn1ccc(-n2c(-c3ccccc3Cl)nc3c(N4CCC(NS(=O)(=O)c5ccc(F)c(F)c5)CC4)ncnc32)n1,Ki,,,,1
CHEMBL4561942,Nc1ccc(-n2c(-c3ccccc3Cl)nc3c(N4CCC(NS(=O)(=O)c5ccc(F)c(F)c5)CC4)ncnc32)cn1,Ki,,,,1
CHEMBL457299,OCCO,Ki,,,,0
CHEMBL1909065,CO[C@@H]1[C@@H](OC)[C@H](C)[C@@](O)(CC(=O)O)O[C@H]1[C@H](C)[C@H]1O[C@@]2(CC[C@@](C)([C@H]3CC[C@@](C)([C@@H]4O[C@@H]([C@H]5O[C@](C)(O)[C@H](C)C[C@@H]5C)C[C@@H]4O[C@@H]4C[C@H](OC)[C@@H](OC)[C@H](C)O4)O3)O2)C[C@H](O)[C@H]1C,Ki,,,,0
CHEMBL434778,CCCCC/C=C\C/C=C\C/C=C\C/C=C\CCCC(=O)NCc1ccoc1,Ki,,,,1
CHEMBL224459,O=C(CCCCCOc1cccc(O)c1)Nc1ccc(O)cc1,Ki,,,,1
CHEMBL224574,CCCCCCc1ccc(OCCCCCC(=O)NCCO)cc1O,Ki,,,,1
CHEMBL415324,COc1ccc(/C=C/C(=O)Nc2ccccc2C(=O)O)cc1OC,Ki,,,,0
CHEMBL1201207,C[C@H]1C[C@H]2[C@@H]3CCC4=CC(=O)C=C[C@]4(C)[C@@]3(F)[C@@H](O)C[C@]2(C)[C@@]1(O)C(=O)COP(=O)(O)O,Ki,,,,0
CHEMBL1076211,Cc1ccc(C(=O)C(C)CN2CCCCC2)cc1,Ki,,,,0
CHEMBL413965,O=C(O)Cc1ccc(-c2ccccc2)cc1,Ki,,,,0
CHEMBL1219,COCCCOc1ccnc(C[S+]([O-])c2nc3ccccc3[nH]2)c1C,Ki,,,,0
CHEMBL1198,CCCCOc1ccc(OCCCN2CCOCC2)cc1,Ki,,,,0
CHEMBL224388,O=C(Nc1ccccc1F)NC(c1ccccc1)c1ccccc1,Ki,,,,1
CHEMBL92401,CC(C)NNC(=O)c1ccncc1,Ki,,,,0
CHEMBL514,O=NN(CCCl)C(=O)NC1CCCCC1,Ki,,,,0
CHEMBL460291,CCOC(=O)C1=C(C)NC(C)=C(C(=O)OCC)C1c1ccccc1/C=C/C(=O)OC(C)(C)C,Ki,,,,0
CHEMBL591093,CCC(C)(C)C(=O)Nc1cc(S(=O)(=O)N2CCOCC2)c(C)cc1C,Ki,,,,1
CHEMBL1201010,CC(=O)OCC(=O)[C@@]1(O)CC[C@H]2[C@@H]3CCC4=CC(=O)CC[C@]4(C)[C@@]3(F)[C@@H](O)C[C@@]21C,Ki,,,,0
CHEMBL2414015,O=C(NC12CC3CC(CC(C3)C1)C2)c1cc(-c2ccccc2)on1,Ki,,,,1
CHEMBL496,Oc1c(Cl)cc(Cl)c(Cl)c1Cc1c(O)c(Cl)cc(Cl)c1Cl,Ki,,,,0
CHEMBL93645,O=C(O)COC(=O)Cc1ccccc1Nc1c(Cl)cccc1Cl,Ki,,,,0
CHEMBL319244,O=C(/C=C/c1ccc(O)c(O)c1)OCCc1ccccc1,Ki,,,,0
CHEMBL134,Clc1cccc(Cl)c1NC1=NCCN1,Ki,,,,0
CHEMBL24,CC(C)NCC(O)COc1ccc(CC(N)=O)cc1,Ki,,,,0
CHEMBL4284520,O=C(CCCCCNC(=O)COc1ccc(/C=C/C2=[N+]3C(=Cc4ccc(-c5cccs5)n4[B-]3(F)F)C=C2)cc1)NCCOCCOCCNC(=O)COc1ccc2c(c1)c(C(=O)c1cccc3ccccc13)cn2CCN1CCOCC1,Ki,,,,1
CHEMBL458108,CCCCCCCCCCC[C@@H](C[C@@H]1OC(=O)[C@H]1CCCCCC)OC(=O)CCC(C)C,Ki,,,,1
CHEMBL3353839,N#Cc1ccccc1CSc1nnc2c3ccccc3n(C(=O)OCc3ccccc3)c2n1,Ki,,,,1
CHEMBL1909076,N[C@H](CSC(=S)NCc1ccccc1)C(=O)O,Ki,,,,0
CHEMBL1282,CC(C)Cn1cnc2c(N)nc3ccccc3c21,Ki,,,,0
CHEMBL521589,CN(C)C(=O)Oc1cc(OC(=O)N(C)C)cc(C(O)CNC(C)(C)C)c1,Ki,,,,0
CHEMBL108,NC(=O)N1c2ccccc2C=Cc2ccccc21,Ki,,,,0
CHEMBL532,CC[C@H]1OC(=O)[C@H](C)[C@@H](O[C@H]2C[C@@](C)(OC)[C@@H](O)[C@H](C)O2)[C@H](C)[C@@H](O[C@@H]2O[C@H](C)C[C@H](N(C)C)[C@H]2O)[C@](C)(O)C[C@@H](C)C(=O)[C@H](C)[C@@H](O)[C@]1(C)O,Ki,,,,0
CHEMBL64894,CN(C)c1ccc(C(=C2C=CC(=[N+](C)C)C=C2)c2ccc(N(C)C)cc2)cc1.[Cl-],Ki,,,,0
CHEMBL2103774,C#C[C@]1(O)CC[C@H]2[C@@H]3[C@H](C)CC4=C(CCC(=O)C4)[C@H]3CC[C@@]21C,Ki,,,,0
CHEMBL267648,CCn1cc(C(=O)O)c(=O)c2cc(F)c(N3CCN(C)CC3)cc21,Ki,,,,0
CHEMBL870,NCCCC(O)(P(=O)(O)O)P(=O)(O)O,Ki,,,,0
CHEMBL4583126,O=C(Nc1ccc(F)c(F)c1)NC1CCN(c2ncnc3c2nc(-c2ccccc2Cl)n3-c2ccc(Cl)cc2)CC1,Ki,,,,1
CHEMBL1110,Cc1[nH]cnc1CN1CCc2c(c3ccccc3n2C)C1=O,Ki,,,,0
CHEMBL1909049,COc1ccccc1C(=O)N1CCC(Cc2ccccc2)CC1,Ki,,,,0
CHEMBL1489254,CC(=O)OCC(COC(C)=O)OC(C)=O,Ki,,,,0
CHEMBL1464,CC(=O)CC(c1ccccc1)c1c(O)c2ccccc2oc1=O,Ki,,,,0
CHEMBL691,C#C[C@]1(O)CC[C@H]2[C@@H]3CCc4cc(O)ccc4[C@H]3CC[C@@]21C,Ki,,,,0
CHEMBL1148,Cc1cccc(Nc2ccncc2S(=O)(=O)NC(=O)NC(C)C)c1,Ki,,,,0
CHEMBL33,C[C@H]1COc2c(N3CCN(C)CC3)c(F)cc3c(=O)c(C(=O)O)cn1c23,Ki,,,,0
CHEMBL1536,C=C1CC[C@H](O)C/C1=C/C=C1\CCC[C@]2(C)[C@@H]([C@H](C)/C=C/[C@H](C)C(C)C)CC[C@@H]12,Ki,,,,0
CHEMBL1159650,CCC(=O)O[C@]1(C(=O)CCl)[C@@H](C)C[C@H]2[C@@H]3CCC4=CC(=O)C=C[C@]4(C)[C@@]3(F)[C@@H](O)C[C@@]21C,Ki,,,,0
CHEMBL311350,CCn1cc(C(=O)O)c(=O)c2cnc(N3CCCC3)nc21,Ki,,,,0
CHEMBL3353832,N#Cc1ccccc1CSc1nnc2c3ccccc3n(CC3CCCCC3)c2n1,Ki,,,,1
CHEMBL1460,O=c1[nH]cnc2c1ncn2[C@H]1CC[C@@H](CO)O1,Ki,,,,0
CHEMBL108545,COC(=O)c1ccccc1O,Ki,,,,0
CHEMBL1431,CN(C)C(=N)NC(=N)N,Ki,,,,0
CHEMBL4533715,O=C(NC1CCN(c2ncnc3c2nc(-c2ccccc2Cl)n3-c2ccc(Cl)cc2)CC1)N1CCOCC1,Ki,,,,1
CHEMBL695,CN1C(=O)OC(C)(C)C1=O,Ki,,,,0
CHEMBL438,Cc1ccnc(NS(=O)(=O)c2ccc(N)cc2)n1,Ki,,,,0
CHEMBL806,CC(C)C(=O)Nc1ccc([N+](=O)[O-])c(C(F)(F)F)c1,Ki,,,,0
CHEMBL558551,O=C1CC[C@@H](N2C(=O)c3ccccc3C2=O)C(=O)N1,Ki,,,,0
CHEMBL765,N=C(N)NCCN1CCCCCCC1,Ki,,,,0
CHEMBL1612004,COc1ccccc1N,Ki,,,,0
CHEMBL3581221,CN(C)Cc1nc(-c2cc(C(C)(C)C)c(O)c(C(C)(C)C)c2)cs1,Ki,,,,0
CHEMBL4562588,CCCCCn1c(=O)oc2cc(C(=O)C3C(C)(C)C3(C)C)ccc21,Ki,,,,1
CHEMBL4513395,CCCCCn1c(=O)oc2cc(C(=O)C3CCCCC3)ccc21,Ki,,,,1
CHEMBL1365675,Cc1ccc(/N=C/N(C)/C=N/c2ccc(C)cc2C)c(C)c1,Ki,,,,0
CHEMBL980,COc1ccccc1OCC(O)CO,Ki,,,,0
CHEMBL4,CC1COc2c(N3CCN(C)CC3)c(F)cc3c(=O)c(C(=O)O)cn1c23,Ki,,,,0
CHEMBL1069,CCCCC(=O)N(Cc1ccc(-c2ccccc2-c2nnn[nH]2)cc1)[C@H](C(=O)O)C(C)C,Ki,,,,0
CHEMBL1200633,CC[C@H](C)[C@H]1O[C@]2(CC[C@@H]1C)C[C@@H]1C[C@@H](C/C=C(\C)[C@@H](O[C@H]3C[C@H](OC)[C@@H](O[C@H]4C[C@H](OC)[C@@H](O)[C@H](C)O4)[C@H](C)O3)[C@@H](C)/C=C/C=C3\CO[C@@H]4[C@H](O)C(C)=C[C@@H](C(=O)O1)[C@]34O)O2.CO[C@H]1C[C@H](O[C@H]2[C@H](C)O[C@@H](O[C@@H]3/C(C)=C/C[C@@H]4C[C@@H](C[C@]5(CC[C@H](C)[C@@H](C(C)C)O5)O4)OC(=O)[C@@H]4C=C(C)[C@@H](O)[C@H]5OC/C(=C\C=C\[C@@H]3C)[C@]54O)C[C@@H]2OC)O[C@@H](C)[C@@H]1O,Ki,,,,0
CHEMBL866,COc1c(C)c2c(c(O)c1C/C=C(\C)CCC(=O)O)C(=O)OC2,Ki,,,,0
CHEMBL435,NS(=O)(=O)c1cc2c(cc1Cl)NCNS2(=O)=O,Ki,,,,0
CHEMBL1586,C[C@H]1C[C@H]2[C@@H]3CCC4=CC(=O)C=C[C@]4(C)[C@@]3(Cl)[C@@H](O)C[C@]2(C)[C@@]1(O)C(=O)CO,Ki,,,,0
CHEMBL476,CN(C)/N=N/c1[nH]cnc1C(N)=O,Ki,,,,0
CHEMBL456,C=C(CC)C(=O)c1ccc(OCC(=O)O)c(Cl)c1Cl,Ki,,,,0
CHEMBL1255901,C/C=C1\[C@H]2C=C(C)C[C@@]1(N)c1ccc(=O)[nH]c1C2,Ki,,,,0
CHEMBL2387071,CCCCn1c(C)c(C)cc(NS(=O)(=O)c2ccccc2)c1=O,Ki,,,,1
CHEMBL1172,Clc1ccc2c(c1)CCc1cccnc1C2=C1CCNCC1,Ki,,,,0
CHEMBL442,CN1C[C@H](C(=O)N[C@]2(C)O[C@@]3(O)[C@@H]4CCCN4C(=O)[C@H](Cc4ccccc4)N3C2=O)C=C2c3cccc4[nH]cc(c34)C[C@H]21,Ki,,,,0
CHEMBL4873473,O=C(NC12CC3CC(CC1C3)C2)c1nn(-c2cnccn2)c2c1CC1CCC2O1,EC50,'=',0.02,nM,1
CHEMBL4847866,O=C(NC12CCC(CC1)CC2)c1nn(-c2c[n+]([O-])ccn2)c2c1CC1CCC2O1,EC50,'=',0.02,nM,1
CHEMBL4169198,CC/C=C\C/C=C\C/C=C\CC1OC1C/C=C\C/C=C\CCC(=O)NC1CC1,EC50,'=',0.03,nM,1
CHEMBL4862304,O=C(NC1(C(F)(F)F)CCC1)c1nn(-c2cnccn2)c2c1CC1CCC2O1,EC50,'=',0.04,nM,1
CHEMBL4875720,CCC(C)(C)c1noc(-c2nn(-c3cnccn3)c3c2CC2CCC3O2)n1,EC50,'=',0.04,nM,1
CHEMBL4846759,O=C(NC12CC(C1)C2)c1nn(-c2c[n+]([O-])ccn2)c2c1CC1CCC2O1,EC50,'=',0.05,nM,1
CHEMBL4865162,CC(C)(C)c1nnc(-c2nn(-c3c[n+]([O-])ccn3)c3c2CC2CCC3O2)s1,EC50,'=',0.06,nM,1
CHEMBL4177060,CC/C=C\C/C=C\C/C=C\CC1OC1C/C=C\C/C=C\CCC(=O)NC(C)CO,EC50,'=',0.07,nM,1
CHEMBL4872695,O=C(NC12CC3CC(CC1C3)C2)c1nn(-c2ccc(F)cc2F)c2c1CC1CCC2O1,EC50,'=',0.08,nM,1
CHEMBL5091754,CC(C)(CCCCCCC#N)c1cc(O)c2c(c1)OC(C)(C)[C@@H]1CC[C@@H](CO)C[C@@H]21,EC50,'=',0.088,nM,1
CHEMBL4871491,CC(C)(C)[C@@H](CO)NC(=O)c1nn(-c2cnccn2)c2c1C[C@H]1CC[C@@H]2O1,EC50,'=',0.09,nM,1
CHEMBL5081770,CC(C)(CCCCCCN=[N+]=[N-])c1cc(O)c2c(c1)OC(C)(C)[C@@H]1CC[C@@H](CO)C[C@@H]21,EC50,'=',0.098,nM,1
CHEMBL4172580,CC/C=C\C/C=C\C/C=C\CC1OC1C/C=C\C/C=C\CCC(=O)NCCCO,EC50,'=',0.19,nM,1
CHEMBL490024,CC(C(=O)N1CCN(S(=O)(=O)c2cc(Cl)cc(Cl)c2)CC1)c1ccccc1,EC50,'=',0.3,nM,1
CHEMBL3354941,CC(C)(NC(=O)c1nn(Cc2ccc(F)cc2)c2c1C[C@H]1C[C@@H]21)c1ccccc1,EC50,'=',0.3,nM,1
CHEMBL5071417,CC1(C)Oc2cc(C3(CCCCCCC#N)CCCC3)cc(O)c2[C@@H]2C[C@H](CO)CC[C@H]21,EC50,'=',0.31,nM,1
CHEMBL5074603,CC1(C)Oc2cc(C3(CCCCCCCN=C=S)CCCC3)cc(O)c2[C@@H]2C[C@H](CO)CC[C@H]21,EC50,'=',0.43,nM,1
CHEMBL4161934,CC/C=C\C/C=C\C/C=C\CC1OC1C/C=C\C/C=C\CCC(=O)NCCO,EC50,'=',0.43,nM,1
CHEMBL515641,N#Cc1ccc(CC(=O)N2CCN(S(=O)(=O)c3cc(Cl)cc(Cl)c3)CC2)cc1,EC50,'=',0.5,nM,1
CHEMBL489429,O=C(C1CCCCC1)N1CCN(S(=O)(=O)c2cc(Cl)cc(Cl)c2)CC1,EC50,'=',0.5,nM,1
CHEMBL3400946,CC(C)(C)c1cc(NC(=O)[C@]2(C)CCCN2c2ccc(C(F)(F)F)cn2)no1,EC50,'=',0.5,nM,1
CHEMBL489031,O=C(CCc1ccc(C(F)(F)F)cc1)N1CCN(S(=O)(=O)c2cc(Cl)cc(Cl)c2)CC1,EC50,'=',0.5,nM,1
CHEMBL514068,O=C(Cc1ccc(C(F)(F)F)cc1)N1CCN(S(=O)(=O)c2cc(Cl)cc(Cl)c2)CC1,EC50,'=',0.5,nM,1
CHEMBL5092703,CC1(C)Oc2cc(C3(CCCCCCN=C=S)CCCC3)cc(O)c2[C@@H]2C[C@H](CO)CC[C@H]21,EC50,'=',0.52,nM,1
CHEMBL4871528,CC(C)(C)[C@@H](CO)NC(=O)c1nn(-c2cnccn2)c2c1C[C@@H]1CC[C@H]2O1,EC50,'=',0.56,nM,1
CHEMBL523100,O=C(C1CCCCC1)N1CCN(S(=O)(=O)c2cccc3ccccc23)CC1,EC50,'=',0.6,nM,1
CHEMBL525204,CC1(C)CN(S(=O)(=O)c2cccc3ccccc23)CCN1C(=O)C1CCCCC1,EC50,'=',0.6,nM,1
CHEMBL567679,C[C@H](NC(=O)C(C)(C)Nc1cc(C(F)(F)F)ccn1)[C@@H](Cc1ccc(Cl)cc1)c1cccc(C#N)c1,EC50,'=',0.9,nM,1
CHEMBL526345,O=C(CCc1nc(-c2ccc(F)cc2Cl)no1)Nc1cnc2ccc(Cl)cc2c1,EC50,'=',0.9,nM,1
CHEMBL478696,COC(=O)c1cc(C(F)(F)F)cc(S(=O)(=O)N2CCN(C(=O)Cc3ccc(C(F)(F)F)cc3)CC2)c1,EC50,'=',1.0,nM,1
CHEMBL476254,O=C(Cc1ccc(C(F)(F)F)cc1)N1CCN(S(=O)(=O)c2cc(Br)cc(C(F)(F)F)c2)CC1,EC50,'=',1.0,nM,1
CHEMBL516900,O=C(Cc1ccc(C(F)(F)F)cc1)N1CCN(S(=O)(=O)c2cc(C3CC3)cc(C(F)(F)F)c2)CC1,EC50,'=',1.0,nM,1
CHEMBL476253,O=C(Cc1ccc(C(F)(F)F)cc1)N1CCN(S(=O)(=O)c2cc(C(F)(F)F)cc(C(F)(F)F)c2)CC1,EC50,'=',1.0,nM,1
CHEMBL489425,O=C(C1CCCCC1)N1CCN(S(=O)(=O)c2cc(C(F)(F)F)cc(C(F)(F)F)c2)CC1,EC50,'=',1.0,nM,1
CHEMBL522930,Cc1cc(C)cc(S(=O)(=O)N2CCN(C(=O)C3CCCCC3)CC2)c1,EC50,'=',1.1,nM,1
CHEMBL4845707,CC(C)(C)NC(=O)c1nn(-c2ccc(F)cc2F)c2c1CC1CCC2O1,EC50,'=',1.2,nM,1
CHEMBL4797581,CN(C)c1ccc(CCNC(=O)c2[nH]c3ccc(Cl)cc3c2CN=[N+]=[N-])cc1,EC50,'=',1.2,nM,1
CHEMBL3945880,O=c1cc(NC2CCN(S(=O)(=O)C(F)(F)F)CC2)c2cc(C(c3ccc(Cl)cc3)c3ccc(Cl)cc3)ccc2[nH]1,EC50,'=',1.2,nM,1
CHEMBL2348462,CC1(C)Oc2cc(C34CC5CC(CC(C5)C3)C4)cc(O)c2[C@@H]2C[C@H](CO)CC[C@H]21,EC50,'=',1.29,nM,1
CHEMBL522114,O=C(c1ccc(C(F)(F)F)cc1)N1CCN(S(=O)(=O)c2cc(C3CC3)cc(C(F)(F)F)c2)CC1,EC50,'=',1.3,nM,1
CHEMBL2316377,COc1ccc(NC(=O)c2ccc(Cn3ccnn3)c3ccccc23)c(C(=O)NCC2CCC2)n1,EC50,'=',1.3,nM,1
CHEMBL2316387,O=C(NCC1CCC1)c1ncccc1NC(=O)c1ccc(Cn2ccnn2)c2ccccc12,EC50,'=',1.4,nM,1
CHEMBL489437,CC(C(=O)N1CCN(S(=O)(=O)c2cc(Cl)cc(Cl)c2)CC1)c1ccc(C(F)(F)F)cc1,EC50,'=',1.5,nM,1
CHEMBL3234693,CCNC(=O)c1c(NC(=O)C23CC4CC(CC(C4)C2)C3)sc2c1CCOC2,EC50,'>',1.5,nM,1
CHEMBL4791449,CCCCCn1nc(C(=O)N[C@@H](C(=O)OC)C(C)C)cc1C(C)(C)C,EC50,'=',1.6,nM,1
CHEMBL4474071,CCCCCn1cc(C(=O)N[C@H](C(=O)OC)C(C)(C)C)c2cccnc21,EC50,'=',1.698,nM,1
CHEMBL2316376,COc1ccc(NC(=O)c2ccc(Cn3ccnn3)c3ccccc23)c(C(=O)NCC2CCCCC2)n1,EC50,'=',1.7,nM,1
CHEMBL572097,C[C@H](NC(=O)C(C)(C)Nc1cc2ccccc2cn1)[C@@H](Cc1ccc(Cl)cc1)c1cccc(C#N)c1,EC50,'=',1.9,nM,1
CHEMBL1762814,CCc1sc(-c2cn(CC3CCOCC3)c3c(Cl)cccc23)nc1CN(CC)CCO.Cl,EC50,'=',1.995,nM,1
CHEMBL3964744,C[C@@H](NC(=O)c1nn(-c2ccc(Cl)cc2Cl)c2c1CCCC/C2=C\c1ccc(Cl)s1)c1ccccn1,EC50,'=',2.0,nM,1
CHEMBL490023,O=C(Cc1ccccc1)N1CCN(S(=O)(=O)c2cc(Cl)cc(Cl)c2)CC1,EC50,'=',2.0,nM,1
CHEMBL3758877,CCc1c(C(=O)NCCc2ccc(N3CCCCC3)cc2)[nH]c2ccc(N=C=S)cc12,EC50,'=',2.09,nM,1
CHEMBL4101222,CCCCCn1nc(C(=O)N[C@H](C(N)=O)C(C)C)c2ccccc21,EC50,'=',2.1,nM,1
CHEMBL4776235,CCCCCCc1c(C(=O)NCCc2ccc(N=[N+]=[N-])cc2)[nH]c2ccc(Cl)cc12,EC50,'=',2.1,nM,1
CHEMBL3354938,CC(C)(NC(=O)c1nn(CC2CCOCC2)c2c1C[C@H]1C[C@@H]21)c1ccccc1,EC50,'=',2.1,nM,1
CHEMBL4097041,CC(C)[C@H](NC(=O)c1nn(CC2CCCCC2)c2ccccc12)C(N)=O,EC50,'=',2.1,nM,1
CHEMBL4077214,CC(C)[C@H](NC(=O)c1nn(CCCCCF)c2ccccc12)C(N)=O,EC50,'=',2.1,nM,1
CHEMBL4083220,CC(C)[C@H](NC(=O)c1nn(Cc2ccc(F)cc2)c2ccccc12)C(N)=O,EC50,'=',2.1,nM,1
CHEMBL514697,O=C(Cc1ccccc1C(F)(F)F)N1CCN(S(=O)(=O)c2cc(Cl)cc(Cl)c2)CC1,EC50,'=',2.2,nM,1
CHEMBL489852,O=C(C1CCCCC1)N1CCN(S(=O)(=O)c2cccc3ccccc23)CC1C(F)(F)F,EC50,'=',2.5,nM,1
CHEMBL1762815,CCc1sc(-c2cn(CC3CCOCC3)c3c(Cl)cccc23)nc1CN(CCO)C(C)C.Cl,EC50,'=',2.512,nM,1
CHEMBL4744733,CCc1c(C(=O)NCCc2ccc(C(=O)c3ccccc3)cc2)[nH]c2ccc(Cl)cc12,EC50,'=',2.7,nM,1
CHEMBL522602,CC(C)(C(=O)N1CCN(S(=O)(=O)c2cc(Cl)cc(Cl)c2)CC1)c1ccccc1,EC50,'=',2.8,nM,1
CHEMBL2316378,COc1ccc(NC(=O)c2ccc(Cn3ccnn3)c3ccccc23)c(C(=O)NCC2CCOCC2)n1,EC50,'=',2.9,nM,1
CHEMBL3986695,O=c1cc(NC2CCN(CC(F)(F)F)CC2)c2cc(C(c3ccc(Cl)cc3)c3ccc(Cl)cc3)ccc2[nH]1,EC50,'=',3.0,nM,1
CHEMBL4787492,Cc1ccccc1C(C[N+](=O)[O-])c1c(-c2ccccc2)[nH]c2ccccc12,EC50,'=',3.0,nM,1
CHEMBL582806,C[C@H](NC(=O)C(C)(C)Nc1ccc(C(F)(F)F)cn1)[C@@H](Cc1ccc(Cl)cc1)c1cccc(C#N)c1,EC50,'=',3.2,nM,1
CHEMBL582820,C[C@H](NC(=O)C(C)(C)Nc1cc(C(C)(C)C)on1)[C@@H](Cc1ccc(Cl)cc1)c1cccc(C#N)c1,EC50,'=',3.5,nM,1
CHEMBL3341861,O=C(Nc1ccc(Cl)cc1)Nc1cccc(-c2cccc(N3CCCC3)n2)c1,EC50,'=',3.84,nM,1
CHEMBL1762797,CCc1cccc2c(-c3nsc(CN4CCCC4)n3)cn(CC3CCCCC3)c12.Cl,EC50,'=',3.981,nM,1
CHEMBL4476642,CCCCCn1cc(C(=O)N[C@H](C(N)=O)C(C)(C)C)c2cccnc21,EC50,'=',3.981,nM,1
CHEMBL1209644,CCN1[C@H](C)CN(C(=O)c2cn3c4c(cccc24)OC[C@H]3C2CCCCC2)C[C@@H]1C,EC50,'=',3.981,nM,1
CHEMBL4778743,CCCCCn1nc(C(=O)NC23CC4CC(CC(O)(C4)C2)C3)cc1C(C)(C)C,EC50,'=',4.0,nM,1
CHEMBL3950659,COc1ccc(/C=C2\CN(C(=O)Cn3ccnn3)Cc3c(C(=O)N[C@H](C)c4ccccc4)nn(-c4ccc(Cl)cc4Cl)c32)cc1,EC50,'=',4.0,nM,1
CHEMBL3914883,C[C@@H](NC(=O)c1nn(-c2ccc(Cl)cc2Cl)c2c1CCCC/C2=C\c1ccc(Cl)cn1)c1ccccn1,EC50,'=',4.0,nM,1
CHEMBL3958380,C[C@@H](NC(=O)c1nn(-c2ccc(Cl)cc2Cl)c2c1CCC/C2=C\c1ccc(F)cc1)c1ccccn1,EC50,'=',4.0,nM,1
CHEMBL3972458,Clc1ccc(C(c2ccc(Cl)cc2)c2ccc3nccc(/C=C/c4ccccc4)c3c2)cc1,EC50,'=',4.1,nM,1
CHEMBL4786220,CCCCCn1nc(C(=O)N[C@@H](C(=O)OC)C(C)(C)C)cc1C(C)(C)C,EC50,'=',4.3,nM,1
CHEMBL3798331,Cl.O=C(NCCCCN1CCN(c2cccc(Cl)c2Cl)CC1)Oc1cccc2[nH]cnc12,EC50,'=',4.4,nM,1
CHEMBL3354939,CC(C)(NC(=O)c1nn(CCC2CCOCC2)c2c1C[C@H]1C[C@@H]21)c1ccccc1,EC50,'=',4.4,nM,1
CHEMBL3921520,O=c1cc(NC2CCN(S(=O)(=O)C(F)(F)F)CC2)c2cc(C(c3ccc(Cl)cc3)c3nccs3)ccc2[nH]1,EC50,'=',4.4,nM,1
CHEMBL477267,O=C(Cc1cccc(C(F)(F)F)c1)N1CCN(S(=O)(=O)c2cc(Cl)cc(Cl)c2)CC1,EC50,'=',4.6,nM,1
CHEMBL4747411,O=S(=O)(N1CCC(Nc2ncnc3ccc(C(c4ccc(Cl)cc4)c4ccc(Cl)cc4)cc23)CC1)C(F)(F)F,EC50,'=',4.6,nM,1
CHEMBL522522,CCCCC#Cc1ccc(-c2c(C)c(C(=O)NN3CCCCCC3)nn2-c2ccc(Cl)cc2Cl)s1,EC50,'=',4.8,nM,1
CHEMBL204232,CC(=O)Nc1c(C(C)=O)c(=O)n(C)c2nc(-c3ccc(Cl)cc3Cl)c(-c3ccc(Cl)cc3)cc12,EC50,,4.9,nM,1
CHEMBL3966822,CC(C)(C)OC(=O)CN1CCC(Nc2cc(=O)[nH]c3ccc(C(c4ccc(Cl)cc4)c4ccc(Cl)cc4)cc23)CC1,EC50,'=',5.0,nM,1
CHEMBL1950334,C=CCn1c2c(c3cc(C(=O)N4CCC(C)CC4)ccc31)CN(C1CCSC1)CC2,EC50,'=',5.0,nM,1
CHEMBL445204,O=C(C1CC1)N1CCN(S(=O)(=O)c2cc(Cl)cc(Cl)c2)CC1,EC50,'=',5.0,nM,1
CHEMBL4284299,O=c1cc(NC2CCN(S(=O)(=O)C(F)(F)F)CC2)c2cc(C(c3ccc(Cl)cc3)n3ccnc3)ccc2[nH]1,EC50,'=',5.0,nM,1
CHEMBL369097,Cn1c(C(=O)NN2CCCCC2)nc(-c2ccc(Cl)cc2Cl)c1-c1ccc(Cl)cc1,EC50,'=',5.0,nM,1
CHEMBL3893586,COc1ccc(/C=C2\CN(C(=O)Cn3ccnc3)Cc3c(C(=O)N[C@H](C)c4ccccc4)nn(-c4ccc(Cl)cc4Cl)c32)cc1,EC50,'=',5.0,nM,1
CHEMBL1762798,CCc1cccc2c(-c3nsc(CN4CCCC4)n3)cn(CC3CCOCC3)c12,EC50,'=',5.012,nM,1
CHEMBL1209807,COCCN1[C@H](C)CN(C(=O)c2cn3c4c(cccc24)OC[C@H]3C2CCCCC2)C[C@@H]1C,EC50,'=',5.012,nM,1
CHEMBL4640987,Cc1cc(S(=O)(=O)N2CCc3c(nc(C(C)(C)C)n3CC3CC3)C2)no1,EC50,'=',5.1,nM,1
CHEMBL2316386,C[S+]([O-])Cc1ccc(C(=O)Nc2ccc(OCCOCCO)nc2C(=O)NCC2CCC2)c2ccccc12,EC50,'=',5.1,nM,1
CHEMBL498746,CCc1c(C2=NC(=S)C(C)(C)N2C)nn(-c2ccc(Cl)cc2Cl)c1-c1ccc(Cl)cc1,EC50,'=',5.1,nM,1
CHEMBL461429,CCCCC#Cc1ccc(-c2c(C)c(C(=O)NN3CC4CCCC4C3)nn2-c2ccc(Cl)cc2Cl)s1,EC50,'=',5.7,nM,1
CHEMBL489438,O=C([C@@H]1C[C@H]1c1ccc(C(F)(F)F)cc1)N1CCN(S(=O)(=O)c2cc(C3CC3)cc(C(F)(F)F)c2)CC1,EC50,'=',5.8,nM,1
CHEMBL3971011,CNC(=O)C(C)(C)NC(=O)c1ccc(N2CCC(F)(F)C2)c(OCC2CC2)n1,EC50,'=',5.8,nM,1
CHEMBL5085420,CC(C)(CCCCCCN=C=S)c1cc(O)c2c(c1)OC(C)(C)[C@@H]1CC[C@@H](CO)C[C@@H]21,EC50,'=',5.8,nM,1
CHEMBL1096182,Cc1cc(C(=O)N[C@@H]2CC(C)(C)Oc3nc(-c4ccc(Cl)cc4Cl)c(-c4ccc(Cl)cc4)cc32)n[nH]1,EC50,'=',5.8,nM,1
CHEMBL2316406,COCc1ccc(C(=O)Nc2cccnc2C(=O)NCC2CCC2)c2ccccc12,EC50,'=',5.9,nM,1
CHEMBL2316109,C[S+]([O-])Cc1ccc(C(=O)Nc2cccnc2C(=O)NCC2CCC2)c2ccccc12,EC50,'=',5.9,nM,1
CHEMBL490043,O=C(C1CCCCC1)N1CCN(S(=O)(=O)c2cccc(-c3ccccc3)c2)CC1,EC50,'=',6.0,nM,1
CHEMBL3920667,COCCNc1cc(C(c2ccc(Cl)cc2)c2ccc(Cl)cc2)cc2c(NC3CCN(S(=O)(=O)C(F)(F)F)CC3)cc(=O)[nH]c12,EC50,'=',6.0,nM,1
CHEMBL3956678,C[C@@H](NC(=O)c1nn(-c2ccc(Cl)cc2Cl)c2c1CCCC/C2=C\c1ccc(F)cc1)c1ccccc1,EC50,'=',6.0,nM,1
CHEMBL3939540,COc1ccc(/C=C2\CN(C(=O)Cn3cnnn3)Cc3c(C(=O)N[C@H](C)c4ccccc4)nn(-c4ccc(Cl)cc4Cl)c32)cc1,EC50,'=',6.0,nM,1
CHEMBL3936997,O=c1cc(NC2CCN(c3ccccc3)CC2)c2cc(C(c3ccc(Cl)cc3)c3ccc(Cl)cc3)ccc2[nH]1,EC50,'=',6.0,nM,1
CHEMBL3924597,COc1ccc(/C=C2\CN(C(=O)CCS(N)(=O)=O)Cc3c(C(=O)N[C@H](C)c4ccccn4)nn(-c4ccc(Cl)cc4Cl)c32)cc1,EC50,'=',6.0,nM,1
CHEMBL3894420,O=c1cc(NC2CCN(c3ccccn3)CC2)c2cc(C(c3ccc(Cl)cc3)c3ccc(Cl)cc3)ccc2[nH]1,EC50,'=',6.0,nM,1
CHEMBL3947225,C[C@@H](NC(=O)c1nn(-c2ccc(Cl)cc2Cl)c2c1CN(C(=O)Cn1cnnn1)C/C2=C\c1ccc(F)cc1)c1ccccn1,EC50,'=',6.0,nM,1
CHEMBL3915613,C[C@@H](NC(=O)c1nn(-c2ccc(Cl)c(Cl)c2)c2c1CN(C(=O)Cn1cncn1)C/C2=C\c1ccc(Cl)cc1)c1ccccn1,EC50,'=',6.0,nM,1
CHEMBL1209806,C[C@@H]1CN(C(=O)c2cn3c4c(cccc24)OC[C@H]3C2CCCCC2)C[C@H](C)N1CCO,EC50,'=',6.31,nM,1
CHEMBL1209645,C[C@@H]1CN(C(=O)c2cn3c4c(cccc24)OC[C@H]3C2CCCCC2)C[C@H](C)N1C,EC50,'=',6.31,nM,1
CHEMBL1762813,CCc1sc(-c2cn(CC3CCOCC3)c3c(Cl)cccc23)nc1CN(C)CCO.Cl,EC50,'=',6.31,nM,1
CHEMBL1762805,COCCN(C)Cc1csc(-c2cn(CC3CCOCC3)c3c(Cl)cccc23)n1.Cl,EC50,'=',6.31,nM,1
CHEMBL3400943,CC(C)(C)c1cc(NC(=O)[C@@H]2CCCN2c2ncc(C(F)(F)F)cc2Cl)no1,EC50,'=',7.0,nM,1
CHEMBL3976516,C[C@@H](NC(=O)c1nn(-c2ccc(Cl)c(Cl)c2)c2c1CN(C(=O)Cn1cnnn1)C/C2=C\c1ccc(F)cc1)c1ccccn1,EC50,'=',7.0,nM,1
CHEMBL3930886,O=C(NC1(c2ccccn2)CC1)c1nn(-c2ccc(Cl)cc2)c2c1CCC/C2=C\c1ccc(Cl)cc1,EC50,'=',7.0,nM,1
CHEMBL4647333,Cc1cc(S(=O)(=O)N2CCc3c(nc(CC(C)(C)C)n3CC3CC3)C2)no1,EC50,'=',7.0,nM,1
CHEMBL3894586,O=c1cc(NC2CCCCC2)c2cc(C(c3ccc(Cl)cc3)c3ccc(Cl)cc3)ccc2[nH]1,EC50,'=',7.0,nM,1
CHEMBL3931509,O=c1cc(NCc2ccc(C(F)(F)F)nc2)c2cc(C(c3ccc(Cl)cc3)c3ccc(Cl)cc3)ccc2[nH]1,EC50,'=',7.0,nM,1
CHEMBL3900016,O=c1cc(NCc2cccc(C(F)(F)F)c2)c2cc(C(c3ccc(Cl)cc3)c3ccc(Cl)cc3)ccc2[nH]1,EC50,'=',7.0,nM,1
CHEMBL3909066,O=c1cc(Nc2ccc(C(F)(F)F)cc2)c2cc(C(c3ccc(Cl)cc3)c3ccc(Cl)cc3)ccc2[nH]1,EC50,'=',7.0,nM,1
CHEMBL3904447,C[C@@H](NC(=O)c1nn(-c2ccc(Cl)cc2Cl)c2c1CCCC/C2=C\c1ccc(Cl)cc1)c1ccccn1,EC50,'=',7.0,nM,1
CHEMBL522262,CC1CN(S(=O)(=O)c2cccc3ccccc23)CCN1C(=O)C1CCCCC1,EC50,'=',7.0,nM,1
CHEMBL4787118,CCCCCn1nc(C(=O)NC(C)(C)C)cc1C(C)(C)C,EC50,'=',7.2,nM,1
CHEMBL3354937,CC(C)(C)Cn1nc(C(=O)NC(C)(C)c2ccccc2)c2c1[C@@H]1C[C@@H]1C2,EC50,'=',7.4,nM,1
CHEMBL4741756,O=C(NC(CO)(CO)CO)c1ccc(S(=O)(=O)N2CCC(Nc3ncnc4ccc(C(c5ccc(Cl)cc5)c5ccc(Cl)cc5)cc34)CC2)cc1,EC50,'=',7.8,nM,1
CHEMBL461428,CCCCC#Cc1ccc(-c2c(C)c(C(=O)NN3CCCCC3)nn2-c2ccc(Cl)cc2Cl)s1,EC50,'=',7.9,nM,1
CHEMBL4781722,CCCCCc1c(C(=O)NCCc2ccc(C(=O)c3ccccc3)cc2)[nH]c2ccc(Cl)cc12,EC50,'=',7.9,nM,1
CHEMBL2348473,CC1(C)Oc2cc(C34CC5CC(CC(C5)C3)C4)cc(O)c2-c2cc(CO)ccc21,EC50,'=',7.97,nM,1
CHEMBL2316379,O=C(NCC1CCOCC1)c1ncccc1NC(=O)c1ccc(Cn2ccnn2)c2ccccc12,EC50,'=',8.0,nM,1
CHEMBL3920504,C[C@@H](NC(=O)c1nn(-c2ccc(Cl)cc2Cl)c2c1CN(C(=O)Cn1cnnn1)C/C2=C\c1ccc(F)cc1)c1ccccc1,EC50,'=',8.0,nM,1
CHEMBL367819,N#Cc1cc(-c2ccc(Cl)cc2)c(-c2ccc(Cl)cc2Cl)nc1OCc1ccc(F)c(F)c1,EC50,'=',8.0,nM,1
CHEMBL504182,C[C@@H]1CN(S(=O)(=O)c2cccc3ccccc23)C[C@H](C)N1C(=O)C1CCCCC1,EC50,'=',8.0,nM,1
CHEMBL3910177,COc1ccc(C(c2ccc(Cl)cc2)c2ccc3[nH]c(=O)cc(NC4CCN(S(=O)(=O)C(F)(F)F)CC4)c3c2)cc1,EC50,'=',8.0,nM,1
CHEMBL3896570,COc1ccc(/C=C2\CN(C(=O)CS(N)(=O)=O)Cc3c(C(=O)N[C@H](C)c4ccccn4)nn(-c4ccc(Cl)cc4Cl)c32)cc1,EC50,'=',8.0,nM,1
CHEMBL3941829,O=C(NC1(c2ccccn2)CC1)c1nn(-c2ccc(C(F)(F)F)cc2Cl)c2c1CCCC/C2=C\c1ccc(Cl)s1,EC50,'=',8.0,nM,1
CHEMBL3938215,C[C@@H](NC(=O)c1nn(-c2ccc(C(F)(F)F)cc2Cl)c2c1CCCC/C2=C\c1ccc(Cl)s1)c1ccccn1,EC50,'=',8.0,nM,1
CHEMBL2316380,O=C(NCC1CCC1)c1nccnc1NC(=O)c1ccc(Cn2ccnn2)c2ccccc12,EC50,'=',8.1,nM,1
CHEMBL524634,Cc1c(C2=NC(=S)C(C)(C)N2C)nn(-c2ccc(Cl)cc2Cl)c1-c1ccc(Cl)cc1,EC50,'=',8.5,nM,1
CHEMBL3905508,C[C@@H](NC(=O)c1nn(-c2ccc(Cl)cc2Cl)c2c1CN(C(=O)CC(N)=O)C/C2=C\c1ccc(F)cc1)c1ccccn1,EC50,'=',9.0,nM,1
CHEMBL1553629,CCc1c(C(=O)NCCc2ccc(N3CCCCC3)cc2)[nH]c2ccc(Cl)cc12,EC50,'=',9.05,nM,1
CHEMBL3798943,Cc1ccccc1N1CCN(CCCNC(=O)Oc2cccc3ccccc23)CC1.Cl,EC50,'=',9.1,nM,1
CHEMBL2029731,CCN(CC(=O)NCCF)C(=O)c1ccc2c(c1)c1c(n2C)CC[C@@H](C2CCOCC2)C1,EC50,'=',9.8,nM,1
CHEMBL500689,CCc1c(C2=NC(=O)C(C)(C)N2C)nn(-c2ccc(Cl)cc2Cl)c1-c1ccc(Cl)cc1,EC50,'=',9.8,nM,1
CHEMBL1762816,CC(C)N(CCO)Cc1nc(-c2cn(CC3CCOCC3)c3c(Cl)cccc23)sc1Cl.Cl,EC50,'=',10.0,nM,1
CHEMBL1762808,CC(C)N(CCO)Cc1csc(-c2cn(CC3CCOCC3)c3c(Cl)cccc23)n1,EC50,'=',10.0,nM,1
CHEMBL3965825,O=C(CC(F)(F)F)N1CCC(Nc2cc(=O)[nH]c3ccc(C(c4ccc(Cl)cc4)c4ccc(Cl)cc4)cc23)CC1,EC50,'=',10.0,nM,1
CHEMBL1209647,CCN1[C@H](C)CN(C(=O)c2cn(CC3CCCCC3)c3c(OC)cccc23)C[C@@H]1C,EC50,'=',10.0,nM,1
CHEMBL3347358,CCN1[C@H](C)CN(C(=O)c2cn(CC3CCCCC3)c3c(OC)cccc23)C[C@@H]1C.Cl,EC50,'=',10.0,nM,1
CHEMBL1287876,Cl.O=C(c1cn2c3c(cccc13)OC[C@H]2C1CCCCC1)N1CCN2CCCC[C@H]2C1,EC50,'=',10.0,nM,1
CHEMBL3943971,O=c1cc(NC2CCN(S(=O)(=O)C(F)(F)F)CC2)c2cc(C(c3ccc(Cl)cc3)c3ccc4c(c3)OCO4)ccc2[nH]1,EC50,'=',10.0,nM,1
CHEMBL3915692,O=c1cc(NC2CCN(S(=O)(=O)C(F)(F)F)CC2)c2cc(C(c3ccc(Cl)cc3)c3ccc(Cl)cc3)cc(Br)c2[nH]1,EC50,'=',10.0,nM,1
CHEMBL5092058,Cc1cn([C@H](C)CC#N)c(=O)c2cc(Cn3nc(C(F)F)cc3Cl)nn12,EC50,'>',10.0,µM,1
CHEMBL3234688,O=C(NC1CCCC1)c1ccc2c(c1)N(S(=O)(=O)c1ccc(F)cc1)CCS2,EC50,'=',10.0,nM,1
CHEMBL3983340,O=c1cc(Nc2ccc(F)c(Cl)c2)c2cc(C(c3ccc(Cl)cc3)c3ccc(Cl)cc3)ccc2[nH]1,EC50,'=',10.0,nM,1
CHEMBL4758427,O=C(COc1nc(NCc2cccc(C(F)(F)F)c2)c2cc(C(c3ccc(Cl)cc3)c3ccc(Cl)cc3)ccc2n1)NCCO,EC50,'=',10.0,nM,1
CHEMBL3894411,O=c1cc(NC2CCN(c3ncccn3)CC2)c2cc(C(c3ccc(Cl)cc3)c3ccc(Cl)cc3)ccc2[nH]1,EC50,'=',10.8,nM,1
CHEMBL3922599,O=c1cc(NC2CCN(S(=O)(=O)C(F)(F)F)CC2)c2cc(C(c3ccc(Cl)cc3)c3ccc(Cl)nc3)ccc2[nH]1,EC50,'=',10.9,nM,1
CHEMBL3951226,COc1ccc(/C=C2\CN(C(=O)CC(=O)O)Cc3c(C(=O)N[C@H](C)c4ccccn4)nn(-c4ccc(Cl)cc4Cl)c32)cc1,EC50,'=',11.0,nM,1
CHEMBL2316381,O=C(NCC1CCOCC1)c1nc(OS(=O)(=O)CCC(F)(F)F)ccc1NC(=O)c1ccc(Cn2ccnn2)c2ccccc12,EC50,'=',11.0,nM,1
CHEMBL3962373,O=C(NC1(c2ccccn2)CC1)c1nn(-c2ccc(C(F)(F)F)cc2Cl)c2c1CCC/C2=C\c1ccc(Cl)s1,EC50,'=',11.0,nM,1
CHEMBL3900808,O=c1cc(Nc2ccc(Cl)c(F)c2)c2cc(C(c3ccc(Cl)cc3)c3ccc(Cl)cc3)ccc2[nH]1,EC50,'=',11.0,nM,1
CHEMBL3943652,O=S(=O)(N1CCC(Nc2ccnc3c(Br)cc(C(c4ccc(Cl)cc4)c4ccc(Cl)cc4)cc23)CC1)C(F)(F)F,EC50,'=',12.0,nM,1
CHEMBL3977295,C[C@@H](NC(=O)c1nn(-c2ccc(Cl)cc2)c2c1CN(C(=O)c1nc[nH]n1)C/C2=C\c1ccc(F)cc1)c1ccccc1,EC50,'=',12.0,nM,1
CHEMBL3895507,O=C(NC1CCN(c2ccccn2)CC1)c1nn(-c2ccc(Cl)cc2Cl)c2c1CCC/C2=C\c1ccc(F)cc1,EC50,'=',12.0,nM,1
CHEMBL460343,Cc1c(C(=O)NN2CCCCC2)nn(-c2ccc(Cl)cc2Cl)c1-c1ccc(C#CCC(C)C)s1,EC50,'=',12.1,nM,1
CHEMBL480540,O=C(Cn1nc(-c2ccc(Cl)cc2Cl)c(-c2ccc(Cl)cc2Cl)n1)NCc1ccccc1Cl,EC50,'=',12.2,nM,1
CHEMBL497913,CCc1c(C2=NC3(CCC3)C(=O)N2)nn(-c2ccc(Cl)cc2Cl)c1-c1ccc(Cl)cc1,EC50,'=',12.3,nM,1
CHEMBL1288055,COc1cccc2c(C(=O)N3CCN4CCCC[C@H]4C3)cn(CC3CCCCC3)c12.Cl,EC50,'=',12.59,nM,1
CHEMBL245878,Cc1ccc(C(=O)Oc2cccc3cccnc23)cc1S(=O)(=O)N1CCOCC1,EC50,'=',12.59,nM,1
CHEMBL1762807,CCN(CCO)Cc1csc(-c2cn(CC3CCOCC3)c3c(Cl)cccc23)n1,EC50,'=',12.59,nM,1
CHEMBL2029732,CN(CCCC(=O)NCCF)C(=O)c1ccc2c(c1)c1c(n2C)CC[C@@H](C2CCOCC2)C1,EC50,'=',12.9,nM,1
CHEMBL3985957,COCCCc1cc(C(c2ccc(Cl)cc2)c2ccc(Cl)cc2)cc2c(NC3CCN(S(=O)(=O)C(F)(F)F)CC3)cc(=O)[nH]c12,EC50,'=',13.0,nM,1
CHEMBL4754951,O=S(=O)(N1CCC(Nc2cnnc3ccc(C(c4ccc(Cl)cc4)c4ccc(Cl)cc4)cc23)CC1)C(F)(F)F,EC50,'=',13.0,nM,1
CHEMBL2316382,COc1ccc(NC(=O)c2ccc(C[S+](C)[O-])c3ccccc23)c(C(=O)NCC2CCOCC2)n1,EC50,'=',13.0,nM,1
CHEMBL360104,CCNC(=O)c1cc(-c2ccc(Cl)cc2)c(-c2ccc(Cl)cc2Cl)nc1OCc1ccc(F)c(F)c1,EC50,'=',13.0,nM,1
CHEMBL3968848,CCOC(=O)CC(=O)N1CCC(Nc2cc(=O)[nH]c3ccc(C(c4ccc(Cl)cc4)c4ccc(Cl)cc4)cc23)CC1,EC50,'=',13.0,nM,1
CHEMBL3923909,O=C(NC1(c2ccccn2)CC1)c1nn(-c2ccc(Cl)c(Cl)c2)c2c1CCCC/C2=C\c1ccc(F)cc1,EC50,'=',13.0,nM,1
CHEMBL3914978,Cc1nc([C@H](CC2CC2)NC(=O)c2ccc(C3CC3)c(Cc3ccc(F)cc3)n2)no1,EC50,'=',13.6,nM,1
CHEMBL460986,CCCC#Cc1ccc(-c2c(CC)c(C(=O)NN3CCCCC3)nn2-c2ccc(Cl)cc2Cl)s1,EC50,'=',13.8,nM,1
CHEMBL2316389,O=C(NCC1CCC1)c1nc(OCCOCCO)ccc1NC(=O)c1ccnc2ccccc12,EC50,'=',14.0,nM,1
CHEMBL3952055,O=c1cc(NC2CCN(S(=O)(=O)c3ccccc3)CC2)c2cc(C(c3ccc(Cl)cc3)c3ccc(Cl)cc3)ccc2[nH]1,EC50,'=',14.0,nM,1
CHEMBL3930717,Cn1c(=O)cc(NC2CCN(S(=O)(=O)C(F)(F)F)CC2)c2cc(C(c3ccc(Cl)cc3)c3nccs3)ccc21,EC50,'=',14.0,nM,1
CHEMBL460132,CCCC#Cc1ccc(-c2c(C)c(C(=O)NN3CCCCCC3)nn2-c2ccc(Cl)cc2Cl)s1,EC50,'=',14.1,nM,1
CHEMBL4798644,O=C(O)c1ccc(S(=O)(=O)N2CCC(Nc3ncnc4ccc(C(c5ccc(Cl)cc5)c5ccc(Cl)cc5)cc34)CC2)cc1,EC50,'=',14.2,nM,1
CHEMBL462686,Cc1c(C(=O)NN2CCCCCC2)nn(-c2ccc(Cl)cc2Cl)c1-c1ccc(C#CCC(C)C)s1,EC50,'=',14.6,nM,1
CHEMBL468175,Fc1ccc(-c2noc(C3CCN(c4cnc5c(C(F)(F)F)cccc5c4)CC3)n2)c(Cl)c1,EC50,'=',15.0,nM,1
CHEMBL3948463,COCCNc1ccc(C(c2ccc(Cl)cc2)c2cc(NCCOC)c3[nH]c(=O)cc(NC4CCN(S(=O)(=O)C(F)(F)F)CC4)c3c2)cc1,EC50,'=',15.0,nM,1
CHEMBL1210782,CS(=O)(=O)NCCCn1c(C(=O)N2CCC(C(N)=O)(N3CCC(F)(F)CC3)CC2)cc(-c2ccc(Cl)cc2Cl)c1-c1ccc(Cl)cc1,EC50,'=',15.0,nM,1
CHEMBL3960011,C[C@@H](NC(=O)c1nn(-c2ccc(Cl)cc2Cl)c2c1CN(C(=O)c1nc[nH]n1)C/C2=C\c1ccc(F)cc1)c1ccccc1,EC50,'=',15.0,nM,1
CHEMBL3983209,O=c1cc(Nc2ccc(Cc3ccccc3)cc2)c2cc(C(c3ccc(Cl)cc3)c3ccc(Cl)cc3)ccc2[nH]1,EC50,'=',15.0,nM,1
CHEMBL3400944,CC(C)(C)c1cc(NC(=O)[C@]2(C)CCCN2c2ccc(C(F)(F)F)cc2)no1,EC50,'=',15.0,nM,1
CHEMBL3910524,Cc1nc(C(C)(NC(=O)c2cc(O[C@@H](C)C(F)(F)F)c(C3CC3)cn2)C2CC2)no1,EC50,'=',15.0,nM,1
CHEMBL3894216,O=c1cc(Nc2ccc(CC(F)(F)F)cc2)c2cc(C(c3ccc(Cl)cc3)c3ccc(Cl)cc3)cc(Br)c2[nH]1,EC50,'=',15.0,nM,1
CHEMBL3985485,O=c1cc(NC2CCN(S(=O)(=O)N3CCCC3)CC2)c2cc(C(c3ccc(Cl)cc3)c3ccc(Cl)cc3)ccc2[nH]1,EC50,'=',15.0,nM,1
CHEMBL3932505,COc1ccc(/C=C2\CN(C(=O)c3nc[nH]n3)Cc3c(C(=O)N[C@H](C)c4ccccc4)nn(-c4ccc(Cl)cc4Cl)c32)cc1,EC50,'=',15.0,nM,1
CHEMBL3926870,O=c1cc(NC2CCN(S(=O)(=O)C3CC3)CC2)c2cc(C(c3ccc(Cl)cc3)c3ccc(Cl)cc3)ccc2[nH]1,EC50,'=',15.0,nM,1
CHEMBL3944976,O=c1cc(/C=C/c2ccc(C(F)(F)F)cc2)c2cc(C(c3ccc(Cl)cc3)c3cccs3)ccc2[nH]1,EC50,'=',15.1,nM,1
CHEMBL3354942,CC(C)(NC(=O)c1nn(-c2ccc(F)cc2F)c2c1C[C@H]1C[C@@H]21)c1ccccc1,EC50,'=',15.6,nM,1
CHEMBL1682264,OC[C@H]1CCCN1Cc1nc(-c2cn(CC3CCOCC3)c3c(Cl)cccc23)ns1,EC50,'=',15.85,nM,1
CHEMBL1762800,CCc1cccc2c(-c3nc(CN(CC)CC)cs3)cn(CC3CCOCC3)c12.Cl,EC50,'=',15.85,nM,1
CHEMBL1682261,Clc1cccc2c(-c3nsc(CN4CCCC4)n3)cn(CC3CCCCC3)c12,EC50,'=',15.85,nM,1
CHEMBL2205578,CC1(C)CCc2sc(NC(=O)c3ccccc3Cl)c(C(=O)NCC3CC3)c21,EC50,'=',16.0,nM,1
CHEMBL2316404,COc1ccc(NC(=O)c2ccnc3ccccc23)c(C(=O)NCC2CCC2)n1,EC50,'=',16.0,nM,1
CHEMBL460987,CCCC#Cc1ccc(-c2c(CC)c(C(=O)NN3CCCCCC3)nn2-c2ccc(Cl)cc2Cl)s1,EC50,'=',16.5,nM,1
CHEMBL4114424,Cc1nc(C(C)(NC(=O)c2cc(O[C@H](C)C(F)(F)F)c(C3CC3)cn2)C2CC2)no1,EC50,'=',17.0,nM,1
CHEMBL3895515,CCOC(=O)CS(=O)(=O)N1CCC(Nc2cc(=O)[nH]c3ccc(C(c4ccc(Cl)cc4)c4ccc(Cl)cc4)cc23)CC1,EC50,'=',17.0,nM,1
CHEMBL3915676,C[C@@H](NC(=O)c1nn(-c2ccc(Cl)cc2)c2c1CN(C(=O)c1nc[nH]n1)C/C2=C\c1ccc(Cl)cc1)c1ccccc1,EC50,'=',17.0,nM,1
CHEMBL3977281,C[C@@H](NC(=O)c1nn(-c2ccc(Cl)cc2Cl)c2c1CN(C(=O)CNS(C)(=O)=O)C/C2=C\c1ccc(Cl)cc1)c1ccccn1,EC50,'=',17.0,nM,1
CHEMBL4576877,N#Cc1ccc2c([C@@H](CC(F)(F)F)c3cccs3)c(-c3ccccc3)[nH]c2c1,EC50,'=',17.0,nM,1
CHEMBL4795720,CCCCCn1nc(C(=O)NC(C)(C)CO)cc1C(C)(C)C,EC50,'=',17.4,nM,1
CHEMBL480541,O=C(Cn1nc(-c2ccc(Cl)cc2Cl)c(-c2ccc(Cl)cc2Cl)n1)NCc1ccc(Cl)cc1,EC50,'=',17.8,nM,1
CHEMBL4746793,O=[N+]([O-])CC(c1ccccc1Cl)c1c(-c2ccccc2)[nH]c2ccccc12,EC50,'=',18.0,nM,1
CHEMBL3913457,C[C@@H](NC(=O)c1nn(-c2ccc(C(F)(F)F)cc2Cl)c2c1CCC/C2=C\c1ccc(Cl)s1)c1ccccn1,EC50,'=',18.0,nM,1
CHEMBL4453657,Cc1ccc2c(C(C[N+](=O)[O-])c3cccs3)c(-c3ccccc3)[nH]c2c1,EC50,'=',18.0,nM,1
CHEMBL3921605,C[C@@H](NC(=O)c1nn(-c2ccc(Cl)cc2Cl)c2c1CN(C(=O)[C@@H](O)CO)C/C2=C\c1ccc(Cl)cc1)c1ccccc1,EC50,'=',18.0,nM,1
CHEMBL179473,Cn1c(C(=O)NC2CCCCC2)nc(-c2ccc(Cl)cc2Cl)c1-c1ccc(Cl)cc1,EC50,'=',18.0,nM,1
CHEMBL523872,Cc1c(C(=O)NN2CCCCC2)nn(-c2ccc(Cl)cc2Cl)c1-c1ccc(C#CCOc2ccccc2)s1,EC50,'=',18.7,nM,1
CHEMBL3949004,CCOC(=O)N1CCC(Nc2cc(=O)[nH]c3ccc(C(c4ccc(Cl)cc4)c4nccs4)cc23)CC1,EC50,'=',19.0,nM,1
CHEMBL3798334,COc1ccccc1N1CCN(CCCNC(=O)Oc2cccc3ccccc23)CC1,EC50,'=',19.0,nM,1
CHEMBL3354940,CC(C)(NC(=O)c1nn(CCN2CCOCC2)c2c1C[C@H]1C[C@@H]21)c1ccccc1,EC50,'=',19.1,nM,1
CHEMBL460131,CCCC#Cc1ccc(-c2c(C)c(C(=O)NN3CC4CCCC4C3)nn2-c2ccc(Cl)cc2Cl)s1,EC50,'=',19.2,nM,1
CHEMBL1682262,Clc1cccc2c(-c3nsc(CN4CCCC4)n3)cn(CC3CCOCC3)c12,EC50,'=',19.95,nM,1
CHEMBL1682269,CS(=O)(=O)N(CCO)Cc1nc(-c2cn(CC3CCOCC3)c3c(Cl)cccc23)ns1,EC50,'=',19.95,nM,1
CHEMBL1288084,COc1cccc2c(C(=O)N3CCN4CCC[C@H]4C3)cn(CC3CCCCC3)c12.Cl,EC50,'=',19.95,nM,1
CHEMBL3983422,O=c1cc(NC2CCN(S(=O)(=O)C(F)(F)F)CC2)c2cc(C(c3ccc(Cl)cc3)c3ccc(Cl)c(Cl)c3)ccc2[nH]1,EC50,'=',20.0,nM,1
CHEMBL3933518,C[C@@H](NC(=O)c1nn(-c2ccc(Cl)cc2Cl)c2c1CN(C(=O)CCC(N)=O)C/C2=C\c1ccc(F)cc1)c1ccccn1,EC50,'=',20.0,nM,1
CHEMBL524277,CCc1c(C2=NC(C)(C)C(=O)N2)nn(-c2ccc(Cl)cc2Cl)c1-c1ccc(Cl)cc1,EC50,'=',20.2,nM,1
CHEMBL522824,Cc1c(C(=O)NN2CCCCC2)nn(-c2ccc(Cl)cc2Cl)c1-c1ccc(C#CCCc2ccccc2)s1,EC50,'=',20.4,nM,1
CHEMBL4472093,O=[N+]([O-])CC(c1ccccc1F)c1c(-c2ccccc2)[nH]c2c(F)cccc12,EC50,'=',21.0,nM,1
CHEMBL360763,CCNC(=O)c1cc(-c2ccc(Cl)cc2)c(-c2ccc(Cl)cc2Cl)nc1OCc1ccccc1,EC50,'=',21.0,nM,1
CHEMBL4750560,OCC(CO)(CO)COc1nc(NCc2cccc(C(F)(F)F)c2)c2cc(C(c3ccc(Cl)cc3)c3ccc(Cl)cc3)ccc2n1,EC50,'=',21.3,nM,1
CHEMBL3354943,CC(C)(NC(=O)c1nn(-c2ccc(Cl)cc2Cl)c2c1C[C@H]1C[C@@H]21)c1ccccc1,EC50,'=',21.7,nM,1
CHEMBL3912253,O=c1cc(NC2CCN(S(=O)(=O)C(F)(F)F)CC2)c2cc(C(c3ccc(O)cc3)c3ccc(Cl)cc3)ccc2[nH]1,EC50,'=',22.0,nM,1
CHEMBL3916964,CCS(=O)(=O)N1CCC(Nc2cc(=O)[nH]c3ccc(C(c4ccc(Cl)cc4)c4ccc(Cl)cc4)cc23)CC1,EC50,'=',22.0,nM,1
CHEMBL3985361,C[C@@H](NC(=O)c1nn(-c2ccc(Cl)cc2Cl)c2c1CN(C(=O)[C@@H](O)CO)C/C2=C\c1ccc(Cl)cc1)c1ccccn1,EC50,'=',22.0,nM,1
CHEMBL3958100,O=c1cc(/C=C/c2cccc(F)c2)c2cc(C(c3ccc(Cl)cc3)c3ccsc3)ccc2[nH]1,EC50,'=',22.0,nM,1
CHEMBL4102975,CCCCC(C)(C)c1ccc([C@@H]2C[C@H](O)CC[C@H]2CCCO)c(O)c1,EC50,'=',22.0,nM,1
CHEMBL3966803,C[C@@H](NC(=O)c1nn(-c2ccc(Cl)cc2)c2c1CCC/C2=C\c1ccc(Cl)cn1)c1ccccn1,EC50,'=',22.0,nM,1
CHEMBL3973835,COCCOc1cc(NC2CCN(S(=O)(=O)C(F)(F)F)CC2)c2cc(C(c3ccc(Cl)cc3)c3ccc(Cl)cc3)ccc2n1,EC50,'=',22.0,nM,1
CHEMBL4590660,O=[N+]([O-])CC(c1ccccc1)c1c(-c2ccccc2)[nH]c2c(F)cccc12,EC50,'=',22.0,nM,1
CHEMBL521084,O=C(Cn1nc(-c2ccc(Cl)cc2Cl)c(-c2ccc(Cl)cc2Cl)n1)NCc1cc(F)ccc1F,EC50,'=',22.0,nM,1
CHEMBL2316397,O=C(NCC1CCC1)c1ncccc1NC(=O)c1cccc2ccccc12,EC50,'=',23.0,nM,1
CHEMBL517116,CCc1c(C(=O)NN2CCCCC2)nn(-c2ccc(Cl)cc2Cl)c1-c1ccc(C#CCC(C)C)s1,EC50,'=',23.0,nM,1
CHEMBL2316410,O=C(NCC1CCC1)c1ncccc1NC(=O)c1ccc(Cn2cccn2)c2ccccc12,EC50,'=',23.0,nM,1
CHEMBL3944623,O=c1cc(NC2CCN(S(=O)(=O)C(F)(F)F)CC2)c2cc(C(c3ccc(F)cc3)c3ccc(Cl)cc3)ccc2[nH]1,EC50,'=',23.0,nM,1
CHEMBL474602,O=C(Cn1nc(-c2ccc(Cl)cc2Cl)c(-c2ccc(Cl)cc2Cl)n1)NCc1ccccc1F,EC50,'=',23.5,nM,1
CHEMBL3902561,COc1ccc(/C=C2\CN(C(=O)CN)Cc3c(C(=O)N[C@H](C)c4ccccc4)nn(-c4ccc(Cl)cc4Cl)c32)cc1,EC50,'=',24.0,nM,1
CHEMBL3902168,Cn1c(=O)cc(NC2CCN(S(=O)(=O)C(F)(F)F)CC2)c2cc(C(c3ccc(Cl)cc3)c3ccc(Cl)cc3)ccc21,EC50,'=',24.0,nM,1
CHEMBL2316391,O=C(NCC1CCCCC1)c1ncccc1NC(=O)c1cccc2ccccc12,EC50,'=',24.0,nM,1
CHEMBL493302,Cc1c(C(=O)NN2CCCCC2)nn(-c2ccc(Cl)cc2Cl)c1-c1ccc(C#CC2CCCC2)s1,EC50,'=',24.5,nM,1
CHEMBL1644735,COc1ccc(F)c(-c2c[nH]c(-c3cccc(CN4CCC(F)(F)CC4)c3)n2)c1,EC50,'=',25.0,nM,1
CHEMBL3985500,COC(=O)c1ccc(C(=O)N2CCC(Nc3cc(=O)[nH]c4ccc(C(c5ccc(Cl)cc5)c5ccc(Cl)cc5)cc34)CC2)cc1,EC50,'=',25.0,nM,1
CHEMBL3913525,O=c1cc(Nc2cccc(C(F)(F)F)c2)c2cc(C(c3ccc(Cl)cc3)c3ccc(Cl)cc3)ccc2[nH]1,EC50,'=',25.0,nM,1
CHEMBL1209572,CCN1CCN(C(=O)c2cn3c4c(cccc24)CCC3C2CCCCC2)CC1,EC50,'=',25.12,nM,1
CHEMBL1760028,CCN(CC)Cc1csc(-c2cn(CC3CCOCC3)c3c(Cl)cccc23)n1.Cl,EC50,'=',25.12,nM,1
CHEMBL1209709,COc1cccc2c(C(=O)N3CCN(C)[C@@H](C)C3)cn(CC3CCCCC3)c12,EC50,'=',25.12,nM,1
CHEMBL492860,CCOCC#Cc1ccc(-c2c(C)c(C(=O)NN3CCCCC3)nn2-c2ccc(Cl)cc2Cl)s1,EC50,'=',25.5,nM,1
CHEMBL4786828,CCCCCn1nc(C(=O)N[C@H](C(=O)OC)C(C)C)cc1C(C)(C)C,EC50,'=',26.6,nM,1
CHEMBL4783715,CCCCCn1nc(C(=O)NC(C)(C)CO)cc1CC(C)(C)C,EC50,'=',27.0,nM,1
CHEMBL4796229,CCCCCn1nc(C(=O)NC(C)(C)CO)c(Br)c1C(C)(C)C,EC50,'=',27.0,nM,1
CHEMBL3936647,COC(=O)Cc1ccc(Nc2cc(=O)[nH]c3ccc(C(c4ccc(Cl)cc4)c4ccc(Cl)cc4)cc23)cc1,EC50,'=',27.0,nM,1
CHEMBL3931341,O=C(c1ccccc1)N1CCC(Nc2cc(=O)[nH]c3ccc(C(c4ccc(Cl)cc4)c4ccc(Cl)cc4)cc23)CC1,EC50,'=',28.0,nM,1
CHEMBL3930555,C[C@@H](NC(=O)c1nn(-c2ccc(Cl)cc2)c2c1CN(C(=O)c1nc[nH]n1)C/C2=C\c1ccc(Cl)cc1)c1ccccn1,EC50,'=',28.0,nM,1
CHEMBL3929137,O=C(NC1CCN(c2ccccn2)CC1)c1nn(-c2ccc(Cl)cc2Cl)c2c1CCCC/C2=C\c1ccc(F)cc1,EC50,'=',28.0,nM,1
CHEMBL4789206,O=S(=O)(N1CCC(Nc2cnnc3ccc(C(c4ccc(Cl)cc4)c4nccs4)cc23)CC1)C(F)(F)F,EC50,'=',28.0,nM,1
CHEMBL361119,N#Cc1cc(-c2ccc(Cl)cc2)c(-c2ccc(Cl)cc2Cl)nc1OCc1ccccc1,EC50,'=',28.0,nM,1
CHEMBL3959009,C[C@@H](NC(=O)c1nn(-c2ccc(Cl)cc2)c2c1CCCC/C2=C\c1ccc(F)cc1)c1ccccn1,EC50,'=',28.0,nM,1
CHEMBL3758817,CCc1c(C(=O)NCCc2ccc(N3CCCCC3)cc2)[nH]c2ccc(N=[N+]=[N-])cc12,EC50,'=',28.2,nM,1
CHEMBL3758325,[N-]=[N+]=Nc1ccc(NC(=O)Nc2cccc(-c3cccc(N4CCCC4)n3)c2)cc1,EC50,'=',28.2,nM,1
CHEMBL462070,CCCC#Cc1ccc(-c2c(C)c(C(=O)NN3CCCCC3)nn2-c2ccc(Cl)cc2Cl)s1,EC50,'=',28.7,nM,1
CHEMBL522165,Cc1c(C(=O)NN2CCCCC2)nn(-c2ccc(Cl)cc2Cl)c1-c1ccc(C#CC(C)(C)C)s1,EC50,'=',28.9,nM,1
CHEMBL3925964,COc1ccc(C(O)(c2ccc(Cl)cc2)c2ccc3[nH]c(=O)cc(NC4CCN(S(=O)(=O)C(F)(F)F)CC4)c3c2)cc1,EC50,'=',29.0,nM,1
CHEMBL3955998,O=c1cc(NC2CCN(S(=O)(=O)C(F)(F)F)CC2)c2cc(C(c3ccc(Cl)cc3)c3ccc(C(F)(F)F)cc3)ccc2[nH]1,EC50,'=',29.0,nM,1
CHEMBL462069,CCCCC#Cc1ccc(-c2c(C)c(C(=O)NCCCC)nn2-c2ccc(Cl)cc2Cl)s1,EC50,'=',29.8,nM,1
CHEMBL375955,O=C(NCc1ccncc1)c1cnc(Nc2cccc(Cl)c2)nc1C(F)(F)F,EC50,'>',30.0,nM,1
CHEMBL3906628,C[C@@H](NC(=O)c1nn(-c2ccc(Cl)cc2)c2c1CN(C(=O)CNS(C)(=O)=O)C/C2=C\c1ccc(F)cc1)c1ccccn1,EC50,'=',30.0,nM,1
CHEMBL3353863,CC(C)(C)c1cc(NC(=O)[C@@H]2CCCN2c2ccc(Cl)cc2)no1,EC50,'=',30.0,nM,1
CHEMBL3977840,C[C@@H](NC(=O)c1nn(-c2ccc(Cl)cc2Cl)c2c1CCC/C2=C\c1ccc(Cl)cc1)c1ccccn1,EC50,'=',30.0,nM,1
CHEMBL2029733,CCN(CCCC(=O)NCCO)C(=O)c1ccc2c(c1)c1c(n2C)CC[C@@H](C2CCOCC2)C1,EC50,'=',30.7,nM,1
CHEMBL3945781,CCOC(=O)CCC(=O)N1CCC(Nc2cc(=O)[nH]c3ccc(C(c4ccc(Cl)cc4)c4ccc(Cl)cc4)cc23)CC1,EC50,'=',31.0,nM,1
CHEMBL2316384,C[S@@+]([O-])Cc1ccc(C(=O)Nc2cccnc2C(=O)NCC2CCOCC2)c2ccccc12,EC50,'=',31.0,nM,1
CHEMBL3978476,COc1cc(NC2CCN(S(=O)(=O)C(F)(F)F)CC2)c2cc(C(c3ccc(Cl)cc3)c3ccc(Cl)cc3)cc(CCCO)c2n1,EC50,'=',31.0,nM,1
CHEMBL4795833,O=[N+]([O-])CC(c1cccs1)c1c(-c2ccccc2)[nH]c2ccccc12,EC50,'=',31.0,nM,1
CHEMBL1209502,CCN1CCN(C(=O)c2cn3c4c(cccc24)OCC3C2CCCCC2)CC1,EC50,'=',31.62,nM,1
CHEMBL1682278,CN(C)S(=O)(=O)N(C)Cc1nc(-c2cn(CC3CCOCC3)c3c(Cl)cccc23)no1,EC50,'=',31.62,nM,1
CHEMBL2017679,COc1cccc2c(-c3nsc(CN4CCC(C(=O)NCCO)CC4)n3)cn(CC3CCOCC3)c12,EC50,'=',31.62,nM,1
CHEMBL1288234,COc1cccc2c(C(=O)N3C[C@]4(C)CSCN4C[C@@H]3C)cn(CC3CCCCC3)c12.Cl,EC50,'=',31.62,nM,1
CHEMBL4750322,O=S(=O)(N1CCC(Nc2nc(O)nc3ccc(C(c4ccc(Cl)cc4)c4ccc(Cl)cc4)cc23)CC1)C(F)(F)F,EC50,'=',31.7,nM,1
CHEMBL3911571,COc1ccc(/C=C2\CN(C(=O)c3cc[nH]n3)Cc3c(C(=O)N[C@H](C)c4ccccc4)nn(-c4ccc(Cl)cc4Cl)c32)cc1,EC50,'=',32.0,nM,1
CHEMBL2316385,C[S+]([O-])Cc1ccc(C(=O)Nc2nccnc2C(=O)NCC2CCC2)c2ccccc12,EC50,'=',32.0,nM,1
CHEMBL3978407,Cc1nc(C(C)(NC(=O)c2cc(OCC(F)(F)F)c(C3(F)CCC3)cn2)C2CC2)no1,EC50,'=',32.0,nM,1
CHEMBL4783200,CCCCCn1nc(C(=O)NC(C)(C)CO)c(Cl)c1C(C)(C)C,EC50,'=',33.9,nM,1
CHEMBL4104511,CCCCCn1cc(C(=O)NC23CC4CC(CC(C4)C2)C3)c2ccccc21,EC50,'=',34.0,nM,1
CHEMBL3957321,O=C(NC1CCN(c2ccccn2)CC1)c1nn(-c2ccc(Cl)cc2Cl)c2c1CCC/C2=C\c1ccc(Cl)cc1,EC50,'=',34.0,nM,1
CHEMBL3986218,O=c1cc(/C=C/c2ccccc2)c2cc(C(c3ccc(Cl)cc3)c3nccs3)ccc2[nH]1,EC50,'=',34.6,nM,1
CHEMBL4538202,CCCCCn1cc(C(=O)NC(C)(C)c2ccccc2)c2cccnc21,EC50,'=',35.0,nM,1
CHEMBL3984304,C[C@@H](NC(=O)c1nn(-c2ccc(Cl)cc2Cl)c2c1CCC/C2=C\c1ccc(Cl)s1)c1ccccn1,EC50,'=',35.0,nM,1
CHEMBL3928040,C[C@@H](NC(=O)c1nn(-c2ccc(Cl)c(Cl)c2)c2c1CCCC/C2=C\c1ccc(F)cc1)c1ccccn1,EC50,'=',35.0,nM,1
CHEMBL482153,O=C(Cn1nc(-c2ccc(Cl)cc2Cl)c(-c2ccc(Cl)cc2Cl)n1)NCc1cccc(F)c1,EC50,'=',35.1,nM,1
CHEMBL459305,CCC#Cc1ccc(-c2c(C)c(C(=O)NN3CC4CCCC4C3)nn2-c2ccc(Cl)cc2Cl)s1,EC50,'=',35.5,nM,1
CHEMBL3902769,O=c1cc(/C=C/c2ccccc2)c2cc(C(c3ccc(Cl)cc3)c3ccc(Cl)cc3)ccc2[nH]1,EC50,'=',35.8,nM,1
CHEMBL3934175,COC/C=C/c1cc(C(c2ccc(Cl)cc2)c2ccc(Cl)cc2)cc2c(NC3CCN(S(=O)(=O)C(F)(F)F)CC3)cc(OC)nc12,EC50,'=',36.0,nM,1
CHEMBL4483556,N#Cc1ccc2c(C(C[N+](=O)[O-])c3cccs3)c(-c3ccccc3)[nH]c2c1,EC50,'=',36.0,nM,1
CHEMBL3977520,CC(Nc1cc(=O)[nH]c2ccc(C(c3ccc(Cl)cc3)c3ccc(Cl)cc3)cc12)c1cccc(C(F)(F)F)c1,EC50,'=',36.0,nM,1
CHEMBL3943139,COc1cc(NC2CCN(S(=O)(=O)C(F)(F)F)CC2)c2cc(C(c3ccc(Cl)cc3)c3ccc(Cl)cc3)cc(/C=C/CO)c2n1,EC50,'=',36.0,nM,1
CHEMBL461427,CCC#Cc1ccc(-c2c(C)c(C(=O)NN3CCCCCC3)nn2-c2ccc(Cl)cc2Cl)s1,EC50,'=',36.4,nM,1
CHEMBL3234680,O=C(NC12CC3CC(CC(C3)C1)C2)c1nn(-c2ccc(Cl)c(Cl)c2)c2c1CCCC2,EC50,'=',37.0,nM,1
CHEMBL3955683,C[C@@H](NC(=O)c1nn(-c2ccc(Cl)c(Cl)c2)c2c1CCC/C2=C\c1ccc(Cl)s1)c1ccccn1,EC50,'=',37.0,nM,1
CHEMBL3975291,C[C@@H](NC(=O)c1nn(-c2ccc(Cl)c(Cl)c2)c2c1CCCC/C2=C\c1ccc(Cl)cc1)c1ccccn1,EC50,'=',37.0,nM,1
CHEMBL3898396,CNC(=O)COc1cc(NC2CCN(S(=O)(=O)C(F)(F)F)CC2)c2cc(C(c3ccc(Cl)cc3)c3ccc(Cl)cc3)ccc2n1,EC50,'=',38.0,nM,1
CHEMBL4575047,CCCCCn1nc(C(=O)NC23CC4CC(CC(C4)C2)C3)c2ccccc21,EC50,'=',38.0,nM,1
CHEMBL1644733,COc1ccc(-c2c[nH]c(-c3cccc(CN4CCC(F)(F)CC4)c3)n2)c(F)c1,EC50,'=',39.0,nM,1
CHEMBL3347357,CCN1CCN(C(=O)c2cn(CC3CCCCC3)c3c(OC)cccc23)C[C@@H]1C.Cl,EC50,'=',39.81,nM,1
CHEMBL1762806,CN(CCO)Cc1csc(-c2cn(CC3CCOCC3)c3c(Cl)cccc23)n1,EC50,'=',39.81,nM,1
CHEMBL3799603,O=C(NCCCCN1CCN(c2cccc(Cl)c2Cl)CC1)Oc1ccccc1,EC50,'=',40.0,nM,1
CHEMBL477878,O=C(Cc1ccccn1)N1CCN(S(=O)(=O)c2cc(Cl)cc(Cl)c2)CC1,EC50,'=',40.0,nM,1
CHEMBL2316409,O=C(NCC1CCC1)c1ncccc1NC(=O)c1ccc(Cn2ccnc2)c2ccccc12,EC50,'=',40.0,nM,1
CHEMBL4582487,N#Cc1ccc2c([C@H](CC(F)(F)F)c3cccs3)c(-c3ccccc3)[nH]c2c1,EC50,'=',40.0,nM,1
CHEMBL3759542,O=C(Nc1ccc(N=C=S)cc1)Nc1cccc(-c2cccc(N3CCCC3)n2)c1,EC50,'=',42.9,nM,1
CHEMBL4777097,CC(C)(CO)NC(=O)c1cc(C(C)(C)C)n(CCCCCF)n1,EC50,'=',43.0,nM,1
CHEMBL4215809,O=C(Nc1ccc(Cl)cc1)Nc1cccc(-c2cccc(N3CCCC3)c2)c1,EC50,'=',43.0,nM,1
CHEMBL3354949,CC(C)(NC(=O)c1nn(-c2ccc(F)cc2F)c2c1C[C@H]1C[C@@H]21)c1ccccn1,EC50,'=',43.0,nM,1
CHEMBL4460580,O=[N+]([O-])CC(c1ccccc1F)c1c(-c2ccccc2)[nH]c2ccccc12,EC50,'=',43.0,nM,1
CHEMBL2029734,CN(CCCC(=O)NC1COC1)C(=O)c1ccc2c(c1)c1c(n2C)CC[C@@H](C2CCOCC2)C1,EC50,'=',43.7,nM,1
CHEMBL494300,CCCCC#Cc1ccc(-c2c(C)c(C(=O)NC3CCCCC3)nn2-c2ccc(Cl)cc2Cl)s1,EC50,'=',43.9,nM,1
CHEMBL3918083,O=c1cc(NCc2ccc(C(F)(F)F)cc2)c2cc(C(c3ccc(Cl)cc3)c3ccc(Cl)cc3)ccc2[nH]1,EC50,'=',45.0,nM,1
CHEMBL4792695,CCCCCCn1nc(C(=O)NC(C)(C)CO)cc1C(C)(C)C,EC50,'=',47.0,nM,1
CHEMBL518817,CCCCCc1ccc(-c2c(C)c(C(=O)NN3CC4CCCC4C3)nn2-c2ccc(Cl)cc2Cl)s1,EC50,'=',48.0,nM,1
CHEMBL425163,CCCNC(=O)c1cc(-c2ccc(Cl)cc2)c(-c2ccc(Cl)cc2Cl)nc1OCc1ccc(F)c(F)c1,EC50,'=',50.0,nM,1
CHEMBL2071063,CCc1c(C(=O)NCCc2ccc(N(C)C)cc2)[nH]c2ccc(Cl)cc12,EC50,'=',50.0,nM,1
CHEMBL4782712,Cc1ccc2c(C(C[N+](=O)[O-])c3nccs3)c(-c3ccccc3)[nH]c2c1,EC50,'=',50.0,nM,1
CHEMBL1682273,CN(CC(=O)NCCO)Cc1nc(-c2cn(CC3CCOCC3)c3c(Cl)cccc23)no1,EC50,'=',50.12,nM,1
CHEMBL1762811,Clc1cccc2c(-c3nc(CN4CCOCC4)cs3)cn(CC3CCOCC3)c12,EC50,'=',50.12,nM,1
CHEMBL1762812,Cl.OCCN(CCO)Cc1csc(-c2cn(CC3CCOCC3)c3c(Cl)cccc23)n1,EC50,'=',50.12,nM,1
CHEMBL247331,O=C(Oc1cccc2cccnc12)c1cccc(S(=O)(=O)N2CCCCC2)c1,EC50,'=',50.12,nM,1
CHEMBL521277,O=C(Cn1nc(-c2ccc(Cl)cc2Cl)c(-c2ccc(Cl)cc2Cl)n1)NCc1ccc(F)cc1,EC50,'=',50.7,nM,1
CHEMBL3945371,NC(=O)CCCCOc1cc(C(c2ccc(Cl)cc2)c2ccc(Cl)cc2)cc2c(NC3CCN(S(=O)(=O)C(F)(F)F)CC3)ccnc12,EC50,'=',51.0,nM,1
CHEMBL3354936,CC(C)n1nc(C(=O)NC(C)(C)c2ccccc2)c2c1[C@@H]1C[C@@H]1C2,EC50,'=',51.0,nM,1
CHEMBL460573,CCC#Cc1ccc(-c2c(C)c(C(=O)NN3CCCCC3)nn2-c2ccc(Cl)cc2Cl)s1,EC50,'=',51.4,nM,1
CHEMBL3903362,O=c1cc(NC2CCN(S(=O)(=O)C(F)(F)F)CC2)c2cc(C(O)(c3ccc(Cl)cc3)c3ccc(Cl)cc3)ccc2[nH]1,EC50,'=',52.0,nM,1
CHEMBL3941184,O=C1CCCN1c1cc(C(c2ccc(Cl)cc2)c2ccc(Cl)cc2)cc2c(NC3CCN(S(=O)(=O)C(F)(F)F)CC3)cc(=O)[nH]c12,EC50,'=',52.0,nM,1
CHEMBL3968450,OC(c1ccc(Cl)cc1)(c1ccc(Cl)cc1)c1ccc2nccc(/C=C/c3ccccc3)c2c1,EC50,'=',52.1,nM,1
CHEMBL3234706,CC(C)(C)c1cc(NC(=O)[C@@H]2CCCN2c2ccc(C(F)(F)F)cn2)no1,EC50,'=',53.0,nM,1
CHEMBL4069848,CCCCCn1cc(C(=O)c2ccccc2OC)c2ccccc21,EC50,'=',54.0,nM,1
CHEMBL3915356,O=c1cc(NCc2cncc(C(F)(F)F)c2)c2cc(C(c3ccc(Cl)cc3)c3ccc(Cl)cc3)ccc2[nH]1,EC50,'=',54.0,nM,1
CHEMBL3400945,CC(C)(C)c1cc(NC(=O)[C@]2(C)CCCN2c2ccc(Cl)cc2)no1,EC50,'=',54.0,nM,1
CHEMBL3942759,COCCOc1ccc(Nc2cc(=O)[nH]c3ccc(C(c4ccc(Cl)cc4)c4ccc(Cl)cc4)cc23)cc1,EC50,'=',55.0,nM,1
CHEMBL3938905,Clc1ccc(C(c2ccc3nccc(/C=C/c4ccccc4)c3c2)c2nccs2)cc1,EC50,'=',55.1,nM,1
CHEMBL3341880,N#Cc1ccc(NC(=O)Nc2cccc(-c3cccc(N4CCCC4)n3)c2)cc1,EC50,'=',55.2,nM,1
CHEMBL4291233,COCCOCCOCCOCCOc1cc(NC2CCN(S(=O)(=O)C(F)(F)F)CC2)c2cc(C(c3ccc(Cl)cc3)c3ccc(Cl)cc3)ccc2n1,EC50,'=',56.0,nM,1
CHEMBL4442017,CCCCCn1cc(C(=O)N[C@H](C(=O)OC)C(C)C)c2cccnc21,EC50,'=',56.0,nM,1
CHEMBL3932852,C[C@@H](NC(=O)c1nn(-c2ccc(Cl)c(Cl)c2)c2c1CCCC/C2=C\c1ccc(C(F)(F)F)cc1)c1ccccn1,EC50,'=',56.0,nM,1
CHEMBL480539,COc1ccc(CNC(=O)Cn2nc(-c3ccc(Cl)cc3Cl)c(-c3ccc(Cl)cc3Cl)n2)cc1,EC50,'=',56.2,nM,1
CHEMBL492861,Cc1c(C(=O)NN2CCCCC2)nn(-c2ccc(Cl)cc2Cl)c1-c1ccc(C#CCOC(C)C)s1,EC50,'=',57.4,nM,1
CHEMBL4475358,O=[N+]([O-])CC(c1ccccc1F)c1c(-c2ccccc2)[nH]c2cc(F)ccc12,EC50,'=',58.0,nM,1
CHEMBL3960698,COCCCc1cc(C(c2ccc(Cl)cc2)c2ccc(Cl)cc2)cc2c(NC3CCN(S(=O)(=O)C(F)(F)F)CC3)cc(OC)nc12,EC50,'=',58.0,nM,1
CHEMBL3942960,NC(=O)[C@H](CC1CC1)NC(=O)c1ccc(C2CC2)c(Cc2ccc(F)cc2)n1,EC50,'=',59.0,nM,1
CHEMBL1950336,C=CCn1c2c(c3cc(C(=O)N4CCC(C)CC4)ccc31)CN(C1CCOCC1)CC2,EC50,'=',60.0,nM,1
CHEMBL495738,COc1ccc2c(c1)N(CC1CCCCC1)C(=O)/C2=N\NC(=O)c1ccccc1,EC50,'=',61.2,nM,1
CHEMBL2029735,CN(C(=O)c1ccc2c(c1)c1c(n2C)CC[C@@H](C2CCOCC2)C1)[C@H](CO)CCC(=O)NCCF,EC50,'=',61.4,nM,1
CHEMBL514565,O=C(N/N=C1\C(=O)N(CC2CCCCC2)c2ccccc21)c1ccccc1,EC50,'=',62.3,nM,1
CHEMBL3927846,O=c1cc(NC2CCN(S(=O)(=O)c3cccc(F)c3)CC2)c2cc(C(c3ccc(Cl)cc3)c3ccc(Cl)cc3)ccc2[nH]1,EC50,'=',63.0,nM,1
CHEMBL1762804,COCCN(C)Cc1csc(-c2cn(CC3CCCCC3)c3c(Cl)cccc23)n1.Cl,EC50,'=',63.1,nM,1
CHEMBL1288083,COc1cccc2c(C(=O)N3CCN4CCC[C@@H]4C3)cn(CC3CCCCC3)c12,EC50,'=',63.1,nM,1
CHEMBL3347374,O=C(Cc1ccccc1)N/N=C1\C(=O)N(CC2CCCCC2)c2cc(OCCN3CCOCC3)ccc21,EC50,'=',63.1,nM,1
CHEMBL2017675,NC(=O)CN1CCN(Cc2nc(-c3cn(CC4CCOCC4)c4c(Cl)cccc34)ns2)CC1,EC50,'=',63.1,nM,1
CHEMBL3347340,O=C(NCc1ccccc1)c1cn(CC2CCCCC2)c2ccccc12,EC50,'=',63.1,nM,1
CHEMBL1288113,COc1cccc2c(C(=O)N3C[C@H]4CCCN4C[C@H]3C)cn(CC3CCCCC3)c12.Cl,EC50,'=',63.1,nM,1
CHEMBL246713,COc1ccccc1OC(=O)c1ccc(C)c(S(=O)(=O)N2CCOCC2)c1,EC50,'=',63.1,nM,1
CHEMBL1209712,C[C@@H]1CN(C)C[C@H](C)N1C(=O)c1cn2c3c(cccc13)OC[C@H]2C1CCCCC1,EC50,'=',63.1,nM,1
CHEMBL1762809,OC1CCN(Cc2csc(-c3cn(CC4CCOCC4)c4c(Cl)cccc34)n2)CC1,EC50,'=',63.1,nM,1
CHEMBL3758424,[N-]=[N+]=NCCc1c(C(=O)NCCc2ccc(N3CCCCC3)cc2)[nH]c2ccc(Cl)cc12,EC50,'=',64.0,nM,1
CHEMBL3986705,O=c1cc(NC2CCN(S(=O)(=O)C(F)(F)F)CC2)c2cc(C(c3ccc(Cl)cc3)c3nc4ccccc4s3)ccc2[nH]1,EC50,'=',64.0,nM,1
CHEMBL461216,Cc1c(C(=O)NN2CCCCCC2)nn(-c2ccc(Cl)cc2Cl)c1-c1ccc(Br)s1,EC50,'=',64.9,nM,1
CHEMBL522904,CCc1c(C2=NC(C)(C)C(=O)N2C)nn(-c2ccc(Cl)cc2Cl)c1-c1ccc(Cl)cc1,EC50,'=',65.5,nM,1
CHEMBL4293431,O=c1cc([C@@H]2C[C@@H]2c2ccccc2)c2cc(C(c3ccc(Cl)cc3)n3ccnc3)ccc2[nH]1,EC50,'=',66.0,nM,1
CHEMBL3958514,CCOC(=O)CCCOc1ccc(Nc2cc(=O)[nH]c3ccc(C(c4ccc(Cl)cc4)c4ccc(Cl)cc4)cc23)cc1,EC50,'=',68.0,nM,1
CHEMBL459309,Cc1c(C(=O)NN2CCCCC2)nn(-c2ccc(Cl)cc2Cl)c1-c1ccc(Br)s1,EC50,'=',68.2,nM,1
CHEMBL3937947,COC(=O)c1ccc(Nc2cc(=O)[nH]c3ccc(C(c4ccc(Cl)cc4)c4ccc(Cl)cc4)cc23)cc1,EC50,'=',70.0,nM,1
CHEMBL2029739,CN(CCCC(=O)NCC#N)C(=O)c1ccc2c(c1)c1c(n2C)CC[C@@H](C2CCOCC2)C1,EC50,'=',70.6,nM,1
CHEMBL3914627,CCC(CC)(NC(=O)c1ccc(C2CC2)c(OCC2CCCO2)n1)C(=O)OC,EC50,'=',71.0,nM,1
CHEMBL462052,CCC/C=C/c1ccc(-c2c(C)c(C(=O)NN3CC4CCCC4C3)nn2-c2ccc(Cl)cc2Cl)s1,EC50,'=',71.4,nM,1
CHEMBL493916,Cc1c(C(=O)NN2CCCCC2)nn(-c2ccc(Cl)cc2Cl)c1-c1ccc(C#CC2CC2)s1,EC50,'=',72.9,nM,1
CHEMBL3913360,O=c1cc(Nc2ccc(-c3ccccc3)cc2)c2cc(C(c3ccc(Cl)cc3)c3ccc(Cl)cc3)ccc2[nH]1,EC50,'=',73.0,nM,1
CHEMBL494299,CCCCC#Cc1ccc(-c2c(C)c(C(=O)NCCCCCC)nn2-c2ccc(Cl)cc2Cl)s1,EC50,'=',74.0,nM,1
CHEMBL4763251,Nc1nc(NC2CCN(S(=O)(=O)C(F)(F)F)CC2)c2cc(C(c3ccc(Cl)cc3)c3ccc(Cl)cc3)ccc2n1,EC50,'=',74.8,nM,1
CHEMBL3961453,CNC(=O)[C@H](CC(C)C)NC(=O)c1ccc(C2CC2)c(OCC2CCOCC2)n1,EC50,'=',74.9,nM,1
CHEMBL4110437,O=c1cc(N[C@@H]2CCN(S(=O)(=O)C(F)(F)F)C2)c2cc(C(c3ccc(Cl)cc3)c3nccs3)ccc2[nH]1,EC50,'=',75.0,nM,1
CHEMBL462053,CCCCCc1ccc(-c2c(C)c(C(=O)NN3CCCCC3)nn2-c2ccc(Cl)cc2Cl)s1,EC50,'=',75.9,nM,1
CHEMBL4281028,O=C(O)CCOCCOCCOCCOCCOCCOCCOCCOCCOCCOCCOCCOCCOc1cc(C(c2ccc(Cl)cc2)c2ccc(Cl)cc2)cc2c(NC3CCN(S(=O)(=O)C(F)(F)F)CC3)ccnc12,EC50,'=',77.0,nM,1
CHEMBL2029736,CCNC(=O)CC[C@@H](CO)N(C)C(=O)c1ccc2c(c1)c1c(n2C)CC[C@@H](C2CCOCC2)C1,EC50,'=',78.7,nM,1
CHEMBL3974719,NC(=O)Cc1ccc(Nc2cc(=O)[nH]c3ccc(C(c4ccc(Cl)cc4)c4ccc(Cl)cc4)cc23)cc1,EC50,'=',79.0,nM,1
CHEMBL2316403,O=C(NCC1CCC1)c1ncccc1NC(=O)c1ccnc2ccccc12,EC50,'=',79.0,nM,1
CHEMBL1682267,CN(CCO)Cc1nc(-c2cn(CC3CCOCC3)c3c(Cl)cccc23)ns1,EC50,'=',79.43,nM,1
CHEMBL1762799,CCc1cccc2c(-c3nc(CN4CCCC4)cs3)cn(CC3CCOCC3)c12.Cl,EC50,'=',79.43,nM,1
CHEMBL2017676,O=C(NCCO)C1CCN(Cc2nc(-c3cn(CC4CCOCC4)c4c(Cl)cccc34)ns2)CC1,EC50,'=',79.43,nM,1
CHEMBL1762802,CCN(CC)Cc1csc(-c2cn(CC3CCOCC3)c3c(F)cccc23)n1,EC50,'=',79.43,nM,1
CHEMBL1681794,COCCN(C)Cc1nc(-c2cn(CC3CCOCC3)c3c(Cl)cccc23)ns1,EC50,'=',79.43,nM,1
CHEMBL1682268,COCCN(Cc1nc(-c2cn(CC3CCOCC3)c3c(Cl)cccc23)ns1)S(C)(=O)=O,EC50,'=',79.43,nM,1
CHEMBL2205594,O=C(Nc1sc2c(c1C(=O)N1CCC(F)(F)CC1)CCOC2)c1ccccc1C(F)(F)F,EC50,'=',80.0,nM,1
CHEMBL4472463,O=[N+]([O-])CC(c1ccccc1)c1c(-c2cccc(F)c2)[nH]c2ccccc12,EC50,'=',80.0,nM,1
CHEMBL3931943,CCC(CC)(NC(=O)c1ccc(C2CC2)c(Cc2ccc(F)cc2)n1)C(=O)O,EC50,'=',81.0,nM,1
CHEMBL3972302,CCOC(=O)CCCCOc1cc(C(c2ccc(Cl)cc2)c2ccc(Cl)cc2)cc2c(NC3CCN(S(=O)(=O)C(F)(F)F)CC3)ccnc12,EC50,'=',81.0,nM,1
CHEMBL2204893,O=C(Nc1sc2c(c1C(=O)N1CC(F)(F)C1)CCC(F)(F)C2)c1ccccc1Cl,EC50,'=',81.0,nM,1
CHEMBL497879,Cc1c(C2=NC(=O)C(C)(C)N2C)nn(-c2ccc(Cl)cc2Cl)c1-c1ccc(C(F)(F)F)cc1,EC50,'=',81.0,nM,1
CHEMBL2316396,O=C(NCC1CCOCC1)c1ncccc1NC(=O)c1cccc2ccccc12,EC50,'=',81.0,nM,1
CHEMBL512591,CC(C)(C(=O)Nc1cnc2ccccc2c1)S(=O)(=O)c1ccc(C(F)(F)F)cc1,EC50,'=',82.0,nM,1
CHEMBL4078111,O=C(NC12CC3CC(CC(C3)C1)C2)c1cn(CC2CCOCC2)c2ccccc12,EC50,'=',84.0,nM,1
CHEMBL3354935,CC(C)(NC(=O)c1nn(C(C)(C)C)c2c1C[C@H]1C[C@@H]21)c1ccccc1,EC50,'=',86.0,nM,1
CHEMBL2316383,C[S+]([O-])Cc1ccc(C(=O)Nc2cccnc2C(=O)NCC2CCOCC2)c2ccccc12,EC50,'=',87.0,nM,1
CHEMBL1644736,COc1ccc(F)c(-c2c[nH]c(-c3cccc(CN4CCC(F)CC4)c3)n2)c1,EC50,'=',87.0,nM,1
CHEMBL474424,O=C(Cn1nc(-c2ccc(Cl)cc2Cl)c(-c2ccc(Cl)cc2Cl)n1)NCc1ccccc1,EC50,'=',87.0,nM,1
CHEMBL3906625,CCOC(=O)C(CC)(CC)NC(=O)c1ccc(C2CC2)c(S(=O)(=O)CC(C)C)n1,EC50,'=',88.5,nM,1
CHEMBL477864,O=C(C1CC1)N1CCN(S(=O)(=O)c2cc(Cl)ccc2Cl)CC1,EC50,'=',90.0,nM,1
CHEMBL2071071,O=C(NCCc1ccc(N2CCCCC2)cc1)c1cc2cc(Cl)ccc2[nH]1,EC50,'=',90.0,nM,1
CHEMBL3940187,O=C(N[C@@H](c1cccnc1)C(F)(F)F)c1cc(OCc2ccc(F)cc2)c(Cl)cn1,EC50,'=',90.1,nM,1
CHEMBL3936836,CCC(CC)(NC(=O)c1ccc(C2CC2)c(OCC2CC2)n1)C(=O)OC,EC50,'=',90.6,nM,1
CHEMBL3938697,O=C(N[C@@H](c1ccccn1)C(F)(F)F)c1ccc(C2CC2)c(Cc2ccc(F)cc2)n1,EC50,'=',91.0,nM,1
CHEMBL3963221,COC(=O)[C@H](CC(C)C)NC(=O)c1ccc(C2CC2)c(OCC2CC2)n1,EC50,'=',91.4,nM,1
CHEMBL4115612,COC(=O)[C@@H](NC(=O)c1ccc(C2CC2)c(OCC2CC2)n1)C(C)(C)C,EC50,'=',91.9,nM,1
CHEMBL3892978,O=C(O)CCCCCOc1cc(NC2CCN(S(=O)(=O)C(F)(F)F)CC2)c2cc(C(c3ccc(Cl)cc3)c3ccc(Cl)cc3)ccc2n1,EC50,'=',92.0,nM,1
CHEMBL3971778,CS(=O)(=O)N1CCC(Nc2cc(=O)[nH]c3ccc(C(c4ccc(Cl)cc4)c4ccc(Cl)cc4)cc23)CC1,EC50,'=',94.0,nM,1
CHEMBL3893051,CC(C)(C)OC(=O)COc1ccc(Nc2cc(=O)[nH]c3ccc(C(c4ccc(Cl)cc4)c4ccc(Cl)cc4)cc23)cc1,EC50,'=',95.0,nM,1
CHEMBL511404,CC(C)(C(=O)Nc1ccc(Cl)c(-c2ccco2)c1)S(=O)(=O)c1ccc(Cl)cc1,EC50,'=',96.0,nM,1
CHEMBL512108,Clc1cnccc1-c1noc(C2CCN(c3cnc4ccccc4c3)CC2)n1,EC50,'=',96.0,nM,1
CHEMBL3897610,CC(C)(C)OC(=O)NCCCCOc1cc(C(c2ccc(Cl)cc2)c2ccc(Cl)cc2)cc2c(NC3CCN(S(=O)(=O)C(F)(F)F)CC3)ccnc12,EC50,'=',96.0,nM,1
CHEMBL2441251,CCCCCn1c2ccccc2c2cc(C(=O)N3CCCCC3)ccc21,EC50,'=',96.9,nM,1
CHEMBL3955693,Clc1ccc(C(c2ccc3nccc(/C=C/c4ccccc4)c3c2)c2cccs2)cc1,EC50,'=',97.3,nM,1
CHEMBL3955509,NC(=O)COc1ccc(Nc2cc(=O)[nH]c3ccc(C(c4ccc(Cl)cc4)c4ccc(Cl)cc4)cc23)cc1,EC50,'=',99.0,nM,1
CHEMBL4757109,Clc1ccc(C(c2ccc(Cl)cc2)c2ccc3nncc(NC4CCC(Nc5ccccc5)CC4)c3c2)cc1,EC50,'=',99.0,nM,1
CHEMBL493303,Cc1c(C(=O)NN2CC3CCCC3C2)nn(-c2ccc(Cl)cc2Cl)c1-c1ccc(C#CC2CCCC2)s1,EC50,'=',99.3,nM,1
CHEMBL1682271,Clc1cccc2c(-c3noc(CN4CCCC4)n3)cn(CC3CCOCC3)c12,EC50,'=',100.0,nM,1
CHEMBL5092514,O=[N+]([O-])CC(c1ccccc1)c1c(-c2ccoc2)[nH]c2ccccc12,EC50,'=',100.0,nM,1
CHEMBL1209576,CN1CCN(C(=O)c2cn3c4c(cccc24)OC[C@H]3C2CCCCC2)CC1,EC50,'=',100.0,nM,1
CHEMBL1288114,COc1cccc2c(C(=O)N3C[C@@H]4CCCN4C[C@@H]3C)cn(CC3CCCCC3)c12,EC50,'=',100.0,nM,1
CHEMBL3347302,CCN1CCN(C(=O)c2cn(CC3CCCCC3)c3c(F)cccc23)CC1.Cl,EC50,'=',100.0,nM,1
CHEMBL362423,Cn1c(C(=O)NN2CCCCC2)nc(-c2ccc(Cl)cc2)c1-c1ccc(Cl)cc1,EC50,'=',100.0,nM,1
CHEMBL3952365,COc1cc(C(c2ccc(Cl)cc2)c2ccc(Cl)cc2)cc2c(NC3CCN(S(=O)(=O)C(F)(F)F)CC3)ccnc12,EC50,'=',100.0,nM,1
CHEMBL1288176,COc1cccc2c(C(=O)N3C[C@@H]4CCCN4CC3(C)C)cn(CC3CCCCC3)c12,EC50,'=',100.0,nM,1
CHEMBL1682279,CC(C)N(CCO)Cc1csc(-c2c(CC3CCOCC3)[nH]c3c(Cl)cccc23)n1,EC50,'<=',100.0,nM,1
CHEMBL1288054,COc1cccc2c(C(=O)N3CCN4CCCC[C@@H]4C3)cn(CC3CCCCC3)c12,EC50,'=',100.0,nM,1
CHEMBL4789723,CCCCn1nc(C(=O)NC(C)(C)CO)cc1C(C)(C)C,EC50,'=',100.8,nM,1
CHEMBL3950371,OC(c1ccc(Cl)cc1)(c1ccc2nccc(/C=C/c3ccccc3)c2c1)c1cccs1,EC50,'=',100.8,nM,1
CHEMBL2029737,CNC(=O)CC[C@@H](CO)N(C)C(=O)c1ccc2c(c1)c1c(n2C)CC[C@@H](C2CCOCC2)C1,EC50,'=',101.0,nM,1
CHEMBL3930097,CC(=O)NCCCCOc1cc(C(c2ccc(Cl)cc2)c2ccc(Cl)cc2)cc2c(NC3CCN(S(=O)(=O)C(F)(F)F)CC3)ccnc12,EC50,'=',102.0,nM,1
CHEMBL4107610,CNC(=O)[C@@H](NC(=O)c1ccc(C2CC2)c(OCC2CCCO2)n1)C(C)(C)C,EC50,'=',102.1,nM,1
CHEMBL1950331,C=CCn1c2c(c3cc(C(=O)N4CCC(C)CC4)ccc31)CN(Cc1ccccc1)CC2,EC50,'=',103.0,nM,1
CHEMBL3904458,CC(C)(C)OC(=O)CCN1CCC(Nc2cc(=O)[nH]c3ccc(C(c4ccc(Cl)cc4)c4ccc(Cl)cc4)cc23)CC1,EC50,'=',103.0,nM,1
CHEMBL4799912,CCCCCn1nc(C(=O)NC2CCCCC2)cc1C(C)(C)C,EC50,'=',103.8,nM,1
CHEMBL493917,Cc1c(C(=O)NN2CC3CCCC3C2)nn(-c2ccc(Cl)cc2Cl)c1-c1ccc(C#CC2CC2)s1,EC50,'=',104.8,nM,1
CHEMBL3354954,O=C(NC1(CO)CCC1)c1nn(-c2ccc(F)cc2F)c2c1C[C@H]1C[C@@H]21,EC50,'=',105.0,nM,1
CHEMBL3915918,O=C(O)CCCCOc1cc(C(c2ccc(Cl)cc2)c2ccc(Cl)cc2)cc2c(NC3CCN(S(=O)(=O)C(F)(F)F)CC3)ccnc12,EC50,'=',108.0,nM,1
CHEMBL3322473,Cc1c(C(=O)NCCCCNC(=O)C2CCCCC2)nn(-c2ccc(Cl)cc2Cl)c1-c1ccc(Cl)cc1,EC50,'=',109.65,nM,1
CHEMBL4546004,O=[N+]([O-])CC(c1ccccc1)c1c(-c2ccccc2)[nH]c2cc(F)ccc12,EC50,'=',110.0,nM,1
CHEMBL3950922,Cc1nc(C(C)(NC(=O)c2cc(O[C@@H](C)C(F)(F)F)c(N3CC(F)(F)C3)cn2)C2CC2)no1,EC50,'=',110.0,nM,1
CHEMBL3353885,CC(C)(C)c1cc(NC(=O)[C@@H]2CCC(=O)N2c2ccc(C(F)(F)F)cn2)on1,EC50,'=',110.0,nM,1
CHEMBL5084596,O=[N+]([O-])CC(c1ccccc1)c1c(-c2cccs2)[nH]c2ccccc12,EC50,'=',110.0,nM,1
CHEMBL3948754,O=c1cc(NC2CCC(C(F)(F)F)CC2)c2cc(C(c3ccc(Cl)cc3)c3ccc(Cl)cc3)ccc2[nH]1,EC50,'=',111.0,nM,1
CHEMBL3322349,Cc1c(C(=O)NCCCCCCCCN)nn(-c2ccc(Cl)cc2Cl)c1-c1ccc(Cl)cc1,EC50,'=',112.0,nM,1
CHEMBL4282821,O=c1cc(Cc2ccc(OC(F)(F)F)cc2)c2cc(C(c3ccc(Cl)cc3)n3ccnc3)ccc2[nH]1,EC50,'=',113.0,nM,1
CHEMBL4440510,COC(=O)c1ccc2c(C(CC(F)(F)F)c3cccs3)c(-c3ccccc3)[nH]c2c1,EC50,'=',113.0,nM,1
CHEMBL3911735,O=C(O)c1ccc(S(=O)(=O)N2CCC(Nc3cc(=O)[nH]c4ccc(C(c5ccc(Cl)cc5)c5ccc(Cl)cc5)cc34)CC2)s1,EC50,'=',113.0,nM,1
CHEMBL2204905,CC(C)(C)CC(=O)Nc1sc2c(c1C(=O)N1CCC(F)(F)CC1)CCCC2,EC50,'=',113.0,nM,1
CHEMBL1950332,C=CCn1c2c(c3cc(C(=O)N4CCC(C)CC4)ccc31)CN(CC1CCCC1)CC2,EC50,'=',115.0,nM,1
CHEMBL4109654,CNC(=O)[C@@H](NC(=O)c1cccc(-c2ccc(F)c(Cl)c2)n1)C(C)(C)C,EC50,'=',115.6,nM,1
CHEMBL2441475,CCCCCn1c2ccc(C(=O)N3CCCCC3)cc2c2ccc(OC)cc21,EC50,'=',118.3,nM,1
CHEMBL4790621,O=[N+]([O-])CC(c1ccsc1)c1c(-c2ccccc2)[nH]c2ccccc12,EC50,'=',119.0,nM,1
CHEMBL2316388,O=C(NCC1CCC1)c1nc(OCCO)ccc1NC(=O)c1ccnc2ccccc12,EC50,'=',120.0,nM,1
CHEMBL4472094,CCCCCn1cc(C(=O)N[C@H](C(N)=O)C(C)C)c2cccnc21,EC50,'=',120.23,nM,1
CHEMBL3906198,COc1cc(NC2CCN(S(=O)(=O)C(F)(F)F)CC2)c2cc(C(c3ccc(Cl)cc3)c3ccc(Cl)cc3)cc(Br)c2n1,EC50,'=',121.0,nM,1
CHEMBL3957524,O=c1cc(CCc2cccc(Cl)c2)c2cc(C(c3ccc(Cl)cc3)c3nccs3)ccc2[nH]1,EC50,'=',121.0,nM,1
CHEMBL3903356,O=c1cc(NC2CCN(S(=O)(=O)C(F)(F)F)CC2)c2cc(C(Oc3ccc(Cl)cc3)c3ccc(Cl)cc3)ccc2[nH]1,EC50,'=',122.0,nM,1
CHEMBL481886,O=C(Cn1nc(-c2ccc(Cl)cc2Cl)c(-c2ccc(Cl)cc2Cl)n1)N1CCCCC1,EC50,'=',122.0,nM,1
CHEMBL3950265,CC(C)C[C@H](NC(=O)c1ccc(C2CC2)c(Cc2ccc(F)cc2)n1)C(N)=O,EC50,'=',122.6,nM,1
CHEMBL3322476,Cc1c(C(=O)NCCCCCCCCNCc2ccccc2)nn(-c2ccc(Cl)cc2Cl)c1-c1ccc(Cl)cc1,EC50,'=',123.0,nM,1
CHEMBL3114524,O=C(NC12CC3CC(CC(C3)C1)C2)c1nc2c(-c3ccccc3)cccc2[nH]1,EC50,'=',123.0,nM,1
CHEMBL2205595,O=C(Nc1sc2c(c1C(=O)N1CCC(F)(F)CC1)CCOC2)c1ccccc1OC(F)(F)F,EC50,'=',125.0,nM,1
CHEMBL3347364,CCN1CCN(C(=O)c2cn(CC3CCCCC3)c3c(OC)cccc23)CC1(C)C.Cl,EC50,'=',125.89,nM,1
CHEMBL1209646,C[C@@H]1CN(C(=O)c2cn3c4c(cccc24)OC[C@H]3C2CCCCC2)C[C@H](C)N1,EC50,'=',125.89,nM,1
CHEMBL3347365,COc1cccc2c(C(=O)N3CCN(C)[C@H](C)C3)cn(CC3CCCCC3)c12.Cl,EC50,'=',125.89,nM,1
CHEMBL4290482,CCOC(=O)COc1cc(C(c2ccc(Cl)cc2)c2ccc(Cl)cc2)cc2c(NC3CCN(S(=O)(=O)C(F)(F)F)CC3)ccnc12,EC50,'=',126.0,nM,1
CHEMBL3973738,CCOC(=O)COc1cc(C(c2ccc(Cl)cc2)c2ccc(Cl)cc2)cc2c(NC3CCN(S(=O)(=O)C(F)(F)F)CC3)cc(=O)[nH]c12,EC50,'=',126.0,nM,1
CHEMBL4755813,O=[N+]([O-])CC(c1cccc(C(F)(F)F)c1)c1c(-c2ccccc2)[nH]c2ccccc12,EC50,'=',127.0,nM,1
CHEMBL3986006,C[C@@H](NC(=O)c1nn(-c2ccc(Cl)cc2)c2c1CCC/C2=C\c1ccc(Cl)cc1)c1ccccn1,EC50,'=',127.0,nM,1
CHEMBL3932183,CC(C)(C)OC(=O)/N=C(/NC(=O)OC(C)(C)C)N1CCC(Nc2cc(=O)[nH]c3ccc(C(c4ccc(Cl)cc4)c4ccc(Cl)cc4)cc23)CC1,EC50,'=',128.0,nM,1
CHEMBL4790896,CCCCCn1nc(C(=O)NC(C)(C)CO)c([N+](=O)[O-])c1C(C)(C)C,EC50,'=',128.6,nM,1
CHEMBL3963244,CCC(CC)(NC(=O)c1ccc(N(CC(F)(F)F)CC(F)(F)F)c(OCC2CC2)n1)C(=O)OC,EC50,'=',128.7,nM,1
CHEMBL1644689,FC1CCN(Cc2cccc(-c3nc(-c4cccc(Cl)c4)c[nH]3)c2)CC1,EC50,'=',130.0,nM,1
CHEMBL4450687,O=[N+]([O-])CC(c1ccccc1)c1c(-c2ccccc2)[nH]c2cccc(F)c12,EC50,'=',130.0,nM,1
CHEMBL5088420,O=[N+]([O-])CC(c1ccccc1)c1c(-c2ccco2)[nH]c2ccccc12,EC50,'=',130.0,nM,1
CHEMBL461862,Cc1c(C(=O)NN2CCCCCC2)nn(-c2ccc(Cl)cc2Cl)c1-c1ccc(Cl)s1,EC50,'=',133.9,nM,1
CHEMBL4777478,CCCCCn1nc(C(=O)NC(C)(C)c2ccc(Cl)cc2)cc1C(C)(C)C,EC50,'=',135.0,nM,1
CHEMBL481543,O=C(Cn1nc(-c2ccc(Cl)cc2Cl)c(-c2ccc(Cl)cc2Cl)n1)Nc1ccccc1,EC50,'=',136.2,nM,1
CHEMBL2204895,O=C(Nc1sc2c(c1C(=O)N1CC(F)(F)C1)CCC(F)(F)C2)c1ccccc1OC(F)(F)F,EC50,'=',139.0,nM,1
CHEMBL1644734,COc1ccc(F)c(-c2c[nH]c(-c3cccc(CN4CCOCC4)c3)n2)c1,EC50,'=',140.0,nM,1
CHEMBL3929020,Clc1ccc(C(c2ccsc2)c2ccc3nccc(/C=C/c4ccccc4)c3c2)cc1,EC50,'=',140.0,nM,1
CHEMBL492486,COCC#Cc1ccc(-c2c(C)c(C(=O)NN3CCCCC3)nn2-c2ccc(Cl)cc2Cl)s1,EC50,'=',142.7,nM,1
CHEMBL3957606,NCCCCOc1cc(C(c2ccc(Cl)cc2)c2ccc(Cl)cc2)cc2c(NC3CCN(S(=O)(=O)C(F)(F)F)CC3)ccnc12,EC50,'=',144.0,nM,1
CHEMBL3908763,O=C(N[C@@H](c1cccnc1)C(F)(F)F)c1cc(Cc2ccc(F)cc2)c(Cl)cn1,EC50,'=',144.6,nM,1
CHEMBL3929309,CCC(CC)(NC(=O)c1ccc(C(F)(F)F)c(OCC2CCOCC2)n1)C(=O)OC,EC50,'=',146.2,nM,1
CHEMBL459506,CCC/C=C/c1ccc(-c2c(C)c(C(=O)NN3CCCCC3)nn2-c2ccc(Cl)cc2Cl)s1,EC50,'=',146.2,nM,1
CHEMBL518046,Cc1c(C(=O)NN2CCCCC2)nn(-c2ccc(Cl)cc2Cl)c1-c1ccc(Cl)s1,EC50,'=',146.5,nM,1
CHEMBL5089565,O=[N+]([O-])CC(c1ccccc1)c1c(-c2cc3ccccc3s2)[nH]c2ccccc12,EC50,'=',150.0,nM,1
CHEMBL3933346,CC(C)C[C@H](NC(=O)c1ccc(NC2CC2)c(OCC2CC2)n1)C(N)=O,EC50,'=',150.7,nM,1
CHEMBL4451981,CCCCCn1cc(C(=O)NC23CC4CC(CC(C4)C2)C3)c2cccnc21,EC50,'=',151.36,nM,1
CHEMBL4109469,CNC(=O)[C@@H](NC(=O)c1cnc(C2CC2)c(OCC2CC2)n1)C(C)(C)C,EC50,'=',155.2,nM,1
CHEMBL3897340,O=C(O)c1cccc(CN2CCC(Nc3cc(=O)[nH]c4ccc(C(c5ccc(Cl)cc5)c5ccc(Cl)cc5)cc34)CC2)c1,EC50,'=',157.0,nM,1
CHEMBL4107544,COC(=O)[C@@H](NC(=O)c1cnc(C2CC2)c(OCC2CC2)n1)C(C)(C)C,EC50,'=',157.4,nM,1
CHEMBL4455123,CC(=O)c1ccc2c(C(CC(F)(F)F)c3cccs3)c(-c3ccccc3)[nH]c2c1,EC50,'=',158.0,nM,1
CHEMBL523550,Cc1c(C(=O)NN2CC3CCCC3C2)nn(-c2ccc(Cl)cc2Cl)c1-c1ccc(C#CC(C)(C)C)s1,EC50,'=',158.4,nM,1
CHEMBL1682265,O=C(O)C1CCCN1Cc1nc(-c2cn(CC3CCOCC3)c3c(Cl)cccc23)ns1,EC50,'=',158.49,nM,1
CHEMBL3347371,COc1cccc2c(C(=O)N3CCN(C)C(C)(C)C3)cn(CC3CCCCC3)c12.Cl,EC50,'=',158.49,nM,1
CHEMBL2017680,CN(CC(N)=O)Cc1nc(-c2cn(CC3CCS(=O)(=O)CC3)c3c(Cl)cccc23)ns1,EC50,'=',158.49,nM,1
CHEMBL1209575,CCN1CCN(C(=O)c2cn(CC3CCCCC3)c3c(OC)cccc23)CC1,EC50,'=',158.49,nM,1
CHEMBL1288262,CCN1CCN(C(=O)c2cn(CC3CCCCC3)c3c(OC)cccc23)CC1.O=C(O)/C=C\C(=O)O,EC50,'=',158.49,nM,1
CHEMBL3347301,CCN1CCN(C(=O)c2cn(CC3CCCCC3)c3cc(OC)ccc23)CC1.O=C(O)/C=C\C(=O)O,EC50,'=',158.49,nM,1
CHEMBL2017687,CN(CC(N)=O)Cc1nc(-c2cn(CC3CCS(=O)(=O)CC3)c3c(Cl)cccc23)no1,EC50,'=',158.49,nM,1
CHEMBL3965830,O=C(O)c1ccc(S(=O)(=O)N2CCC(Nc3cc(=O)[nH]c4ccc(C(c5ccc(Cl)cc5)c5ccc(Cl)cc5)cc34)CC2)cc1,EC50,'=',159.0,nM,1
CHEMBL4277974,O=c1cc(/C=C/c2ccccc2)c2cc(C(c3ccc(Cl)cc3)n3ccnc3)ccc2[nH]1,EC50,'=',165.0,nM,1
CHEMBL3966532,NC(=O)[C@@H]1CC(F)(F)CN1C(=O)c1ccc(C2CC2)c(Cc2ccc(F)cc2)n1,EC50,'=',167.3,nM,1
CHEMBL3943326,O=c1cc(NCc2ccc(C(F)(F)F)cn2)c2cc(C(c3ccc(Cl)cc3)c3ccc(Cl)cc3)ccc2[nH]1,EC50,'=',168.0,nM,1
CHEMBL3936029,Clc1ccc(C(c2ccc3nccc(/C=C/c4ccccc4)c3c2)c2cscn2)cc1,EC50,'=',169.0,nM,1
CHEMBL3915486,Cn1c(=O)cc(CCc2cccc(Cl)c2)c2cc(C(c3ccc(Cl)cc3)c3nccs3)ccc21,EC50,'=',169.0,nM,1
CHEMBL2316408,O=C(NCC1CCC1)c1ncccc1NC(=O)c1ccc(Cn2cccc2)c2ccccc12,EC50,'=',170.0,nM,1
CHEMBL4790905,CCCCCn1nc(C(=O)NC(C)(C)CO)cc1C(C)C,EC50,'=',170.6,nM,1
CHEMBL2029738,CN(CCCC(=O)NCCO)C(=O)c1ccc2c(c1)c1c(n2C)CC[C@@H](C2CCOCC2)C1,EC50,'=',173.0,nM,1
CHEMBL4553060,N#Cc1ccc2c(C(CC(F)(F)F)c3cccs3)c(-c3ccccc3)[nH]c2c1,EC50,'=',177.0,nM,1
CHEMBL4089341,CCCCn1cc(C(=O)c2ccccc2OC)c2ccccc21,EC50,'=',178.0,nM,1
CHEMBL489645,CC1CN(C(=O)C2CCCCC2)CCN1S(=O)(=O)c1cccc2ccccc12,EC50,'=',180.0,nM,1
CHEMBL4578936,CCCCCn1cc(C(=O)NC23CC4CC(CC(C4)C2)C3)c2ncccc21,EC50,'=',180.0,nM,1
CHEMBL2316407,CN(C)Cc1ccc(C(=O)Nc2cccnc2C(=O)NCC2CCC2)c2ccccc12,EC50,'=',180.0,nM,1
CHEMBL3937198,Cc1nc([C@@](C)(NC(=O)c2ccc(C3CC3)c(OCC3CC3)n2)C2CC2)no1,EC50,'=',181.0,nM,1
CHEMBL4783221,CCCCCn1nc(C(=O)NC(C)(C)CO)cc1C(F)(F)F,EC50,'=',187.5,nM,1
CHEMBL3936627,Cc1nc(C(C)(NC(=O)c2cc(OCC(F)(F)F)c(N3CCC(F)(F)C3)cn2)C2CC2)no1,EC50,'=',190.0,nM,1
CHEMBL3942094,Cc1nc(C(C)(CS(C)(=O)=O)NC(=O)c2cc(O[C@@H](C)C(F)(F)F)c(Cl)cn2)no1,EC50,'=',190.0,nM,1
CHEMBL4546256,O=[N+]([O-])CC(c1ccccc1)c1c(-c2ccccc2)[nH]c2ccc(F)cc12,EC50,'=',191.0,nM,1
CHEMBL4758945,O=[N+]([O-])CC(c1nccs1)c1c(-c2ccccc2)[nH]c2ccccc12,EC50,'=',192.0,nM,1
CHEMBL4791274,CCCCCn1nc(C(=O)NC(C)(C)CO)c(N)c1C(C)(C)C,EC50,'=',195.3,nM,1
CHEMBL3941296,Cc1nc([C@](C)(CC2CC2)NC(=O)c2ccc(C3CC3)c(OCC3CC3)n2)no1,EC50,'=',199.4,nM,1
CHEMBL393224,O=C(Oc1cccc2cccnc12)c1cccc(S(=O)(=O)N2CCCCCC2)c1,EC50,'=',199.53,nM,1
CHEMBL1682276,COCC(=O)NCc1nc(-c2cn(CC3CCOCC3)c3c(Cl)cccc23)no1,EC50,'=',199.53,nM,1
CHEMBL2017681,NC(=O)CN1CCN(Cc2nc(-c3cn(CC4CCS(=O)(=O)CC4)c4c(Cl)cccc34)ns2)CC1,EC50,'=',199.53,nM,1
CHEMBL1682270,COCCN(C)Cc1nc(-c2cn(CC3CCS(=O)(=O)CC3)c3c(Cl)cccc23)ns1,EC50,'=',199.53,nM,1
CHEMBL3347313,CCN1CCN(C(=O)c2cn(CC3CCCCC3)c3c(C)cccc23)CC1,EC50,'=',199.53,nM,1
CHEMBL3800421,O=C(NCCCCN1CCN(c2cccc(Cl)c2Cl)CC1)Oc1cccc2[nH]ccc12,EC50,'=',200.0,nM,1
CHEMBL4740482,CC(C)(C)c1ccc(C(C[N+](=O)[O-])c2c(-c3ccccc3)[nH]c3ccccc23)cc1,EC50,'=',203.0,nM,1
CHEMBL474601,O=C(Cn1nc(-c2ccc(Cl)cc2Cl)c(-c2ccc(Cl)cc2Cl)n1)NC1CCCCC1,EC50,'=',203.6,nM,1
CHEMBL3924707,CC(C)S(=O)(=O)N1CCC(Nc2cc(=O)[nH]c3ccc(C(c4ccc(Cl)cc4)c4nccs4)cc23)CC1,EC50,'=',204.0,nM,1
CHEMBL4114962,CNC(=O)[C@@H](NC(=O)c1ccc(C2CC2)c(OCC2CCOCC2)n1)C(C)(C)C,EC50,'=',205.9,nM,1
CHEMBL3341878,O=C(Nc1ccc(F)cc1)Nc1cccc(-c2cccc(N3CCCC3)n2)c1,EC50,'=',207.0,nM,1
CHEMBL4748364,O=[N+]([O-])CC(c1ccc[nH]1)c1c(-c2ccccc2)[nH]c2ccccc12,EC50,'=',209.0,nM,1
CHEMBL3758782,O=C(NCCc1ccc(N2CCCCC2)cc1)c1[nH]c2ccc(Cl)cc2c1CCN=C=S,EC50,'=',209.0,nM,1
CHEMBL3975486,Cc1nc(C(C)(CC2CC2)NC(=O)c2cc(O[C@@H](C)C(F)(F)F)c(C3CC3)cn2)no1,EC50,'=',210.0,nM,1
CHEMBL502263,O=C(CCc1nc(-c2ccc(F)cc2Cl)no1)Nc1nnc(N2CCCCC2)s1,EC50,'=',211.0,nM,1
CHEMBL3975021,FC(F)(F)c1ccc(/C=C/c2ccnc3ccc(C(c4ccc(Cl)cc4)c4ccc(Cl)cc4)cc23)cc1,EC50,'=',213.0,nM,1
CHEMBL515118,O=C(Cn1nc(-c2ccc(Cl)cc2)c(-c2ccc(Cl)cc2Cl)n1)NCc1ccccc1,EC50,'=',216.3,nM,1
CHEMBL3354529,CC(C)(C)c1cc(NC(=O)[C@@H]2CCCCN2Cc2ccc(Cl)cc2)no1,EC50,'=',217.0,nM,1
CHEMBL3354961,CC1(C)[C@H]2CC[C@](C)(C2)[C@H]1NC(=O)c1nn(-c2ccc(F)cc2F)c2c1C[C@H]1C[C@@H]21,EC50,'=',217.0,nM,1
CHEMBL2204892,CC1OCc2sc(NC(=O)CC(C)(C)C)c(C(=O)N3CC(F)(F)C3)c21,EC50,'=',217.0,nM,1
CHEMBL3964712,NC(=O)CCCOc1ccc(Nc2cc(=O)[nH]c3ccc(C(c4ccc(Cl)cc4)c4ccc(Cl)cc4)cc23)cc1,EC50,'=',219.0,nM,1
CHEMBL3930324,O=C(O)CC(=O)N1CCC(Nc2cc(=O)[nH]c3ccc(C(c4ccc(Cl)cc4)c4ccc(Cl)cc4)cc23)CC1,EC50,'=',220.0,nM,1
CHEMBL499065,Fc1ccc(-c2noc(CCCNc3cnc4ccc(Cl)cc4c3)n2)c(Cl)c1,EC50,'=',220.0,nM,1
CHEMBL5081506,O=[N+]([O-])CC(c1ccccc1)c1c(-c2ccc[nH]2)[nH]c2ccccc12,EC50,'=',220.0,nM,1
CHEMBL4788031,CCCCCn1nc(C(=O)Nc2ccncc2)cc1C(C)(C)C,EC50,'=',220.5,nM,1
CHEMBL3890048,OC(c1ccc(Cl)cc1)(c1ccsc1)c1ccc2nccc(/C=C/c3ccccc3)c2c1,EC50,'=',223.4,nM,1
CHEMBL3906690,O=C(c1ccc(Nc2cc(=O)[nH]c3ccc(C(c4ccc(Cl)cc4)c4ccc(Cl)cc4)cc23)cc1F)N1CCCC1,EC50,'=',227.0,nM,1
CHEMBL3902884,COCCn1c(=O)cc(NC2CCN(S(=O)(=O)C(F)(F)F)CC2)c2cc(C(c3ccc(Cl)cc3)c3ccc(Cl)cc3)ccc21,EC50,'=',228.0,nM,1
CHEMBL3900957,O=c1cc(N[C@H]2CCN(S(=O)(=O)C(F)(F)F)C2)c2cc(C(c3ccc(Cl)cc3)c3nccs3)ccc2[nH]1,EC50,'=',230.0,nM,1
CHEMBL2071069,Cc1c(C(=O)NCCc2ccc(N3CCCCC3)cc2)[nH]c2ccc(Cl)cc12,EC50,'=',230.0,nM,1
CHEMBL2348472,CC1(C)Oc2cc(C34CC5CC(CC(C5)C3)C4)cc(O)c2[C@@H]2CC(CO)=CC[C@H]21,EC50,'=',230.0,nM,1
CHEMBL4469368,O=[N+]([O-])CC(c1ccc(F)cc1)c1c(-c2cccc(F)c2)[nH]c2c(F)cccc12,EC50,'=',230.0,nM,1
CHEMBL3982424,CNC(=O)[C@H](CC(C)C)NC(=O)c1ccc(C2CC2)c(OCC2CC2)n1,EC50,'=',230.6,nM,1
CHEMBL4473677,COC(=O)[C@@H](NC(=O)c1cn(CCCCCO)c2ncccc12)C(C)(C)C,EC50,'=',234.0,nM,1
CHEMBL3894212,CCOC(=O)C(CC)(CC)NC(=O)c1ccc(N2CCCC2)c(OCC2CC2)n1,EC50,'=',234.3,nM,1
CHEMBL482152,O=C(Cn1nc(-c2ccc(Cl)cc2)c(-c2ccc(Cl)cc2Cl)n1)NCc1ccc(F)cc1,EC50,'=',235.2,nM,1
CHEMBL4113852,Cc1nc([C@](C)(NC(=O)c2ccc(C3CC3)c(S(=O)(=O)CC(C)C)n2)C2CC2)no1,EC50,'=',240.3,nM,1
CHEMBL3971927,O=C(O)CCC(=O)N1CCC(Nc2cc(=O)[nH]c3ccc(C(c4ccc(Cl)cc4)c4ccc(Cl)cc4)cc23)CC1,EC50,'=',242.0,nM,1
CHEMBL2205580,CC(C)(C)CC(=O)Nc1sc2c(c1C(=O)NCC1CC1)C(C)(C)CC2,EC50,'=',243.0,nM,1
CHEMBL4763788,O=[N+]([O-])CC(c1ccco1)c1c(-c2ccccc2)[nH]c2ccccc12,EC50,'=',245.0,nM,1
CHEMBL3235059,CC(C)(C)c1cc(NC(=O)[C@@H]2CCCCN2c2ccc(C(F)(F)F)cn2)no1,EC50,'=',250.0,nM,1
CHEMBL3907911,O=C(O)c1ccc(S(=O)(=O)N2CCC(Nc3cc(=O)[nH]c4ccc(C(c5ccc(Cl)cc5)c5ccc(Cl)cc5)cc34)CC2)o1,EC50,'=',251.0,nM,1
CHEMBL2205596,O=C(Nc1sc2c(c1C(=O)N1CCC(F)(F)CC1)CCOC2)c1c(F)cccc1C(F)(F)F,EC50,'=',251.0,nM,1
CHEMBL2205621,O=C(Nc1sc2c(c1C(=O)N1CCOCC1)CCCC2)c1ccccc1Cl,EC50,'=',251.0,nM,1
CHEMBL3347284,CCN1CCN(C(=O)c2cn(CC3CCCCC3)c3cc(F)ccc23)CC1.Cl,EC50,'=',251.19,nM,1
CHEMBL1762810,COC1CCN(Cc2csc(-c3cn(CC4CCOCC4)c4c(Cl)cccc34)n2)CC1,EC50,'=',251.19,nM,1
CHEMBL1682274,CN(Cc1nc(-c2cn(CC3CCOCC3)c3c(Cl)cccc23)no1)[C@@H](CO)C(N)=O,EC50,'=',251.19,nM,1
CHEMBL3347356,CCN1CCN(C(=O)c2cn(CC3CCCCC3)c3cccc(F)c23)CC1.Cl,EC50,'=',251.19,nM,1
CHEMBL3400948,O=C(Nc1cc(C(F)(F)F)on1)N1CCCN(C(=O)c2ccc(C(F)(F)F)cn2)CC1,EC50,'=',253.0,nM,1
CHEMBL3906870,O=C(N1CC=C(c2cc(=O)[nH]c3ccc(C(c4ccc(Cl)cc4)c4ccc(Cl)cc4)cc23)CC1)C(F)(F)F,EC50,'=',254.0,nM,1
CHEMBL3978508,CCC(CC)(NC(=O)c1cnc(C2CC2)c(OCC2CC2)n1)C(=O)OC,EC50,'=',254.8,nM,1
CHEMBL482308,O=C(Cn1nc(-c2ccc(Cl)cc2)c(-c2ccc(Cl)cc2Cl)n1)NCc1ccccc1F,EC50,'=',256.1,nM,1
CHEMBL2316390,O=C(NCC1CCCCC1)c1cc(Cl)ccc1NC(=O)c1cccc2ccccc12,EC50,'=',260.0,nM,1
CHEMBL4108357,Cc1nc([C@H](NC(=O)c2cccc(-c3ccc(F)c(Cl)c3)n2)C2CC2)no1,EC50,'=',260.0,nM,1
CHEMBL4540944,O=[N+]([O-])CC(c1ccccn1)c1c(-c2ccccc2)[nH]c2ccccc12,EC50,'=',260.0,nM,1
CHEMBL4278106,O=c1cc(NC2CCN(S(=O)(=O)C(F)(F)F)CC2)c2cc(Cc3ccc(Cl)cc3)ccc2[nH]1,EC50,'=',260.0,nM,1
CHEMBL2316110,CS(=O)(=O)Cc1ccc(C(=O)Nc2cccnc2C(=O)NCC2CCC2)c2ccccc12,EC50,'=',260.0,nM,1
CHEMBL4748133,Cc1ccc2c(C(C[N+](=O)[O-])c3ncco3)c(-c3ccccc3)[nH]c2c1,EC50,'=',261.0,nM,1
CHEMBL523084,CCCCCN1C(=O)/C(=N\NC(=O)c2ccccc2)c2ccc(OC)cc21,EC50,'=',263.0,nM,1
CHEMBL3952053,CN(C(=O)c1ccc(C2CC2)c(Cc2ccc(F)cc2)n1)C(C)(C)C,EC50,'=',268.1,nM,1
CHEMBL3971953,O=C(O)c1cccc(S(=O)(=O)N2CCC(Nc3cc(=O)[nH]c4ccc(C(c5ccc(Cl)cc5)c5ccc(Cl)cc5)cc34)CC2)c1,EC50,'=',269.0,nM,1
CHEMBL3798211,Cl.NC(=O)c1ccc(OC(=O)NCCCCN2CCN(c3cccc(Cl)c3Cl)CC2)c2ccccc12,EC50,'=',270.0,nM,1
CHEMBL4470555,O=[N+]([O-])CC(c1ccc(F)cc1)c1c(-c2ccccc2)[nH]c2c(F)cccc12,EC50,'=',270.0,nM,1
CHEMBL4789826,CCCCCn1nc(C(=O)NC23CC4CC(CC(C4)C2)C3)cc1C(C)(C)C,EC50,'=',270.6,nM,1
CHEMBL4472398,O=[N+]([O-])CC(c1cccs1)c1c(-c2ccccc2)[nH]c2cc(C(F)(F)F)ccc12,EC50,'=',284.0,nM,1
CHEMBL3979393,O=c1cc(NC2CCN(S(=O)(=O)C(F)(F)F)CC2)c2cc(C(c3ccc(Cl)cc3)N3CCN(c4ccccc4)CC3)ccc2[nH]1,EC50,'=',290.0,nM,1
CHEMBL2029899,CONC(=O)CCCN(C)C(=O)c1ccc2c(c1)c1c(n2C)CC[C@@H](C2CCOCC2)C1,EC50,'=',291.0,nM,1
CHEMBL3910469,CCN(C(=O)c1ccc(N2CC(F)(F)C2)c(OCC2CC2)n1)C(C)(C)C,EC50,'=',292.3,nM,1
CHEMBL3975228,O=C(O)c1ccc(CN2CCC(Nc3cc(=O)[nH]c4ccc(C(c5ccc(Cl)cc5)c5ccc(Cl)cc5)cc34)CC2)s1,EC50,'=',293.0,nM,1
CHEMBL524158,Cc1c(C(=O)NN2CC3CCCC3C2)nn(-c2ccc(Cl)cc2Cl)c1-c1ccc(C#CC2CCCCC2)s1,EC50,'=',293.6,nM,1
CHEMBL3354955,O=C(NC1(CO)CCCC1)c1nn(-c2ccc(F)cc2F)c2c1C[C@H]1C[C@@H]21,EC50,'=',297.0,nM,1
CHEMBL3910633,Cc1ccc(Nc2cc(=O)[nH]c3ccc(C(c4ccc(Cl)cc4)c4ccc(Cl)cc4)cc23)cn1,EC50,'=',300.0,nM,1
CHEMBL489450,O=C(C1CCCCC1)N1C2CCC1CN(S(=O)(=O)c1cccc3ccccc13)C2,EC50,'=',300.0,nM,1
CHEMBL4435270,FC(F)(F)CC(c1cccs1)c1c(C2CCCC2)[nH]c2cc(C(F)(F)F)ccc12,EC50,'=',301.0,nM,1
CHEMBL3952585,NC(=O)CCC(=O)N1CCC(Nc2cc(=O)[nH]c3ccc(C(c4ccc(Cl)cc4)c4ccc(Cl)cc4)cc23)CC1,EC50,'=',302.0,nM,1
CHEMBL4757334,O=C(O)c1cccc(CN2CCC(Nc3cnnc4ccc(C(c5ccc(Cl)cc5)c5ccc(Cl)cc5)cc34)CC2)c1,EC50,'=',302.0,nM,1
CHEMBL3353862,CC(C)(C)c1cc(NC(=O)[C@@H]2CCCN2c2ccc(C(F)(F)F)cc2)no1,EC50,'=',307.0,nM,1
CHEMBL3909299,Cc1nc(C(C)(CC2CC2)NC(=O)c2cc(O[C@@H](C)C(F)(F)F)c(C3CCC3)cn2)no1,EC50,'=',310.0,nM,1
CHEMBL3798372,Cl.O=C(NCCCCN1CCN(c2cccc(Cl)c2Cl)CC1)Oc1cccc2c1OCCO2,EC50,'=',310.0,nM,1
CHEMBL3970742,O=C(O)CCCNc1cc(C(c2ccc(Cl)cc2)c2ccc(Cl)cc2)cc2c(NC3CCN(S(=O)(=O)C(F)(F)F)CC3)cc(=O)[nH]c12,EC50,'=',310.0,nM,1
CHEMBL4108496,CNC(=O)[C@@H](NC(=O)c1ccc(C2CC2)c(OCC2CC2)n1)C(C)(C)C,EC50,'=',312.6,nM,1
CHEMBL504754,CCCCCN1C(=O)/C(=N\NC(=O)c2ccccc2)c2ccccc21,EC50,'=',314.1,nM,1
CHEMBL3347320,CCN1CCN(C(=O)c2cn(CC3CCCC3)c3c(OC)cccc23)CC1.Cl,EC50,'=',316.23,nM,1
CHEMBL3347293,Cc1ccc2c(C(=O)N3CCN(C)CC3)cn(CC3CCCCC3)c2c1,EC50,'=',316.23,nM,1
CHEMBL3347355,CCN1CCN(C(=O)c2cn(CC3CCCCC3)c3ccccc23)CC1.O=C(O)C(F)(F)F,EC50,'=',316.23,nM,1
CHEMBL1288205,COc1cccc2c(C(=O)N3C[C@H]4CCCN4C[C@H]3CC(C)C)cn(CC3CCCCC3)c12,EC50,'=',316.23,nM,1
CHEMBL466305,Cc1c(C(=O)NN2CCCCC2)nn(-c2ccc(Cl)cc2Cl)c1-c1ccc(I)s1,EC50,'=',320.0,nM,1
CHEMBL401610,CC(C)(C)c1nc2cc(S(=O)(=O)CCCC(F)(F)F)ccc2n1CC1CCOCC1,EC50,'=',320.0,nM,1
CHEMBL1644742,COc1ccc(F)c(-c2c[nH]c(-c3cccc(CN4CCCCC4)c3)n2)c1,EC50,'=',320.0,nM,1
CHEMBL1950933,CC(C)(C)c1nc2cc(S(=O)(=O)c3nccs3)ccc2n1CC1CCN(C=O)CC1,EC50,'=',321.0,nM,1
CHEMBL3958774,O=c1cc(N2CCN(S(=O)(=O)C(F)(F)F)CC2)c2cc(C(c3ccc(Cl)cc3)c3nccs3)ccc2[nH]1,EC50,'=',322.0,nM,1
CHEMBL4292183,O=c1cc(NN2CCN(S(=O)(=O)C(F)(F)F)CC2)c2cc(C(c3ccc(Cl)cc3)c3nccs3)ccc2[nH]1,EC50,'=',322.0,nM,1
CHEMBL4541222,FC(F)(F)CC(c1cccs1)c1c(-c2ccccc2)[nH]c2cc(C(F)(F)F)ccc12,EC50,'=',322.0,nM,1
CHEMBL466821,Cc1ccc(-c2cncc(NC(=O)C(C)(C)S(=O)(=O)c3ccc(Cl)cc3)c2)s1,EC50,'=',322.0,nM,1
CHEMBL3911075,CCC(CC)(NC(=O)c1ccc(C2CC2)c(OCC[C@H](O)C(F)(F)F)n1)C(=O)NC,EC50,'=',322.7,nM,1
CHEMBL3960295,COc1ccc(C(c2ccc3nccc(/C=C/c4ccccc4)c3c2)c2nccs2)cc1,EC50,'=',326.0,nM,1
CHEMBL499628,CCn1c2ccccc2c2cc(NC(=O)CCc3nc(-c4ccc(F)cc4)no3)ccc21,EC50,'=',330.0,nM,1
CHEMBL3918668,Cc1nc([C@](C)(CC(C)(C)C)NC(=O)c2cc(OCC(F)(F)F)c(C3CC3)cn2)no1,EC50,'=',330.0,nM,1
CHEMBL3798504,Cl.O=C(NCCCCN1CCN(c2cccc(Cl)c2Cl)CC1)Oc1ccc(C(=O)O)c2ccccc12,EC50,'=',330.0,nM,1
CHEMBL3982394,O=c1cc(/C=C/c2cccc(C(F)(F)F)c2)c2cc(C(c3ccc(Cl)cc3)c3cccs3)ccc2[nH]1,EC50,'=',333.0,nM,1
CHEMBL2204902,CC(C)(C)CC(=O)Nc1sc2c(c1C(=O)N1CC(F)(F)C1)CCCC2,EC50,'=',336.0,nM,1
CHEMBL3935837,Cc1nc(C(C)(C)NC(=O)c2cccc(-c3ccc(F)c(Cl)c3)n2)no1,EC50,'=',336.9,nM,1
CHEMBL3921148,O=S(=O)(N1CCC(Nc2ccnc3c(O)cc(C(c4ccc(Cl)cc4)c4ccc(Cl)cc4)cc23)CC1)C(F)(F)F,EC50,'=',339.0,nM,1
CHEMBL3799147,Cc1ccccc1N1CCN(CCCCNC(=O)Oc2cccc3ccccc23)CC1.Cl,EC50,'=',340.0,nM,1
CHEMBL3354945,CC(C)(NC(=O)c1nn(-c2cccnc2)c2c1C[C@H]1C[C@@H]21)c1ccccc1,EC50,'=',341.0,nM,1
CHEMBL3985507,COc1ccc(C(O)(c2ccc3nccc(/C=C/c4ccccc4)c3c2)c2nccs2)cc1,EC50,'=',342.0,nM,1
CHEMBL3944149,CCOC(=O)C(CC)(CC)NC(=O)c1ccc(C2CC2)c(OCC2CC2)n1,EC50,'=',346.9,nM,1
CHEMBL495110,Cc1c(C(=O)NN2CCCCC2)nn(-c2ccc(Cl)cc2Cl)c1-c1ccc(C#CCN(C)C)s1,EC50,'=',348.8,nM,1
CHEMBL3965420,CCC(CC)(NC(=O)c1ccc(C2CC2)c(OCC2CC2)n1)C(=O)N1CCC1,EC50,'=',351.4,nM,1
CHEMBL4111528,O=C(N[C@H](c1ccccn1)C(F)(F)F)c1cccc(Cc2ccc(F)cc2)n1,EC50,'=',357.1,nM,1
CHEMBL2071060,CCc1c(C(=O)NCCc2ccc([N+](=O)[O-])cc2)[nH]c2ccc(Cl)cc12,EC50,'=',360.0,nM,1
CHEMBL4110127,CNC(=O)[C@@H](NC(=O)c1cccc(-c2cccc(F)c2)n1)C(C)(C)C,EC50,'=',361.1,nM,1
CHEMBL3933872,O=c1cc(Cc2ccc(OC(F)(F)F)cc2)c2cc(C(c3ccc(Cl)cc3)c3nccs3)ccc2[nH]1,EC50,'=',366.0,nM,1
CHEMBL2205581,COCCNC(=O)c1c(NC(=O)CC(C)(C)C)sc2c1C(C)(C)CC2,EC50,'=',368.0,nM,1
CHEMBL4109758,CNC(=O)[C@@H](NC(=O)c1ccc(Br)c(OCC2CCCO2)n1)C(C)(C)C,EC50,'=',375.2,nM,1
CHEMBL3896458,CC(C)(NC(=O)c1ccc(N2CC(F)(F)C2)c(OCC2CC2)n1)c1nccs1,EC50,'=',379.7,nM,1
CHEMBL3354944,CC(C)(NC(=O)c1nn(-c2ccccn2)c2c1C[C@H]1C[C@@H]21)c1ccccc1,EC50,'=',381.0,nM,1
CHEMBL3353864,CC(C)(C)c1cc(NC(=O)[C@@H]2CCCN2C2CCCCC2)no1,EC50,'=',390.0,nM,1
CHEMBL460565,CCn1c2ccccc2c2cc(NC(=O)C3(S(=O)(=O)c4ccccc4)CC3)ccc21,EC50,'=',390.0,nM,1
CHEMBL493068,Cc1c(C(=O)NN2CCCCC2)nn(-c2ccc(Cl)cc2Cl)c1-c1ccc(C#CCNC(C)C)s1,EC50,'=',390.1,nM,1
CHEMBL3962890,O=c1cc(/C=C/c2ccc(C(F)(F)F)cc2)c2cc(C(c3ccc(Cl)cc3)c3nccs3)ccc2[nH]1,EC50,'=',396.0,nM,1
CHEMBL1762803,Cl.Clc1cccc2c(-c3nc(CN4CCCC4)cs3)cn(CC3CCOCC3)c12,EC50,'=',398.11,nM,1
CHEMBL1682266,NC(=O)CNC(=O)[C@@H]1CCCN1Cc1nc(-c2cn(CC3CCOCC3)c3c(Cl)cccc23)ns1,EC50,'=',398.11,nM,1
CHEMBL246922,Cc1ccc(C(=O)Oc2ccccc2Br)cc1S(=O)(=O)N1CCOCC1,EC50,'=',398.11,nM,1
CHEMBL393018,COc1ccc(C(=O)Oc2cccc3cccnc23)cc1S(=O)(=O)N1CCOCC1,EC50,'=',398.11,nM,1
CHEMBL476100,O=C(CCc1nc(-c2ccc(F)cc2Cl)no1)Nc1cnc2ccccc2c1,EC50,'=',403.0,nM,1
CHEMBL3901058,CC(C)(C)OC(=O)N1CC=C(c2cc(=O)[nH]c3ccc(C(c4ccc(Cl)cc4)c4ccc(Cl)cc4)cc23)CC1,EC50,'=',403.0,nM,1
CHEMBL3341894,O=C(Nc1ccc(Cl)nc1)Nc1cccc(-c2cccc(N3CCCC3)n2)c1,EC50,'=',408.0,nM,1
CHEMBL3941906,CC1(C)COCN1C(=O)c1ccc(C2CC2)c(Cc2ccc(F)cc2)n1,EC50,'=',408.0,nM,1
CHEMBL4796005,COc1ccccc1C(C[N+](=O)[O-])c1c(-c2ccccc2)[nH]c2ccccc12,EC50,'=',411.0,nM,1
CHEMBL469040,Fc1ccc(-c2noc(C3CCN(c4cnc5ccc(OC(F)(F)F)cc5c4)CC3)n2)c(Cl)c1,EC50,'=',419.0,nM,1
CHEMBL3400937,CC(C)(C)c1cc(NC(=O)C(C)(C)S(=O)(=O)c2ccc(C(F)(F)F)cc2)no1,EC50,'=',420.0,nM,1
CHEMBL4745385,O=[N+]([O-])CC(Cc1ccccc1)c1c(-c2ccccc2)[nH]c2ccccc12,EC50,'=',420.0,nM,1
CHEMBL3400947,CC(C)(C)c1cc(NC(=O)C(C)(C)S(=O)(=O)c2ccc(C(F)(F)F)cn2)no1,EC50,'=',420.0,nM,1
CHEMBL4753297,O=[N+]([O-])CC(c1cccc(N2CCCC2)c1)c1c(-c2ccccc2)[nH]c2ccccc12,EC50,'=',423.0,nM,1
CHEMBL3948183,COc1ccc(C(c2ccc(Cl)cc2)c2ccc3[nH]c(=O)cc(/C=C/c4ccccc4)c3c2)cc1,EC50,'=',426.0,nM,1
CHEMBL3946121,Cc1nc(C(C)(CS(C)(=O)=O)NC(=O)c2cc(O[C@@H](C)C(F)(F)F)c(C3CCC3)cn2)no1,EC50,'=',430.0,nM,1
CHEMBL3977410,O=C(O)c1ccc(C(=O)N2CCC(Nc3cc(=O)[nH]c4ccc(C(c5ccc(Cl)cc5)c5ccc(Cl)cc5)cc34)CC2)cc1,EC50,'=',438.0,nM,1
CHEMBL4472304,O=[N+]([O-])CC(c1ccc(F)cc1)c1c(-c2ccccc2)[nH]c2ccccc12,EC50,'=',440.0,nM,1
CHEMBL494728,Cc1c(C(=O)NN2CCCCC2)nn(-c2ccc(Cl)cc2Cl)c1-c1ccc(C#CC2CCCCC2)s1,EC50,'=',442.4,nM,1
CHEMBL3968062,Cc1ccc(/C=C/c2cc(=O)[nH]c3ccc(C(c4ccc(Cl)cc4)c4cccs4)cc23)cc1,EC50,'=',443.0,nM,1
CHEMBL4464444,O=[N+]([O-])CC(c1ccccc1)c1c(-c2ccccc2)[nH]c2cnccc12,EC50,'=',450.0,nM,1
CHEMBL4741946,O=S(=O)(N1CCC(Nc2cnnc3ccc(C(O)(c4ccc(Cl)cc4)c4ccc(Cl)cc4)cc23)CC1)C(F)(F)F,EC50,'=',455.0,nM,1
CHEMBL4277164,COCCOCCOCCOCCOCCOCCOCCOc1cc(NC2CCN(S(=O)(=O)C(F)(F)F)CC2)c2cc(C(c3ccc(Cl)cc3)c3ccc(Cl)cc3)ccc2n1,EC50,'=',457.0,nM,1
CHEMBL515205,CCCCCCN1C(=O)/C(=N\NC(=O)Cc2ccccc2)c2ccccc21,EC50,'=',459.0,nM,1
CHEMBL4533821,O=[N+]([O-])CC(c1cccs1)c1c(-c2ccccc2)[nH]c2cc(Cl)ccc12,EC50,'=',462.0,nM,1
CHEMBL4539919,CC(C)(NC(=O)c1cn(CCCCCO)c2ncccc12)c1ccccc1,EC50,'=',466.0,nM,1
CHEMBL2071064,CCc1c(C(=O)NCCc2ccc(C)cc2)[nH]c2ccc(Cl)cc12,EC50,'=',470.0,nM,1
CHEMBL525019,Fc1ccc(-c2noc(CCCNc3ccc4ncccc4c3)n2)c(Cl)c1,EC50,'=',470.0,nM,1
CHEMBL477993,Fc1ccc(-c2noc(CCCNc3cnc4ccccc4c3)n2)c(Cl)c1,EC50,'=',472.0,nM,1
CHEMBL3972369,CCC(CC)(NC(=O)c1ccc(C2CC2)c(OCC2CCOCC2)n1)C(=O)O,EC50,'=',475.0,nM,1
CHEMBL3985919,CC(CC(N)=O)(NC(=O)c1cc(OCC(F)(F)F)c(C2(F)CCC2)cn1)C1CC1,EC50,'=',475.0,nM,1
CHEMBL4763477,O=[N+]([O-])CC(c1ccc(N2CCCCC2)cc1)c1c(-c2ccccc2)[nH]c2ccccc12,EC50,'=',476.0,nM,1
CHEMBL3893170,Cc1nc(C(C)(CS(C)(=O)=O)NC(=O)c2cc(O[C@@H](C)C(F)(F)F)c(C3CC3)cn2)no1,EC50,'=',480.0,nM,1
CHEMBL2316392,O=C(NCC1CCCCC1)c1nccnc1NC(=O)c1cccc2ccccc12,EC50,'=',480.0,nM,1
CHEMBL4779394,O=[N+]([O-])CC(c1ccc2ccccc2c1)c1c(-c2ccccc2)[nH]c2ccccc12,EC50,'=',483.0,nM,1
CHEMBL4113373,Cc1nc([C@@](C)(CC2CC2)NC(=O)c2ccc(C3CC3)c(OCC3CC3)n2)no1,EC50,'=',488.9,nM,1
CHEMBL4570371,CC(C)(C)[C@H](NC(=O)c1cn(CCCCCO)c2ncccc12)C(N)=O,EC50,'=',489.78,nM,1
CHEMBL4783199,O=[N+]([O-])CC(c1c(-c2ccccc2)[nH]c2ccccc12)C1CCCCC1,EC50,'=',495.0,nM,1
CHEMBL3897394,O=c1cc(/C=C/c2cccc(F)c2)c2cc(C(c3ccc(Cl)cc3)c3nccs3)ccc2[nH]1,EC50,'=',497.0,nM,1
CHEMBL362679,Cn1c(C(=O)NC2CCCCC2)nc(-c2ccc(Cl)cc2)c1-c1ccc(Cl)cc1,EC50,'=',500.0,nM,1
CHEMBL3322472,Cc1c(C(=O)NCCCCCCCCNC(=O)c2ccccc2)nn(-c2ccc(Cl)cc2Cl)c1-c1ccc(Cl)cc1,EC50,'=',501.0,nM,1
CHEMBL1209711,C[C@H]1CN(C(=O)c2cn3c4c(cccc24)OC[C@H]3C2CCCCC2)CCN1,EC50,'=',501.19,nM,1
CHEMBL3347354,CN1CCN(C(=O)c2cn(CC3CCCCC3)c3ccccc23)CC1,EC50,'=',501.19,nM,1
CHEMBL1288144,COc1cccc2c(C(=O)N3C[C@H]4CCCN4C[C@@H]3C)cn(CC3CCCCC3)c12.Cl,EC50,'=',501.19,nM,1
CHEMBL2017688,NC(=O)CN1CCN(Cc2nc(-c3cn(CC4CCS(=O)(=O)CC4)c4c(Cl)cccc34)no2)CC1,EC50,'=',501.19,nM,1
CHEMBL3347385,CCN1CCN(C(=O)c2cn(CC3CCCCC3)c3ccc(F)cc23)CC1.Cl,EC50,'=',501.19,nM,1
CHEMBL3347311,CCN1CCN(C(=O)c2cn(CC3CCCCC3)c3c(Cl)cccc23)CC1.Cl,EC50,'=',501.19,nM,1
CHEMBL4540646,O=[N+]([O-])CC(c1ccncc1)c1c(-c2ccccc2)[nH]c2ccccc12,EC50,'=',510.0,nM,1
CHEMBL511726,CCc1c(C(=O)NN2CCCCC2)nn(-c2ccc(Cl)cc2Cl)c1-c1ccc(Br)s1,EC50,'=',510.0,nM,1
CHEMBL3092892,COCCn1c(-c2ccccc2Cl)nc2c(N3CCN(C(C)=O)CC3)nc(C)nc21.Cl,EC50,'=',512.0,nM,1
CHEMBL4798220,O=[N+]([O-])CC(c1ccoc1)c1c(-c2ccccc2)[nH]c2ccccc12,EC50,'=',513.0,nM,1
CHEMBL3892333,CC(C)(C)C(NC(=O)c1ccc(C2CC2)c(OCC2CC2)n1)C(N)=O,EC50,'=',514.2,nM,1
CHEMBL3929723,CCOC(=O)C(CC)(CC)NC(=O)c1ccc(C(F)(F)F)c(OCC2CCCO2)n1,EC50,'=',518.4,nM,1
CHEMBL2205618,O=C(Nc1sc2c(c1C(=O)NCC1CC1)CCOC2)c1ccccc1OC(F)(F)F,EC50,'=',519.0,nM,1
CHEMBL3969812,O=c1cc(NC2CCN(S(=O)(=O)C(F)(F)F)CC2)c2cc(C(O)(c3ccc(F)cc3)c3ccc(Cl)cc3)ccc2[nH]1,EC50,'=',530.0,nM,1
CHEMBL4757699,Cn1ccnc1C(C[N+](=O)[O-])c1c(-c2ccccc2)[nH]c2ccccc12,EC50,'=',533.0,nM,1
CHEMBL466520,CCc1c(C(=O)NN2CCCCC2)nn(-c2ccc(Cl)cc2Cl)c1-c1ccc(Cl)s1,EC50,'=',540.0,nM,1
CHEMBL5094412,O=[N+]([O-])CC(c1ccccc1)c1c(-c2cc3ccccc3o2)[nH]c2ccccc12,EC50,'=',550.0,nM,1
CHEMBL4796650,O=[N+]([O-])CC(c1ccccc1C(F)(F)F)c1c(-c2ccccc2)[nH]c2ccccc12,EC50,'=',557.0,nM,1
CHEMBL3590633,CCCCN1C(=O)/C(=C/NC(C)(C)CO)C(=O)c2cccc(C)c21,EC50,'=',557.0,nM,1
CHEMBL3900719,Cc1ccc(C(=O)NC(C)(C)c2nccs2)nc1OCC1CC1,EC50,'=',560.8,nM,1
CHEMBL4170268,CCCc1cc(O)c2c(c1)OC(C)(C)c1ccc(C)cc1-2,EC50,'=',565.0,nM,1
CHEMBL4748794,O=[N+]([O-])CC(c1c(Cl)cccc1Cl)c1c(-c2ccccc2)[nH]c2ccccc12,EC50,'=',571.0,nM,1
CHEMBL523603,O=C(C1CCCCC1)N1CCN(S(=O)(=O)c2cccc3ccccc23)CC1c1ccccc1,EC50,'=',600.0,nM,1
CHEMBL469006,c1ccc2ncc(N3CCC(c4nc(C5CCCCC5)no4)CC3)cc2c1,EC50,'=',600.0,nM,1
CHEMBL3354535,CC(C)(C)c1cc(NC(=O)[C@@H]2CCCCN2CC2CCOCC2)no1,EC50,'=',600.0,nM,1
CHEMBL3917096,CCC(CC)(NC(=O)c1ccc(C(F)(F)F)c(OCC2CCCO2)n1)C(=O)N(C)C,EC50,'=',601.9,nM,1
CHEMBL3977484,CNC(=O)[C@H](CC(C)(C)C)NC(=O)c1ccc(C2CC2)c(OCC(F)(F)C(F)(F)F)n1,EC50,'=',603.2,nM,1
CHEMBL3946529,O=c1cc(NC2CCNCC2)c2cc(C(c3ccc(Cl)cc3)c3nccs3)ccc2[nH]1,EC50,'=',604.0,nM,1
CHEMBL524826,CC(C)(C)c1ncc(OCCCc2nc(-c3ccc(F)cc3Cl)no2)cn1,EC50,'=',610.0,nM,1
CHEMBL3895950,Cc1nc(C(C)(C)NC(=O)c2ccc(C3CC3)c(OCC3CCOCC3)n2)no1,EC50,'=',615.1,nM,1
CHEMBL4777879,O=[N+]([O-])CC(c1ccc(N2CCCC2)cc1)c1c(-c2ccccc2)[nH]c2ccccc12,EC50,'=',618.0,nM,1
CHEMBL3976803,NCCCCNc1cc(C(c2ccc(Cl)cc2)c2ccc(Cl)cc2)cc2c(NC3CCN(S(=O)(=O)C(F)(F)F)CC3)cc(=O)[nH]c12,EC50,'=',625.0,nM,1
CHEMBL4087526,N#CCCCn1cc(C(=O)NC23CC4CC(CC(C4)C2)C3)c2ccccc21,EC50,'=',630.0,nM,1
CHEMBL247332,O=C(Oc1cccc2cccnc12)c1cccc(S(=O)(=O)N2CCCC2)c1,EC50,'=',630.96,nM,1
CHEMBL1762801,Fc1cccc2c(-c3nc(CN4CCCC4)cs3)cn(CC3CCOCC3)c12,EC50,'=',630.96,nM,1
CHEMBL1288175,COc1cccc2c(C(=O)N3C[C@H]4CCCN4CC3(C)C)cn(CC3CCCCC3)c12,EC50,'=',630.96,nM,1
CHEMBL3347344,CCN1CCN(C(=O)c2cn(CC3CCCCC3)c3c(OC)cccc23)C[C@H]1C.Cl,EC50,'=',630.96,nM,1
CHEMBL456535,O=C(N/N=C1\C(=O)N(Cc2ccccc2)c2ccccc21)c1ccccc1,EC50,'=',630.96,nM,1
CHEMBL2017686,COc1cccc2c(-c3noc(CN4CCC(C(=O)NCCO)CC4)n3)cn(CC3CCOCC3)c12,EC50,'=',630.96,nM,1
CHEMBL245891,O=C(Nc1ccc(Cl)c(S(=O)(=O)N2CCOCC2)c1)c1ccccc1,EC50,'=',630.96,nM,1
CHEMBL2017674,CN(CC(N)=O)Cc1nc(-c2cn(CC3CCOCC3)c3c(Cl)cccc23)ns1,EC50,'=',630.96,nM,1
CHEMBL3976410,O=C(NC(c1ccccn1)C(F)(F)F)c1ccc(N2CC(F)(F)C2)c(OCC2CC2)n1,EC50,'=',647.5,nM,1
CHEMBL4449536,O=C(NC12CC3CC(CC(C3)C1)C2)c1cc2cccnc2n1CCN1CCOCC1,EC50,'=',650.0,nM,1
CHEMBL3943206,O=C(NC(c1ccccn1)C(F)(F)F)c1ccc(C2CC2)c(OCC2CCOCC2)n1,EC50,'=',655.0,nM,1
CHEMBL4110573,CC(C)(C)OC(=O)N1CC[C@@H](Nc2cc(=O)[nH]c3ccc(C(c4ccc(Cl)cc4)c4nccs4)cc23)C1,EC50,'=',657.0,nM,1
CHEMBL3322475,Cc1c(C(=O)NCCCCNCc2ccccc2)nn(-c2ccc(Cl)cc2Cl)c1-c1ccc(Cl)cc1,EC50,'=',660.69,nM,1
CHEMBL4112673,CNC(=O)[C@@H](NC(=O)c1cc(OCC(F)(F)F)c(C2CC2)cn1)C(C)(C)C,EC50,'=',660.7,nM,1
CHEMBL4754676,Cc1cccc(C(C[N+](=O)[O-])c2c(-c3ccccc3)[nH]c3ccccc23)c1,EC50,'=',662.0,nM,1
CHEMBL3341759,CN(C)c1cccc(-c2cccc(NC(=O)Nc3ccc(Cl)cc3)c2)n1,EC50,'=',663.0,nM,1
CHEMBL4780116,COc1cccc(C(C[N+](=O)[O-])c2c(-c3ccccc3)[nH]c3ccccc23)c1,EC50,'=',664.0,nM,1
CHEMBL1644687,Brc1cccc(-c2c[nH]c(-c3cccc(CN4CCOCC4)c3)n2)c1,EC50,'=',665.0,nM,1
CHEMBL500670,CC(C)(C)c1cc(NCCCc2nc(-c3ccc(F)cc3Cl)no2)no1,EC50,'=',670.0,nM,1
CHEMBL3946782,NC(=O)[C@H](CC1CC1)NC(=O)c1ccc(N(CC(F)(F)F)CC(F)(F)F)c(OCC2CC2)n1,EC50,'=',674.1,nM,1
CHEMBL3901105,CC(C)C[C@H](NC(=O)c1ccc(C2CC2)c(OCC2CC2)n1)C(=O)N(C)C,EC50,'=',678.1,nM,1
CHEMBL3758973,O=C(Nc1ccc(C(=O)c2ccccc2)cc1)Nc1cccc(-c2cccc(N3CCCC3)n2)c1,EC50,'=',683.0,nM,1
CHEMBL466312,Cc1c(C(=O)NN2CCOCC2)nn(-c2ccc(Cl)cc2Cl)c1-c1ccc(Cl)s1,EC50,'=',690.0,nM,1
CHEMBL3930614,O=c1cc(/C=C/c2cccc(F)c2)c2cc(C(c3ccc(Cl)cc3)c3ccc(Cl)cc3)ccc2[nH]1,EC50,'=',702.0,nM,1
CHEMBL3939087,CC(C)C[C@H](NC(=O)c1ccc(C2CCOC2)c(OCC2CC2)n1)C(N)=O,EC50,'=',703.2,nM,1
CHEMBL3973300,CC(C)(NC(=O)c1ccc(C2CC2)c(OCC2CC2)n1)c1ccccn1,EC50,'=',703.4,nM,1
CHEMBL4448480,O=[N+]([O-])CC(c1ccccc1)c1c(-c2ccccc2F)[nH]c2ccccc12,EC50,'=',710.0,nM,1
CHEMBL477797,CC1(C)CCCc2cc(N3CCC(c4nc(-c5ccc(F)cc5Cl)no4)CC3)cnc21,EC50,'=',722.0,nM,1
CHEMBL4483407,O=[N+]([O-])CC(c1cccc(F)c1)c1c(-c2ccccc2)[nH]c2ccccc12,EC50,'=',728.0,nM,1
CHEMBL4112489,CNC(=O)[C@@H](NC(=O)c1cccc(-c2ccccc2)n1)C(C)(C)C,EC50,'=',737.2,nM,1
CHEMBL3936370,Cc1nc(C(C)(C)NC(=O)c2ccc3c(n2)CC(C)(C)CC3)no1,EC50,'=',739.2,nM,1
CHEMBL3896898,O=c1cc(/C=C/c2ccc(C(F)(F)F)cc2)c2cc(C(c3ccc(Cl)cc3)c3ccc(Cl)s3)ccc2[nH]1,EC50,'=',759.0,nM,1
CHEMBL2071065,CCc1c(C(=O)NCCc2ccc(Cl)cc2)[nH]c2ccc(Cl)cc12,EC50,'=',760.0,nM,1
CHEMBL3322471,Cc1c(C(=O)NCCCCNC(=O)c2ccccc2)nn(-c2ccc(Cl)cc2Cl)c1-c1ccc(Cl)cc1,EC50,'=',776.0,nM,1
CHEMBL5083452,O=[N+]([O-])CC(c1ccccc1)c1c(-c2nccs2)[nH]c2ccccc12,EC50,'=',790.0,nM,1
CHEMBL3936122,Cc1nc(C(C)(CC2CC2)NC(=O)c2cc(OCC(F)(F)F)c(C3CCC3)cn2)no1,EC50,'=',790.0,nM,1
CHEMBL427873,O=C(Nc1ccc(Cl)c(S(=O)(=O)N2CCOCC2)c1)c1cccc2ccccc12,EC50,'=',794.33,nM,1
CHEMBL3347312,CCN1CCN(C(=O)c2cn(CC3CCCCC3)c3c(Br)cccc23)CC1.Cl,EC50,'=',794.33,nM,1
CHEMBL3347329,CCN1CCN(C(=O)c2cn(CC3CCCCCC3)c3c(OC)cccc23)CC1.Cl,EC50,'=',794.33,nM,1
CHEMBL1209805,C[C@@H]1CNC[C@H](C)N1C(=O)c1cn2c3c(cccc13)OC[C@H]2C1CCCCC1,EC50,'=',794.33,nM,1
CHEMBL1682263,CC(=O)N[C@@H]1CCN(Cc2nc(-c3cn(CC4CCOCC4)c4c(Cl)cccc34)ns2)C1,EC50,'=',794.33,nM,1
CHEMBL466122,Cc1c(C(=O)NN2CC3CCCC3C2)nn(-c2ccc(Cl)cc2Cl)c1-c1ccc(Cl)s1,EC50,'=',800.0,nM,1
CHEMBL3929434,CC(C)C[C@H](NC(=O)c1ccc(C2CC2)c(OCC2CC2)n1)C(N)=O,EC50,'=',801.3,nM,1
CHEMBL1950831,COCCOc1cc(S(=O)(=O)c2ccc3c(c2)nc(C(C)(C)C)n3CC2CCOCC2)ccn1,EC50,'=',804.0,nM,1
CHEMBL498470,Fc1ccc(-c2noc(CCCCc3ccc4ncccc4c3)n2)c(Cl)c1,EC50,'=',810.0,nM,1
CHEMBL2071070,CCc1c(C(=O)NCCc2ccc(N3CCCCC3)cc2)[nH]c2ccccc12,EC50,'=',810.0,nM,1
CHEMBL2205619,O=C(Nc1sc2c(c1C(=O)NCC1CC1)CCOC2)c1c(F)cccc1C(F)(F)F,EC50,'=',812.0,nM,1
CHEMBL4112196,O=C(N[C@H](c1ccccn1)C(F)(F)F)c1cc(OCC2CC2)c(Cl)cn1,EC50,'=',814.6,nM,1
CHEMBL3953854,CC(CF)Oc1cc(C(=O)NC(C)(CC(N)=O)C2CC2)ncc1C1CC1,EC50,'=',820.0,nM,1
CHEMBL4455212,CCCCCn1nc(C(=O)NC23CC4CC(CC(C4)C2)C3)c2cccnc21,EC50,'=',824.0,nM,1
CHEMBL3974290,O=c1cc(C2=CCN(S(=O)(=O)C(F)(F)F)CC2)c2cc(C(c3ccc(Cl)cc3)c3ccc(Cl)cc3)ccc2[nH]1,EC50,'=',827.0,nM,1
CHEMBL4108129,Cc1nc([C@@H](CC(C)C)NC(=O)c2ccc(C3CC3)c(OCC3CC3)n2)no1,EC50,'=',830.2,nM,1
CHEMBL499066,Fc1ccc(-c2noc(CCCNc3ccc4ncc(OC(F)(F)F)cc4c3)n2)c(Cl)c1,EC50,'=',850.0,nM,1
CHEMBL458492,CCCCCCN1C(=O)/C(=N\NC(=O)c2ccc(OC)cc2)c2ccccc21,EC50,'=',852.0,nM,1
CHEMBL4780783,O=[N+]([O-])CC(c1ncco1)c1c(-c2ccccc2)[nH]c2ccccc12,EC50,'=',856.0,nM,1
CHEMBL4761301,O=[N+]([O-])CC(c1cccc(Cl)c1)c1c(-c2ccccc2)[nH]c2ccccc12,EC50,'=',859.0,nM,1
CHEMBL457185,CCCCCCN1C(=O)/C(=N\NC(=O)c2ccccc2)c2ccccc21,EC50,'=',867.0,nM,1
CHEMBL3986907,CC(C)(CC(N)=O)NC(=O)c1cnc(N2CC(F)(F)C2)c(OCC2CC2)n1,EC50,'=',874.0,nM,1
CHEMBL3969161,O=c1cc(CCc2ccc(C(F)(F)F)cc2)c2cc(C(c3ccc(Cl)cc3)c3cccs3)ccc2[nH]1,EC50,'=',875.0,nM,1
CHEMBL3940006,O=c1cc(CCc2cccc(Cl)c2)c2cc(C(O)(c3ccc(Cl)cc3)c3nccs3)ccc2[nH]1,EC50,'=',876.0,nM,1
CHEMBL3899289,O=C(O)c1ccc(CN2CCC(Nc3cc(=O)[nH]c4ccc(C(c5ccc(Cl)cc5)c5ccc(Cl)cc5)cc34)CC2)cc1,EC50,'=',876.0,nM,1
CHEMBL3955226,OC(c1ccc(Cl)cc1)(c1ccc2nccc(/C=C/c3ccccc3)c2c1)c1cscn1,EC50,'=',884.0,nM,1
CHEMBL3985937,CC(C)(NC(=O)c1cnc(C2CC2)c(-c2cccc(Cl)c2)n1)c1nccs1,EC50,'=',892.1,nM,1
CHEMBL456536,O=C(N/N=C1\C(=O)N(Cc2ccc(Cl)cc2)c2ccccc21)c1ccccc1,EC50,'=',895.6,nM,1
CHEMBL484478,O=C(C1CCCCC1)N1C2CC1CN(S(=O)(=O)c1cccc3ccccc13)C2,EC50,'=',900.0,nM,1
CHEMBL514543,Fc1ccc(-c2noc(C3CCN(c4cnc5c(c4)CCCC5)CC3)n2)c(Cl)c1,EC50,'=',910.0,nM,1
CHEMBL3114519,CCn1c(C(=O)NCc2ccccc2Cl)nc2c(-c3ccccc3)cccc21,EC50,'=',913.0,nM,1
CHEMBL3114530,CCn1c(C(=O)NCC(C)(C)C)nc2c(-c3ccccc3)cccc21,EC50,'=',913.0,nM,1
CHEMBL453472,CCCCCCN1C(=O)/C(=N\NC(=O)OC(C)(C)C)c2ccccc21,EC50,'=',937.1,nM,1
CHEMBL3092905,CCN1CCN(c2nc(C)nc3c2nc(-c2ccccc2Cl)n3C)CC1.Cl,EC50,'=',948.0,nM,1
CHEMBL2057798,CCN1CCN(c2nc(C)nc3c2nc(-c2ccccc2Cl)n3C)CC1,EC50,'=',948.0,nM,1
CHEMBL467392,Clc1ccc(-c2noc(C3CCN(c4cnc5ccccc5c4)CC3)n2)c(Cl)c1,EC50,'=',951.0,nM,1
CHEMBL3968015,CC(C)C[C@H](NC(=O)c1ccc(C2CCCO2)c(OCC2CC2)n1)C(N)=O,EC50,'=',952.9,nM,1
CHEMBL1950829,COCCCNc1cc(S(=O)(=O)c2ccc3c(c2)nc(C(C)(C)C)n3CC2CCOCC2)ccn1,EC50,'=',955.0,nM,1
CHEMBL2204894,COCCNC(=O)c1c(NC(=O)c2ccccc2Cl)sc2c1CCC(F)(F)C2,EC50,'=',958.0,nM,1
CHEMBL2071062,CCc1c(C(=O)NCCc2ccc(NC)cc2)[nH]c2ccc(Cl)cc12,EC50,'=',960.0,nM,1
CHEMBL3957380,NC(=O)Cn1c(=O)cc(NC2CCN(S(=O)(=O)C(F)(F)F)CC2)c2cc(C(c3ccc(Cl)cc3)c3ccc(Cl)cc3)ccc21,EC50,'=',967.0,nM,1
CHEMBL5077778,CC(C)[Si](C(C)C)(C(C)C)n1ccc(-c2[nH]c3ccccc3c2C(C[N+](=O)[O-])c2ccccc2)c1,EC50,'=',970.0,nM,1
CHEMBL3353888,CC(C)(CO)c1cc(NC(=O)[C@@H]2CCC(=O)N2c2ccc(C(F)(F)F)cc2)on1,EC50,'=',970.0,nM,1
CHEMBL498469,Fc1ccc(-c2noc(CCCOc3cnc4ccc(Cl)cc4c3)n2)c(Cl)c1,EC50,'=',990.0,nM,1
CHEMBL4556197,O=[N+]([O-])CC(c1ccccc1)c1c(C2CCCCC2)[nH]c2ccccc12,EC50,'=',992.0,nM,1
CHEMBL499328,O=C(CCc1nc(-c2ccc(F)cc2Cl)no1)Nc1nc2ccc(OC(F)(F)F)cc2s1,EC50,'>',1000.0,nM,1
CHEMBL3347292,CCN1CCN(C(=O)c2cn(CC3CCCCC3)c3cc(Br)ccc23)CC1.Cl,EC50,'=',1000.0,nM,1
CHEMBL524839,N#Cc1cc(NCCCc2nc(-c3ccc(F)cc3Cl)no2)cnc1OCC(F)(F)F,EC50,'>',1000.0,nM,1
CHEMBL1644670,FC(F)(F)c1cccc(-c2cn(Cc3ccccc3)c(-c3cccc(CN4CCOCC4)c3)n2)c1,EC50,'>',1000.0,nM,1
CHEMBL499332,CCn1c2ccccc2c2cc(NC(=O)CCn3nnc(-c4ccccc4F)n3)ccc21,EC50,'>',1000.0,nM,1
CHEMBL498795,Fc1ccc(-c2noc(CCCNc3nc4ccc(Cl)cc4s3)n2)c(Cl)c1,EC50,'>',1000.0,nM,1
CHEMBL1288145,COc1cccc2c(C(=O)N3C[C@@H]4CCCN4C[C@H]3C)cn(CC3CCCCC3)c12.Cl,EC50,'=',1000.0,nM,1
CHEMBL501472,CCn1c2ccccc2c2cc(NC(=O)CCc3nc(-c4ccc(F)cc4C)no3)ccc21,EC50,'>',1000.0,nM,1
CHEMBL499601,CCn1c2ccccc2c2cc(NC(=O)CCc3nc(-c4ccncc4C#N)no3)ccc21,EC50,'>',1000.0,nM,1
CHEMBL1644669,FC(F)(F)c1cccc(-c2cn(CC3CC3)c(-c3cccc(CN4CCOCC4)c3)n2)c1,EC50,'>',1000.0,nM,1
CHEMBL510262,Cc1c(C(=O)NN2CCCC2)nn(-c2ccc(Cl)cc2Cl)c1-c1ccc(Cl)s1,EC50,'=',1000.0,nM,1
CHEMBL1644686,OCC1CCCN(Cc2cccc(-c3nc(-c4cccc(C(F)(F)F)c4)c[nH]3)c2)C1,EC50,'>',1000.0,nM,1
CHEMBL3400938,O=C(Nc1cc(C(F)(F)F)on1)N1CCCN(C(=O)c2ccc(C(F)(F)F)cc2)CC1,EC50,'=',1000.0,nM,1
CHEMBL499050,O=C(CCc1nc(-c2ccc(F)cc2Cl)no1)Nc1cnc2ncc(Cl)cc2c1,EC50,'>',1000.0,nM,1
CHEMBL500655,CCn1c2ccccc2c2cc(NC(=O)CCc3nc(C4CCOCC4)no3)ccc21,EC50,'>',1000.0,nM,1
CHEMBL499060,CC(C)(C)c1cc(NC(=O)CCc2nc(-c3ccc(F)cc3Cl)no2)no1,EC50,'>',1000.0,nM,1
CHEMBL2205617,O=C(Nc1sc2c(c1C(=O)N1CCCCC1)CCOC2)c1c(F)cccc1C(F)(F)F,EC50,'=',1000.0,nM,1
CHEMBL1644668,CC(C)n1cc(-c2cccc(C(F)(F)F)c2)nc1-c1cccc(CN2CCOCC2)c1,EC50,'>',1000.0,nM,1
CHEMBL1644672,CC(=O)n1cc(-c2cccc(C(F)(F)F)c2)nc1-c1cccc(CN2CCOCC2)c1,EC50,'>',1000.0,nM,1
CHEMBL1644676,FC(F)(F)c1cccc(-c2c[nH]c(-c3cccc(CN4CCSCC4)c3)n2)c1,EC50,'>',1000.0,nM,1
CHEMBL478203,Fc1ccc(-c2noc(C3CCN(c4cnc5ccccc5c4)CC3)n2)c(Cl)c1,EC50,'>',1000.0,nM,1
CHEMBL499059,CC(C)(C)c1ncc(NC(=O)CCc2nc(-c3ccc(F)cc3Cl)no2)cn1,EC50,'>',1000.0,nM,1
CHEMBL500133,O=C(CCc1nc(-c2ccc(F)cc2Cl)no1)Nc1ccc(C(F)(F)F)cc1,EC50,'>',1000.0,nM,1
CHEMBL500926,O=C(CCc1nc(-c2ccc(F)cc2Cl)no1)Nc1ccc(C(F)(F)F)nc1,EC50,'>',1000.0,nM,1
CHEMBL527095,CCn1c2ccccc2c2cc(NC(=O)CCc3nc(-c4ccc(F)cc4Cl)no3)ccc21,EC50,'>',1000.0,nM,1
CHEMBL500927,N#Cc1cc(NC(=O)CCc2nc(-c3ccc(F)cc3Cl)no2)cnc1OCC(F)(F)F,EC50,'>',1000.0,nM,1
CHEMBL2017689,O=C(NCCO)C1CCN(Cc2nc(-c3cn(CC4CCS(=O)(=O)CC4)c4c(Cl)cccc34)no2)CC1,EC50,'=',1000.0,nM,1
CHEMBL540704,CCn1c2ccccc2c2cc(NC(=O)CCc3nc(-c4ccccc4F)no3)ccc21,EC50,'>',1000.0,nM,1
CHEMBL524680,O=C(CCc1nc(-c2ccc(F)cc2Cl)no1)Nc1ccc(C(F)(F)F)c(Cl)c1,EC50,'>',1000.0,nM,1
CHEMBL466402,CC(C)(C(=O)Nc1ccc(C(F)(F)F)cc1)S(=O)(=O)c1ccc(Cl)cc1,EC50,'>',1000.0,nM,1
CHEMBL511233,CC(C)(C(=O)Nc1cnc2ccccc2c1)S(=O)(=O)c1ccc(Cl)cc1,EC50,'>',1000.0,nM,1
CHEMBL467641,CC(C)(C(=O)Nc1cccc(C(F)(F)F)c1)S(=O)(=O)c1ccc(Cl)cc1,EC50,'>',1000.0,nM,1
CHEMBL3953885,O=C(O)CCCOc1ccc(Nc2cc(=O)[nH]c3ccc(C(c4ccc(Cl)cc4)c4ccc(Cl)cc4)cc23)cc1,EC50,'=',1012.0,nM,1
CHEMBL1644739,Clc1cccc(-c2c[nH]c(-c3cccc(CN4CCCCC4)c3)n2)c1,EC50,'=',1055.0,nM,1
CHEMBL3893213,Cc1nc(C(C)(C)NC(=O)c2ccc(C3CC3)c(OCC3CC3)n2)no1,EC50,'=',1064.9,nM,1
CHEMBL3322474,Cc1c(C(=O)NCCCCCCCCNC(=O)C2CCCCC2)nn(-c2ccc(Cl)cc2Cl)c1-c1ccc(Cl)cc1,EC50,'=',1096.48,nM,1
CHEMBL3933648,O=c1cc(NC2CCN(S(=O)(=O)C(F)(F)F)CC2)c2cc(C(Cc3ccc(F)cc3)c3ccc(Cl)cc3)ccc2[nH]1,EC50,'=',1100.0,nM,1
CHEMBL4438948,O=[N+]([O-])CC(c1ccc(F)cc1)c1c(-c2ccccc2)[nH]c2cc(F)ccc12,EC50,'=',1100.0,nM,1
CHEMBL3353886,CC(C)(C)c1cc(NC(=O)[C@@H]2CCC(=O)N2c2ccc(C#N)cn2)on1,EC50,'=',1100.0,nM,1
CHEMBL4174510,CC(C)(C)[C@@H](CF)NC(=O)c1nn(-c2c[n+]([O-])ccn2)c2c1C[C@@H]1C[C@H]21,EC50,'=',1100.0,nM,1
CHEMBL4581106,O=[N+]([O-])CC(c1ccccc1)c1c(-c2ccccc2)[nH]c2ncccc12,EC50,'=',1100.0,nM,1
CHEMBL4526885,O=[N+]([O-])CC(c1ccccc1)c1c(-c2cccnc2)[nH]c2ccccc12,EC50,'=',1100.0,nM,1
CHEMBL3952505,CC(C)(NC(=O)c1ccc(Cl)c(-c2cccc(Cl)c2)n1)c1nccs1,EC50,'=',1105.3,nM,1
CHEMBL4473034,N#CCC(c1ccccc1)c1c(-c2ccccc2)[nH]c2cc(Cl)ccc12,EC50,'=',1113.0,nM,1
CHEMBL3893217,CCOC(=O)CCCNc1cc(C(c2ccc(Cl)cc2)c2ccc(Cl)cc2)cc2c(NC3CCN(S(=O)(=O)C(F)(F)F)CC3)cc(=O)[nH]c12,EC50,'=',1124.0,nM,1
CHEMBL3940084,CC(C)C[C@H](NC(=O)c1ccc(N2CC(F)(F)C2)c(OCC2CC2)n1)C(N)=O,EC50,'=',1132.3,nM,1
CHEMBL3905931,Cc1nc(C(C)(C)NC(=O)c2cnc(C3CC3)c(-c3cccc(Cl)c3)n2)no1,EC50,'=',1148.5,nM,1
CHEMBL4483342,O=[N+]([O-])CC(c1ccc(F)cc1)c1c(-c2cccc(F)c2)[nH]c2cc(F)ccc12,EC50,'=',1150.0,nM,1
CHEMBL4286211,O=c1cc(OCc2ccccc2)c2cc(C(c3ccc(Cl)cc3)n3ccnc3)ccc2[nH]1,EC50,'=',1150.0,nM,1
CHEMBL3354527,CC(C)(C)c1cc(NC(=O)[C@@H]2CCCCN2c2ccc(Cl)cc2)no1,EC50,'=',1170.0,nM,1
CHEMBL3904867,CC(C)(C)OC(=O)N1CC[C@H](Nc2cc(=O)[nH]c3ccc(C(c4ccc(Cl)cc4)c4nccs4)cc23)C1,EC50,'=',1172.0,nM,1
CHEMBL4780669,COc1ccc(C(C[N+](=O)[O-])c2c(-c3ccccc3)[nH]c3ccccc23)cc1,EC50,'=',1177.0,nM,1
CHEMBL5082068,O=[N+]([O-])CC(c1ccccc1)c1c(-c2cscn2)[nH]c2ccccc12,EC50,'=',1200.0,nM,1
CHEMBL3984121,CCC(CC)(NC(=O)c1ccc(N(CC(F)(F)F)CC(F)(F)F)c(OCC2CC2)n1)C(=O)NC,EC50,'=',1201.5,nM,1
CHEMBL3969848,O=c1cc(/C=C/c2ccc(C(F)(F)F)cc2)c2cc(C(c3ccccc3)c3ccc(Cl)cc3)ccc2[nH]1,EC50,'=',1210.0,nM,1
CHEMBL513943,O=C(Cc1ccccc1)N/N=C1\C(=O)N(CCC2CCCCC2)c2ccccc21,EC50,'=',1238.8,nM,1
CHEMBL3946389,CC(C)CC(C)(CO)NC(=O)c1ccc(C2CC(F)(F)C2)c(OCC2CC2)n1,EC50,'=',1246.2,nM,1
CHEMBL4113921,CCC(CC)(NC(=O)c1ccc(C2CC2)c(OCC[C@@H](O)C(F)(F)F)n1)C(=O)NC,EC50,'=',1257.3,nM,1
CHEMBL2017677,COc1cccc2c(-c3nsc(CN(C)CC(N)=O)n3)cn(CC3CCOCC3)c12,EC50,'=',1258.93,nM,1
CHEMBL1288233,COc1cccc2c(C(=O)N3CCN4CCC[C@@]4(C)C3)cn(CC3CCCCC3)c12.Cl,EC50,'=',1258.93,nM,1
CHEMBL246302,O=C(Nc1ccccc1O)c1ccc(Cl)c(S(=O)(=O)N2CCCCCC2)c1,EC50,'=',1258.93,nM,1
CHEMBL3347386,CCN1CCN(C(=O)c2cn(CC3CCCCC3)c3ccc(Cl)cc23)CC1.Cl,EC50,'=',1258.93,nM,1
CHEMBL515648,Fc1ccc(-c2noc(C[C@@H]3CCN(c4cnc5ccccc5c4)C3)n2)c(Cl)c1,EC50,'=',1270.0,nM,1
CHEMBL411504,CCOc1cc(S(=O)(=O)c2ccc3c(c2)nc(C(C)(C)C)n3CC2CCOCC2)ccn1,EC50,'=',1280.0,nM,1
CHEMBL3964326,O=C(O)COc1cc(NC2CCN(S(=O)(=O)C(F)(F)F)CC2)c2cc(C(c3ccc(Cl)cc3)c3ccc(Cl)cc3)ccc2n1,EC50,'=',1284.0,nM,1
CHEMBL3898171,Cc1nc(C2(NC(=O)c3cnc(N4CC(F)(F)C4)c(OCC4CC4)n3)CCC2)no1,EC50,'=',1285.8,nM,1
CHEMBL1644691,FC1CCN(Cc2cccc(-c3nc(-c4cccc(Cl)c4Cl)c[nH]3)c2)CC1,EC50,'=',1294.0,nM,1
CHEMBL3955150,CCOC(=O)C(CC)(CC)NC(=O)c1ccc(N2CC(F)(F)C2)c(OCC2CC2)n1,EC50,'=',1297.7,nM,1
CHEMBL514706,CC(C)(CCc1nc(-c2ccc(F)cc2Cl)no1)Nc1cnc2ccccc2c1,EC50,'=',1300.0,nM,1
CHEMBL3354947,CC(C)(NC(=O)c1nn(-c2ccc(F)cc2F)c2c1C[C@H]1C[C@@H]21)c1ccncc1,EC50,'=',1300.0,nM,1
CHEMBL4206416,O=C(Nc1ccc(Cl)cc1)Nc1cccc(Nc2cccc(N3CCCC3)n2)c1,EC50,'=',1300.0,nM,1
CHEMBL4744832,O=[N+]([O-])CC(c1ccc(Cl)cc1)c1c(-c2ccccc2)[nH]c2ccccc12,EC50,'=',1315.0,nM,1
CHEMBL3933871,CC(C)(NC(=O)c1ccc(C2CC2)c(OCC2CC2)n1)c1ncon1,EC50,'=',1318.4,nM,1
CHEMBL466521,Cc1c(C(=O)NN2CCCCC2)nn(-c2ccc(Cl)cc2Cl)c1-c1cccs1,EC50,'=',1330.0,nM,1
CHEMBL3310157,CCCCn1c(Cc2ccc(OCC)cc2)nc2cc(C(=O)N(CC)CC)ccc21,EC50,'=',1348.96,nM,1
CHEMBL3955301,CC(C)(NC(=O)c1ccc(C(F)(F)F)c(OCC2CC2)n1)c1nccs1,EC50,'=',1352.9,nM,1
CHEMBL1950339,C=CCn1c2c(c3cc(C(=O)N4CCC(C)CC4)ccc31)CN(Cc1ccncc1)CC2,EC50,'=',1360.0,nM,1
CHEMBL3981738,COc1ccc(C(=O)NC(C)(C)c2noc(C)n2)nc1-c1cccc(Cl)c1,EC50,'=',1362.0,nM,1
CHEMBL3983001,O=c1cc(/C=C/c2cccc(F)c2)c2cc(C(c3ccc(Cl)cc3)c3ccc(Cl)s3)ccc2[nH]1,EC50,'=',1375.0,nM,1
CHEMBL3357337,CCN1CCN(c2nc(C)nc3c2nc(-c2ccccc2Cl)n3CCCOC)CC1,EC50,'=',1380.0,nM,1
CHEMBL3899538,CC(C)(NC(=O)c1ccc(C2CCCC2)c(OCC2CC2)n1)c1nccs1,EC50,'=',1387.3,nM,1
CHEMBL3929481,CC(C)C[C@H](NC(=O)c1ccc(N2CCCC2C)c(OCC2CC2)n1)C(N)=O,EC50,'=',1391.1,nM,1
CHEMBL3235058,CC(C)(C)c1cc(NC(=O)[C@@H]2CCN2c2ccc(C(F)(F)F)cn2)no1,EC50,'=',1400.0,nM,1
CHEMBL2205589,COC1CN(C(=O)c2c(NC(=O)c3ccccc3OC(F)(F)F)sc3c2CCOC3)C1,EC50,'=',1416.0,nM,1
CHEMBL3092906,CCN1CCN(c2nc(C)nc3[nH]c(-c4ccccc4Cl)nc23)CC1.Cl,EC50,'=',1430.0,nM,1
CHEMBL468176,Fc1ccc(-c2noc(C3CCN(c4cnc5ccc(Cl)cc5c4)CC3)n2)c(Cl)c1,EC50,'=',1430.0,nM,1
CHEMBL3986467,Cc1nc(C(C)(C)NC(=O)c2ccc(C3CC3)c(-c3cccc(Cl)c3)n2)no1,EC50,'=',1441.0,nM,1
CHEMBL4751190,Cc1ccc(C(C[N+](=O)[O-])c2c(-c3ccccc3)[nH]c3ccccc23)cc1,EC50,'=',1444.0,nM,1
CHEMBL3901846,Cc1cccc(-c2nc(C(=O)NC(C)(C)c3nccs3)ccc2C2CC2)c1,EC50,'=',1446.1,nM,1
CHEMBL3935500,NC(=O)[C@H](CC1CC1)NC(=O)c1ccc(C2CCCC2)c(OCC2CC2)n1,EC50,'=',1457.2,nM,1
CHEMBL3984650,Cc1ccc(C(=O)N[C@@H](CC(C)C)c2nccs2)nc1OCC1CC1,EC50,'=',1464.1,nM,1
CHEMBL3936746,O=c1cc(/C=C/c2ccc(Cl)cc2)c2cc(C(c3ccccc3)c3ccc(Cl)cc3)ccc2[nH]1,EC50,'=',1465.0,nM,1
CHEMBL3930575,CC(C)C[C@H](NC(=O)c1ccc(C2CC2)c(OCC2CCCO2)n1)C(N)=O,EC50,'=',1488.0,nM,1
CHEMBL3923668,Cc1ccc(C(=O)NC(C)(C)c2nccs2)nc1-c1cccc(Cl)c1,EC50,'=',1488.6,nM,1
CHEMBL3929175,CC1(COc2nc(C(=O)NC(C)(C)c3nccs3)ccc2Br)COC1,EC50,'=',1492.6,nM,1
CHEMBL2205604,CC(C)c1ccccc1C(=O)Nc1sc2c(c1C(=O)N1CCOCC1)CCOC2,EC50,'=',1500.0,nM,1
CHEMBL4079080,O=C(O[C@H](CO)C(F)(F)F)N1C[C@@H]2[C@H](C1)[C@H]2c1ccn(-c2ccc(F)cc2)n1,EC50,'=',1500.0,nM,1
CHEMBL517354,O=C(C1CC1)N1CCN(S(=O)(=O)c2cc(Cl)c(Cl)cc2Cl)CC1,EC50,'=',1500.0,nM,1
CHEMBL477865,O=C(C1CC1)N1CCN(S(=O)(=O)c2c(Cl)cccc2Cl)CC1,EC50,'=',1500.0,nM,1
CHEMBL5092859,O=[N+]([O-])CC(c1ccccc1)c1c(-c2cncs2)[nH]c2ccccc12,EC50,'=',1500.0,nM,1
CHEMBL478066,O=C(C1CC1)N1CCN(S(=O)(=O)c2c(Cl)cc(Cl)cc2Cl)CC1,EC50,'=',1500.0,nM,1
CHEMBL3939403,CC(C)(C)OC(=O)N1CC=C(c2ccnc3ccc(C(c4ccc(Cl)cc4)c4nccs4)cc23)CC1,EC50,'=',1505.0,nM,1
CHEMBL2071068,CC(O)c1c(C(=O)NCCc2ccc(N3CCCCC3)cc2)[nH]c2ccc(Cl)cc12,EC50,'=',1510.0,nM,1
CHEMBL3341869,CCCCNc1cccc(-c2cccc(NC(=O)Nc3ccc(Cl)cc3)c2)n1,EC50,'=',1520.0,nM,1
CHEMBL2071075,CN(C)c1ccc(CCNC(=O)c2cc3cc(Cl)ccc3[nH]2)cc1,EC50,'=',1530.0,nM,1
CHEMBL4109225,CNC(=O)[C@@H](NC(=O)c1cccc(-c2cccc(Cl)c2)n1)C(C)(C)C,EC50,'=',1535.3,nM,1
CHEMBL3905217,NC(=O)CC(=O)N1CCC(Nc2cc(=O)[nH]c3ccc(C(c4ccc(Cl)cc4)c4ccc(Cl)cc4)cc23)CC1,EC50,'=',1547.0,nM,1
CHEMBL3902797,CC(C)C[C@H](NC(=O)c1ccc(C(F)(F)F)c(OCC2CC2)n1)C(N)=O,EC50,'=',1552.6,nM,1
CHEMBL477994,CC(CCc1nc(-c2ccc(F)cc2Cl)no1)Nc1cnc2ccccc2c1,EC50,'=',1560.0,nM,1
CHEMBL3952854,CC(C)C[C@H](NC(=O)c1cnc(C2CC2)c(OCC2CC2)n1)C(N)=O,EC50,'=',1569.7,nM,1
CHEMBL466185,CC(C)(C(=O)Nc1cnc2ccccc2c1)S(=O)(=O)c1ccc(C(F)(F)F)cc1Cl,EC50,'=',1570.0,nM,1
CHEMBL3347291,CCN1CCN(C(=O)c2cn(CC3CCCCC3)c3cc(Cl)ccc23)CC1.Cl,EC50,'=',1584.89,nM,1
CHEMBL3938098,CNC(=O)[C@H](CC(C)(C)C)NC(=O)c1ccc(C(F)(F)F)c(OCC2CCOCC2)n1,EC50,'=',1591.2,nM,1
CHEMBL3357365,CN1CC(S(=O)(=O)c2ccc3c(c2)nc(CC(C)(C)C)n3CC2CC2)C1,EC50,'=',1600.0,nM,1
CHEMBL4562601,O=[N+]([O-])CC(c1ccccc1)c1c(-c2ccncc2)[nH]c2ccccc12,EC50,'=',1600.0,nM,1
CHEMBL4544196,O=[N+]([O-])CC(c1ccccc1)c1c(-c2ccc(F)cc2)[nH]c2ccccc12,EC50,'=',1600.0,nM,1
CHEMBL4542189,O=[N+]([O-])CC(c1ccccc1)c1c(-c2ccccc2)[nH]c2cccnc12,EC50,'=',1600.0,nM,1
CHEMBL3968642,CC(C)(NC(=O)c1ccc(C2CC2)c(OCC2CC2)n1)c1nccs1,EC50,'=',1614.8,nM,1
CHEMBL3322478,Cc1c(C(=O)NCCCCNCc2cccc(C(=O)NCCCCNC(=O)c3nn(-c4ccc(Cl)cc4Cl)c(-c4ccc(Cl)cc4)c3C)c2)nn(-c2ccc(Cl)cc2Cl)c1-c1ccc(Cl)cc1,EC50,'=',1620.0,nM,1
CHEMBL4107012,CNC(=O)[C@@H](NC(=O)c1cccc(-c2cccc(C(F)(F)F)c2)n1)C(C)(C)C,EC50,'=',1627.6,nM,1
CHEMBL3899354,Cc1nc(C(NC(=O)c2cccc(-c3ccc(F)c(Cl)c3)n2)C2CC2)no1,EC50,'=',1632.6,nM,1
CHEMBL3941217,NC(=O)[C@H](Cc1ccccc1)NC(=O)c1cnc(C2CC2)c(OCC2CC2)n1,EC50,'=',1644.9,nM,1
CHEMBL3920453,Cc1nc(C(C)(NC(=O)c2cnc(C3CC3)c(OCC3CC3)n2)C2CC2)no1,EC50,'=',1648.4,nM,1
CHEMBL4857198,CC(C)(C)NC(=O)c1c2c(nn1-c1cnccn1)CC1CCC2O1,EC50,'=',1650.0,nM,1
CHEMBL461223,Cc1ccccc1-c1nnc(NC(=O)C(C)(C)S(=O)(=O)c2ccc(Cl)cc2)s1,EC50,'=',1650.0,nM,1
CHEMBL2205582,CC1OCc2sc(NC(=O)CC(C)(C)C)c(C(=O)N3CCCCC3)c21,EC50,'=',1656.0,nM,1
CHEMBL478202,Fc1ccc(-c2noc(C[C@H]3CCN(c4cnc5ccccc5c4)C3)n2)c(Cl)c1,EC50,'=',1690.0,nM,1
CHEMBL3899049,CC(C)C[C@H](NC(=O)c1cccc(Cc2ccc(F)cc2)n1)C(N)=O,EC50,'=',1698.4,nM,1
CHEMBL2205609,O=C(Nc1sc2c(c1C(=O)N1CCOCC1)CCOC2)c1ccccc1C(F)(F)F,EC50,'=',1753.0,nM,1
CHEMBL3957126,Cc1nc([C@@](C)(NC(=O)c2cc(OCC(F)(F)F)c(N3CC(F)(F)C3)cn2)C2CC2)no1,EC50,'=',1790.0,nM,1
CHEMBL1644741,Clc1ccc(-c2c[nH]c(-c3cccc(CN4CCCCC4)c3)n2)c(Cl)c1,EC50,'=',1800.0,nM,1
CHEMBL4755005,O=[N+]([O-])CC(c1ccccc1N1CCCC1)c1c(-c2ccccc2)[nH]c2ccccc12,EC50,'=',1825.0,nM,1
CHEMBL4781051,CC(C)(CO)NC(=O)c1cc(C(C)(C)C)n(-c2ccc(C(F)(F)F)cn2)n1,EC50,'=',1839.0,nM,1
CHEMBL3934815,CNC(=O)[C@H](CC(C)(C)C)NC(=O)c1cccc(Cc2ccc(F)cc2)n1,EC50,'=',1865.8,nM,1
CHEMBL2205597,COCCNC(=O)c1c(NC(=O)CC(C)(C)C)sc2c1CCCC2,EC50,'=',1905.0,nM,1
CHEMBL3322479,Cc1c(C(=O)NCCCCNCc2ccc(C(=O)NCCCCNC(=O)c3nn(-c4ccc(Cl)cc4Cl)c(-c4ccc(Cl)cc4)c3C)cc2)nn(-c2ccc(Cl)cc2Cl)c1-c1ccc(Cl)cc1,EC50,'=',1905.46,nM,1
CHEMBL461011,CC(C)(C)c1cc(NC(=O)C(C)(C)S(=O)(=O)c2ccc(Cl)cc2)no1,EC50,'=',1920.0,nM,1
CHEMBL3354532,CC(C)CN1CCCC[C@H]1C(=O)Nc1cc(C(C)(C)C)on1,EC50,'=',1965.0,nM,1
CHEMBL1288290,Cl.O=C(c1cn2c3c(cccc13)OC[C@@H]2C1CCCCC1)N1CCN2CCCC[C@H]2C1,EC50,'=',1995.26,nM,1
CHEMBL3347387,Cc1ccc2c(c1)c(C(=O)N1CCN(C)CC1)cn2CC1CCCCC1,EC50,'=',1995.26,nM,1
CHEMBL1682277,CCNC(=O)NCc1nc(-c2cn(CC3CCOCC3)c3c(Cl)cccc23)no1,EC50,'=',1995.26,nM,1
CHEMBL466603,CC(C)(C(=O)Nc1ccc(Cl)c(C(F)(F)F)c1)S(=O)(=O)c1ccc(Cl)cc1,EC50,'>',2000.0,nM,1
CHEMBL476110,Fc1ccc(-c2noc([C@H]3C[C@@H]3CNc3cnc4ccccc4c3)n2)c(Cl)c1,EC50,'>',2000.0,nM,1
CHEMBL467029,Cn1nc(C(C)(C)C)cc1NC(=O)C(C)(C)S(=O)(=O)c1ccc(Cl)cc1,EC50,'>',2000.0,nM,1
CHEMBL467640,CC(C)(C(=O)Nc1cnc2ccccc2c1)S(=O)(=O)c1ccc(F)cc1,EC50,'>',2000.0,nM,1
CHEMBL499874,CC(C)c1ccc(NC(=O)CCc2nc(-c3ccc(F)cc3Cl)no2)cc1,EC50,'=',2000.0,nM,1
CHEMBL3590637,CCCCN1C(=O)/C(=C/NC(C)(C)CC)C(=O)c2cccc(C)c21,EC50,'=',2020.0,nM,1
CHEMBL4587190,CCCCCn1cc(C(=O)NC23CC4CC(CC(C4)C2)C3)c2cnccc21,EC50,'=',2100.0,nM,1
CHEMBL3924535,Cc1nc(C(NC(=O)c2ccc(C3CC3)c(OCC3CCOCC3)n2)C2CC2)no1,EC50,'=',2141.9,nM,1
CHEMBL3924062,Cc1nc(C(C)(C)NC(=O)c2ccc(C3CCCC3)c(OCC3CC3)n2)no1,EC50,'=',2158.2,nM,1
CHEMBL3971941,COC(=O)CCCCCOc1cc(NC2CCN(S(=O)(=O)C(C)(F)F)CC2)c2cc(C(c3ccc(Cl)cc3)c3ccc(Cl)cc3)ccc2n1,EC50,'=',2200.0,nM,1
CHEMBL513903,Fc1ccc(-c2noc([C@@H]3CCC[C@H]3Nc3cnc4ccccc4c3)n2)c(Cl)c1,EC50,'=',2230.0,nM,1
CHEMBL3957705,O=c1cc(/C=C/c2ccccc2)c2cc(C(c3ccc(Cl)cc3)c3ccc(Cl)s3)ccc2[nH]1,EC50,'=',2280.0,nM,1
CHEMBL1644682,FC1CCN(Cc2cccc(-c3nc(-c4cccc(C(F)(F)F)c4)c[nH]3)c2)CC1,EC50,'=',2290.0,nM,1
CHEMBL3956544,COc1ccc(C(=O)NC(C)(C)c2nccs2)nc1-c1cccc(Cl)c1,EC50,'=',2293.5,nM,1
CHEMBL3918821,CC(C)CC(NC(=O)c1ccc(N2CC(F)(F)C2)c(OCC2CC2)n1)c1ccccn1,EC50,'=',2320.4,nM,1
CHEMBL3944268,CC(C)(C)OC(=O)N1CC(CNc2cc(=O)[nH]c3ccc(C(c4ccc(Cl)cc4)c4nccs4)cc23)C1,EC50,'=',2330.0,nM,1
CHEMBL3353865,CC(C)(C)c1cc(NC(=O)[C@@H]2CCCN2C2CCCC2)no1,EC50,'=',2400.0,nM,1
CHEMBL1644732,FC1CCN(Cc2cccc(-c3nc(-c4ccc(Cl)cc4Cl)c[nH]3)c2)CC1,EC50,'=',2450.0,nM,1
CHEMBL3914787,C[C@@H](C#N)NC(=O)c1ccc(C2CC2)c(OCC2CC2)n1,EC50,'=',2472.3,nM,1
CHEMBL3896734,O=C(O)Cc1ccc(Nc2cc(=O)[nH]c3ccc(C(c4ccc(Cl)cc4)c4ccc(Cl)cc4)cc23)cc1,EC50,'=',2478.0,nM,1
CHEMBL594529,C[C@@H]1CC[C@H](C)N1c1ccc(-c2cccc(Cl)c2Cl)nn1,EC50,'=',2511.89,nM,1
CHEMBL2017685,COc1cccc2c(-c3noc(CN(C)CC(N)=O)n3)cn(CC3CCOCC3)c12,EC50,'=',2511.89,nM,1
CHEMBL1950925,CC(C)(C)c1nc2cc(S(=O)(=O)CC3CC3)ccc2n1CC1CCN(C=O)CC1,EC50,'=',2512.0,nM,1
CHEMBL1644683,FC1(F)CCN(Cc2cccc(-c3nc(-c4cccc(C(F)(F)F)c4)c[nH]3)c2)CC1,EC50,'=',2550.0,nM,1
CHEMBL2057795,CCN1CCN(c2nc(C)nc3sc(-c4ccccc4)cc23)CC1,EC50,'=',2600.0,nM,1
CHEMBL4129909,CCCCNc1nnc(C(=O)NC2C3CC4CC(C3)CC2C4)cc1C(C)C,EC50,'=',2605.0,nM,1
CHEMBL467391,Clc1ccc(-c2noc(C3CCN(c4cnc5ccccc5c4)CC3)n2)cc1,EC50,'=',2620.0,nM,1
CHEMBL4865119,CC(C)(C)NC(=O)c1c2c(nn1-c1c[n+]([O-])ccn1)CC1CCC2O1,EC50,'=',2673.0,nM,1
CHEMBL1950927,CC(C)(C)c1nc2cc(S(=O)(=O)CC3CC3)ccc2n1CC1CCS(=O)(=O)CC1,EC50,'=',2676.0,nM,1
CHEMBL3945765,CC(C)(C)OC(=O)N1CCC2(CCCN2C(=O)c2ccc(C3CC3)c(Cc3ccc(F)cc3)n2)CC1,EC50,'=',2777.2,nM,1
CHEMBL3357367,CC(C)(C)Cc1nc2cc(S(=O)(=O)C3CN(C(N)=O)C3)ccc2n1CC1CC1,EC50,'=',2800.0,nM,1
CHEMBL3322348,Cc1c(C(=O)NCCCCN)nn(-c2ccc(Cl)cc2Cl)c1-c1ccc(Cl)cc1,EC50,'=',2818.38,nM,1
CHEMBL4782730,CC(C)(CO)NC(=O)c1cc(C(C)(C)C)n(CCCCF)n1,EC50,'=',2853.0,nM,1
CHEMBL3354531,CC(C)(C)c1cc(NC(=O)[C@@H]2CCCCN2CC2CC2)no1,EC50,'=',2940.0,nM,1
CHEMBL3322470,Cc1c(C(=O)NCCCCNCc2ccc(CNCCCCNC(=O)c3nn(-c4ccc(Cl)cc4Cl)c(-c4ccc(Cl)cc4)c3C)cc2)nn(-c2ccc(Cl)cc2Cl)c1-c1ccc(Cl)cc1,EC50,'=',2950.0,nM,1
CHEMBL4870368,CC(C)(C)NC(=O)c1c2c(nn1-c1ccc(F)cc1F)C1CCC(C2)O1,EC50,'=',2980.0,nM,1
CHEMBL3092902,Cc1nc(N2CCN(C)CC2)c2nc(-c3cccc(Cl)c3)n(C3CCOCC3)c2n1.Cl,EC50,'=',3010.0,nM,1
CHEMBL4537611,O=[N+]([O-])CC(c1cccnc1)c1c(-c2ccccc2)[nH]c2ccccc12,EC50,'=',3100.0,nM,1
CHEMBL3926390,NC(=O)c1ccc(Nc2cc(=O)[nH]c3ccc(C(c4ccc(Cl)cc4)c4ccc(Cl)cc4)cc23)cc1,EC50,'=',3147.0,nM,1
CHEMBL3322464,Cc1c(C(=O)NCCCCCCCCNC(=O)[C@@H]2CCC[C@H](C(=O)NCCCCCCCCNC(=O)c3nn(-c4ccc(Cl)cc4Cl)c(-c4ccc(Cl)cc4)c3C)C2)nn(-c2ccc(Cl)cc2Cl)c1-c1ccc(Cl)cc1,EC50,'=',3160.0,nM,1
CHEMBL464062,O=C(NCC1CCCC1)c1cnc(Nc2ccc(Cl)cc2Cl)cc1C(F)(F)F,EC50,'>',3162.28,nM,1
CHEMBL481398,CC(C)(O)c1cc(Nc2ccc(Cl)cc2Cl)ncc1C(=O)NCC1CCOCC1,EC50,'>',3162.28,nM,1
CHEMBL480213,COc1cccc(Nc2cc(C3CC3)c(C(=O)NCC3CCOCC3)cn2)c1,EC50,'>',3162.28,nM,1
CHEMBL464070,NC(=O)c1ccc(CNC(=O)c2cnc(Nc3cccc(Cl)c3)cc2C(F)(F)F)cc1,EC50,'>',3162.28,nM,1
CHEMBL518251,COc1ccc(Cl)cc1Nc1cc(C(F)(F)F)c(C(=O)NCC2CCOCC2)cn1,EC50,'>',3162.28,nM,1
CHEMBL3347363,Cc1cccc2c1c(C(=O)N1CCN(C)CC1)cn2CC1CCCCC1,EC50,'>',3162.28,nM,1
CHEMBL3347283,CCN1CCN(C(=O)c2cn(CC3CCCCC3)c3ccc(OC)cc23)CC1.Cl,EC50,'>',3162.28,nM,1
CHEMBL465459,CCC(CC)CNC(=O)c1cnc(Nc2cccc(Cl)c2)cc1C(C)C,EC50,'>',3162.28,nM,1
CHEMBL464231,CC(C)c1cc(Nc2cccc(Cl)c2)ncc1C(=O)NC1CCOCC1,EC50,'>',3162.28,nM,1
CHEMBL464915,CC(C)c1cc(Nc2cccc(Cl)c2)ncc1C(=O)NCC1CCCC1,EC50,'>',3162.28,nM,1
CHEMBL465274,O=C(NCC1CCCCC1)c1cnc(Nc2cccc(Cl)c2)cc1C(F)(F)F,EC50,'>',3162.28,nM,1
CHEMBL3347342,CN(C)CCN(C)C(=O)c1cn(CC2CCCCC2)c2ccccc12,EC50,'>',3162.28,nM,1
CHEMBL465245,O=C(NCC1CCOCC1)c1cnc(Nc2cccc(F)c2)cc1C(F)(F)F,EC50,'>',3162.28,nM,1
CHEMBL465638,O=C(NCC1CCOCC1)c1cnc(Nc2cccc(Cl)c2)cc1C1CC1,EC50,'>',3162.28,nM,1
CHEMBL465113,CC(C)CNC(=O)c1cnc(Nc2cccc(Cl)c2)cc1C(C)C,EC50,'>',3162.28,nM,1
CHEMBL467018,CC(C)c1cc(Nc2cccc(C#N)c2)ncc1C(=O)NCC1CCOCC1,EC50,'>',3162.28,nM,1
CHEMBL481586,O=C(NCC1CCOCC1)c1cnc(Nc2cc(Cl)cc(Cl)c2)cc1C1CC1,EC50,'>',3162.28,nM,1
CHEMBL479628,O=C(NCC1CCOCC1)c1cnc(Nc2cc(Cl)ccc2Cl)cc1C1CC1,EC50,'>',3162.28,nM,1
CHEMBL3347341,CN(C)CCNC(=O)c1cn(CC2CCCCC2)c2ccccc12,EC50,'>',3162.28,nM,1
CHEMBL3347330,CCN1CCN(C(=O)c2cn(Cc3ccccc3)c3c(OC)cccc23)CC1.Cl,EC50,'>',3162.28,nM,1
CHEMBL3347343,CCN1CCN(C(=O)c2cn(CCN3CCOCC3)c3c(OC)cccc23)CC1,EC50,'>',3162.28,nM,1
CHEMBL513651,CC(C)c1cc(Nc2ccc(C#N)c(Cl)c2)ncc1C(=O)NCC1CCOCC1,EC50,'>',3162.28,nM,1
CHEMBL465247,COc1ccc(Cl)cc1Nc1cc(C(F)(F)F)c(C(=O)NCC2CCC2)cn1,EC50,'>',3162.28,nM,1
CHEMBL465246,Cc1cc(Cl)ccc1Nc1cc(C(F)(F)F)c(C(=O)NCC2CCOCC2)cn1,EC50,'>',3162.28,nM,1
CHEMBL482186,O=C(NCC1CCOCC1)c1cnc(Nc2ccc(Cl)c(Cl)c2)cc1C1CC1,EC50,'>',3162.28,nM,1
CHEMBL466191,CC(C)c1cc(Nc2ccc(Cl)cc2Cl)ncc1C(=O)NCC1CCOCC1,EC50,'>',3162.28,nM,1
CHEMBL467017,Cc1cccc(Nc2cc(C(C)C)c(C(=O)NCC3CCOCC3)cn2)c1,EC50,'>',3162.28,nM,1
CHEMBL517646,O=C(NCC1CCOCC1)c1cnc(Nc2ccc(Cl)cc2Cl)cc1C1CC1,EC50,'>',3162.28,nM,1
CHEMBL463860,O=C(NCC1CCOCC1)c1cnc(Nc2cccc(Cl)c2)cc1C(F)(F)F,EC50,'>',3162.28,nM,1
CHEMBL467016,CC(C)c1cc(Nc2cccc(Br)c2)ncc1C(=O)NCC1CCOCC1,EC50,'>',3162.28,nM,1
CHEMBL464916,Cc1cccc(Nc2cc(C(C)C)c(C(=O)NCC3CCC3)cn2)c1,EC50,'>',3162.28,nM,1
CHEMBL465460,O=C(NCC1CCOCC1)c1cnc(Nc2ccc(Cl)cc2Cl)cc1C1CCCC1,EC50,'>',3162.28,nM,1
CHEMBL520916,O=C(NCC1CCOCC1)c1cnc(Nc2ccc(Cl)cc2Cl)cc1C(F)(F)F,EC50,'>',3162.28,nM,1
CHEMBL512583,CC(C)c1cc(Nc2cccc(Cl)c2)ncc1C(=O)NCc1ccc(F)cc1,EC50,'>',3162.28,nM,1
CHEMBL512060,CC(C)c1cc(Nc2cccc(Cl)c2)ncc1C(=O)NCC(C)(C)C,EC50,'>',3162.28,nM,1
CHEMBL480398,O=C(NCC1CCOCC1)c1cnc(Nc2cccc(Br)c2)cc1C1CC1,EC50,'>',3162.28,nM,1
CHEMBL518619,O=C(NCC1CCOCC1)c1cnc(Nc2cccc(F)c2)cc1C1CC1,EC50,'>',3162.28,nM,1
CHEMBL480399,O=C(NCC1CCOCC1)c1cnc(Nc2cccc(C(F)(F)F)c2)cc1C1CC1,EC50,'>',3162.28,nM,1
CHEMBL480212,N#Cc1cccc(Nc2cc(C3CC3)c(C(=O)NCC3CCOCC3)cn2)c1,EC50,'>',3162.28,nM,1
CHEMBL464914,CC(C)c1cc(Nc2cccc(C(F)(F)F)c2F)ncc1C(=O)NCC1CCOCC1,EC50,'>',3162.28,nM,1
CHEMBL464069,O=C(NCc1ccc(F)cc1)c1cnc(Nc2cccc(Br)c2)cc1C(F)(F)F,EC50,'>',3162.28,nM,1
CHEMBL450462,CC(C)c1cc(Nc2cccc(Cl)c2)ncc1C(=O)NCC1CCOCC1,EC50,'>',3162.28,nM,1
CHEMBL506790,COc1cccc(Nc2cc(C(C)C)c(C(=O)NCC3CCOCC3)cn2)c1,EC50,'>',3162.28,nM,1
CHEMBL480214,Cc1cccc(Nc2cc(C3CC3)c(C(=O)NCC3CCOCC3)cn2)c1,EC50,'>',3162.28,nM,1
CHEMBL520413,O=C(NCC1CCOCC1)c1cnc(Nc2cccc(OC(F)(F)F)c2)cc1C1CC1,EC50,'>',3162.28,nM,1
CHEMBL3945637,O=c1cc(/C=C/c2cccc(F)c2)c2cc(C(c3ccccc3)c3ccc(Cl)cc3)ccc2[nH]1,EC50,'=',3200.0,nM,1
CHEMBL3352832,COCC(C)(C)c1cc(NC(=O)[C@@H]2CCC(=O)N2c2ccc(C(F)(F)F)cc2)on1,EC50,'=',3200.0,nM,1
CHEMBL2204906,O=C(CN1CCCCC1)Nc1sc2c(c1C(=O)N1CCC(F)(F)CC1)CCCC2,EC50,'=',3217.0,nM,1
CHEMBL1644688,CC1CN(Cc2cccc(-c3nc(-c4cccc(Cl)c4)c[nH]3)c2)CCO1,EC50,'=',3250.0,nM,1
CHEMBL2205622,O=C(Nc1sc2c(c1C(=O)N1CCOCC1)CCOC2)c1ccccc1Cl,EC50,'=',3270.0,nM,1
CHEMBL3895056,OC(c1ccc(Cl)cc1)(c1ccc2nccc(/C=C\c3ccccc3)c2c1)c1cscn1,EC50,'=',3270.0,nM,1
CHEMBL4073323,O=C(NC12CC3CC(CC(C3)C1)C2)c1cn(CCN2CCOCC2)c2ccccc12,EC50,'=',3300.0,nM,1
CHEMBL3936226,O=C(NC1(CO)CCC1)c1cnc(C2CC2)c(OCC2CC2)n1,EC50,'=',3320.4,nM,1
CHEMBL3354951,CC(C)(CF)NC(=O)c1nn(-c2ccc(F)cc2F)c2c1C[C@H]1C[C@@H]21,EC50,'=',3400.0,nM,1
CHEMBL1950934,CC(=O)N1CCC(Cn2c(C(C)(C)C)nc3cc(S(=O)(=O)c4nccs4)ccc32)CC1,EC50,'=',3428.0,nM,1
CHEMBL3354974,CC(C)(CO)NC(=O)c1nn(-c2ccccn2)c2c1C[C@H]1C[C@@H]21,EC50,'=',3600.0,nM,1
CHEMBL1950832,CC(C)(C)c1nc2cc(S(=O)(=O)c3ccnc(OCCCO)c3)ccc2n1CC1CCOCC1,EC50,'=',3630.0,nM,1
CHEMBL1950830,COCCCOc1cc(S(=O)(=O)c2ccc3c(c2)nc(C(C)(C)C)n3CC2CCOCC2)ccn1,EC50,'=',3850.0,nM,1
CHEMBL3322350,Cc1c(C(=O)NCCCCCCCN(CCCCCCCNC(=O)c2nn(-c3ccc(Cl)cc3Cl)c(-c3ccc(Cl)cc3)c2C)Cc2ccccc2)nn(-c2ccc(Cl)cc2Cl)c1-c1ccc(Cl)cc1,EC50,'=',3850.0,nM,1
CHEMBL2204900,COC1CN(C(=O)c2c(NC(=O)CC(C)(C)C)sc3c2CCCC3)C1,EC50,'=',3972.0,nM,1
CHEMBL1209643,O=C(c1cn2c3c(cccc13)OC[C@H]2C1CCCCC1)N1CCNCC1,EC50,'=',3981.07,nM,1
CHEMBL608698,c1ccc(COc2ccccc2-c2ccc(N3CCOCC3)nn2)cc1,EC50,'=',3981.07,nM,1
CHEMBL585580,Cc1c[nH]c2c(Nc3cccc(Cl)c3)ncc(C(=O)N3CCCCC3)c12,EC50,'=',4000.0,nM,1
CHEMBL4079650,O=C(NC12CC3CC(CC(C3)C1)C2)c1cn(CCCCCO)c2ccccc12,EC50,'=',4100.0,nM,1
CHEMBL3957046,O=c1cc(/C=C/c2ccccc2)c2cc(C(c3ccc(Cl)cc3)c3cccs3)ccc2[nH]1,EC50,'=',4137.0,nM,1
CHEMBL2205610,O=C(Nc1sc2c(c1C(=O)N1CCOCC1)CCOC2)c1c(F)cccc1C(F)(F)F,EC50,'=',4538.0,nM,1
CHEMBL2071066,CCc1c(C(=O)NCCc2ccc(F)cc2)[nH]c2ccc(Cl)cc12,EC50,'=',4580.0,nM,1
CHEMBL2205623,O=C(Nc1sc2c(c1C(=O)N1CCOCC1)CCOC2)c1c(Cl)cccc1Cl,EC50,'=',4639.0,nM,1
CHEMBL3092894,CC(=O)NCCn1c(-c2ccccc2Cl)nc2c(N3CCN(C)CC3)nc(C)nc21.Cl,EC50,'=',4660.0,nM,1
CHEMBL3139150,CC(=O)NCCn1c(-c2ccccc2Cl)nc2c(N3CCN(C)CC3)nc(C)nc21,EC50,'=',4660.0,nM,1
CHEMBL3092893,COCCn1c(-c2ccccc2Cl)nc2c(N3CCN4C(=O)CCC4C3)nc(C)nc21.Cl,EC50,'=',4770.0,nM,1
CHEMBL4800352,CC(C)(CO)NC(=O)c1cc(C(C)(C)C)n(CC2CC2)n1,EC50,'=',4899.7,nM,1
CHEMBL4279831,O=C(O)COc1cc(C(c2ccc(Cl)cc2)c2ccc(Cl)cc2)cc2c(NC3CCN(S(=O)(=O)C(F)(F)F)CC3)ccnc12,EC50,'=',4900.0,nM,1
CHEMBL3353869,CC(C)(C)c1cc(NC(=O)[C@@H]2CCCN2CC2CCOCC2)no1,EC50,'=',4900.0,nM,1
CHEMBL3911785,O=C(O)COc1cc(C(c2ccc(Cl)cc2)c2ccc(Cl)cc2)cc2c(NC3CCN(S(=O)(=O)C(F)(F)F)CC3)cc(=O)[nH]c12,EC50,'=',4900.0,nM,1
CHEMBL3233029,C[C@H](NS(=O)(=O)/C=C/c1n[nH]c2c1CCCC[C@@H]2Cc1cccc(F)c1)c1ccccc1,EC50,'>',5000.0,nM,1
CHEMBL3234684,O=C(N[C@H](CO)c1ccccc1)c1n[nH]c2c1CCCC[C@H]2Cc1cccc(Cl)c1,EC50,'>',5000.0,nM,1
CHEMBL3357341,Cc1nc(N2CCN(C)CC2)c2nc(-c3ccccc3Cl)n(C(C)(C)CO)c2n1,EC50,'=',5000.0,nM,1
CHEMBL246303,Cc1ccc(NC(=O)c2cccc(C#N)c2)cc1S(=O)(=O)N1CCOCC1,EC50,'=',5011.87,nM,1
CHEMBL1453578,COc1ccc(S(=O)(=O)N2CCOCC2)cc1NC(=O)c1ccc(Cl)cc1,EC50,'=',5080.0,nM,1
CHEMBL3896261,O=C(O)COc1ccc(Nc2cc(=O)[nH]c3ccc(C(c4ccc(Cl)cc4)c4ccc(Cl)cc4)cc23)cc1,EC50,'=',5122.0,nM,1
CHEMBL3941942,Cc1nc([C@](C)(CC2CC2)NC(=O)c2cc(OCC(F)(F)F)c(C3CC3)cn2)no1,EC50,'=',5285.0,nM,1
CHEMBL1950338,C=CCn1c2c(c3cc(C(=O)N4CCC(C)CC4)ccc31)CN(Cc1ccccn1)CC2,EC50,'=',5423.0,nM,1
CHEMBL4452828,O=[N+]([O-])CCc1c(-c2ccccc2)[nH]c2ccccc12,EC50,'=',5528.0,nM,1
CHEMBL1950837,CC(C)(C)c1nc2cc(S(=O)(=O)CCCC(F)(F)F)ccc2n1CC1CCN(C=O)CC1,EC50,'=',5623.0,nM,1
CHEMBL3354540,CC(C)(C)c1cc(NC(=O)[C@@H]2CCCCN2C(=O)C2CCCCC2)no1,EC50,'=',5764.0,nM,1
CHEMBL1320425,Cc1nc(N2CCN(C)CC2)c2cc(-c3ccccc3)sc2n1,EC50,'=',5910.0,nM,1
CHEMBL4758860,O=C(O)c1ccccc1S(=O)(=O)N1CCC(Nc2cnnc3ccc(C(c4ccc(Cl)cc4)c4ccc(Cl)cc4)cc23)CC1,EC50,'=',5944.0,nM,1
CHEMBL4128539,CC(C)c1cc(C(=O)NC2C3CC4CC(C3)CC2C4)nnc1NCC1CC1,EC50,'=',6047.0,nM,1
CHEMBL3092886,Cc1nc(N2CCN(C)CC2)c2nc(-c3ccccc3F)n(C3CCOCC3)c2n1.Cl,EC50,'=',6050.0,nM,1
CHEMBL4166597,CC(C)[C@@H](CF)NC(=O)c1nn(-c2c[n+]([O-])ccn2)c2c1C[C@@H]1C[C@H]21,EC50,'=',6100.0,nM,1
CHEMBL3092907,Cc1nc(N2CCN(C)CC2)c2nc(-c3ccccc3Cl)n(CCO)c2n1.Cl,EC50,'=',6160.0,nM,1
CHEMBL2057801,Cc1nc(N2CCN(C)CC2)c2nc(-c3ccccc3Cl)n(CCO)c2n1,EC50,'=',6160.0,nM,1
CHEMBL568122,Cc1c[nH]c2c(Nc3cccc(Br)c3)ncc(C(=O)N3CCOCC3)c12,EC50,'=',6300.0,nM,1
CHEMBL567292,Cn1ccc2c(Nc3cccc(Cl)c3)ncc(C(=O)N3CCOCC3)c21,EC50,'=',6300.0,nM,1
CHEMBL594530,C[C@@H]1C=C[C@H](C)N1c1ccc(-c2cccc(Cl)c2Cl)nn1,EC50,'=',6309.57,nM,1
CHEMBL3310161,CCOc1ccc(Cc2nc3cc(C(=O)N(CC)CC)ccc3n2CCCCCCCCCCN(C)CCCCCCCCCCn2c(Cc3ccc(OCC)cc3)nc3cc(C(=O)N(CC)CC)ccc32)cc1,EC50,'=',6309.57,nM,1
CHEMBL246923,Cc1ccc(C(=O)Nc2cccc3cnccc23)cc1S(=O)(=O)N1CCCCC1,EC50,'=',6309.57,nM,1
CHEMBL2205590,COC1CN(C(=O)c2c(NC(=O)c3c(F)cccc3C(F)(F)F)sc3c2CCOC3)C1,EC50,'=',6611.0,nM,1
CHEMBL4067184,Cc1cccc2c(C(=O)NC34CC5CC(CC(C5)C3)C4)cn(CCN3CCOCC3)c12,EC50,'=',6700.0,nM,1
CHEMBL3354545,CC(C)(C)c1cc(NC(=O)[C@@H]2CCCCN2C(=O)CC2CCOCC2)no1,EC50,'=',6979.0,nM,1
CHEMBL3892096,CC(C)[C@](C)(CO)NC(=O)c1cc(OCC2CC2)c(Cl)cn1,EC50,'=',6980.0,nM,1
CHEMBL3353870,CC(C)(C)c1cc(NC(=O)[C@@H]2CCCN2C2CCOCC2)on1,EC50,'=',7200.0,nM,1
CHEMBL3322468,Cc1c(C(=O)NCCCCCCCCNC(=O)C23CC4CC(C2)CC(C(=O)NCCCCCCCCNC(=O)c2nn(-c5ccc(Cl)cc5Cl)c(-c5ccc(Cl)cc5)c2C)(C4)C3)nn(-c2ccc(Cl)cc2Cl)c1-c1ccc(Cl)cc1,EC50,'=',7240.0,nM,1
CHEMBL2205603,Cc1ccccc1C(=O)Nc1sc2c(c1C(=O)N1CCOCC1)CCOC2,EC50,'=',7452.0,nM,1
CHEMBL562150,Cc1noc(C)c1S(=O)(=O)N1CCc2c(nc(C(C)(C)C)n2CC2CC2)C1,EC50,'=',7500.0,nM,1
CHEMBL3322462,Cc1c(C(=O)NCCCCCCCCNC(=O)[C@@H]2CCC[C@@H](C(=O)NCCCCCCCCNC(=O)c3nn(-c4ccc(Cl)cc4Cl)c(-c4ccc(Cl)cc4)c3C)C2)nn(-c2ccc(Cl)cc2Cl)c1-c1ccc(Cl)cc1,EC50,'=',7585.78,nM,1
CHEMBL1707797,O=C(Nc1cc(S(=O)(=O)N2CCOCC2)ccc1Cl)c1cc2c(s1)CCCC2,EC50,'=',7870.0,nM,1
CHEMBL3354551,CC(C)(C)c1cc(NC(=O)[C@@H]2CCCCN2C(=O)N2CCSCC2)no1,EC50,'=',7895.0,nM,1
CHEMBL611620,C[C@@H]1CC[C@H](C)N1c1ccc(-c2cncc3ccccc23)nn1,EC50,'=',7943.28,nM,1
CHEMBL4851858,CC(C)(C)NC(=O)c1c2c(nn1-c1c[n+]([O-])ccn1)C1CCC(C2)O1,EC50,'=',7974.0,nM,1
CHEMBL2205599,COCCNC(=O)c1c(NC(=O)C2CCCC2)sc2c1CCCC2,EC50,'=',8030.0,nM,1
CHEMBL1950835,CC(=O)NCCc1cc(S(=O)(=O)c2ccc3c(c2)nc(C(C)(C)C)n3CC2CCOCC2)ccn1,EC50,'=',8320.0,nM,1
CHEMBL1644743,CCOc1ccc(F)c(-c2c[nH]c(-c3cccc(CN4CCCCC4)c3)n2)c1,EC50,'=',8500.0,nM,1
CHEMBL3322461,Cc1c(C(=O)NCCCCNC(=O)[C@@H]2CCC[C@@H](C(=O)NCCCCNC(=O)c3nn(-c4ccc(Cl)cc4Cl)c(-c4ccc(Cl)cc4)c3C)C2)nn(-c2ccc(Cl)cc2Cl)c1-c1ccc(Cl)cc1,EC50,'=',8511.38,nM,1
CHEMBL3322460,Cc1c(C(=O)NCCCCCCCCNC(=O)[C@H]2CC[C@@H](C(=O)NCCCCCCCCNC(=O)c3nn(-c4ccc(Cl)cc4Cl)c(-c4ccc(Cl)cc4)c3C)CC2)nn(-c2ccc(Cl)cc2Cl)c1-c1ccc(Cl)cc1,EC50,'=',8709.64,nM,1
CHEMBL3322469,Cc1c(C(=O)NCCCCNCc2cccc(CNCCCCNC(=O)c3nn(-c4ccc(Cl)cc4Cl)c(-c4ccc(Cl)cc4)c3C)c2)nn(-c2ccc(Cl)cc2Cl)c1-c1ccc(Cl)cc1,EC50,'=',8850.0,nM,1
CHEMBL3322457,Cc1c(C(=O)NCCCCCCCCNC(=O)[C@H]2CC[C@H](C(=O)NCCCCCCCCNC(=O)c3nn(-c4ccc(Cl)cc4Cl)c(-c4ccc(Cl)cc4)c3C)CC2)nn(-c2ccc(Cl)cc2Cl)c1-c1ccc(Cl)cc1,EC50,'=',9549.93,nM,1
CHEMBL3322459,Cc1c(C(=O)NCCCCNC(=O)[C@H]2CC[C@@H](C(=O)NCCCCNC(=O)c3nn(-c4ccc(Cl)cc4Cl)c(-c4ccc(Cl)cc4)c3C)CC2)nn(-c2ccc(Cl)cc2Cl)c1-c1ccc(Cl)cc1,EC50,'=',9549.93,nM,1
CHEMBL3903264,O=C(O)CN1CCC(Nc2cc(=O)[nH]c3ccc(C(c4ccc(Cl)cc4)c4ccc(Cl)cc4)cc23)CC1,EC50,'=',9700.0,nM,1
CHEMBL3922344,CNC(=O)[C@H](CC(C)C)NC(=O)c1cccc(-c2cccc(F)c2)n1,EC50,'>',10000.0,nM,1
CHEMBL3590601,CCCCN1C(=O)/C(=C/NC2CCCCC2)C(=O)c2ccccc21,EC50,'>',10000.0,nM,1
CHEMBL3234687,CS(=O)(=O)N1CCc2c(cc(-c3cccc(Cl)c3)c(=O)n2CC2CCC2)C1,EC50,'>',10000.0,nM,1
CHEMBL3890139,NC(=O)[C@H](CC1CC1)NC(=O)c1cnc(C2CC2)c(OCC2CC2)n1,EC50,'>',10000.0,nM,1
CHEMBL3920641,Cc1nc([C@H](CC2CC2)NC(=O)c2ccc(C)c(OCC3CC3)n2)no1,EC50,'>',10000.0,nM,1
CHEMBL3917911,CCC(CC)(NC(=O)c1ccc(C(F)(F)F)c(OCC2CC2)n1)C(=O)NC,EC50,'>',10000.0,nM,1
CHEMBL3890945,CCC(CC)(NC(=O)c1ccc(OC)c(-c2cccc(Cl)c2)n1)C(=O)NC,EC50,'>',10000.0,nM,1
CHEMBL3590620,CCCCN1C(=O)/C(=C/Nc2ccccn2)C(=O)c2cccc(C)c21,EC50,'>',10000.0,nM,1
CHEMBL3949579,CC(C)(NC(=O)c1ccc(Cl)c(-c2cccc(Cl)c2)n1)c1ncon1,EC50,'>',10000.0,nM,1
CHEMBL3921429,CC1(C)CC(O)CCN1C(=O)c1ccc(N2CC(F)(F)C2)c(OCC2CC2)n1,EC50,'>',10000.0,nM,1
CHEMBL454813,CC(C)(C(=O)NCc1ccccc1)S(=O)(=O)c1ccc(Cl)cc1,EC50,'>',10000.0,nM,1
CHEMBL4110696,O=C(N[C@H](c1cccnc1)C(F)(F)F)c1ccc(N2CC(F)(F)C2)c(OCC2CC2)n1,EC50,'>',10000.0,nM,1
CHEMBL4210152,O=C(Cc1ccc(Cl)cc1)Nc1cccc(-c2cccc(N3CCCC3)c2)c1,EC50,'>',10000.0,nM,1
CHEMBL4578071,O=C(NC12CC3CC(CC(C3)C1)C2)c1cn(CCCCCO)c2ncccc12,EC50,'>',10000.0,nM,1
CHEMBL3968304,Cc1nc(C(C)(C)NC(=O)c2ccc(Cl)c(OCC3CC3)n2)no1,EC50,'>',10000.0,nM,1
CHEMBL3913580,NC(=O)[C@@H](NC(=O)c1cnc(N2CC(F)(F)C2)c(OCC2CC2)n1)c1ccccc1,EC50,'>',10000.0,nM,1
CHEMBL3914029,CCC(CC)(NC(=O)c1ccc(N2CC(F)(F)C2)c(OCC2CC2)n1)C(=O)O,EC50,'>',10000.0,nM,1
CHEMBL3925731,CC(C)(NC(=O)c1cccc(-c2cccc(Cl)c2)n1)c1ncon1,EC50,'>',10000.0,nM,1
CHEMBL3904362,C[C@H](Oc1cc(C(=O)NC2(CC(N)=O)CS(=O)(=O)C2)ncc1C1(F)CCC1)C(F)(F)F,EC50,'>',10000.0,nM,1
CHEMBL4108645,CC1(C)C[C@H](C(N)=O)N(C(=O)c2ccc(N3CC(F)(F)C3)c(OCC3CC3)n2)C1,EC50,'>',10000.0,nM,1
CHEMBL3949123,CC(C)(NC(=O)c1ccc(C2CC2)c(-c2cccc(Cl)c2)n1)c1ncco1,EC50,'>',10000.0,nM,1
CHEMBL3936189,COCCOc1nc(C(=O)N[C@@H](CC(C)C)C(N)=O)ccc1N1CC(F)(F)C1,EC50,'>',10000.0,nM,1
CHEMBL3927203,CNC(=O)C(C)(C)NC(=O)c1ccc(C2CC2)c(OCC2CC2)n1,EC50,'>',10000.0,nM,1
CHEMBL3952323,O=C(NC1(c2nccs2)COC1)c1ccc(Br)c(OCC(F)(F)F)n1,EC50,'>',10000.0,nM,1
CHEMBL3952240,CC(Oc1nc(C(=O)N(C)C(C)(C)C)ccc1C1CC1)C(F)(F)F,EC50,'>',10000.0,nM,1
CHEMBL3976333,O=C(NC1(c2nccs2)COC1)c1ccc(C2CC2)c(OCC(F)(F)F)n1,EC50,'>',10000.0,nM,1
CHEMBL3898466,NC(=O)C1CCCN1C(=O)c1ccc(N2CC(F)(F)C2)c(OCC2CC2)n1,EC50,'>',10000.0,nM,1
CHEMBL3590624,CCCCN1C(=O)/C(=C/NCC2CCC2)C(=O)c2cccc(C)c21,EC50,'>',10000.0,nM,1
CHEMBL3941719,CC(C)(C)NC(=O)c1ccc(N2CC(F)(F)C2)c(OCC2CC2)n1,EC50,'>',10000.0,nM,1
CHEMBL3916117,O=C(NN1CCCCC1)c1cccc(OCC2CC2)n1,EC50,'>',10000.0,nM,1
CHEMBL2204909,O=C(Nc1sc2c(c1C(=O)NCC1CC1)CCC2)c1ccccc1Cl,EC50,'>',10000.0,nM,1
CHEMBL3970171,O=C(NC1CCCCC1)c1cccc(-c2cccc(Cl)c2)n1,EC50,'>',10000.0,nM,1
CHEMBL225411,O=C(NCC1CCOCC1)c1cnc(Nc2ccc(Cl)cc2Cl)nc1C(F)(F)F,EC50,'>',10000.0,nM,1
CHEMBL4111706,Cc1nc([C@](C)(NC(=O)c2cc(OCC(F)(F)F)c(Cl)cn2)C2CC2)no1,EC50,'>',10000.0,nM,1
CHEMBL3978186,Cc1nc(C(C)(NC(=O)c2cc(O[C@@H](C)C(F)(F)F)c(C3(F)COC3)cn2)C2CC2)no1,EC50,'>',10000.0,nM,1
CHEMBL3966311,Cc1nc(C(C)(NC(=O)c2cc(OCC(F)(F)F)c(C3CC3)cn2)C(=O)N2CC(F)(F)C2)no1,EC50,'>',10000.0,nM,1
CHEMBL3908466,CNC(=O)C(NC(=O)c1cc(OCC(F)(F)F)c(C2CC2)cn1)C(C)(C)C,EC50,'>',10000.0,nM,1
CHEMBL2338186,O=C(NC12CC3CC(CC(C3)C1)C2)N1Cc2ccccc2C1,EC50,'>',10000.0,nM,1
CHEMBL4171474,CC(C)(C)[C@@H](CO)NC(=O)c1nn(-c2cnccn2)c2c1C[C@@H]1C[C@H]21,EC50,'>',10000.0,nM,1
CHEMBL3911409,CN(C)C(=O)[C@H](CC1CC1)NC(=O)c1ccc(N2CC(F)(F)C2)c(OCC2CC2)n1,EC50,'>',10000.0,nM,1
CHEMBL3983864,CC(C)(C)Oc1cc(/C=C/c2cccc(F)c2)c2cc(C(O)(c3ccc(Cl)cc3)c3ccsc3)ccc2n1,EC50,'>',10000.0,nM,1
CHEMBL3410708,CCCCOc1cccc2cc(C(=O)NC(CC)CC)c(=O)oc12,EC50,'>',10000.0,nM,1
CHEMBL466822,Cc1cc(NC(=O)C(C)(C)S(=O)(=O)c2ccc(Cl)cc2)no1,EC50,'>',10000.0,nM,1
CHEMBL3945608,Cc1nc(C(C)(NC(=O)c2cc(OCC3CC3)c(C3CC3)cn2)C2CC2)no1,EC50,'>',10000.0,nM,1
CHEMBL3978125,CC(C)(C)C(NC(=O)c1cc(OCC(F)(F)F)c(C2CC2)cn1)C(=O)N1CCC1,EC50,'>',10000.0,nM,1
CHEMBL3927530,CC(C)C[C@H](NC(=O)c1cc(OCC(F)(F)F)c(C2CC2)cn1)C(N)=O,EC50,'>',10000.0,nM,1
CHEMBL3959029,CCC(CC)(NC(=O)c1ccc(C2CC2)c(OCC2CCCO2)n1)C(=O)NC,EC50,'>',10000.0,nM,1
CHEMBL3970926,Cc1csc(C(C)(C)NC(=O)c2cnc(C3CC3)c(OCC3CC3)n2)n1,EC50,'>',10000.0,nM,1
CHEMBL3904968,Cc1nc(C(C)(CC2CC2)NC(=O)c2cc(OCC(F)(F)F)c(C3CC3)cn2)no1,EC50,'>',10000.0,nM,1
CHEMBL4109101,Cc1nc([C@@](C)(CC(C)(C)C)NC(=O)c2cc(OCC(F)(F)F)c(C3CC3)cn2)no1,EC50,'>',10000.0,nM,1
CHEMBL3967345,CC(C)(C)C(NC(=O)c1cc(OC2COC2)c(Cl)cn1)c1nccs1,EC50,'>',10000.0,nM,1
CHEMBL3984996,O=C(NC(CO)C1CC1)c1cnc(N2CC(F)(F)C2)c(OCC2CC2)n1,EC50,'>',10000.0,nM,1
CHEMBL4110781,Cc1nc([C@](C)(NC(=O)c2cnc(N3CC(F)(F)C3)c(OCC3CC3)n2)C2CC2)no1,EC50,'>',10000.0,nM,1
CHEMBL3904211,Cc1nc([C@@](C)(NC(=O)c2cnc(N3CC(F)(F)C3)c(OCC3CC3)n2)C2CC2)no1,EC50,'>',10000.0,nM,1
CHEMBL3910666,CC(C)C[C@@](C)(CO)NC(=O)c1cc(OCC2CC2)c(Cl)cn1,EC50,'>',10000.0,nM,1
CHEMBL2338171,CCOC(=O)c1ccccc1NC(=O)C12CC3CC(CC(C3)C1)C2,EC50,'>',10000.0,nM,1
CHEMBL3898565,CSCC[C@H](NC(=O)c1ccc(N2CC(F)(F)C2)c(OCC2CC2)n1)C(N)=O,EC50,'>',10000.0,nM,1
CHEMBL2338188,O=C(C1C2CC3CC(C2)CC1C3)N1CCc2ccccc21,EC50,'>',10000.0,nM,1
CHEMBL3590631,CCCCN1C(=O)/C(=C/NCC(C)C)C(=O)c2cccc(C)c21,EC50,'>',10000.0,nM,1
CHEMBL3939559,CC1(C)CC(C2CCN(C(=O)c3ccc(N4CC(F)(F)C4)c(OCC4CC4)n3)CC2)C(=O)N1,EC50,'>',10000.0,nM,1
CHEMBL3966304,Cc1nc(C(C)(NC(=O)c2cc(OCC(F)(F)F)c(C3CC3)cn2)C2CC2)no1,EC50,'>',10000.0,nM,1
CHEMBL3940981,Cn1nnc(C(NC(=O)c2cc(OCC(F)(F)F)c(C3CC3)cn2)C(C)(C)C)n1,EC50,'>',10000.0,nM,1
CHEMBL3940907,Cc1nnc(C(NC(=O)c2cc(O[C@@H](C)C(F)(F)F)c(C3(F)COC3)cn2)C(C)(C)C)o1,EC50,'>',10000.0,nM,1
CHEMBL4107167,CC(C)C[C@H](CC(N)=O)NC(=O)c1cc(OCC(F)(F)F)c(C2CC2)cn1,EC50,'>',10000.0,nM,1
CHEMBL3966833,CCOC(=O)C(CC)(CC)NC(=O)c1ccc(Br)c(OCC2CC2)n1,EC50,'>',10000.0,nM,1
CHEMBL4172104,CC(C)(NC(=O)c1nn(-c2c[n+]([O-])ccn2)c2c1C[C@@H]1C[C@H]21)C(F)(F)F,EC50,'>',10000.0,nM,1
CHEMBL3978729,NC(=O)C(CC1CCC1)NC(=O)c1cnc(N2CC(F)(F)C2)c(OCC2CC2)n1,EC50,'>',10000.0,nM,1
CHEMBL3963437,COCCOC[C@H](CC1CC1)NC(=O)c1ccc(N2CC(F)(F)C2)c(OCC2CC2)n1,EC50,'>',10000.0,nM,1
CHEMBL3926371,O=C(c1ccc(N2CC(F)(F)C2)c(OCC2CC2)n1)N1CCC[C@H]1CO,EC50,'>',10000.0,nM,1
CHEMBL3590618,CCCCN1C(=O)/C(=C/NCc2cccnc2)C(=O)c2cccc(C)c21,EC50,'>',10000.0,nM,1
CHEMBL3944247,CCC(CC)(NC(=O)c1ccc(C2CCOCC2)c(OCC2CC2)n1)C(=O)NC,EC50,'>',10000.0,nM,1
CHEMBL4161506,O=C(NC1(C(F)(F)F)CCC1)c1nn(-c2c[n+]([O-])ccn2)c2c1C[C@@H]1C[C@H]21,EC50,'>',10000.0,nM,1
CHEMBL4114604,O=C(N[C@H](c1cccnc1)C(F)(F)F)c1ccc(C2CC2)c(OCC2CC2)n1,EC50,'>',10000.0,nM,1
CHEMBL3955149,O=C(NC(c1ccccn1)C(F)(F)F)c1cc(OCC(F)(F)F)c(C2CC2)cn1,EC50,'>',10000.0,nM,1
CHEMBL3959215,Cc1nc(C(C)(C)NC(=O)c2ccc(N3CC(=O)C3)c(OCC3CC3)n2)no1,EC50,'>',10000.0,nM,1
CHEMBL4128379,CC(C)c1cc(C(=O)NC23CC4CC(CC(C4)C2)C3)nnc1N1CCOCC1,EC50,'>',10000.0,nM,1
CHEMBL4127832,CC(C)c1cc(NC2CCCC2)nnc1C(=O)NC1CCCCC1,EC50,'>',10000.0,nM,1
CHEMBL3590639,C=CCCN1C(=O)/C(=C/NC(C)(C)C)C(=O)c2cccc(C)c21,EC50,'>',10000.0,nM,1
CHEMBL3983354,CCOC(=O)C(CC)(CC)NC(=O)c1ccc(C(F)(F)F)c(OCC2CC2)n1,EC50,'>',10000.0,nM,1
CHEMBL3410700,CCCCOc1cccc2cc(C(=O)NCc3ccccc3)c(=O)oc12,EC50,'>',10000.0,nM,1
CHEMBL4107625,CCC(CC)(NC(=O)c1ccc(C2CC2)c(O[C@H](CCO)C(F)(F)F)n1)C(=O)NC,EC50,'>',10000.0,nM,1
CHEMBL3899121,CN(C)C(=O)[C@H](CC1CC1)NC(=O)c1ccc(C2CC2)c(OCC2CC2)n1,EC50,'>',10000.0,nM,1
CHEMBL1950834,CC(=O)NCCCCCc1cc(S(=O)(=O)c2ccc3c(c2)nc(C(C)(C)C)n3CC2CCOCC2)ccn1,EC50,'>',10000.0,nM,1
CHEMBL3971343,Cc1nc(C(CC(C)C)NC(=O)c2ccc(C3CC(F)(F)C3)c(OCC3CC3)n2)no1,EC50,'>',10000.0,nM,1
CHEMBL3920986,Cc1nc([C@H](CC2CC2)NC(=O)c2ccc(N3CC(F)(F)C3)c(OCC3CC3)n2)no1,EC50,'>',10000.0,nM,1
CHEMBL3922999,CC(C)CSc1cccc(C(=O)N[C@@H](CC(C)C)C(N)=O)n1,EC50,'>',10000.0,nM,1
CHEMBL4115543,CC(C)[C@@](C)(CO)NC(=O)c1cnc(C2CC2)c(OCC2CC2)n1,EC50,'>',10000.0,nM,1
CHEMBL3939531,Cc1nc(C(C)(CS(C)(=O)=O)NC(=O)c2cc(OCC(F)(F)F)c(C3(F)COC3)cn2)no1,EC50,'>',10000.0,nM,1
CHEMBL246093,Nc1cccc(NC(=O)c2cccc(S(=O)(=O)N3CCCCC3)c2)c1,EC50,'<',10000.0,nM,1
CHEMBL3915510,CNC(=O)CC(C)(NC(=O)c1cc(OCC(F)(F)F)c(C2CC2)cn1)C1CC1,EC50,'>',10000.0,nM,1
CHEMBL247938,Cc1ccc(C(=O)Nc2ccccc2)cc1S(=O)(=O)N1CCCCC1,EC50,'<',10000.0,nM,1
CHEMBL3974329,O=C(c1ccc(C2CC2)c(OCC2CC2)n1)N1CCC(O)(C(F)(F)F)C1,EC50,'>',10000.0,nM,1
CHEMBL3962970,CCC(C)(NC(=O)c1cc(OCC(F)(F)F)c(C2CC2)cn1)C(N)=O,EC50,'>',10000.0,nM,1
CHEMBL4115209,Cc1nc([C@@](C)(CC2CC2)NC(=O)c2cc(OCC(F)(F)F)c(Cl)cn2)no1,EC50,'>',10000.0,nM,1
CHEMBL3986371,CC(C)CS(=O)(=O)c1nc(C(=O)N2CCCC2(C)C)ccc1C1CC1,EC50,'>',10000.0,nM,1
CHEMBL3962990,CC(C)(C)N(CC(=O)O)C(=O)c1ccc(N2CC(F)(F)C2)c(OCC2CC2)n1,EC50,'>',10000.0,nM,1
CHEMBL2338179,O=C(N1Cc2ccccc2C1)C12CC3CC(CC(C3)C1)C2,EC50,'>',10000.0,nM,1
CHEMBL521163,O=C(c1ccccc1)N1CCN(S(=O)(=O)c2cc(C(F)(F)F)cc(C(F)(F)F)c2)CC1,EC50,'>',10000.0,nM,1
CHEMBL522945,O=C(Cc1ccc(C(F)(F)F)cc1)NC1CN(S(=O)(=O)c2cc(C(F)(F)F)cc(C(F)(F)F)c2)C1,EC50,'>',10000.0,nM,1
CHEMBL4781798,O=[N+]([O-])CC(c1ccc(C(F)(F)F)cc1)c1c(-c2ccccc2)[nH]c2ccccc12,EC50,'>',10000.0,nM,1
CHEMBL3935162,CC(C)(CO)CNC(=O)c1cc(OCC2CC2)c(Cl)cn1,EC50,'>',10000.0,nM,1
CHEMBL3905942,CC(C)C(CCO)NC(=O)c1cc(OCC2CC2)c(Cl)cn1,EC50,'>',10000.0,nM,1
CHEMBL3898725,C[C@H](Oc1cc(C(=O)NC2(CC(N)=O)COC2)ncc1C1CC1)C(F)(F)F,EC50,'>',10000.0,nM,1
CHEMBL3898241,NC(=O)CC1(NC(=O)c2cc(OCC3CC3)c(N3CC(F)(F)C3)cn2)COC1,EC50,'>',10000.0,nM,1
CHEMBL3945954,CC(CF)Oc1cc(C(=O)NC2(CC(N)=O)CS(=O)(=O)C2)ncc1C1CC1,EC50,'>',10000.0,nM,1
CHEMBL3923278,O=C(c1ccc(N2CC(F)(F)C2)c(OCC2CC2)n1)N1CC(F)(F)C[C@H]1CO,EC50,'>',10000.0,nM,1
CHEMBL3971867,O=C(NNC1CCS(=O)(=O)C1)c1ccc(N2CC(F)(F)C2)c(OCC2CC2)n1,EC50,'>',10000.0,nM,1
CHEMBL3971414,O=C(c1ccc(N2CC(F)(F)C2)c(OCC2CC2)n1)N1C[C@@H]2C[C@H]1CO2,EC50,'>',10000.0,nM,1
CHEMBL3941824,CC1C(c2ccccc2)CCCN1C(=O)c1ccc(N2CC(F)(F)C2)c(OCC2CC2)n1,EC50,'>',10000.0,nM,1
CHEMBL3899976,CNC(=O)[C@H](CC(C)C)NC(=O)c1ccc(C2CC2)c(OCC2CCCO2)n1,EC50,'>',10000.0,nM,1
CHEMBL3962202,O=C(c1ccc(N2CC(F)(F)C2)c(OCC2CC2)n1)N1C[C@H]2CC[C@@H](C1)O2,EC50,'>',10000.0,nM,1
CHEMBL3932973,CC(C)(C)C(NC(=O)c1cc(OCC(F)(F)F)c(C2CC2)cn1)c1nccs1,EC50,'>',10000.0,nM,1
CHEMBL3898883,NC(=O)[C@@H]1CCCCN1C(=O)c1ccc(C2CC2)c(OCC2CC2)n1,EC50,'>',10000.0,nM,1
CHEMBL2338174,COC1CCN(C(=O)C23CC4CC(CC(C4)C2)C3)c2ccccc21,EC50,'>',10000.0,nM,1
CHEMBL2338168,Cc1csc(NC(=O)C23CC4CC(CC(C4)C2)C3)n1,EC50,'>',10000.0,nM,1
CHEMBL3952968,COC(=O)C(C)(C)NC(=O)c1cc(I)c(Cl)cn1,EC50,'>',10000.0,nM,1
CHEMBL3979781,O=C(c1cc(OCC(F)(F)F)c(C2CC2)cn1)N1CC(F)(F)C1,EC50,'>',10000.0,nM,1
CHEMBL3960754,CC1(COc2nc(C(=O)NC(C)(C)c3nccs3)ccc2N2CC(F)(F)C2)COC1,EC50,'>',10000.0,nM,1
CHEMBL4111204,CC[C@@H](NC(=O)c1ccc(C2CC2)c(OCC2CC2)n1)c1noc(C)n1,EC50,'>',10000.0,nM,1
CHEMBL3912664,CNC(=O)CC1(NC(=O)c2cc(OCC(F)(F)F)c(C3CC3)cn2)CS(=O)(=O)C1,EC50,'>',10000.0,nM,1
CHEMBL3933106,CC(C)C[C@H](NC(=O)c1ccc(C2CC2)c(S(=O)(=O)CC(C)C)n1)C(N)=O,EC50,'>',10000.0,nM,1
CHEMBL3965929,CC(C)(NC(=O)c1cccc(-c2cccc(Cl)c2)n1)c1nccs1,EC50,'>',10000.0,nM,1
CHEMBL3972823,CC(C)(CCO)NC(=O)c1cnc(C2CC2)c(OCC2CC2)n1,EC50,'>',10000.0,nM,1
CHEMBL4107400,CNC(=O)[C@@H](NC(=O)c1cnc(N2CC(F)(F)C2)c(OCC2CC2)n1)C(C)(C)C,EC50,'>',10000.0,nM,1
CHEMBL3922649,CC(CC(N)=O)(NC(=O)c1cc(OCCF)c(C2CC2)cn1)C1CC1,EC50,'>',10000.0,nM,1
CHEMBL3923684,CCN(C(=O)c1cc(OCC2CC2)c(C2CC2)cn1)C(C)(C)C,EC50,'>',10000.0,nM,1
CHEMBL3913128,C[C@H](Oc1cc(C(=O)NC(C(=O)N2CCC23COC3)C(C)(C)C)ncc1C1CC1)C(F)(F)F,EC50,'>',10000.0,nM,1
CHEMBL3931137,CNC(=O)CN(C(=O)c1ccc(N2CC(F)(F)C2)c(OCC2CC2)n1)C(C)(C)C,EC50,'>',10000.0,nM,1
CHEMBL3927421,O=C(N[C@@H](CC1CC1)c1nccs1)c1ccc(N2CC(F)(F)C2)c(OCC2CC2)n1,EC50,'>',10000.0,nM,1
CHEMBL3918371,CCCC(C)(CO)NC(=O)c1cc(OCC2CC2)c(Cl)cn1,EC50,'>',10000.0,nM,1
CHEMBL3950558,CC(C)(CO)NC(=O)c1ccc(N2CC(F)(F)C2)c(OCC2CC2)n1,EC50,'>',10000.0,nM,1
CHEMBL566466,COc1ccccc1Nc1ncc(C(=O)N2CCOCC2)c2c(C)c[nH]c12,EC50,'>',10000.0,nM,1
CHEMBL466823,Cc1cnc(NC(=O)C(C)(C)S(=O)(=O)c2ccc(Cl)cc2)s1,EC50,'>',10000.0,nM,1
CHEMBL3897056,Cc1nc(C(C)(CS(C)(=O)=O)NC(=O)c2cc(OCC(F)(F)F)c(C3=CCC3)cn2)no1,EC50,'>',10000.0,nM,1
CHEMBL4799383,O=[N+]([O-])CC(c1cccc2ccccc12)c1c(-c2ccccc2)[nH]c2ccccc12,EC50,'>',10000.0,nM,1
CHEMBL3892349,O=C(NCC1(O)CCCCC1)c1cc(OCC2CC2)c(C2CC2)cn1,EC50,'>',10000.0,nM,1
CHEMBL3889901,O=C(c1ccc(N2CCC(F)(F)C2)c(OCC2CC2)n1)N1CCS(=O)(=O)CC1,EC50,'>',10000.0,nM,1
CHEMBL3981363,Cc1nc(C(C)(CC2CC2)NC(=O)c2cc(OCC(F)(F)F)c(Cl)cn2)no1,EC50,'>',10000.0,nM,1
CHEMBL3968008,CN(C)C(=O)CC1(NC(=O)c2cc(OCC(F)(F)F)c(Cl)cn2)COC1,EC50,'>',10000.0,nM,1
CHEMBL3960308,CNC(=O)[C@H](CC(C)(C)C)NC(=O)c1ccc(C(F)(F)F)c(OCC2CC2)n1,EC50,'>',10000.0,nM,1
CHEMBL3978666,CC(C)(NC(=O)c1ccc(N2CCCC2=O)c(OCC2CC2)n1)c1ncco1,EC50,'>',10000.0,nM,1
CHEMBL3978241,O=C(NN1CCCCC1)c1cccc(C2CCCC2)n1,EC50,'>',10000.0,nM,1
CHEMBL4113850,Cc1nc([C@@](C)(CS(C)(=O)=O)NC(=O)c2cc(OCC(F)(F)F)c(C3CC3)cn2)no1,EC50,'>',10000.0,nM,1
CHEMBL3922433,Cc1nc([C@H](CC(C)C)NC(=O)c2cccc(S(=O)(=O)CC(C)C)n2)no1,EC50,'>',10000.0,nM,1
CHEMBL3918150,Cc1nc(C(C)(CO)NC(=O)c2cc(OCC(F)(F)F)c(C3CC3)cn2)no1,EC50,'>',10000.0,nM,1
CHEMBL3905855,CCC(CC)(NC(=O)c1ccc(C2CC2)c(OCC2CC2)n1)C(=O)NC,EC50,'>',10000.0,nM,1
CHEMBL3984692,C[C@H](Oc1cc(C(=O)NC(c2noc(N)n2)C(C)(C)C)ncc1C1CC1)C(F)(F)F,EC50,'>',10000.0,nM,1
CHEMBL3914591,NC(=O)[C@@H]1CS(=O)(=O)CN1C(=O)c1ccc(C2CC2)c(OCC2CC2)n1,EC50,'>',10000.0,nM,1
CHEMBL1950838,CC(=O)N1CCC(Cn2c(C(C)(C)C)nc3cc(S(=O)(=O)CCCC(F)(F)F)ccc32)CC1,EC50,'>',10000.0,nM,1
CHEMBL3921745,CC(C)(C)C(NC(=O)c1cc(OCC(F)(F)F)c(C2CC2)cn1)C(N)=O,EC50,'>',10000.0,nM,1
CHEMBL3906456,O=C(c1ccc(N2CC(F)(F)C2)c(OCC2CC2)n1)N1CCCC12CCC2,EC50,'>',10000.0,nM,1
CHEMBL3936626,O=C(c1ccc(N2CC(F)(F)C2)c(OCC2CC2)n1)N1CC(F)(C2CC2)C1,EC50,'>',10000.0,nM,1
CHEMBL3948314,Cc1nc(C(C)(CS(C)(=O)=O)NC(=O)c2cc(O[C@@H](C)C(F)(F)F)c(C3(F)CCC3)cn2)no1,EC50,'>',10000.0,nM,1
CHEMBL4075654,C=CCCn1c(=O)n(CC(=O)NC(C)(C)C)c(=O)c2cccc(C)c21,EC50,'>',10000.0,nM,1
CHEMBL3940634,CNC(=O)C(C)(C)NC(=O)c1ccc(C2CC2)c(-c2cccc(Cl)c2)n1,EC50,'>',10000.0,nM,1
CHEMBL3919449,CC(C)(C)NC(=O)c1cc(OCC(F)(F)F)c(C2CC2)cn1,EC50,'>',10000.0,nM,1
CHEMBL3918285,Cc1nnc(C(NC(=O)c2cc(OCC(F)(F)F)c(C3CC3)cn2)C(C)(C)C)o1,EC50,'>',10000.0,nM,1
CHEMBL2338183,O=C(N1CCc2cc(F)ccc21)C12CC3CC(CC(C3)C1)C2,EC50,'>',10000.0,nM,1
CHEMBL567911,Cc1c[nH]c2c(Nc3cccc(Cl)c3)ncc(C(=O)N3CCOCC3)c12,EC50,'=',10000.0,nM,1
CHEMBL3904595,CNC(=O)[C@H](CC1CC1)NC(=O)c1cnc(C2CC2)c(OCC2CC2)n1,EC50,'>',10000.0,nM,1
CHEMBL3922428,NC(=O)C1CS(=O)(=O)CN1C(=O)c1ccc(N2CC(F)(F)C2)c(OCC2CC2)n1,EC50,'>',10000.0,nM,1
CHEMBL3898913,Cc1nc([C@@H](NC(=O)c2cnc(N3CC(F)(F)C3)c(OCC3CC3)n2)C2CC2)no1,EC50,'>',10000.0,nM,1
CHEMBL4062224,CCCn1c(=O)n(CC(=O)NC(C)(C)C)c(=O)c2c(C)cccc21,EC50,'>',10000.0,nM,1
CHEMBL3909495,Cc1ccc(C(=O)N[C@@H](CC2CC2)c2nccs2)nc1OCC1CC1,EC50,'>',10000.0,nM,1
CHEMBL1644679,FC(F)(F)c1cccc(-c2c[nH]c(-c3cccc(CN4CCCCC4)c3)n2)c1,EC50,'>',10000.0,nM,1
CHEMBL3967364,NC(=O)[C@@H]1CC(F)(F)CN1C(=O)c1ccc(C2(F)CCC2)c(OCC2CC2)n1,EC50,'>',10000.0,nM,1
CHEMBL3896366,Cc1nc(C(C)(CC2CC2)NC(=O)c2cc(O[C@@H](C)C(F)(F)F)c(C3(F)COC3)cn2)no1,EC50,'>',10000.0,nM,1
CHEMBL3966730,NC(=O)CC1(NC(=O)c2cc(OCC(F)F)c(C3(F)CCC3)cn2)CS(=O)(=O)C1,EC50,'>',10000.0,nM,1
CHEMBL3939198,Cc1nc(C(C)(C)NC(=O)c2ccc(C3CCCO3)c(-c3cccc(Cl)c3)n2)no1,EC50,'>',10000.0,nM,1
CHEMBL3906134,CCC(CC)(NC(=O)c1ccc(C2CCCC2)c(OCC2CC2)n1)C(=O)NC,EC50,'>',10000.0,nM,1
CHEMBL3590636,CCCCN1C(=O)/C(=C/NC(CC)CC)C(=O)c2cccc(C)c21,EC50,'>',10000.0,nM,1
CHEMBL3590638,CCCN1C(=O)/C(=C/NC(C)(C)C)C(=O)c2cccc(C)c21,EC50,'>',10000.0,nM,1
CHEMBL3588878,Cc1cccc2c1N(CC1CC1)C(=O)/C(=C/NC(C)(C)C)C2=O,EC50,'>',10000.0,nM,1
CHEMBL3930382,NC(=O)[C@@H]1CC(F)(F)CN1C(=O)c1ccc(C2CC2)c(OCC2CC2)n1,EC50,'>',10000.0,nM,1
CHEMBL3965458,CC(C)(CCc1ccccc1)NC(=O)c1cnc(N2CC(F)(F)C2)c(OCC2CC2)n1,EC50,'>',10000.0,nM,1
CHEMBL1644677,CC1CN(Cc2cccc(-c3nc(-c4cccc(C(F)(F)F)c4)c[nH]3)c2)CCO1,EC50,'>',10000.0,nM,1
CHEMBL1644690,CC1CCN(Cc2cccc(-c3nc(-c4cccc(Cl)c4Cl)c[nH]3)c2)CC1,EC50,'>',10000.0,nM,1
CHEMBL3903090,CC1(C)CCCN1C(=O)c1ccc(C2CC2)c(OCC(F)(F)C(F)(F)F)n1,EC50,'>',10000.0,nM,1
CHEMBL3921328,O=C(N[C@@H](CC1CC1)C(=O)NN1CCC(O)C1)c1ccc(C2CC2)c(OCC2CC2)n1,EC50,'>',10000.0,nM,1
CHEMBL3945147,CCC(C)(CO)NC(=O)c1cnc(C2CC2)c(OCC2CC2)n1,EC50,'>',10000.0,nM,1
CHEMBL3893742,NC(=O)CC(NC(=O)c1cc(OCC(F)(F)F)c(C2CC2)cn1)C1CC1,EC50,'>',10000.0,nM,1
CHEMBL3964278,NC(=O)C(CC1CCC1)NC(=O)c1cnc(C2CC2)c(OCC2CC2)n1,EC50,'>',10000.0,nM,1
CHEMBL3915658,CC(C)(O)[C@H](CC1CC1)NC(=O)c1cnc(N2CC(F)(F)C2)c(OCC2CC2)n1,EC50,'>',10000.0,nM,1
CHEMBL496371,COc1ccc2c(c1)N(CC1CCCCC1)C(=O)/C2=N\NC(=O)C1CCCCC1,EC50,'>',10000.0,nM,1
CHEMBL498766,CCCCCN1C(=O)/C(=N\NC(=O)OC(C)(C)C)c2ccc(OC)cc21,EC50,'>',10000.0,nM,1
CHEMBL3898112,CC(C)(NC(=O)c1ccc(N2CCCS2(=O)=O)c(OCC2CC2)n1)c1nccs1,EC50,'>',10000.0,nM,1
CHEMBL4108840,CC(C)(C)[C@H](NC(=O)c1ccc(N2CC(F)(F)C2)c(OCC2CC2)n1)C(=O)N1CC(F)(F)C1,EC50,'>',10000.0,nM,1
CHEMBL3961624,O=C(NN1CCCCC1)c1cccc(C2CCOCC2)n1,EC50,'>',10000.0,nM,1
CHEMBL3952922,CCC(CC)(NC(=O)c1ccc(Cl)c(-c2cccc(Cl)c2)n1)C(=O)NC,EC50,'>',10000.0,nM,1
CHEMBL3955332,Cc1ccc(C(=O)N2CCCCC2)nc1S(=O)(=O)N1CCCCC1,EC50,'>',10000.0,nM,1
CHEMBL3947805,O=C(c1ccc(C2CCCC2)c(OCC2CC2)n1)N1CCS(=O)(=O)CC1,EC50,'>',10000.0,nM,1
CHEMBL3897142,O=C(NC(CCO)C1CC1)c1cc(OCC2CC2)c(Cl)cn1,EC50,'>',10000.0,nM,1
CHEMBL3945306,O=C(NC1(CO)CC1)c1cc(OCC2CC2)c(N2CC(F)(F)C2)cn1,EC50,'>',10000.0,nM,1
CHEMBL3890458,CC(C)[C@](C)(CO)NC(=O)c1cc(Cc2ccc(F)cc2)c(Cl)cn1,EC50,'>',10000.0,nM,1
CHEMBL2338176,COCCOC1CCN(C(=O)C23CC4CC(CC(C4)C2)C3)c2ccccc21,EC50,'>',10000.0,nM,1
CHEMBL2338185,Cc1cccc2c1N(C(=O)C13CC4CC(CC(C4)C1)C3)CC2,EC50,'>',10000.0,nM,1
CHEMBL3934189,O=C(NC1CCCCC1O)c1cccc(C2CCCCC2)n1,EC50,'>',10000.0,nM,1
CHEMBL3984883,Cc1nc(C2(NC(=O)c3ccc(C4CC4)c(OCc4ccccn4)n3)CCC2)no1,EC50,'>',10000.0,nM,1
CHEMBL3939925,CC(C)(C)C(NC(=O)c1cc(OCC(F)(F)F)c(C2CC2)cn1)c1nn[nH]n1,EC50,'>',10000.0,nM,1
CHEMBL3979919,O=C(NC1(c2ncco2)COC1)c1cc(OCC2CC2)c(Cl)cn1,EC50,'>',10000.0,nM,1
CHEMBL3958904,Cc1nc([C@H](CC2CC2)NC(=O)c2ccc(N3CC(F)(F)C3)c(-c3cccc(Cl)c3)n2)no1,EC50,'>',10000.0,nM,1
CHEMBL3957813,CCOC(=O)CCCNc1cc(C(O)(c2ccc(Cl)cc2)c2ccc(Cl)cc2)cc2c(NC3CCN(S(=O)(=O)C(F)(F)F)CC3)cc(OC(C)(C)C)nc12,EC50,'>',10000.0,nM,1
CHEMBL3946687,Cc1cnc(C(C)(C)NC(=O)c2ccc(N3CC(F)(F)C3)c(OCC3CC3)n2)s1,EC50,'>',10000.0,nM,1
CHEMBL3952139,COC(=O)C(C)(C)NC(=O)c1ccc(-c2cc[nH]n2)c(OCC2CC2)n1,EC50,'>',10000.0,nM,1
CHEMBL3975028,O=C(c1ccc(N2CC(F)(F)C2)c(OCC2CC2)n1)N1CCC2(CC(O)CO2)C1,EC50,'>',10000.0,nM,1
CHEMBL3909046,O=C(c1ccc(N2CC(F)(F)C2)c(OCC2CC2)n1)N1[C@@H]2CC[C@H]1COC2,EC50,'>',10000.0,nM,1
CHEMBL3952168,O=C(N[C@H]1CCOC1=O)c1ccc(C2CC2)c(OCC2CC2)n1,EC50,'>',10000.0,nM,1
CHEMBL3977561,CC1(O)CCN(C(=O)c2ccc(N3CC(F)(F)C3)c(OCC3CC3)n2)CC1,EC50,'>',10000.0,nM,1
CHEMBL4112675,CNC(=O)[C@@H](NC(=O)c1ccc(C2CC2)c(OCc2ccccn2)n1)C(C)(C)C,EC50,'>',10000.0,nM,1
CHEMBL3947665,CNC(=O)CC1(NC(=O)c2cc(OCC(F)(F)F)c(N3CC(F)(F)C3)cn2)COC1,EC50,'>',10000.0,nM,1
CHEMBL3955968,O=C(c1cc(OCC(F)(F)F)c(C2CC2)cn1)N1CCCC12COC2,EC50,'>',10000.0,nM,1
CHEMBL4126328,CC(C)c1cc(C(=O)NC2C3CC4CC(C3)CC2C4)nnc1Nc1cccc(Cl)c1,EC50,'>',10000.0,nM,1
CHEMBL3946858,CC(C)(C)NC(=O)c1ccc(C2CC2)c(OCC2CC2)n1,EC50,'>',10000.0,nM,1
CHEMBL4061064,CCCCCn1c(C)cc(=O)n(CC(=O)NC(C)(C)C)c1=O,EC50,'>',10000.0,nM,1
CHEMBL4161266,O=C(NC1(CO)CCCC1)c1nn(-c2c[n+]([O-])ccn2)c2c1C[C@@H]1C[C@H]21,EC50,'>',10000.0,nM,1
CHEMBL2071076,O=C(NCCc1ccc(Cl)cc1)c1cc2cc(Cl)ccc2[nH]1,EC50,'>',10000.0,nM,1
CHEMBL3949331,Cc1nc(C(C)(CC2CC2)NC(=O)c2cc(OC(C)CF)c(C3CC3)cn2)no1,EC50,'>',10000.0,nM,1
CHEMBL3947093,CN1CC(NC(=O)c2ccc(N3CC(F)(F)C3)c(OCC3CC3)n2)CC1=O,EC50,'>',10000.0,nM,1
CHEMBL3924411,COCCC(C)(C)NC(=O)c1cnc(C2CC2)c(OCC2CC2)n1,EC50,'>',10000.0,nM,1
CHEMBL3985966,CC(C)C[C@H](NC(=O)c1ccc(C2CC2)c(OCC2CC2)n1)C(=O)OC(C)(C)C,EC50,'>',10000.0,nM,1
CHEMBL3908071,CC(C)CSc1nc(C(=O)N[C@@H](CC(C)C)C(N)=O)ccc1C1CC1,EC50,'>',10000.0,nM,1
CHEMBL3901244,CC(C)C[C@H](NC(=O)c1ccc(C2CC2)c(Cc2ccc(F)cc2)n1)C(=O)O,EC50,'>',10000.0,nM,1
CHEMBL3960368,CCC(CC)(NC(=O)c1ccc(N2CC(F)(F)C2=O)c(OCC2CC2)n1)C(=O)OC,EC50,'>',10000.0,nM,1
CHEMBL3953313,CNC(=O)[C@H](CC(C)(C)C)NC(=O)c1cccc(-c2cccc(Cl)c2)n1,EC50,'>',10000.0,nM,1
CHEMBL4089308,CCCCCn1c(=O)n(CC(=O)NC(C)(C)C)c(=O)c2c(C)cccc21,EC50,'>',10000.0,nM,1
CHEMBL4127405,O=C(NC12CC3CC(CC(C3)C1)C2)c1ccc(N2CCOCC2)nn1,EC50,'>',10000.0,nM,1
CHEMBL3984450,CNC(=O)[C@H](CC(C)(C)C)NC(=O)c1ccc(N2CCC23COC3)c(OCC2CC2)n1,EC50,'>',10000.0,nM,1
CHEMBL3945464,Cn1nnnc1C(C)(CC1CC1)NC(=O)c1cc(OCC(F)(F)F)c(C2CC2)cn1,EC50,'>',10000.0,nM,1
CHEMBL3933315,Cc1nc(C(C)(NC(=O)c2cc(OCC(F)(F)F)c(C3(F)COC3)cn2)C2CC2)no1,EC50,'>',10000.0,nM,1
CHEMBL4128332,CC(C)c1cc(N2CCN(C)CC2)nnc1C(=O)NC1C2CC3CC(C2)CC1C3,EC50,'>',10000.0,nM,1
CHEMBL3590623,CCCCN1C(=O)/C(=C/NCC2CC2)C(=O)c2cccc(C)c21,EC50,'>',10000.0,nM,1
CHEMBL3590625,CCCCN1C(=O)/C(=C/NN2CCCCC2)C(=O)c2cccc(C)c21,EC50,'>',10000.0,nM,1
CHEMBL3937227,Cc1nc(C(C)(CS(C)(=O)=O)NC(=O)c2cc(OCC(F)(F)F)c(C3CCC3)cn2)no1,EC50,'>',10000.0,nM,1
CHEMBL468275,CC(C)(C(=O)Nc1ccc(Cl)cc1OC(F)(F)F)S(=O)(=O)c1ccc(Cl)cc1,EC50,'>',10000.0,nM,1
CHEMBL3897330,NC(=O)[C@@H]1CC(F)(F)CN1C(=O)c1ccc(C2(F)COC2)c(OCC2CC2)n1,EC50,'>',10000.0,nM,1
CHEMBL3958336,Cc1nc(C(C)(CC(C)(C)C)NC(=O)c2cc(OCC(F)(F)F)c(Cl)cn2)no1,EC50,'>',10000.0,nM,1
CHEMBL1950928,CC(=O)N1CCC(Cn2c(C(C)(C)C)nc3cc(S(=O)(=O)C4CCCC4)ccc32)CC1,EC50,'>',10000.0,nM,1
CHEMBL3980218,CC(CC(N)=O)(NC(=O)c1cc(OCC(F)F)c(C2CC2)cn1)C1CC1,EC50,'>',10000.0,nM,1
CHEMBL3903056,CC(C)(C)C(NC(=O)c1cc(OCC(F)(F)F)c(C2CC2)cn1)C(=O)N1CCC12COC2,EC50,'>',10000.0,nM,1
CHEMBL2205586,COCC(C)(C)NC(=O)c1c(NC(=O)c2ccccc2OC(F)(F)F)sc2c1CCOC2,EC50,'>',10000.0,nM,1
CHEMBL3916573,CC(C)(C)C(NC(=O)c1cc(OCC(F)(F)F)c(C2CC2)cn1)C(=O)N1CC(F)(F)C1,EC50,'>',10000.0,nM,1
CHEMBL1950930,CC(=O)N1CCC(Cn2c(C(C)(C)C)nc3cc(S(=O)(=O)CCCO)ccc32)CC1,EC50,'>',10000.0,nM,1
CHEMBL3976322,CC1(C)CCCN1C(=O)c1ccc(OCC2CC2)c(Cl)n1,EC50,'>',10000.0,nM,1
CHEMBL1209574,CCN1CCN(C(=O)c2cn3c4c(cccc24)OC[C@@H]3C2CCCCC2)CC1,EC50,'>',10000.0,nM,1
CHEMBL3410705,CCCCOc1cccc2cc(C(=O)NC(C)(C)C)c(=O)oc12,EC50,'>',10000.0,nM,1
CHEMBL3410701,CCCCOc1cccc2cc(C(=O)NC3CCCC3)c(=O)oc12,EC50,'>',10000.0,nM,1
CHEMBL3942450,CC(C)N(C(=O)c1ccc(N2CC(F)(F)C2)c(OCC2CC2)n1)C(C)C,EC50,'>',10000.0,nM,1
CHEMBL2205608,O=C(Nc1sc2c(c1C(=O)N1CCOCC1)CCOC2)c1cccc(OC(F)(F)F)c1,EC50,'>',10000.0,nM,1
CHEMBL525380,CCCCCN1C(=O)/C(=N\NC(=O)C2CCCCC2)c2ccc(OC)cc21,EC50,'>',10000.0,nM,1
CHEMBL2205607,O=C(Nc1sc2c(c1C(=O)N1CCOCC1)CCOC2)c1ccccc1OC(F)(F)F,EC50,'>',10000.0,nM,1
CHEMBL3918466,CC(=O)NC1CCN(C(=O)c2ccc(N3CC(F)(F)C3)c(OCC3CC3)n2)C1,EC50,'>',10000.0,nM,1
CHEMBL2205606,O=C(Nc1sc2c(c1C(=O)N1CCOCC1)CCOC2)c1ccccc1OC(F)F,EC50,'>',10000.0,nM,1
CHEMBL3357387,CC(C)(C)Cc1nc2cc(S(=O)(=O)C3CN(C(N)=O)C3)ccc2n1CC1(O)CCOCC1,EC50,'=',10000.0,nM,1
CHEMBL1950932,CC(=O)N1CCC(Cn2c(C(C)(C)C)nc3cc(S(=O)(=O)c4ccncc4)ccc32)CC1,EC50,'>',10000.0,nM,1
CHEMBL3962778,CC(C)(C#N)NC(=O)c1cc(OCC2CC2)c(Cl)cn1,EC50,'>',10000.0,nM,1
CHEMBL1644737,FC1CCN(Cc2ccccc2-c2nc(-c3cccc(C(F)(F)F)c3)c[nH]2)CC1,EC50,'>',10000.0,nM,1
CHEMBL3963165,CC(C)(C)[C@H](CO)NC(=O)c1cc(OCC2CC2)c(Cl)cn1,EC50,'>',10000.0,nM,1
CHEMBL495966,CCCCCN1C(=O)/C(=N\NC(=O)CC(C)C)c2ccc(OC)cc21,EC50,'>',10000.0,nM,1
CHEMBL3922265,CC1(C)COCN1C(=O)c1ccc(N2CC(F)(F)C2)c(OCC2CC2)n1,EC50,'>',10000.0,nM,1
CHEMBL496369,CCCCCN1C(=O)/C(=N\NC(=O)CC2CCCCC2)c2ccc(OC)cc21,EC50,'>',10000.0,nM,1
CHEMBL3926154,CC(C)CC(C)(CO)NC(=O)c1cc(OCC2CC2)c(Cl)cn1,EC50,'>',10000.0,nM,1
CHEMBL496370,CCCCCN1C(=O)/C(=N\NC(=O)C(C)(C)C)c2ccc(OC)cc21,EC50,'>',10000.0,nM,1
CHEMBL3908088,CN(C)C(=O)c1ccc(N2CC(F)(F)C2)c(OCC2CC2)n1,EC50,'>',10000.0,nM,1
CHEMBL3905334,CC1(C)CC(C(N)=O)N(C(=O)c2ccc(N3CC(F)(F)C3)c(OCC3CC3)n2)C1,EC50,'>',10000.0,nM,1
CHEMBL3982567,NC(=O)CC1(NC(=O)c2cc(OCCF)c(C3CC3)cn2)CS(=O)(=O)C1,EC50,'>',10000.0,nM,1
CHEMBL3900539,O=C(NCC1(CO)CCCC1)c1cc(OCC2CC2)c(Cl)cn1,EC50,'>',10000.0,nM,1
CHEMBL570683,O=C(c1cc(-c2cccc(Cl)c2Cl)cnc1N1CCCCCC1)N1CCOCC1,EC50,'=',10000.0,nM,1
CHEMBL5093884,O=[N+]([O-])CC(c1ccccc1)c1c(-c2cn[nH]c2)[nH]c2ccccc12,EC50,'>',10000.0,nM,1
CHEMBL3983111,NC(=O)[C@@H]1CSCN1C(=O)c1ccc(N2CC(F)(F)C2)c(OCC2CC2)n1,EC50,'>',10000.0,nM,1
CHEMBL3943185,CNC(=O)C(NC(=O)c1cc(OCC(F)(F)F)c(C2CC2)cn1)C(C)(C)O,EC50,'>',10000.0,nM,1
CHEMBL3976098,Cc1nc([C@H](CC2CC2)NC(=O)c2ccc(C3CC3)c(OCC3CC3)n2)no1,EC50,'>',10000.0,nM,1
CHEMBL4109609,Cc1nc([C@@H](C)NC(=O)c2ccc(C3CC3)c(OCC3CC3)n2)no1,EC50,'>',10000.0,nM,1
CHEMBL3901550,CC(CC1CC1)(NC(=O)c1cc(OCC(F)(F)F)c(C2CC2)cn1)c1noc(N)n1,EC50,'>',10000.0,nM,1
CHEMBL3890455,Cc1nc(C(C)(NC(=O)c2cc(OCC(F)(F)F)c(N3CC(F)(F)C3)cn2)C2CC2)no1,EC50,'>',10000.0,nM,1
CHEMBL3941576,COCCN(C(=O)c1ccc(N2CC(F)(F)C2)c(OCC2CC2)n1)C(C)(C)C,EC50,'>',10000.0,nM,1
CHEMBL3913153,Cc1nnc(CN(C(=O)c2ccc(N3CC(F)(F)C3)c(OCC3CC3)n2)C2CC2)o1,EC50,'>',10000.0,nM,1
CHEMBL3915090,CC(C)[C@](C)(CO)NC(=O)c1cnc(C2CC2)c(OCC2CC2)n1,EC50,'>',10000.0,nM,1
CHEMBL3959709,CC1(NC(=O)c2ccc(N3CC(F)(F)C3)c(OCC3CC3)n2)COC1,EC50,'>',10000.0,nM,1
CHEMBL3957242,NC(=O)CC1(NC(=O)c2cc(OCC(F)(F)F)c(C3CCC3)cn2)CS(=O)(=O)C1,EC50,'>',10000.0,nM,1
CHEMBL3913533,CC1(C)CN(C(=O)c2ccc(N3CC(F)(F)C3)c(OCC3CC3)n2)CCO1,EC50,'>',10000.0,nM,1
CHEMBL4740434,Cn1cncc1C(C[N+](=O)[O-])c1c(-c2ccccc2)[nH]c2ccccc12,EC50,'>',10000.0,nM,1
CHEMBL3590619,CCCCN1C(=O)/C(=C/Nc2ccc(F)cc2)C(=O)c2cccc(C)c21,EC50,'>',10000.0,nM,1
CHEMBL3590378,CCc1c(C(=O)OCCc2ccc(NC)cc2)[nH]c2ccc(Cl)cc12,EC50,'<',10000.0,nM,1
CHEMBL500134,O=C(CCc1nc(-c2ccc(F)cc2Cl)no1)Nc1ccc(C(F)(F)F)cc1Cl,EC50,'>',10000.0,nM,1
CHEMBL2205602,O=C(Nc1sc2c(c1C(=O)N1CCOCC1)CCOC2)c1ccc(Cl)cc1,EC50,'>',10000.0,nM,1
CHEMBL4084719,CCCCCn1c(=O)n(CC(=O)NCCCC)c(=O)c2ccccc21,EC50,'>',10000.0,nM,1
CHEMBL453993,CCn1c2ccccc2c2cc(NC(=O)CCn3cc(-c4ccccc4F)nn3)ccc21,EC50,'>',10000.0,nM,1
CHEMBL4129867,CC(C)c1cc(N2CCOCC2)nnc1C(=O)NC1C2CC3CC(C2)CC1C3,EC50,'>',10000.0,nM,1
CHEMBL5094001,CC(C)(C)OC(=O)n1c(-c2[nH]c3ccccc3c2C(C[N+](=O)[O-])c2ccccc2)cc2ccccc21,EC50,'>',10000.0,nM,1
CHEMBL3947055,CC(C)(NC(=O)c1ccc(C2CC2)c(OCC(F)(F)F)n1)c1nccs1,EC50,'>',10000.0,nM,1
CHEMBL2205585,COCC(C)(C)NC(=O)c1c(NC(=O)c2ccccc2C(F)(F)F)sc2c1CCOC2,EC50,'>',10000.0,nM,1
CHEMBL499331,CCn1c2ccccc2c2cc(NC(=O)CCc3cc(-c4ccccc4F)n(C)n3)ccc21,EC50,'>',10000.0,nM,1
CHEMBL4127293,CC(C)c1cc(C(=O)NC2C3CC4CC(C3)CC2C4)nnc1NC1CCCCC1,EC50,'>',10000.0,nM,1
CHEMBL3948481,Cc1nc(C(C)(CC2CC2)NC(=O)c2cnc(N3CC(F)(F)C3)c(OCC3CC3)n2)no1,EC50,'>',10000.0,nM,1
CHEMBL3906836,CN(C(=O)c1ccc(N2CC(F)(F)C2)c(OCC2CC2)n1)c1ccccc1,EC50,'>',10000.0,nM,1
CHEMBL1950839,CCC(=O)N1CCC(Cn2c(C(C)(C)C)nc3cc(S(=O)(=O)CCCC(F)(F)F)ccc32)CC1,EC50,'>',10000.0,nM,1
CHEMBL3410694,CCCOc1cccc2cc(C(=O)NC3CCCCC3)c(=O)oc12,EC50,'>',10000.0,nM,1
CHEMBL3941072,Cc1nc(C(C)(C)NC(=O)c2ccc(C(F)(F)F)c(OCC3CC3)n2)no1,EC50,'>',10000.0,nM,1
CHEMBL3915811,CC(=O)N1CCC(N(C(=O)c2ccc(N3CC(F)(F)C3)c(OCC3CC3)n2)C2CC2)CC1,EC50,'>',10000.0,nM,1
CHEMBL2204897,COCCNC(=O)c1c(NC(=O)C2CCC2)sc2c1CCCC2,EC50,'>',10000.0,nM,1
CHEMBL3905510,Cc1nc(C(C)(C)NC(=O)c2cnc(N3CCC3)c(-c3cccc(Cl)c3)n2)no1,EC50,'>',10000.0,nM,1
CHEMBL3899606,NC(=O)C1CS(=O)(=O)CN1C(=O)c1ccc(C2(O)CCC2)c(OCC2CC2)n1,EC50,'>',10000.0,nM,1
CHEMBL2204904,O=C(CN1CCCC1)Nc1sc2c(c1C(=O)N1CC(F)(F)C1)CCCC2,EC50,'>',10000.0,nM,1
CHEMBL2205583,COCCNC(=O)c1c(NC(=O)c2ccccc2OC(F)(F)F)sc2c1CCOC2,EC50,'>',10000.0,nM,1
CHEMBL3953148,CC(C)(C)C(NC(=O)c1cc(OCC2CC2)c(N2CC(F)(F)C2)cn1)C(N)=O,EC50,'>',10000.0,nM,1
CHEMBL3975079,Cc1nc(C(NC(=O)c2cc(O[C@@H](C)C(F)(F)F)c(C3CC3)cn2)C2(C)COC2)no1,EC50,'>',10000.0,nM,1
CHEMBL1800685,O=C(O)c1cc(-c2ccc(C3CCNCC3)cc2)c2ccc(-c3ccc(C(F)(F)F)cc3)cc2c1,EC50,'>',10000.0,nM,1
CHEMBL3978368,O=C(NC1CCOCC1)c1cccc(-c2cccc(Cl)c2)n1,EC50,'>',10000.0,nM,1
CHEMBL3977674,O=C(NC1(CO)CCCC1)c1ccc(C2CC2)c(OCC2CC2)n1,EC50,'>',10000.0,nM,1
CHEMBL3925709,Cc1nc(C(C)(NC(=O)c2ccc(N3CC(F)(F)C3)c(OCC3CC3)n2)C2CC2)no1,EC50,'>',10000.0,nM,1
CHEMBL3968149,Cc1nc(C(C)(C)NC(=O)c2cnc(N3CC(F)(F)C3)c(-c3cccc(Cl)c3)n2)no1,EC50,'>',10000.0,nM,1
CHEMBL2338181,CC1(C)CN(C(=O)C23CC4CC(CC(C4)C2)C3)c2ccccc21,EC50,'>',10000.0,nM,1
CHEMBL466390,COc1ccc(S(=O)(=O)C(C)(C)C(=O)Nc2cnc3ccccc3c2)c(Cl)c1,EC50,'>',10000.0,nM,1
CHEMBL4061661,CCCCCn1c(=O)n(CC(=O)NC2CCCCC2)c(=O)c2c(OC)cccc21,EC50,'>',10000.0,nM,1
CHEMBL4092467,C=CCCn1c(=O)n(CC(=O)NC(C)(C)C)c(=O)c2c(C)cccc21,EC50,'>',10000.0,nM,1
CHEMBL4093412,CCCCCn1c(=O)n(CC(=O)NC(C)(C)C)c(=O)c2cccc(C)c21,EC50,'>',10000.0,nM,1
CHEMBL3909578,CCC(CC)(NC(=O)c1cc(OCC2CC2)c(C2CC2)cn1)C(=O)NC,EC50,'>',10000.0,nM,1
CHEMBL3958269,O=C(NC1(c2nccs2)COC1)c1cc(OCC2CC2)c(Cl)cn1,EC50,'>',10000.0,nM,1
CHEMBL3974511,CNC(=O)[C@H](CC(C)C)NC(=O)c1cnc(N2CC(F)(F)C2)c(OCC2CC2)n1,EC50,'>',10000.0,nM,1
CHEMBL3909733,CCCCNc1cc(C(c2ccc(Cl)cc2)c2ccc(Cl)cc2)cc2c(NC3CCN(S(=O)(=O)C(F)(F)F)CC3)cc(=O)n(C)c12,EC50,'>',10000.0,nM,1
CHEMBL3916188,Cc1cc(C(C)(C)NC(=O)c2cccc(-c3cccc(Cl)c3)n2)on1,EC50,'>',10000.0,nM,1
CHEMBL4441585,Cn1c(-c2ccccc2)c(C(C[N+](=O)[O-])c2ccccc2)c2ccccc21,EC50,'>',10000.0,nM,1
CHEMBL3966218,CC(C)(C)C(NC(=O)c1cc(OCC(F)(F)F)c(N2CC(F)(F)C2)cn1)C(N)=O,EC50,'>',10000.0,nM,1
CHEMBL3941427,NC(=O)C1CSCCN1C(=O)c1ccc(C2CC2)c(OCC2CC2)n1,EC50,'>',10000.0,nM,1
CHEMBL4110908,C[n+]1n[nH]nc1C(NC(=O)c1cc(OCC(F)(F)F)c(C2CC2)cn1)C(C)(C)C,EC50,'>',10000.0,nM,1
CHEMBL4110327,NC(=O)[C@H]1N(C(=O)c2ccc(N3CC(F)(F)C3)c(OCC3CC3)n2)CCC12CC2,EC50,'>',10000.0,nM,1
CHEMBL3971251,Cc1nnc(C(C)(CC2COC2)NC(=O)c2cc(O[C@@H](C)C(F)(F)F)c(C3CC3)cn2)o1,EC50,'>',10000.0,nM,1
CHEMBL3934807,CC(C)(NC(=O)c1ccc(C2CCOCC2)c(OCC2CC2)n1)c1ncco1,EC50,'>',10000.0,nM,1
CHEMBL3904932,NC(=O)[C@H](CC1CC1)NC(=O)c1ccc(C(F)(F)F)c(OCC2CC2)n1,EC50,'>',10000.0,nM,1
CHEMBL3936958,CC(C)CS(=O)(=O)c1nc(C(=O)N[C@@H](c2cccnc2)C(F)(F)F)ccc1C1CC1,EC50,'>',10000.0,nM,1
CHEMBL4112366,CC1(C)C[C@H](C(N)=O)N(C(=O)c2ccc(C3CC3)c(OCC3CC3)n2)C1,EC50,'>',10000.0,nM,1
CHEMBL3983760,NC(=O)[C@@H]1CS(=O)(=O)CN1C(=O)c1ccc(N2CC(F)(F)C2)c(OCC2CC2)n1,EC50,'>',10000.0,nM,1
CHEMBL3941977,O=c1cc(NCC2CNC2)c2cc(C(c3ccc(Cl)cc3)c3nccs3)ccc2[nH]1,EC50,'>',10000.0,nM,1
CHEMBL4108930,NC(=O)[C@H]1CCCCN1C(=O)c1ccc(C2CC2)c(OCC2CC2)n1,EC50,'>',10000.0,nM,1
CHEMBL521596,O=C(Cc1ccc(C(F)(F)F)cc1)N1CC(NS(=O)(=O)c2cc(C(F)(F)F)cc(C(F)(F)F)c2)C1,EC50,'>',10000.0,nM,1
CHEMBL3893838,Cc1nnc(C(C)(CC2CC2)NC(=O)c2cc(OCC(F)(F)F)c(C3CC3)cn2)o1,EC50,'>',10000.0,nM,1
CHEMBL4110162,CC(C)C[C@](C)(CO)NC(=O)c1cc(OCC2CC2)c(Cl)cn1,EC50,'>',10000.0,nM,1
CHEMBL3895595,NC(=O)CC1(NC(=O)c2cc(OCC3CC3)c(N3CC(F)(F)C3)cn2)CS(=O)(=O)C1,EC50,'>',10000.0,nM,1
CHEMBL3966887,CC1(C(NC(=O)c2cc(OCC(F)(F)F)c(C3CC3)cn2)C(N)=O)COC1,EC50,'>',10000.0,nM,1
CHEMBL4064201,Cc1cccc2c(=O)n(CC(=O)NC(C)(C)C)c(=O)n(CC3CC3)c12,EC50,'>',10000.0,nM,1
CHEMBL4110606,CCC[C@H](CO)NC(=O)c1cc(OCC2CC2)c(Cl)cn1,EC50,'>',10000.0,nM,1
CHEMBL3932727,O=C(NC1CCCCC1O)c1ccc(N2CC(F)(F)C2)c(OCC2CC2)n1,EC50,'>',10000.0,nM,1
CHEMBL246712,Cc1ccc(C(=O)O)cc1S(=O)(=O)N1CCCCC1,EC50,'<',10000.0,nM,1
CHEMBL248140,Cc1ccc(NC(=O)c2ccc(C)c(S(=O)(=O)N3CCCCC3)c2)cc1,EC50,'<',10000.0,nM,1
CHEMBL3929186,CC(C)(CCN1CCOCC1)NC(=O)c1ccc(N2CCCC2)c(OCC2CC2)n1,EC50,'>',10000.0,nM,1
CHEMBL3924273,Cc1nc([C@H](CC2CC2)NC(=O)c2ccc(C3CC3)c(S(=O)(=O)CC(C)C)n2)no1,EC50,'>',10000.0,nM,1
CHEMBL3956121,CNC(=O)[C@H](CC(C)C)NC(=O)c1cccc(-c2ccccc2)n1,EC50,'>',10000.0,nM,1
CHEMBL567087,Cc1cn(C)c2c(Nc3cccc(Cl)c3)ncc(C(=O)N3CCOCC3)c12,EC50,'=',10000.0,nM,1
CHEMBL3907426,Cc1nc(C(NC(=O)c2ccc(N3CCC34COC4)c(OCC3CC3)n2)C2CC2)no1,EC50,'>',10000.0,nM,1
CHEMBL3986747,CC(C)C[C@H](NC(=O)c1cccc(S(=O)(=O)CC(C)C)n1)C(N)=O,EC50,'>',10000.0,nM,1
CHEMBL4164926,CC1(NC(=O)c2nn(-c3c[n+]([O-])ccn3)c3c2C[C@@H]2C[C@H]32)CC1,EC50,'>',10000.0,nM,1
CHEMBL3895301,CC(C)(NC(=O)c1ccc(C2CC2)c(OCC2CC2)n1)c1noc(N)n1,EC50,'>',10000.0,nM,1
CHEMBL3897938,O=C(N[C@@H](CC1CC1)c1nccs1)c1ccc(C2CC2)c(OCC2CC2)n1,EC50,'>',10000.0,nM,1
CHEMBL3910961,CCC(CC)(NC(=O)c1ccc(C2CC2)c(-c2cccc(Cl)c2)n1)C(=O)NC,EC50,'>',10000.0,nM,1
CHEMBL3905195,Cc1nc([C@](C)(CS(C)(=O)=O)NC(=O)c2cc(OCC(F)(F)F)c(C3CC3)cn2)no1,EC50,'>',10000.0,nM,1
CHEMBL3954854,Cc1nc(C(C)(CS(C)(=O)=O)NC(=O)c2cc(OCC(F)F)c(C3CC3)cn2)no1,EC50,'>',10000.0,nM,1
CHEMBL3969085,O=C(c1ccc(C2CC2)c(OCC2CC2)n1)N1CCC(C(O)C(F)(F)F)C1,EC50,'>',10000.0,nM,1
CHEMBL4106455,COC[C@H]1CCCN1C(=O)c1ccc(N2CC(F)(F)C2)c(OCC2CC2)n1,EC50,'>',10000.0,nM,1
CHEMBL3974159,O=C(OCc1ccccc1)N1CCN(C(=O)c2ccc(N3CC(F)(F)C3)c(OCC3CC3)n2)CC1,EC50,'>',10000.0,nM,1
CHEMBL3898677,CC1(C)C[C@@H](C(N)=O)N(C(=O)c2ccc(N3CC(F)(F)C3)c(OCC3CC3)n2)C1,EC50,'>',10000.0,nM,1
CHEMBL3940625,CC(C)(CC(N)=O)NC(=O)c1cnc(C2CC2)c(OCC2CC2)n1,EC50,'>',10000.0,nM,1
CHEMBL3950329,CCC(CC)(NC(=O)c1ccc(C(F)(F)F)c(OCC2CC2)n1)C(=O)O,EC50,'>',10000.0,nM,1
CHEMBL3969983,Cc1nc(C(C)(C)NC(=O)c2ccc(C3CC3)c(OCC3CCCO3)n2)no1,EC50,'>',10000.0,nM,1
CHEMBL1950924,CCS(=O)(=O)c1ccc2c(c1)nc(C(C)(C)C)n2CC1CCS(=O)(=O)CC1,EC50,'>',10000.0,nM,1
CHEMBL3981922,O=C(c1ccc(N2CC(F)(F)C2)c(OCC2CC2)n1)N1CC(F)(F)C1,EC50,'>',10000.0,nM,1
CHEMBL3942402,CC(C)(C)C(NC(=O)c1cc(OCC(F)(F)F)c(C2CC2)cn1)c1noc(N)n1,EC50,'>',10000.0,nM,1
CHEMBL3927657,O=C(c1ccc(N2CC(F)(F)C2)c(OCC2CC2)n1)N1CC(F)(CO)C1,EC50,'>',10000.0,nM,1
CHEMBL3971020,NC(=O)C1CCCCN1C(=O)c1ccc(C2CC2)c(OCC2CC2)n1,EC50,'>',10000.0,nM,1
CHEMBL4128922,CC(C)c1cc(NC2CCCC2)nnc1C(=O)NC12CC3CC(CC(C3)C1)C2,EC50,'>',10000.0,nM,1
CHEMBL3921283,CC1(C)COCN1C(=O)c1ccc(OC(F)(F)F)c(OCC2CC2)n1,EC50,'>',10000.0,nM,1
CHEMBL3912335,CC1(C)COCN1C(=O)c1ccc(OCC2CC2)c(Cl)n1,EC50,'>',10000.0,nM,1
CHEMBL4130290,CCCCNc1cc(C(C)C)c(C(=O)NC23CC4CC(CC(C4)C2)C3)nn1,EC50,'=',10000.0,nM,1
CHEMBL4126592,CC(C)c1cc(N2CCOCC2)nnc1C(=O)NC12CC3CC(CC(C3)C1)C2,EC50,'>',10000.0,nM,1
CHEMBL3929248,NC(=O)[C@@H]1CC(F)(F)CN1C(=O)c1ccc(C2CC2)c(OCC2CCCO2)n1,EC50,'>',10000.0,nM,1
CHEMBL3894382,CC(C)C[C@H](NC(=O)c1ccc(N2CC(F)(F)C2)c(OCC2CC2)n1)C(=O)N1CC(F)(F)C1,EC50,'>',10000.0,nM,1
CHEMBL3961521,O=C(c1ccc(N2CC(F)(F)C2)c(OCC2CC2)n1)N1CCCC12CC2,EC50,'>',10000.0,nM,1
CHEMBL3890211,O=C(c1ccc(C2CC2)c(Cc2ccc(F)cc2)n1)N1CCCC12CCNCC2,EC50,'>',10000.0,nM,1
CHEMBL4112339,NC(=O)[C@H]1CC(F)(F)CN1C(=O)c1ccc(C2CC2)c(OCC(F)(F)C(F)(F)F)n1,EC50,'>',10000.0,nM,1
CHEMBL3935791,O=C(c1ccc(N2CC(F)(F)C2)c(OCC2CC2)n1)N1CC2CCOC2C1,EC50,'>',10000.0,nM,1
CHEMBL3913393,Cc1nc([C@H](CC2CC2)NC(=O)c2cccc(-c3cccc(Cl)c3)n2)no1,EC50,'>',10000.0,nM,1
CHEMBL3939355,CNC(=O)[C@H](CC(C)(C)C)NC(=O)c1ccc(C2CC2)c(OCC2CCOCC2)n1,EC50,'>',10000.0,nM,1
CHEMBL3902630,O=C(c1ccc(N2CCCC2)c(OCC2CC2)n1)N1CC2(COC2)C1,EC50,'>',10000.0,nM,1
CHEMBL3929821,O=C(c1ccc(N2CC(F)(F)C2)c(OCC2CC2)n1)N1CC2(CCCO2)C1,EC50,'>',10000.0,nM,1
CHEMBL3959496,Cc1nc(C(C)(C)NC(=O)c2ccc(C3CCCC3)c(-c3cccc(Cl)c3)n2)no1,EC50,'>',10000.0,nM,1
CHEMBL3964412,Cc1nc(C(C)(C)NC(=O)c2cccc(-c3ccc(Cl)c(F)c3)n2)no1,EC50,'>',10000.0,nM,1
CHEMBL3967292,CCC(CC)(NC(=O)c1ccc(C2CC2)c(OCC2CC2)n1)C(=O)NCCOC,EC50,'>',10000.0,nM,1
CHEMBL3974280,NC(=O)[C@H](CC1CC1)NC(=O)c1ccc(N2CC(F)(F)C2)c(OCC2CC2)n1,EC50,'>',10000.0,nM,1
CHEMBL4127676,CC(C)c1cc(NCCO)nnc1C(=O)NC12CC3CC(CC(C3)C1)C2,EC50,'>',10000.0,nM,1
CHEMBL4109463,CN1C(=O)CN(C(=O)c2ccc(N3CC(F)(F)C3)c(OCC3CC3)n2)[C@@H]1C(C)(C)C,EC50,'>',10000.0,nM,1
CHEMBL3949921,Cc1nc(C(C)(CC2CC2)NC(=O)c2ccc(N3CC(F)(F)C3)c(OCC3CC3)n2)no1,EC50,'>',10000.0,nM,1
CHEMBL3959714,CC1(O)C[C@@H](C(N)=O)N(C(=O)c2ccc(N3CC(F)(F)C3)c(OCC3CC3)n2)C1,EC50,'>',10000.0,nM,1
CHEMBL3938227,CC(C)C[C@H](NC(=O)c1ccc(C2(O)COC2)c(OCC2CC2)n1)C(N)=O,EC50,'>',10000.0,nM,1
CHEMBL477867,O=C(C1CCCCC1)N1CCN(S(=O)(=O)c2cccc(C(F)(F)F)c2)CC1,EC50,'>',10000.0,nM,1
CHEMBL477964,O=C(C1CC1)N1CCN(S(=O)(=O)c2ccc(Cl)cc2)CC1,EC50,'>',10000.0,nM,1
CHEMBL1950926,CC(=O)N1CCC(Cn2c(C(C)(C)C)nc3cc(S(=O)(=O)CC4CC4)ccc32)CC1,EC50,'>',10000.0,nM,1
CHEMBL4162987,CC(C)(C)[C@@H](CO)NC(=O)c1nn(-c2cnccn2)c2c1C[C@H]1C[C@@H]21,EC50,'>',10000.0,nM,1
CHEMBL3959188,CC(C)C[C@H](NC(=O)c1cnc(C2CC2)c(OCC2CC2)n1)C(=O)N(C)C,EC50,'>',10000.0,nM,1
CHEMBL3893333,Cc1nc([C@@](C)(NC(=O)c2ccc(C3CC3)c(S(=O)(=O)CC(C)C)n2)C2CC2)no1,EC50,'>',10000.0,nM,1
CHEMBL3939624,O=C(NC1CCCOC1)c1cccc(-c2cccc(Cl)c2)n1,EC50,'>',10000.0,nM,1
CHEMBL3933825,CC(C)(NC(=O)c1ccc(C2CCOC2)c(-c2cccc(Cl)c2)n1)c1nccs1,EC50,'>',10000.0,nM,1
CHEMBL3902921,CN(C)C(=O)C(CC1CCC1)NC(=O)c1cnc(C2CC2)c(OCC2CC2)n1,EC50,'>',10000.0,nM,1
CHEMBL3900364,Cc1nc([C@@H](NC(=O)c2cnc(C3CC3)c(OCC3CC3)n2)C2CC2)no1,EC50,'>',10000.0,nM,1
CHEMBL3410710,CCCCOc1cccc2cc(C(=O)NC(C)C)c(=O)oc12,EC50,'>',10000.0,nM,1
CHEMBL1950833,COCCCc1cc(S(=O)(=O)c2ccc3c(c2)nc(C(C)(C)C)n3CC2CCOCC2)ccn1,EC50,'>',10000.0,nM,1
CHEMBL3961882,CC(CC1CC1)(NC(=O)c1cc(OCC(F)(F)F)c(C2CC2)cn1)c1nnn[nH]1,EC50,'>',10000.0,nM,1
CHEMBL3933180,O=C(NC1(c2nccs2)COC1)c1cc(OCC2CC2)c(C2CC2)cn1,EC50,'>',10000.0,nM,1
CHEMBL3973847,C[C@H](Oc1cc(C(=O)NC(c2nnn(C)n2)C(C)(C)C)ncc1C1CC1)C(F)(F)F,EC50,'>',10000.0,nM,1
CHEMBL3963634,CC(C)(O)[C@H](CC1CC1)NC(=O)c1ccc(N2CC(F)(F)C2)c(OCC2CC2)n1,EC50,'>',10000.0,nM,1
CHEMBL3956205,NC(=O)CC1(NC(=O)c2cc(OCC(F)(F)F)c(N3CC(F)(F)C3)cn2)CS(=O)(=O)C1,EC50,'>',10000.0,nM,1
CHEMBL3924010,Cc1nc(C(C)(CS(C)(=O)=O)NC(=O)c2cc(OCC(F)(F)F)c(C3(O)CCC3)cn2)no1,EC50,'>',10000.0,nM,1
CHEMBL4756659,O=[N+]([O-])CC(c1ccc(-c2ccccc2)cc1)c1c(-c2ccccc2)[nH]c2ccccc12,EC50,'>',10000.0,nM,1
CHEMBL3942708,CC(C)(CCN1CCOCC1)NC(=O)c1ccc(C2CC2)c(OCC2CC2)n1,EC50,'>',10000.0,nM,1
CHEMBL3919391,CC(C)C(NC(=O)c1cnc(N2CC(F)(F)C2)c(OCC2CC2)n1)C(=O)N(C)C,EC50,'>',10000.0,nM,1
CHEMBL3966497,Cc1nc([C@H](CC(C)C)NC(=O)c2cccc(C(O)c3ccc(F)cc3)n2)no1,EC50,'>',10000.0,nM,1
CHEMBL3904541,C[C@H](Oc1cc(C(=O)NC2(CC(N)=O)CS(=O)(=O)C2)ncc1C1(F)COC1)C(F)(F)F,EC50,'>',10000.0,nM,1
CHEMBL3907596,CN(C)C(=O)C(NC(=O)c1cc(OCC(F)(F)F)c(C2CC2)cn1)C(C)(C)C,EC50,'>',10000.0,nM,1
CHEMBL3926374,C[C@H](Oc1cc(C(=O)NC(C)(CC(N)=O)C2CC2)ncc1C1(F)COC1)C(F)(F)F,EC50,'>',10000.0,nM,1
CHEMBL3901519,CC(C)(NC(=O)c1ccc(C2CCCO2)c(-c2cccc(Cl)c2)n1)c1nccs1,EC50,'>',10000.0,nM,1
CHEMBL3965356,CC(C)(C)N(Cc1ccccc1)C(=O)c1ccc(N2CC(F)(F)C2)c(OCC2CC2)n1,EC50,'>',10000.0,nM,1
CHEMBL3950006,CN(C(=O)c1ccc(C(F)(F)F)c(OCC2CCCO2)n1)C(C)(C)C,EC50,'>',10000.0,nM,1
CHEMBL3945889,CC(C)(C)C(NC(=O)c1ccc(C2CC2)c(OCC(F)(F)F)n1)c1nccs1,EC50,'>',10000.0,nM,1
CHEMBL3929609,Cc1nc(C(C)(C)NC(=O)c2ccc(N3CCC(=O)C3)c(OCC3CC3)n2)no1,EC50,'>',10000.0,nM,1
CHEMBL3950162,C[C@H](Oc1cc(C(=O)NC(C)(CC(N)=O)C2CC2)ncc1C1CC1)C(F)(F)F,EC50,'>',10000.0,nM,1
CHEMBL3410693,CCOc1cccc2cc(C(=O)NC3CCCCC3)c(=O)oc12,EC50,'>',10000.0,nM,1
CHEMBL3943530,O=C(c1ccc(N2CC(F)(F)C2)c(OCC2CC2)n1)N1CC2(COC2)C1,EC50,'>',10000.0,nM,1
CHEMBL3947166,COC(=O)C(C)(C)NC(=O)c1ccc(C2CCOCC2)c(OCC2CC2)n1,EC50,'>',10000.0,nM,1
CHEMBL576087,N#Cc1cc(N2CCCCCC2)ncc1-c1cccc(Cl)c1Cl,EC50,'=',10000.0,nM,1
CHEMBL576079,Clc1cccc(-c2ccc(N3CCCCCC3)nc2)c1Cl,EC50,'=',10000.0,nM,1
CHEMBL3914543,CC(C)CC(NC(=O)c1ccc(N2CC(F)(F)C2)c(OCC2CC2)n1)c1ncccn1,EC50,'>',10000.0,nM,1
CHEMBL522382,COc1ccc2c(c1)N(Cc1ccccc1)C(=O)/C2=N\NC(=O)c1ccccc1,EC50,'>',10000.0,nM,1
CHEMBL1950923,CCS(=O)(=O)c1ccc2c(c1)nc(C(C)(C)C)n2CC1CCN(C(C)=O)CC1,EC50,'>',10000.0,nM,1
CHEMBL3950692,Cn1nnnc1C(NC(=O)c1cc(OCC(F)(F)F)c(C2CC2)cn1)C(C)(C)C,EC50,'>',10000.0,nM,1
CHEMBL3410712,CCCCOc1cccc2cc(C(=O)NN3CCOCC3)c(=O)oc12,EC50,'>',10000.0,nM,1
CHEMBL3894170,C[C@H](Oc1cc(C(=O)NC(C(=O)N2CCC2)C(C)(C)C)ncc1C1CC1)C(F)(F)F,EC50,'>',10000.0,nM,1
CHEMBL4066835,CCCCCn1c(=O)n(CC(=O)NCC(C)C)c(=O)c2ccccc21,EC50,'>',10000.0,nM,1
CHEMBL3975582,CN(CC1CC1)C(=O)c1ccc(N2CC(F)(F)C2)c(OCC2CC2)n1,EC50,'>',10000.0,nM,1
CHEMBL3943239,Cc1nc(C(C)(CS(C)(=O)=O)NC(=O)c2cc(OC(C)CF)c(C3CC3)cn2)no1,EC50,'>',10000.0,nM,1
CHEMBL3964808,NC(=O)[C@@H]1CC(F)(F)CN1C(=O)c1ccc(C2(O)CCC2)c(OCC2CC2)n1,EC50,'>',10000.0,nM,1
CHEMBL3890640,NC(=O)C1CS(=O)(=O)CN1C(=O)c1ccc(C2(F)CCC2)c(OCC2CC2)n1,EC50,'>',10000.0,nM,1
CHEMBL3410704,CCCCNC(=O)c1cc2cccc(OCCCC)c2oc1=O,EC50,'>',10000.0,nM,1
CHEMBL3949863,CCC(CC)(NC(=O)c1cccc(-c2ccc(Cl)cc2)n1)C(=O)NC,EC50,'>',10000.0,nM,1
CHEMBL3590608,CCCCCN1C(=O)/C(=C/NC2CCCCC2)C(=O)c2cccc(C)c21,EC50,'>',10000.0,nM,1
CHEMBL3986075,Cc1nc(C(C)(CS(C)(=O)=O)NC(=O)c2cc(OCC(F)(F)F)c(C3CC3)cn2)no1,EC50,'>',10000.0,nM,1
CHEMBL3918476,Cc1nc(C(NC(=O)c2cc(O[C@@H](C)C(F)(F)F)c(C3CC3)cn2)C(C)(C)C)no1,EC50,'>',10000.0,nM,1
CHEMBL4070844,CCCCn1c(=O)n(CC(=O)NC(C)(C)C)c(=O)c2ccccc21,EC50,'>',10000.0,nM,1
CHEMBL4061136,CCCCn1c(=O)n(CC(=O)NC(C)(C)C)c(=O)c2c(C)cccc21,EC50,'>',10000.0,nM,1
CHEMBL4115043,CNC(=O)[C@@H](C)C(C)(C)NC(=O)c1cc(OCC2CC2)c(Cl)cn1,EC50,'>',10000.0,nM,1
CHEMBL3890622,CC(C)(C)C(NC(=O)c1cc(OCC(F)(F)F)c(Cl)cn1)c1nccs1,EC50,'>',10000.0,nM,1
CHEMBL3982907,O=C(NC(c1ccccn1)C(F)(F)F)c1cc(OCC2CC2)c(C2CC2)cn1,EC50,'>',10000.0,nM,1
CHEMBL246952,O=C(N1CCCc2ccccc21)C12CC3CC(CC(C3)C1)C2,EC50,'>',10000.0,nM,1
CHEMBL1422818,O=C(NC(=S)N1CCCCC1)C12CC3CC(CC(C3)C1)C2,EC50,'>',10000.0,nM,1
CHEMBL3986505,Cc1nc(C(C)(NC(=O)c2cc(OCC(F)(F)F)c(C3CC3)cn2)C(=O)N(C)C)no1,EC50,'>',10000.0,nM,1
CHEMBL4576499,O=[N+]([O-])CC(c1ccccc1)c1c(-c2ccccc2)[nH]c2ccncc12,EC50,'>',10000.0,nM,1
CHEMBL3891677,CCC(CC)(CO)NC(=O)c1cc(OCC2CC2)c(Cl)cn1,EC50,'>',10000.0,nM,1
CHEMBL498323,CCn1c2ccccc2c2cc(NC(=O)CCc3nc(-c4ccccc4F)co3)ccc21,EC50,'>',10000.0,nM,1
CHEMBL3959920,O=C(NC1(CO)CCCCC1)c1cc(OCC(F)(F)F)c(C2CC2)cn1,EC50,'>',10000.0,nM,1
CHEMBL3940911,Cc1nc([C@@](C)(NC(=O)c2cc(OCC(F)(F)F)c(Cl)cn2)C2CC2)no1,EC50,'>',10000.0,nM,1
CHEMBL3410698,O=C(NC1CCCCC1)c1cc2cccc(OCC3CC3)c2oc1=O,EC50,'>',10000.0,nM,1
CHEMBL4739878,O=[N+]([O-])CC(c1ccc(N2CCOCC2)cc1)c1c(-c2ccccc2)[nH]c2ccccc12,EC50,'>',10000.0,nM,1
CHEMBL4075214,CCCCCn1c(=O)n(CC(=O)NC(C)(C)C)c(=O)c2c(OC)cccc21,EC50,'>',10000.0,nM,1
CHEMBL4126855,CC(C)c1cc(C(=O)NC2C3CC4CC(C3)CC2C4)nnc1N1CCCCC1,EC50,'>',10000.0,nM,1
CHEMBL2338172,COC(=O)c1cccc(NC(=O)C23CC4CC(CC(C4)C2)C3)c1,EC50,'>',10000.0,nM,1
CHEMBL2338175,CCOC1CCN(C(=O)C23CC4CC(CC(C4)C2)C3)c2ccccc21,EC50,'>',10000.0,nM,1
CHEMBL3894051,CNC(=O)C(NC(=O)c1cc(O[C@@H](C)C(F)(F)F)c(C2CC2)cn1)C(C)(C)C,EC50,'>',10000.0,nM,1
CHEMBL452209,CC1(c2nnc(NC(=O)C(C)(C)S(=O)(=O)c3ccc(Cl)cc3)s2)CCOC1,EC50,'>',10000.0,nM,1
CHEMBL3970480,O=C(c1ccc(C2CC2)c(OCC2CC2)n1)N1CC(O)(C(F)(F)F)C1,EC50,'>',10000.0,nM,1
CHEMBL3938024,Cc1cn(C)nc1N(C)C(=O)c1ccc(N2CC(F)(F)C2)c(OCC2CC2)n1,EC50,'>',10000.0,nM,1
CHEMBL3893410,CCOC(=O)C1CCCN(C(=O)c2ccc(N3CC(F)(F)C3)c(OCC3CC3)n2)C1c1ccccc1,EC50,'>',10000.0,nM,1
CHEMBL3916285,NC(=O)[C@H](CC1CC1)NC(=O)c1cc(OCC2CC2)c(Cl)cn1,EC50,'>',10000.0,nM,1
CHEMBL3410703,CCCCOc1cccc2cc(C(=O)NCC3CC3)c(=O)oc12,EC50,'>',10000.0,nM,1
CHEMBL3410702,CCCCOc1cccc2cc(C(=O)NC3CC3)c(=O)oc12,EC50,'>',10000.0,nM,1
CHEMBL4434980,NCC(c1ccccc1)c1c(-c2ccccc2)[nH]c2ccccc12,EC50,'>',10000.0,nM,1
CHEMBL4112961,CC1(C)SCN(C(=O)c2ccc(N3CC(F)(F)C3)c(OCC3CC3)n2)[C@@H]1C(N)=O,EC50,'>',10000.0,nM,1
CHEMBL3903776,CC(CC(N)=O)(NC(=O)c1cc(OCC(F)(F)F)c(N2CC(F)(F)C2)cn1)C1CC1,EC50,'>',10000.0,nM,1
CHEMBL3937055,NC(=O)CC1(NC(=O)c2cc(OCC(F)F)c(C3CC3)cn2)CS(=O)(=O)C1,EC50,'>',10000.0,nM,1
CHEMBL3943211,Cc1nc(C(NC(=O)c2cc(OCC(F)(F)F)c(C3CC3)cn2)C(C)(C)C)no1,EC50,'>',10000.0,nM,1
CHEMBL3901880,CNC(=O)C(CC1CCC1)NC(=O)c1cnc(C2CC2)c(OCC2CC2)n1,EC50,'>',10000.0,nM,1
CHEMBL3960112,Cc1ccc(C(=O)NC(C)(C)c2ncco2)nc1-c1cccc(Cl)c1,EC50,'>',10000.0,nM,1
CHEMBL3920942,CCC(CC)(CO)NC(=O)c1cc(OCC(F)(F)F)c(C2CC2)cn1,EC50,'>',10000.0,nM,1
CHEMBL3911558,Cc1nc(C(C)(CC2CC2)NC(=O)c2cc(OCC(F)(F)F)c(C3(F)COC3)cn2)no1,EC50,'>',10000.0,nM,1
CHEMBL3983255,CCC(O)CNC(=O)c1cc(OCC2CC2)c(C2CC2)cn1,EC50,'>',10000.0,nM,1
CHEMBL3957653,CC(C)CS(=O)(=O)c1nc(C(=O)N2COCC2(C)C)ccc1C1CC1,EC50,'>',10000.0,nM,1
CHEMBL3925755,Cc1nc([C@H](CC2CC2)N(C)C(=O)c2ccc(N3CC(F)(F)C3)c(OCC3CC3)n2)no1,EC50,'>',10000.0,nM,1
CHEMBL3941805,CC(CS(C)(=O)=O)(NC(=O)c1cc(OCC(F)(F)F)c(C2CC2)cn1)C(N)=O,EC50,'>',10000.0,nM,1
CHEMBL2338178,O=C(N1CCc2ccccc21)C12CC3CC(CC(C3)C1)C2,EC50,'>',10000.0,nM,1
CHEMBL2338182,Cc1cccc2c1CCN2C(=O)C12CC3CC(CC(C3)C1)C2,EC50,'>',10000.0,nM,1
CHEMBL3955970,Cc1nc(C(C)(CC2CC2)NC(=O)c2cc(OCC(F)(F)F)c(N3CC(F)(F)C3)cn2)no1,EC50,'>',10000.0,nM,1
CHEMBL3930807,CC(C)(O)[C@H](CC1CC1)NC(=O)c1cnc(C2CC2)c(OCC2CC2)n1,EC50,'>',10000.0,nM,1
CHEMBL3908287,Cc1nc(C2(NC(=O)c3cnc(C4CC4)c(OCC4CC4)n3)CCC2)no1,EC50,'>',10000.0,nM,1
CHEMBL4113497,C[C@@H](Oc1cc(C(=O)NC2(CC(N)=O)COC2)ncc1C1CC1)C(F)(F)F,EC50,'>',10000.0,nM,1
CHEMBL4114825,CNC(=O)[C@@H](NC(=O)c1cc(OCC(F)(F)F)c(Cl)cn1)C(C)(C)C,EC50,'>',10000.0,nM,1
CHEMBL3897188,CCC(CC)(NC(=O)c1ccc(Cl)c(OCC2CC2)n1)C(=O)NC,EC50,'>',10000.0,nM,1
CHEMBL3921971,Cc1nc(C(C)(CC2CC2)NC(=O)c2cc(OCCF)c(C3CC3)cn2)no1,EC50,'>',10000.0,nM,1
CHEMBL3892074,NC(=O)[C@H](CC1CC1)NC(=O)c1ccc(C2CCOC2)c(OCC2CC2)n1,EC50,'>',10000.0,nM,1
CHEMBL3916667,Cc1ccc(C(=O)N[C@@H](CC2CC2)C(N)=O)nc1OCC1CC1,EC50,'>',10000.0,nM,1
CHEMBL3918856,CC(C)C[C@H](NC(=O)c1ccc(N2CC(F)(F)C2)c(OCC2CC2)n1)c1cccnn1,EC50,'>',10000.0,nM,1
CHEMBL3928538,O=C(NC1CCCCC1CO)c1cccc(C2CCCCC2)n1,EC50,'>',10000.0,nM,1
CHEMBL3889656,C[C@H](Oc1cc(C(=O)NC(C(N)=O)C(C)(C)C)ncc1C1CC1)C(F)(F)F,EC50,'>',10000.0,nM,1
CHEMBL3943882,Cc1nc(C(C)(CC2CC2)NC(=O)c2cc(OCC(F)F)c(C3CC3)cn2)no1,EC50,'>',10000.0,nM,1
CHEMBL3894408,O=C(NCC1(O)CCCC1)c1cc(OCC2CC2)c(C2CC2)cn1,EC50,'>',10000.0,nM,1
CHEMBL3410707,CCCCOc1cccc2cc(C(=O)NC(C)C(C)C)c(=O)oc12,EC50,'>',10000.0,nM,1
CHEMBL3930443,NC(=O)[C@@H](NC(=O)c1ccc(C2CC2)c(OCC2CC2)n1)C1CC1,EC50,'>',10000.0,nM,1
CHEMBL3901179,NC(=O)[C@H](CC1CC1)NC(=O)c1ccc(C2CC2)c(-c2cccc(Cl)c2)n1,EC50,'>',10000.0,nM,1
CHEMBL3960124,CCN(C(=O)c1cc(OCC(F)(F)F)c(C2CC2)cn1)C(C)(C)C,EC50,'>',10000.0,nM,1
CHEMBL3976801,CNC(=O)C(NC(=O)c1cc(OCC(F)(F)F)c(C2CC2)cn1)C(C)(C)F,EC50,'>',10000.0,nM,1
CHEMBL2338169,CCOc1ccc(NC(=O)C23CC4CC(CC(C4)C2)C3)cc1,EC50,'>',10000.0,nM,1
CHEMBL3958638,Cc1nnc(C(NC(=O)c2cc(O[C@@H](C)C(F)(F)F)c(C3CC3)cn2)C2(C)COC2)o1,EC50,'>',10000.0,nM,1
CHEMBL3955761,Cc1nc([C@H](CC2CC2)NC(=O)c2cccc(-c3ccc(F)c(C(F)(F)F)c3)n2)no1,EC50,'>',10000.0,nM,1
CHEMBL3965581,O=C(N[C@@H](CC1CC1)c1nccs1)c1ccc(C2CCOCC2)c(OCC2CC2)n1,EC50,'>',10000.0,nM,1
CHEMBL3965037,CC1(C)COCCN1C(=O)c1ccc(N2CC(F)(F)C2)c(OCC2CC2)n1,EC50,'>',10000.0,nM,1
CHEMBL3977416,CC(C)(C)Oc1cc(/C=C/c2ccccc2)c2cc(C(O)(c3ccc(Cl)cc3)c3ccc(CO)cc3)ccc2n1,EC50,'>',10000.0,nM,1
CHEMBL3920679,COC(=O)C(C)C(C)(C)NC(=O)c1cc(OCC2CC2)c(Cl)cn1,EC50,'>',10000.0,nM,1
CHEMBL3410713,CCCCOc1cccc2cc(C(=O)N3CCCCC3)c(=O)oc12,EC50,'>',10000.0,nM,1
CHEMBL4175548,O=C(NC1(C(F)(F)F)CC1)c1nn(-c2c[n+]([O-])ccn2)c2c1C[C@@H]1C[C@H]21,EC50,'>',10000.0,nM,1
CHEMBL3982267,CN(C=O)C(=O)c1ccc(N2CC(F)(F)C2)c(OCC2CC2)n1,EC50,'>',10000.0,nM,1
CHEMBL3984375,Cc1nc([C@H](CC2CC2)NC(=O)c2cccc(-c3cccc(F)c3)n2)no1,EC50,'>',10000.0,nM,1
CHEMBL3923406,CC1(C)CC(C(N)=O)N(C(=O)c2ccc(C3CC3)c(OCC3CC3)n2)C1,EC50,'>',10000.0,nM,1
CHEMBL3907722,CN(C(=O)c1ccc(N2CC(F)(F)C2)c(OCC2CC2)n1)C(C)(C)C,EC50,'>',10000.0,nM,1
CHEMBL3977146,Cc1csc(C2(NC(=O)c3cc(OCC(F)(F)F)c(C4CC4)cn3)CCOCC2)n1,EC50,'>',10000.0,nM,1
CHEMBL3906084,CNC(=O)C(NC(=O)c1cc(O[C@@H](C)C(F)(F)F)c(C2CC2)cn1)C(C)(C)O,EC50,'>',10000.0,nM,1
CHEMBL3921275,CC(C)(NC(=O)c1ccc(C(F)(F)F)c(OCC2CC2)n1)c1ncon1,EC50,'>',10000.0,nM,1
CHEMBL4098459,CCCCCn1c(C)c(Br)c(=O)n(CC(=O)NC(C)(C)C)c1=O,EC50,'>',10000.0,nM,1
CHEMBL4096536,CCCCCn1c(=O)n(CC(=O)NC2CC2)c(=O)c2ccccc21,EC50,'>',10000.0,nM,1
CHEMBL3969693,Cn1nnc(C(C)(CC2CC2)NC(=O)c2cc(OCC(F)(F)F)c(C3CC3)cn2)n1,EC50,'>',10000.0,nM,1
CHEMBL3979953,CN(C(=O)c1ccc(C2CC2)c(OCC2CC2)n1)C(C)(C)C,EC50,'>',10000.0,nM,1
CHEMBL3590606,CCCN1C(=O)/C(=C/NC2CCCCC2)C(=O)c2cccc(C)c21,EC50,'>',10000.0,nM,1
CHEMBL3590622,CCCCN1C(=O)/C(=C/NC2CC2)C(=O)c2cccc(C)c21,EC50,'>',10000.0,nM,1
CHEMBL3590603,CCCCN1C(=O)/C(=C/NC2CCCCC2)C(=O)c2c(C)cccc21,EC50,'>',10000.0,nM,1
CHEMBL3590612,CCCCCN1C(=O)/C(=C/NC2CCCCC2)C(=O)c2cccc(CC)c21,EC50,'>',10000.0,nM,1
CHEMBL3984216,NC(=O)[C@@H]1CSCCN1C(=O)c1ccc(C2CC2)c(OCC2CC2)n1,EC50,'>',10000.0,nM,1
CHEMBL2205612,CC(C)(C)C(=O)c1c(NC(=O)c2ccccc2C(F)(F)F)sc2c1CCOC2,EC50,'>',10000.0,nM,1
CHEMBL4108426,CC(C)(C)[C@H](NC(=O)c1cnc(C2CC2)c(OCC2CC2)n1)C(=O)O,EC50,'>',10000.0,nM,1
CHEMBL2338184,O=C(N1CCc2ccc(C(F)(F)F)cc21)C12CC3CC(CC(C3)C1)C2,EC50,'>',10000.0,nM,1
CHEMBL3966413,Cc1nc(C(C)(CS(C)(=O)=O)NC(=O)c2cc(OCC(F)(F)F)c(Cl)cn2)no1,EC50,'>',10000.0,nM,1
CHEMBL4088121,CCCCCn1c(=O)n(CC(=O)NC(C)C)c(=O)c2ccccc21,EC50,'>',10000.0,nM,1
CHEMBL499627,CCn1c2ccccc2c2cc(NC(=O)CCc3nc(-c4cccc(Cl)c4)no3)ccc21,EC50,'>',10000.0,nM,1
CHEMBL3982644,Cc1nnc(C(C)(CC2COC2)NC(=O)c2cc(OCC(F)(F)F)c(C3CC3)cn2)o1,EC50,'>',10000.0,nM,1
CHEMBL3937429,CNC(=O)[C@@H](NC(=O)c1ccc(C2CC2)c(OCC2CC2)n1)c1ccccc1,EC50,'>',10000.0,nM,1
CHEMBL2338177,CN1CCN(C(=O)C23CC4CC(CC(C4)C2)C3)c2ccccc21,EC50,'>',10000.0,nM,1
CHEMBL3234679,CNC(=O)[C@@H](NC(=O)c1nc(-c2ccccc2)n2c1CN(C)CCC2)C(C)(C)C,EC50,'>',10000.0,nM,1
CHEMBL4128228,CC(C)c1cc(Nc2cccc(Cl)c2)nnc1C(=O)NC1C2CC3CC(C2)CC1C3,EC50,'>',10000.0,nM,1
CHEMBL4128679,CC(C)c1cc(C(=O)NC2C3CC4CC(C3)CC2C4)nnc1NC1CCCC1,EC50,'>',10000.0,nM,1
CHEMBL3582018,CCC(CC)(NC(=O)c1ccc(N2CC(F)(F)C2)c(OCC2CC2)n1)C(=O)NC,EC50,'>',10000.0,nM,1
CHEMBL4108827,CN(C)C(=O)[C@H](NC(=O)c1ccc(C2CC2)c(OCC2CC2)n1)c1ccccc1,EC50,'>',10000.0,nM,1
CHEMBL3944695,CC(C)(NC(=O)c1ccc(C2CC2)c(OCC2CC2)n1)c1nc(N)no1,EC50,'>',10000.0,nM,1
CHEMBL3955957,O=C(c1ccc(N2CCCC2)c(OCC2CC2)n1)N1CCSCC1,EC50,'>',10000.0,nM,1
CHEMBL3956348,O=C(NN1CCCCC1)c1cccc(C2CCCCC2)n1,EC50,'>',10000.0,nM,1
CHEMBL3913820,CNC(=O)[C@H](CC(C)(C)C)NC(=O)c1ccc(C2CC2)c(OCC2CCCO2)n1,EC50,'>',10000.0,nM,1
CHEMBL4126474,CC(C)c1cc(C(=O)NC2C3CC4CC(C3)CC2C4)nnc1NCCO,EC50,'>',10000.0,nM,1
CHEMBL3900197,NC(=O)C1(NC(=O)c2cnc(N3CC(F)(F)C3)c(OCC3CC3)n2)CCCCC1,EC50,'>',10000.0,nM,1
CHEMBL3917714,CC(C)(C)C(NC(=O)c1cc(OCC2CC2)c(C2CC2)cn1)c1nccs1,EC50,'>',10000.0,nM,1
CHEMBL3903525,COC(=O)[C@H](CC1CC1)NC(=O)c1cnc(N2CC(F)(F)C2)c(OCC2CC2)n1,EC50,'>',10000.0,nM,1
CHEMBL3590607,CCCCN1C(=O)/C(=C/NC2CCCCC2)C(=O)c2cccc(C)c21,EC50,'>',10000.0,nM,1
CHEMBL3590613,CCCCN1C(=O)/C(=C/NC2CCCCC2)C(=O)c2cccc(OC)c21,EC50,'>',10000.0,nM,1
CHEMBL3918429,CN(C)C(=O)C(CC1CCC1)NC(=O)c1cnc(N2CC(F)(F)C2)c(OCC2CC2)n1,EC50,'>',10000.0,nM,1
CHEMBL3986765,Cc1nnc(C(NC(=O)c2cc(OCC(F)(F)F)c(C3CC3)cn2)C2(C)COC2)o1,EC50,'>',10000.0,nM,1
CHEMBL2204903,O=C(CN1CCCCC1)Nc1sc2c(c1C(=O)N1CC(F)(F)C1)CCCC2,EC50,'>',10000.0,nM,1
CHEMBL3957631,C[C@H](Oc1cc(C(=O)NC(C(=O)N2CC(F)(F)C2)C(C)(C)C)ncc1C1CC1)C(F)(F)F,EC50,'>',10000.0,nM,1
CHEMBL5074167,O=[N+]([O-])CC(c1ccccc1)c1c(-c2ccn[nH]2)[nH]c2ccccc12,EC50,'>',10000.0,nM,1
CHEMBL2205579,CC(C)(C)CC(=O)Nc1sc2c(c1C(=O)N1CCC(F)(F)CC1)C(C)(C)CC2,EC50,'>',10000.0,nM,1
CHEMBL3234709,O=S(=O)(c1ccc2c(c1)C1C3CCC(C3)C1C(c1ccccc1)N2)N1CCOCC1,EC50,'>',10000.0,nM,1
CHEMBL4063692,CCCCCn1c(C)c(-c2ccccc2)c(=O)n(CC(=O)NC(C)(C)C)c1=O,EC50,'>',10000.0,nM,1
CHEMBL3925710,CC(C)C[C@H](NC(=O)c1cc(OCC2CC2)c(Br)cn1)C(N)=O,EC50,'>',10000.0,nM,1
CHEMBL3915763,Cc1nc(C(C)(C)NC(=O)c2ccc(N3CCCC3)c(OCC3CC3)n2)no1,EC50,'>',10000.0,nM,1
CHEMBL1950836,CC(C)(C)c1nc2cc(S(=O)(=O)CCCC(F)(F)F)ccc2n1CC1CCNCC1,EC50,'>',10000.0,nM,1
CHEMBL3898091,NC(=O)[C@H](CC1CC1)NC(=O)c1ccc(Br)c(OCC2CC2)n1,EC50,'>',10000.0,nM,1
CHEMBL3923402,Cc1nc(C(C)(C)NC(=O)c2cccc(-c3cccc(Cl)c3)n2)no1,EC50,'>',10000.0,nM,1
CHEMBL3930967,O=C(NN1CCCCC1)c1cccc(-c2ccc(Cl)cc2)n1,EC50,'>',10000.0,nM,1
CHEMBL4164688,O=C(N[C@@H](CO)C(F)(F)F)c1nn(-c2c[n+]([O-])ccn2)c2c1C[C@@H]1C[C@H]21,EC50,'>',10000.0,nM,1
CHEMBL3590629,CCCCN1C(=O)/C(=C/NC(C)C)C(=O)c2cccc(C)c21,EC50,'>',10000.0,nM,1
CHEMBL3590628,CCCCN1C(=O)/C(=C/NCCC)C(=O)c2cccc(C)c21,EC50,'>',10000.0,nM,1
CHEMBL3935206,NC(=O)CC1(NC(=O)c2cnc(N3CC(F)(F)C3)c(OCC3CC3)n2)COC1,EC50,'>',10000.0,nM,1
CHEMBL3896231,Cc1nc([C@](C)(CC2CC2)NC(=O)c2cc(OCC(F)(F)F)c(N3CC(F)(F)C3)cn2)no1,EC50,'>',10000.0,nM,1
CHEMBL3914194,Cc1nc(C(C)(CC(C)(C)C)NC(=O)c2cc(OCC(F)(F)F)c(C3CC3)cn2)no1,EC50,'>',10000.0,nM,1
CHEMBL3410697,CCCCCCOc1cccc2cc(C(=O)NC3CCCCC3)c(=O)oc12,EC50,'>',10000.0,nM,1
CHEMBL3954416,NC(=O)[C@@H]1N(C(=O)c2ccc(N3CC(F)(F)C3)c(OCC3CC3)n2)CCC12CC2,EC50,'>',10000.0,nM,1
CHEMBL2205611,O=C(Nc1sc2c(c1C(=O)N1CCOCC1)CCOC2)c1ccccc1-c1ccccc1,EC50,'>',10000.0,nM,1
CHEMBL2205614,O=C(Nc1sc2c(c1C(=O)O)CCOC2)c1ccccc1Cl,EC50,'>',10000.0,nM,1
CHEMBL3914196,CCC(CC)(NC(=O)c1ccc(C2CC2)c(OCC2CC2)n1)C(=O)NCCO,EC50,'>',10000.0,nM,1
CHEMBL3926699,Cc1nc(C(C)(CS(C)(=O)=O)NC(=O)c2cc(OCC(F)(F)F)c(N3CC(F)(F)C3)cn2)no1,EC50,'>',10000.0,nM,1
CHEMBL3918435,CC(C)(NC(=O)c1ccc(N2CCCC2)c(OCC2CC2)n1)C1=NCCO1,EC50,'>',10000.0,nM,1
CHEMBL4175981,CC(C)(C)[C@@H](CO)NC(=O)c1nn(-c2c[n+]([O-])ccn2)c2c1C[C@@H]1C[C@H]21,EC50,'>',10000.0,nM,1
CHEMBL3354952,CC(C)(CO)NC(=O)c1nn(-c2ccc(F)cc2F)c2c1C[C@H]1C[C@@H]21,EC50,'>',10000.0,nM,1
CHEMBL1950840,CC(C)(C)c1nc2cc(S(=O)(=O)CCCC(F)(F)F)ccc2n1CC1CCN(C(=O)C(F)(F)F)CC1,EC50,'>',10000.0,nM,1
CHEMBL4115549,CNC(=O)[C@@H](NC(=O)c1cccc(-c2cccc(OC)c2)n1)C(C)(C)C,EC50,'>',10000.0,nM,1
CHEMBL3961429,O=C(NC(c1ccccn1)C(F)(F)F)c1ccc(C2CC2)c(OCC(F)(F)F)n1,EC50,'>',10000.0,nM,1
CHEMBL3932067,Cc1ccc(C(=O)NN2CCCCC2)nc1OCC1CC1,EC50,'>',10000.0,nM,1
CHEMBL3907830,O=C(c1ccc(N2CC(F)(F)C2)c(OCC2CC2)n1)N1CC2(C1)CS(=O)(=O)C2,EC50,'>',10000.0,nM,1
CHEMBL3959976,COCCOc1nc(C(=O)N[C@@H](CC2CC2)C(N)=O)ccc1C1CC1,EC50,'>',10000.0,nM,1
CHEMBL3980706,CC(C)(CO)NC(=O)c1ccc(C2CCOC2)c(OCC2CC2)n1,EC50,'>',10000.0,nM,1
CHEMBL3892366,O=C(N[C@@H](c1cccnc1)C(F)(F)F)c1ccc(C2CC2)c(OCC2CC2)n1,EC50,'>',10000.0,nM,1
CHEMBL3921874,O=C(N[C@@H](c1ccccn1)C(F)(F)F)c1ccc(C2CC2)c(OCC2CC2)n1,EC50,'>',10000.0,nM,1
CHEMBL3931118,CNC(=O)C(CC1CCC1)NC(=O)c1cnc(N2CC(F)(F)C2)c(OCC2CC2)n1,EC50,'>',10000.0,nM,1
CHEMBL3943604,Cc1nc([C@@H](NC(=O)c2cccc(-c3ccc(F)c(Cl)c3)n2)C2CC2)no1,EC50,'>',10000.0,nM,1
CHEMBL3968098,CC(C)(NC(=O)c1cnc(C2CC2)c(OCC2CC2)n1)c1noc(N)n1,EC50,'>',10000.0,nM,1
CHEMBL3932847,O=C(c1ccc(N2CC(F)(F)C2)c(OCC2CC2)n1)N1C[C@@H]2C[C@H]1CS2,EC50,'>',10000.0,nM,1
CHEMBL4090744,CCCCCn1c(C)cc(=O)n(CC(=O)NC2CCCCC2)c1=O,EC50,'>',10000.0,nM,1
CHEMBL3926049,O=C(N[C@@H](c1ccccn1)C(F)(F)F)c1cnc(N2CC(F)(F)C2)c(OCC2CC2)n1,EC50,'>',10000.0,nM,1
CHEMBL3899236,O=C(NN1CCCCC1)c1cnc(C2CC2)c(OCC2CC2)n1,EC50,'>',10000.0,nM,1
CHEMBL3972519,CNC(=O)[C@H](CC(C)(C)C)NC(=O)c1ccc(N2CC(F)(F)C2)c(OCC2CC2)n1,EC50,'>',10000.0,nM,1
CHEMBL3899730,CNC(=O)[C@H](CC(C)C)NC(=O)c1cccc(-c2ccc(F)c(Cl)c2)n1,EC50,'>',10000.0,nM,1
CHEMBL3944402,CC1(COc2cc(C(=O)NC(C)(C)c3nnc(-c4ccccc4)[nH]3)ncc2C2CC2)COC1,EC50,'>',10000.0,nM,1
CHEMBL3975296,O=C(Nc1ccccn1)c1cccc(-c2cccc(Cl)c2)n1,EC50,'>',10000.0,nM,1
CHEMBL3984352,O=C(N[C@@H](CC1CC1)C(=O)NC1CCC(O)C1)c1ccc(C2CC2)c(OCC2CC2)n1,EC50,'>',10000.0,nM,1
CHEMBL3973657,CC(C)C(NC(=O)c1cnc(N2CC(F)(F)C2)c(OCC2CC2)n1)C(N)=O,EC50,'>',10000.0,nM,1
CHEMBL3915066,CCC(CC)(CO)NC(=O)c1cccc(-c2cccc(Cl)c2)n1,EC50,'>',10000.0,nM,1
CHEMBL3410695,CCCCOc1cccc2cc(C(=O)NC3CCCCC3)c(=O)oc12,EC50,'>',10000.0,nM,1
CHEMBL3410711,CCCCOc1cccc2cc(C(=O)NN3CCCCC3)c(=O)oc12,EC50,'>',10000.0,nM,1
CHEMBL2204907,O=C(CN1CCCC1)Nc1sc2c(c1C(=O)N1CCC(F)(F)CC1)CCCC2,EC50,'>',10000.0,nM,1
CHEMBL4112099,CC[C@](C)(CO)NC(=O)c1cc(OCC2CC2)c(Cl)cn1,EC50,'>',10000.0,nM,1
CHEMBL3906536,CNC(=O)CC1(NC(=O)c2cc(OCC(F)(F)F)c(C3CC3)cn2)COC1,EC50,'>',10000.0,nM,1
CHEMBL3893161,NC(=O)[C@@H]1CC(F)(F)CN1C(=O)c1cc(OCC(F)(F)F)c(C2CC2)cn1,EC50,'>',10000.0,nM,1
CHEMBL495533,CCCCN1C(=O)/C(=N\NC(=O)c2ccccc2)c2ccc(OC)cc21,EC50,'>',10000.0,nM,1
CHEMBL498765,CCCCCN1C(=O)/C(=N\NC(=O)C(C)(C)O)c2ccc(OC)cc21,EC50,'>',10000.0,nM,1
CHEMBL3938149,CC(C)(CCO)NC(=O)c1ccc(C2CC2)c(OCC2CC2)n1,EC50,'>',10000.0,nM,1
CHEMBL3967860,O=C(c1ccc(N2CC(F)(F)C2)c(OCC2CC2)n1)N1CC(O)(C(F)(F)F)C1,EC50,'>',10000.0,nM,1
CHEMBL3977194,CNC(=O)CC1(NC(=O)c2cc(O[C@@H](C)C(F)(F)F)c(C3CC3)cn2)COC1,EC50,'>',10000.0,nM,1
CHEMBL4456210,CCCCCn1c(C(=O)N[C@H](C(N)=O)C(C)(C)C)cc2ccccc21,EC50,'>',10000.0,nM,1
CHEMBL2338187,O=C(N1CCc2ccccc21)C12CC3CC(CC1C3)C2,EC50,'>',10000.0,nM,1
CHEMBL3917801,O=C(O)C1C2CN(C(=O)c3ccc(N4CC(F)(F)C4)c(OCC4CC4)n3)CC21,EC50,'>',10000.0,nM,1
CHEMBL4111613,CC(C)C[C@H](CO)NC(=O)c1ccc(C2CC2)c(OCC2CC2)n1,EC50,'>',10000.0,nM,1
CHEMBL3923528,Cc1noc(C(C)(C)NC(=O)c2ccc(C3CC3)c(OCC3CC3)n2)n1,EC50,'>',10000.0,nM,1
CHEMBL3934378,NC(=O)CC1(NC(=O)c2cc(OCC(F)(F)F)c(C3CC3)cn2)CS(=O)(=O)C1,EC50,'>',10000.0,nM,1
CHEMBL3904141,O=C(c1ccc(N2CC(F)(F)C2)c(OCC2CC2)n1)N1CC2(CC(O)CO2)C1,EC50,'>',10000.0,nM,1
CHEMBL3970254,CCN(C)C(=O)C(CC)(CC)NC(=O)c1ccc(C2CC2)c(OCC2CC2)n1,EC50,'>',10000.0,nM,1
CHEMBL3969700,O=S(=O)(Oc1cc(C2=CCN(S(=O)(=O)C(F)(F)F)CC2)c2cc(C(c3ccc(Cl)cc3)c3ccc(Cl)cc3)ccc2n1)C(F)(F)F,EC50,'>',10000.0,nM,1
CHEMBL3974530,CC(C)(CO)NC(=O)c1ccc(NC2CC2)c(OCC2CC2)n1,EC50,'>',10000.0,nM,1
CHEMBL3911416,CC1(COc2nc(C(=O)NC(c3ccccn3)C(F)(F)F)ccc2Br)COC1,EC50,'>',10000.0,nM,1
CHEMBL3979617,CC1(C)CCN(C(=O)c2ccc(C3CC3)c(OCC3CCCO3)n2)CC1,EC50,'>',10000.0,nM,1
CHEMBL3923905,CCN(CCOC)C(=O)c1ccc(N2CC(F)(F)C2)c(OCC2CC2)n1,EC50,'>',10000.0,nM,1
CHEMBL3953077,CCOC(=O)CN(C(=O)c1ccc(N2CC(F)(F)C2)c(OCC2CC2)n1)C(C)(C)C,EC50,'>',10000.0,nM,1
CHEMBL3940771,CC(C)C[C@H](NC(=O)c1cc(-c2cccc(Cl)c2)c(Cl)cn1)C(N)=O,EC50,'>',10000.0,nM,1
CHEMBL3903034,CC(C)[C@H](CO)NC(=O)c1cc(OCC2CC2)c(Cl)cn1,EC50,'>',10000.0,nM,1
CHEMBL3917914,CCC(CC)(NC(=O)c1ccc(N2CCC(F)(F)C2)c(OCC2CC2)n1)C(=O)NC,EC50,'>',10000.0,nM,1
CHEMBL3932203,O=C(NN1CCCOC1=O)c1ccc(C2CC2)c(OCC2CC2)n1,EC50,'>',10000.0,nM,1
CHEMBL3902735,CC(C)(C)C(CO)NC(=O)c1cnc(C2CC2)c(OCC2CC2)n1,EC50,'>',10000.0,nM,1
CHEMBL3891668,CC1(F)CN(C(=O)c2ccc(N3CC(F)(F)C3)c(OCC3CC3)n2)C1,EC50,'>',10000.0,nM,1
CHEMBL3956862,O=C(c1ccc(N2CC(F)(F)C2)c(OCC2CC2)n1)N1C[C@@H]2C[C@H]1CN2Cc1ccccc1,EC50,'>',10000.0,nM,1
CHEMBL3915757,O=C(O)CCN1CCC(Nc2cc(=O)[nH]c3ccc(C(c4ccc(Cl)cc4)c4ccc(Cl)cc4)cc23)CC1,EC50,'>',10000.0,nM,1
CHEMBL3933881,CC(C)(NC(=O)c1ccc(N2CC(F)(F)C2)c(OCC(F)(F)F)n1)c1nccs1,EC50,'>',10000.0,nM,1
CHEMBL3930486,CC(C)C[C@@H](CO)NC(=O)c1ccc(C2CC2)c(OCC(F)(F)F)n1,EC50,'>',10000.0,nM,1
CHEMBL3924175,CCOC(=O)C1C2CN(C(=O)c3ccc(N4CC(F)(F)C4)c(OCC4CC4)n3)CC21,EC50,'>',10000.0,nM,1
CHEMBL3962321,COC(=O)C1CCCCC1NC(=O)c1cccc(C2CCCCC2)n1,EC50,'>',10000.0,nM,1
CHEMBL3925228,COc1ccc(C(=O)NC(C)(C)c2ncco2)nc1-c1cccc(Cl)c1,EC50,'>',10000.0,nM,1
CHEMBL3924484,CC(C)(C)OC(=O)N(CC1CC1)NC(=O)c1ccc(C2CC2)c(OCC2CC2)n1,EC50,'>',10000.0,nM,1
CHEMBL4101166,CCCn1c(=O)n(CC(=O)NC(C)(C)C)c(=O)c2cccc(C)c21,EC50,'>',10000.0,nM,1
CHEMBL4083950,CCCCCn1c(=O)n(CC(=O)NC(C)(C)C)c(=O)c2ccccc21,EC50,'>',10000.0,nM,1
CHEMBL4091649,CCCCCn1c(=O)n(CC(=O)NC(C)(C)C)c(=O)c2cccc(OC)c21,EC50,'>',10000.0,nM,1
CHEMBL3973724,CNC(=O)C(C)(C)NC(=O)c1ccc(N2CC(F)(F)C2)c(OCC2CC2)n1,EC50,'>',10000.0,nM,1
CHEMBL3900151,Cn1c(C(C)(C)NC(=O)c2ccc(C3CC3)c(OCC3CC3)n2)noc1=O,EC50,'>',10000.0,nM,1
CHEMBL4080443,CCCCCn1c(C)c(Cl)c(=O)n(CC(=O)NC(C)(C)C)c1=O,EC50,'>',10000.0,nM,1
CHEMBL4086357,CCCCCn1c(=O)n(CC(=O)NC2CCCCC2)c(=O)c2c(C)cccc21,EC50,'>',10000.0,nM,1
CHEMBL4104265,CCCCCn1c(=O)n(CC(=O)NCCCC)c(=O)c2c(C)cccc21,EC50,'>',10000.0,nM,1
CHEMBL3949988,NC(=O)[C@@H]1CC(F)(F)CN1C(=O)c1ccc(N2CC(F)(F)C2)c(OCCF)n1,EC50,'>',10000.0,nM,1
CHEMBL3932478,Cc1nc(C(C)(C)NC(=O)c2ccc(C3(O)CCC3)c(OCC3CC3)n2)no1,EC50,'>',10000.0,nM,1
CHEMBL3937354,O=C(c1ccc(N2CCCC2)c(OCC2CC2)n1)N1CCS(=O)(=O)CC1,EC50,'>',10000.0,nM,1
CHEMBL3947695,CCC(CC)(NC(=O)c1ccc(C)c(-c2cccc(Cl)c2)n1)C(=O)NC,EC50,'>',10000.0,nM,1
CHEMBL1288206,COc1cccc2c(C(=O)N3C[C@@H]4CCCN4C[C@@H]3CC(C)C)cn(CC3CCCCC3)c12,EC50,'>',10000.0,nM,1
CHEMBL3931215,CC(C)(NC(=O)c1cccc(-c2cccc(Cl)c2)n1)c1ncco1,EC50,'>',10000.0,nM,1
CHEMBL3952751,NC(=O)[C@@H](NC(=O)c1ccc(C2CC2)c(OCC(F)(F)F)n1)c1ccccc1,EC50,'>',10000.0,nM,1
CHEMBL3934604,CNC(=O)[C@H](CC(C)(C)C)NC(=O)c1ccc(C2CC2)c(S(=O)(=O)CC(C)C)n1,EC50,'>',10000.0,nM,1
CHEMBL3951812,CCC(CC)(NC(=O)c1cnc(C2CC2)c(OCC2CC2)n1)C(=O)NC,EC50,'>',10000.0,nM,1
CHEMBL3911193,CC1(COc2nc(C(=O)NC3(c4nccs4)COC3)ccc2Br)COC1,EC50,'>',10000.0,nM,1
CHEMBL3938202,CCOC(=O)C(CC)(CC)NC(=O)c1ccc(N2CCC23COC3)c(OCC2CC2)n1,EC50,'>',10000.0,nM,1
CHEMBL3908081,CCC(CC)(NC(=O)c1ccc(C2CC2)c(O[C@@H](CCO)C(F)(F)F)n1)C(=O)NC,EC50,'>',10000.0,nM,1
CHEMBL3963672,CC(C)(NC(=O)c1ccc(Cl)c(-c2cccc(Cl)c2)n1)c1ncco1,EC50,'>',10000.0,nM,1
CHEMBL2071061,CCc1c(C(=O)NCCc2ccc(N)cc2)[nH]c2ccc(Cl)cc12,EC50,'>',10000.0,nM,1
CHEMBL3901343,COC(=O)C1CCCN1C(=O)c1ccc(N2CC(F)(F)C2)c(OCC2CC2)n1,EC50,'>',10000.0,nM,1
CHEMBL1644738,CC1CN(Cc2ccccc2-c2nc(-c3cccc(C(F)(F)F)c3)c[nH]2)CCO1,EC50,'>',10000.0,nM,1
CHEMBL3941506,C[C@H](NC(=O)c1cnc(C2CC2)c(OCC2CC2)n1)c1ccccn1,EC50,'>',10000.0,nM,1
CHEMBL2071058,CCc1c(C(=O)NCCc2ccc(N3CCCC3)cc2)[nH]c2ccc(Cl)cc12,EC50,'>',10000.0,nM,1
CHEMBL4113591,O=C(N[C@H](c1ccccn1)C(F)(F)F)c1cnc(N2CC(F)(F)C2)c(OCC2CC2)n1,EC50,'>',10000.0,nM,1
CHEMBL3981993,CC(CC(N)=O)(NC(=O)c1cc(OCC(F)(F)F)c(C2CC2)cn1)C1CC1,EC50,'>',10000.0,nM,1
CHEMBL2071072,O=C(NCCc1ccc([N+](=O)[O-])cc1)c1cc2cc(Cl)ccc2[nH]1,EC50,'>',10000.0,nM,1
CHEMBL3918459,Cc1nc(C(C)(CC2CC2)NC(=O)c2cc(OCC(F)(F)F)c(C3(O)COC3)cn2)no1,EC50,'>',10000.0,nM,1
CHEMBL4107372,CC(C)[C@@](C)(CO)NC(=O)c1cc(OCC2CC2)c(Cl)cn1,EC50,'>',10000.0,nM,1
CHEMBL3946399,CC(C)C(NC(=O)c1cnc(C2CC2)c(OCC2CC2)n1)C(=O)N(C)C,EC50,'>',10000.0,nM,1
CHEMBL4113461,Cc1nc([C@](C)(NC(=O)c2ccc(C3CC3)c(OCC3CC3)n2)C2CC2)no1,EC50,'>',10000.0,nM,1
CHEMBL1950921,COCC(=O)N1CCC(Cn2c(C(C)(C)C)nc3cc(S(=O)(=O)CCCC(F)(F)F)ccc32)CC1,EC50,'>',10000.0,nM,1
CHEMBL4285896,O=c1cc(/C=C/c2ccccc2)c2cc(C(O)c3ccc(Cl)cc3)ccc2[nH]1,EC50,'>',10000.0,nM,1
CHEMBL527051,CCn1c2ccccc2c2cc(NC(=O)CCc3noc(-c4ccccc4F)n3)ccc21,EC50,'>',10000.0,nM,1
CHEMBL3915420,O=C(c1ccc(N2CC(F)(F)C2)c(OCC2CC2)n1)N1CCC2(C1)CC2(F)F,EC50,'>',10000.0,nM,1
CHEMBL2205605,COc1ccccc1C(=O)Nc1sc2c(c1C(=O)N1CCOCC1)CCOC2,EC50,'>',10000.0,nM,1
CHEMBL3971550,CC(C)C[C@H](NC(=O)c1cc(OCC2CC2)c(C2CC2)cn1)C(N)=O,EC50,'>',10000.0,nM,1
CHEMBL3949521,CC(C)CC(NC(=O)c1ccc(N2CC(F)(F)C2)c(OCC2CC2)n1)c1cccnc1,EC50,'>',10000.0,nM,1
CHEMBL3977124,O=C(c1ccc(N2CC(F)(F)C2)c(OCC2CC2)n1)N1CCC2(CCCO2)C1,EC50,'>',10000.0,nM,1
CHEMBL3956773,CCC(CC)(NC(=O)c1ccc(C(F)(F)F)c(OCC2CC2)n1)C(=O)OC,EC50,'>',10000.0,nM,1
CHEMBL3894124,CC(C)(NC(=O)c1ccc(C(F)(F)F)c(OCC2CC2)n1)c1ncco1,EC50,'>',10000.0,nM,1
CHEMBL4593957,O=[N+]([O-])CC(c1ccccc1)c1cc[nH]c1-c1ccccc1,EC50,'>',10000.0,nM,1
CHEMBL3986841,NC(=O)CC1(NC(=O)c2cnc(C3CC3)c(OCC3CC3)n2)COC1,EC50,'>',10000.0,nM,1
CHEMBL3893664,CC1CC(NC(=O)c2cccc(-c3cccc(Cl)c3)n2)CCO1,EC50,'>',10000.0,nM,1
CHEMBL3979779,CC(C)(C#N)NC(=O)c1cnc(C2CC2)c(-c2cccc(Cl)c2)n1,EC50,'>',10000.0,nM,1
CHEMBL3920295,O=C(NC(CO)CC1CCC1)c1cnc(C2CC2)c(OCC2CC2)n1,EC50,'>',10000.0,nM,1
CHEMBL3908425,Cc1nnc(CN(C(=O)c2ccc(N3CC(F)(F)C3)c(OCC3CC3)n2)C(C)(C)C)o1,EC50,'>',10000.0,nM,1
CHEMBL3900714,Cc1csc(C(C)(C)NC(=O)c2ccc(C3CC3)c(OCC3CC3)n2)n1,EC50,'>',10000.0,nM,1
CHEMBL3983067,CCC(CC)(NC(=O)c1ccc(N2CCCC2)c(OCC2CC2)n1)C(=O)O,EC50,'>',10000.0,nM,1
CHEMBL4633982,O=C(O)c1cc(-c2ccc(C3CCNCC3)cc2)cc(-c2cn(-c3ccc(C(F)(F)F)cc3)nn2)c1,EC50,'>',10000.0,nM,1
CHEMBL3910298,CC1(C)CCc2ccc(C(=O)NC[C@](C)(O)C3CC3)nc2C1,EC50,'>',10000.0,nM,1
CHEMBL3940691,NC(=O)CC1(NC(=O)c2cc(OCC(F)(F)F)c(C3(F)CCC3)cn2)CS(=O)(=O)C1,EC50,'>',10000.0,nM,1
CHEMBL2338189,O=C(N1CCc2ccccc21)C12CC3CC(CC(O)(C3)C1)C2,EC50,'>',10000.0,nM,1
CHEMBL3917885,CC(C)C[C@H](NC(=O)c1ccc(C2CC2)c(OCc2ccccn2)n1)C(N)=O,EC50,'>',10000.0,nM,1
CHEMBL3928429,CNC(=O)[C@H](CC(C)C)NC(=O)c1cccc(-c2cccc(C(F)(F)F)c2)n1,EC50,'>',10000.0,nM,1
CHEMBL3935297,COCCOCC(C)(C)NC(=O)c1ccc(N2CC(F)(F)C2)c(-c2cccc(Cl)c2)n1,EC50,'>',10000.0,nM,1
CHEMBL3963021,Cc1nc(C(C2CC2)N(C)C(=O)c2ccc(C3CC3)c(OCC3CCOCC3)n2)no1,EC50,'>',10000.0,nM,1
CHEMBL3971385,CN(C(=O)c1ccc(N2CC(F)(F)C2)c(OCC2CC2)n1)C(C)(C)COC(=O)c1ccc(N2CC(F)(F)C2)c(OCC2CC2)n1,EC50,'>',10000.0,nM,1
CHEMBL498322,CCn1c2ccccc2c2cc(NC(=O)CCc3cc(-c4ccccc4F)no3)ccc21,EC50,'>',10000.0,nM,1
CHEMBL3920331,NC(=O)[C@@H]1CCCN1C(=O)c1ccc(C2CC2)c(OCC2CC2)n1,EC50,'>',10000.0,nM,1
CHEMBL3956804,CC(C)(C)OC(=O)N1CCC2(CCCN2C(=O)c2ccc(N3CC(F)(F)C3)c(OCC3CC3)n2)CC1,EC50,'>',10000.0,nM,1
CHEMBL3929961,CC(C)CS(=O)(=O)c1nc(C(=O)N(C)C(C)(C)C)ccc1C1CC1,EC50,'>',10000.0,nM,1
CHEMBL3906383,CN(C(=O)c1ccc(N2CC(F)(F)C2)c(OCC2CC2)n1)C1(C(F)(F)F)CC1,EC50,'>',10000.0,nM,1
CHEMBL3940136,CNC(=O)C(C)(NC(=O)c1cc(OCC(F)(F)F)c(C2CC2)cn1)c1noc(C)n1,EC50,'>',10000.0,nM,1
CHEMBL3977794,CNC(=O)C(C)(NC(=O)c1cc(O[C@@H](C)C(F)(F)F)c(C2(F)COC2)cn1)c1noc(C)n1,EC50,'>',10000.0,nM,1
CHEMBL4129876,CCCCNc1cc(C(C)C)c(C(=O)NC2CCCCC2)nn1,EC50,'>',10000.0,nM,1
CHEMBL3966168,Cc1nc(C(C)(NC(=O)c2cc(OCC(F)(F)F)c(C3CC3)cn2)C(N)=O)no1,EC50,'>',10000.0,nM,1
CHEMBL3410706,CCCCOc1cccc2cc(C(=O)NC34CC5CC(CC(C5)C3)C4)c(=O)oc12,EC50,'>',10000.0,nM,1
CHEMBL3895228,O=C(NC1(CO)CCCCC1)c1cnc(C2CC2)c(OCC2CC2)n1,EC50,'>',10000.0,nM,1
CHEMBL4129750,CC(C)c1cc(C(=O)NC2CCCCC2)nnc1N1CCOCC1,EC50,'>',10000.0,nM,1
CHEMBL4126123,CC(C)c1cc(NC(C)C(C)C)nnc1C(=O)NC1C2CC3CC(C2)CC1C3,EC50,'>',10000.0,nM,1
CHEMBL3978856,NC(=O)CC1(NC(=O)c2cc(OCC(F)(F)F)c(N3CC(F)(F)C3)cn2)COC1,EC50,'>',10000.0,nM,1
CHEMBL3958413,Cc1nc(C(C)(NC(=O)c2cc(OCC(F)(F)F)c(C3CC3)cn2)C(=O)N2CCC2)no1,EC50,'>',10000.0,nM,1
CHEMBL4129072,CC(C)c1cc(NC2CCCC2)nnc1C(=O)NC1C2CC3CC(C2)CC1C3,EC50,'>',10000.0,nM,1
CHEMBL4127508,CC(C)c1cc(NCC2CC2)nnc1C(=O)NC1C2CC3CC(C2)CC1C3,EC50,'>',10000.0,nM,1
CHEMBL3917086,Cc1nc([C@@](C)(NC(=O)c2cc(O[C@@H](C)C(F)(F)F)c(C3(F)COC3)cn2)C2CC2)no1,EC50,'>',10000.0,nM,1
CHEMBL3925284,CC(C)(CO)NC(=O)c1cc(-c2cccc(Cl)c2)c(Cl)cn1,EC50,'>',10000.0,nM,1
CHEMBL3972177,NC(=O)[C@@H](NC(=O)c1cnc(C2CC2)c(OCC2CC2)n1)c1ccccc1,EC50,'>',10000.0,nM,1
CHEMBL4113090,CNC(=O)[C@@H](NC(=O)c1ccc(N2CC(F)(F)C2)c(OCC2CCCO2)n1)C(C)(C)C,EC50,'>',10000.0,nM,1
CHEMBL3918487,COC(=O)C(C)(NC(=O)c1cnc(N2CC(F)(F)C2)c(OCC2CC2)n1)C1CC1,EC50,'>',10000.0,nM,1
CHEMBL3919417,O=C(NN1CCCCC1)c1cnc(C2CC2)c(-c2cccc(Cl)c2)n1,EC50,'>',10000.0,nM,1
CHEMBL4066597,CCCCCn1c(=O)n(CC(=O)NCCCC)c(=O)c2c(Cl)cccc21,EC50,'>',10000.0,nM,1
CHEMBL3923434,CC(C)C[C@@H](CO)NC(=O)c1cc(OCC2CC2)c(Cl)cn1,EC50,'>',10000.0,nM,1
CHEMBL3918005,O=C(NCC1(O)CCCCC1)c1cc(OCC2CC2)c(Cl)cn1,EC50,'>',10000.0,nM,1
CHEMBL3927971,CC[C@H](NC(=O)c1ccc(C2CC2)c(OCC2CC2)n1)c1noc(C)n1,EC50,'>',10000.0,nM,1
CHEMBL3933185,Cc1csc(C(C)(CC2CC2)NC(=O)c2cc(OCC(F)(F)F)c(C3CC3)cn2)n1,EC50,'>',10000.0,nM,1
CHEMBL3933997,Cc1nc(C(C)(CS(C)(=O)=O)NC(=O)c2cc(O[C@@H](C)C(F)(F)F)c(C3(O)CCC3)cn2)no1,EC50,'>',10000.0,nM,1
CHEMBL4115020,Cc1nc([C@H](NC(=O)c2ccc(C3CC3)c(OCC3CC3)n2)C2CC2)no1,EC50,'>',10000.0,nM,1
CHEMBL4799870,Cn1cnc(C(C[N+](=O)[O-])c2c(-c3ccccc3)[nH]c3ccccc23)c1,EC50,'>',10000.0,nM,1
CHEMBL3899824,Cc1nc(C(C)(NC(=O)c2cc(OCC(F)(F)F)c(Cl)cn2)C2CC2)no1,EC50,'>',10000.0,nM,1
CHEMBL3919727,O=C(N[C@@H](c1cccnc1)C(F)(F)F)c1cc(OCC2CC2)c(Cl)cn1,EC50,'>',10000.0,nM,1
CHEMBL3935181,CCC(CC)(NC(=O)c1ccc(C(F)(F)F)c(OCC2CCOCC2)n1)C(=O)NC,EC50,'>',10000.0,nM,1
CHEMBL3947998,Cc1nc(C(C)(C)NC(=O)c2ccc(C3CC3)c(OCc3ccccn3)n2)no1,EC50,'>',10000.0,nM,1
CHEMBL3590632,CCCCN1C(=O)/C(=C/NC(C)(C)C)C(=O)c2cccc(C)c21,EC50,'>',10000.0,nM,1
CHEMBL2205598,COCCNC(=O)c1c(NC(=O)CC(C)(C)C)sc2c1CCOC2,EC50,'>',10000.0,nM,1
CHEMBL3927770,Cc1nc(C(C)(CS(C)(=O)=O)NC(=O)c2cc(O[C@@H](C)C(F)(F)F)c(N3CC(F)(F)C3)cn2)no1,EC50,'>',10000.0,nM,1
CHEMBL3963482,CC(C)CC(C#N)NC(=O)c1ccc(N2CC(F)(F)C2)c(OCC2CC2)n1,EC50,'>',10000.0,nM,1
CHEMBL3975859,COC1CN(c2ccc(C(=O)N3CS(=O)(=O)CC3C(N)=O)nc2OCC2CC2)C1,EC50,'>',10000.0,nM,1
CHEMBL3964993,CC1CN(C(=O)c2ccc(N3CC(F)(F)C3)c(OCC3CC3)n2)CC(C)O1,EC50,'>',10000.0,nM,1
CHEMBL3970995,Cc1nc([C@@](C)(NC(=O)c2cc(OCC(F)(F)F)c(C3CC3)cn2)C2CC2)no1,EC50,'>',10000.0,nM,1
CHEMBL3894289,Cc1nsc(C(C)(C)NC(=O)c2cccc(-c3cccc(Cl)c3)n2)n1,EC50,'>',10000.0,nM,1
CHEMBL3911366,O=C(NN1CCCCC1)c1cccc(-c2cccc(Cl)c2)n1,EC50,'>',10000.0,nM,1
CHEMBL3979708,O=C(NN1CCCCC1)c1ccc(Cl)c(-c2cccc(Cl)c2)n1,EC50,'>',10000.0,nM,1
CHEMBL3916255,COCCC(C)(C)NC(=O)c1cnc(N2CC(F)(F)C2)c(OCC2CC2)n1,EC50,'>',10000.0,nM,1
CHEMBL246095,O=C(Nc1ccc(Cl)c(S(=O)(=O)N2CCOCC2)c1)c1ccccc1Cl,EC50,'<',10000.0,nM,1
CHEMBL4115584,O=C(c1ccc(N2CC(F)(F)C2)c(OCC2CC2)n1)N1C[C@@H]2CC[C@H]1C2,EC50,'>',10000.0,nM,1
CHEMBL4074053,CCCCCn1c(C)cc(=O)n(CC(=O)NCCCC)c1=O,EC50,'>',10000.0,nM,1
CHEMBL3590614,CCCCCN1C(=O)/C(=C/NC2CCCCC2)C(=O)c2cccc(OC)c21,EC50,'>',10000.0,nM,1
CHEMBL3944617,CC(C)(NC(=O)c1cccc(-c2cccc(Cl)c2)n1)c1nnco1,EC50,'>',10000.0,nM,1
CHEMBL3955963,CC(C)C(C)(NC(=O)c1ccc(C2CC2)c(OCC2CC2)n1)C(N)=O,EC50,'>',10000.0,nM,1
CHEMBL3907797,COCCOc1nc(C(=O)N[C@@H](CC(C)C)C(N)=O)ccc1C1CC1,EC50,'>',10000.0,nM,1
CHEMBL3928599,Cc1nc(C(C)(C)NC(=O)c2ccc(C3CCOC3)c(-c3cccc(Cl)c3)n2)no1,EC50,'>',10000.0,nM,1
CHEMBL3913332,O=C(NC1CCS(=O)(=O)C1)c1ccc(N2CC(F)(F)C2)c(OCC2CC2)n1,EC50,'>',10000.0,nM,1
CHEMBL2205601,O=C(Nc1sc2c(c1C(=O)N1CCOCC1)CCOC2)c1cccc(Cl)c1,EC50,'>',10000.0,nM,1
CHEMBL3892993,CCC(CC)(NC(=O)c1cccc(OCC(F)(F)C(F)(F)F)n1)C(=O)NC,EC50,'>',10000.0,nM,1
CHEMBL4127553,CC(C)c1cc(NCCO)nnc1C(=O)NC1C2CC3CC(C2)CC1C3,EC50,'>',10000.0,nM,1
CHEMBL3956243,N=C(N)N1CCC(Nc2cc(=O)[nH]c3ccc(C(c4ccc(Cl)cc4)c4ccc(Cl)cc4)cc23)CC1,EC50,'>',10000.0,nM,1
CHEMBL3896334,CCN(C(=O)c1ccc(N2CC(F)(F)C2)c(OCC2CC2)n1)C1(C(F)(F)F)CC1,EC50,'>',10000.0,nM,1
CHEMBL3963383,CC(C)C[C@H](NC(=O)c1ccc(Cl)c(-c2cccc(Cl)c2)n1)C(N)=O,EC50,'>',10000.0,nM,1
CHEMBL3897115,Cc1nc(C(C)(CS(C)(=O)=O)NC(=O)c2cc(OCCF)c(C3CC3)cn2)no1,EC50,'>',10000.0,nM,1
CHEMBL3977851,CC(C)(C)OC(=O)COc1cc(NC2CCN(S(=O)(=O)C(F)(F)F)CC2)c2cc(C(c3ccc(Cl)cc3)c3ccc(Cl)cc3)ccc2n1,EC50,'>',10000.0,nM,1
CHEMBL3936687,CC(C)(C)N(CC(N)=O)C(=O)c1ccc(N2CC(F)(F)C2)c(OCC2CC2)n1,EC50,'>',10000.0,nM,1
CHEMBL4110534,CC1(C)C[C@@H]2C[C@@](C)(CN2C(=O)c2ccc(N3CC(F)(F)C3)c(OCC3CC3)n2)C1,EC50,'>',10000.0,nM,1
CHEMBL3951612,CC(C)CN(NC(=O)c1ccc(C2CC2)c(OC(C)C(F)(F)F)n1)C(N)=O,EC50,'>',10000.0,nM,1
CHEMBL3960990,Cc1nc(C(NC(=O)c2ccc(N3CC(F)(F)C3)c(OCC3CC3)n2)C2CC2)no1,EC50,'=',10000.0,nM,1
CHEMBL4160855,CC(C)(C)[C@H](CO)NC(=O)c1nn(-c2cnccn2)c2c1C[C@@H]1C[C@H]21,EC50,'>',10000.0,nM,1
CHEMBL3956138,Cc1nc(C(C)(C)NC(=O)c2ccc(C3CCCO3)c(OCC3CC3)n2)no1,EC50,'>',10000.0,nM,1
CHEMBL3901485,Cc1nc(C(C)(C)NC(=O)c2ccc(C3CCOC3)c(OCC3CC3)n2)no1,EC50,'>',10000.0,nM,1
CHEMBL3939019,Cc1nc(C(C)(C)NC(=O)c2cccc(-c3ccc(Cl)cc3)n2)no1,EC50,'>',10000.0,nM,1
CHEMBL3922110,C[C@H](Oc1cc(C(=O)NC(C)(C#N)CC2CC2)ncc1C1(F)COC1)C(F)(F)F,EC50,'>',10000.0,nM,1
CHEMBL3918794,CCC(CC)(NC(=O)c1cc(OCC2(C)COC2)c(C2CC2)cn1)C(=O)NCC(F)CCl,EC50,'>',10000.0,nM,1
CHEMBL3973630,COC(=O)[C@H](CC1CC1)NC(=O)c1ccc(C2CC2)c(OCC2CC2)n1,EC50,'>',10000.0,nM,1
CHEMBL3912397,O=C(c1ccc(N2CC(F)(F)C2)c(OCC2CC2)n1)N1CCC(C(O)C(F)(F)F)C1,EC50,'>',10000.0,nM,1
CHEMBL3970448,CC(C)(C#N)NC(=O)c1ccc(C2CC2)c(OCC2CC2)n1,EC50,'>',10000.0,nM,1
CHEMBL3976062,CNC(=O)CC(C)(NC(=O)c1cc(O[C@@H](C)C(F)(F)F)c(C2CC2)cn1)C1CC1,EC50,'>',10000.0,nM,1
CHEMBL3590604,CCCCCN1C(=O)/C(=C/NC2CCCCC2)C(=O)c2c(OC)cccc21,EC50,'>',10000.0,nM,1
CHEMBL3956670,CN(C)C(=O)[C@@H](NC(=O)c1ccc(C2CC2)c(OCC2CC2)n1)c1ccccc1,EC50,'>',10000.0,nM,1
CHEMBL1905057,O=[N+]([O-])CC(c1ccccc1)c1c[nH]c2ccccc12,EC50,'>',10000.0,nM,1
CHEMBL4110885,NC(=O)[C@H](NC(=O)c1ccc(C2CC2)c(OCC2CC2)n1)c1ccccc1,EC50,'>',10000.0,nM,1
CHEMBL4107424,CNC(=O)[C@@H](NC(=O)c1cc(OC2COC2)c(Cl)cn1)C(C)(C)C,EC50,'>',10000.0,nM,1
CHEMBL3915046,Cc1ccc(C(=O)NN2CCCCC2)nc1-c1cccc(Cl)c1,EC50,'>',10000.0,nM,1
CHEMBL3968694,CCC(CC)(NC(=O)c1cc(OCC2(C)COC2)c(C2CC2)cn1)C(=O)NCCCF,EC50,'>',10000.0,nM,1
CHEMBL3952061,CC(C)[C@](C)(CO)NC(=O)c1cc(OCC2CCC2)c(Cl)cn1,EC50,'>',10000.0,nM,1
CHEMBL3900747,CC1(C)C(=O)NCCN1C(=O)c1ccc(N2CC(F)(F)C2)c(OCC2CC2)n1,EC50,'>',10000.0,nM,1
CHEMBL4168131,CC(C)[C@@H](CO)NC(=O)c1nn(-c2c[n+]([O-])ccn2)c2c1C[C@@H]1C[C@H]21,EC50,'>',10000.0,nM,1
CHEMBL506707,CC(C)(C(=O)Nc1ccc(Cl)c(Br)c1)S(=O)(=O)c1ccc(Cl)cc1,EC50,'>',10000.0,nM,1
CHEMBL3590611,CCCCN1C(=O)/C(=C/NC2CCCCC2)C(=O)c2cccc(CC)c21,EC50,'>',10000.0,nM,1
CHEMBL4078508,CCCCCn1c(=O)n(CC(=O)NC2CCCCC2)c(=O)c2ccccc21,EC50,'>',10000.0,nM,1
CHEMBL3982326,O=C(c1ccc(N2CC(F)(F)C2)c(OCC2CC2)n1)N1CCC(CO)(C(F)(F)F)C1,EC50,'>',10000.0,nM,1
CHEMBL3968469,NC(=O)[C@H](CC1CC1)NC(=O)c1cnc(N2CC(F)(F)C2)c(OCC2CC2)n1,EC50,'>',10000.0,nM,1
CHEMBL3966926,CN(C)C(=O)[C@H](CC1CC1)NC(=O)c1cnc(C2CC2)c(OCC2CC2)n1,EC50,'>',10000.0,nM,1
CHEMBL3926267,O=C(c1ccc(N2CC(F)(F)C2)c(OCC2CC2)n1)N(Cc1ccccc1)C1(C(F)(F)F)CC1,EC50,'>',10000.0,nM,1
CHEMBL3891493,CCC(CC)(NC(=O)c1ccc(C(F)(F)F)c(OCC2CCOCC2)n1)C(=O)N(C)C,EC50,'>',10000.0,nM,1
CHEMBL3922246,O=C(c1ccc(N2CC(F)(F)C2)c(OCC2CC2)n1)N1C[C@H]2COC[C@H]2C1,EC50,'>',10000.0,nM,1
CHEMBL3974913,CC(C)CC(C)(NC(=O)c1cc(OCC(F)(F)F)c(C2CC2)cn1)C(N)=O,EC50,'>',10000.0,nM,1
CHEMBL3960116,CCC(CC)(NC(=O)c1ccc(C2CC2)c(OCC2CC2)n1)C(=O)N1CC(F)(F)C1,EC50,'>',10000.0,nM,1
CHEMBL3956445,O=C(c1ccc(N2CC(F)(F)C2)c(OCC2CC2)n1)N1CCC2(CC2)C1,EC50,'>',10000.0,nM,1
CHEMBL467240,CC(C)(C(=O)NCc1ccc(F)c(Cl)c1)S(=O)(=O)c1ccc(Cl)cc1,EC50,'>',10000.0,nM,1
CHEMBL4286610,O=c1cc(CCc2ccccc2)c2cc(C(c3ccc(Cl)cc3)n3ccnc3)ccc2[nH]1,EC50,'>',10000.0,nM,1
CHEMBL3590617,CCCCN1C(=O)/C(=C/NCc2ccc(F)cc2)C(=O)c2cccc(C)c21,EC50,'>',10000.0,nM,1
CHEMBL3590630,CCCCN/C=C1\C(=O)c2cccc(C)c2N(CCCC)C1=O,EC50,'>',10000.0,nM,1
CHEMBL3895889,O=C(c1ccc(N2CC(F)(F)C2)c(OCC2CC2)n1)N1CCCC12COC2,EC50,'>',10000.0,nM,1
CHEMBL3590635,CCCCN1C(=O)/C(=C/NC(C)CCC)C(=O)c2cccc(C)c21,EC50,'>',10000.0,nM,1
CHEMBL3590626,CCCCN1C(=O)/C(=C/NN2CCOCC2)C(=O)c2cccc(C)c21,EC50,'>',10000.0,nM,1
CHEMBL3590616,CCCCN1C(=O)/C(=C/NC23CC4CC(CC(C4)C2)C3)C(=O)c2cccc(C)c21,EC50,'>',10000.0,nM,1
CHEMBL3590602,CCCCCN1C(=O)/C(=C/NC2CCCCC2)C(=O)c2ccccc21,EC50,'>',10000.0,nM,1
CHEMBL4172579,O=C(N[C@H](CO)c1ccccc1)c1nn(-c2c[n+]([O-])ccn2)c2c1C[C@@H]1C[C@H]21,EC50,'>',10000.0,nM,1
CHEMBL3590609,Cc1cccc2c1N(CC1CC1)C(=O)/C(=C/NC1CCCCC1)C2=O,EC50,'>',10000.0,nM,1
CHEMBL3590610,C=CCCN1C(=O)/C(=C/NC2CCCCC2)C(=O)c2cccc(C)c21,EC50,'>',10000.0,nM,1
CHEMBL3590634,CCCCN1C(=O)/C(=C/NC(C)C(C)C)C(=O)c2cccc(C)c21,EC50,'>',10000.0,nM,1
CHEMBL4091510,CCCCCn1c(C)c(-c2cccc(C)c2)c(=O)n(CC(=O)NC(C)(C)C)c1=O,EC50,'>',10000.0,nM,1
CHEMBL3960865,CNC(=O)[C@@H](NC(=O)c1ccc(C2CC2)c(S(=O)(=O)CC(C)C)n1)C(C)C,EC50,'>',10000.0,nM,1
CHEMBL3911440,NC(=O)[C@@H]1CC2(CC2)CN1C(=O)c1ccc(N2CC(F)(F)C2)c(OCC2CC2)n1,EC50,'>',10000.0,nM,1
CHEMBL3915566,O=C(c1ccc(N2CC(F)(F)C2)c(OCC2CC2)n1)N1CCC12COC2,EC50,'>',10000.0,nM,1
CHEMBL3931268,CC(=O)N1CCN(c2cc(OS(=O)(=O)C(F)(F)F)nc3ccc(C(c4ccc(Cl)cc4)c4nccs4)cc23)CC1,EC50,'>',10000.0,nM,1
CHEMBL3590621,CCCCN1C(=O)/C(=C/NC2CCCC2)C(=O)c2cccc(C)c21,EC50,'>',10000.0,nM,1
CHEMBL489644,O=C(Cc1ccc(C(F)(F)F)cc1)N1CCN(S(=O)(=O)c2cc(C(F)(F)F)cc(C(F)(F)F)c2)C1,EC50,'>',10000.0,nM,1
CHEMBL3984855,Cc1nc([C@H](CC2CC2)NC(=O)c2ccc(C3CCCC3)c(OCC3CC3)n2)no1,EC50,'>',10000.0,nM,1
CHEMBL3903687,NC(=O)C1CC2(CC2)CN1C(=O)c1ccc(N2CC(F)(F)C2)c(OCC2CC2)n1,EC50,'>',10000.0,nM,1
CHEMBL3893210,O=C(c1ccc(N2CC(F)(F)C2)c(OCC2CC2)n1)N1CCC(O)(C(F)(F)F)C1,EC50,'>',10000.0,nM,1
CHEMBL4094136,CCCCCn1c(=O)n(CC(=O)NC2CCCCC2)c(=O)c2c(Cl)cccc21,EC50,'>',10000.0,nM,1
CHEMBL4082945,CCCCCCn1c(C)cc(=O)n(CC(=O)NC(C)(C)C)c1=O,EC50,'>',10000.0,nM,1
CHEMBL3955026,O=C(NN1CCCCC1)c1ccc(C2CC2)c(OCC2CC2)n1,EC50,'>',10000.0,nM,1
CHEMBL5088467,Cc1cnc2c(-c3ccc(C(=O)N(c4ncccc4C)[C@@H]4CCCNC4)cc3F)cnn2c1,EC50,'>',10000.0,nM,1
CHEMBL3897189,O=C(c1ccc(C2CC2)c(-c2cccc(Cl)c2)n1)N1CCS(=O)(=O)CC1,EC50,'>',10000.0,nM,1
CHEMBL3943441,C[C@H](Oc1cc(C(=O)NC(C(=O)N(C)C)C(C)(C)C)ncc1C1CC1)C(F)(F)F,EC50,'>',10000.0,nM,1
CHEMBL3900545,Cn1nnnc1CN(C(=O)c1ccc(N2CC(F)(F)C2)c(OCC2CC2)n1)C(C)(C)C,EC50,'>',10000.0,nM,1
CHEMBL3897891,C[C@]1(O)C[C@@H](C(N)=O)N(C(=O)c2ccc(N3CC(F)(F)C3)c(OCC3CC3)n2)C1,EC50,'>',10000.0,nM,1
CHEMBL3590615,CCCCN1C(=O)/C(=C/NC2CCCCC2)C(=O)c2cccc(Cl)c21,EC50,'>',10000.0,nM,1
CHEMBL4091713,CCCn1c(=O)n(CC(=O)NC(C)(C)C)c(=O)c2ccccc21,EC50,'>',10000.0,nM,1
CHEMBL4126281,CC(C)c1cc(NC2CCCCC2)nnc1C(=O)NC1C2CC3CC(C2)CC1C3,EC50,'>',10000.0,nM,1
CHEMBL4099245,CCCCCn1c(C)c(C2CC2)c(=O)n(CC(=O)NC(C)(C)C)c1=O,EC50,'>',10000.0,nM,1
CHEMBL3977341,O=c1cc(NC2CCN(S(=O)(=O)C(F)(F)F)CC2)c2cc(C(c3ccc(Cl)cc3)c3ccc(Cl)cc3)cc(NC3CCN(S(=O)(=O)C(F)(F)F)CC3)c2[nH]1,EC50,'>',10000.0,nM,1
CHEMBL526322,CCn1c2ccccc2c2cc(NC(=O)CCc3nc(-c4ccccc4C(C)C)no3)ccc21,EC50,'>',10000.0,nM,1
CHEMBL4129719,CC(C)c1cc(N2CCCCC2)nnc1C(=O)NC1C2CC3CC(C2)CC1C3,EC50,'>',10000.0,nM,1
CHEMBL2338170,CC(=O)c1ccccc1NC(=O)C12CC3CC(CC(C3)C1)C2,EC50,'>',10000.0,nM,1
CHEMBL3890329,CNC(=O)[C@H](C)C(C)(C)NC(=O)c1cc(OCC2CC2)c(Cl)cn1,EC50,'>',10000.0,nM,1
CHEMBL1644685,O[C@H]1CCCN(Cc2cccc(-c3nc(-c4cccc(C(F)(F)F)c4)c[nH]3)c2)C1,EC50,'>',10000.0,nM,1
CHEMBL3969784,CS(=O)(=O)CC[C@H](NC(=O)c1ccc(N2CC(F)(F)C2)c(OCC2CC2)n1)C(N)=O,EC50,'>',10000.0,nM,1
CHEMBL4107944,CNC(=O)[C@@H](NC(=O)c1ccc(N2CC(F)(F)C2)c(OCC2CC2)n1)C(C)(C)C,EC50,'>',10000.0,nM,1
CHEMBL4127825,O=C(NC1C2CC3CC(C2)CC1C3)c1ccc(N2CCOCC2)nn1,EC50,'>',10000.0,nM,1
CHEMBL4126181,CCCCNc1cc(C(C)C)c(C(=O)NC2C3CC4CC(C3)CC2C4)nn1,EC50,'>',10000.0,nM,1
CHEMBL3915279,Cc1nc([C@H](CC(C)C)NC(=O)c2ccc(C3CC3)c(OCC3CC3)n2)no1,EC50,'>',10000.0,nM,1
CHEMBL498324,CCn1c2ccccc2c2cc(NC(=O)CCc3cc(-c4ccccc4F)[nH]n3)ccc21,EC50,'>',10000.0,nM,1
CHEMBL3894398,CC(C)[C@](C)(CO)NC(=O)c1ccc(C2CC2)c(OCC2CC2)n1,EC50,'>',10000.0,nM,1
CHEMBL3960914,CC(C)(O)[C@H](CC1CC1)NC(=O)c1ccc(C2CC2)c(OCC2CC2)n1,EC50,'>',10000.0,nM,1
CHEMBL3903761,Cc1cnc(C(C)(CC2CC2)NC(=O)c2cc(OCC(F)(F)F)c(C3CC3)cn2)s1,EC50,'>',10000.0,nM,1
CHEMBL3932300,C[C@H](Oc1cc(C(=O)NC(C(N)=O)C2(C)COC2)ncc1C1CC1)C(F)(F)F,EC50,'>',10000.0,nM,1
CHEMBL3972174,C[C@H](Oc1cc(C(=O)NC2(CC(N)=O)CS(=O)(=O)C2)ncc1C1CC1)C(F)(F)F,EC50,'>',10000.0,nM,1
CHEMBL4560492,O=[N+]([O-])CC(c1ccccc1)c1cn(-c2ccccc2)c2ccccc12,EC50,'>',10000.0,nM,1
CHEMBL4126437,CC(C)c1cc(N2CCOCC2)nnc1C(=O)NC1CCCCC1,EC50,'>',10000.0,nM,1
CHEMBL3410699,O=C(NC1CCCCC1)c1cc2cccc(OCc3ccccc3)c2oc1=O,EC50,'>',10000.0,nM,1
CHEMBL4115472,NC(=O)[C@H]1CC(F)(F)CN1C(=O)c1cc(OCC(F)(F)F)c(C2CC2)cn1,EC50,'>',10000.0,nM,1
CHEMBL4109602,Cc1nc([C@@](C)(CC2CC2)NC(=O)c2cc(OCC(F)(F)F)c(N3CC(F)(F)C3)cn2)no1,EC50,'>',10000.0,nM,1
CHEMBL4072456,CCCCn1c(C)cc(=O)n(CC(=O)NC(C)(C)C)c1=O,EC50,'>',10000.0,nM,1
CHEMBL395422,Cc1ccc(NC(=O)c2ccc(C)c(S(=O)(=O)N3CCCCC3)c2)nc1,EC50,'<',10000.0,nM,1
CHEMBL3410696,CCCCCOc1cccc2cc(C(=O)NC3CCCCC3)c(=O)oc12,EC50,'>',10000.0,nM,1
CHEMBL3969306,COC(=O)[C@H](CC1CC1)NC(=O)c1cnc(C2CC2)c(OCC2CC2)n1,EC50,'>',10000.0,nM,1
CHEMBL3919055,CC(C)CC(C)(NC(=O)c1ccc(C2CC2)c(OCC2CC2)n1)C(N)=O,EC50,'>',10000.0,nM,1
CHEMBL3987034,NC(=O)[C@H](CC1CC1)NC(=O)c1ccc(C2CC2)c(OCC2CC2)n1,EC50,'>',10000.0,nM,1
CHEMBL3915659,CCC1(CC)C(=O)NCCN1C(=O)c1ccc(N2CC(F)(F)C2)c(OCC2CC2)n1,EC50,'>',10000.0,nM,1
CHEMBL248345,Cc1ccc(C(=O)Nc2ccccc2)cc1S(=O)(=O)N1CCCC1,EC50,'<',10000.0,nM,1
CHEMBL395672,Cc1ccc(NC(=O)c2ccccc2Oc2ccccc2)cc1S(=O)(=O)N1CCOCC1,EC50,'<',10000.0,nM,1
CHEMBL5092080,O=[N+]([O-])CC(c1ccccc1)c1c(-c2c[nH]c3ccccc23)[nH]c2ccccc12,EC50,'>',10000.0,nM,1
CHEMBL2204901,COC1CN(C(=O)c2c(NC(=O)CN3CCCCC3)sc3c2CCCC3)C1,EC50,'>',10000.0,nM,1
CHEMBL5088122,O=[N+]([O-])CC(c1ccccc1)c1c(-c2cc[nH]c2)[nH]c2ccccc12,EC50,'>',10000.0,nM,1
CHEMBL3911429,CC(C)(NC(=O)c1ccc(N2CC(O)C2)c(OCC2CC2)n1)c1nccs1,EC50,'>',10000.0,nM,1
CHEMBL3965308,CCC(CC)(NC(=O)c1ccc(C2CC2)c(S(=O)(=O)CC(C)C)n1)C(=O)NC,EC50,'>',10000.0,nM,1
CHEMBL3234676,CCC(C)Cn1c(C(C)(C)C)nc2cc(S(=O)(=O)c3ccnc(F)c3)ccc21,EC50,'>',10000.0,nM,1
CHEMBL3979647,CCC(C)(NC(=O)c1ccc(C2CC2)c(OCC2CC2)n1)C(N)=O,EC50,'>',10000.0,nM,1
CHEMBL3896284,COCCOCC(C)(C)NC(=O)c1ccc(C2CC2)c(OCC2CC2)n1,EC50,'>',10000.0,nM,1
CHEMBL3966159,COCCN(C(=O)c1ccc(N2CC(F)(F)C2)c(OCC2CC2)n1)C(C)(C)CO,EC50,'>',10000.0,nM,1
CHEMBL3927144,Cc1nc([C@](C)(CC2CC2)NC(=O)c2cc(OCC(F)(F)F)c(Cl)cn2)no1,EC50,'>',10000.0,nM,1
CHEMBL3956246,CCC[C@@](C)(CO)NC(=O)c1cc(OCC2CC2)c(Cl)cn1,EC50,'>',10000.0,nM,1
CHEMBL3954378,CC1(O)CCN(C(=O)c2ccc(N3CC(F)(F)C3)c(OCC3CC3)n2)C1,EC50,'>',10000.0,nM,1
CHEMBL3977882,Cc1nc(C(NC(=O)c2ccc(C(F)(F)F)c(OCC3CC3)n2)C2CC2)no1,EC50,'>',10000.0,nM,1
CHEMBL3909476,NC(=O)[C@@H](NC(=O)c1ccc(C2CC2)c(OCC2CC2)n1)c1ccc(F)cc1,EC50,'>',10000.0,nM,1
CHEMBL3960115,CCC(CC)(NC(=O)c1cnc(N2CC(F)(F)C2)c(OCC2CC2)n1)C(=O)NC,EC50,'>',10000.0,nM,1
CHEMBL3897876,NC(=O)C1C[S+]([O-])CN1C(=O)c1ccc(N2CC(F)(F)C2)c(OCC2CC2)n1,EC50,'>',10000.0,nM,1
CHEMBL498417,COCCN1C(=O)/C(=N\NC(=O)c2ccccc2)c2ccc(OC)cc21,EC50,'>',10000.0,nM,1
CHEMBL3965091,CC(CC1CC1)(NC(=O)c1cc(OCC(F)(F)F)c(C2CC2)cn1)C(N)=O,EC50,'>',10000.0,nM,1
CHEMBL4169194,O=C(N[C@H](CO)C(F)(F)F)c1nn(-c2c[n+]([O-])ccn2)c2c1C[C@@H]1C[C@H]21,EC50,'>',10000.0,nM,1
CHEMBL3950068,CCC(CC)(NC(=O)c1ccc(C(F)(F)F)c(OCC2CC2)n1)C(=O)N1CC(F)(F)C1,EC50,'>',10000.0,nM,1
CHEMBL3970243,CNC(=O)CC1(NC(=O)c2cc(OCC(F)(F)F)c(C3(F)CCC3)cn2)CS(=O)(=O)C1,EC50,'>',10000.0,nM,1
CHEMBL3912526,CNC(=O)[C@H](CC(C)(C)C)NC(=O)c1ccc(C2CC2)c(OCC2CC2)n1,EC50,'>',10000.0,nM,1
CHEMBL3976344,O=C(c1ccc(N2CC(F)(F)C2)c(OCC2CC2)n1)N1CC(F)(F)C(F)(F)C1,EC50,'>',10000.0,nM,1
CHEMBL4108265,NC(=O)[C@H](NC(=O)c1ccc(C2CC2)c(OCC2CC2)n1)C1CC1,EC50,'>',10000.0,nM,1
CHEMBL3937051,O=C(NC1(CO)CCCCC1)c1cnc(N2CC(F)(F)C2)c(OCC2CC2)n1,EC50,'>',10000.0,nM,1
CHEMBL3986428,CC(C)C[C@H](NC(=O)c1ccc(N2CC(O)C2)c(OCC2CC2)n1)C(N)=O,EC50,'>',10000.0,nM,1
CHEMBL3941673,CNC(=O)C(C)(CC1CC1)NC(=O)c1cc(OCC(F)(F)F)c(C2CC2)cn1,EC50,'>',10000.0,nM,1
CHEMBL3922561,COCCOc1nc(C(=O)NC(C)(C)c2noc(C)n2)ccc1C1CC1,EC50,'>',10000.0,nM,1
CHEMBL1644680,CC1CCN(Cc2cccc(-c3nc(-c4cccc(C(F)(F)F)c4)c[nH]3)c2)CC1,EC50,'>',10000.0,nM,1
CHEMBL3942088,CC(C)(CCS(C)(=O)=O)NC(=O)c1ccc(C2CC2)c(OCC2CC2)n1,EC50,'>',10000.0,nM,1
CHEMBL4129758,CCC(CC)Nc1nnc(C(=O)NC2C3CC4CC(C3)CC2C4)cc1C(C)C,EC50,'>',10000.0,nM,1
CHEMBL3936193,Cc1nc(C(C)(C)NC(=O)c2cnc(C3CC3)c(OCC3CC3)n2)no1,EC50,'>',10000.0,nM,1
CHEMBL3972732,CC(C)(NC(=O)c1ccc(Cl)c(OCC2CC2)n1)c1ncon1,EC50,'>',10000.0,nM,1
CHEMBL2205613,CC(C)(C)C(=O)c1c(NC(=O)c2ccccc2OC(F)(F)F)sc2c1CCOC2,EC50,'>',10000.0,nM,1
CHEMBL3933319,CC1(C)CCCN1C(=O)c1ccc(N2CC(F)(F)C2)c(OCC2CC2)n1,EC50,'>',10000.0,nM,1
CHEMBL2204908,COCCNC(=O)c1c(NC(=O)c2ccccc2Cl)sc2c1CCC2,EC50,'>',10000.0,nM,1
CHEMBL3959751,O=C(NNC1CCS(=O)(=O)C1)c1cccc(Cc2ccc(F)cc2)n1,EC50,'>',10000.0,nM,1
CHEMBL3410709,CCCCOc1cccc2cc(C(=O)NC(C)CCC)c(=O)oc12,EC50,'>',10000.0,nM,1
CHEMBL3966810,Cc1nc(C(C)(NC(=O)c2cc(OCC(F)(F)F)c(C3CC3)cn2)C(=O)N2CC3(COC3)C2)no1,EC50,'>',10000.0,nM,1
CHEMBL3980142,CNC(=O)C(C)(C)NC(=O)c1ccc(C2CCCC2)c(OCC2CC2)n1,EC50,'>',10000.0,nM,1
CHEMBL1950922,CCS(=O)(=O)c1ccc2c(c1)nc(C(C)(C)C)n2CC1CCN(C=O)CC1,EC50,'>',10000.0,nM,1
CHEMBL524089,CCCCCN1C(=O)/C(=N\NC(=O)CN2CCOCC2)c2ccc(OC)cc21,EC50,'>',10000.0,nM,1
CHEMBL3889750,NC(=O)[C@@H]1C[C@H](O)CN1C(=O)c1ccc(N2CC(F)(F)C2)c(OCC2CC2)n1,EC50,'>',10000.0,nM,1
CHEMBL4074423,CCCCn1c(=O)n(CC(=O)NC(C)(C)C)c(=O)c2cccc(C)c21,EC50,'>',10000.0,nM,1
CHEMBL3914653,Cc1nc(C(C)(COCc2ccccc2)NC(=O)c2cc(OCC(F)(F)F)c(C3CC3)cn2)no1,EC50,'>',10000.0,nM,1
CHEMBL3903150,CN(C)C(=O)CN(C(=O)c1ccc(N2CC(F)(F)C2)c(OCC2CC2)n1)C(C)(C)C,EC50,'>',10000.0,nM,1
CHEMBL4072290,CCCCCn1c(C)c(I)c(=O)n(CC(=O)NC(C)(C)C)c1=O,EC50,'>',10000.0,nM,1
CHEMBL4112971,Cc1nc([C@](C)(NC(=O)c2cc(OCC(F)(F)F)c(N3CC(F)(F)C3)cn2)C2CC2)no1,EC50,'>',10000.0,nM,1
CHEMBL248344,Cc1ccc(C(=O)Nc2cccc(F)c2)cc1S(=O)(=O)N1CCCCC1,EC50,'<',10000.0,nM,1
CHEMBL3932050,CC(C)CC(NC(=O)c1ccc(N2CC(F)(F)C2)c(OCC2CC2)n1)c1cccnn1,EC50,'>',10000.0,nM,1
CHEMBL2204898,COCCNC(=O)c1c(NC(=O)CN2CCCCC2)sc2c1CCCC2,EC50,'>',10000.0,nM,1
CHEMBL3973703,Cc1nc([C@H](CC2CC2)NC(=O)c2cnc(N3CC(F)(F)C3)c(OCC3CC3)n2)no1,EC50,'>',10000.0,nM,1
CHEMBL3954460,CCC(CC)(NC(=O)c1ccc(N2CC(F)(F)C2)c(OCC2CC2)n1)C(=O)N1CC(F)(F)C1,EC50,'>',10000.0,nM,1
CHEMBL3919875,CCC(CC)(NC(=O)c1cccc(-c2cccc(Cl)c2)n1)C(=O)N(C)C,EC50,'>',10000.0,nM,1
CHEMBL3899636,CC(C)C[C@@H](CO)NC(=O)c1ccc(N2CCCC2)c(OCC2CC2)n1,EC50,'>',10000.0,nM,1
CHEMBL4438782,O=C(NC12CC3CC(CC(C3)C1)C2)c1cn(CCN2CCOCC2)c2ncccc12,EC50,'>',10000.0,nM,1
CHEMBL4109281,Cc1nc([C@H](NC(=O)c2cnc(C3CC3)c(OCC3CC3)n2)C2CC2)no1,EC50,'>',10000.0,nM,1
CHEMBL3895945,Cc1nc(C(C)(C)NC(=O)c2ccc(N3CC(F)(F)C3)c(OCC3CC3)n2)no1,EC50,'>',10000.0,nM,1
CHEMBL3920914,NC(=O)[C@@H]1CSCN1C(=O)c1ccc(C2CC2)c(OCC2CC2)n1,EC50,'>',10000.0,nM,1
CHEMBL4528735,O=C(NC12CC3CC(CC(C3)C1)C2)c1nc2ccccc2n1CCCCCO,EC50,'>',10000.0,nM,1
CHEMBL3964253,CC(C)C[C@H](NC(=O)c1ccc(N2CC(F)(F)C2)c(-c2cccc(Cl)c2)n1)C(N)=O,EC50,'>',10000.0,nM,1
CHEMBL3944719,Cc1nc([C@@H](NC(=O)c2ccc(C3CC3)c(OCC3CC3)n2)C2CC2)no1,EC50,'>',10000.0,nM,1
CHEMBL3911063,CC1(C)C[C@@H](C(N)=O)N(C(=O)c2ccc(C3CC3)c(OCC3CC3)n2)C1,EC50,'>',10000.0,nM,1
CHEMBL3913328,CC(C)C[C@H](NC(=O)c1cccc(C(O)c2ccc(F)cc2)n1)C(N)=O,EC50,'>',10000.0,nM,1
CHEMBL2205600,COCCNC(=O)c1c(NC(=O)C2CCCC2)sc2c1CCOC2,EC50,'>',10000.0,nM,1
CHEMBL2205587,COCC(C)(C)NC(=O)c1c(NC(=O)c2c(F)cccc2C(F)(F)F)sc2c1CCOC2,EC50,'>',10000.0,nM,1
CHEMBL3925671,CC(C)(NC(=O)c1ccc(C2CCCC2)c(-c2cccc(Cl)c2)n1)c1nccs1,EC50,'>',10000.0,nM,1
CHEMBL3945091,CC(C)C[C@H](NC(=O)c1cnc(N2CC(F)(F)C2)c(OCC2CC2)n1)C(=O)N(C)C,EC50,'>',10000.0,nM,1
CHEMBL3975790,CC(C)(NC(=O)c1ccc(C2CCCO2)c(-c2cccc(Cl)c2)n1)c1ncco1,EC50,'>',10000.0,nM,1
CHEMBL3919716,O=C(Nc1ccc(Cl)s1)c1cnc(N2CC(F)(F)C2)c(OCC2CC2)n1,EC50,'>',10000.0,nM,1
CHEMBL2071059,CCc1c(C(=O)NCCc2ccc(N3CCN(C)CC3)cc2)[nH]c2ccc(Cl)cc12,EC50,'>',10000.0,nM,1
CHEMBL3908871,CC(C)(O)CNC(=O)c1cc(OCC(F)(F)F)c(C2CC2)cn1,EC50,'>',10000.0,nM,1
CHEMBL3962514,CN(C(=O)c1cc(-c2cccc(Cl)c2)ccn1)C(C)(C)C,EC50,'>',10000.0,nM,1
CHEMBL3925192,COC(=O)C(C)(C)NC(=O)c1ccc(N2CCCC2)c(OCC2CC2)n1,EC50,'>',10000.0,nM,1
CHEMBL3981657,NC(=O)[C@H](CC1CC1)NC(=O)c1ccc(N2CCC(F)(F)C2)c(OCC2CC2)n1,EC50,'>',10000.0,nM,1
CHEMBL498215,COc1ccc2c(c1)N(CCC1CCCCC1)C(=O)/C2=N\NC(=O)c1ccccc1,EC50,'>',10000.0,nM,1
CHEMBL3982524,CNC(=O)[C@H](CC1CC1)NC(=O)c1cnc(N2CC(F)(F)C2)c(OCC2CC2)n1,EC50,'>',10000.0,nM,1
CHEMBL3957074,Cc1csc(C(C)(C)NC(=O)c2cnc(N3CC(F)(F)C3)c(OCC3CC3)n2)n1,EC50,'>',10000.0,nM,1
CHEMBL4107707,NC(=O)[C@@H]1C[C@@H](F)CN1C(=O)c1ccc(C2CC2)c(OCC2CC2)n1,EC50,'>',10000.0,nM,1
CHEMBL3898967,O=C(Nc1ccccc1)c1cccc(-c2cccc(Cl)c2)n1,EC50,'>',10000.0,nM,1
CHEMBL3958669,Cc1nc([C@H](CC2CC2)NC(=O)c2cccc(-c3ccc(F)c(Cl)c3)n2)no1,EC50,'>',10000.0,nM,1
CHEMBL3890097,NC(=O)[C@@H]1CC(F)(F)CN1C(=O)c1cc(OCC2CC2)c(C2CC2)cn1,EC50,'>',10000.0,nM,1
CHEMBL3941936,NC(=O)[C@@H](NC(=O)c1ccc(C2CC2)c(OCC2CC2)n1)c1ccccc1,EC50,'>',10000.0,nM,1
CHEMBL2204899,COCCNC(=O)c1c(NC(=O)C2CCCN2C(=O)C2CC2)sc2c1CCCC2,EC50,'>',10000.0,nM,1
CHEMBL3964199,Cc1nc([C@H](CC2CC2)NC(=O)c2ccc(C3CC3)c(OCC(F)(F)C(F)(F)F)n2)no1,EC50,'>',10000.0,nM,1
CHEMBL4113646,CC(C)[C@@](C)(CO)NC(=O)c1ccc(C2CC2)c(OCC2CC2)n1,EC50,'>',10000.0,nM,1
CHEMBL4065807,Cc1cccc2c1c(=O)n(CC(=O)NC(C)(C)C)c(=O)n2CC1CC1,EC50,'>',10000.0,nM,1
CHEMBL3977861,N#C[C@H](NC(=O)c1ccc(C2CC2)c(OCC2CC2)n1)C1CC1,EC50,'>',10000.0,nM,1
CHEMBL4128799,O=C(NC1CCCCC1)c1ccc(N2CCOCC2)nn1,EC50,'>',10000.0,nM,1
CHEMBL3950538,Cc1nc(C(NC(=O)c2ccc(C3CC3)c(OCC3CC3)n2)C2CC2)no1,EC50,'>',10000.0,nM,1
CHEMBL3945888,O=C(NC1(CO)CCCC1)c1cc(OCC2CC2)c(Cl)cn1,EC50,'>',10000.0,nM,1
CHEMBL3935858,CC(C)C[C@H](NC(=O)c1ccc(Br)c(Oc2ccc(F)cc2)n1)C(N)=O,EC50,'>',10000.0,nM,1
CHEMBL467010,O=C(Nc1cnc2ccccc2c1)C1(S(=O)(=O)c2ccccc2)CC1,EC50,'>',10000.0,nM,1
CHEMBL3925111,Cc1nc(C(C)(CN2CC(F)(F)C2)NC(=O)c2cc(OCC(F)(F)F)c(C3CC3)cn2)no1,EC50,'>',10000.0,nM,1
CHEMBL3977983,Cc1nc(C(C)(C)NC(=O)c2ccc(N3CCC34COC4)c(OCC3CC3)n2)no1,EC50,'>',10000.0,nM,1
CHEMBL4126600,CC(C)c1cc(NCCO)nnc1C(=O)NC1CCCCC1,EC50,'>',10000.0,nM,1
CHEMBL4114228,CC(C)C[C@@H](NC(=O)c1ccc(N2CC(F)(F)C2)c(OCC2CC2)n1)c1cccnn1,EC50,'>',10000.0,nM,1
CHEMBL3906905,O=C(c1ccc(C2CC2)c(OCC2CC2)n1)N1CCC(CO)(C(F)(F)F)C1,EC50,'>',10000.0,nM,1
CHEMBL3918340,CC(C)C[C@H](NC(=O)c1ccc(C2CC2)c(Oc2ccc(F)cc2)n1)C(N)=O,EC50,'>',10000.0,nM,1
CHEMBL3904854,CC1(C)CCc2ccc(C(=O)NC(C)(C)CO)nc2C1,EC50,'>',10000.0,nM,1
CHEMBL5087517,O=[N+]([O-])CC(c1ccccc1)c1c(-c2cc3ccccc3[nH]2)[nH]c2ccccc12,EC50,'>',10000.0,nM,1
CHEMBL449341,CC(C)(C(=O)Nc1ccc(Cl)cc1C#N)S(=O)(=O)c1ccc(Cl)cc1,EC50,'>',10000.0,nM,1
CHEMBL4129570,CC(C)c1cc(NC2CC2)nnc1C(=O)NC1C2CC3CC(C2)CC1C3,EC50,'>',10000.0,nM,1
CHEMBL3897012,O=C(c1ccc(N2CC(F)(F)C2)c(OCC2CC2)n1)N1CCN(CC2CC2)CC1,EC50,'>',10000.0,nM,1
CHEMBL3916408,Cc1nnc(C(C)(CC2CC2)NC(=O)c2cc(O[C@@H](C)C(F)(F)F)c(C3(F)COC3)cn2)o1,EC50,'>',10000.0,nM,1
CHEMBL3898300,C[C@H](Oc1cc(C(=O)N[C@@](C)(CC(N)=O)C2CC2)ncc1C1(F)COC1)C(F)(F)F,EC50,'>',10000.0,nM,1
CHEMBL499626,CCn1c2ccccc2c2cc(NC(=O)CCc3nc(-c4ccccc4Cl)no3)ccc21,EC50,'>',10000.0,nM,1
CHEMBL3976944,O=C(O)c1ccc(Nc2cc(=O)[nH]c3ccc(C(c4ccc(Cl)cc4)c4ccc(Cl)cc4)cc23)cc1,EC50,'>',10000.0,nM,1
CHEMBL2205624,O=C(Nc1sc2c(c1C(=O)N1CCOCC1)CCOC2)c1ccc(Cl)cc1Cl,EC50,'>',10000.0,nM,1
CHEMBL3982308,CC(C)(O)CNC(=O)c1cc(OCC2CC2)c(C2CC2)cn1,EC50,'>',10000.0,nM,1
CHEMBL497183,CCCCCCN1C(=O)/C(=N\NC(=O)c2ccccc2)c2ccc(OC)cc21,EC50,'>',10000.0,nM,1
CHEMBL3978578,CNC(=O)C(C)(C)NC(=O)c1ccc(C)c(OCC2CC2)n1,EC50,'>',10000.0,nM,1
CHEMBL3947228,Cc1nc(C2(NC(=O)c3ccc(C4CC4)c(OCC4CC4)n3)CCC2)no1,EC50,'>',10000.0,nM,1
CHEMBL3968525,COCC(C)(C)N(C)C(=O)c1ccc(N2CC(F)(F)C2)c(OCC2CC2)n1,EC50,'>',10000.0,nM,1
CHEMBL3925416,CC1(C)CC[C@@H](C(N)=O)N1C(=O)c1ccc(N2CC(F)(F)C2)c(OCC2CC2)n1,EC50,'>',10000.0,nM,1
CHEMBL3960259,NC(=O)C1CSCN1C(=O)c1ccc(N2CC(F)(F)C2)c(OCC2CC2)n1,EC50,'>',10000.0,nM,1
CHEMBL4113292,NC(=O)[C@@H]1C[C@@H](F)CN1C(=O)c1ccc(N2CC(F)(F)C2)c(OCC2CC2)n1,EC50,'>',10000.0,nM,1
CHEMBL4112106,Cc1nc([C@H](NC(=O)c2cnc(N3CC(F)(F)C3)c(OCC3CC3)n2)C2CC2)no1,EC50,'>',10000.0,nM,1
CHEMBL3900956,CN(C(=O)c1ccc(C2CC2)c(OCC2CCCO2)n1)C(C)(C)C,EC50,'>',10000.0,nM,1
CHEMBL3944736,CC(C)(C)N(CCC(N)=O)C(=O)c1ccc(N2CC(F)(F)C2)c(OCC2CC2)n1,EC50,'>',10000.0,nM,1
CHEMBL4107674,CC(C)C[C@H](c1cccnn1)N(C)C(=O)c1ccc(N2CC(F)(F)C2)c(OCC2CC2)n1,EC50,'>',10000.0,nM,1
CHEMBL3590627,CCCCN1C(=O)/C(=C/N[C@H]2CC[C@H](O)CC2)C(=O)c2cccc(C)c21,EC50,'>',10000.0,nM,1
CHEMBL1950929,COCCS(=O)(=O)c1ccc2c(c1)nc(C(C)(C)C)n2CC1CCN(C(C)=O)CC1,EC50,'>',10000.0,nM,1
CHEMBL3898811,NC(=O)[C@@H]1C[C@H](F)CN1C(=O)c1ccc(C2CC2)c(OCC2CC2)n1,EC50,'>',10000.0,nM,1
CHEMBL3984059,NC(=O)C1(NC(=O)c2ccc(C3CC3)c(OCC3CC3)n2)CCOCC1,EC50,'>',10000.0,nM,1
CHEMBL3946983,C[C@@](NC(=O)c1cnc(N2CC(F)(F)C2)c(OCC2CC2)n1)(C(N)=O)c1ccccc1,EC50,'>',10000.0,nM,1
CHEMBL3932617,O=C(N[C@@H](c1ccccn1)C(F)(F)F)c1cnc(C2CC2)c(OCC2CC2)n1,EC50,'>',10000.0,nM,1
CHEMBL2204896,COCCNC(=O)c1c(NC(=O)c2ccccc2OC(F)(F)F)sc2c1CCC(F)(F)C2,EC50,'>',10000.0,nM,1
CHEMBL1950920,COC(=O)N1CCC(Cn2c(C(C)(C)C)nc3cc(S(=O)(=O)CCCC(F)(F)F)ccc32)CC1,EC50,'>',10000.0,nM,1
CHEMBL1950931,CC(=O)N1CCC(Cn2c(C(C)(C)C)nc3cc(S(=O)(=O)c4ccc(F)cc4)ccc32)CC1,EC50,'>',10000.0,nM,1
CHEMBL3986445,NC(=O)[C@@H]1C[C@H](F)CN1C(=O)c1ccc(N2CC(F)(F)C2)c(OCC2CC2)n1,EC50,'>',10000.0,nM,1
CHEMBL3952426,CC(C)(NC(=O)c1ccc(C2CCOCC2)c(OCC2CC2)n1)c1nccs1,EC50,'>',10000.0,nM,1
CHEMBL3950636,CC1(C)CCN(C(=O)c2ccc(C3CC3)c(Cc3ccc(F)cc3)n2)CC1,EC50,'>',10000.0,nM,1
CHEMBL3911641,CCC(C)(CO)NC(=O)c1cc(OCC2CC2)c(Cl)cn1,EC50,'>',10000.0,nM,1
CHEMBL4278302,O=C(Nc1cc(=O)[nH]c2ccc(C(c3ccc(Cl)cc3)n3ccnc3)cc12)c1ccccc1,EC50,'>',10000.0,nM,1
CHEMBL4110682,CC(C)C[C@H](C#N)NC(=O)c1ccc(C2CC2)c(OCC2CC2)n1,EC50,'>',10000.0,nM,1
CHEMBL466186,CC(C)(C(=O)Nc1cnc2ccccc2c1)S(=O)(=O)c1ccc(F)cc1Cl,EC50,'>',10000.0,nM,1
CHEMBL3899083,CNC(=O)[C@H](CC(C)C)NC(=O)c1cnc(C2CC2)c(OCC2CC2)n1,EC50,'>',10000.0,nM,1
CHEMBL3899901,O=C(NC(CO)CC1CCC1)c1cnc(N2CC(F)(F)C2)c(OCC2CC2)n1,EC50,'>',10000.0,nM,1
CHEMBL3943786,CCC(CC)(NC(=O)c1ccc(C2CC2)c(OCC2CC2)n1)C(=O)NCC1CC1,EC50,'>',10000.0,nM,1
CHEMBL3954663,CC(C)(NC(=O)c1ccc(N2CC(F)(F)C2)c(-c2cccc(Cl)c2)n1)c1nccs1,EC50,'>',10000.0,nM,1
CHEMBL3957187,CN(C)C(=O)[C@H](CC1CC1)NC(=O)c1cnc(N2CC(F)(F)C2)c(OCC2CC2)n1,EC50,'>',10000.0,nM,1
CHEMBL4101867,CCCCCn1c(=O)n(CC(=O)NCCCC)c(=O)c2c(OC)cccc21,EC50,'>',10000.0,nM,1
CHEMBL3969957,NC(=O)[C@H](Cc1ccccc1)NC(=O)c1cnc(N2CC(F)(F)C2)c(OCC2CC2)n1,EC50,'>',10000.0,nM,1
CHEMBL3960251,Cc1cnc(C(C)(C)NC(=O)c2ccc(C3CC3)c(OCC3CC3)n2)s1,EC50,'>',10000.0,nM,1
CHEMBL3959114,O=C(NC1(C(F)(F)F)CC1)c1ccc(N2CC(F)(F)C2)c(OCC2CC2)n1,EC50,'>',10000.0,nM,1
CHEMBL3896990,Cc1nc(C2(NC(=O)c3cnc(C4CC4)c(-c4cccc(Cl)c4)n3)CCC2)no1,EC50,'>',10000.0,nM,1
CHEMBL3924992,NC(=O)[C@@H](NC(=O)c1ccc(N2CC(F)(F)C2)c(OCC2CC2)n1)C1CC1,EC50,'>',10000.0,nM,1
CHEMBL3950352,CC(C)C[C@@H](CNc1ccc([N+](=O)[O-])c2nonc12)NC(=O)c1ccc(N2CCCC2)c(OCC2CC2)n1,EC50,'>',10000.0,nM,1
CHEMBL3892903,NC(=O)C1CSCN1C(=O)c1ccc(C2CC2)c(OCC2CC2)n1,EC50,'>',10000.0,nM,1
CHEMBL3910448,Cc1nc(C(C)(C)NC(=O)c2ccc(C3CCOCC3)c(OCC3CC3)n2)no1,EC50,'>',10000.0,nM,1
CHEMBL4112594,NC(=O)[C@H](NC(=O)c1ccc(N2CC(F)(F)C2)c(OCC2CC2)n1)C1CC1,EC50,'>',10000.0,nM,1
CHEMBL3939093,O=C(N[C@@H](CC1CC1)c1nccs1)c1cccc(-c2cccc(Cl)c2)n1,EC50,'>',10000.0,nM,1
CHEMBL3590605,CCN1C(=O)/C(=C/NC2CCCCC2)C(=O)c2cccc(C)c21,EC50,'>',10000.0,nM,1
CHEMBL4089773,CCCCCn1c(=O)n(CC(=O)NC(C)(C)C)c(=O)c2cccc(Cl)c21,EC50,'>',10000.0,nM,1
CHEMBL3948332,NC(=O)[C@@H]1CC(F)(F)CN1C(=O)c1ccc(N2CC(F)(F)C2)c(OCC2CC2)n1,EC50,'>',10000.0,nM,1
CHEMBL4126444,CC(C)c1cc(C(=O)NC2C3CC4CC(C3)CC2C4)nnc1N1CCOCC1,EC50,'>',10000.0,nM,1
CHEMBL3968971,Cc1nc(C(C)(C)NC(=O)c2ccc(C3CC3)c(OC(C)C(F)(F)F)n2)no1,EC50,'>',10000.0,nM,1
CHEMBL3937415,NC(=O)[C@@H](NC(=O)c1ccc(C2CC2)c(OCC2CC2)n1)c1ccc(Cl)cc1,EC50,'>',10000.0,nM,1
CHEMBL3948440,CC(C)C[C@H](NC(=O)c1cccc(-c2cccc(Cl)c2)n1)c1nccs1,EC50,'>',10000.0,nM,1
CHEMBL4111277,NC(=O)[C@H]1CS(=O)(=O)CN1C(=O)c1ccc(C2CC2)c(OCC2CC2)n1,EC50,'>',10000.0,nM,1
CHEMBL3930775,CNC(=O)C(NC(=O)c1cc(O[C@@H](C)C(F)(F)F)c(C2(F)COC2)cn1)C(C)(C)C,EC50,'>',10000.0,nM,1
CHEMBL3939474,CCC(CC)(NC(=O)c1ccc(C2CC2)c(OCC(F)(F)C(F)(F)F)n1)C(=O)NC,EC50,'>',10000.0,nM,1
CHEMBL3947911,CC(C)(C)NC(=O)c1ccc(C2CC2)c(OCC2CCCO2)n1,EC50,'>',10000.0,nM,1
CHEMBL4115061,Cc1nc([C@@H](C)NC(=O)c2cnc(N3CC(F)(F)C3)c(OCC3CC3)n2)no1,EC50,'>',10000.0,nM,1
CHEMBL3963316,CC(C)(NC(=O)c1cnc(N2CC(F)(F)C2)c(OCC2CC2)n1)c1noc(N)n1,EC50,'>',10000.0,nM,1
CHEMBL3986681,Cc1nc(C(C)(NC(=O)c2cnc(N3CC(F)(F)C3)c(OCC3CC3)n2)C2CC2)no1,EC50,'>',10000.0,nM,1
CHEMBL3899374,O=C(NCc1ccccn1)c1ccc(N2CC(F)(F)C2)c(OCC2CC2)n1,EC50,'>',10000.0,nM,1
CHEMBL3928520,CN(C)C(=O)C(NC(=O)c1ccc(N2CC(F)(F)C2)c(OCC2CC2)n1)c1ccccc1,EC50,'>',10000.0,nM,1
CHEMBL3903077,NC(=O)[C@H](CC1CC1)NC(=O)c1ccc(NC2CC2)c(OCC2CC2)n1,EC50,'>',10000.0,nM,1
CHEMBL3947963,Cc1nc(C(C)(C)NC(=O)c2ccc(C)c(-c3cccc(Cl)c3)n2)no1,EC50,'>',10000.0,nM,1
CHEMBL3353867,CC(C)(C)c1cc(NC(=O)[C@@H]2CCCN2CC2CC2)no1,EC50,'=',10100.0,nM,1
CHEMBL3322465,Cc1c(C(=O)NCCCCNC(=O)[C@H]2CCCC[C@@H]2C(=O)NCCCCNC(=O)c2nn(-c3ccc(Cl)cc3Cl)c(-c3ccc(Cl)cc3)c2C)nn(-c2ccc(Cl)cc2Cl)c1-c1ccc(Cl)cc1,EC50,'=',10471.29,nM,1
CHEMBL3092883,COc1ccccc1-c1nc2c(N3CCN(C)CC3)nc(C)nc2n1C1CCOCC1.Cl,EC50,'=',12200.0,nM,1
CHEMBL1644740,Clc1cccc(-c2c[nH]c(-c3cccc(CN4CCCCC4)c3)n2)c1Cl,EC50,'=',12550.0,nM,1
CHEMBL465470,CC(C)(C)c1cc(Nc2ccc(Cl)cc2Cl)ncc1C(=O)NCC1CCOCC1,EC50,'=',12589.25,nM,1
CHEMBL4066155,O=C(NC12CC3CC(CC(C3)C1)C2)c1cn(CCCCO)c2ccccc12,EC50,'=',13000.0,nM,1
CHEMBL3354533,CC(C)(C)c1cc(NC(=O)[C@@H]2CCCCN2C2CCCC2)no1,EC50,'=',13000.0,nM,1
CHEMBL3092896,Cc1nc(N2CCN(C)CC2)c2nc(-c3ccccc3Cl)n(CCS(C)(=O)=O)c2n1.Cl,EC50,'=',13300.0,nM,1
CHEMBL3322458,Cc1c(C(=O)NCCCCCCCCNC(=O)c2cccc(C(=O)NCCCCCCCCNC(=O)c3nn(-c4ccc(Cl)cc4Cl)c(-c4ccc(Cl)cc4)c3C)c2)nn(-c2ccc(Cl)cc2Cl)c1-c1ccc(Cl)cc1,EC50,'=',13489.63,nM,1
CHEMBL4203175,O=C(Nc1ccc(Cl)cc1)Nc1cccc(Nc2cccc(N3CCCC3)c2)c1,EC50,'=',13500.0,nM,1
CHEMBL3978993,O=S(=O)(N1CCC(Nc2ccnc3c(NC4CCN(S(=O)(=O)C(F)(F)F)CC4)cc(C(c4ccc(Cl)cc4)c4ccc(Cl)cc4)cc23)CC1)C(F)(F)F,EC50,'>',13999.1,nM,1
CHEMBL560208,COCCS(=O)(=O)N1CCc2c(nc(CC(C)(C)C)n2CC2CC2)C1,EC50,'=',14000.0,nM,1
CHEMBL1950337,C=CCn1c2c(c3cc(C(=O)N4CCC(C)CC4)ccc31)CN(Cc1cccnc1)CC2,EC50,'>',14000.0,nM,1
CHEMBL1762287,CC(C)(C)c1ccc(NC(=O)N2CCCN(C(=O)c3ccc(Cl)cc3)CC2)cc1,EC50,'=',14700.0,nM,1
CHEMBL3322454,Cc1c(C(=O)NCCCCNC(=O)c2ccc(C(=O)NCCCCNC(=O)c3nn(-c4ccc(Cl)cc4Cl)c(-c4ccc(Cl)cc4)c3C)cc2)nn(-c2ccc(Cl)cc2Cl)c1-c1ccc(Cl)cc1,EC50,'=',15000.0,nM,1
CHEMBL3354543,CC(C)(C)c1cc(NC(=O)[C@@H]2CCCCN2C(=O)CN2CCS(=O)(=O)CC2)no1,EC50,'=',15640.0,nM,1
CHEMBL566239,Cc1c[nH]c2c(Nc3ccccc3Cl)ncc(C(=O)N3CCOCC3)c12,EC50,'=',15800.0,nM,1
CHEMBL3357382,CN(C)CCn1c(CC(C)(C)C)nc2cc(S(=O)(=O)C3CN(C)C3)ccc21,EC50,'=',16000.0,nM,1
CHEMBL3322467,Cc1c(C(=O)NCCCCNC(=O)C23CC4CC(C2)CC(C(=O)NCCCCNC(=O)c2nn(-c5ccc(Cl)cc5Cl)c(-c5ccc(Cl)cc5)c2C)(C4)C3)nn(-c2ccc(Cl)cc2Cl)c1-c1ccc(Cl)cc1,EC50,'=',16218.1,nM,1
CHEMBL3092904,Cc1nc(N2CCN(C)CC2)c2nc(-c3cccc(C(F)(F)F)c3)n(C3CCOCC3)c2n1.Cl,EC50,'=',16900.0,nM,1
CHEMBL3114529,O=C(NC1(CO)CCCCC1)c1nc2c(-c3ccccc3)cccc2[nH]1,EC50,'>',17000.0,nM,1
CHEMBL3112609,CCn1c(C(=O)NCC2(CO)CCCC2)nc2c(-c3ccccc3)cccc21,EC50,'>',17000.0,nM,1
CHEMBL3114520,CCn1c(C(=O)NCc2cccc(Cl)c2)nc2c(-c3ccccc3)cccc21,EC50,'>',17000.0,nM,1
CHEMBL3114516,O=C(NCc1ccccc1Cl)c1nc2c(-c3ccccc3)cccc2[nH]1,EC50,'>',17000.0,nM,1
CHEMBL3114533,O=C(NCC1(CO)CCCC1)c1nc2c(-c3ccccc3)cccc2n1CC(F)(F)F,EC50,'>',17000.0,nM,1
CHEMBL3114527,O=C(NCC1(CO)CCCC1)c1nc2c(-c3ccccc3)cccc2[nH]1,EC50,'>',17000.0,nM,1
CHEMBL3114522,CCn1c(C(=O)NCc2ccc(C#N)cc2)nc2c(-c3ccccc3)cccc21,EC50,'>',17000.0,nM,1
CHEMBL3114517,O=C(NCc1ccccc1)c1nc2c(-c3ccccc3)cccc2[nH]1,EC50,'>',17000.0,nM,1
CHEMBL3234677,CC(NC(=O)c1nc(N2CCOCC2)n2ccccc12)C(C)(C)C,EC50,'>',17000.0,nM,1
CHEMBL3114513,O=C(NCc1cccc(Cl)c1)c1nc2c(-c3ccccc3)cccc2[nH]1,EC50,'>',17000.0,nM,1
CHEMBL3353873,O=C(Nc1nc2cc(Cl)ccc2s1)[C@@H]1CCCN1C1CCOCC1,EC50,'=',17000.0,nM,1
CHEMBL3114532,CC(C)(C)CNC(=O)c1nc2c(-c3ccccc3)cccc2n1CC(F)(F)F,EC50,'>',17000.0,nM,1
CHEMBL3114528,O=C(NCC1(CO)CCCCC1)c1nc2c(-c3ccccc3)cccc2[nH]1,EC50,'>',17000.0,nM,1
CHEMBL3114523,CCn1c(C(=O)NCc2cncnc2)nc2c(-c3ccccc3)cccc21,EC50,'>',17000.0,nM,1
CHEMBL3114521,CCn1c(C(=O)NCc2ccccc2F)nc2c(-c3ccccc3)cccc21,EC50,'>',17000.0,nM,1
CHEMBL3114514,O=C(NCc1ccccc1F)c1nc2c(-c3ccccc3)cccc2[nH]1,EC50,'>',17000.0,nM,1
CHEMBL3114526,CC(C)(C)CNC(=O)c1nc2c(-c3ccccc3)cccc2[nH]1,EC50,'>',17000.0,nM,1
CHEMBL3114515,O=C(NCc1cccc(C(F)(F)F)c1)c1nc2c(-c3ccccc3)cccc2[nH]1,EC50,'>',17000.0,nM,1
CHEMBL3114525,O=C(NCC(O)CO)c1nc2c(-c3ccccc3)cccc2[nH]1,EC50,'>',17000.0,nM,1
CHEMBL3114531,O=C(NCC1(CO)CCCCC1)c1nc2c(-c3ccccc3)cccc2n1CC(F)(F)F,EC50,'>',17000.0,nM,1
CHEMBL3114518,O=C(NCc1ncccc1F)c1nc2c(-c3ccccc3)cccc2[nH]1,EC50,'>',17000.0,nM,1
CHEMBL478228,O=C(NC12CC3CC(CC(C3)C1)C2)c1n[nH]c2ccccc12,EC50,'=',17100.0,nM,1
CHEMBL3310167,CCOc1ccc(Cc2nc3cc(C(=O)NCCCN(C)CCCNC(=O)c4ccc5c(c4)nc(Cc4ccc(OCC)cc4)n5CCC(C)C)ccc3n2CCC(C)C)cc1,EC50,'=',17378.01,nM,1
CHEMBL556865,Cc1nocc1S(=O)(=O)N1CCc2c(nc(C(C)(C)C)n2CC2CC2)C1,EC50,'=',18000.0,nM,1
CHEMBL1762282,CC(C)(C)c1ccc(NC(=O)N2CCCN(C(=O)CCC3CCCC3)CC2)cc1,EC50,'=',19300.0,nM,1
CHEMBL1762286,CC(C)CCC(=O)N1CCCN(C(=O)Nc2ccc(C(C)(C)C)cc2)CC1,EC50,'=',19800.0,nM,1
CHEMBL610914,C[C@@H]1CC[C@H](C)N1c1ccc(-c2cccc3cnccc23)nn1,EC50,'=',19952.62,nM,1
CHEMBL1762277,CCCCc1ccc(NC(=O)N2CCCN(C(=O)CCC3CCCC3)CC2)cc1,EC50,'>',20000.0,nM,1
CHEMBL1762279,Cc1ccc(NC(=O)N2CCCN(C(=O)CCC3CCCC3)CC2)cc1,EC50,'>',20000.0,nM,1
CHEMBL3354528,CC(C)(C)c1cc(NC(=O)[C@@H]2CCCCN2Cc2ccccc2)no1,EC50,'>',20000.0,nM,1
CHEMBL1762431,CC(C)(C)c1cc(NC(=O)N2CCCN(C(=O)N3CCC(S(C)(=O)=O)CC3)CC2)no1,EC50,'>',20000.0,nM,1
CHEMBL3354550,CC(C)(C)C(=O)N1CCN(C(=O)N2CCCC[C@H]2C(=O)Nc2cc(C(C)(C)C)on2)CC1,EC50,'>',20000.0,nM,1
CHEMBL3354539,CC(C)(C)c1cc(NC(=O)[C@@H]2CCCCN2C(=O)c2ccc(Cl)cc2)no1,EC50,'>',20000.0,nM,1
CHEMBL3354562,O=C(Nc1nc2c(Cl)cccc2s1)[C@@H]1CCCCN1C(=O)N1CCS(=O)(=O)CC1,EC50,'>',20000.0,nM,1
CHEMBL1762432,CC(C)(C)c1cc(NC(=O)N2CCCN(C(=O)NC3CCOCC3)CC2)no1,EC50,'>',20000.0,nM,1
CHEMBL1762425,CC(C)(C)c1cc(NC(=O)N2CCCN(C(=O)C3CCNCC3)CC2)no1,EC50,'>',20000.0,nM,1
CHEMBL1762281,CC(C)c1ccc(NC(=O)N2CCCN(C(=O)CCC3CCCC3)CC2)cc1,EC50,'>',20000.0,nM,1
CHEMBL3354541,CC(C)(C)c1cc(NC(=O)[C@@H]2CCCCN2C(=O)C2CCOCC2)no1,EC50,'>',20000.0,nM,1
CHEMBL1762424,CC(C)(C)c1cc(NC(=O)N2CCCN(C(=O)C3CCN(S(C)(=O)=O)CC3)CC2)no1,EC50,'>',20000.0,nM,1
CHEMBL3354558,O=C(Nc1cc(-c2ccccc2)no1)[C@@H]1CCCCN1C(=O)N1CCS(=O)(=O)CC1,EC50,'>',20000.0,nM,1
CHEMBL3354546,CC(C)(C)c1cc(NC(=O)[C@@H]2CCCCN2C(=O)N2CCCCC2)no1,EC50,'>',20000.0,nM,1
CHEMBL3353872,CC(C)(C)c1nsc(NC(=O)[C@@H]2CCCN2C2CCOCC2)n1,EC50,'>',20000.0,nM,1
CHEMBL1762426,CC(C)(C)c1cc(NC(=O)N2CCCN(C(=O)CN3CCOCC3)CC2)no1,EC50,'>',20000.0,nM,1
CHEMBL1762302,Cn1nc(C(C)(C)C)cc1NC(=O)N1CCCN(C(=O)C2CCOCC2)CC1,EC50,'>',20000.0,nM,1
CHEMBL3354553,CC(C)(C)c1cc(NC(=O)[C@@H]2CCCCN2C(=O)N2CCS(=O)(=O)CC2)no1,EC50,'>',20000.0,nM,1
CHEMBL3354561,O=C(Nc1nc2cc(Cl)ccc2s1)[C@@H]1CCCCN1C(=O)N1CCS(=O)(=O)CC1,EC50,'>',20000.0,nM,1
CHEMBL1762418,CC(C)(C)c1cc(NC(=O)N2CCCN(C(=O)C3CCCCO3)CC2)no1,EC50,'>',20000.0,nM,1
CHEMBL1762427,CC(C)(C)c1cc(NC(=O)N2CCCN(C(=O)CN3CCS(=O)(=O)CC3)CC2)no1,EC50,'>',20000.0,nM,1
CHEMBL1762416,CC(C)(C)c1cc(NC(=O)N2CCCN(C(=O)C3CCOCC3)CC2)[nH]n1,EC50,'>',20000.0,nM,1
CHEMBL1762289,CC(C)(C)c1ccc(NC(=O)N2CCCN(C(=O)c3cc(Cl)ccc3Cl)CC2)cc1,EC50,'>',20000.0,nM,1
CHEMBL1762283,CC(C)(C)c1ccc(NC(=O)N2CCCN(C(=O)CC3CCCC3)CC2)cc1,EC50,'>',20000.0,nM,1
CHEMBL3354555,CC1(c2cc(NC(=O)[C@@H]3CCCCN3C(=O)N3CCS(=O)(=O)CC3)on2)CC1,EC50,'>',20000.0,nM,1
CHEMBL3353874,O=C(Nc1nc2ccc(Cl)cc2s1)[C@@H]1CCCN1C1CCOCC1,EC50,'>',20000.0,nM,1
CHEMBL3354563,O=C(Nc1nc(-c2ccccc2)ns1)[C@@H]1CCCCN1C(=O)N1CCS(=O)(=O)CC1,EC50,'>',20000.0,nM,1
CHEMBL3354548,CC(=O)N1CCN(C(=O)N2CCCC[C@H]2C(=O)Nc2cc(C(C)(C)C)on2)CC1,EC50,'>',20000.0,nM,1
CHEMBL3354554,CC(C)(C)c1cc(NC(=O)[C@@H]2CCCCN2C(=O)N2CCS(=O)(=O)CC2)on1,EC50,'>',20000.0,nM,1
CHEMBL3234703,COc1ccc(-c2nnc(NC(=O)C(C)(C)S(=O)(=O)C3CCOCC3)[nH]2)cc1,EC50,'>',20000.0,nM,1
CHEMBL1762429,CC(C)(C)c1cc(NC(=O)N2CCCN(C(=O)N3CCS(=O)(=O)CC3)CC2)no1,EC50,'>',20000.0,nM,1
CHEMBL3354538,CC(C)(C)c1cc(NC(=O)[C@@H]2CCCCN2C(=O)c2ccccc2)no1,EC50,'>',20000.0,nM,1
CHEMBL1762280,CCc1ccc(NC(=O)N2CCCN(C(=O)CCC3CCCC3)CC2)cc1,EC50,'>',20000.0,nM,1
CHEMBL3353890,CC(C)(C)c1cc(NC(=O)[C@@H]2CCCN2C(=O)N2CCS(=O)(=O)CC2)no1,EC50,'>',20000.0,nM,1
CHEMBL3353891,CC(C)(C)c1cc(NC(=O)[C@@H]2CCCN2C(=O)C2CCC(F)(F)CC2)no1,EC50,'>',20000.0,nM,1
CHEMBL3354552,CC(C)(C)c1cc(NC(=O)[C@@H]2CCCCN2C(=O)N2CC[S+]([O-])CC2)no1,EC50,'>',20000.0,nM,1
CHEMBL3354549,CCC(=O)N1CCN(C(=O)N2CCCC[C@H]2C(=O)Nc2cc(C(C)(C)C)on2)CC1,EC50,'>',20000.0,nM,1
CHEMBL3354542,CC(C)(C)c1cc(NC(=O)[C@@H]2CCCCN2C(=O)[C@H]2CC[C@H](O)CC2)no1,EC50,'>',20000.0,nM,1
CHEMBL3354560,O=C(Nc1nc(-c2ccccc2)cs1)[C@@H]1CCCCN1C(=O)N1CCS(=O)(=O)CC1,EC50,'>',20000.0,nM,1
CHEMBL1762423,CC(=O)N1CCC(C(=O)N2CCCN(C(=O)Nc3cc(C(C)(C)C)on3)CC2)CC1,EC50,'>',20000.0,nM,1
CHEMBL1762420,CC(C)(C)c1cc(NC(=O)N2CCCN(C(=O)C3CCOC3)CC2)no1,EC50,'>',20000.0,nM,1
CHEMBL1762295,Cc1cc(NC(=O)N2CCCN(C(=O)C3CCOCC3)CC2)no1,EC50,'>',20000.0,nM,1
CHEMBL1762294,CC(C)(C)c1cc(NC(=O)N2CCCN(C(=O)C3CCOCC3)CC2)on1,EC50,'>',20000.0,nM,1
CHEMBL1762422,CC(C)(C)c1cc(NC(=O)N2CCCN(C(=O)[C@H]3CC[C@H](O)CC3)CC2)no1,EC50,'>',20000.0,nM,1
CHEMBL1762430,CC(C)(C)c1cc(NC(=O)N2CCCN(C(=O)N3CCN(S(C)(=O)=O)CC3)CC2)no1,EC50,'>',20000.0,nM,1
CHEMBL3353887,CC(C)(C)c1nnc(NC(=O)[C@@H]2CCC(=O)N2c2ccc(Cl)cc2)s1,EC50,'>',20000.0,nM,1
CHEMBL3353889,CC(C)(C)c1cc(NC(=O)[C@@H]2CCCN2C(=O)N2CCOCC2)on1,EC50,'>',20000.0,nM,1
CHEMBL3354534,CC(C)(C)c1cc(NC(=O)[C@@H]2CCCCN2C2CCOCC2)no1,EC50,'>',20000.0,nM,1
CHEMBL3354544,CC(C)(C)c1cc(NC(=O)[C@@H]2CCCCN2C(=O)C2CCS(=O)(=O)CC2)no1,EC50,'>',20000.0,nM,1
CHEMBL3354559,CC(C)(C)c1csc(NC(=O)[C@@H]2CCCCN2C(=O)N2CCS(=O)(=O)CC2)n1,EC50,'>',20000.0,nM,1
CHEMBL1762299,O=C(Nc1ncc(-c2ccccc2)s1)N1CCCN(C(=O)C2CCOCC2)CC1,EC50,'>',20000.0,nM,1
CHEMBL3354530,CC(C)(C)c1cc(NC(=O)[C@@H]2CCCCN2C2CC2)no1,EC50,'>',20000.0,nM,1
CHEMBL3354547,CC(C)(C)c1cc(NC(=O)[C@@H]2CCCCN2C(=O)N2CCOCC2)no1,EC50,'>',20000.0,nM,1
CHEMBL3400942,CC(C)(C)c1cc(NC(=O)[C@H]2CCCN2c2ccc(Cl)cc2)no1,EC50,'>',20000.0,nM,1
CHEMBL3235056,CC(C)(C)c1cc(NC(=O)[C@H]2CCCN2c2ccc(C(F)(F)F)cn2)no1,EC50,'>',20000.0,nM,1
CHEMBL3400941,CC(C)(C)c1cc(NC(=O)[C@H]2CCCN2c2ccc(C(F)(F)F)cc2)no1,EC50,'>',20000.0,nM,1
CHEMBL3354556,CC(C)c1cc(NC(=O)[C@@H]2CCCCN2C(=O)N2CCS(=O)(=O)CC2)on1,EC50,'>',20000.0,nM,1
CHEMBL1762285,CC(C)(C)c1ccc(NC(=O)N2CCCN(C(=O)C3CCCCC3)CC2)cc1,EC50,'>',20000.0,nM,1
CHEMBL1762278,O=C(CCC1CCCC1)N1CCCN(C(=O)Nc2ccccc2)CC1,EC50,'>',20000.0,nM,1
CHEMBL3354557,O=C(Nc1cc(C2CCCC2)no1)[C@@H]1CCCCN1C(=O)N1CCS(=O)(=O)CC1,EC50,'>',20000.0,nM,1
CHEMBL1762428,CC(C)(C)c1cc(NC(=O)N2CCCN(C(=O)N3CCOCC3)CC2)no1,EC50,'>',20000.0,nM,1
CHEMBL1762417,CC(C)(C)c1cc(NC(=O)N2CCCN(C(=O)C3CCCOC3)CC2)no1,EC50,'>',20000.0,nM,1
CHEMBL1762297,O=C(Nc1cc(-c2ccccc2)on1)N1CCCN(C(=O)C2CCOCC2)CC1,EC50,'>',20000.0,nM,1
CHEMBL1762301,O=C(Nc1nc(-c2ccccc2)cs1)N1CCCN(C(=O)C2CCOCC2)CC1,EC50,'>',20000.0,nM,1
CHEMBL1762293,CC(C)(C)c1cc(NC(=O)N2CCCN(C(=O)C3CCOCC3)CC2)no1,EC50,'>',20000.0,nM,1
CHEMBL1762298,CC(C)(C)c1cnc(NC(=O)N2CCCN(C(=O)C3CCOCC3)CC2)s1,EC50,'>',20000.0,nM,1
CHEMBL1762288,CC(C)(C)c1ccc(NC(=O)N2CCCN(C(=O)c3cc(Cl)cc(Cl)c3)CC2)cc1,EC50,'>',20000.0,nM,1
CHEMBL1762421,CC(C)(C)c1cc(NC(=O)N2CCCN(C(=O)[C@H]3CC[C@@H](O)CC3)CC2)no1,EC50,'>',20000.0,nM,1
CHEMBL1762284,CC(C)(C)c1ccc(NC(=O)N2CCCN(C(=O)C3CCCC3)CC2)cc1,EC50,'>',20000.0,nM,1
CHEMBL1762300,CC(C)(C)c1csc(NC(=O)N2CCCN(C(=O)C3CCOCC3)CC2)n1,EC50,'>',20000.0,nM,1
CHEMBL1762290,CC(C)(C)c1ccc(NC(=O)N2CCCN(C(=O)c3ccc(C(F)(F)F)cc3)CC2)cc1,EC50,'=',20000.0,nM,1
CHEMBL1762296,Cc1onc(NC(=O)N2CCCN(C(=O)C3CCOCC3)CC2)c1C,EC50,'>',20000.0,nM,1
CHEMBL1762292,CC(C)(C)c1ccc(NC(=O)N2CCCN(C(=O)C3CCOCC3)CC2)cc1,EC50,'>',20000.0,nM,1
CHEMBL1762291,CN(C)c1ccc(C(=O)N2CCCN(C(=O)Nc3ccc(C(C)(C)C)cc3)CC2)cc1,EC50,'>',20000.0,nM,1
CHEMBL1762419,CC(C)(C)c1cc(NC(=O)N2CCCN(C(=O)C3CCCO3)CC2)no1,EC50,'>',20000.0,nM,1
CHEMBL3092884,COc1cccc(-c2nc3c(N4CCN(C)CC4)nc(C)nc3n2C2CCOCC2)c1.Cl,EC50,'=',22900.0,nM,1
CHEMBL3310164,CCOc1ccc(Cc2nc3cc(C(=O)NCCCCCCCCCCN(C)C)ccc3n2CCC(C)C)cc1,EC50,'=',23988.33,nM,1
CHEMBL3322463,Cc1c(C(=O)NCCCCNC(=O)[C@@H]2CCC[C@H](C(=O)NCCCCNC(=O)c3nn(-c4ccc(Cl)cc4Cl)c(-c4ccc(Cl)cc4)c3C)C2)nn(-c2ccc(Cl)cc2Cl)c1-c1ccc(Cl)cc1,EC50,'=',23988.33,nM,1
CHEMBL3357384,CC(=O)N1CCC(Cn2c(CC(C)(C)C)nc3cc(S(=O)(=O)C4CN(C)C4)ccc32)CC1,EC50,'>',25000.0,nM,1
CHEMBL3357383,CN1CC(S(=O)(=O)c2ccc3c(c2)nc(CC(C)(C)C)n3CC2(O)CCOCC2)C1,EC50,'>',25000.0,nM,1
CHEMBL3357393,CN(C)CCn1c(CC(C)(C)C)nc2cc(S(=O)(=O)C3CN(S(C)(=O)=O)C3)ccc21,EC50,'>',25000.0,nM,1
CHEMBL3357390,CN(C)CCn1c(CC(C)(C)C)nc2cc(S(=O)(=O)C3CN(CC(F)(F)F)C3)ccc21,EC50,'>',25000.0,nM,1
CHEMBL3357385,CC(C)(C)Cc1nc2cc(S(=O)(=O)C3CN(C(N)=O)C3)ccc2n1CCOC(F)(F)F,EC50,'>',25000.0,nM,1
CHEMBL3357389,CCN1CC(S(=O)(=O)c2ccc3c(c2)nc(CC(C)(C)C)n3CCN(C)C)C1,EC50,'>',25000.0,nM,1
CHEMBL3234675,CN(C)CCn1c(CC(C)(C)C)nc2cc(S(=O)(=O)C3CN(C(N)=O)C3)ccc21,EC50,'>',25000.0,nM,1
CHEMBL3357388,CC(=O)N1CCC(Cn2c(CC(C)(C)C)nc3cc(S(=O)(=O)C4CN(C(N)=O)C4)ccc32)CC1,EC50,'>',25000.0,nM,1
CHEMBL3357391,CN(C)CCn1c(CC(C)(C)C)nc2cc(S(=O)(=O)C3CN(CCO)C3)ccc21,EC50,'>',25000.0,nM,1
CHEMBL3357386,CC(C)(C)Cc1nc2cc(S(=O)(=O)C3CN(C(N)=O)C3)ccc2n1CC(C)(C)O,EC50,'>',25000.0,nM,1
CHEMBL3357392,COCCN1CC(S(=O)(=O)c2ccc3c(c2)nc(CC(C)(C)C)n3CCN(C)C)C1,EC50,'>',25000.0,nM,1
CHEMBL3357381,CN1CC(S(=O)(=O)c2ccc3c(c2)nc(CC(C)(C)C)n3CC(C)(C)O)C1,EC50,'>',25000.0,nM,1
CHEMBL566238,COc1cccc(Nc2ncc(C(=O)N3CCOCC3)c3c(C)c[nH]c23)c1,EC50,'=',25100.0,nM,1
CHEMBL3310159,CCOc1ccc(Cc2nc3cc(C(=O)N(CC)CC)ccc3n2CCCCCCCCCCN(C)C)cc1,EC50,'=',25118.86,nM,1
CHEMBL3310166,CCOc1ccc(Cc2nc3cc(C(=O)NCCCCCCCCCCN(C)CCCCCCCCCCNC(=O)c4ccc5c(c4)nc(Cc4ccc(OCC)cc4)n5CCC(C)C)ccc3n2CCC(C)C)cc1,EC50,'=',25703.96,nM,1
CHEMBL3234699,CC(C)(C)c1cn(C[C@H]2CCCO2)/c(=N/C(=O)c2cc(C(F)(F)F)ccc2OCc2ccccn2)s1,EC50,'>',27000.0,nM,1
CHEMBL3234698,Cn1c(C2(C)CC2)c/c(=N\C(=O)c2cc(C(F)(F)F)ccc2OCC(C)(C)O)n1C[C@H]1CCCO1,EC50,'>',27000.0,nM,1
CHEMBL3353879,CC(C)(C)c1cc(NC(=O)[C@@H]2C[C@@H](O)CN2c2ccc(Cl)cc2)on1,EC50,'=',28000.0,nM,1
CHEMBL3353878,CC(C)(C)c1cc(NC(=O)[C@@H]2C[C@@H](O)CN2C2CCCCC2)on1,EC50,'=',29000.0,nM,1
CHEMBL4448509,Cc1c(CCN2CCOCC2)c2cc(F)ccc2n1C(=O)c1cccc(Cl)c1Cl,EC50,'=',29200.0,nM,1
CHEMBL3354953,O=C(NC1(CO)CC1)c1nn(-c2ccc(F)cc2F)c2c1C[C@H]1C[C@@H]21,EC50,'>',30000.0,nM,1
CHEMBL3354963,CC(C)(CO)NC(=O)c1nn(-c2ccc(F)cc2F)c2c1C[C@@H]1C[C@H]21,EC50,'>',30000.0,nM,1
CHEMBL3354970,CC(C)(CO)NC(=O)c1nn(-c2ccc(F)cc2)c2c1C[C@H]1C[C@@H]21,EC50,'>',30000.0,nM,1
CHEMBL3352843,CC(C)(CO)NC(=O)c1nn(-c2ccncn2)c2c1C[C@H]1C[C@@H]21,EC50,'>',30000.0,nM,1
CHEMBL3354964,O=C(NC1(CO)CC1)c1nn(-c2ccc(F)cc2F)c2c1C[C@@H]1C[C@H]21,EC50,'>',30000.0,nM,1
CHEMBL3354956,O=C(N[C@H](CO)c1ccccc1)c1nn(-c2ccc(F)cc2F)c2c1C[C@H]1C[C@@H]21,EC50,'>',30000.0,nM,1
CHEMBL3354950,CC(C)(C)NC(=O)c1nn(-c2ccc(F)cc2F)c2c1C[C@H]1C[C@@H]21,EC50,'>',30000.0,nM,1
CHEMBL3354946,O=C(NC1(c2ccccc2)CC1)c1nn(-c2ccc(F)cc2F)c2c1C[C@H]1C[C@@H]21,EC50,'>',30000.0,nM,1
CHEMBL3354967,CC(C)(CO)NC(=O)c1nn(-c2ccccc2)c2c1C[C@H]1C[C@@H]21,EC50,'>',30000.0,nM,1
CHEMBL3354965,O=C(NC1CCOCC1)c1nn(-c2ccc(F)cc2F)c2c1C[C@@H]1C[C@H]21,EC50,'>',30000.0,nM,1
CHEMBL3354973,CC(C)(CO)NC(=O)c1nn(-c2ccc(Cl)cc2Cl)c2c1C[C@H]1C[C@@H]21,EC50,'>',30000.0,nM,1
CHEMBL3354960,CC(C)(CN1CCOCC1)NC(=O)c1nn(-c2ccc(F)cc2F)c2c1C[C@H]1C[C@@H]21,EC50,'>',30000.0,nM,1
CHEMBL3338677,CCCCCCCCCCCCCCCC(=O)N[C@H](C(=O)N[C@H](C(=O)N[C@@H](CC(C)C)C(=O)N1CCC[C@H]1C(=O)N[C@@H](CC(C)C)C(=O)N[C@@H](Cc1c[nH]c2ccccc12)C(=O)N[C@@H](C)C(=O)N[C@H](C(=O)N[C@@H](Cc1ccc(O)cc1)C(=O)N[C@H](C(=O)N[C@@H](Cc1ccc(O)cc1)C(=O)N[C@@H](CCCNC(=N)N)C(N)=O)[C@@H](C)O)[C@@H](C)O)[C@@H](C)O)C(C)C,EC50,'>',30000.0,nM,1
CHEMBL3354962,CC(C)(C)NC(=O)c1nn(-c2ccc(F)cc2F)c2c1C[C@@H]1C[C@H]21,EC50,'>',30000.0,nM,1
CHEMBL567302,Cc1c[nH]c2c(Nc3ccccc3OC(C)C)ncc(C(=O)N3CCOCC3)c12,EC50,'>',30000.0,nM,1
CHEMBL585888,Cc1c[nH]c2c(Nc3cccc(Cl)c3)ncc(C(=O)NC3CCOCC3)c12,EC50,'>',30000.0,nM,1
CHEMBL1385076,Cc1cccc(N2CCN(C(=O)c3cc(S(=O)(=O)N(C)C)ccc3N3CCCC3)CC2)c1C,EC50,'>',30000.0,nM,1
CHEMBL583262,Cc1c[nH]c2c(Nc3cccc(Cl)c3)ncc(C(=O)NCC3CCOCC3)c12,EC50,'>',30000.0,nM,1
CHEMBL586036,Cc1c[nH]c2c(Nc3cccc(Cl)c3)ncc(C(=O)N3CCCC3)c12,EC50,'>',30000.0,nM,1
CHEMBL3354975,CC(C)(CO)NC(=O)c1nn(-c2cccnc2)c2c1C[C@H]1C[C@@H]21,EC50,'>',30000.0,nM,1
CHEMBL3354957,O=C(N[C@@H](CO)c1ccccc1)c1nn(-c2ccc(F)cc2F)c2c1C[C@H]1C[C@@H]21,EC50,'>',30000.0,nM,1
CHEMBL3354976,CC(C)(CO)NC(=O)c1nn(-c2cnccn2)c2c1C[C@H]1C[C@@H]21,EC50,'>',30000.0,nM,1
CHEMBL3354948,CC(C)(NC(=O)c1nn(-c2ccc(F)cc2F)c2c1C[C@H]1C[C@@H]21)c1cccnc1,EC50,'>',30000.0,nM,1
CHEMBL568340,Cc1c[nH]c2c(Nc3cccc(C(F)(F)F)c3)ncc(C(=O)N3CCOCC3)c12,EC50,'>',30000.0,nM,1
CHEMBL568339,Cc1c[nH]c2c(Nc3cccc(Cl)c3)ncc(C(=O)N3CCCCCC3)c12,EC50,'>',30000.0,nM,1
CHEMBL567097,Cc1c[nH]c2c(Nc3cccc(Cl)c3)ncc(C(=O)N3CCC3)c12,EC50,'>',30000.0,nM,1
CHEMBL3354959,O=C(NCC1CCOCC1)c1nn(-c2ccc(F)cc2F)c2c1C[C@H]1C[C@@H]21,EC50,'>',30000.0,nM,1
CHEMBL3354958,O=C(NC1CCOCC1)c1nn(-c2ccc(F)cc2F)c2c1C[C@H]1C[C@@H]21,EC50,'>',30000.0,nM,1
CHEMBL585114,Cc1c[nH]c2c(Nc3cccc(Cl)c3)ncc(C(=O)NCc3ccc(F)cc3)c12,EC50,'>',30000.0,nM,1
CHEMBL3354971,CC(C)(CO)NC(=O)c1nn(-c2cc(F)ccc2F)c2c1C[C@H]1C[C@@H]21,EC50,'>',30000.0,nM,1
CHEMBL566881,Cc1c[nH]c2c(NC3CCOCC3)ncc(C(=O)N3CCOCC3)c12,EC50,'>',30000.0,nM,1
CHEMBL578371,CCC(CC)Nc1ncc(C(=O)N2CCOCC2)c2c(C)c[nH]c12,EC50,'>',30000.0,nM,1
CHEMBL1532240,COc1ccccc1/C=C/C(=O)NC(=S)Nc1ccc(S(=O)(=O)N(C)c2ccccc2)cc1,EC50,'>',30000.0,nM,1
CHEMBL3354969,CC(C)(CO)NC(=O)c1nn(-c2cccc(F)c2)c2c1C[C@H]1C[C@@H]21,EC50,'>',30000.0,nM,1
CHEMBL3354966,O=C(NCC1CCOCC1)c1nn(-c2ccc(F)cc2F)c2c1C[C@@H]1C[C@H]21,EC50,'>',30000.0,nM,1
CHEMBL1718432,COc1ccc2cc(C)c3nnc(SCC(=O)Nc4nc(-c5ccc(F)cc5)cs4)n3c2c1,EC50,'>',30000.0,nM,1
CHEMBL3354972,CC(C)(CO)NC(=O)c1nn(-c2c(F)cccc2F)c2c1C[C@H]1C[C@@H]21,EC50,'>',30000.0,nM,1
CHEMBL3354968,CC(C)(CO)NC(=O)c1nn(-c2ccccc2F)c2c1C[C@H]1C[C@@H]21,EC50,'>',30000.0,nM,1
CHEMBL596590,Cc1ccccc1-c1ccc(N2CCOCC2)nn1,EC50,'>',31622.78,nM,1
CHEMBL595008,COc1ccc(-c2ccc(N3CCOCC3)nn2)c(Cl)c1,EC50,'>',31622.78,nM,1
CHEMBL593581,C[C@@H]1CC[C@H](C)N1c1ccc(-c2cccc3ncccc23)nn1,EC50,'>',31622.78,nM,1
CHEMBL608700,O=S1(=O)CCN(c2ccc(-c3cccc(Cl)c3Cl)nn2)CC1,EC50,'>',31622.78,nM,1
CHEMBL593131,FC(F)(F)Oc1ccccc1-c1ccc(N2CCOCC2)nn1,EC50,'>',31622.78,nM,1
CHEMBL593835,Clc1ccccc1-c1ccc(N2CCOCC2)nn1,EC50,'>',31622.78,nM,1
CHEMBL595243,c1ccc(COc2cccc(-c3ccc(N4CCOCC4)nn3)c2)cc1,EC50,'>',31622.78,nM,1
CHEMBL593582,C[C@@H]1CC[C@H](C)N1c1ccc(-c2cccc3cccnc23)nn1,EC50,'>',31622.78,nM,1
CHEMBL595450,Clc1ccc(-c2ccc(N3CCOCC3)nn2)c(Cl)c1,EC50,'>',31622.78,nM,1
CHEMBL571333,O=C(O)c1cc(-c2cccc(Cl)c2Cl)cnc1N1CCCCCC1,EC50,'>',31622.78,nM,1
CHEMBL583134,FC(F)(F)c1cc(N2CCCCCC2)ncc1-c1cccc(Cl)c1Cl,EC50,'>',31622.78,nM,1
CHEMBL570415,N#Cc1cc(-c2cccc(Cl)c2Cl)cnc1N1CCCCCC1,EC50,'>',31622.78,nM,1
CHEMBL594837,FC1(F)CCN(c2ccc(-c3cccc(Cl)c3Cl)nn2)CC1,EC50,'>',31622.78,nM,1
CHEMBL596155,Cc1ccc(-c2ccc(N3CCOCC3)nn2)c(Cl)c1,EC50,'>',31622.78,nM,1
CHEMBL595221,Clc1cc(Cl)c(Cl)c(-c2ccc(N3CCOCC3)nn2)c1,EC50,'>',31622.78,nM,1
CHEMBL611612,COc1ccccc1-c1ccc(N2CCOCC2)nn1,EC50,'>',31622.78,nM,1
CHEMBL594281,Clc1cccc(-c2ccc(N3CCCCC3)nn2)c1Cl,EC50,'>',31622.78,nM,1
CHEMBL595238,Clc1cccc(-c2ccc(N3CCCC3)nn2)c1Cl,EC50,'>',31622.78,nM,1
CHEMBL583341,FC(F)(F)c1cc(-c2cccc(Cl)c2Cl)cnc1N1CCCCCC1,EC50,'>',31622.78,nM,1
CHEMBL611321,FC(F)(F)c1cccc(-c2ccc(N3CCOCC3)nn2)c1,EC50,'>',31622.78,nM,1
CHEMBL594977,Clc1cccc(-c2ccc(N3CCOCC3)nn2)c1Cl,EC50,'>',31622.78,nM,1
CHEMBL593130,FC(F)(F)c1ccccc1-c1ccc(N2CCOCC2)nn1,EC50,'>',31622.78,nM,1
CHEMBL610489,FC(F)(F)c1cccc(-c2ccc(N3CCOCC3)nn2)c1C(F)(F)F,EC50,'>',31622.78,nM,1
CHEMBL569535,CN(C)C(=O)c1cc(-c2cccc(Cl)c2Cl)cnc1N1CCCCCC1,EC50,'>',31622.78,nM,1
CHEMBL595244,C[C@@H]1CC[C@H](C)N1c1ccc(-c2c[nH]c3ccccc23)nn1,EC50,'>',31622.78,nM,1
CHEMBL608702,C[C@@H]1CC[C@H](C)N1c1ccc(-c2cc3ccccc3o2)nn1,EC50,'>',31622.78,nM,1
CHEMBL594531,Clc1cccc(-c2ccc(NC3CCCCC3)nn2)c1Cl,EC50,'>',31622.78,nM,1
CHEMBL596569,Clc1ccc(Cl)c(-c2ccc(N3CCOCC3)nn2)c1,EC50,'>',31622.78,nM,1
CHEMBL593834,Clc1cccc(-c2ccc(NC3CCOCC3)nn2)c1Cl,EC50,'>',31622.78,nM,1
CHEMBL596355,Cc1cccc(-c2ccc(N3CCOCC3)nn2)c1C,EC50,'>',31622.78,nM,1
CHEMBL1305795,COc1ccc(-c2cc(C(=O)Nc3ccc(S(=O)(=O)Nc4ncccn4)cc3)c3ccccc3n2)cc1,EC50,'>',32000.0,nM,0
CHEMBL1386881,COc1ccc(CNCCC(c2ccc(F)cc2)c2ccc(OC)cc2)cc1,EC50,'>',32000.0,nM,0
CHEMBL1545109,CCCCC1(Cc2ccc(OC)c([N+](=O)[O-])c2)C(=O)N(c2ccccc2)N(c2ccccc2)C1=O,EC50,'>',32000.0,nM,0
CHEMBL1464477,Cc1ccc(-n2cc3c(-c4cccc(Br)c4)nnc(C)c3n2)cc1,EC50,'>',32000.0,nM,0
CHEMBL1420800,COc1ccc(NS(=O)(=O)c2ccc3[nH]c(COc4cccc5ccccc45)nc3c2)cc1,EC50,'>',32000.0,nM,0
CHEMBL1449870,N=c1c(C(=O)NC2CCCC2)cc2c(=O)n3ccccc3nc2n1C1CCCC1,EC50,'>',32000.0,nM,0
CHEMBL1726562,COc1ccc(-c2c(-c3ccc(OCCN4CCOCC4)cc3O)n[nH]c2C)cc1,EC50,'>',32000.0,nM,0
CHEMBL1713756,COc1ccc(-n2cc3c(-c4ccc(-c5ccccc5)cc4)nnc(C)c3n2)cc1,EC50,'>',32000.0,nM,0
CHEMBL1705660,CCNC(=O)c1cc2c(=O)n3ccccc3nc2n(C2CCCC2)c1=N,EC50,'>',32000.0,nM,0
CHEMBL1719997,COc1ccc2c(c1)cc(C)c1nnc(SCC(=O)Nc3nc(C)cs3)n12,EC50,'>',32000.0,nM,0
CHEMBL1611658,CCC(C)NS(=O)(=O)c1ccc(NC(=O)C(Sc2ccccc2)c2ccccc2)cc1,EC50,'>',32000.0,nM,0
CHEMBL1431310,COc1ccc(S(=O)(=O)Nc2ccc(F)cc2)cc1N(C)S(=O)(=O)c1ccc(Cl)cc1,EC50,'>',32000.0,nM,0
CHEMBL1705807,Cc1nc(N2CCN(C(=O)C3CCCO3)CC2)c2c3c(sc2n1)CCCC3,EC50,'>',32000.0,nM,0
CHEMBL1704084,O=C(N1CCC(n2nc(-c3ccccc3)oc2=O)CC1)C1(c2ccccc2)CCCC1,EC50,'>',32000.0,nM,0
CHEMBL1546161,Cc1n[nH]c(-c2ccc(O)cc2O)c1-c1ccc(Cl)cc1,EC50,'>',32000.0,nM,0
CHEMBL1707517,Cc1ccc(-c2nnc(C)c3nn(-c4ccc(C)cc4)cc23)cc1,EC50,'>',32000.0,nM,0
CHEMBL1430124,Cc1cc(C)nc(NS(=O)(=O)c2ccc(NC(=O)c3cc(-c4ccccc4)nc4ccccc34)cc2)n1,EC50,'>',32000.0,nM,0
CHEMBL1498988,COc1ccc(S(=O)(=O)Nc2ccc(C)cc2)cc1N(C)S(=O)(=O)c1ccc(Cl)cc1,EC50,'>',32000.0,nM,0
CHEMBL1402920,Cc1nc(N2CCN(C(=O)c3ccco3)CC2)c2c3c(sc2n1)CCCC3,EC50,'>',32000.0,nM,0
CHEMBL1445966,Cc1ccc2c(c1)C(c1ccc(O)cc1)(c1ccc(O)cc1)C(=O)N2C,EC50,'>',32000.0,nM,0
CHEMBL1452959,CCN1C(=O)C(c2ccc(O)cc2)(c2ccc(O)cc2)c2ccccc21,EC50,'>',32000.0,nM,0
CHEMBL1729479,COc1ccc(C2(C(=O)N3CCC(n4nc(-c5ccccc5)oc4=O)CC3)CC2)cc1,EC50,'>',32000.0,nM,0
CHEMBL1542604,COc1ccc(-c2[nH]nc(C)c2-c2ccc(Cl)cc2)c(O)c1,EC50,'>',32000.0,nM,0
CHEMBL1705015,CC(C)Oc1ccc(S(=O)(=O)N2CCOCC2)cc1NC(=O)c1cc2ccccc2s1,EC50,'>',32000.0,nM,0
CHEMBL1722279,Cc1cc2cc3c(cc2n2c(SCC(=O)Nc4nc(-c5ccccc5)cs4)nnc12)OCO3,EC50,'>',32000.0,nM,0
CHEMBL1582765,COC(=O)C1=C(N)c2c(F)cccc2C1(C#N)c1ccccc1,EC50,'>',32000.0,nM,0
CHEMBL1507657,O=C(c1ccco1)N1CCN(c2nc(C3CC3)nc3sc4c(c23)CCCC4)CC1,EC50,'>',32000.0,nM,0
CHEMBL1581985,CC1=CC(C)(C)N2C(=O)C3(SCC(=O)N3c3ccc(O)cc3)c3cc(C)cc1c32,EC50,'>',32000.0,nM,0
CHEMBL1717635,CCCc1cc(C(=O)Nc2cc(S(=O)(=O)N3CCOCC3)ccc2OC)sc1C,EC50,'>',32000.0,nM,0
CHEMBL1709725,Cc1ccccc1N1CCN(C(=O)c2cc(S(=O)(=O)N3CCCCC3)ccc2N2CCCC2)CC1,EC50,'>',32000.0,nM,0
CHEMBL1715078,N=c1c(C(=O)NCCN2CCOCC2)cc2c(=O)n3ccccc3nc2n1C1CCCC1,EC50,'>',32000.0,nM,0
CHEMBL1726224,Cc1nnc(-c2ccc(Cl)cc2)c2cn(-c3ccccc3)nc12,EC50,'>',32000.0,nM,0
CHEMBL1368569,CCN(CC)S(=O)(=O)c1ccc(NC(=O)c2cc(-c3ccccc3)nc3ccccc23)cc1,EC50,'>',32000.0,nM,0
CHEMBL1397703,O=C(Nc1cccc(S(=O)(=O)N2CCOCC2)c1)c1ccc(N2CCCC2=O)cc1,EC50,'>',32000.0,nM,0
CHEMBL1703896,Cc1nc(N2CCN(C(=O)COc3ccccc3C)CC2)c2c3c(sc2n1)CCCC3,EC50,'>',32000.0,nM,0
CHEMBL1310336,Cc1cc(C)c2nc(-c3ccccn3)cc(C(=O)Nc3ccc(S(=O)(=O)Nc4onc(C)c4C)cc3)c2c1,EC50,'>',32000.0,nM,0
CHEMBL1366039,Cc1ccc(C2(C(=O)N3CCC(n4nc(-c5ccccc5)oc4=O)CC3)CC2)cc1,EC50,'>',32000.0,nM,0
CHEMBL1549881,Cc1n[nH]c(-c2ccc(O)c(C)c2O)c1Oc1ccccc1,EC50,'>',32000.0,nM,0
CHEMBL1468612,CC(C)(C)OC(=O)N1CCC(c2cc(O)n3ncc(C(=O)Nc4ccc(F)c(Cl)c4)c3n2)CC1,EC50,'>',32000.0,nM,0
CHEMBL1697974,COc1ccc(S(=O)(=O)N2CCOCC2)cc1NC(=O)c1cc2c(s1)CCCCCC2,EC50,'>',32000.0,nM,0
CHEMBL1572633,COC(=O)C1=C(N)c2ccccc2C1(C#N)c1ccccc1,EC50,'>',32000.0,nM,0
CHEMBL1367646,COc1ccc(S(=O)(=O)N2CCOCC2)cc1NC(=O)c1ccc(-n2nc(C)cc2C)cc1,EC50,'>',32000.0,nM,0
CHEMBL1402210,Cc1noc(NS(=O)(=O)c2ccc(NC(=O)c3cc(-c4ccccc4Cl)nc4ccccc34)cc2)c1C,EC50,'>',32000.0,nM,0
CHEMBL1702427,COc1ccc(-c2csc(NC(=O)CSc3nnc4c(C)cc5cc6c(cc5n34)OCO6)n2)cc1,EC50,'>',32000.0,nM,0
CHEMBL1534425,O=C(Nc1ccc(S(=O)(=O)Nc2nccs2)cc1)c1cc(-c2ccccc2)nc2ccccc12,EC50,'>',32000.0,nM,0
CHEMBL1706882,Cc1nc(N2CCN(C(=O)c3ccc4c(c3)nc(C)n4C)CC2)c2c3c(sc2n1)CC(C)CC3,EC50,'>',32000.0,nM,0
CHEMBL1698243,CCOc1ccc(-c2n[nH]c(C)c2-c2ccc(OC)cc2)c(O)c1,EC50,'>',32000.0,nM,0
CHEMBL1713770,COc1ccc(-c2nnc(C)c3nn(-c4ccc(C)cc4)cc23)cc1,EC50,'>',32000.0,nM,0
CHEMBL1727434,O=C(Nc1ccc(S(=O)(=O)Nc2nccs2)cc1)c1cc(-c2cccs2)nc2ccccc12,EC50,'>',32000.0,nM,0
CHEMBL1729109,Cc1ccc(-c2nnc(C)c3nn(-c4ccccc4)cc23)cc1,EC50,'>',32000.0,nM,0
CHEMBL1542448,Cc1nnc(-c2cccc(Br)c2)c2cn(-c3ccccc3)nc12,EC50,'>',32000.0,nM,0
CHEMBL1698745,Cc1ccc2nc3c(cc(C(=O)NC4CCCC4)c(=N)n3C3CCCC3)c(=O)n2c1,EC50,'>',32000.0,nM,0
CHEMBL1719526,CCOc1ccc(CC(=O)N2CCC(n3nc(-c4ccccc4)oc3=O)CC2)cc1,EC50,'>',32000.0,nM,0
CHEMBL1708243,CCOc1ccc(-c2n[nH]c(C)c2-c2ccccc2)c(O)c1,EC50,'>',32000.0,nM,0
CHEMBL1727119,Cc1cccc(N2CCN(C(=O)c3cccc(S(=O)(=O)N4CCOCC4)c3)CC2)c1C,EC50,'>',32000.0,nM,0
CHEMBL1416169,O=C(Nc1ccc(S(=O)(=O)Nc2nccs2)cc1)c1cc(-c2ccncc2)nc2ccccc12,EC50,'>',32000.0,nM,0
CHEMBL1441155,Cc1ccc2nc3c(cc(C(=O)NCc4ccco4)c(=N)n3C3CCCC3)c(=O)n2c1,EC50,'>',32000.0,nM,0
CHEMBL1460039,COc1ccc(-c2c(C(F)(F)F)n[nH]c2-c2ccc(O)cc2O)cc1,EC50,'>',32000.0,nM,0
CHEMBL1703615,COCCCNC(=O)c1cc2c(=O)n3ccccc3nc2n(C2CCCC2)c1=N,EC50,'>',32000.0,nM,0
CHEMBL1721058,N=c1c(C(=O)NCCc2ccccc2)cc2c(=O)n3ccccc3nc2n1C1CCCC1,EC50,'>',32000.0,nM,0
CHEMBL1722769,COc1ccc(S(=O)(=O)N2CCOCC2)cc1NC(=O)c1ccc(OCC(C)C)c(OC)c1,EC50,'>',32000.0,nM,0
CHEMBL1698983,Cc1ccc(-n2cc3c(-c4ccccc4)nnc(C)c3n2)cc1,EC50,'>',32000.0,nM,0
CHEMBL1602521,CCOc1ccc(S(=O)(=O)N2CCOCC2)cc1NC(=O)c1ccc(N2CCCC2=O)cc1,EC50,'>',32000.0,nM,0
CHEMBL1429129,CC1=CC(C)(C)N2C(=O)C3(SCC(=O)N3c3ccc(F)cc3)c3cc(C)cc1c32,EC50,'>',32000.0,nM,0
CHEMBL1709590,O=C(Nc1cc(S(=O)(=O)N2CCOCC2)ccc1N1CCCC1)c1cc2c(s1)CCCC2,EC50,'>',32000.0,nM,0
CHEMBL1730076,COc1ccc(-c2nnc(C)c3nn(-c4ccc(Cl)cc4)cc23)cc1,EC50,'>',32000.0,nM,0
CHEMBL1709480,O=C(Cc1ccc2c(c1)OCO2)N1CCC(n2nc(-c3ccccc3)oc2=O)CC1,EC50,'>',32000.0,nM,0
CHEMBL1382214,Cc1ccc(-c2cc(C(=O)Nc3ccc(S(=O)(=O)Nc4nccs4)cc3)c3ccccc3n2)c(C)c1,EC50,'>',32000.0,nM,0
CHEMBL1398414,COc1ccc(S(=O)(=O)N2CCOCC2)cc1NC(=O)c1ccc2c(c1)OCO2,EC50,'>',32000.0,nM,0
CHEMBL1736309,O=C(Cc1ccc(F)cc1)N1CCC(n2nc(-c3ccccc3)oc2=O)CC1,EC50,'>',32000.0,nM,0
CHEMBL1714418,O=C(Nc1cccc(S(=O)(=O)N2CCOCC2)c1)c1cc2c(s1)CCCC2,EC50,'>',32000.0,nM,0
CHEMBL1733320,N=c1c(C(=O)NC2CCCCC2)cc2c(=O)n3ccccc3nc2n1C1CCCC1,EC50,'>',32000.0,nM,0
CHEMBL1703285,Cc1nc(N2CCN(C(=O)NCc3ccccc3)CC2)c2c3c(sc2n1)CCCC3,EC50,'>',32000.0,nM,0
CHEMBL1411573,COc1ccc(-n2cc3c(-c4cccc(Br)c4)nnc(C)c3n2)cc1,EC50,'>',32000.0,nM,0
CHEMBL1699880,Cc1ccc(-c2csc(NC(=O)CSc3nnc4cc(C)c5ccccc5n34)n2)cc1,EC50,'>',32000.0,nM,0
CHEMBL1336209,CCN(CC)S(=O)(=O)c1ccc(NC(=O)c2cc(-c3cccs3)nc3ccccc23)cc1,EC50,'>',32000.0,nM,0
CHEMBL1386647,Cc1nc(N2CCN(C(=O)c3cccs3)CC2)c2c3c(sc2n1)CCCC3,EC50,'>',32000.0,nM,0
CHEMBL1732131,Cc1ccc2cc(C)c3nnc(SCC(=O)N(C)c4nc(-c5ccccc5)cs4)n3c2c1,EC50,'>',32000.0,nM,0
CHEMBL1575373,Cc1cc(OCC(=O)Nc2ccc(S(=O)(=O)NC3=NCCCCC3)cc2)c(C(C)C)cc1Cl,EC50,'>',32000.0,nM,0
CHEMBL1431953,Cc1nnc(-c2cccc(Br)c2)c2cn(-c3ccc(Br)cc3)nc12,EC50,'>',32000.0,nM,0
CHEMBL1567371,Cc1cc(C)c2nc(-c3cccnc3)cc(C(=O)Nc3ccc(S(=O)(=O)Nc4onc(C)c4C)cc3)c2c1,EC50,'>',32000.0,nM,0
CHEMBL1421591,CCCCC1(Cc2cccc([N+](=O)[O-])c2)C(=O)N(c2ccccc2)N(c2ccccc2)C1=O,EC50,'>',32000.0,nM,0
CHEMBL1410009,CC(C)(C)NS(=O)(=O)c1ccc(NC(=O)C(Sc2ccccc2)c2ccccc2)cc1,EC50,'>',32000.0,nM,0
CHEMBL1724622,CN(C)S(=O)(=O)c1ccc(N2CCCC2)c(C(=O)N2CCN(c3ccccc3)CC2)c1,EC50,'>',32000.0,nM,0
CHEMBL1466203,COC(=O)C1=C(N)c2c(F)cccc2C1(C#N)c1ccc(F)cc1,EC50,'>',32000.0,nM,0
CHEMBL1542168,O=C(N1CCC(n2nc(-c3ccccc3)oc2=O)CC1)C1(c2ccc(Cl)cc2)CC1,EC50,'>',32000.0,nM,0
CHEMBL1727053,CC(C)(C)c1ccc(-c2c(-c3nc4ccccc4[nH]3)n[nH]c2-c2ccccc2)cc1,EC50,'>',32000.0,nM,0
CHEMBL1711005,CCN(CC)S(=O)(=O)c1ccc(N2CCC(C)CC2)c(C(=O)N2CCN(c3ccccc3)CC2)c1,EC50,'>',32000.0,nM,0
CHEMBL1731489,O=C(Nc1cc(S(=O)(=O)N2CCOCC2)ccc1OCC(F)(F)F)c1ccc(N2CCCC2=O)cc1,EC50,'>',32000.0,nM,0
CHEMBL1710129,Cc1nc(N2CCN(C(=O)C(C)C)CC2)c2c3c(sc2n1)CCCC3,EC50,'>',32000.0,nM,0
CHEMBL1420151,CCOC(=O)c1cc2c(=O)n3ccccc3nc2n(Cc2ccccc2)c1=N,EC50,'>',32000.0,nM,0
CHEMBL1715811,COc1ccc(S(=O)(=O)N2CCOCC2)cc1NC(=O)c1sc2cccc(F)c2c1C,EC50,'>',32000.0,nM,0
CHEMBL1735479,CC(C)Oc1ccc(S(=O)(=O)N2CCOCC2)cc1NC(=O)c1cc2c(s1)CCCCC2,EC50,'>',32000.0,nM,0
CHEMBL1734382,Cc1cc2cc3c(cc2n2c(SCC(=O)Nc4nc(-c5ccccc5)cs4)nnc12)OCCO3,EC50,'>',32000.0,nM,0
CHEMBL1715275,Cc1nc(N2CCN(C(=O)c3ccccc3)CC2)c2c3c(sc2n1)CC(C)CC3,EC50,'>',32000.0,nM,0
CHEMBL1586706,Cc1ccc(-c2cc(C(=O)Nc3ccc(S(=O)(=O)Nc4cc(C)on4)cc3)c3ccccc3n2)c(C)c1,EC50,'>',32000.0,nM,0
CHEMBL1592197,CCOc1ccccc1N1CCN(C(=O)c2cc(S(=O)(=O)N(C)C)ccc2N2CCCC2)CC1,EC50,'>',32000.0,nM,0
CHEMBL394883,Cc1cccc2c1NC(=O)C2(c1ccc(O)cc1)c1ccc(O)cc1,EC50,'>',32000.0,nM,0
CHEMBL1730381,N=c1c(C(=O)NCc2ccccc2)cc2c(=O)n3ccccc3nc2n1C1CCCC1,EC50,'>',32000.0,nM,0
CHEMBL1465869,Cc1ccc2nc(-c3ccccn3)cc(C(=O)Nc3ccc(S(=O)(=O)N4CCOCC4)cc3)c2c1,EC50,'>',32000.0,nM,0
CHEMBL1712952,COc1ccc(S(=O)(=O)N2CCOCC2)cc1NC(=O)c1ccc(OC(F)F)cc1,EC50,'>',32000.0,nM,0
CHEMBL1705027,CCc1sc(C(=O)Nc2cc(S(=O)(=O)N3CCOCC3)ccc2OC)cc1C,EC50,'>',32000.0,nM,0
CHEMBL1481494,COc1ccc(-c2cc(C(=O)Nc3ccc(S(=O)(=O)Nc4onc(C)c4C)cc3)c3ccccc3n2)cc1,EC50,'>',32000.0,nM,0
CHEMBL1703772,O=C(N1CCC(n2nc(-c3ccccc3)oc2=O)CC1)C1(c2ccccc2)CC1,EC50,'>',32000.0,nM,0
CHEMBL1734939,Cc1[nH]nc(-c2ccc(OCCN3CCOCC3)cc2O)c1-c1ccc(Cl)cc1,EC50,'>',32000.0,nM,0
CHEMBL1701630,CCC1CCc2sc(C(=O)Nc3cc(S(=O)(=O)N4CCOCC4)ccc3OC)cc2C1,EC50,'>',32000.0,nM,0
CHEMBL1736438,Cc1nnc(-c2ccccc2)c2cn(-c3ccc(Cl)cc3)nc12,EC50,'>',32000.0,nM,0
CHEMBL1705711,CCN(CC)S(=O)(=O)c1ccc(N2CCCCC2)c(C(=O)N2CCN(c3ccccc3)CC2)c1,EC50,'>',32000.0,nM,0
CHEMBL1733898,COc1ccc(S(=O)(=O)N2CCOCC2)cc1NC(=O)c1cc2c(s1)CCCCC2,EC50,'>',32000.0,nM,0
CHEMBL1704166,Cc1cccc(N2CCN(C(=O)c3cccc(S(=O)(=O)N4CCCCC4)c3)CC2)c1C,EC50,'>',32000.0,nM,0
CHEMBL1722450,Cc1ccc(-n2cc3c(-c4ccc(Cl)cc4)nnc(C)c3n2)cc1,EC50,'>',32000.0,nM,0
CHEMBL1733298,Cc1ccc(Cl)cc1N1CCN(C(=O)c2cc(S(=O)(=O)N(C)C)ccc2N2CCCC2)CC1,EC50,'>',32000.0,nM,0
CHEMBL1725618,Cc1[nH]nc(-c2ccc(O)cc2O)c1-c1ccc(Br)cc1,EC50,'>',32000.0,nM,0
CHEMBL1443900,Oc1ccc(-c2[nH]nc(C(F)(F)F)c2-c2ccccc2)c(O)c1,EC50,'>',32000.0,nM,0
CHEMBL1702412,Cc1nc(N2CCN(C(=O)c3ccncc3)CC2)c2c3c(sc2n1)CC(C)CC3,EC50,'>',32000.0,nM,0
CHEMBL1724849,CN(C)S(=O)(=O)c1ccc(N2CCCC2)c(C(=O)N2CCN(c3cccc(Cl)c3)CC2)c1,EC50,'>',32000.0,nM,0
CHEMBL1725686,Cc1cccc(OCC(=O)N2CCN(c3nc(C)nc4sc5c(c34)CCCC5)CC2)c1,EC50,'>',32000.0,nM,0
CHEMBL1720072,N=c1c(C(=O)NCc2cccnc2)cc2c(=O)n3ccccc3nc2n1C1CCCC1,EC50,'>',32000.0,nM,0
CHEMBL1730617,CCc1cc(C(=O)Nc2cc(S(=O)(=O)N3CCOCC3)ccc2OC)sc1C,EC50,'>',32000.0,nM,0
CHEMBL1721827,Cc1nc(N2CCN(C(=O)C3CC3)CC2)c2c3c(sc2n1)CC(C)CC3,EC50,'>',32000.0,nM,0
CHEMBL1718537,Cc1nc(N2CCN(C(=O)C3CCCCC3)CC2)c2c3c(sc2n1)CCCC3,EC50,'>',32000.0,nM,0
CHEMBL1719423,Cc1ccc(C(C)C(=O)N2CCC(n3nc(-c4ccccc4)oc3=O)CC2)cc1,EC50,'>',32000.0,nM,0
CHEMBL1578189,Cc1cccn2c(=O)c3cc(C(=O)NCc4ccco4)c(=N)n(C4CCCC4)c3nc12,EC50,'>',32000.0,nM,0
CHEMBL1354041,COc1ccc(NC(=O)c2cnn3c(O)cc(C4CCN(C(=O)OC(C)(C)C)CC4)nc23)cc1Cl,EC50,'>',32000.0,nM,0
CHEMBL1448070,Cc1cccc(-c2cc(C(=O)Nc3sc(C)c(C)c3C(N)=O)c3ccccc3n2)c1,EC50,'>',32000.0,nM,0
CHEMBL1411212,Cc1cccn2c(=O)c3cc(C(=O)NC4CCCC4)c(=N)n(C4CCCC4)c3nc12,EC50,'>',32000.0,nM,0
CHEMBL1613157,COc1ccc(CNCCC(c2ccccc2)c2ccc3c(c2)OCO3)cc1,EC50,'>',32000.0,nM,0
CHEMBL1715363,Cc1cccc(N2CCN(C(=O)c3cc(S(=O)(=O)N(C)C)ccc3Cl)CC2)c1C,EC50,'>',32000.0,nM,0
CHEMBL1724290,COc1ccc(-c2csc(NC(=O)CSc3nnc4c(C)cc5cc6c(cc5n34)OCCO6)n2)cc1,EC50,'>',32000.0,nM,0
CHEMBL1713121,CN(C)S(=O)(=O)c1ccc(Cl)c(C(=O)N2CCN(c3ccc([N+](=O)[O-])cc3)CC2)c1,EC50,'>',32000.0,nM,0
CHEMBL1586567,N=c1c(C(=O)NCc2ccco2)cc2c(=O)n3ccccc3nc2n1C1CCCC1,EC50,'>',32000.0,nM,0
CHEMBL1507172,Cc1cc(C)c2nc(-c3ccccn3)cc(C(=O)Nc3ccc(S(=O)(=O)Nc4cc(C)on4)cc3)c2c1,EC50,'>',32000.0,nM,0
CHEMBL1484306,Cc1nc(N2CCN(C(=O)c3ccco3)CC2)c2c3c(sc2n1)CC(C)CC3,EC50,'>',32000.0,nM,0
CHEMBL1717402,CNC(=O)c1cc2c(=O)n3ccccc3nc2n(C2CCCC2)c1=N,EC50,'>',32000.0,nM,0
CHEMBL1700716,CC(C)NC(=O)c1cc2c(=O)n3ccccc3nc2n(C2CCCC2)c1=N,EC50,'>',32000.0,nM,0
CHEMBL1718746,Cc1cccc(N2CCN(C(=O)c3cccc(S(=O)(=O)N(C)C)c3)CC2)c1C,EC50,'>',32000.0,nM,0
CHEMBL1728454,O=C(Cc1ccccc1F)N1CCC(n2nc(-c3ccccc3)oc2=O)CC1,EC50,'>',32000.0,nM,0
CHEMBL1718220,Cc1nnc(-c2cccc3ccccc23)c2cn(-c3cccc(Br)c3)nc12,EC50,'>',32000.0,nM,0
CHEMBL1701998,Cc1nc(N2CCN(C(=O)c3ccc4c(c3)OCCO4)CC2)c2c3c(sc2n1)CCCC3,EC50,'>',32000.0,nM,0
CHEMBL3310162,CCOc1ccc(Cc2nc3cc(C(=O)N(CC)CC)ccc3n2CCCN(C)CCCn2c(Cc3ccc(OCC)cc3)nc3cc(C(=O)N(CC)CC)ccc32)cc1,EC50,'=',34673.69,nM,1
CHEMBL3322455,Cc1c(C(=O)NCCCCCCCCNC(=O)c2ccc(C(=O)NCCCCCCCCNC(=O)c3nn(-c4ccc(Cl)cc4Cl)c(-c4ccc(Cl)cc4)c3C)cc2)nn(-c2ccc(Cl)cc2Cl)c1-c1ccc(Cl)cc1,EC50,'=',40700.0,nM,1
CHEMBL3353868,CC(C)(C)c1cc(NC(=O)[C@@H]2CCCN2C2CCOCC2)no1,EC50,'=',41000.0,nM,1
CHEMBL3234704,CN(C1CCOCC1)C(C)(C)C(=O)Nc1cc(C(C)(C)CO)no1,EC50,'>',50000.0,nM,1
CHEMBL3235055,O=C(NC1(c2ccccn2)CCC1)C1=NN(c2c[n+]([O-])ccn2)C2C1C[C@@H]1C[C@H]21,EC50,'>',50000.0,nM,1
CHEMBL3353876,CC(C)(C)c1cc(NC(=O)[C@@H]2C[C@H](O)CN2CC2CCOCC2)on1,EC50,'>',50000.0,nM,1
CHEMBL3353880,CC(C)(C)c1cc(NC(=O)[C@@H]2CCC(=O)N2c2ccc(Cl)cc2)on1,EC50,'>',50000.0,nM,1
CHEMBL3353884,CC(C)(C)c1cc(NC(=O)[C@@H]2CCC(=O)N2c2ccc(S(C)(=O)=O)cc2)on1,EC50,'>',50000.0,nM,1
CHEMBL3353883,CC(C)(C)c1cc(NC(=O)[C@@H]2CCC(=O)N2c2ccc(C#N)cc2)on1,EC50,'>',50000.0,nM,1
CHEMBL3353882,CC(C)(C)c1cc(NC(=O)[C@@H]2CCC(=O)N2c2ccc(F)cc2)on1,EC50,'>',50000.0,nM,1
CHEMBL3353871,CC(C)(C)c1nnc(NC(=O)[C@@H]2CCCN2C2CCOCC2)s1,EC50,'>',50000.0,nM,1
CHEMBL3353875,O=C(Nc1nc2cc(Cl)ccc2[nH]1)[C@@H]1CCCN1C1CCOCC1,EC50,'>',50000.0,nM,1
CHEMBL3234702,CC(C)(CO)c1cc(NC(=O)C(C)(C)S(=O)(=O)C2CCOCC2)on1,EC50,'>',50000.0,nM,1
CHEMBL3353877,CC(C)(C)c1cc(NC(=O)[C@@H]2C[C@@H](O)CN2CC2CCOCC2)on1,EC50,'>',50000.0,nM,1
CHEMBL3353881,CC(C)(C)c1cc(NC(=O)[C@@H]2CCC(=O)N2c2ccc(C(F)(F)F)cc2)on1,EC50,'>',50000.0,nM,1
CHEMBL4538948,Cc1c(CCN2CCOCC2)c2cc(Cl)ccc2n1C(=O)c1cccc(Cl)c1Cl,EC50,'=',79800.0,nM,1
CHEMBL3353866,CC(C)(C)c1cc(NC(=O)[C@@H]2CCCN2C2CCC2)no1,EC50,'=',98005.0,nM,1
CHEMBL3357339,Cc1nc(N2CCN(C)CC2)c2nc(-c3ccccc3Cl)n([C@H](C)CO)c2n1,EC50,'>',100000.0,nM,1
CHEMBL4798902,COCCn1nc(C(=O)NC(C)(C)CO)cc1C(C)(C)C,EC50,'=',100000.0,nM,1
CHEMBL4790704,CC(C)(CO)NC(=O)c1cc(C(C)(C)C)n(-c2cccnc2)n1,EC50,'=',100000.0,nM,1
CHEMBL3092897,Cc1nc(N2CCN(C)CC2)c2nc(-c3ccccc3Cl)n(C3CC3)c2n1.Cl,EC50,'>',100000.0,nM,1
CHEMBL4786352,CC(C)(CO)NC(=O)c1cc(C(C)(C)C)n(-c2ccc(Cl)cc2)n1,EC50,'=',100000.0,nM,1
CHEMBL4790368,CCCCCn1nc(C(=O)NC(C)(C)CO)cc1C1CCCCC1,EC50,'=',100000.0,nM,1
CHEMBL2057804,Cc1nc(N2CCN(C)CC2)c2nc(-c3ccccc3Cl)n([C@H]3CCOC3)c2n1,EC50,'>',100000.0,nM,1
CHEMBL3092898,Cc1nc(N2CCN(C)CC2)c2nc(-c3ccccc3Cl)n([C@H]3CCOC3)c2n1.Cl,EC50,'>',100000.0,nM,1
CHEMBL4785185,CCCCCn1nc(C(C)(C)C)cc1C(=O)NCc1ccc(Cl)cc1,EC50,'=',100000.0,nM,1
CHEMBL3092900,CCN1CCN(c2nc(C)nc3c2nc(-c2ccccc2Cl)n3CC2CCOCC2)CC1.Cl,EC50,'>',100000.0,nM,1
CHEMBL4788749,CCCCCn1nc(C(=O)NC(C)(C)CO)cc1-c1ccc(F)cc1F,EC50,'=',100000.0,nM,1
CHEMBL4781800,CC(C)(CO)NC(=O)c1cc(C(C)(C)C)n(-c2ccc(F)cc2F)n1,EC50,'=',100000.0,nM,1
CHEMBL3092899,Cc1nc(N2CCN(C)CC2)c2nc(-c3ccccc3Cl)n([C@@H]3CCOC3)c2n1.Cl,EC50,'>',100000.0,nM,1
CHEMBL3357340,Cc1nc(N2CCN(C)CC2)c2nc(-c3ccccc3Cl)n([C@@H](C)CO)c2n1,EC50,'>',100000.0,nM,1
CHEMBL3092889,CCc1ccccc1-c1nc2c(N3CCN(C)CC3)nc(C)nc2n1C1CCOCC1.Cl,EC50,'>',100000.0,nM,1
CHEMBL3234686,Cc1nc(N2CCN(C)CC2)c2nc(-c3ccccc3Cl)n(C(C)CO)c2n1,EC50,'>',100000.0,nM,1
CHEMBL3092908,CCN1CCN(c2nc(C)nc3c2nc(-c2ccccc2Cl)n3CCOC)CC1.Cl,EC50,'>',100000.0,nM,1
CHEMBL3092887,Cc1nc(N2CCN(C)CC2)c2nc(-c3ccccc3C3CC3)n(C3CCOCC3)c2n1.Cl,EC50,'>',100000.0,nM,1
CHEMBL2057805,Cc1nc(N2CCN(C)CC2)c2nc(-c3ccccc3Cl)n(CCN3CCCC3=O)c2n1,EC50,'>',100000.0,nM,1
CHEMBL4787759,CC(C)(CO)NC(=O)c1cc(C(C)(C)C)n(CCCF)n1,EC50,'=',100000.0,nM,1
CHEMBL4797941,CCCn1nc(C(=O)NC(C)(C)CO)cc1C(C)(C)C,EC50,'=',100000.0,nM,1
CHEMBL4785295,CCCCCn1nc(C(C)(C)C)cc1C(=O)NC12CC3CC(CC(C3)C1)C2,EC50,'=',100000.0,nM,1
CHEMBL4788470,CC(C)(CO)NC(=O)c1cc(C(C)(C)C)n(-c2ccc(C(F)(F)F)cc2)n1,EC50,'=',100000.0,nM,1
CHEMBL2057802,COC(=O)NCCn1c(-c2ccccc2Cl)nc2c(N3CCN(C)CC3)nc(C)nc21,EC50,'>',100000.0,nM,1
CHEMBL4792134,CCCCCn1nc(C(C)(C)C)cc1C(=O)NC(C)(C)C,EC50,'=',100000.0,nM,1
CHEMBL4781040,CC(C)(CO)NC(=O)c1cc(C(C)(C)C)n(-c2ccc(F)cc2)n1,EC50,'=',100000.0,nM,1
CHEMBL2057803,Cc1nc(N2CCN(C)CC2)c2nc(-c3ccccc3Cl)n([C@@H]3CCOC3)c2n1,EC50,'>',100000.0,nM,1
CHEMBL4784418,COc1ccc(-n2nc(C(=O)NC(C)(C)CO)cc2C(C)(C)C)cc1,EC50,'=',100000.0,nM,1
CHEMBL4795667,CC(C)(CO)NC(=O)c1cc(C(C)(C)C)n(-c2ccc(OC(F)(F)F)cc2)n1,EC50,'=',100000.0,nM,1
CHEMBL3092888,Cc1nc(N2CCN(C)CC2)c2nc(-c3ccccc3C)n(C3CCOCC3)c2n1.Cl,EC50,'>',100000.0,nM,1
CHEMBL4776615,CC(C)(CO)NC(=O)c1cc(C(C)(C)C)n(-c2ccccc2)n1,EC50,'=',100000.0,nM,1
CHEMBL4797039,CC(C)(CO)NC(=O)c1cc(C(C)(C)C)n(-c2ncc(C(F)(F)F)cc2Cl)n1,EC50,'=',100000.0,nM,1
CHEMBL4796542,CC(C)(CO)NC(=O)c1cc(C(C)(C)C)n(-c2ccccn2)n1,EC50,'=',100000.0,nM,1
CHEMBL4791388,CC(C)(CO)NC(=O)c1cc(C(C)(C)C)n(-c2ccc(Cl)cn2)n1,EC50,'=',100000.0,nM,1
CHEMBL4782074,CCCCCn1nc(C(C)(C)C)cc1C(=O)Nc1ccc(Cl)cc1,EC50,'=',100000.0,nM,1
CHEMBL3357342,Cc1nc(N2CCN(C)CC2)c2nc(-c3ccccc3Cl)n(CC(C)(C)O)c2n1,EC50,'>',100000.0,nM,1
CHEMBL4793976,CC(C)(CO)NC(=O)c1cc(C(C)(C)C)n(-c2ccc(F)cn2)n1,EC50,'=',100000.0,nM,1
CHEMBL4791212,CCCCCn1nc(C(=O)NC(C)(C)CO)cc1C1CC1,EC50,'=',100000.0,nM,1
CHEMBL4791040,CCCCCn1nc(C(C)(C)C)cc1C(=O)NC12CC3CC(CC(O)(C3)C1)C2,EC50,'=',100000.0,nM,1
CHEMBL4781576,CC(C)(CO)NC(=O)c1cc(C(C)(C)C)n(-c2ncccn2)n1,EC50,'=',100000.0,nM,1
CHEMBL4777738,CCCCCn1nc(C(=O)NCc2ccc(Cl)cc2)cc1C(C)(C)C,EC50,'=',100000.0,nM,1
CHEMBL4783974,Cc1ccc(-n2nc(C(=O)NC(C)(C)CO)cc2C(C)(C)C)cc1,EC50,'=',100000.0,nM,1
CHEMBL4795529,CCCCCn1nc(C(=O)Nc2ccc(Cl)cc2)cc1C(C)(C)C,EC50,'=',100000.0,nM,1
CHEMBL2057797,CC(=O)N1CCN(c2nc(C)nc3sc(-c4ccccc4)cc23)CC1,EC50,'>',100000.0,nM,1
CHEMBL2057800,Cc1nc(N2CCN(C)CC2)c2nc(-c3ccccc3Cl)n(C3CC3)c2n1,EC50,'>',100000.0,nM,1
CHEMBL4793164,CCCCCn1nc(C(C)(C)C)cc1C(=O)NC(C)(C)CO,EC50,'=',100000.0,nM,1
CHEMBL4439977,Cc1c(CCN2CCOCC2)c2cc(Br)ccc2n1C(=O)c1cccc(Cl)c1Cl,EC50,'>',100000.0,nM,1
CHEMBL3092903,Cc1nc(N2CCN(C)CC2)c2nc(-c3ccccc3C(F)(F)F)n(C3CCOCC3)c2n1.Cl,EC50,'>',100000.0,nM,1
CHEMBL2057796,Cc1nc(N2CCC(C)CC2)c2cc(-c3ccccc3)sc2n1,EC50,'>',100000.0,nM,1
CHEMBL3139138,CCN1CCN(c2nc(C)nc3c2nc(-c2ccccc2Cl)n3CCOC)CC1,EC50,'>',100000.0,nM,1
CHEMBL3092891,COCCn1c(-c2ccccc2Cl)nc2c(N3CCN(CCF)CC3)nc(C)nc21.Cl,EC50,'>',100000.0,nM,1
CHEMBL3092895,Cc1nc(N2CCN(C)CC2)c2nc(-c3ccccc3Cl)n(CCN3CCCC3=O)c2n1.Cl,EC50,'>',100000.0,nM,1
CHEMBL3092901,Cc1nc(N2CCN(C)CC2)c2nc(-c3ccccc3Cl)n(C3CCOCC3)c2n1.Cl,EC50,'>',100000.0,nM,1
CHEMBL3357338,CCN1CCN(c2nc(C)nc3c2nc(-c2ccccc2Cl)n3C(COC)COC)CC1,EC50,'>',100000.0,nM,1
CHEMBL3092890,COc1ccc(-c2nc3c(N4CCN(C)CC4)nc(C)nc3n2C2CCOCC2)c(C)c1.Cl,EC50,'>',100000.0,nM,1
CHEMBL3092885,Cc1nc(N2CCN(C)CC2)c2nc(-c3ccccc3C#N)n(C3CCOCC3)c2n1.Cl,EC50,'>',1000000.0,nM,1
CHEMBL4516804,Cc1c(CCN2CCOCC2)c2cc(F)ccc2n1CC(=O)N1CCCCC1,EC50,,,,0
CHEMBL2316394,O=C(NCC1CCCCC1)c1ccncc1NC(=O)c1cccc2ccccc12,EC50,,,,1
CHEMBL2316395,O=C(NCC1CCCCC1)c1cccnc1NC(=O)c1cccc2ccccc12,EC50,,,,1
CHEMBL2316400,O=C(NCC1CCOCC1)c1ncccc1NC(=O)c1cccc2nccnc12,EC50,,,,1
CHEMBL4520952,Cc1c(CCN2CCOCC2)c2cc(Br)ccc2n1CC(=O)NC1CCCCC1,EC50,,,,0
CHEMBL4449157,COc1ccc2c(c1)c(CC(=O)N1CCCC1)c(C)n2CCN1CCOCC1,EC50,,,,0
CHEMBL3322456,Cc1c(C(=O)NCCCCNC(=O)[C@H]2CC[C@H](C(=O)NCCCCNC(=O)c3nn(-c4ccc(Cl)cc4Cl)c(-c4ccc(Cl)cc4)c3C)CC2)nn(-c2ccc(Cl)cc2Cl)c1-c1ccc(Cl)cc1,EC50,,,,1
CHEMBL4472298,CCCCCn1c(C(=O)NC23CC4CC(CC(C4)C2)C3)cc2cnccc21,EC50,,,,0
CHEMBL4571583,COc1ccc2c(c1)c(CC(=O)NC1CCCC1)c(C)n2CCN1CCOCC1,EC50,,,,0
CHEMBL4590595,O=C(NC12CC3CC(CC(C3)C1)C2)c1nc2ccccc2[nH]1,EC50,,,,0
CHEMBL4538576,O=C(NC12CC3CC(CC(C3)C1)C2)c1cn(CCN2CCOCC2)c2ccncc12,EC50,,,,0
CHEMBL4441955,CCCCCn1c(C(=O)NC23CC4CC(CC(C4)C2)C3)cc2cccnc21,EC50,,,,0
CHEMBL4532823,O=C(NC12CC3CC(CC(C3)C1)C2)c1cc2cnccc2[nH]1,EC50,,,,0
CHEMBL4521036,O=C(NC12CC3CC(CC(C3)C1)C2)c1cc2cccnc2[nH]1,EC50,,,,0
CHEMBL2316402,O=C(NCC1CCC1)c1ncccc1NC(=O)c1cccc2cccnc12,EC50,,,,1
CHEMBL2316393,O=C(NCC1CCCCC1)c1cnccc1NC(=O)c1cccc2ccccc12,EC50,,,,1
CHEMBL4457271,COc1ccc2c(c1)c(CC(=O)NC1CCCCC1)c(C)n2CCN1CCOCC1,EC50,,,,0
CHEMBL4466033,Cc1c(CC(=O)NC2CCCCC2)c2cc(F)ccc2n1CCN1CCOCC1,EC50,,,,0
CHEMBL4568371,Cc1c(CC(=O)NC2CC2)c2cc(Cl)ccc2n1CCN1CCOCC1,EC50,,,,0
CHEMBL4584627,Cc1c(CC(=O)NCC2CC2)c2cc(Cl)ccc2n1CCN1CCOCC1,EC50,,,,0
CHEMBL1641631,FC1(F)CCCN(Cc2cccc(-c3nc(-c4cccc(C(F)(F)F)c4)c[nH]3)c2)C1,EC50,,,,1
CHEMBL4452732,O=C(NC12CC3CC(CC(C3)C1)C2)c1cn(CCN2CCOCC2)c2cccnc12,EC50,,,,0
CHEMBL526471,CN(CCCc1nc(-c2ccc(F)cc2Cl)no1)c1ccc2ncc(Cl)cc2c1,EC50,,,,1
CHEMBL1644681,CC1CCCN(Cc2cccc(-c3nc(-c4cccc(C(F)(F)F)c4)c[nH]3)c2)C1,EC50,,,,1
CHEMBL1644684,FC1CCCN(Cc2cccc(-c3nc(-c4cccc(C(F)(F)F)c4)c[nH]3)c2)C1,EC50,,,,1
CHEMBL4569920,COc1ccc2c(c1)c(CCN1CCOCC1)c(C)n2CC(=O)NCc1ccc2c(c1)OCO2,EC50,,,,0
CHEMBL499877,CCn1c2ccccc2c2cc(NC(=O)CCc3nc(-c4ccccc4)no3)ccc21,EC50,,,,1
CHEMBL3322351,Cc1c(C(=O)NCCCCNC(=O)c2cccc(C(=O)NCCCCNC(=O)c3nn(-c4ccc(Cl)cc4Cl)c(-c4ccc(Cl)cc4)c3C)c2)nn(-c2ccc(Cl)cc2Cl)c1-c1ccc(Cl)cc1,EC50,,,,1
CHEMBL4559321,Cc1c(CCN2CCOCC2)c2cc(Cl)ccc2n1CC(=O)N1CCCCC1,EC50,,,,0
CHEMBL4587636,O=C(NC12CC3CC(CC(C3)C1)C2)c1c[nH]c2cccnc12,EC50,,,,0
CHEMBL3350363,C[S@+]([O-])Cc1ccc(C(=O)Nc2cccnc2C(=O)NCC2CCOCC2)c2ccccc12,EC50,,,,1
CHEMBL4584279,Cc1c(CC(=O)NC2CC2)c2cc(F)ccc2n1CCN1CCOCC1,EC50,,,,0
CHEMBL3322477,Cc1c(C(=O)NCCCCCCNC(=O)c2cccc(C(=O)NCCNC(=O)c3nn(-c4ccc(Cl)cc4Cl)c(-c4ccc(Cl)cc4)c3C)c2)nn(-c2ccc(Cl)cc2Cl)c1-c1ccc(Cl)cc1,EC50,,,,1
CHEMBL4454140,CCCCCn1c(C(=O)NC23CC4CC(CC(C4)C2)C3)nc2ccccc21,EC50,,,,0
CHEMBL4545503,O=C(NC12CC3CC(CC(C3)C1)C2)c1cc2cnccc2n1CCN1CCOCC1,EC50,,,,0
CHEMBL4445571,COc1ccc2c(c1)c(CC(=O)NCc1ccc3c(c1)OCO3)c(C)n2CCN1CCOCC1,EC50,,,,0
CHEMBL4531275,Cc1c(CCN2CCOCC2)c2cc(Br)ccc2n1CC(=O)N1CCCC1,EC50,,,,0
CHEMBL4452103,Cc1c(CC(=O)N2CCCC2)c2cc(Cl)ccc2n1CCN1CCOCC1,EC50,,,,0
CHEMBL2316398,O=C(Nc1cccnc1C(=O)NCC1CCOCC1)c1cccc2c1OCCO2,EC50,,,,1
CHEMBL4474733,COc1ccc2c(c1)c(CCN1CCOCC1)c(C)n2CC(=O)NC1CCCC1,EC50,,,,0
CHEMBL4463885,Cc1c(CC(=O)NC2CCCC2)c2cc(F)ccc2n1CCN1CCOCC1,EC50,,,,0
CHEMBL2316399,O=C(Nc1cccnc1C(=O)NCC1CCOCC1)c1ccc2ncsc2c1,EC50,,,,1
CHEMBL4543182,Cc1c(CCN2CCOCC2)c2cc(Br)ccc2n1C(=O)N1CCCC1,EC50,,,,0
CHEMBL4526149,Cc1c(CCN2CCOCC2)c2cc(F)ccc2n1CC(=O)NCc1ccc2c(c1)OCO2,EC50,,,,0
CHEMBL4544885,O=C(NC12CC3CC(CC(C3)C1)C2)c1nc2ccccc2n1CCN1CCOCC1,EC50,,,,0
CHEMBL4474692,Cc1c(CCN2CCOCC2)c2cc(Br)ccc2n1CC(=O)N1CCCCC1,EC50,,,,0
CHEMBL516302,CCCCCCN1C(=O)/C(=N\NC(=O)C23CC4CC(CC(C4)C2)C3)c2ccccc21,EC50,,,,1
CHEMBL244402,CCCCOc1ccc(C(=O)c2cccc3ccccc23)c2ccccc12,EC50,,,,1
CHEMBL3322466,Cc1c(C(=O)NCCCCCCCCNC(=O)[C@H]2CCCC[C@@H]2C(=O)NCCCCCCCCNC(=O)c2nn(-c3ccc(Cl)cc3Cl)c(-c3ccc(Cl)cc3)c2C)nn(-c2ccc(Cl)cc2Cl)c1-c1ccc(Cl)cc1,EC50,,,,1
CHEMBL4472129,Cc1c(CCN2CCOCC2)c2cc(Cl)ccc2n1CC(=O)NCc1ccc2c(c1)OCO2,EC50,,,,0
CHEMBL4460738,COc1ccc2c(c1)c(CC(=O)NC1CC1)c(C)n2CCN1CCOCC1,EC50,,,,0
CHEMBL4545691,Cc1c(CCN2CCOCC2)c2cc(F)ccc2n1CC(=O)N1CCCC1,EC50,,,,0
CHEMBL4476795,COc1ccc2c(c1)c(CC(=O)NCC1CC1)c(C)n2CCN1CCOCC1,EC50,,,,0
CHEMBL4580016,Cc1c(CC(=O)NCc2ccc3c(c2)OCO3)c2cc(Cl)ccc2n1CCN1CCOCC1,EC50,,,,0
CHEMBL4450253,Cc1c(CCN2CCOCC2)c2cc(Br)ccc2n1CC(=O)NCC1CC1,EC50,,,,0
CHEMBL4437780,Cc1c(CCN2CCOCC2)c2cc(F)ccc2n1CC(=O)NC1CC1,EC50,,,,0
CHEMBL4541840,Cc1c(CC(=O)N2CCCCC2)c2cc(Cl)ccc2n1CCN1CCOCC1,EC50,,,,0
CHEMBL1644673,O=C(c1ccccc1)n1cc(-c2cccc(C(F)(F)F)c2)nc1-c1cccc(CN2CCOCC2)c1,EC50,,,,1
CHEMBL4517923,Cc1c(CC(=O)NC2CCCC2)c2cc(Cl)ccc2n1CCN1CCOCC1,EC50,,,,0
CHEMBL3357380,CN1CC(S(=O)(=O)c2ccc3c(c2)nc(CC(C)(C)C)n3CCOC(F)(F)F)C1,EC50,,,,1
CHEMBL4455860,Cc1c(CCN2CCOCC2)c2cc(F)ccc2n1CC(=O)NCC1CC1,EC50,,,,0
CHEMBL1644674,O=S(=O)(c1ccccc1)n1cc(-c2cccc(C(F)(F)F)c2)nc1-c1cccc(CN2CCOCC2)c1,EC50,,,,1
CHEMBL2316405,O=C(NCC1CCOCC1)c1ncccc1NC(=O)c1ccc(C(=O)O)c2ccccc12,EC50,,,,1
CHEMBL1644671,FC(F)(F)c1cccc(-c2cn(-c3ccccc3)c(-c3cccc(CN4CCOCC4)c3)n2)c1,EC50,,,,1
CHEMBL4533589,Cc1c(CCN2CCOCC2)c2cc(Br)ccc2n1CC(=O)NC1CCCC1,EC50,,,,0
CHEMBL4463845,Cc1c(CCN2CCOCC2)c2cc(Cl)ccc2n1CC(=O)NC1CCCC1,EC50,,,,0
CHEMBL4438913,Cc1c(CC(=O)NCC2CC2)c2cc(F)ccc2n1CCN1CCOCC1,EC50,,,,0
CHEMBL4556918,Cc1c(CCN2CCOCC2)c2cc(Cl)ccc2n1C(=O)N1CCCC1,EC50,,,,0
CHEMBL4589033,Cc1c(CCN2CCOCC2)c2cc(F)ccc2n1CC(=O)NC1CCCCC1,EC50,,,,0
CHEMBL390675,CCCCCNc1ccc(C(=O)c2cccc3ccccc23)c2ccccc12,EC50,,,,1
CHEMBL4559573,CCCCCn1c(C(=O)NC23CC4CC(CC(C4)C2)C3)cc2ncccc21,EC50,,,,0
CHEMBL4452968,Cc1c(CC(=O)NC2CCCCC2)c2cc(Cl)ccc2n1CCN1CCOCC1,EC50,,,,0
CHEMBL4447014,Cc1c(CC(=O)N2CCCCC2)c2cc(F)ccc2n1CCN1CCOCC1,EC50,,,,0
CHEMBL4457200,Cc1c(CCN2CCOCC2)c2cc(F)ccc2n1C(=O)N1CCCC1,EC50,,,,0
CHEMBL4457832,COc1ccc2c(c1)c(CCN1CCOCC1)c(C)n2CC(=O)N1CCCC1,EC50,,,,0
CHEMBL4475414,COc1ccc2c(c1)c(CCN1CCOCC1)c(C)n2CC(=O)NC1CC1,EC50,,,,0
CHEMBL4532136,Cc1c(CCN2CCOCC2)c2cc(Br)ccc2n1CC(=O)NCc1ccc2c(c1)OCO2,EC50,,,,0
CHEMBL515357,CCCCCCN1C(=O)/C(=N\NC(=O)C2CCCCC2)c2ccccc21,EC50,,,,1
CHEMBL4542056,O=C(NC12CC3CC(CC(C3)C1)C2)c1cc2ncccc2n1CCN1CCOCC1,EC50,,,,0
CHEMBL4558578,Cc1c(CCN2CCOCC2)c2cc(Cl)ccc2n1CC(=O)NC1CC1,EC50,,,,0
CHEMBL2316401,O=C(NCC1CCC1)c1ncccc1NC(=O)c1cccc2cnccc12,EC50,,,,1
CHEMBL4471449,COc1ccc2c(c1)c(CC(=O)N1CCCCC1)c(C)n2CCN1CCOCC1,EC50,,,,0
CHEMBL4544017,Cc1c(CCN2CCOCC2)c2cc(Cl)ccc2n1CC(=O)NC1CCCCC1,EC50,,,,0
CHEMBL4515225,Cc1c(CCN2CCOCC2)c2cc(F)ccc2n1CC(=O)NC1CCCC1,EC50,,,,0
CHEMBL514406,O=C(N/N=C1\C(=O)N(CCC2CCCCC2)c2ccccc21)c1ccccc1,EC50,,,,1
CHEMBL4532188,O=C(NC12CC3CC(CC(C3)C1)C2)c1cc2ncccc2[nH]1,EC50,,,,0
CHEMBL4574124,COc1ccc2c(c1)c(CCN1CCOCC1)c(C)n2CC(=O)N1CCCCC1,EC50,,,,0
CHEMBL456362,CCCCCCN1C(=O)/C(=N\NC(=O)c2cccc3ccccc23)c2ccccc21,EC50,,,,1
CHEMBL456803,CCCCN1C(=O)/C(=N\NC(=O)c2ccccc2)c2ccccc21,EC50,,,,1
CHEMBL4575560,Cc1c(CCN2CCOCC2)c2cc(Cl)ccc2n1CC(=O)N1CCCC1,EC50,,,,0
CHEMBL244189,O=C(c1cccc2ccccc12)c1ccc(OCCN2CCOCC2)c2ccccc12,EC50,,,,1
CHEMBL4450079,COc1ccc2c(c1)c(CCN1CCOCC1)c(C)n2C(=O)N1CCCC1,EC50,,,,0
CHEMBL4526016,Cc1c(CC(=O)N2CCCC2)c2cc(F)ccc2n1CCN1CCOCC1,EC50,,,,0
CHEMBL1644678,C[C@H]1COCCN1Cc1cccc(-c2nc(-c3cccc(C(F)(F)F)c3)c[nH]2)c1,EC50,,,,1
CHEMBL4440448,O=C(NC12CC3CC(CC(C3)C1)C2)c1c[nH]c2ncccc12,EC50,,,,0
CHEMBL4553081,Cc1c(CCN2CCOCC2)c2cc(Cl)ccc2n1CC(=O)NCC1CC1,EC50,,,,0
CHEMBL4565207,O=C(NC12CC3CC(CC(C3)C1)C2)c1c[nH]c2ccncc12,EC50,,,,0
CHEMBL4571258,COc1ccc2c(c1)c(CCN1CCOCC1)c(C)n2CC(=O)NC1CCCCC1,EC50,,,,0
CHEMBL4531730,Cc1c(CC(=O)NCc2ccc3c(c2)OCO3)c2cc(F)ccc2n1CCN1CCOCC1,EC50,,,,0
CHEMBL4466185,Cc1c(CCN2CCOCC2)c2cc(Br)ccc2n1CC(=O)NC1CC1,EC50,,,,0
CHEMBL243334,CCCOc1ccc(C(=O)c2cccc3ccccc23)c2ccccc12,EC50,,,,1
CHEMBL244607,O=C(c1cccc2ccccc12)c1ccc(OCCc2ccccc2)c2ccccc12,EC50,,,,1
CHEMBL244606,CCCCCCOc1ccc(C(=O)c2cccc3ccccc23)c2ccccc12,EC50,,,,1
CHEMBL4436029,COc1ccc2c(c1)c(CCN1CCOCC1)c(C)n2CC(=O)NCC1CC1,EC50,,,,0
CHEMBL604904,NC(=O)Cc1c(C(=O)N2CCC(O)(c3ccc(F)cc3)CC2)nn(-c2ccccc2Cl)c1-c1ccc(Cl)cc1,IC50,'=',0.1,nM,1
CHEMBL594526,N#CC1(c2ccccc2)CCN(C(=O)c2nn(-c3ccccc3Cl)c(-c3ccc(Cl)cc3)c2CC(N)=O)CC1,IC50,'=',0.11,nM,1
CHEMBL605109,NC(=O)Cc1c(C(=O)N2CCC(O)(c3ccccc3)CC2)nn(-c2ccccc2Cl)c1-c1ccc(Cl)cc1,IC50,'=',0.11,nM,1
CHEMBL1083619,C[C@@H](O)C(=O)NC1CC2(CCCCC2)Oc2nc(-c3ccccc3Cl)c(-c3ccc(Cl)cc3)cc21,IC50,'=',0.2,nM,1
CHEMBL1095158,Cc1c[nH]nc1C(=O)N[C@@H]1CC(C)(C)Oc2nc(-c3ccc(Cl)cc3Cl)c(-c3ccc(Cl)cc3)cc21,IC50,'=',0.2,nM,1
CHEMBL529213,O=C([C@@H]1C[C@H]1c1ccc(C(F)(F)F)cc1)N1CCN(S(=O)(=O)c2cc(-c3nnc[nH]3)cc(C(F)(F)F)c2)CC1,IC50,'=',0.2,nM,1
CHEMBL1095151,Cc1n[nH]c(C)c1C(=O)N[C@@H]1CC(C)(C)Oc2nc(-c3ccc(Cl)cc3Cl)c(-c3ccc(Cl)cc3)cc21,IC50,'=',0.2,nM,1
CHEMBL1097841,CC1(C)C[C@@H](NC(=O)c2cn[nH]c2)c2cc(-c3ccc(Cl)cc3)c(-c3ccc(Cl)cc3Cl)nc2O1,IC50,'=',0.2,nM,1
CHEMBL589162,N#CCc1c(C(=O)N2Cc3ccc(Br)cc3C2)nn(-c2ccccc2Cl)c1-c1ccc(Cl)cc1,IC50,'=',0.22,nM,1
CHEMBL523300,CC(C)Oc1cc(C(F)(F)F)cc(S(=O)(=O)N2CCN(C(=O)[C@@H]3C[C@H]3c3ccc(C(F)(F)F)cc3)CC2)c1,IC50,'=',0.3,nM,1
CHEMBL487500,O=C([C@@H]1C[C@H]1c1ccc(C(F)(F)F)cc1)N1CCN(S(=O)(=O)c2cc(-c3ncon3)cc(C(F)(F)F)c2)CC1,IC50,'=',0.3,nM,1
CHEMBL1169572,Cc1cc(Cl)ccc1-c1nc2c(cc1-c1ccc(Cl)cc1)C(NC(=O)C(O)C(F)(F)F)CC(C)(C)O2,IC50,'=',0.3,nM,1
CHEMBL593849,NC(=O)Cc1c(C(=O)N2CCC(c3ncccn3)CC2)nn(-c2ccccc2Cl)c1-c1ccc(Cl)cc1,IC50,'=',0.3,nM,1
CHEMBL231636,C[C@H](NC(=O)C(C)(C)Oc1cncc(C(F)(F)F)c1)[C@@H](Cc1ccc(Cl)cc1)c1cccc(C#N)c1,IC50,'=',0.3,nM,1
CHEMBL1086494,O=C(CO)NC1CC2(CCCCC2)Oc2nc(-c3ccccc3Cl)c(-c3ccc(Cl)cc3)cc21,IC50,'=',0.3,nM,1
CHEMBL487708,O=C([C@@H]1C[C@H]1c1ccc(C(F)(F)F)cc1)N1CCN(S(=O)(=O)c2cc(-c3ccn[nH]3)cc(C(F)(F)F)c2)CC1,IC50,'=',0.3,nM,1
CHEMBL1095150,Cc1n[nH]cc1C(=O)N[C@@H]1CC(C)(C)Oc2nc(-c3ccc(Cl)cc3Cl)c(-c3ccc(Cl)cc3)cc21,IC50,'=',0.3,nM,1
CHEMBL468313,CC(NC(=O)C(C)(C)Oc1ccc(C(F)(F)F)cn1)C(Cc1ccc(Cl)cc1)c1cccc(C#N)c1,IC50,'=',0.302,nM,1
CHEMBL28045,COc1ccc(C(=O)c2c3n(c4ccccc24)C(CN2CCOCC2)CC3)cc1,IC50,'=',0.32,nM,1
CHEMBL595462,N#CN1CCC(CNC(=O)c2nn(-c3ccccc3Cl)c(-c3ccc(Cl)cc3)c2CC(N)=O)CC1,IC50,'=',0.34,nM,1
CHEMBL1090403,CN(C)C(=O)Nc1c(C(=O)C(C)(C)C)oc2nc(-c3ccccc3Cl)c(-c3ccc(Cl)cc3)cc12,IC50,'=',0.39,nM,1
CHEMBL596164,N=C(N)Cc1c(C(=O)NN2CCCCC2)nn(-c2ccccc2Cl)c1-c1ccc(Cl)cc1,IC50,'=',0.4,nM,1
CHEMBL1084820,C[C@H](O)C(=O)NC1CC2(CCCCC2)Oc2nc(-c3ccccc3Cl)c(-c3ccc(Cl)cc3)cc21,IC50,'=',0.4,nM,1
CHEMBL1091832,CC(C)C(=O)c1oc2nc(-c3ccccc3Cl)c(-c3ccc(Cl)cc3)cc2c1NC(=O)CO,IC50,'=',0.4,nM,1
CHEMBL589398,N#CCc1c(C(=O)NC2CCc3ccccc32)nn(-c2ccccc2Cl)c1-c1ccc(Cl)cc1,IC50,'=',0.41,nM,1
CHEMBL226590,Cc1ccnc(OC(C)(C)C(=O)N[C@@H](C)[C@@H](Cc2ccc(OCCF)cc2)c2cccc(C#N)c2)c1,IC50,'=',0.47,nM,1
CHEMBL589884,N#CCc1c(C(=O)NC2CCCCCC2)nn(-c2ccccc2Cl)c1-c1ccc(Cl)cc1,IC50,'=',0.49,nM,1
CHEMBL490859,COc1cc(C(F)(F)F)cc(S(=O)(=O)N2CCN(C(=O)[C@@H]3C[C@H]3c3ccc(C(F)(F)F)cc3)CC2)c1,IC50,'=',0.5,nM,1
CHEMBL373626,C[C@H](NC(=O)C(C)(C)Oc1ccc(C(F)(F)F)cn1)[C@@H](Cc1ccc(Cl)cc1)c1ccccc1,IC50,'=',0.5,nM,1
CHEMBL2153670,CC(C)[C@H](N/C(=N\S(=O)(=O)c1ccc(Cl)cc1)N1C[C@H](c2ccccc2)C(c2ccc(Cl)cc2)=N1)C(N)=O,IC50,'=',0.5,nM,1
CHEMBL1095476,Cc1[nH]nc(C(=O)N[C@@H]2CC(C)(C)Oc3nc(-c4ccc(Cl)cc4Cl)c(-c4ccc(Cl)cc4)cc32)c1C,IC50,'=',0.5,nM,1
CHEMBL607031,N#CCc1c(C(=O)NCc2ccc(Br)cc2F)nn(-c2ccccc2Cl)c1-c1ccc(Cl)cc1,IC50,'=',0.51,nM,1
CHEMBL596570,NC(=O)Cc1c(C(=O)N2CCC(c3ccccc3F)CC2)nn(-c2ccccc2Cl)c1-c1ccc(Cl)cc1,IC50,'=',0.51,nM,1
CHEMBL1760652,Cc1ccc(C(F)(F)F)cc1Cn1c(C(=O)NCC(C)(C)CO)cc2cc(C#N)ccc21,IC50,'=',0.5129,nM,1
CHEMBL606242,N#CCc1c(C(=O)NN2CCCCCC2)nn(-c2ccccc2Cl)c1-c1ccc(Cl)cc1,IC50,'=',0.52,nM,1
CHEMBL596376,N=C(Cc1c(C(=O)N2CCC(c3ccccc3F)CC2)nn(-c2ccccc2Cl)c1-c1ccc(Cl)cc1)NO,IC50,'=',0.54,nM,1
CHEMBL595234,Cc1ccncc1NC(=O)c1nn(-c2ccccc2Cl)c(-c2ccc(Cl)cc2)c1CC(N)=O,IC50,'=',0.55,nM,1
CHEMBL1760653,Cc1ccc(Cl)cc1Cn1c(C(=O)NCC(C)(C)CO)cc2cc(C#N)ccc21,IC50,'=',0.5754,nM,1
CHEMBL4476621,O=C(NNC(=S)Nc1ccc(Cl)c(Cl)c1)c1ccccc1O,IC50,'=',0.58,nM,1
CHEMBL1090402,CC(=O)Nc1c(C(=O)C(C)(C)C)oc2nc(-c3ccccc3Cl)c(-c3ccc(Cl)cc3)cc12,IC50,'=',0.58,nM,1
CHEMBL1209596,C[C@H](NC(=O)C(C)(C)Oc1ccc(C(F)(F)F)cn1)[C@@H](Cc1ccc(Cl)cc1)c1cccc(Br)c1,IC50,'=',0.59,nM,1
CHEMBL605721,N=C(N)Cc1c(C(=O)N2CCC(c3ncccn3)CC2)nn(-c2ccccc2Cl)c1-c1ccc(Cl)cc1,IC50,'=',0.59,nM,1
CHEMBL487091,O=C([C@@H]1C[C@H]1c1ccc(C(F)(F)F)cc1)N1CCN(S(=O)(=O)c2cc(-n3nccn3)cc(C(F)(F)F)c2)CC1,IC50,'=',0.6,nM,1
CHEMBL1095554,CC1(C)C[C@@H](NC(=O)c2ccc3[nH]ncc3c2)c2cc(-c3ccc(Cl)cc3)c(-c3ccc(Cl)cc3Cl)nc2O1,IC50,'=',0.6,nM,1
CHEMBL1095553,CC1(C)C[C@@H](NC(=O)c2n[nH]c3ccccc23)c2cc(-c3ccc(Cl)cc3)c(-c3ccc(Cl)cc3Cl)nc2O1,IC50,'=',0.6,nM,1
CHEMBL1095159,CC1(C)CC(NC(=O)C(F)(F)CO)c2cc(-c3ccc(Cl)cc3)c(-c3ccc(Cl)cc3Cl)nc2O1,IC50,'=',0.6,nM,1
CHEMBL512422,CC(C)(C)c1nc(-c2ccc(F)cc2)c2cc(-c3ccc(Cl)cc3)c(-c3ccccc3Cl)nc2n1,IC50,'=',0.63,nM,1
CHEMBL1760654,Cc1ccc(C)c(Cn2c(C(=O)NCC(C)(C)CO)cc3cc(C#N)ccc32)c1,IC50,'=',0.631,nM,1
CHEMBL1085566,CC(C)(O)C(=O)NC1CC2(CCCCC2)Oc2nc(-c3ccccc3Cl)c(-c3ccc(Cl)cc3)cc21,IC50,'=',0.7,nM,1
CHEMBL1097456,CC1(C)CC(NC(=O)CC(O)C(F)(F)F)c2cc(-c3ccc(Cl)cc3)c(-c3ccc(Cl)cc3Cl)nc2O1,IC50,'=',0.7,nM,1
CHEMBL487090,O=C([C@@H]1C[C@H]1c1ccc(C(F)(F)F)cc1)N1CCN(S(=O)(=O)c2cc(-n3cccn3)cc(C(F)(F)F)c2)CC1,IC50,'=',0.7,nM,1
CHEMBL590387,N#CCc1c(C(=O)NCc2ccc(F)c(Br)c2)nn(-c2ccccc2Cl)c1-c1ccc(Cl)cc1,IC50,'=',0.7,nM,1
CHEMBL226591,Cc1ccc(OC(C)(C)C(=O)N[C@@H](C)[C@@H](Cc2ccc(OCCF)cc2)c2cccc(C#N)c2)nc1,IC50,'=',0.7,nM,1
CHEMBL1097455,CC1(C)CC(NC(=O)C(C)(O)C(F)(F)F)c2cc(-c3ccc(Cl)cc3)c(-c3ccc(Cl)cc3Cl)nc2O1,IC50,'=',0.7,nM,1
CHEMBL226642,Cc1ccc(OC(C)(C)C(=O)N[C@@H](C)[C@@H](Cc2ccc(OCC[18F])cc2)c2cccc(C#N)c2)nc1,IC50,'=',0.73,nM,1
CHEMBL1760651,COc1ccc(C)cc1Cn1c(C(=O)NCC(C)(C)CO)cc2cc(C#N)ccc21,IC50,'=',0.7586,nM,1
CHEMBL376794,C[C@H](NC(=O)C(C)(C)Oc1cc(C(F)(F)F)ccn1)[C@@H](Cc1ccc(OCCF)cc1)c1cccc(C#N)c1,IC50,'=',0.77,nM,1
CHEMBL1760650,COc1ccc(Br)cc1Cn1c(C(=O)NCC(C)(C)CO)cc2cc(C#N)ccc21,IC50,'=',0.7762,nM,1
CHEMBL595946,N=C(N)Cc1c(C(=O)NCc2ccc(F)cc2)nn(-c2ccccc2Cl)c1-c1ccc(Cl)cc1,IC50,'=',0.79,nM,1
CHEMBL226589,C[C@H](NC(=O)C(C)(C)Oc1ccc(Cl)cn1)[C@@H](Cc1ccc(OCCF)cc1)c1cccc(C#N)c1,IC50,'=',0.8,nM,1
CHEMBL605108,NC(=O)Cc1c(C(=O)NN2CCCCC2)nn(-c2ccccc2Cl)c1-c1ccc(Cl)cc1,IC50,'=',0.82,nM,1
CHEMBL226684,COc1ccc(C[C@@H](c2cc(F)cc(C#N)c2)[C@H](C)NC(=O)C(C)(C)Oc2ccc(C(F)(F)F)cn2)cc1,IC50,'=',0.9,nM,1
CHEMBL226534,C[C@H](NC(=O)C(C)(C)Oc1ccc(C(F)(F)F)cn1)[C@@H](Cc1ccc(OCCF)cc1)c1cccc(C#N)c1,IC50,'=',0.9,nM,1
CHEMBL376767,C[C@H](NC(=O)C(C)(C)Oc1ccc(C(F)(F)F)cn1)[C@@H](Cc1ccc(OCCF)cc1)c1cc(F)cc(C#N)c1,IC50,'=',0.9,nM,1
CHEMBL246930,N#Cc1cc(-c2ccc(Cl)cc2)c(-c2ccc(Cl)cc2Cl)nc1Oc1cc(F)cc(F)c1,IC50,'=',0.91,nM,1
CHEMBL590380,N#CCc1c(C(=O)N2CCC(c3ccc(F)cc3)CC2)nn(-c2ccccc2Cl)c1-c1ccc(Cl)cc1,IC50,'=',1.0,nM,1
CHEMBL4522563,O=S(=O)(NCc1ccc(-c2ccc(F)cc2)cc1)c1cc2ccccc2[nH]1,IC50,'=',1.0,nM,1
CHEMBL226222,O=C(NN1CCCCC1)c1cnc(-c2ccc(Br)cc2)c(-c2ccc(Br)cc2)n1,IC50,'=',1.0,nM,1
CHEMBL467329,CC(C)(C)c1nc2nc(-c3ccc(C#N)cc3Cl)c(-c3ccc(Cl)cc3)cc2c2n[nH]c(=O)n12,IC50,'=',1.0,nM,1
CHEMBL1095211,CC1(C)C[C@@H](NC(=O)CC(O)(C(F)(F)F)C(F)(F)F)c2cc(-c3ccc(Cl)cc3)c(-c3ccc(Cl)cc3Cl)nc2O1,IC50,'=',1.1,nM,1
CHEMBL219480,C[C@H](NC(=O)C(C)(C)Oc1cc(F)cc(F)c1)[C@@H](Cc1ccc(Cl)cc1)c1ccccc1,IC50,'=',1.1,nM,1
CHEMBL466110,CC(C)c1nc(OCc2ncon2)c2cc(-c3ccc(Cl)cc3)c(-c3ccccc3Cl)nc2n1,IC50,'=',1.1,nM,1
CHEMBL467914,CC(C)(C)c1nc2nc(-c3ccccc3Cl)c(-c3ccc(C(F)(F)F)cc3)cc2c2n[nH]c(=O)n12,IC50,'=',1.1,nM,1
CHEMBL595232,N=C(Cc1c(C(=O)Nc2ccc(F)cc2)nn(-c2ccccc2Cl)c1-c1ccc(Cl)cc1)NO,IC50,'=',1.1,nM,1
CHEMBL511245,CC(NC(=O)C(C)(C)Oc1cc(F)cc(F)c1)C(Cc1ccc(Cl)cc1)c1ccccc1,IC50,'=',1.122,nM,1
CHEMBL1095990,CC(=O)N[C@@H]1CC(C)(C)Oc2nc(-c3ccc(Cl)cc3Cl)c(-c3ccc(Cl)cc3)cc21,IC50,'=',1.2,nM,1
CHEMBL590132,COC(=O)C(Cc1ccccc1)NC(=O)c1nn(-c2ccccc2Cl)c(-c2ccc(Cl)cc2)c1CC#N,IC50,'=',1.2,nM,1
CHEMBL590136,N#CCc1c(C(=O)NCc2ccc(Cl)cc2)nn(-c2ccccc2Cl)c1-c1ccc(Cl)cc1,IC50,'=',1.2,nM,1
CHEMBL1089032,CC(C)(C)C(=O)c1oc2nc(-c3ccccc3Cl)c(-c3ccc(Cl)cc3)cc2c1NC(=O)CO,IC50,'=',1.2,nM,1
CHEMBL594280,NC(=O)Cc1c(C(=O)NC2CCN(C(=O)C3CC3)CC2)nn(-c2ccccc2Cl)c1-c1ccc(Cl)cc1,IC50,'=',1.2,nM,1
CHEMBL589651,N#CCc1c(C(=O)NCc2ccc(Br)cc2)nn(-c2ccccc2Cl)c1-c1ccc(Cl)cc1,IC50,'=',1.2,nM,1
CHEMBL605522,N#Cc1ccc(N2CCN(C(=O)c3nn(-c4ccccc4Cl)c(-c4ccc(Cl)cc4)c3CC(N)=O)CC2)nc1,IC50,'=',1.2,nM,1
CHEMBL1090404,CNCC(=O)Nc1c(C(=O)C(C)(C)C)oc2nc(-c3ccccc3Cl)c(-c3ccc(Cl)cc3)cc12,IC50,'=',1.2,nM,1
CHEMBL1097795,CC1(C)C[C@@H](NC(=O)c2cccc3[nH]ncc23)c2cc(-c3ccc(Cl)cc3)c(-c3ccc(Cl)cc3Cl)nc2O1,IC50,'=',1.3,nM,1
CHEMBL1086493,CC(=O)NC1CC2(CCCCC2)Oc2nc(-c3ccccc3Cl)c(-c3ccc(Cl)cc3)cc21,IC50,'=',1.3,nM,1
CHEMBL1094840,CC1(C)C[C@@H](NC(=O)c2ccccc2N)c2cc(-c3ccc(Cl)cc3)c(-c3ccc(Cl)cc3Cl)nc2O1,IC50,'=',1.3,nM,1
CHEMBL387027,C[C@H](NC(=O)C(C)(C)Oc1ccc(Cl)cn1)[C@@H](Cc1ccc(Cl)cc1)c1ccccc1,IC50,'=',1.3,nM,1
CHEMBL595017,N=C(Cc1c(C(=O)NN2CCCCC2)nn(-c2ccccc2Cl)c1-c1ccc(Cl)cc1)NO,IC50,'=',1.3,nM,1
CHEMBL179901,COC(=O)c1cc(-c2ccc(Cl)cc2)c(-c2ccc(Cl)cc2Cl)nc1OCc1ccc(F)c(F)c1,IC50,'=',1.3,nM,1
CHEMBL227329,C[C@H](NC(=O)C(C)(C)Oc1ccccn1)[C@@H](Cc1ccc(OCCF)cc1)c1cccc(C#N)c1,IC50,'=',1.3,nM,1
CHEMBL1760657,COc1ccc(C(F)(F)F)cc1Cn1c(C(=O)NCC2(CO)CC2)cc2cc(C#N)ccc21,IC50,'=',1.318,nM,1
CHEMBL513814,CC(NC(=O)C(C)(C)Oc1ccc(Cl)cn1)C(Cc1ccc(Cl)cc1)c1ccccc1,IC50,'=',1.318,nM,1
CHEMBL1097840,CC1(C)C[C@@H](NC(=O)c2n[nH]c3c2CCC3)c2cc(-c3ccc(Cl)cc3)c(-c3ccc(Cl)cc3Cl)nc2O1,IC50,'=',1.4,nM,1
CHEMBL1760658,COc1ccc(C(C)(C)C)cc1Cn1c(C(=O)NCC2(CO)CC2)cc2cc(C#N)ccc21,IC50,'=',1.479,nM,1
CHEMBL1760668,COc1ccc(C(F)(F)F)cc1Cn1c(C(=O)NCCC2(O)CCC2)cc2cc(C#N)ccc21,IC50,'=',1.479,nM,1
CHEMBL362192,O=C(NCCF)c1cc(-c2ccc(Cl)cc2)c(-c2ccc(Cl)cc2Cl)nc1OCc1ccc(F)c(F)c1,IC50,'=',1.5,nM,1
CHEMBL385033,C[C@H](NC(=O)C(C)(C)Oc1cccc(Cl)c1)[C@@H](Cc1ccc(Cl)cc1)c1ccccc1,IC50,'=',1.5,nM,1
CHEMBL520543,O=C([C@@H]1C[C@H]1c1ccc(C(F)(F)F)cc1)N1CCN(S(=O)(=O)c2cc(C(O)C(F)(F)F)cc(C(F)(F)F)c2)CC1,IC50,'=',1.5,nM,1
CHEMBL605313,N=C(N)Cc1c(C(=O)Nc2ccc(F)cc2)nn(-c2ccccc2Cl)c1-c1ccc(Cl)cc1,IC50,'=',1.5,nM,1
CHEMBL466244,CC(NC(=O)C(C)(C)Oc1cccc(Cl)c1)C(Cc1ccc(Cl)cc1)c1ccccc1,IC50,'=',1.514,nM,1
CHEMBL1760655,CCCOc1cccc(Cn2c(C(=O)NCC(C)(C)CO)cc3cc(C#N)ccc32)c1,IC50,'=',1.549,nM,1
CHEMBL385767,C[C@H](NC(=O)C(C)(C)Oc1cccc(F)c1)[C@@H](Cc1ccc(Cl)cc1)c1ccccc1,IC50,'=',1.6,nM,1
CHEMBL589893,N#CCc1c(C(=O)NCc2ccc(Cl)cc2Cl)nn(-c2ccccc2Cl)c1-c1ccc(Cl)cc1,IC50,'=',1.6,nM,1
CHEMBL599964,C[C@H]1CC[C@H](NC(=O)c2nn(-c3ccccc3Cl)c(-c3ccc(Cl)cc3)c2CC#N)CC1,IC50,'=',1.6,nM,1
CHEMBL1083025,CC1(C)CC(NC(=O)CCO)c2cc(-c3ccc(Cl)cc3)c(-c3ccc(Cl)cc3Cl)nc2O1,IC50,'=',1.7,nM,1
CHEMBL1094847,CC1(C)CC(NC(=O)C(C)(C)O)c2cc(-c3ccc(Cl)cc3)c(-c3ccc(Cl)cc3Cl)nc2O1,IC50,'=',1.7,nM,1
CHEMBL1083014,CC1(C)CC(NC(=O)CO)c2cc(-c3ccc(Cl)cc3)c(-c3ccc(Cl)cc3Cl)nc2O1,IC50,'=',1.7,nM,1
CHEMBL594756,NC(=O)Cc1c(C(=O)NN2CCOCC2)nn(-c2ccccc2Cl)c1-c1ccc(Cl)cc1,IC50,'=',1.7,nM,1
CHEMBL592526,N#CCc1c(C(=O)N[C@H]2c3ccccc3C[C@H]2O)nn(-c2ccccc2Cl)c1-c1ccc(Cl)cc1,IC50,'=',1.7,nM,1
CHEMBL1084555,O=C1CC(c2cccc(F)c2)Oc2nc(-c3ccccc3Cl)c(-c3ccc(Cl)cc3)cc21,IC50,'=',1.7,nM,1
CHEMBL1091692,CC(C)C(=O)c1oc2nc(-c3ccccc3Cl)c(-c3ccc(Cl)cc3)cc2c1N,IC50,'=',1.7,nM,1
CHEMBL387526,C[C@H](NC(=O)C(C)(C)Oc1ccc(C#N)cn1)[C@@H](Cc1ccc(OCCF)cc1)c1cccc(C#N)c1,IC50,'=',1.8,nM,1
CHEMBL361020,CC(C)NC(=O)c1cc(-c2ccc(Cl)cc2)c(-c2ccc(Cl)cc2Cl)nc1OCc1ccc(F)c(F)c1,IC50,'=',1.8,nM,1
CHEMBL596163,N#CCc1c(C(=O)NN2CCCCC2)nn(-c2ccccc2Cl)c1-c1ccc(Cl)cc1,IC50,'=',1.8,nM,1
CHEMBL374791,C[C@H](NC(=O)C(C)(C)Oc1ccccn1)[C@@H](Cc1ccc(Cl)cc1)c1ccccc1,IC50,'=',1.8,nM,1
CHEMBL226640,C[C@H](NC(=O)C(C)(C)Oc1cc(C(F)(F)F)ncn1)[C@@H](Cc1ccc(OCCF)cc1)c1cccc(C#N)c1,IC50,'=',1.8,nM,1
CHEMBL180360,N#Cc1cc(-c2ccc(Cl)cc2)c(-c2ccc(Cl)cc2Cl)nc1OCc1cc(F)cc(F)c1,IC50,'=',1.8,nM,1
CHEMBL1082650,C[C@@H](O)NC(=O)C1CC(C)(C)N(C)c2nc(-c3ccc(Cl)cc3Cl)c(-c3ccc(Cl)cc3)cc21,IC50,'=',1.8,nM,1
CHEMBL466685,CC(C)(C)c1nc(N2CCNCC2)c2cc(-c3ccc(Cl)cc3)c(-c3ccccc3Cl)nc2n1,IC50,'=',1.9,nM,1
CHEMBL425870,CCCCOc1nc(-c2ccc(Cl)cc2Cl)c(-c2ccc(Cl)cc2)cc1C(=O)OC,IC50,'=',1.9,nM,1
CHEMBL1089338,CC(C)C(=O)c1oc2nc(-c3ccc(Cl)cc3Cl)c(-c3ccc(Cl)cc3)cc2c1N,IC50,'=',1.9,nM,1
CHEMBL466711,CC(C)(C)c1nc2nc(-c3ccccc3Cl)c(-c3ccc(Cl)cc3)cc2c2n[nH]c(=O)n12,IC50,'=',1.9,nM,1
CHEMBL596166,NC(=O)Cc1c(C(=O)N2CCC(O)(c3ccccn3)CC2)nn(-c2ccccc2Cl)c1-c1ccc(Cl)cc1,IC50,'=',1.9,nM,1
CHEMBL605106,N=C(N)Cc1c(C(=O)N2CCC(O)(c3ccc(F)cc3)CC2)nn(-c2ccccc2Cl)c1-c1ccc(Cl)cc1,IC50,'=',1.9,nM,1
CHEMBL1086013,CC(C)(C)C1CC(=O)c2cc(-c3ccc(Cl)cc3)c(-c3ccccc3Cl)nc2O1,IC50,'=',1.9,nM,1
CHEMBL602506,N#CCc1c(C(=O)NC2CCCCC2)nn(-c2ccccc2Cl)c1-c1ccc(Cl)cc1,IC50,'=',1.9,nM,1
CHEMBL1760649,COc1ccc(Cl)cc1Cn1c(C(=O)NCC(C)(C)CO)cc2cc(C#N)ccc21,IC50,'=',1.995,nM,1
CHEMBL217862,C[C@H](NC(=O)C(C)(C)Oc1ccccc1)[C@@H](Cc1ccc(Cl)cc1)c1ccccc1,IC50,'=',2.0,nM,1
CHEMBL4580709,COc1ccc(-c2ccc(CNS(=O)(=O)c3cc4ccccc4[nH]3)cc2)cc1,IC50,'=',2.0,nM,1
CHEMBL4474264,O=S(=O)(NCc1ccc(-c2ccccc2)cc1)c1cc2ccccc2[nH]1,IC50,'=',2.0,nM,1
CHEMBL1098876,Cc1nc(C(=O)N[C@@H]2CC(C)(C)Oc3nc(-c4ccc(Cl)cc4Cl)c(-c4ccc(Cl)cc4)cc32)n[nH]1,IC50,'=',2.0,nM,1
CHEMBL2153672,CC(C)(C)[C@H](N/C(=N\S(=O)(=O)c1ccc(Cl)cc1)N1CC(c2ccccc2)C(c2ccc(Cl)cc2)=N1)C(N)=O,IC50,'=',2.0,nM,1
CHEMBL2153669,CC(C)[C@H](N/C(=N\S(=O)(=O)c1ccc(Cl)cc1)N1CC(c2ccccc2)C(c2ccc(Cl)cc2)=N1)C(N)=O,IC50,'=',2.0,nM,1
CHEMBL485860,CN(C)C(=O)Oc1cc(C(F)(F)F)cc(S(=O)(=O)N2CCN(C(=O)[C@@H]3C[C@H]3c3ccc(C(F)(F)F)cc3)CC2)c1,IC50,'=',2.0,nM,1
CHEMBL226685,C[C@H](NC(=O)C(C)(C)Oc1ccc(C(F)(F)F)cn1)[C@@H](Cc1ccc(OCF)cc1)c1cc(F)cc(C#N)c1,IC50,'=',2.0,nM,1
CHEMBL1083016,CC1(C)CC(NC(=O)C(C)(C)CO)c2cc(-c3ccc(Cl)cc3)c(-c3ccc(Cl)cc3Cl)nc2O1,IC50,'=',2.1,nM,1
CHEMBL596167,NC(=O)Cc1c(C(=O)N2CCC(O)(c3ccc(F)cn3)CC2)nn(-c2ccccc2Cl)c1-c1ccc(Cl)cc1,IC50,'=',2.1,nM,1
CHEMBL589649,N#CCc1c(C(=O)N2CCc3ccc(C(F)(F)F)cc3C2)nn(-c2ccccc2Cl)c1-c1ccc(Cl)cc1,IC50,'=',2.1,nM,1
CHEMBL1095789,CCc1cc(C(=O)N[C@@H]2CC(C)(C)Oc3nc(-c4ccc(Cl)cc4Cl)c(-c4ccc(Cl)cc4)cc32)n[nH]1,IC50,'=',2.1,nM,1
CHEMBL594655,N#CCc1c(C(=O)NCc2ccc(F)cc2)nn(-c2ccccc2Cl)c1-c1ccc(Cl)cc1,IC50,'=',2.1,nM,1
CHEMBL589885,N#CCc1c(C(=O)N[C@@H]2C[C@H]3CC[C@@H]2C3)nn(-c2ccccc2Cl)c1-c1ccc(Cl)cc1,IC50,'=',2.2,nM,1
CHEMBL466686,CCN(CC)c1nc(C(C)(C)C)nc2nc(-c3ccccc3Cl)c(-c3ccc(Cl)cc3)cc12,IC50,'=',2.2,nM,1
CHEMBL606249,COC(=O)c1ccccc1C1CCN(C(=O)c2nn(-c3ccccc3Cl)c(-c3ccc(Cl)cc3)c2CC#N)CC1,IC50,'=',2.2,nM,1
CHEMBL202169,CC(=O)Nc1c(C(C)=O)c(=O)n(Cc2ccccc2)c2nc(-c3ccc(Cl)cc3Cl)c(-c3ccc(Cl)cc3)cc12,IC50,'=',2.3,nM,1
CHEMBL201388,CC(=O)Nc1c(C(C)=O)c(=O)n(CC(C)C)c2nc(-c3ccc(Cl)cc3Cl)c(-c3ccc(Cl)cc3)cc12,IC50,'=',2.3,nM,1
CHEMBL605526,COCc1nc(-c2ccc(Cl)cc2)c(-c2ccc(Cl)cc2)nc1C(=S)NC1CCC(F)(F)CC1,IC50,'=',2.4,nM,1
CHEMBL219188,CC(NC(=O)C(C)(C)Oc1ccc(Cl)cc1)C(Cc1ccc(Cl)cc1)c1ccccc1,IC50,'=',2.5,nM,1
CHEMBL598769,Cc1cc(Br)ccc1CNC(=O)c1nn(-c2ccccc2Cl)c(-c2ccc(Br)cc2)c1Cn1cncn1,IC50,'=',2.51,nM,1
CHEMBL520455,CC(C)CNC(=O)c1ccc2c(c1)N=C(c1cccc(Cl)c1)c1ccccc1S2,IC50,'=',2.512,nM,1
CHEMBL1760659,COc1ccc(Cl)cc1Cn1c(C(=O)NCC2(CO)CCC2)cc2cc(C#N)ccc21,IC50,'=',2.57,nM,1
CHEMBL602705,N#CCc1c(C(=O)NCc2cccc(Cl)c2)nn(-c2ccccc2Cl)c1-c1ccc(Cl)cc1,IC50,'=',2.6,nM,1
CHEMBL1760669,N#Cc1ccc2c(c1)cc(C(=O)NCCC1(O)CCC1)n2Cc1cccc(OC(F)(F)F)c1,IC50,'=',2.63,nM,1
CHEMBL513648,CC(C)(C)Nc1nc(C(C)(C)C)nc2nc(-c3ccccc3Cl)c(-c3ccc(Cl)cc3)cc12,IC50,'=',2.7,nM,1
CHEMBL362219,N#Cc1cc(-c2ccc(Cl)cc2)c(-c2ccc(Cl)cc2Cl)nc1OCc1ccc(F)cc1F,IC50,'=',2.7,nM,1
CHEMBL230717,C[C@H](NS(=O)(=O)c1cccc(-c2ccccc2)c1)[C@@H](Cc1ccc(Cl)cc1)c1cccc(C#N)c1,IC50,'=',2.8,nM,1
CHEMBL2113250,C[C@H](NC(=O)C(C)(C)Oc1ccc(Cl)cc1)[C@@H](Cc1ccc(Cl)cc1)c1cccc(F)c1,IC50,'=',2.8,nM,1
CHEMBL595690,COCc1nc(-c2ccc(Cl)cc2)c(-c2ccc(Cl)cc2)nc1C(=O)NC1CCC(F)(F)CC1,IC50,'=',2.9,nM,1
CHEMBL360783,COC(=O)c1cc(-c2ccc(Cl)cc2)c(-c2ccc(Cl)cc2Cl)nc1OCC1CCCCC1,IC50,'=',2.9,nM,1
CHEMBL4554003,Cc1ccc(-c2ccc(CNS(=O)(=O)c3cc4ccccc4[nH]3)cc2)cc1,IC50,'=',3.0,nM,1
CHEMBL4457926,COc1ccc2[nH]c(S(=O)(=O)NCc3ccc(-c4ccc(F)nc4)cc3)cc2c1,IC50,'=',3.0,nM,1
CHEMBL4436256,CN(C)c1ccc(-c2ccc(CNS(=O)(=O)c3cc4ccccc4[nH]3)cc2)cc1,IC50,'=',3.0,nM,1
CHEMBL1083646,C[C@@H](O)C(=O)NC1CC(C)(C)Oc2nc(-c3ccc(Cl)cc3Cl)c(-c3ccc(Cl)cc3)cc21,IC50,'=',3.0,nM,1
CHEMBL596377,N#CCc1c(C(=O)N2CCC(O)(c3ccc(F)cc3)CC2)nn(-c2ccccc2Cl)c1-c1ccc(Cl)cc1,IC50,'=',3.0,nM,1
CHEMBL1224536,CC(C)(O)CC(=O)Nc1ccc2ccn(Cc3cccc(-c4cccc5c4OCO5)n3)c2c1,IC50,'=',3.0,nM,1
CHEMBL218649,C[C@H](NC(=O)C(C)(C)Oc1ccc(Cl)cc1)[C@@H](Cc1ccc(Cl)cc1)c1ccccc1,IC50,'=',3.0,nM,1
CHEMBL4438146,O=S(=O)(NCc1ccc(-c2ccc(F)cc2F)cn1)c1cc2cc(Cl)ccc2[nH]1,IC50,'=',3.0,nM,1
CHEMBL1094521,C[C@H](O)C(=O)NC1CC(C)(C)Oc2nc(-c3ccc(Cl)cc3Cl)c(-c3ccc(Cl)cc3)cc21,IC50,'=',3.0,nM,1
CHEMBL528997,O=C([C@@H]1C[C@H]1c1ccc(C(F)(F)F)cc1)N1CCN(S(=O)(=O)c2cc(-c3cn[nH]n3)cc(C(F)(F)F)c2)CC1,IC50,'=',3.0,nM,1
CHEMBL467701,COc1ccc(-c2cc3c(nc2-c2ccccc2Cl)nc(C(C)(C)C)n2c(=O)[nH]nc32)cc1,IC50,'=',3.0,nM,1
CHEMBL181875,CNC(=O)c1cc(-c2ccc(Cl)cc2)c(-c2ccc(Cl)cc2Cl)nc1OCc1ccc(F)c(F)c1,IC50,'=',3.1,nM,1
CHEMBL425527,N#Cc1cc(-c2ccc(Cl)cc2)c(-c2ccc(Cl)cc2Cl)nc1OCc1ccc(F)cc1,IC50,'=',3.1,nM,1
CHEMBL1086012,CC(C)C1CC(=O)c2cc(-c3ccc(Cl)cc3)c(-c3ccccc3Cl)nc2O1,IC50,'=',3.2,nM,1
CHEMBL467529,CC(C)(C)c1nc2nc(-c3ccccc3C#N)c(-c3ccc(Cl)cc3)cc2c2n[nH]c(=O)n12,IC50,'=',3.2,nM,1
CHEMBL230715,C[C@H](NS(=O)(=O)c1cc(C(F)(F)F)cc(C(F)(F)F)c1)[C@@H](Cc1ccc(Cl)cc1)c1cccc(C#N)c1,IC50,'=',3.2,nM,1
CHEMBL360723,CNC(=O)c1cc(-c2ccc(Cl)cc2)c(-c2ccc(Cl)cc2Cl)nc1OCC1CCCCC1,IC50,'=',3.4,nM,1
CHEMBL592051,N#CCc1c(C(=O)N2CCC(O)(Cc3ccccc3)CC2)nn(-c2ccccc2Cl)c1-c1ccc(Cl)cc1,IC50,'=',3.4,nM,1
CHEMBL2113253,C[C@H](NC(=O)C(C)(C)Oc1ccc(Cl)cc1)[C@@H](Cc1ccc(C(F)(F)F)cc1)c1ccccc1,IC50,'=',3.4,nM,1
CHEMBL361519,N#Cc1cc(-c2ccc(Cl)cc2)c(-c2ccc(Cl)cc2Cl)nc1OCc1ccc(C(F)(F)F)cc1,IC50,'=',3.4,nM,1
CHEMBL359865,COC(=O)c1cc(-c2ccc(Cl)cc2)c(-c2ccc(Cl)cc2Cl)nc1OCc1ccccc1,IC50,'=',3.5,nM,1
CHEMBL247307,CC(C)NC(=O)c1cc(-c2ccc(Cl)cc2)c(-c2ccc(Cl)cc2Cl)nc1Oc1ccc(F)c(F)c1,IC50,'=',3.5,nM,1
CHEMBL1089018,Nc1c(C(=O)c2ccccc2)oc2nc(-c3ccc(Cl)cc3Cl)c(-c3ccc(Cl)cc3)cc12,IC50,'=',3.5,nM,1
CHEMBL1082330,CN1c2nc(-c3ccc(Cl)cc3Cl)c(-c3ccc(Cl)cc3)cc2C(C(=O)NCO)CC1(C)C,IC50,'=',3.7,nM,1
CHEMBL246723,N#Cc1cc(-c2ccc(Cl)cc2)c(-c2ccc(Cl)cc2Cl)nc1Oc1ccc(F)c(F)c1,IC50,'=',3.7,nM,1
CHEMBL371252,COCCn1c(=O)c(C(C)=O)c(NC(C)=O)c2cc(-c3ccc(Cl)cc3)c(-c3ccc(Cl)cc3Cl)nc21,IC50,'=',3.7,nM,1
CHEMBL394055,N#Cc1cc(-c2ccc(Cl)cc2)c(-c2ccccc2Cl)nc1N1CCN(S(=O)(=O)c2cc(F)cc(F)c2)CC1,IC50,'=',3.8,nM,1
CHEMBL594982,N#CCc1c(C(=O)N2CCC(c3ncccn3)CC2)nn(-c2ccccc2Cl)c1-c1ccc(Cl)cc1,IC50,'=',3.8,nM,1
CHEMBL590382,N#CCc1c(C(=O)N2CCN(c3ncccn3)CC2)nn(-c2ccccc2Cl)c1-c1ccc(Cl)cc1,IC50,'=',3.8,nM,1
CHEMBL392626,N#Cc1cc(-c2ccc(Cl)cc2)c(-c2ccc(Cl)cc2Cl)nc1Oc1cc(Cl)cc(Cl)c1,IC50,'=',3.9,nM,1
CHEMBL4449492,O=S(=O)(NCc1ccc(-c2ccc(F)nc2F)cc1)c1cc2cc(Cl)ccc2[nH]1,IC50,'=',4.0,nM,1
CHEMBL4462538,O=S(=O)(NCc1ccc(-c2ccc(F)cc2F)cc1)c1cc2cc(Cl)ccc2[nH]1,IC50,'=',4.0,nM,1
CHEMBL2153763,COc1cccc(S(=O)(=O)/N=C(\N[C@H](C(N)=O)C(C)C)N2CC(c3ccccc3)C(c3ccc(Cl)cc3)=N2)c1,IC50,'=',4.0,nM,1
CHEMBL490026,O=C([C@@H]1C[C@H]1c1ccc(C(F)(F)F)cc1)N1CCN(S(=O)(=O)c2cc(CCO)cc(C(F)(F)F)c2)CC1,IC50,'=',4.0,nM,1
CHEMBL4550424,O=S(=O)(NCc1ccc(-c2ccc(F)cc2F)cn1)c1cc2cc(Br)ccc2[nH]1,IC50,'=',4.0,nM,1
CHEMBL390146,O=C(NN1CCCCC1)c1cnc(-c2ccc(Cl)cc2)c(-c2ccc(Cl)cc2)n1,IC50,'=',4.0,nM,1
CHEMBL246721,N#Cc1cc(-c2ccc(Cl)cc2)c(-c2ccc(Cl)cc2Cl)nc1Oc1cccc(Cl)c1,IC50,'=',4.0,nM,1
CHEMBL1094839,CC1(C)C[C@@H](NC(=O)c2ccccc2O)c2cc(-c3ccc(Cl)cc3)c(-c3ccc(Cl)cc3Cl)nc2O1,IC50,'=',4.0,nM,1
CHEMBL4571226,O=S(=O)(NCc1ccc(-c2ccccc2)cc1)c1cc2ccc(Cl)cc2[nH]1,IC50,'=',4.0,nM,1
CHEMBL511774,CC(C)Nc1nc(C(C)(C)C)nc2nc(-c3ccccc3Cl)c(-c3ccc(Cl)cc3)cc12,IC50,'=',4.1,nM,1
CHEMBL179507,CCn1c(C(=O)NC2CCCCC2)nc(-c2ccc(Cl)cc2Cl)c1-c1ccc(Cl)cc1,IC50,'=',4.1,nM,1
CHEMBL589652,N#CCc1c(C(=O)NCc2ccccc2F)nn(-c2ccccc2Cl)c1-c1ccc(Cl)cc1,IC50,'=',4.1,nM,1
CHEMBL602106,N#CCc1c(C(=O)NCc2ccc(C#N)cc2)nn(-c2ccccc2Cl)c1-c1ccc(Cl)cc1,IC50,'=',4.2,nM,1
CHEMBL1092169,CC(C)(O)C(=O)c1oc2nc(-c3ccccc3Cl)c(-c3ccc(Cl)cc3)cc2c1NC(=O)CO,IC50,'=',4.3,nM,1
CHEMBL1089352,CC(C)(C)C(=O)c1oc2nc(-c3ccccc3Cl)c(-c3ccc(Cl)cc3)cc2c1N,IC50,'=',4.3,nM,1
CHEMBL1084038,CC(C)(O)C(=O)c1oc2nc(-c3ccc(Cl)cc3Cl)c(-c3ccc(Cl)cc3)cc2c1NC(=O)CO,IC50,'=',4.3,nM,1
CHEMBL593606,FC1(F)CCC(NC(=S)c2cnc(-c3ccc(Cl)cc3)c(-c3ccc(Cl)cc3)n2)CC1,IC50,'=',4.5,nM,1
CHEMBL1760660,Cc1ccc(F)cc1Cn1c(C(=O)NCC2(CO)CCC2)cc2cc(C#N)ccc21,IC50,'=',4.898,nM,1
CHEMBL1084558,O=C1CC2(CCSCC2)Oc2nc(-c3ccccc3Cl)c(-c3ccc(Cl)cc3)cc21,IC50,'=',4.9,nM,1
CHEMBL4447746,O=S(=O)(NCc1ccc(-c2ccccc2)cc1)c1cc2ccc(F)cc2[nH]1,IC50,'=',5.0,nM,1
CHEMBL4569725,O=S(=O)(NCc1ccc(-c2ccc(F)nc2)cc1)c1cc2ccc(Cl)cc2[nH]1,IC50,'=',5.0,nM,1
CHEMBL1224615,Cn1cc(Cc2cccc(-c3cccc4c3OCO4)n2)c2cc(NC(=O)CC(C)(C)O)ccc21,IC50,'=',5.0,nM,1
CHEMBL519389,O=C([C@@H]1C[C@H]1c1ccc(C(F)(F)F)cc1)N1CCN(S(=O)(=O)c2cc(C(F)(F)F)cc(C(F)(F)CO)c2)CC1,IC50,'=',5.0,nM,1
CHEMBL230716,C[C@H](NS(=O)(=O)c1cc(F)cc(F)c1)[C@@H](Cc1ccc(Cl)cc1)c1cccc(C#N)c1,IC50,'=',5.1,nM,1
CHEMBL1760656,COc1ccc(OC(F)(F)F)cc1Cn1c(C(=O)NCC2(CO)CC2)cc2cc(C#N)ccc21,IC50,'=',5.129,nM,1
CHEMBL1760644,CC(O)C1(CNC(=O)c2cc3cc(C#N)ccc3n2Cc2cccc(OC(F)(F)F)c2)CCCC1,IC50,'=',5.129,nM,1
CHEMBL202064,CC(=O)Nc1c(C(C)=O)c(=O)n(CC2CCCO2)c2nc(-c3ccc(Cl)cc3Cl)c(-c3ccc(Cl)cc3)cc12,IC50,'=',5.2,nM,1
CHEMBL180394,CCCNC(=O)c1cc(-c2ccc(Cl)cc2)c(-c2ccc(Cl)cc2Cl)nc1OCC1CCCCC1,IC50,'=',5.2,nM,1
CHEMBL361557,Cn1c(C(=O)NC2CCCCC2)nc(-c2ccc(Cl)cc2Cl)c1-c1ccc(Cl)cc1Cl,IC50,'=',5.2,nM,1
CHEMBL606757,O=C(NC1CCC(F)(F)CC1)c1cnc(-c2ccc(Cl)cc2)c(-c2ccc(Cl)cc2)n1,IC50,'=',5.3,nM,1
CHEMBL1760648,CC(C)(CO)CNC(=O)c1cc2cc(C#N)ccc2n1Cc1cc(Cl)cc(Cl)c1,IC50,'=',5.37,nM,1
CHEMBL1092168,CC(=O)Nc1c(C(=O)C(C)(C)O)oc2nc(-c3ccccc3Cl)c(-c3ccc(Cl)cc3)cc12,IC50,'=',5.4,nM,1
CHEMBL1089351,CC(C)(C)C(=O)c1oc2nc(-c3ccc(Cl)cc3Cl)c(-c3ccc(Cl)cc3)cc2c1N,IC50,'=',5.5,nM,1
CHEMBL247308,CN(C)NC(=O)c1cc(-c2ccc(Cl)cc2)c(-c2ccc(Cl)cc2Cl)nc1Oc1ccc(F)c(F)c1,IC50,'=',5.6,nM,1
CHEMBL592770,CN(Cc1ccc(F)cc1)C(=O)c1nn(-c2ccccc2Cl)c(-c2ccc(Cl)cc2)c1CC#N,IC50,'=',5.6,nM,1
CHEMBL592767,N#CCc1c(C(=O)N2Cc3ccc(F)cc3C2)nn(-c2ccccc2Cl)c1-c1ccc(Cl)cc1,IC50,'=',5.7,nM,1
CHEMBL394736,N#Cc1cc(-c2ccc(Cl)cc2)c(-c2ccc(Cl)cc2Cl)nc1-n1nnc2ccccc21,IC50,'=',5.7,nM,1
CHEMBL247910,N#Cc1cc(-c2ccc(Cl)cc2)c(-c2ccc(Cl)cc2Cl)nc1OCCNC(=O)C1CCC1,IC50,'=',5.7,nM,1
CHEMBL602507,N#CCc1c(C(=O)N2CCc3ccccc3C2)nn(-c2ccccc2Cl)c1-c1ccc(Cl)cc1,IC50,'=',5.7,nM,1
CHEMBL589643,CCC(CC)NC(=O)c1nn(-c2ccccc2Cl)c(-c2ccc(Cl)cc2)c1CC#N,IC50,'=',5.8,nM,1
CHEMBL2113009,N#Cc1cc(-c2ccc(Cl)cc2)c(-c2ccc(Cl)cc2Cl)nc1OCc1cccc(Cl)c1,IC50,'=',5.8,nM,1
CHEMBL611057,S=C(NC1CCCCC1)c1cnc(-c2ccc(Cl)cc2)c(-c2ccc(Cl)cc2)n1,IC50,'=',5.8,nM,1
CHEMBL246899,CC(C)(C)C#Cc1nc(-c2ccccc2Cl)c(-c2ccc(Cl)cc2)cc1C#N,IC50,'=',5.9,nM,1
CHEMBL512436,CC(C)(C)c1nc2nc(-c3ccccc3Cl)c(-c3ccc(C#N)cc3)cc2c2n[nH]c(=O)n12,IC50,'=',5.9,nM,1
CHEMBL4476181,O=S(=O)(NCc1ccc(-c2ccccc2)cc1)c1cc2cc(Br)ccc2[nH]1,IC50,'=',6.0,nM,1
CHEMBL512957,CC(C)(C)c1nc2nc(-c3ccc(Cl)cc3Cl)c(-c3ccc(Cl)cc3)cc2c(=O)[nH]1,IC50,'=',6.0,nM,1
CHEMBL426601,CCCNC(=O)c1cc(-c2ccc(Cl)cc2)c(-c2ccc(Cl)cc2Cl)nc1OCc1ccccc1,IC50,'=',6.0,nM,1
CHEMBL522115,O=C([C@@H]1C[C@H]1c1ccc(C(F)(F)F)cc1)N1CCN(S(=O)(=O)c2cc(O)cc(C(F)(F)F)c2)CC1,IC50,'=',6.0,nM,1
CHEMBL1760667,N#Cc1ccc2c(c1)cc(C(=O)NCCC(O)(C(F)(F)F)C(F)(F)F)n2Cc1cccc(OC(F)(F)F)c1,IC50,'=',6.026,nM,1
CHEMBL511907,CC(C)(C)c1c(C(=O)NN2CCCCC2)nn(-c2ccc(Cl)cc2Cl)c1-c1ccc(Cl)cc1,IC50,'=',6.166,nM,1
CHEMBL181629,Cc1ccc(-c2cc(C#N)c(OCc3ccc(F)c(F)c3)nc2-c2ccc(Cl)cc2Cl)cc1,IC50,'=',6.3,nM,1
CHEMBL485177,CCCCNC(=O)c1ccc2c(c1)N=C(c1ccc(Cl)c(Cl)c1)c1ccccc1S2,IC50,'=',6.31,nM,1
CHEMBL1095499,CC1(C)CC(NC(=O)C2(O)CC2)c2cc(-c3ccc(Cl)cc3)c(-c3ccc(Cl)cc3Cl)nc2O1,IC50,'=',6.5,nM,1
CHEMBL397119,N#Cc1cc(-c2ccc(Cl)cc2)c(-c2ccc(Cl)cc2Cl)nc1OCC1CCOC1,IC50,'=',6.6,nM,1
CHEMBL4527602,O=C(Nc1ccc(Cl)cc1)Nc1ccc(-c2ccccc2)s1,IC50,'=',6.8,nM,1
CHEMBL230678,COc1cccc(-c2c(C)c3c(n2-c2ccc(Cl)cc2Cl)CCN(C2CCCCC2)C3=O)c1,IC50,'=',6.8,nM,1
CHEMBL4521762,O=S(=O)(NCc1ccc(-c2cccnc2)cc1)c1cc2ccccc2[nH]1,IC50,'=',7.0,nM,1
CHEMBL2153674,C[C@@H](O)[C@H](N/C(=N/S(=O)(=O)c1ccc(Cl)cc1)N1CC(c2ccccc2)C(c2ccc(Cl)cc2)=N1)C(N)=O,IC50,'=',7.0,nM,1
CHEMBL426241,CNC(=O)c1cc(-c2ccc(Cl)cc2)c(-c2ccc(Cl)cc2Cl)nc1OCc1ccccc1,IC50,'=',7.0,nM,1
CHEMBL2153772,C[C@@H](O)[C@H](N/C(=N\S(=O)(=O)c1ccc(Cl)cc1)N1CC(c2ccccc2)C(c2ccc(Cl)cc2)=N1)C(=O)N[C@@H](CO)C(N)=O,IC50,'=',7.0,nM,1
CHEMBL1224613,Cn1cc(Cc2cccc(-c3cccc4c3OCO4)n2)c2cc(NC(=O)C(C)(C)CO)ccc21,IC50,'=',7.0,nM,1
CHEMBL487294,O=C([C@@H]1C[C@H]1c1ccc(C(F)(F)F)cc1)N1CCN(S(=O)(=O)c2cc(-n3cncn3)cc(C(F)(F)F)c2)CC1,IC50,'=',7.0,nM,1
CHEMBL1224534,CC(C)(CO)C(=O)Nc1ccc2ccn(Cc3cccc(-c4cccc5c4OCO5)n3)c2c1,IC50,'=',7.0,nM,1
CHEMBL590137,N#CCc1c(C(=O)NCc2c(Cl)cccc2Cl)nn(-c2ccccc2Cl)c1-c1ccc(Cl)cc1,IC50,'=',7.0,nM,1
CHEMBL391556,N#Cc1cc(-c2ccc(Cl)cc2)c(-c2ccc(Cl)cc2Cl)nc1Oc1ccc(Cl)cc1,IC50,'=',7.0,nM,1
CHEMBL230923,C[C@H](NS(=O)(=O)c1ccc(Cl)cc1Cl)[C@@H](Cc1ccc(Cl)cc1)c1cccc(C#N)c1,IC50,'=',7.1,nM,1
CHEMBL180409,N#Cc1cc(-c2ccc(F)cc2)c(-c2ccc(Cl)cc2Cl)nc1OCc1ccc(F)c(F)c1,IC50,'=',7.2,nM,1
CHEMBL589161,COC(=O)C(NC(=O)c1nn(-c2ccccc2Cl)c(-c2ccc(Cl)cc2)c1CC#N)C(C)C,IC50,'=',7.3,nM,1
CHEMBL466470,CC(C)(C)c1nc(O)c2cc(-c3ccc(Cl)cc3)c(-c3ccccc3Cl)nc2n1,IC50,'=',7.4,nM,1
CHEMBL389114,C[C@H](NS(=O)(=O)c1cc(Cl)ccc1Cl)[C@@H](Cc1ccc(Cl)cc1)c1cccc(C#N)c1,IC50,'=',7.4,nM,1
CHEMBL513121,COc1nc(C(C)(C)C)nc2nc(-c3ccccc3Cl)c(-c3ccc(Cl)cc3)cc12,IC50,'=',7.5,nM,1
CHEMBL1095806,Cc1cc(C(=O)N[C@H]2CC(C)(C)Oc3nc(-c4ccc(Cl)cc4Cl)c(-c4ccc(Cl)cc4)cc32)n[nH]1,IC50,'=',7.65,nM,1
CHEMBL592525,N#CCc1c(C(=O)N[C@@H]2c3ccccc3C[C@@H]2O)nn(-c2ccccc2Cl)c1-c1ccc(Cl)cc1,IC50,'=',7.8,nM,1
CHEMBL467924,CC(C)(C)c1nc2nc(-c3ccccc3Cl)c(-c3ccc(Cl)cc3)cc2c2nncn12,IC50,'=',8.0,nM,1
CHEMBL179787,N#Cc1cc(-c2ccc(Cl)cc2)c(-c2ccccc2Cl)nc1OCc1ccc(F)c(F)c1,IC50,'=',8.0,nM,1
CHEMBL488932,CCC(=O)Oc1cc(C(F)(F)F)cc(S(=O)(=O)N2CCN(C(=O)[C@@H]3C[C@H]3c3ccc(C(F)(F)F)cc3)CC2)c1,IC50,'=',8.0,nM,1
CHEMBL4516158,COc1ccc2[nH]c(S(=O)(=O)NCc3ccc(-c4ccc(C#N)cc4)cc3)cc2c1,IC50,'=',8.0,nM,1
CHEMBL490027,CC(C)(O)c1cc(C(F)(F)F)cc(S(=O)(=O)N2CCN(C(=O)[C@@H]3C[C@H]3c3ccc(C(F)(F)F)cc3)CC2)c1,IC50,'=',8.0,nM,1
CHEMBL4589557,Cc1c(S(=O)(=O)NCc2ccc(-c3ccccc3)cc2)[nH]c2ccccc12,IC50,'=',8.0,nM,1
CHEMBL488731,CC(C)(C)C(=O)Oc1cc(C(F)(F)F)cc(S(=O)(=O)N2CCN(C(=O)[C@@H]3C[C@H]3c3ccc(C(F)(F)F)cc3)CC2)c1,IC50,'=',8.0,nM,1
CHEMBL181096,Cn1c(C(=O)NC2CCCCCC2)nc(-c2ccc(Cl)cc2Cl)c1-c1ccc(Cl)cc1,IC50,'=',8.0,nM,1
CHEMBL2153767,C[C@H](N/C(=N\S(=O)(=O)c1ccc(Cl)cc1)N1CC(c2ccccc2)C(c2ccc(Cl)cc2)=N1)C(=O)N[C@@H](CO)C(N)=O,IC50,'=',8.0,nM,1
CHEMBL227840,COc1ccc(-c2ncc(C(=O)NC3CCCCC3)nc2-c2ccc(OC)cc2)cc1,IC50,'=',8.0,nM,1
CHEMBL1760666,N#Cc1ccc2c(c1)cc(C(=O)NCCC(O)C(F)(F)F)n2Cc1cccc(OC(F)(F)F)c1,IC50,'=',8.128,nM,1
CHEMBL1084557,O=C1CC2(CCCCC2)Oc2nc(-c3ccccc3Cl)c(-c3ccc(Cl)cc3)cc21,IC50,'=',8.2,nM,1
CHEMBL2153673,NC(=O)[C@@H](N/C(=N\S(=O)(=O)c1ccc(Cl)cc1)N1CC(c2ccccc2)C(c2ccc(Cl)cc2)=N1)C1CCC1,IC50,'=',8.3,nM,1
CHEMBL1760647,CCOc1ccc(OC(F)(F)F)cc1Cn1c(C(=O)NCC(C)(C)CO)cc2cc(C#N)ccc21,IC50,'=',8.318,nM,1
CHEMBL2153666,CC(C)(N/C(=N\S(=O)(=O)c1ccc(Cl)cc1)N1CC(c2ccccc2)C(c2ccc(Cl)cc2)=N1)C(N)=O,IC50,'=',8.5,nM,1
CHEMBL466294,CN(C)c1nc(C(C)(C)C)nc2nc(-c3ccccc3Cl)c(-c3ccc(Cl)cc3)cc12,IC50,'=',8.5,nM,1
CHEMBL1760665,CC(O)CCNC(=O)c1cc2cc(C#N)ccc2n1Cc1cccc(OC(F)(F)F)c1,IC50,'=',8.913,nM,1
CHEMBL4454441,O=S(=O)(NCc1ccc(-c2ccc(F)cc2)cn1)c1cc2cc(Br)ccc2[nH]1,IC50,'=',9.0,nM,1
CHEMBL2335715,C/C=C/C=C/C=C/CC/C=C/C(=O)NCC(C)(C)O,IC50,'=',9.0,nM,1
CHEMBL519252,O=C([C@@H]1C[C@H]1c1ccc(C(F)(F)F)cc1)N1CCN(S(=O)(=O)c2cc(-c3cn[nH]c3)cc(C(F)(F)F)c2)CC1,IC50,'=',9.0,nM,1
CHEMBL590616,N#CCc1c(C(=O)N2CCC(c3ccc(F)cc3)C2)nn(-c2ccccc2Cl)c1-c1ccc(Cl)cc1,IC50,'=',9.2,nM,1
CHEMBL387609,Cc1ccccc1-n1c2c(c(C)c1-c1ccc(C(F)(F)F)cc1)C(=O)N(C1CCCCC1)CC2,IC50,'=',9.3,nM,1
CHEMBL1760670,COc1ccc(Br)cc1Cn1c(C(=O)NCCCO)cc2cc(C#N)ccc21,IC50,'=',9.333,nM,1
CHEMBL3109763,Cc1c(C(=O)N[C@@H]2CCCC[C@H]2O)cc(-c2cc(C(F)(F)F)ccc2Cl)n1CC1CCCCC1,IC50,'=',9.5,nM,1
CHEMBL513812,CC(C)(C)c1nc(NCC(F)(F)CO)c2cc(-c3ccc(Cl)cc3)c(-c3ccccc3Cl)nc2n1,IC50,'=',9.5,nM,1
CHEMBL397243,C[C@H](NS(=O)(=O)c1ccccc1)[C@@H](Cc1ccc(Cl)cc1)c1cccc(C#N)c1,IC50,'=',9.7,nM,1
CHEMBL226111,O=C(NN1CCCCC1)c1cnc(-c2ccc(Cl)cc2Cl)c(-c2ccc(Cl)cc2)n1,IC50,'=',10.0,nM,1
CHEMBL529214,O=C1CSC(c2cc(C(F)(F)F)cc(S(=O)(=O)N3CCN(C(=O)[C@@H]4C[C@H]4c4ccc(C(F)(F)F)cc4)CC3)c2)=N1,IC50,'=',10.0,nM,1
CHEMBL2153765,C[C@H](N/C(=N\S(=O)(=O)c1ccc(Cl)cc1)N1CC(c2ccccc2)C(c2ccc(Cl)cc2)=N1)C(=O)NCC(N)=O,IC50,'=',10.0,nM,1
CHEMBL392836,CC(C)Oc1nc(-c2ccc(Cl)cc2Cl)c(-c2ccc(Cl)cc2)cc1C#N,IC50,'=',10.0,nM,1
CHEMBL4453133,CCOc1ccc(-c2ccc(CNS(=O)(=O)c3cc4ccccc4[nH]3)cc2)cn1,IC50,'=',10.0,nM,1
CHEMBL484773,O=C(NCc1cccc(Cl)c1)c1ccc2c(c1)N=C(c1ccc(F)cc1)c1ccccc1S2,IC50,'=',10.0,nM,1
CHEMBL512618,CC(=O)c1ccc(-c2cc3c(nc2-c2ccccc2Cl)nc(C(C)(C)C)n2c(=O)[nH]nc32)cc1,IC50,'=',10.0,nM,1
CHEMBL488730,Cc1nnc(-c2cc(C(F)(F)F)cc(S(=O)(=O)N3CCN(C(=O)[C@@H]4C[C@H]4c4ccc(C(F)(F)F)cc4)CC3)c2)[nH]1,IC50,'=',10.0,nM,1
CHEMBL595463,NC(=O)Cc1c(C(=O)N2CCC(C(=O)O)(c3ccccn3)CC2)nn(-c2ccccc2Cl)c1-c1ccc(Cl)cc1,IC50,'=',10.0,nM,1
CHEMBL4513527,COCc1c(S(=O)(=O)NCc2ccc(-c3ccccc3)cc2)[nH]c2ccccc12,IC50,'=',10.0,nM,1
CHEMBL230062,C[C@H](NS(=O)(=O)c1cccc(Cl)c1Cl)[C@@H](Cc1ccc(Cl)cc1)c1cccc(C#N)c1,IC50,'=',10.7,nM,1
CHEMBL605914,N#CCc1c(C(=O)Nc2ccc(F)cc2)nn(-c2ccccc2Cl)c1-c1ccc(Cl)cc1,IC50,'=',11.0,nM,1
CHEMBL466883,CC(C)(C)c1nc(N)c2cc(-c3ccc(Cl)cc3)c(-c3ccc(Cl)cc3Cl)nc2n1,IC50,'=',11.0,nM,1
CHEMBL391555,N#Cc1cc(-c2ccc(Cl)cc2)c(-c2ccc(Cl)cc2Cl)nc1Oc1cccc(F)c1,IC50,'=',11.0,nM,1
CHEMBL248311,N#Cc1cc(-c2ccc(Cl)cc2)c(-c2ccc(Cl)cc2Cl)nc1OC1CCOC1,IC50,'=',11.0,nM,1
CHEMBL393263,NC(=O)c1cc(-c2ccc(Cl)cc2)c(-c2ccc(Cl)cc2Cl)nc1Oc1ccc(F)c(F)c1,IC50,'=',11.0,nM,1
CHEMBL227792,O=C(NC1CCCCC1)c1cnc(-c2ccc(Br)cc2)c(-c2ccc(Br)cc2)n1,IC50,'=',11.0,nM,1
CHEMBL230610,C[C@H](NS(=O)(=O)c1cc(Cl)cc(Cl)c1)[C@@H](Cc1ccc(Cl)cc1)c1cccc(C#N)c1,IC50,'=',11.4,nM,1
CHEMBL4573137,O=S(=O)(NCc1ccc(-c2ccsc2)cc1)c1cc2ccccc2[nH]1,IC50,'=',12.0,nM,1
CHEMBL4524663,O=S(=O)(NCc1ccc(-c2ccc(F)cc2)cc1)c1cc2cc(Br)ccc2[nH]1,IC50,'=',12.0,nM,1
CHEMBL246688,CC(C)N1CCN(c2nc(-c3ccccc3Cl)c(-c3ccc(Cl)cc3)cc2C#N)C(=O)C1=O,IC50,'=',12.0,nM,1
CHEMBL4458317,O=S(=O)(NCc1ccc(-c2ccccc2)cc1)c1[nH]c2ccccc2c1CO,IC50,'=',12.0,nM,1
CHEMBL230783,Cc1c2c(n(-c3ccc(Cl)cc3Cl)c1-c1ccc3c(c1)OCO3)CCN(C1CCCCC1)C2=O,IC50,'=',12.0,nM,1
CHEMBL247511,N#Cc1cc(-c2ccc(Cl)cc2)c(-c2ccc(Cl)cc2Cl)nc1-n1ccnc1,IC50,'=',12.0,nM,1
CHEMBL2113251,C[C@H](NC(=O)C(C)(C)Oc1ccc(Cl)cc1)[C@@H](Cc1ccc(Cl)cc1)c1ccccc1F,IC50,'=',12.0,nM,1
CHEMBL569292,C[C@H](NC(=O)C(C)(C)Nc1ncc(Cl)cc1Cl)[C@@H](Cc1ccc(Cl)cc1)c1cccc(C#N)c1,IC50,'=',12.2,nM,1
CHEMBL497925,CCc1c(C2=NC3(CCCCC3)C(=O)N2)nn(-c2ccc(Cl)cc2Cl)c1-c1ccc(Cl)cc1,IC50,'=',12.3,nM,1
CHEMBL230713,C[C@H](NS(=O)(=O)c1ccccc1Cl)[C@@H](Cc1ccc(Cl)cc1)c1cccc(C#N)c1,IC50,'=',12.3,nM,1
CHEMBL2153757,NC(=O)[C@H](CO)N/C(=N\S(=O)(=O)c1ccc(Cl)cc1)N1CC(c2ccccc2)C(c2ccc(Cl)cc2)=N1,IC50,'=',13.0,nM,1
CHEMBL604138,N#CCc1c(C(=O)N2CCN(c3ccccc3)CC2)nn(-c2ccccc2Cl)c1-c1ccc(Cl)cc1,IC50,'=',13.0,nM,1
CHEMBL375960,Cc1ccc(-c2ncc(C(=O)NC3CCCCC3)nc2-c2ccc(C)cc2)cc1,IC50,'=',13.0,nM,1
CHEMBL1089337,CCC(=O)c1oc2nc(-c3ccccc3Cl)c(-c3ccc(Cl)cc3)cc2c1N,IC50,'=',13.0,nM,1
CHEMBL2096840,C[C@@H](NC(=O)C(C)(C)Oc1ccc(Cl)cc1)[C@H](Cc1ccc(Cl)cc1)c1ccc(Cl)cc1,IC50,'=',13.0,nM,1
CHEMBL230822,C[C@H](NS(=O)(=O)c1cccc(Cl)c1)[C@@H](Cc1ccc(Cl)cc1)c1cccc(C#N)c1,IC50,'=',13.9,nM,1
CHEMBL2113254,C[C@H](NC(=O)C(C)(C)Oc1ccc(Cl)cc1)[C@@H](Cc1ccc(F)cc1)c1ccccc1,IC50,'=',14.0,nM,1
CHEMBL592281,N#CCc1c(C(=O)Nc2ccc(C(F)(F)F)nc2)nn(-c2ccccc2Cl)c1-c1ccc(Cl)cc1,IC50,'=',14.0,nM,1
CHEMBL226110,O=C(NN1CCCCC1)c1cnc(-c2ccc(Cl)cc2)c(-c2ccc(Cl)cc2Cl)n1,IC50,'=',14.0,nM,1
CHEMBL246515,N#Cc1cc(-c2ccc(Cl)cc2)c(-c2ccc(Cl)cc2Cl)nc1Oc1ccc(F)cc1,IC50,'=',14.0,nM,1
CHEMBL1082321,CC(C)(CO)NC(=O)C1CC(C)(C)Oc2nc(-c3ccc(Cl)cc3Cl)c(-c3ccc(Cl)cc3)cc21,IC50,'=',14.0,nM,1
CHEMBL497914,CCc1c(C2=NC3(CCCC3)C(=O)N2)nn(-c2ccc(Cl)cc2Cl)c1-c1ccc(Cl)cc1,IC50,'=',14.6,nM,1
CHEMBL381677,CC(=O)Nc1c(C(C)C)c(=O)n(C)c2nc(-c3ccc(Cl)cc3Cl)c(-c3ccc(Cl)cc3)cc12,IC50,'=',15.0,nM,1
CHEMBL1084848,CCC1(CC)CC(=O)c2cc(-c3ccc(Cl)cc3)c(-c3ccccc3Cl)nc2O1,IC50,'=',15.0,nM,1
CHEMBL389353,C[C@H](NS(=O)(=O)c1ccc2ccccc2c1)[C@@H](Cc1ccc(Cl)cc1)c1cccc(C#N)c1,IC50,'=',15.0,nM,1
CHEMBL1086271,O=C1CC2(CCS(=O)(=O)CC2)Oc2nc(-c3ccccc3Cl)c(-c3ccc(Cl)cc3)cc21,IC50,'=',15.0,nM,1
CHEMBL589397,Cc1cc(CNC(=O)c2nn(-c3ccccc3Cl)c(-c3ccc(Cl)cc3)c2CC#N)no1,IC50,'=',15.0,nM,1
CHEMBL4526334,CS(=O)(=O)c1ccc(-c2ccc(CNS(=O)(=O)c3cc4cc(Cl)ccc4[nH]3)cc2)cc1,IC50,'=',15.0,nM,1
CHEMBL4442859,CS(=O)(=O)c1ccc(-c2ccc(CNS(=O)(=O)c3cc4ccccc4[nH]3)cc2)cc1,IC50,'=',15.0,nM,1
CHEMBL231240,C[C@H](NS(=O)(=O)Cc1ccc(Cl)cc1)[C@@H](Cc1ccc(Cl)cc1)c1cccc(C#N)c1,IC50,'=',15.4,nM,1
CHEMBL231034,C[C@H](NS(=O)(=O)Cc1ccccc1Cl)[C@@H](Cc1ccc(Cl)cc1)c1cccc(C#N)c1,IC50,'=',16.0,nM,1
CHEMBL592283,N#CCc1c(C(=O)NCCc2ccccc2)nn(-c2ccccc2Cl)c1-c1ccc(Cl)cc1,IC50,'=',16.0,nM,1
CHEMBL466884,Nc1nc(-c2ccc(Cl)cc2)nc2nc(-c3ccccc3Cl)c(-c3ccc(Cl)cc3)cc12,IC50,'=',16.0,nM,1
CHEMBL180144,Cn1c(C(=O)NN2CCCCC2)nc(-c2ccc(Cl)cc2Cl)c1-c1ccc(Cl)cc1Cl,IC50,'=',16.0,nM,1
CHEMBL390053,C[C@H](NS(=O)(=O)c1cc(Cl)c(Cl)cc1Cl)[C@@H](Cc1ccc(Cl)cc1)c1cccc(C#N)c1,IC50,'=',16.0,nM,1
CHEMBL230465,Cc1c2c(n(-c3ccc(Cl)cc3Cl)c1-c1ccccc1)CCN(C1CCCCC1)C2=O,IC50,'=',16.0,nM,1
CHEMBL500437,CCc1c(C2=NC(=O)C(C)(C)N2C)nn(-c2ccc(Cl)cc2Cl)c1-c1ccc(Br)cc1,IC50,'=',16.3,nM,1
CHEMBL227841,O=C(NC1CCCCC1)c1cnc(-c2ccc(Cl)cc2)c(-c2ccc(Cl)cc2)n1,IC50,'=',16.6,nM,1
CHEMBL2113258,C[C@H](NC(=O)C(C)(C)Oc1ccncc1)[C@H](Cc1ccc(Cl)cc1)c1ccccc1,IC50,'=',16.98,nM,1
CHEMBL361384,Cn1c(C(=O)NC2CCCC2)nc(-c2ccc(Cl)cc2Cl)c1-c1ccc(Cl)cc1,IC50,'=',17.0,nM,1
CHEMBL182948,CCCCOc1nc(-c2ccc(Cl)cc2Cl)c(-c2ccc(Cl)cc2)cc1C(=O)NC,IC50,'=',17.0,nM,1
CHEMBL601289,CS(=O)(=O)C1CCN(C(=O)c2nn(-c3ccccc3Cl)c(-c3ccc(Cl)cc3)c2CC#N)CC1,IC50,'=',17.0,nM,1
CHEMBL387783,Cc1cccc(-c2c(C)c3c(n2-c2ccc(Cl)cc2Cl)CCN(C2CCCCC2)C3=O)c1,IC50,'=',17.0,nM,1
CHEMBL1093997,CCC(=O)c1oc2nc(-c3ccc(Cl)cc3Cl)c(-c3ccc(Cl)cc3)cc2c1N,IC50,'=',17.0,nM,1
CHEMBL567874,C[C@H](NC(=O)C(C)(C)Nc1ncc(C(F)(F)F)cc1Cl)[C@@H](Cc1ccc(Cl)cc1)c1cccc(C#N)c1,IC50,'=',17.9,nM,1
CHEMBL4096928,O=C(Nc1ccc(Cl)cc1)Nc1cccc(-c2ccc(F)cc2F)c1,IC50,'=',18.0,nM,1
CHEMBL179779,NC(=O)c1cc(-c2ccc(Cl)cc2)c(-c2ccc(Cl)cc2Cl)nc1OCc1ccccc1,IC50,'=',18.0,nM,1
CHEMBL599963,N#CCc1c(C(=O)Nc2cccnc2Cl)nn(-c2ccccc2Cl)c1-c1ccc(Cl)cc1,IC50,'=',18.0,nM,1
CHEMBL2153662,NC(=O)CN/C(=N\S(=O)(=O)c1ccc(Cl)cc1)N1CC(c2ccccc2)C(c2ccc(Cl)cc2)=N1,IC50,'=',18.0,nM,1
CHEMBL361785,O=C(NC1CCCC1)c1cc(-c2ccc(Cl)cc2)c(-c2ccc(Cl)cc2Cl)nc1OCc1ccccc1,IC50,'=',18.0,nM,1
CHEMBL2113256,C[C@H](NC(=O)C(C)(C)Oc1ccccc1Cl)[C@@H](Cc1ccc(Cl)cc1)c1ccccc1,IC50,'=',18.0,nM,1
CHEMBL178446,N#Cc1cc(-c2ccc(Cl)cc2)c(-c2ccc(Cl)cc2)nc1OCc1ccc(F)c(F)c1,IC50,'=',18.0,nM,1
CHEMBL248109,N#Cc1cc(-c2ccc(Cl)cc2)c(-c2ccc(Cl)cc2Cl)nc1N1CCCCC1,IC50,'=',19.0,nM,1
CHEMBL401132,Cc1c(C(C)(C)C)s/c(=N\C(=O)c2cccc(C(F)(F)F)c2Cl)n1CC1CC1,IC50,'=',19.0,nM,1
CHEMBL589157,N#CCc1c(C(=O)Nc2cnc3ccccc3c2)nn(-c2ccccc2Cl)c1-c1ccc(Cl)cc1,IC50,'=',19.0,nM,1
CHEMBL1224667,COc1cc(F)ccc1-c1cccc(Cc2cn(C)c3ccc(NC(=O)CC(C)(C)O)cc23)n1,IC50,'=',19.0,nM,1
CHEMBL230889,Cc1c2c(n(-c3ccc(Cl)cc3Cl)c1-c1cccs1)CCN(C1CCCCC1)C2=O,IC50,'=',19.0,nM,1
CHEMBL1085259,COC1CC(C)(C)Oc2nc(-c3ccc(Cl)cc3Cl)c(-c3ccc(Cl)cc3)cc21,IC50,'=',19.0,nM,1
CHEMBL2113257,C[C@H](NC(=O)C(C)(C)Oc1cccnc1)[C@@H](Cc1ccc(Cl)cc1)c1ccccc1,IC50,'=',19.0,nM,1
CHEMBL231241,C[C@H](NS(=O)(=O)CCc1ccccc1)[C@@H](Cc1ccc(Cl)cc1)c1cccc(C#N)c1,IC50,'=',19.3,nM,1
CHEMBL572271,Cc1cc(NC(C)(C)C(=O)N[C@@H](C)[C@@H](Cc2ccc(Cl)cc2)c2cccc(C#N)c2)no1,IC50,'=',19.5,nM,1
CHEMBL483547,O=C(NCc1cccc(Cl)c1)c1ccc2c(c1)N=C(c1ccc(F)cc1)c1ccccc1S2(=O)=O,IC50,'=',19.95,nM,1
CHEMBL604456,N#CCc1c(C(=O)N2CC[C@@H](OCc3ccc(F)cc3)C2)nn(-c2ccccc2Cl)c1-c1ccc(Cl)cc1,IC50,'=',20.0,nM,1
CHEMBL487912,Cc1n[nH]cc1-c1cc(C(F)(F)F)cc(S(=O)(=O)N2CCN(C(=O)[C@@H]3C[C@H]3c3ccc(C(F)(F)F)cc3)CC2)c1,IC50,'=',20.0,nM,1
CHEMBL2153665,C[C@H](N/C(=N\S(=O)(=O)c1ccc(Cl)cc1)N1CC(c2ccccc2)C(c2ccc(Cl)cc2)=N1)C(N)=O,IC50,'=',20.0,nM,1
CHEMBL374291,CC(NC(=O)C(C)(C)Oc1ccc(Cl)cc1)C(Cc1ccc(Cl)cc1)c1ccc(Cl)cc1,IC50,'=',20.0,nM,1
CHEMBL202659,CC(=O)Nc1c(N(C)C)c(=O)n(C)c2nc(-c3ccc(Cl)cc3Cl)c(-c3ccc(Cl)cc3)cc12,IC50,'=',20.0,nM,1
CHEMBL1089353,CC(C)(O)C(=O)c1oc2nc(-c3ccccc3Cl)c(-c3ccc(Cl)cc3)cc2c1N,IC50,'=',20.0,nM,1
CHEMBL428579,N#Cc1cc(-c2ccc(Cl)cc2)c(-c2ccc(Cl)cc2Cl)nc1NC(=O)c1ccc(F)c(F)c1,IC50,'=',20.0,nM,1
CHEMBL387577,Cc1c2c(n(-c3ccc(Cl)cc3Cl)c1-c1ccco1)CCN(C1CCCCC1)C2=O,IC50,'=',20.0,nM,1
CHEMBL468917,CC(NS(=O)(=O)Cc1ccccc1)C(Cc1ccc(Cl)cc1)c1cccc(C#N)c1,IC50,'=',20.89,nM,1
CHEMBL230927,C[C@H](NS(=O)(=O)Cc1ccccc1)[C@@H](Cc1ccc(Cl)cc1)c1cccc(C#N)c1,IC50,'=',20.9,nM,1
CHEMBL4453296,O=S(=O)(NCc1ccc(-c2ccc(F)cc2)cc1F)c1cc2cc(Cl)ccc2[nH]1,IC50,'=',21.0,nM,1
CHEMBL180861,CCCCOc1nc(-c2ccc(Cl)cc2Cl)c(-c2ccc(Cl)cc2)cc1C(=O)NCCC,IC50,'=',21.0,nM,1
CHEMBL592906,N=C(Cc1c(C(=O)N2CCC(c3ncccn3)CC2)nn(-c2ccccc2Cl)c1-c1ccc(Cl)cc1)NO,IC50,'=',21.0,nM,1
CHEMBL226273,COc1ccc(-c2ncc(C(=O)NN3CCCCC3)nc2-c2ccc(OC)cc2)cc1,IC50,'=',21.0,nM,1
CHEMBL1224373,CC(C)(C)C(=O)Nc1ccc2ncn(Cc3cccc(-c4cccc5c4OCO5)n3)c2c1,IC50,'=',21.0,nM,1
CHEMBL1084471,CC1CC(=O)c2cc(-c3ccc(Cl)cc3)c(-c3ccccc3Cl)nc2O1,IC50,'=',21.0,nM,1
CHEMBL4464917,O=C(Nc1ccc(Cl)cc1)Nc1ccc(-c2ccccc2Cl)s1,IC50,'=',21.0,nM,1
CHEMBL230826,C[C@H](NS(=O)(=O)c1cccc2ccccc12)[C@@H](Cc1ccc(Cl)cc1)c1cccc(C#N)c1,IC50,'=',21.1,nM,1
CHEMBL397509,C[C@H](NS(=O)(=O)c1ccc(Cl)cc1)[C@@H](Cc1ccc(Cl)cc1)c1cccc(C#N)c1,IC50,'=',21.7,nM,1
CHEMBL4067016,O=C(Nc1ccc(Cl)cc1)Nc1cccc(-c2cc(Cl)cc(Cl)c2)c1,IC50,'=',22.0,nM,1
CHEMBL4590582,O=C(Nc1ccc(Cl)cc1)Nc1ccc(-c2ccc(F)cc2F)s1,IC50,'=',22.0,nM,1
CHEMBL231097,COc1ccc(-c2c(C)c3c(n2-c2ccccc2C)CCN(C2CCCCC2)C3=O)cc1,IC50,'=',22.0,nM,1
CHEMBL4591920,COc1ccc(-c2ccc(CNS(=O)(=O)c3cc4ccccc4[nH]3)cc2)c(OC)c1,IC50,'=',22.0,nM,1
CHEMBL361152,CN(C)C(=O)c1cc(-c2ccc(Cl)cc2)c(-c2ccc(Cl)cc2Cl)nc1OCc1ccccc1,IC50,'=',22.0,nM,1
CHEMBL1209597,CC(C)(Oc1ccc(C(F)(F)F)cn1)C(=O)NC(C)(C)[C@@H](Cc1ccc(Cl)cc1)c1cccc(Br)c1,IC50,'=',22.0,nM,1
CHEMBL230890,Cc1c2c(n(-c3ccc(Cl)cc3Cl)c1-c1cc3ccccc3s1)CCN(C1CCCCC1)C2=O,IC50,'=',23.0,nM,1
CHEMBL4078901,O=C(Nc1ccc(Cl)cc1)Nc1cccc(-c2ccc(F)cc2)c1,IC50,'=',23.0,nM,1
CHEMBL589400,N#CCc1c(C(=O)N2CCCCC2c2ccc(F)cc2)nn(-c2ccccc2Cl)c1-c1ccc(Cl)cc1,IC50,'=',23.0,nM,1
CHEMBL1224612,COc1cc(F)ccc1-c1cccc(Cn2ccc3ccc(NC(=O)CC(C)(C)O)cc32)n1,IC50,'=',23.0,nM,1
CHEMBL230825,C[C@H](NS(=O)(=O)c1ccc(-c2ccccc2)cc1)[C@@H](Cc1ccc(Cl)cc1)c1cccc(C#N)c1,IC50,'=',23.0,nM,1
CHEMBL1084556,O=C1CC2(CCCC2)Oc2nc(-c3ccccc3Cl)c(-c3ccc(Cl)cc3)cc21,IC50,'=',23.0,nM,1
CHEMBL5077368,O=C(NCCc1cc(Cl)cc(Cl)c1)Nc1ccc(Cl)cc1,IC50,'=',23.99,nM,1
CHEMBL201552,COCC(=O)Nc1c(C(C)=O)c(=O)n(C)c2nc(-c3ccc(Cl)cc3Cl)c(-c3ccc(Cl)cc3)cc12,IC50,'=',24.0,nM,1
CHEMBL201102,COc1c(NC(C)=O)c2cc(-c3ccc(Cl)cc3)c(-c3ccc(Cl)cc3Cl)nc2n(C)c1=O,IC50,'=',24.0,nM,1
CHEMBL2153764,NC(=O)CNC(=O)CN/C(=N\S(=O)(=O)c1ccc(Cl)cc1)N1CC(c2ccccc2)C(c2ccc(Cl)cc2)=N1,IC50,'=',25.0,nM,1
CHEMBL246931,N#Cc1cc(-c2ccc(Cl)cc2)c(-c2ccccc2Cl)nc1Oc1ccc(F)c(F)c1,IC50,'=',25.0,nM,1
CHEMBL1209668,CC(NC(=O)C(C)(C)Oc1ccc(C(F)(F)F)cn1)C(C)(Cc1ccc(Cl)cc1)c1cccc(Br)c1,IC50,'=',25.0,nM,1
CHEMBL605508,N=C(N)Cc1c(C(=O)NN2CCOCC2)nn(-c2ccccc2Cl)c1-c1ccc(Cl)cc1,IC50,'=',26.0,nM,1
CHEMBL202013,CC(=O)Nc1c(C)c(=O)n(C)c2nc(-c3ccc(Cl)cc3Cl)c(-c3ccc(Cl)cc3)cc12,IC50,'=',26.0,nM,1
CHEMBL2153664,CC(CN/C(=N\S(=O)(=O)c1ccc(Cl)cc1)N1CC(c2ccccc2)C(c2ccc(Cl)cc2)=N1)C(N)=O,IC50,'=',26.0,nM,1
CHEMBL246722,COc1ccc(Oc2nc(-c3ccc(Cl)cc3Cl)c(-c3ccc(Cl)cc3)cc2C#N)cc1,IC50,'=',26.0,nM,1
CHEMBL1224614,COc1cc(F)ccc1-c1cccc(Cc2cn(C)c3ccc(NC(=O)C(C)(C)CO)cc23)n1,IC50,'=',27.0,nM,1
CHEMBL4077975,O=C(Nc1ccc(Cl)cc1)Nc1cccc(-c2cccc([N+](=O)[O-])c2)c1,IC50,'=',27.0,nM,1
CHEMBL247103,N#Cc1cc(-c2ccc(Cl)cc2)c(-c2ccccc2Cl)nc1-c1cccnc1,IC50,'=',27.0,nM,1
CHEMBL592287,N#CCc1c(C(=O)N2CCCC2c2ccc(F)cc2)nn(-c2ccccc2Cl)c1-c1ccc(Cl)cc1,IC50,'=',27.0,nM,1
CHEMBL2153766,C[C@H](NC(=O)[C@H](C)N/C(=N\S(=O)(=O)c1ccc(Cl)cc1)N1CC(c2ccccc2)C(c2ccc(Cl)cc2)=N1)C(N)=O,IC50,'=',27.0,nM,1
CHEMBL467917,CN(C)c1ccc(-c2cc3c(nc2-c2ccccc2Cl)nc(C(C)(C)C)n2c(=O)[nH]nc32)cc1,IC50,'=',28.0,nM,1
CHEMBL598549,Cc1cc(Br)ccc1CNC(=O)c1nn(-c2ccc(Cl)cc2Cl)c(-c2ccc(Br)cc2)c1Cn1cncn1,IC50,'=',28.2,nM,1
CHEMBL5080045,O=C(NCCc1cccc(Cl)c1)Nc1ccc(Cl)cc1,IC50,'=',28.84,nM,1
CHEMBL5092369,O=C(NCCc1cccc(C(F)(F)F)c1)Nc1ccc(Cl)cc1,IC50,'=',28.84,nM,1
CHEMBL5081586,Cc1cc(C)cc(CCNC(=O)Nc2ccc(Cl)cc2)c1,IC50,'=',28.84,nM,1
CHEMBL247706,CC(C)(C)C(=O)Nc1nc(-c2ccc(Cl)cc2Cl)c(-c2ccc(Cl)cc2)cc1C#N,IC50,'=',29.0,nM,1
CHEMBL230506,C[C@H](NS(=O)(=O)c1c(Cl)cccc1Cl)[C@@H](Cc1ccc(Cl)cc1)c1cccc(C#N)c1,IC50,'=',29.8,nM,1
CHEMBL594159,NC(=O)Cc1c(C(=O)N2CCC(C(=O)O)(c3ccc(F)cn3)CC2)nn(-c2ccccc2Cl)c1-c1ccc(Cl)cc1,IC50,'=',30.0,nM,1
CHEMBL4086756,O=C(Nc1ccc(Cl)cc1)Nc1cccc(-c2ccc(Cl)c(Cl)c2)c1,IC50,'=',30.0,nM,1
CHEMBL182141,O=C(NCc1ccccc1)c1ccc(-c2ccc(Cl)cc2)c(-c2ccc(Cl)cc2Cl)n1,IC50,'=',31.0,nM,1
CHEMBL4584483,COc1ccc(-c2ccc(NC(=O)Nc3ccc(Cl)cc3)s2)cc1,IC50,'=',31.0,nM,1
CHEMBL608861,CS(=O)(=O)N1CCC(NC(=O)c2nn(-c3ccccc3Cl)c(-c3ccc(Cl)cc3)c2CC#N)CC1,IC50,'=',31.0,nM,1
CHEMBL4070648,O=C(Nc1ccc(Cl)cc1)Nc1cccc(-c2ccccc2)c1,IC50,'=',32.0,nM,1
CHEMBL181164,CCCCOc1nc(-c2ccc(Cl)cc2Cl)c(-c2ccc(Cl)cc2)cc1C(N)=O,IC50,'=',32.0,nM,1
CHEMBL2153663,NC(=O)CCN/C(=N\S(=O)(=O)c1ccc(Cl)cc1)N1CC(c2ccccc2)C(c2ccc(Cl)cc2)=N1,IC50,'=',32.0,nM,1
CHEMBL380483,CC(=O)Nc1c(C(C)=O)c(=O)n(CCO)c2nc(-c3ccc(Cl)cc3Cl)c(-c3ccc(Cl)cc3)cc12,IC50,'=',32.0,nM,1
CHEMBL180447,CCCC(CCC)NC(=O)c1ccc(-c2ccc(Cl)cc2)c(-c2ccc(Cl)cc2Cl)n1,IC50,'=',32.0,nM,1
CHEMBL5086730,O=C(NCCc1c(F)c(F)c(F)c(F)c1F)Nc1ccc(Cl)cc1,IC50,'=',32.36,nM,1
CHEMBL5086597,O=C(NCCc1cccc(Br)c1)Nc1ccc(Cl)cc1,IC50,'=',32.36,nM,1
CHEMBL4576172,COc1cc(-c2ccc(CNS(=O)(=O)c3cc4ccccc4[nH]3)cc2)ccc1O,IC50,'=',33.0,nM,1
CHEMBL2113255,C[C@H](NC(=O)C(C)(C)Oc1ccc(Cl)cc1)[C@@H](Cc1ccccc1)c1ccccc1,IC50,'=',33.0,nM,1
CHEMBL496901,Cc1c(C2=NC(C)(C)C(=O)N2C)nn(-c2ccc(Cl)cc2Cl)c1-c1ccc(Cl)cc1,IC50,'=',33.6,nM,1
CHEMBL467328,CC(C)(C)c1nc2nc(-c3ccccc3Cl)c(-c3cccc(Cl)c3)cc2c2n[nH]c(=O)n12,IC50,'=',34.0,nM,1
CHEMBL360673,O=C(NC1CCCCCC1)c1ccc(-c2ccc(Cl)cc2)c(-c2ccc(Cl)cc2Cl)n1,IC50,'=',35.0,nM,1
CHEMBL265787,CC(=O)Nc1c(C#N)c(=O)n(C)c2nc(-c3ccc(Cl)cc3Cl)c(-c3ccc(Cl)cc3)cc12,IC50,'=',35.0,nM,1
CHEMBL4462132,O=C(Nc1ccc(Cl)cc1)Nc1cccc(N2CCC2)c1,IC50,'=',35.0,nM,1
CHEMBL4459402,O=C(Nc1ccc(Cl)cc1)Nc1cccc(-c2ccsc2)c1,IC50,'=',36.0,nM,1
CHEMBL1224460,Cn1cc(Cc2cccc(-c3cccc4c3OCO4)c2)c2cc(NC(=O)C(C)(C)C)ccc21,IC50,'=',37.0,nM,1
CHEMBL230888,Cc1c2c(n(-c3ccc(Cl)cc3Cl)c1-c1ccsc1)CCN(C1CCCCC1)C2=O,IC50,'=',37.0,nM,1
CHEMBL4528445,O=C(Nc1ccc(Cl)cc1)Nc1cc(-c2ccccc2)cs1,IC50,'=',37.0,nM,1
CHEMBL246686,CC(C)(C)C(=O)N1CCN(c2nc(-c3ccccc3Cl)c(-c3ccc(Cl)cc3)cc2C#N)CC1,IC50,'=',37.0,nM,1
CHEMBL230189,C[C@H](NC(=O)c1c(Cl)cccc1Cl)[C@@H](Cc1ccc(Cl)cc1)c1cccc(C#N)c1,IC50,'=',37.2,nM,1
CHEMBL567876,Cc1ccnc(NC(C)(C)C(=O)N[C@@H](C)[C@@H](Cc2ccc(Cl)cc2)c2cccc(C#N)c2)c1,IC50,'=',37.7,nM,1
CHEMBL393262,N#Cc1cc(-c2ccc(Cl)cc2)c(-c2ccccc2Cl)nc1-c1cncnc1,IC50,'=',38.0,nM,1
CHEMBL231245,C[C@H](NC(=O)CCc1ccccc1)[C@@H](Cc1ccc(Cl)cc1)c1cccc(C#N)c1,IC50,'=',38.3,nM,1
CHEMBL4572697,O=C(Nc1ccc(Cl)cc1)Nc1ccc(-c2cccc(F)c2)s1,IC50,'=',39.0,nM,1
CHEMBL246901,CCC(N)(C#Cc1nc(-c2ccccc2Cl)c(-c2ccc(Cl)cc2)cc1C#N)CC,IC50,'=',39.0,nM,1
CHEMBL231098,Cc1ccccc1-n1c2c(c(C)c1-c1ccc(F)cc1)C(=O)N(C1CCCCC1)CC2,IC50,'=',40.0,nM,1
CHEMBL4452850,O=C(Nc1ccc(Cl)cc1)Nc1ccc(-c2ccc(F)cc2)s1,IC50,'=',40.0,nM,1
CHEMBL4544453,O=C(Nc1ccc(Cl)cc1)Nc1ccc(-c2cccc(Cl)c2)s1,IC50,'=',40.0,nM,1
CHEMBL4457643,COc1ccc2[nH]c(S(=O)(=O)NCc3ccc(-c4ccc(OC(F)(F)F)cc4)cc3F)cc2c1,IC50,'=',40.0,nM,1
CHEMBL466681,CC(C)(C)c1nc(N)c2cc(-c3ccc(Cl)cc3)c(-c3ccccc3Cl)nc2n1,IC50,'=',40.0,nM,1
CHEMBL4513876,Cc1cc(-c2cccc(NC(=O)Nc3ccc(Cl)cc3)c2)cs1,IC50,'=',40.0,nM,1
CHEMBL3086847,C/C=C/C=C/C=C\CC/C=C/C(=O)NCC(C)(O)CO,IC50,'=',41.0,nM,1
CHEMBL4518284,CC(NS(=O)(=O)c1cc2ccccc2[nH]1)c1ccc(-c2ccc(F)cc2)cc1,IC50,'=',41.0,nM,1
CHEMBL180028,O=C(NN1CCCCC1)c1cc(-c2ccc(Cl)cc2)c(-c2ccc(Cl)cc2Cl)nc1OCc1ccccc1,IC50,'=',41.0,nM,1
CHEMBL4584264,O=C(Nc1ccc(Cl)cc1)Nc1cccc(-c2ccoc2)c1,IC50,'=',41.0,nM,1
CHEMBL445022,C/C=C1/CC2[C@H](C(=O)OC)C(NC)Cc3c([nH]c4ccccc34)[C@@H](c3cc4c(cc3OC)C3CCN5C[C@H]6C[C@H](CC)[C@H]5[C@@](C(=O)OC)(C6)C3N4)C[C@H]12,IC50,'=',41.0,nM,1
CHEMBL5079805,Cc1cccc(CCNC(=O)Nc2ccc(Cl)cc2)c1,IC50,'=',41.69,nM,1
CHEMBL231342,C[C@H](NS(=O)(=O)/C=C/c1ccccc1)[C@@H](Cc1ccc(Cl)cc1)c1cccc(C#N)c1,IC50,'=',41.8,nM,1
CHEMBL4443345,Cc1ccc(-c2cccc(NC(=O)Nc3ccc(Cl)cc3)c2)s1,IC50,'=',42.0,nM,1
CHEMBL498747,CN1C(c2nn(-c3ccc(Cl)cc3Cl)c(-c3ccc(Cl)cc3)c2Br)=NC(=O)C1(C)C,IC50,'=',42.5,nM,1
CHEMBL4565127,O=C(Nc1ccc(Cl)cc1)Nc1ccc(-c2ccc(Cl)cc2)s1,IC50,'=',43.0,nM,1
CHEMBL360474,CCCCCCNC(=O)c1ccc(-c2ccc(Cl)cc2)c(-c2ccc(Cl)cc2Cl)n1,IC50,'=',43.0,nM,1
CHEMBL498748,CN1C(c2nn(-c3ccc(Cl)cc3Cl)c(-c3ccc(Cl)cc3)c2C2CC2)=NC(=O)C1(C)C,IC50,'=',43.9,nM,1
CHEMBL246900,CC(C)(O)C#Cc1nc(-c2ccccc2Cl)c(-c2ccc(Cl)cc2)cc1C#N,IC50,'=',44.0,nM,1
CHEMBL230294,C[C@H](NC(=O)Cc1ccccc1)[C@@H](Cc1ccc(Cl)cc1)c1cccc(C#N)c1,IC50,'=',44.1,nM,1
CHEMBL1224535,COc1cc(F)ccc1-c1cccc(Cn2ccc3ccc(NC(=O)C(C)(C)CO)cc32)n1,IC50,'=',45.0,nM,1
CHEMBL1224533,COc1cc(F)ccc1-c1cccc(Cc2cn(C)c3ccc(NC(=O)C(C)(C)C)cc23)c1,IC50,'=',45.0,nM,1
CHEMBL202201,CC(=O)c1c(NC(=O)CO)c2cc(-c3ccc(Cl)cc3)c(-c3ccc(Cl)cc3Cl)nc2n(C)c1=O,IC50,'=',46.0,nM,1
CHEMBL368441,Cn1c(C(=O)NC2CCCCC2)nc(-c2ccc(Cl)cc2)c1-c1ccc(Cl)cc1Cl,IC50,'=',46.0,nM,1
CHEMBL1085261,CC1(C)CC(NC(=O)CO)c2cc(-c3ccc(Cl)cc3)c(-c3ccccc3Cl)nc2O1,IC50,'=',46.0,nM,1
CHEMBL568849,Cc1cc(NC(C)(C)C(=O)N[C@@H](C)[C@@H](Cc2ccc(Cl)cc2)c2cccc(C#N)c2)on1,IC50,'=',46.1,nM,1
CHEMBL4089126,O=C(Nc1ccc(Cl)cc1)Nc1cccc(-c2ccccn2)c1,IC50,'=',47.0,nM,1
CHEMBL1084039,CC1(C)CC(=O)c2cc(-c3ccc(Cl)cc3)c(-c3ccc(Cl)cc3Cl)nc2O1,IC50,'=',47.0,nM,1
CHEMBL500690,Cc1c(C2=NC(=O)C(C)(C)N2C)nn(-c2ccc(Cl)cc2Cl)c1-c1ccc(Br)cc1,IC50,'=',47.4,nM,1
CHEMBL584309,C[C@H](NC(=O)C(C)(C)Nc1ccon1)[C@@H](Cc1ccc(Cl)cc1)c1cccc(C#N)c1,IC50,'=',47.7,nM,1
CHEMBL5088172,Cc1ccc(CCNC(=O)Nc2ccc(Cl)cc2)cc1C,IC50,'=',47.86,nM,1
CHEMBL427236,C[C@H](NC(=O)C(C)(C)Oc1ccc(Cl)cc1)[C@@H](Cc1ccc(Cl)cc1)c1ccc(Cl)cc1,IC50,'=',48.0,nM,1
CHEMBL4438047,Cc1cccc(-c2ccc(NC(=O)Nc3ccc(Cl)cc3)s2)c1,IC50,'=',48.0,nM,1
CHEMBL568094,C[C@H](NC(=O)C(C)(C)Nc1ccccn1)[C@@H](Cc1ccc(Cl)cc1)c1cccc(C#N)c1,IC50,'=',49.0,nM,1
CHEMBL567461,C[C@H](NC(=O)C(C)(C)Nc1ccncn1)[C@@H](Cc1ccc(Cl)cc1)c1cccc(C#N)c1,IC50,'=',49.2,nM,1
CHEMBL463847,O=C(NC1CCCCCC1)N1CCN(C(c2ccc(Br)cc2)c2ccccc2Cl)CC1,IC50,'=',49.4,nM,1
CHEMBL247139,N#Cc1cc(-c2ccc(Cl)cc2)c(-c2ccc(Cl)cc2Cl)nc1Nc1ccc(F)cc1,IC50,'=',50.0,nM,1
CHEMBL487499,O=C([C@@H]1C[C@H]1c1ccc(C(F)(F)F)cc1)N1CCN(S(=O)(=O)c2cc(-n3ccnn3)cc(C(F)(F)F)c2)CC1,IC50,'=',50.0,nM,1
CHEMBL520674,O=C(NN1CCCCC1)c1ccc2c(c1)N=C(C1CCCCC1)c1ccccc1C2,IC50,'=',50.12,nM,1
CHEMBL1224458,CC(C)(C)C(=O)Nc1ccc2ccn(Cc3cccc(-c4cccc5c4OCO5)c3)c2c1,IC50,'=',51.0,nM,1
CHEMBL593836,N=C(Cc1c(C(=O)NN2CCOCC2)nn(-c2ccccc2Cl)c1-c1ccc(Cl)cc1)NO,IC50,'=',51.0,nM,1
CHEMBL5080578,O=C(NCCc1cccc(F)c1)Nc1ccc(Cl)cc1,IC50,'=',51.29,nM,1
CHEMBL359500,CCCNC(=O)c1cc(-c2ccc(Cl)cc2)c(-c2ccc(Cl)cc2Cl)nc1Cl,IC50,'=',52.0,nM,1
CHEMBL181720,O=C(NC1CCCC1)c1ccc(-c2ccc(Cl)cc2)c(-c2ccc(Cl)cc2Cl)n1,IC50,'=',53.0,nM,1
CHEMBL247996,Cc1c(C(C)(C)C)s/c(=N\C(=O)c2cccc(Br)c2)n1CC1CC1,IC50,'=',53.0,nM,1
CHEMBL496695,Cc1c(C2=NC(C)(C)C(=O)N2)nn(-c2ccc(Cl)cc2Cl)c1-c1ccc(Cl)cc1,IC50,'=',53.4,nM,1
CHEMBL389774,C[C@H](NS(=O)(=O)Cc1cccc(Cl)c1)[C@@H](Cc1ccc(Cl)cc1)c1cccc(C#N)c1,IC50,'=',53.5,nM,1
CHEMBL3341873,CCN(C)c1cccc(-c2cccc(NC(=O)Nc3ccc(Cl)cc3)c2)n1,IC50,'=',53.7,nM,1
CHEMBL498268,Cc1c(C2=NC(=O)C(C)(C)N2C)nn(-c2ccc(Cl)cc2Cl)c1-c1ccc(Cl)cc1,IC50,'=',54.7,nM,1
CHEMBL202202,CC(=O)c1c(C)c2cc(-c3ccc(Cl)cc3)c(-c3ccc(Cl)cc3Cl)nc2n(C)c1=O,IC50,'=',55.0,nM,1
CHEMBL592282,N#CCc1ccc(NC(=O)c2nn(-c3ccccc3Cl)c(-c3ccc(Cl)cc3)c2CC#N)cc1,IC50,'=',55.0,nM,1
CHEMBL1098847,CC(=O)N[C@H]1CC(C)(C)Oc2nc(-c3ccc(Cl)cc3Cl)c(-c3ccc(Cl)cc3)cc21,IC50,'=',56.0,nM,1
CHEMBL180564,O=C(NN1CCCCC1)c1ccc(-c2ccc(Cl)cc2)c(-c2ccc(Cl)cc2Cl)n1,IC50,'=',56.0,nM,1
CHEMBL1091466,CC(=O)c1oc2nc(-c3ccc(Cl)cc3Cl)c(-c3ccc(Cl)cc3)cc2c1N,IC50,'=',56.0,nM,1
CHEMBL603741,N#CCc1c(C(=O)Nc2cccnc2)nn(-c2ccccc2Cl)c1-c1ccc(Cl)cc1,IC50,'=',57.0,nM,1
CHEMBL1224459,COc1cc(F)ccc1-c1cccc(Cn2ccc3ccc(NC(=O)C(C)(C)C)cc32)c1,IC50,'=',58.0,nM,1
CHEMBL178243,CCCCCCNC(=O)c1cc(-c2ccc(Cl)cc2)c(-c2ccc(Cl)cc2Cl)nc1Cl,IC50,'=',58.0,nM,1
CHEMBL4442623,COc1ccccc1-c1ccc(NC(=O)Nc2ccc(Cl)cc2)s1,IC50,'=',58.0,nM,1
CHEMBL511558,Oc1nc(-c2ccc(Cl)cc2)nc2nc(-c3ccccc3Cl)c(-c3ccc(Cl)cc3)cc12,IC50,'=',59.0,nM,1
CHEMBL362643,Cn1c(C(=O)Nc2ccccc2)nc(-c2ccc(Cl)cc2Cl)c1-c1ccc(Cl)cc1,IC50,'=',60.0,nM,1
CHEMBL4542852,O=C(Nc1ccc(Cl)cc1)Nc1csc(-c2ccccc2)c1,IC50,'=',60.0,nM,1
CHEMBL4513477,COc1cccc(-c2ccc(NC(=O)Nc3ccc(Cl)cc3)s2)c1,IC50,'=',61.0,nM,1
CHEMBL464872,O=C(NC1CCCCC1)N1CCN(C(c2ccc(Br)cc2)c2ccccc2Cl)CC1,IC50,'=',62.8,nM,1
CHEMBL4241707,COc1cc(OC)cc(C(=O)N[C@H]2CC[C@H](Nc3nc(C)cc(N(C)C)n3)CC2)c1,IC50,'=',63.1,nM,1
CHEMBL484013,O=C(NCc1cccc(Cl)c1)c1ccc2c(c1)N=C(c1ccc(F)cc1)c1ccccc1[S+]2[O-],IC50,'=',63.1,nM,1
CHEMBL1224371,CC(C)(C)C(=O)Nc1ccc2ncn(Cc3cccc(-c4cccc5c4OCO5)c3)c2c1,IC50,'=',64.0,nM,1
CHEMBL360711,CCCCCCNC(=O)c1cnc(-c2ccc(Cl)cc2Cl)c(-c2ccc(Cl)cc2)c1,IC50,'=',65.0,nM,1
CHEMBL2153758,NC(=O)[C@@H](O)CCN/C(=N\S(=O)(=O)c1ccc(Cl)cc1)N1CC(c2ccccc2)C(c2ccc(Cl)cc2)=N1,IC50,'=',66.0,nM,1
CHEMBL362215,N#Cc1cc(-c2ccc(F)cc2)c(-c2ccc(F)cc2F)nc1OCc1ccc(F)c(F)c1,IC50,'=',66.0,nM,1
CHEMBL390846,Cc1c2c(n(-c3ccc(Cl)cc3Cl)c1-c1cccc(C(F)(F)F)c1)CCN(C1CCCCC1)C2=O,IC50,'=',67.0,nM,1
CHEMBL181088,N#Cc1cc(-c2ccccc2)c(-c2ccc(Cl)cc2)nc1OCc1ccccc1,IC50,'=',67.0,nM,1
CHEMBL1760935,O=C(NCC1(CO)CCCC1)c1nc(CN2CCC(F)(F)CC2)n2ccccc12,IC50,'=',68.0,nM,1
CHEMBL181254,O=C(NC1CCCCC1)c1nc(-c2ccc(Cl)cc2Cl)c(-c2ccc(Cl)cc2Cl)o1,IC50,'=',70.0,nM,1
CHEMBL4064299,O=C(Nc1ccc(Cl)cc1)Nc1cccc(-c2ccc3c(c2)OCO3)c1,IC50,'=',70.0,nM,1
CHEMBL181631,CN(C(=O)c1nc(-c2ccc(Cl)cc2Cl)c(-c2ccc(Cl)cc2)n1C)C1CCCCC1,IC50,'=',70.0,nM,1
CHEMBL2153761,COc1ccc(S(=O)(=O)/N=C(\N[C@@H](C)C(N)=O)N2CC(c3ccccc3)C(c3ccc(Cl)cc3)=N2)cc1,IC50,'=',70.0,nM,1
CHEMBL604061,N#CCc1c(C(=O)NN2CCOCC2)nn(-c2ccccc2Cl)c1-c1ccc(Cl)cc1,IC50,'=',71.0,nM,1
CHEMBL1224457,COc1cc(F)ccc1-c1cccc(Cn2cnc3ccc(NC(=O)C(C)(C)C)cc32)n1,IC50,'=',73.0,nM,1
CHEMBL4085844,Cc1cccc(-c2cccc(NC(=O)Nc3ccc(Cl)cc3)c2)c1,IC50,'=',74.0,nM,1
CHEMBL230181,CCCCS(=O)(=O)N[C@@H](C)[C@@H](Cc1ccc(Cl)cc1)c1cccc(C#N)c1,IC50,'=',75.2,nM,1
CHEMBL203152,CC(=O)Nc1c(C(C)=O)c(O)nc2nc(-c3ccc(Cl)cc3Cl)c(-c3ccc(Cl)cc3)cc12,IC50,'=',77.0,nM,1
CHEMBL4581327,O=C(Nc1ccc(Cl)cc1)Nc1ccc(-c2ccncc2)s1,IC50,'=',79.0,nM,1
CHEMBL3401617,CCN(CC)c1ccc(CCNC(=O)c2cc3cc(Cl)ccc3[nH]2)cc1,IC50,'=',79.0,nM,1
CHEMBL4591294,O=C(Nc1ccc(Cl)cc1)Nc1ncc(-c2ccccc2)s1,IC50,'=',79.0,nM,1
CHEMBL485192,O=C(NN1CCCCC1)c1ccc2c(c1)N=C(C1CCCCC1)c1ccccc1O2,IC50,'=',79.43,nM,1
CHEMBL5086222,O=C(NCCc1c(F)cc(F)cc1F)Nc1ccc(Cl)cc1,IC50,'=',79.43,nM,1
CHEMBL376828,O=C(Nc1ccccc1)c1cnc(-c2ccc(Cl)cc2)c(-c2ccc(Cl)cc2)n1,IC50,'=',80.0,nM,1
CHEMBL359945,O=C(NC1CCCCC1)c1nc(-c2ccc(Cl)cc2Cl)c(-c2ccc(Cl)cc2)o1,IC50,'=',80.0,nM,1
CHEMBL1083000,CC1(C)CC(C)(O)c2cc(-c3ccc(Cl)cc3)c(-c3ccc(Cl)cc3Cl)nc2O1,IC50,'=',80.0,nM,1
CHEMBL442275,CNN(C)C(=O)c1cc(-c2ccc(Cl)cc2)c(-c2ccc(Cl)cc2Cl)nc1Oc1ccc(F)c(F)c1,IC50,'=',80.0,nM,1
CHEMBL4097779,COc1cccc(-c2cccc(NC(=O)Nc3ccc(Cl)cc3)c2)c1,IC50,'=',81.0,nM,1
CHEMBL466111,CC(C)c1nc2nc(-c3ccccc3Cl)c(-c3ccc(Cl)cc3)cc2c(=O)n1Cc1ncon1,IC50,'=',82.0,nM,1
CHEMBL526467,Cc1c(C(=O)NC(=O)C(C)(C)N(C)C)nn(-c2ccc(Cl)cc2Cl)c1-c1ccc(Cl)cc1,IC50,'=',82.9,nM,1
CHEMBL4535251,Nc1ccc(-c2ccc(CNS(=O)(=O)c3cc4cc(Cl)ccc4[nH]3)cc2)cn1,IC50,'=',85.0,nM,1
CHEMBL5087480,O=C(NCCc1ccc([N+](=O)[O-])cc1)Nc1ccc(Cl)cc1,IC50,'=',85.11,nM,1
CHEMBL4450625,CN(C)c1cccc(-c2ccc(NC(=O)Nc3ccc(Cl)cc3)s2)c1,IC50,'=',89.0,nM,1
CHEMBL392457,CC(C)CNc1nc(-c2ccc(Cl)cc2Cl)c(-c2ccc(Cl)cc2)cc1C#N,IC50,'=',89.0,nM,1
CHEMBL1760932,O=C(c1cccc(Cl)c1Cl)c1nc(CN2CCC(F)(F)CC2)c2ccccn12,IC50,'=',90.0,nM,1
CHEMBL2113249,C[C@H](NC(=O)C(C)(C)Oc1ccc(Cl)cc1)[C@@H](Cc1ccc(Cl)cc1)c1ccc(F)cc1,IC50,'=',90.0,nM,1
CHEMBL4474515,O=C(Nc1ccc(Cl)cc1)Nc1ccc(-c2cc(Cl)cc(Cl)c2)s1,IC50,'=',92.0,nM,1
CHEMBL5089573,O=C(NCCc1cccc(OC(F)(F)F)c1)Nc1ccc(Cl)cc1,IC50,'=',93.33,nM,1
CHEMBL2397751,CCOC(=O)c1c(C)cc2nc(COC(=O)NCCO)n(-c3ccccc3S(=O)(=O)NC)c(=O)c2c1C,IC50,'=',94.0,nM,1
CHEMBL180648,O=C(NC1CCCCC1)c1ccc(-c2ccc(Cl)cc2)c(-c2ccc(Cl)cc2Cl)n1,IC50,'=',95.0,nM,1
CHEMBL3341862,O=C(Nc1ccc(Cl)cc1)Nc1cccc(-c2cccc(N3CCCCC3)n2)c1,IC50,'=',95.0,nM,1
CHEMBL4094495,O=C(Nc1ccc(Cl)cc1)Nc1cccc(-c2ccc(Cl)cc2)c1,IC50,'=',95.0,nM,1
CHEMBL524727,Cc1c(C2=NC(=O)C(C)(C)N2C2CC2)nn(-c2ccc(Cl)cc2Cl)c1-c1ccc(Cl)cc1,IC50,'=',95.2,nM,1
CHEMBL370388,CC(=O)c1c(N(C)C)c2cc(-c3ccc(Cl)cc3)c(-c3ccc(Cl)cc3Cl)nc2n(C)c1=O,IC50,'=',96.0,nM,1
CHEMBL567513,C[C@H](NC(=O)C(C)(C)Nc1nc2ccccc2n1C)[C@@H](Cc1ccc(Cl)cc1)c1cccc(C#N)c1,IC50,'=',97.0,nM,1
CHEMBL1082305,CC1(C)CC(C(N)=O)c2cc(-c3ccc(Cl)cc3)c(-c3ccc(Cl)cc3Cl)nc2O1,IC50,'=',97.0,nM,1
CHEMBL3341879,O=C(Nc1ccc(Br)cc1)Nc1cccc(-c2cccc(N3CCCC3)n2)c1,IC50,'=',98.0,nM,1
CHEMBL3086844,C/C=C/C=C/C=C/CC/C=C/C=C/C(=O)NCC(C)C,IC50,'=',100.0,nM,1
CHEMBL2153675,C[C@H](O)[C@@H](N/C(=N/S(=O)(=O)c1ccc(Cl)cc1)N1CC(c2ccccc2)C(c2ccc(Cl)cc2)=N1)C(N)=O,IC50,'>',100.0,nM,1
CHEMBL2153760,NC(=O)CN/C(=N\S(=O)(=O)c1ccc(O)cc1)N1CC(c2ccccc2)C(c2ccc(Cl)cc2)=N1,IC50,'>',100.0,nM,1
CHEMBL2153770,COc1ccc(S(=O)(=O)/N=C(\N[C@H](C(=O)NCC(N)=O)C(C)C)N2CC(c3ccccc3)C(c3ccc(Cl)cc3)=N2)cc1,IC50,'>',100.0,nM,1
CHEMBL2153768,COc1ccc(S(=O)(=O)/N=C(\N[C@@H](C)C(=O)N[C@@H](CO)C(N)=O)N2CC(c3ccccc3)C(c3ccc(Cl)cc3)=N2)cc1,IC50,'>',100.0,nM,1
CHEMBL2153648,CCOC(=O)c1ccc(S(=O)(=O)/N=C(\NC)N2CC(c3ccccc3)C(c3ccc(Cl)cc3)=N2)cc1,IC50,'=',100.0,nM,1
CHEMBL2153667,NC(=O)C[C@H](N/C(=N\S(=O)(=O)c1ccc(Cl)cc1)N1CC(c2ccccc2)C(c2ccc(Cl)cc2)=N1)C(N)=O,IC50,'>',100.0,nM,1
CHEMBL2153769,CC(C)[C@H](N/C(=N\S(=O)(=O)c1ccc(Cl)cc1)N1CC(c2ccccc2)C(c2ccc(Cl)cc2)=N1)C(=O)NCC(N)=O,IC50,'>',100.0,nM,1
CHEMBL488109,O=C([C@@H]1C[C@H]1c1ccc(C(F)(F)F)cc1)N1CCN(S(=O)(=O)c2cc(-c3n[nH]c(=O)o3)cc(C(F)(F)F)c2)CC1,IC50,'=',100.0,nM,1
CHEMBL467921,CC(C)(C)c1nc2nc(-c3ccccc3Cl)c(-c3cnccc3C#N)cc2c2n[nH]c(=O)n12,IC50,'=',100.0,nM,1
CHEMBL2153759,COc1ccc(S(=O)(=O)/N=C(\NCC(N)=O)N2CC(c3ccccc3)C(c3ccc(Cl)cc3)=N2)cc1,IC50,'=',100.0,nM,1
CHEMBL2153771,CC(C)[C@H](N/C(=N\S(=O)(=O)c1ccc(Cl)cc1)N1CC(c2ccccc2)C(c2ccc(Cl)cc2)=N1)C(=O)N[C@@H](C)C(N)=O,IC50,'=',100.0,nM,1
CHEMBL3341881,O=C(Nc1ccc([N+](=O)[O-])cc1)Nc1cccc(-c2cccc(N3CCCC3)n2)c1,IC50,'=',100.0,nM,1
CHEMBL3341875,CCCCN(C)c1cccc(-c2cccc(NC(=O)Nc3ccc(Cl)cc3)c2)n1,IC50,'=',104.0,nM,1
CHEMBL1224370,COc1ccccc1-c1cccc(Cn2cnc3ccc(C(=O)NCc4cccc(F)c4)cc32)c1,IC50,'=',104.0,nM,1
CHEMBL5077926,O=C(NCCc1ccc(F)cc1)Nc1ccc(Cl)cc1,IC50,'=',104.71,nM,1
CHEMBL4580323,O=C(Nc1ccc(Cl)cc1)Nc1ccc(-c2cccnc2)s1,IC50,'=',107.0,nM,1
CHEMBL525551,CCN1C(c2nn(-c3ccc(Cl)cc3Cl)c(-c3ccc(Cl)cc3)c2C)=NC(=O)C1(C)C,IC50,'=',107.0,nM,1
CHEMBL4472252,CC(=O)c1cccc(-c2ccc(NC(=O)Nc3ccc(Cl)cc3)s2)c1,IC50,'=',108.0,nM,1
CHEMBL397329,CC(C)(C)N1CCN(c2nc(-c3ccccc3Cl)c(-c3ccc(Cl)cc3)cc2C#N)CC1,IC50,'=',108.0,nM,1
CHEMBL1085260,CC1(C)CC(N)c2cc(-c3ccc(Cl)cc3)c(-c3ccc(Cl)cc3Cl)nc2O1,IC50,'=',110.0,nM,1
CHEMBL204391,CC(=O)Nc1cc(=O)n(C)c2nc(-c3ccc(Cl)cc3Cl)c(-c3ccc(Cl)cc3)cc12,IC50,'=',110.0,nM,1
CHEMBL4450873,O=C(Nc1ccc(Cl)cc1)Nc1ccc(-c2ccc(Cl)c(Cl)c2)s1,IC50,'=',111.0,nM,1
CHEMBL4469642,COc1ccc2[nH]c(S(=O)(=O)NCc3ccc(-c4ccc(CO)cc4)cc3)cc2c1,IC50,'=',112.0,nM,1
CHEMBL225243,COc1ccc(-c2ncc(C(=O)Nc3ccccc3)nc2-c2ccc(OC)cc2)cc1,IC50,'=',119.0,nM,1
CHEMBL1084602,CC1(C)CC(=O)c2cc(-c3ccc(Cl)cc3)c(-c3ccccc3Cl)nc2O1,IC50,'=',120.0,nM,1
CHEMBL203811,CC(=O)c1c(N)c2cc(-c3ccc(Cl)cc3)c(-c3ccc(Cl)cc3Cl)nc2n(C)c1=O,IC50,'=',120.0,nM,1
CHEMBL3658860,CCCCS(=O)(=O)C[C@H]1C[C@@H](N(C)c2ncnc3[nH]ccc23)C1,IC50,'=',120.0,nM,1
CHEMBL4544856,CCc1c(S(=O)(=O)NCCc2ccc(N3CCCCC3)cc2)[nH]c2ccc(Cl)cc12,IC50,'=',120.0,nM,1
CHEMBL3341863,CCN(CC)c1cccc(-c2cccc(NC(=O)Nc3ccc(Cl)cc3)c2)n1,IC50,'=',125.0,nM,1
CHEMBL1223233,O=C1N=C(Nc2cccc(C(F)(F)F)c2)S/C1=C\c1cccnc1,IC50,'=',125.0,nM,1
CHEMBL5087483,O=C(NCCc1ccccc1C(F)(F)F)Nc1ccc(Cl)cc1,IC50,'=',125.89,nM,1
CHEMBL488037,O=C(NC1CCCCC1)N1CCN(C(c2ccc(Cl)cc2)c2ccccc2Cl)CC1,IC50,'=',128.0,nM,1
CHEMBL511727,CC(C)c1nc(O)c2cc(-c3ccc(Cl)cc3)c(-c3ccccc3Cl)nc2n1,IC50,'=',130.0,nM,1
CHEMBL4437545,CCc1c(S(=O)(=O)NCCc2ccc(N(C)C)cc2)[nH]c2ccc(Cl)cc12,IC50,'=',130.0,nM,1
CHEMBL1085732,CC1(C)CC(O)c2cc(-c3ccc(Cl)cc3)c(-c3ccc(Cl)cc3Cl)nc2O1,IC50,'=',130.0,nM,1
CHEMBL4091847,O=C(Nc1ccc(Cl)cc1)Nc1cccc(-c2ccc3ccccc3c2)c1,IC50,'=',132.0,nM,1
CHEMBL571204,C[C@H](NC(C)(C)C(=O)Nc1ccc(C(F)(F)F)cn1)[C@@H](Cc1ccc(Cl)cc1)c1cccc(C#N)c1,IC50,'=',132.0,nM,1
CHEMBL4078811,COc1cc(-c2cccc(NC(=O)Nc3ccc(Cl)cc3)c2)ccn1,IC50,'=',133.0,nM,1
CHEMBL4062376,O=C(Nc1ccc(Cl)cc1)Nc1cccc(-c2ccc3occc3c2)c1,IC50,'=',134.0,nM,1
CHEMBL5084600,Cc1ccc(CCNC(=O)Nc2ccc(Cl)cc2)cc1,IC50,'=',134.9,nM,1
CHEMBL572080,C[C@H](NC(C)(C)C(=O)Nc1cc(-c2ccccc2)on1)[C@@H](Cc1ccc(Cl)cc1)c1cccc(C#N)c1,IC50,'=',136.0,nM,1
CHEMBL4449211,O=S(=O)(NCc1cccc(-c2ccc(F)cc2)c1)c1cc2ccccc2[nH]1,IC50,'=',137.0,nM,1
CHEMBL247830,Cc1c(C(C)(C)C)s/c(=N\C(=O)c2ccccc2C(F)(F)F)n1CC1CC1,IC50,'=',140.0,nM,1
CHEMBL2113252,C[C@H](NC(=O)C(C)(C)Oc1ccc(Cl)cc1)[C@@H](Cc1ccccc1Cl)c1ccccc1,IC50,'=',140.0,nM,1
CHEMBL4064182,CC(C)Oc1cccc(-c2cccc(NC(=O)Nc3ccc(Cl)cc3)c2)c1,IC50,'=',141.0,nM,1
CHEMBL1760377,CC[C@H]1C[C@@H]2C[C@@]3(C(=O)OC)c4[nH]c5ccc(OC)cc5c4[C@H]4O[C@@H]2N([C@@H]4O)[C@@H]13,IC50,'=',141.0,nM,1
CHEMBL5093337,N#Cc1cccc(CCNC(=O)Nc2ccc(Cl)cc2)c1,IC50,'=',144.54,nM,1
CHEMBL463845,O=C(NCC1CCCCC1)N1CCN(C(c2ccc(Br)cc2)c2ccccc2Cl)CC1,IC50,'=',146.0,nM,1
CHEMBL5085901,O=C(NCCc1ccc(Br)cc1)Nc1ccc(Cl)cc1,IC50,'=',147.91,nM,1
CHEMBL466084,CCN(CC)C(=O)c1nc(NC(C)C)c2cc(-c3ccc(Cl)cc3)c(-c3ccccc3Cl)nc2n1,IC50,'=',150.0,nM,1
CHEMBL3401615,CCN(CC)c1ccc(CCNC(=O)c2[nH]c3ccc(F)cc3c2C)cc1,IC50,'=',151.0,nM,1
CHEMBL246932,N#Cc1cc(-c2ccc(Cl)cc2)c(-c2ccc(Cl)cc2Cl)nc1Sc1ccc(F)cc1,IC50,'=',154.0,nM,1
CHEMBL3341874,CCCN(C)c1cccc(-c2cccc(NC(=O)Nc3ccc(Cl)cc3)c2)n1,IC50,'=',156.0,nM,1
CHEMBL4443032,O=C(Nc1ccc(Cl)cc1)Nc1cc(-c2ccccc2)ccn1,IC50,'=',156.0,nM,1
CHEMBL3341892,O=C(Nc1cccc(-c2cccc(N3CCCC3)n2)c1)Nc1ccc(Cl)c(Cl)c1,IC50,'=',161.0,nM,1
CHEMBL1715149,O=C(NCCc1ccc(Cl)cc1)Nc1ccc(Cl)cc1,IC50,'=',162.18,nM,1
CHEMBL488031,Cc1ccccc1C(c1ccc(Cl)cc1)N1CCN(C(=O)NC2CCCCCC2)CC1,IC50,'=',163.0,nM,1
CHEMBL247105,Cn1cc(-c2nc(-c3ccccc3Cl)c(-c3ccc(Cl)cc3)cc2C#N)cn1,IC50,'=',165.0,nM,1
CHEMBL5078015,O=C(NCCc1ccc(Cl)cc1Cl)Nc1ccc(Cl)cc1,IC50,'=',165.96,nM,1
CHEMBL3341877,O=C(Nc1ccccc1)Nc1cccc(-c2cccc(N3CCCC3)n2)c1,IC50,'=',166.0,nM,1
CHEMBL4450500,O=C(Nc1ccc(Cl)cc1)Nc1cccc(-c2ccc[nH]2)c1,IC50,'=',169.0,nM,1
CHEMBL5077715,O=C(NCCc1ccccc1F)Nc1ccc(Cl)cc1,IC50,'=',169.82,nM,1
CHEMBL181331,Cn1c(C(=O)NN2CCOCC2)nc(-c2ccc(Cl)cc2Cl)c1-c1ccc(Cl)cc1,IC50,'=',169.82,nM,1
CHEMBL2096841,C[C@@H](NC(=O)C(C)(C)Oc1ccc(Cl)cc1)[C@H](Cc1ccc(Cl)cc1)c1ccccc1,IC50,'=',170.0,nM,1
CHEMBL227791,O=C(NN1CCCCC1)c1cnc(-c2ccccc2Cl)c(-c2ccccc2Cl)n1,IC50,'=',174.0,nM,1
CHEMBL3696832,CCCNc1cnn(C2CC(C)(C)CC(C)(C)C2)c(=O)c1Br,IC50,'=',174.0,nM,1
CHEMBL5083846,O=C(NCCc1ccc(C(F)(F)F)cc1)Nc1ccc(Cl)cc1,IC50,'=',177.83,nM,1
CHEMBL4081259,O=C(Nc1ccc(Cl)cc1)Nc1cccc(-c2ccncc2)c1,IC50,'=',178.0,nM,1
CHEMBL3099055,[2H]C([2H])([18F])Oc1nc(NCCc2ccc(F)cc2)nc(-c2ccc(Cl)c(C(C)(C)O)c2)n1,IC50,'=',180.0,nM,1
CHEMBL3099054,CC(C)(O)c1cc(-c2nc(NCCc3ccc(F)cc3)nc(OCF)n2)ccc1Cl,IC50,'=',180.0,nM,1
CHEMBL3341867,CCNc1cccc(-c2cccc(NC(=O)Nc3ccc(Cl)cc3)c2)n1,IC50,'=',181.0,nM,1
CHEMBL3086846,C/C=C/C=C/C=C\CC/C=C/C=C/C(=O)NCC(C)(C)O,IC50,'=',184.0,nM,1
CHEMBL571831,C[C@H](NC(=O)C(C)(C)Nc1cc(-c2ccccc2)on1)[C@@H](Cc1ccc(Cl)cc1)c1cccc(C#N)c1,IC50,'=',186.0,nM,1
CHEMBL488614,O=C(NC1CCCCC1)N1CCN(C(c2ccc(Cl)cc2)c2ccccc2C(F)(F)F)CC1,IC50,'=',186.0,nM,1
CHEMBL1360165,O=C(NCCc1ccccc1)Nc1ccc(Cl)cc1,IC50,'=',186.21,nM,1
CHEMBL1765161,O=C(c1ccc2ccccc2n1)N1CC[C@](O)(c2ccccc2)[C@H]2CCCC[C@H]21,IC50,'=',188.0,nM,1
CHEMBL3341883,COc1ccc(NC(=O)Nc2cccc(-c3cccc(N4CCCC4)n3)c2)cc1,IC50,'=',189.0,nM,1
CHEMBL4102237,Cc1ccccc1-c1cccc(NC(=O)Nc2ccc(Cl)cc2)c1,IC50,'=',190.0,nM,1
CHEMBL466062,CC(C)c1nc(N)c2cc(-c3ccc(Cl)cc3)c(-c3ccccc3Cl)nc2n1,IC50,'=',190.0,nM,1
CHEMBL180461,Cn1c(C(=O)NN2CCCCC2)nc(-c2ccc(Cl)cc2)c1-c1ccc(Cl)cc1Cl,IC50,'=',190.0,nM,1
CHEMBL4073727,O=C(Nc1ccc(Cl)cc1)Nc1cccc(-c2cccc(-c3ccccc3)c2)c1,IC50,'=',195.0,nM,1
CHEMBL487855,Cc1ccccc1C(c1ccc(Cl)cc1)N1CCN(C(=O)NC2CCCCC2)CC1,IC50,'=',195.0,nM,1
CHEMBL527081,Cc1c(C2=NC(=O)C(C)(C)N2Cc2ccccc2)nn(-c2ccc(Cl)cc2Cl)c1-c1ccc(Cl)cc1,IC50,'=',197.0,nM,1
CHEMBL1760376,CC[C@H]1C[C@@H]2C[C@@]3(C(=O)OC)c4[nH]c5ccc(OC)cc5c4[C@@H]4CN([C@@H]13)[C@H]2O4,IC50,'=',199.0,nM,1
CHEMBL604688,CC(=O)C1CCN(C(=O)c2nn(-c3ccccc3Cl)c(-c3ccc(Cl)cc3)c2CC#N)CC1,IC50,'=',199.0,nM,1
CHEMBL4453546,Cc1c(S(=O)(=O)NCCc2ccc(N3CCCCC3)cc2)[nH]c2ccccc12,IC50,'=',200.0,nM,1
CHEMBL4439447,Cc1ccc(CNS(=O)(=O)c2[nH]c3ccccc3c2C)cc1,IC50,'=',200.0,nM,1
CHEMBL4466958,Cc1c(S(=O)(=O)NCCc2ccccc2)[nH]c2ccccc12,IC50,'>',200.0,nM,1
CHEMBL4447542,COc1ccc(CNS(=O)(=O)c2cc3ccccc3[nH]2)cc1,IC50,'=',200.0,nM,1
CHEMBL182192,O=C(NN1CCCCC1)c1nc(-c2ccc(Cl)cc2Cl)c(-c2ccc(Cl)cc2Cl)o1,IC50,'=',200.0,nM,1
CHEMBL520078,O=C([C@@H]1C[C@H]1c1ccc(C(F)(F)F)cc1)N1CCN(S(=O)(=O)c2cc(-c3noc(=O)[nH]3)cc(C(F)(F)F)c2)CC1,IC50,'=',200.0,nM,1
CHEMBL4464649,COc1ccc(CNS(=O)(=O)c2[nH]c3ccccc3c2C)cc1,IC50,'=',200.0,nM,1
CHEMBL567297,C[C@H](NC(=O)C(C)(C)Nc1ccnn1C)[C@@H](Cc1ccc(Cl)cc1)c1cccc(C#N)c1,IC50,'=',203.0,nM,1
CHEMBL3341882,Cc1ccc(NC(=O)Nc2cccc(-c3cccc(N4CCCC4)n3)c2)cc1,IC50,'=',203.0,nM,1
CHEMBL488615,O=C(NC1CCCCCC1)N1CCN(C(c2ccc(Cl)cc2)c2ccccc2C(F)(F)F)CC1,IC50,'=',204.0,nM,1
CHEMBL3401613,CCc1c(C(=O)NCCc2ccc(N(C)C)cc2)[nH]c2ccc(F)cc12,IC50,'=',205.0,nM,1
CHEMBL362650,O=C(NC1CCCCC1)c1cnc(-c2ccc(Cl)cc2Cl)c(-c2ccc(Cl)cc2)c1,IC50,'=',210.0,nM,1
CHEMBL181016,O=C(Nc1ccccc1)c1ccc(-c2ccc(Cl)cc2)c(-c2ccc(Cl)cc2Cl)n1,IC50,'=',210.0,nM,1
CHEMBL526089,COc1ccc(-c2c(C)c(C3=NC(=O)C(C)(C)N3C)nn2-c2ccc(Cl)cc2Cl)cc1,IC50,'=',211.8,nM,1
CHEMBL1289260,COc1ccc(CCNC(=O)Nc2ccc(Cl)cc2)cc1,IC50,'=',213.8,nM,1
CHEMBL3696850,CC1(C)CC(n2ncc3c(cnn3CCN3CCOCC3)c2=O)CC(C)(C)C1,IC50,'=',219.0,nM,1
CHEMBL3120200,Cc1ccc(-n2c(-c3ccc(Cl)cc3)nn(C(=O)NC3CCCCC3)c2=O)cc1,IC50,'=',222.0,nM,1
CHEMBL488218,O=C(NC1CCCCCC1)N1CCN(C(c2ccc(Cl)cc2)c2ccccc2Cl)CC1,IC50,'=',226.0,nM,1
CHEMBL3341891,O=C(Nc1cccc(Cl)c1)Nc1cccc(-c2cccc(N3CCCC3)n2)c1,IC50,'=',228.0,nM,1
CHEMBL5086756,O=C(NCCc1ccccc1Cl)Nc1ccc(Cl)cc1,IC50,'=',229.09,nM,1
CHEMBL4093478,COc1cccc(-c2cccc(NC(=O)Nc3ccc(Cl)cc3)c2)n1,IC50,'=',231.0,nM,1
CHEMBL4577814,O=C(Nc1ccc(Cl)cc1)Nc1ccnc(-c2ccccc2)c1,IC50,'=',233.0,nM,1
CHEMBL4067924,O=C(Nc1ccc(Cl)cc1)Nc1cccc(-c2cccnc2)c1,IC50,'=',244.0,nM,1
CHEMBL527108,C=CCN1C(c2nn(-c3ccc(Cl)cc3Cl)c(-c3ccc(Cl)cc3)c2C)=NC(=O)C1(C)C,IC50,'=',248.9,nM,1
CHEMBL4466826,Cc1c(S(=O)(=O)NCc2ccc(C(F)(F)F)cc2)[nH]c2ccccc12,IC50,'=',250.0,nM,1
CHEMBL3341876,CC(=O)Nc1cccc(-c2cccc(NC(=O)Nc3ccc(Cl)cc3)c2)n1,IC50,'=',251.0,nM,1
CHEMBL4848650,CN(C)c1ccc(CCNC(=O)Nc2ccc(Cl)cc2)cc1,IC50,'=',251.19,nM,1
CHEMBL4856374,O=C(NCCN1CCCC1)Nc1ccc(Cl)cc1,IC50,'=',251.19,nM,1
CHEMBL519830,O=C(NCc1ccc(F)cc1)c1ccc2c(c1)N=C(c1ccc(F)cc1)c1ccccc1N2,IC50,'=',251.19,nM,1
CHEMBL3696848,CCCn1ncc2c(=O)n(C3CC(C)(C)CC(C)(C)C3)ncc21,IC50,'=',257.0,nM,1
CHEMBL359488,O=C(NN1CCCCC1)c1nc(-c2ccc(Cl)cc2Cl)c(-c2ccc(Cl)cc2)o1,IC50,'=',260.0,nM,1
CHEMBL1765259,O=C(c1ccc2ncccc2c1)N1CC[C@@](O)(c2ccccc2)[C@@H]2CCCC[C@@H]21,IC50,'=',261.0,nM,1
CHEMBL1224372,COc1cc(F)ccc1-c1cccc(Cn2cnc3ccc(NC(=O)C(C)(C)C)cc32)c1,IC50,'=',269.0,nM,1
CHEMBL487854,O=C(NCC1CCCCC1)N1CCN(C(c2ccc(Cl)cc2)c2ccccc2Cl)CC1,IC50,'=',273.0,nM,1
CHEMBL3401619,Cc1c(C(=O)NCCc2ccc(N3CCCCC3)cc2)[nH]c2ccc(F)cc12,IC50,'=',279.0,nM,1
CHEMBL230073,C[C@H](NC(=O)c1cc(Cl)cc(Cl)c1)[C@@H](Cc1ccc(Cl)cc1)c1cccc(C#N)c1,IC50,'=',282.2,nM,1
CHEMBL463846,CC(C)(C)NC(=O)N1CCN(C(c2ccc(Br)cc2)c2ccccc2Cl)CC1,IC50,'=',286.0,nM,1
CHEMBL1223234,C=C(C)Cn1c(SCC(=O)OC)nc2sc3c(c2c1=O)CC(C)(C)OC3,IC50,'=',290.0,nM,1
CHEMBL4105512,O=C(Nc1ccc(Cl)cc1)Nc1cccc(-c2cncnc2)c1,IC50,'=',290.0,nM,1
CHEMBL4539271,O=C(Nc1ccc(Cl)cc1)Nc1cncc(-c2ccccc2)c1,IC50,'=',292.0,nM,1
CHEMBL4543664,Cc1c(S(=O)(=O)NCCc2ccc(N(C)C)cc2)[nH]c2ccccc12,IC50,'=',300.0,nM,1
CHEMBL3099056,COc1nc(NCCc2ccc(F)cc2)nc(-c2ccc(Cl)c(C(C)(C)O)c2)n1,IC50,'=',300.0,nM,1
CHEMBL4455319,NC(=O)c1cccc(-c2ccc(CNS(=O)(=O)c3cc4ccccc4[nH]3)cc2)c1,IC50,'=',300.0,nM,1
CHEMBL2153655,CCOC(=O)Nc1ccc(S(=O)(=O)/N=C(\NC)N2CC(c3ccccc3)C(c3ccc(Cl)cc3)=N2)cc1,IC50,'=',300.0,nM,1
CHEMBL584332,Cc1cc(NC(C)(C)C(=O)N[C@@H](C)[C@@H](Cc2ccc(Cl)cc2)c2cccc(C#N)c2)n[nH]1,IC50,'=',301.0,nM,1
CHEMBL3341868,CCCNc1cccc(-c2cccc(NC(=O)Nc3ccc(Cl)cc3)c2)n1,IC50,'=',311.0,nM,1
CHEMBL3341885,O=C(Nc1cccc(-c2cccc(N3CCCC3)n2)c1)Nc1ccc2c(c1)OCO2,IC50,'=',312.0,nM,1
CHEMBL1765160,O=C(c1ccc(Cl)cc1)N1CC[C@](O)(c2ccccc2)[C@H]2CCCC[C@H]21,IC50,'=',312.0,nM,1
CHEMBL472299,CC(C)(C)NC(=O)N1CCN(C(c2ccc(Cl)cc2)c2cccc(Cl)c2Cl)CC1,IC50,'=',316.0,nM,1
CHEMBL519170,CCCC1=Nc2cc(C(=O)NC3CCN(C(=O)OCC)CC3)ccc2Sc2ccccc21,IC50,'=',316.23,nM,1
CHEMBL3341866,CNc1cccc(-c2cccc(NC(=O)Nc3ccc(Cl)cc3)c2)n1,IC50,'=',317.0,nM,1
CHEMBL3401616,CCN(CC)c1ccc(CCNC(=O)c2cc3cc(F)ccc3[nH]2)cc1,IC50,'=',318.0,nM,1
CHEMBL3401620,O=C(NCCc1ccc(N2CCCCC2)cc1)c1cc2cc(F)ccc2[nH]1,IC50,'=',319.0,nM,1
CHEMBL500688,CN1C(c2cc(-c3ccc(Cl)cc3)n(-c3ccc(Cl)cc3Cl)n2)=NC(=O)C1(C)C,IC50,'=',325.1,nM,1
CHEMBL528325,Cc1ccccc1C(c1ccc(Cl)cc1)N1CCN(C(=O)NC(C)(C)C)CC1,IC50,'=',334.0,nM,1
CHEMBL4071010,O=C(Nc1ccc(Cl)cc1)Nc1cccc(-c2ccc3ccccc3n2)c1,IC50,'=',334.0,nM,1
CHEMBL4104660,O=C(Nc1ccc(Cl)cc1)Nc1cccc(-c2c(Cl)cccc2Cl)c1,IC50,'=',338.0,nM,1
CHEMBL180507,O=C(c1ccc(-c2ccc(Cl)cc2)c(-c2ccc(Cl)cc2Cl)n1)N1CCCCC1,IC50,'=',340.0,nM,1
CHEMBL1209598,CC(C)(Oc1ccc(C(F)(F)F)cn1)C(=O)NCC(C)(Cc1ccc(Cl)cc1)c1cccc(Br)c1,IC50,'=',340.0,nM,1
CHEMBL488613,Cc1ccccc1C(c1ccc(Cl)cc1)N1CCN(C(=O)NCC2CCCCC2)CC1,IC50,'=',340.0,nM,1
CHEMBL3086045,Cc1ccccc1[C@H]1C[C@@H](NCc2ccc(Cl)cc2)CC[C@@H]1C(=O)N1CC(c2ccccc2)(c2ccccc2)C1,IC50,'=',345.0,nM,1
CHEMBL4577767,COC(=O)c1cccc(-c2ccc(NC(=O)Nc3ccc(Cl)cc3)s2)c1,IC50,'=',345.0,nM,1
CHEMBL1760933,O=C(Nc1cccc(C(F)(F)F)n1)c1nc(CN2CCC(F)(F)CC2)c2ccccn12,IC50,'=',347.0,nM,1
CHEMBL3401614,CCc1c(C(=O)NCCc2ccc(N(CC)CC)cc2)[nH]c2ccc(F)cc12,IC50,'=',361.0,nM,1
CHEMBL3341864,CCCN(CCC)c1cccc(-c2cccc(NC(=O)Nc3ccc(Cl)cc3)c2)n1,IC50,'=',372.0,nM,1
CHEMBL3120198,COc1ccc(-n2c(-c3ccc(Cl)cc3)nn(C(=O)NC3CCCCC3)c2=O)cc1,IC50,'=',388.0,nM,1
CHEMBL3109764,O=C(N[C@@H]1CCCC[C@H]1O)c1cnc(OC2CCCC2)c(-c2cc(C(F)(F)F)ccc2Cl)c1,IC50,'=',395.0,nM,1
CHEMBL5081868,O=C(NCCc1c(F)cccc1Cl)Nc1ccc(Cl)cc1,IC50,'=',398.11,nM,1
CHEMBL468931,CC(C)NC(=O)N1CCN(C(c2ccc(Cl)cc2)c2ccccc2Cl)CC1,IC50,'=',398.11,nM,1
CHEMBL4452080,COc1ccc(CNS(=O)(=O)c2cc3cc(OC)ccc3[nH]2)cc1,IC50,'=',400.0,nM,1
CHEMBL4451670,Cc1c(S(=O)(=O)NCc2ccc(Cl)cc2)[nH]c2ccccc12,IC50,'=',400.0,nM,1
CHEMBL488324,O=C([C@@H]1C[C@H]1c1ccc(C(F)(F)F)cc1)N1CCN(S(=O)(=O)c2cc(-c3n[nH]c(=O)[nH]3)cc(C(F)(F)F)c2)CC1,IC50,'=',400.0,nM,1
CHEMBL361003,O=C(NN1CCCCC1)c1cc(-c2ccc(Cl)cc2)c(-c2ccc(Cl)cc2Cl)nc1Cl,IC50,'=',400.0,nM,1
CHEMBL488535,Nc1nnc(-c2cc(C(F)(F)F)cc(S(=O)(=O)N3CCN(C(=O)[C@@H]4C[C@H]4c4ccc(C(F)(F)F)cc4)CC3)c2)o1,IC50,'=',400.0,nM,1
CHEMBL472300,O=C(NC1CCCCCC1)N1CCN(C(c2ccc(Cl)cc2)c2cccc(Cl)c2Cl)CC1,IC50,'=',424.0,nM,1
CHEMBL5093930,N#Cc1ccc(CCNC(=O)Nc2ccc(Cl)cc2)cc1,IC50,'=',436.52,nM,1
CHEMBL487853,O=C(NC1CCCCC1)N1CCN(C(c2ccc(Cl)cc2)c2cccc(Cl)c2Cl)CC1,IC50,'=',441.0,nM,1
CHEMBL519584,CC(C)(C)NC(=O)N1CCN(C(c2ccc(Cl)cc2)c2ccccc2Cl)CC1,IC50,'=',443.0,nM,1
CHEMBL5082643,COc1cccc(CCNC(=O)Nc2ccc(Cl)cc2)c1,IC50,'=',446.68,nM,1
CHEMBL13178,COc1ccc(C(=O)c2c(C)n(CCN3CCOCC3)c3ccccc23)cc1,IC50,'=',453.0,nM,1
CHEMBL4092811,CC(C)(C)c1cc(-c2cccc(NC(=O)Nc3ccc(Cl)cc3)c2)cc(C(C)(C)C)c1,IC50,'=',460.0,nM,1
CHEMBL180154,O=C(c1cnc(-c2ccc(Cl)cc2Cl)c(-c2ccc(Cl)cc2)c1)N1CCCCC1,IC50,'=',460.0,nM,1
CHEMBL360352,Cc1ccc(-c2nc(C(=O)NN3CCCCC3)n(C)c2-c2ccc(C)cc2)cc1,IC50,'=',460.0,nM,1
CHEMBL181305,O=C(NN1CCCCC1)c1nc(-c2ccc(Cl)cc2)c(-c2ccc(Cl)cc2Cl)o1,IC50,'=',470.0,nM,1
CHEMBL1096845,CC1(C)C[C@H](NC(=O)CC(O)(C(F)(F)F)C(F)(F)F)c2cc(-c3ccc(Cl)cc3)c(-c3ccc(Cl)cc3Cl)nc2O1,IC50,'=',480.0,nM,1
CHEMBL182241,O=C(NN1CCCCC1)c1cnc(-c2ccc(Cl)cc2Cl)c(-c2ccc(Cl)cc2)c1,IC50,'=',480.0,nM,1
CHEMBL3400533,CCc1c(C(=O)NCCc2ccc(N(CC)CC)cc2)[nH]c2ccc(Cl)cc12,IC50,'=',483.0,nM,1
CHEMBL4466612,COc1ccc(CNS(=O)(=O)c2[nH]c3ccc(Cl)cc3c2C)cc1,IC50,'=',500.0,nM,1
CHEMBL179324,O=C(NC1CCCCC1)c1nc(-c2ccc(Cl)cc2)c(-c2ccc(Cl)cc2)o1,IC50,'=',500.0,nM,1
CHEMBL2153762,C[C@H](N/C(=N\S(=O)(=O)c1ccc(O)cc1)N1CC(c2ccccc2)C(c2ccc(Cl)cc2)=N1)C(N)=O,IC50,'>',500.0,nM,1
CHEMBL4441620,CCc1c(S(=O)(=O)NCCc2ccc(N3CCOCC3)cc2)[nH]c2ccc(Cl)cc12,IC50,'=',500.0,nM,1
CHEMBL3341872,O=C(Nc1ccc(Cl)cc1)Nc1cccc(-c2cccc(NC3CCCC3)n2)c1,IC50,'=',501.0,nM,1
CHEMBL4554290,CS(=O)(=O)c1cccc(-c2ccc(NC(=O)Nc3ccc(Cl)cc3)s2)c1,IC50,'=',501.0,nM,1
CHEMBL4099590,O=C(Nc1ccc(Cl)cc1)Nc1cccc(-c2cnc3ccccc3c2)c1,IC50,'=',516.0,nM,1
CHEMBL181888,COc1ccc(-c2cc(C#N)c(OCc3ccccc3)nc2-c2ccc(N(C)C)cc2)cc1,IC50,'=',530.0,nM,1
CHEMBL5087934,CC(C)(C)c1ccc(CCNC(=O)Nc2ccc(Cl)cc2)cc1,IC50,'=',537.03,nM,1
CHEMBL180734,CCCCCCNC(=O)c1nc(-c2ccc(Cl)cc2)c(-c2ccc(Cl)cc2)n1C,IC50,'=',540.0,nM,1
CHEMBL4065139,CC(C)(C)c1ccc(-c2cccc(NC(=O)Nc3ccc(Cl)cc3)c2)cc1,IC50,'=',591.0,nM,1
CHEMBL3401618,CCc1c(C(=O)NCCc2ccc(N3CCCCC3)cc2)[nH]c2ccc(F)cc12,IC50,'=',605.0,nM,1
CHEMBL248015,CCOCCn1c(C)c(C(C)(C)C)s/c1=N\C(=O)c1cccc(C(F)(F)F)c1,IC50,'=',690.0,nM,1
CHEMBL3341865,CCCCN(CCCC)c1cccc(-c2cccc(NC(=O)Nc3ccc(Cl)cc3)c2)n1,IC50,'=',693.0,nM,1
CHEMBL1760938,O=C(N[C@H](c1ccccn1)C(F)(F)F)c1nc(N2CCOCC2)n2ccccc12,IC50,'=',705.0,nM,1
CHEMBL3341893,O=C(Nc1cc(Cl)cc(Cl)c1)Nc1cccc(-c2cccc(N3CCCC3)n2)c1,IC50,'=',716.0,nM,1
CHEMBL487676,O=C(NC1CCCCCC1)N1CCN(C(c2ccc(Cl)cc2)c2ccc(Cl)cc2Cl)CC1,IC50,'=',729.0,nM,1
CHEMBL440407,CC(C)OCCn1/c(=N/C(=O)c2cccc(C(F)(F)F)c2F)cc(C(C)(C)C)n1C,IC50,'=',760.0,nM,1
CHEMBL225300,O=C(Nc1ccccc1)c1cnc(-c2ccccc2Cl)c(-c2ccccc2Cl)n1,IC50,'=',763.0,nM,1
CHEMBL389883,O=C(NN1CCCCC1)c1cnc(-c2ccccc2)c(-c2ccccc2)n1,IC50,'=',766.0,nM,1
CHEMBL512643,CC(C)NC(=O)N1CCN(C(c2ccc(Br)cc2)c2ccccc2Cl)CC1,IC50,'=',776.25,nM,1
CHEMBL1086492,CN1CCC2(CC1)CC(=O)c1cc(-c3ccc(Cl)cc3)c(-c3ccccc3Cl)nc1O2,IC50,'=',790.0,nM,1
CHEMBL4860470,O=C(NCCc1ccc(N2CCCCC2)cc1)Nc1ccc(Cl)cc1,IC50,'=',794.33,nM,1
CHEMBL1393182,O=C(NCCN1CCOCC1)Nc1ccc(Cl)cc1,IC50,'=',794.33,nM,1
CHEMBL4857633,O=C(NCCc1ccc(N2CCCC2)cc1)Nc1ccc(Cl)cc1,IC50,'=',794.33,nM,1
CHEMBL465697,O=C(NCC1CCCCC1)N1CCN(C(c2ccc(Cl)cc2)c2ccccc2C(F)(F)F)CC1,IC50,'=',798.0,nM,1
CHEMBL4583847,Cc1c(S(=O)(=O)NCc2ccc(Cl)c(Cl)c2)[nH]c2ccccc12,IC50,'=',800.0,nM,1
CHEMBL4457413,Cc1c(S(=O)(=O)NCc2cccc(Cl)c2)[nH]c2ccccc12,IC50,'=',800.0,nM,1
CHEMBL263913,Cn1c(C(C)(C)C)c/c(=N\C(=O)c2cccc(C(F)(F)F)c2F)n1CC1CCCC1,IC50,'=',810.0,nM,1
CHEMBL1209670,CC(C)(Oc1ccc(C(F)(F)F)cn1)C(=O)N1CCC(Cc2ccc(Cl)cc2)(c2ccccc2)C1,IC50,'=',810.0,nM,1
CHEMBL555610,Cc1c(C(C)(C)C)s/c(=N\C(=O)c2cc(C(F)(F)F)ccc2Cl)n1CC1CC1,IC50,'=',830.0,nM,1
CHEMBL3401603,CCc1c(C(=O)NCCc2cccc(Cl)c2)[nH]c2ccc(Cl)cc12,IC50,'=',831.0,nM,1
CHEMBL4085745,O=C(Nc1ccc(Cl)cc1)Nc1cccc(-c2cccc(O)c2)c1,IC50,'=',840.0,nM,1
CHEMBL231642,C[C@H](NC(=O)c1ccccc1)[C@@H](Cc1ccc(Cl)cc1)c1cccc(C#N)c1,IC50,'=',845.0,nM,1
CHEMBL499075,CCCN1C(c2nn(-c3ccc(Cl)cc3Cl)c(-c3ccc(Cl)cc3)c2C)=NC(=O)C1(C)C,IC50,'=',853.6,nM,1
CHEMBL3341870,CCCCCNc1cccc(-c2cccc(NC(=O)Nc3ccc(Cl)cc3)c2)n1,IC50,'=',867.0,nM,1
CHEMBL410243,CCOCCn1/c(=N/C(=O)c2cccc(C(F)(F)F)c2F)cc(C(C)(C)C)n1C,IC50,'=',870.0,nM,1
CHEMBL5084216,O=C(NCCc1ccc(-c2ccccc2)cc1)Nc1ccc(Cl)cc1,IC50,'=',870.96,nM,1
CHEMBL3120210,COc1ccc(-c2nn(C(=O)NC3CCCCC3)c(=O)n2-c2ccc(Cl)cc2)cc1,IC50,'=',878.0,nM,1
CHEMBL3341896,O=C(Nc1cccc(-c2cccc(N3CCCC3)n2)c1)Nc1ccc2ccccc2c1,IC50,'=',888.0,nM,1
CHEMBL181269,Cc1ccc(-c2nc(C(=O)NC3CCCCC3)n(C)c2-c2ccc(C)cc2)cc1,IC50,'=',900.0,nM,1
CHEMBL181818,Cn1c(C(=O)NC(C)(C)C)nc(-c2ccc(Cl)cc2)c1-c1ccc(Cl)cc1,IC50,'=',900.0,nM,1
CHEMBL1765092,O=C(c1csc(-c2ccncc2)n1)N1CCC(O)(c2ccccc2)[C@@H]2CCCC[C@@H]21,IC50,'=',930.0,nM,1
CHEMBL264154,Cn1c(C(C)(C)C)c/c(=N\C(=O)c2cccc(C(F)(F)F)c2F)n1CC1CCC1,IC50,'=',940.0,nM,1
CHEMBL3120208,Cc1ccc(NC(=O)n2nc(-c3ccc(C)cc3)n(-c3ccc(Cl)cc3)c2=O)cc1,IC50,'=',947.0,nM,1
CHEMBL1765154,O=C(c1ccc(Cl)cc1)N1CC[C@](O)(c2ccccc2)[C@H]2CCCC[C@@H]21,IC50,'=',963.0,nM,1
CHEMBL3093366,O=C(CCc1nc(-c2ccc(F)cc2Br)no1)Nc1ccc2c(c1)c1ccccc1n2CCCO,IC50,'>',1000.0,nM,1
CHEMBL3093379,O=C(CCc1nc(-c2ccc(F)cc2)no1)Nc1ccc2c(c1)c1ccccc1n2CCF,IC50,'>',1000.0,nM,1
CHEMBL4535618,Cc1c(S(=O)(=O)NCc2ccccc2)[nH]c2ccccc12,IC50,'>',1000.0,nM,1
CHEMBL4445522,Cc1c(S(=O)(=O)NCCN2CCOCC2)[nH]c2ccccc12,IC50,'>',1000.0,nM,1
CHEMBL4448975,O=C(O)c1ccc(-c2ccc(CNS(=O)(=O)c3cc4ccccc4[nH]3)cc2)cc1,IC50,'>',1000.0,nM,1
CHEMBL4553613,Cc1cc(CNS(=O)(=O)c2cc3cc(Cl)ccc3[nH]2)ccc1-c1ccc(F)cc1,IC50,'>',1000.0,nM,1
CHEMBL4467598,Cc1c(S(=O)(=O)NCC2CCCCC2)[nH]c2ccccc12,IC50,'>',1000.0,nM,1
CHEMBL2153659,C[C@H](N/C(=N\S(=O)(=O)c1ccc(Cl)cc1)N1CC(c2ccccc2)C(c2ccc(Cl)cc2)=N1)C(=O)O,IC50,'>',1000.0,nM,1
CHEMBL4473208,Cc1cc(-c2ccc(F)cc2)ccc1CNS(=O)(=O)c1cc2cc(Cl)ccc2[nH]1,IC50,'>',1000.0,nM,1
CHEMBL2153671,CC(C)[C@H](N/C(=N\S(=O)(=O)c1ccc(Cl)cc1)N1C[C@@H](c2ccccc2)C(c2ccc(Cl)cc2)=N1)C(N)=O,IC50,'>',1000.0,nM,1
CHEMBL4472117,Cc1c(S(=O)(=O)NCc2ccccn2)[nH]c2ccccc12,IC50,'>',1000.0,nM,1
CHEMBL4541265,Cc1c(S(=O)(=O)NCc2cccnc2)[nH]c2ccccc12,IC50,'>',1000.0,nM,1
CHEMBL4551143,CCc1c(S(=O)(=O)NCc2ccc(Cl)cc2)[nH]c2ccc(Cl)cc12,IC50,'>',1000.0,nM,1
CHEMBL2153657,O=C(O)CN/C(=N\S(=O)(=O)c1ccc(Cl)cc1)N1CC(c2ccccc2)C(c2ccc(Cl)cc2)=N1,IC50,'>',1000.0,nM,1
CHEMBL2153661,O=C(O)[C@@H](O)CCN/C(=N\S(=O)(=O)c1ccc(Cl)cc1)N1CC(c2ccccc2)C(c2ccc(Cl)cc2)=N1,IC50,'>',1000.0,nM,1
CHEMBL4470433,Cc1c(S(=O)(=O)NCCc2ccc(N3CCOCC3)cc2)[nH]c2ccccc12,IC50,'>',1000.0,nM,1
CHEMBL3093378,O=C(CCc1nc(-c2ccc(F)cc2Br)no1)Nc1ccc2c(c1)c1ccccc1n2CCF,IC50,'>',1000.0,nM,1
CHEMBL3093383,N#Cc1cc(F)ccc1-c1noc(CCC(=O)Nc2ccc3c(c2)c2ccccc2n3CCF)n1,IC50,'>',1000.0,nM,1
CHEMBL4202707,COc1cc(NC(=O)C(=O)c2c(C)n(Cc3ccc(Cl)cc3)c3ccc(C)cc23)ccn1,IC50,'>',1000.0,nM,1
CHEMBL3093369,O=C(CCc1nc(-c2ccc(F)cc2Br)no1)Nc1ccc2c(c1)c1ccccc1n2CCCCO,IC50,'>',1000.0,nM,1
CHEMBL181403,O=C(NC1CCCCC1)c1nc(-c2ccc(Cl)cc2)c(-c2ccc(Cl)cc2Cl)o1,IC50,'=',1000.0,nM,1
CHEMBL4437473,Cc1c(S(=O)(=O)NCCCN2CCOCC2)[nH]c2ccccc12,IC50,'>',1000.0,nM,1
CHEMBL2153654,CN/C(=N\S(=O)(=O)c1ccc(NC(C)=O)cc1)N1CC(c2ccccc2)C(c2ccc(Cl)cc2)=N1,IC50,'>',1000.0,nM,1
CHEMBL1765261,O=C(c1ccc2[nH]ccc2c1)N1CC[C@@](O)(c2ccccc2)[C@@H]2CCCC[C@@H]21,IC50,'=',1002.0,nM,1
CHEMBL3696824,CCCNc1cnn(C2CC(C)(C)CC(C)(C)C2)c(=O)c1Cl,IC50,'=',1023.0,nM,1
CHEMBL3696823,CN(C)c1cnn(C2CC(C)(C)CC(C)(C)C2)c(=O)c1Cl,IC50,'=',1023.0,nM,1
CHEMBL521068,O=C(NCC1CCCCC1)N1CCN(C(c2ccc(Cl)cc2)c2ccc(Cl)cc2Cl)CC1,IC50,'=',1040.0,nM,1
CHEMBL5087536,COc1cc(CCNC(=O)Nc2ccc(Cl)cc2)cc(OC)c1,IC50,'=',1071.52,nM,1
CHEMBL180949,Cn1c(C(=O)N2CCCCC2)nc(-c2ccc(Cl)cc2)c1-c1ccc(Cl)cc1,IC50,'=',1100.0,nM,1
CHEMBL247651,Cc1c(C(C)(C)C)s/c(=N\C(=O)c2cccc(OC(F)(F)F)c2)n1CC1CC1,IC50,'=',1100.0,nM,1
CHEMBL5091640,Cc1c(C(=O)NCc2ccccc2/N=N\c2ccccc2)nn(CCCCCO)c1-c1ccccc1,IC50,'=',1100.0,nM,1
CHEMBL589159,N#CCc1c(C(=O)NCCN2CCCCC2)nn(-c2ccccc2Cl)c1-c1ccc(Cl)cc1,IC50,'=',1110.0,nM,1
CHEMBL499076,CCCCN1C(c2nn(-c3ccc(Cl)cc3Cl)c(-c3ccc(Cl)cc3)c2C)=NC(=O)C1(C)C,IC50,'=',1110.8,nM,1
CHEMBL481885,CCCCOC(=O)Cn1nc(-c2ccc(Cl)cc2Cl)c(-c2ccc(Cl)cc2Cl)n1,IC50,'=',1173.2,nM,1
CHEMBL248386,Cc1ccc(C(F)(F)F)cc1C(=O)/N=c1\sc(C(C)(C)C)c(C)n1CC1CC1,IC50,'=',1200.0,nM,1
CHEMBL4443540,O=C(Nc1ccc(Cl)cc1)N[C@H]1C[C@@H]1c1ccccc1,IC50,'=',1220.0,nM,1
CHEMBL4081586,O=C(Nc1ccc(Cl)cc1)Nc1cccc(-c2ccc3c(c2)Cc2ccccc2-3)c1,IC50,'=',1260.0,nM,1
CHEMBL4542455,COc1ccc(-c2cccc(N3CCCC3)n2)cc1NC(=O)Nc1ccc(Cl)cc1,IC50,'=',1270.0,nM,1
CHEMBL180077,CN(C)C(=O)c1cc(-c2ccc(Cl)cc2)c(-c2ccc(Cl)cc2Cl)nc1Cl,IC50,'=',1300.0,nM,1
CHEMBL1209669,CC(C)(Oc1ccc(C(F)(F)F)cn1)C(=O)N1CC(Cc2ccc(Cl)cc2)(c2ccccc2)C1,IC50,'=',1300.0,nM,1
CHEMBL272754,Cc1c(C(=O)/N=c2\cc(C(C)(C)C)n(C)n2CC2CC2)cccc1C(F)(F)F,IC50,'=',1300.0,nM,1
CHEMBL4096828,Cc1ccnc(-c2cccc(NC(=O)Nc3ccc(Cl)cc3)c2)c1,IC50,'=',1310.0,nM,1
CHEMBL4100542,O=C(Nc1ccc(Cl)cc1)Nc1cccc(-c2ccc(-c3ccccc3)cc2)c1,IC50,'=',1340.0,nM,1
CHEMBL3341871,CCCCCCNc1cccc(-c2cccc(NC(=O)Nc3ccc(Cl)cc3)c2)n1,IC50,'=',1360.0,nM,1
CHEMBL3086845,C/C=C/C=C/C=C/CC/C=C/C=C/C(=O)NCC(C)(C)O,IC50,'=',1392.0,nM,1
CHEMBL361787,O=C(NC1CCCCC1)c1nc(-c2ccc(Cl)cc2)c(-c2ccc(Cl)cc2)[nH]1,IC50,'=',1500.0,nM,1
CHEMBL512410,Cc1nc(N)c2cc(-c3ccc(Cl)cc3)c(-c3ccccc3Cl)nc2n1,IC50,'=',1500.0,nM,1
CHEMBL248385,Cc1c(C(C)(C)C)s/c(=N\C(=O)c2cc(C(F)(F)F)ccc2F)n1CC1CC1,IC50,'=',1500.0,nM,1
CHEMBL1765258,O=C(c1cnc2ccccc2c1)N1CC[C@@](O)(c2ccccc2)[C@@H]2CCCC[C@@H]21,IC50,'=',1528.0,nM,1
CHEMBL4084091,O=C(Nc1ccc(Cl)cc1)Nc1cccc(-c2ccc(C(=O)c3ccccc3)cc2)c1,IC50,'=',1570.0,nM,1
CHEMBL376827,O=C(NC1CCCCC1)c1cnc(-c2ccccc2Cl)c(-c2ccccc2Cl)n1,IC50,'=',1578.0,nM,1
CHEMBL5080839,COc1ccccc1CCNC(=O)Nc1ccc(Cl)cc1,IC50,'=',1584.89,nM,1
CHEMBL1900669,CN1CCN(CCNC(=O)Nc2ccc(Cl)cc2)CC1,IC50,'=',1584.89,nM,1
CHEMBL4860635,O=C(NCC(F)(F)c1ccccc1)Nc1ccc(Cl)cc1,IC50,'=',1584.89,nM,1
CHEMBL4861932,CC(=O)NCCNC(=O)Nc1ccc(Cl)cc1,IC50,'=',1584.89,nM,1
CHEMBL5085907,Cc1c(C(=O)NCc2ccccc2/N=N/c2ccccc2)nn(CCCCCO)c1-c1ccccc1,IC50,'=',1600.0,nM,1
CHEMBL5089019,CN(C)c1cccc(CCNC(=O)Nc2ccc(Cl)cc2)c1,IC50,'=',1621.81,nM,1
CHEMBL3341884,CN(C)c1ccc(NC(=O)Nc2cccc(-c3cccc(N4CCCC4)n3)c2)cc1,IC50,'=',1640.0,nM,1
CHEMBL230182,C[C@H](NS(=O)(=O)C(C)(C)C)[C@@H](Cc1ccc(Cl)cc1)c1cccc(C#N)c1,IC50,'=',1677.0,nM,1
CHEMBL468918,CC(NS(=O)(=O)C(C)(C)C)C(Cc1ccc(Cl)cc1)c1cccc(C#N)c1,IC50,'=',1698.24,nM,1
CHEMBL5090191,Cc1c(C(=O)NCCc2ccccc2/N=N\c2ccccc2)nn(CCCCCO)c1-c1ccccc1,IC50,'=',1700.0,nM,1
CHEMBL236374,Cc1c(C(C)(C)C)s/c(=N\S(=O)(=O)c2cccc3ccccc23)n1CC1CC1,IC50,'=',1700.0,nM,1
CHEMBL4517408,COc1cc(-c2cncc(-c3ccc(N4CCNCC4)cc3)c2C)cc(OC)c1OC,IC50,'=',1720.0,nM,1
CHEMBL2299364,COc1ccc(CCNC(=O)Nc2ccc(Cl)cc2)cc1OC,IC50,'=',1778.28,nM,1
CHEMBL3400534,CCCN(CCC)c1ccc(CCNC(=O)c2[nH]c3ccc(Cl)cc3c2CC)cc1,IC50,'=',1800.0,nM,1
CHEMBL368223,Cn1c(C(=O)NC2CCCCC2)nc(-c2ccccc2)c1-c1ccccc1,IC50,'=',1800.0,nM,1
CHEMBL3120203,COc1ccc(-c2nn(C(=O)NC3CCCCC3)c(=O)n2-c2ccc(C)cc2)cc1,IC50,'=',1840.0,nM,1
CHEMBL3639956,CC1(C)CC(n2ncc(NCCN3CCOCC3)c(Br)c2=O)CC(C)(C)C1,IC50,'=',1862.0,nM,1
CHEMBL3341887,Cc1cc(C)cc(NC(=O)Nc2cccc(-c3cccc(N4CCCC4)n3)c2)c1,IC50,'=',1880.0,nM,1
CHEMBL361182,Cn1c(C(=O)NN2CCCCC2)nc(-c2ccccc2)c1-c1ccccc1,IC50,'=',1900.0,nM,1
CHEMBL398713,COc1ccc(C(F)(F)F)cc1C(=O)/N=c1\sc(C(C)(C)C)c(C)n1CC1CC1,IC50,'=',1900.0,nM,1
CHEMBL230611,C[C@@H]([C@@H](Cc1ccc(Cl)cc1)c1cccc(C#N)c1)N(C)S(=O)(=O)c1cc(Cl)cc(Cl)c1,IC50,'>',2000.0,nM,1
CHEMBL178987,N#Cc1cc(-c2ccc(Cl)cc2)c(-c2ccc(Cl)cc2Cl)n(Cc2ccccc2)c1=O,IC50,'=',2000.0,nM,1
CHEMBL1209749,CC(C)(Oc1ccc(C(F)(F)F)cn1)C(=O)N1CCCC(Cc2ccc(Cl)cc2)(c2ccccc2)C1,IC50,'=',2000.0,nM,1
CHEMBL230067,C[C@@H]([C@@H](Cc1ccc(Cl)cc1)c1cccc(C#N)c1)N(C)S(C)(=O)=O,IC50,'>',2000.0,nM,1
CHEMBL397690,C[C@H](NS(C)(=O)=O)[C@@H](Cc1ccc(Cl)cc1)c1cccc(C#N)c1,IC50,'>',2000.0,nM,1
CHEMBL1765155,O=C(c1ccc2ccccc2n1)N1CC[C@](O)(c2ccccc2)[C@H]2CCCC[C@@H]21,IC50,'=',2022.0,nM,1
CHEMBL468919,CC(NS(C)(=O)=O)C(Cc1ccc(Cl)cc1)c1cccc(C#N)c1,IC50,'=',2041.74,nM,1
CHEMBL3120207,Cc1ccc(-c2nn(C(=O)NC3CCCCC3)c(=O)n2-c2ccc(Cl)cc2)cc1,IC50,'=',2100.0,nM,1
CHEMBL4277264,Cc1cc(Oc2nccc3occc23)ccc1-c1c(C)ncc2nccn12,IC50,'=',2100.0,nM,1
CHEMBL3401604,CCc1c(C(=O)NCCc2cccc(OC)c2)[nH]c2ccc(Cl)cc12,IC50,'=',2100.0,nM,1
CHEMBL3401607,CCc1c(C(=O)NCCc2ccc(Cl)c(Cl)c2)[nH]c2ccc(Cl)cc12,IC50,'=',2170.0,nM,1
CHEMBL469131,Cc1ccccc1C(c1ccc(Cl)cc1)N1CCN(C(=O)NC(C)C)CC1,IC50,'=',2187.76,nM,1
CHEMBL179119,O=C(NN1CCCCC1)c1nc(-c2ccc(Cl)cc2)c(-c2ccc(Cl)cc2)o1,IC50,'=',2200.0,nM,1
CHEMBL261031,Cn1c(C(C)(C)C)c/c(=N\C(=O)c2cccc(C(F)(F)F)c2Cl)n1CC1CC1,IC50,'=',2200.0,nM,1
CHEMBL1760931,O=C(c1cccc(F)c1C(F)(F)F)c1nc(CN2CCOCC2)c2ccccn12,IC50,'=',2229.0,nM,1
CHEMBL3120209,COc1ccc(-c2nn(C(=O)Nc3ccc(C)cc3)c(=O)n2-c2ccc(Cl)cc2)cc1,IC50,'=',2280.0,nM,1
CHEMBL505802,CC/C=C/C/C=C\CC/C=C/C=C/C(=O)NCC(C)(C)O,IC50,'=',2400.0,nM,1
CHEMBL5090102,Cc1c(C(=O)Nc2cccc(/N=N\c3ccccc3)c2)nn(CCCCCO)c1-c1ccccc1,IC50,'=',2400.0,nM,1
CHEMBL3400542,CCc1c(C(=O)NCCc2ccc(C(C)(C)C)cc2)[nH]c2ccc(Cl)cc12,IC50,'=',2430.0,nM,1
CHEMBL466063,Cc1nc(O)c2cc(-c3ccc(Cl)cc3)c(-c3ccccc3Cl)nc2n1,IC50,'=',2500.0,nM,1
CHEMBL4861073,O=C(NC[C@H]1C[C@@H]1c1ccccc1)Nc1ccc(Cl)cc1,IC50,'=',2511.89,nM,1
CHEMBL3400541,CCc1c(C(=O)NCCc2ccc(OC)cc2)[nH]c2ccc(Cl)cc12,IC50,'=',2560.0,nM,1
CHEMBL1760930,O=C(c1cccc(Cl)c1Cl)c1nc(CN2CCOCC2)c2ccccn12,IC50,'=',2565.0,nM,1
CHEMBL4284088,CCCCCCCCCCC/C(=N\O)c1cc(-c2ccc(O)c(F)c2)ccc1O,IC50,'=',2600.0,nM,1
CHEMBL3696846,CN(C)CCN(C)c1cnn(C2CC(C)(C)CC(C)(C)C2)c(=O)c1Cl,IC50,'=',2630.0,nM,1
CHEMBL225241,O=C(Nc1ccccc1)c1cnc(-c2ccccc2)c(-c2ccccc2)n1,IC50,'=',2790.0,nM,1
CHEMBL595367,N#CCc1c(C(=O)N2CCC(c3ccccc3C(=O)O)CC2)nn(-c2ccccc2Cl)c1-c1ccc(Cl)cc1,IC50,'=',2810.0,nM,1
CHEMBL569614,C[C@H](NC(=O)C(C)(C)NCCCN(C)C)[C@@H](Cc1ccc(Cl)cc1)c1cccc(C#N)c1,IC50,'=',2982.0,nM,1
CHEMBL179981,Cn1c(C(=O)NN2CCOCC2)nc(-c2ccc(Cl)cc2)c1-c1ccc(Cl)cc1,IC50,'=',3100.0,nM,1
CHEMBL3400540,CCc1c(C(=O)NCCc2ccccc2)[nH]c2ccc(Cl)cc12,IC50,'=',3150.0,nM,1
CHEMBL4877430,CCN(CC)c1ccc(CCNC(=O)Nc2ccc(Cl)cc2)cc1,IC50,'=',3162.28,nM,1
CHEMBL5082618,Cc1c(C(=O)NCCc2ccc(/N=N\c3ccccc3)cc2)nn(CCCCCO)c1-c1ccccc1,IC50,'=',3300.0,nM,1
CHEMBL5092588,Cc1c(C(=O)NCCc2cccc(/N=N\c3ccccc3)c2)nn(CCCCCO)c1-c1ccccc1,IC50,'=',3300.0,nM,1
CHEMBL362694,Cc1ccc(-c2nc(C(=O)N3CCCCC3)n(C)c2-c2ccc(C)cc2)cc1,IC50,'=',3400.0,nM,1
CHEMBL4537788,O=C(NCc1ncc(C(F)(F)F)cc1Cl)c1ccc2c(c1)C1(CCS(=O)(=O)CC1)[C@H](C1CC1)N2S(=O)(=O)c1ccc(F)cc1,IC50,'=',3400.0,nM,1
CHEMBL1765260,O=C(c1ccc2cnccc2n1)N1CC[C@@](O)(c2ccccc2)[C@@H]2CCCC[C@@H]21,IC50,'=',3441.0,nM,1
CHEMBL1765283,O=C(c1cnco1)N1CC[C@@](O)(c2ccccc2)[C@@H]2CCCC[C@@H]21,IC50,'=',3445.0,nM,1
CHEMBL513683,O=C(NCC1CCC1)N1CCN(C(c2ccc(Cl)cc2)c2ccc(Cl)cc2)CC1,IC50,'=',3467.37,nM,1
CHEMBL398666,Cc1c(C(C)(C)C)s/c(=N\C(=O)c2cccc(C(F)(F)F)c2)n1CC1CC1,IC50,'=',3500.0,nM,1
CHEMBL4457227,O=C(Nc1ccc(Cl)cc1)Nc1cccc(-c2ccccc2)n1,IC50,'=',3530.0,nM,1
CHEMBL3400535,CCCCCCNc1ccc(CCNC(=O)c2[nH]c3ccc(Cl)cc3c2CC)cc1,IC50,'=',3620.0,nM,1
CHEMBL402938,Cn1c(C(C)(C)C)c/c(=N\C(=O)c2cc(C(F)(F)F)ccc2F)n1CC1CC1,IC50,'=',3700.0,nM,1
CHEMBL3120206,Cc1ccc(Cn2c(-c3ccc(C)cc3)nn(C(=O)Nc3ccc(Cl)cc3)c2=O)cc1,IC50,'=',3750.0,nM,1
CHEMBL5083983,Cc1c(C(=O)NCCc2ccccc2/N=N/c2ccccc2)nn(CCCCCO)c1-c1ccccc1,IC50,'=',3800.0,nM,1
CHEMBL5075936,Cc1c(C(=O)NCCCc2cccc(/N=N\c3ccccc3)c2)nn(CCCCCO)c1-c1ccccc1,IC50,'=',3800.0,nM,1
CHEMBL4475934,O=C(Nc1ccc(Cl)cc1)N[C@@H]1CCCN(c2ccccc2)C1,IC50,'=',3880.0,nM,1
CHEMBL3114534,O=C(NC12CC3CC(CC(C3)C1)C2)c1nc(C(O)c2cccnc2)c2ccccn12,IC50,'=',3881.0,nM,1
CHEMBL5093760,Cc1c(C(=O)NCCCc2ccccc2/N=N\c2ccccc2)nn(CCCCCO)c1-c1ccccc1,IC50,'=',3900.0,nM,1
CHEMBL3696852,CN(C)CCn1ncc2c(=O)n(C3CC(C)(C)CC(C)(C)C3)ncc21,IC50,'=',3981.0,nM,1
CHEMBL3696830,CC1(C)CC(n2ncc(NCCN3CCOCC3)c(Cl)c2=O)CC(C)(C)C1,IC50,'=',3981.0,nM,1
CHEMBL2299366,O=C(NCCc1ccccn1)Nc1ccc(Cl)cc1,IC50,'=',3981.07,nM,1
CHEMBL4869544,O=C(NCCCc1ccccc1)Nc1ccc(Cl)cc1,IC50,'=',3981.07,nM,1
CHEMBL410014,Cn1c(C(C)(C)C)c/c(=N\C(=O)c2cccc(C(F)(F)F)c2F)n1CC1CC1,IC50,'=',4000.0,nM,1
CHEMBL1765288,O=C(C1CN(CC(F)(F)F)CCO1)N1CC[C@@](O)(c2ccccc2)[C@@H]2CCCC[C@@H]21,IC50,'=',4044.0,nM,1
CHEMBL4293423,CCCCCCCCCCCCC/C(=N\O)c1cc(-c2ccc(O)c(F)c2)ccc1O,IC50,'=',4100.0,nM,1
CHEMBL5091980,Cc1c(C(=O)NCc2ccc(/N=N\c3ccccc3)cc2)nn(CCCCCO)c1-c1ccccc1,IC50,'=',4100.0,nM,1
CHEMBL248014,COCCn1c(C)c(C(C)(C)C)s/c1=N\C(=O)c1cccc(C(F)(F)F)c1,IC50,'=',4100.0,nM,1
CHEMBL1765278,O=C(c1cccc2[nH]ncc12)N1CCC(O)(c2ccccc2)[C@@H]2CCCC[C@@H]21,IC50,'=',4247.0,nM,1
CHEMBL3401608,CCc1c(C(=O)NCCc2ccc3c(c2)OCO3)[nH]c2ccc(Cl)cc12,IC50,'=',4320.0,nM,1
CHEMBL591098,N#CCc1c(C(=O)NC(Cc2ccccc2)C(=O)O)nn(-c2ccccc2Cl)c1-c1ccc(Cl)cc1,IC50,'=',4450.0,nM,1
CHEMBL475784,O=C(NC12CC3CC(CC(C3)C1)C2)n1nc(-c2ccc(Cl)cc2Cl)c(-c2ccc(Cl)cc2Cl)n1,IC50,'=',4496.8,nM,1
CHEMBL1765159,O=C(c1ccccc1)N1CC[C@](O)(c2ccccc2)[C@H]2CCCC[C@H]21,IC50,'=',4543.0,nM,1
CHEMBL452912,CCCCCCCCC/C=C/C=C/C(=O)NCC(C)(C)O,IC50,'=',4600.0,nM,1
CHEMBL3120204,COc1ccc(-c2nn(C(=O)Nc3ccc(Cl)cc3)c(=O)n2-c2ccc(C)cc2)cc1,IC50,'=',4730.0,nM,1
CHEMBL3401609,CCc1c(C(=O)NC2CCN(Cc3ccccc3)C2)[nH]c2ccc(Cl)cc12,IC50,'=',4760.0,nM,1
CHEMBL5081238,Cc1c(C(=O)NCCCc2cccc(/N=N/c3ccccc3)c2)nn(CCCCCO)c1-c1ccccc1,IC50,'=',4800.0,nM,1
CHEMBL4527708,CC[C@]12CCCN(C(=O)c3cccc(Br)c3)CCc3c(n(c4ccccc34)C(=O)C1)[C@@H]2OC,IC50,'=',4950.0,nM,1
CHEMBL2069427,COc1cnc(-c2cccc3c2C[C@H](NC(=O)c2ccc(COCC(F)(F)F)nc2)CO3)cn1,IC50,'=',5000.0,nM,1
CHEMBL2153653,CN/C(=N\S(=O)(=O)c1ccc(OCC(N)=O)cc1)N1CC(c2ccccc2)C(c2ccc(Cl)cc2)=N1,IC50,'>',5000.0,nM,1
CHEMBL2153651,CN/C(=N\S(=O)(=O)c1ccc(C(=O)NO)cc1)N1CC(c2ccccc2)C(c2ccc(Cl)cc2)=N1,IC50,'>',5000.0,nM,1
CHEMBL2153649,CN/C(=N\S(=O)(=O)c1ccc(C(=O)O)cc1)N1CC(c2ccccc2)C(c2ccc(Cl)cc2)=N1,IC50,'>',5000.0,nM,1
CHEMBL2153650,CN/C(=N\S(=O)(=O)c1ccc(C(N)=O)cc1)N1CC(c2ccccc2)C(c2ccc(Cl)cc2)=N1,IC50,'>',5000.0,nM,1
CHEMBL2153652,CN/C(=N\S(=O)(=O)c1ccc(OCC(=O)O)cc1)N1CC(c2ccccc2)C(c2ccc(Cl)cc2)=N1,IC50,'>',5000.0,nM,1
CHEMBL4845929,O=C(NCC1(c2ccccc2)CC1)Nc1ccc(Cl)cc1,IC50,'=',5011.87,nM,1
CHEMBL1765276,Cc1ccc(C(=O)N2CC[C@@](O)(c3ccccc3)[C@@H]3CCCC[C@@H]32)cn1,IC50,'=',5020.0,nM,1
CHEMBL5070839,Cc1c(C(=O)NCCCc2ccc(/N=N\c3ccccc3)cc2)nn(CCCCCO)c1-c1ccccc1,IC50,'=',5400.0,nM,1
CHEMBL5075782,Cc1c(C(=O)NCc2cccc(/N=N\c3ccccc3)c2)nn(CCCCCO)c1-c1ccccc1,IC50,'=',5800.0,nM,1
CHEMBL3401602,CCc1c(C(=O)NCCc2ccccc2Cl)[nH]c2ccc(Cl)cc12,IC50,'=',5810.0,nM,1
CHEMBL5080263,Cc1c(C(=O)NCCc2cccc(/N=N/c3ccccc3)c2)nn(CCCCCO)c1-c1ccccc1,IC50,'=',5900.0,nM,1
CHEMBL180252,N#Cc1cc(-c2ccccc2)c(-c2ccc(Cl)cc2)n(Cc2ccccc2)c1=O,IC50,'=',6000.0,nM,1
CHEMBL3963183,O=S(=O)(NCC1CC1)c1ccc(Nc2ccc(F)cc2F)cc1,IC50,'=',6000.0,nM,1
CHEMBL1801361,CCN(CC)C(=O)CCC1(c2ccc(Cl)cc2)c2c(OC)cccc2-c2nccn21,IC50,'=',6000.0,nM,1
CHEMBL361181,O=C(NN1CCCCC1)c1nc(-c2ccc(Cl)cc2)c(-c2ccc(Cl)cc2)[nH]1,IC50,'=',6000.0,nM,1
CHEMBL116463,N#Cc1ccc(CCOC(=O)NC2CCN(CCCC(c3ccc(F)cc3)c3ccc(F)cc3)CC2)cc1,IC50,'=',6090.0,nM,1
CHEMBL5094165,Cc1c(C(=O)Nc2cccc(/N=N/c3ccccc3)c2)nn(CCCCCO)c1-c1ccccc1,IC50,'=',6200.0,nM,1
CHEMBL590133,CC(C)C(NC(=O)c1nn(-c2ccccc2Cl)c(-c2ccc(Cl)cc2)c1CC#N)C(=O)O,IC50,'=',6250.0,nM,1
CHEMBL467263,CC(C)NC(=O)N1CCN(C(c2ccc(Cl)cc2)c2ccccc2C(F)(F)F)CC1,IC50,'=',6606.93,nM,1
CHEMBL179233,CC(=O)C(Sc1nc(-c2ccccc2)c(-c2ccccc2)[nH]1)c1ccccc1,IC50,'=',7000.0,nM,1
CHEMBL5087154,Cc1c(C(=O)NCCCc2ccc(/N=N/c3ccccc3)cc2)nn(CCCCCO)c1-c1ccccc1,IC50,'=',7200.0,nM,1
CHEMBL1084610,C/C=C/C=C/C=C\CC/C=C/C(=O)NCC(C)(C)O,IC50,'=',7400.0,nM,1
CHEMBL5087401,Cc1c(C(=O)NCCc2ccc(/N=N/c3ccccc3)cc2)nn(CCCCCO)c1-c1ccccc1,IC50,'=',7900.0,nM,1
CHEMBL5089064,Cc1c(C(=O)NCc2ccc(/N=N/c3ccccc3)cc2)nn(CCCCCO)c1-c1ccccc1,IC50,'=',8300.0,nM,1
CHEMBL3120199,COc1ccc(-n2c(-c3ccc(Cl)cc3)nn(C(=O)Nc3ccc(C)cc3)c2=O)cc1,IC50,'=',8440.0,nM,1
CHEMBL3086029,O=C([C@@H]1CC[C@@H](N2CCOCC2)C[C@H]1c1ccc(Br)cc1)N1CC(c2ccccc2)(c2ccccc2)C1,IC50,'=',8600.0,nM,1
CHEMBL5082613,Cc1c(C(=O)NCCCc2ccccc2/N=N/c2ccccc2)nn(CCCCCO)c1-c1ccccc1,IC50,'=',9000.0,nM,1
CHEMBL5094751,Cc1c(C(=O)NCc2cccc(/N=N/c3ccccc3)c2)nn(CCCCCO)c1-c1ccccc1,IC50,'=',9400.0,nM,1
CHEMBL3410719,CCCCOc1cc(Br)cc2cc(C(=O)NC3CC3)c(=O)oc12,IC50,'>',10000.0,nM,1
CHEMBL1569796,O=C(NCCN1CCCCC1)Nc1ccc(Cl)cc1,IC50,'>',10000.0,nM,1
CHEMBL4176969,O=C(c1cccc2ccccc12)c1ccc(OCCCCCCO)c2ccccc12,IC50,'>',10000.0,nM,1
CHEMBL523050,CC(C)(C)[C@H](NC(=O)n1c(=O)n(CCN2CCOCC2)c2ccccc21)C(N)=O,IC50,'>',10000.0,nM,1
CHEMBL4871432,O=C(NCCc1ccsc1)Nc1ccc(Cl)cc1,IC50,'>',10000.0,nM,1
CHEMBL2071057,CCc1c(C(=O)OCCc2ccc(N(C)C)cc2)[nH]c2ccc(Cl)cc12,IC50,'>',10000.0,nM,1
CHEMBL229816,CCCCCCc1ccc(OCCCCCCCCCCC(=O)NCc2ccc(OC)c(O)c2)cc1O,IC50,'>',10000.0,nM,1
CHEMBL4207058,CCCCCCCCCCCCCCCN=C=S,IC50,'>',10000.0,nM,1
CHEMBL3410724,CCCCOc1c(OC)ccc2cc(C(=O)NCC3CC3)c(=O)oc12,IC50,'>',10000.0,nM,1
CHEMBL3400536,CCc1c(C(=O)NCCc2cccc(N(C)C)c2)[nH]c2ccc(Cl)cc12,IC50,'>',10000.0,nM,1
CHEMBL494627,O=C(NC1CCCCC1)n1c(=O)n(CCN2CCOCC2)c2ccccc21,IC50,'>',10000.0,nM,1
CHEMBL3696822,CNc1cnn(C2CC(C)(C)CC(C)(C)C2)c(=O)c1Cl,IC50,'>',10000.0,nM,1
CHEMBL3410717,CCCCCCOc1cc(Br)cc2cc(C(=O)NC3CCCCC3)c(=O)oc12,IC50,'>',10000.0,nM,1
CHEMBL4468436,O=C(Nc1ccc(Cl)cc1)N[C@H]1C[C@H]1c1ccccc1,IC50,'>',10000.0,nM,1
CHEMBL5075136,CS(=O)(=O)c1ccc(CCNC(=O)Nc2ccc(Cl)cc2)cc1,IC50,'>',10000.0,nM,1
CHEMBL4859201,Cc1ccc(CCNC(=O)Nc2ccc(Cl)cc2)o1,IC50,'>',10000.0,nM,1
CHEMBL3410714,CCCOc1cc(Br)cc2cc(C(=O)NC3CCCCC3)c(=O)oc12,IC50,'>',10000.0,nM,1
CHEMBL3401606,CCc1c(C(=O)NCCc2ccc(OC)c(O)c2)[nH]c2ccc(Cl)cc12,IC50,'>',10000.0,nM,1
CHEMBL3410718,O=C(NC1CCCCC1)c1cc2cc(Br)cc(OCC3CC3)c2oc1=O,IC50,'>',10000.0,nM,1
CHEMBL3696831,CN(C)CCNc1cnn(C2CC(C)(C)CC(C)(C)C2)c(=O)c1Cl,IC50,'>',10000.0,nM,1
CHEMBL3590293,CCCCCN1C(=O)/C(=C/NC2CCCCC2)C(=O)c2cc(OC)cc(C)c21,IC50,'>',10000.0,nM,1
CHEMBL229820,CCCCCCc1ccc(OCCCCCCCCCCCC(=O)NCCO)cc1O,IC50,'>',10000.0,nM,1
CHEMBL3590640,CCCCN1C(=O)/C(=C/NC2CCCCC2)C(=O)c2cc(OC)ccc21,IC50,'>',10000.0,nM,1
CHEMBL4858380,O=C(NCCc1cccs1)Nc1ccc(Cl)cc1,IC50,'>',10000.0,nM,1
CHEMBL3341886,COc1cc(NC(=O)Nc2cccc(-c3cccc(N4CCCC4)n3)c2)cc(OC)c1OC,IC50,'>',10000.0,nM,1
CHEMBL3401611,CCc1c(C(=O)N2CCN(c3ccccc3)CC2)[nH]c2ccc(Cl)cc12,IC50,'>',10000.0,nM,1
CHEMBL4166345,O=C(c1cccc2ccccc12)c1ccc(OCCCCCO)c2ccccc12,IC50,'>',10000.0,nM,1
CHEMBL3696849,CCCn1cc2c(=O)n(C3CC(C)(C)CC(C)(C)C3)ncc2n1,IC50,'>',10000.0,nM,1
CHEMBL3590643,CCCCCN1C(=O)/C(=C/NC2CCCCC2)C(=O)c2cc(C)ccc21,IC50,'>',10000.0,nM,1
CHEMBL250699,COc1cc(NC(=O)c2ccc(-c3ccc(Cl)cc3)o2)cc(OC)c1,IC50,'=',10000.0,nM,1
CHEMBL4078924,Cc1cccc(Cn2nc(C(=O)N3CCC(Cc4ccccc4)CC3)cc2-c2ccc(O)cc2)c1,IC50,'>',10000.0,nM,1
CHEMBL4757403,O=C(c1ccc(Sc2ccccc2)cc1)C1CCN(C(=O)c2cc(O)c(F)cc2F)CC1,IC50,'>',10000.0,nM,1
CHEMBL3410723,CCCCCOc1c(OC)ccc2cc(C(=O)NC3CCCCC3)c(=O)oc12,IC50,'>',10000.0,nM,1
CHEMBL3696825,CNc1cnn(C2CC(C)(C)CC(C)(C)C2)c(=O)c1,IC50,'>',10000.0,nM,1
CHEMBL3590645,CCCCCN1C(=O)/C(=C/NC2CCCCC2)C(=O)c2cc(OC(F)(F)F)ccc21,IC50,'>',10000.0,nM,1
CHEMBL3696821,CC1(C)CC(n2ncc(Cl)c(Cl)c2=O)CC(C)(C)C1,IC50,'>',10000.0,nM,1
CHEMBL3407533,CCCCOc1cc(Br)cc2cc(C(=O)NN3CCOCC3)c(=O)oc12,IC50,'>',10000.0,nM,1
CHEMBL3401612,CCc1c(C(=O)N2CCN(c3ccc(Cl)cc3)CC2)[nH]c2ccc(Cl)cc12,IC50,'>',10000.0,nM,1
CHEMBL4637658,O=C(Nc1cccc(Cl)c1)C1CCN(C(=O)c2ccc3ccccc3c2)CC1,IC50,'>',10000.0,nM,1
CHEMBL4747585,O=C(c1ccc(Sc2ccccc2)cc1)C1CCN(C(=O)c2cc(O)ccc2F)CC1,IC50,'>',10000.0,nM,1
CHEMBL3400538,CCCC(=O)Nc1ccc(CCNC(=O)c2[nH]c3ccc(Cl)cc3c2CC)cc1,IC50,'>',10000.0,nM,1
CHEMBL3401610,CCc1c(C(=O)Nc2cccc(-c3cccc(N(C)C)n3)c2)[nH]c2ccc(Cl)cc12,IC50,'>',10000.0,nM,1
CHEMBL3400539,CCCCCC(=O)Nc1ccc(CCNC(=O)c2[nH]c3ccc(Cl)cc3c2CC)cc1,IC50,'>',10000.0,nM,1
CHEMBL4534867,CC(C)c1ccc(C(=O)C2CCN(C(=O)c3ccc(F)c(O)c3)CC2)cc1,IC50,'>',10000.0,nM,1
CHEMBL4466342,CCCCc1ccc(C(=O)C2CCN(C(=O)c3ccc(F)c(O)c3)CC2)cc1,IC50,'>',10000.0,nM,1
CHEMBL3410722,CCCCOc1c(OC)ccc2cc(C(=O)NC3CCCCC3)c(=O)oc12,IC50,'>',10000.0,nM,1
CHEMBL4755606,O=C(c1ccc(Cc2ccccc2)cc1)C1CCN(C(=O)c2cc(O)c(F)cc2F)CC1,IC50,'>',10000.0,nM,1
CHEMBL4865266,O=C(NCCc1cccnc1)Nc1ccc(Cl)cc1,IC50,'>',10000.0,nM,1
CHEMBL4860953,O=C(NCc1ccccc1)Nc1ccc(Cl)cc1,IC50,'>',10000.0,nM,1
CHEMBL229821,CCCCCCc1ccc(OCCCCCCCCCCCC(=O)NC2CC2)cc1O,IC50,'>',10000.0,nM,1
CHEMBL523415,CC(C)(O)Cn1c(=O)n(C(=O)N[C@H](C(N)=O)C(C)(C)C)c2ccccc21,IC50,'>',10000.0,nM,1
CHEMBL2071055,CCc1c(C(=O)OCCc2ccc(N3CCCCC3)cc2)[nH]c2ccc(Cl)cc12,IC50,'>',10000.0,nM,1
CHEMBL3590648,CCCCCN1C(=O)/C(=C/NC2CCCCC2)C(=O)c2cc(C(F)(F)F)ccc21,IC50,'>',10000.0,nM,1
CHEMBL3590642,CCCCCCN1C(=O)/C(=C/NC2CCCCC2)C(=O)c2cc(OC)ccc21,IC50,'>',10000.0,nM,1
CHEMBL522675,CN(C)C(=O)[C@@H](NC(=O)n1c(=O)n(CCN2CCOCC2)c2ccccc21)C(C)(C)C,IC50,'>',10000.0,nM,1
CHEMBL248387,Cc1c(C(C)(C)C)s/c(=N\C(=O)c2cc(C(F)(F)F)ccc2N(C)C)n1CC1CC1,IC50,'>',10000.0,nM,1
CHEMBL494563,O=C(NC1c2ccccc2CCC1O)n1c(=O)n(CCN2CCOCC2)c2ccccc21,IC50,'>',10000.0,nM,1
CHEMBL4575018,CCCCc1ccc(C(=O)C2CCN(C(=O)c3cc(O)ccc3F)CC2)cc1,IC50,'>',10000.0,nM,1
CHEMBL3410715,CCCCOc1cc(Br)cc2cc(C(=O)NC3CCCCC3)c(=O)oc12,IC50,'>',10000.0,nM,1
CHEMBL3696835,Cc1cc(C)cc(-n2ncc(NCCN3CCOCC3)c(Cl)c2=O)c1,IC50,'>',10000.0,nM,1
CHEMBL1506227,O=C(NCCc1ccncc1)Nc1ccc(Cl)cc1,IC50,'>',10000.0,nM,1
CHEMBL248346,COc1ccccc1NC(=O)c1cccc(S(=O)(=O)N2CCCCC2)c1,IC50,'<',10000.0,nM,1
CHEMBL3590644,CCCCCN1C(=O)/C(=C/NC2CCCCC2)C(=O)c2cc(C(C)(C)C)ccc21,IC50,'>',10000.0,nM,1
CHEMBL494564,O=C(N[C@H]1CCCC[C@@H]1O)n1c(=O)n(CCN2CCOCC2)c2ccccc21,IC50,'>',10000.0,nM,1
CHEMBL3410716,CCCCCOc1cc(Br)cc2cc(C(=O)NC3CCCCC3)c(=O)oc12,IC50,'>',10000.0,nM,1
CHEMBL3401605,CCc1c(C(=O)NCCc2cccc(O)c2)[nH]c2ccc(Cl)cc12,IC50,'>',10000.0,nM,1
CHEMBL4855779,CC(C)(Cc1ccccc1)NC(=O)Nc1ccc(Cl)cc1,IC50,'>',10000.0,nM,1
CHEMBL3590291,CCCCCN1C(=O)/C(=C/NC2CCCCC2)C(=O)c2ccc(OC)cc21,IC50,'>',10000.0,nM,1
CHEMBL1082723,C[C@H]1Cc2c([nH]c3cc(Cl)c(F)cc23)[C@@]2(N1)C(=O)Nc1ccc(Cl)cc12,IC50,'>',10000.0,nM,1
CHEMBL3658400,O=C(c1ccc2c(ccn2-c2ccc(F)cc2)c1)N1CC(N2CCN(C(=O)c3nccs3)CC2)C1,IC50,'>',10000.0,nM,1
CHEMBL1928587,C=C(CCCCCCCCCCCCC)CCCC(=O)O/C=C\COC(C)=O,IC50,'>',10000.0,nM,1
CHEMBL3341889,CCc1ccccc1NC(=O)Nc1cccc(-c2cccc(N3CCCC3)n2)c1,IC50,'>',10000.0,nM,1
CHEMBL3287898,CCc1ccccc1NC(=O)N1C[C@@H](C)Oc2cc(-c3ccc([C@H]4CC[C@H](CC(=O)O)CC4)cc3)ccc21,IC50,'>',10000.0,nM,1
CHEMBL3410727,CCCCOc1c(OC)ccc2cc(C(=O)NC(CC)CC)c(=O)oc12,IC50,'>',10000.0,nM,1
CHEMBL495881,Cc1noc([C@@H](NC(=O)n2c(=O)n(CCN3CCOCC3)c3ccccc32)C(C)(C)C)n1,IC50,'>',10000.0,nM,1
CHEMBL3590298,CCCCCN1C(=O)/C(=C/NC23CC4CC(CC(C4)C2)C3)C(=O)c2cc(OC)cc(C)c21,IC50,'>',10000.0,nM,1
CHEMBL2071067,CC(=O)c1c(C(=O)NCCc2ccc(N3CCCCC3)cc2)[nH]c2ccc(Cl)cc12,IC50,'>',10000.0,nM,1
CHEMBL5074764,O=C(NCCc1ccc(O)cc1)Nc1ccc(Cl)cc1,IC50,'>',10000.0,nM,1
CHEMBL2071073,Nc1ccc(CCNC(=O)c2cc3cc(Cl)ccc3[nH]2)cc1,IC50,'>',10000.0,nM,1
CHEMBL2071074,CNc1ccc(CCNC(=O)c2cc3cc(Cl)ccc3[nH]2)cc1,IC50,'>',10000.0,nM,1
CHEMBL3785379,O=C1[C@H](c2ccc(F)cc2)[C@@H](c2ccc3c(c2)OCO3)N1C1CCN(C(=O)n2cncn2)CC1,IC50,'>',10000.0,nM,1
CHEMBL3696826,CN(C)c1cnn(C2CC(C)(C)CC(C)(C)C2)c(=O)c1,IC50,'>',10000.0,nM,1
CHEMBL3590641,CCCCCN1C(=O)/C(=C/NC2CCCCC2)C(=O)c2cc(OC)ccc21,IC50,'>',10000.0,nM,1
CHEMBL2071056,CCc1c(C(=O)OCCc2ccc([N+](=O)[O-])cc2)[nH]c2ccc(Cl)cc12,IC50,'>',10000.0,nM,1
CHEMBL3410729,CCCCCOc1c(OC)ccc2cc(C(=O)NCc3ccc4c(c3)OCO4)c(=O)oc12,IC50,'>',10000.0,nM,1
CHEMBL389252,CCCCCCc1ccc(OCCCCCCCCCCC(=O)NCCc2ccc(O)c(O)c2)cc1O,IC50,'>',10000.0,nM,1
CHEMBL3590290,CCCCCN1C(=O)/C(=C/NC2CCCCC2)C(=O)c2ccc(C)cc21,IC50,'>',10000.0,nM,1
CHEMBL4536045,CC(C)c1ccc(C(=O)C2CCN(C(=O)c3cc(O)ccc3F)CC2)cc1,IC50,'>',10000.0,nM,1
CHEMBL3410726,CCCCOc1c(OC)ccc2cc(C(=O)NC(C)C(C)C)c(=O)oc12,IC50,'>',10000.0,nM,1
CHEMBL3410725,CCCCOc1c(OC)ccc2cc(C(=O)NC(C)C)c(=O)oc12,IC50,'>',10000.0,nM,1
CHEMBL3410720,CCCCOc1cc(Br)cc2cc(C(=O)NC(C)C)c(=O)oc12,IC50,'>',10000.0,nM,1
CHEMBL3400537,CCc1c(C(=O)NCCc2ccc(NC(C)=O)cc2)[nH]c2ccc(Cl)cc12,IC50,'>',10000.0,nM,1
CHEMBL494986,CC(C)(C)[C@@H](C#N)NC(=O)n1c(=O)n(CCN2CCOCC2)c2ccccc21,IC50,'>',10000.0,nM,1
CHEMBL497124,CC(C)(C)[C@H](NC(=O)n1c(=O)n(CCC2(O)CCOCC2)c2ccccc21)C(N)=O,IC50,'>',10000.0,nM,1
CHEMBL3696833,CCCNc1cnn(-c2cc(C)cc(C)c2)c(=O)c1Cl,IC50,'>',10000.0,nM,1
CHEMBL3696827,CCCNc1cnn(C2CC(C)(C)CC(C)(C)C2)c(=O)c1,IC50,'>',10000.0,nM,1
CHEMBL3341890,CC(C)c1ccccc1NC(=O)Nc1cccc(-c2cccc(N3CCCC3)n2)c1,IC50,'>',10000.0,nM,1
CHEMBL3590296,CCCCCN1C(=O)/C(=C/NC23CC4CC(CC(C4)C2)C3)C(=O)c2cc(OC)ccc21,IC50,'>',10000.0,nM,1
CHEMBL3696851,CC1(C)CC(n2ncc3nn(CCN4CCOCC4)cc3c2=O)CC(C)(C)C1,IC50,'>',10000.0,nM,1
CHEMBL2096743,CCCCOc1c(OC)ccc2cc(C(=O)NCCc3ccc(N)cc3)c(=O)[nH]c12,IC50,'>',10000.0,nM,1
CHEMBL3590646,CCCCCN1C(=O)/C(=C/NC2CCCCC2)C(=O)c2cc(Cl)ccc21,IC50,'>',10000.0,nM,1
CHEMBL3590647,CCCCCN1C(=O)/C(=C/NC2CCCCC2)C(=O)c2cc(Br)ccc21,IC50,'>',10000.0,nM,1
CHEMBL3341888,Cc1cccc(C)c1NC(=O)Nc1cccc(-c2cccc(N3CCCC3)n2)c1,IC50,'>',10000.0,nM,1
CHEMBL3590292,CCCCCN1C(=O)/C(=C/NC2CCCCC2)C(=O)c2ccc(Cl)cc21,IC50,'>',10000.0,nM,1
CHEMBL3590295,CCCCCN1C(=O)/C(=C/NC2CCCCC2)C(=O)c2cc(OC)cc(OC)c21,IC50,'>',10000.0,nM,1
CHEMBL5074695,COc1cc(CCNC(=O)Nc2ccc(Cl)cc2)ccc1O,IC50,'>',10000.0,nM,1
CHEMBL3341895,O=C(Nc1cccc(-c2cccc(N3CCCC3)n2)c1)Nc1cccc2ccccc12,IC50,'>',10000.0,nM,1
CHEMBL3696840,CCCNc1cnn(-c2cc(Cl)cc(Cl)c2)c(=O)c1Cl,IC50,'>',10000.0,nM,1
CHEMBL4854166,O=C(Nc1ccc(Cl)cc1)NC1(Cc2ccccc2)CC1,IC50,'>',10000.0,nM,1
CHEMBL4856560,CC(C)(CNC(=O)Nc1ccc(Cl)cc1)c1ccccc1,IC50,'>',10000.0,nM,1
CHEMBL522527,CC(C)(C)[C@@H](CO)NC(=O)n1c(=O)n(CCN2CCOCC2)c2ccccc21,IC50,'>',10000.0,nM,1
CHEMBL3696836,CCCNc1cnn(-c2cc(C(F)(F)F)cc(C(F)(F)F)c2)c(=O)c1Cl,IC50,'>',10000.0,nM,1
CHEMBL4798508,O=C(c1ccc(Cc2ccccc2)cc1)C1CCN(C(=O)c2cc(O)ccc2F)CC1,IC50,'>',10000.0,nM,1
CHEMBL3410721,CCCOc1c(OC)ccc2cc(C(=O)NC3CCCCC3)c(=O)oc12,IC50,'>',10000.0,nM,1
CHEMBL3410728,CCCCOc1c(OC)ccc2cc(C(=O)NC(C)CCC)c(=O)oc12,IC50,'>',10000.0,nM,1
CHEMBL493804,CC(NC(=O)n1c(=O)n(CCN2CCOCC2)c2ccccc21)c1ccc(F)cc1,IC50,'>',10000.0,nM,1
CHEMBL3590297,CCCCCN1C(=O)/C(=C/NC23CC4CC(CC(C4)C2)C3)C(=O)c2cc(Cl)ccc21,IC50,'>',10000.0,nM,1
CHEMBL228566,CCCCCCc1ccc(OCCCCCCCCCCC(=O)NCC2CC2)cc1O,IC50,'>',10000.0,nM,1
CHEMBL3590294,CCCCCN1C(=O)/C(=C/NC2CCCCC2)C(=O)c2cc(Cl)cc(C)c21,IC50,'>',10000.0,nM,1
CHEMBL1760934,O=C(Nc1cccc(C(F)(F)F)n1)c1nc(CN2CCS(=O)(=O)CC2)c2ccccn12,IC50,'=',12700.0,nM,1
CHEMBL4169849,COC(=O)CCCOc1ccc(C(=O)c2cccc3ccccc23)c2ccccc12,IC50,'=',14130.0,nM,1
CHEMBL1813666,C/C=C/C=C/C=C/c1c(O)cc(CC=C(C)C)c(O)c1C=O,IC50,'=',15200.0,nM,1
CHEMBL1760941,C[C@@H](NC(=O)c1nc(N2CCC(F)(F)CC2)c2cnccn12)C(C)(C)C,IC50,'>',17000.0,nM,1
CHEMBL1765273,O=C(C1CNCCN1)N1CC[C@@](O)(c2ccccc2)[C@@H]2CCCC[C@@H]21,IC50,'>',17000.0,nM,1
CHEMBL1765157,O=C(c1cc(-c2ccccc2F)[nH]n1)N1CC[C@](O)(c2ccccc2)[C@H]2CCCC[C@@H]21,IC50,'>',17000.0,nM,1
CHEMBL1765262,O=C(c1cccc2[nH]cnc12)N1CC[C@@](O)(c2ccccc2)[C@@H]2CCCC[C@@H]21,IC50,'>',17000.0,nM,1
CHEMBL1765279,O=C(c1cscn1)N1CC[C@@](O)(c2ccccc2)[C@@H]2CCCC[C@@H]21,IC50,'>',17000.0,nM,1
CHEMBL1765247,O=C(c1cc(-c2ccccc2F)[nH]n1)N1CC[C@](O)(c2ccccc2)[C@H]2CCCC[C@H]21,IC50,'>',17000.0,nM,1
CHEMBL1765266,Cn1ccnc1C(=O)N1CC[C@@](O)(c2ccccc2)[C@@H]2CCCC[C@@H]21,IC50,'>',17000.0,nM,1
CHEMBL1765263,O=C(c1cccc2[nH]ncc12)N1CC[C@@](O)(c2ccccc2)[C@@H]2CCCC[C@@H]21,IC50,'>',17000.0,nM,1
CHEMBL1765287,O=C1CCC(C(=O)N2CC[C@@](O)(c3ccccc3)[C@@H]3CCCC[C@@H]32)N1,IC50,'>',17000.0,nM,1
CHEMBL1765284,O=C(c1cn(CC(F)(F)F)cn1)N1CC[C@@](O)(c2ccccc2)[C@@H]2CCCC[C@@H]21,IC50,'>',17000.0,nM,1
CHEMBL1765275,O=C([C@@H]1C[C@@H](O)CCN1)N1CC[C@@](O)(c2ccccc2)[C@@H]2CCCC[C@@H]21,IC50,'>',17000.0,nM,1
CHEMBL1765156,O=C(c1cccc2[nH]ccc12)N1CC[C@](O)(c2ccccc2)[C@H]2CCCC[C@@H]21,IC50,'>',17000.0,nM,1
CHEMBL1765280,O=C(c1ncccn1)N1CC[C@@](O)(c2ccccc2)[C@@H]2CCCC[C@@H]21,IC50,'>',17000.0,nM,1
CHEMBL1760939,O=C(NCC1(CO)CCCC1)c1nc(N2CCOCC2)n2ccccc12,IC50,'>',17000.0,nM,1
CHEMBL1760942,O=C(N[C@H](c1ccccn1)C(F)(F)F)c1nc(N2CCOCC2)c2cnccn12,IC50,'>',17000.0,nM,1
CHEMBL1760943,O=C(NC(c1cccnc1)C(F)(F)F)c1nc(N2CCOCC2)c2cnccn12,IC50,'>',17000.0,nM,1
CHEMBL1765153,O=C(c1ccccc1)N1CC[C@](O)(c2ccccc2)[C@H]2CCCC[C@@H]21,IC50,'>',17000.0,nM,1
CHEMBL1765158,CN1CCC(C(=O)N2CC[C@](O)(c3ccccc3)[C@H]3CCCC[C@@H]32)C1,IC50,'>',17000.0,nM,1
CHEMBL1765270,O=C(c1ccc(C2CC2)nc1)N1CC[C@@](O)(c2ccccc2)[C@@H]2CCCC[C@@H]21,IC50,'>',17000.0,nM,1
CHEMBL1765281,O=C(c1ccc(C(F)(F)F)nc1)N1CC[C@@](O)(c2ccccc2)[C@@H]2CCCC[C@@H]21,IC50,'>',17000.0,nM,1
CHEMBL1760937,CC(C)(C)CNC(=O)c1nc(C2CC2)n2ccccc12,IC50,'>',17000.0,nM,1
CHEMBL1760936,O=C(NC(C1CC1)C1CC1)c1nc(C2CC2)n2ccccc12,IC50,'>',17000.0,nM,1
CHEMBL1765267,Cc1cccc(C(=O)N2CC[C@@](O)(c3ccccc3)[C@@H]3CCCC[C@@H]32)n1,IC50,'>',17000.0,nM,1
CHEMBL1765268,O=C(c1ccc(OCC(F)(F)F)nc1)N1CC[C@@](O)(c2ccccc2)[C@@H]2CCCC[C@@H]21,IC50,'>',17000.0,nM,1
CHEMBL1765277,CN1CCOC[C@H]1C(=O)N1CC[C@@](O)(c2ccccc2)[C@@H]2CCCC[C@@H]21,IC50,'>',17000.0,nM,1
CHEMBL1765274,CN1CCC(C(=O)N2CC[C@@](O)(c3ccccc3)[C@@H]3CCCC[C@@H]32)CC1,IC50,'>',17000.0,nM,1
CHEMBL1765269,O=C(c1nnc[nH]1)N1CC[C@@](O)(c2ccccc2)[C@@H]2CCCC[C@@H]21,IC50,'>',17000.0,nM,1
CHEMBL1765282,O=C(c1ccncn1)N1CC[C@@](O)(c2ccccc2)[C@@H]2CCCC[C@@H]21,IC50,'>',17000.0,nM,1
CHEMBL1765286,O=C1CC(C(=O)N2CC[C@@](O)(c3ccccc3)[C@@H]3CCCC[C@@H]32)CN1,IC50,'>',17000.0,nM,1
CHEMBL1765265,O=C(c1ccncc1F)N1CC[C@@](O)(c2ccccc2)[C@@H]2CCCC[C@@H]21,IC50,'>',17000.0,nM,1
CHEMBL1760940,O=C(NC(c1ccncc1)c1ccc(F)cc1)c1nc(N2CCC(F)(F)C2)c2cnccn12,IC50,'>',17000.0,nM,1
CHEMBL1765264,O=C(c1ccon1)N1CC[C@@](O)(c2ccccc2)[C@@H]2CCCC[C@@H]21,IC50,'>',17000.0,nM,1
CHEMBL1765272,CN1CCOCC1C(=O)N1CC[C@@](O)(c2ccccc2)[C@@H]2CCCC[C@@H]21,IC50,'>',17000.0,nM,1
CHEMBL1765271,CN1CCCCC1C(=O)N1CC[C@@](O)(c2ccccc2)[C@@H]2CCCC[C@@H]21,IC50,'>',17000.0,nM,1
CHEMBL1765285,CN1CC(C(=O)N2CC[C@@](O)(c3ccccc3)[C@@H]3CCCC[C@@H]32)CCC1=O,IC50,'>',17000.0,nM,1
CHEMBL1765246,O=C(c1cccc2[nH]ccc12)N1CC[C@](O)(c2ccccc2)[C@H]2CCCC[C@H]21,IC50,'>',17000.0,nM,1
CHEMBL1765248,CN1CCC(C(=O)N2CC[C@](O)(c3ccccc3)[C@H]3CCCC[C@H]32)C1,IC50,'>',17000.0,nM,1
CHEMBL3120205,Cc1ccc(Cn2c(-c3ccc(C)cc3)nn(C(=O)NC3CCCCC3)c2=O)cc1,IC50,'=',17800.0,nM,1
CHEMBL4161845,O=C(c1cccc2ccccc12)c1ccc(OCCCCO)c2ccccc12,IC50,'=',17920.0,nM,1
CHEMBL362638,Cn1c(C(=O)N2CCCCC2)nc(-c2ccccc2)c1-c1ccccc1,IC50,'=',19000.0,nM,1
CHEMBL2386558,CN(C)C(=O)[C@H]1C[C@@H]1c1ccc(-c2ncn(C)c2Sc2ccc(Cl)cn2)cc1,IC50,'=',30000.0,nM,1
CHEMBL1369676,CCCN(CCC)Cc1c(C(=O)NN=C/C(C)=C\c2ccccc2)nnn1-c1nonc1N,IC50,'>',32000.0,nM,0
CHEMBL1332976,COc1cc2c(cc1NC(=O)C(C)Sc1ccc(NC(C)=O)cc1)oc1ccccc12,IC50,'>',32000.0,nM,0
CHEMBL1545328,O=C(CSc1nc2ccccc2s1)N1c2ccccc2Sc2ccc(Cl)cc21,IC50,'>',32000.0,nM,0
CHEMBL1569918,Cc1occc1C(=O)Nc1ccc(OCc2ccccc2)cc1,IC50,'>',32000.0,nM,0
CHEMBL1701470,CC(C)Oc1ccc(S(=O)(=O)N2CCOCC2)cc1NC(=O)c1ccc(N2CCCC2=O)cc1,IC50,'>',32000.0,nM,0
CHEMBL1416366,C=CCN(CC=C)S(=O)(=O)c1ccc(NC(=S)NC(=O)c2ccc(-c3ccccc3)cc2)cc1,IC50,'>',32000.0,nM,0
CHEMBL1471590,CCCN(CCC)Cc1c(C(=O)NN=C/C(C)=C\c2ccco2)nnn1-c1nonc1N,IC50,'>',32000.0,nM,0
CHEMBL1452827,CC(C)NS(=O)(=O)c1ccc(NC(=S)NC(=O)c2ccc(-c3ccccc3)cc2)cc1,IC50,'>',32000.0,nM,0
CHEMBL1714272,COc1ccc(-c2csc(NC(=O)CSc3nnc4c(C)cc5ccccc5n34)n2)cc1,IC50,'>',32000.0,nM,0
CHEMBL1446359,C/C(C=NNC(=O)c1nnn(-c2nonc2N)c1CN1CCC(C)CC1)=C/c1ccccc1,IC50,'>',32000.0,nM,0
CHEMBL1389833,CC(C)=CC(=O)Nc1ccc(OCc2ccccc2)cc1,IC50,'>',32000.0,nM,0
CHEMBL1585996,CN(C)S(=O)(=O)c1ccc(N2CCCC2)c(C(=O)N2CCN(c3ccc([N+](=O)[O-])cc3)CC2)c1,IC50,'>',32000.0,nM,0
CHEMBL1544821,O=C(CSc1nc2ccccc2s1)N1c2ccccc2Sc2ccc(C(F)(F)F)cc21,IC50,'>',32000.0,nM,0
CHEMBL1453321,COc1cc2c(cc1NC(=O)CSc1ccccc1)oc1ccccc12,IC50,'>',32000.0,nM,0
CHEMBL1494709,COc1ccc(S(=O)(=O)N2CCOCC2)cc1NC(=O)c1cc2c(s1)CCCC2,IC50,'>',32000.0,nM,0
CHEMBL1469952,CCCN(CCC)Cc1c(C(=O)NN=Cc2c[nH]c3ccccc23)nnn1-c1nonc1N,IC50,'>',32000.0,nM,0
CHEMBL1459029,COc1ccc2c(c1)cc(C)c1nnc(SCC(=O)N(C)c3nc(-c4ccccc4)cs3)n12,IC50,'>',32000.0,nM,0
CHEMBL1398595,CC(Sc1nc2cc(Cl)ccc2s1)C(=O)Nc1cccc(S(=O)(=O)N2CCOCC2)c1,IC50,'>',32000.0,nM,0
CHEMBL3099716,CC1(C)OC(=O)N([C@H]2CC[C@H](c3cnc(N)c(-c4ncccn4)c3)CC2)[C@H]1c1ccccc1,IC50,'>',48500.0,nM,1
CHEMBL235747,Cc1c(C(C)(C)C)s/c(=N\S(=O)(=O)c2ccccc2)n1C,IC50,'>',50000.0,nM,1
CHEMBL4161451,O=C(O)CCCCOc1ccc(C(=O)c2cccc3ccccc23)c2ccccc12,IC50,'>',100000.0,nM,1
CHEMBL4159535,COC(=O)CCCCOc1ccc(C(=O)c2cccc3ccccc23)c2ccccc12,IC50,'>',100000.0,nM,1
CHEMBL4176556,O=C(O)CCCOc1ccc(C(=O)c2cccc3ccccc23)c2ccccc12,IC50,'>',100000.0,nM,1
CHEMBL4167940,O=C(c1cccc2ccccc12)c1ccc(OCCCO)c2ccccc12,IC50,'=',100000.0,nM,1
CHEMBL604496,N#CCc1c(C(=O)N2CCC(c3ccccc3F)CC2)nn(-c2ccccc2Cl)c1-c1ccc(Cl)cc1,IC50,,,,1
CHEMBL3120201,Cc1ccc(Cn2c(-c3ccc(Cl)cc3)nn(C(=O)NC3CCCCC3)c2=O)cc1,IC50,,,,1
CHEMBL5078575,Cc1c(C(=O)Nc2ccccc2/N=N\c2ccccc2)nn(CCCCCO)c1-c1ccccc1,IC50,,,,1
CHEMBL5092088,Cc1c(C(=O)Nc2ccc(/N=N/c3ccccc3)cc2)nn(CCCCCO)c1-c1ccccc1,IC50,,,,1
CHEMBL595923,NC(=O)Cc1c(C(=O)Nc2ccc(F)cc2)nn(-c2ccccc2Cl)c1-c1ccc(Cl)cc1,IC50,,,,1
CHEMBL604994,N=C(Cc1c(C(=O)N2CCC(O)(c3ccc(F)cc3)CC2)nn(-c2ccccc2Cl)c1-c1ccc(Cl)cc1)NO,IC50,,,,1
CHEMBL596571,N=C(N)Cc1c(C(=O)N2CCC(c3ccccc3F)CC2)nn(-c2ccccc2Cl)c1-c1ccc(Cl)cc1,IC50,,,,1
CHEMBL3120202,Cc1ccc(Cn2c(-c3ccc(Cl)cc3)nn(C(=O)Nc3ccc(C)cc3)c2=O)cc1,IC50,,,,1
CHEMBL5092678,Cc1c(C(=O)Nc2ccc(/N=N\c3ccccc3)cc2)nn(CCCCCO)c1-c1ccccc1,IC50,,,,1
CHEMBL5082876,Cc1c(C(=O)Nc2ccccc2/N=N/c2ccccc2)nn(CCCCCO)c1-c1ccccc1,IC50,,,,1
CHEMBL595947,N=C(Cc1c(C(=O)NCc2ccc(F)cc2)nn(-c2ccccc2Cl)c1-c1ccc(Cl)cc1)NO,IC50,,,,1
CHEMBL595945,NC(=O)Cc1c(C(=O)NCc2ccc(F)cc2)nn(-c2ccccc2Cl)c1-c1ccc(Cl)cc1,IC50,,,,1
CHEMBL513763,O=c1oc2ccc3ccccc3c2cc1Cc1ccccc1,Activity,'=',-21.0,%,1
CHEMBL2441264,CCCCCn1c2ccccc2c2cc(C(=O)CN3CCCCC3)ccc21,Activity,'=',-20.4,%,1
CHEMBL4172301,CCCc1ccc(C(=O)NCCCN(C)Cc2ccccc2)cc1,Activity,'=',-16.0,%,1
CHEMBL471248,COc1ccccc1Cc1cc2c(OC)cc(C)cc2oc1=O,Activity,'=',-16.0,%,1
CHEMBL4168697,CN(CCCNC(=O)c1cccc(Br)c1)Cc1ccccc1,Activity,'=',-16.0,%,1
CHEMBL4162490,CN(CCCNC(=O)c1ccc(C(F)(F)F)cc1)Cc1ccccc1,Activity,'=',-12.0,%,1
CHEMBL2441446,CCCCCn1c2ccccc2c2cc(CN3CCCCC3)ccc21,Activity,'=',-11.1,%,1
CHEMBL4169383,CN(CCCNC(=O)c1ccc(Br)cc1)Cc1ccccc1,Activity,'=',-11.0,%,1
CHEMBL471249,COc1ccc(Cc2cc3c(OC)cc(C)cc3oc2=O)cc1,Activity,'=',-10.0,%,1
CHEMBL4176123,CN(CCNC(=O)c1ccc(Cl)cc1)Cc1ccccc1,Activity,'=',-7.0,%,1
CHEMBL4217988,N#Cc1cc(S(=O)(=O)Nc2ncns2)ccc1Oc1ccc(-c2cccc(C(F)(F)F)c2)cc1-c1ccnc(CNCCC2CCNCC2)c1,Activity,'=',-7.0,%,1
CHEMBL494038,C[C@H]1CC[C@H]2[C@H](C1)c1c(O)cc(-c3cc4ccccc4o3)cc1OC2(C)C,Activity,'=',-3.0,%,1
CHEMBL4169270,CN(CCCNC(=O)c1ccc(Cl)cc1)CCc1ccccc1,Activity,'=',-3.0,%,1
CHEMBL4172201,CN(CCNC(=O)c1ccc(C#N)cc1)Cc1ccccc1,Activity,'=',-1.0,%,1
CHEMBL5090753,C[C@H](O)[C@H]1NC(=O)[C@@H]2NC(=O)[C@@H](NC(=O)CN)CSSC[C@H](NC(=O)[C@H](CCCNC(=N)N)NC(=O)[C@@H]3CCCN3C(=O)[C@H](CC(O)O)NC1=O)C(=O)N[C@@H](CCCNC(=N)N)C(=O)N[C@@H](Cc1ccc(O)c(I)c1)C(=O)N[C@@H](CCC(N)=O)C(=O)N[C@H](C(=O)N[C@H](CC(=O)N[C@@H](CCCNC(=N)N)C(=O)O)Cc1ccc(O)cc1)CSCS2,Activity,'=',-0.4,%,1
CHEMBL447695,Cc1c(NS(=O)(=O)c2nn(-c3ccc(Cl)cc3Cl)c(-c3ccc(Cl)cc3)c2C)nn(-c2ccc(Cl)cc2Cl)c1-c1ccc(Cl)cc1,Activity,'=',0.09,pmol,1
CHEMBL479940,Cc1c(S(=O)(=O)NN2CCCCC2)nn(-c2ccc(Cl)cc2Cl)c1-c1ccc(Cl)cc1,Activity,'=',0.12,pmol,1
CHEMBL515175,Cc1c(C(=O)NN2CCOCC2)nn(-c2ccc(Cl)cc2Cl)c1-c1ccc([123I])cc1,Activity,'=',0.21,,1
CHEMBL312750,COc1ccc(-c2cc(=O)c3c(O)c(OC)c(O)cc3o2)cc1OC,Activity,'=',0.3,%,1
CHEMBL3422874,Cc1cc(C(=O)N2CCc3c(sc(NCc4ccccc4)c3C#N)C2)[nH]n1,Activity,'=',0.3,%,1
CHEMBL477848,Cc1c(C(=O)NN2CCOCC2)nn(-c2ccc(Cl)cc2Cl)c1-c1ccc([124I])cc1,Activity,'=',0.37,,1
CHEMBL404701,CN/C(=N/S(=O)(=O)c1ccc(Cl)cc1)c1cn(-c2ccc(Cl)cc2)c(-c2ccccc2)n1,Activity,'=',0.55,pmol,1
CHEMBL476413,[11CH3]Oc1ccc(-c2c(C#N)c(C(=O)NN3CCCCC3)nn2-c2ccc(Cl)cc2Cl)cc1,Activity,'=',0.6,,1
CHEMBL404700,CN/C(=N/S(=O)(=O)c1ccc(Cl)cc1)c1nc(-c2ccccc2)c(-c2ccc(Cl)cc2)o1,Activity,'=',0.6,pmol,1
CHEMBL38874,C[C@@H](NC(=O)[C@@H](N)Cc1ccc(O)cc1)C(=O)NCC(=O)N(C)[C@@H](Cc1ccccc1)C(=O)NCCO,Activity,'=',0.68,,1
CHEMBL395230,CCCCC/C=C/c1cc(O)c2c(c1)OC(C)(C)[C@@H]1CC=C(C)C[C@@H]21,Activity,'=',0.86,nM,1
CHEMBL404272,CN/C(=N/S(=O)(=O)c1ccc(Cl)cc1)C1CN(c2ccccc2)C(c2ccc(Cl)cc2)=N1,Activity,'=',0.89,pmol,1
CHEMBL272949,CN/C(=N/S(=O)(=O)c1ccc(Cl)cc1)C1CN(c2ccc(Cl)cc2)C(c2ccccc2)=N1,Activity,'=',0.91,pmol,1
CHEMBL402773,CN/C(=N/S(=O)(=O)c1ccc(Cl)cc1)c1nc(-c2ccc(Cl)cc2)c(-c2ccccc2)o1,Activity,'=',0.95,pmol,1
CHEMBL503641,CC(=O)Nc1ccc2[nH]ncc2c1,Activity,'=',1.0,%,1
CHEMBL510801,CC(C)C[C@H](NC(=O)[C@H](Cc1ccccc1)NC(=O)[C@H](CCCCN)NC(=O)[C@H](Cc1ccccc1)NC(=O)[C@H](CC(N)=O)NC(=O)[C@@H](NC(=O)[C@@H]1CCCN1)C(C)C)C(=O)N[C@@H](CO)C(=O)N[C@@H](Cc1cnc[nH]1)C(=O)O,Activity,'=',1.07,,1
CHEMBL3633184,CCOC(=O)N1[C@@H]2CC[C@H]1C[C@H](CN1CC[C@@H](N3Cc4ccccc4NC3=O)C1)C2,Activity,'=',1.66,%,1
CHEMBL376644,COc1ccc(-c2cc(=O)c3c(O)c(OC)c(OC)cc3o2)cc1,Activity,'=',1.7,%,1
CHEMBL456761,O=C(N/N=C1\C(=O)N(CCN2C(=O)c3ccccc3C2=O)c2ccccc21)c1ccccc1,Activity,'=',3.0,%,1
CHEMBL4173188,CN(CCCNC(=O)c1ccc(Cl)cc1)Cc1ccccc1,Activity,'=',3.0,%,1
CHEMBL226508,COc1ccc(-c2cc(=O)c3c(O)c(OC)c(OC)cc3o2)cc1OC,Activity,'=',3.0,%,1
CHEMBL4174797,CN(CCCNC(=O)c1ccc([N+](=O)[O-])cc1)Cc1ccccc1,Activity,'=',3.0,%,1
CHEMBL558932,CC(C)(C)Cc1nc2c(n1CC1CC1)CCN(S(=O)(=O)c1cccnc1)C2,Activity,'=',4.0,%,1
CHEMBL565417,CCC(C)(C)C(=O)Nc1ccc(C)c(CN2CCOCC2)c1,Activity,'=',4.0,%,1
CHEMBL470232,Cc1ccc(NC(=O)C(C)(C)C)cc1S(=O)(=O)N1CCOCC1,Activity,'=',4.7,%,1
CHEMBL445337,CC(=O)NCc1ccc(O)cc1,Activity,'=',5.0,%,1
CHEMBL4173342,COc1cccc(C(=O)NCCCN(C)Cc2ccccc2)c1,Activity,'=',6.0,%,1
CHEMBL4168852,COc1ccc(C(=O)NCCCN(C)Cc2ccccc2)cc1,Activity,'=',6.0,%,1
CHEMBL494422,C[C@H]1CC[C@H]2[C@H](C1)c1c(O)cc(/C=C/c3ccccc3)cc1OC2(C)C,Activity,'=',7.0,%,1
CHEMBL4166905,CN(CCNC(=O)c1ccc([N+](=O)[O-])cc1)Cc1ccccc1,Activity,'=',8.0,%,1
CHEMBL516164,CCCCCCN1C(=O)/C(=N\NC(=O)c2ccccc2)c2cc(Cl)ccc21,Activity,'=',9.0,%,1
CHEMBL563085,Cc1nocc1S(=O)(=O)N1CCc2c(nc(CC(C)(C)C)n2CC2CC2)C1,Activity,'=',9.0,%,1
CHEMBL563446,CC(C)(C)Cc1nc2c(n1CC1CC1)CCN(S(C)(=O)=O)C2,Activity,'=',9.0,%,1
CHEMBL563352,CC(C)(C)Cc1nc2c(n1CC1CC1)CCN(S(=O)(=O)c1ccccc1)C2,Activity,'=',9.0,%,1
CHEMBL4879066,CC1(C)Cc2ccc(C(=O)c3c[nH]c4ccccc34)cc2C1,Activity,'=',9.4,%,1
CHEMBL2441468,COC(=O)CCCn1c2ccccc2c2cc(C(=O)N3CCCCC3)ccc21,Activity,'=',9.4,%,1
CHEMBL373246,O=C1NC(=S)N(c2ccccc2)C1c1ccccc1,Activity,'<',10.0,%,1
CHEMBL201073,O=C(c1ccccc1)N1C(=O)C(c2ccccc2)N(c2ccccc2)C1=O,Activity,'<',10.0,%,1
CHEMBL199721,CCCCCn1cc(C(=O)Nc2ccc(Cl)c(Cl)c2)c(=O)c2ccccc21,Activity,'<',10.0,%,1
CHEMBL235899,CC12CC3CC(C)(C1)CC(NC(=O)c1cn(CCC4CCCCC4)c4ccccc4c1=O)(C3)C2,Activity,'<',10.0,%,1
CHEMBL200239,CCCCCCn1cc(C(=O)Nc2ccc(OC)cc2)c(=O)c2ccccc21,Activity,'<',10.0,%,1
CHEMBL381905,CCCCCCCCCCCCCCN1C(=O)C(c2ccccc2)(c2ccccc2)NC1=S,Activity,'<',10.0,%,1
CHEMBL201031,CCCCCCCCCCCCCCCCCCN1C(=O)C(c2ccccc2)(c2ccccc2)NC1=S,Activity,'<',10.0,%,1
CHEMBL201751,COc1ccc(N2C(=O)NC(=O)C2c2ccccc2)cc1,Activity,'<',10.0,%,1
CHEMBL392134,O=C(NCCc1ccccc1)c1cn(CCN2CCOCC2)c2ccccc2c1=O,Activity,'<',10.0,%,1
CHEMBL200364,CCCCCn1cc(C(=O)NC(C)c2ccc3ccccc3c2)c(=O)c2ccccc21,Activity,'<',10.0,%,1
CHEMBL382460,CCCCCC(=O)N1C(=O)C(c2ccccc2)N(c2ccccc2)C1=O,Activity,'<',10.0,%,1
CHEMBL235900,CC12CC3CC(C)(C1)CC(NC(=O)c1cn(CCN4CCOCC4)c4ccccc4c1=O)(C3)C2,Activity,'<',10.0,%,1
CHEMBL236963,O=C(c1cn(CCN2CCOCC2)c2ccccc2c1=O)c1cccc2ccccc12,Activity,'<',10.0,%,1
CHEMBL394230,CC12CC3CC(C)(C1)CC(NC(=O)c1cn(CCCc4ccccc4)c4ccccc4c1=O)(C3)C2,Activity,'<',10.0,%,1
CHEMBL200595,CCCCCn1cc(C(=O)NCc2ccc(OC)cc2)c(=O)c2ccccc21,Activity,'<',10.0,%,1
CHEMBL200968,CCCCCn1cc(C(=O)Nc2ccc3ccccc3c2)c(=O)c2ccccc21,Activity,'<',10.0,%,1
CHEMBL201396,CCCCCn1cc(C(=O)N2CCOCC2)c(=O)c2ccccc21,Activity,'<',10.0,%,1
CHEMBL199336,CCCCCCCCCCN1C(=O)C(c2ccccc2)(c2ccccc2)NC1=S,Activity,'<',10.0,%,1
CHEMBL200051,CCCCCCCCCCCCCCCCN1C(=O)C(c2ccccc2)(c2ccccc2)NC1=S,Activity,'<',10.0,%,1
CHEMBL558857,CC(C)(C)c1nc2c(n1CC1CC1)CCN(S(C)(=O)=O)C2,Activity,'=',10.0,%,1
CHEMBL199401,O=C1NC(=O)N(c2ccccc2)C1c1ccccc1,Activity,'<',10.0,%,1
CHEMBL237167,CCCCn1cc(C(=O)c2ccc(OC)cc2)c(=O)c2ccccc21,Activity,'<',10.0,%,1
CHEMBL564244,CC(C)(C)c1nc2c(n1CC1CC1)CCN(S(=O)(=O)c1ccccc1)C2,Activity,'=',10.0,%,1
CHEMBL202764,CCCCCCCC/C=C\CCCCCCCCN1C(=O)C(c2ccccc2)(c2ccccc2)NC1=S,Activity,'<',10.0,%,1
CHEMBL567795,CCC(C)(C)C(=O)Nc1cc(CN2CCOCC2)c(C)cc1F,Activity,'=',10.0,%,1
CHEMBL392952,O=C(NC12CC3CC(CC(C3)C1)C2)c1cn(CCN2CCOCC2)c2ccccc2c1=O,Activity,'<',10.0,%,1
CHEMBL401426,CC12CC3CC(C)(C1)CC(NC(=O)c1cn(Cc4ccc(Br)cc4)c4ccccc4c1=O)(C3)C2,Activity,'<',10.0,%,1
CHEMBL235486,CC(NC(=O)c1cn(CCN2CCOCC2)c2ccccc2c1=O)c1ccccc1,Activity,'<',10.0,%,1
CHEMBL235696,O=C(c1c[nH]c2ccccc2c1=O)c1cccc2ccccc12,Activity,'<',10.0,%,1
CHEMBL4875896,Cn1cc(C(=O)c2ccc3c(c2)CC(C)(C)C3)c2ccccc21,Activity,'=',10.8,%,1
CHEMBL561410,CC(C)(C)c1nc2c(n1CC1CC1)CCN(S(=O)(=O)c1cccnc1)C2,Activity,'=',11.0,%,1
CHEMBL569596,CCCCC/C=C\C/C=C\CCCCCCCC(=O)NCCc1ccc(OC)cc1,Activity,'=',13.0,%,1
CHEMBL558269,CC(C)(C)c1nc2c(n1CC1CC1)CCN(S(=O)(=O)Cc1ccccc1)C2,Activity,'=',13.0,%,1
CHEMBL565515,Cc1cc(C)c(NC(=O)C2CCCCC2C)cc1CN1CCOCC1,Activity,'=',14.0,%,1
CHEMBL199554,O=C1NC(=O)N(c2ccc(Cl)cc2)C1c1ccc(Br)cc1,Activity,'<',15.0,%,1
CHEMBL551219,CC(C)(C)Cc1nc2c(n1CC1CC1)CCN(S(=O)(=O)Cc1ccccc1)C2,Activity,'=',15.0,%,1
CHEMBL381934,O=C1NC(=O)N(c2ccccc2)C1c1ccc(Br)cc1,Activity,'<',15.0,%,1
CHEMBL382459,O=C1NC(=O)N(c2ccc(Cl)cc2)C1c1ccccc1,Activity,'<',15.0,%,1
CHEMBL203147,O=C1NC(=O)N(c2ccc(Br)cc2)C1c1ccc(Br)cc1,Activity,'<',15.0,%,1
CHEMBL301920,O=C1NC(=S)NC1(c1ccccc1)c1ccccc1,Activity,'<',15.0,%,1
CHEMBL4852331,C=CCn1cc(C(=O)c2ccc3c(c2)CC(C)(C)C3)c2ccccc21,Activity,'=',16.0,%,1
CHEMBL498882,COc1cc(NC(C)=O)ccc1O,Activity,'=',16.0,%,1
CHEMBL4856607,CCC#CCn1c(C)c(C(=O)c2ccc3c(c2)CC(C)(C)C3)c2ccccc21,Activity,'=',16.4,%,1
CHEMBL4846614,COc1c(C)c(O)c2c(c1C)O[C@H]1[C@H](OC)Oc3c(O)cccc3[C@]1(O)C2=O,Activity,'=',17.0,%,1
CHEMBL518219,O=C(N/N=C1\C(=O)N(c2ccccc2)c2ccccc21)c1ccccc1,Activity,'=',18.0,%,1
CHEMBL567924,CCC(C)(C)C(=O)Nc1cc(CN2CCOCC2)c(C)cc1C,Activity,'=',18.0,%,1
CHEMBL4849621,Cc1c(C(=O)c2ccc3c(c2)CC(C)(C)C3)c2ccccc2n1Cc1ccccc1,Activity,'=',18.1,%,1
CHEMBL602305,CC(C)OC(=O)N/N=c1\sc2cc(OC(F)(F)F)ccc2n1C,Activity,'=',19.0,%,1
CHEMBL78010,COc1ccc(-c2cc(=O)c3c(O)c(OC)c(O)cc3o2)cc1,Activity,'=',19.3,%,1
CHEMBL4877094,CCOC(=O)Cn1cc(C(=O)c2ccc3c(c2)CC(C)(C)C3)c2ccccc21,Activity,'=',19.4,%,1
CHEMBL199864,CCCCCCCCCCCCCCN1C(=O)NC(c2ccccc2)(c2ccccc2)C1=O,Activity,'<',20.0,%,1
CHEMBL49393,CCCCN1C(=O)NC(c2ccccc2)(c2ccccc2)C1=O,Activity,'<',20.0,%,1
CHEMBL201405,CCCCCn1cc(C(=O)Nc2ccc(-c3ccccc3)cc2)c(=O)c2ccccc21,Activity,'<',20.0,%,1
CHEMBL236344,CCCCCn1c(C)c(C(=O)NCCc2ccccc2)c(=O)c2ccccc21,Activity,'<',20.0,%,1
CHEMBL202983,CCCCn1cc(C(=O)Nc2ccc(OC)cc2)c(=O)c2ccccc21,Activity,'<',20.0,%,1
CHEMBL371659,O=C1NC(c2ccccc2)(c2ccccc2)C(=O)N1CCc1ccccc1,Activity,'<',20.0,%,1
CHEMBL372153,CCCCN1C(=O)CNC1=S,Activity,'<',20.0,%,1
CHEMBL437135,CCCCCCCN1C(=O)C(c2ccccc2)(c2ccccc2)N(CCCCCCC)C1=S,Activity,'<',20.0,%,1
CHEMBL382762,O=C1C(c2ccccc2)NC(=S)N1c1ccccc1,Activity,'<',20.0,%,1
CHEMBL201185,O=C1CNC(=S)N1c1ccccc1,Activity,'<',20.0,%,1
CHEMBL379893,O=C1NC(=O)N(c2ccc(I)cc2)C1c1ccccc1,Activity,'<',20.0,%,1
CHEMBL199641,CCCCCCCN1C(=O)CNC1=O,Activity,'<',20.0,%,1
CHEMBL236756,CCCCCn1c(C)c(C(=O)NC(C)c2ccc3ccccc3c2)c(=O)c2ccccc21,Activity,'<',20.0,%,1
CHEMBL397624,CCCCCn1cc(C(=O)c2ccc(OC)cc2)c(=O)c2ccccc21,Activity,'<',20.0,%,1
CHEMBL238048,CC12CC3CC(C)(C1)CC(NC(=O)c1cn(CCc4ccccc4)c4ccccc4c1=O)(C3)C2,Activity,'<',20.0,%,1
CHEMBL235947,CCCCCn1cc(C(=O)NC(C)C23CC4CC(CC(C4)C2)C3)c(=O)c2cc(Cl)ccc21,Activity,'<',20.0,%,1
CHEMBL203301,CCCCCn1cc(C(=O)O)c(=O)c2ccccc21,Activity,'<',20.0,%,1
CHEMBL154793,O=C1NC(c2ccccc2)C(=O)N1c1ccccc1,Activity,'<',20.0,%,1
CHEMBL235732,CCCCCn1cc(C(=O)NC23CC4CC(C)(CC(C)(C4)C2)C3)c(=O)c2cc(Cl)ccc21,Activity,'<',20.0,%,1
CHEMBL199447,CCCCCn1cc(C(=O)Nc2ccc(OC)cc2)c(=O)c2ccccc21,Activity,'<',20.0,%,1
CHEMBL199804,CCCCCCCN1C(=O)C(c2ccccc2)NC1=S,Activity,'<',20.0,%,1
CHEMBL199863,CCCCCCCCCCN1C(=O)NC(c2ccccc2)(c2ccccc2)C1=O,Activity,'<',20.0,%,1
CHEMBL198241,CCCCN1C(=O)CNC1=O,Activity,'<',20.0,%,1
CHEMBL156179,O=C1CNC(=O)N1c1ccccc1,Activity,'<',20.0,%,1
CHEMBL201346,O=C1C(c2ccccc2)N(c2ccc(O)cc2)C(=S)N1c1ccc(O)cc1,Activity,'<',20.0,%,1
CHEMBL380808,CCN1C(=O)NC(c2ccccc2)(c2ccccc2)C1=O,Activity,'<',20.0,%,1
CHEMBL191683,O=C1N(CCCO)C(=S)NC1(c1ccccc1)c1ccccc1,Activity,'=',20.8,%,1
CHEMBL299218,CCCCCN1C(=O)NC(c2ccccc2)(c2ccccc2)C1=O,Activity,'=',21.3,%,1
CHEMBL191837,CCCCCCN1C(=O)C(c2ccccc2)(c2ccccc2)NC1=S,Activity,'=',21.9,%,1
CHEMBL455911,CCCCCCN1C(=O)/C(=N\NC(=O)c2ccccc2)c2cc(C)ccc21,Activity,'=',22.0,%,1
CHEMBL237010,CCCCCn1cc(C(=O)NC(C)C23CC4CC(CC(C4)C2)C3)c(=O)c2ccc(Cl)cc21,Activity,'=',22.4,%,1
CHEMBL198339,CCCCCCCN1C(=O)NC(c2ccccc2)(c2ccccc2)C1=O,Activity,'=',23.4,%,1
CHEMBL192510,CCCCCCCCN1C(=O)C(c2ccc(Br)cc2)(c2ccc(Br)cc2)NC1=S,Activity,'=',23.4,%,1
CHEMBL236758,CCCCCn1c(C)c(C(=O)NC(C)c2cccc3ccccc23)c(=O)c2ccccc21,Activity,'=',23.6,%,1
CHEMBL235946,CCCCCn1cc(C(=O)NC23CC4CC(C)(CC(C)(C4)C2)C3)c(=O)c2cccc(Cl)c21,Activity,'=',23.8,%,1
CHEMBL463178,CCCCCCCCCCCCN1C(=O)/C(=N\NC(=O)c2ccccc2)c2ccccc21,Activity,'=',23.8,%,1
CHEMBL2441253,CCCCCn1c2ccccc2c2cc(C(=O)N3CCS(=O)(=O)CC3)ccc21,Activity,'=',23.9,%,1
CHEMBL236157,CCCCCn1cc(CNCCc2ccccc2)c(=O)c2ccccc21,Activity,'=',24.0,%,1
CHEMBL558536,Cc1noc(C)c1S(=O)(=O)N1CCc2c(nc(CC(C)(C)C)n2CC2CC2)C1,Activity,'=',24.0,%,1
CHEMBL380690,CCCCCCCCN1C(=O)NC(c2ccc(C)cc2)(c2ccc(C)cc2)C1=O,Activity,'=',24.5,%,1
CHEMBL4159382,Cc1cc(/N=N/c2ccc(S(=O)(=O)NC3CCCC3)cc2)c(N)cc1O,Activity,'=',24.7,%,1
CHEMBL458277,CCCCCN1C(=O)/C(=N\NC(=O)c2ccccc2)c2cc(I)ccc21,Activity,'=',25.0,%,1
CHEMBL4202767,CCOc1c(Cl)cc(C(=O)Nc2ccc(C(=O)O)c(C)c2)cc1OC(C)C,Activity,'<=',25.0,%,1
CHEMBL550742,COCCS(=O)(=O)N1CCc2c(nc(C(C)(C)C)n2CC2CC2)C1,Activity,'=',25.0,%,1
CHEMBL516078,Cc1ccc(NC(=O)c2ccc(Cl)cc2)cc1S(=O)(=O)N1CCOCC1,Activity,'=',25.0,%,1
CHEMBL45797,CCCCCCCCN1C(=O)NC(c2ccccc2)(c2ccccc2)C1=O,Activity,'=',25.1,%,1
CHEMBL378791,O=C1NC(=O)N(c2ccc(Br)cc2)C1c1ccccc1,Activity,'=',25.2,%,1
CHEMBL509491,CCCCCCN1C(=O)/C(=N\NC(=O)c2ccccc2)c2cc(OC)ccc21,Activity,'=',26.0,%,1
CHEMBL235042,CCCCCn1nc(C(=O)NC23CC4CC(C)(CC(C)(C4)C2)C3)c(=O)c2ccccc21,Activity,'=',26.1,%,1
CHEMBL4873461,CCCCCCn1c(C)c(C(=O)c2ccc3c(c2)CC(C)(C)C3)c2ccccc21,Activity,'=',26.2,%,1
CHEMBL429986,CCCCCn1cc(C(=O)NC23CC4CC(C)(CC(C)(C4)C2)C3)c(=O)c2ncccc21,Activity,'=',26.3,%,1
CHEMBL236156,CCCCCn1cc(CNC23CC4CC(CC(C4)C2)C3)c(=O)c2ccccc21,Activity,'=',27.0,%,1
CHEMBL237380,CCCCCn1cc(C(=O)c2ccc3c(c2)COC3)c(=O)c2ccccc21,Activity,'=',27.2,%,1
CHEMBL236551,CCCCCn1c(C)c(C(=O)NC(C)c2ccccc2)c(=O)c2ccccc21,Activity,'=',27.2,%,1
CHEMBL377287,CCCCCN1C(=O)C(c2ccccc2)(c2ccccc2)NC1=S,Activity,'=',27.6,%,1
CHEMBL397762,CCCCCn1cc(NC(=O)CCc2ccccc2)c(=O)c2ccccc21,Activity,'=',28.1,%,1
CHEMBL236962,O=C(c1cn(CCC2CCCCC2)c2ccccc2c1=O)c1cccc2ccccc12,Activity,'=',28.7,%,1
CHEMBL426628,CCCCCCCN1C(=O)C(c2ccccc2)(c2ccccc2)NC1=S,Activity,'=',28.8,%,1
CHEMBL473729,Cc1ccc(-c2c(C(=O)NN3CCCCC3)cnn2-c2ccc(Cl)cc2Cl)cc1,Activity,'=',29.0,%,1
CHEMBL237171,CCCCCn1c(-c2ccccc2)c(C(=O)NC23CC4CC(CC(C4)C2)C3)c(=O)c2ccccc21,Activity,'=',29.1,%,1
CHEMBL372487,O=C1N(CCc2ccccc2)C(=S)NC1(c1ccccc1)c1ccccc1,Activity,'=',29.3,%,1
CHEMBL236753,O=C(c1cn(CCc2ccccc2)c2ccccc2c1=O)c1cccc2ccccc12,Activity,'=',29.3,%,1
CHEMBL434163,COCCCN1C(=O)C(c2ccccc2)(c2ccccc2)NC1=S,Activity,'=',29.4,%,1
CHEMBL295546,CCCCCCN1C(=O)NC(c2ccccc2)(c2ccccc2)C1=O,Activity,'=',29.9,%,1
CHEMBL510818,O=C(NN1CCOCC1)c1cnn(-c2ccc(Cl)cc2Cl)c1-c1ccc(F)cc1,Activity,'=',30.0,%,1
CHEMBL4751721,O=C(Nc1ccc(Cl)cc1)Nc1cccc(Nc2ccccn2)c1,Activity,'=',30.0,%,1
CHEMBL2179510,Cc1noc(-c2ccc3c(c2)c2c(n3CCCSc3cc(F)cc(F)c3)CCCC2)n1,Activity,'=',30.0,%,1
CHEMBL458493,CCCCCCN1C(=O)/C(=N\NC(=O)c2cc3ccccc3s2)c2ccccc21,Activity,'<',30.0,%,1
CHEMBL514276,CCCCCCN1C(=O)/C(=N\NC(=O)c2ccc3ccccc3c2)c2ccccc21,Activity,'<',30.0,%,1
CHEMBL392288,CCCCCn1cc(C(=O)NC23CC4CC(C)(CC(C)(C4)C2)C3)c(=O)c2cnccc21,Activity,'=',30.0,%,1
CHEMBL4757245,O=C(Nc1ccc(Cl)cc1)Nc1cccc(Nc2ccccc2)c1,Activity,'=',30.0,%,1
CHEMBL4535063,OC(C(c1ccccc1)c1c(-c2ccccc2)[nH]c2ccccc12)C(F)(F)F,Activity,'=',30.0,%,1
CHEMBL4800179,O=C(Nc1ccc(Cl)cc1)Nc1cccc(-c2cccc(N3CCCCC3)c2)c1,Activity,'=',30.0,%,1
CHEMBL4756723,O=C(Nc1ccc(Cl)cc1)Nc1cccc(Nc2ccc(F)cc2)c1,Activity,'=',30.0,%,1
CHEMBL4473491,FC(F)(F)CC(c1ccccc1)c1c(-c2ccccc2)[nH]c2ccccc12,Activity,'=',30.0,%,1
CHEMBL4581074,O=C(C(c1ccccc1)c1c(-c2ccccc2)[nH]c2ccccc12)C(F)(F)F,Activity,'=',30.0,%,1
CHEMBL235698,CCCCn1cc(C(=O)c2cccc3ccccc23)c(=O)c2ccccc21,Activity,'=',30.0,%,1
CHEMBL236333,CCCCCn1cc(C(=O)NC(C)C23CC4CC(CC(C4)C2)C3)c(=O)c2ccccc21,Activity,'=',31.0,%,1
CHEMBL577487,Cc1cc(F)c(NC(=O)C2CCCCC2C)cc1CN1CCOCC1,Activity,'=',31.0,%,1
CHEMBL372745,CCCCCCCCN1C(=O)NC(c2ccc(OC)cc2)(c2ccc(OC)cc2)C1=O,Activity,'=',31.2,%,1
CHEMBL391075,O=C(c1cn(CCCc2ccccc2)c2ccccc2c1=O)c1cccc2ccccc12,Activity,'=',31.3,%,1
CHEMBL381431,CC12CC3CC(C)(C1)CC(NC(=O)c1cn(Cc4ccccc4)c4ccccc4c1=O)(C3)C2,Activity,'=',32.5,%,1
CHEMBL353091,O=C1N(c2ccccc2)C(=S)NC1(c1ccccc1)c1ccccc1,Activity,'=',32.6,%,1
CHEMBL372119,CCCCCn1cc(C(=O)NCCCc2ccccc2)c(=O)c2ccccc21,Activity,'=',32.8,%,1
CHEMBL4848178,C#CCn1cc(C(=O)c2ccc3c(c2)CC(C)(C)C3)c2ccccc21,Activity,'=',33.4,%,1
CHEMBL199997,CCCCn1cc(C(=O)NCc2ccccc2)c(=O)c2ccccc21,Activity,'=',33.6,%,1
CHEMBL49614,O=C1NC(c2ccccc2)(c2ccccc2)C(=O)N1Cc1ccccc1,Activity,'=',33.7,%,1
CHEMBL192401,CCCCCCCN1C(=O)C(c2ccc(Br)cc2)(c2ccc(Br)cc2)NC1=S,Activity,'=',34.2,%,1
CHEMBL371140,CC(C)CN1C(=O)C(c2ccccc2)(c2ccccc2)NC1=S,Activity,'=',34.6,%,1
CHEMBL2441452,CCCCCn1c2ccccc2c2cc(C(=O)NCC(C)(C)C)ncc21,Activity,'=',34.7,%,1
CHEMBL4865795,CC/C=C/Cn1c(C)c(C(=O)c2ccc3c(c2)CC(C)(C)C3)c2ccccc21,Activity,'=',35.1,%,1
CHEMBL236361,CCCCCn1cc(C(=O)NC23CC4CC(C)(CC(C)(C4)C2)C3)c(=S)c2ccccc21,Activity,'=',35.1,%,1
CHEMBL197598,CCCCCn1cc(C(=O)NC(C)c2cccc3ccccc23)c(=O)c2ccccc21,Activity,'=',35.5,%,1
CHEMBL236961,CCCCCn1cc(C(=O)c2ccc3ccccc3c2)c(=O)c2ccccc21,Activity,'=',35.7,%,1
CHEMBL235057,CCCCCCn1cc(C(=O)c2cccc3ccccc23)c(=O)c2ccccc21,Activity,'=',35.8,%,1
CHEMBL279147,CCCCCC#Cc1cc(O)c2c(c1)OC(C)(C)[C@@H]1CC=C(C)C[C@@H]21,Activity,'=',36.0,nM,1
CHEMBL193218,CCCCCCCCN1C(=O)C(c2ccc(Cl)cc2)(c2ccc(Cl)cc2)NC1=S,Activity,'=',36.6,%,1
CHEMBL200334,CCCCCCn1cc(C(=O)NCc2ccccc2)c(=O)c2ccccc21,Activity,'=',37.4,%,1
CHEMBL3774784,CCCCCCNC(=O)Oc1cccc(-c2ccc([C@H](C)C(=O)O)cc2F)c1,Activity,'=',38.1,%,1
CHEMBL4848150,Cc1c(C(=O)c2ccc3c(c2)CC(C)(C)C3)c2ccccc2n1Cc1ccc(F)cc1,Activity,'=',38.4,%,1
CHEMBL4857317,C=CCCCn1c(C)c(C(=O)c2ccc3c(c2)CC(C)(C)C3)c2ccccc21,Activity,'=',38.6,%,1
CHEMBL392138,CC12CC3CC(C)(C1)CC(NC(=O)c1cn(Cc4ccc(Cl)cc4)c4ccccc4c1=O)(C3)C2,Activity,'=',38.7,%,1
CHEMBL363868,CCCCCCCCN1C(=O)C(c2ccccc2)(c2ccccc2)NC1=S,Activity,'=',38.8,%,1
CHEMBL473728,O=C(NCCN1CCCCC1)c1cnn(-c2ccc(Cl)cc2Cl)c1-c1ccc(Cl)cc1,Activity,'=',39.0,%,1
CHEMBL201588,CCCCCCCCN1C(=O)NC(c2ccc(Cl)cc2)(c2ccc(Cl)cc2)C1=O,Activity,'=',39.5,%,1
CHEMBL236539,CCCCCn1c(C)c(C(=O)NC23CC4CC(C)(CC(C)(C4)C2)C3)c(=O)c2ccccc21,Activity,'=',39.8,%,1
CHEMBL237168,CCCCCCn1cc(C(=O)c2ccc(OC)cc2)c(=O)c2ccccc21,Activity,'=',39.9,%,1
CHEMBL1811938,CCCCC/C=C/c1c(O)cc(CC=C(C)C)c(O)c1C=O,Activity,'<',40.0,%,1
CHEMBL1813665,CCC/C=C/C=C/c1c(O)cc(CC=C(C)C)c(O)c1C=O,Activity,'<',40.0,%,1
CHEMBL462797,CCC/C=C/c1cc2c(C=O)c(O)c(CC=C(C)C)cc2o1,Activity,'<',40.0,%,1
CHEMBL457172,O=C1/C(=N\NS(=O)(=O)c2ccccc2)c2ccccc2N1CCC1CCCCC1,Activity,'<',40.0,%,1
CHEMBL575424,Cc1c(O)cc(O)c2c1COC2=O,Activity,'<',40.0,%,1
CHEMBL1813664,CCCCCCCc1c(O)cc(CC=C(C)C)c(O)c1C=O,Activity,'<',40.0,%,1
CHEMBL251450,C=CC(C)(C)c1[nH]c2c(CC=C(C)C)cc(CC=C(C)C)cc2c1C[C@@H]1NC(=O)[C@H](C)NC1=O,Activity,'<',40.0,%,1
CHEMBL457620,CCCCCCN1C(=O)/C(=N/NS(=O)(=O)c2ccccc2)c2ccccc21,Activity,'<',40.0,%,1
CHEMBL1813662,CCCCC/C=C/c1c(O)cc(CC=C(C)C)c(O)c1CO,Activity,'<',40.0,%,1
CHEMBL365188,CCN1C(=O)C(c2ccccc2)(c2ccccc2)NC1=S,Activity,'=',40.0,%,1
CHEMBL456966,O=C1/C(=N\NC(=S)Nc2ccccc2)c2ccccc2N1CCC1CCCCC1,Activity,'<',40.0,%,1
CHEMBL456160,O=C(N/N=C1\C(=O)N(CCC2CCCCC2)c2ccccc21)Nc1ccccc1,Activity,'<',40.0,%,1
CHEMBL4467500,Cc1c(Br)cn(Cc2ccc(F)cc2)c(=O)c1NC(=O)C1CCCCCC1,Activity,'=',40.0,%,1
CHEMBL4777450,CCCCCCC(C)(C)c1ccc([C@@H]2C[C@H](O)CC[C@H]2CCO)c(O)c1,Activity,'=',40.0,%,1
CHEMBL393931,CCCCCn1c(-c2ccccc2)c(C(=O)NC23CC4CC(C)(CC(C)(C4)C2)C3)c(=O)c2ccccc21,Activity,'=',40.0,%,1
CHEMBL457173,CCCCCCN1C(=O)/C(=N\NC(=O)Nc2ccccc2)c2ccccc21,Activity,'<',40.0,%,1
CHEMBL48487,CCCCCCCCN1C(=O)NC(c2ccc(F)cc2)(c2ccc(F)cc2)C1=O,Activity,'=',40.1,%,1
CHEMBL236158,CCCCCn1cc(CNCC2CCCc3ccccc32)c(=O)c2ccccc21,Activity,'=',41.0,%,1
CHEMBL201007,CCCCCN1C(=O)C(c2ccccc2)N(c2ccccc2)C1=O,Activity,'=',41.1,%,1
CHEMBL477898,COc1cc2c(c(O)c1C)C(=O)[C@@]1(O)c3cccc(O)c3O[C@@H](OC)[C@@H]1O2,Activity,'=',42.2,%,1
CHEMBL199915,CCCCCCCN1C(=O)NC(c2ccc(Cl)cc2)(c2ccc(Cl)cc2)C1=O,Activity,'=',42.7,%,1
CHEMBL169721,CCCCN1C(=O)C(c2ccccc2)(c2ccccc2)NC1=S,Activity,'=',42.8,%,1
CHEMBL455951,CCCN1C(=O)/C(=N\NC(=O)c2ccccc2)c2ccccc21,Activity,'=',43.0,%,1
CHEMBL4857296,CC/C=C\Cn1c(C)c(C(=O)c2ccc3c(c2)CC(C)(C)C3)c2ccccc21,Activity,'=',43.0,%,1
CHEMBL515886,O=C(NN1CCCCC1)c1cnn(-c2ccc(Cl)cc2Cl)c1-c1ccc(F)cc1,Activity,'=',43.0,%,1
CHEMBL4862466,CCCCn1c(C)c(C(=O)c2ccc3c(c2)CC(C)(C)C3)c2ccccc21,Activity,'=',43.5,%,1
CHEMBL201056,CCCCCn1cc(C(=O)NCCc2ccc3c(c2)OCO3)c(=O)c2ccccc21,Activity,'=',43.6,%,1
CHEMBL475500,Cc1ccc(NC(=O)[C@H]2C[C@@]3(C)CC[C@]2(C)O3)cc1S(=O)(=O)N1CCOCC1,Activity,'=',44.0,%,1
CHEMBL4874689,CCCn1c(C)c(C(=O)c2ccc3c(c2)CC(C)(C)C3)c2ccccc21,Activity,'=',44.4,%,1
CHEMBL371117,O=C1N(Cc2ccccc2)C(=S)NC1(c1ccccc1)c1ccccc1,Activity,'=',44.7,%,1
CHEMBL4779866,O=C(Nc1ccc(F)cc1)Nc1cccc(-c2cccc(N3CCCC3)c2)c1,Activity,'=',45.0,%,1
CHEMBL51191,CCCCCCCCN1C(=O)NC(c2ccc(Br)cc2)(c2ccc(Br)cc2)C1=O,Activity,'=',45.1,%,1
CHEMBL456565,CCCCCCN1C(=O)/C(=N\NC(=O)CCCCC)c2ccccc21,Activity,'=',45.2,%,1
CHEMBL200179,CCCCn1cc(C(=O)Nc2cccc3ccccc23)c(=O)c2ccccc21,Activity,'=',45.3,%,1
CHEMBL425928,CCCCCCCN1C(=O)C(c2ccccc2)N(c2ccccc2)C1=O,Activity,'=',45.6,%,1
CHEMBL456784,CCCCCCN1C(=O)/C(=N\NC(=O)c2ccc(Cl)cc2)c2ccccc21,Activity,'=',46.6,%,1
CHEMBL393615,O=C(c1cn(Cc2ccccc2)c2ccccc2c1=O)c1cccc2ccccc12,Activity,'=',47.1,%,1
CHEMBL3354413,CCCCSc1nnc2c(n1)OC(CC)Nc1ccccc1-2,Activity,'=',47.76,%,1
CHEMBL473730,Cc1ccc(-c2c(C(=O)NC3CCCCC3)cnn2-c2ccc(Cl)cc2Cl)cc1,Activity,'=',48.0,%,1
CHEMBL514476,O=C(c1cnn(-c2ccc(Cl)cc2Cl)c1-c1ccc(Cl)cc1)N1CCCC1,Activity,'=',49.0,%,1
CHEMBL4643782,O=C(CCCc1ccccc1)C(=O)NCCc1ccc(Oc2ccccc2)cc1,Activity,'=',49.0,%,1
CHEMBL457402,CCCCCCN1C(=O)/C(=N\NC(=S)Nc2ccccc2)c2ccccc21,Activity,'=',49.0,%,1
CHEMBL237166,CCCCCn1cc(C(=O)c2ccccc2)c(=O)c2ccccc21,Activity,'=',49.5,%,1
CHEMBL373169,CCCCCn1cc(C(=O)Nc2ccc(C#N)cc2)c(=O)c2ccccc21,Activity,'=',49.6,%,1
CHEMBL4069058,CC(C)(C)NC(=O)c1cc2ccccc2n1CCCCCO,Activity,'<',50.0,%,1
CHEMBL4544767,Cc1ccc2c(C(c3ccccc3)C(C#N)C#N)c(-c3ccccc3)[nH]c2c1,Activity,'>',50.0,%,1
CHEMBL4741026,CC(C)(O)COc1ccc(C(F)(F)F)cc1-c1ccc(-c2cc(C(C)(C)C)nn2C[C@H]2CCCO2)o1,Activity,'<',50.0,%,1
CHEMBL4472148,OCc1ccc2c(C(CC(F)(F)F)c3cccs3)c(-c3ccccc3)[nH]c2c1,Activity,'<',50.0,%,1
CHEMBL4461846,Cc1ccc2c(C(CC#N)c3ccccc3)c(-c3ccccc3)[nH]c2c1,Activity,'>',50.0,%,1
CHEMBL4475075,N#CC(C#N)C(c1ccccc1)c1c(-c2ccccc2)[nH]c2cc(Cl)ccc12,Activity,'<',50.0,%,1
CHEMBL4514713,CC(C)(C)[C@H](NC(=O)c1cc2ccccc2n1CCCCCO)C(N)=O,Activity,'<',50.0,%,1
CHEMBL4518183,COC(=O)[C@@H](NC(=O)c1cc2ccccc2n1CCCCCO)C(C)C,Activity,'<',50.0,%,1
CHEMBL4452135,CC(C)(NC(=O)c1cc2ccccc2n1CCCCCO)c1ccccc1,Activity,'<',50.0,%,1
CHEMBL4529126,CCCCCn1c(C(=O)NC(C)(C)c2ccccc2)cc2ccccc21,Activity,'<',50.0,%,1
CHEMBL4583947,CC(C)(C)[C@H](NC(=O)c1cc2ccccc2n1CCCCC(F)F)C(N)=O,Activity,'<',50.0,%,1
CHEMBL4760258,CC(C)(O)COc1ccc(C(F)(F)F)cc1-c1cc(C(C)(C)C)nn1C[C@H]1CCCO1,Activity,'<',50.0,%,1
CHEMBL4758109,CC(C)(O)COc1ccc(C(F)(F)F)cc1C#Cc1cc(C(C)(C)C)nn1C[C@H]1CCCO1,Activity,'<',50.0,%,1
CHEMBL4793218,CC(C)(O)COc1ccc(C(F)(F)F)cc1CNc1cc(C(C)(C)C)nn1C[C@H]1CCCO1,Activity,'<',50.0,%,1
CHEMBL4071769,O=C(NC12CC3CC(CC(C3)C1)C2)c1c(F)c2ccccc2n1CCCCCO,Activity,'<',50.0,%,1
CHEMBL4102443,O=C(NC12CC3CC(CC(C3)C1)C2)c1cc2ccccc2n1CC1CCOCC1,Activity,'<',50.0,%,1
CHEMBL4100174,O=C(NC12CC3CC(CC(C3)C1)C2)c1c[nH]c2ccccc12,Activity,'<',50.0,%,1
CHEMBL4079140,O=C(NC12CC3CC(CC(C3)C1)C2)c1cc2ccccc2n1CCCCCO,Activity,'<',50.0,%,1
CHEMBL4530697,Cc1ccc2c(C(C(=O)C(F)(F)F)c3ccccc3)c(-c3ccccc3)[nH]c2c1,Activity,'=',50.0,%,1
CHEMBL4090125,O=C(NC1CCCC1)c1cc2ccccc2n1CCCCCO,Activity,'<',50.0,%,1
CHEMBL4452956,O=C(N(CC1CC1)c1c(-c2ccccc2)[nH]c2ccccc12)C(F)(F)F,Activity,'=',50.0,%,1
CHEMBL4483033,CCCCCn1cccc2c(C(=O)NC34CC5CC(CC(C5)C3)C4)cnc1-2,Activity,'<',50.0,%,1
CHEMBL4085762,N=C(N)NCCCCCn1c(C(=O)NC23CC4CC(CC(C4)C2)C3)cc2ccccc21,Activity,'<',50.0,%,1
CHEMBL4568399,CC(=O)Nc1ccc2c(C(CC(F)(F)F)c3cccs3)c(-c3ccccc3)[nH]c2c1,Activity,'<',50.0,%,1
CHEMBL4788949,CC(C)(O)COc1ccc(C(F)(F)F)cc1S(=O)(=O)Nc1cc(C(C)(C)C)nn1C[C@H]1CCCO1,Activity,'<',50.0,%,1
CHEMBL4753911,CC(C)(O)COc1ccc(C(F)(F)F)cc1CCc1cc(C(C)(C)C)nn1C[C@H]1CCCO1,Activity,'<',50.0,%,1
CHEMBL4742310,CC(C)(O)COc1ccc(C(F)(F)F)cc1-c1ccc2c(C(C)(C)C)nn(C[C@H]3CCCO3)c2c1,Activity,'<',50.0,%,1
CHEMBL4464657,O=C(O)CC(c1ccccc1)c1c(-c2ccccc2)[nH]c2ccccc12,Activity,'<',50.0,%,1
CHEMBL4449575,CCCCCn1c(C(=O)N[C@H](C(=O)OC)C(C)(C)C)cc2ccccc21,Activity,'<',50.0,%,1
CHEMBL4064199,NCCCCCn1c(C(=O)NC23CC4CC(CC(C4)C2)C3)cc2ccccc21,Activity,'<',50.0,%,1
CHEMBL4543499,O=[N+]([O-])CC(c1cccs1)c1c(-c2ccc(Cl)cc2)[nH]c2cc(Cl)ccc12,Activity,'<',50.0,%,1
CHEMBL4448785,Cc1ccc2c(C(CC(F)(F)F)c3ccco3)c(-c3ccccc3)[nH]c2c1,Activity,'>',50.0,%,1
CHEMBL4460081,N#Cc1ccc2[nH]c(C3CCCCC3)c(C(C[N+](=O)[O-])c3cccs3)c2c1,Activity,'<',50.0,%,1
CHEMBL4073127,O=C(NC12CC3CC(CC(C3)C1)C2)c1cc2ccccc2n1CCCO,Activity,'<',50.0,%,1
CHEMBL4098779,O=C(NC12CC3CC(CC(C3)C1)C2)c1c(F)c2ccccc2n1CCCCO,Activity,'<',50.0,%,1
CHEMBL4757000,CC(C)(O)COc1ccc(C(F)(F)F)cc1/C=C/c1cc(C(C)(C)C)nn1C[C@H]1CCCO1,Activity,'<',50.0,%,1
CHEMBL4097095,COc1ccc2c(c1)c(C(=O)NC13CC4CC(CC(C4)C1)C3)cn2CCN1CCOCC1,Activity,'<',50.0,%,1
CHEMBL4082277,O=C(NC12CC3CC(CC(C3)C1)C2)c1cc2ccccc2n1CCCCC(F)F,Activity,'<',50.0,%,1
CHEMBL4453054,COC(=O)c1ccc(-c2[nH]c3cc(Cl)ccc3c2C(C[N+](=O)[O-])c2cccs2)cc1,Activity,'<',50.0,%,1
CHEMBL4531953,OCC(c1ccccc1)c1c(-c2ccccc2)[nH]c2ccccc12,Activity,'<',50.0,%,1
CHEMBL4545095,O=[N+]([O-])CC(c1cccs1)c1c(-c2ccc(F)cc2)[nH]c2cc(Cl)ccc12,Activity,'<',50.0,%,1
CHEMBL4747832,CC(C)(O)COc1ccc(C(F)(F)F)cc1-c1ncc2c(C(C)(C)C)nn(C[C@H]3CCCO3)c2n1,Activity,'<',50.0,%,1
CHEMBL4578779,CS(=O)(=O)Nc1ccc2c(C(CC(F)(F)F)c3cccs3)c(-c3ccccc3)[nH]c2c1,Activity,'<',50.0,%,1
CHEMBL4451763,Cc1ccc2[nH]c(-c3ccccc3)c(C(CC(F)(F)F)c3cccs3)c2c1,Activity,'<',50.0,%,1
CHEMBL4436837,CC(C)[C@H](NC(=O)c1cc2ccccc2n1CCCCCO)C(N)=O,Activity,'<',50.0,%,1
CHEMBL4563964,COC(=O)[C@@H](NC(=O)c1cc2ccccc2n1CCCCCO)C(C)(C)C,Activity,'<',50.0,%,1
CHEMBL4459796,Cc1ccc2c(C(c3cccs3)C(C#N)C#N)c(-c3ccccc3)[nH]c2c1,Activity,'>',50.0,%,1
CHEMBL4469802,CCCCCn1c(C(=O)N[C@H](C(N)=O)C(C)C)cc2ccccc21,Activity,'<',50.0,%,1
CHEMBL4760767,CC(C)(O)COc1ccc(C(F)(F)F)cc1Nc1cc(C(C)(C)C)nn1C[C@H]1CCCO1,Activity,'<',50.0,%,1
CHEMBL4079074,COc1cccc2c1c(C(=O)NC13CC4CC(CC(C4)C1)C3)cn2CCN1CCOCC1,Activity,'<',50.0,%,1
CHEMBL4104806,CSc1cccc2c(C(=O)NC34CC5CC(CC(C5)C3)C4)cn(CCN3CCOCC3)c12,Activity,'<',50.0,%,1
CHEMBL4439036,Cc1ccc2c(C(C[N+](=O)[O-])c3cccs3)c(C3CC3)[nH]c2c1,Activity,'>',50.0,%,1
CHEMBL4529232,CC(C)CN(C(=O)C(F)(F)F)c1c(-c2ccccc2)[nH]c2ccccc12,Activity,'=',50.0,%,1
CHEMBL4064542,O=C(NC12CC3CC(CC(C3)C1)C2)c1cc2ccccc2n1CCCCCF,Activity,'<',50.0,%,1
CHEMBL4060372,O=CCCCCn1c(C(=O)NC23CC4CC(CC(C4)C2)C3)cc2ccccc21,Activity,'<',50.0,%,1
CHEMBL4101539,O=C(NC12CC3CC(CC(C3)C1)C2)c1cc2ccccc2n1CCN1CCOC1=O,Activity,'<',50.0,%,1
CHEMBL4078172,O=C(NC12CC3CC(CC(C3)C1)C2)c1cc2ccccc2n1CCCC(F)(F)F,Activity,'<',50.0,%,1
CHEMBL4447062,O=C(O)c1ccc(-c2[nH]c3cc(Cl)ccc3c2C(C[N+](=O)[O-])c2cccs2)cc1,Activity,'<',50.0,%,1
CHEMBL4080556,N#CCCCCn1c(C(=O)NC23CC4CC(CC(C4)C2)C3)cc2ccccc21,Activity,'<',50.0,%,1
CHEMBL4755708,O=C(Nc1ccc(Cl)cc1)Nc1cccc(Nc2cccc(N3CCCCC3)n2)n1,Activity,'=',50.0,%,1
CHEMBL4090311,N#CCn1cc(C(=O)NC23CC4CC(CC(C4)C2)C3)c2ccccc21,Activity,'<',50.0,%,1
CHEMBL4470640,Cc1ccc2[nH]c(-c3ccccc3)c(C(C[N+](=O)[O-])c3cccs3)c2c1,Activity,'>',50.0,%,1
CHEMBL4535966,Cc1ccc2c(C(C[N+](=O)[O-])c3cccs3)c(C3CCCC3)[nH]c2c1,Activity,'>',50.0,%,1
CHEMBL4440059,Cc1ccc2c(C(CC(F)(F)F)c3cccs3)c(-c3ccccc3)[nH]c2c1,Activity,'>',50.0,%,1
CHEMBL4532616,FC(F)(F)CC(c1cccs1)c1c(-c2ccccc2)[nH]c2cc(Cl)ccc12,Activity,'>',50.0,%,1
CHEMBL4749881,CC(C)(O)COc1ccc(C(F)(F)F)cc1-c1cn(-c2cc(C(C)(C)C)nn2C[C@H]2CCCO2)nn1,Activity,'<',50.0,%,1
CHEMBL4083541,N#CCCCCn1c(C(=O)Nc2ccccc2)cc2ccccc21,Activity,'<',50.0,%,1
CHEMBL4097844,NCCCCn1c(C(=O)NC23CC4CC(CC(C4)C2)C3)cc2ccccc21,Activity,'<',50.0,%,1
CHEMBL4551868,Cc1ccc2c(C(CC3CC3)CC(F)(F)F)c(-c3ccccc3)[nH]c2c1,Activity,'>',50.0,%,1
CHEMBL4788658,CN(C(=O)c1cc(C(F)(F)F)ccc1OCC(C)(C)O)c1cc(C(C)(C)C)nn1C[C@H]1CCCO1,Activity,'<',50.0,%,1
CHEMBL4442956,Cc1ccc2[nH]c(-c3ccccc3)c(C(CC(F)(F)F)c3ccccc3)c2c1,Activity,'<',50.0,%,1
CHEMBL4448300,CN(C)c1ccc(-c2[nH]c3cc(Cl)ccc3c2C(C[N+](=O)[O-])c2cccs2)cc1,Activity,'<',50.0,%,1
CHEMBL4573240,CS(=O)(=O)c1ccc(-c2[nH]c3cc(Cl)ccc3c2C(C[N+](=O)[O-])c2cccs2)cc1,Activity,'<',50.0,%,1
CHEMBL4571450,N#CC(C#N)C(c1ccccc1)c1c(-c2ccccc2)[nH]c2ccccc12,Activity,'<',50.0,%,1
CHEMBL4095228,CCCCCn1c(C(=O)NC23CC4CC(CC(C4)C2)C3)cc2ccccc21,Activity,'<',50.0,%,1
CHEMBL4103902,COCCCCCn1cc(C(=O)NC23CC4CC(CC(C4)C2)C3)c2ccccc21,Activity,'<',50.0,%,1
CHEMBL4457988,COc1cccc(-c2[nH]c3cc(Cl)ccc3c2C(C[N+](=O)[O-])c2cccs2)c1,Activity,'<',50.0,%,1
CHEMBL4444679,Cc1ccc2c(C(C[N+](=O)[O-])c3cccs3)c(-c3ccc(F)cc3)[nH]c2c1,Activity,'<',50.0,%,1
CHEMBL4532914,O=[N+]([O-])CC(c1cccs1)c1c(-c2ccccc2)[nH]c2ccc([N+](=O)[O-])cc12,Activity,'<',50.0,%,1
CHEMBL4576511,N#Cc1ccc2[nH]c(-c3ccccc3)c(C(C[N+](=O)[O-])c3cccs3)c2c1,Activity,'<',50.0,%,1
CHEMBL4476813,Cc1ccc2c(C(C[N+](=O)[O-])c3cccs3)c(-c3ccc(Cl)cc3)[nH]c2c1,Activity,'<',50.0,%,1
CHEMBL4557502,Nc1ccc2c(C(CC(F)(F)F)c3cccs3)c(-c3ccccc3)[nH]c2c1,Activity,'<',50.0,%,1
CHEMBL4516499,CCCCCn1c(C(=O)N[C@H](C(=O)OC)C(C)C)cc2ccccc21,Activity,'<',50.0,%,1
CHEMBL4446865,N#CCC(c1ccccc1)c1c(-c2ccccc2)[nH]c2ccccc12,Activity,'<',50.0,%,1
CHEMBL4465594,N#Cc1cccc(-c2[nH]c3cc(Cl)ccc3c2C(C[N+](=O)[O-])c2cccs2)c1,Activity,'<',50.0,%,1
CHEMBL4086064,O=C(O)CCCCn1c(C(=O)NC23CC4CC(CC(C4)C2)C3)cc2ccccc21,Activity,'<',50.0,%,1
CHEMBL4471433,FC(F)(F)CC(c1ccco1)c1c(-c2ccccc2)[nH]c2cc(Cl)ccc12,Activity,'>',50.0,%,1
CHEMBL4582686,Cc1ccc2c(C(C[N+](=O)[O-])c3cccs3)c(C3CCCCC3)[nH]c2c1,Activity,'<',50.0,%,1
CHEMBL599760,CC(=O)N1CCN(C[C@@H](C)NC(=O)c2cc3c(-c4ccccc4)nn(C)c3s2)CC1,Activity,'>',50.0,%,1
CHEMBL4574073,Cc1ccc2c(C(CC(F)(F)F)c3ccccc3)c(-c3ccccc3)[nH]c2c1,Activity,'>',50.0,%,1
CHEMBL4588971,O=C(O)c1ccc2c(C(CC(F)(F)F)c3cccs3)c(-c3ccccc3)[nH]c2c1,Activity,'<',50.0,%,1
CHEMBL4562648,COc1ccc(-c2[nH]c3cc(Cl)ccc3c2C(C[N+](=O)[O-])c2cccs2)cc1,Activity,'<',50.0,%,1
CHEMBL4438639,FC(F)(F)CC(c1ccccc1)c1c(-c2ccccc2)[nH]c2cc(C(F)(F)F)ccc12,Activity,'>',50.0,%,1
CHEMBL4449039,CC(=O)c1ccc(-c2[nH]c3cc(Cl)ccc3c2C(C[N+](=O)[O-])c2cccs2)cc1,Activity,'<',50.0,%,1
CHEMBL4521836,N#Cc1ccc(-c2[nH]c3cc(Cl)ccc3c2C(C[N+](=O)[O-])c2cccs2)cc1,Activity,'<',50.0,%,1
CHEMBL4763316,CC(C)(O)COc1ccc(C(F)(F)F)cc1NC(=O)c1cc(C(C)(C)C)nn1C[C@H]1CCCO1,Activity,'<',50.0,%,1
CHEMBL4760835,CC(C)(O)COc1ccc(C(F)(F)F)cc1C(=O)Oc1cc(C(C)(C)C)nn1C[C@H]1CCCO1,Activity,'<',50.0,%,1
CHEMBL4062303,N#CCCn1cc(C(=O)NC23CC4CC(CC(C4)C2)C3)c2ccccc21,Activity,'<',50.0,%,1
CHEMBL4102381,Cc1cccc2c(C(=O)NC34CC5CC(CC(C5)C3)C4)c[nH]c12,Activity,'<',50.0,%,1
CHEMBL4094635,C[S+]([O-])c1cccc2c(C(=O)NC34CC5CC(CC(C5)C3)C4)cn(CCN3CCOCC3)c12,Activity,'<',50.0,%,1
CHEMBL4086928,COc1cccc2c(C(=O)NC34CC5CC(CC(C5)C3)C4)cn(CCN3CCOCC3)c12,Activity,'<',50.0,%,1
CHEMBL4799518,CC(C)(O)COc1ccc(C(F)(F)F)cc1C(=S)Nc1cc(C(C)(C)C)nn1C[C@H]1CCCO1,Activity,'<',50.0,%,1
CHEMBL4745296,CC(C)(O)COc1ccc(C(F)(F)F)cc1NC(=O)Nc1cc(C(C)(C)C)nn1C[C@H]1CCCO1,Activity,'<',50.0,%,1
CHEMBL4077571,N#CCCn1c(C(=O)NC23CC4CC(CC(C4)C2)C3)cc2ccccc21,Activity,'<',50.0,%,1
CHEMBL4795177,COc1nnc2sc(C(=O)NC3CN(c4ncc(C(F)(F)F)cn4)C3)c(N)c2c1C,Activity,'>',50.0,%,1
CHEMBL4098592,N#CCCCn1c(C(=O)NC23CC4CC(CC(C4)C2)C3)cc2ccccc21,Activity,'<',50.0,%,1
CHEMBL4093817,O=C(NC12CC3CC(CC(C3)C1)C2)c1[nH]c2ccccc2c1F,Activity,'<',50.0,%,1
CHEMBL235040,CCCCCn1cc(C(=O)NC23CC4CC(C)(CC(C)(C4)C2)C3)c(=O)c2cccnc21,Activity,'=',50.0,%,1
CHEMBL4079817,O=C(NC1CCCCC1)c1cc2ccccc2n1CCCCCO,Activity,'<',50.0,%,1
CHEMBL4097158,O=C(NC12CC3CC(CC(C3)C1)C2)c1cc2ccccc2n1CCCCO,Activity,'<',50.0,%,1
CHEMBL2098107,O=C(NC12CC3CC(CC(C3)C1)C2)c1cc2ccccc2[nH]1,Activity,'<',50.0,%,1
CHEMBL199783,CCCCCn1cc(C(=O)NCc2ccccc2)c(=O)c2ccccc21,Activity,'=',50.5,%,1
CHEMBL201125,CCCCN1C(=O)NC(c2ccc(Cl)cc2)(c2ccc(Cl)cc2)C1=O,Activity,'=',51.2,%,1
CHEMBL4863459,C#CCn1c(C)c(C(=O)c2ccc3c(c2)CC(C)(C)C3)c2ccccc21,Activity,'=',51.9,%,1
CHEMBL393792,CCCCCn1cc(NC(=O)C23CC4CC(CC(C4)C2)C3)c(=O)c2ccccc21,Activity,'=',52.3,%,1
CHEMBL236972,CCCCCn1cc(C(=O)c2c3ccccc3cc3ccccc23)c(=O)c2ccccc21,Activity,'=',52.9,%,1
CHEMBL4745686,NS(=O)(=O)c1ccc(-c2cc(C(=O)N3CC4CC4C3)nn2-c2ccc(Cl)cc2)cc1,Activity,'=',53.0,%,1
CHEMBL200100,CCCCCCn1cc(C(=O)Nc2cccc3ccccc23)c(=O)c2ccccc21,Activity,'=',53.3,%,1
CHEMBL4852659,CCCCCn1c(C)c(C(=O)c2ccc3c(c2)CC(C)(C)C3)c2ccccc21,Activity,'=',53.8,%,1
CHEMBL4785311,CCC(=O)c1cc(-c2ccc(S(N)(=O)=O)cc2)n(-c2ccc(Cl)cc2)n1,Activity,'=',54.0,%,1
CHEMBL2441464,CS(=O)(=O)NCCCn1c2ccccc2c2cc(C(=O)N3CCCCC3)ccc21,Activity,'=',54.1,%,1
CHEMBL372544,CCCCCn1cc(C(=O)NC23CC4CC(C)(CC(C)(C4)C2)C3)c(=O)c2ccccc21,Activity,'=',54.6,%,1
CHEMBL4860013,CCC#CCn1cc(C(=O)c2ccc3c(c2)CC(C)(C)C3)c2ccccc21,Activity,'=',55.6,%,1
CHEMBL235908,CCCCCn1cc(C(=O)c2cccc3ccccc23)c(=O)c2ccccc21,Activity,'=',55.8,%,1
CHEMBL458057,CCCCCCN1C(=O)/C(=N\NC(=O)c2ccccc2)c2cc(F)ccc21,Activity,'=',57.0,%,1
CHEMBL475741,COc1ccc(-c2c(C(=O)NN3CCCCC3)cnn2-c2ccc(Cl)cc2Cl)cc1,Activity,'=',58.0,%,1
CHEMBL515289,O=C(c1cnn(-c2ccc(Cl)cc2Cl)c1-c1ccc(Cl)cc1)N1CCc2ccccc2C1,Activity,'=',58.0,%,1
CHEMBL475340,O=C(c1cnn(-c2ccc(Cl)cc2Cl)c1-c1ccc(Cl)cc1)N1CCCCC1,Activity,'=',59.0,%,1
CHEMBL428553,CCCCCn1cc(NC(=O)c2cccc3ccccc23)c(=O)c2ccccc21,Activity,'=',59.0,%,1
CHEMBL235335,CCCCCn1cc(C(=O)NC2CCCc3ccccc32)c(=O)c2cc(Cl)ccc21,Activity,'=',59.1,%,1
CHEMBL238047,CC12CC3CC(C)(C1)CC(NC(=O)c1cn(Cc4ccc(F)cc4)c4ccccc4c1=O)(C3)C2,Activity,'=',59.3,%,1
CHEMBL237382,CCCCCn1cc(C(=O)c2ccc3cc(OC)ccc3c2)c(=O)c2ccccc21,Activity,'=',59.3,%,1
CHEMBL235733,CCCCCn1cc(C(=O)NC23CC4CC(C)(CC(C)(C4)C2)C3)c(=O)c2ccc(Cl)cc21,Activity,'=',59.6,%,1
CHEMBL2170543,CCCCCn1cc(C(=O)NCC2CC2)c(=O)cc1C,Activity,'>',60.0,%,1
CHEMBL2170525,CCCCCn1cc(C(=O)NC23CC4CC(CC(C4)C2)C3)c(=O)c(-c2ccccc2)c1C,Activity,'>',60.0,%,1
CHEMBL2170523,CCCCCn1cc(C(=O)NC23CC4CC(CC(C4)C2)C3)c(=O)c(-c2cccc(C#N)c2)c1C,Activity,'>',60.0,%,1
CHEMBL457836,CCCCCCN1C(=O)/C(=N\NC(=O)c2ccccc2)c2cccc(Cl)c21,Activity,'=',60.0,%,1
CHEMBL2170524,CCCCCn1cc(C(=O)NC23CC4CC(CC(C4)C2)C3)c(=O)c(-c2ccc(C)cc2)c1C,Activity,'>',60.0,%,1
CHEMBL2170535,Cc1cc(=O)c(C(=O)NC23CC4CC(CC(C4)C2)C3)cn1CCC1OCCO1,Activity,'>',60.0,%,1
CHEMBL2170533,Cc1cc(=O)c(C(=O)NC23CC4CC(CC(C4)C2)C3)cn1CCC1CCOCC1,Activity,'>',60.0,%,1
CHEMBL2170540,CCCCCn1cc(C(=O)Nc2ccccc2)c(=O)cc1C,Activity,'>',60.0,%,1
CHEMBL2170531,COCCCn1cc(C(=O)NC23CC4CC(CC(C4)C2)C3)c(=O)cc1C,Activity,'>',60.0,%,1
CHEMBL2170538,C/C=C\n1cc(C(=O)NC23CC4CC(CC(C4)C2)C3)c(=O)cc1C,Activity,'>',60.0,%,1
CHEMBL4764519,O=C(Nc1ccc(Cl)cc1)Nc1cccc(Nc2cccc(N3CCCC3)n2)n1,Activity,'=',60.0,%,1
CHEMBL2170537,COC(Cn1cc(C(=O)NC23CC4CC(CC(C4)C2)C3)c(=O)cc1C)OC,Activity,'>',60.0,%,1
CHEMBL2170539,CCCCCn1cc(C(=O)NC(C)C)c(=O)cc1C,Activity,'>',60.0,%,1
CHEMBL2170536,Cc1cc(=O)c(C(=O)NC23CC4CC(CC(C4)C2)C3)cn1CC1OCCO1,Activity,'>',60.0,%,1
CHEMBL2170541,CCCCCn1cc(C(=O)NN2CCCCC2)c(=O)cc1C,Activity,'>',60.0,%,1
CHEMBL2170527,CCCCCn1cc(C(=O)NC23CC4CC(CC(C4)C2)C3)c(=O)c(-c2cccc(C(C)=O)c2)c1C,Activity,'>',60.0,%,1
CHEMBL4879023,CC/C=C\Cn1cc(C(=O)c2ccc3c(c2)CC(C)(C)C3)c2ccccc21,Activity,'=',60.7,%,1
CHEMBL515212,CCCCCCN1C(=O)/C(=N\NC(=O)c2ccccc2)c2cccc(I)c21,Activity,'=',61.0,%,1
CHEMBL454147,O=C(NC1CC1)c1cnn(-c2ccc(Cl)cc2Cl)c1-c1ccc(F)cc1,Activity,'=',62.0,%,1
CHEMBL2441466,COCCCn1c2ccccc2c2cc(C(=O)N3CCCCC3)ccc21,Activity,'=',63.2,%,1
CHEMBL3354417,CCCCCCSC1=C(C#N)C(c2cccc([N+](=O)[O-])c2)NC(=O)N1,Activity,'=',63.24,%,1
CHEMBL474528,O=C(NC1CCCCC1)c1cnn(-c2ccc(Cl)cc2Cl)c1-c1ccc(I)cc1,Activity,'=',64.0,%,1
CHEMBL515084,COc1ccc(-c2c(C(=O)NC3CCCCC3)cnn2-c2ccc(Cl)cc2Cl)cc1,Activity,'=',64.0,%,1
CHEMBL201175,CCCCCn1cc(C(=O)NCCc2ccccc2)c(=O)c2ccccc21,Activity,'=',64.8,%,1
CHEMBL455166,O=C(NN1CCOCC1)c1cnn(-c2ccc(Cl)cc2Cl)c1-c1ccc(Cl)cc1,Activity,'=',65.0,%,1
CHEMBL2441463,O=C(OCCCn1c2ccccc2c2cc(C(=O)N3CCCCC3)ccc21)N1CCS(=O)(=O)CC1,Activity,'=',65.6,%,1
CHEMBL456762,CCCCCCN1C(=O)/C(=N\NC(=O)c2ccccc2)c2cccc(C)c21,Activity,'=',67.0,%,1
CHEMBL370513,CCCCCCCN1C(=O)C(c2ccc(Cl)cc2)(c2ccc(Cl)cc2)NC1=S,Activity,'=',67.8,%,1
CHEMBL508028,O=C(NC1CCCCC1)c1cnn(-c2ccc(Cl)cc2Cl)c1-c1ccc(Cl)cc1,Activity,'=',68.0,%,1
CHEMBL426107,CCCCCn1cc(C(=O)NC(C)c2ccccc2)c(=O)c2ccccc21,Activity,'=',68.3,%,1
CHEMBL499162,O=C(NC1CCCCC1)c1cnn(-c2ccc(Cl)cc2Cl)c1-c1ccc(F)cc1,Activity,'=',69.0,%,1
CHEMBL4864427,CC1(C)Cc2ccc(C(=O)c3cn(Cc4ccccc4)c4ccccc34)cc2C1,Activity,'=',69.2,%,1
CHEMBL4537998,O=C(Nc1ccc(Oc2ccc(F)cc2)cc1)N1CCc2ncccc2[C@@H]1c1ccc(Cl)cc1,Activity,'<',70.0,%,1
CHEMBL4458424,O=C(Nc1cnc(Oc2ccc(F)cc2)nc1)N1CCc2ncccc2[C@@H]1c1ccc(F)cc1,Activity,'<',70.0,%,1
CHEMBL235278,O=C(c1cn(Cc2ccc(F)cc2)c2ccccc2c1=O)c1cccc2ccccc12,Activity,'=',70.8,%,1
CHEMBL3234685,O=C(NCC12CC3CC(CC(C3)C1)C2)c1nn(C2CCCCC2)c2c1CCCCCC2,Activity,'=',71.0,%,1
CHEMBL473925,O=C(NC12CC3CC(CC(C3)C1)C2)c1cnn(-c2ccc(Cl)cc2Cl)c1-c1ccc(Cl)cc1,Activity,'=',72.0,%,1
CHEMBL197659,O=C1NC(c2ccc(Cl)cc2)(c2ccc(Cl)cc2)C(=O)N1Cc1ccccc1,Activity,'=',72.2,%,1
CHEMBL201171,CCCCN1C(=O)C(c2ccc(Cl)cc2)(c2ccc(Cl)cc2)NC1=S,Activity,'=',72.7,%,1
CHEMBL394140,O=C(c1cn(Cc2ccc(Cl)cc2)c2ccccc2c1=O)c1cccc2ccccc12,Activity,'=',73.8,%,1
CHEMBL507746,O=C(NN1CCCCC1)c1cnn(-c2ccc(Cl)cc2Cl)c1-c1ccc(Br)cc1,Activity,'=',74.0,%,1
CHEMBL2441472,O=C(c1ccc2c(c1)c1ccccc1n2Cc1ccncc1)N1CCCCC1,Activity,'=',74.9,%,1
CHEMBL455167,O=C(NN1CCCCCC1)c1cnn(-c2ccc(Cl)cc2Cl)c1-c1ccc(Cl)cc1,Activity,'=',75.0,%,1
CHEMBL456785,CCCCCCN1C(=O)/C(=N/NC(=O)OC(C)(C)C)c2ccccc21,Activity,'=',75.0,%,1
CHEMBL474529,O=C(NC12CC3CC(CC(C3)C1)C2)c1cnn(-c2ccc(Cl)cc2Cl)c1-c1ccc(I)cc1,Activity,'=',76.0,%,1
CHEMBL3354412,C=CCn1c(SCCCC)nc2sc3c(c2c1=O)CC(C)(C)OC3,Activity,'=',76.31,%,1
CHEMBL3354411,CC(C)CCSc1nc(N)c2c3c(sc2n1)COC(C)(C)C3,Activity,'=',76.71,%,1
CHEMBL2441263,CCCCCn1c2ccccc2c2cc(C(=O)c3ccccc3)ccc21,Activity,'=',77.0,%,1
CHEMBL3785736,Cn1cnc2ncn(Cc3nc(CCc4ccc(Cl)cc4)no3)c(=O)c21,Activity,'>',77.0,%,1
CHEMBL461738,CN1CCN(NC(=O)c2cnn(-c3ccc(Cl)cc3Cl)c2-c2ccc(I)cc2)CC1,Activity,'=',78.0,%,1
CHEMBL454146,O=C(NC1CCCCCC1)c1cnn(-c2ccc(Cl)cc2Cl)c1-c1ccc(Cl)cc1,Activity,'=',78.0,%,1
CHEMBL3747042,CCCCc1ccc(NS(=O)(=O)c2ccc(NC(=S)NC(=O)c3ccc(-c4ccccc4)cc3)cc2)cc1,Activity,'=',78.0,%,1
CHEMBL508449,O=C(NN1CCCCC1)c1cnn(-c2ccc(Cl)cc2Cl)c1-c1ccc(Cl)cc1,Activity,'=',79.0,%,1
CHEMBL4878953,CCCCCCn1cc(C(=O)c2ccc3c(c2)CC(C)(C)C3)c2ccccc21,Activity,'=',79.1,%,1
CHEMBL236548,O=C(c1cn(Cc2ccc(Br)cc2)c2ccccc2c1=O)c1cccc2ccccc12,Activity,'=',79.8,%,1
CHEMBL516648,O=C(NC1CCCCC1)c1cnn(-c2ccc(Cl)cc2Cl)c1-c1ccc(Br)cc1,Activity,'=',81.0,%,1
CHEMBL454952,O=C(NC1CCCC1)c1cnn(-c2ccc(Cl)cc2Cl)c1-c1ccc(Cl)cc1,Activity,'=',82.0,%,1
CHEMBL519240,Nc1nc2c(c(N3CCNCC3)n1)CCC1=C2[C@@H]2CCCC[C@@H]2O1,Activity,'=',82.6,%,1
CHEMBL4848747,CCCCn1cc(C(=O)c2ccc3c(c2)CC(C)(C)C3)c2ccccc21,Activity,'=',82.7,%,1
CHEMBL63,COc1ccc(C2CNC(=O)C2)cc1OC1CCCC1,Activity,'=',83.0,%,1
CHEMBL3747013,O=C(NC(=S)Nc1ccc(S(=O)(=O)Nc2ccc(Cl)cc2)cc1)c1ccc(-c2ccccc2)cc1,Activity,'=',84.0,%,1
CHEMBL514152,O=C(NC1CCCCCCC1)c1cnn(-c2ccc(Cl)cc2Cl)c1-c1ccc(Cl)cc1,Activity,'=',84.0,%,1
CHEMBL4878002,CC/C=C/Cn1cc(C(=O)c2ccc3c(c2)CC(C)(C)C3)c2ccccc21,Activity,'=',84.2,%,1
CHEMBL2441256,CCCCCn1c2ccccc2c2cc(C(=O)N3CCN(C)CC3)ccc21,Activity,'=',84.7,%,1
CHEMBL2441456,CCCCn1c2ccccc2c2cc(C(=O)N3CCCCC3)ccc21,Activity,'=',84.8,%,1
CHEMBL509690,O=C(NN1CC2CCCC2C1)c1cnn(-c2ccc(Cl)cc2Cl)c1-c1ccc(Cl)cc1,Activity,'=',86.0,%,1
CHEMBL3354421,CCCCCSc1nnc2c(n1)[nH]c1ccccc12,Activity,'=',86.24,%,1
CHEMBL3746343,Cc1ccc(C(=O)NC(=S)Nc2ccc(S(=O)(=O)NC(C)C)cc2)c(Br)c1,Activity,'=',88.0,%,1
CHEMBL4860832,CC1(C)Cc2ccc(C(=O)c3cn(Cc4ccc(F)cc4)c4ccccc34)cc2C1,Activity,'=',88.0,%,1
CHEMBL3747421,CCCNS(=O)(=O)c1ccc(NC(=S)NC(=O)c2ccc(-c3ccccc3)cc2)cc1,Activity,'=',91.0,%,1
CHEMBL3746764,CN1CCN(S(=O)(=O)c2ccc(NC(=S)NC(=O)c3ccc(-c4ccccc4)cc3)cc2)CC1,Activity,'=',91.0,%,1
CHEMBL3746405,C=CCN(CC=C)S(=O)(=O)c1ccc(NC(=S)NC(=O)c2ccc([N+](=O)[O-])cc2)cc1,Activity,'=',91.0,%,1
CHEMBL3745918,O=C(NC(=S)Nc1ccc(S(=O)(=O)NCCc2ccccc2)cc1)c1ccc(-c2ccccc2)cc1,Activity,'=',91.0,%,1
CHEMBL3746607,O=C(NC(=S)Nc1ccc(S(=O)(=O)NCc2ccc(F)cc2)cc1)c1ccc(-c2ccccc2)cc1,Activity,'=',91.0,%,1
CHEMBL3746958,O=C(NCc1ccccc1)c1ccc(NC(=S)NC(=O)c2ccc(-c3ccccc3)cc2)cc1,Activity,'=',91.0,%,1
CHEMBL3746228,O=C(NC(=S)Nc1ccc(S(=O)(=O)NCc2ccco2)cc1)c1ccc(-c2ccccc2)cc1,Activity,'=',91.0,%,1
CHEMBL3746460,COc1ccc(C(=O)NC(=S)Nc2ccc(S(=O)(=O)NC(C)C)cc2)cc1,Activity,'=',93.0,%,1
CHEMBL3747083,CC(C)CNS(=O)(=O)c1ccc(NC(=S)NC(=O)c2ccc(-c3ccccc3)cc2)cc1,Activity,'=',93.0,%,1
CHEMBL1528917,CCCCSc1nnc(-c2ccccc2N)c(O)n1,Activity,'=',93.51,%,1
CHEMBL3746384,O=C(NC(=S)Nc1ccc(S(=O)(=O)NCCc2c[nH]c3ccccc23)cc1)c1ccc(-c2ccccc2)cc1,Activity,'=',94.0,%,1
CHEMBL3746316,O=C(NC(=S)Nc1ccc(S(=O)(=O)NCc2ccccc2)cc1)c1ccc(-c2ccccc2)cc1,Activity,'=',94.0,%,1
CHEMBL3746874,C=CCNS(=O)(=O)c1ccc(NC(=S)NC(=O)c2ccc(-c3ccccc3)cc2)cc1,Activity,'=',94.0,%,1
CHEMBL3745774,O=C(NC(=S)Nc1ccc(S(=O)(=O)Nc2ccccc2)cc1)c1ccc(-c2ccccc2)cc1,Activity,'=',95.0,%,1
CHEMBL3746110,CC(=O)NS(=O)(=O)c1ccc(NC(=S)NC(=O)c2cccc3ccccc23)cc1,Activity,'=',96.0,%,1
CHEMBL3747718,CN(C)S(=O)(=O)c1ccc(NC(=S)NC(=O)c2ccc(-c3ccccc3)cc2)cc1,Activity,'=',96.0,%,1
CHEMBL3745896,O=C(NCCc1ccccc1)c1ccc(NC(=S)NC(=O)c2ccc(-c3ccccc3)cc2)cc1,Activity,'=',98.0,%,1
CHEMBL3746271,O=C(NC(=S)Nc1ccc(S(=O)(=O)NCc2ccc(I)cc2)cc1)c1ccc(-c2ccccc2)cc1,Activity,'=',98.0,%,1
CHEMBL3745842,CC(=O)NS(=O)(=O)c1ccc(NC(=S)NC(=O)c2ccc(C(C)C)cc2)cc1,Activity,'=',98.0,%,1
CHEMBL3354420,CCCCCCSC1=C(C#N)C(c2ccccc2Cl)NC(=O)N1,Activity,'=',98.2,%,1
CHEMBL3747608,COc1ccc(CNS(=O)(=O)c2ccc(NC(=S)NC(=O)c3ccc(-c4ccccc4)cc3)cc2)cc1,Activity,'=',99.0,%,1
CHEMBL2441252,CCCCCn1c2ccccc2c2cc(C(=O)N(CC)CC)ccc21,Activity,'=',101.9,%,1
CHEMBL3747626,Cc1ccc(CNS(=O)(=O)c2ccc(NC(=S)NC(=O)c3ccc(-c4ccccc4)cc3)cc2)cc1,Activity,'=',102.0,%,1
CHEMBL3354409,CCCCCCSc1nnc2c(n1)[nH]c1ccccc12,Activity,'=',102.46,%,1
CHEMBL3747743,Cc1ccc(C(=O)NC(=S)Nc2ccc(S(=O)(=O)NC(C)(C)C)cc2)cc1,Activity,'=',103.0,%,1
CHEMBL3354416,CCCCCCSC1=C(C#N)C(c2cccc(Cl)c2)NC(=O)N1,Activity,'=',105.01,%,1
CHEMBL2441459,O=C(c1ccc2c(c1)c1ccccc1n2CCCCl)N1CCCCC1,Activity,'=',106.3,%,1
CHEMBL3354419,CCCCCCSC1=C(C#N)C(c2ccc(Cl)cc2)NC(=O)N1,Activity,'=',107.8,%,1
CHEMBL3354414,CCC1(C)Cc2c(sc3nc(SCCC(C)C)nc(N)c23)CO1,Activity,'=',111.13,%,1
CHEMBL3354410,CCCCCCCC1C(=O)NC(=S)N(c2ccccc2)C1=O,Activity,'=',111.42,%,1
CHEMBL2441255,CCCCCn1c2ccccc2c2cc(C(=O)N3CCOCC3)ccc21,Activity,'=',115.3,%,1
CHEMBL1320615,NS(=O)(=O)c1ccc(NC(=S)NC(=O)c2ccc(-c3ccccc3)cc2)cc1,Activity,'=',119.0,%,1
CHEMBL3354418,CCCCCCSC1=C(C#N)C(c2ccc(F)cc2)NC(=O)N1,Activity,'=',120.63,%,1
CHEMBL2441454,CCCCCCn1c2ccccc2c2cc(C(=O)N3CCCCC3)ccc21,Activity,'=',121.8,%,1
CHEMBL2441445,CCCCCn1c2ccccc2c2cc(C(=S)N3CCCCC3)ccc21,Activity,'=',124.4,%,1
CHEMBL2441450,CCCCCn1c2ccccc2c2cc(C(=O)N3CCCCC3)ncc21,Activity,'=',127.8,%,1
CHEMBL3354415,CCCCCSc1nnc2c3ccccc3n(C)c2n1,Activity,'=',129.38,%,1
CHEMBL2441467,O=C(c1ccc2c(c1)c1ccccc1n2CC1CCOCC1)N1CCCCC1,Activity,'=',141.8,%,1
CHEMBL438037,CCCCC/C=C/c1cc(F)c2c(c1)OC(C)(C)[C@@H]1CC=C(C)C[C@@H]21,Activity,'=',285.0,nM,1
CHEMBL4876811,CC(C)Cn1cc(C(=O)c2ccc3c(c2)CC(C)(C)C3)c2ccccc21,Activity,'=',422.0,%,1
CHEMBL234670,CCCCCCCc1cc(F)c2c(c1)OC(C)(C)[C@@H]1CC=C(C)C[C@@H]21,Activity,'=',1557.0,nM,1
CHEMBL394509,CCCCCC#Cc1cc(F)c2c(c1)OC(C)(C)[C@@H]1CC=C(C)C[C@@H]21,Activity,'>',10000.0,nM,1
CHEMBL465712,CCCCCc1cc(O)c(C/C=C(\C)CCC=C(C)C)c(O)c1C(=O)OC(C)(C)[C@@H]1CC[C@@]2(C)CCCC(C)=C2C1,Activity,,,,0
CHEMBL463843,CCCCCc1cc(O)c(C/C=C(\C)CCC=C(C)C)c(O)c1C(=O)O,Activity,,,,0
CHEMBL458389,CCCCCc1cc2c(c(O)c1C(=O)O[C@@H]1C(C)(C)[C@@H]3CC[C@@]1(C)C3)[C@@H]1C=C(C)CC[C@H]1C(C)(C)O2,Activity,,,,0
CHEMBL2431227,O=C(NCCc1ccc(N2CCCCC2)cc1)c1cc2cc(Cl)ccc2o1,Activity,,,,0
CHEMBL467378,COc1ccc(-n2c(C)nnc2-c2cnc(-c3ccc(F)cc3C)cn2)cn1,Activity,,,,0
CHEMBL469005,COCc1nnc(-c2cnc(-c3ccc(C#N)cc3C)cn2)n1-c1ccc(OC)nc1,Activity,,,,0
CHEMBL4866198,Cc1c(Br)cn(Cc2ccccc2Cl)c(=O)c1NC(=O)C1CCCCCC1,Activity,,,,0
CHEMBL3580916,COc1ccc2[nH]cc(CCc3nnc(C)o3)c2c1,Activity,,,,0
CHEMBL590884,CCCCCCCCCCCCCCCC(=O)OC1CCCC1,Activity,,,,0
CHEMBL465711,CCCCCc1cc2c(c(O)c1C(=O)OC1(C(C)C)CC=C(C)CC1)[C@@H]1C=C(C)CC[C@H]1C(C)(C)O2,Activity,,,,0
CHEMBL4456083,CCOc1ccc(Cc2nc3cc(C(=O)N(CC)CC)ccc3n2CCCCCCNc2c3c(nc4ccccc24)CCCC3)cc1,Activity,,,,0
CHEMBL2160228,Cc1cccc(C(=O)c2c(-c3cccc(OCCCCCCCN(C)Cc4ccccc4)c3)oc3ccccc23)c1,Activity,,,,0
CHEMBL476102,O=C(NCCc1nc(-c2ccc(F)cc2Cl)no1)c1cnc2ccccc2c1,Activity,,,,0
CHEMBL2160233,COc1ccc(C(=O)c2c(-c3cccc(OCCCCCCCN(C)Cc4ccccc4)c3)oc3ccccc23)cc1OC,Activity,,,,0
CHEMBL464869,CCCCCc1cc2c(c(O)c1C(=O)O)-c1cc(C)ccc1C(C)(C)O2,Activity,,,,0
CHEMBL476947,Fc1ccc(-c2noc([C@H]3CC[C@@H](Nc4cnc5ccccc5c4)C3)n2)c(Cl)c1,Activity,,,,0
CHEMBL4800157,O=C(CCc1ccc(Cl)cc1)Nc1cccc(-c2cccc(N3CCCC3)c2)c1,Activity,,,,0
CHEMBL3237111,CCCc1c(C(=O)NCCc2ccc(N(C)C)cc2)[nH]c2ccc(Cl)cc12,Activity,,,,1
CHEMBL3237113,CCCCCCc1c(C(=O)NCCc2ccc(N(C)C)cc2)[nH]c2ccc(Cl)cc12,Activity,,,,1
CHEMBL373508,O=C(O)c1ccccc1C1CCCNC1,Activity,,,,0
CHEMBL4097003,O=C(Nc1ccc(O)cc1)Nc1cccc(-c2nccc(N3CCCC3)n2)c1,Activity,,,,0
CHEMBL1812742,Cc1ccc([C@H]2C[C@@H]3CC[C@H]([C@H]2c2cc(-c4ccc(Cl)cc4)no2)N3C)cc1,Activity,,,,1
CHEMBL4758733,CN(C)c1ccc(Nc2nc(-c3ccncc3)nc3c2CC(N)CC3)cc1,Activity,,,,0
CHEMBL2206852,C=C1CC[C@@H]2[C@@H](C1)c1ccc(C(C)(C)CCCCCC)cc1OC2(C)C,Activity,,,,0
CHEMBL1673003,CN1C[C@H](C(=O)N[C@@H](Cc2ccc([N+](=O)[O-])cc2)C(=O)N[C@@H](Cc2ccc(F)cc2)C(=O)N2CCCC(C(=O)NCCCCCC(=O)NCCCC[C@H](NC(=O)CCCC[C@H]3SC[C@H]4NC(=O)N[C@H]43)C(N)=O)C2)C=C2c3cccc4[nH]cc(c34)C[C@H]21,Activity,,,,0
CHEMBL4104729,O=C(Nc1ccc(C(=O)O)cc1)Nc1cccc(-c2nccc(N3CCCC3)n2)c1,Activity,,,,0
CHEMBL1775032,C=C(C/C=C/C(C)(C)O)[C@@H]1CC[C@](C)(O)[C@H]2Oc3cc(C)cc(O)c3[C@@H]12,Activity,,,,0
CHEMBL477796,CC(C)n1ccc2cc(N3CCC(c4nc(-c5ccc(F)cc5Cl)no4)CC3)cnc21,Activity,,,,0
CHEMBL517005,CCCCCc1cc2c(c(O)c1C(=O)O[C@H]1C[C@H]3CC[C@@]1(C)C3(C)C)[C@@H]1C=C(C)CC[C@H]1C(C)(C)O2,Activity,,,,0
CHEMBL1813663,CCCCC/C=C/c1c(O)cc(CC=C(C)C)c2c1CC(O)O2,Activity,,,,1
CHEMBL476101,O=C(O)CCc1nc(-c2ccc(F)cc2Cl)no1,Activity,,,,0
CHEMBL2431216,CCCCCc1c(C(=O)NCCc2ccc(N3CCCCC3)cc2)[nH]c2ccc(Cl)cc12,Activity,,,,1
CHEMBL4878891,COc1cc2c(c(O)c1C)C(=O)[C@@]1(O)c3cccc(OC)c3O[C@@H](OC)[C@@H]1O2,Activity,,,,0
CHEMBL515373,CCCCCc1cc2c(c(O)c1C(=O)OC(C)(C)C1CC=C(C)CC1)[C@@H]1C=C(C)CC[C@H]1C(C)(C)O2,Activity,,,,0
CHEMBL4788929,O=C(Nc1ccc(Cl)cc1)Nc1cccc(Nc2ccncc2)c1,Activity,,,,1
CHEMBL2160227,CN(CCCCCCCOc1cccc(-c2oc3ccccc3c2C(=O)c2ccccc2)c1)Cc1ccccc1,Activity,,,,0
CHEMBL4464883,CCOc1ccc(Cc2nc3cc(C(=O)NCCCCNc4c5c(nc6ccccc46)CCCC5)ccc3n2CCC(C)C)cc1,Activity,,,,0
CHEMBL4074890,N#Cc1ccc(NC(=O)Nc2cccc(-c3nccc(N4CCCC4)n3)c2)cc1,Activity,,,,1
CHEMBL2172192,CNc1nn2cc3c(nc2c1S(=O)(=O)c1ccccc1)CCN(C)C3,Activity,,,,0
CHEMBL4105029,N#Cc1ccc(NC(=O)Nc2cccc(-c3ccnc(N4CCCC4)n3)c2)cc1,Activity,,,,1
CHEMBL1775031,C=C(C)C(O)CCC(=C)[C@@H]1CC[C@](C)(O)[C@H]2Oc3cc(C)cc(O)c3[C@@H]12,Activity,,,,0
CHEMBL2160234,COc1cc(OC)cc(C(=O)c2c(-c3cccc(OCCCCCCCN(C)Cc4ccccc4)c3)oc3ccccc23)c1,Activity,,,,0
CHEMBL608992,Clc1cccc(-c2ncc(N3CCOCC3)cn2)c1Cl,Activity,,,,0
CHEMBL2425782,Cc1ncc(OC[C@@]2(c3cccc(F)c3)C[C@H]2C(=O)Nc2ccc(F)cn2)c(CO[11CH3])n1,Activity,,,,1
CHEMBL4525668,Cc1c(-c2ccccc2)cc(NC(=O)C2CCCCCC2)c(=O)n1Cc1ccc(F)cc1,Activity,,,,1
CHEMBL4553856,Cc1c(-c2ccccc2)cn(Cc2ccc(F)cc2)c(=O)c1NC(=O)C1CCCCCC1,Activity,,,,1
CHEMBL576786,O=C(Oc1ccc([N+](=O)[O-])cc1)N1CCC(C(O)(c2ccc3c(c2)OCO3)c2ccc3c(c2)OCO3)CC1,Activity,,,,0
CHEMBL3103610,C=C1C(=O)N(C)CC(O)N1C(=O)/C=C/C=C\CC(C)C,Activity,,,,0
CHEMBL522673,CNC1CN(c2nc(N)nc3c2CCCc2ccccc2-3)C1,Activity,,,,0
CHEMBL2431222,CCCCCc1c(C(=O)NCc2ccc(N3CCCCC3)cc2)[nH]c2ccc(Cl)cc12,Activity,,,,0
CHEMBL511258,CC(C)c1noc(C2CCN(c3cnc4ccccc4c3)CC2)n1,Activity,,,,0
CHEMBL4475913,Cc1c(Cl)cn(Cc2ccc(F)cc2)c(=O)c1NC(=O)C1CCCCCC1,Activity,,,,1
CHEMBL478204,Fc1ccc(-c2noc(C3CCN(c4ccc(Cl)c(C(F)(F)F)c4)CC3)n2)c(Cl)c1,Activity,,,,0
CHEMBL4535356,CCCCCCCC/C=C\CCCCCCCC(=O)N[C@H](CCCCN)C(=O)O.Cl,Activity,,,,0
CHEMBL2431215,CN(C)c1ccc(CCNC(=O)c2cc3cc(Cl)ccc3o2)cc1,Activity,,,,0
CHEMBL2425785,COCc1nc(C)ncc1OC[C@@]1(c2cccc(F)c2)C[C@H]1C(=O)Nc1ccc(F)cn1,Activity,,,,1
CHEMBL4585668,CS(=O)(=O)c1ccc(Oc2cc(F)cc(C#N)c2)c2c1[C@H](O)[C@H](F)[C@@H]2F,Activity,,,,0
CHEMBL467557,Fc1ccccc1-c1noc(C2CCN(c3cnc4ccccc4c3)CC2)n1,Activity,,,,0
CHEMBL523225,Nc1nc2c(c(N3CCNCC3)n1)CCCc1ccc(F)cc1-2,Activity,,,,0
CHEMBL604710,O=C(CC(c1ccccc1)c1ccccc1)N1CCN(C(c2ccccc2)c2ccccc2)CC1,Activity,,,,1
CHEMBL499948,CCCCCc1cc2c(c(O)c1C(=O)OC(C)(C)[C@@H]1CC[C@@]3(C)CCCC(C)=C3C1)[C@@H]1C=C(C)CC[C@H]1C(C)(C)O2,Activity,,,,0
CHEMBL451480,CCCCCc1cc(O)c(C/C=C(\C)CCC=C(C)C)c(O)c1C(=O)O[C@@]1(C)CC[C@@H](C(C)C)[C@@H]2C=C(C)CC[C@H]21,Activity,,,,0
CHEMBL4758201,O=C(Nc1ccc(Cl)cc1)Nc1cccc(Nc2ccccc2)n1,Activity,,,,1
CHEMBL4465246,Cc1c(Br)cc(NC(=O)C2CCCCCC2)c(=O)n1Cc1ccc(F)cc1,Activity,,,,1
CHEMBL4558692,COc1ccc(-c2cc(NC(=O)C3CCCCCC3)c(=O)n(Cc3ccc(F)cc3)c2C)cc1,Activity,,,,1
CHEMBL465713,CCCCCc1cc2c(c(O)c1C(=O)OC1(C(C)C)CC=C(C)CC1)-c1cc(C)ccc1C(C)(C)O2,Activity,,,,0
CHEMBL1775033,C=C(C)C(O)CCC(=C)[C@@H]1CCC(C)=C[C@H]1c1c(O)cc(C)cc1O,Activity,,,,0
CHEMBL2160230,COc1ccccc1C(=O)c1c(-c2cccc(OCCCCCCCN(C)Cc3ccccc3)c2)oc2ccccc12,Activity,,,,0
CHEMBL2160229,Cc1ccc(C(=O)c2c(-c3cccc(OCCCCCCCN(C)Cc4ccccc4)c3)oc3ccccc23)cc1,Activity,,,,0
CHEMBL4871580,COc1cc2c(c(O)c1C)C(=O)[C@@]1(O)c3cccc(O)c3OC[C@@H]1O2,Activity,,,,0
CHEMBL2431217,O=C(NCCc1ccc(N2CCCCC2)cc1)c1[nH]c2ccc(Cl)cc2c1-c1ccccc1,Activity,,,,0
CHEMBL4549476,Cc1c(F)cc(NC(=O)C2CCCCCC2)c(=O)n1Cc1ccc(F)cc1,Activity,,,,1
CHEMBL2386917,Cc1cccc2nc(Cn3cnc4ccccc43)cc(=O)n12,Activity,,,,0
CHEMBL4856144,COc1c(C)c(O)c2c(c1C)O[C@H]1COc3c(O)cccc3[C@]1(O)C2=O,Activity,,,,0
CHEMBL334014,N[C@]1(C(=O)O)[C@H]2[C@@H](C[C@@H]1F)[C@@H]2C(=O)O,Activity,,,,0
CHEMBL506891,CCCCCc1cc2c(c(O)c1C(=O)O[C@@]1(C)CC[C@@H](C(C)C)[C@@H]3C=C(C)CC[C@H]31)[C@@H]1C=C(C)CC[C@H]1C(C)(C)O2,Activity,,,,0
CHEMBL2160231,COc1cccc(C(=O)c2c(-c3cccc(OCCCCCCCN(C)Cc4ccccc4)c3)oc3ccccc23)c1,Activity,,,,0
CHEMBL502347,Nc1nc2c(c(N3CC[C@@H](N)C3)n1)CCCc1ccccc1-2,Activity,,,,0
CHEMBL463644,CCCCCc1cc2c(c(O)c1C(=O)O[C@H]1C[C@H]3CC[C@]1(C)C3(C)C)[C@@H]1C=C(C)CC[C@H]1C(C)(C)O2,Activity,,,,0
CHEMBL4846061,CO[C@@H]1Oc2ccccc2-c2c1oc1cc(O)c(C)c(O)c1c2=O,Activity,,,,0
CHEMBL458779,CCCCCc1cc2c(c(O)c1C(=O)O[C@H]1C(C)(C)[C@@H]3CC[C@@]1(C)C3)[C@@H]1C=C(C)CC[C@H]1C(C)(C)O2,Activity,,,,0
CHEMBL239232,Cn1c(=O)c2c(nc3n2CCCN3CCc2c[nH]c3ccccc23)n(C)c1=O,Activity,,,,0
CHEMBL4452646,COc1ccc(-c2cn(Cc3ccc(F)cc3)c(=O)c(NC(=O)C3CCCCCC3)c2C)cc1,Activity,,,,1
CHEMBL594055,Clc1cccc(-c2cnc(N3CCOCC3)cn2)c1Cl,Activity,,,,0
CHEMBL577347,Clc1cccc(-c2ccc(N3CCOCC3)nc2)c1Cl,Activity,,,,0
CHEMBL594056,Clc1cccc(-c2cnc(N3CCOCC3)nn2)c1Cl,Activity,,,,0
CHEMBL479056,Fc1ccc(-c2noc(C3CCN(c4ccnc5ccccc45)CC3)n2)c(Cl)c1,Activity,,,,0
CHEMBL4856531,Cc1c(Br)cn(Cc2ccccc2F)c(=O)c1NC(=O)C1CCCCCC1,Activity,,,,0
CHEMBL594835,Clc1cccc(-c2cnc(N3CCOCC3)nc2)c1Cl,Activity,,,,0
CHEMBL4793451,CC(C)[C@@H]1CC[C@@H](C)C[C@H]1OC(=O)O[C@@H](C)OC(=O)[C@H]1[C@@H]2C[C@H](F)[C@@](N)(C(=O)O)[C@@H]21,Activity,,,,0
CHEMBL2160232,COc1cccc(C(=O)c2c(-c3cccc(OCCCCCCCN(C)Cc4ccccc4)c3)oc3ccccc23)c1OC,Activity,,,,0
CHEMBL521996,CN[C@@H]1CCN(c2nc(N)nc3c2CCCc2ccccc2-3)C1,Activity,,,,0
CHEMBL4531834,O=C(Nc1c(O)c(Br)cn(Cc2ccc(F)cc2)c1=O)C1CCCCCC1,Activity,,,,1
CHEMBL512121,c1ccc2ncc(N3CCC(c4nc(-c5ccncc5)no4)CC3)cc2c1,Activity,,,,0
CHEMBL608403,Clc1cccc(-c2ccc(N3CCOCC3)cc2)c1Cl,Activity,,,,0
CHEMBL3310163,CCOc1ccc(Cc2nc3cc(C(=O)N(CC)CC)ccc3n2CCCCN(C)CCCCn2c(Cc3ccc(OCC)cc3)nc3cc(C(=O)N(CC)CC)ccc32)cc1,Emax,'=',-40.0,%,1
CHEMBL3310165,CCOc1ccc(Cc2nc3cc(C(=O)NCCCN(C)C)ccc3n2CCC(C)C)cc1,Emax,'=',-5.0,%,1
CHEMBL3310160,CCOc1ccc(Cc2nc3cc(C(=O)N(CC)CC)ccc3n2CCCN(C)C)cc1,Emax,'=',-3.0,%,1
CHEMBL3310158,CCOc1ccc(Cc2nc3cc(C(=O)OC)ccc3n2CCC(C)C)cc1,Emax,'=',-3.0,%,1
CHEMBL4560293,CCCCC/C=C\C/C=C\CCCC/C=C\CCCC(=O)NCCO,Emax,'=',27.0,%,1
CHEMBL1186594,Cc1ccc([C@H]2CC3CCC([C@H]2c2cc(-c4ccc(Cl)cc4)no2)N3C)cc1,Emax,'=',36.0,%,1
CHEMBL2431225,CCCCCc1c(C(=O)NCCc2ccc(N(C)C)cc2)[nH]c2ccc(Cl)cc12,Emax,'=',36.04,fmol/mg,1
CHEMBL2431223,CCCCCc1c(C(=O)NCCc2ccc(N3CCOCC3)cc2)[nH]c2ccc(Cl)cc12,Emax,'=',58.2,fmol/mg,1
CHEMBL2431213,CCc1c(C(=O)NCCc2ccc(N3CCCCC3)cc2)oc2ccc(Cl)cc12,Emax,'=',59.5,fmol/mg,1
CHEMBL2431221,CCCCCCCCCc1c(C(=O)NCCc2ccc(N3CCCCC3)cc2)[nH]c2ccc(Cl)cc12,Emax,'=',61.4,fmol/mg,1
CHEMBL223197,NCc1cccc(CC2CCCNC2=O)c1,Inhibition,'=',-33.0,%,1
CHEMBL3622360,COc1cccc2c1C(NC[C@]1(c3ccccc3)CC[C@H](NC(=O)OC(C)C)CC1)=NS2(=O)=O,Inhibition,'=',-8.0,%,1
CHEMBL4277065,O=C(CCc1nnc(-c2ccc(Br)cc2F)o1)Nc1ccc2c(c1)c1ccccc1n2CCF,Inhibition,'=',-8.0,%,1
CHEMBL4462270,CCn1cncc1-c1c[nH]c2ccc(I)c(F)c12.Cl,Inhibition,'=',-7.0,%,1
CHEMBL3334797,CN(C)CCC(c1ccc(Cl)c(Cl)c1)N1CCOCC1,Inhibition,'=',-6.2,%,1
CHEMBL3093382,O=C(CCc1nc(-c2ccc(Br)cc2F)no1)Nc1ccc2c(c1)c1ccccc1n2CCF,Inhibition,'=',-5.0,%,1
CHEMBL2087421,COc1cc(C)c(S(=O)(=O)N(C)CCOCC(=O)N2CCN(C3CCN(C)CC3)CC2)c(C)c1,Inhibition,'=',-4.0,%,1
CHEMBL2024087,OCC[C@H]1C[C@@H]1c1cncc(OC[C@@H]2CCN2)c1,Inhibition,'=',-3.4,%,1
CHEMBL2391147,C[C@H]1[C@@H](c2ccccc2)CC(=O)N1CC(N)=O,Inhibition,'=',-3.0,%,1
CHEMBL3186763,CN1CCN(C)/C(=N/c2ccc([N+](=O)[O-])cc2C(=O)Nc2ccccc2)C1,Inhibition,'=',-2.06,%,1
CHEMBL2024094,COCC[C@H]1C[C@@H]1c1cncc(OC[C@@H]2CCN2)c1,Inhibition,'=',-2.0,%,1
CHEMBL4282404,N#Cc1cc(F)ccc1-c1nnc(CCC(=O)Nc2ccc3c(c2)c2ccccc2n3CCF)o1,Inhibition,'=',-1.0,%,1
CHEMBL4634634,C[C@@H]1C[C@H]1C(=O)N1CCN(c2cnc(C#N)c(-c3cnn(C)c3)n2)C[C@H]1C,Inhibition,'=',-1.0,%,1
CHEMBL425048,Nc1nc(N)c(-c2ccc(NCc3ccc(Cl)cc3)cc2)c(COCc2ccccc2)n1,Inhibition,'=',-1.0,%,1
CHEMBL4471059,Cl.Cl.O=c1c2cc(Cl)ccc2oc2ccc(CN3CCN(CCOCCO)CC3)cc12,Inhibition,'=',-0.1,%,1
CHEMBL4756119,OC1/C(=C/c2cn(Cc3ccccc3)c3ncccc23)N2CCC1CC2,Inhibition,'=',0.0,%,1
CHEMBL4567182,CC(=O)NCCCCCC(=O)NCc1ccc(C(=O)NCCCCCC(=O)NCCCCCC(=O)NCc2ccc(C(=O)NCCCCCC(=O)NCCCCCCNC(=O)c3nn(-c4ccc(Cl)cc4Cl)c(-c4ccc(Cl)cc4)c3C)cc2)cc1,Inhibition,'=',0.0,%,1
CHEMBL3286797,COc1ccc2cc(OCC3(C(=O)O)CN(C(=O)c4ccc(F)cc4)C3)ccc2c1,Inhibition,,0.0,%,0
CHEMBL1165342,CC[C@]12CCCN3CCc4c(n(c5ccccc45)[C@@](O)(C(=O)OC)C1)[C@@H]32,Inhibition,'=',0.0,%,1
CHEMBL3586032,CC(=O)N1[C@@H]2CC[C@H]1C=C(c1cnc(NCc3ccc4c(c3)OCC4)c(C(=O)NC[C@H]3COc4ccccc4O3)c1)C2,Inhibition,'=',0.0,%,1
CHEMBL568147,CCC(C)(C)C(=O)Nc1cc(CN2CCOCC2)cc(C)n1,Inhibition,'=',0.0,%,1
CHEMBL4451048,CC[C@]12CCCN3CC[C@]4(C(=O)c5ccccc5N4C(=O)C1)[C@@H]32,Inhibition,'=',0.0,%,1
CHEMBL4752431,O=C1/C(=C/c2cn(CCN3CCOCC3)c3ncccc23)N2CCC1CC2,Inhibition,'=',0.0,%,1
CHEMBL4579585,CCCN(CCc1ccc(NC(=O)CCC(=O)NCCCCCC(=O)NCc2ccc(C(=O)NCCCCCC(=O)NCCCCCC(=O)NCc3ccc(C(=O)NCCCCCC(=O)NCCCCCCNC(=O)c4nn(-c5ccc(Cl)cc5Cl)c(-c5ccc(Cl)cc5)c4C)cc3)cc2)cc1)C1CCc2c(O)cccc2C1,Inhibition,'=',0.0,%,1
CHEMBL4555908,COC(=O)CCCCCCCCCCNC(=O)c1ccc(-c2ccc(-c3c(C)c(C(=O)NN4CCCCC4)nn3-c3ccc(Cl)cc3Cl)cc2)cc1,Inhibition,'=',0.0,%,1
CHEMBL4439819,Cc1c(C(=O)NCCCCCCNC(=O)CCCCCNC(=O)c2ccc(CNC(=O)CCCCCNC(=O)CCCCCNC(=O)c3ccc(CNC(=O)CCCCCNC(=O)c4nn(-c5ccc(Cl)cc5Cl)c(-c5ccc(Cl)cc5)c4C)cc3)cc2)nn(-c2ccc(Cl)cc2Cl)c1-c1ccc(Cl)cc1,Inhibition,'=',0.0,%,1
CHEMBL34047,CCCCCCCCCCCCCCCC(=O)N(C)C,Inhibition,'=',0.3,%,1
CHEMBL4753328,O=C(c1ccc(F)c(Cl)c1)N1CCC(F)(CNCCOc2ccccn2)CC1,Inhibition,'=',0.4,%,1
CHEMBL422938,CCCCCCCCCCCCCCCC(=O)Nc1ccc2ccccc2c1,Inhibition,'=',0.7,%,1
CHEMBL4529035,CC[C@@]1(CC(=O)NC2CCCC2)CCCN2CCc3c([nH]c4ccccc34)[C@@H]21,Inhibition,'=',1.0,%,1
CHEMBL272922,CCN(CC)CCCNC(=O)c1oc2ccc(S(=O)(=O)N3CC(C)CC(C)C3)cc2c1C,Inhibition,'<',1.0,%,1
CHEMBL415727,C=CCOC(=O)CCCCCCCCCCCCCCC,Inhibition,'=',2.0,%,1
CHEMBL4085482,CCOc1ccc(Cc2nc3cc(C(=O)N(CC)CC)ccc3n2CCCCN2CCCCC2)cc1,Inhibition,'=',2.0,%,1
CHEMBL137527,CCCCCCCCCCCCCCCC(=O)OCCBr,Inhibition,'=',2.0,%,1
CHEMBL32159,CCCCCCCCCCCCCCCC(=O)NC(c1ccccc1)c1ccccc1,Inhibition,'=',2.2,%,1
CHEMBL36285,CCCCCCCCCCCCCCCC(=O)NC,Inhibition,'=',2.5,%,1
CHEMBL289007,CCCCCCCCCCCCCCCC(=O)Nc1ccccc1,Inhibition,'=',2.8,%,1
CHEMBL32886,CCCCCCCCCCCCCCCC(=O)NCC,Inhibition,'=',2.8,%,1
CHEMBL33691,CCCCCCCCCCCCCCCC(=O)Nc1ccc(C)cc1,Inhibition,'=',2.8,%,1
CHEMBL3613642,CC(C)N1CCN(S(=O)(=O)c2ccc(NC(=O)c3ccc(C(F)(F)F)cc3[N+](=O)[O-])cc2)CC1,Inhibition,'=',3.0,%,1
CHEMBL3697701,CCC(=N\O)/C(C)=C/c1ccc(F)cc1,Inhibition,,3.0,%,0
CHEMBL2334661,O=C(O)c1c(O)cccc1CCc1ccc2ccccc2c1,Inhibition,'=',3.0,%,1
CHEMBL2203713,N=C(Nc1ccc2c(c1)CCN2C1CCNCC1)c1cccs1,Inhibition,'=',3.0,%,1
CHEMBL4462292,CNC(=O)CCCCCn1nc(C(=O)NN2CCCCC2)c(C)c1-c1ccc(Cl)cc1,Inhibition,'=',3.0,%,1
CHEMBL33777,CCCCCCCCCCCCCCCC(=O)N(CC)CC,Inhibition,'=',3.3,%,1
CHEMBL2206397,CCc1cccc(CC)c1Cc1ncc[nH]1,Inhibition,'=',4.0,%,1
CHEMBL4546064,CC[C@@]1(CC(=O)OC)CCCN2CC[C@]3(O)C(=Nc4ccccc43)[C@@H]21,Inhibition,'=',4.0,%,1
CHEMBL423904,CCCCCCCCCCCCCCCNC(=O)CCO,Inhibition,'=',4.0,%,1
CHEMBL4082785,CCOc1ccc(Cc2nc3cc(C(=O)N(CC)CC)ccc3n2CCCCCCN2CCCCC2)cc1,Inhibition,'=',4.0,%,1
CHEMBL571538,CCC(C)(C)C(=O)Nc1cnc(C)c(CN2CCOCC2)c1,Inhibition,'=',4.0,%,1
CHEMBL3883564,CC(O)CNC(=O)/C=C/c1ccc(Cl)cc1,Inhibition,'=',4.7,%,1
CHEMBL32504,CCCCCCCCCCCCCCCC(=O)NCc1ccc(C)cc1,Inhibition,'=',4.8,%,1
CHEMBL441423,CCCCCCCCCCCCCCCC(=O)Nc1ccccc1C,Inhibition,'=',4.9,%,1
CHEMBL136551,CCCCCCCCCCCCCCCC(=O)OCc1ccccc1,Inhibition,'=',5.0,%,1
CHEMBL4472731,COC(=O)CCCCCCCCCCNC(=O)c1nn(-c2ccc(Cl)cc2Cl)c(-c2ccc(Cl)cc2)c1C,Inhibition,'=',5.0,%,1
CHEMBL4588547,CCOc1ccc(Cc2nc3cc(C(=O)NCCNc4c5c(nc6ccccc46)CCCC5)ccc3n2CCC(C)C)cc1,Inhibition,'=',5.0,%,1
CHEMBL2324495,CCCCCCCCCCCCCCCCCC(=O)N[C@H](CO)C(C)C,Inhibition,'=',6.0,%,1
CHEMBL3809657,C=C(C)[C@@H]1CCC(C)=C[C@H]1c1c(O)cc(CCn2ccnn2)cc1O,Inhibition,'=',6.0,%,1
CHEMBL591795,CCC(C)(C)C(=O)Nc1cc(C)c(C)c(S(=O)(=O)N2CC[C@H](O)C2)c1,Inhibition,'=',6.3,%,1
CHEMBL2324494,CCCCCCCC/C=C/CCCCCCCC(=O)N[C@@H](CO)C(C)C,Inhibition,'=',7.0,%,1
CHEMBL286321,CCCCCCCCCCCCCCCC(=O)NCC(=O)OC,Inhibition,'=',7.3,%,1
CHEMBL2324496,CCCCCCCC/C=C/CCCCCCCC(=O)N[C@H](CO)C(C)C,Inhibition,'=',8.0,%,1
CHEMBL139055,CCCCCCCCCCCCCCCC(=O)OC(C)C,Inhibition,'=',8.0,%,1
CHEMBL284717,CCCCCCCCCCCCCCCC(=O)NCCF,Inhibition,'=',8.2,%,1
CHEMBL591572,CCC(C)(C)C(=O)Nc1cc(C)c(C)c(S(=O)(=O)N2CCC[C@@H]2CO)c1,Inhibition,'=',8.3,%,1
CHEMBL4519724,COC(=O)CCCCCNC(=O)CCCCCn1nc(C(=O)NN2CCCCC2)c(C)c1-c1ccc(Cl)cc1,Inhibition,'=',9.0,%,1
CHEMBL3883366,Cc1ccccc1/C=C/C(=O)N[C@@H](C)CO,Inhibition,'=',9.1,%,1
CHEMBL4466381,Cc1c(C(=O)NN2CCCCC2)nn(CCCCCC(=O)O)c1-c1ccc(Cl)cc1,Inhibition,'=',10.0,%,1
CHEMBL214268,O=C(N[C@H]1CN2CCC1CC2)c1cc2ccoc2cn1,Inhibition,'<',10.0,%,1
CHEMBL270803,Cc1c(C(=O)NCc2ccccn2)oc2ccc(S(=O)(=O)N3CC(C)CC(C)C3)cc12,Inhibition,'=',10.0,%,1
CHEMBL111612,CCCCN(CCCC)C(=O)CN1C[C@H](c2cc(OC)c3c(c2)OCO3)[C@@H](C(=O)O)[C@@H]1CC(C)(C)CCC,Inhibition,'<',10.0,%,0
CHEMBL572328,CCC(C)(C)C(=O)Nc1cc(CN2CCOCC2)c(N)cn1,Inhibition,'=',10.0,%,1
CHEMBL440687,c1ccc(N2CCN(Cc3nc4ccccc4[nH]3)CC2)nc1,Inhibition,'<',10.0,%,0
CHEMBL137354,CCCCCCCCCCCCCCCCOC(C)=O,Inhibition,'=',10.0,%,1
CHEMBL3099899,COc1ccc(CNC(=O)c2cc(-c3cc(Cl)cc(Cl)c3)cnc2-c2cccnc2)cc1OC,Inhibition,'=',10.0,%,1
CHEMBL33245,CCCCCCCCCCCCCCCC(=O)Nc1ccccc1O,Inhibition,'=',10.8,%,1
CHEMBL4465503,CC(=O)N[C@@H](CCCCNC(=O)c1nn(-c2ccc(Cl)cc2Cl)c(-c2ccc(Cl)cc2)c1C)C(=O)NCCCC[C@H](NC(C)=O)C(=O)NCCCCCCNC(=O)c1nn(-c2ccc(Cl)cc2Cl)c(-c2ccc(Cl)cc2)c1C,Inhibition,'=',11.0,%,1
CHEMBL568157,CCC(C)(C)C(=O)Nc1cc(CN2CCOCC2)c(C#N)cn1,Inhibition,'=',11.0,%,1
CHEMBL1835213,CC(C)CN1C(=O)CN(Cc2ccc(-c3ccc(F)c(CN4CCCC(C)C4)n3)cc2)C1=O,Inhibition,'=',11.0,%,1
CHEMBL4456433,CCOc1ccc(Cc2nc3cc(C(=O)N(CC)CC)ccc3n2CCOCCOCCNc2c3c(nc4ccccc24)CCCC3)cc1,Inhibition,'=',11.0,%,1
CHEMBL270802,CCN(CC)S(=O)(=O)c1ccc2oc(C(=O)N(C)Cc3ccccc3)c(C)c2c1,Inhibition,'=',11.0,%,1
CHEMBL3310802,CCOC(=O)N1CCC(CN2CCC3(CC2)CN(C(=O)N(C)C)c2ncccc23)CC1.O=C(O)/C=C/C(=O)O,Inhibition,'=',11.0,%,1
CHEMBL335125,CCCCCCCCCCCCCCCC(=O)OC,Inhibition,'=',11.0,%,1
CHEMBL3775769,Cc1cccc(C)c1OCCOCCN[C@@H](C)CO.Cl,Inhibition,'=',11.1,%,1
CHEMBL33282,CCCCCCCCCCCCCCCC(=O)Nc1ccc(Cl)cc1,Inhibition,'=',11.1,%,1
CHEMBL3884786,CCC(CO)NC(=O)/C=C/c1ccc(Cl)cc1,Inhibition,'=',11.5,%,1
CHEMBL32605,CCCCCCCCCCCCCCCC(N)=O,Inhibition,'=',11.7,%,1
CHEMBL429748,COc1ccc(Cl)cc1NC(=O)c1oc2ccc(S(=O)(=O)N3CC(C)CC(C)C3)cc2c1C,Inhibition,'=',12.0,%,1
CHEMBL138543,CCCCCCCCCCCCCCCCOC(=O)CC,Inhibition,'=',12.0,%,1
CHEMBL3775436,Cc1cccc(C)c1OCCOCCN[C@H](C)CO.Cl,Inhibition,'=',12.6,%,1
CHEMBL34404,CCCCCCCCCCCCCCCC(=O)NC1CC1,Inhibition,'=',12.8,%,1
CHEMBL3809216,C=C(C)[C@@H]1CCC(C)=C[C@H]1c1c(O)cc(CC2CN(C(C)=O)C2)cc1O,Inhibition,'=',13.0,%,1
CHEMBL577489,CCC1(C(=O)Nc2cc(CN3CCOCC3)c(C)cn2)CCC1,Inhibition,'=',13.0,%,1
CHEMBL4079520,CCOc1ccc(Nc2nc3cc(C(=O)N(CC)CC)ccc3n2CCC(C)C)cc1,Inhibition,'=',13.0,%,1
CHEMBL1835216,CC(C)CN1C(=O)CN(Cc2ccc(-c3ccc(F)c(CN4CCOCC4)n3)cc2)C1=O,Inhibition,'=',13.0,%,1
CHEMBL4522382,COC(=O)CCCCCCCCCCNC(=O)CCCCCn1nc(C(=O)NN2CCCCC2)c(C)c1-c1ccc(Cl)cc1,Inhibition,'=',13.0,%,1
CHEMBL32650,C=CCNC(=O)CCCCCCCCCCCCCCC,Inhibition,'=',13.3,%,1
CHEMBL4082936,CCOc1ccc(Cc2nc3cc(C(=O)N(CC)CC)ccc3n2CCN2CCCCC2)cc1,Inhibition,'=',14.0,%,1
CHEMBL139056,CCCCCCCCCCCCCCCC(=O)OC1CCCCC1,Inhibition,'=',14.0,%,1
CHEMBL137097,CCCCCCCCCCCCCCCC(=O)OCCCl,Inhibition,'=',14.0,%,1
CHEMBL136691,CCCCCCCCCCCCCCCC(=O)OC(C)(C)C,Inhibition,'=',14.0,%,1
CHEMBL1835136,CC(C)CN1C(=O)CN(Cc2ccc(-c3cccc(CN4CCCC(C)C4)n3)cc2)C1=O,Inhibition,'=',14.0,%,1
CHEMBL1835131,CC(C)CN1C(=O)CN(Cc2ccc(-c3ccc(F)c(CN4CCCCC4)n3)cc2)C1=O,Inhibition,'=',14.0,%,1
CHEMBL519786,O=C(Cn1nc(-c2ccc(Cl)cc2Cl)c(-c2ccc(Cl)cc2Cl)n1)Oc1ccccc1,Inhibition,'=',14.3,%,1
CHEMBL35286,CCCCCCCCCCCCCCCC(=O)NCCC,Inhibition,'=',14.4,%,1
CHEMBL32174,CCCCCCCCCCCCCCCC(=O)NCCCO,Inhibition,'=',15.0,%,1
CHEMBL4453905,CCOc1ccc(Cc2nc3cc(C(=O)NCCCCCNc4c5c(nc6ccccc46)CCCC5)ccc3n2CCC(C)C)cc1,Inhibition,'=',15.0,%,1
CHEMBL4458929,CCOc1ccc(Cc2nc3cc(C(=O)N(CC)CC)ccc3n2CCCNc2c3c(nc4ccccc24)CCCC3)cc1,Inhibition,'=',15.0,%,1
CHEMBL33776,CCCCCCCCCCCCCCCC(=O)N1CCOCC1,Inhibition,'=',15.5,%,1
CHEMBL34439,CCCCCCCCCCCCCCCC(=O)NC(C)(C)CO,Inhibition,'=',15.7,%,1
CHEMBL1835219,CC(C)CN1C(=O)CN(Cc2ccc(-c3cccc(CN4CCS(=O)(=O)CC4)n3)cc2)C1=O,Inhibition,'=',16.0,%,1
CHEMBL34112,CCCCCCCCCCCCCCCNC(=O)COC(C)=O,Inhibition,'=',16.0,%,1
CHEMBL1835220,CC(C)CN1C(=O)CN(Cc2ccc(-c3ccc(F)c(CN4CCS(=O)(=O)CC4)n3)cc2)C1=O,Inhibition,'=',16.0,%,1
CHEMBL1807053,CCC(CC)Nc1nc(C)c(-c2ccc(OC(F)(F)F)cc2OC)nc1OC,Inhibition,'>',16.0,%,1
CHEMBL1835124,O=C1CN(Cc2ccc(-c3cccc(CN4CCCCC4)n3)cc2)C(=O)N1C1CC1,Inhibition,'=',16.0,%,1
CHEMBL4095946,CCOc1ccc(Nc2nc3cc(C(=O)N(CC)CC)ccc3n2CCN2CCCCC2)cc1,Inhibition,'=',17.0,%,1
CHEMBL4776178,CCC(=O)N(CCN1CCC(Cc2ccc(F)cc2)CC1)c1ccc(F)cc1,Inhibition,'=',17.36,%,1
CHEMBL605199,CCC(C)(C)C(=O)Nc1cc(C)c(C)c(S(=O)(=O)N2CCS(=O)(=O)CC2)c1,Inhibition,'=',18.0,%,1
CHEMBL1835127,O=C1CN(Cc2ccc(-c3cccc(CN4CCCCC4)n3)cc2)C(=O)N1CC(F)F,Inhibition,'=',18.0,%,1
CHEMBL1650844,OCC1(N2CCC(n3c(N4CC5CNCC5C4)nc4ccccc43)CC2)CCCCCCC1,Inhibition,'=',18.0,%,1
CHEMBL1835218,CC(C)CN1C(=O)CN(Cc2ccc(-c3ccc(F)c(CN4CCCC(F)(F)C4)n3)cc2)C1=O,Inhibition,'=',18.0,%,1
CHEMBL4076334,CCOc1ccc(Cc2nc3cc(C(=O)Nc4ccccc4)ccc3n2CCC(C)C)cc1,Inhibition,'=',18.0,%,1
CHEMBL33707,CCCCCCCCCCCCCCCC(=O)NOC,Inhibition,'=',18.1,%,1
CHEMBL32250,CCCCCCCCCCCCCCCC(=O)NCC(C)C,Inhibition,'=',18.5,%,1
CHEMBL475785,O=C(NCc1ccccc1)n1nc(-c2ccc(Cl)cc2)c(-c2ccc(Cl)cc2Cl)n1,Inhibition,'=',18.6,%,1
CHEMBL3809746,C=C(C)[C@@H]1CCC(C)=C[C@H]1c1c(O)cc(CC2CN(C(=O)OCC)C2)cc1O,Inhibition,'=',19.0,%,1
CHEMBL4873898,Cc1ccc(COC2CN(C(=O)[C@H]3C[C@]4(COC(=O)N4)C3)C2)cc1Cl,Inhibition,'=',19.0,%,1
CHEMBL32319,CCCCCCCCCCCCCCCC(=O)NCCCC,Inhibition,'=',19.6,%,1
CHEMBL470945,O=C(NC12CC3CC(CC(C3)C1)C2)n1nc(-c2ccc(Cl)cc2)c(-c2ccc(Cl)cc2)n1,Inhibition,'=',19.7,%,1
CHEMBL512510,O=C(NC1CCCCC1)n1nc(-c2ccc(Cl)cc2)c(-c2ccc(Cl)cc2)n1,Inhibition,'=',19.9,%,1
CHEMBL4094397,C=CCCCOC(=O)c1c(O)c(-c2ccc(O)cc2)c[nH]c1=O,Inhibition,'<',20.0,%,1
CHEMBL4448872,O=c1[nH]c(N2CCC3(CC2)CN(CCO)c2cc(F)cc(F)c23)nc2c1CCCC2,Inhibition,'>',20.0,%,1
CHEMBL4072771,CCC(/C=C/C=C/C=C/C(=O)c1c(O)c(-c2ccc(O)cc2)c[nH]c1=O)CO,Inhibition,'<',20.0,%,1
CHEMBL4099656,CCC(C)CC(C)/C=C(C)/C=C/C=C/C(=O)c1c(O)c(-c2ccc(O)cc2)c[nH]c1=O,Inhibition,'<',20.0,%,1
CHEMBL4073814,CCC(/C=C(C)/C=C/C(=O)c1c(O)c(-c2ccc(O)cc2)c[nH]c1=O)CO,Inhibition,'<',20.0,%,1
CHEMBL257856,Cc1c(C(=O)N(C)Cc2ccccc2)oc2ccc(S(=O)(=O)N3CCCC3)cc12,Inhibition,'=',20.0,%,1
CHEMBL4441666,CCOc1ccc(Cc2nc3cc(C(=O)NCCCNc4c5c(nc6ccccc46)CCCC5)ccc3n2CCC(C)C)cc1,Inhibition,'=',20.0,%,1
CHEMBL4103049,CCC(C)/C=C(C)/C=C/C=C/C(=O)c1c(OC)c(-c2ccc(O)cc2)c[nH]c1=O,Inhibition,'<',20.0,%,1
CHEMBL4064176,CCC(C)/C=C(C)/C=C/C=C/C(=O)c1c(O)c(-c2ccc(O)cc2)c[nH]c1=O,Inhibition,'<',20.0,%,1
CHEMBL3958704,C/C(=C\COc1ccccc1CN(C)C(=O)c1ccc(-c2ccco2)cc1)CCC(=O)O,Inhibition,'<',20.0,%,1
CHEMBL4789321,CCC(=O)N(CCN1CCC(Cc2ccc(F)cc2)CC1)c1ccc(OC)cc1,Inhibition,'=',20.83,%,1
CHEMBL4075256,CCOc1ccc(CNc2nc3cc(C(=O)N(CC)CC)ccc3n2CCC(C)C)cc1,Inhibition,'=',21.0,%,1
CHEMBL1835135,O=C1CN(Cc2ccc(-c3ccc(F)c(CN4CCCCC4)n3)cc2)C(=O)N1CC(F)F,Inhibition,'=',21.0,%,1
CHEMBL4583716,CCOc1ccc(Cc2nc3cc(C(=O)N(CC)CC)ccc3n2CCCCCNc2c3c(nc4ccccc24)CCCC3)cc1,Inhibition,'=',21.0,%,1
CHEMBL2324493,CCCCCCCCCCCCCCCC(=O)N[C@H](CO)C(C)C,Inhibition,'=',21.0,%,1
CHEMBL4536197,CNC(=O)Nc1ccc2c(c1)[C@@]1(CC2)OC(=O)N(CC(=O)N(Cc2ccc(F)cc2)[C@@H](C)C(F)(F)F)C1=O,Inhibition,,22.0,%,0
CHEMBL4287703,O=C(CCc1nnc(-c2ccc(F)cc2Br)o1)Nc1ccc2c(c1)c1ccccc1n2CCF,Inhibition,'=',22.0,%,1
CHEMBL1835122,CN1C(=O)CN(Cc2ccc(-c3cccc(CN4CCCCC4)n3)cc2)C1=O,Inhibition,'=',22.0,%,1
CHEMBL244946,Cc1ccc2c(-c3nnc(SCCCN4CCc5ccc(-c6cc(C)nn6C)cc5CC4)n3C)cccc2n1,Inhibition,'=',22.0,%,1
CHEMBL4756292,COc1ccc(Cn2cc(/C=C3/C(=O)C4CCN3CC4)c3cccnc32)cc1,Inhibition,'=',22.4,%,1
CHEMBL2381116,COc1ccc2c(c1)C(=O)N(c1nc(C(=O)Nc3cnccc3N3CCNCC3)cs1)C2,Inhibition,'=',22.6,%,1
CHEMBL32114,CCCCCCCCCCCCCCCC(=O)NCCc1ccccc1,Inhibition,'=',22.8,%,1
CHEMBL4435727,CC(=O)NCCOCCOCC(=O)NCCOCCOCC(=O)NCCCC[C@H](NC(C)=O)C(=O)NCCCC[C@H](NC(C)=O)C(=O)NCCCCCCNC(=O)c1nn(-c2ccc(Cl)cc2Cl)c(-c2ccc(Cl)cc2)c1C,Inhibition,'=',23.0,%,1
CHEMBL4586794,Cn1cncc1[C@](O)(COc1ccc(C#N)cc1-c1ccc(OC(F)(F)F)cc1)c1ccc(C#N)cc1,Inhibition,,23.0,%,0
CHEMBL4536245,CC(=O)N[C@@H](CCCCNC(=O)COCCOCCNC(=O)c1nn(-c2ccc(Cl)cc2Cl)c(-c2ccc(Cl)cc2)c1C)C(=O)NCCCC[C@H](NC(C)=O)C(=O)NCCCCCCNC(=O)c1nn(-c2ccc(Cl)cc2Cl)c(-c2ccc(Cl)cc2)c1C,Inhibition,'=',23.0,%,1
CHEMBL4451667,CC(=O)NCCCCCC(=O)NCc1ccc(C(=O)NCCCCCC(=O)NCCCCCCNC(=O)c2nn(-c3ccc(Cl)cc3Cl)c(-c3ccc(Cl)cc3)c2C)cc1,Inhibition,'=',23.0,%,1
CHEMBL482994,O=C(NCc1ccccc1)n1nc(-c2ccc(Cl)cc2Cl)c(-c2ccc(Cl)cc2Cl)n1,Inhibition,'=',23.8,%,1
CHEMBL1835134,O=C1CN(Cc2ccc(-c3ccc(F)c(CN4CCCCC4)n3)cc2)C(=O)N1CC1CCC1,Inhibition,'=',24.0,%,1
CHEMBL33657,CCCCCCCCCCCCCCCC(=O)NC(C)(C)C,Inhibition,'=',24.6,%,1
CHEMBL4282264,CNC(=O)Nc1ccc2c(c1)CC[C@@]21OC(=O)N(CC(=O)N(Cc2ccc(F)cc2)[C@@H](C)C(F)(F)F)C1=O,Inhibition,,25.0,%,0
CHEMBL4437833,Cc1ncc(-c2ccc(C(C(=O)NO)c3ccccc3F)cc2)cn1,Inhibition,'<',25.0,%,1
CHEMBL4456445,O=C(NO)C(c1ccc(-c2ncc(C(F)(F)F)cn2)cc1)c1ccccc1F,Inhibition,'<',25.0,%,1
CHEMBL1835132,O=C1CN(Cc2ccc(-c3ccc(F)c(CN4CCCCC4)n3)cc2)C(=O)N1C1CC1,Inhibition,'=',25.0,%,1
CHEMBL566260,CCC1(C(=O)Nc2cc(CN3CCOCC3)c(C)cn2)CC1,Inhibition,'=',25.0,%,1
CHEMBL32827,CCCCCCCCCCCCCCCC(=O)NC(C)C,Inhibition,'=',25.0,%,1
CHEMBL33355,CCCCCCCCCCCCCCCC(=O)NCCCl,Inhibition,'=',25.2,%,1
CHEMBL32472,CCCCCCCCCCCCCCCC(=O)NCc1ccc(OC)cc1,Inhibition,'=',25.4,%,1
CHEMBL4517604,CC[C@@]12C=C(C(=O)OC)n3c(c(c4ccccc43)CCN(/C=C/C(=O)OC)CCC1)[C@@H]2c1ccc(O)cc1,Inhibition,'=',26.0,%,1
CHEMBL498851,C[C@H]1C/C=C/CC/C=C/C(=O)Cc2cccc(O)c2C(=O)O1,Inhibition,'=',26.2,%,1
CHEMBL1835123,CC(C)N1C(=O)CN(Cc2ccc(-c3cccc(CN4CCCCC4)n3)cc2)C1=O,Inhibition,'=',27.0,%,1
CHEMBL4070526,CCOc1ccc(Cc2nc3cc(N)ccc3n2CCC(C)C)cc1,Inhibition,'=',27.0,%,1
CHEMBL401551,Cc1c(C(=O)N2CCN(C)CC2)oc2ccc(S(=O)(=O)N3CC(C)CC(C)C3)cc12,Inhibition,'=',27.0,%,1
CHEMBL284042,CCCCCCCCCCCCCCCC(=O)NC1CCCC1,Inhibition,'=',27.1,%,1
CHEMBL568146,CCC(C)(C)C(=O)Nc1ccc(C)c(CN2CCOCC2)n1,Inhibition,'=',28.0,%,1
CHEMBL4569489,CC(=O)N[C@@H](CCCCNC(=O)COCCOCCNC(=O)COCCOCCNC(=O)c1nn(-c2ccc(Cl)cc2Cl)c(-c2ccc(Cl)cc2)c1C)C(=O)NCCCC[C@H](NC(C)=O)C(=O)NCCCCCCNC(=O)c1nn(-c2ccc(Cl)cc2Cl)c(-c2ccc(Cl)cc2)c1C,Inhibition,'=',29.0,%,1
CHEMBL1835129,CCN1C(=O)CN(Cc2ccc(-c3ccc(F)c(CN4CCCCC4)n3)cc2)C1=O,Inhibition,'=',29.0,%,1
CHEMBL246319,Cc1ccc(-c2ncc(C(=O)N3CCNC(=O)C3)nc2-c2ccc(C)cc2)cc1,Inhibition,'=',29.0,%,1
CHEMBL4465691,Cc1c(C(=O)NCCCCCCNC(=O)CCCCCNC(=O)c2ccc(CNC(=O)CCCCCNC(=O)c3nn(-c4ccc(Cl)cc4Cl)c(-c4ccc(Cl)cc4)c3C)cc2)nn(-c2ccc(Cl)cc2Cl)c1-c1ccc(Cl)cc1,Inhibition,'=',29.0,%,1
CHEMBL519316,O=C(NC1CCCCC1)n1nc(-c2ccc(Cl)cc2Cl)c(-c2ccc(Cl)cc2Cl)n1,Inhibition,'=',29.2,%,1
CHEMBL1835222,O=C1CN(Cc2ccc(-c3ccc(F)c(CN4CCS(=O)(=O)CC4)n3)cc2)C(=O)N1C1CC1,Inhibition,'=',30.0,%,1
CHEMBL2326501,CCCCCCCOc1ccc(NC(=O)Oc2cccc(N3CCNCC3)c2)cc1,Inhibition,'=',30.0,%,1
CHEMBL3741992,Cc1cc(Cl)c(OCCO)cc1NC(=O)C1=CNC(=O)C[C@H]1c1ccc(F)cc1,Inhibition,'<',30.0,%,1
CHEMBL470946,O=C(NC1CCCCC1)n1nc(-c2ccc(Cl)cc2)c(-c2ccc(Cl)cc2Cl)n1,Inhibition,'=',30.5,%,1
CHEMBL32433,CCCCCCCCCCCCCCCC(=O)NCCCCl,Inhibition,'=',30.6,%,1
CHEMBL414883,C[C@@H]1C[C@H]2O[C@@H]2/C=C\C=C\C(=O)Cc2c(Cl)c(O)cc(O)c2C(=O)O1,Inhibition,'=',30.7,%,1
CHEMBL4063907,CCOc1ccc(Cc2nc3cc(C(=O)NC45CC6CC(CC(C6)C4)C5)ccc3n2CCC(C)C)cc1,Inhibition,'=',31.0,%,1
CHEMBL4555887,CCOc1ccc(Cc2nc3cc(C(=O)NCCOCCOCCNc4c5c(nc6ccccc46)CCCC5)ccc3n2CCC(C)C)cc1,Inhibition,'=',32.0,%,1
CHEMBL4473438,CCOc1ccc(Cc2nc3cc(C(=O)N(CC)CC)ccc3n2CCCCNc2c3c(nc4ccccc24)CCCC3)cc1,Inhibition,'=',32.0,%,1
CHEMBL474218,O=C(Cn1nnc(-c2ccc(Cl)cc2)c1-c1ccc(Cl)cc1)N1CCCCC1,Inhibition,'=',33.0,%,1
CHEMBL4541515,CCCN(CCc1ccc(NC(=O)CCC(=O)NCCCCCC(=O)NCc2ccc(C(=O)NCCCCCC(=O)NCCCCCCNC(=O)c3nn(-c4ccc(Cl)cc4Cl)c(-c4ccc(Cl)cc4)c3C)cc2)cc1)C1CCc2c(O)cccc2C1,Inhibition,'=',33.0,%,1
CHEMBL4546839,CCCN(CCc1ccc(NC(=O)CCC(=O)NCCOCCOCC(=O)NCCOCCOCC(=O)NCCCC[C@H](NC(C)=O)C(=O)NCCCC[C@H](NC(C)=O)C(=O)NCCCCCCNC(=O)c2nn(-c3ccc(Cl)cc3Cl)c(-c3ccc(Cl)cc3)c2C)cc1)C1CCc2c(O)cccc2C1,Inhibition,'=',33.0,%,1
CHEMBL1835121,CCN1C(=O)CN(Cc2ccc(-c3cccc(CN4CCCCC4)n3)cc2)C1=O,Inhibition,'=',33.0,%,1
CHEMBL4448580,Cc1c(C(=O)NN2CCCCC2)nn(CCCCCC(=O)NCCCCCC(=O)O)c1-c1ccc(Cl)cc1,Inhibition,'=',33.0,%,1
CHEMBL4579120,CC(C)CCO[C@@H]1[C@H]2OC(C)(C)O[C@H]2[C@H]2Cn3cc(nn3)COCCCCCCN(CCc3ccc4ccccc4c3)CC[C@H]1O2,Inhibition,'=',33.8,%,1
CHEMBL287537,CCCCCCCCCCCCCCCC(=O)NC1CCCCC1,Inhibition,'=',34.0,%,1
CHEMBL1835215,CC(C)CN1C(=O)CN(Cc2ccc(-c3ccc(F)c(CN4CCCC(F)C4)n3)cc2)C1=O,Inhibition,'=',34.0,%,1
CHEMBL470944,O=C(NC12CC3CC(CC(C3)C1)C2)n1nc(-c2ccc(Cl)cc2)c(-c2ccc(Cl)cc2Cl)n1,Inhibition,'=',34.5,%,1
CHEMBL2324498,CCCCCCCC/C=C\CCCCCCCC(=O)N[C@H](CO)C(C)C,Inhibition,'=',35.0,%,1
CHEMBL2440659,Cc1csc(NC(=O)c2cc(F)cc(Oc3cncnc3)c2)n1,Inhibition,'>',35.0,%,1
CHEMBL33716,CCCCCCCCCCCCCCCC(=O)NCCBr,Inhibition,'=',35.8,%,1
CHEMBL1885748,Clc1cc(Cl)cc(CNc2ncncc2-c2ccc3c(c2)OCO3)c1,Inhibition,'=',36.0,%,1
CHEMBL2324497,CCCCCCCC/C=C\CCCCCCCC(=O)N[C@@H](CO)C(C)C,Inhibition,'=',36.0,%,1
CHEMBL4545532,CCOc1ccc(Cc2nc3cc(C(=O)N(CC)CCCCNc4c5c(nc6ccccc46)CCCC5)ccc3n2CCC(C)C)cc1,Inhibition,'=',36.0,%,1
CHEMBL4099175,CCOc1ccc(Cc2nc3cc(NC(=O)c4ccccc4)ccc3n2CCC(C)C)cc1,Inhibition,'=',36.0,%,1
CHEMBL567942,CCC1(C(=O)Nc2cc(CN3CCOCC3)c(C)cn2)CCCCC1,Inhibition,'=',36.0,%,1
CHEMBL4458217,CCOc1ccc(Cc2nc3cc(C(=O)N(CC)CC)ccc3n2CCNc2c3c(nc4ccccc24)CCCC3)cc1,Inhibition,'=',36.0,%,1
CHEMBL4514216,Cc1c(C(=O)NN2CCCCC2)nn(CCCCCC(=O)OC(C)(C)C)c1-c1ccc(Cl)cc1,Inhibition,'=',37.0,%,1
CHEMBL4061358,CCOc1ccc(Cc2nc3cc(C(=O)NCCC(C)C)ccc3n2CCC(C)C)cc1,Inhibition,'=',37.0,%,1
CHEMBL566456,Cc1cnc(NC(=O)C(C)(C)C)cc1CN1CCOCC1,Inhibition,'=',37.0,%,1
CHEMBL4074747,CCN(CC)C(=O)c1ccc2c(c1)nc(Nc1ccc(Oc3ccccc3)cc1)n2CCN1CCCCC1,Inhibition,'=',37.0,%,1
CHEMBL4515844,CC(=O)NCCOCCOCC(=O)NCCCC[C@H](NC(C)=O)C(=O)NCCCC[C@H](NC(C)=O)C(=O)NCCCCCCNC(=O)c1nn(-c2ccc(Cl)cc2Cl)c(-c2ccc(Cl)cc2)c1C,Inhibition,'=',37.0,%,1
CHEMBL1669669,CCOc1cccc(NC(=O)c2ccc(N3CCCC3)c(C(F)(F)F)c2)c1,Inhibition,'=',38.0,%,1
CHEMBL247551,Cc1ccc(-c2ncc(C(=O)N3CCC(O)CC3)nc2-c2ccc(C)cc2)cc1,Inhibition,'=',38.0,%,1
CHEMBL1835130,CCCN1C(=O)CN(Cc2ccc(-c3ccc(F)c(CN4CCCCC4)n3)cc2)C1=O,Inhibition,'=',39.0,%,1
CHEMBL4086412,CCCCCCNC(=O)c1ccc2c(c1)nc(Cc1ccc(OCC)cc1)n2CCC(C)C,Inhibition,'=',39.0,%,1
CHEMBL4795081,O=C1/C(=C/c2cn(CCN3CCCC3)c3ncccc23)N2CCC1CC2,Inhibition,'=',39.4,%,1
CHEMBL4091923,CCC(C)CC(C)/C=C(C)/C=C/C(=O)c1c(O)c(-c2ccc(O)cc2)c[nH]c1=O,Inhibition,'=',40.0,%,1
CHEMBL4084320,CC[C@@H](C)/C=C(C)/C=C/C(=O)c1c(O)c(-c2ccc(O)cc2)c[nH]c1=O,Inhibition,'=',40.0,%,1
CHEMBL1836868,CCCCCN1C(=O)/C(=N\NC(=O)CN(C)c2ccc([N+](=O)[O-])c3nonc23)c2ccc(OC)cc21,Inhibition,'<',40.0,%,1
CHEMBL33143,CCCCCCCCCCCCCCCC(=O)Nc1cccc(O)c1,Inhibition,'=',40.9,%,1
CHEMBL4472083,CC(=O)NCCCC[C@H](NC(C)=O)C(=O)NCCCC[C@H](NC(C)=O)C(=O)NCCCCCCNC(=O)c1nn(-c2ccc(Cl)cc2Cl)c(-c2ccc(Cl)cc2)c1C,Inhibition,'=',41.0,%,1
CHEMBL1835217,CC(C)CN1C(=O)CN(Cc2ccc(-c3cccc(CN4CCCC(F)(F)C4)n3)cc2)C1=O,Inhibition,'=',41.0,%,1
CHEMBL1835133,O=C1CN(Cc2ccc(-c3ccc(F)c(CN4CCCCC4)n3)cc2)C(=O)N1CC1CC1,Inhibition,'=',41.0,%,1
CHEMBL4104374,CCOc1ccc(Cc2nc3cc([N+](=O)[O-])ccc3n2CCC(C)C)cc1,Inhibition,'=',41.0,%,1
CHEMBL1835126,O=C1CN(Cc2ccc(-c3cccc(CN4CCCCC4)n3)cc2)C(=O)N1CC1CC1,Inhibition,'=',42.0,%,1
CHEMBL4752865,O=C1/C(=C/c2cn(Cc3cccc(C(F)(F)F)c3)c3ncccc23)N2CCC1CC2,Inhibition,'=',42.5,%,1
CHEMBL4466108,Cc1c(C(=O)NCCCCCCCCCCC(=O)O)nn(-c2ccc(Cl)cc2Cl)c1-c1ccc(Cl)cc1,Inhibition,'=',43.0,%,1
CHEMBL274245,O=C(NN1CCCCCC1)c1nc(-c2ccc(Cl)cc2)n(-c2ccc(Cl)cc2Cl)n1,Inhibition,'=',43.0,%,1
CHEMBL270864,Cc1c(C(=O)Nc2ccccc2Cl)oc2ccc(S(=O)(=O)N3CC(C)CC(C)C3)cc12,Inhibition,'=',44.0,%,1
CHEMBL4465127,CCCN(CCc1ccc(NC(=O)CCC(=O)NCCOCCOCC(=O)NCCCC[C@H](NC(C)=O)C(=O)NCCCC[C@H](NC(C)=O)C(=O)NCCCCCCNC(=O)c2nn(-c3ccc(Cl)cc3Cl)c(-c3ccc(Cl)cc3)c2C)cc1)C1CCc2c(O)cccc2C1,Inhibition,'=',44.0,%,1
CHEMBL34340,CCCCCCCCCCCCCCCC(=O)Nc1ccc(O)cc1,Inhibition,'=',44.8,%,1
CHEMBL4100917,CCN(CC)C(=O)c1ccc2c(c1)nc(Nc1ccc(Oc3ccccc3)cc1)n2CCC(C)C,Inhibition,'=',45.0,%,1
CHEMBL4447210,CCOc1ccc(Cc2nc3cc(C(=O)NCCSSCCNc4c5c(nc6ccccc46)CCCC5)ccc3n2CCC(C)C)cc1,Inhibition,'=',45.0,%,1
CHEMBL246112,Cc1ccc(-c2ncc(C(=O)NC3CCNC3=O)nc2-c2ccc(C)cc2)cc1,Inhibition,'=',46.0,%,1
CHEMBL258089,Cc1c(C(=O)NCc2cccnc2)oc2ccc(S(=O)(=O)N3CC(C)CC(C)C3)cc12,Inhibition,'=',46.0,%,1
CHEMBL519921,CCCCOC(=O)Cn1nnc(-c2ccc(Cl)cc2Cl)c1-c1ccc(Cl)cc1Cl,Inhibition,'=',46.1,%,1
CHEMBL2375655,C[C@@H]1CCCC(=O)CCCC(=O)Cc2cc(O)cc(O)c2C(=O)O1,Inhibition,'=',47.4,%,1
CHEMBL4592258,CC[C@@]12CCCN3CCc4c([nH]c5ccccc45)[C@]31N(Cc1cn(Cc3ccccc3)nn1)C(=O)C2,Inhibition,'=',48.0,%,1
CHEMBL280025,CN(C)CCNC(=O)c1cn(-c2ccc(Cl)cc2)c(-c2ccc(Cl)cc2Cl)n1,Inhibition,'=',48.0,%,1
CHEMBL15918,CN(C)CCNC(=O)c1nc(-c2ccc(Cl)cc2Cl)n(-c2ccc(Cl)cc2)n1,Inhibition,'=',49.0,%,1
CHEMBL4440501,COC(=O)CCCCCNC(=O)c1ccc(-c2ccc(-c3c(C)c(C(=O)NN4CCCCC4)nn3-c3ccc(Cl)cc3Cl)cc2)cc1,Inhibition,'=',49.0,%,1
CHEMBL4160748,COc1ccc(-c2c(C)nn3c(C(F)(F)F)cc(C)nc23)c(F)c1F,Inhibition,'<',50.0,%,1
CHEMBL3740472,COCCCN1C[C@@H]2[C@@H](CNC(=O)c3nc(C(C)C)n4ccccc34)[C@@H]2C1,Inhibition,'<',50.0,%,1
CHEMBL4172540,C[C@@H](COc1ccn(-c2ccc(F)cc2)c(=O)c1)Oc1ccccc1,Inhibition,'>',50.0,%,1
CHEMBL1970071,O=C(c1cc(C2CC2)on1)N(C1CCCCC1)C1CCCCC1,Inhibition,'>=',50.0,%,1
CHEMBL600053,Fc1cccc(CNC23OC4C5C6CC(C7C6C4C72)C53)c1,Inhibition,'<',50.0,%,1
CHEMBL590615,Fc1cccc(CCNC23OC4C5C6CC(C7C6C4C72)C53)c1,Inhibition,'<',50.0,%,1
CHEMBL4754102,COc1cccc2c(N3CCN(c4ccccc4F)CC3)c(C#N)cnc12,Inhibition,'<',50.0,%,1
CHEMBL4128481,COc1ccc2c(N[C@@H](C)Cc3cc(C)[nH]n3)ncnc2c1OC,Inhibition,'<',50.0,%,1
CHEMBL3805396,O=c1ccc(OCCCN2CCCCC2)nn1-c1ccc(Cl)c(Cl)c1,Inhibition,'<',50.0,%,1
CHEMBL4761695,[2H]C([2H])([2H])Oc1cc(F)cc2c(N3CCN(c4ccccc4F)CC3)c(C#N)cnc12,Inhibition,'<',50.0,%,1
CHEMBL3763166,O=C1Cc2cc(S(=O)(=O)NNc3ccc(Br)cc3)ccc2N1,Inhibition,'<',50.0,%,1
CHEMBL256469,Cc1c(C(=O)N(C)CCC#N)oc2ccc(S(=O)(=O)N3CC(C)CC(C)C3)cc12,Inhibition,'=',50.0,%,1
CHEMBL4848062,COc1nc(C2=NOC(C3CC3)C(c3ccc(Cl)cc3)N2)ccc1-n1cnc(C)c1,Inhibition,'>',50.0,%,1
CHEMBL4085176,C[C@H]1[C@@H](c2cc(C(F)(F)F)cc(C(F)(F)F)c2)OC(=O)N1C(=O)CCc1cncc2ccccc12,Inhibition,'>',50.0,%,1
CHEMBL3359239,Cc1nc(-c2ccc(Cl)cc2)nc(OCCCN2CCCCC2)c1Cl,Inhibition,'<',50.0,%,1
CHEMBL3329755,CCN(Cc1ccccc1C(F)(F)F)C(=O)C1CCN(S(=O)(=O)c2ccc3[nH]ncc3c2)CC1,Inhibition,'=',50.0,%,1
CHEMBL81708,CCCCCOc1cc(/C=C/C(=O)N[C@@H](Cc2ccccc2)C(=O)OC)ccc1OC,Inhibition,'=',51.0,%,1
CHEMBL2153660,CCOC(=O)[C@@H](O)CCN/C(=N\S(=O)(=O)c1ccc(Cl)cc1)N1CC(c2ccccc2)C(c2ccc(Cl)cc2)=N1,Inhibition,'=',53.0,%,1
CHEMBL186097,CCCCN(CC)c1cc(C)nc2c1NC(=O)CN2c1ccc(OC)nc1OC,Inhibition,'=',53.0,%,1
CHEMBL4558335,CCOc1ccc(Cc2nc3cc(C(=O)NCCCCCCNc4c5c(nc6ccccc46)CCCC5)ccc3n2CCC(C)C)cc1,Inhibition,'=',54.0,%,1
CHEMBL1835128,O=C1CN(Cc2ccc(-c3cccc(CN4CCCCC4)n3)cc2)C(=O)N1CC(F)(F)F,Inhibition,'=',54.0,%,1
CHEMBL393430,Cc1ccc(-c2ncc(C(=O)N[C@H]3CC[C@H](O)CC3)nc2-c2ccc(C)cc2)cc1,Inhibition,'=',54.0,%,1
CHEMBL4585379,CNC(=O)c1ccc(-c2ccc(-c3c(C)c(C(=O)NN4CCCCC4)nn3-c3ccc(Cl)cc3Cl)cc2)cc1,Inhibition,'=',55.0,%,1
CHEMBL480734,C=NC(=O)Cn1nnc(-c2ccc(Cl)cc2Cl)c1-c1ccc(Cl)cc1Cl,Inhibition,'=',55.7,%,1
CHEMBL4786796,N#Cc1ccc(Cn2cc(/C=C3/C(=O)C4CCN3CC4)c3cccnc32)cc1,Inhibition,'=',55.7,%,1
CHEMBL4781210,OC1/C(=C/c2cn(Cc3ccc(Cl)cc3)c3ncccc23)N2CCC1CC2,Inhibition,'=',58.2,%,1
CHEMBL2153668,NC(=O)[C@H](Cc1ccccc1)N/C(=N\S(=O)(=O)c1ccc(Cl)cc1)N1CC(c2ccccc2)C(c2ccc(Cl)cc2)=N1,Inhibition,'=',61.0,%,1
CHEMBL1835221,CCN1C(=O)CN(Cc2ccc(-c3cccc(CC4CCCCC4)n3)cc2)C1=O,Inhibition,'=',61.0,%,1
CHEMBL4467984,CCCN(CCc1ccc(NC(=O)CCC(=O)NCCCC[C@H](NC(C)=O)C(=O)NCCCC[C@H](NC(C)=O)C(=O)NCCCCCCNC(=O)c2nn(-c3ccc(Cl)cc3Cl)c(-c3ccc(Cl)cc3)c2C)cc1)C1CCc2c(O)cccc2C1,Inhibition,'=',62.0,%,1
CHEMBL1835119,CC(C)CN1C(=O)CN(Cc2ccc(-c3cccc(CN4CCCCC4)n3)cc2)C1=O,Inhibition,'=',62.0,%,1
CHEMBL1223307,O=C(NC[C@@H]1CCCO1)c1nc(-c2ccc(Cl)cc2)n2c1CCCCC2,Inhibition,'=',63.0,%,1
CHEMBL474217,CCCCOC(=O)Cn1nnc(-c2ccc(Cl)cc2)c1-c1ccc(Cl)cc1,Inhibition,'=',64.1,%,1
CHEMBL1835125,O=C1CN(Cc2ccc(-c3cccc(CN4CCCCC4)n3)cc2)C(=O)N1C1CCC1,Inhibition,'=',66.0,%,1
CHEMBL4520365,Cc1c(C(=O)NN2CCCCC2)nn(-c2ccc(Cl)cc2Cl)c1-c1ccc(-c2ccc(C(=O)O)cc2)cc1,Inhibition,'=',66.0,%,1
CHEMBL3105228,O=C(c1ccc(F)c(F)c1)N1CCN2C(=O)c3ccccc3[C@@]12c1ccc(Cl)cc1,Inhibition,'=',66.0,%,1
CHEMBL4558185,CC[C@]12C=C(C(=O)OC)n3c(c(CCNC(=O)c4ccc(Br)cc4)c4ccccc43)[C@H]1N(C#N)CCC2,Inhibition,'=',69.0,%,1
CHEMBL15779,Cc1c(C(=O)NCCO)nn(-c2ccc(Cl)cc2Cl)c1-c1ccc(Cl)cc1,Inhibition,'=',69.0,%,1
CHEMBL278926,Cc1c(C(=O)NCCN(C)C)nn(-c2ccc(Cl)cc2Cl)c1-c1ccc(Cl)cc1,Inhibition,'=',70.0,%,1
CHEMBL409342,Cc1c(C(=O)Nc2cccc(Cl)c2)oc2ccc(S(=O)(=O)N3CC(C)CC(C)C3)cc12,Inhibition,'=',70.0,%,1
CHEMBL1835214,CC(C)CN1C(=O)CN(Cc2ccc(-c3cccc(CN4CCCC(F)C4)n3)cc2)C1=O,Inhibition,'=',81.0,%,1
CHEMBL1223306,COC(=O)c1ccc([C@@H]2CC(=O)N3C(=C2C#N)SC[C@]3(O)c2ccc(C)cc2)cc1,Inhibition,'=',83.0,%,1
CHEMBL255189,Cc1c(C(=O)NC2CC2)oc2ccc(S(=O)(=O)N3CC(C)CC(C)C3)cc12,Inhibition,'=',83.0,%,1
CHEMBL255415,Cc1cccc(NC(=O)c2oc3ccc(S(=O)(=O)N4CC(C)CC(C)C4)cc3c2C)c1C,Inhibition,'=',84.0,%,1
CHEMBL1835120,CCCN1C(=O)CN(Cc2ccc(-c3cccc(CN4CCCCC4)n3)cc2)C1=O,Inhibition,'=',87.0,%,1
CHEMBL2153656,COC(=O)CN/C(=N\S(=O)(=O)c1ccc(Cl)cc1)N1CC(c2ccccc2)C(c2ccc(Cl)cc2)=N1,Inhibition,'=',88.0,%,1
CHEMBL272945,CCN(CC)C(=O)c1oc2ccc(S(=O)(=O)N3CC(C)CC(C)C3)cc2c1C,Inhibition,'=',89.0,%,1
CHEMBL1223305,Cc1ccc(-n2nc3c(c2NC(=O)c2ccco2)CS(=O)(=O)C3)c(C)c1,Inhibition,'=',90.0,%,1
CHEMBL114535,CCOC(=O)c1c(NC(=O)Cc2ccccc2)sc2c1CCN(C(=O)OCC)C2,Inhibition,'=',94.0,%,1
CHEMBL2153658,COC(=O)[C@H](C)N/C(=N\S(=O)(=O)c1ccc(Cl)cc1)N1CC(c2ccccc2)C(c2ccc(Cl)cc2)=N1,Inhibition,'=',96.0,%,1
CHEMBL2070953,COc1ccc(-c2csc(NC(=O)[C@H]3CCCCN3S(=O)(=O)c3ccc(C)cc3)n2)cc1,Inhibition,'=',97.0,%,1
CHEMBL1223304,COC(=O)c1cc(S(=O)(=O)N2CCn3c2nc2ccccc23)c[nH]1,Inhibition,'=',102.0,%,1
CHEMBL4079297,O=C(Nc1ccc(Cl)cc1)Nc1cccc(-c2ccnc(N3CCCC3)n2)c1,Inhibition,,,%,1
CHEMBL1784671,Cc1cc(C(N)=O)ccc1-c1c(CCC(=O)O)ccn1-c1ccc(-n2ccnc2)cc1,Inhibition,,,%,0
CHEMBL1784685,COc1ccc(-c2ccn(-c3ccc(C(=O)O)c(O)c3)c2-c2ccc(C(N)=O)cc2C)cc1,Inhibition,,,%,1
CHEMBL1784694,COc1ccc(-c2ccn(-c3ccc(O)c([N+](=O)[O-])c3)c2-c2ccc(C(N)=O)cc2C)cc1,Inhibition,,,%,1
CHEMBL1784673,Cc1cc(C(N)=O)ccc1-c1c(-c2ccc(-n3ccnc3)cc2)ccn1CCC(=O)O,Inhibition,,,%,0
CHEMBL4557721,Cc1ccn(Cc2ccc(F)cc2)c(=O)c1NC(=O)C1CCCCCC1,Inhibition,,,%,1
CHEMBL2012728,Cc1cc(NS(C)(=O)=O)ccc1-n1c(CCC(=O)O)ccc1-c1ccc(-n2ccnc2C)s1,Inhibition,,,%,0
CHEMBL1831166,COc1cc2c(cc1OC)CN(CCCCn1cc(-c3ccc(F)cc3)c3ccccc31)CC2,Inhibition,,,%,0
CHEMBL2375656,COc1cc(O)c2c(c1)CC(=O)CCCC(=O)CCC[C@@H](C)OC2=O,Inhibition,,,%,1
CHEMBL2012737,Cc1cc(NS(C)(=O)=O)ccc1-n1c(CCC(=O)O)ccc1-c1ccc(-n2ccnc2)cc1,Inhibition,,,%,0
CHEMBL4566396,Cc1c(Br)c[nH]c(=O)c1NC(=O)C1CCCCCC1,Inhibition,,,%,1
CHEMBL4081432,CCN(CC)c1ccnc(-c2cccc(NC(=O)Nc3ccc(C#N)cc3)c2)n1,Inhibition,,,%,1
CHEMBL2442940,CN(C(=O)Cn1c(=O)oc2ccc(-c3cccnc3)cc21)c1ccc(C(F)(F)F)cc1,Inhibition,,,%,0
CHEMBL4437484,Cc1ccc(NC(=O)C2CCCCCC2)c(=O)n1Cc1ccc(F)cc1,Inhibition,,,%,1
CHEMBL470883,C[C@@H]1C/C=C/CCCCC(=O)Cc2cc(O)cc(O)c2C(=O)O1,Inhibition,,,%,1
CHEMBL2024089,CNC(=O)OCC[C@H]1C[C@@H]1c1cncc(OC[C@@H]2CCN2)c1,Inhibition,,,%,1
CHEMBL4088214,COc1cc(C(F)(F)F)cc([C@H]2OC(=O)N(C(=O)NCc3cncc4cccnc34)[C@H]2CO)n1,Inhibition,,,%,0
CHEMBL3771118,COc1ncc(C)cc1CC[C@@](O)(CC(=O)O)C(=O)O,Inhibition,,,%,0
CHEMBL2375654,COc1cc(O)c2c(c1)CC(=O)CCCC/C=C/C[C@@H](C)OC2=O,Inhibition,,,%,1
CHEMBL4559685,Cc1c(Cl)cc(NC(=O)C2CCCCCC2)c(=O)n1Cc1ccc(F)cc1,Inhibition,,,%,1
CHEMBL608560,OC12C3C4CC5C6C4C1C6C(C53)N2Cc1cccc(F)c1,Inhibition,,,%,1
CHEMBL602850,OC12C3C4CC5C6C4C1C6C(C53)N2CCc1cccc(F)c1,Inhibition,,,%,1
CHEMBL4087628,O=C(Nc1ccc(Cl)cc1)Nc1cccc(-c2nccc(N3CCCC3)n2)c1,Inhibition,,,%,1
CHEMBL4129018,CN1CCN(c2cc(-c3ccncc3)c(-c3ccc4ccccc4c3)nn2)CC1,Inhibition,,,%,0
CHEMBL2431051,CCOc1ccccc1OCCNCCCCN1C(=O)C2CCCN2C1=O.Cl,Inhibition,,,%,0
CHEMBL1738699,Cc1cc(C(N)=O)ccc1-n1c(CCC(=O)O)ccc1-c1ccc(-n2ccnc2)cc1,Inhibition,,,%,0
CHEMBL1834280,Cc1c(C(=O)NCc2ccc(CNS(N)(=O)=O)cc2)nn(-c2ccc(Cl)cc2Cl)c1-c1ccc(Cl)cc1,Ke,'=',0.376,uM,1
CHEMBL1834010,Cc1ccc(NC(=O)c2nn(-c3ccc(Cl)cc3Cl)c(-c3ccc(Cl)cc3)c2C)nc1,Ke,'=',0.98,uM,1
CHEMBL1834009,Cc1c(C(=O)Nc2ccc(C)[n+]([O-])c2)nn(-c2ccc(Cl)cc2Cl)c1-c1ccc(Cl)cc1,Ke,'=',1.2,uM,1
CHEMBL1834281,Cc1c(C(=O)NCc2cccc(CNS(C)(=O)=O)c2)nn(-c2ccc(Cl)cc2Cl)c1-c1ccc(Cl)cc1,Ke,'=',2.83,uM,1
CHEMBL1834279,Cc1c(C(=O)NCc2ccc(CNS(C)(=O)=O)cc2)nn(-c2ccc(Cl)cc2Cl)c1-c1ccc(Cl)cc1,Ke,'=',2.93,uM,1
CHEMBL2180212,O=C(NC1CCN(c2ncnc3c2nc(-c2ccccc2Cl)n3-c2ccc(Cl)cc2)CC1)C(F)(F)F,Ke,'=',3.2,nM,1
CHEMBL1834018,Cc1c(C(=O)NCC2CCC(CN)CC2)nn(-c2ccc(Cl)cc2Cl)c1-c1ccc(Cl)cc1,Ke,'=',3.76,uM,1
CHEMBL1834282,Cc1c(C(=O)NCc2cccc(CNS(N)(=O)=O)c2)nn(-c2ccc(Cl)cc2Cl)c1-c1ccc(Cl)cc1,Ke,'=',4.2,uM,1
CHEMBL1834012,Cc1ccc(NC(=O)c2nn(-c3ccc(Cl)cc3Cl)c(-c3ccc(Cl)cc3)c2C)[n+]([O-])c1,Ke,'=',4.58,uM,1
CHEMBL1834278,Cc1c(C(=O)NCCCN(C)CCCNS(C)(=O)=O)nn(-c2ccc(Cl)cc2Cl)c1-c1ccc(Cl)cc1,Ke,'=',5.34,uM,1
CHEMBL1834011,Cc1ccc(NC(=O)c2nn(-c3ccc(Cl)cc3Cl)c(-c3ccc(Cl)cc3)c2C)[n+](C)c1.[I-],Ke,'=',8.59,uM,1
CHEMBL1834017,Cc1c(C(=O)N[C@H]2CC[C@H](NS(N)(=O)=O)CC2)nn(-c2ccc(Cl)cc2Cl)c1-c1ccc(Cl)cc1,Ke,'=',9.43,uM,1
CHEMBL1834016,Cc1c(C(=O)N[C@H]2CC[C@H](NS(C)(=O)=O)CC2)nn(-c2ccc(Cl)cc2Cl)c1-c1ccc(Cl)cc1,Ke,'>',10.0,uM,1
CHEMBL1834015,Cc1c(C(=O)N[C@H]2CC[C@H](N)CC2)nn(-c2ccc(Cl)cc2Cl)c1-c1ccc(Cl)cc1,Ke,'>',10.0,uM,1
CHEMBL1834005,Cc1c(C(=O)Nc2cc[n+](C)cc2)nn(-c2ccc(Cl)cc2Cl)c1-c1ccc(Cl)cc1.[I-],Ke,'>',10.0,uM,1
CHEMBL2436753,COC(=O)NC1CCN(c2ncnc3c2nc(-c2ccccc2Cl)n3-c2ccc(Cl)cc2)CC1,Ke,'=',17.0,nM,1
CHEMBL4224996,COc1cccc(N2CCN(c3ncnc4c3nc(-c3ccccc3Cl)n4-c3ccc(Cl)cc3)CC2)c1,Ke,'=',25.0,nM,1
CHEMBL4241796,O=C(CC1CCOCC1)N1CCN(c2ncnc3c2nc(-c2ccccc2Cl)n3-c2ccc(Cl)cc2)CC1,Ke,'=',36.0,nM,1
CHEMBL4240419,COCCS(=O)(=O)N1CCN(c2ncnc3c2nc(-c2ccccc2Cl)n3-c2ccc(Cl)cc2)CC1,Ke,'=',50.0,nM,1
CHEMBL4244979,COCCOC(=O)N1CCN(c2ncnc3c2nc(-c2ccccc2Cl)n3-c2ccc(Cl)cc2)CC1,Ke,'=',54.0,nM,1
CHEMBL3759631,COC(=O)N1CCC(NC(=O)c2nn(-c3ccc(Cl)cc3Cl)c(-c3ccc(Cl)cc3)c2C)CC1,Ke,'=',59.0,nM,1
CHEMBL4248827,COCCC(=O)N1CCN(c2ncnc3c2nc(-c2ccccc2Cl)n3-c2ccc(Cl)cc2)CC1,Ke,'=',72.0,nM,1
CHEMBL3759693,CCCCOC(=O)N1CCC(NC(=O)c2nn(-c3ccc(Cl)cc3Cl)c(-c3ccc(Cl)cc3)c2C)CC1,Ke,'=',88.0,nM,1
CHEMBL4247947,O=C(OC1COC1)N1CCN(c2ncnc3c2nc(-c2ccccc2Cl)n3-c2ccc(Cl)cc2)CC1,Ke,'=',95.0,nM,1
CHEMBL4247173,COC(=O)N1CCN(c2ncnc3c2nc(-c2ccccc2Cl)n3-c2ccc(Cl)cc2)CC1,Ke,'=',98.0,nM,1
CHEMBL4243747,CC(C)CNC(=O)N1CCN(c2ncnc3c2nc(-c2ccccc2Cl)n3-c2ccc(Cl)cc2)CC1,Ke,'=',100.0,nM,1
CHEMBL4241666,O=C(OC1CCOCC1)N1CCN(c2ncnc3c2nc(-c2ccccc2Cl)n3-c2ccc(Cl)cc2)CC1,Ke,'=',105.0,nM,1
CHEMBL4245807,CC(=O)N1CCN(c2ncnc3c2nc(-c2ccccc2Cl)n3-c2ccc(Cl)cc2)CC1,Ke,'=',120.0,nM,1
CHEMBL2030940,CCNC(=O)NCC1CCC(CNC(=O)c2nn(-c3ccc(Cl)cc3Cl)c(-c3ccc(Cl)cc3)c2C)CC1,Ke,'=',135.0,nM,1
CHEMBL2436764,CN(C)CC(=O)NC1CCN(c2ncnc3c2nc(-c2ccccc2Cl)n3-c2ccc(Cl)cc2)CC1,Ke,'=',140.0,nM,1
CHEMBL2180206,CCNC(=O)NC1CCN(c2ncnc3c2nc(-c2ccccc2Cl)n3-c2ccc(Cl)cc2)CC1,Ke,'=',149.0,nM,1
CHEMBL4238397,Cc1cc(NC(=O)N2CCN(c3ncnc4c3nc(-c3ccccc3Cl)n4-c3ccc(Cl)cc3)CC2)no1,Ke,'=',150.0,nM,1
CHEMBL2030943,Cc1c(C(=O)NCC2CCC(CNC(=O)NC(C)(C)C)CC2)nn(-c2ccc(Cl)cc2Cl)c1-c1ccc(Cl)cc1,Ke,'=',150.0,nM,1
CHEMBL2030934,CCNC(=O)N1CCC[C@@H](NC(=O)c2nn(-c3ccc(Cl)cc3Cl)c(-c3ccc(Cl)cc3)c2C)C1,Ke,'=',171.0,nM,1
CHEMBL2180224,CCOC(=O)CNC(=O)NC1(c2ccccc2)CCN(c2ncnc3c2nc(-c2ccccc2Cl)n3-c2ccc(Cl)cc2)CC1,Ke,'=',171.0,nM,1
CHEMBL2180225,O=C(NC1CCCCC1)NC1(c2ccccc2)CCN(c2ncnc3c2nc(-c2ccccc2Cl)n3-c2ccc(Cl)cc2)CC1,Ke,'=',199.0,nM,1
CHEMBL4238286,CC(C)(O)CC(=O)N1CCN(c2ncnc3c2nc(-c2ccccc2Cl)n3-c2ccc(Cl)cc2)CC1,Ke,'=',200.0,nM,1
CHEMBL2030928,Cc1c(C(=O)N[C@H]2CCCN(C(=O)NC(C)(C)C)C2)nn(-c2ccc(Cl)cc2Cl)c1-c1ccc(Cl)cc1,Ke,'=',206.0,nM,1
CHEMBL3760039,Cc1c(C(=O)NC2CCN(C(=O)Oc3ccc([N+](=O)[O-])cc3)CC2)nn(-c2ccc(Cl)cc2Cl)c1-c1ccc(Cl)cc1,Ke,'=',212.0,nM,1
CHEMBL2030927,CCCCNC(=O)N1CCC[C@H](NC(=O)c2nn(-c3ccc(Cl)cc3Cl)c(-c3ccc(Cl)cc3)c2C)C1,Ke,'=',230.0,nM,1
CHEMBL2030925,Cc1c(C(=O)N[C@H]2CCCN(C(=O)NC(C)C)C2)nn(-c2ccc(Cl)cc2Cl)c1-c1ccc(Cl)cc1,Ke,'=',265.0,nM,1
CHEMBL2030938,Cc1c(C(=O)N[C@@H]2CCCN(C(=O)NC(C)(C)C)C2)nn(-c2ccc(Cl)cc2Cl)c1-c1ccc(Cl)cc1,Ke,'=',268.0,nM,1
CHEMBL2030757,Cc1c(C(=O)NC2CCN(S(C)(=O)=O)CC2)nn(-c2ccc(Cl)cc2Cl)c1-c1ccc(Cl)cc1,Ke,'=',269.0,nM,1
CHEMBL2030942,CCCCNC(=O)NCC1CCC(CNC(=O)c2nn(-c3ccc(Cl)cc3Cl)c(-c3ccc(Cl)cc3)c2C)CC1,Ke,'=',274.0,nM,1
CHEMBL2030924,CCNC(=O)N1CCC[C@H](NC(=O)c2nn(-c3ccc(Cl)cc3Cl)c(-c3ccc(Cl)cc3)c2C)C1,Ke,'=',280.0,nM,1
CHEMBL3759506,Cc1c(C(=O)NC2CCN(S(=O)(=O)C3CC3)CC2)nn(-c2ccc(Cl)cc2Cl)c1-c1ccc(Cl)cc1,Ke,'=',292.0,nM,1
CHEMBL2180233,CC(C)(C)OC(=O)N1CCC[C@@H](Nc2ncnc3c2nc(-c2ccccc2Cl)n3-c2ccc(Cl)cc2)C1,Ke,'=',326.0,nM,1
CHEMBL2180237,CS(=O)(=O)N1CCC[C@@H](Nc2ncnc3c2nc(-c2ccccc2Cl)n3-c2ccc(Cl)cc2)C1,Ke,'=',346.0,nM,1
CHEMBL2029364,Cc1c(C(=O)NCC2CCC(CNC(=O)NC(C)C)CC2)nn(-c2ccc(Cl)cc2Cl)c1-c1ccc(Cl)cc1,Ke,'=',351.0,nM,1
CHEMBL4238086,O=C(CN1CCOCC1)N1CCN(c2ncnc3c2nc(-c2ccccc2Cl)n3-c2ccc(Cl)cc2)CC1,Ke,'=',370.0,nM,1
CHEMBL4241236,O=C(C1CCOCC1)N1CCN(c2ncnc3c2nc(-c2ccccc2Cl)n3-c2ccc(Cl)cc2)CC1,Ke,'=',410.0,nM,1
CHEMBL2030941,CCCNC(=O)NCC1CCC(CNC(=O)c2nn(-c3ccc(Cl)cc3Cl)c(-c3ccc(Cl)cc3)c2C)CC1,Ke,'=',486.0,nM,1
CHEMBL2180229,CC(C)NC(=O)N1CCC(Nc2ncnc3c2nc(-c2ccccc2Cl)n3-c2ccc(Cl)cc2)CC1,Ke,'=',495.0,nM,1
CHEMBL4248585,N=C(Nc1ccc(F)cc1)N1CCN(c2ncnc3c2nc(-c2ccccc2Cl)n3-c2ccc(Cl)cc2)CC1,Ke,'=',510.0,nM,1
CHEMBL2030932,CC(=O)N1CCC[C@@H](NC(=O)c2nn(-c3ccc(Cl)cc3Cl)c(-c3ccc(Cl)cc3)c2C)C1,Ke,'=',530.0,nM,1
CHEMBL2030758,Cc1c(C(=O)NC2CCN(S(N)(=O)=O)CC2)nn(-c2ccc(Cl)cc2Cl)c1-c1ccc(Cl)cc1,Ke,'=',592.0,nM,1
CHEMBL2180210,CC(=O)NC1CCN(c2ncnc3c2nc(-c2ccccc2Cl)n3-c2ccc(Cl)cc2)CC1,Ke,'=',631.0,nM,1
CHEMBL4239522,O=C(N1CCOCC1)N1CCN(c2ncnc3c2nc(-c2ccccc2Cl)n3-c2ccc(Cl)cc2)CC1,Ke,'=',670.0,nM,1
CHEMBL4248095,Cn1nnc(CCC(=O)N2CCN(c3ncnc4c3nc(-c3ccccc3Cl)n4-c3ccc(Cl)cc3)CC2)n1,Ke,'=',740.0,nM,1
CHEMBL2436763,O=C(CCN1CCCCC1)NC1CCN(c2ncnc3c2nc(-c2ccccc2Cl)n3-c2ccc(Cl)cc2)CC1,Ke,'=',789.0,nM,1
CHEMBL2030766,Cc1c(C(=O)N[C@H]2CCCN(C(=O)OC(C)(C)C)C2)nn(-c2ccc(Cl)cc2Cl)c1-c1ccc(Cl)cc1,Ke,'=',842.0,nM,1
CHEMBL2180236,CC(=O)N1CCC[C@@H](Nc2ncnc3c2nc(-c2ccccc2Cl)n3-c2ccc(Cl)cc2)C1,Ke,'=',920.0,nM,1
CHEMBL4244698,Cn1ccc(NC(=O)N2CCN(c3ncnc4c3nc(-c3ccccc3Cl)n4-c3ccc(Cl)cc3)CC2)n1,Ke,'=',1000.0,nM,1
CHEMBL3287276,COc1cc2c(cc1OC)C(Cc1ccc(OC(=O)CCCCCCN(C)CCCCCCCCCCCCNC(=O)c3nn(-c4ccc(Cl)cc4Cl)c(-c4ccc(Cl)cc4)c3C)c(OC)c1)N(CC(=O)NCc1ccccc1)CC2,Ke,'=',1100.0,nM,1
CHEMBL2180228,CCNC(=O)N1CCC(Nc2ncnc3c2nc(-c2ccccc2Cl)n3-c2ccc(Cl)cc2)CC1,Ke,'=',1148.0,nM,1
CHEMBL2180240,CCNC(=O)N1CCC[C@H](Nc2ncnc3c2nc(-c2ccccc2Cl)n3-c2ccc(Cl)cc2)C1,Ke,'=',1153.0,nM,1
CHEMBL2030737,Cc1c(C(=O)N2CCC(C(=O)O)(c3ccccc3)CC2)nn(-c2ccc(Cl)cc2Cl)c1-c1ccc(Cl)cc1,Ke,'=',1170.0,nM,1
CHEMBL2030931,Cc1c(C(=O)N[C@@H]2CCCNC2)nn(-c2ccc(Cl)cc2Cl)c1-c1ccc(Cl)cc1,Ke,'=',1174.0,nM,1
CHEMBL4240499,Cn1cc(NC(=O)N2CCN(c3ncnc4c3nc(-c3ccccc3Cl)n4-c3ccc(Cl)cc3)CC2)cn1,Ke,'=',1200.0,nM,1
CHEMBL4228830,Clc1ccc(-n2c(-c3ccccc3Cl)nc3c(N4CCN(c5ccncc5)CC4)ncnc32)cc1,Ke,'=',1200.0,nM,1
CHEMBL4227705,Oc1ccc(N2CCN(c3ncnc4c3nc(-c3ccccc3Cl)n4-c3ccc(Cl)cc3)CC2)cc1,Ke,'=',1400.0,nM,1
CHEMBL2180235,CCNC(=O)N1CCC[C@@H](Nc2ncnc3c2nc(-c2ccccc2Cl)n3-c2ccc(Cl)cc2)C1,Ke,'=',1500.0,nM,1
CHEMBL2180232,CS(=O)(=O)N1CCC(Nc2ncnc3c2nc(-c2ccccc2Cl)n3-c2ccc(Cl)cc2)CC1,Ke,'=',1645.0,nM,1
CHEMBL3286406,COc1cc2c(cc1OC)C(Cc1ccc(OC(=O)CCCCCCN(C)CCCCCCCNC(=O)c3nn(-c4ccc(Cl)cc4Cl)c(-c4ccc(Cl)cc4)c3C)c(OC)c1)N(CC(=O)NCc1ccccc1)CC2,Ke,'=',1800.0,nM,1
CHEMBL4241877,O=C(C1CCS(=O)(=O)CC1)N1CCN(c2ncnc3c2nc(-c2ccccc2Cl)n3-c2ccc(Cl)cc2)CC1,Ke,'=',1800.0,nM,1
CHEMBL3287277,COc1ccc(CC2c3cc(OC(=O)CCCCCCN(C)CCCCOCCCCOCCCCOCCNC(=O)c4nn(-c5ccc(Cl)cc5Cl)c(-c5ccc(Cl)cc5)c4C)c(OC)cc3CCN2CC(=O)NCc2ccccc2)cc1OC,Ke,'=',1800.0,nM,1
CHEMBL3287275,COc1cc2c(cc1OC)C(Cc1ccc(OC(=O)CCCCCCN(C)CCCCCCCCCCNC(=O)c3nn(-c4ccc(Cl)cc4Cl)c(-c4ccc(Cl)cc4)c3C)c(OC)c1)N(CC(=O)NCc1ccccc1)CC2,Ke,'=',1800.0,nM,1
CHEMBL2030767,Cc1c(C(=O)N[C@H]2CCCNC2)nn(-c2ccc(Cl)cc2Cl)c1-c1ccc(Cl)cc1,Ke,'=',1879.0,nM,1
CHEMBL2180230,CCCNC(=O)N1CCC(Nc2ncnc3c2nc(-c2ccccc2Cl)n3-c2ccc(Cl)cc2)CC1,Ke,'=',1964.0,nM,1
CHEMBL3287274,COc1ccc(CC2c3cc(OC(=O)CCCCCCN(C)CCCCCCCNC(=O)c4nn(-c5ccc(Cl)cc5Cl)c(-c5ccc(Cl)cc5)c4C)c(OC)cc3CCN2CC(=O)NCc2ccccc2)cc1OC,Ke,'=',2100.0,nM,1
CHEMBL3758276,Cc1c(C(=O)NC2CCN(C(=O)CN(C)C)CC2)nn(-c2ccc(Cl)cc2Cl)c1-c1ccc(Cl)cc1,Ke,'=',2198.0,nM,1
CHEMBL4250554,O=C(NC1CCOCC1)N1CCN(c2ncnc3c2nc(-c2ccccc2Cl)n3-c2ccc(Cl)cc2)CC1,Ke,'=',2200.0,nM,1
CHEMBL2436765,NS(=O)(=O)NC1CCN(c2ncnc3c2nc(-c2ccccc2Cl)n3-c2ccc(Cl)cc2)CC1,Ke,'=',2768.0,nM,1
CHEMBL3287270,COc1ccc(CC2c3cc(OC)c(OC)cc3CCN2C(C(=O)NCCCCCCCN(C)CCCCCCCNC(=O)c2nn(-c3ccc(Cl)cc3Cl)c(-c3ccc(Cl)cc3)c2C)c2ccccc2)cc1OC,Ke,'=',3000.0,nM,1
CHEMBL4238763,CN1CCC(CNC(=O)N2CCN(c3ncnc4c3nc(-c3ccccc3Cl)n4-c3ccc(Cl)cc3)CC2)CC1,Ke,'=',3200.0,nM,1
CHEMBL4242462,CS(=O)(=O)CCC(=O)N1CCN(c2ncnc3c2nc(-c2ccccc2Cl)n3-c2ccc(Cl)cc2)CC1,Ke,'=',3200.0,nM,1
CHEMBL2180238,CC(C)(C)OC(=O)N1CCC[C@H](Nc2ncnc3c2nc(-c2ccccc2Cl)n3-c2ccc(Cl)cc2)C1,Ke,'=',3927.0,nM,1
CHEMBL4244610,N=C(c1ccc(F)cc1)N1CCN(c2ncnc3c2nc(-c2ccccc2Cl)n3-c2ccc(Cl)cc2)CC1,Ke,'=',4000.0,nM,1
CHEMBL2030760,Cc1c(C(=O)NC2CCN(C(N)=O)CC2)nn(-c2ccc(Cl)cc2Cl)c1-c1ccc(Cl)cc1,Ke,'=',4097.0,nM,1
CHEMBL2180241,CC(=O)N1CCC[C@H](Nc2ncnc3c2nc(-c2ccccc2Cl)n3-c2ccc(Cl)cc2)C1,Ke,'=',4449.0,nM,1
CHEMBL4250086,CN1CCC(NC(=O)N2CCN(c3ncnc4c3nc(-c3ccccc3Cl)n4-c3ccc(Cl)cc3)CC2)CC1,Ke,'=',4900.0,nM,1
CHEMBL2030755,Cc1c(C(=O)NC2CCNCC2)nn(-c2ccc(Cl)cc2Cl)c1-c1ccc(Cl)cc1,Ke,'=',5115.0,nM,1
CHEMBL2180234,Clc1ccc(-n2c(-c3ccccc3Cl)nc3c(N[C@@H]4CCCNC4)ncnc32)cc1,Ke,'=',5546.0,nM,1
CHEMBL2180227,Clc1ccc(-n2c(-c3ccccc3Cl)nc3c(NC4CCNCC4)ncnc32)cc1,Ke,'=',5706.0,nM,1
CHEMBL4240341,O=C(NCC1CCOCC1)N1CCN(c2ncnc3c2nc(-c2ccccc2Cl)n3-c2ccc(Cl)cc2)CC1,Ke,'=',5900.0,nM,1
CHEMBL2180242,CS(=O)(=O)N1CCC[C@H](Nc2ncnc3c2nc(-c2ccccc2Cl)n3-c2ccc(Cl)cc2)C1,Ke,'=',6044.0,nM,1
CHEMBL3287278,COc1ccc(CC2c3cc(OCCCCCCC(=O)NCCOCCOCCOCCNC(=O)c4nn(-c5ccc(Cl)cc5Cl)c(-c5ccc(Cl)cc5)c4C)c(OC)cc3CCN2CC(=O)NCc2ccccc2)cc1OC,Ke,'=',8000.0,nM,1
CHEMBL2180239,Clc1ccc(-n2c(-c3ccccc3Cl)nc3c(N[C@H]4CCCNC4)ncnc32)cc1,Ke,'=',8406.0,nM,1
CHEMBL2111553,Cc1nc2ccc(NC(=O)Nc3ccnc4cccnc34)cc2o1.Cl,Ke,'>',10000.0,nM,1
CHEMBL2030745,Cc1c(C(=O)N2CCC(NC(=O)Nc3ccc(C#N)cc3)(c3ccccc3)CC2)nn(-c2ccc(Cl)cc2Cl)c1-c1ccc(Cl)cc1,Ke,'>',10000.0,nM,1
CHEMBL162079,CC1=CCC2C(C1)c1c(O)cc(C/C=C/CCCC#N)cc1OC2(C)C,Kd,'=',0.77,nM,1
CHEMBL159611,CCCCCCC(C)(C)c1cc(O)c2c(c1)OC(C)(C)C1CC=C(C)CC21,Kd,'=',0.77,nM,1
CHEMBL161874,CCCCC/C=C/c1cc(O)c2c(c1)OC(C)(C)C1CC=C(C)CC21,Kd,'=',0.86,nM,1
CHEMBL163430,CC1=CCC2C(C1)c1c(O)cc(CC#CCCCBr)cc1OC2(C)C,Kd,'=',1.2,nM,1
CHEMBL162746,CC1=CCC2C(C1)c1c(O)cc(C/C=C/CCCBr)cc1OC2(C)C,Kd,'=',1.66,nM,1
CHEMBL159361,CCCCC/C=C/Cc1cc(O)c2c(c1)OC(C)(C)C1CC=C(C)CC21,Kd,'=',3.19,nM,1
CHEMBL423422,CCCC/C=C/CCc1cc(O)c2c(c1)OC(C)(C)C1CC=C(C)CC21,Kd,'=',3.36,nM,1
CHEMBL439647,CC1=CCC2C(C1)c1c(O)cc(C/C=C/CCCC[N+](=O)[O-])cc1OC2(C)C,Kd,'=',3.56,nM,1
CHEMBL159309,CCCCCCC#CCc1cc(O)c2c(c1)OC(C)(C)C1CC=C(C)CC21,Kd,'=',3.7,nM,1
CHEMBL1911375,[3H]c1cc(-c2cnn3c(=O)n(Cc4ccc(C(F)(F)F)nc4[3H])nc3c2-c2ccncc2)ccc1Cl,Kd,'=',3.95,nM,1
CHEMBL159862,C#CCCCC#CCc1cc(O)c2c(c1)OC(C)(C)C1CC=C(C)CC21,Kd,'=',4.7,nM,1
CHEMBL161247,CCCCCC#CCc1cc(O)c2c(c1)OC(C)(C)C1CC=C(C)CC21,Kd,'=',4.9,nM,1
CHEMBL160099,CC1=CCC2C(C1)c1c(O)cc(CC#CCCC[N+](=O)[O-])cc1OC2(C)C,Kd,'=',5.34,nM,1
CHEMBL161073,CCCCC#CCCc1cc(O)c2c(c1)OC(C)(C)C1CC=C(C)CC21,Kd,'=',9.0,nM,1
CHEMBL351679,CCCC#CCc1cc(O)c2c(c1)OC(C)(C)C1CC=C(C)CC21,Kd,'=',11.0,nM,1
CHEMBL159872,CCC/C=C/CCCc1cc(O)c2c(c1)OC(C)(C)C1CC=C(C)CC21,Kd,'=',11.0,nM,1
CHEMBL159524,COCCC/C=C/Cc1cc(O)c2c(c1)OC(C)(C)C1CC=C(C)CC21,Kd,'=',11.5,nM,1
CHEMBL160120,CC(=O)NCCC/C=C/Cc1cc(O)c2c(c1)OC(C)(C)C1CC=C(C)CC21,Kd,'=',16.7,nM,1
CHEMBL350624,CCCC#CCCCc1cc(O)c2c(c1)OC(C)(C)C1CC=C(C)CC21,Kd,'=',19.0,nM,1
CHEMBL159662,CC1=CCC2C(C1)c1c(O)cc(C/C=C/CCCF)cc1OC2(C)C,Kd,'=',20.9,nM,1
CHEMBL159863,CC1=CCC2C(C1)c1c(O)cc(CC#CC(C)Br)cc1OC2(C)C,Kd,'=',25.0,nM,1
CHEMBL160100,CC1=CCC2C(C1)c1c(O)cc(CC#CCCC#N)cc1OC2(C)C,Kd,'=',31.0,nM,1
CHEMBL355598,CCCCCC#Cc1cc(O)c2c(c1)OC(C)(C)C1CC=C(C)CC21,Kd,'=',36.0,nM,1
CHEMBL352094,CC1=CCC2C(C1)c1c(O)cccc1OC2(C)C,Kd,'=',45.0,nM,1
CHEMBL159448,CC1=CCC2C(C1)c1c(O)cc(C/C=C/CCCO)cc1OC2(C)C,Kd,'=',53.7,nM,1
CHEMBL163441,CC1=CCC2C(C1)c1c(O)cc(C#CCCCC#N)cc1OC2(C)C,Kd,'=',104.0,nM,1
CHEMBL159534,CC1=CCC2C(C1)c1c(O)cc(CC#CCBr)cc1OC2(C)C,Kd,'=',143.0,nM,1
CHEMBL159564,CCCCCC#CCc1cc(OC)c2c(c1)OC(C)(C)C1CC=C(C)CC21,Kd,'=',189.0,nM,1
CHEMBL161470,CC(=O)NCCC#CCc1cc(O)c2c(c1)OC(C)(C)C1CC=C(C)CC21,Kd,'=',307.0,nM,1
CHEMBL159748,C#CCCc1cc(O)c2c(c1)OC(C)(C)C1CC=C(C)CC21,Kd,'=',367.0,nM,1
CHEMBL441100,CC1=CCC2C(C1)c1c(O)cc(CC#CCCO)cc1OC2(C)C,Kd,'=',448.0,nM,1
CHEMBL163041,C#CCCCC#Cc1cc(O)c2c(c1)OC(C)(C)C1CC=C(C)CC21,Kd,'=',460.0,nM,1
CHEMBL159289,COC(=O)C#CCc1cc(O)c2c(c1)OC(C)(C)C1CC=C(C)CC21,Kd,'=',731.0,nM,1
CHEMBL161273,CC1=CCC2C(C1)c1c(O)cc(CC#CCCCN)cc1OC2(C)C,Kd,'=',1300.0,nM,1
CHEMBL161016,CC1=CCC2C(C1)c1c(O)cc(C=C=CCCCC(=O)O)cc1OC2(C)C,Kd,'=',3170.0,nM,1
CHEMBL159622,COC(=O)C#CCCc1cc(O)c2c(c1)OC(C)(C)C1CC=C(C)CC21,Kd,'>',10000.0,nM,1
CHEMBL389408,O=C(NCC1CCOCC1)c1cnc(Nc2ccc(Cl)c(Cl)c2)nc1C(F)(F)F,Efficacy,'=',10.0,%,1
CHEMBL48623,O=C1NC(c2ccccc2)(c2ccccc2)C(=O)N1CCN1CCOCC1,Displacement,'<',5.0,%,1
CHEMBL50165,CN(C)CCN1C(=O)NC(c2ccccc2)(c2ccccc2)C1=O,Displacement,'<',5.0,%,1
CHEMBL433462,CCCCN1C(=O)NC(Cc2c[nH]c3ccccc23)C1=O,Displacement,'<',5.0,%,1
CHEMBL52219,CC(C)N1C(=O)NC(c2ccccc2)(c2ccccc2)C1=O,Displacement,'<',5.0,%,1
CHEMBL302513,O=C1NC(c2ccccc2)(c2ccccc2)C(=O)N1C1CC1,Displacement,'<',5.0,%,1
CHEMBL300517,O=C1NC(c2ccccc2)(c2ccccc2)C(=O)N1CCN1CCCCC1,Displacement,'<',15.0,%,1
CHEMBL298345,CCCN1C(=O)NC(c2ccccc2)(c2ccccc2)C1=O,Displacement,'<',20.0,%,1
CHEMBL49724,COc1ccc(C2(c3ccc(OC)cc3)NC(=O)N(CCN3CCOCC3)C2=O)cc1,Displacement,'=',21.7,%,1
CHEMBL49879,CCCCCCN1C(=O)NC(c2ccc(OC)cc2)(c2ccc(OC)cc2)C1=O,Displacement,'=',23.0,%,1
CHEMBL49064,Cc1ccc(C2(c3ccc(C)cc3)NC(=O)N(CCN3CCOCC3)C2=O)cc1,Displacement,'=',23.9,%,1
CHEMBL46549,CCCCCCN1C(=O)NC(Cc2c[nH]c3ccccc23)C1=O,Displacement,'=',28.8,%,1
CHEMBL49015,CCCCCCN1C(=O)NC(c2ccc(Br)cc2)(c2ccc(Br)cc2)C1=O,Displacement,'=',30.2,%,1
CHEMBL299522,O=C1NC(c2ccc(F)cc2)(c2ccc(F)cc2)C(=O)N1CCN1CCOCC1,Displacement,'=',30.3,%,1
CHEMBL193464,C=CCN1C(=O)C(c2ccccc2)(c2ccccc2)NC1=S,Displacement,'=',40.0,%,1
CHEMBL300863,CCCCCCN1C(=O)NC(c2ccc(F)cc2)(c2ccc(F)cc2)C1=O,Displacement,'=',40.6,%,1
CHEMBL373087,CC(C)N1C(=O)C(c2ccccc2)(c2ccccc2)NC1=S,Displacement,'=',42.8,%,1
CHEMBL52390,O=C1NC(Cc2c[nH]c3ccccc23)C(=O)N1CCCc1ccccc1,Displacement,'=',44.3,%,1
CHEMBL362897,CCCCCCN1C(=O)C(c2ccc(Br)cc2)(c2ccc(Br)cc2)NC1=S,Displacement,'=',45.5,%,1
CHEMBL48838,CCCCCCN1C(=O)NC(c2ccc(C)cc2)(c2ccc(C)cc2)C1=O,Displacement,'=',46.8,%,1
CHEMBL48810,CCCCCCCN1C(=O)NC(c2ccc(C)cc2)(c2ccc(C)cc2)C1=O,Displacement,'=',51.3,%,1
CHEMBL49033,CCCCCCCN1C(=O)NC(c2ccc(F)cc2)(c2ccc(F)cc2)C1=O,Displacement,'=',51.4,%,1
CHEMBL362943,O=C1N(Cc2ccco2)C(=S)NC1(c1ccccc1)c1ccccc1,Displacement,'=',59.2,%,1
CHEMBL49520,O=C1NC(Cc2c[nH]c3ccccc23)C(=O)N1Cc1cccc2ccccc12,Displacement,'=',59.8,%,1
CHEMBL49020,O=C1NC(Cc2c[nH]c3ccccc23)C(=O)N1CCc1ccccc1,Displacement,'=',64.0,%,1
CHEMBL432544,COc1ccc(C2(c3ccc(OC)cc3)NC(=O)NC2=O)cc1,Displacement,,,,0
CHEMBL73105,O=C1NC(=O)C(c2ccc(Br)cc2)(c2ccc(Br)cc2)N1,Displacement,,,,0
CHEMBL71367,Cc1ccc(C2(c3ccc(C)cc3)NC(=O)NC2=O)cc1,Displacement,,,,0
CHEMBL70672,O=C1NC(=O)C(c2ccc(F)cc2)(c2ccc(F)cc2)N1,Displacement,,,,0
CHEMBL494889,C[C@@H](N[C@@H]1C[C@H](c2cccc(OCF)c2)N(c2ccc(C(F)(F)F)cc2)C1=O)c1ccccc1,Kb,'=',0.187,nM,1
CHEMBL524047,COc1cccc([C@H]2C[C@@H](N[C@H](C)c3ccc(F)cc3)C(=O)N2c2ccc(C(F)(F)F)cc2)c1,Kb,'=',0.216,nM,1
CHEMBL495092,C[C@@H](N[C@@H]1C[C@H](c2cccc(OCCF)c2)N(c2ccc(C(F)(F)F)cc2)C1=O)c1ccccc1,Kb,'=',0.424,nM,1
CHEMBL493873,COc1cccc([C@H]2C[C@@H](N[C@H](C)c3ccccc3)C(=O)N2c2ccc(C(F)(F)F)cc2)c1,Kb,'=',0.472,nM,1
CHEMBL4105686,N#Cc1ccc(NC(=O)Nc2cccc(-c3nccc(N4CCCCC4)n3)c2)cc1,Kb,'=',66.4,nM,1
CHEMBL4070837,N#Cc1ccc(NC(=O)Nc2cccc(-c3nccc(NC4CC4)n3)c2)cc1,Kb,'=',97.7,nM,1
CHEMBL4066273,O=C(Nc1ccc(Br)cc1)Nc1cccc(-c2nccc(N3CCCC3)n2)c1,Kb,'=',101.9,nM,1
CHEMBL4073817,CN(C)c1ccnc(-c2cccc(NC(=O)Nc3ccc(C(F)(F)F)cc3)c2)n1,Kb,'=',144.2,nM,1
CHEMBL4087185,O=C(Nc1ccc(F)cc1)Nc1cccc(-c2ccnc(N3CCCC3)n2)c1,Kb,'=',195.6,nM,1
CHEMBL4097942,CCN(C)c1ccnc(-c2cccc(NC(=O)Nc3ccc(C#N)cc3)c2)n1,Kb,'=',206.9,nM,1
CHEMBL3237112,CCCCc1c(C(=O)NCCc2ccc(N(C)C)cc2)[nH]c2ccc(Cl)cc12,Kb,'=',209.0,nM,1
CHEMBL4089304,N#Cc1ccc(NC(=O)Nc2cccc(-c3nccc(N4CCC4)n3)c2)cc1,Kb,'=',211.0,nM,1
CHEMBL4095329,O=C(Nc1ccc(F)cc1)Nc1cccc(-c2nccc(N3CCCC3)n2)c1,Kb,'=',222.9,nM,1
CHEMBL3237110,CCCCCCc1c(C(=O)NCCc2ccc(N3CCCCC3)cc2)[nH]c2ccc(Cl)cc12,Kb,'=',310.6,nM,1
CHEMBL4085145,CN(C)c1ccnc(-c2cccc(NC(=O)Nc3ccc(C#N)cc3)c2)n1,Kb,'=',313.3,nM,1
CHEMBL4097326,O=C(Nc1ccc(Br)cc1)Nc1cccc(-c2ccnc(N3CCCC3)n2)c1,Kb,'=',394.9,nM,1
CHEMBL4067435,CN(C)c1nccc(-c2cccc(NC(=O)Nc3ccc(C#N)cc3)c2)n1,Kb,'=',416.6,nM,1
CHEMBL4086841,CCOC(=O)c1ccc(NC(=O)Nc2cccc(-c3nccc(N4CCCC4)n3)c2)cc1,Kb,'=',463.0,nM,1
CHEMBL2431214,CCc1c(C(=O)NCCc2ccc(N(C)C)cc2)oc2ccc(Cl)cc12,Kb,'=',627.1,nM,1
CHEMBL2431220,CCCCCCCc1c(C(=O)NCCc2ccc(N3CCCCC3)cc2)[nH]c2ccc(Cl)cc12,Kb,'=',651.2,nM,1
CHEMBL4092883,CN(C)c1ccnc(-c2cccc(NC(=O)Nc3cccc(F)c3)c2)n1,Kb,'=',669.8,nM,1
CHEMBL4748543,[N-]=[N+]=NCc1c(C(=O)NCCc2ccc(N3CCCCC3)cc2)[nH]c2ccc(Cl)cc12,Kb,'=',784.0,nM,1
CHEMBL4102612,CN(C)c1nccc(-c2cccc(NC(=O)Nc3ccc(I)cc3)c2)n1,Kb,'=',965.3,nM,1
CHEMBL4078344,CN(C)c1nccc(-c2cccc(NC(=O)Nc3cccc(F)c3)c2)n1,Kb,'=',967.4,nM,1
CHEMBL4065222,CN(C)c1ccnc(-c2cccc(NC(=O)Nc3ccc(I)cc3)c2)n1,Kb,'=',997.1,nM,1
CHEMBL2431226,CCCCCc1c(C(=O)NC(CO)Cc2ccc(N(C)C)cc2)[nH]c2ccc(Cl)cc12,Kb,'=',1018.0,nM,1
CHEMBL2431218,O=C(NCCc1ccc(N2CCCCC2)cc1)c1[nH]c2ccc(Cl)cc2c1Cc1ccccc1,Kb,'=',1067.0,nM,1
CHEMBL4094866,CN(C)c1nccc(-c2cccc(NC(=O)Nc3ccc(F)cc3)c2)n1,Kb,'=',1116.0,nM,1
CHEMBL4103083,CN(C)c1ccnc(-c2cccc(NC(=O)Nc3ccc(F)cc3)c2)n1,Kb,'=',1221.0,nM,1
CHEMBL3237115,CCc1c(C(=O)NCCc2ccc(N(C)C)cc2)[nH]c2cc(F)ccc12,Kb,'=',1580.0,nM,1
CHEMBL3237108,CCCc1c(C(=O)NCCc2ccc(N3CCCCC3)cc2)[nH]c2ccc(Cl)cc12,Kb,'=',1746.0,nM,1
CHEMBL4078995,COc1ccc(NC(=O)Nc2cccc(-c3nccc(N4CCCC4)n3)c2)cc1,Kb,'=',1826.0,nM,1
CHEMBL4068119,N#Cc1cccc(NC(=O)Nc2cccc(-c3nccc(N4CCCC4)n3)c2)c1,Kb,'=',1980.0,nM,1
CHEMBL3237109,CCCCc1c(C(=O)NCCc2ccc(N3CCCCC3)cc2)[nH]c2ccc(Cl)cc12,Kb,'=',1985.0,nM,1
CHEMBL4100618,CC(=O)c1ccc(NC(=O)Nc2cccc(-c3nccc(N4CCCC4)n3)c2)cc1,Kb,'=',2108.0,nM,1
CHEMBL2431224,CCCCCc1c(C(=O)NCCc2ccc(Oc3ccccc3)cc2)[nH]c2ccc(Cl)cc12,Kb,'=',2335.0,nM,1
CHEMBL2431219,O=C(NCCc1ccc(N2CCCCC2)cc1)c1[nH]c2ccc(Cl)cc2c1CC1CCCCC1,Kb,'=',2408.0,nM,1
CHEMBL3237116,CCc1c(C(=O)NCCc2ccc(N(C)C)cc2)[nH]c2ccc(OC)cc12,Kb,'=',2708.0,nM,1
CHEMBL4791515,CCCCCCc1c(C(=O)NCCc2ccc(C3(C(F)(F)F)N=N3)cc2)[nH]c2ccc(Cl)cc12,Kb,'=',3275.0,nM,1
CHEMBL3237114,CCc1c(C(=O)NCCc2ccc(N(C)C)cc2)[nH]c2cc(Cl)ccc12,Kb,'=',3673.0,nM,1
CHEMBL3237117,CCc1c(C(=O)NCCc2ccc(N(C)C)cc2)[nH]c2cc(OC)ccc12,Kb,'=',4084.0,nM,1
CHEMBL4754441,[N-]=[N+]=NCc1c(C(=O)NCCc2ccc(C(=O)c3ccccc3)cc2)[nH]c2ccc(Cl)cc12,Kb,'=',6308.0,nM,1
CHEMBL3237118,CCc1c(C(=O)NCCCc2ccc(N(C)C)cc2)[nH]c2ccc(Cl)cc12,Kb,,,,1
CHEMBL113298,CCCCCc1cc2c(c3c1CCCO3)C1C[C@@H](O)CC[C@H]1C(C)(C)O2,Ratio,,,,1
CHEMBL2337205,Cc1c(C(O)CC2CCCCC2)nn(-c2ccc(Cl)cc2Cl)c1-c1ccc(Cl)cc1,Intrinsic activity,,,,0
CHEMBL2337204,Cc1c(/C(F)=C/C2CCCCC2)nn(-c2ccc(Cl)cc2Cl)c1-c1ccc(Cl)cc1,Intrinsic activity,,,,0
CHEMBL2337206,Cc1c(C(=O)CC2CCCCC2)nn(-c2ccc(Cl)cc2Cl)c1-c1ccc(Cl)cc1,Intrinsic activity,,,,0
CHEMBL3780075,CCCCCn1c2c(c(O)c(C(=O)NC34CC5CC(CC(C5)C3)C4)c1=O)CCCC2,Kieq,'=',8.7,nM,1
CHEMBL3780550,CCCCCn1c(=O)c(C(=O)NC23CC4CC(CC(C4)C2)C3)cc2cc(C(C)C)ccc21,Kieq,'=',11.0,nM,1
CHEMBL3780166,CCCCCn1c(=O)c(C(=O)NC23CC4CC(CC(C4)C2)C3)c(O)c2ccccc21,Kieq,'=',108.0,nM,1
CHEMBL3780862,CCCCCn1c(=O)c(C(=O)NCc2ccc(OC)cc2)c(O)c2cc(-c3cccs3)ccc21,Kieq,'=',159.0,nM,1
CHEMBL3781544,CN(C)CCn1cc(C(=O)NC23CC4CC(CC(C4)C2)C3)c(=O)c2ccc(F)cc21,Kieq,'=',501.0,nM,1
CHEMBL3781965,CC(C)c1cc2c(=O)c(C(=O)NC34CC5CC(CC(C5)C3)C4)cn(CCN(C)C)c2cc1F,Kieq,'=',717.0,nM,1
CHEMBL3781481,O=C(NCC1CCCCC1)c1c(O)c2ccccc2n(CCCCO)c1=O,Kieq,'=',829.0,nM,1
CHEMBL3780521,CCCCCn1c(=O)c(C(=O)NC23CC4CC(CC(C4)C2)C3)c(O)c2cc(C(C)C)ccc21,Kieq,'=',1245.0,nM,1
CHEMBL3780852,CCCCCn1c(=O)c(C(=O)NC23CC4CC(CC(C4)C2)C3)c(O)c2ccc(F)cc21,Kieq,'=',1281.0,nM,1
CHEMBL3781991,O=C(NCc1ccc(F)cc1)c1c(O)c2cc(-c3ccco3)ccc2n(CCCCO)c1=O,Kieq,'=',1584.0,nM,1
CHEMBL3781729,O=C(NC12CC3CC(CC(C3)C1)C2)c1cn(CCN2CCS(=O)(=O)CC2)c2cc(F)ccc2c1=O,Kieq,'=',1895.0,nM,1
CHEMBL3781216,CC(C)c1ccc2c(c1)c(=O)c(C(=O)NC13CC4CC(CC(C4)C1)C3)cn2CCN(C)C,Kieq,'>',10000.0,nM,1
CHEMBL3781848,COc1ccc(CNC(=O)c2c(O)c3cc(-c4cccs4)ccc3n(CCCCO)c2=O)cc1,Kieq,'>',10000.0,nM,1
CHEMBL3782042,CCCCCn1cc(C(=O)NC23CC4CC(CC(C4)C2)C3)c(=O)c2cc(C(C)C)c(F)cc21,Kieq,'>',10000.0,nM,1
CHEMBL3781330,CC(C)c1ccc2c(c1)c(=O)c(C(=O)NC13CC4CC(CC(C4)C1)C3)cn2CCN1CCS(=O)(=O)CC1,Kieq,'>',10000.0,nM,1
CHEMBL3781594,COCCOCn1cc(C(=O)NC23CC4CC(CC(C4)C2)C3)c(=O)c2cc(C(C)C)ccc21,Kieq,'>',10000.0,nM,1
CHEMBL3781896,CCCCCn1c(=O)c(C(=O)NC23CC4CC(CC(C4)C2)C3)c(O)c2cc(C(C)C)c(F)cc21,Kieq,'>',10000.0,nM,1
CHEMBL3779996,COCCOCn1cc(C(=O)NC23CC4CC(CC(C4)C2)C3)c(=O)c2ccc(F)cc21,Kieq,'>',10000.0,nM,1
CHEMBL41721,CCCCCCC(C)(C)c1cc(O)c2c(c1)OC(C)(C)C1CC=C(CO)C[C@H]21,Log Ki,'=',-0.14,nM,1
CHEMBL309042,CCCCC/C=C\C/C=C\C/C=C\C/C=C\CCC(C)C(=O)NCCF,Log Ki,'=',0.76,nM,1
CHEMBL74909,CCCCC/C=C\C/C=C\C/C=C\C/C=C\CCCC(=O)NCCF,Log Ki,'=',0.93,nM,1
CHEMBL74662,CC1=CCC2C(C1)c1c(O)cc(CCCCC(F)(F)F)cc1OC2(C)C,Log Ki,'=',1.3,nM,1
CHEMBL75330,CC1=CCC2C(C1)c1c(O)cc(CCCCCF)cc1OC2(C)C,Log Ki,'=',1.76,nM,1
CHEMBL2062131,CCCCCCC(C)(C)c1ccc([C@H]2C[C@@H](O)CC[C@@H]2CCCO)c(O)c1,Log Ki,'=',1.79,nM,1
CHEMBL55802,CCCCC/C=C\C/C=C\C/C=C\C/C=C\CCCC(=O)NC(C)CO,Log Ki,'=',2.14,nM,1
CHEMBL73987,CCCCC/C=C\C/C=C\C/C=C\C/C=C\CCCC(=O)N1CCOCC1,Log Ki,'=',3.06,nM,1
CHEMBL77801,CCCCC/C=C\C/C=C\C/C=C\C/C=C\CCC(C(=O)NCCO)C(C)C,Log Ki,'=',3.6,nM,1
CHEMBL2403318,Cn1c(C2(NC(=O)c3ccc4c(C5CCCC5)c(-c5ncc(Br)cn5)n(C)c4c3)CCC2)nc2ccc(/C=C/C(=O)O)cc21,% Ctrl,,72.0,%,0
CHEMBL4456123,CS(=O)(=O)c1cc(C2(NC(=O)c3cncc4c3cnn4-c3ccc(F)cc3)CC2)ccn1,% Ctrl,,72.0,%,0
CHEMBL4516982,CCOCCn1cc(C(=O)Nc2ccc(-n3nc(-c4cccnc4)cc3C(F)(F)F)cn2)ccc1=O,% Ctrl,,81.0,%,0
CHEMBL3417525,CN(C)C(=O)Cn1cc(-c2nc([C@@](C)(c3ccc(-c4cnc(N)nc4)cc3)C3CC3)no2)cn1,% Ctrl,,88.0,%,0
CHEMBL4165749,O=C(NC[C@@H]1[C@H]2CN(C(=O)OCc3cc(C(F)(F)F)cc(C(F)(F)F)c3)C[C@@H]12)c1ccc2[nH]nnc2c1,% Ctrl,,95.0,%,0
CHEMBL5075693,Cc1cc(OCCC(C)(C)O)cc(C)c1-c1ccc(F)c2c1CC[C@H]2Oc1ccc2c(c1)OC[C@H]2CC(=O)O,% Ctrl,'=',100.0,%,0
CHEMBL5092999,COCCCS(=O)(=O)c1cc(C)c(-c2ccc(F)c3c2CC[C@H]3Oc2ccc3c(c2)OC[C@H]3CC(=O)O)c(C)c1,% Ctrl,'=',102.0,%,0
CHEMBL3640116,CC[C@H](CC(=O)O)n1c(=O)c2ncccc2n(Cc2cn(C)c3cc(C)cc(C)c23)c1=O,% Ctrl,,114.0,%,0
CHEMBL4636332,Cc1c(NC(=O)COc2ccc(Cl)cc2C(=O)c2cc(F)cc(C(F)(F)F)c2)ccc(C(=O)O)c1F,% Ctrl,,125.0,%,0
CHEMBL4551344,O=C(NS(=O)(=O)c1ccc(NCC2CCOCC2)c([N+](=O)[O-])c1)c1ccc(N2CCN(Cc3ccc(C(F)(F)F)cc3-c3ccc(Cl)cc3)CC2)cc1Oc1cnc2[nH]ccc2c1,% Inhibition of Control Specific Binding (Mean n=2),,-13.7,%,1
CHEMBL4802043,CCOc1ccc(S(=O)(=O)Nc2ccc(Cl)cc2C#Cc2cnc(C(=O)O)cc2OC)c2ncccc12,% Inhibition of Control Specific Binding (Mean n=2),,-11.3,%,1
CHEMBL4228713,CO[C@H]1CC[C@H](CNc2ccc(S(=O)(=O)NC(=O)c3ccc(N4CCN(CC5=C(c6ccc(Cl)cc6)CC(C)(C)CC5)CC4)cc3Oc3cnc4[nH]ccc4c3)cc2[N+](=O)[O-])CC1,% Inhibition of Control Specific Binding (Mean n=2),,-6.4,%,1
CHEMBL3342191,O=C(Nc1nc2ccccc2s1)c1cccc2c1CN(c1nc(C(=O)O)c(CCOc3ccc(-n4ncc5cncnc54)cc3)s1)CC2,% Inhibition of Control Specific Binding (Mean n=2),,-4.1,%,1
CHEMBL4533479,CCCOc1ccc([C@@H]2[C@@H](C(=O)O)[C@H](c3ccc4c(c3)OCO4)CN2CC(=O)Nc2c(CC)cccc2CC)cc1,% Inhibition of Control Specific Binding (Mean n=2),,-1.6,%,1
CHEMBL3342332,CN(C)CC#Cc1ccc(OCCCc2sc(N3CCc4cccc(C(=O)Nc5nc6ccccc6s5)c4C3)nc2C(=O)O)c(F)c1,% Inhibition of Control Specific Binding (Mean n=2),,2.6,%,1
CHEMBL332794,CCCOc1ccc([C@H]2[C@H](C(=O)O)[C@@H](c3ccc4c(c3)OCO4)CN2CC(=O)Nc2c(CC)cccc2CC)cc1,% Inhibition of Control Specific Binding (Mean n=2),,15.4,%,1
CHEMBL4093612,COc1ccc2c(c1)O[C@@H](c1ccc(OC)c(OC)c1)C[C@H]2NC(=O)C1(c2ccc3c(c2)OC(F)(F)O3)CC1,% Inhibition of Control Specific Binding (Mean n=2),,40.8,%,1
CHEMBL4066040,COc1ccc2c(c1)O[C@H](c1ccc(OC)c(OC)c1)C[C@@H]2NC(=O)C1(c2ccc3c(c2)OC(F)(F)O3)CC1,% Inhibition of Control Specific Binding (Mean n=2),,46.0,%,1
CHEMBL4630643,Cc1noc([C@H]2C[C@@H](c3ccc(C(F)(F)F)cc3)CN(C(=O)N3CCS(=O)(=O)C3)C2)n1,% Inhibition of Control Agonist Response (Mean n=2),,-0.6,%,1
CHEMBL4630644,O=C(N1CCS(=O)(=O)CC1)N1C[C@H](c2ccc(OC(F)(F)F)cc2)C[C@H](c2nc(C3CC3)no2)C1,% Inhibition of Control Agonist Response (Mean n=2),,80.7,%,1
CHEMBL4578164,CC(=O)c1c(NS(C)(=O)=O)c2cc(-c3ccc(Cl)cc3)c(-c3ccc(Cl)cc3Cl)nc2n(C)c1=O,Inverse agonism,,32.5,%,0
CHEMBL3480577,Cc1ccc2nc(CNCCCOc3ccccc3)cc(O)c2c1,Mean fold stimulation,,0.275,,1
CHEMBL2180408,COCCc1ccc(-c2c(C)nc3c(N4CCOCC4)ccnn23)cn1,effect,,4.05,%,1
