ligand_standard_inchi_key,param,unit,value,smiles,labels
AAAPQZDYNWUVQA-UHFFFAOYSA-N,Ki,nM,0.56,CCOCC(=O)NC1CCCOc2c1nn(-c1ccccc1Cl)c2-c1ccc(Cl)cc1,1
AABDRJHZBVPFLI-KHPPLWFESA-N,Ki,nM,500.0,CCCCCCCCC=CCCCCCCCC(=O)NCc1ccc(OC)cc1,1
AAIQXNZXWNXHSX-UHFFFAOYSA-N,IC50,nM,110.0,CC(=O)Nc1cc(=O)n(C)c2nc(-c3ccc(Cl)cc3Cl)c(-c3ccc(Cl)cc3)cc12,1
AAKPJTRCQRGFJX-UHFFFAOYSA-N,EC50,nM,1000.0,O=C(Nc1sc2c(c1C(=O)N1CCCCC1)CCOC2)c1c(F)cccc1C(F)(F)F,1
AARCRFRELZYFFF-RXFWQSSRSA-N,IC50,nM,136.0,CC(NC(C)(C)C(=O)Nc1cc(-c2ccccc2)on1)C(Cc1ccc(Cl)cc1)c1cccc(C#N)c1,1
AARQDCQBCMFBPF-PMACEKPBSA-N,Ki,nM,97.0,CCCCCCC(C)(C)c1cc(O)c2c(c1)OC(C)(C)C1CC=C(C=O)CC21,1
AASWZKUHCPCLMU-CYVLTUHYSA-N,Ki,nM,0.9,CSC(=S)N1CC2(CCCCC2)COC1=Nc1cc(C(C)(C)C)no1,1
AAUVSTPYMIQTNV-UHFFFAOYSA-N,Kd,nM,25.12,Cl.Cl.O=C(NN1CCCCC1)c1nc(-c2ccc(Cl)cc2)n(-c2ccc(Cl)cc2Cl)n1,1
AAWYILVBJLFYNG-UHFFFAOYSA-N,EC50,nM,7.943,CCCCCN1N=C(C(=O)NC2C3CC4CC(C3)CC2C4)CC1c1ccccc1,1
AAXPOBDAMCGNNF-JKGBFCRXSA-N,IC50,nM,8.3,NC(=O)C(N=C(NS(=O)(=O)c1ccc(Cl)cc1)N1CC(c2ccccc2)C(c2ccc(Cl)cc2)=N1)C1CCC1,1
AAZPJOPTMNOCRC-UHFFFAOYSA-N,IC50,nM,10.0,CC(C)Oc1nc(-c2ccc(Cl)cc2Cl)c(-c2ccc(Cl)cc2)cc1C#N,1
ABBJGBXBPXOWOG-UHFFFAOYSA-N,EC50,nM,1280.0,CCOc1cc(S(=O)(=O)c2ccc3c(c2)nc(C(C)(C)C)n3CC2CCOCC2)ccn1,1
ABBQSZMLKDIOOJ-UHFFFAOYSA-N,IC50,nM,0.11,NC(=O)Cc1c(C(=O)N2CCC(O)(c3ccccc3)CC2)nn(-c2ccccc2Cl)c1-c1ccc(Cl)cc1,1
ABHGEUHKZCLZGJ-UHFFFAOYSA-N,Ki,nM,1500.0,CCn1cc(C(=O)NC(C)C23CC4CC(CC(C4)C2)C3)c(=O)cc1-c1ccccc1,1
ABPNWDCSONFZFL-UHFFFAOYSA-N,EC50,nM,5000.0,O=C(Nc1sc2c(c1C(=O)N1CCOCC1)CCOC2)c1ccccc1OC(F)F,1
ABSMJNBBBBHGTP-UHFFFAOYSA-N,Ki,nM,500.0,COc1cc(C(O)c2cccs2)cc(OC)c1-c1cc(Cl)cc(Cl)c1,1
ABWAPQAPTFRUHD-FDDCHVKYSA-N,IC50,nM,19.0,CC(NC(=O)C(C)(C)Oc1cccnc1)C(Cc1ccc(Cl)cc1)c1ccccc1,1
ABYRMVVDOJFFOY-FQEVSTJZSA-N,Kd,nM,50.12,CN=C(NS(=O)(=O)N1CCC(C(F)(F)F)CC1)N1CC(c2ccccc2)C(c2ccc(Cl)cc2)=N1,1
ACGQTBAFQLDLFS-UHFFFAOYSA-N,Activity,%,5.0,CCCCCCCCCCN1C(=O)C(c2ccccc2)(c2ccccc2)NC1=S,1
ACLHVQFTZBYNIH-UHFFFAOYSA-N,Ki,nM,1445.44,CC1(C(=O)c2cn(CC3CCOCC3)c3ccccc23)CC(F)(F)C1(F)F,1
ACLRMEGZKLFCJJ-UHFFFAOYSA-N,Ki,nM,10000.0,CCCN(CCC)c1ccc(C(NC(=O)Cc2ccccc2)NC(=O)Cc2ccccc2)cc1,1
ACXACDPGDPECRB-QAFNWWFMSA-N,Ki,nM,181.3,CCn1cc(C(=O)NC2C3(C)CCC(C3)C2(C)C)c(=O)c2ccc(Sc3ccccc3)cc21,1
ACYBOEVFMUHYEK-UHFFFAOYSA-N,Ki,nM,27.54,Cc1ccc2c(C(=O)C3C(C)(C)C3(C)C)cn(CC3CCOCC3)c2c1,1
ACZAPKHQBWGJHX-UHFFFAOYSA-N,Ki,nM,1900.0,O=C(NCCCc1ccccc1)C(c1ccccc1)c1ccc(Br)cc1,1
ADAWJIUDJGXERN-UHFFFAOYSA-N,Ki,nM,460.0,CC12CC3CC(C)(C1)CC(NC(=O)c1cn4c5c(cccc5c1=O)OCC4c1ccccc1)(C3)C2,1
ADFHQICRWQKWMA-UHFFFAOYSA-N,IC50,nM,79.43,O=C(NN1CCCCC1)c1ccc2c(c1)N=C(C1CCCCC1)c1ccccc1O2,1
ADIUSHICVCCMIJ-UHFFFAOYSA-N,EC50,nM,10000.0,CC(C)(C)c1cc(NC(=O)N2CCCN(C(=O)C3CCOC3)CC2)no1,1
ADJIIHSTLRSGCS-UHFFFAOYSA-N,Ki,nM,220.0,O=C(NCCC(c1ccccc1)c1ccccc1)C(c1ccccc1)c1ccc(Br)cc1,1
ADKNTTDNSVLWQD-CQSZACIVSA-N,Ki,nM,1.3,COc1cc(C(=O)NC2(C(=O)NC(C)c3ccc(-n4nc(C)c5ccccc54)cc3F)CC2)on1,1
ADRKPMOHIQQDOV-UHFFFAOYSA-N,EC50,nM,1581.14,Cc1cccc(Nc2cc(C(C)C)c(C(=O)NCC3CCC3)cn2)c1,1
ADRLYNCWOAOXPX-UHFFFAOYSA-N,EC50,nM,8500.0,O=C(NCc1ccccc1F)c1nc2c(-c3ccccc3)cccc2[nH]1,1
ADTDLLKEQWBPQJ-UHFFFAOYSA-N,IC50,nM,59.0,O=c1nc(-c2ccc(Cl)cc2)[nH]c2nc(-c3ccccc3Cl)c(-c3ccc(Cl)cc3)cc12,1
ADTNRWZCOMTXFC-UHFFFAOYSA-N,Ki,nM,5000.0,CCC1COc2c(N3CCN(C)CC3)ccc3c(=O)c(C(=O)NC45CC6CC(CC(C6)C4)C5)cn1c23,1
ADXCWXPBLZGWAT-UHFFFAOYSA-N,Ke,nM,269.0,Cc1c(C(=O)NC2CCN(S(C)(=O)=O)CC2)nn(-c2ccc(Cl)cc2Cl)c1-c1ccc(Cl)cc1,1
ADXMNDLGCLUVBL-QZTJIDSGSA-N,Ki,nM,3.9,CCCCC(C)(C)c1cc(O)c2c(c1)OC(C)(C)C1CC=C(C)CC21,1
AEAVOWSGMJKSLJ-UHFFFAOYSA-N,Ki,nM,7.2,Cc1ccc(-c2nc(C(=O)NC3CCCCC3)cn2-c2ccc(Cl)cc2)c(C)c1,1
AECDUWIGGSTJHF-UHFFFAOYSA-N,Activity,%,93.7,O=C1C(c2ccccc2)N(c2ccc(Cl)cc2)C(=S)N1c1ccc(Cl)cc1,1
AEJSWYYMIDGUTI-JCTONOIOSA-N,IC50,nM,8500.0,O=C(c1ccc(C2CC2)nc1)N1CCC(O)(c2ccccc2)C2CCCCC21,1
AEKOYIYPZKHXPB-AWEZNQCLSA-N,EC50,nM,1000.0,Fc1ccc(-c2noc(CC3CCN(c4cnc5ccccc5c4)C3)n2)c(Cl)c1,1
AEQCRHHKHAEZJW-UHFFFAOYSA-N,EC50,nM,5000.0,CC(C)(C(=O)Nc1ccc(Cl)cc1C#N)S(=O)(=O)c1ccc(Cl)cc1,1
AEZJZQUQSSELMO-UHFFFAOYSA-N,IC50,nM,0.4,CC(C)C(=O)c1oc2nc(-c3ccccc3Cl)c(-c3ccc(Cl)cc3)cc2c1NC(=O)CO,1
AFAUSGRZFUVSQG-UHFFFAOYSA-N,Activity,%,88.0,O=C(NC1CCCCCC1)c1cnn(-c2ccc(Cl)cc2Cl)c1-c1ccc(Br)cc1,1
AFDCQBQZRAFVFB-UHFFFAOYSA-N,Inhibition,%,49.0,CN(C)CCNC(=O)c1nc(-c2ccc(Cl)cc2Cl)n(-c2ccc(Cl)cc2)n1,1
AFDRRYWYTXYOJI-LGMDPLHJSA-N,Inhibition,%,29.0,O=C1C(=Cc2cccc(Oc3ccccc3)c2)N=C2SCCCN12,1
AFGZZNBQSVRQPB-UHFFFAOYSA-N,Ki,nM,20000.0,CCCCCCc1cc(-c2ccc(Cl)cc2)n(-c2ccc(Cl)cc2Cl)n1,1
AFIUDWKMRIDODU-UHFFFAOYSA-N,Inhibition,%,16.0,O=C1CN(Cc2ccc(-c3cccc(CN4CCCCC4)n3)cc2)C(=O)N1C1CC1,1
AFIXFFULGZXNJF-UHFFFAOYSA-N,Ki,nM,43.0,CCCCCn1cc(C(=O)NC23CC4CC(CC(C4)C2)C3)c(=O)c2c(C)c(C)sc21,1
AFLFDWFMPIVDTL-UHFFFAOYSA-N,Activity,%,38.0,CCCCCn1cc(C(=O)NC23CC4CC(CC(C4)C2)C3)c(=O)n2nc(-c3ccc(C)cc3)cc12,1
AFRWXKHLYPWETA-UHFFFAOYSA-N,Activity,%,180.1,CC(O)c1c(C(=O)NCCc2ccc(N3CCCCC3)cc2)[nH]c2ccc(Cl)cc12,1
AFWBYMXUEMOBRP-UHFFFAOYSA-N,Ki,nM,676.08,CC1(C)C(C(=O)c2cn(CCCCCO)c3ccccc23)C1(C)C,1
AGGRDHRJDWHWOX-SCLBCKFNSA-N,IC50,nM,1000.0,CC(NS(C)(=O)=O)C(Cc1ccc(Cl)cc1)c1cccc(C#N)c1,1
AGNDHMNUEJDYLS-UHFFFAOYSA-N,IC50,nM,4.5,FC1(F)CCC(NC(=S)c2cnc(-c3ccc(Cl)cc3)c(-c3ccc(Cl)cc3)n2)CC1,1
AGOHXRYBJHVPSH-UHFFFAOYSA-N,EC50,nM,50000.0,CCN1CCN(c2nc(C)nc3c2nc(-c2ccccc2Cl)n3CC2CCOCC2)CC1.Cl,1
AGQKCJTVQUVRNG-UHFFFAOYSA-N,Activity,%,49.0,O=C(Nc1ccc(CO)cc1)NC(c1ccc(Br)cc1)c1ccc(Br)cc1,1
AGUKQCZHXHAYCS-UHFFFAOYSA-N,IC50,nM,6.166,CC(C)(C)c1c(C(=O)NN2CCCCC2)nn(-c2ccc(Cl)cc2Cl)c1-c1ccc(Cl)cc1,1
AGVNWIQMYMIUTK-UHFFFAOYSA-N,Kd,nM,0.7943,CN=C(NS(=O)(=O)c1cccc(C(F)(F)F)c1)N1CC(c2ccccc2)C(c2ccc(Cl)cc2)=N1,1
AGWFBLXHVMWDGS-UHFFFAOYSA-N,Ki,nM,13.0,O=C(c1cc2c(cn1)OC(c1ccccc1)(c1ccccc1)O2)N1CCCCC1,1
AGYFBALDFWJXGI-RTBURBONSA-N,Ki,nM,1500.0,CCCCCc1cc2c(c(N(C)C)c1)C1C=C(C)CCC1C(C)(C)O2,1
AGYKJMUYQFTAJK-UHFFFAOYSA-N,Ki,nM,5000.0,CCCNC(=O)c1c(NC(=O)C2C(C)(C)C2(C)C)sc2c1CCOC2,1
AHCIYSVQHQBDEF-UHFFFAOYSA-N,Activity,%,30.0,CCCCCn1cc(C(=O)NC2C3CC4CC(C3)CC2C4)c(=O)cc1C,1
AHFZDNYNXFMRFQ-UHFFFAOYSA-N,Activity,%,15.0,CCc1c(C(=O)NCCc2ccc(N3CCCCC3)cc2)[nH]c2ccc(Cl)cc12,1
AHIGFBNAPKVCDM-UHFFFAOYSA-N,IC50,nM,810.0,CC(C)(Oc1ccc(C(F)(F)F)cn1)C(=O)N1CCC(Cc2ccc(Cl)cc2)(c2ccccc2)C1,1
AHLBNYSZXLDEJQ-FWEHEUNISA-N,IC50,nM,100.0,CCCCCCCCCCCC(CC1OC(=O)C1CCCCCC)OC(=O)C(CC(C)C)NC=O,1
AHQOXZVRRWNEIC-UHFFFAOYSA-N,EC50,nM,25.12,CCN1CCN(C(=O)c2cn3c4c(cccc24)CCC3C2CCCCC2)CC1,1
AHSRHMMHWWWQOE-UHFFFAOYSA-N,IC50,nM,997.0,O=C(O)Cc1cccc(NC(=O)c2cc3c(n(CC4CCCCC4)c2=O)CCCCCC3)c1,1
AIAGUSOMSQCWDK-UHFFFAOYSA-N,Inhibition,%,38.0,CCCCCn1cc(C(=O)Nc2ccc(OC)cc2)c(=O)c2c(C)nn(C)c21,1
AIFHFYUGIKYJLC-UHFFFAOYSA-N,EC50,nM,8500.0,O=C(NCc1ccccc1)c1nc2c(-c3ccccc3)cccc2[nH]1,1
AINAOCGEWHJMQA-UHFFFAOYSA-N,EC50,nM,5000.0,CCn1c2ccccc2c2cc(NC(=O)CCc3cc(-c4ccccc4F)n[nH]3)ccc21,1
AIRRFXOPAYAPCU-UHFFFAOYSA-N,Kd,nM,1.259,Cc1c(C(=O)NC2CCCC2)nc(-c2ccc(Cl)cc2Cl)n1-c1ccc(Cl)cc1,1
AJCJVUCTNUGNEE-FQEVSTJZSA-N,Ke,nM,70.0,CCCNC(=O)N1CCCC(NC(=O)c2nn(-c3ccc(Cl)cc3Cl)c(-c3ccc(Cl)cc3)c2C)C1,1
AJFFBPZYXRNAIC-JNYMONNXSA-N,Activity,-,0.21,Cc1c(C(=O)NN2CCOCC2)nn(-c2ccc(Cl)cc2Cl)c1-c1ccc(I)cc1,1
AJKVRKMIQJHUGX-UHFFFAOYSA-N,Ki,nM,270.0,Cc1ccc(NC(=O)c2cccc(Cl)c2)cc1S(=O)(=O)N1CCOCC1,1
AJQHJXOFVJLPKL-UHFFFAOYSA-N,IC50,nM,23.0,O=C(O)Cc1cnc(NC(=O)c2cc3c(n(CC4CCCCC4)c2=O)CCCCCC3)s1,1
AJRONSKIPUPVLN-IBGZPJMESA-N,EC50,nM,5000.0,OC1CCCN(Cc2cccc(-c3ncc(-c4cccc(C(F)(F)F)c4)[nH]3)c2)C1,1
AJSPXZGDXSOKJL-UHFFFAOYSA-N,Ki,nM,560.0,O=C(NCCC(c1ccccc1)c1ccccc1)C(c1ccccc1)c1ccc(Cl)cc1,1
AJSTYDSDEMNGQP-UHFFFAOYSA-N,Ki,nM,500.0,CN(Cc1ccccc1)S(=O)(=O)c1cc(C(=O)NCC(C)(C)C)ccc1Br,1
AJTQICSGWRUZJB-UHFFFAOYSA-N,Ki,nM,66.0,CC(NC(=O)c1nc(-c2ccc(Cl)cc2Cl)n(-c2ccc(Cl)cc2)n1)c1ccc(Cl)cc1,1
AJVCQINLRUJBDY-UHFFFAOYSA-N,Ki,nM,5000.0,O=C(NN1CCCCC1)c1cn(-c2ccc(Cl)cc2)c2cc(F)ccc2c1=O,1
AKCXCZPEESTMSV-UHFFFAOYSA-N,IC50,nM,326.0,Cc1ccc(-c2ncc(C(=O)Nc3ccccc3)nc2-c2ccc(C)cc2)cc1,1
AKHXNMQKPWCTAS-RSAXXLAASA-N,EC50,nM,50000.0,Cc1nc(N2CCN(C)CC2)c2nc(-c3ccccc3Cl)n(C3CCOC3)c2n1.Cl,1
AKOBEJUBLNQHMO-UHFFFAOYSA-N,Ki,nM,1900.0,CCCCCn1cc(C(=O)NN2CCCCC2)c(=O)c2cc(Br)ccc21,1
AKOJRLZCOBTYPX-UHFFFAOYSA-N,Ki,nM,164.0,O=C(NN1CC2CCCC2C1)c1nc(-c2ccc(Cl)cc2)n(-c2ccc(Cl)cc2Cl)n1,1
AKWQLJJWHBVVBC-UHFFFAOYSA-N,Ki,nM,64.6,O=C(NC1CCCCC1)c1c(O)c2cccnc2n(CCN2CCOCC2)c1=O,1
AKWSLSBUPCXQOW-UHFFFAOYSA-N,IC50,nM,5000.0,Cc1c(C(=O)NCc2ccc(Cl)c(Cl)c2)nn(-c2ccc(F)cc2F)c1-n1cccc1,1
AKWUNZFZIXEOPV-UHFFFAOYSA-N,EC50,nM,79.43,NC(=O)CN1CCN(Cc2nc(-c3cn(CC4CCOCC4)c4c(Cl)cccc34)no2)CC1,1
ALCVZCRKYSWLMJ-UHFFFAOYSA-N,Inhibition,%,21.0,O=C1CN(Cc2ccc(-c3ccc(F)c(CN4CCCCC4)n3)cc2)C(=O)N1CC(F)F,1
ALGPHUCTXNRLQM-UHFFFAOYSA-N,Inhibition,%,69.0,Cc1c(C(=O)NCCO)nn(-c2ccc(Cl)cc2Cl)c1-c1ccc(Cl)cc1,1
ALKLMHCIYFJFNF-UHFFFAOYSA-N,EC50,nM,79.43,COCCN(Cc1nc(-c2cn(CC3CCOCC3)c3c(Cl)cccc23)ns1)S(C)(=O)=O,1
ALNOTCQOWIWEQA-UHFFFAOYSA-N,Ki,nM,6.0,Cc1c2c(n(-c3ccc(Cl)cc3Cl)c1-c1ccc(F)cc1)CCN(C1CCCCC1)C2=O,1
ALQIYEHKHMRAOK-UHFFFAOYSA-N,IC50,nM,67.0,N#Cc1cc(-c2ccccc2)c(-c2ccc(Cl)cc2)nc1OCc1ccccc1,1
ALRMJMSWQTWMRV-UHFFFAOYSA-N,Activity,%,127.8,CCCCCn1c2ccccc2c2cc(C(=O)N3CCCCC3)ncc21,1
ALTGZVPJBKOZHG-UHFFFAOYSA-N,Activity,%,60.0,O=C(Nc1ccc(Br)cc1)NC(c1ccc(I)cc1)c1ccc(I)cc1,1
ALTHSRSODSFAFQ-UHFFFAOYSA-N,Ki,nM,39.0,CC(C)(NC(=O)c1cc2c(n(CC3CCCCC3)c1=O)CCCCCC2)C(=O)N1CCC(NS(C)(=O)=O)CC1,1
ALUOQYLEURYYTB-UHFFFAOYSA-N,Ki,nM,437.0,N#Cc1c(C(=O)NC2(C#N)CCOCC2)nn(-c2ccccc2Br)c1-c1ccccc1,1
AMBJYHYRCYLOQR-UHFFFAOYSA-N,Ki,nM,5000.0,CCCCCCC(C)(C)c1cc(O)cc(OCCCCCCCCCCC(=O)OCC(O)CO)c1,1
AMDPNECWKZZEBQ-UHFFFAOYSA-N,Activity,%,7.5,O=C1NC(S)=NC1(c1ccccc1)c1ccccc1,1
AMGJQOOMWKAPNL-UHFFFAOYSA-N,Activity,%,20.0,CCCCCn1cc(C(=O)NC2CCCCC2)c(=O)n2nc(-c3ccc(C)cc3)cc12,1
AMHQJYVBDKPZSA-UHFFFAOYSA-N,EC50,nM,77.0,CC1CCN(C(=O)c2ccc3c(c2)c2c(n3C)CCN(C3CCCC3)C2)CC1,1
AMJBQOFRORCHMP-UHFFFAOYSA-N,Activity,%,72.7,CCCCN1C(=O)C(c2ccc(Cl)cc2)(c2ccc(Cl)cc2)NC1=S,1
AMKZZDIDSQZZBA-UHFFFAOYSA-N,Ki,nM,1285.0,COc1ccc2c(C(=O)C3C(C)(C)C3(C)C)cn(CCN3CCOCC3)c2c1,1
AMNKMCZYVZYAJJ-UHFFFAOYSA-N,Activity,%,23.6,CCCCCn1c(C)c(C(=O)NC(C)c2cccc3ccccc23)c(=O)c2ccccc21,1
AMOGWGAQMCOLMW-UHFFFAOYSA-N,Ki,nM,930.0,CCN(CC)c1ccc(CN(Cc2ccccc2)S(=O)(=O)c2ccc(F)cc2)cc1,1
AMOQRGVXFGDBST-UHFFFAOYSA-N,IC50,nM,163.0,Cc1ccccc1C(c1ccc(Cl)cc1)N1CCN(C(=O)NC2CCCCCC2)CC1,1
AMYLHZCZJGVTFT-IGNCQIMGSA-N,Ki,nM,8.55,CCCCCCC(C)(C)c1cccc(OCCC=CCC=CCCCC(=O)NC(C)CO)c1,1
ANBYXDYPKJILHK-UHFFFAOYSA-N,IC50,nM,11.0,N#Cc1cc(-c2ccc(Cl)cc2)c(-c2ccc(Cl)cc2Cl)nc1Oc1cccc(F)c1,1
ANHUHZSBZDOOAQ-PCXNKIBISA-N,Ki,nM,1700.0,Cc1ccc(C(=O)NC2C3(C)CCC(C3)C2(C)C)cc1CCC(=O)N1CCOCC1,1
ANMKTCMIIFBOGG-DOFZRALJSA-N,Ki,nM,470.0,CCCCCC=CCC=CCC=CCC=CCCCC(=O)NOCCO,1
ANOMNNUJQGKDNX-UHFFFAOYSA-N,Ki,nM,1819.7,COC(=O)CCn1cc(C(=O)C2C(C)(C)C2(C)C)c2ccccc21,1
ANPQMNNWBKNDGO-INIZCTEOSA-N,Ki,nM,204.0,CC(NS(C)(=O)=O)c1ccc(S(=O)(=O)c2ccc(Cl)cc2S(=O)(=O)c2cccc3cccnc23)cc1,1
ANPULBVRORHAGO-VABKMULXSA-N,Ki,nM,5000.0,CCCCCCCCCCCC(CC1OC(=O)C1CCCCCC)OC(=O)CNC=O,1
ANQDZRSJEJYATQ-UHFFFAOYSA-N,EC50,nM,50000.0,COC(=O)NCCn1c(-c2ccccc2Cl)nc2c(N3CCN(C)CC3)nc(C)nc21,1
ANQINLYEJKOAGV-UHFFFAOYSA-N,Ki,nM,150.0,CC1CCN(C(=O)c2ccc3c(c2)c2c(n3S(=O)(=O)C(C)C)CN(C3CCCC3)C2)CC1,1
ANQSRDBEIISAMR-UHFFFAOYSA-N,IC50,nM,43.0,CCCCCCNC(=O)c1ccc(-c2ccc(Cl)cc2)c(-c2ccc(Cl)cc2Cl)n1,1
ANRGGDLWBIOPIV-UHFFFAOYSA-N,Ki,nM,86.6,CCCCCn1cc(C(=O)NN(C)C)c(=O)c2ccc(Sc3ccccc3)cc21,1
ANTKBACNWQHQJE-UHFFFAOYSA-N,Ki,nM,500.0,CCCCC1CCN(CCCC(=O)c2ccccc2C)CC1,1
ANTOAOJYHLZPCF-UHFFFAOYSA-N,Ki,nM,10.3,N#Cc1c(C(=O)NN2CCCCC2)nn(-c2ccc(Cl)cc2Cl)c1-c1ccc(OCF)cc1,1
ANYRPLTZNUMLQT-FGZHOGPDSA-N,Ki,nM,56.9,CCCCCCC1(c2cc(O)c3c(c2)OC(C)(C)C2CC=C(C)CC32)Sc2ccccc2S1,1
AOCSQGAXWSYTPJ-UHFFFAOYSA-N,EC50,nM,10000.0,CC(C)(C)c1cc(NC(=O)N2CCCN(C(=O)C3CCCCO3)CC2)no1,1
AOKBDJJFRJTNHT-UHFFFAOYSA-N,Ki,nM,96.0,CNC(=O)CCCCC(C)(C)c1ccc(-c2cc(C)cc(C)c2)c(O)c1,1
AOKUIPSHLAAXQK-AREMUKBSSA-N,IC50,nM,1.3,CC1(C)CC(NC(=O)c2cccc3[nH]ncc23)c2cc(-c3ccc(Cl)cc3)c(-c3ccc(Cl)cc3Cl)nc2O1,1
AONQVKRIOAZBTM-UHFFFAOYSA-N,Ki,nM,4.6,Cc1c(C(=O)Nc2ccc(O)cc2)nn(-c2ccc(Cl)cc2Cl)c1-c1ccc(Cl)cc1,1
AOOSLVQJGFKVEB-BBMPLOMVSA-N,Inhibition,%,53.0,CCOC(=O)C(O)CCN=C(NS(=O)(=O)c1ccc(Cl)cc1)N1CC(c2ccccc2)C(c2ccc(Cl)cc2)=N1,1
AOPKGUPAQXHRKK-UHFFFAOYSA-N,Activity,%,-8.0,COc1cc(C)cc2oc(=O)c(Cc3ccccc3)cc12,1
AORWKJYDURSPEO-UHFFFAOYSA-N,Ki,nM,7222.0,CCS(=O)(=O)n1c2c(c3cc(C(=O)N(C)C(C)C)ccc31)CN(C1CCCC1)C2,1
AOUFQVBTKHDZLB-UHFFFAOYSA-N,Activity,%,59.1,CCCCCn1cc(C(=O)NC2CCCc3ccccc32)c(=O)c2cc(Cl)ccc21,1
APALFDQMNQSSEI-UHFFFAOYSA-N,Ki,nM,20.0,O=C(NC1CCCCC1)c1cn(-c2ccc(F)cc2)c(-c2ccccc2Cl)n1,1
APBYKXACVQBIKS-UHFFFAOYSA-N,Inhibition,%,73.0,CC(C(=O)N1c2ccccc2C(C)(c2ccc(Cl)cc2)CC1(C)C)N1C(=O)C2CCCCC2C1=O,1
APFSSRHVRZNBHU-UHFFFAOYSA-N,Ki,nM,140.0,Cc1c(C(=O)NCc2ccc(Cl)cc2)nn(-c2ccc(Cl)cc2Cl)c1-n1cccc1,1
APOBSGRZASPDHP-UHFFFAOYSA-N,EC50,nM,21.0,CCNC(=O)c1cc(-c2ccc(Cl)cc2)c(-c2ccc(Cl)cc2Cl)nc1OCc1ccccc1,1
APRBPPZVNUNKCS-VEJZVKIUSA-N,Inhibition,%,26.0,O=C1N=C2SCCCN2C1=CC=Cc1ccccc1,1
APZRMZNKLVPYEJ-UHFFFAOYSA-N,Kd,nM,4.9,CCCCCC#CCc1cc(O)c2c(c1)OC(C)(C)C1CC=C(C)CC21,1
AQFXWTYTJAHYTB-UHFFFAOYSA-N,Ki,nM,5000.0,CCC1COc2c(N3CCCC3)ccc3c(=O)c(C(=O)NC45CC6CC(CC(C6)C4)C5)cn1c23,1
AQINYBONKVJPOR-UHFFFAOYSA-N,Ki,nM,5000.0,CCCCCCC(C)(C)c1cc(OC)c2c(c1)OC(C)(C)c1ccc(C(=O)OC(C)C)cc1-2,1
AQLBSQIWQHCSHE-GOTSBHOMSA-N,Ki,nM,22.0,O=C(NC1c2ccccc2CC1O)c1cn(-c2ccc(Cl)cc2)c(-c2ccccc2Cl)n1,1
AQMKNQJYMDENMS-UHFFFAOYSA-N,Inhibition,%,27.1,CCCCCCCCCCCCCCCC(=O)NC1CCCC1,1
AQPCQPVLFFQSHP-UHFFFAOYSA-N,Ki,nM,5000.0,CC1(C)C(C(=O)c2cn(C(=O)CC3CCOCC3)c3ccccc23)C1(C)C,1
AQPNOTUHFDEZEY-UHFFFAOYSA-N,IC50,nM,424.0,O=C(NC1CCCCCC1)N1CCN(C(c2ccc(Cl)cc2)c2cccc(Cl)c2Cl)CC1,1
AQQTZODZRROJFT-KRWDZBQOSA-N,Ki,nM,1099.0,CC(NS(=O)(=O)C(F)(F)F)c1ccc(S(=O)(=O)c2ccc(N3CCNCC3)cc2S(=O)(=O)c2ccccc2F)cc1,1
AQUQEVUSKMXXQD-UHFFFAOYSA-N,Kd,nM,7.943,CN=C(NS(=O)(=O)N1CCS(=O)(=O)CC1)N1CC(c2ccccc2)C(c2ccc(Cl)cc2)=N1,1
AQYPSRMAPSCFEJ-CLJLJLNGSA-N,Ki,nM,29.0,CC1=CCC2C(C1)c1c(O)cc(C(C)(C)CCCCC(=O)NCCc3ccc(S(N)(=O)=O)cc3)cc1OC2(C)C,1
ARDOVZGGFDHOFM-UHFFFAOYSA-N,IC50,nM,18.0,N#CCc1c(C(=O)Nc2cccnc2Cl)nn(-c2ccccc2Cl)c1-c1ccc(Cl)cc1,1
ARDRKGQVGKQXBA-UHFFFAOYSA-N,Activity,%,10.0,O=C(Nc1ccccc1F)NC(c1ccccc1)c1ccccc1,1
ARGUCAOPWRLIDM-UHFFFAOYSA-N,Activity,%,30.0,CCCCCn1cc(C(=O)NC23CC4CC(CC(C4)C2)C3)c(=O)c(-c2ccncc2)c1C,1
ARHNEGMIXHNISU-UHFFFAOYSA-N,Activity,%,5.0,CC12CC3CC(C)(C1)CC(NC(=O)c1cn(CCCc4ccccc4)c4ccccc4c1=O)(C3)C2,1
ARJDJIBUVUCWLQ-UHFFFAOYSA-N,Ke,nM,4.0,O=C(NC1CCN(c2ncnc3c2nc(-c2ccccc2Cl)n3-c2ccc(Cl)cc2)CC1)Oc1ccccc1,1
ARVFXAYGEHUEPX-UHFFFAOYSA-N,Inhibition,%,17.0,CCCCCn1cc(C(=O)NC2CCCCCC2)c(=O)c2c(-c3ccc(Cl)cc3)nn(C)c21,1
ARYJPFLXYGJGJL-UHFFFAOYSA-N,Ki,nM,1995.26,Cc1ncsc1CCn1cc(C(=O)C2C(C)(C)C2(C)C)c2ccccc21,1
ASGIXSFRPRVPNC-UHFFFAOYSA-N,EC50,nM,1000.0,CC(C)(C(=O)Nc1ccc(Cl)c(C(F)(F)F)c1)S(=O)(=O)c1ccc(Cl)cc1,1
ASISOGRWKOFTRC-HSZRJFAPSA-N,IC50,nM,0.2,Cc1n[nH]c(C)c1C(=O)NC1CC(C)(C)Oc2nc(-c3ccc(Cl)cc3Cl)c(-c3ccc(Cl)cc3)cc21,1
ASKWEGSYUJLCPQ-WOJBJXKFSA-N,Ki,nM,18.5,O=C(NC1CCCCC1O)c1cnc(OCC2CC2)c(-c2ccc(C(F)(F)F)cc2)c1,1
ASORYXQOVKWBMX-UHFFFAOYSA-N,Ki,nM,501.0,CCCn1c(C)c(C(=O)c2ccc(I)c3ccccc23)c2ccccc21,1
ASUHORJFCYAPSO-UHFFFAOYSA-N,Ki,nM,4027.0,O=c1n(-c2ccccc2)c(O)c(-c2ccc(Br)cc2)n1-c1ccccc1,1
ASXJFMSIFDRVPG-UHFFFAOYSA-N,Ke,nM,2768.0,NS(=O)(=O)NC1CCN(c2ncnc3c2nc(-c2ccccc2Cl)n3-c2ccc(Cl)cc2)CC1,1
ASXWXYDLQSHXSE-LBPRGKRZSA-N,Ki,nM,4.1,CC(NS(=O)(=O)C(F)(F)F)c1ccc(S(=O)(=O)c2ccc(Cl)cc2S(=O)(=O)c2c(N)cccc2F)cc1,1
ATCRNPKBEOVHNR-UHFFFAOYSA-N,IC50,nM,64.0,CC(C)(C)C(=O)Nc1ccc2ncn(Cc3cccc(-c4cccc5c4OCO5)c3)c2c1,1
ATDCKTKMKBPZFF-UHFFFAOYSA-N,Ki,nM,9690.0,Cc1c(C(=O)NN2CCCCC2)nn(-c2ccccc2)c1-c1ccccc1,1
ATFPKCCWKBNASV-UHFFFAOYSA-N,EC50,nM,768.0,C=CCn1c2c(c3cc(C(=O)N4CCC(C)CC4)ccc31)CN(CC1CC1)CC2,1
ATKAHMGTXSZKDV-UHFFFAOYSA-N,Ki,nM,20.0,Cc1c(C(=O)NC2CCCCCC2)nn(-c2ccc(Cl)cc2Cl)c1-n1cccc1,1
ATLRMJMTXFCOHV-UHFFFAOYSA-N,Ki,nM,109.0,Cc1ccc(C(NC(=O)Cc2ccccc2)NC(=O)Cc2ccccc2)cc1,1
ATQBEVHJBCBHCT-UHFFFAOYSA-N,Ki,nM,2.7,CCCCCCC(C)(C)c1ccc(-c2cc(C)cc(C)c2)c(C(=O)OC)c1,1
ATSXTPFBFRFWLC-UHFFFAOYSA-N,Ki,nM,3021.0,CCS(=O)(=O)n1c2c(c3cc(C(=O)N4CCC(C)CC4)ccc31)CN(C1CCOCC1)C2,1
ATTMVRXVYVAUKY-UHFFFAOYSA-N,EC50,nM,11.0,O=S(=O)(c1cc2c(cc1F)OC(c1ccc(F)cc1F)(c1ccc(F)cc1F)O2)N1CCOCC1,1
ATTXJDZGDVZJEP-UHFFFAOYSA-N,EC50,nM,50000.0,Cc1nc(N2CCN(C)CC2)c2nc(-c3ccccc3Cl)n(C3CC3)c2n1,1
ATXDAVMXQDOABZ-UHFFFAOYSA-N,EC50,nM,251.0,O=C(Nc1sc2c(c1C(=O)N1CCOCC1)CCCC2)c1ccccc1Cl,1
AUEMKSKNGASOAA-UHFFFAOYSA-N,Ki,nM,389.0,CCC1COc2cccc3c(=O)c(C(=O)NC4C5CC6CC(C5)CC4C6)cn1c23,1
AVHMZIMFLFDTIN-UHFFFAOYSA-N,Ki,nM,200.0,c1ccc2c(c1)c(OCC1CCCCC1)nn2CC1CCCCC1,1
AVPCNOHVEKLSOS-UHFFFAOYSA-N,Ki,nM,5000.0,CC1(C)C(C(=O)c2cn(CCN3C(=O)CCC3=O)c3ccccc23)C1(C)C,1
AVPNMDVFDNULIQ-UHFFFAOYSA-N,EC50,nM,15811.4,N#Cc1cc(-c2cccc(Cl)c2Cl)cnc1N1CCCCCC1,1
AVYJRRDWOGCWSP-UHFFFAOYSA-N,Decrease,%,-74.0,CCCCN1C(=O)C(c2ccc(I)cc2)(c2ccc(I)cc2)NC1=S,1
AVYPGVSZDDYIPB-UHFFFAOYSA-N,IC50,nM,8.1,O=C(NC1CCCCC1)N1CCN(C(c2ccc(F)cc2)c2ccc(Cl)cc2Cl)CC1,1
AVZZJQBTDOHRFF-UHFFFAOYSA-N,Ki,nM,1862.09,CC1(C)C(C(=O)c2cn(CC3CCOCC3)c3ccc(-c4ccccc4)cc23)C1(C)C,1
AWKAXTNPAOUFMN-ZKWNWVNESA-N,Ki,nM,600.0,CCCCCC=CCC=CCC=CCC=CCCCC(=O)NCc1ccc(OC)cc1,1
AWLTZAQBCIRMSH-UHFFFAOYSA-N,IC50,nM,5000.0,COc1ccccc1NC(=O)c1cccc(S(=O)(=O)N2CCCCC2)c1,1
AWPMNXJSXFCGSV-UHFFFAOYSA-N,Ki,nM,226.0,Cn1c2c(c3cc(C(=O)N4CCCCC4)ccc31)CN(C1CCOCC1)CC2,1
AWULXULJLOZHTE-UHFFFAOYSA-N,IC50,nM,300.0,CCOC(=O)Nc1ccc(S(=O)(=O)NC(=NC)N2CC(c3ccccc3)C(c3ccc(Cl)cc3)=N2)cc1,1
AWWGUVKCDIOPIQ-UHFFFAOYSA-N,IC50,nM,0.54,CC(C)C(=O)NC1CCN(c2cnc(-c3ccc(C(F)(F)F)cc3)c(-c3ccncc3Cl)n2)CC1,1
AWYWQMUBSMTLTR-UHFFFAOYSA-N,EC50,nM,6300.0,Cc1c[nH]c2c(Nc3cccc(Br)c3)ncc(C(=O)N3CCOCC3)c12,1
AXJQVVLKUYCICH-NRFANRHFSA-N,Kd,nM,19.905,CN=C(NS(=O)(=O)c1ccc(Cl)cc1)N1CC(c2ccccc2)C(c2ccc(Cl)cc2)=N1,1
AXVLPJHYYFHCHK-UHFFFAOYSA-N,Inhibition,%,17.5,Cc1csc(NC(=O)c2cc(F)cc(Oc3cncnc3)c2)n1,1
AYARJPVOTXCYHD-UHFFFAOYSA-N,Emax,fmol/mg,58.2,CCCCCc1c(C(=O)NCCc2ccc(N3CCOCC3)cc2)[nH]c2ccc(Cl)cc12,1
AYBHAKOBTPNMON-UHFFFAOYSA-N,EC50,nM,16000.0,COc1ccc(-c2nnc(C)c3nn(-c4ccc(C)cc4)cc23)cc1,1
AYLSJCSPOZOCFK-UHFFFAOYSA-N,Ki,nM,434.0,CCCCCCC(C)(C)c1ccc2c(c1)OC(C)(C)c1ccc(C)cc1-2,1
AYQHXZNAAKQLKW-UHFFFAOYSA-N,EC50,nM,1000.0,O=C(NCCO)C1CCN(Cc2nc(-c3cn(CC4CCS(=O)(=O)CC4)c4c(Cl)cccc34)no2)CC1,1
AYRYBKNCRMZKNE-UHFFFAOYSA-N,IC50,nM,62.0,Cc1c(C(=O)NCc2ccc(Cl)c(Cl)c2)nn(-c2ccc(F)cc2F)c1-n1c(C)ccc1C,1
AYSRJCOIKJXGSM-UHFFFAOYSA-N,Ki,nM,5000.0,CCCNC(=O)c1c(NC(=O)c2c(F)cccc2C(F)(F)F)sc2c1CCOC2,1
AYULBOXVHKIVEG-UHFFFAOYSA-N,Activity,%,81.0,COc1cccc(N2C(C(C)=O)=NN(c3ccc(Cl)cc3)C2c2ccc(N3CCOCC3)cc2)c1,1
AYYDIDDDTKUDTB-UHFFFAOYSA-N,EC50,nM,5.0,O=C(C1CC1)N1CCN(S(=O)(=O)c2cc(Cl)cc(Cl)c2)CC1,1
AYYXHEXYNSQCSS-UHFFFAOYSA-N,IC50,nM,5.7,N#Cc1cc(-c2ccc(Cl)cc2)c(-c2ccc(Cl)cc2Cl)nc1OCCNC(=O)C1CCC1,1
AZHDEXBXSFXXFL-UHFFFAOYSA-N,Activity,%,38.7,CC12CC3CC(C)(C1)CC(NC(=O)c1cn(Cc4ccc(Cl)cc4)c4ccccc4c1=O)(C3)C2,1
AZIWIICQCIRNGS-UHFFFAOYSA-N,Ki,nM,2500.0,CC(C)(NC(=O)c1cc2c(n(CC3CCCCC3)c1=O)CCCCCC2)C(=O)NCC(=O)O,1
AZLFGSQKXKYODE-UHFFFAOYSA-N,EC50,nM,500.0,N#Cc1cc(NC(=O)CCc2nc(-c3ccc(F)cc3Cl)no2)cnc1OCC(F)(F)F,1
AZPPDHHCSSDRFN-UHFFFAOYSA-N,EC50,nM,113.0,CC(C)(C)CC(=O)Nc1sc2c(c1C(=O)N1CCC(F)(F)CC1)CCCC2,1
AZRKCWATXTVCAN-UHFFFAOYSA-N,Ke,uM,1.2,Cc1c(C(=O)Nc2ccc(C)[n+]([O-])c2)nn(-c2ccc(Cl)cc2Cl)c1-c1ccc(Cl)cc1,1
AZRTYGZMNIRFGH-UHFFFAOYSA-N,IC50,nM,1.7,NC(=O)Cc1c(C(=O)NN2CCOCC2)nn(-c2ccccc2Cl)c1-c1ccc(Cl)cc1,1
AZTOJNFOJHNDQE-UHFFFAOYSA-N,Ki,nM,5000.0,C=CCCCCCCCCC(=O)NCc1ccc(OC)cc1,1
BAJPSORGQQMJRM-UHFFFAOYSA-N,IC50,nM,3750.0,Cc1ccc(Cn2c(-c3ccc(C)cc3)nn(C(=O)Nc3ccc(Cl)cc3)c2=O)cc1,1
BASPSAYDSSJKCX-UHFFFAOYSA-N,Ki,nM,500.0,CCCCCCC(C)(C)c1ccc(-c2cc(C)cc(C)c2)c(C(=O)NC(C)C)c1,1
BASZVWQQTWCPJX-UHFFFAOYSA-N,Kd,nM,45.0,CC1=CCC2C(C1)c1c(O)cccc1OC2(C)C,1
BATNKFYGUCQFMX-UHFFFAOYSA-N,Activity,%,28.1,CCCCCn1cc(NC(=O)CCc2ccccc2)c(=O)c2ccccc21,1
BAUQELIGAWYSBS-UHFFFAOYSA-N,EC50,nM,16000.0,O=C(Nc1cccc(S(=O)(=O)N2CCOCC2)c1)c1cc2c(s1)CCCC2,1
BAXHFHNXVCEHCG-UHFFFAOYSA-N,EC50,nM,237.0,Cc1c(C(=O)NCCNCCNC(=O)c2nn(-c3ccc(Cl)cc3Cl)c(-c3ccc(Cl)cc3)c2C)nn(-c2ccc(Cl)cc2Cl)c1-c1ccc(Cl)cc1,1
BAXIFQMQEGUGGQ-UHFFFAOYSA-N,Ki,nM,2381.0,CCNC(=O)c1cnc(-c2ccc(C)cc2)c(-c2ccc(C)cc2)n1,1
BAXLEFIQPNPUNQ-UHFFFAOYSA-N,Ki,nM,4.3,CC(C)C(=O)N(C)C1CCCOc2c1nn(-c1ccccc1Cl)c2-c1ccc(Cl)cc1,1
BBAXUAQXLWCMCF-UHFFFAOYSA-N,Inhibition,%,34.0,Cc1cc(O)c2cc(Cc3ccccc3C)c(=O)oc2c1,1
BBCHHCOEPRSMOS-UHFFFAOYSA-N,EC50,nM,5000.0,COCC(C)(C)NC(=O)c1c(NC(=O)c2ccccc2OC(F)(F)F)sc2c1CCOC2,1
BBEXYVAMUCGJGZ-UHFFFAOYSA-N,Activity,%,13.0,CC(C)(C)c1nc2c(n1CC1CC1)CCN(S(=O)(=O)Cc1ccccc1)C2,1
BBFSXGGHVLOEMF-UHFFFAOYSA-N,Ki,nM,1468.0,CCCCCn1cc(C(=O)NC23CC4CC(CC(C4)C2)C3)c(=O)c2c(C)noc21,1
BBFYMAXRHYOFPI-UHFFFAOYSA-N,Ki,nM,3360.0,CC1(C(=O)c2cn(CC3CCOCC3)c3ccccc23)CC1(Cl)Cl,1
BBINOZROCFCGOR-GFOWMXPYSA-N,Ki,nM,630.96,C=C(C)C1CCC(C)=CC1c1c(O)cc(-c2ccc(C)cc2)cc1O,1
BBKJITNGLSIUKY-UHFFFAOYSA-N,Kb,nM,3673.0,CCc1c(C(=O)NCCc2ccc(N(C)C)cc2)[nH]c2cc(Cl)ccc12,1
BBKPNYHSDCZFPA-UHFFFAOYSA-N,Kd,nM,63.1,O=C(NN1CCCCC1)c1nc(-c2ccc(Cl)cc2)c(-c2ccc(Cl)cc2Cl)s1,1
BBPBHNONKSWGRH-UHFFFAOYSA-N,IC50,nM,16.0,N#CCc1c(C(=O)NCCc2ccccc2)nn(-c2ccccc2Cl)c1-c1ccc(Cl)cc1,1
BBTJHAUUGXYTQE-UHFFFAOYSA-N,Ki,nM,2100.0,CCCCCc1cc(O)cc(OCCCCCCCCCCC(=O)NCc2ccc(OC)c(O)c2)c1,1
BBUFFGPKCMWCSB-UHFFFAOYSA-N,Inhibition,%,8.0,COc1cccc(Cc2cc3c(OC)cc(CO)cc3oc2=O)c1,1
BBUPTNCPDJNCQD-UHFFFAOYSA-N,Ki,nM,1.0,O=C1C2N=C(c3ccccc3Cl)N(c3ccc(Cl)cc3)C2N=CN1CC(F)(F)F,1
BBWGUNCGUMXOLE-UHFFFAOYSA-N,Ki,nM,5000.0,COc1ccc2cc(C(=O)NCc3ccc(F)cc3)c(=O)[nH]c2c1OC,1
BCDPRNYYJGZULD-UHFFFAOYSA-N,Ki,nM,530.0,C=CCn1cc(CC(=O)NC23CC4CC(CC(C4)C2)C3)c2cc(-c3ccccc3)ccc21,1
BCESLUSANYXCOI-UHFFFAOYSA-N,IC50,nM,0.3,O=C(CO)NC1CC2(CCCCC2)Oc2nc(-c3ccccc3Cl)c(-c3ccc(Cl)cc3)cc21,1
BCGTVVSGKJYVTL-UHFFFAOYSA-N,Ki,nM,5000.0,CCCCCn1cc(C(=O)NC23CC4CC(CC(C4)C2)C3)c(=O)c2cc(-c3ccc(OC)nc3)ccc21,1
BCTWRAPWASCHFM-UHFFFAOYSA-N,Ke,nM,4.7,Cc1c(C(=O)NC2CCN(C(=O)OC(C)(C)C)CC2)nn(-c2ccc(Cl)cc2Cl)c1-c1ccc(Cl)cc1,1
BCWJOAVBILROCY-UHFFFAOYSA-N,EC50,nM,500.0,FC(F)(F)c1cccc(-c2cnc(-c3cccc(CN4CCOCC4)c3)[nH]2)c1,1
BDEOVMZDXDAANU-UHFFFAOYSA-N,Ki,nM,90.7,Cc1c(C(=O)NCCC(C)(C)C)nn(-c2ccc(F)cc2F)c1-n1c(C)ccc1C,1
BDEPEXOFFGBLLA-SGTLLEGYSA-N,Ki,nM,133.0,NCC1CCC(c2ccc(Cl)cc2Cl)N(c2ccc(Cl)cc2)C1,1
BDGMEPAZTWBSPP-UHFFFAOYSA-N,Activity,%,5.0,O=C1NC(=O)N(c2ccccc2)C1c1ccccc1,1
BDJXVKAZYYSBAO-UHFFFAOYSA-N,Activity,%,30.0,CCCCCn1cc(C(=O)NC23CC4CC(CC(C4)C2)C3)c(=O)c(-c2ccccc2)c1C,1
BDKFRSTWXMRHIP-UHFFFAOYSA-N,Ki,nM,560.0,COc1ccc(C(C(=O)NCCC(c2ccccc2)c2ccccc2)c2ccccc2)cc1,1
BDKJSUBPXCXIJD-UHFFFAOYSA-N,Emax,%,8.0,c1ccc2ncc(N3CCC(c4nc(-c5ccncc5)no4)CC3)cc2c1,1
BDKPJSNASAZMCK-RZUBCFFCSA-N,IC50,nM,8500.0,CN1CCC(C(=O)N2CCC(O)(c3ccccc3)C3CCCCC32)CC1,1
BDNAVNHHUCPGAB-UHFFFAOYSA-N,Ki,nM,5000.0,CCCCCn1cc(C(=O)NC23CC4CC(CC(C4)C2)C3)c(=O)c2cccc(C)c21,1
BDQOJOMHIBHKHV-UHFFFAOYSA-N,Activity,%,29.3,O=C1N(CCc2ccccc2)C(=S)NC1(c1ccccc1)c1ccccc1,1
BDWNJRSRLYRENU-SVMVAKDDSA-N,EC50,nM,6.31,CC1CN(C(=O)c2cn3c4c(cccc24)OCC3C2CCCCC2)CC(C)N1CCO,1
BEJABIGGCSYDJF-LUAWRHEFSA-N,Inhibition,%,18.0,COc1cccc(C=C2N=C3SCCCN3C2=O)c1OC,1
BEKIHJWTKDNKTE-OKFSJJLXSA-N,EC50,nM,230.0,CC1(C)Oc2cc(C34CC5CC(CC(C5)C3)C4)cc(O)c2C2CC(CO)=CCC21,1
BELGMDQKIRKVME-UHFFFAOYSA-N,Activity,%,32.8,CCCCCn1cc(C(=O)NCCCc2ccccc2)c(=O)c2ccccc21,1
BENPRQDIYAGAMQ-FCHUYYIVSA-N,IC50,nM,0.7,O=C(C1CC1c1ccc(C(F)(F)F)cc1)N1CCN(S(=O)(=O)c2cc(-n3cccn3)cc(C(F)(F)F)c2)CC1,1
BENZMXRSXKXRMZ-UHFFFAOYSA-N,Ki,nM,1508.0,CCCn1cc(CC(=O)NC23CC4CC(CC(C4)C2)C3)c2cc(-c3ccccc3)ccc21,1
BEVZFANGLKCLRI-UHFFFAOYSA-N,Activity,%,35.0,CCCCCn1cc(C(=O)NC2CCCCCC2)c(=O)n2nc(-c3ccccc3Cl)cc12,1
BFDQXULOCJSWAT-UHFFFAOYSA-N,Activity,%,10.0,CC(C)(C)c1nc2c(n1CC1CC1)CCN(S(C)(=O)=O)C2,1
BFMJMAMGDAILJQ-UHFFFAOYSA-N,Kd,nM,1.0,CN=C(NS(=O)(=O)N1CCC(F)(F)CC1)N1CCC(c2ccccc2)C(c2ccc(Cl)cc2)=N1,1
BFSSRBPHLVFPRE-UHFFFAOYSA-N,Ke,uM,2.83,Cc1c(C(=O)NCc2cccc(CNS(C)(=O)=O)c2)nn(-c2ccc(Cl)cc2Cl)c1-c1ccc(Cl)cc1,1
BGEQLQHMNLYKKS-UHFFFAOYSA-N,Ki,nM,5000.0,CCCCCCC(C)(C)c1cc(OC)c2c(c1)OC(C)(C)c1ccc(C(=O)OC)cc1-2,1
BGFKVHMAXAORKM-UHFFFAOYSA-N,Ki,nM,47.86,CC1(C)C(C(=O)c2cn(Cc3ccncc3)c3ccccc23)C1(C)C,1
BGIHMHHOJDEMTN-UHFFFAOYSA-N,Activity,%,39.0,O=C(NCCN1CCCCC1)c1cnn(-c2ccc(Cl)cc2Cl)c1-c1ccc(Cl)cc1,1
BGIRTFQKCXMFOC-UHFFFAOYSA-N,Ki,nM,243.0,O=C(NC1CCCCCC1)c1cc(Br)cn(CCN2CCOCC2)c1=O,1
BGIZUEHCDIDGNP-UHFFFAOYSA-N,EC50,nM,2.0,O=C(c1cc2c(cc1F)OC(c1ccccc1F)(c1ccc(Cl)cc1Cl)O2)N1CCOCC1,1
BGLWQDIXRWKLSN-UHFFFAOYSA-N,EC50,nM,19.95,CS(=O)(=O)N(CCO)Cc1nc(-c2cn(CC3CCOCC3)c3c(Cl)cccc23)ns1,1
BGVIIZRRMUKRPG-UHFFFAOYSA-N,Ki,nM,13.0,COc1ccc(-c2c(C#N)c(C(=O)NN3CCCCC3)nn2-c2ccc(F)cc2Cl)cc1,1
BGXMTPNPBVICTD-UHFFFAOYSA-N,IC50,nM,2.57,COc1ccc(Cl)cc1Cn1c(C(=O)NCC2(CO)CCC2)cc2cc(C#N)ccc21,1
BGYCQUQQDAZQFJ-XSWBTSGESA-N,IC50,nM,2.0,CC(C)(C)C(N=C(NS(=O)(=O)c1ccc(Cl)cc1)N1CC(c2ccccc2)C(c2ccc(Cl)cc2)=N1)C(N)=O,1
BHDCYDBSKKIYSQ-FVJLSDCUSA-N,EC50,nM,63.1,CC1CN(C)CC(C)N1C(=O)c1cn2c3c(cccc13)OCC2C1CCCCC1,1
BHEHZUIHMUOESF-UHFFFAOYSA-N,Ki,nM,500.0,CCCCCn1cc(C(=O)NC23CC4CC(CC(C4)C2)C3)c(=S)cc1-c1ccccc1,1
BHENDAXILJTYPX-UHFFFAOYSA-N,Ki,nM,2970.0,CC(C)(NC(=O)c1cc2c(n(CC3CCCCC3)c1=O)CCCCCC2)C(=O)N1CCC(C(=O)O)CC1,1
BHJRHOCTESKVMJ-UHFFFAOYSA-N,Ki,nM,210.0,CCCCCCc1ccc(O)cc1OCCCCCCCCCCC(=O)NC1CC1,1
BHKIDPZYPBIDBY-UHFFFAOYSA-N,EC50,nM,1581.14,CCC(CC)CNC(=O)c1cnc(Nc2cccc(Cl)c2)cc1C(C)C,1
BHSKDPVGAWQFCB-UHFFFAOYSA-N,Ki,nM,973.0,CCS(=O)(=O)n1c2c(c3cc(C(=O)N4CCC(C)CC4)ccc31)CN(C1CCOC1)C2,1
BHUFAMDEGOUAKE-UHFFFAOYSA-N,IC50,nM,5000.0,O=C(N1CCCCC1)N1CCN(C(c2ccccc2)c2ccc(Cl)cc2Cl)CC1,1
BHWNOODDNLFTAL-UHFFFAOYSA-N,Ki,nM,1086.0,CCOC(=O)N1CC=C2C(C1)C1(C(=O)N(Cc3ccccc3)c3ccccc31)C(C#N)C(=N)C2(C#N)C#N,1
BIBAWIYLLKCXHN-UHFFFAOYSA-N,EC50,nM,500.0,CCn1c2ccccc2c2cc(NC(=O)CCc3nc(C4CCOCC4)no3)ccc21,1
BIBYSKLIEXCINZ-UHFFFAOYSA-N,EC50,nM,14.1,CCCC#Cc1ccc(-c2c(C)c(C(=O)NN3CCCCCC3)nn2-c2ccc(Cl)cc2Cl)s1,1
BICGDHPZYSFRLM-SBUREZEXSA-N,Ki,nM,690.0,CS(=O)(=O)N1CCN(CC2CCC(c3ccc(Cl)cc3Cl)N(c3ccc(Cl)cc3)C2)CC1,1
BIEMFEVSMALXHH-UHFFFAOYSA-N,IC50,nM,1.2,NC(=O)Cc1c(C(=O)NC2CCN(C(=O)C3CC3)CC2)nn(-c2ccccc2Cl)c1-c1ccc(Cl)cc1,1
BIHAWDXODSOWQG-UHFFFAOYSA-N,EC50,nM,500.0,FC(F)(F)c1cccc(-c2cn(CC3CC3)c(-c3cccc(CN4CCOCC4)c3)n2)c1,1
BIICSDGTLAHWES-UHFFFAOYSA-N,IC50,nM,5000000.0,O=C(NCC1CCOCC1)c1ncccc1NC(=O)c1ccc(C(=O)O)c2ccccc12,1
BIIPATWUVYDKKA-DEOSSOPVSA-N,Ki,nM,500.0,CCCCCn1cc(C(=O)NC2CCCc3ccccc32)c(=O)cc1-c1ccccc1,1
BILKPDKWPYENSO-UHFFFAOYSA-N,EC50,nM,16.5,CCCC#Cc1ccc(-c2c(CC)c(C(=O)NN3CCCCCC3)nn2-c2ccc(Cl)cc2Cl)s1,1
BIPNGPVEIGPQGY-UHFFFAOYSA-N,EC50,nM,5.012,CCc1cccc2c(-c3nsc(CN4CCCC4)n3)cn(CC3CCOCC3)c12,1
BIRMGFPCHVWZNT-UHFFFAOYSA-N,Ki,nM,500.0,CCCCCn1cc(C(=O)Nc2cccc(C(F)(F)F)c2)c(=O)cc1-c1ccc(Cl)cc1,1
BIYITNDKXCVEFF-UHFFFAOYSA-N,Ki,nM,123.1,CCCCNC(=O)c1nn(-c2ccc(Cl)cc2Cl)c(-n2c(C)ccc2C)c1C,1
BIYYFMFQCADOGW-UHFFFAOYSA-N,Ki,nM,15.0,Cc1ccc2c(=O)c(C(=O)NC3CCCCC3)cn(Cc3ccc(F)cc3)c2n1,1
BIZJFTJNAACPRG-UHFFFAOYSA-N,IC50,nM,470.0,O=C(NN1CCCCC1)c1nc(-c2ccc(Cl)cc2)c(-c2ccc(Cl)cc2Cl)o1,1
BIZKOGDKLWMQPY-UHFFFAOYSA-N,EC50,nM,5.9,CS(=O)Cc1ccc(C(=O)Nc2cccnc2C(=O)NCC2CCC2)c2ccccc12,1
BJDVUMFTELWYHY-UHFFFAOYSA-N,Activity,%,133.9,CCc1c(C(=O)NCCc2ccc(N3CCCC3)cc2)[nH]c2ccc(Cl)cc12,1
BJFUCXISNSPGTJ-QMHWCDLVSA-N,Emax,%,53.0,O=C(c1cccc2[nH]cnc12)N1CCC(O)(c2ccccc2)C2CCCCC21,1
BJIIKHXAZBTGLF-NHCUHLMSSA-N,Ki,nM,10000.0,C=C1CCC2C(C1)c1c(OC)cc(C(C)(C)CCCCCC)cc1OC2(C)C,1
BJNXBPDMKWOHSJ-RUZDIDTESA-N,Ki,nM,238.0,Cc1ccc(-c2ncc(C(=O)NC(C(N)=O)c3ccccc3)nc2-c2ccc(C)cc2)cc1,1
BJSDNVVWJYDOLK-UHFFFAOYSA-N,Ki,nM,10000.0,COc1ccc2c(c1)c(CC(=O)N1CCOCC1)c(C)n2C(=O)c1ccc(Cl)cc1,1
BJSXFVSPIGTDDT-UHFFFAOYSA-N,Activity,%,10.0,CCCCCCCN1C(=O)CNC1=O,1
BJZOYBVYPLZMMU-UHFFFAOYSA-N,EC50,nM,10000.0,CC(C)(C)c1ccc(NC(=O)N2CCCN(C(=O)C3CCCCC3)CC2)cc1,1
BJZUFWMYCASYFE-UHFFFAOYSA-N,IC50,nM,1.1,CC(C)(C)c1nc2nc(-c3ccccc3Cl)c(-c3ccc(C(F)(F)F)cc3)cc2c2n[nH]c(=O)n12,1
BKACBKGNKYLDDO-UHFFFAOYSA-N,Ki,nM,1119.4,Cc1c(C(=O)NCCO)nn(-c2ccc(Cl)cc2Cl)c1-c1ccc(Br)cc1,1
BKBOLZATQOJKKM-CQJMVLFOSA-N,Ki,nM,5700.0,CCCCCCCCCCCC(CC1OC(=O)C1CCCCCC)OC(=O)C(NC=O)C(C)C,1
BKFRFHCIZQYHLV-UHFFFAOYSA-N,Ki,nM,4265.8,CCCn1cc(C(=O)C2C(C)(C)C2(C)C)c2ccccc21,1
BKKMOWQXXQOKTO-OMKBGSMGSA-N,Ki,nM,13.0,CC1=CCC2C(C1)c1c(O)cc(C(C)(C)CCCC(O)C#N)cc1OC2(C)C,1
BKMZISGAQBQGPE-UHFFFAOYSA-N,Ki,nM,1621.81,O=C(c1cn(CCN2CCOCC2)c2ccccc12)C1CCCCC1,1
BKNFVLJTRIWUGZ-UHFFFAOYSA-N,EC50,nM,925.0,O=C(Nc1sc2c(c1C(=O)N1CCCCC1)CCOC2)c1ccccc1OC(F)(F)F,1
BKTJKWJUVAXLAS-UHFFFAOYSA-N,Ki,nM,200.0,CCCC1COc2cccc3c(=O)c(C(=O)NC45CC6CC(C)(CC(C)(C6)C4)C5)cn1c23,1
BKWNDDODGPGVCY-LEWJYISDSA-N,IC50,nM,7.0,O=C(C1CC1c1ccc(C(F)(F)F)cc1)N1CCN(S(=O)(=O)c2cc(-n3cncn3)cc(C(F)(F)F)c2)CC1,1
BKYSPAJPVPEZOE-UHFFFAOYSA-N,Inhibition,%,25.0,Fc1cccc(CNC23OC4C5C6CC(C7C6C4C72)C53)c1,1
BKZHSJNLPPAJKB-UHFFFAOYSA-N,Ke,nM,5000.0,Cc1nc2ccc(NC(=O)Nc3ccnc4cccnc34)cc2o1.Cl,1
BLAXJIFUGFVCLM-UHFFFAOYSA-N,IC50,nM,1.1,NC(Cc1c(C(=O)Nc2ccc(F)cc2)nn(-c2ccccc2Cl)c1-c1ccc(Cl)cc1)=NO,1
BLBRTPMJKGVECZ-UHFFFAOYSA-N,Ke,nM,5706.0,Clc1ccc(-n2c(-c3ccccc3Cl)nc3c(NC4CCNCC4)ncnc32)cc1,1
BLDAGALCKFMKQM-IAGOWNOFSA-N,Ki,nM,27.9,CC1=CCC2C(C1)c1c(O)cc(C3(C#N)CCCC3)cc1OC2(C)C,1
BLFBKKUNKISDEH-UHFFFAOYSA-N,Ki,nM,5.5,COc1ccc(-c2c(C)c3c(n2-c2ccc(Cl)cc2Cl)CCN(C2CCCCC2)C3=O)cc1OC,1
BLFLFLCFTOYEOH-UHFFFAOYSA-N,Activity,%,67.8,CCCCCCCN1C(=O)C(c2ccc(Cl)cc2)(c2ccc(Cl)cc2)NC1=S,1
BLFSFPLFARTKFQ-UHFFFAOYSA-N,Ki,nM,4.0,O=c1c2nn(-c3ccccc3Cl)c(-c3ccc(Cl)cc3)c2cnn1CC(F)(F)F,1
BLKZIEZDOVKLMT-CQSZACIVSA-N,Ki,nM,0.12,CC(NC(=O)C1(NC(=O)c2cncc(Br)c2)CC1)c1ccc(-n2nc(Cl)c3ccccc32)cc1F,1
BLLAQRAZEZJQEN-JTDSTZFVSA-N,Emax,%,50.0,O=C(c1cnco1)N1CCC(O)(c2ccccc2)C2CCCCC21,1
BLMFCUBJOMEWGH-UHFFFAOYSA-N,Ki,nM,2331.0,CC(=O)n1c2c(c3cc(C(=O)N4CCC(C)CC4)ccc31)CN(C1CCCC1)C2,1
BLUOGHRTHJKGCJ-UHFFFAOYSA-N,IC50,nM,200.0,O=C(NN1CCCCC1)c1nc(-c2ccc(Cl)cc2Cl)c(-c2ccc(Cl)cc2Cl)o1,1
BLZFLSJJUBJAPJ-UHFFFAOYSA-N,Ki,nM,279.0,CC1CCN(C(=O)c2ccc3c(c2)c2c(n3S(C)(=O)=O)CN(C3CCCC3)C2)CC1,1
BLZJLLXBXHHRTG-SFHVURJKSA-N,Ki,nM,72089.0,CCCNC(=O)NC(C)c1ccc(S(=O)(=O)c2ccc(OC)cc2S(=O)(=O)c2ccc(OC)cc2)cc1,1
BLZNLOLTHDUEOL-UHFFFAOYSA-N,Inhibition,%,3.0,NC(=Nc1ccc2c(c1)CCN2C1CCNCC1)c1cccs1,1
BMANHOMACRVNKK-UHFFFAOYSA-N,Emax,fmol/mg,36.04,CCCCCc1c(C(=O)NCCc2ccc(N(C)C)cc2)[nH]c2ccc(Cl)cc12,1
BMCZNVISXUOWRC-KSFYIVLOSA-N,IC50,nM,17.9,CC(NC(=O)C(C)(C)Nc1ncc(C(F)(F)F)cc1Cl)C(Cc1ccc(Cl)cc1)c1cccc(C#N)c1,1
BMGOLLQBXXGRJC-QFIPXVFZSA-N,IC50,nM,22.0,CC(C)(Oc1ccc(C(F)(F)F)cn1)C(=O)NC(C)(C)C(Cc1ccc(Cl)cc1)c1cccc(Br)c1,1
BMGYPKGUPADDSX-UHFFFAOYSA-N,Ki,nM,5000.0,Cc1c(C(=O)C2C(C)(C)C2(C)C)c2ccccc2n1CCN1CCOCC1.Cl,1
BMMHBSOMJGUCFZ-UHFFFAOYSA-N,EC50,nM,16000.0,COc1ccc(S(=O)(=O)N2CCOCC2)cc1NC(=O)c1ccc2c(c1)OCO2,1
BMNUQAZPOQDTNO-UHFFFAOYSA-N,Ki,nM,155.0,CCCCCn1cc(C(=O)NC2CCCCC2)c(=O)c2c(C)noc21,1
BMOHNKISKOAMDM-UHFFFAOYSA-N,IC50,nM,18.0,O=C(NC1CCCC1)c1cc(-c2ccc(Cl)cc2)c(-c2ccc(Cl)cc2Cl)nc1OCc1ccccc1,1
BMOMSYBQPQPWMC-UHFFFAOYSA-N,Kb,nM,89.1,CCCCCCc1c(C(=O)NCCc2ccc(N(C)C)cc2)[nH]c2ccc(Cl)cc12,1
BMSAEUSKGLUXTC-SNPVRQPZSA-N,Ki,nM,84.7,C#CCCCC(=O)OCC(CO)OCCCCC=CCC=CCC=CCC=CCCCCC,1
BMSYHOXBUFTKQX-UHFFFAOYSA-N,IC50,nM,22.0,COc1ccc(-c2c(C)c3c(n2-c2ccccc2C)CCN(C2CCCCC2)C3=O)cc1,1
BMZOQYYROAVSAP-UHFFFAOYSA-N,Inhibition,%,14.0,CCCCCCCCCCCCCCCC(=O)OC1CCCCC1,1
BNBSCAZCQDLUDU-DOFZRALJSA-N,Ki,nM,9600.0,CCCCCC=CCC=CCC=CCC=CCCCC(N)=O,1
BNCFWLUICYMZFR-LJQANCHMSA-N,EC50,nM,43.7,CN(CCCC(=O)NC1COC1)C(=O)c1ccc2c(c1)c1c(n2C)CCC(C2CCOCC2)C1,1
BNCLSGYMSOUADZ-KTKRTIGZSA-N,Ki,nM,6400.0,CCCCCCCCC=CCCCCCCCCCCCC(=O)Nc1ccc(N2CCOCC2)cc1,1
BNHUMMLUSHLSRT-UHFFFAOYSA-N,Ki,nM,1000.0,Cc1ccc2c(=O)c(C(=O)NC3CCCC3)cn(CCN3CCOCC3)c2n1,1
BNKRAYDPUDOBAS-UHFFFAOYSA-N,EC50,nM,16000.0,O=C(Nc1ccc(S(=O)(=O)Nc2nccs2)cc1)c1cc(-c2cccs2)nc2ccccc12,1
BNNTYBVRZLELKE-RTBURBONSA-N,Ki,nM,95.49,CC1=CCC2C(C1)c1c(O)cc(-c3ccc(C)cc3)cc1OC2(C)C,1
BNPTZRKICZEZPR-SQWHNCPASA-N,IC50,nM,8500.0,CN1CC(C(=O)N2CCC(O)(c3ccccc3)C3CCCCC32)CCC1=O,1
BNSNZABUVFFRKP-UHFFFAOYSA-N,IC50,nM,5000.0,O=C(NN1CCCCC1)c1cc(-n2cccc2)n(-c2ccc(Cl)cc2)n1,1
BNYQCLBSRNFGPY-ZDUSSCGKSA-N,Ki,nM,3953.0,CC(N)c1ccc(S(=O)(=O)c2ccc(Cl)cc2S(=O)(=O)c2ccccc2F)cc1,1
BOCOOGACYDJDID-CQSZACIVSA-N,Ki,nM,0.49,CC(NC(=O)C1(NC(=O)c2ccc(Br)nc2)CC1)c1ccc(-n2nc(Cl)c3ccccc32)cc1F,1
BOFBXHXQNKHAHR-UHFFFAOYSA-N,Ki,nM,1800.0,CCC(C)(C)C(=O)Nc1cc(C)c(C)c(S(=O)(=O)N2CCCCCC2)c1,1
BOFHHPZKLSDUAX-XMMPIXPASA-N,IC50,nM,1.4,CC1(C)CC(NC(=O)c2n[nH]c3c2CCC3)c2cc(-c3ccc(Cl)cc3)c(-c3ccc(Cl)cc3Cl)nc2O1,1
BOLUZDIMCUECSL-AREMUKBSSA-N,IC50,nM,0.6,CC1(C)CC(NC(=O)c2ccc3[nH]ncc3c2)c2cc(-c3ccc(Cl)cc3)c(-c3ccc(Cl)cc3Cl)nc2O1,1
BOMFDVKNDSZEQA-UHFFFAOYSA-N,Ki,nM,20000.0,Nc1ccc2c(c1)c(OCc1ccc3ccccc3c1)nn2CCN1CCCCC1,1
BOQLWDKHJXEOTP-UHFFFAOYSA-N,Activity,%,16.0,CCCCCn1cc(C(=O)NC2CCCCCC2)c(=O)n2nc(-c3ccco3)cc12,1
BORFMHCKPJGIAB-UHFFFAOYSA-N,Activity,%,23.4,CCCCCCCCN1C(=O)C(c2ccc(Br)cc2)(c2ccc(Br)cc2)NC1=S,1
BOSWFILKYDOCBO-UHFFFAOYSA-N,EC50,nM,79.43,CCN(CC)Cc1csc(-c2cn(CC3CCOCC3)c3c(F)cccc23)n1,1
BOURBCAYHOFUDB-UHFFFAOYSA-N,Activity,%,5.0,CCCCCn1cc(C(=O)NC(C)c2ccc3ccccc3c2)c(=O)c2ccccc21,1
BOWIAGINVFDHHU-UHFFFAOYSA-N,Activity,%,132.4,CCc1c(C(=O)NCCc2ccc(N3CCN(C)CC3)cc2)[nH]c2ccc(Cl)cc12,1
BOWVQLFMWHZBEF-KTKRTIGZSA-N,Ki,nM,1100.0,CCCCCCCCC=CCCCCCCCC(=O)NCCO,1
BOXSVNJFSMCVER-UHFFFAOYSA-N,IC50,nM,1300.0,CN(C)C(=O)c1cc(-c2ccc(Cl)cc2)c(-c2ccc(Cl)cc2Cl)nc1Cl,1
BOXWHQWDUBNHQB-UHFFFAOYSA-N,Displacement,%,10.0,CCCN1C(=O)NC(c2ccccc2)(c2ccccc2)C1=O,1
BPDUKOOBZHBPTD-UHFFFAOYSA-N,Ki,nM,2.9,CCCCCCC1(c2ccc(-c3cc(C)cc(C)c3)c(O)c2)CCCC1,1
BPOLLSANJOHJRS-UHFFFAOYSA-N,Inhibition,%,34.0,O=C1N=C2SCCCCN2C1(c1ccccc1)c1ccccc1,1
BPRPWFMPSMOCSC-UHFFFAOYSA-N,IC50,nM,3.4,N#CCc1c(C(=O)N2CCC(O)(Cc3ccccc3)CC2)nn(-c2ccccc2Cl)c1-c1ccc(Cl)cc1,1
BPTBYQRAWIBZFL-UHFFFAOYSA-N,Activity,%,34.2,CCCCCCCN1C(=O)C(c2ccc(Br)cc2)(c2ccc(Br)cc2)NC1=S,1
BPTDWRQYMMIHHK-UOKFIYJESA-N,Kb,nM,0.472,COc1cccc(C2CC(NC(C)c3ccccc3)C(=O)N2c2ccc(C(F)(F)F)cc2)c1,1
BPZTVPWTNLWRSN-KHPPLWFESA-N,Ki,nM,5000.0,CCCCCCCCC=CCCCCCCCCCCCC(=O)Nc1ccc(OC)cc1,1
BQKOUFSWNAVYGG-UHFFFAOYSA-N,EC50,nM,8500.0,CCn1c(C(=O)NCc2ccc(C#N)cc2)nc2c(-c3ccccc3)cccc21,1
BQLMLESQRPERCE-UHFFFAOYSA-N,Ki,nM,70.0,CC1CCC(NC(=O)c2cccn(Cc3ccc(F)cc3)c2=O)CC1,1
BQMLVIPNBYBAFL-UHFFFAOYSA-N,Ki,nM,560.0,O=C(NCCC(c1ccccc1)c1ccccc1)C(c1ccccc1)c1ccc([N+](=O)[O-])cc1,1
BQVOMBBRESRGRI-UHFFFAOYSA-N,EC50,nM,8320.0,CC(=O)NCCc1cc(S(=O)(=O)c2ccc3c(c2)nc(C(C)(C)C)n3CC2CCOCC2)ccn1,1
BQYPKXDCTROOHB-AWEZNQCLSA-N,Ki,nM,1.3,CC(NS(C)(=O)=O)c1ccc(S(=O)(=O)c2ccc(Cl)cc2S(=O)(=O)c2ccccc2F)cc1,1
BRARCMIUSRQKHO-UHFFFAOYSA-N,Activity,%,16.0,CCCCCn1cc(C(=O)NC2CCCCC2)c(=O)n2nc(-c3ccccc3C)cc12,1
BRJKUDRVPYJFBW-UHFFFAOYSA-N,Ki,nM,1900.0,CC1(C)C(C(=O)c2cn(CCc3ccccn3)c3ccccc23)C1(C)C,1
BRJRXEOBLQQTQY-UHFFFAOYSA-N,Activity,%,77.0,CCCCCn1c2ccccc2c2cc(C(=O)c3ccccc3)ccc21,1
BRJYGKRICFKEAO-UHFFFAOYSA-N,IC50,nM,24.0,COc1c(NC(C)=O)c2cc(-c3ccc(Cl)cc3)c(-c3ccc(Cl)cc3Cl)nc2n(C)c1=O,1
BRKGGFYGJOKMTE-UHFFFAOYSA-N,Kd,nM,19.95,Cc1c(C(=O)NN2CCCCC2)nc(-c2ccc(Cl)cc2)n1-c1ccc(Cl)cc1Cl,1
BRQVTPIRIXMLAJ-UHFFFAOYSA-N,IC50,nM,44.0,CC(C)(O)C#Cc1nc(-c2ccccc2Cl)c(-c2ccc(Cl)cc2)cc1C#N,1
BRSUJFVKAISEFW-UHFFFAOYSA-N,IC50,nM,2.1,CC1(C)CC(NC(=O)C(C)(C)CO)c2cc(-c3ccc(Cl)cc3)c(-c3ccc(Cl)cc3Cl)nc2O1,1
BRVINROMIDSTSF-UHFFFAOYSA-N,Ki,nM,25.0,CCc1ccccc1NC(=O)CSc1nnc(-c2ccccc2OC)n1-c1ccccc1,1
BRXJBOGZEFKWPQ-UHFFFAOYSA-N,Ki,nM,388.0,CC1(C)C(C(=O)c2cn(CC3CCOCC3)c3cccc(O)c23)C1(C)C,1
BRYFIBRPXKDGCG-UHFFFAOYSA-N,EC50,nM,10000.0,CC(C)(C)c1cc(NC(=O)N2CCCN(C(=O)C3CCOCC3)CC2)on1,1
BSCFQWLVUOTQPC-UHFFFAOYSA-N,Activity,%,21.0,CCCCCn1cc(C(=O)NC2CCCCC2)c(=O)n2nc(-c3ccco3)cc12,1
BSCVBLAAUQIHKD-UHFFFAOYSA-N,Ki,nM,500.0,CCCCCCC(C)(C)c1ccc(-c2cccc(C(=O)O)c2)c(O)c1,1
BSDMJYSSFPMYNV-UHFFFAOYSA-N,Ki,nM,38.0,O=c1c2nn(-c3ccc(Cl)cc3)c(-c3ccccc3Cl)c2ncn1C1CCCCC1,1
BSSHIYKJWDEBRP-UHFFFAOYSA-N,EC50,nM,10000.0,CC(C)(C)c1cc(NC(=O)N2CCCN(C(=O)C3CCN(S(C)(=O)=O)CC3)CC2)no1,1
BSXSYORWCBQRQM-UHFFFAOYSA-N,Activity,%,101.1,O=C1C(c2ccccc2)N(c2ccc(Cl)cc2)C(=O)N1c1ccc(Cl)cc1,1
BSYJXMRHTYHKRJ-GMAHTHKFSA-N,Ki,nM,41.0,O=C(NC1Cc2ccccc2C1O)c1cn(-c2ccc(Cl)cc2)c(-c2ccccc2Cl)n1,1
BSZUTDBDEMBHNY-UHFFFAOYSA-N,Activity,%,64.0,COc1ccc(-c2c(C(=O)NC3CCCCC3)cnn2-c2ccc(Cl)cc2Cl)cc1,1
BTDIHKGECPRTAF-UHFFFAOYSA-N,EC50,nM,500.0,Cn1c(C(=O)NC2CCCCC2)nc(-c2ccc(Cl)cc2)c1-c1ccc(Cl)cc1,1
BTHUUYVJKCBODB-CUFOWWEISA-N,EC50,nM,39.81,CCCCC1=NN(C(=O)NC2CC3CCC2(C)C3(C)C)C(C)(C)C1c1ccccc1,1
BTJDLIRSSVCJHZ-UHFFFAOYSA-N,Ki,nM,2.7,CCCCCCC(C)(C)c1ccc(-c2cc(C)cc(C)c2)c(O)c1,1
BTOMRLLEGFBHIK-UHFFFAOYSA-N,IC50,nM,10.0,O=C(NCc1cccc(Cl)c1)c1ccc2c(c1)N=C(c1ccc(F)cc1)c1ccccc1S2,1
BTQAIJPHDOPKAX-UHFFFAOYSA-N,Inhibition,%,0.0,CCCCC1(c2cc(O)c3cc(Cc4ccccc4O)c(=O)oc3c2)CCCCC1,1
BTRLEVJMKJXOEY-UHFFFAOYSA-N,Ki,nM,1623.0,CCCCn1cccc(C(=O)NC2CCC(C)CC2)c1=O,1
BTSFJHJCROCBRV-UHFFFAOYSA-N,EC50,nM,50000.0,Cc1nc(N2CCN(C)CC2)c2nc(-c3ccccc3C)n(C3CCOCC3)c2n1.Cl,1
BTWDWNAWMKULEG-UHFFFAOYSA-N,Activity,%,30.0,CCCCCn1cc(C(=O)NC(C)C23CC4CC(CC(C4)C2)C3)c(=O)cc1C,1
BTYHENBPEHZKQH-UHFFFAOYSA-N,Ki,nM,5000.0,CCCCc1[nH]c2ccc(Br)cc2c(=O)c1C(=O)NC12CC3CC(CC(C3)C1)C2,1
BURLHLSCGJUDJE-UHFFFAOYSA-N,Inhibition,%,18.0,O=C1CN(Cc2ccc(-c3cccc(CN4CCCCC4)n3)cc2)C(=O)N1CC(F)F,1
BUZAJRPLUGXRAB-UHFFFAOYSA-N,EC50,nM,57.54,Cc1c(C(=O)NN2CCCCC2)nn(-c2ccc(Cl)cc2Cl)c1-c1ccc(I)cc1,1
BUZUBEPVBWMZKB-GPNIZQGCSA-N,IC50,nM,50.0,COc1ccc(S(=O)(=O)NC(=NC(C(=O)NCC(N)=O)C(C)C)N2CC(c3ccccc3)C(c3ccc(Cl)cc3)=N2)cc1,1
BVCIPCDOIQHDME-UHFFFAOYSA-N,Ki,nM,548.0,O=C(O)Cc1ccccc1NC(=O)c1cc2c(n(CC3CCCCC3)c1=O)CCCCCC2,1
BVEWYWJSOUCIJL-CQSZACIVSA-N,Ki,nM,21.0,COc1cc(C(=O)NC2(C(=O)NC(C)c3ccc(-n4nc(OC)c5ccccc54)cc3F)CC2)on1,1
BVGCJYLWSMDDMH-SZNDQCEHSA-N,Ki,nM,33.0,O=C(NC1CCC1)C1CCC(c2ccc(Cl)cc2Cl)N(c2ccc(Cl)cc2)C1,1
BVHUBSXFEBLDQD-UHFFFAOYSA-N,Ki,nM,395.0,CC1(C)C(C(=O)c2cn(CC3CCOCC3)c3cc(O)c(O)cc23)C1(C)C,1
BVIFLPOBJJYFHU-UHFFFAOYSA-N,Ki,nM,5000.0,COc1cc(C(=O)O)cc(OC)c1-c1cc(C)cc(C)c1,1
BVIHFTLHUNNBFZ-UHFFFAOYSA-N,EC50,nM,500.0,CCn1c2ccccc2c2cc(NC(=O)CCc3nc(-c4ccccc4F)no3)ccc21,1
BVOSIGPSIPSBHF-PJTPHUNSSA-N,IC50,nM,27.0,CC(N=C(NS(=O)(=O)c1ccc(Cl)cc1)N1CC(c2ccccc2)C(c2ccc(Cl)cc2)=N1)C(=O)NC(C)C(N)=O,1
BVSBLNRNBLBOSE-UHFFFAOYSA-N,Ki,nM,5000.0,O=C(Cc1c[nH]c2ccc(-c3ccccc3)cc12)NC12CC3CC(CC(C3)C1)C2,1
BVVUJHUFFPAHCS-UHFFFAOYSA-N,Ki,nM,381.0,CCCCCn1cc(C(=O)c2cc3ccccc3cc2OC)c2ccccc21,1
BWAUZVRXILHVNY-UHFFFAOYSA-N,Inhibition,%,22.0,CCCCCn1cc(C(=O)NC2CCCCC2)c(=O)c2c(-c3ccc(Cl)cc3)nn(C)c21,1
BWFHQUWTZYXJKW-UHFFFAOYSA-N,Activity,%,30.0,CCCCCn1cc(C(=O)NC2CCCCC2)c(=O)cc1C,1
BWGPOUWREKOMMQ-UHFFFAOYSA-N,EC50,nM,15000.0,Cc1c[nH]c2c(Nc3cccc(Cl)c3)ncc(C(=O)NC3CCOCC3)c12,1
BWJBMJWNVIDIJU-UHFFFAOYSA-N,Ki,nM,70.0,Cc1c(C(=O)NCc2ccc(Cl)cc2)nn(-c2ccc(Cl)c(Cl)c2)c1-n1cccc1,1
BWKBVEVEQOCSCF-UHFFFAOYSA-N,Ki,nM,400.0,CCCCCCC(C)(C)c1cc(O)c2c(c1)oc(=O)c1ccc(O)cc12,1
BWLJNWKRNQHRNF-UHFFFAOYSA-N,Ki,nM,31.3,CCCCCn1c(=O)c(C(=O)NC23CC4CC(CC(C4)C2)C3)cc2ccccc21,1
BWPZHONCTDSMAJ-UHFFFAOYSA-N,Activity,%,37.4,CCCCCCn1cc(C(=O)NCc2ccccc2)c(=O)c2ccccc21,1
BWQTUBOCPNZCDY-UHFFFAOYSA-N,EC50,nM,5000.0,FC1CCN(Cc2ccccc2-c2ncc(-c3cccc(C(F)(F)F)c3)[nH]2)CC1,1
BWRQQTYERKIARX-UHFFFAOYSA-N,IC50,nM,441.0,O=C(NC1CCCCC1)N1CCN(C(c2ccc(Cl)cc2)c2cccc(Cl)c2Cl)CC1,1
BWTWHSMZCKTAOD-UHFFFAOYSA-N,EC50,nM,1430.0,CCN1CCN(c2nc(C)nc3nc(-c4ccccc4Cl)[nH]c23)CC1,1
BXDBXZJXBLYBJV-UHFFFAOYSA-N,IC50,nM,8440.0,COc1ccc(-n2c(-c3ccc(Cl)cc3)nn(C(=O)Nc3ccc(C)cc3)c2=O)cc1,1
BXGFSSIWENBFKG-QFIPXVFZSA-N,Ki,nM,34.3,CC(O)(CNC(=O)c1cnc(OCC2CC2)c(-c2ccc(Cl)cc2)c1)C1CC1,1
BXHXLZHBDIEPER-UHFFFAOYSA-N,IC50,nM,4.2,O=S1(=O)CCN(c2cnc(-c3ccc(C(F)(F)F)cc3)c(-c3ccncc3Cl)n2)CC1,1
BXMADDLHAXPJCL-UHFFFAOYSA-N,Activity,%,28.7,O=C(c1cn(CCC2CCCCC2)c2ccccc2c1=O)c1cccc2ccccc12,1
BXMCCNCBNXREJN-UHFFFAOYSA-N,Ki,nM,2030.0,CC1(C)C(C(=O)c2cn(Cc3cccnc3)c3ccccc23)C1(C)C,1
BXPVERGEZGSHOD-UHFFFAOYSA-N,IC50,nM,67.0,Cc1c2c(n(-c3ccc(Cl)cc3Cl)c1-c1cccc(C(F)(F)F)c1)CCN(C1CCCCC1)C2=O,1
BXRSYUFMJUGANE-UHFFFAOYSA-N,IC50,nM,1578.0,O=C(NC1CCCCC1)c1cnc(-c2ccccc2Cl)c(-c2ccccc2Cl)n1,1
BYBLEWFAAKGYCD-UHFFFAOYSA-N,IC50,nM,21050.0,Clc1ccc(COC(Cn2ccnc2)c2ccc(Cl)cc2Cl)c(Cl)c1,1
BYCRVQPVYCMIPQ-UHFFFAOYSA-N,EC50,nM,8500.0,CCn1c(C(=O)NCc2cncnc2)nc2c(-c3ccccc3)cccc21,1
BYEHLGQTZYKVFJ-UHFFFAOYSA-N,Ki,nM,1300.0,CCCCCOc1nn(CCCCC)c2ccc([N+](=O)[O-])cc12,1
BYIJMJCEMYCATI-UHFFFAOYSA-N,EC50,nM,403.0,O=C(CCc1nc(-c2ccc(F)cc2Cl)no1)Nc1cnc2ccccc2c1,1
BYNMFBSZECDGSU-UHFFFAOYSA-N,Ki,nM,240.99,COCc1c(C(=O)NC2CCCCC2)nn(-c2ccc(Cl)cc2Cl)c1C1C2(C)CCC(C2)C1(C)C,1
BYPMRDDODQUEJN-UHFFFAOYSA-N,Ki,nM,5000.0,Cn1ccnc1CCn1cc(C(=O)C2C(C)(C)C2(C)C)c2ccccc21,1
BYPRYRAYQLEVHL-UHFFFAOYSA-N,IC50,nM,58.0,COc1cc(F)ccc1-c1cccc(Cn2ccc3ccc(NC(=O)C(C)(C)C)cc32)c1,1
BZGHRPJJDHHINJ-UHFFFAOYSA-N,Ki,nM,265.0,O=C(NC12CC3CC(CC(C3)C1)C2)c1cn2c3c(cccc3c1=O)OCC2c1ccccc1,1
BZGJXNGJNPKUIC-UHFFFAOYSA-N,Inhibition,%,25.0,CCC1(C(=O)Nc2cc(CN3CCOCC3)c(C)cn2)CC1,1
BZHRHJUPSIQEGF-UHFFFAOYSA-N,Inhibition,%,12.0,COc1ccc(Cl)cc1NC(=O)c1oc2ccc(S(=O)(=O)N3CC(C)CC(C)C3)cc2c1C,1
BZMVRGBTQHGPIW-UHFFFAOYSA-N,Inhibition,%,13.3,C=CCNC(=O)CCCCCCCCCCCCCCC,1
BZPFVRQBUZSLQH-NHCUHLMSSA-N,Ki,nM,374.0,O=C(NC1CCCCC1O)c1cnc(OC2CCCC2)c(-c2ccc(Cl)cc2)c1,1
BZQDATRLDWHLND-UHFFFAOYSA-N,IC50,nM,4.7,O=C(NN1CCCCC1)N1CCN(C(c2ccccc2)c2ccc(Cl)cc2Cl)CC1,1
BZQFHSCUHQMKPN-SFHVURJKSA-N,Ki,nM,84.0,COc1ccc(S(=O)(=O)c2cc(OC)ccc2S(=O)(=O)c2ccc(C(C)NC(=O)c3ccc(Cl)c(Cl)c3)cc2)cc1,1
BZRLSZPXWKJEHX-UHFFFAOYSA-N,EC50,nM,16000.0,Cc1ccc(-c2cc(C(=O)Nc3ccc(S(=O)(=O)Nc4nccs4)cc3)c3ccccc3n2)c(C)c1,1
BZRMZSWAAQYRME-UHFFFAOYSA-N,Ki,nM,10000.0,COc1ccc2c(c1)c(CC(=O)N1CCOCC1)c(C)n2Cc1cccc(Cl)c1Cl,1
BZUMZMGUILGISW-UHFFFAOYSA-N,Activity,%,59.6,CCCCCn1cc(C(=O)NC23CC4CC(C)(CC(C)(C4)C2)C3)c(=O)c2ccc(Cl)cc21,1
BZWCPMNJOQACEK-UHFFFAOYSA-N,EC50,nM,16000.0,Cc1cc2cc3c(cc2n2c(SCC(=O)Nc4nc(-c5ccccc5)cs4)nnc12)OCCO3,1
BZXFRVYHKUFYBJ-UHFFFAOYSA-N,EC50,nM,16000.0,COc1ccc(S(=O)(=O)N2CCOCC2)cc1NC(=O)c1cc2c(s1)CCCCC2,1
BZYPOSYJBZSSOY-UHFFFAOYSA-N,EC50,nM,11.0,CCS(=O)(=O)n1c2c(c3cc(C(=O)N4CCC(C)CC4)ccc31)CN(C1CCCC1)CC2,1
CAJNWUOKIPMYSB-DJJJIMSYSA-N,Ki,nM,61.0,NCCC1CCC(c2ccc(Cl)cc2Cl)N(c2ccc(Cl)cc2)C1,1
CASPBZLKADMKDN-UHFFFAOYSA-N,Ki,nM,156.0,Cc1c(C(=O)NCCc2ccc(Cl)cc2Cl)nn(-c2ccc(Cl)cc2Cl)c1-n1c(C)ccc1C,1
CATXKTUUSUDLHR-WPZCJLIBSA-N,Ki,nM,1320.0,CC(C)(C)C(NC(=O)n1c(=O)n(CC2CCCO2)c2ccccc21)C(N)=O,1
CBCVCXIOKPCZSL-UHFFFAOYSA-N,Kb,nM,7.3,Cc1ccccc1-c1nc(C(=O)NC2CCCCC2)cn1-c1ccc(Cl)cc1,1
CBHKWVNFZKJLIS-CGRGJDSMSA-N,Ki,nM,6000.0,CCCCCCCCCCCC(CC1OC(=O)C1CCCCCC)OC(=O)C(NC=O)C(C)CC,1
CBNQOXMUNJAOJO-BPNWFJGMSA-N,IC50,nM,0.2,CC(O)C(=O)NC1CC2(CCCCC2)Oc2nc(-c3ccccc3Cl)c(-c3ccc(Cl)cc3)cc21,1
CBPAWNUBPRHFPD-JWQCQUIFSA-N,Ki,nM,60.0,CC1=CCC2C(C1)c1c(O)cc(C(C)(C)CCCCC(=O)NCc3ccc(S(N)(=O)=O)cc3)cc1OC2(C)C,1
CBQSIPVLKFOABM-UHFFFAOYSA-N,EC50,nM,5000.0,O=C(Nc1sc2c(c1C(=O)N1CCOCC1)CCOC2)c1cccc(OC(F)(F)F)c1,1
CBSOUBVQPWYNEC-UKTHLTGXSA-N,Activity,%,5.0,O=C(C=Cc1ccc2ccccc2c1)CCCC(=O)NC1CC1,1
CBYRNSDJEFSYLF-UHFFFAOYSA-N,IC50,nM,5.9,CC(C)(C)c1nc2nc(-c3ccccc3Cl)c(-c3ccc(C#N)cc3)cc2c2n[nH]c(=O)n12,1
CCAVJKKSPCZNBU-UHFFFAOYSA-N,Ki,nM,3564.5,CCCn1nc(C(=O)NN2CCCCC2)c(C)c1-c1ccccc1,1
CCCNDEHNLCZMEM-MHECFPHRSA-N,IC50,nM,44.1,CC(NC(=O)Cc1ccccc1)C(Cc1ccc(Cl)cc1)c1cccc(C#N)c1,1
CCDDFRFFGRIXTC-UHFFFAOYSA-N,Ki,nM,5510.0,CCCCCn1cc(CC(=O)NC23CC4CC(CC(C4)C2)C3)c2cc(Br)ccc21,1
CCPVRKRUYAMXAM-UHFFFAOYSA-N,EC50,nM,1581.14,CC(C)(O)c1cc(Nc2ccc(Cl)cc2Cl)ncc1C(=O)NCC1CCOCC1,1
CCRVBVOPXQWFCB-UHFFFAOYSA-N,Ki,nM,1256.0,CCCCn1cc(C(=O)NC2CCCCC2)c(=O)c2c(C)nn(C)c21,1
CCRVSKVUOZLTMX-UHFFFAOYSA-N,EC50,nM,6160.0,Cc1nc(N2CCN(C)CC2)c2nc(-c3ccccc3Cl)n(CCO)c2n1,1
CDBQSPQLPIPLAO-UHFFFAOYSA-N,EC50,nM,500.0,OCC1CCCN(Cc2cccc(-c3ncc(-c4cccc(C(F)(F)F)c4)[nH]3)c2)C1,1
CDFBPUHOZFSRSQ-UHFFFAOYSA-N,EC50,nM,16000.0,Cc1nc(N2CCN(C(=O)C(C)C)CC2)c2c3c(sc2n1)CCCC3,1
CDGLHYPUOWFNMC-CYSDGLOUSA-N,Emax,%,46.0,O=C(c1cc(-c2ccccc2F)n[nH]1)N1CCC(O)(c2ccccc2)C2CCCCC21,1
CDHVKCLNVBLBCF-FLIBITNWSA-N,Inhibition,%,29.0,O=C1C(=Cc2ccc(Br)cc2)N=C2SCCCN12,1
CDMGPDPGOOJHDC-UHFFFAOYSA-N,EC50,nM,1000.0,CC(C)(C(=O)Nc1cnc2ccccc2c1)S(=O)(=O)c1ccc(C(F)(F)F)cc1Cl,1
CDSXOABQVPQZGM-INIZCTEOSA-N,Ki,nM,1779.0,COc1ccc(S(=O)(=O)c2cc(OC)ccc2S(=O)(=O)c2ccc(C(C)NC(C)=O)cc2)cc1,1
CDUXDGACTJTIRY-UHFFFAOYSA-N,EC50,nM,25.12,CCN(CC)Cc1csc(-c2cn(CC3CCOCC3)c3c(Cl)cccc23)n1.Cl,1
CEBQNYJQEFWDTE-UHFFFAOYSA-N,Ki,nM,9.8,C=Cc1ccc(-c2c(C)c3c(n2-c2ccc(Cl)cc2Cl)CCN(C2CCCCC2)C3=O)cc1,1
CEDSOEBPHFGRGL-UHFFFAOYSA-N,Kd,nM,15.85,CN1CCC(N=C(NS(=O)(=O)c2ccc(Cl)cc2)N2CC(c3ccccc3)C(c3ccc(Cl)cc3)=N2)CC1,1
CEGOSFADOUDZAE-UHFFFAOYSA-N,Activity,%,73.8,O=C(c1cn(Cc2ccc(Cl)cc2)c2ccccc2c1=O)c1cccc2ccccc12,1
CEKDBOWXFYQVFY-UHFFFAOYSA-N,Ki,nM,5000.0,Cc1c(C(=O)NC2(C#N)CCOCC2)nn(-c2ccccc2Br)c1-c1cccc(F)c1,1
CEOGNFFOVOPUSS-UHFFFAOYSA-N,Activity,%,75.0,O=C(NN1CCCCCC1)c1cnn(-c2ccc(Cl)cc2Cl)c1-c1ccc(Cl)cc1,1
CEOURMOBIKELEG-FQEVSTJZSA-N,Ki,nM,105.0,Cc1ccc(-c2ncc(C(=O)NC(CC(C)C)C(N)=O)nc2-c2ccc(C)cc2)cc1,1
CEPMZWNMDKHVSU-UHFFFAOYSA-N,Ki,nM,2500.0,O=C(NC1(C(=O)O)CCCCC1)c1cc2c(n(CC3CCCO3)c1=O)CCCCCC2,1
CERWNYNSYAOQPJ-ZDUSSCGKSA-N,Ki,nM,1.3,CC(NS(=O)(=O)C(F)(F)F)c1ccc(S(=O)(=O)c2ccc(O)cc2S(=O)(=O)c2ccccc2F)cc1,1
CESQFNDENJVVBN-UHFFFAOYSA-N,EC50,nM,15811.4,Clc1ccccc1-c1ccc(N2CCOCC2)nn1,1
CETZMRBZZCWBAU-UHFFFAOYSA-N,Ki,nM,327.3,CCCCCCCn1nc(C(=O)NN2CCCCC2)cc1-c1ccccc1,1
CEWGTMQVOUFERG-WOJBJXKFSA-N,Ki,nM,1500.0,CCCCCc1cc(NC(=O)CN(C)C)c2c(c1)OC(C)(C)C1CCC(C)=CC21,1
CEWVABUVRQMIND-UHFFFAOYSA-N,EC50,nM,8500.0,O=C(NCc1ccccc1Cl)c1nc2c(-c3ccccc3)cccc2[nH]1,1
CEZHVSPQTPZNAG-UHFFFAOYSA-N,Activity,pmol,0.89,CN=C(NS(=O)(=O)c1ccc(Cl)cc1)C1CN(c2ccccc2)C(c2ccc(Cl)cc2)=N1,1
CFGJKAVEAIUNHS-HXUWFJFHSA-N,Ki,nM,1730.0,O=C(NC1CCCc2ccccc21)n1c(=O)n(CCN2CCOCC2)c2ccccc21,1
CFMRIVODIXTERW-FDFHNCONSA-N,Ki,nM,10000.0,CCCCCCC(C)(C)c1cc(OC)c(C2C=C(CO)C3CC2C3(C)C)c(OC)c1,1
CFOWBFPJYDXBKK-UHFFFAOYSA-N,Ke,nM,351.0,Cc1c(C(=O)NCC2CCC(CNC(=O)NC(C)C)CC2)nn(-c2ccc(Cl)cc2Cl)c1-c1ccc(Cl)cc1,1
CFPCMFLPKKZGMJ-UHFFFAOYSA-N,Inhibition,%,14.0,CCOCCn1cc(C(=O)NC2CCCCC2)c(=O)c2c(C)nn(C)c21,1
CFQBPYBPMFYBLY-UHFFFAOYSA-N,Ki,nM,2.0,CCCCCCC(C)(C)c1ccc2c(c1)OC(C)(C)c1ccc(CO)cc1-2,1
CFRFZOJZPLDJPP-OPWSDZRHSA-N,Inhibition,%,50.0,CC(=O)SC(CCc1ccccc1)C1C(=O)N(c2ccc(F)cc2)C1c1ccc(O)cc1,1
CFTMQROCQNRZNW-UHFFFAOYSA-N,EC50,nM,16000.0,COc1ccc(S(=O)(=O)N2CCOCC2)cc1NC(=O)c1ccc(OCC(C)C)c(OC)c1,1
CGBAMDDQAJQKSL-UHFFFAOYSA-N,EC50,nM,5000.0,CCS(=O)(=O)c1ccc2c(c1)nc(C(C)(C)C)n2CC1CCS(=O)(=O)CC1,1
CGBFZMKVQUAYOI-UHFFFAOYSA-N,Ki,nM,5000.0,CC(=O)Cn1nnnc1CNC(=O)c1ccc(-c2ccccc2)cc1,1
CGDKNZWDQQQYIK-HDICACEKSA-N,EC50,nM,8.0,CC1CN(S(=O)(=O)c2cccc3ccccc23)CC(C)N1C(=O)C1CCCCC1,1
CGIGDMFJXJATDK-UHFFFAOYSA-N,Ki,nM,10000.0,COc1ccc2c(c1)c(CC(=O)O)c(C)n2C(=O)c1ccc(Cl)cc1,1
CGKBQNDTELRHHP-RBUKOAKNSA-N,IC50,nM,200.0,O=C(C1CC1c1ccc(C(F)(F)F)cc1)N1CCN(S(=O)(=O)c2cc(-c3nc(=O)o[nH]3)cc(C(F)(F)F)c2)CC1,1
CGOMLRVFZYLLDP-MRXNPFEDSA-N,IC50,nM,5000.0,CC(C)(C)C(NC(=O)n1c(=O)n(CCN2CCOCC2)c2ccccc21)C(N)=O,1
CGOZSABHBLOFQK-UHFFFAOYSA-N,Ki,nM,20000.0,COc1ccc(COc2nn(CCN(C(C)C)C(C)C)c3ccc([N+](=O)[O-])cc23)cc1,1
CGRDIIOARBGIFY-GKFVBPDJSA-N,Ki,nM,500.0,CCCCCC=CCC=CCC=CCC=CCCCC(=O)NCc1cc(OC)ccc1OC,1
CGUPATPQERCSGW-UHFFFAOYSA-N,Ki,nM,54.0,Cc1c(C(=O)NCCc2ccc(Cl)c(Cl)c2)nn(-c2ccc(F)cc2F)c1-n1c(C)ccc1C,1
CGZLXAWPOJSOQB-RTBURBONSA-N,Ki,nM,20.1,CCCCCc1cc(O)c2c(c1)CC(C)(C)C1CCC(C)=CC21,1
CHAQYQZXDPQLIA-UHFFFAOYSA-N,Ki,nM,5055.0,CCCCCCC(C)(C)c1cc(OC)c(C2CCCC(C)(O)C2)c(OC)c1,1
CHFPCXKQAHKKIJ-UHFFFAOYSA-N,Inhibition,%,16.0,CC(C)CN1C(=O)CN(Cc2ccc(-c3cccc(CN4CCS(=O)(=O)CC4)n3)cc2)C1=O,1
CHHAVMUCQABXCB-UHFFFAOYSA-N,EC50,nM,50000.0,Cc1nc(N2CCN(C)CC2)c2nc(-c3ccccc3Cl)n(C(C)CO)c2n1,1
CHIFDHZBNSYDBJ-UHFFFAOYSA-N,Ke,nM,62.0,CCCCNC(=O)NC1(c2ccccc2)CCN(c2ncnc3c2nc(-c2ccccc2Cl)n3-c2ccc(Cl)cc2)CC1,1
CHKRJVPBJCFFOL-UHFFFAOYSA-N,Activity,%,25.0,O=C(CCCCCCCCCCOc1cc(O)cc(O)c1)NCCO,1
CHLLVQZFMABVHW-UHFFFAOYSA-N,IC50,nM,0.3,Cc1cc(Cl)ccc1-c1nc2c(cc1-c1ccc(Cl)cc1)C(NC(=O)C(O)C(F)(F)F)CC(C)(C)O2,1
CHMAJIUUNYDRFK-UHFFFAOYSA-N,IC50,nM,8.318,CCOc1ccc(OC(F)(F)F)cc1Cn1c(C(=O)NCC(C)(C)CO)cc2cc(C#N)ccc21,1
CHNPMCFXXVBMQY-UHFFFAOYSA-N,EC50,nM,15811.4,Clc1ccc(-c2ccc(N3CCOCC3)nn2)c(Cl)c1,1
CHQPXDFUARELSN-UHFFFAOYSA-N,Ki,nM,1811.0,CC1CCN(C(=O)c2ccc3c(c2)c2c(n3C)CN(C3CCCC3)C2)CC1,1
CHTOWZXNJOSOFU-UHFFFAOYSA-N,Activity,%,35.7,CCCCCn1cc(C(=O)c2ccc3ccccc3c2)c(=O)c2ccccc21,1
CHWARCWCRWGSGY-UHFFFAOYSA-N,Ki,nM,28.0,Cn1nc2c(-c3ccc(Cl)cc3)c(-c3ccncc3)c(=O)n(Cc3ccc(C(F)(F)F)nc3)n2c1=O,1
CHWBADWVZSYNNL-UHFFFAOYSA-N,Ki,nM,2000.0,CCCCCOC(=O)c1cc(O)c(-c2cc(C)cc(C)c2)c(O)c1,1
CHXQDKNCEUHQNY-UHFFFAOYSA-N,IC50,nM,16.0,Nc1nc(-c2ccc(Cl)cc2)nc2nc(-c3ccccc3Cl)c(-c3ccc(Cl)cc3)cc12,1
CHYSWBCIWZVCOY-UHFFFAOYSA-N,IC50,nM,17800.0,Cc1ccc(Cn2c(-c3ccc(C)cc3)nn(C(=O)NC3CCCCC3)c2=O)cc1,1
CICAAZMGCVKLJQ-UHFFFAOYSA-N,Ke,nM,0.5,CCCCCCNC(=O)NC1(c2ccccc2)CCN(C(=O)c2nn(-c3ccc(Cl)cc3Cl)c(-c3ccc(Cl)cc3)c2C)CC1,1
CIRBQXLJJUZWJE-UHFFFAOYSA-N,EC50,nM,5000.0,O=C(Nc1cnc2ccccc2c1)C1(S(=O)(=O)c2ccccc2)CC1,1
CITYMLNAFHCPNA-UHFFFAOYSA-N,IC50,nM,1840.0,COc1ccc(-c2nn(C(=O)NC3CCCCC3)c(=O)n2-c2ccc(C)cc2)cc1,1
CIULKVZBXUUNMV-UHFFFAOYSA-N,Ki,nM,245.7,CCCCCn1cc(C(=O)NC23CC4CC(CC(C4)C2)C3)c(=O)c2cc(-c3cnn(CC(C)C)c3)ccc21,1
CJAFXZUPRJLMRZ-FGZHOGPDSA-N,Ki,nM,13.0,CCN(CC)C(=O)CCCCC(C)(C)c1cc(O)c2c(c1)OC(C)(C)C1CC=C(C)CC21,1
CJAROWKGLMPEIV-UHFFFAOYSA-N,IC50,nM,5000.0,CCCCCCc1ccc(OCCCCCCCCCCCC(=O)NC2CC2)cc1O,1
CJAVPRNATZCNLN-NBRGKURFSA-N,IC50,nM,2300.0,CCCCCCCCCCCCCC=CCCC(=O)N(C)C(CO)COC,1
CJKNWDMOYREEON-UHFFFAOYSA-N,Inhibition,%,11.0,CC(C)CN1C(=O)CN(Cc2ccc(-c3ccc(F)c(CN4CCCC(C)C4)n3)cc2)C1=O,1
CJRJHMDHAHWFSZ-UHFFFAOYSA-N,Displacement,%,40.0,C=CCN1C(=O)C(c2ccccc2)(c2ccccc2)N=C1S,1
CJYCXOVKCZVPMO-UHFFFAOYSA-N,Inhibition,%,80.0,COc1ccccc1N1CCN(C(=O)C(C)Sc2nc(-c3ccccc3)cc(C(F)(F)F)n2)CC1,1
CKDWQTGNXHIMNQ-HJPURHCSSA-N,Ki,nM,6.0,O=S(=O)(NCC1CCC(c2ccc(Cl)cc2Cl)N(c2ccc(Cl)cc2)C1)c1cccnc1,1
CKEVMZSLVHLLBF-UHFFFAOYSA-N,Inhibition,%,5.0,CCCCCCCCCCCCCCCC(=O)OCc1ccccc1,1
CKHBCJGIALZZLQ-UHFFFAOYSA-N,Ki,nM,1100.0,CCC1(C(=O)Nc2cc(CN3CCOCC3)c(C)cn2)CCCC1,1
CKIMQGCGMNRLMG-UHFFFAOYSA-N,IC50,nM,21.0,COc1ccc(-c2ncc(C(=O)NN3CCCCC3)nc2-c2ccc(OC)cc2)cc1,1
CKLPLPZSUQEDRT-WPCRTTGESA-N,IC50,nM,5000.0,CC1Cc2c([nH]c3cc(Cl)c(F)cc23)C2(N1)C(=O)Nc1ccc(Cl)cc12,1
CKNHQZFDOIAZLV-UHFFFAOYSA-N,Ki,nM,356.0,COc1ccc(-c2c(Br)c(C(=O)NC3(C#N)CCOCC3)nn2-c2cccc(Br)c2)cc1,1
CLAIXBYIEGGFDP-UHFFFAOYSA-N,IC50,nM,6.0,Cc1ccc(-c2ncc(C(=O)NN3CCCCC3)nc2-c2ccc(C)cc2)cc1,1
CLJSEPHWOLCFPG-UHFFFAOYSA-N,EC50,nM,5000.0,CCOC1CCN(C(=O)C23CC4CC(CC(C4)C2)C3)c2ccccc21,1
CMHCZVLVBJHYLV-UHFFFAOYSA-N,Ki,nM,182.1,CCCCCNC(=O)c1nn(-c2ccc(Cl)cc2Cl)c(-n2c(C)ccc2C)c1C,1
CMJCLKJQWKCDNI-UHFFFAOYSA-N,Ki,nM,5000.0,CC(=O)Cn1nnnc1Cc1ccc(-c2ccccc2)cc1,1
CMKFIMKZZCVGHX-UHFFFAOYSA-N,Ki,nM,124.1,CCCCCCNC(=O)c1nn(-c2ccc(Cl)cc2Cl)c(-n2cccc2)c1C,1
CMNGMIJTLSOYJY-YNBBOVHRSA-N,Ki,nM,2000.0,C#CCCCC(=O)OCC(C)NC(=O)CCCC=CCC=CCC=CCC=CCCCCC,1
CMTAWOLUHJMEIC-UHFFFAOYSA-N,IC50,nM,107.0,CCN1C(c2nn(-c3ccc(Cl)cc3Cl)c(-c3ccc(Cl)cc3)c2C)=NC(=O)C1(C)C,1
CMVAZMSVUPMZKK-WOJBJXKFSA-N,Ki,nM,51.6,O=C(NC1CCCCC1O)c1cnc(OCc2ncccn2)c(-c2ccc(Cl)cc2)c1,1
CMVXSXQKCIEASR-UHFFFAOYSA-N,Ki,nM,10200.0,CCCCCc1cc(OC)c2cc(Cc3ccc(Br)cc3)c(=O)oc2c1,1
CMXHRZQCFYVJPN-UHFFFAOYSA-N,Ki,nM,6309.0,Oc1c(-c2ccc(Br)cc2)n(-c2ccccc2)c(=S)n1-c1ccccc1,1
CMZSISNWAUQXBO-AFMDSPMNSA-N,IC50,nM,21.1,CC(NS(=O)(=O)c1cccc2ccccc12)C(Cc1ccc(Cl)cc1)c1cccc(C#N)c1,1
CNBNNBHPCJWJQU-UHFFFAOYSA-N,EC50,nM,1581.14,CC(C)c1cc(Nc2cccc(C(F)(F)F)c2F)ncc1C(=O)NCC1CCOCC1,1
CNBUHFOUAFLYPB-UHFFFAOYSA-N,EC50,nM,3217.0,O=C(CN1CCCCC1)Nc1sc2c(c1C(=O)N1CCC(F)(F)CC1)CCCC2,1
CNDQSCXSSCTHKH-UHFFFAOYSA-N,Ki,nM,3400.0,CCC(C)(C)C(=O)Nc1cc(C)c(C)c(S(=O)(=O)NC2CCCC2)c1,1
CNLLGAKPEJMWKB-UHFFFAOYSA-N,Ki,nM,500.0,COCCn1cc(C(=O)c2ccc(-c3ccccc3)cc2)c2ccccc21,1
CNUFOOZCVOVFEH-UHFFFAOYSA-N,EC50,nM,398.11,Cl.Clc1cccc2c(-c3nc(CN4CCCC4)cs3)cn(CC3CCOCC3)c12,1
CNXHSGKYYXSHMP-HTAPYJJXSA-N,IC50,nM,0.5,CC(NC(=O)C(C)(C)Oc1ccc(C(F)(F)F)cn1)C(Cc1ccc(Cl)cc1)c1ccccc1,1
CNYKBABXMRHIQQ-UHFFFAOYSA-N,Decrease,%,-74.0,CC(C)CN1C(=O)C(c2ccc(Br)cc2)(c2ccc(Br)cc2)NC1=S,1
CNYUCQIDCSCYGQ-UHFFFAOYSA-N,IC50,nM,5000.0,O=C(NC1c2ccccc2CCC1O)n1c(=O)n(CCN2CCOCC2)c2ccccc21,1
CNZRLUJNVLWQBF-UHFFFAOYSA-N,Ki,nM,1500.0,CCCCCn1cc(C(=O)NC23CC4CC(CC(C4)C2)C3)c(=O)cc1C(C)(C)C,1
COFXHMAGNCARMW-UHFFFAOYSA-N,EC50,nM,16000.0,Cc1ccc(-c2cc(C(=O)Nc3ccc(S(=O)(=O)Nc4cc(C)on4)cc3)c3ccccc3n2)c(C)c1,1
COJKTNQUODKGBZ-FPOVZHCZSA-N,Kb,nM,13.0,CCc1c(C(=O)NC2CCCCC2O)nc(-c2ccccc2Cl)n1-c1ccc(Br)cc1,1
COKKMEAZDUJHGA-UHFFFAOYSA-N,Ki,nM,0.6,O=c1c2nn(-c3ccccc3Cl)c(-c3ccc(Cl)cc3)c2ncn1CC(F)F,1
COORGPWAXQPNSM-UHFFFAOYSA-N,Activity,%,29.3,O=C(c1cn(CCc2ccccc2)c2ccccc2c1=O)c1cccc2ccccc12,1
COTDGHSAHNTADR-UHFFFAOYSA-N,IC50,nM,5000.0,CC(NC(=O)n1c(=O)n(CCN2CCOCC2)c2ccccc21)c1ccc(F)cc1,1
COXVLBFQMLJUHG-UHFFFAOYSA-N,Ki,nM,356.0,O=C(NN1CCCCC1)c1nc(-c2ccc(Cl)cc2Cl)n(-c2ccc(Cl)cc2)n1,1
CPDGGNIMTXTRLF-UHFFFAOYSA-N,Activity,%,7.5,O=C1NC(=O)N(c2ccc(Cl)cc2)C1c1ccccc1,1
CPDWMTBNAHKMJZ-UHFFFAOYSA-N,Ki,nM,584.0,CN=C(NS(=O)(=O)c1ccc(Cl)cc1)N1CC(c2ccc(F)cc2)C(c2ccc(Cl)cc2)=N1,1
CPFFARIYTPCNJA-UHFFFAOYSA-N,Inhibition,%,14.0,CCCCCCCCCCCCCCCC(=O)OCCCl,1
CPGYXRHSZAOFEZ-UHFFFAOYSA-N,Ki,nM,560.0,c1ccc2c(COc3nn(CCN4CCCC4)c4ccccc34)cccc2c1,1
CPIGXCGOUUAVFD-UHFFFAOYSA-N,IC50,nM,2500.0,CN=C(NS(=O)(=O)c1ccc(C(=O)NO)cc1)N1CC(c2ccccc2)C(c2ccc(Cl)cc2)=N1,1
CPKOCFZVYUBWOC-UHFFFAOYSA-N,Activity,%,5.0,CCCCCn1cc(C(=O)N2CCOCC2)c(=O)c2ccccc21,1
CPNPKRREQMIDHL-UHFFFAOYSA-N,Ki,nM,2500.0,C=CCc1ccc(OCCC)c(-c2ccc(O)c(CC=C)c2)c1,1
CPTXZVAIZCMESQ-HGMMTPDKSA-N,Ki,nM,24.0,COc1cccc2c(C(=O)NC3C4(C)CCC(C4)C3(C)C)nn(CCN3CCOCC3)c12,1
CPYIIHGSBLUWEM-UHFFFAOYSA-N,EC50,nM,16000.0,CCc1sc(C(=O)Nc2cc(S(=O)(=O)N3CCOCC3)ccc2OC)cc1C,1
CPZFFCWPBSKKAF-UHFFFAOYSA-N,Kd,nM,6.31,O=C(NN1CCCCC1)c1cn(-c2ccc(Cl)cc2)c(-c2ccc(Cl)cc2Cl)n1,1
CQJXAIXGVLDTKT-UHFFFAOYSA-N,Ki,nM,5000.0,O=C(CCCCCCCCCCOc1cccc(O)c1)NC1CC1,1
CQOANAPFFHXAMB-UHFFFAOYSA-N,Kd,nM,3.981,O=C(NN1CCCCC1)c1nc(-c2ccc(Cl)cc2Cl)n(-c2ccc(Cl)cc2)c1Br,1
CQOATQDCIHNDJO-UHFFFAOYSA-N,Ki,nM,6661.0,O=c1n(-c2ccccc2)c(O)c(-c2ccc(Cl)cc2)n1-c1ccccc1,1
CQVVMULTZQAZBA-UHFFFAOYSA-N,IC50,nM,1.7,CC1(C)CC(NC(=O)CCO)c2cc(-c3ccc(Cl)cc3)c(-c3ccc(Cl)cc3Cl)nc2O1,1
CQVZQGJMJODCOE-PMACEKPBSA-N,Ki,nM,620.0,CNC1CCCCC1NC(=O)c1cn(-c2ccc(Cl)cc2)c(-c2ccc(Cl)cc2Cl)n1,1
CREVZVPNRPJMGM-YZKLRPOOSA-N,Ki,nM,2.45,CCCCCn1cc(C(=O)NC2C3(C)CCC(C3)C2(C)C)c(=O)c2ccc(Sc3ccccc3)cc21,1
CREWBZNTQFJRTK-UHFFFAOYSA-N,EC50,nM,16000.0,O=C(N1CCC(n2nc(-c3ccccc3)oc2=O)CC1)C1(c2ccc(Cl)cc2)CC1,1
CRNLOOZHRPDURJ-UHFFFAOYSA-N,Ki,nM,27.0,O=C(c1ccccc1)c1cc(O)c(-c2cc(Cl)cc(Cl)c2)c(O)c1,1
CROFSPLMEPFQJR-UHFFFAOYSA-N,Kd,nM,3.981,CN=C(NS(=O)(=O)N1CCCCCCC1)N1CC(c2ccccc2)C(c2ccc(Cl)cc2)=N1,1
CRPILUDAQQEGIJ-UHFFFAOYSA-N,Ki,nM,864000.0,CCCCCc1cc2cc(C(=O)NCCc3ccc(F)cc3)c(=O)n(C)c2c(O)c1OC,1
CRPPMKFSMRODIQ-FMBIJHKPSA-N,IC50,nM,1392.0,CC=CC=CC=CCCC=CC=CC(=O)NCC(C)(C)O,1
CRXFOCCUNRRJNW-UHFFFAOYSA-N,Ki,nM,3877.0,Cc1ccc(C2COc3cccc4c(=O)c(C(=O)NC56CC7CC(CC(C7)C5)C6)cn2c34)cc1,1
CRXJBISLCDTJDM-UHFFFAOYSA-N,EC50,nM,5000.0,O=C(C1CCCCC1)N1CCN(S(=O)(=O)c2cccc(C(F)(F)F)c2)CC1,1
CSCHTCLXDGSFOR-QMHKHESXSA-N,IC50,nM,13.9,CC(NS(=O)(=O)c1cccc(Cl)c1)C(Cc1ccc(Cl)cc1)c1cccc(C#N)c1,1
CSEQBOCMDXHKIF-UHFFFAOYSA-N,IC50,nM,1.0,CC(C)(C)c1nc2nc(-c3ccc(C#N)cc3Cl)c(-c3ccc(Cl)cc3)cc2c2n[nH]c(=O)n12,1
CSGYZECCJOVBJX-UHFFFAOYSA-N,Inhibition,%,38.0,Cc1ccc(-c2ncc(C(=O)N3CCC(O)CC3)nc2-c2ccc(C)cc2)cc1,1
CSNVKOLUWSVDLX-UHFFFAOYSA-N,Ki,nM,5.8,CC(C)(NC(=O)c1cc2c(n(CC3CCCCC3)c1=O)CCCCCC2)C(=O)NCCCCCO,1
CSRCTMMPOWLLFA-UHFFFAOYSA-N,EC50,nM,500.0,CC(C)(C(=O)Nc1ccc(C(F)(F)F)cc1)S(=O)(=O)c1ccc(Cl)cc1,1
CSUCQZQGBNFLTM-UHFFFAOYSA-N,Activity,%,66.0,Cc1noc(C)c1S(=O)(=O)N1CCc2c(nc(C(C)(C)C)n2CC2CC2)C1,1
CSVGRORMDAKMJR-KRWDZBQOSA-N,Ke,nM,4449.0,CC(=O)N1CCCC(Nc2ncnc3c2nc(-c2ccccc2Cl)n3-c2ccc(Cl)cc2)C1,1
CSVUVKCOLSBIBI-UHFFFAOYSA-N,Activity,%,30.0,Cc1cc(=O)c(C(=O)NC23CC4CC(CC(C4)C2)C3)cn1CC1OCCO1,1
CSXWLOVEZJWZMB-UHFFFAOYSA-N,Inhibition,%,15.5,CCCCCCCCCCCCCCCC(=O)N1CCOCC1,1
CTCFZCWHPKYAPK-NVHKAFQKSA-N,IC50,nM,10.0,CC(N=C(NS(=O)(=O)c1ccc(Cl)cc1)N1CC(c2ccccc2)C(c2ccc(Cl)cc2)=N1)C(=O)NCC(N)=O,1
CTCQFXBTKYCYGJ-NIYUQJHVSA-N,EC50,nM,5.012,CCCCCN1N=C(C(=O)NC2CC3CCC2(C)C3(C)C)CC1c1ccccc1,1
CTDUCEQBFQKBBS-UHFFFAOYSA-N,Activity,%,26.3,CCCCCn1cc(C(=O)NC23CC4CC(C)(CC(C)(C4)C2)C3)c(=O)c2ncccc21,1
CTFOQGZLZBBNRY-UHFFFAOYSA-N,Ki,nM,11.0,CC(C)(NC(=O)c1cc2c(n(CC3CCCCC3)c1=O)CCCCCC2)C(=O)NCC(N)=O,1
CTOOWHZBGXSIAP-UHFFFAOYSA-N,Ki,nM,43.0,O=C(NC1CCCCCC1)c1cccn(Cc2ccc(F)cc2)c1=O,1
CTRBVHCPNSITHF-UHFFFAOYSA-N,Ki,nM,5000.0,CCCCCOC(=O)c1cc(OC)c(-c2cc(C)cc(C)c2)c(OC)c1,1
CTXLHWVBEFYFSI-UHFFFAOYSA-N,Ki,nM,20000.0,COc1ccc(COc2nn(CCN(C(C)C)C(C)C)c3ccccc23)cc1,1
CTYHIWSJNUVLGR-UHFFFAOYSA-N,EC50,nM,15000.0,Cc1c[nH]c2c(Nc3cccc(Cl)c3)ncc(C(=O)NCC3CCOCC3)c12,1
CUAZSQYMXJAXLC-HXUWFJFHSA-N,Inhibition,%,21.0,CCCCCCCCCCCCCCCC(=O)NC(CO)C(C)C,1
CUCFIACZZPETED-UHFFFAOYSA-N,IC50,nM,43.9,CN1C(c2nn(-c3ccc(Cl)cc3Cl)c(-c3ccc(Cl)cc3)c2C2CC2)=NC(=O)C1(C)C,1
CUJUUWXZAQHCNC-DOFZRALJSA-N,Ki,nM,20.0,CCCCCC=CCC=CCC=CCC=CCCCCOC(CO)CO,1
CUKPDQSSXDAABM-UHFFFAOYSA-N,Activity,%,71.6,O=C1C(c2ccc(Cl)cc2)N(c2ccc(Cl)cc2)C(=O)N1c1ccc(Cl)cc1,1
CUYUOSQGVMZAHB-UHFFFAOYSA-N,Ki,nM,4290.0,CCCn1c(C)c(C(=O)c2cccc3cccc(I)c23)c2ccccc21,1
CVKAIIGWOZSOOP-GKFVBPDJSA-N,Ki,nM,5000.0,CCCCCC=CCC=CCC=CCC=CCCCC(=O)NCCc1cc(OC)cc(OC)c1,1
CVMCUOXJDFHVPX-UHFFFAOYSA-N,Ke,nM,99.0,CCCNC(=O)NC1(c2ccccc2)CCN(c2ncnc3c2nc(-c2ccccc2Cl)n3-c2ccc(Cl)cc2)CC1,1
CVMOKNKUFCMJOC-UHFFFAOYSA-N,IC50,nM,0.3,NC(=O)Cc1c(C(=O)N2CCC(c3ncccn3)CC2)nn(-c2ccccc2Cl)c1-c1ccc(Cl)cc1,1
CVSFQMUELAWQBC-UHFFFAOYSA-N,IC50,nM,2500.0,Cc1nn(-c2ccc(Cl)cc2)c(-n2cccc2)c1C(=O)NN1CCCCC1,1
CWBKXVQNZUWMHA-YHARCJFQSA-N,Ki,nM,10000.0,CCN(CC)c1ccc(C(NC(=O)C=Cc2ccccc2)NC(=O)C=Cc2ccccc2)cc1,1
CWQYMWNABHHDQG-UHFFFAOYSA-N,EC50,nM,2600.0,CCN1CCN(c2nc(C)nc3sc(-c4ccccc4)cc23)CC1,1
CWUOLTVQXBFROF-UHFFFAOYSA-N,IC50,nM,160.0,CCCCCCOc1ccc(C(=O)c2cccc3ccccc23)c2ccccc12,1
CWVYIGTYSQZSBO-UHFFFAOYSA-N,IC50,nM,325.1,CN1C(c2cc(-c3ccc(Cl)cc3)n(-c3ccc(Cl)cc3Cl)n2)=NC(=O)C1(C)C,1
CWXKITARQPOZNY-NHCUHLMSSA-N,Ki,nM,0.77,CCCCCCCCCc1cc(O)c2c(c1)OC(C)(C)C1CC=C(C)CC21,1
CWYDYWFZPBTTIM-UHFFFAOYSA-N,Inhibition,%,25.0,Fc1cccc(CCNC23OC4C5C6CC(C7C6C4C72)C53)c1,1
CXCNTDBGIZFJEC-UHFFFAOYSA-N,IC50,nM,2500.0,O=C(NN1CCCCC1)c1cc(-n2cccc2)n(-c2ccccc2)n1,1
CXDKSNHVDDMGGW-UHFFFAOYSA-N,Kd,nM,1.585,CSc1c(C(=O)NN2CCCC2)nn(-c2ccc(Cl)cc2Cl)c1-c1ccc(Cl)cc1,1
CXLQUCPRQKBNSP-UHFFFAOYSA-N,Ki,nM,25.0,CCCCCCc1cc(O)c2c(c1)OC(C)(C)C1=C2CCN(C)C1,1
CXNQZWQDDVBTAJ-UHFFFAOYSA-N,EC50,nM,951.0,Clc1ccc(-c2noc(C3CCN(c4cnc5ccccc5c4)CC3)n2)c(Cl)c1,1
CXNZYHMSULMVGD-UHFFFAOYSA-N,Ki,nM,4190.0,CCN(CC)C(=O)c1ccc2c(c1)nc(Cc1ccc(OCC3CC3)cc1)n2CCC(C)C,1
CXOFVDLJLONNDW-UHFFFAOYSA-N,Activity,%,10.0,O=C1NC(=O)C(c2ccccc2)(c2ccccc2)N1,1
CXZRBWVJBXMSMS-UHFFFAOYSA-N,Kb,nM,651.2,CCCCCCCc1c(C(=O)NCCc2ccc(N3CCCCC3)cc2)[nH]c2ccc(Cl)cc12,1
CYAYBVWBDOPZFW-UHFFFAOYSA-N,Kd,nM,307.0,CC(=O)NCCC#CCc1cc(O)c2c(c1)OC(C)(C)C1CC=C(C)CC21,1
CYDCEEAUKMSWFL-UHFFFAOYSA-N,Ke,nM,2.9,CS(=O)(=O)NC1(c2ccccc2)CCN(c2ncnc3c2nc(-c2ccccc2Cl)n3-c2ccc(Cl)cc2)CC1,1
CYDFTQZJAGEURD-UHFFFAOYSA-N,EC50,nM,5000.0,Cc1ccc(C(=O)O)cc1S(=O)(=O)N1CCCCC1,1
CYHSJMXZGJNACF-UHFFFAOYSA-N,EC50,nM,8.5,Cc1c(C2=NC(=S)C(C)(C)N2C)nn(-c2ccc(Cl)cc2Cl)c1-c1ccc(Cl)cc1,1
CYQFCXCEBYINGO-UHFFFAOYSA-N,Ki,nM,5.05,CCCCCc1cc(O)c2c(c1)OC(C)(C)C1CCC(C)=CC21,1
CYQXLGKLNFOSNA-UHFFFAOYSA-N,Displacement,%,21.7,COc1ccc(C2(c3ccc(OC)cc3)NC(=O)N(CCN3CCOCC3)C2=O)cc1,1
CYUSVHNZKWRSMW-UHFFFAOYSA-N,Displacement,%,44.3,O=C1NC(Cc2c[nH]c3ccccc23)C(=O)N1CCCc1ccccc1,1
CYUYYNRZPYLZJQ-UHFFFAOYSA-N,IC50,nM,19000.0,Cn1c(C(=O)N2CCCCC2)nc(-c2ccccc2)c1-c1ccccc1,1
CYXNIKYYBOULLS-UHFFFAOYSA-N,IC50,nM,43.0,O=C(NC1CCCCC1)N1CCN(C(c2ccccc2)c2cc(Cl)ccc2Cl)CC1,1
CYYSZAZPIWBLCE-JPGHVHQMSA-N,Ki,nM,5000.0,CC(C)CC1COc2cccc3c(=O)c(C(=O)NC45CC6CC(CC(C6)C4)C5)cn1c23,1
CZFXFZZCNOBAQP-UHFFFAOYSA-N,Activity,%,29.0,Cc1ccc(-c2c(C(=O)NN3CCCCC3)cnn2-c2ccc(Cl)cc2Cl)cc1,1
CZHOXYKXIPYLJS-UHFFFAOYSA-N,Ki,nM,5000.0,CC1(C)C(C(=O)c2cn(CCN3CCOCC3)c3cccc([N+](=O)[O-])c23)C1(C)C,1
CZIITECPJJGHFF-UHFFFAOYSA-N,Ki,nM,380.0,Cc1c(C(=O)NCCc2ccc(Cl)cc2Cl)nn(-c2ccc(F)cc2F)c1-n1cccc1,1
CZNDSRXWIOPAEE-UHFFFAOYSA-N,Displacement,%,2.5,CN(C)CCN1C(=O)NC(c2ccccc2)(c2ccccc2)C1=O,1
CZZQQVWVTMPPSZ-UHFFFAOYSA-N,Ki,nM,1300.0,CC(C)(C)CNC(=O)c1ccc(Br)c(S(=O)(=O)N2CCOCC2)c1,1
DABMUZCRXIBQMU-WOJBJXKFSA-N,Ki,nM,5.03,CC1=CCC2C(C1)c1c(O)cc(C(C)(C)c3ccc(Br)cc3)cc1OC2(C)C,1
DAEACDZIIITDEH-UHFFFAOYSA-N,Ki,nM,1410.0,Cc1c(C(=O)Nc2ccc(Cl)cc2)nn(-c2ccc(Cl)c(Cl)c2)c1-n1c(C)ccc1C,1
DAFUONAVRQGMOJ-UHFFFAOYSA-N,Ki,nM,66.1,Cc1c(C(=O)NCc2ccc(Cl)c(Cl)c2)nn(-c2ccc(Cl)cc2Cl)c1-n1c(Cl)ccc1Cl,1
DAGWUGPURSGWDT-UHFFFAOYSA-N,Ki,nM,2500.0,CCOc1ccc(Cc2nc3cc(C(=O)N(CC)CC)ccc3n2Cc2ccccn2)cc1,1
DAIHFZVAIKIDAN-UHFFFAOYSA-N,Inhibition,%,40.9,CCCCCCCCCCCCCCCC(=O)Nc1cccc(O)c1,1
DAKKQKNNVJTIFR-UHFFFAOYSA-N,Ki,nM,42.0,CCCCCn1c(C)c(C(=O)c2ccc(CCCC)c3ccc(C)cc23)c2ccccc21,1
DARDHNGWORIPGS-UHFFFAOYSA-N,Activity,%,44.8,CCCCCCCN1C(=O)NC(c2ccc(Br)cc2)(c2ccc(Br)cc2)C1=O,1
DARUPYPUJIPCQB-NYSBEXSLSA-N,EC50,nM,220.0,CC12CCC(C1)C(C)(C)C2NC(=O)c1ccc(Br)c(S(=O)(=O)N2CCCC2)c1,1
DASFMUKQHMITOG-UHFFFAOYSA-N,Ki,nM,130.0,O=C(NC1CCCCC1)c1cn(-c2ccc(Cl)cc2)c(-c2ccccc2)n1,1
DAUPFGNJNALKJX-ZDUSSCGKSA-N,Ki,nM,3.6,CC(NS(=O)(=O)C(F)(F)F)c1ccc(S(=O)(=O)c2ccc(Cl)cc2S(=O)(=O)c2ccccn2)cc1,1
DAVNUTQCKXARDZ-UHFFFAOYSA-N,Activity,%,30.0,CCCCCn1cc(C(=O)NC23CC4CC(CC(C4)C2)C3)c(=O)c(-c2cccc(C#N)c2)c1C,1
DAVYHKLARDYXER-UHFFFAOYSA-N,EC50,nM,12200.0,COc1ccccc1-c1nc2c(N3CCN(C)CC3)nc(C)nc2n1C1CCOCC1.Cl,1
DBDDKEGAVGGJFN-FGZHOGPDSA-N,Ki,nM,16.7,O=C(NC1CCCCC1O)c1cnc(CCC2CC2)c(-c2ccc(Cl)cc2)c1,1
DBGUOIUUPWAFFX-UHFFFAOYSA-N,Ki,nM,6.0,CC(C)c1nc2c(-c3ccc(Cl)cc3)n(-c3ccccc3Cl)nc2c(=O)n1CC(F)(F)F,1
DBOBFBHYPQMGLX-UHFFFAOYSA-N,IC50,nM,3200.0,Cc1c(C(=O)NN2CCCCC2)nn(-c2c(Cl)cc(Cl)cc2Cl)c1-n1cccc1,1
DBWPGGNPDAWNOQ-UHFFFAOYSA-N,Activity,%,39.9,CCCCCCn1cc(C(=O)c2ccc(OC)cc2)c(=O)c2ccccc21,1
DBXZDGMTWMJNOG-UHFFFAOYSA-N,Ki,nM,204.0,CC1(C)C(C(=O)c2cn(CC3CCOCC3)c3ccc(O)cc23)C1(C)C,1
DBYVWPJEBJQHIL-UHFFFAOYSA-N,Ki,nM,104.7,CCCCCCC(C)NC(=O)c1nn(-c2ccc(Cl)cc2Cl)c(-n2c(C)ccc2C)c1C,1
DBZDXLVCZLZWKE-UHFFFAOYSA-N,EC50,nM,5000.0,CCC(=O)N1CCC(Cn2c(C(C)(C)C)nc3cc(S(=O)(=O)CCCC(F)(F)F)ccc32)CC1,1
DCAQOIFRIIZYDR-FYYUSBCQSA-N,Ki,nM,398.5,CC12CCC(C1)C(C)(C)C2NC(=O)c1cn(CCCCO)c2cc(F)ccc2c1=O,1
DCBLGKIQORLRGE-UHFFFAOYSA-N,Ki,nM,0.08,O=C(NC1CCCOc2c1nn(-c1ccccc1Cl)c2-c1ccc(Cl)cc1)c1cnon1,1
DCFKXALHTJRKPL-RDRPBHBLSA-N,Inhibition,%,85.0,Cc1ccc(C(=O)n2cc(C=NNc3nc(N4CCOCC4)nc(N4CCOCC4)n3)c3ccccc32)cc1,1
DCIHVCPPDWJZLW-UHFFFAOYSA-N,Ki,nM,9.0,N#Cc1c(C(=O)NN2CC3CCCC3C2)nc(-c2ccc(Cl)cc2Cl)n1-c1ccc(Cl)cc1,1
DCMAMTDVFZUNEW-UHFFFAOYSA-N,EC50,nM,10000.0,Cc1onc(NC(=O)N2CCCN(C(=O)C3CCOCC3)CC2)c1C,1
DCQCBJYZWOJKND-UHFFFAOYSA-N,Ki,nM,10000.0,O=C(Cc1ccccc1)NC(NC(=O)Cc1ccccc1)c1ccc(N2CCCC2)cc1,1
DCVDKKGXPNGVFS-UHFFFAOYSA-N,EC50,nM,1.0,O=C(Cc1ccc(C(F)(F)F)cc1)N1CCN(S(=O)(=O)c2cc(C(F)(F)F)cc(C(F)(F)F)c2)CC1,1
DCVSYKUPUXBFAS-UHFFFAOYSA-N,Ki,nM,1700.0,Brc1ccc2c(c1)c(OCc1ccc3ccccc3c1)nn2CCN1CCCCC1,1
DDHXSHRUWMYUJU-UHFFFAOYSA-N,Ki,nM,527.0,CCCCCn1cc(C(=O)NC2CCCCCC2)c(=O)n2nc(C)cc12,1
DDHZEEPBMPGQDU-UHFFFAOYSA-N,Ki,nM,59.0,Cc1ccc(-c2ncc(C(=O)NCC3CCCCC3)nc2-c2ccc(C)cc2)cc1,1
DDRWLXCQGHGFRU-VUMITEIJSA-N,IC50,nM,8500.0,O=C(C1CNCCN1)N1CCC(O)(c2ccccc2)C2CCCCC21,1
DDVOZILSPMPULY-SFTDATJTSA-N,Ki,nM,18.0,CC(C)c1c(C(=O)NC2CCCCC2O)nc(-c2ccccc2Cl)n1-c1ccc(Cl)cc1,1
DDWKWDCODVKKDZ-UHFFFAOYSA-N,Kd,nM,19.0,CCCC#CCCCc1cc(O)c2c(c1)OC(C)(C)C1CC=C(C)CC21,1
DEARTAGYOFLSII-SBRBTQSLSA-N,IC50,nM,16000.0,CC(C=NNC(=O)c1nnn(-c2nonc2N)c1CN1CCC(C)CC1)=Cc1ccccc1,1
DEHAAMLMSFLDOS-UHFFFAOYSA-N,Ki,nM,412.0,CCN(CC)c1ccc(CN(c2ccc(C)cc2)S(=O)(=O)c2ccc(Cl)cc2)cc1,1
DEHLXCFASOTFAD-UHFFFAOYSA-N,Ki,nM,675.0,CCCCCn1cc(C(=O)NC2CCCCC2)c(=O)n2nc(C(C)(C)C)cc12,1
DEJMIOFQNHJWJN-UHFFFAOYSA-N,Decrease,%,-74.0,CC(C)CN1C(=O)C(c2ccc(Cl)cc2)(c2ccc(Cl)cc2)NC1=S,1
DEKJKPYCMPFESZ-OKILXGFUSA-N,EC50,nM,19952.6,CC1CCC(C)N1c1ccc(-c2cccc3cnccc23)nn1,1
DEUZBUCHGCWINN-AHRSYUTCSA-N,Activity,%,44.0,Cc1ccc(NC(=O)C2CC3(C)CCC2(C)O3)cc1S(=O)(=O)N1CCOCC1,1
DEVYAXBKQQLYGQ-UHFFFAOYSA-N,Ki,nM,500.0,O=C(NCc1ccccc1)c1ccc(Br)c(S(=O)(=O)N2CCOCC2)c1,1
DEXTXULIPKZGBK-UHFFFAOYSA-N,Displacement,%,23.0,CCCCCCN1C(=O)NC(c2ccc(OC)cc2)(c2ccc(OC)cc2)C1=O,1
DFADCSLRGAABGE-UHFFFAOYSA-N,Ki,nM,320.0,CCCCCCC(C)(C)c1ccc(-c2cc(C)cc(C)c2)c(OC)c1,1
DFGYYJBCGOVQHP-UYRXBGFRSA-N,Intrinsic activity,%,-14.0,O=C1C(=Cc2cccc(OCc3cccc(Cl)c3)c2)N=C2SCCCCN12,1
DFIHCADLCKNLLP-UHFFFAOYSA-N,Ki,nM,15.3,CCCCCC1=NN(C(=O)NC2CCCCCC2)CC1c1ccccc1,1
DFIULBZDHRRSLV-UHFFFAOYSA-N,Ki,nM,5000.0,CCCCCCCCCCCCCCCCNC(=O)c1nn(-c2ccccc2)c(-c2ccccc2)c1C,1
DFNXDXLOUCEKHQ-LBPRGKRZSA-N,Ki,nM,136.0,CC(NS(=O)(=O)C(F)(F)F)c1ccc(S(=O)(=O)c2ccc(Cl)cc2S(=O)(=O)NC(C)(C)C)cc1,1
DFQBPUMPONTPNH-UHFFFAOYSA-N,IC50,nM,3.8,N#CCc1c(C(=O)N2CCN(c3ncccn3)CC2)nn(-c2ccccc2Cl)c1-c1ccc(Cl)cc1,1
DFQGASIMGBFSOR-UHFFFAOYSA-N,Kd,nM,7.943,O=S(=O)(NC(=NCCCCNc1c2c(nc3ccccc13)CCCC2)N1CC(c2ccccc2)C(c2ccc(Cl)cc2)=N1)c1ccc(Cl)cc1,1
DFQNYAPLAHINDO-RBUKOAKNSA-N,IC50,nM,400.0,Nc1nnc(-c2cc(C(F)(F)F)cc(S(=O)(=O)N3CCN(C(=O)C4CC4c4ccc(C(F)(F)F)cc4)CC3)c2)o1,1
DFQZLKUNPFWAPK-UHFFFAOYSA-N,IC50,nM,74.0,Cc1c(C(=O)NC2CCCCC2)nn(-c2ccc(Cl)cc2Cl)c1-n1c(C)ccc1C,1
DGADSFBSFLVVRU-UHFFFAOYSA-N,Ki,nM,165.0,COc1cc(CNC(=O)c2nn(-c3ccc(F)cc3F)c(-n3c(C)ccc3C)c2C)c(Br)c(OC)c1OC,1
DGBMTWHOODPTEF-UHFFFAOYSA-N,IC50,nM,0.63,CC(C)(C)c1nc(-c2ccc(F)cc2)c2cc(-c3ccc(Cl)cc3)c(-c3ccccc3Cl)nc2n1,1
DGESZTOAFNIFQP-UHFFFAOYSA-N,Ki,nM,340.0,Cc1c(C(=O)NCc2ccc(Cl)cc2)nn(-c2ccc(F)cc2F)c1-n1cccc1,1
DGLGSOVFFXQQCA-NPMXOYFQSA-N,IC50,nM,11.4,CC(NS(=O)(=O)c1cc(Cl)cc(Cl)c1)C(Cc1ccc(Cl)cc1)c1cccc(C#N)c1,1
DGLNDJQIEOYZOM-UHFFFAOYSA-N,EC50,nM,115.0,C=CCn1c2c(c3cc(C(=O)N4CCC(C)CC4)ccc31)CN(CC1CCCC1)CC2,1
DGMHOJDWFLMYCK-UHFFFAOYSA-N,Ki,nM,10000.0,CCN(CC)c1ccc(CN(c2ccc(Cl)cc2)S(=O)(=O)c2ccc(OC)cc2)cc1,1
DGPFCWKIBMZBAP-UHFFFAOYSA-N,Ki,nM,178.0,Cc1ccc(-c2ncc(C(=O)NCCC(C)C)nc2-c2ccc(C)cc2)cc1,1
DGWIWHRBJPCYLT-UHFFFAOYSA-N,Ki,nM,112.0,COc1ccc(CCNC(=O)c2nn(-c3ccc(Cl)cc3Cl)c(-n3c(C)ccc3C)c2C)cc1Cl,1
DGXJSPBSHUTNGH-WSFVUKDLSA-N,IC50,nM,7.0,CC(O)C(N=C(NS(=O)(=O)c1ccc(Cl)cc1)N1CC(c2ccccc2)C(c2ccc(Cl)cc2)=N1)C(=O)NC(CO)C(N)=O,1
DGXNMDKWOLELKS-UHFFFAOYSA-N,IC50,nM,657.0,O=C(O)c1ccccc1NC(=O)c1cc2c(n(CC3CCCCC3)c1=O)CCCCCC2,1
DHEVDMHYABXIBV-UHFFFAOYSA-N,EC50,nM,16000.0,O=C(c1ccco1)N1CCN(c2nc(C3CC3)nc3sc4c(c23)CCCC4)CC1,1
DHKBUQJFWQNVSS-UHFFFAOYSA-N,Ki,nM,70.0,CCCCCC1=NN(C(=O)Nc2ccccc2C(F)(F)F)CC1c1ccccc1,1
DHPYRYHIVANNAK-UHFFFAOYSA-N,Ki,nM,3621.0,CCCCCn1cc(C(=O)NC23CC4CC(CC(C4)C2)C3)c2cc(-c3cccs3)ccc21,1
DHWQNBJTQJTVQJ-HNNXBMFYSA-N,Ki,nM,5000.0,CCNC(=O)NC(C)c1ccc(S(=O)(=O)c2ccc(Cl)cc2S(=O)(=O)c2ccccc2F)cc1,1
DHZHDFSWNDEXHA-UHFFFAOYSA-N,Ki,nM,3115.0,CCOc1ccc(Cc2nc3cc(C(=O)N(CC)CC)ccc3n2CC2CCC2)cc1,1
DIANOARMAWVYSH-UHFFFAOYSA-N,Ki,nM,33.0,Cc1c(C(=O)NCCc2ccc(Cl)cc2)nc(-c2ccc(Cl)cc2Cl)n1-c1ccc(Cl)cc1,1
DIDXRIJBHXOGGD-CKAQCJTGSA-N,IC50,nM,1.8,CC(O)NC(=O)C1CC(C)(C)N(C)c2nc(-c3ccc(Cl)cc3Cl)c(-c3ccc(Cl)cc3)cc21,1
DIEBGBYDJDEKSK-UHFFFAOYSA-N,Activity,%,25.0,CCCCCCC(C)(C)c1cc(O)cc(OCCCCCCCCCCCC(=O)NCC2CC2)c1,1
DIHHKZBFMIBXSG-KEKNWZKVSA-N,IC50,nM,50.0,NC(=O)CC(N=C(NS(=O)(=O)c1ccc(Cl)cc1)N1CC(c2ccccc2)C(c2ccc(Cl)cc2)=N1)C(N)=O,1
DIKMWTRJIZQJMY-CYFREDJKSA-N,Activity,%,20.0,C=CC(C)(C)c1[nH]c2c(CC=C(C)C)cc(CC=C(C)C)cc2c1CC1NC(=O)C(C)NC1=O,1
DIMFVJQCISYHNA-UHFFFAOYSA-N,Kb,nM,4084.0,CCc1c(C(=O)NCCc2ccc(N(C)C)cc2)[nH]c2cc(OC)ccc12,1
DIPPSSKVWIDVDP-UHFFFAOYSA-N,Activity,%,25.0,CCCCCCC(C)(C)c1cc(O)cc(OCCCCCCCCCCC(=O)NCCO)c1,1
DIYUDJTUIZEVQD-UHFFFAOYSA-N,Ki,nM,500.0,Cc1c(C(=O)NC2(C#N)CCOCC2)nn(-c2ccccc2-c2ccccc2)c1-c1ccccc1,1
DJDCZALMEJMMLS-UHFFFAOYSA-N,Ki,nM,1600.0,Cc1ccc(NC(=O)C2CCCCC2C)cc1CN1CCOCC1,1
DJDOKEGYGRKFBK-MHOZMEHISA-N,IC50,nM,7.0,CC(O)C(N=C(NS(=O)(=O)c1ccc(Cl)cc1)N1CC(c2ccccc2)C(c2ccc(Cl)cc2)=N1)C(N)=O,1
DJFGGOIKKWZUON-UHFFFAOYSA-N,Ki,nM,650.0,CCC(C)(C)C(=O)Cc1cc(C)c(C)c(S(=O)(=O)N2CCCCC2)c1,1
DJIGPRSZPSXIPZ-UHFFFAOYSA-N,EC50,nM,199.53,O=C(Oc1cccc2cccnc12)c1cccc(S(=O)(=O)N2CCCCCC2)c1,1
DJKJVWJQAVGLHJ-YPMHNXCESA-N,Activity,%,82.6,Nc1nc2c(c(N3CCNCC3)n1)CCC1=C2C2CCCCC2O1,1
DJNKCVXTFMFDJK-BJKOFHAPSA-N,IC50,nM,7.8,N#CCc1c(C(=O)NC2c3ccccc3CC2O)nn(-c2ccccc2Cl)c1-c1ccc(Cl)cc1,1
DJNRKTUBAIUYNC-UHFFFAOYSA-N,IC50,nM,1.549,CCCOc1cccc(Cn2c(C(=O)NCC(C)(C)CO)cc3cc(C#N)ccc32)c1,1
DJOOJRWGFDDSJS-YKRCATHFSA-N,Ki,nM,32.3,CCCCCCC1(c2cc(O)c3c(c2)OC(C)(C)C2CC=C(C)CC32)SC(C)C(C)S1,1
DJYFFLMDZIXFAH-UHFFFAOYSA-N,Ki,nM,12500.0,CCCCCc1cc(O)cc(OCCCCCCCCCCCCCCCC(=O)NCCO)c1,1
DKASLTCDRLHHOG-UHFFFAOYSA-N,Ki,nM,96.0,Cc1c(C(=O)Nc2ccc(Cl)cc2)nn(-c2ccc(Cl)cc2Cl)c1-n1c(C)ccc1C,1
DKEURJUEUIGTAY-UHFFFAOYSA-N,Activity,%,73.8,CCCCN1C(=O)C(c2ccc(Br)cc2)(c2ccc(Br)cc2)NC1=S,1
DKEWQHMCEHMKEU-AWEZNQCLSA-N,Ki,nM,25.0,CC(NS(=O)(=O)C(F)(F)F)c1ccc(S(=O)(=O)c2ccccc2S(=O)(=O)c2ccccc2F)cc1,1
DKGJAZUALDRUAE-CQSZACIVSA-N,Ki,nM,27.0,COc1cc(C(=O)NC2(C(=O)NC(C)c3ccc(-n4ncc5c4CCCC5)cc3F)CC2)on1,1
DKGVGTDAGUCMNK-UHFFFAOYSA-N,Ki,nM,234.0,CC1(C)C(C(=O)c2cn(CC3CCOCC3)c3ccc(OCc4ccccc4)cc23)C1(C)C,1
DKQOAOQZQUBSIZ-UHFFFAOYSA-N,Ki,nM,0.12,CC(C)OC(=O)NC1CCCOc2c1nn(-c1ccccc1Cl)c2-c1ccc(Cl)cc1,1
DKTDSCXHQWKPAB-UHFFFAOYSA-N,Activity,%,9.0,CC(C)(C)Cc1nc2c(n1CC1CC1)CCN(S(C)(=O)=O)C2,1
DLEHJJPGKGNIMC-UHFFFAOYSA-N,EC50,nM,16000.0,Cc1ccc2c(c1)C(c1ccc(O)cc1)(c1ccc(O)cc1)C(=O)N2C,1
DLFLMSMGNSXYFJ-CMDGGOBGSA-N,Activity,%,20.0,CCCCCC=Cc1c(O)cc(CC=C(C)C)c(O)c1CO,1
DLHLOYYQQGSXCC-DOFZRALJSA-N,Ki,nM,912.0,CCCCCC=CCC=CCC=CCC=CCCCC(=O)OCCN,1
DLJNSLWLHNUOJB-NMVJMZGASA-N,Emax,%,95.0,O=C(c1ccc2ncccc2c1)N1CCC(O)(c2ccccc2)C2CCCCC21,1
DLOPBVUKEBCWFJ-UHFFFAOYSA-N,EC50,nM,540.0,Cc1ccc(C(=O)NC2C(C)CCCC2C)cc1S(=O)(=O)N1CCOCC1,1
DLPNYXAJRXKNEW-UHFFFAOYSA-N,IC50,nM,16000.0,COc1ccc2c(c1)cc(C)c1nnc(SCC(=O)N(C)c3nc(-c4ccccc4)cs3)n12,1
DMDOZZUSVYPIOR-UHFFFAOYSA-N,Ki,nM,3.5,Cc1c2c(n(-c3ccccc3Cl)c1-c1ccc(Cl)cc1)CCN(N1CCCCC1)C2=O,1
DMFJVESKRGCNOS-UHFFFAOYSA-N,EC50,nM,16000.0,COc1ccc(S(=O)(=O)N2CCOCC2)cc1NC(=O)c1cc2c(s1)CCCCCC2,1
DMGGKBSTBHLNPI-UHFFFAOYSA-N,Ki,nM,2396.0,CCN(CC)C(=O)c1ccc2c(c1)nc(Cc1ccc(Oc3ccccc3)cc1)n2CCC(C)C,1
DMLRNNWWEGAXRE-QZTJIDSGSA-N,Ki,nM,297.0,CC1=CCC2C(C1)c1c(O)cc(Oc3ccccc3)cc1OC2(C)C,1
DMOWIFGXQZDDEZ-UHFFFAOYSA-N,IC50,nM,1.7,CC(C)C(=O)c1oc2nc(-c3ccccc3Cl)c(-c3ccc(Cl)cc3)cc2c1N,1
DMTJUSCJVKQCDT-UHFFFAOYSA-N,Inhibition,%,61.0,CCN1C(=O)CN(Cc2ccc(-c3cccc(CC4CCCCC4)n3)cc2)C1=O,1
DMXPPFSOLOVIKA-UHFFFAOYSA-N,Ki,nM,2080.0,CCCCCn1cc(C(=O)NC23CC4CC(CC(C4)C2)C3)c(=O)c2cc(I)ccc21,1
DMYGECJTVMCGEP-HDICACEKSA-N,EC50,nM,25.12,COc1cccc2c(C(=O)N3CC(C)N(C)C(C)C3)cn(CC3CCCCC3)c12,1
DMYLIFKDVYIQAM-UHFFFAOYSA-N,EC50,nM,900.0,O=C(C1CCCCC1)N1C2CC1CN(S(=O)(=O)c1cccc3ccccc13)C2,1
DNBGJIZCYGFZPU-UHFFFAOYSA-N,Kd,nM,5.34,CC1=CCC2C(C1)c1c(O)cc(CC#CCCC[N+](=O)[O-])cc1OC2(C)C,1
DNCAQTJFFOGJNV-UHFFFAOYSA-N,EC50,nM,75.9,CCCCCc1ccc(-c2c(C)c(C(=O)NN3CCCCC3)nn2-c2ccc(Cl)cc2Cl)s1,1
DNIMVDXXSHCQLS-UHFFFAOYSA-N,IC50,nM,80.0,CC1(C)CC(C)(O)c2cc(-c3ccc(Cl)cc3)c(-c3ccc(Cl)cc3Cl)nc2O1,1
DNLMLVDQSKYKAJ-UHFFFAOYSA-N,EC50,nM,5000.0,Cc1csc(NC(=O)C23CC4CC(CC(C4)C2)C3)n1,1
DNLUXEPSRJHLRC-UHFFFAOYSA-N,Ki,nM,2500.0,CCOc1ccc(Cc2nc3cc(C(=O)N(CC)CC)ccc3n2CC2CC2)cc1,1
DNMGXMJBUOJKLE-PGMHBOJBSA-N,IC50,nM,5000.0,C=C(CCCCCCCCCCCCC)CCCC(=O)OC=CCOC(C)=O,1
DNRXFINWYKFCPN-UHFFFAOYSA-N,Inhibition,%,92.0,Cc1c(C(=O)NCc2ccccc2)oc2ccc(S(=O)(=O)N3CC(C)CC(C)C3)cc12,1
DNTJWOCEIHPWHC-UHFFFAOYSA-N,EC50,nM,5.0,Cn1c(C(=O)NN2CCCCC2)nc(-c2ccc(Cl)cc2Cl)c1-c1ccc(Cl)cc1,1
DNVTUOZKJXLMMC-UHFFFAOYSA-N,EC50,nM,2.9,CCN(CCCC(=O)NC1CC1)C(=O)c1ccc2c(c1)c1c(n2C)CCC(C2CCOCC2)C1,1
DNWHVDRGTKSNCK-UHFFFAOYSA-N,Kb,nM,12.0,Cc1c2c(n(-c3ccc(Cl)cc3Cl)c1-c1ccc(Cl)cc1)CCN(N1CCCCC1)C2=O,1
DOBMUZRIJOLRKQ-UHFFFAOYSA-N,Ki,nM,10253.0,COc1ccc2c(c1)c(CCN1CCOCC1)c(C)n2C(=O)c1ccc(Cl)cc1,1
DOFHYXBPOKRVPS-UHFFFAOYSA-N,EC50,nM,16000.0,Cc1cccc(N2CCN(C(=O)c3cccc(S(=O)(=O)N4CCCCC4)c3)CC2)c1C,1
DOGHEWWVBBVYEY-DOFZRALJSA-N,Log Ki,nM,0.93,CCCCCC=CCC=CCC=CCC=CCCCC(=O)NCCF,1
DOGHJMGHLGAOPF-UHFFFAOYSA-N,Activity,%,5.0,CCCCCn1cc(C(=O)Nc2ccc(Cl)c(Cl)c2)c(=O)c2ccccc21,1
DOQFHXQSFNOXOF-UHFFFAOYSA-N,EC50,nM,16000.0,Cc1cc(C)c2nc(-c3cccnc3)cc(C(=O)Nc3ccc(S(=O)(=O)Nc4onc(C)c4C)cc3)c2c1,1
DOQRGXMYBKLLBR-UHFFFAOYSA-N,Ki,nM,157.5,CCCCCCC(C)NC(=O)c1nn(-c2ccc(Cl)cc2Cl)c(-n2cccc2)c1C,1
DORYOPLPKBBLFQ-UHFFFAOYSA-N,EC50,nM,117.0,CCCC(=O)n1c2c(c3cc(C(=O)N4CCC(C)CC4)ccc31)CN(C1CCOCC1)CC2,1
DOTRNDAQICTKOW-UHFFFAOYSA-N,IC50,nM,23.0,N#CCc1c(C(=O)N2CCCCC2c2ccc(F)cc2)nn(-c2ccccc2Cl)c1-c1ccc(Cl)cc1,1
DOWDHAPVKJQUKV-UHFFFAOYSA-N,Ki,nM,570.0,CCN(CC)c1ccc(CN(Cc2ccco2)S(=O)(=O)c2ccc(C)cc2)cc1,1
DOXSRKJXSVOAIG-UHFFFAOYSA-N,IC50,nM,204.0,O=C(NC1CCCCCC1)N1CCN(C(c2ccc(Cl)cc2)c2ccccc2C(F)(F)F)CC1,1
DPQMNRBGHBFVAI-UHFFFAOYSA-N,Activity,%,25.0,CCCCOc1cc(O)cc(OCCCCCCCCCCC(=O)NC2CC2)c1,1
DPQRHEXFFPEQGL-UHFFFAOYSA-N,Ki,nM,5000.0,CC1CCC(NC(=O)c2cccn(CCCO)c2=O)CC1,1
DPXKLPKWHZIBGK-UHFFFAOYSA-N,Ki,nM,1250.0,Cc1c2c(n(-c3ccc(Cl)cc3)c1-c1ccc(Cl)cc1Cl)CCN(C1CCCCC1)C2=O,1
DQAAJRWQFIWYBX-UHFFFAOYSA-N,EC50,nM,5.0,COc1ccc(C2(c3ccc(Cl)cc3Cl)Oc3cc(F)c(C(=O)N4CCCCC4)cc3O2)cc1,1
DQBZMQJEWUDYKT-UHFFFAOYSA-N,Activity,%,10.0,CCCCCCCCCCN1C(=O)NC(c2ccccc2)(c2ccccc2)C1=O,1
DQGICPPCZMZZIR-UHFFFAOYSA-N,Inhibition,%,102.0,COC(=O)c1cc(S(=O)(=O)N2CCn3c2nc2ccccc23)c[nH]1,1
DQIGGVOKTRDGBB-UHFFFAOYSA-N,EC50,nM,1581.14,CC(C)CNC(=O)c1cnc(Nc2cccc(Cl)c2)cc1C(C)C,1
DQLYQHCXTGRRAD-UHFFFAOYSA-N,IC50,nM,0.54,NC(Cc1c(C(=O)N2CCC(c3ccccc3F)CC2)nn(-c2ccccc2Cl)c1-c1ccc(Cl)cc1)=NO,1
DQNNKYUGWZZTBC-HTAPYJJXSA-N,IC50,nM,301.0,Cc1cc(NC(C)(C)C(=O)NC(C)C(Cc2ccc(Cl)cc2)c2cccc(C#N)c2)n[nH]1,1
DQQGWNHGAPIOQI-QGZVFWFLSA-N,IC50,nM,5000.0,CC(C)(C)C(C#N)NC(=O)n1c(=O)n(CCN2CCOCC2)c2ccccc21,1
DQTRMZOCNFPOML-CQSZACIVSA-N,Ki,nM,0.37,CC(NC(=O)C1(NC(=O)c2cncc(F)c2)CC1)c1ccc(-n2nc(Cl)c3ccccc32)cc1F,1
DRJXFKKXQMFPPG-UHFFFAOYSA-N,Ke,nM,16.7,Cc1c(C(=O)NC2CCN(C(=O)NC(C)C)CC2)nn(-c2ccc(Cl)cc2Cl)c1-c1ccc(Cl)cc1,1
DRRMNNYZTQPCTA-UHFFFAOYSA-N,EC50,nM,5000.0,COCC(C)(C)NC(=O)c1c(NC(=O)c2ccccc2C(F)(F)F)sc2c1CCOC2,1
DRSVDVXAHLCBSY-UHFFFAOYSA-N,Kd,nM,269.15,Cc1c(C(=O)NN2CCCCC2)nn(-c2c(Cl)cc(Cl)cc2Cl)c1-c1ccc(Cl)cc1Cl,1
DRWQZEYHAAXGEF-UHFFFAOYSA-N,Ki,nM,800.0,CCCCCc1cc(O)cc(OCCCCCCCCCCC(=O)NCCO)c1,1
DSEHSTJUDXRTMH-INIZCTEOSA-N,Ki,nM,2.5,COCCOc1ccc(S(=O)(=O)c2ccc(C(C)NS(=O)(=O)C(F)(F)F)cc2)c(S(=O)(=O)c2ccccc2F)c1,1
DSKDBMUPKFMBDZ-LYBHJNIJSA-N,Activity,%,25.08,CCOC(=O)C(=Cc1cn(CCN2CCCCC2)c2ccccc12)C(=O)c1ccccc1,1
DSSMWRUERDOSAD-UHFFFAOYSA-N,IC50,nM,119.0,COc1ccc(-c2ncc(C(=O)Nc3ccccc3)nc2-c2ccc(OC)cc2)cc1,1
DSURXSMNCHZHGS-UHFFFAOYSA-N,Ki,nM,6296.0,O=c1n(-c2ccccc2)c(O)c(-c2ccccc2)n1-c1ccccc1,1
DTADGWKJEOSJTP-UHFFFAOYSA-N,Displacement,%,7.5,O=C1NC(c2ccccc2)(c2ccccc2)C(=O)N1CCN1CCCCC1,1
DTBAXFXZDCEJJK-UHFFFAOYSA-N,Ki,nM,4.7,Cc1c(-c2cn(C3CCCCC3)cn2)nn(-c2ccc(Cl)cc2Cl)c1-c1ccc(Cl)cc1,1
DTDBTPMWXYTNHA-UHFFFAOYSA-N,EC50,nM,1581.14,CC(C)c1cc(Nc2cccc(Cl)c2)ncc1C(=O)NCC(C)(C)C,1
DTIPDFUNOMPORG-UHFFFAOYSA-N,Activity,%,42.8,CCCCN1C(=O)C(c2ccccc2)(c2ccccc2)NC1=S,1
DTTXZMKBEUKZIH-UHFFFAOYSA-N,EC50,nM,1581.14,COc1cccc(Nc2cc(C(C)C)c(C(=O)NCC3CCOCC3)cn2)c1,1
DTVYJVHOPLCENZ-RTBURBONSA-N,Ki,nM,1500.0,CCCCCc1cc(CN)c2c(c1)OC(C)(C)C1CCC(C)=CC21,1
DTWHDGFFEBWPEJ-UHFFFAOYSA-N,Activity,%,32.0,O=C(Nc1ccc(I)cc1)NC(c1ccc(Br)cc1)c1ccc(Br)cc1,1
DTXDJDQSFFMTPD-UHFFFAOYSA-N,EC50,nM,15.85,Clc1cccc2c(-c3nsc(CN4CCCC4)n3)cn(CC3CCCCC3)c12,1
DTYTWKJDMYXMFQ-UHFFFAOYSA-N,Ki,nM,13.8,CC1(C)C(C(=O)c2cn(CC3CCOCC3)c3cc(Cl)ccc23)C1(C)C,1
DUBUGSKBMMXSOU-UHFFFAOYSA-N,Ki,nM,1054.0,CCCn1cc(C(=O)c2ccc(C)c3ccccc23)c2ccccc21,1
DUEDSPYMVNBUKD-UHFFFAOYSA-N,Ke,nM,3.9,CC(C)(C)OC(=O)NC1(c2ccccc2)CCN(c2ncnc3c2nc(-c2ccccc2Cl)n3-c2ccc(Cl)cc2)CC1,1
DUKSMGFXHSZSEK-HTAPYJJXSA-N,IC50,nM,46.1,Cc1cc(NC(C)(C)C(=O)NC(C)C(Cc2ccc(Cl)cc2)c2cccc(C#N)c2)on1,1
DURFBHYFPDMOCA-UHFFFAOYSA-N,IC50,nM,5.7,N#CCc1c(C(=O)N2Cc3ccc(F)cc3C2)nn(-c2ccccc2Cl)c1-c1ccc(Cl)cc1,1
DUTLYPZZJJBEAJ-QISMNGAHSA-N,Activity,-,1.07,CC(C)CC(NC(=O)C(Cc1ccccc1)NC(=O)C(CCCCN)NC(=O)C(Cc1ccccc1)NC(=O)C(CC(N)=O)NC(=O)C(NC(=O)C1CCCN1)C(C)C)C(=O)NC(CO)C(=O)NC(Cc1cnc[nH]1)C(=O)O,1
DUUIKOXVOUKEBZ-FVJLSDCUSA-N,EC50,nM,6.31,CC1CN(C(=O)c2cn3c4c(cccc24)OCC3C2CCCCC2)CC(C)N1C,1
DUUXCCPQNNWALD-UHFFFAOYSA-N,Ki,nM,368.2,CCCCCCCNC(=O)c1nn(-c2ccc(F)cc2F)c(-n2c(C)ccc2C)c1C,1
DUVOCISEPNTRPD-UHFFFAOYSA-N,EC50,nM,16000.0,O=C(Cc1ccc(F)cc1)N1CCC(n2nc(-c3ccccc3)oc2=O)CC1,1
DUWGDCDSVKYJSD-UHFFFAOYSA-N,Activity,%,36.6,CCCCCCCCN1C(=O)C(c2ccc(Cl)cc2)(c2ccc(Cl)cc2)NC1=S,1
DUWHBNLZCXTBMM-UHFFFAOYSA-N,Ke,nM,91.0,CCNC1(C(N)=O)CCN(C(=O)c2nn(-c3ccc(Cl)cc3Cl)c(-c3ccc(Cl)cc3)c2C)CC1,1
DUXNMXKWQIXZAI-UHFFFAOYSA-N,Ki,nM,5000.0,Cc1c(C(=O)NC2(C#N)CCOCC2)nn(-c2ccccc2Cl)c1-c1ccccc1,1
DVCBEVODQHDPAR-UHFFFAOYSA-N,Kd,nM,9.0,CCCCC#CCCc1cc(O)c2c(c1)OC(C)(C)C1CC=C(C)CC21,1
DVFWRDGEWDQGNU-UHFFFAOYSA-N,Ki,nM,120.0,CCCCCn1cc(C(=O)NC23CC4CC(CC(C4)C2)C3)c(=O)n2nc(CC)cc12,1
DVKUHMWHFDIMJO-UHFFFAOYSA-N,EC50,nM,59.0,CC1CCN(C(=O)c2ccc3c(c2)c2c(n3S(=O)(=O)c3ccccc3)CCN(C3CCOCC3)C2)CC1,1
DVPAFQJRBKXLSG-UHFFFAOYSA-N,%max,%,-151.0,O=C(Cc1ccc(C(F)(F)F)cc1)N1CCN(S(=O)(=O)c2cc(C3CC3)cc(C(F)(F)F)c2)CC1,1
DVRRSIYJUVCUTB-NHCUHLMSSA-N,Ki,nM,0.73,CCCCCCCCCc1cc(O)c2c(c1)OC(C)(C)C1CC=C(CO)CC21,1
DVRYKSGMGGNCGZ-UHFFFAOYSA-N,Inhibition,%,77.0,Cc1ccc(Cc2nsc(N3CCCN(C(=O)Nc4c(C(C)C)cccc4C(C)C)CC3)n2)cc1,1
DVTDJSJRQAINFU-UHFFFAOYSA-N,EC50,nM,31.62,COc1cccc2c(-c3nsc(CN4CCC(C(=O)NCCO)CC4)n3)cn(CC3CCOCC3)c12,1
DVTOQMKFJZNXIT-UHFFFAOYSA-N,Activity,%,63.2,COCCCn1c2ccccc2c2cc(C(=O)N3CCCCC3)ccc21,1
DVXLIZQMENMCFX-UHFFFAOYSA-N,EC50,nM,16000.0,Cc1ccccc1N1CCN(C(=O)c2cc(S(=O)(=O)N3CCCCC3)ccc2N2CCCC2)CC1,1
DVZJMJCHBXKHCI-UHFFFAOYSA-N,Ki,nM,55.6,Cc1c(C(=O)NCc2ccc(Cl)c(Cl)c2)nn(-c2ccc(Cl)c(Cl)c2)c1-n1c(Cl)ccc1Cl,1
DWDPGNXYRREXDD-UHFFFAOYSA-N,EC50,nM,16000.0,Cc1ccc2nc3c(cc(C(=O)NC4CCCC4)c(=N)n3C3CCCC3)c(=O)n2c1,1
DWKKEEUOEFWKLP-UHFFFAOYSA-N,IC50,nM,500.0,Cc1c(C(=O)NCc2ccc(Cl)c(Cl)c2)nn(-c2ccc(Cl)c(Cl)c2)c1-n1c(C)ccc1C,1
DWOBQZTWQMDPBQ-UHFFFAOYSA-N,Ki,nM,0.54,CS(=O)(=O)CC(=O)NC1CCCOc2c1nn(-c1ccccc1Cl)c2-c1ccc(Cl)cc1,1
DWUCYQMUIBXSJK-UHFFFAOYSA-N,EC50,nM,15811.4,Cc1ccc(-c2ccc(N3CCOCC3)nn2)c(Cl)c1,1
DWWGFNZXQOKHQA-VQTJNVASSA-N,IC50,nM,10.0,O=C1CSC(c2cc(C(F)(F)F)cc(S(=O)(=O)N3CCN(C(=O)C4CC4c4ccc(C(F)(F)F)cc4)CC3)c2)=N1,1
DWWXCTSHAYPYHN-UHFFFAOYSA-N,Activity,%,31.2,CCCCCCCCN1C(=O)NC(c2ccc(OC)cc2)(c2ccc(OC)cc2)C1=O,1
DWXOHINHQVCIGG-ZHACJKMWSA-N,Ki,nM,5000.0,CCCCCn1cc(C(=O)NC23CC4CC(CC(C4)C2)C3)c(=O)c2cc(C=Cc3ccccc3)ccc21,1
DXGSMGNKLUGXSZ-UHFFFAOYSA-N,EC50,nM,500.0,COCCn1cc(C(=O)c2cccc3ccccc23)c2cccnc21,1
DXPRKHIXIBCRGA-UHFFFAOYSA-N,Ki,nM,16800.0,COc1ccc2c(c1)c(CC(=O)N1CCOCC1)c(C)n2C(=O)c1cccc(Cl)c1,1
DXTSJXPAIJCYKQ-UHFFFAOYSA-N,EC50,nM,16000.0,CCN(CC)S(=O)(=O)c1ccc(N2CCC(C)CC2)c(C(=O)N2CCN(c3ccccc3)CC2)c1,1
DYKRHEJETZMCMN-UHFFFAOYSA-N,Inhibition,%,27.0,CC(C)N1C(=O)CN(Cc2ccc(-c3cccc(CN4CCCCC4)n3)cc2)C1=O,1
DYNCAYKKYHHXGH-UHFFFAOYSA-N,IC50,nM,1.479,COc1ccc(C(C)(C)C)cc1Cn1c(C(=O)NCC2(CO)CC2)cc2cc(C#N)ccc21,1
DYONFTIPRKDILH-UHFFFAOYSA-N,EC50,nM,12.59,Cc1ccc(C(=O)Oc2cccc3cccnc23)cc1S(=O)(=O)N1CCOCC1,1
DYPCUHGWIDYYDK-UHFFFAOYSA-N,IC50,nM,50.0,Cc1c(C(=O)NN2CCCCC2)nn(-c2ccc(Cl)c(Cl)c2)c1-n1c(C)ccc1C,1
DZANRVXBELFXLH-UHFFFAOYSA-N,Ki,nM,3000.0,CCCCCCc1ccc(O)cc1OCCCCCCCCCCCCCCCC(=O)Nc1ccc(O)cc1,1
DZDXLXMWVSKJDH-IAGOWNOFSA-N,Ki,nM,10.9,CCCC(C)(C)c1cc(O)c2c(c1)OC(C)(C)C1CC=C(C)CC21,1
DZFJCOBMNWBMOF-UHFFFAOYSA-N,Ki,nM,0.75,CC(=O)NC1CCCOc2c1nn(-c1ccccc1Cl)c2-c1ccc(Cl)cc1,1
DZGJGFLRZPMFPG-PCBIHFGQSA-N,Ki,nM,5000.0,C=C(C)CCC1C(C(=C)CCC=CC(=O)NCc2ccc(O)c(OC)c2)CC1(C)C,1
DZIPUPGEVCQAAZ-GKFVBPDJSA-N,Ki,nM,200.0,CCCCCC=CCC=CCC=CCC=CCCCC(=O)NCc1ccc(OC)cc1OC,1
DZKNASAQOCKUCJ-UZTOHYMASA-N,IC50,nM,15.0,CC(NS(=O)(=O)c1ccc2ccccc2c1)C(Cc1ccc(Cl)cc1)c1cccc(C#N)c1,1
DZOXGRZPPMWLSR-BXKMTCNYSA-N,Ki,nM,818.0,Fc1ccc(CC2CCC(c3ccc(Cl)cc3)N(c3ccc(Cl)cc3)C2)cc1F,1
DZOXWGMUPHVUCW-ZKWNWVNESA-N,Ki,nM,4980.0,CCCCCC=CCC=CCC=CCC=CCCCC(=O)N(C)CCO,1
DZQCLSBGAFCGER-UHFFFAOYSA-N,EC50,nM,5000.0,CC(=O)N1CCC(Cn2c(C(C)(C)C)nc3cc(S(=O)(=O)c4ccncc4)ccc32)CC1,1
DZTAJGBADYJNRE-UHFFFAOYSA-N,EC50,nM,5000.0,CCOC(=O)c1ccccc1NC(=O)C12CC3CC(CC(C3)C1)C2,1
DZTIBAZROYTGNS-UHFFFAOYSA-N,IC50,nM,462.0,O=C(NC1CCCCC1)N1CCN(C(c2ccccc2)c2ccc(Cl)c(Cl)c2)CC1,1
DZTLWQKJNBRKAL-UHFFFAOYSA-N,Ki,nM,875.0,CCCC(C)(C)c1ccc(-c2cc(C)ccc2C(C)C)c(O)c1,1
DZUXZMWQJXFBFP-UHFFFAOYSA-N,Ki,nM,1056.0,O=C(O)CNC(=O)c1cc2c(n(CC3CCCCC3)c1=O)CCCCCC2,1
DZYLBHVHVUMDOC-HVQVANDDSA-N,Ki,nM,3572.6,C=Cn1cc(C(=O)NC2C3(C)CCC(C3)C2(C)C)c(=O)c2ccc(F)cc21,1
DZZPFYHXNFYVEC-UHFFFAOYSA-N,IC50,nM,500.0,Cc1c(C(=O)NCc2ccc(Cl)c(Cl)c2)nn(-c2c(Cl)cc(Cl)cc2Cl)c1-n1cccc1,1
DZZVPUCUVGTNHN-UHFFFAOYSA-N,Kd,nM,5.012,CN=C(NS(=O)(=O)N(C)C)N1CC(c2ccccc2)C(c2ccc(Cl)cc2)=N1,1
FABLAHMQSQFDHR-UHFFFAOYSA-N,EC50,nM,16000.0,Cc1cccc2c1NC(=O)C2(c1ccc(O)cc1)c1ccc(O)cc1,1
FACAUWCDGCSJCP-CYBMUJFWSA-N,Ki,nM,0.67,COc1cc(C(=O)NC2(C(=O)NC(C)c3ccc(-n4nc(Cl)c5ccccc54)cc3F)CC2)on1,1
FAKJERQPKROJRB-UHFFFAOYSA-N,Inhibition,%,43.0,O=C(NN1CCCCCC1)c1nc(-c2ccc(Cl)cc2)n(-c2ccc(Cl)cc2Cl)n1,1
FAMCGMZOXGBNMJ-UHFFFAOYSA-N,EC50,nM,3250.0,CC1CN(Cc2cccc(-c3ncc(-c4cccc(Cl)c4)[nH]3)c2)CCO1,1
FAQHPPMVEUVAKI-UHFFFAOYSA-N,Ki,nM,908.0,CCCCn1c2c(cc(C(=O)NCCc3ccccc3)c1=O)CCCCCC2,1
FAUSTTMLUSMDPH-UHFFFAOYSA-N,EC50,nM,15000.0,Cc1c[nH]c2c(Nc3cccc(Cl)c3)ncc(C(=O)N3CCCC3)c12,1
FAYKLYSMOUHWAV-UHFFFAOYSA-N,Ki,nM,5000.0,CCCCCCC(C)(C)c1cc(OC)c2c(c1)OC(C)(C)c1ccc(C(=O)OCc3ccc4ccccc4c3)cc1-2,1
FAZGGKLCXUKDNL-UHFFFAOYSA-N,EC50,nM,50.12,CCCCCn1cc(C(=O)c2cccc3ccccc23)c2cnccc21,1
FBEFPALAZDNXFG-UHFFFAOYSA-N,IC50,nM,1000.0,O=C(O)c1csc(NC(=O)c2cc3c(n(CC4CCCCC4)c2=O)CCCCCC3)n1,1
FBFJPURHRHWDAU-UHFFFAOYSA-N,Ki,nM,1422.0,Cc1nc(C(=O)Nc2ccccc2C(F)(F)F)c(C)n1-c1ccccc1,1
FBHJVGRJVGEERY-DYVFJYSZSA-N,EC50,nM,1000.0,Fc1ccc(-c2noc(C3CC3CNc3cnc4ccccc4c3)n2)c(Cl)c1,1
FBKXSVQEAVSDMU-UHFFFAOYSA-N,Ki,nM,110.0,Cc1c(CN2CCOCC2)cc(NC(=O)C2CCCCC2C)cc1C(F)(F)F,1
FBKYHSUORADGSF-UHFFFAOYSA-N,Ki,nM,5.0,Cc1c(C(=O)NN2CC3CCCC3C2)nn(-c2ccc(Cl)cc2Cl)c1-c1ccc(Cl)cc1,1
FBMFLCCMSCORDS-UHFFFAOYSA-N,IC50,nM,4.0,O=C(NN1CCCCC1)c1cnc(-c2ccc(Cl)cc2)c(-c2ccc(Cl)cc2)n1,1
FBRFLDJTEDSGLT-UHFFFAOYSA-N,Activity,%,30.0,COCCCn1cc(C(=O)NC23CC4CC(CC(C4)C2)C3)c(=O)cc1C,1
FBTJXTNIWICRLD-UHFFFAOYSA-N,IC50,nM,3.7,COCCn1c(=O)c(C(C)=O)c(NC(C)=O)c2cc(-c3ccc(Cl)cc3)c(-c3ccc(Cl)cc3Cl)nc21,1
FBWFBRDKBXZJGC-UHFFFAOYSA-N,IC50,nM,22.0,CN(C)C(=O)c1cc(-c2ccc(Cl)cc2)c(-c2ccc(Cl)cc2Cl)nc1OCc1ccccc1,1
FCFRRERPZXNRCF-UHFFFAOYSA-N,EC50,nM,16000.0,CCOC(=O)c1cc2c(=O)n3ccccc3nc2n(Cc2ccccc2)c1=N,1
FCFWNUVBSVWFHR-GJCOWUBNSA-N,Inhibition,%,36.0,CCCCCCCCC=CCCCCCCCC(=O)NC(CO)C(C)C,1
FCJDEYRWOWNUBO-UHFFFAOYSA-N,Activity,%,5.0,O=C(NCCc1ccccc1)c1cn(CCN2CCOCC2)c2ccccc2c1=O,1
FCJZUIIFVFEMRW-LBPRGKRZSA-N,Ki,nM,21.0,CC(NS(=O)(=O)C(F)(F)F)c1ccc(S(=O)(=O)c2ccc(Cl)cc2S(=O)(=O)c2ncccn2)cc1,1
FCTQIZMJCVLLNV-NSHDSACASA-N,Ki,nM,2749.0,CC(NS(C)(=O)=O)c1ccc(S(=O)(=O)c2ccc(Cl)cc2S(=O)(=O)NS(C)(=O)=O)cc1,1
FCWFVBTUXIMCLC-UHFFFAOYSA-N,IC50,nM,95.0,O=C(NC1CCCCC1)c1ccc(-c2ccc(Cl)cc2)c(-c2ccc(Cl)cc2Cl)n1,1
FCWUHOUJFHULHQ-WOJBJXKFSA-N,Ki,nM,2.17,C=C(CCCCCC)c1cc(O)c2c(c1)OC(C)(C)C1CC=C(C)CC21,1
FDASZPACAYUEQA-UHFFFAOYSA-N,Inhibition,%,42.6,Cc1ccc(Cn2c(-c3ccc(Cl)cc3)nn(C(=O)NC3CCCCC3)c2=O)cc1,1
FDGULWJSFVCANV-UHFFFAOYSA-N,IC50,nM,2.1,NC(=O)Cc1c(C(=O)N2CCC(O)(c3ccc(F)cn3)CC2)nn(-c2ccccc2Cl)c1-c1ccc(Cl)cc1,1
FDHQWYGWTUHXMT-UHFFFAOYSA-N,Ki,nM,7.9,Cc1c(-c2cn(C3CC3)cn2)nn(-c2ccccc2Cl)c1-c1ccc(Cl)cc1,1
FDJGWSOCJLZQPS-UHFFFAOYSA-N,EC50,nM,5000.0,CCC(C)Cn1c(C(C)(C)C)nc2cc(S(=O)(=O)c3ccnc(F)c3)ccc21,1
FDQSRUQYDHFPRC-UHFFFAOYSA-N,Kd,nM,1.0,CN=C(NS(=O)(=O)c1ccc(Cl)cc1)C1=NN(c2ccc(Cl)cc2Cl)C(c2ccccc2)C1,1
FDSVRRAVMKJSOK-UHFFFAOYSA-N,IC50,nM,16.6,O=C(NC1CCCCC1)c1cnc(-c2ccc(Cl)cc2)c(-c2ccc(Cl)cc2)n1,1
FDTYAXCNZRGUIM-FUHIMQAGSA-N,IC50,nM,8500.0,O=C(c1ncccn1)N1CCC(O)(c2ccccc2)C2CCCCC21,1
FDWCSFDJVYUHFD-UHFFFAOYSA-N,Ki,nM,1500.0,CCCCCn1cc(NC(=O)C2CCCCC2)c(=O)cc1-c1ccccc1,1
FDWXWGMBMDDQLS-UHFFFAOYSA-N,Ki,nM,200.0,CCCCCn1cc(C(=O)NC2CCCCCC2)c(=O)n2nc(CC)cc12,1
FDZCABOEVJFVLY-RTBURBONSA-N,Ki,nM,1500.0,CCCCCc1cc(NC(C)=O)c2c(c1)OC(C)(C)C1CCC(C)=CC21,1
FEFCEQBFPNAQNT-FGZHOGPDSA-N,Ki,nM,139.0,O=C(NC1CCCCC1O)c1cnc(OCc2ccccn2)c(-c2ccc(Cl)cc2)c1,1
FEKVZTHBMWTSGL-UHFFFAOYSA-N,Ki,nM,80.0,CCCCCCC(C)(C)c1ccc(-c2cc(C)cc(C)c2)c(N)c1,1
FEUNOVMYZWJRQJ-UHFFFAOYSA-N,Ki,nM,2794.0,C=CCn1cc(C(=O)NC23CC4CC(CC(C4)C2)C3)c2cc(-c3ccco3)ccc21,1
FEUXDLQSDABYEG-UHFFFAOYSA-N,Ki,nM,2742.0,CCS(=O)(=O)n1c2c(c3cc(C(=O)N4CCC(C)CC4)ccc31)CN(CCC1CCCCC1)C2,1
FEVKIXALEHGMMS-UHFFFAOYSA-N,EC50,nM,5000.0,COCCS(=O)(=O)c1ccc2c(c1)nc(C(C)(C)C)n2CC1CCN(C(C)=O)CC1,1
FFALVHGQANUEKB-FDDCHVKYSA-N,IC50,nM,140.0,CC(NC(=O)C(C)(C)Oc1ccc(Cl)cc1)C(Cc1ccccc1Cl)c1ccccc1,1
FFCVXBREKNLIIX-UHFFFAOYSA-N,Ki,nM,218.0,CC(C)(NC(=O)c1cc2c(n(CC3CCCCC3)c1=O)CCCCCC2)C(=O)N1CCC(C(=O)NS(C)(=O)=O)CC1,1
FFERSIIOXZASMF-UHFFFAOYSA-N,IC50,nM,2.512,CC(C)CNC(=O)c1ccc2c(c1)N=C(c1ccc(Cl)s1)c1ccccc1S2,1
FFHBJVYAXROHEA-DHZHZOJOSA-N,Activity,%,5.0,O=C(C=Cc1ccc(-c2ccccc2)cc1)CCC(=O)NCCO,1
FFHMHSGIFLRPAY-UHFFFAOYSA-N,Kb,nM,209.0,CCCCc1c(C(=O)NCCc2ccc(N(C)C)cc2)[nH]c2ccc(Cl)cc12,1
FFJBSTIXVJOIBB-UHFFFAOYSA-N,Inhibition,%,66.0,O=C1CN(Cc2ccc(-c3cccc(CN4CCCCC4)n3)cc2)C(=O)N1C1CCC1,1
FFSMGGLZCZRZHB-UHFFFAOYSA-N,Activity,%,10.0,O=C(Nc1ccccc1)NC(c1ccccc1)c1ccccc1,1
FFZVSWSBYQHFGC-UHFFFAOYSA-N,EC50,nM,16000.0,CCOc1ccccc1N1CCN(C(=O)c2cc(S(=O)(=O)N(C)C)ccc2N2CCCC2)CC1,1
FGCWEGIGQNAVOU-UHFFFAOYSA-N,Activity,%,30.0,CCCCCn1cc(C(=O)NCC2CC2)c(=O)cc1C,1
FGJAUWOERZHXPX-UHFFFAOYSA-N,EC50,nM,5000.0,COCCNC(=O)c1c(NC(=O)c2ccccc2OC(F)(F)F)sc2c1CCOC2,1
FGJHUABKMGQONH-BXKMTCNYSA-N,IC50,nM,2.8,CC(NC(=O)C(C)(C)Oc1ccc(Cl)cc1)C(Cc1ccc(Cl)cc1)c1cccc(F)c1,1
FGOQFLMSMYAHKN-UHFFFAOYSA-N,Ki,nM,78.0,O=C(NN1CCCCCC1)c1cn(-c2ccc(Cl)cc2)c(-c2ccc(Cl)cc2Cl)n1,1
FGRPTQBNAUZPGV-UHFFFAOYSA-N,IC50,nM,82.0,COc1ccc(C(c2ccc(Cl)cc2Cl)N2CCN(C(=O)NC3CCCCC3)CC2)cc1,1
FGRUXAONANJQNR-UHFFFAOYSA-N,IC50,nM,6.6,N#Cc1cc(-c2ccc(Cl)cc2)c(-c2ccc(Cl)cc2Cl)nc1OCC1CCOC1,1
FGSFBSZHHSFTRP-UHFFFAOYSA-N,EC50,nM,1258.93,COc1cccc2c(-c3nsc(CN(C)CC(N)=O)n3)cn(CC3CCOCC3)c12,1
FGWRYMHPXJPSPO-UHFFFAOYSA-N,Ki,nM,500.0,CCCCn1cc(C(=O)NC23CC4CC(CC(C4)C2)C3)c(=O)cc1-c1ccccc1,1
FGXSFAPEIMHFJS-UHFFFAOYSA-N,EC50,nM,5000.0,CC(C)(C)c1nc2cc(S(=O)(=O)CCCC(F)(F)F)ccc2n1CC1CCNCC1,1
FHAQNEGYMLAOHD-UHFFFAOYSA-N,Ki,nM,790.0,Cc1ccc(NC(=O)C2CCCCC2(C)C)cc1S(=O)(=O)N1CCOCC1,1
FHERKDAGTCJXFZ-UHFFFAOYSA-N,EC50,nM,146.5,Cc1c(C(=O)NN2CCCCC2)nn(-c2ccc(Cl)cc2Cl)c1-c1ccc(Cl)s1,1
FIAGELNNSOFVJH-BTYIYWSLSA-N,Ki,nM,42.0,CC(=O)NCCC1CCC(c2ccc(Cl)cc2Cl)N(c2ccc(Cl)cc2)C1,1
FICZWEWNSVCQDH-UHFFFAOYSA-N,EC50,nM,16.0,CC1(C)CCc2sc(NC(=O)c3ccccc3Cl)c(C(=O)NCC3CC3)c21,1
FIESMFBHXVWWFV-UHFFFAOYSA-N,Ki,nM,25.0,Cc1cccc(-c2nnc(SCC(=O)NC3CCCCC3)n2Cc2ccccc2)c1,1
FIICBAHGDUKACY-UHFFFAOYSA-N,Ki,nM,1.0,O=C1CCCN1C1CCCOc2c1nn(-c1ccccc1Cl)c2-c1ccc(Cl)cc1,1
FIOMBLBFVUIYQY-DHIUTWEWSA-N,Ki,nM,40.2,O=C(NC1CCCCC1O)c1cnc(OCc2ccccc2)c(-c2ccc(Cl)cc2)c1,1
FIQBLSYSOCCIEF-UHFFFAOYSA-N,EC50,nM,5000.0,Cc1cc(NC(=O)C(C)(C)S(=O)(=O)c2ccc(Cl)cc2)no1,1
FIZABJIHLMFJDT-PERKRYKHSA-N,Ki,nM,640.0,Cc1ccc(NC(=O)C2C3(C)CCC(C3)C2(C)C)cc1S(=O)(=O)N1CCOCC1,1
FJCFYPJSQWGLSW-UHFFFAOYSA-N,Ki,nM,437.0,CCN(CC)c1ccc(CN(c2ccc(C)cc2)S(=O)(=O)c2ccc(C)cc2)cc1,1
FJDOXMYAELZIBA-UHFFFAOYSA-N,Ki,nM,5000.0,CCCCCCc1ccc(OCCCCCCOC(CO)CO)cc1O,1
FJDSRDGJLCIQEZ-SDQBBNPISA-N,Inhibition,%,71.0,Cc1ccc(C(C(=O)Nc2ccc3c(c2)OCCO3)N(C)C(=O)C=Cc2ccc3c(c2)OCO3)cc1,1
FJDXEYUKDXDFBU-UHFFFAOYSA-N,Ki,nM,616.0,CCC1CCC(C(=O)c2cn(CCN3CCOCC3)c3ccccc23)CC1,1
FJMQJSUOOGOWBD-UHFFFAOYSA-N,EC50,nM,0.82,CC(F)(F)CN1CCOc2c(nn(-c3ccccc3Cl)c2-c2ccc(Cl)cc2)C1=O,1
FJOMFDMZEGTXGE-UHFFFAOYSA-N,IC50,nM,62.0,Cc1c(C(=O)NCc2ccc(Cl)c(Cl)c2)nn(-c2ccc(Cl)c(Cl)c2)c1-n1cccc1,1
FJPRUUVKOOCALO-NHCUHLMSSA-N,Ki,nM,2.72,CC1=CCC2C(C1)c1c(O)cc(C(C)(C)c3cccc(C#N)c3)cc1OC2(C)C,1
FJTPINLYFOCQFC-UHFFFAOYSA-N,EC50,nM,5000.0,CCS(=O)(=O)c1ccc2c(c1)nc(C(C)(C)C)n2CC1CCN(C(C)=O)CC1,1
FJZHHGONPBLSBI-UHFFFAOYSA-N,IC50,nM,5.8,CCC(CC)NC(=O)c1nn(-c2ccccc2Cl)c(-c2ccc(Cl)cc2)c1CC#N,1
FKDWSRCLKCUSQQ-UHFFFAOYSA-N,Ki,nM,510.0,CCCCCn1cc(C(=O)NC23CC4CC(CC(C4)C2)C3)c(=O)c2cc(-c3cc(C)c(OC)c(C)c3)ccc21,1
FKEFNETYRMRPCY-UHFFFAOYSA-N,Ki,nM,1297.0,CCN(CC)c1ccc(CN(c2ccc(C)cc2)S(=O)(=O)c2ccc(OC)cc2)cc1,1
FKFDKPAJXHDYTK-UHFFFAOYSA-N,Ki,nM,2183.0,Cc1c(CCN2CCOCC2)c2ccccc2n1C(=O)c1cccc2ccccc12,1
FKNCVLQSUDOQES-MRXNPFEDSA-N,Emax,%,55.0,O=C(NC(c1ccccn1)C(F)(F)F)c1nc(N2CCOCC2)n2ccccc12,1
FKNHLICVVQFGRJ-UHFFFAOYSA-N,Ki,nM,203.2,CCCCCCCn1nc(C(=O)NN2CCCCC2)c(C)c1-c1ccccc1,1
FKOFOMROEAHSQD-UHFFFAOYSA-N,IC50,nM,210.0,O=C(Nc1ccccc1)c1ccc(-c2ccc(Cl)cc2)c(-c2ccc(Cl)cc2Cl)n1,1
FKQPSDBGDPLQAS-UHFFFAOYSA-N,Activity,%,67.0,CN1CCN(NC(=O)c2cnn(-c3ccc(Cl)cc3Cl)c2-c2ccc(Br)cc2)CC1,1
FKSCKADVXKOVHL-UHFFFAOYSA-N,EC50,nM,50.12,O=C(Oc1cccc2cccnc12)c1cccc(S(=O)(=O)N2CCCCC2)c1,1
FKTORJCFBBTXPW-UHFFFAOYSA-N,Ki,nM,132.0,O=C(NC1CCCC1)c1cn2c3c(cccc3c1=O)OCC2c1ccccc1,1
FKZSVWKTRYJUIZ-UHFFFAOYSA-N,Activity,%,18.0,CCC(C)(C)C(=O)Nc1cc(CN2CCOCC2)c(C)cc1C,1
FLCAAEFYUCAUDK-UHFFFAOYSA-N,Ki,nM,2137.96,CC1(C)C(C(=O)c2cn(CCCO)c3ccccc23)C1(C)C,1
FLEORYUEILNRHW-UHFFFAOYSA-N,Ki,nM,5000.0,O=C(c1cn(CCN2CCOCC2)c2ccccc12)C12CC3CC(CC1C3)C2,1
FLGSUSWMWSZVMP-UHFFFAOYSA-N,Ki,nM,500.0,O=C(Cc1ccccc1)NC1CCN(CCCN2C(=O)COc3ccccc32)CC1,1
FLIACVVOZYBSBS-UHFFFAOYSA-N,Inhibition,%,11.0,CCCCCCCCCCCCCCCC(=O)OC,1
FLQBXYKSPXEKRV-UHFFFAOYSA-N,Ki,nM,2500.0,CCOc1ccc(Cc2nc3cc(N(C)C(=O)N(C)C)ccc3n2CC2CC2)cc1,1
FLRZCGZOXGSCNM-UHFFFAOYSA-N,Activity,%,98.0,CC1(C)C(C(=O)c2cn(CCCCO)c3ccccc23)C1(C)C,1
FLTKRJYBXQQZTD-UHFFFAOYSA-N,IC50,nM,2.7,CC(C)(C)Nc1nc(C(C)(C)C)nc2nc(-c3ccccc3Cl)c(-c3ccc(Cl)cc3)cc12,1
FLVDOHISKDLMSG-UHFFFAOYSA-N,Activity,%,10.0,O=C1NC(c2ccccc2)C(=O)N1c1ccccc1,1
FLWYTHWMIDUSGM-UHFFFAOYSA-N,EC50,nM,16.2,CN(CCCC(=O)NC1CC1)C(=O)c1ccc2c(c1)c1c(n2C)CCC(C2CCOCC2)C1,1
FMCJCDCQEHZHJC-WEVVVXLNSA-N,EC50,nM,71.4,CCCC=Cc1ccc(-c2c(C)c(C(=O)NN3CC4CCCC4C3)nn2-c2ccc(Cl)cc2Cl)s1,1
FMDLVZUWUFDOQJ-UHFFFAOYSA-N,IC50,nM,16000.0,O=C(CSc1nc2ccccc2s1)N1c2ccccc2Sc2ccc(Cl)cc21,1
FMGZEUZJWPJRHN-QGZVFWFLSA-N,IC50,nM,5000.0,CC(C)(C)C(CO)NC(=O)n1c(=O)n(CCN2CCOCC2)c2ccccc21,1
FMMFFKBTDPPMMY-UHFFFAOYSA-N,Inhibition,%,0.0,COc1cccc(Cc2cc3c(OC)cccc3oc2=O)c1,1
FMVHVRYFQIXOAF-DOFZRALJSA-N,Ki,nM,34.4,CCCCCC=CCC=CCC=CCC=CCCCCCC(=O)NCCO,1
FMWROTRZBIZHIS-HVQVANDDSA-N,Ki,nM,959.7,CCn1cc(C(=O)NC2C3(C)CCC(C3)C2(C)C)c(=O)c2ccc(F)cc21,1
FMYCCMUATOKUPY-UHFFFAOYSA-N,Activity,%,244.1,CCc1c(C(=O)NCCc2ccc(N3CCCCC3)cc2)[nH]c2ccccc12,1
FNALEXLCSSYSEC-UHFFFAOYSA-N,Ki,nM,300.0,O=C(NC1CCCCC1)c1cc2ccccc2n(CCN2CCOCC2)c1=O,1
FNBYSBXLKOEWKN-IBGZPJMESA-N,Ki,nM,1758.0,COc1ccc(S(=O)(=O)c2cc(OC)ccc2S(=O)(=O)c2ccc(C(C)NC(=O)Nc3ccc(F)cc3)cc2)cc1,1
FNGVLPWXPCQDOC-UHFFFAOYSA-N,Ki,nM,3.4,CC(C)(NC(=O)c1cc2c(n(CC3CCCCC3)c1=O)CCCCCC2)C(=O)NCCOCCO,1
FNIYHKXOAUMQHM-UHFFFAOYSA-N,Activity,pmol,0.95,CN=C(NS(=O)(=O)c1ccc(Cl)cc1)c1nc(-c2ccc(Cl)cc2)c(-c2ccccc2)o1,1
FNJBHNSWEFHVHN-UHFFFAOYSA-N,IC50,nM,16.0,Cc1c2c(n(-c3ccc(Cl)cc3Cl)c1-c1ccccc1)CCN(C1CCCCC1)C2=O,1
FNLSCJGUMUUCJE-UHFFFAOYSA-N,Inhibition,%,8.2,CCCCCCCCCCCCCCCC(=O)NCCF,1
FNOMTMVRTBHRET-UHFFFAOYSA-N,Ki,nM,363.0,Cc1ccc2c(c1)Cc1c(C(=O)NN3CCCCC3)nn(-c3ccc(Cl)cc3Cl)c1-2,1
FNRFQMFMZBFZCC-UHFFFAOYSA-N,Displacement,%,2.5,O=C1NC(c2ccccc2)(c2ccccc2)C(=O)N1CCN1CCOCC1,1
FNTMGRNAIKUGDA-UHFFFAOYSA-N,Ki,nM,5000.0,CCCCOc1c(OC)ccc2cc(C(=O)NCC(F)c3ccccc3)c(=O)[nH]c12,1
FNVQVWLLQVUZEZ-UHFFFAOYSA-N,EC50,nM,6.31,CCc1sc(-c2cn(CC3CCOCC3)c3c(Cl)cccc23)nc1CN(C)CCO.Cl,1
FNXATJYWFMMICK-UHFFFAOYSA-N,EC50,nM,10000.0,O=C(c1cc(-c2cccc(Cl)c2Cl)cnc1N1CCCCCC1)N1CCOCC1,1
FNYGNFQUTXAHPS-UHFFFAOYSA-N,Ki,nM,4887.0,Cc1nc(C(=O)NC23CC4CC(CC(C4)C2)C3)c(C)n1-c1ccccc1,1
FOABBCLMBRRASJ-UHFFFAOYSA-N,Ki,nM,17.0,CC1CCC(n2cc(C(=O)NC3CCCCC3)nc2-c2ccccc2Cl)CC1,1
FOMLKVUZJGVNAW-UHFFFAOYSA-N,EC50,nM,519.0,O=C(Nc1sc2c(c1C(=O)NCC1CC1)CCOC2)c1ccccc1OC(F)(F)F,1
FONCHEGPDSYFCG-FGZHOGPDSA-N,Ki,nM,0.4467,CCCCCCC1(c2cc(O)c3c(c2)OC(C)(C)C2CC=C(C)CC32)CCCC1,1
FOOUCMPIKCEWAX-UHFFFAOYSA-N,Ki,nM,25.0,CCCCSc1nc2c(c(=O)n1CCc1ccccc1)C1(CCCC1)Cc1ccccc1-2,1
FOPGGYXCFBMAHN-UHFFFAOYSA-N,Activity,%,9.0,CC(C)(C)Cc1nc2c(n1CC1CC1)CCN(S(=O)(=O)c1ccccc1)C2,1
FOQPVSQLQDGLCS-UHFFFAOYSA-N,Log Ki,nM,1.76,CC1=CCC2C(C1)c1c(O)cc(CCCCCF)cc1OC2(C)C,1
FORZBZGLKHGUCF-UHFFFAOYSA-N,Ki,nM,81.8,CCCCCn1nc(C(=O)NN2CCCCC2)c(C)c1-c1ccc(Br)cc1,1
FOTUIMIDQCPQEW-UHFFFAOYSA-N,Kd,nM,1300.0,CC1=CCC2C(C1)c1c(O)cc(CC#CCCCN)cc1OC2(C)C,1
FOWRQJBPBDHQLM-UHFFFAOYSA-N,IC50,nM,1040.0,O=C(NCC1CCCCC1)N1CCN(C(c2ccc(Cl)cc2)c2ccc(Cl)cc2Cl)CC1,1
FPBZDYQUXHBXBO-UHFFFAOYSA-N,IC50,nM,3.1,CNC(=O)c1cc(-c2ccc(Cl)cc2)c(-c2ccc(Cl)cc2Cl)nc1OCc1ccc(F)c(F)c1,1
FPFNMMWHYYWULG-UHFFFAOYSA-N,EC50,nM,0.3,CC(C(=O)N1CCN(S(=O)(=O)c2cc(Cl)cc(Cl)c2)CC1)c1ccccc1,1
FPHRJFSIJGQNMS-UHFFFAOYSA-N,EC50,nM,3.981,CCCCC1=NN(C(=O)NC(C)(C)c2ccccc2)CC1c1ccccc1,1
FPQJLICZRNPCHF-UHFFFAOYSA-N,IC50,nM,2500.0,CN=C(NS(=O)(=O)c1ccc(OCC(=O)O)cc1)N1CC(c2ccccc2)C(c2ccc(Cl)cc2)=N1,1
FPQZZXHRAVDBNB-UHFFFAOYSA-N,Inhibition,%,77.0,CCOC(=O)CN1C(c2ccc(F)cc2)Nc2ccc(Br)cc2C1c1ccccc1,1
FQCPRCTUZIOXEU-UHFFFAOYSA-N,EC50,nM,800.0,Cc1c(C(=O)NN2CC3CCCC3C2)nn(-c2ccc(Cl)cc2Cl)c1-c1ccc(Cl)s1,1
FQFBUIAGTPLTNN-UHFFFAOYSA-N,EC50,nM,398.11,CCCCCC1=NN(C(=O)NC23CC4CC(CC(C4)C2)C3)CC1c1ccccc1,1
FQGBQADTBADEJY-UHFFFAOYSA-N,IC50,nM,1.6,N#CCc1c(C(=O)NCc2ccc(Cl)cc2Cl)nn(-c2ccccc2Cl)c1-c1ccc(Cl)cc1,1
FQIJPHXWIONJLF-JKOKRWQUSA-N,Inhibition,%,-3.4,OCCC1CC1c1cncc(OCC2CCN2)c1,1
FQJAKVRJSIYTAP-UHFFFAOYSA-N,Ki,nM,24.0,O=C1c2nn(-c3ccccc3Cl)c(-c3ccc(Cl)cc3)c2CCN1C1CCCC1,1
FQLLYPCXVKECKS-UHFFFAOYSA-N,IC50,nM,19.95,O=C(NCc1cccc(Cl)c1)c1ccc2c(c1)N=C(c1ccc(F)cc1)c1ccccc1S2(=O)=O,1
FQQBEIJONNHOOQ-UHFFFAOYSA-N,EC50,nM,1000.0,CC(C)(C(=O)Nc1cnc2ccccc2c1)S(=O)(=O)c1ccc(F)cc1,1
FQUVPTVNRMUOPO-UPQKDGGNSA-N,Ki,nM,5000.0,CCCCCC=CCC=CCC=CCC=CCCCC(=O)NC(CO)C(=O)O,1
FQXFBMUSAUCRII-UHFFFAOYSA-N,IC50,nM,21.0,CCCCOc1nc(-c2ccc(Cl)cc2Cl)c(-c2ccc(Cl)cc2)cc1C(=O)NCCC,1
FQXHXCCEMXXMEZ-UHFFFAOYSA-N,Ki,nM,1.8,CCCCCCC1(c2ccc(-c3cc(C)cc(C)c3)c(O)c2)CCCCC1,1
FQZXCUPXKJLHOJ-UHFFFAOYSA-N,Inhibition,%,18.6,O=C(NCc1ccccc1)n1nc(-c2ccc(Cl)cc2)c(-c2ccc(Cl)cc2Cl)n1,1
FRHXRBRPPJRCHR-UHFFFAOYSA-N,EC50,nM,8500.0,CC(NC(=O)c1nc(N2CCOCC2)n2ccccc12)C(C)(C)C,1
FRJVCYBEJYZFRD-UHFFFAOYSA-N,Ki,nM,430.0,CCCCCc1cc(O)cc(OCCCCCCOC(CO)CO)c1,1
FRSKJNRWKGKNPJ-FGZHOGPDSA-N,Ki,nM,11.7,CC1=CCC2C(C1)c1c(O)cc(-c3cccc4ccccc34)cc1OC2(C)C,1
FRSWCIYESSAJBI-UHFFFAOYSA-N,Ki,nM,1698.24,COCc1ccc2c(c1)c(C(=O)C1C(C)(C)C1(C)C)cn2CC1CCOCC1,1
FRVCWPVIAMXFHY-UHFFFAOYSA-N,EC50,nM,1581.14,Cc1cccc(Nc2cc(C3CC3)c(C(=O)NCC3CCOCC3)cn2)c1,1
FSANPBNDBKVUGU-UHFFFAOYSA-N,IC50,nM,2500.0,CN=C(NS(=O)(=O)c1ccc(C(N)=O)cc1)N1CC(c2ccccc2)C(c2ccc(Cl)cc2)=N1,1
FSAROWUSNSOSHA-IFXJQAMLSA-N,IC50,nM,1000.0,CC(C(Cc1ccc(Cl)cc1)c1cccc(C#N)c1)N(C)S(C)(=O)=O,1
FSDRQNSFQHSTFS-UHFFFAOYSA-N,IC50,nM,5000.0,Cc1nn(-c2ccc(Cl)cc2)c(-n2cccc2)c1C(=O)NCc1ccc(Cl)c(Cl)c1,1
FSFZRNZSZYDVLI-JVVVGQRLSA-N,Ki,nM,6000.0,COc1ccc2c(c1)c(CCN1CCOCC1)c(C)n2C(=O)c1cccc(Cl)c1Cl,1
FSJVGFSWFAWCEC-DHIUTWEWSA-N,Inhibition,%,50.0,COc1ccc(C2C(CCCc3cccnc3)C(=O)N2c2ccccc2)cc1,1
FSNJWYVUDGWBOO-KDURUIRLSA-N,EC50,nM,10.0,CCN1C(C)CN(C(=O)c2cn(CC3CCCCC3)c3c(OC)cccc23)CC1C,1
FSQHUGISRUAOMQ-UHFFFAOYSA-N,IC50,nM,5000.0,O=C(NCC1CCCCC1)c1cccnc1NC(=O)c1cccc2ccccc12,1
FSSJQMKVADSYKU-UHFFFAOYSA-N,EC50,nM,5000.0,Cc1ccc(NC(=O)c2ccc(C)c(S(=O)(=O)N3CCCCC3)c2)cc1,1
FSUSWHJMGXMKBV-UHFFFAOYSA-N,EC50,nM,500.0,Fc1ccc(-c2noc(CCCCc3ccc4ncccc4c3)n2)c(Cl)c1,1
FSWLXRJYHBRXTL-UHFFFAOYSA-N,Ki,nM,11.6,O=C(NC1CCCCCC1)c1cc2ccccc2n(Cc2ccc(F)cc2)c1=O,1
FSZIWBQAGMXHIF-UHFFFAOYSA-N,Activity,%,65.0,CC(C)(C)c1ccc(NC(=O)N2CCCN(C(=O)CCC3CCCC3)CC2)cc1,1
FTBJARSEIHMQIW-UHFFFAOYSA-N,Ki,nM,5000.0,CCCCCCc1ccc(OCCCCCCCCCCCCCCCC(=O)Nc2ccc(O)cc2)cc1O,1
FTLPTJWZFJAXOT-DHIUTWEWSA-N,Ki,nM,1.2,CC1=CCC2C(C1)c1c(O)cc(C(C)(C)CCCCC(=O)NN3CCCCC3)cc1OC2(C)C,1
FTRMDCHMYQFLNJ-UHFFFAOYSA-N,Ki,nM,95.0,CCCCCCn1cc(C(=O)NC2CCCCC2)c(=O)c2ccc(C)nc21,1
FTYRPHUIBDQVCC-UHFFFAOYSA-N,EC50,nM,16000.0,Cc1ccc(-c2nnc(C)c3nn(-c4ccc(C)cc4)cc23)cc1,1
FUCXIEQGKITOIV-UHFFFAOYSA-N,Ki,nM,39.0,CCc1ccccc1-c1nc(C(=O)NC2CCCCC2)cn1-c1ccc(Cl)cc1,1
FUDLPNVYTSNVGM-UHFFFAOYSA-N,EC50,nM,430.0,CCCCCc1cc(OC)c2cc(Cc3cccc(OC)c3)c(=O)oc2c1,1
FUJXLLMAGNFIBI-UHFFFAOYSA-N,Ki,nM,1.1,Clc1ccc(-n2c(-c3ccccc3Cl)nc3c(N4CCCCC4)ncnc32)cc1,1
FUXZIJOGIFWUHL-UHFFFAOYSA-N,EC50,nM,15811.4,FC(F)(F)c1cc(N2CCCCCC2)ncc1-c1cccc(Cl)c1Cl,1
FVEIZTKTUZVAFD-UHFFFAOYSA-N,Ki,nM,2500.0,CCOc1ccc(C(O)c2nc3cc(C(=O)N(CC)CC)ccc3n2CCC(C)C)cc1,1
FVGJYKATCAXCBV-UHFFFAOYSA-N,IC50,nM,190.0,O=C(NCC1CC1)c1cnn(-c2cccc(Cl)c2)c1-c1ccc(-c2ccccc2)cc1,1
FVKOQIAHRJRIQI-LEWJYISDSA-N,IC50,nM,0.3,O=C(C1CC1c1ccc(C(F)(F)F)cc1)N1CCN(S(=O)(=O)c2cc(-c3ccn[nH]3)cc(C(F)(F)F)c2)CC1,1
FVRAHOUSXRPGHJ-UHFFFAOYSA-N,Ki,nM,81.0,CCCCCNC(=O)c1nn(-c2ccc(Cl)cc2Cl)c(-n2cccc2)c1C,1
FVTHLZNPYMZQAF-UHFFFAOYSA-N,IC50,nM,20.0,CC(=O)Nc1c(N(C)C)c(=O)n(C)c2nc(-c3ccc(Cl)cc3Cl)c(-c3ccc(Cl)cc3)cc12,1
FVYXIJYOAGAUQK-UHFFFAOYSA-N,EC50,nM,5000.0,C=CCc1ccc(O)c(-c2ccc(O)c(CC=C)c2)c1,1
FWCLETPIGPWXKI-FGZHOGPDSA-N,Ki,nM,1.85,CCc1ccc(C(C)(C)c2cc(O)c3c(c2)OC(C)(C)C2CC=C(C)CC32)cc1,1
FWDQKPVLSVRYRN-UHFFFAOYSA-N,Inhibition,%,92.0,CCCCNC(=O)c1oc2ccc(S(=O)(=O)N3CC(C)CC(C)C3)cc2c1C,1
FWIPTNXNKAKQSL-NMVJMZGASA-N,Emax,%,69.0,O=C(c1cnc2ccccc2c1)N1CCC(O)(c2ccccc2)C2CCCCC21,1
FWLRKEJQMQYIRV-UHFFFAOYSA-N,Activity,%,25.0,CCCCCCCOc1cc(O)cc(OCCCCCCCCCCC(=O)NC2CC2)c1,1
FWQBBXOFBNBHBD-UHFFFAOYSA-N,Ki,nM,200.0,CCCCCn1cc(C(=O)NC23CC4CC(CC(C4)C2)C3)c(=O)c2cccc([N+](=O)[O-])c21,1
FWQVSIMNEDPTRV-UHFFFAOYSA-N,Activity,%,26.0,Cc1cc2c(C(C)C)ccc(C)c2oc1=O,1
FWWKVNVJDHDHCS-UHFFFAOYSA-N,IC50,nM,5000.0,Nc1ccc(CCNC(=O)c2cc3cc(Cl)ccc3[nH]2)cc1,1
FWYLGZWGRACSJW-UHFFFAOYSA-N,Activity,%,76.0,O=C1C(c2ccccc2)N(c2cccc(Cl)c2)C(=O)N1c1cccc(Cl)c1,1
FXCBZFWKYXJOSC-KRWDZBQOSA-N,Ki,nM,3559.0,CCC(=O)NC(C)c1ccc(S(=O)(=O)c2ccc(OC)cc2S(=O)(=O)c2ccc(OC)cc2)cc1,1
FXEPICCVMASENR-PTGBLXJZSA-N,Activity,%,43.22,CCOC(=O)C(=Cc1cn(CCN2CCOCC2)c2ccccc12)C(=O)c1ccccc1,1
FXIHNXHABMIRJH-UHFFFAOYSA-N,IC50,nM,55.0,O=C(NC1CCCCC1)N1CCN(C(c2ccccc2)c2c(Cl)cccc2Cl)CC1,1
FXIMAZQXUVYWEV-UHFFFAOYSA-N,Ki,nM,534.4,Cc1c(C(=O)NCCCCCO)nn(-c2ccc(Cl)cc2Cl)c1-n1cccc1,1
FXQAHKCRKNITQZ-UHFFFAOYSA-N,Inhibition,%,86.0,CC(C)NC(=O)C(C)Sc1nnc2c3ccccc3n(Cc3ccccc3)c2n1,1
FXQWXZXBOMJWJV-UHFFFAOYSA-N,Ki,nM,176.0,CCS(=O)(=O)n1c2c(c3cc(C(=O)N4CCC(C)CC4)ccc31)CN(CC1CC1)C2,1
FXRARDZLGGDTOS-UHFFFAOYSA-N,EC50,nM,1115.0,O=c1n(-c2ccc(Cl)cc2)c(O)c(-c2ccc(Cl)cc2)n1-c1ccc(Cl)cc1,1
FXVVMQDNFASIOI-UHFFFAOYSA-N,Activity,%,10.0,CCCCCn1c(C)c(C(=O)NC(C)c2ccc3ccccc3c2)c(=O)c2ccccc21,1
FXXPMGSAZPNOGM-UHFFFAOYSA-N,Ki,nM,3126.0,CC1Oc2cccc3c(=O)c(C(=O)NC4CCCCC4)cn(c23)C1c1ccccc1,1
FYANSGCEECJVMS-UHFFFAOYSA-N,IC50,nM,1.995,COc1ccc(Cl)cc1Cn1c(C(=O)NCC(C)(C)CO)cc2cc(C#N)ccc21,1
FYCHTHLJFDUTMG-UHFFFAOYSA-N,EC50,nM,199.53,COCCN(C)Cc1nc(-c2cn(CC3CCS(=O)(=O)CC3)c3c(Cl)cccc23)ns1,1
FYGPFTSGVSZKAJ-CMDGGOBGSA-N,Activity,%,20.0,CCCCCC=Cc1c(O)cc(CC=C(C)C)c(O)c1C=O,1
FYIWQGOPDHFVJD-UHFFFAOYSA-N,Ki,nM,21100.0,O=C1N2CCSC2=NC1(c1ccccc1)c1ccccc1,1
FYKOHAALTGDKNQ-UHFFFAOYSA-N,Ki,nM,210.0,Cc1nn2c(=O)n(Cc3ccc(C(F)(F)F)nc3)nc2c(-c2ccncc2)c1-c1ccc(Cl)cc1,1
FYOWLYZYEMWLPL-UHFFFAOYSA-N,Ki,nM,840.0,Cc1c(C(=O)NC2CCCC2)nn(-c2ccc(F)cc2F)c1-n1c(C)ccc1C,1
FYSLKHHAYTZFMU-UHFFFAOYSA-N,Inhibition,%,41.0,O=C1CN(Cc2ccc(-c3ccc(F)c(CN4CCCCC4)n3)cc2)C(=O)N1CC1CC1,1
FZAWWBUFWDNIHB-UHFFFAOYSA-N,Ki,nM,86.0,CCCCCn1cc(C(=O)NC2CCCCC2)c(=O)c2c(C)csc21,1
FZCLGOSOJHUUST-UHFFFAOYSA-N,Ki,nM,800.0,CCCCCn1nc(OCc2ccc(OC)cc2)c2cc([N+](=O)[O-])ccc21,1
FZDLKXUFIKGEOR-XFXZXTDPSA-N,Inhibition,%,39.0,COc1ccc(C=C2N=C3SCCCN3C2=O)cc1,1
FZEGPSHCDJXSMW-UHFFFAOYSA-N,EC50,nM,309.0,O=c1n(-c2ccc(Cl)cc2)c(O)c(-c2ccccc2)n1-c1ccc(Cl)cc1,1
FZKJYQKVIPMHPR-UHFFFAOYSA-N,Ke,nM,49.0,CCCCNC(=O)NC1CCN(c2ncnc3c2nc(-c2ccccc2Cl)n3-c2ccc(Cl)cc2)CC1,1
FZOGUASBOGBWGQ-UHFFFAOYSA-N,Activity,%,91.0,O=C(NC1CC1)c1cnn(-c2ccc(Cl)cc2Cl)c1-c1ccc(I)cc1,1
FZQBRCQBOFAGPT-UHFFFAOYSA-N,IC50,nM,5000.0,Cc1c(C(=O)NN2CCCCC2)nn(-c2ccc(F)cc2F)c1-n1cccc1,1
FZRBBCFSHBITLI-UHFFFAOYSA-N,Inhibition,%,14.3,O=C(Cn1nc(-c2ccc(Cl)cc2Cl)c(-c2ccc(Cl)cc2Cl)n1)Oc1ccccc1,1
FZSSOQWBTYVEQY-YOEHRIQHSA-N,Ki,nM,2020.0,CCC(C)C(NC(=O)n1c(=O)n(CCN2CCOCC2)c2ccccc21)C(N)=O,1
FZXBQRPZKNXVPY-UHFFFAOYSA-N,EC50,nM,512.0,COCCn1c(-c2ccccc2Cl)nc2c(N3CCN(C(C)=O)CC3)nc(C)nc21.Cl,1
GAAJNVWIOIOMPO-IPKCRJEZSA-N,Ki,nM,22.3,CCCCCCC1CCCc2c1cc1c(c2O)C2CC(C)=CCC2C(C)(C)O1,1
GAGMEEQOOSHHJQ-UHFFFAOYSA-N,Ki,nM,180.0,CCCCCCc1ccc(OCCCCCC(=O)NC2CC2)cc1O,1
GAGOJPYNDDUOKV-UHFFFAOYSA-N,EC50,nM,142.7,COCC#Cc1ccc(-c2c(C)c(C(=O)NN3CCCCC3)nn2-c2ccc(Cl)cc2Cl)s1,1
GALCSZPFCCZIBC-UHFFFAOYSA-N,IC50,nM,6090.0,N#Cc1ccc(CCOC(=O)NC2CCN(CCCC(c3ccc(F)cc3)c3ccc(F)cc3)CC2)cc1,1
GAOHVWFMXKBWRA-UHFFFAOYSA-N,Ki,nM,2710.0,CCCCCCC(C)(C)c1cc(O)cc(OCCCCCCCCCCCC(=O)OC(CO)CO)c1,1
GAPYDVKOGFLHNF-UHFFFAOYSA-N,Ki,nM,5000.0,CCCCCn1cc(C(=O)NC23CC4CC(CC(C4)C2)C3)c(=O)c2cc(-c3ccc(F)cc3F)ccc21,1
GASFAQIEJVLYMT-UHFFFAOYSA-N,EC50,nM,610.0,CC(C)(C)c1ncc(OCCCc2nc(-c3ccc(F)cc3Cl)no2)cn1,1
GASXPOWMPRTYRR-UHFFFAOYSA-N,Ki,nM,5000.0,CC(C)Cn1nnnc1Cc1ccc(-c2ccccc2)cc1,1
GATBUFYBPKIZIQ-UHFFFAOYSA-N,Ki,nM,10000.0,CCN(CC)c1ccc(C(NC(=O)c2ccccc2)NC(=O)c2ccccc2)cc1,1
GATFOXMZJHQECQ-GKFVBPDJSA-N,Ki,nM,41.0,CCCCCC=CCC=CCC=CCC=CCCC(C)(C)C(=O)NCCO,1
GBBFDWPPCQLGGT-UHFFFAOYSA-N,EC50,nM,16000.0,Cc1cccc(OCC(=O)N2CCN(c3nc(C)nc4sc5c(c34)CCCC5)CC2)c1,1
GBDAMUKDGACIKG-NHCUHLMSSA-N,Ki,nM,1500.0,CCCCCc1cc(CNC(C)=O)c2c(c1)OC(C)(C)C1CCC(C)=CC21,1
GBEGOUHZHBIXNB-UHFFFAOYSA-N,Inhibition,%,29.0,Cc1ccc(-c2ncc(C(=O)N3CCNC(=O)C3)nc2-c2ccc(C)cc2)cc1,1
GBFKNPOLLYBNFL-UHFFFAOYSA-N,IC50,nM,350.0,CCCCNC(=O)c1cnn(-c2cccc(Cl)c2)c1-c1ccc(-c2ccccc2)cc1,1
GBGCKWMSERCOAE-UHFFFAOYSA-N,Ki,nM,15.0,O=C(NN1CCCCC1)c1nn(-c2ccc(Cl)cc2Cl)c2c1CCc1cc(Cl)ccc1-2,1
GBQCPBWPELKWOE-UHFFFAOYSA-N,Ki,nM,5000.0,Cc1c(C(=O)NC2(C#N)CCOCC2)nn(-c2ccccc2Br)c1-c1ccccc1,1
GBWIPOWIDZFYER-UHFFFAOYSA-N,Activity,%,65.9,CCCCCn1cc(C(=O)Nc2cccc3ccccc23)c(=O)c2ccccc21,1
GBYDAJHWAIPJES-UHFFFAOYSA-N,EC50,nM,96.0,CC(C)(C(=O)Nc1ccc(Cl)c(-c2ccco2)c1)S(=O)(=O)c1ccc(Cl)cc1,1
GCFMMKUQCAWLIA-UHFFFAOYSA-N,Ki,nM,150.7,Cc1c(C(=O)NC(C)(C)C)nn(-c2ccc(Cl)cc2Cl)c1-n1c(C)ccc1C,1
GCFYIBSBKKEKSL-AYLUNBTKSA-N,Ki,nM,3660.0,C=C(C)CCC1C(C(=C)CCC=CC(=O)NCCC)CC1(C)C,1
GCIPPHRALACBPJ-KHPPLWFESA-N,Ki,nM,20000.0,CCCCCCCCC=CCCCCCCCCNC(=O)c1nn(-c2ccccc2)c(-c2ccccc2)c1C,1
GCLDSLHTTBFNQW-UHFFFAOYSA-N,EC50,nM,1360.0,C=CCn1c2c(c3cc(C(=O)N4CCC(C)CC4)ccc31)CN(Cc1ccncc1)CC2,1
GCUHDOKPPLNQHJ-IEBWSBKVSA-N,Ki,nM,1500.0,CCCCCc1cc2c(c(C(=O)NCC(N)=O)c1)C1C=C(C)CCC1C(C)(C)O2,1
GCUYAWPJTIMKNJ-UHFFFAOYSA-N,EC50,nM,1258.93,O=C(Nc1ccccc1O)c1ccc(Cl)c(S(=O)(=O)N2CCCCCC2)c1,1
GCVNOOJBZRSWBC-NRFANRHFSA-N,Ki,nM,79.0,COc1ccc(S(=O)(=O)c2cc(OC)ccc2S(=O)(=O)c2ccc(C(C)NS(=O)(=O)Cc3ccccc3)cc2)cc1,1
GDCVFBMYGYPFIY-YCRPNKLZSA-N,IC50,nM,7.1,CC(NS(=O)(=O)c1ccc(Cl)cc1Cl)C(Cc1ccc(Cl)cc1)c1cccc(C#N)c1,1
GDDXOHJBSCMDQG-WDZFZDKYSA-N,Inhibition,%,13.0,O=C1C(=Cc2ccc(F)cc2F)N=C2SCCCN12,1
GDGMHYASAZSGQQ-UHFFFAOYSA-N,IC50,nM,0.575,Cc1ccc(Cl)cc1Cn1c(C(=O)NCC(C)(C)CO)cc2cc(C#N)ccc21,1
GDOISIIWVAYJII-YJBOKZPZSA-N,IC50,nM,5000.0,O=C(NC1CCCCC1O)n1c(=O)n(CCN2CCOCC2)c2ccccc21,1
GDPDARVUXXOYAJ-UHFFFAOYSA-N,EC50,nM,16000.0,Cc1nc(N2CCN(C(=O)c3ccco3)CC2)c2c3c(sc2n1)CCCC3,1
GDQHBBSZCMGKIX-UHFFFAOYSA-N,Ke,nM,195.0,CC(=O)N1CCC(NC(=O)c2nn(-c3ccc(Cl)cc3Cl)c(-c3ccc(Cl)cc3)c2C)CC1,1
GDWQUUCPLCSPGR-UHFFFAOYSA-N,IC50,nM,1.9,CC(C)(C)c1nc(N2CCNCC2)c2cc(-c3ccc(Cl)cc3)c(-c3ccccc3Cl)nc2n1,1
GECBBEABIDMGGL-UHFFFAOYSA-N,EC50,nM,3.981,CCCCCCC(C)(C)c1cc(O)c2c(c1)OC(C)(C)C1CCC(=O)CC21,1
GEEHOLRSGZPBSM-FJOPGZJJSA-N,Ki,nM,12200.0,CCC=CCC=CCC=CCC=CCC=CCC=CCCC(=O)NCCO,1
GEGJABYLALYXFH-UHFFFAOYSA-N,Ki,nM,11.67,Cc1c(C(=O)NN2CCOCC2)nn(-c2ccc(Cl)cc2Cl)c1-c1ccccc1Br,1
GEOLYIQEFDNFIJ-UHFFFAOYSA-N,Ki,nM,115.0,COc1ccc(-c2c(C)c(C(=O)NC3(C#N)CCOCC3)nn2-c2ccccc2F)cc1,1
GEOWISNUVFADMB-UHFFFAOYSA-N,EC50,nM,5080.0,COc1ccc(S(=O)(=O)N2CCOCC2)cc1NC(=O)c1ccc(Cl)cc1,1
GERMPJNUXLBCOW-UHFFFAOYSA-N,EC50,nM,16000.0,COc1ccc(-c2csc(NC(=O)CSc3nnc4c(C)cc5cc6c(cc5n34)OCO6)n2)cc1,1
GEUFMHWPIXFMJY-UHFFFAOYSA-N,Ki,nM,66.0,O=C(NN1CC2CCCC2C1)c1cn(-c2ccc(Cl)cc2)c(-c2ccc(Cl)cc2Cl)n1,1
GEXXWFJVTORBID-UHFFFAOYSA-N,Ki,nM,0.87,CCNC1(C(N)=O)CCN(c2cnc(-c3ccc(C(F)(F)F)cc3)c(-c3ccnc(Cl)c3)n2)CC1,1
GFBAVZDJICEEHA-UHFFFAOYSA-N,Activity,%,24.5,CCCCCCCCN1C(=O)NC(c2ccc(C)cc2)(c2ccc(C)cc2)C1=O,1
GFBFCDFXQDUYSU-UHFFFAOYSA-N,Activity,%,5.0,CCCCCCCCCCCCCCCCCCN1C(=O)C(c2ccccc2)(c2ccccc2)NC1=S,1
GFBQNOACAGDIGG-UHFFFAOYSA-N,Activity,pmol,0.09,Cc1c(NS(=O)(=O)c2nn(-c3ccc(Cl)cc3Cl)c(-c3ccc(Cl)cc3)c2C)nn(-c2ccc(Cl)cc2Cl)c1-c1ccc(Cl)cc1,1
GFPVBTCEHMGEHJ-JKVSBJAMSA-N,Ki,nM,2500.0,Cc1ccc(C(=O)NC2C3(C)CCC(C3)C2(C)C)cc1C(=O)N1CCOCC1,1
GFVOQEVMYOQLDZ-UHFFFAOYSA-N,Ke,nM,1170.0,Cc1c(C(=O)N2CCC(C(=O)O)(c3ccccc3)CC2)nn(-c2ccc(Cl)cc2Cl)c1-c1ccc(Cl)cc1,1
GFYAPNPWRHIAKF-FCHUYYIVSA-N,IC50,nM,9.0,O=C(C1CC1c1ccc(C(F)(F)F)cc1)N1CCN(S(=O)(=O)c2cc(-c3cn[nH]c3)cc(C(F)(F)F)c2)CC1,1
GGAOQZJBOLXKMT-UHFFFAOYSA-N,Ke,nM,485.0,Cc1c(C(=O)N2CCC(N)(c3ccccc3)CC2)nn(-c2ccc(Cl)cc2Cl)c1-c1ccc(Cl)cc1,1
GGASESVHBWYDKY-UHFFFAOYSA-N,Ki,nM,3400.0,O=C(NCCCc1ccccc1)C(c1ccccc1)c1ccccc1,1
GGGNHVNLXDRYCH-UHFFFAOYSA-N,Ki,nM,950.0,O=C(NC1CCCCCC1)c1cccn(CCN2CCOCC2)c1=O,1
GGJLRNSPAGCZKZ-UHFFFAOYSA-N,IC50,nM,10.0,O=C(NN1CCCCC1)c1cnc(-c2ccc(Cl)cc2Cl)c(-c2ccc(Cl)cc2)n1,1
GGNIFXBIJCNXCT-CQSZACIVSA-N,Ki,nM,1459.0,CC(C)(O)CCn1c(=O)n(C(=O)NC(C(N)=O)C(C)(C)C)c2ccccc21,1
GGQDDJOKTVQNBO-UHFFFAOYSA-N,Ki,nM,900.0,CCCCCn1cc(C(=O)NC23CC4CC(CC(C4)C2)C3)c(=O)c2cc(CC)ccc21,1
GGUIFPPTHFTTLY-UHFFFAOYSA-N,Ki,nM,5444.0,Cc1nc(C(=O)NC23CC4CC(CC2C4)C3)c(C)n1-c1ccccc1,1
GGYRPAOZNOBUSJ-UHFFFAOYSA-N,EC50,nM,16000.0,O=C(Cc1ccccc1F)N1CCC(n2nc(-c3ccccc3)oc2=O)CC1,1
GHCQHKJDEOAEFX-UHFFFAOYSA-N,EC50,nM,16.0,COc1ccc(NC(=O)c2ccnc3ccccc23)c(C(=O)NCC2CCC2)n1,1
GHLZMFQTCPAANB-UHFFFAOYSA-N,IC50,nM,39.81,O=C(NCc1cccc(Cl)c1)c1ccc2c(c1)N=C(N1CCC(F)(F)CC1)c1ccccc1S2,1
GHNBODCHAPJFCM-UHFFFAOYSA-N,Ki,nM,1250.0,Cc1c(C(=O)NCCCNCCCN)nn(-c2ccc(Cl)cc2Cl)c1-c1ccc(Cl)cc1,1
GHWMIFALBUZXQR-UHFFFAOYSA-N,Ki,nM,203.0,CCC(COCc1ccccc1)NC(=O)c1cnc(-c2ccc(C)cc2)c(-c2ccc(C)cc2)n1,1
GHXDMEJUWJMZGJ-WUKNDPDISA-N,Ki,nM,10000.0,O=C(Cc1ccccc1)NC(C=Cc1ccccc1)NC(=O)Cc1ccccc1,1
GHYCZFFOTFFEPA-UHFFFAOYSA-N,Ki,nM,1351.0,CC(C)(NC(=O)c1cc2c(n(CC3CCCCC3)c1=O)CCCCCC2)C(=O)O,1
GHYNTENMZDWMGY-UHFFFAOYSA-N,Inhibition,%,0.5,CCN(CC)CCCNC(=O)c1oc2ccc(S(=O)(=O)N3CC(C)CC(C)C3)cc2c1C,1
GIBDUBNVECNSLR-UHFFFAOYSA-N,EC50,nM,22.0,O=C(Cn1nc(-c2ccc(Cl)cc2Cl)c(-c2ccc(Cl)cc2Cl)n1)NCc1cc(F)ccc1F,1
GIBUMTYNNVDCKL-UHFFFAOYSA-N,Kd,nM,2.512,CN=C(NS(=O)(=O)c1ccc(C)cc1)N1CC(c2ccccc2)C(c2ccc(Cl)cc2)=N1,1
GICAVAIQQLDFTR-UHFFFAOYSA-N,Ki,nM,500.0,COc1cc(C(=O)c2ccccc2)cc(O)c1-c1cc(Cl)cc(Cl)c1,1
GIDUCTHBMLKBQQ-UHFFFAOYSA-N,EC50,nM,251.19,COC1CCN(Cc2csc(-c3cn(CC4CCOCC4)c4c(Cl)cccc34)n2)CC1,1
GINXDHZODBJPKX-IMFGXOCKSA-N,IC50,nM,8500.0,O=C(c1ccncn1)N1CCC(O)(c2ccccc2)C2CCCCC21,1
GISPPWDLKMGGSY-UHFFFAOYSA-N,Inhibition,%,19.6,CCCCCCCCCCCCCCCC(=O)NCCCC,1
GIWVHEJUUAATKM-UHFFFAOYSA-N,Ki,nM,2500.0,COc1ccc(-c2cc(CC(C)Br)ccc2O)cc1CC(C)Br,1
GIYXHIARXSJFMH-UHFFFAOYSA-N,EC50,nM,79.43,O=C(NCCO)C1CCN(Cc2nc(-c3cn(CC4CCOCC4)c4c(Cl)cccc34)ns2)CC1,1
GJCHIBBCHWAZCB-UHFFFAOYSA-N,Ki,nM,550.3,CCCNC(=O)c1nn(-c2ccc(Cl)cc2Cl)c(-n2cccc2)c1C,1
GJDPGFHVEKFXEZ-SQIWNDBBSA-N,IC50,nM,4600.0,CCCCCCCCCC=CC=CC(=O)NCC(C)(C)O,1
GJGRAMGTQURCNW-UHFFFAOYSA-N,EC50,nM,1.0,COC(=O)c1cc(C(F)(F)F)cc(S(=O)(=O)N2CCN(C(=O)Cc3ccc(C(F)(F)F)cc3)CC2)c1,1
GJJWPAHIGGXADY-UHFFFAOYSA-N,Kd,nM,31.62,Cc1c(C(=O)NN2CCOCC2)nc(-c2ccc(Cl)cc2Cl)n1-c1ccc(Cl)cc1,1
GJOLPKHBXPLDTR-UHFFFAOYSA-N,Activity,%,10.0,CCCCCn1cc(C(=O)c2ccc(OC)cc2)c(=O)c2ccccc21,1
GJOOHWJFYSUFIU-NRFANRHFSA-N,IC50,nM,56.0,CC(=O)NC1CC(C)(C)Oc2nc(-c3ccc(Cl)cc3Cl)c(-c3ccc(Cl)cc3)cc21,1
GJQLRIWIWJAJOG-UHFFFAOYSA-N,Ki,nM,746.0,CCCCn1c2c(cc(C(=O)NCc3ccccc3)c1=O)CCCC2,1
GJRWDZXBDAHESD-UHFFFAOYSA-N,IC50,nM,113.0,O=C(NC1(C(=O)O)CCCC1)c1cc2c(n(CC3CCCCC3)c1=O)CCCCCC2,1
GJYAHGCCGZMMCK-UHFFFAOYSA-N,IC50,nM,5.6,CN(C)NC(=O)c1cc(-c2ccc(Cl)cc2)c(-c2ccc(Cl)cc2Cl)nc1Oc1ccc(F)c(F)c1,1
GJYFBGWPXHVUAZ-YCRPNKLZSA-N,IC50,nM,7.4,CC(NS(=O)(=O)c1cc(Cl)ccc1Cl)C(Cc1ccc(Cl)cc1)c1cccc(C#N)c1,1
GKCBNNYYHQNJLZ-UHFFFAOYSA-N,EC50,nM,630.96,O=C(Nc1ccc(Cl)c(S(=O)(=O)N2CCOCC2)c1)c1ccccc1,1
GKCWSDRFNXROEL-UHFFFAOYSA-N,Activity,%,85.0,S=C(Nc1ccc(Cl)cc1)NC(c1ccc(Cl)cc1)c1ccc(Cl)cc1,1
GKGNNZNHKIBWOJ-UHFFFAOYSA-N,Ki,nM,19.8,Cc1c(C(=O)Nc2ccc(-c3ccsc3)cc2)nn(CCCCCCl)c1-c1ccccc1,1
GKNXJUJJBXPUBJ-UHFFFAOYSA-N,EC50,nM,16000.0,CN(C)S(=O)(=O)c1ccc(Cl)c(C(=O)N2CCN(c3ccc([N+](=O)[O-])cc3)CC2)c1,1
GKTQBPYMIGXPKG-JVVVGQRLSA-N,Ki,nM,5000.0,COc1ccc2cccc(N3CCN(CCCCn4ncc(=O)n(C)c4=O)CC3)c2c1,1
GLBHDBKJJWTLPC-UHFFFAOYSA-N,Activity,%,51.0,CCCCCCCC(C)(C)c1cc(OC)c2cc(Cc3ccccc3OC)c(=O)oc2c1,1
GLHCGUOLIKDUPD-UHFFFAOYSA-N,IC50,nM,2500.0,Cc1cccc(-n2ncc(C(N)=O)c2-c2ccc(-c3ccccc3)cc2)c1C,1
GLJBTNGNJZDANQ-DOFZRALJSA-N,Ki,nM,300.0,CCCCCC=CCC=CCC=CCC=CCCCC(=O)N1CCN(c2ccc(F)cc2)CC1,1
GLKVKZHCCAPKIW-UHFFFAOYSA-N,Activity,%,80.1,Cc1ccc(N2C(=O)C(c3ccccc3)N(c3ccc(C)cc3)C2=S)cc1,1
GLNCVAUSEPMKRR-UHFFFAOYSA-N,Activity,%,21.9,CCCCCCN1C(=O)C(c2ccccc2)(c2ccccc2)NC1=S,1
GLTATSBKHAKNIX-UHFFFAOYSA-N,Activity,%,10.0,O=C(Nc1ccccc1)NC(c1ccc(F)cc1)c1ccc(F)cc1,1
GMCGZUKFSQESFG-UHFFFAOYSA-N,Ki,nM,56.0,O=C(NC1CCCCCC1)c1cccn(Cc2ccccc2)c1=O,1
GMHDPRHDMOFAGT-FGZHOGPDSA-N,Ki,nM,13.7,CC(=O)Nc1cccc(C(C)(C)c2cc(O)c3c(c2)OC(C)(C)C2CC=C(C)CC32)c1,1
GMJBSGFSLCGHEK-UHFFFAOYSA-N,EC50,nM,133.9,Cc1c(C(=O)NN2CCCCCC2)nn(-c2ccc(Cl)cc2Cl)c1-c1ccc(Cl)s1,1
GMKMGZYNRTVTJL-UHFFFAOYSA-N,Ki,nM,5000.0,COc1ccc(-c2c(C(N)=O)c(C(=O)NN3CCCCC3)nn2-c2ccccc2Br)cc1,1
GMNFDNPPNBCUPK-UHFFFAOYSA-N,Ki,nM,7.7,Cc1c(C(=O)NC2CCCCC2)nn(-c2ccc(Cl)cc2Cl)c1-n1cccc1Cl,1
GMNVCBCXIRKAHE-CTNGQTDRSA-N,EC50,nM,78.7,CCNC(=O)CCC(CO)N(C)C(=O)c1ccc2c(c1)c1c(n2C)CCC(C2CCOCC2)C1,1
GMORXCFKPPSPDS-UHFFFAOYSA-N,Ki,nM,47.6,CCC(C)(C)NC(=O)c1nn(-c2ccc(Cl)cc2Cl)c(-n2cccc2)c1C,1
GMQDMMDBFMLNTG-UHFFFAOYSA-N,Activity,%,5.0,CC12CC3CC(C)(C1)CC(NC(=O)c1cn(CCC4CCCCC4)c4ccccc4c1=O)(C3)C2,1
GMSTWIZAQXJBNA-UHFFFAOYSA-N,IC50,nM,40.0,CC(C)(C)c1nc(N)c2cc(-c3ccc(Cl)cc3)c(-c3ccccc3Cl)nc2n1,1
GMUJSLQGNHXBQA-ZKWNWVNESA-N,Ki,nM,650.0,CCCCCC=CCC=CCC=CCC=CCCCC(=O)NCCOC,1
GNCYNJOQKXCFFG-UHFFFAOYSA-N,EC50,nM,320.0,CC(C)(C)c1nc2cc(S(=O)(=O)CCCC(F)(F)F)ccc2n1CC1CCOCC1,1
GNNGQWYKJIJNCS-UHFFFAOYSA-N,EC50,nM,199.53,COCC(=O)NCc1nc(-c2cn(CC3CCOCC3)c3c(Cl)cccc23)no1,1
GNUDAIROHJOQGV-UHFFFAOYSA-N,EC50,nM,156.0,O=C(c1ccc2c(c1)OC(c1ccc(F)cc1)(c1ccc(Cl)cc1Cl)O2)N1CCOCC1,1
GNVSRVYLFPLWQP-UHFFFAOYSA-N,Ki,nM,2500.0,CCOc1ccc(Cc2nc3cc(NC)ccc3n2CC2CC2)cc1,1
GNVYTDPQYLDLJV-UHFFFAOYSA-N,EC50,nM,36.4,CCC#Cc1ccc(-c2c(C)c(C(=O)NN3CCCCCC3)nn2-c2ccc(Cl)cc2Cl)s1,1
GODCOWOFXDZXGO-UHFFFAOYSA-N,EC50,nM,500.0,CC(=O)n1cc(-c2cccc(C(F)(F)F)c2)nc1-c1cccc(CN2CCOCC2)c1,1
GOJRXPJKDWGTKN-UHFFFAOYSA-N,Ki,nM,780.0,Cc1cc(NC(=O)C(C)(C(F)(F)F)C(F)(F)F)cc(S(=O)(=O)N2CCOCC2)c1C,1
GOKFTKVTHURVMY-UHFFFAOYSA-N,IC50,nM,7000.0,CC(=O)C(Sc1nc(-c2ccccc2)c(-c2ccccc2)[nH]1)c1ccccc1,1
GOMIDTFVHGKBCD-CDAQVASYSA-N,EC50,nM,31.62,COc1cccc2c(C(=O)N3CC4(C)CSCN4CC3C)cn(CC3CCCCC3)c12.Cl,1
GOMQTRDCGNSUPF-KEKNWZKVSA-N,IC50,nM,13.0,NC(=O)C(CO)N=C(NS(=O)(=O)c1ccc(Cl)cc1)N1CC(c2ccccc2)C(c2ccc(Cl)cc2)=N1,1
GOWAJQWDPFWVDT-UHFFFAOYSA-N,IC50,nM,1500.0,O=C(NC1CCCCC1)c1nc(-c2ccc(Cl)cc2)c(-c2ccc(Cl)cc2)[nH]1,1
GOWJGXSXULZEEW-UHFFFAOYSA-N,IC50,nM,8.5,CN(C)c1nc(C(C)(C)C)nc2nc(-c3ccccc3Cl)c(-c3ccc(Cl)cc3)cc12,1
GOYBAYBWIMTDHO-UHFFFAOYSA-N,EC50,nM,0.5,O=C(CCc1ccc(C(F)(F)F)cc1)N1CCN(S(=O)(=O)c2cc(Cl)cc(Cl)c2)CC1,1
GPQAMKRDGHYJDR-UHFFFAOYSA-N,EC50,nM,16000.0,Cc1nnc(-c2cccc3ccccc23)c2cn(-c3cccc(Br)c3)nc12,1
GPXJGXGWNQNGGC-UHFFFAOYSA-N,Kd,nM,104.0,CC1=CCC2C(C1)c1c(O)cc(C#CCCCC#N)cc1OC2(C)C,1
GPYNXTKNGYTHQE-UHFFFAOYSA-N,IC50,nM,4496.8,O=C(NC12CC3CC(CC(C3)C1)C2)n1nc(-c2ccc(Cl)cc2Cl)c(-c2ccc(Cl)cc2Cl)n1,1
GQDGUEQVALMWAN-UHFFFAOYSA-N,IC50,nM,611.0,O=C(O)c1cccc(NC(=O)c2cc3c(n(CC4CCCCC4)c2=O)CCCCCC3)c1,1
GQFIFLGWAUGHKZ-UHFFFAOYSA-N,Ki,nM,1800.0,O=C(NCc1cccnc1)c1ccc(Br)c(S(=O)(=O)N2CCCCC2)c1,1
GQGFTACYWTUWFF-GKFVBPDJSA-N,Ki,nM,2900.0,CCCCCC=CCC=CCC=CCC=CCCCC(=O)Nc1c(C)n(C)n(-c2ccccc2)c1=O,1
GQLJOWDFHDEIRJ-UHFFFAOYSA-N,Activity,%,29.0,COc1ccccc1Cc1cc2c(C)ccc(C(C)C)c2oc1=O,1
GQLZRJXYCSFWNA-UHFFFAOYSA-N,Ki,nM,1040.0,CCCCCCC(C)(C)c1cc(O)cc(OCCCCCCCCCCCCOC(CO)CO)c1,1
GQNZJQBYGQAYKX-JXFKEZNVSA-N,EC50,nM,15.85,CC1CN(C(=O)c2cn3c4c(cccc24)OCC3C2CCCCC2)CCN1C,1
GQOWRGJDUDQRIR-UHFFFAOYSA-N,EC50,nM,15000.0,Cc1c[nH]c2c(Nc3cccc(C(F)(F)F)c3)ncc(C(=O)N3CCOCC3)c12,1
GQTSBYIQMOAYSA-UHFFFAOYSA-N,Displacement,%,59.8,O=C1NC(Cc2c[nH]c3ccccc23)C(=O)N1Cc1cccc2ccccc12,1
GQUAMONQHZIZKG-UHFFFAOYSA-N,Ki,nM,3000.0,CCCCCc1cc(O)cc(OCCCCCCCCCCC(=O)Nc2ccc(O)cc2)c1,1
GQYXNRWEEUCMOZ-MMSALSPUSA-N,EC50,nM,1.29,CC1(C)Oc2cc(C34CC5CC(CC(C5)C3)C4)cc(O)c2C2CC(CO)CCC21,1
GRAJFFFXJYFVOC-UHFFFAOYSA-N,Inhibition,%,37.6,CCCCCOc1c(OC)ccc2cc(C(=O)NCc3ccc4c(c3)OCO4)c(=O)[nH]c12,1
GRIZECWQBAVADT-UHFFFAOYSA-N,Ke,uM,8.59,Cc1ccc(NC(=O)c2nn(-c3ccc(Cl)cc3Cl)c(-c3ccc(Cl)cc3)c2C)[n+](C)c1.[I-],1
GRJVQDCAARFQCO-UHFFFAOYSA-N,Ki,nM,1126.0,CCN(CC)c1ccc(CN(c2ccc(Cl)cc2)S(=O)(=O)c2ccc(F)cc2)cc1,1
GRMUMARBFBEJJG-UHFFFAOYSA-N,Inhibition,%,54.0,O=C1CN(Cc2ccc(-c3cccc(CN4CCCCC4)n3)cc2)C(=O)N1CC(F)(F)F,1
GRVIRAHUADMZRK-UHFFFAOYSA-N,Ki,nM,650.0,CCC(C)(C)C(=O)Nc1cc(C)c(C)c(S(=O)(=O)N2CCCCC2)c1,1
GRWSWDKSCZKGSY-UHFFFAOYSA-N,Ki,nM,1.2,CCCCCn1cc(C(=O)c2ccc(Br)c3ccccc23)c2ccccc21,1
GRWXJSVBCXVHND-CQJMVLFOSA-N,Ki,nM,1700.0,CCCCCCCCCCCC(CC1OC(=O)C1CCCCCC)OC(=O)C1CCCN1C=O,1
GRYNLFCOZHYEPP-UHFFFAOYSA-N,EC50,nM,1581.14,CC(C)c1cc(Nc2ccc(C#N)c(Cl)c2)ncc1C(=O)NCC1CCOCC1,1
GSAAVKPLIQVPLL-UHFFFAOYSA-N,Ki,nM,100.0,Cc1c(C(=O)NCc2ccc(Cl)cc2)nn(-c2ccc(Cl)c(Cl)c2)c1-n1c(C)ccc1C,1
GSGNXDQKXQCLBM-UHFFFAOYSA-N,Ki,nM,310.0,Cc1c(C(=O)NCCc2ccc(Cl)c(Cl)c2)nn(-c2ccc(F)cc2F)c1-n1cccc1,1
GSHYOAZTBVECBL-UHFFFAOYSA-N,EC50,nM,5000.0,Cc1cnc(NC(=O)C(C)(C)S(=O)(=O)c2ccc(Cl)cc2)s1,1
GSJKYQXTTLLNLR-CYBMUJFWSA-N,Ki,nM,0.29,COc1ncc(C(=O)NC2(C(=O)NC(C)c3ccc(-n4nc(Cl)c5ccccc54)cc3F)CC2)s1,1
GSKSTUBDYCGHNA-DOFZRALJSA-N,Ki,nM,3900.0,CCCCCC=CCC=CCC=CCC=CCCCC(=O)N(O)CCO,1
GSORWXVWMXUESR-UHFFFAOYSA-N,Ki,nM,1500.0,CCCCCn1cc(C(=O)NC2CCCCC2)c(=O)cc1C(C)(C)C,1
GSQPIDJUEWDSGT-UHFFFAOYSA-N,Ki,nM,25.0,Cc1ccc(-c2ncc(C(=O)NCCCN(C)c3ccccc3)nc2-c2ccc(C)cc2)cc1,1
GSTJEWFIXZLJGZ-UHFFFAOYSA-N,EC50,nM,5000.0,O=C(N1Cc2ccccc2C1)C12CC3CC(CC(C3)C1)C2,1
GSTMDKTUYLEMNX-UHFFFAOYSA-N,Ki,nM,2400.0,COc1ccc(COc2nn(Cc3ccc(OC)cc3)c3ccccc23)cc1,1
GSTZHANFXAKPSE-MXTREEOPSA-N,Ki,nM,334.0,CCCCCCC(C)(C)c1cc(O)c(C2CC(=O)C3CC2C3(C)C)c(OC(=O)C=CC(=O)O)c1,1
GSVIYFPRZFISQC-UHFFFAOYSA-N,Ki,nM,2483.0,CCOc1ccc(Cc2nc3cc(N(C)C(=O)c4cccs4)ccc3n2CC2CC2)cc1,1
GTCBSXYFQAQUGP-UHFFFAOYSA-N,Ki,nM,5000.0,CCCCCn1cc(C(=O)NC23CC4CC(CC(C4)C2)C3)c(=O)c2cc(-n3ccnc3)ccc21,1
GTCSIQFTNPTSLO-CGAIIQECSA-N,IC50,nM,2.0,CC(C)C(N=C(NS(=O)(=O)c1ccc(Cl)cc1)N1CC(c2ccccc2)C(c2ccc(Cl)cc2)=N1)C(N)=O,1
GTUBFFSVRFOGEG-UHFFFAOYSA-N,Ke,nM,71.0,CS(=O)(=O)NC1CCN(c2ncnc3c2nc(-c2ccccc2Cl)n3-c2ccc(Cl)cc2)CC1,1
GTWAEQRGBKIVJZ-UHFFFAOYSA-N,EC50,nM,1581.14,CC(C)c1cc(Nc2cccc(Cl)c2)ncc1C(=O)NC1CCOCC1,1
GUAJCLOVZCTWOJ-UHFFFAOYSA-N,IC50,nM,500.0,O=C(CCc1nc(-c2ccc(F)cc2Br)no1)Nc1ccc2c(c1)c1ccccc1n2CCCO,1
GUAYRGLBYUIBCV-UHFFFAOYSA-N,EC50,nM,570.0,Cc1ccc(C(=O)NC23CC4CC(CC(C4)C2)C3)cc1S(=O)(=O)N1CCOCC1,1
GUHKCQXIXRAGEK-UHFFFAOYSA-N,IC50,nM,320.0,O=C(NCC1CCC1)c1ncccc1NC(=O)c1cccc2cccnc12,1
GUNCOSCOXDDNME-LJQANCHMSA-N,EC50,nM,70.6,CN(CCCC(=O)NCC#N)C(=O)c1ccc2c(c1)c1c(n2C)CCC(C2CCOCC2)C1,1
GUQQKXFNVGXNPW-UHFFFAOYSA-N,EC50,nM,5000.0,Cc1ccc(C(=O)Nc2cccc(F)c2)cc1S(=O)(=O)N1CCCCC1,1
GUUSLCMBMVQETC-UHFFFAOYSA-N,IC50,nM,2500.0,Cc1c(C(=O)NN2CCCCC2)nn(-c2ccccc2)c1-n1cccc1,1
GUUZUGFVBBTFNU-UHFFFAOYSA-N,EC50,nM,7452.0,Cc1ccccc1C(=O)Nc1sc2c(c1C(=O)N1CCOCC1)CCOC2,1
GUXZMJXQQKUUOL-UHFFFAOYSA-N,EC50,nM,500.0,O=C(CCc1nc(-c2ccc(F)cc2Cl)no1)Nc1cnc2ncc(Cl)cc2c1,1
GVBJNZBVBNANME-UHFFFAOYSA-N,Ki,nM,5000.0,O=C(NC1CCCCC1)c1cccnc1OCc1ccccc1,1
GVDPWDDOKQHKSU-UHFFFAOYSA-N,EC50,nM,50000.0,CC(=O)N1CCN(c2nc(C)nc3sc(-c4ccccc4)cc23)CC1,1
GVGKRVCNFMMMAI-UHFFFAOYSA-N,Activity,%,30.0,CCCCCn1cc(C(=O)NC23CC4CC(CC(C4)C2)C3)c(=O)c(-c2ccc(C)cc2)c1C,1
GVHFXCZQRWAYQT-UHFFFAOYSA-N,Displacement,%,2.5,CCCCN1C(=O)NC(Cc2c[nH]c3ccccc23)C1=O,1
GVMVKUDTCSWOCV-UHFFFAOYSA-N,IC50,nM,14.0,N#Cc1cc(-c2ccc(Cl)cc2)c(-c2ccc(Cl)cc2Cl)nc1Oc1ccc(F)cc1,1
GVRGHSATAUDCBX-UHFFFAOYSA-N,Ki,nM,58.2,CCCCCn1cc(C(=O)NC(CC)CO)c(=O)c2ccc(Sc3ccccc3)cc21,1
GVSFLAMLFQHOED-UHFFFAOYSA-N,Ki,nM,76.7,Cc1c(C(=O)NN2CCCCC2)nn(-c2ccc(Cl)cc2Cl)c1-c1ccc(Br)cc1,1
GVVBDSXGTXGHEV-KHPPLWFESA-N,Ki,nM,1500.0,CCCCCCCCC=CCCCCCCCC(=O)Nc1ccc(OC)cc1,1
GWCQNKRMTGVYIZ-UHFFFAOYSA-N,EC50,nM,10.0,CCCCCn1cc(C(=O)Nc2cccc3ccccc23)c2ccccc21,1
GWEZFNZYNZYCHM-NHCUHLMSSA-N,Ki,nM,1840.0,CCCCCCC(C)(C)c1cc(NS(C)(=O)=O)c2c(c1)OC(C)(C)C1CCC(C)=CC21,1
GWJYZCALWBDHTL-FLIBITNWSA-N,Inhibition,%,30.0,O=C1C(=Cc2cccc(Cl)c2)N=C2SCCCN12,1
GWKGBPWEUPDTSJ-UHFFFAOYSA-N,Ki,nM,33.0,CC1(C)C(C(=O)c2cn(CC3CCOCC3)c3cc(OCc4ccccc4)ccc23)C1(C)C,1
GWLDYBULTJKXBC-UHFFFAOYSA-N,Activity,%,42.0,COc1c(C)c(C)c2oc(=O)c(Cc3ccccc3)cc2c1C,1
GWNPSNDHGBCAFF-FARCUNLSSA-N,Activity,%,25.0,COc1ccc(C=CC(=O)CCC(=O)Nc2ccc(O)cc2)cc1,1
GWPFRTOGDDGDEA-UHFFFAOYSA-N,Inhibition,%,0.7,CCCCCCCCCCCCCCCC(=O)Nc1ccc2ccccc2c1,1
GWRWPRMABCQODZ-UHFFFAOYSA-N,Ki,nM,15.0,CCCCCCC(C)(C)c1ccc(-c2cccc(N)c2)c(O)c1,1
GXBAKXRLQAPKEE-QHCPKHFHSA-N,Inhibition,%,66.0,O=C(c1ccc(F)c(F)c1)N1CCN2C(=O)c3ccccc3C12c1ccc(Cl)cc1,1
GXBHQIVODVYSBM-UHFFFAOYSA-N,EC50,nM,256.1,O=C(Cn1nc(-c2ccc(Cl)cc2)c(-c2ccc(Cl)cc2Cl)n1)NCc1ccccc1F,1
GXCDURDYHKYIFV-UHFFFAOYSA-N,Ki,nM,2500.0,CCOc1ccc(Cc2nc3cc(C(=O)N(CC)CC)ccc3n2Cc2cc[n+]([O-])cc2)cc1,1
GXIDPXCTASLXJO-UHFFFAOYSA-N,IC50,nM,13.0,CCC(=O)c1oc2nc(-c3ccccc3Cl)c(-c3ccc(Cl)cc3)cc2c1N,1
GXMKPONJLTZWSW-WOJBJXKFSA-N,Ki,nM,76.1,CC1=CCC2C(C1)c1c(O)cc(C(C)(C)c3ccc(F)cc3)cc1OC2(C)C,1
GXPFAGIMBDKZKN-UHFFFAOYSA-N,Ki,nM,10000.0,CCCCCC(=O)NC(NC(=O)CCCCC)c1ccc(N(CC)CC)cc1,1
GXVOMEXKBUSDHO-UHFFFAOYSA-N,Activity,%,54.6,CCCCCn1cc(C(=O)NC23CC4CC(C)(CC(C)(C4)C2)C3)c(=O)c2ccccc21,1
GXYQICKPCCBIIX-UHFFFAOYSA-N,Activity,%,20.0,Cc1c(O)cc(O)c2c1COC2=O,1
GYVSQNBUFKWWPG-UHFFFAOYSA-N,EC50,nM,120.0,O=C(NCC1CCC1)c1nc(OCCO)ccc1NC(=O)c1ccnc2ccccc12,1
GZANEENHXGTSQQ-FGZHOGPDSA-N,Ki,nM,23.5,O=C(NC1CCCCC1O)c1cnc(OCc2cccnc2)c(-c2ccc(Cl)cc2)c1,1
GZBNSNLOUUIGBF-UHFFFAOYSA-N,EC50,nM,473.0,CC1CCN(C(=O)c2ccc3c(c2)c2c(n3S(C)(=O)=O)CCN(C3CCOCC3)C2)CC1,1
GZEWXBGMEDJEHN-UHFFFAOYSA-N,Ki,nM,6300.0,Cc1ccc(NC(=O)C(C)(C(F)(F)F)C(F)(F)F)cc1CN1CCOCC1,1
GZGZYDZBSNEDTO-UHFFFAOYSA-N,Activity,%,30.0,Cc1noc(-c2ccc3c(c2)c2c(n3CCCSc3cc(F)cc(F)c3)CCCC2)n1,1
GZKSAQUUENNDEG-ICSRJNTNSA-N,EC50,nM,100.0,COc1cccc2c(C(=O)N3CC4CCCN4CC3C)cn(CC3CCCCC3)c12,1
GZKXLOHNLDAQGY-XDOYNYLZSA-N,Ki,nM,1700.0,Cc1c(C(C)(C)C)sc(=NS(=O)(=O)c2cccc3ccccc23)n1C1CC1,1
GZNQWILOGYZACV-UHFFFAOYSA-N,Activity,%,30.0,CCCCCn1cc(C(=O)NC23CC4CC(CC(C4)C2)C3)c(=O)c(I)c1C,1
GZRKWISDSQAWCR-UHFFFAOYSA-N,EC50,nM,25000.0,CC(C)(CO)c1cc(NC(=O)C(C)(C)S(=O)(=O)C2CCOCC2)on1,1
GZTSQHSXUJTAHK-UHFFFAOYSA-N,Inhibition,%,87.0,COC(=O)c1c(C)oc(C)c1S(=O)(=O)N1CCN(C2c3ccccc3-c3ccccc32)CC1,1
GZWCZWFTYKXPDP-UHFFFAOYSA-N,Activity,%,61.0,CN1CCN(NC(=O)c2cnn(-c3ccc(Cl)cc3Cl)c2-c2ccc(Cl)cc2)CC1,1
GZYUOGNPBFAMCO-UHFFFAOYSA-N,Ki,nM,521.0,CCC1COc2c(OC)ccc3c(=O)c(C(=O)NC45CC6CC(CC(C6)C4)C5)cn1c23,1
GZYXCXRHVALIJD-WOJBJXKFSA-N,Ki,nM,12.0,CC1=CCC2C(C1)c1c(O)cc(C(C)(C)c3ccccc3)cc1OC2(C)C,1
GZZYLEZVFVDDCG-FCHUYYIVSA-N,%max,%,-106.0,O=C(C1CC1c1ccc(C(F)(F)F)cc1)N1CCN(S(=O)(=O)c2cc(C3CC3)cc(C(F)(F)F)c2)CC1,1
HAEKROWHXRTASV-UHFFFAOYSA-N,Ki,nM,45.6,Cc1c(C(=O)NCCC(C)(C)C)nn(-c2ccc(Cl)cc2Cl)c1-n1cccc1,1
HAFWIBPGIZOZQO-BXKMTCNYSA-N,IC50,nM,15.4,CC(NS(=O)(=O)Cc1ccc(Cl)cc1)C(Cc1ccc(Cl)cc1)c1cccc(C#N)c1,1
HAFZJTKIBGEQKT-UHFFFAOYSA-N,Inhibition,%,2.0,C=CCOC(=O)CCCCCCCCCCCCCCC,1
HAMLZAXSMZZNHH-BXKMTCNYSA-N,IC50,nM,48.0,CC(NC(=O)C(C)(C)Oc1ccc(Cl)cc1)C(Cc1ccc(Cl)cc1)c1ccc(Cl)cc1,1
HAQRKBMHJXTTRZ-UHFFFAOYSA-N,Ki,nM,13.0,O=S(=O)(c1ccc2c(c1)OC(c1ccccc1)(c1ccccc1)O2)N1CC=C(c2ccc(F)cc2)CC1,1
HASYDUIFQCRDMA-UHFFFAOYSA-N,EC50,nM,5000.0,Cc1ccc(NC(=O)c2ccccc2Oc2ccccc2)cc1S(=O)(=O)N1CCOCC1,1
HAXRXMINOCSQGA-IDISGSTGSA-N,Ki,nM,57.0,CC(C)(C)CCN1CCN(CC2CCC(c3ccc(Cl)cc3Cl)N(c3ccc(Cl)cc3)C2)CC1,1
HBBKITXQQTYAAN-UHFFFAOYSA-N,Ki,nM,5000.0,C=CCCCCCCCCC(=O)Nc1ccc(OC)cc1,1
HBHMIKJVZYVGNO-UHFFFAOYSA-N,Ki,nM,53.1,CCc1c(C(=O)NCc2ccc(Cl)c(Cl)c2)nn(-c2ccc(Cl)cc2Cl)c1-n1c(C)ccc1C,1
HBILZCDAOBDBDT-UHFFFAOYSA-N,Ki,nM,1300.0,CCCCCc1cc(O)cc(OCCCCCC(=O)NC2CC2)c1,1
HBMSIPLIFIVUKZ-UHFFFAOYSA-N,Inhibition,%,14.4,CCCCCCCCCCCCCCCC(=O)NCCC,1
HBNFLNXIXRTYTC-UHFFFAOYSA-N,EC50,nM,26.0,CC1CCN(C(=O)c2ccc3c(c2)c2c(n3S(=O)(=O)N(C)C)CCN(C3CCCC3)C2)CC1,1
HBNYOCFTGWIISU-UHFFFAOYSA-N,Ki,nM,2500.0,CCOc1ccc(Cc2nc3cc(N(C)C(=O)N(CC)CC)ccc3n2CC2CC2)cc1,1
HBOZOOYIOXJZFX-IAGOWNOFSA-N,Ki,nM,1.08,CC1=CCC2C(C1)c1c(O)cc(C(C)(C)c3cccs3)cc1OC2(C)C,1
HBQAIROLYJEHCY-UHFFFAOYSA-N,IC50,nM,37.0,CC(C)(C)C(=O)N1CCN(c2nc(-c3ccccc3Cl)c(-c3ccc(Cl)cc3)cc2C#N)CC1,1
HBTYATWGNXKNSB-UHFFFAOYSA-N,EC50,nM,850.0,Fc1ccc(-c2noc(CCCNc3ccc4ncc(OC(F)(F)F)cc4c3)n2)c(Cl)c1,1
HBXGMYPLVUUOLH-UHFFFAOYSA-N,Activity,%,34.0,CCCCCn1cc(C(=O)NC23CC4CC(CC(C4)C2)C3)c(=O)n2nc(-c3ccco3)cc12,1
HBYBQDJZTXGWDU-UHFFFAOYSA-N,Activity,%,8.72,CN(CCCCCCCOc1ccc(-c2oc3ccccc3c2C(=O)c2ccccc2)cc1)Cc1ccccc1,1
HBYVKAXKMOLOJA-UHFFFAOYSA-N,Ki,nM,31.0,Cc1c(C(=O)NC23CC4CC(CC(C4)C2)C3)nn(-c2ccc(Cl)c(Cl)c2)c1-n1cccc1,1
HCAWPGARWVBULJ-IAGOWNOFSA-N,Ki,nM,28.5,CCCCCc1cc(O)c2c(c1)OC(C)(C)C1CC=C(C)CC21,1
HCCPCHOTWZKROT-UHFFFAOYSA-N,EC50,nM,5000.0,CCn1c2ccccc2c2cc(NC(=O)CCc3noc(-c4ccccc4F)n3)ccc21,1
HCDXKFVDVPDYPB-ZDUSSCGKSA-N,Ki,nM,3.7,CC(NC(=O)C(F)(F)F)c1ccc(S(=O)(=O)c2ccc(Cl)cc2S(=O)(=O)c2ccccc2F)cc1,1
HCHQMTSFRNJTLA-UHFFFAOYSA-N,EC50,nM,16000.0,O=C(Nc1cccc(S(=O)(=O)N2CCOCC2)c1)c1ccc(N2CCCC2=O)cc1,1
HCHXKEGYBWXMJT-UHFFFAOYSA-N,IC50,nM,0.91,N#Cc1cc(-c2ccc(Cl)cc2)c(-c2ccc(Cl)cc2Cl)nc1Oc1cc(F)cc(F)c1,1
HCJDEWFWSLGINJ-UHFFFAOYSA-N,Ki,nM,500.0,CN(C)C(=NS(=O)(=O)c1ccc(F)cc1)N1CC(c2ccccc2)C(c2ccc(Cl)cc2)=N1,1
HCJKJGVLSCAUCC-AYLUNBTKSA-N,Ki,nM,8640.0,C=CCNC(=O)C=CCCC(=C)C1CC(C)(C)C1CCC(=C)C,1
HCQDJFJVOUQGDH-UHFFFAOYSA-N,IC50,nM,500.0,O=C(NC1CCCCC1)c1nc(-c2ccc(Cl)cc2)c(-c2ccc(Cl)cc2)o1,1
HCRHKHNIDPJLBQ-UHFFFAOYSA-N,Ke,nM,0.4,Cc1c(C(=O)N2CCC(C(N)=O)(c3ccccc3)CC2)nn(-c2ccc(Cl)cc2Cl)c1-c1ccc(Cl)cc1,1
HCVQRSCZRRQWTK-WBAXXEDZSA-N,Activity,%,-3.0,CC1CCC2C(C1)c1c(O)cc(-c3cc4ccccc4o3)cc1OC2(C)C,1
HCWWAAMQYOFKCS-UHFFFAOYSA-N,Activity,%,15.0,CC(C)(C)Cc1nc2c(n1CC1CC1)CCN(S(=O)(=O)Cc1ccccc1)C2,1
HCXWHOQYHTVJCF-HTAPYJJXSA-N,IC50,nM,203.0,CC(NC(=O)C(C)(C)Nc1ccnn1C)C(Cc1ccc(Cl)cc1)c1cccc(C#N)c1,1
HDFXOLVNCFTDRO-UHFFFAOYSA-N,Ki,nM,1150.0,CCC1COc2cccc3c(=O)c(C(=O)Nc4ccncc4)cn1c23,1
HDISCPHXDLSWKV-AWEZNQCLSA-N,Ki,nM,115.0,CC(NS(=O)(=O)C(F)(F)F)c1ccc(S(=O)(=O)c2ccc(Cl)cc2S(=O)(=O)c2c(F)cccc2N(C)C)cc1,1
HDMBJOMYKUDPRX-UHFFFAOYSA-N,IC50,nM,53.4,Cc1c(C2=NC(C)(C)C(=O)N2)nn(-c2ccc(Cl)cc2Cl)c1-c1ccc(Cl)cc1,1
HDQPMGYDNBFKSZ-UHFFFAOYSA-N,Emax,%,66.0,O=C(c1cccc(Cl)c1Cl)c1nc(CN2CCOCC2)c2ccccn12,1
HDRWGJCAGSFEAW-UHFFFAOYSA-N,IC50,nM,1800.0,Cn1c(C(=O)NC2CCCCC2)nc(-c2ccccc2)c1-c1ccccc1,1
HDUFIFHPLFCYGK-UHFFFAOYSA-N,Ki,nM,2804.0,COc1cc2c(cc1OCc1ccccc1)c(C(=O)C1C(C)(C)C1(C)C)cn2CC1CCOCC1,1
HDWMKVHXWFNFQW-UHFFFAOYSA-N,Ki,nM,7.2,CCCCCn1cc(C(=O)c2ccc(F)c3ccccc23)c2ccccc21,1
HDYUFIGCJVOJCA-CYBMUJFWSA-N,Ki,nM,8.2,Cc1ncsc1C(=O)NC1(C(=O)NC(C)c2ccc(-n3nc(Cl)c4ccccc43)cc2F)CC1,1
HEGRYZZKOBXYNP-UHFFFAOYSA-N,EC50,nM,15000.0,Cc1c[nH]c2c(Nc3ccccc3OC(C)C)ncc(C(=O)N3CCOCC3)c12,1
HEKAKRIKHWYOMJ-UHFFFAOYSA-N,EC50,nM,16000.0,CN(C)S(=O)(=O)c1ccc(N2CCCC2)c(C(=O)N2CCN(c3ccccc3)CC2)c1,1
HEULDPGYVKUNLJ-UHFFFAOYSA-N,Inhibition,%,60.0,CCCCCc1cc(O)c2cc(Cc3ccccc3Cl)c(=O)oc2c1,1
HEVLHKWIATUOPS-NYSBEXSLSA-N,EC50,nM,560.0,CC12CCC(C1)C(C)(C)C2NC(=O)c1ccc(Br)c(S(=O)(=O)N2CCOCC2)c1,1
HEWPMLBYVDOBEP-UHFFFAOYSA-N,IC50,nM,40.0,Cc1ccccc1-n1c2c(c(C)c1-c1ccc(F)cc1)C(=O)N(C1CCCCC1)CC2,1
HFBYNEWDVVKUEL-NYHFZMIOSA-N,Ki,nM,3.8,O=S(=O)(NCCC1CCC(c2ccc(Cl)cc2Cl)N(c2ccc(Cl)cc2)C1)C1CC1,1
HFDABXMRZCZJQL-UHFFFAOYSA-N,Kd,nM,2.512,CCSc1c(C(=O)NN2CCCCC2)nc(-c2ccc(Cl)cc2Cl)n1-c1ccc(Cl)cc1,1
HFEJJSAHPYKAPW-UHFFFAOYSA-N,Ki,nM,1000.0,CCCc1ccc(O)c(-c2ccc(OC)c(CCC)c2)c1,1
HFGPOIZXGKDVPR-UHFFFAOYSA-N,Ki,nM,3.0,O=c1c2nn(-c3ccccc3Cl)c(-c3ccc(Cl)cc3)c2ncn1CCF,1
HFHMZZBOHTVBEJ-UHFFFAOYSA-N,EC50,nM,16000.0,CCC1CCc2sc(C(=O)Nc3cc(S(=O)(=O)N4CCOCC4)ccc3OC)cc2C1,1
HFKKYUGYNZFCQV-UHFFFAOYSA-N,Activity,%,38.0,Cc1nocc1S(=O)(=O)N1CCc2c(nc(C(C)(C)C)n2CC2CC2)C1,1
HFKPAYACHZPHBN-UHFFFAOYSA-N,IC50,nM,269.0,COc1cc(F)ccc1-c1cccc(Cn2cnc3ccc(NC(=O)C(C)(C)C)cc32)c1,1
HFOSMIYNMKJRQB-UHFFFAOYSA-N,EC50,nM,10000.0,CC(C)(C)c1ccc(NC(=O)N2CCCN(C(=O)c3cc(Cl)cc(Cl)c3)CC2)cc1,1
HFQLAXKYDSXFCZ-UHFFFAOYSA-N,Kd,nM,25.0,CC1=CCC2C(C1)c1c(O)cc(CC#CC(C)Br)cc1OC2(C)C,1
HFQQAEKLEDHEFF-UHFFFAOYSA-N,Activity,%,42.0,CCCCC1(c2cc(OC)c3cc(Cc4ccccc4OC)c(=O)oc3c2)CCCCC1,1
HFQXITZIZRQNOH-UHFFFAOYSA-N,EC50,nM,296.0,O=C(Nc1sc2c(c1C(=O)N1CC(F)(F)C1)CCOC2)c1ccccc1C(F)(F)F,1
HGBUYZBCPZIMRH-UHFFFAOYSA-N,IC50,nM,6.5,CC1(C)CC(NC(=O)C2(O)CC2)c2cc(-c3ccc(Cl)cc3)c(-c3ccc(Cl)cc3Cl)nc2O1,1
HGCVBAWZPCEVSI-UHFFFAOYSA-N,Activity,%,5.0,O=C(c1cn(CCN2CCOCC2)c2ccccc2c1=O)c1cccc2ccccc12,1
HGFBODQXMGNAAQ-UHFFFAOYSA-N,Inhibition,%,73.0,Cc1cc(-c2ccccc2)n(Cc2ccccc2)c(=O)c1S(=O)(=O)c1ccccc1,1
HGJIZKBPLUWBIF-UHFFFAOYSA-N,Ki,nM,520.0,CCN(CC)c1ccc(CN(Cc2ccccc2)S(=O)(=O)c2ccc(C(C)C)cc2)cc1,1
HGOKTJCGKAYKMX-UHFFFAOYSA-N,Ki,nM,4000.0,Oc1c(-c2ccccc2)n(-c2ccccc2)c(=S)n1-c1ccccc1,1
HGRHWEAUHXYNNP-UHFFFAOYSA-N,Ki,nM,5000.0,C=CCN(CC=C)CCc1c[nH]c2ccc(OC)cc12,1
HGWFFLZCBHWTEM-UHFFFAOYSA-N,Activity,%,71.0,S=C(Nc1ccc(Cl)cc1)NC(c1ccc(Br)cc1)c1ccc(Br)cc1,1
HGWRUAYEHDMCJH-UHFFFAOYSA-N,Activity,pmol,0.55,CN=C(NS(=O)(=O)c1ccc(Cl)cc1)c1cn(-c2ccc(Cl)cc2)c(-c2ccccc2)n1,1
HHCJFOCCKUSTFY-UHFFFAOYSA-N,EC50,nM,16000.0,Cc1ccc(Cl)cc1N1CCN(C(=O)c2cc(S(=O)(=O)N(C)C)ccc2N2CCCC2)CC1,1
HHGHBIFKWRNLAE-UHFFFAOYSA-N,EC50,nM,16000.0,Cc1nc(N2CCN(C(=O)C3CCCCC3)CC2)c2c3c(sc2n1)CCCC3,1
HHLKAXSAKNNFRQ-UHFFFAOYSA-N,Ki,nM,877.0,Cc1c(CN2CCOCC2)c2ccccc2n1C(=O)c1cccc2ccccc12,1
HHMAMSFRQVSWNR-UHFFFAOYSA-N,Inhibition,%,25.4,CCCCCCCCCCCCCCCC(=O)NCc1ccc(OC)cc1,1
HHPMEXAKTRNDQM-UHFFFAOYSA-N,EC50,nM,180.0,CC1CN(C(=O)C2CCCCC2)CCN1S(=O)(=O)c1cccc2ccccc12,1
HHVOCYNXTOXWDJ-UHFFFAOYSA-N,IC50,nM,42.5,CN1C(c2nn(-c3ccc(Cl)cc3Cl)c(-c3ccc(Cl)cc3)c2Br)=NC(=O)C1(C)C,1
HHVWXARVLQJQML-UHFFFAOYSA-N,EC50,nM,500.0,CC(C)(C(=O)Nc1cccc(C(F)(F)F)c1)S(=O)(=O)c1ccc(Cl)cc1,1
HHXRNYJYHIHSEH-FNORWQNLSA-N,Kd,nM,16.7,CC(=O)NCCCC=CCc1cc(O)c2c(c1)OC(C)(C)C1CC=C(C)CC21,1
HIEVSAGIEPLFDB-UHFFFAOYSA-N,EC50,nM,5000.0,O=C(Cc1ccc(C(F)(F)F)cc1)N1CC(NS(=O)(=O)c2cc(C(F)(F)F)cc(C(F)(F)F)c2)C1,1
HIFURZHDSOPSKN-IMFGXOCKSA-N,IC50,nM,8500.0,O=C(c1cn(CC(F)(F)F)cn1)N1CCC(O)(c2ccccc2)C2CCCCC21,1
HIGMKCMBOFFCOW-UHFFFAOYSA-N,Ki,nM,5000.0,Cc1nc(C(=O)NC23CC4CC(CC(C4)C2)C3)c(C)n1C1CCCCC1,1
HIJUGYAVUFBZEW-UHFFFAOYSA-N,Ki,nM,259.0,CC1CCN(C(=O)c2ccc3c(c2)c2c(n3S(=O)(=O)c3ccccc3)CN(C3CCCC3)C2)CC1,1
HIQCZDGSCMKKFM-UHFFFAOYSA-N,EC50,nM,180.0,CN(C)Cc1ccc(C(=O)Nc2cccnc2C(=O)NCC2CCC2)c2ccccc12,1
HJARVWCLZYYCQW-UHFFFAOYSA-N,Ki,nM,2000.0,CC(C)(C)CNC(=O)c1ccc(Br)c(S(=O)(=O)N2CCCC2)c1,1
HJKVSLYDZAVULX-BXKMTCNYSA-N,IC50,nM,0.3,CC(NC(=O)C(C)(C)Oc1cncc(C(F)(F)F)c1)C(Cc1ccc(Cl)cc1)c1cccc(C#N)c1,1
HJPRUFSAUYPGHI-VOTSOKGWSA-N,Ki,nM,2630.0,CCCCCn1cc(C(=O)NC23CC4CC(CC(C4)C2)C3)c(=O)c2cc(C=Cc3ccc(OC)cc3)ccc21,1
HJUXEQPTXUOUOQ-SNPVRQPZSA-N,Ki,nM,7800.0,CCCCCC=CCC=CCC=CCC=CCCCC(=O)N(C)c1c(C)n(C)n(-c2ccccc2)c1=O,1
HJVPRKXONIWSBC-WOJBJXKFSA-N,Ki,nM,1.59,CC1=CCC2C(C1)c1c(O)cc(C(C)(C)c3cccc(Br)c3)cc1OC2(C)C,1
HJXCSZMIFFJCCI-UHFFFAOYSA-N,Ki,nM,5000.0,CC1(C(=O)c2cn(CCN3CCOCC3)c3ccccc23)CC1(Cl)Cl,1
HKFCEOCEWVEHIB-UHFFFAOYSA-N,EC50,nM,31.62,CN(C)S(=O)(=O)N(C)Cc1nc(-c2cn(CC3CCOCC3)c3c(Cl)cccc23)no1,1
HKTAIRAIGRBEIO-BDQAORGHSA-N,EC50,nM,12.59,COc1cccc2c(C(=O)N3CCN4CCCCC4C3)cn(CC3CCCCC3)c12.Cl,1
HKYAUSBRNXNKIW-GKFVBPDJSA-N,Ki,nM,1860.0,CCCCCC=CCC=CCC=CCC=CCCCC(=O)NCCC(C)C,1
HLCPJLIYGNWTAI-UHFFFAOYSA-N,EC50,nM,15.0,O=C(NCc1ccncc1)c1cnc(Nc2cccc(Cl)c2)nc1C(F)(F)F,1
HLFVJPGLRLFWJQ-KCWXNJEJSA-N,IC50,nM,2.8,CC(NS(=O)(=O)c1cccc(-c2ccccc2)c1)C(Cc1ccc(Cl)cc1)c1cccc(C#N)c1,1
HLJFBDANUXYSFO-UHFFFAOYSA-N,IC50,nM,5.8,S=C(NC1CCCCC1)c1cnc(-c2ccc(Cl)cc2)c(-c2ccc(Cl)cc2)n1,1
HLJHFKBGERUYAG-CQSZACIVSA-N,Ki,nM,0.3,CC(NC(=O)C1(NC(=O)c2cncc(O)c2)CC1)c1ccc(-n2nc(Cl)c3ccccc32)cc1F,1
HLOVGDMRKWKAMT-UHFFFAOYSA-N,EC50,nM,8500.0,CC(C)(C)CNC(=O)c1nc2c(-c3ccccc3)cccc2n1CC(F)(F)F,1
HLQXLEOFBLMNDL-UHFFFAOYSA-N,Inhibition,%,18.1,CCCCCCCCCCCCCCCC(=O)NOC,1
HLYAIGAXCZJANZ-UHFFFAOYSA-N,EC50,nM,23.0,O=C(NCC1CCC1)c1ncccc1NC(=O)c1ccc(Cn2cccn2)c2ccccc12,1
HMFNDBOCIYTQSQ-UHFFFAOYSA-N,Ke,nM,5115.0,Cc1c(C(=O)NC2CCNCC2)nn(-c2ccc(Cl)cc2Cl)c1-c1ccc(Cl)cc1,1
HMFPHFXYIKOWAW-GOSISDBHSA-N,Ki,nM,0.03,CC(C)C(=O)NC1CCCOc2c1nn(-c1ccccc1Cl)c2-c1ccc(Cl)cc1,1
HMHCXYKWVOBPPR-UHFFFAOYSA-N,Ki,nM,3800.0,CCC(C)(C)C(=O)Nc1cc(CN2CCOCC2)c(C)cn1,1
HMKYVRMYZWQBIC-UHFFFAOYSA-N,EC50,nM,5000.0,CCn1c2ccccc2c2cc(NC(=O)CCc3nc(-c4ccccc4C(C)C)no3)ccc21,1
HMLSZWJVJKHFQI-UHFFFAOYSA-N,EC50,nM,3972.0,COC1CN(C(=O)c2c(NC(=O)CC(C)(C)C)sc3c2CCCC3)C1,1
HMMNZALKMVCHHZ-ZKWNWVNESA-N,Log Ki,nM,0.76,CCCCCC=CCC=CCC=CCC=CCCC(C)C(=O)NCCF,1
HMPRRLJUDRDHCR-UHFFFAOYSA-N,EC50,nM,3.1,O=C1c2nn(-c3ccccc3Cl)c(-c3ccc(Cl)cc3)c2CCN1CC(F)(F)F,1
HMQKAHOUJWHSQT-UHFFFAOYSA-N,Activity,%,30.0,CCCCn1cc(C(=O)c2cccc3ccccc23)c(=O)c2ccccc21,1
HMRUGQIFAQWKBQ-UHFFFAOYSA-N,EC50,nM,500.0,CCn1c2ccccc2c2cc(NC(=O)CCn3nnc(-c4ccccc4F)n3)ccc21,1
HMSJDERPEWZRIU-UHFFFAOYSA-N,Ki,nM,5000.0,O=C(c1cn(CCN2CCOCC2)c2ccccc12)C1CCCC1,1
HMTRBVUBZDRDQO-UHFFFAOYSA-N,EC50,nM,16000.0,O=C(Nc1ccc(S(=O)(=O)Nc2nccs2)cc1)c1cc(-c2ccccc2)nc2ccccc12,1
HMXDWDSNPRNUKI-UHFFFAOYSA-N,Ki,nM,3.5,CCc1c(C(=O)NN2CCCCC2)nn(-c2ccc(Cl)cc2Cl)c1-c1ccc(Br)cc1,1
HNBWPZHTNYWHBV-UHFFFAOYSA-N,EC50,nM,1.4,O=C(NCC1CCC1)c1ncccc1NC(=O)c1ccc(Cn2ccnn2)c2ccccc12,1
HNJVESTZAALSPH-UHFFFAOYSA-N,Activity,%,25.2,O=C1NC(=O)N(c2ccc(Br)cc2)C1c1ccccc1,1
HNKJMZFHXMPYMT-UHFFFAOYSA-N,Ki,nM,66.3,CCS(=O)(=O)n1c2c(c3cc(C(=O)N4CCC(C)CC4)ccc31)CN(C1CCCC1)C2,1
HNQCVIGOPRZZGB-UHFFFAOYSA-N,Kb,nM,11.0,O=C(NC1CCCCC1)c1cn(-c2ccc(Cl)cc2)c(-c2ccccc2Cl)n1,1
HNVUNBRGZKMDKG-UHFFFAOYSA-N,IC50,nM,23.0,Cc1c2c(n(-c3ccc(Cl)cc3Cl)c1-c1cc3ccccc3s1)CCN(C1CCCCC1)C2=O,1
HNYZKOASTAMYNF-SVMVAKDDSA-N,EC50,nM,3.98,CCN1C(C)CN(C(=O)c2cn3c4c(cccc24)OCC3C2CCCCC2)CC1C,1
HOAIFTWDCHXJRY-UHFFFAOYSA-N,IC50,nM,8.0,COc1ccc(-c2ncc(C(=O)NC3CCCCC3)nc2-c2ccc(OC)cc2)cc1,1
HOBVUZMCMGOJAM-UHFFFAOYSA-N,Ki,nM,2500.0,CCOc1ccc(C(=O)c2nc3cc(C(=O)N(CC)CC)ccc3n2CCC(C)C)cc1,1
HOCMLWROGBYBPA-QXMHVHEDSA-N,Ki,nM,1000.0,CCCCCCCCC=CCCCCCCCC(=O)NCCc1cc(OC)cc(OC)c1,1
HOHQXCNIAXNTID-UHFFFAOYSA-N,Ki,nM,227.0,COc1cc(CNC(=O)c2nn(-c3ccc(Cl)cc3Cl)c(-n3cccc3)c2C)c(Br)c(OC)c1OC,1
HOIYGCHNLHPXEO-UHFFFAOYSA-N,Inhibition,%,39.0,CCCN1C(=O)CN(Cc2ccc(-c3ccc(F)c(CN4CCCCC4)n3)cc2)C1=O,1
HOLAEUJDCSCFDT-UHFFFAOYSA-N,EC50,nM,16000.0,Cc1nc(N2CCN(C(=O)c3ccc4c(c3)nc(C)n4C)CC2)c2c3c(sc2n1)CC(C)CC3,1
HOPYBJSZIHJCOZ-UHFFFAOYSA-N,Ki,nM,1130.0,CCCCCCc1ccc(O)cc1OCCCCCCCCCCC(=O)NCCO,1
HOQMFRXDGJEXPD-UHFFFAOYSA-N,Ki,nM,62.95,O=C(NN1CCCCC1)c1nn(-c2ccc(Cl)cc2Cl)c2c1CCCc1cc([N+](=O)[O-])ccc1-2,1
HOQYFFDGCOMQQV-UHFFFAOYSA-N,Ki,nM,5000.0,CCCCc1[nH]c2ccc(-c3ccco3)cc2c(=O)c1C(=O)NC12CC3CC(CC(C3)C1)C2,1
HOXJDASGXAAPPB-UHFFFAOYSA-N,Ke,nM,592.0,Cc1c(C(=O)NC2CCN(S(N)(=O)=O)CC2)nn(-c2ccc(Cl)cc2Cl)c1-c1ccc(Cl)cc1,1
HPEHCTLESOYBRN-UHFFFAOYSA-N,Ki,nM,866.0,CCN(CC)c1ccc(CN(c2ccc(Cl)cc2)S(=O)(=O)c2cccc(C)c2)cc1,1
HPLNPAFSORALKR-UHFFFAOYSA-N,Ki,nM,218.0,CCN(CC)c1ccc(CN(c2ccc(C)cc2)S(=O)(=O)c2cccc(C)c2)cc1,1
HPQOEHRUCKPGIY-UHFFFAOYSA-N,EC50,nM,500.0,FC(F)(F)c1cccc(-c2cn(Cc3ccccc3)c(-c3cccc(CN4CCOCC4)c3)n2)c1,1
HPQPYESBKSHCLE-UHFFFAOYSA-N,Kd,nM,460.0,C#CCCCC#Cc1cc(O)c2c(c1)OC(C)(C)C1CC=C(C)CC21,1
HPVHUVXVOUDUCH-UHFFFAOYSA-N,Ki,nM,5000.0,CCCCCn1cc(C(=O)NC23CC4CC(CC(C4)C2)C3)c(=O)c2cc(S(=O)(=O)c3ccccc3)ccc21,1
HPZJMUBDEAMBFI-WTNAPCKOSA-N,Activity,-,0.68,CC(NC(=O)C(N)Cc1ccc(O)cc1)C(=O)NCC(=O)N(C)C(Cc1ccccc1)C(=O)NCCO,1
HQHBPIPKHVSEIN-UHFFFAOYSA-N,Kd,nM,1.259,Cc1c(C(=O)NCc2ccc(C(F)(F)F)cc2)nc(-c2ccc(Cl)cc2Cl)n1-c1ccc(Cl)cc1,1
HQIYCFVTNCPHPF-HNNXBMFYSA-N,Ki,nM,1.1,Cc1ccc(S(=O)(=O)c2ccc(C(C)NS(=O)(=O)C(F)(F)F)cc2)c(S(=O)(=O)c2ccccc2F)c1,1
HQKXFIJHBIYHNR-FCHUYYIVSA-N,Ki,nM,50.0,Cc1ccc(-c2ncc(C(=O)NC3CCCCC3CO)nc2-c2ccc(C)cc2)cc1,1
HQPPJTUGTUANCS-UHFFFAOYSA-N,IC50,nM,11.0,NC(=O)c1cc(-c2ccc(Cl)cc2)c(-c2ccc(Cl)cc2Cl)nc1Oc1ccc(F)c(F)c1,1
HQUJODHGYIPBGV-QFIPXVFZSA-N,Ki,nM,4000.0,COC(=O)C(Cc1ccccc1)NC(=O)c1c(C)n(CCN2CCOCC2)c2c(OC)cccc12,1
HQVHOQAKMCMIIM-HXUWFJFHSA-N,Activity,pmol,0.69,Cc1c(C(=O)c2cccc3ccccc23)c2cccc3c2n1C(CN1CCOCC1)CO3,1
HQXSCIAIRUQCLE-IEBWSBKVSA-N,Ki,nM,2500.0,O=C(NC1CCCCC1O)c1cc(-c2ccc(Cl)cc2)c(OCC2CC2)nn1,1
HQYCNJRSEGRXRZ-UHFFFAOYSA-N,Activity,%,35.1,CCCCCn1cc(C(=O)NC23CC4CC(C)(CC(C)(C4)C2)C3)c(=S)c2ccccc21,1
HRFSPRYAKFJJPT-UHFFFAOYSA-N,EC50,nM,1581.14,CC(C)c1cc(Nc2cccc(Cl)c2)ncc1C(=O)NCc1ccc(F)cc1,1
HRKDPMVQKIZXSS-UHFFFAOYSA-N,Kb,nM,6.5,Cc1c2c(n(-c3ccc(Cl)cc3Cl)c1-c1ccc(Cl)cc1)CCN(C1CCCCC1)C2=O,1
HRLKLBHUUARAHR-UHFFFAOYSA-N,Ki,nM,13.7,CCCCCn1cc(C(=O)NC23CC4CC(CC(C4)C2)C3)c(=O)c2c(C)csc21,1
HRQXJJWQYKYFHP-UHFFFAOYSA-N,IC50,nM,16000.0,COc1ccc(S(=O)(=O)N2CCOCC2)cc1NC(=O)c1cc2c(s1)CCCC2,1
HRUFJXCYLZUGDU-GKFVBPDJSA-N,Log Ki,nM,3.6,CCCCCC=CCC=CCC=CCC=CCCC(C(=O)NCCO)C(C)C,1
HRWBYOQDRHSHDM-VQTJNVASSA-N,IC50,nM,0.3,O=C(C1CC1c1ccc(C(F)(F)F)cc1)N1CCN(S(=O)(=O)c2cc(-c3ncon3)cc(C(F)(F)F)c2)CC1,1
HSDHYQYLBBAZAZ-UHFFFAOYSA-N,IC50,nM,65.0,CCCCCCNC(=O)c1cnc(-c2ccc(Cl)cc2Cl)c(-c2ccc(Cl)cc2)c1,1
HSDWONHLQMASLI-UHFFFAOYSA-N,EC50,nM,630.96,COc1cccc2c(-c3noc(CN4CCC(C(=O)NCCO)CC4)n3)cn(CC3CCOCC3)c12,1
HSEMFIZWXHQJAE-UHFFFAOYSA-N,Inhibition,%,11.7,CCCCCCCCCCCCCCCC(N)=O,1
HSEYCWKXEQJOKJ-UHFFFAOYSA-N,Kd,nM,3.981,CN=C(NS(=O)(=O)c1ccc(Cl)cc1)C1=NN(c2ccc(Cl)cc2)C(c2ccccc2)C1,1
HSFPMLIZJAVYHM-NPNWTSAVSA-N,IC50,nM,2400.0,CCC=CCC=CCCC=CC=CC(=O)NCC(C)(C)O,1
HSJNURVDTMNEII-UHFFFAOYSA-N,Activity,%,34.0,CCCCCn1cc(C(=O)NC2CCCCC2)c(=O)n2nc(-c3ccccc3Cl)cc12,1
HSKLTESOTQDSLW-UHFFFAOYSA-N,Activity,%,25.0,CCCCCCC(C)(C)c1cc(O)cc(OCCCCCCCCCCCC(=O)NCCO)c1,1
HSVCZCAJQDZYMB-UHFFFAOYSA-N,Ki,nM,256.4,CCCCCn1nc(C(=O)NN2CCCCC2)cc1-c1ccccc1,1
HSWJMGYBXXWXGF-UHFFFAOYSA-N,Ki,nM,522.0,CCCCCn1c(C)c(C(=O)c2cccc3cccc(I)c23)c2ccccc21,1
HTAHRMBUUXSICO-UHFFFAOYSA-N,Ki,nM,500.0,CCc1nc(C(=O)NC23CC4CC(CC(C4)C2)C3)cn1-c1ccccc1,1
HTBWNPLJSBWHFI-UHFFFAOYSA-N,EC50,nM,50000.0,Cc1nc(N2CCC(C)CC2)c2cc(-c3ccccc3)sc2n1,1
HTDODMSZAQARTM-UHFFFAOYSA-N,EC50,nM,19.2,CCCC#Cc1ccc(-c2c(C)c(C(=O)NN3CC4CCCC4C3)nn2-c2ccc(Cl)cc2Cl)s1,1
HTEPJTSXQWHRIH-UHFFFAOYSA-N,Ki,nM,2500.0,C=CCc1cc(-c2cc(CC(C)Br)ccc2O)ccc1O,1
HTFLUZNOSRBKDY-UHFFFAOYSA-N,Ki,nM,1400.0,CCC(C)(C)C(=O)Nc1cc2c(c(S(=O)(=O)N3CCOCC3)c1)CCCC2,1
HTFSKZZOGPPCRP-NSHDSACASA-N,Ki,nM,1251.0,CNS(=O)(=O)c1cc(Cl)ccc1S(=O)(=O)c1ccc(C(C)NS(C)(=O)=O)cc1,1
HTJCJFNAROHAIS-UHFFFAOYSA-N,Emax,%,8.0,Fc1ccccc1-c1noc(C2CCN(c3cnc4ccccc4c3)CC2)n1,1
HTSLEZOTMYUPLU-UHFFFAOYSA-N,EC50,nM,16000.0,Cc1cc(C)c2nc(-c3ccccn3)cc(C(=O)Nc3ccc(S(=O)(=O)Nc4onc(C)c4C)cc3)c2c1,1
HTSPNLBZEUOPLA-UHFFFAOYSA-N,Ki,nM,5000.0,CCCCCOC(=O)c1cc(O)c(-c2ccccc2)c(O)c1,1
HTUSIRLLEGBZGH-MRXNPFEDSA-N,IC50,nM,5000.0,CC(C)(C)C(NC(=O)n1c(=O)n(CCC2(O)CCOCC2)c2ccccc21)C(N)=O,1
HUMIWYMGKVOYIQ-UHFFFAOYSA-N,Ki,nM,210.0,CCN(CC)c1ccc(CN(C2CCCCC2)S(=O)(=O)c2ccc(C)cc2)cc1,1
HUMQXAQBYTVYGA-UHFFFAOYSA-N,Ki,nM,5000.0,CCCCCn1cc(C(=O)NC23CC4CC(CC(C4)C2)C3)c(=O)c2cc(-c3c(C)noc3C)ccc21,1
HUYRDFAANWLWPF-UHFFFAOYSA-N,Ki,nM,20.0,O=c1c2nn(-c3ccccc3Cl)c(-c3ccc(Cl)cc3)c2ncn1C1CCCCC1,1
HUZILZNXVMKQDP-UHFFFAOYSA-N,Displacement,%,59.2,O=C1N(Cc2ccco2)C(=S)NC1(c1ccccc1)c1ccccc1,1
HVARCGCHTAQUHJ-UHFFFAOYSA-N,Ki,nM,3753.0,CCCCCn1cc(C(=O)NC23CC4CC(CC(C4)C2)C3)c(=O)c2c(C(C)(C)C)nn(C)c21,1
HVARMSBQVRYMEU-UHFFFAOYSA-N,Inhibition,%,82.0,CCOC(=O)N1CC=C2C(C1)C1(C(=O)N(Cc3ccccc3)c3ccccc31)C(C#N)=C(N)C2(C#N)C#N,1
HVEZDGRGPISTDT-UHFFFAOYSA-N,Inhibition,%,53.0,CCCCN(CC)c1cc(C)nc2c1NC(=O)CN2c1ccc(OC)nc1OC,1
HVQNVIUEYAHELP-UHFFFAOYSA-N,EC50,nM,15811.4,c1ccc(COc2cccc(-c3ccc(N4CCOCC4)nn3)c2)cc1,1
HWFCLBPSZFIZHU-UHFFFAOYSA-N,Ki,nM,1700.0,CCC(C)(C)C(=O)Nc1cc2c(c(S(=O)(=O)N3CCOCC3)c1)CCC2,1
HWMVECSQTJCMEI-UHFFFAOYSA-N,EC50,nM,39.81,CCCCC1=NN(C(=O)NC(C)(C)c2ccccc2)CC1c1ccsc1,1
HWOMHXMYOQOTIQ-UHFFFAOYSA-N,Ki,nM,32.0,COc1ccc(-c2c(C#N)c(C(=O)NN3CCCCC3)nn2-c2ccc(F)cc2Br)cc1,1
HWQXPOZWUHQRFG-UHFFFAOYSA-N,Emax,%,-1.0,O=C(NCCc1nc(-c2ccc(F)cc2Cl)no1)c1cnc2ccccc2c1,1
HWSYITIGXJIHQZ-UHFFFAOYSA-N,EC50,nM,23.5,O=C(Cn1nc(-c2ccc(Cl)cc2Cl)c(-c2ccc(Cl)cc2Cl)n1)NCc1ccccc1F,1
HWWUYYDPBSOWDC-UHFFFAOYSA-N,IC50,nM,210.0,O=C(NC1CCCCC1)c1cnc(-c2ccc(Cl)cc2Cl)c(-c2ccc(Cl)cc2)c1,1
HWYQADZEUSGKLP-CASOXHBNSA-N,Ki,nM,79.7,CC1=CCC2C(C1)c1c(O)cc(CC3C4CC5CC(C4)CC3C5)cc1OC2(C)C,1
HWZHRQCIYAZCNG-UHFFFAOYSA-N,Ki,nM,4.6,Cc1ccc(-n2cc(C(=O)NC3CCCCC3)nc2-c2ccccc2Cl)cc1,1
HXAXAFUBSPLSDK-UHFFFAOYSA-N,Ki,nM,5.0,CCn1nc2c(-c3ccc(Cl)cc3)c(-c3ccc(C#N)cc3)c(=O)n(Cc3ccc(C#N)cc3)n2c1=O,1
HXCBWOVPCXIWGK-UHFFFAOYSA-N,Ki,nM,0.08,N#CC1(C(=O)NC2CCCOc3c2nn(-c2ccccc2Cl)c3-c2ccc(Cl)cc2)CC1,1
HXDMVEMVRVEPRD-UHFFFAOYSA-N,Ki,nM,5000.0,CCCCCCc1ccc(OCCCCCCCCCCC(=O)OCC(O)CO)cc1O,1
HXELDYRZCKHWSK-UHFFFAOYSA-N,EC50,nM,16000.0,Cc1nc(N2CCN(C(=O)c3ccco3)CC2)c2c3c(sc2n1)CC(C)CC3,1
HXFBEIMBFSKIMT-UHFFFAOYSA-N,Activity,%,30.0,CCCCCn1cc(C(=O)NN2CCCCC2)c(=O)cc1C,1
HXIISXBVANMJQB-UHFFFAOYSA-N,IC50,nM,5.2,CCCNC(=O)c1cc(-c2ccc(Cl)cc2)c(-c2ccc(Cl)cc2Cl)nc1OCC1CCCCC1,1
HXLLYBHKLYVSHS-UHFFFAOYSA-N,EC50,nM,8500.0,CC(C)(C)CNC(=O)c1nc2c(-c3ccccc3)cccc2[nH]1,1
HXMBYVLPFPHKTR-ZJZGAYNASA-N,Ki,nM,2600.0,CCCCCCCCCCCC(CC1OC(=O)C1CCCCCC)OC(=O)C1CCC(=O)N1,1
HXMNQTSLKJZKIT-UHFFFAOYSA-N,EC50,nM,15000.0,CCC(CC)Nc1ncc(C(=O)N2CCOCC2)c2c(C)c[nH]c12,1
HXSMUZUNIRWIPA-UHFFFAOYSA-N,IC50,nM,0.51,NC(=O)Cc1c(C(=O)N2CCC(c3ccccc3F)CC2)nn(-c2ccccc2Cl)c1-c1ccc(Cl)cc1,1
HXYVTAGFYLMHSO-UHFFFAOYSA-N,Inhibition,%,23.8,CCCCCCCCCCCCCCCC(=O)NCCO,1
HYKNQHOOVGEYON-UHFFFAOYSA-N,Ki,nM,5000.0,CCCC(C)(C)c1ccc2c(c1)OC(C)(C)c1ccc(C(=O)OC)cc1-2,1
HYNDOCFHNYVELW-UHFFFAOYSA-N,Ki,nM,1720.0,COC(=O)Cc1c(C)n(C(=O)c2ccccc2Cl)c2ccc(OC)cc12,1
HYQPTXFCPLFWMJ-UHFFFAOYSA-N,Kd,nM,3.162,CSc1c(C(=O)NN2CCCC2)nc(-c2ccc(Cl)cc2Cl)n1-c1ccc(Cl)cc1,1
HYYQYYSTJASFGK-UHFFFAOYSA-N,Ki,nM,5.8,O=C(NN1CCCCC1)c1nn(-c2ccc(Cl)cc2Cl)c(-c2ccc(-c3cccnc3)cc2)c1CO,1
HZTRJTGVZCBDNG-UHFFFAOYSA-N,EC50,nM,1581.14,O=C(NCC1CCOCC1)c1cnc(Nc2cccc(F)c2)cc1C(F)(F)F,1
HZURZTBRYXBYIM-UHFFFAOYSA-N,EC50,nM,1995.26,CCCCCC1=NN(C(=O)NCC23CC4CC(CC(C4)C2)C3)CC1c1ccccc1,1
HZXIPPZNWZAVHU-UHFFFAOYSA-N,Ki,nM,8.0,CC(C)(NC(=O)c1cc2c(n(CC3CCCCC3)c1=O)CCCCCC2)C(=O)N1CCC(O)CC1,1
IADFNAUQPCDFOU-UHFFFAOYSA-N,IC50,nM,27.0,COc1cc(F)ccc1-c1cccc(Cc2cn(C)c3ccc(NC(=O)C(C)(C)CO)cc23)n1,1
IAGNLKFJNSJHHD-GAJHUEQPSA-N,IC50,nM,132.0,CC(NC(C)(C)C(=O)Nc1ccc(C(F)(F)F)cn1)C(Cc1ccc(Cl)cc1)c1cccc(C#N)c1,1
IALHRRNWTXYGFJ-UHFFFAOYSA-N,Ki,nM,3100.0,Cc1cc(NC(=O)C(C)(C)C)cc(S(=O)(=O)N2CCOCC2)c1C,1
IAMWQMDLEVUITJ-UHFFFAOYSA-N,IC50,nM,58.0,CCCCCCNC(=O)c1cc(-c2ccc(Cl)cc2)c(-c2ccc(Cl)cc2Cl)nc1Cl,1
IAOYCNAAGNIURB-ACCUITESSA-N,Activity,%,5.0,CCOC(=O)CNC(=O)CCCC(=O)C=Cc1ccc2ccccc2c1,1
IASJPSZIWIVSEB-ORMBLBCUSA-N,Ki,nM,5000.0,C=C(C)CCC1C(C(=C)CCC=CC(=O)NCCc2ccc(O)c(O)c2)CC1(C)C,1
IBBNKINXTRKICJ-UHFFFAOYSA-N,Ki,nM,9.5,CCCCCn1c(C)c(C(=O)c2cccc3ccccc23)c2ccccc21,1
IBCGCPIEVOHYAS-UHFFFAOYSA-N,Ki,nM,14.0,CCCCCn1c(C)c(C(=O)c2ccc(F)c3ccccc23)c2ccccc21,1
IBNHPFJFQUFNTI-UHFFFAOYSA-N,Kd,nM,6.31,CCc1c(C(=O)NCCCCCCCNc2c3c(nc4ccccc24)CCCC3)nc(-c2ccccc2Cl)n1-c1ccc(Cl)cc1,1
IBRGBURIIAWWKO-UHFFFAOYSA-N,Ki,nM,560.0,COc1ccc2c(=O)c(C(=O)NC3CCCCC3)cn(Cc3ccccc3)c2n1,1
IBRWNXHLIWERAS-UHFFFAOYSA-N,Ki,nM,2500.0,C=CCc1ccc(O)c(-c2ccc(OCCC)c(CC=C)c2)c1,1
IBYOMJDMZHCLDS-UHFFFAOYSA-N,Activity,%,28.8,CCCCCCCN1C(=O)C(c2ccccc2)(c2ccccc2)NC1=S,1
ICCOLGPPOZLCMD-LZCUNHEZSA-N,IC50,nM,8.0,CC(N=C(NS(=O)(=O)c1ccc(Cl)cc1)N1CC(c2ccccc2)C(c2ccc(Cl)cc2)=N1)C(=O)NC(CO)C(N)=O,1
ICCWLTVCIXVGMW-UHFFFAOYSA-N,IC50,nM,7.0,Cn1cc(Cc2cccc(-c3cccc4c3OCO4)n2)c2cc(NC(=O)C(C)(C)CO)ccc21,1
ICEQXLWKTMVQNR-UHFFFAOYSA-N,Inhibition,%,33.0,CCN1C(=O)CN(Cc2ccc(-c3cccc(CN4CCCCC4)n3)cc2)C1=O,1
ICKXKXNHQRHUMS-UHFFFAOYSA-N,EC50,nM,4.8,CC(C)N1CCOc2c(nn(-c3ccccc3Cl)c2-c2ccc(Cl)cc2)C1=O,1
ICKZPCHRKFZOMO-UHFFFAOYSA-N,Ki,nM,2500.0,CCN(CC)C(=O)c1ccc2c(c1)nc(Cc1ccc(OCC(F)(F)F)cc1)n2CCC(C)C,1
ICLCHVCUUGMJML-UHFFFAOYSA-N,Ki,nM,1.5,Clc1ccc(-n2c(-c3ccc(Cl)cc3Cl)nc3c(NC4CCCCC4)ncnc32)cc1,1
ICQQMPALZIDFAP-NRFANRHFSA-N,Ki,nM,884.0,COc1ccc(S(=O)(=O)c2cc(OC)ccc2S(=O)(=O)c2ccc(C(C)NC(=O)c3ccc(C)cc3)cc2)cc1,1
ICRCDAZBGGLEAU-UHFFFAOYSA-N,Ki,nM,2131.0,CCS(=O)(=O)n1c2c(c3cc(C(=O)N4CCC(OC)CC4)ccc31)CN(C1CCCC1)C2,1
ICUZNHDYUBYBGC-UHFFFAOYSA-N,Ki,nM,5000.0,O=C(NC12CC3CC(CC(C3)C1)C2)c1cn2c3c(cccc3c1=O)OC(c1ccccc1)C2c1ccccc1,1
ICVNKBWPQVVXBS-UHFFFAOYSA-N,Ki,nM,1100.0,O=C(NCc1ccccc1)c1ccc(Br)c(S(=O)(=O)N2CCCCC2)c1,1
ICVQKTUVHNJULJ-UHFFFAOYSA-N,IC50,nM,13.49,CC(C)(O)CCNC(=O)c1cc2cc(C#N)ccc2n1Cc1cccc(OC(F)(F)F)c1,1
ICXUYCAXPDJQSC-UHFFFAOYSA-N,Ki,nM,500.0,CCCCCn1cc(C(=O)NC2CCCCC2)c(=S)cc1-c1ccccc1,1
IDGWWFQBFRONBN-UHFFFAOYSA-N,Kd,nM,93.33,Cc1cc(Cl)cc(C)c1-c1c(C)c(C(=O)NN2CCCCC2)nn1-c1ccc(Cl)cc1Cl,1
IDICPTJZTJUWIB-UHFFFAOYSA-N,Kd,nM,3.7,CCCCCCC#CCc1cc(O)c2c(c1)OC(C)(C)C1CC=C(C)CC21,1
IDMHLZYSPIYBSQ-UHFFFAOYSA-N,EC50,nM,2000.0,CC(C)c1ccc(NC(=O)CCc2nc(-c3ccc(F)cc3Cl)no2)cc1,1
IDNINIUPGPXQTD-UHFFFAOYSA-N,EC50,nM,10000.0,CC(C)(C)c1ccc(NC(=O)N2CCCN(C(=O)C3CCCC3)CC2)cc1,1
IDNXFVZPYHDCNJ-SFHVURJKSA-N,Ki,nM,1173.0,CCCC(=O)NC(C)c1ccc(S(=O)(=O)c2ccc(OC)cc2S(=O)(=O)c2ccc(OC)cc2)cc1,1
IDSPEHCJMMOLCS-WFQLQBQDSA-N,EC50,nM,0.631,CCCCCC1=NN(C(=O)NC2CC3CCC2(C)C3(C)C)CC1c1ccccc1,1
IDUFEEHNNASCMH-HSZRJFAPSA-N,EC50,nM,5.8,Cc1cc(C(=O)NC2CC(C)(C)Oc3nc(-c4ccc(Cl)cc4Cl)c(-c4ccc(Cl)cc4)cc32)n[nH]1,1
IDZDKMNEPBYXQX-FNORWQNLSA-N,Ki,nM,2500.0,C=CCc1ccc(O)c(-c2ccc(OC)c(C=CC)c2)c1,1
IDZDVJUAYQJHQD-RTBURBONSA-N,Ki,nM,1074.0,CC(C)Oc1ncc(C(=O)NC2CCCCC2O)cc1-c1ccc(Cl)cc1,1
IEDOQPJIOGYHSJ-UHFFFAOYSA-N,IC50,nM,100.0,Cc1c(C(=O)NC2CCCCC2)nn(-c2ccc(Cl)cc2Cl)c1-n1cccc1,1
IEHNWZUXAKHDHY-UHFFFAOYSA-N,EC50,nM,14.0,O=C(NCC1CCC1)c1nc(OCCOCCO)ccc1NC(=O)c1ccnc2ccccc12,1
IELFAIYXQABENE-UHFFFAOYSA-N,EC50,nM,10000.0,CC(C)(C)c1ccc(NC(=O)N2CCCN(C(=O)CC3CCCC3)CC2)cc1,1
IETGTBDKZNYNIP-UHFFFAOYSA-N,EC50,nM,3270.0,O=C(Nc1sc2c(c1C(=O)N1CCOCC1)CCOC2)c1ccccc1Cl,1
IEVKXDBTVSPAJD-UHFFFAOYSA-N,Activity,%,49.5,CCCCCn1cc(C(=O)c2ccccc2)c(=O)c2ccccc21,1
IFBOWHSGMKWESR-UHFFFAOYSA-N,Inhibition,%,10.8,CCCCCCCCCCCCCCCC(=O)Nc1ccccc1O,1
IFDNPDHNPZKLBU-UHFFFAOYSA-N,EC50,nM,368.0,COCCNC(=O)c1c(NC(=O)CC(C)(C)C)sc2c1C(C)(C)CC2,1
IFFMOLDJKZHPFJ-UHFFFAOYSA-N,Ke,nM,20.2,Cc1c(C(=O)N2CCC(NC(=O)OC(C)(C)C)(c3ccccc3)CC2)nn(-c2ccc(Cl)cc2Cl)c1-c1ccc(Cl)cc1,1
IFGNRLNOPNZQDV-UHFFFAOYSA-N,EC50,nM,630.96,Fc1cccc2c(-c3nc(CN4CCCC4)cs3)cn(CC3CCOCC3)c12,1
IFGYCSXHVCOPGU-UHFFFAOYSA-N,Ki,nM,5000.0,CCCCCCc1ccc(OCCCCCCCC(=O)OC(CO)CO)cc1O,1
IFMIHWYHYXZLKK-MBSDFSHPSA-N,IC50,nM,16.98,CC(NC(=O)C(C)(C)Oc1ccncc1)C(Cc1ccc(Cl)cc1)c1ccccc1,1
IFNYGHXKMOTXNI-GFCCVEGCSA-N,IC50,nM,8500.0,CC(NC(=O)c1nc(N2CCC(F)(F)CC2)c2cnccn12)C(C)(C)C,1
IFOCTOUIVAZJJR-XQBPLPMBSA-N,IC50,nM,8500.0,O=C(c1ccc(OCC(F)(F)F)nc1)N1CCC(O)(c2ccccc2)C2CCCCC21,1
IFSPIITUKXZDJT-UHFFFAOYSA-N,EC50,nM,500.0,CC(C)n1cc(-c2cccc(C(F)(F)F)c2)nc1-c1cccc(CN2CCOCC2)c1,1
IGBCISBWUNCTNY-UHFFFAOYSA-N,Ki,nM,76.0,CC1CCN(C(=O)c2ccc3c(c2)c2c(n3C)CCN(C3CCOCC3)C2)CC1,1
IGHQDVQIAGRFQM-UHFFFAOYSA-N,Activity,%,35.5,CCCCCn1cc(C(=O)NC(C)c2cccc3ccccc23)c(=O)c2ccccc21,1
IGNJHYULLHKBKW-UHFFFAOYSA-N,Ki,nM,1920.0,O=C(NC1CCCCCC1)c1cccnc1OCc1ccccc1,1
IGRADTMOIVTSKO-UHFFFAOYSA-N,Ki,nM,5000.0,CCCCCn1cc(C(=O)NC23CC4CC(CC(C4)C2)C3)c(=O)c2cc(Br)cc(OC)c21,1
IGROZJFLUONIRU-UHFFFAOYSA-N,Ki,nM,970.0,C=CCc1ccc(O)c(-c2ccc(OCC)c(CC=C)c2)c1,1
IGSRZAQANYOPFV-UHFFFAOYSA-N,Ki,nM,500.0,COCCn1cc(C(=O)Nc2ccc3ccccc3c2)c2ccccc21,1
IHFQVFSRVQQXSC-RMKNXTFCSA-N,EC50,nM,146.2,CCCC=Cc1ccc(-c2c(C)c(C(=O)NN3CCCCC3)nn2-c2ccc(Cl)cc2Cl)s1,1
IHHKHUAUHBZSOV-UHFFFAOYSA-N,EC50,nM,5000.0,O=C(N1CCc2ccccc21)C12CC3CC(CC1C3)C2,1
IHQAQRHTEQQEAH-UHFFFAOYSA-N,Ki,nM,9.81,CCNC1(C(N)=O)CCN(c2cnc(-c3ccc(Cl)cc3)c(-c3ccncc3)n2)CC1,1
IHRGFTKXMQQGTE-UHFFFAOYSA-N,IC50,nM,63.1,O=C(NCc1cccc(Cl)c1)c1ccc2c(c1)N=C(c1ccc(F)cc1)c1ccccc1S2=O,1
IHUJIWXYFXDLJI-UHFFFAOYSA-N,Ki,nM,0.1,Cc1c(-c2cn(C(C)(C)c3ccccc3)cn2)nn(-c2ccc(Cl)cc2Cl)c1-c1ccc(Cl)cc1,1
IHWKJXQSHWGFEW-UHFFFAOYSA-N,Ki,nM,56.0,Cc1c(C(=O)NC2CCCCCC2)nn(-c2ccc(F)cc2F)c1-n1c(C)ccc1C,1
IHYPHNXBPGENPI-QCUXXTRHSA-N,Ki,nM,2000.0,CC(CO)NC(=O)CCCC=CCC=CCC=CCC=CCCCCOC(=O)CCCCCNC(=O)CCCCC1SCC2NC(=O)NC21,1
IHZVMHQKEHIAEQ-UHFFFAOYSA-N,IC50,nM,1.2,CC(C)(C)C(=O)c1oc2nc(-c3ccccc3Cl)c(-c3ccc(Cl)cc3)cc2c1NC(=O)CO,1
IICJGABWSSVDPO-UHFFFAOYSA-N,Ki,nM,2100.0,Cc1c(C(=O)Nc2ccc(Cl)cc2)nn(-c2ccc(F)cc2F)c1-n1cccc1,1
IIGNHLGKWYVILK-UHFFFAOYSA-N,Ki,nM,67.0,O=C(NC1CCCCC1)c1cc2ccccc2n(Cc2ccccc2)c1=O,1
IIQQQYZNKDCKQP-NYJWAPBASA-N,Ki,nM,9.2,CC1=CCC2C(C1)c1c(O)cc(C(C)(C)CCCCC(C#N)c3ccccc3)cc1OC2(C)C,1
IIUREMDDZYQCFM-UHFFFAOYSA-N,Ke,nM,2.1,Cc1c(C(=O)N2CCC(NC(=O)NCc3ccccc3)(c3ccccc3)CC2)nn(-c2ccc(Cl)cc2Cl)c1-c1ccc(Cl)cc1,1
IIWGHQKHUOSNND-UHFFFAOYSA-N,Ki,nM,158.0,CCCC(CO)NC(=O)c1cnc(-c2ccc(C)cc2)c(-c2ccc(C)cc2)n1,1
IIXUBHOQXODODU-FZCBKRAZSA-N,IC50,nM,345.0,Cc1ccccc1C1CC(NCc2ccc(Cl)cc2)CCC1C(=O)N1CC(c2ccccc2)(c2ccccc2)C1,1
IIYIIIMKUDAFCY-UHFFFAOYSA-N,Ki,nM,200.0,CC1CCC(NC(=O)c2cc3cccnc3n(Cc3ccc(F)cc3)c2=O)CC1,1
IJADFXIQDFOUAG-UHFFFAOYSA-N,Ki,nM,501.19,CC1(C)C(C(=O)c2cn(CC3CCOCC3)c3ccc(Cl)cc23)C1(C)C,1
IJBXDCHWDJGFKN-UHFFFAOYSA-N,IC50,nM,2500.0,Cc1c(C(=O)NN2CCOCC2)nn(-c2ccc(F)cc2F)c1-n1cccc1,1
IJBZOOZRAXHERC-DOFZRALJSA-N,Ki,nM,1500.0,CCCCCC=CCC=CCC=CCC=CCCCC(=O)Nc1ccc(O)cc1,1
IJGUVPKVGNLXIQ-UHFFFAOYSA-N,IC50,nM,7.0,CC(C)(CO)C(=O)Nc1ccc2ccn(Cc3cccc(-c4cccc5c4OCO5)n3)c2c1,1
IJNBPYFLMYJQBE-UHFFFAOYSA-N,EC50,nM,16000.0,Cc1cc(OCC(=O)Nc2ccc(S(=O)(=O)NC3=NCCCCC3)cc2)c(C(C)C)cc1Cl,1
IJRBHDMRJJCVOK-UHFFFAOYSA-N,Ki,nM,5000.0,C=CCCCCCCCCC(=O)NCCc1ccc(OC)cc1OC,1
IJVYLKLATYSWHG-CHDWYJDFSA-N,Ki,nM,2500.0,CCCCCC=CCC=CCC=CCC=CCCCC(=O)OC(CO)COC(=O)CCCCCNC(=O)CCCCC1SCC2NC(=O)NC21,1
IJYZYKCNGXHUSI-UHFFFAOYSA-N,Ki,nM,1100.0,O=C(NC1CCCCC1)c1cn(-c2cccnc2)c(-c2ccccc2Cl)n1,1
IKGOBAYQCFFAGE-UHFFFAOYSA-N,Activity,%,33.7,O=C1NC(c2ccccc2)(c2ccccc2)C(=O)N1Cc1ccccc1,1
IKGRGZBGVAOKOU-UHFFFAOYSA-N,EC50,nM,33.0,C=CCn1c2c(c3cc(C(=O)N4CCC(C)CC4)ccc31)CN(C1CCCC1)CC2,1
IKKCHJJZMJZQEO-WOJBJXKFSA-N,Ki,nM,5.26,CC1=CCC2C(C1)c1c(O)cc(C(C)(C)c3cccc(F)c3)cc1OC2(C)C,1
IKKJLENHPLSTAM-UHFFFAOYSA-N,IC50,nM,6000.0,N#Cc1cc(-c2ccccc2)c(-c2ccc(Cl)cc2)n(Cc2ccccc2)c1=O,1
IKMYJSYOOYHKEF-UHFFFAOYSA-N,Ki,nM,2500.0,CCNC(=O)c1ccc2c(c1)nc(Cc1ccc(OCC)cc1)n2CC1CC1,1
IKXZRKVEHRWQFM-UHFFFAOYSA-N,IC50,nM,0.82,NC(=O)Cc1c(C(=O)NN2CCCCC2)nn(-c2ccccc2Cl)c1-c1ccc(Cl)cc1,1
ILACWWPQONYUHT-UHFFFAOYSA-N,Ki,nM,2500.0,CC(C(=O)Nc1ccc2c(c1)C(N1CCOCC1)CCC2)(C(F)(F)F)C(F)(F)F,1
ILOYHMTUJHFXPM-CYBMUJFWSA-N,Ki,nM,335.0,COc1cc(C(=O)NC2(C(=O)NC(C)c3ccc(-n4[nH]c(=O)c5ccccc54)cc3F)CC2)on1,1
ILPZCGQJSUUWOC-UHFFFAOYSA-N,IC50,nM,0.79,N=C(N)Cc1c(C(=O)NCc2ccc(F)cc2)nn(-c2ccccc2Cl)c1-c1ccc(Cl)cc1,1
ILRZJJOUTMEDRK-UHFFFAOYSA-N,IC50,nM,56.0,CC(=O)c1oc2nc(-c3ccc(Cl)cc3Cl)c(-c3ccc(Cl)cc3)cc2c1N,1
ILTVKWITCXQNDJ-UHFFFAOYSA-N,Emax,%,2.0,Fc1ccc(-c2noc(C3CCN(c4ccc(Cl)c(C(F)(F)F)c4)CC3)n2)c(Cl)c1,1
IMCVTIXYEXGOHH-UHFFFAOYSA-N,EC50,nM,100.0,CCCCC1=NN(C(=O)NC(C)(C)c2ccc(F)cc2)CC1c1cccc(F)c1,1
IMGJLJWXTHYHIG-UHFFFAOYSA-N,EC50,nM,31.62,CCCCCn1cc(C(=O)c2cccc3ccccc23)c2cccnc21,1
IMJWGDSFRDJYJI-UHFFFAOYSA-N,Ke,nM,12.0,Cc1c(C(=O)N2CCC(NC(=O)NC3CCCCC3)(c3ccccc3)CC2)nn(-c2ccc(Cl)cc2Cl)c1-c1ccc(Cl)cc1,1
IMQWZYVHJQJIKI-UHFFFAOYSA-N,Ki,nM,137.0,CCN(CC)c1ccc(CN(c2ccc(Cl)cc2)S(=O)(=O)c2ccc(C)cc2)cc1,1
IMSSROKUHAOUJS-MJCUULBUSA-N,IC50,nM,28540.0,C#CC1(O)CCC2C3CCc4cc(OC)ccc4C3CCC21C,1
IMULKGNJBJYZHH-UHFFFAOYSA-N,Kb,nM,4.4,O=C(NC1CCCCC1O)c1cn(-c2ccc(Cl)cc2)c(-c2ccc(Cl)cc2Cl)n1,1
IMUXNARHYOHMGR-UHFFFAOYSA-N,Ki,nM,136.3,CCc1ccc(CC)n1-c1c(C)c(C(=O)NC2CCCCC2)nn1-c1ccc(Cl)c(Cl)c1,1
IMVPJCWCKUNHSI-UHFFFAOYSA-N,Ki,nM,4073.8,CC1(C)C(C(=O)c2cn(CCN3CCOCC3)c3cccc(NS(C)(=O)=O)c23)C1(C)C,1
INAFCCZYSLWLHC-UHFFFAOYSA-N,Inhibition,%,30.5,O=C(NC1CCCCC1)n1nc(-c2ccc(Cl)cc2)c(-c2ccc(Cl)cc2Cl)n1,1
INBYZTBXXIUGMV-UHFFFAOYSA-N,Activity,%,82.0,O=C(NC12CC3CC(CC(C3)C1)C2)c1nc(C(O)c2cccnc2)c2ccccn12,1
INLYRLVAMGTAHS-UHFFFAOYSA-N,EC50,nM,15811.4,O=C(O)c1cc(-c2cccc(Cl)c2Cl)cnc1N1CCCCCC1,1
INOMZYFNGDZFSD-UHFFFAOYSA-N,Ki,nM,11000.0,Nc1ccc2c(c1)c(OCc1cccc3ccccc13)nn2CCN1CCCC1,1
INQPZMWFXSDRRC-UHFFFAOYSA-N,Kb,nM,2335.0,CCCCCc1c(C(=O)NCCc2ccc(Oc3ccccc3)cc2)[nH]c2ccc(Cl)cc12,1
INTQROPTEPGCAB-UHFFFAOYSA-N,Ki,nM,7.8,O=C(NN1CCCCC1)c1cc(-c2ccc(Cl)cc2)n(-c2ccc(Cl)cc2Cl)n1,1
INWIVGQRMMWWQD-UHFFFAOYSA-N,EC50,nM,43.9,CCCCC#Cc1ccc(-c2c(C)c(C(=O)NC3CCCCC3)nn2-c2ccc(Cl)cc2Cl)s1,1
INYRYOBBDZMTPK-UHFFFAOYSA-N,Activity,%,74.2,O=C1N(Cc2ccccc2)C(=S)NC1(c1ccc(Cl)cc1)c1ccc(Cl)cc1,1
IOBGWHNZXXNBCX-UHFFFAOYSA-N,EC50,nM,71.0,CC1CCN(C(=O)c2ccc3c(c2)c2c(n3S(=O)(=O)N(C)C)CCN(C3CCOCC3)C2)CC1,1
IOMZWVIZNJRHRI-RUZDIDTESA-N,IC50,nM,0.6,CC1(C)CC(NC(=O)c2n[nH]c3ccccc23)c2cc(-c3ccc(Cl)cc3)c(-c3ccc(Cl)cc3Cl)nc2O1,1
IOTRBXRSOUGNJM-WOJBJXKFSA-N,Ki,nM,23.6,O=C(NC1CCCCC1O)c1cnc(OCC2CC2)c(-c2ccc(OC(F)(F)F)cc2)c1,1
IOXUQFJVJZKHPO-UHFFFAOYSA-N,Displacement,%,64.0,O=C1NC(Cc2c[nH]c3ccccc23)C(=O)N1CCc1ccccc1,1
IPDKAYJYLAASMH-UHFFFAOYSA-N,EC50,nM,10000.0,CC(C)(C)c1cc(NC(=O)N2CCCN(C(=O)CN3CCOCC3)CC2)no1,1
IPGGXACUBFSSHA-UHFFFAOYSA-N,EC50,nM,4.0,O=C(c1cc2c(cc1F)OC(c1ccc(F)cc1F)(c1ccc(F)cc1F)O2)N1CCOCC1,1
IPHISVXLTQERTK-UHFFFAOYSA-N,Ki,nM,6.7,CCc1c(C(=O)NC2CCCCC2)nn(-c2ccc(Cl)cc2Cl)c1-n1c(C)ccc1C,1
IPKOFPVJMBKHIT-CYBMUJFWSA-N,Ki,nM,0.81,COc1cc(C(=O)NC2(C(=O)NC(C)c3ccc(-n4nc(Br)c5ccccc54)cc3F)CC2)on1,1
IPKZCLGGYKRDES-ZDUSSCGKSA-N,Inhibition,%,5.0,O=C(NC1CN2CCC1CC2)c1cc2ccoc2cn1,1
IPNBYBRGLAYHDP-FUHIMQAGSA-N,IC50,nM,8500.0,Cn1ccnc1C(=O)N1CCC(O)(c2ccccc2)C2CCCCC21,1
IPPBEGLUKNRALZ-UHFFFAOYSA-N,EC50,nM,2450.0,FC1CCN(Cc2cccc(-c3ncc(-c4ccc(Cl)cc4Cl)[nH]3)c2)CC1,1
IPPURWIAVHOVPQ-QKKBWIMNSA-N,Ki,nM,158.0,O=S(=O)(NCC1CCC(c2ccc(Cl)cc2Cl)N(c2ccc(Cl)cc2)C1)C1CC1,1
IPQBNXNMXNNORV-OPHFCASCSA-N,Emax,%,84.0,O=C(c1ccc2ccccc2n1)N1CCC(O)(c2ccccc2)C2CCCCC21,1
IPQGNHCGMASCIK-UHFFFAOYSA-N,Inhibition,%,22.0,CN1C(=O)CN(Cc2ccc(-c3cccc(CN4CCCCC4)n3)cc2)C1=O,1
IPULHDXWPUAVBP-UHFFFAOYSA-N,Ki,nM,10000.0,O=C(Cc1ccccc1)NC(Cc1ccccc1)NC(=O)Cc1ccccc1,1
IPWKPSGOXRKLOH-NRFANRHFSA-N,Ki,nM,100000.0,COc1ccc(S(=O)(=O)c2cc(OC)ccc2S(=O)(=O)c2ccc(C(C)NC(=O)Nc3ccc(C)cc3)cc2)cc1,1
IPXCVXXZEZCJRH-UHFFFAOYSA-N,Ki,nM,500.0,Cc1cc(NC(=O)C(C)(C(F)(F)F)C(F)(F)F)cc(CN2CCOCC2)c1C,1
IQBDRJGQTWPMPY-UHFFFAOYSA-N,Ki,nM,137.0,O=C(NN1CC2CCCC2C1)c1nc(-c2ccc(Cl)cc2Cl)n(-c2ccc(Cl)cc2)n1,1
IQGATJOTVOKJCZ-UHFFFAOYSA-N,Activity,%,64.8,CCCCCOc1c(OC)ccc2cc(C(=O)NCCc3ccc(F)cc3)c(Cl)nc12,1
IQHRTSKPOQAZBU-UHFFFAOYSA-N,Ki,nM,713.0,NC(=NS(=O)(=O)c1ccc(Cl)cc1)N1CC(O)(c2ccccc2)C(c2ccc(Cl)cc2)=N1,1
IQHYUQQDFXJXRD-UHFFFAOYSA-N,IC50,nM,17.0,CCC(=O)c1oc2nc(-c3ccc(Cl)cc3Cl)c(-c3ccc(Cl)cc3)cc2c1N,1
IQLQNNIZPSPERD-UHFFFAOYSA-N,Activity,%,95.0,O=C(Nc1ccc(Cl)cc1)NC(c1ccc(Cl)cc1)c1ccc(Cl)cc1,1
IQOANIBIODTHGD-UQBPGWFLSA-N,IC50,nM,19.3,CC(NS(=O)(=O)CCc1ccccc1)C(Cc1ccc(Cl)cc1)c1cccc(C#N)c1,1
IQOQDLZIWMLGJL-UHFFFAOYSA-N,IC50,nM,4.1,N#CCc1c(C(=O)NCc2ccccc2F)nn(-c2ccccc2Cl)c1-c1ccc(Cl)cc1,1
IQWPULXCADODAK-IBGZPJMESA-N,Ki,nM,14.0,CC(C)CC(CO)NC(=O)c1cnc(-c2ccc(Cl)cc2)c(-c2ccc(Cl)cc2)n1,1
IQZXVPKSRQNNRH-UHFFFAOYSA-N,Kd,nM,1.0,CN=C(NS(=O)(=O)c1ccc(Cl)cc1)N1CCC(c2ccccc2)C(c2ccc(Cl)cc2)=N1,1
IRINYLOUKBCITA-UHFFFAOYSA-N,IC50,nM,18.0,N#Cc1cc(-c2ccc(Cl)cc2)c(-c2ccc(Cl)cc2)nc1OCc1ccc(F)c(F)c1,1
IRNGVYZGPNAVHN-PMACEKPBSA-N,Ki,nM,247.0,O=C(NC1CCCCC1O)c1cnc(OCC2CC2)c(-c2ccc(Cl)cc2)c1,1
IROBMYGWVLTDFP-YADARESESA-N,IC50,nM,2.0,CC(NC(=O)C(C)(C)Oc1ccccc1)C(Cc1ccc(Cl)cc1)c1ccccc1,1
IROXUEHWMXXEAF-UHFFFAOYSA-N,Kd,nM,0.3162,NC(=NS(=O)(=O)c1ccc(Cl)cc1)N1CC(c2ccccc2)C(c2ccc(Cl)cc2)=N1,1
IRRGBCHOFRYUCB-UHFFFAOYSA-N,Ki,nM,52.0,O=C(NC1CCCCC1)N1CCN(C(c2ccccc2)c2ccccc2)CC1,1
IRTBNEISJSBZBS-UHFFFAOYSA-N,Ki,nM,5000.0,CC1(C)C(C(=O)c2cn(CC3CCOCC3)c3ccc(CN)cc23)C1(C)C,1
IRTQKPRGPXHPGU-WOJBJXKFSA-N,Ki,nM,18.8,CC1=CCC2C(C1)c1c(O)cc(C(C)(C)c3ccc(Cl)cc3)cc1OC2(C)C,1
IRUIMNBPEZGQNR-UHFFFAOYSA-N,IC50,nM,5.2,CC(=O)Nc1c(C(C)=O)c(=O)n(CC2CCCO2)c2nc(-c3ccc(Cl)cc3Cl)c(-c3ccc(Cl)cc3)cc12,1
ISAHSOBBNOUBGF-KYPFDINASA-N,Ki,nM,2100.0,Cc1ccc(C(=O)NC2C3(C)CCC(C3)C2(C)C)cc1CCCN1CCOCC1,1
ISIUJCSWBKYRAX-UHFFFAOYSA-N,Ke,nM,789.0,O=C(CCN1CCCCC1)NC1CCN(c2ncnc3c2nc(-c2ccccc2Cl)n3-c2ccc(Cl)cc2)CC1,1
ISOBQBOKEVAOGY-AVRWGWEMSA-N,IC50,nM,0.9,CC(NC(=O)C(C)(C)Oc1ccc(C(F)(F)F)cn1)C(Cc1ccc(OCCF)cc1)c1cc(F)cc(C#N)c1,1
ISQHUFAVATYKJC-UHFFFAOYSA-N,IC50,nM,21.0,CC(C)(C)C(=O)Nc1ccc2ncn(Cc3cccc(-c4cccc5c4OCO5)n3)c2c1,1
ISSNENYWKIQAMJ-UHFFFAOYSA-N,Ki,nM,341.0,CCCCN1Cc2c(n(S(=O)(=O)CC)c3ccc(C(=O)N4CCC(C)CC4)cc23)C1,1
ISUCVHDUSCKYMK-UHFFFAOYSA-N,Ki,nM,1700.0,CCCCCn1cc(C(=O)NC2CCCCC2)c(=O)c2cc(Br)ccc21,1
ITECAINUXYCJRB-WYMLVPIESA-N,Activity,%,5.0,O=C(C=Cc1ccc2ccccc2c1)CCCC(=O)N1CCCCC1,1
ITGPVFUFPVABEZ-MGPUTAFESA-N,IC50,nM,37.2,CC(NC(=O)c1c(Cl)cccc1Cl)C(Cc1ccc(Cl)cc1)c1cccc(C#N)c1,1
ITQZCELXAWBWQT-UHFFFAOYSA-N,EC50,nM,80.0,O=C(Nc1sc2c(c1C(=O)N1CCC(F)(F)CC1)CCOC2)c1ccccc1C(F)(F)F,1
ITSVQBLBEILJMZ-UHFFFAOYSA-N,IC50,nM,5000.0,CCc1c(C(=O)OCCc2ccc(N3CCCCC3)cc2)[nH]c2ccc(Cl)cc12,1
ITZYSOSIYSLLLF-OFNKIYASSA-N,Ki,nM,35.0,O=S(=O)(NC1CCCCC1)C1CCC(c2ccc(Cl)cc2Cl)N(c2ccc(Cl)cc2)C1,1
ITZYWHNBEHDVTA-UHFFFAOYSA-N,Displacement,%,2.5,O=C1NC(c2ccccc2)(c2ccccc2)C(=O)N1C1CC1,1
IUAHPWBBEWAHNB-UHFFFAOYSA-N,Ki,nM,5.8,O=S(=O)(NCCC1CCC(c2ccc(Cl)cc2Cl)N(c2ccc(Cl)cc2)C1)c1cccnc1,1
IUINALILLTVIHS-UHFFFAOYSA-N,IC50,nM,2100.0,Cc1ccc(-c2nn(C(=O)NC3CCCCC3)c(=O)n2-c2ccc(Cl)cc2)cc1,1
IUMLKAWPFRUDQL-UHFFFAOYSA-N,IC50,nM,161.0,O=C(NC1CCCCC1)N1CCN(C(c2cccc(Cl)c2)c2ccc(Cl)cc2Cl)CC1,1
IUMPBUYJPRNFHP-UHFFFAOYSA-N,EC50,nM,161.0,Cc1c(C(=O)NCCCCCCCCCN(C)CCCCCCCCCNC(=O)c2nn(-c3ccc(Cl)cc3Cl)c(-c3ccc(Cl)cc3)c2C)nn(-c2ccc(Cl)cc2Cl)c1-c1ccc(Cl)cc1,1
IUNWESBRRKQPAF-UHFFFAOYSA-N,Displacement,%,90.9,CCN1C(=O)C(c2ccc(Br)cc2)(c2ccc(Br)cc2)NC1=S,1
IUOUKGJDVHEAEX-UHFFFAOYSA-N,Ki,nM,604.0,CCCN1Cc2c(n(S(=O)(=O)CC)c3ccc(C(=O)N4CCC(C)CC4)cc23)C1,1
IUUUUXWSQKRYFK-UHFFFAOYSA-N,Ki,nM,740.0,Cc1ccc(-c2noc(CC3CCCCC3)n2)cc1S(=O)(=O)N1CCOCC1,1
IUVWYQRMCLECAF-UHFFFAOYSA-N,IC50,nM,20.0,CC(C)(O)C(=O)c1oc2nc(-c3ccccc3Cl)c(-c3ccc(Cl)cc3)cc2c1N,1
IUWBHGFOHXVVKV-UHFFFAOYSA-N,Ki,nM,2.3,CCCCCn1cc(C(=O)c2ccc(Cl)c3ccccc23)c2ccccc21,1
IUWDZTKHESQPPS-UHFFFAOYSA-N,Ki,nM,18.0,O=C(c1cc2c(cc1F)OC(c1ccc(F)cc1)(c1ccc(F)cc1)O2)N1CCOCC1,1
IUWTVEUGDDMZCM-UHFFFAOYSA-N,Ki,nM,4679.0,CCN(CC)C(=O)c1ccc2c(c1)nc(Cc1ccc(OC(C)C)cc1)n2CCC(C)C,1
IVJZUABZNFOIQZ-UHFFFAOYSA-N,Activity,%,35.18,CCN(CC)CCOc1ccc(C(=O)c2c(-c3ccc(OCCCCCCCN(C)Cc4ccccc4)cc3)oc3ccccc23)cc1,1
IVQAPXKHSUQVFR-UHFFFAOYSA-N,EC50,nM,100.0,Clc1cccc2c(-c3noc(CN4CCCC4)n3)cn(CC3CCOCC3)c12,1
IVSBKGWMJJCQHO-UHFFFAOYSA-N,Kd,nM,2.512,Cc1c(C(=O)OC(C)(C)C)nc(-c2ccc(Cl)cc2Cl)n1-c1ccc(Cl)cc1,1
IVUOVVRJRKZZQF-UHFFFAOYSA-N,Ki,nM,19.0,CCCCn1c2c(cc(C(=O)NC3CCCCC3)c1=O)CCCCCC2,1
IWGWKANZPRNVTJ-UHFFFAOYSA-N,EC50,nM,10000.0,CC(C)(C)c1cc(NC(=O)N2CCCN(C(=O)CN3CCS(=O)(=O)CC3)CC2)no1,1
IWLRCWFHYARFJX-UHFFFAOYSA-N,Activity,%,85.1,O=C1C(c2ccc(Br)cc2)N(c2ccccc2)C(=S)N1c1ccccc1,1
IXELDSLDTIRNMA-JCTONOIOSA-N,Emax,%,91.0,O=C(c1ccc2[nH]ccc2c1)N1CCC(O)(c2ccccc2)C2CCCCC21,1
IXEWYTLXTLCWOK-UHFFFAOYSA-N,EC50,nM,23.0,CCc1c(C(=O)NN2CCCCC2)nn(-c2ccc(Cl)cc2Cl)c1-c1ccc(C#CCC(C)C)s1,1
IXKFOAYMHDSEDQ-UHFFFAOYSA-N,EC50,nM,5000.0,CC(C)(C(=O)NCc1ccc(F)c(Cl)c1)S(=O)(=O)c1ccc(Cl)cc1,1
IXKWGEYSEZLERR-ZYKLXPEUSA-N,Kb,nM,0.424,CC(NC1CC(c2cccc(OCCF)c2)N(c2ccc(C(F)(F)F)cc2)C1=O)c1ccccc1,1
IXMNBHPNQQLFMV-UHFFFAOYSA-N,EC50,nM,1.0,Cc1nc2c(-c3ccc(Cl)cc3)n(-c3ccccc3Cl)nc2c(=O)n1CC(F)(F)F,1
IXNMNDCGZKSZFX-UHFFFAOYSA-N,Ke,nM,1645.0,CS(=O)(=O)N1CCC(Nc2ncnc3c2nc(-c2ccccc2Cl)n3-c2ccc(Cl)cc2)CC1,1
IXUTVBUYTJYKMF-UHFFFAOYSA-N,Inhibition,%,27.0,Cc1c(C(=O)N2CCN(C)CC2)oc2ccc(S(=O)(=O)N3CC(C)CC(C)C3)cc12,1
IXYWUNGAYXMXFT-UHFFFAOYSA-N,Activity,%,10.0,O=C(Nc1ccc(Br)cc1)NC(c1ccccc1)c1ccccc1,1
IYAVTZWBGCXXFI-OCBJUFRSSA-N,IC50,nM,8600.0,O=C(C1CCC(N2CCOCC2)CC1c1ccc(Br)cc1)N1CC(c2ccccc2)(c2ccccc2)C1,1
IYCKLSMGGKQPDY-UHFFFAOYSA-N,Ki,nM,120.0,Cc1c(C(=O)Nc2ccc(Cl)cc2)nn(-c2ccc(Cl)cc2Cl)c1-n1cccc1,1
IYGBYFCBJQWYSO-UHFFFAOYSA-N,Ki,nM,2800.0,CN(C)c1ccc2c(=O)c(C(=O)NC3CCCCC3)cn(CCN3CCOCC3)c2n1,1
IYJLQYRDWHVKNY-UHFFFAOYSA-N,Kd,nM,1.0,CC(C)(O)CN=C(NS(=O)(=O)c1ccc(Cl)cc1)N1CC(c2ccccc2)C(c2ccc(Cl)cc2)=N1,1
IYPCLQNNVOPZPH-UHFFFAOYSA-N,Kd,nM,1.995,CN=C(NS(=O)(=O)N1CCCCC1)N1CCC(c2ccccc2)C(c2ccc(Cl)cc2)=N1,1
IYQVJJRCWZSDNK-UHFFFAOYSA-N,Activity,%,21.0,Cc1c(O)c(C)c2cc(Cc3ccccc3)c(=O)oc2c1C,1
IZDIEIZEWYLRBW-UHFFFAOYSA-N,Ke,nM,2100.0,COc1ccc(CC2c3cc(OC(=O)CCCCCCN(C)CCCCCCCNC(=O)c4nn(-c5ccc(Cl)cc5Cl)c(-c5ccc(Cl)cc5)c4C)c(OC)cc3CCN2CC(=O)NCc2ccccc2)cc1OC,1
IZDRJTIAQHGZMN-HNNXBMFYSA-N,Ki,nM,8.9,CC(NS(C)(=O)=O)c1ccc(S(=O)(=O)c2ccc(Cl)cc2S(=O)(=O)C2CCCCC2)cc1,1
IZKDGGVGSMLFPW-UHFFFAOYSA-N,Ki,nM,656.0,Cc1ccc(-c2ncc(C(=O)NC(C)C)nc2-c2ccc(C)cc2)cc1,1
IZZAUGOELHTXOR-UHFFFAOYSA-N,Kd,nM,3.981,Cc1c(C(=O)NN2CCCCC2)nc(-c2ccc(Cl)cc2Cl)n1-c1ccc(Cl)cn1,1
JACQWPJZGHCXBL-UHFFFAOYSA-N,Activity,%,5.0,O=C1NC(=S)N(c2ccccc2)C1c1ccccc1,1
JACXDKREAMALNZ-UHFFFAOYSA-N,Ki,nM,61.0,O=C1NCCc2c1nn(-c1ccccc1Cl)c2-c1ccc(Cl)cc1,1
JAHTYICOAGMXGW-NVHKAFQKSA-N,Inhibition,%,96.0,COC(=O)C(C)N=C(NS(=O)(=O)c1ccc(Cl)cc1)N1CC(c2ccccc2)C(c2ccc(Cl)cc2)=N1,1
JAIPFCNJVNJMDU-UHFFFAOYSA-N,Ki,nM,25.0,COC(=O)c1ccc2c(C(=O)C3C(C)(C)C3(C)C)cn(CC3CCOCC3)c2c1,1
JAVXSEZBTVKAOG-UHFFFAOYSA-N,Ki,nM,5000.0,CCCCCn1cc(C(=O)NC23CC4CC(CC(C4)C2)C3)c(=O)c2cc(-c3ccco3)ccc21,1
JBATWCPALJLYTL-UHFFFAOYSA-N,Ki,nM,2500.0,CCOc1ccc(Cc2nc3cc(NC(C)=O)ccc3n2CC2CC2)cc1,1
JBFDVHIPOLZSCA-UHFFFAOYSA-N,IC50,nM,16000.0,O=C(CSc1nc2ccccc2s1)N1c2ccccc2Sc2ccc(C(F)(F)F)cc21,1
JBHSRXZIGNHKIP-UHFFFAOYSA-N,EC50,nM,4.8,CCCCC#Cc1ccc(-c2c(C)c(C(=O)NN3CCCCCC3)nn2-c2ccc(Cl)cc2Cl)s1,1
JBNCULDCNOUANL-UHFFFAOYSA-N,Ki,nM,1.9,Cc1ccc(-n2cc(C(=O)NC3CCCCC3)nc2-c2ccc(Cl)cc2Cl)cc1,1
JBPMLEUENRFVMZ-UHFFFAOYSA-N,Displacement,%,28.8,CCCCCCN1C(=O)NC(Cc2c[nH]c3ccccc23)C1=O,1
JBQWPLWSNHELFT-UHFFFAOYSA-N,IC50,nM,2.3,CC(=O)Nc1c(C(C)=O)c(=O)n(CC(C)C)c2nc(-c3ccc(Cl)cc3Cl)c(-c3ccc(Cl)cc3)cc12,1
JBWCNAHZWJPFEN-UHFFFAOYSA-N,Ki,nM,5000.0,O=[N+]([O-])c1ccc2c(c1)c(OCc1ccc3ccccc3c1)nn2Cc1ccc2ccccc2c1,1
JCBKHLWPNWGXIF-UHFFFAOYSA-N,IC50,nM,76.0,O=C(NC1(C(=O)O)CCCCC1)c1cc2c(n(CC3CCCCC3)c1=O)CCCCCC2,1
JCFZBNYPTDUYNV-UHFFFAOYSA-N,IC50,nM,16.3,CCc1c(C2=NC(=O)C(C)(C)N2C)nn(-c2ccc(Cl)cc2Cl)c1-c1ccc(Br)cc1,1
JCIBBNGOHWXOKG-UHFFFAOYSA-N,Ki,nM,4.5,CCn1nc2c(-c3ccc(Cl)cc3)c(-c3ccncc3)c(=O)n(Cc3ccc(C(F)(F)F)nc3C)n2c1=O,1
JCJPUCGVJHINQD-UHFFFAOYSA-N,Ki,nM,270.0,CCCCCCC(C)(C)c1cc(O)cc(OCCCCCCCCOC(CO)CO)c1,1
JCPZZONKEINJSI-UHFFFAOYSA-N,Ke,nM,0.4,CCCCNC(=O)NC1(c2ccccc2)CCN(C(=O)c2nn(-c3ccc(Cl)cc3Cl)c(-c3ccc(Cl)cc3)c2C)CC1,1
JCQRAJVSZJBITB-CHOSKBQSSA-N,EC50,nM,3.981,CCCCCN1N=C(C(=O)NC2CC3CCC2(C)C3(C)C)CC1c1ccccc1F,1
JCQUZKSREGZWPN-UHFFFAOYSA-N,EC50,nM,50000.0,Cc1nc(N2CCN(C)CC2)c2nc(-c3ccccc3Cl)n(CCN3CCCC3=O)c2n1.Cl,1
JCVQIVPQLBSAML-UHFFFAOYSA-N,Kd,nM,3.162,CN=C(NS(=O)(=O)c1ccc(F)cc1)N1CC(c2ccccc2)C(c2ccc(Cl)cc2)=N1,1
JCWSHTMGPCJHIO-UHFFFAOYSA-N,Ki,nM,2300.0,CCN(CC)c1ccc(CN(Cc2ccccc2)S(=O)(=O)c2ccc(C)cc2)cc1,1
JDBYNYRWGYDPPR-UHFFFAOYSA-N,IC50,nM,4.9,O=C1CC2(CCSCC2)Oc2nc(-c3ccccc3Cl)c(-c3ccc(Cl)cc3)cc21,1
JDDBODGIBAEVFY-UHFFFAOYSA-N,Inhibition,%,0.0,CCCCCc1cc(O)c2cc(Cc3ccccc3)c(=O)oc2c1,1
JDFAIQMMRYUITC-UHFFFAOYSA-N,Ki,nM,60.39,Cc1c(C(=O)NN2CCCCC2)nn(-c2ccc(Cl)cc2)c1-c1ccc(Cl)cc1,1
JDGFLFBQAWOEJL-UHFFFAOYSA-N,IC50,nM,1.2,N#CCc1c(C(=O)NCc2ccc(Br)cc2)nn(-c2ccccc2Cl)c1-c1ccc(Cl)cc1,1
JDJNTSQEVVKDDF-UHFFFAOYSA-N,Ke,nM,133.0,CC(C)NC(=O)NC1CCN(c2ncnc3c2nc(-c2ccccc2Cl)n3-c2ccc(Cl)cc2)CC1,1
JDKSZSKJOBLXNT-HNNXBMFYSA-N,Ki,nM,433.0,CCC1COc2cccc3c(=O)c(C(=O)NC4CCCCCC4)cn1c23,1
JDMULPKHYQBDGR-CQSZACIVSA-N,Ki,nM,10.0,COc1cc(C(=O)NC2(C(=O)NC(C)c3ccc(-n4nc(C)c5c4CCCC5)cc3F)CC2)on1,1
JDNLJOVGVMXDOM-UHFFFAOYSA-N,Activity,%,75.0,O=C(Nc1ccc(Br)cc1)NC(c1ccc(Br)cc1)c1ccc(Br)cc1,1
JDNLPKCAXICMBW-UHFFFAOYSA-N,EC50,nM,5.012,CCCCCn1cc(C(=O)c2cccc3ccccc23)c2ccccc21,1
JDRCDVZZIVLMMJ-UHFFFAOYSA-N,Ki,nM,340.0,CCN(CC)c1ccc(CN(c2ncc(C)s2)S(=O)(=O)c2ccc(C)cc2)cc1,1
JDYPQQKFCAAXRZ-UHFFFAOYSA-N,Inhibition,%,110.0,CCCCC1(c2cc(OC)c3cc(Cc4ccccc4OC)c(=O)oc3c2)CCCC1,1
JECXXFXYJAQVAH-WOJBJXKFSA-N,Ki,nM,0.32,CCCCCCC1(c2cc(O)c3c(c2)OC(C)(C)C2CC=C(C)CC32)SCCS1,1
JEEFMLVJZKFOFV-FCHUYYIVSA-N,Ki,nM,23.0,CCCCCCC(C)(C)c1ccc2c(c1)OC(C)(C)C1CC=C(C)CC21,1
JEEILHAWJQTJII-UHFFFAOYSA-N,Ki,nM,560.0,O=C(NC1CCCCC1)c1cc2cccnc2n(CCN2CCOCC2)c1=O,1
JEIFXINMIBYIQL-UHFFFAOYSA-N,Activity,%,62.0,O=C1N(c2ccc(Cl)cc2)C(=S)NC1(c1ccc(Br)cc1)c1ccc(Br)cc1,1
JENDDWCJIPEZSM-UHFFFAOYSA-N,Ki,nM,69.18,CC1(C)C(C(=O)c2cn(CC3CCOCC3)c3cc(C(F)(F)F)ccc23)C1(C)C,1
JENKZPZRFLLTTE-UHFFFAOYSA-N,Inhibition,%,69.0,COc1ccc(C2C(C(=O)Nc3cccc(C)n3)c3ccccc3C(=O)N2C2CCCCC2)cc1,1
JEPCRXIZYIZJQA-UHFFFAOYSA-N,Ki,nM,57.0,Cl.NC1CCCOc2c1nn(-c1ccccc1Cl)c2-c1ccc(Cl)cc1,1
JETYTZFLVSGSDN-UHFFFAOYSA-N,Activity,%,30.0,Cc1cc(=O)c(C(=O)NC23CC4CC(CC(C4)C2)C3)cn1CCCC(F)(F)F,1
JEUUPPZWHDFNDP-UHFFFAOYSA-N,Activity,%,43.0,CCCCCn1cc(C(=O)NC23CC4CC(CC(C4)C2)C3)c(=O)n2nc(-c3ccccc3)cc12,1
JEVAVZIQIWXBLG-UHFFFAOYSA-N,EC50,nM,15811.4,Clc1cccc(-c2ccc(NC3CCCCC3)nn2)c1Cl,1
JEVGYRWCLSAYBJ-UHFFFAOYSA-N,Ke,nM,2.4,Cc1c(C(=O)N2CCC(NC(=O)NC(C)(C)C)(c3ccccc3)CC2)nn(-c2ccc(Cl)cc2Cl)c1-c1ccc(Cl)cc1,1
JEWLHZLPBAWXRC-MRXNPFEDSA-N,Ki,nM,0.47,Cc1cncc(C(=O)NC2(C(=O)NC(C)c3ccc(-n4nc(Cl)c5ccccc54)cc3F)CC2)c1,1
JFLFBSAQNKZEKC-ABZYKWASSA-N,IC50,nM,1.5,O=C(C1CC1c1ccc(C(F)(F)F)cc1)N1CCN(S(=O)(=O)c2cc(C(O)C(F)(F)F)cc(C(F)(F)F)c2)CC1,1
JFOKDVSVRVUJTI-UHFFFAOYSA-N,Ki,nM,560.0,O=C(Cc1ccccc1)NCCC(c1ccccc1)c1ccccc1,1
JFQSYCUGCCXESU-UHFFFAOYSA-N,Emax,%,13.0,CC(C)n1ccc2cc(N3CCC(c4nc(-c5ccc(F)cc5Cl)no4)CC3)cnc21,1
JFRLXWSNATVVAA-NPMXOYFQSA-N,IC50,nM,3.2,CC(NS(=O)(=O)c1cc(C(F)(F)F)cc(C(F)(F)F)c1)C(Cc1ccc(Cl)cc1)c1cccc(C#N)c1,1
JFSQXIGNGMVQLG-UHFFFAOYSA-N,Ki,nM,5000.0,CCCCOc1c(OC)ccc2cc(C(=O)NCCCF)c(=O)[nH]c12,1
JGBRLAUJLHTDKZ-UHFFFAOYSA-N,Ki,nM,440.0,CCCCCn1cc(C(=O)NC23CC4CC(CC(C4)C2)C3)c(=O)c2c(CC)nn(C)c21,1
JGDGYXCXNNNSTF-UHFFFAOYSA-N,Inhibition,%,34.5,O=C(NC12CC3CC(CC(C3)C1)C2)n1nc(-c2ccc(Cl)cc2)c(-c2ccc(Cl)cc2Cl)n1,1
JGHRNJBYOYKUKA-UHFFFAOYSA-N,Ki,nM,1209.0,CCOc1ccc(Cc2nc3cc(C(=O)N(CC)CC)ccc3n2CC2CCOCC2)cc1,1
JGJAHDJMUVNSEP-UHFFFAOYSA-N,Ki,nM,1050.0,CCCCCn1cc(C(=O)NC23CC4CC(C)(CC(C)(C4)C2)C3)c(=O)c2c(C)nn(C)c21,1
JGPAPPSJELZZOC-NHCUHLMSSA-N,Ki,nM,9.25,CC1=CCC2C(C1)c1c(O)cc(C(C)(C)c3ccc(C#N)cc3)cc1OC2(C)C,1
JGRAAQQKBSBAQR-UHFFFAOYSA-N,Kd,nM,21.88,Cc1c(C(=O)NCCCCCCCN(C)CCCCCCCN)nn(-c2ccc(Cl)cc2Cl)c1-c1ccc(Cl)cc1,1
JHBFDPVHAROGOC-SFHVURJKSA-N,Ki,nM,117.0,COc1ccc(S(=O)(=O)c2cc(OC)ccc2S(=O)(=O)c2ccc(C(C)NS(=O)(=O)c3ccc(Cl)c(Cl)c3)cc2)cc1,1
JHBQPAAZUBDTAT-UHFFFAOYSA-N,IC50,nM,5000.0,O=C(NC1CCCCC1)n1c(=O)n(CCN2CCOCC2)c2ccccc21,1
JHGUWCGGYDWNIQ-UHFFFAOYSA-N,Ki,nM,13.0,CCCCCCc1c(O)cccc1OCCCCCCCCCCCC(=O)NC1CC1,1
JHLCXAWIXFCLOB-UHFFFAOYSA-N,Ki,nM,3200.0,CCN(CC)c1ccc(CN(C(=O)Cc2ccc(Cl)cc2)c2ccc(C)cc2)cc1,1
JHOTYHDSLIUKCJ-UHFFFAOYSA-N,Ki,nM,1500.0,COc1ccc(C(=O)c2c(C)n(CCN3CCOCC3)c3cc(I)ccc23)cc1,1
JHPCUAOEZFKOGG-UHFFFAOYSA-N,Ki,nM,1.7,Clc1ccc(-n2c(-c3ccc(Cl)cc3Cl)nc3c(NN4CCCCC4)ncnc32)cc1,1
JHYKGBVUBGBCCH-ZHACJKMWSA-N,Ki,nM,5000.0,CCCCCn1cc(C(=O)NC23CC4CC(CC(C4)C2)C3)c(=O)c2cc(C=CC(C)(C)C)ccc21,1
JHYLDWFPNBXQGK-UHFFFAOYSA-N,IC50,nM,1173.2,CCCCOC(=O)Cn1nc(-c2ccc(Cl)cc2Cl)c(-c2ccc(Cl)cc2Cl)n1,1
JHZQLCVGUFCRSM-UHFFFAOYSA-N,Kd,nM,15.81,Cc1c(C(=O)N2CCC(O)CC2)nc(-c2ccc(Cl)cc2Cl)n1-c1ccc(Cl)cc1,1
JIFAGTGHNWWHCX-UHFFFAOYSA-N,Log Ki,nM,1.3,CC1=CCC2C(C1)c1c(O)cc(CCCCC(F)(F)F)cc1OC2(C)C,1
JIFYSWSFVZJMJQ-UHFFFAOYSA-N,Ki,nM,560.0,Cc1c(C(=O)NC2CCCCCC2)nn(-c2ccc(F)cc2F)c1-n1cccc1,1
JIHHGCFQVZKHGG-UHFFFAOYSA-N,Ki,nM,8.6,Cc1c(C(=O)NC2CCCCC2)nn(-c2ccc(Cl)c(Cl)c2)c1-n1cccc1Cl,1
JIPAXYGBULGOLF-UHFFFAOYSA-N,Activity,%,10.0,CCCCN1C(=O)CNC1=S,1
JIYXOJFSPOFZPY-UHFFFAOYSA-N,IC50,nM,1000.0,CCc1c(C)cc(C(=O)NC2(C(=O)O)CCCCC2)c(=O)n1Cc1ccc(F)cc1,1
JJFLMIAQTRLTSH-UHFFFAOYSA-N,IC50,nM,0.34,N#CN1CCC(CNC(=O)c2nn(-c3ccccc3Cl)c(-c3ccc(Cl)cc3)c2CC(N)=O)CC1,1
JJGFVBTZCMHDAQ-UHFFFAOYSA-N,Ki,nM,290.0,O=C(NC1CCCCCC1)c1cn(CCN2CCOCC2)c2ccccc2c1=O,1
JJIGRATYXIQCKI-HNNXBMFYSA-N,Ki,nM,17.0,CC(NCCC(F)(F)F)c1ccc(S(=O)(=O)c2ccc(Cl)cc2S(=O)(=O)c2ccccc2F)cc1,1
JJKVOVGHJDQLCO-UHFFFAOYSA-N,IC50,nM,13.0,N#CCc1c(C(=O)N2CCN(c3ccccc3)CC2)nn(-c2ccccc2Cl)c1-c1ccc(Cl)cc1,1
JJLMMXFPFUSCCD-UHFFFAOYSA-N,EC50,nM,7.97,CC1(C)Oc2cc(C34CC5CC(CC(C5)C3)C4)cc(O)c2-c2cc(CO)ccc21,1
JJXMAMRNQTUEMS-UHFFFAOYSA-N,IC50,nM,1000.0,CCCCn1c2c(cc(C(=O)NC3(C(=O)O)CCCCC3)c1=O)CCCCCC2,1
JKDNIMFAAXNVBC-UHFFFAOYSA-N,Activity,%,42.7,CCCCCCCN1C(=O)NC(c2ccc(Cl)cc2)(c2ccc(Cl)cc2)C1=O,1
JKGIMVBQKSRTGX-UHFFFAOYSA-N,Ki,nM,270.0,COCCn1c(C)c(C)sc1=NC(=O)C1C(C)(C)C1(C)C,1
JKHDWFYURAYMGC-UHFFFAOYSA-N,EC50,nM,63.1,COCCN(C)Cc1csc(-c2cn(CC3CCCCC3)c3c(Cl)cccc23)n1.Cl,1
JKHZPISEYADUGI-UHFFFAOYSA-N,Ki,nM,44.67,COc1cccc2c(C(=O)C3C(C)(C)C3(C)C)cn(CC3CCOCC3)c12,1
JKJJMYVWKMMOBC-UHFFFAOYSA-N,Kb,nM,1985.0,CCCCc1c(C(=O)NCCc2ccc(N3CCCCC3)cc2)[nH]c2ccc(Cl)cc12,1
JKOKWNBLJPOKNE-GOSISDBHSA-N,IC50,nM,5000.0,Cc1noc(C(NC(=O)n2c(=O)n(CCN3CCOCC3)c3ccccc32)C(C)(C)C)n1,1
JKPISQIIWUONPB-UHFFFAOYSA-N,Ki,nM,5000.0,COc1cc2c(cc1O)C1Cc3ccc(O)c(OC)c3CN1CC2,1
JKPZBEPEWQIJPK-UHFFFAOYSA-N,EC50,nM,0.5,N#Cc1ccc(CC(=O)N2CCN(S(=O)(=O)c3cc(Cl)cc(Cl)c3)CC2)cc1,1
JKWQGCBWERHCKC-UHFFFAOYSA-N,IC50,nM,34.0,CC(C)(C)c1nc2nc(-c3ccccc3Cl)c(-c3cccc(Cl)c3)cc2c2n[nH]c(=O)n12,1
JLIFAVMXLTWROR-UHFFFAOYSA-N,Ki,nM,4000.0,CCS(=O)(=O)n1c2c(c3cc(C(=O)N4CCOCC4)ccc31)CN(C1CCCC1)C2,1
JLIPXPWKQFJTPO-UHFFFAOYSA-N,EC50,nM,22.0,CCCS(=O)(=O)n1c2c(c3cc(C(=O)N4CCC(C)CC4)ccc31)CN(C1CCCC1)CC2,1
JLMDPVAMPFPKSA-UHFFFAOYSA-N,Ke,nM,0.7,O=C(NC1CCN(c2ncnc3c2nc(-c2ccccc2Cl)n3-c2ccc(Cl)cc2)CC1)c1ccccc1,1
JLMGWXWOAGNXOH-UHFFFAOYSA-N,Ki,nM,48.2,C=CCn1cc(C(=O)NC23CC4CC(CC(C4)C2)C3)c2cc(-c3ccccc3)ccc21,1
JLOBHBFPMZARDU-UHFFFAOYSA-N,EC50,nM,16000.0,Cc1nnc(-c2cccc(Br)c2)c2cn(-c3ccccc3)nc12,1
JLPIEEHZSKZBJT-UHFFFAOYSA-N,EC50,nM,15811.4,FC1(F)CCN(c2ccc(-c3cccc(Cl)c3Cl)nn2)CC1,1
JLRWXZDRAZQWDA-UHFFFAOYSA-N,Ki,nM,5150.0,CCCCCn1cc(C(=O)NC2CCCCC2)c(=O)c2cnn(C)c21,1
JLVAHQKGPMYULG-UHFFFAOYSA-N,Ke,nM,443.0,CCNC(=O)NC1(c2ccccc2)CCN(c2ncnc3c2nc(-c2ccccc2Cl)n3-c2ccc(Cl)cc2)CC1,1
JLYURUXNAAKJAD-UHFFFAOYSA-N,EC50,nM,60.0,C=CCn1c2c(c3cc(C(=O)N4CCC(C)CC4)ccc31)CN(C1CCOCC1)CC2,1
JMCHMHBQWJRNCS-UHFFFAOYSA-N,IC50,nM,200.0,Cc1c(C(=O)NN2CCCCC2)nn(-c2c(Cl)cc(Cl)cc2Cl)c1-n1c(C)ccc1C,1
JMTWRSDESYFLOX-UHFFFAOYSA-N,Ki,nM,592.0,CCCCCn1cc(C(=O)NC23CC4CC(CC(C4)C2)C3)c(=O)cc1-c1ccccc1,1
JMZOUTOPTOALNY-UHFFFAOYSA-N,EC50,nM,1905.0,COCCNC(=O)c1c(NC(=O)CC(C)(C)C)sc2c1CCCC2,1
JNAUQUYERIQMKK-UHFFFAOYSA-N,Ki,nM,1500.0,O=C(CC(c1ccccc1)c1ccccc1)N1CC=C(c2ccc(Cl)cc2)CC1,1
JNAWRSLZEOWZEI-JUJAXGASSA-N,Ki,nM,4.0,CC1=CCC2C(C1)c1c(OC(=O)CCCN3CCOCC3)cc(C(C)(C)CCCCC#N)cc1OC2(C)C.Cl,1
JNFLGYVGKKWDGH-UHFFFAOYSA-N,IC50,nM,1110.8,CCCCN1C(c2nn(-c3ccc(Cl)cc3Cl)c(-c3ccc(Cl)cc3)c2C)=NC(=O)C1(C)C,1
JNFUVFPPCCCIDB-UHFFFAOYSA-N,Ki,nM,5000.0,CCCCCCCCCCCCCCCC(=O)N(O)CCO,1
JNRJINSDQQDNSH-UHFFFAOYSA-N,Ki,nM,424.0,CCNS(=O)(=O)n1c2c(c3cc(C(=O)N4CCC(C)CC4)ccc31)CN(C1CCOCC1)CC2,1
JNVQWCOBTNAZDC-UHFFFAOYSA-N,Ki,nM,117.0,Cc1c(C(=O)NCCc2ccc(Cl)c(Cl)c2)nn(-c2ccc(Cl)cc2Cl)c1-n1c(C)ccc1C,1
JNYPFLGHBZFJQG-UHFFFAOYSA-N,IC50,nM,27.0,N#CCc1c(C(=O)N2CCCC2c2ccc(F)cc2)nn(-c2ccccc2Cl)c1-c1ccc(Cl)cc1,1
JNZMNQVFIPASOT-UHFFFAOYSA-N,Inhibition,%,89.0,CCN(CC)C(=O)c1oc2ccc(S(=O)(=O)N3CC(C)CC(C)C3)cc2c1C,1
JOBKFJOPMWJCEM-UHFFFAOYSA-N,Efficacy,%,10.0,O=C(NCC1CCOCC1)c1cnc(Nc2ccc(Cl)c(Cl)c2)nc1C(F)(F)F,1
JOEJNYHJRTUVDE-UHFFFAOYSA-N,Ki,nM,389.0,CCC1COc2c(F)ccc3c(=O)c(C(=O)NC45CC6CC(CC(C6)C4)C5)cn1c23,1
JOMBGLWLVGEFQD-UHFFFAOYSA-N,Emax,%,100.0,O=C(Nc1cccc(C(F)(F)F)n1)c1nc(CN2CCC(F)(F)CC2)c2ccccn12,1
JOMJKKKUVUBTTO-CQSZACIVSA-N,Ki,nM,0.18,CC(NC(=O)C1(NC(=O)c2cncnc2)CC1)c1ccc(-n2nc(Cl)c3ccccc32)cc1F,1
JOOBCYBSTJTGPR-UHFFFAOYSA-N,Inhibition,%,28.0,CCC(C)(C)C(=O)Nc1ccc(C)c(CN2CCOCC2)n1,1
JOORKYOCCQYLAN-UHFFFAOYSA-N,EC50,nM,5000.0,O=C(Cc1ccc(C(F)(F)F)cc1)N1CCN(S(=O)(=O)c2cc(C(F)(F)F)cc(C(F)(F)F)c2)C1,1
JOOWQDRRSLVPOP-UHFFFAOYSA-N,IC50,nM,500.0,O=C(CCc1nc(-c2ccc(F)cc2)no1)Nc1ccc2c(c1)c1ccccc1n2CCF,1
JOSUFAGDYSRBJW-UHFFFAOYSA-N,IC50,nM,32.0,CC(=O)Nc1c(C(C)=O)c(=O)n(CCO)c2nc(-c3ccc(Cl)cc3Cl)c(-c3ccc(Cl)cc3)cc12,1
JOTBLGHJBUWXCN-UHFFFAOYSA-N,Ki,nM,560.0,Cc1c(C(=O)Nc2ccc(Cl)cc2)nn(-c2ccc(F)cc2F)c1-n1c(C)ccc1C,1
JOXLFIXMIHXCKT-JOCHJYFZSA-N,Ki,nM,2500.0,CCOc1ccc(Cc2nc3cc(C(=O)N(CC)CC)ccc3n2CC2CCCCN2)cc1,1
JOYHOQJUESUNDM-PKNBQFBNSA-N,Activity,%,25.0,O=C(C=Cc1ccc2ccccc2c1)CCC(=O)N1CCCCC1,1
JOZITCZSNKWWPP-UHFFFAOYSA-N,IC50,nM,104.0,COc1ccccc1-c1cccc(Cn2cnc3ccc(C(=O)NCc4cccc(F)c4)cc32)c1,1
JPACLMYSZXUFER-UHFFFAOYSA-N,Ki,nM,3.0,CCn1nc2c(-c3ccc(Cl)cc3)c(-c3ccc(C#N)c(C)c3)c(=O)n(Cc3ccc(C(F)(F)F)nc3C)n2c1=O,1
JPCKKOFQIAJKMZ-UHFFFAOYSA-N,IC50,nM,776.25,CC(C)NC(=O)N1CCN(C(c2ccc(Br)cc2)c2ccccc2Cl)CC1,1
JPEDAXPHURVMGT-UHFFFAOYSA-N,Ki,nM,6.8,O=C(NC12CC3CC(CC(C3)C1)C2)c1nn(CCN2CCOCC2)c2ccccc12,1
JPFHREXVKXIDTM-UHFFFAOYSA-N,EC50,nM,5000.0,O=C(Nc1sc2c(c1C(=O)O)CCOC2)c1ccccc1Cl,1
JPGHESNKHAZUNP-UHFFFAOYSA-N,Ki,nM,54.0,CCCCCn1c(C)c(C(=O)c2cccc3cccc(Br)c23)c2ccccc21,1
JPHQPWZIYRCUGH-UHFFFAOYSA-N,Ki,nM,35.0,O=C(NC1CCCCCC1)c1cc(-c2ccccc2)cn(Cc2ccc(F)cc2)c1=O,1
JPKRFPSDOGVPSP-UHFFFAOYSA-N,EC50,nM,4538.0,O=C(Nc1sc2c(c1C(=O)N1CCOCC1)CCOC2)c1c(F)cccc1C(F)(F)F,1
JPVZEZAJUNSTNS-UHFFFAOYSA-N,EC50,nM,958.0,COCCNC(=O)c1c(NC(=O)c2ccccc2Cl)sc2c1CCC(F)(F)C2,1
JPYFZZUFONYMCU-UHFFFAOYSA-N,Inhibition,%,4.0,CCC(C)(C)C(=O)Nc1cnc(C)c(CN2CCOCC2)c1,1
JPYYYYOTMCQCRB-UHFFFAOYSA-N,Activity,%,52.9,CCCCCn1cc(C(=O)c2c3ccccc3cc3ccccc23)c(=O)c2ccccc21,1
JQBOYORPJBKBDJ-UHFFFAOYSA-N,Activity,%,10.0,CC12CC3CC(C)(C1)CC(NC(=O)c1cn(CCc4ccccc4)c4ccccc4c1=O)(C3)C2,1
JQBYRVOBEAOVDD-UHFFFAOYSA-N,EC50,nM,500.0,O=C(CCc1nc(-c2ccc(F)cc2Cl)no1)Nc1ccc(C(F)(F)F)cc1,1
JQNLVQKIAYWCJT-UHFFFAOYSA-N,Ki,nM,1.7,Clc1ccc(-n2c(-c3ccc(Cl)cc3Cl)nc3c(N4CCCCC4)ncnc32)cc1,1
JQOJSBWWAAXMQO-UHFFFAOYSA-N,Kb,nM,1067.0,O=C(NCCc1ccc(N2CCCCC2)cc1)c1[nH]c2ccc(Cl)cc2c1Cc1ccccc1,1
JQRHFVVBMKWFEA-UHFFFAOYSA-N,Ki,nM,739.0,CCCCCn1cc(C(=O)NC23CC4CC(CC(C4)C2)C3)c(=O)c2cc(Oc3ccc(F)c(Cl)c3)ccc21,1
JQSJAVBMIMDUFO-UHFFFAOYSA-N,Inhibition,%,36.0,Clc1cc(Cl)cc(CNc2ncncc2-c2ccc3c(c2)OCO3)c1,1
JQSKLRZZZNTNOZ-UHFFFAOYSA-N,IC50,nM,110.0,CC1(C)CC(N)c2cc(-c3ccc(Cl)cc3)c(-c3ccc(Cl)cc3Cl)nc2O1,1
JQUXVCVKPJKGRX-UHFFFAOYSA-N,IC50,nM,38.0,N#Cc1cc(-c2ccc(Cl)cc2)c(-c2ccccc2Cl)nc1-c1cncnc1,1
JQWBRSQRBYVWFQ-UHFFFAOYSA-N,Activity,%,86.0,S=C(Nc1ccccc1)NC(c1ccc(Br)cc1)c1ccc(Br)cc1,1
JQWCZAYQDXLFEW-UHFFFAOYSA-N,Activity,%,25.1,CCCCCCCCN1C(=O)NC(c2ccccc2)(c2ccccc2)C1=O,1
JQWWOHUHTHGKFI-UHFFFAOYSA-N,IC50,nM,8.0,Cn1c(C(=O)NC2CCCCCC2)nc(-c2ccc(Cl)cc2Cl)c1-c1ccc(Cl)cc1,1
JQYZYQKWXGNSIW-UHFFFAOYSA-N,Ki,nM,5000.0,CCCCOc1c(OC)ccc2cc(C(=O)NCc3ccc(F)cc3)c(=O)[nH]c12,1
JRGWZPOVHWFIFJ-UHFFFAOYSA-N,Ki,nM,5000.0,CCCCCCc1ccc(OCCCCCCCCCCOC(CO)CO)cc1O,1
JRHSRYQBHPEYGL-UHFFFAOYSA-N,Ki,nM,500.0,CC(C)CNC(=O)c1ccc(Br)c(S(=O)(=O)N(C)Cc2ccccc2)c1,1
JRJFRWURMSBKJJ-UHFFFAOYSA-N,IC50,nM,500.0,O=C(NC1CCCCC1)c1cc(-n2cccc2)n(-c2ccc(Cl)cc2)n1,1
JROIJIVZQJDADW-YUZOCMECSA-N,Ki,nM,5.51,CC(CO)NC(=O)CCCC=CCC=CCCOc1cccc(C(C)(C)CCCC#N)c1,1
JRRFTWPNVIAEOB-UHFFFAOYSA-N,Ki,nM,5000.0,Cc1nc(C(=O)NC23CC4CC(CC(C4)C2)C3)c(Cl)n1-c1ccccc1,1
JRVWFHJARYIPGM-UHFFFAOYSA-N,Ki,nM,7.5,COc1ccc(-c2c(C)c3c(n2-c2ccccc2Cl)CCN(C2CCCCC2)C3=O)cc1,1
JRZYIQYONIPUER-UHFFFAOYSA-N,IC50,nM,1900.0,Cn1c(C(=O)NN2CCCCC2)nc(-c2ccccc2)c1-c1ccccc1,1
JSIOAJBHLWGADL-UHFFFAOYSA-N,Ke,nM,4.9,CCCCC(=O)NC1CCN(c2ncnc3c2nc(-c2ccccc2Cl)n3-c2ccc(Cl)cc2)CC1,1
JSJIONMPHFVJMY-UHFFFAOYSA-N,Inhibition,%,9.0,CCCCCc1cc(O)c2cc(Cc3ccccc3C)c(=O)oc2c1,1
JSMOMDVBSOQGAN-UHFFFAOYSA-N,IC50,nM,7.5,COc1nc(C(C)(C)C)nc2nc(-c3ccccc3Cl)c(-c3ccc(Cl)cc3)cc12,1
JSNBZJXRGPKEHD-UHFFFAOYSA-N,Activity,%,30.0,CCCCCn1cc(C(=O)NC23CC4CC(CC(C4)C2)C3)c(=O)c(C2CC2)c1C,1
JSXJBGNWNNYUBU-UHFFFAOYSA-N,Activity,%,34.7,CCCCCn1c2ccccc2c2cc(C(=O)NCC(C)(C)C)ncc21,1
JTASXWYBHGSGFN-UHFFFAOYSA-N,Kd,nM,0.3981,CN=C(NS(=O)(=O)c1c(C)cc(C)cc1C)N1CC(c2ccccc2)C(c2ccc(Cl)cc2)=N1,1
JTFQHOWRERLRTC-UHFFFAOYSA-N,Ki,nM,5000.0,O=C(Cc1cn(Cc2ccccc2)c2ccc(-c3ccccc3)cc12)NC12CC3CC(CC(C3)C1)C2,1
JTIDGCJITBMBGH-UHFFFAOYSA-N,EC50,nM,16000.0,Cc1nnc(-c2ccc(Cl)cc2)c2cn(-c3ccccc3)nc12,1
JTJORYHEPQPVJK-UHFFFAOYSA-N,Ki,nM,374.1,Cc1c(C(=O)NN)nn(-c2ccc(Cl)cc2Cl)c1-c1ccc(Cl)cc1,1
JTLZKYIJFISRSZ-UHFFFAOYSA-N,Kd,nM,23.44,Cc1c(C(=O)NCCCCCCCCCCCN(C)CCCCCCCCCCCN)nn(-c2ccc(Cl)cc2Cl)c1-c1ccc(Cl)cc1,1
JTPYSHNUYUNHSG-UHFFFAOYSA-N,Ke,nM,8000.0,COc1ccc(CC2c3cc(OCCCCCCC(=O)NCCOCCOCCOCCNC(=O)c4nn(-c5ccc(Cl)cc5Cl)c(-c5ccc(Cl)cc5)c4C)c(OC)cc3CCN2CC(=O)NCc2ccccc2)cc1OC,1
JTQCRMILNQUVJG-UHFFFAOYSA-N,Activity,%,144.8,CCc1c(C(=O)NCCc2ccc(N)cc2)[nH]c2ccc(Cl)cc12,1
JTSCTLNYUWJURQ-UHFFFAOYSA-N,Activity,%,84.7,CCCCCn1c2ccccc2c2cc(C(=O)N3CCN(C)CC3)ccc21,1
JTXKHBABVHIRCA-UHFFFAOYSA-N,EC50,nM,1000.0,CC(C)(C)c1cc(NC(=O)C(C)(C)S(=O)(=O)c2ccc(Cl)cc2)no1,1
JTXNBNHIGMBORV-UHFFFAOYSA-N,Ki,nM,79.0,CCCCCCC(C)(C)c1cc(O)c(-c2cc(C)cc(C)c2)c(O)c1,1
JUAASCSVJGFOKG-UHFFFAOYSA-N,Activity,%,71.0,O=C(NCC12CC3CC(CC(C3)C1)C2)c1nn(C2CCCCC2)c2c1CCCCCC2,1
JUAOYUSMUVQZHT-UHFFFAOYSA-N,EC50,nM,2511.89,COc1cccc2c(-c3noc(CN(C)CC(N)=O)n3)cn(CC3CCOCC3)c12,1
JUBZXUXHZDJSBQ-UHFFFAOYSA-N,Ki,nM,3000.0,c1ccc2c(COc3nn(CCN4CCCCC4)c4ccccc34)cccc2c1,1
JUDPIHRJPJUBCI-UHFFFAOYSA-N,Ki,nM,0.07,O=C(NC1CCCOc2c1nn(-c1ccccc1Cl)c2-c1ccc(Cl)cc1)C1CCOCC1,1
JUDSYBPGVVSXKO-UHFFFAOYSA-N,EC50,nM,79.43,CN(CCO)Cc1nc(-c2cn(CC3CCOCC3)c3c(Cl)cccc23)ns1,1
JUDWZGFRAKZCAL-VEJZVKIUSA-N,Inhibition,%,16.0,O=C1C(=CC=Cc2ccccc2)N=C2SCCCN12,1
JUMFPWRWLUZHBS-IQMFZBJNSA-N,Ki,nM,109.0,O=C1C(Cc2ccc(F)c(F)c2)CCC(c2ccc(Cl)cc2Cl)N1c1ccc(Cl)cc1,1
JUNWVTKDXNTEJW-UHFFFAOYSA-N,IC50,nM,14.0,CC(C)(CO)NC(=O)C1CC(C)(C)Oc2nc(-c3ccc(Cl)cc3Cl)c(-c3ccc(Cl)cc3)cc21,1
JUPJTDKQLVRRDB-UHFFFAOYSA-N,Ki,nM,9.0,Cc1c(-c2cn(C(C)C)cn2)nn(-c2ccc(Cl)cc2Cl)c1-c1ccc(Cl)cc1,1
JUQFVKJYAGSDTL-UHFFFAOYSA-N,Ki,nM,3400.0,Cc1ccc(NC(=O)C2C(C)(C)C2(C)C)cc1S(=O)(=O)N1CCOCC1,1
JURGDYPCLIOPQI-UHFFFAOYSA-N,EC50,nM,5000.0,O=C(CN1CCCC1)Nc1sc2c(c1C(=O)N1CCC(F)(F)CC1)CCCC2,1
JUTAMULBYLQJIH-UHFFFAOYSA-N,IC50,nM,1.9,CCCCOc1nc(-c2ccc(Cl)cc2Cl)c(-c2ccc(Cl)cc2)cc1C(=O)OC,1
JUXNYUMIWDBKRN-UHFFFAOYSA-N,IC50,nM,32.0,CCCC(CCC)NC(=O)c1ccc(-c2ccc(Cl)cc2)c(-c2ccc(Cl)cc2Cl)n1,1
JVFFXUMSIKGKGT-RTBURBONSA-N,Ki,nM,1500.0,CCCCCc1cc(CNC(N)=O)c2c(c1)OC(C)(C)C1CCC(C)=CC21,1
JVGQUBQKBOAEDR-UHFFFAOYSA-N,Ki,nM,690.0,CCN(CC)c1ccc(CN(Cc2ccccc2)S(=O)(=O)c2ccc(OC)cc2)cc1,1
JVNXCSCTXSLNFZ-UHFFFAOYSA-N,Ki,nM,28.0,CCCCCn1cc(C(=O)NC23CC4CC(CC(C4)C2)C3)c(=O)c2ccc(S(=O)c3ccccc3)cc21,1
JVRUXONLQGYKBC-UHFFFAOYSA-N,EC50,nM,1.5,CC(C(=O)N1CCN(S(=O)(=O)c2cc(Cl)cc(Cl)c2)CC1)c1ccc(C(F)(F)F)cc1,1
JVWCWIHXINYHOA-MHECFPHRSA-N,IC50,nM,20.89,CC(NS(=O)(=O)Cc1ccccc1)C(Cc1ccc(Cl)cc1)c1cccc(C#N)c1,1
JVZHJIRJEYAROV-RBUKOAKNSA-N,IC50,nM,6.0,O=C(C1CC1c1ccc(C(F)(F)F)cc1)N1CCN(S(=O)(=O)c2cc(O)cc(C(F)(F)F)c2)CC1,1
JWAFNNHIXVMPMB-UHFFFAOYSA-N,Ki,nM,450.0,Cc1c2c(n(-c3ccc(Cl)cc3Cl)c1-c1cccc(N)c1)CCN(C1CCCCC1)C2=O,1
JWEUOCPJVILADH-UHFFFAOYSA-N,Activity,%,30.0,COC(Cn1cc(C(=O)NC23CC4CC(CC(C4)C2)C3)c(=O)cc1C)OC,1
JWFYXZLYYOPUMO-UHFFFAOYSA-N,IC50,nM,500.0,O=C(CCc1nc(-c2ccc(F)cc2Br)no1)Nc1ccc2c(c1)c1ccccc1n2CCCCO,1
JWKATRJTLFUZFN-UHFFFAOYSA-N,Ki,nM,39.81,COc1ccc2c(C(=O)C3C(C)(C)C3(C)C)cn(CC3CCOCC3)c2c1,1
JWKFSYCFDRPJBG-UHFFFAOYSA-N,Ki,nM,10000.0,CCN(CC)c1ccc(C(NC(=O)CCc2ccccc2)NC(=O)CCc2ccccc2)cc1,1
JWOAXJJQZFGGQH-UHFFFAOYSA-N,Ki,nM,16.0,CCCCCc1cc(O)cc(OCCCCCCCC(=O)NC2CC2)c1,1
JWPDWDOGYQTJJE-UHFFFAOYSA-N,Ki,nM,5000.0,O=C(CCCCCCCCCCOc1cccc(O)c1)NCCO,1
JWYYICIQUOHIKG-UHFFFAOYSA-N,IC50,nM,2.9,COCc1nc(-c2ccc(Cl)cc2)c(-c2ccc(Cl)cc2)nc1C(=O)NC1CCC(F)(F)CC1,1
JXFLIWOJWBXXDQ-UHFFFAOYSA-N,EC50,nM,8500.0,O=C(NCC1(CO)CCCC1)c1nc2c(-c3ccccc3)cccc2n1CC(F)(F)F,1
JXFZJRGBOGXXQA-UHFFFAOYSA-N,Ki,nM,418.0,CCS(=O)(=O)n1c2c(c3cc(C(=O)N4CCC(C)CC4)ccc31)CN(C(C)C)C2,1
JXIPKNRBDKQMAN-BLHCBFLLSA-N,Activity,%,20.0,CCCC=CC=Cc1c(O)cc(CC=C(C)C)c(O)c1C=O,1
JXNJMTHLHFQGCM-UHFFFAOYSA-N,Ki,nM,4.6,CCCCCCC(C)(C)c1ccc(-c2cc(C)ccc2C)c(O)c1,1
JXQDCHGSXWEBFI-GQCTYLIASA-N,Kd,nM,1.66,CC1=CCC2C(C1)c1c(O)cc(CC=CCCCBr)cc1OC2(C)C,1
JXUCAZVXNNKWLS-UHFFFAOYSA-N,Kd,nM,2.512,CN=C(NS(=O)(=O)c1cccc(Cl)c1)N1CC(c2ccccc2)C(c2ccc(Cl)cc2)=N1,1
JXZKCVGVXYCLNY-UHFFFAOYSA-N,EC50,nM,10000.0,COc1ccc(-c2nc(NC(=O)C(C)(C)S(=O)(=O)C3CCOCC3)n[nH]2)cc1,1
JYAAHQQDNWZFBM-UHFFFAOYSA-N,Ke,uM,0.376,Cc1c(C(=O)NCc2ccc(CNS(N)(=O)=O)cc2)nn(-c2ccc(Cl)cc2Cl)c1-c1ccc(Cl)cc1,1
JYCQSWWXQXTTRX-UHFFFAOYSA-N,Ki,nM,1250.0,CSc1ccc(-c2c(C)c3c(n2-c2ccc(Cl)cc2Cl)CCN(C2CCCCC2)C3=O)cc1,1
JYEFPJKEFHNPMZ-UHFFFAOYSA-N,Ki,nM,4248.0,Cc1nn(C)c2c1c(=O)c(C(=O)NC1CCCCC1)cn2Cc1ccccc1,1
JYJNQKZFUWAVRM-UHFFFAOYSA-N,Inhibition,%,62.0,CC(C)CN1C(=O)CN(Cc2ccc(-c3cccc(CN4CCCCC4)n3)cc2)C1=O,1
JYMFGFSCTSBMDF-UHFFFAOYSA-N,IC50,nM,3300.0,Cc1c(C(=O)NN2CCCCC2)nn(-c2ccc(Cl)cc2Cl)c1-n1cccc1,1
JYNDAVSIFQBMTC-UHFFFAOYSA-N,Ki,nM,51.2,CCCCCn1cc(C(=O)NC23CC4CC(CC(C4)C2)C3)c(=O)cc1-c1cccc(Cl)c1,1
JYVFPSMCKDDFLU-UHFFFAOYSA-N,Activity,%,29.9,CCCCCCN1C(=O)NC(c2ccccc2)(c2ccccc2)C1=O,1
JYVKVIJURYEURY-UHFFFAOYSA-N,IC50,nM,6.8,COc1cccc(-c2c(C)c3c(n2-c2ccc(Cl)cc2Cl)CCN(C2CCCCC2)C3=O)c1,1
JYYURKUOQRPFLF-UHFFFAOYSA-N,EC50,nM,690.0,Cc1c(C(=O)NN2CCOCC2)nn(-c2ccc(Cl)cc2Cl)c1-c1ccc(Cl)s1,1
JZFTULYYOXZLRD-UHFFFAOYSA-N,Activity,%,77.0,CC(C)N(CC(=O)N1c2ccccc2-n2cccc2C1c1ccc(F)cc1)C(=O)CC(C)(C)C,1
JZGOUOWBFXUHJO-FLIBITNWSA-N,Inhibition,%,19.0,O=C1C(=Cc2cccc([N+](=O)[O-])c2)N=C2SCCCN12,1
JZHOGDSTTRGANB-UHFFFAOYSA-N,IC50,nM,1.479,COc1ccc(C(F)(F)F)cc1Cn1c(C(=O)NCCC2(O)CCC2)cc2cc(C#N)ccc21,1
JZLUUJWAKUHZAL-UHFFFAOYSA-N,Ki,nM,500.0,CCCCCOc1ccccc1-c1cc(C(=O)NC2CCC2)no1,1
JZOCGPUEPAWZNC-UHFFFAOYSA-N,Ki,nM,702.0,CCCCCn1cc(C(=O)NC2CCCCC2)c(=O)n2nc(-c3ccccc3)cc12,1
JZRFPMMWNDITRV-UHFFFAOYSA-N,IC50,nM,300.0,CCCOc1ccc(C(=O)c2cccc3ccccc23)c2ccccc12,1
JZTVVSVXEDLCTL-UHFFFAOYSA-N,EC50,nM,28.7,CCCC#Cc1ccc(-c2c(C)c(C(=O)NN3CCCCC3)nn2-c2ccc(Cl)cc2Cl)s1,1
JZZNBOHHRBHVLJ-QZTJIDSGSA-N,Ki,nM,955.0,CCCCCc1cc2c(c(SC)c1)C1C=C(C)CCC1C(C)(C)O2,1
KAAIWQLWLKGBAK-UHFFFAOYSA-N,IC50,nM,6606.93,CC(C)NC(=O)N1CCN(C(c2ccc(Cl)cc2)c2ccccc2C(F)(F)F)CC1,1
KACFULGJRBQUBF-UHFFFAOYSA-N,EC50,nM,9360.0,COCCNC(=O)c1c(NC(=O)c2c(F)cccc2C(F)(F)F)sc2c1CCOC2,1
KAFVQJWWTGTUHM-UHFFFAOYSA-N,Activity,%,45.1,CCCCCCCCN1C(=O)NC(c2ccc(Br)cc2)(c2ccc(Br)cc2)C1=O,1
KAHMVFRKXUBQSR-UHFFFAOYSA-N,Ki,nM,1811.0,O=C(NC1CCCCC1)c1cccnc1OCc1ccc(F)cc1,1
KAMSVZKWEHOXKW-UHFFFAOYSA-N,IC50,nM,18.0,NC(=O)c1cc(-c2ccc(Cl)cc2)c(-c2ccc(Cl)cc2Cl)nc1OCc1ccccc1,1
KAXNKZYLOMFBHO-UHFFFAOYSA-N,Ki,nM,0.1,CCCCCCC(C)(C)c1cc(O)c2c(c1)OC(C)(C)c1ccc(CO)cc1-2,1
KBCABXWNLQBGLN-UHFFFAOYSA-N,IC50,nM,173.0,CCCCNC(=O)N1CCN(C(c2ccccc2)c2ccc(Cl)cc2Cl)CC1,1
KBDDMDHJOCKTJB-UHFFFAOYSA-N,Ki,nM,52.0,Cc1c(C(=O)Nc2cccc(O)c2)nn(-c2ccc(Cl)cc2Cl)c1-c1ccc(Cl)cc1,1
KBHMFUOYMFGCCE-UHFFFAOYSA-N,Ki,nM,5000.0,CSc1c(C(=O)NC23CC4CC(CC(C4)C2)C3)nc(C)n1-c1ccccc1,1
KBIPIYSFMKEKGV-SFHVURJKSA-N,EC50,nM,19.95,O=C(NCCO)C1CCCN(Cc2nc(-c3cn(CC4CCS(=O)(=O)CC4)c4c(Cl)cccc34)ns2)C1,1
KBSBQWJUWFMCBI-UHFFFAOYSA-N,IC50,nM,1.8,N#CCc1c(C(=O)NN2CCCCC2)nn(-c2ccccc2Cl)c1-c1ccc(Cl)cc1,1
KBUXHQXGHLRKGG-UHFFFAOYSA-N,Ki,nM,39.0,Cc1cc(C)cc(-c2ccc(C(C)(C)CCCCCO)cc2O)c1,1
KBXKNWBOXINIQU-UHFFFAOYSA-N,Ki,nM,4.1,Cc1c2c(n(-c3ccc(Cl)cc3Cl)c1-c1ccc(C(F)(F)F)cc1)CCN(C1CCCCC1)C2=O,1
KBZBUCIUHYIWHZ-UHFFFAOYSA-N,Ki,nM,5.3,CCCCCn1cc(C(=O)NC23CC4CC(CC(C4)C2)C3)c(=O)c2ccc(Sc3ccccc3)cc21,1
KCFUIARDPPWZRW-UHFFFAOYSA-N,EC50,nM,3850.0,COCCCOc1cc(S(=O)(=O)c2ccc3c(c2)nc(C(C)(C)C)n3CC2CCOCC2)ccn1,1
KCHAXEUWKHRAMR-GOEBONIOSA-N,Emax,%,4.0,Fc1ccc(-c2noc(C3CCC(Nc4cnc5ccccc5c4)C3)n2)c(Cl)c1,1
KCHLPEXTIZCFIC-UHFFFAOYSA-N,Ki,nM,5000.0,CC(=O)Cn1nnc(Cc2ccc(-c3ccccc3)cc2)n1,1
KCLWHSMQNYGDHD-UHFFFAOYSA-N,EC50,nM,804.0,COCCOc1cc(S(=O)(=O)c2ccc3c(c2)nc(C(C)(C)C)n3CC2CCOCC2)ccn1,1
KCNFZTIIENBEPU-TUCATBTLSA-N,Activity,%,7.0,CC1CCC2C(C1)c1c(O)cc(C=Cc3ccccc3)cc1OC2(C)C,1
KCQJZOJGRGXWCV-UHFFFAOYSA-N,Ki,nM,1.6,CN1CCN(c2ncnc3c2nc(-c2ccccc2Cl)n3-c2ccc(Cl)cc2)CC1,1
KCRUDDASSAEKRZ-AGHHOFFYSA-N,Ki,nM,130.0,Cc1ccc(C(=O)NC2C3(C)CCC(C3)C2(C)C)cc1S(=O)(=O)N1CCOCC1,1
KCSUDWWHMBOALW-UHFFFAOYSA-N,Activity,%,-9.0,CCCCCOc1c(OC)ccc2cc(C(=O)NCCc3ccc(Cl)cc3)c(=O)[nH]c12,1
KCZIVOBEHQRPAV-UHFFFAOYSA-N,Kd,nM,5.012,CN=C(NS(=O)(=O)c1cccc(Cl)c1)C1=NN(c2ccc(Cl)cc2Cl)C(c2ccccc2)C1,1
KDDFVDYZIBZTGJ-UHFFFAOYSA-N,EC50,nM,5000.0,O=C(N1CCCc2ccccc21)C12CC3CC(CC(C3)C1)C2,1
KDTHTYYXAAWQAB-UHFFFAOYSA-N,Ki,nM,596.0,CCCCCCn1cc(C(=O)NC23CC4CC(CC(C4)C2)C3)c(=O)cc1-c1ccccc1,1
KEFJRBRIHMPGCV-UHFFFAOYSA-N,IC50,nM,930.0,O=C(c1cccc2ccccc12)c1ccc(OCCc2ccccc2)c2ccccc12,1
KEGKPAUPNMAKJM-UHFFFAOYSA-N,Ki,nM,1400.0,CCCCCOC(=O)c1cc(O)c(-c2cc(C)cc(C)c2)c(OC)c1,1
KELCEMAQBNDKHJ-UHFFFAOYSA-N,EC50,nM,0.5,O=C(Cc1ccc(C(F)(F)F)cc1)N1CCN(S(=O)(=O)c2cc(Cl)cc(Cl)c2)CC1,1
KELZVQBRJRABQQ-UHFFFAOYSA-N,Ki,nM,2500.0,CCOc1ccc(Cc2nc3cc(N(C)C(C)=O)ccc3n2CC2CC2)cc1,1
KEMIWJVMJNMWRE-UHFFFAOYSA-N,Activity,%,10.0,CCCCCn1cc(C(=O)Nc2ccc(OC)cc2)c(=O)c2ccccc21,1
KEMWCCPIKZIGDG-UHFFFAOYSA-N,IC50,nM,0.22,N#CCc1c(C(=O)N2Cc3ccc(Br)cc3C2)nn(-c2ccccc2Cl)c1-c1ccc(Cl)cc1,1
KENIGRBQVUEUPI-RTBURBONSA-N,Ki,nM,0.34,CC1=CCC2C(C1)c1c(O)cc(C(C)(C)C3CCCC3)cc1OC2(C)C,1
KEQOMVWBHSTLIQ-UHFFFAOYSA-N,EC50,nM,500.0,FC(F)(F)c1cccc(-c2cnc(-c3cccc(CN4CCSCC4)c3)[nH]2)c1,1
KERHZGOINZPYGL-UHFFFAOYSA-N,Ki,nM,696.0,C=CCCCn1cc(C(=O)NC23CC4CC(CC(C4)C2)C3)c(=O)c2cc(Br)ccc21,1
KEVCAKOGJZNURU-KHPPLWFESA-N,Ki,nM,5000.0,CCCCCCCCC=CCCCCCCCCCCCC(=O)NCc1ccc(OC)cc1,1
KEVRIFVMDNIIJF-UHFFFAOYSA-N,EC50,nM,1995.26,CCNC(=O)NCc1nc(-c2cn(CC3CCOCC3)c3c(Cl)cccc23)no1,1
KEWRWAAUFINIRH-UHFFFAOYSA-N,Ki,nM,252.0,CCCCCn1cc(C(=O)NC2CCCCCC2)c(=O)c2c(C)nn(C)c21,1
KFAOTFNWDGDIGW-UHFFFAOYSA-N,Kd,nM,2.512,CSc1c(C(=O)NN2CCCCCC2)nn(-c2ccc(Cl)cc2Cl)c1-c1ccc(Cl)cc1,1
KFDYGIUPQPPPND-UHFFFAOYSA-N,Ki,nM,1.5,COC(=O)c1c(F)cccc1-c1ccc(CNC(=O)C2(NC(=O)C(F)(F)F)CC2)c(F)c1,1
KFLDWHRPRZSDAU-UHFFFAOYSA-N,EC50,nM,16000.0,COC(=O)C1=C(N)c2ccccc2C1(C#N)c1ccccc1,1
KFNKEQGGZGZQRD-UHFFFAOYSA-N,EC50,nM,1974.0,O=C(Nc1sc2c(c1C(=O)N1CC(F)(F)C1)CCOC2)c1ccccc1OC(F)(F)F,1
KFPUJRPTEYGPLI-UHFFFAOYSA-N,EC50,nM,16000.0,Cc1cccc(N2CCN(C(=O)c3cc(S(=O)(=O)N(C)C)ccc3Cl)CC2)c1C,1
KFTAKMIHRUBOSY-UHFFFAOYSA-N,EC50,nM,1294.0,FC1CCN(Cc2cccc(-c3ncc(-c4cccc(Cl)c4Cl)[nH]3)c2)CC1,1
KFUBUHJCBKCTEW-UHFFFAOYSA-N,Kd,nM,2.512,CN=C(NS(=O)(=O)c1ccc(C(F)(F)F)cc1)C1=NN(c2ccc(Cl)cc2Cl)C(c2ccccc2)C1,1
KFUGLIFIBPAGFC-DOFZRALJSA-N,Ki,nM,13.0,CCCCCC=CCC=CCC=CCC=CCCCC(=O)NCCCO,1
KFXQPGMMLBLGPQ-UHFFFAOYSA-N,IC50,nM,12.3,CCc1c(C2=NC3(CCCCC3)C(=O)N2)nn(-c2ccc(Cl)cc2Cl)c1-c1ccc(Cl)cc1,1
KGAMBNCZDYGQDK-UHFFFAOYSA-N,Activity,%,5.0,CC(NC(=O)c1cn(CCN2CCOCC2)c2ccccc2c1=O)c1ccccc1,1
KGGHJYABDWNPSR-UHFFFAOYSA-N,EC50,nM,20.2,CCc1c(C2=NC(C)(C)C(=O)N2)nn(-c2ccc(Cl)cc2Cl)c1-c1ccc(Cl)cc1,1
KGGOHKJYYUEGMG-UHFFFAOYSA-N,IC50,nM,3.0,N#CCc1c(C(=O)N2CCC(O)(c3ccc(F)cc3)CC2)nn(-c2ccccc2Cl)c1-c1ccc(Cl)cc1,1
KGIVZCVESJPSLS-UHFFFAOYSA-N,EC50,nM,15811.4,Cc1cccc(-c2ccc(N3CCOCC3)nn2)c1C,1
KGLLYGULEHNOEZ-ARJAWSKDSA-N,Activity,%,30.0,CC=Cn1cc(C(=O)NC23CC4CC(CC(C4)C2)C3)c(=O)cc1C,1
KGMCFKSMLCCWTL-UHFFFAOYSA-N,IC50,nM,5.129,COc1ccc(OC(F)(F)F)cc1Cn1c(C(=O)NCC2(CO)CC2)cc2cc(C#N)ccc21,1
KGNAHHSVFXXCKM-HNNXBMFYSA-N,EC50,nM,50000.0,Cc1nc(N2CCN(C)CC2)c2nc(-c3ccccc3Cl)n(C3CCOC3)c2n1,1
KGRNLURBZOQGDM-UHFFFAOYSA-N,Ki,nM,13.0,CC1(C)C(C(=O)c2cn(CC3CCOCC3)c3cc(Br)ccc23)C1(C)C,1
KGXJBLWHKBDEOZ-UHFFFAOYSA-N,Ki,nM,93.0,CCCn1cc(C(=O)c2ccc(Cl)c3ccccc23)c2ccccc21,1
KHAAKYNGKAYXSE-UHFFFAOYSA-N,IC50,nM,1110.0,N#CCc1c(C(=O)NCCN2CCCCC2)nn(-c2ccccc2Cl)c1-c1ccc(Cl)cc1,1
KHABPDQLPRMQRS-UHFFFAOYSA-N,IC50,nM,5000.0,CCCCCCc1ccc(OCCCCCCCCCCC(=O)NCc2ccc(OC)c(O)c2)cc1O,1
KHBYHUBFGVKELV-VQTJNVASSA-N,IC50,nM,0.2,O=C(C1CC1c1ccc(C(F)(F)F)cc1)N1CCN(S(=O)(=O)c2cc(-c3ncn[nH]3)cc(C(F)(F)F)c2)CC1,1
KHDOVXNOBASBKM-UHFFFAOYSA-N,EC50,nM,8500.0,O=C(NCc1ncccc1F)c1nc2c(-c3ccccc3)cccc2[nH]1,1
KHIOIDKKUYQDMD-UHFFFAOYSA-N,IC50,nM,190.0,Cn1c(C(=O)NN2CCCCC2)nc(-c2ccc(Cl)cc2)c1-c1ccc(Cl)cc1Cl,1
KHIQQNMDIZNDBU-UHFFFAOYSA-N,Ki,nM,5000.0,Cc1c(C(=O)C2C(C)(C)C2(C)C)c2ccccc2n1CCN1CCOCC1,1
KHIVVJPXJZJALG-VQTJNVASSA-N,IC50,nM,3.0,O=C(C1CC1c1ccc(C(F)(F)F)cc1)N1CCN(S(=O)(=O)c2cc(-c3cn[nH]n3)cc(C(F)(F)F)c2)CC1,1
KHQKIQMQYBEYJX-UHFFFAOYSA-N,EC50,nM,10000.0,Clc1cccc(-c2ccc(N3CCCCCC3)nc2)c1Cl,1
KHXJDDCNFHQWOM-DHGPAQJLSA-N,Ki,nM,1100.0,Cc1ccc(C(=O)NC2C3(C)CCC(C3)C2(C)C)cc1CN1CCOCC1,1
KIGJOTJQCMMLTR-UHFFFAOYSA-N,Ki,nM,368.0,COc1ccc(CCNC(=O)c2nn(-c3ccc(Cl)cc3Cl)c(-n3cccc3)c2C)cc1Cl,1
KIVHVAVIXCVGPY-JVVVGQRLSA-N,Ki,nM,500.0,CCCCOc1c(OC)ccc2cc(C(=O)NC3CCCCC3)c(=O)[nH]c12,1
KIZWIAQUWRXFNC-UHFFFAOYSA-N,Activity,%,16.0,COc1cc(NC(C)=O)ccc1O,1
KJCSYBCHDUDDQQ-UHFFFAOYSA-N,EC50,nM,268000.0,CCCn1c(C)c(C(=O)c2ccc(F)c3ccccc23)c2ccccc21,1
KJCUASHIVJLXJK-UHFFFAOYSA-N,IC50,nM,2.9,COC(=O)c1cc(-c2ccc(Cl)cc2)c(-c2ccc(Cl)cc2Cl)nc1OCC1CCCCC1,1
KJHFLHCKJCJDEL-UHFFFAOYSA-N,Kd,nM,5.012,CN=C(NS(=O)(=O)N(C)C(C)C)N1CC(c2ccccc2)C(c2ccc(Cl)cc2)=N1,1
KJKPLXHQKKPHTL-ZWQWEHNQSA-N,IC50,nM,41.0,CC=CC=CC=CCCC=CC(=O)NCC(C)(O)CO,1
KJMASEJYNQFVRM-UHFFFAOYSA-N,Ki,nM,2100.0,CCCCCn1cc(C(=O)NC23CC4CC(CC(C4)C2)C3)c(=O)c2c(OC)ccc(OC)c21,1
KJRXZBTZYWUUSN-UHFFFAOYSA-N,Displacement,%,45.5,CCCCCCN1C(=O)C(c2ccc(Br)cc2)(c2ccc(Br)cc2)NC1=S,1
KJSPMPXCPWQOIL-UHFFFAOYSA-N,IC50,nM,530.0,COc1ccc(-c2cc(C#N)c(OCc3ccccc3)nc2-c2ccc(N(C)C)cc2)cc1,1
KJVMIKLNUFIUIG-UHFFFAOYSA-N,IC50,nM,23.0,COc1cc(F)ccc1-c1cccc(Cn2ccc3ccc(NC(=O)CC(C)(C)O)cc32)n1,1
KJWBLKINPVCYRA-UHFFFAOYSA-N,EC50,nM,72.4,Cc1c(C(=O)NC2CCCc3ccccc32)oc2ccc(S(=O)(=O)N3CC(C)CC(C)C3)cc12,1
KJXQJKGIDTXDBB-UHFFFAOYSA-N,Ki,nM,5000.0,CCCNC(=O)c1c(NC(=O)C2CC3CCC2C3)sc2c1CCOC2,1
KKEBVIMUGTZZBL-UHFFFAOYSA-N,Kd,nM,2.512,Cc1c(C(=O)NN2CCCCC2)nc(-c2ccc(Cl)cc2Cl)n1-c1ccc(Cl)cc1,1
KKHOPLIFMNQYLV-UHFFFAOYSA-N,Ki,nM,606.0,CCCCn1c(C)c(C)cc(C(=O)NCc2ccccc2)c1=O,1
KKJGXDVXJITZGR-UHFFFAOYSA-N,Ki,nM,56.0,Cc1c(C(=O)NCc2ccc(Cl)cc2)nn(-c2ccc(F)cc2F)c1-n1c(C)ccc1C,1
KKPYTUCEBYOWNU-UHFFFAOYSA-N,EC50,nM,1.5,O=C1c2nn(-c3ccccc3Cl)c(-c3ccc(Cl)cc3)c2OCCN1CC(F)(F)F,1
KKUTUPAEQHOUFN-UHFFFAOYSA-N,Inhibition,%,93.0,Cc1ccc(CNC(=O)c2oc3ccc(S(=O)(=O)N4CC(C)CC(C)C4)cc3c2C)cc1,1
KLFVWQCQUXXLOU-UHFFFAOYSA-N,Inhibition,%,38.0,CCOc1cccc(NC(=O)c2ccc(N3CCCC3)c(C(F)(F)F)c2)c1,1
KLJVDMAOKMSBQX-UHFFFAOYSA-N,Inhibition,%,22.6,COc1ccc2c(c1)C(=O)N(c1nc(C(=O)Nc3cnccc3N3CCNCC3)cs1)C2,1
KLLYZIMCEWAWBM-UHFFFAOYSA-N,Ki,nM,5000.0,O=C(NC12CC3CC(CC(C3)C1)C2)c1c[nH]c2c(-c3ccccc3)cccc2c1=O,1
KLMMAKNMYZDQAM-UHFFFAOYSA-N,Inhibition,%,46.0,Cc1c(C(=O)NCc2cccnc2)oc2ccc(S(=O)(=O)N3CC(C)CC(C)C3)cc12,1
KLNDJEQTSONKPV-UHFFFAOYSA-N,IC50,nM,70.0,CN(C(=O)c1nc(-c2ccc(Cl)cc2Cl)c(-c2ccc(Cl)cc2)n1C)C1CCCCC1,1
KLQUPRQOUGLXHB-UHFFFAOYSA-N,Ki,nM,2500.0,CC(Br)Cc1ccc(O)c(-c2ccc(O)c(CC(C)Br)c2)c1,1
KLRDRQKZOQEROV-UHFFFAOYSA-N,Ki,nM,1200.0,Cc1ccc(NC(=O)C2(C)CCCCC2)cc1S(=O)(=O)N1CCOCC1,1
KLRIKMQKTSWQHL-UHFFFAOYSA-N,IC50,nM,80.0,CNN(C)C(=O)c1cc(-c2ccc(Cl)cc2)c(-c2ccc(Cl)cc2Cl)nc1Oc1ccc(F)c(F)c1,1
KMJDATHIDYYGSK-UHFFFAOYSA-N,Activity,%,69.2,CCCCN1C(=O)NC(c2ccc(Br)cc2)(c2ccc(Br)cc2)C1=O,1
KMMNRCMXKWDRNS-UHFFFAOYSA-N,EC50,nM,1581.14,COc1ccc(Cl)cc1Nc1cc(C(F)(F)F)c(C(=O)NCC2CCOCC2)cn1,1
KMOLAOJTGUCZGO-UHFFFAOYSA-N,Activity,%,34.4,CCCCCOc1c(OC)ccc2cc(C(=O)NCCc3ccc(Cl)cc3)c(Cl)nc12,1
KMOLUSUCGKIBAQ-IAGOWNOFSA-N,Ki,nM,12.4,O=C(NC1CCCCC1O)c1cnc(OCC(F)(F)F)c(-c2ccc(Cl)cc2)c1,1
KMWQCMIRJQCRDA-QEGIFBSNSA-N,EC50,nM,1995.26,CCCCCC1=NN(C(=O)NCC2CCC3CC2C3(C)C)CC1c1ccccc1,1
KNCQEUTZNNITIW-UHFFFAOYSA-N,Inhibition,%,92.0,Cc1c(C(=O)NCCc2ccccc2)oc2ccc(S(=O)(=O)N3CC(C)CC(C)C3)cc12,1
KNDNTYBIRAVLQO-UHFFFAOYSA-N,Activity,%,83.12,CN(CCCCCCCOc1ccc(-c2oc3ccccc3c2C(=O)c2ccc(OCCN3CCOCC3)cc2)cc1)Cc1ccccc1,1
KNIISGNXGSTDEL-UHFFFAOYSA-N,Inhibition,%,95.0,Cc1c(C(=O)NC2CCCCC2)oc2ccc(S(=O)(=O)N3CC(C)CC(C)C3)cc12,1
KOBWCKPPQPCMSU-UHFFFAOYSA-N,Ki,nM,390.0,CCCCCn1cc(C(=O)NCc2ccc(Cl)c(Cl)c2)c(=O)c2ccc(-c3ccccc3)cc21,1
KOFFKTIBACXUQS-UHFFFAOYSA-N,Inhibition,%,12.0,COc1cccc(Cc2cc3c(OC)cc(CO[Si](c4ccccc4)(c4ccccc4)C(C)(C)C)cc3oc2=O)c1,1
KOGNIUYGXIIRNO-UHFFFAOYSA-N,Ki,nM,81.47,Cc1c(C(=O)NN2CCCCC2)nn(-c2ccc(Cl)cc2Cl)c1-c1ccc(N)cc1,1
KOIMCUUFJKMCIR-UHFFFAOYSA-N,Ki,nM,6.3,CC(C)(NC(=O)c1cc2c(n(CC3CCCCC3)c1=O)CCCCCC2)C(=O)NCCCO,1
KOKDRUVNHUWZGW-UHFFFAOYSA-N,EC50,nM,5000.0,COC(=O)c1cccc(NC(=O)C23CC4CC(CC(C4)C2)C3)c1,1
KOMAIRDUAOWCFK-UHFFFAOYSA-N,Ki,nM,5000.0,CCCNC(=O)c1c(NC(=O)C23CC4CC(CC(C4)O2)C3)sc2c1CCOC2,1
KOOWOHRTUITIEC-UHFFFAOYSA-N,Ki,nM,840.0,CNC(=O)CCC(C)(C)c1ccc(-c2cc(C)cc(C)c2)c(O)c1,1
KOPJCFFPLXQVSA-RESCNRSOSA-N,Ki,nM,23.8,COCCn1cc(C(=O)NC2C3(C)CCC(C3)C2(C)C)c(=O)c2ccc(Sc3ccccc3)cc21,1
KORIJNDQHZIIMZ-UHFFFAOYSA-N,Ki,nM,27.0,CCCCCCC(C)(C)c1ccc(-c2cccc(C#N)c2)c(O)c1,1
KOSOGUVRRYONSO-ZDUSSCGKSA-N,Ki,nM,192.0,CC(NS(=O)(=O)C(F)(F)F)c1ccc(S(=O)(=O)c2ccc(Cl)cc2S(=O)(=O)N2CCOCC2)cc1,1
KOUWKYSGUIWOCC-UHFFFAOYSA-N,IC50,nM,1.2,COC(=O)C(Cc1ccccc1)NC(=O)c1nn(-c2ccccc2Cl)c(-c2ccc(Cl)cc2)c1CC#N,1
KOWDMYRONSYFDJ-GAJHUEQPSA-N,IC50,nM,845.0,CC(NC(=O)c1ccccc1)C(Cc1ccc(Cl)cc1)c1cccc(C#N)c1,1
KOXFWOOFJAOOQK-UHFFFAOYSA-N,Ki,nM,15000.0,CCCCCCC(C)(C)c1ccc(-c2cc(C)cc(C)c2)cc1,1
KPEQDIMLMKNWLV-UHFFFAOYSA-N,IC50,nM,130.0,CC(C)c1nc(=O)c2cc(-c3ccc(Cl)cc3)c(-c3ccccc3Cl)nc2[nH]1,1
KPQZBHBZZNSBGB-UHFFFAOYSA-N,EC50,nM,12500.0,Cc1c(C(=O)NCCCCCCCCCCCNCCCCCCCCCCCNC(=O)c2nn(-c3ccc(Cl)cc3Cl)c(-c3ccc(Cl)cc3)c2C)nn(-c2ccc(Cl)cc2Cl)c1-c1ccc(Cl)cc1,1
KPTWEWDDTCIJLW-WOJBJXKFSA-N,Ki,nM,4000.0,NC(=O)c1ccc(-c2cc(C(=O)NC3CCCCC3O)cnc2OCC2CC2)cc1,1
KPTWUUQQFGTICM-UHFFFAOYSA-N,Activity,%,101.9,CCCCCn1c2ccccc2c2cc(C(=O)N(CC)CC)ccc21,1
KPWCPPBAOAAQRC-FLIBITNWSA-N,Inhibition,%,7.0,COc1ccc(C=C2N=C3SCCCN3C2=O)cc1OC,1
KPXCICWDVOJCEZ-UHFFFAOYSA-N,Ki,nM,5000.0,CC1(C)C(C(=O)c2cn(CCN3CCOCC3)c3ccc(O)cc23)C1(C)C,1
KPYMCZGLLDSYGQ-JWQCQUIFSA-N,Ki,nM,1.5,CC1=CCC2C(C1)c1c(O)cc(C(C)(C)CCCCOc3ccc(C#N)cc3)cc1OC2(C)C,1
KQCWQCHLUNUWFI-UHFFFAOYSA-N,EC50,nM,15811.4,Clc1cccc(-c2ccc(N3CCCCC3)nn2)c1Cl,1
KQDFTCQWYWGQQB-UHFFFAOYSA-N,Activity,%,100.0,CC(C)(C)c1ccc(NC(=O)N2CCCN(C(=O)c3ccc(C(F)(F)F)cc3)CC2)cc1,1
KQLKVUTUWJRUOQ-UHFFFAOYSA-N,EC50,nM,81.0,O=C(NCC1CCOCC1)c1ncccc1NC(=O)c1cccc2ccccc12,1
KQOFFAZTYIIJNS-UHFFFAOYSA-N,Ki,nM,5000.0,O=C(NN1CCCCC1)c1cn(-c2ccc(F)cc2)c2cc(Sc3ccccc3)ccc2c1=O,1
KQPJRFXWAWUUTE-UHFFFAOYSA-N,Ki,nM,592.0,CC1CCN(C(=O)c2ccc3c(c2)c2c(n3S(=O)(=O)n3ccnc3)CCN(C3CCOCC3)C2)CC1,1
KQQFZBCNXJHGCH-UHFFFAOYSA-N,%max,%,-98.0,O=C(c1ccc(C(F)(F)F)cc1)N1CCN(S(=O)(=O)c2cc(C3CC3)cc(C(F)(F)F)c2)CC1,1
KQSFVGNJQZIIBK-UHFFFAOYSA-N,Ki,nM,5000.0,CCCCCCc1ccc(OCCCCCCCCCCC(=O)OC(CO)CO)cc1O,1
KQWJSPDWCKTIAH-UHFFFAOYSA-N,Ki,nM,3617.0,C=CCn1cc(C(=O)C(=O)NC23CC4CC(CC(C4)C2)C3)c2cc(-c3ccco3)ccc21,1
KQXDGUVSAAQARU-HZJYTTRNSA-N,Ki,nM,20700.0,CCCCCC=CCC=CCCCCCCCC(=O)NCCO,1
KRCLPAGVJVBLJR-UHFFFAOYSA-N,Inhibition,%,30.0,CCCCCCCOc1ccc(NC(=O)Oc2cccc(N3CCNCC3)c2)cc1,1
KRDQZFKUVXRPEQ-UHFFFAOYSA-N,EC50,nM,158.49,CCN1CCN(C(=O)c2cn(CC3CCCCC3)c3c(OC)cccc23)CC1,1
KRDSFDHCRNWEMI-UHFFFAOYSA-N,Ki,nM,0.1,O=c1c2nn(-c3ccccc3Cl)c(-c3ccc(Cl)cc3)c2ncn1CC(F)(F)F,1
KREWVKHFEXJRTN-UHFFFAOYSA-N,Ki,nM,399.9,Cc1ccc(Cn2nc(C(=O)NC3CC4CCC3(C)C4(C)C)c(C)c2-c2ccc(Cl)c(C)c2)cc1,1
KRJNMVCVRLHURT-UHFFFAOYSA-N,EC50,nM,103.0,C=CCn1c2c(c3cc(C(=O)N4CCC(C)CC4)ccc31)CN(Cc1ccccc1)CC2,1
KRPGWNMOSRJJHJ-UHFFFAOYSA-N,Activity,%,79.8,O=C(c1cn(Cc2ccc(Br)cc2)c2ccccc2c1=O)c1cccc2ccccc12,1
KRQAPHHACCPZEC-UHFFFAOYSA-N,IC50,nM,2800.0,CCCCNC(=O)c1cnn(-c2ccccc2C)c1-c1ccc(-c2ccccc2)cc1,1
KRRCOEFFZZIIOW-UHFFFAOYSA-N,Inhibition,%,64.1,CCCCOC(=O)Cn1nnc(-c2ccc(Cl)cc2)c1-c1ccc(Cl)cc1,1
KRZVOZRFWPFNCT-UHFFFAOYSA-N,IC50,nM,169.82,Cn1c(C(=O)NN2CCOCC2)nc(-c2ccc(Cl)cc2Cl)c1-c1ccc(Cl)cc1,1
KSBHTCBWYXIRND-UHFFFAOYSA-N,Activity,%,10.0,O=C1C(c2ccccc2)N(c2ccc(O)cc2)C(=S)N1c1ccc(O)cc1,1
KSBLOCODMPFZJK-UHFFFAOYSA-N,EC50,nM,16000.0,Cc1ccc(-c2csc(NC(=O)CSc3nnc4cc(C)c5ccccc5n34)n2)cc1,1
KSDRPQTZVHRPOI-KNQAVFIVSA-N,Ki,nM,9.1,CC(C)CCNS(=O)(=O)C1CCC(c2ccc(Cl)cc2Cl)N(c2ccc(Cl)cc2)C1,1
KSGZMUZDZVQSJS-UHFFFAOYSA-N,EC50,nM,15811.4,Clc1cccc(-c2ccc(N3CCOCC3)nn2)c1Cl,1
KSJQOSXAKMGPBK-UHFFFAOYSA-N,IC50,nM,29.0,CC(C)(C)C(=O)Nc1nc(-c2ccc(Cl)cc2Cl)c(-c2ccc(Cl)cc2)cc1C#N,1
KSKXQOGPSBZBSW-PGRDOPGGSA-N,IC50,nM,1.8,CC(NC(=O)C(C)(C)Oc1ccccn1)C(Cc1ccc(Cl)cc1)c1ccccc1,1
KSNNTOPCPZZHSP-UHFFFAOYSA-N,Ki,nM,145.0,CCCCCn1cc(C(=O)NC2CCCCCC2)c(=O)c2c(C)noc21,1
KSOFDKXGGLAUJF-UHFFFAOYSA-N,IC50,nM,900.0,Cn1c(C(=O)NC(C)(C)C)nc(-c2ccc(Cl)cc2)c1-c1ccc(Cl)cc1,1
KSZPIHAXMHBLHP-UHFFFAOYSA-N,Ki,nM,1500.0,Cc1cc(C2=NN(C(=O)NC3CCCCC3)CC2Cc2ccccc2)ccc1Cl,1
KTBYKHKWIFIFAK-UHFFFAOYSA-N,EC50,nM,16000.0,O=C(N1CCC(n2nc(-c3ccccc3)oc2=O)CC1)C1(c2ccccc2)CCCC1,1
KTCTVGKANNGXFB-UHFFFAOYSA-N,IC50,nM,57.0,O=C(NC1CCCCC1)N1CCN(C(c2ccc(C(F)(F)F)cc2)c2ccc(Cl)cc2Cl)CC1,1
KTGFGPPGPOJURC-MGJZLRMMSA-N,Ki,nM,5000.0,CC12CCC(C1)C(C)(C)C2NC(=O)c1cn(CCCCSc2ccccc2)c2cc(Sc3ccccc3)ccc2c1=O,1
KTHRWPCGPDGGSF-UHFFFAOYSA-N,IC50,nM,1.0,O=C(NN1CCCCC1)c1cnc(-c2ccc(Br)cc2)c(-c2ccc(Br)cc2)n1,1
KTJNYELGHYUNJB-UHFFFAOYSA-N,EC50,nM,2.0,O=C(Cc1ccccc1)N1CCN(S(=O)(=O)c2cc(Cl)cc(Cl)c2)CC1,1
KTMNZPRFXMCADV-UHFFFAOYSA-N,Kd,nM,731.0,COC(=O)C#CCc1cc(O)c2c(c1)OC(C)(C)C1CC=C(C)CC21,1
KTNOERNSGGRPNE-UHFFFAOYSA-N,EC50,nM,15811.4,Clc1cccc(-c2ccc(NC3CCOCC3)nn2)c1Cl,1
KTWRQMGUCGZIHO-UHFFFAOYSA-N,Ki,nM,5000.0,CCCCCn1cc(C(=O)NC23CC4CC(CC(C4)C2)C3)c(=O)c2cc(-c3ccc(Cl)s3)ccc21,1
KTXPJZIHPQLTIA-UHFFFAOYSA-N,EC50,nM,5000.0,CC1CN(Cc2cccc(-c3ncc(-c4cccc(C(F)(F)F)c4)[nH]3)c2)CCO1,1
KTYYVXHOAFGXSL-UHFFFAOYSA-N,EC50,nM,16000.0,Cc1nc(N2CCN(C(=O)C3CC3)CC2)c2c3c(sc2n1)CC(C)CC3,1
KUASQOVMKYHRQP-HRAATJIYSA-N,IC50,nM,12.3,CC(NS(=O)(=O)c1ccccc1Cl)C(Cc1ccc(Cl)cc1)c1cccc(C#N)c1,1
KUHLJRSHGQWTHV-CYBMUJFWSA-N,Ki,nM,0.38,CC(NC(=O)C1(NC(=O)c2cn[nH]c2)CC1)c1ccc(-n2nc(Cl)c3ccccc32)cc1F,1
KUMKLUDNETVLDS-UHFFFAOYSA-N,Ki,nM,1220.0,CCCCCn1cc(C(=O)NC23CC4CC(CC(C4)C2)C3)c(=O)c2cc(C(C)C)ccc21,1
KUQRKDBYIGIDFZ-UHFFFAOYSA-N,Ki,nM,5000.0,CCCCCCC(C)(C)c1cc(OC)c2c(c1)OC(C)(C)c1ccc(C(=O)OCc3ccccc3)cc1-2,1
KURKEOISCSRDFI-OAHLLOKOSA-N,Ki,nM,3010.0,CC(C)(C)C(NC(=O)n1c(=O)n(CC2(O)CCOCC2)c2ccccc21)C(N)=O,1
KURZUHVSGOMTJC-HHXXYDBFSA-N,IC50,nM,8500.0,O=C(c1cscn1)N1CCC(O)(c2ccccc2)C2CCCCC21,1
KUTCASZTMNUHMI-UHFFFAOYSA-N,Ki,nM,140.0,CCCn1cc(C(=O)c2ccc(I)c3ccccc23)c2ccccc21,1
KUUPTUHQEKXJMD-UHFFFAOYSA-N,Activity,%,100.0,CC(C)(C)c1ccc(NC(=O)N2CCCN(C(=O)c3ccc(Cl)cc3)CC2)cc1,1
KVAHLBXCWSNAJN-UHFFFAOYSA-N,Ki,nM,6157.0,CCCCCc1cc(-c2ccccc2)n(-c2ccccc2)n1,1
KVDFJBGTLGPOEC-UHFFFAOYSA-N,Kd,nM,5.012,Cl.Cl.O=C(NN1CCCCC1)c1nc(-c2ccc(Cl)cc2Cl)n(-c2ccc(Cl)cc2)n1,1
KVEBRGSWEKDCPX-UHFFFAOYSA-N,IC50,nM,45.0,COc1cc(F)ccc1-c1cccc(Cn2ccc3ccc(NC(=O)C(C)(C)CO)cc32)n1,1
KVIZYCBDCWXNOQ-UHFFFAOYSA-N,Activity,%,5.0,CC(=O)NCc1ccc(O)cc1,1
KVOQSTYDJIMDAO-UHFFFAOYSA-N,Ki,nM,560.0,O=c1c2cn(Cc3ccccc3)c3cc(Cl)ccc3c-2nn1C1CCCCC1,1
KVQFDDPVQAENDN-QKKBWIMNSA-N,Ki,nM,112.0,O=C(NCC1CCC(c2ccc(Cl)cc2Cl)N(c2ccc(Cl)cc2)C1)C1CC1,1
KVUKDCFEXVWYBN-FMBIJHKPSA-N,Activity,%,5.0,CC=CC=CC=CCCC=CC=CC(=O)NCC(C)C,1
KWBCWPRNLHBRPD-UHFFFAOYSA-N,Kd,nM,3.981,Cc1ccc(S(=O)(=O)N=C(N)N2CC(c3ccccc3)C(c3ccc(Cl)cc3)=N2)cc1,1
KWDBUESWBLNTGG-UHFFFAOYSA-N,Inhibition,%,25.0,O=C1CN(Cc2ccc(-c3ccc(F)c(CN4CCCCC4)n3)cc2)C(=O)N1C1CC1,1
KWGCCNJTWRSFKV-UHFFFAOYSA-N,Activity,%,51.4,CCCCCOc1c(OC)ccc2cc(C(=O)NCCCc3ccccc3)c(=O)[nH]c12,1
KWGUVZUNTGXISE-UHFFFAOYSA-N,Ki,nM,2500.0,CCN(CC)C(=O)c1ccc2c(c1)nc(Cc1ccc(O)cc1)n2CCC(C)C,1
KWOKALIQPMDDRZ-UHFFFAOYSA-N,EC50,nM,158.49,O=C(O)C1CCCN1Cc1nc(-c2cn(CC3CCOCC3)c3c(Cl)cccc23)ns1,1
KWOUEZYGBKYPPI-FCHUYYIVSA-N,IC50,nM,8.0,CC(C)(C)C(=O)Oc1cc(C(F)(F)F)cc(S(=O)(=O)N2CCN(C(=O)C3CC3c3ccc(C(F)(F)F)cc3)CC2)c1,1
KWSTWVVXSGUPPV-UHFFFAOYSA-N,EC50,nM,600.0,O=C(C1CCCCC1)N1CCN(S(=O)(=O)c2cccc3ccccc23)CC1c1ccccc1,1
KWTXZVBKQWNQBB-UHFFFAOYSA-N,Ki,nM,147.91,CC1(C)C(C(=O)c2cn(CCc3ccsc3)c3ccccc23)C1(C)C,1
KXAHTHUGPBSXNS-UHFFFAOYSA-N,EC50,nM,16000.0,Cc1ccc2nc(-c3ccccn3)cc(C(=O)Nc3ccc(S(=O)(=O)N4CCOCC4)cc3)c2c1,1
KXAJDCGDONSRLS-UHFFFAOYSA-N,Ki,nM,818.0,CCS(=O)(=O)n1c2c(c3cc(C(=O)N4CCCCC4)ccc31)CN(C1CCCC1)C2,1
KXGVTPXLSYNNLX-UHFFFAOYSA-N,Ki,nM,2500.0,CCN(CC)C(=O)c1ccc2c(c1)nc(Cc1ccc(OC(F)(F)F)cc1)n2CCC(C)C,1
KXJQYOSPCQSRHF-UHFFFAOYSA-N,EC50,nM,4660.0,CC(=O)NCCn1c(-c2ccccc2Cl)nc2c(N3CCN(C)CC3)nc(C)nc21.Cl,1
KXPIARSCPWQBDY-UHFFFAOYSA-N,EC50,nM,195.0,O=c1n(-c2ccc(Br)cc2)c(O)c(-c2ccccc2)n1-c1ccc(Br)cc1,1
KXSRKQVGOXLZPF-UHFFFAOYSA-N,Activity,%,62.0,O=C(Nc1ccccc1Oc1ccccc1)c1ccc(S(=O)(=O)N2CCc3ccccc32)cc1,1
KXWKFHVIYLHKHE-UHFFFAOYSA-N,Ki,nM,195.0,CCCS(=O)(=O)n1c2c(c3cc(C(=O)N4CCC(C)CC4)ccc31)CN(C1CCCC1)C2,1
KYEFUEVBQBMRCK-UHFFFAOYSA-N,IC50,nM,66.0,Cc1c(C(=O)NCc2ccc(Cl)c(Cl)c2)nn(-c2ccc(Cl)cc2Cl)c1-n1cccc1,1
KYINRGKLNGUUGA-UHFFFAOYSA-N,Ki,nM,1.0,CCc1nc2c(-c3ccc(Cl)cc3)n(-c3ccccc3Cl)nc2c(=O)n1CC(F)(F)F,1
KYLMGDPJMOYDEV-UHFFFAOYSA-N,Ki,nM,470.0,Cc1ccc(NC(=O)C(C)(C(F)(F)F)C(F)(F)F)cc1S(=O)(=O)N1CCOCC1,1
KYNGRVNVTPVYIO-UHFFFAOYSA-N,Kd,nM,143.0,CC1=CCC2C(C1)c1c(O)cc(CC#CCBr)cc1OC2(C)C,1
KYOICGKIVJTIGW-UHFFFAOYSA-N,Ki,nM,4.7,CCn1nc2c(-c3ccc(Cl)cc3)c(-c3cnc(C)nc3)c(=O)n(Cc3ccc(C(F)(F)F)nc3C)n2c1=O,1
KYROHQXGJFYIGB-UHFFFAOYSA-N,IC50,nM,288.0,O=C(N1CCN(C(c2ccccc2)c2ccc(Cl)cc2Cl)CC1)C12CC3CC(CC(C3)C1)C2,1
KYZRQIMYISZQGM-UHFFFAOYSA-N,Ki,nM,500.0,CCCCCn1cc(C(=O)NC2CCCCC2)c(=O)cc1-c1ccc(Cl)cc1,1
KZAZEXACXJEJFC-SJLPKXTDSA-N,Ki,nM,25.8,O=C(NC1CCCCC1O)c1cnc(OCC2CC2)c(-c2ccc(Cl)cc2)n1,1
KZFFLBJACHMOJG-UHFFFAOYSA-N,EC50,nM,16900.0,Cc1nc(N2CCN(C)CC2)c2nc(-c3cccc(C(F)(F)F)c3)n(C3CCOCC3)c2n1.Cl,1
KZHMHFOHNQVHHE-UHFFFAOYSA-N,Activity,%,72.0,O=C(NC12CC3CC(CC(C3)C1)C2)c1cnn(-c2ccc(Cl)cc2Cl)c1-c1ccc(Cl)cc1,1
KZNXVRTZOQUIBX-UHFFFAOYSA-N,IC50,nM,50.0,Cc1c(C(=O)NCc2ccc(Cl)c(Cl)c2)nn(-c2ccc(Cl)cc2Cl)c1-n1c(C)ccc1C,1
KZPYBMNBUZPMKP-UHFFFAOYSA-N,EC50,nM,1000.0,Fc1ccc(-c2noc(C3CCN(c4cnc5ccc(Cl)cc5c4)CC3)n2)c(Cl)c1,1
KZRRUOUNPDKBIG-WCSIJFPASA-N,IC50,nM,66.0,NC(=O)C(O)CCN=C(NS(=O)(=O)c1ccc(Cl)cc1)N1CC(c2ccccc2)C(c2ccc(Cl)cc2)=N1,1
KZUBDNGKPYBRMI-UHFFFAOYSA-N,EC50,nM,16000.0,COc1ccc(-c2cc(C(=O)Nc3ccc(S(=O)(=O)Nc4ncccn4)cc3)c3ccccc3n2)cc1,1
KZUDHSJIWYUQLC-UHFFFAOYSA-N,Ki,nM,1500.0,CCCCCCOc1ccccc1-c1cc(C(=O)NC23CC4CC(CC(C4)C2)C3)no1,1
KZZWGXVRXBWXJW-UHFFFAOYSA-N,EC50,nM,24.5,Cc1c(C(=O)NN2CCCCC2)nn(-c2ccc(Cl)cc2Cl)c1-c1ccc(C#CC2CCCC2)s1,1
LAAONBCKIVBWHR-UHFFFAOYSA-N,Ki,nM,500.0,CNC(=O)C(C)(C)c1ccc(-c2cc(C)cc(C)c2)c(O)c1,1
LACXQCASFRBULF-UHFFFAOYSA-N,Ki,nM,5000.0,COc1cccc2c(=O)c(C(=O)NC34CC5CC(CC(C5)C3)C4)c[nH]c12,1
LAEJFMXDNTZBEC-ONTIZHBOSA-N,Emax,%,14.0,O=C(c1ccccc1)N1CCC(O)(c2ccccc2)C2CCCCC21,1
LAGLSJWXLIXNEF-UHFFFAOYSA-N,Ki,nM,2500.0,CCOc1ccc(Cc2nc3cc(C(=O)N4CCCC4)ccc3n2CC2CC2)cc1,1
LAMFLBUXIPOABX-UHFFFAOYSA-N,EC50,nM,16000.0,CC1=CC(C)(C)N2C(=O)C3(SCC(=O)N3c3ccc(F)cc3)c3cc(C)cc1c32,1
LAVIXOKYHRWFDZ-OKILXGFUSA-N,EC50,nM,7943.28,CC1CCC(C)N1c1ccc(-c2cncc3ccccc23)nn1,1
LAWMMCAFBSZWCM-UHFFFAOYSA-N,EC50,nM,5000.0,CC(=O)N1CCC(Cn2c(C(C)(C)C)nc3cc(S(=O)(=O)CC4CC4)ccc32)CC1,1
LAYRJSCDMHXVHX-DFBJGRDBSA-N,Ki,nM,8.0,CC(C)(C)OC(=O)N1CCN(CC2CCC(c3ccc(Cl)cc3Cl)N(c3ccc(Cl)cc3)C2)CC1,1
LBBFVAWQNJMLBX-YSSMNDQQSA-N,Ki,nM,350.0,CCCCCCC(C)(C)c1cc(O)c(C2C=C(C)C3CC2C3(C)C)c(O)c1,1
LBCLCIIZEHVXPO-UHFFFAOYSA-N,Ke,nM,1800.0,COc1cc2c(cc1OC)C(Cc1ccc(OC(=O)CCCCCCN(C)CCCCCCCNC(=O)c3nn(-c4ccc(Cl)cc4Cl)c(-c4ccc(Cl)cc4)c3C)c(OC)c1)N(CC(=O)NCc1ccccc1)CC2,1
LBDROKKDHALWFK-UHFFFAOYSA-N,Activity,%,34.0,Cc1c(O)c(C)c2cc(Cc3ccc(F)cc3)c(=O)oc2c1C,1
LBECOWQHZRITHJ-UHFFFAOYSA-N,Ki,nM,10000.0,CCCCCCCC(=O)NC(NC(=O)CCCCCCC)c1ccc(N(CC)CC)cc1,1
LBEDYTCPCKWPRN-UHFFFAOYSA-N,Ki,nM,382.0,O=C(NN1CCCCC1)c1nc(-c2ccc(Cl)cc2)n(-c2ccc(Cl)cc2Cl)n1,1
LBFQANDXZUXJCY-UHFFFAOYSA-N,Ki,nM,240.0,CCCn1cc(C(=O)c2ccc(F)c3ccccc23)c2ccccc21,1
LBHFUMXOUHHRRX-UHFFFAOYSA-N,Ki,nM,63.0,COc1ccc(-c2cc(C(=O)NC3CCCCCC3)c(=O)n(Cc3ccc(F)cc3)c2)cc1,1
LBIFDVNEGZHVAM-UHFFFAOYSA-N,EC50,nM,16000.0,CCNC(=O)c1cc2c(=O)n3ccccc3nc2n(C2CCCC2)c1=N,1
LBIRZUJTPQXLNX-UHFFFAOYSA-N,Ke,nM,486.0,CCCNC(=O)NCC1CCC(CNC(=O)c2nn(-c3ccc(Cl)cc3Cl)c(-c3ccc(Cl)cc3)c2C)CC1,1
LBJXQEHAPRESNJ-KRWDZBQOSA-N,EC50,nM,446.0,CN(CC(=O)NC1CC1)C(=O)c1ccc2c(c1)c1c(n2C)CCC(C2CCOCC2)C1,1
LBMZOGXFQCYTOA-UHFFFAOYSA-N,Ki,nM,5000.0,O=C(CCCCCCCCCCCCCCCOc1cccc(O)c1)Nc1ccc(O)cc1,1
LBRCUDFCBIVPRM-GQCTYLIASA-N,Kd,nM,53.7,CC1=CCC2C(C1)c1c(O)cc(CC=CCCCO)cc1OC2(C)C,1
LBRLKEYZOKDWQC-DHIUTWEWSA-N,EC50,nM,316.23,COc1cccc2c(C(=O)N3CC4CCCN4CC3CC(C)C)cn(CC3CCCCC3)c12,1
LBSVPCDUTCINIW-UHFFFAOYSA-N,Ki,nM,1.75,CCNC1(C(N)=O)CCN(c2cnc(-c3ccc(F)cc3)c(-c3ccc(Cl)cc3Cl)n2)CC1,1
LBVNIESYDKSIJK-UHFFFAOYSA-N,Ki,nM,280.0,O=C(NCCC(c1ccccc1)c1ccccc1)C(Cl)(c1ccccc1)c1ccccc1,1
LBWNGSFQCGZGLQ-UHFFFAOYSA-N,EC50,nM,5000.0,COCCNC(=O)c1c(NC(=O)c2ccccc2Cl)sc2c1CCC2,1
LBYKMTMEJQUOPD-GFCCVEGCSA-N,Ki,nM,220.0,COc1cc(C(=O)NC2(C(=O)NC(C)c3ccc(-n4cccn4)cc3F)CC2)on1,1
LCKSZHZUOCEJKF-UHFFFAOYSA-N,Ki,nM,4152.0,CCc1nc(C(=O)NC23CC4CC(CC(C4)C2)C3)c(C)n1-c1ccccc1,1
LCLCJCBHSSCTCJ-UHFFFAOYSA-N,Activity,%,20.8,O=C1N(CCCO)C(=S)NC1(c1ccccc1)c1ccccc1,1
LCLHWAFOYICJIC-UHFFFAOYSA-N,EC50,nM,129.0,CCCS(=O)(=O)n1c2c(c3cc(C(=O)N4CCC(C)CC4)ccc31)CN(C1CCOCC1)CC2,1
LCMILIMARCFGTR-UHFFFAOYSA-N,Ki,nM,560.0,Cc1ccc(-c2nnn(CC3CCCCC3)n2)cc1S(=O)(=O)N1CCOCC1,1
LCQRUXOJEOLVTI-ITGJCUMNSA-N,Ki,nM,189.0,C=C(C)C1CCC(C)=CC1c1c(O)cc(C2(CCCCCC)CC2(Br)Br)cc1O,1
LCXPPKCDKPVXLH-UHFFFAOYSA-N,EC50,nM,500.0,CC(C)(C)c1cc(NC(=O)CCc2nc(-c3ccc(F)cc3Cl)no2)no1,1
LCXWTFPJLNYDHR-UHFFFAOYSA-N,EC50,nM,16000.0,CC(C)NC(=O)c1cc2c(=O)n3ccccc3nc2n(C2CCCC2)c1=N,1
LCYQSUADYIKPJK-UHFFFAOYSA-N,Ki,nM,32.0,O=C(c1nc(-c2ccc(Cl)cc2)n(-c2ccc(Cl)cc2Cl)n1)N1CCN(c2cccc(C(F)(F)F)c2)CC1,1
LDBYYAUYORVLLI-UHFFFAOYSA-N,IC50,nM,500.0,CN=C(NS(=O)(=O)c1ccc(NC(C)=O)cc1)N1CC(c2ccccc2)C(c2ccc(Cl)cc2)=N1,1
LDNGKGGRFWIORK-UHFFFAOYSA-N,Ki,nM,39.81,CCCC(=O)c1ccc2c(c1)N=C(c1ccc(Cl)cc1)c1ccccc1S2,1
LDORSZCZJLCJQE-UHFFFAOYSA-N,EC50,nM,1.0,O=C(Cc1ccc(C(F)(F)F)cc1)N1CCN(S(=O)(=O)c2cc(Br)cc(C(F)(F)F)c2)CC1,1
LEABGADKSLIYJL-UHFFFAOYSA-N,EC50,nM,16000.0,N=c1c(C(=O)NCCc2ccccc2)cc2c(=O)n3ccccc3nc2n1C1CCCC1,1
LEJQKYQWCJOEBD-QLXIDDQXSA-N,Ki,nM,193.0,CCCn1cc(C(=O)NC2C3(C)CCC(C3)C2(C)C)c(=O)c2ccc(F)cc21,1
LELUVKLGICFGRZ-UHFFFAOYSA-N,IC50,nM,56.0,O=C(NN1CCCCC1)c1ccc(-c2ccc(Cl)cc2)c(-c2ccc(Cl)cc2Cl)n1,1
LEVWTKNVOKUUQN-UHFFFAOYSA-N,Ki,nM,28.0,CC1(C)C(C(=O)c2cn(CC3CCOCC3)c3c(COc4ccccc4)cccc23)C1(C)C,1
LEYYJOBTMJQHCX-UHFFFAOYSA-N,EC50,nM,103.0,CCCn1c2c(c3cc(C(=O)N4CCC(C)CC4)ccc31)CN(C1CCOCC1)CC2,1
LEZWWPYKPKIXLL-UHFFFAOYSA-N,IC50,nM,36270.0,Clc1ccc(COC(Cn2ccnc2)c2ccc(Cl)cc2Cl)cc1,1
LFAUFWJANSSNBQ-UHFFFAOYSA-N,Ki,nM,5000.0,COc1cc(C(=O)O)cc(O)c1-c1cc(C)cc(C)c1,1
LFAUVYPVNHRQIG-UHFFFAOYSA-N,EC50,nM,5623.0,CC(C)(C)c1nc2cc(S(=O)(=O)CCCC(F)(F)F)ccc2n1CC1CCN(C=O)CC1,1
LFFCTZXNHKBFFY-UHFFFAOYSA-N,Ki,nM,1365.0,CCC1COc2cccc3c(=O)c(C(=O)Nc4nccs4)cn1c23,1
LFFHJYBWSPYGOB-UHFFFAOYSA-N,Ki,nM,162.0,COc1cccc2c(C(=O)NC(c3ccccc3)c3ccccn3)nn(CCN3CCOCC3)c12,1
LFNQTZRVNLJMDU-UHFFFAOYSA-N,Ki,nM,56.0,O=C(NC1CCCCC1)c1cc2cccnc2n(Cc2ccc(F)cc2)c1=O,1
LFOBVSANTUUHQT-UHFFFAOYSA-N,Activity,%,30.0,CCCCCn1cc(C(=O)NC23CC4CC(CC(C4)C2)C3)c(=O)c(-c2ccc(CC)cc2)c1C,1
LFTJOXDFIITNTM-QGZVFWFLSA-N,Ki,nM,2720.0,CNC(=O)C(NC(=O)n1c(=O)n(CCN2CCOCC2)c2ccccc21)C(C)(C)C,1
LFTQLUFUYZHZAU-AXDNMFEOSA-N,Inhibition,%,51.0,CCCCCOc1cc(C=CC(=O)NC(Cc2ccccc2)C(=O)OC)ccc1OC,1
LFTRETXSBJCGDP-UHFFFAOYSA-N,Ki,nM,5000.0,CN1CCCC1CCn1cc(C(=O)C2C(C)(C)C2(C)C)c2ccccc21,1
LFYKFWKQCKTBNB-UHFFFAOYSA-N,EC50,nM,1581.14,NC(=O)c1ccc(CNC(=O)c2cnc(Nc3cccc(Cl)c3)cc2C(F)(F)F)cc1,1
LGBBTSHNLLSNTC-OQHXPNFOSA-N,Ki,nM,5700.0,CCCCCOc1cc(C=CC(=O)NC(Cc2ccc(O)cc2)C(=O)OC)ccc1OC,1
LGCCDZDUQFDBDR-UHFFFAOYSA-N,Ki,nM,1773.0,CCN(CC)c1ccc(CN(c2ccc(Cl)cc2)S(=O)(=O)c2ccccc2)cc1,1
LGEQQWMQCRIYKG-DOFZRALJSA-N,Ki,nM,11.0,CCCCCC=CCC=CCC=CCC=CCCCC(=O)NCCO,1
LGGAKUPXXCXLLZ-ILGMOKPNSA-N,Ki,nM,88.0,CC(C)C1COc2cccc3c(=O)c(C(=O)NC45CC6CC(CC(C6)C4)C5)cn1c23,1
LGJVWHPVWBOBEW-UHFFFAOYSA-N,IC50,nM,1.7,CC1(C)CC(NC(=O)CO)c2cc(-c3ccc(Cl)cc3)c(-c3ccc(Cl)cc3Cl)nc2O1,1
LGURXIHKGFCKQW-UHFFFAOYSA-N,Ki,nM,390.0,Cc1c(C(=O)NCCc2ccc(Cl)cc2)nn(-c2ccc(Cl)c(Cl)c2)c1-n1c(C)ccc1C,1
LHAHTHILLRCRBM-UHFFFAOYSA-N,Ki,nM,23000.0,Cc1nc(-c2ccccc2)c(-c2ccccc2)n1CCCCCCNC(=O)Oc1ccccc1F,1
LHAVUOBSKKOHDX-UHFFFAOYSA-N,Ki,nM,2680.0,C=CCCn1cc(C(=O)NC23CC4CC(CC(C4)C2)C3)c(=O)c2cc(Br)ccc21,1
LHBMIEHDMBMMTP-UHFFFAOYSA-N,EC50,nM,33.0,Cc1c(C(=O)NCCCCCNCCCCCNC(=O)c2nn(-c3ccc(Cl)cc3Cl)c(-c3ccc(Cl)cc3)c2C)nn(-c2ccc(Cl)cc2Cl)c1-c1ccc(Cl)cc1,1
LHFKHAVGGJJQFF-UEOYEZOQSA-N,IC50,nM,7400.0,CC=CC=CC=CCCC=CC(=O)NCC(C)(C)O,1
LHICBAQTEJXVLI-LVCYWYKZSA-N,IC50,nM,8500.0,O=C(c1ccc(C(F)(F)F)nc1)N1CCC(O)(c2ccccc2)C2CCCCC21,1
LHILAHDXYGCIPJ-UHFFFAOYSA-N,Activity,%,33.4,CCCCCn1c2ccc(C(=O)N3CCCCC3)cc2c2ccc(OC)cc21,1
LHMQBWFULYGLMM-UHFFFAOYSA-N,Inhibition,%,23.0,CCCCCn1cc(C(=O)NC2CCCCC2)c(=O)c2c(C(C)(C)C)nn(C)c21,1
LHRNJHNQJHRXON-UHFFFAOYSA-N,Activity,%,71.0,CCCCCOc1c(OC)ccc2cc(C(=O)NCCc3ccc(OC)cc3)c(Cl)nc12,1
LHROVEQUEJTMFN-CTNGQTDRSA-N,EC50,nM,61.4,CN(C(=O)c1ccc2c(c1)c1c(n2C)CCC(C2CCOCC2)C1)C(CO)CCC(=O)NCCF,1
LHTTVCKMERRBKZ-UHFFFAOYSA-N,IC50,nM,0.11,N#CC1(c2ccccc2)CCN(C(=O)c2nn(-c3ccccc3Cl)c(-c3ccc(Cl)cc3)c2CC(N)=O)CC1,1
LIADNXQDMXTTMU-UHFFFAOYSA-N,Activity,%,41.1,CCCCCN1C(=O)C(c2ccccc2)N(c2ccccc2)C1=O,1
LIBNBUULGCFJNR-MSOLQXFVSA-N,Ki,nM,5000.0,CCCCCCCCCCCCCCCC(=O)NC1CC1O,1
LIFKXJIIMHZEDS-UHFFFAOYSA-N,Ki,nM,5000.0,CCCCOc1c(OC)c([N+](=O)[O-])cc2cc(C(=O)NCCc3ccc(F)cc3)c(=O)[nH]c12,1
LIIPJRGDIBVXJX-UHFFFAOYSA-N,Ki,nM,655.0,CN(CCC(=O)NC1CC1)C(=O)c1ccc2c(c1)c1c(n2C)CCC(C2CCOCC2)C1,1
LIKARPKWINWYAG-UHFFFAOYSA-N,Inhibition,%,70.0,CCCCCc1cc(O)c2cc(Cc3cccc(Cl)c3)c(=O)oc2c1,1
LIKKKFAHHSRGPP-UHFFFAOYSA-N,EC50,nM,12589.2,CC(C)(C)c1cc(Nc2ccc(Cl)cc2Cl)ncc1C(=O)NCC1CCOCC1,1
LIKLGSDZNXFXRV-UHFFFAOYSA-N,Ki,nM,5000.0,CCCCCn1cc(C(=O)C(=O)NC23CC4CC(CC(C4)C2)C3)c2cc(-c3ccccc3)ccc21,1
LINXAVYNSBROCR-UHFFFAOYSA-N,EC50,nM,1800.0,Clc1ccc(-c2cnc(-c3cccc(CN4CCCCC4)c3)[nH]2)c(Cl)c1,1
LINZJSULZVTJAQ-RXFWQSSRSA-N,IC50,nM,1.8,CC(NC(=O)C(C)(C)Oc1ccc(C#N)cn1)C(Cc1ccc(OCCF)cc1)c1cccc(C#N)c1,1
LIOIIJMRZYXAFD-UHFFFAOYSA-N,Ki,nM,1250.0,Cc1c2c(n(-c3ccc(Cl)cc3)c1-c1ccc(Cl)cc1)CCN(C1CCCCC1)C2=O,1
LJFCGKDREUOQNA-JKGBFCRXSA-N,IC50,nM,50.0,CC(C)C(N=C(NS(=O)(=O)c1ccc(Cl)cc1)N1CC(c2ccccc2)C(c2ccc(Cl)cc2)=N1)C(=O)NCC(N)=O,1
LJHJUSGTPMDAPH-UHFFFAOYSA-N,Activity,%,24.0,CCCCCn1cc(CNCCc2ccccc2)c(=O)c2ccccc21,1
LJHKGTZIZBZIPG-UHFFFAOYSA-N,Ki,nM,2398000.0,CCCCCc1cc2cc(C(=O)NCCc3ccc(F)cc3)c(=O)[nH]c2c(O)c1OC,1
LJKSTTGGNYMPSG-UHFFFAOYSA-N,Activity,%,25.0,Cc1ccc(NC(=O)c2ccc(Cl)cc2)cc1S(=O)(=O)N1CCOCC1,1
LJMFHUWSINYYKM-UHFFFAOYSA-N,Ki,nM,50.0,Cc1c(C(=O)NC2CCCC2)nn(-c2ccc(Cl)c(Cl)c2)c1-n1cccc1,1
LJSBBBWQTLXQEN-UHFFFAOYSA-N,Ki,nM,383.0,CCCn1c(C)c(C(=O)c2cccc3ccccc23)c2ccccc21,1
LJUIOTQUQGYOFU-UHFFFAOYSA-N,Ki,nM,373.0,CCCn1c(C)c(C(=O)c2ccc(Br)c3ccccc23)c2ccccc21,1
LJYAMNUHLZTFQU-UHFFFAOYSA-N,EC50,nM,59.8,Cc1c(C(=O)NCCCCCN(C)CCCCCNC(=O)c2nn(-c3ccc(Cl)cc3Cl)c(-c3ccc(Cl)cc3)c2C)nn(-c2ccc(Cl)cc2Cl)c1-c1ccc(Cl)cc1,1
LJZLIPSTUBWUJE-UHFFFAOYSA-N,Ki,nM,31.0,CC1(C)C(C(=O)c2cn(CC3CCOCC3)c3cc(C#N)ccc23)C1(C)C,1
LJZWNBNYKQADKV-UHFFFAOYSA-N,Ki,nM,139.8,CCCCCn1cc(C(=O)NC23CC4CC(CC(C4)C2)C3)c(=O)c2cc(F)c(-n3cccc3)cc21,1
LKGPFICOQRIBQC-UHFFFAOYSA-N,EC50,nM,500.0,CCCCCn1cc(C(=O)Nc2ccc3ccccc3c2)c2ccccc21,1
LKIHDOVLNDPTJZ-UHFFFAOYSA-N,Activity,%,10.0,CCCCCCc1ccc(NC(=O)NC(c2ccc(Br)cc2)c2ccc(Br)cc2)cc1,1
LKJVNMUZFRSIBN-UHFFFAOYSA-N,EC50,nM,16000.0,CN(C)S(=O)(=O)c1ccc(N2CCCC2)c(C(=O)N2CCN(c3cccc(Cl)c3)CC2)c1,1
LKMBDOIEXUIQRO-UHFFFAOYSA-N,EC50,nM,15811.4,FC(F)(F)c1cc(-c2cccc(Cl)c2Cl)cnc1N1CCCCCC1,1
LKTUQBDQKOPHIL-UHFFFAOYSA-N,Ki,nM,558.0,CCCCCCC(C)(C)c1ccc2c(c1)OC(C)(C)c1ccc(C(=O)OC)cc1-2,1
LKVVDEMKJBMVCT-UHFFFAOYSA-N,EC50,nM,398.11,Cc1ccc(C(=O)Oc2ccccc2Br)cc1S(=O)(=O)N1CCOCC1,1
LLCQMLXZDRRZIF-UHFFFAOYSA-N,EC50,nM,25.0,COc1ccc(F)c(-c2cnc(-c3cccc(CN4CCC(F)(F)CC4)c3)[nH]2)c1,1
LLHAQAXODCGVTF-UHFFFAOYSA-N,IC50,nM,95.2,Cc1c(C2=NC(=O)C(C)(C)N2C2CC2)nn(-c2ccc(Cl)cc2Cl)c1-c1ccc(Cl)cc1,1
LLUZGJRVXAFKKI-UHFFFAOYSA-N,Inhibition,%,0.0,CCCCCCC(C)(C)c1cc(OC)c2cc(Cc3ccccc3OC)c(=O)oc2c1,1
LLVSVPLTBJKUOS-UHFFFAOYSA-N,EC50,nM,16000.0,Cc1cccc(N2CCN(C(=O)c3cccc(S(=O)(=O)N(C)C)c3)CC2)c1C,1
LLWJMTCYPFQWGT-UHFFFAOYSA-N,EC50,nM,20.4,Cc1c(C(=O)NN2CCCCC2)nn(-c2ccc(Cl)cc2Cl)c1-c1ccc(C#CCCc2ccccc2)s1,1
LLWVWQYDADULBL-UHFFFAOYSA-N,Inhibition,%,26.0,CCOC(=O)C1CN2C(=NC(=O)C2(c2ccccc2)c2ccccc2)S1,1
LLYIGDJSRYWVSZ-UHFFFAOYSA-N,Ki,nM,214.0,Cn1nc2c(-c3ccncc3)c(-c3ccc(Cl)cc3)c(=O)n(Cc3ccc(C#N)cc3)n2c1=O,1
LLYOYAXAZDHDBE-UHFFFAOYSA-N,Ki,nM,270.0,COc1cc(Cl)ccc1-c1nc(C(=O)NN2CC3CCCC3C2)nn1-c1ccc(Cl)cc1Cl,1
LMEABUVWBQNILW-UHFFFAOYSA-N,IC50,nM,1.8,CC(C)NC(=O)c1cc(-c2ccc(Cl)cc2)c(-c2ccc(Cl)cc2Cl)nc1OCc1ccc(F)c(F)c1,1
LMEZPWVLGRGADY-UHFFFAOYSA-N,Ki,nM,600.0,CCCCCCC(C)(C)c1ccc(-c2ccc(C)c(C)c2)c(O)c1,1
LMFAKRXLXDUOSX-UHFFFAOYSA-N,Ki,nM,33.1,CCCCCC1=NN(C(=O)NC2CCCc3ccccc32)CC1c1ccccc1,1
LMPATIYIBGYDIK-WOJBJXKFSA-N,Ki,nM,190.0,O=C(NC1CCCCC1O)c1cnc(OCC2CC2)c(-c2ccccc2Cl)c1,1
LMRDWMVRJNJYIQ-UHFFFAOYSA-N,Ki,nM,58.0,O=C(NCCC(c1ccccc1)c1ccccc1)C(c1ccccc1)c1ccccc1,1
LMSXJSCRUCNUEH-UHFFFAOYSA-N,IC50,nM,73.0,COc1cc(F)ccc1-c1cccc(Cn2cnc3ccc(NC(=O)C(C)(C)C)cc32)n1,1
LMTIMJXPSLFUCR-ZHACJKMWSA-N,Ki,nM,5000.0,CCCCCCCCC=CC(=O)NCc1ccc(OC)cc1,1
LMVPFIHDCHVQMH-UHFFFAOYSA-N,Ki,nM,23.0,CCCCn1cc(Br)cc(C(=O)NC2CCCCCC2)c1=O,1
LMWLNSZOJQLZKJ-UHFFFAOYSA-N,EC50,nM,0.75,CCNC(=O)c1c(NC(=O)C23CC4CC(CC(C4)C2)C3)sc2c1CCOC2,1
LMXGOWNIGCDDEQ-UHFFFAOYSA-N,Kd,nM,3.981,CS(=O)c1c(C(=O)NN2CCCCC2)nn(-c2ccc(Cl)cc2Cl)c1-c1ccc(Cl)cc1,1
LMYLJJVBZNQYJN-UHFFFAOYSA-N,EC50,nM,63.1,NC(=O)CN1CCN(Cc2nc(-c3cn(CC4CCOCC4)c4c(Cl)cccc34)ns2)CC1,1
LNAVXMDEEDVXQA-UHFFFAOYSA-N,IC50,nM,51.0,NC(Cc1c(C(=O)NN2CCOCC2)nn(-c2ccccc2Cl)c1-c1ccc(Cl)cc1)=NO,1
LNCMFMCGLMCQRP-UHFFFAOYSA-N,EC50,nM,82.0,CC(C)(C(=O)Nc1cnc2ccccc2c1)S(=O)(=O)c1ccc(C(F)(F)F)cc1,1
LNDZXEPTCSDNOG-UHFFFAOYSA-N,Ki,nM,390.0,Cc1c2c(n(-c3ccc(Cl)cc3Cl)c1-c1cccnc1)CCN(C1CCCCC1)C2=O,1
LNFIGJSRRJNZFD-UHFFFAOYSA-N,Ki,nM,5444.0,Cc1nc(C(=O)NC2C3CC4CC(C3)C2C4)c(C)n1-c1ccccc1,1
LNLQZVNPZUVDNW-UHFFFAOYSA-N,Ki,nM,2.0,COc1ccc(-c2c(C#N)c(C(=O)NN3CCCC3)nn2-c2ccc(Cl)cc2Cl)cc1,1
LNMXFLRYDCKUKI-UHFFFAOYSA-N,Ki,nM,370.0,CCCCCCC(C)(C)c1ccc(-c2cc(C)cc(C)c2)c(C(N)=O)c1,1
LNYHVDOVNSAWJJ-UHFFFAOYSA-N,IC50,nM,500.0,O=C(CCc1nc(-c2ccc(F)cc2Br)no1)Nc1ccc2c(c1)c1ccccc1n2CCF,1
LOEKJIKYSAMXPR-UHFFFAOYSA-N,Ki,nM,0.11,CCNC(=O)NC1CCCOc2c1nn(-c1ccccc1Cl)c2-c1ccc(Cl)cc1,1
LOELFYANKAFOQY-UHFFFAOYSA-N,EC50,nM,1234.0,O=c1n(-c2ccc(Cl)cc2)c(O)c(-c2ccc(Br)cc2)n1-c1ccc(Cl)cc1,1
LOLQZUDLOOHVCH-UHFFFAOYSA-N,Kd,nM,3.95,O=c1n(Cc2ccc(C(F)(F)F)nc2)nc2c(-c3ccncc3)c(-c3ccc(Cl)cc3)cnn12,1
LORHKAFPCBXLIG-UHFFFAOYSA-N,Ki,nM,1.0,O=c1c2c(ncn1CC(F)(F)F)N(c1ccc(Cl)cc1)C(c1ccccc1Cl)N2,1
LPCQYOUCWMGLMP-UHFFFAOYSA-N,Ki,nM,5000.0,COc1ccc2cc(C(=O)NCCF)c(=O)[nH]c2c1OC,1
LPFIHJGBLGVTNU-UHFFFAOYSA-N,EC50,nM,16000.0,Cc1ccc(-n2cc3c(-c4ccc(Cl)cc4)nnc(C)c3n2)cc1,1
LPHYHEINQFEEGN-UHFFFAOYSA-N,Ki,nM,5000.0,Cc1c(C(=O)NC2(C#N)CCOCC2)nn(-c2ccccc2F)c1-c1ccccc1,1
LPJIGZWNPQFFEE-UHFFFAOYSA-N,Activity,%,31.0,Cc1ccc(C(C)C)c2cc(Cc3ccccc3O)c(=O)oc12,1
LPNSIKSULVCPTB-UHFFFAOYSA-N,Ki,nM,3312.0,O=c1n(-c2cccc(Cl)c2)c(O)c(-c2ccc(Cl)cc2)n1-c1cccc(Cl)c1,1
LPOWMGHPBUAXGD-UHFFFAOYSA-N,EC50,nM,16000.0,CCN(CC)S(=O)(=O)c1ccc(N2CCCCC2)c(C(=O)N2CCN(c3ccccc3)CC2)c1,1
LPVKSDHKJGYFPD-KRWDZBQOSA-N,Ki,nM,10625.0,COc1ccc(S(=O)(=O)c2cc(OC)ccc2S(=O)(=O)c2ccc(C(C)NC(=O)C3CC3)cc2)cc1,1
LPWHHWPRDQHSCO-UHFFFAOYSA-N,IC50,nM,32.0,NC(=O)CCN=C(NS(=O)(=O)c1ccc(Cl)cc1)N1CC(c2ccccc2)C(c2ccc(Cl)cc2)=N1,1
LPXBZYACXYOFTH-UHFFFAOYSA-N,EC50,nM,5000.0,O=S(=O)(c1ccc2c(c1)C1C3CCC(C3)C1C(c1ccccc1)N2)N1CCOCC1,1
LQAQVYYPBXCHMH-UHFFFAOYSA-N,Ki,nM,756.0,CCCC1COc2ccc(C)c3c(=O)c(C(=O)NC4CCCCC4)cn1c23,1
LQGWURAEMXARMO-UHFFFAOYSA-N,Ki,nM,5000.0,O=C(CCCCCCCCCCCCCCCOc1cccc(O)c1)NCCO,1
LQIDSALQLDMRCB-UHFFFAOYSA-N,Inhibition,%,44.0,CCCCCn1cc(C(=O)Nc2ccc(F)cc2)c(=O)c2c(C)nn(C)c21,1
LQJXIZDVWUFEQP-UHFFFAOYSA-N,EC50,nM,1581.14,COc1cccc(Nc2cc(C3CC3)c(C(=O)NCC3CCOCC3)cn2)c1,1
LQOOUNTWEGUOHW-UHFFFAOYSA-N,EC50,nM,16000.0,Cc1ccc(-c2nnc(C)c3nn(-c4ccccc4)cc23)cc1,1
LQPGASJGMFSFJP-UHFFFAOYSA-N,Ki,nM,24.0,COC(=O)CCCCC(C)(C)c1ccc(-c2cc(C)cc(C)c2)c(O)c1,1
LQTJYGFNLAHJMG-UHFFFAOYSA-N,Ki,nM,14.0,Cc1c(C(=O)NN2CCCCCC2)nn(-c2ccc(Cl)cc2Cl)c1-c1ccc(Cl)cc1,1
LRDHSGYXMWOQNJ-UHFFFAOYSA-N,Ki,nM,5000.0,CCOC(=O)CCCn1cccc(C(=O)NC2CCCCCC2)c1=O,1
LRFGNVCBHZJPNK-DEOSSOPVSA-N,IC50,nM,0.9,Cc1ccc(C(c2ccc(Cl)cc2Cl)N2CCN(C(=O)NC3CCCCC3)CC2)cc1,1
LRGZDKUUAOSQQN-UHFFFAOYSA-N,Activity,%,94.0,O=C(NN1CCCCC1)c1cnn(-c2ccc(Cl)cc2Cl)c1-c1ccc(I)cc1,1
LRHQXIQLHVPUNA-INIZCTEOSA-N,IC50,nM,5000.0,COc1cnc(-c2cccc3c2CC(NC(=O)c2ccc(COCC(F)(F)F)nc2)CO3)cn1,1
LRLWPBQFMHEFCW-UHFFFAOYSA-N,Kd,nM,12.59,O=S(=O)(NC(=NCCCCN1CCCC1)N1CC(c2ccccc2)C(c2ccc(Cl)cc2)=N1)c1ccc(Cl)cc1,1
LRNPKCMRIWOTBE-UHFFFAOYSA-N,Ki,nM,5000.0,CC(C)Cn1nnnc1CNC(=O)c1ccc(-c2ccccc2)cc1,1
LRNWPKUMWXTQRX-KCWXNJEJSA-N,IC50,nM,23.0,CC(NS(=O)(=O)c1ccc(-c2ccccc2)cc1)C(Cc1ccc(Cl)cc1)c1cccc(C#N)c1,1
LROPOJCXLPZCHL-UHFFFAOYSA-N,IC50,nM,17.0,CS(=O)(=O)C1CCN(C(=O)c2nn(-c3ccccc3Cl)c(-c3ccc(Cl)cc3)c2CC#N)CC1,1
LRRYERULOJFUIK-UHFFFAOYSA-N,Inhibition,%,36.0,CCC1(C(=O)Nc2cc(CN3CCOCC3)c(C)cn2)CCCCC1,1
LRUIAANSXIVKQN-UHFFFAOYSA-N,Activity,%,28.0,O=C1NC(c2ccccc2)(c2ccccc2)C(=O)N1c1ccccc1,1
LRUUZTQRZXANAR-UHFFFAOYSA-N,Inhibition,%,0.0,CCCCCc1cc(OC)c2cc(Cc3cccc(Cl)c3)c(=O)oc2c1,1
LRWMOBOBKJNRQR-BTJKTKAUSA-N,Activity,%,71.0,CCN1CCN(C(=O)c2cn(CC3CCCCC3)c3c(OC)cccc23)CC1.O=C(O)C=CC(=O)O,1
LRWQOJYFZBJAOO-UHFFFAOYSA-N,Inhibition,%,79.0,Cc1cccc(C)c1N(C(=O)c1ccccc1Cl)C(=O)C(c1ccc([N+](=O)[O-])cc1)N1CCOCC1,1
LRWWLWUCPPVHCI-UHFFFAOYSA-N,Ki,nM,2299.0,Cc1ccc(C(=O)n2cc(CN=Nc3nc(N4CCOCC4)nc(N4CCOCC4)n3)c3ccccc32)cc1,1
LRXOAQXBOIZOBP-UHFFFAOYSA-N,Ki,nM,1100.0,Cc1ccc(-c2ncc(C(C)(C)C)[nH]2)cc1S(=O)(=O)N1CCOCC1,1
LRZXYARISQFUKT-UHFFFAOYSA-N,EC50,nM,0.7,CCC(F)(F)CN1CCOc2c(nn(-c3ccccc3Cl)c2-c2ccc(Cl)cc2)C1=O,1
LSAOZBCBKOHDGZ-UHFFFAOYSA-N,Ki,nM,5000.0,CC1(C)C(C(=O)c2cn(CCN3CCCC3=O)c3ccccc23)C1(C)C,1
LSBISTWCTQSLSJ-UHFFFAOYSA-N,EC50,nM,5000.0,CCn1c2ccccc2c2cc(NC(=O)CCc3cc(-c4ccccc4F)n(C)n3)ccc21,1
LSBQHCDWQMFPMK-UHFFFAOYSA-N,Inhibition,%,12.8,CCCCCCCCCCCCCCCC(=O)NC1CC1,1
LSENZBIVROPMEM-UHFFFAOYSA-N,Activity,%,30.0,CCCCCn1cc(C(=O)NC23CC4CC(C)(CC(C)(C4)C2)C3)c(=O)c2cnccc21,1
LSHSFAITCUQCLP-UHFFFAOYSA-N,Ki,nM,2600.0,c1ccc(COc2nn(Cc3ccccc3)c3ccccc23)cc1,1
LSIFOXOHYXFJLZ-UHFFFAOYSA-N,Ki,nM,1100.0,Cc1cc(C)cc(-c2ccc(C(C)(C)CCCO)cc2O)c1,1
LSIFWWADIGESKN-UIWFPMPVSA-N,Inhibition,%,26.2,CC1CC=CCCC=CC(=O)Cc2cccc(O)c2C(=O)O1,1
LSPWEIAKXAXDEV-UHFFFAOYSA-N,EC50,nM,1500.0,CC(C)c1ccccc1C(=O)Nc1sc2c(c1C(=O)N1CCOCC1)CCOC2,1
LSTDYDRCKUBPDI-UHFFFAOYSA-N,Inhibition,%,10.0,CCCCCCCCCCCCCCCCOC(C)=O,1
LTBSSBAVSXBADS-ABDCMALPSA-N,Ki,nM,810.0,CCCCCC=CCC=CCCCCCCCC(=O)NC(CO)Cc1ccc(O)cc1,1
LTCYWRLZUYNAQC-UHFFFAOYSA-N,IC50,nM,340.0,Cc1ccccc1C(c1ccc(Cl)cc1)N1CCN(C(=O)NCC2CCCCC2)CC1,1
LTECOPCFMDYHKR-UHFFFAOYSA-N,Ki,nM,5000.0,CCCCCn1cc(C(=O)NC23CC4CC(CC(C4)C2)C3)c(=O)c2cc(-c3ccc(O)cc3)ccc21,1
LTEYIYVUZFVJDE-WOJBJXKFSA-N,Ki,nM,43.8,CCCCOc1ncc(C(=O)NC2CCCCC2O)cc1-c1ccc(Cl)cc1,1
LTHKBEZTCNZXHJ-UHFFFAOYSA-N,Activity,%,115.3,CCCCCn1c2ccccc2c2cc(C(=O)N3CCOCC3)ccc21,1
LTLZTKVBFKKOAI-WOJBJXKFSA-N,Ki,nM,42.8,O=C(NC1CCCCC1O)c1cnc(OCC2CC2)c(-c2ccc(F)cc2)c1,1
LTOMIGDXDJJDTE-UYRXBGFRSA-N,Intrinsic activity,%,-16.0,O=C1C(=Cc2cccc(OCc3ccc(F)cc3)c2)N=C2SCCCCN12,1
LTZRCLLEOYQAII-UHFFFAOYSA-N,Ki,nM,1500.0,O=C(NC1CCCCC1)N1CC(Cc2ccccc2)C(c2ccc(Cl)cc2)=N1,1
LUIAQRSHMYHZAQ-UHFFFAOYSA-N,IC50,nM,25.0,Cc1c(C(=O)NC2CCCCC2)nn(-c2ccc(Cl)c(Cl)c2)c1-n1c(C)ccc1C,1
LUKURKKDJASILX-UHFFFAOYSA-N,Ki,nM,5000.0,CCCCCCOC(=O)c1ccc2c(c1)-c1c(OC)cc(C(C)(C)CCCCCC)cc1OC2(C)C,1
LULKTONQSBYUON-UHFFFAOYSA-N,Ke,nM,1100.0,COc1cc2c(cc1OC)C(Cc1ccc(OC(=O)CCCCCCN(C)CCCCCCCCCCCCNC(=O)c3nn(-c4ccc(Cl)cc4Cl)c(-c4ccc(Cl)cc4)c3C)c(OC)c1)N(CC(=O)NCc1ccccc1)CC2,1
LUTFEJUSDOPSHW-UHFFFAOYSA-N,Ki,nM,1346.0,Cc1cc2c3c(c1)c(=O)c(C(=O)NC1CCCCC1)cn3C(c1ccccc1)CO2,1
LUWILVRLYFAKPQ-UHFFFAOYSA-N,IC50,nM,291.0,O=C(O)c1ccc(NC(=O)c2cc3c(n(CC4CCCCC4)c2=O)CCCCCC3)cc1,1
LVEVTMWLRZZDCH-BPGUCPLFSA-N,Ki,nM,134.9,C=C(C)C1CCC(C)=CC1c1c(O)cc(C2(CCCCCC)SCCS2)cc1O,1
LVEYNBFOVLRQTM-UHFFFAOYSA-N,IC50,nM,1.9,NC(=O)Cc1c(C(=O)N2CCC(O)(c3ccccn3)CC2)nn(-c2ccccc2Cl)c1-c1ccc(Cl)cc1,1
LVQLXZWACOKCSL-UHFFFAOYSA-N,Ki,nM,790.0,CC1(C)C(C(=O)c2cn(CCN3CCCCCC3)c3ccccc23)C1(C)C,1
LVZGNYLALXQLCQ-FDDCHVKYSA-N,IC50,nM,49.0,CC(NC(=O)C(C)(C)Nc1ccccn1)C(Cc1ccc(Cl)cc1)c1cccc(C#N)c1,1
LWCGZHHGJNYEBR-UHFFFAOYSA-N,Ke,nM,78.0,Cc1c(C(=O)NC2CCN(C(=O)NC(C)(C)C)CC2)nn(-c2ccc(Cl)cc2Cl)c1-c1ccc(Cl)cc1,1
LWGLRJNLSYGTFW-UHFFFAOYSA-N,EC50,nM,125.89,O=C(NCCO)C1CCN(Cc2nc(-c3cn(CC4CCOCC4)c4c(Cl)cccc34)no2)CC1,1
LWGMCCRZWULJJR-UHFFFAOYSA-N,EC50,nM,330.0,CCn1c2ccccc2c2cc(NC(=O)CCc3nc(-c4ccc(F)cc4)no3)ccc21,1
LWGYIMDRVXONEN-UHFFFAOYSA-N,Inhibition,%,30.0,O=C1N=C2SCCN2C1(c1ccccc1)c1ccccc1,1
LWHVVWUMGMJTKU-UHFFFAOYSA-N,IC50,nM,398.0,O=C(O)Cc1csc(NC(=O)c2cc3c(n(CC4CCCCC4)c2=O)CCCCCC3)n1,1
LWJMRSYDIYWZOL-KHPPLWFESA-N,Ki,nM,300.0,CCCCCCCCC=CCCCCCCCC(=O)NCCc1ccc(OC)cc1,1
LWPHMYDSUBVSCJ-UHFFFAOYSA-N,Ki,nM,500.0,CCCCCCC(C)(C)c1ccc(-c2cc(C)cc(C)c2)c(C(=O)O)c1,1
LWUSZIVDPJPVBW-UHFFFAOYSA-N,Ki,nM,48.3,N#Cc1c(Oc2cccc(OS(=O)(=O)CCCC(F)(F)F)c2)cccc1C(F)(F)F,1
LWVHBUZLONVGCX-UHFFFAOYSA-N,EC50,nM,12.1,Cc1c(C(=O)NN2CCCCC2)nn(-c2ccc(Cl)cc2Cl)c1-c1ccc(C#CCC(C)C)s1,1
LWZGXMGCJIJOAX-FQEVSTJZSA-N,Ke,nM,206.0,Cc1c(C(=O)NC2CCCN(C(=O)NC(C)(C)C)C2)nn(-c2ccc(Cl)cc2Cl)c1-c1ccc(Cl)cc1,1
LWZPALMHAHIKPW-UHFFFAOYSA-N,Ki,nM,5000.0,CCC1COc2c(N3CCN(C)CC3)ccc3c(=O)c(C(=O)NC45CC6CC(CC(C6)C4)C5)cn1c23.Cl,1
LXFIHJWTYGZELH-BVZFJXPGSA-N,Ki,nM,5.0,N#Cc1ccc(C(=O)NCC2CCC(c3ccc(Cl)cc3Cl)N(c3ccc(Cl)cc3)C2)cc1,1
LXHJQKRDYPVDAL-UHFFFAOYSA-N,Kd,nM,2.512,Cc1c(C(=O)NN2CCCCC2)nc(-c2ccc(Cl)cc2Cl)n1-c1ccc(C(F)(F)F)cc1,1
LXIGKLBRCLUENK-UHFFFAOYSA-N,Ki,nM,1733.685,COc1ccc2c(c1)c(C(=O)C1C(C)(C)C1(C)C)cn2CCN1CCOCC1,1
LXIZCYKFRPCCJS-UHFFFAOYSA-N,Activity,%,25.0,CCCCCCC(C)(C)c1cc(O)cc(OCCCCCCCC(=O)NCCO)c1,1
LXLRSNKIIULUPH-UHFFFAOYSA-N,IC50,nM,5000.0,CCc1c(C(=O)OCCc2ccc(N(C)C)cc2)[nH]c2ccc(Cl)cc12,1
LXMWJJLAVBIJKA-IBGZPJMESA-N,Kd,nM,398.11,CN=C(NS(=O)(=O)N1CCC(F)(F)CC1)N1CC(c2ccccc2)C(c2ccc(Cl)cc2)=N1,1
LXVHOKDHTVTNLJ-UHFFFAOYSA-N,Ki,nM,680.0,COc1ccc(-c2c(C)c(C(=O)NC3(C#N)CCOCC3)nn2-c2cccc(Br)c2)cc1,1
LXZCMVGUABCQHB-UHFFFAOYSA-N,Ki,nM,996.0,CCCCCn1cc(C(=O)NC23CC4CC(CC(C4)C2)C3)c(=O)c2cc(Br)ccc21,1
LYBWONHSUPIBOF-FIRLOTFOSA-N,IC50,nM,8500.0,O=C(C1CC(O)CCN1)N1CCC(O)(c2ccccc2)C2CCCCC21,1
LYGRHTQELOUVEF-UHFFFAOYSA-N,Kd,nM,1.259,CN=C(NS(=O)(=O)N1CCCCCC1)N1CC(c2ccccc2)C(c2ccc(Cl)cc2)=N1,1
LYOSBZRAIUENPE-HSZRJFAPSA-N,Ki,nM,4315.0,CCOc1ccc(Cc2nc3cc(C(=O)N(CC)CC)ccc3n2CC2CCCCN2C)cc1,1
LYQAMNVBFGVZHY-UHFFFAOYSA-N,EC50,nM,50000.0,COc1ccc(-c2nc3c(N4CCN(C)CC4)nc(C)nc3n2C2CCOCC2)c(C)c1.Cl,1
LYXKAOOQSNYNDL-UHFFFAOYSA-N,IC50,nM,50.0,Cc1c(C(=O)NC2CCCCC2)nn(-c2c(Cl)cc(Cl)cc2Cl)c1-n1c(C)ccc1C,1
LYYAOAAEQUTERQ-GOSISDBHSA-N,EC50,nM,51.4,CNC(=O)CCCN(C)C(=O)c1ccc2c(c1)c1c(n2C)CCC(C2CCOCC2)C1,1
LYYFSBQHOLAWII-UHFFFAOYSA-N,Activity,%,111.9,CCc1c(C(=O)NCCc2ccc(F)cc2)[nH]c2ccc(Cl)cc12,1
LYYMDSUUZZBFPN-UHFFFAOYSA-N,EC50,nM,1.7,COc1ccc(NC(=O)c2ccc(Cn3ccnn3)c3ccccc23)c(C(=O)NCC2CCCCC2)n1,1
LZADLJBNKIHWSG-UHFFFAOYSA-N,Activity,%,40.0,CCCCCn1cc(C(=O)NC2CCCCCC2)c(=O)n2nc(-c3ccc(Cl)cc3)cc12,1
LZCUWHSBVJZZNX-UHFFFAOYSA-N,Ke,nM,89.0,Cc1c(C(=O)N2CCC(NC(=O)Nc3ccc(F)cc3)(c3ccccc3)CC2)nn(-c2ccc(Cl)cc2Cl)c1-c1ccc(Cl)cc1,1
LZHCSJBKBARIFQ-MTVZMXCXSA-N,Ki,nM,20.0,CCCCCC=CCC=CCC=CCC=CCCCC(=O)NC1CC1O,1
LZJGVMWZHJLDFT-UHFFFAOYSA-N,EC50,nM,500.0,O=C(CCc1nc(-c2ccc(F)cc2Cl)no1)Nc1nnc(N2CCCCC2)s1,1
LZLCJWHUCAXUOX-UHFFFAOYSA-N,Ki,nM,23.0,CCCCCn1cc(C(=O)c2cccc3cccc(Cl)c23)c2ccccc21,1
LZTAORLDFXDEFJ-UHFFFAOYSA-N,EC50,nM,10000.0,O=C(Nc1cc(-c2ccccc2)on1)N1CCCN(C(=O)C2CCOCC2)CC1,1
LZYLXHWIPFCZKO-UHFFFAOYSA-N,Kd,nM,0.7943,Cc1c(C(=O)NC2CC3CCC2C3)nc(-c2ccc(Cl)cc2Cl)n1-c1ccc(Cl)cc1,1
LZZKNLOYWWIEDR-UHFFFAOYSA-N,IC50,nM,100.0,CN=C(NS(=O)(=O)c1ccc(OC)cc1)N1CC(c2ccccc2)C(c2ccc(Cl)cc2)=N1,1
MAAGUWONZDCLSO-GOSISDBHSA-N,EC50,nM,1.9,CCN(CC(=O)NC1CC1)C(=O)c1ccc2c(c1)c1c(n2C)CCC(C2CCOCC2)C1,1
MABUNEOPQJBFKT-UHFFFAOYSA-N,Ki,nM,91.0,O=C(NC1CCCCCC1)c1cn2c3c(cccc3c1=O)OCC2C1CC1,1
MAKMSSOVIHZPJK-UHFFFAOYSA-N,Ki,nM,99.0,COc1ccc(CCNC(=O)c2nn(-c3ccc(F)cc3F)c(-n3c(C)ccc3C)c2C)cc1Cl,1
MAKUUSXZRYVVJQ-UHFFFAOYSA-N,IC50,nM,1.1,CC(C)c1nc(OCc2ncon2)c2cc(-c3ccc(Cl)cc3)c(-c3ccccc3Cl)nc2n1,1
MAQNHGITWZWAKE-UHFFFAOYSA-N,EC50,nM,5000.0,COCCNC(=O)c1c(NC(=O)C2CCCN2C(=O)C2CC2)sc2c1CCCC2,1
MARHTPKNYNUSKT-UHFFFAOYSA-N,Ki,nM,5000.0,O=C(c1c(NC(=O)C23CC4CC(CC2C4)C3)sc2c1CCOC2)N1CCOCC1,1
MAYDFCJISPPVAE-UHFFFAOYSA-N,Activity,%,23.0,O=C(Nc1ccc(F)cc1)NC(c1ccccc1)c1ccccc1,1
MBDFEYSTWDVXOJ-UHFFFAOYSA-N,Ke,nM,132.0,CCCNC(=O)NC1CCN(c2ncnc3c2nc(-c2ccccc2Cl)n3-c2ccc(Cl)cc2)CC1,1
MBEJBOCHGXPBEU-UHFFFAOYSA-N,Ki,nM,600.0,CCN(CC)c1ccc(CN(c2ncc(C)s2)S(=O)(=O)c2ccc(OC)cc2)cc1,1
MBGGRVMULJWIHO-UHFFFAOYSA-N,Activity,%,41.0,CCCCCn1cc(CNCC2CCCc3ccccc32)c(=O)c2ccccc21,1
MBPQEOSRDRLVBB-UHFFFAOYSA-N,Ki,nM,1400.0,CCN(CC)c1ccc(CN(C2CCCCC2)S(=O)(=O)c2ccc(C(C)C)cc2)cc1,1
MBQTZZWESGSTGX-UHFFFAOYSA-N,Ki,nM,5000.0,C=CCn1cc(CC(=O)NC2CCCCC2)c2cc(OCc3cccc(OC)c3)ccc21,1
MBVAYSNOUKPZOL-UHFFFAOYSA-N,Activity,%,15.0,CCCCCn1cc(C(=O)NC23CC4CC(CC(C4)C2)C3)c(=O)n2nc(C)c(-c3ccccc3)c12,1
MCGIWMYXNXWIGG-UHFFFAOYSA-N,IC50,nM,0.6,CC1(C)CC(NC(=O)C(F)(F)CO)c2cc(-c3ccc(Cl)cc3)c(-c3ccc(Cl)cc3Cl)nc2O1,1
MCLDRTREOJASMB-UHFFFAOYSA-N,Kd,nM,1.585,O=C(NN1CCCCC1)c1nc(-c2ccc(Cl)cc2Cl)n(-c2ccc(Cl)cc2)c1I,1
MCNQUWLLXZZZAC-BJUDXGSMSA-N,Activity,-,0.6,COc1ccc(-c2c(C#N)c(C(=O)NN3CCCCC3)nn2-c2ccc(Cl)cc2Cl)cc1,1
MCULMARMAXIZPR-UHFFFAOYSA-N,EC50,nM,1500.0,O=C(C1CC1)N1CCN(S(=O)(=O)c2cc(Cl)c(Cl)cc2Cl)CC1,1
MCYSYVGXDRTALC-UHFFFAOYSA-N,Ki,nM,638.0,Cc1c(C(=O)c2cccc3ccccc23)c2ccccc2n1CCN1CCOCC1,1
MCYVKBDOPICHID-UHFFFAOYSA-N,Ki,nM,280.0,CN(C)C(=NS(=O)(=O)c1ccc(Cl)cc1)N1CC(c2ccccc2)C(c2ccc(Cl)cc2)=N1,1
MDCYCOKLZVSKNZ-UHFFFAOYSA-N,Ki,nM,109.0,CCOC(=O)C(C)(C)Oc1ccc(NC(=O)c2nn(-c3ccc(Cl)cc3Cl)c(-c3ccc(Cl)cc3)c2C)cc1,1
MDNGVPOVESSODT-UHFFFAOYSA-N,Kd,nM,1.0,CSc1c(C(=O)NN2CCCCC2)nn(-c2ccc(Cl)cc2Cl)c1-c1ccc(Cl)cc1,1
MDNMVLSUAGMWOK-UHFFFAOYSA-N,Inhibition,%,50.0,COc1ccc(C2C(CCS(=O)(=O)c3ccccc3)C(=O)N2c2ccccc2)cc1,1
MDOBJONQPGVSDD-UHFFFAOYSA-N,IC50,nM,89.0,CC(C)CNc1nc(-c2ccc(Cl)cc2Cl)c(-c2ccc(Cl)cc2)cc1C#N,1
MDUHZJCHFSUEGU-UHFFFAOYSA-N,EC50,nM,790.6,CCCCCn1cc(C(=O)NCc2ccc(Cl)c(Cl)c2)c(=O)c2ccc(Sc3ccccc3)cc21,1
MDUUCQWIJPWQQY-UHFFFAOYSA-N,EC50,nM,39.81,CN(CC(N)=O)Cc1nc(-c2cn(CC3CCOCC3)c3c(Cl)cccc23)no1,1
MDVGMAPEPUWGRF-UHFFFAOYSA-N,Ki,nM,10000.0,O=C(Cc1ccccc1)NC(CCc1ccccc1)NC(=O)Cc1ccccc1,1
MDVQABZPIQBGMA-UHFFFAOYSA-N,EC50,nM,50.7,O=C(Cn1nc(-c2ccc(Cl)cc2Cl)c(-c2ccc(Cl)cc2Cl)n1)NCc1ccc(F)cc1,1
MDXFMWMSCNORCG-YUZOCMECSA-N,Ki,nM,2.74,CC(CO)NC(=O)CCCC=CCC=CCCOc1cccc(C(C)(C)CCCCN=[N+]=[N-])c1,1
MEBKWTDHNAIEFS-UHFFFAOYSA-N,IC50,nM,19.0,N#Cc1cc(-c2ccc(Cl)cc2)c(-c2ccc(Cl)cc2Cl)nc1N1CCCCC1,1
MEBSEJXSUQGXAP-FGZHOGPDSA-N,Ki,nM,3035.0,O=C(NC1CCCCC1O)c1cnc(OC2CCCCC2)c(-c2ccc(Cl)cc2)c1,1
MEBYDATXPNEUSM-UHFFFAOYSA-N,Inhibition,%,18.0,OCC1(N2CCC(n3c(N4CC5CNCC5C4)nc4ccccc43)CC2)CCCCCCC1,1
MEBZVMXZXFKHJS-UHFFFAOYSA-N,Inhibition,%,3.3,CCCCCCCCCCCCCCCC(=O)N(CC)CC,1
MEETXXBYCWNNFR-UHFFFAOYSA-N,EC50,nM,25000.0,CN(C1CCOCC1)C(C)(C)C(=O)Nc1cc(C(C)(C)CO)no1,1
MEGNNDVFUGZONN-UQBPGWFLSA-N,IC50,nM,0.77,CC(NC(=O)C(C)(C)Oc1cc(C(F)(F)F)ccn1)C(Cc1ccc(OCCF)cc1)c1cccc(C#N)c1,1
MEJPFDSDXIJBSI-UHFFFAOYSA-N,IC50,nM,0.58,CC(=O)Nc1c(C(=O)C(C)(C)C)oc2nc(-c3ccccc3Cl)c(-c3ccc(Cl)cc3)cc12,1
MEQFGAHLVVEHPA-UHFFFAOYSA-N,Ki,nM,120.0,COC(=O)CCC(C)(C)c1ccc(-c2cc(C)cc(C)c2)c(O)c1,1
MEQSBZUEHSGFIK-UHFFFAOYSA-N,EC50,nM,51.4,CCC#Cc1ccc(-c2c(C)c(C(=O)NN3CCCCC3)nn2-c2ccc(Cl)cc2Cl)s1,1
MEUQWHZOUDZXHH-UHFFFAOYSA-N,IC50,nM,453.0,COc1ccc(C(=O)c2c(C)n(CCN3CCOCC3)c3ccccc23)cc1,1
MEVYMDOLNBEXMQ-UHFFFAOYSA-N,Ki,nM,83.0,O=C1NCCOc2c1nn(-c1ccccc1Cl)c2-c1ccc(Cl)cc1,1
MEWJSKBKQBTZIF-UHFFFAOYSA-N,Ki,nM,5000.0,CCCCOc1c(OC)ccc2cc(C(=O)NCc3cn(CCF)nn3)c(=O)[nH]c12,1
MEZJPTGWTFTVRO-UHFFFAOYSA-N,Ki,nM,2600.0,CCCCOC(=O)c1cc(O)c(-c2cc(C)cc(C)c2)c(O)c1,1
MFACDIQCEXNDKV-UHFFFAOYSA-N,Ki,nM,1600.0,O=C(Cc1ccc(Cl)cc1)NCCC(c1ccccc1)c1ccccc1,1
MFHVXZORFVWLAQ-UHFFFAOYSA-N,EC50,nM,104.8,Cc1c(C(=O)NN2CC3CCCC3C2)nn(-c2ccc(Cl)cc2Cl)c1-c1ccc(C#CC2CC2)s1,1
MFICBBWNFIHARA-UHFFFAOYSA-N,IC50,nM,28.2,Cc1cc(Br)ccc1CNC(=O)c1nn(-c2ccc(Cl)cc2Cl)c(-c2ccc(Br)cc2)c1Cn1cncn1,1
MFMYBHHGKONKNN-UHFFFAOYSA-N,EC50,nM,1581.14,O=C(NCC1CCOCC1)c1cnc(Nc2cccc(Br)c2)cc1C1CC1,1
MFOCUTXGCSWPHV-AVBDLTBHSA-N,Ki,nM,480.0,CCCCCn1cc(C(=O)NC2C3(C)CCC(C3)C2(C)C)c(=O)c2cc(-c3ccco3)ccc21,1
MFRIYTWAZMUFJF-UHFFFAOYSA-N,IC50,nM,260.0,O=C(NN1CCCCC1)c1nc(-c2ccc(Cl)cc2Cl)c(-c2ccc(Cl)cc2)o1,1
MFXAMPGHPZUHRQ-UUOWRZLLSA-N,Ki,nM,451.0,CC(=O)N1CCN(CC2CCC(c3ccc(Cl)cc3Cl)N(c3ccc(Cl)cc3)C2)CC1,1
MFYYUKISGBGOGR-HNNXBMFYSA-N,Ki,nM,235.0,COc1ccc(S(=O)(=O)c2cc(OC)ccc2S(=O)(=O)c2ccc(C(C)NC(=O)C(F)(F)F)cc2)cc1,1
MGCZJUCCELATGK-UHFFFAOYSA-N,Ki,nM,30.0,CC(F)(F)CN1CCc2c(nn(-c3ccccc3Cl)c2-c2ccc(Cl)cc2)C1.Cl,1
MGHJGZDFKZPCBF-UHFFFAOYSA-N,IC50,nM,3.8,N#CCc1c(C(=O)N2CCC(c3ncccn3)CC2)nn(-c2ccccc2Cl)c1-c1ccc(Cl)cc1,1
MGJMAZRUTZKUAL-RZUBCFFCSA-N,Emax,%,78.0,Cc1ccc(C(=O)N2CCC(O)(c3ccccc3)C3CCCCC32)cn1,1
MGLIKSZSFISFMY-RTBURBONSA-N,Ki,nM,1720.0,CCCCCc1cc(C#N)c2c(c1)OC(C)(C)C1CCC(C)=CC21,1
MGMPNYZTTXRVSI-UHFFFAOYSA-N,Ki,nM,218.0,Cc1c(C(=O)NCCc2ccc(Cl)cc2Cl)nn(-c2ccc(Cl)cc2Cl)c1-n1cccc1,1
MGUXHEBJHNTCRL-UHFFFAOYSA-N,Ki,nM,800.0,O=C(NC1CCCCC1)c1cccn(Cc2ccccc2)c1=O,1
MGVPNNQPGPPABO-UHFFFAOYSA-N,Ki,nM,29.7,CCCCCn1cc(C(=O)NC23CC4CC(CC(C4)C2)C3)c(=O)c2cc(-n3cccc3)ccc21,1
MHEYMSXHCJXKMK-UHFFFAOYSA-N,Ki,nM,965.7,CCc1c(C(=O)NCc2ccc(Cl)c(Cl)c2)nn(-c2ccc(Cl)c(Cl)c2)c1-n1c(C)ccc1C,1
MHQZSJOVNZQMTO-UHFFFAOYSA-N,IC50,nM,6.0,CCCNC(=O)c1cc(-c2ccc(Cl)cc2)c(-c2ccc(Cl)cc2Cl)nc1OCc1ccccc1,1
MHRHURBQZMUUAD-UHFFFAOYSA-N,Ki,nM,3800.0,CCC(C)(C)C(=O)Nc1cc(C)c(C)c(S(=O)(=O)NCC2CC2)c1,1
MHXCSCGWSMXWKK-UHFFFAOYSA-N,IC50,nM,26.0,CC(=O)Nc1c(C)c(=O)n(C)c2nc(-c3ccc(Cl)cc3Cl)c(-c3ccc(Cl)cc3)cc12,1
MHZPQXNOHIORFI-GQCTYLIASA-N,Ki,nM,2500.0,C=CCc1ccc(O)c(-c2ccc(O)c(C=CC)c2)c1,1
MHZYZWDNQXPCRN-UHFFFAOYSA-N,Activity,%,115.2,O=C(NCCc1ccc(Cl)cc1)c1cc2cc(Cl)ccc2[nH]1,1
MIAWUKVACKCINL-AWEZNQCLSA-N,Ki,nM,14.4,CC(NS(=O)(=O)C(F)(F)F)c1ccc(S(=O)(=O)c2ccc(Cl)cc2S(=O)(=O)c2c(F)cccc2NC2CC2)cc1,1
MIBQBFVAZRBAFD-UHFFFAOYSA-N,EC50,nM,10000.0,CC(C)(C)c1cc(NC(=O)N2CCCN(C(=O)C3CCOCC3)CC2)no1,1
MIILUVBXPPKGDE-FYZYNONXSA-N,EC50,nM,19.95,COc1cccc2c(C(=O)N3CCN4CCCC4C3)cn(CC3CCCCC3)c12.Cl,1
MIQCJUOSZDCDIS-CISYCMJJSA-N,IC50,nM,500.0,CC(N=C(NS(=O)(=O)c1ccc(Cl)cc1)N1CC(c2ccccc2)C(c2ccc(Cl)cc2)=N1)C(=O)O,1
MISAUEYTHAYICN-UHFFFAOYSA-N,Activity,%,22.0,CCCCCn1cc(C(=O)NC23CC4CC(CC(C4)C2)C3)c(=O)n2nc(-c3ccccc3C)cc12,1
MITZTRNYXFKKKQ-UHFFFAOYSA-N,EC50,nM,16000.0,Cc1ccc2cc(C)c3nnc(SCC(=O)N(C)c4nc(-c5ccccc5)cs4)n3c2c1,1
MIWLZYLGNNNLCT-UHFFFAOYSA-N,EC50,nM,5000.0,Cc1ccc(NC(=O)c2ccc(C)c(S(=O)(=O)N3CCCCC3)c2)nc1,1
MIYHSWOLOIVKNM-HNNXBMFYSA-N,Ki,nM,1.4,CC(NS(=O)(=O)C(F)(F)F)c1ccc(S(=O)(=O)c2ccc(C3CC3)cc2S(=O)(=O)c2ccccc2F)cc1,1
MJFGHAQGSHOELV-UHFFFAOYSA-N,Ki,nM,345.0,COc1cc(CNC(=O)c2nn(-c3ccc(F)cc3F)c(-n3cccc3)c2C)c(Br)c(OC)c1OC,1
MJLVEHGDNFWHFO-XKIQXPFDSA-N,Ki,nM,1866.9,Cn1cc(C(=O)NC2C3(C)CCC(C3)C2(C)C)c(=O)c2ccc(Sc3ccccc3)cc21,1
MJPHWVJHMTWHPX-UHFFFAOYSA-N,IC50,nM,5.8,N#Cc1cc(-c2ccc(Cl)cc2)c(-c2ccc(Cl)cc2Cl)nc1OCc1cccc(Cl)c1,1
MJPHZXIWWOTKGT-UHFFFAOYSA-N,EC50,nM,5000.0,O=C(Nc1sc2c(c1C(=O)N1CCOCC1)CCOC2)c1ccccc1-c1ccccc1,1
MKEFXWPVEOSDAH-UHFFFAOYSA-N,IC50,nM,3100.0,Cn1c(C(=O)NN2CCOCC2)nc(-c2ccc(Cl)cc2)c1-c1ccc(Cl)cc1,1
MKEVILUGWLNIKD-UHFFFAOYSA-N,Ki,nM,55.0,O=C(NC1CCCCCC1)c1cccn(Cc2ccc(Cl)cc2)c1=O,1
MKHRIWOFCWQUPT-IAGOWNOFSA-N,Ki,nM,616.0,CCCCCc1cc(N)c2c(c1)OC(C)(C)C1CCC(C)=CC21,1
MKOCWWZXSVIVFC-UHFFFAOYSA-N,EC50,nM,39.0,COc1ccc(-c2cnc(-c3cccc(CN4CCC(F)(F)CC4)c3)[nH]2)c(F)c1,1
MKVPTJLTRWCDOY-UHFFFAOYSA-N,Ki,nM,3952.0,N#Cc1ccc(Cn2c3c(cc(C(=O)NC4(C(=O)O)CCCCC4)c2=O)CCCCCC3)cc1,1
MKWYNMOMAKOQKY-UHFFFAOYSA-N,Ki,nM,10.2,CCCC1COc2cccc3c(=O)c(C(=O)NC4CCCCC4)cn1c23,1
MLCMEJXDYUTCBX-UHFFFAOYSA-N,Kd,nM,20.42,Cc1c(C(=O)NCCCCCCCNCCCCCCCN)nn(-c2ccc(Cl)cc2Cl)c1-c1ccc(Cl)cc1,1
MLCNCVBBXLTIHF-UHFFFAOYSA-N,Ki,nM,5.0,Cc1c(-c2cn(C3CCC3)cn2)nn(-c2ccc(Cl)cc2Cl)c1-c1ccc(Cl)cc1,1
MLDUENUKSLQMMZ-FGZHOGPDSA-N,Ki,nM,1500.0,CCCCCc1cc(NC(=O)c2ccncc2)c2c(c1)OC(C)(C)C1CCC(C)=CC21,1
MLHWGNKOTOBZKF-UHFFFAOYSA-N,IC50,nM,2500.0,CN=C(NS(=O)(=O)c1ccc(C(=O)O)cc1)N1CC(c2ccccc2)C(c2ccc(Cl)cc2)=N1,1
MLIUFQYSJQPLPY-UHFFFAOYSA-N,EC50,nM,15811.4,FC(F)(F)c1ccccc1-c1ccc(N2CCOCC2)nn1,1
MLLKJQJPAAWFLN-UHFFFAOYSA-N,IC50,nM,16.0,Cn1c(C(=O)NN2CCCCC2)nc(-c2ccc(Cl)cc2Cl)c1-c1ccc(Cl)cc1Cl,1
MLXAGNPFIQLVNQ-UHFFFAOYSA-N,IC50,nM,25.0,N#Cc1cc(-c2ccc(Cl)cc2)c(-c2ccccc2Cl)nc1Oc1ccc(F)c(F)c1,1
MLXWYXQUJZAWMS-UHFFFAOYSA-N,EC50,nM,27.9,Cc1c(C(=O)NCCCCCCCCCNCCCCCCCCCNC(=O)c2nn(-c3ccc(Cl)cc3Cl)c(-c3ccc(Cl)cc3)c2C)nn(-c2ccc(Cl)cc2Cl)c1-c1ccc(Cl)cc1,1
MLYDGRHRYQHKAO-UHFFFAOYSA-N,Ki,nM,4968.0,Cc1ccc(-n2c(O)c(-c3ccccc3)n(-c3ccc(C)cc3)c2=S)cc1,1
MLZSFBBPARUGFA-UHFFFAOYSA-N,IC50,nM,31.0,O=C(NCc1ccccc1)c1ccc(-c2ccc(Cl)cc2)c(-c2ccc(Cl)cc2Cl)n1,1
MMBXLZMYPLTHBU-UHFFFAOYSA-N,EC50,nM,2.8,CC(C)(C(=O)N1CCN(S(=O)(=O)c2cc(Cl)cc(Cl)c2)CC1)c1ccccc1,1
MMCXZFJBICWBED-JOCHJYFZSA-N,Inhibition,%,6.0,CCCCCCCCCCCCCCCCCC(=O)NC(CO)C(C)C,1
MMHGPBDLBAEOQP-UHFFFAOYSA-N,IC50,nM,8500.0,O=C(NC(c1ccncc1)c1ccc(F)cc1)c1nc(N2CCC(F)(F)C2)c2cnccn12,1
MMKZUMQWHYJFRZ-UHFFFAOYSA-N,EC50,nM,1581.14,COc1ccc(Cl)cc1Nc1cc(C(F)(F)F)c(C(=O)NCC2CCC2)cn1,1
MMUASABJIUTYHM-UHFFFAOYSA-N,Ki,nM,556.0,CC1(C)C(C(=O)c2cn(CCN3CCCCC3)c3ccccc23)C1(C)C,1
MMVQHFSDJUXBKM-UHFFFAOYSA-N,IC50,nM,26.0,N=C(N)Cc1c(C(=O)NN2CCOCC2)nn(-c2ccccc2Cl)c1-c1ccc(Cl)cc1,1
MMWRZZIWYYZCBC-UHFFFAOYSA-N,Activity,%,48.0,Cc1ccc(-c2c(C(=O)NC3CCCCC3)cnn2-c2ccc(Cl)cc2Cl)cc1,1
MMYHWSSYVWCYBE-UHFFFAOYSA-N,Ki,nM,1500.0,O=C(NC1CCCCC1)N1CC(Cc2ccccc2)C(c2ccccc2)=N1,1
MNDCLIWVYAIYDM-UHFFFAOYSA-N,Ki,nM,2520.0,CCCCCn1cc(C(=O)NC23CC4CC(CC(C4)C2)C3)c(=O)c2cc(C(F)(F)F)ccc21,1
MNDIRIBQUNTRFA-QFIPXVFZSA-N,Ki,nM,1490.0,CCCCCn1cc(C(=O)N2CCCC2C(N)=O)c(=O)c2ccc(Sc3ccccc3)cc21,1
MNEIHVZSHOPLCE-UHFFFAOYSA-N,Ki,nM,2500.0,CCOc1ccc(Cc2nc3cc(C(=O)N(CC)CC)ccc3n2CC2CCNCC2)cc1,1
MNNZEZWGQJQHEV-UHFFFAOYSA-N,Ki,nM,4550.0,CCCCCn1cc(C(=O)NC2CCCCCC2)c(=O)c2cnn(C)c21,1
MNRVLDJGPHVQDJ-UHFFFAOYSA-N,EC50,nM,500.0,CC(C)(C(=O)Nc1cnc2ccccc2c1)S(=O)(=O)c1ccc(Cl)cc1,1
MNUYZVNTMQHNEW-UHFFFAOYSA-N,Activity,%,70.0,O=C(Nc1ccccc1)NC(c1ccc(Br)cc1)c1ccc(Br)cc1,1
MOBIXVNYQACBLX-UHFFFAOYSA-N,Ki,nM,503.0,COc1cc(C(=O)c2cccs2)cc(O)c1-c1cc(Cl)cc(Cl)c1,1
MOBRNYCBEKVFQX-NHCUHLMSSA-N,Ki,nM,3.13,CC1=CCC2C(C1)c1c(O)cc(C(C)(C)c3ccc(C)cc3)cc1OC2(C)C,1
MOBWRRIAIHYXLB-UHFFFAOYSA-N,Ki,nM,5.495,CN1CCCCC1Cn1cc(C(=O)C2C(C)(C)C2(C)C)c2ccccc21,1
MOKPPJCLOFMZMS-UHFFFAOYSA-N,IC50,nM,3.4,N#Cc1cc(-c2ccc(Cl)cc2)c(-c2ccc(Cl)cc2Cl)nc1OCc1ccc(C(F)(F)F)cc1,1
MOLFFFRLZHZCTJ-UHFFFAOYSA-N,Ke,nM,11.0,CC(C)(C)OC(=O)NC1CCN(c2ncnc3c2nc(-c2ccccc2Cl)n3-c2ccc(Cl)cc2)CC1,1
MOLODZCQCVJUJQ-UHFFFAOYSA-N,Ki,nM,12.0,Cc1c(C(=O)NC2CCCCCC2)nn(-c2ccc(Cl)c(Cl)c2)c1-n1c(C)ccc1C,1
MONBOUGJEZMTMC-UXODFTBXSA-N,Ki,nM,34.9,CC1=CCC2C(C1)c1c(O)cc(C3C4CC5CC(C4)CC3C5)cc1OC2(C)C,1
MORHMPJDRCOPKR-UHFFFAOYSA-N,IC50,nM,443.0,CC(C)(C)NC(=O)N1CCN(C(c2ccc(Cl)cc2)c2ccccc2Cl)CC1,1
MORUSKYOVHFQPY-UHFFFAOYSA-N,Ki,nM,263.0,C=CCN1Cc2c(n(S(=O)(=O)CC)c3ccc(C(=O)N4CCC(C)CC4)cc23)C1,1
MOSIJYALUGKDKL-UHFFFAOYSA-N,EC50,nM,8500.0,O=C(NCc1cccc(Cl)c1)c1nc2c(-c3ccccc3)cccc2[nH]1,1
MOUPSUCXVQAACD-HZFOSRTRSA-N,Ki,nM,38.6,CC12CCC(C1)C(C)(C)C2NC(=O)c1cn(CCCCO)c2cc(Sc3ccccc3)ccc2c1=O,1
MPCLARAFXPQZQF-FCHUYYIVSA-N,IC50,nM,20.0,Cc1[nH]ncc1-c1cc(C(F)(F)F)cc(S(=O)(=O)N2CCN(C(=O)C3CC3c3ccc(C(F)(F)F)cc3)CC2)c1,1
MPIOCGKQQUDDLT-UHFFFAOYSA-N,Inhibition,%,29.2,O=C(NC1CCCCC1)n1nc(-c2ccc(Cl)cc2Cl)c(-c2ccc(Cl)cc2Cl)n1,1
MPLSJVAMFMAOKU-UHFFFAOYSA-N,Ki,nM,30.5,CCCCCn1cc(C(=O)NC23CC4CC(CC(C4)C2)C3)c(=O)c2ccc(F)cc21,1
MPPJMMCYRBGWRT-UHFFFAOYSA-N,Ki,nM,0.05,O=C(NC1CCCOc2c1nn(-c1ccccc1Cl)c2-c1ccc(Cl)cc1)C1CCCCC1,1
MPSFAQUHJKNCCE-UHFFFAOYSA-N,IC50,nM,16000.0,Cc1occc1C(=O)Nc1ccc(OCc2ccccc2)cc1,1
MPSGYMNNAPVFRL-UHFFFAOYSA-N,Ki,nM,1500.0,Cc1ccc(CC2CN(C(=O)Nc3ccccc3)N=C2c2ccc(Cl)c(C)c2)cc1,1
MPUBOOZTCLFQDW-UHFFFAOYSA-N,Inhibition,%,18.0,CCC(C)(C)C(=O)Nc1cc(C)c(C)c(S(=O)(=O)N2CCS(=O)(=O)CC2)c1,1
MPUHRMVUUZAIMH-UHFFFAOYSA-N,EC50,nM,50.0,CC1CCN(C(=O)c2ccc3c(c2)c2c(n3S(C)(=O)=O)CCN(C3CCCC3)C2)CC1,1
MQCJOLBKKYPKTB-UHFFFAOYSA-N,Ki,nM,6.31,CCCCCn1cc(C(=O)c2ccccc2-c2ccccc2)c2ccccc21,1
MQHICJVDYIXPEL-UHFFFAOYSA-N,Ki,nM,500.0,Cc1cc(C2=NN(C(=O)NC3C4(C)CCC(C4)C3(C)C)CC2Cc2ccccc2)ccc1Cl,1
MQJXJQTUPITOHG-PABFRNLHSA-N,Activity,%,5.0,CC(CO)NC(=O)CCCC(=O)C=Cc1ccc2ccccc2c1,1
MQPIPCZNBMMMNO-UHFFFAOYSA-N,IC50,nM,41.0,O=C(NN1CCCCC1)c1cc(-c2ccc(Cl)cc2)c(-c2ccc(Cl)cc2Cl)nc1OCc1ccccc1,1
MQPONNJJCYUNBQ-UHFFFAOYSA-N,Ki,nM,5000.0,CC1(C)C(C(=O)c2cn(CCN3CCCC3)c3ccccc23)C1(C)C,1
MQPZPHVVXCSDPG-UHFFFAOYSA-N,Ki,nM,34.4,CCCCCn1cc(C(=O)NC23CC4CC(CC(C4)C2)C3)c(=O)cc1-c1ccccc1Cl,1
MQTOKSMFKGKZIF-UHFFFAOYSA-N,IC50,nM,19.0,COC1CC(C)(C)Oc2nc(-c3ccc(Cl)cc3Cl)c(-c3ccc(Cl)cc3)cc21,1
MQXCAMSGAGAYKD-UHFFFAOYSA-N,Ki,nM,4200.0,CC1(C)C(C(=O)c2cn(CCc3nsc(Cl)n3)c3ccccc23)C1(C)C,1
MQXIYTFCVNTBIT-UHFFFAOYSA-N,Ki,nM,106.0,S=C(NC1CCCCC1)N1CCN(C(c2ccccc2)c2ccccc2)CC1,1
MQYRXCMCOGGYRY-UHFFFAOYSA-N,EC50,nM,1.3,COc1ccc(NC(=O)c2ccc(Cn3ccnn3)c3ccccc23)c(C(=O)NCC2CCC2)n1,1
MRAXIOYVXDJJBP-UHFFFAOYSA-N,Inhibition,%,95.0,Cc1c(C(=O)NCc2ccc(F)cc2)oc2ccc(S(=O)(=O)N3CC(C)CC(C)C3)cc12,1
MRBHADJNBIAZSC-UHFFFAOYSA-N,Ki,nM,140.0,Cc1ccc(-c2n[nH]c(CC(C)(C)C)n2)cc1S(=O)(=O)N1CCOCC1,1
MRECCTXLXCELBU-BXKMTCNYSA-N,IC50,nM,1.1,CC(NC(=O)C(C)(C)Oc1cc(F)cc(F)c1)C(Cc1ccc(Cl)cc1)c1ccccc1,1
MRLOMFVLKPVMAN-UHFFFAOYSA-N,Ki,nM,10000.0,CCN(CC)c1ccc(CN(C(=O)C2CCCCC2)c2ccc(Cl)cc2)cc1,1
MRRHXWHDUHGATP-UHFFFAOYSA-N,EC50,nM,1581.14,O=C(NCC1CCOCC1)c1cnc(Nc2cccc(Cl)c2)cc1C1CC1,1
MRWYYDGMZSREKA-UHFFFAOYSA-N,Activity,%,84.0,O=C(NC1CCCCCCC1)c1cnn(-c2ccc(Cl)cc2Cl)c1-c1ccc(Cl)cc1,1
MRXHARQQENIWRP-UHFFFAOYSA-N,IC50,nM,8.128,N#Cc1ccc2c(c1)cc(C(=O)NCCC(O)C(F)(F)F)n2Cc1cccc(OC(F)(F)F)c1,1
MRYOISZWSFNWSN-UHFFFAOYSA-N,Ki,nM,5000.0,COC(=O)Cn1nnnc1CNC(=O)c1ccc(-c2ccccc2)cc1,1
MRZJWUUCORTKQK-UHFFFAOYSA-N,Activity,%,52.3,CCCCCn1cc(NC(=O)C23CC4CC(CC(C4)C2)C3)c(=O)c2ccccc21,1
MRZUOBIFOHQHRD-UHFFFAOYSA-N,Ki,nM,1.3,CCCCCn1c(C)c(C(=O)c2ccc(CCC)c3ccccc23)c2ccccc21,1
MSBPILCKUDQJMB-UHFFFAOYSA-N,IC50,nM,1.9,N#CCc1c(C(=O)NC2CCCCC2)nn(-c2ccccc2Cl)c1-c1ccc(Cl)cc1,1
MSGBHLWIPPPINN-UHFFFAOYSA-N,EC50,nM,15811.4,O=S1(=O)CCN(c2ccc(-c3cccc(Cl)c3Cl)nn2)CC1,1
MSJISJDTJJYBFT-UHFFFAOYSA-N,Ki,nM,5000.0,CCCCCn1cc(C(=O)NC23CC4CC(CC(C4)C2)C3)c(=O)c2cc(-c3ccccc3)ccc21,1
MSMGILWIFGCKCS-UHFFFAOYSA-N,EC50,nM,16000.0,COc1ccc(CNCCC(c2ccccc2)c2ccc3c(c2)OCO3)cc1,1
MSONOJVDYMPNLV-UHFFFAOYSA-N,Ki,nM,1300.0,O=[N+]([O-])c1ccc2c(c1)c(OCc1ccc3ccccc3c1)nn2CCN1CCCCC1,1
MSPPSJRSMHWSIB-UHFFFAOYSA-N,Activity,%,41.0,CCCCCn1cc(C(=O)NC23CC4CC(CC(C4)C2)C3)c(=O)n2nc(-c3ccccc3Cl)cc12,1
MSQOMIZPPUECAT-UHFFFAOYSA-N,IC50,nM,35.0,O=C(NC1CCCCCC1)c1ccc(-c2ccc(Cl)cc2)c(-c2ccc(Cl)cc2Cl)n1,1
MSSSTARAYFRCHI-UHFFFAOYSA-N,Ki,nM,2200.0,Cc1cc(C)cc(-c2ccc(C(C)(C)CO)cc2O)c1,1
MTCIULBIXFOUOR-UHFFFAOYSA-N,EC50,nM,130.0,FC1CCN(Cc2cccc(-c3ncc(-c4cccc(Cl)c4)[nH]3)c2)CC1,1
MTEFLXYKMHWTNG-UHFFFAOYSA-N,IC50,nM,7.943,CCCCNC(=O)c1ccc2c(c1)N=C(c1ccc(Cl)cc1)c1ccccc1S2,1
MTNZVBITSPXYGO-WOJBJXKFSA-N,Ki,nM,0.24,CCCCCCC(C)(C)c1cc(O)c2c(c1)OC(C)(C)C1CCC(C)=CC21,1
MTQZKYPRMZHIBT-UHFFFAOYSA-N,Ki,nM,309.03,CC1(C)C(C(=O)c2cn(CCn3cccc3)c3ccccc23)C1(C)C,1
MTSLDTODTZFOKM-UHFFFAOYSA-N,EC50,nM,2400.0,Cc1ccc(C(=O)NC(C)C(C)(C)C)cc1S(=O)(=O)N1CCOCC1,1
MTSXZJMASRYJFC-UHFFFAOYSA-N,Ki,nM,210.0,CC1(C)C(C(=O)c2cn(Cc3ccccc3)c3ccccc23)C1(C)C,1
MTYIMKQNRSISNK-UHFFFAOYSA-N,Ki,nM,5000.0,CN(C)C(=O)Cn1nnnc1Cc1ccc(-c2ccccc2)cc1,1
MUAQEKVYFBHQJO-UHFFFAOYSA-N,Ki,nM,29.0,O=C(NC1CCN(Cc2ccccc2)C1)c1nc(-c2ccc(Cl)cc2Cl)n(-c2ccc(Cl)cc2)n1,1
MUBBINBGCICILP-FQEVSTJZSA-N,Ki,nM,3057.0,O=C(c1cn(CCN2CCOCC2)c2ccccc12)C1CC12CCCCC2,1
MUCLAFMRBLXCTJ-UHFFFAOYSA-N,EC50,nM,22900.0,COc1cccc(-c2nc3c(N4CCN(C)CC4)nc(C)nc3n2C2CCOCC2)c1.Cl,1
MUGUIPZHIXFYJB-UHFFFAOYSA-N,Ki,nM,873.0,O=C(c1cc2c(cc1Br)OC(c1ccccc1)(c1ccccc1)O2)N1CCOCC1,1
MUUVZOGHNGKBJU-UHFFFAOYSA-N,Ki,nM,94.0,CC1CCC(NC(=O)c2nc(-c3ccc(Cl)cc3Cl)n(-c3ccc(Cl)cc3)n2)CC1,1
MUXBVIPYURGQBT-UHFFFAOYSA-N,Ki,nM,4108.0,Cc1ccc(C2COc3cccc4c(=O)c(C(=O)NC5CCCCC5)cn2c34)cc1,1
MUXUBRNSJROXHS-FMLNDMEQSA-N,Ki,nM,10000.0,Cc1c(CCN2CCOCC2)c2cc(OCCF)ccc2n1C(=O)c1cccc(Cl)c1Cl,1
MVABSSBGAJVDRS-UHFFFAOYSA-N,Inhibition,%,19.7,O=C(NC12CC3CC(CC(C3)C1)C2)n1nc(-c2ccc(Cl)cc2)c(-c2ccc(Cl)cc2)n1,1
MVBCVQCUGBLHOZ-UHFFFAOYSA-N,IC50,nM,460.0,O=C(c1cnc(-c2ccc(Cl)cc2Cl)c(-c2ccc(Cl)cc2)c1)N1CCCCC1,1
MVEVPDCVOXJVBD-IPNZSQQUSA-N,Ki,nM,0.82,CCCCCCC(C)(C)c1cc(O)c2c(c1)OC(C)(C)C1CCC(CO)CC21,1
MVJJGIOLTJZDSD-JXAWBTAJSA-N,Intrinsic activity,%,-37.0,O=C1C(=Cc2cccc(Oc3ccccc3)c2)N=C2SCCCCN12,1
MVJXAVCGHLLTTE-UHFFFAOYSA-N,IC50,nM,11.0,O=C(NC1CCCCC1)c1cnc(-c2ccc(Br)cc2)c(-c2ccc(Br)cc2)n1,1
MVLQCQWQFNEMPZ-UHFFFAOYSA-N,Kd,nM,1.0,CSc1c(C(=O)NN2CCCCC2)nc(-c2ccc(Cl)cc2Cl)n1-c1ccc(Cl)cc1,1
MVMBCYNMVFFMSI-UHFFFAOYSA-N,EC50,nM,15000.0,Cc1c[nH]c2c(Nc3cccc(Cl)c3)ncc(C(=O)NCc3ccc(F)cc3)c12,1
MVNYJLQHGCDXQG-UHFFFAOYSA-N,EC50,nM,2290.0,FC1CCN(Cc2cccc(-c3ncc(-c4cccc(C(F)(F)F)c4)[nH]3)c2)CC1,1
MVOOASXFNPWAHT-UHFFFAOYSA-N,EC50,nM,2238.0,Cc1c(C(=O)NCCCCCCCN(C)CCCCCCCNC(=O)c2nn(-c3ccc(Cl)cc3Cl)c(-c3ccc(Cl)cc3)c2C)nn(-c2ccc(Cl)cc2Cl)c1-c1ccc(Cl)cc1,1
MVTRKATTWSOWRH-UHFFFAOYSA-N,IC50,nM,3.5,Nc1c(C(=O)c2ccccc2)oc2nc(-c3ccc(Cl)cc3Cl)c(-c3ccc(Cl)cc3)cc12,1
MVUYLFWDJFHHQJ-UHFFFAOYSA-N,Activity,%,79.0,O=C(NN1CCCCC1)c1cnn(-c2ccc(Cl)cc2Cl)c1-c1ccc(Cl)cc1,1
MVVWQUKKYBOCHH-UHFFFAOYSA-N,Kd,nM,39.81,CCN(CC)C(=O)c1nc(-c2ccc(Cl)cc2Cl)n(-c2ccc(Cl)cc2)c1C,1
MWBISTSXVQCEOK-UHFFFAOYSA-N,Kd,nM,1.995,CCN(CC)S(=O)(=O)NC(=NC(C)C)N1CC(c2ccccc2)C(c2ccc(Cl)cc2)=N1,1
MWFFFBODZBCIIJ-UHFFFAOYSA-N,Ke,nM,78.1,CCCCNC(=O)N1CCC(NC(=O)c2nn(-c3ccc(Cl)cc3Cl)c(-c3ccc(Cl)cc3)c2C)CC1,1
MWFWGBCEXJTOQK-UHFFFAOYSA-N,EC50,nM,217.0,CC1OCc2sc(NC(=O)CC(C)(C)C)c(C(=O)N3CC(F)(F)C3)c21,1
MWKDKMQXNVKECC-UHFFFAOYSA-N,EC50,nM,472.0,Fc1ccc(-c2noc(CCCNc3cnc4ccccc4c3)n2)c(Cl)c1,1
MWPBOJNFACFIRJ-UHFFFAOYSA-N,Activity,%,39.0,CCCCCn1cc(C(=O)NC2CCCCCC2)c(=O)n2nc(-c3ccc(Cl)cc3Cl)cc12,1
MWQCBVWCBTUPDQ-HZJYTTRNSA-N,Ki,nM,750.0,CCCCCC=CCC=CCCCCCCCCCC(=O)NCCO,1
MWVZHPLUCRZUSL-UHFFFAOYSA-N,Ke,nM,171.0,CCOC(=O)CNC(=O)NC1(c2ccccc2)CCN(c2ncnc3c2nc(-c2ccccc2Cl)n3-c2ccc(Cl)cc2)CC1,1
MWVZWGYLMXZUDL-UHFFFAOYSA-N,Activity,%,50.0,CC1CC(C)CN(S(=O)(=O)c2ccc(F)c(C(=O)NC(c3ccccc3)c3ccccc3)c2)C1,1
MWWDXQSFHDZMRK-UHFFFAOYSA-N,EC50,nM,320.0,Cc1c(C(=O)NN2CCCCC2)nn(-c2ccc(Cl)cc2Cl)c1-c1ccc(I)s1,1
MWWIATPRPDJBIZ-UHFFFAOYSA-N,Ki,nM,605.0,CCCCCn1cc(C(=O)NC2CCCCCC2)c(=O)n2nc(C(C)(C)C)cc12,1
MXHPCVFJFJSCMB-UHFFFAOYSA-N,EC50,nM,170.0,O=C(NCC1CCC1)c1ncccc1NC(=O)c1ccc(Cn2cccc2)c2ccccc12,1
MXIGDYKENROXNA-UHFFFAOYSA-N,Activity,%,45.6,CCCCCCCN1C(=O)C(c2ccccc2)N(c2ccccc2)C1=O,1
MXRFMWCWEKFYAI-UHFFFAOYSA-N,Ki,nM,5570.0,COc1ccc2c(c1)c(CC(=O)N1CCOCC1)c(C)n2C(=O)c1ccc(F)cc1Cl,1
MXSOLSAQGHGDDF-UHFFFAOYSA-N,Ki,nM,5000.0,CCCCn1cc(CC(=O)NC23CC4CC(CC(C4)C2)C3)c2cc(-c3ccccc3)ccc21,1
MXXXNKVWQALSKQ-UHFFFAOYSA-N,IC50,nM,15.0,CCC1(CC)CC(=O)c2cc(-c3ccc(Cl)cc3)c(-c3ccccc3Cl)nc2O1,1
MXYAUZSZXRTBLD-UHFFFAOYSA-N,Ki,nM,2.84,CCNC1(C(N)=O)CCN(c2cnc(-c3ccc(OCC)cc3)c(-c3ccc(OCC)cc3)n2)CC1,1
MXYGYXJITVPIQU-UHFFFAOYSA-N,Ki,nM,660.0,COCCCn1cc(C(=O)C2C(C)(C)C2(C)C)c2ccccc21,1
MYMKPJRXDMBFHU-UHFFFAOYSA-N,Ki,nM,3093.0,CC1CCC(NC(=O)c2cccnc2OCc2ccccc2)CC1,1
MYTDNGUQXKUHFN-UHFFFAOYSA-N,Inhibition,%,2.8,CCCCCCCCCCCCCCCC(=O)NCC,1
MYZBNWFXPSTUQK-UHFFFAOYSA-N,EC50,nM,10000.0,CCc1ccc(NC(=O)N2CCCN(C(=O)CCC3CCCC3)CC2)cc1,1
MZCPYJQKQLUBAD-UHFFFAOYSA-N,Inhibition,%,0.0,CCCCCc1cc(OC)c2cc(Cc3ccccc3C)c(=O)oc2c1,1
MZHNUMCPWUODDN-IEBWSBKVSA-N,Ki,nM,1500.0,CCCCCc1cc2c(c(C(=O)NC)c1)C1C=C(C)CCC1C(C)(C)O2,1
MZOOIDJUCGIQIU-DHIUTWEWSA-N,Ki,nM,1.77,CCCc1ccc(C(C)(C)c2cc(O)c3c(c2)OC(C)(C)C2CC=C(C)CC32)cc1,1
MZRAFUHMUIHTGW-WOJBJXKFSA-N,Ki,nM,17.0,CC1=CCC2C(C1)c1c(O)cc(C3(c4ccccc4)SCCS3)cc1OC2(C)C,1
MZUKDTHRHOKNRV-UHFFFAOYSA-N,Ki,nM,12.0,CCn1nc2c(-c3ccc(Cl)cc3)c(-c3ccc(C#N)cc3)c(=O)n(Cc3ccc(C)cc3)n2c1=O,1
NAGHLZPRCQGGKY-UHFFFAOYSA-N,EC50,nM,16000.0,O=C(N1CCC(n2nc(-c3ccccc3)oc2=O)CC1)C1(c2ccccc2)CC1,1
NAIUQZFQDFINIL-UHFFFAOYSA-N,Emax,%,99.0,O=C(NCC1(CO)CCCC1)c1nc(CN2CCC(F)(F)CC2)n2ccccc12,1
NAPXWHRSAVXKIB-NHCUHLMSSA-N,Ki,nM,628.0,CCCCCCC(C)(C)c1cc(OC(C)=O)c2c(c1)OC(C)(C)C1CC=C(C(=O)O)CC21,1
NAUPZBVHOMKGCO-UHFFFAOYSA-N,Ki,nM,144.0,COc1cc(CNC(=O)c2nn(-c3ccc(Cl)cc3Cl)c(-n3c(C)ccc3C)c2C)c(Br)c(OC)c1OC,1
NAWPDVZPFVQQOC-WOJBJXKFSA-N,Ki,nM,67.7,O=C(NC1CCCCC1O)c1cnc(OCC2CC2)c(-c2cc(C(F)(F)F)ccc2Cl)c1,1
NAYVXNREEBMZNJ-UHFFFAOYSA-N,Ki,nM,74.0,COc1ccc(-c2c(C)c3c(n2-c2ccccc2C)CCN(N2CCCCC2)C3=O)cc1,1
NBHSLCWSMRDUQJ-UHFFFAOYSA-N,Ki,nM,500.0,Fc1ccc(C2(c3ccc(F)cc3)Oc3cc(F)c(CN4CCOCC4)cc3O2)cc1,1
NBLDWPZCYAEJHC-UHFFFAOYSA-N,Ki,nM,500.0,O=C(NC12CC3CC(CC(C3)C1)C2)c1nc(Cl)n(-c2ccccc2)c1Cl,1
NBLFSUPWOAZVTB-UHFFFAOYSA-N,Activity,%,82.0,O=C(NC1CCCC1)c1cnn(-c2ccc(Cl)cc2Cl)c1-c1ccc(Cl)cc1,1
NBMMIBNZVQFQEO-UHFFFAOYSA-N,Ki,nM,144.54,CCCCCn1cc(C(=O)C2C(C)(C)C2(C)C)c2ccccc21,1
NBOPEWLMUUDDKV-UHFFFAOYSA-N,Ki,nM,5000.0,CCCCCn1cc(C(=O)NC23CC4CC(CC(C4)C2)C3)c(=O)c2cc(Cc3ccc(Cl)cc3Cl)ccc21,1
NCUFVFKMLXNGGJ-UHFFFAOYSA-N,Ki,nM,631.0,Cc1ccc(-c2ncc(C(=O)NCCOc3ccccc3)nc2-c2ccc(C)cc2)cc1,1
NCWAUMZDRVRELN-UHFFFAOYSA-N,Ki,nM,5.7,CCCc1c(C(=O)NC2CCCCC2O)nc(-c2ccccc2Cl)n1-c1ccc(Cl)cc1,1
NCXBPZJQQSNIRA-UHFFFAOYSA-N,Ki,nM,0.00035,O=C(NN1CCCCC1)c1nn(-c2ccc(Cl)cc2Cl)c2c1CCCc1cc(Cl)ccc1-2,1
NDALETICPCHNKS-UHFFFAOYSA-N,IC50,nM,3350.0,O=C(Nc1cccnc1C(=O)NCC1CCOCC1)c1ccc2ncsc2c1,1
NDBCSEAPTVBKTI-UHFFFAOYSA-N,Decrease,%,-74.0,CCCCN1C(=O)NC(c2ccc(I)cc2)(c2ccc(I)cc2)C1=O,1
NDEMQGYBACSASX-UHFFFAOYSA-N,Ki,nM,9700.0,CN(C)CCn1c(CC(C)(C)C)nc2cc(S(=O)(=O)CC(C)(C)O)ccc21,1
NDFFJTYPUYJISE-UHFFFAOYSA-N,EC50,nM,96.0,Clc1cnccc1-c1noc(C2CCN(c3cnc4ccccc4c3)CC2)n1,1
NDGJQVSJFLPIKZ-UHFFFAOYSA-N,EC50,nM,5000.0,O=C(C1CC1)N1CCN(S(=O)(=O)c2ccc(Cl)cc2)CC1,1
NDKGACIWVAOUQH-UHFFFAOYSA-N,Inhibition,%,50.0,O=C(c1cc(C2CC2)on1)N(C1CCCCC1)C1CCCCC1,1
NDVNGJPAVZIJIP-UHFFFAOYSA-N,Ki,nM,6680.0,Cc1c(CN2CCOCC2)c2ccccc2n1-c1cccc2ccccc12,1
NDZDTDOQWRSSOX-UHFFFAOYSA-N,EC50,nM,16000.0,Cc1nc(N2CCN(C(=O)C3CCCO3)CC2)c2c3c(sc2n1)CCCC3,1
NDZOLXJQXWOFRU-UHFFFAOYSA-N,Ki,nM,7.943,CCCCCn1cc(C(=O)c2cccc(-c3ccccc3)c2)c2ccccc21,1
NEBMIUBQXFYAHI-UHFFFAOYSA-N,IC50,nM,5.2,Cn1c(C(=O)NC2CCCCC2)nc(-c2ccc(Cl)cc2Cl)c1-c1ccc(Cl)cc1Cl,1
NECWYJYYSPOXIH-UHFFFAOYSA-N,Ki,nM,10000.0,COc1ccc(C(NC(=O)Cc2ccc(Cl)cc2)NC(=O)Cc2ccc(Cl)cc2)cc1,1
NEGKWBFVVPQGGS-UHFFFAOYSA-N,EC50,nM,17.8,O=C(Cn1nc(-c2ccc(Cl)cc2Cl)c(-c2ccc(Cl)cc2Cl)n1)NCc1ccc(Cl)cc1,1
NEHXBXHIBHJACX-UYRXBGFRSA-N,Ki,nM,2290.0,O=C1C(=Cc2cccc(OCc3ccccc3Cl)c2)N=C2SCCCCN12,1
NETQVEVBNHBPTM-UHFFFAOYSA-N,IC50,nM,32.0,CCCCOc1nc(-c2ccc(Cl)cc2Cl)c(-c2ccc(Cl)cc2)cc1C(N)=O,1
NEUITGIOLHCFLG-UHFFFAOYSA-N,EC50,nM,123.0,O=C(NC12CC3CC(CC(C3)C1)C2)c1nc2c(-c3ccccc3)cccc2[nH]1,1
NEYOZOJLARBVRA-UHFFFAOYSA-N,Activity,%,31.0,CCCCCn1cc(C(=O)NC(C)C23CC4CC(CC(C4)C2)C3)c(=O)c2ccccc21,1
NFAMOUTYHSSMOE-UHFFFAOYSA-N,EC50,nM,5000.0,O=C(NC(=S)N1CCCCC1)C12CC3CC(CC(C3)C1)C2,1
NFCGWQZELQIMSX-UHFFFAOYSA-N,Ki,nM,1500.0,O=C(Nc1ccccc1)N1CC(Cc2ccccc2)C(c2ccc(Cl)cc2)=N1,1
NFGMTIGQNMXMID-JKEZHHNBSA-N,IC50,nM,100.0,CC(NC(=O)C(N=C(NS(=O)(=O)c1ccc(Cl)cc1)N1CC(c2ccccc2)C(c2ccc(Cl)cc2)=N1)C(C)C)C(N)=O,1
NFGYARFBOHIJLZ-UHFFFAOYSA-N,Ki,nM,5600.0,CCCCCc1cc(O)cc(OCCCCCCCC(=O)OC(CO)CO)c1,1
NFIAWFQFCCZVQE-INIZCTEOSA-N,Inhibition,%,63.0,O=C(NCC1CCCO1)c1nc(-c2ccc(Cl)cc2)n2c1CCCCC2,1
NFIJFKQVHKRAJS-UHFFFAOYSA-N,Ke,nM,631.0,CC(=O)NC1CCN(c2ncnc3c2nc(-c2ccccc2Cl)n3-c2ccc(Cl)cc2)CC1,1
NFIWLNMDHVXQJS-UHFFFAOYSA-N,EC50,nM,158.4,Cc1c(C(=O)NN2CC3CCCC3C2)nn(-c2ccc(Cl)cc2Cl)c1-c1ccc(C#CC(C)(C)C)s1,1
NFKFHKPFGGDEGL-UHFFFAOYSA-N,EC50,nM,480.0,O=C(NCC1CCCCC1)c1nccnc1NC(=O)c1cccc2ccccc12,1
NFMUWTNPLALYOT-GOSISDBHSA-N,Ke,nM,326.0,CC(C)(C)OC(=O)N1CCCC(Nc2ncnc3c2nc(-c2ccccc2Cl)n3-c2ccc(Cl)cc2)C1,1
NGBHGZHDHPTUIJ-UHFFFAOYSA-N,Ki,nM,5000.0,C#Cc1ccc2c(c1)c(=O)c(C(=O)NC13CC4CC(CC(C4)C1)C3)cn2CCCCC,1
NGCUPKQMNGTAQR-UHFFFAOYSA-N,IC50,nM,16000.0,COc1cc2c(cc1NC(=O)CSc1ccccc1)oc1ccccc12,1
NGPRAOCZAUSXAZ-UHFFFAOYSA-N,EC50,nM,2512.0,CC(C)(C)c1nc2cc(S(=O)(=O)CC3CC3)ccc2n1CC1CCN(C=O)CC1,1
NGSGJRHVUHIATF-UHFFFAOYSA-N,Activity,%,40.0,CCN1C(=O)C(c2ccccc2)(c2ccccc2)NC1=S,1
NGUIYPWMLCJSGN-UHFFFAOYSA-N,EC50,nM,10.0,O=C(NC1CCCC1)c1ccc2c(c1)N(S(=O)(=O)c1ccc(F)cc1)CCS2,1
NGZROCSLOHPOTN-UHFFFAOYSA-N,Activity,%,30.0,CCCCCn1cc(C(=O)NC(C)C23CC4CC(CC(C4)C2)C3)c(=O)cc1C(C)(C)C,1
NHGYFEZLOSSGAR-YUZOCMECSA-N,Ki,nM,8.87,CC(CO)NC(=O)CCCC=CCC=CCCOc1cccc(C(C)(C)CCCCBr)c1,1
NHJBBYUELQWHJS-UHFFFAOYSA-N,Kd,nM,12.02,Cc1cc(Cl)ccc1-c1c(C)c(C(=O)NN2CCCCC2)nn1-c1ccc(Cl)cc1Cl,1
NHKNBJWPTINIMQ-UHFFFAOYSA-N,Decrease,%,-74.0,C=CCN1C(=O)C(c2ccc(Br)cc2)(c2ccc(Br)cc2)NC1=S,1
NHLZNTYRPUFRMB-UHFFFAOYSA-N,Activity,%,86.0,O=C(NN1CC2CCCC2C1)c1cnn(-c2ccc(Cl)cc2Cl)c1-c1ccc(Cl)cc1,1
NHRFAFNJUQPKNJ-UHFFFAOYSA-N,IC50,nM,4.898,Cc1ccc(F)cc1Cn1c(C(=O)NCC2(CO)CCC2)cc2cc(C#N)ccc21,1
NHRKHQVCKCBVEK-UHFFFAOYSA-N,IC50,nM,1500.0,Cc1nc(N)c2cc(-c3ccc(Cl)cc3)c(-c3ccccc3Cl)nc2n1,1
NHUPNEJSRIUIAU-UHFFFAOYSA-N,Kd,nM,1.259,CSc1c(C(=O)NN2CCCCCC2)nc(-c2ccc(Cl)cc2Cl)n1-c1ccc(Cl)cc1,1
NHVMQOGNBFCHMS-UHFFFAOYSA-N,Activity,%,49.0,O=C(c1cnn(-c2ccc(Cl)cc2Cl)c1-c1ccc(Cl)cc1)N1CCCC1,1
NHYLIJVMJKZCQG-UHFFFAOYSA-N,IC50,nM,186.0,O=C(NC1CCCCC1)N1CCN(C(c2ccc(Cl)cc2)c2ccccc2C(F)(F)F)CC1,1
NICTYBVLEDAXEJ-UHFFFAOYSA-N,Ke,nM,9.0,NC(=O)C1(c2ccccc2)CCN(c2ncnc3c2nc(-c2ccccc2Cl)n3-c2ccc(Cl)cc2)CC1,1
NIEVKORINPXEDC-UHFFFAOYSA-N,EC50,nM,57.4,Cc1c(C(=O)NN2CCCCC2)nn(-c2ccc(Cl)cc2Cl)c1-c1ccc(C#CCOC(C)C)s1,1
NIHGAEUTNGSLEZ-GOSISDBHSA-N,EC50,nM,5000.0,CNC(=O)C(NC(=O)c1nc(-c2ccccc2)n2c1CN(C)CCC2)C(C)(C)C,1
NIIGNORJWADRGW-UHFFFAOYSA-N,IC50,nM,4730.0,COc1ccc(-c2nn(C(=O)Nc3ccc(Cl)cc3)c(=O)n2-c2ccc(C)cc2)cc1,1
NIKRJWCSBDCYRW-UHFFFAOYSA-N,Ki,nM,4534.0,CCOc1ccc(Cc2nc3cc(C(=O)N(CC(F)(F)F)CC(F)(F)F)ccc3n2CC2CC2)cc1,1
NILJSCAJHVULQP-UHFFFAOYSA-N,Ki,nM,2500.0,CCN(CC)C(=O)c1ccc2c(c1)nc(Cc1ccc(OC3CCCC3)cc1)n2CCC(C)C,1
NILPGCWIPABUCG-UHFFFAOYSA-N,EC50,nM,50.12,CN(CC(=O)NCCO)Cc1nc(-c2cn(CC3CCOCC3)c3c(Cl)cccc23)no1,1
NIMZZWGHIZCSPU-UHFFFAOYSA-N,Ki,nM,38.9,CSCCCCn1cc(C(=O)C2C(C)(C)C2(C)C)c2ccccc21,1
NIQKHMCJNAGXQF-UHFFFAOYSA-N,Activity,%,5.0,CCCCCC(=O)N1C(=O)C(c2ccccc2)N(c2ccccc2)C1=O,1
NIRASHDWADNQJU-UHFFFAOYSA-N,Inhibition,%,4.0,CCc1cccc(CC)c1Cc1ncc[nH]1,1
NISSAXVTBRVSOS-UHFFFAOYSA-N,Ki,nM,80.0,Cc1c(C(=O)NC(C)c2ccccc2)nn(-c2ccc(Cl)c(Cl)c2)c1-n1c(C)ccc1C,1
NIUCDCBDSIYVDG-UHFFFAOYSA-N,EC50,nM,15811.4,FC(F)(F)c1cccc(-c2ccc(N3CCOCC3)nn2)c1,1
NJAXNCYAIWEOKJ-UHFFFAOYSA-N,Ki,nM,830.0,CCCC(C)(C)C(=O)Nc1cc(C)c(C)c(S(=O)(=O)N2CCOCC2)c1,1
NJHFERUHLBEMGP-UHFFFAOYSA-N,IC50,nM,8.91,CC(O)CCNC(=O)c1cc2cc(C#N)ccc2n1Cc1cccc(OC(F)(F)F)c1,1
NJMIKBJSWJTZPE-QPEQYQDCSA-N,IC50,nM,125.0,O=C1N=C(Nc2cccc(C(F)(F)F)c2)SC1=Cc1cccnc1,1
NJTKTPGFVGYUCD-UHFFFAOYSA-N,IC50,nM,1.8,N#Cc1cc(-c2ccc(Cl)cc2)c(-c2ccc(Cl)cc2Cl)nc1OCc1cc(F)cc(F)c1,1
NJWMGKNNXQPJKP-UHFFFAOYSA-N,Ki,nM,5000.0,O=C(c1cn(CCN2CCOCC2)c2ccccc12)C1CCC1,1
NJXUPXIMEHIIRV-UHFFFAOYSA-N,IC50,nM,19.0,COc1cc(F)ccc1-c1cccc(Cc2cn(C)c3ccc(NC(=O)CC(C)(C)O)cc23)n1,1
NKAXUSONPRDKMB-UHFFFAOYSA-N,Ki,nM,821.0,CCC1COc2cccc3c(=O)c(C(=O)NC4CCCCC4)cn1c23,1
NKBQZUQMWOWSFW-UHFFFAOYSA-N,Ki,nM,7.6,Cc1c(-c2cn(C(C)C)cn2)nn(-c2ccccc2Cl)c1-c1ccc(Cl)cc1,1
NKCJBMPDKSPONS-KTKRTIGZSA-N,Activity,%,5.0,CCCCCCCCC=CCCCCCCCCN1C(=O)C(c2ccccc2)(c2ccccc2)NC1=S,1
NKGQEURLMKSCFY-UHFFFAOYSA-N,EC50,nM,90.0,O=C(C1CC1)N1CCN(S(=O)(=O)c2cc(Cl)ccc2Cl)CC1,1
NKPCWYCHYGPAOO-LLVKDONJSA-N,Ki,nM,11.0,CC(NC(=O)C1(NC(=O)C(F)(F)F)CC1)c1ccc(-n2nc(Cl)c3ccccc32)cc1F,1
NKPLGBDGCIRYGY-UHFFFAOYSA-N,Activity,%,25.0,CCCCCCC(C)(C)c1cc(O)cc(OCCCCCCCC(=O)NCC2CC2)c1,1
NKRODJRYGAUXDQ-UHFFFAOYSA-N,Ke,nM,1800.0,COc1cc2c(cc1OC)C(Cc1ccc(OC(=O)CCCCCCN(C)CCCCCCCCCCNC(=O)c3nn(-c4ccc(Cl)cc4Cl)c(-c4ccc(Cl)cc4)c3C)c(OC)c1)N(CC(=O)NCc1ccccc1)CC2,1
NKWVJBIWWHOTRE-PKNBQFBNSA-N,Activity,%,21.49,O=C(O)CCCC(=O)C=Cc1ccc2ccccc2c1,1
NKXVDJZQAMAPQE-UHFFFAOYSA-N,Activity,%,65.0,O=C(NN1CCOCC1)c1cnn(-c2ccc(Cl)cc2Cl)c1-c1ccc(Cl)cc1,1
NLCGCOGDJHLNFD-UHFFFAOYSA-N,EC50,nM,8500.0,CCn1c(C(=O)NCC2(CO)CCCC2)nc2c(-c3ccccc3)cccc21,1
NLFLRMAYNFDYHX-UHFFFAOYSA-N,Ki,nM,2500.0,CCOc1ccc(Cc2nc3cc(N(C)C(=O)NC(C)C)ccc3n2CC2CC2)cc1,1
NLFVFVQFPLEKDA-UHFFFAOYSA-N,IC50,nM,4.3,CC(C)(O)C(=O)c1oc2nc(-c3ccccc3Cl)c(-c3ccc(Cl)cc3)cc2c1NC(=O)CO,1
NLHNOVPBFCSLAT-UHFFFAOYSA-N,IC50,nM,17.0,Cn1c(C(=O)NC2CCCC2)nc(-c2ccc(Cl)cc2Cl)c1-c1ccc(Cl)cc1,1
NLIRDIJPNPPVES-UHFFFAOYSA-N,Activity,%,57.83,CN(CCCCCCCOc1ccc(-c2cc3ccccc3o2)cc1)Cc1ccccc1,1
NLKZUPMRVTXOQH-UHFFFAOYSA-N,Ki,nM,34.0,CN(C(=O)c1cn(-c2ccc(Cl)cc2)c(-c2ccccc2Cl)n1)C1CCCCC1,1
NLMDGBXIGCVRCU-LLVKDONJSA-N,Inhibition,%,47.4,CC1CCCC(=O)CCCC(=O)Cc2cc(O)cc(O)c2C(=O)O1,1
NLSGMYCEBUYLOL-UHFFFAOYSA-N,IC50,nM,5.9,CC(C)(C)C#Cc1nc(-c2ccccc2Cl)c(-c2ccc(Cl)cc2)cc1C#N,1
NLYIVSFQUCCHBG-IBGZPJMESA-N,Ki,nM,1129.0,CCCCS(=O)(=O)NC(C)c1ccc(S(=O)(=O)c2ccc(OC)cc2S(=O)(=O)c2ccc(OC)cc2)cc1,1
NLZWGCCLVBJWGY-UHFFFAOYSA-N,Ki,nM,900.0,Nc1ccc(C(C(=O)NCCC(c2ccccc2)c2ccccc2)c2ccccc2)cc1,1
NMBOPSNGHZXBNP-UHFFFAOYSA-N,Ke,nM,149.0,CCNC(=O)NC1CCN(c2ncnc3c2nc(-c2ccccc2Cl)n3-c2ccc(Cl)cc2)CC1,1
NMGDBJJPTLDOFA-UHFFFAOYSA-N,Activity,%,26.1,CCCCCn1nc(C(=O)NC23CC4CC(C)(CC(C)(C4)C2)C3)c(=O)c2ccccc21,1
NMHBCKSEEDBPJP-LEWJYISDSA-N,IC50,nM,4.0,O=C(C1CC1c1ccc(C(F)(F)F)cc1)N1CCN(S(=O)(=O)c2cc(CCO)cc(C(F)(F)F)c2)CC1,1
NMHMQBBGEKOFED-UHFFFAOYSA-N,Ki,nM,3193.0,Cc1c(CCN2CCOCC2)c2ccccc2n1C(=O)c1cccc(Cl)c1Cl,1
NMIIKXFGCKOYRV-WHOFXGATSA-N,Inhibition,%,-2.0,COCCC1CC1c1cncc(OCC2CCN2)c1,1
NMKIYOGXGLKPNX-UHFFFAOYSA-N,EC50,nM,5000.0,COCCNC(=O)c1c(NC(=O)CC(C)(C)C)sc2c1CCOC2,1
NMLIJLQSNMCBDN-UHFFFAOYSA-N,Ki,nM,5.6,Cc1c(C(=O)NC2CCCCCC2)nn(-c2ccc(Cl)c(Cl)c2)c1-n1cccc1,1
NMLQEDQDZYWDQL-UHFFFAOYSA-N,EC50,nM,290.0,Cc1ccc(C(=O)NC(C)C23CC4CC(CC(C4)C2)C3)cc1S(=O)(=O)N1CCOCC1,1
NMOHILMYXVQGHO-NRFANRHFSA-N,Kd,nM,31.62,CN=C(NS(=O)(=O)c1ccc(C(F)(F)F)cc1)N1CC(c2ccccc2)C(c2ccc(Cl)cc2)=N1,1
NMYXMSUJNCQYIG-UHFFFAOYSA-N,Kd,nM,367.0,C#CCCc1cc(O)c2c(c1)OC(C)(C)C1CC=C(C)CC21,1
NNCRYURHEOSSRP-UHFFFAOYSA-N,Ki,nM,10000.0,CC(C)Oc1ccc(C(NC(=O)Cc2ccccc2)NC(=O)Cc2ccccc2)cc1,1
NNIWGZLDWMKECV-UHFFFAOYSA-N,Ki,nM,5000.0,CCCn1cc(C(=O)c2cccc3cccc(Br)c23)c2ccccc21,1
NNJRMFRWWSAFBM-UHFFFAOYSA-N,EC50,nM,936.0,O=c1n(-c2cccc(Cl)c2)c(O)c(-c2ccccc2)n1-c1cccc(Cl)c1,1
NNUBKLAVHDDPPZ-UHFFFAOYSA-N,IC50,nM,1.2,N#Cc1ccc(N2CCN(C(=O)c3nn(-c4ccccc4Cl)c(-c4ccc(Cl)cc4)c3CC(N)=O)CC2)nc1,1
NNVRAUSNCAGRHJ-WOJBJXKFSA-N,Ki,nM,5000.0,O=C(O)c1ccc(-c2cc(C(=O)NC3CCCCC3O)cnc2OCC2CC2)cc1,1
NNWDXJFZYJCWJY-UHFFFAOYSA-N,IC50,nM,17.0,CCCCOc1nc(-c2ccc(Cl)cc2Cl)c(-c2ccc(Cl)cc2)cc1C(=O)NC,1
NNXORNWNODXTCY-UHFFFAOYSA-N,Ki,nM,5000.0,C=CCn1cc(CC(=O)NC2CCCCCC2)c2cc(-c3ccco3)ccc21,1
NOOCWMFVYHFBAD-CQSZACIVSA-N,Ki,nM,0.2,CC(NC(=O)C1(NC(=O)c2cncc(Cl)c2)CC1)c1ccc(-n2nc(Cl)c3ccccc32)cc1F,1
NOOPLYYILFCGRQ-UHFFFAOYSA-N,Activity,%,10.0,O=C1C(c2ccccc2)NC(=S)N1c1ccccc1,1
NOPAIBYDUUIVJE-UHFFFAOYSA-N,IC50,nM,1200.0,O=C(Nc1cccnc1C(=O)NCC1CCOCC1)c1cccc2c1OCCO2,1
NOVHFEZWIDENIS-UHFFFAOYSA-N,Kd,nM,12.59,CN=C(NS(=O)(=O)N1CCCCC1)C1=NN(c2ccc(Cl)cc2)C(c2ccccc2)C1,1
NPFWJWIEKANQMB-HKWRFOASSA-N,Ki,nM,1.0,CSC(=S)N1CC2(CCCCC2)COC1=Nc1nc(C(C)(C)C)cs1,1
NPNUFJAVOOONJE-QWAJQTJBSA-N,Ki,nM,5000.0,C=C1CCC=C(C)CCC2C1CC2(C)C,1
NPONGQMCELRJLW-UHFFFAOYSA-N,Ke,nM,5000.0,Cc1c(C(=O)N2CCC(NC(=O)Nc3ccc(C#N)cc3)(c3ccccc3)CC2)nn(-c2ccc(Cl)cc2Cl)c1-c1ccc(Cl)cc1,1
NPPFEZUZEVDUDA-KTKRTIGZSA-N,Ki,nM,5000.0,CCCCCCCCC=CCCCCCCCC(=O)NOCCO,1
NPWWBOWOGILZMA-UHFFFAOYSA-N,EC50,nM,5000.0,Cc1ccc(C(=O)Nc2ccccc2)cc1S(=O)(=O)N1CCCC1,1
NQAXYXKWUOWLNN-UHFFFAOYSA-N,IC50,nM,16000.0,COc1ccc2cc(C)c3nnc(SCC(=O)Nc4nc(-c5ccc(F)cc5)cs4)n3c2c1,1
NQIISEUTDQNSEQ-AWEZNQCLSA-N,Ki,nM,58.0,CC(NS(=O)(=O)C(F)(F)F)c1ccc(S(=O)(=O)c2ccc(Cl)cc2S(=O)(=O)N2CCCCC2)cc1,1
NQPGPOHDYDEIQR-UHFFFAOYSA-N,EC50,nM,79.0,O=C(NCC1CCC1)c1ncccc1NC(=O)c1ccnc2ccccc12,1
NQPKUUOTPVNBGE-UHFFFAOYSA-N,IC50,nM,25.0,CC(NC(=O)C(C)(C)Oc1ccc(C(F)(F)F)cn1)C(C)(Cc1ccc(Cl)cc1)c1cccc(Br)c1,1
NQQANJKERHAMCF-WOJBJXKFSA-N,Ki,nM,5000.0,NS(=O)(=O)c1ccc(-c2cc(C(=O)NC3CCCCC3O)cnc2OCC2CC2)cc1,1
NQQRRINIHNBRSU-UHFFFAOYSA-N,Ki,nM,10000.0,O=C(Cc1ccc(Cl)cc1)NC(NC(=O)Cc1ccc(Cl)cc1)c1ccc(Cl)cc1,1
NQTMRZNYLIGQCF-UHFFFAOYSA-N,Activity,%,111.0,CC1(C)C(C(=O)c2cn(CC3CCOCC3)c3ccccc23)C1(C)C,1
NQVCPQKYUYPTPL-UHFFFAOYSA-N,EC50,nM,10000.0,CC(C)(C)c1cc(NC(=O)N2CCCN(C(=O)N3CCN(S(C)(=O)=O)CC3)CC2)no1,1
NQVZYJPSQLRLKC-UHFFFAOYSA-N,EC50,nM,4253.0,CC1CCN(C(=O)c2ccc3[nH]c4c(c3c2)CN(C2CCCC2)CC4)CC1,1
NRBANTOAHGBMSR-UHFFFAOYSA-N,EC50,nM,125.0,O=C(Nc1sc2c(c1C(=O)N1CCC(F)(F)CC1)CCOC2)c1ccccc1OC(F)(F)F,1
NRBKZOKUPJQKRF-UHFFFAOYSA-N,Inhibition,%,7.3,CCCCCCCCCCCCCCCC(=O)NCC(=O)OC,1
NRDAXBALBNSEID-LEWJYISDSA-N,IC50,nM,10.0,Cc1nc(-c2cc(C(F)(F)F)cc(S(=O)(=O)N3CCN(C(=O)C4CC4c4ccc(C(F)(F)F)cc4)CC3)c2)n[nH]1,1
NRDCILSNYFGEBU-HEVZOGSJSA-N,IC50,nM,16000.0,CCCN(CCC)Cc1c(C(=O)NN=CC(C)=Cc2ccccc2)nnn1-c1nonc1N,1
NRDHQJDUDWUWNM-UHFFFAOYSA-N,Inhibition,%,13.0,CCC1(C(=O)Nc2cc(CN3CCOCC3)c(C)cn2)CCC1,1
NRLILYMALCBJGN-UHFFFAOYSA-N,IC50,nM,2000.0,N#Cc1cc(-c2ccc(Cl)cc2)c(-c2ccc(Cl)cc2Cl)n(Cc2ccccc2)c1=O,1
NRMAOUGIIUFNED-YADARESESA-N,IC50,nM,37.7,Cc1ccnc(NC(C)(C)C(=O)NC(C)C(Cc2ccc(Cl)cc2)c2cccc(C#N)c2)c1,1
NROWJKQDSUNENA-UHFFFAOYSA-N,Ki,nM,1100.0,Cc1cc(NC(=O)C2C(C)(C)C2(C)C)cc(S(=O)(=O)N2CCOCC2)c1C,1
NRQZKQDCFMTUQO-UHFFFAOYSA-N,Ki,nM,81.0,CCN(CC)c1ccc(CN(c2ccccc2)S(=O)(=O)c2ccc(C)cc2)cc1,1
NRRZNGIZICBHHZ-UHFFFAOYSA-N,Emax,%,8.0,CC(C)c1noc(C2CCN(c3cnc4ccccc4c3)CC2)n1,1
NRWCYEVIDSSFKZ-FWEHEUNISA-N,Ki,nM,8400.0,CCCCCCCCCCCC(CC1OC(=O)C1CCCCCC)OC(=O)C(NC(C)=O)C(C)C,1
NRXZZIOOVZYSTC-UHFFFAOYSA-N,EC50,nM,14.6,Cc1c(C(=O)NN2CCCCCC2)nn(-c2ccc(Cl)cc2Cl)c1-c1ccc(C#CCC(C)C)s1,1
NRYDKTYSKCVXEI-RTBURBONSA-N,Ki,nM,0.36,CC1=CCC2C(C1)c1c(O)cc(C(C)(C)CCCCC#N)cc1OC2(C)C,1
NRZTVYWLTFVBLE-IBGZPJMESA-N,Ke,nM,75.0,CCOC(=O)N1CCCC(NC(=O)c2nn(-c3ccc(Cl)cc3Cl)c(-c3ccc(Cl)cc3)c2C)C1,1
NSAQJIOXNYXOKM-UHFFFAOYSA-N,Activity,%,10.0,CCCCN1C(=O)NC(c2ccccc2)(c2ccccc2)C1=O,1
NSCJVYFNYAOWEQ-UHFFFAOYSA-N,Inhibition,%,77.0,COc1ccc(-c2cc(C(=O)N3CCN(C(C)=O)CC3)n(-c3cccc(C)c3)n2)c(OC)c1,1
NSDRVSPBQRMSPK-FDDCHVKYSA-N,IC50,nM,1.8,CC(NC(=O)C(C)(C)Oc1cc(C(F)(F)F)ncn1)C(Cc1ccc(OCCF)cc1)c1cccc(C#N)c1,1
NSERVXSNVYYJSH-UHFFFAOYSA-N,EC50,nM,16000.0,Cc1nc(N2CCN(C(=O)c3ccncc3)CC2)c2c3c(sc2n1)CC(C)CC3,1
NSIUHJISNBBAGE-UHFFFAOYSA-N,IC50,nM,62.0,Cc1c(C(=O)NC2CCCCC2)nn(-c2ccc(F)cc2F)c1-n1c(C)ccc1C,1
NSNQHMACSLZVFE-UHFFFAOYSA-N,Ke,nM,92.0,CC(C)(C)OC(=O)N1CCC(Nc2ncnc3c2nc(-c2ccccc2Cl)n3-c2ccc(Cl)cc2)CC1,1
NSTSWSVXSSYQCZ-UHFFFAOYSA-N,IC50,nM,5000.0,O=C(C1CCC1)N1CCN(C(c2ccccc2)c2ccc(Cl)cc2Cl)CC1,1
NSXPHGOSDJTOEQ-IAGOWNOFSA-N,Ki,nM,1500.0,CCCCCc1cc(NC(N)=O)c2c(c1)OC(C)(C)C1CCC(C)=CC21,1
NTBCKEBLAKIMOW-UHFFFAOYSA-N,IC50,nM,0.4,N=C(N)Cc1c(C(=O)NN2CCCCC2)nn(-c2ccccc2Cl)c1-c1ccc(Cl)cc1,1
NTCPKTSBLCDRJZ-UHFFFAOYSA-N,Activity,%,-11.1,CCCCCn1c2ccccc2c2cc(CN3CCCCC3)ccc21,1
NTDCJCJMRHYSCZ-HXUWFJFHSA-N,EC50,nM,30.7,CCN(CCCC(=O)NCCO)C(=O)c1ccc2c(c1)c1c(n2C)CCC(C2CCOCC2)C1,1
NTIFEVGVXWYYHK-FQEVSTJZSA-N,Ki,nM,2.512,COc1cccc2c(C(=O)N3CCN4CCCCC4C3)cn(CC3CCCCC3)c12,1
NTNGEMQXAKDQBT-UHFFFAOYSA-N,Ki,nM,1200.0,O=C(NC1CCCCC1)c1cc2ccccc2nc1OCc1ccc(F)cc1,1
NTPZXHMTJGOMCJ-WDEREUQCSA-N,EC50,nM,854.0,CC(C)(C)NC(=O)c1nn(-c2ccc(F)cc2F)c2c1C1CCC2C1,1
NTVPQJZVGIVDJZ-UHFFFAOYSA-N,Ki,nM,170.0,COc1ccc2c(=O)c(C(=O)NC3CCCCC3)cn(Cc3ccccc3)c2c1,1
NTXYYNYODFLYGT-UHFFFAOYSA-N,EC50,nM,9.8,CCc1c(C2=NC(=O)C(C)(C)N2C)nn(-c2ccc(Cl)cc2Cl)c1-c1ccc(Cl)cc1,1
NUCDCMLWTLPWOQ-UHFFFAOYSA-N,Ki,nM,1120.0,CCCCCCC(C)(C)c1cc(O)cc(OCCCCCCCC(=O)OC(CO)CO)c1,1
NUGSWWVQEYLVFY-UHFFFAOYSA-N,Kd,nM,3.162,CN=C(NS(=O)(=O)c1ccc2ccccc2c1)N1CC(c2ccccc2)C(c2ccc(Cl)cc2)=N1,1
NUKHSIDVEMUYCP-UHFFFAOYSA-N,EC50,nM,16000.0,Cc1ccc(-n2cc3c(-c4cccc(Br)c4)nnc(C)c3n2)cc1,1
NUORWOXMGSJBRH-UHFFFAOYSA-N,EC50,nM,81.0,O=C(Nc1sc2c(c1C(=O)N1CC(F)(F)C1)CCC(F)(F)C2)c1ccccc1Cl,1
NUQRCEBDDFASAD-BTYIYWSLSA-N,Ki,nM,48.0,CCCS(=O)(=O)NCC1CCC(c2ccc(Cl)cc2Cl)N(c2ccc(Cl)cc2)C1,1
NUQRZCQCNZXQOX-UHFFFAOYSA-N,EC50,nM,16000.0,O=C(Nc1cc(S(=O)(=O)N2CCOCC2)ccc1OCC(F)(F)F)c1ccc(N2CCCC2=O)cc1,1
NURSILDGFIXGBS-JOCHJYFZSA-N,Ki,nM,1510.0,O=C(NC1CCCc2ccccc21)N1Cc2ccccc2N(CCN2CCOCC2)C1=O,1
NVAPCERQXKPLTK-UHFFFAOYSA-N,Ki,nM,1600.0,CCCCCn1nc(OCc2ccc3ccccc3c2)c2cc([N+](=O)[O-])ccc21,1
NVAPTGCRXPIJOZ-UHFFFAOYSA-N,Ki,nM,10000.0,CC(C)c1ccc(C(NC(=O)Cc2ccccc2)NC(=O)Cc2ccccc2)cc1,1
NVBYFROLDYVANG-QGZVFWFLSA-N,Ki,nM,1480.0,Cn1nnc(C(NC(=O)n2c(=O)n(CCN3CCOCC3)c3ccccc32)C(C)(C)C)n1,1
NVOPEPXNFPWHIE-QZTJIDSGSA-N,Ki,nM,141.0,CC1=CCC2C(C1)c1c(O)cc(CCCC(C)C)cc1OC2(C)C,1
NVSKXWGRIBCWNF-UHFFFAOYSA-N,EC50,nM,500.0,CCn1c2ccccc2c2cc(NC(=O)CCc3nc(-c4ccc(F)cc4C#N)no3)ccc21,1
NVXBFYPKOXNBBB-UHFFFAOYSA-N,Activity,%,63.4,CCCCCOc1c(OC)ccc2cc(C(=O)NCCc3ccccc3)c(=O)[nH]c12,1
NWQXSGCFNCWPHK-UHFFFAOYSA-N,Ki,nM,5000.0,CCC1COc2cccc3c(=O)c(C(=O)N(C(C)C)C(C)C)cn1c23,1
NWUHIDITIWXYML-IAGOWNOFSA-N,Ki,nM,19.0,CC1=CCC2C(C1)c1c(O)cc(CCCCCN=[N+]=[N-])cc1OC2(C)C,1
NWVLGEXYMRKIMF-UHFFFAOYSA-N,Emax,%,54.0,O=C(Nc1cccc(C(F)(F)F)n1)c1nc(CN2CCS(=O)(=O)CC2)c2ccccn12,1
NWVOYLYQWIHTSN-RTBURBONSA-N,EC50,nM,11.6,COCCOc1ncc(C(=O)NC2CCCCC2O)cc1-c1ccc(Cl)cc1,1
NWWDJZJTOILOGZ-UHFFFAOYSA-N,Ki,nM,701.0,CCC(=O)N(CCCCCCCNC(=O)c1nn(-c2ccc(Cl)cc2Cl)c(-c2ccc(Cl)cc2)c1C)C1CCN(CCc2ccccc2)CC1,1
NXDFOKJLFVLPDN-PIYJQUHVSA-N,Ki,nM,131.33,CCCCCCC(C)(C)c1cccc(OCCC=CCC=CCC=CCCCC(=O)NC(C)CO)c1,1
NXEOQBXHDJRCJJ-UHFFFAOYSA-N,EC50,nM,10000.0,CC(C)(C)c1cnc(NC(=O)N2CCCN(C(=O)C3CCOCC3)CC2)s1,1
NXIWXNWOVPYSCV-UHFFFAOYSA-N,Ki,nM,7033.0,COc1ccc(-n2c(O)c(-c3ccccc3)n(-c3ccc(OC)cc3)c2=S)cc1,1
NXJUHCGSLXWNDQ-UHFFFAOYSA-N,IC50,nM,124.0,O=C(NC1CCCCC1)N1CCN(C(c2ccccc2)c2ccc(Cl)cc2F)CC1,1
NXMKARVYFGLOGB-UHFFFAOYSA-N,EC50,nM,5960.0,COC1CN(C(=O)c2c(NC(=O)c3ccccc3C(F)(F)F)sc3c2CCOC3)C1,1
NXNBTJXXHOISND-UHFFFAOYSA-N,Activity,%,47.7,CCN(CC)Cc1ccc(C(=O)c2c(-c3ccc(OCCCCCCCN(C)Cc4ccccc4)cc3)oc3ccccc23)cc1,1
NXODIUKWAVUFGF-INIZCTEOSA-N,EC50,nM,200.0,COc1ccc(S(=O)(=O)c2cc(OC)ccc2S(=O)(=O)c2ccc(C(C)NS(C)(=O)=O)cc2)cc1,1
NXPWZFZLLPAIPA-UHFFFAOYSA-N,IC50,nM,316.0,CC(C)(C)NC(=O)N1CCN(C(c2ccc(Cl)cc2)c2cccc(Cl)c2Cl)CC1,1
NXSGZPGJDDGAMJ-UHFFFAOYSA-N,Ki,nM,10000.0,CCCCC(=O)NC(NC(=O)CCCC)c1ccc(N(CC)CC)cc1,1
NXWGDMWFMQMYHJ-UHFFFAOYSA-N,IC50,nM,1.5,O=C(NCCF)c1cc(-c2ccc(Cl)cc2)c(-c2ccc(Cl)cc2Cl)nc1OCc1ccc(F)c(F)c1,1
NXZXPZLVPNFNQN-UHFFFAOYSA-N,IC50,nM,500.0,N#Cc1cc(F)ccc1-c1noc(CCC(=O)Nc2ccc3c(c2)c2ccccc2n3CCF)n1,1
NXZZNXUALWSJSD-UHFFFAOYSA-N,Ki,nM,5000.0,CCCCCn1cc(C(=O)NC23CC4CC(CC(C4)C2)C3)c(=O)c2cc(-c3ccco3)cc(OC)c21,1
NYDOBQAKUBDIGG-GKFVBPDJSA-N,Ki,nM,500.0,CCCCCC=CCC=CCC=CCC=CCCCC(=O)NCCc1ccc(OC)cc1OC,1
NYEDXSGEEHGJAU-UHFFFAOYSA-N,Activity,%,121.8,CCCCCCn1c2ccccc2c2cc(C(=O)N3CCCCC3)ccc21,1
NYKCRWUWELTRCP-UHFFFAOYSA-N,EC50,nM,50000.0,COCCn1c(-c2ccccc2Cl)nc2c(N3CCN(CCF)CC3)nc(C)nc21.Cl,1
NYKZVPFDTGQJCF-UHFFFAOYSA-N,Kd,nM,5000.0,COC(=O)C#CCCc1cc(O)c2c(c1)OC(C)(C)C1CC=C(C)CC21,1
NYQBQOPAOPOYLH-UHFFFAOYSA-N,Activity,%,13.81,CN(CCCCCCCOc1ccc(-c2oc3ccccc3c2C(=O)c2cccc3ccccc23)cc1)Cc1ccccc1,1
NYYDIRAMLLWGJX-UHFFFAOYSA-N,EC50,nM,16000.0,Cc1cc(C)c2nc(-c3ccccn3)cc(C(=O)Nc3ccc(S(=O)(=O)Nc4cc(C)on4)cc3)c2c1,1
NYYRZAYJDIGPRI-UHFFFAOYSA-N,Ki,nM,384.0,CCCCCn1cc(C(=O)NC23CC4CC(CC(C4)C2)C3)c(=O)cc1-c1ccc(OC)cc1,1
NYZNFOXDFMTATA-UHFFFAOYSA-N,EC50,nM,1.1,Cc1cc(C)cc(S(=O)(=O)N2CCN(C(=O)C3CCCCC3)CC2)c1,1
NZAJPBNDRAFVEF-UHFFFAOYSA-N,EC50,nM,3.0,O=S(=O)(c1cc2c(cc1F)OC(c1ccc(F)cc1F)(c1ccc(F)cc1F)O2)N1CCC(F)(F)CC1,1
NZEVKZAEMSMLMC-UHFFFAOYSA-N,Activity,%,140.4,CCCCCn1c2ccccc2c2cc(C(=O)N3CCCCC3)ccc21,1
NZGINBKPMKVRHZ-UHFFFAOYSA-N,Ki,nM,5000.0,CC1(C)C(C(=O)c2cn(CCC3CCNCC3)c3ccccc23)C1(C)C,1
NZGMJUKSXBJUBW-UHFFFAOYSA-N,EC50,nM,5000.0,COCCNC(=O)c1c(NC(=O)C2CCCC2)sc2c1CCOC2,1
NZGSTGQQXZPWQE-ZDUSSCGKSA-N,Ki,nM,5.0,CC(NS(=O)(=O)C(F)(F)F)c1ccc(S(=O)(=O)c2ccc(OC(F)(F)F)cc2S(=O)(=O)c2ccccc2F)cc1,1
NZIJRFICRMNCGN-UHFFFAOYSA-N,Ki,nM,1800.0,Cc1ccc(NC(=O)C2CCCCC2C)cc1S(=O)(=O)N1CCOCC1,1
NZJHFPDRRKJWFO-UHFFFAOYSA-N,Kd,nM,6.31,CCN(C)S(=O)(=O)NC(=NC)N1CC(c2ccccc2)C(c2ccc(Cl)cc2)=N1,1
NZRJXOUEEQDHFL-INIZCTEOSA-N,Ke,nM,6044.0,CS(=O)(=O)N1CCCC(Nc2ncnc3c2nc(-c2ccccc2Cl)n3-c2ccc(Cl)cc2)C1,1
NZVPBUFTQQUWAK-UHFFFAOYSA-N,Ki,nM,3475.0,CCOc1ccc(Cc2nc3cc(N(C)C(=O)N4CCCCC4)ccc3n2CC2CC2)cc1,1
NZVVIFOMXVSSOZ-RAXLEYEMSA-N,Inhibition,%,29.0,CN(C)c1ccc(C=C2N=C3SCCCN3C2=O)cc1,1
NZWOCSBGLXYKQK-UHFFFAOYSA-N,Ke,nM,5.4,CC(C)CC(=O)NC1CCN(c2ncnc3c2nc(-c2ccccc2Cl)n3-c2ccc(Cl)cc2)CC1,1
NZZLEAMVCUJNNW-UHFFFAOYSA-N,Ki,nM,157.0,Cc1c(C(=O)NCCc2ccc(Cl)c(Cl)c2)nn(-c2ccc(Cl)cc2Cl)c1-n1cccc1,1
OACFYNAMKUYTKD-UHFFFAOYSA-N,EC50,nM,16000.0,COc1ccc(C2(C(=O)N3CCC(n4nc(-c5ccccc5)oc4=O)CC3)CC2)cc1,1
OAFBBLQLICKSQI-UHFFFAOYSA-N,EC50,nM,5000.0,O=C(Cc1ccc(C(F)(F)F)cc1)NC1CN(S(=O)(=O)c2cc(C(F)(F)F)cc(C(F)(F)F)c2)C1,1
OAGUACDMKFCQII-UHFFFAOYSA-N,EC50,nM,955.0,COCCCNc1cc(S(=O)(=O)c2ccc3c(c2)nc(C(C)(C)C)n3CC2CCOCC2)ccn1,1
OAJFKXVFJAPTQM-UHFFFAOYSA-N,Ki,nM,2200.0,O=C(NCCC(c1ccccc1)c1ccccc1)C(O)(c1ccccc1)c1ccccc1,1
OALLMUNFKYZZDO-UHFFFAOYSA-N,IC50,nM,50.0,N#Cc1cc(-c2ccc(Cl)cc2)c(-c2ccc(Cl)cc2Cl)nc1Nc1ccc(F)cc1,1
OAQQRLGMKZEVFV-UHFFFAOYSA-N,IC50,nM,2.1,N#CCc1c(C(=O)N2CCc3ccc(C(F)(F)F)cc3C2)nn(-c2ccccc2Cl)c1-c1ccc(Cl)cc1,1
OAVKUWKXMUNJPS-UHFFFAOYSA-N,EC50,nM,50.12,Cl.OCCN(CCO)Cc1csc(-c2cn(CC3CCOCC3)c3c(Cl)cccc23)n1,1
OAWVBHWINVNAPL-AWEZNQCLSA-N,Ki,nM,213.8,CC1(C)C(C(=O)c2cn(CC3CCCO3)c3ccccc23)C1(C)C,1
OBCSDSHYTFJHSC-HNNXBMFYSA-N,Ki,nM,0.9,CCOc1ccc(S(=O)(=O)c2ccc(C(C)NS(=O)(=O)C(F)(F)F)cc2)c(S(=O)(=O)c2ccccc2F)c1,1
OBDRKUNUNOFFRG-UHFFFAOYSA-N,Ki,nM,4.7,CC(=O)NCCNC(=O)C(C)(C)NC(=O)c1cc2c(n(CC3CCCCC3)c1=O)CCCCCC2,1
OBPAVQCOFPPHAN-UHFFFAOYSA-N,Ki,nM,150.0,O=C(N[NH+]1CCOCC1)C1=NN(c2ccc(Cl)cc2Cl)C(c2ccc(Cl)cc2)C1.O=S(=O)([O-])O,1
OBTIUCWWJXZKHI-UHFFFAOYSA-N,Ki,nM,800.0,CCCCCn1cc(C(=O)NC23CC4CC(CC(C4)C2)C3)c(=O)c2c(C)nn(C)c21,1
OCAFEKFQVNWWTG-UHFFFAOYSA-N,EC50,nM,87.0,COc1ccc(F)c(-c2cnc(-c3cccc(CN4CCC(F)CC4)c3)[nH]2)c1,1
OCDPRZTVUBXJND-UHFFFAOYSA-N,Ki,nM,1093.88,CC(=O)Nc1cccc2c1c(C(=O)C1C(C)(C)C1(C)C)cn2CCN1CCOCC1,1
OCIKJMOYJJXYOY-UHFFFAOYSA-N,Ki,nM,3660.0,COc1ccccc1Cc1cc2c(C)c(OC)c(C)c(C)c2oc1=O,1
OCQRTISEANCLQE-UHFFFAOYSA-N,Ki,nM,2500.0,CCN(CC)C(=O)c1ccc2c(c1)nc(Cc1ccc(OC3CCC3)cc1)n2CCC(C)C,1
OCSOPGWXKAJFIC-UHFFFAOYSA-N,IC50,nM,7.4,CC(C)(C)c1nc(=O)c2cc(-c3ccc(Cl)cc3)c(-c3ccccc3Cl)nc2[nH]1,1
OCTCUNGVDUMZHF-UHFFFAOYSA-N,Activity,%,80.0,O=C(Nc1ccc(Br)cc1)NC(c1ccc(Cl)cc1)c1ccc(Cl)cc1,1
OCZGZWPFOZMXFE-LNVKXUELSA-N,IC50,nM,1700.0,Cc1c(C(C)(C)C)sc(=NS(=O)(=O)c2cccc3ccccc23)n1CC1CC1,1
OCZZZBSQIGLPHN-YADARESESA-N,IC50,nM,2982.0,CC(NC(=O)C(C)(C)NCCCN(C)C)C(Cc1ccc(Cl)cc1)c1cccc(C#N)c1,1
ODCAZILQOIHJAU-UHFFFAOYSA-N,IC50,nM,7413.0,CN(C)CCNc1cnn(C2CC(C)(C)CC(C)(C)C2)c(=O)c1Br,1
ODCZZAQQQCTMLK-UHFFFAOYSA-N,Ki,nM,270.0,Cc1ccc(-c2noc(CC(C)(C)C)n2)cc1S(=O)(=O)N1CCOCC1,1
ODFUPIJXHKDJJI-UHFFFAOYSA-N,IC50,nM,3400.0,Cc1ccc(-c2nc(C(=O)N3CCCCC3)n(C)c2-c2ccc(C)cc2)cc1,1
ODIBENRIUVELIZ-UHFFFAOYSA-N,EC50,nM,1416.0,COC1CN(C(=O)c2c(NC(=O)c3ccccc3OC(F)(F)F)sc3c2CCOC3)C1,1
ODKTYNUUBQKMSV-UHFFFAOYSA-N,EC50,nM,3.981,CCCCCC1=NN(C(=O)NC(C)(C)c2ccccc2)CC1c1ccccc1,1
ODPUKHOCHODROO-UHFFFAOYSA-N,Ki,nM,758.0,CCCn1cc(C(=O)NC2CCCCC2)c(=O)c2c(C)nn(C)c21,1
ODSZGEXNKNBQIX-UHFFFAOYSA-N,Ki,nM,73.0,CCCCCn1cc(C(=O)c2cccc3cccc(I)c23)c2ccccc21,1
ODUDHSGVPPLXOQ-ZDUSSCGKSA-N,Ki,nM,22.0,CNc1cccc(F)c1S(=O)(=O)c1cc(Cl)ccc1S(=O)(=O)c1ccc(C(C)NS(=O)(=O)C(F)(F)F)cc1,1
ODZGQDFRWIQWHP-UHFFFAOYSA-N,IC50,nM,8.5,CC(C)(N=C(NS(=O)(=O)c1ccc(Cl)cc1)N1CC(c2ccccc2)C(c2ccc(Cl)cc2)=N1)C(N)=O,1
OEAHGZLUGWRQPD-UHFFFAOYSA-N,EC50,nM,16000.0,N=c1c(C(=O)NCc2ccccc2)cc2c(=O)n3ccccc3nc2n1C1CCCC1,1
OEKIQSIIDRYSEZ-UHFFFAOYSA-N,EC50,nM,500.0,O=C(CCc1nc(-c2ccc(F)cc2Cl)no1)Nc1ccc(C(F)(F)F)nc1,1
OENRDPZAKUHRRQ-UHFFFAOYSA-N,Ki,nM,5000.0,CCNC(=O)c1c(NC(=O)C23CC4CC(CC2C4)C3)sc2c1CCOC2,1
OEODGEHOQCFPAS-UHFFFAOYSA-N,Ke,uM,0.207,Cc1c(C(=O)NCCCCCCCNS(C)(=O)=O)nn(-c2ccc(Cl)cc2Cl)c1-c1ccc(Cl)cc1,1
OEQJXSVWDWNCHK-MUMRKEEXSA-N,Ki,nM,316.23,C=C(C)C1CCC(C)=CC1c1c(O)cc(C2(C#N)CCCCC2)cc1O,1
OEZQLBDVSIUEMU-UHFFFAOYSA-N,Ki,nM,11.0,O=C(NN1CC2CCCC2C1)c1nc(-c2ccc(Cl)cc2Cl)n(-c2ccc(Cl)cc2)c1Br,1
OFDXMJFVMFOXTK-UHFFFAOYSA-N,Ki,nM,500.0,Cc1cc(C)cc(-c2ccc(C(C)(C)CCCCC(=O)O)cc2O)c1,1
OFOSJBGHHQNQQX-UHFFFAOYSA-N,Ki,nM,5000.0,c1ccc2c(COc3nn(Cc4cccc5ccccc45)c4ccccc34)cccc2c1,1
OFPRBSYTNZENRC-UHFFFAOYSA-N,Ki,nM,1.8,O=c1c2nn(-c3ccccc3Cl)c(-c3ccc(Cl)cc3)c2ncn1CCC(F)(F)F,1
OFXGLLJUEZXTBC-WQRHYEAKSA-N,Inhibition,%,15.0,O=C1C(=Cc2cccc(OCc3ccc(Cl)c(Cl)c3)c2)N=C2SCCCN12,1
OFYJALNHHOBDIW-UHFFFAOYSA-N,IC50,nM,19.0,Cc1c2c(n(-c3ccc(Cl)cc3Cl)c1-c1cccs1)CCN(C1CCCCC1)C2=O,1
OGAIUTUFCWEMLV-UHFFFAOYSA-N,Activity,%,7.5,O=C1NC(=O)N(c2ccc(Br)cc2)C1c1ccc(Br)cc1,1
OGBMWKQQWRTZMB-UHFFFAOYSA-N,EC50,nM,1581.14,O=C(NCC1CCOCC1)c1cnc(Nc2ccc(Cl)cc2Cl)cc1C(F)(F)F,1
OGDLQAXDJMXJMB-UHFFFAOYSA-N,EC50,nM,13.0,CCNC(=O)c1cc(-c2ccc(Cl)cc2)c(-c2ccc(Cl)cc2Cl)nc1OCc1ccc(F)c(F)c1,1
OGHUHFAJQSONNN-UHFFFAOYSA-N,Kd,nM,6.31,Cc1c(C(=O)NN2CCCC2)nc(-c2ccc(Cl)cc2Cl)n1-c1ccc(Cl)cc1,1
OGJJCDJMZKPPPI-UQBPGWFLSA-N,IC50,nM,38.3,CC(NC(=O)CCc1ccccc1)C(Cc1ccc(Cl)cc1)c1cccc(C#N)c1,1
OGLYPVVVWXXRJW-UHFFFAOYSA-N,Ki,nM,5000.0,CC1(C)C(C(=O)c2cn(CC3CCOCC3)c3ccc(OCCCCBr)cc23)C1(C)C,1
OGNXMBCUTKGOQT-UHFFFAOYSA-N,Ki,nM,390.0,Cc1ccc(-c2nc(CC3CCCCC3)cs2)cc1S(=O)(=O)N1CCOCC1,1
OHCOCSVHZNUISW-UHFFFAOYSA-N,Displacement,%,30.3,O=C1NC(c2ccc(F)cc2)(c2ccc(F)cc2)C(=O)N1CCN1CCOCC1,1
OHDGLYGQXSEPBY-UHFFFAOYSA-N,EC50,nM,5000.0,CC1CN(Cc2ccccc2-c2ncc(-c3cccc(C(F)(F)F)c3)[nH]2)CCO1,1
OHLQUDPQBDLIOC-UHFFFAOYSA-N,EC50,nM,16000.0,CC(C)Oc1ccc(S(=O)(=O)N2CCOCC2)cc1NC(=O)c1cc2c(s1)CCCCC2,1
OHOQFGDSEWQDAX-UHFFFAOYSA-N,IC50,nM,3.981,CCCCNC(=O)c1ccc2c(c1)N=C(c1ccc(F)c(Cl)c1)c1ccccc1S2,1
OHPIQCNZIIKWMA-UHFFFAOYSA-N,Activity,%,84.0,O=C(NC1CC1)c1cnn(-c2ccc(Cl)cc2Cl)c1-c1ccc(Br)cc1,1
OHPWSHVSJWSBMO-UHFFFAOYSA-N,Ki,nM,5000.0,C=CCCCCCCCCC(=O)NCCc1cc(OC)cc(OC)c1,1
OHRCIEPIHMBGNU-UHFFFAOYSA-N,IC50,nM,197.0,Cc1c(C2=NC(=O)C(C)(C)N2Cc2ccccc2)nn(-c2ccc(Cl)cc2Cl)c1-c1ccc(Cl)cc1,1
OHSUGNFHIZEZPW-OAHLLOKOSA-N,Ki,nM,69.0,CC(C)CCn1c(=O)n(C(=O)NC(C(N)=O)C(C)(C)C)c2ccccc21,1
OHUWYUPGBKXSBH-UHFFFAOYSA-N,EC50,nM,210.0,Cc1ccc(C(=O)NCC23CC4CC(CC(C4)C2)C3)cc1S(=O)(=O)N1CCOCC1,1
OIAQJMNFQCVIEJ-UHFFFAOYSA-N,Ki,nM,277.0,N#Cc1cc2c(cc1C(=O)N1CCOCC1)OC(c1ccccc1)(c1ccccc1)O2,1
OIATXZGHHMKXBZ-INIZCTEOSA-N,Ki,nM,3.4,Cc1c(C(=O)NC(C)C2CCCCC2)nn(-c2ccc(Cl)c(Cl)c2)c1-n1cccc1,1
OIBLBSLQCWRDNX-UHFFFAOYSA-N,IC50,nM,55.0,N#CCc1ccc(NC(=O)c2nn(-c3ccccc3Cl)c(-c3ccc(Cl)cc3)c2CC#N)cc1,1
OIHLAEIHISDJGA-UHFFFAOYSA-N,EC50,nM,136.2,O=C(Cn1nc(-c2ccc(Cl)cc2Cl)c(-c2ccc(Cl)cc2Cl)n1)Nc1ccccc1,1
OIIAXWLRPPDBHW-AHTUAUCYSA-N,Ki,nM,0.7079,CCCCCCC1(c2cc(O)c3c(c2)OC(C)(C)C2CC=C(C)CC32)CC1(Br)Br,1
OINCQRGOMJVZHD-UHFFFAOYSA-N,Ki,nM,197.0,CCS(=O)(=O)n1c2c(c3cc(C(=O)N4CCC(C)CC4)ccc31)CN(C1CCOC1)CC2,1
OIQAKJMTFDOQDO-UHFFFAOYSA-N,Inhibition,%,19.9,O=C(NC1CCCCC1)n1nc(-c2ccc(Cl)cc2)c(-c2ccc(Cl)cc2)n1,1
OITHNNNIGWHOAY-UHFFFAOYSA-N,Ki,nM,25.0,CCCCCN(CCCCC)C(=O)c1ccccc1C(=O)Nc1ccc(Br)cc1,1
OITKIKUZGKXKPC-UHFFFAOYSA-N,EC50,nM,6050.0,Cc1nc(N2CCN(C)CC2)c2nc(-c3ccccc3F)n(C3CCOCC3)c2n1.Cl,1
OIYKUSFYZSKAJZ-UHFFFAOYSA-N,Activity,%,10.0,CCCCCn1cc(C(=O)NC(C)C23CC4CC(CC(C4)C2)C3)c(=O)c2cc(Cl)ccc21,1
OIZQVTBUZIXHPS-UHFFFAOYSA-N,EC50,nM,16000.0,Cc1ccc2nc3c(cc(C(=O)NCc4ccco4)c(=N)n3C3CCCC3)c(=O)n2c1,1
OJAQFWPOYJYXBB-UHFFFAOYSA-N,Ke,uM,4.2,Cc1c(C(=O)NCc2cccc(CNS(N)(=O)=O)c2)nn(-c2ccc(Cl)cc2Cl)c1-c1ccc(Cl)cc1,1
OJAWDLHUANBZRO-UHFFFAOYSA-N,EC50,nM,5000.0,CS(=O)(=O)N1CCc2c(cc(-c3cccc(Cl)c3)c(=O)n2CC2CCC2)C1,1
OJCCUUBHNGTDNN-UHFFFAOYSA-N,Kd,nM,7.943,O=C(NN1CCCCC1)c1nc(-c2ccc(Cl)cc2Cl)c(-c2ccc(Cl)cc2)s1,1
OJDSJFYANNFHJF-UHFFFAOYSA-N,IC50,nM,0.59,N=C(N)Cc1c(C(=O)N2CCC(c3ncccn3)CC2)nn(-c2ccccc2Cl)c1-c1ccc(Cl)cc1,1
OJELZJGBPRGETA-UHFFFAOYSA-N,Ki,nM,1090.0,COc1cccc2c1c(C(=O)C1C(C)(C)C1(C)C)cn2CC1CCOCC1,1
OJKZYFPEHNTWLH-UHFFFAOYSA-N,Inhibition,%,10.0,Cc1c(C(=O)NCc2ccccn2)oc2ccc(S(=O)(=O)N3CC(C)CC(C)C3)cc12,1
OJPIGYYTBXYYFN-UHFFFAOYSA-N,IC50,nM,2800.0,Cc1c(C(=O)NC2CCCCC2)nn(-c2ccc(F)cc2F)c1-n1cccc1,1
OJQWPKHJTWYDHA-ATVHPVEESA-N,Inhibition,%,12.0,O=C(Oc1cccc(C=C2N=C3SCCCN3C2=O)c1)c1ccc(Cl)cc1,1
OJTBFENWQVPTFK-UHFFFAOYSA-N,Ki,nM,116.0,CCCCCn1c(C)c(C(=O)c2cccc3cccc(Cl)c23)c2ccccc21,1
OJUXAQNBCOQSTL-UHFFFAOYSA-N,Ki,nM,4250.0,O=C(CCCCCCCCCCCCCCCOc1cccc(O)c1)NC1CC1,1
OJZYJSOKAVJRNE-UHFFFAOYSA-N,Activity,%,58.0,COc1ccc(-c2c(C(=O)NN3CCCCC3)cnn2-c2ccc(Cl)cc2Cl)cc1,1
OKBNPTSVHSNLFJ-RGEXLXHISA-N,Inhibition,%,35.0,Cc1ccc(C(=O)Oc2cccc(C=C3N=C4SCCCCN4C3=O)c2)cc1,1
OKEKMZKCFUZLEN-UHFFFAOYSA-N,Ki,nM,150.0,O=C(NN1CCOCC1)C1=NN(c2ccc(Cl)cc2Cl)C(c2ccc(Cl)cc2)C1,1
OKFVHQOOPINIEL-UHFFFAOYSA-N,Ki,nM,46.99,Cc1c(NC(=O)N2CCCCC2)nn(-c2ccc(Cl)cc2Cl)c1-c1ccc(Br)cc1,1
OKHORWCUMZIORR-UHFFFAOYSA-N,Ki,nM,10000.0,COC(=O)Cc1c(C)n(C(=O)c2ccc(Cl)cc2)c2ccc(OC)cc12,1
OKJLMFTYQUGUGK-SDNWHVSQSA-N,Ki,nM,24.8,CCOC(=O)C=Cc1cc(C(=O)NC2CCCCCC2)c(=O)n(Cc2ccc(F)cc2)c1,1
OKLQXZSFLXZPLW-UHFFFAOYSA-N,Ki,nM,500.0,COc1cccc2c(C(=O)c3ccc(Br)c4ccccc34)c(C)n(CCN3CCOCC3)c12,1
OKSNOSDSHBATTM-UHFFFAOYSA-N,IC50,nM,68.0,O=C(NC1CCCCC1)N1CCN(C(c2ccccc2)c2ccc(F)cc2Cl)CC1,1
OLFQQYIGGPZATM-UHFFFAOYSA-N,Activity,%,80.0,CN(CCCCCCCOc1ccc(-c2oc3ccccc3c2C(=O)c2ccc(-c3ccccc3)cc2)cc1)Cc1ccccc1,1
OLHXKPCTKJZNJB-UHFFFAOYSA-N,EC50,nM,500.0,CC(C)(C)c1ncc(NC(=O)CCc2nc(-c3ccc(F)cc3Cl)no2)cn1,1
OLJLWTWDLVDDKS-UHFFFAOYSA-N,EC50,nM,10000.0,CC(C)(C)c1ccc(NC(=O)N2CCCN(C(=O)c3cc(Cl)ccc3Cl)CC2)cc1,1
OLJWQVYPTVQZJK-UHFFFAOYSA-N,Ki,nM,280.0,CC1(C)C(C(=O)c2cn(CC3OCCO3)c3ccccc23)C1(C)C,1
OLLPWANHULOQCI-UHFFFAOYSA-N,IC50,nM,195.0,Cc1ccccc1C(c1ccc(Cl)cc1)N1CCN(C(=O)NC2CCCCC2)CC1,1
OLMYSJIXUHCNEC-UHFFFAOYSA-N,Ki,nM,5000.0,CN(C)C(=O)Cn1nnc(CNC(=O)c2ccc(-c3ccccc3)cc2)n1,1
OLNTVTPDXPETLC-LIMDNCRJSA-N,Inhibition,%,50.0,O=C1C(CCC(O)c2ccc(F)cc2)C(c2ccc(O)cc2)N1c1ccc(F)cc1,1
OLQWGWOUAXPJDJ-UHFFFAOYSA-N,Activity,%,10.0,CCCCCCCN1C(=O)C(c2ccccc2)NC1=S,1
OMBJIPQFOFIAMF-UHFFFAOYSA-N,EC50,nM,5000.0,CC(C)(C)c1nc2cc(S(=O)(=O)CCCC(F)(F)F)ccc2n1CC1CCN(C(=O)C(F)(F)F)CC1,1
OMGBHSJGIZWCCX-UHFFFAOYSA-N,Ki,nM,537.03,O=C(c1cn(CC2CCOCC2)c2ccccc12)C12CC3CC(CC(C3)O1)C2,1
OMIHQKYKCRPXPH-UHFFFAOYSA-N,IC50,nM,3.7,N#Cc1cc(-c2ccc(Cl)cc2)c(-c2ccc(Cl)cc2Cl)nc1Oc1ccc(F)c(F)c1,1
OMKIRMOGCJJVIP-UHFFFAOYSA-N,Ke,uM,5.34,Cc1c(C(=O)NCCCN(C)CCCNS(C)(=O)=O)nn(-c2ccc(Cl)cc2Cl)c1-c1ccc(Cl)cc1,1
OMLGPXXIQYFOSM-UHFFFAOYSA-N,IC50,nM,7.0,N#Cc1cc(-c2ccc(Cl)cc2)c(-c2ccc(Cl)cc2Cl)nc1Oc1ccc(Cl)cc1,1
OMQOARKDDJLKGC-UHFFFAOYSA-N,Ki,nM,800.0,O=C(Cc1ccc(Br)cc1)NCCC(c1ccccc1)c1ccccc1,1
OMWKLZJZJXOYOV-UHFFFAOYSA-N,IC50,nM,23.0,O=C1CC2(CCCC2)Oc2nc(-c3ccccc3Cl)c(-c3ccc(Cl)cc3)cc21,1
OMZGWMWVQIYTFO-UHFFFAOYSA-N,Activity,%,4.0,CCC(C)(C)C(=O)Nc1ccc(C)c(CN2CCOCC2)c1,1
ONIULYGRFWGEHO-UHFFFAOYSA-N,IC50,nM,0.7,CC1(C)CC(NC(=O)CC(O)C(F)(F)F)c2cc(-c3ccc(Cl)cc3)c(-c3ccc(Cl)cc3Cl)nc2O1,1
ONLDPEQPGSFLOQ-HJOGWXRNSA-N,Ki,nM,1900.0,CCCCCCCCCCCC(CC1OC(=O)C1CCCCCC)OC(=O)CCNC=O,1
ONQXDSAOZGJTQF-UVTDQMKNSA-N,Inhibition,%,12.0,CC(C)c1ccc(C=C2N=C3SCCCN3C2=O)cc1,1
ONTMVGJDPXZQKB-SJLPKXTDSA-N,Ki,nM,1500.0,CCCCCc1cc2c(c(C(=O)O)c1)C1C=C(C)CCC1C(C)(C)O2,1
ONWOFJCPRAZRKC-BOPFTXTBSA-N,Activity,%,19.0,CC(C)OC(=O)NN=c1sc2cc(OC(F)(F)F)ccc2n1C,1
ONXJNAIZJKLJGA-KRWDZBQOSA-N,EC50,nM,25.12,COc1cccc2c(C(=O)N3CCN(C)C(C)C3)cn(CC3CCCCC3)c12,1
OOALWLFUSOVWMV-UHFFFAOYSA-N,Activity,%,-21.0,O=c1oc2ccc3ccccc3c2cc1Cc1ccccc1,1
OOBBRVPUGUGFHT-FYYUSBCQSA-N,Ki,nM,14.4,CCCCn1cc(C(=O)NC2C3(C)CCC(C3)C2(C)C)c(=O)c2ccc(F)cc21,1
OOBORCZTMJULEJ-UHFFFAOYSA-N,Activity,%,10.0,CCN1C(=O)NC(c2ccccc2)(c2ccccc2)C1=O,1
OOCSSGMNPWJQRK-UHFFFAOYSA-N,IC50,nM,1100.0,Cn1c(C(=O)N2CCCCC2)nc(-c2ccc(Cl)cc2)c1-c1ccc(Cl)cc1,1
OOIAKLSSDOZIEW-UHFFFAOYSA-N,Inhibition,%,87.0,CCCN1C(=O)CN(Cc2ccc(-c3cccc(CN4CCCCC4)n3)cc2)C1=O,1
OOSACTQESLHRKF-UHFFFAOYSA-N,IC50,nM,1.318,COc1ccc(C(F)(F)F)cc1Cn1c(C(=O)NCC2(CO)CC2)cc2cc(C#N)ccc21,1
OOUPVYXHLAIXAB-HNNXBMFYSA-N,Inhibition,%,6.3,CCC(C)(C)C(=O)Nc1cc(C)c(C)c(S(=O)(=O)N2CCC(O)C2)c1,1
OOVMTVFAEVACQP-GOSISDBHSA-N,EC50,nM,291.0,CONC(=O)CCCN(C)C(=O)c1ccc2c(c1)c1c(n2C)CCC(C2CCOCC2)C1,1
OOVUQROFIYVYHF-UHFFFAOYSA-N,Ki,nM,900.0,O=S(=O)(NCCCCNS(=O)(=O)C(F)(F)F)c1ccc(Cl)cc1S(=O)(=O)c1ccccc1F,1
OOWUVZSCUJKBIT-UHFFFAOYSA-N,Activity,%,10.0,CCCCCCCN1C(=O)C(c2ccccc2)(c2ccccc2)N(CCCCCCC)C1=S,1
OOYWJMMDIGXFRM-JOCHJYFZSA-N,Ki,nM,2500.0,CCOc1ccc(Cc2nc3cc(C(=O)N(CC)CC)ccc3n2CC2CCCO2)cc1,1
OOZQCQPBSOEZBL-UHFFFAOYSA-N,Ki,nM,5000.0,C=CCCn1cc(C(=O)NC23CC4CC(CC(C4)C2)C3)c(=O)c2cc(-c3ccco3)ccc21,1
OOZZVLXSPKRQAW-LJQANCHMSA-N,EC50,nM,173.0,CN(CCCC(=O)NCCO)C(=O)c1ccc2c(c1)c1c(n2C)CCC(C2CCOCC2)C1,1
OPLSUIUJWGFZEH-ONTIZHBOSA-N,Emax,%,72.0,O=C(c1ccc(Cl)cc1)N1CCC(O)(c2ccccc2)C2CCCCC21,1
OPPVCBHBHKEVSH-UHFFFAOYSA-N,Displacement,%,91.7,CC(C)N1C(=O)C(c2ccc(Br)cc2)(c2ccc(Br)cc2)NC1=S,1
OPWCLDMBLALICS-UHFFFAOYSA-N,EC50,nM,56.2,COc1ccc(CNC(=O)Cn2nc(-c3ccc(Cl)cc3Cl)c(-c3ccc(Cl)cc3Cl)n2)cc1,1
OPYOJVJATARELS-UHFFFAOYSA-N,IC50,nM,54.0,Cc1c(C(=O)NN2CCCCC2)nn(-c2ccc(Cl)c(Cl)c2)c1-n1cccc1,1
OPZKBPQVWDSATI-UHFFFAOYSA-N,Ki,nM,5000.0,CCCCCCCCC=CCCCCCCCC(=O)NCc1ccc(O)c(OC)c1,1
OQBYHQSUGBQEEC-UHFFFAOYSA-N,Ki,nM,5000.0,CCCCCn1cc(C(=O)NC23CC4CC(CC(C4)C2)C3)c(=O)c2cc(CCc3ccccc3)ccc21,1
OQCIVVIWXFKWDZ-UHFFFAOYSA-N,Ki,nM,626.0,CCCCCn1cc(C(=O)NCC23CC4CC(CC(C4)C2)C3)c(=O)cc1-c1ccccc1,1
OQFHJKZVOALSPV-UHFFFAOYSA-N,Ki,nM,790.0,C=CCc1ccc(O)c(-c2ccc(OC)c(CC=C)c2)c1,1
OQIBXTHHXDTIBJ-NRFANRHFSA-N,IC50,nM,100.0,N#Cc1ccc(S(=O)(=O)N=C(N)N2CC(c3ccccc3)C(c3ccc(Cl)cc3)=N2)cc1,1
OQJBKNJQDYHFTO-UHFFFAOYSA-N,Kd,nM,31.62,CN=C(NS(=O)(=O)c1ccccc1)N1CC(c2ccccc2)C(c2ccc(Cl)cc2)=N1,1
OQJKJEJGASFVMR-UHFFFAOYSA-N,Ke,nM,7.4,CC(C)CCC(=O)NC1CCN(c2ncnc3c2nc(-c2ccccc2Cl)n3-c2ccc(Cl)cc2)CC1,1
OQLJPXOUYFTNCP-UHFFFAOYSA-N,Ke,nM,140.0,CN(C)CC(=O)NC1CCN(c2ncnc3c2nc(-c2ccccc2Cl)n3-c2ccc(Cl)cc2)CC1,1
OQNYYUBHUMEXNC-UHFFFAOYSA-N,IC50,nM,49.4,O=C(NC1CCCCCC1)N1CCN(C(c2ccc(Br)cc2)c2ccccc2Cl)CC1,1
OQOCZVKCYOLNJZ-UHFFFAOYSA-N,Ki,nM,1052.0,CCCCCn1cc(C(=O)NC23CC4CC(CC(C4)C2)C3)c2cc(-c3ccccc3)ccc21,1
OQPUCJSRZGIBRY-NHCUHLMSSA-N,Ki,nM,66.4,COc1ccc(-c2cc(C(=O)NC3CCCCC3O)cnc2OCC2CC2)cc1,1
OQQXYPGARWEACC-UHFFFAOYSA-N,EC50,nM,10000.0,O=C(Nc1ncc(-c2ccccc2)s1)N1CCCN(C(=O)C2CCOCC2)CC1,1
OQRATWGXJJYXEM-KXZRCVDZSA-N,Emax,%,99.0,O=C(C1CN(CC(F)(F)F)CCO1)N1CCC(O)(c2ccccc2)C2CCCCC21,1
OQSLHWUZEPBLOA-MWTRTKDXSA-N,Ki,nM,18.0,O=C(NC1CCCCC1)C1CCC(c2ccc(Cl)cc2Cl)N(c2ccc(Cl)cc2)C1,1
ORBXXIQKZFKULT-UHFFFAOYSA-N,Ki,nM,5000.0,CCCNC(=O)c1c(NC(=O)C23CC4CC(CC2C4)C3)sc2c1CCN(C)C2,1
ORFXNKKDXXLOJV-UHFFFAOYSA-N,Ki,nM,25.0,O=C(NC1CCCCC1)c1cn(-c2ccc(Cl)cc2)c(-c2cc(Cl)ccc2Cl)n1,1
ORFZPLKMZALKSH-UHFFFAOYSA-N,Ki,nM,122.7,Cc1c(C(=O)NN2CCCCC2)nn(-c2ccc(Cl)cc2Cl)c1-c1ccccc1,1
ORLIODSYOQPPKF-UHFFFAOYSA-N,Ke,nM,201.0,CC(=O)NC1(c2ccccc2)CCN(C(=O)c2nn(-c3ccc(Cl)cc3Cl)c(-c3ccc(Cl)cc3)c2C)CC1,1
ORMFCWJFMCARPF-UHFFFAOYSA-N,Activity,%,27.0,O=C1NC(c2ccc(F)cc2)(c2ccc(F)cc2)C(=O)N1c1ccccc1,1
OROCWHONKKAXSM-UHFFFAOYSA-N,EC50,nM,1581.14,O=C(NCC1CCCC1)c1cnc(Nc2ccc(Cl)cc2Cl)cc1C(F)(F)F,1
ORPULAPYNPMMAQ-UHFFFAOYSA-N,Ki,nM,5000.0,C=CCc1ccc(O)c(-c2cc(CC(O)CO)ccc2O)c1,1
ORTVDISIJXKUAV-FCHUYYIVSA-N,Ki,nM,1.2,CCCCCCC(C)(C)c1ccc2c(c1)OC(C)(C)C1CC=C(CO)CC21,1
OSGCZBSBEOQWOA-UHFFFAOYSA-N,EC50,nM,8500.0,O=C(NCc1cccc(C(F)(F)F)c1)c1nc2c(-c3ccccc3)cccc2[nH]1,1
OSRIYOCKYMLBTA-UHFFFAOYSA-N,EC50,nM,5000.0,FC(F)(F)c1cccc(-c2cnc(-c3cccc(CN4CCCCC4)c3)[nH]2)c1,1
OSTNBXVEQLJJOM-UHFFFAOYSA-N,Ki,nM,1860.0,CCCCCc1cc(O)cc(OCCCCCCCCOC(CO)CO)c1,1
OSTOSGCVTVIGHA-WCSIJFPASA-N,IC50,nM,500.0,O=C(O)C(O)CCN=C(NS(=O)(=O)c1ccc(Cl)cc1)N1CC(c2ccccc2)C(c2ccc(Cl)cc2)=N1,1
OSWZVICHJWTZBE-WOJBJXKFSA-N,Ki,nM,621.0,CCCCCCC(C)(C)c1cc(OC)c2c(c1)OC(C)(C)C1CCC(=O)CC21,1
OTEMHRZNNDODDW-UHFFFAOYSA-N,Activity,%,-16.0,COc1ccccc1Cc1cc2c(OC)cc(C)cc2oc1=O,1
OTEXJGPPDFKPIG-UHFFFAOYSA-N,Ki,nM,24.0,N#Cc1c(C(=O)NN2CCCCC2)nn(-c2ccc(Cl)cc2Cl)c1-c1ccc(Cl)cc1,1
OTFCHVZCYDGYMS-UHFFFAOYSA-N,EC50,nM,13.8,CCCC#Cc1ccc(-c2c(CC)c(C(=O)NN3CCCCC3)nn2-c2ccc(Cl)cc2Cl)s1,1
OTOYPUZUQZCTOG-UHFFFAOYSA-N,EC50,nM,16000.0,Cc1cccn2c(=O)c3cc(C(=O)NC4CCCC4)c(=N)n(C4CCCC4)c3nc12,1
OTPGLJQNJKUUMG-UHFFFAOYSA-N,IC50,nM,2700.0,CCCCNC(=O)c1cnn(-c2cccc(C)c2)c1-c1ccc(-c2ccccc2)cc1,1
OTPJCLRWQYHHMN-UHFFFAOYSA-N,IC50,nM,0.631,Cc1ccc(C)c(Cn2c(C(=O)NCC(C)(C)CO)cc3cc(C#N)ccc32)c1,1
OTQMQCJNTMMDQF-UHFFFAOYSA-N,IC50,nM,763.0,O=C(Nc1ccccc1)c1cnc(-c2ccccc2Cl)c(-c2ccccc2Cl)n1,1
OTTVGVKHTFTSTG-UHFFFAOYSA-N,Activity,%,29.4,COCCCN1C(=O)C(c2ccccc2)(c2ccccc2)NC1=S,1
OTWNRERSJLONOB-UHFFFAOYSA-N,Activity,%,68.0,O=C(NC1CCCCC1)c1cnn(-c2ccc(Cl)cc2Cl)c1-c1ccc(Cl)cc1,1
OUGDMJNQRYKRBR-UHFFFAOYSA-N,IC50,nM,24.0,COCC(=O)Nc1c(C(C)=O)c(=O)n(C)c2nc(-c3ccc(Cl)cc3Cl)c(-c3ccc(Cl)cc3)cc12,1
OURFGJMYPYSEAS-UHFFFAOYSA-N,EC50,nM,5000.0,Cc1cccc2c1CCN2C(=O)C12CC3CC(CC(C3)C1)C2,1
OUURBZLOYPVHIW-UHFFFAOYSA-N,Activity,%,62.0,O=C(NC1CC1)c1cnn(-c2ccc(Cl)cc2Cl)c1-c1ccc(F)cc1,1
OVCBVNXWJQGESU-UHFFFAOYSA-N,EC50,nM,5.7,CCCCC#Cc1ccc(-c2c(C)c(C(=O)NN3CC4CCCC4C3)nn2-c2ccc(Cl)cc2Cl)s1,1
OVKKNJPJQKTXIT-AZHODBKJSA-N,Ki,nM,1470.0,CCC=CCC=CCC=CCC=CCC=CCCCC(=O)NCCO,1
OVKOMSNTGWCNNR-UHFFFAOYSA-N,Ki,nM,2500.0,CCOc1ccc(Cc2nc3cc(C(=O)N(CC)CC)ccc3n2Cc2ccco2)cc1,1
OVRHPHDYSKENNR-UHFFFAOYSA-N,Inhibition,%,11.1,CCCCCCCCCCCCCCCC(=O)Nc1ccc(Cl)cc1,1
OVRQUZLLFSEDLA-UHFFFAOYSA-N,IC50,nM,480.0,O=C(NN1CCCCC1)c1cnc(-c2ccc(Cl)cc2Cl)c(-c2ccc(Cl)cc2)c1,1
OVVYXZVWNGQLQD-UHFFFAOYSA-N,EC50,nM,1581.14,Cc1cc(Cl)ccc1Nc1cc(C(F)(F)F)c(C(=O)NCC2CCOCC2)cn1,1
OWATUWQTDPKPDC-UHFFFAOYSA-N,Activity,%,30.0,CCCCCn1cc(C(=O)NCC23CC4CC(CC(C4)C2)C3)c(=O)cc1C(C)(C)C,1
OWBOHCLVPRSYTH-UHFFFAOYSA-N,Activity,%,35.8,CCCCCCn1cc(C(=O)c2cccc3ccccc23)c(=O)c2ccccc21,1
OWCOXNVJVGVOCQ-UHFFFAOYSA-N,EC50,nM,16000.0,CCOc1ccc(S(=O)(=O)N2CCOCC2)cc1NC(=O)c1ccc(N2CCCC2=O)cc1,1
OWFZUYXZECRMQJ-UHFFFAOYSA-N,IC50,nM,2500.0,Cc1nc(=O)c2cc(-c3ccc(Cl)cc3)c(-c3ccccc3Cl)nc2[nH]1,1
OWIJKSMNUUFXND-FGZHOGPDSA-N,Ki,nM,11.0,CC1=CCC2C(C1)c1c(O)cc(C(C)(C)c3cc(C)cc(C)c3)cc1OC2(C)C,1
OWIWICJORCNNPE-UHFFFAOYSA-N,Activity,%,25.0,O=C(CCCCCCCCCCOc1cc(O)cc(O)c1)NCC1CC1,1
OWLDJASELBBGJT-HKUYNNGSSA-N,Kb,nM,9.7,O=C(NC1CCCC1O)c1cn(-c2ccc(Cl)cc2)c(-c2ccccc2Cl)n1,1
OWMSLBRCNNBLRQ-UHFFFAOYSA-N,Activity,%,10.0,CCCCCCCCCCCCCCN1C(=O)NC(c2ccccc2)(c2ccccc2)C1=O,1
OWRWLAMBCAEYGF-UHFFFAOYSA-N,Ki,nM,10.0,CCCCCCC(C)(C)c1cc(O)cc(OCCCCCCCCCCC(=O)OC(CO)CO)c1,1
OWUYAKXOEONUBB-UHFFFAOYSA-N,Ki,nM,590.0,COc1ccc(S(=O)(=O)N(Cc2ccc(N3CCCCC3)cc2)c2ccccc2)cc1,1
OXFBXBCMWWZUBW-UHFFFAOYSA-N,IC50,nM,82.0,CC(C)c1nc2nc(-c3ccccc3Cl)c(-c3ccc(Cl)cc3)cc2c(=O)n1Cc1ncon1,1
OXNIVLAQPVUFDE-UHFFFAOYSA-N,Inhibition,%,34.0,CCCCCCCCCCCCCCCC(=O)NC1CCCCC1,1
OXQNLLVUVDAEHC-OAQYLSRUSA-N,Inhibition,%,97.0,COc1ccc(-c2csc(NC(=O)C3CCCCN3S(=O)(=O)c3ccc(C)cc3)n2)cc1,1
OXWWPTWKQHSVRE-UHFFFAOYSA-N,EC50,nM,13300.0,Cc1nc(N2CCN(C)CC2)c2nc(-c3ccccc3Cl)n(CCS(C)(=O)=O)c2n1.Cl,1
OXXLHXHQPVNGIL-UHFFFAOYSA-N,Ki,nM,500.0,CCCCCOc1ccccc1-c1cc(C(=O)NC2CCCC2)no1,1
OXXZOOQIIFAICN-UHFFFAOYSA-N,IC50,nM,150.0,CCN(CC)C(=O)c1nc(NC(C)C)c2cc(-c3ccc(Cl)cc3)c(-c3ccccc3Cl)nc2n1,1
OXYFFHDPKGORMT-MDZDMXLPSA-N,Kd,nM,3.19,CCCCCC=CCc1cc(O)c2c(c1)OC(C)(C)C1CC=C(C)CC21,1
OYAQUBKYAKSHOA-UHFFFAOYSA-N,EC50,nM,9010.0,CCCc1ccc(O)c(-c2cc(CCC)ccc2O)c1,1
OYBDWAVFBKZYIO-UHFFFAOYSA-N,Ki,nM,23.0,CCCCCCC(C)(C)c1ccc(-c2cccnc2)c(O)c1,1
OYCDXZAUSBGNEU-UHFFFAOYSA-N,EC50,nM,16000.0,COc1ccc(-c2nnc(C)c3nn(-c4ccc(Cl)cc4)cc23)cc1,1
OYJUZWUTANVDTM-SLYNCCJLSA-N,IC50,nM,8500.0,O=C(c1ccncc1F)N1CCC(O)(c2ccccc2)C2CCCCC21,1
OYKSVNSOTXGKJN-FQEVSTJZSA-N,IC50,nM,480.0,CC1(C)CC(NC(=O)CC(O)(C(F)(F)F)C(F)(F)F)c2cc(-c3ccc(Cl)cc3)c(-c3ccc(Cl)cc3Cl)nc2O1,1
OYOAATKQFOAFCN-UHFFFAOYSA-N,Ki,nM,1500.0,CCCCCn1cc(C(=O)Nc2cccc(C(F)(F)F)c2)c(=O)cc1-c1ccccc1,1
OYTPXCNPHCBFOT-UHFFFAOYSA-N,Ki,nM,100.0,O=C(NN1CCCCC1)c1nn(-c2ccc(Cl)cc2Cl)c2c1CCCc1c-2cccc1[N+](=O)[O-],1
OYXNQWCRVZYCTK-UHFFFAOYSA-N,Activity,%,22.4,CCCCCn1cc(C(=O)NC(C)C23CC4CC(CC(C4)C2)C3)c(=O)c2ccc(Cl)cc21,1
OZBJFLMZWUDPCT-UHFFFAOYSA-N,Ki,nM,52.0,CCCCCn1cc(C(=O)NC2CCCCCC2)c(=O)c2c(C)csc21,1
OZBZOTSOLNBUNS-YLJYHZDGSA-N,EC50,nM,2230.0,Fc1ccc(-c2noc(C3CCCC3Nc3cnc4ccccc4c3)n2)c(Cl)c1,1
OZHPRCLUFBVZOR-UHFFFAOYSA-N,IC50,nM,1400.0,O=C(NCC1CCCCC1)c1cnccc1NC(=O)c1cccc2ccccc12,1
OZIJATBNGVKZLU-UHFFFAOYSA-N,Ki,nM,164.0,O=C(C1CCCCC1)N1CCN(C(c2ccccc2)c2ccccc2)CC1,1
OZKNIYDKUNRBKX-UHFFFAOYSA-N,Ki,nM,1.0,O=c1c2nn(-c3ccccc3Cl)c(-c3ccc(Cl)cc3)c2ccn1CC(F)(F)F,1
OZLHJBSTXWDJKT-UHFFFAOYSA-N,Ki,nM,779.0,CCCCN(C)C(=O)c1ccc2c(c1)c1c(n2S(=O)(=O)CC)CN(C2CCCC2)C1,1
OZNIGHJFOUDOAH-UHFFFAOYSA-N,Activity,%,37.8,CCCCCn1cc(C(=O)NC2C3CC4CC(C3)CC2C4)c(=O)c2ccccc21,1
OZQOPTUHOUIUGL-UHFFFAOYSA-N,Ke,nM,19.2,CC(C)(C)NC(=O)NC1(c2ccccc2)CCN(c2ncnc3c2nc(-c2ccccc2Cl)n3-c2ccc(Cl)cc2)CC1,1
OZRGAUZGCNDUKW-UHFFFAOYSA-N,Ki,nM,84.0,Cc1c(C(=O)NC2CCCC2)nn(-c2ccc(Cl)cc2Cl)c1-n1cccc1,1
OZRLYIYCLOJIFZ-UHFFFAOYSA-N,Activity,%,-10.0,COc1ccc(Cc2cc3c(OC)cc(C)cc3oc2=O)cc1,1
OZVPGEANKQFCHN-UHFFFAOYSA-N,Ki,nM,48.0,CCc1c(C(=O)NC2CCCCC2)nn(-c2ccc(Cl)c(Cl)c2)c1-n1c(C)ccc1C,1
OZZVGHKEPQBHOZ-UHFFFAOYSA-N,IC50,nM,0.41,N#CCc1c(C(=O)NC2CCc3ccccc32)nn(-c2ccccc2Cl)c1-c1ccc(Cl)cc1,1
PAGJVMXPAPTXRG-UHFFFAOYSA-N,EC50,nM,260.0,O=C(NCC1CCCCC1)c1cc(Cl)ccc1NC(=O)c1cccc2ccccc12,1
PAHGBCUEXOTPIT-MHECFPHRSA-N,IC50,nM,1.6,CC(NC(=O)C(C)(C)Oc1cccc(F)c1)C(Cc1ccc(Cl)cc1)c1ccccc1,1
PAIPVKUHPWZZHH-UHFFFAOYSA-N,Ki,nM,52.0,CCCCCC1=NN(C(=O)NC2CCCCC2)CC1c1ccccc1,1
PAKGZTFXDAABCL-LSLKUGRBSA-N,Ki,nM,560.0,CC1CC(CNS(=O)(=O)C(F)(F)F)CCN1S(=O)(=O)c1ccc(Cl)cc1S(=O)(=O)c1ccccc1F,1
PALXBJLRVCZZDC-UHFFFAOYSA-N,EC50,nM,3630.0,CC(C)(C)c1nc2cc(S(=O)(=O)c3ccnc(OCCCO)c3)ccc2n1CC1CCOCC1,1
PAOKFWIGURVSMZ-UHFFFAOYSA-N,EC50,nM,16000.0,CCOc1ccc(CC(=O)N2CCC(n3nc(-c4ccccc4)oc3=O)CC2)cc1,1
PAWWZSJHBLZQQT-UHFFFAOYSA-N,Ki,nM,5000.0,CC1(C)C(C(=O)c2cn(CCC(N)=O)c3ccccc23)C1(C)C,1
PBAQOVPMCKTRKS-UHFFFAOYSA-N,Inhibition,%,88.0,COC(=O)CN=C(NS(=O)(=O)c1ccc(Cl)cc1)N1CC(c2ccccc2)C(c2ccc(Cl)cc2)=N1,1
PBHQXZWCGJMABF-YFHOEESVSA-N,Inhibition,%,12.0,O=C1C(=Cc2cccc(Cl)c2Cl)N=C2SCCCN12,1
PBNJGMAIWKFONB-UHFFFAOYSA-N,EC50,nM,16000.0,COC(=O)C1=C(N)c2c(F)cccc2C1(C#N)c1ccc(F)cc1,1
PBORMSXACWGICM-UHFFFAOYSA-N,EC50,nM,10000.0,Cc1ccc(NC(=O)N2CCCN(C(=O)CCC3CCCC3)CC2)cc1,1
PBRYZURBFBBXQX-UHFFFAOYSA-N,Ki,nM,2553.0,COc1ccc2c(c1)c(CC(=O)N1CCOCC1)c(C)n2C(=O)c1c(Cl)cccc1Cl,1
PBTDQKYISORJJJ-UHFFFAOYSA-N,EC50,nM,24.0,O=C(NCC1CCCCC1)c1ncccc1NC(=O)c1cccc2ccccc12,1
PBYWRLYMVUMIFF-UHFFFAOYSA-N,Ki,nM,491.0,CCOc1ccc(Cc2nc3cc(C(=O)N(CC)CC)ccc3n2CC2CCCC2)cc1,1
PBYYLENAEMOPPE-UHFFFAOYSA-N,Inhibition,%,41.0,CC(C)CN1C(=O)CN(Cc2ccc(-c3cccc(CN4CCCC(F)(F)C4)n3)cc2)C1=O,1
PCAFDAFQSCZHCE-UHFFFAOYSA-N,IC50,nM,120.0,CC(=O)c1c(N)c2cc(-c3ccc(Cl)cc3)c(-c3ccc(Cl)cc3Cl)nc2n(C)c1=O,1
PCBJAZCBSUGJLF-UHFFFAOYSA-N,Ki,nM,60.0,CCCCCCc1ccc(O)cc1OCCCCCCCCCCC(=O)OC(CO)CO,1
PCECSRMTDNXFRP-UHFFFAOYSA-N,Activity,%,55.0,CCCCCCc1ccc(NC(=O)NC(c2ccccc2)c2ccccc2)cc1,1
PCGXYWLGBAECSY-MRXNPFEDSA-N,Ki,nM,1.4,Cc1ccc(C(=O)NC2(C(=O)NC(C)c3ccc(-n4nc(Cl)c5ccccc54)cc3F)CC2)cn1,1
PCLSYWYZRQXVAJ-XFFZJAGNSA-N,Inhibition,%,14.0,O=C1C(=Cc2c(Cl)cccc2Cl)N=C2SCCCN12,1
PCMWSIUVWOIBKZ-DOFZRALJSA-N,Ki,nM,150.0,CCCCCC=CCC=CCC=CCC=CCCCC(=O)Nc1ccc(N2CCOCC2)cc1,1
PCPLUKDORVRLOM-UHFFFAOYSA-N,EC50,nM,1000.0,Cc1c(C(=O)NN2CCCC2)nn(-c2ccc(Cl)cc2Cl)c1-c1ccc(Cl)s1,1
PDBHDKBOZXQKPN-UHFFFAOYSA-N,Activity,%,5.0,COc1ccc(N2C(=O)NC(=O)C2c2ccccc2)cc1,1
PDDHHLKCLCQTPB-UHFFFAOYSA-N,Activity,%,32.5,CC12CC3CC(C)(C1)CC(NC(=O)c1cn(Cc4ccccc4)c4ccccc4c1=O)(C3)C2,1
PDECHEOPDLDSKL-UHFFFAOYSA-N,Activity,%,5.0,CCCCCCCCCCCCCCCCN1C(=O)C(c2ccccc2)(c2ccccc2)NC1=S,1
PDIYGSQRAFCEIJ-UHFFFAOYSA-N,EC50,nM,1581.14,O=C(NCC1CCOCC1)c1cnc(Nc2cccc(F)c2)cc1C1CC1,1
PDTSLVFLOQNGHA-UHFFFAOYSA-N,Inhibition,%,20.0,Cc1c(C(=O)N(C)Cc2ccccc2)oc2ccc(S(=O)(=O)N3CCCC3)cc12,1
PDVQMRNULGDUHO-WDZFZDKYSA-N,Inhibition,%,8.0,O=C1C(=Cc2ccc(Cl)cc2Cl)N=C2SCCCN12,1
PEAAKWGEQGHNHJ-UHFFFAOYSA-N,Ki,nM,336000.0,CCCOc1c(OC)ccc2cc(C(=O)NCCc3ccc(F)cc3)c(=O)[nH]c12,1
PEALZKZJBCMCNB-UHFFFAOYSA-N,EC50,nM,15811.4,Clc1ccc(Cl)c(-c2ccc(N3CCOCC3)nn2)c1,1
PEEPARIUIZRQHZ-UHFFFAOYSA-N,Ki,nM,5000.0,CCCn1c(C)c(C(=O)c2cccc3cccc(Cl)c23)c2ccccc21,1
PEMIFSRCWZWBKB-UHFFFAOYSA-N,Ki,nM,15.0,CCn1nc2c(-c3ccc(Cl)cc3)c(-c3ccncc3)c(=O)n(Cc3ccc(C(F)(F)F)nc3)n2c1=O,1
PERSDNDAZVUCRW-UHFFFAOYSA-N,Inhibition,%,28.0,Cc1nn(C)c2c1c(=O)c(C(=O)NC1CCCCC1)cn2CCCCC#N,1
PEUBSOYDGKVQFT-UHFFFAOYSA-N,IC50,nM,40.0,Cc1cccc(-n2ncc(C(=O)NCCCc3ccccc3)c2-c2ccc(-c3ccccc3)cc2)c1C,1
PEXYKZYTXIEEOB-UHFFFAOYSA-N,Ki,nM,14.79,CC1(C)C(C(=O)c2cn(CCCC(F)(F)F)c3ccccc23)C1(C)C,1
PFDGOGZICDKRKH-INIZCTEOSA-N,Ki,nM,140.0,CC(NS(=O)(=O)C(F)(F)F)c1ccc(S(=O)(=O)c2ccc(Cl)cc2S(=O)(=O)c2c(F)cccc2N2CCOCC2)cc1,1
PFKMLTYUUQSKMF-WOJBJXKFSA-N,Ki,nM,1500.0,CCCCCc1cc(CNS(C)(=O)=O)c2c(c1)OC(C)(C)C1CCC(C)=CC21,1
PFSLDHWSUPFZPK-UHFFFAOYSA-N,Activity,%,-9.0,Cc1ccc(C(C)C)c2cc(Cc3ccccc3)c(=O)oc12,1
PFWWYINRDLSQHX-UHFFFAOYSA-N,IC50,nM,2280.0,COc1ccc(-c2nn(C(=O)Nc3ccc(C)cc3)c(=O)n2-c2ccc(Cl)cc2)cc1,1
PFZMCDNBEBHNGO-BETUJISGSA-N,EC50,nM,15811.4,CC1CCC(C)N1c1ccc(-c2c[nH]c3ccccc23)nn1,1
PGANSUZFUPXVME-UHFFFAOYSA-N,EC50,nM,1581.14,CC(C)c1cc(Nc2cccc(Cl)c2)ncc1C(=O)NCC1CCCC1,1
PGENRRWCNZXZQN-UHFFFAOYSA-N,EC50,nM,7.9,CCCCC#Cc1ccc(-c2c(C)c(C(=O)NN3CCCCC3)nn2-c2ccc(Cl)cc2Cl)s1,1
PGXDLZYAKFSBNC-UHFFFAOYSA-N,Kd,nM,3.981,Cc1c(C(=O)N2CCc3ccccc3C2)nc(-c2ccc(Cl)cc2Cl)n1-c1ccc(Cl)cc1,1
PHBINUYTXKBMBY-UHFFFAOYSA-N,Activity,%,31.0,CCCCCn1cc(C(=O)NC23CC4CC(CC(C4)C2)C3)c(=O)n2nc(-c3ccc(C)s3)cc12,1
PHHNXHHVYFIECJ-UHFFFAOYSA-N,Activity,%,25.0,CC(C)CCOc1cc(O)cc(OCCCCCCCCCCC(=O)NC2CC2)c1,1
PHLBKPHSAVXXEF-UHFFFAOYSA-N,Ki,nM,5000.0,O=c1n(CCCN2CCN(c3cccc(Cl)c3)CC2)nc2ccccn12,1
PHNRPWAVVNJJKR-UHFFFAOYSA-N,Ki,nM,3210.0,C#CCn1cc(C(=O)NC23CC4CC(CC(C4)C2)C3)c(=O)c2cc(Br)ccc21,1
PHOKPCGYGFVDFG-UHFFFAOYSA-N,EC50,nM,5.0,CCS(=O)(=O)c1ccc2c(c1)nc(C(C)(C)C)n2CC1CC1,1
PHPXNMDZABDTFM-UHFFFAOYSA-N,Ki,nM,454.0,CCc1c(C(=O)NCc2ccc(Cl)c(Cl)c2)nn(-c2ccc(Cl)c(Cl)c2)c1-n1cccc1,1
PHWDIDWKGGEYRL-UHFFFAOYSA-N,Kd,nM,3.981,O=C(NN1CCCCC1)c1nc(-c2ccc(Cl)cc2Cl)n(-c2ccc(Cl)cc2)c1CO,1
PHXLKIQQLZJXSP-PTNGSMBKSA-N,Ki,nM,4780.0,CCOC(=O)COc1cccc(C=C2N=C3SCCCCN3C2=O)c1,1
PHZMYJRNOGKSBG-UHFFFAOYSA-N,EC50,nM,16000.0,COc1ccc(S(=O)(=O)Nc2ccc(F)cc2)cc1N(C)S(=O)(=O)c1ccc(Cl)cc1,1
PIGFBJRSJUKOLP-UHFFFAOYSA-N,EC50,nM,5000.0,COc1ccccc1C(=O)Nc1sc2c(c1C(=O)N1CCOCC1)CCOC2,1
PIHTTXCYHKHTJB-UHFFFAOYSA-N,EC50,nM,23.0,O=C(NCC1CCC1)c1ncccc1NC(=O)c1cccc2ccccc12,1
PIIJIDXGYZBGMW-UHFFFAOYSA-N,Ki,nM,1769.0,COCCn1c2c(cc(C(=O)NCc3ccccc3)c1=O)CCCCCC2,1
PIQKCFMGYGBVIK-UHFFFAOYSA-N,Kd,nM,19.95,Cc1c(C(=O)NN2CCCCC2)nc(-c2ccc(Cl)cc2Cl)n1-c1ccc(F)cc1,1
PIRXZRZNBGBOKB-UHFFFAOYSA-N,Ki,nM,2630.0,Cc1c2n(c(=O)c3cc(OC(=O)C(C)(C)C)cc(OC(=O)C(C)(C)C)c13)CCCC2,1
PIWZORIYICBPSG-FNORWQNLSA-N,Kd,nM,0.77,CC1=CCC2C(C1)c1c(O)cc(CC=CCCCC#N)cc1OC2(C)C,1
PIYWKJKVVMSCGG-UHFFFAOYSA-N,EC50,nM,5000.0,O=C(c1ccccc1)N1CCN(S(=O)(=O)c2cc(C(F)(F)F)cc(C(F)(F)F)c2)CC1,1
PJBHWFHBOPMXAM-UHFFFAOYSA-N,Ki,nM,2500.0,CCCc1ccc(O)c(-c2ccc(O)c(CCC)c2)c1,1
PJBQLHXXQILOPS-UHFFFAOYSA-N,Ki,nM,460.0,CCCCCn1cc(C(=O)NC23CC4CC(CC(C4)C2)C3)c(=O)c2cc(S(=O)c3ccccc3)ccc21,1
PJHSAZYPRMKDCQ-UHFFFAOYSA-N,Ki,nM,386.0,CC1CCC(NC(=O)c2cccn(Cc3ccccc3)c2=O)CC1,1
PJLSBYYRTNXSCE-UHFFFAOYSA-N,Inhibition,%,2.0,CCCCCCCCCCCCCCCC(=O)OCCBr,1
PJMNPDOPNJTQII-UHFFFAOYSA-N,EC50,nM,10000.0,CCCCc1ccc(NC(=O)N2CCCN(C(=O)CCC3CCCC3)CC2)cc1,1
PJMSYDVTAXLHFO-UHFFFAOYSA-N,Activity,%,19.0,CCCCCn1cc(C(=O)NC23CC4CC(CC(C4)C2)C3)c(=O)n2nc(-c3ccoc3)cc12,1
PJPBVOAEXHKPAB-PMACEKPBSA-N,Ki,nM,38.8,CCCCCCC(C)(C)c1cc(O)c2c(c1)OC(C)(C)C1CC=C(C)CC21,1
PJQIBVPPWAUFQB-UHFFFAOYSA-N,Ki,nM,5000.0,CCCn1c(C)c(C(=O)c2cccc3cc(OC)ccc23)c2ccccc21,1
PJQIWZIEDVJZJS-UHFFFAOYSA-N,Inhibition,%,81.0,CC(C)CN1C(=O)CN(Cc2ccc(-c3cccc(CN4CCCC(F)C4)n3)cc2)C1=O,1
PKAIHLUGFFKSDM-UHFFFAOYSA-N,EC50,nM,1000.0,CC(C)(CCc1nc(-c2ccc(F)cc2Cl)no1)Nc1cnc2ccccc2c1,1
PKDROOQJJGDUHT-UHFFFAOYSA-N,Ke,nM,20.5,CCNC(=O)N1CCC(NC(=O)c2nn(-c3ccc(Cl)cc3Cl)c(-c3ccc(Cl)cc3)c2C)CC1,1
PKGHVSXASWDEEF-UHFFFAOYSA-N,IC50,nM,0.1,NC(=O)Cc1c(C(=O)N2CCC(O)(c3ccc(F)cc3)CC2)nn(-c2ccccc2Cl)c1-c1ccc(Cl)cc1,1
PKMVYECLFMXUSA-UHFFFAOYSA-N,Activity,%,21.0,CCCCCn1cc(C(=O)NC23CC4CC(CC(C4)C2)C3)c(=O)n2nc(-c3c(Cl)cccc3Cl)cc12,1
PKNQOWYTLLPMSG-UHFFFAOYSA-N,IC50,nM,4450.0,N#CCc1c(C(=O)NC(Cc2ccccc2)C(=O)O)nn(-c2ccccc2Cl)c1-c1ccc(Cl)cc1,1
PKPJEIOWHFIXMG-UHFFFAOYSA-N,Activity,%,25.0,CCCCCCC(C)(C)c1cc(O)cc(OCCCCCCCCCCC(=O)NCCc2ccc(O)c(O)c2)c1,1
PKRBTURWWKDDGX-UHFFFAOYSA-N,IC50,nM,128.0,O=C(NC1CCCCC1)N1CCN(C(c2ccc(Cl)cc2)c2ccccc2Cl)CC1,1
PKRUKJFKTCSMRE-UHFFFAOYSA-N,Ki,nM,2500.0,CCC(C)(C)C(=O)Nc1cc(C)c(C)c(S(=O)(=O)N2CCOCC2)c1,1
PKSCSZVPUVSFNN-UHFFFAOYSA-N,IC50,nM,6.026,N#Cc1ccc2c(c1)cc(C(=O)NCCC(O)(C(F)(F)F)C(F)(F)F)n2Cc1cccc(OC(F)(F)F)c1,1
PKTSCJXWLVREKX-UHFFFAOYSA-N,Ki,nM,5.2,CCCCN(C)N=O,1
PKUSYOCDQLCSJK-UHFFFAOYSA-N,IC50,nM,4.2,N#CCc1c(C(=O)NCc2ccc(C#N)cc2)nn(-c2ccccc2Cl)c1-c1ccc(Cl)cc1,1
PKUXHHDYTRMJIA-UHFFFAOYSA-N,EC50,nM,665.0,Brc1cccc(-c2cnc(-c3cccc(CN4CCOCC4)c3)[nH]2)c1,1
PKVJUDOXBGBENL-HRAATJIYSA-N,IC50,nM,47.7,CC(NC(=O)C(C)(C)Nc1ccon1)C(Cc1ccc(Cl)cc1)c1cccc(C#N)c1,1
PLDPMGKDBWCPST-UHFFFAOYSA-N,EC50,nM,6.0,O=C(C1CCCCC1)N1CCN(S(=O)(=O)c2cccc(-c3ccccc3)c2)CC1,1
PLEKLOVYPVBULM-OALUTQOASA-N,Ki,nM,270.0,NC1CCCCC1NC(=O)c1cn(-c2ccc(Cl)cc2)c(-c2ccc(Cl)cc2Cl)n1,1
PLGYPOOLKDEANJ-LBPRGKRZSA-N,Ki,nM,1273.0,CC(NS(C)(=O)=O)c1ccc(S(=O)(=O)c2ccc(Cl)cc2S(=O)(=O)N(C)C)cc1,1
PLKCOAWMCVGORE-UHFFFAOYSA-N,EC50,nM,179.0,Cc1c(C(=O)NCCCCCCCNCCCCCCCNC(=O)c2nn(-c3ccc(Cl)cc3Cl)c(-c3ccc(Cl)cc3)c2C)nn(-c2ccc(Cl)cc2Cl)c1-c1ccc(Cl)cc1,1
PLKUYFLKWJFBTD-UHFFFAOYSA-N,EC50,nM,16000.0,COc1ccc(-c2csc(NC(=O)CSc3nnc4c(C)cc5cc6c(cc5n34)OCCO6)n2)cc1,1
PLMZBCHNROYAMU-UHFFFAOYSA-N,EC50,nM,10000.0,CC(C)(C)c1cc(NC(=O)N2CCCN(C(=O)C3CCCO3)CC2)no1,1
PLPHADTYPPFRRC-UHFFFAOYSA-N,IC50,nM,67.0,Cc1c(C(=O)NN2CCCCC2)nn(-c2ccc(Cl)cc2Cl)c1-n1c(C)ccc1C,1
PLQJVYWMQUWJLF-UHFFFAOYSA-N,EC50,nM,500000.0,Cc1nc(N2CCN(C)CC2)c2nc(-c3ccccc3C#N)n(C3CCOCC3)c2n1.Cl,1
PLRZTNAXMSYISJ-UHFFFAOYSA-N,EC50,nM,15000.0,Cc1c[nH]c2c(NC3CCOCC3)ncc(C(=O)N3CCOCC3)c12,1
PLTOQNPGQJAWKL-UHFFFAOYSA-N,Ki,nM,2500.0,CCOc1ccc(Cc2nc3cc(C(=O)N(CC)CC)ccc3n2Cc2ccncc2)cc1,1
PLTSATGWXQRBDE-UHFFFAOYSA-N,Kd,nM,3.162,Cc1c(C(=O)NN2CCCCC2)nc(-c2ccc(Cl)cc2Cl)n1-c1ccc(Br)cc1,1
PLUAVIVDXATSKY-UHFFFAOYSA-N,IC50,nM,37.0,Cc1c2c(n(-c3ccc(Cl)cc3Cl)c1-c1ccsc1)CCN(C1CCCCC1)C2=O,1
PLYULNVAQNVGLF-UHFFFAOYSA-N,Inhibition,%,92.0,Cc1c(C(=O)N(C)CCc2ccccc2)oc2ccc(S(=O)(=O)N3CC(C)CC(C)C3)cc12,1
PMBUDILHPXTDNY-UHFFFAOYSA-N,IC50,nM,94.0,CCOC(=O)c1c(C)cc2nc(COC(=O)NCCO)n(-c3ccccc3S(=O)(=O)NC)c(=O)c2c1C,1
PMFKSNJVULPDBR-UHFFFAOYSA-N,Kd,nM,1.0,NC(=NS(=O)(=O)c1ccc(F)cc1)N1CC(c2ccccc2)C(c2ccc(Cl)cc2)=N1,1
PMIRIEIFLULQEW-ZDUSSCGKSA-N,Ki,nM,10.0,CC(NS(=O)(=O)C(F)(F)F)c1ccc(S(=O)(=O)c2ccc(N)cc2S(=O)(=O)c2ccccc2F)cc1,1
PMIWSDZTIDLVNX-UHFFFAOYSA-N,Inhibition,%,16.0,CC(C)CN1C(=O)CN(Cc2ccc(-c3ccc(F)c(CN4CCS(=O)(=O)CC4)n3)cc2)C1=O,1
PMJATBMXBOJZTA-LUQKVYGDSA-N,IC50,nM,2.2,N#CCc1c(C(=O)NC2CC3CCC2C3)nn(-c2ccccc2Cl)c1-c1ccc(Cl)cc1,1
PMJHXDFPKIOWGP-UHFFFAOYSA-N,Ki,nM,2500.0,CCOc1ccc(Cc2nc3cc(C(=O)N4CCCCC4)ccc3n2CC2CC2)cc1,1
PMRSQJWWRFFSLF-UHFFFAOYSA-N,EC50,nM,348.8,Cc1c(C(=O)NN2CCCCC2)nn(-c2ccc(Cl)cc2Cl)c1-c1ccc(C#CCN(C)C)s1,1
PMUGVWSYIKXQQJ-UHFFFAOYSA-N,EC50,nM,910.0,Fc1ccc(-c2noc(C3CCN(c4cnc5c(c4)CCCC5)CC3)n2)c(Cl)c1,1
PMUNRSMHXHUYQP-UHFFFAOYSA-N,Displacement,%,54.1,O=C1NC(c2ccc(Br)cc2)(c2ccc(Br)cc2)C(=O)N1CCN1CCOCC1,1
PMZWQSPQAKZQEH-UHFFFAOYSA-N,Ke,nM,2.9,O=C(CC1CCCC1)NC1CCN(c2ncnc3c2nc(-c2ccccc2Cl)n3-c2ccc(Cl)cc2)CC1,1
PNCMLEMYFUUUDT-UHFFFAOYSA-N,EC50,nM,203.6,O=C(Cn1nc(-c2ccc(Cl)cc2Cl)c(-c2ccc(Cl)cc2Cl)n1)NC1CCCCC1,1
PNDOAVAJDVVHRR-UHFFFAOYSA-N,EC50,nM,1330.0,Cc1c(C(=O)NN2CCCCC2)nn(-c2ccc(Cl)cc2Cl)c1-c1cccs1,1
PNFMPRQJWUBQQL-UHFFFAOYSA-N,EC50,nM,8500.0,O=C(NCC1(CO)CCCCC1)c1nc2c(-c3ccccc3)cccc2[nH]1,1
PNGUNNSUNSTFHO-UHFFFAOYSA-N,IC50,nM,48.0,CCCCOc1ccc(C(=O)c2cccc3ccccc23)c2ccccc12,1
PNNVHYBJTSUCME-UHFFFAOYSA-N,Ki,nM,530.0,Cc1ccc(-c2n[nH]c(C(C)(C)C)n2)cc1S(=O)(=O)N1CCOCC1,1
PNQACNIKPYQUNJ-UHFFFAOYSA-N,Ki,nM,681.0,CCCCCCC(C)(C)c1cc(OC)c2c(c1)OC(C)(C)c1ccc(C)cc1-2,1
PNUGNNRMKKJQGI-UHFFFAOYSA-N,IC50,nM,8500.0,O=C(NC(C1CC1)C1CC1)c1nc(C2CC2)n2ccccc12,1
PNWOBHWOLVJEMY-UHFFFAOYSA-N,IC50,nM,50.12,O=C(NN1CCCCC1)c1ccc2c(c1)N=C(C1CCCCC1)c1ccccc1C2,1
PNYCYGVLNOKFSQ-UHFFFAOYSA-N,Kd,nM,6.31,Cc1c(C(=O)NOC(C)(C)C)nc(-c2ccc(Cl)cc2Cl)n1-c1ccc(Cl)cc1,1
PNYJPKICYAHOOO-UHFFFAOYSA-N,Ki,nM,9.0,Cc1c(-c2ncn(C(C)C)c2C)nn(-c2ccc(Cl)cc2Cl)c1-c1ccc(Cl)cc1,1
POCUOUJJUBHVTI-UHFFFAOYSA-N,Ki,nM,1379.0,CCCCCn1c(C)c(C(=O)c2c(OC)ccc3ccccc23)c2ccccc21,1
PODUXAQFLMUPKS-UHFFFAOYSA-N,EC50,nM,16000.0,O=C(Nc1cc(S(=O)(=O)N2CCOCC2)ccc1N1CCCC1)c1cc2c(s1)CCCC2,1
POEWSGYHCRXMIB-UHFFFAOYSA-N,Ki,nM,560.0,C=CCn1cc(CC(=O)NC23CC4CC(CC(C4)C2)C3)c2cc(-c3ccco3)ccc21,1
POGKSHDEBWTDPB-UHFFFAOYSA-N,EC50,nM,5000.0,Cc1cccc2c1N(C(=O)C13CC4CC(CC(C4)C1)C3)CC2,1
POKYNGYPBLSLFO-OQKWZONESA-N,Activity,%,83.0,N#CC(=Cc1cn(CCN2CCCCC2)c2ccccc12)S(=O)(=O)c1ccccc1,1
POOCDTKATJYNHL-UHFFFAOYSA-N,Activity,%,10.0,CCCCN1C(=O)CNC1=O,1
POORFCDFSNSKLI-UHFFFAOYSA-N,Ke,uM,5.0,Cc1c(C(=O)Nc2cc[n+](C)cc2)nn(-c2ccc(Cl)cc2Cl)c1-c1ccc(Cl)cc1.[I-],1
POPPPMLPRVFFPI-ZKWNWVNESA-N,Ki,nM,53.0,CCCCCC=CCC=CCC=CCC=CCCC(C)C(=O)NCCO,1
POTQARLKMQWNDY-UHFFFAOYSA-N,IC50,nM,62.8,O=C(NC1CCCCC1)N1CCN(C(c2ccc(Br)cc2)c2ccccc2Cl)CC1,1
POTYSOHJWQONMV-UHFFFAOYSA-N,EC50,nM,100.0,CCCCCn1cc(C(=O)c2cccc3ccccc23)c2ccncc21,1
POYHLPSNMADJRA-UHFFFAOYSA-N,EC50,nM,630.96,O=C(Oc1cccc2cccnc12)c1cccc(S(=O)(=O)N2CCCC2)c1,1
POZVWZHXRTXSAY-UHFFFAOYSA-N,EC50,nM,10000.0,CC(C)(C)c1cc(NC(=O)N2CCCN(C(=O)N3CCS(=O)(=O)CC3)CC2)no1,1
PPAGNEOHDUNLGU-OZPSJDSCSA-N,Ki,nM,5000.0,Cc1cccc(Cn2cc(C(=O)NC3C4(C)CCC(C4)C3(C)C)c(=O)c3ccc(F)cc32)c1,1
PPEBIEBMJIXDEB-CYBMUJFWSA-N,Ki,nM,1.2,CC(NC(=O)C1(NC(=O)c2cncc(Cl)n2)CC1)c1ccc(-n2nc(Cl)c3ccccc32)cc1F,1
PPIIUDQSAOROOZ-UHFFFAOYSA-N,IC50,nM,2.3,CC(=O)Nc1c(C(C)=O)c(=O)n(Cc2ccccc2)c2nc(-c3ccc(Cl)cc3Cl)c(-c3ccc(Cl)cc3)cc12,1
PPMHQBISMUKOLP-SOFGYWHQSA-N,Activity,%,25.0,COc1ccc(C=CC(=O)CCC(=O)N2CCCCC2)cc1OC,1
PPXBPBABGOMYLY-UHFFFAOYSA-N,Ki,nM,1600.0,CC(C)Cn1nnc(Cc2ccc(-c3ccccc3)cc2)n1,1
PPYVHWBOOKXYEF-IRLDBZIGSA-N,Ki,nM,300.0,Cc1ccc(-c2ncc(C(=O)NC3CCCCC3O)nc2-c2ccc(C)cc2)cc1,1
PQBDBHYRIVQVTM-ISKFKSNPSA-N,IC50,nM,9.5,Cc1c(C(=O)NC2CCCCC2O)cc(-c2cc(C(F)(F)F)ccc2Cl)n1CC1CCCCC1,1
PQHUMKPQFOXQDQ-MRXNPFEDSA-N,Ki,nM,510.0,COc1cc(C(=O)NC2(C(=O)NC(C)c3ccc(-n4cc(-c5ccccc5)cn4)cc3F)CC2)on1,1
PQUSMSKDJBVHID-UHFFFAOYSA-N,EC50,nM,16000.0,CC1=CC(C)(C)N2C(=O)C3(SCC(=O)N3c3ccc(O)cc3)c3cc(C)cc1c32,1
PRCHWRKNKDBEHD-UHFFFAOYSA-N,Kd,nM,5.012,COc1ccc(S(=O)(=O)N=C(N)N2CC(c3ccccc3)C(c3ccc(Cl)cc3)=N2)cc1,1
PRJGXZKLMDRCRI-UHFFFAOYSA-N,Ki,nM,38.0,O=S(=O)(c1ccc2c(c1)OC(c1ccccc1)(c1ccccc1)O2)N1CCCCC1,1
PRLBXPYPLSZEJV-UHFFFAOYSA-N,EC50,nM,1581.14,CC(C)c1cc(Nc2cccc(C#N)c2)ncc1C(=O)NCC1CCOCC1,1
PRXVUGFMELNVTA-UHFFFAOYSA-N,Ki,nM,3848.0,CNC(=O)c1cnc(-c2ccc(C)cc2)c(-c2ccc(C)cc2)n1,1
PSLLOACYOKFJMA-UHFFFAOYSA-N,Inhibition,%,81.0,CCCNC(=O)N1CCN(c2nc(Cc3ccccc3)c3c(c2C#N)CC(C)(C)OC3)CC1,1
PSQJRNBEXJPMGW-UHFFFAOYSA-N,Intrinsic activity,%,-16.0,O=C1N2CCCCSC2=NC1(c1ccccc1)c1ccccc1,1
PSUFQBRCUSJTDO-UHFFFAOYSA-N,Inhibition,%,8.0,CCC(CC)Nc1nc(C)c(-c2ccc(OC(F)(F)F)cc2OC)nc1OC,1
PSUORRHKCQOQAN-UHFFFAOYSA-N,Ki,nM,4610.0,COC(=O)Cc1c(C)n(C(=O)c2cccc3ccccc23)c2ccc(OC)cc12,1
PSVQDQDTYIMIFS-UHFFFAOYSA-N,Activity,%,45.3,CCCCn1cc(C(=O)Nc2cccc3ccccc23)c(=O)c2ccccc21,1
PSWHWCGBEPXOFQ-UHFFFAOYSA-N,Inhibition,%,6.0,CCCCCc1cc(OC)c2cc(Cc3ccccc3Cl)c(=O)oc2c1,1
PSXQVRBHHWMMEZ-UHFFFAOYSA-N,Ki,nM,5000.0,CCC1COc2cccc3c(=O)c(C(=O)NC(C)CCC(C)C)cn1c23,1
PSYAUDUTOXDTOI-UHFFFAOYSA-O,Ki,nM,786.0,Cc1c(C(=O)Nc2ccc(C)[n+](C)c2)nn(-c2ccc(Cl)cc2Cl)c1-c1ccc(Cl)cc1,1
PSZMIFYUHRJARQ-UHFFFAOYSA-N,Inhibition,%,24.0,O=C1CN(Cc2ccc(-c3ccc(F)c(CN4CCCCC4)n3)cc2)C(=O)N1CC1CCC1,1
PTAXWGQFEGHLRE-UHFFFAOYSA-N,EC50,nM,16000.0,COc1ccc(S(=O)(=O)N2CCOCC2)cc1NC(=O)c1sc2cccc(F)c2c1C,1
PTDAFTZPNCBOIA-UHFFFAOYSA-N,EC50,nM,39.81,CN(CCO)Cc1csc(-c2cn(CC3CCOCC3)c3c(Cl)cccc23)n1,1
PTFOYLKQQLMFHS-UHFFFAOYSA-N,Ki,nM,3915.0,C=CCn1cc(C(=O)C(=O)NC23CC4CC(CC(C4)C2)C3)c2cc(-c3ccccc3)ccc21,1
PTKPZECZKOROHB-KTAMEUSZSA-N,Ki,nM,1400.0,Cc1ccc(C(=O)NC2C3(C)CCC(C3)C2(C)C)cc1CCN1CCOCC1,1
PTMKJKXYUSGBPQ-UHFFFAOYSA-N,Activity,%,30.0,CCCCCn1cc(C(=O)NCC2CC2)c(=O)cc1C(C)(C)C,1
PTPBPHTVPYIIMD-UHFFFAOYSA-N,EC50,nM,31.62,CCCCCC1=NN(C(=O)c2cccc3ccccc23)CC1c1ccccc1,1
PTQDGARLHAJVLA-UHFFFAOYSA-N,Ki,nM,1727.0,CCCCCCC(C)(C)c1cc(OC)c2c(c1)OC(C)(C)c1ccc(C(=O)OCCC)cc1-2,1
PTRDBTZWZWTYOZ-UHFFFAOYSA-N,Ki,nM,2500.0,Cc1ccc(-c2nn[nH]n2)cc1S(=O)(=O)N1CCOCC1,1
PTUSEGDNDWRYFF-UHFFFAOYSA-N,Ki,nM,1000.0,CC1CCC(NC(=O)c2cc3cccnc3n(CCN3CCOCC3)c2=O)CC1,1
PUBXDTLETUTKIJ-WOJBJXKFSA-N,Ki,nM,3134.0,CCCCCC(C)(C)c1cc(OC)c2c(c1)OC(C)(C)C1CCC(C)=CC21,1
PUDOYHVREJTDBQ-UHFFFAOYSA-N,EC50,nM,45.0,CCCn1c2c(c3cc(C(=O)N4CCC(C)CC4)ccc31)CN(C1CCCC1)CC2,1
PUDRHBJLNGSDRO-UHFFFAOYSA-N,Inhibition,%,95.0,Cc1c(C(=O)NCc2ccccc2Cl)oc2ccc(S(=O)(=O)N3CC(C)CC(C)C3)cc12,1
PUJGHPNAKVHGMH-UHFFFAOYSA-N,EC50,nM,125.89,CCCCC1=NN(C(=O)NC(C)(C)c2ccc(F)cc2)CC1c1ccccc1F,1
PULNPRPJQNBQTH-UHFFFAOYSA-N,Ki,nM,750.0,Cc1ccc(-c2cc(CC(C)(C)C)[nH]n2)cc1S(=O)(=O)N1CCOCC1,1
PUNSHQSKVLQETC-UHFFFAOYSA-N,IC50,nM,77.0,CC(=O)Nc1c(C(C)=O)c(=O)[nH]c2nc(-c3ccc(Cl)cc3Cl)c(-c3ccc(Cl)cc3)cc12,1
PUNUOYSYEBMZFP-UHFFFAOYSA-N,Ki,nM,560.0,O=C(NCCC(c1ccccc1)c1ccccc1)C(c1ccccc1)c1ccc(O)cc1,1
PUOVTWNUSGOYMF-UHFFFAOYSA-N,EC50,nM,5000.0,O=C(N1CCc2ccccc21)C12CC3CC(CC(C3)C1)C2,1
PUPIRIVKMRMBDY-UHFFFAOYSA-N,IC50,nM,2.7,N#Cc1cc(-c2ccc(Cl)cc2)c(-c2ccc(Cl)cc2Cl)nc1OCc1ccc(F)cc1F,1
PURDSVFWSRTGGS-UHFFFAOYSA-N,IC50,nM,80.0,O=C(NC1CCCCC1)c1nc(-c2ccc(Cl)cc2Cl)c(-c2ccc(Cl)cc2)o1,1
PUUYIGONXWIUKO-UHFFFAOYSA-N,Ki,nM,4752.0,CCCCCn1cc(C(=O)NC23CC4CC(CC(C4)C2)C3)c(=O)c2cnn(C)c21,1
PVAOGZXUOOHSMN-UHFFFAOYSA-N,Activity,%,25.0,CCCCCCC(C)(C)c1cc(O)cc(OCCCCCCCC(=O)NC2CC2)c1,1
PVCMGYHOKLVFKF-BGGMYYEUSA-N,Activity,nM,285.0,CCCCCC=Cc1cc(F)c2c(c1)OC(C)(C)C1CC=C(C)CC21,1
PVMDOMHQDHYEFQ-UHFFFAOYSA-N,Ke,uM,0.117,Cc1c(C(=O)Nc2ccncc2)nn(-c2ccc(Cl)cc2Cl)c1-c1ccc(Cl)cc1,1
PVXIFOSHNFKXHF-UHFFFAOYSA-N,Ki,nM,4.2,N#Cc1ccc(Cn2nc3c(-c4ccncc4)c(-c4ccc(Cl)cc4)c(=O)n(Cc4ccc(C#N)cc4)n3c2=O)cc1,1
PVZXZOAWQQOGED-UHFFFAOYSA-N,IC50,nM,66.0,N#Cc1cc(-c2ccc(F)cc2)c(-c2ccc(F)cc2F)nc1OCc1ccc(F)c(F)c1,1
PWCAJPNVNBVVHR-BXKMTCNYSA-N,IC50,nM,53.5,CC(NS(=O)(=O)Cc1cccc(Cl)c1)C(Cc1ccc(Cl)cc1)c1cccc(C#N)c1,1
PWGAMGAARZFEJO-UHFFFAOYSA-N,EC50,nM,2.512,CCc1sc(-c2cn(CC3CCOCC3)c3c(Cl)cccc23)nc1CN(CCO)C(C)C.Cl,1
PWHNQETUZBGJRO-UHFFFAOYSA-N,Ki,nM,5000.0,CC1(C)C(C(=O)c2cn(CCCN3CCOCC3)c3ccccc23)C1(C)C,1
PWIPXOFDSUFNJQ-UHFFFAOYSA-N,Ki,nM,500.0,Cc1cc(C)cc(-c2ccc(C(C)(C)C(=O)O)cc2O)c1,1
PWLGKMYYLCKNGO-VNRZBHCFSA-N,Ki,nM,500.0,CCCCOc1c(OCCF)ccc2cc(C(=O)NC3CCCCC3)c(=O)[nH]c12,1
PWLNYVPGRBVZJL-FQEVSTJZSA-N,Ki,nM,1172.0,COc1ccc(C(=O)NC(C)c2ccc(S(=O)(=O)c3ccc(OC)cc3S(=O)(=O)c3ccc(OC)cc3)cc2)cc1,1
PWMODOKZRZHVAI-UHFFFAOYSA-N,Ki,nM,14180.0,CCCCCCC(C)(C)C1=CC(=O)C2=C(OC(C)(C)c3cn(C)nc32)C1=O,1
PWPDEXVGKDEKTE-UHFFFAOYSA-N,Ki,nM,5000.0,CN(C)CC(c1ccc(O)cc1)C1(O)CCCCC1.O.O=C(O)CCC(=O)O,1
PWSZYBZCNJXAJV-UHFFFAOYSA-N,Inhibition,%,24.6,CCCCCCCCCCCCCCCC(=O)NC(C)(C)C,1
PWUHTKASVHDMBY-UHFFFAOYSA-N,EC50,nM,16000.0,Cc1nnc(-c2ccccc2)c2cn(-c3ccc(Cl)cc3)nc12,1
PWZFXQQIDJNWEB-UHFFFAOYSA-N,IC50,nM,2810.0,N#CCc1c(C(=O)N2CCC(c3ccccc3C(=O)O)CC2)nn(-c2ccccc2Cl)c1-c1ccc(Cl)cc1,1
PWZQLOWRZBRISH-UHFFFAOYSA-N,EC50,nM,3010.0,Cc1nc(N2CCN(C)CC2)c2nc(-c3cccc(Cl)c3)n(C3CCOCC3)c2n1.Cl,1
PXFPBXBUCOVDBI-UHFFFAOYSA-N,EC50,nM,10000.0,CC(C)(C)c1cc(NC(=O)N2CCCN(C(=O)N3CCC(S(C)(=O)=O)CC3)CC2)no1,1
PXGAAQBCZMLNDD-UHFFFAOYSA-N,Activity,%,5.0,O=C(c1c[nH]c2ccccc2c1=O)c1cccc2ccccc12,1
PXHPTDZBZGTBLR-UHFFFAOYSA-N,Kb,nM,1746.0,CCCc1c(C(=O)NCCc2ccc(N3CCCCC3)cc2)[nH]c2ccc(Cl)cc12,1
PXJALOAVEBCCNR-KXZRCVDZSA-N,IC50,nM,8500.0,CN1CCOCC1C(=O)N1CCC(O)(c2ccccc2)C2CCCCC21,1
PXNXWXIDTURTAX-UHFFFAOYSA-N,Ki,nM,1500.0,CCCCCOc1ccccc1-c1cc(C(=O)NC2CCCCCC2)no1,1
PXPAGYRDCRNGQA-UHFFFAOYSA-N,EC50,nM,5000.0,O=C(Nc1sc2c(c1C(=O)NCC1CC1)CCC2)c1ccccc1Cl,1
PXRYIQIOPUQBLS-UHFFFAOYSA-N,EC50,nM,16000.0,N=c1c(C(=O)NCc2cccnc2)cc2c(=O)n3ccccc3nc2n1C1CCCC1,1
PXXPZNDUVLQCHY-UHFFFAOYSA-N,IC50,nM,1100.0,O=C(c1cccc2ccccc12)c1ccc(OCCN2CCOCC2)c2ccccc12,1
PYCLMAJRHLLHNO-RTBURBONSA-N,Activity,nM,36.0,CCCCCC#Cc1cc(O)c2c(c1)OC(C)(C)C1CC=C(C)CC21,1
PYEFWVDPBPWRNL-OAHLLOKOSA-N,Ki,nM,0.52,COc1cncc(C(=O)NC2(C(=O)NC(C)c3ccc(-n4nc(Cl)c5ccccc54)cc3F)CC2)c1,1
PYHFAECIDZYWNP-UHFFFAOYSA-N,EC50,nM,12.3,CCc1c(C2=NC3(CCC3)C(=O)N2)nn(-c2ccc(Cl)cc2Cl)c1-c1ccc(Cl)cc1,1
PYKDQCQBGBQOPK-UHFFFAOYSA-N,Ki,nM,3365.0,CCN(CC)c1ccc(CN(c2ccc(C)cc2)S(=O)(=O)c2ccc(C(C)C)cc2)cc1,1
PYMDSMHRMYDTDG-UHFFFAOYSA-N,IC50,nM,1.9,N=C(N)Cc1c(C(=O)N2CCC(O)(c3ccc(F)cc3)CC2)nn(-c2ccccc2Cl)c1-c1ccc(Cl)cc1,1
PYMIGJNOWTVJSS-UHFFFAOYSA-N,Activity,%,5.0,CCCCCCCCCCCCCCN1C(=O)C(c2ccccc2)(c2ccccc2)NC1=S,1
PYTOVMAWGJFSFX-UHFFFAOYSA-N,IC50,nM,60.0,Cn1c(C(=O)Nc2ccccc2)nc(-c2ccc(Cl)cc2Cl)c1-c1ccc(Cl)cc1,1
PYWFHTUNNRTQNT-UHFFFAOYSA-N,Activity,%,100.0,CC(C)CCC(=O)N1CCCN(C(=O)Nc2ccc(C(C)(C)C)cc2)CC1,1
PYZYDZKMMJWUHL-UHFFFAOYSA-N,Ke,nM,274.0,CCCCNC(=O)NCC1CCC(CNC(=O)c2nn(-c3ccc(Cl)cc3Cl)c(-c3ccc(Cl)cc3)c2C)CC1,1
PZDHSJCHUCZOEL-UHFFFAOYSA-N,Ki,nM,5000.0,CCCCCCCCCCCCCCCCNC(=O)c1nc(-c2ccc(Cl)cc2)n(-c2ccc(Cl)cc2)n1,1
PZDULVWHOWQPNN-UHFFFAOYSA-N,Activity,%,78.0,O=C(NC1CCCCCC1)c1cnn(-c2ccc(Cl)cc2Cl)c1-c1ccc(Cl)cc1,1
PZDXLVPRWYKHPX-UHFFFAOYSA-N,Activity,%,15.0,O=C(NCCc1ccc(N2CCCCC2)cc1)c1cc2cc(Cl)ccc2[nH]1,1
PZISZCAOGDXBMN-HXUWFJFHSA-N,Ki,nM,160.0,CCCCCn1cc(C(=O)NC(C)c2ccccc2)c(=O)c2ccc(N3CCCC3)cc21,1
PZSBYWQVUJSNFN-UHFFFAOYSA-N,EC50,nM,72.9,Cc1c(C(=O)NN2CCCCC2)nn(-c2ccc(Cl)cc2Cl)c1-c1ccc(C#CC2CC2)s1,1
PZSZPWMMEYYXPV-UHFFFAOYSA-N,Activity,%,38.8,CCCCCCCCN1C(=O)C(c2ccccc2)(c2ccccc2)NC1=S,1
PZUPBBUPKNQAOC-UHFFFAOYSA-N,Inhibition,%,34.0,CC(C)CN1C(=O)CN(Cc2ccc(-c3ccc(F)c(CN4CCCC(F)C4)n3)cc2)C1=O,1
PZYIAIVLQMGYOR-UHFFFAOYSA-N,IC50,nM,2.51,Cc1cc(Br)ccc1CNC(=O)c1nn(-c2ccccc2Cl)c(-c2ccc(Br)cc2)c1Cn1cncn1,1
QAABUQKIFMAMGD-UHFFFAOYSA-N,Ki,nM,5000.0,COC(=O)c1cc(O)c(-c2cc(C)cc(C)c2)c(OC)c1,1
QADBUEMPPQQNII-UHFFFAOYSA-N,Ki,nM,488.0,Cn1cc(CC(=O)NC23CC4CC(CC(C4)C2)C3)c2cc(-c3ccccc3)ccc21,1
QAEWAHLAMDQNLZ-UHFFFAOYSA-N,EC50,nM,99.3,Cc1c(C(=O)NN2CC3CCCC3C2)nn(-c2ccc(Cl)cc2Cl)c1-c1ccc(C#CC2CCCC2)s1,1
QAILTYMAZIQAFM-UHFFFAOYSA-N,Activity,%,30.0,CCCCCn1cc(C(=O)Nc2ccccc2)c(=O)cc1C(C)(C)C,1
QAKDNMTUXGFHFX-UHFFFAOYSA-N,IC50,nM,2.1,N#CCc1c(C(=O)NCc2ccc(F)cc2)nn(-c2ccccc2Cl)c1-c1ccc(Cl)cc1,1
QARPDWGQLMFMNV-UHFFFAOYSA-N,Kd,nM,4.7,C#CCCCC#CCc1cc(O)c2c(c1)OC(C)(C)C1CC=C(C)CC21,1
QARUVMOUXQJRHQ-UHFFFAOYSA-N,IC50,nM,3.0,CC(C)(O)CC(=O)Nc1ccc2ccn(Cc3cccc(-c4cccc5c4OCO5)n3)c2c1,1
QAVHCEUJCDWXLO-UHFFFAOYSA-N,Ki,nM,2100.0,CCCCCCc1c(O)cccc1OCCCCCCCCCCC(=O)NCCc1ccc(O)c(O)c1,1
QAWJANLNVVBENN-UHFFFAOYSA-N,Ki,nM,10000.0,O=C(Cc1ccc(Cl)cc1)NC(NC(=O)Cc1ccc(Cl)cc1)c1ccccc1C(F)(F)F,1
QAWYMRFAOCIWCD-JWQCQUIFSA-N,Ki,nM,1500.0,CCCCCCC(C)(C)c1cc(NC(=O)c2ccncc2)c2c(c1)OC(C)(C)C1CCC(C)=CC21,1
QBAABUOLEVHSGD-UHFFFAOYSA-N,EC50,nM,79.43,COc1cccc2c(-c3nsc(CN4CCN(CC(N)=O)CC4)n3)cn(CC3CCOCC3)c12,1
QBAHXZGQJNUJOJ-UHFFFAOYSA-N,IC50,nM,549.54,O=C(c1c(NC(=O)C23CC4CC(CC2C4)C3)sc2c1CCOC2)N1CC(F)(F)C1,1
QBAPGFFUYIQODT-UHFFFAOYSA-N,Displacement,%,40.6,CCCCCCN1C(=O)NC(c2ccc(F)cc2)(c2ccc(F)cc2)C1=O,1
QBHAJJXATBVYEO-UHFFFAOYSA-N,EC50,nM,19.95,Clc1cccc2c(-c3nsc(CN4CCCC4)n3)cn(CC3CCOCC3)c12,1
QBLNWIRPBUTGHP-UHFFFAOYSA-N,IC50,nM,7.3,COC(=O)C(NC(=O)c1nn(-c2ccccc2Cl)c(-c2ccc(Cl)cc2)c1CC#N)C(C)C,1
QBWAJZHPSIDRDI-UHFFFAOYSA-N,IC50,nM,5000.0,N#Cc1c(C(=O)NN2CCCCC2)nn(-c2ccc(Cl)cc2)c1-n1cccc1,1
QBYHIWHXBCPYCW-UHFFFAOYSA-N,EC50,nM,920.0,Cc1ccc(C(=O)NC(C(C)(C)C)C(C)(C)C)cc1S(=O)(=O)N1CCOCC1,1
QCAPAERUHGOSHX-NHCUHLMSSA-N,Ki,nM,0.94,CC1=CCC2C(C1)c1c(O)cc(C(C)(C)C3CCCCCC3)cc1OC2(C)C,1
QCCUOHALIFFEGL-UHFFFAOYSA-N,Ki,nM,5.2,CCCCCCC(C)(C)c1ccc(-c2ccccc2N)c(O)c1,1
QCHYCIPXDVXRRX-UHFFFAOYSA-N,Ki,nM,5000.0,CC1(C)C(C(=O)c2cn(CC3CCOCC3)c3ccc(CO)cc23)C1(C)C,1
QCKIBTZYAAOBTL-UHFFFAOYSA-N,EC50,nM,15.0,Fc1ccc(-c2noc(C3CCN(c4cnc5c(C(F)(F)F)cccc5c4)CC3)n2)c(Cl)c1,1
QCYIKNZWXJIYAF-UHFFFAOYSA-N,EC50,nM,5000.0,CCn1c2ccccc2c2cc(NC(=O)CCc3cc(-c4ccccc4F)no3)ccc21,1
QDAVQSPQPFSTKZ-UHFFFAOYSA-N,Ki,nM,3900.0,CCCCCCC(C)(C)c1ccc(-c2cc(C)cc(C)c2)c(CN2CCOCC2)c1,1
QDLHWWNUZMPENW-OSPHWJPCSA-N,Ki,nM,63.0,O=C(NCc1ccc(Cl)cc1)C1CCC(c2ccc(Cl)cc2Cl)N(c2ccc(Cl)cc2)C1,1
QDNIVRIUYOBIGL-UHFFFAOYSA-N,Inhibition,%,50.0,Cc1c(C(=O)N(C)CCC#N)oc2ccc(S(=O)(=O)N3CC(C)CC(C)C3)cc12,1
QDXFKAFGRSGQKQ-UHFFFAOYSA-N,IC50,nM,8500.0,O=C(NC(c1cccnc1)C(F)(F)F)c1nc(N2CCOCC2)c2cnccn12,1
QEEBHTZADGCHRU-UHFFFAOYSA-N,Displacement,%,23.9,Cc1ccc(C2(c3ccc(C)cc3)NC(=O)N(CCN3CCOCC3)C2=O)cc1,1
QEGOWKJFJUQRGC-UIZPODPQSA-N,Ki,nM,5000.0,Cn1cc(C(=O)NC2C3(C)CCC(C3)C2(C)C)c(=O)c2ccc(F)cc21,1
QEKKZTBXSULKCC-IBGZPJMESA-N,Ki,nM,560.0,O=C(N1CCCCC1)N1CC(OC(c2ccc(Cl)cc2)c2cccnc2Cl)C1,1
QEMSVWCTUIBXRM-UHFFFAOYSA-N,Ki,nM,5.0,Cc1ccc(-c2ncc(C(=O)NC(C)CCc3ccccc3)nc2-c2ccc(C)cc2)cc1,1
QEPKCIORAPLQJK-BXKMTCNYSA-N,IC50,nM,2.0,CC(NC(=O)C(C)(C)Oc1ccc(C(F)(F)F)cn1)C(Cc1ccc(OCF)cc1)c1cc(F)cc(C#N)c1,1
QESUPNPIYGFLCJ-UHFFFAOYSA-N,Inhibition,%,14.0,CCCCCCCCCCCCCCCC(=O)OC(C)(C)C,1
QEUBHGFCPXABIR-UHFFFAOYSA-N,Inhibition,%,83.0,Cc1c(C(=O)NC2CC2)oc2ccc(S(=O)(=O)N3CC(C)CC(C)C3)cc12,1
QEUJSKQTXPXUFF-UHFFFAOYSA-N,Ki,nM,151.1,CCCCCn1cc(C(=O)NC2CN3CCC2CC3)c(=O)c2ccc(Sc3ccccc3)cc21,1
QEUMCZBESWKFQP-UHFFFAOYSA-N,Activity,%,76.0,O=C(NC12CC3CC(CC(C3)C1)C2)c1cnn(-c2ccc(Cl)cc2Cl)c1-c1ccc(I)cc1,1
QFCWCCDMADRXKD-UHFFFAOYSA-N,Ki,nM,39.0,Cc1ccc(-c2ncc(C(=O)NC(C)COc3c(C)cccc3C)nc2-c2ccc(C)cc2)cc1,1
QFKHXFSKJAJGEQ-UHFFFAOYSA-N,Activity,%,133.0,CC1(C)C(C(=O)c2cn(CCN3CCOC3=O)c3ccccc23)C1(C)C,1
QFKQUMBUFVKQBH-UHFFFAOYSA-N,Ki,nM,5000.0,CN1CCN(c2cc(-c3ccc(C#N)cc3)nc(N)n2)CC1,1
QFKUTMZIJHAEGY-LGMDPLHJSA-N,Inhibition,%,2.0,O=C(Oc1cccc(C=C2N=C3SCCCN3C2=O)c1)c1ccccc1,1
QFMHNGZEDPTVME-UHFFFAOYSA-N,Ki,nM,5000.0,CC1(C)C(C(=O)c2cn(CC3CCOCC3)c3cccc(OCc4ccccc4)c23)C1(C)C,1
QFTRYIXEFSLRLU-UHFFFAOYSA-N,Inhibition,%,4.8,CCCCCCCCCCCCCCCC(=O)NCc1ccc(C)cc1,1
QFWQTAKOHPUNGY-MGPUTAFESA-N,IC50,nM,10.7,CC(NS(=O)(=O)c1cccc(Cl)c1Cl)C(Cc1ccc(Cl)cc1)c1cccc(C#N)c1,1
QGBHDXFADXCURB-WOJBJXKFSA-N,Ki,nM,0.86,CC1=CCC2C(C1)c1c(O)cc(C(C)(C)CCCCC(=O)N(C)C)cc1OC2(C)C,1
QGDJXRXKUHTDSO-UHFFFAOYSA-N,IC50,nM,286.0,CC(C)(C)NC(=O)N1CCN(C(c2ccc(Br)cc2)c2ccccc2Cl)CC1,1
QGGDNPPFGLAESI-DOFZRALJSA-N,Ki,nM,600.0,CCCCCC=CCC=CCC=CCC=CCCCC(=O)N1CCN(c2ccc(Cl)cc2)CC1,1
QGNNSBSMEXYMLW-UHFFFAOYSA-N,EC50,nM,794.33,O=C(Nc1ccc(Cl)c(S(=O)(=O)N2CCOCC2)c1)c1cccc2ccccc12,1
QGNXBJNFYAPCJQ-BXKMTCNYSA-N,IC50,nM,90.0,CC(NC(=O)C(C)(C)Oc1ccc(Cl)cc1)C(Cc1ccc(Cl)cc1)c1ccc(F)cc1,1
QGPGSBQJJPTHDE-UHFFFAOYSA-N,EC50,nM,16000.0,Cc1cccc(-c2cc(C(=O)Nc3sc(C)c(C)c3C(N)=O)c3ccccc3n2)c1,1
QGTFGFCXQPEMPW-VZYDHVRKSA-N,Ki,nM,12.2,CS(=O)(=O)O.Cc1c(C(=O)c2ccc3ccccc3c2)c2cccc3c2n1C(CN1CCOCC1)CO3,1
QGXADYZSETUYHM-UHFFFAOYSA-N,Ki,nM,1.8,Cc1c(C(=O)NC2CCCCC2)nn(-c2ccc(Cl)cc2Cl)c1-c1ccc(Cl)cc1,1
QGXJMYJHRVJDGF-UHFFFAOYSA-N,Ki,nM,10000.0,CCCCCCC(C)(C)c1cc(OC)c(-c2cc(C)cc(C)c2)c(OC)c1,1
QGYFKWAMDALPDG-UHFFFAOYSA-N,Ki,nM,624.0,CSC(=O)N1CC2(CCCCC2)CN=C1Nc1cccc2ccccc12,1
QGYPCSASJKJMAT-UHFFFAOYSA-N,Activity,%,67.4,O=C1C(c2ccc(Cl)cc2)N(c2cccc(Cl)c2)C(=O)N1c1cccc(Cl)c1,1
QGYQPVHMGXSIRK-UHFFFAOYSA-N,Ki,nM,10.0,Cc1ccc(-c2c(C)c3c(n2-c2ccc(Cl)cc2Cl)CCN(C2CCCCC2)C3=O)cc1,1
QHCOBWPTHQJHDG-UHFFFAOYSA-N,Ki,nM,4.0,CCn1cnc2c(-c3ccc(Cl)cc3)n(-c3ccccc3Cl)nc2c1=O,1
QHFROVGTWNPDOW-UHFFFAOYSA-N,Kd,nM,1.2,CC1=CCC2C(C1)c1c(O)cc(CC#CCCCBr)cc1OC2(C)C,1
QHHCZYQRZPNRQT-UHFFFAOYSA-N,IC50,nM,7.0,N#CCc1c(C(=O)NCc2c(Cl)cccc2Cl)nn(-c2ccccc2Cl)c1-c1ccc(Cl)cc1,1
QHIJQKXKXDZQEW-UHFFFAOYSA-N,IC50,nM,80.0,O=C(Nc1ccccc1)c1cnc(-c2ccc(Cl)cc2)c(-c2ccc(Cl)cc2)n1,1
QHJVXQPKZAGEEA-UHFFFAOYSA-N,IC50,nM,5000.0,CCCCCCc1ccc(OCCCCCCCCCCC(=O)NCCc2ccc(O)c(O)c2)cc1O,1
QHMBSVQNZZTUGM-QRWMCTBCSA-N,Ki,nM,1258.93,C=C(C)C1CCC(C)=CC1c1c(O)cc(CCCCC)cc1O,1
QHOIZHYIPMMLIC-UHFFFAOYSA-N,Inhibition,%,71.0,O=C(c1ccc(-n2cnnn2)cc1)N(c1ccccc1)C1(C(=O)Nc2ccccc2)CCCCC1,1
QHPGFWKRMZAINM-CQSZACIVSA-N,IC50,nM,8500.0,O=C(NC(c1ccccn1)C(F)(F)F)c1nc(N2CCOCC2)c2cnccn12,1
QHZDSOXHNCQNOY-UHFFFAOYSA-N,Ki,nM,33.0,N#Cc1c(C(=O)NN2CCCCC2)nn(-c2ccc(Cl)cc2Cl)c1-c1ccc(I)cc1,1
QIERXXZDSLXNAV-UHFFFAOYSA-N,IC50,nM,26.0,COc1ccc(Oc2nc(-c3ccc(Cl)cc3Cl)c(-c3ccc(Cl)cc3)cc2C#N)cc1,1
QIISCCNVUJLJPM-NQLNTKRDSA-N,Activity,%,13.0,CCCCCC=CCC=CCCCCCCCC(=O)NCCc1ccc(OC)cc1,1
QILQZWUQLFATGY-UHFFFAOYSA-N,EC50,nM,4639.0,O=C(Nc1sc2c(c1C(=O)N1CCOCC1)CCOC2)c1c(Cl)cccc1Cl,1
QILUOVIHJROTFV-UHFFFAOYSA-N,IC50,nM,500.0,N#Cc1c(C(=O)NCc2ccc(Cl)c(Cl)c2)nn(-c2ccccc2)c1-n1cccc1,1
QINGXEUKNRODNT-KTKRTIGZSA-N,Ki,nM,5000.0,CCCCCCCCC=CCCCCCCCC(=O)N(O)CCO,1
QIOSBVONOYJYHD-FLIBITNWSA-N,Inhibition,%,0.0,O=C1C(=Cc2ccccc2Cl)N=C2SCCCN12,1
QIWZQPFRVZCLQR-UHFFFAOYSA-N,IC50,nM,8.0,N#Cc1cc(-c2ccc(Cl)cc2)c(-c2ccccc2Cl)nc1OCc1ccc(F)c(F)c1,1
QIYABHDIJFHOEJ-UHFFFAOYSA-N,EC50,nM,220.0,Fc1ccc(-c2noc(CCCNc3cnc4ccc(Cl)cc4c3)n2)c(Cl)c1,1
QJBCEHCGXIFZDF-UHFFFAOYSA-N,EC50,nM,2103.0,Oc1c(-c2ccccc2)n(-c2ccc(Cl)cc2)c(=S)n1-c1ccc(Cl)cc1,1
QJDJPGDIOUXVEC-UHFFFAOYSA-N,IC50,nM,12.0,N#Cc1cc(-c2ccc(Cl)cc2)c(-c2ccc(Cl)cc2Cl)nc1-n1ccnc1,1
QJGALWQWUHBBSK-LEWJYISDSA-N,IC50,nM,8.0,CC(C)(O)c1cc(C(F)(F)F)cc(S(=O)(=O)N2CCN(C(=O)C3CC3c3ccc(C(F)(F)F)cc3)CC2)c1,1
QJGPIDDPZBGDTJ-SFHVURJKSA-N,Ki,nM,2309.0,COc1ccc(S(=O)(=O)c2cc(OC)ccc2S(=O)(=O)c2ccc(C(C)NC(=O)C(C)(C)C)cc2)cc1,1
QJHGPDBEGCENKW-UHFFFAOYSA-N,Ki,nM,6456.0,COc1ccc(-n2c(O)c(-c3ccccc3)n(-c3ccc(OC)cc3)c2=O)cc1,1
QJLZKNFBWRBWEU-UHFFFAOYSA-N,Inhibition,%,37.0,Cc1cnc(NC(=O)C(C)(C)C)cc1CN1CCOCC1,1
QJMDAWQCQFXIKI-HZQOUZEWSA-N,Ki,nM,669.3,Cc1cccc(Cn2cc(C(=O)NC3C4(C)CCC(C4)C3(C)C)c(=O)c3ccc(Sc4ccccc4)cc32)c1,1
QJQJWGUVKGCDQK-MBSDFSHPSA-N,Inhibition,%,83.0,COC(=O)c1ccc(C2CC(=O)N3C(=C2C#N)SCC3(O)c2ccc(C)cc2)cc1,1
QJSPAMOJYVCLHT-QZTJIDSGSA-N,Ki,nM,21.7,CCCCCCC(=O)c1cc(O)c2c(c1)OC(C)(C)C1CC=C(C)CC21,1
QJUDXSNINJURLI-UHFFFAOYSA-N,IC50,nM,1.3,NC(Cc1c(C(=O)NN2CCCCC2)nn(-c2ccccc2Cl)c1-c1ccc(Cl)cc1)=NO,1
QKHVDXJTWUVYMX-UHFFFAOYSA-N,EC50,nM,390.1,Cc1c(C(=O)NN2CCCCC2)nn(-c2ccc(Cl)cc2Cl)c1-c1ccc(C#CCNC(C)C)s1,1
QKJAICLUPJKFRV-UHFFFAOYSA-N,Ki,nM,5000.0,CC1(C)C(C(=O)c2cn(CCN)c3ccccc23)C1(C)C,1
QKKOCCWVDHJYBB-UHFFFAOYSA-N,IC50,nM,947.0,Cc1ccc(NC(=O)n2nc(-c3ccc(C)cc3)n(-c3ccc(Cl)cc3)c2=O)cc1,1
QKLASGDQCHUAJT-UHFFFAOYSA-N,EC50,nM,16000.0,N=c1c(C(=O)NC2CCCCC2)cc2c(=O)n3ccccc3nc2n1C1CCCC1,1
QKPQXTBFKAZYEF-UHFFFAOYSA-N,Ki,nM,560.0,CC(C(=O)NCCC(c1ccccc1)c1ccccc1)(c1ccccc1)c1ccccc1,1
QKRGRWXDVSZBQO-UHFFFAOYSA-N,EC50,nM,1581.14,O=C(NCC1CCOCC1)c1cnc(Nc2cc(Cl)ccc2Cl)cc1C1CC1,1
QKSTVKQKJHYJSK-UHFFFAOYSA-N,EC50,nM,15811.4,FC(F)(F)c1cccc(-c2ccc(N3CCOCC3)nn2)c1C(F)(F)F,1
QKTCZFBLPVWQNB-UHFFFAOYSA-N,Ki,nM,5000.0,CCCCCn1cc(C(=O)C(=O)NC2CCCCC2)c2cc(-c3ccccc3)ccc21,1
QKUHMOGTXTVVHA-UHFFFAOYSA-N,Ki,nM,3.0,CCc1c(C(=O)NC2CCCCC2)nn(-c2ccc(Cl)cc2Cl)c1-n1cccc1,1
QKXYXSPMMQZDDM-UHFFFAOYSA-N,EC50,nM,16000.0,COc1ccc(S(=O)(=O)N2CCOCC2)cc1NC(=O)c1ccc(-n2nc(C)cc2C)cc1,1
QLAQPJYGXQIMQE-UHFFFAOYSA-N,Ki,nM,5.6,Cc1c(C(=O)NC2CCCCC2)nn(-c2ccc(Cl)c(Cl)c2)c1-n1c(Cl)ccc1Cl,1
QLBXZSFNHXEXCN-NQIIRXRSSA-N,Ki,nM,6.3,CC(C)CNS(=O)(=O)C1CCC(c2ccc(Cl)cc2Cl)N(c2ccc(Cl)cc2)C1,1
QLFKLOBXDDGAQT-UHFFFAOYSA-N,IC50,nM,14.0,O=C(NN1CCCCC1)c1cnc(-c2ccc(Cl)cc2)c(-c2ccc(Cl)cc2Cl)n1,1
QLIMCNSKOVRYLW-UHFFFAOYSA-N,Ki,nM,26.0,CCC(CC)n1cnc2c(-c3ccc(Cl)cc3)n(-c3ccccc3Cl)nc2c1=O,1
QLJAVPOZLQREOW-UHFFFAOYSA-N,EC50,nM,6.31,COCCN(C)Cc1csc(-c2cn(CC3CCOCC3)c3c(Cl)cccc23)n1.Cl,1
QLJQDESLRXMWQW-UHFFFAOYSA-N,Kd,nM,31.62,CCN(CC)S(=O)(=O)NC(=NC)N1CC(c2cccnc2)C(c2ccc(Cl)cc2)=N1,1
QLYKJCMUNUWAGO-GAJHUEQPSA-N,Activity,%,-123.0,CC(NC(=O)C(C)(C)Oc1ccc(C(F)(F)F)cn1)C(Cc1ccc(Cl)cc1)c1cccc(C#N)c1,1
QLYLQZDQDIQXQW-UHFFFAOYSA-N,Ki,nM,2734.0,O=C(NC1CCCCCC1)c1cc(-c2ccc(F)cc2)cn(CCN2CCOCC2)c1=O,1
QLYZKDZSXPJFFF-UHFFFAOYSA-N,Ki,nM,510.0,CCCCCc1cc(O)cc(OCCCCCCCCCCC(=O)NCC2CC2)c1,1
QLZDGVLTCPINMU-UHFFFAOYSA-N,IC50,nM,200.0,O=C(NCCCc1ccccc1)c1cnn(-c2cccc(Cl)c2)c1-c1ccc(-c2ccccc2)cc1,1
QMHIUPMARAOPEA-UHFFFAOYSA-N,Ki,nM,10000.0,CCCCCC(NC(=O)Cc1ccccc1)NC(=O)Cc1ccccc1,1
QMNRCJLDOUOGJJ-UHFFFAOYSA-N,IC50,nM,17.0,Cc1cccc(-c2c(C)c3c(n2-c2ccc(Cl)cc2Cl)CCN(C2CCCCC2)C3=O)c1,1
QMSZYSVYDVBLRN-UHFFFAOYSA-N,EC50,nM,1581.14,O=C(NCC1CCOCC1)c1cnc(Nc2cccc(OC(F)(F)F)c2)cc1C1CC1,1
QMTPGEKECKOWFW-UHFFFAOYSA-N,Ki,nM,1.5,CN1CCN(c2ncnc3c2nc(-c2ccc(Cl)cc2Cl)n3-c2ccc(Cl)cc2)CC1,1
QMWHOFREVSGDBF-UHFFFAOYSA-N,Ki,nM,5000.0,N#CCn1nnc(Cc2ccc(-c3ccccc3)cc2)n1,1
QNFSJEOLAMIHHY-TZIWHRDSSA-N,Ki,nM,34.4,CC1=CCC2C(C1)c1c(O)cc(C(C)(C)c3ccccc3C)cc1OC2(C)C,1
QNGNGGBBUUJQJP-UHFFFAOYSA-N,Ki,nM,30.0,CC(F)(F)CN1CCc2c(nn(-c3ccccc3Cl)c2-c2ccc(Cl)cc2)C1,1
QNRFAYBLRUYEFW-OVAHNPOGSA-N,EC50,nM,63.1,COc1cccc2c(C(=O)N3CC4CCCN4CC3C)cn(CC3CCCCC3)c12.Cl,1
QNVCPMXPXAEENP-UHFFFAOYSA-N,Inhibition,%,90.0,Cc1c(C(=O)N2CCCCCC2)oc2ccc(S(=O)(=O)N3CC(C)CC(C)C3)cc12,1
QODLVTGNLXQJER-UHFFFAOYSA-N,IC50,nM,200.0,Cc1c(C(=O)NCC2CCCCC2)nn(-c2ccc(Cl)cc2)c1-n1cccc1,1
QOEZMLSBDIWUCR-UHFFFAOYSA-N,Ki,nM,500.0,CCCCCOc1ccccc1-c1cc(C(=O)NC23CC4CC(CC2C4)C3)no1,1
QOHJHNMPMYRTGG-UHFFFAOYSA-N,EC50,nM,25100.0,COc1cccc(Nc2ncc(C(=O)N3CCOCC3)c3c(C)c[nH]c23)c1,1
QOIHZTWJPUIHKH-UHFFFAOYSA-N,Ki,nM,5000.0,CC(C)S(=O)(=O)c1ccc2c(c1)nc(CC(C)(C)C)n2CC1CC1,1
QOQDGRSSDLYSDM-UHFFFAOYSA-N,IC50,nM,1.9,CC(C)C(=O)c1oc2nc(-c3ccc(Cl)cc3Cl)c(-c3ccc(Cl)cc3)cc2c1N,1
QORGRCFIZLWIDX-UHFFFAOYSA-N,Ki,nM,5000.0,CC1(C)C(C(=O)c2cn(CCN3CCNCC3)c3ccccc23)C1(C)C,1
QOSVXCGYSOHDAF-UHFFFAOYSA-N,IC50,nM,19.0,O=C(NC1CCCCC1)N1CCN(C(c2ccc(Cl)cc2)c2ccc(Cl)cc2Cl)CC1,1
QOTAUZLULHXTFX-AWJHAJMOSA-N,Ki,nM,1000.0,O=C(CCCCC1SCC2NC(=O)NC21)NCCCCCC(=O)OCCCCC=CCC=CCC=CCC=CCCCC(=O)NC1CC1,1
QOWZWLUZYDFLKV-UHFFFAOYSA-N,EC50,nM,25.0,CCN1CCc2c(nn(-c3ccccc3Cl)c2-c2ccc(Cl)cc2)C1=O,1
QPASHVDHBXCMPZ-HHXXYDBFSA-N,IC50,nM,8500.0,O=C(c1ccon1)N1CCC(O)(c2ccccc2)C2CCCCC21,1
QPBXMKXPOLTGHF-UHFFFAOYSA-N,Activity,%,59.0,O=C(c1cnn(-c2ccc(Cl)cc2Cl)c1-c1ccc(Cl)cc1)N1CCCCC1,1
QPEHOCICIVWIMK-UHFFFAOYSA-N,Kd,nM,77.62,Cc1cc(Cl)ccc1-c1c(C)c(C(=O)NN2CCCCC2)nn1-c1c(Cl)cc(Cl)cc1Cl,1
QPKRAAIWDLDDGG-UHFFFAOYSA-N,Inhibition,%,0.0,CCCCCc1cc(OC)c2cc(Cc3cccc(C)c3)c(=O)oc2c1,1
QPSXJPGVOLOXMB-UHFFFAOYSA-N,EC50,nM,0.5,O=C(C1CCCCC1)N1CCN(S(=O)(=O)c2cc(Cl)cc(Cl)c2)CC1,1
QPUXUSUONDVIKY-UHFFFAOYSA-N,IC50,nM,25.12,O=C(NN1CCCCC1)c1ccc2c(c1)N=C(C1CCCCC1)c1ccccc1S2,1
QPWFAMUJAQBGOG-WOJBJXKFSA-N,Ki,nM,0.5,CCCCCCC1(c2cc(O)c3c(c2)OC(C)(C)C2CC=C(C)CC32)OCCO1,1
QQBMIKBSCMCZSF-UHFFFAOYSA-N,Inhibition,%,84.0,Cc1cccc(NC(=O)c2oc3ccc(S(=O)(=O)N4CC(C)CC(C)C4)cc3c2C)c1C,1
QQJZBMHHFXIKEI-KAGYGMCKSA-N,IC50,nM,8500.0,Cc1cccc(C(=O)N2CCC(O)(c3ccccc3)C3CCCCC32)n1,1
QQKXBYYVXQLJDF-UHFFFAOYSA-N,Ki,nM,70.0,Cc1c(C(=O)NCCc2ccc(Cl)cc2)nn(-c2ccc(Cl)cc2Cl)c1-n1cccc1,1
QQNHWLNCYYWVAK-UHFFFAOYSA-N,Ki,nM,30.0,CC(C)(NC(=O)c1cc2c(n(CC3CCCCC3)c1=O)CCCCCC2)C(=O)NN,1
QQNQWKFMZOLZQO-UHFFFAOYSA-N,Ki,nM,32.0,CC(C)(NC(=O)c1cc2c(n(CC3CCCCC3)c1=O)CCCCCC2)C(=O)NNS(C)(=O)=O,1
QQXYLDQBGTVJBJ-XQXKNUKBSA-N,IC50,nM,8500.0,CN1CCCCC1C(=O)N1CCC(O)(c2ccccc2)C2CCCCC21,1
QQYXKQTWUNAINA-UHFFFAOYSA-N,Ki,nM,1500.0,CCCCCOc1ccccc1-c1cc(C(=O)NC23CC4CC(CC(C4)C2)C3)no1,1
QRADAMBELOIJIA-UHFFFAOYSA-N,EC50,nM,5000.0,CC(=O)N1CCC(Cn2c(C(C)(C)C)nc3cc(S(=O)(=O)C4CCCC4)ccc32)CC1,1
QRGYLEAVFDZUPV-UHFFFAOYSA-N,Ki,nM,239.0,CCCCNC(=O)N1CCN(C(c2ccccc2)c2ccccc2)CC1,1
QRLAIUSGKUVHBM-XMMPIXPASA-N,IC50,nM,2.1,CCc1cc(C(=O)NC2CC(C)(C)Oc3nc(-c4ccc(Cl)cc4Cl)c(-c4ccc(Cl)cc4)cc32)n[nH]1,1
QRSVPKVXMPRRCG-UHFFFAOYSA-N,Ki,nM,1000.0,CCN(CC)c1ccc(CN(C(=O)Cc2ccc(Cl)cc2)c2ccc(Cl)cc2)cc1,1
QRVATYZBDQGJCP-HOYKHHGWSA-N,Ki,nM,5055.0,CCCCCCC(C)(C)c1cc(OC)c(C2(O)CCCC(C)C2)c(OC)c1,1
QRZXOQNNWGAWKP-UHFFFAOYSA-N,Activity,%,9.0,Cc1nocc1S(=O)(=O)N1CCc2c(nc(CC(C)(C)C)n2CC2CC2)C1,1
QSCASGULDNMCQE-UHFFFAOYSA-N,Ki,nM,5000.0,Cc1c(C(=O)NC2(C#N)CCOCC2)nn(-c2cccc(Br)c2)c1-c1ccccc1,1
QSEBFWPMFWCVGA-UHFFFAOYSA-N,IC50,nM,21.0,CC1CC(=O)c2cc(-c3ccc(Cl)cc3)c(-c3ccccc3Cl)nc2O1,1
QSJJAHPXXIEMLU-UHFFFAOYSA-N,Ki,nM,259.0,Cc1c(C(=O)NC2(C#N)CCOCC2)nn(-c2ccc(Br)cc2)c1-c1ccccc1,1
QSJYEDBNXXEBDB-UHFFFAOYSA-N,Ki,nM,15.0,Fc1ccc(CC2CCC(c3ccc(Cl)cc3Cl)N(c3ccc(Cl)cc3)C2)cc1F,1
QSNRCGNYLFXFOX-UHFFFAOYSA-N,EC50,nM,5000.0,Cc1ccc(C(=O)Nc2ccccc2)cc1S(=O)(=O)N1CCCCC1,1
QSODNAABVYLCPY-UHFFFAOYSA-N,Activity,%,73.0,O=C1N(c2ccccc2)C(=S)NC1(c1ccc(Br)cc1)c1ccc(Br)cc1,1
QSOPJLOXGPOPCK-UHFFFAOYSA-N,IC50,nM,10.0,Cc1c(C(=O)NC2CCCCC2)nn(-c2ccc(Cl)c(Cl)c2)c1-n1cccc1,1
QSQPBQDPYZUXET-UHFFFAOYSA-N,EC50,nM,3428.0,CC(=O)N1CCC(Cn2c(C(C)(C)C)nc3cc(S(=O)(=O)c4nccs4)ccc32)CC1,1
QSQQQURBVYWZKJ-UHFFFAOYSA-N,Ki,nM,5000.0,CC(N)Cc1c[nH]c2ccccc12,1
QSWWOJVUWCJUGP-UHFFFAOYSA-N,Inhibition,%,58.0,CCCCCc1cc(OC)c2cc(Cc3ccccc3)c(=O)oc2c1,1
QSWXXDOVOXZHMU-UHFFFAOYSA-N,Ki,nM,2800.0,O=c1c2cn(CCN3CCOCC3)c3ccccc3c-2nn1C1CCCCC1,1
QSXOIZNBRGLYPO-UHFFFAOYSA-N,Activity,%,25.0,COCCS(=O)(=O)N1CCc2c(nc(C(C)(C)C)n2CC2CC2)C1,1
QSYJQQBEKFPBTF-UHFFFAOYSA-N,Ki,nM,2250.0,CCN(CC)c1ccc(CN(Cc2ccc(F)cc2)S(=O)(=O)c2ccc(C)cc2)cc1,1
QTACMYONLNKRHY-UHFFFAOYSA-N,Kd,nM,25.12,CN=C(NS(=O)(=O)c1ccc(Cl)cc1)N1CC(c2ccccc2)C(c2ccc(F)cc2)=N1,1
QTCBPDCQKFDOSJ-UHFFFAOYSA-N,EC50,nM,16000.0,Cc1cccn2c(=O)c3cc(C(=O)NCc4ccco4)c(=N)n(C4CCCC4)c3nc12,1
QTJUKEFFXJKADG-UHFFFAOYSA-N,Ki,nM,5000.0,O=[N+]([O-])c1ccc2c(c1)c(OCc1ccc3ccccc3c1)nn2Cc1ccccc1,1
QTKOMAQFGBXVHU-UHFFFAOYSA-N,Kd,nM,3.162,O=C(NN1CCCCC1)c1nc(-c2ccc(Cl)cc2Cl)n(-c2ccc(Cl)cc2)c1Cl,1
QTVOGNJQEBJVQV-UHFFFAOYSA-N,Activity,%,30.0,CCCCCn1cc(C(=O)NC(C)C)c(=O)cc1C,1
QTYJUQRMKMPJND-UHFFFAOYSA-N,EC50,nM,5000.0,Nc1cccc(NC(=O)c2cccc(S(=O)(=O)N3CCCCC3)c2)c1,1
QTZWTHJJQQMEJE-UHFFFAOYSA-N,Ki,nM,10000.0,CCCCN(CCCC)c1ccc(C(NC(=O)Cc2ccccc2)NC(=O)Cc2ccccc2)cc1,1
QUAZWCZRNVNLQQ-UHFFFAOYSA-N,EC50,nM,28.0,N#Cc1cc(-c2ccc(Cl)cc2)c(-c2ccc(Cl)cc2Cl)nc1OCc1ccccc1,1
QUBNKDABMWJSQR-UHFFFAOYSA-N,Decrease,%,-74.0,C=CCN1C(=O)C(c2ccc(I)cc2)(c2ccc(I)cc2)NC1=S,1
QUDVCWZKXYUWQP-UHFFFAOYSA-N,Ki,nM,60.0,CCCCCc1cc(O)cc(OCCCCCCCCCCCC(=O)NCCO)c1,1
QUFMLWDZQZQXLQ-UHFFFAOYSA-N,EC50,nM,5000.0,CCn1c2ccccc2c2cc(NC(=O)CCc3nc(-c4ccccc4F)co3)ccc21,1
QUGRABBFVLHPJH-GOSISDBHSA-N,EC50,nM,9.8,CCN(CC(=O)NCCF)C(=O)c1ccc2c(c1)c1c(n2C)CCC(C2CCOCC2)C1,1
QUJUVKLBWROPMP-UHFFFAOYSA-N,Ki,nM,5000.0,O=C(NC1CCCCC1)c1cccn(CCN2CCOCC2)c1=O,1
QUQABDQMEBGYEW-UONOGXRCSA-N,Ki,nM,2500.0,CC1CN(S(=O)(=O)c2ccc(Cl)cc2S(=O)(=O)c2ccccc2F)CCC1CNS(=O)(=O)C(F)(F)F,1
QUWDHYVVJHSYHA-UHFFFAOYSA-N,EC50,nM,16000.0,COc1ccc(NS(=O)(=O)c2ccc3nc(COc4cccc5ccccc45)[nH]c3c2)cc1,1
QUXMLLOPSWHDBX-DNQXCXABSA-N,Ki,nM,187.0,CC1=CCC2C(C1)c1c(O)cc(C(C)(C)CCCCC(=O)Nc3ccc(Cl)cc3)cc1OC2(C)C,1
QUYCAQJVQKQHRN-UHFFFAOYSA-N,Activity,%,10.0,CCCCCn1c(C)c(C(=O)NCCc2ccccc2)c(=O)c2ccccc21,1
QUYRRBBIPJEXPS-UHFFFAOYSA-N,IC50,nM,1.7,O=C1CC(c2cccc(F)c2)Oc2nc(-c3ccccc3Cl)c(-c3ccc(Cl)cc3)cc21,1
QVDSEJDULKLHCG-UHFFFAOYSA-N,Ki,nM,5000.0,CN(C)CCc1c[nH]c2cccc(OP(=O)(O)O)c12,1
QVFUKBUINZLPLW-UHFFFAOYSA-N,IC50,nM,11.0,CC(C)(C)c1nc(N)c2cc(-c3ccc(Cl)cc3)c(-c3ccc(Cl)cc3Cl)nc2n1,1
QVMBZYVOASLQMK-FNORWQNLSA-N,Kd,nM,11.5,COCCCC=CCc1cc(O)c2c(c1)OC(C)(C)C1CC=C(C)CC21,1
QVRBOJREASCNET-UHFFFAOYSA-N,IC50,nM,200.0,Cc1c(C(=O)NN2CCCCC2)nn(-c2ccc(Cl)cc2)c1-n1cccc1,1
QVZCMVDSTYUQDH-UHFFFAOYSA-N,IC50,nM,1.9,CC(C)(C)C1CC(=O)c2cc(-c3ccc(Cl)cc3)c(-c3ccccc3Cl)nc2O1,1
QWDZLNDAIUPCIA-BQYQJAHWSA-N,Kd,nM,11.0,CCCC=CCCCc1cc(O)c2c(c1)OC(C)(C)C1CC=C(C)CC21,1
QWFHZLVKTPWZBG-SFHVURJKSA-N,EC50,nM,3981.07,O=C(c1cn2c3c(cccc13)OCC2C1CCCCC1)N1CCNCC1,1
QWIFCKKBFJGTGR-UHFFFAOYSA-N,EC50,nM,1581.14,Cc1cccc(Nc2cc(C(C)C)c(C(=O)NCC3CCOCC3)cn2)c1,1
QWOVGBHZFLBBHN-UHFFFAOYSA-N,IC50,nM,1.5,N=C(N)Cc1c(C(=O)Nc2ccc(F)cc2)nn(-c2ccccc2Cl)c1-c1ccc(Cl)cc1,1
QWSZWWIIFSQZII-UHFFFAOYSA-N,Kb,nM,259.3,CCCc1c(C(=O)NCCc2ccc(N(C)C)cc2)[nH]c2ccc(Cl)cc12,1
QWWIQCNBCCSETJ-UHFFFAOYSA-N,Ki,nM,500.0,CCCCCn1cc(C(=O)NC2CCCCC2)c(=O)c2c(C)nn(C)c21,1
QWXXKKDLCMLNJS-UHFFFAOYSA-N,EC50,nM,37.0,O=C(NC12CC3CC(CC(C3)C1)C2)c1nn(-c2ccc(Cl)c(Cl)c2)c2c1CCCC2,1
QWXZWGIRNZRBGH-SOFGYWHQSA-N,Activity,%,11.84,O=C(O)CCC(=O)C=Cc1ccc2ccccc2c1,1
QXACEHWTBCFNSA-SFQUDFHCSA-N,IC50,nM,3310.0,CCCCCc1cc(O)c(CC=C(C)CCC=C(C)C)c(O)c1,1
QXAOYNQWYDNRAL-MRXNPFEDSA-N,Inhibition,%,8.3,CCC(C)(C)C(=O)Nc1cc(C)c(C)c(S(=O)(=O)N2CCCC2CO)c1,1
QXLOUNSVCXFKFD-UHFFFAOYSA-N,Ki,nM,1995.0,CCCCc1c(C(=O)NC23CC4CC(CC(C4)C2)C3)nc(C)n1-c1ccccc1,1
QXLRCSNJDDZHMP-PGRDOPGGSA-N,IC50,nM,18.0,CC(NC(=O)C(C)(C)Oc1ccccc1Cl)C(Cc1ccc(Cl)cc1)c1ccccc1,1
QXPPSINZOIXLQO-UHFFFAOYSA-N,Ki,nM,560.0,O=C(NC1CCCCC1)c1cc2cccnc2n(Cc2ccccc2)c1=O,1
QXXKICBQBROVQK-UHFFFAOYSA-N,Ki,nM,5600.0,CCCCn1c(=O)c(C(=O)NC2CCCCC2)cc2cccnc21,1
QXYCFPVYNBKMMB-AWEZNQCLSA-N,Ki,nM,7.0,CC(NCC(F)(F)F)c1ccc(S(=O)(=O)c2ccc(Cl)cc2S(=O)(=O)c2ccccc2F)cc1,1
QXZYVJRMQVOOEQ-UHFFFAOYSA-N,Ki,nM,21.0,CCCCCn1cc(C(=O)c2cccc3cccc(Br)c23)c2ccccc21,1
QYAFAVRFPBBCLT-UHFFFAOYSA-N,Inhibition,%,10.0,CCC(C)(C)C(=O)Nc1cc(CN2CCOCC2)c(N)cn1,1
QYFIFXVXTJTVGP-ZDUSSCGKSA-N,Ki,nM,308.0,CCCS(=O)(=O)c1cc(Cl)ccc1S(=O)(=O)c1ccc(C(C)NS(C)(=O)=O)cc1,1
QYGPQHCEKBUPMO-KHPPLWFESA-N,Ki,nM,5000.0,CCCCCCCCC=CCCCCCCCCCCCC(=O)NCCc1ccc(OC)cc1,1
QYOXVDHZVYJTMY-YPLOMLCWSA-N,Ki,nM,16.0,COc1cccc2c3c(=O)n(C4C5(C)CCC(C5)C4(C)C)ccc3n(CCN3CCOCC3)c12,1
QYTJAIJIOZFMNC-UHFFFAOYSA-N,Activity,%,30.0,CCCCCn1cc(C(=O)NC23CC4CC(CC(C4)C2)C3)c(=O)c(-c2cccc(C(C)=O)c2)c1C,1
QYTYCKLIPDRLNJ-UHFFFAOYSA-N,Activity,%,30.0,CCCCCn1cc(C(=O)NCC23CC4CC(CC(C4)C2)C3)c(=O)cc1C,1
QZAKIHCFBWFSFX-QNKGQHBXSA-N,IC50,nM,16000.0,CCCN(CCC)Cc1c(C(=O)NN=CC(C)=Cc2ccco2)nnn1-c1nonc1N,1
QZHJRJXLQRVFSY-UHFFFAOYSA-N,Inhibition,%,15.0,CCC(C)(C)C(=O)Nc1cc(S(=O)(=O)N2CCOCC2)cc(C)c1C,1
QZIONUOYWZONRH-UHFFFAOYSA-N,Ki,nM,1800.0,CCCC(C)(C)C(=O)Nc1cc(CN2CCOCC2)c(C)cn1,1
QZKKHODOPRTBNE-UHFFFAOYSA-N,IC50,nM,28.0,CN(C)c1ccc(-c2cc3c(nc2-c2ccccc2Cl)nc(C(C)(C)C)n2c(=O)[nH]nc32)cc1,1
QZLJUMPAAZASKZ-UHFFFAOYSA-N,Ke,nM,135.0,CCNC(=O)NCC1CCC(CNC(=O)c2nn(-c3ccc(Cl)cc3Cl)c(-c3ccc(Cl)cc3)c2C)CC1,1
QZLZVRDMGYFIQN-UHFFFAOYSA-N,Ki,nM,66.0,CC1(C)C(C(=O)c2cn(CC3CCOCC3)c3c(F)c(F)c(F)c(F)c23)C1(C)C,1
QZMXWWOWMIDWTC-UHFFFAOYSA-N,EC50,nM,5000.0,COCCNC(=O)c1c(NC(=O)CN2CCCCC2)sc2c1CCCC2,1
QZPGHFXQQXHGEM-UHFFFAOYSA-N,Ki,nM,34673.7,Cc1c(C(=O)NN2CCCCC2)nn(C)c1-c1ccc(Cl)cc1,1
QZTFECCCTAQCHU-UHFFFAOYSA-N,EC50,nM,1.0,O=C(C1CCCCC1)N1CCN(S(=O)(=O)c2cc(C(F)(F)F)cc(C(F)(F)F)c2)CC1,1
QZZGNGJACXGZKQ-UHFFFAOYSA-N,Ki,nM,514.0,CCN(CC)c1ccc(CN(c2ccc(C)cc2)S(=O)(=O)c2ccccc2)cc1,1
RAAXJIUKGYWMQD-ZKWNWVNESA-N,Ki,nM,500.0,CCCCCC=CCC=CCC=CCC=CCCCC(=O)Nc1ccc(OC)cc1,1
RADADMMYMVJCPA-UHFFFAOYSA-N,IC50,nM,0.39,CN(C)C(=O)Nc1c(C(=O)C(C)(C)C)oc2nc(-c3ccccc3Cl)c(-c3ccc(Cl)cc3)cc12,1
RAEOAJBOVOPUDI-UHFFFAOYSA-N,EC50,nM,5000.0,COc1ccc(S(=O)(=O)C(C)(C)C(=O)Nc2cnc3ccccc3c2)c(Cl)c1,1
RAGYWYVHJWEEIO-UHFFFAOYSA-N,Ki,nM,1500.0,Cc1cccc(C2=NN(C(=O)Nc3ccccc3)CC2Cc2ccccc2)c1,1
RAHXGVDTOFMMEF-UHFFFAOYSA-N,Ke,nM,0.7,Cc1c(C(=O)N2CCC(NC(=O)NC(C)C)(c3ccccc3)CC2)nn(-c2ccc(Cl)cc2Cl)c1-c1ccc(Cl)cc1,1
RAJBNWQWTHKCHD-UHFFFAOYSA-N,IC50,nM,0.7,N#CCc1c(C(=O)NCc2ccc(F)c(Br)c2)nn(-c2ccccc2Cl)c1-c1ccc(Cl)cc1,1
RANFGPMSRSEXQE-RTBURBONSA-N,Activity,nM,5000.0,CCCCCC#Cc1cc(F)c2c(c1)OC(C)(C)C1CC=C(C)CC21,1
RAQAHHFDIQYSQS-UHFFFAOYSA-N,EC50,nM,50000.0,Cc1nc(N2CCN(C)CC2)c2nc(-c3ccccc3C3CC3)n(C3CCOCC3)c2n1.Cl,1
RARSOSZGLZWADN-UHFFFAOYSA-N,IC50,nM,500.0,NC(=O)CN=C(NS(=O)(=O)c1ccc(Cl)cc1)N1CC(c2ccccc2)C(c2ccc(Cl)cc2)=N1,1
RAVRTQMDHKJJIW-UHFFFAOYSA-N,Ki,nM,50.0,CS(=O)(=O)C(=C1CN(C(c2ccc(Cl)cc2)c2ccc(Cl)cc2)C1)c1cc(F)cc(F)c1,1
RAWGXWUDNKRGHQ-LUAWRHEFSA-N,Inhibition,%,4.0,COc1ccccc1C=C1N=C2SCCCN2C1=O,1
RBDSMVUZBCAAEN-UHFFFAOYSA-N,Kd,nM,0.3981,Cc1cc(C)c(S(=O)(=O)N=C(N)N2CC(c3ccccc3)C(c3ccc(Cl)cc3)=N2)c(C)c1,1
RBYBXIHVTQUTHX-UHFFFAOYSA-N,Ki,nM,5000.0,CCCCCCc1ccc(OCCCCCCCCCCC(=O)NCCO)cc1O,1
RCDDRZOJAVJMCL-UHFFFAOYSA-N,IC50,nM,1.9,CC(C)(C)c1nc2nc(-c3ccccc3Cl)c(-c3ccc(Cl)cc3)cc2c2n[nH]c(=O)n12,1
RCGMCIFWNJOPIY-GVHPLLPZSA-N,Ki,nM,2.8,CCCCCn1cc(C(=O)NC2C3(C)CCC(C3)C2(C)C)c(=O)c2cc(Br)ccc21,1
RCHAUSSKCBRXFN-UHFFFAOYSA-N,EC50,nM,12550.0,Clc1cccc(-c2cnc(-c3cccc(CN4CCCCC4)c3)[nH]2)c1Cl,1
RCICCLVZETTYAJ-UHFFFAOYSA-N,Ki,nM,420.0,CCCCCn1cc(C(=O)NC2CCCCC2)c(=O)n2nc(CC)cc12,1
RCISLYYUAFRAKW-UHFFFAOYSA-N,Ke,nM,46.0,CC(C)NC(=O)NC1(c2ccccc2)CCN(c2ncnc3c2nc(-c2ccccc2Cl)n3-c2ccc(Cl)cc2)CC1,1
RCKKPNPBNOFPPC-UHFFFAOYSA-N,Ki,nM,5000.0,CCCCCn1cc(C(=O)NC23CC4CC(CC(C4)C2)C3)c(=O)c2ccc(Cl)c(C)c21,1
RCRCTBLIHCHWDZ-DOFZRALJSA-N,EC50,nM,23.0,CCCCCC=CCC=CCC=CCC=CCCCC(=O)OC(CO)CO,1
RCWPZOXXFWBBOR-SAWYMBPVSA-N,EC50,nM,280.0,CC12CCC(C1)C(C)(C)C2NC(=O)c1ccc(Br)c(S(=O)(=O)N2CCCCC2)c1,1
RCWSXVLXYQOHTN-UHFFFAOYSA-N,Displacement,%,50.2,O=C1NC(c2ccc(Br)cc2)(c2ccc(Br)cc2)C(=O)N1CCCO,1
RCYZPHZEUPMHMV-UHFFFAOYSA-N,Ki,nM,130.0,Cc1ccc(-c2nnn(CC(C)(C)C)n2)cc1S(=O)(=O)N1CCOCC1,1
RDBUTRKZGMJCRX-KSFYIVLOSA-N,IC50,nM,12.2,CC(NC(=O)C(C)(C)Nc1ncc(Cl)cc1Cl)C(Cc1ccc(Cl)cc1)c1cccc(C#N)c1,1
RDFKTYTWUPAVOR-UHFFFAOYSA-N,EC50,nM,15000.0,Cc1c[nH]c2c(Nc3cccc(Cl)c3)ncc(C(=O)N3CCCCCC3)c12,1
RDQBUHGLOYTUMY-UHFFFAOYSA-N,Activity,%,25.0,CC(C)CCOc1cc(O)cc(OCCCCCCCCCCC(=O)NCCO)c1,1
RECWZMXRXCPHSX-YRNRMSPPSA-N,EC50,nM,794.33,CC1CNCC(C)N1C(=O)c1cn2c3c(cccc13)OCC2C1CCCCC1,1
REENVFGEAIQFKL-UHFFFAOYSA-N,Ki,nM,6.1,CCCCCn1cc(C(=O)NC23CC4CC(CC(C4)C2)C3)c(=O)c2ccc(S(=O)(=O)c3ccccc3)cc21,1
REGUYCWTBDAZDP-UHFFFAOYSA-N,Kd,nM,39.81,O=S(=O)(NC(=NCCCCCCCNc1c2c(nc3ccccc13)CCCC2)N1CC(c2ccccc2)C(c2ccc(Cl)cc2)=N1)c1ccc(Cl)cc1,1
REHIEVFQRQVSNB-UHFFFAOYSA-N,EC50,nM,300.0,O=C(C1CCCCC1)N1C2CCC1CN(S(=O)(=O)c1cccc3ccccc13)C2,1
RENOYULSYYKUBU-UHFFFAOYSA-N,Ki,nM,707.95,COCCn1cc(C(=O)C2C(C)(C)C2(C)C)c2ccccc21,1
REOYOKXLUFHOBV-UHFFFAOYSA-N,Activity,pmol,8.45,Cc1c(C(=O)NN2CCCCC2)nn(-c2ccc(Cl)cc2Cl)c1-c1ccc(Cl)cc1.Cl,1
REQGHDPBBUSDDM-UHFFFAOYSA-N,IC50,nM,1.2,CNCC(=O)Nc1c(C(=O)C(C)(C)C)oc2nc(-c3ccccc3Cl)c(-c3ccc(Cl)cc3)cc12,1
RERBOKHPWNZETI-UHFFFAOYSA-N,IC50,nM,9.2,O=C(NC1CCCCC1)N1CCN(C(c2ccccc2)c2ccc(Cl)cc2Cl)CC1,1
RESZTQWSVRJAHG-FGZHOGPDSA-N,Ki,nM,58.7,O=C(NC1CCCCC1O)c1cnc(OCc2ccncc2)c(-c2ccc(Cl)cc2)c1,1
RETSFECQNLSYQB-UHFFFAOYSA-N,Ki,nM,143.0,CCCCn1c2c(cc(C(=O)NCc3ccccc3)c1=O)CCC2,1
RFBPLZZVEFTOML-UHFFFAOYSA-N,IC50,nM,16000.0,CC(Sc1nc2cc(Cl)ccc2s1)C(=O)Nc1cccc(S(=O)(=O)N2CCOCC2)c1,1
RFGPQSURRIETSM-UHFFFAOYSA-N,Ki,nM,41.0,Cc1c(C(=O)NCCc2ccc(Cl)cc2Cl)nn(-c2ccc(F)cc2F)c1-n1c(C)ccc1C,1
RFJVQUYCUPFOIP-UHFFFAOYSA-N,Ki,nM,14.0,CCCCCn1c(C)c(C(=O)c2ccc(Br)c3ccccc23)c2ccccc21,1
RFNSWXHHUPFDJP-UHFFFAOYSA-N,Ki,nM,2500.0,O=S(=O)(c1ccccc1F)c1cc(Cl)ccc1S(=O)(=O)N1CCC(CNS(=O)(=O)C(F)(F)F)CC1,1
RFPBUBXFEAZKGC-UHFFFAOYSA-N,Ki,nM,5000.0,CC1(C)C(C(=O)c2cn(CCN3CCOCC3)c3ccc(OCc4ccccc4)cc23)C1(C)C,1
RFZLSIBCGIWYTG-UHFFFAOYSA-N,EC50,nM,5000.0,CC(C)(C(=O)Nc1ccc(Cl)cc1OC(F)(F)F)S(=O)(=O)c1ccc(Cl)cc1,1
RFZPNNMXKDPBMG-UHFFFAOYSA-N,EC50,nM,798.0,O=C(Nc1sc2c(c1C(=O)N1CC(F)(F)C1)CCOC2)c1c(F)cccc1C(F)(F)F,1
RFZSGWJARWTLMM-UHFFFAOYSA-N,Ki,nM,750.0,CCCCCCc1c(O)cccc1OCCCCCCCCCCC(=O)NCC1CC1,1
RGGOUWLUTABFEZ-UHFFFAOYSA-N,Activity,%,58.0,O=C(c1cnn(-c2ccc(Cl)cc2Cl)c1-c1ccc(Cl)cc1)N1CCc2ccccc2C1,1
RGGYZVGAMKFQSH-UHFFFAOYSA-N,Ki,nM,642.0,CCCn1cc(C(=O)c2cccc3cccc(Cl)c23)c2ccccc21,1
RGIAIURWTAWFCO-UHFFFAOYSA-N,EC50,nM,1656.0,CC1OCc2sc(NC(=O)CC(C)(C)C)c(C(=O)N3CCCCC3)c21,1
RGIHXQFNMCMLRS-UHFFFAOYSA-N,Ki,nM,70.0,O=C(NC1CCCCC1)c1cccn(Cc2ccc(F)cc2)c1=O,1
RGJSGEMQPCNEHI-UHFFFAOYSA-N,EC50,nM,15811.4,Clc1cc(Cl)c(Cl)c(-c2ccc(N3CCOCC3)nn2)c1,1
RGKOHNGIQMKDQR-UHFFFAOYSA-N,EC50,nM,5000.0,COC(=O)N1CCC(Cn2c(C(C)(C)C)nc3cc(S(=O)(=O)CCCC(F)(F)F)ccc32)CC1,1
RGMAKXWTNHXQNS-UHFFFAOYSA-N,Ki,nM,2800.0,O=c1c2cn(CCN3CCOCC3)c3ccccc3c-2nn1-c1ccccc1,1
RGMVASKKVQANJG-UHFFFAOYSA-N,Activity,%,34.0,CCCCCn1cc(C(=O)NC2CCCCCC2)c(=O)n2nc(-c3ccccc3C)cc12,1
RGOYFUXOVMJGSI-UHFFFAOYSA-N,Inhibition,%,16.0,Cc1nn(C)c2c1c(=O)c(C(=O)NC1CCCCC1)cn2CCN1CCOCC1,1
RGRXZGKXEJHPQQ-UHFFFAOYSA-N,Activity,%,20.0,CCCCCCCc1c(O)cc(CC=C(C)C)c(O)c1C=O,1
RGVBFBQWHQZVFW-UHFFFAOYSA-N,IC50,nM,226.0,O=C(NC1CCCCCC1)N1CCN(C(c2ccc(Cl)cc2)c2ccccc2Cl)CC1,1
RGVXRJTZMMLVNG-UHFFFAOYSA-N,Ki,nM,2.3,Cc1c(C(=O)NC2CCCCC2)nn(-c2ccc(Cl)cc2Cl)c1-n1cc2c(c1)CCCC2,1
RGXIGVIQTHRPTP-UHFFFAOYSA-N,Ki,nM,712.0,CCCCCn1cc(C(=O)NC23CC4CC(CC(C4)C2)C3)c(=O)n2ncnc12,1
RGXKCMQANRHRCO-RTBURBONSA-N,Ki,nM,21.88,CCCCCCCc1cc(O)c2c(c1)OC(C)(C)C1CC=C(C)CC21,1
RHCDXSQDZPNQNY-UHFFFAOYSA-N,Ki,nM,5000.0,N#CCn1nnnc1CNC(=O)c1ccc(-c2ccccc2)cc1,1
RHDKCARPLCNXCC-UHFFFAOYSA-N,EC50,nM,5423.0,C=CCn1c2c(c3cc(C(=O)N4CCC(C)CC4)ccc31)CN(Cc1ccccn1)CC2,1
RHGZYQFTYUFLDZ-UHFFFAOYSA-N,EC50,nM,5000.0,CCOc1ccc(NC(=O)C23CC4CC(CC(C4)C2)C3)cc1,1
RHPHCZQYECTNKO-UHFFFAOYSA-N,Ke,uM,0.106,Cc1c(C(=O)NCC2CCC(CNS(N)(=O)=O)CC2)nn(-c2ccc(Cl)cc2Cl)c1-c1ccc(Cl)cc1,1
RHSIAFAYCQNOJH-UHFFFAOYSA-N,IC50,nM,0.7586,COc1ccc(C)cc1Cn1c(C(=O)NCC(C)(C)CO)cc2cc(C#N)ccc21,1
RHTSHAPSXDVMKC-UHFFFAOYSA-N,Ki,nM,65.0,CCOC(=O)C(C)(C)Oc1cccc(NC(=O)c2nn(-c3ccc(Cl)cc3Cl)c(-c3ccc(Cl)cc3)c2C)c1,1
RIHOOWPYSUUILT-UHFFFAOYSA-N,IC50,nM,47.4,Cc1c(C2=NC(=O)C(C)(C)N2C)nn(-c2ccc(Cl)cc2Cl)c1-c1ccc(Br)cc1,1
RIIUYJZMROARCU-UHFFFAOYSA-N,EC50,nM,1055.0,Clc1cccc(-c2cnc(-c3cccc(CN4CCCCC4)c3)[nH]2)c1,1
RIJPPXXYGWDYJW-UHFFFAOYSA-N,EC50,nM,1581.14,O=C(NCC1CCOCC1)c1cnc(Nc2ccc(Cl)c(Cl)c2)cc1C1CC1,1
RIKFEZIZTBXQAZ-UHFFFAOYSA-N,Ki,nM,2432.0,CCCCCn1cc(C(=O)NC2CCC(C)CC2)c(=O)n2nc(C)cc12,1
RILJIDLLBYNRJX-UHFFFAOYSA-N,EC50,nM,15811.4,COc1ccccc1-c1ccc(N2CCOCC2)nn1,1
RINFQEOJJBAXHG-UHFFFAOYSA-N,Activity,%,51.2,CCCCN1C(=O)NC(c2ccc(Cl)cc2)(c2ccc(Cl)cc2)C1=O,1
RITJZSQTXIWOPC-UHFFFAOYSA-N,Ki,nM,1422.0,Cc1nc(C(=O)NCc2ccccc2C(F)(F)F)c(C)n1-c1ccccc1,1
RIXLFUGVKSPBOE-UHFFFAOYSA-N,Ki,nM,500.0,CCCOc1ccccc1-c1cc(C(=O)NC23CC4CC(CC(C4)C2)C3)no1,1
RIZWZUNPJWSHGQ-UHFFFAOYSA-N,Ki,nM,297.0,N#CC1(NC(=O)c2cc(-c3ccccc3)n(-c3ccccc3Br)n2)CCOCC1,1
RJAYJQVMQVZMSL-UHFFFAOYSA-N,Ki,nM,200.0,Cc1ccc(-c2nc(CC(C)(C)C)cs2)cc1S(=O)(=O)N1CCOCC1,1
RJGQTAJDZYVVIZ-UHFFFAOYSA-N,Ki,nM,2000.0,CCN(CC)c1ccc(CN(c2ccccc2)S(=O)(=O)c2ccc(C(C)C)cc2)cc1,1
RJPGJHLVEUSRRA-QZTJIDSGSA-N,Ki,nM,0.43,CC1=CCC2C(C1)c1c(O)cc(C(C)(C)CCCCBr)cc1OC2(C)C,1
RJYQAFGYQJXSBT-UHFFFAOYSA-N,Ki,nM,2500.0,CCOc1ccc(Cc2nc3cc(C(=O)N(CC)CC)ccc3n2CC2CC2)nc1,1
RKBMMCQSHOXMNV-UHFFFAOYSA-N,EC50,nM,50000.0,Cc1nc(N2CCN(C)CC2)c2nc(-c3ccccc3C(F)(F)F)n(C3CCOCC3)c2n1.Cl,1
RKCFSDNIHLDNEA-UHFFFAOYSA-N,Ke,nM,71.0,CCCCNC(=O)N1CCC(Nc2ncnc3c2nc(-c2ccccc2Cl)n3-c2ccc(Cl)cc2)CC1,1
RKDIXFVBQQPLOX-QZTJIDSGSA-N,Ki,nM,1500.0,CCCCCc1cc(NC(=O)NC)c2c(c1)OC(C)(C)C1CCC(C)=CC21,1
RKJJVEGZZUFFPU-UHFFFAOYSA-N,Ki,nM,630.0,CC1(C)C(C(=O)c2cn(CC3CCOC3)c3ccccc23)C1(C)C,1
RKNXIUHKWMPMBY-NRFANRHFSA-N,Kd,nM,6.31,CN=C(NS(=O)(=O)N1CCC(C(F)(F)F)CC1)C1=NN(c2ccc(Cl)cc2)C(c2ccccc2)C1,1
RKQAKYKJKLZYRC-UHFFFAOYSA-N,Ki,nM,360.0,CCCCCn1cc(C(=O)NC23CC4CC(CC(C4)C2)C3)c(=O)c2cc(-c3ccc4cc(OC)ccc4c3)ccc21,1
RKTSYPXVFYMLSU-UHFFFAOYSA-N,Ki,nM,131.0,N#Cc1c(C(=O)NN2CCOCC2)nn(-c2ccc(Cl)cc2Cl)c1-c1ccc(I)cc1,1
RLDFIJKVRGNHNN-UHFFFAOYSA-N,EC50,nM,40.0,O=C(Cc1ccccn1)N1CCN(S(=O)(=O)c2cc(Cl)cc(Cl)c2)CC1,1
RLDIECPQAYAUKV-NPMXOYFQSA-N,IC50,nM,282.2,CC(NC(=O)c1cc(Cl)cc(Cl)c1)C(Cc1ccc(Cl)cc1)c1cccc(C#N)c1,1
RLHQKQWKXVSGCI-UHFFFAOYSA-N,Ke,nM,0.4,CCCNC(=O)NC1(c2ccccc2)CCN(C(=O)c2nn(-c3ccc(Cl)cc3Cl)c(-c3ccc(Cl)cc3)c2C)CC1,1
RLIPDJQJQYCZHX-UHFFFAOYSA-N,EC50,nM,16000.0,CCCc1cc(C(=O)Nc2cc(S(=O)(=O)N3CCOCC3)ccc2OC)sc1C,1
RLJLCJZUZZVRKX-DOFZRALJSA-N,Ki,nM,220.0,CCCCCC=CCC=CCC=CCC=CCCCC(=O)NCCCCO,1
RLLSCGRLMPJHDQ-UHFFFAOYSA-N,EC50,nM,3235.94,CCOc1ccc(Cc2nc3cc(C(=O)N(CC)CC)ccc3n2CCC(C)C)cc1,1
RLMHLVYKLURACD-CHRYWTOVSA-N,Inhibition,%,30.0,CC(C)=CCCC1(C)C(OC2OC(CO)C(O)C(O)C2O)CCC2(C)C1CCC1Cc3c([nH]c4ccccc34)C12C,1
RLOOCWASJIUZMT-UHFFFAOYSA-N,EC50,nM,5000.0,O=C(CN1CCCCC1)Nc1sc2c(c1C(=O)N1CC(F)(F)C1)CCCC2,1
RLWWXTRPQBXOMR-UHFFFAOYSA-N,Kd,nM,1.585,CN=C(NS(=O)(=O)N1CCSCC1)N1CC(c2ccccc2)C(c2ccc(Cl)cc2)=N1,1
RMDYOOKUYKPFTH-UHFFFAOYSA-N,Ki,nM,5000.0,CCCCOc1c(OC)ccc2cc(C(=O)NCCc3ccc(F)cc3)c(=O)[nH]c12,1
RMFDZJAPAYUPPP-UHFFFAOYSA-N,Ki,nM,5500.0,CCCCCCc1ccc(O)cc1OCCCCCCCCCCCCCCCC(=O)NC1CC1,1
RMLYKVSQDNDWFU-UHFFFAOYSA-N,EC50,nM,5000.0,O=C(Nc1sc2c(c1C(=O)N1CCOCC1)CCOC2)c1ccc(Cl)cc1Cl,1
RMSJFQOLSVAHTG-UHFFFAOYSA-N,Activity,%,53.3,CCCCCCn1cc(C(=O)Nc2cccc3ccccc23)c(=O)c2ccccc21,1
RMXLQPIAIKDVTP-UHFFFAOYSA-N,Kd,nM,10.0,CN=C(NS(=O)(=O)N1CCOCC1)N1CC(c2ccccc2)C(c2ccc(Cl)cc2)=N1,1
RNHYSCQRYBZZBM-UHFFFAOYSA-N,IC50,nM,1000.0,O=C(NC1CCCCC1)c1nc(-c2ccc(Cl)cc2)c(-c2ccc(Cl)cc2Cl)o1,1
RNJNGJSZUQEKDC-GMAHTHKFSA-N,Ki,nM,10.0,CCCCc1c(C(=O)NC2CCCCC2O)nc(-c2ccccc2Cl)n1-c1ccc(Cl)cc1,1
RNLCRGRXTZFYLG-UHFFFAOYSA-N,Inhibition,%,35.0,Cc1ccc(Cn2cc(C(=O)NC3CCCCC3)c(=O)c3c(C)nn(C)c32)cc1,1
RNMKCDKJDCUKNL-AHTUAUCYSA-N,Ki,nM,1.259,CCCCCCC1(c2cc(O)c3c(c2)OC(C)(C)C2CC=C(C)CC32)CC1(Cl)Cl,1
RNMRJQUHDLMTCB-UHFFFAOYSA-N,IC50,nM,15.0,CC(=O)Nc1c(C(C)C)c(=O)n(C)c2nc(-c3ccc(Cl)cc3Cl)c(-c3ccc(Cl)cc3)cc12,1
RNPZTWOEGAMLLX-UHFFFAOYSA-N,Kb,nM,627.1,CCc1c(C(=O)NCCc2ccc(N(C)C)cc2)oc2ccc(Cl)cc12,1
RNTZWPBPSNRYNF-UHFFFAOYSA-N,Ke,nM,3.0,CCOC(=O)N1CCC(NC(=O)c2nn(-c3ccc(Cl)cc3Cl)c(-c3ccc(Cl)cc3)c2C)CC1,1
RNUAGWKZGMVYTO-UHFFFAOYSA-N,IC50,nM,4950.0,O=C(NCC1CCOCC1)c1ncccc1NC(=O)c1cccc2nccnc12,1
RNWXNIKJQSUHCI-UHFFFAOYSA-N,IC50,nM,468.0,O=C(NC1(C(=O)O)CCCCCCC1)c1cc2c(n(CC3CCCCC3)c1=O)CCCCCC2,1
RNYZUXUUYUNVSM-UHFFFAOYSA-N,Ki,nM,160.0,COC(=O)C(C)(C)c1ccc(-c2cc(C)cc(C)c2)c(O)c1,1
ROASQEPZAKGACK-UHFFFAOYSA-N,Activity,%,102.1,O=C1C(c2ccccc2)N(c2ccc(Br)cc2)C(=O)N1c1ccc(Br)cc1,1
ROHJMIWUMPPHFT-UHFFFAOYSA-N,EC50,nM,12500.0,Cc1c(C(=O)NCCCCCCCCCCCN(C)CCCCCCCCCCCNC(=O)c2nn(-c3ccc(Cl)cc3Cl)c(-c3ccc(Cl)cc3)c2C)nn(-c2ccc(Cl)cc2Cl)c1-c1ccc(Cl)cc1,1
RONXSZNUVNPWOM-UHFFFAOYSA-N,Activity,%,29.1,CCCCCn1c(-c2ccccc2)c(C(=O)NC23CC4CC(CC(C4)C2)C3)c(=O)c2ccccc21,1
RORYUGRNSOPRJJ-NRFANRHFSA-N,Ke,nM,230.0,CCCCNC(=O)N1CCCC(NC(=O)c2nn(-c3ccc(Cl)cc3Cl)c(-c3ccc(Cl)cc3)c2C)C1,1
ROUPZODBFCCUFW-QGZVFWFLSA-N,EC50,nM,794.33,CC(=O)NC1CCN(Cc2nc(-c3cn(CC4CCOCC4)c4c(Cl)cccc34)ns2)C1,1
ROXBNNWLTLUZPU-UHFFFAOYSA-N,Ki,nM,2300.0,CCOc1ccc(Cc2nc3cc(C(=O)N(CC)CC)ccc3n2CCN(C)C)cc1,1
ROYGHGYSWUNXSM-WOJBJXKFSA-N,Ki,nM,119.0,CCc1ccc(-c2cc(O)c3c(c2)OC(C)(C)C2CC=C(C)CC32)cc1,1
ROYLFSPKCIXLCA-CPRJBALCSA-N,Inhibition,%,61.0,NC(=O)C(Cc1ccccc1)N=C(NS(=O)(=O)c1ccc(Cl)cc1)N1CC(c2ccccc2)C(c2ccc(Cl)cc2)=N1,1
ROYMHWOULZALOP-IBGZPJMESA-N,EC50,nM,100.0,CN1CCN(C(=O)c2cn3c4c(cccc24)OCC3C2CCCCC2)CC1,1
RPBMPWGKZFLMFN-OKFSJJLXSA-N,EC50,nM,1530.0,CC1=CCC2C(C1)c1c(O)cc(C34CC5CC(CC(C5)C3)C4)cc1OC2(C)C,1
RPBVVKHIJDHJOE-UHFFFAOYSA-N,Activity,%,60.2,O=C1C(c2ccc(Cl)cc2)N(c2ccccc2)C(=O)N1c1ccccc1,1
RPFZUITZBLTUOO-UHFFFAOYSA-N,IC50,nM,400.0,O=C(NN1CCCCC1)c1cc(-c2ccc(Cl)cc2)c(-c2ccc(Cl)cc2Cl)nc1Cl,1
RPJSYUCMBJAHHS-UHFFFAOYSA-N,Activity,%,59.3,CCCCCn1cc(C(=O)c2ccc3cc(OC)ccc3c2)c(=O)c2ccccc21,1
RPKLYXZEDWZHSZ-UHFFFAOYSA-N,Inhibition,%,97.0,COc1ccccc1CNC(=O)c1oc2ccc(S(=O)(=O)N3CC(C)CC(C)C3)cc2c1C,1
RPLMXJCLSUVMAV-UHFFFAOYSA-N,Activity,%,65.6,O=C(OCCCn1c2ccccc2c2cc(C(=O)N3CCCCC3)ccc21)N1CCS(=O)(=O)CC1,1
RPVFNXLVQVHDAD-UHFFFAOYSA-N,Displacement,%,79.4,O=C1N(CCc2ccccc2)C(=S)NC1(c1ccc(Cl)cc1)c1ccc(Cl)cc1,1
RQCZYNKUAQGUIV-UHFFFAOYSA-N,Ki,nM,2435.0,CC1Oc2cccc3c(=O)c(C(=O)NC45CC6CC(CC(C6)C4)C5)cn(c23)C1c1ccccc1,1
RQFDHAZJXWQQBK-UHFFFAOYSA-N,Kd,nM,1.0,CCc1c(C(=O)NN2CCCCC2)nc(-c2ccc(Cl)cc2Cl)n1-c1ccc(Cl)cc1,1
RQHZLXLERRGKBY-UHFFFAOYSA-N,Ki,nM,1500.0,CCCCOc1ccccc1-c1cc(C(=O)NC23CC4CC(CC(C4)C2)C3)no1,1
RQQDTULJOCPGJD-UQBPGWFLSA-N,IC50,nM,0.8,CC(NC(=O)C(C)(C)Oc1ccc(Cl)cn1)C(Cc1ccc(OCCF)cc1)c1cccc(C#N)c1,1
RQTWLERVPPXXLP-UQBPGWFLSA-N,IC50,nM,0.9,CC(NC(=O)C(C)(C)Oc1ccc(C(F)(F)F)cn1)C(Cc1ccc(OCCF)cc1)c1cccc(C#N)c1,1
RQVUMULNDKKRDG-SOFGYWHQSA-N,Activity,%,0.0,O=C(C=Cc1ccc2ccccc2c1)CCC(=O)NCCO,1
RQYLUIOUNCYUQF-UHFFFAOYSA-N,Activity,%,38.0,COc1cccc(Cc2cc3c(OC)cc(Br)cc3oc2=O)c1,1
RRANDYHKXBZJMN-UHFFFAOYSA-N,Ki,nM,380.0,CC(=O)CCCCn1cc(C(=O)C2C(C)(C)C2(C)C)c2ccccc21,1
RRIKXSCKZOBQCX-UHFFFAOYSA-N,IC50,nM,0.32,COc1ccc(C(=O)c2c3n(c4ccccc24)C(CN2CCOCC2)CC3)cc1,1
RRKHFMZRDDPEFW-UHFFFAOYSA-N,Ki,nM,372.3,Cc1c(C(=O)NCCCCCO)nn(-c2ccc(Cl)cc2Cl)c1-n1c(C)ccc1C,1
RRMJGXWUBNPGIF-UHFFFAOYSA-N,EC50,nM,7.0,CC1CN(S(=O)(=O)c2cccc3ccccc23)CCN1C(=O)C1CCCCC1,1
RRNZJIUGNONERQ-UHFFFAOYSA-N,Ki,nM,454.0,CCCCCn1cc(C(=O)NCC23CC4CC(C)(CC(C)(C4)C2)C3)c(=O)cc1-c1ccccc1,1
RROKKCWHZJTZKH-UHFFFAOYSA-N,Ki,nM,5000.0,CN1CCC(CCn2cc(C(=O)C3C(C)(C)C3(C)C)c3ccccc32)CC1,1
RRQKYBRIIQLPRA-UHFFFAOYSA-N,EC50,nM,1581.14,O=C(NCC1CCOCC1)c1cnc(Nc2cc(Cl)cc(Cl)c2)cc1C1CC1,1
RRUMZUULISYKFT-UHFFFAOYSA-N,Ki,nM,56.0,Cc1c(C(=O)NC2CCCCCC2)nn(-c2ccc(Cl)cc2Cl)c1-n1c(C)ccc1C,1
RSALASLNYRMGOC-UHFFFAOYSA-N,Ki,nM,1202.26,CC1(C)C(C(=O)c2cn(CC3CCOCC3)c3ccc(F)cc23)C1(C)C,1
RSIFAPRZMRWEKC-UHFFFAOYSA-N,Ki,nM,2043.0,COc1ccc2c(c1)c(CC(=O)N1CCOCC1)c(C)n2C(=O)c1cccc(Cl)c1Cl,1
RSRQBSGZMPVCOI-UHFFFAOYSA-N,Inhibition,%,12.0,CCCCCCCCCCCCCCCCOC(=O)CC,1
RSUMDJRTAFBISX-UHFFFAOYSA-N,EC50,nM,6.1,CCCCCOc1ccc(C(=O)c2cccc3ccccc23)c2ccccc12,1
RSYSXDBUOKOFIE-UHFFFAOYSA-N,EC50,nM,32.0,CS(=O)Cc1ccc(C(=O)Nc2nccnc2C(=O)NCC2CCC2)c2ccccc12,1
RSYWEFIQLHVGST-UHFFFAOYSA-N,Ki,nM,3.2,CCn1nc2c(-c3ccc(Cl)cc3)c(-c3ccncc3F)c(=O)n(Cc3ccc(C(F)(F)F)nc3C)n2c1=O,1
RSZNJMNZSVCMKK-UHFFFAOYSA-N,EC50,nM,1581.14,O=C(NCC1CCOCC1)c1cnc(Nc2ccc(Cl)cc2Cl)cc1C1CC1,1
RTEBTDAJVQZWBC-UHFFFAOYSA-N,EC50,nM,13.0,COc1ccc(NC(=O)c2ccc(CS(C)=O)c3ccccc23)c(C(=O)NCC2CCOCC2)n1,1
RTFYVHUBOHLBKA-UHFFFAOYSA-N,EC50,nM,140.0,COc1ccc(F)c(-c2cnc(-c3cccc(CN4CCOCC4)c3)[nH]2)c1,1
RTHQTFRZYVZUTI-UHFFFAOYSA-N,Ki,nM,5000.0,CCc1c(C(=O)NC23CC4CC(CC(C4)C2)C3)nc(C)n1-c1ccccc1,1
RTHRVYFSGYJUOV-UHFFFAOYSA-N,EC50,nM,5000.0,O=C(C1C2CC3CC(C2)CC1C3)N1CCc2ccccc21,1
RTIKERGWNGSDJW-PHIMTYICSA-N,EC50,nM,2511.89,CC1CCC(C)N1c1ccc(-c2cccc(Cl)c2Cl)nn1,1
RTOCYQSEVYHQOW-UHFFFAOYSA-N,EC50,nM,87.0,O=C(Cn1nc(-c2ccc(Cl)cc2Cl)c(-c2ccc(Cl)cc2Cl)n1)NCc1ccccc1,1
RTRAPBQOJODDGH-NKFKGCMQSA-N,Ki,nM,148.0,C(=C1C=C(CCN2CCOCC2)c2ccccc21)c1cccc2ccccc12,1
RTTGKYVLNXUSQE-UHFFFAOYSA-N,Ki,nM,5000.0,COc1ccc2cc(C(=O)NCC(F)c3ccccc3)c(=O)[nH]c2c1OC,1
RUDOQDYUTXVYLW-UHFFFAOYSA-N,IC50,nM,9.33,COc1ccc(Br)cc1Cn1c(C(=O)NCCCO)cc2cc(C#N)ccc21,1
RUEGAVIENIPHGK-UHFFFAOYSA-N,Activity,%,10.0,O=C1CNC(=O)N1c1ccccc1,1
RUHWKBFHCCZIQF-UHFFFAOYSA-N,Ki,nM,1300.0,CCN(CC)c1ccc(CN(Cc2ccco2)S(=O)(=O)c2ccc(C(C)C)cc2)cc1,1
RUIAOXVTSUSVJG-UHFFFAOYSA-N,Inhibition,%,16.0,CCCCCCCCCCCCCCCNC(=O)COC(C)=O,1
RUJMERFUMDLBHZ-UHFFFAOYSA-N,Ki,nM,1200.0,O=[N+]([O-])c1ccc2c(c1)c(OCc1ccccc1)nn2Cc1ccccc1,1
RUKZVIXSXGGFHW-DOFZRALJSA-N,Log Ki,nM,3.06,CCCCCC=CCC=CCC=CCC=CCCCC(=O)N1CCOCC1,1
RUNGTZFTAALHPX-UHFFFAOYSA-N,EC50,nM,5000.0,COCCNC(=O)c1c(NC(=O)c2ccccc2OC(F)(F)F)sc2c1CCC(F)(F)C2,1
RUTVSQSSHDMKCW-QMHKHESXSA-N,IC50,nM,21.7,CC(NS(=O)(=O)c1ccc(Cl)cc1)C(Cc1ccc(Cl)cc1)c1cccc(C#N)c1,1
RUVFYCSQNLFKOK-UHFFFAOYSA-N,Ki,nM,860.0,C=CCc1ccc(O)c(-c2ccc(OC)c(CC(C)Br)c2)c1,1
RVFBBHHTTRIWCW-UHFFFAOYSA-N,Activity,%,43.0,O=C(NN1CCCCC1)c1cnn(-c2ccc(Cl)cc2Cl)c1-c1ccc(F)cc1,1
RVHWXPKCVHKXBJ-UHFFFAOYSA-N,Activity,%,74.9,O=C(c1ccc2c(c1)c1ccccc1n2Cc1ccncc1)N1CCCCC1,1
RVRHTFXOZMGCTE-UHFFFAOYSA-N,Ki,nM,260.0,Cc1ccc(-c2nc(C(C)(C)C)cs2)cc1S(=O)(=O)N1CCOCC1,1
RVRXQJOOVUCQBQ-UHFFFAOYSA-N,Kd,nM,10.0,CN=C(NS(=O)(=O)c1ccc(F)cc1)C1=NN(c2ccc(Cl)cc2)C(c2ccccc2)C1,1
RVTLXKSJDYALPU-WOJBJXKFSA-N,Ki,nM,0.2,CC1=CCC2C(C1)c1c(O)cc(C(C)(C)CCCCCC#N)cc1OC2(C)C,1
RWBKMOYFKRJDNF-UHFFFAOYSA-N,IC50,nM,199.0,CC(=O)C1CCN(C(=O)c2nn(-c3ccccc3Cl)c(-c3ccc(Cl)cc3)c2CC#N)CC1,1
RWFPAKDCXZIENT-WNOPAQSVSA-N,Emax,%,69.0,O=C(c1ccc2cnccc2n1)N1CCC(O)(c2ccccc2)C2CCCCC21,1
RWKPPLDMBNIRBR-UHFFFAOYSA-N,Inhibition,%,36.8,Cc1ccc(Cn2c(-c3ccc(Cl)cc3)nn(C(=O)Nc3ccc(C)cc3)c2=O)cc1,1
RWLYOWXSBNGGDM-UHFFFAOYSA-N,IC50,nM,14.6,CCc1c(C2=NC3(CCCC3)C(=O)N2)nn(-c2ccc(Cl)cc2Cl)c1-c1ccc(Cl)cc1,1
RWNZJLAHELGGJW-UHFFFAOYSA-N,Activity,%,25.0,CCCCCCC(C)(C)c1cc(O)cc(OCCCCCCCCCCCC(=O)NC2CC2)c1,1
RWPLAHLWOIJVAB-UHFFFAOYSA-N,IC50,nM,1200.0,Cc1ccc(C(F)(F)F)cc1C(=O)N=c1sc(C(C)(C)C)c(C)n1CC1CC1,1
RWXZZBVYJHEKRB-VAWYXSNFSA-N,Ki,nM,2800.0,CCCCCCCCC=CC(=O)NCCc1cc(OC)cc(OC)c1,1
RWYPKJWNXKZUNI-UHFFFAOYSA-N,EC50,nM,442.4,Cc1c(C(=O)NN2CCCCC2)nn(-c2ccc(Cl)cc2Cl)c1-c1ccc(C#CC2CCCCC2)s1,1
RWZVVBVAUPBWHG-UHFFFAOYSA-N,IC50,nM,3.5,CC(C)NC(=O)c1cc(-c2ccc(Cl)cc2)c(-c2ccc(Cl)cc2Cl)nc1Oc1ccc(F)c(F)c1,1
RXDZRIIRDNRYRZ-UHFFFAOYSA-N,IC50,nM,2.6,N#CCc1c(C(=O)NCc2cccc(Cl)c2)nn(-c2ccccc2Cl)c1-c1ccc(Cl)cc1,1
RXEGFAKFIYJRJK-UHFFFAOYSA-N,IC50,nM,0.55,Cc1ccncc1NC(=O)c1nn(-c2ccccc2Cl)c(-c2ccc(Cl)cc2)c1CC(N)=O,1
RXIHJPHUJRMANO-UHFFFAOYSA-N,Activity,%,30.0,O=C(NN1CCOCC1)c1cnn(-c2ccc(Cl)cc2Cl)c1-c1ccc(F)cc1,1
RXMUZCZLPMFXFQ-UHFFFAOYSA-N,Ki,nM,170.0,CCCCCCC(C)(C)c1cc(O)cc(OCCCCCCOC(CO)CO)c1,1
RXTDKOOCPFHDOD-UHFFFAOYSA-N,Ki,nM,1827.0,C=CCCn1cc(CC(=O)NC23CC4CC(CC(C4)C2)C3)c2cc(-c3ccccc3)ccc21,1
RXTUAOJEIAWETB-UHFFFAOYSA-N,IC50,nM,3.9,N#Cc1cc(-c2ccc(Cl)cc2)c(-c2ccc(Cl)cc2Cl)nc1Oc1cc(Cl)cc(Cl)c1,1
RXUIMVCOCPUGDQ-UHFFFAOYSA-N,Activity,%,5.0,CCCCCCn1cc(C(=O)Nc2ccc(OC)cc2)c(=O)c2ccccc21,1
RYCHPZDRERWDKZ-UHFFFAOYSA-N,EC50,nM,29.8,CCCCC#Cc1ccc(-c2c(C)c(C(=O)NCCCC)nn2-c2ccc(Cl)cc2Cl)s1,1
RYIOABQQQQKPKS-UHFFFAOYSA-N,EC50,nM,5910.0,Cc1nc(N2CCN(C)CC2)c2cc(-c3ccccc3)sc2n1,1
RYNSGDFWBJWWSZ-UHFFFAOYSA-N,Ki,nM,126.0,COc1ccc(-c2oc3cc(OC)ccc3c2C(=O)c2ccc(C#N)cc2)cc1,1
RYSVRUNBYBQFLG-UHFFFAOYSA-N,IC50,nM,200.0,Cc1cccc(-n2ncc(C(=O)NCCCc3ccccc3)c2-c2ccc(-c3ccccc3)cc2)c1,1
RYVRPEABVWJUDF-UHFFFAOYSA-N,Kd,nM,1.259,O=C(NN1CCCCC1)c1nc(-c2ccc(Cl)cc2Cl)n(-c2ccc(Cl)cc2)c1CF,1
RZFOQCSWONKABC-UHFFFAOYSA-N,IC50,nM,82.9,Cc1c(C(=O)NC(=O)C(C)(C)N(C)C)nn(-c2ccc(Cl)cc2Cl)c1-c1ccc(Cl)cc1,1
RZKNYHUPJRUAJI-CYBMUJFWSA-N,Ki,nM,0.54,CC(NC(=O)C1(NC(=O)c2cncs2)CC1)c1ccc(-n2nc(Cl)c3ccccc32)cc1F,1
RZPQNQHLKGKIQH-DEOSSOPVSA-N,IC50,nM,297.0,O=C(NC(Cc1ccccc1)C(=O)O)c1cc2c(n(CC3CCCCC3)c1=O)CCCCCC2,1
RZRSQMNUWQQCPS-UHFFFAOYSA-N,Ki,nM,770.0,Cc1ccc(-c2cnc(C(C)(C)C)[nH]2)cc1S(=O)(=O)N1CCOCC1,1
RZVAJINKPMORJF-UHFFFAOYSA-N,Activity,%,13.0,CC(=O)Nc1ccc(O)cc1,1
RZVOLNBRSAOMJA-UHFFFAOYSA-N,EC50,nM,5000.0,CC1(c2nnc(NC(=O)C(C)(C)S(=O)(=O)c3ccc(Cl)cc3)s2)CCOC1,1
RZXMCAVYNNVGHZ-UHFFFAOYSA-N,Ki,nM,221.0,CC1(C)COc2cccc3c(=O)c(C(=O)NC45CC6CC(CC(C6)C4)C5)cn1c23,1
SAFCFWSMQRVAMH-UHFFFAOYSA-N,Ki,nM,1830.0,O=C(NC1CCCCCC1)c1cccn(Cc2cccc(I)c2)c1=O,1
SAFUFYQSHFIGDQ-UHFFFAOYSA-N,Inhibition,%,70.0,Cc1c(C(=O)Nc2cccc(Cl)c2)oc2ccc(S(=O)(=O)N3CC(C)CC(C)C3)cc12,1
SAGNQDHNPWPPAS-UHFFFAOYSA-N,EC50,nM,3.981,CCCCCN1N=C(C(=O)NC(C)(C)c2ccc(F)cc2)CC1c1ccccc1,1
SAJLLMGPNQDUBM-BRPLTFKJSA-N,EC50,nM,210.0,Cc1ccc(C(=O)NC2CC3CCC2(C)C3(C)C)cc1S(=O)(=O)N1CCOCC1,1
SAKDMMKLUSBZCX-QZTJIDSGSA-N,Ki,nM,1500.0,CCCCCc1cc(NC(=O)OC)c2c(c1)OC(C)(C)C1CCC(C)=CC21,1
SAKUEOHMONHMLH-UHFFFAOYSA-N,EC50,nM,10000.0,CC(C)(C)c1ccc(NC(=O)N2CCCN(C(=O)C3CCOCC3)CC2)cc1,1
SANBGWUAQBYZHG-UHFFFAOYSA-N,Activity,%,242.7,Cc1c(C(=O)NCCc2ccc(N3CCCCC3)cc2)[nH]c2ccc(Cl)cc12,1
SAPMRIJLGBJLJJ-UHFFFAOYSA-N,IC50,nM,16000.0,COc1cc2c(cc1NC(=O)C(C)Sc1ccc(NC(C)=O)cc1)oc1ccccc12,1
SARAENXTDJVVCO-UHFFFAOYSA-N,EC50,nM,10000.0,CC(C)(C)c1csc(NC(=O)N2CCCN(C(=O)C3CCOCC3)CC2)n1,1
SARFNBYJOVJGNP-UHFFFAOYSA-N,Ki,nM,240.0,Cc1c(C(=O)NCCc2ccc(Cl)cc2)nn(-c2ccc(Cl)c(Cl)c2)c1-n1cccc1,1
SAWOOBBZRYRBER-UHFFFAOYSA-N,Ki,nM,5000.0,CCCNC(=O)c1c(NC(=O)C23CC4CC(CC(C4)C2)C3)sc2c1CCOC2,1
SAXGZVXICPFBPO-UHFFFAOYSA-N,EC50,nM,5000.0,CC1CCN(Cc2cccc(-c3ncc(-c4cccc(C(F)(F)F)c4)[nH]3)c2)CC1,1
SAXUWUSQYUVTQJ-UHFFFAOYSA-N,Ki,nM,1270.0,O=C(NC1CCCCCC1)c1cccn(Cc2ccc(I)cc2)c1=O,1
SAZCFFCYWUHWFV-UHFFFAOYSA-N,Ki,nM,500.0,Cc1ccc(CC2CN(C(=O)NC3C4(C)CCC(C4)C3(C)C)N=C2c2ccc(Cl)c(C)c2)cc1,1
SAZOOZOCEZSXGN-UHFFFAOYSA-N,Ke,uM,3.76,Cc1c(C(=O)NCC2CCC(CN)CC2)nn(-c2ccc(Cl)cc2Cl)c1-c1ccc(Cl)cc1,1
SBKUEQYCQJRTLL-UHFFFAOYSA-N,IC50,nM,2.63,N#Cc1ccc2c(c1)cc(C(=O)NCCC1(O)CCC1)n2Cc1cccc(OC(F)(F)F)c1,1
SBLRGVQPPNSJQZ-UHFFFAOYSA-N,Ki,nM,1.4,CCn1nc2c(-c3ccc(Cl)cc3)c(-c3ccc(C#N)cc3)c(=O)n(Cc3ccc(C(F)(F)F)nc3C)n2c1=O,1
SBMZVMAQHHRTLR-UHFFFAOYSA-N,EC50,nM,8.0,O=C(NCC1CCOCC1)c1ncccc1NC(=O)c1ccc(Cn2ccnn2)c2ccccc12,1
SBWLSJCDKBFFDV-UHFFFAOYSA-N,Ki,nM,95.0,COc1ccccc1-c1nc(C(=O)NC2CCCCC2)cn1-c1ccc(Cl)cc1,1
SBWMAEWKXXBSGJ-FLIBITNWSA-N,Inhibition,%,25.0,O=C1C(=Cc2ccc(Cl)cc2)N=C2SCCCN12,1
SBXFNAPGWOTRJF-UHFFFAOYSA-N,Inhibition,%,22.8,CCCCCCCCCCCCCCCC(=O)NCCc1ccccc1,1
SBXUFOWDNNHLNX-UHFFFAOYSA-N,Ki,nM,1410.0,Cc1c(C(=O)NC(c2ccccc2)c2ccc(Cl)cc2)nn(-c2ccc(Cl)c(Cl)c2)c1-n1c(C)ccc1C,1
SBYYFNVKZGJIPR-VOTSOKGWSA-N,Activity,%,20.0,CCCC=Cc1cc2c(C=O)c(O)c(CC=C(C)C)cc2o1,1
SBZIDVDEJYSWGK-KRWDZBQOSA-N,Ke,nM,1153.0,CCNC(=O)N1CCCC(Nc2ncnc3c2nc(-c2ccccc2Cl)n3-c2ccc(Cl)cc2)C1,1
SBZUBYZOOZUSIW-UHFFFAOYSA-N,Ki,nM,3300.0,CCCCCCc1ccc(O)cc1OCCCCCCCCCCC(=O)Nc1ccc(O)cc1,1
SCAJGFRGQJAWBD-UHFFFAOYSA-N,Emax,%,101.0,O=C(c1cccc(Cl)c1Cl)c1nc(CN2CCC(F)(F)CC2)c2ccccn12,1
SCDKFJPXXNPSOL-UHFFFAOYSA-N,EC50,nM,600.0,c1ccc2ncc(N3CCC(c4nc(C5CCCCC5)no4)CC3)cc2c1,1
SCJNCDSAIRBRIA-DOFZRALJSA-N,Ki,nM,5.3,CCCCCC=CCC=CCC=CCC=CCCCC(=O)NCCCl,1
SCQIZSIOFTUDQV-UHFFFAOYSA-N,Ki,nM,509.0,Cc1cc2c(cc1C(=O)N1CCOCC1)OC(c1ccccc1)(c1ccccc1)O2,1
SCTRCTHPTCEKJE-UHFFFAOYSA-N,EC50,nM,5000.0,O=C(Nc1sc2c(c1C(=O)N1CCOCC1)CCOC2)c1cccc(Cl)c1,1
SCUGHUNYELWZGT-UHFFFAOYSA-N,EC50,nM,1581.14,O=C(NCC1CCOCC1)c1cnc(Nc2ccc(Cl)cc2Cl)cc1C1CCCC1,1
SCUTUKVFQDAOCG-UHFFFAOYSA-N,Ki,nM,510.0,Cc1ccc(-c2noc(C(C)(C)C)n2)cc1S(=O)(=O)N1CCOCC1,1
SCWPZBKWRIIRRA-UHFFFAOYSA-N,Ki,nM,140.0,CCCCC(C)(C)C(=O)Nc1cc(C)c(C)c(S(=O)(=O)N2CCOCC2)c1,1
SCXGZDPMWWSCTF-UHFFFAOYSA-N,Activity,%,10.0,O=C1NC(c2ccccc2)(c2ccccc2)C(=O)N1c1ccc(Br)cc1,1
SDBAMIYHTMYHHO-UHFFFAOYSA-N,Ki,nM,320.0,CCCCCCC(C)(C)c1ccc(-c2ccc(N)cc2)c(O)c1,1
SDHHRQMCSLOMMQ-UHFFFAOYSA-N,IC50,nM,390.0,Cc1ccccc1-n1ncc(C(=O)NCC2CC2)c1-c1ccc(-c2ccccc2)cc1,1
SDMQRKFIXCWCQU-UHFFFAOYSA-N,IC50,nM,514.0,O=C(NC1(C(=O)O)CCCCC1)c1cc2c(n(Cc3ccc(F)cc3)c1=O)CCCCCC2,1
SDZZJJQUJLEACD-UHFFFAOYSA-N,Ki,nM,20.9,CCCCCn1cc(C(=O)NC(C)C)c(=O)c2ccc(Sc3ccccc3)cc21,1
SEEXAGYACMBIMM-UHFFFAOYSA-N,EC50,nM,16000.0,Cc1nc(N2CCN(C(=O)c3ccccc3)CC2)c2c3c(sc2n1)CC(C)CC3,1
SEHSPYABKBQZIR-UHFFFAOYSA-N,Activity,%,4.0,CCCCCn1cc(C(=O)NC23CC4CC(CC(C4)C2)C3)c(=O)n2nc(C)c(-c3ccc(OC)cc3)c12,1
SEHXMGVQUDTTFH-UHFFFAOYSA-N,Ki,nM,1500.0,CC(=O)N1CC(Cc2ccccc2)C(c2ccccc2)=N1,1
SELHIMASMNUSIZ-UHFFFAOYSA-N,EC50,nM,322.0,Cc1ccc(-c2cncc(NC(=O)C(C)(C)S(=O)(=O)c3ccc(Cl)cc3)c2)s1,1
SELNPJHTVVHETF-UHFFFAOYSA-N,IC50,nM,174.0,O=C(NN1CCCCC1)c1cnc(-c2ccccc2Cl)c(-c2ccccc2Cl)n1,1
SEUAWPORDBCNHI-UHFFFAOYSA-N,EC50,nM,15000.0,Cc1c[nH]c2c(Nc3cccc(Cl)c3)ncc(C(=O)N3CCC3)c12,1
SEWMYSWOUWBGNK-FGZHOGPDSA-N,Ki,nM,1340.0,CCCCCCC(C)(C)c1cc(NC(C)=O)c2c(c1)OC(C)(C)C1CCC(C)=CC21,1
SEZGYMIBCAGZIQ-UHFFFAOYSA-N,Activity,%,29.75,CCN(CC)Cc1cccc(C(=O)c2c(-c3ccc(OCCCCCCCN(C)Cc4ccccc4)cc3)oc3ccccc23)c1,1
SEZLQOBXSIXLPM-LEWJYISDSA-N,IC50,nM,8.0,CCC(=O)Oc1cc(C(F)(F)F)cc(S(=O)(=O)N2CCN(C(=O)C3CC3c3ccc(C(F)(F)F)cc3)CC2)c1,1
SFAFBMCTCOQXBE-UHFFFAOYSA-N,Activity,%,49.0,COc1c(C)c(C)c2oc(=O)c(Cc3ccc(F)cc3)cc2c1C,1
SFFGSZNSIIPKNU-UHFFFAOYSA-N,EC50,nM,50.12,Clc1cccc2c(-c3nc(CN4CCOCC4)cs3)cn(CC3CCOCC3)c12,1
SFIYKAOEKVQMFE-UHFFFAOYSA-N,Ki,nM,957.0,CCCCCn1cc(C(=O)NC2CCCCC2)c(=O)c2c(CC)nn(C)c21,1
SFLXJKGPTRJZDT-UHFFFAOYSA-N,Activity,%,59.0,CCCCCn1cc(C(=O)NC23CC4CC(CC(C4)C2)C3)c(=O)c2ccccc21,1
SFMBDJJAQUAECW-NHCUHLMSSA-N,Ki,nM,57.54,CCCc1ccc(-c2cc(O)c3c(c2)OC(C)(C)C2CC=C(C)CC32)cc1,1
SFQQUBOFNDDLMP-UHFFFAOYSA-N,EC50,nM,10000.0,Cc1c[nH]c2c(Nc3cccc(Cl)c3)ncc(C(=O)N3CCOCC3)c12,1
SFVSRGOJALMAOY-UHFFFAOYSA-N,Ki,nM,5600.0,Nc1ccc2c(=O)cc(C(=O)NC3CCCCC3)n(Cc3ccccc3)c2n1,1
SFVUQPBKKWOUKN-UHFFFAOYSA-N,IC50,nM,340.0,CC(C)(Oc1ccc(C(F)(F)F)cn1)C(=O)NCC(C)(Cc1ccc(Cl)cc1)c1cccc(Br)c1,1
SFXHABYITZFPJU-AWEZNQCLSA-N,Ki,nM,119.0,CC(NS(C)(=O)=O)c1ccc(S(=O)(=O)c2ccc(Cl)cc2S(=O)(=O)c2cccc[n+]2[O-])cc1,1
SGEQUQLIALDVCQ-WOJBJXKFSA-N,Ki,nM,2.8,CC1=CCC2C(C1)c1c(O)cc(C(C)(C)c3cccc(Cl)c3)cc1OC2(C)C,1
SGGVUNKVHRFTPA-UHFFFAOYSA-N,Activity,pmol,0.6,CN=C(NS(=O)(=O)c1ccc(Cl)cc1)c1nc(-c2ccccc2)c(-c2ccc(Cl)cc2)o1,1
SGMKWJIZXOVWQG-UHFFFAOYSA-N,Ke,nM,1800.0,COc1ccc(CC2c3cc(OC(=O)CCCCCCN(C)CCCCOCCCCOCCCCOCCNC(=O)c4nn(-c5ccc(Cl)cc5Cl)c(-c5ccc(Cl)cc5)c4C)c(OC)cc3CCN2CC(=O)NCc2ccccc2)cc1OC,1
SGNSBIINTHBCRE-UHFFFAOYSA-N,IC50,nM,7.2,N#Cc1cc(-c2ccc(F)cc2)c(-c2ccc(Cl)cc2Cl)nc1OCc1ccc(F)c(F)c1,1
SGWQQLRAZYJWBJ-UHFFFAOYSA-N,Ki,nM,1300.0,Cc1ccc(S(=O)(=O)N(Cc2ccccc2)Cc2ccc(N3CCCCC3)cc2)cc1,1
SHDDOFYLDUCUGX-NHCUHLMSSA-N,Ki,nM,1.8,CCCCCCC1(c2cc(O)c3c(c2)OC(C)(C)C2CC=C(C)CC32)SCCCS1,1
SHHVJVSDLZXOHR-UHFFFAOYSA-N,Ki,nM,280.0,COc1ccc2c(c1)c(C(=O)C1C(C)(C)C1(C)C)cn2CC1CCOCC1,1
SHTUJXZMNFQBJY-UHFFFAOYSA-N,EC50,nM,5000.0,CCn1c2ccccc2c2cc(NC(=O)CCc3nc(-c4ccccc4Cl)no3)ccc21,1
SHUZOEIAYLRCKO-UHFFFAOYSA-N,EC50,nM,15.85,CCc1cccc2c(-c3nc(CN(CC)CC)cs3)cn(CC3CCOCC3)c12.Cl,1
SHVOOPWAUHCAOR-UHFFFAOYSA-N,Ki,nM,6947.0,O=C(NCCc1ccc(F)cc1)c1cc2cccnc2n(Cc2ccccc2)c1=O,1
SHZJAELKZBRDDN-UHFFFAOYSA-N,Ki,nM,270.0,CCCCCn1c(=O)c(C(=O)NC23CC4CC(CC(C4)C2)C3)c(O)c2cc(-c3ccco3)ccc21,1
SIHVMKYMBONCDC-KSFYIVLOSA-N,IC50,nM,0.59,CC(NC(=O)C(C)(C)Oc1ccc(C(F)(F)F)cn1)C(Cc1ccc(Cl)cc1)c1cccc(Br)c1,1
SINARDTVFAFNRL-UHFFFAOYSA-N,Activity,%,75.4,O=C1C(c2ccc(Br)cc2)N(c2ccccc2)C(=O)N1c1ccccc1,1
SIQURXBDFQRPHT-UHFFFAOYSA-N,EC50,nM,16000.0,COc1ccc(-n2cc3c(-c4ccc(-c5ccccc5)cc4)nnc(C)c3n2)cc1,1
SIRPBJFQIJRLJZ-UHFFFAOYSA-N,EC50,nM,79.43,COCCN(C)Cc1nc(-c2cn(CC3CCOCC3)c3c(Cl)cccc23)ns1,1
SIWIKTZZRONYRJ-GRFCFPJTSA-N,Kb,nM,0.216,COc1cccc(C2CC(NC(C)c3ccc(F)cc3)C(=O)N2c2ccc(C(F)(F)F)cc2)c1,1
SJAHNQMIWHQHEX-GAJHUEQPSA-N,Ki,nM,714.0,O=C1C(Cc2ccc(F)c(F)c2)CCC(c2ccc(Cl)cc2)N1c1ccc(Cl)cc1,1
SJGURYYYFXVYNW-WOJBJXKFSA-N,Ki,nM,305.0,O=C(NC1CCCCC1O)c1cnc(OCC2CC2)c(-c2ccc(Cl)c(Cl)c2)c1,1
SJMBODNIXZRCSX-UHFFFAOYSA-N,EC50,nM,2.0,O=C(c1cc2c(cc1F)OC(c1ccc(F)cc1F)(c1ccc(F)cc1F)O2)N1CCCCC1,1
SJVQWFQIDWJNKE-UHFFFAOYSA-N,Ki,nM,5000.0,CCCCCCCCCCCCCCCC(=O)NOCCO,1
SJXFOXVLISNSKX-UHFFFAOYSA-N,EC50,nM,5000.0,COCCNC(=O)c1c(NC(=O)C2CCC2)sc2c1CCCC2,1
SKEDRVPSLUBJPX-UHFFFAOYSA-N,IC50,nM,180.0,CC(C)(O)c1cc(-c2nc(NCCc3ccc(F)cc3)nc(OCF)n2)ccc1Cl,1
SKEJACPDEDIHNP-UHFFFAOYSA-N,Ki,nM,8.4,CCn1nc2c(-c3ccc(Cl)cc3)c(-c3ccncc3C)c(=O)n(Cc3ccc(C(F)(F)F)nc3C)n2c1=O,1
SKFVVHBSUDLZAV-UHFFFAOYSA-N,Ki,nM,18.2,COc1ccc(-c2c(F)c(C(=O)NN3CCCCC3)nn2-c2ccc(Cl)cc2Cl)cc1,1
SKHJYMXKKBQLIN-UHFFFAOYSA-N,IC50,nM,30.0,NC(=O)Cc1c(C(=O)N2CCC(C(=O)O)(c3ccc(F)cn3)CC2)nn(-c2ccccc2Cl)c1-c1ccc(Cl)cc1,1
SKHKSXCAADVULV-UHFFFAOYSA-N,EC50,nM,1581.14,O=C(NCC1CCOCC1)c1cnc(Nc2cccc(C(F)(F)F)c2)cc1C1CC1,1
SKJFRPOEZSVSCJ-UHFFFAOYSA-N,EC50,nM,8500.0,O=C(NC1(CO)CCCCC1)c1nc2c(-c3ccccc3)cccc2[nH]1,1
SKKAXSRZRMJLJV-UHFFFAOYSA-N,Activity,%,31.0,Cc1cc(F)c(NC(=O)C2CCCCC2C)cc1CN1CCOCC1,1
SKMWEGKIKIGBSE-UHFFFAOYSA-N,IC50,nM,12.0,Cc1c2c(n(-c3ccc(Cl)cc3Cl)c1-c1ccc3c(c1)OCO3)CCN(C1CCCCC1)C2=O,1
SKUJRFWLYROKKQ-UHFFFAOYSA-N,Ki,nM,3.8,Cc1c(-c2cn(-c3ccccc3)cn2)nn(-c2ccccc2Cl)c1-c1ccc(Cl)cc1,1
SKZVTNBNJGVZRH-UHFFFAOYSA-N,IC50,nM,14.0,N#CCc1c(C(=O)Nc2ccc(C(F)(F)F)nc2)nn(-c2ccccc2Cl)c1-c1ccc(Cl)cc1,1
SLCLZBDMTJODDZ-UHFFFAOYSA-N,Ki,nM,3363.0,COc1ccc2c(c1)c(CN1CCOCC1)c(C)n2C(=O)c1cccc(Cl)c1Cl,1
SLFLTKOMDDREOZ-UHFFFAOYSA-N,Activity,%,15.0,CCc1c(C(=O)NCCc2ccc([N+](=O)[O-])cc2)[nH]c2ccc(Cl)cc12,1
SLFMBCYJHWCXIB-UHFFFAOYSA-N,Ki,nM,506.0,Cc1c(C(=O)NCCNCCN)nn(-c2ccc(Cl)cc2Cl)c1-c1ccc(Cl)cc1,1
SLKSBTBCUUFNIQ-UHFFFAOYSA-N,Ki,nM,840.0,CCN(CC)c1ccc(CN(Cc2ccco2)S(=O)(=O)c2ccc(OC)cc2)cc1,1
SLLNLWVFUSGGBR-AOMKIAJQSA-N,Ki,nM,554.0,Clc1ccc(N2CC(CN3CCNCC3)CCC2c2ccc(Cl)cc2Cl)cc1,1
SLNVUXBYBRRXTA-FGZHOGPDSA-N,Ki,nM,18.0,CC1=CCC2C(C1)c1c(O)cc(C(C)(C)CCCCC(=O)Nc3ccc(Cl)cc3Cl)cc1OC2(C)C,1
SLPGSWIEEUBPDH-FQEVSTJZSA-N,EC50,nM,100.0,COc1cccc2c(C(=O)N3CC4CCCN4CC3(C)C)cn(CC3CCCCC3)c12,1
SLQDUXPNRLHRBC-UHFFFAOYSA-N,Ki,nM,5000.0,C=CCn1cc(C(=O)NC23CC4CC(CC(C4)C2)C3)c2cc(-c3ccc(O)cc3)ccc21,1
SLQJDOXEUFHUGL-UHFFFAOYSA-N,Ki,nM,825.0,CCCCCn1cc(C(=O)NC2CCCCCC2)c(=O)n2nc(-c3ccccc3)cc12,1
SLQRVPXFPHDCHR-UHFFFAOYSA-N,Activity,%,83.0,O=C(Nc1ccc(Cl)cc1)NC(c1ccc(Br)cc1)c1ccc(Br)cc1,1
SLQYFROSAANERA-UHFFFAOYSA-N,Inhibition,%,18.5,CCCCCCCCCCCCCCCC(=O)NCC(C)C,1
SMAJIXOOJCUMFD-UHFFFAOYSA-N,IC50,nM,2187.76,Cc1ccccc1C(c1ccc(Cl)cc1)N1CCN(C(=O)NC(C)C)CC1,1
SMANXXCATUTDDT-QPJJXVBHSA-N,IC50,nM,3028.0,Fc1ccc(C(c2ccc(F)cc2)N2CCN(CC=Cc3ccccc3)CC2)cc1,1
SMEFNROEYLLVDY-UHFFFAOYSA-N,Kd,nM,1.995,Cc1c(C(=O)NN2CCCCCC2)nc(-c2ccc(Cl)cc2Cl)n1-c1ccc(Cl)cc1,1
SMKPOZPKVRWRFT-UHFFFAOYSA-N,Ki,nM,251.19,COCCn1cc(C(=O)c2ccccc2-c2ccccc2)c2ccccc21,1
SMMDHXBJGWDJES-UHFFFAOYSA-N,IC50,nM,10.0,NC(=O)Cc1c(C(=O)N2CCC(C(=O)O)(c3ccccn3)CC2)nn(-c2ccccc2Cl)c1-c1ccc(Cl)cc1,1
SMUIQYTUDBOXGW-RTBURBONSA-N,Ki,nM,67.6,CC1=CCC2C(C1)c1c(O)cc(Cc3ccccc3)cc1OC2(C)C,1
SMXWEELYOFIWGW-JXAWBTAJSA-N,Inhibition,%,-5.0,O=C1C(=Cc2ccc(-c3ccccc3)cc2)N=C2SCCCCN12,1
SNDFSBWQROTRLI-UHFFFAOYSA-N,Ki,nM,890.0,CCCCn1c2c(cc(C(=O)NCc3ccccc3)c1=O)CCCCCC2,1
SNGZAESGNGFDDB-UHFFFAOYSA-N,Ki,nM,90.0,Cc1c(C(=O)NCc2ccc(Cl)cc2)nn(-c2ccc(Cl)cc2Cl)c1-n1c(C)ccc1C,1
SNLKBUWHICYJCF-UHFFFAOYSA-N,Activity,%,49.6,CCCCCn1cc(C(=O)Nc2ccc(C#N)cc2)c(=O)c2ccccc21,1
SNRKJXLQZIPUCF-UHFFFAOYSA-N,Ki,nM,255.0,CN=C(NS(=O)(=O)c1ccc(Cl)cc1)N1CC(c2ccc(Cl)cc2)C(c2ccc(Cl)cc2)=N1,1
SODJPVXVSBHQAM-UHFFFAOYSA-N,Activity,%,5.0,CC12CC3CC(C)(C1)CC(NC(=O)c1cn(CCN4CCOCC4)c4ccccc4c1=O)(C3)C2,1
SODYRJFAHCKEEJ-UHFFFAOYSA-N,Ki,nM,1200.0,Cc1ccc(NC(=O)C(C(C)(C)C)C(C)(C)C)cc1S(=O)(=O)N1CCOCC1,1
SOFQKCHTAUYIHC-UHFFFAOYSA-N,Ki,nM,5000.0,CCCCCn1c(=O)c(C(=O)NC23CC4CC(CC(C4)C2)C3)c(O)c2cc(Br)ccc21,1
SOGBIKQPUNTKNS-VBMGMRCRSA-N,Kd,nM,25.12,CN(C)CCN1CCN(C(=NS(=O)(=O)c2ccc(Cl)cc2)N2CC(c3ccccc3)C(c3ccc(Cl)cc3)=N2)CC1,1
SOJIUHKHURKSAN-UHFFFAOYSA-N,Activity,%,105.0,CC(C)CN(CC(=O)N1CCc2sccc2C1c1ccc(F)cc1)C(=O)c1ccco1,1
SOMVVAYJNDYGDM-UHFFFAOYSA-N,EC50,nM,72.0,O=C(c1cc2c(cc1F)OC(c1ccc(F)cc1)(c1ccc(F)cc1)O2)N1CCCCC1,1
SONKJJVDAPWVFT-UHFFFAOYSA-N,Ki,nM,9.0,COc1ccc(-n2cc(C(=O)NC3CCCCC3)nc2-c2ccccc2Cl)cc1,1
SPACSAKNWLXMOR-UHFFFAOYSA-N,Ki,nM,2137.96,CN1CCN(CCn2cc(C(=O)C3C(C)(C)C3(C)C)c3ccccc32)CC1,1
SPASZMXBJPMEMZ-UHFFFAOYSA-N,Activity,%,44.7,O=C1N(Cc2ccccc2)C(=S)NC1(c1ccccc1)c1ccccc1,1
SPCANSRMNWNAPX-UHFFFAOYSA-N,Ki,nM,310.0,O=C(NC1CCCCCC1)c1cn2c3c(cccc3c1=O)OCC2c1ccccc1,1
SPCBEGLMPRQYBL-UHFFFAOYSA-N,Activity,%,5.0,O=C(CCC(=O)N1CCOCC1)c1ccc(-c2ccccc2)cc1,1
SPCIYGNTAMCTRO-UHFFFAOYSA-N,Ki,nM,5000.0,CN(C)CCc1c[nH]c2cccc(O)c12,1
SPCSHOFXTTZKQI-UHFFFAOYSA-N,Ke,uM,2.93,Cc1c(C(=O)NCc2ccc(CNS(C)(=O)=O)cc2)nn(-c2ccc(Cl)cc2Cl)c1-c1ccc(Cl)cc1,1
SPDVKAGTBUKKTB-UHFFFAOYSA-N,EC50,nM,500.0,Cc1ccc(C(=O)NCC(C)(C)C)cc1S(=O)(=O)N1CCOCC1,1
SPHIFQKOTUSPPQ-WOJBJXKFSA-N,Ki,nM,0.57,CC1=CCC2C(C1)c1c(O)cc(C(C)(C)C3CCCCC3)cc1OC2(C)C,1
SPJOFALIUYDWEQ-UHFFFAOYSA-N,EC50,nM,5000.0,O=C(CN1CCCC1)Nc1sc2c(c1C(=O)N1CC(F)(F)C1)CCCC2,1
SPOADXIYHPOBHR-UHFFFAOYSA-N,Ki,nM,500.0,CCN(CC)c1ccc(CN(C2CCCC2)S(=O)(=O)c2ccc(C)cc2)cc1,1
SPPMUIFLVYBDMD-UHFFFAOYSA-N,IC50,nM,0.49,N#CCc1c(C(=O)NC2CCCCCC2)nn(-c2ccccc2Cl)c1-c1ccc(Cl)cc1,1
SPTNEZKXRMAQGK-UHFFFAOYSA-N,Activity,%,183.4,CCc1c(C(=O)NCCc2ccc(NC)cc2)[nH]c2ccc(Cl)cc12,1
SPUWBWJYUKCTKB-UHFFFAOYSA-N,IC50,nM,71.0,N#CCc1c(C(=O)NN2CCOCC2)nn(-c2ccccc2Cl)c1-c1ccc(Cl)cc1,1
SPWPIJMSCDUAAC-SDNWHVSQSA-N,Ki,nM,213.0,Cc1c(C=CN2CCCCC2)nn(-c2ccc(Cl)cc2Cl)c1-c1ccc(Cl)cc1,1
SQCINBHTKQDVOI-UHFFFAOYSA-N,EC50,nM,8500.0,O=C(NCC1(CO)CCCC1)c1nc2c(-c3ccccc3)cccc2[nH]1,1
SQKRUBZPTNJQEM-ZKWNWVNESA-N,Log Ki,nM,2.14,CCCCCC=CCC=CCC=CCC=CCCCC(=O)NC(C)CO,1
SQMGMTABGQYJDL-UHFFFAOYSA-N,Ki,nM,12.0,O=c1c2nn(-c3ccccc3Cl)c(-c3ccc(Cl)cc3)c2ncn1N1CCCCC1,1
SQNFNQMIUOAVRI-UHFFFAOYSA-N,Ki,nM,0.67,CCNC1(C(N)=O)CCN(c2cnc(-c3ccc(Cl)cc3)c(-c3ccnc(Cl)c3)n2)CC1,1
SQOVWXPWYAPARK-UHFFFAOYSA-N,EC50,nM,3.0,O=S(=O)(c1cc2c(cc1F)OC(c1ccc(F)cc1)(c1ccc(Cl)cc1Cl)O2)N1CCOCC1,1
SQUIAAXWRYTPIR-UHFFFAOYSA-N,Ki,nM,10.0,COc1nn2c(=O)n(Cc3ccc(C(F)(F)F)nc3)nc2c(-c2ccncc2)c1-c1ccc(Cl)cc1,1
SQVLCUQMGNNYIM-UHFFFAOYSA-N,IC50,nM,1.17,COc1ccc(OC(F)(F)F)cc1Cn1c(C(=O)NCC(C)(C)CO)cc2cc(C#N)ccc21,1
SQVVDENKWLPOFQ-UHFFFAOYSA-N,Ki,nM,5000.0,C=CCCCCCCCCC(=O)NCCc1ccc(OC)cc1,1
SRBRBVPDWCAURZ-UHFFFAOYSA-N,Kb,nM,2708.0,CCc1c(C(=O)NCCc2ccc(N(C)C)cc2)[nH]c2ccc(OC)cc12,1
SRDPEKPDHOEKFT-UHFFFAOYSA-N,Ki,nM,1900.0,Cc1ccc(NC(=O)C2CCCCC2)cc1S(=O)(=O)N1CCOCC1,1
SRFXJTJKQWBUMX-UHFFFAOYSA-N,EC50,nM,16000.0,Cc1nnc(-c2cccc(Br)c2)c2cn(-c3ccc(Br)cc3)nc12,1
SRIMISLKXUKICS-UHFFFAOYSA-N,Ki,nM,500.0,N#Cc1c(C(=O)NN2CCOCC2)nn(-c2ccc(Cl)cc2Cl)c1-c1ccc(Br)cc1,1
SRIRFCAJHZJRPK-UHFFFAOYSA-N,Ki,nM,9900.0,O=S(=O)(c1ccccc1F)c1cc(Cl)ccc1S(=O)(=O)N1CCC(NS(=O)(=O)C(F)(F)F)C1,1
SROCTROBBQZOCL-UHFFFAOYSA-N,EC50,nM,25.5,CCOCC#Cc1ccc(-c2c(C)c(C(=O)NN3CCCCC3)nn2-c2ccc(Cl)cc2Cl)s1,1
SROHPRYBUYXISC-UHFFFAOYSA-N,Ki,nM,5000.0,CC1(C)C(C(=O)c2cn(CCC(=O)O)c3ccccc23)C1(C)C,1
SRTMLRVZSLOOCF-LTGZKZEYSA-N,Activity,%,85.01,N#CC(=Cc1cn(CCN2CCOCC2)c2ccccc12)S(=O)(=O)c1ccccc1,1
SRVHEDRXWDHSSW-UHFFFAOYSA-N,Ki,nM,1100.0,Cc1ccc(-c2ncc(CC(C)(C)C)[nH]2)cc1S(=O)(=O)N1CCOCC1,1
SSCUOGWLEYLSCI-UHFFFAOYSA-N,Ki,nM,1258.93,CC1(C)C(C(=O)c2cn(CC3CCOCC3)c3cc(S(C)(=O)=O)ccc23)C1(C)C,1
SSHGXSSBOQFBGD-UHFFFAOYSA-N,EC50,nM,500.0,CCn1c2ccccc2c2cc(NC(=O)CCc3nc(-c4ccc(F)cc4C)no3)ccc21,1
SSHVKILHGYEXEJ-KXBFYZLASA-N,EC50,nM,501.19,CC1CN(C(=O)c2cn3c4c(cccc24)OCC3C2CCCCC2)CCN1,1
SSICYFCGLBBCKU-UHFFFAOYSA-N,Activity,%,91.0,COc1ccccc1NC(=O)C(C)Sc1nc(-c2ccc(C)cc2)nc2c1COC(C)(C)C2,1
SSLJHCZVZIBYMD-UHFFFAOYSA-N,Inhibition,%,4.0,CCCCCCCCCCCCCCCNC(=O)CCO,1
SSQJFGMEZBFMNV-PMACEKPBSA-N,EC50,nM,0.6,CCCCCCC(C)(C)c1cc(O)c2c(c1)OC(C)(C)C1CC=C(CO)CC21,1
SSVOIYOFVZHGAB-UHFFFAOYSA-N,EC50,nM,5000.0,CCn1c2ccccc2c2cc(NC(=O)CCc3nc(-c4cccc(Cl)c4)no3)ccc21,1
STBBFKKMBXBNPB-UHFFFAOYSA-N,Ki,nM,1500.0,CC(NC(=O)c1cn(-c2ccccc2)c(-c2ccccc2)cc1=O)C12CC3CC(CC(C3)C1)C2,1
STEMEZOWSYEKBF-PDGQHHTCSA-N,Inhibition,%,0.0,O=C1C(=Cc2cccc(OCc3ccccc3Cl)c2)N=C2SCCCN12,1
STEVSDAHHBNTQD-UHFFFAOYSA-N,Inhibition,%,2.5,CCCCCCCCCCCCCCCC(=O)NC,1
STGQBKUWPRZLAI-OAHLLOKOSA-N,Ki,nM,1.5,CC(NC(=O)C1(NC(=O)c2cccnc2)CC1)c1ccc(-n2nc(Cl)c3ccccc32)cc1F,1
STGWLWSVADKLHF-ZDUSSCGKSA-N,Ki,nM,129.0,Cc1occc1S(=O)(=O)c1cc(Cl)ccc1S(=O)(=O)c1ccc(C(C)NS(C)(=O)=O)cc1,1
STILHVATXDOGFT-UHFFFAOYSA-N,Ki,nM,5000.0,CC1(C)C(C(=O)c2cn(CCO)c3ccccc23)C1(C)C,1
STLODSLSZTWODE-VQTJNVASSA-N,IC50,nM,5.0,O=C(C1CC1c1ccc(C(F)(F)F)cc1)N1CCN(S(=O)(=O)c2cc(C(F)(F)F)cc(C(F)(F)CO)c2)CC1,1
STNBWYDUCPIMGW-UHFFFAOYSA-N,Ki,nM,2500.0,CCN(CC)C(=O)c1ccc2c(c1)nc(Cc1ccc(OC)cc1)n2CCC(C)C,1
STRRJWGQVOFPKF-UHFFFAOYSA-N,EC50,nM,8710.0,COCCNC(=O)c1c(NC(=O)c2ccccc2C(F)(F)F)sc2c1CCOC2,1
STSBEGKZMMPSMP-UHFFFAOYSA-N,IC50,nM,8500.0,CC(C)(C)CNC(=O)c1nc(C2CC2)n2ccccc12,1
STUQQHTXKWKKML-UHFFFAOYSA-N,Ki,nM,500.0,CC(C)CNC(=O)c1ccc(Br)c(S(=O)(=O)N2CCCCC2)c1,1
STUZQYFLKGLLHU-UHFFFAOYSA-N,Activity,%,38.0,CCCCCn1cc(C(=O)NC2CCCCC2)c(=O)n2nc(-c3ccc(Cl)cc3Cl)cc12,1
STVLTTVKNYWEFV-NBGIEHNGSA-N,IC50,nM,1.3,CC(NC(=O)C(C)(C)Oc1ccccn1)C(Cc1ccc(OCCF)cc1)c1cccc(C#N)c1,1
STWYWUGMZLRNAY-UHFFFAOYSA-N,Ki,nM,48.0,CCc1c(C(=O)NCCCCNc2c3c(nc4ccccc24)CCCC3)nc(-c2ccccc2Cl)n1-c1ccc(Cl)cc1,1
SUFGFZIEEOBOMA-UHFFFAOYSA-N,EC50,nM,500.0,O=C(CCc1nc(-c2ccc(F)cc2Cl)no1)Nc1nc2ccc(OC(F)(F)F)cc2s1,1
SUFMHSFGODDLKI-NHCUHLMSSA-N,Ki,nM,1043.0,CCCCCCC(C)(C)c1cc(OC)c2c(c1)OC(C)(C)C1CC=C(C)CC21,1
SUGVYNSRNKFXQM-ACSDJOOWSA-N,Ki,nM,1410.0,Cc1ccc(Cn2nc(C(=O)NC3C4(C)CCC(C4)C3(C)C)cc2-c2ccc(Cl)c(C)c2)cc1,1
SULJESTXXUAONP-OAHLLOKOSA-N,Ki,nM,19.0,CCc1nn(-c2ccc(C(C)NC(=O)C3(NC(=O)c4cc(OC)no4)CC3)c(F)c2)c2ccccc12,1
SUVOSQNAWGJSJD-UHFFFAOYSA-N,Kd,nM,1.995,CN=C(NC(=O)c1ccc(Cl)cc1)N1CC(c2ccccc2)C(c2ccc(Cl)cc2)=N1,1
SUYLSHGQFVSWSI-QUCCMNQESA-N,EC50,nM,101.0,CNC(=O)CCC(CO)N(C)C(=O)c1ccc2c(c1)c1c(n2C)CCC(C2CCOCC2)C1,1
SVEKJIAEDDEYJK-UHFFFAOYSA-N,Activity,%,25.0,CCCCCCC(C)(C)c1cc(O)cc(OCCCCCCCCCCC(=O)NCc2ccc(O)c(OC)c2)c1,1
SVHKZTWQMXJLAD-UHFFFAOYSA-N,Ki,nM,0.91,CCNC1(C(N)=O)CCN(c2cnc(-c3ccc(Cl)cc3)c(-c3ccc(Cl)cc3Cl)n2)CC1,1
SVSQPQKRRBNFOC-UHFFFAOYSA-N,Kd,nM,0.1585,Cc1c(C(=O)NN2CC3CCCC3C2)nc(-c2ccc(Cl)cc2Cl)n1-c1ccc(Cl)cc1,1
SVVQSGWDHBABGN-UHFFFAOYSA-N,Inhibition,%,2.0,CCOC(=O)C1CN2C(=O)C(c3ccccc3)(c3ccccc3)N=C2S1,1
SVXRSXKESZVKBA-UHFFFAOYSA-N,IC50,nM,20.0,N#Cc1cc(-c2ccc(Cl)cc2)c(-c2ccc(Cl)cc2Cl)nc1NC(=O)c1ccc(F)c(F)c1,1
SWCKVRRVEDFLED-RVKKMQEKSA-N,IC50,nM,8500.0,O=C(c1ncn[nH]1)N1CCC(O)(c2ccccc2)C2CCCCC21,1
SWELXFURIBQVOH-UHFFFAOYSA-N,Activity,%,50.0,CCCCCn1cc(C(=O)NC23CC4CC(C)(CC(C)(C4)C2)C3)c(=O)c2cccnc21,1
SWLJKGMUZJJJMA-UHFFFAOYSA-N,Ki,nM,858.0,CCN(CC)c1ccc(CN(c2ccc(C)cc2)S(=O)(=O)c2ccc(F)cc2)cc1,1
SWMZUZLACLTWNE-PHIMTYICSA-N,EC50,nM,6309.57,CC1C=CC(C)N1c1ccc(-c2cccc(Cl)c2Cl)nn1,1
SWPXYHKNFLVXKH-UHFFFAOYSA-N,Ki,nM,563.0,O=C(NN1CCCCC1)c1cnc(OCC2CC2)c(-c2ccc(Cl)cc2)c1,1
SWTIHSWTLDQWNY-UHFFFAOYSA-N,Ki,nM,2500.0,CCOc1ccc(Cc2nc3cc(C(N)=O)ccc3n2CC2CC2)cc1,1
SWTYJFXTOTYOGR-XMMPIXPASA-N,IC50,nM,4.0,CC1(C)CC(NC(=O)c2ccccc2O)c2cc(-c3ccc(Cl)cc3)c(-c3ccc(Cl)cc3Cl)nc2O1,1
SWVBLRIGEBKRCW-HNNXBMFYSA-N,Ke,nM,8406.0,Clc1ccc(-n2c(-c3ccccc3Cl)nc3c(NC4CCCNC4)ncnc32)cc1,1
SWYOPXPTFMOLET-UHFFFAOYSA-N,Ki,nM,5000.0,C=CCn1cc(CC(=O)NC23CC4CC(CC(C4)C2)C3)c2cc(Br)ccc21,1
SXHBRLSHSAJBTD-UHFFFAOYSA-N,IC50,nM,5000.0,CCCCCCc1ccc(OCCCCCCCCCCC(=O)NCC2CC2)cc1O,1
SXIFHTSAZCAARH-UHFFFAOYSA-N,Activity,%,40.0,CCCCCn1c(-c2ccccc2)c(C(=O)NC23CC4CC(C)(CC(C)(C4)C2)C3)c(=O)c2ccccc21,1
SXPIENJWEFLRFA-HSZRJFAPSA-N,IC50,nM,0.5,Cc1[nH]nc(C(=O)NC2CC(C)(C)Oc3nc(-c4ccc(Cl)cc4Cl)c(-c4ccc(Cl)cc4)cc32)c1C,1
SXPVDGWPWSEXTJ-GOSISDBHSA-N,Ki,nM,29.7,CCCCCn1cc(C(=O)NC(C)c2ccccc2)c(=O)c2ccc(OCC)cc21,1
SXSUPFNIHPBGBJ-WMMMYUQOSA-N,Kd,nM,0.1995,CSC(=NS(=O)(=O)c1ccc(C(F)(F)F)cc1)N1CC(c2ccccc2)C(c2ccc(Cl)cc2)=N1,1
SXSWRWFROSBTCV-UYAOXDASSA-N,Ki,nM,1500.0,CCCCCc1cc2c(c(C(=O)N(C)C)c1)C1C=C(C)CCC1C(C)(C)O2,1
SXVNZFOIDCRHRH-UHFFFAOYSA-N,EC50,nM,5000.0,COCCOC1CCN(C(=O)C23CC4CC(CC(C4)C2)C3)c2ccccc21,1
SYBONVBDFTYUQP-UHFFFAOYSA-N,IC50,nM,454.0,O=C(O)CCc1csc(NC(=O)c2cc3c(n(CC4CCCCC4)c2=O)CCCCCC3)n1,1
SYCJXYVITJBOGA-UHFFFAOYSA-N,EC50,nM,5000.0,CC(C)(C)C(=O)c1c(NC(=O)c2ccccc2OC(F)(F)F)sc2c1CCOC2,1
SYHZPKNXHWXRFH-UHFFFAOYSA-N,Ki,nM,9.4,Cc1c(C(=O)NC2CCCCC2)nn(-c2ccc(Cl)cc2Cl)c1-n1c(Cl)ccc1Cl,1
SYIJFCBTSQTYOP-UHFFFAOYSA-N,Ki,nM,48.7,CCc1c(C(=O)NCc2ccc(Cl)c(Cl)c2)nn(-c2ccc(Cl)cc2Cl)c1-n1cccc1,1
SYMRBWZZAMFPMN-UHFFFAOYSA-N,Ki,nM,10000.0,O=C(Cc1ccccc1)NC(NC(=O)Cc1ccccc1)c1ccc(N(Cc2ccccc2)Cc2ccccc2)cc1,1
SYNHSNBHAZTNRH-HWKANZROSA-N,Activity,%,25.0,COc1ccc(C=CC(=O)CCC(=O)NCCO)cc1OC,1
SYUQZYSPZLUEIG-UHFFFAOYSA-N,Activity,%,77.0,S=C(Nc1ccccc1)NC(c1ccc(Cl)cc1)c1ccc(Cl)cc1,1
SYVLQVMWFLSCFN-UHFFFAOYSA-N,IC50,nM,15.0,Cc1ccc(C(c2ccc(Cl)cc2Cl)N2CCN(C(=O)NN3CCCCC3)CC2)cc1,1
SYYJKQJOSWHETE-UHFFFAOYSA-N,EC50,nM,18.7,Cc1c(C(=O)NN2CCCCC2)nn(-c2ccc(Cl)cc2Cl)c1-c1ccc(C#CCOc2ccccc2)s1,1
SZAKZPXJYDZZEA-UHFFFAOYSA-N,IC50,nM,2500.0,N#Cc1c(C(=O)NN2CCCCC2)nn(-c2ccccc2)c1-n1cccc1,1
SZJWCJKNHFIWHQ-UHFFFAOYSA-N,Ki,nM,20000.0,CCCCCCCCCCCCCCCCNC(=O)c1cc(-c2ccccc2)n(-c2ccccc2)n1,1
SZQFSERSAVXUGU-UHFFFAOYSA-N,Ki,nM,2500.0,CCOc1ccc(Cc2nc3cc(N(C)C(=O)CC(C)C)ccc3n2CC2CC2)cc1,1
SZQXUAARXDAMOZ-NRFANRHFSA-N,Ki,nM,316.0,Cc1ccc(-c2ncc(C(=O)NC(CO)C(C)C)nc2-c2ccc(C)cc2)cc1,1
SZTZUGGWPZIINA-KOSHJBKYSA-N,IC50,nM,170.0,CC(NC(=O)C(C)(C)Oc1ccc(Cl)cc1)C(Cc1ccc(Cl)cc1)c1ccccc1,1
SZWAYBUJHLEIDI-UHFFFAOYSA-N,EC50,nM,398.11,CCCCCC1=NN(C(=O)NCc2ccccc2)CC1c1ccccc1,1
TTXBSFMTBZLJTE-UHFFFAOYSA-N,Ki,nM,5000.0,CN(C)C(=O)Cn1nnc(Cc2ccc(-c3ccccc3)cc2)n1,1
TTYXREZBNRCEHW-UHFFFAOYSA-N,Ki,nM,91.0,Cc1c(C(=O)NCCc2ccc(F)cc2)nn(-c2ccc(Cl)cc2Cl)c1-c1ccc(Cl)cc1,1
TUAPMXUWLPZNSB-UHFFFAOYSA-N,Ki,nM,1440.0,Cn1c2c(c3cc(C(=O)NCCCC(=O)NC4CC4)ccc31)CC(C1CCOCC1)CC2,1
TUCHTVNTVVERBZ-UHFFFAOYSA-N,EC50,nM,16000.0,CC(C)(C)NS(=O)(=O)c1ccc(NC(=O)C(Sc2ccccc2)c2ccccc2)cc1,1
TUCWNLRRBGGNRB-UHFFFAOYSA-N,Ki,nM,1500.0,CCCCCOc1ccccc1-c1cc(C(=O)NC2C3CC4CC(C3)CC2C4)no1,1
TUILVEAESIDKOI-UHFFFAOYSA-N,Ki,nM,10000.0,Cc1ccc(C(NC(=O)Cc2ccc(Cl)cc2)NC(=O)Cc2ccc(Cl)cc2)cc1,1
TUMVRWAIIYSROD-UHFFFAOYSA-N,Ki,nM,500.0,CCN(CC)c1ccc(CN(c2ccccc2)S(=O)(=O)c2ccc(OC)cc2)cc1,1
TVAGAOCIGSANAH-UHFFFAOYSA-N,Activity,%,11.0,CC(C)(C)c1nc2c(n1CC1CC1)CCN(S(=O)(=O)c1cccnc1)C2,1
TVFVVUWCVJWQCT-UHFFFAOYSA-N,Ki,nM,2940.0,CCCCCCC(C)(C)c1cc(O)cc(OCCCCCCCCCCOC(CO)CO)c1,1
TVKFBBFTWFSSOT-UHFFFAOYSA-N,Ki,nM,560.0,CCN(CC)c1ccc(CN(CC2CCCCC2)S(=O)(=O)c2ccc(C)cc2)cc1,1
TVKWKGUKDRRICW-UHFFFAOYSA-N,EC50,nM,63.0,CCn1c2c(c3cc(C(=O)N4CCC(C)CC4)ccc31)CN(C1CCCC1)CC2,1
TVORTTWECRYBQS-UHFFFAOYSA-N,EC50,nM,16000.0,Cc1ccc(-n2cc3c(-c4ccccc4)nnc(C)c3n2)cc1,1
TVSIWFHSJOJFON-UHFFFAOYSA-N,Ki,nM,350.0,COc1cc(Cl)ccc1-c1nc(C(=O)NC(C)C)nn1-c1ccc(Cl)cc1Cl,1
TVYVHVQOGZGIBA-UHFFFAOYSA-N,IC50,nM,27.0,N#Cc1cc(-c2ccc(Cl)cc2)c(-c2ccccc2Cl)nc1-c1cccnc1,1
TWFZHTHMHDVZLD-UHFFFAOYSA-N,EC50,nM,16000.0,CCN(CC)S(=O)(=O)c1ccc(NC(=O)c2cc(-c3cccs3)nc3ccccc23)cc1,1
TWOZGDQGBKCTPY-VQTJNVASSA-N,IC50,nM,10.0,O=C(C1CC1c1ccc(C(F)(F)F)cc1)N1CCN(S(=O)(=O)c2cc(-c3nc(O)cs3)cc(C(F)(F)F)c2)CC1,1
TWPADGGONVLYSH-YADARESESA-N,IC50,nM,97.0,CC(NC(=O)C(C)(C)Nc1nc2ccccc2n1C)C(Cc1ccc(Cl)cc1)c1cccc(C#N)c1,1
TWQYWUXBZHPIIV-UHFFFAOYSA-N,EC50,nM,5000.0,O=C(NCC1CCOCC1)c1cnc(Nc2ccc(Cl)cc2Cl)nc1C(F)(F)F,1
TWRSTCDKXCLFEK-UHFFFAOYSA-N,Ki,nM,4.9,COc1ccc(-n2cc(C(=O)NC3CCCCC3)nc2-c2ccc(Cl)cc2Cl)cc1,1
TXDUYXUPRRYHRW-MYFCUFBASA-N,Inhibition,%,39.0,COC(C)(C)C=CCC1(C)C(O)CCC2(C)C1CCC1Cc3c([nH]c4ccccc34)C12C,1
TXKVDQBPLCHMEA-UHFFFAOYSA-N,IC50,nM,108.0,CC(C)(C)N1CCN(c2nc(-c3ccccc3Cl)c(-c3ccc(Cl)cc3)cc2C#N)CC1,1
TXMCPXVAYLCZFB-UHFFFAOYSA-N,IC50,nM,146.0,O=C(NCC1CCCCC1)N1CCN(C(c2ccc(Br)cc2)c2ccccc2Cl)CC1,1
TXPKFNIFJFZBOS-PMACEKPBSA-N,Ki,nM,6.9,Cc1c(C(=O)NC2CCCCC2O)nc(-c2ccccc2Cl)n1-c1ccc(Cl)cc1,1
TXZJFGWULOAGLG-UHFFFAOYSA-N,Ki,nM,2920.0,COc1ccc2c(=O)c(C(=O)NC3CCCCC3)cn(CCN3CCOCC3)c2c1,1
TYDKAHFZLFMNQX-UHFFFAOYSA-N,Inhibition,%,-4.0,COc1cc(C)c(S(=O)(=O)N(C)CCOCC(=O)N2CCN(C3CCN(C)CC3)CC2)c(C)c1,1
TYEMPRZXIMIZIA-NHCUHLMSSA-N,Ki,nM,2.53,CC1=CCC2C(C1)c1c(O)cc(C(C)(C)c3cccc(C)c3)cc1OC2(C)C,1
TYIHQYRRPIXBNB-UHFFFAOYSA-N,IC50,nM,31.0,CS(=O)(=O)N1CCC(NC(=O)c2nn(-c3ccccc3Cl)c(-c3ccc(Cl)cc3)c2CC#N)CC1,1
TYKSWSZGCUIWSH-UHFFFAOYSA-N,Ki,nM,948.0,COc1ccc(CCNC(=O)c2nn(-c3ccc(F)cc3F)c(-n3cccc3)c2C)cc1Cl,1
TYOBHBOPNUWFPN-UHFFFAOYSA-N,EC50,nM,10000.0,CC(=O)N1CCC(C(=O)N2CCCN(C(=O)Nc3cc(C(C)(C)C)on3)CC2)CC1,1
TYPYKTGWUCNEDE-RGEXLXHISA-N,Intrinsic activity,%,-35.0,O=C1C(=Cc2cccc(OCc3ccccc3)c2)N=C2SCCCCN12,1
TYTSMIBSPRJKRV-MRXNPFEDSA-N,EC50,nM,15.85,OCC1CCCN1Cc1nc(-c2cn(CC3CCOCC3)c3c(Cl)cccc23)ns1,1
TZAHVDWCFRJFHI-UHFFFAOYSA-N,IC50,nM,6.3,Cc1ccc(-c2cc(C#N)c(OCc3ccc(F)c(F)c3)nc2-c2ccc(Cl)cc2Cl)cc1,1
TZCLFKYOYFCIEV-UHFFFAOYSA-N,Ki,nM,15.3,CCc1c(C(=O)NC2CCCCC2)nn(-c2ccc(Cl)c(Cl)c2)c1-n1cccc1,1
TZDLGJXKWSQSTB-UHFFFAOYSA-N,Ki,nM,1.7,COC(=O)C(C)(C)NC(=O)c1cc2c(n(CC3CCCCC3)c1=O)CCCCCC2,1
TZIQLHQYLQKNJL-UHFFFAOYSA-N,Ki,nM,5000.0,COC(=O)Cn1nnc(CNC(=O)c2ccc(-c3ccccc3)cc2)n1,1
TZLMVQBDEXRXIT-UHFFFAOYSA-N,EC50,nM,16000.0,CNC(=O)c1cc2c(=O)n3ccccc3nc2n(C2CCCC2)c1=N,1
TZMLQWOKHPFVET-UHFFFAOYSA-N,Ki,nM,28.0,O=c1c2nn(-c3ccc(Cl)cc3)c(-c3ccccc3Cl)c2ncn1CC(F)(F)F,1
TZPXYCYKOYZUNZ-UHFFFAOYSA-N,EC50,nM,16000.0,CCN1C(=O)C(c2ccc(O)cc2)(c2ccc(O)cc2)c2ccccc21,1
TZRPPFLLPYYBGD-UHFFFAOYSA-N,Ki,nM,1905.46,CCCNC(=O)c1c(NC(=O)C23CC4CC(CC2C4)C3)sc2c1CCCC2,1
TZYVUGCYYQOTQR-UHFFFAOYSA-N,Inhibition,%,25.0,CCCCCCCCCCCCCCCC(=O)NC(C)C,1
TZZBUGIBARZTFY-UHFFFAOYSA-N,EC50,nM,16000.0,COc1ccc(-n2cc3c(-c4cccc(Br)c4)nnc(C)c3n2)cc1,1
UACCBPYRSMYMSJ-UHFFFAOYSA-N,Ki,nM,591.0,CCCCn1c2c(cc(C(=O)NC(C)C)c1=O)CCCCCC2,1
UACMNCZEXUZPAD-UHFFFAOYSA-N,Ki,nM,290.1,CCCNC(=O)c1nn(-c2ccc(Cl)cc2Cl)c(-n2c(C)ccc2C)c1C,1
UAFSIKHSWNMFEC-UHFFFAOYSA-N,EC50,nM,15811.4,CN(C)C(=O)c1cc(-c2cccc(Cl)c2Cl)cnc1N1CCCCCC1,1
UAGDBMZXAPYJHP-UHFFFAOYSA-N,Emax,%,2.0,Fc1ccc(-c2noc(C3CCN(c4ccnc5ccccc45)CC3)n2)c(Cl)c1,1
UAJXPPBANFJHRP-UHFFFAOYSA-N,Ki,nM,14.96,CCNC1(C(N)=O)CCN(c2cnc(-c3ccc(OCC)cc3)c(-c3ccccc3Cl)n2)CC1,1
UAKWVTSOSZTVCH-UHFFFAOYSA-N,Ki,nM,2100.0,CCC(C)(C)C(=O)Nc1cc(C)c(C)c(S(=O)(=O)N2CCSC2)c1,1
UAQZEOXBFRPEBY-GAJHUEQPSA-N,IC50,nM,12.0,CC(NC(=O)C(C)(C)Oc1ccc(Cl)cc1)C(Cc1ccc(Cl)cc1)c1ccccc1F,1
UASAQYLINUGGDE-UHFFFAOYSA-N,Decrease,%,-74.0,O=C1NC(c2ccc(Br)cc2)(c2ccc(Br)cc2)C(=O)N1Cc1ccccc1,1
UAZJIHKIKOFYKU-UHFFFAOYSA-N,EC50,nM,4000.0,Cc1c[nH]c2c(Nc3cccc(Cl)c3)ncc(C(=O)N3CCCCC3)c12,1
UBCZXHSQAKQJEQ-UHFFFAOYSA-N,Ki,nM,10000.0,CCN(CC)c1ccc(C(NC(=O)Cc2ccccc2)NC(=O)Cc2ccccc2)cc1,1
UBFBCNIBTXDRJO-UHFFFAOYSA-N,EC50,nM,5.1,CS(=O)Cc1ccc(C(=O)Nc2ccc(OCCOCCO)nc2C(=O)NCC2CCC2)c2ccccc12,1
UBGHTIXJJGYNFD-MQWDNKACSA-N,IC50,nM,8500.0,O=C1CCC(C(=O)N2CCC(O)(c3ccccc3)C3CCCCC32)N1,1
UBGVLKZTVPOVTN-UHFFFAOYSA-N,EC50,nM,5.5,CC(C)N1CCc2c(nn(-c3ccccc3Cl)c2-c2ccc(Cl)cc2)C1=O,1
UBHDNCMVRICFAM-UHFFFAOYSA-N,EC50,nM,500.0,Fc1ccc(-c2noc(CCCNc3ccc4ncccc4c3)n2)c(Cl)c1,1
UBHKKVDJYFNWRM-UHFFFAOYSA-N,EC50,nM,50000.0,Cc1nc(N2CCN(C)CC2)c2nc(-c3ccccc3Cl)n(C3CCOCC3)c2n1.Cl,1
UBPUFJUMTJUBND-UHFFFAOYSA-N,EC50,nM,16000.0,COC(=O)C1=C(N)c2c(F)cccc2C1(C#N)c1ccccc1,1
UBRBDDDFBPVEQF-UHFFFAOYSA-N,Ki,nM,92.0,CCn1nc2c(-c3ccc(Cl)cc3)c(-c3cnn(C)c3)c(=O)n(Cc3ccc(C#N)cc3)n2c1=O,1
UBUPXEKWNRMJAE-KTKRTIGZSA-N,Ki,nM,20000.0,CCCCCCCCC=CCCCCCCCCNC(=O)c1cc(-c2ccccc2)n(-c2ccccc2)n1,1
UBZSQBAGAHFYON-UHFFFAOYSA-N,EC50,nM,419.0,Fc1ccc(-c2noc(C3CCN(c4cnc5ccc(OC(F)(F)F)cc5c4)CC3)n2)c(Cl)c1,1
UCDCIZSUJJLWLA-UHFFFAOYSA-N,Ki,nM,1500.0,Cc1ccc(CC2CN(C(=O)NC3CCCCC3)N=C2c2ccc(Cl)c(C)c2)cc1,1
UCDUZZSIFKDOFO-UHFFFAOYSA-N,Ki,nM,6617.0,CCN(CC)c1ccc(CN(c2ccc(Cl)cc2)S(=O)(=O)c2ccc(Cl)cc2)cc1,1
UCFBUCVIBJVXEU-NHCUHLMSSA-N,IC50,nM,395.0,O=C(NC1CCCCC1O)c1cnc(OC2CCCC2)c(-c2cc(C(F)(F)F)ccc2Cl)c1,1
UCMNDPDJRSEZPL-UHFFFAOYSA-N,EC50,nM,50000.0,Cc1nc(N2CCN(C)CC2)c2nc(-c3ccccc3Cl)n(C3CCOCC3)c2n1,1
UCMNIYFDRVBMFV-UHFFFAOYSA-N,EC50,nM,49.0,CCS(=O)(=O)n1c2c(c3cc(C(=O)N4CCC(C)CC4)ccc31)CN(C1CCOCC1)CC2,1
UCNQJJFXPQTDLC-RTBURBONSA-N,Activity,nM,1557.0,CCCCCCCc1cc(F)c2c(c1)OC(C)(C)C1CC=C(C)CC21,1
UDDHDIVLBAHMBI-UHFFFAOYSA-N,Ki,nM,560.0,CCCCCc1cc(O)cc(OCCCCCCCCCCC(=O)NCCc2ccc(O)c(O)c2)c1,1
UDENLTLNSRYXSD-UHFFFAOYSA-N,IC50,nM,2500.0,CN=C(NS(=O)(=O)c1ccc(OCC(N)=O)cc1)N1CC(c2ccccc2)C(c2ccc(Cl)cc2)=N1,1
UDGBSSQOXQPGCS-NHCUHLMSSA-N,Ki,nM,23.6,N#Cc1ccc(-c2cc(C(=O)NC3CCCCC3O)cnc2OCC2CC2)cc1,1
UDHPUIXPGUPRKT-UHFFFAOYSA-N,Activity,%,10.0,CCCCn1cc(C(=O)Nc2ccc(OC)cc2)c(=O)c2ccccc21,1
UDIKDAMDJUXXDX-UHFFFAOYSA-N,EC50,nM,16000.0,COc1ccc(-c2cc(C(=O)Nc3ccc(S(=O)(=O)Nc4onc(C)c4C)cc3)c3ccccc3n2)cc1,1
UDIVXDRBTSJOGV-UHFFFAOYSA-N,Activity,%,9.4,COC(=O)CCCn1c2ccccc2c2cc(C(=O)N3CCCCC3)ccc21,1
UDKKBBAEWYFZNX-UHFFFAOYSA-N,Activity,%,5.0,CCCCCn1cc(C(=O)Nc2ccc3ccccc3c2)c(=O)c2ccccc21,1
UDPNQIONEGYJQX-UHFFFAOYSA-N,EC50,nM,10000.0,Cc1cc(NC(=O)N2CCCN(C(=O)C3CCOCC3)CC2)no1,1
UDQJTBXMJOPUMK-FLIBITNWSA-N,Inhibition,%,0.0,O=C1C(=Cc2ccc([N+](=O)[O-])cc2)N=C2SCCCN12,1
UDTAPYABKMLLTD-UHFFFAOYSA-N,Ki,nM,0.1,CC(F)(F)Cn1cnc2c(-c3ccc(Cl)cc3)n(-c3ccccc3Cl)nc2c1=O,1
UDUMGUJKCNZMGP-UHFFFAOYSA-N,EC50,nM,1581.14,N#Cc1cccc(Nc2cc(C3CC3)c(C(=O)NCC3CCOCC3)cn2)c1,1
UDXLKGUOQBNFSZ-UHFFFAOYSA-N,Ki,nM,500.0,CC1(C)C(C(=O)c2cn(CC3CCOCC3)c3cc(CN)ccc23)C1(C)C,1
UEKCIEBQEGMSKG-UHFFFAOYSA-N,Ki,nM,5600.0,CCCCCc1cc(O)cc(OCCCCCCCCCCC(=O)OC(CO)CO)c1,1
UENAMXBDXIFSQC-UHFFFAOYSA-N,Ki,nM,0.1,Cc1c(-c2cn(C(C)(C)c3ccccc3)cn2)nn(-c2ccccc2Cl)c1-c1ccc(Cl)cc1,1
UEQVMIBOGYALNW-UHFFFAOYSA-N,Ki,nM,310.0,Cc1ccc(-c2n[nH]c(CC3CCCCC3)n2)cc1S(=O)(=O)N1CCOCC1,1
UEWBWRPAYHCQDJ-UHFFFAOYSA-N,Activity,%,10.0,CCC(C)(C)C(=O)Nc1cc(CN2CCOCC2)c(C)cc1F,1
UEXACWCPSKCHSH-UHFFFAOYSA-N,EC50,nM,540.0,CCc1c(C(=O)NN2CCCCC2)nn(-c2ccc(Cl)cc2Cl)c1-c1ccc(Cl)s1,1
UEYZJTDXAXRBSV-UHFFFAOYSA-N,EC50,nM,1581.14,CC(C)c1cc(Nc2cccc(Cl)c2)ncc1C(=O)NCC1CCOCC1,1
UEZSMNDTKLDUHX-UHFFFAOYSA-N,Kd,nM,0.7943,Cc1c(C(=O)NC2CCCCCC2)nc(-c2ccc(Cl)cc2Cl)n1-c1ccc(Cl)cc1,1
UFBCBSNKWKPSRJ-SNPVRQPZSA-N,Ki,nM,30.0,CCCCCC=CCC=CCC=CCC=CCCCC(=O)NCCCC,1
UFCHSFMYFXETIG-UHFFFAOYSA-N,IC50,nM,300.0,COc1nc(NCCc2ccc(F)cc2)nc(-c2ccc(Cl)c(C(C)(C)O)c2)n1,1
UFDYDJZMNDNHGH-UHFFFAOYSA-N,Ki,nM,1500.0,CCCCCn1cc(NC(=O)OC(C)(C)C)c(=O)cc1-c1ccccc1,1
UFJKRSIGVPRPKD-UHFFFAOYSA-N,Ki,nM,420.0,O=C(NC1CCCCC1)c1cn2c3c(cccc3c1=O)OCC2c1ccccc1,1
UFVVPGSIQDJDQL-UHFFFAOYSA-N,Ki,nM,3780.0,CCCCCc1cc(O)cc(OCCCCCCCCCCCCOC(CO)CO)c1,1
UFYFCMHCOWAKPR-UHFFFAOYSA-N,Decrease,%,-74.0,O=C1N(Cc2ccccc2)C(=S)NC1(c1ccc(Br)cc1)c1ccc(Br)cc1,1
UFZQKWQOEXXMRC-FQEVSTJZSA-N,Ki,nM,61.66,O=C(c1cn(CC2CCOCC2)c2ccccc12)C1CC12CCCCC2,1
UGBOIMKMOKBZCW-UHFFFAOYSA-N,IC50,nM,47.0,CC1(C)CC(=O)c2cc(-c3ccc(Cl)cc3)c(-c3ccc(Cl)cc3Cl)nc2O1,1
UGFQTTONVSTIIC-UHFFFAOYSA-N,Ki,nM,1300.0,Cc1c(C(=O)Nc2ccc(Cl)cc2)nn(-c2ccc(Cl)c(Cl)c2)c1-n1cccc1,1
UGKLCDRWUKCSAK-UHFFFAOYSA-N,Ki,nM,10000.0,CCN(CC)c1ccc(C(NC(=O)C(C)(C)C)NC(=O)C(C)(C)C)cc1,1
UGKWGYCMVMEFGG-UHFFFAOYSA-N,EC50,nM,48.0,CCCCCc1ccc(-c2c(C)c(C(=O)NN3CC4CCCC4C3)nn2-c2ccc(Cl)cc2Cl)s1,1
UGMNUXVQQKCSBI-UHFFFAOYSA-N,EC50,nM,10000.0,O=C(Nc1nc(-c2ccccc2)cs1)N1CCCN(C(=O)C2CCOCC2)CC1,1
UGNOTGWYFPEUMM-UHFFFAOYSA-N,IC50,nM,18.0,S=C(NC1CCCCC1)N1CCN(C(c2ccccc2)c2ccc(Cl)cc2Cl)CC1,1
UGOQZVLEHPFGMP-UHFFFAOYSA-N,IC50,nM,9.5,CC(C)(C)c1nc(NCC(F)(F)CO)c2cc(-c3ccc(Cl)cc3)c(-c3ccccc3Cl)nc2n1,1
UGUGGNFIJUTHKJ-UHFFFAOYSA-N,IC50,nM,87.0,O=C(NC1CCCCC1)N1CCN(C(c2ccccc2)c2ccc(Br)cc2F)CC1,1
UHAXAQMWKPYYOJ-UHFFFAOYSA-N,Ke,nM,3.2,O=C(NC1CCN(c2ncnc3c2nc(-c2ccccc2Cl)n3-c2ccc(Cl)cc2)CC1)C(F)(F)F,1
UHBSARAUJNXBCJ-UHFFFAOYSA-N,Ki,nM,2608.0,CCCN(CCC)C(=O)c1ccc2c(c1)nc(Cc1ccc(OCC)cc1)n2CC1CC1,1
UHMWUSMRKZLCEL-UHFFFAOYSA-N,Activity,%,90.0,O=C(NC1CCCCCC1)c1cnn(-c2ccc(Cl)cc2Cl)c1-c1ccc(I)cc1,1
UHNJRKVMGGJKDS-UHFFFAOYSA-N,IC50,nM,4.0,N#Cc1cc(-c2ccc(Cl)cc2)c(-c2ccc(Cl)cc2Cl)nc1Oc1cccc(Cl)c1,1
UIAGMCDKSXEBJQ-UHFFFAOYSA-N,IC50,nM,1736.0,COCCOC(=O)C1=C(C)NC(C)=C(C(=O)OC(C)C)C1c1cccc([N+](=O)[O-])c1,1
UIFVUGXLVUHXDZ-UHFFFAOYSA-N,Ki,nM,1095.0,CC1(C)C(C(=O)c2cn(CC3CCOCC3)c3c(OCc4ccccc4)cccc23)C1(C)C,1
UILPVYJBNJMILA-UHFFFAOYSA-N,IC50,nM,37.0,Cn1cc(Cc2cccc(-c3cccc4c3OCO4)c2)c2cc(NC(=O)C(C)(C)C)ccc21,1
UINFVSKHZGEKBC-UHFFFAOYSA-N,Activity,%,30.0,Cc1cc(=O)c(C(=O)NC23CC4CC(CC(C4)C2)C3)cn1CCC1CCOCC1,1
UJBWJNIDWMLPBD-UHFFFAOYSA-N,Activity,%,4.0,CC(C)(C)Cc1nc2c(n1CC1CC1)CCN(S(=O)(=O)c1cccnc1)C2,1
UJLUJVLJRDVHQO-LEWJYISDSA-N,IC50,nM,2.0,CN(C)C(=O)Oc1cc(C(F)(F)F)cc(S(=O)(=O)N2CCN(C(=O)C3CC3c3ccc(C(F)(F)F)cc3)CC2)c1,1
UJYLRVFYGHERPS-UHFFFAOYSA-N,Ki,nM,5000.0,CCCCCc1cc(O)cc(OCCCCCCCCCCCCCCCC(=O)Nc2ccc(O)cc2)c1,1
UKLKVOUOPCWDIK-UHFFFAOYSA-N,Kd,nM,40.74,O=C(NN1CCCCC1)c1nn(-c2ccc(Cl)cc2Cl)c2c1CCCCc1cc(Cl)ccc1-2,1
UKOAAEWZHAWVNQ-UHFFFAOYSA-N,EC50,nM,12.59,CCN(CCO)Cc1csc(-c2cn(CC3CCOCC3)c3c(Cl)cccc23)n1,1
UKRJUUUJFSJSEM-UHFFFAOYSA-N,Ki,nM,18.0,O=C(NC1CCCCCC1)c1cc2cccnc2n(CCN2CCOCC2)c1=O,1
UKUPLUXNDHTNBT-TZIWHRDSSA-N,Ki,nM,1500.0,CCCCCc1cc2c(c(C(=O)NC(CO)CO)c1)C1C=C(C)CCC1C(C)(C)O2,1
UKWWRGPCYHAWJG-UHFFFAOYSA-N,Ki,nM,3008.0,Cc1nc(C(=O)NC2C3CC4CC(C3)CC2C4)c(C)n1-c1ccccc1,1
UKZQAPQRIDWZDG-UHFFFAOYSA-N,Ki,nM,131.0,O=C(c1cn(CC2CCOCC2)c2ccccc12)C1CCCC1,1
ULBNKAPBHVGTIU-UHFFFAOYSA-N,Activity,%,65.6,COc1ccc(N2C(=O)C(c3ccccc3)N(c3ccc(OC)cc3)C2=S)cc1,1
ULCUJOWOGQUZOC-UHFFFAOYSA-N,Ki,nM,750.0,CCCCCc1cc(O)cc(OCCCCCCCCCCCC(=O)NC2CC2)c1,1
ULDUMNWXYDJECG-UHFFFAOYSA-N,IC50,nM,3467.37,O=C(NCC1CCC1)N1CCN(C(c2ccc(Cl)cc2)c2ccc(Cl)cc2)CC1,1
ULQNPKKFMCJZRI-UHFFFAOYSA-N,Ki,nM,1752.0,CCC1COc2c(F)c(F)cc3c(=O)c(C(=O)NC45CC6CC(CC(C6)C4)C5)cn1c23,1
ULQWKETUACYZLI-QNEBEIHSSA-N,Ki,nM,53.4,CCCCCC=CCC=CCC=CCCCCCCC(=O)NCCO,1
ULRUFKHACATFKA-UHFFFAOYSA-N,Ki,nM,770.0,C#Cc1c(C(=O)NN2CC3CCCC3C2)nc(-c2ccc(Cl)cc2Cl)n1-c1ccc(Cl)cc1,1
ULSNREWBZRGBEL-UHFFFAOYSA-N,EC50,nM,607.0,O=C(Nc1sc2c(c1C(=O)N1CCCCC1)CCOC2)c1ccccc1C(F)(F)F,1
ULTYHMCGKWGORH-QHCPKHFHSA-N,EC50,nM,466.0,COC1CCCN1C(=O)c1cc2c(cc1F)OC(c1ccc(F)cc1F)(c1ccc(F)cc1F)O2,1
UMAINBPASNFACL-UHFFFAOYSA-N,Ki,nM,10000.0,O=C(Cc1ccccc1)NC(NC(=O)Cc1ccccc1)c1ccc(C(F)(F)F)cc1,1
UMDBIKLFXMBCMH-UHFFFAOYSA-N,EC50,nM,948.0,CCN1CCN(c2nc(C)nc3c2nc(-c2ccccc2Cl)n3C)CC1,1
UMFFBPYHXHNTFM-UHFFFAOYSA-N,Ki,nM,500.0,CCCCCn1cc(C(=O)NC23CC4CC(CC(C4)C2)C3)c(=O)cc1-c1ccc(Cl)cc1,1
UMJAIBMMAFVVNQ-UHFFFAOYSA-N,Activity,%,43.0,O=C(Nc1ccc(Cl)cc1)NC(c1ccccc1)c1ccccc1,1
UMJSYQSBASNWIN-UHFFFAOYSA-N,Ki,nM,2960.0,CCCn1cc(C(=O)c2cccc3cccc(I)c23)c2ccccc21,1
UMKFVXMUJDDMEO-UHFFFAOYSA-N,Ki,nM,660.0,CCCCCn1cc(C(=O)NCc2ccc(Cl)c(Cl)c2)c(=O)c2ccc(Br)cc21,1
UMOLSRBHNLXWGD-NTUHNPAUSA-N,Ki,nM,31.3,Cc1c(C=CC2CCCCC2)nn(-c2ccc(Cl)cc2Cl)c1-c1ccc(Cl)cc1,1
UMSRMGGHAQPYRQ-UHFFFAOYSA-N,IC50,nM,5.7,N#CCc1c(C(=O)N2CCc3ccccc3C2)nn(-c2ccccc2Cl)c1-c1ccc(Cl)cc1,1
UMWCYYGKAVPORS-UHFFFAOYSA-N,Ki,nM,24.0,O=C(NC1CCCCCC1)c1cc(-c2ccc(F)cc2)cn(Cc2ccc(F)cc2)c1=O,1
UMWUTVHAFOYHRI-UHFFFAOYSA-N,IC50,nM,1.0,N#CCc1c(C(=O)N2CCC(c3ccc(F)cc3)CC2)nn(-c2ccccc2Cl)c1-c1ccc(Cl)cc1,1
UNAZAADNBYXMIV-UHFFFAOYSA-N,Ke,nM,8.7,CCNC1(C(N)=O)CCN(c2ncnc3c2nc(-c2ccccc2Cl)n3-c2ccc(Cl)cc2)CC1,1
UNAZCDOAHNJXRH-UHFFFAOYSA-N,Ki,nM,34.0,CCCCCCC(C)(C)c1ccc(-c2cccc(OC)c2OC)c(O)c1,1
UNDUGXOFFFAITG-IGNCQIMGSA-N,Ki,nM,194.85,CCCCCCC(C)(C)c1ccc(OCCC=CCC=CCCCC(=O)NC(C)CO)cc1,1
UNEWEJDSFZFHCH-UHFFFAOYSA-N,EC50,nM,35.1,O=C(Cn1nc(-c2ccc(Cl)cc2Cl)c(-c2ccc(Cl)cc2Cl)n1)NCc1cccc(F)c1,1
UNIXCKUMWRLUBV-YADARESESA-N,IC50,nM,33.0,CC(NC(=O)C(C)(C)Oc1ccc(Cl)cc1)C(Cc1ccccc1)c1ccccc1,1
UNKDFJFFHQFGLN-GFCCVEGCSA-N,Ki,nM,0.71,Cc1nnsc1C(=O)NC1(C(=O)NC(C)c2ccc(-n3nc(Cl)c4ccccc43)cc2F)CC1,1
UNNJLUGSPSGKPK-UHFFFAOYSA-N,IC50,nM,5000.0,CCc1c(C(=O)OCCc2ccc([N+](=O)[O-])cc2)[nH]c2ccc(Cl)cc12,1
UNOAGRCCRNHSLP-UHFFFAOYSA-N,Activity,%,43.6,CCCCCn1cc(C(=O)NCCc2ccc3c(c2)OCO3)c(=O)c2ccccc21,1
UNTFMKWQIPWJAC-UHFFFAOYSA-N,Kd,nM,3.981,CN=C(NS(=O)(=O)N1CCC(F)CC1)C1=NN(c2ccc(Cl)cc2)C(c2ccccc2)C1,1
UNWZYLLJZADZTJ-UHFFFAOYSA-N,Inhibition,%,46.1,CCCCOC(=O)Cn1nnc(-c2ccc(Cl)cc2Cl)c1-c1ccc(Cl)cc1Cl,1
UOAYCAYAPQISGI-UHFFFAOYSA-N,Activity,%,25.0,CCCCCCCOc1cc(O)cc(OCCCCCCCCCCC(=O)NCCO)c1,1
UOCDLBUTXSBARO-UHFFFAOYSA-N,EC50,nM,5000.0,CC(C)(C(=O)Nc1cnc2ccccc2c1)S(=O)(=O)c1ccc(F)cc1Cl,1
UOHNZPHAELANCA-UHFFFAOYSA-N,Ki,nM,2500.0,CCOc1ccc(Cc2nc3cc(C(=O)N(CC)CC)ccc3n2CC2CC2)cn1,1
UOJPILVDLNONQO-UHFFFAOYSA-N,Ki,nM,3600.0,COc1ccc2c(c1)c(CC(=O)N1CCOCC1)c(C)n2C(=O)c1ccccc1Cl,1
UOKFJJUVHMPGSE-UHFFFAOYSA-N,Ki,nM,8.9,CCCCCn1c(C)c(C(=O)c2ccc(Cl)c3ccccc23)c2ccccc21,1
UOOIATGLUVHGIW-UHFFFAOYSA-N,Ke,uM,8.41,Cc1c(C(=O)Nc2ccc(C)[n+](C)c2)nn(-c2ccc(Cl)cc2Cl)c1-c1ccc(Cl)cc1.[I-],1
UOPZFIQCDUPXJE-UHFFFAOYSA-N,Ki,nM,2.9,CCn1nc2c(-c3ccc(C)cc3)c(-c3ccc(C#N)cc3)c(=O)n(Cc3ccc(C(F)(F)F)nc3C)n2c1=O,1
UOUDMDWYPIHYDG-UHFFFAOYSA-N,IC50,nM,70.0,O=C(NC1CCCCC1)c1nc(-c2ccc(Cl)cc2Cl)c(-c2ccc(Cl)cc2Cl)o1,1
UOXHGECIQXHSKI-FJIJXJHWSA-N,Emax,%,64.0,O=C(c1cccc2[nH]ccc12)N1CCC(O)(c2ccccc2)C2CCCCC21,1
UOYBMZNFJUBBNU-UHFFFAOYSA-N,Inhibition,%,0.3,CCCCCCCCCCCCCCCC(=O)N(C)C,1
UPEVXJDMQLVSFE-UHFFFAOYSA-N,Ki,nM,5000.0,CCCn1c(C)c(C(=O)c2cccc3cccc(Br)c23)c2ccccc21,1
UPGMTVZTKSVXPE-UHFFFAOYSA-N,IC50,nM,19.0,N#CCc1c(C(=O)Nc2cnc3ccccc3c2)nn(-c2ccccc2Cl)c1-c1ccc(Cl)cc1,1
UPGRPJQVXCCOIK-UHFFFAOYSA-N,EC50,nM,5000.0,O=C(N1CCc2cc(F)ccc21)C12CC3CC(CC(C3)C1)C2,1
UPOOBDMZXYSRQK-UHFFFAOYSA-N,Ki,nM,1380.0,O=[N+]([O-])c1ccc2c(c1)c(OCc1ccc3ccccc3c1)nn2CCN1CCOCC1,1
UPQGJGUWDNSFCX-UHFFFAOYSA-N,EC50,nM,500.0,COCCn1cc(C(=O)c2cccc3ccccc23)c2ccncc21,1
UPRLKAOLOKYKLO-UHFFFAOYSA-N,EC50,nM,158.49,CN(CC(N)=O)Cc1nc(-c2cn(CC3CCS(=O)(=O)CC3)c3c(Cl)cccc23)ns1,1
UPRVSARQEYFBEX-UHFFFAOYSA-N,EC50,nM,8500.0,O=C(NCC(O)CO)c1nc2c(-c3ccccc3)cccc2[nH]1,1
UQFCFZNAKDXJBI-UHFFFAOYSA-N,Activity,%,188.9,CCc1c(C(=O)NCCc2ccc(C)cc2)[nH]c2ccc(Cl)cc12,1
UQMBLWHHTBIECZ-JOCHJYFZSA-N,Ki,nM,1.5,CN(Cc1ccccc1)C(=O)N1CC(OC(c2ccc(Cl)cc2)c2cccnc2Cl)C1,1
UQOABWCUOKYECD-OUKQBFOZSA-N,Ki,nM,24.0,O=C(NC1CCCCCC1)c1cc(C=Cc2ccccc2)cn(Cc2ccc(F)cc2)c1=O,1
UQSIKEUEUPAZQQ-UHFFFAOYSA-N,EC50,nM,6611.0,COC1CN(C(=O)c2c(NC(=O)c3c(F)cccc3C(F)(F)F)sc3c2CCOC3)C1,1
UQTAUKFNHKTXIB-UHFFFAOYSA-N,IC50,nM,11.0,N#CCc1c(C(=O)Nc2ccc(F)cc2)nn(-c2ccccc2Cl)c1-c1ccc(Cl)cc1,1
URECVAKCQOVBAK-UHFFFAOYSA-N,EC50,nM,16000.0,CCC(C)NS(=O)(=O)c1ccc(NC(=O)C(Sc2ccccc2)c2ccccc2)cc1,1
UROZAHXMNISVLP-UHFFFAOYSA-N,EC50,nM,16000.0,Cc1noc(NS(=O)(=O)c2ccc(NC(=O)c3cc(-c4ccccc4Cl)nc4ccccc34)cc2)c1C,1
URQPZKHZNDMWGZ-UHFFFAOYSA-N,IC50,nM,190.0,CC(C)c1nc(N)c2cc(-c3ccc(Cl)cc3)c(-c3ccccc3Cl)nc2n1,1
URTQOVWDFKPXTI-UHFFFAOYSA-N,IC50,nM,3.7,CN1c2nc(-c3ccc(Cl)cc3Cl)c(-c3ccc(Cl)cc3)cc2C(C(=O)NCO)CC1(C)C,1
URVBWPFMFFHCMF-UHFFFAOYSA-N,Activity,%,78.7,O=C1C(c2ccccc2)N(c2ccc(Cl)c(Cl)c2)C(=S)N1c1ccc(Cl)c(Cl)c1,1
URVMMMGKKYFPET-WOJBJXKFSA-N,Ki,nM,1.8,C=C1CCC2C(C1)c1c(O)cc(C(C)(C)CCCCCC)cc1OC2(C)C,1
USJFDADYVUDVAX-UHFFFAOYSA-N,IC50,nM,631.0,CCCCCCc1nc(-c2ccc(Cl)cc2)n(-c2ccc(Cl)cc2Cl)n1,1
USKZVVYKFRBNFR-UHFFFAOYSA-N,Ki,nM,2.5,CCCCCn1cc(C(=O)c2ccc(I)c3ccccc23)c2ccccc21,1
USNWJHORIWPSKG-UHFFFAOYSA-N,EC50,nM,65.5,CCc1c(C2=NC(C)(C)C(=O)N2C)nn(-c2ccc(Cl)cc2Cl)c1-c1ccc(Cl)cc1,1
USOYXZSGLUUHML-UHFFFAOYSA-N,Ki,nM,45.9,Cc1c(C(=O)NCc2ccc(Cl)c(Cl)c2)nn(-c2ccc(Cl)cc2Cl)c1-n1cc2c(c1)CCCC2,1
USUCNXJZXVXRTC-UHFFFAOYSA-N,Activity,%,69.0,O=C(NC1CCCCC1)c1cnn(-c2ccc(Cl)cc2Cl)c1-c1ccc(F)cc1,1
USZBOFHHUIVKCR-UHFFFAOYSA-N,Ki,nM,1.66,CCNC1(C(N)=O)CCN(c2cnc(-c3ccc(Cl)cc3)c(-c3ccccc3Cl)n2)CC1,1
UTFVZMLLHUZJOB-UHFFFAOYSA-N,Ki,nM,5000.0,CCCCOc1c(OC)ccc2cc(C(=O)NCCF)c(=O)[nH]c12,1
UTGGHWRFKOFSKZ-UHFFFAOYSA-N,IC50,nM,20.0,Cc1c2c(n(-c3ccc(Cl)cc3Cl)c1-c1ccco1)CCN(C1CCCCC1)C2=O,1
UTHASPYTZKMVCB-UHFFFAOYSA-N,IC50,nM,0.776,COc1ccc(Br)cc1Cn1c(C(=O)NCC(C)(C)CO)cc2cc(C#N)ccc21,1
UTJHKVSSIAKLDM-UHFFFAOYSA-N,EC50,nM,15811.4,Cc1ccccc1-c1ccc(N2CCOCC2)nn1,1
UTPSWDIIQDVVTK-UHFFFAOYSA-N,IC50,nM,0.7,CC(C)(O)C(=O)NC1CC2(CCCCC2)Oc2nc(-c3ccccc3Cl)c(-c3ccc(Cl)cc3)cc21,1
UTSDQCKNZDPUEB-UHFFFAOYSA-N,EC50,nM,158.49,CN(CC(N)=O)Cc1nc(-c2cn(CC3CCS(=O)(=O)CC3)c3c(Cl)cccc23)no1,1
UTUDVDCNXWUOLJ-UHFFFAOYSA-N,EC50,nM,100.0,Cn1c(C(=O)NN2CCCCC2)nc(-c2ccc(Cl)cc2)c1-c1ccc(Cl)cc1,1
UTWXABYUOACVIT-UHFFFAOYSA-N,IC50,nM,3.5,COC(=O)c1cc(-c2ccc(Cl)cc2)c(-c2ccc(Cl)cc2Cl)nc1OCc1ccccc1,1
UUDSOVGGCULQFR-UHFFFAOYSA-N,Ki,nM,5000.0,CCCCOc1c(OC)ccc2cc(C(=O)NCCc3cn(CCF)nn3)c(=O)[nH]c12,1
UUNYGEIDPSTHSY-UHFFFAOYSA-N,Ki,nM,89.5,Cc1c(C(=O)NC(C)(C)C)nn(-c2ccc(Cl)cc2Cl)c1-n1cccc1,1
UUWBDBIJAAXIMK-UHFFFAOYSA-N,Ki,nM,695.0,C=CCn1c2c(c3cc(C(=O)N4CCC(C)CC4)ccc31)CN(C1CCCC1)C2,1
UVAFHMYGZBIABL-UHFFFAOYSA-N,EC50,nM,16000.0,Cc1cccc(N2CCN(C(=O)c3cccc(S(=O)(=O)N4CCOCC4)c3)CC2)c1C,1
UVJOYSDOOBVOBF-UHFFFAOYSA-N,EC50,nM,630.96,CN(CC(N)=O)Cc1nc(-c2cn(CC3CCOCC3)c3c(Cl)cccc23)ns1,1
UVLAMOAOUZDNJJ-UHFFFAOYSA-N,EC50,nM,293.6,Cc1c(C(=O)NN2CC3CCCC3C2)nn(-c2ccc(Cl)cc2Cl)c1-c1ccc(C#CC2CCCCC2)s1,1
UVOSTMRTZMGJDE-UHFFFAOYSA-N,EC50,nM,16000.0,CCCCC1(Cc2ccc(OC)c([N+](=O)[O-])c2)C(=O)N(c2ccccc2)N(c2ccccc2)C1=O,1
UVQIBKXDOZWHFU-WOJBJXKFSA-N,Ki,nM,0.4365,CCCCCCC1(c2cc(O)c3c(c2)OC(C)(C)C2CC=C(C)CC32)CC1,1
UVTSUPOGIVKNEI-UHFFFAOYSA-N,Ki,nM,30.0,Cc1c(C(=O)N(C)C2CCCCC2)nn(-c2ccc(Cl)cc2Cl)c1-c1ccc(Cl)cc1,1
UVVGIEDUPSDPEP-UHFFFAOYSA-N,EC50,nM,5000.0,CCS(=O)(=O)c1ccc2c(c1)nc(C(C)(C)C)n2CC1CCN(C=O)CC1,1
UWAOGXSDWOGLKG-QZTJIDSGSA-N,Ki,nM,8.26,CC1=CCC2C(C1)c1c(O)cc(C3(C#N)CCCCC3)cc1OC2(C)C,1
UWFGRWQWQQPOFQ-UHFFFAOYSA-N,IC50,nM,5000.0,CNc1ccc(CCNC(=O)c2cc3cc(Cl)ccc3[nH]2)cc1,1
UWGKLEPSVNXTGY-UHFFFAOYSA-N,IC50,nM,11.48,COc1ccc(C(F)(F)F)cc1Cn1c(C(=O)NCC(C)(C)O)cc2cc(C#N)ccc21,1
UWOKTBSWRFWHHD-UHFFFAOYSA-N,Ki,nM,4.7,COc1ccc(-c2c(C#N)c(C(=O)NN3CCCCC3)nn2-c2ccccc2Br)cc1,1
UWQVZDDDOKWIOS-UHFFFAOYSA-N,IC50,nM,96.0,CC(=O)c1c(N(C)C)c2cc(-c3ccc(Cl)cc3)c(-c3ccc(Cl)cc3Cl)nc2n(C)c1=O,1
UWSRGZKDCQTRNC-UHFFFAOYSA-N,Ki,nM,13.0,CCCCCCC1(c2ccc(-c3cc(C)cc(C)c3)c(O)c2)CC1,1
UWVWDXPKUVOERV-UHFFFAOYSA-N,Displacement,%,54.6,O=C1N(CCc2ccccc2)C(=S)NC1(c1ccc(Br)cc1)c1ccc(Br)cc1,1
UWWRWKAKDGEMGT-UHFFFAOYSA-N,Kb,nM,1018.0,CCCCCc1c(C(=O)NC(CO)Cc2ccc(N(C)C)cc2)[nH]c2ccc(Cl)cc12,1
UWWUCNACYZFKJB-UHFFFAOYSA-N,IC50,nM,57.0,N#CCc1c(C(=O)Nc2cccnc2)nn(-c2ccccc2Cl)c1-c1ccc(Cl)cc1,1
UWYLGMOWVWPMPE-UHFFFAOYSA-N,Ki,nM,2.8,Cc1c2c(n(-c3ccccc3Cl)c1-c1ccc(Cl)cc1)CCN(C1CCCCC1)C2=O,1
UWYQDLYLKSLKNZ-BGGMYYEUSA-N,Activity,nM,0.86,CCCCCC=Cc1cc(O)c2c(c1)OC(C)(C)C1CC=C(C)CC21,1
UXAPIXAFOMKKMB-UHFFFAOYSA-N,Ke,nM,10.8,CCNC(=O)NC1(c2ccccc2)CCN(C(=O)c2nn(-c3ccc(Cl)cc3Cl)c(-c3ccc(Cl)cc3)c2C)CC1,1
UXCIDQWZTDUWCG-UHFFFAOYSA-N,Displacement,%,2.5,CC(C)N1C(=O)NC(c2ccccc2)(c2ccccc2)C1=O,1
UXFOBTSZLFVGIK-UHFFFAOYSA-N,Ki,nM,311.4,CCCCCCNC(=O)c1nn(-c2ccc(F)cc2F)c(-n2c(C)ccc2C)c1C,1
UXNSOSUWFQBTCO-UHFFFAOYSA-N,Ki,nM,245.47,CC1(C)C(C(=O)c2cn(CC3CCOCC3)c3c(O)cccc23)C1(C)C,1
UXRWQIHXGWZWGZ-UHFFFAOYSA-N,Inhibition,%,11.0,CCN(CC)S(=O)(=O)c1ccc2oc(C(=O)N(C)Cc3ccccc3)c(C)c2c1,1
UXURBARGIFREAQ-XHSRFYJISA-N,Ki,nM,2000.0,C#CCCCC(=O)NC(Cc1ccc(C(=O)c2ccccc2)cc1)C(=O)OCC(C)NC(=O)CCCC=CCC=CCC=CCC=CCCCCC,1
UXUZJUVHUCEQEA-UHFFFAOYSA-N,Ki,nM,500.0,COCCn1cc(C(=O)Nc2cccc3ccccc23)c2ccccc21,1
UYPQIQJUQWVCAN-UHFFFAOYSA-N,Ki,nM,14.0,N#Cc1c(C(=O)NN2CCCCC2)nn(-c2ccc(Cl)cc2Cl)c1-c1ccc(Br)cc1,1
UYQTYRZYAZXKMR-UHFFFAOYSA-N,Activity,%,61.7,O=C1C(c2ccccc2)N(c2ccccc2)C(=S)N1c1ccccc1,1
UYRUXZWWAPSGQU-FNORWQNLSA-N,Kd,nM,3.56,CC1=CCC2C(C1)c1c(O)cc(CC=CCCCC[N+](=O)[O-])cc1OC2(C)C,1
UYTXDUBFCGCQQH-UHFFFAOYSA-N,Inhibition,%,44.0,Cc1c(C(=O)Nc2ccccc2Cl)oc2ccc(S(=O)(=O)N3CC(C)CC(C)C3)cc12,1
UYWAGFKSGKWYLC-QBFSEMIESA-N,Inhibition,%,10.0,CC(=C1N=C2SCCCCN2C1=O)c1ccccc1,1
UYWJHPBUSXDXOJ-DOFZRALJSA-N,Ki,nM,300.0,CCCCCC=CCC=CCC=CCC=CCCCC(=O)Nc1ccc2[nH]ncc2c1,1
UZCKQJYJNVYGCR-UHFFFAOYSA-N,EC50,nM,5000.0,O=C(N1CCc2ccc(C(F)(F)F)cc21)C12CC3CC(CC(C3)C1)C2,1
UZDCDPBGFHFYRR-UHFFFAOYSA-N,Ki,nM,960.0,O=C(NC1CCCCCC1)c1cc2cccnc2n(Cc2ccccc2)c1=O,1
UZKMXFJXIWPKIR-UHFFFAOYSA-N,EC50,nM,16000.0,Cc1nc(N2CCN(C(=O)c3ccc4c(c3)OCCO4)CC2)c2c3c(sc2n1)CCCC3,1
UZNXMVQPAPAVBK-UHFFFAOYSA-N,EC50,nM,6160.0,Cc1nc(N2CCN(C)CC2)c2nc(-c3ccccc3Cl)n(CCO)c2n1.Cl,1
UZQMKLSTQCCQDT-UHFFFAOYSA-N,Ki,nM,206.0,O=C(NC1CCCCCC1)c1cc2ccccc2n(CCN2CCOCC2)c1=O,1
UZTVZGCDXDFBLL-UHFFFAOYSA-N,Ki,nM,2500.0,CCCN(C)C(=O)c1ccc2c(c1)nc(Cc1ccc(OCC)cc1)n2CC1CC1,1
UZYWZYRCHHGYCC-UHFFFAOYSA-N,Activity,%,14.0,Cc1cc(C)c(NC(=O)C2CCCCC2C)cc1CN1CCOCC1,1
VAAMKXQVJXTDRX-UHFFFAOYSA-N,Activity,%,25.0,CC(C)CCOc1cc(O)cc(OCCCCCCCCCCC(=O)NCC2CC2)c1,1
VABNDCKQSCMHJF-UHFFFAOYSA-N,IC50,nM,55.0,CC(=O)c1c(C)c2cc(-c3ccc(Cl)cc3)c(-c3ccc(Cl)cc3Cl)nc2n(C)c1=O,1
VABZDRHVMAFLIW-UHFFFAOYSA-N,Activity,%,7.5,O=C1NC(=O)N(c2ccccc2)C1c1ccc(Br)cc1,1
VAFGDKBAECSYOP-UHFFFAOYSA-N,Kd,nM,31.0,CC1=CCC2C(C1)c1c(O)cc(CC#CCCC#N)cc1OC2(C)C,1
VAFRFEYFESMIGH-UHFFFAOYSA-N,EC50,nM,5.1,CCc1c(C2=NC(=S)C(C)(C)N2C)nn(-c2ccc(Cl)cc2Cl)c1-c1ccc(Cl)cc1,1
VAIMDXGIRALYIF-UHFFFAOYSA-N,EC50,nM,16000.0,Cc1nc(N2CCN(C(=O)COc3ccccc3C)CC2)c2c3c(sc2n1)CCCC3,1
VAJRTZXSPHHGQS-YADARESESA-N,IC50,nM,0.094,Cc1ccc(OC(C)(C)C(=O)NC(C)C(Cc2ccc(Cl)cc2)c2cccc(C#N)c2)nc1,1
VAPZIQDPWFCPGM-UHFFFAOYSA-N,EC50,nM,8500.0,CCn1c(C(=O)NCc2ccccc2F)nc2c(-c3ccccc3)cccc21,1
VARGWBUXBMFVJN-UHFFFAOYSA-N,EC50,nM,6300.0,Cn1ccc2c(Nc3cccc(Cl)c3)ncc(C(=O)N3CCOCC3)c21,1
VAYYGQWEIKYLAM-UHFFFAOYSA-N,Ki,nM,929.0,CCCCCn1cc(C(=O)NC2CCCCC2)c(=O)cc1-c1ccccc1,1
VBCLNMSUDOZKPN-UHFFFAOYSA-N,IC50,nM,53.0,O=C(NC1CCCC1)c1ccc(-c2ccc(Cl)cc2)c(-c2ccc(Cl)cc2Cl)n1,1
VBFCYYGBKWFUMQ-UHFFFAOYSA-N,EC50,nM,5011.87,Cc1ccc(NC(=O)c2cccc(C#N)c2)cc1S(=O)(=O)N1CCOCC1,1
VBFDXISBVLMYKY-UHFFFAOYSA-N,Ki,nM,1600.0,CC1CCC(NC(=O)c2cc3cccnc3n(Cc3ccccc3)c2=O)CC1,1
VBGLYOIFKLUMQG-UHFFFAOYSA-N,Ki,nM,308.0,CCCCCc1cc(O)c2c(c1)OC(C)(C)c1ccc(C)cc1-2,1
VBHCYRLOLOFGRF-UHFFFAOYSA-N,Ki,nM,2820.0,CCCCCCc1c(O)cccc1OCCCCCCCCCCC(=O)NCc1ccc(OC)c(O)c1,1
VBLSKDCBYBLTKM-UHFFFAOYSA-N,EC50,nM,16000.0,O=C(Nc1ccc(S(=O)(=O)Nc2nccs2)cc1)c1cc(-c2ccncc2)nc2ccccc12,1
VBTVWXNUTAZMAY-BPHOSAEJSA-N,Ki,nM,5000.0,CC12CCC(C1)C(C)(C)C2NC(=O)c1c[nH]c2cc(F)ccc2c1=O,1
VBVLZYYLRYTLLX-UHFFFAOYSA-N,Ki,nM,5000.0,CCCCCCc1ccc(OCCCCCCCCCCC(=O)NC2CC2)cc1O,1
VCKIDQVWSDVZCZ-UHFFFAOYSA-N,Ki,nM,15.7,COc1ccc(-c2c(C)c(C(=O)NC3(C#N)CCCCC3)nn2-c2ccccc2Br)cc1,1
VCLQHVSMWNAQAW-UHFFFAOYSA-N,Ki,nM,500.0,CCCCCCC(C)(C)c1ccc(-c2ccc(C#N)cc2)c(O)c1,1
VCMJTAVRHDVBBI-UHFFFAOYSA-N,Activity,%,66.3,CCCCCOc1c(OC)ccc2cc(C(=O)NCCCc3ccccc3)c(Cl)nc12,1
VCMSNKIQHBVCSW-BHGRFLGOSA-N,Ki,nM,570.0,CCCCCCCCC=CCCCCCCCC(=O)NC1CC1O,1
VCUDJYYRRWZBSA-UHFFFAOYSA-N,EC50,nM,10.0,CC(C)N(CCO)Cc1csc(-c2cn(CC3CCOCC3)c3c(Cl)cccc23)n1,1
VDDZJOLHLRDEQW-UHFFFAOYSA-N,IC50,nM,2.512,CC(C)CNC(=O)c1ccc2c(c1)N=C(c1cccc(Cl)c1)c1ccccc1S2,1
VDIFXKSLLJIXPW-GAJHUEQPSA-N,IC50,nM,16.0,CC(NS(=O)(=O)Cc1ccccc1Cl)C(Cc1ccc(Cl)cc1)c1cccc(C#N)c1,1
VDJBGWTWCFAPCD-SFDMKYNQSA-N,Ki,nM,29.3,CC1=CCC2C(C1)c1c(O)cc(CC34CC5CC(CC(C5)C3)C4)cc1OC2(C)C,1
VDSGSYWIJMZIBT-KNQAVFIVSA-N,Ki,nM,16.0,O=S(=O)(C1CCC(c2ccc(Cl)cc2Cl)N(c2ccc(Cl)cc2)C1)N1CCCCC1,1
VDWFFVHQYPMHCQ-UHFFFAOYSA-N,EC50,nM,216.3,O=C(Cn1nc(-c2ccc(Cl)cc2)c(-c2ccc(Cl)cc2Cl)n1)NCc1ccccc1,1
VDWKDBPHAPPUBO-UHFFFAOYSA-N,Inhibition,%,10.0,COc1ccc(CNC(=O)c2cc(-c3cc(Cl)cc(Cl)c3)cnc2-c2cccnc2)cc1OC,1
VDWODMZVUHYEHU-UHFFFAOYSA-N,EC50,nM,5000.0,COCCCc1cc(S(=O)(=O)c2ccc3c(c2)nc(C(C)(C)C)n3CC2CCOCC2)ccn1,1
VDZAXKFDMWGNHZ-UHFFFAOYSA-N,Ki,nM,30.0,Cc1c(C(=O)NCCc2ccc(Cl)cc2)nn(-c2ccc(Cl)cc2Cl)c1-n1c(C)ccc1C,1
VEANKELZZUCKRH-UHFFFAOYSA-N,Ki,nM,57.0,NC1CCCOc2c1nn(-c1ccccc1Cl)c2-c1ccc(Cl)cc1,1
VECBWSBPNKPCSY-NHCUHLMSSA-N,Ki,nM,1900.0,CS(=O)(=O)Nc1ccc(-c2cc(C(=O)NC3CCCCC3O)cnc2OCC2CC2)cc1,1
VEDDWTIIBHBHQV-UHFFFAOYSA-N,Ki,nM,884.0,CC1CCC(NC(=O)c2cccnc2OCc2ccc(F)cc2)CC1,1
VEIWZDPVWRNPDV-UHFFFAOYSA-N,Kd,nM,448.0,CC1=CCC2C(C1)c1c(O)cc(CC#CCCO)cc1OC2(C)C,1
VEKIZUXKGBGSGF-UHFFFAOYSA-N,EC50,nM,10000.0,CC(C)(C)c1cc(NC(=O)N2CCCN(C(=O)C3CCOCC3)CC2)n[nH]1,1
VENJCACPSJGPCM-UHFFFAOYSA-N,Inhibition,%,2.8,CCCCCCCCCCCCCCCC(=O)Nc1ccccc1,1
VEVIHFDYDQIEBJ-GWQXNCQPSA-N,Ki,nM,753.5,C=C(C)C1CCC(C)=CC1c1c(O)cc(-c2cccc3ccccc23)cc1O,1
VEWBFNJDWKCEPL-UHFFFAOYSA-N,EC50,nM,68.2,Cc1c(C(=O)NN2CCCCC2)nn(-c2ccc(Cl)cc2Cl)c1-c1ccc(Br)s1,1
VEYCBGYNIPKZRJ-UHFFFAOYSA-N,Ke,nM,3.5,Cc1c(C(=O)N2CCC(NS(C)(=O)=O)(c3ccccc3)CC2)nn(-c2ccc(Cl)cc2Cl)c1-c1ccc(Cl)cc1,1
VFBDLAVMFPXUJE-UHFFFAOYSA-N,Ki,nM,362.0,O=C(c1cn(CCN2CCOCC2)c2ccccc12)C1CCCCCC1,1
VFBQYYRPOZMAQL-UHFFFAOYSA-N,Kd,nM,25.12,CN=C(NS(=O)(=O)N1CCCC1)N1CC(c2ccccc2)C(c2ccc(Cl)cc2)=N1,1
VFCBSIXZYGBWJK-UHFFFAOYSA-N,Activity,%,30.0,Cc1cc(=O)c(C(=O)NC23CC4CC(CC(C4)C2)C3)cn1CCC1OCCO1,1
VFDSCNHSAXUNJQ-FAAOLHSLSA-N,Ki,nM,7.42,CCCCCC=CCC=CCC=CCC=CCCC(C)C(=O)NC(C)CO,1
VFEXIBDWVDEXRE-CYBMUJFWSA-N,IC50,nM,5000.0,CC(C)(O)Cn1c(=O)n(C(=O)NC(C(N)=O)C(C)(C)C)c2ccccc21,1
VFGFUMIWYNRESZ-UHFFFAOYSA-N,Ki,nM,1.7,CCCn1nc2c(-c3ccc(Cl)cc3)c(-c3ccc(C#N)cc3)c(=O)n(Cc3ccc(C(F)(F)F)nc3C)n2c1=O,1
VFGYFLXLYLUGDR-UHFFFAOYSA-N,IC50,nM,398.11,CC(C)NC(=O)N1CCN(C(c2ccc(Cl)cc2)c2ccccc2Cl)CC1,1
VFIZIOKGQULDPV-UHFFFAOYSA-N,EC50,nM,11.0,CC(C)(C)N1CCc2c(nn(-c3ccccc3Cl)c2-c2ccc(Cl)cc2)C1=O,1
VFLISWQYADXVAI-UHFFFAOYSA-N,EC50,nM,5.0,C=CCn1c2c(c3cc(C(=O)N4CCC(C)CC4)ccc31)CN(C1CCSC1)CC2,1
VFPBKXHEWQRLLU-UHFFFAOYSA-N,EC50,nM,4770.0,COCCn1c(-c2ccccc2Cl)nc2c(N3CCN4C(=O)CCC4C3)nc(C)nc21.Cl,1
VFPXTPUNANYVKT-UHFFFAOYSA-N,EC50,nM,5000.0,O=C(NC12CC3CC(CC(C3)C1)C2)N1Cc2ccccc2C1,1
VFVDFPMMYPPLBL-UHFFFAOYSA-N,IC50,nM,6.0,CC(C)(C)c1nc(=O)c2cc(-c3ccc(Cl)cc3)c(-c3ccc(Cl)cc3Cl)nc2[nH]1,1
VFVGSWMMXVEWGL-UHFFFAOYSA-N,Inhibition,%,2.8,CCCCCCCCCCCCCCCC(=O)Nc1ccc(C)cc1,1
VFWKLRQPRKIPLU-UHFFFAOYSA-N,Activity,%,44.0,CCOC(=O)N1CCN(C(=O)c2cc(-c3ccccc3Cl)nn2-c2ccc(C)cc2C)CC1,1
VFZFMQYNVZKWNF-LJQANCHMSA-N,EC50,nM,63.1,COc1cccc2c(C(=O)N3CCN4CCCC4C3)cn(CC3CCCCC3)c12,1
VGGJZHQRPQJWBN-UHFFFAOYSA-N,IC50,nM,120.0,CC1(C)CC(=O)c2cc(-c3ccc(Cl)cc3)c(-c3ccccc3Cl)nc2O1,1
VGIATLSTGZJLSN-UHFFFAOYSA-N,IC50,nM,1.2,N#CCc1c(C(=O)NCc2ccc(Cl)cc2)nn(-c2ccccc2Cl)c1-c1ccc(Cl)cc1,1
VGJZMJBUVPQDLE-IBGZPJMESA-N,EC50,nM,398.11,NC(=O)CNC(=O)C1CCCN1Cc1nc(-c2cn(CC3CCOCC3)c3c(Cl)cccc23)ns1,1
VGKXNIJYPLGLEG-UHFFFAOYSA-N,IC50,nM,790.0,CN1CCC2(CC1)CC(=O)c1cc(-c3ccc(Cl)cc3)c(-c3ccccc3Cl)nc1O2,1
VGPHZQSTCRIBBO-UHFFFAOYSA-N,IC50,nM,1000.0,O=C(O)Cc1ccc(NC(=O)c2cc3c(n(CC4CCCCC4)c2=O)CCCCCC3)cc1,1
VGPWTFYBPQKGKW-UHFFFAOYSA-N,Inhibition,%,94.0,CCOC(=O)c1c(NC(=O)Cc2ccccc2)sc2c1CCN(C(=O)OCC)C2,1
VGRQVFVWZJBWPH-GKFVBPDJSA-N,Ki,nM,400.0,CCCCCC=CCC=CCC=CCC=CCCCC(=O)N1CCN(c2ccc(C)c(C)c2)CC1,1
VGUGWQIQYFHRIN-UHFFFAOYSA-N,EC50,nM,5000.0,CC(=O)NCCCCCc1cc(S(=O)(=O)c2ccc3c(c2)nc(C(C)(C)C)n3CC2CCOCC2)ccn1,1
VHDXCGPCIAFVQR-UHFFFAOYSA-N,Inhibition,%,70.0,Cc1c(C(=O)NCCN(C)C)nn(-c2ccc(Cl)cc2Cl)c1-c1ccc(Cl)cc1,1
VHKBTPQDHDSBSP-UHFFFAOYSA-N,IC50,nM,10000.0,COc1cc(NC(=O)c2ccc(-c3ccc(Cl)cc3)o2)cc(OC)c1,1
VHLATDWBMBTJCU-UHFFFAOYSA-N,Ki,nM,1273.0,CCS(=O)(=O)n1c2c(c3cc(C(=O)N4CCC(C)CC4)ccc31)CN(Cc1ccccc1)C2,1
VHPXHLMBOHUIJE-NRFANRHFSA-N,Ki,nM,45.0,Cc1ccc(-c2ncc(C(=O)NC(CO)CC(C)C)nc2-c2ccc(C)cc2)cc1,1
VHSIAYLBCLUAFT-UHFFFAOYSA-N,IC50,nM,7.5,CC(=O)Nc1c(C(C)=O)c(=O)n(C)c2nc(-c3ccc(Cl)cc3Cl)c(-c3ccc(Cl)cc3)cc12,1
VHSKEFYYLMRWNZ-UHFFFAOYSA-N,Ki,nM,370.0,CCCCCCC(C)(C)c1ccc(-c2cc(C)cc(C)c2)c(COC(=O)CN2CCOCC2)c1,1
VINHTJVUODOJSC-UHFFFAOYSA-N,Activity,%,106.3,O=C(c1ccc2c(c1)c1ccccc1n2CCCCl)N1CCCCC1,1
VIOMOPPOTQCWCZ-ZKWNWVNESA-N,Activity,%,26.0,CCCCCC=CCC=CCC=CCC=CCCCC(=O)NCCc1ccc(OC)cc1,1
VIOVMOGXVLOXHD-UHFFFAOYSA-N,EC50,nM,948.0,CCN1CCN(c2nc(C)nc3c2nc(-c2ccccc2Cl)n3C)CC1.Cl,1
VIUVURBDFPEWAT-UHFFFAOYSA-N,Ki,nM,360.0,CCCCCCC(C)(C)c1ccc(-c2cc(C)cc(C)c2)c(CO)c1,1
VIZMJIBBZIYUDR-UHFFFAOYSA-N,Activity,pmol,0.91,CN=C(NS(=O)(=O)c1ccc(Cl)cc1)C1CN(c2ccc(Cl)cc2)C(c2ccccc2)=N1,1
VIZNNWKKQKFIOX-UOKFIYJESA-N,Kb,nM,0.187,CC(NC1CC(c2cccc(OCF)c2)N(c2ccc(C(F)(F)F)cc2)C1=O)c1ccccc1,1
VJBPKNVTOBHLKX-UHFFFAOYSA-N,Kd,nM,19.05,Cc1c(C(=O)NN2CCCCC2)nn(-c2ccc(Cl)cc2Cl)c1-c1ccc(Cl)cc1Cl,1
VJCOAHGJGIGIFQ-UHFFFAOYSA-N,EC50,nM,4.6,O=C(Cc1cccc(C(F)(F)F)c1)N1CCN(S(=O)(=O)c2cc(Cl)cc(Cl)c2)CC1,1
VJGBJSCFWTWOIR-WQLSENKSSA-N,Inhibition,%,42.0,COc1ccc(C=C2N=C3SCCCN3C2=O)c(OC)c1,1
VJHJNJPPFIIKQZ-ZIAGYGMSSA-N,Ki,nM,168.0,CC1=CCC2C(C1)c1c(O)cc(C3SCCS3)cc1OC2(C)C,1
VJHUXJGHYWMRJW-UHFFFAOYSA-N,Ki,nM,8520.0,CCCCCCC(C)(C)C1=CC(=O)C2=C(OC(C)(C)c3cn(CC)nc32)C1=O,1
VJRKAFPJRKTWQV-UHFFFAOYSA-N,Ki,nM,2200.0,CC1(C)C(C(=O)c2cn(CCc3ccncc3)c3ccccc23)C1(C)C,1
VJYMFECSXKBOMY-BBMPLOMVSA-N,IC50,nM,4.0,COc1cccc(S(=O)(=O)NC(=NC(C(N)=O)C(C)C)N2CC(c3ccccc3)C(c3ccc(Cl)cc3)=N2)c1,1
VJYZJHYIWIUYFE-UHFFFAOYSA-N,Ki,nM,4000.0,O=c1[nH]n2c(=O)n(Cc3ccc(C(F)(F)F)nc3)nc2c(-c2ccncc2)c1-c1ccc(Cl)cc1,1
VKEAHNPKYMHYJJ-CBYNOBLXSA-N,Kb,nM,66.6,C=CC(C)(C)C12CC3C(=O)N4C(CC5(C(C)(C)C=C)c6ccccc6NC45)C(=O)N3C1Nc1ccccc12,1
VKKPZNVBRKYDRR-UHFFFAOYSA-N,IC50,nM,5.0,Cn1cc(Cc2cccc(-c3cccc4c3OCO4)n2)c2cc(NC(=O)CC(C)(C)O)ccc21,1
VKLHWQFWOJTEBS-UHFFFAOYSA-N,EC50,nM,990.0,Fc1ccc(-c2noc(CCCOc3cnc4ccc(Cl)cc4c3)n2)c(Cl)c1,1
VKNDOFXTCCPRML-UHFFFAOYSA-N,EC50,nM,16000.0,COc1ccc(CNCCC(c2ccc(F)cc2)c2ccc(OC)cc2)cc1,1
VKPGPBCFBQHVAQ-UHFFFAOYSA-N,Inhibition,%,90.0,Cc1ccc(-n2nc3c(c2NC(=O)c2ccco2)CS(=O)(=O)C3)c(C)c1,1
VKQZPKBBQIUEAU-NPMXOYFQSA-N,IC50,nM,5.1,CC(NS(=O)(=O)c1cc(F)cc(F)c1)C(Cc1ccc(Cl)cc1)c1cccc(C#N)c1,1
VKXJDFPRMZJEGP-UHFFFAOYSA-N,Ki,nM,202.0,CCN(CC)c1ccc(CN(C(=O)C2CCCCC2)c2ccc(C)cc2)cc1,1
VKYASPBNOSOSCP-UHFFFAOYSA-N,Activity,%,76.5,CCN(CC)CCOc1cccc(C(=O)c2c(-c3ccc(OCCCCCCCN(C)Cc4ccccc4)cc3)oc3ccccc23)c1,1
VLCRLODYWJIILG-UHFFFAOYSA-N,Ki,nM,1124.0,CCCCCn1cc(C(=O)NCC2CCCCC2)c(=O)c2c(C)nn(C)c21,1
VLGXPMQVNFFWTM-QZTJIDSGSA-N,Ki,nM,1500.0,CCCCCc1cc(NS(C)(=O)=O)c2c(c1)OC(C)(C)C1CCC(C)=CC21,1
VLKHGUYUHYHUJC-UHFFFAOYSA-N,IC50,nM,100.0,CCOC(=O)c1ccc(S(=O)(=O)NC(=NC)N2CC(c3ccccc3)C(c3ccc(Cl)cc3)=N2)cc1,1
VLMJWSVJQMZYSE-UHFFFAOYSA-N,Inhibition,%,39.0,O=[N+]([O-])c1ccc2c(c1)c(OCC1CCCCC1)nn2Cc1ccccc1,1
VLNYVUQPQVEPDW-UHFFFAOYSA-N,Ki,nM,5000.0,COc1ccc2cc(C(=O)NCCc3ccc(F)cc3)c(=O)[nH]c2c1OC,1
VLRNWUFGTCSJDO-GGWOSOGESA-N,EC50,nM,5000.0,CC=Cc1ccc(O)c(-c2cc(C=CC)ccc2O)c1,1
VLSSJQHKVDZXCA-UHFFFAOYSA-N,Ki,nM,5000.0,N#CCn1nnc(CNC(=O)c2ccc(-c3ccccc3)cc2)n1,1
VLXCCHGDBPKKAK-UHFFFAOYSA-N,Activity,%,70.0,O=C(Nc1ccccc1)NC(c1ccc(Cl)cc1)c1ccc(Cl)cc1,1
VMBZIPBMLDAPBS-UHFFFAOYSA-N,EC50,nM,251.0,O=C(Nc1sc2c(c1C(=O)N1CCC(F)(F)CC1)CCOC2)c1c(F)cccc1C(F)(F)F,1
VMCNPERZTWTVQD-UHFFFAOYSA-N,EC50,nM,16000.0,Cc1cc2cc3c(cc2n2c(SCC(=O)Nc4nc(-c5ccccc5)cs4)nnc12)OCO3,1
VMCSEFNEMZGBGH-UHFFFAOYSA-N,EC50,nM,10000.0,CN(C)c1ccc(C(=O)N2CCCN(C(=O)Nc3ccc(C(C)(C)C)cc3)CC2)cc1,1
VMMUWKMECZMPAH-UHFFFAOYSA-N,EC50,nM,10000.0,CC(C)(C)c1cc(NC(=O)N2CCCN(C(=O)N3CCOCC3)CC2)no1,1
VMMYWIVNOAUSPQ-UHFFFAOYSA-N,IC50,nM,5.6,CN(Cc1ccc(F)cc1)C(=O)c1nn(-c2ccccc2Cl)c(-c2ccc(Cl)cc2)c1CC#N,1
VMQKJBAFCRNHRE-UHFFFAOYSA-N,Ki,nM,605.3,Cc1c(C(=O)NN2CCCCC2)nn(C2CCCCC2)c1-c1ccccc1,1
VMQPWINCJCWTLF-UHFFFAOYSA-N,IC50,nM,5.37,CC(C)(CO)CNC(=O)c1cc2cc(C#N)ccc2n1Cc1cc(Cl)cc(Cl)c1,1
VMWBKOHAYXYOPX-UHFFFAOYSA-N,IC50,nM,3467.37,CCCNC(=O)c1c(NC(=O)C23CC4CC(CC2C4)C3)sc2c1CCOC2,1
VMWZOMOQEMJIMP-UHFFFAOYSA-N,Ki,nM,5000.0,CCc1ccc(CC)n1-c1c(C)c(C(=O)NCc2ccc(Cl)c(Cl)c2)nn1-c1ccc(Cl)c(Cl)c1,1
VMXBSNRRWMNLOK-UHFFFAOYSA-N,Ki,nM,5000.0,CCCCCCc1ccc(O)cc1OCCCCCCCCCCC(=O)OCC(O)CO,1
VNBSZADQGVZUID-UHFFFAOYSA-N,Activity,%,103.0,COc1ccc(C2c3cccn3-c3ccccc3N2C(=O)CN(C(=O)NC(C)(C)C)C(C)C)cc1,1
VNFWCKINCFNIHP-UHFFFAOYSA-N,IC50,nM,21.0,NC(Cc1c(C(=O)N2CCC(c3ncccn3)CC2)nn(-c2ccccc2Cl)c1-c1ccc(Cl)cc1)=NO,1
VNGDQNLDGCYPFU-UHFFFAOYSA-N,Kb,nM,310.6,CCCCCCc1c(C(=O)NCCc2ccc(N3CCCCC3)cc2)[nH]c2ccc(Cl)cc12,1
VNILIMBZHPQFHO-GOSISDBHSA-N,Ke,nM,7.0,Cc1c(C(=O)NC2CCCN(S(C)(=O)=O)C2)nn(-c2ccc(Cl)cc2Cl)c1-c1ccc(Cl)cc1,1
VNIXBNUUGFHGQG-ZKWNWVNESA-N,Ki,nM,1400.0,CCCCCC=CCC=CCC=CCC=CCCCC(=O)Nc1ccc(O)c(OC)c1,1
VNJXNFKHKAGNBS-UHFFFAOYSA-N,EC50,nM,336.0,CC(C)(C)CC(=O)Nc1sc2c(c1C(=O)N1CC(F)(F)C1)CCCC2,1
VNTJNTWECDSKEC-UHFFFAOYSA-N,EC50,nM,6309.57,Cc1ccc(C(=O)Nc2cccc3cnccc23)cc1S(=O)(=O)N1CCCCC1,1
VNVBKFYNXNMSCQ-UHFFFAOYSA-N,Activity,%,59.3,CC12CC3CC(C)(C1)CC(NC(=O)c1cn(Cc4ccc(F)cc4)c4ccccc4c1=O)(C3)C2,1
VOFUENNZZZQQMS-UHFFFAOYSA-N,Ki,nM,5000.0,CCCCCn1cc(C(=O)NC23CC4CC(CC(C4)C2)C3)c(=O)c2cc(C#Cc3ccccc3)ccc21,1
VONCPMHORSQXFC-NRFANRHFSA-N,Ki,nM,1923.0,COc1ccc(S(=O)(=O)c2cc(OC)ccc2S(=O)(=O)c2ccc(C(C)NS(=O)(=O)c3ccc(C)cc3)cc2)cc1,1
VOPPBYOHCAKAGC-UHFFFAOYSA-N,EC50,nM,16000.0,N=c1c(C(=O)NCc2ccco2)cc2c(=O)n3ccccc3nc2n1C1CCCC1,1
VOXLJAMLZROGPM-UHFFFAOYSA-N,Ki,nM,4.0,O=c1c2nn(-c3ccccc3Cl)c(-c3ccc(Cl)cc3)c2ncn1Cc1ccccc1,1
VPBJQDBKZSHCPC-UHFFFAOYSA-N,Ki,nM,87.0,CCCCCn1ccc(C(=O)c2cccc3ccccc23)c1,1
VPCGQGULMIQIPB-UHFFFAOYSA-N,Ki,nM,20000.0,CC(C)N(CCn1nc(OCc2cccc3ccccc23)c2ccccc21)C(C)C,1
VPFJJEBHYFVAOH-UHFFFAOYSA-N,EC50,nM,16000.0,Cc1nc(N2CCN(C(=O)c3cccs3)CC2)c2c3c(sc2n1)CCCC3,1
VPOKRYCJXVSFDL-UHFFFAOYSA-N,EC50,nM,5000.0,CC(=O)c1ccccc1NC(=O)C12CC3CC(CC(C3)C1)C2,1
VPPPQYGJLUELIH-UHFFFAOYSA-N,EC50,nM,10.0,CC(C)N(CCO)Cc1nc(-c2cn(CC3CCOCC3)c3c(Cl)cccc23)sc1Cl.Cl,1
VPQPHFSKIKDKID-UHFFFAOYSA-N,EC50,nM,139.0,O=C(Nc1sc2c(c1C(=O)N1CC(F)(F)C1)CCC(F)(F)C2)c1ccccc1OC(F)(F)F,1
VPVLVCLXJKWFTA-LUAWRHEFSA-N,Inhibition,%,40.0,O=C1C(=Cc2ccccc2)N=C2SCCCN12,1
VQGAYUYOVHVHFB-BCLNENTPSA-N,IC50,nM,141.0,CCC1CC2CC3(C(=O)OC)c4[nH]c5ccc(OC)cc5c4C4OC2N(C4O)C13,1
VQGDMQICNRCQEH-UFKXBGGNSA-N,Ki,nM,245.0,COc1cccc2c(C(=O)NC3C4(C)CCC(C4)C3(C)C)cn(CCN3CCOCC3)c12,1
VQOCBFYUDSBDCZ-UHFFFAOYSA-N,IC50,nM,8.5,CCc1c(C(=O)NN2CCCCC2)nn(-c2ccc(Cl)cc2Cl)c1-c1ccc(C#Cc2ccc(C(F)(F)F)cc2)s1,1
VQOOAQMFUGGWKX-HTAPYJJXSA-N,IC50,nM,1.3,CC(NC(=O)C(C)(C)Oc1ccc(Cl)cn1)C(Cc1ccc(Cl)cc1)c1ccccc1,1
VQOWMIYJNKMYKK-ZDUSSCGKSA-N,Ki,nM,2.5,CC(NS(=O)(=O)C(F)(F)F)c1ccc(S(=O)(=O)c2ccc(C(F)(F)F)cc2S(=O)(=O)c2ccccc2F)cc1,1
VQUBPYAFRYWICQ-UHFFFAOYSA-N,EC50,nM,5000.0,CC(C)(C)C(=O)c1c(NC(=O)c2ccccc2C(F)(F)F)sc2c1CCOC2,1
VRAAPPPBWYVIIW-UHFFFAOYSA-N,Ki,nM,17.0,O=C(NC1CCCCCC1)c1cn(Cc2ccccc2)c2ccccc2c1=O,1
VRBFBZLCEMASTI-UHFFFAOYSA-N,EC50,nM,16000.0,CCN(CC)S(=O)(=O)c1ccc(NC(=O)c2cc(-c3ccccc3)nc3ccccc23)cc1,1
VRGKJDHYJZFRMQ-FGZHOGPDSA-N,Ki,nM,1657.0,O=C(NC1CCCCC1O)c1cnc(Oc2ccccc2)c(-c2ccc(Cl)cc2)c1,1
VRJHLQCRQKFOQK-UHFFFAOYSA-N,Ki,nM,865.0,CCCCCn1cc(C(=O)Nc2ccccc2)c(=O)c2c(C)nn(C)c21,1
VRPKZOYEHQAUJH-UHFFFAOYSA-N,EC50,nM,2550.0,FC1(F)CCN(Cc2cccc(-c3ncc(-c4cccc(C(F)(F)F)c4)[nH]3)c2)CC1,1
VRSHIHMJAASMBL-UHFFFAOYSA-N,Ki,nM,242.0,CN(C)CCNC(=O)C(C)(C)NC(=O)c1cc2c(n(CC3CCCCC3)c1=O)CCCCCC2,1
VRSJAHQGJHDACS-UHFFFAOYSA-N,IC50,nM,21700.0,Cc1cccc(N2CCN(C(=O)c3cc(S(=O)(=O)N(C)C)ccc3N3CCCC3)CC2)c1C,1
VRVLDRRTPIDVKF-UHFFFAOYSA-N,Ki,nM,233.5,Cc1c(C(=O)NC(C)C)nn(-c2ccc(Cl)cc2Cl)c1-n1c(C)ccc1C,1
VRWLAMGTOMOJCH-UHFFFAOYSA-N,Ki,nM,74.1,Cc1c(C(=O)NCc2ccc(Cl)c(Cl)c2)nn(-c2ccc(Cl)c(Cl)c2)c1-n1cccc1Cl,1
VRYKHTZYQIFBKP-UHFFFAOYSA-N,IC50,nM,4.3,CC(C)(C)C(=O)c1oc2nc(-c3ccccc3Cl)c(-c3ccc(Cl)cc3)cc2c1N,1
VRYXNVNTWFHKHF-UHFFFAOYSA-N,Ki,nM,8.8,O=C(NC1CCCCCC1)c1cc(Br)cn(Cc2ccc(F)cc2)c1=O,1
VSAGFURGDFIYMO-HJOGWXRNSA-N,Ki,nM,2300.0,CCCCCCCCCCCC(CC1OC(=O)C1CCCCCC)OC(=O)CNC(C)=O,1
VSBMBSWROSFQLX-UHFFFAOYSA-N,Inhibition,%,48.0,CN(C)CCNC(=O)c1cn(-c2ccc(Cl)cc2)c(-c2ccc(Cl)cc2Cl)n1,1
VSCOIAJLULTJQV-UHFFFAOYSA-N,Ki,nM,25.0,COc1ccc(OC)c(N(CC(=O)NCc2ccncc2)S(=O)(=O)c2ccc(C)cc2)c1,1
VSIACOBQBILWPO-UHFFFAOYSA-N,Ki,nM,55.0,Cc1c(C(=O)NC2(C#N)CCOCC2)nn(-c2ccccc2Br)c1-c1ccc(F)cc1,1
VSOOECPINLTQAY-UHFFFAOYSA-N,Ki,nM,610.0,CCN(CC)c1ccc(CN(Cc2cccs2)S(=O)(=O)c2ccc(C)cc2)cc1,1
VSSFZGBPUHYYRJ-UHFFFAOYSA-N,Activity,%,74.0,O=C(NN1CCCCC1)c1cnn(-c2ccc(Cl)cc2Cl)c1-c1ccc(Br)cc1,1
VTAAKAFNMDGRKE-UHFFFAOYSA-N,Ki,nM,406.0,CCOc1ccc(Cc2nc3cc(C(=O)N(CC)CC)ccc3n2CC23CC4CC(CC(C4)C2)C3)cc1,1
VTAYCQBRFIDJBA-UHFFFAOYSA-N,Ke,nM,0.3,O=S(=O)(NC1CCN(c2ncnc3c2nc(-c2ccccc2Cl)n3-c2ccc(Cl)cc2)CC1)c1ccccc1,1
VTFVYBYNSPOXNS-VFNWGFHPSA-N,Ki,nM,33.0,CC(C)CNC(=O)C1CCC(c2ccc(Cl)cc2Cl)N(c2ccc(Cl)cc2)C1,1
VTIQOPXBRQFVHQ-UHFFFAOYSA-N,IC50,nM,16000.0,COc1ccc(-c2csc(NC(=O)CSc3nnc4c(C)cc5ccccc5n34)n2)cc1,1
VTJMJXFRSYOKKK-HNNXBMFYSA-N,Ki,nM,4.9,CC(NS(=O)(=O)C(F)(F)F)c1ccc(S(=O)(=O)c2ccc(NC3CC3)cc2S(=O)(=O)c2ccccc2F)cc1,1
VTLLAVPXORKAAO-UHFFFAOYSA-N,Inhibition,%,82.0,COc1ccc(C2c3ccsc3CCN2C(=O)CN(C(=O)C2CCCCC2)C(C)C)cc1,1
VTNSBOAHAFEBKI-UHFFFAOYSA-N,Activity,%,16.0,COc1ccccc1Cc1cc2c(C)ccc(C)c2oc1=O,1
VTPKTMUCIXPGIJ-UHFFFAOYSA-N,Activity,%,87.0,O=C(NC1CC1)c1cnn(-c2ccc(Cl)cc2Cl)c1-c1ccc(Cl)cc1,1
VUAYHPSOKPDUPI-QXMHVHEDSA-N,Ki,nM,3700.0,CCCCCCCCC=CCCCCCCCCCCCC(=O)NCCc1ccc(OC)cc1OC,1
VUCKSZWMRCSPME-DEOSSOPVSA-N,Ki,nM,35.0,O=C(c1cc2c(cc1F)OC(c1ccc(F)cc1)(c1ccc(Cl)cc1Cl)O2)N1CCOCC1,1
VUCUVJOFUNNEBZ-YSSRZBRDSA-N,Ki,nM,1500.0,CCCCCc1cc2c(c(S(C)=O)c1)C1C=C(C)CCC1C(C)(C)O2,1
VUJYIIWLRJBFNL-IRJALKPHSA-N,Emax,%,3.0,O=C(c1csc(-c2ccncc2)n1)N1CCC(O)(c2ccccc2)C2CCCCC21,1
VUPNCHYSPJAHKY-UHFFFAOYSA-N,EC50,nM,2.5,O=C(C1CCCCC1)N1CCN(S(=O)(=O)c2cccc3ccccc23)CC1C(F)(F)F,1
VUPQOVCMLDKRTO-MGPUTAFESA-N,IC50,nM,29.8,CC(NS(=O)(=O)c1c(Cl)cccc1Cl)C(Cc1ccc(Cl)cc1)c1cccc(C#N)c1,1
VUPXFPKISNJNJD-UHFFFAOYSA-N,Activity,%,92.0,CC(C)NS(=O)(=O)c1ccc(NC(=S)NC(=O)c2ccc(-c3ccccc3)cc2)cc1,1
VUROPKVYUGONAQ-UHFFFAOYSA-N,Activity,%,27.2,CCCCCn1c(C)c(C(=O)NC(C)c2ccccc2)c(=O)c2ccccc21,1
VUSGRGCRFANYMJ-UHFFFAOYSA-N,IC50,nM,7.943,O=C(NCc1cccc(Cl)c1)c1ccc2c(c1)N=C(N1CCCCC1)c1ccccc1S2,1
VUTCGKUHSNNPKV-UHFFFAOYSA-N,Ki,nM,215.0,CCCC1COc2cccc3c(=O)c(C(=O)NC45CC6CC(CC(C6)C4)C5)cn1c23,1
VUVVUNWNTORMDJ-UHFFFAOYSA-N,Ki,nM,18.0,Cn1c(=O)c(-c2ccc(Cl)cc2)c(-c2ccncc2)c2nn(Cc3ccc(C(F)(F)F)nc3)c(=O)n21,1
VUYGWOYLRBYPBY-UHFFFAOYSA-N,EC50,nM,913.0,CCn1c(C(=O)NCc2ccccc2Cl)nc2c(-c3ccccc3)cccc21,1
VUZHNYOEIQDLOI-UHFFFAOYSA-N,Inhibition,%,25.0,O=C1N2CCCSC2=NC1(c1ccccc1)c1ccccc1,1
VVCVQUPLYXSISW-UHFFFAOYSA-N,Ki,nM,5000.0,C=CCCCCCCCCC(=O)Nc1ccc(N2CCOCC2)cc1,1
VVOAZFWZEDHOOU-UHFFFAOYSA-N,EC50,nM,18300.0,C=CCc1ccc(O)c(-c2cc(CC=C)ccc2O)c1,1
VVSXNDPXUSHSID-UPCLLVRISA-N,IC50,nM,1000.0,CC(C(Cc1ccc(Cl)cc1)c1cccc(C#N)c1)N(C)S(=O)(=O)c1cc(Cl)cc(Cl)c1,1
VVTHOFKODCZWHN-HZFOSRTRSA-N,Ki,nM,28.8,CN(C)CCn1cc(C(=O)NC2C3(C)CCC(C3)C2(C)C)c(=O)c2ccc(Sc3ccccc3)cc21,1
VVXCVRUELPSRCH-UHFFFAOYSA-N,Activity,%,39.5,CCCCCCCCN1C(=O)NC(c2ccc(Cl)cc2)(c2ccc(Cl)cc2)C1=O,1
VWBSOHOZRNXMFW-HTAPYJJXSA-N,IC50,nM,49.2,CC(NC(=O)C(C)(C)Nc1ccncn1)C(Cc1ccc(Cl)cc1)c1cccc(C#N)c1,1
VWCYVYNQGITEGA-UHFFFAOYSA-N,Ki,nM,2500.0,CCCCn1c(CCC)c(Br)cc(C(=O)NC2(C(=O)O)CCCCC2)c1=O,1
VWHKMIMNGUMZLO-UHFFFAOYSA-N,IC50,nM,290.0,C=C(C)Cn1c(SCC(=O)OC)nc2sc3c(c2c1=O)CC(C)(C)OC3,1
VWIURPAVBBZINX-UHFFFAOYSA-N,Emax,fmol/mg,59.5,CCc1c(C(=O)NCCc2ccc(N3CCCCC3)cc2)oc2ccc(Cl)cc12,1
VWNBBTPIOGZODA-UHFFFAOYSA-N,IC50,nM,316.23,CCCC1=Nc2cc(C(=O)NC3CCN(C(=O)OCC)CC3)ccc2Sc2ccccc21,1
VWNILVMVTRRZKJ-IFXJQAMLSA-N,IC50,nM,16.0,CC(NS(=O)(=O)c1cc(Cl)c(Cl)cc1Cl)C(Cc1ccc(Cl)cc1)c1cccc(C#N)c1,1
VWRJSJAYKVMVKJ-HDDXYUSQSA-N,Ki,nM,5000.0,CC1COc2cccc3c(=O)c(C(=O)NC45CC6CC(CC(C6)C4)C5)cn1c23,1
VWRXGNJCEZNZLF-UHFFFAOYSA-N,Ki,nM,5000.0,CC1(C)C(C(=O)c2cn(CCc3cccnc3)c3ccccc23)C1(C)C,1
VWSBOANHCBAQPD-UHFFFAOYSA-N,Activity,%,5.0,CC12CC3CC(C)(C1)CC(NC(=O)c1cn(Cc4ccc(Br)cc4)c4ccccc4c1=O)(C3)C2,1
VWUUFSORVXGKJO-YFHOEESVSA-N,Inhibition,%,7.0,O=C1C(=Cc2cccc(F)c2F)N=C2SCCCN12,1
VWZRUULACALJDQ-UHFFFAOYSA-N,IC50,nM,1000.0,O=C(O)c1cnc(NC(=O)c2cc3c(n(CC4CCCCC4)c2=O)CCCCCC3)s1,1
VXCPTRRVQGVIOH-UHFFFAOYSA-N,Kd,nM,189.0,CCCCCC#CCc1cc(OC)c2c(c1)OC(C)(C)C1CC=C(C)CC21,1
VXJZFSDRFQFZOU-UHFFFAOYSA-N,EC50,nM,510.0,CCc1c(C(=O)NN2CCCCC2)nn(-c2ccc(Cl)cc2Cl)c1-c1ccc(Br)s1,1
VXLOUNWARGZFRH-UHFFFAOYSA-N,EC50,nM,500.0,CCn1c2ccccc2c2cc(NC(=O)CCc3nc(-c4ccc(F)cc4Cl)no3)ccc21,1
VXNKJKLELURPEJ-RESCNRSOSA-N,Ki,nM,11.0,CCCn1cc(C(=O)NC2C3(C)CCC(C3)C2(C)C)c(=O)c2ccc(Sc3ccccc3)cc21,1
VXOFKEPQXWJWIW-WOJBJXKFSA-N,Ki,nM,122.0,O=C(NC1CCCCC1O)c1cnc(OCC2CC2)c(-c2ccc(Cl)cc2Cl)c1,1
VXUUAXTWRYYHGE-HTAPYJJXSA-N,IC50,nM,19.5,Cc1cc(NC(C)(C)C(=O)NC(C)C(Cc2ccc(Cl)cc2)c2cccc(C#N)c2)no1,1
VXVYAAXIGIEBPP-FQEVSTJZSA-N,Kd,nM,31.62,CN=C(NS(=O)(=O)N1CCCCC1)N1CC(c2ccccc2)C(c2ccc(Cl)cc2)=N1,1
VXYIJMBVCMJECP-UHFFFAOYSA-N,Emax,fmol/mg,61.4,CCCCCCCCCc1c(C(=O)NCCc2ccc(N3CCCCC3)cc2)[nH]c2ccc(Cl)cc12,1
VYCBHDCXQUZIJV-UHFFFAOYSA-N,Activity,%,32.6,O=C1N(c2ccccc2)C(S)=NC1(c1ccccc1)c1ccccc1,1
VYDCJJLOXCGZJB-RUZDIDTESA-N,IC50,nM,1.3,CC1(C)CC(NC(=O)c2ccccc2N)c2cc(-c3ccc(Cl)cc3)c(-c3ccc(Cl)cc3Cl)nc2O1,1
VYEGAWQNIZFURW-UHFFFAOYSA-N,EC50,nM,5000.0,O=C(Nc1sc2c(c1C(=O)N1CCOCC1)CCOC2)c1ccc(Cl)cc1,1
VYFMSGVLCVICHB-DNQXCXABSA-N,Ki,nM,19.0,CC1=CCC2C(C1)c1c(O)cc(C(C)(C)CCCCC(=O)Nc3ccc(S(N)(=O)=O)cc3)cc1OC2(C)C,1
VYFNDLCEKZBSJH-UHFFFAOYSA-N,EC50,nM,5000.0,COCC(C)(C)NC(=O)c1c(NC(=O)c2c(F)cccc2C(F)(F)F)sc2c1CCOC2,1
VYKBDKZHAWIIJI-UHFFFAOYSA-N,Ki,nM,260.0,CCCCCCc1c(O)cccc1OCCCCCCCC(=O)NCCO,1
VYKSAVBDBXOESA-UHFFFAOYSA-N,Ke,nM,4097.0,Cc1c(C(=O)NC2CCN(C(N)=O)CC2)nn(-c2ccc(Cl)cc2Cl)c1-c1ccc(Cl)cc1,1
VYLFPGWPSXCAAB-UHFFFAOYSA-N,Activity,%,78.0,CN1CCN(NC(=O)c2cnn(-c3ccc(Cl)cc3Cl)c2-c2ccc(I)cc2)CC1,1
VYMLJPCBWASBSV-UHFFFAOYSA-N,Ki,nM,1118.0,CCCCCn1cc(C(=O)NC23CC4CC(CC(C4)C2)C3)c(=O)n2nc(C)cc12,1
VYMYVFYIWQAGTQ-UHFFFAOYSA-N,Ki,nM,1500.0,Cc1cccc(C2=NN(C(=O)NC3CCCCC3)CC2Cc2ccccc2)c1,1
VYXIQOKGCRKRTK-UHFFFAOYSA-N,IC50,nM,25.0,NC(=O)CNC(=O)CN=C(NS(=O)(=O)c1ccc(Cl)cc1)N1CC(c2ccccc2)C(c2ccc(Cl)cc2)=N1,1
VYXVAROCVRXSDX-PKNBQFBNSA-N,Activity,%,5.0,O=C(C=Cc1ccc2ccccc2c1)CCCC(=O)NCCO,1
VZADTQBJFLJQCA-UHFFFAOYSA-N,Ki,nM,150.0,Cc1c(C(=O)NC2CCCC2)nn(-c2ccc(Cl)cc2Cl)c1-n1c(C)ccc1C,1
VZAFOXSCFBBHKO-UHFFFAOYSA-N,Activity,%,54.1,CS(=O)(=O)NCCCn1c2ccccc2c2cc(C(=O)N3CCCCC3)ccc21,1
VZGVIFSMXCJKCQ-UHFFFAOYSA-N,Ki,nM,2500.0,CCN(CC)C(=O)c1ccc2c(c1)nc(Cc1ccc(OC3CCCCC3)cc1)n2CCC(C)C,1
VZLUFDGAEWMBID-UHFFFAOYSA-N,Ki,nM,5000.0,Cc1c(C(=O)NC2(C#N)CCCCC2)nn(-c2ccccc2Br)c1-c1ccccc1,1
VZONQUSMLYLWIQ-UHFFFAOYSA-N,Inhibition,%,35.8,CCCCCCCCCCCCCCCC(=O)NCCBr,1
VZPDFSOLBKFEDK-AWEZNQCLSA-N,Ki,nM,60.7,CC(=O)NC(C)c1ccc(S(=O)(=O)c2ccc(Cl)cc2S(=O)(=O)c2ccccc2F)cc1,1
VZQAFGHBPVDJEB-UHFFFAOYSA-N,IC50,nM,34.0,O=C(NC1CCCCC1)N1CCN(C(c2ccc(Oc3ccccc3)cc2)c2ccc(Cl)cc2Cl)CC1,1
VZSFWNVQRNQZRN-MRXNPFEDSA-N,Ki,nM,610.0,COc1cc(C(=O)NC2(C(=O)NC(C)c3ccc(-n4ccc(-c5ccccc5)n4)cc3F)CC2)on1,1
VZTNOHFMVINHMF-UHFFFAOYSA-N,Ki,nM,620.0,O=c1c2cn(Cc3ccccc3)c3ccccc3c-2nn1C1CCCCC1,1
VZVKCHVLMNXLHW-UHFFFAOYSA-N,Kd,nM,1.995,COc1ccc(-n2c(-c3ccc(Cl)cc3Cl)nc(C(=O)NN3CCCCC3)c2C)cc1,1
VZYCAUIYIZSPQY-UHFFFAOYSA-N,EC50,nM,56.0,CCCCCc1cc(OC)c2cc(Cc3ccccc3OC)c(=O)oc2c1,1
VZYNEVSTJOMLFB-UHFFFAOYSA-N,Activity,%,1.0,CCCCCn1cc(C(=O)NC23CC4CC(CC(C4)C2)C3)c(=O)n2nc(C)c(Br)c12,1
WADFFGDAIJGNFH-MHECFPHRSA-N,IC50,nM,1.5,CC(NC(=O)C(C)(C)Oc1cccc(Cl)c1)C(Cc1ccc(Cl)cc1)c1ccccc1,1
WAIRTCARYFZMLE-UHFFFAOYSA-N,Displacement,%,42.8,CC(C)N1C(=O)C(c2ccccc2)(c2ccccc2)NC1=S,1
WARXHNZFOLIEBN-UHFFFAOYSA-N,EC50,nM,10000.0,Cn1nc(C(C)(C)C)cc1NC(=O)N1CCCN(C(=O)C2CCOCC2)CC1,1
WAUKAQAVXNKWTO-UHFFFAOYSA-N,Inhibition,%,62.0,CC(C)(C)c1ccc(C(=O)N2C(C(=O)NCc3ccccn3)CSC2c2cccc(F)c2)cc1,1
WAVFWCJMJRGYQT-QFIPXVFZSA-N,Ki,nM,2500.0,CCOc1ccc(Cc2nc3cc(C(=O)N(CC)CC)ccc3n2CC2CCCN2C)cc1,1
WBFYZMXEXKRUJU-UHFFFAOYSA-N,EC50,nM,50000.0,CCc1ccccc1-c1nc2c(N3CCN(C)CC3)nc(C)nc2n1C1CCOCC1.Cl,1
WBROYFRREDXBEY-UHFFFAOYSA-N,Ki,nM,72.44,O=C(c1cn(CC2CCOCC2)c2ccccc12)C12CC3CC(CC1C3)C2,1
WBVXNTIOPAQNPN-UHFFFAOYSA-N,EC50,nM,10000.0,Cc1cn(C)c2c(Nc3cccc(Cl)c3)ncc(C(=O)N3CCOCC3)c12,1
WBWAIAQQPSJRLP-HSZRJFAPSA-N,IC50,nM,0.3,Cc1[nH]ncc1C(=O)NC1CC(C)(C)Oc2nc(-c3ccc(Cl)cc3Cl)c(-c3ccc(Cl)cc3)cc21,1
WCHVNGMNPCXFCG-UHFFFAOYSA-N,Ki,nM,1500.0,CCCCCn1cc(C(=O)NC23CC4CC(CC(C4)C2)C3)c(=O)cc1C,1
WCIURNCHFIBBPS-UHFFFAOYSA-N,Ki,nM,1250.0,C=CCN(Cc1ccc(N(CC)CC)cc1)S(=O)(=O)c1ccc(C)cc1,1
WCJNIYXXISGTAE-UHFFFAOYSA-N,Ki,nM,1400.0,Cc1ccc(-c2cc(CC3CCCCC3)[nH]n2)cc1S(=O)(=O)N1CCOCC1,1
WCMVJSIVDUZGFJ-UHFFFAOYSA-N,Inhibition,%,14.0,CC(C)CN1C(=O)CN(Cc2ccc(-c3ccc(F)c(CN4CCCCC4)n3)cc2)C1=O,1
WCXIQMXHYGYQBH-UHFFFAOYSA-N,Ki,nM,2500.0,CCOc1ccc(Cc2nc3cc(C(=O)N(C)C4CCCCC4)ccc3n2CC2CC2)cc1,1
WCYFXIAPEXIKJF-UHFFFAOYSA-N,IC50,nM,52.0,CCCNC(=O)c1cc(-c2ccc(Cl)cc2)c(-c2ccc(Cl)cc2Cl)nc1Cl,1
WDFBPYPFEHXVSP-UHFFFAOYSA-N,Ki,nM,613.0,CCCCCc1cc(OC)c2cc(Cc3ccc(Cl)cc3)c(=O)oc2c1,1
WDTACHWUGYMONQ-UHFFFAOYSA-N,Activity,%,37.0,CCCCCn1cc(C(=O)NC23CC4CC(CC(C4)C2)C3)c(=O)n2nc(-c3ccc(Cl)cc3Cl)cc12,1
WDXOXGNQRSWJIY-UHFFFAOYSA-N,Ki,nM,110.0,Cc1ccc(-c2ncc(C(=O)N(C)Cc3ccccc3)nc2-c2ccc(C)cc2)cc1,1
WEBBZZZWMVCFNK-UHFFFAOYSA-N,Kb,nM,1580.0,CCc1c(C(=O)NCCc2ccc(N(C)C)cc2)[nH]c2cc(F)ccc12,1
WECZZLGHVJQSIA-DOYPJHNISA-N,Ki,nM,221.0,CCCCCC=CCC=CCC=CCC=CCCCCOC(CO)COC(=O)CCCCCNC(=O)CCCCC1SCC2NC(=O)NC21,1
WEFBQZCZMPRNBJ-UHFFFAOYSA-N,IC50,nM,6000.0,O=C(NN1CCCCC1)c1nc(-c2ccc(Cl)cc2)c(-c2ccc(Cl)cc2)[nH]1,1
WEKDKLBOHJXBIR-UHFFFAOYSA-N,Activity,%,10.0,CC(C)(C)c1nc2c(n1CC1CC1)CCN(S(=O)(=O)c1ccccc1)C2,1
WEMHPTQJUJFIJK-UHFFFAOYSA-N,Ki,nM,698.0,CCn1cc(CC(=O)NC23CC4CC(CC(C4)C2)C3)c2cc(-c3ccccc3)ccc21,1
WENLBRLGGKESMP-UHFFFAOYSA-N,Inhibition,%,23.0,COc1cccc(Cc2cc3c(OC)cc(CBr)cc3oc2=O)c1,1
WERDYYMJAKNKQG-UHFFFAOYSA-N,Activity,%,30.0,CCCCCn1cc(C(=O)NC2C3CC4CC(C3)CC2C4)c(=O)cc1C(C)(C)C,1
WEVOFRYSYXJTPA-UHFFFAOYSA-N,IC50,nM,878.0,COc1ccc(-c2nn(C(=O)NC3CCCCC3)c(=O)n2-c2ccc(Cl)cc2)cc1,1
WEYCXMJNFXQFNI-UHFFFAOYSA-N,Activity,%,44.5,CCCCCn1cc(C(=O)NC2CCCc3ccccc32)c(=O)c2ccccc21,1
WFARREJAFLTZPO-UHFFFAOYSA-N,Activity,%,36.7,CCCCCn1cc(C(=O)NCC23CC4CC(CC(C4)C2)C3)c(=O)c2ccccc21,1
WFCZPOAKONTBIC-UHFFFAOYSA-N,IC50,nM,39.0,CCC(N)(C#Cc1nc(-c2ccccc2Cl)c(-c2ccc(Cl)cc2)cc1C#N)CC,1
WFKJYCAFDGXXRO-UHFFFAOYSA-N,Activity,%,7.5,O=C1NC(=O)N(c2ccc(Cl)cc2)C1c1ccc(Br)cc1,1
WFSIPPRGSJMRMA-UHFFFAOYSA-N,Ki,nM,6183.0,CCS(=O)(=O)n1c2c(c3cc(C(=O)N4CCC(C)CC4)ccc31)CN(C1CCCCO1)C2,1
WFUDPWLCEJSWBC-UHFFFAOYSA-N,Ki,nM,28.0,O=C(c1ccc2c(c1)OC(c1ccccc1)(c1ccccc1)O2)N1CCCCC1,1
WFWBXXSAZDINNP-SIBVEZHUSA-N,Ki,nM,4.2,N#Cc1ccc(S(=O)(=O)NCCC2CCC(c3ccc(Cl)cc3Cl)N(c3ccc(Cl)cc3)C2)cc1,1
WFYALYNJYYGABN-UHFFFAOYSA-N,Ki,nM,5.0,CCn1nc2c(-c3ccc(Cl)cc3)c(-c3ccc(CO)nc3)c(=O)n(Cc3ccc(C(F)(F)F)nc3C)n2c1=O,1
WGANSTLQKROOFT-UHFFFAOYSA-N,Ki,nM,518.9,Cc1c(C(=O)NC(C)C)nn(-c2ccc(Cl)cc2Cl)c1-n1cccc1,1
WGBXCFFEQOKHNE-UHFFFAOYSA-N,EC50,nM,8.1,O=C(NCC1CCC1)c1nccnc1NC(=O)c1ccc(Cn2ccnn2)c2ccccc12,1
WGEMJULJOYKTBN-UHFFFAOYSA-N,Ki,nM,500.0,COc1cc(C(O)c2ccccc2)cc(OC)c1-c1cc(Cl)cc(Cl)c1,1
WGERETUYZPYUKK-UHFFFAOYSA-N,Activity,%,84.8,CCCCn1c2ccccc2c2cc(C(=O)N3CCCCC3)ccc21,1
WGIPGQAPFNVWIX-UHFFFAOYSA-N,Ki,nM,3.4,COc1ccc(-c2c(C#N)c(C(=O)NN3CCCCC3)nn2-c2ccccc2I)cc1,1
WGKCYRNWFRCSGK-WAIKUNEKSA-N,Ki,nM,467.0,Fc1ccc(CC2CCC(c3ccc(Cl)cc3)N(c3ccc(Cl)cc3Cl)C2)cc1F,1
WGPQQSBYSCRPJE-UHFFFAOYSA-N,IC50,nM,7.0,CNC(=O)c1cc(-c2ccc(Cl)cc2)c(-c2ccc(Cl)cc2Cl)nc1OCc1ccccc1,1
WGUQNXILGCVNIV-QXMHVHEDSA-N,Ki,nM,5400.0,CCCCCCCCC=CCCCCCCCCCCCC(=O)NCCc1cc(OC)cc(OC)c1,1
WHFDUZQMHSPVLQ-UHFFFAOYSA-N,Activity,%,37.0,COCCS(=O)(=O)N1CCc2c(nc(CC(C)(C)C)n2CC2CC2)C1,1
WHGWQZZKOMMVQS-FNZWTVRRSA-N,Ki,nM,13.0,CC(C)(C)CC(=O)N1CCN(CC2CCC(c3ccc(Cl)cc3Cl)N(c3ccc(Cl)cc3)C2)CC1,1
WHHNPKDWXUKGLJ-UHFFFAOYSA-N,Ki,nM,91.0,CCCCn1cc(C(=O)C2C(C)(C)C2(C)C)c2ccccc21,1
WHHUKRUIJNQEMC-UHFFFAOYSA-N,EC50,nM,5000.0,CC(=O)N1CCC(Cn2c(C(C)(C)C)nc3cc(S(=O)(=O)c4ccc(F)cc4)ccc32)CC1,1
WHMLWXOXVBGRER-UHFFFAOYSA-N,Ki,nM,97.2,CCCCCCCNC(=O)c1nn(-c2ccc(Cl)cc2Cl)c(-n2c(C)ccc2C)c1C,1
WHNNOHLGTSGBMC-SZUFIYSYSA-N,Emax,%,28.0,O=C(c1cccc2[nH]ncc12)N1CCC(O)(c2ccccc2)C2CCCCC21,1
WHRUOZWUQLHKAN-UHFFFAOYSA-N,EC50,nM,15811.4,COc1ccc(-c2ccc(N3CCOCC3)nn2)c(Cl)c1,1
WHWQEVQBWRYYLL-ZHACJKMWSA-N,Ki,nM,2400.0,CCCCCCCCC=CC(=O)NCCc1ccc(OC)cc1,1
WHWVZMKQQBJZQV-ODLFYWEKSA-N,Intrinsic activity,%,-44.0,O=C1C(=Cc2cccc(OCc3ccc(Cl)cc3Cl)c2)N=C2SCCCCN12,1
WIAPWRWFWPMXNO-UHFFFAOYSA-N,Ki,nM,600.0,O=[N+]([O-])c1ccc2c(c1)c(OCc1cccc3ccccc13)nn2CCN1CCCC1,1
WIFMWPHYILJXFS-UHFFFAOYSA-N,Activity,%,79.1,O=C1C(c2ccc(Br)cc2)N(c2ccc(Cl)cc2)C(=O)N1c1ccc(Cl)cc1,1
WIHMMKGUBDZGEG-UHFFFAOYSA-N,Inhibition,%,22.0,Cc1ccc2c(-c3nnc(SCCCN4CCc5ccc(-c6cc(C)nn6C)cc5CC4)n3C)cccc2n1,1
WIIKQPYVNBGCKQ-MDZDMXLPSA-N,Ki,nM,5000.0,CCCCCCCCC=CC(=O)Nc1ccc(N2CCOCC2)cc1,1
WIQGPWFZPISYFW-UHFFFAOYSA-N,IC50,nM,0.52,N#CCc1c(C(=O)NN2CCCCCC2)nn(-c2ccccc2Cl)c1-c1ccc(Cl)cc1,1
WIQKQADUKUIMKN-UHFFFAOYSA-N,Ki,nM,2500.0,C=CCc1ccc(O)c(-c2ccc(OCCCCC)c(CC=C)c2)c1,1
WIRGEKDFDJEPRE-UHFFFAOYSA-N,Ki,nM,42.0,CCCC(C)(C)c1cc(O)c2c(c1)OC(C)(C)c1ccc(C)cc1-2,1
WISKPMADFGRBHA-UHFFFAOYSA-N,Ki,nM,32.33,CCNC1(C(N)=O)CCN(c2cnc(-c3ccc(Cl)cc3)c(-c3ccc(C#N)cc3)n2)CC1,1
WISXXMDPHANXTP-UHFFFAOYSA-N,Ki,nM,260.0,CCCCCOc1cccc2c(=O)c(C(=O)NC34CC5CC(CC(C5)C3)C4)c[nH]c12,1
WITLAKUTNJGTNP-UHFFFAOYSA-N,Ki,nM,0.25,COC(=O)NC1CCCOc2c1nn(-c1ccccc1Cl)c2-c1ccc(Cl)cc1,1
WIUAZKNCWYGPFK-UHFFFAOYSA-N,Kd,nM,0.1585,CCc1c(C(=O)NN2CCCCC2)nc(-c2ccccc2Cl)n1-c1ccc(Cl)cc1,1
WIYSIMPCTASBLD-UHFFFAOYSA-N,Ki,nM,560.0,Cc1ccc(C(C(=O)NCCC(c2ccccc2)c2ccccc2)c2ccccc2)cc1,1
WJAPFKRDKPDSGT-VZKPYBMVSA-N,Emax,%,6.0,CN1CCC(C(=O)N2CCC(O)(c3ccccc3)C3CCCCC32)C1,1
WJFKNYWRSNBZNX-UHFFFAOYSA-N,IC50,nM,24857.0,c1ccc2c(c1)Nc1ccccc1S2,1
WJIGHUGYXGIACQ-UHFFFAOYSA-N,EC50,nM,5000.0,COCC(=O)N1CCC(Cn2c(C(C)(C)C)nc3cc(S(=O)(=O)CCCC(F)(F)F)ccc32)CC1,1
WJUDQYUANGIYRE-UHFFFAOYSA-N,Activity,%,59.0,CCCCCn1cc(NC(=O)c2cccc3ccccc23)c(=O)c2ccccc21,1
WJUVSNCUWAFSTF-UHFFFAOYSA-N,Ki,nM,339.0,CCS(=O)(=O)n1c2c(c3cc(C(=O)N4CCC(C)CC4)ccc31)CN(CC1CCCCC1)C2,1
WJXDNXGFJBBWTC-UHFFFAOYSA-N,Ki,nM,2400.0,Cc1c(C(=O)NC2CCCC2)nn(-c2ccc(F)cc2F)c1-n1cccc1,1
WJYJXBAVHNQGLP-UHFFFAOYSA-N,Ki,nM,10000.0,O=C(Cc1ccc(Cl)cc1)NC(NC(=O)Cc1ccc(Cl)cc1)c1ccc(C(F)(F)F)cc1,1
WKAVEQJVTBXJAM-UHFFFAOYSA-N,Ki,nM,5000.0,CCCCCn1cc(C(=O)NC23CC4CC(CC(C4)C2)C3)c(=O)c2cc(C3=CCCCC3)ccc21,1
WKGLRZUKOWJGKM-UHFFFAOYSA-N,EC50,nM,0.9,O=C(CCc1nc(-c2ccc(F)cc2Cl)no1)Nc1cnc2ccc(Cl)cc2c1,1
WKIPITWCGDNMDT-UHFFFAOYSA-N,Inhibition,%,96.0,CCOc1ccccc1CNC(=O)c1oc2ccc(S(=O)(=O)N3CC(C)CC(C)C3)cc2c1C,1
WKNAGULJPIOHGJ-UHFFFAOYSA-N,Activity,%,39.0,CCCCCn1cc(C(=O)NC2CCCCCC2)c(=O)n2nc(-c3ccc(C)cc3)cc12,1
WLFGLGDDDYUWMO-UHFFFAOYSA-N,Ki,nM,5000.0,CCCCCc1cc(O)cc(OCCCCCCCCCCC(=O)OCC(O)CO)c1,1
WLHJLEXNCPIFTG-UHFFFAOYSA-N,Ki,nM,14.0,CCCCCCC(C)(C)c1cc(O)c2c(c1)OC(C)(C)c1ccc(C(=O)OC)cc1-2,1
WLMBSKSEPQCRJV-OAHLLOKOSA-N,Activity,%,25.0,CC(=O)N1CCN(CC(C)NC(=O)c2cc3c(-c4ccccc4)nn(C)c3s2)CC1,1
WLPATBCIJAUBDH-UHFFFAOYSA-N,Ki,nM,1400.0,CCCCCCC(C)(C)c1ccc(-c2ccc(OC)c(OC)c2)c(O)c1,1
WLPPOOUNJPNWKJ-UHFFFAOYSA-N,Ki,nM,5000.0,CCCCCCC(C)(C)c1cc(OC)c(C2(O)CCOCC2)c(OC)c1,1
WLVORWCZCJGRGP-UHFFFAOYSA-N,EC50,nM,500.0,O=C(CCc1nc(-c2ccc(F)cc2Cl)no1)Nc1ccc(C(F)(F)F)c(Cl)c1,1
WLWQLJYOYMGFPD-UHFFFAOYSA-N,IC50,nM,1.7,CC1(C)CC(NC(=O)C(C)(C)O)c2cc(-c3ccc(Cl)cc3)c(-c3ccc(Cl)cc3Cl)nc2O1,1
WMGKBTIYUNMURT-UHFFFAOYSA-N,EC50,nM,10000.0,N#Cc1cc(N2CCCCCC2)ncc1-c1cccc(Cl)c1Cl,1
WMNURCXVCQHWLM-FPOVZHCZSA-N,Kb,nM,0.9,CCc1c(C(=O)NC2CCCCC2O)nc(-c2ccccc2Cl)n1-c1ccc(Cl)cc1,1
WMQNLNPOKQFHIS-UHFFFAOYSA-N,Ki,nM,2380.0,CCCCCn1cc(CC(=O)NC23CC4CC(CC(C4)C2)C3)c2cc(-c3ccccc3)ccc21,1
WMQVQLOKVOAXEW-UHFFFAOYSA-N,IC50,nM,1300.0,Cc1c(C(=O)N=c2cc(C(C)(C)C)n(C)n2CC2CC2)cccc1C(F)(F)F,1
WMUJYYUDTFNFSX-UHFFFAOYSA-N,Activity,%,64.0,O=C(NC1CCCCC1)c1cnn(-c2ccc(Cl)cc2Cl)c1-c1ccc(I)cc1,1
WMXPIHKERNPMAP-UHFFFAOYSA-N,EC50,nM,461.0,Oc1c(-c2ccccc2)n(-c2cccc(I)c2)c(=S)n1-c1cccc(I)c1,1
WMZZLLUSLFAGGN-UHFFFAOYSA-N,Activity,%,5.0,CCCCCn1cc(C(=O)NCc2ccc(OC)cc2)c(=O)c2ccccc21,1
WNBYYNNSUGNUKC-UHFFFAOYSA-N,EC50,nM,5000.0,CC(C)(C(=O)Nc1ccc(Cl)c(Br)c1)S(=O)(=O)c1ccc(Cl)cc1,1
WNEJQZXNUUXBPY-UHFFFAOYSA-N,IC50,nM,1.3,CC(=O)NC1CC2(CCCCC2)Oc2nc(-c3ccccc3Cl)c(-c3ccc(Cl)cc3)cc21,1
WNIKBWSRQFAMIH-FQEVSTJZSA-N,IC50,nM,103.5,NC(=NS(=O)(=O)c1ccc(I)cc1)N1CC(c2ccccc2)C(c2ccc(Cl)cc2)=N1,1
WNJDEXBWZNHXJT-UHFFFAOYSA-N,EC50,nM,0.6,CC1(C)CN(S(=O)(=O)c2cccc3ccccc23)CCN1C(=O)C1CCCCC1,1
WNKLJQSFIHJYLB-UHFFFAOYSA-N,Ki,nM,5000.0,Cc1nc(C(=O)NC23CC4CC(CC(C4)C2)C3)c(Br)n1-c1ccccc1,1
WNQMPNPTBHEOND-UHFFFAOYSA-N,Ki,nM,36.0,Cc1c(C(=O)NC2CCCC2)nn(-c2ccc(Cl)c(Cl)c2)c1-n1c(C)ccc1C,1
WNTQSHUJNJVHSS-UHFFFAOYSA-N,Displacement,%,30.2,CCCCCCN1C(=O)NC(c2ccc(Br)cc2)(c2ccc(Br)cc2)C1=O,1
WNXQBBUGKOCHSZ-UHFFFAOYSA-N,Kd,nM,0.7943,Cc1c(C(=O)NC2CCCCC2)nc(-c2ccc(Cl)cc2Cl)n1-c1ccc(Cl)cc1,1
WOJIUTKWJQPBIU-SOFGYWHQSA-N,Activity,%,5.0,O=C(C=Cc1ccc2ccccc2c1)CCC(=O)N(CCO)CCO,1
WOLXXMBHIMTGNW-CISYCMJJSA-N,IC50,nM,250.0,CC(N=C(NS(=O)(=O)c1ccc(O)cc1)N1CC(c2ccccc2)C(c2ccc(Cl)cc2)=N1)C(N)=O,1
WOPRDVHBRJFDQW-UHFFFAOYSA-N,IC50,nM,460.0,Cc1ccc(-c2nc(C(=O)NN3CCCCC3)n(C)c2-c2ccc(C)cc2)cc1,1
WORIMYADZQJWOU-UHFFFAOYSA-N,EC50,nM,10.0,Cc1ccc(C(=O)Oc2cccc3cccnc23)cc1S(=O)(=O)N1CCCCC1,1
WOUBCSVRQLAOBC-UHFFFAOYSA-N,Inhibition,%,-33.0,NCc1cccc(CC2CCCNC2=O)c1,1
WOUGNVGXCUXHJS-UHFFFAOYSA-N,Ki,nM,204.0,CCCC(C)(C)c1ccc2c(c1)OC(C)(C)c1ccc(CO)cc1-2,1
WOYDDTBWSDVBRX-DOYOODFSSA-N,Ki,nM,8600.0,CCCCCCCCCCCC(CC1OC(=O)C1CCCCCC)OC(=O)C(NC(C)=O)C(C)CC,1
WOZZHRHUEJYPSI-UHFFFAOYSA-N,EC50,nM,1.995,CCc1sc(-c2cn(CC3CCOCC3)c3c(Cl)cccc23)nc1CN(CC)CCO.Cl,1
WPEHFDALSJCGER-NRFANRHFSA-N,Ki,nM,478.0,COc1ccc(S(=O)(=O)c2cc(OC)ccc2S(=O)(=O)c2ccc(C(C)NC(=O)Cc3ccccc3)cc2)cc1,1
WPKJEYWYQDLZOQ-NRUSHDPLSA-N,EC50,nM,25000.0,O=C(NC1(c2ccccn2)CCC1)C1=NN(c2c[n+]([O-])ccn2)C2C1CC1CC12,1
WPOQPPHPEASCBW-UHFFFAOYSA-N,Ke,nM,1964.0,CCCNC(=O)N1CCC(Nc2ncnc3c2nc(-c2ccccc2Cl)n3-c2ccc(Cl)cc2)CC1,1
WPRAKPWZKPAUDQ-PVWVTXCKSA-N,IC50,nM,41.8,CC(NS(=O)(=O)C=Cc1ccccc1)C(Cc1ccc(Cl)cc1)c1cccc(C#N)c1,1
WPWIYVXRDZNMPU-UHFFFAOYSA-N,EC50,nM,40.0,O=C(NCC1CCC1)c1ncccc1NC(=O)c1ccc(Cn2ccnc2)c2ccccc12,1
WPWVKRXNRXHFQK-UHFFFAOYSA-N,EC50,nM,16000.0,COc1ccc(S(=O)(=O)N2CCOCC2)cc1NC(=O)c1ccc(OC(F)F)cc1,1
WQBUINHMZYLQHL-UHFFFAOYSA-N,Activity,%,81.2,O=C1C(c2ccccc2)N(c2cccc(I)c2)C(=S)N1c1cccc(I)c1,1
WQBVLJVAODRZPH-UHFFFAOYSA-N,Ki,nM,130.0,CCCCCc1cc(O)cc(OCCCCCCCC(=O)NCCO)c1,1
WQCVKQKJPUHDNW-UHFFFAOYSA-N,Ki,nM,9.0,Cc1nc(C(F)(F)F)ccc1Cn1c(=O)c(-c2ccncc2)c(-c2ccc(Cl)cc2)c2nn(C)c(=O)n21,1
WQDDSZLDQAHIIF-QRWMCTBCSA-N,Ki,nM,255.0,C=C(C)C1CCC(C)=CC1c1c(O)cc(C2(C#N)CCCC2)cc1O,1
WQEXKULWDFFZMT-UHFFFAOYSA-N,IC50,nM,2790.0,O=C(Nc1ccccc1)c1cnc(-c2ccccc2)c(-c2ccccc2)n1,1
WQJAQDPNEGQJOV-UHFFFAOYSA-N,IC50,nM,5.7,N#Cc1cc(-c2ccc(Cl)cc2)c(-c2ccc(Cl)cc2Cl)nc1-n1nnc2ccccc21,1
WQKRVODUOZJARR-UHFFFAOYSA-N,Ki,nM,320.0,CCCS(=O)(=O)n1c2c(c3cc(C(=O)N4CCC(C)CC4)ccc31)CN(C1CCOC1)CC2,1
WQLADPPAYVUSAB-VSUSBFIXSA-N,Ki,nM,4400.0,CC(C)=CC1CC2(C)C(CCC3(C)C2CCC2Cc4c([nH]c5ccccc45)C23C)O1,1
WQNAMSABBJVDIJ-UHFFFAOYSA-N,Ki,nM,1278.0,CCCCCn1cc(C(=O)NC2CCCCC2)c(=O)n2nc(C)cc12,1
WQTKIRMKFMOXDA-FQEVSTJZSA-N,Ki,nM,855.0,COc1ccc(S(=O)(=O)c2cc(OC)ccc2S(=O)(=O)c2ccc(C(C)NS(=O)(=O)c3ccccc3)cc2)cc1,1
WQUUZWCPEXVKMQ-UHFFFAOYSA-N,EC50,nM,5000.0,CC(C)(C(=O)NCc1ccccc1)S(=O)(=O)c1ccc(Cl)cc1,1
WQUXRUMJZRILOM-UHFFFAOYSA-N,IC50,nM,853.6,CCCN1C(c2nn(-c3ccc(Cl)cc3Cl)c(-c3ccc(Cl)cc3)c2C)=NC(=O)C1(C)C,1
WQZWDSCZSADIMA-UHFFFAOYSA-N,Activity,%,25.0,O=C(CCCCCCCCCCOc1cc(O)cc(O)c1)NC1CC1,1
WRBAYSPOHKRSDZ-UHFFFAOYSA-N,Ki,nM,14.0,CCCCCn1c(C)c(C(=O)c2ccc(I)c3ccccc23)c2ccccc21,1
WRBBLEPHMMMJSB-UHFFFAOYSA-N,Activity,%,100.1,O=C1C(c2ccccc2)N(c2ccc(Br)cc2)C(=S)N1c1ccc(Br)cc1,1
WRBFPGYDKJBYBI-SJORKVTESA-N,IC50,nM,30000.0,CN(C)C(=O)C1CC1c1ccc(-c2ncn(C)c2Sc2ccc(Cl)cn2)cc1,1
WRECWDSLEWLXRQ-UHFFFAOYSA-N,Ki,nM,5000.0,CCCCCn1cc(C(=O)NC23CC4CC(CC(C4)C2)C3)c(=O)c2cc(-c3cccs3)ccc21,1
WREHREIPYKSRLY-UHFFFAOYSA-N,Ki,nM,1.0,CCCCCCC(C)(C)c1cc(O)c2c(c1)OC(C)(C)c1ccc(C)cc1-2,1
WREOHEGCYKJUFI-GAJHUEQPSA-N,IC50,nM,9.7,CC(NS(=O)(=O)c1ccccc1)C(Cc1ccc(Cl)cc1)c1cccc(C#N)c1,1
WRGZEUBDIMMNBV-UHFFFAOYSA-N,EC50,nM,1581.14,O=C(NCC1CCCCC1)c1cnc(Nc2cccc(Cl)c2)cc1C(F)(F)F,1
WRKVYSBKZOSYFV-UHFFFAOYSA-N,Ki,nM,5000.0,COC(=O)Cn1nnc(Cc2ccc(-c3ccccc3)cc2)n1,1
WRPLLIGFYQLTCL-UHFFFAOYSA-N,Ki,nM,93.66,CC(C)(c1ccccc1)c1cc(O)c(-c2cc(Cl)cc(Cl)c2)c(O)c1,1
WRVDTUZCQYPYQW-UHFFFAOYSA-N,Ke,nM,199.0,O=C(NC1CCCCC1)NC1(c2ccccc2)CCN(c2ncnc3c2nc(-c2ccccc2Cl)n3-c2ccc(Cl)cc2)CC1,1
WRVDXWUBFJGSAN-UHFFFAOYSA-N,Kb,nM,469.9,CCCCCc1c(C(=O)NCCc2ccc(N3CCCCC3)cc2)[nH]c2ccc(Cl)cc12,1
WRVNPBBTMQTXBC-UHFFFAOYSA-N,EC50,nM,16000.0,CCCCC1(Cc2cccc([N+](=O)[O-])c2)C(=O)N(c2ccccc2)N(c2ccccc2)C1=O,1
WRVZBXHTUOPQJS-UHFFFAOYSA-N,Ki,nM,110.0,CCOc1ccc(Cc2nc3cc(C(=O)N(CC)CC)ccc3n2CC2CCCCC2)cc1,1
WRYHYMZLAAULED-UHFFFAOYSA-N,EC50,nM,9.8,CC(C)CN1CCc2c(nn(-c3ccccc3Cl)c2-c2ccc(Cl)cc2)C1=O,1
WSDCRTUTUJAMKG-UHFFFAOYSA-N,Ki,nM,450.0,CCCC1COc2ccc(C)c3c(=O)c(C(=O)NC45CC6CC(CC(C6)C4)C5)cn1c23,1
WSEFKZYKIGSRKK-UHFFFAOYSA-N,Inhibition,%,15.7,CCCCCCCCCCCCCCCC(=O)NC(C)(C)CO,1
WSLLFUZFPYVTFT-UHFFFAOYSA-N,EC50,nM,8500.0,O=C(NCC1(CO)CCCCC1)c1nc2c(-c3ccccc3)cccc2n1CC(F)(F)F,1
WSMRFHOWYRGFDM-UHFFFAOYSA-N,EC50,nM,16000.0,N=c1c(C(=O)NC2CCCC2)cc2c(=O)n3ccccc3nc2n1C1CCCC1,1
WSNYCJWIVUTQGA-UHFFFAOYSA-N,Ki,nM,1230.0,C=CCc1ccc(OCC)c(-c2ccc(O)c(CC=C)c2)c1,1
WSOHKASMFUAWFD-UHFFFAOYSA-N,Ki,nM,540.0,Cc1cc(NC(=O)C2CCCCC2C)cc(CN2CCOCC2)c1C,1
WSOQRILWMPFFKN-ITGJCUMNSA-N,Ki,nM,660.69,C=C(C)C1CCC(C)=CC1c1c(O)cc(C2(CCCCCC)CC2(Cl)Cl)cc1O,1
WSPRMCVRMOJSNL-UHFFFAOYSA-N,Kb,nM,2408.0,O=C(NCCc1ccc(N2CCCCC2)cc1)c1[nH]c2ccc(Cl)cc2c1CC1CCCCC1,1
WSRONXQDDJEMCU-UHFFFAOYSA-N,Ki,nM,658.0,CC1CCN(C(=O)c2ccc3c(c2)c2c(n3Cc3ccccc3)CN(C3CCCC3)C2)CC1,1
WTDHZFXKKYQDIZ-UHFFFAOYSA-N,Kd,nM,3.162,Cc1c(C(=O)NCCCCCCCCCCCNCCCCCCCCCCCN)nn(-c2ccc(Cl)cc2Cl)c1-c1ccc(Cl)cc1,1
WTHIERBILZGNPA-UHFFFAOYSA-N,EC50,nM,812.0,O=C(Nc1sc2c(c1C(=O)NCC1CC1)CCOC2)c1c(F)cccc1C(F)(F)F,1
WTKXOYGQRKUJPT-UHFFFAOYSA-N,Ki,nM,1.9,Cc1nc(C(F)(F)F)ccc1Cn1c(=O)c(-c2ccc(C#N)cc2)c(-c2ccc(Cl)cc2)c2nn(C(C)C)c(=O)n21,1
WTMCNNASCCFCNT-UHFFFAOYSA-N,IC50,nM,100.0,CC(C)(C)c1nc2nc(-c3ccccc3Cl)c(-c3cnccc3C#N)cc2c2n[nH]c(=O)n12,1
WTNGNGPNUACNSV-PPHZAIPVSA-N,Ki,nM,2.3,O=S(=O)(NCC1CCC(c2ccc(Cl)cc2Cl)N(c2ccc(Cl)cc2)C1)c1cccc2ccccc12,1
WTOBUMBRLRSCSK-FQEVSTJZSA-N,Kd,nM,99.765,CN=C(NS(=O)(=O)N1CCC(F)(F)CC1)C1=NN(c2ccc(Cl)cc2)C(c2ccccc2)C1,1
WTPYCCSLBGPSOQ-BVWPGQGPSA-N,Ki,nM,9000.0,Cc1ccc(C(=O)NC2C3(C)CCC(C3)C2(C)C)cc1N1CCOCC1,1
WTURDTWLBBLDSA-UHFFFAOYSA-N,IC50,nM,340.0,O=C(c1ccc(-c2ccc(Cl)cc2)c(-c2ccc(Cl)cc2Cl)n1)N1CCCCC1,1
WUGVPGYVQXCPMU-ROUUACIJSA-N,Ki,nM,19.0,O=C(NC1CCCCC1O)c1nc(-c2ccccc2Cl)n(-c2ccc(Cl)cc2)c1Br,1
WUKAECDVNMFOSF-UHFFFAOYSA-N,IC50,nM,35.0,CC(=O)Nc1c(C#N)c(=O)n(C)c2nc(-c3ccc(Cl)cc3Cl)c(-c3ccc(Cl)cc3)cc12,1
WUMPZIJNRFMPNN-UHFFFAOYSA-N,Ki,nM,25.2,Cc1c(C(=O)NCc2ccc(Cl)c(Cl)c2)nn(-c2ccc(Cl)cc2Cl)c1-n1cccc1Cl,1
WURIOZZNHAKSDX-UHFFFAOYSA-N,Ki,nM,15.3,CCCCCC1=NN(C(=O)NCC2CCCCC2)CC1c1ccccc1,1
WVBRMLHZEWHOPM-UHFFFAOYSA-N,EC50,nM,81.0,Cc1c(C2=NC(=O)C(C)(C)N2C)nn(-c2ccc(Cl)cc2Cl)c1-c1ccc(C(F)(F)F)cc1,1
WVDJTKNTFJTWOV-UHFFFAOYSA-N,IC50,nM,8.0,CC(C)(C)c1nc2nc(-c3ccccc3Cl)c(-c3ccc(Cl)cc3)cc2c2nncn12,1
WVHIAQROMOAWTP-UHFFFAOYSA-N,Ki,nM,91.0,CC1(C)C(C(=O)c2cn(CCC3CCOCC3)c3ccccc23)C1(C)C,1
WVICZDPAZBDYEW-UHFFFAOYSA-N,Inhibition,%,23.0,CCCCCn1cc(C(=O)NC2CCCCC2)c(=O)c2c(-c3ccccc3)nn(C)c21,1
WVIZNXOUOCIGAS-UHFFFAOYSA-N,Ki,nM,161.0,CCCn1cc(C(=O)c2ccc(Br)c3ccccc23)c2ccccc21,1
WVNBOVPUAYEKIK-KTKRTIGZSA-N,Ki,nM,5000.0,CCCCCCCCC=CCCCCCCCC(=O)ONCCO,1
WVXDJOGNHLCWST-UHFFFAOYSA-N,Activity,%,15.0,CCc1c(C(=O)NCCc2ccc(N(C)C)cc2)[nH]c2ccc(Cl)cc12,1
WWELUXQZNVVTBE-UHFFFAOYSA-N,Activity,%,26.3,CCCCCOc1c(OC)ccc2cc(C(=O)NCCc3ccc(F)cc3)c(=O)[nH]c12,1
WWFVJABFOVSPCE-UHFFFAOYSA-N,IC50,nM,11.0,N#Cc1cc(-c2ccc(Cl)cc2)c(-c2ccc(Cl)cc2Cl)nc1OC1CCOC1,1
WWJKJCDOYFKZBJ-UHFFFAOYSA-N,EC50,nM,16000.0,Cc1ccc(C2(C(=O)N3CCC(n4nc(-c5ccccc5)oc4=O)CC3)CC2)cc1,1
WWKJQFRXXDDEDF-UHFFFAOYSA-N,IC50,nM,5.129,CC(O)C1(CNC(=O)c2cc3cc(C#N)ccc3n2Cc2cccc(OC(F)(F)F)c2)CCCC1,1
WWNHXMXRVKJABH-UHFFFAOYSA-N,Ke,nM,1148.0,CCNC(=O)N1CCC(Nc2ncnc3c2nc(-c2ccccc2Cl)n3-c2ccc(Cl)cc2)CC1,1
WWOBVHVQVQPECK-UHFFFAOYSA-N,Ki,nM,7.9,COc1ccc(-c2c(C)c3c(n2-c2ccc(Cl)cc2Cl)CCN(C2CCCCC2)C3=O)cc1,1
WWSUIFXWPFYEPJ-UHFFFAOYSA-N,EC50,nM,12.2,O=C(Cn1nc(-c2ccc(Cl)cc2Cl)c(-c2ccc(Cl)cc2Cl)n1)NCc1ccccc1Cl,1
WWVFDPMLRYCXRA-UHFFFAOYSA-N,Ki,nM,8430.0,Cc1ccc(-c2ncc(C(=O)NCCO)nc2-c2ccc(C)cc2)cc1,1
WXBVFZVJSITTKR-UHFFFAOYSA-N,IC50,nM,16000.0,CN(C)S(=O)(=O)c1ccc(N2CCCC2)c(C(=O)N2CCN(c3ccc([N+](=O)[O-])cc3)CC2)c1,1
WXNGKWCJSFHFSC-UHFFFAOYSA-N,Ki,nM,5000.0,COC(=O)c1ccc2c(c1)c(C(=O)C1C(C)(C)C1(C)C)cn2CC1CCOCC1,1
WXOXEAURQHAMPX-UHFFFAOYSA-N,IC50,nM,9.2,N#CCc1c(C(=O)N2CCC(c3ccc(F)cc3)C2)nn(-c2ccccc2Cl)c1-c1ccc(Cl)cc1,1
WXRCAYBWSXUGLS-UHFFFAOYSA-N,Ki,nM,1.7,CCCCCCC(C)(C)c1ccc(-c2ccccc2OC)c(O)c1,1
WXRLDKFKDMBCCE-UHFFFAOYSA-N,EC50,nM,5000.0,O=C(CCc1nc(-c2ccc(F)cc2Cl)no1)Nc1ccc(C(F)(F)F)cc1Cl,1
WYADDRJAVCBMLP-UHFFFAOYSA-N,IC50,nM,22.39,COc1ccc(OC(F)(F)F)cc1Cn1c(C(=O)NCC(C)(C)O)cc2cc(C#N)ccc21,1
WYEFRBILENQYOH-CZHHEZJISA-N,IC50,nM,3270.0,CCCCCc1cc(O)c(CC=C(C)CCC=C(C)CCC=C(C)C)c(O)c1,1
WYIWVXGKQYHCQT-HZFOSRTRSA-N,Ki,nM,4.7,CCCCn1cc(C(=O)NC2C3(C)CCC(C3)C2(C)C)c(=O)c2ccc(Sc3ccccc3)cc21,1
WYJKUPYMQJTADT-UHFFFAOYSA-N,IC50,nM,798.0,O=C(NCC1CCCCC1)N1CCN(C(c2ccc(Cl)cc2)c2ccccc2C(F)(F)F)CC1,1
WYLPBGSDNSBKPW-UHFFFAOYSA-N,IC50,nM,0.7,CC1(C)CC(NC(=O)C(C)(O)C(F)(F)F)c2cc(-c3ccc(Cl)cc3)c(-c3ccc(Cl)cc3Cl)nc2O1,1
WYOGKBISHJDQGY-UHFFFAOYSA-N,EC50,nM,260.0,CS(=O)(=O)Cc1ccc(C(=O)Nc2cccnc2C(=O)NCC2CCC2)c2ccccc12,1
WYOMIXMGAWOHJZ-UHFFFAOYSA-N,EC50,nM,10000.0,O=C(CCC1CCCC1)N1CCCN(C(=O)Nc2ccccc2)CC1,1
WYOQPSLZYOPQBI-UHFFFAOYSA-N,EC50,nM,2676.0,CC(C)(C)c1nc2cc(S(=O)(=O)CC3CC3)ccc2n1CC1CCS(=O)(=O)CC1,1
WYXWYRJQYHUVCP-RCQQVGEISA-N,Activity,%,5.0,CC(CO)NC(=O)CCC(=O)C=Cc1ccc2ccccc2c1,1
WYYDNWZOELTRCO-UHFFFAOYSA-N,Ki,nM,1500.0,CCCCCOc1ccccc1-c1cc(C(=O)NC2CCCCCCC2)no1,1
WYZZEBCEIWNKCQ-AQTBWJFISA-N,Inhibition,%,25.0,O=C1C(=Cc2cccc(OCc3ccccc3)c2)N=C2SCCCN12,1
WZOWMTHJLNUSKG-WOJBJXKFSA-N,Ki,nM,1.86,CC1=CCC2C(C1)c1c(O)cc(C3(C4CCCCC4)SCCS3)cc1OC2(C)C,1
WZXMPXLUSNRACT-UHFFFAOYSA-N,Activity,%,10.0,CCCCCn1cc(C(=O)NC23CC4CC(C)(CC(C)(C4)C2)C3)c(=O)c2cc(Cl)ccc21,1
XABIDAQFJJMTAS-UHFFFAOYSA-N,EC50,nM,500.0,Fc1ccc(-c2noc(CCCNc3nc4ccc(Cl)cc4s3)n2)c(Cl)c1,1
XAFIFBYCSPTLGK-UHFFFAOYSA-N,Inhibition,%,29.0,CCN1C(=O)CN(Cc2ccc(-c3ccc(F)c(CN4CCCCC4)n3)cc2)C1=O,1
XAFYBNATTVKYIO-UHFFFAOYSA-N,Kd,nM,758.58,Cc1c(C(=O)NCCCCCNCCCCCN)nn(-c2ccc(Cl)cc2Cl)c1-c1ccc(Cl)cc1,1
XAGIYBRMDHASIC-UHFFFAOYSA-N,Activity,%,70.8,O=C(c1cn(Cc2ccc(F)cc2)c2ccccc2c1=O)c1cccc2ccccc12,1
XBCRAXXZICHFOK-FQEVSTJZSA-N,EC50,nM,31.62,CCN1CCN(C(=O)c2cn3c4c(cccc24)OCC3C2CCCCC2)CC1,1
XBDUOBWGVBKAJS-UHFFFAOYSA-N,Inhibition,%,42.0,CCCCCc1cc(O)c2cc(Cc3cccc(C)c3)c(=O)oc2c1,1
XBGJISBWJWTPLH-UHFFFAOYSA-N,Ki,nM,4000.0,Nc1ccc2c(c1)c(OCc1ccccc1)nn2Cc1ccccc1,1
XBIFKMDRQRXHQC-UHFFFAOYSA-N,Activity,%,23.8,CCCCCn1cc(C(=O)NC23CC4CC(C)(CC(C)(C4)C2)C3)c(=O)c2cccc(Cl)c21,1
XBLZZHYXIAAHDK-UHFFFAOYSA-N,Activity,%,-20.4,CCCCCn1c2ccccc2c2cc(C(=O)CN3CCCCC3)ccc21,1
XBOQELXARBRXEY-UHFFFAOYSA-N,Ki,nM,5000.0,C=CCn1cc(C(=O)NC23CC4CC(CC(C4)C2)C3)c(=O)c2c(OC)ccc(OC)c21,1
XBSFIYBSGSTUOR-UHFFFAOYSA-N,Ki,nM,310.0,CCCCCCc1c(O)cccc1OCCCCCCCC(=O)NC1CC1,1
XBSYNVHREULTTR-UHFFFAOYSA-N,Activity,%,13.0,CCCCCn1cc(C(=O)NC23CC4CC(CC(C4)C2)C3)c(=O)n2nc(-c3cc(C)cs3)cc12,1
XBZIGRIVQPZHKB-UHFFFAOYSA-N,Inhibition,%,0.0,CCCCCCC(C)(C)c1cc(O)c2cc(Cc3ccccc3O)c(=O)oc2c1,1
XCAAVBMCEMDRAB-UHFFFAOYSA-N,Ke,nM,0.89,O=C(NC1CCN(c2ncnc3c2nc(-c2ccccc2Cl)n3-c2ccc(Cl)cc2)CC1)C1CCCC1,1
XCBYGYHHTWZKKL-UHFFFAOYSA-N,Ki,nM,1733.685,CC1(C)C(C(=O)c2cn(CCN3CCOCC3)c3cccc(N)c23)C1(C)C,1
XCFWDLWOCXSJOK-ILRUXTBWSA-N,IC50,nM,3.0,CC(O)C(=O)NC1CC(C)(C)Oc2nc(-c3ccc(Cl)cc3Cl)c(-c3ccc(Cl)cc3)cc21,1
XCGNJCOSCDTVPS-UHFFFAOYSA-N,Ki,nM,37.5,Cc1c(C(=O)NCCC(C)(C)C)nn(-c2ccc(Cl)cc2Cl)c1-n1c(C)ccc1C,1
XCIYWIWWNJEYHZ-OKILXGFUSA-N,EC50,nM,15811.4,CC1CCC(C)N1c1ccc(-c2cccc3ncccc23)nn1,1
XCSLRYGWAPFQHW-UHFFFAOYSA-N,EC50,nM,1581.14,O=C(NCC1CCOCC1)c1cnc(Nc2cccc(Cl)c2)cc1C(F)(F)F,1
XCSQASXDTQFUHI-WOJBJXKFSA-N,Ki,nM,11.7,CCCCCCC(C)(C)c1cc(N)c2c(c1)OC(C)(C)C1CCC(C)=CC21,1
XCUBCBQJYZWYPN-VQTJNVASSA-N,IC50,nM,0.5,COc1cc(C(F)(F)F)cc(S(=O)(=O)N2CCN(C(=O)C3CC3c3ccc(C(F)(F)F)cc3)CC2)c1,1
XCUFQBJXWVZXBE-UHFFFAOYSA-N,Ki,nM,251.19,COCCn1cc(C(=O)c2cccc(-c3ccccc3)c2)c2ccccc21,1
XCUGJBBEKXFPSM-UHFFFAOYSA-N,Ke,uM,0.113,Cc1c(C(=O)NCC2CCC(CNS(C)(=O)=O)CC2)nn(-c2ccc(Cl)cc2Cl)c1-c1ccc(Cl)cc1,1
XCWLLVVZCVZVHA-UHFFFAOYSA-N,Ki,nM,500.0,CC1(C)C(C(=O)c2cn(CC3CCOCC3)c3ccc(N)cc23)C1(C)C,1
XCYAXEAHVHAWGY-UHFFFAOYSA-N,Ki,nM,234.0,O=C(NC1CCCCCC1)c1c(O)c2cccnc2n(CCN2CCOCC2)c1=O,1
XDASGFYZLKMNIT-UHFFFAOYSA-N,Ki,nM,178.0,Cc1ccc(-c2ncc(C(=O)NCC3CC3)nc2-c2ccc(C)cc2)cc1,1
XDAVPJKKUQBJRX-UHFFFAOYSA-N,IC50,nM,220.0,O=C(NCC1CCC1)c1ncccc1NC(=O)c1cccc2cnccc12,1
XDDBYWHHMMLVGR-ZJZGAYNASA-N,Ki,nM,3100.0,CCCCCCCCCCCC(CC1OC(=O)C1CCCCCC)OC(=O)C(C)NC=O,1
XDMSCVOHCXBLDO-UHFFFAOYSA-N,Ke,nM,3000.0,COc1ccc(CC2c3cc(OC)c(OC)cc3CCN2C(C(=O)NCCCCCCCN(C)CCCCCCCNC(=O)c2nn(-c3ccc(Cl)cc3Cl)c(-c3ccc(Cl)cc3)c2C)c2ccccc2)cc1OC,1
XDPPUMRTRIEFJR-UHFFFAOYSA-N,EC50,nM,235.2,O=C(Cn1nc(-c2ccc(Cl)cc2)c(-c2ccc(Cl)cc2Cl)n1)NCc1ccc(F)cc1,1
XDQKZKVOUNRTNF-UHFFFAOYSA-N,Inhibition,%,34.0,C=CCn1cc(C(=O)NC2CCCCC2)c(=O)c2c(C)nn(C)c21,1
XDTLWHQQSHPGBF-UHFFFAOYSA-N,Inhibition,%,46.0,Cc1ccc(-c2ncc(C(=O)NC3CCNC3=O)nc2-c2ccc(C)cc2)cc1,1
XDYGWSPHHHOZMW-UHFFFAOYSA-N,Inhibition,%,30.0,Cc1ccc(Cc2cc3c(O)cc(C)cc3oc2=O)cc1,1
XDYOZBCWFOVCNN-UHFFFAOYSA-N,Ki,nM,29.0,Cn1nc2c(-c3ccc(Cl)cc3)c(-c3ccncc3)c(=O)n(Cc3ccc(C#N)cc3)n2c1=O,1
XELUVDAHPJBHOS-UHFFFAOYSA-N,Ki,nM,0.23,O=C(NC1CCCOc2c1nn(-c1ccccc1Cl)c2-c1ccc(Cl)cc1)c1ccno1,1
XENACOZTWJREAQ-UHFFFAOYSA-N,Ki,nM,490.0,CCCCCn1cc(C(=O)NOC)c(=O)c2ccc(Sc3ccccc3)cc21,1
XENQYGFRJPYFJH-UHFFFAOYSA-N,Ki,nM,10000.0,CCCCCCCCCC(=O)NC(NC(=O)CCCCCCCCC)c1ccc(N(CC)CC)cc1,1
XETLDNBDDCFPRP-UHFFFAOYSA-N,EC50,nM,10000.0,CC(C)(C)c1cc(NC(=O)N2CCCN(C(=O)C3CCCOC3)CC2)no1,1
XFALQENMQSCPAC-UHFFFAOYSA-N,EC50,nM,79.43,CCc1cccc2c(-c3nc(CN4CCCC4)cs3)cn(CC3CCOCC3)c12.Cl,1
XFBPKXFFLCMPSH-CQSZACIVSA-N,Ki,nM,2.4,COc1cc(C(=O)NC2(C(=O)NC(C)c3ccc(-n4nc(C#N)c5ccccc54)cc3F)CC2)on1,1
XFHQUBLMPHMGJZ-UHFFFAOYSA-N,IC50,nM,5.129,Cc1ccc(C(F)(F)F)cc1Cn1c(C(=O)NCCC(C)(C)O)cc2cc(C#N)ccc21,1
XFHZHCKWTBGPFD-UHFFFAOYSA-N,Ki,nM,5.2,CCCCCc1cc(O)cc(OCCCCCCCCCCC(=O)NC2CC2)c1,1
XFIKTRAACXFYRM-UHFFFAOYSA-N,EC50,nM,500.0,CCn1c2ccccc2c2cc(NC(=O)CCc3nc(-c4ccncc4C#N)no3)ccc21,1
XFJREZUFRMFGKX-UHFFFAOYSA-N,IC50,nM,46.0,CC1(C)CC(NC(=O)CO)c2cc(-c3ccc(Cl)cc3)c(-c3ccccc3Cl)nc2O1,1
XFJSCCHOOFTQRX-GHTZIAJQSA-N,EC50,nM,2500.0,O=C(NC(CO)c1ccccc1)c1n[nH]c2c1CCCCC2Cc1cccc(Cl)c1,1
XFKOWTJQIZCEEL-UHFFFAOYSA-N,Inhibition,%,15.0,CCCCCCCCCCCCCCCC(=O)NCCCO,1
XFSVDKVGSJGSCU-UHFFFAOYSA-N,IC50,nM,12.0,CC(C)N1CCN(c2nc(-c3ccccc3Cl)c(-c3ccc(Cl)cc3)cc2C#N)C(=O)C1=O,1
XFUOQEGADDBBMN-UHFFFAOYSA-N,EC50,nM,25.12,CCCCCC1=NN(C(=O)NC2C3CC4CC(C3)CC2C4)CC1c1ccccc1,1
XFUZEHDTQWLVQK-UHFFFAOYSA-N,EC50,nM,5000.0,CN1CCN(C(=O)C23CC4CC(CC(C4)C2)C3)c2ccccc21,1
XGCMCUGMWBSZNX-UHFFFAOYSA-N,Ki,nM,110.0,CCCCCn1cc(C(=O)c2ccc3ccccc3c2)c2ccc(S(C)(=O)=O)cc21,1
XGGFXHIFQBLIJS-CQSZACIVSA-N,Ki,nM,16.5,CC(NC(=O)C1(NC(=O)c2cnccn2)CC1)c1ccc(-n2nc(Cl)c3ccccc32)cc1F,1
XGRHHQMNFRUOEQ-UHFFFAOYSA-N,Ki,nM,5000.0,COC(=O)c1cc(O)c(-c2cc(C)cc(C)c2)c(O)c1,1
XGSMKAMHMWHCFH-UHFFFAOYSA-N,Ki,nM,1400.0,c1ccc2cc(COc3nn(CCN4CCCCC4)c4ccccc34)ccc2c1,1
XGSSKHPISKJQLS-UHFFFAOYSA-N,Ki,nM,5000.0,Cc1cc(C)cc(-c2c(O)cc(C(=O)O)cc2O)c1,1
XGVHKKOLBJMLLQ-UHFFFAOYSA-N,Activity,%,1.0,CC(=O)Nc1ccc2[nH]ncc2c1,1
XGVMJRRAQJNWAN-UHFFFAOYSA-N,Inhibition,%,27.0,CCCCCCC(C)(C)c1cc(OC)c2cc(Cc3ccccc3)c(=O)oc2c1,1
XHHZLTVIJPHZOG-UHFFFAOYSA-N,Activity,%,33.6,CCCCn1cc(C(=O)NCc2ccccc2)c(=O)c2ccccc21,1
XHOOXTMFAABYSL-UHFFFAOYSA-N,EC50,nM,1560.0,CC(CCc1nc(-c2ccc(F)cc2Cl)no1)Nc1cnc2ccccc2c1,1
XHUGETFAQBCPHR-UHFFFAOYSA-N,Kd,nM,3.162,CS(=O)(=O)c1c(C(=O)NN2CCCCC2)nc(-c2ccc(Cl)cc2Cl)n1-c1ccc(Cl)cc1,1
XHWQRPUTOGKPEE-UHFFFAOYSA-N,EC50,nM,15811.4,Clc1cccc(-c2ccc(N3CCCC3)nn2)c1Cl,1
XHWXDADDJIFVDV-UHFFFAOYSA-N,Ki,nM,640.0,CCCCCn1cc(C(=O)NC23CC4CC(CC(C4)C2)C3)c(=O)c2cc(Sc3ccccc3)ccc21,1
XHZPDJWLDJSJEG-ZDLGFXPLSA-N,Intrinsic activity,%,-51.0,O=C1C(=Cc2cccc(OCc3ccc(Cl)cc3Cl)c2)N=C2SCCCN12,1
XIDMLUXASTZZJT-UHFFFAOYSA-N,EC50,nM,15800.0,Cc1c[nH]c2c(Nc3ccccc3Cl)ncc(C(=O)N3CCOCC3)c12,1
XIFPDGUTQDJQGY-UHFFFAOYSA-N,Ki,nM,2500.0,Cc1cnc(NC(=O)C2(C)CCCCC2C)cc1CN1CCOCC1,1
XIGDSDXHJVSFBZ-UHFFFAOYSA-N,IC50,nM,766.0,O=C(NN1CCCCC1)c1cnc(-c2ccccc2)c(-c2ccccc2)n1,1
XIGHDEUVIJYUSC-UHFFFAOYSA-N,EC50,nM,5000.0,CC1CCN(Cc2cccc(-c3ncc(-c4cccc(Cl)c4Cl)[nH]3)c2)CC1,1
XINMHXWZKADMAK-UHFFFAOYSA-N,Ki,nM,49.0,CCCCCCC(C)(C)c1ccc(-c2cccc(C)c2C)c(O)c1,1
XIOGJRJKCCIQNF-UHFFFAOYSA-N,Ki,nM,986.0,CC1(C)C(C(=O)c2cn(CCN3CCOCC3)c3cc(OCc4ccccc4)ccc23)C1(C)C,1
XIOHVMVLOJUORA-UHFFFAOYSA-N,Inhibition,%,44.8,CCCCCCCCCCCCCCCC(=O)Nc1ccc(O)cc1,1
XIRHISFCEKCBJD-UHFFFAOYSA-N,Kd,nM,2.512,N#Cc1c(C(=O)NN2CCCCC2)nc(-c2ccc(Cl)cc2Cl)n1-c1ccc(Cl)cc1,1
XISMBMNCAOYBFD-UYAOXDASSA-N,Ki,nM,3500.0,O=C(NC1CCCCC1O)c1cc(-c2ccc(Cl)cc2)c(OCC2CC2)cn1,1
XIYPJXKEMLKFMD-HFZDXXHNSA-N,IC50,nM,0.7,Cc1ccc(OC(C)(C)C(=O)NC(C)C(Cc2ccc(OCCF)cc2)c2cccc(C#N)c2)nc1,1
XJBQRMOGMULGPP-PDGQHHTCSA-N,Inhibition,%,0.0,O=C1C(=Cc2cccc(OCc3ccc(Cl)cc3)c2)N=C2SCCCN12,1
XJBUKBVGKPTQFS-UHFFFAOYSA-N,IC50,nM,540.0,CCCCCCNC(=O)c1nc(-c2ccc(Cl)cc2)c(-c2ccc(Cl)cc2)n1C,1
XJFXPWICKZLUQA-UHFFFAOYSA-N,Ki,nM,31.62,CCCCCn1cc(C(=O)c2ccc(-c3ccccc3)cc2)c2ccccc21,1
XJGCZUXTCZYDGW-UHFFFAOYSA-N,EC50,nM,84.2,Cc1c(C(=O)NCCCNCCCNC(=O)c2nn(-c3ccc(Cl)cc3Cl)c(-c3ccc(Cl)cc3)c2C)nn(-c2ccc(Cl)cc2Cl)c1-c1ccc(Cl)cc1,1
XJMCBLAMFJBKFV-UHFFFAOYSA-N,Ki,nM,2500.0,CCCCn1c2c(cc(C(N)=O)c1=O)CCCCCC2,1
XJMQZFPGUYCTGW-UHFFFAOYSA-N,EC50,nM,60.0,C=CCn1c2c(c3cc(C(=O)N4CCC(C)CC4)ccc31)CN(C1CCCCC1)CC2,1
XJTZVQABWKWVIS-UHFFFAOYSA-N,Ki,nM,1500.0,Cc1cc(C2=NN(C(=O)NC3CCCCC3)CC2C2CCCC2)ccc1Cl,1
XJURALZPEJKKOV-CQSZACIVSA-N,Ki,nM,0.46,O=S(=O)(CCCC(F)(F)F)Oc1cccc(Oc2cccc3c2CC(CO)C3)c1,1
XJYCJEYAOBAVAG-UHFFFAOYSA-N,Ki,nM,1.6,CCc1nc(C(F)(F)F)ccc1Cn1c(=O)c(-c2ccc(C#N)cc2)c(-c2ccc(Cl)cc2)c2nn(CC)c(=O)n21,1
XKELDNSNSJFQKT-UHFFFAOYSA-N,IC50,nM,5000.0,CCCCCCc1ccc(OCCCCCCCCCCCC(=O)NCCO)cc1O,1
XKFBHGPWMSXLFC-UHFFFAOYSA-N,Inhibition,%,38.0,CCCCCn1cc(C(=O)NCc2ccccc2)c(=O)c2c(C)nn(C)c21,1
XKFBIUKAHKJONV-UHFFFAOYSA-N,Ki,nM,91.0,CCCCCCC(C)(C)c1ccc(-c2cccc(OC)c2)c(O)c1,1
XKFCYMQCUANXHY-UHFFFAOYSA-N,Activity,%,25.0,CCCCCCC(C)(C)c1cc(O)cc(OCCCCCCCCCCC(=O)NC2CC2)c1,1
XKHUPGMHSOHXQD-UHFFFAOYSA-N,EC50,nM,64.9,Cc1c(C(=O)NN2CCCCCC2)nn(-c2ccc(Cl)cc2Cl)c1-c1ccc(Br)s1,1
XKPYPFGENRUJRY-KNMWRUGTSA-N,Ki,nM,105.0,O=C(NC12CC3CC(CC(C3)C1)C2)c1cn2c3c(cccc3c1=O)OCC2Cc1ccccc1,1
XKQLZFUAJDEKLK-UHFFFAOYSA-N,Ki,nM,1.0,CCCCn1c2c(cc(C(=O)NC(C)(C)c3ccccc3)c1=O)CCCCCC2,1
XKSUFUUEUFNEJX-UHFFFAOYSA-N,EC50,nM,150.0,CC1CCN(C(=O)c2ccc3c(c2)c2c(n3S(=O)(=O)C(C)C)CCN(C3CCOCC3)C2)CC1,1
XKWHUGFGOHOFTE-UHFFFAOYSA-N,EC50,nM,722.0,CC1(C)CCCc2cc(N3CCC(c4nc(-c5ccc(F)cc5Cl)no4)CC3)cnc21,1
XKZHZNUJAKUQJN-UHFFFAOYSA-N,Ki,nM,5000.0,CC1(C)C(C(=O)c2cn(CC3CCOCC3)c3ccc(OCCCCO)cc23)C1(C)C,1
XLCPMQYEPILYFO-UHFFFAOYSA-N,IC50,nM,46.0,Cn1c(C(=O)NC2CCCCC2)nc(-c2ccc(Cl)cc2)c1-c1ccc(Cl)cc1Cl,1
XLCXHUYXHJSQJF-UHFFFAOYSA-N,Ki,nM,5000.0,CCCCCn1cc(C(=O)NC23CC4CC(CC(C4)C2)C3)c(=O)c2cc(-c3ccc(-c4ccccc4)cc3)ccc21,1
XLFVQINVOJCHIF-DNGBBIDQSA-N,IC50,nM,199.0,CCC1CC2CC3(C(=O)OC)c4[nH]c5ccc(OC)cc5c4C4CN(C2O4)C13,1
XLJIOOZLORFWPI-CISYCMJJSA-N,IC50,nM,20.0,CC(N=C(NS(=O)(=O)c1ccc(Cl)cc1)N1CC(c2ccccc2)C(c2ccc(Cl)cc2)=N1)C(N)=O,1
XLLSDLDDTCEZDH-UHFFFAOYSA-N,EC50,nM,10000.0,CC(C)(C)c1cc(NC(=O)N2CCCN(C(=O)NC3CCOCC3)CC2)no1,1
XLMRWNKVWJYCHU-KRWDZBQOSA-N,Ki,nM,1968.0,CCS(=O)(=O)NC(C)c1ccc(S(=O)(=O)c2ccc(OC)cc2S(=O)(=O)c2ccc(OC)cc2)cc1,1
XLOZYEAFPMDCKC-UHFFFAOYSA-N,EC50,nM,321.0,CC(C)(C)c1nc2cc(S(=O)(=O)c3nccs3)ccc2n1CC1CCN(C=O)CC1,1
XLSLDHILMMPKDR-UHFFFAOYSA-N,IC50,nM,2.2,COC(=O)c1ccccc1C1CCN(C(=O)c2nn(-c3ccccc3Cl)c(-c3ccc(Cl)cc3)c2CC#N)CC1,1
XLVXILUFDUMZFD-UHFFFAOYSA-N,Activity,%,91.0,Cc1ccc(C2c3cccn3-c3ccccc3N2C(=O)CN(C(=O)C2CCCC2)C2CC2)cc1,1
XLXFHIMMQKILJI-UHFFFAOYSA-N,Activity,%,25.0,CCCCCCC(C)(C)c1cc(O)cc(OCCCCCCCCCCC(=O)NCC2CC2)c1,1
XMANBWUPAXKMFT-UHFFFAOYSA-N,Ki,nM,1.97,CC(=O)NC1CCN(c2cnc(-c3ccc(C(F)(F)F)cc3)c(-c3ccncc3Cl)n2)CC1,1
XMFBNWUMFLMSQY-UHFFFAOYSA-N,Ki,nM,0.8,CCC(=O)NC1CCN(c2cnc(-c3ccc(C(F)(F)F)cc3)c(-c3ccncc3Cl)n2)CC1,1
XMHGCYFBOBAPIQ-UHFFFAOYSA-N,Kd,nM,11.0,CCCC#CCc1cc(O)c2c(c1)OC(C)(C)C1CC=C(C)CC21,1
XMHRIFZRYCUJAT-UHFFFAOYSA-N,IC50,nM,334.0,Cc1ccccc1C(c1ccc(Cl)cc1)N1CCN(C(=O)NC(C)(C)C)CC1,1
XMJJERMECHLDOH-UHFFFAOYSA-N,EC50,nM,12500.0,CN(C)CCn1c(CC(C)(C)C)nc2cc(S(=O)(=O)C3CN(C(N)=O)C3)ccc21,1
XMPBXUZPAWNGDE-UHFFFAOYSA-N,Ki,nM,2100.0,O=C(NC1CCOc2ccccc21)n1c(=O)n(CCN2CCOCC2)c2ccccc21,1
XMPSSDLCDXMMMJ-UHFFFAOYSA-N,Ki,nM,21.0,CC(C)n1cnc2c(-c3ccc(Cl)cc3)n(-c3ccccc3Cl)nc2c1=O,1
XMSSPOBHGWYFIL-YYDVJCTNSA-N,EC50,nM,5.01,COCCN1C(C)CN(C(=O)c2cn3c4c(cccc24)OCC3C2CCCCC2)CC1C,1
XMUYRWBIWMWOQG-UHFFFAOYSA-N,Inhibition,%,18.0,CCCCC1(c2cc(O)c3cc(Cc4ccccc4O)c(=O)oc3c2)CCCC1,1
XMXHEBAFVSFQEX-UHFFFAOYSA-N,Ki,nM,5000.0,COc1cc(C(C)=O)ccc1OCCCN1CCC(c2noc3cc(F)ccc23)CC1,1
XMYVZURGMHKJPB-VAWYXSNFSA-N,Ki,nM,5000.0,CCCCCCCCC=CC(=O)NCCc1ccc(OC)cc1OC,1
XMYWOFZJZKASQO-UHFFFAOYSA-N,IC50,nM,13.0,Cc1ccc(-c2ncc(C(=O)NC3CCCCC3)nc2-c2ccc(C)cc2)cc1,1
XMZSRGIUWAMNDJ-UHFFFAOYSA-N,Activity,%,10.0,O=C1NC(c2ccccc2)(c2ccccc2)C(=O)N1CCc1ccccc1,1
XNBXXJFGURNFNP-UHFFFAOYSA-N,Activity,%,5.0,O=C(NC12CC3CC(CC(C3)C1)C2)c1cn(CCN2CCOCC2)c2ccccc2c1=O,1
XNKAQWRTJJHSCD-UHFFFAOYSA-N,Activity,%,5.0,CCCCn1cc(C(=O)c2ccc(OC)cc2)c(=O)c2ccccc21,1
XNNGJUPVGNOYRC-UHFFFAOYSA-N,Activity,%,15.0,CCc1c(C(=O)NCCc2ccc(Cl)cc2)[nH]c2ccc(Cl)cc12,1
XNNYTAVOTLXAAJ-UHFFFAOYSA-N,IC50,nM,130.0,CC1(C)CC(O)c2cc(-c3ccc(Cl)cc3)c(-c3ccc(Cl)cc3Cl)nc2O1,1
XNOVHHIDYPOWLH-PLRJNAJWSA-N,Inhibition,%,63.0,CSC(=NS(=O)(=O)c1ccc(-n2nc(C(F)(F)F)cc2-c2cccs2)cc1)N1CCCC1,1
XNOXOWNYPQUCFU-UHFFFAOYSA-N,Ki,nM,1400.0,COc1cccc(CNC(=O)c2ccc(Br)c(S(=O)(=O)N3CCCCC3)c2)c1,1
XNSHNAOXDBHXAQ-UHFFFAOYSA-N,Ki,nM,5000.0,CCCn1cccc(C(=O)NC2CCC(C)CC2)c1=O,1
XNUFCPOOAGTBKM-IBGZPJMESA-N,Ke,nM,280.0,CCNC(=O)N1CCCC(NC(=O)c2nn(-c3ccc(Cl)cc3Cl)c(-c3ccc(Cl)cc3)c2C)C1,1
XNWFTRFDCMFMOB-UHFFFAOYSA-N,IC50,nM,46.0,CC(=O)c1c(NC(=O)CO)c2cc(-c3ccc(Cl)cc3)c(-c3ccc(Cl)cc3Cl)nc2n(C)c1=O,1
XNXCXJJVMFVWDO-DOFZRALJSA-N,Ki,nM,3500.0,CCCCCC=CCC=CCC=CCC=CCCCC(=O)ONCCO,1
XNYODZDTBBMWRV-GFCCVEGCSA-N,Ki,nM,2866.0,CC1COc2cccc3c(=O)c(C(=O)NC4CCCCC4)cn1c23,1
XNZCEUIXIZLUQA-UHFFFAOYSA-N,EC50,nM,16000.0,COCCCNC(=O)c1cc2c(=O)n3ccccc3nc2n(C2CCCC2)c1=N,1
XOGONVHELNXUGU-AWEZNQCLSA-N,Ki,nM,2.9,CC(NS(C)(=O)=O)c1ccc(S(=O)(=O)c2ccc(Cl)cc2S(=O)(=O)c2ccccn2)cc1,1
XOGVVEYHWCVGSM-UHFFFAOYSA-N,EC50,nM,1581.14,O=C(NCc1ccc(F)cc1)c1cnc(Nc2cccc(Br)c2)cc1C(F)(F)F,1
XOHNDYRNYQARPC-UHFFFAOYSA-N,Activity,%,68.7,CCCCCOc1c(OC)ccc2cc(C(=O)NCCc3ccc(OC)cc3)c(=O)[nH]c12,1
XOJTWWNRQDBUJQ-UHFFFAOYSA-N,Ke,nM,66.5,CCCNC(=O)N1CCC(NC(=O)c2nn(-c3ccc(Cl)cc3Cl)c(-c3ccc(Cl)cc3)c2C)CC1,1
XOLHQUYGSUGTQA-DFGZTGKASA-N,Ki,nM,7050.0,CC(C)=CCCC1(C)C(O)CCC2(C)C1CCC1Cc3c([nH]c4ccccc34)C12C,1
XOMQERYBMDFBAG-SFQUDFHCSA-N,IC50,nM,16000.0,COc1ccccc1C=CC(=O)NC(=S)Nc1ccc(S(=O)(=O)N(C)c2ccccc2)cc1,1
XOUPWLHDBOAHMT-UHFFFAOYSA-N,IC50,nM,6250.0,CC(C)C(NC(=O)c1nn(-c2ccccc2Cl)c(-c2ccc(Cl)cc2)c1CC#N)C(=O)O,1
XOZIBMDIBNQQDV-FLIBITNWSA-N,Inhibition,%,13.0,O=C1C(=Cc2ccccc2F)N=C2SCCCN12,1
XOZSROHJXDJOTN-NXSKXAQUSA-N,Ki,nM,570.0,CC(CO)NC(=O)CCCC=CCC=CCC=CCC=CCCOC(=O)c1cc(I)ccc1N=[N+]=[N-],1
XOZZETJMKGWXNS-CQSZACIVSA-N,Ki,nM,0.65,CC(NC(=O)C1(NC(=O)c2ccnnc2)CC1)c1ccc(-n2nc(Cl)c3ccccc32)cc1F,1
XPCYUTDSRGSELC-UHFFFAOYSA-N,Inhibition,%,0.0,CCCCCc1cc(O)c2cc(Cc3cccc(O)c3)c(=O)oc2c1,1
XPEAOXGBRVOUMK-GAJHUEQPSA-N,EC50,nM,3.2,CC(NC(=O)C(C)(C)Nc1ccc(C(F)(F)F)cn1)C(Cc1ccc(Cl)cc1)c1cccc(C#N)c1,1
XPHADQVQXKHSBO-HUUCEWRRSA-N,Ki,nM,14.0,CC1=CCC2C(C1)c1c(O)cc(C(C)(C)C)cc1OC2(C)C,1
XPJFBDPWHWLIOG-UHFFFAOYSA-N,Ki,nM,170.0,CCCCCCc1c(O)cccc1OCCCCCCCCCCCC(=O)NCCO,1
XPJGJCQEVSPUAG-UHFFFAOYSA-N,Activity,%,141.8,O=C(c1ccc2c(c1)c1ccccc1n2CC1CCOCC1)N1CCCCC1,1
XPQHYZCAVQZOCV-UHFFFAOYSA-N,Ki,nM,1100.0,Cc1ccc(NC(=O)c2ccccc2Cl)cc1S(=O)(=O)N1CCOCC1,1
XQBGHGICHOVVTE-UHFFFAOYSA-N,Ke,nM,15.9,NC1(c2ccccc2)CCN(c2ncnc3c2nc(-c2ccccc2Cl)n3-c2ccc(Cl)cc2)CC1,1
XQGJEFOMDMDKQT-UHFFFAOYSA-N,Ki,nM,193.5,CCC(C)(C)NC(=O)c1nn(-c2ccc(Cl)cc2Cl)c(-n2c(C)ccc2C)c1C,1
XQIUOZXRVSDJGB-UHFFFAOYSA-N,Ke,uM,0.384,Cc1ccc(NC(=O)c2nn(-c3ccc(Cl)cc3Cl)c(-c3ccc(Cl)cc3)c2C)cn1,1
XQLXNZCIFOPSBV-UHFFFAOYSA-N,EC50,nM,11.0,O=C(NCC1CCOCC1)c1nc(OS(=O)(=O)CCC(F)(F)F)ccc1NC(=O)c1ccc(Cn2ccnn2)c2ccccc12,1
XQOPWYVOLGNCPQ-OKILXGFUSA-N,EC50,nM,15811.4,CC1CCC(C)N1c1ccc(-c2cccc3cccnc23)nn1,1
XQPAWPWKIALBKU-BVZFJXPGSA-N,Ki,nM,44.0,O=S(=O)(C1CC1)N1CCN(CC2CCC(c3ccc(Cl)cc3Cl)N(c3ccc(Cl)cc3)C2)CC1,1
XQPOHFLWEFPJAR-UHFFFAOYSA-N,Kd,nM,6.31,CS(=O)c1c(C(=O)NN2CCCCC2)nc(-c2ccc(Cl)cc2Cl)n1-c1ccc(Cl)cc1,1
XQQYSNIMBGWIEC-UHFFFAOYSA-N,EC50,nM,8.0,N#Cc1cc(-c2ccc(Cl)cc2)c(-c2ccc(Cl)cc2Cl)nc1OCc1ccc(F)c(F)c1,1
XQRZVIKHJWAVPW-JOCHJYFZSA-N,IC50,nM,0.2,CC1(C)CC(NC(=O)c2cn[nH]c2)c2cc(-c3ccc(Cl)cc3)c(-c3ccc(Cl)cc3Cl)nc2O1,1
XQSBDSKMUJXCRO-UHFFFAOYSA-N,Ki,nM,46.0,CNC1CCCOc2c1nn(-c1ccccc1Cl)c2-c1ccc(Cl)cc1,1
XQSQSSKBPGOFTB-UHFFFAOYSA-N,IC50,nM,16000.0,CC(C)=CC(=O)Nc1ccc(OCc2ccccc2)cc1,1
XRAAIAQPAUFUOM-UHFFFAOYSA-N,IC50,nM,50.0,NC(=O)CN=C(NS(=O)(=O)c1ccc(O)cc1)N1CC(c2ccccc2)C(c2ccc(Cl)cc2)=N1,1
XRCNHDKTUWVWGJ-UHFFFAOYSA-N,Ki,nM,28.0,CC1(C)C(C(=O)c2cn(CC3CCOCC3)c3cc4c(cc23)OCO4)C1(C)C,1
XRDHVWZYNOSNQZ-UHFFFAOYSA-N,Ki,nM,3870.0,CCCCCCn1cc(C(=O)NC2CCCCC2)c(=O)c2c(C)nn(C)c21,1
XRDIITMVNDBOHN-UHFFFAOYSA-N,Ki,nM,324.0,CCCCCCC(C)(C)C1=CC(=O)C2=C(OC(C)(C)c3cn[nH]c32)C1=O,1
XRGMWXYHDFRREL-UHFFFAOYSA-N,Ki,nM,5000.0,COc1ccc(-c2c(C#N)c(C(=O)NC3(C#N)CCOCC3)nn2-c2ccccc2I)cc1,1
XRHHHGBXPRQTFC-UHFFFAOYSA-N,Ki,nM,1300.0,CC(C)(C)CNC(=O)c1ccc(Br)c(S(=O)(=O)N2CCCCC2)c1,1
XRKWHUJWNHCGIL-DNQXCXABSA-N,Ki,nM,10000.0,CCCCCCC(C)(C)c1cc2c(c(OP(=O)(OCC)OCC)c1)C1CC(C)=CCC1C(C)(C)O2,1
XRNVQLCWOMNTOJ-UHFFFAOYSA-N,IC50,nM,8500.0,O=C(NCC1(CO)CCCC1)c1nc(N2CCOCC2)n2ccccc12,1
XRRLMBGHPWORJQ-UHFFFAOYSA-N,Ki,nM,41.0,Cc1c(C(=O)NC(C)C(C)C)nn(-c2ccc(Cl)cc2Cl)c1-c1ccc(Cl)cc1,1
XRVDIPMLMCUKKO-QHCPKHFHSA-N,Ki,nM,530.0,OCCCCCCCCCCCCCCCNC(CO)Cc1ccc(O)cc1,1
XSCJJQLOBRASRL-UHFFFAOYSA-N,Kd,nM,2.512,CCN(CC)S(=O)(=O)NC(=NC)N1CC(c2ccccc2)C(c2ccc(Cl)cc2)=N1,1
XSDISIAXSICJFF-UHFFFAOYSA-N,Ki,nM,2380.0,CC1CCN(C(=O)c2ccc3c(c2)c2c(n3C(=O)N(C)C)CCN(C3CCOCC3)C2)CC1,1
XSKFVPLIBOJZFT-UHFFFAOYSA-N,Ki,nM,920.0,Cc1c2c(n(-c3ccc(Cl)cc3Cl)c1-c1ccc(N)cc1)CCN(C1CCCCC1)C2=O,1
XSQCJDUSTSBDCT-UHFFFAOYSA-N,Ki,nM,10000.0,CCN(CC)c1ccc(C(NC(=O)C(C)C)NC(=O)C(C)C)cc1,1
XSWWJHJDEBCLHT-SJLPKXTDSA-N,Ki,nM,1500.0,CCCCCc1cc2c(c(C(N)=O)c1)C1C=C(C)CCC1C(C)(C)O2,1
XTCGEWLVNDEZQH-UHFFFAOYSA-N,Ki,nM,1660.0,CCCCCn1cc(CC(=O)NC23CC4CC(CC(C4)C2)C3)c2cc(-c3ccco3)ccc21,1
XTESHPWNXCEONX-UHFFFAOYSA-N,EC50,nM,1.2,O=C(c1cc2c(cc1F)OC(c1ccccc1)(c1ccccc1)O2)N1CCCCC1,1
XTGHTODIMMNNHA-FQEVSTJZSA-N,Ke,nM,842.0,Cc1c(C(=O)NC2CCCN(C(=O)OC(C)(C)C)C2)nn(-c2ccc(Cl)cc2Cl)c1-c1ccc(Cl)cc1,1
XTLDZHVEQHHQBL-UHFFFAOYSA-N,EC50,nM,122.0,O=C(Cn1nc(-c2ccc(Cl)cc2Cl)c(-c2ccc(Cl)cc2Cl)n1)N1CCCCC1,1
XTQROWNAYLNUNH-UHFFFAOYSA-N,Ke,nM,150.0,Cc1c(C(=O)NCC2CCC(CNC(=O)NC(C)(C)C)CC2)nn(-c2ccc(Cl)cc2Cl)c1-c1ccc(Cl)cc1,1
XTRAKSRSUMWOJX-UHFFFAOYSA-N,EC50,nM,1650.0,Cc1ccccc1-c1nnc(NC(=O)C(C)(C)S(=O)(=O)c2ccc(Cl)cc2)s1,1
XTRSXUZGIWXJTF-UHFFFAOYSA-N,Activity,%,40.1,CCCCCCCCN1C(=O)NC(c2ccc(F)cc2)(c2ccc(F)cc2)C1=O,1
XTVZJIDRTVYPDT-UHFFFAOYSA-N,Ki,nM,18.0,Cc1ccc(-c2ncc(C(=O)NCCCc3ccccc3)nc2-c2ccc(C)cc2)cc1,1
XUGNVMKQXJXZCD-UHFFFAOYSA-N,Inhibition,%,8.0,CCCCCCCCCCCCCCCC(=O)OC(C)C,1
XUNRETRJSBBZRI-UHFFFAOYSA-N,Ki,nM,6990.0,Cc1ccc(-c2cc(C(C)(C)C)[nH]n2)cc1S(=O)(=O)N1CCOCC1,1
XURGCSXOVSOUHR-UHFFFAOYSA-N,IC50,nM,15.0,O=C1CC2(CCS(=O)(=O)CC2)Oc2nc(-c3ccccc3Cl)c(-c3ccc(Cl)cc3)cc21,1
XUVLWOMQFOJIDP-KTKRTIGZSA-N,Ki,nM,5000.0,CCCCCCCCC=CCCCCCCCC(=O)Nc1ccc(N2CCOCC2)cc1,1
XUWAFIRGUZGIAA-UHFFFAOYSA-N,Activity,%,124.4,CCCCCn1c2ccccc2c2cc(C(=S)N3CCCCC3)ccc21,1
XUZTUGWOFAKLPB-UHFFFAOYSA-N,Inhibition,%,30.0,O=C1CN(Cc2ccc(-c3ccc(F)c(CN4CCS(=O)(=O)CC4)n3)cc2)C(=O)N1C1CC1,1
XVCLOYOIVUAIEU-UHFFFAOYSA-N,Inhibition,%,67.0,CC1CN(c2ncnc(NC(c3ccccc3)c3ccccc3)c2[N+](=O)[O-])CC(C)O1,1
XVEVUOUYQFTGST-IEBWSBKVSA-N,Ki,nM,1830.0,O=C(NC1CCCCC1O)c1ccc(OCC2CC2)c(-c2ccc(Cl)cc2)n1,1
XVEXONDXMBEISU-UHFFFAOYSA-N,Ki,nM,2.03,CCCCCn1cc(C(=O)NC23CC4CC(CC(C4)C2)C3)c2ccc(-c3ccccc3)cc21,1
XVGBNAVZMALDKB-UHFFFAOYSA-N,Ki,nM,4100.0,CC1(CNS(=O)(=O)C(F)(F)F)CCN(S(=O)(=O)c2ccc(Cl)cc2S(=O)(=O)c2ccccc2F)CC1,1
XVGJQASFRRXJNE-UHFFFAOYSA-N,Ki,nM,368.0,CCCCCn1cc(C(=O)NC(C)C23CC4CC(CC(C4)C2)C3)c(=O)cc1-c1ccccc1,1
XVIZDQJZPXDFPV-UHFFFAOYSA-N,Ki,nM,200.0,Cc1c2c(n(-c3c(Cl)cccc3Cl)c1-c1ccc(Cl)cc1)CCN(C1CCCCC1)C2=O,1
XVKVZJRZDGREIP-UHFFFAOYSA-N,Inhibition,%,95.0,Cc1c(C(=O)NC2CCCC2)oc2ccc(S(=O)(=O)N3CC(C)CC(C)C3)cc12,1
XVMQWFQVWAELNC-PYCFMQQDSA-N,Ki,nM,1.0,CCC(CC)(CC)c1cc(N=C2OCC3(CCCCC3)CN2C(=S)SC)on1,1
XVUZVWSGEMVJHM-WOJBJXKFSA-N,Ki,nM,129.0,O=C(NC1CCCCC1O)c1cnc(OCC2CC2)c(-c2cccc(Cl)c2)c1,1
XVYHROZUQPHJKX-DIBXZPPDSA-N,Ki,nM,1945.0,CC1=C(CCN2CCOCC2)c2ccccc2C1=Cc1cccc2ccccc12,1
XWAMKQOUIYTFGS-UHFFFAOYSA-N,Activity,%,10.0,CCCCCn1cc(C(=O)Nc2ccc(-c3ccccc3)cc2)c(=O)c2ccccc21,1
XWGGGOMMJKYRJR-PDPYFOFASA-N,Ki,nM,8.0,COc1cccc2c(C(=O)NC3C4(C)CCC(C4)C3(C)C)c(C)n(CCN3CCOCC3)c12,1
XWHZJJKASNBFIQ-UHFFFAOYSA-N,Ki,nM,5000.0,CC1COc2cccc3c(=O)c(C(=O)NC4CCCCCC4)cn1c23,1
XWJPOGCJDVNBSA-RBUKOAKNSA-N,IC50,nM,400.0,O=C(C1CC1c1ccc(C(F)(F)F)cc1)N1CCN(S(=O)(=O)c2cc(-c3nc(=O)[nH][nH]3)cc(C(F)(F)F)c2)CC1,1
XWJUTMNFVDNIKV-UHFFFAOYSA-N,EC50,nM,5000.0,COc1ccccc1Nc1ncc(C(=O)N2CCOCC2)c2c(C)c[nH]c12,1
XWPJLGDKHKMXNQ-UHFFFAOYSA-N,Ki,nM,523.0,CCCCCn1cc(C(=O)NC23CC4CC(CC(C4)C2)C3)c(=O)n2nc(-c3ccccc3)nc12,1
XWPZSGIMVXVXID-UHFFFAOYSA-N,EC50,nM,913.0,CCn1c(C(=O)NCC(C)(C)C)nc2c(-c3ccccc3)cccc21,1
XWQCEKPUKCEUCO-UHFFFAOYSA-N,EC50,nM,50.0,CCCNC(=O)c1cc(-c2ccc(Cl)cc2)c(-c2ccc(Cl)cc2Cl)nc1OCc1ccc(F)c(F)c1,1
XWQSBKBQIGRLGN-UHFFFAOYSA-N,Activity,%,47.1,O=C(c1cn(Cc2ccccc2)c2ccccc2c1=O)c1cccc2ccccc12,1
XWYYGTIRKGCPQP-UHFFFAOYSA-N,EC50,nM,50000.0,CCN1CCN(c2nc(C)nc3c2nc(-c2ccccc2Cl)n3CCOC)CC1.Cl,1
XXEKUHPLQBJSJY-UHFFFAOYSA-N,Ki,nM,3800.0,O=[N+]([O-])c1ccc2c(c1)c(OCc1cccc3ccccc13)nn2Cc1cccc2ccccc12,1
XXIXUFWGNLLBPB-UHFFFAOYSA-N,Inhibition,%,42.0,O=C1CN(Cc2ccc(-c3cccc(CN4CCCCC4)n3)cc2)C(=O)N1CC1CC1,1
XXPWCWGFJLGBFN-UHFFFAOYSA-N,Ki,nM,1795.0,CCCCCn1cc(C(=O)NC(C)CCC(C)C)c(=O)c2c(C)nn(C)c21,1
XXQJZERJMPSQHM-UHFFFAOYSA-N,IC50,nM,3.2,CC(C)(C)c1nc2nc(-c3ccccc3C#N)c(-c3ccc(Cl)cc3)cc2c2n[nH]c(=O)n12,1
XXSLJISEFOLKBX-HSZRJFAPSA-N,IC50,nM,20.0,N#CCc1c(C(=O)N2CCC(OCc3ccc(F)cc3)C2)nn(-c2ccccc2Cl)c1-c1ccc(Cl)cc1,1
XXWLQWYWNHMXLF-UHFFFAOYSA-N,IC50,nM,15.0,Cc1cc(CNC(=O)c2nn(-c3ccccc3Cl)c(-c3ccc(Cl)cc3)c2CC#N)no1,1
XYCUPWIQTMBVDZ-UHFFFAOYSA-N,Activity,%,23.4,CCCCCCCN1C(=O)NC(c2ccccc2)(c2ccccc2)C1=O,1
XYRMLZVYRVONRR-PEZBUJJGSA-N,IC50,nM,25000.0,Cc1c(C(C)(C)C)sc(=NS(=O)(=O)c2ccccc2)n1C,1
XYZIABOZRNHKSV-UHFFFAOYSA-N,Ki,nM,0.26,O=C(NC1CCCOc2c1nn(-c1ccccc1Cl)c2-c1ccc(Cl)cc1)c1ccon1,1
XZBHQISWFMCUHI-QGZVFWFLSA-N,Ki,nM,1154.0,CCCCCn1cc(C(=O)NC(C)c2ccccc2)c(=O)c2ccccc21,1
XZBZPOIEJAJRKK-UHFFFAOYSA-N,Ki,nM,0.11,CCC(=O)NC1CCCOc2c1nn(-c1ccccc1Cl)c2-c1ccc(Cl)cc1,1
XZJATQYWUWHUBJ-UHFFFAOYSA-N,Activity,%,72.2,O=C1NC(c2ccc(Cl)cc2)(c2ccc(Cl)cc2)C(=O)N1Cc1ccccc1,1
XZLHEBHGANHBEG-UHFFFAOYSA-N,Ki,nM,10000.0,CN(C)c1ccc(C(NC(=O)Cc2ccccc2)NC(=O)Cc2ccccc2)cc1,1
XZTILQZICIFCGW-UHFFFAOYSA-N,Activity,%,21.3,CCCCCN1C(=O)NC(c2ccccc2)(c2ccccc2)C1=O,1
XZTXSXYHPMFGCZ-UHFFFAOYSA-N,Displacement,%,51.3,CCCCCCCN1C(=O)NC(c2ccc(C)cc2)(c2ccc(C)cc2)C1=O,1
XZXYNHFMRCYUJT-HNNXBMFYSA-N,Ki,nM,25.0,CCOc1ccc(N(CC(=O)NC(C)CC)S(=O)(=O)c2ccc(Br)cc2)cc1,1
XZXZGCFBSYLNCP-UHFFFAOYSA-N,EC50,nM,8500.0,CCn1c(C(=O)NCc2cccc(Cl)c2)nc2c(-c3ccccc3)cccc21,1
YABALQKENOWPKZ-UHFFFAOYSA-N,IC50,nM,33.6,Cc1c(C2=NC(C)(C)C(=O)N2C)nn(-c2ccc(Cl)cc2Cl)c1-c1ccc(Cl)cc1,1
YAEAQUQAXZTTPU-UHFFFAOYSA-N,Ki,nM,800.0,CCCCCCc1ccc(O)cc1OCCCCCCCC(=O)OC(CO)CO,1
YAFPZDPJHSGEQG-UHFFFAOYSA-N,EC50,nM,16000.0,Cc1ccc(C(C)C(=O)N2CCC(n3nc(-c4ccccc4)oc3=O)CC2)cc1,1
YAHDQRFNBQNFMA-UHFFFAOYSA-N,Displacement,%,51.4,CCCCCCCN1C(=O)NC(c2ccc(F)cc2)(c2ccc(F)cc2)C1=O,1
YAKMQYYIRBCXQX-UHFFFAOYSA-N,IC50,nM,3.2,CC(C)C1CC(=O)c2cc(-c3ccc(Cl)cc3)c(-c3ccccc3Cl)nc2O1,1
YANPAVHFFWLLEL-ICSRJNTNSA-N,Kb,nM,7.1,O=C(NC1CCCCC1O)c1cn(-c2ccc(Cl)cc2)c(-c2ccccc2Cl)n1,1
YANWTXKOZJQDSK-UHFFFAOYSA-N,EC50,nM,8500.0,CCOc1ccc(F)c(-c2cnc(-c3cccc(CN4CCCCC4)c3)[nH]2)c1,1
YAOJEHCXNSTNAD-UHFFFAOYSA-N,Ki,nM,9.0,CC(C)CCn1c2c(cc(C(=O)NCc3ccccc3)c1=O)CCCCCC2,1
YAPKXFBMWACFBF-UHFFFAOYSA-N,EC50,nM,5000.0,CC(C)(C)CC(=O)Nc1sc2c(c1C(=O)N1CCC(F)(F)CC1)C(C)(C)CC2,1
YASZRXHHZSXNQI-VRHVUSBISA-N,IC50,nM,41.0,CC=C1CC2C1CC(c1cc3c(cc1OC)C1CCN4CC5CC(CC)C4C(C(=O)OC)(C5)C1N3)c1[nH]c3ccccc3c1CC(NC)C2C(=O)OC,1
YBALYSCCSWPJFU-UHFFFAOYSA-N,IC50,nM,45.0,COc1cc(F)ccc1-c1cccc(Cc2cn(C)c3ccc(NC(=O)C(C)(C)C)cc23)c1,1
YBAMKQFFVRKROL-UHFFFAOYSA-N,EC50,nM,16000.0,COc1ccc2c(c1)cc(C)c1nnc(SCC(=O)Nc3nc(C)cs3)n12,1
YBIUOMLOKZWUCT-UHFFFAOYSA-N,Ki,nM,2001.0,Oc1c(-c2ccccc2)n(-c2ccc(Cl)c(Cl)c2)c(=S)n1-c1ccc(Cl)c(Cl)c1,1
YBLJJAWMZRMZDW-XJMNNFRSSA-N,Ki,nM,3830.0,C=C(C)CCC1C(C(=C)CCC=CC(=O)NCCCl)CC1(C)C,1
YBTRRYYNHWVJLG-UHFFFAOYSA-N,IC50,nM,6000.0,CCN(CC)C(=O)CCC1(c2ccc(Cl)cc2)c2c(OC)cccc2-c2nccn21,1
YCFZFWXDBBGAGB-UHFFFAOYSA-N,IC50,nM,2.2,CCN(CC)c1nc(C(C)(C)C)nc2nc(-c3ccccc3Cl)c(-c3ccc(Cl)cc3)cc12,1
YCGOPHXHDMACLT-UHFFFAOYSA-N,IC50,nM,248.9,C=CCN1C(c2nn(-c3ccc(Cl)cc3Cl)c(-c3ccc(Cl)cc3)c2C)=NC(=O)C1(C)C,1
YCHMGAJMBZTAKA-UHFFFAOYSA-N,Ki,nM,56.0,CCCCCCc1ccc(OCCCCCCCC(=O)NC2CC2)cc1O,1
YCHYFHOSGQABSW-RTBURBONSA-N,EC50,nM,927.0,CCCCCCC(C)(C)c1cc(O)c2c(c1)OC(C)(C)C1CC=C(C(=O)O)CC21,1
YCKWOXSLVHBVIX-UHFFFAOYSA-N,Ki,nM,5000.0,Cc1c(C(=O)NC2(C#N)CCOCC2)nn(-c2ccccc2I)c1-c1ccccc1,1
YCSPWMPBFWQFTH-UHFFFAOYSA-N,Ki,nM,5.984,Cc1c(C(=O)NCC23CC4CC(CC(C4)C2)C3)nn(CCCCCCl)c1-c1ccccc1,1
YCUXLBRKJVWVHW-DNVKUUNQSA-N,Inhibition,%,33.0,CN(Cc1ccccc1)S(=O)(=O)c1cc(C(=O)NC2C3(C)CCC(C3)C2(C)C)ccc1Br,1
YCVHHBIJYZETRR-UHFFFAOYSA-N,Kb,nM,18.0,O=C(NC1CCCCC1)c1cn(-c2ccc(Cl)cc2)c(-c2ccc(Cl)cc2Cl)n1,1
YCXKROLNLSCXPB-UHFFFAOYSA-N,Ke,nM,17.0,COC(=O)NC1CCN(c2ncnc3c2nc(-c2ccccc2Cl)n3-c2ccc(Cl)cc2)CC1,1
YCYPTKGWJASRLD-UHFFFAOYSA-N,EC50,nM,0.6,O=C(C1CCCCC1)N1CCN(S(=O)(=O)c2cccc3ccccc23)CC1,1
YCZPYDVNSNZYLX-UHFFFAOYSA-N,Ki,nM,1500.0,COc1ccccc1-c1cc(C(=O)NC23CC4CC(CC(C4)C2)C3)no1,1
YCZXIDYLPDMJNU-UXBLZVDNSA-N,Activity,%,3.25,O=C(C=Cc1ccc2ccccc2c1)CCC(=O)NC1CC1,1
YDACQIWLKDKRBL-UHFFFAOYSA-N,Ki,nM,389.0,O=C(NC12CC3CC(CC(C3)C1)C2)c1cn2c3c(cccc3c1=O)OCC2C1CC1,1
YDAOOKHAUNUOLJ-UHFFFAOYSA-N,IC50,nM,2000.0,CC(C)(Oc1ccc(C(F)(F)F)cn1)C(=O)N1CCCC(Cc2ccc(Cl)cc2)(c2ccccc2)C1,1
YDCTWGDCYUTKLP-MHECFPHRSA-N,IC50,nM,14.0,CC(NC(=O)C(C)(C)Oc1ccc(Cl)cc1)C(Cc1ccc(F)cc1)c1ccccc1,1
YDDAIFXAUXVOFU-OAQYLSRUSA-N,IC50,nM,2.0,Cc1nc(C(=O)NC2CC(C)(C)Oc3nc(-c4ccc(Cl)cc4Cl)c(-c4ccc(Cl)cc4)cc32)n[nH]1,1
YDKRGMXLBRWZJR-KTKRTIGZSA-N,Ki,nM,5000.0,CCCCCCCCC=CCCCCCCCCCC(=O)NCCO,1
YDMFQRINHJCRDN-QXMHVHEDSA-N,Ki,nM,600.0,CCCCCCCCC=CCCCCCCCC(=O)NCCc1ccc(OC)cc1OC,1
YDYHNPCJDOAHPS-UHFFFAOYSA-N,Ki,nM,5000.0,CN(C)CCn1cc(C(=O)C2C(C)(C)C2(C)C)c2ccccc21,1
YEGAYNNVHYHYEO-UHFFFAOYSA-N,Activity,%,57.1,O=C1C(c2ccccc2)N(c2ccccc2)C(=O)N1c1ccccc1,1
YEGILKGBPDUDEG-UHFFFAOYSA-N,Ki,nM,10000.0,O=C(Cc1ccccc1)NC(NC(=O)Cc1ccccc1)c1ccc(N2CCCCC2)cc1,1
YELPJZYQBXJZNM-VNYPPZAHSA-N,IC50,nM,50.0,COc1ccc(S(=O)(=O)NC(=NC(C)C(=O)NC(CO)C(N)=O)N2CC(c3ccccc3)C(c3ccc(Cl)cc3)=N2)cc1,1
YELUQKWRFGRRHG-UHFFFAOYSA-N,Ki,nM,2.9,CN(CCO)C(=O)C(C)(C)NC(=O)c1cc2c(n(CC3CCCCC3)c1=O)CCCCCC2,1
YENIFZDSHFOQSG-UQIIZPHYSA-N,EC50,nM,1258.93,COc1cccc2c(C(=O)N3CCN4CCCC4(C)C3)cn(CC3CCCCC3)c12.Cl,1
YEWKIZMKNASFIA-UHFFFAOYSA-N,Decrease,%,-74.0,C=CCN1C(=O)NC(c2ccc(I)cc2)(c2ccc(I)cc2)C1=O,1
YEXZHRWGSJYAAA-UHFFFAOYSA-N,Activity,%,170.9,CN(C)c1ccc(CCNC(=O)c2cc3cc(Cl)ccc3[nH]2)cc1,1
YFCBEUZEPPCELQ-UHFFFAOYSA-N,Ki,nM,12.9,CCCCCn1cc(C(=O)NOCc2ccccc2)c(=O)c2ccc(Sc3ccccc3)cc21,1
YFFXLLWRNNJUHU-NVHKAFQKSA-N,IC50,nM,70.0,COc1ccc(S(=O)(=O)NC(=NC(C)C(N)=O)N2CC(c3ccccc3)C(c3ccc(Cl)cc3)=N2)cc1,1
YFIBTPCBIAMZLW-GOSISDBHSA-N,IC50,nM,5000.0,CN(C)C(=O)C(NC(=O)n1c(=O)n(CCN2CCOCC2)c2ccccc21)C(C)(C)C,1
YFPOEFGJMGESDL-DEOSSOPVSA-N,IC50,nM,1000.0,O=C(NC(C(=O)O)c1ccccc1)c1cc2c(n(CC3CCCCC3)c1=O)CCCCCC2,1
YFSXRZIBARSKDN-UHFFFAOYSA-N,Ki,nM,102.0,O=C(NC1CCCCC1)c1cn2c3c(cccc3c1=O)OCC2C1CC1,1
YFXVGLMPSZFQLX-UHFFFAOYSA-N,Activity,%,10.0,CCCCCn1cc(C(=O)O)c(=O)c2ccccc21,1
YGAKCSKFGGMSCU-UHFFFAOYSA-N,Ki,nM,33.0,Cc1ccc(-c2ncc(C(=O)NC3Cc4ccccc4C3O)nc2-c2ccc(C)cc2)cc1,1
YGEAEJNUKIWJMJ-UHFFFAOYSA-N,Activity,%,60.0,Cc1cc(C)c(OCC(=O)Nc2sc3c(c2C(=O)NC2CCS(=O)(=O)C2)CCCC3)c(C)c1,1
YGEXFPZQFOIBEU-UHFFFAOYSA-N,Ki,nM,190.0,CCCCCCc1ccc(OCCCCCCCC(=O)NCCO)cc1O,1
YGFOYDBZLKHHSA-UHFFFAOYSA-N,Ke,uM,0.304,Cc1c(C(=O)NCCCCCCCNS(N)(=O)=O)nn(-c2ccc(Cl)cc2Cl)c1-c1ccc(Cl)cc1,1
YGHYLQCCZKDSKS-UHFFFAOYSA-N,Ki,nM,2500.0,O=S(=O)(c1ccccc1F)c1cc(Cl)ccc1S(=O)(=O)N1CCC2(CC1)CC2NS(=O)(=O)C(F)(F)F,1
YGILMJYQKXFDDM-UHFFFAOYSA-N,Ki,nM,2500.0,O=S(=O)(c1ccccc1F)c1cc(Cl)ccc1S(=O)(=O)N1CC(CCNS(=O)(=O)C(F)(F)F)C1,1
YGJOOZCAQVAHOP-UHFFFAOYSA-N,Ki,nM,2100.0,COc1ccc(OC)c2c(=O)c(C(=O)NC34CC5CC(CC(C5)C3)C4)c[nH]c12,1
YGLUVTVRMKRTQV-UHFFFAOYSA-N,EC50,nM,5000.0,CCn1c2ccccc2c2cc(NC(=O)CCn3cc(-c4ccccc4F)nn3)ccc21,1
YGMBRTXNNDMADZ-UHFFFAOYSA-N,IC50,nM,8.2,O=C1CC2(CCCCC2)Oc2nc(-c3ccccc3Cl)c(-c3ccc(Cl)cc3)cc21,1
YGMGWGADHQSGSG-UHFFFAOYSA-N,IC50,nM,9.3,Cc1ccccc1-n1c2c(c(C)c1-c1ccc(C(F)(F)F)cc1)C(=O)N(C1CCCCC1)CC2,1
YGNQQFVUJALCEB-UHFFFAOYSA-N,IC50,nM,90.0,O=C(NCCCc1ccccc1)c1cnn(-c2cccc3ccccc23)c1-c1ccc(-c2ccccc2)cc1,1
YGNQQLUXHGNAEG-UHFFFAOYSA-N,Ki,nM,5000.0,CCCCCn1cc(C(=O)NC23CC4CC(CC(C4)C2)C3)c(=O)c2cccc(OC)c21,1
YGUUURKMKPALCH-UHFFFAOYSA-N,Ki,nM,776.25,COc1cc2c(cc1O)c(C(=O)C1C(C)(C)C1(C)C)cn2CC1CCOCC1,1
YGYOXYYVENEFEV-UHFFFAOYSA-N,Ki,nM,216.0,O=C(c1cc2c(cc1Cl)OC(c1ccccc1)(c1ccccc1)O2)N1CCOCC1,1
YHBNPNAGQBLYFP-UHFFFAOYSA-N,Ki,nM,2500.0,CCCc1c(CC)cc(C(=O)NC2(C(=O)O)CCCCC2)c(=O)n1Cc1ccc(F)cc1,1
YHEDEADKZYYKCL-UHFFFAOYSA-N,Activity,%,57.8,COc1ccc(N2C(=O)C(c3ccccc3)N(c3ccc(OC)cc3)C2=O)cc1,1
YHEFFMMBNKEYRJ-UHFFFAOYSA-N,Kd,nM,5.012,CN=C(NS(=O)(=O)c1ccccc1Cl)N1CC(c2ccccc2)C(c2ccc(Cl)cc2)=N1,1
YHFYIWRVJLIUGZ-FYYUSBCQSA-N,Ki,nM,178.7,CN(C)CCn1cc(C(=O)NC2C3(C)CCC(C3)C2(C)C)c(=O)c2ccc(F)cc21,1
YHGUWSTYRLHMRJ-MRXNPFEDSA-N,Ki,nM,14.3,CCCCCn1cc(C(=O)NC(C)c2ccccc2)c(=O)c2ccc(F)cc21,1
YHHGAMZNCYGKKD-UHFFFAOYSA-N,Ki,nM,5000.0,CCCCCn1cc(C(=O)NC23CC4CC(CC(C4)C2)C3)c(=O)c2cc(-c3ccc(Cl)cc3)ccc21,1
YHKPMVCCUDABBU-UHFFFAOYSA-N,EC50,nM,390.0,CCn1c2ccccc2c2cc(NC(=O)C3(S(=O)(=O)c4ccccc4)CC3)ccc21,1
YHNPYJODGMGFSJ-UHFFFAOYSA-N,Inhibition,%,-1.0,Nc1nc(N)c(-c2ccc(NCc3ccc(Cl)cc3)cc2)c(COCc2ccccc2)n1,1
YHNZZKJGERGDQX-NRFANRHFSA-N,Ki,nM,1877.0,CC(C)C(NC(=O)c1cc2c(n(CC3CCCCC3)c1=O)CCCCCC2)C(=O)O,1
YHONTRPKANXJPY-UHFFFAOYSA-N,Activity,%,10.0,CS(=O)(=O)NCCCn1c(C(=O)N2CCC(C(N)=O)(N3CCC(F)(F)CC3)CC2)cc(-c2ccc(Cl)cc2Cl)c1-c1ccc(Cl)cc1,1
YHQNHNDKRMKNNN-UHFFFAOYSA-N,Activity,%,4.7,Cc1ccc(NC(=O)C(C)(C)C)cc1S(=O)(=O)N1CCOCC1,1
YHSVWWIRWSQOCO-MGPUTAFESA-N,IC50,nM,1677.0,CC(NS(=O)(=O)C(C)(C)C)C(Cc1ccc(Cl)cc1)c1cccc(C#N)c1,1
YHYFBIDRNOUKBC-UHFFFAOYSA-N,EC50,nM,16000.0,CCc1cc(C(=O)Nc2cc(S(=O)(=O)N3CCOCC3)ccc2OC)sc1C,1
YIEVWZCZMDYKQH-UHFFFAOYSA-N,EC50,nM,6.0,CCOc1ccc(Cc2nc3cc(N(C)S(=O)(=O)c4cccs4)ccc3n2CC2CCCCC2)nc1,1
YIJJJJWZXATIQL-UHFFFAOYSA-N,EC50,nM,1581.14,CC(C)c1cc(Nc2ccc(Cl)cc2Cl)ncc1C(=O)NCC1CCOCC1,1
YIJTUAAKYALJPU-UHFFFAOYSA-N,IC50,nM,25.12,CC(C)CCNC(=O)c1ccc2c(c1)N=C(c1ccccn1)c1ccccc1S2,1
YIPMASQTIFKNNK-CQERKEQDSA-N,EC50,nM,10.0,Cl.O=C(c1cn2c3c(cccc13)OCC2C1CCCCC1)N1CCN2CCCCC2C1,1
YISNSDXPXOUONZ-UHFFFAOYSA-N,EC50,nM,16000.0,O=C(Cc1ccc2c(c1)OCO2)N1CCC(n2nc(-c3ccccc3)oc2=O)CC1,1
YISUQIDKCAULIU-UHFFFAOYSA-N,Ki,nM,31.1,Cc1c(C(=O)N(C)c2ccccc2)nn(-c2ccc(Cl)cc2Cl)c1-c1ccc(Br)cc1,1
YIYAOMUUXPETBC-UHFFFAOYSA-N,Ki,nM,77.0,CCn1nc2c(-c3ccc(Cl)cc3)c(-c3cnc(N(C)C)nc3)c(=O)n(Cc3ccc(C#N)cc3)n2c1=O,1
YJIRWQOGDZGCGD-UHFFFAOYSA-N,Activity,%,5.0,O=C(CCC(=O)NCCO)CCc1ccc(-c2ccccc2)cc1,1
YJKQHGPKXWKUOY-UHFFFAOYSA-N,Ki,nM,2500.0,COCCn1c2c(cc(C(=O)NC3(C(=O)O)CCCCC3)c1=O)CCCCCC2,1
YJSDMQHDAOUJBO-UHFFFAOYSA-N,Ki,nM,10000.0,COc1ccc(C(NC(=O)Cc2ccccc2)NC(=O)Cc2ccccc2)cc1,1
YJTVSGRVBAKCLX-UHFFFAOYSA-N,Activity,%,5.0,O=C(c1ccccc1)N1C(=O)C(c2ccccc2)N(c2ccccc2)C1=O,1
YJTWMZAVLSDQNV-UHFFFAOYSA-N,Ki,nM,211.0,CCCCCCCNC(=O)c1nn(-c2ccc(Cl)cc2Cl)c(-n2cccc2)c1C,1
YJVCGXRAFBTMDS-UHFFFAOYSA-N,Activity,%,25.0,CCCCOc1cc(O)cc(OCCCCCCCCCCC(=O)NCCO)c1,1
YJWAFGIHWKDOSR-UHFFFAOYSA-N,Ki,nM,10000.0,CCN(CC)c1ccc(CN(C(=O)Cc2ccccc2)c2ccc(C)cc2)cc1,1
YJWNGKRHJQYLRY-UHFFFAOYSA-N,IC50,nM,403.0,O=C(C1CCCC1)N1CCN(C(c2ccccc2)c2ccc(Cl)cc2Cl)CC1,1
YJXIZDCRAMKGID-KRWDZBQOSA-N,EC50,nM,251.19,CN(Cc1nc(-c2cn(CC3CCOCC3)c3c(Cl)cccc23)no1)C(CO)C(N)=O,1
YJYJBZMXVMFDSU-UHFFFAOYSA-N,Activity,%,23.9,CCCCCn1c2ccccc2c2cc(C(=O)N3CCS(=O)(=O)CC3)ccc21,1
YJYLNDWLTXTODC-UHFFFAOYSA-N,Inhibition,%,13.0,CC(C)CN1C(=O)CN(Cc2ccc(-c3ccc(F)c(CN4CCOCC4)n3)cc2)C1=O,1
YKCGVZLOUWPCIB-UXBLZVDNSA-N,Activity,%,25.0,O=C(C=Cc1ccc2ccccc2c1)CCC(=O)Nc1ccc(O)cc1,1
YKKVBHCDPMQIEG-UHFFFAOYSA-N,EC50,nM,500.0,Fc1ccc(-c2noc(C3CCN(c4cnc5ccccc5c4)CC3)n2)c(Cl)c1,1
YKLSZNWGSXYNNL-UHFFFAOYSA-N,EC50,nM,35.5,CCC#Cc1ccc(-c2c(C)c(C(=O)NN3CC4CCCC4C3)nn2-c2ccc(Cl)cc2Cl)s1,1
YKMOKNGXGVSTSS-UHFFFAOYSA-N,Ki,nM,430.0,CCN(CC)c1ccc(CN(Cc2ccccc2)S(=O)(=O)c2ccc(Cl)cc2)cc1,1
YKNYSDQHAPRCJG-UHFFFAOYSA-N,Activity,%,64.8,CCCCCn1cc(C(=O)NCCc2ccccc2)c(=O)c2ccccc21,1
YKPOQYNBJYATAX-UHFFFAOYSA-N,Ki,nM,3170.0,CCOc1ccc(Cc2nc3cc(C(=O)N(C)CC)ccc3n2CCC(C)C)cc1,1
YKPUWZUDDOIDPM-SOFGYWHQSA-N,Ki,nM,5000.0,COc1cc(CNC(=O)CCCCC=CC(C)C)ccc1O,1
YKPXWJVHLHTGOJ-UHFFFAOYSA-N,Ki,nM,5000.0,CC1(C)C(C(=O)c2cn(CCN3CCOCC3)c3cc(O)ccc23)C1(C)C,1
YKSOYOBAOKSFBF-UHFFFAOYSA-N,Kd,nM,1.0,CN=C(NS(=O)(=O)N1CCC(F)CC1)N1CC(c2ccccc2)C(c2ccc(Cl)cc2)=N1,1
YLAXCBARKHQKRF-UHFFFAOYSA-N,Ki,nM,5000.0,Cc1c(Cl)ccc2c(=O)c(C(=O)NC34CC5CC(CC(C5)C3)C4)c[nH]c12,1
YLEARPUNMCCKMP-DOFZRALJSA-N,Inhibition,%,43.0,CCCCCC=CCC=CCC=CCC=CCCCC(=O)NCC(=O)O,1
YLFLZSQBPHMIBS-GKFVBPDJSA-N,Ki,nM,7.3,CCCCCC=CCC=CCC=CCC=CCCCC(=O)NCCC,1
YLIXLLSBKDRQPU-UHFFFAOYSA-N,IC50,nM,200.0,Cc1ccccc1-n1ncc(C(=O)NCCCc2ccccc2)c1-c1ccc(-c2ccccc2)cc1,1
YLJBAIQQTOWVSQ-UHFFFAOYSA-N,Ki,nM,2914.0,CCS(=O)(=O)n1c2c(c3cc(C(=O)N4CCC(F)CC4)ccc31)CN(C1CCCC1)C2,1
YLJREFDVOIBQDA-UHFFFAOYSA-N,Ki,nM,500.0,Nc1c2c(nc3ccccc13)CCCC2,1
YLLLJPQMVLRJGB-UHFFFAOYSA-N,Ki,nM,1473.0,CCS(=O)(=O)n1c2c(c3cc(C(=O)N(C)CCC(C)C)ccc31)CN(C1CCCC1)C2,1
YLTLRDJKZPGADA-UHFFFAOYSA-N,Displacement,%,46.8,CCCCCCN1C(=O)NC(c2ccc(C)cc2)(c2ccc(C)cc2)C1=O,1
YLVMXWNZELVYJA-UHFFFAOYSA-N,EC50,nM,243.0,CC(C)(C)CC(=O)Nc1sc2c(c1C(=O)NCC1CC1)C(C)(C)CC2,1
YMECBHZDWSYBIQ-UHFFFAOYSA-N,Ki,nM,1250.0,Cc1c2c(n(-c3ccc(Cl)cc3Cl)c1-c1ccc(C(=O)O)cc1)CCN(C1CCCCC1)C2=O,1
YMHFHDKDDMBMLK-UHFFFAOYSA-N,IC50,nM,4.3,CC(C)(O)C(=O)c1oc2nc(-c3ccc(Cl)cc3Cl)c(-c3ccc(Cl)cc3)cc2c1NC(=O)CO,1
YMIVMZWPBGUNRO-UHFFFAOYSA-N,Activity,%,45.0,Cc1ccccc1Cc1cc2c(C)c(O)c(C)c(C)c2oc1=O,1
YMKSWEWZDCGBFE-UHFFFAOYSA-N,EC50,nM,1581.14,CC(C)c1cc(Nc2cccc(Br)c2)ncc1C(=O)NCC1CCOCC1,1
YMSCAKAZSHMHCT-UHFFFAOYSA-N,Ki,nM,228.0,CC1(C)C(C(=O)c2cn(CC3CCOCC3)c3cc(-c4ccccc4)ccc23)C1(C)C,1
YMYYGMHEAJZHFP-GQCTYLIASA-N,Kd,nM,20.9,CC1=CCC2C(C1)c1c(O)cc(CC=CCCCF)cc1OC2(C)C,1
YNBLMNMHRYWGHL-UHFFFAOYSA-N,Ki,nM,4.9,CC(C)(NC(=O)c1cc2c(n(CC3CCCCC3)c1=O)CCCCCC2)C(=O)N1CCC(C(N)=O)CC1,1
YNFKZGWEHWNWDI-JOCHJYFZSA-N,IC50,nM,0.2,Cc1cn[nH]c1C(=O)NC1CC(C)(C)Oc2nc(-c3ccc(Cl)cc3Cl)c(-c3ccc(Cl)cc3)cc21,1
YNFZOBCSHAKXPA-UHFFFAOYSA-N,Ke,nM,2.3,CCOC(=O)NC1CCN(c2ncnc3c2nc(-c2ccccc2Cl)n3-c2ccc(Cl)cc2)CC1,1
YNHUJCRFFWWTHM-UHFFFAOYSA-N,Ki,nM,1500.0,CC1(C)C(C(=O)c2cn(CC3CCOCC3)c3cc(O)ccc23)C1(C)C,1
YNLWWYZTNZMXTK-UHFFFAOYSA-N,IC50,nM,0.5129,Cc1ccc(C(F)(F)F)cc1Cn1c(C(=O)NCC(C)(C)CO)cc2cc(C#N)ccc21,1
YNNGWUSUIOJCIL-UHFFFAOYSA-N,Activity,%,55.8,CCCCCn1cc(C(=O)c2cccc3ccccc23)c(=O)c2ccccc21,1
YNNMYYFUBWIVHE-YUZOCMECSA-N,Ki,nM,78.97,CC(CO)NC(=O)CCCC=CCC=CCCOc1cccc(C(C)(C)CCCCO)c1,1
YNPOEKHFIJKRHU-UHFFFAOYSA-N,Ki,nM,5000.0,CCCCCn1cc(C(=O)NC23CC4CC(CC(C4)C2)C3)c(=O)c2cc(-c3ccccc3)cc(OC)c21,1
YNRPMBSGOCKZJH-UHFFFAOYSA-N,Ki,nM,5000.0,CCCCCn1cc(C(=O)NC23CC4CC(CC(C4)C2)C3)c(=O)c2cc(-c3ccc(C#N)cc3)ccc21,1
YNWOMOUVWNKICO-UHFFFAOYSA-N,Inhibition,%,0.0,CCCCCCCC(C)(C)c1cc(O)c2cc(Cc3ccccc3O)c(=O)oc2c1,1
YNZFFALZMRAPHQ-SYYKKAFVSA-N,Activity,%,100.0,CCCCCCC(C)(C)c1ccc(C2CC(O)CCC2CCCO)c(O)c1,1
YOFCIMAVZQKJFR-UHFFFAOYSA-N,Activity,%,10.0,COc1ccc(NC(=O)NC(c2ccccc2)c2ccccc2)cc1,1
YOJCUELXDGGLDN-UHFFFAOYSA-N,IC50,nM,100.0,COc1ccc(S(=O)(=O)NC(=NCC(N)=O)N2CC(c3ccccc3)C(c3ccc(Cl)cc3)=N2)cc1,1
YOKPZBZRCWUFCU-UHFFFAOYSA-N,Ki,nM,16.5,O=C(NC1CCCCC1)c1cc2ccccc2n(Cc2ccc(F)cc2)c1=O,1
YONGUZSDCRFOCP-RXFWQSSRSA-N,IC50,nM,186.0,CC(NC(=O)C(C)(C)Nc1cc(-c2ccccc2)on1)C(Cc1ccc(Cl)cc1)c1cccc(C#N)c1,1
YONVTGCMDBZKNU-UHFFFAOYSA-N,Ki,nM,4585.0,O=C(NN1CCCCC1)c1cc(-c2ccccc2)n(-c2ccccc2)n1,1
YOVWNYALVOUGJO-UHFFFAOYSA-N,Ki,nM,100.0,O=C(NC1CCCCCC1)c1cccnc1OCc1ccc(F)cc1,1
YPLLQFURTJRZES-RBUKOAKNSA-N,IC50,nM,100.0,O=C(C1CC1c1ccc(C(F)(F)F)cc1)N1CCN(S(=O)(=O)c2cc(-c3n[nH]c(=O)o3)cc(C(F)(F)F)c2)CC1,1
YPWCXXFHARYVQC-UHFFFAOYSA-N,EC50,nM,16000.0,N=c1c(C(=O)NCCN2CCOCC2)cc2c(=O)n3ccccc3nc2n1C1CCCC1,1
YQBGGIBQNAEWKM-UHFFFAOYSA-N,EC50,nM,28.9,Cc1c(C(=O)NN2CCCCC2)nn(-c2ccc(Cl)cc2Cl)c1-c1ccc(C#CC(C)(C)C)s1,1
YQFRRDSIYIWKEE-UHFFFAOYSA-N,Ki,nM,33.0,CCCCCCC(C)(C)c1ccc(-c2cc(C)ccc2C(C)C)c(O)c1,1
YQQVYJMRFKMXKY-UHFFFAOYSA-N,EC50,nM,3.981,CCc1cccc2c(-c3nsc(CN4CCCC4)n3)cn(CC3CCCCC3)c12.Cl,1
YQVCVIQDCQDHGW-NHCUHLMSSA-N,Ki,nM,10.6,Cc1cc(COc2ncc(C(=O)NC3CCCCC3O)cc2-c2ccc(Cl)cc2)on1,1
YRDNBEPFVBMTNP-CLJLJLNGSA-N,Ki,nM,4.0,CC1=CCC2C(C1)c1c(OC(=O)CCCN3CCOCC3)cc(C(C)(C)CCCCC#N)cc1OC2(C)C,1
YRIFMORIZIRKHD-NHCUHLMSSA-N,Ki,nM,333.0,CCCCCCC(C)(C)c1cc(NC(=O)NC)c2c(c1)OC(C)(C)C1CCC(C)=CC21,1
YRMGXCYCYMPORT-UHFFFAOYSA-N,Activity,%,81.0,O=C(NC1CCCCC1)c1cnn(-c2ccc(Cl)cc2Cl)c1-c1ccc(Br)cc1,1
YRMSOJNADROVPD-UHFFFAOYSA-N,EC50,nM,8030.0,COCCNC(=O)c1c(NC(=O)C2CCCC2)sc2c1CCCC2,1
YRXMEDPFPXDCMQ-UHFFFAOYSA-N,IC50,nM,26.0,CC(CN=C(NS(=O)(=O)c1ccc(Cl)cc1)N1CC(c2ccccc2)C(c2ccc(Cl)cc2)=N1)C(N)=O,1
YSBFLLZNALVODA-RBUKOAKNSA-N,IC50,nM,5000.0,CCCC(C)(C)c1ccc2c(c1)OC(C)(C)C1CC=C(C)CC21,1
YSCQWHZQNIOJFL-UHFFFAOYSA-N,Inhibition,%,1.0,CCCCCn1cc(C(=O)NC2CCCCCC2)c(=O)c2c(-c3ccccc3)nn(C)c21,1
YSEHVCQFPADPSX-UHFFFAOYSA-N,IC50,nM,3.0,COc1ccc(-c2cc3c(nc2-c2ccccc2Cl)nc(C(C)(C)C)n2c(=O)[nH]nc32)cc1,1
YSHKWODZAMEKHX-UHFFFAOYSA-N,IC50,nM,273.0,O=C(NCC1CCCCC1)N1CCN(C(c2ccc(Cl)cc2)c2ccccc2Cl)CC1,1
YSLQIGGMCRBLER-UHFFFAOYSA-N,Inhibition,%,23.8,O=C(NCc1ccccc1)n1nc(-c2ccc(Cl)cc2Cl)c(-c2ccc(Cl)cc2Cl)n1,1
YSLYAILXDKYYMD-UHFFFAOYSA-N,Kd,nM,4.571,Cc1c(C(=O)NCCCCCCCCCN(C)CCCCCCCCCN)nn(-c2ccc(Cl)cc2Cl)c1-c1ccc(Cl)cc1,1
YSMXCVGNCVNXGB-UHFFFAOYSA-N,Activity,%,35.06,CN(CCCCCCCOc1ccc(-c2oc3ccccc3c2C(=O)c2ccc3ccccc3c2)cc1)Cc1ccccc1,1
YSOGPKZWDUJRGP-DOFZRALJSA-N,Ki,nM,200.0,CCCCCC=CCC=CCC=CCC=CCCCC(=O)NCc1ccc(O)cc1,1
YSPBHPREQBXDKT-UHFFFAOYSA-N,IC50,nM,3.07,CCNC1(C(N)=O)CN(c2cnc(-c3ccc(C(F)(F)F)cc3)c(-c3ccnc(Cl)c3)n2)C1,1
YSPIBVBUGAYALN-UHFFFAOYSA-N,EC50,nM,199.53,NC(=O)CN1CCN(Cc2nc(-c3cn(CC4CCS(=O)(=O)CC4)c4c(Cl)cccc34)ns2)CC1,1
YSRDTQVGWWJELA-UHFFFAOYSA-N,Ki,nM,20.0,COc1ccc(-c2c(C)c3c(n2-c2ccccc2Cl)CCN(N2CCCCC2)C3=O)cc1,1
YSRPUVLRLQPVGV-UHFFFAOYSA-N,EC50,nM,5000.0,CC(=O)N1CCC(Cn2c(C(C)(C)C)nc3cc(S(=O)(=O)CCCC(F)(F)F)ccc32)CC1,1
YSVLXDHZTYHVCF-UHFFFAOYSA-N,IC50,nM,1.82,CC(C)(CO)CNC(=O)c1cc2cc(C#N)ccc2n1Cc1cccc(OC(F)(F)F)c1,1
YSWPLEPAAGQXAS-UHFFFAOYSA-N,EC50,nM,7870.0,O=C(Nc1cc(S(=O)(=O)N2CCOCC2)ccc1Cl)c1cc2c(s1)CCCC2,1
YSXOIXMWQLINBB-UHFFFAOYSA-N,Ki,nM,1500.0,CCCCCOc1ccccc1-c1cc(C(=O)NC2CCCCC2)no1,1
YSZUXTBLAIHTCR-UHFFFAOYSA-N,Activity,%,27.6,CCCCCN1C(=O)C(c2ccccc2)(c2ccccc2)NC1=S,1
YTCBTFMGKDZRBD-UHFFFAOYSA-N,Kd,nM,15.85,CN(C)CCCN=C(NS(=O)(=O)c1ccc(Cl)cc1)N1CC(c2ccccc2)C(c2ccc(Cl)cc2)=N1.Cl,1
YTGUIZSEZJBJRX-UHFFFAOYSA-N,EC50,nM,784.0,O=C(c1ccc2c(c1)OC(c1ccccc1)(c1ccccc1)O2)N1CCOCC1,1
YTHMRYNWHQGSRZ-UHFFFAOYSA-N,EC50,nM,2.0,O=C(c1cc2c(cc1F)OC(c1ccc(F)cc1F)(c1ccc(F)cc1F)O2)N1CCC(F)(F)CC1,1
YTMWQUZIAWWYFH-UHFFFAOYSA-N,Inhibition,%,109.0,CCCCCc1cc(O)c2cc(Cc3ccccc3O)c(=O)oc2c1,1
YTNATBWTFKMMIN-UHFFFAOYSA-N,Ki,nM,5.6,Cc1c(C(=O)NC23CC4CC(CC(C4)C2)C3)nn(-c2ccc(Cl)c(Cl)c2)c1-n1c(C)ccc1C,1
YTVMPMNEIJFXJB-UHFFFAOYSA-N,IC50,nM,729.0,O=C(NC1CCCCCC1)N1CCN(C(c2ccc(Cl)cc2)c2ccc(Cl)cc2Cl)CC1,1
YTVVUEHBECILFK-UHFFFAOYSA-N,EC50,nM,1000.0,Cn1nc(C(C)(C)C)cc1NC(=O)C(C)(C)S(=O)(=O)c1ccc(Cl)cc1,1
YUARJAOYWUNVQS-CMDGGOBGSA-N,Kd,nM,3.36,CCCCC=CCCc1cc(O)c2c(c1)OC(C)(C)C1CC=C(C)CC21,1
YUASKJNKSPZTCR-UHFFFAOYSA-N,Ki,nM,3700.0,COc1ccccc1Cn1ccc2c(c1=O)c1cccc(OC)c1n2CCN1CCOCC1,1
YUCXEGMZOYJSDC-UHFFFAOYSA-N,Ki,nM,5000.0,CC1CCC(NC(=O)c2cccn(CCO)c2=O)CC1,1
YUFKTQXVRFYANQ-LJQANCHMSA-N,EC50,nM,12.9,CN(CCCC(=O)NCCF)C(=O)c1ccc2c(c1)c1c(n2C)CCC(C2CCOCC2)C1,1
YUHLXGUDTIIRKY-UHFFFAOYSA-N,Ki,nM,612.0,CCCCCn1cc(C(=O)NC23CC4CC(CC(C4)C2)C3)c(=O)n2nc(C(C)(C)C)cc12,1
YUJSONAJEJFLQC-UHFFFAOYSA-N,Activity,%,50.5,CCCCCn1cc(C(=O)NCc2ccccc2)c(=O)c2ccccc21,1
YULLQQIZDNODNZ-UHFFFAOYSA-N,EC50,nM,3981.07,c1ccc(COc2ccccc2-c2ccc(N3CCOCC3)nn2)cc1,1
YUNYXRWJEBHDLA-UHFFFAOYSA-N,IC50,nM,5000.0,O=C(N1CCOCC1)N1CCN(C(c2ccccc2)c2ccc(Cl)cc2Cl)CC1,1
YUVZBCCANMFAPT-UHFFFAOYSA-N,Ki,nM,1500.0,CCCCCCC(C)(C)c1ccc(-c2cc(C)cc(C)c2)c(CN)c1,1
YUWBNZDQMZVVJU-UHFFFAOYSA-N,IC50,nM,1.3,COC(=O)c1cc(-c2ccc(Cl)cc2)c(-c2ccc(Cl)cc2Cl)nc1OCc1ccc(F)c(F)c1,1
YUWQWGFCGCKQFY-UHFFFAOYSA-N,Inhibition,%,25.2,CCCCCCCCCCCCCCCC(=O)NCCCl,1
YUXHSFFVUBPHAA-UHFFFAOYSA-N,Ki,nM,4300.0,CCc1cnc(NC(=O)C(C)(C)CC)cc1CN1CCOCC1,1
YVAYPXZJQGIWMD-UHFFFAOYSA-N,EC50,nM,500.0,N#Cc1cc(NCCCc2nc(-c3ccc(F)cc3Cl)no2)cnc1OCC(F)(F)F,1
YVITVABZYDPMHU-UHFFFAOYSA-N,EC50,nM,2.9,COc1ccc(NC(=O)c2ccc(Cn3ccnn3)c3ccccc23)c(C(=O)NCC2CCOCC2)n1,1
YVSGLBVAKGNNGI-LEWJYISDSA-N,IC50,nM,50.0,O=C(C1CC1c1ccc(C(F)(F)F)cc1)N1CCN(S(=O)(=O)c2cc(-n3ccnn3)cc(C(F)(F)F)c2)CC1,1
YVUOHTCCPJDRFX-BXKMTCNYSA-N,IC50,nM,0.9,COc1ccc(CC(c2cc(F)cc(C#N)c2)C(C)NC(=O)C(C)(C)Oc2ccc(C(F)(F)F)cn2)cc1,1
YVXCIUSPFGDUJB-QZTJIDSGSA-N,Ki,nM,297.0,CC1=CCC2C(C1)c1c(O)cc(C(=O)c3ccccc3)cc1OC2(C)C,1
YVXDCPUMAMKFNC-URGPHPNLSA-N,Kd,nM,2.512,O=S1(=O)CCN(C(=NS(=O)(=O)c2ccc(Cl)cc2)N2CC(c3ccccc3)C(c3ccc(Cl)cc3)=N2)CC1,1
YVXGRBGGZCGCQZ-ZDUSSCGKSA-N,Ki,nM,2.0,CC(NS(=O)(=O)C(F)(F)F)c1ccc(S(=O)(=O)c2ccc(Cl)cc2S(=O)(=O)c2ccccc2F)cc1,1
YVZOHPJFYPZZDT-UHFFFAOYSA-N,Activity,%,34.6,CC(C)CN1C(=O)C(c2ccccc2)(c2ccccc2)NC1=S,1
YWDVOTYHQWVPGI-UHFFFAOYSA-N,EC50,nM,320.0,COc1ccc(F)c(-c2cnc(-c3cccc(CN4CCCCC4)c3)[nH]2)c1,1
YWOFLKSNPAREBY-UHFFFAOYSA-N,Ki,nM,5000.0,CCCCCCCCCCCCCCCC(=O)ONCCO,1
YWPSQBUJKROFLV-UHFFFAOYSA-N,Activity,%,31.3,O=C(c1cn(CCCc2ccccc2)c2ccccc2c1=O)c1cccc2ccccc12,1
YWSAFROOEKQCKZ-UHFFFAOYSA-N,Ki,nM,5000.0,N#CCn1nnnc1Cc1ccc(-c2ccccc2)cc1,1
YWUSEZCJTGCQFS-CQSZACIVSA-N,Ki,nM,11.0,COc1cc(C(=O)NC2(C(=O)NC(C)c3ccc(-n4ncc5ccccc54)cc3F)CC2)on1,1
YWVLMTJDVUKFGW-UHFFFAOYSA-N,Activity,%,30.34,CN(CCCCCCCOc1ccc(-c2oc3ccccc3c2C(=O)c2c3ccccc3cc3ccccc23)cc1)Cc1ccccc1,1
YWZNODBTGLYMLC-UHFFFAOYSA-N,Ki,nM,691.83,CC1(C)C(C(=O)c2cn(CCc3cccs3)c3ccccc23)C1(C)C,1
YXEIXPIEHMXGPU-UHFFFAOYSA-N,Ki,nM,7860.0,COc1c(C)c(C)c2oc(=O)c(Cc3ccccc3C)cc2c1C,1
YXISMWCSIDPYTF-UHFFFAOYSA-N,Ki,nM,1500.0,CCCCCn1cc(C(=O)NN2CCCCC2)c(=O)cc1-c1ccccc1,1
YXJOEDSXWADFTF-UHFFFAOYSA-N,Ki,nM,5000.0,COC(=O)Cn1nnnc1Cc1ccc(-c2ccccc2)cc1,1
YXKKKXDMHWGXKH-UHFFFAOYSA-N,Ki,nM,3900.0,Cc1ccc(C(=O)NC2C3(C)CCC(C3)C2(C)C)cc1CC(=O)N1CCOCC1,1
YXKZMFYMKYMOIA-UHFFFAOYSA-N,Ki,nM,3.1,CN(C)CCCN=C(NS(=O)(=O)c1ccc(Cl)cc1)N1CC(c2ccccc2)C(c2ccc(Cl)cc2)=N1,1
YXMNHAHXIRAMLS-UHFFFAOYSA-N,Activity,%,13.0,CCCCCn1cc(C(=O)NC23CC4CC(CC(C4)C2)C3)c(=O)n2nc(-c3ccc(Cl)cc3)cc12,1
YXQYTSDYWOYZGY-UHFFFAOYSA-N,Ki,nM,341.6,CCCCCn1cc(C(=O)NC23CC4CC(CC(C4)C2)C3)c2cc(-c3ccco3)ccc21,1
YXRXOBOTFASVBH-QLXIDDQXSA-N,Ki,nM,296.8,COCCn1cc(C(=O)NC2C3(C)CCC(C3)C2(C)C)c(=O)c2ccc(F)cc21,1
YXUKUJWZXCOFBK-UHFFFAOYSA-N,EC50,nM,7.943,CCCCC1=NN(C(=O)NC(C)(C)c2ccccc2)C(C)(C)C1c1ccccc1,1
YXWKIWOKIYMBMA-UHFFFAOYSA-N,IC50,nM,16000.0,CC(C)Oc1ccc(S(=O)(=O)N2CCOCC2)cc1NC(=O)c1ccc(N2CCCC2=O)cc1,1
YYCKOMWYJTYGLL-UHFFFAOYSA-N,EC50,nM,16000.0,Cc1nc(N2CCN(C(=O)NCc3ccccc3)CC2)c2c3c(sc2n1)CCCC3,1
YYEGAEPGUIRMIU-DEOSSOPVSA-N,IC50,nM,1000.0,O=C(NC(C(=O)O)C1CCCCC1)c1cc2c(n(CC3CCCCC3)c1=O)CCCCCC2,1
YYFWEVOTTPIJNN-UHFFFAOYSA-N,IC50,nM,97.0,CC1(C)CC(C(N)=O)c2cc(-c3ccc(Cl)cc3)c(-c3ccc(Cl)cc3Cl)nc2O1,1
YYGCEPFDGICETR-UHFFFAOYSA-N,IC50,nM,125.89,CCCCNC(=O)c1ccc2c(c1)N=C(c1ccccc1Cl)c1ccccc1S2,1
YYHJKDYUEKFPTH-GAJHUEQPSA-N,EC50,nM,0.9,CC(NC(=O)C(C)(C)Nc1cc(C(F)(F)F)ccn1)C(Cc1ccc(Cl)cc1)c1cccc(C#N)c1,1
YYIXFVUXOLEZEW-UHFFFAOYSA-N,Ki,nM,5000.0,COCCNC(=O)c1c(NC(=O)C23CC4CC(CC2C4)C3)sc2c1CCOC2,1
YYLZHMYOUUACCO-UHFFFAOYSA-N,Ke,uM,0.98,Cc1ccc(NC(=O)c2nn(-c3ccc(Cl)cc3Cl)c(-c3ccc(Cl)cc3)c2C)nc1,1
YYOQFOPFAQBTMX-UHFFFAOYSA-N,IC50,nM,54.7,Cc1c(C2=NC(=O)C(C)(C)N2C)nn(-c2ccc(Cl)cc2Cl)c1-c1ccc(Cl)cc1,1
YYSASWRPUAYZKQ-FDDCHVKYSA-N,EC50,nM,3.5,CC(NC(=O)C(C)(C)Nc1cc(C(C)(C)C)on1)C(Cc1ccc(Cl)cc1)c1cccc(C#N)c1,1
YYXSOZMCBJMHOM-UHFFFAOYSA-N,Inhibition,%,18.0,CC(C)CN1C(=O)CN(Cc2ccc(-c3ccc(F)c(CN4CCCC(F)(F)C4)n3)cc2)C1=O,1
YZIGARNHZQBJLB-UHFFFAOYSA-N,Ki,nM,5000.0,Cc1c(C(=O)N(C)C2(C#N)CCOCC2)nn(-c2ccccc2Cl)c1-c1ccccc1,1
YZISPPUCYKTSHG-UHFFFAOYSA-N,Activity,%,27.2,CCCCCn1cc(C(=O)c2ccc3c(c2)COC3)c(=O)c2ccccc21,1
YZNSJNQGGXJZLD-UHFFFAOYSA-N,Ki,nM,63.2,CCCCCn1cc(C(=O)NCCN2CCOCC2)c(=O)c2ccc(Sc3ccccc3)cc21,1
YZPUPTZNEATUKA-UHFFFAOYSA-N,Ki,nM,5000.0,CC(=O)Cn1nnc(CNC(=O)c2ccc(-c3ccccc3)cc2)n1,1
YZRQNIUEWFRVFG-UHFFFAOYSA-N,EC50,nM,1753.0,O=C(Nc1sc2c(c1C(=O)N1CCOCC1)CCOC2)c1ccccc1C(F)(F)F,1
YZVWSWQVZWXTHO-UHFFFAOYSA-N,EC50,nM,1624.0,Oc1c(-c2ccccc2)n(-c2ccc(Br)cc2)c(=S)n1-c1ccc(Br)cc1,1
YZXHMXKDZSVFQN-UHFFFAOYSA-N,EC50,nM,7000.0,C=CCn1c2c(c3cc(C(=O)N4CCC(C)CC4)ccc31)CN(Cc1cccnc1)CC2,1
ZAAJQVMPSOBCJC-JJGXFYADSA-N,Ki,nM,2800.0,CC(CO)NC(=O)CCCC=CCC=CCC=CCC=CCCOC(=O)c1cccc2c1OC(C)(C(C)(C)C)O2,1
ZAIIZDMGLNYKSN-BPGUCPLFSA-N,Ki,nM,58.68,C=C(C)C1CCC(C)=CC1c1c(O)cc(C2(CCCCCC)CC2)cc1O,1
ZAIOBAPSQXCOKC-FQEVSTJZSA-N,Ke,nM,265.0,Cc1c(C(=O)NC2CCCN(C(=O)NC(C)C)C2)nn(-c2ccc(Cl)cc2Cl)c1-c1ccc(Cl)cc1,1
ZAQILESACFCOBN-UHFFFAOYSA-N,EC50,nM,26.0,O=C(c1cc2c(cc1F)OC(c1ccccc1)(c1ccccc1)O2)N1CCOCC1,1
ZATLZAYAHAWNSF-UHFFFAOYSA-N,Ki,nM,9.6,O=C(NC1CCCCCC1)c1cc2cccnc2n(Cc2ccc(F)cc2)c1=O,1
ZAWKJKUJHNYFAU-UHFFFAOYSA-N,Ki,nM,660.0,CCN(CC)c1ccc(CN(C2CCCCC2)S(=O)(=O)c2ccc(OC)cc2)cc1,1
ZAXLGOKJJSFMKC-UHFFFAOYSA-N,Ki,nM,2.0,CCCn1cnc2c(-c3ccc(Cl)cc3)n(-c3ccccc3Cl)nc2c1=O,1
ZBARPSHFQJVZLO-UHFFFAOYSA-N,IC50,nM,51.0,CC(C)(C)C(=O)Nc1ccc2ccn(Cc3cccc(-c4cccc5c4OCO5)c3)c2c1,1
ZBAYEOYBEJFJCK-UHFFFAOYSA-N,Ki,nM,1500.0,C=CCc1ccc(OCC)c(-c2ccc(OCC)c(CC=C)c2)c1,1
ZBEYQVWELCVVLY-BETUJISGSA-N,EC50,nM,15811.4,CC1CCC(C)N1c1ccc(-c2cc3ccccc3o2)nn1,1
ZBQIRTZFJVLJSH-KRWDZBQOSA-N,Ke,nM,1879.0,Cc1c(C(=O)NC2CCCNC2)nn(-c2ccc(Cl)cc2Cl)c1-c1ccc(Cl)cc1,1
ZBQRPVYKKFQYEU-UHFFFAOYSA-N,IC50,nM,5.5,CC(C)(C)C(=O)c1oc2nc(-c3ccc(Cl)cc3Cl)c(-c3ccc(Cl)cc3)cc2c1N,1
ZBSLIPYRPMLJDW-UHFFFAOYSA-N,IC50,nM,25.0,CCCCCNc1ccc(C(=O)c2cccc3ccccc23)c2ccccc12,1
ZCBYQTFHEPGBRZ-UHFFFAOYSA-N,Ki,nM,187.0,CCCn1c(C)c(C(=O)c2ccc(Cl)c3ccccc23)c2ccccc21,1
ZCEXMPINLFGGOH-UHFFFAOYSA-N,EC50,nM,501.19,NC(=O)CN1CCN(Cc2nc(-c3cn(CC4CCS(=O)(=O)CC4)c4c(Cl)cccc34)no2)CC1,1
ZCFHOMLAFTWDFM-UHFFFAOYSA-N,Activity,%,118.0,CC1(C)C(C(=O)c2cn(CCN3CCOCC3)c3ccccc23)C1(C)C,1
ZCFMDXLPNKCBKT-UHFFFAOYSA-N,Ki,nM,5000.0,CCCCCc1cc(O)cc(OCCCCCCCCCCCCCCCC(=O)NC2CC2)c1,1
ZCIDLTUTIPFKDX-SIBVEZHUSA-N,Ki,nM,5.1,N#Cc1ccc(C(=O)NCCC2CCC(c3ccc(Cl)cc3Cl)N(c3ccc(Cl)cc3)C2)cc1,1
ZCJCWQIZAYPVNC-NHCUHLMSSA-N,Ki,nM,51.1,CN(CC1CC1)c1ncc(C(=O)NC2CCCCC2O)cc1-c1ccc(Cl)cc1,1
ZCJQDFTXOMJLCA-UHFFFAOYSA-N,IC50,nM,211.8,COc1ccc(-c2c(C)c(C3=NC(=O)C(C)(C)N3C)nn2-c2ccc(Cl)cc2Cl)cc1,1
ZCNIUENUNVHIIZ-UHFFFAOYSA-N,Ki,nM,5000.0,O=C(c1cn(CCN2CCOCC2)c2ccccc12)C1CC(F)(F)C1(F)F,1
ZCNPXLYYLKFHFM-UHFFFAOYSA-N,Ki,nM,5000.0,CCCCCc1cc(O)cc(OCCCCCCCCCCOC(CO)CO)c1,1
ZDCIQHUTWQLKJP-UHFFFAOYSA-N,Inhibition,%,84.0,CCCCCCC(C)(C)c1cc(O)c2cc(Cc3ccccc3)c(=O)oc2c1,1
ZDCYFWQKNORWTH-UHFFFAOYSA-N,Inhibition,%,33.0,O=C(Cn1nnc(-c2ccc(Cl)cc2)c1-c1ccc(Cl)cc1)N1CCCCC1,1
ZDGJVKASQPXDJF-UHFFFAOYSA-N,Ki,nM,46.0,CNC1CCCOc2c1nn(-c1ccccc1Cl)c2-c1ccc(Cl)cc1.Cl,1
ZDTOKSOCGMDLIP-UHFFFAOYSA-N,IC50,nM,0.51,N#CCc1c(C(=O)NCc2ccc(Br)cc2F)nn(-c2ccccc2Cl)c1-c1ccc(Cl)cc1,1
ZEAQSVKHRCKPDT-FGZHOGPDSA-N,Ki,nM,67.8,CCCCCCC(C)(C)c1cc(C#N)c2c(c1)OC(C)(C)C1CCC(C)=CC21,1
ZEHUYBWWQFCQPB-UHFFFAOYSA-N,EC50,nM,74.0,CCCCC#Cc1ccc(-c2c(C)c(C(=O)NCCCCCC)nn2-c2ccc(Cl)cc2Cl)s1,1
ZEJDZXZRVDXCJA-GOSISDBHSA-N,Ki,nM,82.0,COc1cc(C(=O)NC2(C(=O)NC(C)c3ccc(-n4nc(-c5ccccc5)c5ccccc54)cc3F)CC2)on1,1
ZEMCXAZYSOBAGF-UHFFFAOYSA-N,EC50,nM,5000.0,CC1(Cc2ccccc2)COc2cc(C(=O)N3CCCCC3)ccc21,1
ZEXNATVNEZMLSJ-UHFFFAOYSA-N,IC50,nM,6.31,CCCCNC(=O)c1ccc2c(c1)N=C(c1ccc(Cl)c(Cl)c1)c1ccccc1S2,1
ZEZGDINSGFVJCH-UHFFFAOYSA-N,EC50,nM,1500.0,O=C(C1CC1)N1CCN(S(=O)(=O)c2c(Cl)cccc2Cl)CC1,1
ZFANQMLHHJVUIU-UHFFFAOYSA-N,Emax,%,0.3,O=C(O)CCc1nc(-c2ccc(F)cc2Cl)no1,1
ZFEOUZINYPNLSJ-UHFFFAOYSA-N,Inhibition,%,13.0,O=C1N=C2SCCCN2C1(c1ccccc1)c1ccccc1,1
ZFRFZWWSLWYYAE-SFKVQSMJSA-N,Ki,nM,4.0,CCCCCn1cc(C(=O)NC2C3(C)CCC(C3)C2(C)C)c(=O)c2ccc(F)cc21,1
ZFXQUUUELIZMGT-UGKGYDQZSA-N,Ki,nM,1.585,O=C(c1cn2c3c(cccc13)OCC2C1CCCCC1)N1CCN2CCCCC2C1,1
ZGCPUQXKERMYNW-UHFFFAOYSA-N,Kd,nM,5.623,Cc1c(C(=O)NCCCCCCCCCNCCCCCCCCCN)nn(-c2ccc(Cl)cc2Cl)c1-c1ccc(Cl)cc1,1
ZGFMSCFXRLKNRH-UHFFFAOYSA-N,Ki,nM,5000.0,O=S(=O)(c1ccccc1F)c1cc(Cl)ccc1S(=O)(=O)N1CCC2(CC1)CCN(S(=O)(=O)C(F)(F)F)C2,1
ZGHROMVKNAMFRK-UHFFFAOYSA-N,Ki,nM,4000.0,CC1CCN(C(=O)c2ccc3[nH]c4c(c3c2)CN(C2CCCC2)C4)CC1,1
ZGHTWMDBNONFFB-UHFFFAOYSA-N,Kd,nM,3.162,CCN=C(NS(=O)(=O)N(CC)CC)N1CC(c2ccccc2)C(c2ccc(Cl)cc2)=N1,1
ZGHYZBSZWYVLDL-UHFFFAOYSA-N,Activity,%,10.0,O=C1NC(=O)N(c2ccc(I)cc2)C1c1ccccc1,1
ZGMMGSCAIDATIP-UHFFFAOYSA-N,Ke,nM,2.1,O=C(CC1CCCCC1)NC1CCN(c2ncnc3c2nc(-c2ccccc2Cl)n3-c2ccc(Cl)cc2)CC1,1
ZGRCLYSCHUCQID-UHFFFAOYSA-N,EC50,nM,15811.4,FC(F)(F)Oc1ccccc1-c1ccc(N2CCOCC2)nn1,1
ZGRXRDVVSAPZEB-UHFFFAOYSA-N,EC50,nM,2620.0,Clc1ccc(-c2noc(C3CCN(c4cnc5ccccc5c4)CC3)n2)cc1,1
ZGTSOVCXRVNEHY-UHFFFAOYSA-N,IC50,nM,5.3,O=C(NC1CCC(F)(F)CC1)c1cnc(-c2ccc(Cl)cc2)c(-c2ccc(Cl)cc2)n1,1
ZHDSGHIHVLDCEF-UHFFFAOYSA-N,EC50,nM,5000.0,COC1CN(C(=O)c2c(NC(=O)CN3CCCCC3)sc3c2CCCC3)C1,1
ZHHCPRULJVHILG-UHFFFAOYSA-N,Ki,nM,3290.0,CCCCCn1cc(C(=O)NCc2ccccc2)c(=O)n2nc(C)cc12,1
ZHJDVSWMPWHWLE-UHFFFAOYSA-N,EC50,nM,50000.0,Cc1nc(N2CCN(C)CC2)c2nc(-c3ccccc3Cl)n(C3CC3)c2n1.Cl,1
ZHODJNPRVCPMFG-CSKARUKUSA-N,Activity,%,5.73,CCOC(=O)CNC(=O)CCC(=O)C=Cc1ccc2ccccc2c1,1
ZHZOQUQDUAAVIE-UHFFFAOYSA-N,EC50,nM,270.0,Cc1ccc(C(=O)NC2C3CC4CC(C3)CC2C4)cc1S(=O)(=O)N1CCOCC1,1
ZICJRISHCDNMLQ-WPVUHESFSA-N,IC50,nM,8500.0,O=C1CC(C(=O)N2CCC(O)(c3ccccc3)C3CCCCC32)CN1,1
ZIFRHKZGZSZWKC-UHFFFAOYSA-N,Activity,%,27.0,CCCCCn1cc(CNC23CC4CC(CC(C4)C2)C3)c(=O)c2ccccc21,1
ZIGXYXLJFMRIJW-UHFFFAOYSA-N,Ki,nM,560.0,O=C(NC1CCCCC1)c1c(O)c2cccnc2n(Cc2ccccc2)c1=O,1
ZIXCCDXAORGXTL-BTGXJRSQSA-N,Ki,nM,86.33,CCCCCCC(C)(C)c1ccccc1C=CCC=CCC=CCCCC(=O)NC(C)CO,1
ZIYHRNUUMSIKNG-UHFFFAOYSA-N,Ki,nM,5000.0,O=C(O)CCCn1cccc(C(=O)NC2CCCCCC2)c1=O,1
ZJBPZPYUENLJHQ-FCHUYYIVSA-N,IC50,nM,0.3,CC(C)Oc1cc(C(F)(F)F)cc(S(=O)(=O)N2CCN(C(=O)C3CC3c3ccc(C(F)(F)F)cc3)CC2)c1,1
ZJDHNKQXFQFOCP-UHFFFAOYSA-N,EC50,nM,2.2,O=C(Cc1ccccc1C(F)(F)F)N1CCN(S(=O)(=O)c2cc(Cl)cc(Cl)c2)CC1,1
ZJEQGJQQTHSFFZ-UHFFFAOYSA-N,IC50,nM,388.0,COc1ccc(-n2c(-c3ccc(Cl)cc3)nn(C(=O)NC3CCCCC3)c2=O)cc1,1
ZJEVPGYPMMBXFI-UHFFFAOYSA-N,Inhibition,%,93.0,Cc1c(C(=O)N(C)Cc2ccccc2)oc2ccc(S(=O)(=O)N3CC(C)CC(C)C3)cc12,1
ZJGAKXDZOHTVIW-IBGZPJMESA-N,Ke,nM,86.0,CC(=O)N1CCCC(NC(=O)c2nn(-c3ccc(Cl)cc3Cl)c(-c3ccc(Cl)cc3)c2C)C1,1
ZJNQGLZHOIOWFU-SGERCBKXSA-N,EC50,nM,2500.0,CC(NS(=O)(=O)C=Cc1n[nH]c2c1CCCCC2Cc1cccc(F)c1)c1ccccc1,1
ZJPHCFVVUDEEFO-HHUAMSDTSA-N,Ki,nM,197.0,CCC1COc2cccc3c(=O)c(C(=O)NC45CC6CC(CC(C6)C4)C5)cn1c23,1
ZJSFTROTILOCEP-UHFFFAOYSA-N,Ki,nM,80.0,Cc1c(C(=O)NCCc2ccc(Cl)cc2)nn(-c2ccc(F)cc2F)c1-n1cccc1,1
ZKAMYFKSRGZWDY-UHFFFAOYSA-N,Ki,nM,322.0,CCCCn1c(CC)c(C)cc(C(=O)NCc2ccccc2)c1=O,1
ZKBCBIRBLMTSPC-ZAJAATJQSA-N,Activity,%,62.6,CC=CC=CC=Cc1c(O)cc(CC=C(C)C)c(O)c1C=O,1
ZKDQQZUDSVHKMM-UHFFFAOYSA-N,Activity,%,39.8,CCCCCn1c(C)c(C(=O)NC23CC4CC(C)(CC(C)(C4)C2)C3)c(=O)c2ccccc21,1
ZKFMBNXOLWLPFN-RTBURBONSA-N,Ki,nM,2.7,CCCCCC(C)(C)c1cc(O)c2c(c1)OC(C)(C)C1CC=C(C)CC21,1
ZKHONUIMXURESB-UHFFFAOYSA-N,Ke,nM,1.05,O=S(=O)(NC1CCN(c2ncnc3c2nc(-c2ccccc2Cl)n3-c2ccc(Cl)cc2)CC1)C(F)(F)F,1
ZKLHQVBOKHBSPT-QGZVFWFLSA-N,Ki,nM,1470.0,CC(C)(C)C(NC(=O)n1c(=O)n(CCC2CCOCC2)c2ccccc21)C(N)=O,1
ZKOJGGOBCWAUBA-UHFFFAOYSA-N,EC50,nM,1500.0,O=C(C1CC1)N1CCN(S(=O)(=O)c2c(Cl)cc(Cl)cc2Cl)CC1,1
ZKRYLXJTFDLHGE-UHFFFAOYSA-N,Ki,nM,5000.0,C=CCn1cc(C(=O)NC23CC4CC(CC(C4)C2)C3)c(=O)c2cc(-c3ccco3)ccc21,1
ZKZJBGVZECGCQS-UHFFFAOYSA-N,EC50,nM,16000.0,Cc1cc(C)nc(NS(=O)(=O)c2ccc(NC(=O)c3cc(-c4ccccc4)nc4ccccc34)cc2)n1,1
ZLAWAWAQNKQDIU-UHFFFAOYSA-N,IC50,nM,10.0,CC(=O)c1ccc(-c2cc3c(nc2-c2ccccc2Cl)nc(C(C)(C)C)n2c(=O)[nH]nc32)cc1,1
ZLEPXCBJUAFHHE-UHFFFAOYSA-N,IC50,nM,500.0,O=C(O)CN=C(NS(=O)(=O)c1ccc(Cl)cc1)N1CC(c2ccccc2)C(c2ccc(Cl)cc2)=N1,1
ZLHGIMPPDIUTJP-UHFFFAOYSA-N,IC50,nM,620.0,Cc1cccc(-n2ncc(C(=O)NCC3CC3)c2-c2ccc(-c3ccccc3)cc2)c1,1
ZLNCKCGHGNMTJQ-UHFFFAOYSA-N,Inhibition,%,11.0,CCC(C)(C)C(=O)Nc1cc(CN2CCOCC2)c(C#N)cn1,1
ZLQCFAFBDHCZML-KTKRTIGZSA-N,Ki,nM,20000.0,CCCCCCCCC=CCCCCCCCCNC(=O)c1nc(-c2ccc(Cl)cc2)n(-c2ccc(Cl)cc2)n1,1
ZLQWPOMATSXNAY-UHFFFAOYSA-N,EC50,nM,5000.0,CC1(C)CN(C(=O)C23CC4CC(CC(C4)C2)C3)c2ccccc21,1
ZLRSQTMAGSCJBZ-MHECFPHRSA-N,IC50,nM,3.4,CC(NC(=O)C(C)(C)Oc1ccc(Cl)cc1)C(Cc1ccc(C(F)(F)F)cc1)c1ccccc1,1
ZLSXSVZUOHCGHA-UHFFFAOYSA-N,Activity,%,140.7,O=C(NCCc1ccc([N+](=O)[O-])cc1)c1cc2cc(Cl)ccc2[nH]1,1
ZLUIJMJNGMMQKT-CCLHPLFOSA-N,EC50,nM,1.9,CC(NC(=O)C(C)(C)Nc1cc2ccccc2cn1)C(Cc1ccc(Cl)cc1)c1cccc(C#N)c1,1
ZLYKETWUOTZDCZ-UHFFFAOYSA-N,EC50,nM,1430.0,CCN1CCN(c2nc(C)nc3nc(-c4ccccc4Cl)[nH]c23)CC1.Cl,1
ZMEPEBXUHCNCIK-UHFFFAOYSA-N,Ki,nM,1905.46,CC1(C)C(C(=O)c2cn(CC3CCOCC3)c3ccc(Br)cc23)C1(C)C,1
ZMGVNZVNVKVIJG-UHFFFAOYSA-N,EC50,nM,5000.0,O=C(Nc1ccc(Cl)c(S(=O)(=O)N2CCOCC2)c1)c1ccccc1Cl,1
ZMHYLSJQTABXPG-UHFFFAOYSA-N,EC50,nM,0.8,CC(F)(F)CN1CCc2c(nn(-c3ccccc3Cl)c2-c2ccc(Cl)cc2)C1=O,1
ZMISFODKGOSBNR-UHFFFAOYSA-N,Ke,nM,264.0,Cc1c(C(=O)N2CCC(NC(=O)Nc3ccc(N(C)C)cc3)(c3ccccc3)CC2)nn(-c2ccc(Cl)cc2Cl)c1-c1ccc(Cl)cc1,1
ZMKXHVXMIBUHKG-UHFFFAOYSA-N,Activity,%,30.0,Cc1cc(=O)c(C(=O)NC23CC4CC(CC(C4)C2)C3)cn1CC1CCOCC1,1
ZMNUYNSZJGYBBQ-UHFFFAOYSA-N,Ki,nM,1500.0,O=C(Nc1ccccc1)N1CC(Cc2ccccc2)C(c2ccccc2)=N1,1
ZMQCBXIINVZMFN-UHFFFAOYSA-N,IC50,nM,165.0,Cn1cc(-c2nc(-c3ccccc3Cl)c(-c3ccc(Cl)cc3)cc2C#N)cn1,1
ZMRMCCQCBIVGDN-UHFFFAOYSA-N,Ki,nM,8.2,O=C(NC1CCCCC1)c1cn(-c2ccc(F)cc2)c(-c2ccc(Cl)cc2Cl)n1,1
ZMVOSXWFIBSYRX-UHFFFAOYSA-N,EC50,nM,16000.0,COc1ccc(S(=O)(=O)Nc2ccc(C)cc2)cc1N(C)S(=O)(=O)c1ccc(Cl)cc1,1
ZMWXDKBXXDQKSV-UHFFFAOYSA-N,IC50,nM,2800.0,Cc1c(C(=O)NN2CCCCC2)nn(-c2ccc(F)cc2F)c1-n1c(C)ccc1C,1
ZMXLTDWQWGKLBP-UHFFFAOYSA-N,Ki,nM,101.0,O=C(NC1CCc2ccccc21)c1nc(-c2ccc(Cl)cc2Cl)n(-c2ccc(Cl)cc2)n1,1
ZNCQSMLTVWIXRA-UHFFFAOYSA-N,Ki,nM,240.0,Cc1cn(-c2ccc(Cl)cc2Cl)c2c1C(=O)N(C1CCCCC1)CC2,1
ZNDWAMNMKWTCSD-UHFFFAOYSA-N,IC50,nM,5000.0,CC(=O)c1c(C(=O)NCCc2ccc(N3CCCCC3)cc2)[nH]c2ccc(Cl)cc12,1
ZNGMGMSYGRQIGJ-UHFFFAOYSA-N,IC50,nM,4.1,CC(C)Nc1nc(C(C)(C)C)nc2nc(-c3ccccc3Cl)c(-c3ccc(Cl)cc3)cc12,1
ZNHNBEXEBBBFMB-UHFFFAOYSA-N,Activity,%,95.0,CCN(Cc1ccccc1)C(=O)c1oc2ccc(S(=O)(=O)N3CC(C)CC(C)C3)cc2c1C,1
ZNIVJKLPBYZMQE-VULFUBBASA-N,Ki,nM,17.0,Cc1c(C=NN2CCCCC2)nn(-c2ccc(Cl)cc2Cl)c1-c1ccc(Cl)cc1,1
ZNLUNHMGBUNPPT-UHFFFAOYSA-N,Activity,%,29.0,O=C1NC(c2ccc(Br)cc2)(c2ccc(Br)cc2)C(=O)N1c1ccccc1,1
ZNLYBTSYZSJLGX-UHFFFAOYSA-N,Activity,pmol,0.12,Cc1c(S(=O)(=O)NN2CCCCC2)nn(-c2ccc(Cl)cc2Cl)c1-c1ccc(Cl)cc1,1
ZNNZNLTXPVOZGN-ISKFKSNPSA-N,Inhibition,%,50.0,COc1ccc(C2C(Cc3cc4ccccc4o3)C(=O)N2c2ccccc2)cc1,1
ZNUUCWGFYUPEHD-UHFFFAOYSA-N,Ke,nM,3.3,O=C(NC1CCN(c2ncnc3c2nc(-c2ccccc2Cl)n3-c2ccc(Cl)cc2)CC1)C1CCCCC1,1
ZODOKJDCKKQAKN-HFZDXXHNSA-N,IC50,nM,0.47,Cc1ccnc(OC(C)(C)C(=O)NC(C)C(Cc2ccc(OCCF)cc2)c2cccc(C#N)c2)c1,1
ZODUEYNVTIAXJD-UHFFFAOYSA-N,IC50,nM,154.0,N#Cc1cc(-c2ccc(Cl)cc2)c(-c2ccc(Cl)cc2Cl)nc1Sc1ccc(F)cc1,1
ZOEVPGZKQFUFNZ-UHFFFAOYSA-N,Ki,nM,1.4,COCC(=O)NC1CCCOc2c1nn(-c1ccccc1Cl)c2-c1ccc(Cl)cc1,1
ZOFLCVIJLZJJHB-UHFFFAOYSA-N,Ke,nM,495.0,CC(C)NC(=O)N1CCC(Nc2ncnc3c2nc(-c2ccccc2Cl)n3-c2ccc(Cl)cc2)CC1,1
ZOHCTKDFWBPLPP-MGBGTMOVSA-N,EC50,nM,31.0,CS(=O)Cc1ccc(C(=O)Nc2cccnc2C(=O)NCC2CCOCC2)c2ccccc12,1
ZOLAHCWMNHCSTF-WOJBJXKFSA-N,Ki,nM,208.0,O=C(NC1CCCCC1O)c1cnc(OC2CCC2)c(-c2ccc(Cl)cc2)c1,1
ZOLQPCWWRNXSAE-UHFFFAOYSA-N,Ki,nM,50.0,Cc1c(C(=O)NCCc2ccc(Cl)cc2)nn(-c2ccc(F)cc2F)c1-n1c(C)ccc1C,1
ZONHXSALQBZLPW-WOJBJXKFSA-N,Ki,nM,13.7,CC1=CCC2C(C1)c1c(O)cc(C(C)(C)c3ccc(C(N)=O)cc3)cc1OC2(C)C,1
ZOTYAJXIEVKGPQ-UHFFFAOYSA-N,Ki,nM,272.6,CCCCNC(=O)c1nn(-c2ccc(Cl)cc2Cl)c(-n2cccc2)c1C,1
ZOZJJSMOEWIHDQ-LEWJYISDSA-N,IC50,nM,0.6,O=C(C1CC1c1ccc(C(F)(F)F)cc1)N1CCN(S(=O)(=O)c2cc(-n3nccn3)cc(C(F)(F)F)c2)CC1,1
ZPMCQPHGBGPKNX-UHFFFAOYSA-N,EC50,nM,500.0,CC(C)(C)c1cc(NCCCc2nc(-c3ccc(F)cc3Cl)no2)no1,1
ZQEMOUWUUOCOCB-UHFFFAOYSA-N,IC50,nM,5.4,CC(=O)Nc1c(C(=O)C(C)(C)O)oc2nc(-c3ccccc3Cl)c(-c3ccc(Cl)cc3)cc12,1
ZQIRIKUSALQZQS-UHFFFAOYSA-N,Ki,nM,137.0,CC1CCN(C(=O)c2ccc3c(c2)c2c(n3S(=O)(=O)C3CC3)CN(C3CCCC3)C2)CC1,1
ZQPMCNQIPGKBNR-UHFFFAOYSA-N,Ki,nM,1.7,CCCCCCC(C)(C)c1ccc(-c2c(C)cccc2C)c(O)c1,1
ZQSCPHDJBUPVLZ-UHFFFAOYSA-N,Ki,nM,28.9,CCCCCn1cc(C(=O)NN2CCCCC2)c(=O)c2ccc(Sc3ccccc3)cc21,1
ZQUXXWZFLDQFHI-UHFFFAOYSA-N,Inhibition,%,2.2,CCCCCCCCCCCCCCCC(=O)NC(c1ccccc1)c1ccccc1,1
ZQWGPRBGGYHRSY-UHFFFAOYSA-N,EC50,nM,1584.89,CCCCCC1=NN(C(=O)Nc2cccc3ccccc23)CC1c1ccccc1,1
ZQWUQDAPJWILSL-UHFFFAOYSA-N,EC50,nM,63.1,OC1CCN(Cc2csc(-c3cn(CC4CCOCC4)c4c(Cl)cccc34)n2)CC1,1
ZQYMYNTXESIPRE-UHFFFAOYSA-N,Emax,%,97.0,O=C(c1cccc(F)c1C(F)(F)F)c1nc(CN2CCOCC2)c2ccccn12,1
ZREKTMNXUFQZAY-UHFFFAOYSA-N,EC50,nM,5000.0,COC1CCN(C(=O)C23CC4CC(CC(C4)C2)C3)c2ccccc21,1
ZRJXRICFWLDCDT-UHFFFAOYSA-N,Ki,nM,5.998,O=C(NC1CCCCC1)c1nn(-c2ccc(Cl)cc2Cl)c(-c2ccc(Br)cc2)c1CO,1
ZRPASWQEENKWNT-UHFFFAOYSA-N,IC50,nM,3.4,CNC(=O)c1cc(-c2ccc(Cl)cc2)c(-c2ccc(Cl)cc2Cl)nc1OCC1CCCCC1,1
ZRPKPJAJWKOWLI-UHFFFAOYSA-N,IC50,nM,2200.0,O=C(NN1CCCCC1)c1nc(-c2ccc(Cl)cc2)c(-c2ccc(Cl)cc2)o1,1
ZSBIGUGIJAVIGY-UHFFFAOYSA-N,IC50,nM,3.8,N#Cc1cc(-c2ccc(Cl)cc2)c(-c2ccccc2Cl)nc1N1CCN(S(=O)(=O)c2cc(F)cc(F)c2)CC1,1
ZSMXQQRQXNUYSW-UHFFFAOYSA-N,Inhibition,%,4.9,CCCCCCCCCCCCCCCC(=O)Nc1ccccc1C,1
ZSNHUVQELCJKAP-UHFFFAOYSA-N,Ki,nM,5000.0,CC(C)Cn1nnc(CNC(=O)c2ccc(-c3ccccc3)cc2)n1,1
ZSPFVMNLOUVHDD-UHFFFAOYSA-N,IC50,nM,3600.0,O=C(NCC1CCCCC1)c1ccncc1NC(=O)c1cccc2ccccc12,1
ZSTZBZQMQRXLFA-UHFFFAOYSA-N,Activity,%,26.0,CCCCCn1cc(C(=O)NC23CC4CC(CC(C4)C2)C3)c(=O)n2nc(-c3cccs3)cc12,1
ZSVWFIMIOMNHKY-UHFFFAOYSA-N,Ki,nM,5000.0,CCCCCn1cc(C(=O)NC23CC4CC(CC(C4)C2)C3)c(=O)c2cc(C3CCCCC3)ccc21,1
ZSWRBXLXOXOSOJ-UHFFFAOYSA-N,Ki,nM,41.0,CCCCCc1cc2c(c3c1CCCO3)C1C=C(C)CCC1C(C)(C)O2,1
ZSZXDQXOVMIMGY-UHFFFAOYSA-N,Ki,nM,4766.0,CCOc1ccc(Cc2nc3cc(C(=O)N(CC)CC)ccc3n2Cc2ccccc2)cc1,1
ZTCBBXBKENLBTH-UHFFFAOYSA-N,Ki,nM,1500.0,Cc1cc(C2=NN(C(=O)Nc3ccccc3)CC2Cc2ccccc2)ccc1Cl,1
ZTGKVOWLMNFXKC-UHFFFAOYSA-N,EC50,nM,10000.0,CC(C)c1ccc(NC(=O)N2CCCN(C(=O)CCC3CCCC3)CC2)cc1,1
ZTGRWYMPQCQTHD-ONGXEEELSA-N,Inhibition,%,-3.0,CC1C(c2ccccc2)CC(=O)N1CC(N)=O,1
ZTLQGTKQJAZKOK-YRNRMSPPSA-N,EC50,nM,125.89,CC1CN(C(=O)c2cn3c4c(cccc24)OCC3C2CCCCC2)CC(C)N1,1
ZUALWPVGMXNPBN-UYRXBGFRSA-N,Intrinsic activity,%,-40.0,O=C1C(=Cc2cccc(OCc3ccc(Cl)cc3)c2)N=C2SCCCCN12,1
ZUBGNGYXMBUIOU-OAHLLOKOSA-N,Ki,nM,33.0,COc1cc(C(=O)NC2(C(=O)NC(C)c3ccc(-n4nc(C5CC5)c5ccccc54)cc3F)CC2)on1,1
ZUDSRURPOZQCNO-UHFFFAOYSA-N,EC50,nM,50000.0,Cc1nc(N2CCN(C)CC2)c2nc(-c3ccccc3Cl)n(CCN3CCCC3=O)c2n1,1
ZUENDXIRQKLKPB-UHFFFAOYSA-N,Activity,%,73.7,CCCCCOc1c(OC)ccc2cc(C(=O)NCCc3ccccc3)c(Cl)nc12,1
ZUGSKGOXKOPJLC-UHFFFAOYSA-N,Activity,%,30.0,CCCCCn1cc(C(=O)Nc2ccccc2)c(=O)cc1C,1
ZUHIXXCLLBMBDW-UHFFFAOYSA-N,EC50,nM,1038.0,CN1CCCCC1Cn1cc(C(=O)c2cc([N+](=O)[O-])ccc2I)c2ccccc21,1
ZUJSEDWCKSCQLS-UHFFFAOYSA-N,IC50,nM,1300.0,CC(C)(Oc1ccc(C(F)(F)F)cn1)C(=O)N1CC(Cc2ccc(Cl)cc2)(c2ccccc2)C1,1
ZUOBXCIPMDWWFZ-UHFFFAOYSA-N,Ki,nM,500.0,O=C(NS(=O)(=O)c1ccc(Cl)cc1)N1CC(c2ccccc2)C(c2ccc(Cl)cc2)=N1,1
ZUORCZYEOXPHGZ-UHFFFAOYSA-N,EC50,nM,16000.0,CC(C)Oc1ccc(S(=O)(=O)N2CCOCC2)cc1NC(=O)c1cc2ccccc2s1,1
ZUPQJCNEYFLCDR-HRAATJIYSA-N,IC50,nM,75.2,CCCCS(=O)(=O)NC(C)C(Cc1ccc(Cl)cc1)c1cccc(C#N)c1,1
ZUPVKGBBKNFLPT-UHFFFAOYSA-N,IC50,nM,9.3,O=C(C1CCCCC1)N1CCN(C(c2ccccc2)c2ccc(Cl)cc2Cl)CC1,1
ZUULGHRKDMXGPS-UHFFFAOYSA-N,IC50,nM,4.1,CCn1c(C(=O)NC2CCCCC2)nc(-c2ccc(Cl)cc2Cl)c1-c1ccc(Cl)cc1,1
ZUUXMXNNRQEFCC-UHFFFAOYSA-N,Ki,nM,344.9,CCCCCn1cc(C(=O)C(=O)NC23CC4CC(CC(C4)C2)C3)c2cc(-c3ccco3)ccc21,1
ZUZXFSJBHTVPLR-UHFFFAOYSA-N,Ki,nM,5.2,CCCCCc1ccc(OCCCCCCCCCCC(=O)NC2CC2)cc1O,1
ZVDOZRLSSIYSTM-UHFFFAOYSA-N,Activity,%,5.0,O=C(Nc1ccc(I)cc1)NC(c1ccccc1)c1ccccc1,1
ZVFXKNSYECSLJW-UHFFFAOYSA-N,IC50,nM,2.4,COCc1nc(-c2ccc(Cl)cc2)c(-c2ccc(Cl)cc2)nc1C(=S)NC1CCC(F)(F)CC1,1
ZVILMDFEAURYHV-UHFFFAOYSA-N,IC50,nM,222.0,Cc1ccc(-n2c(-c3ccc(Cl)cc3)nn(C(=O)NC3CCCCC3)c2=O)cc1,1
ZVLCUEYBFQDOMB-UHFFFAOYSA-N,Ki,nM,134.0,CCCCCn1cc(C(=O)NC23CC4CC(CC(C4)C2)C3)c(=O)cc1-c1ccc(C)cc1,1
ZVQRGTNXPYHJBF-UHFFFAOYSA-N,Activity,%,15.0,CCCCCn1cc(C(=O)NC2CCCCC2)c(=O)n2nc(-c3ccc(Cl)cc3)cc12,1
ZVRXOXFSMYJETP-UHFFFAOYSA-N,Ki,nM,62.2,COc1ccc(-c2c(C)c(C(=O)NC3(C#N)CCOCC3)nn2-c2ccccc2Br)cc1,1
ZVVFCIOJNGSNKW-UHFFFAOYSA-N,Inhibition,%,30.6,CCCCCCCCCCCCCCCC(=O)NCCCCl,1
ZVWCQZLVXXLSDF-UHFFFAOYSA-N,Inhibition,%,55.7,C=NC(=O)Cn1nnc(-c2ccc(Cl)cc2Cl)c1-c1ccc(Cl)cc1Cl,1
ZVWRRGUGPIIDEX-UHFFFAOYSA-N,Activity,%,24.0,Cc1noc(C)c1S(=O)(=O)N1CCc2c(nc(CC(C)(C)C)n2CC2CC2)C1,1
ZVXTVNOSCVWRDF-UHFFFAOYSA-N,EC50,nM,63.1,COc1ccccc1OC(=O)c1ccc(C)c(S(=O)(=O)N2CCOCC2)c1,1
ZWEUSOIZQIEIES-UHFFFAOYSA-N,Kd,nM,309.03,Cc1c(C(=O)NCCCCCN(C)CCCCCN)nn(-c2ccc(Cl)cc2Cl)c1-c1ccc(Cl)cc1,1
ZWFJVFFJDQLYQI-UHFFFAOYSA-N,EC50,nM,5000.0,O=C(Nc1sc2c(c1C(=O)N1CCOCC1)CCOC2)c1ccccc1OC(F)(F)F,1
ZWHGWVPWIBDREY-UHFFFAOYSA-N,Activity,%,80.0,C=CCN(CC=C)S(=O)(=O)c1ccc(NC(=S)NC(=O)c2ccc(-c3ccccc3)cc2)cc1,1
ZWRBQWNIYZAUOH-LBPRGKRZSA-N,Ki,nM,5.8,CC(NS(=O)(=O)C(F)(F)F)c1ccc(S(=O)(=O)c2ccc(Cl)cc2S(=O)(=O)c2c(F)cccc2F)cc1,1
ZWUFWSBHKJAWLM-UHFFFAOYSA-N,Ki,nM,2200.0,O=C(NCCCc1ccccc1)C(c1ccccc1)c1ccc(Cl)cc1,1
ZWVXCARJWQKEEI-UHFFFAOYSA-N,EC50,nM,398.11,COc1ccc(C(=O)Oc2cccc3cccnc23)cc1S(=O)(=O)N1CCOCC1,1
ZWVYVOGHOIVRBT-UHFFFAOYSA-N,EC50,nM,10000.0,CC(C)(C)c1cc(NC(=O)N2CCCN(C(=O)C3CCNCC3)CC2)no1,1
ZXIYCLHOVYOSDQ-FKBDDQMTSA-N,Ki,nM,2000.0,CCCCCC=CCC=CCC=CCC=CCCCC(=O)NC(C)COC(=O)CCCCCNC(=O)CCCCC1SCC2NC(=O)NC21,1
ZXNXVLWQTMVGIP-UHFFFAOYSA-N,EC50,nM,5000.0,CC(=O)N1CCC(Cn2c(C(C)(C)C)nc3cc(S(=O)(=O)CCCO)ccc32)CC1,1
ZXRHTIKQXHNMFB-UHFFFAOYSA-N,IC50,nM,900.0,Cc1ccc(-c2nc(C(=O)NC3CCCCC3)n(C)c2-c2ccc(C)cc2)cc1,1
ZXURDRUYXLVWSH-UHFFFAOYSA-N,EC50,nM,18.0,Cn1c(C(=O)NC2CCCCC2)nc(-c2ccc(Cl)cc2Cl)c1-c1ccc(Cl)cc1,1
ZYJFHTSOOUFNFJ-UHFFFAOYSA-N,EC50,nM,5.0,O=C(c1cc2c(cc1F)OC(c1ccc(F)cc1)(c1ccc(Cl)cc1Cl)O2)N1CCCCC1,1
ZYKABORTQCIYBC-ZHACJKMWSA-N,Ki,nM,4900.0,CCCCCCCCC=CC(=O)Nc1ccc(OC)cc1,1
ZYUDBNLXUGFGEJ-UHFFFAOYSA-N,Ki,nM,5000.0,CCCCOc1ncc(Br)cc1C(=O)NC1CCCCCC1,1
ZYVLQPWWJVOLAX-UHFFFAOYSA-N,EC50,nM,13.0,COC(C)(C)CN1CCc2c(nn(-c3ccccc3Cl)c2-c2ccc(Cl)cc2)C1=O,1
ZYWWZDGUSITUPO-UHFFFAOYSA-N,Ki,nM,20000.0,CCCCCc1cc(-c2ccc(Cl)cc2)n(-c2ccc(Cl)cc2Cl)n1,1
ZYXHCWAYPIYTQW-UHFFFAOYSA-N,EC50,nM,5.9,COCc1ccc(C(=O)Nc2cccnc2C(=O)NCC2CCC2)c2ccccc12,1
ZYXPZNUJASUZOF-UHFFFAOYSA-N,Ki,nM,2500.0,C=CCc1ccc(OCCCCC)c(-c2ccc(O)c(CC=C)c2)c1,1
ZYYJHMAXCTYOMG-UHFFFAOYSA-N,EC50,nM,5000.0,O=C(N1CCc2ccccc21)C12CC3CC(CC(O)(C3)C1)C2,1
ZYYKELJLRCODDX-UHFFFAOYSA-N,Ki,nM,36.0,O=C(NC1CCCCC1)c1cn(-c2ccc(Cl)cc2)c(-c2ccc(F)cc2F)n1,1
ZZMJROLSIGTPMN-UHFFFAOYSA-N,Ki,nM,1800.0,CCC(C)(C)C(=O)Cc1cc(C)c(C)c(S(=O)(=O)N2CCCCCC2)c1,1
ZZPRUFQKSMSCLW-UHFFFAOYSA-N,EC50,nM,53.0,CCOc1ccc(Cn2c3c(c4cc(C(=O)N5CCC(C)CC5)ccc42)CN(C2CCOCC2)CC3)cc1,1
ZZRIQDWDJVLELF-UHFFFAOYSA-N,Activity,%,10.0,O=C1CN=C(S)N1c1ccccc1,1
ZZTPACIJHCBASD-UHFFFAOYSA-N,Ki,nM,3310.0,CC1(C)C(C(=O)c2cn(CC3CCOCC3)c3ccc(C#N)cc23)C1(C)C,1
ZZUKFXGVUSGZCV-UHFFFAOYSA-N,IC50,nM,3.1,N#Cc1cc(-c2ccc(Cl)cc2)c(-c2ccc(Cl)cc2Cl)nc1OCc1ccc(F)cc1,1
ZZVCORQGJBSHDI-UHFFFAOYSA-N,Ki,nM,2500.0,C=CCc1cc(-c2cc(CC(C)Br)ccc2O)ccc1OC,1
ZZXRSBQQNVJSCT-UHFFFAOYSA-N,Ki,nM,11.9,CCCCCC1=NN(C(=O)NC2CCCCCCC2)CC1c1ccccc1,1
AAMJDOSCUCFMCE-UHFFFAOYSA-N,EC50,nM,112.0,Cc1c(C(=O)NCCCCCCCCN)nn(-c2ccc(Cl)cc2Cl)c1-c1ccc(Cl)cc1,1
ADJAEKRETOSJPM-UHFFFAOYSA-N,Activity,%,15.0,CCc1c(C(=O)N2CCN(c3ccc(Cl)cc3)CC2)[nH]c2ccc(Cl)cc12,1
AEQBWBNVTDUQLE-UHFFFAOYSA-N,Activity,%,56.0,CCN1CCN(C(=O)c2cn(CC3CCCC3)c3c(OC)cccc23)CC1.Cl,1
AFIJCJLHXUFJCZ-UHFFFAOYSA-N,Activity,%,15.0,CCc1c(C(=O)NCCc2ccc3c(c2)OCO3)[nH]c2ccc(Cl)cc12,1
AHGWAIIBUTYNFT-UHFFFAOYSA-N,Activity,%,80.0,CCN1CCN(C(=O)c2cn(CC3CCCCC3)c3c(Cl)cccc23)CC1.Cl,1
AJQXBGMQGOBICG-ZDUSSCGKSA-N,EC50,nM,2940.0,CC(C)(C)c1cc(NC(=O)C2CCCCN2CC2CC2)no1,1
AJVPUNJYFILEKO-UHFFFAOYSA-N,IC50,nM,5000.0,CCCOc1c(OC)ccc2cc(C(=O)NC3CCCCC3)c(=O)oc12,1
AKCVFIKEGVNWOO-UHFFFAOYSA-N,EC50,nM,7240.0,Cc1c(C(=O)NCCCCCCCCNC(=O)C23CC4CC(C2)CC(C(=O)NCCCCCCCCNC(=O)c2nn(-c5ccc(Cl)cc5Cl)c(-c5ccc(Cl)cc5)c2C)(C4)C3)nn(-c2ccc(Cl)cc2Cl)c1-c1ccc(Cl)cc1,1
AODQAZVAXXWDGU-UHFFFAOYSA-N,Ki,nM,5000.0,CCCCn1cc(C(=O)NC2CCCC2)c(=O)c2cccc(OC)c21,1
AUWUESCHMQVOMB-UHFFFAOYSA-N,Ki,nM,1494.0,CCCCc1cc(-c2ccc(OC)cc2)cc(C(=O)NC2CCCCCC2)c1OC,1
AWECDMXIYDDBJV-UHFFFAOYSA-N,Ki,nM,1500.0,CCCCCn1nc2c3ccccc3n(CCCCC)cc-2c1=O,1
AXLWZLIKOHXLBY-UHFFFAOYSA-N,Activity,%,15.0,Cc1c(C(=O)NCCc2ccc(N3CCCCC3)cc2)[nH]c2ccc(F)cc12,1
AYRVGOBUOADVRT-UHFFFAOYSA-N,EC50,nM,5000.0,CCCCOc1cccc2cc(C(=O)NC34CC5CC(CC(C5)C3)C4)c(=O)oc12,1
BAUZVWBSZFLVIL-AWEZNQCLSA-N,EC50,nM,30.0,CC(C)(C)c1cc(NC(=O)C2CCCN2c2ccc(Cl)cc2)no1,1
BAYIEZIVBJSDAA-UHFFFAOYSA-N,EC50,nM,34673.7,CCOc1ccc(Cc2nc3cc(C(=O)N(CC)CC)ccc3n2CCCN(C)CCCn2c(Cc3ccc(OCC)cc3)nc3cc(C(=O)N(CC)CC)ccc32)cc1,1
BFMXZNGNFWSMNV-UHFFFAOYSA-N,Activity,%,15.0,CCc1c(C(=O)NCCc2ccccc2Cl)[nH]c2ccc(Cl)cc12,1
BHSFBZWVKDKDEJ-UHFFFAOYSA-N,EC50,nM,5000.0,Cc1nc(N2CCN(C)CC2)c2nc(-c3ccccc3Cl)n(C(C)(C)CO)c2n1,1
BIMFLDLUJSAALT-JSGCOSHPSA-N,EC50,nM,15000.0,O=C(NCC1CCOCC1)c1nn(-c2ccc(F)cc2F)c2c1CC1CC21,1
BIVRSHYFJKMMJA-UHFFFAOYSA-N,Ki,nM,5000.0,COC(=O)CCCCn1c(=O)c(C(=O)NC2CCC(C)CC2)cc2cccnc21,1
BKROMADERDAIKE-IUODEOHRSA-N,EC50,nM,15000.0,CC(C)(NC(=O)c1nn(-c2ccc(F)cc2F)c2c1CC1CC21)c1cccnc1,1
BMCDDPYVIMQDFQ-GDBMZVCRSA-N,EC50,nM,381.0,CC(C)(NC(=O)c1nn(-c2ccccn2)c2c1CC1CC21)c1ccccc1,1
BMQLARNYHLEGGM-UHFFFAOYSA-N,Ki,nM,66.7,CC1CCC(NC(=O)c2cc3cc(-c4ccc(F)cc4)cnc3n(CCN3CCOCC3)c2=O)CC1,1
BOXNXHIMJOGAMP-UHFFFAOYSA-N,Activity,%,56.0,O=C(NCc1ccccc1)c1cn(CC2CCCCC2)c2ccccc12,1
BPCPTLFPTBTOAZ-UHFFFAOYSA-N,EC50,nM,3850.0,Cc1c(C(=O)NCCCCCCCN(CCCCCCCNC(=O)c2nn(-c3ccc(Cl)cc3Cl)c(-c3ccc(Cl)cc3)c2C)Cc2ccccc2)nn(-c2ccc(Cl)cc2Cl)c1-c1ccc(Cl)cc1,1
BPRKVZYPOIPJKM-UHFFFAOYSA-N,Activity,%,15.0,CCCC(=O)Nc1ccc(CCNC(=O)c2[nH]c3ccc(Cl)cc3c2CC)cc1,1
BRPJJHCWAMSMTO-SNVBAGLBSA-N,Ki,nM,5000.0,Cc1cc(O)c2c(c1)OC1=C(CCC(C)C1)C2(C)C,1
BTLAIEFBUBEOTH-OAQYLSRUSA-N,Ki,nM,264.0,CCCCCc1cc(O)cc(OCCCCCCCCCCC(=O)NC(C)CO)c1,1
BVCVALLHOYGUPQ-UHFFFAOYSA-N,Ki,nM,5000.0,COc1ccc(-c2cc(C)c(OC)c(C(=O)NC3CCCCCC3)c2)cc1,1
BWRCKQFJHWQYMH-UHFFFAOYSA-N,Ki,nM,908.0,CCCCCn1c(=O)c(C(=O)NC2CCC(C)CC2)cc2cccnc21,1
BXOSGIDXSREANX-AWEZNQCLSA-N,Ki,nM,2100.0,CCCCCc1cc(O)c2c(c1)OC1=C(CCC(C)C1)C2(C)C,1
BXYNHIHRWDYYSV-UHFFFAOYSA-N,EC50,nM,1581.14,CN(C)CCN(C)C(=O)c1cn(CC2CCCCC2)c2ccccc12,1
CACHJUPULSDEOD-UHFFFAOYSA-N,Activity,%,22.1,CCCCN(C)c1cccc(-c2cccc(NC(=O)Nc3ccc(Cl)cc3)c2)n1,1
CAWKIUQGAAELLD-UHFFFAOYSA-N,Ki,nM,3761.0,CC1CCC(NC(=O)c2cc3ccccc3n(CCCO)c2=O)CC1,1
CCXWIMBKZBAZSH-UHFFFAOYSA-N,EC50,nM,5000.0,CCCCCCOc1cccc2cc(C(=O)NC3CCCCC3)c(=O)oc12,1
CDGWVADVWKHVNY-HNNXBMFYSA-N,EC50,nM,10000.0,CC(=O)N1CCN(C(=O)N2CCCCC2C(=O)Nc2cc(C(C)(C)C)on2)CC1,1
CDIRHUZPZXHKIP-UHFFFAOYSA-N,IC50,nM,5000.0,CCCCOc1cc(Br)cc2cc(C(=O)NC3CC3)c(=O)oc12,1
CDKHRTAFVXQXEA-UHFFFAOYSA-N,EC50,nM,109.65,Cc1c(C(=O)NCCCCNC(=O)C2CCCCC2)nn(-c2ccc(Cl)cc2Cl)c1-c1ccc(Cl)cc1,1
CDZMVIDKSVUZAX-UHFFFAOYSA-N,Emax,%,-40.0,CCOc1ccc(Cc2nc3cc(C(=O)N(CC)CC)ccc3n2CCCCN(C)CCCCn2c(Cc3ccc(OCC)cc3)nc3cc(C(=O)N(CC)CC)ccc32)cc1,1
CECCFDHGQOKZSV-ZDUSSCGKSA-N,EC50,nM,25000.0,CC(C)(C)c1cc(NC(=O)C2CCC(=O)N2c2ccc(F)cc2)on1,1
CJVLIWZGQLBPRO-UHFFFAOYSA-N,EC50,nM,12500.0,CC(=O)N1CCC(Cn2c(CC(C)(C)C)nc3cc(S(=O)(=O)C4CN(C(N)=O)C4)ccc32)CC1,1
CNGGFGYHTPZRMR-UHFFFAOYSA-N,Activity,%,50.0,CCN1CCN(C(=O)c2cn(CC3CCCCC3)c3cc(Br)ccc23)CC1.Cl,1
CQPPNALQBNMXOM-UHFFFAOYSA-N,Ki,nM,1500.0,CCCCCn1c(-c2ccccc2)c2c(=O)n(Cc3ccccc3)nc-2c2ccccc21,1
CQQJSPNPVOSJDM-UHFFFAOYSA-N,Activity,%,26.5,CCCCNc1cccc(-c2cccc(NC(=O)Nc3ccc(Cl)cc3)c2)n1,1
CTTQSIQLCBDIEK-ZDUSSCGKSA-N,EC50,nM,10000.0,CC(C)(C)c1cc(NC(=O)C2CCCCN2C(=O)N2CCS(=O)(=O)CC2)on1,1
CTTQTSDKGFSVKM-UHFFFAOYSA-N,Ki,nM,32.7,CC1CCC(NC(=O)c2cc3cc(-c4cccs4)cnc3n(CCN3CCOCC3)c2=O)CC1,1
CYXMVQWEPUBKQF-UHFFFAOYSA-N,Ki,nM,5000.0,CCCCCCc1ccc(OCCCCCCCCCCC(=O)NC(CO)CO)cc1O,1
DARGRLYIWOVHCP-UHFFFAOYSA-N,EC50,nM,1600.0,CN1CC(S(=O)(=O)c2ccc3c(c2)nc(CC(C)(C)C)n3CC2CC2)C1,1
DCFDBKAHTLOFTA-SNVBAGLBSA-N,Ki,nM,5000.0,Cc1c(O)ccc2c1OC1=C(CCC(C)C1)C2(C)C,1
DCJJUWTYVQFMDI-UHFFFAOYSA-N,Ki,nM,5000.0,N#Cc1ccccc1CSc1nnc2c3ccccc3n(C(=O)c3ccccc3)c2n1,1
DEHBFUILWRDWEV-UHFFFAOYSA-N,Ki,nM,1500.0,CCCCCn1cc2c(=O)[nH]nc-2c2ccccc21,1
DGNXZYVSYSEDGV-UHFFFAOYSA-N,Ki,nM,5000.0,N#Cc1ccccc1CSc1nnc2c3ccccc3n(C(=O)c3ccco3)c2n1,1
DGODHYWQAXDKTG-UHFFFAOYSA-N,Ki,nM,1011.0,CC1CCC(NC(=O)c2cc3cccnc3n(CCCCF)c2=O)CC1,1
DINNAAWXEMSKSY-UHFFFAOYSA-N,IC50,nM,5000.0,CCCCOc1cc(Br)cc2cc(C(=O)NC3CCCCC3)c(=O)oc12,1
DJZSETHZJXKNBK-UHFFFAOYSA-N,EC50,nM,5000.0,CCCCOc1cccc2cc(C(=O)NCC3CC3)c(=O)oc12,1
DKPYBBZNCJNYOY-INIZCTEOSA-N,EC50,nM,217.0,CC(C)(C)c1cc(NC(=O)C2CCCCN2Cc2ccc(Cl)cc2)no1,1
DLILJGYGZZNBME-UHFFFAOYSA-N,EC50,nM,776.0,Cc1c(C(=O)NCCCCNC(=O)c2ccccc2)nn(-c2ccc(Cl)cc2Cl)c1-c1ccc(Cl)cc1,1
DLNMZBVAUMSCEI-KBPBESRZSA-N,EC50,nM,25000.0,CC(C)(C)c1cc(NC(=O)C2CC(O)CN2CC2CCOCC2)on1,1
DLUGQCQZXRZMNL-ZDUSSCGKSA-N,EC50,nM,10000.0,O=C(Nc1nc2c(Cl)cccc2s1)C1CCCCN1C(=O)N1CCS(=O)(=O)CC1,1
DLUGZFRIOQAQEH-IUODEOHRSA-N,EC50,nM,1300.0,CC(C)(NC(=O)c1nn(-c2ccc(F)cc2F)c2c1CC1CC21)c1ccncc1,1
DOUCVXLMZKRXNQ-UHFFFAOYSA-N,Ki,nM,845.5,CCCCCc1cc(O)cc(OCCCCCCCCCCC(=O)NN(C)C)c1,1
DRIBOKZNLIGADO-UHFFFAOYSA-N,Ki,nM,30000.0,N#Cc1ccccc1CSc1nnc2c3ccccc3n(C(=O)c3ccno3)c2n1,1
DSVQYYJVKMYUOS-UHFFFAOYSA-N,EC50,nM,25118.9,CCOc1ccc(Cc2nc3cc(C(=O)N(CC)CC)ccc3n2CCCCCCCCCCN(C)C)cc1,1
DTACOIAFVQJIHP-UHFFFAOYSA-N,Ki,nM,138.5,CC1CCC(NC(=O)c2c(O)c3cccnc3n(Cc3ccc(F)cc3)c2=O)CC1,1
DTRFFFACTSWSNK-UHFFFAOYSA-N,IC50,nM,5000.0,CCCCCCOc1cc(Br)cc2cc(C(=O)NC3CCCCC3)c(=O)oc12,1
DVGVHPKKTHYNJN-UHFFFAOYSA-N,Activity,%,7.5,CCCN(C)c1cccc(-c2cccc(NC(=O)Nc3ccc(Cl)cc3)c2)n1,1
DWSYTCKNFKCXFW-AWEZNQCLSA-N,EC50,nM,3200.0,COCC(C)(C)c1cc(NC(=O)C2CCC(=O)N2c2ccc(C(F)(F)F)cc2)on1,1
DXVSCRNYSUKQFI-UHFFFAOYSA-N,Emax,%,19.51,Cc1c(C(=O)NCCCCNC(=O)c2cccc(C(=O)NCCCCNC(=O)c3nn(-c4ccc(Cl)cc4Cl)c(-c4ccc(Cl)cc4)c3C)c2)nn(-c2ccc(Cl)cc2Cl)c1-c1ccc(Cl)cc1,1
DYDSGKCYBXVVEY-OAQYLSRUSA-N,Ki,nM,17.0,CCCCCCC(C)(C)c1cc(O)cc(OCCCCCCCC(=O)NC(C)CO)c1,1
DYFROXDOAHXCTA-ZDUSSCGKSA-N,EC50,nM,10000.0,CC(C)(C)c1csc(NC(=O)C2CCCCN2C(=O)N2CCS(=O)(=O)CC2)n1,1
DYIMTVFKTDCCMM-XNNVEVGKSA-N,EC50,nM,15000.0,CCCCCCCCCCCCCCCC(=O)NC(C(=O)NC(C(=O)NC(CC(C)C)C(=O)N1CCCC1C(=O)NC(CC(C)C)C(=O)NC(Cc1c[nH]c2ccccc12)C(=O)NC(C)C(=O)NC(C(=O)NC(Cc1ccc(O)cc1)C(=O)NC(C(=O)NC(Cc1ccc(O)cc1)C(=O)NC(CCCN=C(N)N)C(N)=O)C(C)O)C(C)O)C(C)O)C(C)C,1
DYXKDMRDRFIOPR-UHFFFAOYSA-N,EC50,nM,2950.0,Cc1c(C(=O)NCCCCNCc2ccc(CNCCCCNC(=O)c3nn(-c4ccc(Cl)cc4Cl)c(-c4ccc(Cl)cc4)c3C)cc2)nn(-c2ccc(Cl)cc2Cl)c1-c1ccc(Cl)cc1,1
FCVSHSNEIJRSAD-UHFFFAOYSA-N,Activity,%,15.0,CCc1c(C(=O)NCCc2ccc(Cl)c(Cl)c2)[nH]c2ccc(Cl)cc12,1
FFZUQEOMZDMNDK-UHFFFAOYSA-N,Ki,nM,900.0,CCCCCCc1ccc(O)cc1OCCCCCCCCCCCNC(=O)C1CC1,1
FJPQEOQGIZSLES-UHFFFAOYSA-N,Inhibition,%,50.0,CCN(Cc1ccccc1C(F)(F)F)C(=O)C1CCN(S(=O)(=O)c2ccc3[nH]ncc3c2)CC1,1
FMJBETJJBIEMSZ-UHFFFAOYSA-N,Activity,%,45.0,CCN1CCN(C(=O)c2cn(CC3CCCCC3)c3ccccc23)CC1.O=C(O)C(F)(F)F,1
FPGOBUMPYDFKDZ-UHFFFAOYSA-N,Activity,%,47.76,CCCCSc1nnc2c(n1)OC(CC)Nc1ccccc1-2,1
FSJFOKKEBVWIJJ-UHFFFAOYSA-N,Activity,%,105.01,CCCCCCSC1=C(C#N)C(c2cccc(Cl)c2)NC(=O)N1,1
FTDHOAGOSGYTGE-INIZCTEOSA-N,EC50,nM,10000.0,CC(C)(C)c1cc(NC(=O)C2CCCCN2Cc2ccccc2)no1,1
FTOCJIOLVFXZMR-UHFFFAOYSA-N,Ki,nM,5000.0,COc1cccc2c(=O)c(C(=O)NC(C)(C)C)cn(CCCF)c12,1
FULYWDQUKSUKCK-UHFFFAOYSA-N,Ki,nM,551.0,CCCCn1c(=O)c(C(=O)NC2CCC(C)CC2)cc2ccccc21,1
FWARWBPCFONFSB-ZDUSSCGKSA-N,EC50,nM,7200.0,CC(C)(C)c1cc(NC(=O)C2CCCN2C2CCOCC2)on1,1
FWNMCSJUCLCGGG-UHFFFAOYSA-N,Ki,nM,750.0,CC1CCC(NC(=O)c2cc3cc(Br)cnc3n(CCN3CCOCC3)c2=O)CC1,1
FXJDMIFQFRNYJV-HNNXBMFYSA-N,EC50,nM,1170.0,CC(C)(C)c1cc(NC(=O)C2CCCCN2c2ccc(Cl)cc2)no1,1
FXRSRBHQIDUXMJ-AWEZNQCLSA-N,EC50,nM,10000.0,CC(C)(C)c1cc(NC(=O)C2CCCCN2C2CCOCC2)no1,1
FXZFAZROTLMFTB-UHFFFAOYSA-N,Ki,nM,5000.0,CCOCCn1cc(C(=O)NC23CC4CC(CC(C4)C2)C3)c(=O)c2cccc(OC)c21,1
FZFDQJRQJQKZLW-UHFFFAOYSA-N,Activity,%,76.31,C=CCn1c(SCCCC)nc2sc3c(c2c1=O)CC(C)(C)OC3,1
FZKIXPJXKHWLAY-LBPRGKRZSA-N,EC50,nM,10100.0,CC(C)(C)c1cc(NC(=O)C2CCCN2CC2CC2)no1,1
GAHMZSAIQOMSRU-UHFFFAOYSA-N,Activity,%,35.0,O=C(Nc1ccc(Cl)cc1)Nc1cccc(-c2cccc(NC3CCCC3)n2)c1,1
GBDFKMAHKDXCIN-UHFFFAOYSA-N,Activity,%,7.5,Cc1cccc(C)c1NC(=O)Nc1cccc(-c2cccc(N3CCCC3)n2)c1,1
GCOLZBOPIXIWIM-UHFFFAOYSA-N,Ki,nM,5000.0,CCCCn1cc(C(=O)NCC2CC2)c(=O)c2cccc(OC)c21,1
GDISNQGQVSLPNH-HNNXBMFYSA-N,EC50,nM,10000.0,CC(C)(C)c1cc(NC(=O)C2CCCCN2C(=O)c2ccccc2)no1,1
GEAPPRKVLAAFQO-UHFFFAOYSA-N,Ki,nM,1140.0,C=CCNCCCCCCCCCCCOc1cc(O)cc(CCCCC)c1,1
GEXKQASKTSQDAL-UHFFFAOYSA-N,Ki,nM,5000.0,CCCCCCC(C)(C)c1cc(O)cc(OCCCCCCCCCCC(=O)NC23CC4CC(CC(C4)C2)C3)c1,1
GFBJGKXEZXIOQC-UHFFFAOYSA-N,Ki,nM,5000.0,CC1CCC(NC(=O)c2cc3cc(-c4ccc(F)cc4)cnc3n(Cc3ccc(F)cc3)c2=O)CC1,1
GGFVQUNFMXUPON-NSHDSACASA-N,EC50,nM,110.0,CC(C)(C)c1cc(NC(=O)C2CCC(=O)N2c2ccc(C(F)(F)F)cn2)on1,1
GIVJXDXWVBZEPR-UHFFFAOYSA-N,Ki,nM,397.0,CCCCCCC(C)(C)c1cc(O)cc(OCCCCCCCC(=O)NCC(F)(F)F)c1,1
GMRANXCAUYRGNO-UHFFFAOYSA-N,Ki,nM,3444.0,CC1CCC(NC(=O)c2cc3cc(-c4ccco4)cnc3n(Cc3ccc(F)cc3)c2=O)CC1,1
GNLUXEUFYBODRR-UHFFFAOYSA-N,EC50,nM,1000.0,O=C(Nc1cc(C(F)(F)F)on1)N1CCCN(C(=O)c2ccc(C(F)(F)F)cc2)CC1,1
GOFJAJPOPQILTQ-UHFFFAOYSA-N,EC50,nM,15000.0,Cc1c(C(=O)NCCCCNC(=O)c2ccc(C(=O)NCCCCNC(=O)c3nn(-c4ccc(Cl)cc4Cl)c(-c4ccc(Cl)cc4)c3C)cc2)nn(-c2ccc(Cl)cc2Cl)c1-c1ccc(Cl)cc1,1
GPHOKHCFDSGUDR-UHFFFAOYSA-N,Ki,nM,1782.0,CCCCCc1cc(O)cc(OCCCCCCCCCCC(=O)NN2CCCCC2)c1,1
GPTAFFHSWDOBMS-UHFFFAOYSA-N,EC50,nM,12500.0,CCN1CC(S(=O)(=O)c2ccc3c(c2)nc(CC(C)(C)C)n3CCN(C)C)C1,1
GPVZAERKQDFRNW-UHFFFAOYSA-N,Activity,%,31.0,CCN1CCN(C(=O)c2cn(CC3CCCCC3)c3ccc(Cl)cc23)CC1.Cl,1
GQCPYMUOLFAADB-ZDUSSCGKSA-N,EC50,nM,25000.0,CC(C)(C)c1cc(NC(=O)C2CCC(=O)N2c2ccc(C(F)(F)F)cc2)on1,1
GRNQOAOSBOXSJL-UHFFFAOYSA-N,Activity,%,22.2,O=C(Nc1cc(Cl)cc(Cl)c1)Nc1cccc(-c2cccc(N3CCCC3)n2)c1,1
GTAJPUCRGWVFRD-INIZCTEOSA-N,EC50,nM,10000.0,O=C(Nc1cc(C2CCCC2)no1)C1CCCCN1C(=O)N1CCS(=O)(=O)CC1,1
GTCFGCSKWRVSOK-ZYBCLOSLSA-N,Emax,%,14.27,Cc1c(C(=O)NCCCCCCCCNC(=O)C2CCCCC2C(=O)NCCCCCCCCNC(=O)c2nn(-c3ccc(Cl)cc3Cl)c(-c3ccc(Cl)cc3)c2C)nn(-c2ccc(Cl)cc2Cl)c1-c1ccc(Cl)cc1,1
GTWJSXNAWWCMLN-UHFFFAOYSA-N,Activity,%,7.5,O=C(Nc1cccc(-c2cccc(N3CCCC3)n2)c1)Nc1ccc2c(c1)OCO2,1
GUOFMFIPVUTGED-UHFFFAOYSA-N,Activity,%,15.0,CCc1c(C(=O)NCCc2cccc(Cl)c2)[nH]c2ccc(Cl)cc12,1
GWVWYFGGDPKPQG-UHFFFAOYSA-N,Ki,nM,4772.0,COc1ccc2c(c1)c(CCN1CCOCC1)c(C)n2C(=O)c1ccc(Cl)cc1Cl,1
HAEXUVKAIDVGKX-GWCFXTLKSA-N,EC50,nM,15000.0,O=C(NC1CCOCC1)c1nn(-c2ccc(F)cc2F)c2c1CC1CC21,1
HDAYFSFWIPRJSO-UHFFFAOYSA-N,Activity,%,28.2,O=C(Nc1ccc(Cl)cc1)Nc1cccc(-c2cccc(N3CCCC3)n2)c1,1
HFYNLAGRWVGBJE-UHFFFAOYSA-N,Ki,nM,5000.0,CCCCCCC(C)(C)c1cc(O)cc(OCCCCCCCC(=O)NC23CC4CC(CC(C4)C2)C3)c1,1
HGYPPGZPVQBDIS-UWKXONKZSA-N,Ki,nM,310.0,CCCC=CCC=CCCCC=CC=CC(=O)NCC(C)CC,1
HIBNODAHGAXOTR-UHFFFAOYSA-N,Activity,%,15.0,CCc1c(C(=O)NCCc2ccc(OC)c(O)c2)[nH]c2ccc(Cl)cc12,1
HJRTXLVNPHKZKY-UHFFFAOYSA-N,EC50,nM,23988.0,CCOc1ccc(Cc2nc3cc(C(=O)NCCCCCCCCCCN(C)C)ccc3n2CCC(C)C)cc1,1
HKDNZWSVLVVYEP-LMOVPXPDSA-N,Activity,%,77.0,COc1cccc2c(C(=O)N3CCN(C)C(C)C3)cn(CC3CCCCC3)c12.Cl,1
HMLORMULXIVAOQ-MWLCHTKSSA-N,EC50,nM,15000.0,CC(C)(CO)NC(=O)c1nn(-c2ccc(Cl)cc2Cl)c2c1CC1CC21,1
HNXRZHIUZWTFDP-UHFFFAOYSA-N,Ki,nM,30000.0,N#Cc1ccccc1CSc1nnc2c3ccccc3n(C(=O)C3CCCCC3)c2n1,1
HPBLNPJXZUUGOZ-AWEZNQCLSA-N,EC50,nM,13000.0,CC(C)(C)c1cc(NC(=O)C2CCCCN2C2CCCC2)no1,1
HPBXVJLLAUTLBT-UHFFFAOYSA-N,Ki,nM,1500.0,CCCCCn1cc2c(=O)n(CC34CC5CC(CC(C5)C3)C4)nc-2c2ccccc21,1
HRCYLFULZXRXQY-UHFFFAOYSA-N,Activity,%,7.5,CC(C)c1ccccc1NC(=O)Nc1cccc(-c2cccc(N3CCCC3)n2)c1,1
HTDJFIUVOFCYFF-UHFFFAOYSA-N,Ki,nM,160.0,COc1c(C)cc(-c2ccc(F)cc2)cc1C(=O)NC1CCCCCC1,1
HTUZGIOEZZLLCE-UHFFFAOYSA-N,Ki,nM,5000.0,CCOC(=O)CCn1c(=O)c(C(=O)NC2CCC(C)CC2)cc2cccnc21,1
HUDBWQVHNBCINZ-HNNXBMFYSA-N,EC50,nM,6979.0,CC(C)(C)c1cc(NC(=O)C2CCCCN2C(=O)CC2CCOCC2)no1,1
HWIMBWAXFAEZQR-UHFFFAOYSA-N,Activity,%,30.0,N#Cc1ccc(NC(=O)Nc2cccc(-c3cccc(N4CCCC4)n3)c2)cc1,1
HXWVLNNFTRICEJ-UHFFFAOYSA-N,Activity,%,15.0,CCc1c(C(=O)NCCc2cccc(OC)c2)[nH]c2ccc(Cl)cc12,1
HYEYYISNOFZJHL-UHFFFAOYSA-N,Activity,%,15.0,CCc1c(C(=O)NCCc2ccc(NC(C)=O)cc2)[nH]c2ccc(Cl)cc12,1
HYJHPLCRPMDXJM-XMMPIXPASA-N,Ki,nM,132.0,CCCCCCC(C)(C)c1cc(O)cc(OCCCCCCCCCCC(=O)NC(C)CO)c1,1
HZJISAONKFNAPO-CZUORRHYSA-N,EC50,nM,15.6,CC(C)(NC(=O)c1nn(-c2ccc(F)cc2F)c2c1CC1CC21)c1ccccc1,1
HZWTWWBWQVRNNN-UHFFFAOYSA-N,IC50,nM,5000.0,CCCCCOc1c(OC)ccc2cc(C(=O)NCc3ccc4c(c3)OCO4)c(=O)oc12,1
ICMAAZGPGNYFSC-UHFFFAOYSA-N,Activity,%,120.63,CCCCCCSC1=C(C#N)C(c2ccc(F)cc2)NC(=O)N1,1
IDSPJWVYIKNBSP-UHFFFAOYSA-N,EC50,nM,138.0,C=CCNC(=O)CCCCCCCOc1cc(O)cc(C(C)(C)CCCCCC)c1,1
IDSXYABJGCZJJZ-UHFFFAOYSA-N,Ki,nM,5000.0,CCCCCc1cc(O)cc(OCCCCCCCCCCC(=O)Nc2ccccc2)c1,1
IFAXWSJZDRZZLV-UHFFFAOYSA-N,Activity,%,63.24,CCCCCCSC1=C(C#N)C(c2cccc([N+](=O)[O-])c2)NC(=O)N1,1
IFRQHOCQLJAGOH-UHFFFAOYSA-N,IC50,nM,5000.0,CCCCOc1c(OC)ccc2cc(C(=O)NC(C)C)c(=O)oc12,1
IFZSCAHCAOGFLA-UHFFFAOYSA-N,IC50,nM,5000.0,CCCCOc1cc(Br)cc2cc(C(=O)NC(C)C)c(=O)oc12,1
IHTKJFDTRKKPJW-UHFFFAOYSA-N,Ki,nM,2070.0,CCCCCCC(C)(C)c1cc(O)cc(OCCCCCCCCCCCNC(=O)C2CC2)c1,1
IJDIEWXYLHHPDE-UHFFFAOYSA-N,Ki,nM,35.67,CC1CCC(NC(=O)c2cc3cccnc3n(CCCCCCF)c2=O)CC1,1
ILDRVEYXHXLZII-ZDUSSCGKSA-N,EC50,nM,7895.0,CC(C)(C)c1cc(NC(=O)C2CCCCN2C(=O)N2CCSCC2)no1,1
IMMJKXDQRLJWTD-UHFFFAOYSA-N,Activity,%,15.0,CCc1c(C(=O)N2CCN(c3ccccc3)CC2)[nH]c2ccc(Cl)cc12,1
IOYAHAJEUUVFKR-LLVKDONJSA-N,Ki,nM,5000.0,CCc1cc2c(cc1O)OC(C)(C)C1=C2CC(C)CC1,1
IOYKFVKOSDMIBT-UHFFFAOYSA-N,Ki,nM,5000.0,CCCCCCc1ccc(OCCCCCCCCCCCNC(=O)C2CC2)cc1O,1
IRBANNOYDGFRST-UHFFFAOYSA-N,EC50,nM,5000.0,CCCCOc1cccc2cc(C(=O)N3CCCCC3)c(=O)oc12,1
IRCVQHMAPOVLBT-UHFFFAOYSA-N,Ki,nM,830.0,CCCCCc1cc(O)cc(OCCCCCCCCCCCCNC2CC2)c1,1
ITMNFAXQPPELKG-UHFFFAOYSA-N,Ki,nM,1240.0,CCCCCc1cc(O)cc(OCCCCCCCCCCCNCc2ccccc2)c1,1
IUPLKYNLPBIJLF-UHFFFAOYSA-N,Ki,nM,1500.0,CCCCCn1cc2c(=O)n(CCCc3ccccc3)nc-2c2ccccc21,1
IVUOJBCRJUWXKJ-UHFFFAOYSA-N,EC50,nM,253.0,O=C(Nc1cc(C(F)(F)F)on1)N1CCCN(C(=O)c2ccc(C(F)(F)F)cn2)CC1,1
IWDABHJUMAOQJL-UHFFFAOYSA-N,Activity,%,7.5,Cc1ccc(NC(=O)Nc2cccc(-c3cccc(N4CCCC4)n3)c2)cc1,1
IXSQJWNTRSUVLZ-UHFFFAOYSA-N,EC50,nM,12500.0,CN1CC(S(=O)(=O)c2ccc3c(c2)nc(CC(C)(C)C)n3CC(C)(C)O)C1,1
IXVJUXFJJGHWCY-UHFFFAOYSA-N,Emax,%,-3.0,CCOc1ccc(Cc2nc3cc(C(=O)OC)ccc3n2CCC(C)C)cc1,1
IZIMYLBKGQBQNO-UHFFFAOYSA-N,Activity,%,7.5,CCNc1cccc(-c2cccc(NC(=O)Nc3ccc(Cl)cc3)c2)n1,1
IZJDOVSLNZNNNM-UKRRQHHQSA-N,EC50,nM,51.0,CC(C)n1nc(C(=O)NC(C)(C)c2ccccc2)c2c1C1CC1C2,1
IZUABTPJOXDHAT-AWEZNQCLSA-N,EC50,nM,10000.0,O=C(Nc1nc2cc(Cl)ccc2s1)C1CCCCN1C(=O)N1CCS(=O)(=O)CC1,1
JDRAHOHYDYDSRQ-UHFFFAOYSA-N,Activity,%,7.5,Cc1cc(C)cc(NC(=O)Nc2cccc(-c3cccc(N4CCCC4)n3)c2)c1,1
JEGXGCQYSXFNSN-ZWNOBZJWSA-N,EC50,nM,15000.0,CC(C)(CO)NC(=O)c1nn(-c2cccc(F)c2)c2c1CC1CC21,1
JFPKMXUQDQYGSR-UHFFFAOYSA-N,Ki,nM,1500.0,CCCCCn1cc2c(=O)n(-c3ccc(OC)cc3)nc-2c2ccccc21,1
JFVWCMCMPXIQLF-HNNXBMFYSA-N,EC50,nM,25000.0,O=C(Nc1nc2ccc(Cl)cc2[nH]1)C1CCCN1C1CCOCC1,1
JHHIKRYOCNHROC-UHFFFAOYSA-N,EC50,nM,12500.0,CN(C)CCn1c(CC(C)(C)C)nc2cc(S(=O)(=O)C3CN(S(C)(=O)=O)C3)ccc21,1
JHOXQGXPJJELKF-UHFFFAOYSA-N,EC50,nM,5000.0,CCCCCOc1cccc2cc(C(=O)NC3CCCCC3)c(=O)oc12,1
JJXFSLXZUQOSJB-UHFFFAOYSA-N,Ki,nM,630.0,CC1CCC(NC(=O)c2c(O)c3cccnc3n(CCN3CCOCC3)c2=O)CC1,1
JLINGBANGFPKNS-UHFFFAOYSA-N,Activity,%,52.1,CCCCSc1nnc2c(n1)[nH]c1ccccc12,1
JNIAMAWGDBKLIP-UHFFFAOYSA-N,EC50,nM,4660.0,CC(=O)NCCn1c(-c2ccccc2Cl)nc2c(N3CCN(C)CC3)nc(C)nc21,1
JNRWWIZRCYYVFH-UHFFFAOYSA-N,Ki,nM,2314.0,CCCCn1c(=O)c(C(=O)NC2CCC(C)CC2)cc2cccnc21,1
JQTDZQNKKMHKLE-UHFFFAOYSA-N,IC50,nM,5000.0,CCCCOc1cc(Br)cc2cc(C(=O)NN3CCOCC3)c(=O)oc12,1
JQYHRKRHFMYNNN-DGCLKSJQSA-N,EC50,nM,15000.0,CC(C)(CO)NC(=O)c1nn(-c2ccccc2)c2c1CC1CC21,1
JRTDGEDTVLYSNV-UHFFFAOYSA-N,EC50,nM,5000.0,O=C(NC1CCCCC1)c1cc2cccc(OCc3ccccc3)c2oc1=O,1
JVWVHWQMYBOCRO-UHFFFAOYSA-N,Activity,%,88.0,CCN1CCN(C(=O)c2cn(CC3CCCCC3)c3c(OC)cccc23)CC1(C)C.Cl,1
JWPRLTRMNRVCLQ-UHFFFAOYSA-N,Ki,nM,656.0,COc1c(C)cc(-c2ccccc2)cc1C(=O)NC1CCCCCC1,1
JXXPBVZOWZSFBD-UHFFFAOYSA-N,Activity,%,7.5,CN(C)c1ccc(NC(=O)Nc2cccc(-c3cccc(N4CCCC4)n3)c2)cc1,1
KATATUKOZWWQRI-UHFFFAOYSA-N,Ki,nM,5000.0,COc1ccc(-c2cnc3c(c2)cc(C(=O)NC2CCC(C)CC2)c(=O)n3CCN2CCOCC2)cc1,1
KAYXDULUFFZBHW-UHFFFAOYSA-N,EC50,nM,16000.0,CN(C)CCn1c(CC(C)(C)C)nc2cc(S(=O)(=O)C3CN(C)C3)ccc21,1
KBIHNOMRXOXFIV-UHFFFAOYSA-N,Ki,nM,800.0,CC1CCC(NC(=O)c2cc3ccccc3n(CCN3CCOCC3)c2=O)CC1,1
KCPJRFQVOBFQRW-UHFFFAOYSA-N,Ki,nM,5000.0,CC1CCC(NC(=O)c2cc3cccnc3n(CCCCC(=O)O)c2=O)CC1,1
KEAPCMDIGHYUJG-UHFFFAOYSA-N,Ki,nM,1500.0,CCCCCn1c(-c2ccccc2)c2c(=O)n(-c3cccc(C(F)(F)F)c3)nc-2c2ccccc21,1
KEGBICCDHKITSP-UHFFFAOYSA-N,Inhibition,%,-6.2,CN(C)CCC(c1ccc(Cl)c(Cl)c1)N1CCOCC1,1
KJQCNIJHBGEUFY-UHFFFAOYSA-N,Ki,nM,275.0,Fc1ccccc1CSc1nnc2c3ccccc3n(Cc3ccccc3)c2n1,1
KPANCYJPPHMLFG-UHFFFAOYSA-N,Activity,%,15.0,CCc1c(C(=O)NCCc2ccc(N3CCCCC3)cc2)[nH]c2ccc(F)cc12,1
KPGCRNWZRXGTOK-UHFFFAOYSA-N,Activity,%,93.51,CCCCSc1nc(=O)c(-c2ccccc2N)n[nH]1,1
KTTLGOGMSCBATB-UHFFFAOYSA-N,Activity,%,15.0,CCc1c(C(=O)NCCc2ccc(C(C)(C)C)cc2)[nH]c2ccc(Cl)cc12,1
LAZKUKDLAXHLPY-UHFFFAOYSA-N,Activity,%,27.9,O=C(Nc1ccc([N+](=O)[O-])cc1)Nc1cccc(-c2cccc(N3CCCC3)n2)c1,1
LCFVUWYRHYNMJZ-LBPRGKRZSA-N,EC50,nM,10000.0,CC(C)(C)c1cc(NC(=O)C2CCCCN2C2CC2)no1,1
LFOLMZAFPOQKOJ-UHFFFAOYSA-N,IC50,nM,5000.0,CCCOc1cc(Br)cc2cc(C(=O)NC3CCCCC3)c(=O)oc12,1
LFPJZJBCLWKHPJ-UHFFFAOYSA-N,Ki,nM,5000.0,CCCCCc1cc(O)cc(OCCCCCCCCCCC(=O)NC(CO)CO)c1,1
LFSHTMJLNHYWDS-SJLPKXTDSA-N,EC50,nM,2.1,CC(C)(NC(=O)c1nn(CC2CCOCC2)c2c1CC1CC21)c1ccccc1,1
LGVMMZRPBJAHAY-UHFFFAOYSA-N,Ki,nM,30000.0,COC(=O)CCC(=O)n1c2ccccc2c2nnc(SCc3ccccc3C#N)nc21,1
LHHZAFVHCIKBRM-UHFFFAOYSA-N,Ki,nM,136.0,C=CCNC(=O)CCCCCCCCCCOc1cc(O)cc(CCCCC)c1,1
LIBFXILVWPAUSP-UHFFFAOYSA-N,EC50,nM,6309.57,CCOc1ccc(Cc2nc3cc(C(=O)N(CC)CC)ccc3n2CCCCCCCCCCN(C)CCCCCCCCCCn2c(Cc3ccc(OCC)cc3)nc3cc(C(=O)N(CC)CC)ccc32)cc1,1
LIPHFEVGKVUDBY-UHFFFAOYSA-N,Ki,nM,5000.0,CCOCCn1cc(C(=O)NC23CC4CC(CC(O)(C4)C2)C3)c(=O)c2cccc(OC)c21,1
LJQNMJHFTQGVGJ-UHFFFAOYSA-N,Ki,nM,1500.0,CCCCCn1cc2c(=O)n(-c3ccccc3)nc-2c2ccccc21,1
LKRBRULKSWMJDK-RHSMWYFYSA-N,EC50,nM,341.0,CC(C)(NC(=O)c1nn(-c2cccnc2)c2c1CC1CC21)c1ccccc1,1
LLNYKEZRPHWLTG-UHFFFAOYSA-N,Activity,%,129.38,CCCCCSc1nnc2c3ccccc3n(C)c2n1,1
LMZGDKHLJPLHIW-UHFFFAOYSA-N,Ki,nM,5000.0,CCCCCCc1ccc(O)cc1OCCCCCCCCCCC(=O)NC(CO)CO,1
LNAGYALRABOALU-LBPRGKRZSA-N,EC50,nM,10000.0,CC(C)(C)c1cc(NC(=O)C2CCCN2C(=O)N2CCS(=O)(=O)CC2)no1,1
LNGDHKZCHIFFKZ-LBPRGKRZSA-N,EC50,nM,98005.0,CC(C)(C)c1cc(NC(=O)C2CCCN2C2CCC2)no1,1
LOPPWNUZPHTWQM-MWLCHTKSSA-N,EC50,nM,15000.0,CC(C)(CO)NC(=O)c1nn(-c2cc(F)ccc2F)c2c1CC1CC21,1
LPNSPHDENZJFTM-GHMZBOCLSA-N,EC50,nM,15000.0,CC(C)(CO)NC(=O)c1nn(-c2ccccc2F)c2c1CC1CC21,1
LPQGNDYEZIOGRZ-UHFFFAOYSA-N,Activity,%,102.46,CCCCCCSc1nnc2c(n1)[nH]c1ccccc12,1
LQPOKCOXYJXERM-UHFFFAOYSA-N,Activity,%,15.0,CCN(CC)c1ccc(CCNC(=O)c2cc3cc(Cl)ccc3[nH]2)cc1,1
LUWNNDQRRBQNAS-LBPRGKRZSA-N,EC50,nM,25000.0,CC(C)(C)c1nnc(NC(=O)C2CCCN2C2CCOCC2)s1,1
LVKRVGBGJTVSKA-BTJKTKAUSA-N,Activity,%,46.0,CCN1CCN(C(=O)c2cn(CC3CCCCC3)c3cc(OC)ccc23)CC1.O=C(O)C=CC(=O)O,1
MATSLLPQHZOIJS-UHFFFAOYSA-N,EC50,nM,5000.0,CCCCOc1cccc2cc(C(=O)NCc3ccccc3)c(=O)oc12,1
MBTCFQKJCJYBPJ-UHFFFAOYSA-N,EC50,nM,1905.0,Cc1c(C(=O)NCCCCNCc2ccc(C(=O)NCCCCNC(=O)c3nn(-c4ccc(Cl)cc4Cl)c(-c4ccc(Cl)cc4)c3C)cc2)nn(-c2ccc(Cl)cc2Cl)c1-c1ccc(Cl)cc1,1
MDWRKLOCQKYAQI-IEBWSBKVSA-N,EC50,nM,4.4,CC(C)(NC(=O)c1nn(CCC2CCOCC2)c2c1CC1CC21)c1ccccc1,1
MEGZXIDGRKAPJZ-UHFFFAOYSA-N,IC50,nM,5000.0,CCCCOc1c(OC)ccc2cc(C(=O)NC(C)C(C)C)c(=O)oc12,1
MEMYCONPATVETI-UHFFFAOYSA-N,Ki,nM,1500.0,CCCCCn1cc2c(=O)n(CCC34CC5CC(CC(C5)C3)C4)nc-2c2ccccc21,1
MFZXUEJVICGPCI-GOSISDBHSA-N,Ki,nM,12.8,CCCCCc1cc(O)cc(OCCCCCCCC(=O)NC(C)CO)c1,1
MGVVAKUKTUABJC-HNNXBMFYSA-N,EC50,nM,10000.0,CC(C)(C)c1cc(NC(=O)C2CCCCN2C(=O)c2ccc(Cl)cc2)no1,1
MGWUDWFKGCYIEP-UHFFFAOYSA-N,Activity,%,7.5,CCCCCCNc1cccc(-c2cccc(NC(=O)Nc3ccc(Cl)cc3)c2)n1,1
MITIUYOVWKWXAF-UHFFFAOYSA-N,Ki,nM,2609.0,CCCn1c(=O)c(C(=O)NC2CCC(C)CC2)cc2ccccc21,1
MJWPRTWQVZSUCI-AWEZNQCLSA-N,EC50,nM,4900.0,CC(C)(C)c1cc(NC(=O)C2CCCN2CC2CCOCC2)no1,1
MKKWTJYIBQUDHS-UHFFFAOYSA-N,Ki,nM,3280.0,CC1CCC(NC(=O)c2cc3cc(-c4cccs4)cnc3n(Cc3ccc(F)cc3)c2=O)CC1,1
MLNSDEROSCBNFA-UHFFFAOYSA-N,Ki,nM,5000.0,CC1CCC(NC(=O)c2cc3cccnc3n(CCCC(=O)O)c2=O)CC1,1
MLWBJAJPKGWDSO-AWEZNQCLSA-N,EC50,nM,10000.0,CC(C)(C)c1cc(NC(=O)C2CCCCN2C(=O)N2CCCCC2)no1,1
MNQPXOGICPDAJS-UHFFFAOYSA-N,EC50,nM,1581.14,CCN1CCN(C(=O)c2cn(Cc3ccccc3)c3c(OC)cccc23)CC1.Cl,1
MPLRNAYZKDYUTL-CZUORRHYSA-N,EC50,nM,15000.0,O=C(NC1(c2ccccc2)CC1)c1nn(-c2ccc(F)cc2F)c2c1CC1CC21,1
MPTQSKVDQGUFJB-UHFFFAOYSA-N,Ki,nM,1500.0,CCCCCn1cc2c(=O)n(CCC3CCCCC3)nc-2c2ccccc21,1
MSFUOAXHQLXDAO-UHFFFAOYSA-N,Inhibition,%,25.0,Cc1nc(-c2ccc(Cl)cc2)nc(OCCCN2CCCCC2)c1Cl,1
MSGJPCGXFLUMET-UHFFFAOYSA-N,EC50,nM,12500.0,CN(C)CCn1c(CC(C)(C)C)nc2cc(S(=O)(=O)C3CN(CC(F)(F)F)C3)ccc21,1
MUYUEZAKMLKZSO-UHFFFAOYSA-N,Activity,%,15.0,CCc1c(C(=O)NCCc2ccc(N(C)C)cc2)[nH]c2ccc(F)cc12,1
MVNBONISBQVJRA-UHFFFAOYSA-N,Ki,nM,2770.0,CCCCCc1cc(O)cc(OCCCCCCCCCCCNC(=O)C2CC2)c1,1
MVWUOFXAHWXDOG-UHFFFAOYSA-N,Activity,%,29.0,CCCN(CCC)c1cccc(-c2cccc(NC(=O)Nc3ccc(Cl)cc3)c2)n1,1
MXKGVKJQVDAWMA-UHFFFAOYSA-N,Ki,nM,5000.0,CC1CCC(NC(=O)c2cc3cccnc3n(CCCO)c2=O)CC1,1
MXTAHAKRKFIVAX-UHFFFAOYSA-N,Activity,%,7.5,CCc1ccccc1NC(=O)Nc1cccc(-c2cccc(N3CCCC3)n2)c1,1
MXZHIPHOBUPEQV-AWEZNQCLSA-N,EC50,nM,10000.0,CC(C)c1cc(NC(=O)C2CCCCN2C(=O)N2CCS(=O)(=O)CC2)on1,1
MYJJVFCPCDPOSM-UHFFFAOYSA-N,Activity,%,15.0,CCc1c(C(=O)NC2CCN(Cc3ccccc3)C2)[nH]c2ccc(Cl)cc12,1
MZGZEDAVTPZWOL-UHFFFAOYSA-N,Ki,nM,1500.0,CCCCCCn1nc2c3ccccc3n(CCCCC)cc-2c1=O,1
MZJRFMCSGQQDRR-UHFFFAOYSA-N,Ki,nM,5000.0,CCCCCc1cc(O)cc(OCCCCCCCCCCC(=O)NC23CC4CC(CC(C4)C2)C3)c1,1
NAJIDZWKSGADSE-CZUORRHYSA-N,EC50,nM,21.7,CC(C)(NC(=O)c1nn(-c2ccc(Cl)cc2Cl)c2c1CC1CC21)c1ccccc1,1
NAZUFIZPNVHKBW-UHFFFAOYSA-N,EC50,nM,2800.0,CC(C)(C)Cc1nc2cc(S(=O)(=O)C3CN(C(N)=O)C3)ccc2n1CC1CC1,1
NCBKNYZWTNPQAW-UHFFFAOYSA-N,EC50,nM,10000.0,CC(C)(C)Cc1nc2cc(S(=O)(=O)C3CN(C(N)=O)C3)ccc2n1CC1(O)CCOCC1,1
NCBQVQQRBMBXHL-AWEZNQCLSA-N,EC50,nM,17000.0,O=C(Nc1nc2cc(Cl)ccc2s1)C1CCCN1C1CCOCC1,1
NDRADVRRQGHCEF-UHFFFAOYSA-N,EC50,nM,5000.0,CCCCOc1cccc2cc(C(=O)NC3CCCCC3)c(=O)oc12,1
NDVLYTTXLWSSNJ-UHFFFAOYSA-N,Activity,%,15.0,CCc1c(C(=O)NCCc2cccc(N(C)C)c2)[nH]c2ccc(Cl)cc12,1
NEBZNJDFIPBXCS-AWEZNQCLSA-N,EC50,nM,87.5,CCCCCc1cc(O)c2c(c1)OC(C)(C)C1=C2CC(C)CC1,1
NFCBQYQLVBBJGL-UHFFFAOYSA-N,EC50,nM,1581.14,Cc1cccc2c1c(C(=O)N1CCN(C)CC1)cn2CC1CCCCC1,1
NGDWQTRAACONLI-UHFFFAOYSA-N,Ki,nM,5000.0,CC1CCC(NC(=O)c2cc3cccnc3n(CCCCCCO)c2=O)CC1,1
NHAAXFJNCOPWPB-UHFFFAOYSA-N,Activity,%,7.5,O=C(Nc1cccc(-c2cccc(N3CCCC3)n2)c1)Nc1cccc2ccccc12,1
NHRBCCXNBBHNHN-UWXQCODUSA-N,EC50,nM,10471.0,Cc1c(C(=O)NCCCCNC(=O)C2CCCCC2C(=O)NCCCCNC(=O)c2nn(-c3ccc(Cl)cc3Cl)c(-c3ccc(Cl)cc3)c2C)nn(-c2ccc(Cl)cc2Cl)c1-c1ccc(Cl)cc1,1
NIJADCSGFNKVBY-UHFFFAOYSA-N,EC50,nM,15000.0,O=[N+]([O-])c1ccccc1CSc1nnc2c(n1)[nH]c1ccccc12,1
NJIMMCJWYQAPMV-UKRRQHHQSA-N,EC50,nM,15000.0,CC(C)(CN1CCOCC1)NC(=O)c1nn(-c2ccc(F)cc2F)c2c1CC1CC21,1
NKQHKAZCWWMKLE-LBPRGKRZSA-N,EC50,nM,10000.0,CC(C)(C)c1nnc(NC(=O)C2CCC(=O)N2c2ccc(Cl)cc2)s1,1
NMJAKBRUZRZHTP-UHFFFAOYSA-N,Ki,nM,30000.0,N#Cc1ccccc1CSc1nnc2c3ccccc3n(C(=O)c3ccc(OC(F)(F)F)cc3)c2n1,1
NORCYAGQZVMECV-MWLCHTKSSA-N,EC50,nM,15000.0,CC(C)(CO)NC(=O)c1nn(-c2ccc(F)cc2F)c2c1CC1CC21,1
NRODGXXBQVNSIK-UHFFFAOYSA-N,Activity,%,61.0,CCN1CCN(C(=O)c2cn(CC3CCCCCC3)c3c(OC)cccc23)CC1.Cl,1
NTJBBBGJUMLFMY-UHFFFAOYSA-N,Activity,%,111.13,CCC1(C)Cc2c(sc3nc(SCCC(C)C)nc(N)c23)CO1,1
NUCWCDKWSIHIRF-AWEZNQCLSA-N,EC50,nM,25000.0,CC(C)(C)c1cc(NC(=O)C2CCC(=O)N2c2ccc(S(C)(=O)=O)cc2)on1,1
NUUWVBTXTPYRQK-HNNXBMFYSA-N,EC50,nM,600.0,CC(C)(C)c1cc(NC(=O)C2CCCCN2CC2CCOCC2)no1,1
NWAWUOJNDHTFIB-UHFFFAOYSA-N,EC50,nM,1380.0,CCN1CCN(c2nc(C)nc3c2nc(-c2ccccc2Cl)n3CCCOC)CC1,1
NWCZTJUYWYAZKW-UHFFFAOYSA-N,Activity,%,7.5,O=C(Nc1cccc(-c2cccc(N3CCCC3)n2)c1)Nc1ccc(Cl)c(Cl)c1,1
NWFLYJVSUKRJDH-UHFFFAOYSA-N,Ki,nM,5000.0,CCCCCCc1ccc(OCCCCCCCCCCC(=O)NC23CC4CC(CC(C4)C2)C3)cc1O,1
NWLDZMSVYCXZKJ-UHFFFAOYSA-N,Activity,%,15.0,CCCCCCNc1ccc(CCNC(=O)c2[nH]c3ccc(Cl)cc3c2CC)cc1,1
NWYGVNMVIYNQSO-UHFFFAOYSA-N,Ki,nM,19.0,CC1CCC(NC(=O)c2cc3ccccc3n(Cc3ccc(F)cc3)c2=O)CC1,1
NYCQKVYRXZMKRZ-UHFFFAOYSA-N,Ki,nM,1500.0,CCCCCn1cc2c(=O)n(C3CCCCC3)nc-2c2ccccc21,1
OADZFRLWRRTMDX-HTERXRQYSA-N,EC50,nM,217.0,CC12CCC(C1)C(C)(C)C2NC(=O)c1nn(-c2ccc(F)cc2F)c2c1CC1CC21,1
OALDHYSSGNARCQ-LBPRGKRZSA-N,EC50,nM,10000.0,CC(C)(C)c1cc(NC(=O)C2CCCN2C(=O)N2CCOCC2)on1,1
OAYGNQGEUIFBFA-UHFFFAOYSA-N,EC50,nM,12500.0,CN(C)CCn1c(CC(C)(C)C)nc2cc(S(=O)(=O)C3CN(CCO)C3)ccc21,1
OCUXWFGPRPQPMZ-LLVKDONJSA-N,Ki,nM,5000.0,CCc1cc2c(cc1O)OC1=C(CCC(C)C1)C2(C)C,1
OFJMKRPZKAETPO-UHFFFAOYSA-N,EC50,nM,5000.0,O=C(NC1CCCCC1)c1cc2cccc(OCC3CC3)c2oc1=O,1
OJYVWHUGRJXXIT-AWEZNQCLSA-N,EC50,nM,390.0,CC(C)(C)c1cc(NC(=O)C2CCCN2C2CCCCC2)no1,1
ONBPONFRDDTIII-UHFFFAOYSA-N,EC50,nM,123.0,Cc1c(C(=O)NCCCCCCCCNCc2ccccc2)nn(-c2ccc(Cl)cc2Cl)c1-c1ccc(Cl)cc1,1
ONWHHBPKKHKAJJ-UHFFFAOYSA-N,Activity,%,0.3,Cc1cc(C(=O)N2CCc3c(sc(NCc4ccccc4)c3C#N)C2)n[nH]1,1
OOHIHQFCRNORTG-UHFFFAOYSA-N,EC50,nM,8850.0,Cc1c(C(=O)NCCCCNCc2cccc(CNCCCCNC(=O)c3nn(-c4ccc(Cl)cc4Cl)c(-c4ccc(Cl)cc4)c3C)c2)nn(-c2ccc(Cl)cc2Cl)c1-c1ccc(Cl)cc1,1
OQDZSZKZKROAOU-UHFFFAOYSA-N,Ki,nM,96.0,CC1CCC(NC(=O)c2cc3cc(Br)cnc3n(Cc3ccc(F)cc3)c2=O)CC1,1
OSDICWRKBMVADH-UHFFFAOYSA-N,EC50,nM,5000.0,CCCCOc1cccc2cc(C(=O)NN3CCOCC3)c(=O)oc12,1
OTVBKTJTSQCANS-UHFFFAOYSA-N,Activity,%,48.0,Cc1ccc2c(C(=O)N3CCN(C)CC3)cn(CC3CCCCC3)c2c1,1
OVWALLFVBKERPD-UHFFFAOYSA-N,EC50,nM,2818.0,Cc1c(C(=O)NCCCCN)nn(-c2ccc(Cl)cc2Cl)c1-c1ccc(Cl)cc1,1
OYEPUYFAWQHKHJ-KRWDZBQOSA-N,EC50,nM,10000.0,O=C(Nc1cc(-c2ccccc2)no1)C1CCCCN1C(=O)N1CCS(=O)(=O)CC1,1
PBHPYVLXXUBFFV-UHFFFAOYSA-N,Activity,%,98.2,CCCCCCSC1=C(C#N)C(c2ccccc2Cl)NC(=O)N1,1
PBMFBAGKYCXWOV-DGCLKSJQSA-N,EC50,nM,297.0,O=C(NC1(CO)CCCC1)c1nn(-c2ccc(F)cc2F)c2c1CC1CC21,1
PGGOWTCRZAQDJI-AQDIUKAZSA-N,Activity,%,60.0,CCN1C(C)CN(C(=O)c2cn(CC3CCCCC3)c3c(OC)cccc23)CC1C.Cl,1
PGLQQTONBSEQOX-UHFFFAOYSA-N,EC50,nM,50000.0,CCN1CCN(c2nc(C)nc3c2nc(-c2ccccc2Cl)n3CCOC)CC1,1
PGYGYIVEQQZKCJ-UHFFFAOYSA-N,EC50,nM,25704.0,CCOc1ccc(Cc2nc3cc(C(=O)NCCCCCCCCCCN(C)CCCCCCCCCCNC(=O)c4ccc5c(c4)nc(Cc4ccc(OCC)cc4)n5CCC(C)C)ccc3n2CCC(C)C)cc1,1
PHCFWLPTJLDXID-SNVBAGLBSA-N,Ki,nM,5000.0,CC1CCC2=C(C1)c1ccc(O)cc1OC2(C)C,1
PKWWAHHKOHKCFN-LBPRGKRZSA-N,EC50,nM,1100.0,CC(C)(C)c1cc(NC(=O)C2CCC(=O)N2c2ccc(C#N)cn2)on1,1
PLIHWCCORFZAAL-WLHGVMLRSA-N,Inhibition,%,11.0,CCOC(=O)N1CCC(CN2CCC3(CC2)CN(C(=O)N(C)C)c2ncccc23)CC1.O=C(O)C=CC(=O)O,1
PNFLZQSSTUBFBH-SJLPKXTDSA-N,EC50,nM,19.0,CC(C)(NC(=O)c1nn(CCN2CCOCC2)c2c1CC1CC21)c1ccccc1,1
PPSQLDLKFJHMTI-SNVBAGLBSA-N,Ki,nM,5000.0,CC1CCC2=C(C1)Oc1cc(O)ccc1C2(C)C,1
PUDMSDVHALBQJY-GHMZBOCLSA-N,EC50,nM,3600.0,CC(C)(CO)NC(=O)c1nn(-c2ccccn2)c2c1CC1CC21,1
PUJOVRFAXSDWML-UHFFFAOYSA-N,Activity,%,78.0,COc1cccc2c(C(=O)N3CCN(C)C(C)(C)C3)cn(CC3CCCCC3)c12.Cl,1
PXMOQRJLYRZDOS-UHFFFAOYSA-N,Activity,%,47.0,CC(=O)Nc1cccc(-c2cccc(NC(=O)Nc3ccc(Cl)cc3)c2)n1,1
PYUOXGBSHSELQU-UHFFFAOYSA-N,Activity,%,15.0,CCN(CC)c1ccc(CCNC(=O)c2cc3cc(F)ccc3[nH]2)cc1,1
PZIFWOSKAHGAJJ-UHFFFAOYSA-N,EC50,nM,12500.0,CC(C)(C)Cc1nc2cc(S(=O)(=O)C3CN(C(N)=O)C3)ccc2n1CCOC(F)(F)F,1
PZQBNUHQWVYTJP-UHFFFAOYSA-N,Activity,%,15.0,CCc1c(C(=O)NCCc2ccccc2)[nH]c2ccc(Cl)cc12,1
QBXLXBAKKFKYNZ-UHFFFAOYSA-N,EC50,nM,12500.0,CN1CC(S(=O)(=O)c2ccc3c(c2)nc(CC(C)(C)C)n3CC2(O)CCOCC2)C1,1
QCIASDDHOHRWGG-AWEZNQCLSA-N,EC50,nM,25000.0,CC(C)(C)c1cc(NC(=O)C2CCC(=O)N2c2ccc(C#N)cc2)on1,1
QCMCIGZJKCZNEG-UHFFFAOYSA-N,EC50,nM,1553.0,N#Cc1ccccc1CSc1nnc2c3ccccc3n(Cc3ccccc3)c2n1,1
QCTSQCFRTLMKRV-UHFFFAOYSA-N,Ki,nM,1500.0,CCCCCn1c(-c2ccccc2)c2c(=O)[nH]nc-2c2ccccc21,1
QDTHRNHHBMAPKU-UHFFFAOYSA-N,Emax,%,-5.0,CCOc1ccc(Cc2nc3cc(C(=O)NCCCN(C)C)ccc3n2CCC(C)C)cc1,1
QGOXBMXBECDKRP-UHFFFAOYSA-N,EC50,nM,17378.0,CCOc1ccc(Cc2nc3cc(C(=O)NCCCN(C)CCCNC(=O)c4ccc5c(c4)nc(Cc4ccc(OCC)cc4)n5CCC(C)C)ccc3n2CCC(C)C)cc1,1
QIFMCIHXGQBWJT-UHFFFAOYSA-N,Ki,nM,20000.0,CCCCCCC(C)(C)C1=CC2=C(C(=O)C1=O)c1nn(C)cc1C(C)(C)O2,1
QIGKNCJASZEQPS-IBGZPJMESA-N,EC50,nM,54.0,CC(C)(C)c1cc(NC(=O)C2(C)CCCN2c2ccc(Cl)cc2)no1,1
QIROVCLGEMKLDL-UHFFFAOYSA-N,EC50,nM,5000.0,CCCCOc1cccc2cc(C(=O)NC(C)(C)C)c(=O)oc12,1
QIZQKAFLRKDEFK-UHFFFAOYSA-N,EC50,nM,1620.0,Cc1c(C(=O)NCCCCNCc2cccc(C(=O)NCCCCNC(=O)c3nn(-c4ccc(Cl)cc4Cl)c(-c4ccc(Cl)cc4)c3C)c2)nn(-c2ccc(Cl)cc2Cl)c1-c1ccc(Cl)cc1,1
QKCBUMJCRHUCAH-UHFFFAOYSA-N,Ki,nM,5000.0,CCOCCn1cc(C(=O)NCCc2ccccc2)c(=O)c2cccc(OC)c21,1
QMRUDPFQGULEKY-UHFFFAOYSA-N,Activity,%,41.0,CCN1CCN(C(=O)c2cn(CC3CCCCC3)c3c(F)cccc23)CC1.Cl,1
QOHUMPFRGCFQJU-UHFFFAOYSA-N,EC50,nM,5000.0,CCCCOc1cccc2cc(C(=O)NC(C)C(C)C)c(=O)oc12,1
QOWQYZCVGXKVQA-UHFFFAOYSA-N,Activity,%,39.0,CN1CCN(C(=O)c2cn(CC3CCCCC3)c3ccccc23)CC1,1
QQEVIUNXMFLAMF-UHFFFAOYSA-N,EC50,nM,660.69,Cc1c(C(=O)NCCCCNCc2ccccc2)nn(-c2ccc(Cl)cc2Cl)c1-c1ccc(Cl)cc1,1
QQIJWOFYHMNSTN-UHFFFAOYSA-N,Ki,nM,177.8,CCCCCCC(C)(C)c1cc(O)cc(OCCCCCCCC(=O)NC(CO)CO)c1,1
QQLHCVLMFUXEJC-UHFFFAOYSA-N,Ki,nM,5000.0,CCOC(=O)CCCn1c(=O)c(C(=O)NC2CCC(C)CC2)cc2cccnc21,1
QQXDNTXCWOQARA-MWLCHTKSSA-N,EC50,nM,3400.0,CC(C)(CF)NC(=O)c1nn(-c2ccc(F)cc2F)c2c1CC1CC21,1
QSFUPMRSLWJWGM-UHFFFAOYSA-N,Activity,%,36.0,CCN1CCN(C(=O)c2cn(CC3CCCCC3)c3cccc(F)c23)CC1.Cl,1
QSIBJPQGFDSJOU-UHFFFAOYSA-N,Activity,%,7.5,CCCCN(CCCC)c1cccc(-c2cccc(NC(=O)Nc3ccc(Cl)cc3)c2)n1,1
QSUDVPGYNDMTCQ-UHFFFAOYSA-N,EC50,nM,12500.0,COCCN1CC(S(=O)(=O)c2ccc3c(c2)nc(CC(C)(C)C)n3CCN(C)C)C1,1
QTMSLDWWPPFWAP-UKRRQHHQSA-N,EC50,nM,86.0,CC(C)(NC(=O)c1nn(C(C)(C)C)c2c1CC1CC21)c1ccccc1,1
QTQLXSJPJBHVSX-UHFFFAOYSA-N,EC50,nM,40700.0,Cc1c(C(=O)NCCCCCCCCNC(=O)c2ccc(C(=O)NCCCCCCCCNC(=O)c3nn(-c4ccc(Cl)cc4Cl)c(-c4ccc(Cl)cc4)c3C)cc2)nn(-c2ccc(Cl)cc2Cl)c1-c1ccc(Cl)cc1,1
QUWMDEVTNMYBRF-UHFFFAOYSA-N,Activity,%,86.24,CCCCCSc1nnc2c(n1)[nH]c1ccccc12,1
QWLSDGPJFRNTFW-UHFFFAOYSA-N,Activity,%,7.5,O=C(Nc1cccc(-c2cccc(N3CCCC3)n2)c1)Nc1ccc2ccccc2c1,1
QYJMHBYZTCLNAE-ZYHUDNBSSA-N,EC50,nM,105.0,O=C(NC1(CO)CCC1)c1nn(-c2ccc(F)cc2F)c2c1CC1CC21,1
QYKFRSKQKNACOS-UHFFFAOYSA-N,Ki,nM,1500.0,CCCCCn1cc2c(=O)n(CC3CC3)nc-2c2ccccc21,1
QYNFAYQNUYQLMB-LBPRGKRZSA-N,EC50,nM,7.0,CC(C)(C)c1cc(NC(=O)C2CCCN2c2ncc(C(F)(F)F)cc2Cl)no1,1
QYVUDBXZRBTYBA-ZDUSSCGKSA-N,EC50,nM,2400.0,CC(C)(C)c1cc(NC(=O)C2CCCN2C2CCCC2)no1,1
QZGFQISGJISWSQ-UHFFFAOYSA-N,Activity,%,7.5,CCN(CC)c1cccc(-c2cccc(NC(=O)Nc3ccc(Cl)cc3)c2)n1,1
QZVOCKMIPFYYSZ-NXEZZACHSA-N,EC50,nM,15000.0,CC(C)(CO)NC(=O)c1nn(-c2c(F)cccc2F)c2c1CC1CC21,1
QZYTVFOJAQEKOY-MWLCHTKSSA-N,EC50,nM,15000.0,CC(C)(C)NC(=O)c1nn(-c2ccc(F)cc2F)c2c1CC1CC21,1
RAMHCAPSUIGEGV-MWLCHTKSSA-N,EC50,nM,15000.0,O=C(NC1(CO)CC1)c1nn(-c2ccc(F)cc2F)c2c1CC1CC21,1
RAWXPASUOIJZQB-NXEZZACHSA-N,EC50,nM,15000.0,CC(C)(CO)NC(=O)c1nn(-c2ccncn2)c2c1CC1CC21,1
RCNJZTHWNBKXOO-UHFFFAOYSA-N,Activity,%,15.0,CCCCCC(=O)Nc1ccc(CCNC(=O)c2[nH]c3ccc(Cl)cc3c2CC)cc1,1
RCRWEJBINVVJEE-HXUWFJFHSA-N,Ki,nM,1060.0,CCCCCc1cc(O)cc(OCCCCCCCCCNC(C)CO)c1,1
RDOXDMVBYJSLFB-UHFFFAOYSA-N,Activity,%,23.2,O=C(Nc1ccc(F)cc1)Nc1cccc(-c2cccc(N3CCCC3)n2)c1,1
REBXEOSBRPNTBC-UHFFFAOYSA-N,Activity,%,111.0,CCN1CCN(C(=O)c2cn(CC3CCCCC3)c3c(Br)cccc23)CC1.Cl,1
RESRFPBUVQKKFH-SNVBAGLBSA-N,Ki,nM,5000.0,Cc1c(O)ccc2c1OC(C)(C)C1=C2CC(C)CC1,1
RFWSPILMGBXCJI-UHFFFAOYSA-N,Activity,%,7.5,CCN(C)c1cccc(-c2cccc(NC(=O)Nc3ccc(Cl)cc3)c2)n1,1
RFXYCONJKGVEBN-UHFFFAOYSA-N,EC50,nM,420.0,CC(C)(C)c1cc(NC(=O)C(C)(C)S(=O)(=O)c2ccc(C(F)(F)F)cc2)no1,1
RGXQTRUQYBCUAT-UHFFFAOYSA-N,Ki,nM,30000.0,N#Cc1ccccc1CSc1nnc2c3ccccc3n(C(=O)C3CCCC3)c2n1,1
RKOHQJAHFFSOSQ-UHFFFAOYSA-N,Ki,nM,20000.0,CCCCCCC(C)(C)C1=CC2=C(C(=O)C1=O)c1c(cnn1CC)C(C)(C)O2,1
RLMOROYTWQUPHF-UHFFFAOYSA-N,Activity,%,7.5,O=C(Nc1ccc(Cl)nc1)Nc1cccc(-c2cccc(N3CCCC3)n2)c1,1
RMUMGAJFWHELKP-GDBMZVCRSA-N,EC50,nM,7.4,CC(C)(C)Cn1nc(C(=O)NC(C)(C)c2ccccc2)c2c1C1CC1C2,1
RNGSYLUPRZVMDV-UHFFFAOYSA-N,IC50,nM,5000.0,CCCCCOc1cc(Br)cc2cc(C(=O)NC3CCCCC3)c(=O)oc12,1
RNIPCZJSAUJLLI-UHFFFAOYSA-N,EC50,nM,50000.0,CCN1CCN(c2nc(C)nc3c2nc(-c2ccccc2Cl)n3C(COC)COC)CC1,1
RNJBGGHADWQYKY-UHFFFAOYSA-N,Ki,nM,1500.0,CCCCCn1cc2c(=O)n(Cc3ccccc3)nc-2c2ccccc21,1
RPRYTMAQVWICAO-UHFFFAOYSA-N,Activity,%,83.0,CCN1CCN(C(=O)c2cn(CC3CCCCC3)c3c(C)cccc23)CC1,1
RRAKNYASVPYGBW-UHFFFAOYSA-N,Ki,nM,5000.0,CCCCCCc1c(O)cccc1OCCCCCCCCCCC(=O)NC12CC3CC(CC(C3)C1)C2,1
RRQQVSKOGMIVFA-UHFFFAOYSA-N,EC50,nM,5000.0,CCCCNC(=O)c1cc2cccc(OCCCC)c2oc1=O,1
RSLFNRJPKFNANW-UHFFFAOYSA-N,EC50,nM,12500.0,CC(=O)N1CCC(Cn2c(CC(C)(C)C)nc3cc(S(=O)(=O)C4CN(C)C4)ccc32)CC1,1
RTQZKEKUXNWTAS-UHFFFAOYSA-N,Activity,%,15.0,CCc1c(C(=O)NCCc2ccc(OC)cc2)[nH]c2ccc(Cl)cc12,1
RUIMTBQKQRDZKC-ZDUSSCGKSA-N,EC50,nM,10000.0,CC(C)(C)c1cc(NC(=O)C2CCCCN2C(=O)N2CCS(=O)CC2)no1,1
RUQJUWAZFRKOHX-UHFFFAOYSA-N,EC50,nM,5000.0,CCCCOc1cccc2cc(C(=O)NC(CC)CC)c(=O)oc12,1
RWSHWYIQVOMVLL-UHFFFAOYSA-N,Ki,nM,5000.0,CC1CCC(NC(=O)c2cc3cccnc3n(CCO)c2=O)CC1,1
RXNTVQXUPSGMRM-UHFFFAOYSA-N,Activity,%,30.0,CCN1CCN(C(=O)c2cn(CC3CCCCC3)c3cc(F)ccc23)CC1.Cl,1
RYDGYZYXBUXRIX-AQOUDTPCSA-N,EC50,nM,23988.0,Cc1c(C(=O)NCCCCNC(=O)C2CCCC(C(=O)NCCCCNC(=O)c3nn(-c4ccc(Cl)cc4Cl)c(-c4ccc(Cl)cc4)c3C)C2)nn(-c2ccc(Cl)cc2Cl)c1-c1ccc(Cl)cc1,1
SDGDQGXNKCBLHX-NCRNUEESSA-N,EC50,nM,7585.78,Cc1c(C(=O)NCCCCCCCCNC(=O)C2CCCC(C(=O)NCCCCCCCCNC(=O)c3nn(-c4ccc(Cl)cc4Cl)c(-c4ccc(Cl)cc4)c3C)C2)nn(-c2ccc(Cl)cc2Cl)c1-c1ccc(Cl)cc1,1
SFAYJQHFCNNGOD-UHFFFAOYSA-N,Ki,nM,20000.0,CCCCCCC(C)(C)C1=CC2=C(C(=O)C1=O)c1[nH]ncc1C(C)(C)O2,1
SFOOAURLLXPPBE-UHFFFAOYSA-N,Activity,%,15.0,CCCN(CCC)c1ccc(CCNC(=O)c2[nH]c3ccc(Cl)cc3c2CC)cc1,1
SGRIYIPZNBGXKS-PVKYBCDNSA-N,Ki,nM,10000.0,CC#CC#CCC=CCCCC=CC=CC(=O)NCC(C)C,1
SHIQHFJMBFHFKT-SFHVURJKSA-N,EC50,nM,0.5,CC(C)(C)c1cc(NC(=O)C2(C)CCCN2c2ccc(C(F)(F)F)cn2)no1,1
SHJUYVCKURRHSH-UHFFFAOYSA-N,Activity,%,19.6,O=C(Nc1cccc(Cl)c1)Nc1cccc(-c2cccc(N3CCCC3)n2)c1,1
SJEPMOZSFYWLKA-NXEZZACHSA-N,EC50,nM,15000.0,CC(C)(CO)NC(=O)c1nn(-c2cnccn2)c2c1CC1CC21,1
SKGABILFZZEVPR-UHFFFAOYSA-N,Activity,%,107.8,CCCCCCSC1=C(C#N)C(c2ccc(Cl)cc2)NC(=O)N1,1
SNQTVUXJKJMYRL-ZDUSSCGKSA-N,EC50,nM,25000.0,CC(C)(C)c1cc(NC(=O)C2CCC(=O)N2c2ccc(Cl)cc2)on1,1
SPGILAFEXNOREU-KGLIPLIRSA-N,EC50,nM,28000.0,CC(C)(C)c1cc(NC(=O)C2CC(O)CN2c2ccc(Cl)cc2)on1,1
SSBJYZUPLXZVNB-UHFFFAOYSA-N,Ki,nM,1500.0,CCCCCn1c(-c2ccccc2)c2c(=O)n(-c3ccc(OC)cc3)nc-2c2ccccc21,1
SXVMENMIZXPCNC-UHFFFAOYSA-N,Activity,%,28.0,CCN1CCN(C(=O)c2cn(CC3CCCCC3)c3ccc(F)cc23)CC1.Cl,1
SYOAAQQVEDDGIG-UHFFFAOYSA-N,IC50,nM,5000.0,CCCCOc1c(OC)ccc2cc(C(=O)NC3CCCCC3)c(=O)oc12,1
SZJWSJRAHGKJDN-AWEZNQCLSA-N,EC50,nM,10000.0,CC(C)(C)c1cc(NC(=O)C2CCCCN2C(=O)C2CCOCC2)no1,1
TXLYAPSVJBMCRY-UHFFFAOYSA-N,Ki,nM,5000.0,CC1CCC(NC(=O)c2cc3cccnc3n(CCCCO)c2=O)CC1,1
UDOGQHXIXUMLJP-UHFFFAOYSA-N,EC50,nM,5000.0,CCCCOc1cccc2cc(C(=O)NC3CCCC3)c(=O)oc12,1
UEDUAUJNUMDMFB-UHFFFAOYSA-N,Activity,%,7.5,CNc1cccc(-c2cccc(NC(=O)Nc3ccc(Cl)cc3)c2)n1,1
UFLLNLMDBQIUTH-UHFFFAOYSA-N,Activity,%,15.0,CCc1c(C(=O)NCCc2cccc(O)c2)[nH]c2ccc(Cl)cc12,1
UHBZPVXIAZOSSD-UHFFFAOYSA-N,Activity,%,52.0,CCN1CCN(C(=O)c2cn(CC3CCCCC3)c3cc(Cl)ccc23)CC1.Cl,1
ULSVBPAWRBQLMS-UHFFFAOYSA-N,EC50,nM,5000.0,CCOc1cccc2cc(C(=O)NC3CCCCC3)c(=O)oc12,1
UMGJKWSIQVVDGX-UHFFFAOYSA-N,EC50,nM,5000.0,CCCOc1cccc2cc(C(=O)NC3CCCCC3)c(=O)oc12,1
UOLNKPNWCTYOPC-UHFFFAOYSA-N,Activity,%,7.5,COc1ccc(NC(=O)Nc2cccc(-c3cccc(N4CCCC4)n3)c2)cc1,1
UPHSNPFOQHMZEB-AWEZNQCLSA-N,EC50,nM,10000.0,O=C(Nc1nc2ccc(Cl)cc2s1)C1CCCN1C1CCOCC1,1
UPYMWORQWAXUNE-UHFFFAOYSA-N,Ki,nM,1500.0,CCCCCn1c(-c2ccccc2)c2c(=O)n(-c3ccccc3)nc-2c2ccccc21,1
UQYGKCDCFVQCHW-UHFFFAOYSA-N,EC50,nM,1581.14,CCN1CCN(C(=O)c2cn(CC3CCCCC3)c3ccc(OC)cc23)CC1.Cl,1
UTDFNPQIXLLZIT-HNNXBMFYSA-N,EC50,nM,10000.0,CCC(=O)N1CCN(C(=O)N2CCCCC2C(=O)Nc2cc(C(C)(C)C)on2)CC1,1
UTDRYESAERWZPI-AWEZNQCLSA-N,EC50,nM,15640.0,CC(C)(C)c1cc(NC(=O)C2CCCCN2C(=O)CN2CCS(=O)(=O)CC2)no1,1
UUUUKDIKVIQJQX-UHFFFAOYSA-N,Activity,%,15.0,CCN(CC)c1ccc(CCNC(=O)c2[nH]c3ccc(F)cc3c2C)cc1,1
UZBWCKBPXRODJT-UFDOCAHHSA-N,Ki,nM,8600.0,CCCC=CC#CC=CC=CCCC=CC=CC(=O)NCC(C)C,1
UZYLLYOBIXOBQF-TZMCWYRMSA-N,EC50,nM,43.0,CC(C)(NC(=O)c1nn(-c2ccc(F)cc2F)c2c1CC1CC21)c1ccccn1,1
VBBAEKFILYUUPW-UHFFFAOYSA-N,Activity,%,76.71,CC(C)CCSc1nc(N)c2c3c(sc2n1)COC(C)(C)C3,1
VBVSLBXYPFYZIR-ZDUSSCGKSA-N,EC50,nM,10000.0,CC(C)(C)c1cc(NC(=O)C2CCCCN2C(=O)N2CCS(=O)(=O)CC2)no1,1
VCDQBSRZFUBXDI-UHFFFAOYSA-N,Activity,%,19.6,CCCNc1cccc(-c2cccc(NC(=O)Nc3ccc(Cl)cc3)c2)n1,1
VCMMYRWIEZCYDK-PDBXOOCHSA-N,Ki,nM,8880.0,CCC=CCC=CCC=CCCCCCCCC(=O)NCc1ccccc1,1
VCZQESXCRUNCBJ-UHFFFAOYSA-N,EC50,nM,5000.0,CCCCOc1cccc2cc(C(=O)NC(C)C)c(=O)oc12,1
VDMQBZFCSFSFOR-UHFFFAOYSA-N,Emax,%,-3.0,CCOc1ccc(Cc2nc3cc(C(=O)N(CC)CC)ccc3n2CCCN(C)C)cc1,1
VFJZDIRZVHSZCL-UHFFFAOYSA-N,Ki,nM,1500.0,CCCCCn1cc2c(=O)n(-c3cccc(C(F)(F)F)c3)nc-2c2ccccc21,1
VHFPMFSUAHEHBE-UHFFFAOYSA-N,Activity,%,15.0,CCc1c(C(=O)NCCc2ccc(N(CC)CC)cc2)[nH]c2ccc(F)cc12,1
VIIFQCCKYXSQKF-UHFFFAOYSA-N,EC50,nM,5000.0,CCCCOc1cccc2cc(C(=O)NN3CCCCC3)c(=O)oc12,1
VKCVQMODGCVRHW-UHFFFAOYSA-N,Activity,%,15.0,CCc1c(C(=O)NCCc2ccc(N(CC)CC)cc2)[nH]c2ccc(Cl)cc12,1
VLIMFZSMMDUNFH-UHFFFAOYSA-N,Ki,nM,3262.0,COc1ccc(-c2cnc3c(c2)cc(C(=O)NC2CCC(C)CC2)c(=O)n3Cc2ccc(F)cc2)cc1,1
VNBACJVORYHCRA-IBGZPJMESA-N,EC50,nM,15.0,CC(C)(C)c1cc(NC(=O)C2(C)CCCN2c2ccc(C(F)(F)F)cc2)no1,1
VNDSXTWELGPCTB-UHFFFAOYSA-N,Ki,nM,2080.0,CCCCCc1cc(O)cc(OCCCCCCCCCCCNC2CC2)c1,1
VRIXWKFEHIPSIP-UHFFFAOYSA-N,Ki,nM,52.9,CC1CCC(NC(=O)c2cc3cc(-c4ccco4)cnc3n(CCN3CCOCC3)c2=O)CC1,1
VSDKISJUKCDNCT-UHFFFAOYSA-N,Ki,nM,5000.0,CC1CCC(NC(=O)c2c(O)c3cccnc3n(CCCO)c2=O)CC1,1
VVGRVXLDVURROA-UHFFFAOYSA-N,Ki,nM,1500.0,CCCCCn1c(-c2ccccc2)c2c(=O)n(CCCc3ccccc3)nc-2c2ccccc21,1
VZKVXWUSSUGQGY-UHFFFAOYSA-N,Ki,nM,227.0,CCCCCn1c(=O)c(C(=O)NC2CCC(C)CC2)cc2ccccc21,1
VZUJLUOMSWRIQJ-UHFFFAOYSA-N,Inhibition,%,0.0,CCC(C)(C)C(=O)Nc1cc(CN2CCOCC2)cc(C)n1,1
WABPNSCYWRNHEU-UHFFFAOYSA-N,Activity,%,7.5,CN(C)c1cccc(-c2cccc(NC(=O)Nc3ccc(Cl)cc3)c2)n1,1
WBVHPGIBBFVLKN-UHFFFAOYSA-N,EC50,nM,15000.0,c1ccc(CSc2nnc3c(n2)[nH]c2ccccc23)cc1,1
WCIZQENQQWNDEJ-UHFFFAOYSA-N,EC50,nM,501.0,Cc1c(C(=O)NCCCCCCCCNC(=O)c2ccccc2)nn(-c2ccc(Cl)cc2Cl)c1-c1ccc(Cl)cc1,1
WDOIRXCSWMTZHK-KRWDZBQOSA-N,EC50,nM,10000.0,O=C(Nc1nc(-c2ccccc2)cs1)C1CCCCN1C(=O)N1CCS(=O)(=O)CC1,1
WFHPSIWEEPUBPV-UHFFFAOYSA-N,Activity,%,15.0,O=C(NCCc1ccc(N2CCCCC2)cc1)c1cc2cc(F)ccc2[nH]1,1
WGHYZMUZGXWEMW-UHFFFAOYSA-N,Activity,%,7.5,COc1cc(NC(=O)Nc2cccc(-c3cccc(N4CCCC4)n3)c2)cc(OC)c1OC,1
WGWKTQCAJSRICS-KGLIPLIRSA-N,EC50,nM,29000.0,CC(C)(C)c1cc(NC(=O)C2CC(O)CN2C2CCCCC2)on1,1
WHTVRROUSMIKQK-UHFFFAOYSA-N,EC50,nM,20000.0,N#Cc1ccccc1CSc1nnc2c(n1)[nH]c1cccc(Br)c12,1
WITSMXUOQNQBLT-UHFFFAOYSA-N,Ki,nM,22.59,CC1CCC(NC(=O)c2cc3cccnc3n(CCCCCF)c2=O)CC1,1
WIVRCLNIDINBEF-SNVBAGLBSA-N,Ki,nM,1000.0,Cc1cc(O)c2c(c1)OC(C)(C)C1=C2CC(C)CC1,1
WJIZZYNTUBCGPU-UHFFFAOYSA-N,IC50,nM,5000.0,CCCCOc1c(OC)ccc2cc(C(=O)NC(C)CCC)c(=O)oc12,1
WKAOYQFYMRWACM-UHFFFAOYSA-N,Ki,nM,701.5,CCCCn1c(=O)c(C(=O)NC2CCC(C)CC2)c(O)c2cccnc21,1
WKDAZCMCNSHOIB-UHFFFAOYSA-N,Emax,%,43.64,Cc1c(C(=O)NCCCCCCNC(=O)c2cccc(C(=O)NCCNC(=O)c3nn(-c4ccc(Cl)cc4Cl)c(-c4ccc(Cl)cc4)c3C)c2)nn(-c2ccc(Cl)cc2Cl)c1-c1ccc(Cl)cc1,1
WKZBYKWJIPDLHQ-UHFFFAOYSA-N,EC50,nM,16218.0,Cc1c(C(=O)NCCCCNC(=O)C23CC4CC(C2)CC(C(=O)NCCCCNC(=O)c2nn(-c5ccc(Cl)cc5Cl)c(-c5ccc(Cl)cc5)c2C)(C4)C3)nn(-c2ccc(Cl)cc2Cl)c1-c1ccc(Cl)cc1,1
WOCJKSWJVDFZBH-UHFFFAOYSA-N,EC50,nM,1096.0,Cc1c(C(=O)NCCCCCCCCNC(=O)C2CCCCC2)nn(-c2ccc(Cl)cc2Cl)c1-c1ccc(Cl)cc1,1
WPMZHAWRMPKXHR-ZDUSSCGKSA-N,EC50,nM,250.0,CC(C)(C)c1cc(NC(=O)C2CCCCN2c2ccc(C(F)(F)F)cn2)no1,1
WTZBQRKRMSBFEP-UHFFFAOYSA-N,Activity,%,32.0,O=C(Nc1ccc(Cl)cc1)Nc1cccc(-c2cccc(N3CCCCC3)n2)c1,1
WUUACLHVQQMLSF-LBPRGKRZSA-N,EC50,nM,10000.0,CC(C)(C)c1nsc(NC(=O)C2CCCN2C2CCOCC2)n1,1
WWNNKDJOKYRJSV-UHFFFAOYSA-N,EC50,nM,12500.0,CC(C)(C)Cc1nc2cc(S(=O)(=O)C3CN(C(N)=O)C3)ccc2n1CC(C)(C)O,1
WWVQOPCDGDSZNA-GFCCVEGCSA-N,EC50,nM,10000.0,CC(C)(C)c1cc(NC(=O)C2CCCN2c2ccc(C(F)(F)F)cn2)no1,1
WYBSUCOIQJYPKU-ZDUSSCGKSA-N,EC50,nM,10000.0,CC(C)(C)c1cc(NC(=O)C2CCCN2C(=O)C2CCC(F)(F)CC2)no1,1
WYKONUHKIAZPJU-UHFFFAOYSA-N,Activity,%,28.0,Cc1ccc2c(c1)c(C(=O)N1CCN(C)CC1)cn2CC1CCCCC1,1
XBBRBQCGGXLGGN-DDUZABMNSA-N,EC50,nM,15000.0,O=C(NC(CO)c1ccccc1)c1nn(-c2ccc(F)cc2F)c2c1CC1CC21,1
XBHQLFVDGLPBCK-UHFFFAOYSA-N,Ki,nM,1.0,Cc1c(C(=O)NN2CCS(=O)(=O)CC2)nn(-c2ccc(Cl)cc2Cl)c1-c1ccc(C#CCCC#N)cc1,1
XCGVQUQODAUJQV-UHFFFAOYSA-N,EC50,nM,5000.0,CCCCOc1cccc2cc(C(=O)NC3CC3)c(=O)oc12,1
XCVBLGSQXZPEGV-AWEZNQCLSA-N,EC50,nM,10000.0,CC(C)(C)c1cc(NC(=O)C2CCCCN2C(=O)C2CCS(=O)(=O)CC2)no1,1
XDCTVCMADUWJNQ-UHFFFAOYSA-N,EC50,nM,1581.14,CN(C)CCNC(=O)c1cn(CC2CCCCC2)c2ccccc12,1
XELUMSNYGOKMID-UHFFFAOYSA-N,Ki,nM,5000.0,CC1CCC(NC(=O)c2cc3cccnc3n(CCCCCO)c2=O)CC1,1
XENMXZNGXMHMSP-UHFFFAOYSA-N,IC50,nM,5000.0,CCCCCOc1c(OC)ccc2cc(C(=O)NC3CCCCC3)c(=O)oc12,1
XESCEOQHHPMQDU-UHFFFAOYSA-N,EC50,nM,420.0,CC(C)(C)c1cc(NC(=O)C(C)(C)S(=O)(=O)c2ccc(C(F)(F)F)cn2)no1,1
XHRZTKHTZZBJIU-UHFFFAOYSA-N,Inhibition,%,14.0,CC(C)CN1C(=O)CN(Cc2ccc(-c3cccc(CN4CCCC(C)C4)n3)cc2)C1=O,1
XKGPHJMKJBEURD-UHFFFAOYSA-N,Ki,nM,5000.0,CN1CCc2c(c3cccc4c3n2CCc2ccccc2-4)C1,1
XKHCEDYSKNATME-YSTUJMKBSA-N,Ki,nM,8670.0,CCC=CCC=CCC=CCCCCCCCC(=O)NCc1cccc(OC)c1,1
XLUUTKUEUVWPKI-UHFFFAOYSA-N,Activity,%,7.5,CCCCCNc1cccc(-c2cccc(NC(=O)Nc3ccc(Cl)cc3)c2)n1,1
XPUSKIRYBYTULV-UHFFFAOYSA-N,Ki,nM,5000.0,CCCCCc1cc(O)cc(OCCCCCCCCCCC(=O)NCc2ccccc2)c1,1
XQMKYOVHRBEPTD-UHFFFAOYSA-N,EC50,nM,15000.0,N#Cc1ccccc1CSc1nnc2c3ccccc3n(Cc3ccccc3[N+](=O)[O-])c2n1,1
XQQZQIGGSBNCCX-UHFFFAOYSA-N,Activity,%,7.5,O=C(Nc1ccc(Br)cc1)Nc1cccc(-c2cccc(N3CCCC3)n2)c1,1
XRNVPANNLDYYFO-UHFFFAOYSA-N,Ki,nM,30000.0,O=C(c1ccccc1)n1c2ccccc2c2nnc(SCc3ccccc3[N+](=O)[O-])nc21,1
XSKXHXDVPDTNLO-ZWNOBZJWSA-N,EC50,nM,15000.0,CC(C)(CO)NC(=O)c1nn(-c2ccc(F)cc2)c2c1CC1CC21,1
XTBJGGIGUILIIK-ZDUSSCGKSA-N,EC50,nM,1965.0,CC(C)CN1CCCCC1C(=O)Nc1cc(C(C)(C)C)on1,1
XXKNGBVKRHUNIU-HNNXBMFYSA-N,EC50,nM,5764.0,CC(C)(C)c1cc(NC(=O)C2CCCCN2C(=O)C2CCCCC2)no1,1
XZJOVEWPFJEOBL-UHFFFAOYSA-N,IC50,nM,5000.0,CCCCOc1c(OC)ccc2cc(C(=O)NCC3CC3)c(=O)oc12,1
YABXYWBRBDXNKY-UHFFFAOYSA-N,EC50,nM,13489.6,Cc1c(C(=O)NCCCCCCCCNC(=O)c2cccc(C(=O)NCCCCCCCCNC(=O)c3nn(-c4ccc(Cl)cc4Cl)c(-c4ccc(Cl)cc4)c3C)c2)nn(-c2ccc(Cl)cc2Cl)c1-c1ccc(Cl)cc1,1
YFLIOQCMPHQKCY-UHFFFAOYSA-N,Ki,nM,5000.0,CCCCn1cc(C(=O)NC23CC4CC(CC(C4)C2)C3)c(=O)c2cccc(OC)c21,1
YFTCLNZWBGCELR-UHFFFAOYSA-N,EC50,nM,50000.0,Cc1nc(N2CCN(C)CC2)c2nc(-c3ccccc3Cl)n(CC(C)(C)O)c2n1,1
YGFQBPYOYXCHSZ-AWEZNQCLSA-N,EC50,nM,307.0,CC(C)(C)c1cc(NC(=O)C2CCCN2c2ccc(C(F)(F)F)cc2)no1,1
YGIKSMCSADYGOY-UHFFFAOYSA-N,Activity,%,15.0,CCc1c(C(=O)Nc2cccc(-c3cccc(N(C)C)n3)c2)[nH]c2ccc(Cl)cc12,1
YJWLCIANOBCQGW-HZJYTTRNSA-N,Ki,nM,480.0,CCCCCC=CCC=CCCCCCCCC(=O)NCc1ccccc1,1
YMVSXVUOZDQSQE-UHFFFAOYSA-N,Ki,nM,1890.0,CCCCCCC(C)(C)c1cc(O)cc(OCCCCCCCCCCC(=O)NC(CO)CO)c1,1
YOCJOOJPWNGNJB-ZDUSSCGKSA-N,EC50,nM,10000.0,CC1(c2cc(NC(=O)C3CCCCN3C(=O)N3CCS(=O)(=O)CC3)on2)CC1,1
YQUWHIAXYNZEAB-UHFFFAOYSA-N,Ki,nM,5000.0,CC1CCC(NC(=O)c2cc3cccnc3n(CCC(=O)O)c2=O)CC1,1
YTYAKTGPSFZMRK-GNXQHMNLSA-N,Activity,%,73.0,COc1cccc2c(C(=O)N3CC(C)N(C)C(C)C3)cn(CC3CCCCC3)c12.Cl,1
YTZKNNAQINHHJH-UHFFFAOYSA-N,Activity,%,7.5,O=C(Nc1ccccc1)Nc1cccc(-c2cccc(N3CCCC3)n2)c1,1
YVDKLCHAUFGVMV-UHFFFAOYSA-N,Ki,nM,1500.0,CCCCCn1cc2c(=O)n(CC3CCCCC3)nc-2c2ccccc21,1
YVNLJRQPWFDVJR-FERBBOLQSA-N,Activity,%,75.0,CCN1CCN(C(=O)c2cn(CC3CCCCC3)c3c(OC)cccc23)CC1C.Cl,1
YWMJVWJGVMNIQA-INIZCTEOSA-N,EC50,nM,10000.0,CC(C)(C)C(=O)N1CCN(C(=O)N2CCCCC2C(=O)Nc2cc(C(C)(C)C)on2)CC1,1
YWPZCFAPNHFVHT-UHFFFAOYSA-N,Ki,nM,438.0,CCCCCc1cc(O)cc(OCCCCCCCCCCC(=O)NCC(F)(F)F)c1,1
YXFPVINSZDYPCU-ZYHUDNBSSA-N,EC50,nM,15000.0,CC(C)(CO)NC(=O)c1nn(-c2cccnc2)c2c1CC1CC21,1
YXQBNDKQWYTFCX-UHFFFAOYSA-N,Ki,nM,5000.0,CCCCn1cc(C(=O)NC(C)(C)C)c(=O)c2cccc(OC)c21,1
YYAWWKUYRIMBKL-UHFFFAOYSA-N,IC50,nM,5000.0,CCCCOc1c(OC)ccc2cc(C(=O)NC(CC)CC)c(=O)oc12,1
YZVKWFAKLRORIU-UHFFFAOYSA-N,EC50,nM,5000.0,CCCCOc1cccc2cc(C(=O)NC(C)CCC)c(=O)oc12,1
ZDRAZCDBPCODBH-VQIMIIECSA-N,EC50,nM,0.3,CC(C)(NC(=O)c1nn(Cc2ccc(F)cc2)c2c1CC1CC21)c1ccccc1,1
ZFZKVSPFSZCHLC-ZDUSSCGKSA-N,EC50,nM,10000.0,CC(C)(C)c1cc(NC(=O)C2CCCCN2C(=O)N2CCOCC2)no1,1
ZGAFHVVCKSQXDH-ZDUSSCGKSA-N,EC50,nM,41000.0,CC(C)(C)c1cc(NC(=O)C2CCCN2C2CCOCC2)no1,1
ZGARQGHOXSTBAX-UHFFFAOYSA-N,EC50,nM,1581.14,CCN1CCN(C(=O)c2cn(CCN3CCOCC3)c3c(OC)cccc23)CC1,1
ZGERPQYLMALGRP-UHFFFAOYSA-N,IC50,nM,5000.0,O=C(NC1CCCCC1)c1cc2cc(Br)cc(OCC3CC3)c2oc1=O,1
ZHTPBXDDWZAVCE-UHFFFAOYSA-N,EC50,nM,15000.0,N#Cc1cccc(CSc2nnc3c(n2)[nH]c2ccccc23)c1,1
ZHUOZQGWUQTNDE-ZDUSSCGKSA-N,EC50,nM,970.0,CC(C)(CO)c1cc(NC(=O)C2CCC(=O)N2c2ccc(C(F)(F)F)cc2)on1,1
ZKFNEGFRVZFKRJ-HNNXBMFYSA-N,EC50,nM,10000.0,O=C(Nc1nc(-c2ccccc2)ns1)C1CCCCN1C(=O)N1CCS(=O)(=O)CC1,1
ZPDRDPNCESNTKM-UHFFFAOYSA-N,EC50,nM,15000.0,N#Cc1ccccc1CSc1nnc2c(n1)[nH]c1ccccc12,1
ZPZJSZPTHASPGA-UHFFFAOYSA-N,IC50,nM,10.0,CC1(C)C(=O)N(c2ccc(F)c(C(F)(F)F)c2)C(=O)C1Cc1ccc(F)cc1NC(=O)Nc1ccc(S(N)(=O)=O)cc1,1
ZSXZZWYHIBKTNV-UHFFFAOYSA-N,Activity,%,111.42,CCCCCCCC1C(=O)NC(=S)N(c2ccccc2)C1=O,1
ZVPVGKSDCAFJCV-NSHDSACASA-N,EC50,nM,1400.0,CC(C)(C)c1cc(NC(=O)C2CCN2c2ccc(C(F)(F)F)cn2)no1,1
ZZYZZOOPUSCGBY-UHFFFAOYSA-N,EC50,nM,1348.96,CCCCn1c(Cc2ccc(OCC)cc2)nc2cc(C(=O)N(CC)CC)ccc21,1
ARNITDLNJQTLMC-UHFFFAOYSA-N,Ki,nM,46.71,Cc1cccc(-c2c(O)cc(C(C)(C)c3ccccc3)cc2O)c1,1
AVRJCVJBBAXEGT-UHFFFAOYSA-N,IC50,nM,5000.0,CCCn1cc2c(=O)n(C3CC(C)(C)CC(C)(C)C3)ncc2n1,1
CMFRWRRJXPMWNF-UHFFFAOYSA-N,Ki,nM,199.0,CC(C)(c1ccccc1)c1ccc(-c2cc(Cl)cc(Cl)c2)c(O)c1,1
CXDZKZANQIQWCC-UHFFFAOYSA-N,Ki,nM,17.18,CC(C)(c1ccc(-c2cc(Cl)cc(Cl)c2)c(O)c1)c1cccs1,1
DFIVWRVLJYNACC-UHFFFAOYSA-N,IC50,nM,5000.0,CC1(C)CC(n2ncc(Cl)c(Cl)c2=O)CC(C)(C)C1,1
FIDJJNCJJRGHEV-UHFFFAOYSA-N,IC50,nM,5000.0,CCCNc1cnn(C2CC(C)(C)CC(C)(C)C2)c(=O)c1,1
FVWJPCDWCHPHPP-UHFFFAOYSA-N,Ki,nM,3.7,Cc1cccc(-c2c(O)cc(C(C)(C)c3cccs3)cc2O)c1,1
GJTFBGFCXVODMT-UHFFFAOYSA-N,IC50,nM,1023.0,CN(C)c1cnn(C2CC(C)(C)CC(C)(C)C2)c(=O)c1Cl,1
HJNDHOPNLQLLID-UHFFFAOYSA-N,IC50,nM,5000.0,CNc1cnn(C2CC(C)(C)CC(C)(C)C2)c(=O)c1Cl,1
IMPIXGVTYVBLPL-UHFFFAOYSA-N,Ki,nM,2.33,CC(C)(c1cc(O)c(-c2cc(Cl)cc(Cl)c2)c(O)c1)c1cccs1,1
IPKZJDRFHYSXPR-UHFFFAOYSA-N,IC50,nM,3981.0,CC1(C)CC(n2ncc(NCCN3CCOCC3)c(Cl)c2=O)CC(C)(C)C1,1
LFSXWIRCSGJIBI-UHFFFAOYSA-N,IC50,nM,5000.0,CC1(C)CC(n2ncc(NCCN3CCOCC3)c(Br)c2=O)CC(C)(C)C1,1
LKHROGMZUBZXNT-UHFFFAOYSA-N,IC50,nM,5000.0,CCCNc1cnn(-c2cc(C(F)(F)F)cc(C(F)(F)F)c2)c(=O)c1Cl,1
LQFYTJPUNBKNEL-UHFFFAOYSA-N,Ki,nM,41.96,Cc1cccc(-c2ccc(C(C)(C)c3ccccc3)cc2O)c1,1
NIHVVAYWHTUYRX-UHFFFAOYSA-N,IC50,nM,5000.0,Cc1cc(C)cc(-n2ncc(NCCN3CCOCC3)c(Cl)c2=O)c1,1
OZZTZWGBPZSXLU-UHFFFAOYSA-N,IC50,nM,3981.0,CN(C)CCn1ncc2c(=O)n(C3CC(C)(C)CC(C)(C)C3)ncc21,1
QOXMHGXEHCEFOH-UHFFFAOYSA-N,IC50,nM,5000.0,CC1(C)CC(n2ncc3nn(CCN4CCOCC4)cc3c2=O)CC(C)(C)C1,1
ROXDXSMZIJVCTQ-UHFFFAOYSA-N,IC50,nM,5000.0,CCCNc1cnn(-c2cc(C)cc(C)c2)c(=O)c1Cl,1
RRGCPYXJKNQKLO-UHFFFAOYSA-N,IC50,nM,5000.0,CN(C)c1cnn(C2CC(C)(C)CC(C)(C)C2)c(=O)c1,1
RUTICLNESJNANB-UHFFFAOYSA-N,IC50,nM,5000.0,CNc1cnn(C2CC(C)(C)CC(C)(C)C2)c(=O)c1,1
SOELXNYHIMOSBS-UHFFFAOYSA-N,IC50,nM,5000.0,CN(C)CCNc1cnn(C2CC(C)(C)CC(C)(C)C2)c(=O)c1Cl,1
VJPAJSIYCZSRFM-UHFFFAOYSA-N,IC50,nM,174.0,CCCNc1cnn(C2CC(C)(C)CC(C)(C)C2)c(=O)c1Br,1
VTKUBMALEHEFPX-UHFFFAOYSA-N,IC50,nM,2630.0,CN(C)CCN(C)c1cnn(C2CC(C)(C)CC(C)(C)C2)c(=O)c1Cl,1
VZWMBDKHGZWTBJ-UHFFFAOYSA-N,Ki,nM,500.0,O=C(c1cc(O)c(-c2cc(Cl)cc(Cl)c2)c(O)c1)c1cccs1,1
XGIFDISIJIJHKW-UHFFFAOYSA-N,Ki,nM,500.0,COc1cc(C(=O)c2ccccc2)cc(O)c1-c1cccc(C)c1,1
XGTFHIJGWDETSN-UHFFFAOYSA-N,IC50,nM,5000.0,CCCNc1cnn(-c2cc(Cl)cc(Cl)c2)c(=O)c1Cl,1
XZSOYNRGFUZBKR-UHFFFAOYSA-N,Ki,nM,983.3,Cc1cccc(-c2c(O)cc(C(=O)c3ccccc3)cc2O)c1,1
YMCXJOJJPKTDCH-UHFFFAOYSA-N,IC50,nM,174.0,CCCNc1cnn(C2CC(C)(C)CC(C)(C)C2)c(=O)c1Cl,1
YVVLAXVBAYWESH-UHFFFAOYSA-N,IC50,nM,257.0,CCCn1ncc2c(=O)n(C3CC(C)(C)CC(C)(C)C3)ncc21,1
ZDVSUHLCUSNROB-UHFFFAOYSA-N,IC50,nM,219.0,CC1(C)CC(n2ncc3c(cnn3CCN3CCOCC3)c2=O)CC(C)(C)C1,1
ZVNWAOBWZTZWDN-UHFFFAOYSA-N,Ki,nM,500.0,Cc1cccc(-c2ccc(C(=O)c3ccccc3)cc2O)c1,1
ADRQNADVLXKXGU-UHFFFAOYSA-N,Ki,nM,9429.0,Cc1ccc(C(=O)c2cc(O)c(-c3cc(Cl)cc(Cl)c3)c(O)c2)cc1,1
AXKICXNQSRTDMD-UHFFFAOYSA-N,Ki,nM,2529.0,CC(C)(C)c1ccc(C(=O)c2cc(O)c(-c3cc(Cl)cc(Cl)c3)c(O)c2)cc1,1
BKXSBAGLWSKFLM-UHFFFAOYSA-N,IC50,nM,5000.0,O=C(CCCCCOc1cccc2ccccc12)NCCO,1
CFBCITLIPCNBOS-UHFFFAOYSA-N,Ki,nM,2500.0,Cc1ccc(Cn2cc(C(=O)Nc3cccc4ccccc34)cc2-c2ccc(Cl)c(C)c2)cc1,1
CJSBTRINGAHLPW-LZSLGQGWSA-N,IC50,nM,5000.0,O=C(C=CC=Cc1ccc2c(c1)-c1ccccc1C2)NC1CC1,1
CJYUVSWHDWDMGC-UHFFFAOYSA-N,IC50,nM,5000.0,CCNC(=O)NCCCCCOc1ccc2c(c1)OCO2,1
CKDJCZKVSRIGJP-UHFFFAOYSA-N,Ki,nM,5000.0,CCCc1ccc(C(=O)c2cc(O)c(-c3cc(Cl)cc(Cl)c3)c(O)c2)cc1,1
COBKXVUAUIDLMI-UHFFFAOYSA-N,Ki,nM,2500.0,Cc1ccc(Cn2cc(C(=O)NC3CCCCC3)cc2-c2ccc(Cl)c(C)c2)cc1,1
COLTZBDSWGVCQJ-UHFFFAOYSA-N,EC50,nM,2256.0,CC(C)(C)c1cc(-c2csc(C3(N4CCCCC4)CCOCC3)n2)cc(C(C)(C)C)c1O,1
CPYNBZXFIWYXIZ-LZSLGQGWSA-N,IC50,nM,5000.0,O=C(C=CC=Cc1ccc2ccccc2c1)NC1CC1,1
DCFVTADSSVUZAM-UHFFFAOYSA-N,Ki,nM,2500.0,Cc1ccc(Cn2cc(CN3CCN(c4ccc(Cl)cc4)CC3)cc2-c2ccc(Cl)c(C)c2)cc1,1
DRQYEPLMFLHJIK-UHFFFAOYSA-N,Ki,nM,4710.0,CN(C)C1(c2nc(-c3cc(C(C)(C)C)cc(C(C)(C)C)c3)cs2)CCOCC1,1
DRRWBCNQOKKKOL-UHFFFAOYSA-N,Activity,%,0.3,COc1ccc(-c2cc(=O)c3c(O)c(OC)c(O)cc3o2)cc1OC,1
DUHKNPFUZICFJG-UHFFFAOYSA-N,IC50,nM,5000.0,CCCCOc1c(OC)ccc2cc(C(=O)NCCc3ccc(N)cc3)c(=O)[nH]c12,1
DYFVKJLTKQGMJQ-UHFFFAOYSA-N,Ki,nM,5000.0,COc1cc(C(=O)c2ccc(Cl)cc2)cc(OC)c1-c1cc(Cl)cc(Cl)c1,1
FDWGOIBEPCOOQI-UHFFFAOYSA-N,EC50,nM,2500.0,O=C(c1cc(O)c(-c2cc(Cl)cc(Cl)c2)c(O)c1)C1CCCCC1,1
FDWNYBZVBFOYJL-UHFFFAOYSA-N,IC50,nM,5000.0,CCNC(=O)NCCCCCOc1ccc2ccccc2c1,1
FLKUUIABSQJJHM-UHFFFAOYSA-N,IC50,nM,5000.0,CCOC(=O)CNC(=O)CCCCCOc1cccc2ccccc12,1
GCLBDUBKVIKULL-UHFFFAOYSA-N,EC50,nM,2376.0,CN(C)C1(c2nc(-c3cc(C(C)(C)C)c(O)c(C(C)(C)C)c3)cs2)CCSCC1,1
GPQLHGCIAUEJQK-UHFFFAOYSA-N,Activity,%,19.3,COc1ccc(-c2cc(=O)c3c(O)c(OC)c(O)cc3o2)cc1,1
GXWDJBMYGJCJFQ-UHFFFAOYSA-N,EC50,nM,4036.0,CCN(CC)C1(c2nc(-c3cc(C(C)(C)C)c(O)c(C(C)(C)C)c3)cs2)CCOCC1,1
HCANBHDXWIUIDF-UHFFFAOYSA-N,Ki,nM,2500.0,Cc1ccc(Cn2cc(C(=O)NN3CCCCC3)cc2-c2ccc(Cl)c(C)c2)cc1,1
HDNJNVPZXVJOMB-ZTNFWEORSA-N,Ki,nM,117.0,C=C1CCC2C(c3c(O)cc(CCCCC)cc3OC2(C)C)C1O,1
HGEWULDSRVJHHZ-UHFFFAOYSA-N,IC50,nM,5000.0,O=C(CCCCCOc1ccc2ccccc2c1)NC1CC1,1
HPVKFMJMYJDNHE-UHFFFAOYSA-N,Ki,nM,2500.0,Cc1ccc(Cn2cc(C(=O)NC34CC5CC(CC(C5)C3)C4)cc2-c2ccc(Cl)c(C)c2)cc1,1
HSOUOLCAXCYNOZ-HLJLCESISA-N,Ki,nM,368.0,Cc1ccc(Cn2cc(C(=O)NC3CC4CCC3(C)C4(C)C)cc2-c2ccc(Cl)c(C)c2)cc1,1
IHLOLFCWBODEMP-UHFFFAOYSA-N,EC50,nM,5000.0,CCc1c(C(=O)OCCc2ccc(NC)cc2)[nH]c2ccc(Cl)cc12,1
INKUWBOHCFHXTJ-BRWVUGGUSA-N,Ki,nM,65.0,CCCCCc1cc(O)c2c(c1)OC(C)(C)C1CC(O)C(C)=CC21,1
IOTWLKPBBWSQBM-UHFFFAOYSA-N,Ki,nM,5000.0,Cc1cccc(C(=O)c2cc(O)c(-c3cc(Cl)cc(Cl)c3)c(O)c2)c1,1
ISCNSICLXHENIG-UHFFFAOYSA-N,IC50,nM,5000.0,CCS(=O)(=O)NCCCCCOc1ccc2ccccc2c1,1
ITIQMZFXZMFWED-UHFFFAOYSA-N,EC50,nM,1396.0,CN(C)C1(c2nc(-c3cc(C(C)(C)C)c(O)c(C(C)(C)C)c3)co2)CCOCC1,1
JBEYLLUXESVNSE-QOZDHKFNSA-N,Ki,nM,410.0,COCC(COC(C)=O)N(C)C(=O)CCC=CCCCCC(Cl)CCCCCC(Cl)Cl,1
JIHCQCFTFIQJAA-UHFFFAOYSA-N,IC50,nM,5000.0,CCS(=O)(=O)NCCCCCOc1cccc2ccccc12,1
JYLAYFCWPZLYBS-UHFFFAOYSA-N,Ki,nM,6957.0,CC(C)(C)c1cc(-c2csc(C3(N)CCOCC3)n2)cc(C(C)(C)C)c1O,1
KFDKBBUHAFDJFS-UHFFFAOYSA-N,Ki,nM,1138.0,CCc1ccc(C(=O)c2cc(O)c(-c3cc(Cl)cc(Cl)c3)c(O)c2)cc1,1
KORKKQLDGMHNKO-UHFFFAOYSA-N,Inhibition,%,3.0,CC(C)N1CCN(S(=O)(=O)c2ccc(NC(=O)c3ccc(C(F)(F)F)cc3[N+](=O)[O-])cc2)CC1,1
KQQMZTULVOWZJR-XFQXTVEOSA-N,Ki,nM,830.0,CCCCCc1cc(O)c2c(c1)OC(C)(C)C1CC=C(C)C(O)C21,1
KYDVOTVCYRYBDK-UHFFFAOYSA-N,EC50,nM,2500.0,O=C(c1ccc(C(F)(F)F)cc1)c1cc(O)c(-c2cc(Cl)cc(Cl)c2)c(O)c1,1
MFPHRBJAQJRIQG-LZSLGQGWSA-N,IC50,nM,5000.0,O=C(C=CC=Cc1ccc2c(c1)-c1ccccc1C2)NCCO,1
MSMZCNLUFBKVAO-UHFFFAOYSA-N,Ki,nM,2500.0,Cc1ccc(Cn2cc(C(=O)NN3CCCCCC3)cc2-c2ccc(Cl)c(C)c2)cc1,1
NDBQYKYBJSDAAH-GGWOSOGESA-N,IC50,nM,5000.0,CCOC(=O)CNC(=O)C=CC=Cc1ccc2c(c1)OCCO2,1
NQDJGUANMDXDMU-UHFFFAOYSA-N,Ki,nM,3326.0,CC(C)c1ccc(C(=O)c2cc(O)c(-c3cc(Cl)cc(Cl)c3)c(O)c2)cc1,1
NUBZLTKBXBEFPN-ZPUQHVIOSA-N,IC50,nM,5000.0,O=C(C=CC=Cc1ccc2c(c1)OCCO2)NC1CC1,1
OHLHCTKUOCPKJM-UHFFFAOYSA-N,IC50,nM,5000.0,CCNC(=O)NCCCCCSc1ccc2ccccc2c1,1
ONRJYWWXMOJKDY-UHFFFAOYSA-N,IC50,nM,5000.0,CCS(=O)(=O)NCCCCCOc1ccc2c(c1)OCO2,1
OPANEYQXRVAEPR-UHFFFAOYSA-N,IC50,nM,5000.0,CCS(=O)(=O)NCCCCCSc1ccc2ccccc2c1,1
OPYGODWNZJKYJZ-UHFFFAOYSA-N,Ki,nM,4134.0,O=C(c1cccc(C(F)(F)F)c1)c1cc(O)c(-c2cc(Cl)cc(Cl)c2)c(O)c1,1
OTOQTMSQNZLZDG-UHFFFAOYSA-N,IC50,nM,5000.0,O=C(CCCCCOc1ccc2ccccc2c1)NCCO,1
OUBWYVNWDPKMEE-UHFFFAOYSA-N,Ki,nM,5000.0,CCc1cccc(C(=O)c2cc(O)c(-c3cc(Cl)cc(Cl)c3)c(O)c2)c1,1
PGMWLKMBZCWBDW-UHFFFAOYSA-N,EC50,nM,3280.0,O=C(c1ccc(Cl)cc1)c1cc(O)c(-c2cc(Cl)cc(Cl)c2)c(O)c1,1
QCDYOIZVELGOLZ-UHFFFAOYSA-N,Activity,%,1.7,COc1ccc(-c2cc(=O)c3c(O)c(OC)c(OC)cc3o2)cc1,1
QENRHZNVLOPMDR-UHFFFAOYSA-N,Ki,nM,5000.0,COc1cc(C(=O)c2ccc(C)cc2)cc(OC)c1-c1cc(Cl)cc(Cl)c1,1
QEWSAPKRFOFQIU-UHFFFAOYSA-N,Activity,%,3.0,COc1ccc(-c2cc(=O)c3c(O)c(OC)c(OC)cc3o2)cc1OC,1
QYOBROHKSSZKAX-LZSLGQGWSA-N,IC50,nM,5000.0,O=C(C=CC=Cc1ccc2ccccc2c1)NCCO,1
QZDRALHHNJQOTA-ZWMNDHQQSA-N,Ki,nM,470.0,C=CCCCC=CC=C(C)CCCCC=CCCC=CC(=O)NC(CO)CO,1
RPDYYKRMKKEWQC-UHFFFAOYSA-N,IC50,nM,5000.0,NC(=O)NCCCCCOc1ccc2c(c1)OCO2,1
RQUJDHMEYAJNQY-OAQYLSRUSA-N,Ki,nM,2500.0,Cc1ccc(Cn2cc(C(=O)NC(C)C3CCCCC3)cc2-c2ccc(Cl)c(C)c2)cc1,1
RZSULJZVDIXTMO-UHFFFAOYSA-N,Ki,nM,3070.0,Cc1ccc(Cn2cc(C(=O)N3CCCCC3)cc2-c2ccc(Cl)c(C)c2)cc1,1
SFRFNXGRGVFFSN-ASVGJQBISA-N,IC50,nM,5000.0,CCOC(=O)CNC(=O)C=CC=Cc1ccc2ccccc2c1,1
SGGSZTHEFQRUQY-UHFFFAOYSA-N,IC50,nM,5000.0,O=C(CCCCCOc1cccc2ccccc12)NC1CC1,1
SRXYYDRIIAFRLZ-ASVGJQBISA-N,IC50,nM,5000.0,CCOC(=O)CNC(=O)C=CC=Cc1ccc2c(c1)-c1ccccc1C2,1
TTWMJWBAQRNTIS-UHFFFAOYSA-N,Ki,nM,5000.0,CCCCc1ccc(C(=O)c2cc(O)c(-c3cc(Cl)cc(Cl)c3)c(O)c2)cc1,1
TUEMGHHOYKZLCE-UHFFFAOYSA-N,Ki,nM,5000.0,O=C(c1ccc(O)cc1)c1cc(O)c(-c2cc(Cl)cc(Cl)c2)c(O)c1,1
TVDQBXVJUFSQLL-UHFFFAOYSA-N,EC50,nM,2880.0,COc1cc(C(=O)c2ccc(Cl)cc2)cc(O)c1-c1cc(Cl)cc(Cl)c1,1
TZGCTXUTNDNTTE-DYZHCLJRSA-N,Ki,nM,5668.0,CCCCCc1cc(O)c2c(c1)OC(C)(C)C1CCC(C)(O)C(O)C21,1
UKCGWHJHNMHHIL-UHFFFAOYSA-N,EC50,nM,2670.0,CN(C)C1(c2nc(-c3cc(C(C)(C)C)c(O)c(C(C)(C)C)c3)cs2)CCOCC1,1
UXOFABYNPQNTAF-OEQAEZTDSA-N,Ki,nM,2500.0,Cc1ccc(Cn2cc(C(=O)NC3CC(C)CCC3C(C)C)cc2-c2ccc(Cl)c(C)c2)cc1,1
UZJCBPUZLIMFRR-VJGNERBWSA-N,Inhibition,%,0.0,CC(=O)N1C2C=C(c3cnc(NCc4ccc5c(c4)OCC5)c(C(=O)NCC4COc5ccccc5O4)c3)CC1CC2,1
VFUSKSIAISUKGN-DUNCQPMOSA-N,Ki,nM,590.0,COCC(COC(C)=O)N(C)C(=O)CCC=CCCCCC(Cl)CCCCCCCl,1
VMAGXTDYDZLRPW-UHFFFAOYSA-N,Ki,nM,2500.0,Cc1ccc(Cn2cc(C(=O)NN3CCCC3)cc2-c2ccc(Cl)c(C)c2)cc1,1
VSCCLXDRDHVKHG-UHFFFAOYSA-N,Ki,nM,5000.0,CCCCCCC(=O)c1cc(O)c(-c2cc(Cl)cc(Cl)c2)c(O)c1,1
VSQGBNUBIDZRPJ-BWZSVYRMSA-N,Ki,nM,224.0,CCCCCc1cc(O)c2c(c1)OC(C)(C)C1CCC3(C)OC3C21,1
VVGKJYWKBQPUEW-QZTJIDSGSA-N,Ki,nM,47.0,CCCCCc1cc2c(c(O)c1C(=O)O)C1C=C(COC(C)=O)CCC1C(C)(C)O2,1
VVUWIOCZJUFILS-UHFFFAOYSA-N,Ki,nM,2500.0,Cc1ccc(Cn2cc(CN3CCN(c4ccc(Cl)c(Cl)c4)CC3)cc2-c2ccc(Cl)c(C)c2)cc1,1
VYIRAARDMYDORA-UHFFFAOYSA-N,IC50,nM,5000.0,CCOC(=O)CNC(=O)CCCCCOc1ccc2ccccc2c1,1
WMSFTUDINNLMBX-UHFFFAOYSA-N,IC50,nM,5000.0,CCNC(=O)NCCCCCOc1cccc2ccccc12,1
WOZSIILXBCCBNM-UHFFFAOYSA-N,Ki,nM,2273.0,CNC1(c2nc(-c3cc(C(C)(C)C)c(O)c(C(C)(C)C)c3)cs2)CCOCC1,1
WYZWZEOGROVVHK-GTMNPGAYSA-N,Inhibition,%,30.7,CC1CC2OC2C=CC=CC(=O)Cc2c(Cl)c(O)cc(O)c2C(=O)O1,1
XBHZEZASMCIMKU-UHFFFAOYSA-N,Ki,nM,5000.0,CCCCc1ccc(C(=O)c2cc(O)c(-c3cc(Cl)cc(Cl)c3)c(OC)c2)cc1,1
XGCXGZFEDZXWKK-UHFFFAOYSA-N,Ki,nM,2500.0,Cc1ccc(Cn2cc(C(=O)N3CCN(c4ccccc4Cl)CC3)cc2-c2ccc(Cl)c(C)c2)cc1,1
XIJWUJXUEHLSSA-UHFFFAOYSA-N,IC50,nM,5000.0,NC(=O)NCCCCCOc1cccc2ccccc12,1
XSOSAPUMMBDKOE-UHFFFAOYSA-N,Activity,%,25.0,O=C1C(c2ccccc2)N(C2CCCCC2)C(=O)N1C1CCCCC1,1
XUQJPVNKNVBQJA-UHFFFAOYSA-N,Ki,nM,5000.0,Cc1cc(C)cc(C(=O)c2cc(O)c(-c3cc(Cl)cc(Cl)c3)c(O)c2)c1,1
YJOBSOWAXPPJPA-RRLIAEKXSA-N,Ki,nM,2500.0,Cc1ccc(Cn2cc(C(=O)NCC3CCC4CC3C4(C)C)cc2-c2ccc(Cl)c(C)c2)cc1,1
YKZWHKWGSHQUSU-UHFFFAOYSA-N,Ki,nM,5000.0,COc1cc(C(=O)c2ccc(C)cc2)cc(O)c1-c1cc(Cl)cc(Cl)c1,1
YNUCTIKDGMNEIK-UHFFFAOYSA-N,Ki,nM,2500.0,Cc1ccc(Cn2cc(C(=O)NCC34CC5CC(CC(C5)C3)C4)cc2-c2ccc(Cl)c(C)c2)cc1,1
YSFWVUDJACXIRG-VEBGKWJASA-N,Ki,nM,2500.0,Cc1ccc(Cn2cc(C(=O)NC3C4(C)CCC(C4)C3(C)C)c3c2-c2ccc(Cl)c(C)c2C3)cc1,1
ZOHJVLKORVKWSJ-ROMRHYSTSA-N,Ki,nM,1470.0,Cc1ccc(Cn2cc(C(=O)NC3C4(C)CCC(C4)C3(C)C)cc2-c2ccc(Cl)c(C)c2)cc1,1
ZXVBAXLDAQBCQN-UHFFFAOYSA-N,Ki,nM,5000.0,CCCCc1ccc(C(=O)c2cc(OC)c(-c3cc(Cl)cc(Cl)c3)c(OC)c2)cc1,1
AKOYRAGTUVPQDO-UHFFFAOYSA-N,Ki,nM,1906.0,COc1ccc2c(Cc3c(Cl)cncc3Cl)nncc2c1C#CCCCc1ccccc1,1
AXZQLEUJPSDXIB-UHFFFAOYSA-N,Ki,nM,6.21,CS(=O)(=O)NC1(c2ccccc2)CCC(c2ncnc3c2nc(-c2ccccc2Cl)n3-c2ccc(Cl)cc2)CC1,1
CQNWMZNUZDLOBT-YRNVUSSQSA-N,Ki,nM,830.0,COc1ccc2c(Cc3c(Cl)cncc3Cl)nncc2c1C=CCCCc1ccccc1,1
DQCGXXWUEXMVRS-UHFFFAOYSA-N,Ki,nM,11.0,NC1(c2ccccc2)CCC(c2ncnc3c2nc(-c2ccccc2Cl)n3-c2ccc(Cl)cc2)CC1,1
FSGQETVZTNOSAH-UHFFFAOYSA-N,Ki,nM,94.5,NS(=O)(=O)NCC1CCC(CNc2ncnc3c2nc(-c2ccccc2Cl)n3-c2ccc(Cl)cc2)CC1,1
FXJQCXUIMZHDEI-UHFFFAOYSA-N,Ki,nM,4.08,CC(C)(C)NC(=O)C1(c2ccccc2)CCN(c2ncnc3c2nc(-c2ccccc2Cl)n3-c2ccc(Cl)cc2)CC1,1
GJGALKAULRCNRM-UHFFFAOYSA-N,Ki,nM,6.0,CC(=O)NC1(c2ccccc2)CCN(c2ncnc3c2nc(-c2ccccc2Cl)n3-c2ccc(Cl)cc2)CC1,1
JZCJJGHGEBRQOL-UHFFFAOYSA-N,Ki,nM,0.28,NC(=O)C1(c2ccccc2)CCC(c2ncnc3c2nc(-c2ccccc2Cl)n3-c2ccc(Cl)cc2)CC1,1
OZHBSVBPSKZWMX-UHFFFAOYSA-N,Ki,nM,31.0,COc1ccc2c(Cc3c(Cl)cncc3Cl)nncc2c1OC1CCCC1,1
TXOSLUBAGDRKHQ-UHFFFAOYSA-N,Ki,nM,117.0,COc1ccc2c(Cc3c(Cl)cncc3Cl)nncc2c1OCCCCCc1ccccc1,1
VZQNNQDJKLMOCJ-UHFFFAOYSA-N,Ki,nM,16.8,O=S1(=O)CCN(c2ncnc3c2nc(-c2ccccc2Cl)n3-c2ccc(Cl)cc2)CC1,1
WGCLVKDICJNHNO-UHFFFAOYSA-N,Ki,nM,224.0,COc1ccc2c(Cc3c(Cl)cncc3Cl)n[n+]([O-])cc2c1OC1CCCC1,1
YBDBPVNGDPRTNK-UHFFFAOYSA-N,Ki,nM,44.5,CS(=O)(=O)NCC1CCC(CNc2ncnc3c2nc(-c2ccccc2Cl)n3-c2ccc(Cl)cc2)CC1,1
AAYUCLWERQEEON-UHFFFAOYSA-N,EC50,nM,2158.2,Cc1nc(C(C)(C)NC(=O)c2ccc(C3CCCC3)c(OCC3CC3)n2)no1,1
ABBJWXXPWGRDKF-UHFFFAOYSA-N,EC50,nM,54.0,O=c1cc(NCc2cncc(C(F)(F)F)c2)c2cc(C(c3ccc(Cl)cc3)c3ccc(Cl)cc3)ccc2[nH]1,1
ACEILWZOWWUYEY-UHFFFAOYSA-N,EC50,nM,5000.0,Cc1nnc(CN(C(=O)c2ccc(N3CC(F)(F)C3)c(OCC3CC3)n2)C(C)(C)C)o1,1
AHIOLCBPVRAMBX-UHFFFAOYSA-N,EC50,nM,5000.0,CC(C)(C#N)NC(=O)c1ccc(C2CC2)c(OCC2CC2)n1,1
AJLBNQYWVZCLRT-UHFFFAOYSA-N,EC50,nM,1488.6,Cc1ccc(C(=O)NC(C)(C)c2nccs2)nc1-c1cccc(Cl)c1,1
AOQJVECXJNNKAZ-UHFFFAOYSA-N,EC50,nM,5000.0,CC1(C)CCCN1C(=O)c1ccc(N2CC(F)(F)C2)c(OCC2CC2)n1,1
APNRXEZBGLWQAP-UHFFFAOYSA-N,EC50,nM,379.7,CC(C)(NC(=O)c1ccc(N2CC(F)(F)C2)c(OCC2CC2)n1)c1nccs1,1
APWMQHZEQPLGAN-UHFFFAOYSA-N,EC50,nM,5000.0,CC(C)(NC(=O)c1ccc(C2CC2)c(OCC(F)(F)F)n1)c1nccs1,1
ASOZLHYDYZGMHG-UHFFFAOYSA-N,EC50,nM,5000.0,O=C(NN1CCCCC1)c1cccc(C2CCOCC2)n1,1
ASZHODQMGXAICD-UHFFFAOYSA-N,EC50,nM,17.0,CCOC(=O)CS(=O)(=O)N1CCC(Nc2cc(=O)[nH]c3ccc(C(c4ccc(Cl)cc4)c4ccc(Cl)cc4)cc23)CC1,1
ATUVZQXGZJTZJB-UHFFFAOYSA-N,EC50,nM,6.0,COCCNc1cc(C(c2ccc(Cl)cc2)c2ccc(Cl)cc2)cc2c(NC3CCN(S(=O)(=O)C(F)(F)F)CC3)cc(=O)[nH]c12,1
AWCTYWUHYQSXNK-UHFFFAOYSA-N,EC50,nM,5000.0,O=C(Nc1ccccn1)c1cccc(-c2cccc(Cl)c2)n1,1
AXGZSBVALVUFLA-UHFFFAOYSA-N,EC50,nM,5000.0,CN(C(=O)c1ccc(N2CC(F)(F)C2)c(OCC2CC2)n1)c1ccccc1,1
AYMLHRWXLOHRLD-UHFFFAOYSA-N,EC50,nM,5000.0,CCC(CC)(NC(=O)c1ccc(N2CCCC2)c(OCC2CC2)n1)C(=O)O,1
AZIFYJOMKBTQNY-UHFFFAOYSA-N,EC50,nM,5000.0,COCCOCC(C)(C)NC(=O)c1ccc(C2CC2)c(OCC2CC2)n1,1
AZTATCFENCHVOE-UHFFFAOYSA-N,EC50,nM,5000.0,O=C(NN1CCCCC1)c1cccc(-c2cccc(Cl)c2)n1,1
BASCNUVYXSKMDC-UHFFFAOYSA-N,EC50,nM,5000.0,CCC(CC)(CO)NC(=O)c1cccc(-c2cccc(Cl)c2)n1,1
BDHYVEZSXFRFRV-UHFFFAOYSA-N,EC50,nM,703.4,CC(C)(NC(=O)c1ccc(C2CC2)c(OCC2CC2)n1)c1ccccn1,1
BEODJUBSRQEIJW-UHFFFAOYSA-N,EC50,nM,5000.0,COC(=O)C(C)(C)NC(=O)c1ccc(N2CCCC2)c(OCC2CC2)n1,1
BHAPXXJSSOGUFH-UHFFFAOYSA-N,EC50,nM,5000.0,CC(C)(CCS(C)(=O)=O)NC(=O)c1ccc(C2CC2)c(OCC2CC2)n1,1
BIAMXSVOLQJRGE-UHFFFAOYSA-N,EC50,nM,5000.0,O=C(c1ccc(N2CC(F)(F)C2)c(OCC2CC2)n1)N1CCC2(CC2)C1,1
BLNQXLMKIAHWID-UHFFFAOYSA-N,EC50,nM,5000.0,CC1(O)CCN(C(=O)c2ccc(N3CC(F)(F)C3)c(OCC3CC3)n2)CC1,1
BLQKSIDZHAARFP-UHFFFAOYSA-N,EC50,nM,269.0,O=C(O)c1cccc(S(=O)(=O)N2CCC(Nc3cc(=O)[nH]c4ccc(C(c5ccc(Cl)cc5)c5ccc(Cl)cc5)cc34)CC2)c1,1
BLTDUYASEOYHKZ-UHFFFAOYSA-N,EC50,nM,3147.0,NC(=O)c1ccc(Nc2cc(=O)[nH]c3ccc(C(c4ccc(Cl)cc4)c4ccc(Cl)cc4)cc23)cc1,1
BOHMSWRMHSEGLR-UHFFFAOYSA-N,EC50,nM,6.0,O=c1cc(NC2CCN(c3ccccn3)CC2)c2cc(C(c3ccc(Cl)cc3)c3ccc(Cl)cc3)ccc2[nH]1,1
BQXSMWZQXTYYNY-UHFFFAOYSA-N,EC50,nM,292.3,CCN(C(=O)c1ccc(N2CC(F)(F)C2)c(OCC2CC2)n1)C(C)(C)C,1
BQYZFHUJUGUJIE-UHFFFAOYSA-N,EC50,nM,5000.0,Cc1ccc(C(=O)NC(C)(C)c2ncco2)nc1-c1cccc(Cl)c1,1
BRAHLZSLOGOJKV-UHFFFAOYSA-N,EC50,nM,5000.0,CC(C)(C)NC(=O)c1ccc(N2CC(F)(F)C2)c(OCC2CC2)n1,1
BRWYNBABAFMXAJ-UHFFFAOYSA-N,EC50,nM,6.0,O=c1cc(NC2CCN(c3ccccc3)CC2)c2cc(C(c3ccc(Cl)cc3)c3ccc(Cl)cc3)ccc2[nH]1,1
BSXKINLYQBSHKO-UHFFFAOYSA-N,EC50,nM,5000.0,O=S(=O)(Oc1cc(C2=CCN(S(=O)(=O)C(F)(F)F)CC2)c2cc(C(c3ccc(Cl)cc3)c3ccc(Cl)cc3)ccc2n1)C(F)(F)F,1
BXZTWBCEYBQIKM-UHFFFAOYSA-N,EC50,nM,5000.0,CC(C)CS(=O)(=O)c1nc(C(=O)N2CCCC2(C)C)ccc1C1CC1,1
CAJKVQUIWZBQLZ-UHFFFAOYSA-N,EC50,nM,5000.0,Cc1nnc(CN(C(=O)c2ccc(N3CC(F)(F)C3)c(OCC3CC3)n2)C2CC2)o1,1
CCNDQECCBVCHJV-UHFFFAOYSA-N,EC50,nM,55.0,COCCOc1ccc(Nc2cc(=O)[nH]c3ccc(C(c4ccc(Cl)cc4)c4ccc(Cl)cc4)cc23)cc1,1
CGMPXWDHCXOJLA-UHFFFAOYSA-N,EC50,nM,5000.0,O=C(NC1CCCCC1)c1cccc(-c2cccc(Cl)c2)n1,1
CGOQKSYBWZOVBJ-UHFFFAOYSA-N,EC50,nM,1297.7,CCOC(=O)C(CC)(CC)NC(=O)c1ccc(N2CC(F)(F)C2)c(OCC2CC2)n1,1
CHHREJKMCDNSQY-UHFFFAOYSA-N,EC50,nM,5000.0,CN(C=O)C(=O)c1ccc(N2CC(F)(F)C2)c(OCC2CC2)n1,1
CJBAGRKHMDPZPT-UHFFFAOYSA-N,EC50,nM,31.0,COc1cc(NC2CCN(S(=O)(=O)C(F)(F)F)CC2)c2cc(C(c3ccc(Cl)cc3)c3ccc(Cl)cc3)cc(CCCO)c2n1,1
CJGILMKNTNWOES-UHFFFAOYSA-N,EC50,nM,5000.0,O=C(NN1CCCCC1)c1ccc(Cl)c(-c2cccc(Cl)c2)n1,1
CKOMFZUONBRXSO-UHFFFAOYSA-N,EC50,nM,88.5,CCOC(=O)C(CC)(CC)NC(=O)c1ccc(C2CC2)c(S(=O)(=O)CC(C)C)n1,1
CKPUXEJDRFNBFQ-UHFFFAOYSA-N,EC50,nM,1441.0,Cc1nc(C(C)(C)NC(=O)c2ccc(C3CC3)c(-c3cccc(Cl)c3)n2)no1,1
CMHVIYAEGFCQSD-UHFFFAOYSA-N,EC50,nM,5000.0,CCC(CC)(NC(=O)c1ccc(C2CCCC2)c(OCC2CC2)n1)C(=O)NC,1
CNGADHHKOGXTLO-UHFFFAOYSA-N,EC50,nM,28.0,O=C(c1ccccc1)N1CCC(Nc2cc(=O)[nH]c3ccc(C(c4ccc(Cl)cc4)c4ccc(Cl)cc4)cc23)CC1,1
CPMJGMAJFZNUKT-UHFFFAOYSA-N,EC50,nM,251.0,O=C(O)c1ccc(S(=O)(=O)N2CCC(Nc3cc(=O)[nH]c4ccc(C(c5ccc(Cl)cc5)c5ccc(Cl)cc5)cc34)CC2)o1,1
CUIYHBMZSJABAG-UHFFFAOYSA-N,EC50,nM,52.0,O=C1CCCN1c1cc(C(c2ccc(Cl)cc2)c2ccc(Cl)cc2)cc2c(NC3CCN(S(=O)(=O)C(F)(F)F)CC3)cc(=O)[nH]c12,1
CUZNBESAKQBCGR-UHFFFAOYSA-N,EC50,nM,13.0,CCOC(=O)CC(=O)N1CCC(Nc2cc(=O)[nH]c3ccc(C(c4ccc(Cl)cc4)c4ccc(Cl)cc4)cc23)CC1,1
CVROSPZRAIHVTA-UHFFFAOYSA-N,EC50,nM,5000.0,O=C(c1ccc(N2CC(F)(F)C2)c(OCC2CC2)n1)N1CCC12COC2,1
CXHQPLRBPXFHEG-UHFFFAOYSA-N,EC50,nM,5000.0,Cc1nc(C(C)(C)NC(=O)c2cccc(-c3ccc(Cl)c(F)c3)n2)no1,1
CZJBZSLEAZKGRE-UHFFFAOYSA-N,EC50,nM,5000.0,COCCN(C(=O)c1ccc(N2CC(F)(F)C2)c(OCC2CC2)n1)C(C)(C)C,1
CZVPHYDPQVAPIS-UHFFFAOYSA-N,EC50,nM,5000.0,CC1(C)CCc2ccc(C(=O)NC(C)(C)CO)nc2C1,1
DAHYYWCTSZJDEC-UHFFFAOYSA-N,EC50,nM,5000.0,CC(C)(CCO)NC(=O)c1ccc(C2CC2)c(OCC2CC2)n1,1
DBLSLABRWLILHO-UHFFFAOYSA-N,EC50,nM,1387.3,CC(C)(NC(=O)c1ccc(C2CCCC2)c(OCC2CC2)n1)c1nccs1,1
DDLFJFSBORNDAE-UHFFFAOYSA-N,EC50,nM,5000.0,CC(C)(C)N(CC(=O)O)C(=O)c1ccc(N2CC(F)(F)C2)c(OCC2CC2)n1,1
DDMSAEVGTBTNAC-UHFFFAOYSA-N,EC50,nM,220.0,O=C(O)CC(=O)N1CCC(Nc2cc(=O)[nH]c3ccc(C(c4ccc(Cl)cc4)c4ccc(Cl)cc4)cc23)CC1,1
DJLQRJHSLJOTNJ-UHFFFAOYSA-N,EC50,nM,15.0,O=c1cc(NC2CCN(S(=O)(=O)N3CCCC3)CC2)c2cc(C(c3ccc(Cl)cc3)c3ccc(Cl)cc3)ccc2[nH]1,1
DLDJBCNHQZZMLO-UHFFFAOYSA-N,EC50,nM,5000.0,CC1(F)CN(C(=O)c2ccc(N3CC(F)(F)C3)c(OCC3CC3)n2)C1,1
DLJOUCQDCRQVPH-UHFFFAOYSA-N,EC50,nM,94.0,CS(=O)(=O)N1CCC(Nc2cc(=O)[nH]c3ccc(C(c4ccc(Cl)cc4)c4ccc(Cl)cc4)cc23)CC1,1
DLKYQSZIPJLUIE-UHFFFAOYSA-N,EC50,nM,31.0,CCOC(=O)CCC(=O)N1CCC(Nc2cc(=O)[nH]c3ccc(C(c4ccc(Cl)cc4)c4ccc(Cl)cc4)cc23)CC1,1
DSJZBTQJBGKLNQ-UHFFFAOYSA-N,EC50,nM,5000.0,CCC(CC)(NC(=O)c1ccc(C2CC2)c(OCC2CC2)n1)C(=O)NCCOC,1
DTGGVTYBUOQRTR-UHFFFAOYSA-N,EC50,nM,7.0,O=c1cc(NCc2ccc(C(F)(F)F)nc2)c2cc(C(c3ccc(Cl)cc3)c3ccc(Cl)cc3)ccc2[nH]1,1
DVYOWTKVBICBOZ-UHFFFAOYSA-N,EC50,nM,5000.0,CC1(C)CCN(C(=O)c2ccc(C3CC3)c(Cc3ccc(F)cc3)n2)CC1,1
DWJBJQVSHMQGRW-UHFFFAOYSA-N,EC50,nM,5000.0,CC(C)(CCN1CCOCC1)NC(=O)c1ccc(N2CCCC2)c(OCC2CC2)n1,1
DYELJUPTUVISDY-UHFFFAOYSA-N,EC50,nM,5000.0,CC(C)(NC(=O)c1ccc(N2CCCS2(=O)=O)c(OCC2CC2)n1)c1nccs1,1
FADKEXQCBBADEK-UHFFFAOYSA-N,EC50,nM,51.0,NC(=O)CCCCOc1cc(C(c2ccc(Cl)cc2)c2ccc(Cl)cc2)cc2c(NC3CCN(S(=O)(=O)C(F)(F)F)CC3)ccnc12,1
FAZBKEKHYVBNST-UHFFFAOYSA-N,EC50,nM,5000.0,O=C(c1ccc(N2CC(F)(F)C2)c(OCC2CC2)n1)N1CCN(CC2CC2)CC1,1
FCFVYJHQEAOPLR-UHFFFAOYSA-N,EC50,nM,5000.0,O=C(c1ccc(N2CC(F)(F)C2)c(OCC2CC2)n1)N1CC(O)(C(F)(F)F)C1,1
FENFQJGERCGGMA-UHFFFAOYSA-N,EC50,nM,73.0,O=c1cc(Nc2ccc(-c3ccccc3)cc2)c2cc(C(c3ccc(Cl)cc3)c3ccc(Cl)cc3)ccc2[nH]1,1
FFCHKPWWGLJLIA-UHFFFAOYSA-N,EC50,nM,351.4,CCC(CC)(NC(=O)c1ccc(C2CC2)c(OCC2CC2)n1)C(=O)N1CCC1,1
FGRCVJYAIQKCBG-UHFFFAOYSA-N,EC50,nM,234.3,CCOC(=O)C(CC)(CC)NC(=O)c1ccc(N2CCCC2)c(OCC2CC2)n1,1
FIFSPVVHFXNXRN-UHFFFAOYSA-N,EC50,nM,128.7,CCC(CC)(NC(=O)c1ccc(N(CC(F)(F)F)CC(F)(F)F)c(OCC2CC2)n1)C(=O)OC,1
FOQTVEDUVINWEI-UHFFFAOYSA-N,EC50,nM,5000.0,O=C(c1ccc(N2CCCC2)c(OCC2CC2)n1)N1CC2(COC2)C1,1
FOWNAAGUWIAKLC-UHFFFAOYSA-N,EC50,nM,1318.4,CC(C)(NC(=O)c1ccc(C2CC2)c(OCC2CC2)n1)c1ncon1,1
FWLFSZKDWQACBC-UHFFFAOYSA-N,EC50,nM,5000.0,O=C(c1ccc(N2CC(F)(F)C2)c(OCC2CC2)n1)N1CCCC12CCC2,1
FWMXKSMDMZTDHV-UHFFFAOYSA-N,EC50,nM,5000.0,CCCCNc1cc(C(c2ccc(Cl)cc2)c2ccc(Cl)cc2)cc2c(NC3CCN(S(=O)(=O)C(F)(F)F)CC3)cc(=O)n(C)c12,1
FXRIMJMZYGJEDQ-UHFFFAOYSA-N,EC50,nM,5000.0,Cn1c(C(C)(C)NC(=O)c2ccc(C3CC3)c(OCC3CC3)n2)noc1=O,1
FYOODLDUJNJBRS-UHFFFAOYSA-N,EC50,nM,5000.0,O=C(NN1CCCCC1)c1cccc(-c2ccc(Cl)cc2)n1,1
FZTZIEYASIAHTL-UHFFFAOYSA-N,EC50,nM,81.0,CCOC(=O)CCCCOc1cc(C(c2ccc(Cl)cc2)c2ccc(Cl)cc2)cc2c(NC3CCN(S(=O)(=O)C(F)(F)F)CC3)ccnc12,1
GACXUQRYRFBDSY-UHFFFAOYSA-N,EC50,nM,5000.0,Cc1nc(C(C)(C)NC(=O)c2cccc(-c3ccc(Cl)cc3)n2)no1,1
GASVKDXPLVCOQM-UHFFFAOYSA-N,EC50,nM,5000.0,O=C(c1ccc(N2CC(F)(F)C2)c(OCC2CC2)n1)N1CC(F)(F)C(F)(F)C1,1
GBGDAFUFZQQOAB-UHFFFAOYSA-N,EC50,nM,254.0,O=C(N1CC=C(c2cc(=O)[nH]c3ccc(C(c4ccc(Cl)cc4)c4ccc(Cl)cc4)cc23)CC1)C(F)(F)F,1
GCQHNGDEXOHPKU-UHFFFAOYSA-N,EC50,nM,827.0,O=c1cc(C2=CCN(S(=O)(=O)C(F)(F)F)CC2)c2cc(C(c3ccc(Cl)cc3)c3ccc(Cl)cc3)ccc2[nH]1,1
GGBNKZSCKGIUNU-UHFFFAOYSA-N,EC50,nM,5000.0,COc1ccc(C(=O)NC(C)(C)c2ncco2)nc1-c1cccc(Cl)c1,1
GGTIETYXENLZJP-UHFFFAOYSA-N,EC50,nM,5000.0,CCC(CC)(NC(=O)c1ccc(C(F)(F)F)c(OCC2CCOCC2)n1)C(=O)NC,1
GHHITFGUMKLCRW-UHFFFAOYSA-N,EC50,nM,5000.0,O=C(NC1(c2nccs2)COC1)c1ccc(Br)c(OCC(F)(F)F)n1,1
GJKSYGTYEWQMJR-UHFFFAOYSA-N,EC50,nM,5000.0,Cc1cnc(C(C)(C)NC(=O)c2ccc(C3CC3)c(OCC3CC3)n2)s1,1
GKDVWBLMHRYWFT-UHFFFAOYSA-N,EC50,nM,5000.0,CC(C)(C)OC(=O)COc1cc(NC2CCN(S(=O)(=O)C(F)(F)F)CC2)c2cc(C(c3ccc(Cl)cc3)c3ccc(Cl)cc3)ccc2n1,1
GKKZGUSIDUYTJX-UHFFFAOYSA-N,EC50,nM,5000.0,CCOC(=O)CCCNc1cc(C(O)(c2ccc(Cl)cc2)c2ccc(Cl)cc2)cc2c(NC3CCN(S(=O)(=O)C(F)(F)F)CC3)cc(OC(C)(C)C)nc12,1
GLMWYKNAHRMHIF-UHFFFAOYSA-N,EC50,nM,5000.0,Cc1nc(C(C)(C)NC(=O)c2ccc(N3CC(=O)C3)c(OCC3CC3)n2)no1,1
GMIAFWFGCHEJDG-UHFFFAOYSA-N,EC50,nM,5000.0,Cc1nc(C(C)(C)NC(=O)c2ccc(N3CCCC3)c(OCC3CC3)n2)no1,1
GNEBNCZKAQFDDX-UHFFFAOYSA-N,EC50,nM,25.0,COC(=O)c1ccc(C(=O)N2CCC(Nc3cc(=O)[nH]c4ccc(C(c5ccc(Cl)cc5)c5ccc(Cl)cc5)cc34)CC2)cc1,1
GPPVZMVBHUKUHH-UHFFFAOYSA-N,EC50,nM,5000.0,CNC(=O)C(C)(C)NC(=O)c1ccc(N2CC(F)(F)C2)c(OCC2CC2)n1,1
GQPWKIHZZXUZNU-UHFFFAOYSA-N,EC50,nM,5000.0,CCC(CC)(NC(=O)c1ccc(C2CC2)c(S(=O)(=O)CC(C)C)n1)C(=O)NC,1
GWAIMZCDYPEVCH-UHFFFAOYSA-N,EC50,nM,5000.0,COCCN(C(=O)c1ccc(N2CC(F)(F)C2)c(OCC2CC2)n1)C(C)(C)CO,1
GWYYOYACUCCDQV-UHFFFAOYSA-N,EC50,nM,5000.0,CCC1(CC)C(=O)NCCN1C(=O)c1ccc(N2CC(F)(F)C2)c(OCC2CC2)n1,1
GZFALHNMNSLDGP-UHFFFAOYSA-N,EC50,nM,90.6,CCC(CC)(NC(=O)c1ccc(C2CC2)c(OCC2CC2)n1)C(=O)OC,1
GZRZVZKVXVUEDP-UHFFFAOYSA-N,EC50,nM,5000.0,O=C(OCc1ccccc1)N1CCN(C(=O)c2ccc(N3CC(F)(F)C3)c(OCC3CC3)n2)CC1,1
GZSCMPGTPLQSFM-UHFFFAOYSA-N,EC50,nM,5000.0,CC(C)(NC(=O)c1ccc(N2CCCC2)c(OCC2CC2)n1)C1=NCCO1,1
HECCLCMBSJMOGG-UHFFFAOYSA-N,EC50,nM,5000.0,Cc1nc(C(C)(C)NC(=O)c2ccc(C3CC3)c(OCc3ccccn3)n2)no1,1
HEGZVETYXKJMTJ-UHFFFAOYSA-N,EC50,nM,15.0,O=c1cc(Nc2ccc(Cc3ccccc3)cc2)c2cc(C(c3ccc(Cl)cc3)c3ccc(Cl)cc3)ccc2[nH]1,1
HGAYVJKMHMDCIL-NSCUHMNNSA-N,EC50,nM,36.0,COc1cc(NC2CCN(S(=O)(=O)C(F)(F)F)CC2)c2cc(C(c3ccc(Cl)cc3)c3ccc(Cl)cc3)cc(C=CCO)c2n1,1
HGZFKHKPMYPBLX-UHFFFAOYSA-N,EC50,nM,5000.0,CN(C(=O)c1ccc(N2CC(F)(F)C2)c(OCC2CC2)n1)C1(C(F)(F)F)CC1,1
HIFGQLMIGSYKQI-UHFFFAOYSA-N,EC50,nM,5000.0,Cc1cn(C)nc1N(C)C(=O)c1ccc(N2CC(F)(F)C2)c(OCC2CC2)n1,1
HIXZLZBXNJLPNM-SNAWJCMRSA-N,EC50,nM,702.0,O=c1cc(C=Cc2cccc(F)c2)c2cc(C(c3ccc(Cl)cc3)c3ccc(Cl)cc3)ccc2[nH]1,1
HKYMBPFAXUPGAT-UHFFFAOYSA-N,EC50,nM,5000.0,CC1(C)COCCN1C(=O)c1ccc(N2CC(F)(F)C2)c(OCC2CC2)n1,1
HLVFJLRXWSOGDL-UHFFFAOYSA-N,EC50,nM,5000.0,CC(C)(CCN1CCOCC1)NC(=O)c1ccc(C2CC2)c(OCC2CC2)n1,1
HLXBZHWWDPFRAD-UHFFFAOYSA-N,EC50,nM,438.0,O=C(O)c1ccc(C(=O)N2CCC(Nc3cc(=O)[nH]c4ccc(C(c5ccc(Cl)cc5)c5ccc(Cl)cc5)cc34)CC2)cc1,1
HNJYDJYOCZGCSR-UHFFFAOYSA-N,EC50,nM,23.0,COCCOc1cc(NC2CCN(S(=O)(=O)C(F)(F)F)CC2)c2cc(C(c3ccc(Cl)cc3)c3ccc(Cl)cc3)ccc2n1,1
HOAPZPOSEVEDHI-UHFFFAOYSA-N,EC50,nM,5000.0,O=C(c1ccc(N2CCCC2)c(OCC2CC2)n1)N1CCSCC1,1
HPHRSCZEEPEITI-UHFFFAOYSA-N,EC50,nM,5000.0,O=C(c1ccc(N2CC(F)(F)C2)c(OCC2CC2)n1)N1CCCC12CC2,1
HSIDMTJBUDEAJR-UHFFFAOYSA-N,EC50,nM,108.0,O=C(O)CCCCOc1cc(C(c2ccc(Cl)cc2)c2ccc(Cl)cc2)cc2c(NC3CCN(S(=O)(=O)C(F)(F)F)CC3)ccnc12,1
HTIUIYGFPALAHO-UHFFFAOYSA-N,EC50,nM,1012.0,O=C(O)CCCOc1ccc(Nc2cc(=O)[nH]c3ccc(C(c4ccc(Cl)cc4)c4ccc(Cl)cc4)cc23)cc1,1
HVLCSBIIKZAQSW-UHFFFAOYSA-N,EC50,nM,5000.0,O=C(NN1CCCCC1)c1cccc(C2CCCC2)n1,1
HXCJLVBXFJMNHR-UHFFFAOYSA-N,EC50,nM,5000.0,CC(C)CS(=O)(=O)c1nc(C(=O)N(C)C(C)(C)C)ccc1C1CC1,1
HXOMGSVTAKWIMX-UHFFFAOYSA-N,EC50,nM,475.0,CCC(CC)(NC(=O)c1ccc(C2CC2)c(OCC2CCOCC2)n1)C(=O)O,1
HZCPANOURNTWMI-UHFFFAOYSA-N,EC50,nM,9701.0,O=C(O)CN1CCC(Nc2cc(=O)[nH]c3ccc(C(c4ccc(Cl)cc4)c4ccc(Cl)cc4)cc23)CC1,1
ICAJWMGMNOJYPC-UHFFFAOYSA-N,EC50,nM,96.0,CC(C)(C)OC(=O)NCCCCOc1cc(C(c2ccc(Cl)cc2)c2ccc(Cl)cc2)cc2c(NC3CCN(S(=O)(=O)C(F)(F)F)CC3)ccnc12,1
ICHRKUNLOXCBKZ-UHFFFAOYSA-N,EC50,nM,11.0,O=c1cc(NC2CCN(c3ncccn3)CC2)c2cc(C(c3ccc(Cl)cc3)c3ccc(Cl)cc3)ccc2[nH]1,1
IECAPAJDTIVPDN-UHFFFAOYSA-N,EC50,nM,10.0,O=C(CC(F)(F)F)N1CCC(Nc2cc(=O)[nH]c3ccc(C(c4ccc(Cl)cc4)c4ccc(Cl)cc4)cc23)CC1,1
IJODNESKXGTWIV-UHFFFAOYSA-N,EC50,nM,5000.0,CN(CC1CC1)C(=O)c1ccc(N2CC(F)(F)C2)c(OCC2CC2)n1,1
ILNRKILIMBRFQN-UHFFFAOYSA-N,EC50,nM,5000.0,CC(C)(C)N(Cc1ccccc1)C(=O)c1ccc(N2CC(F)(F)C2)c(OCC2CC2)n1,1
IMJIAUTWMGSJIR-UHFFFAOYSA-N,EC50,nM,5000.0,O=C(NC1(c2nccs2)COC1)c1ccc(C2CC2)c(OCC(F)(F)F)n1,1
IMVAJPMCOJGEGW-UHFFFAOYSA-N,EC50,nM,5000.0,CC1(NC(=O)c2ccc(N3CC(F)(F)C3)c(OCC3CC3)n2)COC1,1
IOFPWYZJWOEALQ-UHFFFAOYSA-N,EC50,nM,5000.0,CC1(C)CCCN1C(=O)c1ccc(C2CC2)c(OCC(F)(F)C(F)(F)F)n1,1
IPAVPWDHCDYXJQ-UHFFFAOYSA-N,EC50,nM,5000.0,O=C(NC1(C(F)(F)F)CC1)c1ccc(N2CC(F)(F)C2)c(OCC2CC2)n1,1
ISUFUMOROBSKLA-UHFFFAOYSA-N,EC50,nM,5000.0,CC(C)(NC(=O)c1cccc(-c2cccc(Cl)c2)n1)c1ncon1,1
IZRAKQFSHFVXGF-UHFFFAOYSA-N,EC50,nM,5000.0,CCC(CC)(NC(=O)c1ccc(C(F)(F)F)c(OCC2CC2)n1)C(=O)NC,1
JCEJFPGKYIPKII-UHFFFAOYSA-N,EC50,nM,5000.0,O=C(c1ccc(C2CC2)c(-c2cccc(Cl)c2)n1)N1CCS(=O)(=O)CC1,1
JCHXRCVYLNDRSG-UHFFFAOYSA-N,EC50,nM,5000.0,CC(C)(NC(=O)c1cccc(-c2cccc(Cl)c2)n1)c1nnco1,1
JFBCTWDPXWCUEC-UHFFFAOYSA-N,EC50,nM,1105.3,CC(C)(NC(=O)c1ccc(Cl)c(-c2cccc(Cl)c2)n1)c1nccs1,1
JJKOUKPZKNANFV-VOTSOKGWSA-N,EC50,nM,4.1,Clc1ccc(C(c2ccc(Cl)cc2)c2ccc3nccc(C=Cc4ccccc4)c3c2)cc1,1
JJLDUQBQEWCPSG-UHFFFAOYSA-N,EC50,nM,5000.0,CC(C)(NC(=O)c1ccc(C2CC2)c(-c2cccc(Cl)c2)n1)c1ncco1,1
JKIKFAURGUYMDC-UHFFFAOYSA-N,EC50,nM,5000.0,Cn1nnnc1CN(C(=O)c1ccc(N2CC(F)(F)C2)c(OCC2CC2)n1)C(C)(C)C,1
JKPAUXYIFSKSGG-UHFFFAOYSA-N,EC50,nM,5000.0,Cc1nc(C(C)(C)NC(=O)c2ccc(N3CCC(=O)C3)c(OCC3CC3)n2)no1,1
JLMSBICRLNNQIJ-UHFFFAOYSA-N,EC50,nM,5000.0,CC(C)(CO)NC(=O)c1ccc(N2CC(F)(F)C2)c(OCC2CC2)n1,1
JODDCYHPHXLXAP-UHFFFAOYSA-N,EC50,nM,1362.0,COc1ccc(C(=O)NC(C)(C)c2noc(C)n2)nc1-c1cccc(Cl)c1,1
JTBQNDTVLQFPSJ-UHFFFAOYSA-N,EC50,nM,5000.0,CC(C)(C)NC(=O)c1ccc(C2CC2)c(OCC2CC2)n1,1
JVMZQMRYIYTXKO-UHFFFAOYSA-N,EC50,nM,5000.0,CCC(CC)(NC(=O)c1ccc(N2CC(F)(F)C2)c(OCC2CC2)n1)C(=O)NC,1
KBEWCKJQLCDQJT-UHFFFAOYSA-N,EC50,nM,5000.0,Cc1nc(C(C)(C)NC(=O)c2ccc(C3CCCC3)c(-c3cccc(Cl)c3)n2)no1,1
KEINFJSCIIFWMS-UHFFFAOYSA-N,EC50,nM,5000.0,O=C(NC1(CO)CCCC1)c1ccc(C2CC2)c(OCC2CC2)n1,1
KFGADYPOGMKIAC-UHFFFAOYSA-N,EC50,nM,5000.0,Cc1ccc(C(=O)NN2CCCCC2)nc1OCC1CC1,1
KFLVXDWUNBIPBE-UHFFFAOYSA-N,EC50,nM,5000.0,COCCOCC(C)(C)NC(=O)c1ccc(N2CC(F)(F)C2)c(-c2cccc(Cl)c2)n1,1
KGRWVAJIZHLOGI-UHFFFAOYSA-N,EC50,nM,5000.0,CC(C)(NC(=O)c1ccc(N2CC(F)(F)C2)c(-c2cccc(Cl)c2)n1)c1nccs1,1
KGWCZTYRYXWKFE-UHFFFAOYSA-N,EC50,nM,27.0,COC(=O)Cc1ccc(Nc2cc(=O)[nH]c3ccc(C(c4ccc(Cl)cc4)c4ccc(Cl)cc4)cc23)cc1,1
KIDWRWHJLGXGOL-UHFFFAOYSA-N,EC50,nM,5000.0,CC1(C)CN(C(=O)c2ccc(N3CC(F)(F)C3)c(OCC3CC3)n2)CCO1,1
KJDPUBOCULVZCX-UHFFFAOYSA-N,EC50,nM,5000.0,Cc1ccc(C(=O)N2CCCCC2)nc1S(=O)(=O)N1CCCCC1,1
KMMFANKYXNCAKF-UHFFFAOYSA-N,EC50,nM,5000.0,CC1(C)COCN1C(=O)c1ccc(N2CC(F)(F)C2)c(OCC2CC2)n1,1
KNIFFRSIHZJWJP-UHFFFAOYSA-N,EC50,nM,5000.0,O=C(c1ccc(N2CC(F)(F)C2)c(OCC2CC2)n1)N(Cc1ccccc1)C1(C(F)(F)F)CC1,1
KRXIDWWHOOPTCS-UHFFFAOYSA-N,EC50,nM,7.0,O=c1cc(NC2CCCCC2)c2cc(C(c3ccc(Cl)cc3)c3ccc(Cl)cc3)ccc2[nH]1,1
KWGBUXVYZWFEMD-UHFFFAOYSA-N,EC50,nM,2777.2,CC(C)(C)OC(=O)N1CCC2(CCCN2C(=O)c2ccc(C3CC3)c(Cc3ccc(F)cc3)n2)CC1,1
KXYMJQFHXYKFSA-UHFFFAOYSA-N,EC50,nM,5000.0,Cc1nc(C(C)(C)NC(=O)c2cccc(-c3cccc(Cl)c3)n2)no1,1
LAMNTHUPJIQKDF-UHFFFAOYSA-N,EC50,nM,5000.0,CC(C)(C)OC(=O)N(CC1CC1)NC(=O)c1ccc(C2CC2)c(OCC2CC2)n1,1
LBFSEQBOJJEMDO-UHFFFAOYSA-N,EC50,nM,5000.0,O=C(c1ccc(N2CC(F)(F)C2)c(OCC2CC2)n1)N1CC2(CCCO2)C1,1
LBYUPCGPXZLHEU-UHFFFAOYSA-N,EC50,nM,5000.0,Cc1nc(C2(NC(=O)c3ccc(C4CC4)c(OCC4CC4)n3)CCC2)no1,1
LHNGTUXRNUJLHN-UHFFFAOYSA-N,EC50,nM,5000.0,CCC(CC)(NC(=O)c1ccc(C(F)(F)F)c(OCC2CC2)n1)C(=O)O,1
LIOOTXWDESIBTK-UHFFFAOYSA-N,EC50,nM,5000.0,Cc1csc(C(C)(C)NC(=O)c2ccc(C3CC3)c(OCC3CC3)n2)n1,1
LKBJXBVIPCKECR-UHFFFAOYSA-N,EC50,nM,70.0,COC(=O)c1ccc(Nc2cc(=O)[nH]c3ccc(C(c4ccc(Cl)cc4)c4ccc(Cl)cc4)cc23)cc1,1
LMHZHKBYILDKFJ-ONEGZZNKSA-N,EC50,nM,36.0,COCC=Cc1cc(C(c2ccc(Cl)cc2)c2ccc(Cl)cc2)cc2c(NC3CCN(S(=O)(=O)C(F)(F)F)CC3)cc(OC)nc12,1
LODCAXDIIJLCJZ-UHFFFAOYSA-N,EC50,nM,5000.0,CC(C)(NC(=O)c1ccc(Cl)c(-c2cccc(Cl)c2)n1)c1ncon1,1
LSPQYZYAMOWZMM-UHFFFAOYSA-N,EC50,nM,5000.0,CCOC(=O)C(CC)(CC)NC(=O)c1ccc(Br)c(OCC2CC2)n1,1
LVBCLFJZEHMXTK-UHFFFAOYSA-N,EC50,nM,5000.0,Cc1cnc(C(C)(C)NC(=O)c2ccc(N3CC(F)(F)C3)c(OCC3CC3)n2)s1,1
MCEYLWILVZLSCZ-UHFFFAOYSA-N,EC50,nM,5000.0,Cc1noc(C(C)(C)NC(=O)c2ccc(C3CC3)c(OCC3CC3)n2)n1,1
MCGMVAFPXXKMBP-UHFFFAOYSA-N,EC50,nM,1614.8,CC(C)(NC(=O)c1ccc(C2CC2)c(OCC2CC2)n1)c1nccs1,1
MCPHMDWLQZSXPI-UHFFFAOYSA-N,EC50,nM,5000.0,CNC(=O)C(C)(C)NC(=O)c1ccc(C2CC2)c(OCC2CC2)n1,1
MDYJRCAISMTYLD-UHFFFAOYSA-N,EC50,nM,5000.0,O=C(NN1CCCOC1=O)c1ccc(C2CC2)c(OCC2CC2)n1,1
MIONUHFBEXBYAK-UHFFFAOYSA-N,EC50,nM,1492.6,CC1(COc2nc(C(=O)NC(C)(C)c3nccs3)ccc2Br)COC1,1
MIVBNSWKIKESQP-UHFFFAOYSA-N,EC50,nM,24.0,Cn1c(=O)cc(NC2CCN(S(=O)(=O)C(F)(F)F)CC2)c2cc(C(c3ccc(Cl)cc3)c3ccc(Cl)cc3)ccc21,1
MJEBXCKCUQSZIP-UHFFFAOYSA-N,EC50,nM,5000.0,O=C(O)CCN1CCC(Nc2cc(=O)[nH]c3ccc(C(c4ccc(Cl)cc4)c4ccc(Cl)cc4)cc23)CC1,1
MOENVUDLAXJKDW-UHFFFAOYSA-N,EC50,nM,310.0,O=C(O)CCCNc1cc(C(c2ccc(Cl)cc2)c2ccc(Cl)cc2)cc2c(NC3CCN(S(=O)(=O)C(F)(F)F)CC3)cc(=O)[nH]c12,1
MQYFOZSWVASOAR-UHFFFAOYSA-N,EC50,nM,5000.0,CC(C)(NC(=O)c1cccc(-c2cccc(Cl)c2)n1)c1ncco1,1
MTXKGKKQMHNIAJ-UHFFFAOYSA-N,EC50,nM,5.8,CNC(=O)C(C)(C)NC(=O)c1ccc(N2CCC(F)(F)C2)c(OCC2CC2)n1,1
MWFXRSRBFNCOQY-UHFFFAOYSA-N,EC50,nM,5000.0,CC(C)(NC(=O)c1ccc(N2CC(O)C2)c(OCC2CC2)n1)c1nccs1,1
MWQNORNGPAWNNX-UHFFFAOYSA-N,EC50,nM,5000.0,CN(C)C(=O)CN(C(=O)c1ccc(N2CC(F)(F)C2)c(OCC2CC2)n1)C(C)(C)C,1
MXLHRZGVGNVOCE-UHFFFAOYSA-N,EC50,nM,5000.0,O=C(c1ccc(C2CC2)c(Cc2ccc(F)cc2)n1)N1CCCC12CCNCC2,1
MXZPEPMKUIRVTC-UHFFFAOYSA-N,EC50,nM,1064.9,Cc1nc(C(C)(C)NC(=O)c2ccc(C3CC3)c(OCC3CC3)n2)no1,1
NBBKJUPDXMTBPT-UHFFFAOYSA-N,EC50,nM,5000.0,CCOC(=O)C(CC)(CC)NC(=O)c1ccc(N2CCC23COC3)c(OCC2CC2)n1,1
NFALLRQTKNBMAC-UHFFFAOYSA-N,EC50,nM,1.2,O=c1cc(NC2CCN(S(=O)(=O)C(F)(F)F)CC2)c2cc(C(c3ccc(Cl)cc3)c3ccc(Cl)cc3)ccc2[nH]1,1
NGSODJAZTGFJCP-UHFFFAOYSA-N,EC50,nM,5000.0,O=C(c1ccc(N2CC(F)(F)C2)c(OCC2CC2)n1)N1CC(F)(F)C1,1
NHWXZGIAUNNFIB-UHFFFAOYSA-N,EC50,nM,5000.0,CCOC(=O)C(CC)(CC)NC(=O)c1ccc(C(F)(F)F)c(OCC2CC2)n1,1
NIJKIUUJXYMQLS-UHFFFAOYSA-N,EC50,nM,25.0,O=c1cc(Nc2cccc(C(F)(F)F)c2)c2cc(C(c3ccc(Cl)cc3)c3ccc(Cl)cc3)ccc2[nH]1,1
NIRAJCJMOFOLHL-UHFFFAOYSA-N,EC50,nM,157.0,O=C(O)c1cccc(CN2CCC(Nc3cc(=O)[nH]c4ccc(C(c5ccc(Cl)cc5)c5ccc(Cl)cc5)cc34)CC2)c1,1
NROPRVDZXGJHLE-UHFFFAOYSA-N,EC50,nM,79.0,NC(=O)Cc1ccc(Nc2cc(=O)[nH]c3ccc(C(c4ccc(Cl)cc4)c4ccc(Cl)cc4)cc23)cc1,1
NSUBVFCNRWXFPF-UHFFFAOYSA-N,EC50,nM,5000.0,N=C(N)N1CCC(Nc2cc(=O)[nH]c3ccc(C(c4ccc(Cl)cc4)c4ccc(Cl)cc4)cc23)CC1,1
NTRQXOVYAPPQRN-UHFFFAOYSA-N,EC50,nM,3.0,O=c1cc(NC2CCN(CC(F)(F)F)CC2)c2cc(C(c3ccc(Cl)cc3)c3ccc(Cl)cc3)ccc2[nH]1,1
NUDFOKPZCULQMP-UHFFFAOYSA-N,EC50,nM,5000.0,CNC(=O)C(C)(C)NC(=O)c1ccc(C2CC2)c(-c2cccc(Cl)c2)n1,1
NWEFWZWMHAKWEL-UHFFFAOYSA-N,EC50,nM,615.1,Cc1nc(C(C)(C)NC(=O)c2ccc(C3CC3)c(OCC3CCOCC3)n2)no1,1
NXRGLHSKRKLDFK-UHFFFAOYSA-N,EC50,nM,876.0,O=C(O)c1ccc(CN2CCC(Nc3cc(=O)[nH]c4ccc(C(c5ccc(Cl)cc5)c5ccc(Cl)cc5)cc34)CC2)cc1,1
NYRWYRPVDWAQTI-UHFFFAOYSA-N,EC50,nM,5000.0,CN(C(=O)c1ccc(C2CC2)c(OCC2CC2)n1)C(C)(C)C,1
NYSYUPLWALRULA-UHFFFAOYSA-N,EC50,nM,5000.0,Cc1nc(C(C)(C)NC(=O)c2ccc(C)c(-c3cccc(Cl)c3)n2)no1,1
OEVULJZIFDONHH-UHFFFAOYSA-N,EC50,nM,1446.1,Cc1cccc(-c2nc(C(=O)NC(C)(C)c3nccs3)ccc2C2CC2)c1,1
OGJJAOUVDWABHE-UHFFFAOYSA-N,EC50,nM,5000.0,CCC(CC)(NC(=O)c1ccc(C(F)(F)F)c(OCC2CCOCC2)n1)C(=O)N(C)C,1
OGYGVHGXLQFQDQ-UHFFFAOYSA-N,EC50,nM,38.0,CNC(=O)COc1cc(NC2CCN(S(=O)(=O)C(F)(F)F)CC2)c2cc(C(c3ccc(Cl)cc3)c3ccc(Cl)cc3)ccc2n1,1
OMXWZLYPDBPTNQ-UHFFFAOYSA-N,EC50,nM,5000.0,CCC(CC)(NC(=O)c1ccc(C2CC2)c(OCC2CC2)n1)C(=O)NCCO,1
OPCOEOGIXLXBGV-UHFFFAOYSA-N,EC50,nM,52.0,O=c1cc(NC2CCN(S(=O)(=O)C(F)(F)F)CC2)c2cc(C(O)(c3ccc(Cl)cc3)c3ccc(Cl)cc3)ccc2[nH]1,1
OQTAECXFWHHWIQ-UHFFFAOYSA-N,EC50,nM,5000.0,CC(C)N(C(=O)c1ccc(N2CC(F)(F)C2)c(OCC2CC2)n1)C(C)C,1
ORRXZBCPABXGMI-UHFFFAOYSA-N,EC50,nM,5000.0,Cc1nc(C(C)(C)NC(=O)c2ccc(C3CCOCC3)c(OCC3CC3)n2)no1,1
OSQXKQLRJVOIFQ-UHFFFAOYSA-N,EC50,nM,102.0,CC(=O)NCCCCOc1cc(C(c2ccc(Cl)cc2)c2ccc(Cl)cc2)cc2c(NC3CCN(S(=O)(=O)C(F)(F)F)CC3)ccnc12,1
OSUBLPROJVIIKK-UHFFFAOYSA-N,EC50,nM,5000.0,O=C(Nc1ccccc1)c1cccc(-c2cccc(Cl)c2)n1,1
OTWLHURBRNWIHY-UHFFFAOYSA-N,EC50,nM,5000.0,O=C(c1ccc(N2CC(F)(F)C2)c(OCC2CC2)n1)N1CC(F)(C2CC2)C1,1
OVAXWAOXAIFSCA-UHFFFAOYSA-N,EC50,nM,168.0,O=c1cc(NCc2ccc(C(F)(F)F)cn2)c2cc(C(c3ccc(Cl)cc3)c3ccc(Cl)cc3)ccc2[nH]1,1
OXKAVYPRBLGQQJ-UHFFFAOYSA-N,EC50,nM,159.0,O=C(O)c1ccc(S(=O)(=O)N2CCC(Nc3cc(=O)[nH]c4ccc(C(c5ccc(Cl)cc5)c5ccc(Cl)cc5)cc34)CC2)cc1,1
OXSPNXSOSSLCRR-UHFFFAOYSA-N,EC50,nM,346.9,CCOC(=O)C(CC)(CC)NC(=O)c1ccc(C2CC2)c(OCC2CC2)n1,1
OZJAMTSVRBHDCN-UHFFFAOYSA-N,EC50,nM,99.0,NC(=O)COc1ccc(Nc2cc(=O)[nH]c3ccc(C(c4ccc(Cl)cc4)c4ccc(Cl)cc4)cc23)cc1,1
OZLASYDBMUMORZ-UHFFFAOYSA-N,EC50,nM,5000.0,O=C(c1ccc(N2CCCC2)c(OCC2CC2)n1)N1CCS(=O)(=O)CC1,1
PBGTZDBBZPCTJF-UHFFFAOYSA-N,EC50,nM,1352.9,CC(C)(NC(=O)c1ccc(C(F)(F)F)c(OCC2CC2)n1)c1nccs1,1
PCBIWUQKLVPSRJ-UHFFFAOYSA-N,EC50,nM,5000.0,CN(C)C(=O)c1ccc(N2CC(F)(F)C2)c(OCC2CC2)n1,1
PCLSDGCRDLUBBX-UHFFFAOYSA-N,EC50,nM,5000.0,COC(=O)C(C)(C)NC(=O)c1ccc(C2CCOCC2)c(OCC2CC2)n1,1
PFLXKCBDOUJHKW-UHFFFAOYSA-N,EC50,nM,95.0,CC(C)(C)OC(=O)COc1ccc(Nc2cc(=O)[nH]c3ccc(C(c4ccc(Cl)cc4)c4ccc(Cl)cc4)cc23)cc1,1
PGRHDYVHVBUKCR-UHFFFAOYSA-N,EC50,nM,5000.0,CCC(CC)(NC(=O)c1ccc(N2CC(F)(F)C2=O)c(OCC2CC2)n1)C(=O)OC,1
PHPQQHHZZZVYEM-UHFFFAOYSA-N,EC50,nM,5000.0,CC(C)(NC(=O)c1ccc(C2CCOCC2)c(OCC2CC2)n1)c1ncco1,1
PIVZSKWUQYYFKC-UHFFFAOYSA-N,EC50,nM,1284.0,O=C(O)COc1cc(NC2CCN(S(=O)(=O)C(F)(F)F)CC2)c2cc(C(c3ccc(Cl)cc3)c3ccc(Cl)cc3)ccc2n1,1
PLHPSWRFDSWPEZ-UHFFFAOYSA-N,EC50,nM,22.0,CCS(=O)(=O)N1CCC(Nc2cc(=O)[nH]c3ccc(C(c4ccc(Cl)cc4)c4ccc(Cl)cc4)cc23)CC1,1
PNKMGWWBPULYAC-UHFFFAOYSA-N,EC50,nM,5000.0,CCC(CC)(NC(=O)c1ccc(N2CCC(F)(F)C2)c(OCC2CC2)n1)C(=O)NC,1
PNMMGGFXOQKNHC-UHFFFAOYSA-N,EC50,nM,12.0,O=S(=O)(N1CCC(Nc2ccnc3c(Br)cc(C(c4ccc(Cl)cc4)c4ccc(Cl)cc4)cc23)CC1)C(F)(F)F,1
POUQMLMBJYPWGE-UHFFFAOYSA-N,EC50,nM,5000.0,CC(=O)N1CCC(N(C(=O)c2ccc(N3CC(F)(F)C3)c(OCC3CC3)n2)C2CC2)CC1,1
PRBBCXCNBGDHHW-UHFFFAOYSA-N,EC50,nM,45.0,O=c1cc(NCc2ccc(C(F)(F)F)cc2)c2cc(C(c3ccc(Cl)cc3)c3ccc(Cl)cc3)ccc2[nH]1,1
PRWRZHFVIKSKFL-UHFFFAOYSA-N,EC50,nM,5000.0,CC1(COc2nc(C(=O)NC(C)(C)c3nccs3)ccc2N2CC(F)(F)C2)COC1,1
PTLZJHQZYZQFFG-UHFFFAOYSA-N,EC50,nM,7.0,O=c1cc(Nc2ccc(C(F)(F)F)cc2)c2cc(C(c3ccc(Cl)cc3)c3ccc(Cl)cc3)ccc2[nH]1,1
PVSHFURIMWEVDP-UHFFFAOYSA-N,EC50,nM,5000.0,CC(C)(NC(=O)c1ccc(C2CC2)c(OCC2CC2)n1)c1nc(N)no1,1
PXXCQCUITSJURF-UHFFFAOYSA-N,EC50,nM,5000.0,CC(C)(NC(=O)c1ccc(C(F)(F)F)c(OCC2CC2)n1)c1ncon1,1
PXZDXGPBYQNYGO-UHFFFAOYSA-N,EC50,nM,1547.0,NC(=O)CC(=O)N1CCC(Nc2cc(=O)[nH]c3ccc(C(c4ccc(Cl)cc4)c4ccc(Cl)cc4)cc23)CC1,1
PYASDRWFWNUQCN-UHFFFAOYSA-N,EC50,nM,339.0,O=S(=O)(N1CCC(Nc2ccnc3c(O)cc(C(c4ccc(Cl)cc4)c4ccc(Cl)cc4)cc23)CC1)C(F)(F)F,1
QDFPOVRGHXOWDO-UHFFFAOYSA-N,EC50,nM,5000.0,CCC(CC)(NC(=O)c1ccc(C(F)(F)F)c(OCC2CC2)n1)C(=O)OC,1
QGNMTFHVDPFUHG-UHFFFAOYSA-N,EC50,nM,5000.0,CCC(CC)(NC(=O)c1ccc(C2CCOCC2)c(OCC2CC2)n1)C(=O)NC,1
QNADUSWEPHYUOX-UHFFFAOYSA-N,EC50,nM,5000.0,Cc1nsc(C(C)(C)NC(=O)c2cccc(-c3cccc(Cl)c3)n2)n1,1
QRQVNUQTCMWPMB-UHFFFAOYSA-N,EC50,nM,5000.0,CCC(CC)(NC(=O)c1ccc(C2CC2)c(OCC2CC2)n1)C(=O)NCC1CC1,1
QRVRLHHUMVSQEL-UHFFFAOYSA-N,EC50,nM,5000.0,CCN(CCOC)C(=O)c1ccc(N2CC(F)(F)C2)c(OCC2CC2)n1,1
QSFPKINZVDAVRI-UHFFFAOYSA-N,EC50,nM,5000.0,CCC(CC)(NC(=O)c1ccc(Cl)c(-c2cccc(Cl)c2)n1)C(=O)NC,1
QUAJAGZEPNGQBL-UHFFFAOYSA-N,EC50,nM,5000.0,CC(C)(C)N(CCC(N)=O)C(=O)c1ccc(N2CC(F)(F)C2)c(OCC2CC2)n1,1
QXHXGNJRTLORGH-UHFFFAOYSA-N,EC50,nM,5000.0,CC(C)(CO)NC(=O)c1ccc(NC2CC2)c(OCC2CC2)n1,1
QXJYGDGXXBXINZ-UHFFFAOYSA-N,EC50,nM,5000.0,CCOC(=O)CN(C(=O)c1ccc(N2CC(F)(F)C2)c(OCC2CC2)n1)C(C)(C)C,1
QXKXUWDACYUCSY-UHFFFAOYSA-N,EC50,nM,5000.0,CC(C)(NC(=O)c1ccc(C(F)(F)F)c(OCC2CC2)n1)c1ncco1,1
QXMCIFBUMMNHCG-UHFFFAOYSA-N,EC50,nM,2200.0,COC(=O)CCCCCOc1cc(NC2CCN(S(=O)(=O)C(C)(F)F)CC2)c2cc(C(c3ccc(Cl)cc3)c3ccc(Cl)cc3)ccc2n1,1
RFUXNDRIFGIGHV-UHFFFAOYSA-N,EC50,nM,5000.0,CCN(C(=O)c1ccc(N2CC(F)(F)C2)c(OCC2CC2)n1)C1(C(F)(F)F)CC1,1
RFXZNVJNCQCNIY-UHFFFAOYSA-N,EC50,nM,68.0,CCOC(=O)CCCOc1ccc(Nc2cc(=O)[nH]c3ccc(C(c4ccc(Cl)cc4)c4ccc(Cl)cc4)cc23)cc1,1
RFZFPCARUGWAAM-UHFFFAOYSA-N,EC50,nM,219.0,NC(=O)CCCOc1ccc(Nc2cc(=O)[nH]c3ccc(C(c4ccc(Cl)cc4)c4ccc(Cl)cc4)cc23)cc1,1
RIWCIGOGPPLRIG-UHFFFAOYSA-N,EC50,nM,1124.0,CCOC(=O)CCCNc1cc(C(c2ccc(Cl)cc2)c2ccc(Cl)cc2)cc2c(NC3CCN(S(=O)(=O)C(F)(F)F)CC3)cc(=O)[nH]c12,1
RJUSVSNMXWHOSH-UHFFFAOYSA-N,EC50,nM,5000.0,CC(C)(C)N(CC(N)=O)C(=O)c1ccc(N2CC(F)(F)C2)c(OCC2CC2)n1,1
RJWZYQFETKFLMW-UHFFFAOYSA-N,EC50,nM,5000.0,CCC(CC)(NC(=O)c1cccc(OCC(F)(F)C(F)(F)F)n1)C(=O)NC,1
RSWCYLRESYWZRE-UHFFFAOYSA-N,EC50,nM,5000.0,CC(C)(NC(=O)c1ccc(Cl)c(OCC2CC2)n1)c1ncon1,1
RUFFANUJNLHSRQ-UHFFFAOYSA-N,EC50,nM,5000.0,NC(=O)C1(NC(=O)c2ccc(C3CC3)c(OCC3CC3)n2)CCOCC1,1
RWABVHXFCVHWAH-UHFFFAOYSA-N,EC50,nM,5000.0,COC(=O)C(C)(C)NC(=O)c1ccc(-c2ccn[nH]2)c(OCC2CC2)n1,1
RZFFHSZQEDGQFJ-UHFFFAOYSA-N,EC50,nM,5000.0,O=C(c1ccc(N2CC(F)(F)C2)c(OCC2CC2)n1)N1CC(F)(CO)C1,1
SAKYNUBXSHKFRI-UHFFFAOYSA-N,EC50,nM,1201.5,CCC(CC)(NC(=O)c1ccc(N(CC(F)(F)F)CC(F)(F)F)c(OCC2CC2)n1)C(=O)NC,1
SALLUPDHBAKTOK-UHFFFAOYSA-N,EC50,nM,293.0,O=C(O)c1ccc(CN2CCC(Nc3cc(=O)[nH]c4ccc(C(c5ccc(Cl)cc5)c5ccc(Cl)cc5)cc34)CC2)s1,1
SEBWLCYJGKCBRN-UHFFFAOYSA-N,EC50,nM,58.0,COCCCc1cc(C(c2ccc(Cl)cc2)c2ccc(Cl)cc2)cc2c(NC3CCN(S(=O)(=O)C(F)(F)F)CC3)cc(OC)nc12,1
SFSPGZCMJIDZLC-UHFFFAOYSA-N,EC50,nM,5000.0,COCC(C)(C)N(C)C(=O)c1ccc(N2CC(F)(F)C2)c(OCC2CC2)n1,1
SIIVRCRGFSKNMU-UHFFFAOYSA-N,EC50,nM,560.8,Cc1ccc(C(=O)NC(C)(C)c2nccs2)nc1OCC1CC1,1
SMKUAWDANSQUQK-UHFFFAOYSA-N,EC50,nM,5000.0,O=C(NN1CCCCC1)c1cccc(OCC2CC2)n1,1
SOCQPSFVXLOQJK-UHFFFAOYSA-N,EC50,nM,5000.0,Cc1nc(C(C)(C)NC(=O)c2ccc(C3(O)CCC3)c(OCC3CC3)n2)no1,1
SOYPYEJSHCHOCO-UHFFFAOYSA-N,EC50,nM,5000.0,CCC(CC)(NC(=O)c1cccc(-c2cccc(Cl)c2)n1)C(=O)N(C)C,1
SPSDQCVVNWOHJA-UHFFFAOYSA-N,EC50,nM,14.0,O=c1cc(NC2CCN(S(=O)(=O)c3ccccc3)CC2)c2cc(C(c3ccc(Cl)cc3)c3ccc(Cl)cc3)ccc2[nH]1,1
SQSCMJBDPPDTRI-UHFFFAOYSA-N,EC50,nM,113.0,O=C(O)c1ccc(S(=O)(=O)N2CCC(Nc3cc(=O)[nH]c4ccc(C(c5ccc(Cl)cc5)c5ccc(Cl)cc5)cc34)CC2)s1,1
SSHOENMUNJFVFX-UHFFFAOYSA-N,EC50,nM,5000.0,Cc1nc(C(C)(C)NC(=O)c2ccc(Cl)c(OCC3CC3)n2)no1,1
SUTAPQTUBFQVBA-UHFFFAOYSA-N,EC50,nM,5000.0,CCC(CC)(NC(=O)c1ccc(C2CC2)c(OCC(F)(F)C(F)(F)F)n1)C(=O)NC,1
SWNIYAFEPDHFII-UHFFFAOYSA-N,EC50,nM,111.0,O=c1cc(NC2CCC(C(F)(F)F)CC2)c2cc(C(c3ccc(Cl)cc3)c3ccc(Cl)cc3)ccc2[nH]1,1
TVKBISAMPHOPDL-UHFFFAOYSA-N,EC50,nM,5000.0,CCC(CC)(NC(=O)c1ccc(C)c(-c2cccc(Cl)c2)n1)C(=O)NC,1
TVNZYEPDTGVKQG-UHFFFAOYSA-N,EC50,nM,625.0,NCCCCNc1cc(C(c2ccc(Cl)cc2)c2ccc(Cl)cc2)cc2c(NC3CCN(S(=O)(=O)C(F)(F)F)CC3)cc(=O)[nH]c12,1
TWQWCNYJCIPLDX-UHFFFAOYSA-N,EC50,nM,5122.0,O=C(O)COc1ccc(Nc2cc(=O)[nH]c3ccc(C(c4ccc(Cl)cc4)c4ccc(Cl)cc4)cc23)cc1,1
TYOGEZWPNHEIPW-UHFFFAOYSA-N,EC50,nM,5000.0,CC(C)CS(=O)(=O)c1nc(C(=O)N2COCC2(C)C)ccc1C1CC1,1
UBWHVQJTXISRNS-UHFFFAOYSA-N,EC50,nM,403.0,CC(C)(C)OC(=O)N1CC=C(c2cc(=O)[nH]c3ccc(C(c4ccc(Cl)cc4)c4ccc(Cl)cc4)cc23)CC1,1
UCBJDUYFRJKEAI-UHFFFAOYSA-N,EC50,nM,227.0,O=C(c1ccc(Nc2cc(=O)[nH]c3ccc(C(c4ccc(Cl)cc4)c4ccc(Cl)cc4)cc23)cc1F)N1CCCC1,1
ULQHKWRWARHEQL-UHFFFAOYSA-N,EC50,nM,2293.5,COc1ccc(C(=O)NC(C)(C)c2nccs2)nc1-c1cccc(Cl)c1,1
ULUSBGMWBSEDFX-UHFFFAOYSA-N,EC50,nM,10.0,O=c1cc(Nc2ccc(F)c(Cl)c2)c2cc(C(c3ccc(Cl)cc3)c3ccc(Cl)cc3)ccc2[nH]1,1
USWOHUVYCDWXHM-UHFFFAOYSA-N,EC50,nM,302.0,NC(=O)CCC(=O)N1CCC(Nc2cc(=O)[nH]c3ccc(C(c4ccc(Cl)cc4)c4ccc(Cl)cc4)cc23)CC1,1
UVXKITNLYRAXML-UHFFFAOYSA-N,EC50,nM,5000.0,O=C(c1ccc(N2CC(F)(F)C2)c(OCC2CC2)n1)N1CCCC12COC2,1
UXCBADCRYYZKIP-UHFFFAOYSA-N,EC50,nM,5000.0,CC(C)(NC(=O)c1ccc(C2CCCC2)c(-c2cccc(Cl)c2)n1)c1nccs1,1
UZHGOWURUWWMQW-UHFFFAOYSA-N,EC50,nM,5000.0,CCC(CC)(NC(=O)c1ccc(N2CC(F)(F)C2)c(OCC2CC2)n1)C(=O)N1CC(F)(F)C1,1
VANPJLCYVSZSTD-UHFFFAOYSA-N,EC50,nM,5000.0,CNC(=O)C(C)(C)NC(=O)c1ccc(C2CCCC2)c(OCC2CC2)n1,1
VBCVMLQBMBDMJP-UHFFFAOYSA-N,EC50,nM,128.0,CC(C)(C)OC(=O)N=C(NC(=O)OC(C)(C)C)N1CCC(Nc2cc(=O)[nH]c3ccc(C(c4ccc(Cl)cc4)c4ccc(Cl)cc4)cc23)CC1,1
VKXRMYFUZJVWDG-UHFFFAOYSA-N,EC50,nM,5.0,CC(C)(C)OC(=O)CN1CCC(Nc2cc(=O)[nH]c3ccc(C(c4ccc(Cl)cc4)c4ccc(Cl)cc4)cc23)CC1,1
VPDWUFSNLDHIGD-UHFFFAOYSA-N,EC50,nM,5000.0,CCC(CC)(NC(=O)c1ccc(C2CC2)c(OCC2CC2)n1)C(=O)N1CC(F)(F)C1,1
VQSLOKHNCGHZMZ-UHFFFAOYSA-N,EC50,nM,5000.0,O=C(c1ccc(N2CC(F)(F)C2)c(OCC2CC2)n1)N1CC2(COC2)C1,1
VTZKSUGKMRCKEK-UHFFFAOYSA-N,EC50,nM,5000.0,O=C(NC1CCOCC1)c1cccc(-c2cccc(Cl)c2)n1,1
VUESTDLJPDIYNK-UHFFFAOYSA-N,EC50,nM,5000.0,CN(C(=O)c1ccc(N2CC(F)(F)C2)c(OCC2CC2)n1)C(C)(C)C,1
VWFGURIDIUZDMV-UHFFFAOYSA-N,EC50,nM,13.0,COCCCc1cc(C(c2ccc(Cl)cc2)c2ccc(Cl)cc2)cc2c(NC3CCN(S(=O)(=O)C(F)(F)F)CC3)cc(=O)[nH]c12,1
VWKXYIIHCHJWOA-UHFFFAOYSA-N,EC50,nM,5000.0,Cc1nc(C(C)(C)NC(=O)c2ccc(C(F)(F)F)c(OCC3CC3)n2)no1,1
VYQRETDTLVQXEG-UHFFFAOYSA-N,EC50,nM,15.0,O=c1cc(NC2CCN(S(=O)(=O)C3CC3)CC2)c2cc(C(c3ccc(Cl)cc3)c3ccc(Cl)cc3)ccc2[nH]1,1
WAKXFMMDPZKNRF-UHFFFAOYSA-N,EC50,nM,5000.0,O=C(NN1CCCCC1)c1cccc(C2CCCCC2)n1,1
WEBQDSSOWLKLLA-UHFFFAOYSA-N,EC50,nM,5000.0,CC1(C)COCN1C(=O)c1ccc(OC(F)(F)F)c(OCC2CC2)n1,1
WGJZEWLNZYSLPT-UHFFFAOYSA-N,EC50,nM,5000.0,CNC(=O)C(C)(C)NC(=O)c1ccc(C)c(OCC2CC2)n1,1
WGSSNNWMPCEGIE-UHFFFAOYSA-N,EC50,nM,5000.0,Cc1ccc(C(=O)NN2CCCCC2)nc1-c1cccc(Cl)c1,1
WIRKLNRRFRQIMA-UHFFFAOYSA-N,EC50,nM,5000.0,O=C(c1ccc(N2CC(F)(F)C2)c(OCC2CC2)n1)N1CC2(C1)CS(=O)(=O)C2,1
WNXURRIGAZXRQR-UHFFFAOYSA-N,EC50,nM,5000.0,CCC(CC)(NC(=O)c1ccc(C(F)(F)F)c(OCC2CC2)n1)C(=O)N1CC(F)(F)C1,1
WPWHFIRDIAUGSU-UHFFFAOYSA-N,EC50,nM,5000.0,CC(C)(NC(=O)c1ccc(C2CC2)c(OCC2CC2)n1)c1noc(N)n1,1
WPWPAMZVHZHHEP-UHFFFAOYSA-N,EC50,nM,5000.0,O=C(c1ccc(C2CCCC2)c(OCC2CC2)n1)N1CCS(=O)(=O)CC1,1
WUKJRTXYZKDQEN-UHFFFAOYSA-N,EC50,nM,5000.0,CC(C)(NC(=O)c1ccc(C2CCOCC2)c(OCC2CC2)n1)c1nccs1,1
XCVUFWLLCDRNMC-UHFFFAOYSA-N,EC50,nM,7.0,O=c1cc(NCc2cccc(C(F)(F)F)c2)c2cc(C(c3ccc(Cl)cc3)c3ccc(Cl)cc3)ccc2[nH]1,1
XDTGERQAJDMMAN-UHFFFAOYSA-N,EC50,nM,81.0,CCC(CC)(NC(=O)c1ccc(C2CC2)c(Cc2ccc(F)cc2)n1)C(=O)O,1
XFIIQBLOOXKLBG-UHFFFAOYSA-N,EC50,nM,146.2,CCC(CC)(NC(=O)c1ccc(C(F)(F)F)c(OCC2CCOCC2)n1)C(=O)OC,1
XJVPJOOEBRWFRK-DAFODLJHSA-N,EC50,nM,213.0,FC(F)(F)c1ccc(C=Cc2ccnc3ccc(C(c4ccc(Cl)cc4)c4ccc(Cl)cc4)cc23)cc1,1
XKNGJBBRHVEYIR-VOTSOKGWSA-N,EC50,nM,5000.0,OC(c1ccc(Cl)cc1)(c1ccc(Cl)cc1)c1ccc2nccc(C=Cc3ccccc3)c2c1,1
XOJOKBDIFSTHPN-UHFFFAOYSA-N,EC50,nM,144.0,NCCCCOc1cc(C(c2ccc(Cl)cc2)c2ccc(Cl)cc2)cc2c(NC3CCN(S(=O)(=O)C(F)(F)F)CC3)ccnc12,1
XOYKRFSIKVJPFH-UHFFFAOYSA-N,EC50,nM,5000.0,O=C(c1ccc(N2CCC(F)(F)C2)c(OCC2CC2)n1)N1CCS(=O)(=O)CC1,1
XOYQWIDRMANBKH-UHFFFAOYSA-N,EC50,nM,268.1,CN(C(=O)c1ccc(C2CC2)c(Cc2ccc(F)cc2)n1)C(C)(C)C,1
XQMHTSPYUXOJTE-UHFFFAOYSA-N,EC50,nM,300.0,Cc1ccc(Nc2cc(=O)[nH]c3ccc(C(c4ccc(Cl)cc4)c4ccc(Cl)cc4)cc23)cn1,1
XQMNDXYWGKUMMM-UHFFFAOYSA-N,EC50,nM,242.0,O=C(O)CCC(=O)N1CCC(Nc2cc(=O)[nH]c3ccc(C(c4ccc(Cl)cc4)c4ccc(Cl)cc4)cc23)CC1,1
XUSRDVQRAPSBSI-UHFFFAOYSA-N,EC50,nM,967.0,NC(=O)Cn1c(=O)cc(NC2CCN(S(=O)(=O)C(F)(F)F)CC2)c2cc(C(c3ccc(Cl)cc3)c3ccc(Cl)cc3)ccc21,1
XYAPUEFATSWNCV-UHFFFAOYSA-N,EC50,nM,103.0,CC(C)(C)OC(=O)CCN1CCC(Nc2cc(=O)[nH]c3ccc(C(c4ccc(Cl)cc4)c4ccc(Cl)cc4)cc23)CC1,1
XYSBXQKVIGOOPR-UHFFFAOYSA-N,EC50,nM,63.0,O=c1cc(NC2CCN(S(=O)(=O)c3cccc(F)c3)CC2)c2cc(C(c3ccc(Cl)cc3)c3ccc(Cl)cc3)ccc2[nH]1,1
XZBWAKUKMRWBNR-UHFFFAOYSA-N,EC50,nM,10.0,O=c1cc(NC2CCN(S(=O)(=O)C(F)(F)F)CC2)c2cc(C(c3ccc(Cl)cc3)c3ccc(Cl)cc3)cc(Br)c2[nH]1,1
XZOHJYRAQOZUAV-UHFFFAOYSA-N,EC50,nM,5000.0,O=C(c1ccc(C2CC2)c(OCC2CC2)n1)N1CC(O)(C(F)(F)F)C1,1
YBUFHINHMWCZOQ-UHFFFAOYSA-N,EC50,nM,408.0,CC1(C)COCN1C(=O)c1ccc(C2CC2)c(Cc2ccc(F)cc2)n1,1
YDMYBFCDXSQZMZ-UHFFFAOYSA-N,EC50,nM,5000.0,CC(C)(C)OC(=O)N1CCC2(CCCN2C(=O)c2ccc(N3CC(F)(F)C3)c(OCC3CC3)n2)CC1,1
YECZGIOWFKPXMM-UHFFFAOYSA-N,EC50,nM,5000.0,Cc1nc(C2(NC(=O)c3ccc(C4CC4)c(OCc4ccccn4)n3)CCC2)no1,1
YGOJUHNGHSCKBP-UHFFFAOYSA-N,EC50,nM,739.2,Cc1nc(C(C)(C)NC(=O)c2ccc3c(n2)CC(C)(C)CC3)no1,1
YHQMYQZVZSFUFW-UHFFFAOYSA-N,EC50,nM,11.0,O=c1cc(Nc2ccc(Cl)c(F)c2)c2cc(C(c3ccc(Cl)cc3)c3ccc(Cl)cc3)ccc2[nH]1,1
YISFBFBOBXSWNA-UHFFFAOYSA-N,EC50,nM,5000.0,CC(C)(NC(=O)c1ccc(N2CCCC2=O)c(OCC2CC2)n1)c1ncco1,1
YJQRIXQJAGCBRV-UHFFFAOYSA-N,EC50,nM,5000.0,O=C(NCc1ccccn1)c1ccc(N2CC(F)(F)C2)c(OCC2CC2)n1,1
YLLXEQXOWQTGDY-UHFFFAOYSA-N,EC50,nM,92.0,O=C(O)CCCCCOc1cc(NC2CCN(S(=O)(=O)C(F)(F)F)CC2)c2cc(C(c3ccc(Cl)cc3)c3ccc(Cl)cc3)ccc2n1,1
YMFFXFAZPKRCHY-UHFFFAOYSA-N,EC50,nM,5000.0,CN(C(=O)c1ccc(N2CC(F)(F)C2)c(OCC2CC2)n1)C(C)(C)COC(=O)c1ccc(N2CC(F)(F)C2)c(OCC2CC2)n1,1
YMOMWXOPNFGRCO-UHFFFAOYSA-N,EC50,nM,5000.0,CC(C)(NC(=O)c1ccc(N2CC(F)(F)C2)c(OCC(F)(F)F)n1)c1nccs1,1
YNUIAJKNNXIMEQ-UHFFFAOYSA-N,EC50,nM,100.0,COc1cc(C(c2ccc(Cl)cc2)c2ccc(Cl)cc2)cc2c(NC3CCN(S(=O)(=O)C(F)(F)F)CC3)ccnc12,1
YOIQYIPJZIOKOX-UHFFFAOYSA-N,EC50,nM,5000.0,O=C(O)c1ccc(Nc2cc(=O)[nH]c3ccc(C(c4ccc(Cl)cc4)c4ccc(Cl)cc4)cc23)cc1,1
YQBCNOJHSPFHPI-UHFFFAOYSA-N,EC50,nM,5000.0,CCC(CC)(NC(=O)c1cccc(-c2ccc(Cl)cc2)n1)C(=O)NC,1
YRQNYCZXLLIGQU-UHFFFAOYSA-N,EC50,nM,5000.0,Cc1nc(C(C)(C)NC(=O)c2ccc(N3CC(F)(F)C3)c(OCC3CC3)n2)no1,1
YRUGBTOSYHSDSR-UHFFFAOYSA-N,EC50,nM,5000.0,CCC(CC)(NC(=O)c1ccc(C2CC2)c(-c2cccc(Cl)c2)n1)C(=O)NC,1
YRZMKDVUWVUNBV-UHFFFAOYSA-N,EC50,nM,5000.0,Cc1nc(C(C)(C)NC(=O)c2ccc(N3CCC34COC4)c(OCC3CC3)n2)no1,1
YUFHOAOASPUTSX-UHFFFAOYSA-N,EC50,nM,5000.0,CCC(CC)(NC(=O)c1ccc(C2CC2)c(OCC2CC2)n1)C(=O)NC,1
ZBZMGHDIAHPNPA-UHFFFAOYSA-N,EC50,nM,5000.0,CNC(=O)CN(C(=O)c1ccc(N2CC(F)(F)C2)c(OCC2CC2)n1)C(C)(C)C,1
ZBZZGDPXELZQMT-UHFFFAOYSA-N,EC50,nM,5000.0,CCC(CC)(NC(=O)c1ccc(OC)c(-c2cccc(Cl)c2)n1)C(=O)NC,1
ZELGEEWDZNQYLI-UHFFFAOYSA-N,EC50,nM,228.0,COCCn1c(=O)cc(NC2CCN(S(=O)(=O)C(F)(F)F)CC2)c2cc(C(c3ccc(Cl)cc3)c3ccc(Cl)cc3)ccc21,1
ZFWNPMOEEDVZAR-UHFFFAOYSA-N,EC50,nM,5000.0,CC1(C)COCN1C(=O)c1ccc(OCC2CC2)c(Cl)n1,1
ZGJMTTXRUKBAEP-UHFFFAOYSA-N,EC50,nM,6999.55,O=S(=O)(N1CCC(Nc2ccnc3c(NC4CCN(S(=O)(=O)C(F)(F)F)CC4)cc(C(c4ccc(Cl)cc4)c4ccc(Cl)cc4)cc23)CC1)C(F)(F)F,1
ZHMADLCQBGHBMF-UHFFFAOYSA-N,EC50,nM,5000.0,COCCOc1nc(C(=O)NC(C)(C)c2noc(C)n2)ccc1C1CC1,1
ZISPKNCFJPEARQ-UHFFFAOYSA-N,EC50,nM,5000.0,CCC(CC)(NC(=O)c1ccc(N2CC(F)(F)C2)c(OCC2CC2)n1)C(=O)O,1
ZIXCQNXYNUWOLG-UHFFFAOYSA-N,EC50,nM,5000.0,CC(C)(NC(=O)c1ccc(Cl)c(-c2cccc(Cl)c2)n1)c1ncco1,1
ZLJDNMDISYGCQY-UHFFFAOYSA-N,EC50,nM,5000.0,CC1(C)C(=O)NCCN1C(=O)c1ccc(N2CC(F)(F)C2)c(OCC2CC2)n1,1
ZMJKWULWPVETRU-UHFFFAOYSA-N,EC50,nM,121.0,COc1cc(NC2CCN(S(=O)(=O)C(F)(F)F)CC2)c2cc(C(c3ccc(Cl)cc3)c3ccc(Cl)cc3)cc(Br)c2n1,1
ZNPUWMKNYQOMQZ-UHFFFAOYSA-N,EC50,nM,336.9,Cc1nc(C(C)(C)NC(=O)c2cccc(-c3ccc(F)c(Cl)c3)n2)no1,1
ZPJDPNRYHNPEJJ-UHFFFAOYSA-N,EC50,nM,2478.0,O=C(O)Cc1ccc(Nc2cc(=O)[nH]c3ccc(C(c4ccc(Cl)cc4)c4ccc(Cl)cc4)cc23)cc1,1
ZPNRAEKTHGIQPK-UHFFFAOYSA-N,EC50,nM,5000.0,O=C(NN1CCCCC1)c1ccc(C2CC2)c(OCC2CC2)n1,1
ZPQNKTKDFAUCQU-UHFFFAOYSA-N,EC50,nM,5000.0,CC(C)(NC(=O)c1cccc(-c2cccc(Cl)c2)n1)c1nccs1,1
ZQAYPFCIJSYLBD-UHFFFAOYSA-N,EC50,nM,5000.0,CCC(CC)(NC(=O)c1ccc(Cl)c(OCC2CC2)n1)C(=O)NC,1
ZQSUGNRJCYCBNI-UHFFFAOYSA-N,EC50,nM,5000.0,CC1(C)CCCN1C(=O)c1ccc(OCC2CC2)c(Cl)n1,1
ZSDCIGBPLNGCSQ-UHFFFAOYSA-N,EC50,nM,5000.0,CCN(C)C(=O)C(CC)(CC)NC(=O)c1ccc(C2CC2)c(OCC2CC2)n1,1
ZTHXXASCXYVZDU-UHFFFAOYSA-N,EC50,nM,5000.0,Cc1cc(C(C)(C)NC(=O)c2cccc(-c3cccc(Cl)c3)n2)on1,1
ZZWNOXVAJZKUTB-UHFFFAOYSA-N,EC50,nM,5000.0,CC1(COc2nc(C(=O)NC3(c4nccs4)COC3)ccc2Br)COC1,1
AQWDNHQURKZWRU-UHFFFAOYSA-N,Ki,nM,20000.0,COc1ccc2c(c1)OC(C)(C)c1cn(CCN3CCN(C(=O)c4ccco4)CC3)nc1-2,1
ARDNEOGSWZAOQZ-PRKHVJKDSA-N,Activity,%,35.0,CC12CCC(C1)C(C)(C)C2NC(=O)c1nn(-c2ccc(Cl)cc2Cl)c2c1CCc1cc(C3CC3)ccc1-2,1
ARLQGGVYTDFMOP-UHFFFAOYSA-N,Ki,nM,1584.0,O=C(NCc1ccc(F)cc1)c1c(O)c2cc(-c3ccco3)ccc2n(CCCCO)c1=O,1
ASWMCAIPTDHYOI-UHFFFAOYSA-N,Activity,%,103.0,Cc1ccc(C(=O)NC(=S)Nc2ccc(S(=O)(=O)NC(C)(C)C)cc2)cc1,1
AWJBWNUUODWOKQ-UHFFFAOYSA-N,Activity,%,38.5,Cn1cnc2ncn(Cc3nc(CCc4ccc(Cl)cc4)no3)c(=O)c21,1
AXSXIRVCEMNWEV-UHFFFAOYSA-N,Activity,%,78.0,CCCCc1ccc(NS(=O)(=O)c2ccc(NC(=S)NC(=O)c3ccc(-c4ccccc4)cc3)cc2)cc1,1
AZSDHWFPKGACIF-UHFFFAOYSA-N,Activity,%,91.0,O=C(NC(=S)Nc1ccc(S(=O)(=O)NCc2ccc(F)cc2)cc1)c1ccc(-c2ccccc2)cc1,1
BDZJIXFHXRVQQJ-UHFFFAOYSA-N,Ki,nM,20000.0,COc1ccc2c(c1)OC(C)(C)c1cn(CCN3CCN(C(=O)COc4ccccc4)CC3)nc1-2,1
BFBVSDYKRDBSFJ-PFEQFJNWSA-N,Inhibition,%,12.6,Cc1cccc(C)c1OCCOCCNC(C)CO.Cl,1
BGGQKGCORMACNA-UHFFFAOYSA-N,Ki,nM,5000.0,CCCCCn1c(=O)c(C(=O)NC23CC4CC(CC(C4)C2)C3)c(O)c2cc(C(C)C)c(F)cc21,1
BJLCJASKWHITMG-UHFFFAOYSA-N,Ke,nM,3.6,Cc1c(C(=O)NC2CCN(C(=O)C3CCCC3)CC2)nn(-c2ccc(Cl)cc2Cl)c1-c1ccc(Cl)cc1,1
BTFYPKAHJNXBRG-UHFFFAOYSA-N,Activity,%,35.0,CC1(C)C2CCC(CNC(=O)c3nn(-c4ccc(Cl)cc4Cl)c4c3CCc3cc(C5CC5)ccc3-4)C1C2,1
CHHUFFBCNAMVKC-UHFFFAOYSA-N,Ki,nM,1172.0,CCCCCn1cc(C(=O)NC23CC4CC(CC(C4)C2)C3)c(=O)n2nc(-c3ccco3)nc12,1
CLTGOAWMYNKVSP-UHFFFAOYSA-N,Kieq,nM,1895.0,O=C(NC12CC3CC(CC(C3)C1)C2)c1cn(CCN2CCS(=O)(=O)CC2)c2cc(F)ccc2c1=O,1
CLYGMVYIBJKKDQ-UHFFFAOYSA-N,Ki,nM,5000.0,CCCCCn1cc(C(=O)NC2CCCCCC2)c(=O)n2nc(N3CCN(C)CC3)nc12,1
COPNRAOMEDCZJZ-UHFFFAOYSA-N,Ki,nM,11.0,CCCCCn1c(=O)c(C(=O)NC23CC4CC(CC(C4)C2)C3)cc2cc(C(C)C)ccc21,1
DKXALUWKQJKLPW-UHFFFAOYSA-N,Activity,%,35.0,O=C(NN1CCCC1)c1nn(-c2ccc(Cl)cc2Cl)c2c1ccc1cc(C3CC3)ccc12,1
DLOWJWOKMXVBPB-UHFFFAOYSA-N,Ke,nM,0.67,Cc1c(C(=O)NC2CCN(C(=O)C(F)(F)F)CC2)nn(-c2ccc(Cl)cc2Cl)c1-c1ccc(Cl)cc1,1
DPOYJPWOCHCMJG-UHFFFAOYSA-N,Ki,nM,20000.0,COc1ccc2c(c1)OC(C)(C)c1cnn(CNC(=O)CN3CCN(c4ccccc4)CC3)c1-2,1
DSKWIRCAHMRWBG-SMGHXYRUSA-N,Activity,%,35.0,CC12CCC(C1)C(C)(C)C2NC(=O)c1nn(-c2ccc(Cl)cc2Cl)c2c1ccc1cc(C3CC3)ccc12.Cl,1
DXHUAQFMQWIMBW-SVANQLSFSA-N,Activity,%,35.0,CC12CCC(C1)C(C)(C)C2NC(=O)c1nn(-c2ccc(Cl)cc2Cl)c2c1Cc1cc(C3CC3)ccc1-2,1
DYHLCADQPGGYMW-UHFFFAOYSA-N,EC50,nM,9.1,Cc1ccccc1N1CCN(CCCNC(=O)Oc2cccc3ccccc23)CC1.Cl,1
FCKSNYURLYLZSG-UHFFFAOYSA-N,Ki,nM,5000.0,CCCCCn1cc(C(=O)NC2CCCCC2)c(=O)n2nc(-c3ccc(C)cc3)nc12,1
FLQRGJSVWIUPPP-UHFFFAOYSA-N,Ki,nM,5000.0,CCCCCn1cc(C(=O)NC23CC4CC(CC(C4)C2)C3)c(=O)n2nc(-c3cccnc3)nc12,1
FRRVFNCOFZZDMX-UHFFFAOYSA-N,Ki,nM,5000.0,C=CCN(CC=C)c1nc2n(CCCCC)cc(C(=O)NC3CCCCC3)c(=O)n2n1,1
FSTDWJMZWDTNAI-UHFFFAOYSA-N,Ki,nM,159.0,CCCCCn1c(=O)c(C(=O)NCc2ccc(OC)cc2)c(O)c2cc(-c3cccs3)ccc21,1
GGNOURYPUNZEOQ-HNNXBMFYSA-N,Inhibition,%,15.0,Cc1cc(Cl)c(OCCO)cc1NC(=O)C1=CNC(=O)CC1c1ccc(F)cc1,1
GQJLNTYAYWLNFG-UHFFFAOYSA-N,Ke,nM,212.0,Cc1c(C(=O)NC2CCN(C(=O)Oc3ccc([N+](=O)[O-])cc3)CC2)nn(-c2ccc(Cl)cc2Cl)c1-c1ccc(Cl)cc1,1
GWEVBIZRNGLDKU-UHFFFAOYSA-N,Ki,nM,8.7,CCCCCn1c2c(c(O)c(C(=O)NC34CC5CC(CC(C5)C3)C4)c1=O)CCCC2,1
HAABFBIZZCRWSI-UHFFFAOYSA-N,EC50,nM,40.0,O=C(NCCCCN1CCN(c2cccc(Cl)c2Cl)CC1)Oc1ccccc1,1
HCEQRQFUJFEIJQ-UHFFFAOYSA-N,EC50,nM,5000.0,O=C(NCCc1ccc(N2CCCCC2)cc1)c1[nH]c2ccc(Cl)cc2c1CCN=C=S,1
HLXNVPNDEUWPNO-UHFFFAOYSA-N,Activity,%,35.0,O=C(NN1CCOCC1)c1nn(-c2ccc(Cl)cc2Cl)c2c1Cc1cc(C3CC3)ccc1-2,1
HPKWJGIAHBJWCT-UHFFFAOYSA-N,Ki,nM,904.5,COc1c(Cc2ccc(F)cc2)cc(-c2ccccc2)cc1C(=O)NC1CCCCCC1,1
HQMXFSNYNCBHGR-UHFFFAOYSA-N,Ki,nM,1557.0,COc1c(Cc2ccccc2)cc(-c2ccccc2)cc1C(=O)NC1CCCCCC1,1
HWMSHCFWZKEFNB-UHFFFAOYSA-N,Activity,%,102.0,Cc1ccc(CNS(=O)(=O)c2ccc(NC(=S)NC(=O)c3ccc(-c4ccccc4)cc3)cc2)cc1,1
HZYDVZUAVCDVOP-UHFFFAOYSA-N,Ki,nM,488.0,CCCCCn1cc(C(=O)NC2CCCCC2)c(=O)n2nc(C)nc12,1
IEBDUSKHJNOFNQ-UHFFFAOYSA-N,EC50,nM,5000.0,O=C(Nc1ccc(C(=O)c2ccccc2)cc1)Nc1cccc(-c2cccc(N3CCCC3)n2)c1,1
IFDYWIXRGSOWLQ-UHFFFAOYSA-N,Kieq,nM,1245.0,CCCCCn1c(=O)c(C(=O)NC23CC4CC(CC(C4)C2)C3)c(O)c2cc(C(C)C)ccc21,1
IWKRBYQJADSGPC-UHFFFAOYSA-N,Ki,nM,5000.0,CCCCCn1cc(C(=O)NC2CCCCC2)c(=O)n2nc(N(C)Cc3ccccc3)nc12,1
JJHMNMIZOHGQLG-UHFFFAOYSA-N,EC50,nM,64.0,[N-]=[N+]=NCCc1c(C(=O)NCCc2ccc(N3CCCCC3)cc2)[nH]c2ccc(Cl)cc12,1
JNBUHFRZFFTKQK-UHFFFAOYSA-N,Ke,nM,9.1,CCCCC(=O)N1CCC(NC(=O)c2nn(-c3ccc(Cl)cc3Cl)c(-c3ccc(Cl)cc3)c2C)CC1,1
JOSMOLAITDLVKX-UHFFFAOYSA-N,Activity,%,98.0,CC(=O)NS(=O)(=O)c1ccc(NC(=S)NC(=O)c2ccc(C(C)C)cc2)cc1,1
JQQJYXHLHWEBFQ-MHXTWFNFSA-N,Activity,%,35.0,CC12CCC(C1)C(C)(C)C2NC(=O)c1nn(-c2ccc(Cl)cc2Cl)c2c1Cc1cc(C3CCCCC3)ccc1-2,1
KETMMCIOZHJPQM-UHFFFAOYSA-N,Activity,%,35.0,O=C(NC12CC3CC(CC(C3)C1)C2)c1nn(-c2ccc(Cl)cc2Cl)c2c1Cc1cc(C3CC3)ccc1-2,1
KSSHZHBGLVRIMT-UHFFFAOYSA-N,Activity,%,91.0,CCCNS(=O)(=O)c1ccc(NC(=S)NC(=O)c2ccc(-c3ccccc3)cc2)cc1,1
KUPVTLMSTWBDHH-UHFFFAOYSA-N,Ki,nM,6111.0,CCCCc1cc(-c2ccc(F)cc2)cc(C(=O)NC2CCCCCC2)c1OC,1
KZJDOQZRHKPWRO-UHFFFAOYSA-N,Activity,%,35.0,O=C(NN1CCCCC1)c1nn(-c2ccc(Cl)cc2Cl)c2c1Cc1cc(C3CCCCC3)ccc1-2,1
LAVRGFYZHOYEFU-UHFFFAOYSA-N,EC50,nM,28.2,[N-]=[N+]=Nc1ccc(NC(=O)Nc2cccc(-c3cccc(N4CCCC4)n3)c2)cc1,1
LICOFLCBNMBWFT-UHFFFAOYSA-N,Ki,nM,5000.0,CCCCCn1cc(C(=O)NC23CC4CC(CC(C4)C2)C3)c(=O)n2nc(N3CCOCC3)nc12,1
LLUSLQOHYIRJHX-UHFFFAOYSA-N,Inhibition,%,25.0,O=C1Cc2cc(S(=O)(=O)NNc3ccc(Br)cc3)ccc2N1,1
LPJCPRFQXVCSKU-UHFFFAOYSA-N,EC50,nM,330.0,Cl.O=C(NCCCCN1CCN(c2cccc(Cl)c2Cl)CC1)Oc1ccc(C(=O)O)c2ccccc12,1
LQNPWLVTDAGCTJ-UHFFFAOYSA-N,Activity,%,96.0,CN(C)S(=O)(=O)c1ccc(NC(=S)NC(=O)c2ccc(-c3ccccc3)cc2)cc1,1
LSVGIQPOZIMKHQ-UHFFFAOYSA-N,Ki,nM,622.0,CCCCCn1cc(C(=O)NC23CC4CC(C)(CC(C)(C4)C2)C3)c(=O)n2ncnc12,1
LWAHFNHCMULQGH-UHFFFAOYSA-N,Ke,nM,7.0,Cc1c(C(=O)NC2CCN(C(=O)c3ccccc3)CC2)nn(-c2ccc(Cl)cc2Cl)c1-c1ccc(Cl)cc1,1
LYUGXUOIDYDSCA-UHFFFAOYSA-N,Ke,nM,59.0,COC(=O)N1CCC(NC(=O)c2nn(-c3ccc(Cl)cc3Cl)c(-c3ccc(Cl)cc3)c2C)CC1,1
MELPQKYOKCNEFX-UHFFFAOYSA-N,EC50,nM,270.0,Cl.NC(=O)c1ccc(OC(=O)NCCCCN2CCN(c3cccc(Cl)c3Cl)CC2)c2ccccc12,1
MOSPGCNMZMLMON-UHFFFAOYSA-N,Activity,%,93.0,COc1ccc(C(=O)NC(=S)Nc2ccc(S(=O)(=O)NC(C)C)cc2)cc1,1
MUGFMAHJBSPZPI-UHFFFAOYSA-N,Ki,nM,20000.0,COc1ccc2c(c1)OC(C)(C)c1cn(CNC(=O)CN3CCN(c4ccccc4)CC3)nc1-2,1
MWXSRLLXUSHOED-UHFFFAOYSA-N,Ki,nM,653.0,CCCCCn1cc(C(=O)NC23CC4CC(C)(CC(C)(C4)C2)C3)c(=O)n2nc(-c3ccccc3)nc12,1
NDPSHCXYYXWNFI-UHFFFAOYSA-N,Kieq,nM,108.0,CCCCCn1c(=O)c(C(=O)NC23CC4CC(CC(C4)C2)C3)c(O)c2ccccc21,1
NGJPSXGANYOABW-UHFFFAOYSA-N,Ke,nM,2198.0,Cc1c(C(=O)NC2CCN(C(=O)CN(C)C)CC2)nn(-c2ccc(Cl)cc2Cl)c1-c1ccc(Cl)cc1,1
NGWXKAIBJDEUIY-UHFFFAOYSA-N,Activity,%,35.0,O=C(c1nn(-c2ccc(Cl)cc2Cl)c2c1ccc1cc(C3CC3)ccc12)N1CCCCC1,1
NHAXEIJCSQLMSA-UHFFFAOYSA-N,Activity,%,35.0,O=C(NN1CCCCC1)c1nn(-c2ccc(Cl)cc2Cl)c2c1ccc1cc(C3CC3)ccc12,1
NHTUEHUHBYQRRF-UHFFFAOYSA-N,Ki,nM,717.0,CC(C)c1cc2c(=O)c(C(=O)NC34CC5CC(CC(C5)C3)C4)cn(CCN(C)C)c2cc1F,1
NMBFEWCMSLJPST-UHFFFAOYSA-N,Ki,nM,5000.0,CCCCCn1cc(C(=O)NC23CC4CC(CC(C4)C2)C3)c(=O)n2nc(SC)nc12,1
NNZFCNDPCUOJDB-UHFFFAOYSA-N,Ki,nM,5000.0,C=CCN(CC=C)c1nc2n(CCCCC)cc(C(=O)NC34CC5CC(CC(C5)C3)C4)c(=O)n2n1,1
NPZNCYZCJITRAG-UHFFFAOYSA-N,Activity,%,35.0,Cl.O=C(NN1CCCCC1)c1nn(-c2ccc(Cl)cc2Cl)c2c1CCc1cc(C3CC3)ccc1-2,1
NQQIJZIHAZRSIB-UHFFFAOYSA-N,Kieq,nM,5000.0,CC(C)c1ccc2c(c1)c(=O)c(C(=O)NC13CC4CC(CC(C4)C1)C3)cn2CCN1CCS(=O)(=O)CC1,1
NWYQOUCXQXIWBJ-UHFFFAOYSA-N,Ki,nM,829.0,O=C(NCC1CCCCC1)c1c(O)c2ccccc2n(CCCCO)c1=O,1
ODDARODPWQQOLN-UHFFFAOYSA-N,Ke,nM,18.7,CCS(=O)(=O)N1CCC(NC(=O)c2nn(-c3ccc(Cl)cc3Cl)c(-c3ccc(Cl)cc3)c2C)CC1,1
OGCYKMRKHKZCCI-UHFFFAOYSA-N,Ki,nM,20000.0,COc1ccc(N2CCN(CC(=O)NCn3ncc4c3-c3ccc(OC)cc3OC4(C)C)CC2)cc1,1
OIZGQXOLVFAPHD-UHFFFAOYSA-N,Ki,nM,5849.0,CCCCCn1cc(C(=O)NC2CCCCC2)c(=O)n2nc(-c3ccc(OC)cc3)nc12,1
OMNFAFXJJUAYRX-UHFFFAOYSA-N,Ki,nM,20000.0,COc1ccc2c(c1)OC(C)(C)c1cnn(CCN3CCN(C(=O)c4cccs4)CC3)c1-2,1
ONNYOTOLIHXYQX-DLBZAZTESA-N,Inhibition,%,6.0,C=C(C)C1CCC(C)=CC1c1c(O)cc(CCn2ccnn2)cc1O,1
PADINLGCHXLCDA-UHFFFAOYSA-N,Kieq,nM,5000.0,COCCOCn1cc(C(=O)NC23CC4CC(CC(C4)C2)C3)c(=O)c2cc(C(C)C)ccc21,1
PAIKGWIYUGPDOR-UHFFFAOYSA-N,Activity,%,96.0,CC(=O)NS(=O)(=O)c1ccc(NC(=S)NC(=O)c2cccc3ccccc23)cc1,1
PBWANSOKWDCRQK-UHFFFAOYSA-N,Ki,nM,2831.0,COc1c(Cc2ccc(F)cc2)cc(-c2ccc(F)cc2)cc1C(=O)NC1CCCCCC1,1
PHFQICBZDOOQMA-UHFFFAOYSA-N,Ki,nM,5000.0,CCCCCn1cc(C(=O)NC2CCCCC2)c(=O)n2nc(N3CCOCC3)nc12,1
PJXTUEAYKNCWFN-UHFFFAOYSA-N,EC50,nM,310.0,Cl.O=C(NCCCCN1CCN(c2cccc(Cl)c2Cl)CC1)Oc1cccc2c1OCCO2,1
PMYUWRFWLFRQKQ-UHFFFAOYSA-N,Ke,nM,292.0,Cc1c(C(=O)NC2CCN(S(=O)(=O)C3CC3)CC2)nn(-c2ccc(Cl)cc2Cl)c1-c1ccc(Cl)cc1,1
PUTMHKMKVABQQZ-UHFFFAOYSA-N,Ki,nM,20000.0,COc1ccc2c(c1)OC(C)(C)c1cn(CCN3CCN(C(=O)C(C)(C)C)CC3)nc1-2,1
PZXDSEKORSHOEB-UHFFFAOYSA-N,Ki,nM,5000.0,CCCCCn1cc(C(=O)NC2CCCCCC2)c(=O)n2nc(N3CCOCC3)nc12,1
QHSJVMXTEFKMQK-UHFFFAOYSA-N,Kieq,nM,1281.0,CCCCCn1c(=O)c(C(=O)NC23CC4CC(CC(C4)C2)C3)c(O)c2ccc(F)cc21,1
QLYVLKRHUFTDIK-UHFFFAOYSA-N,Ki,nM,20000.0,COc1ccc2c(c1)OC(C)(C)c1cnn(CCN3CCN(C(=O)c4ccco4)CC3)c1-2,1
QQYMUURPGPFRCN-UHFFFAOYSA-N,Activity,%,94.0,O=C(NC(=S)Nc1ccc(S(=O)(=O)NCc2ccccc2)cc1)c1ccc(-c2ccccc2)cc1,1
QRPBGMJWBJNCHY-UHFFFAOYSA-N,Ki,nM,20000.0,COc1ccc2c(c1)OC(C)(C)c1cn(CNC(=O)CN3CCN(c4cccc(C)c4C)CC3)nc1-2,1
QRRARQIWJKGPKE-UHFFFAOYSA-N,EC50,nM,200.0,O=C(NCCCCN1CCN(c2cccc(Cl)c2Cl)CC1)Oc1cccc2[nH]ccc12,1
QRWGYTWLDZCUJD-UHFFFAOYSA-N,Activity,%,88.0,Cc1ccc(C(=O)NC(=S)Nc2ccc(S(=O)(=O)NC(C)C)cc2)c(Br)c1,1
QSRHSOXVQAPKOS-UHFFFAOYSA-N,Activity,%,94.0,O=C(NC(=S)Nc1ccc(S(=O)(=O)NCCc2c[nH]c3ccccc23)cc1)c1ccc(-c2ccccc2)cc1,1
QZEFIPVIKZTJGM-UHFFFAOYSA-N,Activity,%,94.0,C=CCNS(=O)(=O)c1ccc(NC(=S)NC(=O)c2ccc(-c3ccccc3)cc2)cc1,1
QZUSZMSVUPXOTE-UHFFFAOYSA-N,Activity,%,91.0,O=C(NC(=S)Nc1ccc(S(=O)(=O)NCc2ccco2)cc1)c1ccc(-c2ccccc2)cc1,1
RFYZJUMADTXPSQ-UHFFFAOYSA-N,Ki,nM,5216.0,CCCCCn1cc(C(=O)NC23CC4CC(CC(C4)C2)C3)c(=O)n2nc(-c3ccc(Cl)cc3)nc12,1
RIIBZAQEPLXYLW-UHFFFAOYSA-N,Ki,nM,2483.0,CCCCCn1cc(C(=O)NC2CCCCCC2)c(=O)n2nc(-c3ccccc3)nc12,1
RKPBVQRZRRSSPX-UHFFFAOYSA-N,Ki,nM,5000.0,CCCCCn1cc(C(=O)NC2CCCCC2)c(=O)n2nc(SC)nc12,1
RNBFGBOJPIEKSK-UHFFFAOYSA-N,EC50,nM,340.0,Cc1ccccc1N1CCN(CCCCNC(=O)Oc2cccc3ccccc23)CC1.Cl,1
RNIIMHBSJBMPAX-UHFFFAOYSA-N,Ki,nM,4718.0,CCCCCn1cc(C(=O)NC2CCCCC2)c(=O)n2nc(-c3ccc(Cl)cc3)nc12,1
ROZQDKPANZDCLF-UHFFFAOYSA-N,Activity,%,35.0,O=C(c1nn(-c2ccc(Cl)cc2Cl)c2c1Cc1cc(C3CC3)ccc1-2)N1CCCCC1,1
RPLCVHMJHODUMY-UHFFFAOYSA-N,Ki,nM,5000.0,CCCCCn1cc(C(=O)NC23CC4CC(CC(C4)C2)C3)c(=O)n2nc(N(C)Cc3ccccc3)nc12,1
RSHFORFJBYLIHA-UHFFFAOYSA-N,Ki,nM,20000.0,COc1ccc2c(c1)OC(C)(C)c1cnn(CNC(=O)CN3CCN(c4ccccc4OC)CC3)c1-2,1
RWIDNXYLVQGSRW-UHFFFAOYSA-N,Ki,nM,6352.0,CCCCCn1cc(C(=O)NC2CCCCCC2)c(=O)n2nc(-c3ccc(C)cc3)nc12,1
SAVFVEFYMIPDEM-UHFFFAOYSA-N,EC50,nM,19.0,COc1ccccc1N1CCN(CCCNC(=O)Oc2cccc3ccccc23)CC1,1
SORPVYIQXKCLFK-UHFFFAOYSA-N,Ki,nM,5000.0,COc1ccc(CNC(=O)c2c(O)c3cc(-c4cccs4)ccc3n(CCCCO)c2=O)cc1,1
SSTRKMSFTVOWMP-UHFFFAOYSA-N,Ki,nM,1859.0,CCCCc1cc(-c2ccccc2)cc(C(=O)NC2CCCCCC2)c1OC,1
SWXODZQWCCNKFU-UHFFFAOYSA-N,Ke,nM,4.3,Cc1c(C(=O)NC2CCN(S(=O)(=O)CCC(F)(F)F)CC2)nn(-c2ccc(Cl)cc2Cl)c1-c1ccc(Cl)cc1,1
TUBKEUCTRHMCLI-RBUKOAKNSA-N,Inhibition,%,19.0,C=C(C)C1CCC(C)=CC1c1c(O)cc(CC2CN(C(=O)OCC)C2)cc1O,1
UBONXKDRGHQECY-UHFFFAOYSA-N,Ki,nM,20000.0,COc1ccc2c(c1)OC(C)(C)c1cn(CCN3CCN(C(=O)C4CCCO4)CC3)nc1-2,1
UDBZOJOCSPLOHN-UHFFFAOYSA-N,Ki,nM,3723.0,CCCCCn1cc(C(=O)NC23CC4CC(CC(C4)C2)C3)c(=O)n2nc(-c3ccc(OC)cc3)nc12,1
UDODNEIIAQUSRZ-UHFFFAOYSA-N,Activity,%,35.0,O=C(NN1CCCC1)c1nn(-c2ccc(Cl)cc2Cl)c2c1Cc1cc(C3CCCCC3)ccc1-2,1
UHPNIGPNFQMNSV-UHFFFAOYSA-N,EC50,nM,20.0,CCCOC(=O)N1CCC(NC(=O)c2nn(-c3ccc(Cl)cc3Cl)c(-c3ccc(Cl)cc3)c2C)CC1,1
UIIHDWBTJXGJBH-UHFFFAOYSA-N,EC50,nM,28.2,CCc1c(C(=O)NCCc2ccc(N3CCCCC3)cc2)[nH]c2ccc(N=[N+]=[N-])cc12,1
UJOZELUXKWKUGS-UHFFFAOYSA-N,Activity,%,35.0,O=C(NN1CCCCC1)c1nn(-c2ccc(Cl)cc2Cl)c2c1Cc1cc(C3CC3)ccc1-2,1
UJVPRUIRHMYRRV-UHFFFAOYSA-N,Ki,nM,11.0,CCCCCCC(C)(C)c1cc(O)c(C2CCCCC2)c(O)c1,1
UNNHLKIQXRDAHR-UHFFFAOYSA-N,Ke,nM,88.0,CCCCOC(=O)N1CCC(NC(=O)c2nn(-c3ccc(Cl)cc3Cl)c(-c3ccc(Cl)cc3)c2C)CC1,1
UPBABYTUWFYDNC-UHFFFAOYSA-N,EC50,nM,42.9,O=C(Nc1ccc(N=C=S)cc1)Nc1cccc(-c2cccc(N3CCCC3)n2)c1,1
USQOVYLRWBOSQC-HNNXBMFYSA-N,Activity,%,38.1,CCCCCCNC(=O)Oc1cccc(-c2ccc(C(C)C(=O)O)cc2F)c1,1
VCENJVOGTFFANG-UHFFFAOYSA-N,Activity,%,98.0,O=C(NCCc1ccccc1)c1ccc(NC(=S)NC(=O)c2ccc(-c3ccccc3)cc2)cc1,1
VFFXUCXUGNMFGM-UHFFFAOYSA-N,Activity,%,95.0,O=C(NC(=S)Nc1ccc(S(=O)(=O)Nc2ccccc2)cc1)c1ccc(-c2ccccc2)cc1,1
VKMGZUWZQPKSFY-UHFFFAOYSA-N,Ki,nM,615.0,C=CCc1ccc(O)c(-c2ccc(OCCCC)c(CC=C)c2)c1,1
VNHMVXGWVQNAGP-UHFFFAOYSA-N,Ki,nM,20000.0,COc1ccc2c(c1)OC(C)(C)c1cnn(CCN3CCN(C(=O)c4ccccc4)CC3)c1-2,1
VNPHKYHYGSWGCX-UHFFFAOYSA-N,Ki,nM,471.0,CCCCCn1cc(C(=O)NC23CC4CC(CC(C4)C2)C3)c(=O)n2nc(C)nc12,1
VNZDAULKMAFJLM-UHFFFAOYSA-N,Activity,%,119.0,NS(=O)(=O)c1ccc(NC(=S)NC(=O)c2ccc(-c3ccccc3)cc2)cc1,1
VPTROEDHDNXYHP-UHFFFAOYSA-N,Ki,nM,20000.0,COc1ccc2c(c1)OC(C)(C)c1cn(CCN3CCN(C(=O)c4cccs4)CC3)nc1-2,1
VWVIOABMCXYUAS-RBUKOAKNSA-N,Inhibition,%,13.0,C=C(C)C1CCC(C)=CC1c1c(O)cc(CC2CN(C(C)=O)C2)cc1O,1
VZKJWIXECZKRDW-UHFFFAOYSA-N,Activity,%,99.0,COc1ccc(CNS(=O)(=O)c2ccc(NC(=S)NC(=O)c3ccc(-c4ccccc4)cc3)cc2)cc1,1
WAABWAULWVMNQT-UHFFFAOYSA-N,Ki,nM,5000.0,CCCCCn1cc(C(=O)NC2CCCCC2)c(=O)n2nc(N3CCN(C)CC3)nc12,1
WEPKFXLEEGTYON-UHFFFAOYSA-N,EC50,nM,4.4,Cl.O=C(NCCCCN1CCN(c2cccc(Cl)c2Cl)CC1)Oc1cccc2[nH]cnc12,1
WFZUFOYTXBFJDY-UHFFFAOYSA-N,Kieq,nM,5000.0,COCCOCn1cc(C(=O)NC23CC4CC(CC(C4)C2)C3)c(=O)c2ccc(F)cc21,1
WIPAPINPNZHXBZ-UHFFFAOYSA-N,Activity,%,91.0,CN1CCN(S(=O)(=O)c2ccc(NC(=S)NC(=O)c3ccc(-c4ccccc4)cc3)cc2)CC1,1
WREPPILXFJFKRQ-UHFFFAOYSA-N,Ki,nM,1519.0,CCCCCn1cc(C(=O)NC23CC4CC(CC(C4)C2)C3)c(=O)n2nc(-c3ccc(C)cc3)nc12,1
WYHYTNRLMPMNMY-UHFFFAOYSA-N,Ke,nM,45.8,Cc1c(C(=O)NC2CCN(S(=O)(=O)c3ccccc3)CC2)nn(-c2ccc(Cl)cc2Cl)c1-c1ccc(Cl)cc1,1
XBZJCYSGYPCDGM-UHFFFAOYSA-N,Ke,nM,20.0,Cc1c(C(=O)NC2CCN(C(=O)OC(C)C)CC2)nn(-c2ccc(Cl)cc2Cl)c1-c1ccc(Cl)cc1,1
XEMCOWRMMYXKEA-UHFFFAOYSA-N,Activity,%,91.0,C=CCN(CC=C)S(=O)(=O)c1ccc(NC(=S)NC(=O)c2ccc([N+](=O)[O-])cc2)cc1,1
XFLNEUFONDNPKF-UHFFFAOYSA-N,Kieq,nM,501.0,CN(C)CCn1cc(C(=O)NC23CC4CC(CC(C4)C2)C3)c(=O)c2ccc(F)cc21,1
XFSFFWVLTGHLIO-UHFFFAOYSA-N,Activity,%,91.0,O=C(NC(=S)Nc1ccc(S(=O)(=O)NCCc2ccccc2)cc1)c1ccc(-c2ccccc2)cc1,1
XHDDGEHNYUZKBB-UHFFFAOYSA-N,Ki,nM,3214.0,CCCCCn1cc(C(=O)NC2CCCCC2)c(=O)n2nc(-c3ccccc3)nc12,1
XIUWBZFDKMJYGN-QMNWOKLKSA-N,Activity,%,35.0,CC1(C)C2CCC1(C)C(NC(=O)c1nn(-c3ccc(Cl)cc3Cl)c3c1Cc1cc(C4CC4)ccc1-3)C2,1
XMCQHLYWPQUVEX-UHFFFAOYSA-N,Ki,nM,717.0,CCCCCn1cc(C(=O)NC2CCCCCC2)c(=O)n2ncnc12,1
XRIROGBLGLPXQI-FGZHOGPDSA-N,IC50,nM,5000.0,O=C1C(c2ccc(F)cc2)C(c2ccc3c(c2)OCO3)N1C1CCN(C(=O)n2cncn2)CC1,1
XTQMJLVUSHJRJB-UHFFFAOYSA-N,Ki,nM,5000.0,CC(C)c1ccc2c(c1)c(=O)c(C(=O)NC13CC4CC(CC(C4)C1)C3)cn2CCN(C)C,1
XYWQFPOFDNUMMA-UHFFFAOYSA-N,Ke,nM,16.0,Cc1c(C(=O)NC2CCN(C(=O)CC(C)C)CC2)nn(-c2ccc(Cl)cc2Cl)c1-c1ccc(Cl)cc1,1
XZWHYCOUQRVXMF-UHFFFAOYSA-N,Ki,nM,20000.0,COc1ccc2c(c1)OC(C)(C)c1cn(CCN3CCN(C(=O)C4CCCCC4)CC3)nc1-2,1
YCDKBLKJPZTRIS-UHFFFAOYSA-N,Ki,nM,20000.0,COc1ccc2c(c1)OC(C)(C)c1cnn(CNC(=O)CN3CCN(c4cccc(C)c4C)CC3)c1-2,1
YCTXCDDTPKHQGU-UHFFFAOYSA-N,Ki,nM,10000.0,COc1ccc(-c2cc(Cc3ccc(F)cc3)c(OC)c(C(=O)NC3CCCCCC3)c2)cc1,1
YGJBYMFKKBTXJW-UHFFFAOYSA-N,Inhibition,%,25.0,O=c1ccc(OCCCN2CCCCC2)nn1-c1ccc(Cl)c(Cl)c1,1
YIYLMDVRSNXYOT-UHFFFAOYSA-N,EC50,nM,2.09,CCc1c(C(=O)NCCc2ccc(N3CCCCC3)cc2)[nH]c2ccc(N=C=S)cc12,1
YKEYPBUZXWNTJV-UHFFFAOYSA-N,Activity,%,35.0,O=C(NN1CCCC1)c1nn(-c2ccc(Cl)cc2Cl)c2c1Cc1cc(C3CC3)ccc1-2,1
YUHMAJCXZOWEJY-UHFFFAOYSA-N,Ke,nM,9.9,Cc1c(C(=O)NC2CCN(S(=O)(=O)CC(C)C)CC2)nn(-c2ccc(Cl)cc2Cl)c1-c1ccc(Cl)cc1,1
YWBZQCLYQPYNMR-UHFFFAOYSA-N,Activity,%,98.0,O=C(NC(=S)Nc1ccc(S(=O)(=O)NCc2ccc(I)cc2)cc1)c1ccc(-c2ccccc2)cc1,1
YYSZFBQTFOSIAL-UHFFFAOYSA-N,Ki,nM,20000.0,COc1ccc2c(c1)OC(C)(C)c1cn(CCN3CCN(C(=O)c4ccccc4)CC3)nc1-2,1
ZENOLVYNRQUNLL-UHFFFAOYSA-N,Activity,%,91.0,O=C(NCc1ccccc1)c1ccc(NC(=S)NC(=O)c2ccc(-c3ccccc3)cc2)cc1,1
ZKLZJXGGGOMHIM-UHFFFAOYSA-N,Ki,nM,20000.0,COc1ccc2c(c1)OC(C)(C)c1cn(CNC(=O)CN3CCN(c4ccccc4OC)CC3)nc1-2,1
ZMVVEUZMZPEBQB-UHFFFAOYSA-N,Activity,%,84.0,O=C(NC(=S)Nc1ccc(S(=O)(=O)Nc2ccc(Cl)cc2)cc1)c1ccc(-c2ccccc2)cc1,1
ZPBPMWGVRDLURO-UHFFFAOYSA-N,Activity,%,93.0,CC(C)CNS(=O)(=O)c1ccc(NC(=S)NC(=O)c2ccc(-c3ccccc3)cc2)cc1,1
ZWGMVYVUAFOXFX-UHFFFAOYSA-N,Ki,nM,5000.0,CCCCCn1cc(C(=O)NC23CC4CC(CC(C4)C2)C3)c(=O)c2cc(C(C)C)c(F)cc21,1
AAVHYKWHFWGNRD-UHFFFAOYSA-N,EC50,nM,5000.0,NC(=O)CC1(NC(=O)c2cc(OCC(F)F)c(C3CC3)cn2)CS(=O)(=O)C1,1
AVNHLPCVJAOWMG-UHFFFAOYSA-N,IC50,nM,13810.0,O=S(=O)(NCC1CCOCC1)c1ccc(Nc2ccc(Cl)cc2Cl)cc1C(F)(F)F,1
BCQUNMHAZHYLTP-UHFFFAOYSA-N,EC50,nM,1285.8,Cc1nc(C2(NC(=O)c3cnc(N4CC(F)(F)C4)c(OCC4CC4)n3)CCC2)no1,1
BLCQCFSLZDMXMV-UHFFFAOYSA-N,EC50,nM,5000.0,Cc1nc(C2(NC(=O)c3cnc(C4CC4)c(OCC4CC4)n3)CCC2)no1,1
BWYLOZHTQILLRJ-UHFFFAOYSA-N,EC50,nM,5000.0,CC(C)(CO)NC(=O)c1cc(-c2cccc(Cl)c2)c(Cl)cn1,1
CAGQCEJXJJJFOU-UHFFFAOYSA-N,EC50,nM,5000.0,CN(C(=O)c1cc(-c2cccc(Cl)c2)ccn1)C(C)(C)C,1
CAKVQXIPCQHPSM-UHFFFAOYSA-N,EC50,nM,5000.0,O=C(NC1(CO)CCCCC1)c1cnc(N2CC(F)(F)C2)c(OCC2CC2)n1,1
CBRRLUJNELMTJJ-UHFFFAOYSA-N,EC50,nM,5000.0,Cc1csc(C2(NC(=O)c3cc(OCC(F)(F)F)c(C4CC4)cn3)CCOCC2)n1,1
CJQDLZDKTWSCGN-UHFFFAOYSA-N,EC50,nM,5000.0,CCC(CC)(NC(=O)c1cc(OCC2CC2)c(C2CC2)cn1)C(=O)NC,1
CMFBFWKYLGMDNE-UHFFFAOYSA-N,EC50,nM,892.1,CC(C)(NC(=O)c1cnc(C2CC2)c(-c2cccc(Cl)c2)n1)c1nccs1,1
CQDLOEGSPUGLEN-UHFFFAOYSA-N,EC50,nM,5000.0,CC(C)(NC(=O)c1cnc(C2CC2)c(OCC2CC2)n1)c1noc(N)n1,1
CQFCZPMCQHWFFK-UHFFFAOYSA-N,EC50,nM,874.0,CC(C)(CC(N)=O)NC(=O)c1cnc(N2CC(F)(F)C2)c(OCC2CC2)n1,1
DMTGREOSURGYPZ-UHFFFAOYSA-N,EC50,nM,5000.0,NC(=O)CC1(NC(=O)c2cc(OCC3CC3)c(N3CC(F)(F)C3)cn2)CS(=O)(=O)C1,1
FIWCMRNPANJURR-UHFFFAOYSA-N,IC50,nM,1669.0,O=S(=O)(NCC1CC1)c1ccc(NC2CCCCCCC2)cc1C(F)(F)F,1
FNQDYMCVEUXEJK-VOTSOKGWSA-N,IC50,nM,5000.0,Cc1ccc(C=CC(=O)CCC(=O)NC(CO)(CO)CO)cc1,1
FOSADYXGAZIWQI-UHFFFAOYSA-N,EC50,nM,5000.0,COC(=O)C(C)(C)NC(=O)c1cc(I)c(Cl)cn1,1
FPBGJMMSUSSBTL-UHFFFAOYSA-N,EC50,nM,5000.0,NC(=O)CC1(NC(=O)c2cc(OCC3CC3)c(N3CC(F)(F)C3)cn2)COC1,1
FSNZQFMQPKGZOB-UHFFFAOYSA-N,IC50,nM,2000.0,O=S(=O)(NCC1CC1)c1ccc(Nc2ccccc2)cc1C(F)(F)F,1
GCPFDXOLQNQCTI-UHFFFAOYSA-N,IC50,nM,6000.0,COc1cc(Nc2ccc(S(=O)(=O)NCC3CC3)cc2)cc(OC)c1,1
GGOOVBMTUAGWIU-UHFFFAOYSA-N,EC50,nM,5000.0,NC(=O)C1(NC(=O)c2cnc(N3CC(F)(F)C3)c(OCC3CC3)n2)CCCCC1,1
GTRZQCQBDURIOU-JXMROGBWSA-N,IC50,nM,5000.0,CC(=O)Nc1ccc(OC(=O)CCC(=O)C=Cc2ccccc2)cc1,1
GVWRNIWCVPLFOS-UHFFFAOYSA-N,EC50,nM,5000.0,CCN(C(=O)c1cc(OCC(F)(F)F)c(C2CC2)cn1)C(C)(C)C,1
HFFREESGKURFCO-UHFFFAOYSA-N,EC50,nM,5000.0,O=C(NC1(CO)CCCCC1)c1cc(OCC(F)(F)F)c(C2CC2)cn1,1
HFOKCAPLWDRNGS-UHFFFAOYSA-N,EC50,nM,5000.0,CCC(CC)(NC(=O)c1cc(OCC2(C)COC2)c(C2CC2)cn1)C(=O)NCCCF,1
HFVCCRXDSGFIRL-RMKNXTFCSA-N,IC50,nM,5000.0,Cc1ccc(C=CC(=O)CCC(=O)Nc2ccc(O)cc2)cc1,1
HJQBIEJQZPGVPT-UHFFFAOYSA-N,IC50,nM,34090.0,O=S(=O)(NCCN1CCOCC1)c1ccc(Nc2ccc(Cl)cc2Cl)cc1C(F)(F)F,1
IAADUNICRPGLKZ-UHFFFAOYSA-N,EC50,nM,5000.0,O=C(NCC1(CO)CCCC1)c1cc(OCC2CC2)c(Cl)cn1,1
IIHLUBXSTQWABS-UHFFFAOYSA-N,EC50,nM,5000.0,COCCC(C)(C)NC(=O)c1cnc(C2CC2)c(OCC2CC2)n1,1
IMRLDBWTVGRTPM-UHFFFAOYSA-N,IC50,nM,11380.0,COc1cc(Nc2ccc(S(=O)(=O)NCc3ccco3)c(C(F)(F)F)c2)cc(OC)c1,1
IVLALHAWSBHIRR-UHFFFAOYSA-N,IC50,nM,5540.0,O=S(=O)(NCc1ccco1)c1ccc(Nc2ccc(F)cc2F)cc1C(F)(F)F,1
JCWYXXVAWOLZCN-UHFFFAOYSA-N,EC50,nM,5000.0,CCN(C(=O)c1cc(OCC2CC2)c(C2CC2)cn1)C(C)(C)C,1
JEWOAYXYXPHPEM-UHFFFAOYSA-N,EC50,nM,5000.0,NC(=O)CC1(NC(=O)c2cc(OCC(F)(F)F)c(C3CCC3)cn2)CS(=O)(=O)C1,1
JOZYTWDCUDUIGI-UHFFFAOYSA-N,IC50,nM,5000.0,CC(=O)Nc1ccc(OC(=O)CCC(=O)Nc2cccc3ccccc23)cc1,1
JZJWCGGIXXUKPO-UHFFFAOYSA-N,EC50,nM,3320.4,O=C(NC1(CO)CCC1)c1cnc(C2CC2)c(OCC2CC2)n1,1
KIIVDCMVGMHQLJ-CMDGGOBGSA-N,IC50,nM,5000.0,CCOC(=O)CNC(=O)C=Cc1ccccc1,1
LGQFOUYDVWEHMQ-GDJIYFAZSA-N,IC50,nM,3370.0,CCCCCCC(C)(C)c1cc(OC)c(C2=CC3CCC2(C(=O)OC)C3(C)C)c(OC)c1,1
LHBFQYFMIYJROX-UHFFFAOYSA-N,EC50,nM,5000.0,O=C(NC1(c2nccs2)COC1)c1cc(OCC2CC2)c(C2CC2)cn1,1
LHSJOXNHEKPANL-UHFFFAOYSA-N,EC50,nM,5000.0,O=C(NC1(CO)CCCCC1)c1cnc(C2CC2)c(OCC2CC2)n1,1
MHDPXMLANNLJDQ-UHFFFAOYSA-N,EC50,nM,5000.0,CNC(=O)CC1(NC(=O)c2cc(OCC(F)(F)F)c(C3CC3)cn2)CS(=O)(=O)C1,1
NCCZBGBPAXRYHM-UHFFFAOYSA-N,EC50,nM,5000.0,NC(=O)CC1(NC(=O)c2cc(OCC(F)(F)F)c(N3CC(F)(F)C3)cn2)COC1,1
NIGNSSJZUNHUFJ-UHFFFAOYSA-N,IC50,nM,12000.0,COCCN(CCOC)S(=O)(=O)c1ccc(Nc2cc(OC)cc(OC)c2)cc1C(F)(F)F,1
OELBGKBNRANKOH-UHFFFAOYSA-N,IC50,nM,5000.0,CCOC(=O)CNC(=O)CCC(=O)Nc1cccc2ccccc12,1
OLDRCCXAHVUKOQ-UHFFFAOYSA-N,EC50,nM,5000.0,O=C(Nc1ccc(Cl)s1)c1cnc(N2CC(F)(F)C2)c(OCC2CC2)n1,1
OLYFYXVHVAYYNB-UHFFFAOYSA-N,IC50,nM,12000.0,COc1cc(Nc2ccc(S(=O)(=O)N3CCc4ccccc43)c(C(F)(F)F)c2)cc(OC)c1,1
ORJLSGKGXZBYAI-PPHZAIPVSA-N,Ki,nM,11700.0,CCCCCCC(C)(C)c1cc(OC)c(C2=CC3CCC2(CO)C3(C)C)c(OC)c1,1
ORMBFRRUIZOBQL-UHFFFAOYSA-N,EC50,nM,254.8,CCC(CC)(NC(=O)c1cnc(C2CC2)c(OCC2CC2)n1)C(=O)OC,1
OXGSFQZDUGBHMQ-UHFFFAOYSA-N,IC50,nM,313.0,O=S(=O)(NCC1CC1)c1ccc(Nc2ccc(Cl)cc2Cl)cc1C(F)(F)F,1
PACOOQPFRWWYGE-UHFFFAOYSA-N,EC50,nM,5000.0,CCC(CC)(NC(=O)c1cnc(C2CC2)c(OCC2CC2)n1)C(=O)NC,1
PAFJPORWOFBSOG-UHFFFAOYSA-N,EC50,nM,5000.0,NC(=O)CC1(NC(=O)c2cnc(C3CC3)c(OCC3CC3)n2)COC1,1
PSJUKZIHVLIJAP-UHFFFAOYSA-N,EC50,nM,5000.0,NC(=O)CC1(NC(=O)c2cnc(N3CC(F)(F)C3)c(OCC3CC3)n2)COC1,1
PXRZBSVMVTXTQV-UHFFFAOYSA-N,IC50,nM,580.0,COc1cc(Nc2ccc(S(=O)(=O)NCC3CC3)c(C(F)(F)F)c2)cc(OC)c1,1
QHZOHCOWSROZID-UHFFFAOYSA-N,EC50,nM,5000.0,Cc1csc(C(C)(C)NC(=O)c2cnc(N3CC(F)(F)C3)c(OCC3CC3)n2)n1,1
QKLAEKUWHPRQLP-UHFFFAOYSA-N,EC50,nM,5000.0,CC(C)(C#N)NC(=O)c1cnc(C2CC2)c(-c2cccc(Cl)c2)n1,1
QKWDCSZLOCAHKT-UHFFFAOYSA-N,IC50,nM,8571.0,CCCCNS(=O)(=O)c1ccc(Nc2ccc(Cl)cc2Cl)cc1C(F)(F)F,1
QKWXLRHZRSYQNL-UHFFFAOYSA-N,EC50,nM,1148.5,Cc1nc(C(C)(C)NC(=O)c2cnc(C3CC3)c(-c3cccc(Cl)c3)n2)no1,1
QVSHWJMSDYEUHT-UHFFFAOYSA-N,EC50,nM,5000.0,Cc1nc(C(C)(C)NC(=O)c2cnc(N3CC(F)(F)C3)c(-c3cccc(Cl)c3)n2)no1,1
QWEQZKHCIUIAJZ-UHFFFAOYSA-N,EC50,nM,5000.0,CC(C)(CCO)NC(=O)c1cnc(C2CC2)c(OCC2CC2)n1,1
QZCOKVPMPZYWSF-UHFFFAOYSA-N,EC50,nM,5000.0,CC(C)(O)CNC(=O)c1cc(OCC(F)(F)F)c(C2CC2)cn1,1
QZSPMXRQSVPBLQ-UHFFFAOYSA-N,EC50,nM,5000.0,CC(C)(O)CNC(=O)c1cc(OCC2CC2)c(C2CC2)cn1,1
RCMWNKYGQYPQEZ-UHFFFAOYSA-N,EC50,nM,5000.0,NC(=O)CC1(NC(=O)c2cc(OCC(F)(F)F)c(N3CC(F)(F)C3)cn2)CS(=O)(=O)C1,1
RDWUQHHXJWXEON-UHFFFAOYSA-N,EC50,nM,5000.0,NC(=O)CC1(NC(=O)c2cc(OCC(F)(F)F)c(C3(F)CCC3)cn2)CS(=O)(=O)C1,1
RNUOMGDKVIMQSL-UHFFFAOYSA-N,IC50,nM,11000.0,COc1cc(Nc2ccc(S(=O)(=O)NCC3CC3)c(OC(F)(F)F)c2)cc(OC)c1,1
ROPJZIKITLLNQA-UHFFFAOYSA-N,EC50,nM,5000.0,O=C(c1cc(OCC(F)(F)F)c(C2CC2)cn1)N1CC(F)(F)C1,1
RQDPQMBLUCPNJT-UHFFFAOYSA-N,IC50,nM,712.0,COc1ccc(Nc2ccc(S(=O)(=O)NCC3CC3)c(C(F)(F)F)c2)cc1,1
RSIQHAOMMQESKE-UHFFFAOYSA-N,EC50,nM,5000.0,CC1(COc2cc(C(=O)NC(C)(C)c3nc(-c4ccccc4)n[nH]3)ncc2C2CC2)COC1,1
RXPZYWZLGCLKTB-UHFFFAOYSA-N,IC50,nM,6000.0,COc1cc(OC)nc(Nc2ccc(S(=O)(=O)NCC3CC3)c(C(F)(F)F)c2)n1,1
SAFPVFNYBFBXRR-UHFFFAOYSA-N,IC50,nM,6000.0,CC(C)(NS(=O)(=O)c1ccc(NC2CCCCC2)cc1C(F)(F)F)C1CC1,1
SBJZQCVDBKSEBS-UHFFFAOYSA-N,EC50,nM,5000.0,CNC(=O)CC1(NC(=O)c2cc(OCC(F)(F)F)c(C3CC3)cn2)COC1,1
SCODIYYFUHKDLG-VOTSOKGWSA-N,IC50,nM,5000.0,O=C(C=Cc1ccccc1)CCC(=O)NC(CO)(CO)CO,1
SDRWZARPOTZJEG-UHFFFAOYSA-N,IC50,nM,5948.0,O=S(=O)(NCC1CC1)c1ccc(Nc2ccc(F)cc2F)cc1C(F)(F)F,1
SFRXOSJENFVHGX-UHFFFAOYSA-N,IC50,nM,6000.0,O=S(=O)(NCC1CC1)c1ccc(NN2CCCCC2)cc1C(F)(F)F,1
SHLITYBDGWBEJY-UHFFFAOYSA-N,EC50,nM,5000.0,O=C(NC1(c2ncco2)COC1)c1cc(OCC2CC2)c(Cl)cn1,1
SKODUVTZMYQEPO-UHFFFAOYSA-N,EC50,nM,5000.0,CC(C)(NC(=O)c1cnc(N2CC(F)(F)C2)c(OCC2CC2)n1)c1noc(N)n1,1
SLDGCVJPJKAIKR-UHFFFAOYSA-N,EC50,nM,5000.0,COCCC(C)(C)NC(=O)c1cnc(N2CC(F)(F)C2)c(OCC2CC2)n1,1
SPWSCHICTCZHHM-DHZHZOJOSA-N,IC50,nM,5000.0,CCOC(=O)CNC(=O)CCC(=O)C=Cc1ccc(OCc2ccccc2)cc1,1
SQEJNRMIGWJALG-UHFFFAOYSA-N,EC50,nM,5000.0,CC(C)(CC(N)=O)NC(=O)c1cnc(C2CC2)c(OCC2CC2)n1,1
UDIFNJBHNOMEGZ-UHFFFAOYSA-N,EC50,nM,5000.0,O=C(NN1CCCCC1)c1cnc(C2CC2)c(OCC2CC2)n1,1
UHFKWPKIKIECRF-UHFFFAOYSA-N,IC50,nM,459.0,O=S(=O)(NCC1CC1)c1ccc(NN2CCCCCC2)cc1C(F)(F)F,1
UIXDCOGMNBQWMX-UHFFFAOYSA-N,IC50,nM,6000.0,O=S(=O)(NCC1CC1)c1ccc(Nc2ccc(F)cc2F)cc1,1
UNFCUDQYQJZPME-UHFFFAOYSA-N,EC50,nM,5000.0,CN(C)C(=O)CC1(NC(=O)c2cc(OCC(F)(F)F)c(Cl)cn2)COC1,1
URNGDHWIAIPVHI-UHFFFAOYSA-N,EC50,nM,5000.0,CNC(=O)CC1(NC(=O)c2cc(OCC(F)(F)F)c(N3CC(F)(F)C3)cn2)COC1,1
URWZDHISFHGIGK-UHFFFAOYSA-N,EC50,nM,5000.0,O=C(NCC1(O)CCCC1)c1cc(OCC2CC2)c(C2CC2)cn1,1
VBQIKKSINPDZQB-UHFFFAOYSA-N,EC50,nM,5000.0,O=C(NN1CCCCC1)c1cnc(C2CC2)c(-c2cccc(Cl)c2)n1,1
VILDYRPHBJOOHE-UHFFFAOYSA-N,EC50,nM,5000.0,CC(C)(C#N)NC(=O)c1cc(OCC2CC2)c(Cl)cn1,1
VTCPLEHKZNJKRG-UHFFFAOYSA-N,EC50,nM,5000.0,NC(=O)CC1(NC(=O)c2cc(OCC(F)(F)F)c(C3CC3)cn2)CS(=O)(=O)C1,1
VUWGXWAIZUHSAU-UHFFFAOYSA-N,EC50,nM,5000.0,NC(=O)CC1(NC(=O)c2cc(OCC(F)F)c(C3(F)CCC3)cn2)CS(=O)(=O)C1,1
VVDBGAGVTDFSCQ-UHFFFAOYSA-N,IC50,nM,6000.0,O=S(=O)(NCC1CC1)c1ccc(NC2CCCCC2)cc1C(F)(F)F,1
VVNQKXPYJXPSBU-UHFFFAOYSA-N,EC50,nM,5000.0,O=C(NC1(c2nccs2)COC1)c1cc(OCC2CC2)c(Cl)cn1,1
VVSLOLQACRQTPX-UHFFFAOYSA-N,EC50,nM,5000.0,O=C(NC1(CO)CCCC1)c1cc(OCC2CC2)c(Cl)cn1,1
VXKBXMFXLYCDIQ-UHFFFAOYSA-N,EC50,nM,5000.0,Cc1nc(C(C)(C)NC(=O)c2cnc(N3CCC3)c(-c3cccc(Cl)c3)n2)no1,1
VXPVFWWQKMECHG-UHFFFAOYSA-N,EC50,nM,5000.0,CC(C)(C)NC(=O)c1cc(OCC(F)(F)F)c(C2CC2)cn1,1
WHEZWWWYKOUTIX-UHFFFAOYSA-N,EC50,nM,5000.0,CC(C)(CO)CNC(=O)c1cc(OCC2CC2)c(Cl)cn1,1
WLSNQIMVMPGRMV-UHFFFAOYSA-N,EC50,nM,5000.0,O=C(c1cc(OCC(F)(F)F)c(C2CC2)cn1)N1CCCC12COC2,1
WOXPSIFPMYUHQL-UHFFFAOYSA-N,EC50,nM,5000.0,O=C(NC1(CO)CC1)c1cc(OCC2CC2)c(N2CC(F)(F)C2)cn1,1
WQTYHCUSVSTIOQ-UHFFFAOYSA-N,EC50,nM,5000.0,O=C(NCC1(O)CCCCC1)c1cc(OCC2CC2)c(Cl)cn1,1
WRQZXJQOVFNIMA-UHFFFAOYSA-N,EC50,nM,5000.0,NC(=O)CC1(NC(=O)c2cc(OCCF)c(C3CC3)cn2)CS(=O)(=O)C1,1
WUFFYMJFFZXAGA-UHFFFAOYSA-N,EC50,nM,5000.0,CCC(CC)(CO)NC(=O)c1cc(OCC2CC2)c(Cl)cn1,1
WUIOWVONOWXOER-UHFFFAOYSA-N,EC50,nM,5000.0,CNC(=O)CC1(NC(=O)c2cc(OCC(F)(F)F)c(C3(F)CCC3)cn2)CS(=O)(=O)C1,1
XJSYIXINUKNYBA-UHFFFAOYSA-N,EC50,nM,5000.0,Cc1nc(C2(NC(=O)c3cnc(C4CC4)c(-c4cccc(Cl)c4)n3)CCC2)no1,1
XRTKQERZAXKTBR-UHFFFAOYSA-N,IC50,nM,6000.0,O=S(=O)(NCC1CC1)c1ccc(NC2CCCCCC2)cc1C(F)(F)F,1
XYHIOQUAMAKXCK-UHFFFAOYSA-N,EC50,nM,5000.0,O=C(NCC1(O)CCCCC1)c1cc(OCC2CC2)c(C2CC2)cn1,1
YHZCBYJGPPZOGX-UHFFFAOYSA-N,EC50,nM,5000.0,CCC(CC)(NC(=O)c1cnc(N2CC(F)(F)C2)c(OCC2CC2)n1)C(=O)NC,1
YTASQZWAQNJOJP-UHFFFAOYSA-N,EC50,nM,5000.0,CCC(CC)(CO)NC(=O)c1cc(OCC(F)(F)F)c(C2CC2)cn1,1
YUIBOLHUZFTEEH-FNORWQNLSA-N,IC50,nM,5000.0,CCOC(=O)CNC(=O)CCC(=O)C=Cc1ccc(OC)c(OC)c1,1
ZAQBSZZVXZEIRK-UHFFFAOYSA-N,IC50,nM,597.0,COc1ccc(Nc2ccc(S(=O)(=O)NCC3CC3)c(C(F)(F)F)c2)c(OC)c1,1
ZFDBVMXVHYPTPZ-UHFFFAOYSA-N,EC50,nM,5000.0,Cc1nc(C(C)(C)NC(=O)c2cnc(C3CC3)c(OCC3CC3)n2)no1,1
ZPJVXRDBAQKRAM-UHFFFAOYSA-N,EC50,nM,5000.0,CC(C)(CCc1ccccc1)NC(=O)c1cnc(N2CC(F)(F)C2)c(OCC2CC2)n1,1
ZXYRRXDYYVFHPC-UHFFFAOYSA-N,EC50,nM,5000.0,Cc1csc(C(C)(C)NC(=O)c2cnc(C3CC3)c(OCC3CC3)n2)n1,1
ABNXKNCXFQSSMP-KRWDZBQOSA-N,EC50,nM,5000.0,CC(C)CS(=O)(=O)c1nc(C(=O)NC(c2cccnc2)C(F)(F)F)ccc1C1CC1,1
ABPJEFWXJYLSSK-ZDUSSCGKSA-N,EC50,nM,5000.0,COC(=O)C(CC1CC1)NC(=O)c1cnc(N2CC(F)(F)C2)c(OCC2CC2)n1,1
ACYOKFLYYBAFPS-UHFFFAOYSA-N,EC50,nM,29.0,COc1ccc(C(O)(c2ccc(Cl)cc2)c2ccc3[nH]c(=O)cc(NC4CCN(S(=O)(=O)C(F)(F)F)CC4)c3c2)cc1,1
ADHFKNOBBGUGEH-UHFFFAOYSA-N,EC50,nM,5000.0,CCC(C)(CO)NC(=O)c1cc(OCC2CC2)c(Cl)cn1,1
ADNNPVPDDDEXAN-UHFFFAOYSA-N,EC50,nM,16.0,O=S(=O)(CCO)N1CCC(Nc2ncnc3ccc(C(c4ccc(Cl)cc4)c4ccc(Cl)cc4)cc23)CC1,1
ADTMHUMMYNNSMI-UHFFFAOYSA-N,EC50,nM,3499.0,O=C(O)c1cccc(C(=O)N2CCC(c3c4cc(C(c5ccc(Cl)cc5)c5ccc(Cl)cc5)ccc4nn3C3CC3)CC2)c1,1
AEHRKAGHJINENK-UHFFFAOYSA-N,EC50,nM,5000.0,Cc1nonc1Cn1ncc2c(N3CCC(F)(F)C3)cc(C3CC3)nc21,1
AEIRXXZCCCQMDL-UHFFFAOYSA-N,EC50,nM,98.0,O=C(O)COc1ccc(S(=O)(=O)N2CCC(Nc3ncnc4ccc(C(c5ccc(Cl)cc5)c5ccc(Cl)cc5)cc34)CC2)cc1,1
AELZTFHFDZRLAS-UHFFFAOYSA-N,EC50,nM,327.7,CC(C)(C)c1nc(N2CC3(C2)CS(=O)(=O)C3)c2ncn(Cc3ncccc3Cl)c2n1,1
AEPJBNFEMSLARU-UHFFFAOYSA-N,EC50,nM,894.0,O=C(O)c1ccc(CCN2CCC(Nc3ncnc4ccc(C(c5ccc(Cl)cc5)c5ccc(Cl)cc5)cc34)CC2)cc1,1
AFGZGJOVIOJIEQ-UHFFFAOYSA-N,EC50,nM,5000.0,CC(C)(C)c1nc(N2CCSC2)c2ncn(Cc3ncccc3Cl)c2n1,1
AFRYRJCCWKDGGX-UHFFFAOYSA-N,EC50,nM,14.0,CC(=O)n1nc(N2CCN(S(=O)(=O)C(F)(F)F)CC2)c2cc(C(c3ccc(Cl)cc3)c3ccc(Cl)cc3)ccc21,1
AGFOWDLWXFQXDY-WFASDCNBSA-N,EC50,nM,5000.0,NC(=O)C1CC(F)CN1C(=O)c1ccc(C2CC2)c(OCC2CC2)n1,1
AGFWCFSZHJHACI-UHFFFAOYSA-N,EC50,nM,23.0,CNC(=O)c1ccc(S(=O)(=O)N2CCC(c3c4cc(C(c5ccc(Cl)cc5)c5ccc(Cl)cc5)ccc4nn3C3CC3)CC2)cc1OC,1
AGJKVMIRCQYVFG-UHFFFAOYSA-N,EC50,nM,17.0,COc1ccc(S(=O)(=O)N2CCC(c3c4cc(C(c5ccc(Cl)cc5)c5ccc(Cl)cc5)ccc4nn3C3CC3)CC2)cc1,1
AHXHLHDSESGHBO-VQVVDHBBSA-N,EC50,nM,5000.0,Cc1nc(C(NC(=O)c2cc(OC(C)C(F)(F)F)c(C3CC3)cn2)C2(C)COC2)no1,1
AJIZXUZOUWAHIX-UHFFFAOYSA-N,EC50,nM,2245.0,NC(=O)c1ccccc1C(=O)N1CCC(c2nn(C3CC3)c3ccc(C(c4ccc(Cl)cc4)c4ccc(Cl)cc4)cc23)CC1,1
AJOHAVGZPMQANB-UHFFFAOYSA-N,EC50,nM,499.0,O=C(O)COCCn1nc(N2CCN(S(=O)(=O)C(F)(F)F)CC2)c2cc(C(c3ccc(Cl)cc3)c3ccc(Cl)cc3)ccc21,1
AJPZEUNTFQYCSD-UHFFFAOYSA-N,EC50,nM,7800.0,O=C(O)Cc1ccc(N2CCC(c3nn(C4CC4)c4ccc(C(c5ccc(Cl)cc5)c5ccc(Cl)cc5)cc34)CC2)cc1,1
ALCGUJMVZTWRKB-IBGZPJMESA-N,EC50,nM,5000.0,CNC(=O)C(NC(=O)c1ccc(C2CC2)c(OCC2CC2)n1)c1ccccc1,1
AMDKVUYZLMDDAS-KRWDZBQOSA-N,EC50,nM,5000.0,Cc1nc(C(NC(=O)c2cccc(-c3ccc(F)c(Cl)c3)n2)C2CC2)no1,1
AMPALMGOEWMKIA-UHFFFAOYSA-N,EC50,nM,5000.0,O=C(NC(CO)CC1CCC1)c1cnc(C2CC2)c(OCC2CC2)n1,1
AMTWXRRTXOFLMD-UHFFFAOYSA-N,EC50,nM,5000.0,Cc1nnc(C(C)(CC2CC2)NC(=O)c2cc(OCC(F)(F)F)c(C3CC3)cn2)o1,1
AMWGNLHUKCGUMT-UHFFFAOYSA-N,EC50,nM,14.0,O=S(=O)(N1CCC(c2nn(CCO)c3ccc(C(c4ccc(Cl)cc4)c4ccc(Cl)cc4)cc23)CC1)C(F)(F)F,1
ANLGHNQNIPRBQB-UHFFFAOYSA-N,EC50,nM,716.0,NC(=O)CC(=O)N1CCC(c2nn(C3CC3)c3ccc(C(c4ccc(Cl)cc4)c4ccc(Cl)cc4)cc23)CC1,1
AODJRMWUULMSHS-AWEZNQCLSA-N,EC50,nM,5000.0,Cc1ccc(C(=O)NC(CC2CC2)C(N)=O)nc1OCC1CC1,1
AOVURRNGIQSSMJ-UHFFFAOYSA-N,EC50,nM,15.0,O=S(=O)(c1ccc(O)cc1)N1CCC(Nc2n[nH]c3ccc(C(c4ccc(Cl)cc4)c4ccc(Cl)cc4)cc23)CC1,1
APFGBBFAQCAZHR-UHFFFAOYSA-N,EC50,nM,5000.0,CC(C)(C)C(NC(=O)c1ccc(C2CC2)c(OCC(F)(F)F)n1)c1nccs1,1
APUABHWPSMMJPZ-VIFPVBQESA-N,EC50,nM,5000.0,CC(Oc1cc(C(=O)NC2(CC(N)=O)COC2)ncc1C1CC1)C(F)(F)F,1
AQBSFPKMGMIOKK-UHFFFAOYSA-N,EC50,nM,5000.0,Cc1nc(C(C)(CC2CC2)NC(=O)c2cc(OC(C)CF)c(C3CC3)cn2)no1,1
AQJZAPVIRQPNRL-UHFFFAOYSA-N,EC50,nM,2915.0,NC(=O)CC(=O)N1CCC(Nc2ncnc3ccc(C(c4ccc(Cl)cc4)c4ccc(Cl)cc4)cc23)CC1,1
AQMXYUZTUBYUNT-HNNXBMFYSA-N,EC50,nM,5000.0,Cc1nc(C(NC(=O)c2cnc(C3CC3)c(OCC3CC3)n2)C2CC2)no1,1
ARZZJNIMXKTWAW-UHFFFAOYSA-N,EC50,nM,5000.0,NC(=O)CC1(NC(=O)c2ccc(N3CC(F)(F)C3)c(OCC3CC3)n2)CCOCC1,1
ASHAGZNARVRZGL-REMYURHQSA-N,Ki,nM,5000.0,CC(=O)OC1C(CO)OC(SC2C=CC3C4Cc5ccc(O)c6c5C3(CCN4C)C2O6)C(OC(C)=O)C1OC(C)=O,1
ASMGXYRKSILTNL-JTQLQIEISA-N,EC50,nM,5000.0,CNC(=O)CC1(NC(=O)c2cc(OC(C)C(F)(F)F)c(C3CC3)cn2)COC1,1
ASQSGISVVFCHTC-UHFFFAOYSA-N,EC50,nM,122.0,O=c1cc(NC2CCN(S(=O)(=O)C(F)(F)F)CC2)c2cc(C(Oc3ccc(Cl)cc3)c3ccc(Cl)cc3)ccc2[nH]1,1
ASZOUZRXODRYAG-UHFFFAOYSA-N,EC50,nM,5000.0,CC(C)(C)c1nc(N2CCC(F)(F)C2)c2ncn(CC(=O)c3ccccn3)c2n1,1
AUENSHQKGCMLFH-UHFFFAOYSA-N,EC50,nM,7.0,O=S(=O)(c1ccccc1O)N1CCC(c2c3cc(C(c4ccc(Cl)cc4)c4ccc(Cl)cc4)ccc3nn2C2CC2)CC1,1
AVFBXUVACSSJLH-HNNXBMFYSA-N,EC50,nM,5000.0,NC(=O)C(NC(=O)c1ccc(C2CC2)c(OCC2CC2)n1)C1CC1,1
AWOMCJQUSBLGCD-UHFFFAOYSA-N,EC50,nM,7.0,COc1cc(S(=O)(=O)N2CCC(c3c4cc(C(c5ccc(Cl)cc5)c5ccc(Cl)cc5)ccc4nn3C3CC3)CC2)ccc1C(N)=O,1
AXHCGIXHCAGTDS-UHFFFAOYSA-N,EC50,nM,6.0,O=S(=O)(c1cccc(O)c1)N1CCC(c2c3cc(C(c4ccc(Cl)cc4)c4ccc(Cl)cc4)ccc3nn2C2CC2)CC1,1
AYNHXJSSEVMAIE-UHFFFAOYSA-N,EC50,nM,5000.0,COCCn1cnc2c(N3CCC4(COC4)C3)nc(C(C)(C)C)nc21,1
AYORGTGGCZGIEP-SFHVURJKSA-N,EC50,nM,5000.0,Cc1nc(C(CC2CC2)NC(=O)c2cccc(-c3cccc(F)c3)n2)no1,1
AZBBXJHCCUGKRU-UHFFFAOYSA-N,EC50,nM,580.0,O=C(O)c1ccc(CN2CCC(Nc3ncnc4ccc(C(c5ccc(Cl)cc5)c5ccc(Cl)cc5)cc34)CC2)cc1,1
BAGYVUOKBZQDNO-UHFFFAOYSA-N,EC50,nM,5000.0,NC(=O)CC1(NC(=O)c2ccc(C3CC3)c(Cc3ccc(F)cc3)n2)CS(=O)(=O)C1,1
BCNUMCBGELBBFV-VQVVDHBBSA-N,EC50,nM,5000.0,Cc1nnc(C(NC(=O)c2cc(OC(C)C(F)(F)F)c(C3CC3)cn2)C2(C)COC2)o1,1
BCZCFVPVLYJKQO-KRWDZBQOSA-N,EC50,nM,5000.0,O=C(NC(c1cccnc1)C(F)(F)F)c1ccc(C2CC2)c(OCC2CC2)n1,1
BDNJFEGBHVEIHB-VOTSOKGWSA-N,EC50,nM,223.4,OC(c1ccc(Cl)cc1)(c1ccsc1)c1ccc2nccc(C=Cc3ccccc3)c2c1,1
BEFWYSPPWMELNC-UHFFFAOYSA-N,EC50,nM,98.0,CC(=O)NCCOc1nc(NCc2ccc(C(F)(F)F)cc2)c2cc(C(c3ccc(Cl)cc3)c3ccc(Cl)cc3)ccc2n1,1
BEKJMTNABVDZDG-UHFFFAOYSA-N,EC50,nM,5000.0,NC(=O)CC1(NC(=O)c2ccc(OCC3CC3)c(Cl)n2)COC1,1
BELHZNFDLAQKHV-UHFFFAOYSA-N,EC50,nM,5000.0,NC(=O)CC1(NC(=O)c2cccc(-c3ccc(F)c(Cl)c3)n2)CS(=O)(=O)C1,1
BEWRXABKOWUYAU-UHFFFAOYSA-N,EC50,nM,5000.0,Cc1nc(C(C)(C)NC(=O)c2ccc(C3CCOC3)c(-c3cccc(Cl)c3)n2)no1,1
BEXALTCHKWQAJW-HNNXBMFYSA-N,EC50,nM,5000.0,CC(C)CC(NC(=O)c1ccc(Cl)c(-c2cccc(Cl)c2)n1)C(N)=O,1
BFGOIWIWBOJNLX-UHFFFAOYSA-N,EC50,nM,5000.0,CC(C)(C)C(NC(=O)c1cc(OCC(F)(F)F)c(Cl)cn1)c1nccs1,1
BGPAYMBKNDQBHJ-UHFFFAOYSA-N,EC50,nM,39.0,NS(=O)(=O)c1ccc(C(=O)N2CCC(c3nn(CCO)c4ccc(C(c5ccc(Cl)cc5)c5ccc(Cl)cc5)cc34)CC2)cc1,1
BHARWYGADBALNN-UHFFFAOYSA-N,EC50,nM,4.0,NC(=O)c1ccc(S(=O)(=O)N2CCC(c3c4cc(C(c5ccc(Cl)cc5)c5ccc(Cl)cc5)ccc4nn3C3CC3)CC2)cc1,1
BHAYSBUXZPLWPB-UHFFFAOYSA-N,EC50,nM,16.0,FC(F)(F)c1ccc(CNc2ncnc3ccc(C(c4ccc(Cl)cc4)c4ccc(Cl)cc4)cc23)cn1,1
BHCMCBKUZGCSLG-UHFFFAOYSA-N,EC50,nM,10.0,COc1nc(NCc2ccc(C(F)(F)F)cc2)c2cc(C(c3ccc(Cl)cc3)c3ccc(Cl)cc3)ccc2n1,1
BHXDCIAWZJHAND-UHFFFAOYSA-N,EC50,nM,5000.0,NC(=O)CC1(NC(=O)c2ccc(C3(O)CCC3)c(OCC3CC3)n2)CS(=O)(=O)C1,1
BHZYUKRLIPVVFT-HNNXBMFYSA-N,EC50,nM,5000.0,CCC(NC(=O)c1ccc(C2CC2)c(OCC2CC2)n1)c1noc(C)n1,1
BJQCHHZCXNQQLO-UHFFFAOYSA-N,EC50,nM,5000.0,O=C(O)CC1(NC(=O)c2ccc(N3CC(F)(F)C3)c(OCC3CC3)n2)CCC1,1
BKAHNXSOCAHFMX-UHFFFAOYSA-N,EC50,nM,9.0,O=S(=O)(N1CCC(Nc2nc(Cl)nc3ccc(C(c4ccc(Cl)cc4)c4ccc(Cl)cc4)cc23)CC1)C(F)(F)F,1
BKCUVGNUJXJYBT-UHFFFAOYSA-N,EC50,nM,31.0,COc1nc(NC2CCN(S(=O)(=O)c3ccc(C(=O)O)cc3)CC2)c2cc(C(c3ccc(Cl)cc3)c3ccc(Cl)cc3)ccc2n1,1
BKMPZYKSDPNMGZ-UHFFFAOYSA-N,EC50,nM,5000.0,CCC(O)CNC(=O)c1cc(OCC2CC2)c(C2CC2)cn1,1
BLPDVGIRYKPUDW-UHFFFAOYSA-N,EC50,nM,5000.0,O=C(c1ccc(N2CC(F)(F)C2)c(OCC2CC2)n1)N1CC2(CC(O)CO2)C1,1
BLQKJVAQYWOWIC-UHFFFAOYSA-N,EC50,nM,77.0,O=C(O)c1ccc(CN2CCC(c3c4cc(C(c5ccc(Cl)cc5)c5ccc(Cl)cc5)ccc4nn3C3CC3)CC2)nc1,1
BNIHQVDQNDGOEY-FZMZJTMJSA-N,EC50,nM,5000.0,NC(=O)C1CC(O)CN1C(=O)c1ccc(N2CC(F)(F)C2)c(OCC2CC2)n1,1
BNTXMHXUMOVDTP-BQYQJAHWSA-N,EC50,nM,342.0,COc1ccc(C(O)(c2ccc3nccc(C=Cc4ccccc4)c3c2)c2nccs2)cc1,1
BOEABVAKFNOHKB-UHFFFAOYSA-N,EC50,nM,5000.0,CC(C)(C)C(NC(=O)c1cc(OCC(F)(F)F)c(C2CC2)cn1)C(N)=O,1
BONGFSUYZOWHMI-UHFFFAOYSA-N,EC50,nM,5000.0,CC(C)C(CCO)NC(=O)c1cc(OCC2CC2)c(Cl)cn1,1
BORVGRBAWLPWHM-UHFFFAOYSA-N,EC50,nM,5000.0,Cc1nonc1Cn1cnc2c(N3CCC4(COC4)C3)nc(C(C)(C)C)nc21,1
BPNZUKATIJOASY-UHFFFAOYSA-N,EC50,nM,5000.0,CC(C)(C)c1nc(N2CCC(F)(F)C2)c2cnn(CC(=O)c3ccccn3)c2n1,1
BQLPREBYTLWFAU-UHFFFAOYSA-N,EC50,nM,190.0,Cc1nc(C(C)(NC(=O)c2cc(OCC(F)(F)F)c(N3CCC(F)(F)C3)cn2)C2CC2)no1,1
BQYIWQYVMSQGMA-UHFFFAOYSA-N,EC50,nM,5000.0,CC(C)(C)C(NC(=O)c1cc(OCC2CC2)c(N2CC(F)(F)C2)cn1)C(N)=O,1
BRHIXCPIRLBPSL-UHFFFAOYSA-N,EC50,nM,4815.0,O=C(O)c1ccccc1CN1CCC(Nc2ncnc3ccc(C(c4ccc(Cl)cc4)c4ccc(Cl)cc4)cc23)CC1,1
BRIJUAPUKKFXSF-HNNXBMFYSA-N,EC50,nM,5000.0,NC(=O)C1CC2(CC2)CN1C(=O)c1ccc(N2CC(F)(F)C2)c(OCC2CC2)n1,1
BSECRFPXHQUWKY-INIZCTEOSA-N,EC50,nM,5000.0,Cc1ccc(C(=O)NC(CC2CC2)c2nccs2)nc1OCC1CC1,1
BUBQXNMRMURGFO-UHFFFAOYSA-N,EC50,nM,5000.0,CC(C)(C)c1nc(N2CC(F)(F)C(F)(F)C2)c2ncn(CCC(F)(F)F)c2n1,1
BUEUPOOWRHPXGV-AWEZNQCLSA-N,EC50,nM,5000.0,NC(=O)C1CC(F)(F)CN1C(=O)c1ccc(C2(O)CCC2)c(OCC2CC2)n1,1
BUQLHKBWASSJTJ-UHFFFAOYSA-N,EC50,nM,106.0,O=C(O)c1cccc(S(=O)(=O)N2CCC(Nc3ncnc4ccc(C(c5ccc(Cl)cc5)c5ccc(Cl)cc5)cc34)CC2)c1,1
BVXIXFYEEHYVPR-UHFFFAOYSA-N,EC50,nM,5000.0,Cc1nc(C(C)(CO)NC(=O)c2cc(OCC(F)(F)F)c(C3CC3)cn2)no1,1
BVXONPWYFNTFEV-UHFFFAOYSA-N,EC50,nM,5000.0,Cn1nnc(C(NC(=O)c2cc(OCC(F)(F)F)c(C3CC3)cn2)C(C)(C)C)n1,1
BWIKOKDINCKYTF-KRWDZBQOSA-N,EC50,nM,5000.0,CNC(=O)C(CC(C)C)NC(=O)c1cccc(-c2cccc(F)c2)n1,1
BXFMOAXFDYJSGC-UHFFFAOYSA-N,IC50,nM,4500.0,O=C(c1cc2ccccc2s1)c1cccc2ccccc12,1
BZAFJWJNAUGVEN-UHFFFAOYSA-N,EC50,nM,5000.0,CC(C)(NC(=O)c1ccc(C2CCOC2)c(-c2cccc(Cl)c2)n1)c1nccs1,1
BZKRNMIFICHTGP-UHFFFAOYSA-N,EC50,nM,2.0,FC(F)(F)CN1CCC(Nc2ncnc3ccc(C(c4ccc(Cl)cc4)c4ccc(Cl)cc4)cc23)CC1,1
CBCSOQHQCIRMSH-UHFFFAOYSA-N,EC50,nM,518.4,CCOC(=O)C(CC)(CC)NC(=O)c1ccc(C(F)(F)F)c(OCC2CCCO2)n1,1
CBKXKEPJCRMBDC-UHFFFAOYSA-N,EC50,nM,216.0,NC(=O)CCS(=O)(=O)N1CCC(c2c3cc(C(c4ccc(Cl)cc4)c4ccc(Cl)cc4)ccc3nn2C2CC2)CC1,1
CBQRZBXNKYYYEB-UHFFFAOYSA-N,Inhibition,%,25.0,CCOC(=O)c1c(NS(=O)(=O)c2ccccc2)sc2c1CCCC2,1
CCPFUBICCMMZDG-UHFFFAOYSA-N,EC50,nM,5000.0,CC(C)(C)Nc1nc(N2CC3(COC3)C2)c2ncn(Cc3ccccc3Cl)c2n1,1
CDYVTVLXEWMCHU-UHFFFAOYSA-N,Inhibition,%,25.0,CCOC(=O)c1c(N)sc2c1CCCC2,1
CGQUCWYHTAARRN-OZBJMMHXSA-N,EC50,nM,5000.0,O=C(NC(CC1CC1)C(=O)NN1CCC(O)C1)c1ccc(C2CC2)c(OCC2CC2)n1,1
CHSZRVYDDNLAMF-UHFFFAOYSA-N,EC50,nM,5000.0,O=c1cc(NCC2CNC2)c2cc(C(c3ccc(Cl)cc3)c3nccs3)ccc2[nH]1,1
CIRVCSCFJALBOH-UHFFFAOYSA-N,Inhibition,%,25.0,Cc1cc(C(=O)O)c(C)n1-c1ccccc1,1
CJENIGFJMKXURX-UHFFFAOYSA-N,EC50,nM,5000.0,NC(=O)CC1(NC(=O)c2ccc(N3CC(F)(F)C3)c(OCC3CC3)n2)CSC1,1
CKOLYXUHAIOYDP-UHFFFAOYSA-N,EC50,nM,3.0,O=C(O)c1ccoc1S(=O)(=O)N1CCC(c2c3cc(C(c4ccc(Cl)cc4)c4ccc(Cl)cc4)ccc3nn2C2CC2)CC1,1
CLLVWEHNEANLDH-INIZCTEOSA-N,EC50,nM,5000.0,CC(C)C(C)(CO)NC(=O)c1cc(OCC2CC2)c(Cl)cn1,1
CLVRLEZFLMKDMP-UHFFFAOYSA-N,EC50,nM,5000.0,COC(=O)C(C)C(C)(C)NC(=O)c1cc(OCC2CC2)c(Cl)cn1,1
CNGJPRQBRBBAAX-UHFFFAOYSA-N,EC50,nM,5000.0,COCCN(C(=O)c1cnc(N2CC(F)(F)C2)c(OCC2CC2)n1)C(C)(C)C,1
COPSTCBNWLVZAK-UHFFFAOYSA-N,EC50,nM,5000.0,O=C(c1ccc(N2CC(F)(F)C2)c(OCC2CC2)n1)N1CCC2(C1)CC2(F)F,1
CORNCQBVBCDEEP-APDXDRDNSA-N,EC50,nM,480.0,Cc1nc(C(C)(CS(C)(=O)=O)NC(=O)c2cc(OC(C)C(F)(F)F)c(C3CC3)cn2)no1,1
COYOROFWIHPEIU-HNNXBMFYSA-N,EC50,nM,5000.0,CC(C)(O)C(CC1CC1)NC(=O)c1cnc(N2CC(F)(F)C2)c(OCC2CC2)n1,1
CPPNFVSJYCMUPR-UHFFFAOYSA-N,IC50,nM,1639.0,COc1cc(Nc2ccc(S(=O)(=O)NCC3CCCO3)c(C(F)(F)F)c2)cc(OC)c1,1
CQMBFXNYQDNNFU-UHFFFAOYSA-N,EC50,nM,3199.0,O=C(O)c1ccc(CCNc2ncnc3ccc(C(c4ccc(Cl)cc4)c4ccc(Cl)cc4)cc23)cc1,1
CQZOUDOOSDLGKR-UHFFFAOYSA-N,EC50,nM,5000.0,Cc1nnc(C(NC(=O)c2cc(OCC(F)(F)F)c(C3CC3)cn2)C2(C)COC2)o1,1
CRPQSTJXWRIWQJ-UHFFFAOYSA-N,EC50,nM,5000.0,Cc1noc(Cn2cnc3c(N4CCC(F)(F)C4)nc(OCC(C)(C)C)nc32)n1,1
CTGPIYJODYQPII-INIZCTEOSA-N,EC50,nM,5000.0,N#CC(NC(=O)c1ccc(C2CC2)c(OCC2CC2)n1)C1CC1,1
CTMRNVILYKICOA-UHFFFAOYSA-O,EC50,nM,5000.0,NC(=O)CC1(NC(=O)c2ccc(C3CC3)c(Cc3ccc(F)cc3)n2)CC[NH2+]CC1,1
CUBFMUJIDHGHON-UHFFFAOYSA-N,EC50,nM,5000.0,COCC(C)(C)N(C)C(=O)c1cnc(N2CC(F)(F)C2)c(OCC2CC2)n1,1
CVRMMGKEBFVNRD-UHFFFAOYSA-N,EC50,nM,5000.0,COCCn1cnc2c(N3CCC(F)(F)C3)nc(C(C)(C)C)nc21,1
CVUWGPDHDBKCIS-UHFFFAOYSA-N,EC50,nM,2320.4,CC(C)CC(NC(=O)c1ccc(N2CC(F)(F)C2)c(OCC2CC2)n1)c1ccccn1,1
CWHFOYQGJATTBL-UHFFFAOYSA-N,EC50,nM,5000.0,CC(C)(C)C(NC(=O)c1cc(OCC(F)(F)F)c(N2CC(F)(F)C2)cn1)C(N)=O,1
CZKXKEBHIDYZEV-UHFFFAOYSA-N,EC50,nM,5000.0,CC(C)(C)COc1nc(N2CCC(F)(F)C2)c2ncn(Cc3ccccc3Cl)c2n1,1
DAGQHWPAYYKJNB-UHFFFAOYSA-N,EC50,nM,84.0,O=C(O)c1csc(CN2CCC(c3nn(C4CC4)c4ccc(C(c5ccc(Cl)cc5)c5ccc(Cl)cc5)cc34)CC2)c1,1
DARSKUUNJPYBPC-UHFFFAOYSA-N,EC50,nM,5000.0,CC(C)(C)c1nc(N2CCC(F)(F)C2)c2cnn(Cc3ccccc3)c2n1,1
DBIWISOQKVXGKZ-UHFFFAOYSA-N,EC50,nM,5000.0,Cc1nnc(Cn2cnc3c(N4CC(F)(F)C(F)(F)C4)nc(C(C)(C)C)nc32)o1,1
DBTZMGIQQIQQMN-UHFFFAOYSA-N,EC50,nM,5000.0,Cc1nonc1Cn1cnc2c(N3CC(F)(F)C(F)(F)C3)nc(C(C)(C)C)nc21,1
DCEUARWFNHKXCW-INIZCTEOSA-N,EC50,nM,1644.9,NC(=O)C(Cc1ccccc1)NC(=O)c1cnc(C2CC2)c(OCC2CC2)n1,1
DCKCXUNWFYHUHR-UHFFFAOYSA-N,EC50,nM,5000.0,CC(=O)NC1CCN(C(=O)c2ccc(N3CC(F)(F)C3)c(OCC3CC3)n2)C1,1
DCNVVRADNMZNIR-UHFFFAOYSA-N,EC50,nM,5000.0,O=C(NC(c1ccccn1)C(F)(F)F)c1ccc(C2CC2)c(OCC(F)(F)F)n1,1
DCWZLMDUNMSBKK-FQEVSTJZSA-N,EC50,nM,5000.0,O=C(NC(CC1CC1)c1nccs1)c1ccc(C2CCOCC2)c(OCC2CC2)n1,1
DDROWFUGYPOEDL-UHFFFAOYSA-N,EC50,nM,5000.0,O=C(c1ccc(N2CC(F)(F)C2)c(OCC2CC2)n1)N1CC2CCOC2C1,1
DEWCZXMLLLYQFE-UHFFFAOYSA-N,EC50,nM,146.0,O=C(O)c1cccc(CN2CCC(Nc3ncnc4ccc(C(c5ccc(Cl)cc5)c5ccc(Cl)cc5)cc34)CC2)c1,1
DFXJNNKUOAPQHJ-UHFFFAOYSA-N,EC50,nM,9499.0,O=C(O)CS(=O)(=O)N1CCC(c2c3cc(C(c4ccc(Cl)cc4)c4ccc(Cl)cc4)ccc3nn2C2CC2)CC1,1
DGGWVAGZDHWTKY-UHFFFAOYSA-N,EC50,nM,5000.0,CN(C)C(=O)C(CC1CCC1)NC(=O)c1cnc(N2CC(F)(F)C2)c(OCC2CC2)n1,1
DIPVEINYQKXXNA-UHFFFAOYSA-N,EC50,nM,5000.0,CC(C)(C)c1nc(N2CC(F)(F)C(F)(F)C2)c2ncn(Cc3ccccc3S(C)(=O)=O)c2n1,1
DIQUEKCLWZJPPM-UHFFFAOYSA-N,EC50,nM,23.0,NC(=O)c1ccc(N2CCC(c3nn(C4CC4)c4ccc(C(c5ccc(Cl)cc5)c5ccc(Cl)cc5)cc34)CC2)cc1,1
DIUXLOSTTAWMLL-FZMZJTMJSA-N,EC50,nM,5000.0,NC(=O)C1CC(F)CN1C(=O)c1ccc(N2CC(F)(F)C2)c(OCC2CC2)n1,1
DJRWLGFKUICRDD-IBGZPJMESA-N,EC50,nM,5000.0,CC(C)C(C)(CO)NC(=O)c1cc(Cc2ccc(F)cc2)c(Cl)cn1,1
DKJOVWIADFRKPA-UHFFFAOYSA-N,EC50,nM,5000.0,CC(C)(C)c1nc(N2CCC3(COC3)C2)c2ncn(Cc3cccnc3Cl)c2n1,1
DLCAJJUINMVOAT-UHFFFAOYSA-N,EC50,nM,5000.0,O=C(NC(CO)CC1CCC1)c1cnc(N2CC(F)(F)C2)c(OCC2CC2)n1,1
DNODHRHZHANYEO-UHFFFAOYSA-N,EC50,nM,5000.0,O=C1CN(C(=O)c2cnc(N3CC(F)(F)C3)c(OCC3CC3)n2)CCO1,1
DNPZTLHKZAKRJY-UHFFFAOYSA-N,EC50,nM,2465.0,NC(=O)CCC(=O)N1CCC(Nc2ncnc3ccc(C(c4ccc(Cl)cc4)c4ccc(Cl)cc4)cc23)CC1,1
DNZSDQXNIFTNGE-UHFFFAOYSA-N,EC50,nM,5000.0,CCOc1nc(C(C)(C)C)nc2c1cnn2Cc1ccccc1Cl,1
DQEUZFKAEPWFOJ-UHFFFAOYSA-N,EC50,nM,3925.0,CCOC(=O)Cn1nc(C2CCN(S(=O)(=O)C(F)(F)F)CC2)c2cc(C(c3ccc(Cl)cc3)c3ccc(Cl)cc3)ccc21,1
DQGNFQJJQBUCMP-UHFFFAOYSA-N,EC50,nM,5000.0,CCN(C(=O)c1cnc(N2CC(F)(F)C2)c(OCC2CC2)n1)C(C)C,1
DQNARGNJPTWFMG-UHFFFAOYSA-N,EC50,nM,845.0,Cn1nc(C2CCN(S(=O)(=O)c3ccc(C(=O)O)cc3)CC2)c2cc(C(c3ccc(Cl)cc3)c3ccc(Cl)cc3)ccc21,1
DQQLSECXFCMNBF-OYKVQYDMSA-N,EC50,nM,5000.0,Cc1nc(C(CC(C)C)NC(=O)c2cccc(C(O)c3ccc(F)cc3)n2)no1,1
DRGCKMOASPWYLE-UHFFFAOYSA-N,EC50,nM,5000.0,Cc1nonc1Cn1cnc2c(N3CCN(C)CC3)nc(C(C)(C)C)nc21,1
DRHVVRSXQKWRLY-UHFFFAOYSA-N,EC50,nM,5000.0,CCOC(=O)CC1(NC(=O)c2ccc(C3CC3)c(OCC3CC3)n2)COC1,1
DRYLENUACCBLCB-UHFFFAOYSA-N,EC50,nM,729.0,O=C(O)CCS(=O)(=O)N1CCC(c2nn(C3CC3)c3ccc(C(c4ccc(Cl)cc4)c4ccc(Cl)cc4)cc23)CC1,1
DTMHOAKFSWTBNX-UHFFFAOYSA-N,EC50,nM,474.0,O=S(=O)(N1CCC(c2nn(-c3cccc(C(F)(F)F)c3)c3ccc(C(c4ccc(Cl)cc4)c4ccc(Cl)cc4)cc23)CC1)C(F)(F)F,1
DTUQXJLSDVPMLV-UHFFFAOYSA-N,EC50,nM,10000.0,Cc1nc(C(NC(=O)c2ccc(N3CC(F)(F)C3)c(OCC3CC3)n2)C2CC2)no1,1
DUMCWACMACGLJX-UHFFFAOYSA-N,EC50,nM,5000.0,COc1ccc(Cn2ncc3c(N4CCC(F)(F)C4)cc(C4CC4)nc32)cc1,1
DWGCXRDAZDSRTM-LBPRGKRZSA-N,EC50,nM,5000.0,NC(=O)C(CC1CC1)NC(=O)c1cnc(N2CC(F)(F)C2)c(OCC2CC2)n1,1
DXDAYTBYHDRSNR-UHFFFAOYSA-N,EC50,nM,34.0,NC(=O)c1ccc(N2CCC(Nc3ncnc4ccc(C(c5ccc(Cl)cc5)c5ccc(Cl)cc5)cc34)CC2)cc1,1
DXILROBLUZOKQD-VOTSOKGWSA-N,EC50,nM,140.0,Clc1ccc(C(c2ccsc2)c2ccc3nccc(C=Cc4ccccc4)c3c2)cc1,1
DXTDAKYTMPMKEA-BHWOMJMDSA-N,EC50,nM,5000.0,CC(C)CC(NC(=O)c1cccc(C(O)c2ccc(F)cc2)n1)C(N)=O,1
DYTGTMLKFUHAKF-IBGZPJMESA-N,EC50,nM,5000.0,CC(C)CC(NC(=O)c1ccc(C2CC2)c(OCC2CC2)n1)C(=O)OC(C)(C)C,1
DZRUYZCURLYRHS-HNNXBMFYSA-N,EC50,nM,5000.0,CC(C)CC(NC(=O)c1cnc(C2CC2)c(OCC2CC2)n1)C(=O)N(C)C,1
FACJIODPNQMPJQ-HNNXBMFYSA-N,EC50,nM,5000.0,NC(=O)C1CSCCN1C(=O)c1ccc(C2CC2)c(OCC2CC2)n1,1
FDACUKQNARRBTL-CAOWVPONSA-N,Ki,nM,1895.0,COC(=O)C1OC(SC2C=CC3C4Cc5ccc(OC(C)=O)c6c5C3(CCN4C)C2O6)C(OC(C)=O)C(OC(C)=O)C1OC(C)=O,1
FDPYXWDFTROEDQ-UHFFFAOYSA-N,EC50,nM,5000.0,CC(C)(C)c1nc(N2CCC(F)(F)C2)c2ncn(Cc3nnnn3C3CC3)c2n1,1
FEPDNDUUWQVRQN-UHFFFAOYSA-N,EC50,nM,5000.0,CC(C)(C)C(NC(=O)c1cc(OCC(F)(F)F)c(C2CC2)cn1)c1nn[nH]n1,1
FGECUFZKASUBKF-SFHVURJKSA-N,EC50,nM,5000.0,Cc1nc(C(CC2CC2)NC(=O)c2ccc(C3CC3)c(S(=O)(=O)CC(C)C)n2)no1,1
FGTMCYGSIWZUJC-HNNXBMFYSA-N,EC50,nM,5000.0,CC(C)CC(NC(=O)c1cc(-c2cccc(Cl)c2)c(Cl)cn1)C(N)=O,1
FGXBBRWUQGILCI-UHFFFAOYSA-N,EC50,nM,5000.0,CCC(C)(NC(=O)c1cc(OCC(F)(F)F)c(C2CC2)cn1)C(N)=O,1
FGYDWAYMGHZWCA-UHFFFAOYSA-N,EC50,nM,5754.0,O=C(CC(=O)N1CCC(Nc2ncnc3ccc(C(c4ccc(Cl)cc4)c4ccc(Cl)cc4)cc23)CC1)NCCO,1
FHCCSAPYZNRLDD-FAQQKDIKSA-N,EC50,nM,5000.0,Cc1nc(C(C)(CS(C)(=O)=O)NC(=O)c2cc(OC(C)C(F)(F)F)c(C3(F)CCC3)cn2)no1,1
FHSHHVISCGEKQD-UHFFFAOYSA-N,EC50,nM,1250.0,O=c1cc(CCc2cccc(Cl)c2)c2cc(C(O)(c3ccc(Cl)cc3)c3nccs3)ccc2[nH]1,1
FIAAIGAANUVTAQ-UHFFFAOYSA-N,EC50,nM,5000.0,CN(C(=O)c1cnc(N2CC(F)(F)C2)c(OCC(F)(F)F)n1)C(C)(C)C,1
FIIAFYZJPUJQTM-UHFFFAOYSA-N,EC50,nM,5000.0,CC(C)(C)NC(=O)c1ccc(C2CC2)c(OCC2CCCO2)n1,1
FIQOZEPHPUNFMD-UHFFFAOYSA-N,EC50,nM,5000.0,COC(=O)CC1(NC(=O)c2ccc(N3CC(F)(F)C3)c(OCC3CC3)n2)CCOCC1,1
FIYDSHDVBQXWDN-HNNXBMFYSA-N,EC50,nM,5000.0,CC(C)CC(NC(=O)c1ccc(C2(O)COC2)c(OCC2CC2)n1)C(N)=O,1
FJBNNMGZQMECSV-UHFFFAOYSA-N,EC50,nM,5000.0,CCC(CC)(NC(=O)c1cc(OCC2(C)COC2)c(C2CC2)cn1)C(=O)NCC(F)CCl,1
FJHVEQHZHSLVPQ-UHFFFAOYSA-N,IC50,nM,497.0,O=S(=O)(NCC1CC1)c1ccc(NC2CC3CCC2C3)cc1C(F)(F)F,1
FJYSVFKNVWOJJD-UHFFFAOYSA-N,EC50,nM,82.0,NC(=O)Cc1ccc(N2CCC(Nc3ncnc4ccc(C(c5ccc(Cl)cc5)c5ccc(Cl)cc5)cc34)CC2)cc1,1
FKEYBXFTLKRSTK-ZDUSSCGKSA-N,EC50,nM,5000.0,NC(=O)C(CC1CC1)NC(=O)c1ccc(C(F)(F)F)c(OCC2CC2)n1,1
FKHSAPZSWBUDHD-UHFFFAOYSA-N,EC50,nM,11.0,O=S(=O)(N1CCC(c2c3cc(C(c4ccc(Cl)cc4)c4ccc(Cl)cc4)ccc3nn2C2CC2)CC1)C(F)(F)F,1
FKIOBWQNOYNSAA-UHFFFAOYSA-N,EC50,nM,5000.0,Cc1nc(C(C)(CC2CC2)NC(=O)c2cc(OCC(F)(F)F)c(C3(O)COC3)cn2)no1,1
FKUNMUZRADHSGL-UHFFFAOYSA-N,EC50,nM,5000.0,Cc1nc(C(C)(C)NC(=O)c2ccc(C3CC3)c(OCC3CCCO3)n2)no1,1
FLPDTGMQAJUKQC-UHFFFAOYSA-N,EC50,nM,5000.0,CC(CF)Oc1cc(C(=O)NC(C)(CC(N)=O)C2CC2)ncc1C1CC1,1
FLVXUOOZOMZARL-SFHVURJKSA-N,EC50,nM,5000.0,NC(=O)C(NC(=O)c1ccc(C2CC2)c(OCC2CC2)n1)c1ccccc1,1
FMAARUQSIKDGIT-SFHVURJKSA-N,EC50,nM,5000.0,Cc1nc(C(CC2CC2)NC(=O)c2ccc(N3CC(F)(F)C3)c(-c3cccc(Cl)c3)n2)no1,1
FMAWHPLKHITXEF-INIZCTEOSA-N,EC50,nM,5000.0,NC(=O)C(CC1CC1)NC(=O)c1ccc(NC2CC2)c(OCC2CC2)n1,1
FMDILIZOUSLCFG-UHFFFAOYSA-N,EC50,nM,5000.0,CC(C)(C)C(NC(=O)c1cc(OCC2CC2)c(C2CC2)cn1)c1nccs1,1
FOYFRUCFQNNYIY-UHFFFAOYSA-N,EC50,nM,9.0,O=C(O)c1ccc(S(=O)(=O)N2CCC(Nc3ncnc4ccc(C(c5ccc(Cl)cc5)c5ccc(Cl)cc5)cc34)CC2)s1,1
FQYBTYOBSYBMCM-UHFFFAOYSA-N,EC50,nM,5000.0,CC1(COc2nc(C(=O)NC(c3ccccn3)C(F)(F)F)ccc2Br)COC1,1
FRFNJAPOKUGIRN-UHFFFAOYSA-N,EC50,nM,5000.0,CC(C)CSc1nc(C(=O)NC2(CC(N)=O)CS(=O)(=O)C2)ccc1C1CC1,1
FRWMYAZAWIIHDG-UHFFFAOYSA-N,EC50,nM,5000.0,CCOC(=O)CN(C(=O)c1cnc(N2CC(F)(F)C2)c(OCC2CC2)n1)C(C)(C)C,1
FSGCSTPOPBJYSX-VEIFNGETSA-N,Ki,nM,9.2,CS(=O)(=O)O.Cc1c(C(=O)c2cccc3ccccc23)c2cccc3c2n1C(CN1CCOCC1)CO3,1
FTABBYLGXFXPFZ-UHFFFAOYSA-N,EC50,nM,5000.0,CNC(=O)CC1(NC(=O)c2ccc(C(F)(F)F)c(OCC3CC3)n2)COC1,1
FTEGLJRBBYXPMZ-UHFFFAOYSA-N,EC50,nM,5000.0,CC(C)(CO)NC(=O)c1ccc(C2CCOC2)c(OCC2CC2)n1,1
FUBOFIXTYZTJCN-PIJUOJQZSA-N,EC50,nM,5000.0,CC(Oc1cc(C(=O)NC(C)(C#N)CC2CC2)ncc1C1(F)COC1)C(F)(F)F,1
FUQYQLYXMWZZJJ-UHFFFAOYSA-N,EC50,nM,41.0,O=S(=O)(N1CCC(c2nn(-c3cccc(Cl)c3)c3ccc(C(c4ccc(Cl)cc4)c4ccc(Cl)cc4)cc23)CC1)C(F)(F)F,1
FUXLZPNGWVERON-UHFFFAOYSA-N,EC50,nM,29.0,NC(=O)CCC(=O)N1CCC(c2nn(C3CC3)c3ccc(C(c4ccc(Cl)cc4)c4ccc(Cl)cc4)cc23)CC1,1
FVBBTLSXJFALDH-UHFFFAOYSA-N,EC50,nM,64.0,O=c1cc(NC2CCN(S(=O)(=O)C(F)(F)F)CC2)c2cc(C(c3ccc(Cl)cc3)c3nc4ccccc4s3)ccc2[nH]1,1
FWHJAVWZHBHULC-UHFFFAOYSA-N,EC50,nM,6.0,CNC(=O)c1ccc(S(=O)(=O)N2CCC(c3c4cc(C(c5ccc(Cl)cc5)c5ccc(Cl)cc5)ccc4nn3C3CC3)CC2)cn1,1
FWRASCAYGIYQHM-UHFFFAOYSA-N,EC50,nM,5000.0,CC(C)(C)C(NC(=O)c1cc(OCC(F)(F)F)c(C2CC2)cn1)C(=O)N1CCC1,1
FYHMAXYVHNICNB-UHFFFAOYSA-N,EC50,nM,5000.0,Cc1nc(C(C)(CN2CC(F)(F)C2)NC(=O)c2cc(OCC(F)(F)F)c(C3CC3)cn2)no1,1
FZNKOCPIJSWXRZ-UHFFFAOYSA-N,EC50,nM,52.0,FC(F)(F)c1ccc(Nc2ncnc3ccc(C(c4ccc(Cl)cc4)c4ccc(Cl)cc4)cc23)cc1Cl,1
FZQXJJYOPAWXBR-UHFFFAOYSA-N,EC50,nM,5000.0,O=C(c1cnc(N2CC(F)(F)C2)c(OCC2CC2)n1)N1CCN(CCO)CC1,1
GATCSQQKAHGUOZ-UHFFFAOYSA-N,EC50,nM,5000.0,NC(=O)C1CS(=O)(=O)CN1C(=O)c1ccc(N2CC(F)(F)C2)c(OCC2CC2)n1,1
GDGZHIWKCMGJAG-UHFFFAOYSA-N,EC50,nM,5000.0,NC(=O)CC1(NC(=O)c2ccc(N3CC(F)(F)C3)c(OCC3CC3)n2)CCC1,1
GDMPFDPVDVOJSG-UHFFFAOYSA-N,EC50,nM,5000.0,NC(=O)CC1(NC(=O)c2ccc(C3(O)CCC3)c(OCC3CC3)n2)CSC1,1
GEJNQFTWBFAPKN-SFHVURJKSA-N,EC50,nM,5000.0,Cc1nc(C(CC2CC2)N(C)C(=O)c2ccc(N3CC(F)(F)C3)c(OCC3CC3)n2)no1,1
GKLNUSVOHXBWML-UHFFFAOYSA-N,IC50,nM,1100.0,COc1ccc(C(=O)c2c(-c3ccc(OC)cc3)sc3ccccc23)cc1,1
GMODEDFKPMHWPP-IFGYVTRGSA-N,EC50,nM,5000.0,Cc1nnc(C(C)(CC2CC2)NC(=O)c2cc(OC(C)C(F)(F)F)c(C3(F)COC3)cn2)o1,1
GNRWXFLGIIAAIR-UHFFFAOYSA-N,EC50,nM,799.0,O=C(O)CC(=O)N1CCC(Nc2ncnc3ccc(C(c4ccc(Cl)cc4)c4ccc(Cl)cc4)cc23)CC1,1
GOQJWCPCYCIAMJ-LBPRGKRZSA-N,EC50,nM,5000.0,CC(C)CC(CO)NC(=O)c1cc(OCC2CC2)c(Cl)cn1,1
GPJZHVCOLPLEEX-UHFFFAOYSA-N,EC50,nM,8.0,O=S(=O)(c1ccc(O)cc1)N1CCC(Nc2ncnc3ccc(C(c4ccc(Cl)cc4)c4ccc(Cl)cc4)cc23)CC1,1
GQUNMQSEAODYNV-UHFFFAOYSA-N,EC50,nM,647.5,O=C(NC(c1ccccn1)C(F)(F)F)c1ccc(N2CC(F)(F)C2)c(OCC2CC2)n1,1
GRCCRCIRSYGQEF-UHFFFAOYSA-N,EC50,nM,5000.0,Cc1nnc(C(C)(CC2COC2)NC(=O)c2cc(OCC(F)(F)F)c(C3CC3)cn2)o1,1
GRCCTSKNHXJORL-UHFFFAOYSA-N,EC50,nM,2.0,O=C(O)c1ccc(S(=O)(=O)N2CCC(c3c4cc(C(c5ccc(Cl)cc5)c5ccc(Cl)cc5)ccc4nn3C3CC3)CC2)cc1F,1
GSJSAESQRUTJSU-UHFFFAOYSA-N,EC50,nM,5000.0,CC(C)(C)c1nc(N2CCC(F)(F)C2)c2cnn(CCc3ccccn3)c2n1,1
GSSSDWMHVUJZIY-UHFFFAOYSA-N,EC50,nM,5000.0,CC(C)(C)c1nc(N2CC(F)(F)C(F)(F)C2)c2ncn(Cc3ccccc3C(F)(F)F)c2n1,1
GUBZREBIEPAYBB-UHFFFAOYSA-N,EC50,nM,5000.0,CNC(=O)CC1(NC(=O)c2ccc(C3CC3)c(OCC3CC3)n2)COC1,1
GUSKDDGZTQEDCK-AWEZNQCLSA-N,EC50,nM,5000.0,Cc1nc(C(NC(=O)c2cnc(N3CC(F)(F)C3)c(OCC3CC3)n2)C2CC2)no1,1
GVEPGDZAQOFWPS-HNNXBMFYSA-N,EC50,nM,5000.0,CC1(C)CC(C(N)=O)N(C(=O)c2ccc(N3CC(F)(F)C3)c(OCC3CC3)n2)C1,1
HATNBGQKIBHLOZ-UHFFFAOYSA-N,EC50,nM,5000.0,CC(C)(C)c1nc(N2CCC(F)(F)C2)c2ncn(CCC(F)(F)F)c2n1,1
HBFCIHHOWFMFFT-FQEVSTJZSA-N,EC50,nM,59.0,NC(=O)C(CC1CC1)NC(=O)c1ccc(C2CC2)c(Cc2ccc(F)cc2)n1,1
HBXAPYSYOARHHW-PMACEKPBSA-N,EC50,nM,5000.0,O=C(c1ccc(N2CC(F)(F)C2)c(OCC2CC2)n1)N1CC2CC1CN2Cc1ccccc1,1
HDBLJKNAWUHBNB-UHFFFAOYSA-N,EC50,nM,5299.0,O=C(O)c1ccc(CNc2ncnc3ccc(C(c4ccc(Cl)cc4)c4ccc(Cl)cc4)cc23)cc1,1
HDVMHXOEYWYEMX-SNAWJCMRSA-N,EC50,nM,497.0,O=c1cc(C=Cc2cccc(F)c2)c2cc(C(c3ccc(Cl)cc3)c3nccs3)ccc2[nH]1,1
HEGCRWHXZDDLQX-LBPRGKRZSA-N,EC50,nM,5000.0,CC(C)CC(CO)NC(=O)c1ccc(C2CC2)c(OCC(F)(F)F)n1,1
HEKVBAUMJFZDSE-UHFFFAOYSA-N,IC50,nM,961.0,COc1cc(Nc2cc(Cl)c(S(=O)(=O)NCC3CCCO3)c(Cl)c2)cc(OC)c1,1
HENXHPDWLKXPPX-UHFFFAOYSA-N,EC50,nM,5000.0,CC(CC1CC1)(NC(=O)c1cc(OCC(F)(F)F)c(C2CC2)cn1)c1noc(N)n1,1
HETHTXFPJGGKQC-UHFFFAOYSA-N,IC50,nM,5000.0,COc1ccc(C(=O)n2c(C)nc3ccccc32)cc1,1
HFEPWKMWODBFMR-VIFPVBQESA-N,EC50,nM,5000.0,CC(Oc1cc(C(=O)NC2(CC(N)=O)CS(=O)(=O)C2)ncc1C1(F)COC1)C(F)(F)F,1
HFHWHUCHYOJHNQ-UHFFFAOYSA-N,EC50,nM,446.0,O=C(NCCCOc1ccc(CCl)cc1)c1ccc(S(=O)(=O)N2CCC(Nc3ncnc4ccc(C(c5ccc(Cl)cc5)c5ccc(Cl)cc5)cc34)CC2)cc1,1
HFLWRZYRUVSOGP-UHFFFAOYSA-N,EC50,nM,60.0,O=S(=O)(N1CCC(Nc2n[nH]c3ccc(C(c4ccc(Cl)cc4)c4ccc(Cl)cc4)cc23)CC1)C(F)(F)F,1
HFQIXSJGSFSITI-PKHIMPSTSA-N,EC50,nM,5000.0,CNC(=O)C(CC(C)C)NC(=O)c1ccc(C2CC2)c(OCC2CCCO2)n1,1
HFWDEOIURPVDRC-UHFFFAOYSA-N,EC50,nM,19.0,O=C(O)c1ccc(-n2nc(C3CCN(S(=O)(=O)C(F)(F)F)CC3)c3cc(C(c4ccc(Cl)cc4)c4ccc(Cl)cc4)ccc32)cc1,1
HIIMUTITXSDGLG-LBPRGKRZSA-N,EC50,nM,5000.0,CSCCC(NC(=O)c1ccc(N2CC(F)(F)C2)c(OCC2CC2)n1)C(N)=O,1
HILMQIKQSRPXBZ-UHFFFAOYSA-N,IC50,nM,530.0,O=S(=O)(NCC1CCOCC1)c1ccc(NC2CC3CCC2C3)cc1C(F)(F)F,1
HIRINKHJHLEVAH-KRWDZBQOSA-N,EC50,nM,5000.0,CNC(=O)C(CC(C)C)NC(=O)c1cccc(-c2cccc(C(F)(F)F)c2)n1,1
HIWHYEQXMFVERK-UHFFFAOYSA-N,EC50,nM,676.6,CC(C)(C)c1nc(N2CCC(F)(F)C2)c2ncn(Cc3ccccc3Cl)c2n1,1
HJQNMHKMGKQIHF-UHFFFAOYSA-N,EC50,nM,13.0,NC(=O)c1ccc(S(=O)(=O)N2CCC(c3c4cc(C(c5ccc(Cl)cc5)c5ccc(Cl)cc5)ccc4nn3C3CC3)CC2)cn1,1
HJXHBHKCMLVDIG-UHFFFAOYSA-N,EC50,nM,5000.0,CC(C)(C)c1nc(N2CCC3(COC3)C2)c2ncn(Cc3ccc(Cl)cc3)c2n1,1
HKAZHPDEJCQSPU-UHFFFAOYSA-N,EC50,nM,5000.0,COC(=O)c1ccccc1Cn1nc(N2CCN(S(=O)(=O)C(F)(F)F)CC2)c2cc(C(c3ccc(Cl)cc3)c3ccc(Cl)cc3)ccc21,1
HKMPBZOCSOFOOK-UHFFFAOYSA-N,EC50,nM,3.0,O=S(=O)(c1ccc(F)cc1)N1CCC(Nc2ncnc3ccc(C(c4ccc(Cl)cc4)c4ccc(Cl)cc4)cc23)CC1,1
HKSOFKAHQNEZTG-UHFFFAOYSA-N,EC50,nM,40.0,O=S(=O)(N1CCC(c2nn(-c3ccc(C(F)(F)F)cc3)c3ccc(C(c4ccc(Cl)cc4)c4ccc(Cl)cc4)cc23)CC1)C(F)(F)F,1
HLHRAMDNQWPOKV-UHFFFAOYSA-N,EC50,nM,15.0,Oc1ccc(N2CCC(Nc3ncnc4ccc(C(c5ccc(Cl)cc5)c5ccc(Cl)cc5)cc34)CC2)cc1,1
HLXOQCNUBSBMPR-CUVJYRNJSA-N,EC50,nM,5000.0,CNC(=O)C(NC(=O)c1cc(OC(C)C(F)(F)F)c(C2CC2)cn1)C(C)(C)O,1
HMZTUFCELKFTQF-NRFANRHFSA-N,EC50,nM,5000.0,Cc1nc(C(C)(NC(=O)c2ccc(C3CC3)c(OCC3CC3)n2)C2CC2)no1,1
HNGZPKOTRIIVCO-UHFFFAOYSA-N,EC50,nM,68.0,O=S(=O)(NC1CCN(c2ncnc3ccc(C(c4ccc(Cl)cc4)c4ccc(Cl)cc4)cc23)CC1)C(F)(F)F,1
HNYCOYGEDIVKPX-LPPKFQCHSA-N,Ki,nM,1852.0,OCC1OC(ON=Cc2ccoc2)C(O)C(O)C1O,1
HOCITZAZEQQSKB-UHFFFAOYSA-N,EC50,nM,5000.0,Cc1nc(C(NC(=O)c2ccc(N3CCC34COC4)c(OCC3CC3)n2)C2CC2)no1,1
HOSJNBAUCXSAAF-UHFFFAOYSA-N,Inhibition,%,25.0,CCOC(=O)c1c(NS(=O)(=O)c2ccc3ccccc3c2)sc2c1CCCC2,1
HPUXGDUEYWCWJU-UHFFFAOYSA-N,EC50,nM,204.0,CC(C)S(=O)(=O)N1CCC(Nc2cc(=O)[nH]c3ccc(C(c4ccc(Cl)cc4)c4nccs4)cc23)CC1,1
HRBJPGNHRKGVGM-STQMWFEESA-N,EC50,nM,5000.0,O=C(c1ccc(N2CC(F)(F)C2)c(OCC2CC2)n1)N1CC2CC1CO2,1
HRXKDHYLBXTKDE-UHFFFAOYSA-N,EC50,nM,446.0,NC(=O)c1ccc(CNc2ncnc3ccc(C(c4ccc(Cl)cc4)c4ccc(Cl)cc4)cc23)cc1,1
HSLAPTFRRXIYKT-YOYKQTLTSA-N,Ki,nM,1070.0,OCC1OC(ON=Cc2cccc(F)c2)C(O)C(O)C1O,1
HSSVLTVLDQIALV-VOTSOKGWSA-N,EC50,nM,333.0,O=c1cc(C=Cc2cccc(C(F)(F)F)c2)c2cc(C(c3ccc(Cl)cc3)c3cccs3)ccc2[nH]1,1
HSVIFUITJOHLOK-UHFFFAOYSA-N,EC50,nM,5000.0,CC(C)(C)C(NC(=O)c1cc(OCC(F)(F)F)c(C2CC2)cn1)C(=O)N1CC(F)(F)C1,1
HSWSMMPLNSVOKF-ACXJOVJBSA-N,EC50,nM,6.0,CC(NC(=O)c1nn(-c2ccc(Cl)cc2Cl)c2c1CCCCC2=Cc1ccc(F)cc1)c1ccccc1,1
HUNPNGZNMABNTD-UHFFFAOYSA-N,Inhibition,%,25.0,CCOC(=O)c1c(NC(=O)CCc2ccccc2)sc2c1CCCC2,1
HUQMYKIOYJNAAO-UHFFFAOYSA-N,EC50,nM,5000.0,CC1(C)CCN(C(=O)c2ccc(C3CC3)c(OCC3CCCO3)n2)CC1,1
HUULUUCBMIHFIG-UHFFFAOYSA-N,EC50,nM,179.0,CC(C)S(=O)(=O)N1CCC(Nc2n[nH]c3ccc(C(c4ccc(Cl)cc4)c4ccc(Cl)cc4)cc23)CC1,1
HUWHXCHMJDPPHM-SFHVURJKSA-N,EC50,nM,5000.0,CC(C)CC(NC(=O)c1ccc(C2CC2)c(Oc2ccc(F)cc2)n1)C(N)=O,1
HUYCJLKJNDUROA-INIZCTEOSA-N,EC50,nM,150.7,CC(C)CC(NC(=O)c1ccc(NC2CC2)c(OCC2CC2)n1)C(N)=O,1
HWDNHKLNJLNUJV-UHFFFAOYSA-N,EC50,nM,23.0,COc1cc(S(=O)(=O)N2CCC(Nc3ncnc4ccc(C(c5ccc(Cl)cc5)c5ccc(Cl)cc5)cc34)CC2)ccc1C(=O)O,1
HWFRYNQHOHFLGR-UHFFFAOYSA-N,EC50,nM,5000.0,CC(CC(N)=O)(NC(=O)c1cc(OCC(F)(F)F)c(C2CC2)cn1)C1CC1,1
HWKKDEJOGXDYCL-IBGZPJMESA-N,EC50,nM,5000.0,Cc1nc(C(C)(NC(=O)c2cnc(N3CC(F)(F)C3)c(OCC3CC3)n2)C2CC2)no1,1
HXKKICPARJOEFG-UHFFFAOYSA-N,EC50,nM,5000.0,Cn1nnnc1Cn1ncc2c(N3CCC(F)(F)C3)nc(C(C)(C)C)nc21,1
HXTVBFCYIHZIFC-UHFFFAOYSA-N,EC50,nM,5000.0,Cc1nc(C(C)(CC2CC2)NC(=O)c2cnc(N3CC(F)(F)C3)c(OCC3CC3)n2)no1,1
HXVJXXLXXFFKTK-UHFFFAOYSA-N,EC50,nM,5000.0,CC(C)(C)C(NC(=O)c1cc(OCC(F)(F)F)c(C2CC2)cn1)C(=O)N1CCC12COC2,1
HXYXANNZONXUSB-UHFFFAOYSA-N,EC50,nM,1497.1,CC(C)(C)c1nc(N2CCC(F)(F)C2)c2ncn(CCc3ccccc3)c2n1,1
HYMJABJBKKQWCX-VOTSOKGWSA-N,EC50,nM,169.0,Clc1ccc(C(c2ccc3nccc(C=Cc4ccccc4)c3c2)c2cscn2)cc1,1
HYMPXNQTRBUGCF-UHFFFAOYSA-N,EC50,nM,71.0,CCC(CC)(NC(=O)c1ccc(C2CC2)c(OCC2CCCO2)n1)C(=O)OC,1
HYTQLVQAXRNXKA-HNNXBMFYSA-N,EC50,nM,5000.0,NC(=O)C(Cc1ccccc1)NC(=O)c1cnc(N2CC(F)(F)C2)c(OCC2CC2)n1,1
IAGAWQPSKKXCQD-UHFFFAOYSA-N,EC50,nM,5000.0,Cc1noc(Cn2cnc3c(N4CCC(F)(F)C4)nc(C(C)(C)C)nc32)n1,1
ICEOHRBMGFQOBT-UHFFFAOYSA-N,EC50,nM,5000.0,NC(=O)CC1(NC(=O)c2ccc(C3(F)COC3)c(OCC3CC3)n2)COC1,1
ICJYUROWNNFIIF-UHFFFAOYSA-N,EC50,nM,5000.0,Cc1nnc(Cn2cnc3c(N4CCC(F)(F)C4)nc(OCC(C)(C)C)nc32)o1,1
ICKCVIQXRDRPTI-UHFFFAOYSA-N,EC50,nM,5000.0,CN(C(=O)c1cnc(N2CC(F)(F)C2)c(OCC2CC2)n1)C(C)(C)C,1
IDETYHWNJKLEFE-FQEVSTJZSA-N,EC50,nM,5000.0,CN(C)C(=O)C(NC(=O)c1ccc(C2CC2)c(OCC2CC2)n1)c1ccccc1,1
IDMHYNGEEYMJAY-KRWDZBQOSA-N,EC50,nM,5000.0,CNC(=O)C(CC(C)(C)C)NC(=O)c1ccc(C2CC2)c(S(=O)(=O)CC(C)C)n1,1
IDVGLNUYQRWZHG-VIFPVBQESA-N,EC50,nM,5000.0,CC(Oc1cc(C(=O)NC2(CC(N)=O)CS(=O)(=O)C2)ncc1C1CC1)C(F)(F)F,1
IEBXNWPNOWYANT-UHFFFAOYSA-N,EC50,nM,227.0,CS(=O)(=O)NCCOc1nc(NC2CCN(S(=O)(=O)c3ccc(C(=O)O)cc3)CC2)c2cc(C(c3ccc(Cl)cc3)c3ccc(Cl)cc3)ccc2n1,1
IGMWBPXTFMABIW-UCFQLCGUSA-N,Ki,nM,108.0,COc1ccc2c3c1OC1C(SC4OC(CO)C(OC(C)=O)C(OC(C)=O)C4OC(C)=O)C=CC4C(C2)N(C)CCC341,1
IGVNKCIJORHOQN-LNWTWIFDSA-N,Ki,nM,5000.0,CC(=O)OCC1OC(SC2C=CC3C4Cc5ccc(O)c6c5C3(CCN4C)C2O6)C(OC(C)=O)C(OC(C)=O)C1OC(C)=O,1
IGWAAMSVCGBVKT-UHFFFAOYSA-N,EC50,nM,5000.0,Cc1ccc(Cn2cnc3c(N4CCC(F)(F)C4)nc(C(C)(C)C)nc32)cc1,1
IHUNDGBSXKEALL-UHFFFAOYSA-N,EC50,nM,920.0,O=C(O)CCC(=O)N1CCC(c2nn(C3CC3)c3ccc(C(c4ccc(Cl)cc4)c4ccc(Cl)cc4)cc23)CC1,1
IHVNIYBPPRFFEB-BHWOMJMDSA-N,EC50,nM,952.9,CC(C)CC(NC(=O)c1ccc(C2CCCO2)c(OCC2CC2)n1)C(N)=O,1
IIXQCCIWCVMFMA-UHFFFAOYSA-N,EC50,nM,1.0,Fc1ccc(C(c2ccc(F)cc2)c2ccc3ncnc(NC4CCN(c5ccccc5)CC4)c3c2)cc1,1
IJYVQLCWSTUZBK-UHFFFAOYSA-N,EC50,nM,5000.0,CC1(C)CC(C2CCN(C(=O)c3ccc(N4CC(F)(F)C4)c(OCC4CC4)n3)CC2)C(=O)N1,1
IKOARKFDTLIYHM-UHFFFAOYSA-N,EC50,nM,14.0,Cn1c(=O)cc(NC2CCN(S(=O)(=O)C(F)(F)F)CC2)c2cc(C(c3ccc(Cl)cc3)c3nccs3)ccc21,1
IMCFTIXFHOBIDA-UHFFFAOYSA-N,EC50,nM,4.0,OCC(CO)COc1nc(NCc2cccc(C(F)(F)F)c2)c2cc(C(c3ccc(Cl)cc3)c3ccc(Cl)cc3)ccc2n1,1
IMMUFOLFKYAARW-JRZJBTRGSA-N,EC50,nM,703.2,CC(C)CC(NC(=O)c1ccc(C2CCOC2)c(OCC2CC2)n1)C(N)=O,1
IMTVIRPPWNFPJA-UHFFFAOYSA-N,EC50,nM,165.0,COC(=O)Cn1nc(N2CCN(S(=O)(=O)C(F)(F)F)CC2)c2cc(C(c3ccc(Cl)cc3)c3ccc(Cl)cc3)ccc21,1
IMYYXVPLFPMRSG-SFHVURJKSA-N,EC50,nM,1457.2,NC(=O)C(CC1CC1)NC(=O)c1ccc(C2CCCC2)c(OCC2CC2)n1,1
INCZAGVHFAIWJO-UHFFFAOYSA-N,EC50,nM,5000.0,CC(C)(C)Nc1nc(N2CCC(F)(F)C2)c2ncn(Cc3ccccc3Cl)c2n1,1
INPYCKYXTOBPAB-UHFFFAOYSA-N,Inhibition,%,25.0,CCOC(=O)c1c(NS(=O)(=O)c2ccc(Cl)cc2)sc2c1CCCC2,1
IOQQQQVNNDAJFX-MYHCZTBNSA-N,EC50,nM,5000.0,CC(Oc1cc(C(=O)NC(c2nnn(C)n2)C(C)(C)C)ncc1C1CC1)C(F)(F)F,1
IOTYEWWHGCPISM-UHFFFAOYSA-N,EC50,nM,5000.0,Cc1nnc(Cn2ncc3c(N4CCC(F)(F)C4)nc(C(C)(C)C)nc32)n1C,1
IPEYECPROCWTTM-UHFFFAOYSA-N,EC50,nM,5000.0,NC(=O)CC1(NC(=O)c2ccc(C3(F)COC3)c(OCC3CC3)n2)CSC1,1
IQPFRZNGBKWEBY-UHFFFAOYSA-N,EC50,nM,5.0,O=C(O)c1cccc(S(=O)(=O)N2CCC(c3c4cc(C(c5ccc(Cl)cc5)c5ccc(Cl)cc5)ccc4nn3C3CC3)CC2)c1,1
IRVUCLHDPIPUDE-UHFFFAOYSA-N,EC50,nM,5000.0,CC(C)(C)c1nc(N2CCC(F)(F)C2)c2cnn(Cc3nnnn3C3CC3)c2n1,1
ISMFUBFKPVBDDF-HNNXBMFYSA-N,EC50,nM,5000.0,CNC(=O)C(CC(C)(C)C)NC(=O)c1ccc(N2CC(F)(F)C2)c(OCC2CC2)n1,1
ITOGHYZTENTIKO-UHFFFAOYSA-N,EC50,nM,740.6,CC(C)(C)c1nc(N2CCC(F)(F)C2)c2ncn(Cc3ccccc3C(F)(F)F)c2n1,1
ITQKLJTVQXSGEF-UHFFFAOYSA-N,EC50,nM,5000.0,Cc1nc(C(C)(C)NC(=O)c2ccc(C3CCCO3)c(OCC3CC3)n2)no1,1
ITTNEXCTVBOIDG-UHFFFAOYSA-N,EC50,nM,72.0,CCCCCCOC(=O)N=C(N)c1ccc(S(=O)(=O)N2CCC(Nc3ncnc4ccc(C(c5ccc(Cl)cc5)c5ccc(Cl)cc5)cc34)CC2)cc1,1
ITZSSVBCGHINKH-SFHVURJKSA-N,EC50,nM,5000.0,CC(C)(O)C(CC1CC1)NC(=O)c1ccc(C2CC2)c(OCC2CC2)n1,1
IVFWRASURDTRKM-UHFFFAOYSA-N,EC50,nM,9.0,O=C(O)c1cccc(CN2CCC(c3nn(C4CC4)c4ccc(C(c5ccc(Cl)cc5)c5ccc(Cl)cc5)cc34)CC2)c1,1
IVRTZDOMRFSJNK-UHFFFAOYSA-N,EC50,nM,5000.0,CCC(C)(CO)NC(=O)c1cnc(C2CC2)c(OCC2CC2)n1,1
IVTYTAZPUGYLOH-INIZCTEOSA-N,EC50,nM,5000.0,CN(C)C(=O)C(CC1CC1)NC(=O)c1ccc(N2CC(F)(F)C2)c(OCC2CC2)n1,1
IWAMAJXNDCWVLH-UHFFFAOYSA-N,EC50,nM,5000.0,Cc1nnc(Cn2cnc3c(N4CCC(F)(F)C4)nc(C(C)(C)C)nc32)o1,1
IWKXHQACBUEQKQ-UHFFFAOYSA-N,EC50,nM,14.0,COC(=O)c1cccc(CNc2ncnc3ccc(C(c4ccc(Cl)cc4)c4ccc(Cl)cc4)cc23)c1,1
IWRKTSVEBQDGHV-UHFFFAOYSA-N,EC50,nM,2149.0,NS(=O)(=O)N1CCC(c2[nH]nc3ccc(C(c4ccc(Cl)cc4)c4ccc(Cl)cc4)cc23)CC1,1
IWSRAXRHKDCARK-UHFFFAOYSA-N,IC50,nM,6000.0,CCCN(CC1CC1)c1ccc(S(=O)(=O)NCC2CCCO2)c(C(F)(F)F)c1,1
IXHAARFCUFFFNK-UHFFFAOYSA-N,EC50,nM,5000.0,CC(C)(C)COc1nc(N2CC3(COC3)C2)c2ncn(Cc3ccccc3Cl)c2n1,1
IYPSOOSCLWKOPI-INIZCTEOSA-N,EC50,nM,5000.0,Cc1nc(C(CC2CC2)NC(=O)c2ccc(C)c(OCC3CC3)n2)no1,1
IZOHUZVWJNERDB-UHFFFAOYSA-N,EC50,nM,5000.0,CC(C)(C)c1nc(N2CCC3(COC3)C2)c2ncn(Cc3ccccc3Cl)c2n1,1
IZRFPZHYOUDMFS-UHFFFAOYSA-N,EC50,nM,5292.0,O=C(O)COc1cccc(N2CCC(c3nn(C4CC4)c4ccc(C(c5ccc(Cl)cc5)c5ccc(Cl)cc5)cc34)CC2)c1,1
JAVGJXJWGQAMNW-UHFFFAOYSA-N,EC50,nM,5.0,O=C(O)c1ccc(S(=O)(=O)N2CCC(c3c4cc(C(c5ccc(Cl)cc5)c5ccc(Cl)cc5)ccc4nn3C3CC3)CC2)cn1,1
JBICGUZKERYLOH-UHFFFAOYSA-N,EC50,nM,5000.0,NC(=O)C1CS(=O)(=O)CN1C(=O)c1ccc(C2(O)CCC2)c(OCC2CC2)n1,1
JBITUJBXVVXAPX-UHFFFAOYSA-N,EC50,nM,6.0,NC(=O)c1ccc(-n2nc(C3CCN(S(=O)(=O)C(F)(F)F)CC3)c3cc(C(c4ccc(Cl)cc4)c4ccc(Cl)cc4)ccc32)cc1,1
JBMWLLDBCAQPSM-UHFFFAOYSA-N,EC50,nM,112.0,CC(C)(C)OC(=O)N1CCC(c2nn(CCO)c3ccc(C(c4ccc(Cl)cc4)c4ccc(Cl)cc4)cc23)CC1,1
JCKCOPHONJRQBN-UHFFFAOYSA-N,EC50,nM,222.0,O=C(c1ccc(S(=O)(=O)NCCO)cc1)N1CCC(Nc2ncnc3ccc(C(c4ccc(Cl)cc4)c4ccc(Cl)cc4)cc23)CC1,1
JCVJZDVVPPCHQR-UHFFFAOYSA-N,EC50,nM,14.0,COC(=O)c1ccc(C(=O)N2CCC(Nc3ncnc4ccc(C(c5ccc(Cl)cc5)c5ccc(Cl)cc5)cc34)CC2)cc1,1
JEHXIKJUYGBUIV-BQYQJAHWSA-N,EC50,nM,326.0,COc1ccc(C(c2ccc3nccc(C=Cc4ccccc4)c3c2)c2nccs2)cc1,1
JESODVLFBQRLBY-UHFFFAOYSA-N,EC50,nM,5000.0,Cc1nc(C(C)(C)NC(=O)c2ccc(C3CCCO3)c(-c3cccc(Cl)c3)n2)no1,1
JFEBOMAICIPVBA-UHFFFAOYSA-N,EC50,nM,5000.0,CC(C)(C)COc1nc(N2CCC(F)(F)C2)c2cnn(Cc3ccccc3C(F)(F)F)c2n1,1
JFFGGKAWCNRCOT-UHFFFAOYSA-N,EC50,nM,5.0,O=S(=O)(N1CCC(c2[nH]nc3ccc(C(c4ccc(Cl)cc4)c4ccc(Cl)cc4)cc23)CC1)C(F)(F)F,1
JGMBEPRRCCMDEG-UHFFFAOYSA-N,EC50,nM,5000.0,CC1CN(C(=O)c2ccc(N3CC(F)(F)C3)c(OCC3CC3)n2)CC(C)O1,1
JICLKXNLNMPGGI-UHFFFAOYSA-N,EC50,nM,5000.0,CC(C)(C)c1nc(N2CCC(F)(F)C2)c2cnn(C3CS(=O)(=O)C3)c2n1,1
JIUYQCMEOQFPDW-UHFFFAOYSA-N,EC50,nM,17.0,NC(=O)c1ccc(S(=O)(=O)N2CCC(c3c4cc(C(c5ccc(Cl)cc5)c5ccc(Cl)cc5)ccc4nn3C3CC3)CC2)cc1Cl,1
JJACVRNLYFRCLO-UHFFFAOYSA-N,EC50,nM,85.0,O=C(NCCO)c1cccc(N2CCC(Nc3ncnc4ccc(C(c5ccc(Cl)cc5)c5ccc(Cl)cc5)cc34)CC2)c1,1
JMFXJJLJHCBVMO-UHFFFAOYSA-N,EC50,nM,51.0,NCCOc1nc(NCc2ccc(C(F)(F)F)cc2)c2cc(C(c3ccc(Cl)cc3)c3ccc(Cl)cc3)ccc2n1,1
JMSFUVXXVBTXLW-UHFFFAOYSA-N,EC50,nM,12.0,N#Cc1ccc(S(=O)(=O)N2CCC(Nc3ncnc4ccc(C(c5ccc(Cl)cc5)c5ccc(Cl)cc5)cc34)CC2)cc1,1
JNNDMPVOBHBNPQ-UHFFFAOYSA-N,EC50,nM,5.0,O=C(c1ccccc1)N1CCC(Nc2ncnc3ccc(C(c4ccc(Cl)cc4)c4ccc(Cl)cc4)cc23)CC1,1
JNQAIADWINAWLA-UHFFFAOYSA-N,EC50,nM,5000.0,O=C(NC(c1ccccn1)C(F)(F)F)c1cc(OCC(F)(F)F)c(C2CC2)cn1,1
JNWQBXIJVLIUBQ-SFHVURJKSA-N,EC50,nM,5000.0,CC(C)CC(NC(=O)c1ccc(N2CC(F)(F)C2)c(OCC2CC2)n1)c1cccnn1,1
JOLDAOATYHKDBL-UHFFFAOYSA-N,EC50,nM,1233.0,NC(=O)CS(=O)(=O)N1CCC(c2[nH]nc3ccc(C(c4ccc(Cl)cc4)c4ccc(Cl)cc4)cc23)CC1,1
JONIPRHLQFCBNV-UHFFFAOYSA-N,EC50,nM,5000.0,CC(CS(C)(=O)=O)(NC(=O)c1cc(OCC(F)(F)F)c(C2CC2)cn1)C(N)=O,1
JPBYGKVFMVFROO-UHFFFAOYSA-N,EC50,nM,5000.0,Cc1nc(C(C)(CS(C)(=O)=O)NC(=O)c2cc(OC(C)CF)c(C3CC3)cn2)no1,1
JPLIOCNOVARHTH-UHFFFAOYSA-N,EC50,nM,5000.0,CC(C)(NC(=O)c1ccc(C2CCCO2)c(-c2cccc(Cl)c2)n1)c1ncco1,1
JPMCDCIANNBKAA-UHFFFAOYSA-N,EC50,nM,32.0,CCOC(=O)N1CCC(c2[nH]nc3ccc(C(c4ccc(Cl)cc4)c4ccc(Cl)cc4)cc23)CC1,1
JQWZJFUKJGRGIW-UHFFFAOYSA-N,EC50,nM,5000.0,CCCn1cnc2c(N3CCC(F)(F)C3)nc(C(C)(C)C)nc21,1
JRBIJWICGJFEHP-AWEZNQCLSA-N,EC50,nM,5000.0,CC1(C)CCC(C(N)=O)N1C(=O)c1ccc(N2CC(F)(F)C2)c(OCC2CC2)n1,1
JRGRNZVIXUACGG-AWEZNQCLSA-N,EC50,nM,5000.0,CNC(=O)C(CC(C)C)NC(=O)c1cnc(C2CC2)c(OCC2CC2)n1,1
JSGVZTSNJJSVCA-INIZCTEOSA-N,EC50,nM,5000.0,CCCC(C)(CO)NC(=O)c1cc(OCC2CC2)c(Cl)cn1,1
JTBMTLQPRDBTQC-UHFFFAOYSA-N,EC50,nM,5000.0,O=C(c1cnc(N2CC(F)(F)C2)c(OCC2CC2)n1)N1CCC(F)(F)C1,1
JTDKRJSOKDUSEK-UHFFFAOYSA-N,EC50,nM,5000.0,O=C(c1ccc(N2CC(F)(F)C2)c(OCC2CC2)n1)N1CCC(O)(C(F)(F)F)C1,1
JUBNPGVYIDPNSK-MYHCZTBNSA-N,EC50,nM,5000.0,Cc1nnc(C(NC(=O)c2cc(OC(C)C(F)(F)F)c(C3(F)COC3)cn2)C(C)(C)C)o1,1
JUPWRNWZZXBOGG-UHFFFAOYSA-N,EC50,nM,41.0,COC(=O)CS(=O)(=O)N1CCC(Nc2ncnc3ccc(C(c4ccc(Cl)cc4)c4ccc(Cl)cc4)cc23)CC1,1
JUZOJWJEILOEFD-UHFFFAOYSA-N,EC50,nM,5000.0,NC(=O)CC1(NC(=O)c2ccc(C3CC3)c(OCC3CC3)n2)COC1,1
JVKTXHGUJMNDBJ-HNNXBMFYSA-N,EC50,nM,5000.0,Cc1nc(C(C)(NC(=O)c2cc(OCC(F)(F)F)c(Cl)cn2)C2CC2)no1,1
JWQZVCOGWUMBNK-ZDUSSCGKSA-N,EC50,nM,5000.0,NC(=O)C1CC(F)(F)CN1C(=O)c1ccc(N2CC(F)(F)C2)c(OCC2CC2)n1,1
JWYGNPDEMSPNOL-UHFFFAOYSA-N,EC50,nM,3.0,FC(F)(F)c1cccc(CNc2ncnc3ccc(C(c4ccc(Cl)cc4)c4ccc(Cl)cc4)cc23)c1,1
JXFLLIDPTUXXKX-UHFFFAOYSA-N,EC50,nM,115.0,O=C(O)c1cccc(S(=O)(=O)N2CCC(c3nn(C4CC4)c4ccc(C(c5ccc(Cl)cc5)c5ccc(Cl)cc5)cc34)CC2)c1,1
JYZFHDGSMQIKPU-UHFFFAOYSA-N,EC50,nM,173.0,CN(Cc1ccc(C(F)(F)F)cc1)c1ncnc2ccc(C(c3ccc(Cl)cc3)c3ccc(Cl)cc3)cc12,1
JZGGNROZSGEPAG-UHFFFAOYSA-N,EC50,nM,12.0,NC(=O)c1cc(S(=O)(=O)N2CCC(c3c4cc(C(c5ccc(Cl)cc5)c5ccc(Cl)cc5)ccc4nn3C3CC3)CC2)ccc1F,1
KALAASYKAYAYMT-UHFFFAOYSA-N,EC50,nM,124.0,Clc1ccc(C(c2ccc(Cl)cc2)c2ccc3ncnc(NC4CCN(CCc5ccccc5)CC4)c3c2)cc1,1
KDIRVAAKCRABSL-UHFFFAOYSA-N,EC50,nM,5000.0,O=C(NC1CCCCC1CO)c1cccc(C2CCCCC2)n1,1
KEVPCPNMPSKIGR-SFHVURJKSA-N,EC50,nM,5000.0,CC1(C)CCc2ccc(C(=O)NCC(C)(O)C3CC3)nc2C1,1
KFAHCXHRNCAASD-UHFFFAOYSA-N,Inhibition,%,25.0,CCOC(=O)c1c(NC(=O)C23CC4CC(CC(C4)C2)C3)sc2c1CCCC2,1
KFUCREATZIPBEJ-UHFFFAOYSA-N,EC50,nM,6048.0,O=C(O)CCC(=O)N1CCC(Nc2ncnc3ccc(C(c4ccc(Cl)cc4)c4ccc(Cl)cc4)cc23)CC1,1
KGTLQMDVZMEXMD-UHFFFAOYSA-N,EC50,nM,5000.0,COC(=O)CC1(NC(=O)c2ccc(N3CC(F)(F)C3)c(OCC3CC3)n2)CCC1,1
KHCHRKGVMRTQOF-INIZCTEOSA-N,EC50,nM,5000.0,Cc1nc(C(C)(CC2CC2)NC(=O)c2cc(OCC(F)(F)F)c(Cl)cn2)no1,1
KHSPXTXQARKTNC-UHFFFAOYSA-N,EC50,nM,339.0,O=C(O)c1ccc(S(=O)(=O)N2CCC(c3nn(C4CC4)c4ccc(C(c5ccc(Cl)cc5)c5ccc(Cl)cc5)cc34)CC2)cc1,1
KIYWEZTWWYNULU-UHFFFAOYSA-N,EC50,nM,5000.0,CC(C)(C)C(NC(=O)c1cc(OCC(F)(F)F)c(C2CC2)cn1)c1nccs1,1
KJWFNJBQDPFFOJ-UHFFFAOYSA-N,EC50,nM,43.0,O=C(O)c1ccc(CN2CCC(c3nn(C4CC4)c4ccc(C(c5ccc(Cl)cc5)c5ccc(Cl)cc5)cc34)CC2)o1,1
KKEJTRFPBKCPNU-UHFFFAOYSA-N,EC50,nM,66.0,Cn1nc(C2CCN(S(=O)(=O)c3cccc(C(=O)O)c3)CC2)c2cc(C(c3ccc(Cl)cc3)c3ccc(Cl)cc3)ccc21,1
KKXJEVRJTMPOIV-UHFFFAOYSA-N,EC50,nM,5000.0,CC(C)(CC(N)=O)NC(=O)c1ccc(N2CC(F)(F)C2)c(OCC2CC2)n1,1
KLFGGJOHOIZWHO-CMDGGOBGSA-N,EC50,nM,443.0,Cc1ccc(C=Cc2cc(=O)[nH]c3ccc(C(c4ccc(Cl)cc4)c4cccs4)cc23)cc1,1
KLXAWRGEXMGFKP-UHFFFAOYSA-N,EC50,nM,5000.0,Cc1cnc(C(C)(CC2CC2)NC(=O)c2cc(OCC(F)(F)F)c(C3CC3)cn2)s1,1
KMMCEVXUSXMDBE-UHFFFAOYSA-N,EC50,nM,13.0,O=C(O)c1cccc(CN2CCC(c3c4cc(C(c5ccc(Cl)cc5)c5ccc(Cl)cc5)ccc4nn3C3CC3)CC2)c1,1
KNHYBRQNNQTXIQ-VOTSOKGWSA-N,EC50,nM,34.6,O=c1cc(C=Cc2ccccc2)c2cc(C(c3ccc(Cl)cc3)c3nccs3)ccc2[nH]1,1
KNQGWYUXUXRLRD-FMIVXFBMSA-N,EC50,nM,5000.0,CC(C)(C)Oc1cc(C=Cc2ccccc2)c2cc(C(O)(c3ccc(Cl)cc3)c3ccc(CO)cc3)ccc2n1,1
KOQWRZFUJLKDKK-KRWDZBQOSA-N,EC50,nM,5000.0,CC(C)C(C)(CO)NC(=O)c1cc(OCC2CCC2)c(Cl)cn1,1
KPAGEHBKYZRGRG-UHFFFAOYSA-N,EC50,nM,5000.0,Cc1nc(C(C)(CC2CC2)NC(=O)c2cc(OCCF)c(C3CC3)cn2)no1,1
KPEANQWBKFHKHO-UHFFFAOYSA-N,EC50,nM,14.0,O=C(O)c1ccc(S(=O)(=O)N2CCC(Nc3ncnc4ccc(C(c5ccc(Cl)cc5)c5ccc(Cl)cc5)cc34)CC2)cc1,1
KQIHEVJPDJPBJV-SFHVURJKSA-N,EC50,nM,5000.0,Cc1nc(C(CC2CC2)NC(=O)c2cccc(-c3ccc(F)c(C(F)(F)F)c3)n2)no1,1
KQRUBBXBZIAZSN-UHFFFAOYSA-N,EC50,nM,5000.0,CC1(C(NC(=O)c2cc(OCC(F)(F)F)c(C3CC3)cn2)C(N)=O)COC1,1
KRIDTILPJXPYLF-IFGYVTRGSA-N,EC50,nM,5000.0,Cc1nc(C(C)(CC2CC2)NC(=O)c2cc(OC(C)C(F)(F)F)c(C3(F)COC3)cn2)no1,1
KRLBOEDOBAFHTI-AWEZNQCLSA-N,EC50,nM,674.1,NC(=O)C(CC1CC1)NC(=O)c1ccc(N(CC(F)(F)F)CC(F)(F)F)c(OCC2CC2)n1,1
KSHJOEVNBWAOTP-UHFFFAOYSA-N,EC50,nM,5000.0,CC(C)(C)Nc1nc(N2CCC(F)(F)C2)c2ncn(Cc3ccccc3S(C)(=O)=O)c2n1,1
KUFIFVNIKLIUEY-INIZCTEOSA-N,EC50,nM,5000.0,Cc1nc(C(CC2CC2)NC(=O)c2ccc(N3CC(F)(F)C3)c(OCC3CC3)n2)no1,1
KUICEPKSJZOVTD-KSSFIOAISA-N,EC50,nM,5000.0,CC1(O)CC(C(N)=O)N(C(=O)c2ccc(N3CC(F)(F)C3)c(OCC3CC3)n2)C1,1
KUPGJRNWKJMFBK-KRWDZBQOSA-N,EC50,nM,5000.0,COC(=O)C(CC1CC1)NC(=O)c1ccc(C2CC2)c(OCC2CC2)n1,1
KUQXFKUJVNPGRP-UHFFFAOYSA-N,EC50,nM,5000.0,Cc1noc(Cn2cnc3c(N4CC5(COC5)C4)nc(NC(C)(C)C)nc32)n1,1
KUSGPJJCAMKZRI-INIZCTEOSA-N,EC50,nM,5000.0,CC(C)CC(NC(=O)c1ccc(C2CC2)c(S(=O)(=O)CC(C)C)n1)C(N)=O,1
KWDRDSMKCSDYLL-IHBJSSOOSA-N,EC50,nM,5000.0,Cc1nc(C(C)(NC(=O)c2cc(OC(C)C(F)(F)F)c(C3CC3)cn2)C2CC2)no1,1
KWNJQZSSKRFKMZ-UHFFFAOYSA-N,EC50,nM,5000.0,CC(C)(C)C(CO)NC(=O)c1cnc(C2CC2)c(OCC2CC2)n1,1
KWNLQHPAAMOAJZ-LBOXEOMUSA-N,EC50,nM,75.0,O=c1cc(NC2CCN(S(=O)(=O)C(F)(F)F)C2)c2cc(C(c3ccc(Cl)cc3)c3nccs3)ccc2[nH]1,1
KXMVOOHKHJUDSX-BQYQJAHWSA-N,EC50,nM,5000.0,CC(C)(C)Oc1cc(C=Cc2cccc(F)c2)c2cc(C(O)(c3ccc(Cl)cc3)c3ccsc3)ccc2n1,1
KYGIEWALMOBVFJ-IMDOCLMQSA-N,Ki,nM,2831.0,OCC1OC(ON=Cc2cccc3ccccc23)C(O)C(O)C1O,1
KYSYCXLYUKDORD-ZDUSSCGKSA-N,EC50,nM,5000.0,CC(C)C(CO)NC(=O)c1cc(OCC2CC2)c(Cl)cn1,1
KZJUNZCTGCDPGM-UHFFFAOYSA-N,EC50,nM,5000.0,CC(C)(C)c1nc(N2CC(F)(F)C2)c2ncn(Cc3ncccc3Cl)c2n1,1
KZMJZRATNJTRNA-UHFFFAOYSA-N,EC50,nM,5000.0,COCC(C)(C)N(C)C(=O)c1cnc(C2CC2)c(OCC2CC2)n1,1
LAPCOZPOWRDQNC-UHFFFAOYSA-N,EC50,nM,3.0,CNC(=O)c1cc(S(=O)(=O)N2CCC(c3c4cc(C(c5ccc(Cl)cc5)c5ccc(Cl)cc5)ccc4nn3C3CC3)CC2)ccc1OC,1
LAQOLMPWGDLOIU-AWEZNQCLSA-N,EC50,nM,5000.0,NC(=O)C1CS(=O)(=O)CN1C(=O)c1ccc(C2CC2)c(OCC2CC2)n1,1
LAUQPUHHOJMUSS-UHFFFAOYSA-N,EC50,nM,236.0,NC(=O)c1ccccc1C(=O)N1CCC(c2c3cc(C(c4ccc(Cl)cc4)c4ccc(Cl)cc4)ccc3nn2C2CC2)CC1,1
LAWLJFMHFHPUPG-UHFFFAOYSA-N,EC50,nM,5000.0,Cc1nc(C(C)(COCc2ccccc2)NC(=O)c2cc(OCC(F)(F)F)c(C3CC3)cn2)no1,1
LAYQYVBWJBQDAA-UHFFFAOYSA-N,EC50,nM,5000.0,Cn1nnc(C(C)(CC2CC2)NC(=O)c2cc(OCC(F)(F)F)c(C3CC3)cn2)n1,1
LBHJHCNZYJATSA-UHFFFAOYSA-N,EC50,nM,18.0,O=S(=O)(N1CCC(c2nn(-c3ccc(OC(F)(F)F)cc3)c3ccc(C(c4ccc(Cl)cc4)c4ccc(Cl)cc4)cc23)CC1)C(F)(F)F,1
LCIYQPVAYMSKLA-CHPOKUKFSA-N,EC50,nM,5000.0,CC(Oc1cc(C(=O)NC(C(=O)N(C)C)C(C)(C)C)ncc1C1CC1)C(F)(F)F,1
LCMLUQOKSCVTNT-UHFFFAOYSA-N,EC50,nM,5000.0,CN(C)C(=O)CC1(NC(=O)c2ccc(C(F)(F)F)c(OCC3CC3)n2)COC1,1
LDBUKTPAHYATJX-RMKNXTFCSA-N,EC50,nM,1465.0,O=c1cc(C=Cc2ccc(Cl)cc2)c2cc(C(c3ccccc3)c3ccc(Cl)cc3)ccc2[nH]1,1
LDSFICTXNUDSGB-UHFFFAOYSA-N,EC50,nM,5000.0,Cc1nc(C(C)(NC(=O)c2cc(OCC(F)(F)F)c(C3CC3)cn2)C(N)=O)no1,1
LDZLVSKSXPSSRE-UHFFFAOYSA-N,EC50,nM,5000.0,CC(C)(C)c1nc(N2CCC3(COC3)C2)c2ncn(Cc3cn[nH]c3C(F)(F)F)c2n1,1
LELCIEQQGKKZQA-UHFFFAOYSA-N,EC50,nM,5000.0,COC(=O)C1CCCCC1NC(=O)c1cccc(C2CCCCC2)n1,1
LEWWVOSURJRSLS-UHFFFAOYSA-N,EC50,nM,5000.0,CC(C)(C)C(NC(=O)c1cc(OCC(F)(F)F)c(C2CC2)cn1)c1noc(N)n1,1
LFNRTBNDHAJWSH-UHFFFAOYSA-N,EC50,nM,7.0,NC(=O)c1ccc(C(=O)N2CCC(c3nn(C4CC4)c4ccc(C(c5ccc(Cl)cc5)c5ccc(Cl)cc5)cc34)CC2)cc1,1
LGFBHFVTGBPHPL-UHFFFAOYSA-N,EC50,nM,5000.0,CC(C)(C)Nc1nc(N2CCC(F)(F)C2)c2ncn(Cc3ccccc3C(F)(F)F)c2n1,1
LGVDZAZEMSRMLX-UHFFFAOYSA-N,EC50,nM,5000.0,Cn1nnnc1Cn1cnc2c(N3CCC(F)(F)C3)nc(OCC(C)(C)C)nc21,1
LHIPTDREUDDNDD-UHFFFAOYSA-N,EC50,nM,297.0,O=C(O)Cc1ccc(N2CCC(Nc3ncnc4ccc(C(c5ccc(Cl)cc5)c5ccc(Cl)cc5)cc34)CC2)cc1,1
LHLOYQDXJINIST-SNAWJCMRSA-N,EC50,nM,1375.0,O=c1cc(C=Cc2cccc(F)c2)c2cc(C(c3ccc(Cl)cc3)c3ccc(Cl)s3)ccc2[nH]1,1
LHOCIRAREVNAKF-AEZGRPFRSA-N,Inhibition,%,9.1,Cc1ccccc1C=CC(=O)NC(C)CO,1
LILYBNFCYQONOO-UHFFFAOYSA-N,EC50,nM,5000.0,O=C(c1ccc(N2CC(F)(F)C2)c(OCC2CC2)n1)N1CCC2(CC(O)CO2)C1,1
LIVIAQCOPGNLQD-KRWDZBQOSA-N,EC50,nM,5000.0,Cc1nc(C(NC(=O)c2ccc(C3CC3)c(OCC3CC3)n2)C2CC2)no1,1
LIVVTVZKMBHXDI-UHFFFAOYSA-N,EC50,nM,5000.0,NC(=O)CC1(NC(=O)c2ccc(OC(F)(F)F)c(OCC3CC3)n2)COC1,1
LJBAHUXWEOBFTN-UHFFFAOYSA-N,EC50,nM,72.0,O=C(CC(F)(F)F)N1CCC(c2[nH]nc3ccc(C(c4ccc(Cl)cc4)c4ccc(Cl)cc4)cc23)CC1,1
LKZSTALBQQUOED-UHFFFAOYSA-N,EC50,nM,1574.0,CC(C)(C)c1nc(N2CCC(F)(F)C2)c2cnn(Cc3cccnc3Cl)c2n1,1
LLNLRGARHFDLBH-UHFFFAOYSA-N,EC50,nM,5000.0,Cc1nonc1Cn1ncc2c(N3CCC(F)(F)C3)nc(C3CC3)cc21,1
LMEQETNFMWTNMT-UHFFFAOYSA-N,EC50,nM,5000.0,CC(C)(C)Nc1nc(N2CCC(F)(F)C2)c2ncn(CCC(F)(F)F)c2n1,1
LMIXPXQDAORZPD-HNNXBMFYSA-N,EC50,nM,5000.0,CC(C)CC(NC(=O)c1ccc(N2CC(O)C2)c(OCC2CC2)n1)C(N)=O,1
LMOUOSYDRNXILO-UHFFFAOYSA-N,EC50,nM,5000.0,Cc1nc(C(C)(NC(=O)c2ccc(N3CC(F)(F)C3)c(OCC3CC3)n2)C2CC2)no1,1
LMYRVRBAYFKSIL-UHFFFAOYSA-N,EC50,nM,25.0,CCOC(=O)CC(=O)N1CCC(Nc2ncnc3ccc(C(c4ccc(Cl)cc4)c4ccc(Cl)cc4)cc23)CC1,1
LOISQIXNOQGNEZ-UHFFFAOYSA-N,EC50,nM,5000.0,O=C(O)C1C2CN(C(=O)c3ccc(N4CC(F)(F)C4)c(OCC4CC4)n3)CC21,1
LPIOARKUUNUKMT-UHFFFAOYSA-N,EC50,nM,5000.0,CNC(=O)CC(C)(C)NC(=O)c1ccc(N2CC(F)(F)C2)c(OCC2CC2)n1,1
LQDOUEAVEQDWAB-INIZCTEOSA-N,EC50,nM,5000.0,CC(C)CC(CO)NC(=O)c1ccc(N2CCCC2)c(OCC2CC2)n1,1
LQTDFSNNPGGLMU-UHFFFAOYSA-N,EC50,nM,5000.0,O=C(c1ccc(N2CC(F)(F)C2)c(OCC2CC2)n1)N1CCC2(CCCO2)C1,1
LRXMNXYYCJCBQH-SFHVURJKSA-N,EC50,nM,5000.0,CC(C)CC(CNc1ccc([N+](=O)[O-])c2nonc12)NC(=O)c1ccc(N2CCCC2)c(OCC2CC2)n1,1
LSVQRCDLUWZIBR-UHFFFAOYSA-N,EC50,nM,5000.0,CC(C)C(NC(=O)c1cnc(C2CC2)c(OCC2CC2)n1)C(=O)N(C)C,1
LUMQYOBTJFMOKR-UHFFFAOYSA-N,EC50,nM,695.0,O=C(O)c1ccc(N2CCC(Nc3ncnc4ccc(C(c5ccc(Cl)cc5)c5ccc(Cl)cc5)cc34)CC2)cc1,1
LUPMYEAXUFMWAU-UHFFFAOYSA-N,EC50,nM,5000.0,CC(C)(C)c1nc(N2CCC(F)(F)C2)c2cnn(CC(=O)c3ccncc3)c2n1,1
LUTKUUHZPRBYOG-UHFFFAOYSA-N,EC50,nM,232.0,NC(=O)CS(=O)(=O)N1CCC(Nc2ncnc3ccc(C(c4ccc(Cl)cc4)c4ccc(Cl)cc4)cc23)CC1,1
LWBOSJUTCHPBQH-UHFFFAOYSA-N,EC50,nM,5000.0,NC(=O)CC1(NC(=O)c2ccc(C3(F)CCC3)c(OCC3CC3)n2)COC1,1
LWHNNHZAUBLVTM-DAFODLJHSA-N,EC50,nM,397.0,O=c1cc(C=Cc2ccc(C(F)(F)F)cc2)c2cc(C(c3ccc(Cl)cc3)c3nccs3)ccc2[nH]1,1
LWRNCHYFUYKQCI-SFHVURJKSA-N,EC50,nM,5000.0,CC(C)CC(NC(=O)c1ccc(C2CC2)c(OCc2ccccn2)n1)C(N)=O,1
LXIXVJOOIGSZFJ-ZDUSSCGKSA-N,EC50,nM,5000.0,NC(=O)C(CC1CC1)NC(=O)c1cnc(C2CC2)c(OCC2CC2)n1,1
LXTUMLGCOQXQOD-UHFFFAOYSA-N,EC50,nM,48.0,Cc1ccc(C(c2ccc(C)cc2)c2ccc3c(c2)c(C2CCN(Cc4cccc(C(=O)O)c4)CC2)nn3C2CC2)cc1,1
LXUMQNHKKAKPFQ-UHFFFAOYSA-N,EC50,nM,144.0,COc1ccc(S(=O)(=O)N2CCC(Nc3n[nH]c4ccc(C(c5ccc(Cl)cc5)c5ccc(Cl)cc5)cc34)CC2)cc1,1
LXYHSTMTYKCEGZ-ZDUSSCGKSA-N,EC50,nM,5000.0,CNC(=O)C(CC(C)C)NC(=O)c1cnc(N2CC(F)(F)C2)c(OCC2CC2)n1,1
LYHLYHGUJMNGCQ-UHFFFAOYSA-N,EC50,nM,27.0,NC(=O)c1cccc(CN2CCC(c3[nH]nc4ccc(C(c5ccc(Cl)cc5)c5ccc(Cl)cc5)cc34)CC2)c1,1
LZJTWOQQJVNFNS-UHFFFAOYSA-N,EC50,nM,152.0,COC(=O)CC(=O)N1CCC(c2[nH]nc3ccc(C(c4ccc(Cl)cc4)c4ccc(Cl)cc4)cc23)CC1,1
MAEFXTYFMVZJBB-JRZJBTRGSA-N,EC50,nM,1488.0,CC(C)CC(NC(=O)c1ccc(C2CC2)c(OCC2CCCO2)n1)C(N)=O,1
MAFKTWZURAOPCI-UHFFFAOYSA-N,EC50,nM,5000.0,COC1CN(c2ccc(C(=O)N3CS(=O)(=O)CC3C(N)=O)nc2OCC2CC2)C1,1
MAXRHXDLGBYMAD-UHFFFAOYSA-N,EC50,nM,5000.0,CC1(C)CCCN1C(=O)c1cnc(N2CC(F)(F)C2)c(OCC2CC2)n1,1
MBICEAHDHQCQLB-UHFFFAOYSA-N,EC50,nM,8.0,COc1ccc(C(c2ccc(Cl)cc2)c2ccc3[nH]c(=O)cc(NC4CCN(S(=O)(=O)C(F)(F)F)CC4)c3c2)cc1,1
MBODAZHCFYFITQ-FSOLLVOSSA-N,Ki,nM,2523.0,OCC1OC(ON=Cc2c3ccccc3cc3ccccc23)C(O)C(O)C1O,1
MBVFEESUNTYXPE-UHFFFAOYSA-N,EC50,nM,11.0,N#CC1(c2ccccc2)CCC(Nc2ncnc3ccc(C(c4ccc(Cl)cc4)c4ccc(Cl)cc4)cc23)CC1,1
MCICMIYNHFNXER-UHFFFAOYSA-N,EC50,nM,3.0,NC(=O)c1ccoc1S(=O)(=O)N1CCC(c2c3cc(C(c4ccc(Cl)cc4)c4ccc(Cl)cc4)ccc3nn2C2CC2)CC1,1
MCIVUQCGJIAZEA-UHFFFAOYSA-N,EC50,nM,15.0,COCCNc1ccc(C(c2ccc(Cl)cc2)c2cc(NCCOC)c3[nH]c(=O)cc(NC4CCN(S(=O)(=O)C(F)(F)F)CC4)c3c2)cc1,1
MDDLJHAHKFRULH-UHFFFAOYSA-N,EC50,nM,10.0,N=C(N)c1ccc(S(=O)(=O)N2CCC(Nc3ncnc4ccc(C(c5ccc(Cl)cc5)c5ccc(Cl)cc5)cc34)CC2)cc1,1
MEEVKSJWUQPWKT-UHFFFAOYSA-N,EC50,nM,7075.0,O=C(O)COc1ccc(N2CCC(c3nn(C4CC4)c4ccc(C(c5ccc(Cl)cc5)c5ccc(Cl)cc5)cc34)CC2)cc1,1
MERXAZWOTICYEO-UHFFFAOYSA-N,EC50,nM,5000.0,CC(C)(C)c1nc(N2CCC3(COC3)C2)c2ncn(Cc3[nH]ncc3C(F)(F)F)c2n1,1
MFKGFFRZRJCYDJ-UHFFFAOYSA-N,EC50,nM,4.0,COC(=O)Cc1ccc(N2CCC(Nc3ncnc4ccc(C(c5ccc(Cl)cc5)c5ccc(Cl)cc5)cc34)CC2)cc1,1
MFOLJWYDYYRNGU-UHFFFAOYSA-N,EC50,nM,11.0,NC(=O)c1cccc(S(=O)(=O)N2CCC(c3c4cc(C(c5ccc(Cl)cc5)c5ccc(Cl)cc5)ccc4nn3C3CC3)CC2)c1,1
MFZAMONDUNPEBU-UHFFFAOYSA-N,EC50,nM,5000.0,Cc1nc(C(NC(=O)c2cc(OCC(F)(F)F)c(C3CC3)cn2)C(C)(C)C)no1,1
MGDXQQYRACWOTN-UHFFFAOYSA-N,EC50,nM,30.0,COCCOc1nc(NCc2ccc(C(F)(F)F)cc2)c2cc(C(c3ccc(Cl)cc3)c3ccc(Cl)cc3)ccc2n1,1
MHHCTANFEIHAJZ-UHFFFAOYSA-N,EC50,nM,1.0,COc1ccccc1S(=O)(=O)N1CCC(c2c3cc(C(c4ccc(Cl)cc4)c4ccc(Cl)cc4)ccc3nn2C2CC2)CC1,1
MIPQYJFKTGIXIX-WFVOFKTRSA-N,EC50,nM,5000.0,CNC(=O)C(C)(NC(=O)c1cc(OC(C)C(F)(F)F)c(C2(F)COC2)cn1)c1noc(C)n1,1
MIXVNRBJTCUSOX-UHFFFAOYSA-N,EC50,nM,5000.0,CC(=O)N1CC(CC(N)=O)(NC(=O)c2ccc(N3CC(F)(F)C3)c(OCC3CC3)n2)C1,1
MJLXFOAIRSQWGD-HNNXBMFYSA-N,EC50,nM,5000.0,CC(C)CC(NC(=O)c1ccc(Br)c(Oc2ccc(F)cc2)n1)C(N)=O,1
MLHWOMIJFJUXNK-UHFFFAOYSA-N,EC50,nM,477.0,O=C(O)CC(=O)N1CCC(c2nn(C3CC3)c3ccc(C(c4ccc(Cl)cc4)c4ccc(Cl)cc4)cc23)CC1,1
MLVAGLLUHSSLOL-SFHVURJKSA-N,EC50,nM,5000.0,O=C(NC(CC1CC1)c1nccs1)c1cccc(-c2cccc(Cl)c2)n1,1
MLVUVUXFLTZQMZ-OKILXGFUSA-N,EC50,nM,5000.0,O=C(c1ccc(N2CC(F)(F)C2)c(OCC2CC2)n1)N1C2CCC1COC2,1
MMQYDHUHZHIMHQ-UHFFFAOYSA-N,EC50,nM,5000.0,Cc1nnc(Cn2ncc3c(N4CC=C(F)C4)nc(C(C)(C)C)nc32)n1C,1
MNIKSBBWBZVVQV-UHFFFAOYSA-N,EC50,nM,4.0,COc1nc(NC2CCN(S(=O)(=O)C(F)(F)F)CC2)c2cc(C(c3ccc(Cl)cc3)c3ccc(Cl)cc3)ccc2n1,1
MNIPANZRLRIDDG-UHFFFAOYSA-N,EC50,nM,2330.0,CC(C)(C)OC(=O)N1CC(CNc2cc(=O)[nH]c3ccc(C(c4ccc(Cl)cc4)c4nccs4)cc23)C1,1
MNLDWXWCEZCBSH-UHFFFAOYSA-N,EC50,nM,5000.0,CC(C)(C)COc1nc(N2CCC(F)(F)C2)c2[nH]cnc2n1,1
MNVJXLACEBDMRB-AWEZNQCLSA-N,EC50,nM,603.2,CNC(=O)C(CC(C)(C)C)NC(=O)c1ccc(C2CC2)c(OCC(F)(F)C(F)(F)F)n1,1
MORMVYKASWEGJQ-UHFFFAOYSA-N,EC50,nM,5000.0,CC(C)(C)Nc1nc(N2CC3(COC3)C2)c2ncn(Cc3ccccc3C(F)(F)F)c2n1,1
MPBMGCXDJTZZBU-UHFFFAOYSA-N,EC50,nM,5000.0,Cc1nc(C(C)(CS(C)(=O)=O)NC(=O)c2cc(OCC(F)(F)F)c(C3=CCC3)cn2)no1,1
MPOUHKAFHTYLIW-UHFFFAOYSA-N,EC50,nM,8.0,O=S(=O)(N1CCC(c2nn(-c3nccs3)c3ccc(C(c4ccc(Cl)cc4)c4ccc(Cl)cc4)cc23)CC1)C(F)(F)F,1
MPZLBHNPCIQCKS-UHFFFAOYSA-N,EC50,nM,5000.0,CNC(=O)C(CC1CCC1)NC(=O)c1cnc(C2CC2)c(OCC2CC2)n1,1
MQCONLRJHYLJPS-UHFFFAOYSA-N,EC50,nM,5000.0,Cc1nonc1Cn1cnc2c(N3CCSC3)nc(C(C)(C)C)nc21,1
MQRMXQYDELWYCH-UHFFFAOYSA-N,EC50,nM,5000.0,Cn1nnnc1Cn1cnc2c(N3CCC(F)(F)C3)nc(NC(C)(C)C)nc21,1
MRTFDMPERRWNRO-UXGAWINSSA-N,Ki,nM,1281.0,COC(=O)C1OC(SC2C=CC3C4Cc5ccc(OC)c6c5C3(CCN4C)C2O6)C(OC(C)=O)C(OC(C)=O)C1OC(C)=O,1
MSHMYQIZWKZZIW-UHFFFAOYSA-N,EC50,nM,5000.0,O=C(c1ccc(C2CC2)c(OCC2CC2)n1)N1CCC(CO)(C(F)(F)F)C1,1
MSJVKYZIKNZKMC-UHFFFAOYSA-N,EC50,nM,5000.0,CC(C)(NC(=O)c1ccc(C2CCCO2)c(-c2cccc(Cl)c2)n1)c1nccs1,1
MSUFNCXRNKWDMI-UHFFFAOYSA-N,EC50,nM,5000.0,CC(CC(N)=O)(NC(=O)c1cc(OCCF)c(C2CC2)cn1)C1CC1,1
MSUMVCBOHYAJPM-KRWDZBQOSA-N,EC50,nM,5000.0,COCCOCC(CC1CC1)NC(=O)c1ccc(N2CC(F)(F)C2)c(OCC2CC2)n1,1
MTVYBHSVYWTFLM-KRWDZBQOSA-N,EC50,nM,5000.0,CNC(=O)C(CC(C)(C)C)NC(=O)c1cccc(-c2cccc(Cl)c2)n1,1
MUAYZBBEKLOADW-UHFFFAOYSA-N,EC50,nM,165.0,O=C(O)c1csc(CN2CCC(Nc3ncnc4ccc(C(c5ccc(Cl)cc5)c5ccc(Cl)cc5)cc34)CC2)c1,1
MUTBMRMXINXQGN-HNNXBMFYSA-N,EC50,nM,5000.0,NC(=O)C(CC1CC1)NC(=O)c1ccc(N2CCC(F)(F)C2)c(OCC2CC2)n1,1
MVCJVZAKXBZXRD-SFHVURJKSA-N,EC50,nM,5000.0,Cc1nc(C(C)(CC2CC2)NC(=O)c2cc(OCC(F)(F)F)c(N3CC(F)(F)C3)cn2)no1,1
MWJGZICCZOWOMK-UHFFFAOYSA-N,EC50,nM,474.0,O=C(O)c1ccc(N2CCC(c3c4cc(C(c5ccc(Cl)cc5)c5ccc(Cl)cc5)ccc4nn3C3CC3)CC2)cc1,1
MWYNPFGSUFEWGS-APDXDRDNSA-N,EC50,nM,110.0,Cc1nc(C(C)(NC(=O)c2cc(OC(C)C(F)(F)F)c(N3CC(F)(F)C3)cn2)C2CC2)no1,1
MXHXRSAORMTNAA-UHFFFAOYSA-N,EC50,nM,5000.0,O=C(O)CC1(NC(=O)c2ccc(N3CC(F)(F)C3)c(OCC3CC3)n2)CCOCC1,1
MXKLWLHQXVFTGX-UHFFFAOYSA-N,EC50,nM,5000.0,Cc1nc(C(C)(CS(C)(=O)=O)NC(=O)c2cc(OCC(F)(F)F)c(C3(O)CCC3)cn2)no1,1
MYNYFNXTNRKKPO-UHFFFAOYSA-N,EC50,nM,5000.0,CC1(O)CN(c2nc(C(C)(C)C)nc3c2ncn3Cc2ncccc2Cl)C1,1
MYUQOPHXVWCFSN-UHFFFAOYSA-N,EC50,nM,5000.0,CC(C)C(NC(=O)c1cnc(N2CC(F)(F)C2)c(OCC2CC2)n1)C(=O)N(C)C,1
MZKXTMPHVYYCQK-UHFFFAOYSA-N,IC50,nM,2288.0,O=S(=O)(NCC1CCCO1)c1ccc(Nc2ccc(Cl)cc2Cl)cc1C(F)(F)F,1
NAMLSGBZHPQTMC-UHFFFAOYSA-N,EC50,nM,5000.0,Cc1nonc1Cn1cnc2c(N3CCC(F)(F)C3)nc(NC(C)(C)C)nc21,1
NAUSXSDYQDNOSP-UHFFFAOYSA-N,EC50,nM,5000.0,NC(=O)CC1(NC(=O)c2ccc(C(F)(F)F)c(OCC3CC3)n2)CSC1,1
NAVSCPMNDCTLRV-UHFFFAOYSA-N,EC50,nM,11.0,FC(F)(F)c1ccc(CNc2ncnc3ccc(C(c4ccc(Cl)cc4)c4ccc(Cl)cc4)cc23)cc1,1
NBDOHHAJAISYEH-UHFFFAOYSA-N,EC50,nM,433.1,CC(C)(C)c1nc(N2CCC(F)(F)C2)c2ncn(Cc3cccnc3Cl)c2n1,1
NCBMUQKCFYLFHV-UHFFFAOYSA-N,EC50,nM,41.0,O=C(O)c1ccc(S(=O)(=O)N2CCC(Nc3nc(OCCO)nc4ccc(C(c5ccc(Cl)cc5)c5ccc(Cl)cc5)cc34)CC2)cc1,1
NCCOAAKBWVQQEI-UHFFFAOYSA-N,EC50,nM,134.0,O=C(CO)N1CCC(c2c3cc(C(c4ccc(Cl)cc4)c4ccc(Cl)cc4)ccc3nn2C2CC2)CC1,1
NCYNLQAEJJGHLS-UHFFFAOYSA-N,EC50,nM,5000.0,Cc1nc(C(C)(CS(C)(=O)=O)NC(=O)c2cc(OCCF)c(C3CC3)cn2)no1,1
NFLXZTYKEAXNSP-ZDUSSCGKSA-N,EC50,nM,5000.0,COCCOc1nc(C(=O)NC(CC(C)C)C(N)=O)ccc1N1CC(F)(F)C1,1
NGGOAGULJRLHTJ-MDZDMXLPSA-N,EC50,nM,3200.0,O=c1cc(C=Cc2cccc(F)c2)c2cc(C(c3ccccc3)c3ccc(Cl)cc3)ccc2[nH]1,1
NJHFGTZIMLNFOJ-UHFFFAOYSA-N,Inhibition,%,25.0,CCOC(=O)c1cc(-c2ccccc2)sc1NC(=O)c1cccc2ccccc12,1
NKYXZZDMMLHPOW-UHFFFAOYSA-N,EC50,nM,49.0,O=C(c1cn[nH]n1)N1CCC(c2[nH]nc3ccc(C(c4ccc(Cl)cc4)c4ccc(Cl)cc4)cc23)CC1,1
NLIJQLLYUVUMPM-UHFFFAOYSA-N,EC50,nM,4.4,O=c1cc(NC2CCN(S(=O)(=O)C(F)(F)F)CC2)c2cc(C(c3ccc(Cl)cc3)c3nccs3)ccc2[nH]1,1
NLSYUGWDLJLVGG-PKHIMPSTSA-N,EC50,nM,5000.0,CNC(=O)C(CC(C)(C)C)NC(=O)c1ccc(C2CC2)c(OCC2CCCO2)n1,1
NMZYVKTYTOVGHO-UHFFFAOYSA-N,EC50,nM,32.0,O=c1nc(NC2CCN(S(=O)(=O)C(F)(F)F)CC2)c2cc(C(c3ccc(Cl)cc3)c3ccc(Cl)cc3)ccc2[nH]1,1
NNGOZJUFNOLNJZ-UHFFFAOYSA-N,EC50,nM,7.0,O=C(CC(F)(F)F)N1CCC(Nc2ncnc3ccc(C(c4ccc(Cl)cc4)c4ccc(Cl)cc4)cc23)CC1,1
NNHMWNQENRJFHE-UHFFFAOYSA-N,EC50,nM,176.0,O=C(O)c1ccc(CN2CCC(Nc3ncnc4ccc(C(c5ccc(Cl)cc5)c5ccc(Cl)cc5)cc34)CC2)s1,1
NONSXEVKKKFHIW-UHFFFAOYSA-N,EC50,nM,14.0,O=C(O)c1cccc(CN2CCC(c3c4cc(C(c5ccc(Cl)cc5)c5ccc(Cl)cc5)ccc4nn3C3CC3)CC2)n1,1
NOTSKNXKSRDKGQ-KRWDZBQOSA-N,EC50,nM,5000.0,CNC(=O)C(CC(C)C)NC(=O)c1cccc(-c2ccccc2)n1,1
NOXIHUKXXFIPBD-IFGYVTRGSA-N,EC50,nM,5000.0,Cc1nc(C(C)(CS(C)(=O)=O)NC(=O)c2cc(OC(C)C(F)(F)F)c(C3CCC3)cn2)no1,1
NPBNQYRANOEOIG-SREVYHEPSA-N,EC50,nM,3270.0,OC(c1ccc(Cl)cc1)(c1ccc2nccc(C=Cc3ccccc3)c2c1)c1cscn1,1
NPFIGBPBAPXXAC-HNNXBMFYSA-N,EC50,nM,5000.0,CC(C)CC(NC(=O)c1cc(OCC2CC2)c(C2CC2)cn1)C(N)=O,1
NPIAKGYVHUCRPU-UHFFFAOYSA-N,EC50,nM,5000.0,CC(CF)Oc1cc(C(=O)NC2(CC(N)=O)CS(=O)(=O)C2)ncc1C1CC1,1
NPOSXWDUCSOJAX-UHFFFAOYSA-N,EC50,nM,5000.0,O=C(c1cnc(N2CC(F)(F)C2)c(OCC2CC2)n1)N1CC(F)(F)C(F)(F)C1,1
NPTFKCLVDGOWEX-SFHVURJKSA-N,EC50,nM,144.6,O=C(NC(c1cccnc1)C(F)(F)F)c1cc(Cc2ccc(F)cc2)c(Cl)cn1,1
NPVJSXVKTDEMPP-UHFFFAOYSA-N,EC50,nM,5000.0,CNC(=O)CC1(NC(=O)c2ccc(N3CC(F)(F)C3)c(OCC3CC3)n2)COC1,1
NQQFWSXIDTZQNE-AWEZNQCLSA-N,EC50,nM,5000.0,CN(C)C(=O)C(CC1CC1)NC(=O)c1cnc(N2CC(F)(F)C2)c(OCC2CC2)n1,1
NQVCAKNWBKOEJZ-UHFFFAOYSA-N,EC50,nM,37.0,O=C(CCO)N1CCC(c2nn(C3CC3)c3ccc(C(c4ccc(Cl)cc4)c4ccc(Cl)cc4)cc23)CC1,1
NROCUKIGRPZJGT-LBPRGKRZSA-N,EC50,nM,5000.0,CS(=O)(=O)CCC(NC(=O)c1ccc(N2CC(F)(F)C2)c(OCC2CC2)n1)C(N)=O,1
NRSPPXZUSOPROE-UHFFFAOYSA-N,EC50,nM,166.0,O=C(CCO)N1CCC(c2c3cc(C(c4ccc(Cl)cc4)c4ccc(Cl)cc4)ccc3nn2C2CC2)CC1,1
NRYZRGICVYSSFA-UHFFFAOYSA-N,EC50,nM,5000.0,CC(C)(C)c1nc(N2CC(F)(F)C(F)(F)C2)c2ncn(Cc3cccc(Cl)c3)c2n1,1
NSQXRZAAAOFSHC-LBPRGKRZSA-N,EC50,nM,5000.0,CC(NC(=O)c1cnc(C2CC2)c(OCC2CC2)n1)c1ccccn1,1
NSZZLZAANRBJPW-UHFFFAOYSA-N,EC50,nM,22.0,NC(=O)c1csc(CS(=O)(=O)N2CCC(c3nn(C4CC4)c4ccc(C(c5ccc(Cl)cc5)c5ccc(Cl)cc5)cc34)CC2)c1,1
NTFFINIQPLPSNO-UHFFFAOYSA-N,EC50,nM,2.0,Clc1ccc(C(c2ccc(Cl)cc2)c2ccc3ncnc(NC4CCN(c5ncccn5)CC4)c3c2)cc1,1
NTNHGPUINBXKHW-UHFFFAOYSA-N,EC50,nM,5000.0,O=C(NC1CCCCC1O)c1cccc(C2CCCCC2)n1,1
NULYHVPRJIQRFR-UHFFFAOYSA-N,EC50,nM,3262.0,O=C(O)CCNC(=O)c1ccc(-n2nc(C3CCN(S(=O)(=O)C(F)(F)F)CC3)c3cc(C(c4ccc(Cl)cc4)c4ccc(Cl)cc4)ccc32)cc1,1
NWVJFJMMTDLCED-UHFFFAOYSA-N,EC50,nM,16.0,O=C(O)c1ccc(CN2CCC(c3c4cc(C(c5ccc(Cl)cc5)c5ccc(Cl)cc5)ccc4nn3C3CC3)CC2)s1,1
NXGWZNKNKWKYTI-AWEZNQCLSA-N,EC50,nM,5000.0,O=C(NC1CCOC1=O)c1ccc(C2CC2)c(OCC2CC2)n1,1
NYIPIZUMPGDAEE-CYQMCQFNSA-N,EC50,nM,190.0,Cc1nc(C(C)(CS(C)(=O)=O)NC(=O)c2cc(OC(C)C(F)(F)F)c(Cl)cn2)no1,1
NYYDCWGQJOYTNM-HNNXBMFYSA-N,EC50,nM,5000.0,COCCOc1nc(C(=O)NC(CC(C)C)C(N)=O)ccc1C1CC1,1
NYZBPJULWFAINQ-FQEVSTJZSA-N,EC50,nM,5000.0,CC(NC(=O)c1cnc(N2CC(F)(F)C2)c(OCC2CC2)n1)(C(N)=O)c1ccccc1,1
NZLXQSVAQWMGCX-UHFFFAOYSA-N,EC50,nM,5000.0,O=C(c1cnc(C2CC2)c(OCC2CC2)n1)N1CCOCC12CC2,1
NZONLJKIVMWRGM-UHFFFAOYSA-N,EC50,nM,5000.0,Cc1nc(C(C)(CC2CC2)NC(=O)c2cc(OCC(F)(F)F)c(C3CCC3)cn2)no1,1
NZSQPGPPRBJKIG-UHFFFAOYSA-N,EC50,nM,5000.0,NC(=O)C1CS(=O)CN1C(=O)c1ccc(N2CC(F)(F)C2)c(OCC2CC2)n1,1
OAFQSAJILYGEKX-UHFFFAOYSA-N,EC50,nM,271.0,NC(=O)Cc1ccc(N2CCC(c3nn(C4CC4)c4ccc(C(c5ccc(Cl)cc5)c5ccc(Cl)cc5)cc34)CC2)cc1,1
OAKRXGHCBOVQLB-UHFFFAOYSA-N,IC50,nM,5000.0,CCc1sc2ccccc2c1C(=O)c1ccc(OC)cc1,1
OARNOEZDVNPGSL-UHFFFAOYSA-N,EC50,nM,5000.0,CC(C)(C)c1nc(N2CCC(F)(F)C2)c2ncn(CC3CCCCC3)c2n1,1
OATFTHJWHJTOIA-UHFFFAOYSA-N,EC50,nM,5000.0,Cc1nonc1Cn1cnc2c(N3CCC(F)(F)C3)nc(C(C)(C)C)nc21,1
OBMRNEJLBJQKKS-UHFFFAOYSA-N,EC50,nM,5000.0,NC(=O)CC1(NC(=O)c2ccc(N3CC(F)(F)C3)c(OCC3CC3)n2)CCS(=O)(=O)CC1,1
OBVINBNMUTWSST-KRWDZBQOSA-N,EC50,nM,5000.0,CC(C)(O)C(CC1CC1)NC(=O)c1ccc(N2CC(F)(F)C2)c(OCC2CC2)n1,1
OCKCPJFFEGDZHV-UHFFFAOYSA-N,EC50,nM,56.0,O=C(O)c1cccc(CN2CCC(c3[nH]nc4ccc(C(c5ccc(Cl)cc5)c5ccc(Cl)cc5)cc34)CC2)c1,1
OCLQZCICNSPTMA-UHFFFAOYSA-N,EC50,nM,20.0,O=c1cc(NC2CCN(S(=O)(=O)C(F)(F)F)CC2)c2cc(C(c3ccc(Cl)cc3)c3ccc(Cl)c(Cl)c3)ccc2[nH]1,1
OCQBBTUBSLMEAO-UHFFFAOYSA-N,EC50,nM,31.0,O=S(=O)(N1CCC(c2nn(-c3ccccc3Cl)c3ccc(C(c4ccc(Cl)cc4)c4ccc(Cl)cc4)cc23)CC1)C(F)(F)F,1
ODGIIGXXHJHUNH-UHFFFAOYSA-N,EC50,nM,8.0,NC(=O)c1cccc(CN2CCC(c3nn(C4CC4)c4ccc(C(c5ccc(Cl)cc5)c5ccc(Cl)cc5)cc34)CC2)c1,1
ODQUIORBACGPGL-UHFFFAOYSA-N,EC50,nM,5000.0,O=C(O)CS(=O)(=O)N1CCC(c2nn(C3CC3)c3ccc(C(c4ccc(Cl)cc4)c4ccc(Cl)cc4)cc23)CC1,1
OECSVXTWFPBKNL-FQEVSTJZSA-N,EC50,nM,5000.0,CC(C)CC(NC(=O)c1ccc(C2CC2)c(Cc2ccc(F)cc2)n1)C(=O)O,1
OFNNUYUHBUJVOS-UHFFFAOYSA-N,EC50,nM,1653.0,O=C(O)CC(=O)N1CCC(c2[nH]nc3ccc(C(c4ccc(Cl)cc4)c4ccc(Cl)cc4)cc23)CC1,1
OGXMVGDHAPUYCP-INIZCTEOSA-N,EC50,nM,5000.0,NC(=O)C1CCCCN1C(=O)c1ccc(C2CC2)c(OCC2CC2)n1,1
OHPQSVQELCZOCS-UHFFFAOYSA-N,EC50,nM,5000.0,NC(=O)CC1(NC(=O)c2ccc(N3CC(F)(F)C3)c(OCC3CC3)n2)CNC1,1
OIENFDBIJFMZSG-UHFFFAOYSA-N,EC50,nM,2.0,COc1ccc(C(c2ccc(OC)cc2)c2ccc3n[nH]c(C4CCN(S(=O)(=O)C(F)(F)F)CC4)c3c2)cc1,1
OIKQHHTVMFDBDI-UHFFFAOYSA-N,EC50,nM,5000.0,CNC(=O)C(CC1CCC1)NC(=O)c1cnc(N2CC(F)(F)C2)c(OCC2CC2)n1,1
OKZWKSUKSMFPSE-UHFFFAOYSA-N,EC50,nM,63.0,NC(=O)c1ccc(S(=O)(=O)N2CCC(c3nn(C4CC4)c4ccc(C(c5ccc(Cl)cc5)c5ccc(Cl)cc5)cc34)CC2)cc1,1
OLPGTIYHMRKFBU-SFHVURJKSA-N,EC50,nM,5000.0,CN(C)C(=O)C(CC1CC1)NC(=O)c1ccc(C2CC2)c(OCC2CC2)n1,1
OMJKDKUDNPHJGY-AWEZNQCLSA-N,EC50,nM,5000.0,NC(=O)C(CC1CC1)NC(=O)c1ccc(N2CC(F)(F)C2)c(OCC2CC2)n1,1
OMQNCLGQJHKZCM-UHFFFAOYSA-N,EC50,nM,5000.0,COc1ccc(Cn2ncc3c(N4CCC(F)(F)C4)nc(C(C)(C)C)nc32)cc1,1
OMXHNXHSWWODTI-UHFFFAOYSA-N,EC50,nM,5000.0,NC(=O)CC1(NC(=O)c2ccc(C3CC3)c(OCC3CC3)n2)CS(=O)(=O)C1,1
ONBQIQJKDPPBLI-UHFFFAOYSA-N,EC50,nM,134.0,NC(=O)c1ccc(CN2CCC(c3nn(C4CC4)c4ccc(C(c5ccc(Cl)cc5)c5ccc(Cl)cc5)cc34)CC2)cc1,1
ONOFWQOMNXXKBI-INIZCTEOSA-N,EC50,nM,5000.0,NC(=O)C(NC(=O)c1cnc(C2CC2)c(OCC2CC2)n1)c1ccccc1,1
ONSVWVNIJRHKCX-HNNXBMFYSA-N,EC50,nM,5000.0,NC(=O)C(NC(=O)c1ccc(C2CC2)c(OCC(F)(F)F)n1)c1ccccc1,1
ONTYEGURWWIAAP-UHFFFAOYSA-N,EC50,nM,21.0,OCC(CO)(CO)COc1nc(NCc2cccc(C(F)(F)F)c2)c2cc(C(c3ccc(Cl)cc3)c3ccc(Cl)cc3)ccc2n1,1
OODRJGSRBPRQHH-UHFFFAOYSA-N,EC50,nM,5000.0,CC(Oc1nc(C(=O)N(C)C(C)(C)C)ccc1C1CC1)C(F)(F)F,1
OPHBSQRNATYTEN-UHFFFAOYSA-N,EC50,nM,5000.0,NC(=O)CC1(NC(=O)c2ccc(C3CC3)c(OCC(F)(F)C(F)(F)F)n2)COC1,1
OPSCDCOPAOGRNL-UHFFFAOYSA-N,EC50,nM,5000.0,Cc1nc(C(C)(CS(C)(=O)=O)NC(=O)c2cc(OCC(F)(F)F)c(N3CC(F)(F)C3)cn2)no1,1
OPUGYAHOMJQZBR-BQYQJAHWSA-N,EC50,nM,426.0,COc1ccc(C(c2ccc(Cl)cc2)c2ccc3[nH]c(=O)cc(C=Cc4ccccc4)c3c2)cc1,1
ORPISZNLZCHXGF-UHFFFAOYSA-N,EC50,nM,283.0,NC(=O)c1ccc(C(=O)N2CCC(c3c4cc(C(c5ccc(Cl)cc5)c5ccc(Cl)cc5)ccc4nn3C3CC3)CC2)cc1,1
OSQCEKCMLJWVLL-UHFFFAOYSA-N,Inhibition,%,25.0,CCOC(=O)c1cc(-c2ccccc2)sc1NS(=O)(=O)c1ccccc1,1
OSZDBGQFHSASCO-UHFFFAOYSA-N,EC50,nM,10.0,O=c1cc(NC2CCN(S(=O)(=O)C(F)(F)F)CC2)c2cc(C(c3ccc(Cl)cc3)c3ccc4c(c3)OCO4)ccc2[nH]1,1
OTMMQIOVTVASAQ-UHFFFAOYSA-N,EC50,nM,1488.0,O=S(=O)(N1CCN(c2nn(S(=O)(=O)C(F)(F)F)c3ccc(C(c4ccc(Cl)cc4)c4ccc(Cl)cc4)cc23)CC1)C(F)(F)F,1
OTOHMAPKUMALIJ-UHFFFAOYSA-N,EC50,nM,5000.0,CNC(=O)C(NC(=O)c1cc(OCC(F)(F)F)c(C2CC2)cn1)C(C)(C)O,1
OTSOYXPPWPAFFH-UHFFFAOYSA-N,EC50,nM,2141.9,Cc1nc(C(NC(=O)c2ccc(C3CC3)c(OCC3CCOCC3)n2)C2CC2)no1,1
OTUHUXGJAQHLLR-UHFFFAOYSA-N,EC50,nM,5000.0,CN(C(=O)c1ccc(C(F)(F)F)c(OCC2CCCO2)n1)C(C)(C)C,1
OUCJPOJSVOZYIN-UHFFFAOYSA-N,EC50,nM,5000.0,CC(C)(C)c1nc(N2CC(O)(C(F)(F)F)C2)c2ncn(Cc3ncccc3Cl)c2n1,1
OVABTRALKDLHGA-UHFFFAOYSA-N,EC50,nM,5000.0,CC1CC(NC(=O)c2cccc(-c3cccc(Cl)c3)n2)CCO1,1
OVOUZJZYSYUYSK-AWEZNQCLSA-N,EC50,nM,5000.0,CNC(=O)C(CC1CC1)NC(=O)c1cnc(C2CC2)c(OCC2CC2)n1,1
OVXTUYCWDXBHEO-UHFFFAOYSA-N,EC50,nM,91.0,FC(F)(F)c1ccc(Nc2ncnc3ccc(C(c4ccc(Cl)cc4)c4ccc(Cl)cc4)cc23)cc1,1
OWOOBPCYJZJZHZ-SFHVURJKSA-N,EC50,nM,167.3,NC(=O)C1CC(F)(F)CN1C(=O)c1ccc(C2CC2)c(Cc2ccc(F)cc2)n1,1
OXCWDJBBNIVBSM-UHFFFAOYSA-N,EC50,nM,5000.0,CNC(=O)CC(C)(NC(=O)c1cc(OCC(F)(F)F)c(C2CC2)cn1)C1CC1,1
OXRFXJJLBLXLSS-XLLULAGJSA-N,EC50,nM,5000.0,CNC(=O)C(NC(=O)c1cc(OC(C)C(F)(F)F)c(C2(F)COC2)cn1)C(C)(C)C,1
OXTZLTSOFIJJJG-UHFFFAOYSA-N,EC50,nM,5000.0,CCOC(=O)C1(CNC(=O)c2ccc(N3CC(F)(F)C3)c(OCC3CC3)n2)CC1,1
OZGRGBIAMHGMHW-UHFFFAOYSA-N,EC50,nM,5000.0,O=C(NC1CCCOC1)c1cccc(-c2cccc(Cl)c2)n1,1
OZWRVBXQKWPWAA-OKILXGFUSA-N,EC50,nM,5000.0,O=C(c1ccc(N2CC(F)(F)C2)c(OCC2CC2)n1)N1CC2COCC2C1,1
PACWXBITGZWEJG-AWEZNQCLSA-N,EC50,nM,5000.0,NC(=O)C1CSCN1C(=O)c1ccc(C2CC2)c(OCC2CC2)n1,1
PBALYXLMTPWHGV-KRWDZBQOSA-N,EC50,nM,230.6,CNC(=O)C(CC(C)C)NC(=O)c1ccc(C2CC2)c(OCC2CC2)n1,1
PCLDQNWWFKZHCH-WHUIICBVSA-N,EC50,nM,5000.0,CC(Oc1cc(C(=O)NC(C(=O)N2CCC2)C(C)(C)C)ncc1C1CC1)C(F)(F)F,1
PCXZWAUSVDAFII-UHFFFAOYSA-N,EC50,nM,215.0,NC(=O)c1cccc(CNc2ncnc3ccc(C(c4ccc(Cl)cc4)c4ccc(Cl)cc4)cc23)c1,1
PDHSWKNVJLCUNE-UHFFFAOYSA-N,EC50,nM,75.0,Nc1nc(NC2CCN(S(=O)(=O)C(F)(F)F)CC2)c2cc(C(c3ccc(Cl)cc3)c3ccc(Cl)cc3)ccc2n1,1
PDPLGIJQHUVTMP-UHFFFAOYSA-N,EC50,nM,5000.0,O=C(NC(CCO)C1CC1)c1cc(OCC2CC2)c(Cl)cn1,1
PEAZXMFSZVTOBX-UHFFFAOYSA-N,EC50,nM,5000.0,CC(C)(C)c1nc(N2CCC3(COC3)C2)c2ncn(Cc3cccc(Cl)c3)c2n1,1
PENUISMKHCSECH-UHFFFAOYSA-N,EC50,nM,37.0,O=C(NCCO)c1ccc(-n2nc(C3CCN(S(=O)(=O)C(F)(F)F)CC3)c3cc(C(c4ccc(Cl)cc4)c4ccc(Cl)cc4)ccc32)cc1,1
PFAAMXDGDGACLJ-UHFFFAOYSA-N,EC50,nM,20.0,O=C(NCCCOc1ccc(CO)cc1)c1ccc(S(=O)(=O)N2CCC(Nc3ncnc4ccc(C(c5ccc(Cl)cc5)c5ccc(Cl)cc5)cc34)CC2)cc1,1
PFKSUNPTLIPHDC-UHFFFAOYSA-N,Inhibition,%,25.0,CCOC(=O)c1c(NS(C)(=O)=O)sc2c1CCCC2,1
PGKCLHMFUMHWFJ-QFIPXVFZSA-N,EC50,nM,13.6,Cc1nc(C(CC2CC2)NC(=O)c2ccc(C3CC3)c(Cc3ccc(F)cc3)n2)no1,1
PGRDFLMVBWNBFP-UHFFFAOYSA-N,EC50,nM,5000.0,Cc1csc(C(C)(CC2CC2)NC(=O)c2cc(OCC(F)(F)F)c(C3CC3)cn2)n1,1
PHCZFHXFRVWXOW-UHFFFAOYSA-N,EC50,nM,5000.0,O=C(c1cnc(C2CC2)c(OCC2CC2)n1)N1CC(F)(F)C(F)(F)C1,1
PHDMSLNSTZSFOO-UHFFFAOYSA-N,EC50,nM,5000.0,Cc1nc(C(CC(C)C)NC(=O)c2ccc(C3CC(F)(F)C3)c(OCC3CC3)n2)no1,1
PHEANVOLZZBJSE-UHFFFAOYSA-N,EC50,nM,144.0,CC(C)(C)OC(=O)N1CCC(c2[nH]nc3ccc(C(c4ccc(Cl)cc4)c4ccc(Cl)cc4)cc23)CC1,1
PHGPWHPEFFHWNO-CMDGGOBGSA-N,EC50,nM,5000.0,OC(c1ccc(Cl)cc1)(c1ccc2nccc(C=Cc3ccccc3)c2c1)c1cccs1,1
PHKMBHSVEAYADC-UHFFFAOYSA-N,EC50,nM,1100.0,O=c1cc(NC2CCN(S(=O)(=O)C(F)(F)F)CC2)c2cc(C(Cc3ccc(F)cc3)c3ccc(Cl)cc3)ccc2[nH]1,1
PHRIUIOMXALSLS-UHFFFAOYSA-N,EC50,nM,601.9,CCC(CC)(NC(=O)c1ccc(C(F)(F)F)c(OCC2CCCO2)n1)C(=O)N(C)C,1
PJVWIRBYDQLUNG-UHFFFAOYSA-N,EC50,nM,5000.0,NC(=O)CC1(NC(=O)c2ccc(C3CC3)c(Cc3ccc(F)cc3)n2)CN(C(=O)OCc2ccccc2)C1,1
PKABREPKFFHQMY-UHFFFAOYSA-N,EC50,nM,42.0,OCCCCOc1nc(NCc2cccc(C(F)(F)F)c2)c2cc(C(c3ccc(Cl)cc3)c3ccc(Cl)cc3)ccc2n1,1
PKBPILCEVHUOOA-JINQPTGOSA-N,EC50,nM,657.0,CC(C)(C)OC(=O)N1CCC(Nc2cc(=O)[nH]c3ccc(C(c4ccc(Cl)cc4)c4nccs4)cc23)C1,1
PKDOXNQAGIORSR-UHFFFAOYSA-N,EC50,nM,5000.0,O=C(c1ccc(C2CC2)c(OCC2CC2)n1)N1CCC(O)(C(F)(F)F)C1,1
PKDPNSWTMNPJIH-JRZJBTRGSA-N,EC50,nM,5000.0,NC(=O)C(CC1CC1)NC(=O)c1ccc(C2CCOC2)c(OCC2CC2)n1,1
PLBNWVDUFQRHMY-UHFFFAOYSA-N,EC50,nM,5000.0,CC(CC(N)=O)(NC(=O)c1cc(OCC(F)(F)F)c(C2(F)CCC2)cn1)C1CC1,1
PLUPEDHWXYWXAY-UHFFFAOYSA-N,EC50,nM,4242.0,O=C(O)c1ccc(C(=O)N2CCC(c3c4cc(C(c5ccc(Cl)cc5)c5ccc(Cl)cc5)ccc4nn3C3CC3)CC2)cc1,1
PNKHMUYUQJQQQU-UHFFFAOYSA-N,EC50,nM,5000.0,CC1(C)CCCN1C(=O)c1cnc(C2CC2)c(OCC2CC2)n1,1
PNOHDMBNILVTLP-UHFFFAOYSA-N,EC50,nM,93.0,NC(=O)c1cccc(N2CCC(c3nn(C4CC4)c4ccc(C(c5ccc(Cl)cc5)c5ccc(Cl)cc5)cc34)CC2)c1,1
PNVMMFURPGDTRA-IBGZPJMESA-N,EC50,nM,74.9,CNC(=O)C(CC(C)C)NC(=O)c1ccc(C2CC2)c(OCC2CCOCC2)n1,1
PNYUDSFREVFTLV-UHFFFAOYSA-N,EC50,nM,26.0,NC(=O)c1ccc(S(=O)(=O)N2CCC(c3nn(CCO)c4ccc(C(c5ccc(Cl)cc5)c5ccc(Cl)cc5)cc34)CC2)cc1,1
POHPCLNOLRUEFE-SFHVURJKSA-N,EC50,nM,5000.0,Cc1nc(C(CC2CC2)NC(=O)c2ccc(C3CC3)c(OCC3CC3)n2)no1,1
POVSSMPCJVEKQV-UHFFFAOYSA-N,EC50,nM,3911.0,O=C(O)CCS(=O)(=O)N1CCC(c2c3cc(C(c4ccc(Cl)cc4)c4ccc(Cl)cc4)ccc3nn2C2CC2)CC1,1
PPBDGZPSEPVWKC-UHFFFAOYSA-N,EC50,nM,4428.0,O=C(O)c1cccc(CNc2ncnc3ccc(C(c4ccc(Cl)cc4)c4ccc(Cl)cc4)cc23)c1,1
PQINLQZYHSUNRK-UHFFFAOYSA-N,EC50,nM,5000.0,CC(C)(C)Nc1nc(N2CCC(F)(F)C2)c2ncn(Cc3ncccc3Cl)c2n1,1
PQZQUIKLTABABQ-UHFFFAOYSA-N,EC50,nM,11.0,N#CCCOCCOc1nc(NCc2cccc(C(F)(F)F)c2)c2cc(C(c3ccc(Cl)cc3)c3ccc(Cl)cc3)ccc2n1,1
PRGDSQNFFNNSOH-ZDUSSCGKSA-N,EC50,nM,5000.0,O=C(c1ccc(N2CC(F)(F)C2)c(OCC2CC2)n1)N1CCCC1CO,1
PRGRKYDWXVMRQI-UHFFFAOYSA-N,EC50,nM,5000.0,Cc1nc(C(C)(NC(=O)c2cc(OCC(F)(F)F)c(C3CC3)cn2)C(=O)N(C)C)no1,1
PRRQIMZFWXXIRY-VMPITWQZSA-N,Inhibition,%,11.5,CCC(CO)NC(=O)C=Cc1ccc(Cl)cc1,1
PRYDBTFZRIASDS-UHFFFAOYSA-N,EC50,nM,5000.0,Cc1nc(C(C)(CS(C)(=O)=O)NC(=O)c2cc(OCC(F)(F)F)c(C3(F)COC3)cn2)no1,1
PSNZHZPBOWOLCP-UHFFFAOYSA-N,EC50,nM,40.0,O=C(OC1CCCC1)N1CCC(c2[nH]nc3ccc(C(c4ccc(Cl)cc4)c4ccc(Cl)cc4)cc23)CC1,1
PTARBMUWVXPWRJ-UHFFFAOYSA-N,EC50,nM,5000.0,CC(C)(C)c1nc(N2CC(F)(F)C(F)(F)C2)c2ncn(Cc3ccccc3Cl)c2n1,1
PTNQDKSMPXJPCG-UHFFFAOYSA-N,EC50,nM,2.0,COc1ccc(S(=O)(=O)N2CCC(c3c4cc(C(c5ccc(Cl)cc5)c5ccc(Cl)cc5)ccc4nn3C3CC3)CC2)cc1C(=O)O,1
PTRRXLAXDJMCMO-UHFFFAOYSA-N,EC50,nM,25.0,FC(F)(F)c1cncc(CNc2ncnc3ccc(C(c4ccc(Cl)cc4)c4ccc(Cl)cc4)cc23)c1,1
PUIFIAKJPOELEW-KRWDZBQOSA-N,EC50,nM,5000.0,Cc1nc(C(C)(NC(=O)c2cc(OCC(F)(F)F)c(N3CC(F)(F)C3)cn2)C2CC2)no1,1
PUQFVGGPORUVGE-UHFFFAOYSA-N,EC50,nM,655.0,O=C(NC(c1ccccn1)C(F)(F)F)c1ccc(C2CC2)c(OCC2CCOCC2)n1,1
PUVWXZUHZKXVKL-UHFFFAOYSA-N,EC50,nM,12.0,Cc1cnc(-n2nc(C3CCN(S(=O)(=O)C(F)(F)F)CC3)c3cc(C(c4ccc(Cl)cc4)c4ccc(Cl)cc4)ccc32)s1,1
PUZDZCWWZJTZQB-AWEZNQCLSA-N,EC50,nM,5000.0,CC(C)(C)C(CO)NC(=O)c1cc(OCC2CC2)c(Cl)cn1,1
PVDHMCBSPCJBHE-UHFFFAOYSA-N,EC50,nM,5000.0,NC(=O)C1CS(=O)(=O)CN1C(=O)c1ccc(C2(F)CCC2)c(OCC2CC2)n1,1
PWEOLMFBLFOJDL-FATKVMSOSA-N,Ki,nM,1557.0,CCC(C=NOC1OC(CO)C(O)C(O)C1O)CC,1
PWEWCGCBAPOJOA-UHFFFAOYSA-N,EC50,nM,3119.7,Cn1nnnc1Cn1cnc2c(N3CC(F)(F)C(F)(F)C3)nc(C(C)(C)C)nc21,1
PWGVQUBYNUZDIV-UHFFFAOYSA-N,EC50,nM,30.0,FC(F)(F)c1ccc(CNc2ncnc3ccc(C(c4ccc(Cl)cc4)c4ccc(Cl)cc4)cc23)nc1,1
PWTUFPUVJVRXBD-UHFFFAOYSA-N,EC50,nM,1250.0,Cn1c(=O)cc(CCc2cccc(Cl)c2)c2cc(C(c3ccc(Cl)cc3)c3nccs3)ccc21,1
PWXQOSBCKCYZKJ-KRWDZBQOSA-N,EC50,nM,5000.0,CNC(=O)C(CC(C)(C)C)NC(=O)c1ccc(N2CCC23COC3)c(OCC2CC2)n1,1
PXCOYOIMZXHSDL-UHFFFAOYSA-N,EC50,nM,69.0,Oc1cccc(CN2CCC(Nc3ncnc4ccc(C(c5ccc(Cl)cc5)c5ccc(Cl)cc5)cc34)CC2)c1,1
PYAGZJNEPGFVJA-UHFFFAOYSA-N,EC50,nM,5000.0,Cn1nnnc1Cn1cnc2c(N3CCC(F)(F)C3)nc(C(C)(C)C)nc21,1
PYUMHGBFLXZYLK-UHFFFAOYSA-N,EC50,nM,4.0,O=C(O)c1ccc(S(=O)(=O)N2CCC(c3c4cc(C(c5ccc(Cl)cc5)c5ccc(Cl)cc5)ccc4nn3C3CC3)CC2)cc1Cl,1
PYUQMLJVPVYRGP-UHFFFAOYSA-N,EC50,nM,428.0,NC(=O)c1ccccc1S(=O)(=O)N1CCC(c2nn(CCO)c3ccc(C(c4ccc(Cl)cc4)c4ccc(Cl)cc4)cc23)CC1,1
PZHODZUROFFKMU-UHFFFAOYSA-N,EC50,nM,5000.0,CC(C)(C)c1nc(N2CCC3(COC3)C2)c2ncn(Cc3ncccc3Cl)c2n1,1
QAHFHBKZZJXVES-UHFFFAOYSA-N,EC50,nM,67.0,O=C(O)CCOCCOc1nc(NCc2cccc(C(F)(F)F)c2)c2cc(C(c3ccc(Cl)cc3)c3ccc(Cl)cc3)ccc2n1,1
QAJNYQOTASUETI-UHFFFAOYSA-N,EC50,nM,5000.0,O=C(NC1CCCCC1O)c1ccc(N2CC(F)(F)C2)c(OCC2CC2)n1,1
QAKJXHZPHGQCBD-UHFFFAOYSA-N,EC50,nM,5000.0,NC(=O)CC(NC(=O)c1cc(OCC(F)(F)F)c(C2CC2)cn1)C1CC1,1
QCGLROBXUKFGBU-UHFFFAOYSA-N,EC50,nM,151.0,COC(=O)c1ccc(S(=O)(=O)N2CCC(c3[nH]nc4ccc(C(c5ccc(Cl)cc5)c5ccc(Cl)cc5)cc34)CC2)cc1,1
QCOCMPRMHVAYGY-INIZCTEOSA-N,EC50,nM,5000.0,CC(C)CC(NC(=O)c1ccc(N2CC(F)(F)C2)c(-c2cccc(Cl)c2)n1)C(N)=O,1
QDPCWBUYUCGSQL-UHFFFAOYSA-N,EC50,nM,5000.0,CC(C)(C)c1nc(N2CCC(F)(F)C2)c2ncn(Cc3ncccc3Cl)c2n1,1
QECDNVZUSVZOSH-UHFFFAOYSA-N,EC50,nM,1014.0,NC(=O)CS(=O)(=O)N1CCC(c2nn(C3CC3)c3ccc(C(c4ccc(Cl)cc4)c4ccc(Cl)cc4)cc23)CC1,1
QEFMHWGEIHDFRM-SFHVURJKSA-N,EC50,nM,90.1,O=C(NC(c1cccnc1)C(F)(F)F)c1cc(OCc2ccc(F)cc2)c(Cl)cn1,1
QETWDAHVHZFSHK-UHFFFAOYSA-N,EC50,nM,7750.0,NC(=O)CC1(NC(=O)c2ccc(N3CC(F)(F)C3)c(OCC3CC3)n2)CS(=O)(=O)C1,1
QFMHZXJZAJVBFJ-UHFFFAOYSA-N,IC50,nM,3808.0,O=S(=O)(NCC1CCCO1)c1ccc(NC2CC3CCC2C3)cc1C(F)(F)F,1
QGEACVOFDQABGO-ZDUSSCGKSA-N,EC50,nM,1569.7,CC(C)CC(NC(=O)c1cnc(C2CC2)c(OCC2CC2)n1)C(N)=O,1
QGERDMRNHNARTG-MYHCZTBNSA-N,EC50,nM,5000.0,CNC(=O)C(NC(=O)c1cc(OC(C)C(F)(F)F)c(C2CC2)cn1)C(C)(C)C,1
QGLUDJOMKLQXQH-UHFFFAOYSA-N,EC50,nM,5.0,[N-]=[N+]=NCCOc1nc(NCc2ccc(C(F)(F)F)cc2)c2cc(C(c3ccc(Cl)cc3)c3ccc(Cl)cc3)ccc2n1,1
QGYPULCCGRVSON-SFHVURJKSA-N,EC50,nM,5000.0,Cc1nc(C(CC2CC2)NC(=O)c2cccc(-c3cccc(Cl)c3)n2)no1,1
QHEHLQUJMZLBRG-UHFFFAOYSA-N,EC50,nM,2640.0,CC(C)(O)Cn1nc(C2CCN(S(=O)(=O)C(F)(F)F)CC2)c2cc(C(c3ccc(Cl)cc3)c3ccc(Cl)cc3)ccc21,1
QHMLKVRBYNCRRP-UHFFFAOYSA-N,EC50,nM,254.0,CNc1nc(NC2CCN(S(=O)(=O)C(F)(F)F)CC2)c2cc(C(c3ccc(Cl)cc3)c3ccc(Cl)cc3)ccc2n1,1
QITZDJYESHBHIY-UHFFFAOYSA-N,EC50,nM,5000.0,CC(C)(C)c1nc(N2CCC3(COC3)C2)c2ncn(CCC(F)(F)F)c2n1,1
QJMXVKSRVLBPBQ-UHFFFAOYSA-N,Inhibition,%,25.0,CCc1c(C(=O)O)cc(C)n1-c1ccccc1,1
QJWHSMOCBWCALQ-ZDUSSCGKSA-N,EC50,nM,5000.0,NC(=O)C1CC(F)(F)CN1C(=O)c1ccc(C2(F)COC2)c(OCC2CC2)n1,1
QJXIDJTYVUOGKY-UHFFFAOYSA-N,EC50,nM,5000.0,Cc1nc(C(NC(=O)c2ccc(C(F)(F)F)c(OCC3CC3)n2)C2CC2)no1,1
QKENPAWWACETES-UHFFFAOYSA-N,EC50,nM,135.0,CS(=O)(=O)N1CCC(Nc2n[nH]c3ccc(C(c4ccc(Cl)cc4)c4ccc(Cl)cc4)cc23)CC1,1
QLBSTXMJZANLBD-UHFFFAOYSA-N,EC50,nM,1.0,OC1(c2ccccc2)CCC(Nc2ncnc3ccc(C(c4ccc(Cl)cc4)c4ccc(Cl)cc4)cc23)CC1,1
QLCBDVDPYCYIGW-UHFFFAOYSA-N,EC50,nM,5000.0,NC(=O)C(CC1CCC1)NC(=O)c1cnc(C2CC2)c(OCC2CC2)n1,1
QLDLOCORCJTTSJ-UHFFFAOYSA-N,EC50,nM,5000.0,NC(=O)CC1(NC(=O)c2ccc(C3(O)CCC3)c(OCC3CC3)n2)COC1,1
QLUFSRZAHAKEGD-VOTSOKGWSA-N,EC50,nM,55.1,Clc1ccc(C(c2ccc3nccc(C=Cc4ccccc4)c3c2)c2nccs2)cc1,1
QLVJGCOOJJEFKP-UHFFFAOYSA-N,EC50,nM,5000.0,O=C(c1ccc(N2CC(F)(F)C2)c(OCC2CC2)n1)N1CCC(CO)(C(F)(F)F)C1,1
QMJXTQGAOJVGOF-UHFFFAOYSA-N,EC50,nM,5000.0,CN1CC(NC(=O)c2ccc(N3CC(F)(F)C3)c(OCC3CC3)n2)CC1=O,1
QNABCEIFFFLNEQ-UHFFFAOYSA-N,EC50,nM,514.2,CC(C)(C)C(NC(=O)c1ccc(C2CC2)c(OCC2CC2)n1)C(N)=O,1
QNWIVEAPZXLPSJ-YOYKQTLTSA-N,Ki,nM,826.0,OCC1OC(ON=Cc2ccc(F)cc2)C(O)C(O)C1O,1
QOQZLBHRHBSISR-UHFFFAOYSA-N,EC50,nM,65.0,NC(=O)c1cccc(S(=O)(=O)N2CCC(c3nn(C4CC4)c4ccc(C(c5ccc(Cl)cc5)c5ccc(Cl)cc5)cc34)CC2)c1,1
QPNASEPYWAKEJY-UHFFFAOYSA-N,EC50,nM,5000.0,COc1ccc(Cn2cnc3c(N4CCC(F)(F)C4)nc(C(C)(C)C)nc32)cc1,1
QPPBHUYOLHMSJN-UHFFFAOYSA-N,EC50,nM,62.0,NC(=O)c1cccc(C(=O)N2CCC(c3c4cc(C(c5ccc(Cl)cc5)c5ccc(Cl)cc5)ccc4nn3C3CC3)CC2)c1,1
QPPBSEDUBCIIHY-UHFFFAOYSA-N,EC50,nM,5000.0,CC(C)CC(NC(=O)c1ccc(N2CC(F)(F)C2)c(OCC2CC2)n1)c1ncccn1,1
QQHUAMRKLIORPN-VQVVDHBBSA-N,EC50,nM,5000.0,Cc1nc(C(NC(=O)c2cc(OC(C)C(F)(F)F)c(C3CC3)cn2)C(C)(C)C)no1,1
QQIBBYQPFYMWSC-UHFFFAOYSA-N,EC50,nM,68.0,NS(=O)(=O)c1cccc(C(=O)N2CCC(c3nn(CCO)c4ccc(C(c5ccc(Cl)cc5)c5ccc(Cl)cc5)cc34)CC2)c1,1
QQNYHLHOGUUVQI-UHFFFAOYSA-N,EC50,nM,83.0,COC(=O)c1cccc(N2CCC(Nc3ncnc4ccc(C(c5ccc(Cl)cc5)c5ccc(Cl)cc5)cc34)CC2)c1,1
QRHVHCOQSXTVEG-UHFFFAOYSA-N,EC50,nM,121.0,O=c1cc(CCc2cccc(Cl)c2)c2cc(C(c3ccc(Cl)cc3)c3nccs3)ccc2[nH]1,1
QRPHVTWXSRYQKX-ZDUSSCGKSA-N,EC50,nM,1552.6,CC(C)CC(NC(=O)c1ccc(C(F)(F)F)c(OCC2CC2)n1)C(N)=O,1
QSBPVKJVOUTDFE-LBPRGKRZSA-N,EC50,nM,5000.0,NC(=O)C(CC1CC1)NC(=O)c1cc(OCC2CC2)c(Cl)cn1,1
QSFMZLHLMBHVEL-UHFFFAOYSA-N,EC50,nM,5000.0,COC(=O)C1CCCN1C(=O)c1ccc(N2CC(F)(F)C2)c(OCC2CC2)n1,1
QSYHRAPPRQEOJJ-KRWDZBQOSA-N,EC50,nM,5000.0,CC(C)CC(C)(CO)NC(=O)c1cc(OCC2CC2)c(Cl)cn1,1
QUBCMLWXBHWMQO-UHFFFAOYSA-N,EC50,nM,5000.0,CCOC(=O)C1C2CN(C(=O)c3ccc(N4CC(F)(F)C4)c(OCC4CC4)n3)CC21,1
QUNXPEJUWWHXSI-UHFFFAOYSA-N,EC50,nM,48.0,NC(=O)c1ccc(N2CCC(c3c4cc(C(c5ccc(Cl)cc5)c5ccc(Cl)cc5)ccc4nn3C3CC3)CC2)cc1,1
QUSHWGZQXAECSJ-AIKVODPISA-N,Ki,nM,3086.0,CC(=O)Nc1ccc(C=NOC2OC(CO)C(O)C(O)C2O)cc1,1
QUXCMQZAKJUQFH-UHFFFAOYSA-N,EC50,nM,15.0,CC(C)OC(=O)OCOC(=O)c1ccc(S(=O)(=O)N2CCC(Nc3ncnc4ccc(C(c5ccc(Cl)cc5)c5ccc(Cl)cc5)cc34)CC2)cc1,1
QVNYJRXNTPNJHE-OKILXGFUSA-N,EC50,nM,5000.0,O=C(c1ccc(N2CC(F)(F)C2)c(OCC2CC2)n1)N1CC2CCC(C1)O2,1
QWIVQOGXQLXMSF-UHFFFAOYSA-N,EC50,nM,5000.0,CC(C)CC(C#N)NC(=O)c1ccc(N2CC(F)(F)C2)c(OCC2CC2)n1,1
QXOSSLGIOAMEQB-JTQLQIEISA-N,EC50,nM,5000.0,CNC(=O)C(C)C(C)(C)NC(=O)c1cc(OCC2CC2)c(Cl)cn1,1
QXVBRDUXBZGQSB-UHFFFAOYSA-N,EC50,nM,5000.0,NC(=O)C1CCCN1C(=O)c1ccc(N2CC(F)(F)C2)c(OCC2CC2)n1,1
QYLLCSHAKQWRMO-UHFFFAOYSA-N,EC50,nM,5000.0,Cc1nnc(C(NC(=O)c2cc(OCC(F)(F)F)c(C3CC3)cn2)C(C)(C)C)o1,1
RADWJJYFOOUQDK-UHFFFAOYSA-N,EC50,nM,5000.0,CC1(C)COCCN1C(=O)c1cnc(N2CC(F)(F)C2)c(OCC2CC2)n1,1
RAMUXBRYONFTBW-UHFFFAOYSA-N,EC50,nM,158.0,NC(=O)COc1cccc(N2CCC(c3nn(C4CC4)c4ccc(C(c5ccc(Cl)cc5)c5ccc(Cl)cc5)cc34)CC2)c1,1
RBMAPBCAHIYVGD-UHFFFAOYSA-N,EC50,nM,5000.0,NC(=O)CC1(NC(=O)c2ccc(C3CC3)c(OCC3CC3)n2)CSC1,1
RBQUTIFVLPCHHC-UHFFFAOYSA-N,EC50,nM,23.0,O=c1cc(NC2CCN(S(=O)(=O)C(F)(F)F)CC2)c2cc(C(c3ccc(F)cc3)c3ccc(Cl)cc3)ccc2[nH]1,1
RBYRKKSDIDNREM-RMKNXTFCSA-N,EC50,nM,1213.0,O=c1cc(C=Cc2ccc(C(F)(F)F)cc2)c2cc(C(c3ccccc3)c3ccc(Cl)cc3)ccc2[nH]1,1
RCTGZIHEPDPJNI-UHFFFAOYSA-N,EC50,nM,5000.0,CC(CC1CC1)(NC(=O)c1cc(OCC(F)(F)F)c(C2CC2)cn1)c1nn[nH]n1,1
RELOIFPKIPXYHO-KRWDZBQOSA-N,EC50,nM,5000.0,O=C(NC(c1ccccn1)C(F)(F)F)c1ccc(C2CC2)c(OCC2CC2)n1,1
REQUAUZBPCKYFF-UHFFFAOYSA-N,EC50,nM,26.0,NC(=O)c1cccc(N2CCC(c3c4cc(C(c5ccc(Cl)cc5)c5ccc(Cl)cc5)ccc4nn3C3CC3)CC2)c1,1
RETHWCMGLIJVRD-INIZCTEOSA-N,EC50,nM,5000.0,CC1(C)CC(C(N)=O)N(C(=O)c2ccc(C3CC3)c(OCC3CC3)n2)C1,1
RFUMKWMZMFFVOG-UHFFFAOYSA-N,EC50,nM,5000.0,O=C(c1ccc(N2CC(F)(F)C2)c(OCC2CC2)n1)N1CCC(C(O)C(F)(F)F)C1,1
RGRCVSBMZIPPKT-ZOZMEPSFSA-N,EC50,nM,5000.0,Cc1nnc(C(C)(CC2COC2)NC(=O)c2cc(OC(C)C(F)(F)F)c(C3CC3)cn2)o1,1
RHICYASAKXOXMC-UHFFFAOYSA-N,EC50,nM,26.0,O=C(NCCO)c1ccc(N2CCC(Nc3ncnc4ccc(C(c5ccc(Cl)cc5)c5ccc(Cl)cc5)cc34)CC2)cc1,1
RHMWVNFRRRZAAQ-GQNBSWLHSA-N,Ki,nM,2502.0,NOC1OC(CO)C(O)C(O)C1O,1
RHOFKVVSWVQFTN-UHFFFAOYSA-N,EC50,nM,1084.0,NC(=O)Cc1cccc(N2CCC(c3nn(C4CC4)c4ccc(C(c5ccc(Cl)cc5)c5ccc(Cl)cc5)cc34)CC2)c1,1
RILCRWXUINSYAK-CMDGGOBGSA-N,EC50,nM,4137.0,O=c1cc(C=Cc2ccccc2)c2cc(C(c3ccc(Cl)cc3)c3cccs3)ccc2[nH]1,1
RJKNERRIOBQEOD-UHFFFAOYSA-N,EC50,nM,5000.0,CC(C)C(C)(NC(=O)c1ccc(C2CC2)c(OCC2CC2)n1)C(N)=O,1
RJOVFKSPARKKHK-UHFFFAOYSA-N,EC50,nM,8.0,O=C(NC(CO)(CO)CO)c1ccc(S(=O)(=O)N2CCC(Nc3ncnc4ccc(C(c5ccc(Cl)cc5)c5ccc(Cl)cc5)cc34)CC2)cc1,1
RJPFDWPPDWGUML-UHFFFAOYSA-N,EC50,nM,1543.0,O=S(=O)(C(F)F)N1CCC(c2[nH]nc3ccc(C(c4ccc(Cl)cc4)c4ccc(Cl)cc4)cc23)CC1,1
RKWJRVCFEIUUOB-UHFFFAOYSA-N,EC50,nM,5000.0,O=C(NC(c1ccccn1)C(F)(F)F)c1cc(OCC2CC2)c(C2CC2)cn1,1
RNCZOORZQWSMEE-NSHDSACASA-N,EC50,nM,5000.0,NC(=O)C1CC(F)(F)CN1C(=O)c1ccc(N2CC(F)(F)C2)c(OCCF)n1,1
RNHDQIQNRFAOIU-UHFFFAOYSA-N,EC50,nM,5000.0,O=C(c1cnc(N2CC(F)(F)C2)c(OCC2CC2)n1)N1CCOCC12CC2,1
RNKBSPUJCIZTHG-INIZCTEOSA-N,EC50,nM,5000.0,O=C(NC(c1ccccn1)C(F)(F)F)c1cnc(C2CC2)c(OCC2CC2)n1,1
ROILYTSORRJSDC-AWEZNQCLSA-N,EC50,nM,5000.0,NC(=O)C1CC(F)(F)CN1C(=O)c1ccc(C2(F)CCC2)c(OCC2CC2)n1,1
ROZWRGFLJMJOOI-HNNXBMFYSA-N,EC50,nM,5000.0,NC(=O)C(NC(=O)c1cnc(N2CC(F)(F)C2)c(OCC2CC2)n1)c1ccccc1,1
RPBIEPMDASXMRC-UHFFFAOYSA-N,EC50,nM,4.0,O=C(O)c1cc(S(=O)(=O)N2CCC(c3c4cc(C(c5ccc(Cl)cc5)c5ccc(Cl)cc5)ccc4nn3C3CC3)CC2)ccc1F,1
RPNDWSSILQGAHV-LBPRGKRZSA-N,EC50,nM,5000.0,CC(C)CC(NC(=O)c1cc(OCC(F)(F)F)c(C2CC2)cn1)C(N)=O,1
RQIZGUXBXLQPJX-UHFFFAOYSA-N,EC50,nM,5000.0,CC(C)(C)c1nc(N2CCC(F)(F)C2)c2ncn(Cc3ccccc3S(C)(=O)=O)c2n1,1
RQKFZEMVFNSEMY-UHFFFAOYSA-N,EC50,nM,162.0,CC(C)(C)OC(=O)N1CCC(Nc2n[nH]c3ccc(C(c4ccc(Cl)cc4)c4ccc(Cl)cc4)cc23)CC1,1
RQWVIHJCNAHLON-UHFFFAOYSA-N,EC50,nM,5000.0,CCC(C)(NC(=O)c1ccc(C2CC2)c(OCC2CC2)n1)C(N)=O,1
RROHASDXYIXGEF-UHFFFAOYSA-N,EC50,nM,833.0,O=C(O)Cc1cccc(N2CCC(c3c4cc(C(c5ccc(Cl)cc5)c5ccc(Cl)cc5)ccc4nn3C3CC3)CC2)c1,1
RSLIVYJRDCBNSL-UHFFFAOYSA-N,EC50,nM,8.0,O=S(=O)(N1CCC(CNc2ncnc3ccc(C(c4ccc(Cl)cc4)c4ccc(Cl)cc4)cc23)CC1)C(F)(F)F,1
RTVKXMUOVFBDMX-UHFFFAOYSA-N,EC50,nM,4.0,Fc1ccc(CNc2ncnc3ccc(C(c4ccc(Cl)cc4)c4ccc(Cl)cc4)cc23)cc1,1
RUCTXBXENREYKI-UHFFFAOYSA-N,EC50,nM,16.0,O=C(O)c1ccc(CN2CCC(c3nn(C4CC4)c4ccc(C(c5ccc(Cl)cc5)c5ccc(Cl)cc5)cc34)CC2)s1,1
RUSMWNFLWLNSRI-KRWDZBQOSA-N,EC50,nM,5000.0,CNC(=O)C(CC(C)(C)C)NC(=O)c1ccc(C2CC2)c(OCC2CC2)n1,1
RVBXBHMQWZQHMG-UHFFFAOYSA-N,EC50,nM,5000.0,CC(C)CC(C)(NC(=O)c1cc(OCC(F)(F)F)c(C2CC2)cn1)C(N)=O,1
RVKKCBQGKSPZQN-UHFFFAOYSA-N,EC50,nM,5000.0,O=C(NNC1CCS(=O)(=O)C1)c1ccc(N2CC(F)(F)C2)c(OCC2CC2)n1,1
RVMOOZXIDDBCLV-UHFFFAOYSA-N,EC50,nM,5000.0,FC1(F)CCN(c2nc(Cl)nc3c2ncn3Cc2ccccc2)C1,1
RVMPWSDXPAEYMM-UHFFFAOYSA-N,EC50,nM,1648.4,Cc1nc(C(C)(NC(=O)c2cnc(C3CC3)c(OCC3CC3)n2)C2CC2)no1,1
RVOBEALCAMBFKU-UHFFFAOYSA-N,EC50,nM,5000.0,CC(C)CN(NC(=O)c1ccc(C2CC2)c(OC(C)C(F)(F)F)n1)C(N)=O,1
RVQZNWYXNNANJN-UHFFFAOYSA-N,EC50,nM,70.0,CC(=O)Nc1nc(NC2CCN(S(=O)(=O)C(F)(F)F)CC2)c2cc(C(c3ccc(Cl)cc3)c3ccc(Cl)cc3)ccc2n1,1
RWBCDBGFLTUWCC-UHFFFAOYSA-N,EC50,nM,19.0,CCOC(=O)N1CCC(Nc2cc(=O)[nH]c3ccc(C(c4ccc(Cl)cc4)c4nccs4)cc23)CC1,1
RWFZLPYQONOIGR-UHFFFAOYSA-N,EC50,nM,5.0,O=S(=O)(N1CCC(Nc2ncnc3ccc(C(c4ccc(Cl)cc4)c4ccc(Cl)cc4)cc23)CC1)C(F)(F)F,1
RXNAPXXJDSHPPZ-UHFFFAOYSA-N,EC50,nM,6745.0,O=C(O)c1ccccc1S(=O)(=O)N1CCC(c2nn(C3CC3)c3ccc(C(c4ccc(Cl)cc4)c4ccc(Cl)cc4)cc23)CC1,1
RYVWXXOEDVTKIX-UHFFFAOYSA-N,EC50,nM,166.0,O=C(O)CCC(=O)N1CCC(c2c3cc(C(c4ccc(Cl)cc4)c4ccc(Cl)cc4)ccc3nn2C2CC2)CC1,1
SAFWCCQFWVSEOL-UHFFFAOYSA-N,EC50,nM,2.0,O=S(=O)(c1ccccc1F)N1CCC(Nc2ncnc3ccc(C(c4ccc(Cl)cc4)c4ccc(Cl)cc4)cc23)CC1,1
SAHBYJFTZSPAIY-UHFFFAOYSA-N,EC50,nM,9.0,O=C(O)c1ccc(S(=O)(=O)N2CCC(c3c4cc(C(c5ccc(Cl)cc5)c5ccc(Cl)cc5)ccc4nn3C3CC3)CC2)cc1,1
SBCISZGBNBETCE-UHFFFAOYSA-N,EC50,nM,5000.0,Cc1nc(C(C)(NC(=O)c2cc(OCC(F)(F)F)c(C3CC3)cn2)C(=O)N2CC(F)(F)C2)no1,1
SCCURVNOFJHLLA-INIZCTEOSA-N,EC50,nM,5000.0,CNC(=O)C(NC(=O)c1ccc(C2CC2)c(S(=O)(=O)CC(C)C)n1)C(C)C,1
SCLJKHANCSCITN-UHFFFAOYSA-N,EC50,nM,169.0,NC(=O)CCC(=O)N1CCC(c2[nH]nc3ccc(C(c4ccc(Cl)cc4)c4ccc(Cl)cc4)cc23)CC1,1
SDJCKOQUBVCDGN-UHFFFAOYSA-N,EC50,nM,5000.0,Cc1nc(C(C)(NC(=O)c2cc(OCC(F)(F)F)c(C3(F)CCC3)cn2)C2CC2)no1,1
SDJNVADCNFYMQB-UHFFFAOYSA-N,EC50,nM,44.0,FC(F)(F)c1ccc(C2(Nc3ncnc4ccc(C(c5ccc(Cl)cc5)c5ccc(Cl)cc5)cc34)CC2)cc1,1
SDQPXNAWWRYEPS-SFHVURJKSA-N,EC50,nM,5000.0,O=C(NC(CC1CC1)c1nccs1)c1ccc(C2CC2)c(OCC2CC2)n1,1
SDVMBMPIABHSSR-UHFFFAOYSA-N,EC50,nM,10.0,Fc1cccc(CNc2ncnc3ccc(C(c4ccc(Cl)cc4)c4ccc(Cl)cc4)cc23)c1,1
SGOPBLWCGZIDED-HNNXBMFYSA-N,EC50,nM,5000.0,Cc1nc(C(CC(C)C)NC(=O)c2cccc(S(=O)(=O)CC(C)C)n2)no1,1
SGTOJOOJYKXYHO-FQEVSTJZSA-N,EC50,nM,5000.0,Cc1nc(C(CC2CC2)NC(=O)c2ccc(C3CCCC3)c(OCC3CC3)n2)no1,1
SGWOEOKFLVHZKM-LBPRGKRZSA-N,EC50,nM,5000.0,O=C(c1ccc(N2CC(F)(F)C2)c(OCC2CC2)n1)N1CC(F)(F)CC1CO,1
SHEYBSXUFWAXMD-UHFFFAOYSA-N,Inhibition,%,25.0,CCOC(=O)c1c(NC(=O)c2cccc3ccccc23)sc2c1CCCC2,1
SIRCXEXWROSSHD-UHFFFAOYSA-N,EC50,nM,5.0,CNC(=O)c1ccc(S(=O)(=O)N2CCC(c3c4cc(C(c5ccc(Cl)cc5)c5ccc(Cl)cc5)ccc4nn3C3CC3)CC2)cc1F,1
SJOTZYUIUWRHGW-UHFFFAOYSA-N,EC50,nM,5000.0,Cc1nc(C(C)(NC(=O)c2cc(OCC(F)(F)F)c(C3CC3)cn2)C(=O)N2CCC2)no1,1
SJPKKZTWMYDWGV-SFHVURJKSA-N,EC50,nM,5000.0,NC(=O)C(CC1CC1)NC(=O)c1ccc(C2CC2)c(-c2cccc(Cl)c2)n1,1
SKRCVMIUVHCUMS-YOZOHBORSA-N,EC50,nM,5000.0,Cc1nc(C(C)(CS(C)(=O)=O)NC(=O)c2cc(OC(C)C(F)(F)F)c(N3CC(F)(F)C3)cn2)no1,1
SLIQBSRUHSCGMI-ZOZMEPSFSA-N,EC50,nM,5000.0,Cc1nc(C(C)(CC2CC2)NC(=O)c2cc(OC(C)C(F)(F)F)c(C3CC3)cn2)no1,1
SLMBKCIBIYWVPD-BTDLBPIBSA-N,EC50,nM,5000.0,CC(Oc1cc(C(=O)NC(C)(CC(N)=O)C2CC2)ncc1C1(F)COC1)C(F)(F)F,1
SLZUAAUYEASRFX-UHFFFAOYSA-N,EC50,nM,5000.0,CNC(=O)C(C)(NC(=O)c1cc(OCC(F)(F)F)c(C2CC2)cn1)c1noc(C)n1,1
SMTYGFJYRTUBLQ-UHFFFAOYSA-N,EC50,nM,5000.0,Cn1nnnc1C(C)(CC1CC1)NC(=O)c1cc(OCC(F)(F)F)c(C2CC2)cn1,1
SNRVJHXYUSDAMP-UHFFFAOYSA-N,EC50,nM,68.0,O=C(O)c1ccc(CN2CCC(c3nn(C4CC4)c4ccc(C(c5ccc(Cl)cc5)c5ccc(Cl)cc5)cc34)CC2)cc1,1
SNWZKKGQPMUFNT-UHFFFAOYSA-N,EC50,nM,5000.0,O=C(NNC1CCS(=O)(=O)C1)c1cccc(Cc2ccc(F)cc2)n1,1
SPCIZGDSHYOPNO-CUVJYRNJSA-N,EC50,nM,5000.0,CC(Oc1cc(C(=O)NC(c2noc(N)n2)C(C)(C)C)ncc1C1CC1)C(F)(F)F,1
SPQNEDLVEZZIDL-OPHOGLAUSA-N,Ki,nM,1859.0,OCC1OC(ON=Cc2ccccc2)C(O)C(O)C1O,1
SPXUEAZKRWVEPQ-UHFFFAOYSA-N,EC50,nM,2.0,Clc1ccc(C(c2ccc(Cl)cc2)c2ccc3ncnc(NC4CCN(c5ccccc5)CC4)c3c2)cc1,1
SRXNNNMEYXAPCU-UHFFFAOYSA-N,EC50,nM,20.0,O=C(O)c1ccc(CN2CCC(c3c4cc(C(c5ccc(Cl)cc5)c5ccc(Cl)cc5)ccc4nn3C3CC3)CC2)o1,1
SSGHLCPUVLROCE-UHFFFAOYSA-N,EC50,nM,158.0,NC(=O)CS(=O)(=O)N1CCC(c2c3cc(C(c4ccc(Cl)cc4)c4ccc(Cl)cc4)ccc3nn2C2CC2)CC1,1
SUQMDOFGSQCRFG-UHFFFAOYSA-N,EC50,nM,5000.0,CCOC(=O)CC1(NC(=O)c2ccc(N3CC(F)(F)C3)c(OCC3CC3)n2)CS(=O)(=O)C1,1
SVLVGTSFQFZIBO-QPJJXVBHSA-N,Inhibition,%,4.7,CC(O)CNC(=O)C=Cc1ccc(Cl)cc1,1
SVVRYMVWCZWKKF-INIZCTEOSA-N,EC50,nM,1591.2,CNC(=O)C(CC(C)(C)C)NC(=O)c1ccc(C(F)(F)F)c(OCC2CCOCC2)n1,1
SWSQBWNJWICAPP-SFHVURJKSA-N,EC50,nM,678.1,CC(C)CC(NC(=O)c1ccc(C2CC2)c(OCC2CC2)n1)C(=O)N(C)C,1
SXPTYIALYZORAE-UHFFFAOYSA-N,EC50,nM,5000.0,CC(C)(C)c1nc(N2CCC(F)(F)C2)c2ncn(Cc3ccc(F)cc3Cl)c2n1,1
SXQSOCKOBROCQQ-UHFFFAOYSA-N,EC50,nM,5000.0,CN(C)C(=O)C(NC(=O)c1ccc(N2CC(F)(F)C2)c(OCC2CC2)n1)c1ccccc1,1
SXXRIZKOSSEDDY-UHFFFAOYSA-N,EC50,nM,533.0,NC(=O)c1ccccc1S(=O)(=O)N1CCC(c2nn(C3CC3)c3ccc(C(c4ccc(Cl)cc4)c4ccc(Cl)cc4)cc23)CC1,1
SXYWWXYGUSEJHH-AWEZNQCLSA-N,EC50,nM,5000.0,NC(=O)C1CC(F)(F)CN1C(=O)c1cc(OCC2CC2)c(C2CC2)cn1,1
SYCTZDZJKNGAFW-UHFFFAOYSA-N,EC50,nM,649.0,NC(=O)c1ccccc1Cn1nc(N2CCN(S(=O)(=O)C(F)(F)F)CC2)c2cc(C(c3ccc(Cl)cc3)c3ccc(Cl)cc3)ccc21,1
SZMWCKVFEVMSLA-CMDGGOBGSA-N,EC50,nM,97.3,Clc1ccc(C(c2ccc3nccc(C=Cc4ccccc4)c3c2)c2cccs2)cc1,1
TUBMQQUCYHQEGS-UHFFFAOYSA-N,EC50,nM,53.0,O=C(O)Cc1ccc(N2CCC(c3c4cc(C(c5ccc(Cl)cc5)c5ccc(Cl)cc5)ccc4nn3C3CC3)CC2)cc1,1
TUCVCASZRHBXAA-HNNXBMFYSA-N,EC50,nM,5000.0,CN(C)C(=O)C(CC1CC1)NC(=O)c1cnc(C2CC2)c(OCC2CC2)n1,1
TUHYOXCGXGDGRO-UHFFFAOYSA-N,EC50,nM,285.0,O=C(O)c1cccc(CN2CCC(c3nn(C4CC4)c4ccc(C(c5ccc(F)cc5)c5ccc(F)cc5)cc34)CC2)c1,1
TUIYKTFVCVEZFZ-UHFFFAOYSA-N,EC50,nM,5000.0,COCCn1cnc2c(N3CC(F)(F)C(F)(F)C3)nc(C(C)(C)C)nc21,1
TUJJQLWDMACFDX-UHFFFAOYSA-N,EC50,nM,5000.0,CCn1cnc2c(N3CCC(F)(F)C3)nc(C(C)(C)C)nc21,1
TULJHTZEQMVUDG-UHFFFAOYSA-N,EC50,nM,234.0,O=C(NC1CCCC1)N1CCC(c2[nH]nc3ccc(C(c4ccc(Cl)cc4)c4ccc(Cl)cc4)cc23)CC1,1
TWAFQKKIIWKULE-INIZCTEOSA-N,EC50,nM,5000.0,CC(C)(O)C(CC1CC1)NC(=O)c1cnc(C2CC2)c(OCC2CC2)n1,1
TXJZCVPDHAMLBN-NSHDSACASA-N,EC50,nM,5000.0,NC(=O)C1CC(F)(F)CN1C(=O)c1cc(OCC(F)(F)F)c(C2CC2)cn1,1
TYIUIRJZAOKTNM-UHFFFAOYSA-N,EC50,nM,5000.0,CN(C)C(=O)CC1(NC(=O)c2ccc(N3CC(F)(F)C3)c(OCC3CC3)n2)COC1,1
TYWQLBBPYFLOGS-NGICGMGXSA-N,EC50,nM,5000.0,O=C(NC(CC1CC1)C(=O)NC1CCC(O)C1)c1ccc(C2CC2)c(OCC2CC2)n1,1
TZMUNBUSADUQHP-UHFFFAOYSA-N,EC50,nM,5000.0,Cc1nc(C(C)(C)NC(=O)c2ccc(C3CC3)c(OC(C)C(F)(F)F)n2)no1,1
TZPCVYVZKXLRRI-UHFFFAOYSA-N,EC50,nM,5000.0,CC(C)(C)c1nc(N2CCC(F)(F)C2)c2cnn(Cc3ccccc3Cl)c2n1,1
UAKWZPSROCCUHZ-CUVJYRNJSA-N,EC50,nM,5000.0,CC(Oc1cc(C(=O)NC(C(N)=O)C2(C)COC2)ncc1C1CC1)C(F)(F)F,1
UBMUTLRXUXSMNV-SNAWJCMRSA-N,EC50,nM,22.0,O=c1cc(C=Cc2cccc(F)c2)c2cc(C(c3ccc(Cl)cc3)c3ccsc3)ccc2[nH]1,1
UBPIPJSHJMKAEX-IFGYVTRGSA-N,EC50,nM,5000.0,CNC(=O)CC(C)(NC(=O)c1cc(OC(C)C(F)(F)F)c(C2CC2)cn1)C1CC1,1
UCUFKAFMMRYRNU-KRWDZBQOSA-N,EC50,nM,5000.0,CNC(=O)C(CC(C)C)NC(=O)c1cccc(-c2ccc(F)c(Cl)c2)n1,1
UDLBAALMIUCKMP-UHFFFAOYSA-N,EC50,nM,25.0,COC(=O)c1ccc(S(=O)(=O)N2CCC(c3[nH]nc4ccc(C(c5ccc(Cl)cc5)c5ccc(Cl)cc5)cc34)CC2)o1,1
UDSRIIFBWPGGCF-FVRDMJKUSA-N,EC50,nM,5000.0,CC(Oc1cc(C(=O)NC(C(=O)N2CCC23COC3)C(C)(C)C)ncc1C1CC1)C(F)(F)F,1
UEZHDFWPCZJWFI-UHFFFAOYSA-N,EC50,nM,325.0,O=C(O)c1cccc(CCNc2ncnc3ccc(C(c4ccc(Cl)cc4)c4ccc(Cl)cc4)cc23)c1,1
UFEOYNVZDUOLDY-UHFFFAOYSA-N,EC50,nM,604.0,O=c1cc(NC2CCNCC2)c2cc(C(c3ccc(Cl)cc3)c3nccs3)ccc2[nH]1,1
UFESXQXWDXVMDL-UHFFFAOYSA-N,EC50,nM,14.0,NC(=O)c1cccc(CN2CCC(Nc3ncnc4ccc(C(c5ccc(Cl)cc5)c5ccc(Cl)cc5)cc34)CC2)c1,1
UFJIURKENRZQJI-UHFFFAOYSA-N,EC50,nM,5000.0,COC(=O)CC1(NC(=O)c2ccc(C3CC3)c(OCC3CC3)n2)CCN(C(=O)OC(C)(C)C)CC1,1
UFTZFBPFSVGUTK-INIZCTEOSA-N,EC50,nM,5000.0,O=C(NC(CC1CC1)c1nccs1)c1ccc(N2CC(F)(F)C2)c(OCC2CC2)n1,1
UGWUEQCOXSQAFU-UHFFFAOYSA-N,EC50,nM,32.0,O=C(O)COc1ccc(N2CCC(c3c4cc(C(c5ccc(Cl)cc5)c5ccc(Cl)cc5)ccc4nn3C3CC3)CC2)cc1,1
UHCDGNPQERWNGN-UHFFFAOYSA-N,EC50,nM,5000.0,Cn1nncc1Cn1ncc2c(N3CCC(F)(F)C3)nc(C(C)(C)C)nc21,1
UHDXITGYAGWUGG-UHFFFAOYSA-N,EC50,nM,5000.0,CC(C)(C)C(NC(=O)c1cc(OC2COC2)c(Cl)cn1)c1nccs1,1
UJDZUAWFACIABD-UHFFFAOYSA-N,EC50,nM,1505.0,CC(C)(C)OC(=O)N1CC=C(c2ccnc3ccc(C(c4ccc(Cl)cc4)c4nccs4)cc23)CC1,1
UJEAAVOZOGMGNH-UHFFFAOYSA-N,EC50,nM,5000.0,CN(C)C(=O)C(NC(=O)c1cc(OCC(F)(F)F)c(C2CC2)cn1)C(C)(C)C,1
UKIOOPVCNLACSU-UHFFFAOYSA-N,EC50,nM,1006.0,O=C(c1nn[nH]n1)N1CCC(c2[nH]nc3ccc(C(c4ccc(Cl)cc4)c4ccc(Cl)cc4)cc23)CC1,1
UKOPUEDKVWUBMD-UHFFFAOYSA-N,EC50,nM,290.0,O=c1cc(NC2CCN(S(=O)(=O)C(F)(F)F)CC2)c2cc(C(c3ccc(Cl)cc3)N3CCN(c4ccccc4)CC3)ccc2[nH]1,1
ULZLYINESXARHU-UHFFFAOYSA-N,EC50,nM,5000.0,CC1(C)CN(C(=O)c2cnc(N3CC(F)(F)C3)c(OCC3CC3)n2)CCO1,1
UNIQLOTWLJVFFT-INIZCTEOSA-N,EC50,nM,1464.1,Cc1ccc(C(=O)NC(CC(C)C)c2nccs2)nc1OCC1CC1,1
UNQRHGWHJJTKHX-UHFFFAOYSA-N,EC50,nM,5000.0,CCOC(=O)CC(C)(C)NC(=O)c1ccc(N2CC(F)(F)C2)c(OCC2CC2)n1,1
UNRVKIASKAOIFA-UHFFFAOYSA-N,EC50,nM,32.0,O=C(O)c1cccc(N2CCC(c3c4cc(C(c5ccc(Cl)cc5)c5ccc(Cl)cc5)ccc4nn3C3CC3)CC2)c1,1
UNTTUPYHWXJEOZ-UHFFFAOYSA-N,EC50,nM,5000.0,O=C(O)CC1(NC(=O)c2ccc(N3CC(F)(F)C3)c(OCC3CC3)n2)CS(=O)(=O)C1,1
UNXWQBKXHUQJCY-AWEZNQCLSA-N,EC50,nM,5000.0,CC(C)CC(NC(=O)c1cnc(N2CC(F)(F)C2)c(OCC2CC2)n1)C(=O)N(C)C,1
UOCYXIBLTUGJNB-HNNXBMFYSA-N,EC50,nM,5000.0,NC(=O)C1N(C(=O)c2ccc(N3CC(F)(F)C3)c(OCC3CC3)n2)CCC12CC2,1
UODQXCLMNQBMOS-UHFFFAOYSA-N,EC50,nM,59.0,COC(=O)c1ccc(CN2CCC(Nc3ncnc4ccc(C(c5ccc(Cl)cc5)c5ccc(Cl)cc5)cc34)CC2)cc1,1
UOOMPCAGUCTCHP-UHFFFAOYSA-N,EC50,nM,5000.0,CC(C)(C)COc1nc(N2CCC(F)(F)C2)c2ncn(Cc3ccccc3C(F)(F)F)c2n1,1
UOTIJJKMNLXXOZ-UHFFFAOYSA-N,EC50,nM,5000.0,Cc1nonc1Cn1cnc2c(N3CC4(COC4)C3)nc(C(C)(C)C)nc21,1
UPFRRDUBZREZMS-UHFFFAOYSA-N,EC50,nM,5000.0,O=C(c1ccc(C2CC2)c(OCC2CC2)n1)N1CCC(C(O)C(F)(F)F)C1,1
UQBZMSMREMTJPR-IBGZPJMESA-N,EC50,nM,5000.0,CC(C)C(C)(CO)NC(=O)c1ccc(C2CC2)c(OCC2CC2)n1,1
UQFPWHOVXABWIZ-UHFFFAOYSA-N,EC50,nM,13.0,OCCOc1nc(NCc2cccc(C(F)(F)F)c2)c2cc(C(c3ccc(Cl)cc3)c3ccc(Cl)cc3)ccc2n1,1
URVZVODJEDGKDD-KRWDZBQOSA-N,EC50,nM,1698.4,CC(C)CC(NC(=O)c1cccc(Cc2ccc(F)cc2)n1)C(N)=O,1
USLOGBULUSLXLX-UHFFFAOYSA-N,EC50,nM,5000.0,CC(C)(C)c1nc(N2CCC(F)(F)C2)c2ncn(Cc3ccc(Cl)cc3)c2n1,1
UTDONDAPOKWYOE-UHFFFAOYSA-N,Inhibition,%,25.0,CCOC(=O)c1c(NC(=O)c2ccc3ccccc3c2)sc2c1CCCC2,1
UTSJPERVHKTIIV-UHFFFAOYSA-N,EC50,nM,2.0,Clc1ccc(C(c2ccc(Cl)cc2)c2ccc3ncnc(NC4CCN(c5ccccn5)CC4)c3c2)cc1,1
UUVJLQSBOAICCA-SFHVURJKSA-N,EC50,nM,1865.8,CNC(=O)C(CC(C)(C)C)NC(=O)c1cccc(Cc2ccc(F)cc2)n1,1
UWFSBJHRXUJLNU-UHFFFAOYSA-N,EC50,nM,5000.0,Cc1nc(C(C)(CS(C)(=O)=O)NC(=O)c2cc(OCC(F)(F)F)c(Cl)cn2)no1,1
UXIICCPSZILTAY-UHFFFAOYSA-N,EC50,nM,36.0,CC(Nc1cc(=O)[nH]c2ccc(C(c3ccc(Cl)cc3)c3ccc(Cl)cc3)cc12)c1cccc(C(F)(F)F)c1,1
UYAUGGNRWFCFDZ-UHFFFAOYSA-N,EC50,nM,530.0,O=c1cc(NC2CCN(S(=O)(=O)C(F)(F)F)CC2)c2cc(C(O)(c3ccc(F)cc3)c3ccc(Cl)cc3)ccc2[nH]1,1
UYFGREPCZGVVSN-UHFFFAOYSA-N,EC50,nM,27.0,O=S(=O)(C1CC1)N1CCC(c2[nH]nc3ccc(C(c4ccc(Cl)cc4)c4ccc(Cl)cc4)cc23)CC1,1
UYKWSMMRYKLGIR-UHFFFAOYSA-N,EC50,nM,818.0,O=C(O)c1cccc(N2CCC(Nc3ncnc4ccc(C(c5ccc(Cl)cc5)c5ccc(Cl)cc5)cc34)CC2)c1,1
UYOPAJIVCLRWNU-UHFFFAOYSA-N,EC50,nM,5000.0,CCOC(=O)C1CCCN(C(=O)c2ccc(N3CC(F)(F)C3)c(OCC3CC3)n2)C1c1ccccc1,1
UYXYJADQNQQTLA-UHFFFAOYSA-N,EC50,nM,271.0,O=C(O)c1ccc(S(=O)(=O)N2CCC(c3[nH]nc4ccc(C(c5ccc(Cl)cc5)c5ccc(Cl)cc5)cc34)CC2)s1,1
UZDHNUSEEVZWIW-AWEZNQCLSA-N,EC50,nM,5000.0,Cc1nc(C(CC2CC2)NC(=O)c2cnc(N3CC(F)(F)C3)c(OCC3CC3)n2)no1,1
UZUAJNYIPZAFCC-CUVJYRNJSA-N,EC50,nM,5000.0,CC(Oc1cc(C(=O)NC(C(N)=O)C(C)(C)C)ncc1C1CC1)C(F)(F)F,1
VBTVZKKVPYJKPB-IBGZPJMESA-N,EC50,nM,5000.0,CNC(=O)C(CC(C)(C)C)NC(=O)c1ccc(C2CC2)c(OCC2CCOCC2)n1,1
VDOQZJTZADKGTH-SFHVURJKSA-N,EC50,nM,5000.0,Cc1nc(C(CC(C)C)NC(=O)c2ccc(C3CC3)c(OCC3CC3)n2)no1,1
VDPWGZTZUUULRK-UHFFFAOYSA-N,EC50,nM,324.0,O=C(O)c1cccc(N2CCC(c3nn(C4CC4)c4ccc(C(c5ccc(Cl)cc5)c5ccc(Cl)cc5)cc34)CC2)c1,1
VELIFIGTMFBRPH-UHFFFAOYSA-N,EC50,nM,5000.0,Cc1nc(C(C)(CS(C)(=O)=O)NC(=O)c2cc(OCC(F)(F)F)c(C3CCC3)cn2)no1,1
VENVKYSIFVXABE-UHFFFAOYSA-N,EC50,nM,5000.0,NC(=O)C(CC1CCC1)NC(=O)c1cnc(N2CC(F)(F)C2)c(OCC2CC2)n1,1
VFLZGKRNNPYJHH-UHFFFAOYSA-N,EC50,nM,64.0,NC(=O)c1cccc(C(=O)N2CCC(c3nn(C4CC4)c4ccc(C(c5ccc(Cl)cc5)c5ccc(Cl)cc5)cc34)CC2)c1,1
VFMAHZQZZREWKC-UHFFFAOYSA-N,EC50,nM,1569.0,O=C(O)CCS(=O)(=O)N1CCC(c2nn(CCO)c3ccc(C(c4ccc(Cl)cc4)c4ccc(Cl)cc4)cc23)CC1,1
VGEXOJHOISGPOQ-UHFFFAOYSA-N,EC50,nM,5000.0,Cc1nnc(Cn2cnc3c(N4CCC(F)(F)C4)nc(NC(C)(C)C)nc32)o1,1
VKDBYVJPZIZHOD-UHFFFAOYSA-N,EC50,nM,24.0,Cn1nc(C2CCN(S(=O)(=O)c3ccc(C(N)=O)cc3)CC2)c2cc(C(c3ccc(Cl)cc3)c3ccc(Cl)cc3)ccc21,1
VKHICDBOFHQORG-UHFFFAOYSA-N,EC50,nM,19.0,OCCCCOc1nc(NCc2ccc(C(F)(F)F)cc2)c2cc(C(c3ccc(Cl)cc3)c3ccc(Cl)cc3)ccc2n1,1
VKIFFBLWMJKJJG-UHFFFAOYSA-N,EC50,nM,30.0,O=C(O)c1ccc(CN2CCC(c3c4cc(C(c5ccc(Cl)cc5)c5ccc(Cl)cc5)ccc4nn3C3CC3)CC2)cc1,1
VLLTWAIEGAIZNI-CHPOKUKFSA-N,EC50,nM,5000.0,CC(Oc1cc(C(=O)NC(C(=O)N2CC(F)(F)C2)C(C)(C)C)ncc1C1CC1)C(F)(F)F,1
VMDGWODVECVTBV-APDXDRDNSA-N,EC50,nM,5000.0,CC(Oc1cc(C(=O)NC(C)(CC(N)=O)C2CC2)ncc1C1CC1)C(F)(F)F,1
VMFIMGMOGZEXIG-UHFFFAOYSA-N,EC50,nM,4.0,COC(=O)c1ccc(N2CCC(Nc3ncnc4ccc(C(c5ccc(Cl)cc5)c5ccc(Cl)cc5)cc34)CC2)cc1,1
VMPYNSZMTXWZJM-UHFFFAOYSA-N,EC50,nM,32.0,CCS(=O)(=O)N1CCC(Nc2ncnc3ccc(C(c4ccc(Cl)cc4)c4ccc(Cl)cc4)cc23)CC1,1
VMZDHGAEHCHJQC-UHFFFAOYSA-N,EC50,nM,4389.0,O=C(CCc1ccc(N2CCC(Nc3ncnc4ccc(C(c5ccc(Cl)cc5)c5ccc(Cl)cc5)cc34)CC2)cc1)NCCO,1
VMZPEUXYVDRJEN-UHFFFAOYSA-N,EC50,nM,49.0,O=S(=O)(c1ccccc1C(F)(F)F)N1CCC(c2[nH]nc3ccc(C(c4ccc(Cl)cc4)c4ccc(Cl)cc4)cc23)CC1,1
VNOGZGIBPZGNHM-UHFFFAOYSA-N,EC50,nM,5000.0,CC(C)CS(=O)(=O)c1nc(C(=O)NC2(CC(N)=O)COC2)ccc1C1CC1,1
VNWISLWPGGGFRQ-JRZJBTRGSA-N,EC50,nM,1391.1,CC(C)CC(NC(=O)c1ccc(N2CCCC2C)c(OCC2CC2)n1)C(N)=O,1
VODLFQKESGLLEP-UHFFFAOYSA-N,EC50,nM,11.0,O=c1cc(NC2CCN(S(=O)(=O)C(F)(F)F)CC2)c2cc(C(c3ccc(Cl)cc3)c3ccc(Cl)nc3)ccc2[nH]1,1
VOJUPIFFPNJQEP-UHFFFAOYSA-N,EC50,nM,5000.0,CN(C(=O)c1ccc(C2CC2)c(OCC2CCCO2)n1)C(C)(C)C,1
VOWWDTZOXKOIRE-SFHVURJKSA-N,EC50,nM,5000.0,CC(C)CC(NC(=O)c1cccc(-c2cccc(Cl)c2)n1)c1nccs1,1
VSCMKZVZZCTJMJ-UHFFFAOYSA-N,EC50,nM,5000.0,O=C(NC(CO)C1CC1)c1cnc(N2CC(F)(F)C2)c(OCC2CC2)n1,1
VTYGHOAHGMNBDN-UHFFFAOYSA-N,EC50,nM,120.0,Oc1ccc(CN2CCC(Nc3ncnc4ccc(C(c5ccc(Cl)cc5)c5ccc(Cl)cc5)cc34)CC2)cc1,1
VURDSALMLAGFSD-ZDUSSCGKSA-N,EC50,nM,5000.0,CC(C)CC(NC(=O)c1cccc(S(=O)(=O)CC(C)C)n1)C(N)=O,1
VUVMQFRHLXTLHC-IBGZPJMESA-N,EC50,nM,5285.0,Cc1nc(C(C)(CC2CC2)NC(=O)c2cc(OCC(F)(F)F)c(C3CC3)cn2)no1,1
VVFMTXUAODNFIP-AWEZNQCLSA-N,EC50,nM,5000.0,NC(=O)C1CC(F)(F)CN1C(=O)c1ccc(C2CC2)c(OCC2CC2)n1,1
VVLMARNQGHNNHD-UHFFFAOYSA-N,IC50,nM,2000.0,COc1cc(Nc2ccc(S(=O)(=O)NCC3CCCO3)c(F)c2)cc(OC)c1,1
VVPMUWLKDZXUHA-UHFFFAOYSA-N,EC50,nM,15.0,O=S(=O)(c1ccccn1)N1CCC(Nc2ncnc3ccc(C(c4ccc(Cl)cc4)c4ccc(Cl)cc4)cc23)CC1,1
VVZZGRLNJXCLEN-UHFFFAOYSA-N,EC50,nM,5000.0,O=C(NC1CCS(=O)(=O)C1)c1ccc(N2CC(F)(F)C2)c(OCC2CC2)n1,1
VWCUPYLJQYNCJN-UHFFFAOYSA-N,EC50,nM,432.0,CS(=O)(=O)Nc1nc(NC2CCN(S(=O)(=O)C(F)(F)F)CC2)c2cc(C(c3ccc(Cl)cc3)c3ccc(Cl)cc3)ccc2n1,1
VWDRVCVNSCYAFX-UHFFFAOYSA-N,EC50,nM,5000.0,NC(=O)CC1(NC(=O)c2ccc(N3CC(F)(F)C3)c(OCC3CC3)n2)COC1,1
VWGHODKZBDHLDF-INIZCTEOSA-N,EC50,nM,5000.0,CC(C)CC(NC(=O)c1ccc(N2CC(F)(F)C2)c(OCC2CC2)n1)C(=O)N1CC(F)(F)C1,1
VXCCUPJXIVSMJK-UHFFFAOYSA-N,EC50,nM,68.0,O=C(O)c1ccc(CS(=O)(=O)N2CCC(c3nn(C4CC4)c4ccc(C(c5ccc(Cl)cc5)c5ccc(Cl)cc5)cc34)CC2)s1,1
VXMUSOWCWIELIS-UHFFFAOYSA-N,EC50,nM,950.0,O=C(O)c1ccc(C(=O)N2CCC(Nc3ncnc4ccc(C(c5ccc(Cl)cc5)c5ccc(Cl)cc5)cc34)CC2)cc1,1
VXQOKJINQOZOQK-UHFFFAOYSA-N,EC50,nM,5.0,O=S(=O)(N1CCN(c2n[nH]c3ccc(C(c4ccc(Cl)cc4)c4ccc(Cl)cc4)cc23)CC1)C(F)(F)F,1
VYEXHOANMXAKDW-UHFFFAOYSA-N,EC50,nM,5000.0,CC(C)(C)c1nc(N2CCC(F)(F)C2)c2cnn(CCc3ccccc3)c2n1,1
VYJVVPMCRWSCIJ-UHFFFAOYSA-N,EC50,nM,5000.0,CN(C)C(=O)CC1(NC(=O)c2ccc(C3CC3)c(OCC3CC3)n2)COC1,1
VZFNTIBCUQHUTG-HNNXBMFYSA-N,EC50,nM,5000.0,Cc1nc(C(CC2CC2)NC(=O)c2ccc(C3CC3)c(OCC(F)(F)C(F)(F)F)n2)no1,1
VZMBXHOIYPJRBB-AWEZNQCLSA-N,EC50,nM,5000.0,NC(=O)C(NC(=O)c1ccc(N2CC(F)(F)C2)c(OCC2CC2)n1)C1CC1,1
WAURBFCYKNFRDO-HNNXBMFYSA-N,EC50,nM,322.7,CCC(CC)(NC(=O)c1ccc(C2CC2)c(OCCC(O)C(F)(F)F)n1)C(=O)NC,1
WBIVLCHUXWWDTD-UHFFFAOYSA-N,EC50,nM,22.0,O=c1cc(NC2CCN(S(=O)(=O)C(F)(F)F)CC2)c2cc(C(c3ccc(O)cc3)c3ccc(Cl)cc3)ccc2[nH]1,1
WBNKWDHXVCSHJJ-UHFFFAOYSA-N,EC50,nM,194.0,O=S(=O)(c1ccc(Nc2ncnc3ccc(C(c4ccc(Cl)cc4)c4ccc(Cl)cc4)cc23)cc1)C(F)(F)F,1
WBWCBPVTIJFNJL-FQEVSTJZSA-N,EC50,nM,5000.0,Cc1nc(C(C)(CC(C)(C)C)NC(=O)c2cc(OCC(F)(F)F)c(C3CC3)cn2)no1,1
WCAWKMLSIYGNLP-UHFFFAOYSA-N,EC50,nM,617.0,O=C(O)C(=O)N1CCC(c2c3cc(C(c4ccc(Cl)cc4)c4ccc(Cl)cc4)ccc3nn2C2CC2)CC1,1
WEBIPWRCFXHPRG-UHFFFAOYSA-N,EC50,nM,5000.0,NC(=O)CC1(NC(=O)c2ccc(N3CC(F)(F)C3)c(OCC3CC3)n2)CCNCC1,1
WENGYGXMRTYYDF-UHFFFAOYSA-N,EC50,nM,5000.0,Cc1nc(C(C)(NC(=O)c2cc(OCC(F)(F)F)c(C3CC3)cn2)C(=O)N2CC3(COC3)C2)no1,1
WEYIIJLTOPJEDN-BRDUYFECSA-N,Ki,nM,5000.0,COc1ccc2c3c1OC1C(SC4OC(C(=O)O)C(OC(C)=O)C(OC(C)=O)C4OC(C)=O)C=CC4C(C2)N(C)CCC341,1
WFBGYXUFXBHCIC-UHFFFAOYSA-N,EC50,nM,35.0,O=S1(=O)CCN(CCNc2ncnc3ccc(C(c4ccc(Cl)cc4)c4ccc(Cl)cc4)cc23)CC1,1
WFUANOFBPAZXDE-UHFFFAOYSA-N,EC50,nM,5000.0,CC(=O)N1CCN(c2cc(OS(=O)(=O)C(F)(F)F)nc3ccc(C(c4ccc(Cl)cc4)c4nccs4)cc23)CC1,1
WGVOIZYZSGQQTF-UHFFFAOYSA-N,EC50,nM,5000.0,CC(C)(C)c1nc(N2CCC3(COC3)C2)c2ncn(Cc3ccccc3C(F)(F)F)c2n1,1
WHDBZGSSGHJRIM-UHFFFAOYSA-N,EC50,nM,941.0,O=C(O)c1ccccc1Cn1nc(N2CCN(S(=O)(=O)C(F)(F)F)CC2)c2cc(C(c3ccc(Cl)cc3)c3ccc(Cl)cc3)ccc21,1
WHEVZVDNKRTZHA-UHFFFAOYSA-N,EC50,nM,5000.0,O=C(c1cnc(N2CC(F)(F)C2)c(OCC2CC2)n1)N1CCC2(COC2)C1,1
WHJMDXSSGLASRF-CVZPLEKBSA-N,Ki,nM,549.0,OCC1OC(ON=Cc2ccncc2)C(O)C(O)C1O,1
WIJNCXRCTJRBNB-SXWUCCAISA-N,EC50,nM,5000.0,Cc1nc(C(C)(CC2CC2)NC(=O)c2cc(OC(C)C(F)(F)F)c(C3CCC3)cn2)no1,1
WINKRSCBRNPWJQ-INIZCTEOSA-N,EC50,nM,5000.0,NC(=O)C(CC1CC1)NC(=O)c1ccc(C2CC2)c(OCC2CC2)n1,1
WJGBHZXELPJWNC-UHFFFAOYSA-N,EC50,nM,5000.0,Cc1nc(C(C)(CS(C)(=O)=O)NC(=O)c2cc(OCC(F)F)c(C3CC3)cn2)no1,1
WJTAKJCKVXTWDS-UHFFFAOYSA-N,EC50,nM,366.0,O=c1cc(Cc2ccc(OC(F)(F)F)cc2)c2cc(C(c3ccc(Cl)cc3)c3nccs3)ccc2[nH]1,1
WKANHJHDIVVWMB-UHFFFAOYSA-N,EC50,nM,24.0,CS(=O)(=O)N1CCC(Nc2ncnc3ccc(C(c4ccc(Cl)cc4)c4ccc(Cl)cc4)cc23)CC1,1
WKKWCYSKPGGNJJ-UHFFFAOYSA-N,EC50,nM,5000.0,CC(C)(C)c1nc(N2CCC(F)(F)C2)c2cnn(Cc3ccc(F)cc3Cl)c2n1,1
WKPDQJKEYKBGBN-UHFFFAOYSA-N,EC50,nM,5000.0,CC(C)(C)c1nc(N2CCC(F)(F)C2)c2ncn(CC(=O)c3ccccc3Cl)c2n1,1
WMRPSMNDRHQDDL-UHFFFAOYSA-N,EC50,nM,5000.0,CC(C)(C)COc1nc(N2CCC(F)(F)C2)c2ncn(Cc3ccccc3S(C)(=O)=O)c2n1,1
WMTHDYHQAPHVDC-JTQLQIEISA-N,EC50,nM,2472.3,CC(C#N)NC(=O)c1ccc(C2CC2)c(OCC2CC2)n1,1
WMTYHEVDTDIEPH-UHFFFAOYSA-N,EC50,nM,4.0,O=S(=O)(N1CCCC1)N1CCC(Nc2ncnc3ccc(C(c4ccc(Cl)cc4)c4ccc(Cl)cc4)cc23)CC1,1
WNJKAOZYBCEKOT-UHFFFAOYSA-N,EC50,nM,1246.2,CC(C)CC(C)(CO)NC(=O)c1ccc(C2CC(F)(F)C2)c(OCC2CC2)n1,1
WNLPALAQRMAMFR-UHFFFAOYSA-N,EC50,nM,1134.0,NC(=O)COc1ccc(N2CCC(c3nn(C4CC4)c4ccc(C(c5ccc(Cl)cc5)c5ccc(Cl)cc5)cc34)CC2)cc1,1
WOIDJTAEQHMJIS-UHFFFAOYSA-N,EC50,nM,5000.0,CC(C)(C)c1nc(N2CCC(F)(F)C2)c2cnn(Cc3ccccc3C(F)(F)F)c2n1,1
WRLKXFZKHYBNAN-UHFFFAOYSA-N,EC50,nM,5000.0,Cc1noc(Cn2cnc3c(N4CC(F)(F)C(F)(F)C4)nc(C(C)(C)C)nc32)n1,1
WRYFRWQNTDKNJH-UHFFFAOYSA-N,EC50,nM,478.0,O=C(O)c1cccc(C(=O)N2CCC(c3nn(C4CC4)c4ccc(C(c5ccc(Cl)cc5)c5ccc(Cl)cc5)cc34)CC2)c1,1
WTEHSKAGFXZHBI-UHFFFAOYSA-N,EC50,nM,374.0,O=C(O)c1ccc(S(=O)(=O)N2CCC(c3nn(CCO)c4ccc(C(c5ccc(Cl)cc5)c5ccc(Cl)cc5)cc34)CC2)cc1,1
WTYRESTZVQXICD-UHFFFAOYSA-N,EC50,nM,5000.0,CC(C)C(NC(=O)c1cnc(N2CC(F)(F)C2)c(OCC2CC2)n1)C(N)=O,1
WVAOAYRRTAJTSM-VOTSOKGWSA-N,EC50,nM,2280.0,O=c1cc(C=Cc2ccccc2)c2cc(C(c3ccc(Cl)cc3)c3ccc(Cl)s3)ccc2[nH]1,1
WYMNXAQRCMLVSK-UHFFFAOYSA-N,EC50,nM,4.0,CNC(=O)c1ccc(S(=O)(=O)N2CCC(c3c4cc(C(c5ccc(Cl)cc5)c5ccc(Cl)cc5)ccc4nn3C3CC3)CC2)cc1Cl,1
WYNGERXNJPGMMZ-DAFODLJHSA-N,EC50,nM,759.0,O=c1cc(C=Cc2ccc(C(F)(F)F)cc2)c2cc(C(c3ccc(Cl)cc3)c3ccc(Cl)s3)ccc2[nH]1,1
WYONIFFIPHQDLD-UHFFFAOYSA-N,EC50,nM,5000.0,CC1(C)CC(O)CCN1C(=O)c1ccc(N2CC(F)(F)C2)c(OCC2CC2)n1,1
WYYURRJKHXNBEY-UHFFFAOYSA-N,EC50,nM,43.0,O=C(O)c1csc(CN2CCC(c3c4cc(C(c5ccc(Cl)cc5)c5ccc(Cl)cc5)ccc4nn3C3CC3)CC2)c1,1
WZAOVQPGFNHOJZ-UHFFFAOYSA-N,EC50,nM,5000.0,NC(=O)CC1(NC(=O)c2ccc(C(F)(F)F)c(OCC3CCOCC3)n2)CS(=O)(=O)C1,1
WZTXXAFHTBEVGQ-UHFFFAOYSA-N,EC50,nM,5000.0,CC(CC(N)=O)(NC(=O)c1cc(OCC(F)F)c(C2CC2)cn1)C1CC1,1
XARTZWCZXFNEGB-UHFFFAOYSA-N,EC50,nM,5000.0,CC(C)CC(NC(=O)c1ccc(N2CC(F)(F)C2)c(OCC2CC2)n1)c1cccnc1,1
XBVIKUYKWIKFCD-UHFFFAOYSA-N,EC50,nM,180.0,O=C(NC(CO)(CO)CO)c1ccc(N2CCC(Nc3ncnc4ccc(C(c5ccc(Cl)cc5)c5ccc(Cl)cc5)cc34)CC2)cc1,1
XDDOQYGIFUIWFV-UHFFFAOYSA-N,EC50,nM,762.0,O=C(O)Cn1nc(C2CCN(S(=O)(=O)C(F)(F)F)CC2)c2cc(C(c3ccc(Cl)cc3)c3ccc(Cl)cc3)ccc21,1
XDZBBZVCIQZDOI-UHFFFAOYSA-N,EC50,nM,5000.0,Cn1nncc1Cn1ncc2c(N3CC=C(F)C3)nc(C(C)(C)C)nc21,1
XFXNKNOCNSQNOS-UHFFFAOYSA-N,EC50,nM,3.0,COc1ccc(S(=O)(=O)N2CCC(c3c4cc(C(c5ccc(Cl)cc5)c5ccc(Cl)cc5)ccc4nn3C3CC3)CC2)cc1C(N)=O,1
XGJVWIAMHQEAER-UHFFFAOYSA-N,EC50,nM,5000.0,Cc1nc(C(C)(NC(=O)c2cc(OCC(F)(F)F)c(C3(F)COC3)cn2)C2CC2)no1,1
XHRIANDCIHPOGF-SFHVURJKSA-N,EC50,nM,5000.0,Cc1nc(C(C)(NC(=O)c2cc(OCC(F)(F)F)c(C3CC3)cn2)C2CC2)no1,1
XIMWVTODMNEYPM-UHFFFAOYSA-N,IC50,nM,569.0,CC(C)(NS(=O)(=O)c1ccc(NC2CC3CCC2C3)cc1C(F)(F)F)C1CC1,1
XIPHDYHDQLPKRO-UHFFFAOYSA-N,EC50,nM,9.0,CNC(=O)c1cc(S(=O)(=O)N2CCC(c3c4cc(C(c5ccc(Cl)cc5)c5ccc(Cl)cc5)ccc4nn3C3CC3)CC2)ccc1Cl,1
XJPQRBGPWVIUJB-UHFFFAOYSA-N,EC50,nM,82.0,NC(=O)c1cccc(S(=O)(=O)N2CCC(c3nn(CCO)c4ccc(C(c5ccc(Cl)cc5)c5ccc(Cl)cc5)cc34)CC2)c1,1
XKJHJRQCCGZLRF-UHFFFAOYSA-N,EC50,nM,8.0,NC(=O)CCCOc1nc(NCc2ccc(C(F)(F)F)cc2)c2cc(C(c3ccc(Cl)cc3)c3ccc(Cl)cc3)ccc2n1,1
XLJBXAXREZCRAO-HNNXBMFYSA-N,EC50,nM,5000.0,O=C(NC(c1cccnc1)C(F)(F)F)c1cc(OCC2CC2)c(Cl)cn1,1
XMJHLMQVVMGQAP-KRWDZBQOSA-N,EC50,nM,5000.0,Cc1nc(C(C)(CS(C)(=O)=O)NC(=O)c2cc(OCC(F)(F)F)c(C3CC3)cn2)no1,1
XNCRLZJDRSJNGA-UHFFFAOYSA-N,EC50,nM,336.8,CC(C)(C)c1nc(N2CCC(F)(F)C2)c2cnn(Cc3ccccc3S(C)(=O)=O)c2n1,1
XNUMLEZFEOUPPQ-UHFFFAOYSA-N,EC50,nM,6006.0,O=C(O)c1ccccc1C(=O)N1CCC(c2nn(C3CC3)c3ccc(C(c4ccc(Cl)cc4)c4ccc(Cl)cc4)cc23)CC1,1
XOMUKZYXMPQWKV-NRFANRHFSA-N,EC50,nM,5000.0,Cc1nc(C(C)(NC(=O)c2ccc(C3CC3)c(S(=O)(=O)CC(C)C)n2)C2CC2)no1,1
XPOWWEJWAWCBCA-UHFFFAOYSA-N,EC50,nM,84.0,NC(=O)Cn1nc(N2CCN(S(=O)(=O)C(F)(F)F)CC2)c2cc(C(c3ccc(Cl)cc3)c3ccc(Cl)cc3)ccc21,1
XQDGHWNRDOLQRQ-ZDUSSCGKSA-N,EC50,nM,5000.0,CC(C)CSc1cccc(C(=O)NC(CC(C)C)C(N)=O)n1,1
XQKQENAUOUWHPY-UHFFFAOYSA-N,EC50,nM,17.0,NC(=O)c1cc(S(=O)(=O)N2CCC(c3c4cc(C(c5ccc(Cl)cc5)c5ccc(Cl)cc5)ccc4nn3C3CC3)CC2)ccc1Cl,1
XRFAUTYOXDGQFN-KRWDZBQOSA-N,EC50,nM,91.4,COC(=O)C(CC(C)C)NC(=O)c1ccc(C2CC2)c(OCC2CC2)n1,1
XRLQZPRYWJTBSE-FAQQKDIKSA-N,EC50,nM,5000.0,Cc1nc(C(C)(CS(C)(=O)=O)NC(=O)c2cc(OC(C)C(F)(F)F)c(C3(O)CCC3)cn2)no1,1
XSACCYGTSYXNGG-UHFFFAOYSA-N,EC50,nM,85.0,O=C(O)c1cccc(S(=O)(=O)N2CCC(c3nn(CCO)c4ccc(C(c5ccc(Cl)cc5)c5ccc(Cl)cc5)cc34)CC2)c1,1
XSNWYJFFDWYPKZ-HNNXBMFYSA-N,EC50,nM,5000.0,COCCOc1nc(C(=O)NC(CC2CC2)C(N)=O)ccc1C1CC1,1
XSSISGIWTVCHHH-UHFFFAOYSA-N,EC50,nM,249.0,O=C(O)CS(=O)(=O)N1CCC(c2[nH]nc3ccc(C(c4ccc(Cl)cc4)c4ccc(Cl)cc4)cc23)CC1,1
XSVNNGAAABIATC-SFHVURJKSA-N,EC50,nM,5000.0,NC(=O)C(NC(=O)c1ccc(C2CC2)c(OCC2CC2)n1)c1ccc(F)cc1,1
XSWSVFHQCZSDPR-UHFFFAOYSA-N,EC50,nM,5000.0,CC(=O)N1CCC(CC(N)=O)(NC(=O)c2ccc(C3CC3)c(Cc3ccc(F)cc3)n2)CC1,1
XTLWPVIAWXEQMP-APDXDRDNSA-N,EC50,nM,5000.0,Cc1nc(C(C)(NC(=O)c2cc(OC(C)C(F)(F)F)c(C3(F)COC3)cn2)C2CC2)no1,1
XTYGYHPGXXOKCJ-XUYKGMDWSA-N,Ki,nM,1245.0,CC(=O)OC1C(SC2C=CC3C4Cc5ccc(O)c6c5C3(CCN4C)C2O6)OC(C(=O)O)C(OC(C)=O)C1OC(C)=O,1
XUSOZPXGGRAERL-AWEZNQCLSA-N,EC50,nM,1132.3,CC(C)CC(NC(=O)c1ccc(N2CC(F)(F)C2)c(OCC2CC2)n1)C(N)=O,1
XVGMPCNNHOZVDP-UHFFFAOYSA-N,EC50,nM,2.0,CCOC(=O)CCC(=O)N1CCC(Nc2ncnc3ccc(C(c4ccc(Cl)cc4)c4ccc(Cl)cc4)cc23)CC1,1
XVKGXSRVWSSDNX-UHFFFAOYSA-N,EC50,nM,20.0,COC(=O)c1ccc(CNc2ncnc3ccc(C(c4ccc(Cl)cc4)c4ccc(Cl)cc4)cc23)cc1,1
XVLDXTYTGGYMOO-UHFFFAOYSA-N,EC50,nM,5000.0,Cn1nnnc1C(NC(=O)c1cc(OCC(F)(F)F)c(C2CC2)cn1)C(C)(C)C,1
XVZIYBMQLAQRTF-UHFFFAOYSA-N,EC50,nM,1241.0,O=C(O)c1cccc(CCN2CCC(Nc3ncnc4ccc(C(c5ccc(Cl)cc5)c5ccc(Cl)cc5)cc34)CC2)c1,1
XWSRPZFKEDXJNG-UHFFFAOYSA-N,EC50,nM,5000.0,CC(CC(N)=O)(NC(=O)c1cc(OCC(F)(F)F)c(N2CC(F)(F)C2)cn1)C1CC1,1
XXIWLAROSAAJRD-CSUSBRIFSA-N,Ki,nM,501.0,CC(=O)OCC1OC(SC2C=CC3C4Cc5ccc(OC(C)=O)c6c5C3(CCN4C)C2O6)C(OC(C)=O)C(OC(C)=O)C1OC(C)=O,1
YAHOAMIKKWQZNP-HNNXBMFYSA-N,EC50,nM,5000.0,NC(=O)C1CCCN1C(=O)c1ccc(C2CC2)c(OCC2CC2)n1,1
YAQFRDJMHLPUJZ-UHFFFAOYSA-N,EC50,nM,5000.0,Cc1nc(C(C)(CC2CC2)NC(=O)c2ccc(N3CC(F)(F)C3)c(OCC3CC3)n2)no1,1
YDFMRSVZMGEPGB-AWEZNQCLSA-N,EC50,nM,5000.0,COC(=O)C(CC1CC1)NC(=O)c1cnc(C2CC2)c(OCC2CC2)n1,1
YDKZEJMKYMXXAI-UHFFFAOYSA-N,EC50,nM,5000.0,NC(=O)CC1(NC(=O)c2ccc(C3(O)COC3)c(OCC3CC3)n2)COC1,1
YDPKMPAOMQLUFC-UHFFFAOYSA-N,EC50,nM,29.0,O=c1cc(NC2CCN(S(=O)(=O)C(F)(F)F)CC2)c2cc(C(c3ccc(Cl)cc3)c3ccc(C(F)(F)F)cc3)ccc2[nH]1,1
YDTAYGLKVCWFRH-UHFFFAOYSA-N,EC50,nM,6548.0,O=C(O)Cc1cccc(N2CCC(c3nn(C4CC4)c4ccc(C(c5ccc(Cl)cc5)c5ccc(Cl)cc5)cc34)CC2)c1,1
YDTXWLNWZDXLGB-UHFFFAOYSA-N,EC50,nM,583.0,O=C(O)COc1nc(NCc2cccc(C(F)(F)F)c2)c2cc(C(c3ccc(Cl)cc3)c3ccc(Cl)cc3)ccc2n1,1
YDURYMDSXAIBBP-UHFFFAOYSA-N,EC50,nM,322.0,O=c1cc(N2CCN(S(=O)(=O)C(F)(F)F)CC2)c2cc(C(c3ccc(Cl)cc3)c3nccs3)ccc2[nH]1,1
YDUZZETWBAQFAY-UHFFFAOYSA-N,IC50,nM,5000.0,COc1ccc(Cn2c(-c3ccc(OC)cc3)nc3ccccc32)cc1,1
YEAACLBMBWXAJI-CVRLYYSRSA-N,EC50,nM,5000.0,NC(=O)C1CC(F)(F)CN1C(=O)c1ccc(C2CC2)c(OCC2CCCO2)n1,1
YEBYJDDEHYSRFD-UHFFFAOYSA-N,EC50,nM,5000.0,CN(C)C(=O)C(CC1CCC1)NC(=O)c1cnc(C2CC2)c(OCC2CC2)n1,1
YFEZYWCRIAEJFD-UHFFFAOYSA-N,EC50,nM,5000.0,CC(C)(C)c1nc(N2CCC(F)(F)C2)c2ncn(CCc3cccnc3)c2n1,1
YFRNVJAIVIJFIY-UHFFFAOYSA-N,EC50,nM,587.0,NC(=O)C(=O)N1CCC(c2c3cc(C(c4ccc(Cl)cc4)c4ccc(Cl)cc4)ccc3nn2C2CC2)CC1,1
YHBWDNQEDGRHEX-UHFFFAOYSA-N,EC50,nM,23.0,NC(=O)c1cccc(N2CCC(Nc3ncnc4ccc(C(c5ccc(Cl)cc5)c5ccc(Cl)cc5)cc34)CC2)c1,1
YIATZXPSLJFHJG-UHFFFAOYSA-N,EC50,nM,5000.0,Cc1nc(C(C)(CC2CC2)NC(=O)c2cc(OCC(F)F)c(C3CC3)cn2)no1,1
YIBNRTKNLHQBAO-ZDUSSCGKSA-N,EC50,nM,5000.0,NC(=O)C(CC1CC1)NC(=O)c1ccc(Br)c(OCC2CC2)n1,1
YIINLUUQZWSARU-LBPRGKRZSA-N,EC50,nM,5000.0,CC(C)CC(NC(=O)c1cc(OCC2CC2)c(Br)cn1)C(N)=O,1
YIUDDACEMXESNZ-JTQLQIEISA-N,EC50,nM,5000.0,CC(Oc1cc(C(=O)NC2(CC(N)=O)CS(=O)(=O)C2)ncc1C1(F)CCC1)C(F)(F)F,1
YLHZDXDHVQBEIG-UHFFFAOYSA-N,EC50,nM,59.0,NC(=O)Cc1ccc(N2CCC(c3c4cc(C(c5ccc(Cl)cc5)c5ccc(Cl)cc5)ccc4nn3C3CC3)CC2)cc1,1
YLLVQFPLWBLWGZ-INIZCTEOSA-N,EC50,nM,801.3,CC(C)CC(NC(=O)c1ccc(C2CC2)c(OCC2CC2)n1)C(N)=O,1
YLOBYAWMYVSJMP-UHFFFAOYSA-N,EC50,nM,5000.0,Cc1nonc1Cn1ncc2c(N3CCC(F)(F)C3)nc(C(C)(C)C)nc21,1
YLUVLAGMBQLRKW-UHFFFAOYSA-N,EC50,nM,5000.0,CC1C(c2ccccc2)CCCN1C(=O)c1ccc(N2CC(F)(F)C2)c(OCC2CC2)n1,1
YMAQRDXKWMRZGZ-ZZXKWVIFSA-N,EC50,nM,15.1,O=c1cc(C=Cc2ccc(C(F)(F)F)cc2)c2cc(C(c3ccc(Cl)cc3)c3cccs3)ccc2[nH]1,1
YMRAMJXPOJXMAC-UHFFFAOYSA-N,EC50,nM,10.0,O=C(COc1nc(NCc2cccc(C(F)(F)F)c2)c2cc(C(c3ccc(Cl)cc3)c3ccc(Cl)cc3)ccc2n1)NCCO,1
YOABBGLCCJMZAU-SFHVURJKSA-N,EC50,nM,5000.0,NC(=O)C(NC(=O)c1ccc(C2CC2)c(OCC2CC2)n1)c1ccc(Cl)cc1,1
YOPYPAFNHQZWSA-UHFFFAOYSA-N,EC50,nM,5000.0,CC(C)CC(C)(NC(=O)c1ccc(C2CC2)c(OCC2CC2)n1)C(N)=O,1
YOQMNGPKORZOQG-INIZCTEOSA-N,EC50,nM,5000.0,CC(C)CSc1nc(C(=O)NC(CC(C)C)C(N)=O)ccc1C1CC1,1
YQBCSZMACCYMLR-SFHVURJKSA-N,EC50,nM,5000.0,Cc1nc(C(CC2CC2)NC(=O)c2cccc(-c3ccc(F)c(Cl)c3)n2)no1,1
YQLPMTOGESEJNT-QFIPXVFZSA-N,EC50,nM,199.4,Cc1nc(C(C)(CC2CC2)NC(=O)c2ccc(C3CC3)c(OCC3CC3)n2)no1,1
YROBXCICKBIXFB-NRFANRHFSA-N,EC50,nM,91.0,O=C(NC(c1ccccn1)C(F)(F)F)c1ccc(C2CC2)c(Cc2ccc(F)cc2)n1,1
YRRINWJHRRTFIM-UHFFFAOYSA-N,EC50,nM,8.0,O=S(=O)(N1CCC(Nc2nc(C3CC3)nc3ccc(C(c4ccc(Cl)cc4)c4ccc(Cl)cc4)cc23)CC1)C(F)(F)F,1
YRSQEAJIQUWFEK-UHFFFAOYSA-N,EC50,nM,5000.0,NC(=O)CC1(NC(=O)c2ccc(N3CC(F)(F)C3)c(OCC3CC3)n2)CCSCC1,1
YSUYZOKIMZOYCT-UHFFFAOYSA-N,EC50,nM,13.0,O=S(=O)(N1CCC(c2nn(-c3ccc(Cl)c(Cl)c3)c3ccc(C(c4ccc(Cl)cc4)c4ccc(Cl)cc4)cc23)CC1)C(F)(F)F,1
YTIPRQCWHLGCLN-FQEVSTJZSA-N,EC50,nM,122.6,CC(C)CC(NC(=O)c1ccc(C2CC2)c(Cc2ccc(F)cc2)n1)C(N)=O,1
YVXRDRKGQXLTHY-UHFFFAOYSA-N,EC50,nM,6.0,O=S(=O)(N1CCN(c2nn(CCO)c3ccc(C(c4ccc(Cl)cc4)c4ccc(Cl)cc4)cc23)CC1)C(F)(F)F,1
YWNOCVUBSAREDY-UHFFFAOYSA-N,EC50,nM,4.0,O=S(=O)(c1ccccc1)N1CCC(Nc2ncnc3ccc(C(c4ccc(Cl)cc4)c4ccc(Cl)cc4)cc23)CC1,1
YWPJIGHCECZNOV-UHFFFAOYSA-N,EC50,nM,2329.4,CC(C)(C)c1nc(N2CCC(F)(F)C2)c2ncn(Cc3cn[nH]c3C(F)(F)F)c2n1,1
YWZGEGZSNRFLOJ-AWEZNQCLSA-N,EC50,nM,660.7,CNC(=O)C(NC(=O)c1cc(OCC(F)(F)F)c(C2CC2)cn1)C(C)(C)C,1
YXONYLIADHIZCX-UHFFFAOYSA-N,EC50,nM,5000.0,CNC(=O)C(C)(CC1CC1)NC(=O)c1cc(OCC(F)(F)F)c(C2CC2)cn1,1
YXRYPPIBSOFPHA-SFHVURJKSA-N,EC50,nM,5000.0,CC(C)C(C)(CO)NC(=O)c1cnc(C2CC2)c(OCC2CC2)n1,1
YYUGMRZATHBVQM-UHFFFAOYSA-N,EC50,nM,77.0,NCCCCOc1nc(NCc2cccc(C(F)(F)F)c2)c2cc(C(c3ccc(Cl)cc3)c3ccc(Cl)cc3)ccc2n1,1
YZFINHKVWPWHRM-UHFFFAOYSA-N,EC50,nM,3.0,FC(F)(F)c1ccc(N2CCC(Nc3ncnc4ccc(C(c5ccc(Cl)cc5)c5ccc(Cl)cc5)cc34)CC2)cc1,1
YZYXRUJAVCOJBN-UHFFFAOYSA-N,EC50,nM,199.0,CCNC(=O)N1CCC(c2[nH]nc3ccc(C(c4ccc(Cl)cc4)c4ccc(Cl)cc4)cc23)CC1,1
ZAAUOWYTSXDXKI-UHFFFAOYSA-N,EC50,nM,5000.0,CCC(CC)(NC(=O)c1ccc(C2CC2)c(OCC2CCCO2)n1)C(=O)NC,1
ZAPTUIAOPYZKKS-UHFFFAOYSA-N,EC50,nM,12.0,Clc1ccc(C(c2ccc(Cl)cc2)c2ccc3ncnc(NCCc4ccccc4)c3c2)cc1,1
ZBHWMXIOFTUNJH-UHFFFAOYSA-N,EC50,nM,345.0,O=C(O)c1ccc(C(=O)N2CCC(c3nn(C4CC4)c4ccc(C(c5ccc(Cl)cc5)c5ccc(Cl)cc5)cc34)CC2)cc1,1
ZCNZLIAPTGMNBK-UHFFFAOYSA-N,EC50,nM,150.0,O=C(O)c1ccc(N2CCC(c3nn(C4CC4)c4ccc(C(c5ccc(Cl)cc5)c5ccc(Cl)cc5)cc34)CC2)cc1,1
ZCRRCEOPNJGSBT-UHFFFAOYSA-N,EC50,nM,5000.0,Cc1nc(C(C)(CC2CC2)NC(=O)c2cc(OCC(F)(F)F)c(C3(F)COC3)cn2)no1,1
ZDPDDZLEKZATLZ-UHFFFAOYSA-N,IC50,nM,5000.0,O=C(c1cccc2ccccc12)c1csc2ccccc12,1
ZECUDEIGGOHWPV-UHFFFAOYSA-N,EC50,nM,5000.0,CNC(=O)C(NC(=O)c1cc(OCC(F)(F)F)c(C2CC2)cn1)C(C)(C)F,1
ZEWSNEGMLVJXOL-UHFFFAOYSA-N,EC50,nM,5000.0,CC(C)(C)c1nc(N2CCC(F)(F)C2)c2ncn(C3CS(=O)(=O)C3)c2n1,1
ZEYVWHJGSVXOHI-AWEZNQCLSA-N,EC50,nM,5000.0,CNC(=O)C(CC(C)(C)C)NC(=O)c1ccc(C(F)(F)F)c(OCC2CC2)n1,1
ZFCWREJEEFRYQJ-AWEZNQCLSA-N,EC50,nM,5000.0,O=C(NC(c1ccccn1)C(F)(F)F)c1cnc(N2CC(F)(F)C2)c(OCC2CC2)n1,1
ZFOQTQYDDLIWKA-UHFFFAOYSA-N,EC50,nM,2.0,O=C(O)c1cc(S(=O)(=O)N2CCC(c3c4cc(C(c5ccc(Cl)cc5)c5ccc(Cl)cc5)ccc4nn3C3CC3)CC2)ccc1Cl,1
ZGEGFXUPPMEWHZ-UHFFFAOYSA-N,EC50,nM,5000.0,CC1(C)CCCN1C(=O)c1cnc(N2CC(F)(F)C2)c(OCC(F)(F)F)n1,1
ZILQQLPCOPQXBI-HNNXBMFYSA-N,EC50,nM,5000.0,CCC(CC)(NC(=O)c1ccc(C2CC2)c(OC(CCO)C(F)(F)F)n1)C(=O)NC,1
ZJEDMUQOLRYVBT-UHFFFAOYSA-N,EC50,nM,5000.0,Cc1nc(C(C)(CC(C)(C)C)NC(=O)c2cc(OCC(F)(F)F)c(Cl)cn2)no1,1
ZJPJFKAXHGOXJW-UHFFFAOYSA-N,EC50,nM,5000.0,Cc1nc(C(C)(NC(=O)c2cc(OCC3CC3)c(C3CC3)cn2)C2CC2)no1,1
ZKNNIFSZTRIMQC-UHFFFAOYSA-N,EC50,nM,34.0,O=C(O)c1cncc(CN2CCC(c3c4cc(C(c5ccc(Cl)cc5)c5ccc(Cl)cc5)ccc4nn3C3CC3)CC2)c1,1
ZLJSRQNJHBQSFF-UHFFFAOYSA-N,EC50,nM,202.0,NC(=O)c1ccccc1S(=O)(=O)N1CCC(c2c3cc(C(c4ccc(Cl)cc4)c4ccc(Cl)cc4)ccc3nn2C2CC2)CC1,1
ZLRUPVLKUITRKC-UHFFFAOYSA-N,EC50,nM,191.0,NC(=O)c1ccc(CN2CCC(Nc3ncnc4ccc(C(c5ccc(Cl)cc5)c5ccc(Cl)cc5)cc34)CC2)cc1,1
ZLWPDTOAEXFXDM-UHFFFAOYSA-N,EC50,nM,39.0,O=C(CO)N1CCC(c2nn(C3CC3)c3ccc(C(c4ccc(Cl)cc4)c4ccc(Cl)cc4)cc23)CC1,1
ZMVMMDXWLMDXCC-UHFFFAOYSA-N,EC50,nM,5000.0,Cc1nc(C(C)(C)NC(=O)c2ccc(C3CCOC3)c(OCC3CC3)n2)no1,1
ZNJFNPLRXHPVJR-UHFFFAOYSA-N,EC50,nM,5000.0,CC1(O)CCN(C(=O)c2ccc(N3CC(F)(F)C3)c(OCC3CC3)n2)C1,1
ZOLUANKVFRGPLW-UHFFFAOYSA-N,EC50,nM,5000.0,CC(C)(C)c1nc(N2CCC3(COC3)C2)c2ncn(Cc3ccccc3S(C)(=O)=O)c2n1,1
ZPEKGYCPMJYCBG-UHFFFAOYSA-N,EC50,nM,5800.0,O=C(O)c1ccccc1S(=O)(=O)N1CCC(c2c3cc(C(c4ccc(Cl)cc4)c4ccc(Cl)cc4)ccc3nn2C2CC2)CC1,1
ZQZPIIVPDSVKDH-UHFFFAOYSA-N,EC50,nM,170.0,CCOC(=O)CS(=O)(=O)N1CCC(c2[nH]nc3ccc(C(c4ccc(Cl)cc4)c4ccc(Cl)cc4)cc23)CC1,1
ZSPXOYROQKAIFI-UHFFFAOYSA-N,EC50,nM,5000.0,CC(C)(C)Nc1nc(N2CC3(COC3)C2)c2ncn(CCC(F)(F)F)c2n1,1
ZSYRDKCJWAWTBE-STQMWFEESA-N,EC50,nM,5000.0,O=C(c1ccc(N2CC(F)(F)C2)c(OCC2CC2)n1)N1CC2CC1CS2,1
ZTEZEJTZWANYBN-UHFFFAOYSA-N,EC50,nM,5000.0,Cc1nc(C(C2CC2)N(C)C(=O)c2ccc(C3CC3)c(OCC3CCOCC3)n2)no1,1
ZTPKHWMFWXCLOG-UHFFFAOYSA-N,EC50,nM,5.0,NC(=O)c1csc(CN2CCC(c3c4cc(C(c5ccc(Cl)cc5)c5ccc(Cl)cc5)ccc4nn3C3CC3)CC2)c1,1
ZTWBZZGRZIWCBO-UHFFFAOYSA-N,EC50,nM,49.0,O=S(=O)(CC(F)(F)F)N1CCC(c2[nH]nc3ccc(C(c4ccc(Cl)cc4)c4ccc(Cl)cc4)cc23)CC1,1
ZUDCQDFRFUEYBK-UHFFFAOYSA-N,EC50,nM,8.0,O=S(=O)(N1CCC(c2nn(C3CC3)c3ccc(C(c4ccc(Cl)cc4)c4ccc(Cl)cc4)cc23)CC1)C(F)(F)F,1
ZULXETDPENFKSY-UHFFFAOYSA-N,EC50,nM,5000.0,CC(CC1CC1)(NC(=O)c1cc(OCC(F)(F)F)c(C2CC2)cn1)C(N)=O,1
ZVGNNTZBRRKTHH-UHFFFAOYSA-N,EC50,nM,5000.0,COC(=O)C(C)(NC(=O)c1cnc(N2CC(F)(F)C2)c(OCC2CC2)n1)C1CC1,1
ZVPBTUFLCCZRRW-ZDUSSCGKSA-N,EC50,nM,5000.0,CNC(=O)C(CC1CC1)NC(=O)c1cnc(N2CC(F)(F)C2)c(OCC2CC2)n1,1
ZVRHNSIABHQPLR-UHFFFAOYSA-N,EC50,nM,9.0,CCOC(=O)COc1ccc(S(=O)(=O)N2CCC(Nc3ncnc4ccc(C(c5ccc(Cl)cc5)c5ccc(Cl)cc5)cc34)CC2)cc1,1
ZVUWJOWNWZGZHC-UHFFFAOYSA-N,EC50,nM,5000.0,NC(=O)CC1(NC(=O)c2ccc(C3CC3)c(OCC3CC3)n2)CCNCC1,1
ZWZXBTYGVKVNQA-UHFFFAOYSA-N,EC50,nM,5000.0,FC1(F)CCN(c2nc(Cl)nc3c2cnn3Cc2ccccc2C(F)(F)F)C1,1
ZXUZAPJTRDGBSY-UHFFFAOYSA-N,IC50,nM,6000.0,O=S(=O)(NCC1CCCO1)c1ccc(N2CCc3ccccc32)cc1C(F)(F)F,1
ZZHORSHFWWDLRZ-UHFFFAOYSA-N,EC50,nM,5000.0,NC(=O)C1CSCN1C(=O)c1ccc(N2CC(F)(F)C2)c(OCC2CC2)n1,1
ZZSGQDISVHJWKZ-UHFFFAOYSA-N,EC50,nM,5000.0,Cc1noc(Cn2cnc3c(N4CCC(F)(F)C4)nc(NC(C)(C)C)nc32)n1,1
AGFFBJWUVQNKIX-CZIZESTLSA-N,EC50,nM,7.0,O=C(NC1(c2ccccn2)CC1)c1nn(-c2ccc(Cl)cc2)c2c1CCCC2=Cc1ccc(Cl)cc1,1
AIOQZVVKJGWGOM-WECAROLCSA-N,EC50,nM,8.0,CC(NC(=O)c1nn(-c2ccc(C(F)(F)F)cc2Cl)c2c1CCCCC2=Cc1ccc(Cl)s1)c1ccccn1,1
AQHMAKURGRYIMV-UHFFFAOYSA-N,Inhibition,%,25.0,Cc1cc(C(=O)NC2CCCCC2)c(C)n1-c1ccccc1,1
AVYOWJKCNOVUJC-BAOGCXAUSA-N,EC50,nM,7.0,CC(NC(=O)c1nn(-c2ccc(Cl)c(Cl)c2)c2c1CN(C(=O)Cn1cnnn1)CC2=Cc1ccc(F)cc1)c1ccccn1,1
AWXPIFQUFWZVAF-UHFFFAOYSA-N,IC50,nM,5000.0,CCCc1nc2ccccc2n1C(=O)c1ccc(OC)cc1,1
BEJMVKMGIMTOQH-WTNDLDAUSA-N,EC50,nM,18.0,CC(NC(=O)c1nn(-c2ccc(C(F)(F)F)cc2Cl)c2c1CCCC2=Cc1ccc(Cl)s1)c1ccccn1,1
BEJODQWULIPCQD-UHFFFAOYSA-N,IC50,nM,5000.0,CCCc1nc2ccccc2n1C(=O)c1cccc2ccccc12,1
BOXQWPWSSYVTDZ-UHFFFAOYSA-N,Inhibition,%,25.0,CCOC(=O)c1cc(-c2ccccc2)sc1NC(=O)c1ccc2ccccc2c1,1
BQJOLLFQTKCSOO-UHFFFAOYSA-N,Inhibition,%,25.0,CCc1c(C(=O)NCCc2ccccc2)cc(C)n1-c1ccccc1,1
BWKBSNKHBAZVMY-SFHVURJKSA-N,EC50,nM,205.9,CNC(=O)C(NC(=O)c1ccc(C2CC2)c(OCC2CCOCC2)n1)C(C)(C)C,1
BYQYYKPKLCWQAI-INIZCTEOSA-N,EC50,nM,91.9,COC(=O)C(NC(=O)c1ccc(C2CC2)c(OCC2CC2)n1)C(C)(C)C,1
CELSVJRFZCVCSS-KRWDZBQOSA-N,EC50,nM,5000.0,CNC(=O)C(NC(=O)c1cccc(-c2cccc(OC)c2)n1)C(C)(C)C,1
CJQXVQQIWACPJS-NGMZNZPNSA-N,EC50,nM,22.0,CC(NC(=O)c1nn(-c2ccc(Cl)cc2Cl)c2c1CN(C(=O)C(O)CO)CC2=Cc1ccc(Cl)cc1)c1ccccn1,1
CXSSYNNZICYZNA-AWEZNQCLSA-N,EC50,nM,5000.0,COCC1CCCN1C(=O)c1ccc(N2CC(F)(F)C2)c(OCC2CC2)n1,1
CYHJJFKNECOYOP-UHFFFAOYSA-N,IC50,nM,800.0,CCCCCc1sc2ccccc2c1C(=O)c1cccc2ccccc12,1
DFGLANSYXXIUOY-LBPRGKRZSA-N,EC50,nM,5000.0,CC(C)CC(CC(N)=O)NC(=O)c1cc(OCC(F)(F)F)c(C2CC2)cn1,1
DJKXVZISGWNZQG-UHFFFAOYSA-N,Inhibition,%,25.0,Cc1cc(C(=O)NC23CC4CC(CC(C4)C2)C3)c(C)n1-c1ccccc1,1
DLWFPAIRTIZRAQ-UHFFFAOYSA-N,IC50,nM,9700.0,CCCCc1nc2ccccc2n1C(=O)c1cccc2ccccc12,1
DMJFIKAISKBQHN-AOMKIAJQSA-N,EC50,nM,5000.0,CC1(C)CC2CC(C)(CN2C(=O)c2ccc(N3CC(F)(F)C3)c(OCC3CC3)n2)C1,1
DWGWWHOFDXQQAL-HNNXBMFYSA-N,EC50,nM,5000.0,CC(C)CC(C#N)NC(=O)c1ccc(C2CC2)c(OCC2CC2)n1,1
FAXHAJATTGMJBR-UHFFFAOYSA-N,IC50,nM,8400.0,COc1ccc(-c2sc3ccccc3c2C(=O)c2cccc3ccccc23)cc1,1
FNJXDPLNWFEMPF-RILMWAFASA-N,EC50,nM,35.0,CC(NC(=O)c1nn(-c2ccc(Cl)c(Cl)c2)c2c1CCCCC2=Cc1ccc(F)cc1)c1ccccn1,1
FWUQHSBFLPLCAJ-UHFFFAOYSA-N,IC50,nM,5000.0,COc1ccc(C(=O)n2c(C3CCCC3)nc3ccccc32)cc1,1
FYIZKKBMENMFBG-RXULLKCLSA-N,EC50,nM,6.0,COc1ccc(C=C2CN(C(=O)Cn3cnnn3)Cc3c(C(=O)NC(C)c4ccccc4)nn(-c4ccc(Cl)cc4Cl)c32)cc1,1
GGJMSWYYQFRHNN-UHFFFAOYSA-N,IC50,nM,5000.0,CCCCCc1sc2ccccc2c1C(=O)c1ccc(OC)cc1,1
GJRORIVCMARHTK-VXNZKSKFSA-N,EC50,nM,30.0,CC(NC(=O)c1nn(-c2ccc(Cl)cc2Cl)c2c1CCCC2=Cc1ccc(Cl)cc1)c1ccccn1,1
GKAXOANONMZCFR-PQMNFKMDSA-N,EC50,nM,22.0,CC(NC(=O)c1nn(-c2ccc(Cl)cc2)c2c1CCCC2=Cc1ccc(Cl)cn1)c1ccccn1,1
GMVKCYXMQGUCGI-UHFFFAOYSA-N,Inhibition,%,25.0,CCc1c(C(=O)Nc2cccc3ccccc23)cc(C)n1-c1ccccc1,1
GQNFZGSYBXHJRW-NSHDSACASA-N,EC50,nM,5000.0,CCCC(CO)NC(=O)c1cc(OCC2CC2)c(Cl)cn1,1
GSVUJNCMUJEJKC-UHFFFAOYSA-N,EC50,nM,4900.0,O=C(O)COc1cc(C(c2ccc(Cl)cc2)c2ccc(Cl)cc2)cc2c(NC3CCN(S(=O)(=O)C(F)(F)F)CC3)cc(=O)[nH]c12,1
GTIHQUYQNCEOJM-UHFFFAOYSA-N,IC50,nM,9700.0,O=C(c1cccc2ccccc12)n1c(C2CCC2)nc2ccccc21,1
GXEIPLPOJXGXKF-UHFFFAOYSA-N,Inhibition,%,25.0,Cc1cc(C(=O)NCCc2ccccc2)c(C)n1-c1ccccc1,1
GYTHQNSLEWSFBB-ZBJSNUHESA-N,EC50,nM,28.0,O=C(NC1CCN(c2ccccn2)CC1)c1nn(-c2ccc(Cl)cc2Cl)c2c1CCCCC2=Cc1ccc(F)cc1,1
HGAVVRICQYZBRK-UHFFFAOYSA-N,IC50,nM,5000.0,COc1ccc(C(=O)n2c(C(C)(C)C)nc3ccccc32)cc1,1
HXRPRKYDBDQLFE-IAXJKZSUSA-N,EC50,nM,375.2,CNC(=O)C(NC(=O)c1ccc(Br)c(OCC2CCCO2)n1)C(C)(C)C,1
HZAFFOPZBPZPPC-AZZGVMCLSA-N,EC50,nM,28.0,CC(NC(=O)c1nn(-c2ccc(Cl)cc2)c2c1CCCCC2=Cc1ccc(F)cc1)c1ccccn1,1
IDDHPLVFJHQUOF-UHFFFAOYSA-N,IC50,nM,5000.0,COc1ccc(C(=O)n2c(C3CCC3)nc3ccccc32)cc1,1
IIOXTISPTRJWDM-DYTRJAOYSA-N,EC50,nM,12.0,O=C(NC1CCN(c2ccccn2)CC1)c1nn(-c2ccc(Cl)cc2Cl)c2c1CCCC2=Cc1ccc(F)cc1,1
IUBHHSIXQXKDBY-INIZCTEOSA-N,EC50,nM,1535.3,CNC(=O)C(NC(=O)c1cccc(-c2cccc(Cl)c2)n1)C(C)(C)C,1
IYOAMTWFZGWWSB-VXNZKSKFSA-N,EC50,nM,4.0,CC(NC(=O)c1nn(-c2ccc(Cl)cc2Cl)c2c1CCCC2=Cc1ccc(F)cc1)c1ccccn1,1
JAAUKJUHYAZVIG-UHFFFAOYSA-N,IC50,nM,1000.0,CCCc1sc2ccccc2c1C(=O)c1cccc2ccccc12,1
JBCOMBGDMIQAAK-KCOUNZPASA-N,EC50,nM,4.0,COc1ccc(C=C2CN(C(=O)Cn3ccnn3)Cc3c(C(=O)NC(C)c4ccccc4)nn(-c4ccc(Cl)cc4Cl)c32)cc1,1
JEQSZUURBJZGKO-HNNXBMFYSA-N,EC50,nM,155.2,CNC(=O)C(NC(=O)c1cnc(C2CC2)c(OCC2CC2)n1)C(C)(C)C,1
JHZBJIARSBGHJQ-JRZJBTRGSA-N,EC50,nM,102.1,CNC(=O)C(NC(=O)c1ccc(C2CC2)c(OCC2CCCO2)n1)C(C)(C)C,1
JRHNCIILHNCYSB-JQIJEIRASA-N,EC50,nM,11.0,O=C(NC1(c2ccccn2)CC1)c1nn(-c2ccc(C(F)(F)F)cc2Cl)c2c1CCCC2=Cc1ccc(Cl)s1,1
JXXNYILRKWQKIS-UHFFFAOYSA-N,Inhibition,%,25.0,CCOC(=O)c1c(NS(=O)(=O)c2cccc3ccccc23)sc2c1CCCC2,1
KDYLQDJVVLEYND-NSHDSACASA-N,EC50,nM,5000.0,NC(=O)C1CC(F)(F)CN1C(=O)c1ccc(C2CC2)c(OCC(F)(F)C(F)(F)F)n1,1
KEEOXPUMHOLCAE-INIZCTEOSA-N,EC50,nM,5000.0,O=C(NC(c1cccnc1)C(F)(F)F)c1ccc(N2CC(F)(F)C2)c(OCC2CC2)n1,1
KFIUYTPTIHLJGV-VZMFNRANSA-N,EC50,nM,15.0,COc1ccc(C=C2CN(C(=O)c3ncn[nH]3)Cc3c(C(=O)NC(C)c4ccccc4)nn(-c4ccc(Cl)cc4Cl)c32)cc1,1
KIIXHWREEFBHTH-DDNKWHRWSA-N,EC50,nM,6.0,COc1ccc(C=C2CN(C(=O)CCS(N)(=O)=O)Cc3c(C(=O)NC(C)c4ccccn4)nn(-c4ccc(Cl)cc4Cl)c32)cc1,1
KLLWBIAQONUJSO-LVZFUZTISA-N,EC50,nM,13.0,O=C(NC1(c2ccccn2)CC1)c1nn(-c2ccc(Cl)c(Cl)c2)c2c1CCCCC2=Cc1ccc(F)cc1,1
LCVVPMVFUGNKDK-UHFFFAOYSA-N,IC50,nM,5000.0,CC(C)c1nc2ccccc2n1C(=O)c1cccc2ccccc12,1
LIJXONKSNLKXIX-UHFFFAOYSA-N,Inhibition,%,25.0,CCc1c(C(=O)NC(C)c2ccccc2)cc(C)n1-c1ccccc1,1
LIYWWXNOXASEBR-BAOGCXAUSA-N,EC50,nM,6.0,CC(NC(=O)c1nn(-c2ccc(Cl)cc2Cl)c2c1CN(C(=O)Cn1cnnn1)CC2=Cc1ccc(F)cc1)c1ccccn1,1
LKBWFHPTFOIXSW-HNNXBMFYSA-N,EC50,nM,5000.0,CNC(=O)C(NC(=O)c1ccc(N2CC(F)(F)C2)c(OCC2CC2)n1)C(C)(C)C,1
LVLQTZZPPOGMGE-UHFFFAOYSA-N,IC50,nM,5000.0,CC(C)Cc1nc2ccccc2n1C(=O)c1cccc2ccccc12,1
LZHBEWVNDSYHAE-OGTCDWKQSA-N,EC50,nM,32.0,COc1ccc(C=C2CN(C(=O)c3ccn[nH]3)Cc3c(C(=O)NC(C)c4ccccc4)nn(-c4ccc(Cl)cc4Cl)c32)cc1,1
MANFWCLBSHQVMU-MRUVXERFSA-N,EC50,nM,6.0,CC(NC(=O)c1nn(-c2ccc(Cl)c(Cl)c2)c2c1CN(C(=O)Cn1cncn1)CC2=Cc1ccc(Cl)cc1)c1ccccn1,1
MBCLKEZDZBEIIE-UHFFFAOYSA-N,IC50,nM,5000.0,Cc1nc2ccccc2n1C(=O)c1cccc2ccccc12,1
MBEMYKYSBQQXMT-KOMLCTQHSA-N,EC50,nM,15.0,CC(NC(=O)c1nn(-c2ccc(Cl)cc2Cl)c2c1CN(C(=O)c1ncn[nH]1)CC2=Cc1ccc(F)cc1)c1ccccc1,1
MFYZOIPEYIFSRO-UHFFFAOYSA-N,IC50,nM,5000.0,COc1ccc(C(=O)n2c(CC(C)C)nc3ccccc32)cc1,1
MMGRWMUFGYUWDV-UHFFFAOYSA-N,IC50,nM,8100.0,COc1ccc(-c2nc3ccccc3n2C(=O)c2cccc3ccccc23)cc1,1
MNZFCCVSVRWOPW-WECAROLCSA-N,EC50,nM,2.0,CC(NC(=O)c1nn(-c2ccc(Cl)cc2Cl)c2c1CCCCC2=Cc1ccc(Cl)s1)c1ccccn1,1
NMAQFBQMZAVAOA-SQVRNEIYSA-N,EC50,nM,20.0,CC(NC(=O)c1nn(-c2ccc(Cl)cc2Cl)c2c1CN(C(=O)CCC(N)=O)CC2=Cc1ccc(F)cc1)c1ccccn1,1
NMDJLDALLMDAOQ-UHFFFAOYSA-N,IC50,nM,5000.0,CCCc1sc2ccccc2c1C(=O)c1ccc(OC)cc1,1
NRJYILVSOMGOMC-AWEZNQCLSA-N,EC50,nM,5000.0,CC1(C)SCN(C(=O)c2ccc(N3CC(F)(F)C3)c(OCC3CC3)n2)C1C(N)=O,1
NUKDGSLJWZKBDN-UHFFFAOYSA-N,IC50,nM,7600.0,COc1ccc(C(=O)c2c(CC(C)C)sc3ccccc23)cc1,1
OBPPGEDHVIBWPO-UHFFFAOYSA-N,Inhibition,%,25.0,CCOC(=O)c1cc(-c2ccccc2)sc1NS(=O)(=O)c1ccc(Cl)cc1,1
ODZRGLSWNBPCCB-QTCOBDOFSA-N,EC50,nM,17.0,CC(NC(=O)c1nn(-c2ccc(Cl)cc2)c2c1CN(C(=O)c1ncn[nH]1)CC2=Cc1ccc(Cl)cc1)c1ccccc1,1
OFMWSFTXWIJSCU-UHFFFAOYSA-N,Inhibition,%,25.0,CCc1c(C(=O)NC2CCCCC2)cc(C)n1-c1ccccc1,1
OKBANFVYIVPARE-UHFFFAOYSA-N,Inhibition,%,25.0,Cc1cc(C(=O)Nc2ccc3ccccc3c2)c(C)n1-c1ccccc1,1
OKRJLAZCFBCFGF-HNNXBMFYSA-N,EC50,nM,814.6,O=C(NC(c1ccccn1)C(F)(F)F)c1cc(OCC2CC2)c(Cl)cn1,1
ONGMGQZMIUDISF-JZQBQCRLSA-N,EC50,nM,11.0,COc1ccc(C=C2CN(C(=O)CC(=O)O)Cc3c(C(=O)NC(C)c4ccccn4)nn(-c4ccc(Cl)cc4Cl)c32)cc1,1
OPJPPPHWOSHFCK-UHFFFAOYSA-N,Inhibition,%,25.0,CCc1c(C(=O)NC23CC4CC(CC(C4)C2)C3)cc(C)n1-c1ccccc1,1
OYBWLARULOQKNZ-GMQRBVGNSA-N,EC50,nM,127.0,CC(NC(=O)c1nn(-c2ccc(Cl)cc2)c2c1CCCC2=Cc1ccc(Cl)cc1)c1ccccn1,1
OYVXMBRKIWHUTQ-UHFFFAOYSA-N,EC50,nM,15.0,O=c1cc(Nc2ccc(CC(F)(F)F)cc2)c2cc(C(c3ccc(Cl)cc3)c3ccc(Cl)cc3)cc(Br)c2[nH]1,1
OZRNRTFVIUUYKW-SOGDLCAJSA-N,EC50,nM,4.0,CC(NC(=O)c1nn(-c2ccc(Cl)cc2Cl)c2c1CCCCC2=Cc1ccc(Cl)cn1)c1ccccn1,1
OZUBKOUYEHLHJA-UHFFFAOYSA-N,Inhibition,%,25.0,CCOC(=O)c1cc(-c2ccccc2)sc1NS(=O)(=O)c1cccc2ccccc12,1
PFQSGQULJACWGS-HNNXBMFYSA-N,EC50,nM,5000.0,CC(C)CC(CO)NC(=O)c1ccc(C2CC2)c(OCC2CC2)n1,1
PSQIEONVVPPBRD-RILMWAFASA-N,EC50,nM,7.0,CC(NC(=O)c1nn(-c2ccc(Cl)cc2Cl)c2c1CCCCC2=Cc1ccc(Cl)cc1)c1ccccn1,1
PTJUDNXMKSXQFH-SFHVURJKSA-N,EC50,nM,5000.0,CNC(=O)C(NC(=O)c1ccc(C2CC2)c(OCc2ccccn2)n1)C(C)(C)C,1
PWTCANMLJBJRSK-RILMWAFASA-N,EC50,nM,56.0,CC(NC(=O)c1nn(-c2ccc(Cl)c(Cl)c2)c2c1CCCCC2=Cc1ccc(C(F)(F)F)cc1)c1ccccn1,1
PXJXUUDEYSHZAX-UHFFFAOYSA-N,IC50,nM,5000.0,COc1ccc(C(=O)n2c(-c3ccc(OC)cc3)nc3ccccc32)cc1,1
QIPPETMPTLVPKN-UHFFFAOYSA-N,EC50,nM,875.0,O=c1cc(CCc2ccc(C(F)(F)F)cc2)c2cc(C(c3ccc(Cl)cc3)c3cccs3)ccc2[nH]1,1
QKVJOHQOVRMBRV-UHFFFAOYSA-N,EC50,nM,126.0,CCOC(=O)COc1cc(C(c2ccc(Cl)cc2)c2ccc(Cl)cc2)cc2c(NC3CCN(S(=O)(=O)C(F)(F)F)CC3)cc(=O)[nH]c12,1
QMAQRQATPNSCIO-VYIIXAMBSA-N,EC50,nM,5000.0,CNC(=O)C(NC(=O)c1ccc(N2CC(F)(F)C2)c(OCC2CCCO2)n1)C(C)(C)C,1
QNSMWJGCUHURSA-VIFPVBQESA-N,EC50,nM,5000.0,Cc1nc(C(C)NC(=O)c2cnc(N3CC(F)(F)C3)c(OCC3CC3)n2)no1,1
QSOFEUWMAZQPQA-QTCOBDOFSA-N,EC50,nM,12.0,CC(NC(=O)c1nn(-c2ccc(Cl)cc2)c2c1CN(C(=O)c1ncn[nH]1)CC2=Cc1ccc(F)cc1)c1ccccc1,1
QYRXPOVMJPLPCV-INIZCTEOSA-N,EC50,nM,312.6,CNC(=O)C(NC(=O)c1ccc(C2CC2)c(OCC2CC2)n1)C(C)(C)C,1
RBCNHSTYGFNEOG-UHFFFAOYSA-N,IC50,nM,5000.0,CCCCc1nc2ccccc2n1C(=O)c1ccc(OC)cc1,1
RKRCBMVEJROYQW-UHFFFAOYSA-N,EC50,nM,5000.0,O=c1cc(NC2CCN(S(=O)(=O)C(F)(F)F)CC2)c2cc(C(c3ccc(Cl)cc3)c3ccc(Cl)cc3)cc(NC3CCN(S(=O)(=O)C(F)(F)F)CC3)c2[nH]1,1
RRRIHGWXYMSSLB-INIZCTEOSA-N,EC50,nM,115.6,CNC(=O)C(NC(=O)c1cccc(-c2ccc(F)c(Cl)c2)n1)C(C)(C)C,1
RRWTYWVQADTJNO-UHFFFAOYSA-N,Inhibition,%,25.0,CCOC(=O)c1cc(-c2ccccc2)sc1NS(C)(=O)=O,1
RYCCPUAHXXLZCA-UHFFFAOYSA-N,Inhibition,%,25.0,CCc1c(C(=O)Nc2ccc3ccccc3c2)cc(C)n1-c1ccccc1,1
SDQCDAWLOGBRPA-UHFFFAOYSA-N,Inhibition,%,25.0,CCOC(=O)c1cc(-c2ccccc2)sc1N(S(=O)(=O)c1ccc2ccccc2c1)S(=O)(=O)c1ccc2ccccc2c1,1
SJTBCCQSQGIGSA-DYTRJAOYSA-N,EC50,nM,34.0,O=C(NC1CCN(c2ccccn2)CC1)c1nn(-c2ccc(Cl)cc2Cl)c2c1CCCC2=Cc1ccc(Cl)cc1,1
SXFZKGPURVZZQK-ZDUSSCGKSA-N,EC50,nM,5000.0,CNC(=O)C(NC(=O)c1cnc(N2CC(F)(F)C2)c(OCC2CC2)n1)C(C)(C)C,1
UCIUGCJWIQMHEJ-INIZCTEOSA-N,EC50,nM,737.2,CNC(=O)C(NC(=O)c1cccc(-c2ccccc2)n1)C(C)(C)C,1
UIHMQZJVBBITKP-JZQBQCRLSA-N,EC50,nM,8.0,COc1ccc(C=C2CN(C(=O)CS(N)(=O)=O)Cc3c(C(=O)NC(C)c4ccccn4)nn(-c4ccc(Cl)cc4Cl)c32)cc1,1
UMFJZDWETVUUGJ-RILMWAFASA-N,EC50,nM,37.0,CC(NC(=O)c1nn(-c2ccc(Cl)c(Cl)c2)c2c1CCCCC2=Cc1ccc(Cl)cc1)c1ccccn1,1
UOCNGLIMHYBTAP-INIZCTEOSA-N,EC50,nM,5000.0,CC(C)(C)C(NC(=O)c1ccc(N2CC(F)(F)C2)c(OCC2CC2)n1)C(=O)N1CC(F)(F)C1,1
UPTNLTUDMBVVFL-UHFFFAOYSA-N,IC50,nM,1200.0,CC(C)Cc1sc2ccccc2c1C(=O)c1cccc2ccccc12,1
UVZIHKAXDURETI-MIQLPHMESA-N,EC50,nM,9.0,CC(NC(=O)c1nn(-c2ccc(Cl)cc2Cl)c2c1CN(C(=O)CC(N)=O)CC2=Cc1ccc(F)cc1)c1ccccn1,1
VAADXZLXXYFTQC-INIZCTEOSA-N,EC50,nM,1627.6,CNC(=O)C(NC(=O)c1cccc(-c2cccc(C(F)(F)F)c2)n1)C(C)(C)C,1
VEYGRJRSTNWDFO-PPRFWAEMSA-N,EC50,nM,8.0,CC(NC(=O)c1nn(-c2ccc(Cl)cc2Cl)c2c1CN(C(=O)Cn1cnnn1)CC2=Cc1ccc(F)cc1)c1ccccc1,1
VGJKOWCTRTVIKA-VOTSOKGWSA-N,EC50,nM,35.8,O=c1cc(C=Cc2ccccc2)c2cc(C(c3ccc(Cl)cc3)c3ccc(Cl)cc3)ccc2[nH]1,1
VHAFHIHWBOYITQ-UHFFFAOYSA-N,Inhibition,%,25.0,Cc1cc(C(=O)Nc2cccc3ccccc23)c(C)n1-c1ccccc1,1
VPTHGWFPZPEPCX-BMRADRMJSA-N,EC50,nM,8.0,O=C(NC1(c2ccccn2)CC1)c1nn(-c2ccc(C(F)(F)F)cc2Cl)c2c1CCCCC2=Cc1ccc(Cl)s1,1
VRVFAVMWSXPEJE-UHFFFAOYSA-N,IC50,nM,8400.0,CCc1sc2ccccc2c1C(=O)c1cccc2ccccc12,1
VVWIOYCPQRCGBQ-IBGZPJMESA-N,EC50,nM,5000.0,CN1C(=O)CN(C(=O)c2ccc(N3CC(F)(F)C3)c(OCC3CC3)n2)C1C(C)(C)C,1
WBBZGOJRCWGLHH-VZMFNRANSA-N,EC50,nM,24.0,COc1ccc(C=C2CN(C(=O)CN)Cc3c(C(=O)NC(C)c4ccccc4)nn(-c4ccc(Cl)cc4Cl)c32)cc1,1
WDYJUOUECDTFRD-NSHDSACASA-N,EC50,nM,5000.0,CNC(=O)C(NC(=O)c1cc(OCC(F)(F)F)c(Cl)cn1)C(C)(C)C,1
WGYBJEUKOIFMQA-JTQLQIEISA-N,EC50,nM,5000.0,Cc1nc(C(C)NC(=O)c2ccc(C3CC3)c(OCC3CC3)n2)no1,1
WHWQEBPAQXENSZ-HNNXBMFYSA-N,EC50,nM,157.4,COC(=O)C(NC(=O)c1cnc(C2CC2)c(OCC2CC2)n1)C(C)(C)C,1
WJOMEJOSPBPKGI-YNXXKONLSA-N,EC50,nM,18.0,CC(NC(=O)c1nn(-c2ccc(Cl)cc2Cl)c2c1CN(C(=O)C(O)CO)CC2=Cc1ccc(Cl)cc1)c1ccccc1,1
WNSXGPQBAOPALL-UONOGXRCSA-N,EC50,nM,5000.0,O=C(c1ccc(N2CC(F)(F)C2)c(OCC2CC2)n1)N1CC2CCC1C2,1
WNVQEJBTNFMTNC-SFHVURJKSA-N,EC50,nM,357.1,O=C(NC(c1ccccn1)C(F)(F)F)c1cccc(Cc2ccc(F)cc2)n1,1
WWOMHFKSGXUGAT-FQEVSTJZSA-N,EC50,nM,5000.0,CC(C)CC(c1cccnn1)N(C)C(=O)c1ccc(N2CC(F)(F)C2)c(OCC2CC2)n1,1
XCFGBTFRPQHTFV-ZDUSSCGKSA-N,EC50,nM,5000.0,CNC(=O)C(NC(=O)c1cc(OC2COC2)c(Cl)cn1)C(C)(C)C,1
XJGRJPWJLWFQMW-UHFFFAOYSA-N,IC50,nM,4900.0,O=C(c1cccc2ccccc12)n1c(C2CCCCC2)nc2ccccc21,1
XVXWQXRAIFLXMM-JZQBQCRLSA-N,EC50,nM,17.0,CC(NC(=O)c1nn(-c2ccc(Cl)cc2Cl)c2c1CN(C(=O)CNS(C)(=O)=O)CC2=Cc1ccc(Cl)cc1)c1ccccn1,1
YEAPPULZCJSLHC-UHFFFAOYSA-N,IC50,nM,5000.0,O=C(c1cccc2ccccc12)n1c(C2CCCC2)nc2ccccc21,1
YJJXLJXTINUIHK-UHFFFAOYSA-N,IC50,nM,5000.0,CC(C)(C)c1nc2ccccc2n1C(=O)c1cccc2ccccc12,1
YJOVMDYYBGIRNV-INIZCTEOSA-N,EC50,nM,361.1,CNC(=O)C(NC(=O)c1cccc(-c2cccc(F)c2)n1)C(C)(C)C,1
YJQDXYVTPLFIRH-AWEZNQCLSA-N,EC50,nM,5000.0,CC(C)(C)C(NC(=O)c1cnc(C2CC2)c(OCC2CC2)n1)C(=O)O,1
YOYNENLNPUELRK-WTNDLDAUSA-N,EC50,nM,37.0,CC(NC(=O)c1nn(-c2ccc(Cl)c(Cl)c2)c2c1CCCC2=Cc1ccc(Cl)s1)c1ccccn1,1
YTPBKNZXOGXDKV-NJRDNMGOSA-N,EC50,nM,5.0,COc1ccc(C=C2CN(C(=O)Cn3ccnc3)Cc3c(C(=O)NC(C)c4ccccc4)nn(-c4ccc(Cl)cc4Cl)c32)cc1,1
YXYWTRJMRSCHJZ-SQVRNEIYSA-N,EC50,nM,28.0,CC(NC(=O)c1nn(-c2ccc(Cl)cc2)c2c1CN(C(=O)c1ncn[nH]1)CC2=Cc1ccc(Cl)cc1)c1ccccn1,1
YZQXPJFHKGVZHE-UHFFFAOYSA-N,Inhibition,%,25.0,Cc1cc(C(=O)NC(C)c2ccccc2)c(C)n1-c1ccccc1,1
YZVVFUVLBFIEMH-UHFFFAOYSA-N,IC50,nM,5000.0,COc1ccc(C(=O)n2c(C(C)C)nc3ccccc32)cc1,1
ZBAGVNLOHADOLK-DDNKWHRWSA-N,EC50,nM,30.0,CC(NC(=O)c1nn(-c2ccc(Cl)cc2)c2c1CN(C(=O)CNS(C)(=O)=O)CC2=Cc1ccc(F)cc1)c1ccccn1,1
ZMUAAMUXYQLOLG-WTNDLDAUSA-N,EC50,nM,35.0,CC(NC(=O)c1nn(-c2ccc(Cl)cc2Cl)c2c1CCCC2=Cc1ccc(Cl)s1)c1ccccn1,1
ZVMFOTLGDWTGMA-UHFFFAOYSA-N,IC50,nM,5000.0,COc1ccc(C(=O)n2c(C3CCCCC3)nc3ccccc32)cc1,1
ALQFAGFPQCBPED-UHFFFAOYSA-N,EC50,nM,38.0,O=C(c1cccc2ccccc12)c1cn(CCCCCF)c2ccccc12,1
DDBVJKJBGHBELF-NHCUHLMSSA-N,Ki,nM,1.14,CC(C)(CCCCCCN=C=S)c1cc(O)c2c(c1)OC(C)(C)C1CC=C(CO)CC21,1
JEDPSOYOYVELLZ-UHFFFAOYSA-N,IC50,nM,102.0,COc1nc(OCc2cccc(-c3ccccc3)c2C)ccc1CNCCNC(C)=O,1
KXXKUWQMQUYUSE-UHFFFAOYSA-N,Ki,nM,4.6,Cc1c(C(=O)NN2CCCCC2)nn(-c2ccc(Cl)cc2Cl)c1-c1ccc(C#CCCO[N+](=O)[O-])cc1,1
OZEQTGDZTPJNAR-UHFFFAOYSA-N,EC50,nM,19.2,CCc1c(C(=O)NCCc2ccc(N3CCCCC3)cc2)[nH]c2ccc(SC#N)cc12,1
SZDVFUZKFPGYEK-WOJBJXKFSA-N,Ki,nM,0.11,CC1=CCC2C(C1)c1c(O)cc(C(C)(C)CCCCCCBr)cc1OC2(C)C,1
VQXIVPLXEIZJTH-UHFFFAOYSA-N,Ki,nM,7.0,N#CCCC#Cc1ccc(-c2c(CO)c(C(=O)NN3CCOCC3)nn2-c2ccc(Cl)cc2Cl)cc1,1
AGOIHCNDEWXAGS-UHFFFAOYSA-N,Ki,nM,5600.0,CCCCCCCCC1OC1CCCCCCCC(=O)NCc1ccc(O)c(OC)c1,1
BBVFGNWPKURWDN-UHFFFAOYSA-N,Ki,nM,5000.0,CCCCCCC(CCCCCCCCCCC(=O)NCc1ccc(O)c(OC)c1)OC(=O)Cc1ccccc1,1
INOXFUNIVWWTNW-RUZDIDTESA-N,Ki,nM,5000.0,CCCCCCC(CC=CCCCCCCCC(=O)NCc1ccc(O)c(OC)c1)OC(C)=O,1
KYYIDSXMWOZKMP-UHFFFAOYSA-N,Ki,nM,5000.0,CN(C)CC(c1ccc(O)cc1)C1(O)CCCCC1,1
LXLBUUJANYSIKU-MHWRWJLKSA-N,Ki,nM,2400.0,CCCCCCC(CC=CCCCCCCCC(=O)NCc1ccc(O)c(OC)c1)OC(=O)Cc1ccccc1,1
QBYLLDNNOIUGPW-UHFFFAOYSA-N,IC50,nM,5000.0,CCCN(C)c1cnn(-c2cc(Cl)cc(Cl)c2)c(=O)c1Cl,1
ZBSLJOPZYHDJER-UHFFFAOYSA-N,Ki,nM,9500.0,CCCCCCC(CCC1OC1CCCCCCC(=O)NCc1ccc(O)c(OC)c1)OC(=O)Cc1ccccc1,1
AGWQRTBAQIHKRT-UHFFFAOYSA-N,EC50,nM,1124.0,O=C(O)c1ccc(CN2CCC(Nc3ncnc4ccc(C(c5ccc(Cl)cc5)c5ccc(Cl)cc5)cc34)C2)cc1,1
AIAFYPHMHBHYFP-UHFFFAOYSA-N,EC50,nM,41.0,O=C(O)c1cccc(CN2CCC(c3nn(C4CC4)c4ccc(C(c5ccc(Cl)cc5)c5ccc(C(F)(F)F)cc5)cc34)CC2)c1,1
AIWBUXBRYDGMTO-CVEARBPZSA-N,EC50,nM,5000.0,NC(=O)C1CCCCC1NC(=O)c1ccc(C2CC2)c(OCC2CC2)n1,1
AJTAJGHKHTVHKA-UHFFFAOYSA-N,EC50,nM,5000.0,CC1(O)CCN(c2nc(NC(C)(C)C)nc3c2ncn3Cc2ccccc2Cl)C1,1
ALYVBAMABDRWQN-SOFGYWHQSA-N,IC50,nM,5000.0,CCC(C)(O)NC(=O)CCC(=O)C=Cc1ccc(OC)c(OC)c1,1
ARZWFJWBGYWQHV-UHFFFAOYSA-N,EC50,nM,16000.0,CCOc1ccc(-c2n[nH]c(C)c2-c2ccccc2)c(O)c1,1
AXGJYXKRRXSCEC-UHFFFAOYSA-N,EC50,nM,5000.0,Cc1ccc(Cn2cnc3c(N4CCC(O)C4)nc(C(C)(C)C)nc32)cc1,1
AXSWJXDIXBPOMI-UHFFFAOYSA-N,EC50,nM,5000.0,CC1(O)CCN(c2nc(C(C)(C)C)nc3c2ncn3Cc2cn[nH]c2C(F)(F)F)C1,1
AZAQQPJXYPDQCS-WHUIICBVSA-N,EC50,nM,5000.0,CC1(O)CC(C(N)=O)N(C(=O)c2cnc(N3CC(F)(F)C3)c(OCC3CC3)n2)C1,1
BBBDFIDOSYBFIN-UHFFFAOYSA-N,EC50,nM,8.0,Nc1ccc(C(c2ccc(Cl)cc2)c2ccc3[nH]nc(N4CCN(S(=O)(=O)C(F)(F)F)CC4)c3c2)cc1,1
BGTUOVJYIDRJIV-AWEZNQCLSA-N,EC50,nM,5000.0,CC(C)(C)Nc1nc(N2CCC(O)C2)c2ncn(Cc3ccccc3Cl)c2n1,1
BHKCRYZLYOSJND-UHFFFAOYSA-N,EC50,nM,169.0,CC(O)Cn1nc(C2CCN(S(=O)(=O)C(F)(F)F)CC2)c2cc(C(c3ccc(Cl)cc3)c3ccc(Cl)cc3)ccc21,1
BNYCRWDNGITKDT-AWEZNQCLSA-N,EC50,nM,5000.0,CC(C)(C)c1nc(N2CCC(O)C2)c2cnn(Cc3ccccc3Cl)c2n1,1
BQIGWKNNCHRHDY-HSZRJFAPSA-N,EC50,nM,3550.0,O=C(O)c1ccc(C(c2ccc(Cl)cc2)c2ccc3[nH]nc(N4CCN(S(=O)(=O)C(F)(F)F)CC4)c3c2)cc1,1
BQTPBKORFYIMSX-UHFFFAOYSA-N,EC50,nM,20.0,O=C(O)c1cccc(CN2CCC(c3nn(C4CC4)c4ccc(C(c5ccccc5)c5ccc(Cl)cc5)cc34)CC2)c1,1
BSSCMOFIPKRRNH-INIZCTEOSA-N,EC50,nM,5000.0,CC(=O)NC1CCN(c2nc(C(C)(C)C)nc3c2ncn3Cc2ccccc2C(F)(F)F)C1,1
BWOCTGRZDONNFW-UHFFFAOYSA-N,EC50,nM,5000.0,CC1(O)CCN(c2nc(C(C)(C)C)nc3c2ncn3Cc2ccc(Cl)cc2)C1,1
CASJWBKJZFXPMQ-HNNXBMFYSA-N,EC50,nM,5000.0,CC(C)(C)c1nc(N2CCC(O)C2)c2ncn(Cc3ccc(Cl)cc3)c2n1,1
CCFDCNSQJHNJHL-MRXNPFEDSA-N,EC50,nM,5000.0,COCC1CCCN1c1nc(C(C)(C)C)nc2c1cnn2Cc1ccccc1C(F)(F)F,1
CJGKAFXTBILTPO-KSFDGXGSSA-N,Ki,nM,615.0,OCC1OC(ON=Cc2cc(O)ccc2O)C(O)C(O)C1O,1
CMGFGKRDCDOOAA-CYBMUJFWSA-N,EC50,nM,5000.0,CC(C)(C)c1nc(N2CCCC2CO)c2ncn(Cc3nnnn3C3CC3)c2n1,1
COPKFKKXWZNQKZ-UHFFFAOYSA-N,EC50,nM,5000.0,Cc1nonc1Cn1cnc2c(N3CCC(C)(O)C3)nc(NC(C)(C)C)nc21,1
CRDLTYRKLIVPKG-KRWDZBQOSA-N,EC50,nM,5000.0,CC(=O)NC1CCN(c2nc(C(C)(C)C)nc3c2ncn3Cc2ccc(Cl)cc2)C1,1
CSGIACIUWLTDAH-UHFFFAOYSA-N,EC50,nM,6.0,N#Cc1ccc(C(c2ccc(Cl)cc2)c2ccc3ncnc(NC4CCN(S(=O)(=O)C(F)(F)F)CC4)c3c2)cc1,1
CUDKBOBOHWXOKN-UHFFFAOYSA-N,EC50,nM,5000.0,CC1(C)CC(C(N)=O)N(C(=O)c2cnc(N3CC(F)(F)C3)c(OCC3CC3)n2)C1,1
CXHJLAXQIAEUGB-UHFFFAOYSA-N,Ki,nM,5.2,Cc1c(-c2ncc(C(C)C)[nH]2)nn(-c2ccc(Cl)cc2Cl)c1-c1ccc(Cl)cc1,1
DDVWBGOEPQHZSX-UHFFFAOYSA-N,EC50,nM,5000.0,COc1ccc(Cn2cnc3c(N4CCC(O)C4)nc(C(C)(C)C)nc32)cc1,1
DHFXWMWQLNJHLK-FMIVXFBMSA-N,IC50,nM,5000.0,CCC(C)(O)NC(=O)CCC(=O)C=Cc1ccc(OCc2ccccc2)cc1,1
DLYSWSCGANMCKQ-UHFFFAOYSA-N,EC50,nM,29.0,O=C(O)c1cccc(CN2CCC(c3nn(C4CC4)c4ccc(C(c5ccc(F)cc5)c5ccc(Cl)cc5)cc34)CC2)c1,1
DMBJZJYLUAIYTI-AWEZNQCLSA-N,EC50,nM,5000.0,CC(C)(C)c1nc(N2CCC(O)C2)c2cnn(Cc3ccccc3C(F)(F)F)c2n1,1
DOJRICRHHFNGFT-UHFFFAOYSA-N,EC50,nM,5000.0,CC1(O)CCN(c2nc(C(C)(C)C)nc3c2ncn3CCC(F)(F)F)C1,1
DPNBUBHZDLIKSZ-UHFFFAOYSA-N,EC50,nM,5000.0,NC(=O)CC(NC(=O)c1ccc(C2CC2)c(OCC2CC2)n1)C1CCOCC1,1
DWIKTISJNINHMA-LJQANCHMSA-N,EC50,nM,5000.0,NC(=O)CC(NC(=O)c1ccc(C2CC2)c(OCC2CC2)n1)c1cccc(Cl)c1,1
DZQAKTLCXUATHK-UHFFFAOYSA-N,EC50,nM,5000.0,CC(C)(C)c1nc(N2CCC(O)C2)c2ncn(CCc3ccccc3)c2n1,1
FFOXXHDQUUDKOV-UHFFFAOYSA-N,EC50,nM,5000.0,CC(=O)OC1(C)CCN(C(=O)c2cnc(N3CC(F)(F)C3)c(OCC3CC3)n2)C1,1
FHIYKJPAWCVPIH-LBPRGKRZSA-N,EC50,nM,5000.0,CC(C)(C)Nc1nc(N2CCC(O)C2)c2ncn(Cc3ncccc3Cl)c2n1,1
FKUZQGLDEDINRF-JTQLQIEISA-N,EC50,nM,5000.0,CC(C)(C)c1nc(N2CCC(O)C2)c2ncn(Cc3[nH]ncc3C(F)(F)F)c2n1,1
FQOBPWUNXGJABR-CYBMUJFWSA-N,EC50,nM,5000.0,CC(C)(C)c1nc(N2CCCC2CO)c2ncn(Cc3ncccc3Cl)c2n1,1
FSXOKHIQAUZKIL-UHFFFAOYSA-N,EC50,nM,191.0,O=S(=O)(NC1CCN(c2ncnc3ccc(C(c4ccc(Cl)cc4)c4ccc(Cl)cc4)cc23)C1)C(F)(F)F,1
FVGDOOZDFSCCHY-UHFFFAOYSA-N,EC50,nM,5000.0,O=C(O)c1ccc(C(O)(c2ccc(Cl)cc2)c2ccc3n[nH]c(C4CCN(S(=O)(=O)C(F)(F)F)CC4)c3c2)cn1,1
FVVBPMRBFOQCQK-UHFFFAOYSA-N,EC50,nM,16000.0,COc1ccc(-c2c(-c3ccc(O)cc3O)n[nH]c2C(F)(F)F)cc1,1
FWZBITXZEQTUKD-UHFFFAOYSA-N,EC50,nM,5000.0,CC(C)(C)c1nc(N2CCC(F)(F)C2)c2cnn(C3CCOC3)c2n1,1
FXVZUOAYESYMRX-HNNXBMFYSA-N,EC50,nM,5000.0,CC(C)(C)c1nc(N2CCC(O)C2)c2ncn(Cc3ccccc3S(C)(=O)=O)c2n1,1
GEGYOCBQYZBGHN-AWEZNQCLSA-N,EC50,nM,5000.0,CC(C)(C)c1nc(N2CCC(O)C2)c2ncn(Cc3ccccc3C(F)(F)F)c2n1,1
GGKGEGIHXJRBOF-LBPRGKRZSA-N,EC50,nM,5000.0,CC(C)n1nnnc1Cn1cnc2c(N3CCC(O)C3)nc(C(C)(C)C)nc21,1
GHIMVTXYTVDAKS-INIZCTEOSA-N,EC50,nM,444.9,CC(C)C(CC(N)=O)NC(=O)c1ccc(C2CC2)c(OCC2CC2)n1,1
GJCHDHSQYGWMGC-UHFFFAOYSA-N,EC50,nM,1631.0,O=C(O)c1ccc(C(c2ccc(Cl)cc2)c2ccc3n[nH]c(C4CCN(S(=O)(=O)C(F)(F)F)CC4)c3c2)cn1,1
GLZCINZOKHOTJH-KRWDZBQOSA-N,EC50,nM,5000.0,CC(=O)NC1CCN(c2nc(C(C)(C)C)nc3c2ncn3Cc2cccc(Cl)c2)C1,1
GMJAABLXPZBAOE-NSHDSACASA-N,EC50,nM,5000.0,CC(C)(C)Nc1nc(N2CCC(O)C2)c2ncn(Cc3cn[nH]c3C(F)(F)F)c2n1,1
GMJZVRGBFOQQQM-INIZCTEOSA-N,EC50,nM,5000.0,CC(=O)NC1CCN(c2nc(C(C)(C)C)nc3c2ncn3Cc2ccccc2Cl)C1,1
GOFMZYXSJNCELR-UHFFFAOYSA-N,EC50,nM,16000.0,COc1ccc(-c2n[nH]c(C)c2-c2ccc(Cl)cc2)c(O)c1,1
GRZKZDYFLDPNBM-CYBMUJFWSA-N,EC50,nM,5000.0,COC(=O)C1CCCN1C(=O)c1cnc(N2CC(F)(F)C2)c(OCC2CC2)n1,1
GVDXGPXQAALQRQ-UHFFFAOYSA-N,EC50,nM,5000.0,CC(C)(C)c1nc(N2CCC(O)C2)c2ncn(C3CCOC3)c2n1,1
GXMVBYITSSGQER-UHFFFAOYSA-N,EC50,nM,5000.0,NC(=O)C1CC2(CC2)CN1C(=O)c1cnc(N2CC(F)(F)C2)c(OCC2CC2)n1,1
GYYJEEMEJSFPMF-UHFFFAOYSA-N,EC50,nM,5000.0,NC(=O)CC(NC(=O)c1ccc(N2CC(F)(F)C2)c(OCC2CC2)n1)C1CCOCC1,1
HKUBPJATXVFEBI-UHFFFAOYSA-N,EC50,nM,5000.0,NC(=O)CC1(NC(=O)c2ccc(C3CC3)c(OCC3CCCO3)n2)CS(=O)(=O)C1,1
HPFMLZKVZXECAR-UHFFFAOYSA-N,EC50,nM,5000.0,CCCCCC(CC(=O)NC)NC(=O)c1ccc(N2CC(F)(F)C2)c(OCC2CC2)n1,1
HQWKXTOANKDROA-UHFFFAOYSA-N,IC50,nM,16000.0,CCCN(CCC)Cc1c(C(=O)NN=Cc2c[nH]c3ccccc23)nnn1-c1nonc1N,1
HSFAGMRJNWROFQ-UHFFFAOYSA-N,EC50,nM,163.0,FC(F)(F)c1ccc(Nc2ncnc3ccc(C(c4ccc(Cl)cc4)c4nccs4)cc23)cc1,1
HUUIRDBMDQDXPS-UHFFFAOYSA-N,EC50,nM,5000.0,CC(Oc1nc(C(=O)NC2(CC(N)=O)COC2)ccc1C1CC1)C(F)(F)F,1
HWEBJLDVJFLAGV-UHFFFAOYSA-N,EC50,nM,5000.0,COC(=O)CC1(NC(=O)c2ccc(N3CC(F)(F)C3)c(OCC3CC3)n2)CNC(=O)C1,1
HWHZTMJLILTQRQ-UHFFFAOYSA-N,EC50,nM,5000.0,CC(C)(C)c1nc(N2CCC(O)C2)c2ncn(Cc3ccc(F)cc3Cl)c2n1,1
HXVFRQYCTJRNBG-UHFFFAOYSA-N,EC50,nM,16000.0,Cc1[nH]nc(-c2ccc(O)c(C)c2O)c1Oc1ccccc1,1
ICNICYWYYRNBNF-LBPRGKRZSA-N,EC50,nM,5000.0,CCCn1nnnc1Cn1cnc2c(N3CCC(O)C3)nc(C(C)(C)C)nc21,1
IFLVCNJNYACZPS-UHFFFAOYSA-N,EC50,nM,5000.0,CC(C)(C)COc1nc(N2CCC(C)(O)C2)c2ncn(Cc3ncccc3Cl)c2n1,1
ILNVBSTWIMGRFL-UHFFFAOYSA-N,EC50,nM,198.0,O=C(O)c1ccc(C(c2ccc(Cl)cc2)c2ccc3nn(C4CC4)c(C4CCN(S(=O)(=O)C(F)(F)F)CC4)c3c2)cc1,1
INMWRJVUWMLERJ-UHFFFAOYSA-N,EC50,nM,20.0,Cc1ccc(C(c2ccc(Cl)cc2)c2ccc3c(c2)c(C2CCN(Cc4cccc(C(=O)O)c4)CC2)nn3C2CC2)cc1,1
IPCMQTHXBFIBCF-UHFFFAOYSA-N,IC50,nM,5000.0,CCC(C)(O)NC(=O)CCC(=O)Nc1cccc2ccccc12,1
ISHAPNLCSAGSSW-UHFFFAOYSA-N,EC50,nM,5000.0,CC1(C)CC(C(N)=O)N(C(=O)c2cnc(C3CC3)c(OCC3CC3)n2)C1,1
ITVAFLXNSQAPPE-UHFFFAOYSA-N,EC50,nM,5000.0,NC(=O)CC(NC(=O)c1ccc(N2CC(F)(F)C2)c(OCC2CC2)n1)C(F)(F)F,1
IVSCSLBCBIDDQQ-HNNXBMFYSA-N,EC50,nM,5000.0,COc1ccc(Cn2ncc3c(N4CCC(O)C4)nc(C(C)(C)C)nc32)cc1,1
JABVPMKDJKJLRF-UHFFFAOYSA-N,EC50,nM,5000.0,COCCn1cnc2c(N3CCC(C)(O)C3)nc(C(C)(C)C)nc21,1
JCWZAFXLMDYVJW-CYBMUJFWSA-N,EC50,nM,5000.0,CC(C)(C)c1nc(N2CCCC2C#N)c2ncn(Cc3nnnn3C3CC3)c2n1,1
JGJZCYATCOVALL-UHFFFAOYSA-N,EC50,nM,574.0,O=S(=O)(c1ccc(Nc2ncnc3ccc(C(c4ccc(Cl)cc4)c4nccs4)cc23)cc1)C(F)(F)F,1
JLDQWUZWUZXZCP-LBPRGKRZSA-N,EC50,nM,5000.0,CC(C)(C)c1nc(N2CCC(O)C2)c2ncn(Cc3nnnn3C(C)(C)C)c2n1,1
JNKRUSQCIJFEDX-JTQLQIEISA-N,EC50,nM,5000.0,Cn1nnnc1Cn1cnc2c(N3CCC(O)C3)nc(C(C)(C)C)nc21,1
JROQHKRCBXRBCD-UHFFFAOYSA-N,EC50,nM,5000.0,O=C(c1cnc(N2CC(F)(F)C2)c(OCC2CC2)n1)N1CC2CC1CO2,1
JSLSGJWKWWXILI-GFCCVEGCSA-N,EC50,nM,5000.0,Cc1nonc1Cn1cnc2c(N3CCCC3CO)nc(C(C)(C)C)nc21,1
KBSQURJKOKJLAK-HNNXBMFYSA-N,EC50,nM,5000.0,CC(C)(C)c1nc(N2CCC(O)C2)c2cnn(Cc3ccccc3S(C)(=O)=O)c2n1,1
KGYKANRITXXAGL-UHFFFAOYSA-N,EC50,nM,5000.0,NC(=O)CC1(NC(=O)c2ccc(N3CC(F)(F)C3)c(OCC3CC3)n2)CCNC1,1
KHRPVKCEWWVYLK-CYBMUJFWSA-N,EC50,nM,5000.0,CC(C)(C)c1nc(N2CCCC2C#N)c2ncn(Cc3ncccc3Cl)c2n1,1
KPWJCLPHRHUHDA-KRWDZBQOSA-N,EC50,nM,5000.0,CC(=O)NC1CCN(c2nc(C(C)(C)C)nc3c2ncn3Cc2ccccc2S(C)(=O)=O)C1,1
KRAINGXZINNBKC-UHFFFAOYSA-N,Ki,nM,9.5,Cc1c(-c2cnc(C(C)C)[nH]2)nn(-c2ccc(Cl)cc2Cl)c1-c1ccc(Cl)cc1,1
KSUPWDMKZXQDIP-ZDUSSCGKSA-N,EC50,nM,5000.0,CC(=O)OC1CCN(c2nc(NC(C)(C)C)nc3c2ncn3Cc2nonc2C)C1,1
KTUOGFSNWGPPCZ-UHFFFAOYSA-N,EC50,nM,5000.0,CNC(=O)CC(CCc1ccccc1)NC(=O)c1ccc(N2CC(F)(F)C2)c(OCC2CC2)n1,1
KXZSKOBQQVUGOY-UHFFFAOYSA-N,EC50,nM,5000.0,NC(=O)CC(NC(=O)c1ccc(C2CC2)c(OCC2CC2)n1)C1CCOC1,1
KZWPYFOUVDXXJE-UHFFFAOYSA-N,EC50,nM,5000.0,CC1(O)CCN(c2nc(C(C)(C)C)nc3c2ncn3Cc2cccc(Cl)c2)C1,1
LBZQMNNFECPECB-UHFFFAOYSA-N,EC50,nM,5000.0,Cc1nonc1Cn1cnc2c(N3CCC(C)(O)C3)nc(OCC(C)(C)C)nc21,1
LNRDCWSMLNFCKY-UHFFFAOYSA-N,EC50,nM,5000.0,NC(=O)C1CCCCN1C(=O)c1cnc(N2CC(F)(F)C2)c(OCC2CC2)n1,1
LPGZNVWDDMFMBB-AWEZNQCLSA-N,EC50,nM,5000.0,CC(C)C(CC(N)=O)NC(=O)c1ccc(N2CC(F)(F)C2)c(OCC2CC2)n1,1
LPJAAJWLZWRAIK-OAHLLOKOSA-N,EC50,nM,5000.0,CC(C)(C)c1nc(N2CCCC2CO)c2cnn(Cc3ccccc3C(F)(F)F)c2n1,1
LQKLXGFEWAFCEV-UHFFFAOYSA-N,EC50,nM,7.0,CC(C)N(CCO)Cc1csc(-c2c(CC3CCOCC3)[nH]c3c(Cl)cccc23)n1,1
LWJAWEONGDSKOY-UHFFFAOYSA-N,EC50,nM,5000.0,CC(C)(C)c1nc(N2CCC(O)C2)c2ncn(Cc3cccnc3Cl)c2n1,1
LWUZAQURXGLDAJ-UHFFFAOYSA-N,EC50,nM,343.0,O=C(O)c1ccc(C(c2ccc(Cl)cc2)c2ccc3ncnc(NC4CCN(S(=O)(=O)C(F)(F)F)CC4)c3c2)cc1,1
LYRSIZVFIURJHI-MDZDMXLPSA-N,IC50,nM,5000.0,CCC(C)(O)NC(=O)CCC(=O)C=Cc1ccccc1,1
MDDBAABGHZNQRY-UHFFFAOYSA-N,EC50,nM,9601.0,O=C(O)c1ccc(S(=O)(=O)N2CCC(c3[nH]nc4ccc(C(c5ccc(Cl)cc5)c5ccc(Cl)cc5)cc34)C2)o1,1
MEFUGYYDDPAFDH-UHFFFAOYSA-N,EC50,nM,5000.0,NC(=O)CC(NC(=O)c1ccc(C2CC2)c(OCC2CC2)n1)C1CC1,1
MJOBLMCVCVMOJT-LLVKDONJSA-N,EC50,nM,5000.0,CC1CCCN1C(=O)c1cnc(C2CC2)c(OCC2CC2)n1,1
MMOOPNLROKJUCA-UHFFFAOYSA-N,EC50,nM,17.0,O=S(=O)(N1CCC(Nc2ncnc3ccc(C(c4ccc(Cl)cc4)c4ccc(Br)cc4)cc23)CC1)C(F)(F)F,1
MOYLIINMPZLTNF-UHFFFAOYSA-N,EC50,nM,8.0,CC(Nc1ncnc2ccc(C(c3ccc(Cl)cc3)c3ccc(Cl)cc3)cc12)c1ccc(C(F)(F)F)cc1,1
MVSHZRJOTOEIOL-UHFFFAOYSA-N,EC50,nM,5000.0,NC(=O)CC1(NC(=O)c2ccc(N3CC(F)(F)C3)c(OCC3CC3)n2)CCN(C(=O)OCc2ccccc2)C1,1
MXRFPXTVFJHFPS-UHFFFAOYSA-N,EC50,nM,565.0,O=S(=O)(N1CCC(c2[nH]nc3ccc(C(c4ccc(Cl)cc4)C4CCCCC4)cc23)CC1)C(F)(F)F,1
NAVWGHGDVWLJOD-INIZCTEOSA-N,EC50,nM,208.7,CC(C)(C)C(CC(N)=O)NC(=O)c1ccc(C2CC2)c(OCC2CC2)n1,1
NHOYNTKXPWSTFS-GOSISDBHSA-N,EC50,nM,34.0,CC(Nc1ncnc2ccc(C(c3ccc(Cl)cc3)c3ccc(Cl)cc3)cc12)c1cccc(C(F)(F)F)c1,1
NIHYBIRFUSHQEB-GQBYZMJGSA-N,EC50,nM,5000.0,NC(=O)C1CS(=O)CN1C(=O)c1ccc(C2CC2)c(OCC2CC2)n1,1
NIPGIHSVDXHMBO-UHFFFAOYSA-N,EC50,nM,16000.0,COc1ccc(-c2c(-c3ccc(OCCN4CCOCC4)cc3O)n[nH]c2C)cc1,1
NRICBRLZKJYICN-UHFFFAOYSA-N,EC50,nM,5000.0,Cc1nonc1Cn1cnc2c(C3CCC(F)(F)C3)nc(OCC(C)(C)C)cc21,1
NYMKKMJYWMUJPC-IQZGNVFZSA-N,Ki,nM,3608.0,OCC1OC(ON=Cc2c[nH]c3ccccc23)C(O)C(O)C1O,1
NYVIPUKWWICLDA-UHFFFAOYSA-N,EC50,nM,5000.0,NC(=O)CC(NC(=O)c1ccc(C2CC2)c(OCC2CC2)n1)C(F)(F)F,1
ODIBJPSDKGPOIF-UHFFFAOYSA-N,EC50,nM,5000.0,CC(C)(C)c1nc(N2CCC(F)(F)C2)c2ncn(C3CCOC3)c2n1,1
OMMXHDPRLSOCNN-UHFFFAOYSA-N,EC50,nM,16000.0,CC(C)(C)c1ccc(-c2c(-c3ccccc3)n[nH]c2-c2nc3ccccc3[nH]2)cc1,1
OQNYOBMLJMECIQ-UHFFFAOYSA-N,EC50,nM,5000.0,NC(=O)CC1(NC(=O)c2ccc(N3CC(F)(F)C3)c(OCC3CC3)n2)CNC(=O)C1,1
ORZKYHPUOKNMJV-GFCCVEGCSA-N,EC50,nM,5000.0,Cc1nonc1Cn1cnc2c(N3CCCC3C#N)nc(C(C)(C)C)nc21,1
OSMQSYGTMQDQRQ-UHFFFAOYSA-N,EC50,nM,16000.0,Cc1[nH]nc(-c2ccc(O)cc2O)c1-c1ccc(Br)cc1,1
OWBSTVIEHFKJDC-NSHDSACASA-N,EC50,nM,5000.0,Cc1noc(Cn2cnc3c(N4CCC(O)C4)nc(C(C)(C)C)nc32)n1,1
PHBDTTXPYFOYST-UHFFFAOYSA-N,EC50,nM,3042.0,O=C(O)c1ccc(C(O)(c2ccc(Cl)cc2)c2ccc3n[nH]c(C4CCN(S(=O)(=O)C(F)(F)F)CC4)c3c2)cc1,1
PHKHWMCAAHZGEU-UHFFFAOYSA-N,EC50,nM,4024.2,CC(C)(C)c1nc(N2CCC(O)(C(F)(F)F)C2)c2ncn(Cc3ncccc3Cl)c2n1,1
PIZOYHRQRIQRPT-AWEZNQCLSA-N,EC50,nM,5000.0,COC(=O)C1CCCN1C(=O)c1cnc(C2CC2)c(OCC2CC2)n1,1
PLKBTQWWZFEERJ-LBPRGKRZSA-N,EC50,nM,5000.0,CC(C)(C)c1nc(N2CCC(O)C2)c2ncn(Cc3ncccc3Cl)c2n1,1
PPFSTWQTUYTVGT-UHFFFAOYSA-N,EC50,nM,5000.0,NC(=O)C1CSCCN1C(=O)c1cnc(N2CC(F)(F)C2)c(OCC2CC2)n1,1
PQGUFBGBQMJURE-UHFFFAOYSA-N,EC50,nM,5000.0,CC1(O)CCN(c2nc(C(C)(C)C)nc3c2ncn3Cc2ncccc2Cl)C1,1
PTRDJJWXJYFLQP-JTQLQIEISA-N,EC50,nM,5000.0,CC(C)(C)c1nc(N2CCC(O)C2)c2ncn(CCC(F)(F)F)c2n1,1
PWDDUZQQWJJFTO-LBPRGKRZSA-N,EC50,nM,5000.0,CC(=O)NC1CCN(c2nc(C(C)(C)C)nc3c2ncn3CCC(F)(F)F)C1,1
PWLDTDISJXPGTK-DEOSSOPVSA-N,EC50,nM,26.0,O=C(O)c1ccc(C(c2ccc(Cl)cc2)c2ccc3n[nH]c(C4CCN(S(=O)(=O)C(F)(F)F)CC4)c3c2)cc1,1
PXPNAWBPSJQRPX-AWEZNQCLSA-N,EC50,nM,5000.0,Cc1nonc1COC1CCN(c2nc(C(C)(C)C)nc3c2cnn3Cc2nonc2C)C1,1
PYMABJVOKQMOTN-ZDUSSCGKSA-N,EC50,nM,5000.0,CC(=O)NC1CCN(c2nc(C(C)(C)C)nc3c2ncn3Cc2nonc2C)C1,1
QGMBGVKWEDFEKQ-UHFFFAOYSA-N,EC50,nM,59.0,O=S(=O)(N1CCC(c2nn(-c3ccc(F)cc3)c3ccc(C(c4ccc(F)cc4)c4ccc(Cl)cc4)cc23)CC1)C(F)(F)F,1
QTBLIHDYOKHNQH-CYBMUJFWSA-N,EC50,nM,5000.0,COCC1CCCN1c1nc(C(C)(C)C)nc2c1cnn2Cc1nonc1C,1
QTHFGSZLKLUXPJ-JTQLQIEISA-N,EC50,nM,5000.0,CC(C)(C)Nc1nc(N2CCC(O)C2)c2ncn(CCC(F)(F)F)c2n1,1
QTIXPPCSAALJBQ-UHFFFAOYSA-N,EC50,nM,5000.0,CC1(O)CCN(c2nc(NC(C)(C)C)nc3c2ncn3Cc2cn[nH]c2C(F)(F)F)C1,1
QXGXEKPFAALLMD-UHFFFAOYSA-N,EC50,nM,5000.0,CC(C)(C)COc1nc(N2CCC(C)(O)C2)c2ncn(Cc3ccccc3S(C)(=O)=O)c2n1,1
RFFDVCSKYYONHV-UHFFFAOYSA-N,EC50,nM,5000.0,CC(C)S(=O)c1nc(C(=O)NC2(CC(N)=O)COC2)ccc1Br,1
RJASHWCIINMVAD-UHFFFAOYSA-N,EC50,nM,5000.0,CCOC(=O)CC(CC(C)C)NC(=O)c1ccc(C2CC2)c(OCC2CC2)n1,1
RJFPQEQTAJLPSJ-UHFFFAOYSA-N,EC50,nM,5000.0,NC(=O)CC(NC(=O)c1ccc(C2CC2)c(OCC2CC2)n1)C1CCCCC1,1
RKXUGSLDVUVSFJ-UHFFFAOYSA-N,EC50,nM,5000.0,CC(C)(C)c1nc(N2CCC(O)C2)c2ncn(CC(=O)c3ccccc3Cl)c2n1,1
RLTDDTGRQHRYSK-NSHDSACASA-N,EC50,nM,5000.0,Cc1nonc1Cn1cnc2c(N3CCC(O)C3)nc(NC(C)(C)C)nc21,1
RNMCOQVBPQXVAF-UHFFFAOYSA-N,EC50,nM,5000.0,CCn1cnc2c(N3CCC(O)C3)nc(C(C)(C)C)nc21,1
RRXSFWGNOCWHBZ-UHFFFAOYSA-N,EC50,nM,5000.0,Cc1nonc1Cn1cnc2c(N3CCC(C)(O)C3)nc(C(C)(C)C)nc21,1
RSELOMPDFHGKMG-NSHDSACASA-N,EC50,nM,5000.0,CC(C)(C)c1nc(N2CCC(O)C2)c2ncn(Cc3cn[nH]c3C(F)(F)F)c2n1,1
RSNGQPGDDAFSMT-UHFFFAOYSA-N,EC50,nM,11.0,NC(=O)c1ccc(C(c2ccc(Cl)cc2)c2ccc3n[nH]c(C4CCN(S(=O)(=O)C(F)(F)F)CC4)c3c2)cn1,1
RUUCEDXZNARXOO-UHFFFAOYSA-N,EC50,nM,5000.0,CCCCC(CC(N)=O)NC(=O)c1ccc(C2CC2)c(OCC2CC2)n1,1
RVECUZQMVYJXBY-LBPRGKRZSA-N,EC50,nM,5000.0,CC(C)(C)c1nc(N2CCC(O)C2)c2ncn(Cc3nnnn3C3CC3)c2n1,1
RXZNAAUIJIPXFQ-DHZHZOJOSA-N,IC50,nM,5000.0,CCC(C)(O)NC(=O)CCC(=O)C=Cc1ccc(N(C)C)cc1,1
RZRHARVGIPEBIQ-SDNWHVSQSA-N,IC50,nM,5000.0,CCC(C)(O)NC(=O)CCC(=O)C=Cc1ccc(-c2ccccc2)cc1,1
SATFNQMSPRGSGN-LBPRGKRZSA-N,EC50,nM,5000.0,CC(C)(C)c1nc(N2CCC(O)C2)c2cnn(Cc3ncccc3Cl)c2n1,1
SECUFPQMJKPVMN-UHFFFAOYSA-N,EC50,nM,4000.0,O=C(O)c1cccc(CN2CCC(Nc3ncnc4ccc(C(c5ccc(Cl)cc5)c5ccc(Cl)cc5)cc34)C2)c1,1
SFKQHNGGAWUPEZ-AWEZNQCLSA-N,EC50,nM,5000.0,CC(=O)NC1CCN(c2nc(C(C)(C)C)nc3c2ncn3Cc2ncccc2Cl)C1,1
SJTZNYZALUVHMI-HNNXBMFYSA-N,EC50,nM,5000.0,CC(C)(C)c1nc(N2CCC(O)C2)c2ncn(Cc3cccc(Cl)c3)c2n1,1
SLGNYEOMLKBLIK-NSHDSACASA-N,EC50,nM,5000.0,NC(=O)C1CC(F)(F)CN1C(=O)c1cnc(N2CC(F)(F)C2)c(OCC2CC2)n1,1
SNBUBAZYEDEPAK-CABCVRRESA-N,EC50,nM,5000.0,CC(C)(C)c1nc(N2CCC(O)C2CO)c2ncn(Cc3ncccc3Cl)c2n1,1
SRCMSCCVZFTWDG-QMMMGPOBSA-N,EC50,nM,5000.0,NC(=O)C1CC(F)(F)CN1C(=O)c1cnc(N2CC(F)(F)C2)c(OCC(F)F)n1,1
STOBXKZRMBXCRR-ZDUSSCGKSA-N,EC50,nM,5000.0,CC(=O)NC1CCN(c2nc(C(C)(C)C)nc3c2ncn3Cc2cn[nH]c2C(F)(F)F)C1,1
STVPDYWZHDNCNB-UHFFFAOYSA-N,EC50,nM,5000.0,NC(=O)CC1(NC(=O)c2ccc(C3CC3)c(OCC3CC3)n2)CCOC1,1
SVEIAJQVFPPRBD-UHFFFAOYSA-N,EC50,nM,5000.0,CCCn1cnc2c(N3CCC(O)C3)nc(C(C)(C)C)nc21,1
UDPLNEQKEIQTMA-UHFFFAOYSA-N,EC50,nM,5000.0,CC(=O)OC1(C)CCN(c2nc(NC(C)(C)C)nc3c2ncn3Cc2nonc2C)C1,1
UGNGPGLEEKDEHQ-UHFFFAOYSA-N,EC50,nM,16000.0,Cc1[nH]nc(-c2ccc(OCCN3CCOCC3)cc2O)c1-c1ccc(Cl)cc1,1
UIXKXYGHZOJILO-UHFFFAOYSA-N,EC50,nM,16000.0,CCOc1ccc(-c2n[nH]c(C)c2-c2ccc(OC)cc2)c(O)c1,1
ULQNXMPOHCDCLP-UHFFFAOYSA-N,EC50,nM,5000.0,CCOC(=O)CC(NC(=O)c1ccc(N2CC(F)(F)C2)c(OCC2CC2)n1)c1ccccc1,1
UODCOTAUGKQESU-ZDUSSCGKSA-N,EC50,nM,5000.0,CC(=O)OC1CCN(C(=O)c2cnc(N3CC(F)(F)C3)c(OCC3CC3)n2)C1,1
URASPVATSWONFK-UHFFFAOYSA-N,EC50,nM,5000.0,CC(=O)OC1(C)CCN(C(=O)c2cnc(C3CC3)c(OCC3CC3)n2)C1,1
UUKHMCQBTJVIKW-UHFFFAOYSA-N,EC50,nM,16000.0,Cc1[nH]nc(-c2ccc(O)cc2O)c1-c1ccc(Cl)cc1,1
UYQFMKJXWOUBBI-NZQKXSOJSA-N,Ki,nM,1197.0,Cc1cc(C(=O)c2ccccc2)ccc1NC(=O)CC1CCCN2CCCCC12,1
UZJBUZIHBOANJH-JTQLQIEISA-N,EC50,nM,5000.0,Cn1nnnc1Cn1ncc2c(N3CCC(O)C3)nc(C(C)(C)C)nc21,1
VAUHNAJITIVQNI-UHFFFAOYSA-N,EC50,nM,5000.0,CC(C)(C)c1nc(N2CCC3(C2)CC3(F)F)c2ncn(Cc3ncccc3Cl)c2n1,1
VHZRXXYJGBZFMR-UHFFFAOYSA-N,EC50,nM,5000.0,CC1(O)CCN(c2nc(C(C)(C)C)nc3c2ncn3Cc2ccccc2Cl)C1,1
VJSGOMMBKDRBSR-UHFFFAOYSA-N,EC50,nM,5000.0,CC1(O)CCN(c2nc(C(C)(C)C)nc3c2ncn3Cc2[nH]ncc2C(F)(F)F)C1,1
VKZXWJSWOPPLFH-UHFFFAOYSA-N,EC50,nM,5000.0,NC(=O)CC1(NC(=O)c2ccc(N3CC(F)(F)C3)c(OCC3CC3)n2)CCOC1,1
VMNGTYBQOXKXHU-UHFFFAOYSA-N,EC50,nM,8.0,O=S(=O)(N1CCC(Nc2ncnc3ccc(C(c4ccc(Cl)cc4)c4nccs4)cc23)CC1)C(F)(F)F,1
VPJDFQXEQISZLA-CQSZACIVSA-N,EC50,nM,5000.0,CN(C)C(=S)C1CCCN1C(=O)c1cnc(N2CC(F)(F)C2)c(OCC2CC2)n1,1
VPNSUQVQBSSBBL-UHFFFAOYSA-N,EC50,nM,29.0,COCCNc1ccc(C(c2ccc(Cl)cc2)c2ccc3ncnc(NC4CCN(S(=O)(=O)C(F)(F)F)CC4)c3c2)cc1,1
VRSZULDXEYTPSY-UHFFFAOYSA-N,EC50,nM,15.0,NC(=O)c1ccc(C(c2ccc(Cl)cc2)c2ccc3nn(C4CC4)c(C4CCN(S(=O)(=O)C(F)(F)F)CC4)c3c2)cc1,1
VXSBEHYRGFYBNT-UHFFFAOYSA-N,EC50,nM,0.5,COc1ccc(C(c2ccc(Cl)cc2)c2ccc3ncnc(NC4CCN(c5ccccc5)CC4)c3c2)cc1,1
WAFLWFSJNCTXMZ-AWEZNQCLSA-N,EC50,nM,5000.0,CC(C)(C)Nc1nc(N2CCC(O)C2)c2ncn(Cc3ccccc3C(F)(F)F)c2n1,1
WAWDLNLXTKKITE-UHFFFAOYSA-N,EC50,nM,785.0,O=S(=O)(N1CCC(c2[nH]nc3ccc(C(c4ccc(Cl)cc4)C4CCCC4)cc23)CC1)C(F)(F)F,1
WFLDLGAWXZERNV-LBPRGKRZSA-N,EC50,nM,5000.0,CC(C)(C)c1nc(N2CCC(O)C2)c2cnn(Cc3nnnn3C3CC3)c2n1,1
WGPSUDKSIIRCJL-UHFFFAOYSA-N,EC50,nM,34.8,NC(=O)CC1(NC(=O)c2ccc(C3CC3)c(Oc3ccc(F)cc3)n2)CCOC1,1
WZYWZJBPRBZKFR-KGLIPLIRSA-N,EC50,nM,5000.0,NC(=O)C1CCCCC1NC(=O)c1ccc(N2CC(F)(F)C2)c(OCC2CC2)n1,1
XBDWYVXXGSNAAR-UHFFFAOYSA-N,EC50,nM,5000.0,CC1(O)CCN(c2nc(NC(C)(C)C)nc3c2ncn3Cc2ccccc2C(F)(F)F)C1,1
XCLIJHLUVSKAJN-ZDUSSCGKSA-N,EC50,nM,5000.0,CC(C)(C)c1nc(N2CCC(O)C2)c2ncn(Cc3nnnn3CC3CC3)c2n1,1
XERGSYVZKDRHGB-NSHDSACASA-N,EC50,nM,5000.0,Cc1nonc1Cn1ncc2c(N3CCC(O)C3)nc(C(C)(C)C)nc21,1
XGWVSIJTDZNDES-UHFFFAOYSA-N,EC50,nM,5000.0,CC(C)CC(CNC(=O)c1ccc(N2CC(F)(F)C2)c(OCC2CC2)n1)C(=O)O,1
XHMHPKDJLRTWFZ-UHFFFAOYSA-N,EC50,nM,5000.0,NC(=O)CC(NC(=O)c1ccc(N2CC(F)(F)C2)c(OCC2CC2)n1)C1CCOC1,1
XIODDYHHVWAJNF-UHFFFAOYSA-N,EC50,nM,5000.0,CC(C)(C)c1nc(N2CCC(O)C2)c2ncn(CC3CCCCC3)c2n1,1
XJHFOLUSNGSZFA-HNNXBMFYSA-N,EC50,nM,5000.0,CC(=O)NC1CCN(c2nc(C(C)(C)C)nc3c2ncn3Cc2cccnc2Cl)C1,1
XMKGBINAXSPRKN-LBPRGKRZSA-N,EC50,nM,5000.0,NC(=O)C1CC(F)(F)CN1C(=O)c1cnc(C2CC2)c(OCC2CC2)n1,1
XQKKWPNUPQVNQK-UHFFFAOYSA-N,EC50,nM,5000.0,CC(C)CC(CC(=O)OC(C)(C)C)NC(=O)c1ccc(N2CC(F)(F)C2)c(OCC2CC2)n1,1
XQZFMIUVDBOJRV-UHFFFAOYSA-N,EC50,nM,10.0,O=C1CC(Nc2ncnc3ccc(C(c4ccc(Cl)cc4)c4ccc(Cl)cc4)cc23)CCN1c1ccccc1,1
XTGSCSZZBNLRAO-UHFFFAOYSA-N,IC50,nM,251.19,O=C(NCc1ccc(F)cc1)c1ccc2c(c1)N=C(c1ccc(F)cc1)c1ccccc1N2,1
XVFADYQUPPLFOD-AWEZNQCLSA-N,EC50,nM,5000.0,CC(C)(C)c1nc(N2CCC(O)C2)c2ncn(Cc3ccccc3Cl)c2n1,1
XWHVVOJUEYKPBH-LBPRGKRZSA-N,EC50,nM,5000.0,CC(=O)NC1CCN(c2nc(C(C)(C)C)nc3c2ncn3Cc2[nH]ncc2C(F)(F)F)C1,1
XZLXIQLIFWIDCZ-UHFFFAOYSA-N,EC50,nM,5000.0,CC(C)(C)COc1nc(N2CCC(C)(O)C2)c2ncn(Cc3ccccc3C(F)(F)F)c2n1,1
YEGMRJIDAIIVBO-UHFFFAOYSA-N,EC50,nM,5000.0,CC(C)(C)COc1nc(N2CCC(C)(O)C2)c2ncn(Cc3ccccc3Cl)c2n1,1
YEGUINSKITWAPR-HNNXBMFYSA-N,EC50,nM,5000.0,CC(C)CC(CC(N)=O)NC(=O)c1ccc(C2CC2)c(OCC2CC2)n1,1
YEOSKVHRSBFMHM-NSHDSACASA-N,EC50,nM,5000.0,Cc1nonc1Cn1cnc2c(N3CCC(O)C3)nc(C(C)(C)C)nc21,1
YNCLRQFKIQTLSJ-UHFFFAOYSA-N,EC50,nM,16000.0,Oc1ccc(-c2n[nH]c(C(F)(F)F)c2-c2ccccc2)c(O)c1,1
ZBAKMJQOUSYXJI-SGIGLYMQSA-N,Ki,nM,1173.0,OCC1OC(ON=Cc2ccccc2O)C(O)C(O)C1O,1
ZBFPVABURXIEKK-UHFFFAOYSA-N,EC50,nM,5000.0,CC1(O)CCN(c2nc(C(C)(C)C)nc3c2ncn3Cc2ccccc2S(C)(=O)=O)C1,1
ZCZFHQPVVYWVPE-NSHDSACASA-N,EC50,nM,5000.0,COCCn1cnc2c(N3CCC(O)C3)nc(C(C)(C)C)nc21,1
ZQYQVEPHSTZLGN-UHFFFAOYSA-N,EC50,nM,5000.0,CC1(O)CCN(c2nc(C(C)(C)C)nc3c2ncn3Cc2ccccc2C(F)(F)F)C1,1
ZWRUNQHMXDQLBG-UHFFFAOYSA-N,EC50,nM,5000.0,CC1(O)CCN(c2nc(C(C)(C)C)nc3c2ncn3Cc2cccnc2Cl)C1,1
ZXJWVSDWNJTBJK-LLVKDONJSA-N,EC50,nM,5000.0,CC1CCCN1C(=O)c1cnc(N2CC(F)(F)C2)c(OCC2CC2)n1,1
ZZIWGLBNJCBKPU-MDZDMXLPSA-N,IC50,nM,5000.0,CCC(C)(O)NC(=O)CCC(=O)C=Cc1ccc(C)cc1,1
