gpcrdb_id,species,p-value,unit,pKi,assay_type,assay_des,source,molwt,logp,smiles,doi
180507,Human,9.5,pKi,9.5,Binding,BindingaffinitytoCB1receptorBindingaffinitytoCB1receptor,ChEMBL,432,7.6,CCCCCCC1(c2cc(O)c3c(c2)OC(C)(C)[C@@H]2CC=C(C)C[C@@H]32)SCCS1,10.1016/j.bmc.2008.06.019
92746,Human,8.5,pKi,8.5,Binding,BindingaffinitytoCB1receptorBindingaffinitytoCB1receptor,ChEMBL,514,3,C[C@H](NS(C)(=O)=O)c1ccc(S(=O)(=O)c2ccc(Cl)cc2S(=O)(=O)c2ccccn2)cc1,10.1016/j.bmcl.2007.04.028
92788,Human,9.0,pKi,9.0,Binding,BindingaffinitytoCB1receptorBindingaffinitytoCB1receptor,ChEMBL,565,4.3,Cc1ccc(S(=O)(=O)c2ccc([C@H](C)NS(=O)(=O)C(F)(F)F)cc2)c(S(=O)(=O)c2ccccc2F)c1,10.1016/j.bmcl.2007.04.028
181768,Human,5.8,pKi,5.8,Binding,Displacementof[3H]CP-55940fromhumanrecombinantCB1receptorexpressedinHEKcellsDisplacementof[3H]CP-55940fromhumanrecombinantCB1receptorexpressedinHEKcells,ChEMBL,363,5.2,O=C(Cc1ccc(Cl)cc1)NCCC(c1ccccc1)c1ccccc1,10.1016/j.bmc.2008.06.001
95497,Human,8.0,pKi,8.0,Binding,Displacementof[3H]CP-55940fromhumanCB1RexpressedinHEK293cellsDisplacementof[3H]CP-55940fromhumanCB1RexpressedinHEK293cells,ChEMBL,403,5.1,O=C(c1cc2c(cc1F)OC(c1ccccc1)(c1ccccc1)O2)N1CCCCC1,10.1021/jm701487t
158732,Human,7.8,pKi,7.8,Binding,NoneNone,PDSPKiDatabase,405,4,O=C(c1cc2c(cc1F)OC(c1ccccc1)(c1ccccc1)O2)N1CCOCC1,None
144570,Human,6.5,pKi,6.5,Binding,BindingaffinitytoCB1receptorBindingaffinitytoCB1receptor,ChEMBL,479,3,CCCS(=O)(=O)c1cc(Cl)ccc1S(=O)(=O)c1ccc([C@H](C)NS(C)(=O)=O)cc1,10.1016/j.bmcl.2007.04.028
372,Human,9.0,pKi,9.0,Binding,AntagonistactivityathumanCB1receptorAntagonistactivityathumanCB1receptor,ChEMBL,555,4.2,N#CCCC#Cc1ccc(cc1)c1c(C)c(nn1c1ccc(cc1Cl)Cl)C(=O)NN1CCS(=O)(=O)CC1,10.1016/j.bmcl.2013.06.066
92787,Human,8.1,pKi,8.1,Binding,BindingaffinitytoCB1receptorBindingaffinitytoCB1receptor,ChEMBL,519,3.9,C[C@H](NS(C)(=O)=O)c1ccc(S(=O)(=O)c2ccc(Cl)cc2S(=O)(=O)C2CCCCC2)cc1,10.1016/j.bmcl.2007.04.028
3747,Human,5.6,pKi,5.6,Binding,UnclassifiedUnclassified,GuidetoPharmacology,413,6.1,CCCCCNC1=C(CCCCC)C(=O)C(=O)C(=C1O)[C@@H]1C=C(C)CC[C@H]1C(=C)C,30033591
92789,Human,8.9,pKi,8.9,Binding,BindingaffinitytoCB1receptorBindingaffinitytoCB1receptor,ChEMBL,591,4.9,C[C@H](NS(=O)(=O)C(F)(F)F)c1ccc(S(=O)(=O)c2ccc(C3CC3)cc2S(=O)(=O)c2ccccc2F)cc1,10.1016/j.bmcl.2007.04.028
20184,Human,7.1,pKi,7.1,Binding,Displacementof[3H]-CP55940fromhumanCB1receptorDisplacementof[3H]-CP55940fromhumanCB1receptor,ChEMBL,384,4.4,O=C(c1cccc2ccccc12)c1cn(CCN2CCOCC2)c2ccccc12,10.1021/acs.jmedchem.6b00516
95282,Human,7.6,pKi,7.6,Binding,Displacementof[3H]CP-55940fromhumanCB1RexpressedinHEK293cellsDisplacementof[3H]CP-55940fromhumanCB1RexpressedinHEK293cells,ChEMBL,385,5,O=C(c1ccc2c(c1)OC(c1ccccc1)(c1ccccc1)O2)N1CCCCC1,10.1021/jm701487t
2805,Human,9.2,pKi,9.2,Binding,Displacementof[3H]SR141716AfromhumanCB1receptorexpressedinHEK293cellsDisplacementof[3H]SR141716AfromhumanCB1receptorexpressedinHEK293cells,ChEMBL,509,4.2,CCNC1(CCN(CC1)c1ncnc2c1nc(n2c1ccc(cc1)Cl)c1ccccc1Cl)C(=O)N,10.1021/jm8012932
146457,Human,6.7,pKi,6.7,Binding,BindingaffinitytoCB1receptorBindingaffinitytoCB1receptor,ChEMBL,564,4.2,C[C@H](NS(C)(=O)=O)c1ccc(S(=O)(=O)c2ccc(Cl)cc2S(=O)(=O)c2cccc3cccnc23)cc1,10.1016/j.bmcl.2007.04.028
92878,Human,8.4,pKi,8.4,Binding,BindingaffinitytoCB1receptorBindingaffinitytoCB1receptor,ChEMBL,568,3.9,C[C@H](NS(=O)(=O)C(F)(F)F)c1ccc(S(=O)(=O)c2ccc(Cl)cc2S(=O)(=O)c2ccccn2)cc1,10.1016/j.bmcl.2007.04.028
92877,Human,8.2,pKi,8.2,Binding,BindingaffinitytoCB1receptorBindingaffinitytoCB1receptor,ChEMBL,603,4.8,C[C@H](NS(=O)(=O)C(F)(F)F)c1ccc(S(=O)(=O)c2ccc(Cl)cc2S(=O)(=O)c2c(F)cccc2F)cc1,10.1016/j.bmcl.2007.04.028
101611,Human,7.7,pKi,7.7,Binding,Displacementof[3H]CP55940fromhumanCB1receptorincellfreesystemDisplacementof[3H]CP55940fromhumanCB1receptorincellfreesystem,ChEMBL,382,7.4,CCCCCCC1CCCc2c1cc1c(c2O)[C@@H]2CC(C)=CC[C@H]2C(C)(C)O1,10.1016/j.ejmech.2010.11.034
14789,Human,8.9,pKi,8.9,Binding,Displacementof[3H]-CP55940fromhumancannabinoidCB1receptorexpressedinSf9insectcellsafter70minsbyscintillationcountingDisplacementof[3H]-CP55940fromhumancannabinoidCB1receptorexpressedinSf9insectcellsafter70minsbyscintillationcounting,ChEMBL,383,4,COc1cccc2c(C(=O)N3CCN(C)[C@@H](C)C3)cn(CC3CCCCC3)c12,10.1039/C0MD00022A
140892,Human,6.0,pKi,6.0,Binding,Displacementof[3H]CP55940fromhumanCB1receptorincellfreesystemDisplacementof[3H]CP55940fromhumanCB1receptorincellfreesystem,ChEMBL,384,1.7,Cc1ccc2c(=O)c(C(=O)NC3CCCC3)cn(CCN3CCOCC3)c2n1,10.1016/j.ejmech.2010.11.034
47786,Human,8.3,pKi,8.3,Binding,EvaluatedforbindingaffinitytowardshumanCannabinoidreceptor1EvaluatedforbindingaffinitytowardshumanCannabinoidreceptor1,ChEMBL,488,6.2,Cc1c(C(=O)NN2CC3CCCC3C2)nn(-c2ccc(Cl)cc2Cl)c1-c1ccc(Cl)cc1,10.1016/j.bmcl.2003.12.068
95262,Human,7.9,pKi,7.9,Binding,Displacementof[3H]CP-55940fromhumanCB1RexpressedinHEK293cellsDisplacementof[3H]CP-55940fromhumanCB1RexpressedinHEK293cells,ChEMBL,513,6,O=S(=O)(c1ccc2c(c1)OC(c1ccccc1)(c1ccccc1)O2)N1CC=C(c2ccc(F)cc2)CC1,10.1021/jm701487t
92742,Human,5.8,pKi,5.8,Binding,BindingaffinitytohumanCB1receptorBindingaffinitytohumanCB1receptor,ChEMBL,585,4.6,C[C@H](NS(=O)(=O)C(F)(F)F)c1ccc(S(=O)(=O)c2ccc(Cl)cc2S(=O)(=O)c2ccccc2F)cc1,10.1016/j.bmcl.2009.11.084
179211,Human,6.7,pKi,6.7,Binding,"Displacementof[3H]-CP-55,940fromrecombinanthumanCB1RexpressedinHEK293cellmembranesafter90minsDisplacementof[3H]-CP-55,940fromrecombinanthumanCB1RexpressedinHEK293cellmembranesafter90mins",ChEMBL,316,4,CCCc1cc(O)c2c(c1)OC(C)(C)[C@@H]1CCC(C(=O)O)=C[C@@H]21,10.1021/acs.jnatprod.9b00831
85274,Human,7.5,pKi,7.5,Binding,Displacementof[3H]CP-559440fromhumanCB1receptorexpressedinHEK293cellsDisplacementof[3H]CP-559440fromhumanCB1receptorexpressedinHEK293cells,ChEMBL,415,4.5,O=C(N[C@H]1CCC[C@@H]1O)c1cn(-c2ccc(Cl)cc2)c(-c2ccccc2Cl)n1,10.1016/j.bmcl.2007.03.011
192457,Human,7.9,pKi,7.9,Binding,NoneNone,PDSPKiDatabase,442,5.5,CCc1c(C(=O)NN2CCCCC2)nc(-c2ccccc2Cl)n1-c1ccc(Cl)cc1,None
84731,Human,7.3,pKi,7.3,Binding,BindingaffinitytohumanCB1receptorBindingaffinitytohumanCB1receptor,ChEMBL,386,4.6,Cc1ccc(-c2ncc(C(=O)NN3CCCCC3)nc2-c2ccc(C)cc2)cc1,10.1016/j.bmcl.2007.04.087
130121,Human,7.5,pKi,7.5,Binding,InvitrodisplacementofCP-55940bindingtohumanCB1receptorexpressedinCHOcellsInvitrodisplacementofCP-55940bindingtohumanCB1receptorexpressedinCHOcells,ChEMBL,447,6.5,Cc1c(C(=O)NC2CCCC2)nc(-c2ccc(Cl)cc2Cl)n1-c1ccc(Cl)cc1,10.1021/jm040843r
110899,Human,6.1,pKi,6.1,Binding,Displacementof[3H]-CP55940fromhumanCB1receptorafter90minsbyliquidscintillationspectrophotometeranalysisDisplacementof[3H]-CP55940fromhumanCB1receptorafter90minsbyliquidscintillationspectrophotometeranalysis,ChEMBL,407,7,CCCCCCc1nc(-c2ccc(Cl)cc2)n(-c2ccc(Cl)cc2Cl)n1,10.1016/j.bmc.2013.01.055
85404,Human,8.2,pKi,8.2,Binding,Displacementof[3H]CP-559440fromhumanCB1receptorexpressedinHEK293cellsDisplacementof[3H]CP-559440fromhumanCB1receptorexpressedinHEK293cells,ChEMBL,471,5.8,CCCc1c(C(=O)N[C@H]2CCCC[C@@H]2O)nc(-c2ccccc2Cl)n1-c1ccc(Cl)cc1,10.1016/j.bmcl.2007.03.011
85472,Human,8.4,pKi,8.4,Binding,Displacementof[3H]CP-559440fromhumanCB1receptorexpressedinHEK293cellsDisplacementof[3H]CP-559440fromhumanCB1receptorexpressedinHEK293cells,ChEMBL,501,5.6,CCc1c(C(=O)N[C@H]2CCCC[C@@H]2O)nc(-c2ccccc2Cl)n1-c1ccc(Br)cc1,10.1016/j.bmcl.2007.03.011
362,Human,5.9,pKi,5.9,Binding,Displacementof[3H]CP-55940fromhumanrecombinantCB1receptorexpressedinCHOcellsDisplacementof[3H]CP-55940fromhumanrecombinantCB1receptorexpressedinCHOcells,ChEMBL,503,4.9,CN1CCCCC1Cn1cc(c2c1cccc2)C(=O)c1cc(ccc1I)N(=O)=O,10.1021/jm901214q
177867,Human,9.5,pKi,9.5,Binding,NoneNone,PDSPKiDatabase,515,6.3,CC(NC(=O)C(C)(C)Oc1ccc(C(F)(F)F)cn1)C(Cc1ccc(Cl)cc1)c1cccc(C#N)c1,None
193754,Human,5.4,pKi,5.4,Binding,BindingaffinitytohumanCB1receptorBindingaffinitytohumanCB1receptor,ChEMBL,592,3.5,CC1(CNS(=O)(=O)C(F)(F)F)CCN(S(=O)(=O)c2ccc(Cl)cc2S(=O)(=O)c2ccccc2F)CC1,10.1016/j.bmcl.2009.11.084
85262,Human,7.5,pKi,7.5,Binding,Displacementof[3H]CP-559440fromhumanCB1receptorexpressedinHEK293cellsDisplacementof[3H]CP-559440fromhumanCB1receptorexpressedinHEK293cells,ChEMBL,429,4.9,O=C(N[C@H]1CCCC[C@@H]1O)c1cn(-c2ccc(Cl)cc2)c(-c2ccccc2Cl)n1,10.1016/j.bmcl.2007.03.011
109161,Human,6.5,pKi,6.5,Binding,BindingaffinitytohumanCB1receptorBindingaffinitytohumanCB1receptor,ChEMBL,470,5.9,CCCCCCC(C)(C)c1cc(O)c([C@H]2CC(=O)[C@H]3C[C@@H]2C3(C)C)c(OC(=O)/C=C/C(=O)O)c1,10.1021/jm4005626
2339,Human,10.0,pKi,10.0,Binding,UnclassifiedUnclassified,GuidetoPharmacology,397,3.5,COC(=O)[C@H](C(C)(C)C)NC(=O)c1nn(c2c1cccc2)Cc1ccc(cc1)F,29963207
160464,Human,8.2,pKi,8.2,Binding,BindingaffinitytoCB1receptorBindingaffinitytoCB1receptor,ChEMBL,521,5.5,O=C(NN1CCCCC1)c1nn(-c2ccc(Cl)cc2Cl)c(-c2ccc(-c3cccnc3)cc2)c1CO,10.1021/jm701519h
114853,Human,7.0,pKi,7.0,Binding,"Displacementof[3H]CP-55,940fromhumanrecombinantCB1RexpressedinHEK-293cellsafter90minsbyliquidscintillationcountingDisplacementof[3H]CP-55,940fromhumanrecombinantCB1RexpressedinHEK-293cellsafter90minsbyliquidscintillationcounting",ChEMBL,471,4.7,CC1CCC(NC(=O)c2cc3cc(Br)cnc3n(Cc3ccc(F)cc3)c2=O)CC1,10.1021/jm500807e
114856,Human,6.1,pKi,6.1,Binding,"Displacementof[3H]CP-55,940fromhumanrecombinantCB1RexpressedinHEK-293cellsafter90minsbyliquidscintillationcountingDisplacementof[3H]CP-55,940fromhumanrecombinantCB1RexpressedinHEK-293cellsafter90minsbyliquidscintillationcounting",ChEMBL,476,2.8,CC1CCC(NC(=O)c2cc3cc(Br)cnc3n(CCN3CCOCC3)c2=O)CC1,10.1021/jm500807e
121379,Human,6.0,pKi,6.0,Binding,Displacementof[3H]CP55940fromrecombinanthumanCB1RexpressedinHEK293cellmembranesincubatedfor90minsbyCheng-PrusoffequationanalysisDisplacementof[3H]CP55940fromrecombinanthumanCB1RexpressedinHEK293cellmembranesincubatedfor90minsbyCheng-Prusoffequationanalysis,ChEMBL,302,3.9,O=C(NCc1ccccc1Cl)c1nc2ccccc2s1,10.1016/j.ejmech.2019.07.002
113049,Human,8.1,pKi,8.1,Binding,"Displacementof[3H]CP-55,940fromhumanrecombinantCB1receptorexpressedinHEK293cellmembranesDisplacementof[3H]CP-55,940fromhumanrecombinantCB1receptorexpressedinHEK293cellmembranes",ChEMBL,417,6.7,C=CCNC(=O)CCCCCCCOc1cc(O)cc(C(C)(C)CCCCCC)c1,10.1016/j.bmc.2014.07.006
59978,Human,7.5,pKi,7.5,Binding,InvitrodisplacementofCP-55940bindingtohumanCB1receptorexpressedinCHOcellsInvitrodisplacementofCP-55940bindingtohumanCB1receptorexpressedinCHOcells,ChEMBL,461,6.9,Cc1c(C(=O)NC2CCCCC2)nc(-c2ccc(Cl)cc2Cl)n1-c1ccc(Cl)cc1,10.1021/jm040843r
129224,Human,6.7,pKi,6.7,Binding,InvitrodisplacementofCP-55940bindingtohumanCB1receptorexpressedinCHOcellsInvitrodisplacementofCP-55940bindingtohumanCB1receptorexpressedinCHOcells,ChEMBL,464,4.8,Cc1c(C(=O)NN2CCOCC2)nc(-c2ccc(Cl)cc2Cl)n1-c1ccc(Cl)cc1,10.1021/jm040843r
100316,Human,7.0,pKi,7.0,Binding,Bindingaffinityagainsthumancannabinoidreceptorbyusingradioligand([3H]CP-55940)assay.Bindingaffinityagainsthumancannabinoidreceptorbyusingradioligand([3H]CP-55940)assay.,ChEMBL,384,6.4,CCCCCCC(C)(C)c1cc(O)c2c(c1)OC(C)(C)[C@H]1CC=C(C=O)C[C@H]21,10.1016/0960-894X(95)00573-C
84516,Human,6.3,pKi,6.3,Binding,BindingaffinitytohumanCB1receptorBindingaffinitytohumanCB1receptor,ChEMBL,379,5.7,Cc1ccc(-c2ncc(C(=O)Nc3ccccc3)nc2-c2ccc(C)cc2)cc1,10.1016/j.bmcl.2007.04.087
130774,Human,7.6,pKi,7.6,Binding,InvitrodisplacementofCP-55940bindingtohumanCB1receptorexpressedinCHOcellsInvitrodisplacementofCP-55940bindingtohumanCB1receptorexpressedinCHOcells,ChEMBL,448,5.5,Cc1c(C(=O)NN2CCCC2)nc(-c2ccc(Cl)cc2Cl)n1-c1ccc(Cl)cc1,10.1021/jm040843r
104694,Human,5.4,pKi,5.4,Binding,BindingaffinitytoCB1receptor(unknownorigin)BindingaffinitytoCB1receptor(unknownorigin),ChEMBL,479,2.8,COC(=O)[C@H](Cc1ccccc1)NC(=O)c1c(C)n(CCN2CCOCC2)c2c(OC)cccc12,10.1021/jm4005626
374,Human,8.9,pKi,8.9,Binding,UnclassifiedUnclassified,GuidetoPharmacology,445,6.4,S=C=NCCCCCCC(c1cc(O)c2c(c1)OC([C@H]1[C@H]2C[C@H](CO)CC1)(C)C)(C)C,28678776
121419,Human,6.3,pKi,6.3,Binding,Displacementof[3H]-CP55940fromhumanrecombinantCB1receptorexpressedinHEK293cellsafter90minsbyscintillationcountinganalysisDisplacementof[3H]-CP55940fromhumanrecombinantCB1receptorexpressedinHEK293cellsafter90minsbyscintillationcountinganalysis,ChEMBL,389,4.8,C=CCCC/C=C/C=C(\C)CCCC/C=C/CC/C=C\C(=O)NC(CO)CO,10.1021/acs.jnatprod.5b00301
13575,Human,7.9,pKi,7.9,Binding,BindingaffinitytowardsCannabinoidreceptor1usingCP-55940asradioligandinHEK293EBNAcellsBindingaffinitytowardsCannabinoidreceptor1usingCP-55940asradioligandinHEK293EBNAcells,ChEMBL,362,6.3,CC1=CC[C@@H]2[C@@H](C1)c1c(O)cc(C(C)(C)c3ccccc3)cc1OC2(C)C,10.1016/s0960-894x(03)00729-7
97626,Human,6.2,pKi,6.2,Binding,Evaluatedforbindingaffinityagainstrecombinanthumancentralcannabinoidreceptor1Evaluatedforbindingaffinityagainstrecombinanthumancentralcannabinoidreceptor1,ChEMBL,398,4.7,Cc1c(C(=O)c2cccc3ccccc23)c2ccccc2n1CCN1CCOCC1,10.1016/0960-894X(96)00426-X
198997,Human,7.7,pKi,7.7,Binding,Displacementof[3H]-CP55940fromhumanCB1receptorDisplacementof[3H]-CP55940fromhumanCB1receptor,ChEMBL,398,4.7,Cc1ccc(C(=O)c2cn(CCN3CCOCC3)c3ccccc23)c2ccccc12,10.1021/acs.jmedchem.6b00516
120834,Human,7.5,pKi,7.5,Binding,Displacementof[3H]CP55940fromfulllengthhumanrecombinantCB1receptorexpressedinHEK293cellsafter90minsbyscintillationcountinganalysisDisplacementof[3H]CP55940fromfulllengthhumanrecombinantCB1receptorexpressedinHEK293cellsafter90minsbyscintillationcountinganalysis,ChEMBL,330,4.7,CCCCCc1cc(O)c2c(c1)OC(C)(C)[C@@H]1CC=C(C)[C@H](O)[C@@H]21,10.1021/acs.jnatprod.5b00065
120835,Human,6.1,pKi,6.1,Binding,Displacementof[3H]CP55940fromfulllengthhumanrecombinantCB1receptorexpressedinHEK293cellsafter90minsbyscintillationcountinganalysisDisplacementof[3H]CP55940fromfulllengthhumanrecombinantCB1receptorexpressedinHEK293cellsafter90minsbyscintillationcountinganalysis,ChEMBL,330,4.7,CCCCCc1cc(O)c2c(c1)OC(C)(C)[C@@H]1CC=C(C)[C@@H](O)[C@@H]21,10.1021/acs.jnatprod.5b00065
80951,Human,6.4,pKi,6.4,Binding,BindingaffinitytoCB1receptor(unknownorigin)BindingaffinitytoCB1receptor(unknownorigin),ChEMBL,440,5.2,Cc1ccc2c(c1)Cc1c(C(=O)NN3CCCCC3)nn(-c3ccc(Cl)cc3Cl)c1-2,10.1016/j.ejmech.2014.05.055
95127,Human,8.4,pKi,8.4,Binding,NoneNone,PDSPKiDatabase,489,6.6,O=C(c1cc2c(cc1F)OC(c1ccc(F)cc1)(c1ccc(Cl)cc1Cl)O2)N1CCCCC1,None
152576,Human,8.0,pKi,8.0,Binding,BindingaffinitytoCB1receptorBindingaffinitytoCB1receptor,ChEMBL,566,3.6,C[C@H](NS(=O)(=O)C(F)(F)F)c1ccc(S(=O)(=O)c2ccc(N)cc2S(=O)(=O)c2ccccc2F)cc1,10.1016/j.bmcl.2007.04.028
1669,Human,6.9,pKi,6.9,Binding,Displacementof[3H]CP55940fromhumanCB1RreceptorexpressedinCHOcellmembranesafter60minsbyliquidscintillationspectrometryanalysisDisplacementof[3H]CP55940fromhumanCB1RreceptorexpressedinCHOcellmembranesafter60minsbyliquidscintillationspectrometryanalysis,ChEMBL,342,5.2,[O-][N+](=O)CC(c1c([nH]c2c1cccc2)c1ccccc1)c1ccccc1,10.1021/acs.jmedchem.9b01142
85403,Human,8.3,pKi,8.3,Binding,Displacementof[3H]CP-559440fromhumanCB1receptorexpressedinHEK293cellsDisplacementof[3H]CP-559440fromhumanCB1receptorexpressedinHEK293cells,ChEMBL,457,5.4,CCc1c(C(=O)N[C@H]2CCCC[C@@H]2O)nc(-c2ccccc2Cl)n1-c1ccc(Cl)cc1,10.1016/j.bmcl.2007.03.011
46338,Human,7.1,pKi,7.1,Binding,EvaluatedforbindingaffinitytowardshumanCannabinoidreceptor1EvaluatedforbindingaffinitytowardshumanCannabinoidreceptor1,ChEMBL,448,5.6,O=C(NN1CCCCC1)c1cn(-c2ccc(Cl)cc2)c(-c2ccc(Cl)cc2Cl)n1,10.1016/j.bmcl.2003.12.068
18623,Human,8.6,pKi,8.6,Binding,Displacementof[3H]-CP55940fromhumanCB1expressedininsectSf9membranesDisplacementof[3H]-CP55940fromhumanCB1expressedininsectSf9membranes,ChEMBL,409,4.5,COc1cccc2c(C(=O)N3CCN4CCCC[C@H]4C3)cn(CC3CCCCC3)c12,10.1016/j.bmcl.2010.10.061
199160,Human,7.1,pKi,7.1,Binding,Displacementof[3H]-CP55940fromhumanCB1receptorDisplacementof[3H]-CP55940fromhumanCB1receptor,ChEMBL,414,4.4,COc1ccc(C(=O)c2cn(CCN3CCOCC3)c3ccccc23)c2ccccc12,10.1021/acs.jmedchem.6b00516
3348,Human,6.0,pKi,6.0,Binding,Bindingaffinityforcannabinoidreceptor1Bindingaffinityforcannabinoidreceptor1,ChEMBL,539,3,COc1ccc(c(c1)S(=O)(=O)c1ccc(cc1)OC)S(=O)(=O)c1ccc(cc1)[C@@H](NS(=O)(=O)C)C,10.1016/j.bmcl.2004.11.007
116192,Human,9.1,pKi,9.1,Binding,CompoundwasevaluatedforPharmacologicalresponseintheCannabinoidreceptor1CompoundwasevaluatedforPharmacologicalresponseintheCannabinoidreceptor1,ChEMBL,386,6.3,CCCCCCCCCc1cc(O)c2c(c1)OC(C)(C)[C@@H]1CC=C(CO)C[C@@H]21,10.1021/jm960394y
159498,Human,7.4,pKi,7.4,Binding,NoneNone,PDSPKiDatabase,421,4.5,O=S(=O)(c1ccc2c(c1)OC(c1ccccc1)(c1ccccc1)O2)N1CCCCC1,None
184812,Human,7.0,pKi,7.0,Binding,CompoundwasevaluatedforaffinitytowardshumanCannabinoidreceptor1using[3H]-SR-141716AasradioligandCompoundwasevaluatedforaffinitytowardshumanCannabinoidreceptor1using[3H]-SR-141716Aasradioligand,ChEMBL,506,6,CCCCCCCN1C(=O)NC(c2ccc(Br)cc2)(c2ccc(Br)cc2)C1=O,10.1021/jm010896y
186323,Human,5.3,pKi,5.3,Binding,Displacementof[3H]CP-55940fromhumanCB1receptorDisplacementof[3H]CP-55940fromhumanCB1receptor,ChEMBL,513,6,CCOc1ccc(Cc2nc3cc(C(=O)N(CC(F)(F)F)CC(F)(F)F)ccc3n2CC2CC2)cc1,10.1016/j.bmcl.2008.05.073
192545,Human,10.0,pKi,10.0,Binding,NoneNone,PDSPKiDatabase,520,8.5,Cc1c(-c2cn(C(C)(C)c3ccccc3)cn2)nn(-c2ccc(Cl)cc2Cl)c1-c1ccc(Cl)cc1,None
558,Human,7.3,pKi,7.3,Binding,Displacementof[3H]BAY-38-7271fromCB1receptorinhumanbraincortexmembranesafter90minsbyscintillationcountingDisplacementof[3H]BAY-38-7271fromCB1receptorinhumanbraincortexmembranesafter90minsbyscintillationcounting,ChEMBL,453,5.4,N#Cc1c(cccc1C(F)(F)F)Oc1cccc(c1)OS(=O)(=O)CCCC(F)(F)F,10.1016/j.bmcl.2011.07.017
93222,Human,8.3,pKi,8.3,Binding,BindingaffinitytoCB1receptorBindingaffinitytoCB1receptor,ChEMBL,635,4.9,C[C@H](NS(=O)(=O)C(F)(F)F)c1ccc(S(=O)(=O)c2ccc(OC(F)(F)F)cc2S(=O)(=O)c2ccccc2F)cc1,10.1016/j.bmcl.2007.04.028
102278,Human,8.0,pKi,8.0,Binding,Displacementof[3H]CP55940fromhumanCB1receptorincellfreesystemDisplacementof[3H]CP55940fromhumanCB1receptorincellfreesystem,ChEMBL,355,6.5,CCCCCn1c(C)c(C(=O)c2cccc3ccccc23)c2ccccc21,10.1016/j.ejmech.2010.11.034
71782,Human,9.4,pKi,9.4,Binding,BindingaffinitytoCB1receptorBindingaffinitytoCB1receptor,ChEMBL,368,7,CCCCCCC1(c2cc(O)c3c(c2)OC(C)(C)[C@@H]2CC=C(C)C[C@@H]32)CC1,10.1021/jm0610705
51604,Human,8.4,pKi,8.4,Binding,Displacementof[3H]WIN-55212-2fromhumanCB1receptorexpressedinHEK293cellsDisplacementof[3H]WIN-55212-2fromhumanCB1receptorexpressedinHEK293cells,ChEMBL,461,6.9,Cc1c(C(=O)NC2CCCCC2)nn(-c2ccc(Cl)cc2Cl)c1-c1ccc(Cl)cc1,10.1021/jm060446b
161670,Human,8.1,pKi,8.1,Binding,EvaluatedforbindingaffinitytowardshumanCannabinoidreceptor1EvaluatedforbindingaffinitytowardshumanCannabinoidreceptor1,ChEMBL,499,5.7,N#Cc1c(C(=O)NN2CC3CCCC3C2)nc(-c2ccc(Cl)cc2Cl)n1-c1ccc(Cl)cc1,10.1016/j.bmcl.2003.12.068
73533,Human,6.8,pKi,6.8,Binding,Displacementof[3H]CP55940fromhumanrecombinantCB1receptorexpressedinCHOcellsafter2hrsbyliquidscintillationcountingDisplacementof[3H]CP55940fromhumanrecombinantCB1receptorexpressedinCHOcellsafter2hrsbyliquidscintillationcounting,ChEMBL,508,5,C=CC(C)(C)[C@@]12C[C@H]3C(=O)N4[C@@H](C[C@@]5(C(C)(C)C=C)c6ccccc6N[C@@H]45)C(=O)N3[C@@H]1Nc1ccccc12,10.1021/ml200183z
2044,Human,8.0,pKi,8.0,Binding,BindingaffinitytoCB1receptor(unknownorigin)BindingaffinitytoCB1receptor(unknownorigin),ChEMBL,341,6.2,CCCCCn1cc(c2c1cccc2)C(=O)c1cccc2c1cccc2,10.1021/jm4005626
10249,Human,6.5,pKi,6.5,Binding,BindingaffinitytowardsCannabinoidreceptor1usingCP-55940asradioligandinHEK293EBNAcellsBindingaffinitytowardsCannabinoidreceptor1usingCP-55940asradioligandinHEK293EBNAcells,ChEMBL,348,5.2,CC1=CC[C@@H]2[C@@H](C1)c1c(O)cc(C(=O)c3ccccc3)cc1OC2(C)C,10.1016/s0960-894x(03)00729-7
198787,Human,5.6,pKi,5.6,Binding,"Displacementof[3H]CP55,940fromN-terminalHA-taggedhumanCB1receptorexpressedinHEK293cellmembranesafter1hrbymicrobetascintillationcountingmethodDisplacementof[3H]CP55,940fromN-terminalHA-taggedhumanCB1receptorexpressedinHEK293cellmembranesafter1hrbymicrobetascintillationcountingmethod",ChEMBL,400,4.1,O=C(c1cccc2ccccc12)c1cn(CCN2CCOCC2)c2ccc(O)cc12,10.1016/j.ejmech.2017.11.076
95944,Human,8.7,pKi,8.7,Binding,Displacementof[3H]CP-55940fromhumanCB1RexpressedinHEK293cellsDisplacementof[3H]CP-55940fromhumanCB1RexpressedinHEK293cells,ChEMBL,501,6.4,COc1ccc(C2(c3ccc(Cl)cc3Cl)Oc3cc(F)c(C(=O)N4CCCCC4)cc3O2)cc1,10.1021/jm701487t
14917,Human,8.1,pKi,8.1,Binding,CompoundwasevaluatedforitsbindingaffinitytowardsCannabinoidreceptor1[Inactiveform(R)ofCB1receptor]CompoundwasevaluatedforitsbindingaffinitytowardsCannabinoidreceptor1[Inactiveform(R)ofCB1receptor],ChEMBL,375,5.9,CCCCC/C=C\C/C=C\C/C=C\C/C=C\CC[C@@H](C)C(=O)N[C@H](C)CO,10.1021/jm0200761
94056,Human,9.0,pKi,9.0,Binding,Displacementof[3H]CP55940fromhumanCB1receptorincellfreesystemDisplacementof[3H]CP55940fromhumanCB1receptorincellfreesystem,ChEMBL,382,7.3,CC1=CC[C@@H]2[C@@H](C1)c1c(O)cc(C(C)(C)C3CCCCCC3)cc1OC2(C)C,10.1016/j.ejmech.2010.11.034
85179,Human,7.2,pKi,7.2,Binding,AntagonistactivityatCB1receptor(unknownorigin)AntagonistactivityatCB1receptor(unknownorigin),ChEMBL,499,5.4,O=C(NN1CCCCC1)c1nn(-c2ccc(Cl)cc2Cl)c2c1CCCc1cc([N+](=O)[O-])ccc1-2,10.1007/s00044-012-0418-y
99230,Human,7.1,pKi,7.1,Binding,AntagonistactivityatCB1receptor(unknownorigin)AntagonistactivityatCB1receptor(unknownorigin),ChEMBL,506,6,Cc1c(C(=O)NN2CCCCC2)nn(-c2ccc(Cl)cc2Cl)c1-c1ccc(Br)cc1,10.1007/s00044-012-0418-y
137354,Human,12.5,pKi,12.5,Binding,BindingaffinitytoCB1receptorBindingaffinitytoCB1receptor,ChEMBL,488,6.1,O=C(NN1CCCCC1)c1nn(-c2ccc(Cl)cc2Cl)c2c1CCCc1cc(Cl)ccc1-2,10.1021/jm8000778
92932,Human,8.3,pKi,8.3,Binding,BindingaffinitytoCB1receptorBindingaffinitytoCB1receptor,ChEMBL,606,4.6,C[C@H](NS(=O)(=O)C(F)(F)F)c1ccc(S(=O)(=O)c2ccc(NC3CC3)cc2S(=O)(=O)c2ccccc2F)cc1,10.1016/j.bmcl.2007.04.028
190021,Human,7.1,pKi,7.1,Binding,Bindingaffinityagainsthumancannabinoidreceptorbyusingradioligand([3H]CP-55940)assay.Bindingaffinityagainsthumancannabinoidreceptorbyusingradioligand([3H]CP-55940)assay.,ChEMBL,340,6.6,CCCCCCC(C)(C)c1cc(O)c(-c2cc(C)cc(C)c2)c(O)c1,10.1016/0960-894X(95)00573-C
95441,Human,7.3,pKi,7.3,Binding,NoneNone,PDSPKiDatabase,387,3.8,O=C(c1ccc2c(c1)OC(c1ccccc1)(c1ccccc1)O2)N1CCOCC1,None
5877,Human,9.3,pKi,9.3,Binding,BindingaffinitytoCB1receptorBindingaffinitytoCB1receptor,ChEMBL,400,6.2,CCCCCCC1(c2cc(O)c3c(c2)OC(C)(C)[C@@H]2CC=C(C)C[C@@H]32)OCCO1,10.1021/jm0610705
92750,Human,8.6,pKi,8.6,Binding,BindingaffinitytoCB1receptorBindingaffinitytoCB1receptor,ChEMBL,619,5,C[C@H](NS(=O)(=O)C(F)(F)F)c1ccc(S(=O)(=O)c2ccc(C(F)(F)F)cc2S(=O)(=O)c2ccccc2F)cc1,10.1016/j.bmcl.2007.04.028
150621,Human,8.6,pKi,8.6,Binding,BindingaffinitytoCB1receptorBindingaffinitytoCB1receptor,ChEMBL,625,4,COCCOc1ccc(S(=O)(=O)c2ccc([C@H](C)NS(=O)(=O)C(F)(F)F)cc2)c(S(=O)(=O)c2ccccc2F)c1,10.1016/j.bmcl.2007.04.028
61377,Human,6.6,pKi,6.6,Binding,InvitrodisplacementofCP-55940bindingtohumanCB1receptorexpressedinCHOcellsInvitrodisplacementofCP-55940bindingtohumanCB1receptorexpressedinCHOcells,ChEMBL,465,6.6,O=C(NN1CCCCC1)c1nc(-c2ccc(Cl)cc2Cl)c(-c2ccc(Cl)cc2)s1,10.1021/jm040843r
174458,Human,7.0,pKi,7.0,Binding,Abilitytodisplace[3H]-SR-141716AbindingtoCB1receptorexpressedinCHOcellmembraneAbilitytodisplace[3H]-SR-141716AbindingtoCB1receptorexpressedinCHOcellmembrane,ChEMBL,466,3.4,O=C1NC(c2ccc(Br)cc2)(c2ccc(Br)cc2)C(=O)N1CCCO,10.1016/s0960-894x(99)00353-4
92784,Human,7.6,pKi,7.6,Binding,BindingaffinitytoCB1receptorBindingaffinitytoCB1receptor,ChEMBL,551,4,C[C@H](NS(=O)(=O)C(F)(F)F)c1ccc(S(=O)(=O)c2ccccc2S(=O)(=O)c2ccccc2F)cc1,10.1016/j.bmcl.2007.04.028
92786,Human,8.9,pKi,8.9,Binding,BindingaffinitytoCB1receptorBindingaffinitytoCB1receptor,ChEMBL,567,3.7,C[C@H](NS(=O)(=O)C(F)(F)F)c1ccc(S(=O)(=O)c2ccc(O)cc2S(=O)(=O)c2ccccc2F)cc1,10.1016/j.bmcl.2007.04.028
3141,Human,7.3,pKi,7.3,Binding,NoneNone,PDSPKiDatabase,462,5.9,Clc1ccc(cc1)c1c(C)c(nn1c1ccc(cc1Cl)Cl)C(=O)NN1CCCCC1,None
1119,Human,8.3,pKi,8.3,Binding,CompoundwasevaluatedforaffinitytowardshumanCannabinoidreceptor1using[3H]-SR-141716AasradioligandCompoundwasevaluatedforaffinitytowardshumanCannabinoidreceptor1using[3H]-SR-141716Aasradioligand,ChEMBL,376,5.7,CCCCCCC(c1ccc(c(c1)O)[C@@H]1C[C@H](O)CC[C@H]1CCCO)(C)C,10.1021/jm010896y
9179,Human,10.0,pKi,10.0,Binding,BindingaffinitywasdeterminedforCannabinoidreceptor1BindingaffinitywasdeterminedforCannabinoidreceptor1,ChEMBL,382,6.4,CCCCCCC(C)(C)c1cc(O)c2c(c1)OC(C)(C)c1ccc(CO)cc1-2,10.1021/jm0001572
16501,Human,6.3,pKi,6.3,Binding,BindingaffinitywasdeterminedforCannabinoidreceptor1BindingaffinitywasdeterminedforCannabinoidreceptor1,ChEMBL,394,7,CCCCCCC(C)(C)c1ccc2c(c1)OC(C)(C)c1ccc(C(=O)OC)cc1-2,10.1021/jm0001572
2473,Human,8.6,pKi,8.6,Binding,Measuredinaradioliganddisplacementassayusing[<sup>3</sup>H]-CP55940astracerandmembranesfromCB<sub>1</sub>R-expressingCHO-K1cells.Measuredinaradioliganddisplacementassayusing[<sup>3</sup>H]-CP55940astracerandmembranesfromCB<sub>1</sub>R-expressingCHO-K1cells.,GuidetoPharmacology,513,4.9,Clc1ccc(cc1)C1=NN(C[C@@H]1c1ccccc1)/C(=N/S(=O)(=O)c1ccc(cc1)Cl)/N=C(\N)/C,27525312
90477,Human,8.7,pKi,8.7,Binding,BindingaffinitytoCB1receptorBindingaffinitytoCB1receptor,ChEMBL,354,7,C=C(CCCCCC)c1cc(O)c2c(c1)OC(C)(C)[C@@H]1CC=C(C)C[C@@H]21,10.1021/jm0610705
26222,Human,8.8,pKi,8.8,Binding,BindingaffinitytoCB1receptorBindingaffinitytoCB1receptor,ChEMBL,459,7.4,CC1=CC[C@@H]2[C@@H](C1)c1c(O)cc(C(C)(C)CCCCOc3ccc(C#N)cc3)cc1OC2(C)C,10.1021/jm0610705
31169,Human,7.5,pKi,7.5,Binding,EvaluatedforitsbindingaffinitytowardsCannabinoidreceptor1(CB1)EvaluatedforitsbindingaffinitytowardsCannabinoidreceptor1(CB1),ChEMBL,568,5.8,CC1=CC[C@@H]2[C@@H](C1)c1c(O)cc(C(C)(C)CCCCC(=O)NCCc3ccc(S(N)(=O)=O)cc3)cc1OC2(C)C,10.1021/jm9803875
112673,Human,8.7,pKi,8.7,Binding,BindingaffinitywasdeterminedforCannabinoidreceptor1BindingaffinitywasdeterminedforCannabinoidreceptor1,ChEMBL,366,6.7,CCCCCCC(C)(C)c1ccc2c(c1)OC(C)(C)c1ccc(CO)cc1-2,10.1021/jm0001572
40686,Human,6.8,pKi,6.8,Binding,CompoundwasevaluatedforitsbindingaffinityagainstCannabinoidreceptor1inGuineapigileum(GPI)using[3H]CP-55940ligandCompoundwasevaluatedforitsbindingaffinityagainstCannabinoidreceptor1inGuineapigileum(GPI)using[3H]CP-55940ligand,ChEMBL,367,5.5,C1=C(CCN2CCOCC2)c2ccccc2/C1=C\c1cccc2ccccc12,10.1021/jm9801197
16534,Human,6.1,pKi,6.1,Binding,BindingaffinitywasdeterminedforCannabinoidreceptor1BindingaffinitywasdeterminedforCannabinoidreceptor1,ChEMBL,310,6.6,CCCC(C)(C)c1ccc(-c2cc(C)ccc2C(C)C)c(O)c1,10.1021/jm0001572
162683,Human,7.9,pKi,7.9,Binding,BindingaffinitywasdeterminedforCannabinoidreceptor1BindingaffinitywasdeterminedforCannabinoidreceptor1,ChEMBL,410,6.7,CCCCCCC(C)(C)c1cc(O)c2c(c1)OC(C)(C)c1ccc(C(=O)OC)cc1-2,10.1021/jm0001572
8230,Human,8.7,pKi,8.7,Binding,CompoundwastestedforinhibitionofAdenylylcyclaseincannabinoidreceptor1(CB1).CompoundwastestedforinhibitionofAdenylylcyclaseincannabinoidreceptor1(CB1).,ChEMBL,366,7.2,CCCCCCC(C)(C)c1cc(O)c2c(c1)OC(C)(C)c1ccc(C)cc1-2,10.1021/jm0001572
16230,Human,6.2,pKi,6.2,Binding,"CompoundwasevaluatedforitsbindingaffinityagainstCannabinoidreceptor1inGuineapigileum(GPI)using[3H]SR-141,716AligandCompoundwasevaluatedforitsbindingaffinityagainstCannabinoidreceptor1inGuineapigileum(GPI)using[3H]SR-141,716Aligand",ChEMBL,381,5.9,CC1=C(CCN2CCOCC2)c2ccccc2/C1=C/c1cccc2ccccc12,10.1021/jm9801197
69738,Human,5.0,pKi,5.0,Binding,NoneNone,PDSPKiDatabase,284,1.7,CN(C)CCc1c[nH]c2cccc(OP(=O)(O)O)c12,None
116189,Human,7.4,pKi,7.4,Binding,BindingaffinitywasdeterminedforCannabinoidreceptor1BindingaffinitywasdeterminedforCannabinoidreceptor1,ChEMBL,324,6.1,CCCC(C)(C)c1cc(O)c2c(c1)OC(C)(C)c1ccc(C)cc1-2,10.1021/jm0001572
162445,Human,7.7,pKi,7.7,Binding,BindingaffinityatCB1receptorBindingaffinityatCB1receptor,ChEMBL,356,6.2,CCCCCCC(=O)c1cc(O)c2c(c1)OC(C)(C)[C@@H]1CC=C(C)C[C@@H]21,10.1016/j.bmcl.2007.10.044
99085,Human,6.9,pKi,6.9,Binding,AntagonistactivityatCB1receptor(unknownorigin)AntagonistactivityatCB1receptor(unknownorigin),ChEMBL,428,5.3,Cc1c(C(=O)NN2CCCCC2)nn(-c2ccc(Cl)cc2Cl)c1-c1ccccc1,10.1007/s00044-012-0418-y
115866,Human,7.2,pKi,7.2,Binding,EvaluatedforitsbindingaffinitytowardsCannabinoidreceptor1(CB1)EvaluatedforitsbindingaffinitytowardsCannabinoidreceptor1(CB1),ChEMBL,554,5.8,CC1=CC[C@@H]2[C@@H](C1)c1c(O)cc(C(C)(C)CCCCC(=O)NCc3ccc(S(N)(=O)=O)cc3)cc1OC2(C)C,10.1021/jm9803875
41649,Human,5.7,pKi,5.7,Binding,"CompoundwasevaluatedforitsbindingaffinityagainstCannabinoidreceptor1inGuineapigileum(GPI)using[3H]SR-141,716AligandCompoundwasevaluatedforitsbindingaffinityagainstCannabinoidreceptor1inGuineapigileum(GPI)using[3H]SR-141,716Aligand",ChEMBL,381,5.9,CC1=C(CCN2CCOCC2)c2ccccc2/C1=C\c1cccc2ccccc12,10.1021/jm9801197
29343,Human,6.7,pKi,6.7,Binding,EvaluatedforitsbindingaffinitytowardsCannabinoidreceptor1(CB1)EvaluatedforitsbindingaffinitytowardsCannabinoidreceptor1(CB1),ChEMBL,495,8.1,CC1=CC[C@@H]2[C@@H](C1)c1c(O)cc(C(C)(C)CCCCC(=O)Nc3ccc(Cl)cc3)cc1OC2(C)C,10.1021/jm9803875
31116,Human,7.8,pKi,7.8,Binding,EvaluatedforitsbindingaffinitytowardsCannabinoidreceptor1(CB1)EvaluatedforitsbindingaffinitytowardsCannabinoidreceptor1(CB1),ChEMBL,529,8.8,CC1=CC[C@@H]2[C@@H](C1)c1c(O)cc(C(C)(C)CCCCC(=O)Nc3ccc(Cl)cc3Cl)cc1OC2(C)C,10.1021/jm9803875
18461,Human,6.7,pKi,6.7,Binding,BindingaffinitywasdeterminedforCannabinoidreceptor1BindingaffinitywasdeterminedforCannabinoidreceptor1,ChEMBL,324,5.6,CCCC(C)(C)c1ccc2c(c1)OC(C)(C)c1ccc(CO)cc1-2,10.1021/jm0001572
1989,Human,9.5,pKi,9.5,Binding,UnclassifiedUnclassified,GuidetoPharmacology,571,4.6,Clc1ccc(cc1)C1=NN(C[C@@H]1c1ccccc1)/C(=N\[C@H](C(=O)N)C(C)C)/NS(=O)(=O)c1ccc(cc1)Cl,22841573
118664,Human,7.9,pKi,7.9,Binding,EvaluatedforitsbindingaffinitytowardsCannabinoidreceptor1(CB1)EvaluatedforitsbindingaffinitytowardsCannabinoidreceptor1(CB1),ChEMBL,441,6.7,CCN(CC)C(=O)CCCCC(C)(C)c1cc(O)c2c(c1)OC(C)(C)[C@@H]1CC=C(C)C[C@@H]21,10.1021/jm9803875
16542,Human,7.5,pKi,7.5,Binding,BindingaffinitywasdeterminedforCannabinoidreceptor1BindingaffinitywasdeterminedforCannabinoidreceptor1,ChEMBL,352,7.7,CCCCCCC(C)(C)c1ccc(-c2cc(C)ccc2C(C)C)c(O)c1,10.1021/jm0001572
72096,Human,9.4,pKi,9.4,Binding,BindingaffinitytoCB1receptorBindingaffinitytoCB1receptor,ChEMBL,420,6.8,CC1=CC[C@@H]2[C@@H](C1)c1c(O)cc(C(C)(C)CCCCBr)cc1OC2(C)C,10.1021/jm0610705
16461,Human,6.2,pKi,6.2,Binding,BindingaffinitywasdeterminedforCannabinoidreceptor1BindingaffinitywasdeterminedforCannabinoidreceptor1,ChEMBL,380,7.5,CCCCCCC(C)(C)c1cc(OC)c2c(c1)OC(C)(C)c1ccc(C)cc1-2,10.1021/jm0001572
116017,Human,8.0,pKi,8.0,Binding,EvaluatedforitsbindingaffinitytowardsCannabinoidreceptor1(CB1)EvaluatedforitsbindingaffinitytowardsCannabinoidreceptor1(CB1),ChEMBL,457,8.1,CC1=CC[C@@H]2[C@@H](C1)c1c(O)cc(C(C)(C)CCCCC(C#N)c3ccccc3)cc1OC2(C)C,10.1021/jm9803875
7443,Human,7.0,pKi,7.0,Binding,NoneNone,PDSPKiDatabase,393,4.6,S=C(NC1CCCCC1)N1CCN(C(c2ccccc2)c2ccccc2)CC1,None
29472,Human,8.4,pKi,8.4,Binding,BindingaffinitytoCB1receptorBindingaffinitytoCB1receptor,ChEMBL,468,6.4,CC1=CC[C@@H]2[C@@H](C1)c1c(O)cc(C(C)(C)CCCCC(=O)NN3CCCCC3)cc1OC2(C)C,10.1021/jm0610705
114487,Human,7.7,pKi,7.7,Binding,"Inhibitionof[3H]SR-141,716AbindingtohumanCB1receptorexpressedinCHOcellsInhibitionof[3H]SR-141,716AbindingtohumanCB1receptorexpressedinCHOcells",ChEMBL,386,6.2,CCCCCCC(C)(C)c1cc(O)c2c(c1)OC(C)(C)[C@H]1CC=C(CO)C[C@H]21,10.1021/jm049263k
123074,Human,7.2,pKi,7.2,Binding,AntagonistactivityatCB1receptor(unknownorigin)AntagonistactivityatCB1receptor(unknownorigin),ChEMBL,428,5.3,Cc1c(C(=O)NN2CCCCC2)nn(-c2ccc(Cl)cc2)c1-c1ccc(Cl)cc1,10.1007/s00044-012-0418-y
16527,Human,5.8,pKi,5.8,Binding,BindingaffinitywasdeterminedforCannabinoidreceptor1BindingaffinitywasdeterminedforCannabinoidreceptor1,ChEMBL,452,7.8,CCCCCCC(C)(C)c1cc(OC)c2c(c1)OC(C)(C)c1ccc(C(=O)OCCC)cc1-2,10.1021/jm0001572
99131,Human,6.0,pKi,6.0,Binding,AntagonistactivityatCB1receptor(unknownorigin)AntagonistactivityatCB1receptor(unknownorigin),ChEMBL,467,4.6,Cc1c(C(=O)NCCO)nn(-c2ccc(Cl)cc2Cl)c1-c1ccc(Br)cc1,10.1007/s00044-012-0418-y
123315,Human,4.3,pKi,4.3,Binding,Displacementof[3H]-CP55940fromCB1receptor(unknownorigin)Displacementof[3H]-CP55940fromCB1receptor(unknownorigin),ChEMBL,442,2.5,O=C(O[C@@H]1Cc2c(O)cc(O)cc2O[C@@H]1c1ccc(O)c(O)c1)c1cc(O)c(O)c(O)c1,10.1021/acs.jnatprod.8b00874
15179,Human,6.4,pKi,6.4,Binding,BindingaffinitywasdeterminedforCannabinoidreceptor1BindingaffinitywasdeterminedforCannabinoidreceptor1,ChEMBL,350,7.5,CCCCCCC(C)(C)c1ccc2c(c1)OC(C)(C)c1ccc(C)cc1-2,10.1021/jm0001572
167478,Human,6.7,pKi,6.7,Binding,Displacementof[3H]CP-55940fromhumanrecombinantCB1receptorexpressedinHEK293cellsDisplacementof[3H]CP-55940fromhumanrecombinantCB1receptorexpressedinHEK293cells,ChEMBL,409,7.2,CCCCC/C=C\C/C=C\C/C=C\C/C=C\CCCC(=O)NCc1ccc(O)cc1,10.1021/jm800807k
119245,Human,7.1,pKi,7.1,Binding,AntagonistactivityatCB1receptor(unknownorigin)AntagonistactivityatCB1receptor(unknownorigin),ChEMBL,443,4.9,Cc1c(C(=O)NN2CCCCC2)nn(-c2ccc(Cl)cc2Cl)c1-c1ccc(N)cc1,10.1007/s00044-012-0418-y
29662,Human,9.7,pKi,9.7,Binding,BindingaffinitytoCB1receptorBindingaffinitytoCB1receptor,ChEMBL,381,6.8,CC1=CC[C@@H]2[C@@H](C1)c1c(O)cc(C(C)(C)CCCCCC#N)cc1OC2(C)C,10.1021/jm0610705
196642,Human,5.4,pKi,5.4,Binding,Bindingaffinityofcompoundagainsthumancannabinoidreceptor1inchinesehamsterovarycellsbyusingradioligandCP-55940Bindingaffinityofcompoundagainsthumancannabinoidreceptor1inchinesehamsterovarycellsbyusingradioligandCP-55940,ChEMBL,447,3.4,COc1ccccc1Cn1ccc2c(c1=O)c1cccc(OC)c1n2CCN1CCOCC1,10.1021/jm020329q
197189,Human,6.8,pKi,6.8,Binding,Bindingaffinityofcompoundagainsthumancannabinoidreceptor1inchinesehamsterovarycellsbyusingradioligandCP-55940Bindingaffinityofcompoundagainsthumancannabinoidreceptor1inchinesehamsterovarycellsbyusingradioligandCP-55940,ChEMBL,471,3.3,COc1cccc2c(C(=O)NC(c3ccccc3)c3ccccn3)nn(CCN3CCOCC3)c12,10.1021/jm020329q
109328,Human,7.6,pKi,7.6,Binding,BindingaffinitytoCB1receptor(unknownorigin)BindingaffinitytoCB1receptor(unknownorigin),ChEMBL,440,3.3,COc1cccc2c(C(=O)N[C@@H]3C(C)(C)[C@@H]4CC[C@@]3(C)C4)nn(CCN3CCOCC3)c12,10.1021/jm4005626
6565,Human,8.7,pKi,8.7,Binding,BindingaffinitytoCB1receptorBindingaffinitytoCB1receptor,ChEMBL,446,8,CCCCCCC1(c2cc(O)c3c(c2)OC(C)(C)[C@@H]2CC=C(C)C[C@@H]32)SCCCS1,10.1021/jm0610705
108788,Human,7.2,pKi,7.2,Binding,BindingaffinitytoCB1receptorBindingaffinitytoCB1receptor,ChEMBL,480,9,CCCCCCC1(c2cc(O)c3c(c2)OC(C)(C)[C@@H]2CC=C(C)C[C@@H]32)Sc2ccccc2S1,10.1021/jm0610705
201008,Human,6.4,pKi,6.4,Binding,AntagonistactivityatCB1receptor(unknownorigin)AntagonistactivityatCB1receptor(unknownorigin),ChEMBL,394,4.4,Cc1c(C(=O)NN)nn(-c2ccc(Cl)cc2Cl)c1-c1ccc(Cl)cc1,10.1007/s00044-012-0418-y
7435,Human,9.4,pKi,9.4,Binding,BindingaffinitytoCB1receptorBindingaffinitytoCB1receptor,ChEMBL,396,7.8,CCCCCCC1(c2cc(O)c3c(c2)OC(C)(C)[C@@H]2CC=C(C)C[C@@H]32)CCCC1,10.1021/jm0610705
53990,Human,8.1,pKi,8.1,Binding,Displacementof[3H]CP-559440fromhumanCB1receptorexpressedinHEK293cellsDisplacementof[3H]CP-559440fromhumanCB1receptorexpressedinHEK293cells,ChEMBL,448,5.6,O=C(NN1CCCCC1)c1cc(-c2ccc(Cl)cc2)n(-c2ccc(Cl)cc2Cl)n1,10.1016/j.bmcl.2007.03.011
109823,Human,7.5,pKi,7.5,Binding,BindingaffinitytoCB1receptorBindingaffinitytoCB1receptor,ChEMBL,460,8.4,CCCCCCC1(c2cc(O)c3c(c2)OC(C)(C)[C@@H]2CC=C(C)C[C@@H]32)SC(C)C(C)S1,10.1021/jm0610705
1779,Human,5.7,pKi,5.7,Binding,BindingaffinitytoCB1receptorBindingaffinitytoCB1receptor,ChEMBL,446,4.8,COc1ccc2c(c1)c(CCN1CCOCC1)c(n2C(=O)c1cccc(c1Cl)Cl)C,10.1021/jm801044g
108800,Human,5.8,pKi,5.8,Binding,"Displacementof[3H]CP55,940fromhumanrecombinantCB1receptorexpressedinCHO-K1cellsDisplacementof[3H]CP55,940fromhumanrecombinantCB1receptorexpressedinCHO-K1cells",ChEMBL,350,4.5,O=C1/C(=C/c2cccc(Oc3ccccc3)c2)N=C2SCCCCN12,10.1039/C3MD00394A
89798,Human,9.0,pKi,9.0,Binding,"Displacementof[3H]-CP-55,940fromhumanCB1receptorexpressedinCHOcellmembranesDisplacementof[3H]-CP-55,940fromhumanCB1receptorexpressedinCHOcellmembranes",ChEMBL,394,5,CCCCn1c2c(cc(C(=O)NC(C)(C)c3ccccc3)c1=O)CCCCCC2,10.1016/j.bmc.2013.03.030
130452,Human,7.3,pKi,7.3,Binding,InvitrodisplacementofCP-55940bindingtohumanCB1receptorexpressedinCHOcellsInvitrodisplacementofCP-55940bindingtohumanCB1receptorexpressedinCHOcells,ChEMBL,463,5.3,Cc1c(C(=O)NN2CCCCC2)nc(-c2ccc(Cl)cc2Cl)n1-c1ccc(Cl)cn1,10.1021/jm040843r
67057,Human,6.2,pKi,6.2,Binding,"Inhibitionof[3H]SR-141,716AbindingtohumanCB1receptorexpressedinCHOcellsInhibitionof[3H]SR-141,716AbindingtohumanCB1receptorexpressedinCHOcells",ChEMBL,560,4,C=CCN1C(=O)C(c2ccc(I)cc2)(c2ccc(I)cc2)NC1=S,10.1021/jm049263k
165553,Human,7.6,pKi,7.6,Binding,InvitrodisplacementofCP-55940bindingtohumanCB1receptorexpressedinCHOcellsInvitrodisplacementofCP-55940bindingtohumanCB1receptorexpressedinCHOcells,ChEMBL,526,6.4,O=C(NN1CCCCC1)c1nc(-c2ccc(Cl)cc2Cl)n(-c2ccc(Cl)cc2)c1Br,10.1021/jm040843r
70559,Human,6.1,pKi,6.1,Binding,"Inhibitionof[3H]SR-141,716AbindingtohumanCB1receptorexpressedinCHOcellsInhibitionof[3H]SR-141,716AbindingtohumanCB1receptorexpressedinCHOcells",ChEMBL,576,4.7,CCCCN1C(=O)C(c2ccc(I)cc2)(c2ccc(I)cc2)NC1=S,10.1021/jm049263k
51669,Human,7.6,pKi,7.6,Binding,Displacementof[3H]CP-55940fromhumancannabinoidCB1receptorexpressedinCHOcellsDisplacementof[3H]CP-55940fromhumancannabinoidCB1receptorexpressedinCHOcells,ChEMBL,486,4.8,CN/C(=N\S(=O)(=O)c1ccc(Cl)cc1)N1CC(c2ccccc2)C(c2ccc(Cl)cc2)=N1,10.1016/j.bmcl.2010.01.049
48759,Human,7.5,pKi,7.5,Binding,DisplacementofCP-55940bindingfromrecombinanthumancannabinoidreceptor1expressedinCHOcellsDisplacementofCP-55940bindingfromrecombinanthumancannabinoidreceptor1expressedinCHOcells,ChEMBL,520,5.1,C/N=C(\NS(=O)(=O)c1ccc(C(F)(F)F)cc1)N1C[C@H](c2ccccc2)C(c2ccc(Cl)cc2)=N1,10.1021/jm031019q
51727,Human,6.6,pKi,6.6,Binding,DisplacementofCP-55940bindingfromrecombinanthumancannabinoidreceptor1expressedinCHOcellsDisplacementofCP-55940bindingfromrecombinanthumancannabinoidreceptor1expressedinCHOcells,ChEMBL,520,5.4,C/N=C(\NS(=O)(=O)c1ccc(Cl)cc1)N1CC(c2ccc(Cl)cc2)C(c2ccc(Cl)cc2)=N1,10.1021/jm031019q
108807,Human,5.3,pKi,5.3,Binding,"Displacementof[3H]CP55,940fromhumanrecombinantCB1receptorexpressedinCHO-K1cellsDisplacementof[3H]CP55,940fromhumanrecombinantCB1receptorexpressedinCHO-K1cells",ChEMBL,360,2.7,CCOC(=O)COc1cccc(/C=C2\N=C3SCCCCN3C2=O)c1,10.1039/C3MD00394A
134744,Human,7.1,pKi,7.1,Binding,BindingaffinitytoCB1receptorBindingaffinitytoCB1receptor,ChEMBL,392,6.6,CC1=CC[C@@H]2[C@@H](C1)c1c(O)cc(CC3C4CC5CC(C4)CC3C5)cc1OC2(C)C,10.1016/j.bmc.2008.11.059
131016,Human,6.1,pKi,6.1,Binding,InvitrodisplacementofCP-55940bindingtohumanCB1receptorexpressedinCHOcellsInvitrodisplacementofCP-55940bindingtohumanCB1receptorexpressedinCHOcells,ChEMBL,435,6.3,CCN(CC)C(=O)c1nc(-c2ccc(Cl)cc2Cl)n(-c2ccc(Cl)cc2)c1C,10.1021/jm040843r
183264,Human,8.8,pKi,8.8,Binding,NoneNone,PDSPKiDatabase,455,5.2,O=C1c2nn(-c3ccccc3Cl)c(-c3ccc(Cl)cc3)c2OCCN1CC(F)(F)F,None
130671,Human,7.5,pKi,7.5,Binding,Displacementof[3H]CP-55940fromhumanCB1receptorexpressedinCHOcellsDisplacementof[3H]CP-55940fromhumanCB1receptorexpressedinCHOcells,ChEMBL,473,5.5,N#Cc1c(C(=O)NN2CCCCC2)nc(-c2ccc(Cl)cc2Cl)n1-c1ccc(Cl)cc1,10.1016/j.bmcl.2010.03.068
18624,Human,8.8,pKi,8.8,Binding,Displacementof[3H]-CP55940fromhumanCB1expressedininsectSf9membranesDisplacementof[3H]-CP55940fromhumanCB1expressedininsectSf9membranes,ChEMBL,407,4.5,O=C(c1cn2c3c(cccc13)OC[C@H]2C1CCCCC1)N1CCN2CCCC[C@H]2C1,10.1016/j.bmcl.2010.10.061
165253,Human,9.0,pKi,9.0,Binding,Displacementof[3H]SR-141716fromhumanCB1receptortransfectedinHEK293cellsDisplacementof[3H]SR-141716fromhumanCB1receptortransfectedinHEK293cells,ChEMBL,466,5.7,CCc1nc2c(-c3ccc(Cl)cc3)n(-c3ccccc3Cl)nc2c(=O)n1CC(F)(F)F,10.1016/j.bmcl.2005.10.019
49800,Human,6.5,pKi,6.5,Binding,DisplacementofCP-55940bindingfromrecombinanthumancannabinoidreceptor1expressedinCHOcellsDisplacementofCP-55940bindingfromrecombinanthumancannabinoidreceptor1expressedinCHOcells,ChEMBL,520,5.1,C/N=C(\NS(=O)(=O)c1ccc(C(F)(F)F)cc1)N1C[C@@H](c2ccccc2)C(c2ccc(Cl)cc2)=N1,10.1021/jm031019q
59938,Human,7.0,pKi,7.0,Binding,InvitrodisplacementofCP-55940bindingtohumanCB1receptorexpressedinCHOcellsInvitrodisplacementofCP-55940bindingtohumanCB1receptorexpressedinCHOcells,ChEMBL,458,5.3,COc1ccc(-n2c(-c3ccc(Cl)cc3Cl)nc(C(=O)NN3CCCCC3)c2C)cc1,10.1021/jm040843r
52065,Human,6.7,pKi,6.7,Binding,DisplacementofCP-55940bindingfromrecombinanthumancannabinoidreceptor1expressedinCHOcellsDisplacementofCP-55940bindingfromrecombinanthumancannabinoidreceptor1expressedinCHOcells,ChEMBL,470,4.2,C/N=C(\NS(=O)(=O)c1ccc(Cl)cc1)N1CC(c2ccccc2)C(c2ccc(F)cc2)=N1,10.1021/jm031019q
67024,Human,5.7,pKi,5.7,Binding,"Inhibitionof[3H]SR-141,716AbindingtohumanCB1receptorexpressedinCHOcellsInhibitionof[3H]SR-141,716AbindingtohumanCB1receptorexpressedinCHOcells",ChEMBL,426,5.2,O=C1N(Cc2ccccc2)C(=S)NC1(c1ccc(Cl)cc1)c1ccc(Cl)cc1,10.1021/jm049263k
121790,Human,6.5,pKi,6.5,Binding,InvitrodisplacementofCP-55940bindingtohumanCB1receptorexpressedinCHOcellsInvitrodisplacementofCP-55940bindingtohumanCB1receptorexpressedinCHOcells,ChEMBL,451,6.3,Cc1c(C(=O)NOC(C)(C)C)nc(-c2ccc(Cl)cc2Cl)n1-c1ccc(Cl)cc1,10.1021/jm040843r
51663,Human,6.8,pKi,6.8,Binding,DisplacementofCP-55940bindingfromrecombinanthumancannabinoidreceptor1expressedinCHOcellsDisplacementofCP-55940bindingfromrecombinanthumancannabinoidreceptor1expressedinCHOcells,ChEMBL,452,4.1,C/N=C(\NS(=O)(=O)c1ccccc1)N1CC(c2ccccc2)C(c2ccc(Cl)cc2)=N1,10.1021/jm031019q
51833,Human,6.7,pKi,6.7,Binding,DisplacementofCP-55940bindingfromrecombinanthumancannabinoidreceptor1expressedinCHOcellsDisplacementofCP-55940bindingfromrecombinanthumancannabinoidreceptor1expressedinCHOcells,ChEMBL,452,4.4,Cc1ccc(S(=O)(=O)NC(=N)N2CC(c3ccccc3)C(c3ccc(Cl)cc3)=N2)cc1,10.1021/jm031019q
53758,Human,7.8,pKi,7.8,Binding,DisplacementofCP-55940bindingfromrecombinanthumancannabinoidreceptor1expressedinCHOcellsDisplacementofCP-55940bindingfromrecombinanthumancannabinoidreceptor1expressedinCHOcells,ChEMBL,472,4.7,N=C(NS(=O)(=O)c1ccc(Cl)cc1)N1CC(c2ccccc2)C(c2ccc(Cl)cc2)=N1,10.1021/jm031019q
3540,Human,9.5,pKi,9.5,Binding,Displacementof[3H]rimonabantfromhumanCB1receptorexpressedinHEK293cellsbyliquidscintillationcounting.Displacementof[3H]rimonabantfromhumanCB1receptorexpressedinHEK293cellsbyliquidscintillationcounting.,GuidetoPharmacology,515,6.3,N#Cc1cccc(c1)[C@@H]([C@@H](NC(=O)C(Oc1ccc(cn1)C(F)(F)F)(C)C)C)Cc1ccc(cc1)Cl,19520572
64148,Human,6.6,pKi,6.6,Binding,Bindingaffinityforcannabinoidreceptor1Bindingaffinityforcannabinoidreceptor1,ChEMBL,557,4.1,COc1ccc(S(=O)(=O)c2cc(OC)ccc2S(=O)(=O)c2ccc([C@H](C)NC(=O)C(F)(F)F)cc2)cc1,10.1016/j.bmcl.2004.11.007
118971,Human,6.5,pKi,6.5,Binding,DisplacementofCP-55940bindingfromrecombinanthumancannabinoidreceptor1expressedinCHOcellsDisplacementofCP-55940bindingfromrecombinanthumancannabinoidreceptor1expressedinCHOcells,ChEMBL,470,4.2,C/N=C(\NS(=O)(=O)c1ccc(F)cc1)N1CC(c2ccccc2)C(c2ccc(Cl)cc2)=N1,10.1021/jm031019q
124267,Human,5.9,pKi,5.9,Binding,"Inhibitionof[3H]SR-141,716AbindingtohumanCB1receptorexpressedinCHOcellsInhibitionof[3H]SR-141,716AbindingtohumanCB1receptorexpressedinCHOcells",ChEMBL,480,5,CCCCN1C(=O)C(c2ccc(Br)cc2)(c2ccc(Br)cc2)NC1=S,10.1021/jm049263k
51371,Human,7.9,pKi,7.9,Binding,DisplacementofCP-55940bindingfromrecombinanthumancannabinoidreceptor1expressedinCHOcellsDisplacementofCP-55940bindingfromrecombinanthumancannabinoidreceptor1expressedinCHOcells,ChEMBL,486,4.8,C/N=C(\NS(=O)(=O)c1cccc(Cl)c1)N1CC(c2ccccc2)C(c2ccc(Cl)cc2)=N1,10.1021/jm031019q
182726,Human,7.5,pKi,7.5,Binding,BindingaffinitytoCB1receptorBindingaffinitytoCB1receptor,ChEMBL,392,6.8,CC1=CC[C@@H]2[C@@H](C1)c1c(O)cc(CC34CC5CC(CC(C5)C3)C4)cc1OC2(C)C,10.1016/j.bmc.2008.11.059
74862,Human,9.5,pKi,9.5,Binding,Displacementof[3H]SR-141716fromhumanCB1receptortransfectedinHEK293cellsDisplacementof[3H]SR-141716fromhumanCB1receptortransfectedinHEK293cells,ChEMBL,438,5.1,O=c1c2nn(-c3ccccc3Cl)c(-c3ccc(Cl)cc3)c2ncn1CC(F)(F)F,10.1016/j.bmcl.2005.10.019
97853,Human,8.4,pKi,8.4,Binding,NoneNone,PDSPKiDatabase,447,6.6,O=C(NC1CCCCC1)c1cn(-c2ccc(Cl)cc2)c(-c2ccc(Cl)cc2Cl)n1,None
62486,Human,6.8,pKi,6.8,Binding,InvitrodisplacementofCP-55940bindingtohumanCB1receptorexpressedinCHOcellsInvitrodisplacementofCP-55940bindingtohumanCB1receptorexpressedinCHOcells,ChEMBL,537,7.8,Cc1c(C(=O)NCc2ccc(C(F)(F)F)cc2)nc(-c2ccc(Cl)cc2Cl)n1-c1ccc(Cl)cc1,10.1021/jm040843r
154612,Human,6.0,pKi,6.0,Binding,Displacementof[3H]CP-55940fromhumanclonedCB1receptorDisplacementof[3H]CP-55940fromhumanclonedCB1receptor,ChEMBL,436,3.6,O=C(NCc1ccccc1)c1ccc(Br)c(S(=O)(=O)N2CCCCC2)c1,10.1016/j.bmcl.2008.04.006
59744,Human,7.5,pKi,7.5,Binding,InvitrodisplacementofCP-55940bindingtohumanCB1receptorexpressedinCHOcellsInvitrodisplacementofCP-55940bindingtohumanCB1receptorexpressedinCHOcells,ChEMBL,496,6.3,Cc1c(C(=O)NN2CCCCC2)nc(-c2ccc(Cl)cc2Cl)n1-c1ccc(C(F)(F)F)cc1,10.1021/jm040843r
13701,Human,6.4,pKi,6.4,Binding,InvitrodisplacementofCP-55940bindingtohumanCB1receptorexpressedinCHOcellsInvitrodisplacementofCP-55940bindingtohumanCB1receptorexpressedinCHOcells,ChEMBL,449,5,O=C(NN1CCCCC1)c1nc(-c2ccc(Cl)cc2)n(-c2ccc(Cl)cc2Cl)n1,10.1021/jm040843r
87478,Human,8.8,pKi,8.8,Binding,Displacementof[3H]CP-55940fromclonedhumanCB1receptorDisplacementof[3H]CP-55940fromclonedhumanCB1receptor,ChEMBL,326,6.3,CCCCCCC(C)(C)c1ccc(-c2ccccc2OC)c(O)c1,10.1016/j.bmcl.2007.04.059
62321,Human,7.0,pKi,7.0,Binding,InvitrodisplacementofCP-55940bindingtohumanCB1receptorexpressedinCHOcellsInvitrodisplacementofCP-55940bindingtohumanCB1receptorexpressedinCHOcells,ChEMBL,436,6.8,Cc1c(C(=O)OC(C)(C)C)nc(-c2ccc(Cl)cc2Cl)n1-c1ccc(Cl)cc1,10.1021/jm040843r
139997,Human,8.1,pKi,8.1,Binding,Displacementof[3H]SR-141716fromhumanCB1receptortransfectedinHEK293cellsDisplacementof[3H]SR-141716fromhumanCB1receptortransfectedinHEK293cells,ChEMBL,438,5.1,O=c1c2nn(-c3ccccc3Cl)c(-c3ccc(Cl)cc3)c2cnn1CC(F)(F)F,10.1016/j.bmcl.2005.10.019
130572,Human,7.5,pKi,7.5,Binding,NoneNone,PDSPKiDatabase,462,5.9,Cc1c(C(=O)NN2CCCCC2)nc(-c2ccc(Cl)cc2Cl)n1-c1ccc(Cl)cc1,None
61928,Human,7.4,pKi,7.4,Binding,InvitrodisplacementofCP-55940bindingtohumanCB1receptorexpressedinCHOcellsInvitrodisplacementofCP-55940bindingtohumanCB1receptorexpressedinCHOcells,ChEMBL,480,6.1,O=C(NN1CCCCC1)c1nc(-c2ccc(Cl)cc2Cl)n(-c2ccc(Cl)cc2)c1CF,10.1021/jm040843r
50888,Human,7.6,pKi,7.6,Binding,DisplacementofCP-55940bindingfromrecombinanthumancannabinoidreceptor1expressedinCHOcellsDisplacementofCP-55940bindingfromrecombinanthumancannabinoidreceptor1expressedinCHOcells,ChEMBL,482,4.1,CN/C(=N\S(=O)(=O)c1ccc(OC)cc1)N1CC(c2ccccc2)C(c2ccc(Cl)cc2)=N1,10.1021/jm031019q
119091,Human,7.1,pKi,7.1,Binding,DisplacementofCP-55940bindingfromrecombinanthumancannabinoidreceptor1expressedinCHOcellsDisplacementofCP-55940bindingfromrecombinanthumancannabinoidreceptor1expressedinCHOcells,ChEMBL,486,4.8,C/N=C(\NS(=O)(=O)c1ccccc1Cl)N1CC(c2ccccc2)C(c2ccc(Cl)cc2)=N1,10.1021/jm031019q
51670,Human,6.2,pKi,6.2,Binding,DisplacementofCP-55940bindingfromrecombinanthumancannabinoidreceptor1expressedinCHOcellsDisplacementofCP-55940bindingfromrecombinanthumancannabinoidreceptor1expressedinCHOcells,ChEMBL,504,4.9,C/N=C(\NS(=O)(=O)c1ccc(Cl)cc1)N1CC(c2ccc(F)cc2)C(c2ccc(Cl)cc2)=N1,10.1021/jm031019q
13709,Human,6.5,pKi,6.5,Binding,InvitrodisplacementofCP-55940bindingtohumanCB1receptorexpressedinCHOcellsInvitrodisplacementofCP-55940bindingtohumanCB1receptorexpressedinCHOcells,ChEMBL,449,5,O=C(NN1CCCCC1)c1nc(-c2ccc(Cl)cc2Cl)n(-c2ccc(Cl)cc2)n1,10.1021/jm040843r
59937,Human,7.3,pKi,7.3,Binding,InvitrodisplacementofCP-55940bindingtohumanCB1receptorexpressedinCHOcellsInvitrodisplacementofCP-55940bindingtohumanCB1receptorexpressedinCHOcells,ChEMBL,446,5.4,Cc1c(C(=O)NN2CCCCC2)nc(-c2ccc(Cl)cc2Cl)n1-c1ccc(F)cc1,10.1021/jm040843r
60091,Human,7.5,pKi,7.5,Binding,InvitrodisplacementofCP-55940bindingtohumanCB1receptorexpressedinCHOcellsInvitrodisplacementofCP-55940bindingtohumanCB1receptorexpressedinCHOcells,ChEMBL,475,7.3,Cc1c(C(=O)NC2CCCCCC2)nc(-c2ccc(Cl)cc2Cl)n1-c1ccc(Cl)cc1,10.1021/jm040843r
49099,Human,7.6,pKi,7.6,Binding,DisplacementofCP-55940bindingfromrecombinanthumancannabinoidreceptor1expressedinCHOcellsDisplacementofCP-55940bindingfromrecombinanthumancannabinoidreceptor1expressedinCHOcells,ChEMBL,480,5,Cc1cc(C)c(S(=O)(=O)NC(=N)N2CC(c3ccccc3)C(c3ccc(Cl)cc3)=N2)c(C)c1,10.1021/jm031019q
2894,Human,9.0,pKi,9.0,Binding,Displacementof[3H]SR141716AformhumanCB1receptorexpressedinHEK293cellsafter60minsbybetacountingDisplacementof[3H]SR141716AformhumanCB1receptorexpressedinHEK293cellsafter60minsbybetacounting,ChEMBL,451,5.3,Clc1c(cccc1)n1nc2C(=O)N(CCOc2c1c1ccc(cc1)Cl)CC(C)(F)F,10.1021/ml3000325
133245,Human,5.4,pKi,5.4,Binding,"Inhibitionof[3H]SR-141,716AbindingtohumanCB1receptorexpressedinCHOcellsInhibitionof[3H]SR-141,716AbindingtohumanCB1receptorexpressedinCHOcells",ChEMBL,466,4.6,CC(C)N1C(=O)C(c2ccc(Br)cc2)(c2ccc(Br)cc2)NC1=S,10.1021/jm049263k
118762,Human,6.7,pKi,6.7,Binding,DisplacementofCP-55940bindingfromrecombinanthumancannabinoidreceptor1expressedinCHOcellsDisplacementofCP-55940bindingfromrecombinanthumancannabinoidreceptor1expressedinCHOcells,ChEMBL,520,5.1,C/N=C(\NS(=O)(=O)c1ccc(C(F)(F)F)cc1)N1CC(c2ccccc2)C(c2ccc(Cl)cc2)=N1,10.1021/jm031019q
108802,Human,6.6,pKi,6.6,Binding,"Displacementof[3H]CP55,940fromhumanrecombinantCB1receptorexpressedinCHO-K1cellsDisplacementof[3H]CP55,940fromhumanrecombinantCB1receptorexpressedinCHO-K1cells",ChEMBL,398,5,O=C1/C(=C/c2cccc(OCc3ccc(Cl)cc3)c2)N=C2SCCCCN12,10.1039/C3MD00394A
141895,Human,7.8,pKi,7.8,Binding,BindingaffinitytoCB1receptorBindingaffinitytoCB1receptor,ChEMBL,474,5.7,O=C(NN1CCCCC1)c1nn(-c2ccc(Cl)cc2Cl)c2c1CCc1cc(Cl)ccc1-2,10.1021/jm8000778
70544,Human,5.7,pKi,5.7,Binding,"Inhibitionof[3H]SR-141,716AbindingtohumanCB1receptorexpressedinCHOcellsInhibitionof[3H]SR-141,716AbindingtohumanCB1receptorexpressedinCHOcells",ChEMBL,392,4.6,CC(C)CN1C(=O)C(c2ccc(Cl)cc2)(c2ccc(Cl)cc2)NC1=S,10.1021/jm049263k
68601,Human,6.0,pKi,6.0,Binding,"Inhibitionof[3H]SR-141,716AbindingtohumanCB1receptorexpressedinCHOcellsInhibitionof[3H]SR-141,716AbindingtohumanCB1receptorexpressedinCHOcells",ChEMBL,514,5.4,O=C1N(Cc2ccccc2)C(=S)NC1(c1ccc(Br)cc1)c1ccc(Br)cc1,10.1021/jm049263k
118922,Human,6.1,pKi,6.1,Binding,DisplacementofCP-55940bindingfromrecombinanthumancannabinoidreceptor1expressedinCHOcellsDisplacementofCP-55940bindingfromrecombinanthumancannabinoidreceptor1expressedinCHOcells,ChEMBL,486,4.8,C/N=C(\NS(=O)(=O)c1ccc(Cl)cc1)N1C[C@@H](c2ccccc2)C(c2ccc(Cl)cc2)=N1,10.1021/jm031019q
72846,Human,9.2,pKi,9.2,Binding,Displacementof[3H]SR-141716fromhumanCB1receptortransfectedinHEK293cellsDisplacementof[3H]SR-141716fromhumanCB1receptortransfectedinHEK293cells,ChEMBL,452,5.4,Cc1nc2c(-c3ccc(Cl)cc3)n(-c3ccccc3Cl)nc2c(=O)n1CC(F)(F)F,10.1016/j.bmcl.2005.10.019
167848,Human,7.6,pKi,7.6,Binding,InvitrodisplacementofCP-55940bindingtohumanCB1receptorexpressedinCHOcellsInvitrodisplacementofCP-55940bindingtohumanCB1receptorexpressedinCHOcells,ChEMBL,482,6.3,O=C(NN1CCCCC1)c1nc(-c2ccc(Cl)cc2Cl)n(-c2ccc(Cl)cc2)c1Cl,10.1021/jm040843r
59926,Human,7.2,pKi,7.2,Binding,InvitrodisplacementofCP-55940bindingtohumanCB1receptorexpressedinCHOcellsInvitrodisplacementofCP-55940bindingtohumanCB1receptorexpressedinCHOcells,ChEMBL,506,6,Cc1c(C(=O)NN2CCCCC2)nc(-c2ccc(Cl)cc2Cl)n1-c1ccc(Br)cc1,10.1021/jm040843r
183263,Human,8.3,pKi,8.3,Binding,NoneNone,PDSPKiDatabase,415,5.1,CC(C)N1CCOc2c(nn(-c3ccccc3Cl)c2-c2ccc(Cl)cc2)C1=O,None
59954,Human,7.2,pKi,7.2,Binding,InvitrodisplacementofCP-55940bindingtohumanCB1receptorexpressedinCHOcellsInvitrodisplacementofCP-55940bindingtohumanCB1receptorexpressedinCHOcells,ChEMBL,476,6.3,Cc1c(C(=O)NN2CCCCCC2)nc(-c2ccc(Cl)cc2Cl)n1-c1ccc(Cl)cc1,10.1021/jm040843r
59925,Human,7.5,pKi,7.5,Binding,InvitrodisplacementofCP-55940bindingtohumanCB1receptorexpressedinCHOcellsInvitrodisplacementofCP-55940bindingtohumanCB1receptorexpressedinCHOcells,ChEMBL,495,7,Cc1c(C(=O)N2CCc3ccccc3C2)nc(-c2ccc(Cl)cc2Cl)n1-c1ccc(Cl)cc1,10.1021/jm040843r
165376,Human,5.7,pKi,5.7,Binding,"Inhibitionof[3H]SR-141,716AbindingtohumanCB1receptorexpressedinCHOcellsInhibitionof[3H]SR-141,716AbindingtohumanCB1receptorexpressedinCHOcells",ChEMBL,560,4.5,CCCCN1C(=O)NC(c2ccc(I)cc2)(c2ccc(I)cc2)C1=O,10.1021/jm049263k
119217,Human,6.9,pKi,6.9,Binding,DisplacementofCP-55940bindingfromrecombinanthumancannabinoidreceptor1expressedinCHOcellsDisplacementofCP-55940bindingfromrecombinanthumancannabinoidreceptor1expressedinCHOcells,ChEMBL,466,4.4,C/N=C(\NS(=O)(=O)c1ccc(C)cc1)N1CC(c2ccccc2)C(c2ccc(Cl)cc2)=N1,10.1021/jm031019q
188029,Human,5.9,pKi,5.9,Binding,Displacementof[3H]CP-55940fromhumanrecombinantCB1receptorDisplacementof[3H]CP-55940fromhumanrecombinantCB1receptor,ChEMBL,385,6.5,CCCCCn1c(C)c(C(=O)c2c(OC)ccc3ccccc23)c2ccccc21,10.1021/jm801044g
138529,Human,9.0,pKi,9.0,Binding,Displacementof[3H]SR-141716fromhumanCB1receptortransfectedinHEK293cellsDisplacementof[3H]SR-141716fromhumanCB1receptortransfectedinHEK293cells,ChEMBL,437,5.7,O=c1c2nn(-c3ccccc3Cl)c(-c3ccc(Cl)cc3)c2ccn1CC(F)(F)F,10.1016/j.bmcl.2005.10.019
183664,Human,8.5,pKi,8.5,Binding,NoneNone,PDSPKiDatabase,439,5.4,O=C1c2nn(-c3ccccc3Cl)c(-c3ccc(Cl)cc3)c2CCN1CC(F)(F)F,None
51567,Human,7.2,pKi,7.2,Binding,DisplacementofCP-55940bindingfromrecombinanthumancannabinoidreceptor1expressedinCHOcellsDisplacementofCP-55940bindingfromrecombinanthumancannabinoidreceptor1expressedinCHOcells,ChEMBL,450,5.2,C/N=C(\NC(=O)c1ccc(Cl)cc1)N1CC(c2ccccc2)C(c2ccc(Cl)cc2)=N1,10.1021/jm031019q
66895,Human,5.7,pKi,5.7,Binding,"Inhibitionof[3H]SR-141,716AbindingtohumanCB1receptorexpressedinCHOcellsInhibitionof[3H]SR-141,716AbindingtohumanCB1receptorexpressedinCHOcells",ChEMBL,452,4.2,CCN1C(=O)C(c2ccc(Br)cc2)(c2ccc(Br)cc2)NC1=S,10.1021/jm049263k
165397,Human,7.9,pKi,7.9,Binding,InvitrodisplacementofCP-55940bindingtohumanCB1receptorexpressedinCHOcellsInvitrodisplacementofCP-55940bindingtohumanCB1receptorexpressedinCHOcells,ChEMBL,476,6.2,CCc1c(C(=O)NN2CCCCC2)nc(-c2ccc(Cl)cc2Cl)n1-c1ccc(Cl)cc1,10.1021/jm040843r
50247,Human,7.4,pKi,7.4,Binding,DisplacementofCP-55940bindingfromrecombinanthumancannabinoidreceptor1expressedinCHOcellsDisplacementofCP-55940bindingfromrecombinanthumancannabinoidreceptor1expressedinCHOcells,ChEMBL,520,5.1,C/N=C(\NS(=O)(=O)c1cccc(C(F)(F)F)c1)N1CC(c2ccccc2)C(c2ccc(Cl)cc2)=N1,10.1021/jm031019q
176376,Human,5.2,pKi,5.2,Binding,Displacementof[3H]-CP55940fromrecombinanthumanCB1receptorexpressedinHEK293-EBNAcellmembranesafter90minsbyscintillationcountingmethodDisplacementof[3H]-CP55940fromrecombinanthumanCB1receptorexpressedinHEK293-EBNAcellmembranesafter90minsbyscintillationcountingmethod,ChEMBL,247,3.8,C/C=C\C=C/CC/C=C/C=C/C(=O)NCC(C)C,10.1021/acs.jnatprod.8b00874
119060,Human,6.2,pKi,6.2,Binding,DisplacementofCP-55940bindingfromrecombinanthumancannabinoidreceptor1expressedinCHOcellsDisplacementofCP-55940bindingfromrecombinanthumancannabinoidreceptor1expressedinCHOcells,ChEMBL,488,3.6,N/C(=N\S(=O)(=O)c1ccc(Cl)cc1)N1CC(O)(c2ccccc2)C(c2ccc(Cl)cc2)=N1,10.1021/jm031019q
92696,Human,7.4,pKi,7.4,Binding,BindingaffinitytohumanCB1receptorBindingaffinitytohumanCB1receptor,ChEMBL,403,4.6,Cc1ccc(-c2ncc(C(=O)N[C@H](CO)CC(C)C)nc2-c2ccc(C)cc2)cc1,10.1016/j.bmcl.2007.04.087
132804,Human,7.5,pKi,7.5,Binding,BindingaffinitytoCB1receptorBindingaffinitytoCB1receptor,ChEMBL,378,6.5,CC1=CC[C@@H]2[C@@H](C1)c1c(O)cc(C3C4CC5CC(C4)CC3C5)cc1OC2(C)C,10.1016/j.bmc.2008.11.059
119048,Human,7.3,pKi,7.3,Binding,DisplacementofCP-55940bindingfromrecombinanthumancannabinoidreceptor1expressedinCHOcellsDisplacementofCP-55940bindingfromrecombinanthumancannabinoidreceptor1expressedinCHOcells,ChEMBL,494,5,C/N=C(\NS(=O)(=O)c1c(C)cc(C)cc1C)N1CC(c2ccccc2)C(c2ccc(Cl)cc2)=N1,10.1021/jm031019q
185400,Human,6.0,pKi,6.0,Binding,BindingaffinitytoCB1receptor(unknownorigin)BindingaffinitytoCB1receptor(unknownorigin),ChEMBL,327,5.7,CCCn1cc(C(=O)c2ccc(C)c3ccccc23)c2ccccc21,10.1021/jm400132d
165111,Human,9.7,pKi,9.7,Binding,Displacementof[3H]SR-141716fromhumanCB1receptortransfectedinHEK293cellsDisplacementof[3H]SR-141716fromhumanCB1receptortransfectedinHEK293cells,ChEMBL,434,5.2,CC(F)(F)Cn1cnc2c(-c3ccc(Cl)cc3)n(-c3ccccc3Cl)nc2c1=O,10.1016/j.bmcl.2005.10.019
125777,Human,5.8,pKi,5.8,Binding,"Inhibitionof[3H]SR-141,716AbindingtohumanCB1receptorexpressedinCHOcellsInhibitionof[3H]SR-141,716AbindingtohumanCB1receptorexpressedinCHOcells",ChEMBL,544,3.9,C=CCN1C(=O)NC(c2ccc(I)cc2)(c2ccc(I)cc2)C1=O,10.1021/jm049263k
108805,Human,5.5,pKi,5.5,Binding,"Displacementof[3H]CP55,940fromhumanrecombinantCB1receptorexpressedinCHO-K1cellsDisplacementof[3H]CP55,940fromhumanrecombinantCB1receptorexpressedinCHO-K1cells",ChEMBL,432,5.6,O=C1/C(=C/c2cccc(OCc3ccc(Cl)cc3Cl)c2)N=C2SCCCCN12,10.1039/C3MD00394A
168235,Human,6.4,pKi,6.4,Binding,InvitrodisplacementofCP-55940bindingtohumanCB1receptorexpressedinCHOcellsInvitrodisplacementofCP-55940bindingtohumanCB1receptorexpressedinCHOcells,ChEMBL,462,5.9,Cc1c(C(=O)NN2CCCCC2)nc(-c2ccc(Cl)cc2)n1-c1ccc(Cl)cc1Cl,10.1021/jm040843r
68818,Human,6.1,pKi,6.1,Binding,"Inhibitionof[3H]SR-141,716AbindingtohumanCB1receptorexpressedinCHOcellsInhibitionof[3H]SR-141,716AbindingtohumanCB1receptorexpressedinCHOcells",ChEMBL,464,4.4,C=CCN1C(=O)C(c2ccc(Br)cc2)(c2ccc(Br)cc2)NC1=S,10.1021/jm049263k
187455,Human,9.2,pKi,9.2,Binding,NoneNone,PDSPKiDatabase,465,5.7,CCC(F)(F)CN1CCOc2c(nn(-c3ccccc3Cl)c2-c2ccc(Cl)cc2)C1=O,None
158773,Human,8.2,pKi,8.2,Binding,Displacementof[3H]CP55940fromrecombinanthumanCB1receptorexpressedinbeta-galactosidaseexpressingCHOK1cellmembranesafter60minsbyscintillationspectrometryDisplacementof[3H]CP55940fromrecombinanthumanCB1receptorexpressedinbeta-galactosidaseexpressingCHOK1cellmembranesafter60minsbyscintillationspectrometry,ChEMBL,534,6.9,Cc1c(C(=O)NN2CCCCC2)nc(-c2ccc(Cl)cc2Cl)n1-c1ccc(OCc2ccccc2)cc1,10.1021/acs.jmedchem.7b00861
84394,Human,5.9,pKi,5.9,Binding,Displacementof[3H]CP-55940fromhumanCB1receptorexpressedinCOScellsDisplacementof[3H]CP-55940fromhumanCB1receptorexpressedinCOScells,ChEMBL,333,4.3,CCCCCc1cc(O)cc(OCCCCCC(=O)NC2CC2)c1,10.1021/jm0501533
96774,Human,6.6,pKi,6.6,Binding,Displacementof[3H]CP-55940fromhumanrecombinantCB1receptorexpressedinHEKcellsDisplacementof[3H]CP-55940fromhumanrecombinantCB1receptorexpressedinHEKcells,ChEMBL,355,4.6,CC1(C)C(C(=O)c2cn(CC3CCOCC3)c3c(O)cccc23)C1(C)C,10.1021/jm7011613
165454,Human,6.7,pKi,6.7,Binding,Displacementof[3H]CP-55940fromhumanCB1receptorexpressedinCOScellsDisplacementof[3H]CP-55940fromhumanCB1receptorexpressedinCOScells,ChEMBL,417,6.7,CCCCCCc1ccc(O)cc1OCCCCCCCCCCC(=O)NC1CC1,10.1021/jm0501533
97173,Human,7.2,pKi,7.2,Binding,DisplacementofradioligandfromhumanCB1receptorexpressedinHEK293cellsDisplacementofradioligandfromhumanCB1receptorexpressedinHEK293cells,ChEMBL,454,4.7,Cc1c(C(=O)N(C)Cc2ccccc2)oc2ccc(S(=O)(=O)N3CC(C)CC(C)C3)cc12,10.1016/j.bmcl.2007.11.133
69734,Human,7.1,pKi,7.1,Binding,DisplacementofspecificCP-55940bindinginCHOcellsstablytransfectedwithhumancannabinoidreceptor1DisplacementofspecificCP-55940bindinginCHOcellsstablytransfectedwithhumancannabinoidreceptor1,ChEMBL,461,2.3,C/N=C(\NS(=O)(=O)N1CCOCC1)N1CC(c2ccccc2)C(c2ccc(Cl)cc2)=N1,10.1016/j.bmcl.2005.07.054
140559,Human,7.6,pKi,7.6,Binding,DisplacementofspecificCP-55940bindinginCHOcellsstablytransfectedwithhumancannabinoidreceptor1DisplacementofspecificCP-55940bindinginCHOcellsstablytransfectedwithhumancannabinoidreceptor1,ChEMBL,477,3,C/N=C(\NS(=O)(=O)N1CCSCC1)N1CC(c2ccccc2)C(c2ccc(Cl)cc2)=N1,10.1016/j.bmcl.2005.07.054
141396,Human,6.1,pKi,6.1,Binding,Displacementof[3H]SR141716AfromhumanCB1receptorexpressedinCHOcellsDisplacementof[3H]SR141716AfromhumanCB1receptorexpressedinCHOcells,ChEMBL,632,6.6,O=C(Nc1ccc(Br)cc1)NC(c1ccc(I)cc1)c1ccc(I)cc1,10.1021/jm0503906
190986,Human,7.4,pKi,7.4,Binding,Displacementof[3H]CP-55940fromhumanrecombinantCB1receptorexpressedinCHOcellsDisplacementof[3H]CP-55940fromhumanrecombinantCB1receptorexpressedinCHOcells,ChEMBL,343,5.6,CSCCCCn1cc(C(=O)C2C(C)(C)C2(C)C)c2ccccc21,10.1021/jm901214q
70079,Human,6.8,pKi,6.8,Binding,"Displacementof[3H]-CP55,940fromhumanCB1receptorexpressedinHEK293cellsDisplacementof[3H]-CP55,940fromhumanCB1receptorexpressedinHEK293cells",ChEMBL,391,4.5,C=CCn1c2c(c3cc(C(=O)N4CCC(C)CC4)ccc31)CN(CC1CC1)CC2,10.1016/j.bmcl.2011.12.124
134478,Human,6.2,pKi,6.2,Binding,Displacementof[3H]CP-55940fromhumanrecombinantCB1receptorinpresenceofhydrolaseinhibitorPMSFDisplacementof[3H]CP-55940fromhumanrecombinantCB1receptorinpresenceofhydrolaseinhibitorPMSF,ChEMBL,401,7.3,CCCCCCCC/C=C\CCCCCCCC(=O)NCc1ccc(OC)cc1,10.1016/j.bmcl.2005.09.023
84375,Human,6.0,pKi,6.0,Binding,Displacementof[3H]CP-55940fromhumanCB1receptorexpressedinCOScellsDisplacementof[3H]CP-55940fromhumanCB1receptorexpressedinCOScells,ChEMBL,421,5.5,CCCCCCc1ccc(O)cc1OCCCCCCCCCCC(=O)NCCO,10.1021/jm0501533
191421,Human,7.0,pKi,7.0,Binding,Displacementof[3H]CP-55940fromhumanrecombinantCB1receptorexpressedinCHOcellsDisplacementof[3H]CP-55940fromhumanrecombinantCB1receptorexpressedinCHOcells,ChEMBL,353,5.3,CC1(C)C(C(=O)c2cn(CCC3CCOCC3)c3ccccc23)C1(C)C,10.1021/jm901214q
74446,Human,5.5,pKi,5.5,Binding,BindingaffinitytohumanrecombinantCB1receptorexpressedinCOScellsBindingaffinitytohumanrecombinantCB1receptorexpressedinCOScells,ChEMBL,363,5.2,CCCCC/C=C\C/C=C\C/C=C\C/C=C\CCCC(=O)ONCCO,10.1021/jm051240y
96732,Human,7.4,pKi,7.4,Binding,Displacementof[3H]CP-55940fromhumanrecombinantCB1receptorexpressedinHEKcellsDisplacementof[3H]CP-55940fromhumanrecombinantCB1receptorexpressedinHEKcells,ChEMBL,369,4.9,COc1ccc2c(C(=O)C3C(C)(C)C3(C)C)cn(CC3CCOCC3)c2c1,10.1021/jm7011613
191285,Human,6.2,pKi,6.2,Binding,Displacementof[3H]CP-55940fromhumanrecombinantCB1receptorexpressedinCHOcellsDisplacementof[3H]CP-55940fromhumanrecombinantCB1receptorexpressedinCHOcells,ChEMBL,327,4.7,CC1(C)C(C(=O)c2cn(CCCCCO)c3ccccc23)C1(C)C,10.1021/jm901214q
192537,Human,6.5,pKi,6.5,Binding,Displacementof[3H]CP-55940fromhumanrecombinantCB1receptorexpressedinCHOcellsDisplacementof[3H]CP-55940fromhumanrecombinantCB1receptorexpressedinCHOcells,ChEMBL,354,4,CC1(C)C(C(=O)c2cn(CCN3CCOC3=O)c3ccccc23)C1(C)C,10.1021/jm901214q
168595,Human,7.1,pKi,7.1,Binding,Displacementof[3H]CP-55940fromhumanclonedCB1receptorDisplacementof[3H]CP-55940fromhumanclonedCB1receptor,ChEMBL,446,3.4,Cc1ccc(C(=O)NC(C)C23CC4CC(CC(C4)C2)C3)cc1S(=O)(=O)N1CCOCC1,10.1016/j.bmcl.2008.04.006
191398,Human,6.2,pKi,6.2,Binding,Displacementof[3H]CP-55940fromhumanrecombinantCB1receptorexpressedinCHOcellsDisplacementof[3H]CP-55940fromhumanrecombinantCB1receptorexpressedinCHOcells,ChEMBL,313,4.5,COCCCn1cc(C(=O)C2C(C)(C)C2(C)C)c2ccccc21,10.1021/jm901214q
192476,Human,6.4,pKi,6.4,Binding,Displacementof[3H]CP-55940fromhumanrecombinantCB1receptorexpressedinCHOcellsDisplacementof[3H]CP-55940fromhumanrecombinantCB1receptorexpressedinCHOcells,ChEMBL,339,5.3,CC(=O)CCCCn1cc(C(=O)C2C(C)(C)C2(C)C)c2ccccc21,10.1021/jm901214q
191210,Human,6.4,pKi,6.4,Binding,Displacementof[3H]CP-55940fromhumanrecombinantCB1receptorexpressedinCHOcellsDisplacementof[3H]CP-55940fromhumanrecombinantCB1receptorexpressedinCHOcells,ChEMBL,354,4.1,O=C(c1cn(CCN2CCOCC2)c2ccccc12)C1CCCCCC1,10.1021/jm901214q
84395,Human,6.0,pKi,6.0,Binding,Displacementof[3H]SR141716AfromhumanCB1receptorexpressedinCHOcellsDisplacementof[3H]SR141716AfromhumanCB1receptorexpressedinCHOcells,ChEMBL,404,6.6,O=C(Nc1ccc(Cl)cc1)NC(c1ccc(Cl)cc1)c1ccc(Cl)cc1,10.1021/jm0503906
84386,Human,5.3,pKi,5.3,Binding,Displacementof[3H]CP-55940fromhumanCB1receptorexpressedinCOScellsDisplacementof[3H]CP-55940fromhumanCB1receptorexpressedinCOScells,ChEMBL,455,7.6,O=C(CCCCCCCCCCCCCCCOc1cccc(O)c1)Nc1ccc(O)cc1,10.1021/jm0501533
157286,Human,9.5,pKi,9.5,Binding,Displacementof[3H]CP55940fromrecombinanthumanCB1receptorexpressedinbeta-galactosidaseexpressingCHOK1cellmembranesafter60minsbyscintillationspectrometryDisplacementof[3H]CP55940fromrecombinanthumanCB1receptorexpressedinbeta-galactosidaseexpressingCHOK1cellmembranesafter60minsbyscintillationspectrometry,ChEMBL,554,7,Cc1c(C(=O)NN2CCCCC2)nc(-c2ccc(Cl)cc2Cl)n1-c1ccc(OCCCC(F)(F)F)cc1,10.1021/acs.jmedchem.7b00861
191100,Human,6.2,pKi,6.2,Binding,Displacementof[3H]CP-55940fromhumanrecombinantCB1receptorexpressedinCHOcellsDisplacementof[3H]CP-55940fromhumanrecombinantCB1receptorexpressedinCHOcells,ChEMBL,325,4.5,CC1(C)C(C(=O)c2cn(CC3CCOC3)c3ccccc23)C1(C)C,10.1021/jm901214q
96940,Human,6.7,pKi,6.7,Binding,Displacementof[3H]CP-55940fromhumanrecombinantCB1receptorexpressedinHEKcellsDisplacementof[3H]CP-55940fromhumanrecombinantCB1receptorexpressedinHEKcells,ChEMBL,355,4.6,CC1(C)C(C(=O)c2cn(CC3CCOCC3)c3ccc(O)cc23)C1(C)C,10.1021/jm7011613
139400,Human,6.5,pKi,6.5,Binding,Displacementof[3H]SR141716AfromhumanCB1receptorDisplacementof[3H]SR141716AfromhumanCB1receptor,ChEMBL,396,5.7,O=C1C(c2ccccc2)N(c2ccc(Cl)cc2)C(=O)N1c1ccc(Cl)cc1,10.1021/jm050484f
84487,Human,5.7,pKi,5.7,Binding,Displacementof[3H]SR141716AfromhumanCB1receptorexpressedinCHOcellsDisplacementof[3H]SR141716AfromhumanCB1receptorexpressedinCHOcells,ChEMBL,420,6.7,S=C(Nc1ccc(Cl)cc1)NC(c1ccc(Cl)cc1)c1ccc(Cl)cc1,10.1021/jm0503906
72872,Human,5.2,pKi,5.2,Binding,Displacementof[3H]SR141716AfromhumanCB1receptorDisplacementof[3H]SR141716AfromhumanCB1receptor,ChEMBL,422,5.3,O=C1C(c2ccc(Br)cc2)N(c2ccccc2)C(=S)N1c1ccccc1,10.1021/jm050484f
136573,Human,5.3,pKi,5.3,Binding,Displacementof[3H]CP-55940fromhumanCB1receptorexpressedinCOScellsDisplacementof[3H]CP-55940fromhumanCB1receptorexpressedinCOScells,ChEMBL,487,8.6,CCCCCCc1ccc(O)cc1OCCCCCCCCCCCCCCCC(=O)NC1CC1,10.1021/jm0501533
191307,Human,8.3,pKi,8.3,Binding,Displacementof[3H]CP-55940fromhumanrecombinantCB1receptorexpressedinCHOcellsDisplacementof[3H]CP-55940fromhumanrecombinantCB1receptorexpressedinCHOcells,ChEMBL,352,5,CN1CCCCC1Cn1cc(C(=O)C2C(C)(C)C2(C)C)c2ccccc21,10.1021/jm901214q
191342,Human,6.1,pKi,6.1,Binding,Displacementof[3H]CP-55940fromhumanrecombinantCB1receptorexpressedinCHOcellsDisplacementof[3H]CP-55940fromhumanrecombinantCB1receptorexpressedinCHOcells,ChEMBL,366,5.4,CC1(C)C(C(=O)c2cn(CCN3CCCCCC3)c3ccccc23)C1(C)C,10.1021/jm901214q
193777,Human,5.6,pKi,5.6,Binding,BindingaffinitytohumanCB1receptorBindingaffinitytohumanCB1receptor,ChEMBL,590,3.3,O=S(=O)(c1ccccc1F)c1cc(Cl)ccc1S(=O)(=O)N1CCC2(CC1)CC2NS(=O)(=O)C(F)(F)F,10.1016/j.bmcl.2009.11.084
96990,Human,7.9,pKi,7.9,Binding,Displacementof[3H]CP-55940fromhumanrecombinantCB1receptorexpressedinHEKcellsDisplacementof[3H]CP-55940fromhumanrecombinantCB1receptorexpressedinHEKcells,ChEMBL,339,4.9,CC1(C)C(C(=O)c2cn(CC3CCOCC3)c3ccccc23)C1(C)C,10.1021/jm7011613
191211,Human,5.5,pKi,5.5,Binding,Displacementof[3H]CP-55940fromhumanrecombinantCB1receptorexpressedinCHOcellsDisplacementof[3H]CP-55940fromhumanrecombinantCB1receptorexpressedinCHOcells,ChEMBL,365,4.8,CC1(C(=O)c2cn(CC3CCOCC3)c3ccccc23)CC1(Cl)Cl,10.1021/jm901214q
97064,Human,6.0,pKi,6.0,Binding,Displacementof[3H]CP-55940fromhumanrecombinantCB1receptorexpressedinHEKcellsDisplacementof[3H]CP-55940fromhumanrecombinantCB1receptorexpressedinHEKcells,ChEMBL,445,6.5,CC1(C)C(C(=O)c2cn(CC3CCOCC3)c3c(OCc4ccccc4)cccc23)C1(C)C,10.1021/jm7011613
157362,Human,10.0,pKi,10.0,Binding,Displacementof[3H]CP55940fromrecombinanthumanCB1receptorexpressedinbeta-galactosidaseexpressingCHOK1cellmembranesafter60minsbyscintillationspectrometryDisplacementof[3H]CP55940fromrecombinanthumanCB1receptorexpressedinbeta-galactosidaseexpressingCHOK1cellmembranesafter60minsbyscintillationspectrometry,ChEMBL,604,5.9,Cc1c(C(=O)NN2CCCCC2)nc(-c2ccc(Cl)cc2Cl)n1-c1ccc(OS(=O)(=O)CCC(F)(F)F)cc1,10.1021/acs.jmedchem.7b00861
87323,Human,7.6,pKi,7.6,Binding,Displacementof[3H]CP-55940fromclonedhumanCB1receptorDisplacementof[3H]CP-55940fromclonedhumanCB1receptor,ChEMBL,297,5.7,CCCCCCC(C)(C)c1ccc(-c2cccnc2)c(O)c1,10.1016/j.bmcl.2007.04.059
191221,Human,6.2,pKi,6.2,Binding,Displacementof[3H]CP55940fromhumanCB1receptorincellfreesystemDisplacementof[3H]CP55940fromhumanCB1receptorincellfreesystem,ChEMBL,299,4.2,COCCn1cc(C(=O)C2C(C)(C)C2(C)C)c2ccccc21,10.1016/j.ejmech.2010.11.034
191016,Human,5.7,pKi,5.7,Binding,Displacementof[3H]CP-55940fromhumanrecombinantCB1receptorexpressedinCHOcellsDisplacementof[3H]CP-55940fromhumanrecombinantCB1receptorexpressedinCHOcells,ChEMBL,346,5.1,CC1(C)C(C(=O)c2cn(CCc3ccncc3)c3ccccc23)C1(C)C,10.1021/jm901214q
97117,Human,5.5,pKi,5.5,Binding,Displacementof[3H]CP55940fromhumanCB1receptorincellfreesystemDisplacementof[3H]CP55940fromhumanCB1receptorincellfreesystem,ChEMBL,369,3.4,CC1(C)C(C(=O)c2cn(CCN3CCOCC3)c3cccc(N)c23)C1(C)C,10.1016/j.ejmech.2010.11.034
144100,Human,5.5,pKi,5.5,Binding,Displacementof[3H]SR141716AfromhumanCB1receptorexpressedinCHOcellsDisplacementof[3H]SR141716AfromhumanCB1receptorexpressedinCHOcells,ChEMBL,386,6.1,S=C(Nc1ccccc1)NC(c1ccc(Cl)cc1)c1ccc(Cl)cc1,10.1021/jm0503906
7387,Human,7.9,pKi,7.9,Binding,NoneNone,PDSPKiDatabase,526,5,CS(=O)(=O)c1c(C(=O)NN2CCCCC2)nc(-c2ccc(Cl)cc2Cl)n1-c1ccc(Cl)cc1,None
136402,Human,5.5,pKi,5.5,Binding,Displacementof[3H]CP-55940fromhumanCB1receptorexpressedinCOScellsDisplacementof[3H]CP-55940fromhumanCB1receptorexpressedinCOScells,ChEMBL,539,9.7,CCCCCCc1ccc(O)cc1OCCCCCCCCCCCCCCCC(=O)Nc1ccc(O)cc1,10.1021/jm0501533
190960,Human,7.8,pKi,7.8,Binding,Displacementof[3H]CP-55940fromhumanrecombinantCB1receptorexpressedinCHOcellsDisplacementof[3H]CP-55940fromhumanrecombinantCB1receptorexpressedinCHOcells,ChEMBL,351,5.8,CC1(C)C(C(=O)c2cn(CCCC(F)(F)F)c3ccccc23)C1(C)C,10.1021/jm901214q
97123,Human,7.6,pKi,7.6,Binding,Displacementof[3H]CP-55940fromhumanrecombinantCB1receptorexpressedinHEKcellsDisplacementof[3H]CP-55940fromhumanrecombinantCB1receptorexpressedinHEKcells,ChEMBL,353,5.2,Cc1ccc2c(C(=O)C3C(C)(C)C3(C)C)cn(CC3CCOCC3)c2c1,10.1021/jm7011613
158048,Human,5.5,pKi,5.5,Binding,Displacementof[3H]CP55940fromhumanCB1receptorincellfreesystemDisplacementof[3H]CP55940fromhumanCB1receptorincellfreesystem,ChEMBL,355,4.6,CC1(C)C(C(=O)c2cn(CC3CCOCC3)c3cc(O)ccc23)C1(C)C,10.1016/j.ejmech.2010.11.034
74964,Human,5.4,pKi,5.4,Binding,BindingaffinitytohumanrecombinantCB1receptorexpressedinCOScellsBindingaffinitytohumanrecombinantCB1receptorexpressedinCOScells,ChEMBL,363,5.3,CCCCC/C=C\C/C=C\C/C=C\C/C=C\CCCC(=O)N(O)CCO,10.1021/jm051240y
191254,Human,5.7,pKi,5.7,Binding,Displacementof[3H]CP-55940fromhumanrecombinantCB1receptorexpressedinCHOcellsDisplacementof[3H]CP-55940fromhumanrecombinantCB1receptorexpressedinCHOcells,ChEMBL,367,3.8,CN1CCN(CCn2cc(C(=O)C3C(C)(C)C3(C)C)c3ccccc32)CC1,10.1021/jm901214q
72838,Human,7.4,pKi,7.4,Binding,Displacementof[3H]CP-55940fromhumanCB1receptorexpressedinHEK293cellsDisplacementof[3H]CP-55940fromhumanCB1receptorexpressedinHEK293cells,ChEMBL,392,4.9,CCCCCn1cc(C(=O)NC23CC4CC(CC(C4)C2)C3)c(=O)c2ccccc21,10.1021/jm800552f
96084,Human,5.7,pKi,5.7,Binding,Displacementof[3H]SR-141716AfromhumanCB1receptorDisplacementof[3H]SR-141716AfromhumanCB1receptor,ChEMBL,392,4.7,CCCCCn1cc(C(=O)NC2C3CC4CC(C3)CC2C4)c(=O)c2ccccc21,10.1021/jm050467q
72732,Human,5.7,pKi,5.7,Binding,Displacementof[3H]SR141716AfromhumanCB1receptorDisplacementof[3H]SR141716AfromhumanCB1receptor,ChEMBL,396,5.7,O=C1C(c2ccccc2)N(c2cccc(Cl)c2)C(=O)N1c1cccc(Cl)c1,10.1021/jm050484f
84545,Human,4.9,pKi,4.9,Binding,Displacementof[3H]CP-55940fromhumanCB1receptorexpressedinCOScellsDisplacementof[3H]CP-55940fromhumanCB1receptorexpressedinCOScells,ChEMBL,477,7.1,CCCCCc1cc(O)cc(OCCCCCCCCCCCCCCCC(=O)NCCO)c1,10.1021/jm0501533
141398,Human,5.5,pKi,5.5,Binding,Displacementof[3H]SR141716AfromhumanCB1receptorexpressedinCHOcellsDisplacementof[3H]SR141716AfromhumanCB1receptorexpressedinCHOcells,ChEMBL,500,5.4,O=C1N(c2ccccc2)C(=S)NC1(c1ccc(Br)cc1)c1ccc(Br)cc1,10.1021/jm0503906
192436,Human,6.1,pKi,6.1,Binding,Displacementof[3H]CP-55940fromhumanrecombinantCB1receptorexpressedinCHOcellsDisplacementof[3H]CP-55940fromhumanrecombinantCB1receptorexpressedinCHOcells,ChEMBL,325,4.7,CC1(C)C(C(=O)c2cn(C[C@H]3CCCO3)c3ccccc23)C1(C)C,10.1021/jm901214q
92697,Human,6.6,pKi,6.6,Binding,BindingaffinitytohumanCB1receptorBindingaffinitytohumanCB1receptor,ChEMBL,389,4.2,Cc1ccc(-c2ncc(C(=O)N[C@H](CO)C(C)C)nc2-c2ccc(C)cc2)cc1,10.1016/j.bmcl.2007.04.087
84379,Human,5.4,pKi,5.4,Binding,Displacementof[3H]CP-55940fromhumanCB1receptorexpressedinCOScellsDisplacementof[3H]CP-55940fromhumanCB1receptorexpressedinCOScells,ChEMBL,403,6.5,O=C(CCCCCCCCCCCCCCCOc1cccc(O)c1)NC1CC1,10.1021/jm0501533
84407,Human,6.1,pKi,6.1,Binding,Displacementof[3H]CP-55940fromhumanCB1receptorexpressedinCOScellsDisplacementof[3H]CP-55940fromhumanCB1receptorexpressedinCOScells,ChEMBL,407,5.1,CCCCCc1cc(O)cc(OCCCCCCCCCCC(=O)NCCO)c1,10.1021/jm0501533
84486,Human,5.8,pKi,5.8,Binding,Displacementof[3H]SR141716AfromhumanCB1receptorexpressedinCHOcellsDisplacementof[3H]SR141716AfromhumanCB1receptorexpressedinCHOcells,ChEMBL,474,6.3,S=C(Nc1ccccc1)NC(c1ccc(Br)cc1)c1ccc(Br)cc1,10.1021/jm0503906
53083,Human,6.6,pKi,6.6,Binding,DisplacementofCP-55940bindingfromrecombinanthumancannabinoidreceptor1expressedinCHOcellsDisplacementofCP-55940bindingfromrecombinanthumancannabinoidreceptor1expressedinCHOcells,ChEMBL,500,5.1,CN(C)/C(=N\S(=O)(=O)c1ccc(Cl)cc1)N1CC(c2ccccc2)C(c2ccc(Cl)cc2)=N1,10.1021/jm031019q
95239,Human,6.4,pKi,6.4,Binding,Displacementof[3H]CP-55940fromhumanrecombinantCB1receptorexpressedinHEKcellsDisplacementof[3H]CP-55940fromhumanrecombinantCB1receptorexpressedinHEKcells,ChEMBL,355,4.6,CC1(C)C(C(=O)c2cn(CC3CCOCC3)c3cccc(O)c23)C1(C)C,10.1021/jm7011613
154841,Human,5.7,pKi,5.7,Binding,Displacementof[3H]CP-55940fromhumanclonedCB1receptorDisplacementof[3H]CP-55940fromhumanclonedCB1receptor,ChEMBL,402,3,CC(C)(C)CNC(=O)c1ccc(Br)c(S(=O)(=O)N2CCCC2)c1,10.1016/j.bmcl.2008.04.006
95863,Human,6.0,pKi,6.0,Binding,Displacementof[3H]CP-55940fromhumanrecombinantCB1receptorexpressedinCHOcellsDisplacementof[3H]CP-55940fromhumanrecombinantCB1receptorexpressedinCHOcells,ChEMBL,354,3.8,CC1(C)C(C(=O)c2cn(CCN3CCOCC3)c3ccccc23)C1(C)C,10.1021/jm901214q
192516,Human,5.8,pKi,5.8,Binding,Displacementof[3H]CP-55940fromhumanrecombinantCB1receptorexpressedinCHOcellsDisplacementof[3H]CP-55940fromhumanrecombinantCB1receptorexpressedinCHOcells,ChEMBL,383,4.9,CC1(C(=O)c2cn(CC3CCOCC3)c3ccccc23)CC(F)(F)C1(F)F,10.1021/jm901214q
140045,Human,5.8,pKi,5.8,Binding,Displacementof[3H]SR141716AfromhumanCB1receptorDisplacementof[3H]SR141716AfromhumanCB1receptor,ChEMBL,500,6.1,O=C1C(c2ccccc2)N(c2ccc(Br)cc2)C(=S)N1c1ccc(Br)cc1,10.1021/jm050484f
160204,Human,7.4,pKi,7.4,Binding,Displacementof[3H]CP-55940fromhumanrecombinantCB1receptorexpressedinHEKcellsDisplacementof[3H]CP-55940fromhumanrecombinantCB1receptorexpressedinHEKcells,ChEMBL,369,4.9,COc1cccc2c(C(=O)C3C(C)(C)C3(C)C)cn(CC3CCOCC3)c12,10.1021/jm7011613
157551,Human,6.0,pKi,6.0,Binding,Displacementof[3H]CP-55940fromhumanrecombinantCB1receptorexpressedinHEKcellsDisplacementof[3H]CP-55940fromhumanrecombinantCB1receptorexpressedinHEKcells,ChEMBL,369,4.9,COc1cccc2c1c(C(=O)C1C(C)(C)C1(C)C)cn2CC1CCOCC1,10.1021/jm7011613
97331,Human,6.6,pKi,6.6,Binding,Displacementof[3H]CP55940fromhumanCB1receptorincellfreesystemDisplacementof[3H]CP55940fromhumanCB1receptorincellfreesystem,ChEMBL,445,6.5,CC1(C)C(C(=O)c2cn(CC3CCOCC3)c3ccc(OCc4ccccc4)cc23)C1(C)C,10.1016/j.ejmech.2010.11.034
165480,Human,5.5,pKi,5.5,Binding,Displacementof[3H]CP-55940fromhumanCB1receptorexpressedinCOScellsDisplacementof[3H]CP-55940fromhumanCB1receptorexpressedinCOScells,ChEMBL,455,7.4,CCCCCc1cc(O)cc(OCCCCCCCCCCC(=O)Nc2ccc(O)cc2)c1,10.1021/jm0501533
89961,Human,4.8,pKi,4.8,Binding,Displacementof[3H]-CP55940fromrecombinanthumanCB1receptorexpressedinSf9cellmembranesco-expressingGalphai3beta1gamma2measuredafter90minsbyscintillationcountingmethodDisplacementof[3H]-CP55940fromrecombinanthumanCB1receptorexpressedinSf9cellmembranesco-expressingGalphai3beta1gamma2measuredafter90minsbyscintillationcountingmethod,ChEMBL,286,5.1,C=C(C)[C@@H]1CCC(C)=C[C@H]1c1c(O)cc(CCC)cc1O,10.1021/acs.jnatprod.8b00874
9110,Human,6.8,pKi,6.8,Binding,BindingaffinitytoCB1receptorBindingaffinitytoCB1receptor,ChEMBL,348,5.5,CC1=CC[C@@H]2[C@@H](C1)c1c(O)cc(C3SCCS3)cc1OC2(C)C,10.1021/jm0610705
97332,Human,6.6,pKi,6.6,Binding,Displacementof[3H]CP-55940fromhumanrecombinantCB1receptorexpressedinHEKcellsDisplacementof[3H]CP-55940fromhumanrecombinantCB1receptorexpressedinHEKcells,ChEMBL,369,4.9,COc1ccc2c(c1)c(C(=O)C1C(C)(C)C1(C)C)cn2CC1CCOCC1,10.1021/jm7011613
155808,Human,9.2,pKi,9.2,Binding,Displacementof[3H]CP55940fromrecombinanthumanCB1receptorexpressedinbeta-galactosidaseexpressingCHOK1cellmembranesafter60minsbyscintillationspectrometryDisplacementof[3H]CP55940fromrecombinanthumanCB1receptorexpressedinbeta-galactosidaseexpressingCHOK1cellmembranesafter60minsbyscintillationspectrometry,ChEMBL,592,6.4,Cc1c(C(=O)NN2CCCCC2)nc(-c2ccc(Cl)cc2Cl)n1-c1ccc(OS(=O)(=O)CCC(C)(C)C)cc1,10.1021/acs.jmedchem.7b00861
139771,Human,5.2,pKi,5.2,Binding,Displacementof[3H]SR141716AfromhumanCB1receptorDisplacementof[3H]SR141716AfromhumanCB1receptor,ChEMBL,328,4.4,O=C1C(c2ccccc2)N(c2ccccc2)C(=O)N1c1ccccc1,10.1021/jm050484f
191138,Human,6.5,pKi,6.5,Binding,Displacementof[3H]CP-55940fromhumanrecombinantCB1receptorexpressedinCHOcellsDisplacementof[3H]CP-55940fromhumanrecombinantCB1receptorexpressedinCHOcells,ChEMBL,334,5,CC1(C)C(C(=O)c2cn(CCn3cccc3)c3ccccc23)C1(C)C,10.1021/jm901214q
191312,Human,6.8,pKi,6.8,Binding,Displacementof[3H]CP-55940fromhumanrecombinantCB1receptorexpressedinCHOcellsDisplacementof[3H]CP-55940fromhumanrecombinantCB1receptorexpressedinCHOcells,ChEMBL,351,5.8,CC1(C)C(C(=O)c2cn(CCc3ccsc3)c3ccccc23)C1(C)C,10.1021/jm901214q
191246,Human,6.3,pKi,6.3,Binding,Displacementof[3H]CP-55940fromhumanrecombinantCB1receptorexpressedinCHOcellsDisplacementof[3H]CP-55940fromhumanrecombinantCB1receptorexpressedinCHOcells,ChEMBL,352,5,CC1(C)C(C(=O)c2cn(CCN3CCCCC3)c3ccccc23)C1(C)C,10.1021/jm901214q
71306,Human,6.8,pKi,6.8,Binding,DisplacementofspecificCP-55940bindinginCHOcellsstablytransfectedwithhumancannabinoidreceptor1DisplacementofspecificCP-55940bindinginCHOcellsstablytransfectedwithhumancannabinoidreceptor1,ChEMBL,473,3.8,C/N=C(\NS(=O)(=O)N1CCCCCC1)N1CC(c2ccccc2)C(c2ccc(Cl)cc2)=N1,10.1016/j.bmcl.2005.07.054
191372,Human,6.7,pKi,6.7,Binding,Displacementof[3H]CP-55940fromhumanrecombinantCB1receptorexpressedinCHOcellsDisplacementof[3H]CP-55940fromhumanrecombinantCB1receptorexpressedinCHOcells,ChEMBL,331,5.6,CC1(C)C(C(=O)c2cn(Cc3ccccc3)c3ccccc23)C1(C)C,10.1021/jm901214q
93239,Human,6.8,pKi,6.8,Binding,BindingaffinitytohumanCB1receptorBindingaffinitytohumanCB1receptor,ChEMBL,389,4.3,CCCC(CO)NC(=O)c1cnc(-c2ccc(C)cc2)c(-c2ccc(C)cc2)n1,10.1016/j.bmcl.2007.04.087
74970,Human,6.5,pKi,6.5,Binding,Displacementof[3H]CP-55940fromCB1receptorDisplacementof[3H]CP-55940fromCB1receptor,ChEMBL,422,4.5,CCCCCOc1c(OC)ccc2cc(C(=O)NCCCc3ccccc3)c(=O)[nH]c12,10.1016/j.bmc.2010.02.011
186978,Human,6.9,pKi,6.9,Binding,Displacementof[3H]CP-55940fromhumanclonedCB1receptorbyscintillationspectrometryDisplacementof[3H]CP-55940fromhumanclonedCB1receptorbyscintillationspectrometry,ChEMBL,420,3,Cc1ccc(C(=O)N[C@@H]2C(C)(C)[C@@H]3CC[C@@]2(C)C3)cc1S(=O)(=O)N1CCOCC1,10.1016/j.bmcl.2008.11.091
84138,Human,5.5,pKi,5.5,Binding,Displacementof[3H]CP-55940fromhumanCB1receptorexpressedinCOScellsDisplacementof[3H]CP-55940fromhumanCB1receptorexpressedinCOScells,ChEMBL,469,7.7,CCCCCCc1ccc(O)cc1OCCCCCCCCCCC(=O)Nc1ccc(O)cc1,10.1021/jm0501533
140567,Human,5.2,pKi,5.2,Binding,Displacementof[3H]SR141716AfromhumanCB1receptorDisplacementof[3H]SR141716AfromhumanCB1receptor,ChEMBL,362,5.1,O=C1C(c2ccc(Cl)cc2)N(c2ccccc2)C(=O)N1c1ccccc1,10.1021/jm050484f
97115,Human,7.6,pKi,7.6,Binding,Displacementof[3H]CP-55940fromhumanrecombinantCB1receptorexpressedinHEKcellsDisplacementof[3H]CP-55940fromhumanrecombinantCB1receptorexpressedinHEKcells,ChEMBL,397,4.7,COC(=O)c1ccc2c(C(=O)C3C(C)(C)C3(C)C)cn(CC3CCOCC3)c2c1,10.1021/jm7011613
72124,Human,5.4,pKi,5.4,Binding,Displacementof[3H]SR141716AfromhumanCB1receptorDisplacementof[3H]SR141716AfromhumanCB1receptor,ChEMBL,406,5.2,O=C1C(c2ccc(Br)cc2)N(c2ccccc2)C(=O)N1c1ccccc1,10.1021/jm050484f
93140,Human,7.0,pKi,7.0,Binding,BindingaffinitytohumanCB1receptorBindingaffinitytohumanCB1receptor,ChEMBL,416,4.1,Cc1ccc(-c2ncc(C(=O)N[C@@H](CC(C)C)C(N)=O)nc2-c2ccc(C)cc2)cc1,10.1016/j.bmcl.2007.04.087
72053,Human,6.2,pKi,6.2,Binding,Displacementof[3H]SR141716AfromhumanCB1receptorDisplacementof[3H]SR141716AfromhumanCB1receptor,ChEMBL,596,5.8,O=C1C(c2ccccc2)N(c2cccc(I)c2)C(=S)N1c1cccc(I)c1,10.1021/jm050484f
160262,Human,7.9,pKi,7.9,Binding,Displacementof[3H]CP-55940fromhumanrecombinantCB1receptorexpressedinHEKcellsDisplacementof[3H]CP-55940fromhumanrecombinantCB1receptorexpressedinHEKcells,ChEMBL,373,5.6,CC1(C)C(C(=O)c2cn(CC3CCOCC3)c3cc(Cl)ccc23)C1(C)C,10.1021/jm7011613
93128,Human,7.4,pKi,7.4,Binding,BindingaffinitytohumanCB1receptorBindingaffinitytohumanCB1receptor,ChEMBL,465,6.2,Cc1ccc(-c2ncc(C(=O)NC(C)COc3c(C)cccc3C)nc2-c2ccc(C)cc2)cc1,10.1016/j.bmcl.2007.04.087
84376,Human,6.8,pKi,6.8,Binding,Displacementof[3H]CP-55940fromhumanCB1receptorexpressedinCOScellsDisplacementof[3H]CP-55940fromhumanCB1receptorexpressedinCOScells,ChEMBL,347,4.7,CCCCCCc1ccc(OCCCCCC(=O)NC2CC2)cc1O,10.1021/jm0501533
75761,Human,8.1,pKi,8.1,Binding,BindingaffinitytoCB1receptorBindingaffinitytoCB1receptor,ChEMBL,351,5.7,CC1=CC[C@@H]2[C@@H](C1)c1c(O)cc(C3(C#N)CCCCC3)cc1OC2(C)C,10.1021/jm0610705
148346,Human,6.3,pKi,6.3,Binding,BindingaffinitytohumanCB1receptorBindingaffinitytohumanCB1receptor,ChEMBL,403,4.6,Cc1ccc(-c2ncc(C(=O)N[C@@H](CO)CC(C)C)nc2-c2ccc(C)cc2)cc1,10.1016/j.bmcl.2007.04.087
84561,Human,8.3,pKi,8.3,Binding,Displacementof[3H]-CP55940fromhumanrecombinantCB1receptorexpressedinHEKcellmembraneDisplacementof[3H]-CP55940fromhumanrecombinantCB1receptorexpressedinHEKcellmembrane,ChEMBL,403,6.3,CCCCCc1cc(O)cc(OCCCCCCCCCCC(=O)NC2CC2)c1,10.1016/j.bmc.2020.115513
140475,Human,5.5,pKi,5.5,Binding,Displacementof[3H]SR141716AfromhumanCB1receptorDisplacementof[3H]SR141716AfromhumanCB1receptor,ChEMBL,430,6.4,O=C1C(c2ccc(Cl)cc2)N(c2cccc(Cl)c2)C(=O)N1c1cccc(Cl)c1,10.1021/jm050484f
72801,Human,6.0,pKi,6.0,Binding,Displacementof[3H]SR141716AfromhumanCB1receptorDisplacementof[3H]SR141716AfromhumanCB1receptor,ChEMBL,474,6.5,O=C1C(c2ccc(Br)cc2)N(c2ccc(Cl)cc2)C(=O)N1c1ccc(Cl)cc1,10.1021/jm050484f
72948,Human,5.7,pKi,5.7,Binding,Displacementof[3H]SR141716AfromhumanCB1receptorDisplacementof[3H]SR141716AfromhumanCB1receptor,ChEMBL,480,7.2,O=C1C(c2ccccc2)N(c2ccc(Cl)c(Cl)c2)C(=S)N1c1ccc(Cl)c(Cl)c1,10.1021/jm050484f
87328,Human,7.1,pKi,7.1,Binding,Displacementof[3H]CP-55940fromclonedhumanCB1receptorDisplacementof[3H]CP-55940fromclonedhumanCB1receptor,ChEMBL,323,6.8,CCCCCCC(C)(C)c1ccc(-c2cc(C)cc(C)c2)c(N)c1,10.1016/j.bmcl.2007.04.059
191278,Human,5.7,pKi,5.7,Binding,Displacementof[3H]CP-55940fromhumanrecombinantCB1receptorexpressedinCHOcellsDisplacementof[3H]CP-55940fromhumanrecombinantCB1receptorexpressedinCHOcells,ChEMBL,366,5.5,Cc1ncsc1CCn1cc(C(=O)C2C(C)(C)C2(C)C)c2ccccc21,10.1021/jm901214q
72195,Human,5.4,pKi,5.4,Binding,Displacementof[3H]SR-141716AfromhumanCB1receptorDisplacementof[3H]SR-141716AfromhumanCB1receptor,ChEMBL,384,5.6,CCCCCn1cc(C(=O)Nc2cccc3ccccc23)c(=O)c2ccccc21,10.1021/jm050467q
152872,Human,6.2,pKi,6.2,Binding,BindingaffinitytohumanCB1receptorBindingaffinitytohumanCB1receptor,ChEMBL,423,5.2,Cc1ccc(-c2ncc(C(=O)NCCOc3ccccc3)nc2-c2ccc(C)cc2)cc1,10.1016/j.bmcl.2007.04.087
84458,Human,5.8,pKi,5.8,Binding,Displacementof[3H]SR141716AfromhumanCB1receptorexpressedinCHOcellsDisplacementof[3H]SR141716AfromhumanCB1receptorexpressedinCHOcells,ChEMBL,508,6.9,S=C(Nc1ccc(Cl)cc1)NC(c1ccc(Br)cc1)c1ccc(Br)cc1,10.1021/jm0503906
158077,Human,10.2,pKi,10.2,Binding,Displacementof[3H]CP55940fromrecombinanthumanCB1receptorexpressedinbeta-galactosidaseexpressingCHOK1cellmembranesafter60minsbyscintillationspectrometryDisplacementof[3H]CP55940fromrecombinanthumanCB1receptorexpressedinbeta-galactosidaseexpressingCHOK1cellmembranesafter60minsbyscintillationspectrometry,ChEMBL,618,6.3,Cc1c(C(=O)NN2CCCCC2)nc(-c2ccc(Cl)cc2Cl)n1-c1ccc(OS(=O)(=O)CCCC(F)(F)F)cc1,10.1021/acs.jmedchem.7b00861
74128,Human,5.2,pKi,5.2,Binding,Displacementof[3H]SR141716AfromhumanCB1receptorDisplacementof[3H]SR141716AfromhumanCB1receptor,ChEMBL,388,4.4,COc1ccc(N2C(=O)C(c3ccccc3)N(c3ccc(OC)cc3)C2=O)cc1,10.1021/jm050484f
135278,Human,5.7,pKi,5.7,Binding,Displacementof[3H]SR141716AfromhumanCB1receptorDisplacementof[3H]SR141716AfromhumanCB1receptor,ChEMBL,412,5.9,O=C1C(c2ccccc2)N(c2ccc(Cl)cc2)C(=S)N1c1ccc(Cl)cc1,10.1021/jm050484f
96864,Human,7.5,pKi,7.5,Binding,Displacementof[3H]CP-55940fromhumanrecombinantCB1receptorexpressedinHEKcellsDisplacementof[3H]CP-55940fromhumanrecombinantCB1receptorexpressedinHEKcells,ChEMBL,445,6.5,CC1(C)C(C(=O)c2cn(CC3CCOCC3)c3cc(OCc4ccccc4)ccc23)C1(C)C,10.1021/jm7011613
84450,Human,6.2,pKi,6.2,Binding,Displacementof[3H]SR141716AfromhumanCB1receptorexpressedinCHOcellsDisplacementof[3H]SR141716AfromhumanCB1receptorexpressedinCHOcells,ChEMBL,492,6.8,O=C(Nc1ccc(Cl)cc1)NC(c1ccc(Br)cc1)c1ccc(Br)cc1,10.1021/jm0503906
190984,Human,5.7,pKi,5.7,Binding,Displacementof[3H]CP-55940fromhumanrecombinantCB1receptorexpressedinCHOcellsDisplacementof[3H]CP-55940fromhumanrecombinantCB1receptorexpressedinCHOcells,ChEMBL,299,3.9,CC1(C)C(C(=O)c2cn(CCCO)c3ccccc23)C1(C)C,10.1021/jm901214q
139523,Human,6.0,pKi,6.0,Binding,Displacementof[3H]SR-141716AfromhumanCB1receptorDisplacementof[3H]SR-141716AfromhumanCB1receptor,ChEMBL,388,5,CCCCCn1cc(C(=O)NC2CCCc3ccccc32)c(=O)c2ccccc21,10.1021/jm050467q
173474,Human,7.9,pKi,7.9,Binding,AgonistactivityathumanCB1receptorAgonistactivityathumanCB1receptor,ChEMBL,413,4.9,CCS(=O)(=O)Nc1ccc2c(c1)nc(C(C)(C)C)n2CC1CCC(F)(F)CC1,10.1016/j.ejmech.2018.12.008
160439,Human,6.0,pKi,6.0,Binding,Displacementof[3H]CP-55940fromhumanrecombinantCB1receptorexpressedinHEKcellsDisplacementof[3H]CP-55940fromhumanrecombinantCB1receptorexpressedinHEKcells,ChEMBL,460,5.4,CC1(C)C(C(=O)c2cn(CCN3CCOCC3)c3cc(OCc4ccccc4)ccc23)C1(C)C,10.1021/jm7011613
92723,Human,6.5,pKi,6.5,Binding,BindingaffinitytohumanCB1receptorBindingaffinitytohumanCB1receptor,ChEMBL,389,4.2,Cc1ccc(-c2ncc(C(=O)N[C@@H](CO)C(C)C)nc2-c2ccc(C)cc2)cc1,10.1016/j.bmcl.2007.04.087
154613,Human,5.9,pKi,5.9,Binding,Displacementof[3H]CP-55940fromhumanclonedCB1receptorDisplacementof[3H]CP-55940fromhumanclonedCB1receptor,ChEMBL,416,3.4,CC(C)(C)CNC(=O)c1ccc(Br)c(S(=O)(=O)N2CCCCC2)c1,10.1016/j.bmcl.2008.04.006
155476,Human,9.6,pKi,9.6,Binding,Displacementof[3H]CP55940fromrecombinanthumanCB1receptorexpressedinbeta-galactosidaseexpressingCHOK1cellmembranesafter60minsbyscintillationspectrometryDisplacementof[3H]CP55940fromrecombinanthumanCB1receptorexpressedinbeta-galactosidaseexpressingCHOK1cellmembranesafter60minsbyscintillationspectrometry,ChEMBL,550,5.4,CCCS(=O)(=O)Oc1ccc(-n2c(-c3ccc(Cl)cc3Cl)nc(C(=O)NN3CCCCC3)c2C)cc1,10.1021/acs.jmedchem.7b00861
190985,Human,6.2,pKi,6.2,Binding,Displacementof[3H]CP-55940fromhumanrecombinantCB1receptorexpressedinCHOcellsDisplacementof[3H]CP-55940fromhumanrecombinantCB1receptorexpressedinCHOcells,ChEMBL,351,5.8,CC1(C)C(C(=O)c2cn(CCc3cccs3)c3ccccc23)C1(C)C,10.1021/jm901214q
157846,Human,5.9,pKi,5.9,Binding,Displacementof[3H]CP-55940fromhumanrecombinantCB1receptorexpressedinHEKcellsDisplacementof[3H]CP-55940fromhumanrecombinantCB1receptorexpressedinHEKcells,ChEMBL,384,3.8,COc1ccc2c(C(=O)C3C(C)(C)C3(C)C)cn(CCN3CCOCC3)c2c1,10.1021/jm7011613
139908,Human,5.7,pKi,5.7,Binding,Displacementof[3H]SR141716AfromhumanCB1receptorDisplacementof[3H]SR141716AfromhumanCB1receptor,ChEMBL,430,6.4,O=C1C(c2ccc(Cl)cc2)N(c2ccc(Cl)cc2)C(=O)N1c1ccc(Cl)cc1,10.1021/jm050484f
155795,Human,9.9,pKi,9.9,Binding,Displacementof[3H]CP55940fromrecombinanthumanCB1receptorexpressedinbeta-galactosidaseexpressingCHOK1cellmembranesafter60minsbyscintillationspectrometryDisplacementof[3H]CP55940fromrecombinanthumanCB1receptorexpressedinbeta-galactosidaseexpressingCHOK1cellmembranesafter60minsbyscintillationspectrometry,ChEMBL,666,7.5,Cc1c(C(=O)Nc2ccc(C(F)(F)F)cn2)nc(-c2ccc(Cl)cc2Cl)n1-c1ccc(OS(=O)(=O)CCC(F)(F)F)cc1,10.1021/acs.jmedchem.7b00861
72201,Human,5.2,pKi,5.2,Binding,Displacementof[3H]SR141716AfromhumanCB1receptorDisplacementof[3H]SR141716AfromhumanCB1receptor,ChEMBL,404,4.6,COc1ccc(N2C(=O)C(c3ccccc3)N(c3ccc(OC)cc3)C2=S)cc1,10.1021/jm050484f
73255,Human,8.8,pKi,8.8,Binding,Displacementof[3H]-CP55940fromrecombinanthumanCB1receptorbyscatchardplotanalysisDisplacementof[3H]-CP55940fromrecombinanthumanCB1receptorbyscatchardplotanalysis,ChEMBL,416,3.8,COC(=O)C(C)(C)NC(=O)c1cc2c(n(CC3CCCCC3)c1=O)CCCCCC2,10.1016/j.bmcl.2012.02.054
169452,Human,6.8,pKi,6.8,Binding,Displacementof[3H]CP55940fromhumanCB1RinHEK293cellmembranesafter60minsliquidscintillationanalysisDisplacementof[3H]CP55940fromhumanCB1RinHEK293cellmembranesafter60minsliquidscintillationanalysis,ChEMBL,496,5,Cc1c(C(=O)NN2CCCCC2)nn(-c2ccc(Cl)cc2Cl)c1-c1ccc(C#CCCO)cc1,10.1016/j.bmcl.2019.126644
157581,Human,9.7,pKi,9.7,Binding,Displacementof[3H]CP55940fromrecombinanthumanCB1receptorexpressedinbeta-galactosidaseexpressingCHOK1cellmembranesafter60minsbyscintillationspectrometryDisplacementof[3H]CP55940fromrecombinanthumanCB1receptorexpressedinbeta-galactosidaseexpressingCHOK1cellmembranesafter60minsbyscintillationspectrometry,ChEMBL,578,6,Cc1c(C(=O)NN2CCCCC2)nc(-c2ccc(Cl)cc2Cl)n1-c1ccc(OS(=O)(=O)CCC(C)C)cc1,10.1021/acs.jmedchem.7b00861
139879,Human,7.9,pKi,7.9,Binding,BindingaffinitytoCB1receptorBindingaffinitytoCB1receptor,ChEMBL,370,6.8,CC1=CC[C@@H]2[C@@H](C1)c1c(O)cc(-c3cccc4ccccc34)cc1OC2(C)C,10.1021/jm0610705
70858,Human,6.8,pKi,6.8,Binding,DisplacementofspecificCP-55940bindinginCHOcellsstablytransfectedwithhumancannabinoidreceptor1DisplacementofspecificCP-55940bindinginCHOcellsstablytransfectedwithhumancannabinoidreceptor1,ChEMBL,459,3.5,CN/C(=N\S(=O)(=O)N1CCCCC1)N1CC(c2ccccc2)C(c2ccc(Cl)cc2)=N1,10.1016/j.bmcl.2005.07.054
155714,Human,9.9,pKi,9.9,Binding,Displacementof[3H]CP55940fromrecombinanthumanCB1receptorexpressedinbeta-galactosidaseexpressingCHOK1cellmembranesafter60minsbyscintillationspectrometryDisplacementof[3H]CP55940fromrecombinanthumanCB1receptorexpressedinbeta-galactosidaseexpressingCHOK1cellmembranesafter60minsbyscintillationspectrometry,ChEMBL,564,5.8,CCCCS(=O)(=O)Oc1ccc(-n2c(-c3ccc(Cl)cc3Cl)nc(C(=O)NN3CCCCC3)c2C)cc1,10.1021/acs.jmedchem.7b00861
93174,Human,5.1,pKi,5.1,Binding,BindingaffinitytohumanCB1receptorBindingaffinitytohumanCB1receptor,ChEMBL,347,3.2,Cc1ccc(-c2ncc(C(=O)NCCO)nc2-c2ccc(C)cc2)cc1,10.1016/j.bmcl.2007.04.087
72255,Human,5.9,pKi,5.9,Binding,Displacementof[3H]SR-141716AfromhumanCB1receptorDisplacementof[3H]SR-141716AfromhumanCB1receptor,ChEMBL,362,4.7,CCCCCn1cc(C(=O)N[C@H](C)c2ccccc2)c(=O)c2ccccc21,10.1021/jm050467q
140274,Human,6.3,pKi,6.3,Binding,BindingaffinitytohumanrecombinantCB1receptorexpressedinCOScellsBindingaffinitytohumanrecombinantCB1receptorexpressedinCOScells,ChEMBL,363,5.2,CCCCC/C=C\C/C=C\C/C=C\C/C=C\CCCC(=O)NOCCO,10.1021/jm051240y
140025,Human,5.3,pKi,5.3,Binding,Displacementof[3H]SR141716AfromhumanCB1receptorDisplacementof[3H]SR141716AfromhumanCB1receptor,ChEMBL,372,5.2,Cc1ccc(N2C(=O)C(c3ccccc3)N(c3ccc(C)cc3)C2=S)cc1,10.1021/jm050484f
6027,Human,6.9,pKi,6.9,Binding,Displacementof[3H]CP-55940fromhumancannabinoidCB1receptorexpressedinCHOcellsDisplacementof[3H]CP-55940fromhumancannabinoidCB1receptorexpressedinCHOcells,ChEMBL,459,4,CN/C(=N\S(=O)(=O)N1CCCCC1)C1=NN(c2ccc(Cl)cc2)C(c2ccccc2)C1,10.1016/j.bmcl.2010.01.049
84498,Human,5.6,pKi,5.6,Binding,Displacementof[3H]SR141716AfromhumanCB1receptorexpressedinCHOcellsDisplacementof[3H]SR141716AfromhumanCB1receptorexpressedinCHOcells,ChEMBL,534,6,O=C1N(c2ccc(Cl)cc2)C(=S)NC1(c1ccc(Br)cc1)c1ccc(Br)cc1,10.1021/jm0503906
191374,Human,6.7,pKi,6.7,Binding,Displacementof[3H]CP55940fromhumanCB1receptorincellfreesystemDisplacementof[3H]CP55940fromhumanCB1receptorincellfreesystem,ChEMBL,325,4.7,CC1(C)C(C(=O)c2cn(C[C@@H]3CCCO3)c3ccccc23)C1(C)C,10.1016/j.ejmech.2010.11.034
139798,Human,6.7,pKi,6.7,Binding,Displacementof[3H]CP-55940fromCB1receptorDisplacementof[3H]CP-55940fromCB1receptor,ChEMBL,408,4.1,CCCCCOc1c(OC)ccc2cc(C(=O)NCCc3ccccc3)c(=O)[nH]c12,10.1016/j.bmc.2010.02.011
5961,Human,7.2,pKi,7.2,Binding,DisplacementofspecificCP-55940bindinginCHOcellsstablytransfectedwithhumancannabinoidreceptor1DisplacementofspecificCP-55940bindinginCHOcellsstablytransfectedwithhumancannabinoidreceptor1,ChEMBL,459,3.5,CN/C(=N\S(=O)(=O)N1CCCCC1)N1C[C@H](c2ccccc2)C(c2ccc(Cl)cc2)=N1,10.1016/j.bmcl.2005.07.054
94696,Human,5.9,pKi,5.9,Binding,Displacementof[3H]CP-55940fromhumanclonedCB1receptorDisplacementof[3H]CP-55940fromhumanclonedCB1receptor,ChEMBL,466,3.6,COc1cccc(CNC(=O)c2ccc(Br)c(S(=O)(=O)N3CCCCC3)c2)c1,10.1016/j.bmcl.2008.04.006
87005,Human,8.5,pKi,8.5,Binding,Displacementof[3H]CP-55940fromclonedhumanCB1receptorDisplacementof[3H]CP-55940fromclonedhumanCB1receptor,ChEMBL,350,7.5,CCCCCCC1(c2ccc(-c3cc(C)cc(C)c3)c(O)c2)CCCC1,10.1016/j.bmcl.2007.04.059
51454,Human,6.7,pKi,6.7,Binding,DisplacementofCP-55940bindingfromrecombinanthumancannabinoidreceptor1expressedinCHOcellsDisplacementofCP-55940bindingfromrecombinanthumancannabinoidreceptor1expressedinCHOcells,ChEMBL,468,4.1,COc1ccc(S(=O)(=O)NC(=N)N2CC(c3ccccc3)C(c3ccc(Cl)cc3)=N2)cc1,10.1021/jm031019q
68815,Human,5.8,pKi,5.8,Binding,"Inhibitionof[3H]SR-141,716AbindingtohumanCB1receptorexpressedinCHOcellsInhibitionof[3H]SR-141,716AbindingtohumanCB1receptorexpressedinCHOcells",ChEMBL,480,4.8,CC(C)CN1C(=O)C(c2ccc(Br)cc2)(c2ccc(Br)cc2)NC1=S,10.1021/jm049263k
192233,Human,10.0,pKi,10.0,Binding,NoneNone,PDSPKiDatabase,486,7.8,Cc1c(-c2cn(C(C)(C)c3ccccc3)cn2)nn(-c2ccccc2Cl)c1-c1ccc(Cl)cc1,None
186206,Human,7.2,pKi,7.2,Binding,BindingaffinitytoCB1receptorBindingaffinitytoCB1receptor,ChEMBL,521,3.3,O=C1NC(c2ccc(Br)cc2)(c2ccc(Br)cc2)C(=O)N1CCN1CCOCC1,10.1021/jm701519h
145696,Human,8.4,pKi,8.4,Binding,RadioligandDisplacementAssay(CP55940):Furthercharacterizationofselectcompoundswasperformedusingradioliganddisplacementof[3H]1andequilibriumdissociationconstant(Ki)valuesweredetermined.SelectivityofthesecompoundsatCB1versusCB2wasalsodeterminedbyobtainingKivaluesateitherreceptorusingdisplacementof[3H]CP55940inmembranesofCHO-K1cellsover-expressingeitherreceptor.Datareportedareaveragevaluesfrom3-6measurements.RadioligandDisplacementAssay(CP55940):Furthercharacterizationofselectcompoundswasperformedusingradioliganddisplacementof[3H]1andequilibriumdissociationconstant(Ki)valuesweredetermined.SelectivityofthesecompoundsatCB1versusCB2wasalsodeterminedbyobtainingKivaluesateitherreceptorusingdisplacementof[3H]CP55940inmembranesofCHO-K1cellsover-expressingeitherreceptor.Datareportedareaveragevaluesfrom3-6measurements.,ChEMBL,598,7.2,CC(C)(C)NC(=O)C1(c2ccccc2)CCN(c2ncnc3c2nc(-c2ccccc2Cl)n3-c2ccc(Cl)cc2)CC1,
59530,Human,6.8,pKi,6.8,Binding,InvitrodisplacementofCP-55940bindingtohumanCB1receptorexpressedinCHOcellsInvitrodisplacementofCP-55940bindingtohumanCB1receptorexpressedinCHOcells,ChEMBL,463,5.4,Cc1c(C(=O)N2CCC(O)CC2)nc(-c2ccc(Cl)cc2Cl)n1-c1ccc(Cl)cc1,10.1021/jm040843r
119374,Human,7.7,pKi,7.7,Binding,DisplacementofCP-55940bindingfromrecombinanthumancannabinoidreceptor1expressedinCHOcellsDisplacementofCP-55940bindingfromrecombinanthumancannabinoidreceptor1expressedinCHOcells,ChEMBL,502,5.3,C/N=C(\NS(=O)(=O)c1ccc2ccccc2c1)N1CC(c2ccccc2)C(c2ccc(Cl)cc2)=N1,10.1021/jm031019q
110074,Human,7.8,pKi,7.8,Binding,BindingaffinitytohumanCB1receptorexpressedinCHOcellsbyradioliganddisplacementbasedscintillationcountinganalysisBindingaffinitytohumanCB1receptorexpressedinCHOcellsbyradioliganddisplacementbasedscintillationcountinganalysis,ChEMBL,512,4,Cn1c(=O)c(-c2ccc(Cl)cc2)c(-c2ccncc2)c2nn(Cc3ccc(C(F)(F)F)nc3)c(=O)n21,10.1021/jm4010835
115944,Human,7.9,pKi,7.9,Binding,EvaluatedforitsbindingaffinitytowardsCannabinoidreceptor1(CB1)EvaluatedforitsbindingaffinitytowardsCannabinoidreceptor1(CB1),ChEMBL,383,5.3,CC1=CC[C@@H]2[C@@H](C1)c1c(O)cc(C(C)(C)CCCC(O)C#N)cc1OC2(C)C,10.1021/jm9803875
30280,Human,7.7,pKi,7.7,Binding,EvaluatedforitsbindingaffinitytowardsCannabinoidreceptor1(CB1)EvaluatedforitsbindingaffinitytowardsCannabinoidreceptor1(CB1),ChEMBL,540,6.1,CC1=CC[C@@H]2[C@@H](C1)c1c(O)cc(C(C)(C)CCCCC(=O)Nc3ccc(S(N)(=O)=O)cc3)cc1OC2(C)C,10.1021/jm9803875
175476,Human,6.0,pKi,6.0,Binding,Displacementof[3H]-CP55940fromhumanCB1receptorDisplacementof[3H]-CP55940fromhumanCB1receptor,ChEMBL,382,5.6,C[N+]1(CCC2=C/C(=C\c3cccc4ccccc34)c3ccccc32)CCOCC1,10.1021/acs.jmedchem.6b00516
175839,Human,5.8,pKi,5.8,Binding,Displacementof[3H]-CP55940fromhumanCB1receptorDisplacementof[3H]-CP55940fromhumanCB1receptor,ChEMBL,396,6,CC1=C(CC[N+]2(C)CCOCC2)c2ccccc2/C1=C/c1cccc2ccccc12,10.1021/acs.jmedchem.6b00516
171452,Human,8.4,pKi,8.4,Binding,Displacementof[3H]-CP55940fromhumanCB1receptorDisplacementof[3H]-CP55940fromhumanCB1receptor,ChEMBL,377,6.3,O=C(c1cccc2ccccc12)c1cn(CCCCCF)c2cccc(F)c12,10.1021/acs.jmedchem.6b00516
175811,Human,5.4,pKi,5.4,Binding,Displacementof[3H]-CP55940fromhumanCB1receptorDisplacementof[3H]-CP55940fromhumanCB1receptor,ChEMBL,413,4.8,Cc1ccc(C(=O)c2cn(CC[N+]3(C)CCOCC3)c3ccccc23)c2ccccc12,10.1021/acs.jmedchem.6b00516
175499,Human,5.4,pKi,5.4,Binding,Displacementof[3H]-CP55940fromhumanCB1receptorDisplacementof[3H]-CP55940fromhumanCB1receptor,ChEMBL,429,4.5,COc1ccc(C(=O)c2cn(CC[N+]3(C)CCOCC3)c3ccccc23)c2ccccc12,10.1021/acs.jmedchem.6b00516
169200,Human,6.8,pKi,6.8,Binding,Displacementof[3H]-CP55940fromhumanCB1receptorDisplacementof[3H]-CP55940fromhumanCB1receptor,ChEMBL,347,4.4,COc1ccccc1/C=C1\C=C(CCN2CCOCC2)c2ccccc21,10.1021/acs.jmedchem.6b00516
174314,Human,6.2,pKi,6.2,Binding,Displacementof[3H]-CP55940fromhumanCB1receptorDisplacementof[3H]-CP55940fromhumanCB1receptor,ChEMBL,443,5,Ic1ccccc1/C=C1\C=C(CCN2CCOCC2)c2ccccc21,10.1021/acs.jmedchem.6b00516
169334,Human,6.2,pKi,6.2,Binding,Displacementof[3H]-CP55940fromhumanCB1receptorDisplacementof[3H]-CP55940fromhumanCB1receptor,ChEMBL,331,4.7,Cc1ccccc1/C=C1\C=C(CCN2CCOCC2)c2ccccc21,10.1021/acs.jmedchem.6b00516
174070,Human,6.2,pKi,6.2,Binding,Displacementof[3H]-CP55940fromhumanCB1receptorDisplacementof[3H]-CP55940fromhumanCB1receptor,ChEMBL,395,5.1,Brc1ccccc1/C=C1\C=C(CCN2CCOCC2)c2ccccc21,10.1021/acs.jmedchem.6b00516
169364,Human,6.0,pKi,6.0,Binding,Displacementof[3H]-CP55940fromhumanCB1receptorDisplacementof[3H]-CP55940fromhumanCB1receptor,ChEMBL,335,4.5,Fc1ccccc1/C=C1\C=C(CCN2CCOCC2)c2ccccc21,10.1021/acs.jmedchem.6b00516
172647,Human,6.1,pKi,6.1,Binding,Displacementof[3H]-CP55940fromhumanCB1receptorDisplacementof[3H]-CP55940fromhumanCB1receptor,ChEMBL,351,5,Clc1ccccc1/C=C1\C=C(CCN2CCOCC2)c2ccccc21,10.1021/acs.jmedchem.6b00516
169936,Human,5.1,pKi,5.1,Binding,Displacementof[3H]-CP55940fromhumanCB1receptorDisplacementof[3H]-CP55940fromhumanCB1receptor,ChEMBL,323,4.4,C1=C(CCN2CCOCC2)c2ccccc2/C1=C/c1cccs1,10.1021/acs.jmedchem.6b00516
104139,Human,7.4,pKi,7.4,Binding,Displacementof[3H]CP55940fromhumanCB1receptorexpressedinCHOK1cellsafter1hrbyliquidscintillationcountinganalysisDisplacementof[3H]CP55940fromhumanCB1receptorexpressedinCHOK1cellsafter1hrbyliquidscintillationcountinganalysis,ChEMBL,402,4.6,CCCCOc1ncc(C(=O)N[C@@H]2CCCC[C@H]2O)cc1-c1ccc(Cl)cc1,10.1021/jm4010708
140504,Human,6.6,pKi,6.6,Binding,Displacementof[3H]SR141716AfromhumanCB1receptorDisplacementof[3H]SR141716AfromhumanCB1receptor,ChEMBL,484,5.9,O=C1C(c2ccccc2)N(c2ccc(Br)cc2)C(=O)N1c1ccc(Br)cc1,10.1021/jm050484f
70105,Human,7.3,pKi,7.3,Binding,"Displacementof[3H]-CP55,940fromhumanCB1receptorexpressedinHEK293cellsDisplacementof[3H]-CP55,940fromhumanCB1receptorexpressedinHEK293cells",ChEMBL,515,5.5,CCOc1ccc(Cn2c3c(c4cc(C(=O)N5CCC(C)CC5)ccc42)CN(C2CCOCC2)CC3)cc1,10.1016/j.bmcl.2011.12.124
70094,Human,6.9,pKi,6.9,Binding,"Displacementof[3H]-CP55,940fromhumanCB1receptorexpressedinHEK293cellsDisplacementof[3H]-CP55,940fromhumanCB1receptorexpressedinHEK293cells",ChEMBL,487,3.6,CCCS(=O)(=O)n1c2c(c3cc(C(=O)N4CCC(C)CC4)ccc31)CN(C1CCOCC1)CC2,10.1016/j.bmcl.2011.12.124
70117,Human,6.5,pKi,6.5,Binding,"Displacementof[3H]-CP55,940fromhumanCB1receptorexpressedinHEK293cellsDisplacementof[3H]-CP55,940fromhumanCB1receptorexpressedinHEK293cells",ChEMBL,473,3.2,CCCS(=O)(=O)n1c2c(c3cc(C(=O)N4CCC(C)CC4)ccc31)CN(C1CCOC1)CC2,10.1016/j.bmcl.2011.12.124
70096,Human,7.4,pKi,7.4,Binding,"Displacementof[3H]-CP55,940fromhumanCB1receptorexpressedinHEK293cellsDisplacementof[3H]-CP55,940fromhumanCB1receptorexpressedinHEK293cells",ChEMBL,443,3.6,CC1CCN(C(=O)c2ccc3c(c2)c2c(n3S(C)(=O)=O)CCN(C3CCCC3)C2)CC1,10.1016/j.bmcl.2011.12.124
70097,Human,6.6,pKi,6.6,Binding,"Displacementof[3H]-CP55,940fromhumanCB1receptorexpressedinHEK293cellsDisplacementof[3H]-CP55,940fromhumanCB1receptorexpressedinHEK293cells",ChEMBL,459,2.9,CC1CCN(C(=O)c2ccc3c(c2)c2c(n3S(C)(=O)=O)CCN(C3CCOCC3)C2)CC1,10.1016/j.bmcl.2011.12.124
70098,Human,7.8,pKi,7.8,Binding,"Displacementof[3H]-CP55,940fromhumanCB1receptorexpressedinHEK293cellsDisplacementof[3H]-CP55,940fromhumanCB1receptorexpressedinHEK293cells",ChEMBL,457,4,CCS(=O)(=O)n1c2c(c3cc(C(=O)N4CCC(C)CC4)ccc31)CN(C1CCCC1)CC2,10.1016/j.bmcl.2011.12.124
70082,Human,8.1,pKi,8.1,Binding,"Displacementof[3H]-CP55,940fromhumanCB1receptorexpressedinHEK293cellsDisplacementof[3H]-CP55,940fromhumanCB1receptorexpressedinHEK293cells",ChEMBL,405,5,C=CCn1c2c(c3cc(C(=O)N4CCC(C)CC4)ccc31)CN(C1CCCC1)CC2,10.1016/j.bmcl.2011.12.124
70084,Human,7.3,pKi,7.3,Binding,"Displacementof[3H]-CP55,940fromhumanCB1receptorexpressedinHEK293cellsDisplacementof[3H]-CP55,940fromhumanCB1receptorexpressedinHEK293cells",ChEMBL,419,5.4,C=CCn1c2c(c3cc(C(=O)N4CCC(C)CC4)ccc31)CN(C1CCCCC1)CC2,10.1016/j.bmcl.2011.12.124
70088,Human,7.8,pKi,7.8,Binding,"Displacementof[3H]-CP55,940fromhumanCB1receptorexpressedinHEK293cellsDisplacementof[3H]-CP55,940fromhumanCB1receptorexpressedinHEK293cells",ChEMBL,407,5.2,CCCn1c2c(c3cc(C(=O)N4CCC(C)CC4)ccc31)CN(C1CCCC1)CC2,10.1016/j.bmcl.2011.12.124
70089,Human,7.2,pKi,7.2,Binding,"Displacementof[3H]-CP55,940fromhumanCB1receptorexpressedinHEK293cellsDisplacementof[3H]-CP55,940fromhumanCB1receptorexpressedinHEK293cells",ChEMBL,423,4.5,CCCn1c2c(c3cc(C(=O)N4CCC(C)CC4)ccc31)CN(C1CCOCC1)CC2,10.1016/j.bmcl.2011.12.124
76625,Human,7.3,pKi,7.3,Binding,Displacementof[3H]SR141716AformhumanCB1receptorexpressedinHEK293cellsafter60minsbybetacountingDisplacementof[3H]SR141716AformhumanCB1receptorexpressedinHEK293cellsafter60minsbybetacounting,ChEMBL,387,5.3,CNC1CCCOc2c1nn(-c1ccccc1Cl)c2-c1ccc(Cl)cc1,10.1021/ml3000325
112551,Human,5.1,pKi,5.1,Binding,"Displacementof[3H]CP55,940fromhumanCB1expressedinCHO-K1cellsafter2hrsbyliquidscintillationcountingDisplacementof[3H]CP55,940fromhumanCB1expressedinCHO-K1cellsafter2hrsbyliquidscintillationcounting",ChEMBL,325,5.1,CCC/C=C\C#C/C=C\C=C\CC/C=C/C=C/C(=O)NCC(C)C,10.1021/np500292g
112553,Human,6.5,pKi,6.5,Binding,"Displacementof[3H]CP55,940fromhumanCB1expressedinCHO-K1cellsafter2hrsbyliquidscintillationcountingDisplacementof[3H]CP55,940fromhumanCB1expressedinCHO-K1cellsafter2hrsbyliquidscintillationcounting",ChEMBL,317,5.7,CCC/C=C/C/C=C/CCC/C=C/C=C/C(=O)NCC(C)CC,10.1021/np500292g
112809,Human,5.9,pKi,5.9,Binding,"Displacementof[3H]CP-55,940fromhumanrecombinantCB1receptorexpressedinHEK293cellmembranesDisplacementof[3H]CP-55,940fromhumanrecombinantCB1receptorexpressedinHEK293cellmembranes",ChEMBL,439,7.8,CCCCCc1cc(O)cc(OCCCCCCCCCCCNCc2ccccc2)c1,10.1016/j.bmc.2014.07.006
112811,Human,5.7,pKi,5.7,Binding,"Displacementof[3H]CP-55,940fromhumanrecombinantCB1receptorexpressedinHEK293cellmembranesDisplacementof[3H]CP-55,940fromhumanrecombinantCB1receptorexpressedinHEK293cellmembranes",ChEMBL,389,6.8,CCCCCc1cc(O)cc(OCCCCCCCCCCCNC2CC2)c1,10.1016/j.bmc.2014.07.006
112812,Human,6.1,pKi,6.1,Binding,"Displacementof[3H]CP-55,940fromhumanrecombinantCB1receptorexpressedinHEK293cellmembranesDisplacementof[3H]CP-55,940fromhumanrecombinantCB1receptorexpressedinHEK293cellmembranes",ChEMBL,403,7.2,CCCCCc1cc(O)cc(OCCCCCCCCCCCCNC2CC2)c1,10.1016/j.bmc.2014.07.006
113040,Human,7.9,pKi,7.9,Binding,"Displacementof[3H]CP-55,940fromhumanrecombinantCB1receptorexpressedinHEK293cellmembranesDisplacementof[3H]CP-55,940fromhumanrecombinantCB1receptorexpressedinHEK293cellmembranes",ChEMBL,379,4.3,CCCCCc1cc(O)cc(OCCCCCCCC(=O)N[C@H](C)CO)c1,10.1016/j.bmc.2014.07.006
113041,Human,6.6,pKi,6.6,Binding,"Displacementof[3H]CP-55,940fromhumanrecombinantCB1receptorexpressedinHEK293cellmembranesDisplacementof[3H]CP-55,940fromhumanrecombinantCB1receptorexpressedinHEK293cellmembranes",ChEMBL,421,5.5,CCCCCc1cc(O)cc(OCCCCCCCCCCC(=O)N[C@H](C)CO)c1,10.1016/j.bmc.2014.07.006
113042,Human,7.8,pKi,7.8,Binding,"Displacementof[3H]CP-55,940fromhumanrecombinantCB1receptorexpressedinHEK293cellmembranesDisplacementof[3H]CP-55,940fromhumanrecombinantCB1receptorexpressedinHEK293cellmembranes",ChEMBL,435,5.9,CCCCCCC(C)(C)c1cc(O)cc(OCCCCCCCC(=O)N[C@H](C)CO)c1,10.1016/j.bmc.2014.07.006
113043,Human,6.9,pKi,6.9,Binding,"Displacementof[3H]CP-55,940fromhumanrecombinantCB1receptorexpressedinHEK293cellmembranesDisplacementof[3H]CP-55,940fromhumanrecombinantCB1receptorexpressedinHEK293cellmembranes",ChEMBL,477,7,CCCCCCC(C)(C)c1cc(O)cc(OCCCCCCCCCCC(=O)N[C@H](C)CO)c1,10.1016/j.bmc.2014.07.006
113045,Human,6.8,pKi,6.8,Binding,"Displacementof[3H]CP-55,940fromhumanrecombinantCB1receptorexpressedinHEK293cellmembranesDisplacementof[3H]CP-55,940fromhumanrecombinantCB1receptorexpressedinHEK293cellmembranes",ChEMBL,451,4.8,CCCCCCC(C)(C)c1cc(O)cc(OCCCCCCCC(=O)NC(CO)CO)c1,10.1016/j.bmc.2014.07.006
113046,Human,5.7,pKi,5.7,Binding,"Displacementof[3H]CP-55,940fromhumanrecombinantCB1receptorexpressedinHEK293cellmembranesDisplacementof[3H]CP-55,940fromhumanrecombinantCB1receptorexpressedinHEK293cellmembranes",ChEMBL,493,6,CCCCCCC(C)(C)c1cc(O)cc(OCCCCCCCCCCC(=O)NC(CO)CO)c1,10.1016/j.bmc.2014.07.006
113048,Human,6.9,pKi,6.9,Binding,"Displacementof[3H]CP-55,940fromhumanrecombinantCB1receptorexpressedinHEK293cellmembranesDisplacementof[3H]CP-55,940fromhumanrecombinantCB1receptorexpressedinHEK293cellmembranes",ChEMBL,403,6.3,C=CCNC(=O)CCCCCCCCCCOc1cc(O)cc(CCCCC)c1,10.1016/j.bmc.2014.07.006
113050,Human,6.4,pKi,6.4,Binding,"Displacementof[3H]CP-55,940fromhumanrecombinantCB1receptorexpressedinHEK293cellmembranesDisplacementof[3H]CP-55,940fromhumanrecombinantCB1receptorexpressedinHEK293cellmembranes",ChEMBL,445,6.7,CCCCCc1cc(O)cc(OCCCCCCCCCCC(=O)NCC(F)(F)F)c1,10.1016/j.bmc.2014.07.006
113051,Human,6.4,pKi,6.4,Binding,"Displacementof[3H]CP-55,940fromhumanrecombinantCB1receptorexpressedinHEK293cellmembranesDisplacementof[3H]CP-55,940fromhumanrecombinantCB1receptorexpressedinHEK293cellmembranes",ChEMBL,459,7,CCCCCCC(C)(C)c1cc(O)cc(OCCCCCCCC(=O)NCC(F)(F)F)c1,10.1016/j.bmc.2014.07.006
113054,Human,6.1,pKi,6.1,Binding,"Displacementof[3H]CP-55,940fromhumanrecombinantCB1receptorexpressedinHEK293cellmembranesDisplacementof[3H]CP-55,940fromhumanrecombinantCB1receptorexpressedinHEK293cellmembranes",ChEMBL,406,5.6,CCCCCc1cc(O)cc(OCCCCCCCCCCC(=O)NN(C)C)c1,10.1016/j.bmc.2014.07.006
113055,Human,5.8,pKi,5.8,Binding,"Displacementof[3H]CP-55,940fromhumanrecombinantCB1receptorexpressedinHEK293cellmembranesDisplacementof[3H]CP-55,940fromhumanrecombinantCB1receptorexpressedinHEK293cellmembranes",ChEMBL,446,6.5,CCCCCc1cc(O)cc(OCCCCCCCCCCC(=O)NN2CCCCC2)c1,10.1016/j.bmc.2014.07.006
113056,Human,5.6,pKi,5.6,Binding,"Displacementof[3H]CP-55,940fromhumanrecombinantCB1receptorexpressedinHEK293cellmembranesDisplacementof[3H]CP-55,940fromhumanrecombinantCB1receptorexpressedinHEK293cellmembranes",ChEMBL,417,6.5,CCCCCc1cc(O)cc(OCCCCCCCCCCCNC(=O)C2CC2)c1,10.1016/j.bmc.2014.07.006
113057,Human,5.7,pKi,5.7,Binding,"Displacementof[3H]CP-55,940fromhumanrecombinantCB1receptorexpressedinHEK293cellmembranesDisplacementof[3H]CP-55,940fromhumanrecombinantCB1receptorexpressedinHEK293cellmembranes",ChEMBL,473,8.1,CCCCCCC(C)(C)c1cc(O)cc(OCCCCCCCCCCCNC(=O)C2CC2)c1,10.1016/j.bmc.2014.07.006
113058,Human,6.1,pKi,6.1,Binding,"Displacementof[3H]CP-55,940fromhumanrecombinantCB1receptorexpressedinHEK293cellmembranesDisplacementof[3H]CP-55,940fromhumanrecombinantCB1receptorexpressedinHEK293cellmembranes",ChEMBL,431,6.9,CCCCCCc1ccc(O)cc1OCCCCCCCCCCCNC(=O)C1CC1,10.1016/j.bmc.2014.07.006
113059,Human,6.0,pKi,6.0,Binding,"Displacementof[3H]CP-55,940fromhumanrecombinantCB1receptorexpressedinHEK293cellmembranesDisplacementof[3H]CP-55,940fromhumanrecombinantCB1receptorexpressedinHEK293cellmembranes",ChEMBL,379,5.2,CCCCCc1cc(O)cc(OCCCCCCCCCN[C@H](C)CO)c1,10.1016/j.bmc.2014.07.006
113060,Human,5.9,pKi,5.9,Binding,"Displacementof[3H]CP-55,940fromhumanrecombinantCB1receptorexpressedinHEK293cellmembranesDisplacementof[3H]CP-55,940fromhumanrecombinantCB1receptorexpressedinHEK293cellmembranes",ChEMBL,389,6.8,C=CCNCCCCCCCCCCCOc1cc(O)cc(CCCCC)c1,10.1016/j.bmc.2014.07.006
113465,Human,5.7,pKi,5.7,Binding,Displacementof[3H]CP55940fromhumancannabinoidCB1receptorexpressedinCHO-K1cellsbyliquidscintillationcountingDisplacementof[3H]CP55940fromhumancannabinoidCB1receptorexpressedinCHO-K1cellsbyliquidscintillationcounting,ChEMBL,314,5.9,CCCCCc1cc(O)c2c(c1)OC1=C(CC[C@H](C)C1)C2(C)C,10.1016/j.ejmech.2014.07.062
113466,Human,6.0,pKi,6.0,Binding,Displacementof[3H]CP55940fromhumancannabinoidCB1receptorexpressedinCHO-K1cellsbyliquidscintillationcountingDisplacementof[3H]CP55940fromhumancannabinoidCB1receptorexpressedinCHO-K1cellsbyliquidscintillationcounting,ChEMBL,314,5.9,CCCCCc1cc(O)c2c(c1)OC1=C(CC[C@@H](C)C1)C2(C)C,10.1016/j.ejmech.2014.07.062
114144,Human,8.1,pKi,8.1,Binding,BindingaffinitytohumanCB1receptorBindingaffinitytohumanCB1receptor,ChEMBL,610,5,CC1(C)C(=O)N(c2ccc(F)c(C(F)(F)F)c2)C(=O)C1Cc1ccc(F)cc1NC(=O)Nc1ccc(S(N)(=O)=O)cc1,10.1016/j.bmcl.2013.06.066
114837,Human,5.6,pKi,5.6,Binding,"Displacementof[3H]CP-55,940fromhumanrecombinantCB1RexpressedinHEK-293cellsafter90minsbyliquidscintillationcountingDisplacementof[3H]CP-55,940fromhumanrecombinantCB1RexpressedinHEK-293cellsafter90minsbyliquidscintillationcounting",ChEMBL,341,3.5,CCCCn1c(=O)c(C(=O)NC2CCC(C)CC2)cc2cccnc21,10.1021/jm500807e
114838,Human,6.0,pKi,6.0,Binding,"Displacementof[3H]CP-55,940fromhumanrecombinantCB1RexpressedinHEK-293cellsafter90minsbyliquidscintillationcountingDisplacementof[3H]CP-55,940fromhumanrecombinantCB1RexpressedinHEK-293cellsafter90minsbyliquidscintillationcounting",ChEMBL,355,3.9,CCCCCn1c(=O)c(C(=O)NC2CCC(C)CC2)cc2cccnc21,10.1021/jm500807e
114850,Human,6.0,pKi,6.0,Binding,"Displacementof[3H]CP-55,940fromhumanrecombinantCB1RexpressedinHEK-293cellsafter90minsbyliquidscintillationcountingDisplacementof[3H]CP-55,940fromhumanrecombinantCB1RexpressedinHEK-293cellsafter90minsbyliquidscintillationcounting",ChEMBL,359,3.5,CC1CCC(NC(=O)c2cc3cccnc3n(CCCCF)c2=O)CC1,10.1021/jm500807e
114851,Human,7.7,pKi,7.7,Binding,"Displacementof[3H]CP-55,940fromhumanrecombinantCB1RexpressedinHEK-293cellsafter90minsbyliquidscintillationcountingDisplacementof[3H]CP-55,940fromhumanrecombinantCB1RexpressedinHEK-293cellsafter90minsbyliquidscintillationcounting",ChEMBL,373,3.8,CC1CCC(NC(=O)c2cc3cccnc3n(CCCCCF)c2=O)CC1,10.1021/jm500807e
114852,Human,7.5,pKi,7.5,Binding,"Displacementof[3H]CP-55,940fromhumanrecombinantCB1RexpressedinHEK-293cellsafter90minsbyliquidscintillationcountingDisplacementof[3H]CP-55,940fromhumanrecombinantCB1RexpressedinHEK-293cellsafter90minsbyliquidscintillationcounting",ChEMBL,387,4.2,CC1CCC(NC(=O)c2cc3cccnc3n(CCCCCCF)c2=O)CC1,10.1021/jm500807e
114857,Human,5.5,pKi,5.5,Binding,"Displacementof[3H]CP-55,940fromhumanrecombinantCB1RexpressedinHEK-293cellsafter90minsbyliquidscintillationcountingDisplacementof[3H]CP-55,940fromhumanrecombinantCB1RexpressedinHEK-293cellsafter90minsbyliquidscintillationcounting",ChEMBL,499,5.6,COc1ccc(-c2cnc3c(c2)cc(C(=O)NC2CCC(C)CC2)c(=O)n3Cc2ccc(F)cc2)cc1,10.1021/jm500807e
114858,Human,5.5,pKi,5.5,Binding,"Displacementof[3H]CP-55,940fromhumanrecombinantCB1RexpressedinHEK-293cellsafter90minsbyliquidscintillationcountingDisplacementof[3H]CP-55,940fromhumanrecombinantCB1RexpressedinHEK-293cellsafter90minsbyliquidscintillationcounting",ChEMBL,475,5.6,CC1CCC(NC(=O)c2cc3cc(-c4cccs4)cnc3n(Cc3ccc(F)cc3)c2=O)CC1,10.1021/jm500807e
114862,Human,5.5,pKi,5.5,Binding,"Displacementof[3H]CP-55,940fromhumanrecombinantCB1RexpressedinHEK-293cellsafter90minsbyliquidscintillationcountingDisplacementof[3H]CP-55,940fromhumanrecombinantCB1RexpressedinHEK-293cellsafter90minsbyliquidscintillationcounting",ChEMBL,459,5.2,CC1CCC(NC(=O)c2cc3cc(-c4ccco4)cnc3n(Cc3ccc(F)cc3)c2=O)CC1,10.1021/jm500807e
114866,Human,7.5,pKi,7.5,Binding,"Displacementof[3H]CP-55,940fromhumanrecombinantCB1RexpressedinHEK-293cellsafter90minsbyliquidscintillationcountingDisplacementof[3H]CP-55,940fromhumanrecombinantCB1RexpressedinHEK-293cellsafter90minsbyliquidscintillationcounting",ChEMBL,480,3.8,CC1CCC(NC(=O)c2cc3cc(-c4cccs4)cnc3n(CCN3CCOCC3)c2=O)CC1,10.1021/jm500807e
114867,Human,7.2,pKi,7.2,Binding,"Displacementof[3H]CP-55,940fromhumanrecombinantCB1RexpressedinHEK-293cellsafter90minsbyliquidscintillationcountingDisplacementof[3H]CP-55,940fromhumanrecombinantCB1RexpressedinHEK-293cellsafter90minsbyliquidscintillationcounting",ChEMBL,492,3.8,CC1CCC(NC(=O)c2cc3cc(-c4ccc(F)cc4)cnc3n(CCN3CCOCC3)c2=O)CC1,10.1021/jm500807e
114868,Human,7.3,pKi,7.3,Binding,"Displacementof[3H]CP-55,940fromhumanrecombinantCB1RexpressedinHEK-293cellsafter90minsbyliquidscintillationcountingDisplacementof[3H]CP-55,940fromhumanrecombinantCB1RexpressedinHEK-293cellsafter90minsbyliquidscintillationcounting",ChEMBL,464,3.3,CC1CCC(NC(=O)c2cc3cc(-c4ccco4)cnc3n(CCN3CCOCC3)c2=O)CC1,10.1021/jm500807e
116620,Human,4.8,pKi,4.8,Binding,Displacementof[3H]CP55940fromhumanCB1receptorexpressedinCHOcellmembranesafter2hrsDisplacementof[3H]CP55940fromhumanCB1receptorexpressedinCHOcellmembranesafter2hrs,ChEMBL,367,5.1,COc1ccc(-c2cc(C)c(OC)c(C(=O)NC3CCCCCC3)c2)cc1,10.1016/j.ejmech.2016.03.072
116621,Human,6.1,pKi,6.1,Binding,"Displacementof[3H]CP55,940fromhumanrecombinantCB1receptorexpressedinHEK293cellmembranesafter90minsDisplacementof[3H]CP55,940fromhumanrecombinantCB1receptorexpressedinHEK293cellmembranesafter90mins",ChEMBL,337,5.1,COc1c(C)cc(-c2ccccc2)cc1C(=O)NC1CCCCCC1,10.1016/j.ejmech.2014.11.066
116624,Human,6.8,pKi,6.8,Binding,"Displacementof[3H]CP55,940fromhumanrecombinantCB1receptorexpressedinHEK293cellmembranesafter90minsDisplacementof[3H]CP55,940fromhumanrecombinantCB1receptorexpressedinHEK293cellmembranesafter90mins",ChEMBL,355,5.3,COc1c(C)cc(-c2ccc(F)cc2)cc1C(=O)NC1CCCCCC1,10.1016/j.ejmech.2014.11.066
116628,Human,5.8,pKi,5.8,Binding,"Displacementof[3H]CP55,940fromhumanrecombinantCB1receptorexpressedinHEK293cellmembranesafter90minsDisplacementof[3H]CP55,940fromhumanrecombinantCB1receptorexpressedinHEK293cellmembranesafter90mins",ChEMBL,409,6.2,CCCCc1cc(-c2ccc(OC)cc2)cc(C(=O)NC2CCCCCC2)c1OC,10.1016/j.ejmech.2014.11.066
117539,Human,5.3,pKi,5.3,Binding,BindingaffinitytohumanCB1receptorBindingaffinitytohumanCB1receptor,ChEMBL,446,4.8,COc1ccc2c(c1)c(CCN1CCOCC1)c(C)n2C(=O)c1ccc(Cl)cc1Cl,10.1016/j.ejmech.2015.01.028
118160,Human,7.7,pKi,7.7,Binding,Displacementof[3H]-CP-55940fromrecombinanthumanCB1receptoroverexpressedinHEK293cellmembranesafter90minsDisplacementof[3H]-CP-55940fromrecombinanthumanCB1receptoroverexpressedinHEK293cellmembranesafter90mins,ChEMBL,392,4.5,CC1CCC(NC(=O)c2cc3ccccc3n(Cc3ccc(F)cc3)c2=O)CC1,10.1016/j.ejmech.2015.04.034
118161,Human,6.1,pKi,6.1,Binding,Displacementof[3H]-CP-55940fromrecombinanthumanCB1receptoroverexpressedinHEK293cellmembranesafter90minsDisplacementof[3H]-CP-55940fromrecombinanthumanCB1receptoroverexpressedinHEK293cellmembranesafter90mins,ChEMBL,397,2.6,CC1CCC(NC(=O)c2cc3ccccc3n(CCN3CCOCC3)c2=O)CC1,10.1016/j.ejmech.2015.04.034
118162,Human,5.6,pKi,5.6,Binding,Displacementof[3H]-CP-55940fromrecombinanthumanCB1receptoroverexpressedinHEK293cellmembranesafter90minsDisplacementof[3H]-CP-55940fromrecombinanthumanCB1receptoroverexpressedinHEK293cellmembranesafter90mins,ChEMBL,326,3.7,CCCn1c(=O)c(C(=O)NC2CCC(C)CC2)cc2ccccc21,10.1016/j.ejmech.2015.04.034
118163,Human,6.3,pKi,6.3,Binding,Displacementof[3H]-CP-55940fromrecombinanthumanCB1receptoroverexpressedinHEK293cellmembranesafter90minsDisplacementof[3H]-CP-55940fromrecombinanthumanCB1receptoroverexpressedinHEK293cellmembranesafter90mins,ChEMBL,340,4.1,CCCCn1c(=O)c(C(=O)NC2CCC(C)CC2)cc2ccccc21,10.1016/j.ejmech.2015.04.034
118164,Human,6.6,pKi,6.6,Binding,Displacementof[3H]-CP-55940fromrecombinanthumanCB1receptoroverexpressedinHEK293cellmembranesafter90minsDisplacementof[3H]-CP-55940fromrecombinanthumanCB1receptoroverexpressedinHEK293cellmembranesafter90mins,ChEMBL,354,4.5,CCCCCn1c(=O)c(C(=O)NC2CCC(C)CC2)cc2ccccc21,10.1016/j.ejmech.2015.04.034
118165,Human,5.4,pKi,5.4,Binding,Displacementof[3H]-CP-55940fromrecombinanthumanCB1receptoroverexpressedinHEK293cellmembranesafter90minsDisplacementof[3H]-CP-55940fromrecombinanthumanCB1receptoroverexpressedinHEK293cellmembranesafter90mins,ChEMBL,342,2.7,CC1CCC(NC(=O)c2cc3ccccc3n(CCCO)c2=O)CC1,10.1016/j.ejmech.2015.04.034
118166,Human,6.9,pKi,6.9,Binding,Displacementof[3H]-CP-55940fromrecombinanthumanCB1receptoroverexpressedinHEK293cellmembranesafter90minsDisplacementof[3H]-CP-55940fromrecombinanthumanCB1receptoroverexpressedinHEK293cellmembranesafter90mins,ChEMBL,409,3.6,CC1CCC(NC(=O)c2c(O)c3cccnc3n(Cc3ccc(F)cc3)c2=O)CC1,10.1016/j.ejmech.2015.04.034
118167,Human,6.2,pKi,6.2,Binding,Displacementof[3H]-CP-55940fromrecombinanthumanCB1receptoroverexpressedinHEK293cellmembranesafter90minsDisplacementof[3H]-CP-55940fromrecombinanthumanCB1receptoroverexpressedinHEK293cellmembranesafter90mins,ChEMBL,414,1.7,CC1CCC(NC(=O)c2c(O)c3cccnc3n(CCN3CCOCC3)c2=O)CC1,10.1016/j.ejmech.2015.04.034
118168,Human,6.2,pKi,6.2,Binding,Displacementof[3H]-CP-55940fromrecombinanthumanCB1receptoroverexpressedinHEK293cellmembranesafter90minsDisplacementof[3H]-CP-55940fromrecombinanthumanCB1receptoroverexpressedinHEK293cellmembranesafter90mins,ChEMBL,357,3.2,CCCCn1c(=O)c(C(=O)NC2CCC(C)CC2)c(O)c2cccnc21,10.1016/j.ejmech.2015.04.034
104150,Human,7.3,pKi,7.3,Binding,Displacementof[3H]CP55940fromhumanCB1receptorexpressedinCHOK1cellsafter1hrbyliquidscintillationcountinganalysisDisplacementof[3H]CP55940fromhumanCB1receptorexpressedinCHOK1cellsafter1hrbyliquidscintillationcountinganalysis,ChEMBL,413,4.3,CN(CC1CC1)c1ncc(C(=O)N[C@@H]2CCCC[C@H]2O)cc1-c1ccc(Cl)cc1,10.1021/jm4010708
104145,Human,8.0,pKi,8.0,Binding,Displacementof[3H]CP55940fromhumanCB1receptorexpressedinCHOK1cellsafter1hrbyliquidscintillationcountinganalysisDisplacementof[3H]CP55940fromhumanCB1receptorexpressedinCHOK1cellsafter1hrbyliquidscintillationcountinganalysis,ChEMBL,441,4.3,Cc1cc(COc2ncc(C(=O)N[C@@H]3CCCC[C@H]3O)cc2-c2ccc(Cl)cc2)on1,10.1021/jm4010708
104146,Human,7.3,pKi,7.3,Binding,Displacementof[3H]CP55940fromhumanCB1receptorexpressedinCHOK1cellsafter1hrbyliquidscintillationcountinganalysisDisplacementof[3H]CP55940fromhumanCB1receptorexpressedinCHOK1cellsafter1hrbyliquidscintillationcountinganalysis,ChEMBL,438,3.8,O=C(N[C@@H]1CCCC[C@H]1O)c1cnc(OCc2ncccn2)c(-c2ccc(Cl)cc2)c1,10.1021/jm4010708
104147,Human,7.2,pKi,7.2,Binding,Displacementof[3H]CP55940fromhumanCB1receptorexpressedinCHOK1cellsafter1hrbyliquidscintillationcountinganalysisDisplacementof[3H]CP55940fromhumanCB1receptorexpressedinCHOK1cellsafter1hrbyliquidscintillationcountinganalysis,ChEMBL,437,4.4,O=C(N[C@@H]1CCCC[C@H]1O)c1cnc(OCc2ccncc2)c(-c2ccc(Cl)cc2)c1,10.1021/jm4010708
104141,Human,7.9,pKi,7.9,Binding,Displacementof[3H]CP55940fromhumanCB1receptorexpressedinCHOK1cellsafter1hrbyliquidscintillationcountinganalysisDisplacementof[3H]CP55940fromhumanCB1receptorexpressedinCHOK1cellsafter1hrbyliquidscintillationcountinganalysis,ChEMBL,400,4.2,O=C(N[C@@H]1CCCC[C@H]1O)c1cnc(OCC2CC2)c(-c2ccc(Cl)cc2)c1,10.1021/jm4010708
104118,Human,7.2,pKi,7.2,Binding,Displacementof[3H]CP55940fromhumanCB1receptorexpressedinCHOK1cellsafter1hrbyliquidscintillationcountinganalysisDisplacementof[3H]CP55940fromhumanCB1receptorexpressedinCHOK1cellsafter1hrbyliquidscintillationcountinganalysis,ChEMBL,468,5.2,O=C(N[C@@H]1CCCC[C@H]1O)c1cnc(OCC2CC2)c(-c2cc(C(F)(F)F)ccc2Cl)c1,10.1021/jm4010708
104152,Human,6.9,pKi,6.9,Binding,Displacementof[3H]CP55940fromhumanCB1receptorexpressedinCHOK1cellsafter1hrbyliquidscintillationcountinganalysisDisplacementof[3H]CP55940fromhumanCB1receptorexpressedinCHOK1cellsafter1hrbyliquidscintillationcountinganalysis,ChEMBL,434,4.9,O=C(N[C@@H]1CCCC[C@H]1O)c1cnc(OCC2CC2)c(-c2ccc(Cl)cc2Cl)c1,10.1021/jm4010708
104142,Human,8.3,pKi,8.3,Binding,Displacementof[3H]CP55940fromhumanCB1receptorexpressedinCHOK1cellsafter1hrbyliquidscintillationcountinganalysisDisplacementof[3H]CP55940fromhumanCB1receptorexpressedinCHOK1cellsafter1hrbyliquidscintillationcountinganalysis,ChEMBL,404,3.5,COCCOc1ncc(C(=O)N[C@@H]2CCCC[C@H]2O)cc1-c1ccc(Cl)cc1,10.1021/jm4010708
104119,Human,7.4,pKi,7.4,Binding,Displacementof[3H]CP55940fromhumanCB1receptorexpressedinCHOK1cellsafter1hrbyliquidscintillationcountinganalysisDisplacementof[3H]CP55940fromhumanCB1receptorexpressedinCHOK1cellsafter1hrbyliquidscintillationcountinganalysis,ChEMBL,384,3.7,O=C(N[C@@H]1CCCC[C@H]1O)c1cnc(OCC2CC2)c(-c2ccc(F)cc2)c1,10.1021/jm4010708
104120,Human,7.7,pKi,7.7,Binding,Displacementof[3H]CP55940fromhumanCB1receptorexpressedinCHOK1cellsafter1hrbyliquidscintillationcountinganalysisDisplacementof[3H]CP55940fromhumanCB1receptorexpressedinCHOK1cellsafter1hrbyliquidscintillationcountinganalysis,ChEMBL,434,4.6,O=C(N[C@@H]1CCCC[C@H]1O)c1cnc(OCC2CC2)c(-c2ccc(C(F)(F)F)cc2)c1,10.1021/jm4010708
104121,Human,7.6,pKi,7.6,Binding,Displacementof[3H]CP55940fromhumanCB1receptorexpressedinCHOK1cellsafter1hrbyliquidscintillationcountinganalysisDisplacementof[3H]CP55940fromhumanCB1receptorexpressedinCHOK1cellsafter1hrbyliquidscintillationcountinganalysis,ChEMBL,450,4.5,O=C(N[C@@H]1CCCC[C@H]1O)c1cnc(OCC2CC2)c(-c2ccc(OC(F)(F)F)cc2)c1,10.1021/jm4010708
104144,Human,7.4,pKi,7.4,Binding,Displacementof[3H]CP55940fromhumanCB1receptorexpressedinCHOK1cellsafter1hrbyliquidscintillationcountinganalysisDisplacementof[3H]CP55940fromhumanCB1receptorexpressedinCHOK1cellsafter1hrbyliquidscintillationcountinganalysis,ChEMBL,436,5,O=C(N[C@@H]1CCCC[C@H]1O)c1cnc(OCc2ccccc2)c(-c2ccc(Cl)cc2)c1,10.1021/jm4010708
104143,Human,7.9,pKi,7.9,Binding,Displacementof[3H]CP55940fromhumanCB1receptorexpressedinCHOK1cellsafter1hrbyliquidscintillationcountinganalysisDisplacementof[3H]CP55940fromhumanCB1receptorexpressedinCHOK1cellsafter1hrbyliquidscintillationcountinganalysis,ChEMBL,428,4.4,O=C(N[C@@H]1CCCC[C@H]1O)c1cnc(OCC(F)(F)F)c(-c2ccc(Cl)cc2)c1,10.1021/jm4010708
110071,Human,6.7,pKi,6.7,Binding,BindingaffinitytohumanCB1receptorexpressedinCHOcellsbyradioliganddisplacementbasedscintillationcountinganalysisBindingaffinitytohumanCB1receptorexpressedinCHOcellsbyradioliganddisplacementbasedscintillationcountinganalysis,ChEMBL,496,5,Cc1nn2c(=O)n(Cc3ccc(C(F)(F)F)nc3)nc2c(-c2ccncc2)c1-c1ccc(Cl)cc1,10.1021/jm4010835
67396,Human,7.9,pKi,7.9,Binding,BindingaffinitytohumanCB1receptorexpressedinCHOcellsbyradioliganddisplacementbasedscintillationcountinganalysisBindingaffinitytohumanCB1receptorexpressedinCHOcellsbyradioliganddisplacementbasedscintillationcountinganalysis,ChEMBL,482,4.7,O=c1n(Cc2ccc(C(F)(F)F)nc2)nc2c(-c3ccncc3)c(-c3ccc(Cl)cc3)cnn12,10.1021/jm4010835
186699,Human,8.0,pKi,8.0,Binding,Displacementof[3H]CP-55940formhumanrecombinantCB1receptorexpressedinHEK293cellsbyliquidscintillationcountingDisplacementof[3H]CP-55940formhumanrecombinantCB1receptorexpressedinHEK293cellsbyliquidscintillationcounting,ChEMBL,469,4.9,COc1ccc(-c2c(C#N)c(C(=O)NN3CCCCC3)nn2-c2ccc(Cl)cc2Cl)cc1,10.1016/j.ejmech.2008.03.040
186716,Human,8.3,pKi,8.3,Binding,NoneNone,PDSPKiDatabase,479,4.3,COc1ccc(-c2c(C#N)c(C(=O)NN3CCCCC3)nn2-c2ccccc2Br)cc1,None
194165,Human,5.3,pKi,5.3,Binding,Displacementof[3H]CP-55940fromhumanCB1receptorexpressedinCHOcellsDisplacementof[3H]CP-55940fromhumanCB1receptorexpressedinCHOcells,ChEMBL,349,4.2,Cc1nc(C(=O)NC23CC4CC(CC(C4)C2)C3)c(C)n1-c1ccccc1,10.1016/j.bmcl.2009.12.032
194057,Human,5.9,pKi,5.9,Binding,Displacementof[3H]CP-55940fromhumanCB1receptorexpressedinCHOcellsDisplacementof[3H]CP-55940fromhumanCB1receptorexpressedinCHOcells,ChEMBL,373,4.4,Cc1nc(C(=O)NCc2ccccc2C(F)(F)F)c(C)n1-c1ccccc1,10.1016/j.bmcl.2009.12.032
76630,Human,7.2,pKi,7.2,Binding,Displacementof[3H]SR141716AformhumanCB1receptorexpressedinHEK293cellsafter60minsbybetacountingDisplacementof[3H]SR141716AformhumanCB1receptorexpressedinHEK293cellsafter60minsbybetacounting,ChEMBL,373,5,NC1CCCOc2c1nn(-c1ccccc1Cl)c2-c1ccc(Cl)cc1,10.1021/ml3000325
76008,Human,9.1,pKi,9.1,Binding,Displacementof[3H]SR141716AformhumanCB1receptorexpressedinHEK293cellsafter60minsbybetacountingDisplacementof[3H]SR141716AformhumanCB1receptorexpressedinHEK293cellsafter60minsbybetacounting,ChEMBL,415,5.2,CC(=O)NC1CCCOc2c1nn(-c1ccccc1Cl)c2-c1ccc(Cl)cc1,10.1021/ml3000325
76012,Human,9.8,pKi,9.8,Binding,Displacementof[3H]SR141716AformhumanCB1receptorexpressedinHEK293cellsafter60minsbybetacountingDisplacementof[3H]SR141716AformhumanCB1receptorexpressedinHEK293cellsafter60minsbybetacounting,ChEMBL,443,5.8,CC(C)C(=O)NC1CCCOc2c1nn(-c1ccccc1Cl)c2-c1ccc(Cl)cc1,10.1021/ml3000325
76011,Human,9.4,pKi,9.4,Binding,Displacementof[3H]SR141716AformhumanCB1receptorexpressedinHEK293cellsafter60minsbybetacountingDisplacementof[3H]SR141716AformhumanCB1receptorexpressedinHEK293cellsafter60minsbybetacounting,ChEMBL,429,5.6,CCC(=O)NC1CCCOc2c1nn(-c1ccccc1Cl)c2-c1ccc(Cl)cc1,10.1021/ml3000325
76029,Human,9.0,pKi,9.0,Binding,Displacementof[3H]SR141716AformhumanCB1receptorexpressedinHEK293cellsafter60minsbybetacountingDisplacementof[3H]SR141716AformhumanCB1receptorexpressedinHEK293cellsafter60minsbybetacounting,ChEMBL,441,5.7,O=C1CCCN1C1CCCOc2c1nn(-c1ccccc1Cl)c2-c1ccc(Cl)cc1,10.1021/ml3000325
76020,Human,9.6,pKi,9.6,Binding,Displacementof[3H]SR141716AformhumanCB1receptorexpressedinHEK293cellsafter60minsbybetacountingDisplacementof[3H]SR141716AformhumanCB1receptorexpressedinHEK293cellsafter60minsbybetacounting,ChEMBL,459,6.2,CC(C)OC(=O)NC1CCCOc2c1nn(-c1ccccc1Cl)c2-c1ccc(Cl)cc1,10.1021/ml3000325
76019,Human,9.6,pKi,9.6,Binding,Displacementof[3H]SR141716AformhumanCB1receptorexpressedinHEK293cellsafter60minsbybetacountingDisplacementof[3H]SR141716AformhumanCB1receptorexpressedinHEK293cellsafter60minsbybetacounting,ChEMBL,431,5.4,COC(=O)NC1CCCOc2c1nn(-c1ccccc1Cl)c2-c1ccc(Cl)cc1,10.1021/ml3000325
76021,Human,9.9,pKi,9.9,Binding,Displacementof[3H]SR141716AformhumanCB1receptorexpressedinHEK293cellsafter60minsbybetacountingDisplacementof[3H]SR141716AformhumanCB1receptorexpressedinHEK293cellsafter60minsbybetacounting,ChEMBL,444,5.4,CCNC(=O)NC1CCCOc2c1nn(-c1ccccc1Cl)c2-c1ccc(Cl)cc1,10.1021/ml3000325
67069,Human,5.3,pKi,5.3,Binding,"Inhibitionof[3H]SR-141,716AbindingtohumanCB1receptorexpressedinCHOcellsInhibitionof[3H]SR-141,716AbindingtohumanCB1receptorexpressedinCHOcells",ChEMBL,464,4.8,CCCCN1C(=O)NC(c2ccc(Br)cc2)(c2ccc(Br)cc2)C1=O,10.1021/jm049263k
150113,Human,9.6,pKi,9.6,Binding,RadioligandDisplacementAssay(SR141716):Furthercharacterizationofselectcompoundswasperformedusingradioliganddisplacementof[3H]1andequilibriumdissociationconstant(Ki)valuesweredetermined.SelectivityofthesecompoundsatCB1versusCB2wasalsodeterminedbyobtainingKivaluesateitherreceptorusingdisplacementofSR141716([3H]1inmembranesofCHO-K1cellsover-expressingeitherreceptor.Datareportedareaveragevaluesfrom3-6measurements.RadioligandDisplacementAssay(SR141716):Furthercharacterizationofselectcompoundswasperformedusingradioliganddisplacementof[3H]1andequilibriumdissociationconstant(Ki)valuesweredetermined.SelectivityofthesecompoundsatCB1versusCB2wasalsodeterminedbyobtainingKivaluesateitherreceptorusingdisplacementofSR141716([3H]1inmembranesofCHO-K1cellsover-expressingeitherreceptor.Datareportedareaveragevaluesfrom3-6measurements.,ChEMBL,541,6.9,NC(=O)C1(c2ccccc2)CCC(c2ncnc3c2nc(-c2ccccc2Cl)n3-c2ccc(Cl)cc2)CC1,
148384,Human,8.0,pKi,8.0,Binding,RadioligandDisplacementAssay(CP55940):Furthercharacterizationofselectcompoundswasperformedusingradioliganddisplacementof[3H]1andequilibriumdissociationconstant(Ki)valuesweredetermined.SelectivityofthesecompoundsatCB1versusCB2wasalsodeterminedbyobtainingKivaluesateitherreceptorusingdisplacementof[3H]CP55940inmembranesofCHO-K1cellsover-expressingeitherreceptor.Datareportedareaveragevaluesfrom3-6measurements.RadioligandDisplacementAssay(CP55940):Furthercharacterizationofselectcompoundswasperformedusingradioliganddisplacementof[3H]1andequilibriumdissociationconstant(Ki)valuesweredetermined.SelectivityofthesecompoundsatCB1versusCB2wasalsodeterminedbyobtainingKivaluesateitherreceptorusingdisplacementof[3H]CP55940inmembranesofCHO-K1cellsover-expressingeitherreceptor.Datareportedareaveragevaluesfrom3-6measurements.,ChEMBL,513,7.3,NC1(c2ccccc2)CCC(c2ncnc3c2nc(-c2ccccc2Cl)n3-c2ccc(Cl)cc2)CC1,
151735,Human,8.2,pKi,8.2,Binding,RadioligandDisplacementAssay(CP55940):Furthercharacterizationofselectcompoundswasperformedusingradioliganddisplacementof[3H]1andequilibriumdissociationconstant(Ki)valuesweredetermined.SelectivityofthesecompoundsatCB1versusCB2wasalsodeterminedbyobtainingKivaluesateitherreceptorusingdisplacementof[3H]CP55940inmembranesofCHO-K1cellsover-expressingeitherreceptor.Datareportedareaveragevaluesfrom3-6measurements.RadioligandDisplacementAssay(CP55940):Furthercharacterizationofselectcompoundswasperformedusingradioliganddisplacementof[3H]1andequilibriumdissociationconstant(Ki)valuesweredetermined.SelectivityofthesecompoundsatCB1versusCB2wasalsodeterminedbyobtainingKivaluesateitherreceptorusingdisplacementof[3H]CP55940inmembranesofCHO-K1cellsover-expressingeitherreceptor.Datareportedareaveragevaluesfrom3-6measurements.,ChEMBL,591,6.9,CS(=O)(=O)NC1(c2ccccc2)CCC(c2ncnc3c2nc(-c2ccccc2Cl)n3-c2ccc(Cl)cc2)CC1,
120836,Human,6.9,pKi,6.9,Binding,Displacementof[3H]CP55940fromfulllengthhumanrecombinantCB1receptorexpressedinHEK293cellsafter90minsbyscintillationcountinganalysisDisplacementof[3H]CP55940fromfulllengthhumanrecombinantCB1receptorexpressedinHEK293cellsafter90minsbyscintillationcountinganalysis,ChEMBL,330,4.7,C=C1CC[C@@H]2[C@H](c3c(O)cc(CCCCC)cc3OC2(C)C)[C@H]1O,10.1021/acs.jnatprod.5b00065
120837,Human,6.7,pKi,6.7,Binding,Displacementof[3H]CP55940fromfulllengthhumanrecombinantCB1receptorexpressedinHEK293cellsafter90minsbyscintillationcountinganalysisDisplacementof[3H]CP55940fromfulllengthhumanrecombinantCB1receptorexpressedinHEK293cellsafter90minsbyscintillationcountinganalysis,ChEMBL,330,4.9,CCCCCc1cc(O)c2c(c1)OC(C)(C)[C@@H]1CC[C@@]3(C)O[C@H]3[C@@H]21,10.1021/acs.jnatprod.5b00065
120838,Human,7.3,pKi,7.3,Binding,Displacementof[3H]CP55940fromfulllengthhumanrecombinantCB1receptorexpressedinHEK293cellsafter90minsbyscintillationcountinganalysisDisplacementof[3H]CP55940fromfulllengthhumanrecombinantCB1receptorexpressedinHEK293cellsafter90minsbyscintillationcountinganalysis,ChEMBL,416,5,CCCCCc1cc2c(c(O)c1C(=O)O)[C@@H]1C=C(COC(C)=O)CC[C@H]1C(C)(C)O2,10.1021/acs.jnatprod.5b00065
121417,Human,6.2,pKi,6.2,Binding,Displacementof[3H]-CP55940fromhumanrecombinantCB1receptorexpressedinHEK293cellsafter90minsbyscintillationcountinganalysisDisplacementof[3H]-CP55940fromhumanrecombinantCB1receptorexpressedinHEK293cellsafter90minsbyscintillationcountinganalysis,ChEMBL,465,5.7,COC[C@@H](COC(C)=O)N(C)C(=O)CC/C=C/CCCCC(Cl)CCCCCCCl,10.1021/acs.jnatprod.5b00301
121418,Human,6.4,pKi,6.4,Binding,Displacementof[3H]-CP55940fromhumanrecombinantCB1receptorexpressedinHEK293cellsafter90minsbyscintillationcountinganalysisDisplacementof[3H]-CP55940fromhumanrecombinantCB1receptorexpressedinHEK293cellsafter90minsbyscintillationcountinganalysis,ChEMBL,499,6.3,COC[C@@H](COC(C)=O)N(C)C(=O)CC/C=C/CCCCC(Cl)CCCCCC(Cl)Cl,10.1021/acs.jnatprod.5b00301
122014,Human,6.5,pKi,6.5,Binding,Displacementof[3H]-CP55940fromCB1receptor(unknownorigin)expressedinCHOcellmembranesafter90minsbyliquidscintillationcountinganalysisDisplacementof[3H]-CP55940fromCB1receptor(unknownorigin)expressedinCHOcellmembranesafter90minsbyliquidscintillationcountinganalysis,ChEMBL,364,5.8,O=C(c1cc(O)c(-c2cc(Cl)cc(Cl)c2)c(O)c1)C1CCCCC1,10.1016/j.bmc.2015.07.057
122015,Human,5.0,pKi,5.0,Binding,Displacementof[3H]-CP55940fromCB1receptor(unknownorigin)expressedinCHOcellmembranesafter90minsbyliquidscintillationcountinganalysisDisplacementof[3H]-CP55940fromCB1receptor(unknownorigin)expressedinCHOcellmembranesafter90minsbyliquidscintillationcountinganalysis,ChEMBL,372,5.6,Cc1ccc(C(=O)c2cc(O)c(-c3cc(Cl)cc(Cl)c3)c(O)c2)cc1,10.1016/j.bmc.2015.07.057
122017,Human,5.4,pKi,5.4,Binding,Displacementof[3H]-CP55940fromCB1receptor(unknownorigin)expressedinCHOcellmembranesafter90minsbyliquidscintillationcountinganalysisDisplacementof[3H]-CP55940fromCB1receptor(unknownorigin)expressedinCHOcellmembranesafter90minsbyliquidscintillationcountinganalysis,ChEMBL,426,6.3,O=C(c1cccc(C(F)(F)F)c1)c1cc(O)c(-c2cc(Cl)cc(Cl)c2)c(O)c1,10.1016/j.bmc.2015.07.057
122018,Human,5.9,pKi,5.9,Binding,Displacementof[3H]-CP55940fromCB1receptor(unknownorigin)expressedinCHOcellmembranesafter90minsbyliquidscintillationcountinganalysisDisplacementof[3H]-CP55940fromCB1receptor(unknownorigin)expressedinCHOcellmembranesafter90minsbyliquidscintillationcountinganalysis,ChEMBL,386,5.9,CCc1ccc(C(=O)c2cc(O)c(-c3cc(Cl)cc(Cl)c3)c(O)c2)cc1,10.1016/j.bmc.2015.07.057
122021,Human,5.5,pKi,5.5,Binding,Displacementof[3H]-CP55940fromCB1receptor(unknownorigin)expressedinCHOcellmembranesafter90minsbyliquidscintillationcountinganalysisDisplacementof[3H]-CP55940fromCB1receptor(unknownorigin)expressedinCHOcellmembranesafter90minsbyliquidscintillationcountinganalysis,ChEMBL,400,6.4,CC(C)c1ccc(C(=O)c2cc(O)c(-c3cc(Cl)cc(Cl)c3)c(O)c2)cc1,10.1016/j.bmc.2015.07.057
122023,Human,5.6,pKi,5.6,Binding,Displacementof[3H]-CP55940fromCB1receptor(unknownorigin)expressedinCHOcellmembranesafter90minsbyliquidscintillationcountinganalysisDisplacementof[3H]-CP55940fromCB1receptor(unknownorigin)expressedinCHOcellmembranesafter90minsbyliquidscintillationcountinganalysis,ChEMBL,414,6.6,CC(C)(C)c1ccc(C(=O)c2cc(O)c(-c3cc(Cl)cc(Cl)c3)c(O)c2)cc1,10.1016/j.bmc.2015.07.057
122024,Human,5.3,pKi,5.3,Binding,Displacementof[3H]-CP55940fromCB1receptor(unknownorigin)expressedinCHOcellmembranesafter90minsbyliquidscintillationcountinganalysisDisplacementof[3H]-CP55940fromCB1receptor(unknownorigin)expressedinCHOcellmembranesafter90minsbyliquidscintillationcountinganalysis,ChEMBL,392,6,O=C(c1ccc(Cl)cc1)c1cc(O)c(-c2cc(Cl)cc(Cl)c2)c(O)c1,10.1016/j.bmc.2015.07.057
122435,Human,5.8,pKi,5.8,Binding,Displacementof[3H]-CP55940fromhumanCB1receptortransfectedinHEK293EBNAcellmembranesafter90minsbyliquidscintillationcountinganalysisDisplacementof[3H]-CP55940fromhumanCB1receptortransfectedinHEK293EBNAcellmembranesafter90minsbyliquidscintillationcountinganalysis,ChEMBL,474,7.4,Cc1ccc(Cn2cc(C(=O)N[C@@H]3C(C)(C)C4CC[C@@]3(C)C4)cc2-c2ccc(Cl)c(C)c2)cc1,10.1016/j.ejmech.2015.06.057
122437,Human,6.4,pKi,6.4,Binding,Displacementof[3H]-CP55940fromhumanCB1receptortransfectedinHEK293EBNAcellmembranesafter90minsbyliquidscintillationcountinganalysisDisplacementof[3H]-CP55940fromhumanCB1receptortransfectedinHEK293EBNAcellmembranesafter90minsbyliquidscintillationcountinganalysis,ChEMBL,474,7.4,Cc1ccc(Cn2cc(C(=O)N[C@@H]3CC4CC[C@@]3(C)C4(C)C)cc2-c2ccc(Cl)c(C)c2)cc1,10.1016/j.ejmech.2015.06.057
122442,Human,5.5,pKi,5.5,Binding,Displacementof[3H]-CP55940fromhumanCB1receptortransfectedinHEK293EBNAcellmembranesafter90minsbyliquidscintillationcountinganalysisDisplacementof[3H]-CP55940fromhumanCB1receptortransfectedinHEK293EBNAcellmembranesafter90minsbyliquidscintillationcountinganalysis,ChEMBL,406,6.1,Cc1ccc(Cn2cc(C(=O)N3CCCCC3)cc2-c2ccc(Cl)c(C)c2)cc1,10.1016/j.ejmech.2015.06.057
136972,Human,8.1,pKi,8.1,Binding,Displacementof[3H]CP55940fromhumanCB1receptorexpressedinCHOcellmembranesDisplacementof[3H]CP55940fromhumanCB1receptorexpressedinCHOcellmembranes,ChEMBL,548,6.5,CCCOC(=O)N1CCC(NC(=O)c2nn(-c3ccc(Cl)cc3Cl)c(-c3ccc(Cl)cc3)c2C)CC1,10.1016/j.bmc.2016.01.033
136892,Human,8.7,pKi,8.7,Binding,Displacementof[3H]CP55940fromhumanCB1receptorexpressedinCHOcellmembranesDisplacementof[3H]CP55940fromhumanCB1receptorexpressedinCHOcellmembranes,ChEMBL,558,6.1,Cc1c(C(=O)NC2CCN(C(=O)C(F)(F)F)CC2)nn(-c2ccc(Cl)cc2Cl)c1-c1ccc(Cl)cc1,10.1016/j.bmc.2016.01.033
136999,Human,7.8,pKi,7.8,Binding,Displacementof[3H]CP55940fromhumanCB1receptorexpressedinCHOcellmembranesDisplacementof[3H]CP55940fromhumanCB1receptorexpressedinCHOcellmembranes,ChEMBL,546,6.7,CCCCC(=O)N1CCC(NC(=O)c2nn(-c3ccc(Cl)cc3Cl)c(-c3ccc(Cl)cc3)c2C)CC1,10.1016/j.bmc.2016.01.033
136920,Human,7.4,pKi,7.4,Binding,Displacementof[3H]CP55940fromhumanCB1receptorexpressedinCHOcellmembranesDisplacementof[3H]CP55940fromhumanCB1receptorexpressedinCHOcellmembranes,ChEMBL,554,5.4,CCS(=O)(=O)N1CCC(NC(=O)c2nn(-c3ccc(Cl)cc3Cl)c(-c3ccc(Cl)cc3)c2C)CC1,10.1016/j.bmc.2016.01.033
136976,Human,8.0,pKi,8.0,Binding,Displacementof[3H]CP55940fromhumanCB1receptorexpressedinCHOcellmembranesDisplacementof[3H]CP55940fromhumanCB1receptorexpressedinCHOcellmembranes,ChEMBL,622,6.3,Cc1c(C(=O)NC2CCN(S(=O)(=O)CCC(F)(F)F)CC2)nn(-c2ccc(Cl)cc2Cl)c1-c1ccc(Cl)cc1,10.1016/j.bmc.2016.01.033
136870,Human,7.5,pKi,7.5,Binding,Displacementof[3H]CP55940fromhumanCB1receptorexpressedinCHOcellmembranesDisplacementof[3H]CP55940fromhumanCB1receptorexpressedinCHOcellmembranes,ChEMBL,546,6.6,Cc1c(C(=O)NC2CCN(C(=O)CC(C)C)CC2)nn(-c2ccc(Cl)cc2Cl)c1-c1ccc(Cl)cc1,10.1016/j.bmc.2016.01.033
136977,Human,8.0,pKi,8.0,Binding,Displacementof[3H]CP55940fromhumanCB1receptorexpressedinCHOcellmembranesDisplacementof[3H]CP55940fromhumanCB1receptorexpressedinCHOcellmembranes,ChEMBL,558,6.7,Cc1c(C(=O)NC2CCN(C(=O)C3CCCC3)CC2)nn(-c2ccc(Cl)cc2Cl)c1-c1ccc(Cl)cc1,10.1016/j.bmc.2016.01.033
136889,Human,7.4,pKi,7.4,Binding,Displacementof[3H]CP55940fromhumanCB1receptorexpressedinCHOcellmembranesDisplacementof[3H]CP55940fromhumanCB1receptorexpressedinCHOcellmembranes,ChEMBL,582,6,Cc1c(C(=O)NC2CCN(S(=O)(=O)CC(C)C)CC2)nn(-c2ccc(Cl)cc2Cl)c1-c1ccc(Cl)cc1,10.1016/j.bmc.2016.01.033
136973,Human,7.4,pKi,7.4,Binding,Displacementof[3H]CP55940fromhumanCB1receptorexpressedinCHOcellmembranesDisplacementof[3H]CP55940fromhumanCB1receptorexpressedinCHOcellmembranes,ChEMBL,602,6.4,Cc1c(C(=O)NC2CCN(S(=O)(=O)c3ccccc3)CC2)nn(-c2ccc(Cl)cc2Cl)c1-c1ccc(Cl)cc1,10.1016/j.bmc.2016.01.033
136936,Human,8.1,pKi,8.1,Binding,Displacementof[3H]CP55940fromhumanCB1receptorexpressedinCHOcellmembranesDisplacementof[3H]CP55940fromhumanCB1receptorexpressedinCHOcellmembranes,ChEMBL,566,6.8,Cc1c(C(=O)NC2CCN(C(=O)c3ccccc3)CC2)nn(-c2ccc(Cl)cc2Cl)c1-c1ccc(Cl)cc1,10.1016/j.bmc.2016.01.033
138075,Human,5.4,pKi,5.4,Binding,Displacementof[3H]CP55940fromhumanCB1receptorexpressedinHEK293-EBNAcellmembraneincubatedfor90minsbyliquidscintillationcountingmethodDisplacementof[3H]CP55940fromhumanCB1receptorexpressedinHEK293-EBNAcellmembraneincubatedfor90minsbyliquidscintillationcountingmethod,ChEMBL,468,4.6,O=C(NN1CCOCC1)c1nn(-c2ccc(Cl)cc2Cl)c2c1Cc1cc(C3CC3)ccc1-2,10.1016/j.ejmech.2016.02.005
138084,Human,5.7,pKi,5.7,Binding,Displacementof[3H]CP55940fromhumanCB1receptorexpressedinHEK293-EBNAcellmembraneincubatedfor90minsbyliquidscintillationcountingmethodDisplacementof[3H]CP55940fromhumanCB1receptorexpressedinHEK293-EBNAcellmembraneincubatedfor90minsbyliquidscintillationcountingmethod,ChEMBL,466,5.8,O=C(NN1CCCCC1)c1nn(-c2ccc(Cl)cc2Cl)c2c1Cc1cc(C3CC3)ccc1-2,10.1016/j.ejmech.2016.02.005
137772,Human,6.2,pKi,6.2,Binding,"Displacementof[3H]CP-55,940fromhumanCB1receptorexpressedinCHOcellmembranesafter90minsbyscintillationcountinganalysisDisplacementof[3H]CP-55,940fromhumanCB1receptorexpressedinCHOcellmembranesafter90minsbyscintillationcountinganalysis",ChEMBL,411,3.6,CCCCCn1cc(C(=O)NC23CC4CC(C)(CC(C)(C4)C2)C3)c(=O)n2ncnc12,10.1016/j.ejmech.2016.02.032
137780,Human,6.3,pKi,6.3,Binding,"Displacementof[3H]CP-55,940fromhumanCB1receptorexpressedinCHOcellmembranesafter90minsbyscintillationcountinganalysisDisplacementof[3H]CP-55,940fromhumanCB1receptorexpressedinCHOcellmembranesafter90minsbyscintillationcountinganalysis",ChEMBL,345,2.5,CCCCCn1cc(C(=O)NC2CCCCC2)c(=O)n2nc(C)nc12,10.1016/j.ejmech.2016.02.032
137652,Human,6.3,pKi,6.3,Binding,"Displacementof[3H]CP-55,940fromhumanCB1receptorexpressedinCHOcellmembranesafter90minsbyscintillationcountinganalysisDisplacementof[3H]CP-55,940fromhumanCB1receptorexpressedinCHOcellmembranesafter90minsbyscintillationcountinganalysis",ChEMBL,397,3.1,CCCCCn1cc(C(=O)NC23CC4CC(CC(C4)C2)C3)c(=O)n2nc(C)nc12,10.1016/j.ejmech.2016.02.032
137864,Human,5.5,pKi,5.5,Binding,"Displacementof[3H]CP-55,940fromhumanCB1receptorexpressedinCHOcellmembranesafter90minsbyscintillationcountinganalysisDisplacementof[3H]CP-55,940fromhumanCB1receptorexpressedinCHOcellmembranesafter90minsbyscintillationcountinganalysis",ChEMBL,407,3.8,CCCCCn1cc(C(=O)NC2CCCCC2)c(=O)n2nc(-c3ccccc3)nc12,10.1016/j.ejmech.2016.02.032
137809,Human,6.1,pKi,6.1,Binding,"Displacementof[3H]CP-55,940fromhumanCB1receptorexpressedinCHOcellmembranesafter90minsbyscintillationcountinganalysisDisplacementof[3H]CP-55,940fromhumanCB1receptorexpressedinCHOcellmembranesafter90minsbyscintillationcountinganalysis",ChEMBL,345,2.5,CCCCCn1cc(C(=O)NC2CCCCCC2)c(=O)n2ncnc12,10.1016/j.ejmech.2016.02.032
137782,Human,5.6,pKi,5.6,Binding,"Displacementof[3H]CP-55,940fromhumanCB1receptorexpressedinCHOcellmembranesafter90minsbyscintillationcountinganalysisDisplacementof[3H]CP-55,940fromhumanCB1receptorexpressedinCHOcellmembranesafter90minsbyscintillationcountinganalysis",ChEMBL,421,4.2,CCCCCn1cc(C(=O)NC2CCCCCC2)c(=O)n2nc(-c3ccccc3)nc12,10.1016/j.ejmech.2016.02.032
137677,Human,6.2,pKi,6.2,Binding,"Displacementof[3H]CP-55,940fromhumanCB1receptorexpressedinCHOcellmembranesafter90minsbyscintillationcountinganalysisDisplacementof[3H]CP-55,940fromhumanCB1receptorexpressedinCHOcellmembranesafter90minsbyscintillationcountinganalysis",ChEMBL,487,5.2,CCCCCn1cc(C(=O)NC23CC4CC(C)(CC(C)(C4)C2)C3)c(=O)n2nc(-c3ccccc3)nc12,10.1016/j.ejmech.2016.02.032
137978,Human,5.4,pKi,5.4,Binding,Displacementof[3H]CP55940fromhumanCB1receptorexpressedinHEK293-EBNAcellmembraneincubatedfor90minsbyliquidscintillationcountingmethodDisplacementof[3H]CP55940fromhumanCB1receptorexpressedinHEK293-EBNAcellmembraneincubatedfor90minsbyliquidscintillationcountingmethod,ChEMBL,452,5.4,O=C(NN1CCCC1)c1nn(-c2ccc(Cl)cc2Cl)c2c1Cc1cc(C3CC3)ccc1-2,10.1016/j.ejmech.2016.02.005
137726,Human,5.8,pKi,5.8,Binding,"Displacementof[3H]CP-55,940fromhumanCB1receptorexpressedinCHOcellmembranesafter90minsbyscintillationcountinganalysisDisplacementof[3H]CP-55,940fromhumanCB1receptorexpressedinCHOcellmembranesafter90minsbyscintillationcountinganalysis",ChEMBL,473,4.8,CCCCCn1cc(C(=O)NC23CC4CC(CC(C4)C2)C3)c(=O)n2nc(-c3ccc(C)cc3)nc12,10.1016/j.ejmech.2016.02.032
137666,Human,5.9,pKi,5.9,Binding,"Displacementof[3H]CP-55,940fromhumanCB1receptorexpressedinCHOcellmembranesafter90minsbyscintillationcountinganalysisDisplacementof[3H]CP-55,940fromhumanCB1receptorexpressedinCHOcellmembranesafter90minsbyscintillationcountinganalysis",ChEMBL,449,4,CCCCCn1cc(C(=O)NC23CC4CC(CC(C4)C2)C3)c(=O)n2nc(-c3ccco3)nc12,10.1016/j.ejmech.2016.02.032
137730,Human,5.3,pKi,5.3,Binding,"Displacementof[3H]CP-55,940fromhumanCB1receptorexpressedinCHOcellmembranesafter90minsbyscintillationcountinganalysisDisplacementof[3H]CP-55,940fromhumanCB1receptorexpressedinCHOcellmembranesafter90minsbyscintillationcountinganalysis",ChEMBL,441,4.5,CCCCCn1cc(C(=O)NC2CCCCC2)c(=O)n2nc(-c3ccc(Cl)cc3)nc12,10.1016/j.ejmech.2016.02.032
137774,Human,5.3,pKi,5.3,Binding,"Displacementof[3H]CP-55,940fromhumanCB1receptorexpressedinCHOcellmembranesafter90minsbyscintillationcountinganalysisDisplacementof[3H]CP-55,940fromhumanCB1receptorexpressedinCHOcellmembranesafter90minsbyscintillationcountinganalysis",ChEMBL,493,5.1,CCCCCn1cc(C(=O)NC23CC4CC(CC(C4)C2)C3)c(=O)n2nc(-c3ccc(Cl)cc3)nc12,10.1016/j.ejmech.2016.02.032
137752,Human,5.2,pKi,5.2,Binding,"Displacementof[3H]CP-55,940fromhumanCB1receptorexpressedinCHOcellmembranesafter90minsbyscintillationcountinganalysisDisplacementof[3H]CP-55,940fromhumanCB1receptorexpressedinCHOcellmembranesafter90minsbyscintillationcountinganalysis",ChEMBL,437,3.8,CCCCCn1cc(C(=O)NC2CCCCC2)c(=O)n2nc(-c3ccc(OC)cc3)nc12,10.1016/j.ejmech.2016.02.032
137696,Human,5.4,pKi,5.4,Binding,"Displacementof[3H]CP-55,940fromhumanCB1receptorexpressedinCHOcellmembranesafter90minsbyscintillationcountinganalysisDisplacementof[3H]CP-55,940fromhumanCB1receptorexpressedinCHOcellmembranesafter90minsbyscintillationcountinganalysis",ChEMBL,489,4.5,CCCCCn1cc(C(=O)NC23CC4CC(CC(C4)C2)C3)c(=O)n2nc(-c3ccc(OC)cc3)nc12,10.1016/j.ejmech.2016.02.032
137697,Human,5.2,pKi,5.2,Binding,"Displacementof[3H]CP-55,940fromhumanCB1receptorexpressedinCHOcellmembranesafter90minsbyscintillationcountinganalysisDisplacementof[3H]CP-55,940fromhumanCB1receptorexpressedinCHOcellmembranesafter90minsbyscintillationcountinganalysis",ChEMBL,435,4.5,CCCCCn1cc(C(=O)NC2CCCCCC2)c(=O)n2nc(-c3ccc(C)cc3)nc12,10.1016/j.ejmech.2016.02.032
139021,Human,5.8,pKi,5.8,Binding,Displacementof[3H]CP55940fromhumanCB1receptorexpressedinCHOcellmembranesafter2hrsDisplacementof[3H]CP55940fromhumanCB1receptorexpressedinCHOcellmembranesafter2hrs,ChEMBL,413,6.4,COc1c(Cc2ccccc2)cc(-c2ccccc2)cc1C(=O)NC1CCCCCC1,10.1016/j.ejmech.2016.03.072
138923,Human,5.6,pKi,5.6,Binding,Displacementof[3H]CP55940fromhumanCB1receptorexpressedinCHOcellmembranesafter2hrsDisplacementof[3H]CP55940fromhumanCB1receptorexpressedinCHOcellmembranesafter2hrs,ChEMBL,449,6.7,COc1c(Cc2ccc(F)cc2)cc(-c2ccc(F)cc2)cc1C(=O)NC1CCCCCC1,10.1016/j.ejmech.2016.03.072
139068,Human,5.2,pKi,5.2,Binding,Displacementof[3H]CP55940fromhumanCB1receptorexpressedinCHOcellmembranesafter2hrsDisplacementof[3H]CP55940fromhumanCB1receptorexpressedinCHOcellmembranesafter2hrs,ChEMBL,397,6.3,CCCCc1cc(-c2ccc(F)cc2)cc(C(=O)NC2CCCCCC2)c1OC,10.1016/j.ejmech.2016.03.072
139210,Human,6.0,pKi,6.0,Binding,Displacementof[3H]CP55940fromhumanCB1receptorexpressedinCHOcellmembranesafter2hrsDisplacementof[3H]CP55940fromhumanCB1receptorexpressedinCHOcellmembranesafter2hrs,ChEMBL,431,6.5,COc1c(Cc2ccc(F)cc2)cc(-c2ccccc2)cc1C(=O)NC1CCCCCC1,10.1016/j.ejmech.2016.03.072
139170,Human,6.2,pKi,6.2,Binding,Displacementof[3H]CP55940fromhumanCB1receptorexpressedinCHOcellmembranesafter2hrsDisplacementof[3H]CP55940fromhumanCB1receptorexpressedinCHOcellmembranesafter2hrs,ChEMBL,322,5.7,C=CCc1ccc(O)c(-c2ccc(OCCCC)c(CC=C)c2)c1,10.1016/j.ejmech.2016.03.072
138928,Human,5.7,pKi,5.7,Binding,Displacementof[3H]CP55940fromhumanCB1receptorexpressedinCHOcellmembranesafter2hrsDisplacementof[3H]CP55940fromhumanCB1receptorexpressedinCHOcellmembranesafter2hrs,ChEMBL,379,6.2,CCCCc1cc(-c2ccccc2)cc(C(=O)NC2CCCCCC2)c1OC,10.1016/j.ejmech.2016.03.072
192036,Human,7.6,pKi,7.6,Binding,BindingaffinitytoCB1receptorBindingaffinitytoCB1receptor,ChEMBL,354,7.5,CCCCCCC(C)(C)c1ccc2c(c1)OC(C)(C)[C@@H]1CC=C(C)C[C@@H]21,10.1016/j.bmc.2010.09.061
185754,Human,6.3,pKi,6.3,Binding,NoneNone,PDSPKiDatabase,329,4.6,O=C(Cc1ccccc1)NCCC(c1ccccc1)c1ccccc1,None
190682,Human,6.2,pKi,6.2,Binding,Bindingaffinityagainsthumancannabinoidreceptorbyusingradioligand([3H]CP-55940)assay.Bindingaffinityagainsthumancannabinoidreceptorbyusingradioligand([3H]CP-55940)assay.,ChEMBL,386,6.6,CCCCCCC(C)(C)c1cc(OC)c2c(c1)OC(C)(C)[C@@H]1CCC(=O)C[C@@H]21,10.1016/0960-894X(95)00573-C
169971,Human,5.2,pKi,5.2,Binding,"Displacementof[3H]CP-55,940fromhumanCB1receptorexpressedinCHOcellmembraneafter90minsbyscintillationcountingmethodDisplacementof[3H]CP-55,940fromhumanCB1receptorexpressedinCHOcellmembraneafter90minsbyscintillationcountingmethod",ChEMBL,438,5.8,Cc1ccc(-c2cc3ncccc3c3cc(C(=O)N[C@H]4CC5CCC4(C)C5(C)C)nn23)cc1,10.1016/j.bmc.2016.08.055
170331,Human,5.2,pKi,5.2,Binding,"Displacementof[3H]CP-55,940fromhumanCB1receptorexpressedinCHOcellmembraneafter90minsbyscintillationcountingmethodDisplacementof[3H]CP-55,940fromhumanCB1receptorexpressedinCHOcellmembraneafter90minsbyscintillationcountingmethod",ChEMBL,436,5.6,Cc1ccc(-c2cc3ncccc3c3cc(C(=O)NC45CC6CC(CC(C6)C4)C5)nn23)cc1,10.1016/j.bmc.2016.08.055
164141,Human,8.7,pKi,8.7,Binding,Displacementof[3H]CP55940fromhumanCB1expressedinCHOK1cellmembranesDisplacementof[3H]CP55940fromhumanCB1expressedinCHOK1cellmembranes,ChEMBL,506,6.2,Clc1ccc(-n2c(-c3ccccc3Cl)nc3c(N4CCN(C5CCCCC5)CC4)ncnc32)cc1,10.1021/acs.jmedchem.7b01820
164405,Human,7.9,pKi,7.9,Binding,Displacementof[3H]CP55940fromhumanCB1expressedinCHOK1cellmembranesDisplacementof[3H]CP55940fromhumanCB1expressedinCHOK1cellmembranes,ChEMBL,529,5.5,Clc1ccc(-n2c(-c3ccccc3Cl)nc3c(N4CCN(CCc5ccncc5)CC4)ncnc32)cc1,10.1021/acs.jmedchem.7b01820
170558,Human,8.2,pKi,8.2,Binding,Displacementof[3H]CP55940fromhumanCB1receptorexpressedinHEK293cellmembranesDisplacementof[3H]CP55940fromhumanCB1receptorexpressedinHEK293cellmembranes,ChEMBL,557,6.6,O=C(Nc1ccccc1)NC1CCN(c2ncnc3c2nc(-c2ccccc2Cl)n3-c2ccc(Cl)cc2)CC1,10.1021/acs.jmedchem.9b00727
164872,Human,8.3,pKi,8.3,Binding,Displacementof[3H]-CP55940fromhumanCB1receptorexpressedinHEK293cellmembranesafter1hrbyliquidscintillationspectrometryDisplacementof[3H]-CP55940fromhumanCB1receptorexpressedinHEK293cellmembranesafter1hrbyliquidscintillationspectrometry,ChEMBL,579,6.4,O=C(Nc1ccc(F)cc1F)N1CCN(c2ncnc3c2nc(-c2ccccc2Cl)n3-c2ccc(Cl)cc2)CC1,10.1016/j.bmc.2018.07.043
164273,Human,8.4,pKi,8.4,Binding,Displacementof[3H]CP55940fromhumanCB1expressedinCHOK1cellmembranesDisplacementof[3H]CP55940fromhumanCB1expressedinCHOK1cellmembranes,ChEMBL,528,6.4,Cc1ccccc1CN1CCN(c2ncnc3c2nc(-c2ccccc2Cl)n3-c2ccc(Cl)cc2)CC1,10.1021/acs.jmedchem.7b01820
164348,Human,8.7,pKi,8.7,Binding,Displacementof[3H]CP55940fromhumanCB1expressedinCHOK1cellmembranesDisplacementof[3H]CP55940fromhumanCB1expressedinCHOK1cellmembranes,ChEMBL,500,6.1,Clc1ccc(-n2c(-c3ccccc3Cl)nc3c(N4CCN(c5ccccc5)CC4)ncnc32)cc1,10.1021/acs.jmedchem.7b01820
164760,Human,7.6,pKi,7.6,Binding,Displacementof[3H]-CP55940fromhumanCB1receptorexpressedinHEK293cellmembranesafter1hrbyliquidscintillationspectrometryDisplacementof[3H]-CP55940fromhumanCB1receptorexpressedinHEK293cellmembranesafter1hrbyliquidscintillationspectrometry,ChEMBL,603,6.5,O=C(NC1(C(F)(F)F)CCCC1)N1CCN(c2ncnc3c2nc(-c2ccccc2Cl)n3-c2ccc(Cl)cc2)CC1,10.1016/j.bmc.2018.07.043
164184,Human,7.9,pKi,7.9,Binding,Displacementof[3H]CP55940fromhumanCB1expressedinCHOK1cellmembranesDisplacementof[3H]CP55940fromhumanCB1expressedinCHOK1cellmembranes,ChEMBL,544,6.1,COc1ccc(CN2CCN(c3ncnc4c3nc(-c3ccccc3Cl)n4-c3ccc(Cl)cc3)CC2)cc1,10.1021/acs.jmedchem.7b01820
164261,Human,8.7,pKi,8.7,Binding,Displacementof[3H]CP55940fromhumanCB1expressedinCHOK1cellmembranesDisplacementof[3H]CP55940fromhumanCB1expressedinCHOK1cellmembranes,ChEMBL,528,6.2,Clc1ccc(-n2c(-c3ccccc3Cl)nc3c(N4CCN(CCc5ccccc5)CC4)ncnc32)cc1,10.1021/acs.jmedchem.7b01820
174321,Human,7.7,pKi,7.7,Binding,Displacementof[3H]CP55940fromhumanCB1receptorexpressedinHEK293cellmembranesDisplacementof[3H]CP55940fromhumanCB1receptorexpressedinHEK293cellmembranes,ChEMBL,575,6.7,O=C(Nc1ccc(F)cc1)NC1CCN(c2ncnc3c2nc(-c2ccccc2Cl)n3-c2ccc(Cl)cc2)CC1,10.1021/acs.jmedchem.9b00727
164157,Human,8.1,pKi,8.1,Binding,Displacementof[3H]CP55940fromhumanCB1expressedinCHOK1cellmembranesDisplacementof[3H]CP55940fromhumanCB1expressedinCHOK1cellmembranes,ChEMBL,532,5.2,Cc1c(CN2CCN(c3ncnc4c3nc(-c3ccccc3Cl)n4-c3ccc(Cl)cc3)CC2)cnn1C,10.1021/acs.jmedchem.7b01820
174123,Human,6.4,pKi,6.4,Binding,Displacementof[3H]-CP55940fromhumanCB1receptorexpressedinCHOcellmembranesDisplacementof[3H]-CP55940fromhumanCB1receptorexpressedinCHOcellmembranes,ChEMBL,585,4.7,Cc1cc(-n2c(-c3ccccc3Cl)nc3c(N4CCC(NS(=O)(=O)c5ccc(F)c(F)c5)CC4)ncnc32)no1,10.1016/j.bmc.2019.07.002
164159,Human,8.1,pKi,8.1,Binding,Displacementof[3H]CP55940fromhumanCB1expressedinCHOK1cellmembranesDisplacementof[3H]CP55940fromhumanCB1expressedinCHOK1cellmembranes,ChEMBL,548,6.8,Clc1ccc(-n2c(-c3ccccc3Cl)nc3c(N4CCN(Cc5ccccc5Cl)CC4)ncnc32)cc1,10.1021/acs.jmedchem.7b01820
172285,Human,9.4,pKi,9.4,Binding,Displacementof[3H]-CP55940fromhumanCB1receptorexpressedinCHOcellmembranesDisplacementof[3H]-CP55940fromhumanCB1receptorexpressedinCHOcellmembranes,ChEMBL,596,5.9,O=S(=O)(NC1CCN(c2ncnc3c2nc(-c2ccccc2Cl)n3-c2ccc(Cl)cc2)CC1)c1ccccc1F,10.1016/j.bmc.2019.07.002
164923,Human,8.9,pKi,8.9,Binding,Displacementof[3H]-CP55940fromhumanCB1receptorexpressedinHEK293cellmembranesafter1hrbyliquidscintillationspectrometryDisplacementof[3H]-CP55940fromhumanCB1receptorexpressedinHEK293cellmembranesafter1hrbyliquidscintillationspectrometry,ChEMBL,549,6,O=C(NC1CCCCC1)N1CCN(c2ncnc3c2nc(-c2ccccc2Cl)n3-c2ccc(Cl)cc2)CC1,10.1016/j.bmc.2018.07.043
172291,Human,8.1,pKi,8.1,Binding,Displacementof[3H]-CP55940fromhumanCB1receptorexpressedinCHOcellmembranesDisplacementof[3H]-CP55940fromhumanCB1receptorexpressedinCHOcellmembranes,ChEMBL,577,5.9,O=C(NC1CCN(c2ncnc3c2nc(-c2ccccc2Cl)n3-c2ccc(C(F)(F)F)nc2)CC1)c1ccccc1,10.1016/j.bmc.2019.07.002
164281,Human,8.1,pKi,8.1,Binding,Displacementof[3H]CP55940fromhumanCB1expressedinCHOK1cellmembranesDisplacementof[3H]CP55940fromhumanCB1expressedinCHOK1cellmembranes,ChEMBL,528,6.4,Cc1ccc(CN2CCN(c3ncnc4c3nc(-c3ccccc3Cl)n4-c3ccc(Cl)cc3)CC2)cc1,10.1021/acs.jmedchem.7b01820
171357,Human,7.9,pKi,7.9,Binding,Displacementof[3H]CP55940fromhumanCB1receptorexpressedinHEK293cellmembranesDisplacementof[3H]CP55940fromhumanCB1receptorexpressedinHEK293cellmembranes,ChEMBL,593,6.9,O=C(Nc1ccc(F)cc1F)NC1CCN(c2ncnc3c2nc(-c2ccccc2Cl)n3-c2ccc(Cl)cc2)CC1,10.1021/acs.jmedchem.9b00727
164310,Human,7.6,pKi,7.6,Binding,Displacementof[3H]CP55940fromhumanCB1expressedinCHOK1cellmembranesDisplacementof[3H]CP55940fromhumanCB1expressedinCHOK1cellmembranes,ChEMBL,520,4.8,Cc1nc(CN2CCN(c3ncnc4c3nc(-c3ccccc3Cl)n4-c3ccc(Cl)cc3)CC2)no1,10.1021/acs.jmedchem.7b01820
165030,Human,8.9,pKi,8.9,Binding,Displacementof[3H]-CP55940fromhumanCB1receptorexpressedinHEK293cellmembranesafter1hrbyliquidscintillationspectrometryDisplacementof[3H]-CP55940fromhumanCB1receptorexpressedinHEK293cellmembranesafter1hrbyliquidscintillationspectrometry,ChEMBL,530,4.7,CCCS(=O)(=O)N1CCN(c2ncnc3c2nc(-c2ccccc2Cl)n3-c2ccc(Cl)cc2)CC1,10.1016/j.bmc.2018.07.043
164180,Human,7.7,pKi,7.7,Binding,Displacementof[3H]CP55940fromhumanCB1expressedinCHOK1cellmembranesDisplacementof[3H]CP55940fromhumanCB1expressedinCHOK1cellmembranes,ChEMBL,515,5.5,Clc1ccc(-n2c(-c3ccccc3Cl)nc3c(N4CCN(Cc5ccncc5)CC4)ncnc32)cc1,10.1021/acs.jmedchem.7b01820
171533,Human,8.5,pKi,8.5,Binding,Displacementof[3H]-CP55940fromhumanCB1receptorexpressedinCHOcellmembranesDisplacementof[3H]-CP55940fromhumanCB1receptorexpressedinCHOcellmembranes,ChEMBL,557,5.8,CCCCC(=O)NC1CCN(c2ncnc3c2nc(-c2ccccc2Cl)n3-c2ccc(C(F)(F)F)nc2)CC1,10.1016/j.bmc.2019.07.002
165060,Human,8.3,pKi,8.3,Binding,Displacementof[3H]-CP55940fromhumanCB1receptorexpressedinHEK293cellmembranesafter1hrbyliquidscintillationspectrometryDisplacementof[3H]-CP55940fromhumanCB1receptorexpressedinHEK293cellmembranesafter1hrbyliquidscintillationspectrometry,ChEMBL,528,4.4,O=S(=O)(C1CC1)N1CCN(c2ncnc3c2nc(-c2ccccc2Cl)n3-c2ccc(Cl)cc2)CC1,10.1016/j.bmc.2018.07.043
164386,Human,7.6,pKi,7.6,Binding,Displacementof[3H]CP55940fromhumanCB1expressedinCHOK1cellmembranesDisplacementof[3H]CP55940fromhumanCB1expressedinCHOK1cellmembranes,ChEMBL,516,5.8,Oc1cccc(N2CCN(c3ncnc4c3nc(-c3ccccc3Cl)n4-c3ccc(Cl)cc3)CC2)c1,10.1021/acs.jmedchem.7b01820
164172,Human,8.5,pKi,8.5,Binding,Displacementof[3H]CP55940fromhumanCB1expressedinCHOK1cellmembranesDisplacementof[3H]CP55940fromhumanCB1expressedinCHOK1cellmembranes,ChEMBL,530,6.1,COc1ccc(N2CCN(c3ncnc4c3nc(-c3ccccc3Cl)n4-c3ccc(Cl)cc3)CC2)cc1,10.1021/acs.jmedchem.7b01820
164890,Human,8.5,pKi,8.5,Binding,Displacementof[3H]-CP55940fromhumanCB1receptorexpressedinHEK293cellmembranesafter1hrbyliquidscintillationspectrometryDisplacementof[3H]-CP55940fromhumanCB1receptorexpressedinHEK293cellmembranesafter1hrbyliquidscintillationspectrometry,ChEMBL,516,4.3,CCS(=O)(=O)N1CCN(c2ncnc3c2nc(-c2ccccc2Cl)n3-c2ccc(Cl)cc2)CC1,10.1016/j.bmc.2018.07.043
164771,Human,9.2,pKi,9.2,Binding,Displacementof[3H]-CP55940fromhumanCB1receptorexpressedinHEK293cellmembranesafter1hrbyliquidscintillationspectrometryDisplacementof[3H]-CP55940fromhumanCB1receptorexpressedinHEK293cellmembranesafter1hrbyliquidscintillationspectrometry,ChEMBL,544,5,CCCCS(=O)(=O)N1CCN(c2ncnc3c2nc(-c2ccccc2Cl)n3-c2ccc(Cl)cc2)CC1,10.1016/j.bmc.2018.07.043
164134,Human,8.7,pKi,8.7,Binding,Displacementof[3H]CP55940fromhumanCB1expressedinCHOK1cellmembranesDisplacementof[3H]CP55940fromhumanCB1expressedinCHOK1cellmembranes,ChEMBL,518,6.3,Fc1ccc(N2CCN(c3ncnc4c3nc(-c3ccccc3Cl)n4-c3ccc(Cl)cc3)CC2)cc1,10.1021/acs.jmedchem.7b01820
174033,Human,7.7,pKi,7.7,Binding,Displacementof[3H]CP55940fromhumanCB1receptorexpressedinHEK293cellmembranesDisplacementof[3H]CP55940fromhumanCB1receptorexpressedinHEK293cellmembranes,ChEMBL,624,6.6,O=C(Nc1ccc(OC(F)F)nc1)NC1CCN(c2ncnc3c2nc(-c2ccccc2Cl)n3-c2ccc(Cl)cc2)CC1,10.1021/acs.jmedchem.9b00727
164774,Human,8.4,pKi,8.4,Binding,Displacementof[3H]-CP55940fromhumanCB1receptorexpressedinHEK293cellmembranesafter1hrbyliquidscintillationspectrometryDisplacementof[3H]-CP55940fromhumanCB1receptorexpressedinHEK293cellmembranesafter1hrbyliquidscintillationspectrometry,ChEMBL,610,6.1,O=C(Nc1ccc(OC(F)F)nc1)N1CCN(c2ncnc3c2nc(-c2ccccc2Cl)n3-c2ccc(Cl)cc2)CC1,10.1016/j.bmc.2018.07.043
172251,Human,8.4,pKi,8.4,Binding,Displacementof[3H]CP55940fromhumanCB1receptorexpressedinHEK293cellmembranesDisplacementof[3H]CP55940fromhumanCB1receptorexpressedinHEK293cellmembranes,ChEMBL,575,6.7,O=C(Nc1ccccc1F)NC1CCN(c2ncnc3c2nc(-c2ccccc2Cl)n3-c2ccc(Cl)cc2)CC1,10.1021/acs.jmedchem.9b00727
164724,Human,8.2,pKi,8.2,Binding,Displacementof[3H]-CP55940fromhumanCB1receptorexpressedinHEK293cellmembranesafter1hrbyliquidscintillationspectrometryDisplacementof[3H]-CP55940fromhumanCB1receptorexpressedinHEK293cellmembranesafter1hrbyliquidscintillationspectrometry,ChEMBL,544,5.5,O=C(Nc1ccccn1)N1CCN(c2ncnc3c2nc(-c2ccccc2Cl)n3-c2ccc(Cl)cc2)CC1,10.1016/j.bmc.2018.07.043
164748,Human,8.2,pKi,8.2,Binding,Displacementof[3H]-CP55940fromhumanCB1receptorexpressedinHEK293cellmembranesafter1hrbyliquidscintillationspectrometryDisplacementof[3H]-CP55940fromhumanCB1receptorexpressedinHEK293cellmembranesafter1hrbyliquidscintillationspectrometry,ChEMBL,508,5.6,CCCCC(=O)N1CCN(c2ncnc3c2nc(-c2ccccc2Cl)n3-c2ccc(Cl)cc2)CC1,10.1016/j.bmc.2018.07.043
169747,Human,7.8,pKi,7.8,Binding,Displacementof[3H]CP55940fromhumanCB1receptorexpressedinHEK293cellmembranesDisplacementof[3H]CP55940fromhumanCB1receptorexpressedinHEK293cellmembranes,ChEMBL,599,6.6,O=C(NC1CCN(c2ncnc3c2nc(-c2ccccc2Cl)n3-c2ccc(Cl)cc2)CC1)NC1CCC(F)(F)CC1,10.1021/acs.jmedchem.9b00727
164892,Human,8.2,pKi,8.2,Binding,Displacementof[3H]-CP55940fromhumanCB1receptorexpressedinHEK293cellmembranesafter1hrbyliquidscintillationspectrometryDisplacementof[3H]-CP55940fromhumanCB1receptorexpressedinHEK293cellmembranesafter1hrbyliquidscintillationspectrometry,ChEMBL,543,6.1,O=C(Nc1ccccc1)N1CCN(c2ncnc3c2nc(-c2ccccc2Cl)n3-c2ccc(Cl)cc2)CC1,10.1016/j.bmc.2018.07.043
169955,Human,7.8,pKi,7.8,Binding,Displacementof[3H]CP55940fromhumanCB1receptorexpressedinHEK293cellmembranesDisplacementof[3H]CP55940fromhumanCB1receptorexpressedinHEK293cellmembranes,ChEMBL,613,7,CC1(NC(=O)NC2CCC(F)(F)CC2)CCN(c2ncnc3c2nc(-c2ccccc2Cl)n3-c2ccc(Cl)cc2)CC1,10.1021/acs.jmedchem.9b00727
164620,Human,8.3,pKi,8.3,Binding,Displacementof[3H]-CP55940fromhumanCB1receptorexpressedinHEK293cellmembranesafter1hrbyliquidscintillationspectrometryDisplacementof[3H]-CP55940fromhumanCB1receptorexpressedinHEK293cellmembranesafter1hrbyliquidscintillationspectrometry,ChEMBL,579,6.4,O=C(Nc1ccc(F)c(F)c1)N1CCN(c2ncnc3c2nc(-c2ccccc2Cl)n3-c2ccc(Cl)cc2)CC1,10.1016/j.bmc.2018.07.043
170703,Human,6.9,pKi,6.9,Binding,Displacementof[3H]CP55940fromhumanCB1receptorexpressedinHEK293cellmembranesDisplacementof[3H]CP55940fromhumanCB1receptorexpressedinHEK293cellmembranes,ChEMBL,653,6,CC1(NC(=O)NS(=O)(=O)c2ccccc2F)CCN(c2ncnc3c2nc(-c2ccccc2Cl)n3-c2ccc(Cl)cc2)CC1,10.1021/acs.jmedchem.9b00727
164307,Human,8.7,pKi,8.7,Binding,Displacementof[3H]CP55940fromhumanCB1expressedinCHOK1cellmembranesDisplacementof[3H]CP55940fromhumanCB1expressedinCHOK1cellmembranes,ChEMBL,598,7,FC(F)(F)Oc1ccccc1CN1CCN(c2ncnc3c2nc(-c2ccccc2Cl)n3-c2ccc(Cl)cc2)CC1,10.1021/acs.jmedchem.7b01820
172310,Human,7.3,pKi,7.3,Binding,Displacementof[3H]CP55940fromhumanCB1receptorexpressedinHEK293cellmembranesDisplacementof[3H]CP55940fromhumanCB1receptorexpressedinHEK293cellmembranes,ChEMBL,626,7,O=C(Nc1ccc(C(F)(F)F)nc1)NC1CCN(c2ncnc3c2nc(-c2ccccc2Cl)n3-c2ccc(Cl)cc2)CC1,10.1021/acs.jmedchem.9b00727
165037,Human,7.7,pKi,7.7,Binding,Displacementof[3H]-CP55940fromhumanCB1receptorexpressedinHEK293cellmembranesafter1hrbyliquidscintillationspectrometryDisplacementof[3H]-CP55940fromhumanCB1receptorexpressedinHEK293cellmembranesafter1hrbyliquidscintillationspectrometry,ChEMBL,561,6.3,O=C(Nc1ccc(F)cc1)N1CCN(c2ncnc3c2nc(-c2ccccc2Cl)n3-c2ccc(Cl)cc2)CC1,10.1016/j.bmc.2018.07.043
165092,Human,9.0,pKi,9.0,Binding,Displacementof[3H]-CP55940fromhumanCB1receptorexpressedinHEK293cellmembranesafter1hrbyliquidscintillationspectrometryDisplacementof[3H]-CP55940fromhumanCB1receptorexpressedinHEK293cellmembranesafter1hrbyliquidscintillationspectrometry,ChEMBL,520,5,O=C(N1CCN(c2ncnc3c2nc(-c2ccccc2Cl)n3-c2ccc(Cl)cc2)CC1)C(F)(F)F,10.1016/j.bmc.2018.07.043
164385,Human,8.7,pKi,8.7,Binding,Displacementof[3H]CP55940fromhumanCB1expressedinCHOK1cellmembranesDisplacementof[3H]CP55940fromhumanCB1expressedinCHOK1cellmembranes,ChEMBL,525,6,N#Cc1ccc(N2CCN(c3ncnc4c3nc(-c3ccccc3Cl)n4-c3ccc(Cl)cc3)CC2)cc1,10.1021/acs.jmedchem.7b01820
164887,Human,8.3,pKi,8.3,Binding,Displacementof[3H]-CP55940fromhumanCB1receptorexpressedinHEK293cellmembranesafter1hrbyliquidscintillationspectrometryDisplacementof[3H]-CP55940fromhumanCB1receptorexpressedinHEK293cellmembranesafter1hrbyliquidscintillationspectrometry,ChEMBL,535,5.6,O=C(NC1CCCC1)N1CCN(c2ncnc3c2nc(-c2ccccc2Cl)n3-c2ccc(Cl)cc2)CC1,10.1016/j.bmc.2018.07.043
164555,Human,8.3,pKi,8.3,Binding,Displacementof[3H]-CP55940fromhumanCB1receptorexpressedinHEK293cellmembranesafter1hrbyliquidscintillationspectrometryDisplacementof[3H]-CP55940fromhumanCB1receptorexpressedinHEK293cellmembranesafter1hrbyliquidscintillationspectrometry,ChEMBL,586,5.3,O=C(C1COc2ccccc2O1)N1CCN(c2ncnc3c2nc(-c2ccccc2Cl)n3-c2ccc(Cl)cc2)CC1,10.1016/j.bmc.2018.07.043
169429,Human,8.5,pKi,8.5,Binding,Displacementof[3H]-CP55940fromhumanCB1receptorexpressedinCHOcellmembranesDisplacementof[3H]-CP55940fromhumanCB1receptorexpressedinCHOcellmembranes,ChEMBL,596,5.9,O=S(=O)(NC1CCN(c2ncnc3c2nc(-c2ccccc2Cl)n3-c2ccc(Cl)cc2)CC1)c1ccc(F)cc1,10.1016/j.bmc.2019.07.002
164213,Human,8.7,pKi,8.7,Binding,Displacementof[3H]CP55940fromhumanCB1expressedinCHOK1cellmembranesDisplacementof[3H]CP55940fromhumanCB1expressedinCHOK1cellmembranes,ChEMBL,530,6.1,COc1ccccc1N1CCN(c2ncnc3c2nc(-c2ccccc2Cl)n3-c2ccc(Cl)cc2)CC1,10.1021/acs.jmedchem.7b01820
164151,Human,8.7,pKi,8.7,Binding,Displacementof[3H]CP55940fromhumanCB1expressedinCHOK1cellmembranesDisplacementof[3H]CP55940fromhumanCB1expressedinCHOK1cellmembranes,ChEMBL,525,6,N#Cc1ccccc1N1CCN(c2ncnc3c2nc(-c2ccccc2Cl)n3-c2ccc(Cl)cc2)CC1,10.1021/acs.jmedchem.7b01820
173695,Human,8.5,pKi,8.5,Binding,Displacementof[3H]CP55940fromhumanCB1receptorexpressedinHEK293cellmembranesDisplacementof[3H]CP55940fromhumanCB1receptorexpressedinHEK293cellmembranes,ChEMBL,589,6.4,O=C(NCc1ccc(F)cc1)NC1CCN(c2ncnc3c2nc(-c2ccccc2Cl)n3-c2ccc(Cl)cc2)CC1,10.1021/acs.jmedchem.9b00727
173557,Human,7.6,pKi,7.6,Binding,Displacementof[3H]CP55940fromhumanCB1receptorexpressedinHEK293cellmembranesDisplacementof[3H]CP55940fromhumanCB1receptorexpressedinHEK293cellmembranes,ChEMBL,613,6.9,O=C(NCC1CCC(F)(F)CC1)NC1CCN(c2ncnc3c2nc(-c2ccccc2Cl)n3-c2ccc(Cl)cc2)CC1,10.1021/acs.jmedchem.9b00727
164601,Human,8.7,pKi,8.7,Binding,Displacementof[3H]-CP55940fromhumanCB1receptorexpressedinHEK293cellmembranesafter1hrbyliquidscintillationspectrometryDisplacementof[3H]-CP55940fromhumanCB1receptorexpressedinHEK293cellmembranesafter1hrbyliquidscintillationspectrometry,ChEMBL,544,4.9,CC(C)CS(=O)(=O)N1CCN(c2ncnc3c2nc(-c2ccccc2Cl)n3-c2ccc(Cl)cc2)CC1,10.1016/j.bmc.2018.07.043
164166,Human,9.0,pKi,9.0,Binding,Displacementof[3H]CP55940fromhumanCB1expressedinCHOK1cellmembranesDisplacementof[3H]CP55940fromhumanCB1expressedinCHOK1cellmembranes,ChEMBL,548,6.8,Clc1ccc(CN2CCN(c3ncnc4c3nc(-c3ccccc3Cl)n4-c3ccc(Cl)cc3)CC2)cc1,10.1021/acs.jmedchem.7b01820
164198,Human,8.3,pKi,8.3,Binding,Displacementof[3H]CP55940fromhumanCB1expressedinCHOK1cellmembranesDisplacementof[3H]CP55940fromhumanCB1expressedinCHOK1cellmembranes,ChEMBL,582,7.1,FC(F)(F)c1ccccc1CN1CCN(c2ncnc3c2nc(-c2ccccc2Cl)n3-c2ccc(Cl)cc2)CC1,10.1021/acs.jmedchem.7b01820
164207,Human,8.4,pKi,8.4,Binding,Displacementof[3H]CP55940fromhumanCB1expressedinCHOK1cellmembranesDisplacementof[3H]CP55940fromhumanCB1expressedinCHOK1cellmembranes,ChEMBL,532,6.3,Fc1ccc(CN2CCN(c3ncnc4c3nc(-c3ccccc3Cl)n4-c3ccc(Cl)cc3)CC2)cc1,10.1021/acs.jmedchem.7b01820
171491,Human,8.5,pKi,8.5,Binding,Displacementof[3H]-CP55940fromhumanCB1receptorexpressedinCHOcellmembranesDisplacementof[3H]-CP55940fromhumanCB1receptorexpressedinCHOcellmembranes,ChEMBL,647,5.4,O=S(=O)(NC1CCN(c2ncnc3c2nc(-c2ccccc2Cl)n3-c2ccc(OC(F)F)nc2)CC1)c1ccc(F)c(F)c1,10.1016/j.bmc.2019.07.002
173610,Human,8.0,pKi,8.0,Binding,Displacementof[3H]-CP55940fromhumanCB1receptorexpressedinCHOcellmembranesDisplacementof[3H]-CP55940fromhumanCB1receptorexpressedinCHOcellmembranes,ChEMBL,649,5.8,O=S(=O)(NC1CCN(c2ncnc3c2nc(-c2ccccc2Cl)n3-c2ccc(C(F)(F)F)nc2)CC1)c1ccc(F)c(F)c1,10.1016/j.bmc.2019.07.002
164163,Human,8.2,pKi,8.2,Binding,Displacementof[3H]CP55940fromhumanCB1expressedinCHOK1cellmembranesDisplacementof[3H]CP55940fromhumanCB1expressedinCHOK1cellmembranes,ChEMBL,532,6.3,Fc1ccccc1CN1CCN(c2ncnc3c2nc(-c2ccccc2Cl)n3-c2ccc(Cl)cc2)CC1,10.1021/acs.jmedchem.7b01820
171535,Human,8.7,pKi,8.7,Binding,Displacementof[3H]-CP55940fromhumanCB1receptorexpressedinCHOcellmembranesDisplacementof[3H]-CP55940fromhumanCB1receptorexpressedinCHOcellmembranes,ChEMBL,614,6,O=S(=O)(NC1CCN(c2ncnc3c2nc(-c2ccccc2Cl)n3-c2ccc(Cl)cc2)CC1)c1ccc(F)cc1F,10.1016/j.bmc.2019.07.002
164720,Human,7.6,pKi,7.6,Binding,Displacementof[3H]-CP55940fromhumanCB1receptorexpressedinHEK293cellmembranesafter1hrbyliquidscintillationspectrometryDisplacementof[3H]-CP55940fromhumanCB1receptorexpressedinHEK293cellmembranesafter1hrbyliquidscintillationspectrometry,ChEMBL,502,3.9,CS(=O)(=O)N1CCN(c2ncnc3c2nc(-c2ccccc2Cl)n3-c2ccc(Cl)cc2)CC1,10.1016/j.bmc.2018.07.043
164255,Human,8.5,pKi,8.5,Binding,Displacementof[3H]CP55940fromhumanCB1expressedinCHOK1cellmembranesDisplacementof[3H]CP55940fromhumanCB1expressedinCHOK1cellmembranes,ChEMBL,539,6,N#Cc1ccccc1CN1CCN(c2ncnc3c2nc(-c2ccccc2Cl)n3-c2ccc(Cl)cc2)CC1,10.1021/acs.jmedchem.7b01820
171217,Human,6.1,pKi,6.1,Binding,Displacementof[3H]CP55940fromhumanCB1receptorexpressedinHEK293cellmembranesDisplacementof[3H]CP55940fromhumanCB1receptorexpressedinHEK293cellmembranes,ChEMBL,612,6.4,O=C(NCC1CCCCC1)NC1CCN(c2ncnc3c2nc(-c2ccccc2Cl)n3-c2ccc(C(F)(F)F)nc2)CC1,10.1021/acs.jmedchem.9b00727
175227,Human,8.8,pKi,8.8,Binding,Displacementof[3H]-CP55940fromhumanCB1receptorexpressedinCHOcellmembranesDisplacementof[3H]-CP55940fromhumanCB1receptorexpressedinCHOcellmembranes,ChEMBL,614,6,O=S(=O)(NC1CCN(c2ncnc3c2nc(-c2ccccc2Cl)n3-c2ccc(Cl)cc2)CC1)c1ccc(F)c(F)c1,10.1016/j.bmc.2019.07.002
165065,Human,8.2,pKi,8.2,Binding,Displacementof[3H]-CP55940fromhumanCB1receptorexpressedinHEK293cellmembranesafter1hrbyliquidscintillationspectrometryDisplacementof[3H]-CP55940fromhumanCB1receptorexpressedinHEK293cellmembranesafter1hrbyliquidscintillationspectrometry,ChEMBL,561,6.3,O=C(Nc1ccccc1F)N1CCN(c2ncnc3c2nc(-c2ccccc2Cl)n3-c2ccc(Cl)cc2)CC1,10.1016/j.bmc.2018.07.043
164148,Human,9.1,pKi,9.1,Binding,Displacementof[3H]CP55940fromhumanCB1expressedinCHOK1cellmembranesDisplacementof[3H]CP55940fromhumanCB1expressedinCHOK1cellmembranes,ChEMBL,548,6.8,Clc1ccc(-n2c(-c3ccccc3Cl)nc3c(N4CCN(Cc5cccc(Cl)c5)CC4)ncnc32)cc1,10.1021/acs.jmedchem.7b01820
164419,Human,8.7,pKi,8.7,Binding,Displacementof[3H]CP55940fromhumanCB1expressedinCHOK1cellmembranesDisplacementof[3H]CP55940fromhumanCB1expressedinCHOK1cellmembranes,ChEMBL,501,5.5,Clc1ccc(-n2c(-c3ccccc3Cl)nc3c(N4CCN(c5ccccn5)CC4)ncnc32)cc1,10.1021/acs.jmedchem.7b01820
165058,Human,8.3,pKi,8.3,Binding,Displacementof[3H]-CP55940fromhumanCB1receptorexpressedinHEK293cellmembranesafter1hrbyliquidscintillationspectrometryDisplacementof[3H]-CP55940fromhumanCB1receptorexpressedinHEK293cellmembranesafter1hrbyliquidscintillationspectrometry,ChEMBL,524,5.8,CC(C)(C)OC(=O)N1CCN(c2ncnc3c2nc(-c2ccccc2Cl)n3-c2ccc(Cl)cc2)CC1,10.1016/j.bmc.2018.07.043
170128,Human,7.4,pKi,7.4,Binding,Displacementof[3H]-CP55940fromhumanCB1receptorexpressedinCHOcellmembranesDisplacementof[3H]-CP55940fromhumanCB1receptorexpressedinCHOcellmembranes,ChEMBL,542,6.9,CN(Cc1ccccc1)C1CCN(c2ncnc3c2nc(-c2ccccc2Cl)n3-c2ccc(Cl)cc2)CC1,10.1016/j.bmc.2019.07.002
170433,Human,6.1,pKi,6.1,Binding,Displacementof[3H]-CP55940fromhumanCB1receptorexpressedinCHOcellmembranesDisplacementof[3H]-CP55940fromhumanCB1receptorexpressedinCHOcellmembranes,ChEMBL,559,6.5,N=C(NC1CCN(c2ncnc3c2nc(-c2ccccc2Cl)n3-c2ccc(Cl)cc2)CC1)c1ccc(F)cc1,10.1016/j.bmc.2019.07.002
172221,Human,8.2,pKi,8.2,Binding,Displacementof[3H]-CP55940fromhumanCB1receptorexpressedinCHOcellmembranesDisplacementof[3H]-CP55940fromhumanCB1receptorexpressedinCHOcellmembranes,ChEMBL,560,7,O/N=C(\c1ccc(F)cc1)C1CCN(c2ncnc3c2nc(-c2ccccc2Cl)n3-c2ccc(Cl)cc2)CC1,10.1016/j.bmc.2019.07.002
7218,Human,7.3,pKi,7.3,Binding,Displacementof[3H]CP-55940fromhumanrecombinantcannabinoidCB1receptorexpressedinCHOcellsafter3hrsbyliquidscintillationcountingDisplacementof[3H]CP-55940fromhumanrecombinantcannabinoidCB1receptorexpressedinCHOcellsafter3hrsbyliquidscintillationcounting,ChEMBL,377,4.4,O=C(NC1CCCCC1)N1CCN(C(c2ccccc2)c2ccccc2)CC1,10.1016/j.ejmech.2009.12.018
171257,Human,7.5,pKi,7.5,Binding,Displacementof[3H]-CP55940fromhumanCB1receptorexpressedinHEK293EBNAcellmembranesafter90minsbyliquidscintillationcountingmethodDisplacementof[3H]-CP55940fromhumanCB1receptorexpressedinHEK293EBNAcellmembranesafter90minsbyliquidscintillationcountingmethod,ChEMBL,342,5.7,CCCCCCC(C)(C)c1cc(O)c2c(c1)OC(C)(C)c1cn[nH]c1-2,10.1021/acs.jmedchem.6b00397
170953,Human,7.9,pKi,7.9,Binding,Displacementof[3H]-CP55940fromhumanCB1receptorexpressedinHEK293EBNAcellmembranesafter90minsbyliquidscintillationcountingmethodDisplacementof[3H]-CP55940fromhumanCB1receptorexpressedinHEK293EBNAcellmembranesafter90minsbyliquidscintillationcountingmethod,ChEMBL,356,5.7,CCCCCCC(C)(C)c1cc(O)c2c(c1)OC(C)(C)c1cn(C)nc1-2,10.1021/acs.jmedchem.6b00397
169119,Human,8.4,pKi,8.4,Binding,Displacementof[3H]-CP55940fromhumanCB1receptorexpressedinHEK293EBNAcellmembranesafter90minsbyliquidscintillationcountingmethodDisplacementof[3H]-CP55940fromhumanCB1receptorexpressedinHEK293EBNAcellmembranesafter90minsbyliquidscintillationcountingmethod,ChEMBL,370,6.2,CCCCCCC(C)(C)c1cc(O)c2c(c1)OC(C)(C)c1cnn(CC)c1-2,10.1021/acs.jmedchem.6b00397
170623,Human,7.7,pKi,7.7,Binding,Displacementof[3H]-CP55940fromhumanCB1receptorexpressedinHEK293EBNAcellmembranesafter90minsbyliquidscintillationcountingmethodDisplacementof[3H]-CP55940fromhumanCB1receptorexpressedinHEK293EBNAcellmembranesafter90minsbyliquidscintillationcountingmethod,ChEMBL,370,6.2,CCCCCCC(C)(C)c1cc(O)c2c(c1)OC(C)(C)c1cn(CC)nc1-2,10.1021/acs.jmedchem.6b00397
171706,Human,6.3,pKi,6.3,Binding,Displacementof[3H]-CP55940fromhumanCB1receptorexpressedinHEK293EBNAcellmembranesafter90minsbyliquidscintillationcountingmethodDisplacementof[3H]-CP55940fromhumanCB1receptorexpressedinHEK293EBNAcellmembranesafter90minsbyliquidscintillationcountingmethod,ChEMBL,486,8.4,CCCCCCC(C)(C)c1cc(O)c2c(c1)OC(C)(C)c1cnn(-c3ccc(Cl)c(Cl)c3)c1-2,10.1021/acs.jmedchem.6b00397
172531,Human,8.3,pKi,8.3,Binding,Displacementof[3H]-CP55940fromhumanCB1receptorexpressedinHEK293EBNAcellmembranesafter90minsbyliquidscintillationcountingmethodDisplacementof[3H]-CP55940fromhumanCB1receptorexpressedinHEK293EBNAcellmembranesafter90minsbyliquidscintillationcountingmethod,ChEMBL,486,8.4,CCCCCCC(C)(C)c1cc(O)c2c(c1)OC(C)(C)c1cnn(-c3ccc(Cl)cc3Cl)c1-2,10.1021/acs.jmedchem.6b00397
179157,Human,8.6,pKi,8.6,Binding,"Displacementof[3H]-CP-55,940fromrecombinanthumanCB1RexpressedinHEK293cellmembranesafter90minsDisplacementof[3H]-CP-55,940fromrecombinanthumanCB1RexpressedinHEK293cellmembranesafter90mins",ChEMBL,302,3.9,CCCc1cc(O)c2c(c1)OC(C)(C)[C@@H]1CCC(CO)=C[C@@H]21,10.1021/acs.jnatprod.9b00831
160368,Human,6.0,pKi,6.0,Binding,BindingaffinitytoCB1receptor(unknownorigin)BindingaffinitytoCB1receptor(unknownorigin),ChEMBL,389,3.7,COC(=O)c1c(NC(=O)C23CC4CC(CC(O)(C4)C2)C3)sc2c1CCCC2,10.1021/acs.jmedchem.7b00155
160308,Human,6.0,pKi,6.0,Binding,BindingaffinitytoCB1receptor(unknownorigin)BindingaffinitytoCB1receptor(unknownorigin),ChEMBL,375,5,CCCc1sc(NC(=O)C23CC4CC(CC(C4)C2)C3)c(C(=O)OC)c1C,10.1021/acs.jmedchem.7b00155
156063,Human,6.6,pKi,6.6,Binding,Displacementof[3H]CP55940fromhumanCB1receptorexpressedinHEK293EBNAcellmembranesafter90minsbyliquidscintillationandluminescencecountingmethodDisplacementof[3H]CP55940fromhumanCB1receptorexpressedinHEK293EBNAcellmembranesafter90minsbyliquidscintillationandluminescencecountingmethod,ChEMBL,417,4.7,O=C(NC12CC3CC(CC(C3)C1)C2)c1cc(-c2ccccc2)nn(C2CCCC2)c1=O,10.1016/j.ejmech.2017.01.002
156127,Human,8.6,pKi,8.6,Binding,Displacementof[3H]CP55940fromrecombinanthumanCB1receptorexpressedinbeta-galactosidaseexpressingCHOK1cellmembranesafter60minsbyscintillationspectrometryDisplacementof[3H]CP55940fromrecombinanthumanCB1receptorexpressedinbeta-galactosidaseexpressingCHOK1cellmembranesafter60minsbyscintillationspectrometry,ChEMBL,646,6.4,Cc1c(C(=O)N[C@@H]2CCCC[C@@H]2N(C)C)nc(-c2ccc(Cl)cc2Cl)n1-c1ccc(OS(=O)(=O)CCC(F)(F)F)cc1,10.1021/acs.jmedchem.7b00861
156013,Human,6.0,pKi,6.0,Binding,"Displacementof[3H]CP55,940fromhumanCB1receptorexpressedinCHOK1cellmembranesafter2hrsbyliquidscintillationcountingmethodDisplacementof[3H]CP55,940fromhumanCB1receptorexpressedinCHOK1cellmembranesafter2hrsbyliquidscintillationcountingmethod",ChEMBL,385,5.6,CCCCCCCCCCCC(=O)c1c(O)c(-c2ccc(O)cc2)c[nH]c1=O,10.1016/j.bmc.2017.02.031
157294,Human,7.6,pKi,7.6,Binding,Displacementof[3H]CP55940fromhumanCB1receptorexpressedinHEK293EBNAcellmembranesafter90minsbyliquidscintillationandluminescencecountingmethodDisplacementof[3H]CP55940fromhumanCB1receptorexpressedinHEK293EBNAcellmembranesafter90minsbyliquidscintillationandluminescencecountingmethod,ChEMBL,465,5.7,Cc1ccc(-c2cc(C(=O)NC34CC5CC(CC(C5)C3)C4)c(=O)n(C3CCCC3)n2)cc1Cl,10.1016/j.ejmech.2017.01.002
156560,Human,6.3,pKi,6.3,Binding,Displacementof[3H]CP55940fromhumanCB1receptorexpressedinHEK293EBNAcellmembranesafter90minsbyliquidscintillationandluminescencecountingmethodDisplacementof[3H]CP55940fromhumanCB1receptorexpressedinHEK293EBNAcellmembranesafter90minsbyliquidscintillationandluminescencecountingmethod,ChEMBL,405,4.2,O=C(NC1CCCCC1)c1cc(-c2ccccc2)nn(Cc2ccc(F)cc2)c1=O,10.1016/j.ejmech.2017.01.002
158888,Human,4.8,pKi,4.8,Binding,Displacementof[3H]-CP55950fromhumanCB1receptorexpressedinCHOcellmembranesafter3hrsbyscintillationcountingmethodDisplacementof[3H]-CP55950fromhumanCB1receptorexpressedinCHOcellmembranesafter3hrsbyscintillationcountingmethod,ChEMBL,433,5.7,CCOc1ccc(Cc2nc3cc(C(=O)N4CCCCC4)ccc3n2CCC(C)C)cc1,10.1021/acs.jmedchem.7b01760
158402,Human,6.4,pKi,6.4,Binding,Displacementof[3H]CP55940fromhumanCB1receptorexpressedinHEK293EBNAcellmembranesafter90minsbyliquidscintillationandluminescencecountingmethodDisplacementof[3H]CP55940fromhumanCB1receptorexpressedinHEK293EBNAcellmembranesafter90minsbyliquidscintillationandluminescencecountingmethod,ChEMBL,379,4.5,O=C(NC1CCCCCC1)c1cc(-c2ccccc2)nn(C2CCCC2)c1=O,10.1016/j.ejmech.2017.01.002
158706,Human,7.5,pKi,7.5,Binding,Displacementof[3H]CP55940fromhumanCB1receptorexpressedinHEK293EBNAcellmembranesafter90minsbyliquidscintillationandluminescencecountingmethodDisplacementof[3H]CP55940fromhumanCB1receptorexpressedinHEK293EBNAcellmembranesafter90minsbyliquidscintillationandluminescencecountingmethod,ChEMBL,419,4.6,O=C(NC1CCCCCC1)c1cc(-c2ccccc2)nn(Cc2ccc(F)cc2)c1=O,10.1016/j.ejmech.2017.01.002
173914,Human,6.4,pKi,6.4,Binding,Displacementof[3H]-CP55940fromhumanCB1receptorDisplacementof[3H]-CP55940fromhumanCB1receptor,ChEMBL,338,7.7,CCCCCCC1=C/C(=C\c2cccc3ccccc23)c2ccccc21,10.1021/acs.jmedchem.6b00516
178822,Human,6.8,pKi,6.8,Binding,Displacementof[3H]CP55940fromhumanCB1RtransfectedinHEK293EBNAcellmembranesincubatedfor90minsbyMicrobetaTriLuxbasedluminescenceanalysisDisplacementof[3H]CP55940fromhumanCB1RtransfectedinHEK293EBNAcellmembranesincubatedfor90minsbyMicrobetaTriLuxbasedluminescenceanalysis,ChEMBL,384,6.7,c1ccc2cc(COc3nn(CCC4CCCCC4)c4ccccc34)ccc2c1,10.1016/j.bmc.2020.115672
165853,Human,7.4,pKi,7.4,Binding,"Displacementof[3H]CP-55,940fromrecombinanthumanfulllengthCB1receptorexpressedinHEK293cellmembranesafter90minsbytopcountmethodDisplacementof[3H]CP-55,940fromrecombinanthumanfulllengthCB1receptorexpressedinHEK293cellmembranesafter90minsbytopcountmethod",ChEMBL,356,6,CCCCCc1cc(OC(C)=O)c2c(c1)OC(C)(C)[C@@H]1CC=C(C)C[C@@H]21,10.1016/j.ejmech.2017.11.043
162167,Human,7.5,pKi,7.5,Binding,Displacementof[3H]-CP55940fromhumanCB1receptorexpressedinCHOcellmembranesafter90minsDisplacementof[3H]-CP55940fromhumanCB1receptorexpressedinCHOcellmembranesafter90mins,ChEMBL,462,5.5,COc1ccc(-c2cn(Cc3ccc(F)cc3)c(=O)c(C(=O)NC3CCCCCC3)c2C)cc1,10.1016/j.ejmech.2018.05.019
162118,Human,6.5,pKi,6.5,Binding,Displacementof[3H]-CP-55940fromhumanCB1expressedinCHOcellsafter90minsbyTopCountscintillationcountingmethodDisplacementof[3H]-CP-55940fromhumanCB1expressedinCHOcellsafter90minsbyTopCountscintillationcountingmethod,ChEMBL,357,3.4,CCN1CCN(c2nc(C)nc3oc(-c4ccccc4Cl)nc23)CC1,10.1016/j.ejmech.2018.01.034
162130,Human,7.0,pKi,7.0,Binding,Displacementof[3H]-CP55940fromhumanCB1receptorexpressedinCHOcellmembranesafter90minsDisplacementof[3H]-CP55940fromhumanCB1receptorexpressedinCHOcellmembranesafter90mins,ChEMBL,434,5.3,Cc1c(Br)cnc(OCc2ccc(F)cc2)c1C(=O)NC1CCCCCC1,10.1016/j.ejmech.2018.05.019
161804,Human,5.8,pKi,5.8,Binding,Displacementof[3H]CP55940fromrecombinanthumanCB1receptorexpressedinCHOcellmembranesafter2hrsbyliquidscintillationcountingmethodDisplacementof[3H]CP55940fromrecombinanthumanCB1receptorexpressedinCHOcellmembranesafter2hrsbyliquidscintillationcountingmethod,ChEMBL,370,4.2,O=C1N=C2SCCN2/C1=C\c1cccc(OCc2ccc(Cl)cc2)c1,10.1016/j.ejmech.2018.05.050
161677,Human,7.6,pKi,7.6,Binding,Displacementof[3H]-CP55940fromhumanCB1receptorexpressedinCHOcellmembranesafter90minsDisplacementof[3H]-CP55940fromhumanCB1receptorexpressedinCHOcellmembranesafter90mins,ChEMBL,432,5.5,Cc1c(-c2ccccc2)cn(Cc2ccc(F)cc2)c(=O)c1C(=O)NC1CCCCCC1,10.1016/j.ejmech.2018.05.019
161451,Human,6.9,pKi,6.9,Binding,Displacementof[3H]-CP55940fromhumanCB1receptorexpressedinCHOcellmembranesafter90minsDisplacementof[3H]-CP55940fromhumanCB1receptorexpressedinCHOcellmembranesafter90mins,ChEMBL,356,4.6,Cc1ccnc(OCc2ccc(F)cc2)c1C(=O)NC1CCCCCC1,10.1016/j.ejmech.2018.05.019
161431,Human,5.7,pKi,5.7,Binding,Displacementof[3H]CP55940fromrecombinanthumanCB1receptorexpressedinCHOcellmembranesafter2hrsbyliquidscintillationcountingmethodDisplacementof[3H]CP55940fromrecombinanthumanCB1receptorexpressedinCHOcellmembranesafter2hrsbyliquidscintillationcountingmethod,ChEMBL,358,4.1,CSC1=NC(=O)/C(=C/c2cccc(OCc3ccc(Cl)cc3)c2)N1,10.1016/j.ejmech.2018.05.050
161535,Human,8.6,pKi,8.6,Binding,Displacementof[3H]-CP55940fromhumanCB1receptorexpressedinCHOcellmembranesafter90minsDisplacementof[3H]-CP55940fromhumanCB1receptorexpressedinCHOcellmembranesafter90mins,ChEMBL,434,4.6,Cc1c(Br)cn(Cc2ccc(F)cc2)c(=O)c1C(=O)NC1CCCCCC1,10.1016/j.ejmech.2018.05.019
163210,Human,6.6,pKi,6.6,Binding,"Displacementof[3H]CP,55-940fromrecombinanthumanCB1receptorexpressedinHEK293EBNAcellmembranesafter90minsbymicrobetascintillationcountingmethodDisplacementof[3H]CP,55-940fromrecombinanthumanCB1receptorexpressedinHEK293EBNAcellmembranesafter90minsbymicrobetascintillationcountingmethod",ChEMBL,457,7.5,Cc1ccc(-c2cc(SNCC3C4(C)CCC(C4)C3(C)C)nnc2-c2ccc(C)cc2)cc1,10.1016/j.bmc.2017.11.051
163643,Human,5.4,pKi,5.4,Binding,"Displacementof[3H]CP,55-940fromrecombinanthumanCB1receptorexpressedinHEK293EBNAcellmembranesafter90minsbymicrobetascintillationcountingmethodDisplacementof[3H]CP,55-940fromrecombinanthumanCB1receptorexpressedinHEK293EBNAcellmembranesafter90minsbymicrobetascintillationcountingmethod",ChEMBL,421,5,Cc1ccc(-c2cc(S(=O)(=O)NC3CCCCC3)nnc2-c2ccc(C)cc2)cc1,10.1016/j.bmc.2017.11.051
163428,Human,6.2,pKi,6.2,Binding,"Displacementof[3H]CP,55-940fromrecombinanthumanCB1receptorexpressedinHEK293EBNAcellmembranesafter90minsbymicrobetascintillationcountingmethodDisplacementof[3H]CP,55-940fromrecombinanthumanCB1receptorexpressedinHEK293EBNAcellmembranesafter90minsbymicrobetascintillationcountingmethod",ChEMBL,445,7.5,Cc1ccc(-c2cc(SNC3CC(C)CCC3C(C)C)nnc2-c2ccc(C)cc2)cc1,10.1016/j.bmc.2017.11.051
163462,Human,5.9,pKi,5.9,Binding,"Displacementof[3H]CP,55-940fromrecombinanthumanCB1receptorexpressedinHEK293EBNAcellmembranesafter90minsbymicrobetascintillationcountingmethodDisplacementof[3H]CP,55-940fromrecombinanthumanCB1receptorexpressedinHEK293EBNAcellmembranesafter90minsbymicrobetascintillationcountingmethod",ChEMBL,443,7.1,Cc1ccc(-c2cc(SNCC3CCC4CC3C4(C)C)nnc2-c2ccc(C)cc2)cc1,10.1016/j.bmc.2017.11.051
163338,Human,5.8,pKi,5.8,Binding,"Displacementof[3H]CP,55-940fromrecombinanthumanCB1receptorexpressedinHEK293EBNAcellmembranesafter90minsbymicrobetascintillationcountingmethodDisplacementof[3H]CP,55-940fromrecombinanthumanCB1receptorexpressedinHEK293EBNAcellmembranesafter90minsbymicrobetascintillationcountingmethod",ChEMBL,407,4.6,Cc1ccc(-c2cc(S(=O)(=O)NC3CCCC3)nnc2-c2ccc(C)cc2)cc1,10.1016/j.bmc.2017.11.051
162919,Human,7.1,pKi,7.1,Binding,"Displacementof[3H]CP,55-940fromrecombinanthumanCB1receptorexpressedinHEK293EBNAcellmembranesafter90minsbymicrobetascintillationcountingmethodDisplacementof[3H]CP,55-940fromrecombinanthumanCB1receptorexpressedinHEK293EBNAcellmembranesafter90minsbymicrobetascintillationcountingmethod",ChEMBL,475,5.8,Cc1ccc(-c2cc(S(=O)(=O)NC3CC4CC(C3C)C4(C)C)nnc2-c2ccc(C)cc2)cc1,10.1016/j.bmc.2017.11.051
164014,Human,7.4,pKi,7.4,Binding,"Displacementof[3H]CP,55-940fromrecombinanthumanCB1receptorexpressedinHEK293EBNAcellmembranesafter90minsbymicrobetascintillationcountingmethodDisplacementof[3H]CP,55-940fromrecombinanthumanCB1receptorexpressedinHEK293EBNAcellmembranesafter90minsbymicrobetascintillationcountingmethod",ChEMBL,443,7.2,Cc1ccc(-c2cc(SNC3CC4CCC3(C)C4(C)C)nnc2-c2ccc(C)cc2)cc1,10.1016/j.bmc.2017.11.051
164154,Human,8.4,pKi,8.4,Binding,Displacementof[3H]CP55940fromhumanCB1expressedinCHOK1cellmembranesDisplacementof[3H]CP55940fromhumanCB1expressedinCHOK1cellmembranes,ChEMBL,514,6.1,Clc1ccc(-n2c(-c3ccccc3Cl)nc3c(N4CCN(Cc5ccccc5)CC4)ncnc32)cc1,10.1021/acs.jmedchem.7b01820
164168,Human,8.2,pKi,8.2,Binding,Displacementof[3H]CP55940fromhumanCB1expressedinCHOK1cellmembranesDisplacementof[3H]CP55940fromhumanCB1expressedinCHOK1cellmembranes,ChEMBL,539,6.2,N#CC(c1ccccc1)N1CCN(c2ncnc3c2nc(-c2ccccc2Cl)n3-c2ccc(Cl)cc2)CC1,10.1021/acs.jmedchem.7b01820
164298,Human,9.0,pKi,9.0,Binding,Displacementof[3H]CP55940fromhumanCB1expressedinCHOK1cellmembranesDisplacementof[3H]CP55940fromhumanCB1expressedinCHOK1cellmembranes,ChEMBL,528,6.7,CC(c1ccccc1)N1CCN(c2ncnc3c2nc(-c2ccccc2Cl)n3-c2ccc(Cl)cc2)CC1,10.1021/acs.jmedchem.7b01820
163660,Human,6.1,pKi,6.1,Binding,"Displacementof[3H]CP,55-940fromrecombinanthumanCB1receptorexpressedinHEK293EBNAcellmembranesafter90minsbymicrobetascintillationcountingmethodDisplacementof[3H]CP,55-940fromrecombinanthumanCB1receptorexpressedinHEK293EBNAcellmembranesafter90minsbymicrobetascintillationcountingmethod",ChEMBL,375,6,Cc1ccc(-c2cc(SNC3CCCC3)nnc2-c2ccc(C)cc2)cc1,10.1016/j.bmc.2017.11.051
162196,Human,7.9,pKi,7.9,Binding,Displacementof[3H]-CP55940fromhumanCB1receptorexpressedinCHOcellmembranesafter90minsDisplacementof[3H]-CP55940fromhumanCB1receptorexpressedinCHOcellmembranesafter90mins,ChEMBL,356,3.8,Cc1ccn(Cc2ccc(F)cc2)c(=O)c1C(=O)NC1CCCCCC1,10.1016/j.ejmech.2018.05.019
163806,Human,6.1,pKi,6.1,Binding,"Displacementof[3H]CP,55-940fromrecombinanthumanCB1receptorexpressedinHEK293EBNAcellmembranesafter90minsbymicrobetascintillationcountingmethodDisplacementof[3H]CP,55-940fromrecombinanthumanCB1receptorexpressedinHEK293EBNAcellmembranesafter90minsbymicrobetascintillationcountingmethod",ChEMBL,435,5.4,Cc1ccc(-c2cc(S(=O)(=O)NC3CCCCCC3)nnc2-c2ccc(C)cc2)cc1,10.1016/j.bmc.2017.11.051
163860,Human,5.9,pKi,5.9,Binding,"Displacementof[3H]CP,55-940fromrecombinanthumanCB1receptorexpressedinHEK293EBNAcellmembranesafter90minsbymicrobetascintillationcountingmethodDisplacementof[3H]CP,55-940fromrecombinanthumanCB1receptorexpressedinHEK293EBNAcellmembranesafter90minsbymicrobetascintillationcountingmethod",ChEMBL,475,5.9,Cc1ccc(-c2cc(S(=O)(=O)NC3CC4CCC3(C)C4(C)C)nnc2-c2ccc(C)cc2)cc1,10.1016/j.bmc.2017.11.051
162701,Human,5.9,pKi,5.9,Binding,"Displacementof[3H]CP,55-940fromrecombinanthumanCB1receptorexpressedinHEK293EBNAcellmembranesafter90minsbymicrobetascintillationcountingmethodDisplacementof[3H]CP,55-940fromrecombinanthumanCB1receptorexpressedinHEK293EBNAcellmembranesafter90minsbymicrobetascintillationcountingmethod",ChEMBL,465,4.6,Cc1ccc(Cn2nc(-c3ccc(C)cc3)cc(S(=O)(=O)NC3CCCCCC3)c2=O)cc1,10.1016/j.bmc.2017.11.051
162890,Human,6.1,pKi,6.1,Binding,"Displacementof[3H]CP,55-940fromrecombinanthumanCB1receptorexpressedinHEK293EBNAcellmembranesafter90minsbymicrobetascintillationcountingmethodDisplacementof[3H]CP,55-940fromrecombinanthumanCB1receptorexpressedinHEK293EBNAcellmembranesafter90minsbymicrobetascintillationcountingmethod",ChEMBL,455,7.2,Cc1ccc(-c2cc(SNCC34CC5CC(CC(C5)C3)C4)nnc2-c2ccc(C)cc2)cc1,10.1016/j.bmc.2017.11.051
163063,Human,7.1,pKi,7.1,Binding,"Displacementof[3H]CP,55-940fromrecombinanthumanCB1receptorexpressedinHEK293EBNAcellmembranesafter90minsbymicrobetascintillationcountingmethodDisplacementof[3H]CP,55-940fromrecombinanthumanCB1receptorexpressedinHEK293EBNAcellmembranesafter90minsbymicrobetascintillationcountingmethod",ChEMBL,443,7.1,Cc1ccc(-c2cc(SNC3CC4CC(C3C)C4(C)C)nnc2-c2ccc(C)cc2)cc1,10.1016/j.bmc.2017.11.051
163114,Human,6.2,pKi,6.2,Binding,"Displacementof[3H]CP,55-940fromrecombinanthumanCB1receptorexpressedinHEK293EBNAcellmembranesafter90minsbymicrobetascintillationcountingmethodDisplacementof[3H]CP,55-940fromrecombinanthumanCB1receptorexpressedinHEK293EBNAcellmembranesafter90minsbymicrobetascintillationcountingmethod",ChEMBL,403,6.7,Cc1ccc(-c2cc(SNC3CCCCCC3)nnc2-c2ccc(C)cc2)cc1,10.1016/j.bmc.2017.11.051
165893,Human,5.5,pKi,5.5,Binding,"Displacementof[3H]CP55,940fromN-terminalHA-taggedhumanCB1receptorexpressedinHEK293cellmembranesafter1hrbymicrobetascintillationcountingmethodDisplacementof[3H]CP55,940fromN-terminalHA-taggedhumanCB1receptorexpressedinHEK293cellmembranesafter1hrbymicrobetascintillationcountingmethod",ChEMBL,365,4,COc1ccc(C(=O)c2cn(CC3CCOCC3)c3c(O)cccc23)cc1,10.1016/j.ejmech.2017.11.076
165902,Human,6.3,pKi,6.3,Binding,"Displacementof[3H]CP-55,940fromrecombinanthumanfulllengthCB1receptorexpressedinHEK293cellmembranesafter90minsbytopcountmethodDisplacementof[3H]CP-55,940fromrecombinanthumanfulllengthCB1receptorexpressedinHEK293cellmembranesafter90minsbytopcountmethod",ChEMBL,330,4.7,CCCCCc1cc(O)c2c(c1)OC(C)(C)[C@@H]1C=C[C@@](C)(O)C[C@@H]21,10.1016/j.ejmech.2017.11.043
164598,Human,8.0,pKi,8.0,Binding,Displacementof[3H]-CP55940fromhumanCB1receptorexpressedinHEK293cellmembranesafter1hrbyliquidscintillationspectrometryDisplacementof[3H]-CP55940fromhumanCB1receptorexpressedinHEK293cellmembranesafter1hrbyliquidscintillationspectrometry,ChEMBL,510,4.5,CCOCC(=O)N1CCN(c2ncnc3c2nc(-c2ccccc2Cl)n3-c2ccc(Cl)cc2)CC1,10.1016/j.bmc.2018.07.043
165067,Human,8.5,pKi,8.5,Binding,Displacementof[3H]-CP55940fromhumanCB1receptorexpressedinHEK293cellmembranesafter1hrbyliquidscintillationspectrometryDisplacementof[3H]-CP55940fromhumanCB1receptorexpressedinHEK293cellmembranesafter1hrbyliquidscintillationspectrometry,ChEMBL,556,6.2,CC(C(=O)N1CCN(c2ncnc3c2nc(-c2ccccc2Cl)n3-c2ccc(Cl)cc2)CC1)c1ccccc1,10.1016/j.bmc.2018.07.043
164874,Human,7.9,pKi,7.9,Binding,Displacementof[3H]-CP55940fromhumanCB1receptorexpressedinHEK293cellmembranesafter1hrbyliquidscintillationspectrometryDisplacementof[3H]-CP55940fromhumanCB1receptorexpressedinHEK293cellmembranesafter1hrbyliquidscintillationspectrometry,ChEMBL,521,5.1,O=C(N1CCCC1)N1CCN(c2ncnc3c2nc(-c2ccccc2Cl)n3-c2ccc(Cl)cc2)CC1,10.1016/j.bmc.2018.07.043
164565,Human,8.5,pKi,8.5,Binding,Displacementof[3H]-CP55940fromhumanCB1receptorexpressedinHEK293cellmembranesafter1hrbyliquidscintillationspectrometryDisplacementof[3H]-CP55940fromhumanCB1receptorexpressedinHEK293cellmembranesafter1hrbyliquidscintillationspectrometry,ChEMBL,536,5.8,O=C(OCC1CCC1)N1CCN(c2ncnc3c2nc(-c2ccccc2Cl)n3-c2ccc(Cl)cc2)CC1,10.1016/j.bmc.2018.07.043
164660,Human,7.4,pKi,7.4,Binding,Displacementof[3H]-CP55940fromhumanCB1receptorexpressedinHEK293cellmembranesafter1hrbyliquidscintillationspectrometryDisplacementof[3H]-CP55940fromhumanCB1receptorexpressedinHEK293cellmembranesafter1hrbyliquidscintillationspectrometry,ChEMBL,563,6.2,O=C(NCC1CCCCC1)N1CCN(c2ncnc3c2nc(-c2ccccc2Cl)n3-c2ccc(Cl)cc2)CC1,10.1016/j.bmc.2018.07.043
164889,Human,8.5,pKi,8.5,Binding,Displacementof[3H]-CP55940fromhumanCB1receptorexpressedinHEK293cellmembranesafter1hrbyliquidscintillationspectrometryDisplacementof[3H]-CP55940fromhumanCB1receptorexpressedinHEK293cellmembranesafter1hrbyliquidscintillationspectrometry,ChEMBL,586,4.7,O=S(=O)(CC1CCOCC1)N1CCN(c2ncnc3c2nc(-c2ccccc2Cl)n3-c2ccc(Cl)cc2)CC1,10.1016/j.bmc.2018.07.043
165057,Human,8.7,pKi,8.7,Binding,Displacementof[3H]-CP55940fromhumanCB1receptorexpressedinHEK293cellmembranesafter1hrbyliquidscintillationspectrometryDisplacementof[3H]-CP55940fromhumanCB1receptorexpressedinHEK293cellmembranesafter1hrbyliquidscintillationspectrometry,ChEMBL,552,5.6,O=C(C1CCSCC1)N1CCN(c2ncnc3c2nc(-c2ccccc2Cl)n3-c2ccc(Cl)cc2)CC1,10.1016/j.bmc.2018.07.043
164744,Human,6.6,pKi,6.6,Binding,Displacementof[3H]-CP55940fromhumanCB1receptorexpressedinHEK293cellmembranesafter1hrbyliquidscintillationspectrometryDisplacementof[3H]-CP55940fromhumanCB1receptorexpressedinHEK293cellmembranesafter1hrbyliquidscintillationspectrometry,ChEMBL,625,5.1,O=C(NS(=O)(=O)c1ccccc1F)N1CCN(c2ncnc3c2nc(-c2ccccc2Cl)n3-c2ccc(Cl)cc2)CC1,10.1016/j.bmc.2018.07.043
164853,Human,8.8,pKi,8.8,Binding,Displacementof[3H]-CP55940fromhumanCB1receptorexpressedinHEK293cellmembranesafter1hrbyliquidscintillationspectrometryDisplacementof[3H]-CP55940fromhumanCB1receptorexpressedinHEK293cellmembranesafter1hrbyliquidscintillationspectrometry,ChEMBL,584,5.8,O=S(=O)(CC1CCCCC1)N1CCN(c2ncnc3c2nc(-c2ccccc2Cl)n3-c2ccc(Cl)cc2)CC1,10.1016/j.bmc.2018.07.043
164869,Human,8.9,pKi,8.9,Binding,Displacementof[3H]-CP55940fromhumanCB1receptorexpressedinHEK293cellmembranesafter1hrbyliquidscintillationspectrometryDisplacementof[3H]-CP55940fromhumanCB1receptorexpressedinHEK293cellmembranesafter1hrbyliquidscintillationspectrometry,ChEMBL,530,4.7,CC(C)S(=O)(=O)N1CCN(c2ncnc3c2nc(-c2ccccc2Cl)n3-c2ccc(Cl)cc2)CC1,10.1016/j.bmc.2018.07.043
164616,Human,8.9,pKi,8.9,Binding,Displacementof[3H]-CP55940fromhumanCB1receptorexpressedinHEK293cellmembranesafter1hrbyliquidscintillationspectrometryDisplacementof[3H]-CP55940fromhumanCB1receptorexpressedinHEK293cellmembranesafter1hrbyliquidscintillationspectrometry,ChEMBL,584,5.2,O=S(=O)(CCC(F)(F)F)N1CCN(c2ncnc3c2nc(-c2ccccc2Cl)n3-c2ccc(Cl)cc2)CC1,10.1016/j.bmc.2018.07.043
165029,Human,8.7,pKi,8.7,Binding,Displacementof[3H]-CP55940fromhumanCB1receptorexpressedinHEK293cellmembranesafter1hrbyliquidscintillationspectrometryDisplacementof[3H]-CP55940fromhumanCB1receptorexpressedinHEK293cellmembranesafter1hrbyliquidscintillationspectrometry,ChEMBL,522,5.9,CC(C)(C)CC(=O)N1CCN(c2ncnc3c2nc(-c2ccccc2Cl)n3-c2ccc(Cl)cc2)CC1,10.1016/j.bmc.2018.07.043
164579,Human,8.5,pKi,8.5,Binding,Displacementof[3H]-CP55940fromhumanCB1receptorexpressedinHEK293cellmembranesafter1hrbyliquidscintillationspectrometryDisplacementof[3H]-CP55940fromhumanCB1receptorexpressedinHEK293cellmembranesafter1hrbyliquidscintillationspectrometry,ChEMBL,522,5.6,O=C(OC1CCC1)N1CCN(c2ncnc3c2nc(-c2ccccc2Cl)n3-c2ccc(Cl)cc2)CC1,10.1016/j.bmc.2018.07.043
164656,Human,7.7,pKi,7.7,Binding,Displacementof[3H]-CP55940fromhumanCB1receptorexpressedinHEK293cellmembranesafter1hrbyliquidscintillationspectrometryDisplacementof[3H]-CP55940fromhumanCB1receptorexpressedinHEK293cellmembranesafter1hrbyliquidscintillationspectrometry,ChEMBL,549,4.9,O=C(CN1CCCCC1)N1CCN(c2ncnc3c2nc(-c2ccccc2Cl)n3-c2ccc(Cl)cc2)CC1,10.1016/j.bmc.2018.07.043
164859,Human,9.4,pKi,9.4,Binding,Displacementof[3H]-CP55940fromhumanCB1receptorexpressedinHEK293cellmembranesafter1hrbyliquidscintillationspectrometryDisplacementof[3H]-CP55940fromhumanCB1receptorexpressedinHEK293cellmembranesafter1hrbyliquidscintillationspectrometry,ChEMBL,534,6,O=C(CC1CCCC1)N1CCN(c2ncnc3c2nc(-c2ccccc2Cl)n3-c2ccc(Cl)cc2)CC1,10.1016/j.bmc.2018.07.043
164690,Human,8.1,pKi,8.1,Binding,Displacementof[3H]-CP55940fromhumanCB1receptorexpressedinHEK293cellmembranesafter1hrbyliquidscintillationspectrometryDisplacementof[3H]-CP55940fromhumanCB1receptorexpressedinHEK293cellmembranesafter1hrbyliquidscintillationspectrometry,ChEMBL,536,4.9,O=C(CC1CCOC1)N1CCN(c2ncnc3c2nc(-c2ccccc2Cl)n3-c2ccc(Cl)cc2)CC1,10.1016/j.bmc.2018.07.043
166334,Human,6.5,pKi,6.5,Binding,"Displacementof[3H]CP-55,940fromrecombinanthumanfulllengthCB1receptorexpressedinHEK293cellmembranesafter90minsbytopcountmethodDisplacementof[3H]CP-55,940fromrecombinanthumanfulllengthCB1receptorexpressedinHEK293cellmembranesafter90minsbytopcountmethod",ChEMBL,370,5.2,CCCCCc1cc(OC(C)=O)c2c(c1)OC(C)(C)C1=C2C2OC2(C)CC1,10.1016/j.ejmech.2017.11.043
166384,Human,6.9,pKi,6.9,Binding,"Displacementof[3H]CP-55,940fromrecombinanthumanfulllengthCB1receptorexpressedinHEK293cellmembranesafter90minsbytopcountmethodDisplacementof[3H]CP-55,940fromrecombinanthumanfulllengthCB1receptorexpressedinHEK293cellmembranesafter90minsbytopcountmethod",ChEMBL,500,6.6,CCCCCc1cc2c(c(OS(=O)(=O)c3ccc(C)cc3)c1)[C@@H]1CC(C)(OO)C=C[C@H]1C(C)(C)O2,10.1016/j.ejmech.2017.11.043
164417,Human,7.9,pKi,7.9,Binding,Displacementof[3H]CP55940fromhumanCB1expressedinCHOK1cellmembranesDisplacementof[3H]CP55940fromhumanCB1expressedinCHOK1cellmembranes,ChEMBL,529,6.1,CC(c1ccncc1)N1CCN(c2ncnc3c2nc(-c2ccccc2Cl)n3-c2ccc(Cl)cc2)CC1,10.1021/acs.jmedchem.7b01820
166450,Human,6.2,pKi,6.2,Binding,"Displacementof[3H]CP-55,940fromrecombinanthumanfulllengthCB1receptorexpressedinHEK293cellmembranesafter90minsbytopcountmethodDisplacementof[3H]CP-55,940fromrecombinanthumanfulllengthCB1receptorexpressedinHEK293cellmembranesafter90minsbytopcountmethod",ChEMBL,484,6.1,CCCCCc1cc2c(c(OS(=O)(=O)c3ccc(C)cc3)c1)[C@@H]1[C@H](O)C(C)=CC[C@H]1C(C)(C)O2,10.1016/j.ejmech.2017.11.043
166459,Human,6.1,pKi,6.1,Binding,"Displacementof[3H]CP55,940fromN-terminalHA-taggedhumanCB1receptorexpressedinHEK293cellmembranesafter1hrbymicrobetascintillationcountingmethodDisplacementof[3H]CP55,940fromN-terminalHA-taggedhumanCB1receptorexpressedinHEK293cellmembranesafter1hrbymicrobetascintillationcountingmethod",ChEMBL,385,5.2,O=C(c1cccc2ccccc12)c1cn(CC2CCOCC2)c2ccc(O)cc12,10.1016/j.ejmech.2017.11.076
166264,Human,6.0,pKi,6.0,Binding,"Displacementof[3H]CP-55,940fromrecombinanthumanfulllengthCB1receptorexpressedinHEK293cellmembranesafter90minsbytopcountmethodDisplacementof[3H]CP-55,940fromrecombinanthumanfulllengthCB1receptorexpressedinHEK293cellmembranesafter90minsbytopcountmethod",ChEMBL,372,4.8,CCCCCC1=CC(=O)C2=C(OC(C)(C)[C@@H]3CC[C@](C)(OCC)C=C23)C1=O,10.1016/j.ejmech.2017.11.043
164404,Human,8.5,pKi,8.5,Binding,Displacementof[3H]CP55940fromhumanCB1expressedinCHOK1cellmembranesDisplacementof[3H]CP55940fromhumanCB1expressedinCHOK1cellmembranes,ChEMBL,549,6.2,Clc1ccc(-n2c(-c3ccccc3Cl)nc3c(N4CCN(Cc5ccncc5Cl)CC4)ncnc32)cc1,10.1021/acs.jmedchem.7b01820
166015,Human,5.9,pKi,5.9,Binding,"Displacementof[3H]CP55,940fromN-terminalHA-taggedhumanCB1receptorexpressedinHEK293cellmembranesafter1hrbymicrobetascintillationcountingmethodDisplacementof[3H]CP55,940fromN-terminalHA-taggedhumanCB1receptorexpressedinHEK293cellmembranesafter1hrbymicrobetascintillationcountingmethod",ChEMBL,365,4,COc1ccc(C(=O)c2cn(CC3CCOCC3)c3ccc(O)cc23)cc1,10.1016/j.ejmech.2017.11.076
166087,Human,6.3,pKi,6.3,Binding,"Displacementof[3H]CP-55,940fromrecombinanthumanfulllengthCB1receptorexpressedinHEK293cellmembranesafter90minsbytopcountmethodDisplacementof[3H]CP-55,940fromrecombinanthumanfulllengthCB1receptorexpressedinHEK293cellmembranesafter90minsbytopcountmethod",ChEMBL,360,4.6,CCCCCc1cc(O)c2c(c1)OC(C)(C)C1=C2C(O)C(C)(OC)CC1,10.1016/j.ejmech.2017.11.043
166152,Human,5.3,pKi,5.3,Binding,"Displacementof[3H]CP55,940fromN-terminalHA-taggedhumanCB1receptorexpressedinHEK293cellmembranesafter1hrbymicrobetascintillationcountingmethodDisplacementof[3H]CP55,940fromN-terminalHA-taggedhumanCB1receptorexpressedinHEK293cellmembranesafter1hrbymicrobetascintillationcountingmethod",ChEMBL,407,5.1,CCCOc1ccc2c(c1)c(C(=O)c1ccc(OC)cc1)cn2CC1CCOCC1,10.1016/j.ejmech.2017.11.076
165945,Human,5.5,pKi,5.5,Binding,"Displacementof[3H]CP-55,940fromrecombinanthumanfulllengthCB1receptorexpressedinHEK293cellmembranesafter90minsbytopcountmethodDisplacementof[3H]CP-55,940fromrecombinanthumanfulllengthCB1receptorexpressedinHEK293cellmembranesafter90minsbytopcountmethod",ChEMBL,500,6.6,C=C1C[C@H]2c3c(cc(CCCCC)cc3OS(=O)(=O)c3ccc(C)cc3)OC(C)(C)[C@@H]2CC1OO,10.1016/j.ejmech.2017.11.043
165966,Human,5.8,pKi,5.8,Binding,"Displacementof[3H]CP55,940fromN-terminalHA-taggedhumanCB1receptorexpressedinHEK293cellmembranesafter1hrbymicrobetascintillationcountingmethodDisplacementof[3H]CP55,940fromN-terminalHA-taggedhumanCB1receptorexpressedinHEK293cellmembranesafter1hrbymicrobetascintillationcountingmethod",ChEMBL,479,5,COC(=O)CCCCOc1cccc2c(C(=O)c3ccc(OC)cc3)cn(CC3CCOCC3)c12,10.1016/j.ejmech.2017.11.076
166023,Human,6.3,pKi,6.3,Binding,"Displacementof[3H]CP-55,940fromrecombinanthumanfulllengthCB1receptorexpressedinHEK293cellmembranesafter90minsbytopcountmethodDisplacementof[3H]CP-55,940fromrecombinanthumanfulllengthCB1receptorexpressedinHEK293cellmembranesafter90minsbytopcountmethod",ChEMBL,500,6.6,CCCCCc1cc2c(c(OS(=O)(=O)c3ccc(C)cc3)c1)[C@@H]1[C@@H](OO)C(C)=CC[C@H]1C(C)(C)O2,10.1016/j.ejmech.2017.11.043
166541,Human,6.3,pKi,6.3,Binding,"Displacementof[3H]CP55,940fromN-terminalHA-taggedhumanCB1receptorexpressedinHEK293cellmembranesafter1hrbymicrobetascintillationcountingmethodDisplacementof[3H]CP55,940fromN-terminalHA-taggedhumanCB1receptorexpressedinHEK293cellmembranesafter1hrbymicrobetascintillationcountingmethod",ChEMBL,407,5.1,CCCOc1cccc2c(C(=O)c3ccc(OC)cc3)cn(CC3CCOCC3)c12,10.1016/j.ejmech.2017.11.076
166507,Human,5.9,pKi,5.9,Binding,"Displacementof[3H]CP-55,940fromrecombinanthumanfulllengthCB1receptorexpressedinHEK293cellmembranesafter90minsbytopcountmethodDisplacementof[3H]CP-55,940fromrecombinanthumanfulllengthCB1receptorexpressedinHEK293cellmembranesafter90minsbytopcountmethod",ChEMBL,402,5.2,CCCCCc1cc(O)c2c(c1)OC(C)(C)C1=C2C(OC(C)=O)C(C)(OC)CC1,10.1016/j.ejmech.2017.11.043
166552,Human,5.4,pKi,5.4,Binding,"Displacementof[3H]CP55,940fromN-terminalHA-taggedhumanCB1receptorexpressedinHEK293cellmembranesafter1hrbymicrobetascintillationcountingmethodDisplacementof[3H]CP55,940fromN-terminalHA-taggedhumanCB1receptorexpressedinHEK293cellmembranesafter1hrbymicrobetascintillationcountingmethod",ChEMBL,506,5.4,COc1ccc(C(=O)c2cn(CC3CCOCC3)c3c(OCCCCCCNC(C)=O)cccc23)cc1,10.1016/j.ejmech.2017.11.076
170048,Human,8.3,pKi,8.3,Binding,Displacementof[3H]CP55940fromhumanCB1receptorexpressedinHEK293cellmembranesDisplacementof[3H]CP55940fromhumanCB1receptorexpressedinHEK293cellmembranes,ChEMBL,613,7,CC1(NC(=O)NC2CCN(c3ncnc4c3nc(-c3ccccc3Cl)n4-c3ccc(Cl)cc3)CC2)CCC(F)(F)CC1,10.1021/acs.jmedchem.9b00727
168837,Human,8.6,pKi,8.6,Binding,Displacementof[3H]-CP55940fromhumanCB1receptorexpressedinCHOcellmembranesDisplacementof[3H]-CP55940fromhumanCB1receptorexpressedinCHOcellmembranes,ChEMBL,515,6.3,Clc1ccc(-n2c(-c3ccccc3Cl)nc3c(N4CCC(Nc5ccccn5)CC4)ncnc32)cc1,10.1016/j.bmc.2019.07.002
170231,Human,7.3,pKi,7.3,Binding,Displacementof[3H]-CP55940fromhumanCB1receptorexpressedinCHOcellmembranesDisplacementof[3H]-CP55940fromhumanCB1receptorexpressedinCHOcellmembranes,ChEMBL,539,7.1,Clc1ccc(-n2c(-c3ccccc3Cl)nc3c(N4CCC(c5nc6ccccc6[nH]5)CC4)ncnc32)cc1,10.1016/j.bmc.2019.07.002
171471,Human,8.2,pKi,8.2,Binding,Displacementof[3H]-CP55940fromhumanCB1receptorexpressedinCHOcellmembranesDisplacementof[3H]-CP55940fromhumanCB1receptorexpressedinCHOcellmembranes,ChEMBL,514,6.9,Clc1ccc(-n2c(-c3ccccc3Cl)nc3c(N4CCC(Nc5ccccc5)CC4)ncnc32)cc1,10.1016/j.bmc.2019.07.002
108783,Human,5.9,pKi,5.9,Binding,"Displacementof[3H]CP55,940fromhumanrecombinantCB1receptorexpressedinCHO-K1cellsDisplacementof[3H]CP55,940fromhumanrecombinantCB1receptorexpressedinCHO-K1cells",ChEMBL,322,3.7,O=C1N2CCCCSC2=NC1(c1ccccc1)c1ccccc1,10.1039/C3MD00394A
193608,Human,8.7,pKi,8.7,Binding,Bindingaffinityagainsthumancannabinoidreceptorbyusingradioligand([3H]CP-55940)assay.Bindingaffinityagainsthumancannabinoidreceptorbyusingradioligand([3H]CP-55940)assay.,ChEMBL,384,6.4,CCCCCCC(C)(C)c1cc(O)c2c(c1)OC(C)(C)[C@@H]1CC=C(C=O)C[C@@H]21,10.1016/0960-894X(95)00573-C
111413,Human,6.2,pKi,6.2,Binding,Displacementof[3H]-CP-55940fromhumanCB1receptorexpressedinHEK293TcellmembranesbyscintillationcountingDisplacementof[3H]-CP-55940fromhumanCB1receptorexpressedinHEK293Tcellmembranesbyscintillationcounting,ChEMBL,442,6.5,CCCCCCC(C)(C)c1cc(OC(C)=O)c2c(c1)OC(C)(C)[C@@H]1CC=C(C(=O)O)C[C@@H]21,10.1016/j.bmc.2014.04.062
180478,Human,4.9,pKi,4.9,Binding,Displacementof[3H]CP55940fromhumanCB1RtransfectedinHEK293EBNAcellmembranesincubatedfor90minsbyMicrobetaTriLuxbasedluminescenceanalysisDisplacementof[3H]CP55940fromhumanCB1RtransfectedinHEK293EBNAcellmembranesincubatedfor90minsbyMicrobetaTriLuxbasedluminescenceanalysis,ChEMBL,319,4.2,O=[N+]([O-])c1ccc2[nH]nc(OCc3ccc4ccccc4c3)c2c1,10.1016/j.bmc.2020.115672
178946,Human,4.7,pKi,4.7,Binding,Displacementof[3H]CP55940fromhumanCB1RtransfectedinHEK293EBNAcellmembranesincubatedfor90minsbyMicrobetaTriLuxbasedluminescenceanalysisDisplacementof[3H]CP55940fromhumanCB1RtransfectedinHEK293EBNAcellmembranesincubatedfor90minsbyMicrobetaTriLuxbasedluminescenceanalysis,ChEMBL,274,4.3,c1ccc2cc(COc3n[nH]c4ccccc34)ccc2c1,10.1016/j.bmc.2020.115672
198443,Human,5.4,pKi,5.4,Binding,Evaluatedforbindingaffinityagainstrecombinanthumancentralcannabinoidreceptor1Evaluatedforbindingaffinityagainstrecombinanthumancentralcannabinoidreceptor1,ChEMBL,426,3.7,COc1ccc2c(c1)c(CC(=O)N1CCOCC1)c(C)n2C(=O)c1ccccc1Cl,10.1016/0960-894X(96)00426-X
180865,Human,5.8,pKi,5.8,Binding,Displacementof[3H]CP55940fromhumanCB1RtransfectedinHEK293EBNAcellmembranesincubatedfor90minsbyMicrobetaTriLuxbasedluminescenceanalysisDisplacementof[3H]CP55940fromhumanCB1RtransfectedinHEK293EBNAcellmembranesincubatedfor90minsbyMicrobetaTriLuxbasedluminescenceanalysis,ChEMBL,274,4.3,c1ccc2c(COc3n[nH]c4ccccc34)cccc2c1,10.1016/j.bmc.2020.115672
181637,Human,4.7,pKi,4.7,Binding,Displacementof[3H]CP55940fromhumanCB1RtransfectedinHEK293EBNAcellmembranesincubatedfor90minsbyMicrobetaTriLuxbasedluminescenceanalysisDisplacementof[3H]CP55940fromhumanCB1RtransfectedinHEK293EBNAcellmembranesincubatedfor90minsbyMicrobetaTriLuxbasedluminescenceanalysis,ChEMBL,254,3.2,COc1ccc(COc2n[nH]c3ccccc23)cc1,10.1016/j.bmc.2020.115672
95684,Human,6.6,pKi,6.6,Binding,Displacementof[3H]CP-55940fromhumanCB1receptorexpressedinHEK293cellsDisplacementof[3H]CP-55940fromhumanCB1receptorexpressedinHEK293cells,ChEMBL,372,4.8,COc1ccc([C@@H]2[C@@H](CCCc3cccnc3)C(=O)N2c2ccccc2)cc1,10.1021/jm701519h
208544,Human,5.0,pKi,5.0,Binding,NoneNone,PDSPKiDatabase,305,3.8,CC(C)C=CCCCCC(=O)NCC1=CC(=C(C=C1)O)OC,None
173421,Human,7.0,pKi,7.0,Binding,Displacementof[3H]CP55940fromhumanCB1RreceptorexpressedinCHOcellmembranesafter60minsbyliquidscintillationspectrometryanalysisDisplacementof[3H]CP55940fromhumanCB1RreceptorexpressedinCHOcellmembranesafter60minsbyliquidscintillationspectrometryanalysis,ChEMBL,361,4.8,O=[N+]([O-])CC(c1ncccc1F)c1c(-c2ccccc2)[nH]c2ccccc12,10.1021/acs.jmedchem.9b01142
168746,Human,6.2,pKi,6.2,Binding,Displacementof[3H]-CP55940fromhumanCB1receptorexpressedinHEK293EBNAcellmembranesafter90minsbyliquidscintillationcountingmethodDisplacementof[3H]-CP55940fromhumanCB1receptorexpressedinHEK293EBNAcellmembranesafter90minsbyliquidscintillationcountingmethod,ChEMBL,460,8,CCCCCCC(C)(C)c1cc(OCc2ccccc2)c2c(c1)OC(C)(C)c1cn(CC)nc1-2,10.1021/acs.jmedchem.6b00397
168761,Human,7.7,pKi,7.7,Binding,Displacementof[3H]CP55940fromhumanCB1receptorexpressedinHEK293cellmembranesDisplacementof[3H]CP55940fromhumanCB1receptorexpressedinHEK293cellmembranes,ChEMBL,563,6.2,O=C(NCC1CCCC1)NC1CCN(c2ncnc3c2nc(-c2ccccc2Cl)n3-c2ccc(Cl)cc2)CC1,10.1021/acs.jmedchem.9b00727
168830,Human,5.6,pKi,5.6,Binding,Displacementof[3H]-CP55940fromhumanCB1receptorexpressedinHEK293EBNAcellmembranesafter90minsbyliquidscintillationcountingmethodDisplacementof[3H]-CP55940fromhumanCB1receptorexpressedinHEK293EBNAcellmembranesafter90minsbyliquidscintillationcountingmethod,ChEMBL,500,8.7,CCCCCCC(C)(C)c1cc(OC)c2c(c1)OC(C)(C)c1cnn(-c3ccc(Cl)c(Cl)c3)c1-2,10.1021/acs.jmedchem.6b00397
168891,Human,8.1,pKi,8.1,Binding,Displacementof[3H]CP55940fromhumanCB1receptorexpressedinHEK293cellmembranesDisplacementof[3H]CP55940fromhumanCB1receptorexpressedinHEK293cellmembranes,ChEMBL,613,5.9,CC1(NS(=O)(=O)NC2CCCCC2)CCN(c2ncnc3c2nc(-c2ccccc2Cl)n3-c2ccc(Cl)cc2)CC1,10.1021/acs.jmedchem.9b00727
168944,Human,6.2,pKi,6.2,Binding,Displacementof[3H]-CP55940fromhumanCB1receptorexpressedinHEK293EBNAcellmembranesafter90minsbyliquidscintillationcountingmethodDisplacementof[3H]-CP55940fromhumanCB1receptorexpressedinHEK293EBNAcellmembranesafter90minsbyliquidscintillationcountingmethod,ChEMBL,490,7.6,CCCCCCC(C)(C)c1cc(OCCCBr)c2c(c1)OC(C)(C)c1cn(CC)nc1-2,10.1021/acs.jmedchem.6b00397
169039,Human,5.4,pKi,5.4,Binding,Displacementof[3H]-CP55940fromhumanCB1receptorDisplacementof[3H]-CP55940fromhumanCB1receptor,ChEMBL,288,6.6,CCCCCCC1=C/C(=C\c2ccccc2)c2ccccc21,10.1021/acs.jmedchem.6b00516
169057,Human,7.1,pKi,7.1,Binding,Displacementof[3H]CP55940fromhumanCB1receptorexpressedinHEK293cellmembranesDisplacementof[3H]CP55940fromhumanCB1receptorexpressedinHEK293cellmembranes,ChEMBL,638,7,CC1(NC(=O)Nc2ccc(OC(F)F)nc2)CCN(c2ncnc3c2nc(-c2ccccc2Cl)n3-c2ccc(Cl)cc2)CC1,10.1021/acs.jmedchem.9b00727
169055,Human,8.8,pKi,8.8,Binding,Displacementof[3H]-CP55940fromhumanCB1receptorexpressedinCHOcellmembranesDisplacementof[3H]-CP55940fromhumanCB1receptorexpressedinCHOcellmembranes,ChEMBL,629,5.2,O=S(=O)(NC1CCN(c2ncnc3c2nc(-c2ccccc2Cl)n3-c2ccc(OC(F)F)nc2)CC1)c1ccccc1F,10.1016/j.bmc.2019.07.002
169111,Human,5.9,pKi,5.9,Binding,Displacementof[3H]CP55940fromrecombinanthumanCB1RexpressedinHEK293cellmembranesincubatedfor90minsbyCheng-PrusoffequationanalysisDisplacementof[3H]CP55940fromrecombinanthumanCB1RexpressedinHEK293cellmembranesincubatedfor90minsbyCheng-Prusoffequationanalysis,ChEMBL,274,3.6,O=C(NCC1CCCCC1)c1nc2ccccc2s1,10.1016/j.ejmech.2019.07.002
169116,Human,8.7,pKi,8.7,Binding,Displacementof[3H]-CP55940fromhumanCB1receptorexpressedinCHOcellmembranesDisplacementof[3H]-CP55940fromhumanCB1receptorexpressedinCHOcellmembranes,ChEMBL,578,6.5,O=C(NC1CCN(c2ncnc3c2nc(-c2ccccc2Cl)n3-c2ccc(Cl)cc2)CC1)c1ccc(F)cc1F,10.1016/j.bmc.2019.07.002
169127,Human,7.7,pKi,7.7,Binding,Displacementof[3H]-CP55940fromhumanCB1receptorexpressedinHEK293EBNAcellmembranesafter90minsbyliquidscintillationcountingmethodDisplacementof[3H]-CP55940fromhumanCB1receptorexpressedinHEK293EBNAcellmembranesafter90minsbyliquidscintillationcountingmethod,ChEMBL,386,5.1,CCCCCCC(C)(C)c1cc(O)c2c(c1)OC(C)(C)c1cnn(CCO)c1-2,10.1021/acs.jmedchem.6b00397
169138,Human,6.4,pKi,6.4,Binding,Displacementof[3H]-CP55940fromhumanCB1receptorexpressedinHEK293EBNAcellmembranesafter90minsbyliquidscintillationcountingmethodDisplacementof[3H]-CP55940fromhumanCB1receptorexpressedinHEK293EBNAcellmembranesafter90minsbyliquidscintillationcountingmethod,ChEMBL,400,5.7,CCCCCCC(C)(C)c1cc(OCCCO)c2c(c1)OC(C)(C)c1cn[nH]c1-2,10.1021/acs.jmedchem.6b00397
169228,Human,6.1,pKi,6.1,Binding,Displacementof3[H]-CP55940fromhumanrecombinantCB1receptorexpressedinHEK293cellmembranesmeasuredafter90minsbyCheng-PrusoffequationanalysisDisplacementof3[H]-CP55940fromhumanrecombinantCB1receptorexpressedinHEK293cellmembranesmeasuredafter90minsbyCheng-Prusoffequationanalysis,ChEMBL,451,7.1,COc1ccc(-c2oc3ccccc3c2C(=O)c2ccc(NCc3ccc(F)cc3)cc2)cc1,10.1016/j.ejmech.2019.05.080
169250,Human,6.9,pKi,6.9,Binding,Displacementof[3H]CP55940fromhumanCB1RinHEK293cellmembranesafter60minsliquidscintillationanalysisDisplacementof[3H]CP55940fromhumanCB1RinHEK293cellmembranesafter60minsliquidscintillationanalysis,ChEMBL,562,6.7,COC(=O)c1ccc(-c2ccc(-c3c(C)c(C(=O)NN4CCCCC4)nn3-c3ccc(Cl)cc3Cl)cc2)cc1,10.1016/j.bmcl.2019.126644
169274,Human,5.7,pKi,5.7,Binding,"Displacementof[3H]CP-55,940fromhumanCB1receptorexpressedinCHOcellmembraneafter90minsbyscintillationcountingmethodDisplacementof[3H]CP-55,940fromhumanCB1receptorexpressedinCHOcellmembraneafter90minsbyscintillationcountingmethod",ChEMBL,438,5.8,Cc1ccc(-c2cc3ncccc3c3cc(C(=O)N[C@H]4C5(C)CCC(C5)C4(C)C)nn23)cc1,10.1016/j.bmc.2016.08.055
169272,Human,5.8,pKi,5.8,Binding,Displacementof[3H]-CP55940fromhumanCB1receptorexpressedinHEK293EBNAcellmembranesafter90minsbyliquidscintillationcountingmethodDisplacementof[3H]-CP55940fromhumanCB1receptorexpressedinHEK293EBNAcellmembranesafter90minsbyliquidscintillationcountingmethod,ChEMBL,428,6.2,CCCCCCC(C)(C)c1cc(OCCCO)c2c(c1)OC(C)(C)c1cnn(CC)c1-2,10.1021/acs.jmedchem.6b00397
169260,Human,7.8,pKi,7.8,Binding,Displacementof[3H]CP55940fromhumanCB1receptorexpressedinHEK293cellmembranesDisplacementof[3H]CP55940fromhumanCB1receptorexpressedinHEK293cellmembranes,ChEMBL,603,6.8,CC1(NC(=O)NCc2ccccc2F)CCN(c2ncnc3c2nc(-c2ccccc2Cl)n3-c2ccc(Cl)cc2)CC1,10.1021/acs.jmedchem.9b00727
169345,Human,6.6,pKi,6.6,Binding,Displacementof[3H]CP55940fromhumanCB1RinHEK293cellmembranesafter60minsliquidscintillationanalysisDisplacementof[3H]CP55940fromhumanCB1RinHEK293cellmembranesafter60minsliquidscintillationanalysis,ChEMBL,983,10.1,Cc1c(C(=O)NN2CCCCC2)nn(-c2ccc(Cl)cc2Cl)c1-c1ccc(C#CCCOC(=O)CCCCCNC(=S)c2ccc3c(c2)C(=O)OC32c3ccc(O)cc3Oc3cc(O)ccc32)cc1,10.1016/j.bmcl.2019.126644
169374,Human,8.5,pKi,8.5,Binding,Displacementof[3H]-CP55940fromhumanCB1receptorexpressedinCHOcellmembranesDisplacementof[3H]-CP55940fromhumanCB1receptorexpressedinCHOcellmembranes,ChEMBL,566,6,O=C(NC1CCN(c2ncnc3c2nc(-c2ccccc2Cl)n3-c2ccc(Cl)cc2)CC1)C1CCSCC1,10.1016/j.bmc.2019.07.002
169485,Human,8.5,pKi,8.5,Binding,Displacementof[3H]-CP55940fromhumanCB1receptorexpressedinCHOcellmembranesDisplacementof[3H]-CP55940fromhumanCB1receptorexpressedinCHOcellmembranes,ChEMBL,570,6.7,CC(C(=O)NC1CCN(c2ncnc3c2nc(-c2ccccc2Cl)n3-c2ccc(Cl)cc2)CC1)c1ccccc1,10.1016/j.bmc.2019.07.002
169600,Human,5.5,pKi,5.5,Binding,Displacementof[3H]-CP55940fromhumanCB1receptorexpressedinHEK293EBNAcellmembranesafter90minsbyliquidscintillationcountingmethodDisplacementof[3H]-CP55940fromhumanCB1receptorexpressedinHEK293EBNAcellmembranesafter90minsbyliquidscintillationcountingmethod,ChEMBL,384,6.5,CCCCCCC(C)(C)c1cc(OC)c2c(c1)OC(C)(C)c1cn(CC)nc1-2,10.1021/acs.jmedchem.6b00397
169558,Human,8.1,pKi,8.1,Binding,Displacementof[3H]-CP55940fromhumanCB1receptorexpressedinCHOcellmembranesDisplacementof[3H]-CP55940fromhumanCB1receptorexpressedinCHOcellmembranes,ChEMBL,572,5.9,CCCCCS(=O)(=O)NC1CCN(c2ncnc3c2nc(-c2ccccc2Cl)n3-c2ccc(Cl)cc2)CC1,10.1016/j.bmc.2019.07.002
172416,Human,9.1,pKi,9.1,Binding,Displacementof[3H]CP55940fromhumanCB1receptorexpressedinHEK293cellmembranesDisplacementof[3H]CP55940fromhumanCB1receptorexpressedinHEK293cellmembranes,ChEMBL,537,5.8,CCCN(C)C(=O)NC1CCN(c2ncnc3c2nc(-c2ccccc2Cl)n3-c2ccc(Cl)cc2)CC1,10.1021/acs.jmedchem.9b00727
169695,Human,7.4,pKi,7.4,Binding,Displacementof[3H]CP55940fromhumanCB1RinHEK293cellmembranesafter60minsliquidscintillationanalysisDisplacementof[3H]CP55940fromhumanCB1RinHEK293cellmembranesafter60minsliquidscintillationanalysis,ChEMBL,680,7.5,Cc1c(C(=O)NN2CCCCC2)nn(-c2ccc(Cl)cc2Cl)c1-c1ccc(C#CCCOC(=O)CCCCC(=O)OC(C)(C)C)cc1,10.1016/j.bmcl.2019.126644
169673,Human,8.5,pKi,8.5,Binding,Displacementof[3H]CP55940fromhumanCB1receptorexpressedinHEK293cellmembranesDisplacementof[3H]CP55940fromhumanCB1receptorexpressedinHEK293cellmembranes,ChEMBL,549,6,O=C(NC1CCCC1)NC1CCN(c2ncnc3c2nc(-c2ccccc2Cl)n3-c2ccc(Cl)cc2)CC1,10.1021/acs.jmedchem.9b00727
169736,Human,5.8,pKi,5.8,Binding,Displacementof[3H]-CP55940fromhumanCB1receptorexpressedinHEK293EBNAcellmembranesafter90minsbyliquidscintillationcountingmethodDisplacementof[3H]-CP55940fromhumanCB1receptorexpressedinHEK293EBNAcellmembranesafter90minsbyliquidscintillationcountingmethod,ChEMBL,500,8.7,CCCCCCC(C)(C)c1cc(OC)c2c(c1)OC(C)(C)c1cnn(-c3ccc(Cl)cc3Cl)c1-2,10.1021/acs.jmedchem.6b00397
169737,Human,8.9,pKi,8.9,Binding,Displacementof[3H]CP55940fromhumanCB1receptorexpressedinHEK293cellmembranesDisplacementof[3H]CP55940fromhumanCB1receptorexpressedinHEK293cellmembranes,ChEMBL,549,6,O=C(NC1CCN(c2ncnc3c2nc(-c2ccccc2Cl)n3-c2ccc(Cl)cc2)CC1)N1CCCCC1,10.1021/acs.jmedchem.9b00727
169833,Human,5.3,pKi,5.3,Binding,Displacementof[3H]-CP55940fromhumanCB1receptorexpressedinHEK293EBNAcellmembranesafter90minsbyliquidscintillationcountingmethodDisplacementof[3H]-CP55940fromhumanCB1receptorexpressedinHEK293EBNAcellmembranesafter90minsbyliquidscintillationcountingmethod,ChEMBL,384,6.5,CCCCCCC(C)(C)c1cc(OC)c2c(c1)OC(C)(C)c1cnn(CC)c1-2,10.1021/acs.jmedchem.6b00397
169925,Human,8.6,pKi,8.6,Binding,Displacementof[3H]-CP55940fromhumanCB1receptorexpressedinCHOcellmembranesDisplacementof[3H]-CP55940fromhumanCB1receptorexpressedinCHOcellmembranes,ChEMBL,580,5.4,O=S(=O)(NC1CCN(c2ncnc3c2nc(-c2ccccc2Cl)n3-c2ccc(F)cc2)CC1)c1ccccc1F,10.1016/j.bmc.2019.07.002
170003,Human,7.0,pKi,7.0,Binding,Displacementof[3H]CP55940fromhumanCB1RinHEK293cellmembranesafter60minsliquidscintillationanalysisDisplacementof[3H]CP55940fromhumanCB1RinHEK293cellmembranesafter60minsliquidscintillationanalysis,ChEMBL,709,7.7,Cc1c(C(=O)NN2CCCCC2)nn(-c2ccc(Cl)cc2Cl)c1-c1ccc(C#CCCOC(=O)CCCCCNC(=O)OC(C)(C)C)cc1,10.1016/j.bmcl.2019.126644
169981,Human,8.2,pKi,8.2,Binding,Displacementof[3H]CP55940fromhumanCB1receptorexpressedinHEK293cellmembranesDisplacementof[3H]CP55940fromhumanCB1receptorexpressedinHEK293cellmembranes,ChEMBL,607,7.2,CC1(NC(=O)Nc2ccc(F)cc2F)CCN(c2ncnc3c2nc(-c2ccccc2Cl)n3-c2ccc(Cl)cc2)CC1,10.1021/acs.jmedchem.9b00727
170053,Human,7.1,pKi,7.1,Binding,Displacementof3[H]-CP55940fromhumanrecombinantCB1receptorexpressedinHEK293cellmembranesmeasuredafter90minsbyCheng-PrusoffequationanalysisDisplacementof3[H]-CP55940fromhumanrecombinantCB1receptorexpressedinHEK293cellmembranesmeasuredafter90minsbyCheng-Prusoffequationanalysis,ChEMBL,413,6.9,CCCCCNc1ccc(C(=O)c2c(-c3ccc(OC)cc3)oc3ccccc23)cc1,10.1016/j.ejmech.2019.05.080
170253,Human,5.4,pKi,5.4,Binding,Displacementof[3H]-CP55940fromhumanrecombinantcannabinoidCB1receptorexpressedinHEK293cellmembranesincubatedfor90minsbyCheng-PrusoffequationanalysisDisplacementof[3H]-CP55940fromhumanrecombinantcannabinoidCB1receptorexpressedinHEK293cellmembranesincubatedfor90minsbyCheng-Prusoffequationanalysis,ChEMBL,373,4.8,CCCCCCCN1C(=O)C2C3c4ccccc4C(c4ccccc43)C2C1=O,10.1021/acsmedchemlett.8b00594
170511,Human,5.7,pKi,5.7,Binding,Displacementof[3H]CP55940fromhumanCB1RinHEK293cellmembranesafter60minsliquidscintillationanalysisDisplacementof[3H]CP55940fromhumanCB1RinHEK293cellmembranesafter60minsliquidscintillationanalysis,ChEMBL,1053,12,Cc1c(C(=O)NN2CCCCC2)nn(-c2ccc(Cl)cc2Cl)c1-c1ccc(C#CCCOC(=O)CCCCCCCCCCNC(=S)c2ccc3c(c2)C(=O)OC32c3ccc(O)cc3Oc3cc(O)ccc32)cc1,10.1016/j.bmcl.2019.126644
170610,Human,9.6,pKi,9.6,Binding,Displacementof[3H]CP55940fromhumanCB1receptorexpressedinHEK293cellmembranesDisplacementof[3H]CP55940fromhumanCB1receptorexpressedinHEK293cellmembranes,ChEMBL,553,5,COCCN(C)C(=O)NC1CCN(c2ncnc3c2nc(-c2ccccc2Cl)n3-c2ccc(Cl)cc2)CC1,10.1021/acs.jmedchem.9b00727
170806,Human,7.7,pKi,7.7,Binding,Displacementof[3H]-CP55940fromhumanCB1receptorexpressedinHEK293EBNAcellmembranesafter90minsbyliquidscintillationcountingmethodDisplacementof[3H]-CP55940fromhumanCB1receptorexpressedinHEK293EBNAcellmembranesafter90minsbyliquidscintillationcountingmethod,ChEMBL,432,7.5,CCCCCCC(C)(C)c1cc(OCc2ccccc2)c2c(c1)OC(C)(C)c1cn[nH]c1-2,10.1021/acs.jmedchem.6b00397
170849,Human,8.4,pKi,8.4,Binding,Displacementof[3H]-CP55940fromhumanCB1receptorexpressedinCHOcellmembranesDisplacementof[3H]-CP55940fromhumanCB1receptorexpressedinCHOcellmembranes,ChEMBL,631,5.6,O=S(=O)(NC1CCN(c2ncnc3c2nc(-c2ccccc2Cl)n3-c2ccc(C(F)(F)F)nc2)CC1)c1ccccc1F,10.1016/j.bmc.2019.07.002
170872,Human,9.1,pKi,9.1,Binding,Displacementof[3H]CP55940fromhumanCB1receptorexpressedinHEK293cellmembranesDisplacementof[3H]CP55940fromhumanCB1receptorexpressedinHEK293cellmembranes,ChEMBL,551,6.1,CC(C)CN(C)C(=O)NC1CCN(c2ncnc3c2nc(-c2ccccc2Cl)n3-c2ccc(Cl)cc2)CC1,10.1021/acs.jmedchem.9b00727
170937,Human,8.3,pKi,8.3,Binding,Displacementof[3H]SR141716AfromhumanCB1RreceptorexpressedinCHOcellmembranesafter2hrsbyliquidscintillationspectrometryanalysisDisplacementof[3H]SR141716AfromhumanCB1RreceptorexpressedinCHOcellmembranesafter2hrsbyliquidscintillationspectrometryanalysis,ChEMBL,396,5.7,O=[N+]([O-])CC(c1ccccc1F)c1c(-c2cccc(F)c2)[nH]c2cc(F)ccc12,10.1021/acs.jmedchem.9b01142
170978,Human,8.2,pKi,8.2,Binding,Displacementof[3H]-CP55940fromhumanCB1receptorexpressedinCHOcellmembranesDisplacementof[3H]-CP55940fromhumanCB1receptorexpressedinCHOcellmembranes,ChEMBL,566,6.1,CC(C)(C)OCCC(=O)NC1CCN(c2ncnc3c2nc(-c2ccccc2Cl)n3-c2ccc(Cl)cc2)CC1,10.1016/j.bmc.2019.07.002
171060,Human,9.7,pKi,9.7,Binding,Displacementof[3H]-CP55940fromhumanCB1receptorexpressedinCHOcellmembranesDisplacementof[3H]-CP55940fromhumanCB1receptorexpressedinCHOcellmembranes,ChEMBL,536,6.3,CC(C)(C)CC(=O)NC1CCN(c2ncnc3c2nc(-c2ccccc2Cl)n3-c2ccc(Cl)cc2)CC1,10.1016/j.bmc.2019.07.002
171094,Human,5.2,pKi,5.2,Binding,AntagonistactivityatCBR1(unknownorigin)AntagonistactivityatCBR1(unknownorigin),ChEMBL,495,6.9,CCCCCCCCCCCC(C[C@@H]1OC(=O)[C@H]1CCCCCC)OC(=O)[C@@H](NC=O)C(C)CC,10.1016/j.bmcl.2016.06.076
171163,Human,7.9,pKi,7.9,Binding,Displacementof[3H]CP55940fromhumanCB1RinHEK293cellmembranesafter60minsliquidscintillationanalysisDisplacementof[3H]CP55940fromhumanCB1RinHEK293cellmembranesafter60minsliquidscintillationanalysis,ChEMBL,507,6.3,COC(=O)CCCCCNC(=O)c1nn(-c2ccc(Cl)cc2Cl)c(-c2ccc(Cl)cc2)c1C,10.1016/j.bmcl.2019.126644
171206,Human,5.8,pKi,5.8,Binding,Displacementof3[H]-CP55940fromhumanrecombinantCB1receptorexpressedinHEK293cellmembranesmeasuredafter90minsbyCheng-PrusoffequationanalysisDisplacementof3[H]-CP55940fromhumanrecombinantCB1receptorexpressedinHEK293cellmembranesmeasuredafter90minsbyCheng-Prusoffequationanalysis,ChEMBL,441,7.7,CCCCCCCNc1ccc(C(=O)c2c(-c3ccc(OC)cc3)oc3ccccc23)cc1,10.1016/j.ejmech.2019.05.080
171264,Human,8.7,pKi,8.7,Binding,Displacementof[3H]-CP55940fromhumanCB1receptorexpressedinCHOcellmembranesDisplacementof[3H]-CP55940fromhumanCB1receptorexpressedinCHOcellmembranes,ChEMBL,560,6.3,O=C(NC1CCN(c2ncnc3c2nc(-c2ccccc2Cl)n3-c2ccc(Cl)cc2)CC1)c1ccc(F)cc1,10.1016/j.bmc.2019.07.002
171339,Human,5.6,pKi,5.6,Binding,Displacementof3[H]-CP55940fromhumanrecombinantCB1receptorexpressedinHEK293cellmembranesmeasuredafter90minsbyCheng-PrusoffequationanalysisDisplacementof3[H]-CP55940fromhumanrecombinantCB1receptorexpressedinHEK293cellmembranesmeasuredafter90minsbyCheng-Prusoffequationanalysis,ChEMBL,458,6.8,COc1ccc(-c2oc3ccccc3c2C(=O)c2ccc(NCc3ccc(C#N)cc3)cc2)cc1,10.1016/j.ejmech.2019.05.080
171405,Human,5.9,pKi,5.9,Binding,Displacementof[3H]-CP55940fromhumanCB1receptorexpressedinHEK293EBNAcellmembranesafter90minsbyliquidscintillationcountingmethodDisplacementof[3H]-CP55940fromhumanCB1receptorexpressedinHEK293EBNAcellmembranesafter90minsbyliquidscintillationcountingmethod,ChEMBL,424,7.6,CCCCCCC(C)(C)c1cc(O)c2c(c1)OC(C)(C)c1cnn(C3CCCCC3)c1-2,10.1021/acs.jmedchem.6b00397
171489,Human,6.0,pKi,6.0,Binding,Displacementof[3H]-CP55940fromhumanCB1receptorexpressedinHEK293EBNAcellmembranesafter90minsbyliquidscintillationcountingmethodDisplacementof[3H]-CP55940fromhumanCB1receptorexpressedinHEK293EBNAcellmembranesafter90minsbyliquidscintillationcountingmethod,ChEMBL,400,5.3,CCCCCCC(C)(C)c1cc(OCCO)c2c(c1)OC(C)(C)c1cn(C)nc1-2,10.1021/acs.jmedchem.6b00397
171563,Human,8.3,pKi,8.3,Binding,Displacementof[3H]-CP55940fromhumanCB1receptorexpressedinCHOcellmembranesDisplacementof[3H]-CP55940fromhumanCB1receptorexpressedinCHOcellmembranes,ChEMBL,599,5.5,O=S(=O)(NC1CCCCC1)NC1CCN(c2ncnc3c2nc(-c2ccccc2Cl)n3-c2ccc(Cl)cc2)CC1,10.1016/j.bmc.2019.07.002
171657,Human,5.2,pKi,5.2,Binding,Displacementof[3H]-CP55940fromhumanCB1receptorexpressedinHEK293EBNAcellmembranesafter90minsbyliquidscintillationcountingmethodDisplacementof[3H]-CP55940fromhumanCB1receptorexpressedinHEK293EBNAcellmembranesafter90minsbyliquidscintillationcountingmethod,ChEMBL,414,5.8,CCCCCCC(C)(C)c1cc(OCCO)c2c(c1)OC(C)(C)c1cn(CC)nc1-2,10.1021/acs.jmedchem.6b00397
175436,Human,5.7,pKi,5.7,Binding,Displacementof[3H]CP55940fromhumanCB1RinHEK293cellmembranesafter60minsliquidscintillationanalysisDisplacementof[3H]CP55940fromhumanCB1RinHEK293cellmembranesafter60minsliquidscintillationanalysis,ChEMBL,609,6.1,Cc1c(C(=O)NN2CCCCC2)nn(-c2ccc(Cl)cc2Cl)c1-c1ccc(C#CCCOC(=O)CCCCCN)cc1,10.1016/j.bmcl.2019.126644
172161,Human,6.2,pKi,6.2,Binding,Displacementof[3H]-CP-55940fromhumanCB1receptorexpressedinCHOcellmembranesafter1hrbybeta-countinganalysisDisplacementof[3H]-CP-55940fromhumanCB1receptorexpressedinCHOcellmembranesafter1hrbybeta-countinganalysis,ChEMBL,383,5.7,CCCCCn1c(=O)sc2cc(C(=O)C34CC5CC(CC(C5)C3)C4)ccc21,10.1016/j.ejmech.2018.12.008
172220,Human,8.3,pKi,8.3,Binding,Displacementof[3H]SR141716AfromhumanCB1RreceptorexpressedinCHOcellmembranesafter2hrsbyliquidscintillationspectrometryanalysisDisplacementof[3H]SR141716AfromhumanCB1RreceptorexpressedinCHOcellmembranesafter2hrsbyliquidscintillationspectrometryanalysis,ChEMBL,396,5.7,O=[N+]([O-])CC(c1ccccc1F)c1c(-c2cccc(F)c2)[nH]c2c(F)cccc12,10.1021/acs.jmedchem.9b01142
172270,Human,5.5,pKi,5.5,Binding,"Displacementof[3H]CP-55,940fromhumanCB1receptorexpressedinCHOcellmembraneafter90minsbyscintillationcountingmethodDisplacementof[3H]CP-55,940fromhumanCB1receptorexpressedinCHOcellmembraneafter90minsbyscintillationcountingmethod",ChEMBL,440,6,Cc1ccc(-c2cc3ncccc3c3cc(C(=O)N[C@@H]4C[C@H](C)CC[C@H]4C(C)C)nn23)cc1,10.1016/j.bmc.2016.08.055
172256,Human,6.1,pKi,6.1,Binding,Displacementof[3H]-CP-55940fromhumanCB1receptorexpressedinCHOcellmembranesafter1hrbybeta-countinganalysisDisplacementof[3H]-CP-55940fromhumanCB1receptorexpressedinCHOcellmembranesafter1hrbybeta-countinganalysis,ChEMBL,369,5.3,CCCCn1c(=O)sc2cc(C(=O)C34CC5CC(CC(C5)C3)C4)ccc21,10.1016/j.ejmech.2018.12.008
172283,Human,6.3,pKi,6.3,Binding,Displacementof3[H]-CP55940fromhumanrecombinantCB1receptorexpressedinHEK293cellmembranesmeasuredafter90minsbyCheng-PrusoffequationanalysisDisplacementof3[H]-CP55940fromhumanrecombinantCB1receptorexpressedinHEK293cellmembranesmeasuredafter90minsbyCheng-Prusoffequationanalysis,ChEMBL,397,6.2,COc1ccc(-c2oc3ccccc3c2C(=O)c2ccc(NCC3CC3)cc2)cc1,10.1016/j.ejmech.2019.05.080
172295,Human,8.1,pKi,8.1,Binding,Displacementof[3H]-CP55940fromhumanCB1receptorexpressedinCHOcellmembranesDisplacementof[3H]-CP55940fromhumanCB1receptorexpressedinCHOcellmembranes,ChEMBL,598,6.3,O=S(=O)(CC1CCCCC1)NC1CCN(c2ncnc3c2nc(-c2ccccc2Cl)n3-c2ccc(Cl)cc2)CC1,10.1016/j.bmc.2019.07.002
172542,Human,6.3,pKi,6.3,Binding,Displacementof3[H]-CP55940fromhumanrecombinantCB1receptorexpressedinHEK293cellmembranesmeasuredafter90minsbyCheng-PrusoffequationanalysisDisplacementof3[H]-CP55940fromhumanrecombinantCB1receptorexpressedinHEK293cellmembranesmeasuredafter90minsbyCheng-Prusoffequationanalysis,ChEMBL,505,7.2,COc1ccc(-c2oc3ccccc3c2C(=O)c2ccc(OCCCN(C)Cc3ccccc3)cc2)cc1,10.1016/j.ejmech.2019.05.080
172635,Human,5.2,pKi,5.2,Binding,Displacementof[3H]-CP55940fromhumanCB1receptorexpressedinHEK293EBNAcellmembranesafter90minsbyliquidscintillationcountingmethodDisplacementof[3H]-CP55940fromhumanCB1receptorexpressedinHEK293EBNAcellmembranesafter90minsbyliquidscintillationcountingmethod,ChEMBL,448,7.1,CCCCCCC(C)(C)c1cc(O)c2c(c1)OC(C)(C)c1cnn(-c3cccc(OC)c3)c1-2,10.1021/acs.jmedchem.6b00397
172657,Human,7.7,pKi,7.7,Binding,Displacementof3[H]-CP55940fromhumanrecombinantCB1receptorexpressedinHEK293cellmembranesmeasuredafter90minsbyCheng-PrusoffequationanalysisDisplacementof3[H]-CP55940fromhumanrecombinantCB1receptorexpressedinHEK293cellmembranesmeasuredafter90minsbyCheng-Prusoffequationanalysis,ChEMBL,465,7.1,COc1ccc(-c2oc3ccccc3c2C(=O)c2ccc(N(C)Cc3ccc(F)cc3)cc2)cc1,10.1016/j.ejmech.2019.05.080
172722,Human,7.9,pKi,7.9,Binding,Displacementof[3H]CP55940fromhumanCB1receptorexpressedinHEK293cellmembranesDisplacementof[3H]CP55940fromhumanCB1receptorexpressedinHEK293cellmembranes,ChEMBL,577,6.8,CC1(NC(=O)NC2CCCCC2)CCN(c2ncnc3c2nc(-c2ccccc2Cl)n3-c2ccc(Cl)cc2)CC1,10.1021/acs.jmedchem.9b00727
172801,Human,8.6,pKi,8.6,Binding,Displacementof[3H]CP55940fromhumanCB1receptorexpressedinHEK293cellmembranesDisplacementof[3H]CP55940fromhumanCB1receptorexpressedinHEK293cellmembranes,ChEMBL,589,6.4,O=C(NCc1ccccc1F)NC1CCN(c2ncnc3c2nc(-c2ccccc2Cl)n3-c2ccc(Cl)cc2)CC1,10.1021/acs.jmedchem.9b00727
172776,Human,8.9,pKi,8.9,Binding,Displacementof[3H]CP55940fromhumanCB1receptorexpressedinHEK293cellmembranesDisplacementof[3H]CP55940fromhumanCB1receptorexpressedinHEK293cellmembranes,ChEMBL,563,6.4,O=C(NC1CCCCC1)NC1CCN(c2ncnc3c2nc(-c2ccccc2Cl)n3-c2ccc(Cl)cc2)CC1,10.1021/acs.jmedchem.9b00727
172742,Human,8.5,pKi,8.5,Binding,Displacementof[3H]-CP55940fromhumanCB1receptorexpressedinCHOcellmembranesDisplacementof[3H]-CP55940fromhumanCB1receptorexpressedinCHOcellmembranes,ChEMBL,578,6.5,O=C(NC1CCN(c2ncnc3c2nc(-c2ccccc2Cl)n3-c2ccc(Cl)cc2)CC1)c1ccc(F)c(F)c1,10.1016/j.bmc.2019.07.002
172845,Human,8.4,pKi,8.4,Binding,Displacementof[3H]CP55940fromhumanCB1receptorexpressedinHEK293cellmembranesDisplacementof[3H]CP55940fromhumanCB1receptorexpressedinHEK293cellmembranes,ChEMBL,589,7.1,CC1(NC(=O)Nc2ccccc2F)CCN(c2ncnc3c2nc(-c2ccccc2Cl)n3-c2ccc(Cl)cc2)CC1,10.1021/acs.jmedchem.9b00727
173045,Human,5.8,pKi,5.8,Binding,Displacementof3[H]-CP55940fromhumanrecombinantCB1receptorexpressedinHEK293cellmembranesmeasuredafter90minsbyCheng-PrusoffequationanalysisDisplacementof3[H]-CP55940fromhumanrecombinantCB1receptorexpressedinHEK293cellmembranesmeasuredafter90minsbyCheng-Prusoffequationanalysis,ChEMBL,533,8,COc1ccc(-c2oc3ccccc3c2C(=O)c2ccc(OCCCCCN(C)Cc3ccccc3)cc2)cc1,10.1016/j.ejmech.2019.05.080
173462,Human,6.0,pKi,6.0,Binding,Displacementof[3H]-CP-55940fromhumanCB1receptorexpressedinCHOcellmembranesafter1hrbybeta-countinganalysisDisplacementof[3H]-CP-55940fromhumanCB1receptorexpressedinCHOcellmembranesafter1hrbybeta-countinganalysis,ChEMBL,397,6,CCCCCCn1c(=O)sc2cc(C(=O)C34CC5CC(CC(C5)C3)C4)ccc21,10.1016/j.ejmech.2018.12.008
173235,Human,8.4,pKi,8.4,Binding,Displacementof[3H]-CP55940fromhumanCB1receptorexpressedinCHOcellmembranesDisplacementof[3H]-CP55940fromhumanCB1receptorexpressedinCHOcellmembranes,ChEMBL,598,5.6,O=S(=O)(CCC(F)(F)F)NC1CCN(c2ncnc3c2nc(-c2ccccc2Cl)n3-c2ccc(Cl)cc2)CC1,10.1016/j.bmc.2019.07.002
173772,Human,7.2,pKi,7.2,Binding,Displacementof[3H]-CP55940fromhumanCB1receptorexpressedinHEK293EBNAcellmembranesafter90minsbyliquidscintillationcountingmethodDisplacementof[3H]-CP55940fromhumanCB1receptorexpressedinHEK293EBNAcellmembranesafter90minsbyliquidscintillationcountingmethod,ChEMBL,386,5.3,CCCCCCC(C)(C)c1cc(OCCO)c2c(c1)OC(C)(C)c1cn[nH]c1-2,10.1021/acs.jmedchem.6b00397
173602,Human,5.9,pKi,5.9,Binding,Displacementof[3H]-CP55940fromhumanCB1receptorexpressedinHEK293EBNAcellmembranesafter90minsbyliquidscintillationcountingmethodDisplacementof[3H]-CP55940fromhumanCB1receptorexpressedinHEK293EBNAcellmembranesafter90minsbyliquidscintillationcountingmethod,ChEMBL,476,7.2,CCCCCCC(C)(C)c1cc(OCCBr)c2c(c1)OC(C)(C)c1cn(CC)nc1-2,10.1021/acs.jmedchem.6b00397
173659,Human,6.2,pKi,6.2,Binding,Displacementof[3H]-CP55940fromhumanCB1receptorexpressedinHEK293EBNAcellmembranesafter90minsbyliquidscintillationcountingmethodDisplacementof[3H]-CP55940fromhumanCB1receptorexpressedinHEK293EBNAcellmembranesafter90minsbyliquidscintillationcountingmethod,ChEMBL,460,8,CCCCCCC(C)(C)c1cc(OCc2ccccc2)c2c(c1)OC(C)(C)c1cnn(CC)c1-2,10.1021/acs.jmedchem.6b00397
173592,Human,6.1,pKi,6.1,Binding,Displacementof3[H]-CP55940fromhumanrecombinantCB1receptorexpressedinHEK293cellmembranesmeasuredafter90minsbyCheng-PrusoffequationanalysisDisplacementof3[H]-CP55940fromhumanrecombinantCB1receptorexpressedinHEK293cellmembranesmeasuredafter90minsbyCheng-Prusoffequationanalysis,ChEMBL,519,7.6,COc1ccc(-c2oc3ccccc3c2C(=O)c2ccc(OCCCCN(C)Cc3ccccc3)cc2)cc1,10.1016/j.ejmech.2019.05.080
173652,Human,6.4,pKi,6.4,Binding,Displacementof[3H]CP55940fromhumanCB1receptorexpressedinHEK293cellmembranesDisplacementof[3H]CP55940fromhumanCB1receptorexpressedinHEK293cellmembranes,ChEMBL,639,5.6,O=C(NC1CCN(c2ncnc3c2nc(-c2ccccc2Cl)n3-c2ccc(Cl)cc2)CC1)NS(=O)(=O)c1ccccc1F,10.1021/acs.jmedchem.9b00727
173633,Human,8.0,pKi,8.0,Binding,Displacementof[3H]CP55940fromhumanCB1RinHEK293cellmembranesafter60minsliquidscintillationanalysisDisplacementof[3H]CP55940fromhumanCB1RinHEK293cellmembranesafter60minsliquidscintillationanalysis,ChEMBL,538,5.6,CC(=O)OCCC#Cc1ccc(-c2c(C)c(C(=O)NN3CCCCC3)nn2-c2ccc(Cl)cc2Cl)cc1,10.1016/j.bmcl.2019.126644
173688,Human,8.4,pKi,8.4,Binding,Displacementof[3H]-CP55940fromhumanCB1receptorexpressedinCHOcellmembranesDisplacementof[3H]-CP55940fromhumanCB1receptorexpressedinCHOcellmembranes,ChEMBL,572,6.7,O=C(NC1CCN(c2ncnc3c2nc(-c2ccccc2Cl)n3-c2ccc(Cl)cc2)CC1)OCc1ccccc1,10.1016/j.bmc.2019.07.002
174045,Human,6.2,pKi,6.2,Binding,Displacementof[3H]-CP55940fromhumanCB1receptorexpressedinHEK293EBNAcellmembranesafter90minsbyliquidscintillationcountingmethodDisplacementof[3H]-CP55940fromhumanCB1receptorexpressedinHEK293EBNAcellmembranesafter90minsbyliquidscintillationcountingmethod,ChEMBL,446,7.5,CCCCCCC(C)(C)c1cc(OCc2ccccc2)c2c(c1)OC(C)(C)c1cn(C)nc1-2,10.1021/acs.jmedchem.6b00397
174021,Human,5.4,pKi,5.4,Binding,Displacementof[3H]-CP55940fromhumanCB1receptorexpressedinHEK293EBNAcellmembranesafter90minsbyliquidscintillationcountingmethodDisplacementof[3H]-CP55940fromhumanCB1receptorexpressedinHEK293EBNAcellmembranesafter90minsbyliquidscintillationcountingmethod,ChEMBL,370,6,CCCCCCC(C)(C)c1cc(OC)c2c(c1)OC(C)(C)c1cn(C)nc1-2,10.1021/acs.jmedchem.6b00397
175753,Human,7.0,pKi,7.0,Binding,Displacementof[3H]CP55940fromhumanCB1RinHEK293cellmembranesafter60minsliquidscintillationanalysisDisplacementof[3H]CP55940fromhumanCB1RinHEK293cellmembranesafter60minsliquidscintillationanalysis,ChEMBL,679,8,Cc1c(C(=O)NN2CCCCC2)nn(-c2ccc(Cl)cc2Cl)c1-c1ccc(C#CCCOC(=O)CCCCCCCCCCN)cc1,10.1016/j.bmcl.2019.126644
174210,Human,9.1,pKi,9.1,Binding,Displacementof[3H]CP55940fromhumanCB1receptorexpressedinHEK293cellmembranesDisplacementof[3H]CP55940fromhumanCB1receptorexpressedinHEK293cellmembranes,ChEMBL,577,6.6,O=C(NCC1CCCCC1)NC1CCN(c2ncnc3c2nc(-c2ccccc2Cl)n3-c2ccc(Cl)cc2)CC1,10.1021/acs.jmedchem.9b00727
174261,Human,8.1,pKi,8.1,Binding,Displacementof[3H]CP55940fromhumanCB1RinHEK293cellmembranesafter60minsliquidscintillationanalysisDisplacementof[3H]CP55940fromhumanCB1RinHEK293cellmembranesafter60minsliquidscintillationanalysis,ChEMBL,541,6.9,CCOC(=O)c1ccc(CNC(=O)c2nn(-c3ccc(Cl)cc3Cl)c(-c3ccc(Cl)cc3)c2C)cc1,10.1016/j.bmcl.2019.126644
174217,Human,9.0,pKi,9.0,Binding,Displacementof[3H]-CP55940fromhumanCB1receptorexpressedinCHOcellmembranesDisplacementof[3H]-CP55940fromhumanCB1receptorexpressedinCHOcellmembranes,ChEMBL,560,6.3,O=C(NC1CCN(c2ncnc3c2nc(-c2ccccc2Cl)n3-c2ccc(Cl)cc2)CC1)c1ccccc1F,10.1016/j.bmc.2019.07.002
174853,Human,7.3,pKi,7.3,Binding,Displacementof[3H]-CP55940fromhumanCB1receptorexpressedinHEK293EBNAcellmembranesafter90minsbyliquidscintillationcountingmethodDisplacementof[3H]-CP55940fromhumanCB1receptorexpressedinHEK293EBNAcellmembranesafter90minsbyliquidscintillationcountingmethod,ChEMBL,386,5.1,CCCCCCC(C)(C)c1cc(O)c2c(c1)OC(C)(C)c1cn(CCO)nc1-2,10.1021/acs.jmedchem.6b00397
174511,Human,6.2,pKi,6.2,Binding,Displacementof[3H]-CP-55940fromhumanCB1receptorexpressedinCHOcellmembranesafter1hrbybeta-countinganalysisDisplacementof[3H]-CP-55940fromhumanCB1receptorexpressedinCHOcellmembranesafter1hrbybeta-countinganalysis,ChEMBL,369,6,CCCCCn1c(=O)sc2cc(CC34CC5CC(CC(C5)C3)C4)ccc21,10.1016/j.ejmech.2018.12.008
174569,Human,7.8,pKi,7.8,Binding,Displacementof[3H]-CP55940fromhumanCB1receptorexpressedinCHOcellmembranesDisplacementof[3H]-CP55940fromhumanCB1receptorexpressedinCHOcellmembranes,ChEMBL,540,5.1,COCCOC(=O)NC1CCN(c2ncnc3c2nc(-c2ccccc2Cl)n3-c2ccc(Cl)cc2)CC1,10.1016/j.bmc.2019.07.002
174522,Human,5.8,pKi,5.8,Binding,Displacementof[3H]-CP55940fromhumanCB1receptorexpressedinHEK293EBNAcellmembranesafter90minsbyliquidscintillationcountingmethodDisplacementof[3H]-CP55940fromhumanCB1receptorexpressedinHEK293EBNAcellmembranesafter90minsbyliquidscintillationcountingmethod,ChEMBL,476,7.1,CCCCCCC(C)(C)c1cc(OCCCBr)c2c(c1)OC(C)(C)c1cn(C)nc1-2,10.1021/acs.jmedchem.6b00397
174659,Human,6.6,pKi,6.6,Binding,Displacementof[3H]-CP55940fromhumanCB1receptorexpressedinHEK293EBNAcellmembranesafter90minsbyliquidscintillationcountingmethodDisplacementof[3H]-CP55940fromhumanCB1receptorexpressedinHEK293EBNAcellmembranesafter90minsbyliquidscintillationcountingmethod,ChEMBL,356,6,CCCCCCC(C)(C)c1cc(OC)c2c(c1)OC(C)(C)c1cn[nH]c1-2,10.1021/acs.jmedchem.6b00397
174758,Human,6.4,pKi,6.4,Binding,Displacementof[3H]CP55940fromrecombinanthumanCB1RexpressedinHEK293cellmembranesincubatedfor90minsbyCheng-PrusoffequationanalysisDisplacementof[3H]CP55940fromrecombinanthumanCB1RexpressedinHEK293cellmembranesincubatedfor90minsbyCheng-Prusoffequationanalysis,ChEMBL,332,4.4,Cc1nc(C(C)(C)C)sc1C(=O)NC12CC3CC(CC(C3)C1)C2,10.1016/j.ejmech.2019.07.002
174727,Human,9.0,pKi,9.0,Binding,Displacementof[3H]CP55940fromhumanCB1receptorexpressedinHEK293cellmembranesDisplacementof[3H]CP55940fromhumanCB1receptorexpressedinHEK293cellmembranes,ChEMBL,605,6.7,CCCN(CC(F)(F)F)C(=O)NC1CCN(c2ncnc3c2nc(-c2ccccc2Cl)n3-c2ccc(Cl)cc2)CC1,10.1021/acs.jmedchem.9b00727
174783,Human,9.2,pKi,9.2,Binding,Displacementof[3H]-CP55940fromhumanCB1receptorexpressedinCHOcellmembranesDisplacementof[3H]-CP55940fromhumanCB1receptorexpressedinCHOcellmembranes,ChEMBL,536,6,O=C(NC1CCN(c2ncnc3c2nc(-c2ccccc2Cl)n3-c2ccc(Cl)cc2)CC1)OC1CCC1,10.1016/j.bmc.2019.07.002
175087,Human,6.4,pKi,6.4,Binding,Displacementof3[H]-CP55940fromhumanrecombinantCB1receptorexpressedinHEK293cellmembranesmeasuredafter90minsbyCheng-PrusoffequationanalysisDisplacementof3[H]-CP55940fromhumanrecombinantCB1receptorexpressedinHEK293cellmembranesmeasuredafter90minsbyCheng-Prusoffequationanalysis,ChEMBL,491,6.9,COc1ccc(-c2oc3ccccc3c2C(=O)c2ccc(OCCN(C)Cc3ccccc3)cc2)cc1,10.1016/j.ejmech.2019.05.080
175022,Human,7.8,pKi,7.8,Binding,Displacementof[3H]-CP55940fromhumanCB1receptorexpressedinHEK293EBNAcellmembranesafter90minsbyliquidscintillationcountingmethodDisplacementof[3H]-CP55940fromhumanCB1receptorexpressedinHEK293EBNAcellmembranesafter90minsbyliquidscintillationcountingmethod,ChEMBL,343,5.9,CCCCCCC(C)(C)c1cc(O)c2c(c1)OC(C)(C)c1cnoc1-2,10.1021/acs.jmedchem.6b00397
175210,Human,8.2,pKi,8.2,Binding,Displacementof[3H]CP55940fromhumanCB1receptorexpressedinHEK293cellmembranesDisplacementof[3H]CP55940fromhumanCB1receptorexpressedinHEK293cellmembranes,ChEMBL,617,6.9,O=C(NC1CCN(c2ncnc3c2nc(-c2ccccc2Cl)n3-c2ccc(Cl)cc2)CC1)NC1(C(F)(F)F)CCCC1,10.1021/acs.jmedchem.9b00727
175142,Human,6.5,pKi,6.5,Binding,Displacementof[3H]-CP55940fromhumanCB1receptorexpressedinHEK293EBNAcellmembranesafter90minsbyliquidscintillationcountingmethodDisplacementof[3H]-CP55940fromhumanCB1receptorexpressedinHEK293EBNAcellmembranesafter90minsbyliquidscintillationcountingmethod,ChEMBL,401,6,CCCCCCC(C)(C)c1cc(OCCCO)c2c(c1)OC(C)(C)c1cnoc1-2,10.1021/acs.jmedchem.6b00397
175252,Human,6.7,pKi,6.7,Binding,Displacementof[3H]-CP55940fromhumanCB1receptorexpressedinHEK293EBNAcellmembranesafter90minsbyliquidscintillationcountingmethodDisplacementof[3H]-CP55940fromhumanCB1receptorexpressedinHEK293EBNAcellmembranesafter90minsbyliquidscintillationcountingmethod,ChEMBL,372,5.1,CCCCCCC(C)(C)c1cc(O)c2c(c1)OC(C)(C)c1cn(CO)nc1-2,10.1021/acs.jmedchem.6b00397
181174,Human,6.0,pKi,6.0,Binding,Displacementof[3H]CP-55940fromCB1receptor(unknownorigin)bycompetitivebindingassayDisplacementof[3H]CP-55940fromCB1receptor(unknownorigin)bycompetitivebindingassay,ChEMBL,421,4.5,O=C1/C(=C/c2cn(Cc3ccc(Br)cc3)c3ncccc23)N2CCC1CC2,10.1016/j.bmcl.2020.127501
178660,Human,5.5,pKi,5.5,Binding,Displacementof[3H]CP-55940fromCB1receptor(unknownorigin)bycompetitivebindingassayDisplacementof[3H]CP-55940fromCB1receptor(unknownorigin)bycompetitivebindingassay,ChEMBL,343,3.7,O=C1/C(=C/c2cn(Cc3ccccc3)c3ncccc23)N2CCC1CC2,10.1016/j.bmcl.2020.127501
183369,Human,9.1,pKi,9.1,Binding,NoneNone,PDSPKiDatabase,435,5.5,CC(F)(F)CN1CCc2c(nn(-c3ccccc3Cl)c2-c2ccc(Cl)cc2)C1=O,None
97210,Human,7.1,pKi,7.1,Binding,NoneNone,PDSPKiDatabase,440,4.3,Cc1c(C(=O)NCc2ccccc2)oc2ccc(S(=O)(=O)N3CC(C)CC(C)C3)cc12,None
94911,Human,7.1,pKi,7.1,Binding,DisplacementofradioligandfromhumanCB1receptorexpressedinHEK293cellsDisplacementofradioligandfromhumanCB1receptorexpressedinHEK293cells,ChEMBL,454,4.6,Cc1ccc(CNC(=O)c2oc3ccc(S(=O)(=O)N4CC(C)CC(C)C4)cc3c2C)cc1,10.1016/j.bmcl.2007.11.133
94910,Human,7.0,pKi,7.0,Binding,DisplacementofradioligandfromhumanCB1receptorexpressedinHEK293cellsDisplacementofradioligandfromhumanCB1receptorexpressedinHEK293cells,ChEMBL,484,4.7,CCOc1ccccc1CNC(=O)c1oc2ccc(S(=O)(=O)N3CC(C)CC(C)C3)cc2c1C,10.1016/j.bmcl.2007.11.133
94912,Human,7.2,pKi,7.2,Binding,DisplacementofradioligandfromhumanCB1receptorexpressedinHEK293cellsDisplacementofradioligandfromhumanCB1receptorexpressedinHEK293cells,ChEMBL,470,4.3,COc1ccccc1CNC(=O)c1oc2ccc(S(=O)(=O)N3CC(C)CC(C)C3)cc2c1C,10.1016/j.bmcl.2007.11.133
97050,Human,7.1,pKi,7.1,Binding,DisplacementofradioligandfromhumanCB1receptorexpressedinHEK293cellsDisplacementofradioligandfromhumanCB1receptorexpressedinHEK293cells,ChEMBL,418,4.1,Cc1c(C(=O)NC2CCCC2)oc2ccc(S(=O)(=O)N3CC(C)CC(C)C3)cc12,10.1016/j.bmcl.2007.11.133
189502,Human,6.2,pKi,6.2,Binding,NoneNone,PDSPKiDatabase,480,5,CC1CC(C)CN(S(=O)(=O)c2ccc(F)c(C(=O)NC(c3ccccc3)c3ccccc3)c2)C1,None
157963,Human,10.0,pKi,10.0,Binding,Displacementof[3H]CP55940fromrecombinanthumanCB1receptorexpressedinbeta-galactosidaseexpressingCHOK1cellmembranesafter60minsbyscintillationspectrometryDisplacementof[3H]CP55940fromrecombinanthumanCB1receptorexpressedinbeta-galactosidaseexpressingCHOK1cellmembranesafter60minsbyscintillationspectrometry,ChEMBL,616,6.6,Cc1c(C(=O)Nc2ccc(F)nc2)nc(-c2ccc(Cl)cc2Cl)n1-c1ccc(OS(=O)(=O)CCC(F)(F)F)cc1,10.1021/acs.jmedchem.7b00861
57744,Human,8.4,pKi,8.4,Binding,"Displacementof[3H]CP55,940fromhumanCB1receptorexpressedininsectsf9membranesDisplacementof[3H]CP55,940fromhumanCB1receptorexpressedininsectsf9membranes",ChEMBL,501,3.1,O=C(NCCO)C1CCN(Cc2nc(-c3cn(CC4CCOCC4)c4c(Cl)cccc34)no2)CC1,10.1016/j.bmcl.2012.02.048
57741,Human,8.4,pKi,8.4,Binding,Displacementof[3H]CP55940fromhumancannabinoidCB1receptorexpressedininsectSf9cellsDisplacementof[3H]CP55940fromhumancannabinoidCB1receptorexpressedininsectSf9cells,ChEMBL,417,2.7,CN(CC(N)=O)Cc1nc(-c2cn(CC3CCOCC3)c3c(Cl)cccc23)no1,10.1016/j.bmcl.2011.01.082
183561,Human,9.7,pKi,9.7,Binding,Displacementof[3H]SR141716fromhumanrecombinantCB1receptorexpressedinHEK293cellsDisplacementof[3H]SR141716fromhumanrecombinantCB1receptorexpressedinHEK293cells,ChEMBL,420,6.5,CCCCNC(=O)c1ccc2c(c1)N=C(c1ccc(Cl)cc1)c1ccccc1S2,10.1021/jm801534c
1278,Human,7.4,pKi,7.4,Binding,UnclassifiedUnclassified,GuidetoPharmacology,314,5.7,CCCCCc1cc(O)c2c(c1)OC([C@H]1[C@H]2C=C(C)CC1)(C)C,8819477
140938,Human,7.8,pKi,7.8,Binding,Displacementof[3H]SR-141716fromhumanCB1receptorexpressedinHEK293cellsDisplacementof[3H]SR-141716fromhumanCB1receptorexpressedinHEK293cells,ChEMBL,446,6.6,Cc1c(/C=N/N2CCCCC2)nn(-c2ccc(Cl)cc2Cl)c1-c1ccc(Cl)cc1,10.1021/jm060446b
140968,Human,6.7,pKi,6.7,Binding,Displacementof[3H]SR-141716fromhumanCB1receptorexpressedinHEK293cellsDisplacementof[3H]SR-141716fromhumanCB1receptorexpressedinHEK293cells,ChEMBL,445,7.3,Cc1c(/C=C/N2CCCCC2)nn(-c2ccc(Cl)cc2Cl)c1-c1ccc(Cl)cc1,10.1021/jm060446b
47283,Human,7.0,pKi,7.0,Binding,Displacementof[3H]WIN-55212-2fromhumanCB1receptorexpressedinHEK293cellsDisplacementof[3H]WIN-55212-2fromhumanCB1receptorexpressedinHEK293cells,ChEMBL,475,7.2,Cc1c(C(=O)N(C)C2CCCCC2)nn(-c2ccc(Cl)cc2Cl)c1-c1ccc(Cl)cc1,10.1021/jm060446b
160932,Human,8.8,pKi,8.8,Binding,DisplacementofradioligandfromhumanCB1receptorexpressedinCHOcellsDisplacementofradioligandfromhumanCB1receptorexpressedinCHOcells,ChEMBL,456,3.2,COC(=O)c1c(F)cccc1-c1ccc(CNC(=O)C2(NC(=O)C(F)(F)F)CC2)c(F)c1,10.1016/j.bmcl.2010.09.121
183608,Human,8.9,pKi,8.9,Binding,Displacementof[3H]SR141716fromhumanrecombinantCB1receptorexpressedinHEK293cellsDisplacementof[3H]SR141716fromhumanrecombinantCB1receptorexpressedinHEK293cells,ChEMBL,426,6.4,CC(C)CNC(=O)c1ccc2c(c1)N=C(c1ccc(Cl)s1)c1ccccc1S2,10.1021/jm801534c
85329,Human,8.7,pKi,8.7,Binding,Displacementof[3H]CP-55940fromhumanCB1receptorexpressedinHEKcellsDisplacementof[3H]CP-55940fromhumanCB1receptorexpressedinHEKcells,ChEMBL,487,6.8,Cc1c2c(n(-c3ccc(Cl)cc3Cl)c1-c1ccc(Cl)cc1)CCN(N1CCCCC1)C2=O,10.1016/j.bmcl.2006.10.095
155365,Human,9.4,pKi,9.4,Binding,Displacementof[3H]CP55940fromrecombinanthumanCB1receptorexpressedinbeta-galactosidaseexpressingCHOK1cellmembranesafter60minsbyscintillationspectrometryDisplacementof[3H]CP55940fromrecombinanthumanCB1receptorexpressedinbeta-galactosidaseexpressingCHOK1cellmembranesafter60minsbyscintillationspectrometry,ChEMBL,619,5.8,Cc1c(C(=O)NC2CCC(O)CC2)nc(-c2ccc(Cl)cc2Cl)n1-c1ccc(OS(=O)(=O)CCC(F)(F)F)cc1,10.1021/acs.jmedchem.7b00861
155613,Human,9.5,pKi,9.5,Binding,Displacementof[3H]CP55940fromrecombinanthumanCB1receptorexpressedinbeta-galactosidaseexpressingCHOK1cellmembranesafter60minsbyscintillationspectrometryDisplacementof[3H]CP55940fromrecombinanthumanCB1receptorexpressedinbeta-galactosidaseexpressingCHOK1cellmembranesafter60minsbyscintillationspectrometry,ChEMBL,666,7.5,Cc1c(C(=O)Nc2ccc(C(F)(F)F)nc2)nc(-c2ccc(Cl)cc2Cl)n1-c1ccc(OS(=O)(=O)CCC(F)(F)F)cc1,10.1021/acs.jmedchem.7b00861
155279,Human,11.0,pKi,11.0,Binding,Displacementof[3H]CP55940fromrecombinanthumanCB1receptorexpressedinbeta-galactosidaseexpressingCHOK1cellmembranesafter60minsbyscintillationspectrometryDisplacementof[3H]CP55940fromrecombinanthumanCB1receptorexpressedinbeta-galactosidaseexpressingCHOK1cellmembranesafter60minsbyscintillationspectrometry,ChEMBL,619,5.8,Cc1c(C(=O)N[C@@H]2CCCC[C@@H]2O)nc(-c2ccc(Cl)cc2Cl)n1-c1ccc(OS(=O)(=O)CCC(F)(F)F)cc1,10.1021/acs.jmedchem.7b00861
158978,Human,9.5,pKi,9.5,Binding,Displacementof[3H]CP55940fromrecombinanthumanCB1receptorexpressedinbeta-galactosidaseexpressingCHOK1cellmembranesafter60minsbyscintillationspectrometryDisplacementof[3H]CP55940fromrecombinanthumanCB1receptorexpressedinbeta-galactosidaseexpressingCHOK1cellmembranesafter60minsbyscintillationspectrometry,ChEMBL,568,5.4,Cc1c(C(=O)NN2CCCCC2)nc(-c2ccc(Cl)cc2Cl)n1-c1ccc(OS(=O)(=O)CCCF)cc1,10.1021/acs.jmedchem.7b00861
157886,Human,9.7,pKi,9.7,Binding,Displacementof[3H]CP55940fromrecombinanthumanCB1receptorexpressedinbeta-galactosidaseexpressingCHOK1cellmembranesafter60minsbyscintillationspectrometryDisplacementof[3H]CP55940fromrecombinanthumanCB1receptorexpressedinbeta-galactosidaseexpressingCHOK1cellmembranesafter60minsbyscintillationspectrometry,ChEMBL,681,8,Cc1c(C(=O)Nc2ccc(OC(F)(F)F)cc2)nc(-c2ccc(Cl)cc2Cl)n1-c1ccc(OS(=O)(=O)CCC(F)(F)F)cc1,10.1021/acs.jmedchem.7b00861
156980,Human,9.6,pKi,9.6,Binding,Displacementof[3H]CP55940fromrecombinanthumanCB1receptorexpressedinbeta-galactosidaseexpressingCHOK1cellmembranesafter60minsbyscintillationspectrometryDisplacementof[3H]CP55940fromrecombinanthumanCB1receptorexpressedinbeta-galactosidaseexpressingCHOK1cellmembranesafter60minsbyscintillationspectrometry,ChEMBL,620,4.9,Cc1c(C(=O)NN2CCCC(O)C2)nc(-c2ccc(Cl)cc2Cl)n1-c1ccc(OS(=O)(=O)CCC(F)(F)F)cc1,10.1021/acs.jmedchem.7b00861
157660,Human,9.5,pKi,9.5,Binding,Displacementof[3H]CP55940fromrecombinanthumanCB1receptorexpressedinbeta-galactosidaseexpressingCHOK1cellmembranesafter60minsbyscintillationspectrometryDisplacementof[3H]CP55940fromrecombinanthumanCB1receptorexpressedinbeta-galactosidaseexpressingCHOK1cellmembranesafter60minsbyscintillationspectrometry,ChEMBL,619,5.8,Cc1c(C(=O)N[C@@H]2CCCC[C@H]2O)nc(-c2ccc(Cl)cc2Cl)n1-c1ccc(OS(=O)(=O)CCC(F)(F)F)cc1,10.1021/acs.jmedchem.7b00861
157199,Human,9.3,pKi,9.3,Binding,Displacementof[3H]CP55940fromrecombinanthumanCB1receptorexpressedinbeta-galactosidaseexpressingCHOK1cellmembranesafter60minsbyscintillationspectrometryDisplacementof[3H]CP55940fromrecombinanthumanCB1receptorexpressedinbeta-galactosidaseexpressingCHOK1cellmembranesafter60minsbyscintillationspectrometry,ChEMBL,618,5.8,Cc1c(C(=O)N[C@H]2CCCC[C@H]2N)nc(-c2ccc(Cl)cc2Cl)n1-c1ccc(OS(=O)(=O)CCC(F)(F)F)cc1,10.1021/acs.jmedchem.7b00861
156620,Human,10.0,pKi,10.0,Binding,Displacementof[3H]CP55940fromrecombinanthumanCB1receptorexpressedinbeta-galactosidaseexpressingCHOK1cellmembranesafter60minsbyscintillationspectrometryDisplacementof[3H]CP55940fromrecombinanthumanCB1receptorexpressedinbeta-galactosidaseexpressingCHOK1cellmembranesafter60minsbyscintillationspectrometry,ChEMBL,504,6,Cc1c(C(=O)NN2CCCCC2)nc(-c2ccc(Cl)cc2Cl)n1-c1ccc(OCCCF)cc1,10.1021/acs.jmedchem.7b00861
120833,Human,7.2,pKi,7.2,Binding,Displacementof[3H]CP55940fromfulllengthhumanrecombinantCB1receptorexpressedinHEK293cellsafter90minsbyscintillationcountinganalysisDisplacementof[3H]CP55940fromfulllengthhumanrecombinantCB1receptorexpressedinHEK293cellsafter90minsbyscintillationcountinganalysis,ChEMBL,330,4.7,CCCCCc1cc(O)c2c(c1)OC(C)(C)[C@@H]1C[C@@H](O)C(C)=C[C@@H]21,10.1021/acs.jnatprod.5b00065
178079,Human,5.7,pKi,5.7,Binding,Displacementof[3H]CP-55940fromhumanclonedCB1receptorbyscintillationspectrometryDisplacementof[3H]CP-55940fromhumanclonedCB1receptorbyscintillationspectrometry,ChEMBL,366,2.5,Cc1ccc(NC(=O)C2CCCCC2)cc1S(=O)(=O)N1CCOCC1,10.1016/j.bmcl.2008.11.091
85012,Human,6.7,pKi,6.7,Binding,Displacementof[3H]CP-55940fromhumanCB1receptorexpressedinHEKcellsDisplacementof[3H]CP-55940fromhumanCB1receptorexpressedinHEKcells,ChEMBL,379,4.3,CCCCCCc1ccc(OCCCCCCCC(=O)NCCO)cc1O,10.1016/j.bmc.2007.05.060
85445,Human,6.6,pKi,6.6,Binding,Displacementof[3H]CP-55940fromhumanCB1receptorexpressedinHEKcellsDisplacementof[3H]CP-55940fromhumanCB1receptorexpressedinHEKcells,ChEMBL,376,5.4,Cc1cn(-c2ccc(Cl)cc2Cl)c2c1C(=O)N(C1CCCCC1)CC2,10.1016/j.bmcl.2006.10.095
51324,Human,7.3,pKi,7.3,Binding,DisplacementofCP-55940bindingfromrecombinanthumancannabinoidreceptor1expressedinCHOcellsDisplacementofCP-55940bindingfromrecombinanthumancannabinoidreceptor1expressedinCHOcells,ChEMBL,456,4.2,N=C(NS(=O)(=O)c1ccc(F)cc1)N1CC(c2ccccc2)C(c2ccc(Cl)cc2)=N1,10.1021/jm031019q
2559,Human,8.4,pKi,8.4,Binding,UnclassifiedUnclassified,GuidetoPharmacology,372,6.3,CCCCCCC(c1cc(O)c2c(c1)OC(C1C2CC(=O)CC1)(C)C)(C)C,21885167
120839,Human,5.3,pKi,5.3,Binding,Displacementof[3H]CP55940fromfulllengthhumanrecombinantCB1receptorexpressedinHEK293cellsafter90minsbyscintillationcountinganalysisDisplacementof[3H]CP55940fromfulllengthhumanrecombinantCB1receptorexpressedinHEK293cellsafter90minsbyscintillationcountinganalysis,ChEMBL,348,3.9,CCCCCc1cc(O)c2c(c1)OC(C)(C)[C@@H]1CC[C@](C)(O)[C@@H](O)[C@@H]21,10.1021/acs.jnatprod.5b00065
3518,Human,6.0,pKi,6.0,Binding,NoneNone,PDSPKiDatabase,198,2.7,Nc1c2CCCCc2nc2c1cccc2,None
192559,Human,7.4,pKi,7.4,Binding,Bindingaffinityagainsthumancannabinoidreceptorbyusingradioligand([3H]CP-55940)assay.Bindingaffinityagainsthumancannabinoidreceptorbyusingradioligand([3H]CP-55940)assay.,ChEMBL,370,7.3,CCCCCCC(C)(C)c1cc(O)c2c(c1)OC(C)(C)[C@H]1CC=C(C)C[C@H]21,10.1016/0960-894X(95)00573-C
103012,Human,5.5,pKi,5.5,Binding,Evaluatedforbindingaffinityagainstrecombinanthumancentralcannabinoidreceptor1Evaluatedforbindingaffinityagainstrecombinanthumancentralcannabinoidreceptor1,ChEMBL,432,4.8,COc1ccc2c(c1)c(CN1CCOCC1)c(C)n2C(=O)c1cccc(Cl)c1Cl,10.1016/0960-894X(96)00426-X
109290,Human,5.6,pKi,5.6,Binding,Displacementof[3H]-CP55940fromhumanCB1receptorexpressedinCHO-K1cellsbyliquidscintillationcountingDisplacementof[3H]-CP55940fromhumanCB1receptorexpressedinCHO-K1cellsbyliquidscintillationcounting,ChEMBL,413,4.5,Cc1c2n(c(=O)c3cc(OC(=O)C(C)(C)C)cc(OC(=O)C(C)(C)C)c13)CCCC2,10.1021/jm4005626
2708,Human,5.3,pKi,5.3,Binding,NoneNone,PDSPKiDatabase,299,4.6,CCCCCCCCCCCCCCCC(=O)NCCO,None
85176,Human,8.2,pKi,8.2,Binding,AntagonistactivityatCB1receptor(unknownorigin)AntagonistactivityatCB1receptor(unknownorigin),ChEMBL,453,6.2,Cc1c(C(=O)NCC23CC4CC(CC(C4)C2)C3)nn(CCCCCCl)c1-c1ccccc1,10.1007/s00044-012-0418-y
139669,Human,8.0,pKi,8.0,Binding,Displacementof[3H]CP55940fromhumanCB1receptorafter1hrbyliquidscintillationspectrometryDisplacementof[3H]CP55940fromhumanCB1receptorafter1hrbyliquidscintillationspectrometry,ChEMBL,318,6.4,CCCCCCC(C)(C)c1cc(O)c(C2CCCCC2)c(O)c1,10.1021/acsmedchemlett.6b00009
187125,Human,6.1,pKi,6.1,Binding,NoneNone,PDSPKiDatabase,407,5.3,O=C(Cc1ccc(Br)cc1)NCCC(c1ccccc1)c1ccccc1,None
365,Human,8.6,pKi,8.6,Binding,Displacementof[3H]CP-55940fromhumanrecombinantCB1receptorexpressedinHEKcellsDisplacementof[3H]CP-55940fromhumanrecombinantCB1receptorexpressedinHEKcells,ChEMBL,554,5.9,Ic1ccc(cc1)c1c(C)c(nn1c1ccc(cc1Cl)Cl)C(=O)NN1CCCCC1,10.1016/j.bmc.2008.06.001
3628,Human,5.0,pKi,5.0,Binding,NoneNone,PDSPKiDatabase,371,2.4,Clc1cccc(c1)N1CCN(CC1)CCCn1nc2n(c1=O)cccc2,None
183574,Human,8.6,pKi,8.6,Binding,BindingaffinitytoCB1receptorBindingaffinitytoCB1receptor,ChEMBL,399,5.3,CC(C)N1CCc2c(nn(-c3ccccc3Cl)c2-c2ccc(Cl)cc2)C1=O,10.1021/jm900255t
85156,Human,8.3,pKi,8.3,Binding,Displacementof[3H]CP-559440fromhumanCB1receptorexpressedinHEK293cellsDisplacementof[3H]CP-559440fromhumanCB1receptorexpressedinHEK293cells,ChEMBL,443,5.9,COc1ccc(-n2cc(C(=O)NC3CCCCC3)nc2-c2ccc(Cl)cc2Cl)cc1,10.1016/j.bmcl.2007.03.011
85157,Human,8.1,pKi,8.1,Binding,Displacementof[3H]CP-559440fromhumanCB1receptorexpressedinHEK293cellsDisplacementof[3H]CP-559440fromhumanCB1receptorexpressedinHEK293cells,ChEMBL,431,6,O=C(NC1CCCCC1)c1cn(-c2ccc(F)cc2)c(-c2ccc(Cl)cc2Cl)n1,10.1016/j.bmcl.2007.03.011
7325,Human,7.5,pKi,7.5,Binding,Displacementof[3H]CP-55940fromhumanCB1receptorexpressedinCHOcellsDisplacementof[3H]CP-55940fromhumanCB1receptorexpressedinCHOcells,ChEMBL,478,5.1,O=C(NN1CCCCC1)c1nc(-c2ccc(Cl)cc2Cl)n(-c2ccc(Cl)cc2)c1CO,10.1016/j.bmcl.2010.03.068
162476,Human,7.9,pKi,7.9,Binding,EvaluatedforbindingaffinitytowardshumanCannabinoidreceptor1EvaluatedforbindingaffinitytowardshumanCannabinoidreceptor1,ChEMBL,488,6.2,Cc1c(C(=O)NN2CC3CCCC3C2)nc(-c2ccc(Cl)cc2Cl)n1-c1ccc(Cl)cc1,10.1016/j.bmcl.2003.12.068
7386,Human,7.9,pKi,7.9,Binding,NoneNone,PDSPKiDatabase,494,6.4,CSc1c(C(=O)NN2CCCCC2)nc(-c2ccc(Cl)cc2Cl)n1-c1ccc(Cl)cc1,None
97793,Human,7.2,pKi,7.2,Binding,EvaluatedforbindingaffinitytowardshumanCannabinoidreceptor1EvaluatedforbindingaffinitytowardshumanCannabinoidreceptor1,ChEMBL,474,5.9,O=C(NN1CC2CCCC2C1)c1cn(-c2ccc(Cl)cc2)c(-c2ccc(Cl)cc2Cl)n1,10.1016/j.bmcl.2003.12.068
7385,Human,8.0,pKi,8.0,Binding,NoneNone,PDSPKiDatabase,574,6.2,O=C(NN1CCCCC1)c1nc(-c2ccc(Cl)cc2Cl)n(-c2ccc(Cl)cc2)c1I,None
61339,Human,7.7,pKi,7.7,Binding,InvitrodisplacementofCP-55940bindingtohumanCB1receptorexpressedinCHOcellsInvitrodisplacementofCP-55940bindingtohumanCB1receptorexpressedinCHOcells,ChEMBL,473,6.7,Cc1c(C(=O)NC2CC3CCC2C3)nc(-c2ccc(Cl)cc2Cl)n1-c1ccc(Cl)cc1,10.1021/jm040843r
85467,Human,8.1,pKi,8.1,Binding,Displacementof[3H]CP-55940fromhumanCB1receptorexpressedinHEKcellsDisplacementof[3H]CP-55940fromhumanCB1receptorexpressedinHEKcells,ChEMBL,448,6.4,COc1ccc(-c2c(C)c3c(n2-c2ccccc2Cl)CCN(C2CCCCC2)C3=O)cc1,10.1016/j.bmcl.2006.10.095
142876,Human,7.1,pKi,7.1,Binding,Displacementof[3H]CP-55940fromhumanCB1receptorexpressedinHEKcellsDisplacementof[3H]CP-55940fromhumanCB1receptorexpressedinHEKcells,ChEMBL,429,5.2,COc1ccc(-c2c(C)c3c(n2-c2ccccc2C)CCN(N2CCCCC2)C3=O)cc1,10.1016/j.bmcl.2006.10.095
85357,Human,8.0,pKi,8.0,Binding,Displacementof[3H]CP-55940fromhumanCB1receptorexpressedinHEKcellsDisplacementof[3H]CP-55940fromhumanCB1receptorexpressedinHEKcells,ChEMBL,466,7.4,Cc1ccc(-c2c(C)c3c(n2-c2ccc(Cl)cc2Cl)CCN(C2CCCCC2)C3=O)cc1,10.1016/j.bmcl.2006.10.095
85367,Human,8.4,pKi,8.4,Binding,Displacementof[3H]CP-55940fromhumanCB1receptorexpressedinHEKcellsDisplacementof[3H]CP-55940fromhumanCB1receptorexpressedinHEKcells,ChEMBL,520,8.1,Cc1c2c(n(-c3ccc(Cl)cc3Cl)c1-c1ccc(C(F)(F)F)cc1)CCN(C1CCCCC1)C2=O,10.1016/j.bmcl.2006.10.095
85507,Human,7.7,pKi,7.7,Binding,Displacementof[3H]CP-55940fromhumanCB1receptorexpressedinHEKcellsDisplacementof[3H]CP-55940fromhumanCB1receptorexpressedinHEKcells,ChEMBL,449,5.5,COc1ccc(-c2c(C)c3c(n2-c2ccccc2Cl)CCN(N2CCCCC2)C3=O)cc1,10.1016/j.bmcl.2006.10.095
174824,Human,5.5,pKi,5.5,Binding,Displacementof[3H]CP-55940fromhumanCB1receptorDisplacementof[3H]CP-55940fromhumanCB1receptor,ChEMBL,446,5.5,CCOc1ccc(Cc2nc3cc(N(C)C(=O)N4CCCCC4)ccc3n2CC2CC2)cc1,10.1016/j.bmcl.2008.05.073
70121,Human,7.5,pKi,7.5,Binding,InverseagonistactivityathumanCB1receptorInverseagonistactivityathumanCB1receptor,ChEMBL,447,3.3,CCN(CC)S(=O)(=O)N/C(=N\C)N1CC(c2ccccc2)C(c2ccc(Cl)cc2)=N1,10.1016/j.bmcl.2013.06.066
71291,Human,6.6,pKi,6.6,Binding,DisplacementofradioligandCP55940fromhumanCB1receptorexpressedinCHOcellsbyradioligandbindingassayDisplacementofradioligandCP55940fromhumanCB1receptorexpressedinCHOcellsbyradioligandbindingassay,ChEMBL,445,3.1,C/N=C(\NS(=O)(=O)N1CCCC1)N1CC(c2ccccc2)C(c2ccc(Cl)cc2)=N1,10.1124/dmd.110.037812
69844,Human,7.2,pKi,7.2,Binding,DisplacementofspecificCP-55940bindinginCHOcellsstablytransfectedwithhumancannabinoidreceptor1DisplacementofspecificCP-55940bindinginCHOcellsstablytransfectedwithhumancannabinoidreceptor1,ChEMBL,475,4.1,CCN(CC)S(=O)(=O)N/C(=N\C(C)C)N1CC(c2ccccc2)C(c2ccc(Cl)cc2)=N1,10.1016/j.bmcl.2005.07.054
134507,Human,6.7,pKi,6.7,Binding,DisplacementofspecificCP-55940bindinginCHOcellsstablytransfectedwithhumancannabinoidreceptor1DisplacementofspecificCP-55940bindinginCHOcellsstablytransfectedwithhumancannabinoidreceptor1,ChEMBL,419,2.5,C/N=C(\NS(=O)(=O)N(C)C)N1CC(c2ccccc2)C(c2ccc(Cl)cc2)=N1,10.1016/j.bmcl.2005.07.054
134515,Human,6.7,pKi,6.7,Binding,DisplacementofspecificCP-55940bindinginCHOcellsstablytransfectedwithhumancannabinoidreceptor1DisplacementofspecificCP-55940bindinginCHOcellsstablytransfectedwithhumancannabinoidreceptor1,ChEMBL,461,3.7,CC/N=C(\NS(=O)(=O)N(CC)CC)N1CC(c2ccccc2)C(c2ccc(Cl)cc2)=N1,10.1016/j.bmcl.2005.07.054
141884,Human,7.7,pKi,7.7,Binding,Displacementof[3H]CP-559440fromhumanCB1receptorexpressedinHEK293cellsDisplacementof[3H]CP-559440fromhumanCB1receptorexpressedinHEK293cells,ChEMBL,463,5.5,O=C(NC1CCCCC1O)c1cn(-c2ccc(Cl)cc2)c(-c2ccc(Cl)cc2Cl)n1,10.1016/j.bmcl.2007.03.011
141243,Human,6.0,pKi,6.0,Binding,Displacementof[3H]CP-559440fromhumanCB1receptorexpressedinHEK293cellsDisplacementof[3H]CP-559440fromhumanCB1receptorexpressedinHEK293cells,ChEMBL,380,4.7,O=C(NC1CCCCC1)c1cn(-c2cccnc2)c(-c2ccccc2Cl)n1,10.1016/j.bmcl.2007.03.011
165235,Human,6.9,pKi,6.9,Binding,NoneNone,PDSPKiDatabase,379,5.3,O=C(NC1CCCCC1)c1cn(-c2ccc(Cl)cc2)c(-c2ccccc2)n1,None
94548,Human,6.7,pKi,6.7,Binding,DisplacementofradioligandfromhumanCB1receptorexpressedinHEK293cellsDisplacementofradioligandfromhumanCB1receptorexpressedinHEK293cells,ChEMBL,454,4.4,Cc1c(C(=O)NCCc2ccccc2)oc2ccc(S(=O)(=O)N3CC(C)CC(C)C3)cc12,10.1016/j.bmcl.2007.11.133
155622,Human,7.2,pKi,7.2,Binding,DisplacementofradioligandfromhumanCB1receptorexpressedinHEK293cellsDisplacementofradioligandfromhumanCB1receptorexpressedinHEK293cells,ChEMBL,474,5,Cc1c(C(=O)NCc2ccccc2Cl)oc2ccc(S(=O)(=O)N3CC(C)CC(C)C3)cc12,10.1016/j.bmcl.2007.11.133
156305,Human,7.2,pKi,7.2,Binding,DisplacementofradioligandfromhumanCB1receptorexpressedinHEK293cellsDisplacementofradioligandfromhumanCB1receptorexpressedinHEK293cells,ChEMBL,458,4.5,Cc1c(C(=O)NCc2ccc(F)cc2)oc2ccc(S(=O)(=O)N3CC(C)CC(C)C3)cc12,10.1016/j.bmcl.2007.11.133
95332,Human,7.5,pKi,7.5,Binding,NoneNone,PDSPKiDatabase,491,5.4,O=C(c1cc2c(cc1F)OC(c1ccc(F)cc1)(c1ccc(Cl)cc1Cl)O2)N1CCOCC1,None
158810,Human,9.0,pKi,9.0,Binding,NoneNone,PDSPKiDatabase,475,5.7,O=C(c1cc2c(cc1F)OC(c1ccc(F)cc1F)(c1ccc(F)cc1F)O2)N1CCCCC1,None
158731,Human,7.6,pKi,7.6,Binding,Displacementof[3H]CP-55940fromhumanCB1RexpressedinHEK293cellsDisplacementof[3H]CP-55940fromhumanCB1RexpressedinHEK293cells,ChEMBL,513,4.1,O=S(=O)(c1cc2c(cc1F)OC(c1ccc(F)cc1F)(c1ccc(F)cc1F)O2)N1CCOCC1,10.1021/jm701487t
95540,Human,7.5,pKi,7.5,Binding,Displacementof[3H]CP-55940fromhumanCB1RexpressedinHEK293cellsDisplacementof[3H]CP-55940fromhumanCB1RexpressedinHEK293cells,ChEMBL,473,5.3,O=C(c1ccc2c(c1)OC(c1ccc(F)cc1)(c1ccc(Cl)cc1Cl)O2)N1CCOCC1,10.1021/jm701487t
154981,Human,6.7,pKi,6.7,Binding,NoneNone,PDSPKiDatabase,421,4.5,O=C(c1cc2c(cc1Cl)OC(c1ccccc1)(c1ccccc1)O2)N1CCOCC1,None
158026,Human,8.2,pKi,8.2,Binding,Displacementof[3H]CP-55940fromhumanCB1RexpressedinHEK293cellsDisplacementof[3H]CP-55940fromhumanCB1RexpressedinHEK293cells,ChEMBL,439,5.4,O=C(c1cc2c(cc1F)OC(c1ccc(F)cc1)(c1ccc(F)cc1)O2)N1CCCCC1,10.1021/jm701487t
95331,Human,8.2,pKi,8.2,Binding,NoneNone,PDSPKiDatabase,511,5.9,O=C(c1cc2c(cc1F)OC(c1ccc(F)cc1F)(c1ccc(F)cc1F)O2)N1CCC(F)(F)CC1,None
95943,Human,6.1,pKi,6.1,Binding,Displacementof[3H]CP-55940fromhumanCB1RexpressedinHEK293cellsDisplacementof[3H]CP-55940fromhumanCB1RexpressedinHEK293cells,ChEMBL,465,4.6,O=C(c1cc2c(cc1Br)OC(c1ccccc1)(c1ccccc1)O2)N1CCOCC1,10.1021/jm701487t
157800,Human,8.2,pKi,8.2,Binding,NoneNone,PDSPKiDatabase,477,4.5,O=C(c1cc2c(cc1F)OC(c1ccc(F)cc1F)(c1ccc(F)cc1F)O2)N1CCOCC1,None
95909,Human,6.6,pKi,6.6,Binding,NoneNone,PDSPKiDatabase,412,3.7,N#Cc1cc2c(cc1C(=O)N1CCOCC1)OC(c1ccccc1)(c1ccccc1)O2,None
95338,Human,7.8,pKi,7.8,Binding,Displacementof[3H]CP-55940fromhumanCB1RexpressedinHEK293cellsDisplacementof[3H]CP-55940fromhumanCB1RexpressedinHEK293cells,ChEMBL,441,4.2,O=C(c1cc2c(cc1F)OC(c1ccc(F)cc1)(c1ccc(F)cc1)O2)N1CCOCC1,10.1021/jm701487t
158025,Human,8.5,pKi,8.5,Binding,Displacementof[3H]CP-55940fromhumanCB1RexpressedinHEK293cellsDisplacementof[3H]CP-55940fromhumanCB1RexpressedinHEK293cells,ChEMBL,547,5.5,O=S(=O)(c1cc2c(cc1F)OC(c1ccc(F)cc1F)(c1ccc(F)cc1F)O2)N1CCC(F)(F)CC1,10.1021/jm701487t
95859,Human,8.1,pKi,8.1,Binding,Displacementof[3H]CP-55940fromhumanCB1RexpressedinHEK293cellsDisplacementof[3H]CP-55940fromhumanCB1RexpressedinHEK293cells,ChEMBL,527,5,O=S(=O)(c1cc2c(cc1F)OC(c1ccc(F)cc1)(c1ccc(Cl)cc1Cl)O2)N1CCOCC1,10.1021/jm701487t
183484,Human,5.6,pKi,5.6,Binding,Displacementof[3H]CP-55940fromhumanrecombinantCB1receptorexpressedinHEK293cellsbyscintillationcountingDisplacementof[3H]CP-55940fromhumanrecombinantCB1receptorexpressedinHEK293cellsbyscintillationcounting,ChEMBL,465,6,CCCCCCCCCCC[C@@H](C[C@@H]1OC(=O)[C@H]1CCCCCC)OC(=O)[C@@H]1CCC(=O)N1,10.1021/jm800978m
56536,Human,6.0,pKi,6.0,Binding,Displacementof[3H]-CP55940fromhumanclonedCB1receptorexpressedinCHOcellsDisplacementof[3H]-CP55940fromhumanclonedCB1receptorexpressedinCHOcells,ChEMBL,387,4.6,FC(F)(F)c1cccc(-c2c[nH]c(-c3cccc(CN4CCOCC4)c3)n2)c1,10.1016/j.bmcl.2010.11.044
119350,Human,7.8,pKi,7.8,Binding,DisplacementofCP-55940bindingfromrecombinanthumancannabinoidreceptor1expressedinCHOcellsDisplacementofCP-55940bindingfromrecombinanthumancannabinoidreceptor1expressedinCHOcells,ChEMBL,537,6.3,CS/C(=N\S(=O)(=O)c1ccc(C(F)(F)F)cc1)N1CC(c2ccccc2)C(c2ccc(Cl)cc2)=N1,10.1021/jm031019q
149572,Human,7.8,pKi,7.8,Binding,Displacementof[3H]CP-559440fromhumanCB1receptorexpressedinHEK293cellsDisplacementof[3H]CP-559440fromhumanCB1receptorexpressedinHEK293cells,ChEMBL,463,5.2,O=C(N[C@@H]1c2ccccc2C[C@@H]1O)c1cn(-c2ccc(Cl)cc2)c(-c2ccccc2Cl)n1,10.1016/j.bmcl.2007.03.011
85276,Human,8.2,pKi,8.2,Binding,Displacementof[3H]CP-559440fromhumanCB1receptorexpressedinHEK293cellsDisplacementof[3H]CP-559440fromhumanCB1receptorexpressedinHEK293cells,ChEMBL,463,5.2,O=C(N[C@H]1c2ccccc2C[C@H]1O)c1cn(-c2ccc(Cl)cc2)c(-c2ccccc2Cl)n1,10.1016/j.bmcl.2007.03.011
149219,Human,8.2,pKi,8.2,Binding,Displacementof[3H]CP-559440fromhumanCB1receptorexpressedinHEK293cellsDisplacementof[3H]CP-559440fromhumanCB1receptorexpressedinHEK293cells,ChEMBL,443,5.2,Cc1c(C(=O)N[C@H]2CCCC[C@@H]2O)nc(-c2ccccc2Cl)n1-c1ccc(Cl)cc1,10.1016/j.bmcl.2007.03.011
85263,Human,7.0,pKi,7.0,Binding,Displacementof[3H]CP-559440fromhumanCB1receptorexpressedinHEK293cellsDisplacementof[3H]CP-559440fromhumanCB1receptorexpressedinHEK293cells,ChEMBL,429,4.9,O=C(N[C@@H]1CCCC[C@H]1O)c1cn(-c2ccc(Cl)cc2)c(-c2ccccc2Cl)n1,10.1016/j.bmcl.2007.03.011
85275,Human,7.1,pKi,7.1,Binding,Displacementof[3H]CP-559440fromhumanCB1receptorexpressedinHEK293cellsDisplacementof[3H]CP-559440fromhumanCB1receptorexpressedinHEK293cells,ChEMBL,415,4.5,O=C(N[C@@H]1CCC[C@H]1O)c1cn(-c2ccc(Cl)cc2)c(-c2ccccc2Cl)n1,10.1016/j.bmcl.2007.03.011
85405,Human,7.8,pKi,7.8,Binding,Displacementof[3H]CP-559440fromhumanCB1receptorexpressedinHEK293cellsDisplacementof[3H]CP-559440fromhumanCB1receptorexpressedinHEK293cells,ChEMBL,471,6,CC(C)c1c(C(=O)N[C@H]2CCCC[C@@H]2O)nc(-c2ccccc2Cl)n1-c1ccc(Cl)cc1,10.1016/j.bmcl.2007.03.011
149573,Human,7.8,pKi,7.8,Binding,Displacementof[3H]CP-559440fromhumanCB1receptorexpressedinHEK293cellsDisplacementof[3H]CP-559440fromhumanCB1receptorexpressedinHEK293cells,ChEMBL,463,5.2,O=C(N[C@H]1Cc2ccccc2[C@H]1O)c1cn(-c2ccc(Cl)cc2)c(-c2ccccc2Cl)n1,10.1016/j.bmcl.2007.03.011
141862,Human,8.7,pKi,8.7,Binding,Displacementof[3H]CP-559440fromhumanCB1receptorexpressedinHEK293cellsDisplacementof[3H]CP-559440fromhumanCB1receptorexpressedinHEK293cells,ChEMBL,413,5.9,O=C(NC1CCCCC1)c1cn(-c2ccc(Cl)cc2)c(-c2ccccc2Cl)n1,10.1016/j.bmcl.2007.03.011
89796,Human,7.7,pKi,7.7,Binding,"Displacementof[3H]-CP-55,940fromhumanCB1receptorexpressedinCHOcellmembranesDisplacementof[3H]-CP-55,940fromhumanCB1receptorexpressedinCHOcellmembranes",ChEMBL,358,4.4,CCCCn1c2c(cc(C(=O)NC3CCCCC3)c1=O)CCCCCC2,10.1016/j.bmc.2013.03.030
89784,Human,6.5,pKi,6.5,Binding,"Displacementof[3H]-CP-55,940fromhumanCB1receptorexpressedinCHOcellmembranesDisplacementof[3H]-CP-55,940fromhumanCB1receptorexpressedinCHOcellmembranes",ChEMBL,326,3.4,CCCCn1c(CC)c(C)cc(C(=O)NCc2ccccc2)c1=O,10.1016/j.bmc.2013.03.030
120832,Human,5.7,pKi,5.7,Binding,Displacementof[3H]CP55940fromfulllengthhumanrecombinantCB1receptorexpressedinHEK293cellsafter90minsbyscintillationcountinganalysisDisplacementof[3H]CP55940fromfulllengthhumanrecombinantCB1receptorexpressedinHEK293cellsafter90minsbyscintillationcountinganalysis,ChEMBL,330,4.7,CCCCCc1cc(O)c2c(c1)OC(C)(C)[C@@H]1C[C@H](O)C(C)=C[C@@H]21,10.1021/acs.jnatprod.5b00065
7393,Human,7.9,pKi,7.9,Binding,NoneNone,PDSPKiDatabase,494,6.4,CSc1c(C(=O)NN2CCCCC2)nn(-c2ccc(Cl)cc2Cl)c1-c1ccc(Cl)cc1,None
167882,Human,5.9,pKi,5.9,Binding,Displacementof[3H]CP-55940fromhumanCB1receptorDisplacementof[3H]CP-55940fromhumanCB1receptor,ChEMBL,342,5,CCCCCOC(=O)c1cc(O)c(-c2cc(C)cc(C)c2)c(OC)c1,10.1016/j.bmcl.2007.06.055
86660,Human,6.4,pKi,6.4,Binding,Displacementof[3H]CP-55940fromclonedhumanCB1receptorDisplacementof[3H]CP-55940fromclonedhumanCB1receptor,ChEMBL,465,6.6,CCCCCCC(C)(C)c1ccc(-c2cc(C)cc(C)c2)c(COC(=O)CN2CCOCC2)c1,10.1016/j.bmcl.2007.04.059
397,Human,6.5,pKi,6.5,Binding,Abilitytodisplace[3H]CP-55940fromthemembranespreparedfromHEKcelllinewithW648(357)AmutantinCannabinoidreceptor1Abilitytodisplace[3H]CP-55940fromthemembranespreparedfromHEKcelllinewithW648(357)AmutantinCannabinoidreceptor1,ChEMBL,347,5.2,CCCCC/C=C\C/C=C\C/C=C\C/C=C\CCCC(=O)NCCO,10.1021/jm0302647
17490,Human,5.4,pKi,5.4,Binding,Displacementof[3H]-CP55940fromhumanCB1receptorexpressedinCHOcellsDisplacementof[3H]-CP55940fromhumanCB1receptorexpressedinCHOcells,ChEMBL,403,6.9,CC(C)=C[C@H]1C[C@]2(C)[C@H](CC[C@@]3(C)[C@H]2CC[C@H]2Cc4c([nH]c5ccccc45)[C@@]23C)O1,10.1021/np400850g
7406,Human,7.3,pKi,7.3,Binding,Displacementof[3H]CP-55940fromhumanCB1receptorexpressedinCHOcellsDisplacementof[3H]CP-55940fromhumanCB1receptorexpressedinCHOcells,ChEMBL,508,6.7,CCSc1c(C(=O)NN2CCCCC2)nc(-c2ccc(Cl)cc2Cl)n1-c1ccc(Cl)cc1,10.1016/j.bmcl.2010.03.068
7388,Human,7.7,pKi,7.7,Binding,Displacementof[3H]CP-55940fromhumanCB1receptorexpressedinCHOcellsDisplacementof[3H]CP-55940fromhumanCB1receptorexpressedinCHOcells,ChEMBL,510,5.4,C[S+]([O-])c1c(C(=O)NN2CCCCC2)nc(-c2ccc(Cl)cc2Cl)n1-c1ccc(Cl)cc1,10.1016/j.bmcl.2010.03.068
7392,Human,8.5,pKi,8.5,Binding,NoneNone,PDSPKiDatabase,480,6,CSc1c(C(=O)NN2CCCC2)nn(-c2ccc(Cl)cc2Cl)c1-c1ccc(Cl)cc1,None
153407,Human,6.5,pKi,6.5,Binding,Displacementof[3H]CP-55940fromhumanrecombinantCB1receptorexpressedinHEK293cellsDisplacementof[3H]CP-55940fromhumanrecombinantCB1receptorexpressedinHEK293cells,ChEMBL,452,4.3,O=C(NN1CCOCC1)C1=NN(c2ccc(Cl)cc2Cl)C(c2ccc(Cl)cc2)C1,10.1021/jm061490u
94695,Human,5.8,pKi,5.8,Binding,Displacementof[3H]CP-55940fromhumanclonedCB1receptorDisplacementof[3H]CP-55940fromhumanclonedCB1receptor,ChEMBL,437,2.9,O=C(NCc1cccnc1)c1ccc(Br)c(S(=O)(=O)N2CCCCC2)c1,10.1016/j.bmcl.2008.04.006
180520,Human,5.5,pKi,5.5,Binding,Displacementof[3H]CP-55940fromhumanrecombinantCB1receptorexpressedinHEKcellsDisplacementof[3H]CP-55940fromhumanrecombinantCB1receptorexpressedinHEKcells,ChEMBL,329,4.6,O=C(NCCCc1ccccc1)C(c1ccccc1)c1ccccc1,10.1016/j.bmc.2008.06.001
169811,Human,5.5,pKi,5.5,Binding,Displacementof[3H]CP55940fromrecombinanthumanCB1RexpressedinHEK293cellmembranesincubatedfor90minsbyCheng-PrusoffequationanalysisDisplacementof[3H]CP55940fromrecombinanthumanCB1RexpressedinHEK293cellmembranesincubatedfor90minsbyCheng-Prusoffequationanalysis,ChEMBL,288,2.6,Cc1nc(-c2ccccc2)sc1C(=O)N1CCOCC1,10.1016/j.ejmech.2019.07.002
160200,Human,9.1,pKi,9.1,Binding,EvaluatedforitsbindingaffinitytowardsCannabinoidreceptor1(CB1)EvaluatedforitsbindingaffinitytowardsCannabinoidreceptor1(CB1),ChEMBL,370,7.3,CCCCCCC(C)(C)c1cc(O)c2c(c1)OC(C)(C)[C@@H]1CC=C(C)C[C@@H]21,10.1021/jm9803875
169749,Human,6.4,pKi,6.4,Binding,Displacementof[3H]CP55940fromrecombinanthumanCB1RexpressedinHEK293cellmembranesincubatedfor90minsbyCheng-PrusoffequationanalysisDisplacementof[3H]CP55940fromrecombinanthumanCB1RexpressedinHEK293cellmembranesincubatedfor90minsbyCheng-Prusoffequationanalysis,ChEMBL,352,4.8,Cc1nc(-c2ccccc2)sc1C(=O)NC12CC3CC(CC(C3)C1)C2,10.1016/j.ejmech.2019.07.002
191977,Human,7.6,pKi,7.6,Binding,Displacementof[3H]CP-55940fromhumanCB1receptorexpressedinCHOcellsDisplacementof[3H]CP-55940fromhumanCB1receptorexpressedinCHOcells,ChEMBL,597,6,O=S(=O)(/N=C(\NCCCCN1CCCC1)N1CC(c2ccccc2)C(c2ccc(Cl)cc2)=N1)c1ccc(Cl)cc1,10.1021/jm901614b
194931,Human,5.5,pKi,5.5,Binding,Displacementof[3H]CP-55940fromhumanCB1receptorexpressedinCHOcellsDisplacementof[3H]CP-55940fromhumanCB1receptorexpressedinCHOcells,ChEMBL,349,4,Cc1nc(C(=O)NC2C3CC4CC(C3)CC2C4)c(C)n1-c1ccccc1,10.1016/j.bmcl.2009.12.032
159570,Human,6.6,pKi,6.6,Binding,Displacementof[3H]CP-55940fromhumanrecombinantCB1receptorexpressedinHEKcellsDisplacementof[3H]CP-55940fromhumanrecombinantCB1receptorexpressedinHEKcells,ChEMBL,435,4.8,N#Cc1c(C(=O)NCc2ccc(Cl)c(Cl)c2)nn(-c2ccccc2)c1-n1cccc1,10.1021/jm070566z
166079,Human,5.6,pKi,5.6,Binding,Displacementof[3H]CP-55940fromhumanrecombinantCB1receptorexpressedinHEKcellsDisplacementof[3H]CP-55940fromhumanrecombinantCB1receptorexpressedinHEKcells,ChEMBL,369,3.4,O=C(NN1CCCCC1)c1cc(-n2cccc2)n(-c2ccc(Cl)cc2)n1,10.1021/jm070566z
158935,Human,6.6,pKi,6.6,Binding,NoneNone,PDSPKiDatabase,368,4.4,O=C(NC1CCCCC1)c1cc(-n2cccc2)n(-c2ccc(Cl)cc2)n1,None
97143,Human,7.0,pKi,7.0,Binding,NoneNone,PDSPKiDatabase,383,3.8,Cc1c(C(=O)NN2CCCCC2)nn(-c2ccc(Cl)cc2)c1-n1cccc1,None
97110,Human,7.0,pKi,7.0,Binding,Displacementof[3H]CP-55940fromhumanrecombinantCB1receptorexpressedinHEKcellsDisplacementof[3H]CP-55940fromhumanrecombinantCB1receptorexpressedinHEKcells,ChEMBL,396,4.9,Cc1c(C(=O)NCC2CCCCC2)nn(-c2ccc(Cl)cc2)c1-n1cccc1,10.1021/jm070566z
97072,Human,5.6,pKi,5.6,Binding,NoneNone,PDSPKiDatabase,394,3.3,N#Cc1c(C(=O)NN2CCCCC2)nn(-c2ccc(Cl)cc2)c1-n1cccc1,None
96904,Human,5.6,pKi,5.6,Binding,NoneNone,PDSPKiDatabase,458,5.9,Cc1nn(-c2ccc(Cl)cc2)c(-n2cccc2)c1C(=O)NCc1ccc(Cl)c(Cl)c1,None
159130,Human,5.7,pKi,5.7,Binding,Displacementof[3H]CP-55940fromhumanrecombinantCB1receptorexpressedinHEKcellsDisplacementof[3H]CP-55940fromhumanrecombinantCB1receptorexpressedinHEKcells,ChEMBL,417,4.4,Cc1c(C(=O)NN2CCCCC2)nn(-c2ccc(Cl)cc2Cl)c1-n1cccc1,10.1021/jm070566z
95336,Human,7.4,pKi,7.4,Binding,NoneNone,PDSPKiDatabase,492,6.5,Cc1c(C(=O)NCc2ccc(Cl)c(Cl)c2)nn(-c2ccc(Cl)cc2Cl)c1-n1cccc1,None
155841,Human,7.3,pKi,7.3,Binding,NoneNone,PDSPKiDatabase,416,5.3,Cc1c(C(=O)NC2CCCCC2)nn(-c2ccc(Cl)cc2Cl)c1-n1cccc1,None
95293,Human,7.4,pKi,7.4,Binding,NoneNone,PDSPKiDatabase,445,5,Cc1c(C(=O)NN2CCCCC2)nn(-c2ccc(Cl)cc2Cl)c1-n1c(C)ccc1C,None
159129,Human,7.6,pKi,7.6,Binding,NoneNone,PDSPKiDatabase,520,7.1,Cc1c(C(=O)NCc2ccc(Cl)c(Cl)c2)nn(-c2ccc(Cl)cc2Cl)c1-n1c(C)ccc1C,None
95649,Human,7.4,pKi,7.4,Binding,Displacementof[3H]CP-55940fromhumanrecombinantCB1receptorexpressedinHEKcellsDisplacementof[3H]CP-55940fromhumanrecombinantCB1receptorexpressedinHEKcells,ChEMBL,444,6,Cc1c(C(=O)NC2CCCCC2)nn(-c2ccc(Cl)cc2Cl)c1-n1c(C)ccc1C,10.1021/jm070566z
95648,Human,7.5,pKi,7.5,Binding,Displacementof[3H]CP-55940fromhumanrecombinantCB1receptorexpressedinHEKcellsDisplacementof[3H]CP-55940fromhumanrecombinantCB1receptorexpressedinHEKcells,ChEMBL,417,4.4,Cc1c(C(=O)NN2CCCCC2)nn(-c2ccc(Cl)c(Cl)c2)c1-n1cccc1,10.1021/jm070566z
97149,Human,7.5,pKi,7.5,Binding,Displacementof[3H]CP-55940fromhumanrecombinantCB1receptorexpressedinHEKcellsDisplacementof[3H]CP-55940fromhumanrecombinantCB1receptorexpressedinHEKcells,ChEMBL,492,6.5,Cc1c(C(=O)NCc2ccc(Cl)c(Cl)c2)nn(-c2ccc(Cl)c(Cl)c2)c1-n1cccc1,10.1021/jm070566z
97188,Human,8.3,pKi,8.3,Binding,Displacementof[3H]CP-55940fromhumanrecombinantCB1receptorexpressedinHEKcellsDisplacementof[3H]CP-55940fromhumanrecombinantCB1receptorexpressedinHEKcells,ChEMBL,416,5.3,Cc1c(C(=O)NC2CCCCC2)nn(-c2ccc(Cl)c(Cl)c2)c1-n1cccc1,10.1016/j.bmc.2009.06.027
95240,Human,7.6,pKi,7.6,Binding,Displacementof[3H]CP-55940fromhumanrecombinantCB1receptorexpressedinHEKcellsDisplacementof[3H]CP-55940fromhumanrecombinantCB1receptorexpressedinHEKcells,ChEMBL,445,5,Cc1c(C(=O)NN2CCCCC2)nn(-c2ccc(Cl)c(Cl)c2)c1-n1c(C)ccc1C,10.1021/jm070566z
95191,Human,6.6,pKi,6.6,Binding,NoneNone,PDSPKiDatabase,520,7.1,Cc1c(C(=O)NCc2ccc(Cl)c(Cl)c2)nn(-c2ccc(Cl)c(Cl)c2)c1-n1c(C)ccc1C,None
97119,Human,7.9,pKi,7.9,Binding,Displacementof[3H]CP55940fromhumanCB1receptorincellfreesystemDisplacementof[3H]CP55940fromhumanCB1receptorincellfreesystem,ChEMBL,444,6,Cc1c(C(=O)NC2CCCCC2)nn(-c2ccc(Cl)c(Cl)c2)c1-n1c(C)ccc1C,10.1016/j.ejmech.2010.11.034
157554,Human,5.6,pKi,5.6,Binding,NoneNone,PDSPKiDatabase,385,3.4,Cc1c(C(=O)NN2CCCCC2)nn(-c2ccc(F)cc2F)c1-n1cccc1,None
159341,Human,5.6,pKi,5.6,Binding,Displacementof[3H]CP-55940fromhumanrecombinantCB1receptorexpressedinHEKcellsDisplacementof[3H]CP-55940fromhumanrecombinantCB1receptorexpressedinHEKcells,ChEMBL,460,5.5,Cc1c(C(=O)NCc2ccc(Cl)c(Cl)c2)nn(-c2ccc(F)cc2F)c1-n1cccc1,10.1021/jm070566z
159339,Human,5.8,pKi,5.8,Binding,Displacementof[3H]CP-55940fromhumanrecombinantCB1receptorexpressedinHEKcellsDisplacementof[3H]CP-55940fromhumanrecombinantCB1receptorexpressedinHEKcells,ChEMBL,384,4.3,Cc1c(C(=O)NC2CCCCC2)nn(-c2ccc(F)cc2F)c1-n1cccc1,10.1021/jm070566z
97280,Human,5.8,pKi,5.8,Binding,NoneNone,PDSPKiDatabase,413,4,Cc1c(C(=O)NN2CCCCC2)nn(-c2ccc(F)cc2F)c1-n1c(C)ccc1C,None
157728,Human,7.5,pKi,7.5,Binding,NoneNone,PDSPKiDatabase,488,6.1,Cc1c(C(=O)NCc2ccc(Cl)c(Cl)c2)nn(-c2ccc(F)cc2F)c1-n1c(C)ccc1C,None
96738,Human,7.5,pKi,7.5,Binding,NoneNone,PDSPKiDatabase,412,4.9,Cc1c(C(=O)NC2CCCCC2)nn(-c2ccc(F)cc2F)c1-n1c(C)ccc1C,None
95411,Human,5.7,pKi,5.7,Binding,NoneNone,PDSPKiDatabase,451,5.1,Cc1c(C(=O)NN2CCCCC2)nn(-c2c(Cl)cc(Cl)cc2Cl)c1-n1cccc1,None
159482,Human,6.6,pKi,6.6,Binding,NoneNone,PDSPKiDatabase,526,7.2,Cc1c(C(=O)NCc2ccc(Cl)c(Cl)c2)nn(-c2c(Cl)cc(Cl)cc2Cl)c1-n1cccc1,None
97073,Human,7.0,pKi,7.0,Binding,Displacementof[3H]CP-55940fromhumanrecombinantCB1receptorexpressedinHEKcellsDisplacementof[3H]CP-55940fromhumanrecombinantCB1receptorexpressedinHEKcells,ChEMBL,479,5.7,Cc1c(C(=O)NN2CCCCC2)nn(-c2c(Cl)cc(Cl)cc2Cl)c1-n1c(C)ccc1C,10.1021/jm070566z
97109,Human,7.6,pKi,7.6,Binding,Displacementof[3H]CP-55940fromhumanrecombinantCB1receptorexpressedinHEKcellsDisplacementof[3H]CP-55940fromhumanrecombinantCB1receptorexpressedinHEKcells,ChEMBL,478,6.6,Cc1c(C(=O)NC2CCCCC2)nn(-c2c(Cl)cc(Cl)cc2Cl)c1-n1c(C)ccc1C,10.1021/jm070566z
158219,Human,7.2,pKi,7.2,Binding,Displacementof[3H]CP-55940fromhumanrecombinantCB1receptorexpressedinHEKcellsDisplacementof[3H]CP-55940fromhumanrecombinantCB1receptorexpressedinHEKcells,ChEMBL,411,5.5,CC1(C)C(C(=O)c2cn(CC3CCOCC3)c3c(F)c(F)c(F)c(F)c23)C1(C)C,10.1021/jm7011613
159061,Human,5.9,pKi,5.9,Binding,Displacementof[3H]CP-55940fromhumanrecombinantCB1receptorexpressedinHEKcellsDisplacementof[3H]CP-55940fromhumanrecombinantCB1receptorexpressedinHEKcells,ChEMBL,357,5.1,CC1(C)C(C(=O)c2cn(CC3CCOCC3)c3ccc(F)cc23)C1(C)C,10.1021/jm7011613
159059,Human,6.3,pKi,6.3,Binding,Displacementof[3H]CP-55940fromhumanrecombinantCB1receptorexpressedinHEKcellsDisplacementof[3H]CP-55940fromhumanrecombinantCB1receptorexpressedinHEKcells,ChEMBL,373,5.6,CC1(C)C(C(=O)c2cn(CC3CCOCC3)c3ccc(Cl)cc23)C1(C)C,10.1021/jm7011613
95290,Human,5.7,pKi,5.7,Binding,Displacementof[3H]CP-55940fromhumanrecombinantCB1receptorexpressedinHEKcellsDisplacementof[3H]CP-55940fromhumanrecombinantCB1receptorexpressedinHEKcells,ChEMBL,417,5.7,CC1(C)C(C(=O)c2cn(CC3CCOCC3)c3ccc(Br)cc23)C1(C)C,10.1021/jm7011613
97122,Human,7.9,pKi,7.9,Binding,Displacementof[3H]CP-55940fromhumanrecombinantCB1receptorexpressedinHEKcellsDisplacementof[3H]CP-55940fromhumanrecombinantCB1receptorexpressedinHEKcells,ChEMBL,417,5.7,CC1(C)C(C(=O)c2cn(CC3CCOCC3)c3cc(Br)ccc23)C1(C)C,10.1021/jm7011613
158899,Human,7.2,pKi,7.2,Binding,Displacementof[3H]CP-55940fromhumanrecombinantCB1receptorexpressedinHEKcellsDisplacementof[3H]CP-55940fromhumanrecombinantCB1receptorexpressedinHEKcells,ChEMBL,407,6,CC1(C)C(C(=O)c2cn(CC3CCOCC3)c3cc(C(F)(F)F)ccc23)C1(C)C,10.1021/jm7011613
97056,Human,5.9,pKi,5.9,Binding,Displacementof[3H]CP-55940fromhumanrecombinantCB1receptorexpressedinHEKcellsDisplacementof[3H]CP-55940fromhumanrecombinantCB1receptorexpressedinHEKcells,ChEMBL,417,4.3,CC1(C)C(C(=O)c2cn(CC3CCOCC3)c3cc(S(C)(=O)=O)ccc23)C1(C)C,10.1021/jm7011613
96949,Human,5.6,pKi,5.6,Binding,Displacementof[3H]CP-55940fromhumanrecombinantCB1receptorexpressedinHEKcellsDisplacementof[3H]CP-55940fromhumanrecombinantCB1receptorexpressedinHEKcells,ChEMBL,475,6.5,COc1cc2c(cc1OCc1ccccc1)c(C(=O)C1C(C)(C)C1(C)C)cn2CC1CCOCC1,10.1021/jm7011613
96779,Human,6.1,pKi,6.1,Binding,Displacementof[3H]CP55940fromhumanCB1receptorincellfreesystemDisplacementof[3H]CP55940fromhumanCB1receptorincellfreesystem,ChEMBL,385,4.6,COc1cc2c(cc1O)c(C(=O)C1C(C)(C)C1(C)C)cn2CC1CCOCC1,10.1016/j.ejmech.2010.11.034
97183,Human,6.4,pKi,6.4,Binding,Displacementof[3H]CP-55940fromhumanrecombinantCB1receptorexpressedinHEKcellsDisplacementof[3H]CP-55940fromhumanrecombinantCB1receptorexpressedinHEKcells,ChEMBL,371,4.3,CC1(C)C(C(=O)c2cn(CC3CCOCC3)c3cc(O)c(O)cc23)C1(C)C,10.1021/jm7011613
97329,Human,7.6,pKi,7.6,Binding,Displacementof[3H]CP-55940fromhumanrecombinantCB1receptorexpressedinHEKcellsDisplacementof[3H]CP-55940fromhumanrecombinantCB1receptorexpressedinHEKcells,ChEMBL,383,4.7,CC1(C)C(C(=O)c2cn(CC3CCOCC3)c3cc4c(cc23)OCO4)C1(C)C,10.1021/jm7011613
95289,Human,6.0,pKi,6.0,Binding,Displacementof[3H]CP55940fromhumanCB1receptorincellfreesystemDisplacementof[3H]CP55940fromhumanCB1receptorincellfreesystem,ChEMBL,354,4.5,CC1(C)C(C(=O)c2cn(CC3CCOCC3)c3ccc(N)cc23)C1(C)C,10.1016/j.ejmech.2010.11.034
158092,Human,5.4,pKi,5.4,Binding,Displacementof[3H]CP-55940fromhumanrecombinantCB1receptorexpressedinHEKcellsDisplacementof[3H]CP-55940fromhumanrecombinantCB1receptorexpressedinHEKcells,ChEMBL,447,3.2,CC1(C)C(C(=O)c2cn(CCN3CCOCC3)c3cccc(NS(C)(=O)=O)c23)C1(C)C,10.1021/jm7011613
158195,Human,5.5,pKi,5.5,Binding,Displacementof[3H]CP-55940fromhumanrecombinantCB1receptorexpressedinHEKcellsDisplacementof[3H]CP-55940fromhumanrecombinantCB1receptorexpressedinHEKcells,ChEMBL,364,4.8,CC1(C)C(C(=O)c2cn(CC3CCOCC3)c3ccc(C#N)cc23)C1(C)C,10.1021/jm7011613
155385,Human,5.8,pKi,5.8,Binding,Displacementof[3H]CP-55940fromhumanrecombinantCB1receptorexpressedinHEKcellsDisplacementof[3H]CP-55940fromhumanrecombinantCB1receptorexpressedinHEKcells,ChEMBL,383,5.1,COCc1ccc2c(c1)c(C(=O)C1C(C)(C)C1(C)C)cn2CC1CCOCC1,10.1021/jm7011613
97186,Human,5.7,pKi,5.7,Binding,Displacementof[3H]CP-55940fromhumanrecombinantCB1receptorexpressedinHEKcellsDisplacementof[3H]CP-55940fromhumanrecombinantCB1receptorexpressedinHEKcells,ChEMBL,415,6.6,CC1(C)C(C(=O)c2cn(CC3CCOCC3)c3ccc(-c4ccccc4)cc23)C1(C)C,10.1021/jm7011613
159032,Human,7.5,pKi,7.5,Binding,Displacementof[3H]CP-55940fromhumanrecombinantCB1receptorexpressedinHEKcellsDisplacementof[3H]CP-55940fromhumanrecombinantCB1receptorexpressedinHEKcells,ChEMBL,364,4.8,CC1(C)C(C(=O)c2cn(CC3CCOCC3)c3cc(C#N)ccc23)C1(C)C,10.1021/jm7011613
159730,Human,6.6,pKi,6.6,Binding,Displacementof[3H]CP55940fromhumanCB1receptorincellfreesystemDisplacementof[3H]CP55940fromhumanCB1receptorincellfreesystem,ChEMBL,415,6.6,CC1(C)C(C(=O)c2cn(CC3CCOCC3)c3cc(-c4ccccc4)ccc23)C1(C)C,10.1016/j.ejmech.2010.11.034
154225,Human,6.8,pKi,6.8,Binding,BindingaffinitytohumanCB1receptorBindingaffinitytohumanCB1receptor,ChEMBL,457,4.4,CC1CCN(C(=O)c2ccc3c(c2)c2c(n3S(=O)(=O)C(C)C)CN(C3CCCC3)C2)CC1,10.1016/j.bmcl.2007.09.019
104151,Human,7.8,pKi,7.8,Binding,Displacementof[3H]CP55940fromhumanCB1receptorexpressedinCHOK1cellsafter1hrbyliquidscintillationcountinganalysisDisplacementof[3H]CP55940fromhumanCB1receptorexpressedinCHOK1cellsafter1hrbyliquidscintillationcountinganalysis,ChEMBL,398,4.8,O=C(N[C@@H]1CCCC[C@H]1O)c1cnc(CCC2CC2)c(-c2ccc(Cl)cc2)c1,10.1021/jm4010708
145226,Human,8.1,pKi,8.1,Binding,Displacementof[3H]CP-55940fromhumanCB1receptorexpressedinHEK293cellsDisplacementof[3H]CP-55940fromhumanCB1receptorexpressedinHEK293cells,ChEMBL,457,6.9,CCCCCCC(C)(C)c1cccc(OCC/C=C\C/C=C\CCCC(=O)N[C@H](C)CO)c1,10.1016/j.bmc.2007.08.039
191131,Human,7.3,pKi,7.3,Binding,NoneNone,PDSPKiDatabase,611,8.5,CCc1c(C(=O)NCCCCNc2c3c(nc4ccccc24)CCCC3)nc(-c2ccccc2Cl)n1-c1ccc(Cl)cc1,None
141798,Human,5.9,pKi,5.9,Binding,BindingAssay:Thebindingassayswereperformedbytestingtheabilityofthenewcompoundstodisplacetheradiolabeledsyntheticnon-selectivecannabinoidagonist[3H]CP55940(168Ci/mmol,"PerkinElmer)fromthehumanCB1(hCB1)orhumanCB2(hCB2)receptorsonmembranesderivedfromstablytransfectedHEK-293cells(PerkinElmer).Membranesweredilutedinassaybuffer(50mMTris-HCl,1mMEDTA,1mMMgCl2,1mg/mlBSA,pH=7.4).Theamountofmembranewasdeterminedforeachbatchofmembranesaccordingtoproteinbindingassay.Theminimumamountofmembranethatgave50%specificbindingwasusedforthebindingassay.Inmostassays,bindingwastestedusing8μgand4μgproteinofhCB1andhCB2membranes,respectively.ThetestedcompoundsweredissolvedinDMSOanddilutedinassaybuffertoafinalconcentrationof0.1%solvent.Totalbindingof[3H]CP55940wasevaluatedwith1.5nMtohCB1andwith0.5nMtohCB2,accordingtoKdaffinityof[3H]CP55940fortherespectivemembranes.Theabilityofthetestedcompoundstodisplace[3H]CP55940wasevaluatedfirstatasingleconcentrationpointof100nMforbindingtowardhCB2orhCB1.Incertaincases,thedisplacementwastestedatcompoundconcentrationsrangingfrom0.03nMto10μM.Non-specificbindingwasmeasuredbytheadditionof1μMofunlabelledCP55940tothetubes.Bindingassayswereperformedintriplicateinatotalvolumeof500μlfor60minutesat30°C.,inashakingbath.FreeandboundradioligandswereseparatedbyrapidfiltrationthroughGF/Cfilterplates(PerkinElmer)thathadbeenpresoakedwith0.1%Polyethylenimine(Sigma).Filterswereshakenfor1hourin7mlscintillationfluid(PerkinElmer)andradioactivitywasdeterminedbyliquidscintillationcounter(Wallac",PerkinElmer).BindingAssay:Thebindingassayswereperformedbytestingtheabilityofthenewcompoundstodisplacetheradiolabeledsyntheticnon-selectivecannabinoidagonist[3H]CP55940(168Ci/mmol,430,8,2
157101,Human,8.4,pKi,8.4,Binding,NoneNone,PDSPKiDatabase,491,5.4,O=C(c1cc2c(cc1F)OC(c1ccccc1F)(c1ccc(Cl)cc1Cl)O2)N1CCOCC1,None
95910,Human,6.3,pKi,6.3,Binding,Displacementof[3H]CP-55940fromhumanCB1RexpressedinHEK293cellsDisplacementof[3H]CP-55940fromhumanCB1RexpressedinHEK293cells,ChEMBL,401,4.1,Cc1cc2c(cc1C(=O)N1CCOCC1)OC(c1ccccc1)(c1ccccc1)O2,10.1021/jm701487t
95860,Human,7.9,pKi,7.9,Binding,Displacementof[3H]CP-55940fromhumanCB1RexpressedinHEK293cellsDisplacementof[3H]CP-55940fromhumanCB1RexpressedinHEK293cells,ChEMBL,386,4.4,O=C(c1cc2c(cn1)OC(c1ccccc1)(c1ccccc1)O2)N1CCCCC1,10.1021/jm701487t
95587,Human,7.5,pKi,7.5,Binding,Displacementof[3H]CP-55940fromhumanCB1RexpressedinHEK293cellsDisplacementof[3H]CP-55940fromhumanCB1RexpressedinHEK293cells,ChEMBL,491,5.4,O=C(c1cc2c(cc1F)O[C@@](c1ccc(F)cc1)(c1ccc(Cl)cc1Cl)O2)N1CCOCC1,10.1021/jm701487t
95099,Human,8.5,pKi,8.5,Binding,Displacementof[3H]CP-55940fromhumanCB1RexpressedinHEK293cellsDisplacementof[3H]CP-55940fromhumanCB1RexpressedinHEK293cells,ChEMBL,491,5.4,O=C(c1cc2c(cc1F)O[C@](c1ccc(F)cc1)(c1ccc(Cl)cc1Cl)O2)N1CCOCC1,10.1021/jm701487t
132660,Human,7.7,pKi,7.7,Binding,Displacementof[3H]SR-141716fromhumanCB1receptortransfectedinHEK293cellsDisplacementof[3H]SR-141716fromhumanCB1receptortransfectedinHEK293cells,ChEMBL,438,6.1,O=c1c2nn(-c3ccccc3Cl)c(-c3ccc(Cl)cc3)c2ncn1C1CCCCC1,10.1016/j.bmcl.2005.10.019
104137,Human,6.4,pKi,6.4,Binding,Displacementof[3H]CP55940fromhumanCB1receptorexpressedinCHOK1cellsafter1hrbyliquidscintillationcountinganalysisDisplacementof[3H]CP55940fromhumanCB1receptorexpressedinCHOK1cellsafter1hrbyliquidscintillationcountinganalysis,ChEMBL,414,4.8,O=C(N[C@@H]1CCCC[C@H]1O)c1cnc(OC2CCCC2)c(-c2ccc(Cl)cc2)c1,10.1021/jm4010708
104126,Human,7.5,pKi,7.5,Binding,Displacementof[3H]CP55940fromhumanCB1receptorexpressedinCHOK1cellsafter1hrbyliquidscintillationcountinganalysisDisplacementof[3H]CP55940fromhumanCB1receptorexpressedinCHOK1cellsafter1hrbyliquidscintillationcountinganalysis,ChEMBL,400,4.1,C[C@](O)(CNC(=O)c1cnc(OCC2CC2)c(-c2ccc(Cl)cc2)c1)C1CC1,10.1021/jm4010708
104154,Human,6.5,pKi,6.5,Binding,Displacementof[3H]CP55940fromhumanCB1receptorexpressedinCHOK1cellsafter1hrbyliquidscintillationcountinganalysisDisplacementof[3H]CP55940fromhumanCB1receptorexpressedinCHOK1cellsafter1hrbyliquidscintillationcountinganalysis,ChEMBL,434,4.9,O=C(N[C@@H]1CCCC[C@H]1O)c1cnc(OCC2CC2)c(-c2ccc(Cl)c(Cl)c2)c1,10.1021/jm4010708
104123,Human,7.6,pKi,7.6,Binding,Displacementof[3H]CP55940fromhumanCB1receptorexpressedinCHOK1cellsafter1hrbyliquidscintillationcountinganalysisDisplacementof[3H]CP55940fromhumanCB1receptorexpressedinCHOK1cellsafter1hrbyliquidscintillationcountinganalysis,ChEMBL,391,3.4,N#Cc1ccc(-c2cc(C(=O)N[C@@H]3CCCC[C@H]3O)cnc2OCC2CC2)cc1,10.1021/jm4010708
104149,Human,6.9,pKi,6.9,Binding,Displacementof[3H]CP55940fromhumanCB1receptorexpressedinCHOK1cellsafter1hrbyliquidscintillationcountinganalysisDisplacementof[3H]CP55940fromhumanCB1receptorexpressedinCHOK1cellsafter1hrbyliquidscintillationcountinganalysis,ChEMBL,437,4.4,O=C(N[C@@H]1CCCC[C@H]1O)c1cnc(OCc2ccccn2)c(-c2ccc(Cl)cc2)c1,10.1021/jm4010708
104135,Human,5.5,pKi,5.5,Binding,Displacementof[3H]CP55940fromhumanCB1receptorexpressedinCHOK1cellsafter1hrbyliquidscintillationcountinganalysisDisplacementof[3H]CP55940fromhumanCB1receptorexpressedinCHOK1cellsafter1hrbyliquidscintillationcountinganalysis,ChEMBL,428,5.1,O=C(N[C@@H]1CCCC[C@H]1O)c1cnc(OC2CCCCC2)c(-c2ccc(Cl)cc2)c1,10.1021/jm4010708
104136,Human,5.8,pKi,5.8,Binding,Displacementof[3H]CP55940fromhumanCB1receptorexpressedinCHOK1cellsafter1hrbyliquidscintillationcountinganalysisDisplacementof[3H]CP55940fromhumanCB1receptorexpressedinCHOK1cellsafter1hrbyliquidscintillationcountinganalysis,ChEMBL,422,5.2,O=C(N[C@@H]1CCCC[C@H]1O)c1cnc(Oc2ccccc2)c(-c2ccc(Cl)cc2)c1,10.1021/jm4010708
186016,Human,5.8,pKi,5.8,Binding,Displacementof[3H]SR141716AfromhumanCB1receptorDisplacementof[3H]SR141716AfromhumanCB1receptor,ChEMBL,376,1.4,CC(C)(O)CCn1c(=O)n(C(=O)N[C@H](C(N)=O)C(C)(C)C)c2ccccc21,10.1016/j.bmcl.2008.04.032
15670,Human,7.5,pKi,7.5,Binding,Displacementof[3H]CP-55940fromhumanrecombinantCB1receptorexpressedinCHOcellsDisplacementof[3H]CP-55940fromhumanrecombinantCB1receptorexpressedinCHOcells,ChEMBL,399,5.6,CCCCC1=NN(C(=O)NC(C)(C)c2ccc(F)cc2)CC1c1ccccc1F,10.1016/j.bmcl.2010.07.056
15930,Human,7.2,pKi,7.2,Binding,Displacementof[3H]CP-55940fromhumanrecombinantCB1receptorexpressedinCHOcellsDisplacementof[3H]CP-55940fromhumanrecombinantCB1receptorexpressedinCHOcells,ChEMBL,393,5.7,CCCCCC1=NN(C(=O)NC23CC4CC(CC(C4)C2)C3)CC1c1ccccc1,10.1016/j.bmcl.2010.07.056
15931,Human,8.2,pKi,8.2,Binding,Displacementof[3H]CP-55940fromhumanrecombinantCB1receptorexpressedinCHOcellsDisplacementof[3H]CP-55940fromhumanrecombinantCB1receptorexpressedinCHOcells,ChEMBL,393,5.6,CCCCCC1=NN(C(=O)NC2C3CC4CC(C3)CC2C4)CC1c1ccccc1,10.1016/j.bmcl.2010.07.056
187582,Human,8.6,pKi,8.6,Binding,BindingaffinitytoCB1receptorBindingaffinitytoCB1receptor,ChEMBL,396,7,CC1=CC[C@@H]2[C@@H](C1)c1c(O)cc(C(C)(C)c3cccc(Cl)c3)cc1OC2(C)C,10.1016/j.bmc.2008.11.059
186506,Human,8.5,pKi,8.5,Binding,BindingaffinitytoCB1receptorBindingaffinitytoCB1receptor,ChEMBL,376,6.6,CC1=CC[C@@H]2[C@@H](C1)c1c(O)cc(C(C)(C)c3ccc(C)cc3)cc1OC2(C)C,10.1016/j.bmc.2008.11.059
178183,Human,8.6,pKi,8.6,Binding,Displacementof[3H]CP-55940fromhumanCB1receptorexpressedinHEK293cellsDisplacementof[3H]CP-55940fromhumanCB1receptorexpressedinHEK293cells,ChEMBL,376,6.6,CC1=CC[C@@H]2[C@@H](C1)c1c(O)cc(C(C)(C)c3cccc(C)c3)cc1OC2(C)C,10.1016/j.bmc.2008.05.034
178279,Human,7.7,pKi,7.7,Binding,Displacementof[3H]CP-55940fromhumanCB1receptorexpressedinHEK293cellsDisplacementof[3H]CP-55940fromhumanCB1receptorexpressedinHEK293cells,ChEMBL,396,7,CC1=CC[C@@H]2[C@@H](C1)c1c(O)cc(C(C)(C)c3ccc(Cl)cc3)cc1OC2(C)C,10.1016/j.bmc.2008.05.034
15669,Human,7.4,pKi,7.4,Binding,Displacementof[3H]CP-55940fromhumanrecombinantCB1receptorexpressedinCHOcellsDisplacementof[3H]CP-55940fromhumanrecombinantCB1receptorexpressedinCHOcells,ChEMBL,399,5.6,CCCCC1=NN(C(=O)NC(C)(C)c2ccc(F)cc2)CC1c1cccc(F)c1,10.1016/j.bmcl.2010.07.056
178164,Human,6.3,pKi,6.3,Binding,Displacementof[3H]CP-55940fromhumanCB1receptorDisplacementof[3H]CP-55940fromhumanCB1receptor,ChEMBL,433,5.7,CCOc1ccc(Cc2nc3cc(C(=O)N(CC)CC)ccc3n2CC2CCCC2)cc1,10.1016/j.bmcl.2008.05.073
15940,Human,7.3,pKi,7.3,Binding,Displacementof[3H]CP-55940fromhumanrecombinantCB1receptorexpressedinCHOcellsDisplacementof[3H]CP-55940fromhumanrecombinantCB1receptorexpressedinCHOcells,ChEMBL,349,4.9,CCCCCC1=NN(C(=O)NCc2ccccc2)CC1c1ccccc1,10.1016/j.bmcl.2010.07.056
15939,Human,7.8,pKi,7.8,Binding,Displacementof[3H]CP-55940fromhumanrecombinantCB1receptorexpressedinCHOcellsDisplacementof[3H]CP-55940fromhumanrecombinantCB1receptorexpressedinCHOcells,ChEMBL,355,5.3,CCCCCC1=NN(C(=O)NCC2CCCCC2)CC1c1ccccc1,10.1016/j.bmcl.2010.07.056
15941,Human,8.1,pKi,8.1,Binding,Displacementof[3H]CP-55940fromhumanrecombinantCB1receptorexpressedinCHOcellsDisplacementof[3H]CP-55940fromhumanrecombinantCB1receptorexpressedinCHOcells,ChEMBL,385,6.4,CCCCCC1=NN(C(=O)Nc2cccc3ccccc23)CC1c1ccccc1,10.1016/j.bmcl.2010.07.056
15942,Human,8.5,pKi,8.5,Binding,Displacementof[3H]CP-55940fromhumanrecombinantCB1receptorexpressedinCHOcellsDisplacementof[3H]CP-55940fromhumanrecombinantCB1receptorexpressedinCHOcells,ChEMBL,377,5.7,CCCCCC1=NN(C(=O)NC(C)(C)c2ccccc2)CC1c1ccccc1,10.1016/j.bmcl.2010.07.056
15668,Human,7.9,pKi,7.9,Binding,Displacementof[3H]CP-55940fromhumanrecombinantCB1receptorexpressedinCHOcellsDisplacementof[3H]CP-55940fromhumanrecombinantCB1receptorexpressedinCHOcells,ChEMBL,363,5.3,CCCCC1=NN(C(=O)NC(C)(C)c2ccccc2)CC1c1ccccc1,10.1016/j.bmcl.2010.07.056
7407,Human,7.6,pKi,7.6,Binding,NoneNone,PDSPKiDatabase,508,6.7,CSc1c(C(=O)NN2CCCCCC2)nn(-c2ccc(Cl)cc2Cl)c1-c1ccc(Cl)cc1,None
8790,Human,7.7,pKi,7.7,Binding,Displacementof[3H]CP-55940fromhumanCB1receptorexpressedinCHOcellsDisplacementof[3H]CP-55940fromhumanCB1receptorexpressedinCHOcells,ChEMBL,510,5.4,C[S+]([O-])c1c(C(=O)NN2CCCCC2)nn(-c2ccc(Cl)cc2Cl)c1-c1ccc(Cl)cc1,10.1016/j.bmcl.2010.03.068
15671,Human,7.7,pKi,7.7,Binding,Displacementof[3H]CP-55940fromhumanrecombinantCB1receptorexpressedinCHOcellsDisplacementof[3H]CP-55940fromhumanrecombinantCB1receptorexpressedinCHOcells,ChEMBL,369,5.3,CCCCC1=NN(C(=O)NC(C)(C)c2ccccc2)CC1c1ccsc1,10.1016/j.bmcl.2010.07.056
187350,Human,7.9,pKi,7.9,Binding,Displacementof[3H]CP55940fromhumanCB1receptorincellfreesystemDisplacementof[3H]CP55940fromhumanCB1receptorincellfreesystem,ChEMBL,368,6.4,CC1=CC[C@@H]2[C@@H](C1)c1c(O)cc(C(C)(C)c3cccs3)cc1OC2(C)C,10.1016/j.ejmech.2010.11.034
185389,Human,5.6,pKi,5.6,Binding,Displacementof[3H]CP-55940fromhumanrecombinantCB1receptorexpressedinHEK293cellsafter90minsDisplacementof[3H]CP-55940fromhumanrecombinantCB1receptorexpressedinHEK293cellsafter90mins,ChEMBL,427,7.6,CN(CCCCCCCOc1ccc(-c2cc3ccccc3o2)cc1)Cc1ccccc1,10.1016/j.ejmech.2012.10.045
186398,Human,6.5,pKi,6.5,Binding,Displacementof[3H]CP-55940fromhumanrecombinantCB1receptorexpressedinHEK293cellsafter90minsDisplacementof[3H]CP-55940fromhumanrecombinantCB1receptorexpressedinHEK293cellsafter90mins,ChEMBL,531,8.8,CN(CCCCCCCOc1ccc(-c2oc3ccccc3c2C(=O)c2ccccc2)cc1)Cc1ccccc1,10.1016/j.ejmech.2012.10.045
93657,Human,6.3,pKi,6.3,Binding,NoneNone,PDSPKiDatabase,391,3.5,COc1ccc2c(=O)c(C(=O)NC3CCCCC3)cn(Cc3ccccc3)c2n1,None
2760,Human,5.0,pKi,5.0,Binding,NoneNone,PDSPKiDatabase,417,7.1,CCCCCCCC/C=C\CCCCCCCC(=O)NCc1ccc(c(c1)OC)O,None
183501,Human,7.5,pKi,7.5,Binding,NoneNone,PDSPKiDatabase,496,6.6,Cc1c(C(=O)NN2CCCCC2)nn(-c2ccc(Cl)cc2Cl)c1-c1ccc(Cl)cc1Cl,None
187266,Human,6.6,pKi,6.6,Binding,NoneNone,PDSPKiDatabase,530,7.2,Cc1c(C(=O)NN2CCCCC2)nn(-c2c(Cl)cc(Cl)cc2Cl)c1-c1ccc(Cl)cc1Cl,None
183502,Human,7.8,pKi,7.8,Binding,NoneNone,PDSPKiDatabase,476,6.2,Cc1cc(Cl)ccc1-c1c(C)c(C(=O)NN2CCCCC2)nn1-c1ccc(Cl)cc1Cl,None
183503,Human,6.6,pKi,6.6,Binding,Displacementof[3H]CP-55940fromhumanCB1receptorexpressedinHEK293cellsDisplacementof[3H]CP-55940fromhumanCB1receptorexpressedinHEK293cells,ChEMBL,510,6.9,Cc1cc(Cl)ccc1-c1c(C)c(C(=O)NN2CCCCC2)nn1-c1c(Cl)cc(Cl)cc1Cl,10.1021/jm8000778
181223,Human,6.7,pKi,6.7,Binding,NoneNone,PDSPKiDatabase,490,6.6,Cc1cc(Cl)cc(C)c1-c1c(C)c(C(=O)NN2CCCCC2)nn1-c1ccc(Cl)cc1Cl,None
187216,Human,7.4,pKi,7.4,Binding,Displacementof[3H]CP-55940fromhumanCB1receptorexpressedinHEK293cellsDisplacementof[3H]CP-55940fromhumanCB1receptorexpressedinHEK293cells,ChEMBL,502,6.5,O=C(NN1CCCCC1)c1nn(-c2ccc(Cl)cc2Cl)c2c1CCCCc1cc(Cl)ccc1-2,10.1021/jm8000778
190523,Human,5.4,pKi,5.4,Binding,Displacementof[3H]CP55960fromhumanclonedCB1receptorafter120minsbyscintillationspectroscopyDisplacementof[3H]CP55960fromhumanclonedCB1receptorafter120minsbyscintillationspectroscopy,ChEMBL,305,2.6,CCC(C)(C)C(=O)Nc1cc(CN2CCOCC2)c(C)cn1,10.1016/j.bmcl.2009.08.063
186809,Human,6.2,pKi,6.2,Binding,Displacementof[3H]CP-55940fromhumanclonedCB1receptorbyscintillationspectrometryDisplacementof[3H]CP-55940fromhumanclonedCB1receptorbyscintillationspectrometry,ChEMBL,420,3.4,Cc1ccc(NC(=O)[C@@H]2C(C)(C)[C@@H]3CC[C@@]2(C)C3)cc1S(=O)(=O)N1CCOCC1,10.1016/j.bmcl.2008.11.091
186339,Human,6.3,pKi,6.3,Binding,Displacementof[3H]CP-55940fromhumanclonedCB1receptorbyscintillationspectrometryDisplacementof[3H]CP-55940fromhumanclonedCB1receptorbyscintillationspectrometry,ChEMBL,448,3.1,Cc1ccc(NC(=O)C(C)(C(F)(F)F)C(F)(F)F)cc1S(=O)(=O)N1CCOCC1,10.1016/j.bmcl.2008.11.091
60178,Human,8.4,pKi,8.4,Binding,Displacementof[3H]SR141716AfromhumanCB1receptorexpressedinCHOcellsDisplacementof[3H]SR141716AfromhumanCB1receptorexpressedinCHOcells,ChEMBL,443,4.8,Cc1ccc(C(F)(F)F)cc1Cn1c(C(=O)NCCC(C)(C)O)cc2cc(C#N)ccc21,10.1016/j.bmcl.2011.02.019
60160,Human,9.4,pKi,9.4,Binding,Displacementof[3H]SR141716AfromhumanCB1receptorexpressedinCHOcellsDisplacementof[3H]SR141716AfromhumanCB1receptorexpressedinCHOcells,ChEMBL,475,4.2,COc1ccc(OC(F)(F)F)cc1Cn1c(C(=O)NCC(C)(C)CO)cc2cc(C#N)ccc21,10.1016/j.bmcl.2011.02.019
60159,Human,9.1,pKi,9.1,Binding,Displacementof[3H]SR141716AfromhumanCB1receptorexpressedinCHOcellsDisplacementof[3H]SR141716AfromhumanCB1receptorexpressedinCHOcells,ChEMBL,445,4.2,CC(C)(CO)CNC(=O)c1cc2cc(C#N)ccc2n1Cc1cccc(OC(F)(F)F)c1,10.1016/j.bmcl.2011.02.019
70099,Human,6.9,pKi,6.9,Binding,Displacementof[3H]CP55940fromhumanCB1receptorexpressedinHEK293cellsDisplacementof[3H]CP55940fromhumanCB1receptorexpressedinHEK293cells,ChEMBL,473,3.2,CCS(=O)(=O)n1c2c(c3cc(C(=O)N4CCC(C)CC4)ccc31)CN(C1CCOCC1)CC2,10.1016/j.bmcl.2012.04.128
188046,Human,7.0,pKi,7.0,Binding,"CB1ReceptorBindingProtocol:8ugofmembranes(20ulof1:8dilutioninincubationbuffer)wasincubatedwith5ulofdrugsolution(10E-4Mto10E-12M)and5ulof5.4nM[3H]CP55,940inatotalvolumeof200ulfor90minsat30C.Non-specificbindingwasdeterminedusing10uMWIN55,212-2(Ki=4.4nM).Themembraneswerefilteredandthefilterswashed7xwith0.2mlice-coldincubationbufferandallowedtoairdryundervacuum.CB1ReceptorBindingProtocol:8ugofmembranes(20ulof1:8dilutioninincubationbuffer)wasincubatedwith5ulofdrugsolution(10E-4Mto10E-12M)and5ulof5.4nM[3H]CP55,940inatotalvolumeof200ulfor90minsat30C.Non-specificbindingwasdeterminedusing10uMWIN55,212-2(Ki=4.4nM).Themembraneswerefilteredandthefilterswashed7xwith0.2mlice-coldincubationbufferandallowedtoairdryundervacuum.",ChEMBL,372,6.4,CC(C)(c1ccccc1)c1cc(O)c(-c2cc(Cl)cc(Cl)c2)c(O)c1,
93420,Human,7.2,pKi,7.2,Binding,BindingaffinitytohumanCB1receptorBindingaffinitytohumanCB1receptor,ChEMBL,443,4,CCS(=O)(=O)n1c2c(c3cc(C(=O)N4CCC(C)CC4)ccc31)CN(C1CCCC1)C2,10.1016/j.bmcl.2007.09.019
145428,Human,5.2,pKi,5.2,Binding,BindingAssay:Thebindingassayswereperformedbytestingtheabilityofthenewcompoundstodisplacetheradiolabeledsyntheticnon-selectivecannabinoidagonist[3H]CP55940(168Ci/mmol,"PerkinElmer)fromthehumanCB1(hCB1)orhumanCB2(hCB2)receptorsonmembranesderivedfromstablytransfectedHEK-293cells(PerkinElmer).Membranesweredilutedinassaybuffer(50mMTris-HCl,1mMEDTA,1mMMgCl2,1mg/mlBSA,pH=7.4).Theamountofmembranewasdeterminedforeachbatchofmembranesaccordingtoproteinbindingassay.Theminimumamountofmembranethatgave50%specificbindingwasusedforthebindingassay.Inmostassays,bindingwastestedusing8μgand4μgproteinofhCB1andhCB2membranes,respectively.ThetestedcompoundsweredissolvedinDMSOanddilutedinassaybuffertoafinalconcentrationof0.1%solvent.Totalbindingof[3H]CP55940wasevaluatedwith1.5nMtohCB1andwith0.5nMtohCB2,accordingtoKdaffinityof[3H]CP55940fortherespectivemembranes.Theabilityofthetestedcompoundstodisplace[3H]CP55940wasevaluatedfirstatasingleconcentrationpointof100nMforbindingtowardhCB2orhCB1.Incertaincases,thedisplacementwastestedatcompoundconcentrationsrangingfrom0.03nMto10μM.Non-specificbindingwasmeasuredbytheadditionof1μMofunlabelledCP55940tothetubes.Bindingassayswereperformedintriplicateinatotalvolumeof500μlfor60minutesat30°C.,inashakingbath.FreeandboundradioligandswereseparatedbyrapidfiltrationthroughGF/Cfilterplates(PerkinElmer)thathadbeenpresoakedwith0.1%Polyethylenimine(Sigma).Filterswereshakenfor1hourin7mlscintillationfluid(PerkinElmer)andradioactivitywasdeterminedbyliquidscintillationcounter(Wallac",PerkinElmer).BindingAssay:Thebindingassayswereperformedbytestingtheabilityofthenewcompoundstodisplacetheradiolabeledsyntheticnon-selectivecannabinoidagonist[3H]CP55940(168Ci/mmol,404,6,2
147920,Human,5.2,pKi,5.2,Binding,BindingAssay:Thebindingassayswereperformedbytestingtheabilityofthenewcompoundstodisplacetheradiolabeledsyntheticnon-selectivecannabinoidagonist[3H]CP55940(168Ci/mmol,"PerkinElmer)fromthehumanCB1(hCB1)orhumanCB2(hCB2)receptorsonmembranesderivedfromstablytransfectedHEK-293cells(PerkinElmer).Membranesweredilutedinassaybuffer(50mMTris-HCl,1mMEDTA,1mMMgCl2,1mg/mlBSA,pH=7.4).Theamountofmembranewasdeterminedforeachbatchofmembranesaccordingtoproteinbindingassay.Theminimumamountofmembranethatgave50%specificbindingwasusedforthebindingassay.Inmostassays,bindingwastestedusing8μgand4μgproteinofhCB1andhCB2membranes,respectively.ThetestedcompoundsweredissolvedinDMSOanddilutedinassaybuffertoafinalconcentrationof0.1%solvent.Totalbindingof[3H]CP55940wasevaluatedwith1.5nMtohCB1andwith0.5nMtohCB2,accordingtoKdaffinityof[3H]CP55940fortherespectivemembranes.Theabilityofthetestedcompoundstodisplace[3H]CP55940wasevaluatedfirstatasingleconcentrationpointof100nMforbindingtowardhCB2orhCB1.Incertaincases,thedisplacementwastestedatcompoundconcentrationsrangingfrom0.03nMto10μM.Non-specificbindingwasmeasuredbytheadditionof1μMofunlabelledCP55940tothetubes.Bindingassayswereperformedintriplicateinatotalvolumeof500μlfor60minutesat30°C.,inashakingbath.FreeandboundradioligandswereseparatedbyrapidfiltrationthroughGF/Cfilterplates(PerkinElmer)thathadbeenpresoakedwith0.1%Polyethylenimine(Sigma).Filterswereshakenfor1hourin7mlscintillationfluid(PerkinElmer)andradioactivitywasdeterminedbyliquidscintillationcounter(Wallac",PerkinElmer).BindingAssay:Thebindingassayswereperformedbytestingtheabilityofthenewcompoundstodisplacetheradiolabeledsyntheticnon-selectivecannabinoidagonist[3H]CP55940(168Ci/mmol,492,12,1
147931,Human,5.6,pKi,5.6,Binding,BindingAssay:Thebindingassayswereperformedbytestingtheabilityofthenewcompoundstodisplacetheradiolabeledsyntheticnon-selectivecannabinoidagonist[3H]CP55940(168Ci/mmol,"PerkinElmer)fromthehumanCB1(hCB1)orhumanCB2(hCB2)receptorsonmembranesderivedfromstablytransfectedHEK-293cells(PerkinElmer).Membranesweredilutedinassaybuffer(50mMTris-HCl,1mMEDTA,1mMMgCl2,1mg/mlBSA,pH=7.4).Theamountofmembranewasdeterminedforeachbatchofmembranesaccordingtoproteinbindingassay.Theminimumamountofmembranethatgave50%specificbindingwasusedforthebindingassay.Inmostassays,bindingwastestedusing8μgand4μgproteinofhCB1andhCB2membranes,respectively.ThetestedcompoundsweredissolvedinDMSOanddilutedinassaybuffertoafinalconcentrationof0.1%solvent.Totalbindingof[3H]CP55940wasevaluatedwith1.5nMtohCB1andwith0.5nMtohCB2,accordingtoKdaffinityof[3H]CP55940fortherespectivemembranes.Theabilityofthetestedcompoundstodisplace[3H]CP55940wasevaluatedfirstatasingleconcentrationpointof100nMforbindingtowardhCB2orhCB1.Incertaincases,thedisplacementwastestedatcompoundconcentrationsrangingfrom0.03nMto10μM.Non-specificbindingwasmeasuredbytheadditionof1μMofunlabelledCP55940tothetubes.Bindingassayswereperformedintriplicateinatotalvolumeof500μlfor60minutesat30°C.,inashakingbath.FreeandboundradioligandswereseparatedbyrapidfiltrationthroughGF/Cfilterplates(PerkinElmer)thathadbeenpresoakedwith0.1%Polyethylenimine(Sigma).Filterswereshakenfor1hourin7mlscintillationfluid(PerkinElmer)andradioactivitywasdeterminedbyliquidscintillationcounter(Wallac",PerkinElmer).BindingAssay:Thebindingassayswereperformedbytestingtheabilityofthenewcompoundstodisplacetheradiolabeledsyntheticnon-selectivecannabinoidagonist[3H]CP55940(168Ci/mmol,420,9,1
148723,Human,5.6,pKi,5.6,Binding,BindingAssay:Thebindingassayswereperformedbytestingtheabilityofthenewcompoundstodisplacetheradiolabeledsyntheticnon-selectivecannabinoidagonist[3H]CP55940(168Ci/mmol,"PerkinElmer)fromthehumanCB1(hCB1)orhumanCB2(hCB2)receptorsonmembranesderivedfromstablytransfectedHEK-293cells(PerkinElmer).Membranesweredilutedinassaybuffer(50mMTris-HCl,1mMEDTA,1mMMgCl2,1mg/mlBSA,pH=7.4).Theamountofmembranewasdeterminedforeachbatchofmembranesaccordingtoproteinbindingassay.Theminimumamountofmembranethatgave50%specificbindingwasusedforthebindingassay.Inmostassays,bindingwastestedusing8μgand4μgproteinofhCB1andhCB2membranes,respectively.ThetestedcompoundsweredissolvedinDMSOanddilutedinassaybuffertoafinalconcentrationof0.1%solvent.Totalbindingof[3H]CP55940wasevaluatedwith1.5nMtohCB1andwith0.5nMtohCB2,accordingtoKdaffinityof[3H]CP55940fortherespectivemembranes.Theabilityofthetestedcompoundstodisplace[3H]CP55940wasevaluatedfirstatasingleconcentrationpointof100nMforbindingtowardhCB2orhCB1.Incertaincases,thedisplacementwastestedatcompoundconcentrationsrangingfrom0.03nMto10μM.Non-specificbindingwasmeasuredbytheadditionof1μMofunlabelledCP55940tothetubes.Bindingassayswereperformedintriplicateinatotalvolumeof500μlfor60minutesat30°C.,inashakingbath.FreeandboundradioligandswereseparatedbyrapidfiltrationthroughGF/Cfilterplates(PerkinElmer)thathadbeenpresoakedwith0.1%Polyethylenimine(Sigma).Filterswereshakenfor1hourin7mlscintillationfluid(PerkinElmer)andradioactivitywasdeterminedbyliquidscintillationcounter(Wallac",PerkinElmer).BindingAssay:Thebindingassayswereperformedbytestingtheabilityofthenewcompoundstodisplacetheradiolabeledsyntheticnon-selectivecannabinoidagonist[3H]CP55940(168Ci/mmol,426,5,1
146344,Human,5.5,pKi,5.5,Binding,BindingAssay:Thebindingassayswereperformedbytestingtheabilityofthenewcompoundstodisplacetheradiolabeledsyntheticnon-selectivecannabinoidagonist[3H]CP55940(168Ci/mmol,"PerkinElmer)fromthehumanCB1(hCB1)orhumanCB2(hCB2)receptorsonmembranesderivedfromstablytransfectedHEK-293cells(PerkinElmer).Membranesweredilutedinassaybuffer(50mMTris-HCl,1mMEDTA,1mMMgCl2,1mg/mlBSA,pH=7.4).Theamountofmembranewasdeterminedforeachbatchofmembranesaccordingtoproteinbindingassay.Theminimumamountofmembranethatgave50%specificbindingwasusedforthebindingassay.Inmostassays,bindingwastestedusing8μgand4μgproteinofhCB1andhCB2membranes,respectively.ThetestedcompoundsweredissolvedinDMSOanddilutedinassaybuffertoafinalconcentrationof0.1%solvent.Totalbindingof[3H]CP55940wasevaluatedwith1.5nMtohCB1andwith0.5nMtohCB2,accordingtoKdaffinityof[3H]CP55940fortherespectivemembranes.Theabilityofthetestedcompoundstodisplace[3H]CP55940wasevaluatedfirstatasingleconcentrationpointof100nMforbindingtowardhCB2orhCB1.Incertaincases,thedisplacementwastestedatcompoundconcentrationsrangingfrom0.03nMto10μM.Non-specificbindingwasmeasuredbytheadditionof1μMofunlabelledCP55940tothetubes.Bindingassayswereperformedintriplicateinatotalvolumeof500μlfor60minutesat30°C.,inashakingbath.FreeandboundradioligandswereseparatedbyrapidfiltrationthroughGF/Cfilterplates(PerkinElmer)thathadbeenpresoakedwith0.1%Polyethylenimine(Sigma).Filterswereshakenfor1hourin7mlscintillationfluid(PerkinElmer)andradioactivitywasdeterminedbyliquidscintillationcounter(Wallac",PerkinElmer).BindingAssay:Thebindingassayswereperformedbytestingtheabilityofthenewcompoundstodisplacetheradiolabeledsyntheticnon-selectivecannabinoidagonist[3H]CP55940(168Ci/mmol,400,7,2
191234,Human,5.4,pKi,5.4,Binding,Displacementof[3H]CP55960fromhumanclonedCB1receptorafter120minsbyscintillationspectroscopyDisplacementof[3H]CP55960fromhumanclonedCB1receptorafter120minsbyscintillationspectroscopy,ChEMBL,319,2.9,CCc1cnc(NC(=O)C(C)(C)CC)cc1CN1CCOCC1,10.1016/j.bmcl.2009.08.063
185213,Human,5.9,pKi,5.9,Binding,Displacementof[3H]SR141716AfromhumanCB1receptorDisplacementof[3H]SR141716AfromhumanCB1receptor,ChEMBL,374,1.4,CC(C)(C)[C@H](NC(=O)n1c(=O)n(CC2CCCO2)c2ccccc21)C(N)=O,10.1016/j.bmcl.2008.04.032
190879,Human,5.6,pKi,5.6,Binding,Displacementof[3H]CP55960fromhumanclonedCB1receptorafter120minsbyscintillationspectroscopyDisplacementof[3H]CP55960fromhumanclonedCB1receptorafter120minsbyscintillationspectroscopy,ChEMBL,345,3.4,Cc1cnc(NC(=O)C2(C)CCCCC2C)cc1CN1CCOCC1,10.1016/j.bmcl.2009.08.063
73017,Human,8.2,pKi,8.2,Binding,"Displacementof[3H]CP55,940fromhumanCB1receptorexpressedininsectsf9membranesDisplacementof[3H]CP55,940fromhumanCB1receptorexpressedininsectsf9membranes",ChEMBL,484,2.2,COc1cccc2c(-c3nsc(CN4CCN(CC(N)=O)CC4)n3)cn(CC3CCOCC3)c12,10.1016/j.bmcl.2012.02.048
73022,Human,7.7,pKi,7.7,Binding,"Displacementof[3H]CP55,940fromhumanCB1receptorexpressedininsectsf9membranesDisplacementof[3H]CP55,940fromhumanCB1receptorexpressedininsectsf9membranes",ChEMBL,472,2.4,NC(=O)CN1CCN(Cc2nc(-c3cn(CC4CCOCC4)c4c(Cl)cccc34)no2)CC1,10.1016/j.bmcl.2012.02.048
144775,Human,7.4,pKi,7.4,Binding,"CB1ReceptorBindingProtocol:8ugofmembranes(20ulof1:8dilutioninincubationbuffer)wasincubatedwith5ulofdrugsolution(10E-4Mto10E-12M)and5ulof5.4nM[3H]CP55,940inatotalvolumeof200ulfor90minsat30C.Non-specificbindingwasdeterminedusing10uMWIN55,212-2(Ki=4.4nM).Themembraneswerefilteredandthefilterswashed7xwith0.2mlice-coldincubationbufferandallowedtoairdryundervacuum.CB1ReceptorBindingProtocol:8ugofmembranes(20ulof1:8dilutioninincubationbuffer)wasincubatedwith5ulofdrugsolution(10E-4Mto10E-12M)and5ulof5.4nM[3H]CP55,940inatotalvolumeof200ulfor90minsat30C.Non-specificbindingwasdeterminedusing10uMWIN55,212-2(Ki=4.4nM).Themembraneswerefilteredandthefilterswashed7xwith0.2mlice-coldincubationbufferandallowedtoairdryundervacuum.",ChEMBL,302,5.7,Cc1cccc(-c2ccc(C(C)(C)c3ccccc3)cc2O)c1,
145652,Human,7.3,pKi,7.3,Binding,"CB1ReceptorBindingProtocol:8ugofmembranes(20ulof1:8dilutioninincubationbuffer)wasincubatedwith5ulofdrugsolution(10E-4Mto10E-12M)and5ulof5.4nM[3H]CP55,940inatotalvolumeof200ulfor90minsat30C.Non-specificbindingwasdeterminedusing10uMWIN55,212-2(Ki=4.4nM).Themembraneswerefilteredandthefilterswashed7xwith0.2mlice-coldincubationbufferandallowedtoairdryundervacuum.CB1ReceptorBindingProtocol:8ugofmembranes(20ulof1:8dilutioninincubationbuffer)wasincubatedwith5ulofdrugsolution(10E-4Mto10E-12M)and5ulof5.4nM[3H]CP55,940inatotalvolumeof200ulfor90minsat30C.Non-specificbindingwasdeterminedusing10uMWIN55,212-2(Ki=4.4nM).Themembraneswerefilteredandthefilterswashed7xwith0.2mlice-coldincubationbufferandallowedtoairdryundervacuum.",ChEMBL,318,5.4,Cc1cccc(-c2c(O)cc(C(C)(C)c3ccccc3)cc2O)c1,
149302,Human,6.7,pKi,6.7,Binding,"CB1ReceptorBindingProtocol:8ugofmembranes(20ulof1:8dilutioninincubationbuffer)wasincubatedwith5ulofdrugsolution(10E-4Mto10E-12M)and5ulof5.4nM[3H]CP55,940inatotalvolumeof200ulfor90minsat30C.Non-specificbindingwasdeterminedusing10uMWIN55,212-2(Ki=4.4nM).Themembraneswerefilteredandthefilterswashed7xwith0.2mlice-coldincubationbufferandallowedtoairdryundervacuum.CB1ReceptorBindingProtocol:8ugofmembranes(20ulof1:8dilutioninincubationbuffer)wasincubatedwith5ulofdrugsolution(10E-4Mto10E-12M)and5ulof5.4nM[3H]CP55,940inatotalvolumeof200ulfor90minsat30C.Non-specificbindingwasdeterminedusing10uMWIN55,212-2(Ki=4.4nM).Themembraneswerefilteredandthefilterswashed7xwith0.2mlice-coldincubationbufferandallowedtoairdryundervacuum.",ChEMBL,356,6.7,CC(C)(c1ccccc1)c1ccc(-c2cc(Cl)cc(Cl)c2)c(O)c1,
145814,Human,8.4,pKi,8.4,Binding,"CB1ReceptorBindingProtocol:8ugofmembranes(20ulof1:8dilutioninincubationbuffer)wasincubatedwith5ulofdrugsolution(10E-4Mto10E-12M)and5ulof5.4nM[3H]CP55,940inatotalvolumeof200ulfor90minsat30C.Non-specificbindingwasdeterminedusing10uMWIN55,212-2(Ki=4.4nM).Themembraneswerefilteredandthefilterswashed7xwith0.2mlice-coldincubationbufferandallowedtoairdryundervacuum.CB1ReceptorBindingProtocol:8ugofmembranes(20ulof1:8dilutioninincubationbuffer)wasincubatedwith5ulofdrugsolution(10E-4Mto10E-12M)and5ulof5.4nM[3H]CP55,940inatotalvolumeof200ulfor90minsat30C.Non-specificbindingwasdeterminedusing10uMWIN55,212-2(Ki=4.4nM).Themembraneswerefilteredandthefilterswashed7xwith0.2mlice-coldincubationbufferandallowedtoairdryundervacuum.",ChEMBL,324,5.5,Cc1cccc(-c2c(O)cc(C(C)(C)c3cccs3)cc2O)c1,
150375,Human,8.6,pKi,8.6,Binding,"CB1ReceptorBindingProtocol:8ugofmembranes(20ulof1:8dilutioninincubationbuffer)wasincubatedwith5ulofdrugsolution(10E-4Mto10E-12M)and5ulof5.4nM[3H]CP55,940inatotalvolumeof200ulfor90minsat30C.Non-specificbindingwasdeterminedusing10uMWIN55,212-2(Ki=4.4nM).Themembraneswerefilteredandthefilterswashed7xwith0.2mlice-coldincubationbufferandallowedtoairdryundervacuum.CB1ReceptorBindingProtocol:8ugofmembranes(20ulof1:8dilutioninincubationbuffer)wasincubatedwith5ulofdrugsolution(10E-4Mto10E-12M)and5ulof5.4nM[3H]CP55,940inatotalvolumeof200ulfor90minsat30C.Non-specificbindingwasdeterminedusing10uMWIN55,212-2(Ki=4.4nM).Themembraneswerefilteredandthefilterswashed7xwith0.2mlice-coldincubationbufferandallowedtoairdryundervacuum.",ChEMBL,378,6.5,CC(C)(c1cc(O)c(-c2cc(Cl)cc(Cl)c2)c(O)c1)c1cccs1,
143801,Human,5.4,pKi,5.4,Binding,Displacementof[3H]-CP55940fromhumanrecombinantcannabinoidCB1receptorexpressedinHEKcellmembranesincubatedfor1.5hrsbyliquidscintillationcountingmethodDisplacementof[3H]-CP55940fromhumanrecombinantcannabinoidCB1receptorexpressedinHEKcellmembranesincubatedfor1.5hrsbyliquidscintillationcountingmethod,ChEMBL,304,4.3,Cc1cccc(-c2c(O)cc(C(=O)c3ccccc3)cc2O)c1,10.1016/j.bmc.2021.116035
175938,Human,7.6,pKi,7.6,Binding,"CB1ReceptorBindingProtocol:8ugofmembranes(20ulof1:8dilutioninincubationbuffer)wasincubatedwith5ulofdrugsolution(10E-4Mto10E-12M)and5ulof5.4nM[3H]CP55,940inatotalvolumeof200ulfor90minsat30C.Non-specificbindingwasdeterminedusing10uMWIN55,212-2(Ki=4.4nM).Themembraneswerefilteredandthefilterswashed7xwith0.2mlice-coldincubationbufferandallowedtoairdryundervacuum.CB1ReceptorBindingProtocol:8ugofmembranes(20ulof1:8dilutioninincubationbuffer)wasincubatedwith5ulofdrugsolution(10E-4Mto10E-12M)and5ulof5.4nM[3H]CP55,940inatotalvolumeof200ulfor90minsat30C.Non-specificbindingwasdeterminedusing10uMWIN55,212-2(Ki=4.4nM).Themembraneswerefilteredandthefilterswashed7xwith0.2mlice-coldincubationbufferandallowedtoairdryundervacuum.",ChEMBL,358,5.3,O=C(c1ccccc1)c1cc(O)c(-c2cc(Cl)cc(Cl)c2)c(O)c1,
6018,Human,6.3,pKi,6.3,Binding,BindingaffinitytoCB1receptorBindingaffinitytoCB1receptor,ChEMBL,378,5.7,COc1cc(C(=O)c2cccs2)cc(O)c1-c1cc(Cl)cc(Cl)c1,10.1016/j.bmcl.2010.01.074
185430,Human,5.7,pKi,5.7,Binding,Displacementof[3H]CP-55940fromhumanCB1receptorexpressedinHEK293cellsDisplacementof[3H]CP-55940fromhumanCB1receptorexpressedinHEK293cells,ChEMBL,452,4.9,CCCCCn1cc(C(=O)NC23CC4CC(CC(C4)C2)C3)c(=O)c2c(OC)ccc(OC)c21,10.1021/jm800552f
188069,Human,7.5,pKi,7.5,Binding,NoneNone,PDSPKiDatabase,410,5,CCCCCn1cc(C(=O)NC23CC4CC(CC(C4)C2)C3)c(=O)c2ccc(F)cc21,None
185330,Human,6.8,pKi,6.8,Binding,Displacementof[3H]CP-55940fromhumanCB1receptorexpressedinHEK293cellsDisplacementof[3H]CP-55940fromhumanCB1receptorexpressedinHEK293cells,ChEMBL,431,5.3,CCCCCn1cc(C(=O)N[C@H](C)c2ccccc2)c(=O)c2ccc(N3CCCC3)cc21,10.1021/jm800552f
186043,Human,8.2,pKi,8.2,Binding,Displacementof[3H]CP-55940fromhumanCB1receptorexpressedinHEK293cellsDisplacementof[3H]CP-55940fromhumanCB1receptorexpressedinHEK293cells,ChEMBL,532,5.7,CCCCCn1cc(C(=O)NC23CC4CC(CC(C4)C2)C3)c(=O)c2ccc(S(=O)(=O)c3ccccc3)cc21,10.1021/jm800552f
187899,Human,5.0,pKi,5.0,Binding,NoneNone,PDSPKiDatabase,468,6.6,CCCCCn1cc(C(=O)NC23CC4CC(CC(C4)C2)C3)c(=O)c2cc(-c3ccccc3)ccc21,None
185673,Human,5.0,pKi,5.0,Binding,NoneNone,PDSPKiDatabase,440,5.9,CCCCCn1cc(C(=O)NC23CC4CC(CC(C4)C2)C3)c(=O)c2ccc(Cl)c(C)c21,None
185765,Human,5.9,pKi,5.9,Binding,Displacementof[3H]CP55940fromhumanCB1receptorincellfreesystemDisplacementof[3H]CP55940fromhumanCB1receptorincellfreesystem,ChEMBL,434,6,CCCCCn1cc(C(=O)NC23CC4CC(CC(C4)C2)C3)c(=O)c2cc(C(C)C)ccc21,10.1016/j.ejmech.2010.11.034
188110,Human,5.6,pKi,5.6,Binding,Displacementof[3H]CP-55940fromhumanCB1receptorexpressedinHEK293cellsDisplacementof[3H]CP-55940fromhumanCB1receptorexpressedinHEK293cells,ChEMBL,454,5,C=CCCn1cc(C(=O)NC23CC4CC(CC(C4)C2)C3)c(=O)c2cc(Br)ccc21,10.1021/jm800552f
185637,Human,6.2,pKi,6.2,Binding,Displacementof[3H]CP-55940fromhumanCB1receptorexpressedinHEK293cellsDisplacementof[3H]CP-55940fromhumanCB1receptorexpressedinHEK293cells,ChEMBL,468,5.4,C=CCCCn1cc(C(=O)NC23CC4CC(CC(C4)C2)C3)c(=O)c2cc(Br)ccc21,10.1021/jm800552f
188006,Human,6.2,pKi,6.2,Binding,Displacementof[3H]CP-55940fromhumanCB1receptorexpressedinHEK293cellsDisplacementof[3H]CP-55940fromhumanCB1receptorexpressedinHEK293cells,ChEMBL,500,7,CCCCCn1cc(C(=O)NC23CC4CC(CC(C4)C2)C3)c(=O)c2cc(Sc3ccccc3)ccc21,10.1021/jm800552f
185431,Human,5.0,pKi,5.0,Binding,NoneNone,PDSPKiDatabase,422,3.9,C=CCn1cc(C(=O)NC23CC4CC(CC(C4)C2)C3)c(=O)c2c(OC)ccc(OC)c21,None
185328,Human,6.9,pKi,6.9,Binding,NoneNone,PDSPKiDatabase,475,5.8,CCCCCn1cc(C(=O)NC23CC4CC(CC(C4)C2)C3)c(=O)c2cc(F)c(-n3cccc3)cc21,None
185329,Human,7.8,pKi,7.8,Binding,Displacementof[3H]CP-55940fromhumanCB1receptorexpressedinHEK293cellsDisplacementof[3H]CP-55940fromhumanCB1receptorexpressedinHEK293cells,ChEMBL,380,4.8,CCCCCn1cc(C(=O)N[C@H](C)c2ccccc2)c(=O)c2ccc(F)cc21,10.1021/jm800552f
185385,Human,7.5,pKi,7.5,Binding,Displacementof[3H]CP-55940fromhumanCB1receptorexpressedinHEK293cellsDisplacementof[3H]CP-55940fromhumanCB1receptorexpressedinHEK293cells,ChEMBL,406,5.1,CCCCCn1cc(C(=O)N[C@H](C)c2ccccc2)c(=O)c2ccc(OCC)cc21,10.1021/jm800552f
185488,Human,8.3,pKi,8.3,Binding,Displacementof[3H]CP-55940fromhumanCB1receptorexpressedinHEK293cellsDisplacementof[3H]CP-55940fromhumanCB1receptorexpressedinHEK293cells,ChEMBL,500,7,CCCCCn1cc(C(=O)NC23CC4CC(CC(C4)C2)C3)c(=O)c2ccc(Sc3ccccc3)cc21,10.1021/jm800552f
185247,Human,7.6,pKi,7.6,Binding,NoneNone,PDSPKiDatabase,516,6.1,CCCCCn1cc(C(=O)NC23CC4CC(CC(C4)C2)C3)c(=O)c2ccc([S+]([O-])c3ccccc3)cc21,None
188024,Human,5.6,pKi,5.6,Binding,Displacementof[3H]CP-55940fromhumanCB1receptorexpressedinHEK293cellsDisplacementof[3H]CP-55940fromhumanCB1receptorexpressedinHEK293cells,ChEMBL,524,7.1,CCCCCn1cc(C(=O)NC23CC4CC(CC(C4)C2)C3)c(=O)c2cc(/C=C/c3ccc(OC)cc3)ccc21,10.1021/jm800552f
188032,Human,5.6,pKi,5.6,Binding,NoneNone,PDSPKiDatabase,460,5.9,CCCCCn1cc(C(=O)NC23CC4CC(CC(C4)C2)C3)c(=O)c2cc(C(F)(F)F)ccc21,None
185636,Human,6.1,pKi,6.1,Binding,NoneNone,PDSPKiDatabase,536,7.5,CCCCCn1cc(C(=O)NC23CC4CC(CC(C4)C2)C3)c(=O)c2cc(Oc3ccc(F)c(Cl)c3)ccc21,None
185447,Human,6.0,pKi,6.0,Binding,NoneNone,PDSPKiDatabase,470,5.7,CCCCCn1cc(C(=O)NC23CC4CC(CC(C4)C2)C3)c(=O)c2cc(Br)ccc21,None
175124,Human,5.6,pKi,5.6,Binding,Displacementof[3H]CP-55940fromhumanrecombinantCB1receptorexpressedinHEK293cellsbyscintillationcountingDisplacementof[3H]CP-55940fromhumanrecombinantCB1receptorexpressedinHEK293cellsbyscintillationcounting,ChEMBL,453,5.9,CCCCCCCCCCC[C@@H](C[C@@H]1OC(=O)[C@H]1CCCCCC)OC(=O)CNC(C)=O,10.1021/jm800978m
186966,Human,5.5,pKi,5.5,Binding,Displacementof[3H]CP-55940fromhumanrecombinantCB1receptorexpressedinHEK293cellsbyscintillationcountingDisplacementof[3H]CP-55940fromhumanrecombinantCB1receptorexpressedinHEK293cellsbyscintillationcounting,ChEMBL,453,5.9,CCCCCCCCCCC[C@@H](C[C@@H]1OC(=O)[C@H]1CCCCCC)OC(=O)[C@H](C)NC=O,10.1021/jm800978m
187600,Human,5.1,pKi,5.1,Binding,Displacementof[3H]CP-55940fromhumanrecombinantCB1receptorexpressedinHEK293cellsbyscintillationcountingDisplacementof[3H]CP-55940fromhumanrecombinantCB1receptorexpressedinHEK293cellsbyscintillationcounting,ChEMBL,495,6.9,CCCCCCCCCCC[C@@H](C[C@@H]1OC(=O)[C@H]1CCCCCC)OC(=O)[C@@H](NC(C)=O)C(C)C,10.1021/jm800978m
183483,Human,5.8,pKi,5.8,Binding,Displacementof[3H]CP-55940fromhumanrecombinantCB1receptorexpressedinHEK293cellsbyscintillationcountingDisplacementof[3H]CP-55940fromhumanrecombinantCB1receptorexpressedinHEK293cellsbyscintillationcounting,ChEMBL,479,6.3,CCCCCCCCCCC[C@@H](C[C@@H]1OC(=O)[C@H]1CCCCCC)OC(=O)[C@@H]1CCCN1C=O,10.1021/jm800978m
68763,Human,5.1,pKi,5.1,Binding,Displacementof[3H]CP-55940fromhumanrecombinantCB1receptorexpressedinHEKcellsDisplacementof[3H]CP-55940fromhumanrecombinantCB1receptorexpressedinHEKcells,ChEMBL,503,7.6,CCCCC/C=C\C/C=C\C/C=C\C/C=C\CCCC(=O)N(C)c1c(C)n(C)n(-c2ccccc2)c1=O,10.1016/j.bmc.2011.11.028
72510,Human,5.8,pKi,5.8,Binding,Displacementof[3H]CP-55940fromhumanrecombinantCB1receptorexpressedinCHOcellsafter90minsDisplacementof[3H]CP-55940fromhumanrecombinantCB1receptorexpressedinCHOcellsafter90mins,ChEMBL,388,3.7,CCCNC(=O)c1c(NC(=O)C23CC4CC(CC2C4)C3)sc2c1CCOC2,10.1016/j.bmcl.2012.01.121
72512,Human,5.5,pKi,5.5,Binding,Displacementof[3H]CP-55940fromhumanrecombinantCB1receptorexpressedinCHOcellsafter90minsDisplacementof[3H]CP-55940fromhumanrecombinantCB1receptorexpressedinCHOcellsafter90mins,ChEMBL,422,3.7,O=C(c1c(NC(=O)C23CC4CC(CC2C4)C3)sc2c1CCOC2)N1CC(F)(F)C1,10.1016/j.bmcl.2012.01.121
191130,Human,7.3,pKi,7.3,Binding,NoneNone,PDSPKiDatabase,766,9.6,O=S(=O)(/N=C(\NCCCCCCCNc1c2c(nc3ccccc13)CCCC2)N1CC(c2ccccc2)C(c2ccc(Cl)cc2)=N1)c1ccc(Cl)cc1,None
191361,Human,7.4,pKi,7.4,Binding,NoneNone,PDSPKiDatabase,724,8.5,O=S(=O)(/N=C(\NCCCCNc1c2c(nc3ccccc13)CCCC2)N1CC(c2ccccc2)C(c2ccc(Cl)cc2)=N1)c1ccc(Cl)cc1,None
190693,Human,7.1,pKi,7.1,Binding,Displacementof[3H]CP-55940fromhumanCB1receptorexpressedinCHOcellsDisplacementof[3H]CP-55940fromhumanCB1receptorexpressedinCHOcells,ChEMBL,653,9.6,CCc1c(C(=O)NCCCCCCCNc2c3c(nc4ccccc24)CCCC3)nc(-c2ccccc2Cl)n1-c1ccc(Cl)cc1,10.1021/jm901614b
73992,Human,8.1,pKi,8.1,Binding,Displacementof[3H]CP55940fromhumanCB1receptorexpressedinHEK293cellsDisplacementof[3H]CP55940fromhumanCB1receptorexpressedinHEK293cells,ChEMBL,437,3.5,CCN(CC(=O)NC1CC1)C(=O)c1ccc2c(c1)c1c(n2C)CCC(C2CCOCC2)C1,10.1016/j.bmcl.2012.04.128
178403,Human,5.9,pKi,5.9,Binding,Displacementof[3H]CP-55940fromhumanrecombinantCB1receptorexpressedinHEK293cellsDisplacementof[3H]CP-55940fromhumanrecombinantCB1receptorexpressedinHEK293cells,ChEMBL,425,7.5,CCCCC/C=C\C/C=C\C/C=C\C/C=C\CCCC(=O)Nc1ccc(O)c(OC)c1,10.1021/jm800807k
178402,Human,6.5,pKi,6.5,Binding,Displacementof[3H]CP-55940fromhumanrecombinantCB1receptorexpressedinHEK293cellsDisplacementof[3H]CP-55940fromhumanrecombinantCB1receptorexpressedinHEK293cells,ChEMBL,419,7.6,CCCCC/C=C\C/C=C\C/C=C\C/C=C\CCCC(=O)Nc1ccc2[nH]ncc2c1,10.1021/jm800807k
186081,Human,5.0,pKi,5.0,Binding,NoneNone,PDSPKiDatabase,463,4.4,CN1CCN(NC(=O)c2cnn(-c3ccc(Cl)cc3Cl)c2-c2ccc(Cl)cc2)CC1,None
173444,Human,6.1,pKi,6.1,Binding,"Displacementof[3H]-CP55,940fromhumanCB1receptorDisplacementof[3H]-CP55,940fromhumanCB1receptor",ChEMBL,405,5.4,O=C(NC1CC1)c1cnn(-c2ccc(Cl)cc2Cl)c1-c1ccc(Cl)cc1,10.1039/C5MD00333D
172690,Human,5.6,pKi,5.6,Binding,NoneNone,PDSPKiDatabase,507,4.5,CN1CCN(NC(=O)c2cnn(-c3ccc(Cl)cc3Cl)c2-c2ccc(Br)cc2)CC1,None
176043,Human,6.0,pKi,6.0,Binding,Displacementof[3H]CP-55940fromhumanCB1receptorexpressedinCHOcellsDisplacementof[3H]CP-55940fromhumanCB1receptorexpressedinCHOcells,ChEMBL,449,5.5,O=C(NC1CC1)c1cnn(-c2ccc(Cl)cc2Cl)c1-c1ccc(Br)cc1,10.1016/j.ejmech.2008.01.043
187202,Human,6.0,pKi,6.0,Binding,NoneNone,PDSPKiDatabase,505,7.1,O=C(NC1CCCCCC1)c1cnn(-c2ccc(Cl)cc2Cl)c1-c1ccc(Br)cc1,None
178664,Human,6.7,pKi,6.7,Binding,Displacementof[3H]CP-55940fromhumanCB1receptorexpressedinCHOcellsDisplacementof[3H]CP-55940fromhumanCB1receptorexpressedinCHOcells,ChEMBL,497,5.3,O=C(NC1CC1)c1cnn(-c2ccc(Cl)cc2Cl)c1-c1ccc(I)cc1,10.1016/j.ejmech.2008.01.043
186977,Human,6.0,pKi,6.0,Binding,Displacementof[3H]CP-55940fromhumanCB1receptorexpressedinCHOcellsDisplacementof[3H]CP-55940fromhumanCB1receptorexpressedinCHOcells,ChEMBL,553,6.9,O=C(NC1CCCCCC1)c1cnn(-c2ccc(Cl)cc2Cl)c1-c1ccc(I)cc1,10.1016/j.ejmech.2008.01.043
176065,Human,5.9,pKi,5.9,Binding,Displacementof[3H]CP-55940fromhumanCB1receptorexpressedinCHOcellsDisplacementof[3H]CP-55940fromhumanCB1receptorexpressedinCHOcells,ChEMBL,540,5.6,O=C(NN1CCCCC1)c1cnn(-c2ccc(Cl)cc2Cl)c1-c1ccc(I)cc1,10.1016/j.ejmech.2008.01.043
185254,Human,8.1,pKi,8.1,Binding,Displacementof[3H]SR141716AfromhumanCB1receptorexpressedinHEK293cellsDisplacementof[3H]SR141716AfromhumanCB1receptorexpressedinHEK293cells,ChEMBL,472,6.3,Clc1ccc(-n2c(-c3ccc(Cl)cc3Cl)nc3c(NN4CCCCC4)ncnc32)cc1,10.1021/jm8012932
187979,Human,8.8,pKi,8.8,Binding,NoneNone,PDSPKiDatabase,471,7.2,Clc1ccc(-n2c(-c3ccc(Cl)cc3Cl)nc3c(NC4CCCCC4)ncnc32)cc1,None
185195,Human,8.8,pKi,8.8,Binding,NoneNone,PDSPKiDatabase,457,6.4,Clc1ccc(-n2c(-c3ccc(Cl)cc3Cl)nc3c(N4CCCCC4)ncnc32)cc1,None
187712,Human,9.0,pKi,9.0,Binding,NoneNone,PDSPKiDatabase,423,5.8,Clc1ccc(-n2c(-c3ccccc3Cl)nc3c(N4CCCCC4)ncnc32)cc1,None
185468,Human,8.8,pKi,8.8,Binding,NoneNone,PDSPKiDatabase,472,5.2,CN1CCN(c2ncnc3c2nc(-c2ccc(Cl)cc2Cl)n3-c2ccc(Cl)cc2)CC1,None
185228,Human,8.6,pKi,8.6,Binding,Displacementof[3H]SR141716AfromhumanCB1receptorexpressedinHEK293cellsDisplacementof[3H]SR141716AfromhumanCB1receptorexpressedinHEK293cells,ChEMBL,438,4.5,CN1CCN(c2ncnc3c2nc(-c2ccccc2Cl)n3-c2ccc(Cl)cc2)CC1,10.1021/jm8012932
73991,Human,7.4,pKi,7.4,Binding,Displacementof[3H]CP55940fromhumanCB1receptorexpressedinHEK293cellsDisplacementof[3H]CP55940fromhumanCB1receptorexpressedinHEK293cells,ChEMBL,423,3.1,CN(CC(=O)NC1CC1)C(=O)c1ccc2c(c1)c1c(n2C)CCC(C2CCOCC2)C1,10.1016/j.bmcl.2012.04.128
73996,Human,6.8,pKi,6.8,Binding,Displacementof[3H]CP55940fromhumanCB1receptorexpressedinHEK293cellsDisplacementof[3H]CP55940fromhumanCB1receptorexpressedinHEK293cells,ChEMBL,423,3.1,CN(CC(=O)NC1CC1)C(=O)c1ccc2c(c1)c1c(n2C)CC[C@H](C2CCOCC2)C1,10.1016/j.bmcl.2012.04.128
73995,Human,7.6,pKi,7.6,Binding,Displacementof[3H]CP55940fromhumanCB1receptorexpressedinHEK293cellsDisplacementof[3H]CP55940fromhumanCB1receptorexpressedinHEK293cells,ChEMBL,423,3.1,CN(CC(=O)NC1CC1)C(=O)c1ccc2c(c1)c1c(n2C)CC[C@@H](C2CCOCC2)C1,10.1016/j.bmcl.2012.04.128
73993,Human,6.2,pKi,6.2,Binding,Displacementof[3H]CP55940fromhumanCB1receptorexpressedinHEK293cellsDisplacementof[3H]CP55940fromhumanCB1receptorexpressedinHEK293cells,ChEMBL,437,3.5,CN(CCC(=O)NC1CC1)C(=O)c1ccc2c(c1)c1c(n2C)CCC(C2CCOCC2)C1,10.1016/j.bmcl.2012.04.128
73989,Human,8.6,pKi,8.6,Binding,Displacementof[3H]CP55940fromhumanCB1receptorexpressedinHEK293cellsDisplacementof[3H]CP55940fromhumanCB1receptorexpressedinHEK293cells,ChEMBL,465,4.2,CCN(CCCC(=O)NC1CC1)C(=O)c1ccc2c(c1)c1c(n2C)CCC(C2CCOCC2)C1,10.1016/j.bmcl.2012.04.128
73988,Human,8.2,pKi,8.2,Binding,Displacementof[3H]CP55940fromhumanCB1receptorexpressedinHEK293cellsDisplacementof[3H]CP55940fromhumanCB1receptorexpressedinHEK293cells,ChEMBL,451,3.8,CN(CCCC(=O)NC1CC1)C(=O)c1ccc2c(c1)c1c(n2C)CCC(C2CCOCC2)C1,10.1016/j.bmcl.2012.04.128
73990,Human,5.8,pKi,5.8,Binding,Displacementof[3H]CP55940fromhumanCB1receptorexpressedinHEK293cellsDisplacementof[3H]CP55940fromhumanCB1receptorexpressedinHEK293cells,ChEMBL,437,3.5,Cn1c2c(c3cc(C(=O)NCCCC(=O)NC4CC4)ccc31)CC(C1CCOCC1)CC2,10.1016/j.bmcl.2012.04.128
73994,Human,7.3,pKi,7.3,Binding,Displacementof[3H]CP55940fromhumanCB1receptorexpressedinHEK293cellsDisplacementof[3H]CP55940fromhumanCB1receptorexpressedinHEK293cells,ChEMBL,425,3.3,CNC(=O)CCCN(C)C(=O)c1ccc2c(c1)c1c(n2C)CCC(C2CCOCC2)C1,10.1016/j.bmcl.2012.04.128
15728,Human,8.3,pKi,8.3,Binding,Displacementof[3H]CP-55940fromhumanrecombinantCB1receptorexpressedinCHOcellsDisplacementof[3H]CP-55940fromhumanrecombinantCB1receptorexpressedinCHOcells,ChEMBL,395,5.3,CCCCCN1N=C(C(=O)N[C@H]2C[C@H]3CC[C@]2(C)C3(C)C)CC1c1ccccc1,10.1016/j.bmcl.2010.07.056
178396,Human,5.5,pKi,5.5,Binding,Displacementof[3H]CP-55940fromhumanCB1receptorDisplacementof[3H]CP-55940fromhumanCB1receptor,ChEMBL,380,2.6,Cc1ccc(NC(=O)C2C(C)(C)C2(C)C)cc1S(=O)(=O)N1CCOCC1,10.1016/j.bmcl.2009.10.062
120606,Human,5.7,pKi,5.7,Binding,Displacementof[3H]CP55940fromhumanCB1receptorexpressedinCHO-K1cellmembranebycompetitivedisplacementassayDisplacementof[3H]CP55940fromhumanCB1receptorexpressedinCHO-K1cellmembranebycompetitivedisplacementassay,ChEMBL,456,6.6,CC(C)(C)c1cc(-c2csc(C3(N4CCCCC4)CCOCC3)n2)cc(C(C)(C)C)c1O,10.1016/j.bmcl.2014.11.003
120603,Human,5.2,pKi,5.2,Binding,Displacementof[3H]CP55940fromhumanCB1receptorexpressedinCHO-K1cellmembranebycompetitivedisplacementassayDisplacementof[3H]CP55940fromhumanCB1receptorexpressedinCHO-K1cellmembranebycompetitivedisplacementassay,ChEMBL,388,5.1,CC(C)(C)c1cc(-c2csc(C3(N)CCOCC3)n2)cc(C(C)(C)C)c1O,10.1016/j.bmcl.2014.11.003
120602,Human,6.1,pKi,6.1,Binding,Displacementof[3H]CP55940fromhumanCB1receptorexpressedinCHO-K1cellmembranebycompetitivedisplacementassayDisplacementof[3H]CP55940fromhumanCB1receptorexpressedinCHO-K1cellmembranebycompetitivedisplacementassay,ChEMBL,416,5.7,CN(C)C1(c2nc(-c3cc(C(C)(C)C)c(O)c(C(C)(C)C)c3)cs2)CCOCC1,10.1016/j.bmcl.2014.11.003
120600,Human,5.6,pKi,5.6,Binding,Displacementof[3H]CP55940fromhumanCB1receptorexpressedinCHO-K1cellmembranebycompetitivedisplacementassayDisplacementof[3H]CP55940fromhumanCB1receptorexpressedinCHO-K1cellmembranebycompetitivedisplacementassay,ChEMBL,432,6.4,CN(C)C1(c2nc(-c3cc(C(C)(C)C)c(O)c(C(C)(C)C)c3)cs2)CCSCC1,10.1016/j.bmcl.2014.11.003
120609,Human,5.3,pKi,5.3,Binding,Displacementof[3H]CP55940fromhumanCB1receptorexpressedinCHO-K1cellmembranebycompetitivedisplacementassayDisplacementof[3H]CP55940fromhumanCB1receptorexpressedinCHO-K1cellmembranebycompetitivedisplacementassay,ChEMBL,400,6,CN(C)C1(c2nc(-c3cc(C(C)(C)C)cc(C(C)(C)C)c3)cs2)CCOCC1,10.1016/j.bmcl.2014.11.003
120608,Human,6.1,pKi,6.1,Binding,Displacementof[3H]CP55940fromhumanCB1receptorexpressedinCHO-K1cellmembranebycompetitivedisplacementassayDisplacementof[3H]CP55940fromhumanCB1receptorexpressedinCHO-K1cellmembranebycompetitivedisplacementassay,ChEMBL,400,5.2,CN(C)C1(c2nc(-c3cc(C(C)(C)C)c(O)c(C(C)(C)C)c3)co2)CCOCC1,10.1016/j.bmcl.2014.11.003
120605,Human,5.5,pKi,5.5,Binding,Displacementof[3H]CP55940fromhumanCB1receptorexpressedinCHO-K1cellmembranebycompetitivedisplacementassayDisplacementof[3H]CP55940fromhumanCB1receptorexpressedinCHO-K1cellmembranebycompetitivedisplacementassay,ChEMBL,444,6.5,CCN(CC)C1(c2nc(-c3cc(C(C)(C)C)c(O)c(C(C)(C)C)c3)cs2)CCOCC1,10.1016/j.bmcl.2014.11.003
120604,Human,5.6,pKi,5.6,Binding,Displacementof[3H]CP55940fromhumanCB1receptorexpressedinCHO-K1cellmembranebycompetitivedisplacementassayDisplacementof[3H]CP55940fromhumanCB1receptorexpressedinCHO-K1cellmembranebycompetitivedisplacementassay,ChEMBL,402,5.3,CNC1(c2nc(-c3cc(C(C)(C)C)c(O)c(C(C)(C)C)c3)cs2)CCOCC1,10.1016/j.bmcl.2014.11.003
186621,Human,5.6,pKi,5.6,Binding,Displacementof[3H]CP-55-940fromhumanrecombinantCB1receptorexpressedinCOScellsDisplacementof[3H]CP-55-940fromhumanrecombinantCB1receptorexpressedinCOScells,ChEMBL,553,6.8,C[C@H](CO)NC(=O)CCC/C=C\C/C=C\C/C=C\C/C=C\CCOC(=O)c1cccc2c1OC(C)(C(C)(C)C)O2,10.1021/jm8011382
174420,Human,5.2,pKi,5.2,Binding,Displacementof[3H]CP-55940fromhumanrecombinantCB1receptorexpressedinHEK293cellsbyscintillationcountingDisplacementof[3H]CP-55940fromhumanrecombinantCB1receptorexpressedinHEK293cellsbyscintillationcounting,ChEMBL,481,6.5,CCCCCCCCCCC[C@@H](C[C@@H]1OC(=O)[C@H]1CCCCCC)OC(=O)[C@@H](NC=O)C(C)C,10.1021/jm800978m
15726,Human,8.0,pKi,8.0,Binding,Displacementof[3H]CP-55940fromhumanrecombinantCB1receptorexpressedinCHOcellsDisplacementof[3H]CP-55940fromhumanrecombinantCB1receptorexpressedinCHOcells,ChEMBL,393,4.9,CCCCCN1N=C(C(=O)NC2C3CC4CC(C3)CC2C4)CC1c1ccccc1,10.1016/j.bmcl.2010.07.056
15727,Human,6.9,pKi,6.9,Binding,Displacementof[3H]CP-55940fromhumanrecombinantCB1receptorexpressedinCHOcellsDisplacementof[3H]CP-55940fromhumanrecombinantCB1receptorexpressedinCHOcells,ChEMBL,395,5.2,CCCCCN1N=C(C(=O)NC(C)(C)c2ccc(F)cc2)CC1c1ccccc1,10.1016/j.bmcl.2010.07.056
180433,Human,7.9,pKi,7.9,Binding,NoneNone,PDSPKiDatabase,453,4.3,COc1ccc(-c2c(C#N)c(C(=O)NN3CCCCC3)nn2-c2ccc(F)cc2Cl)cc1,None
180209,Human,7.9,pKi,7.9,Binding,Displacementof[3H]CP-55940formhumanrecombinantCB1receptorexpressedinHEK293cellsbyliquidscintillationcountingDisplacementof[3H]CP-55940formhumanrecombinantCB1receptorexpressedinHEK293cellsbyliquidscintillationcounting,ChEMBL,517,5.6,N#Cc1c(C(=O)NN2CCCCC2)nn(-c2ccc(Cl)cc2Cl)c1-c1ccc(Br)cc1,10.1016/j.ejmech.2008.03.040
180567,Human,6.9,pKi,6.9,Binding,NoneNone,PDSPKiDatabase,567,4.3,N#Cc1c(C(=O)NN2CCOCC2)nn(-c2ccc(Cl)cc2Cl)c1-c1ccc(I)cc1,None
180568,Human,8.7,pKi,8.7,Binding,Displacementof[3H]CP-55940formhumanrecombinantCB1receptorexpressedinHEK293cellsbyliquidscintillationcountingDisplacementof[3H]CP-55940formhumanrecombinantCB1receptorexpressedinHEK293cellsbyliquidscintillationcounting,ChEMBL,455,4.5,COc1ccc(-c2c(C#N)c(C(=O)NN3CCCC3)nn2-c2ccc(Cl)cc2Cl)cc1,10.1016/j.ejmech.2008.03.040
180726,Human,7.5,pKi,7.5,Binding,Displacementof[3H]CP-55940formhumanrecombinantCB1receptorexpressedinHEK293cellsbyliquidscintillationcountingDisplacementof[3H]CP-55940formhumanrecombinantCB1receptorexpressedinHEK293cellsbyliquidscintillationcounting,ChEMBL,497,4.5,COc1ccc(-c2c(C#N)c(C(=O)NN3CCCCC3)nn2-c2ccc(F)cc2Br)cc1,10.1016/j.ejmech.2008.03.040
186780,Human,7.5,pKi,7.5,Binding,Displacementof[3H]CP-55940formhumanrecombinantCB1receptorexpressedinHEK293cellsbyliquidscintillationcountingDisplacementof[3H]CP-55940formhumanrecombinantCB1receptorexpressedinHEK293cellsbyliquidscintillationcounting,ChEMBL,565,5.5,N#Cc1c(C(=O)NN2CCCCC2)nn(-c2ccc(Cl)cc2Cl)c1-c1ccc(I)cc1,10.1016/j.ejmech.2008.03.040
186801,Human,8.0,pKi,8.0,Binding,Displacementof[3H]CP-55940formhumanrecombinantCB1receptorexpressedinHEK293cellsbyliquidscintillationcountingDisplacementof[3H]CP-55940formhumanrecombinantCB1receptorexpressedinHEK293cellsbyliquidscintillationcounting,ChEMBL,487,5.2,N#Cc1c(C(=O)NN2CCCCC2)nn(-c2ccc(Cl)cc2Cl)c1-c1ccc(OCF)cc1,10.1016/j.ejmech.2008.03.040
751,Human,6.5,pKi,6.5,Binding,BindingaffinitywasdeterminedforCannabinoidreceptor1BindingaffinitywasdeterminedforCannabinoidreceptor1,ChEMBL,310,5.7,CCCCCc1cc(O)c2c(c1)OC(c1c2cc(C)cc1)(C)C,10.1021/jm0001572
178081,Human,6.6,pKi,6.6,Binding,Displacementof[3H]CP-55940fromhumanclonedCB1receptorbyscintillationspectrometryDisplacementof[3H]CP-55940fromhumanclonedCB1receptorbyscintillationspectrometry,ChEMBL,394,2.9,Cc1ccc(NC(=O)c2cccc(Cl)c2)cc1S(=O)(=O)N1CCOCC1,10.1016/j.bmcl.2008.11.091
95035,Human,7.0,pKi,7.0,Binding,Displacementof[3H]CP-55940fromhumanclonedCB1receptorDisplacementof[3H]CP-55940fromhumanclonedCB1receptor,ChEMBL,432,3,Cc1ccc(C(=O)NCC23CC4CC(CC(C4)C2)C3)cc1S(=O)(=O)N1CCOCC1,10.1016/j.bmcl.2008.04.006
2696,Human,6.0,pKi,6.0,Binding,Displacementof[3H]CP-55940fromhumanrecombinantCB1receptorexpressedinHEK293cellmembraneDisplacementof[3H]CP-55940fromhumanrecombinantCB1receptorexpressedinHEK293cellmembrane,ChEMBL,325,5.1,CCCCCCCC/C=C\CCCCCCCC(=O)NCCO,10.1021/jm900130m
7237,Human,6.6,pKi,6.6,Binding,NoneNone,PDSPKiDatabase,351,3.9,CCCCNC(=O)N1CCN(C(c2ccccc2)c2ccccc2)CC1,None
189210,Human,5.8,pKi,5.8,Binding,Displacementof[3H]rimonabantfromhumanCB1receptorexpressedinHEK293cellsbyliquidscintillationcountingDisplacementof[3H]rimonabantfromhumanCB1receptorexpressedinHEK293cellsbyliquidscintillationcounting,ChEMBL,466,3.8,COC(=O)c1c(C)oc(C)c1S(=O)(=O)N1CCN(C2c3ccccc3-c3ccccc32)CC1,10.1016/j.bmcl.2009.05.114
171695,Human,6.6,pKi,6.6,Binding,Displacementof[3H]CP55940fromrecombinanthumanCB1RexpressedinHEK293cellmembranesincubatedfor90minsbyCheng-PrusoffequationanalysisDisplacementof[3H]CP55940fromrecombinanthumanCB1RexpressedinHEK293cellmembranesincubatedfor90minsbyCheng-Prusoffequationanalysis,ChEMBL,312,4.5,O=C(Nc1nc2ccccc2s1)C12CC3CC(CC(C3)C1)C2,10.1016/j.ejmech.2019.07.002
164275,Human,6.2,pKi,6.2,Binding,Displacementof[3H]-CP55940fromrecombinanthumanCB1receptorexpressedinSf9cellmembranesco-expressingGalphai3beta1gamma2measuredafter90minsbyscintillationcountingmethodDisplacementof[3H]-CP55940fromrecombinanthumanCB1receptorexpressedinSf9cellmembranesco-expressingGalphai3beta1gamma2measuredafter90minsbyscintillationcountingmethod,ChEMBL,314,6,CCCCCc1cc(O)c2c(c1)OC(C)(CCC=C(C)C)C=C2,10.1021/acs.jnatprod.8b00874
59918,Human,8.3,pKi,8.3,Binding,Displacementof[3H]CP-55940fromhumanrecombinantCB1receptorexpressedinHEK293cellsbyscintillationcountingDisplacementof[3H]CP-55940fromhumanrecombinantCB1receptorexpressedinHEK293cellsbyscintillationcounting,DrugCentral,495,6.9,CCCCCCCCCCC[C@@H](C[C@@H]1OC(=O)[C@H]1CCCCCC)OC(=O)[C@H](CC(C)C)NC=O,None
3458,Human,5.3,pKi,5.3,Binding,"Displacementof[3H]CP55,940fromN-terminalHA-taggedhumanCB1receptorexpressedinHEK293cellmembranesafter1hrbymicrobetascintillationcountingmethodDisplacementof[3H]CP55,940fromN-terminalHA-taggedhumanCB1receptorexpressedinHEK293cellmembranesafter1hrbymicrobetascintillationcountingmethod",ChEMBL,475,6.8,Cc1ccc(cc1)Cn1nc(cc1c1ccc(c(c1)C)Cl)C(=O)N[C@H]1[C@@]2(C)CC[C@@H](C1(C)C)C2,10.1016/j.ejmech.2017.11.076
2164,Human,8.2,pKi,8.2,Binding,BindingaffinitytoCB1receptor(unknownorigin)BindingaffinitytoCB1receptor(unknownorigin),ChEMBL,400,6.3,CCCCCCC(c1cc(O)c2c(c1)OC([C@H]1[C@H]2CC(=CC1)C(=O)O)(C)C)(C)C,10.1016/j.bmc.2014.03.038
189018,Human,5.6,pKi,5.6,Binding,Displacementof[3H]rimonabantfromhumanCB1receptorexpressedinHEK293cellsbyliquidscintillationcountingDisplacementof[3H]rimonabantfromhumanCB1receptorexpressedinHEK293cellsbyliquidscintillationcounting,ChEMBL,502,5,COc1ccccc1N1CCN(C(=O)C(C)Sc2nc(-c3ccccc3)cc(C(F)(F)F)n2)CC1,10.1016/j.bmcl.2009.05.114
189354,Human,5.6,pKi,5.6,Binding,Displacementof[3H]rimonabantfromhumanCB1receptorexpressedinHEK293cellsbyliquidscintillationcountingDisplacementof[3H]rimonabantfromhumanCB1receptorexpressedinHEK293cellsbyliquidscintillationcounting,ChEMBL,507,5.1,Cc1cccc(C)c1N(C(=O)c1ccccc1Cl)C(=O)C(c1ccc([N+](=O)[O-])cc1)N1CCOCC1,10.1016/j.bmcl.2009.05.114
199083,Human,8.3,pKi,8.3,Binding,DRUGMATRIX:CannabinoidCB1radioligandbinding(ligand:[3H]SR141716A)DRUGMATRIX:CannabinoidCB1radioligandbinding(ligand:[3H]SR141716A),DrugCentral,380,5.8,Clc1ccc(COC(Cn2ccnc2)c2ccc(Cl)cc2Cl)cc1,None
108780,Human,4.7,pKi,4.7,Binding,"Displacementof[3H]CP55,940fromhumanrecombinantCB1receptorexpressedinCHO-K1cellsDisplacementof[3H]CP55,940fromhumanrecombinantCB1receptorexpressedinCHO-K1cells",ChEMBL,294,2.9,O=C1N2CCSC2=NC1(c1ccccc1)c1ccccc1,10.1039/C3MD00394A
1884,Human,5.0,pKi,5.0,Binding,NoneNone,PDSPKiDatabase,426,4.8,COc1cc(ccc1OCCCN1CCC(CC1)c1noc2c1ccc(c2)F)C(=O)C,None
97346,Human,6.7,pKi,6.7,Binding,DisplacementofradioligandfromhumanCB1receptorexpressedinHEK293cellsDisplacementofradioligandfromhumanCB1receptorexpressedinHEK293cells,ChEMBL,432,4.4,Cc1c(C(=O)N2CCCCCC2)oc2ccc(S(=O)(=O)N3CC(C)CC(C)C3)cc12,10.1016/j.bmcl.2007.11.133
171101,Human,5.8,pKi,5.8,Binding,Displacementof[3H]CP55940fromrecombinanthumanCB1RexpressedinHEK293cellmembranesincubatedfor90minsbyCheng-PrusoffequationanalysisDisplacementof[3H]CP55940fromrecombinanthumanCB1RexpressedinHEK293cellmembranesincubatedfor90minsbyCheng-Prusoffequationanalysis,ChEMBL,290,3.5,Cc1nc(C)c(C(=O)NC23CC4CC(CC(C4)C2)C3)s1,10.1016/j.ejmech.2019.07.002
154819,Human,7.0,pKi,7.0,Binding,NoneNone,PDSPKiDatabase,432,4.5,Cc1c(C(=O)NC2CCCCC2)oc2ccc(S(=O)(=O)N3CC(C)CC(C)C3)cc12,None
189666,Human,6.6,pKi,6.6,Binding,Displacementof[3H]rimonabantfromhumanCB1receptorexpressedinHEK293cellsbyliquidscintillationcountingDisplacementof[3H]rimonabantfromhumanCB1receptorexpressedinHEK293cellsbyliquidscintillationcounting,ChEMBL,463,5.4,COc1ccccc1NC(=O)C(C)Sc1nc(-c2ccc(C)cc2)nc2c1COC(C)(C)C2,10.1016/j.bmcl.2009.05.114
189656,Human,6.5,pKi,6.5,Binding,Displacementof[3H]rimonabantfromhumanCB1receptorexpressedinHEK293cellsbyliquidscintillationcountingDisplacementof[3H]rimonabantfromhumanCB1receptorexpressedinHEK293cellsbyliquidscintillationcounting,ChEMBL,490,3.5,Cc1cc(C)c(OCC(=O)Nc2sc3c(c2C(=O)NC2CCS(=O)(=O)C2)CCCC3)c(C)c1,10.1016/j.bmcl.2009.05.114
188867,Human,5.9,pKi,5.9,Binding,Displacementof[3H]rimonabantfromhumanCB1receptorexpressedinHEK293cellsbyliquidscintillationcountingDisplacementof[3H]rimonabantfromhumanCB1receptorexpressedinHEK293cellsbyliquidscintillationcounting,ChEMBL,419,4.2,CC1CN(c2ncnc(NC(c3ccccc3)c3ccccc3)c2[N+](=O)[O-])CC(C)O1,10.1016/j.bmcl.2009.05.114
189989,Human,5.6,pKi,5.6,Binding,NoneNone,PDSPKiDatabase,415,4.7,Cc1cc(-c2ccccc2)n(Cc2ccccc2)c(=O)c1S(=O)(=O)c1ccccc1,None
189192,Human,6.6,pKi,6.6,Binding,Displacementof[3H]rimonabantfromhumanCB1receptorexpressedinHEK293cellsbyliquidscintillationcountingDisplacementof[3H]rimonabantfromhumanCB1receptorexpressedinHEK293cellsbyliquidscintillationcounting,ChEMBL,468,5.7,CCOC(=O)CN1C(c2ccc(F)cc2)Nc2ccc(Br)cc2C1c1ccccc1,10.1016/j.bmcl.2009.05.114
71425,Human,5.9,pKi,5.9,Binding,Displacementof[3H]-CP55940fromhumanCB1receptortransfectedinHEK-293EBNAcellsafter90minsbyluminescencecountinganalysisDisplacementof[3H]-CP55940fromhumanCB1receptortransfectedinHEK-293EBNAcellsafter90minsbyluminescencecountinganalysis,ChEMBL,359,4.6,O=[N+]([O-])c1ccc2c(c1)c(OCc1ccccc1)nn2Cc1ccccc1,10.1016/j.ejmech.2013.11.026
92767,Human,8.5,pKi,8.5,Binding,Displacementof[3H]CP-55940fromhumanCB1receptorexpressedinHEKcellsDisplacementof[3H]CP-55940fromhumanCB1receptorexpressedinHEKcells,ChEMBL,410,3.9,Cc1ccc(C(=O)Oc2cccc3cccnc23)cc1S(=O)(=O)N1CCCCC1,10.1016/j.bmcl.2008.01.042
189401,Human,6.5,pKi,6.5,Binding,NoneNone,PDSPKiDatabase,466,4.7,CCOC(=O)N1CCN(C(=O)c2cc(-c3ccccc3Cl)nn2-c2ccc(C)cc2C)CC1,None
166176,Human,7.0,pKi,7.0,Binding,NoneNone,PDSPKiDatabase,468,5.1,CCN(Cc1ccccc1)C(=O)c1oc2ccc(S(=O)(=O)N3CC(C)CC(C)C3)cc2c1C,None
750,Human,5.8,pKi,5.8,Binding,Displacementof[3H]-CP55940fromrecombinanthumanCB1receptorexpressedinSf9cellmembranesco-expressingGalphai3beta1gamma2measuredafter90minsbyscintillationcountingmethodDisplacementof[3H]-CP55940fromrecombinanthumanCB1receptorexpressedinSf9cellmembranesco-expressingGalphai3beta1gamma2measuredafter90minsbyscintillationcountingmethod,ChEMBL,314,5.8,CCCCCc1cc(O)c(c(c1)O)[C@@H]1C=C(C)CC[C@H]1C(=C)C,10.1021/acs.jnatprod.8b00874
200477,Human,4.8,pKi,4.8,Binding,DRUGMATRIX:CannabinoidCB1radioligandbinding(ligand:[3H]SR141716A)DRUGMATRIX:CannabinoidCB1radioligandbinding(ligand:[3H]SR141716A),ChEMBL,414,6.5,Clc1ccc(COC(Cn2ccnc2)c2ccc(Cl)cc2Cl)c(Cl)c1,
190096,Human,6.3,pKi,6.3,Binding,Displacementof[3H]rimonabantfromhumanCB1receptorexpressedinHEK293cellsbyliquidscintillationcountingDisplacementof[3H]rimonabantfromhumanCB1receptorexpressedinHEK293cellsbyliquidscintillationcounting,ChEMBL,492,5.7,CC(C(=O)N1c2ccccc2C(C)(c2ccc(Cl)cc2)CC1(C)C)N1C(=O)C2CCCCC2C1=O,10.1016/j.bmcl.2009.05.114
180675,Human,7.2,pKi,7.2,Binding,NoneNone,PDSPKiDatabase,405,6.2,O=C(NCCC(c1ccccc1)c1ccccc1)C(c1ccccc1)c1ccccc1,None
189899,Human,6.1,pKi,6.1,Binding,NoneNone,PDSPKiDatabase,440,4.8,CC(C)CN(CC(=O)N1CCc2sccc2C1c1ccc(F)cc1)C(=O)c1ccco1,None
187456,Human,9.7,pKi,9.7,Binding,Displacementof[3H]SR141716fromhumanrecombinantCB1receptorexpressedinHEK293cellsDisplacementof[3H]SR141716fromhumanrecombinantCB1receptorexpressedinHEK293cells,ChEMBL,438,6.6,CCCCNC(=O)c1ccc2c(c1)N=C(c1ccc(F)c(Cl)c1)c1ccccc1S2,10.1021/jm801534c
187558,Human,7.2,pKi,7.2,Binding,BindingaffinitytoCB1receptorBindingaffinitytoCB1receptor,ChEMBL,357,4.1,O=C1NCCc2c1nn(-c1ccccc1Cl)c2-c1ccc(Cl)cc1,10.1021/jm900255t
183443,Human,7.6,pKi,7.6,Binding,NoneNone,PDSPKiDatabase,385,4.9,CCN1CCc2c(nn(-c3ccccc3Cl)c2-c2ccc(Cl)cc2)C1=O,None
183302,Human,8.0,pKi,8.0,Binding,NoneNone,PDSPKiDatabase,413,5.5,CC(C)CN1CCc2c(nn(-c3ccccc3Cl)c2-c2ccc(Cl)cc2)C1=O,None
187261,Human,8.3,pKi,8.3,Binding,BindingaffinitytoCB1receptorBindingaffinitytoCB1receptor,ChEMBL,413,5.6,CC(C)(C)N1CCc2c(nn(-c3ccccc3Cl)c2-c2ccc(Cl)cc2)C1=O,10.1021/jm900255t
183303,Human,7.6,pKi,7.6,Binding,BindingaffinitytoCB1receptorBindingaffinitytoCB1receptor,ChEMBL,425,5.8,O=C1c2nn(-c3ccccc3Cl)c(-c3ccc(Cl)cc3)c2CCN1C1CCCC1,10.1021/jm900255t
187393,Human,8.0,pKi,8.0,Binding,BindingaffinitytoCB1receptorBindingaffinitytoCB1receptor,ChEMBL,443,5.3,COC(C)(C)CN1CCc2c(nn(-c3ccccc3Cl)c2-c2ccc(Cl)cc2)C1=O,10.1021/jm900255t
12328,Human,7.5,pKi,7.5,Binding,BindingaffinitytoCB1receptorBindingaffinitytoCB1receptor,ChEMBL,421,5.9,CC(F)(F)CN1CCc2c(nn(-c3ccccc3Cl)c2-c2ccc(Cl)cc2)C1,10.1021/jm900255t
187452,Human,7.1,pKi,7.1,Binding,BindingaffinitytoCB1receptorBindingaffinitytoCB1receptor,ChEMBL,373,4,O=C1NCCOc2c1nn(-c1ccccc1Cl)c2-c1ccc(Cl)cc1,10.1021/jm900255t
178949,Human,7.6,pKi,7.6,Binding,Displacementof[3H]CP-55940fromhumanrecombinantCB1receptorexpressedinHEK293cellmembraneDisplacementof[3H]CP-55940fromhumanrecombinantCB1receptorexpressedinHEK293cellmembrane,ChEMBL,359,5.4,CCCCC/C=C\C/C=C\C/C=C\C/C=C\CCCC(=O)N[C@@H]1C[C@@H]1O,10.1021/jm900130m
180149,Human,7.5,pKi,7.5,Binding,Displacementof[3H]CP-55940fromhumanrecombinantCB1receptorexpressedinHEK293cellmembraneDisplacementof[3H]CP-55940fromhumanrecombinantCB1receptorexpressedinHEK293cellmembrane,ChEMBL,359,5.4,CCCCC/C=C\C/C=C\C/C=C\C/C=C\CCCC(=O)N[C@@H]1C[C@H]1O,10.1021/jm900130m
178369,Human,6.2,pKi,6.2,Binding,Displacementof[3H]CP-55940fromhumanrecombinantCB1receptorexpressedinHEK293cellmembraneDisplacementof[3H]CP-55940fromhumanrecombinantCB1receptorexpressedinHEK293cellmembrane,ChEMBL,337,5.3,CCCCCCCC/C=C\CCCCCCCC(=O)N[C@@H]1C[C@@H]1O,10.1021/jm900130m
178370,Human,6.2,pKi,6.2,Binding,Displacementof[3H]CP-55940fromhumanrecombinantCB1receptorexpressedinHEK293cellmembraneDisplacementof[3H]CP-55940fromhumanrecombinantCB1receptorexpressedinHEK293cellmembrane,ChEMBL,337,5.3,CCCCCCCC/C=C\CCCCCCCC(=O)N[C@@H]1C[C@H]1O,10.1021/jm900130m
183642,Human,7.7,pKi,7.7,Binding,Displacementof[3H]CP-55940fromhumanrecombinantCB1receptorexpressedinHEK293cellmembraneDisplacementof[3H]CP-55940fromhumanrecombinantCB1receptorexpressedinHEK293cellmembrane,ChEMBL,359,5.4,CCCCC/C=C\C/C=C\C/C=C\C/C=C\CCCC(=O)N[C@H]1C[C@H]1O,10.1021/jm900130m
183643,Human,7.6,pKi,7.6,Binding,Displacementof[3H]CP-55940fromhumanrecombinantCB1receptorexpressedinHEK293cellmembraneDisplacementof[3H]CP-55940fromhumanrecombinantCB1receptorexpressedinHEK293cellmembrane,ChEMBL,359,5.4,CCCCC/C=C\C/C=C\C/C=C\C/C=C\CCCC(=O)N[C@H]1C[C@@H]1O,10.1021/jm900130m
183393,Human,8.6,pKi,8.6,Binding,Displacementof[3H]SR141716fromhumanrecombinantCB1receptorexpressedinHEK293cellsDisplacementof[3H]SR141716fromhumanrecombinantCB1receptorexpressedinHEK293cells,ChEMBL,419,6,O=C(NN1CCCCC1)c1ccc2c(c1)N=C(C1CCCCC1)c1ccccc1S2,10.1021/jm801534c
183239,Human,9.5,pKi,9.5,Binding,Displacementof[3H]SR141716fromhumanrecombinantCB1receptorexpressedinHEK293cellsDisplacementof[3H]SR141716fromhumanrecombinantCB1receptorexpressedinHEK293cells,ChEMBL,461,6.3,O=C(NCc1cccc(Cl)c1)c1ccc2c(c1)N=C(N1CCCCC1)c1ccccc1S2,10.1021/jm801534c
183240,Human,9.1,pKi,9.1,Binding,Displacementof[3H]SR141716fromhumanrecombinantCB1receptorexpressedinHEK293cellsDisplacementof[3H]SR141716fromhumanrecombinantCB1receptorexpressedinHEK293cells,ChEMBL,497,6.5,O=C(NCc1cccc(Cl)c1)c1ccc2c(c1)N=C(N1CCC(F)(F)CC1)c1ccccc1S2,10.1021/jm801534c
183274,Human,7.6,pKi,7.6,Binding,Displacementof[3H]SR141716fromhumanrecombinantCB1receptorexpressedinHEK293cellsDisplacementof[3H]SR141716fromhumanrecombinantCB1receptorexpressedinHEK293cells,ChEMBL,420,6.5,CCCCNC(=O)c1ccc2c(c1)N=C(c1ccccc1Cl)c1ccccc1S2,10.1021/jm801534c
187474,Human,8.8,pKi,8.8,Binding,Displacementof[3H]SR141716fromhumanrecombinantCB1receptorexpressedinHEK293cellsDisplacementof[3H]SR141716fromhumanrecombinantCB1receptorexpressedinHEK293cells,ChEMBL,401,5.5,CC(C)CCNC(=O)c1ccc2c(c1)N=C(c1ccccn1)c1ccccc1S2,10.1021/jm801534c
183609,Human,7.4,pKi,7.4,Binding,Displacementof[3H]SR141716fromhumanrecombinantCB1receptorexpressedinHEK293cellsDisplacementof[3H]SR141716fromhumanrecombinantCB1receptorexpressedinHEK293cells,ChEMBL,391,7,CCCC(=O)c1ccc2c(c1)N=C(c1ccc(Cl)cc1)c1ccccc1S2,10.1021/jm801534c
184210,Human,5.5,pKi,5.5,Binding,BindingaffinitytohumanrecombinantCB1receptorexpressedinafricangreenmonkeyCOScellsbyradioligandbindingassayBindingaffinitytohumanrecombinantCB1receptorexpressedinafricangreenmonkeyCOScellsbyradioligandbindingassay,ChEMBL,423,4.8,CC(C)CCOc1cc(O)cc(OCCCCCCCCCCC(=O)NCCO)c1,10.1021/jm8016255
184456,Human,6.5,pKi,6.5,Binding,BindingaffinitytohumanrecombinantCB1receptorexpressedinafricangreenmonkeyCOScellsbyradioligandbindingassayBindingaffinitytohumanrecombinantCB1receptorexpressedinafricangreenmonkeyCOScellsbyradioligandbindingassay,ChEMBL,463,6.6,CCCCCCC(C)(C)c1cc(O)cc(OCCCCCCCCCCC(=O)NCCO)c1,10.1021/jm8016255
184267,Human,5.0,pKi,5.0,Binding,BindingaffinitytohumanrecombinantCB1receptorexpressedinafricangreenmonkeyCOScellsbyradioligandbindingassayBindingaffinitytohumanrecombinantCB1receptorexpressedinafricangreenmonkeyCOScellsbyradioligandbindingassay,ChEMBL,349,4.3,O=C(CCCCCCCCCCOc1cc(O)cc(O)c1)NC1CC1,10.1021/jm8016255
184286,Human,5.7,pKi,5.7,Binding,BindingaffinitytohumanrecombinantCB1receptorexpressedinafricangreenmonkeyCOScellsbyradioligandbindingassayBindingaffinitytohumanrecombinantCB1receptorexpressedinafricangreenmonkeyCOScellsbyradioligandbindingassay,ChEMBL,447,6.9,CCCCCCCOc1cc(O)cc(OCCCCCCCCCCC(=O)NC2CC2)c1,10.1021/jm8016255
184335,Human,8.3,pKi,8.3,Binding,BindingaffinitytohumanrecombinantCB1receptorexpressedinafricangreenmonkeyCOScellsbyradioligandbindingassayBindingaffinitytohumanrecombinantCB1receptorexpressedinafricangreenmonkeyCOScellsbyradioligandbindingassay,ChEMBL,417,6.6,CCCCCCC(C)(C)c1cc(O)cc(OCCCCCCCC(=O)NC2CC2)c1,10.1021/jm8016255
184140,Human,7.7,pKi,7.7,Binding,BindingaffinitytohumanrecombinantCB1receptorexpressedinafricangreenmonkeyCOScellsbyradioligandbindingassayBindingaffinitytohumanrecombinantCB1receptorexpressedinafricangreenmonkeyCOScellsbyradioligandbindingassay,ChEMBL,459,7.8,CCCCCCC(C)(C)c1cc(O)cc(OCCCCCCCCCCC(=O)NC2CC2)c1,10.1021/jm8016255
187697,Human,5.0,pKi,5.0,Binding,BindingaffinitytohumanrecombinantCB1receptorexpressedinafricangreenmonkeyCOScellsbyradioligandbindingassayBindingaffinitytohumanrecombinantCB1receptorexpressedinafricangreenmonkeyCOScellsbyradioligandbindingassay,ChEMBL,363,4.5,O=C(CCCCCCCCCCOc1cc(O)cc(O)c1)NCC1CC1,10.1021/jm8016255
183548,Human,7.0,pKi,7.0,Binding,BindingaffinitytohumanrecombinantCB1receptorexpressedinafricangreenmonkeyCOScellsbyradioligandbindingassayBindingaffinitytohumanrecombinantCB1receptorexpressedinafricangreenmonkeyCOScellsbyradioligandbindingassay,ChEMBL,431,6.9,CCCCCCC(C)(C)c1cc(O)cc(OCCCCCCCC(=O)NCC2CC2)c1,10.1021/jm8016255
183388,Human,5.3,pKi,5.3,Binding,BindingaffinitytohumanrecombinantCB1receptorexpressedinafricangreenmonkeyCOScellsbyradioligandbindingassayBindingaffinitytohumanrecombinantCB1receptorexpressedinafricangreenmonkeyCOScellsbyradioligandbindingassay,ChEMBL,487,8.4,CCCCCCC(C)(C)c1cc(O)cc(OCCCCCCCCCCCC(=O)NCC2CC2)c1,10.1021/jm8016255
184240,Human,5.6,pKi,5.6,Binding,BindingaffinitytohumanrecombinantCB1receptorexpressedinafricangreenmonkeyCOScellsbyradioligandbindingassayBindingaffinitytohumanrecombinantCB1receptorexpressedinafricangreenmonkeyCOScellsbyradioligandbindingassay,ChEMBL,409,4.6,CCCCOc1cc(O)cc(OCCCCCCCCCCC(=O)NCCO)c1,10.1021/jm8016255
184473,Human,7.3,pKi,7.3,Binding,BindingaffinitytohumanrecombinantCB1receptorexpressedinafricangreenmonkeyCOScellsbyradioligandbindingassayBindingaffinitytohumanrecombinantCB1receptorexpressedinafricangreenmonkeyCOScellsbyradioligandbindingassay,ChEMBL,421,5.5,CCCCCCC(C)(C)c1cc(O)cc(OCCCCCCCC(=O)NCCO)c1,10.1021/jm8016255
184265,Human,6.1,pKi,6.1,Binding,BindingaffinitytohumanrecombinantCB1receptorexpressedinafricangreenmonkeyCOScellsbyradioligandbindingassayBindingaffinitytohumanrecombinantCB1receptorexpressedinafricangreenmonkeyCOScellsbyradioligandbindingassay,ChEMBL,477,7,CCCCCCC(C)(C)c1cc(O)cc(OCCCCCCCCCCCC(=O)NCCO)c1,10.1021/jm8016255
184285,Human,6.6,pKi,6.6,Binding,BindingaffinitytohumanrecombinantCB1receptorexpressedinafricangreenmonkeyCOScellsbyradioligandbindingassayBindingaffinitytohumanrecombinantCB1receptorexpressedinafricangreenmonkeyCOScellsbyradioligandbindingassay,ChEMBL,405,5.7,CCCCOc1cc(O)cc(OCCCCCCCCCCC(=O)NC2CC2)c1,10.1021/jm8016255
187671,Human,6.7,pKi,6.7,Binding,BindingaffinitytohumanrecombinantCB1receptorexpressedinafricangreenmonkeyCOScellsbyradioligandbindingassayBindingaffinitytohumanrecombinantCB1receptorexpressedinafricangreenmonkeyCOScellsbyradioligandbindingassay,ChEMBL,419,6,CC(C)CCOc1cc(O)cc(OCCCCCCCCCCC(=O)NC2CC2)c1,10.1021/jm8016255
184141,Human,6.8,pKi,6.8,Binding,BindingaffinitytohumanrecombinantCB1receptorexpressedinafricangreenmonkeyCOScellsbyradioligandbindingassayBindingaffinitytohumanrecombinantCB1receptorexpressedinafricangreenmonkeyCOScellsbyradioligandbindingassay,ChEMBL,473,8.2,CCCCCCC(C)(C)c1cc(O)cc(OCCCCCCCCCCCC(=O)NC2CC2)c1,10.1021/jm8016255
184385,Human,5.6,pKi,5.6,Binding,BindingaffinitytohumanrecombinantCB1receptorexpressedinafricangreenmonkeyCOScellsbyradioligandbindingassayBindingaffinitytohumanrecombinantCB1receptorexpressedinafricangreenmonkeyCOScellsbyradioligandbindingassay,ChEMBL,433,6.2,CC(C)CCOc1cc(O)cc(OCCCCCCCCCCC(=O)NCC2CC2)c1,10.1021/jm8016255
183549,Human,6.0,pKi,6.0,Binding,BindingaffinitytohumanrecombinantCB1receptorexpressedinafricangreenmonkeyCOScellsbyradioligandbindingassayBindingaffinitytohumanrecombinantCB1receptorexpressedinafricangreenmonkeyCOScellsbyradioligandbindingassay,ChEMBL,473,8.1,CCCCCCC(C)(C)c1cc(O)cc(OCCCCCCCCCCC(=O)NCC2CC2)c1,10.1021/jm8016255
187270,Human,5.6,pKi,5.6,Binding,BindingaffinitytohumanrecombinantCB1receptorexpressedinafricangreenmonkeyCOScellsbyradioligandbindingassayBindingaffinitytohumanrecombinantCB1receptorexpressedinafricangreenmonkeyCOScellsbyradioligandbindingassay,ChEMBL,555,8.6,CCCCCCC(C)(C)c1cc(O)cc(OCCCCCCCCCCC(=O)NCc2ccc(O)c(OC)c2)c1,10.1021/jm8016255
184241,Human,5.0,pKi,5.0,Binding,BindingaffinitytohumanrecombinantCB1receptorexpressedinafricangreenmonkeyCOScellsbyradioligandbindingassayBindingaffinitytohumanrecombinantCB1receptorexpressedinafricangreenmonkeyCOScellsbyradioligandbindingassay,ChEMBL,353,3.1,O=C(CCCCCCCCCCOc1cc(O)cc(O)c1)NCCO,10.1021/jm8016255
184211,Human,5.5,pKi,5.5,Binding,BindingaffinitytohumanrecombinantCB1receptorexpressedinafricangreenmonkeyCOScellsbyradioligandbindingassayBindingaffinitytohumanrecombinantCB1receptorexpressedinafricangreenmonkeyCOScellsbyradioligandbindingassay,ChEMBL,451,5.7,CCCCCCCOc1cc(O)cc(OCCCCCCCCCCC(=O)NCCO)c1,10.1021/jm8016255
2043,Human,6.4,pKi,6.4,Binding,BindingaffinitytoCB1receptor(unknownorigin)BindingaffinitytoCB1receptor(unknownorigin),ChEMBL,327,5.7,CCCn1c(C)c(c2c1cccc2)C(=O)c1cccc2c1cccc2,10.1021/jm400132d
189209,Human,5.1,pKi,5.1,Binding,Displacementof[3H]rimonabantfromhumanCB1receptorexpressedinHEK293cellsbyliquidscintillationcountingDisplacementof[3H]rimonabantfromhumanCB1receptorexpressedinHEK293cellsbyliquidscintillationcounting,ChEMBL,477,5.1,CC(C)(C)c1ccc(C(=O)N2C(C(=O)NCc3ccccn3)CSC2c2cccc(F)c2)cc1,10.1016/j.bmcl.2009.05.114
366,Human,6.4,pKi,6.4,Binding,NoneNone,PDSPKiDatabase,556,4.7,Ic1ccc(cc1)c1c(C)c(nn1c1ccc(cc1Cl)Cl)C(=O)NN1CCOCC1,None
370,Human,6.1,pKi,6.1,Binding,NoneNone,PDSPKiDatabase,504,4.1,COc1ccc(cc1)C(=O)c1c(C)n(c2c1ccc(c2)I)CCN1CCOCC1,None
188766,Human,6.3,pKi,6.3,Binding,NoneNone,PDSPKiDatabase,453,5.4,Cc1ccc(C2c3cccn3-c3ccccc3N2C(=O)CN(C(=O)C2CCCC2)C2CC2)cc1,None
190248,Human,5.6,pKi,5.6,Binding,NoneNone,PDSPKiDatabase,454,5,COc1ccc(C2c3ccsc3CCN2C(=O)CN(C(=O)C2CCCCC2)C(C)C)cc1,None
1118,Human,8.5,pKi,8.5,Binding,"BindingAssay:Cellmembranehomogenates(25μgprotein)wereincubatedfor120minat37°C.with0.5nM[3H]CP55940(thereferencestandard[Rinaldi-Carmona,1996#1320])intheabsenceorpresenceofthetestcompoundinabuffercontaining50mMTrisHCl(pH7.4),5mMMgCl2,2.5mMEDTA,and0.3%bovineserumalbumin(BSA).Nonspecificbindingwasdeterminedinthepresenceof10μMWIN55212-2.Afterbeingincubated,thesampleswerefilteredrapidlyundervacuumthroughglassfiberfilters(GF/B",Packard)presoakedwith0.3%PEIandrinsedseveraltimeswithice-coldbuffercontaining50mMTrisHCl(pH7.4)and0.5%BSAusinga96-samplecellharvester(Unifilter,Packard).Thefiltersweredriedthencountedforradioactivityinascintillationcounter(Topcount,Packard).Thefiltersweredriedthencountedforradioactivityinascintillationcounter(Topcount,Packard)usingascintillationcocktail(Microscint0,Packard).
177658,Human,6.3,pKi,6.3,Binding,Displacementof[3H]CP-55940fromhumanrecombinantCB1receptorexpressedinHEK293cellsDisplacementof[3H]CP-55940fromhumanrecombinantCB1receptorexpressedinHEK293cells,ChEMBL,384,1.8,O=C(NC1CCCCC1)c1cc2cccnc2n(CCN2CCOCC2)c1=O,10.1021/jm801563d
186587,Human,5.3,pKi,5.3,Binding,Displacementof[3H]CP-55940fromhumanrecombinantCB1receptorexpressedinHEK293cellsDisplacementof[3H]CP-55940fromhumanrecombinantCB1receptorexpressedinHEK293cells,ChEMBL,327,3.3,CCCCn1c(=O)c(C(=O)NC2CCCCC2)cc2cccnc21,10.1021/jm801563d
177618,Human,6.0,pKi,6.0,Binding,"Displacementof[3H]CP-55,940fromhumanrecombinantCB1RexpressedinHEK-293cellsafter90minsbyliquidscintillationcountingDisplacementof[3H]CP-55,940fromhumanrecombinantCB1RexpressedinHEK-293cellsafter90minsbyliquidscintillationcounting",ChEMBL,398,2,CC1CCC(NC(=O)c2cc3cccnc3n(CCN3CCOCC3)c2=O)CC1,10.1021/jm500807e
177636,Human,5.2,pKi,5.2,Binding,Displacementof[3H]CP-55940fromhumanrecombinantCB1receptorexpressedinHEK293cellsDisplacementof[3H]CP-55940fromhumanrecombinantCB1receptorexpressedinHEK293cells,ChEMBL,401,3.6,O=C(NCCc1ccc(F)cc1)c1cc2cccnc2n(Cc2ccccc2)c1=O,10.1021/jm801563d
177778,Human,7.8,pKi,7.8,Binding,Displacementof[3H]CP-55940fromhumanrecombinantCB1receptorexpressedinHEK293cellsDisplacementof[3H]CP-55940fromhumanrecombinantCB1receptorexpressedinHEK293cells,ChEMBL,398,2.2,O=C(NC1CCCCCC1)c1cc2cccnc2n(CCN2CCOCC2)c1=O,10.1021/jm801563d
177779,Human,5.8,pKi,5.8,Binding,Displacementof[3H]CP-55940fromhumanrecombinantCB1receptorexpressedinHEK293cellsDisplacementof[3H]CP-55940fromhumanrecombinantCB1receptorexpressedinHEK293cells,ChEMBL,375,3.8,CC1CCC(NC(=O)c2cc3cccnc3n(Cc3ccccc3)c2=O)CC1,10.1021/jm801563d
177665,Human,6.7,pKi,6.7,Binding,Displacementof[3H]CP-55940fromhumanrecombinantCB1receptorexpressedinHEK293cellsDisplacementof[3H]CP-55940fromhumanrecombinantCB1receptorexpressedinHEK293cells,ChEMBL,393,3.9,CC1CCC(NC(=O)c2cc3cccnc3n(Cc3ccc(F)cc3)c2=O)CC1,10.1021/jm801563d
110092,Human,8.3,pKi,8.3,Binding,BindingaffinitytohumanCB1receptorexpressedinCHOcellsbyradioliganddisplacementbasedscintillationcountinganalysisBindingaffinitytohumanCB1receptorexpressedinCHOcellsbyradioliganddisplacementbasedscintillationcountinganalysis,ChEMBL,555,4.5,CCn1nc2c(-c3ccc(Cl)cc3)c(-c3cnc(C)nc3)c(=O)n(Cc3ccc(C(F)(F)F)nc3C)n2c1=O,10.1021/jm4010835
189837,Human,6.0,pKi,6.0,Binding,Displacementof[3H]rimonabantfromhumanCB1receptorexpressedinHEK293cellsbyliquidscintillationcountingDisplacementof[3H]rimonabantfromhumanCB1receptorexpressedinHEK293cellsbyliquidscintillationcounting,ChEMBL,504,3.3,CCOC(=O)N1CC=C2C(C1)C1(C(=O)N(Cc3ccccc3)c3ccccc31)C(C#N)=C(N)C2(C#N)C#N,10.1016/j.bmcl.2009.05.114
188227,Human,9.6,pKi,9.6,Binding,Displacementof[3H]CP-55940fromhumanrecombinantcannabinoidCB1receptorexpressedinCHOcellsafter3hrsbyliquidscintillationcountingDisplacementof[3H]CP-55940fromhumanrecombinantcannabinoidCB1receptorexpressedinCHOcellsafter3hrsbyliquidscintillationcounting,ChEMBL,479,6.4,O=C(NC1CCCCC1)N1CCN(C(c2ccc(Cl)cc2)c2ccc(Cl)cc2Cl)CC1,10.1016/j.ejmech.2009.12.018
5342,Human,6.5,pKi,6.5,Binding,NoneNone,PDSPKiDatabase,402,5,O=C(C1CCC1)N1CCN(C(c2ccccc2)c2ccc(Cl)cc2Cl)CC1,None
7299,Human,6.1,pKi,6.1,Binding,Displacementof[3H]CP-55940fromhumanrecombinantcannabinoidCB1receptorexpressedinCHOcellsafter3hrsbyliquidscintillationcountingDisplacementof[3H]CP-55940fromhumanrecombinantcannabinoidCB1receptorexpressedinCHOcellsafter3hrsbyliquidscintillationcounting,ChEMBL,416,5.4,O=C(C1CCCC1)N1CCN(C(c2ccccc2)c2ccc(Cl)cc2Cl)CC1,10.1016/j.ejmech.2009.12.018
7309,Human,8.2,pKi,8.2,Binding,NoneNone,PDSPKiDatabase,430,5.8,O=C(C1CCCCC1)N1CCN(C(c2ccccc2)c2ccc(Cl)cc2Cl)CC1,None
7593,Human,7.3,pKi,7.3,Binding,NoneNone,PDSPKiDatabase,431,5.3,O=C(N1CCCCC1)N1CCN(C(c2ccccc2)c2ccc(Cl)cc2Cl)CC1,None
7594,Human,7.0,pKi,7.0,Binding,Displacementof[3H]CP-55940fromhumanrecombinantcannabinoidCB1receptorexpressedinCHOcellsafter3hrsbyliquidscintillationcountingDisplacementof[3H]CP-55940fromhumanrecombinantcannabinoidCB1receptorexpressedinCHOcellsafter3hrsbyliquidscintillationcounting,ChEMBL,433,4.2,O=C(N1CCOCC1)N1CCN(C(c2ccccc2)c2ccc(Cl)cc2Cl)CC1,10.1016/j.ejmech.2009.12.018
7595,Human,7.0,pKi,7.0,Binding,Displacementof[3H]CP-55940fromhumanrecombinantcannabinoidCB1receptorexpressedinCHOcellsafter3hrsbyliquidscintillationcountingDisplacementof[3H]CP-55940fromhumanrecombinantcannabinoidCB1receptorexpressedinCHOcellsafter3hrsbyliquidscintillationcounting,ChEMBL,419,5.2,CCCCNC(=O)N1CCN(C(c2ccccc2)c2ccc(Cl)cc2Cl)CC1,10.1016/j.ejmech.2009.12.018
7442,Human,8.8,pKi,8.8,Binding,NoneNone,PDSPKiDatabase,445,5.7,O=C(NC1CCCCC1)N1CCN(C(c2ccccc2)c2ccc(Cl)cc2Cl)CC1,None
8156,Human,9.7,pKi,9.7,Binding,Displacementof[3H]CP-55940fromhumanrecombinantcannabinoidCB1receptorexpressedinCHOcellsafter3hrsbyliquidscintillationcountingDisplacementof[3H]CP-55940fromhumanrecombinantcannabinoidCB1receptorexpressedinCHOcellsafter3hrsbyliquidscintillationcounting,ChEMBL,461,5.9,S=C(NC1CCCCC1)N1CCN(C(c2ccccc2)c2ccc(Cl)cc2Cl)CC1,10.1016/j.ejmech.2009.12.018
7903,Human,8.6,pKi,8.6,Binding,NoneNone,PDSPKiDatabase,475,5.8,COc1ccc(C(c2ccc(Cl)cc2Cl)N2CCN(C(=O)NC3CCCCC3)CC2)cc1,None
6683,Human,8.9,pKi,8.9,Binding,Displacementof[3H]CP-55940fromhumanrecombinantcannabinoidCB1receptorexpressedinCHOcellsafter3hrsbyliquidscintillationcountingDisplacementof[3H]CP-55940fromhumanrecombinantcannabinoidCB1receptorexpressedinCHOcellsafter3hrsbyliquidscintillationcounting,ChEMBL,513,6.8,O=C(NC1CCCCC1)N1CCN(C(c2ccc(C(F)(F)F)cc2)c2ccc(Cl)cc2Cl)CC1,10.1016/j.ejmech.2009.12.018
7904,Human,9.0,pKi,9.0,Binding,Displacementof[3H]CP-55940fromhumanrecombinantcannabinoidCB1receptorexpressedinCHOcellsafter3hrsbyliquidscintillationcountingDisplacementof[3H]CP-55940fromhumanrecombinantcannabinoidCB1receptorexpressedinCHOcellsafter3hrsbyliquidscintillationcounting,ChEMBL,537,7.5,O=C(NC1CCCCC1)N1CCN(C(c2ccc(Oc3ccccc3)cc2)c2ccc(Cl)cc2Cl)CC1,10.1016/j.ejmech.2009.12.018
8157,Human,8.6,pKi,8.6,Binding,Displacementof[3H]CP-55940fromhumanrecombinantcannabinoidCB1receptorexpressedinCHOcellsafter3hrsbyliquidscintillationcountingDisplacementof[3H]CP-55940fromhumanrecombinantcannabinoidCB1receptorexpressedinCHOcellsafter3hrsbyliquidscintillationcounting,ChEMBL,479,6.4,O=C(NC1CCCCC1)N1CCN(C(c2cccc(Cl)c2)c2ccc(Cl)cc2Cl)CC1,10.1016/j.ejmech.2009.12.018
8197,Human,9.8,pKi,9.8,Binding,NoneNone,PDSPKiDatabase,459,6.1,Cc1ccc(C(c2ccc(Cl)cc2Cl)N2CCN(C(=O)NC3CCCCC3)CC2)cc1,None
7345,Human,7.2,pKi,7.2,Binding,Displacementof[3H]CP-55940fromhumanrecombinantcannabinoidCB1receptorexpressedinCHOcellsafter3hrsbyliquidscintillationcountingDisplacementof[3H]CP-55940fromhumanrecombinantcannabinoidCB1receptorexpressedinCHOcellsafter3hrsbyliquidscintillationcounting,ChEMBL,445,5.7,O=C(NC1CCCCC1)N1CCN(C(c2ccccc2)c2ccc(Cl)c(Cl)c2)CC1,10.1016/j.ejmech.2009.12.018
7344,Human,8.2,pKi,8.2,Binding,Displacementof[3H]CP-55940fromhumanrecombinantcannabinoidCB1receptorexpressedinCHOcellsafter3hrsbyliquidscintillationcountingDisplacementof[3H]CP-55940fromhumanrecombinantcannabinoidCB1receptorexpressedinCHOcellsafter3hrsbyliquidscintillationcounting,ChEMBL,445,5.7,O=C(NC1CCCCC1)N1CCN(C(c2ccccc2)c2cc(Cl)ccc2Cl)CC1,10.1016/j.ejmech.2009.12.018
7270,Human,8.7,pKi,8.7,Binding,Displacementof[3H]CP-55940fromhumanrecombinantcannabinoidCB1receptorexpressedinCHOcellsafter3hrsbyliquidscintillationcountingDisplacementof[3H]CP-55940fromhumanrecombinantcannabinoidCB1receptorexpressedinCHOcellsafter3hrsbyliquidscintillationcounting,ChEMBL,473,5.3,O=C(NC1CCCCC1)N1CCN(C(c2ccccc2)c2ccc(Br)cc2F)CC1,10.1016/j.ejmech.2009.12.018
7269,Human,8.7,pKi,8.7,Binding,NoneNone,PDSPKiDatabase,445,5.7,O=C(NC1CCCCC1)N1CCN(C(c2ccccc2)c2c(Cl)cccc2Cl)CC1,None
7185,Human,8.1,pKi,8.1,Binding,NoneNone,PDSPKiDatabase,429,5.2,O=C(NC1CCCCC1)N1CCN(C(c2ccccc2)c2ccc(F)cc2Cl)CC1,None
8111,Human,8.9,pKi,8.9,Binding,NoneNone,PDSPKiDatabase,446,4.8,O=C(NN1CCCCC1)N1CCN(C(c2ccccc2)c2ccc(Cl)cc2Cl)CC1,None
7902,Human,8.5,pKi,8.5,Binding,Displacementof[3H]CP-55940fromhumanrecombinantcannabinoidCB1receptorexpressedinCHOcellsafter3hrsbyliquidscintillationcountingDisplacementof[3H]CP-55940fromhumanrecombinantcannabinoidCB1receptorexpressedinCHOcellsafter3hrsbyliquidscintillationcounting,ChEMBL,460,5.1,Cc1ccc(C(c2ccc(Cl)cc2Cl)N2CCN(C(=O)NN3CCCCC3)CC2)cc1,10.1016/j.ejmech.2009.12.018
139922,Human,5.3,pKi,5.3,Binding,NoneNone,PDSPKiDatabase,475,6.8,Cc1ccc(Cn2nc(C(=O)NC3C4(C)CCC(C4)C3(C)C)cc2-c2ccc(Cl)c(C)c2)cc1,None
134048,Human,5.6,pKi,5.6,Binding,Displacementof[3H]CP-55940fromhumanrecombinantCB1receptorDisplacementof[3H]CP-55940fromhumanrecombinantCB1receptor,ChEMBL,437,7.5,CCCCC/C=C\C/C=C\C/C=C\C/C=C\CCCC(=O)NCCc1ccc(OC)cc1,10.1016/j.bmcl.2005.09.023
189202,Human,6.3,pKi,6.3,Binding,Displacementof[3H]SR141716AfromhumanCB1receptorDisplacementof[3H]SR141716AfromhumanCB1receptor,ChEMBL,419,4.8,O=C(N1CCCCC1)N1CC(O[C@@H](c2ccc(Cl)cc2)c2cccnc2Cl)C1,10.1016/j.bmcl.2009.05.097
6101,Human,8.0,pKi,8.0,Binding,Displacementof[3H]CP-55940fromhumancannabinoidCB1receptorexpressedinCHOcellsDisplacementof[3H]CP-55940fromhumancannabinoidCB1receptorexpressedinCHOcells,ChEMBL,495,4.2,CN/C(=N\S(=O)(=O)N1CCC(F)(F)CC1)C1=NN(c2ccc(Cl)cc2)[C@@H](c2ccccc2)C1,10.1016/j.bmcl.2010.01.049
189470,Human,8.2,pKi,8.2,Binding,Displacementof[3H]SR141716AfromhumanCB1receptorDisplacementof[3H]SR141716AfromhumanCB1receptor,ChEMBL,419,4.8,O=C(N1CCCCC1)N1CC(O[C@H](c2ccc(Cl)cc2)c2cccnc2Cl)C1,10.1016/j.bmcl.2011.12.032
52496,Human,8.0,pKi,8.0,Binding,EvaluatedforbindingaffinitytowardshumanCannabinoidreceptor1EvaluatedforbindingaffinitytowardshumanCannabinoidreceptor1,ChEMBL,552,6.6,O=C(NN1CC2CCCC2C1)c1nc(-c2ccc(Cl)cc2Cl)n(-c2ccc(Cl)cc2)c1Br,10.1016/j.bmcl.2003.12.068
50305,Human,7.4,pKi,7.4,Binding,EvaluatedforbindingaffinitytowardshumanCannabinoidreceptor1EvaluatedforbindingaffinitytowardshumanCannabinoidreceptor1,ChEMBL,449,6.6,Cc1c(C(=O)NC(C)C(C)C)nn(-c2ccc(Cl)cc2Cl)c1-c1ccc(Cl)cc1,10.1016/j.bmcl.2003.12.068
48852,Human,7.1,pKi,7.1,Binding,EvaluatedforbindingaffinitytowardshumanCannabinoidreceptor1EvaluatedforbindingaffinitytowardshumanCannabinoidreceptor1,ChEMBL,462,6,O=C(NN1CCCCCC1)c1cn(-c2ccc(Cl)cc2)c(-c2ccc(Cl)cc2Cl)n1,10.1016/j.bmcl.2003.12.068
98097,Human,7.5,pKi,7.5,Binding,EvaluatedforbindingaffinitytowardshumanCannabinoidreceptor1EvaluatedforbindingaffinitytowardshumanCannabinoidreceptor1,ChEMBL,517,7.4,Cc1c(C(=O)NCCc2ccc(Cl)cc2)nc(-c2ccc(Cl)cc2Cl)n1-c1ccc(Cl)cc1,10.1016/j.bmcl.2003.12.068
98284,Human,7.0,pKi,7.0,Binding,EvaluatedforbindingaffinitytowardshumanCannabinoidreceptor1EvaluatedforbindingaffinitytowardshumanCannabinoidreceptor1,ChEMBL,482,6.3,O=C(NC1CCc2ccccc21)c1nc(-c2ccc(Cl)cc2Cl)n(-c2ccc(Cl)cc2)n1,10.1016/j.bmcl.2003.12.068
50393,Human,7.0,pKi,7.0,Binding,EvaluatedforbindingaffinitytowardshumanCannabinoidreceptor1EvaluatedforbindingaffinitytowardshumanCannabinoidreceptor1,ChEMBL,462,6.2,CC1CCC(NC(=O)c2nc(-c3ccc(Cl)cc3Cl)n(-c3ccc(Cl)cc3)n2)CC1,10.1016/j.bmcl.2003.12.068
162440,Human,6.1,pKi,6.1,Binding,EvaluatedforbindingaffinitytowardshumanCannabinoidreceptor1EvaluatedforbindingaffinitytowardshumanCannabinoidreceptor1,ChEMBL,498,5.9,C#Cc1c(C(=O)NN2CC3CCCC3C2)nc(-c2ccc(Cl)cc2Cl)n1-c1ccc(Cl)cc1,10.1016/j.bmcl.2003.12.068
97641,Human,7.2,pKi,7.2,Binding,EvaluatedforbindingaffinitytowardshumanCannabinoidreceptor1EvaluatedforbindingaffinitytowardshumanCannabinoidreceptor1,ChEMBL,504,7,CC(NC(=O)c1nc(-c2ccc(Cl)cc2Cl)n(-c2ccc(Cl)cc2)n1)c1ccc(Cl)cc1,10.1016/j.bmcl.2003.12.068
43588,Human,7.9,pKi,7.9,Binding,EvaluatedforbindingaffinitytowardshumanCannabinoidreceptor1EvaluatedforbindingaffinitytowardshumanCannabinoidreceptor1,ChEMBL,476,6.3,Cc1c(C(=O)NN2CCCCCC2)nn(-c2ccc(Cl)cc2Cl)c1-c1ccc(Cl)cc1,10.1016/j.bmcl.2003.12.068
46621,Human,7.0,pKi,7.0,Binding,EvaluatedforbindingaffinitytowardshumanCannabinoidreceptor1EvaluatedforbindingaffinitytowardshumanCannabinoidreceptor1,ChEMBL,501,6.9,Cc1c(C(=O)NCCc2ccc(F)cc2)nn(-c2ccc(Cl)cc2Cl)c1-c1ccc(Cl)cc1,10.1016/j.bmcl.2003.12.068
161566,Human,7.5,pKi,7.5,Binding,EvaluatedforbindingaffinitytowardshumanCannabinoidreceptor1EvaluatedforbindingaffinitytowardshumanCannabinoidreceptor1,ChEMBL,579,6.9,O=C(c1nc(-c2ccc(Cl)cc2)n(-c2ccc(Cl)cc2Cl)n1)N1CCN(c2cccc(C(F)(F)F)c2)CC1,10.1016/j.bmcl.2003.12.068
98379,Human,7.5,pKi,7.5,Binding,EvaluatedforbindingaffinitytowardshumanCannabinoidreceptor1EvaluatedforbindingaffinitytowardshumanCannabinoidreceptor1,ChEMBL,525,5.9,O=C(NC1CCN(Cc2ccccc2)C1)c1nc(-c2ccc(Cl)cc2Cl)n(-c2ccc(Cl)cc2)n1,10.1016/j.bmcl.2003.12.068
51651,Human,6.8,pKi,6.8,Binding,EvaluatedforbindingaffinitytowardshumanCannabinoidreceptor1EvaluatedforbindingaffinitytowardshumanCannabinoidreceptor1,ChEMBL,475,5.3,O=C(NN1CC2CCCC2C1)c1nc(-c2ccc(Cl)cc2)n(-c2ccc(Cl)cc2Cl)n1,10.1016/j.bmcl.2003.12.068
51095,Human,6.9,pKi,6.9,Binding,EvaluatedforbindingaffinitytowardshumanCannabinoidreceptor1EvaluatedforbindingaffinitytowardshumanCannabinoidreceptor1,ChEMBL,475,5.3,O=C(NN1CC2CCCC2C1)c1nc(-c2ccc(Cl)cc2Cl)n(-c2ccc(Cl)cc2)n1,10.1016/j.bmcl.2003.12.068
97717,Human,6.6,pKi,6.6,Binding,EvaluatedforbindingaffinitytowardshumanCannabinoidreceptor1EvaluatedforbindingaffinitytowardshumanCannabinoidreceptor1,ChEMBL,505,5.3,COc1cc(Cl)ccc1-c1nc(C(=O)NN2CC3CCCC3C2)nn1-c1ccc(Cl)cc1Cl,10.1016/j.bmcl.2003.12.068
166121,Human,7.9,pKi,7.9,Binding,Displacementof[3H]-SR141716AfromhumanCB1receptorexpressedinCHO-K1cellsafter1hrbyliquidscintillationcountingDisplacementof[3H]-SR141716AfromhumanCB1receptorexpressedinCHO-K1cellsafter1hrbyliquidscintillationcounting,ChEMBL,456,6.5,Cc1c(C(=O)Nc2ccncc2)nn(-c2ccc(Cl)cc2Cl)c1-c1ccc(Cl)cc1,10.1016/j.bmcl.2011.08.032
55550,Human,6.5,pKi,6.5,Binding,EvaluatedforbindingaffinitytowardshumanCannabinoidreceptor1EvaluatedforbindingaffinitytowardshumanCannabinoidreceptor1,ChEMBL,438,5,COc1cc(Cl)ccc1-c1nc(C(=O)NC(C)C)nn1-c1ccc(Cl)cc1Cl,10.1016/j.bmcl.2003.12.068
111615,Human,5.5,pKi,5.5,Binding,AntagonistactivityatCB1receptor(unknownorigin)AntagonistactivityatCB1receptor(unknownorigin),ChEMBL,326,3.4,CCCn1nc(C(=O)NN2CCCCC2)c(C)c1-c1ccccc1,10.1007/s00044-012-0418-y
167293,Human,6.2,pKi,6.2,Binding,AntagonistactivityatCB1receptor(unknownorigin)AntagonistactivityatCB1receptor(unknownorigin),ChEMBL,366,4.5,Cc1c(C(=O)NN2CCCCC2)nn(C2CCCCC2)c1-c1ccccc1,10.1007/s00044-012-0418-y
99417,Human,6.7,pKi,6.7,Binding,AntagonistactivityatCB1receptor(unknownorigin)AntagonistactivityatCB1receptor(unknownorigin),ChEMBL,382,5,CCCCCCCn1nc(C(=O)NN2CCCCC2)c(C)c1-c1ccccc1,10.1007/s00044-012-0418-y
99100,Human,7.1,pKi,7.1,Binding,AntagonistactivityatCB1receptor(unknownorigin)AntagonistactivityatCB1receptor(unknownorigin),ChEMBL,432,4.9,CCCCCn1nc(C(=O)NN2CCCCC2)c(C)c1-c1ccc(Br)cc1,10.1007/s00044-012-0418-y
192138,Human,8.7,pKi,8.7,Binding,Bindingaffinityagainsthumancannabinoidreceptorbyusingradioligand([3H]CP-55940)assay.Bindingaffinityagainsthumancannabinoidreceptorbyusingradioligand([3H]CP-55940)assay.,ChEMBL,370,7.3,C=C1CC[C@@H]2[C@@H](C1)c1c(O)cc(C(C)(C)CCCCCC)cc1OC2(C)C,10.1016/0960-894X(95)00573-C
192182,Human,6.5,pKi,6.5,Binding,Bindingaffinityagainsthumancannabinoidreceptorbyusingradioligand([3H]CP-55940)assay.Bindingaffinityagainsthumancannabinoidreceptorbyusingradioligand([3H]CP-55940)assay.,ChEMBL,370,7.1,CCCCCCC(C)(C)c1cc(O)c([C@@H]2C=C(C)C3C[C@H]2C3(C)C)c(O)c1,10.1016/0960-894X(95)00573-C
100345,Human,7.6,pKi,7.6,Binding,Bindingaffinityofcompoundagainsthumancannabinoidreceptor1inchinesehamsterovarycellsbyusingradioligandCP-55940Bindingaffinityofcompoundagainsthumancannabinoidreceptor1inchinesehamsterovarycellsbyusingradioligandCP-55940,ChEMBL,440,3.3,COc1cccc2c(C(=O)NC3C(C)(C)[C@@H]4CC[C@@]3(C)C4)nn(CCN3CCOCC3)c12,10.1021/jm020329q
197380,Human,6.6,pKi,6.6,Binding,Bindingaffinityofcompoundagainsthumancannabinoidreceptor1inchinesehamsterovarycellsbyusingradioligandCP-55940Bindingaffinityofcompoundagainsthumancannabinoidreceptor1inchinesehamsterovarycellsbyusingradioligandCP-55940,ChEMBL,439,3.9,COc1cccc2c(C(=O)NC3C(C)(C)[C@@H]4CC[C@@]3(C)C4)cn(CCN3CCOCC3)c12,10.1021/jm020329q
167093,Human,8.1,pKi,8.1,Binding,Bindingaffinityofcompoundagainsthumancannabinoidreceptor1inchinesehamsterovarycellsbyusingradioligandCP-55940Bindingaffinityofcompoundagainsthumancannabinoidreceptor1inchinesehamsterovarycellsbyusingradioligandCP-55940,ChEMBL,453,4.2,COc1cccc2c(C(=O)NC3C(C)(C)[C@@H]4CC[C@@]3(C)C4)c(C)n(CCN3CCOCC3)c12,10.1021/jm020329q
197270,Human,7.7,pKi,7.7,Binding,BindingaffinitytoCB1receptorBindingaffinitytoCB1receptor,ChEMBL,342,6.5,CCCCCCCc1cc(O)c2c(c1)OC(C)(C)[C@@H]1CC=C(C)C[C@@H]21,10.1021/jm0610705
197742,Human,9.1,pKi,9.1,Binding,Abilitytodisplace[3H]-SR-141716AbindingtohumanCB1receptorexpressedinCHOcellmembranesAbilitytodisplace[3H]-SR-141716AbindingtohumanCB1receptorexpressedinCHOcellmembranes,ChEMBL,388,6.3,CCCCCCC(C)(C)c1cc(O)c2c(c1)OC(C)(C)[C@@H]1CCC(CO)C[C@@H]21,10.1016/s0960-894x(99)00353-4
102351,Human,5.8,pKi,5.8,Binding,Evaluatedforbindingaffinityagainstrecombinanthumancentralcannabinoidreceptor1Evaluatedforbindingaffinityagainstrecombinanthumancentralcannabinoidreceptor1,ChEMBL,371,4,COC(=O)Cc1c(C)n(C(=O)c2ccccc2Cl)c2ccc(OC)cc12,10.1016/0960-894X(96)00426-X
198111,Human,5.0,pKi,5.0,Binding,Evaluatedforbindingaffinityagainstrecombinanthumancentralcannabinoidreceptor1Evaluatedforbindingaffinityagainstrecombinanthumancentralcannabinoidreceptor1,ChEMBL,412,4.2,COc1ccc2c(c1)c(CCN1CCOCC1)c(C)n2C(=O)c1ccc(Cl)cc1,10.1016/0960-894X(96)00426-X
198042,Human,5.3,pKi,5.3,Binding,Evaluatedforbindingaffinityagainstrecombinanthumancentralcannabinoidreceptor1Evaluatedforbindingaffinityagainstrecombinanthumancentralcannabinoidreceptor1,ChEMBL,387,4.5,COC(=O)Cc1c(C)n(C(=O)c2cccc3ccccc23)c2ccc(OC)cc12,10.1016/0960-894X(96)00426-X
198395,Human,5.5,pKi,5.5,Binding,Evaluatedforbindingaffinityagainstrecombinanthumancentralcannabinoidreceptor1Evaluatedforbindingaffinityagainstrecombinanthumancentralcannabinoidreceptor1,ChEMBL,416,4.8,Cc1c(CCN2CCOCC2)c2ccccc2n1C(=O)c1cccc(Cl)c1Cl,10.1016/0960-894X(96)00426-X
163863,Human,5.2,pKi,5.2,Binding,Evaluatedforbindingaffinityagainstrecombinanthumancentralcannabinoidreceptor1Evaluatedforbindingaffinityagainstrecombinanthumancentralcannabinoidreceptor1,ChEMBL,356,4.9,Cc1c(CN2CCOCC2)c2ccccc2n1-c1cccc2ccccc12,10.1016/0960-894X(96)00426-X
102402,Human,5.7,pKi,5.7,Binding,Evaluatedforbindingaffinityagainstrecombinanthumancentralcannabinoidreceptor1Evaluatedforbindingaffinityagainstrecombinanthumancentralcannabinoidreceptor1,ChEMBL,398,4.7,Cc1c(CCN2CCOCC2)c2ccccc2n1C(=O)c1cccc2ccccc12,10.1016/0960-894X(96)00426-X
198012,Human,5.6,pKi,5.6,Binding,Evaluatedforbindingaffinityagainstrecombinanthumancentralcannabinoidreceptor1Evaluatedforbindingaffinityagainstrecombinanthumancentralcannabinoidreceptor1,ChEMBL,460,4.4,COc1ccc2c(c1)c(CC(=O)N1CCOCC1)c(C)n2C(=O)c1c(Cl)cccc1Cl,10.1016/0960-894X(96)00426-X
102442,Human,5.3,pKi,5.3,Binding,Evaluatedforbindingaffinityagainstrecombinanthumancentralcannabinoidreceptor1Evaluatedforbindingaffinityagainstrecombinanthumancentralcannabinoidreceptor1,ChEMBL,444,3.8,COc1ccc2c(c1)c(CC(=O)N1CCOCC1)c(C)n2C(=O)c1ccc(F)cc1Cl,10.1016/0960-894X(96)00426-X
198421,Human,4.8,pKi,4.8,Binding,Evaluatedforbindingaffinityagainstrecombinanthumancentralcannabinoidreceptor1Evaluatedforbindingaffinityagainstrecombinanthumancentralcannabinoidreceptor1,ChEMBL,426,3.7,COc1ccc2c(c1)c(CC(=O)N1CCOCC1)c(C)n2C(=O)c1cccc(Cl)c1,10.1016/0960-894X(96)00426-X
198051,Human,5.7,pKi,5.7,Binding,Displacementof[3H]CP-55940fromhumanrecombinantCB1receptorDisplacementof[3H]CP-55940fromhumanrecombinantCB1receptor,ChEMBL,460,4.4,COc1ccc2c(c1)c(CC(=O)N1CCOCC1)c(C)n2C(=O)c1cccc(Cl)c1Cl,10.1021/jm801044g
198424,Human,5.7,pKi,5.7,Binding,BindingaffinityagainstthecannabinoidreceptorinthepresenceofPMSFBindingaffinityagainstthecannabinoidreceptorinthepresenceofPMSF,ChEMBL,361,5.9,CCCCC/C=C\C/C=C\C/C=C\C/C=C\CCCC(=O)NCCOC,10.1021/jm960752x
103459,Human,5.2,pKi,5.2,Binding,BindingaffinityagainsthumanCannabinoidreceptor1expressedinCHOcellsbyusingCP-55940asRadioactivetracerBindingaffinityagainsthumanCannabinoidreceptor1expressedinCHOcellsbyusingCP-55940asRadioactivetracer,ChEMBL,441,3.9,CCCCCOc1cc(/C=C/C(=O)N[C@@H](Cc2ccc(O)cc2)C(=O)OC)ccc1OC,10.1016/s0960-894x(02)00466-3
4292,Human,7.7,pKi,7.7,Binding,BindingaffinitytoCB1receptorBindingaffinitytoCB1receptor,ChEMBL,355,6,CC1=CC[C@@H]2[C@@H](C1)c1c(O)cc(CCCCCN=[N+]=[N-])cc1OC2(C)C,10.1021/jm0610705
9615,Human,7.4,pKi,7.4,Binding,Bindingaffinityforcannabinoidreceptor1.Bindingaffinityforcannabinoidreceptor1.,ChEMBL,354,6.4,CCCCCc1cc2c(c3c1CCCO3)C1C=C(C)CCC1C(C)(C)O2,10.1021/jm970136g
109863,Human,9.2,pKi,9.2,Binding,BindingaffinitytoCB1receptorBindingaffinitytoCB1receptor,ChEMBL,368,6.9,CC1=CC[C@@H]2[C@@H](C1)c1c(O)cc(C(C)(C)C3CCCCC3)cc1OC2(C)C,10.1021/jm0610705
156824,Human,7.2,pKi,7.2,Binding,BindingaffinitytowardsCannabinoidreceptor1usingCP-55940asradioligandinHEK293EBNAcellsBindingaffinitytowardsCannabinoidreceptor1usingCP-55940asradioligandinHEK293EBNAcells,ChEMBL,334,5.6,CC1=CC[C@@H]2[C@@H](C1)c1c(O)cc(Cc3ccccc3)cc1OC2(C)C,10.1016/s0960-894x(03)00729-7
11151,Human,7.8,pKi,7.8,Binding,BindingaffinitytowardsCannabinoidreceptor1usingCP-55940asradioligandinHEK293EBNAcellsBindingaffinitytowardsCannabinoidreceptor1usingCP-55940asradioligandinHEK293EBNAcells,ChEMBL,424,6.7,CC1=CC[C@@H]2[C@@H](C1)c1c(O)cc(C3(c4ccccc4)SCCS3)cc1OC2(C)C,10.1016/s0960-894x(03)00729-7
12206,Human,9.2,pKi,9.2,Binding,BindingaffinitytoCB1receptorBindingaffinitytoCB1receptor,ChEMBL,524,8.1,CCCCCCC1(c2cc(O)c3c(c2)OC(C)(C)[C@@H]2CC=C(C)C[C@@H]32)CC1(Br)Br,10.1021/jm0610705
14446,Human,8.9,pKi,8.9,Binding,BindingaffinitytoCB1receptorBindingaffinitytoCB1receptor,ChEMBL,436,7.8,CCCCCCC1(c2cc(O)c3c(c2)OC(C)(C)[C@@H]2CC=C(C)C[C@@H]32)CC1(Cl)Cl,10.1021/jm0610705
14153,Human,6.4,pKi,6.4,Binding,CompoundwasevaluatedforitsbindingaffinitytowardsCannabinoidreceptor1[Inactiveform(R)ofCB1receptor]CompoundwasevaluatedforitsbindingaffinitytowardsCannabinoidreceptor1[Inactiveform(R)ofCB1receptor],ChEMBL,375,5.9,CCCCC/C=C\C/C=C\C/C=C\C/C=C\CC[C@H](C)C(=O)N[C@@H](C)CO,10.1021/jm0200761
16044,Human,6.6,pKi,6.6,Binding,CompoundwasevaluatedforitsbindingaffinitytowardsCannabinoidreceptor1[Inactiveform(R)ofCB1receptor]CompoundwasevaluatedforitsbindingaffinitytowardsCannabinoidreceptor1[Inactiveform(R)ofCB1receptor],ChEMBL,375,5.9,CCCCC/C=C\C/C=C\C/C=C\C/C=C\CC[C@@H](C)C(=O)N[C@@H](C)CO,10.1021/jm0200761
113629,Human,6.7,pKi,6.7,Binding,CompoundwasevaluatedforitsbindingaffinitytowardsCannabinoidreceptor1[Inactiveform(R)ofCB1receptor]CompoundwasevaluatedforitsbindingaffinitytowardsCannabinoidreceptor1[Inactiveform(R)ofCB1receptor],ChEMBL,375,5.9,CCCCC/C=C\C/C=C\C/C=C\C/C=C\CC[C@H](C)C(=O)N[C@H](C)CO,10.1021/jm0200761
16297,Human,9.1,pKi,9.1,Binding,CompoundwasevaluatedforPharmacologicalresponseintheCannabinoidreceptor1CompoundwasevaluatedforPharmacologicalresponseintheCannabinoidreceptor1,ChEMBL,370,7.3,CCCCCCCCCc1cc(O)c2c(c1)OC(C)(C)[C@@H]1CC=C(C)C[C@@H]21,10.1021/jm960394y
19069,Human,5.9,pKi,5.9,Binding,Displacementof[3H]-CP55940fromhumanCB1receptorDisplacementof[3H]-CP55940fromhumanCB1receptor,ChEMBL,317,4.3,C1=C(CCN2CCOCC2)c2ccccc2/C1=C/c1ccccc1,10.1021/acs.jmedchem.6b00516
115869,Human,8.8,pKi,8.8,Binding,BindingaffinitytoCB1receptorBindingaffinitytoCB1receptor,ChEMBL,367,6.4,CC1=CC[C@@H]2[C@@H](C1)c1c(O)cc(C(C)(C)CCCCC#N)cc1OC2(C)C,10.1021/jm0610705
53695,Human,6.7,pKi,6.7,Binding,BindingaffinityagainstthecannabinoidreceptorBindingaffinityagainstthecannabinoidreceptor,ChEMBL,375,6,CCCCC/C=C\C/C=C\C/C=C\C/C=C\CCCC(=O)NCCCCO,10.1021/jm960752x
54470,Human,4.9,pKi,4.9,Binding,BindingaffinityagainsttheclonedhumanCannabinoidreceptor1BindingaffinityagainsttheclonedhumanCannabinoidreceptor1,ChEMBL,371,5.6,CC/C=C/C/C=C\C/C=C\C/C=C\C/C=C\C/C=C/CCC(=O)NCCO,10.1021/jm960752x
54471,Human,5.8,pKi,5.8,Binding,BindingaffinityagainstthecannabinoidreceptorinthepresenceofPMSF(experiment2)BindingaffinityagainstthecannabinoidreceptorinthepresenceofPMSF(experiment2),ChEMBL,345,5,CC/C=C/C/C=C\C/C=C\C/C=C\C/C=C/CCCC(=O)NCCO,10.1021/jm960752x
122180,Human,6.1,pKi,6.1,Binding,Bindingaffinityforcannabinoidreceptor1Bindingaffinityforcannabinoidreceptor1,ChEMBL,579,5.2,COc1ccc(S(=O)(=O)c2cc(OC)ccc2S(=O)(=O)c2ccc([C@H](C)NC(=O)c3ccc(C)cc3)cc2)cc1,10.1016/j.bmcl.2004.11.007
63534,Human,5.9,pKi,5.9,Binding,Bindingaffinityforcannabinoidreceptor1Bindingaffinityforcannabinoidreceptor1,ChEMBL,531,4.3,CCCC(=O)N[C@@H](C)c1ccc(S(=O)(=O)c2ccc(OC)cc2S(=O)(=O)c2ccc(OC)cc2)cc1,10.1016/j.bmcl.2004.11.007
63349,Human,5.0,pKi,5.0,Binding,Bindingaffinityforcannabinoidreceptor1Bindingaffinityforcannabinoidreceptor1,ChEMBL,529,4,COc1ccc(S(=O)(=O)c2cc(OC)ccc2S(=O)(=O)c2ccc([C@H](C)NC(=O)C3CC3)cc2)cc1,10.1016/j.bmcl.2004.11.007
63564,Human,5.6,pKi,5.6,Binding,Bindingaffinityforcannabinoidreceptor1Bindingaffinityforcannabinoidreceptor1,ChEMBL,545,4.6,COc1ccc(S(=O)(=O)c2cc(OC)ccc2S(=O)(=O)c2ccc([C@H](C)NC(=O)C(C)(C)C)cc2)cc1,10.1016/j.bmcl.2004.11.007
165463,Human,4.0,pKi,4.0,Binding,Bindingaffinityforcannabinoidreceptor1Bindingaffinityforcannabinoidreceptor1,ChEMBL,594,5.6,COc1ccc(S(=O)(=O)c2cc(OC)ccc2S(=O)(=O)c2ccc([C@H](C)NC(=O)Nc3ccc(C)cc3)cc2)cc1,10.1016/j.bmcl.2004.11.007
122888,Human,6.3,pKi,6.3,Binding,Bindingaffinityforcannabinoidreceptor1Bindingaffinityforcannabinoidreceptor1,ChEMBL,579,4.8,COc1ccc(S(=O)(=O)c2cc(OC)ccc2S(=O)(=O)c2ccc([C@H](C)NC(=O)Cc3ccccc3)cc2)cc1,10.1016/j.bmcl.2004.11.007
62941,Human,5.8,pKi,5.8,Binding,Bindingaffinityforcannabinoidreceptor1Bindingaffinityforcannabinoidreceptor1,ChEMBL,598,5.4,COc1ccc(S(=O)(=O)c2cc(OC)ccc2S(=O)(=O)c2ccc([C@H](C)NC(=O)Nc3ccc(F)cc3)cc2)cc1,10.1016/j.bmcl.2004.11.007
121860,Human,6.0,pKi,6.0,Binding,Bindingaffinityforcannabinoidreceptor1Bindingaffinityforcannabinoidreceptor1,ChEMBL,581,4.2,CCCCS(=O)(=O)N[C@@H](C)c1ccc(S(=O)(=O)c2ccc(OC)cc2S(=O)(=O)c2ccc(OC)cc2)cc1,10.1016/j.bmcl.2004.11.007
63739,Human,6.1,pKi,6.1,Binding,Bindingaffinityforcannabinoidreceptor1Bindingaffinityforcannabinoidreceptor1,ChEMBL,601,4.4,COc1ccc(S(=O)(=O)c2cc(OC)ccc2S(=O)(=O)c2ccc([C@H](C)NS(=O)(=O)c3ccccc3)cc2)cc1,10.1016/j.bmcl.2004.11.007
64152,Human,5.9,pKi,5.9,Binding,Bindingaffinityforcannabinoidreceptor1Bindingaffinityforcannabinoidreceptor1,ChEMBL,595,4.9,COc1ccc(C(=O)N[C@@H](C)c2ccc(S(=O)(=O)c3ccc(OC)cc3S(=O)(=O)c3ccc(OC)cc3)cc2)cc1,10.1016/j.bmcl.2004.11.007
63248,Human,5.7,pKi,5.7,Binding,Bindingaffinityforcannabinoidreceptor1Bindingaffinityforcannabinoidreceptor1,ChEMBL,615,4.7,COc1ccc(S(=O)(=O)c2cc(OC)ccc2S(=O)(=O)c2ccc([C@H](C)NS(=O)(=O)c3ccc(C)cc3)cc2)cc1,10.1016/j.bmcl.2004.11.007
123069,Human,6.9,pKi,6.9,Binding,Bindingaffinityforcannabinoidreceptor1Bindingaffinityforcannabinoidreceptor1,ChEMBL,669,5.7,COc1ccc(S(=O)(=O)c2cc(OC)ccc2S(=O)(=O)c2ccc([C@H](C)NS(=O)(=O)c3ccc(Cl)c(Cl)c3)cc2)cc1,10.1016/j.bmcl.2004.11.007
123171,Human,7.1,pKi,7.1,Binding,Bindingaffinityforcannabinoidreceptor1Bindingaffinityforcannabinoidreceptor1,ChEMBL,633,6.2,COc1ccc(S(=O)(=O)c2cc(OC)ccc2S(=O)(=O)c2ccc([C@H](C)NC(=O)c3ccc(Cl)c(Cl)c3)cc2)cc1,10.1016/j.bmcl.2004.11.007
64055,Human,7.1,pKi,7.1,Binding,Bindingaffinityforcannabinoidreceptor1Bindingaffinityforcannabinoidreceptor1,ChEMBL,615,4.6,COc1ccc(S(=O)(=O)c2cc(OC)ccc2S(=O)(=O)c2ccc([C@H](C)NS(=O)(=O)Cc3ccccc3)cc2)cc1,10.1016/j.bmcl.2004.11.007
121409,Human,5.8,pKi,5.8,Binding,Bindingaffinityforcannabinoidreceptor1Bindingaffinityforcannabinoidreceptor1,ChEMBL,503,3.6,COc1ccc(S(=O)(=O)c2cc(OC)ccc2S(=O)(=O)c2ccc([C@H](C)NC(C)=O)cc2)cc1,10.1016/j.bmcl.2004.11.007
122376,Human,4.1,pKi,4.1,Binding,Bindingaffinityforcannabinoidreceptor1Bindingaffinityforcannabinoidreceptor1,ChEMBL,546,4.1,CCCNC(=O)N[C@@H](C)c1ccc(S(=O)(=O)c2ccc(OC)cc2S(=O)(=O)c2ccc(OC)cc2)cc1,10.1016/j.bmcl.2004.11.007
63828,Human,5.7,pKi,5.7,Binding,Bindingaffinityforcannabinoidreceptor1Bindingaffinityforcannabinoidreceptor1,ChEMBL,553,3.4,CCS(=O)(=O)N[C@@H](C)c1ccc(S(=O)(=O)c2ccc(OC)cc2S(=O)(=O)c2ccc(OC)cc2)cc1,10.1016/j.bmcl.2004.11.007
64056,Human,5.5,pKi,5.5,Binding,Bindingaffinityforcannabinoidreceptor1Bindingaffinityforcannabinoidreceptor1,ChEMBL,517,4,CCC(=O)N[C@@H](C)c1ccc(S(=O)(=O)c2ccc(OC)cc2S(=O)(=O)c2ccc(OC)cc2)cc1,10.1016/j.bmcl.2004.11.007
66908,Human,5.5,pKi,5.5,Binding,"Inhibitionof[3H]SR-141,716AbindingtohumanCB1receptorexpressedinCHOcellsInhibitionof[3H]SR-141,716AbindingtohumanCB1receptorexpressedinCHOcells",ChEMBL,498,5.2,O=C1NC(c2ccc(Br)cc2)(c2ccc(Br)cc2)C(=O)N1Cc1ccccc1,10.1021/jm049263k
133884,Human,7.5,pKi,7.5,Binding,DisplacementofspecificCP-55940bindinginCHOcellsstablytransfectedwithhumancannabinoidreceptor1DisplacementofspecificCP-55940bindinginCHOcellsstablytransfectedwithhumancannabinoidreceptor1,ChEMBL,447,3.3,C/N=C(\NS(=O)(=O)N(C)C(C)C)N1CC(c2ccccc2)C(c2ccc(Cl)cc2)=N1,10.1016/j.bmcl.2005.07.054
124205,Human,6.9,pKi,6.9,Binding,DisplacementofspecificCP-55940bindinginCHOcellsstablytransfectedwithhumancannabinoidreceptor1DisplacementofspecificCP-55940bindinginCHOcellsstablytransfectedwithhumancannabinoidreceptor1,ChEMBL,433,2.9,CCN(C)S(=O)(=O)N/C(=N\C)N1CC(c2ccccc2)C(c2ccc(Cl)cc2)=N1,10.1016/j.bmcl.2005.07.054
71325,Human,6.9,pKi,6.9,Binding,DisplacementofspecificCP-55940bindinginCHOcellsstablytransfectedwithhumancannabinoidreceptor1DisplacementofspecificCP-55940bindinginCHOcellsstablytransfectedwithhumancannabinoidreceptor1,ChEMBL,487,4.2,C/N=C(\NS(=O)(=O)N1CCCCCCC1)N1CC(c2ccccc2)C(c2ccc(Cl)cc2)=N1,10.1016/j.bmcl.2005.07.054
70867,Human,6.9,pKi,6.9,Binding,DisplacementofspecificCP-55940bindinginCHOcellsstablytransfectedwithhumancannabinoidreceptor1DisplacementofspecificCP-55940bindinginCHOcellsstablytransfectedwithhumancannabinoidreceptor1,ChEMBL,448,2.7,CCN(CC)S(=O)(=O)N/C(=N\C)N1CC(c2cccnc2)C(c2ccc(Cl)cc2)=N1,10.1016/j.bmcl.2005.07.054
165280,Human,6.1,pKi,6.1,Binding,DisplacementofspecificCP-55940bindinginCHOcellsstablytransfectedwithhumancannabinoidreceptor1DisplacementofspecificCP-55940bindinginCHOcellsstablytransfectedwithhumancannabinoidreceptor1,ChEMBL,509,1.7,C/N=C(\NS(=O)(=O)N1CCS(=O)(=O)CC1)N1CC(c2ccccc2)C(c2ccc(Cl)cc2)=N1,10.1016/j.bmcl.2005.07.054
139916,Human,6.3,pKi,6.3,Binding,Displacementof[3H]CP-55940fromhumanrecombinantCB1receptorDisplacementof[3H]CP-55940fromhumanrecombinantCB1receptor,ChEMBL,453,7.5,CCCCC/C=C\C/C=C\C/C=C\C/C=C\CCCC(=O)NCc1cc(OC)ccc1OC,10.1016/j.bmcl.2005.09.023
71471,Human,6.7,pKi,6.7,Binding,Displacementof[3H]CP-55940fromhumanrecombinantCB1receptorinpresenceofhydrolaseinhibitorPMSFDisplacementof[3H]CP-55940fromhumanrecombinantCB1receptorinpresenceofhydrolaseinhibitorPMSF,ChEMBL,453,7.5,CCCCC/C=C\C/C=C\C/C=C\C/C=C\CCCC(=O)NCc1ccc(OC)cc1OC,10.1016/j.bmcl.2005.09.023
135325,Human,6.4,pKi,6.4,Binding,Displacementof[3H]CP-55940fromhumanrecombinantCB1receptorDisplacementof[3H]CP-55940fromhumanrecombinantCB1receptor,ChEMBL,476,8.1,CCCCC/C=C\C/C=C\C/C=C\C/C=C\CCCC(=O)N1CCN(c2ccc(C)c(C)c2)CC1,10.1016/j.bmcl.2005.09.023
71605,Human,6.2,pKi,6.2,Binding,Displacementof[3H]CP-55940fromhumanrecombinantCB1receptorDisplacementof[3H]CP-55940fromhumanrecombinantCB1receptor,ChEMBL,482,8.1,CCCCC/C=C\C/C=C\C/C=C\C/C=C\CCCC(=O)N1CCN(c2ccc(Cl)cc2)CC1,10.1016/j.bmcl.2005.09.023
72228,Human,6.5,pKi,6.5,Binding,Displacementof[3H]CP-55940fromhumanrecombinantCB1receptorDisplacementof[3H]CP-55940fromhumanrecombinantCB1receptor,ChEMBL,466,7.6,CCCCC/C=C\C/C=C\C/C=C\C/C=C\CCCC(=O)N1CCN(c2ccc(F)cc2)CC1,10.1016/j.bmcl.2005.09.023
135046,Human,5.6,pKi,5.6,Binding,Displacementof[3H]CP-55940fromhumanrecombinantCB1receptorDisplacementof[3H]CP-55940fromhumanrecombinantCB1receptor,ChEMBL,347,4.7,CCCCCCCC/C=C/C(=O)NCCc1cc(OC)cc(OC)c1,10.1016/j.bmcl.2005.09.023
72134,Human,6.4,pKi,6.4,Binding,Displacementof[3H]CP-55940fromhumanrecombinantCB1receptorDisplacementof[3H]CP-55940fromhumanrecombinantCB1receptor,ChEMBL,415,7.4,CCCCCCCC/C=C\CCCCCCCC(=O)NCCc1ccc(OC)cc1,10.1016/j.bmcl.2005.09.023
72050,Human,6.0,pKi,6.0,Binding,Displacementof[3H]CP-55940fromhumanrecombinantCB1receptorinpresenceofhydrolaseinhibitorPMSFDisplacementof[3H]CP-55940fromhumanrecombinantCB1receptorinpresenceofhydrolaseinhibitorPMSF,ChEMBL,445,7.4,CCCCCCCC/C=C\CCCCCCCC(=O)NCCc1cc(OC)cc(OC)c1,10.1016/j.bmcl.2005.09.023
72116,Human,6.2,pKi,6.2,Binding,Displacementof[3H]CP-55940fromhumanrecombinantCB1receptorinpresenceofhydrolaseinhibitorPMSFDisplacementof[3H]CP-55940fromhumanrecombinantCB1receptorinpresenceofhydrolaseinhibitorPMSF,ChEMBL,445,7.4,CCCCCCCC/C=C\CCCCCCCC(=O)NCCc1ccc(OC)cc1OC,10.1016/j.bmcl.2005.09.023
72177,Human,5.3,pKi,5.3,Binding,Displacementof[3H]CP-55940fromhumanrecombinantCB1receptorDisplacementof[3H]CP-55940fromhumanrecombinantCB1receptor,ChEMBL,501,9,CCCCCCCC/C=C\CCCCCCCCCCCC(=O)NCCc1cc(OC)cc(OC)c1,10.1016/j.bmcl.2005.09.023
72250,Human,5.4,pKi,5.4,Binding,Displacementof[3H]CP-55940fromhumanrecombinantCB1receptorDisplacementof[3H]CP-55940fromhumanrecombinantCB1receptor,ChEMBL,501,9,CCCCCCCC/C=C\CCCCCCCCCCCC(=O)NCCc1ccc(OC)cc1OC,10.1016/j.bmcl.2005.09.023
71684,Human,5.6,pKi,5.6,Binding,Displacementof[3H]CP-55940fromhumanrecombinantCB1receptorDisplacementof[3H]CP-55940fromhumanrecombinantCB1receptor,ChEMBL,317,4.7,CCCCCCCC/C=C/C(=O)NCCc1ccc(OC)cc1,10.1016/j.bmcl.2005.09.023
165156,Human,6.3,pKi,6.3,Binding,Displacementof[3H]CP-55940fromhumanrecombinantCB1receptorDisplacementof[3H]CP-55940fromhumanrecombinantCB1receptor,ChEMBL,467,7.5,CCCCC/C=C\C/C=C\C/C=C\C/C=C\CCCC(=O)NCCc1ccc(OC)cc1OC,10.1016/j.bmcl.2005.09.023
72193,Human,5.2,pKi,5.2,Binding,Displacementof[3H]CP-55940fromhumanrecombinantCB1receptorDisplacementof[3H]CP-55940fromhumanrecombinantCB1receptor,ChEMBL,498,9.1,CCCCCCCC/C=C\CCCCCCCCCCCC(=O)Nc1ccc(N2CCOCC2)cc1,10.1016/j.bmcl.2005.09.023
72207,Human,5.8,pKi,5.8,Binding,Displacementof[3H]CP-55940fromhumanrecombinantCB1receptorinpresenceofhydrolaseinhibitorPMSFDisplacementof[3H]CP-55940fromhumanrecombinantCB1receptorinpresenceofhydrolaseinhibitorPMSF,ChEMBL,387,7.7,CCCCCCCC/C=C\CCCCCCCC(=O)Nc1ccc(OC)cc1,10.1016/j.bmcl.2005.09.023
71667,Human,5.3,pKi,5.3,Binding,Displacementof[3H]CP-55940fromhumanrecombinantCB1receptorDisplacementof[3H]CP-55940fromhumanrecombinantCB1receptor,ChEMBL,289,4.9,CCCCCCCC/C=C/C(=O)Nc1ccc(OC)cc1,10.1016/j.bmcl.2005.09.023
72179,Human,6.8,pKi,6.8,Binding,Displacementof[3H]CP-55940fromhumanrecombinantCB1receptorinpresenceofhydrolaseinhibitorPMSFDisplacementof[3H]CP-55940fromhumanrecombinantCB1receptorinpresenceofhydrolaseinhibitorPMSF,ChEMBL,464,7.6,CCCCC/C=C\C/C=C\C/C=C\C/C=C\CCCC(=O)Nc1ccc(N2CCOCC2)cc1,10.1016/j.bmcl.2005.09.023
72240,Human,6.3,pKi,6.3,Binding,Displacementof[3H]CP-55940fromhumanrecombinantCB1receptorDisplacementof[3H]CP-55940fromhumanrecombinantCB1receptor,ChEMBL,409,7.8,CCCCC/C=C\C/C=C\C/C=C\C/C=C\CCCC(=O)Nc1ccc(OC)cc1,10.1016/j.bmcl.2005.09.023
71645,Human,6.2,pKi,6.2,Binding,Displacementof[3H]CP-55940fromhumanrecombinantCB1receptorDisplacementof[3H]CP-55940fromhumanrecombinantCB1receptor,ChEMBL,423,7.5,CCCCC/C=C\C/C=C\C/C=C\C/C=C\CCCC(=O)NCc1ccc(OC)cc1,10.1016/j.bmcl.2005.09.023
72841,Human,8.2,pKi,8.2,Binding,Displacementof[3H]SR-141716fromhumanCB1receptortransfectedinHEK293cellsDisplacementof[3H]SR-141716fromhumanCB1receptortransfectedinHEK293cells,ChEMBL,480,6.2,CC(C)c1nc2c(-c3ccc(Cl)cc3)n(-c3ccccc3Cl)nc2c(=O)n1CC(F)(F)F,10.1016/j.bmcl.2005.10.019
72827,Human,9.0,pKi,9.0,Binding,Displacementof[3H]SR-141716fromhumanCB1receptortransfectedinHEK293cellsDisplacementof[3H]SR-141716fromhumanCB1receptortransfectedinHEK293cells,ChEMBL,440,4.4,O=C1C2N=C(c3ccccc3Cl)N(c3ccc(Cl)cc3)C2N=CN1CC(F)(F)F,10.1016/j.bmcl.2005.10.019
73336,Human,7.4,pKi,7.4,Binding,Displacementof[3H]SR-141716fromhumanCB1receptortransfectedinHEK293cellsDisplacementof[3H]SR-141716fromhumanCB1receptortransfectedinHEK293cells,ChEMBL,438,6.1,O=c1c2nn(-c3ccc(Cl)cc3)c(-c3ccccc3Cl)c2ncn1C1CCCCC1,10.1016/j.bmcl.2005.10.019
139671,Human,7.6,pKi,7.6,Binding,Displacementof[3H]SR-141716fromhumanCB1receptortransfectedinHEK293cellsDisplacementof[3H]SR-141716fromhumanCB1receptortransfectedinHEK293cells,ChEMBL,438,5.1,O=c1c2nn(-c3ccc(Cl)cc3)c(-c3ccccc3Cl)c2ncn1CC(F)(F)F,10.1016/j.bmcl.2005.10.019
72837,Human,9.2,pKi,9.2,Binding,Displacementof[3H]SR-141716fromhumanCB1receptortransfectedinHEK293cellsDisplacementof[3H]SR-141716fromhumanCB1receptortransfectedinHEK293cells,ChEMBL,420,4.8,O=c1c2nn(-c3ccccc3Cl)c(-c3ccc(Cl)cc3)c2ncn1CC(F)F,10.1016/j.bmcl.2005.10.019
73841,Human,8.5,pKi,8.5,Binding,Displacementof[3H]SR-141716fromhumanCB1receptortransfectedinHEK293cellsDisplacementof[3H]SR-141716fromhumanCB1receptortransfectedinHEK293cells,ChEMBL,402,4.5,O=c1c2nn(-c3ccccc3Cl)c(-c3ccc(Cl)cc3)c2ncn1CCF,10.1016/j.bmcl.2005.10.019
73253,Human,7.7,pKi,7.7,Binding,Displacementof[3H]SR-141716fromhumanCB1receptortransfectedinHEK293cellsDisplacementof[3H]SR-141716fromhumanCB1receptortransfectedinHEK293cells,ChEMBL,398,5.1,CC(C)n1cnc2c(-c3ccc(Cl)cc3)n(-c3ccccc3Cl)nc2c1=O,10.1016/j.bmcl.2005.10.019
73733,Human,8.4,pKi,8.4,Binding,Displacementof[3H]SR-141716fromhumanCB1receptortransfectedinHEK293cellsDisplacementof[3H]SR-141716fromhumanCB1receptortransfectedinHEK293cells,ChEMBL,384,4.6,CCn1cnc2c(-c3ccc(Cl)cc3)n(-c3ccccc3Cl)nc2c1=O,10.1016/j.bmcl.2005.10.019
73334,Human,7.9,pKi,7.9,Binding,Displacementof[3H]SR-141716fromhumanCB1receptortransfectedinHEK293cellsDisplacementof[3H]SR-141716fromhumanCB1receptortransfectedinHEK293cells,ChEMBL,439,4.7,O=c1c2nn(-c3ccccc3Cl)c(-c3ccc(Cl)cc3)c2ncn1N1CCCCC1,10.1016/j.bmcl.2005.10.019
73335,Human,7.6,pKi,7.6,Binding,Displacementof[3H]SR-141716fromhumanCB1receptortransfectedinHEK293cellsDisplacementof[3H]SR-141716fromhumanCB1receptortransfectedinHEK293cells,ChEMBL,426,5.9,CCC(CC)n1cnc2c(-c3ccc(Cl)cc3)n(-c3ccccc3Cl)nc2c1=O,10.1016/j.bmcl.2005.10.019
74939,Human,8.7,pKi,8.7,Binding,Displacementof[3H]SR-141716fromhumanCB1receptortransfectedinHEK293cellsDisplacementof[3H]SR-141716fromhumanCB1receptortransfectedinHEK293cells,ChEMBL,452,5.5,O=c1c2nn(-c3ccccc3Cl)c(-c3ccc(Cl)cc3)c2ncn1CCC(F)(F)F,10.1016/j.bmcl.2005.10.019
74818,Human,8.7,pKi,8.7,Binding,Displacementof[3H]SR-141716fromhumanCB1receptortransfectedinHEK293cellsDisplacementof[3H]SR-141716fromhumanCB1receptortransfectedinHEK293cells,ChEMBL,398,5,CCCn1cnc2c(-c3ccc(Cl)cc3)n(-c3ccccc3Cl)nc2c1=O,10.1016/j.bmcl.2005.10.019
138776,Human,8.3,pKi,8.3,Binding,Displacementof[3H]SR-141716fromhumanCB1receptortransfectedinHEK293cellsDisplacementof[3H]SR-141716fromhumanCB1receptortransfectedinHEK293cells,ChEMBL,446,5.6,O=c1c2nn(-c3ccccc3Cl)c(-c3ccc(Cl)cc3)c2ncn1Cc1ccccc1,10.1016/j.bmcl.2005.10.019
74232,Human,6.9,pKi,6.9,Binding,BindingaffinitytoCB1receptorBindingaffinitytoCB1receptor,ChEMBL,348,6.2,CCc1ccc(-c2cc(O)c3c(c2)OC(C)(C)[C@@H]2CC=C(C)C[C@@H]32)cc1,10.1021/jm0610705
140309,Human,7.0,pKi,7.0,Binding,BindingaffinitytoCB1receptorBindingaffinitytoCB1receptor,ChEMBL,334,6,CC1=CC[C@@H]2[C@@H](C1)c1c(O)cc(-c3ccc(C)cc3)cc1OC2(C)C,10.1021/jm0610705
76202,Human,7.6,pKi,7.6,Binding,BindingaffinitytoCB1receptorBindingaffinitytoCB1receptor,ChEMBL,337,5.3,CC1=CC[C@@H]2[C@@H](C1)c1c(O)cc(C3(C#N)CCCC3)cc1OC2(C)C,10.1021/jm0610705
75768,Human,7.2,pKi,7.2,Binding,BindingaffinitytoCB1receptorBindingaffinitytoCB1receptor,ChEMBL,362,6.6,CCCc1ccc(-c2cc(O)c3c(c2)OC(C)(C)[C@@H]2CC=C(C)C[C@@H]32)cc1,10.1021/jm0610705
76788,Human,6.2,pKi,6.2,Binding,Displacementof[3H]CP-55-940fromhumanrecombinantCB1receptorinCOScellsDisplacementof[3H]CP-55-940fromhumanrecombinantCB1receptorinCOScells,ChEMBL,606,6.8,C[C@H](CO)NC(=O)CCC/C=C\C/C=C\C/C=C\C/C=C\CCOC(=O)c1cc(I)ccc1N=[N+]=[N-],10.1016/j.bmcl.2006.04.059
141110,Human,7.1,pKi,7.1,Binding,Displacementof[3H]CP-55940fromhumanCB1receptorexpressedinHEK293cellsDisplacementof[3H]CP-55940fromhumanCB1receptorexpressedinHEK293cells,ChEMBL,444,8.4,Cc1c(/C=C/C2CCCCC2)nn(-c2ccc(Cl)cc2Cl)c1-c1ccc(Cl)cc1,10.1021/jm060446b
136568,Human,5.2,pKi,5.2,Binding,Displacementof[3H]SR141716AfromhumanCB1receptorexpressedinCHOcellsDisplacementof[3H]SR141716AfromhumanCB1receptorexpressedinCHOcells,ChEMBL,370,5.9,O=C(Nc1ccccc1)NC(c1ccc(Cl)cc1)c1ccc(Cl)cc1,10.1021/jm0503906
84467,Human,5.5,pKi,5.5,Binding,Displacementof[3H]SR141716AfromhumanCB1receptorexpressedinCHOcellsDisplacementof[3H]SR141716AfromhumanCB1receptorexpressedinCHOcells,ChEMBL,458,6.1,O=C(Nc1ccccc1)NC(c1ccc(Br)cc1)c1ccc(Br)cc1,10.1021/jm0503906
167828,Human,5.9,pKi,5.9,Binding,Displacementof[3H]SR141716AfromhumanCB1receptorexpressedinCHOcellsDisplacementof[3H]SR141716AfromhumanCB1receptorexpressedinCHOcells,ChEMBL,448,6.7,O=C(Nc1ccc(Br)cc1)NC(c1ccc(Cl)cc1)c1ccc(Cl)cc1,10.1021/jm0503906
165512,Human,6.3,pKi,6.3,Binding,Displacementof[3H]SR141716AfromhumanCB1receptorexpressedinCHOcellsDisplacementof[3H]SR141716AfromhumanCB1receptorexpressedinCHOcells,ChEMBL,536,6.9,O=C(Nc1ccc(Br)cc1)NC(c1ccc(Br)cc1)c1ccc(Br)cc1,10.1021/jm0503906
84980,Human,6.9,pKi,6.9,Binding,Displacementof[3H]CP-55940fromhumanCB1receptorexpressedinHEKcellsDisplacementof[3H]CP-55940fromhumanCB1receptorexpressedinHEKcells,ChEMBL,365,4,CCCCCc1cc(O)cc(OCCCCCCCC(=O)NCCO)c1,10.1016/j.bmc.2007.05.060
84981,Human,7.8,pKi,7.8,Binding,Displacementof[3H]CP-55940fromhumanCB1receptorexpressedinHEKcellsDisplacementof[3H]CP-55940fromhumanCB1receptorexpressedinHEKcells,ChEMBL,361,5.1,CCCCCc1cc(O)cc(OCCCCCCCC(=O)NC2CC2)c1,10.1016/j.bmc.2007.05.060
84982,Human,6.3,pKi,6.3,Binding,Displacementof[3H]CP-55940fromhumanCB1receptorexpressedinHEKcellsDisplacementof[3H]CP-55940fromhumanCB1receptorexpressedinHEKcells,ChEMBL,417,6.5,CCCCCc1cc(O)cc(OCCCCCCCCCCC(=O)NCC2CC2)c1,10.1016/j.bmc.2007.05.060
84983,Human,6.3,pKi,6.3,Binding,Displacementof[3H]CP-55940fromhumanCB1receptorexpressedinHEKcellsDisplacementof[3H]CP-55940fromhumanCB1receptorexpressedinHEKcells,ChEMBL,499,6.8,CCCCCc1cc(O)cc(OCCCCCCCCCCC(=O)NCCc2ccc(O)c(O)c2)c1,10.1016/j.bmc.2007.05.060
84992,Human,5.7,pKi,5.7,Binding,Displacementof[3H]CP-55940fromhumanCB1receptorexpressedinHEKcellsDisplacementof[3H]CP-55940fromhumanCB1receptorexpressedinHEKcells,ChEMBL,499,7,CCCCCc1cc(O)cc(OCCCCCCCCCCC(=O)NCc2ccc(OC)c(O)c2)c1,10.1016/j.bmc.2007.05.060
84993,Human,7.2,pKi,7.2,Binding,Displacementof[3H]CP-55940fromhumanCB1receptorexpressedinHEKcellsDisplacementof[3H]CP-55940fromhumanCB1receptorexpressedinHEKcells,ChEMBL,421,5.5,CCCCCc1cc(O)cc(OCCCCCCCCCCCC(=O)NCCO)c1,10.1016/j.bmc.2007.05.060
84994,Human,6.1,pKi,6.1,Binding,Displacementof[3H]CP-55940fromhumanCB1receptorexpressedinHEKcellsDisplacementof[3H]CP-55940fromhumanCB1receptorexpressedinHEKcells,ChEMBL,417,6.7,CCCCCc1cc(O)cc(OCCCCCCCCCCCC(=O)NC2CC2)c1,10.1016/j.bmc.2007.05.060
85001,Human,6.6,pKi,6.6,Binding,Displacementof[3H]CP-55940fromhumanCB1receptorexpressedinHEKcellsDisplacementof[3H]CP-55940fromhumanCB1receptorexpressedinHEKcells,ChEMBL,379,4.3,CCCCCCc1c(O)cccc1OCCCCCCCC(=O)NCCO,10.1016/j.bmc.2007.05.060
85002,Human,6.5,pKi,6.5,Binding,Displacementof[3H]CP-55940fromhumanCB1receptorexpressedinHEKcellsDisplacementof[3H]CP-55940fromhumanCB1receptorexpressedinHEKcells,ChEMBL,375,5.5,CCCCCCc1c(O)cccc1OCCCCCCCC(=O)NC1CC1,10.1016/j.bmc.2007.05.060
85003,Human,6.1,pKi,6.1,Binding,Displacementof[3H]CP-55940fromhumanCB1receptorexpressedinHEKcellsDisplacementof[3H]CP-55940fromhumanCB1receptorexpressedinHEKcells,ChEMBL,431,6.9,CCCCCCc1c(O)cccc1OCCCCCCCCCCC(=O)NCC1CC1,10.1016/j.bmc.2007.05.060
85010,Human,5.7,pKi,5.7,Binding,Displacementof[3H]CP-55940fromhumanCB1receptorexpressedinHEKcellsDisplacementof[3H]CP-55940fromhumanCB1receptorexpressedinHEKcells,ChEMBL,513,7.2,CCCCCCc1c(O)cccc1OCCCCCCCCCCC(=O)NCCc1ccc(O)c(O)c1,10.1016/j.bmc.2007.05.060
141389,Human,5.6,pKi,5.6,Binding,Displacementof[3H]CP-55940fromhumanCB1receptorexpressedinHEKcellsDisplacementof[3H]CP-55940fromhumanCB1receptorexpressedinHEKcells,ChEMBL,513,7.4,CCCCCCc1c(O)cccc1OCCCCCCCCCCC(=O)NCc1ccc(OC)c(O)c1,10.1016/j.bmc.2007.05.060
85011,Human,6.8,pKi,6.8,Binding,Displacementof[3H]CP-55940fromhumanCB1receptorexpressedinHEKcellsDisplacementof[3H]CP-55940fromhumanCB1receptorexpressedinHEKcells,ChEMBL,435,5.9,CCCCCCc1c(O)cccc1OCCCCCCCCCCCC(=O)NCCO,10.1016/j.bmc.2007.05.060
136179,Human,7.9,pKi,7.9,Binding,Displacementof[3H]CP-55940fromhumanCB1receptorexpressedinHEKcellsDisplacementof[3H]CP-55940fromhumanCB1receptorexpressedinHEKcells,ChEMBL,431,7.1,CCCCCCc1c(O)cccc1OCCCCCCCCCCCC(=O)NC1CC1,10.1016/j.bmc.2007.05.060
85013,Human,7.3,pKi,7.3,Binding,Displacementof[3H]CP-55940fromhumanCB1receptorexpressedinHEKcellsDisplacementof[3H]CP-55940fromhumanCB1receptorexpressedinHEKcells,ChEMBL,375,5.5,CCCCCCc1ccc(OCCCCCCCC(=O)NC2CC2)cc1O,10.1016/j.bmc.2007.05.060
85225,Human,8.3,pKi,8.3,Binding,Displacementof[3H]CP-55940fromhumanCB1receptorexpressedinHEKcellsDisplacementof[3H]CP-55940fromhumanCB1receptorexpressedinHEKcells,ChEMBL,403,6.3,CCCCCc1ccc(OCCCCCCCCCCC(=O)NC2CC2)cc1O,10.1016/j.bmc.2007.05.060
143537,Human,8.7,pKi,8.7,Binding,NoneNone,PDSPKiDatabase,427,6.2,Cc1ccc(-n2cc(C(=O)NC3CCCCC3)nc2-c2ccc(Cl)cc2Cl)cc1,None
143540,Human,7.6,pKi,7.6,Binding,Displacementof[3H]CP-559440fromhumanCB1receptorexpressedinHEK293cellsDisplacementof[3H]CP-559440fromhumanCB1receptorexpressedinHEK293cells,ChEMBL,447,6.6,O=C(NC1CCCCC1)c1cn(-c2ccc(Cl)cc2)c(-c2cc(Cl)ccc2Cl)n1,10.1016/j.bmcl.2007.03.011
85193,Human,8.1,pKi,8.1,Binding,Displacementof[3H]CP-559440fromhumanCB1receptorexpressedinHEK293cellsDisplacementof[3H]CP-559440fromhumanCB1receptorexpressedinHEK293cells,ChEMBL,407,5.9,Cc1ccc(-c2nc(C(=O)NC3CCCCC3)cn2-c2ccc(Cl)cc2)c(C)c1,10.1016/j.bmcl.2007.03.011
141860,Human,7.4,pKi,7.4,Binding,Displacementof[3H]CP-559440fromhumanCB1receptorexpressedinHEK293cellsDisplacementof[3H]CP-559440fromhumanCB1receptorexpressedinHEK293cells,ChEMBL,415,5.5,O=C(NC1CCCCC1)c1cn(-c2ccc(Cl)cc2)c(-c2ccc(F)cc2F)n1,10.1016/j.bmcl.2007.03.011
85202,Human,8.3,pKi,8.3,Binding,NoneNone,PDSPKiDatabase,393,5.6,Cc1ccc(-n2cc(C(=O)NC3CCCCC3)nc2-c2ccccc2Cl)cc1,None
85203,Human,8.1,pKi,8.1,Binding,NoneNone,PDSPKiDatabase,409,5.3,COc1ccc(-n2cc(C(=O)NC3CCCCC3)nc2-c2ccccc2Cl)cc1,None
85204,Human,7.7,pKi,7.7,Binding,NoneNone,PDSPKiDatabase,397,5.4,O=C(NC1CCCCC1)c1cn(-c2ccc(F)cc2)c(-c2ccccc2Cl)n1,None
168195,Human,7.7,pKi,7.7,Binding,Displacementof[3H]CP-559440fromhumanCB1receptorexpressedinHEK293cellsDisplacementof[3H]CP-559440fromhumanCB1receptorexpressedinHEK293cells,ChEMBL,393,5.6,Cc1ccccc1-c1nc(C(=O)NC2CCCCC2)cn1-c1ccc(Cl)cc1,10.1016/j.bmcl.2007.03.011
141242,Human,7.4,pKi,7.4,Binding,Displacementof[3H]CP-559440fromhumanCB1receptorexpressedinHEK293cellsDisplacementof[3H]CP-559440fromhumanCB1receptorexpressedinHEK293cells,ChEMBL,407,5.8,CCc1ccccc1-c1nc(C(=O)NC2CCCCC2)cn1-c1ccc(Cl)cc1,10.1016/j.bmcl.2007.03.011
85213,Human,7.0,pKi,7.0,Binding,Displacementof[3H]CP-559440fromhumanCB1receptorexpressedinHEK293cellsDisplacementof[3H]CP-559440fromhumanCB1receptorexpressedinHEK293cells,ChEMBL,409,5.3,COc1ccccc1-c1nc(C(=O)NC2CCCCC2)cn1-c1ccc(Cl)cc1,10.1016/j.bmcl.2007.03.011
85214,Human,7.8,pKi,7.8,Binding,NoneNone,PDSPKiDatabase,399,6,CC1CCC(n2cc(C(=O)NC3CCCCC3)nc2-c2ccccc2Cl)CC1,None
85215,Human,7.5,pKi,7.5,Binding,Displacementof[3H]CP-559440fromhumanCB1receptorexpressedinHEK293cellsDisplacementof[3H]CP-559440fromhumanCB1receptorexpressedinHEK293cells,ChEMBL,427,6.3,CN(C(=O)c1cn(-c2ccc(Cl)cc2)c(-c2ccccc2Cl)n1)C1CCCCC1,10.1016/j.bmcl.2007.03.011
85220,Human,6.6,pKi,6.6,Binding,Displacementof[3H]CP-559440fromhumanCB1receptorexpressedinHEK293cellsDisplacementof[3H]CP-559440fromhumanCB1receptorexpressedinHEK293cells,ChEMBL,462,5.5,N[C@H]1CCCC[C@@H]1NC(=O)c1cn(-c2ccc(Cl)cc2)c(-c2ccc(Cl)cc2Cl)n1,10.1016/j.bmcl.2007.03.011
141629,Human,6.0,pKi,6.0,Binding,Displacementof[3H]CP-559440fromhumanCB1receptorexpressedinHEK293cellsDisplacementof[3H]CP-559440fromhumanCB1receptorexpressedinHEK293cells,ChEMBL,462,5.5,N[C@@H]1CCCC[C@H]1NC(=O)c1cn(-c2ccc(Cl)cc2)c(-c2ccc(Cl)cc2Cl)n1,10.1016/j.bmcl.2007.03.011
85221,Human,6.2,pKi,6.2,Binding,Displacementof[3H]CP-559440fromhumanCB1receptorexpressedinHEK293cellsDisplacementof[3H]CP-559440fromhumanCB1receptorexpressedinHEK293cells,ChEMBL,476,5.8,CN[C@H]1CCCC[C@@H]1NC(=O)c1cn(-c2ccc(Cl)cc2)c(-c2ccc(Cl)cc2Cl)n1,10.1016/j.bmcl.2007.03.011
85261,Human,6.0,pKi,6.0,Binding,Displacementof[3H]CP-559440fromhumanCB1receptorexpressedinHEK293cellsDisplacementof[3H]CP-559440fromhumanCB1receptorexpressedinHEK293cells,ChEMBL,476,5.8,CN[C@@H]1CCCC[C@H]1NC(=O)c1cn(-c2ccc(Cl)cc2)c(-c2ccc(Cl)cc2Cl)n1,10.1016/j.bmcl.2007.03.011
143542,Human,7.7,pKi,7.7,Binding,Displacementof[3H]CP-559440fromhumanCB1receptorexpressedinHEK293cellsDisplacementof[3H]CP-559440fromhumanCB1receptorexpressedinHEK293cells,ChEMBL,463,5.2,O=C(N[C@H]1c2ccccc2C[C@@H]1O)c1cn(-c2ccc(Cl)cc2)c(-c2ccccc2Cl)n1,10.1016/j.bmcl.2007.03.011
85370,Human,7.4,pKi,7.4,Binding,Displacementof[3H]CP-559440fromhumanCB1receptorexpressedinHEK293cellsDisplacementof[3H]CP-559440fromhumanCB1receptorexpressedinHEK293cells,ChEMBL,463,5.2,O=C(N[C@H]1Cc2ccccc2[C@@H]1O)c1cn(-c2ccc(Cl)cc2)c(-c2ccccc2Cl)n1,10.1016/j.bmcl.2007.03.011
151546,Human,8.0,pKi,8.0,Binding,Displacementof[3H]CP-559440fromhumanCB1receptorexpressedinHEK293cellsDisplacementof[3H]CP-559440fromhumanCB1receptorexpressedinHEK293cells,ChEMBL,485,6.2,CCCCc1c(C(=O)N[C@H]2CCCC[C@@H]2O)nc(-c2ccccc2Cl)n1-c1ccc(Cl)cc1,10.1016/j.bmcl.2007.03.011
151278,Human,7.7,pKi,7.7,Binding,Displacementof[3H]CP-559440fromhumanCB1receptorexpressedinHEK293cellsDisplacementof[3H]CP-559440fromhumanCB1receptorexpressedinHEK293cells,ChEMBL,507,5.6,O=C(N[C@H]1CCCC[C@@H]1O)c1nc(-c2ccccc2Cl)n(-c2ccc(Cl)cc2)c1Br,10.1016/j.bmcl.2007.03.011
151348,Human,8.1,pKi,8.1,Binding,Displacementof[3H]CP-55940fromhumanCB1receptorexpressedinHEKcellsDisplacementof[3H]CP-55940fromhumanCB1receptorexpressedinHEKcells,ChEMBL,486,7.7,Cc1c2c(n(-c3ccc(Cl)cc3Cl)c1-c1ccc(Cl)cc1)CCN(C1CCCCC1)C2=O,10.1016/j.bmcl.2006.10.095
151350,Human,8.2,pKi,8.2,Binding,Displacementof[3H]CP-55940fromhumanCB1receptorexpressedinHEKcellsDisplacementof[3H]CP-55940fromhumanCB1receptorexpressedinHEKcells,ChEMBL,470,7.2,Cc1c2c(n(-c3ccc(Cl)cc3Cl)c1-c1ccc(F)cc1)CCN(C1CCCCC1)C2=O,10.1016/j.bmcl.2006.10.095
85368,Human,8.1,pKi,8.1,Binding,Displacementof[3H]CP-55940fromhumanCB1receptorexpressedinHEKcellsDisplacementof[3H]CP-55940fromhumanCB1receptorexpressedinHEKcells,ChEMBL,482,7.1,COc1ccc(-c2c(C)c3c(n2-c2ccc(Cl)cc2Cl)CCN(C2CCCCC2)C3=O)cc1,10.1016/j.bmcl.2006.10.095
141259,Human,8.0,pKi,8.0,Binding,Displacementof[3H]CP-55940fromhumanCB1receptorexpressedinHEKcellsDisplacementof[3H]CP-55940fromhumanCB1receptorexpressedinHEKcells,ChEMBL,478,7.7,C=Cc1ccc(-c2c(C)c3c(n2-c2ccc(Cl)cc2Cl)CCN(C2CCCCC2)C3=O)cc1,10.1016/j.bmcl.2006.10.095
85369,Human,6.0,pKi,6.0,Binding,Displacementof[3H]CP-55940fromhumanCB1receptorexpressedinHEKcellsDisplacementof[3H]CP-55940fromhumanCB1receptorexpressedinHEKcells,ChEMBL,467,6.7,Cc1c2c(n(-c3ccc(Cl)cc3Cl)c1-c1ccc(N)cc1)CCN(C1CCCCC1)C2=O,10.1016/j.bmcl.2006.10.095
85396,Human,8.3,pKi,8.3,Binding,Displacementof[3H]CP-55940fromhumanCB1receptorexpressedinHEKcellsDisplacementof[3H]CP-55940fromhumanCB1receptorexpressedinHEKcells,ChEMBL,512,7.1,COc1ccc(-c2c(C)c3c(n2-c2ccc(Cl)cc2Cl)CCN(C2CCCCC2)C3=O)cc1OC,10.1016/j.bmcl.2006.10.095
85398,Human,6.4,pKi,6.4,Binding,Displacementof[3H]CP-55940fromhumanCB1receptorexpressedinHEKcellsDisplacementof[3H]CP-55940fromhumanCB1receptorexpressedinHEKcells,ChEMBL,467,6.7,Cc1c2c(n(-c3ccc(Cl)cc3Cl)c1-c1cccc(N)c1)CCN(C1CCCCC1)C2=O,10.1016/j.bmcl.2006.10.095
85444,Human,6.4,pKi,6.4,Binding,Displacementof[3H]CP-55940fromhumanCB1receptorexpressedinHEKcellsDisplacementof[3H]CP-55940fromhumanCB1receptorexpressedinHEKcells,ChEMBL,453,6.5,Cc1c2c(n(-c3ccc(Cl)cc3Cl)c1-c1cccnc1)CCN(C1CCCCC1)C2=O,10.1016/j.bmcl.2006.10.095
85446,Human,8.6,pKi,8.6,Binding,Displacementof[3H]CP-55940fromhumanCB1receptorexpressedinHEKcellsDisplacementof[3H]CP-55940fromhumanCB1receptorexpressedinHEKcells,ChEMBL,452,7.1,Cc1c2c(n(-c3ccccc3Cl)c1-c1ccc(Cl)cc1)CCN(C1CCCCC1)C2=O,10.1016/j.bmcl.2006.10.095
142305,Human,6.7,pKi,6.7,Binding,Displacementof[3H]CP-55940fromhumanCB1receptorexpressedinHEKcellsDisplacementof[3H]CP-55940fromhumanCB1receptorexpressedinHEKcells,ChEMBL,486,7.7,Cc1c2c(n(-c3c(Cl)cccc3Cl)c1-c1ccc(Cl)cc1)CCN(C1CCCCC1)C2=O,10.1016/j.bmcl.2006.10.095
85506,Human,8.5,pKi,8.5,Binding,Displacementof[3H]CP-55940fromhumanCB1receptorexpressedinHEKcellsDisplacementof[3H]CP-55940fromhumanCB1receptorexpressedinHEKcells,ChEMBL,453,6.2,Cc1c2c(n(-c3ccccc3Cl)c1-c1ccc(Cl)cc1)CCN(N1CCCCC1)C2=O,10.1016/j.bmcl.2006.10.095
85050,Human,5.7,pKi,5.7,Binding,Displacementof[3H]CP-55940fromhumanCB1receptorDisplacementof[3H]CP-55940fromhumanCB1receptor,ChEMBL,328,4.7,CCCCCOC(=O)c1cc(O)c(-c2cc(C)cc(C)c2)c(O)c1,10.1016/j.bmcl.2007.06.055
84986,Human,5.6,pKi,5.6,Binding,Displacementof[3H]CP-55940fromhumanCB1receptorDisplacementof[3H]CP-55940fromhumanCB1receptor,ChEMBL,314,4.3,CCCCOC(=O)c1cc(O)c(-c2cc(C)cc(C)c2)c(O)c1,10.1016/j.bmcl.2007.06.055
87004,Human,7.9,pKi,7.9,Binding,Displacementof[3H]CP-55940fromclonedhumanCB1receptorDisplacementof[3H]CP-55940fromclonedhumanCB1receptor,ChEMBL,322,6.7,CCCCCCC1(c2ccc(-c3cc(C)cc(C)c3)c(O)c2)CC1,10.1016/j.bmcl.2007.04.059
87007,Human,8.7,pKi,8.7,Binding,Displacementof[3H]CP-55940fromclonedhumanCB1receptorDisplacementof[3H]CP-55940fromclonedhumanCB1receptor,ChEMBL,364,7.8,CCCCCCC1(c2ccc(-c3cc(C)cc(C)c3)c(O)c2)CCCCC1,10.1016/j.bmcl.2007.04.059
144593,Human,6.8,pKi,6.8,Binding,Displacementof[3H]CP-55940fromclonedhumanCB1receptorDisplacementof[3H]CP-55940fromclonedhumanCB1receptor,ChEMBL,298,4.1,COC(=O)C(C)(C)c1ccc(-c2cc(C)cc(C)c2)c(O)c1,10.1016/j.bmcl.2007.04.059
87289,Human,6.9,pKi,6.9,Binding,Displacementof[3H]CP-55940fromclonedhumanCB1receptorDisplacementof[3H]CP-55940fromclonedhumanCB1receptor,ChEMBL,326,4.9,COC(=O)CCC(C)(C)c1ccc(-c2cc(C)cc(C)c2)c(O)c1,10.1016/j.bmcl.2007.04.059
87008,Human,7.6,pKi,7.6,Binding,Displacementof[3H]CP-55940fromclonedhumanCB1receptorDisplacementof[3H]CP-55940fromclonedhumanCB1receptor,ChEMBL,354,5.7,COC(=O)CCCCC(C)(C)c1ccc(-c2cc(C)cc(C)c2)c(O)c1,10.1016/j.bmcl.2007.04.059
87290,Human,5.7,pKi,5.7,Binding,Displacementof[3H]CP-55940fromclonedhumanCB1receptorDisplacementof[3H]CP-55940fromclonedhumanCB1receptor,ChEMBL,270,3.9,Cc1cc(C)cc(-c2ccc(C(C)(C)CO)cc2O)c1,10.1016/j.bmcl.2007.04.059
151140,Human,6.0,pKi,6.0,Binding,Displacementof[3H]CP-55940fromclonedhumanCB1receptorDisplacementof[3H]CP-55940fromclonedhumanCB1receptor,ChEMBL,298,4.7,Cc1cc(C)cc(-c2ccc(C(C)(C)CCCO)cc2O)c1,10.1016/j.bmcl.2007.04.059
87460,Human,7.4,pKi,7.4,Binding,Displacementof[3H]CP-55940fromclonedhumanCB1receptorDisplacementof[3H]CP-55940fromclonedhumanCB1receptor,ChEMBL,326,5.5,Cc1cc(C)cc(-c2ccc(C(C)(C)CCCCCO)cc2O)c1,10.1016/j.bmcl.2007.04.059
87637,Human,6.1,pKi,6.1,Binding,Displacementof[3H]CP-55940fromclonedhumanCB1receptorDisplacementof[3H]CP-55940fromclonedhumanCB1receptor,ChEMBL,325,4.5,CNC(=O)CCC(C)(C)c1ccc(-c2cc(C)cc(C)c2)c(O)c1,10.1016/j.bmcl.2007.04.059
144263,Human,7.0,pKi,7.0,Binding,Displacementof[3H]CP-55940fromclonedhumanCB1receptorDisplacementof[3H]CP-55940fromclonedhumanCB1receptor,ChEMBL,353,5.3,CNC(=O)CCCCC(C)(C)c1ccc(-c2cc(C)cc(C)c2)c(O)c1,10.1016/j.bmcl.2007.04.059
86347,Human,8.8,pKi,8.8,Binding,Displacementof[3H]CP-55940fromclonedhumanCB1receptorDisplacementof[3H]CP-55940fromclonedhumanCB1receptor,ChEMBL,324,6.9,CCCCCCC(C)(C)c1ccc(-c2c(C)cccc2C)c(O)c1,10.1016/j.bmcl.2007.04.059
86348,Human,8.3,pKi,8.3,Binding,Displacementof[3H]CP-55940fromclonedhumanCB1receptorDisplacementof[3H]CP-55940fromclonedhumanCB1receptor,ChEMBL,324,6.9,CCCCCCC(C)(C)c1ccc(-c2cc(C)ccc2C)c(O)c1,10.1016/j.bmcl.2007.04.059
144266,Human,7.3,pKi,7.3,Binding,Displacementof[3H]CP-55940fromclonedhumanCB1receptorDisplacementof[3H]CP-55940fromclonedhumanCB1receptor,ChEMBL,324,6.9,CCCCCCC(C)(C)c1ccc(-c2cccc(C)c2C)c(O)c1,10.1016/j.bmcl.2007.04.059
87467,Human,6.2,pKi,6.2,Binding,Displacementof[3H]CP-55940fromclonedhumanCB1receptorDisplacementof[3H]CP-55940fromclonedhumanCB1receptor,ChEMBL,324,6.9,CCCCCCC(C)(C)c1ccc(-c2ccc(C)c(C)c2)c(O)c1,10.1016/j.bmcl.2007.04.059
165676,Human,7.5,pKi,7.5,Binding,Displacementof[3H]CP-55940fromclonedhumanCB1receptorDisplacementof[3H]CP-55940fromclonedhumanCB1receptor,ChEMBL,356,6.3,CCCCCCC(C)(C)c1ccc(-c2cccc(OC)c2OC)c(O)c1,10.1016/j.bmcl.2007.04.059
87640,Human,7.0,pKi,7.0,Binding,Displacementof[3H]CP-55940fromclonedhumanCB1receptorDisplacementof[3H]CP-55940fromclonedhumanCB1receptor,ChEMBL,326,6.3,CCCCCCC(C)(C)c1ccc(-c2cccc(OC)c2)c(O)c1,10.1016/j.bmcl.2007.04.059
89240,Human,5.9,pKi,5.9,Binding,Displacementof[3H]CP-55940fromclonedhumanCB1receptorDisplacementof[3H]CP-55940fromclonedhumanCB1receptor,ChEMBL,356,6.3,CCCCCCC(C)(C)c1ccc(-c2ccc(OC)c(OC)c2)c(O)c1,10.1016/j.bmcl.2007.04.059
87696,Human,8.3,pKi,8.3,Binding,Displacementof[3H]CP-55940fromclonedhumanCB1receptorDisplacementof[3H]CP-55940fromclonedhumanCB1receptor,ChEMBL,311,5.9,CCCCCCC(C)(C)c1ccc(-c2ccccc2N)c(O)c1,10.1016/j.bmcl.2007.04.059
89242,Human,7.8,pKi,7.8,Binding,Displacementof[3H]CP-55940fromclonedhumanCB1receptorDisplacementof[3H]CP-55940fromclonedhumanCB1receptor,ChEMBL,311,5.9,CCCCCCC(C)(C)c1ccc(-c2cccc(N)c2)c(O)c1,10.1016/j.bmcl.2007.04.059
144267,Human,6.5,pKi,6.5,Binding,Displacementof[3H]CP-55940fromclonedhumanCB1receptorDisplacementof[3H]CP-55940fromclonedhumanCB1receptor,ChEMBL,311,5.9,CCCCCCC(C)(C)c1ccc(-c2ccc(N)cc2)c(O)c1,10.1016/j.bmcl.2007.04.059
89307,Human,7.6,pKi,7.6,Binding,Displacementof[3H]CP-55940fromclonedhumanCB1receptorDisplacementof[3H]CP-55940fromclonedhumanCB1receptor,ChEMBL,321,6.2,CCCCCCC(C)(C)c1ccc(-c2cccc(C#N)c2)c(O)c1,10.1016/j.bmcl.2007.04.059
87325,Human,6.5,pKi,6.5,Binding,Displacementof[3H]CP-55940fromclonedhumanCB1receptorDisplacementof[3H]CP-55940fromclonedhumanCB1receptor,ChEMBL,338,7.2,CCCCCCC(C)(C)c1ccc(-c2cc(C)cc(C)c2)c(OC)c1,10.1016/j.bmcl.2007.04.059
86655,Human,6.6,pKi,6.6,Binding,Displacementof[3H]CP-55940fromclonedhumanCB1receptorDisplacementof[3H]CP-55940fromclonedhumanCB1receptor,ChEMBL,366,7,CCCCCCC(C)(C)c1ccc(-c2cc(C)cc(C)c2)c(C(=O)OC)c1,10.1016/j.bmcl.2007.04.059
86658,Human,6.4,pKi,6.4,Binding,Displacementof[3H]CP-55940fromclonedhumanCB1receptorDisplacementof[3H]CP-55940fromclonedhumanCB1receptor,ChEMBL,351,6.3,CCCCCCC(C)(C)c1ccc(-c2cc(C)cc(C)c2)c(C(N)=O)c1,10.1016/j.bmcl.2007.04.059
86659,Human,6.4,pKi,6.4,Binding,Displacementof[3H]CP-55940fromclonedhumanCB1receptorDisplacementof[3H]CP-55940fromclonedhumanCB1receptor,ChEMBL,338,6.7,CCCCCCC(C)(C)c1ccc(-c2cc(C)cc(C)c2)c(CO)c1,10.1016/j.bmcl.2007.04.059
167531,Human,5.8,pKi,5.8,Binding,Displacementof[3H]CP-55940fromclonedhumanCB1receptorDisplacementof[3H]CP-55940fromclonedhumanCB1receptor,ChEMBL,337,6.7,CCCCCCC(C)(C)c1ccc(-c2cc(C)cc(C)c2)c(CN)c1,10.1016/j.bmcl.2007.04.059
86661,Human,5.4,pKi,5.4,Binding,Displacementof[3H]CP-55940fromclonedhumanCB1receptorDisplacementof[3H]CP-55940fromclonedhumanCB1receptor,ChEMBL,407,7.1,CCCCCCC(C)(C)c1ccc(-c2cc(C)cc(C)c2)c(CN2CCOCC2)c1,10.1016/j.bmcl.2007.04.059
91355,Human,6.2,pKi,6.2,Binding,BindingaffinityatCB1receptorBindingaffinityatCB1receptor,ChEMBL,334,6.1,C=C(C)C1CCC(C)=C[C@H]1c1c(O)cc(-c2ccc(C)cc2)cc1O,10.1016/j.bmcl.2007.10.044
89664,Human,6.1,pKi,6.1,Binding,BindingaffinitytoCB1receptorBindingaffinitytoCB1receptor,ChEMBL,370,6.9,C=C(C)C1CCC(C)=C[C@H]1c1c(O)cc(-c2cccc3ccccc23)cc1O,10.1021/jm0610705
89965,Human,6.6,pKi,6.6,Binding,BindingaffinitytoCB1receptorBindingaffinitytoCB1receptor,ChEMBL,337,5.4,C=C(C)C1CCC(C)=C[C@H]1c1c(O)cc(C2(C#N)CCCC2)cc1O,10.1021/jm0610705
153959,Human,6.5,pKi,6.5,Binding,BindingaffinitytoCB1receptorBindingaffinitytoCB1receptor,ChEMBL,351,5.8,C=C(C)C1CCC(C)=C[C@H]1c1c(O)cc(C2(C#N)CCCCC2)cc1O,10.1021/jm0610705
90166,Human,6.9,pKi,6.9,Binding,BindingaffinityatCB1receptorBindingaffinityatCB1receptor,ChEMBL,432,7.7,C=C(C)C1CCC(C)=C[C@H]1c1c(O)cc(C2(CCCCCC)SCCS2)cc1O,10.1016/j.bmcl.2007.10.044
88088,Human,5.9,pKi,5.9,Binding,BindingaffinityatCB1receptorBindingaffinityatCB1receptor,ChEMBL,314,5.8,C=C(C)C1CCC(C)=C[C@H]1c1c(O)cc(CCCCC)cc1O,10.1016/j.bmcl.2007.10.044
148299,Human,7.2,pKi,7.2,Binding,BindingaffinityatCB1receptorBindingaffinityatCB1receptor,ChEMBL,368,7.1,C=C(C)C1CCC(C)=C[C@H]1c1c(O)cc(C2(CCCCCC)CC2)cc1O,10.1016/j.bmcl.2007.10.044
89990,Human,6.2,pKi,6.2,Binding,BindingaffinitytoCB1receptorBindingaffinitytoCB1receptor,ChEMBL,436,7.9,C=C(C)C1CCC(C)=C[C@H]1c1c(O)cc(C2(CCCCCC)CC2(Cl)Cl)cc1O,10.1021/jm0610705
147922,Human,6.7,pKi,6.7,Binding,BindingaffinitytoCB1receptorBindingaffinitytoCB1receptor,ChEMBL,524,8.2,C=C(C)C1CCC(C)=C[C@H]1c1c(O)cc(C2(CCCCCC)CC2(Br)Br)cc1O,10.1021/jm0610705
90576,Human,6.7,pKi,6.7,Binding,Displacementof[3H]CP-55940fromhumanCB1receptorexpressedinHEK293cellsDisplacementof[3H]CP-55940fromhumanCB1receptorexpressedinHEK293cells,ChEMBL,457,6.9,CCCCCCC(C)(C)c1ccc(OCC/C=C\C/C=C\CCCC(=O)N[C@H](C)CO)cc1,10.1016/j.bmc.2007.08.039
147107,Human,7.1,pKi,7.1,Binding,Displacementof[3H]CP-55940fromhumanCB1receptorexpressedinHEK293cellsDisplacementof[3H]CP-55940fromhumanCB1receptorexpressedinHEK293cells,ChEMBL,453,7.5,CCCCCCC(C)(C)c1ccccc1/C=C\C/C=C\C/C=C\CCCC(=O)N[C@H](C)CO,10.1016/j.bmc.2007.08.039
90768,Human,7.1,pKi,7.1,Binding,Displacementof[3H]CP-55940fromhumanCB1receptorexpressedinHEK293cellsDisplacementof[3H]CP-55940fromhumanCB1receptorexpressedinHEK293cells,ChEMBL,445,5.1,C[C@H](CO)NC(=O)CCC/C=C\C/C=C\CCOc1cccc(C(C)(C)CCCCO)c1,10.1016/j.bmc.2007.08.039
90769,Human,8.1,pKi,8.1,Binding,Displacementof[3H]CP-55940fromhumanCB1receptorexpressedinHEK293cellsDisplacementof[3H]CP-55940fromhumanCB1receptorexpressedinHEK293cells,ChEMBL,507,6.5,C[C@H](CO)NC(=O)CCC/C=C\C/C=C\CCOc1cccc(C(C)(C)CCCCBr)c1,10.1016/j.bmc.2007.08.039
90770,Human,8.6,pKi,8.6,Binding,Displacementof[3H]CP-55940fromhumanCB1receptorexpressedinHEK293cellsDisplacementof[3H]CP-55940fromhumanCB1receptorexpressedinHEK293cells,ChEMBL,470,6.4,C[C@H](CO)NC(=O)CCC/C=C\C/C=C\CCOc1cccc(C(C)(C)CCCCN=[N+]=[N-])c1,10.1016/j.bmc.2007.08.039
147108,Human,8.3,pKi,8.3,Binding,Displacementof[3H]CP-55940fromhumanCB1receptorexpressedinHEK293cellsDisplacementof[3H]CP-55940fromhumanCB1receptorexpressedinHEK293cells,ChEMBL,440,5.6,C[C@H](CO)NC(=O)CCC/C=C\C/C=C\CCOc1cccc(C(C)(C)CCCC#N)c1,10.1016/j.bmc.2007.08.039
90896,Human,6.9,pKi,6.9,Binding,Displacementof[3H]CP-55940fromhumanCB1receptorexpressedinHEK293cellsDisplacementof[3H]CP-55940fromhumanCB1receptorexpressedinHEK293cells,ChEMBL,497,7.8,CCCCCCC(C)(C)c1cccc(OCC/C=C\C/C=C\C/C=C\CCCC(=O)N[C@H](C)CO)c1,10.1016/j.bmc.2007.08.039
92747,Human,6.9,pKi,6.9,Binding,BindingaffinitytoCB1receptorBindingaffinitytoCB1receptor,ChEMBL,530,2.2,C[C@H](NS(C)(=O)=O)c1ccc(S(=O)(=O)c2ccc(Cl)cc2S(=O)(=O)c2cccc[n+]2[O-])cc1,10.1016/j.bmcl.2007.04.028
92748,Human,6.9,pKi,6.9,Binding,BindingaffinitytoCB1receptorBindingaffinitytoCB1receptor,ChEMBL,517,3.5,Cc1occc1S(=O)(=O)c1cc(Cl)ccc1S(=O)(=O)c1ccc([C@H](C)NS(C)(=O)=O)cc1,10.1016/j.bmcl.2007.04.028
92824,Human,5.9,pKi,5.9,Binding,BindingaffinitytoCB1receptorBindingaffinitytoCB1receptor,ChEMBL,466,1.7,CNS(=O)(=O)c1cc(Cl)ccc1S(=O)(=O)c1ccc([C@H](C)NS(C)(=O)=O)cc1,10.1016/j.bmcl.2007.04.028
166556,Human,5.9,pKi,5.9,Binding,BindingaffinitytoCB1receptorBindingaffinitytoCB1receptor,ChEMBL,480,2,C[C@H](NS(C)(=O)=O)c1ccc(S(=O)(=O)c2ccc(Cl)cc2S(=O)(=O)N(C)C)cc1,10.1016/j.bmcl.2007.04.028
168076,Human,5.6,pKi,5.6,Binding,BindingaffinitytoCB1receptorBindingaffinitytoCB1receptor,ChEMBL,530,1,C[C@H](NS(C)(=O)=O)c1ccc(S(=O)(=O)c2ccc(Cl)cc2S(=O)(=O)NS(C)(=O)=O)cc1,10.1016/j.bmcl.2007.04.028
92781,Human,7.2,pKi,7.2,Binding,BindingaffinitytoCB1receptorBindingaffinitytoCB1receptor,ChEMBL,495,4.3,CC(=O)N[C@@H](C)c1ccc(S(=O)(=O)c2ccc(Cl)cc2S(=O)(=O)c2ccccc2F)cc1,10.1016/j.bmcl.2007.04.028
150834,Human,8.4,pKi,8.4,Binding,BindingaffinitytoCB1receptorBindingaffinitytoCB1receptor,ChEMBL,549,4.9,C[C@H](NC(=O)C(F)(F)F)c1ccc(S(=O)(=O)c2ccc(Cl)cc2S(=O)(=O)c2ccccc2F)cc1,10.1016/j.bmcl.2007.04.028
93068,Human,5.4,pKi,5.4,Binding,BindingaffinitytoCB1receptorBindingaffinitytoCB1receptor,ChEMBL,453,4.2,C[C@H](N)c1ccc(S(=O)(=O)c2ccc(Cl)cc2S(=O)(=O)c2ccccc2F)cc1,10.1016/j.bmcl.2007.04.028
92783,Human,8.2,pKi,8.2,Binding,BindingaffinitytoCB1receptorBindingaffinitytoCB1receptor,ChEMBL,535,5.4,C[C@H](NCC(F)(F)F)c1ccc(S(=O)(=O)c2ccc(Cl)cc2S(=O)(=O)c2ccccc2F)cc1,10.1016/j.bmcl.2007.04.028
92744,Human,7.8,pKi,7.8,Binding,BindingaffinitytoCB1receptorBindingaffinitytoCB1receptor,ChEMBL,549,5.7,C[C@H](NCCC(F)(F)F)c1ccc(S(=O)(=O)c2ccc(Cl)cc2S(=O)(=O)c2ccccc2F)cc1,10.1016/j.bmcl.2007.04.028
92749,Human,9.1,pKi,9.1,Binding,BindingaffinitytoCB1receptorBindingaffinitytoCB1receptor,ChEMBL,595,4.4,CCOc1ccc(S(=O)(=O)c2ccc([C@H](C)NS(=O)(=O)C(F)(F)F)cc2)c(S(=O)(=O)c2ccccc2F)c1,10.1016/j.bmcl.2007.04.028
152572,Human,6.0,pKi,6.0,Binding,BindingaffinitytoCB1receptorBindingaffinitytoCB1receptor,ChEMBL,635,3.4,C[C@H](NS(=O)(=O)C(F)(F)F)c1ccc(S(=O)(=O)c2ccc(N3CCNCC3)cc2S(=O)(=O)c2ccccc2F)cc1,10.1016/j.bmcl.2007.04.028
166846,Human,7.7,pKi,7.7,Binding,BindingaffinitytoCB1receptorBindingaffinitytoCB1receptor,ChEMBL,569,3.3,C[C@H](NS(=O)(=O)C(F)(F)F)c1ccc(S(=O)(=O)c2ccc(Cl)cc2S(=O)(=O)c2ncccn2)cc1,10.1016/j.bmcl.2007.04.028
92683,Human,8.4,pKi,8.4,Binding,BindingaffinitytoCB1receptorBindingaffinitytoCB1receptor,ChEMBL,600,4.2,C[C@H](NS(=O)(=O)C(F)(F)F)c1ccc(S(=O)(=O)c2ccc(Cl)cc2S(=O)(=O)c2c(N)cccc2F)cc1,10.1016/j.bmcl.2007.04.028
146679,Human,7.7,pKi,7.7,Binding,BindingaffinitytoCB1receptorBindingaffinitytoCB1receptor,ChEMBL,614,4.7,CNc1cccc(F)c1S(=O)(=O)c1cc(Cl)ccc1S(=O)(=O)c1ccc([C@H](C)NS(=O)(=O)C(F)(F)F)cc1,10.1016/j.bmcl.2007.04.028
92933,Human,7.8,pKi,7.8,Binding,BindingaffinitytoCB1receptorBindingaffinitytoCB1receptor,ChEMBL,640,5.2,C[C@H](NS(=O)(=O)C(F)(F)F)c1ccc(S(=O)(=O)c2ccc(Cl)cc2S(=O)(=O)c2c(F)cccc2NC2CC2)cc1,10.1016/j.bmcl.2007.04.028
146682,Human,6.9,pKi,6.9,Binding,BindingaffinitytoCB1receptorBindingaffinitytoCB1receptor,ChEMBL,628,4.7,C[C@H](NS(=O)(=O)C(F)(F)F)c1ccc(S(=O)(=O)c2ccc(Cl)cc2S(=O)(=O)c2c(F)cccc2N(C)C)cc1,10.1016/j.bmcl.2007.04.028
93146,Human,6.9,pKi,6.9,Binding,BindingaffinitytoCB1receptorBindingaffinitytoCB1receptor,ChEMBL,670,4.5,C[C@H](NS(=O)(=O)C(F)(F)F)c1ccc(S(=O)(=O)c2ccc(Cl)cc2S(=O)(=O)c2c(F)cccc2N2CCOCC2)cc1,10.1016/j.bmcl.2007.04.028
92934,Human,6.9,pKi,6.9,Binding,BindingaffinitytoCB1receptorBindingaffinitytoCB1receptor,ChEMBL,562,3.8,C[C@H](NS(=O)(=O)C(F)(F)F)c1ccc(S(=O)(=O)c2ccc(Cl)cc2S(=O)(=O)NC(C)(C)C)cc1,10.1016/j.bmcl.2007.04.028
148263,Human,7.2,pKi,7.2,Binding,BindingaffinitytoCB1receptorBindingaffinitytoCB1receptor,ChEMBL,574,3.8,C[C@H](NS(=O)(=O)C(F)(F)F)c1ccc(S(=O)(=O)c2ccc(Cl)cc2S(=O)(=O)N2CCCCC2)cc1,10.1016/j.bmcl.2007.04.028
92988,Human,6.7,pKi,6.7,Binding,BindingaffinitytoCB1receptorBindingaffinitytoCB1receptor,ChEMBL,576,2.7,C[C@H](NS(=O)(=O)C(F)(F)F)c1ccc(S(=O)(=O)c2ccc(Cl)cc2S(=O)(=O)N2CCOCC2)cc1,10.1016/j.bmcl.2007.04.028
92850,Human,5.4,pKi,5.4,Binding,BindingaffinitytohumanCB1receptorBindingaffinitytohumanCB1receptor,ChEMBL,317,3.8,CNC(=O)c1cnc(-c2ccc(C)cc2)c(-c2ccc(C)cc2)n1,10.1016/j.bmcl.2007.04.087
92911,Human,5.6,pKi,5.6,Binding,BindingaffinitytohumanCB1receptorBindingaffinitytohumanCB1receptor,ChEMBL,331,4.2,CCNC(=O)c1cnc(-c2ccc(C)cc2)c(-c2ccc(C)cc2)n1,10.1016/j.bmcl.2007.04.087
92912,Human,6.2,pKi,6.2,Binding,BindingaffinitytohumanCB1receptorBindingaffinitytohumanCB1receptor,ChEMBL,345,4.6,Cc1ccc(-c2ncc(C(=O)NC(C)C)nc2-c2ccc(C)cc2)cc1,10.1016/j.bmcl.2007.04.087
92913,Human,6.8,pKi,6.8,Binding,BindingaffinitytohumanCB1receptorBindingaffinitytohumanCB1receptor,ChEMBL,373,5.2,Cc1ccc(-c2ncc(C(=O)NCCC(C)C)nc2-c2ccc(C)cc2)cc1,10.1016/j.bmcl.2007.04.087
151937,Human,7.0,pKi,7.0,Binding,BindingaffinitytohumanCB1receptorBindingaffinitytohumanCB1receptor,ChEMBL,407,5.7,Cc1ccc(-c2ncc(C(=O)N(C)Cc3ccccc3)nc2-c2ccc(C)cc2)cc1,10.1016/j.bmcl.2007.04.087
150327,Human,7.2,pKi,7.2,Binding,BindingaffinitytohumanCB1receptorBindingaffinitytohumanCB1receptor,ChEMBL,399,5.7,Cc1ccc(-c2ncc(C(=O)NCC3CCCCC3)nc2-c2ccc(C)cc2)cc1,10.1016/j.bmcl.2007.04.087
92763,Human,6.8,pKi,6.8,Binding,BindingaffinitytohumanCB1receptorBindingaffinitytohumanCB1receptor,ChEMBL,357,4.6,Cc1ccc(-c2ncc(C(=O)NCC3CC3)nc2-c2ccc(C)cc2)cc1,10.1016/j.bmcl.2007.04.087
92808,Human,7.8,pKi,7.8,Binding,BindingaffinitytohumanCB1receptorBindingaffinitytohumanCB1receptor,ChEMBL,421,5.8,Cc1ccc(-c2ncc(C(=O)NCCCc3ccccc3)nc2-c2ccc(C)cc2)cc1,10.1016/j.bmcl.2007.04.087
93127,Human,8.3,pKi,8.3,Binding,BindingaffinitytohumanCB1receptorBindingaffinitytohumanCB1receptor,ChEMBL,435,6.2,Cc1ccc(-c2ncc(C(=O)NC(C)CCc3ccccc3)nc2-c2ccc(C)cc2)cc1,10.1016/j.bmcl.2007.04.087
151227,Human,7.6,pKi,7.6,Binding,BindingaffinitytohumanCB1receptorBindingaffinitytohumanCB1receptor,ChEMBL,450,5.7,Cc1ccc(-c2ncc(C(=O)NCCCN(C)c3ccccc3)nc2-c2ccc(C)cc2)cc1,10.1016/j.bmcl.2007.04.087
93129,Human,6.7,pKi,6.7,Binding,BindingaffinitytohumanCB1receptorBindingaffinitytohumanCB1receptor,ChEMBL,465,6.2,CCC(COCc1ccccc1)NC(=O)c1cnc(-c2ccc(C)cc2)c(-c2ccc(C)cc2)n1,10.1016/j.bmcl.2007.04.087
92695,Human,7.5,pKi,7.5,Binding,BindingaffinitytohumanCB1receptorBindingaffinitytohumanCB1receptor,ChEMBL,435,4.8,Cc1ccc(-c2ncc(C(=O)NC3Cc4ccccc4C3O)nc2-c2ccc(C)cc2)cc1,10.1016/j.bmcl.2007.04.087
152029,Human,6.5,pKi,6.5,Binding,BindingaffinitytohumanCB1receptorBindingaffinitytohumanCB1receptor,ChEMBL,401,4.5,Cc1ccc(-c2ncc(C(=O)N[C@@H]3CCCC[C@@H]3O)nc2-c2ccc(C)cc2)cc1,10.1016/j.bmcl.2007.04.087
93139,Human,6.8,pKi,6.8,Binding,BindingaffinitytohumanCB1receptorBindingaffinitytohumanCB1receptor,ChEMBL,415,4.7,Cc1ccc(-c2ncc(C(=O)N[C@@H]3CCCC[C@@H]3CO)nc2-c2ccc(C)cc2)cc1,10.1016/j.bmcl.2007.04.087
148283,Human,7.3,pKi,7.3,Binding,BindingaffinitytohumanCB1receptorBindingaffinitytohumanCB1receptor,ChEMBL,415,4.7,Cc1ccc(-c2ncc(C(=O)N[C@@H]3CCCC[C@H]3CO)nc2-c2ccc(C)cc2)cc1,10.1016/j.bmcl.2007.04.087
93181,Human,6.6,pKi,6.6,Binding,BindingaffinitytohumanCB1receptorBindingaffinitytohumanCB1receptor,ChEMBL,436,4.4,Cc1ccc(-c2ncc(C(=O)N[C@@H](C(N)=O)c3ccccc3)nc2-c2ccc(C)cc2)cc1,10.1016/j.bmcl.2007.04.087
147722,Human,7.9,pKi,7.9,Binding,BindingaffinitytohumanCB1receptorBindingaffinitytohumanCB1receptor,ChEMBL,443,5.3,CC(C)C[C@@H](CO)NC(=O)c1cnc(-c2ccc(Cl)cc2)c(-c2ccc(Cl)cc2)n1,10.1016/j.bmcl.2007.04.087
93627,Human,7.7,pKi,7.7,Binding,BindingaffinitytohumanCB1receptorBindingaffinitytohumanCB1receptor,ChEMBL,312,6.1,CCCCCc1cc(O)c2c(c1)CC(C)(C)[C@@H]1CCC(C)=C[C@@H]21,10.1016/j.bmcl.2007.09.019
93673,Human,6.6,pKi,6.6,Binding,BindingaffinitytohumanCB1receptorBindingaffinitytohumanCB1receptor,ChEMBL,491,5,CC1CCN(C(=O)c2ccc3c(c2)c2c(n3S(=O)(=O)c3ccccc3)CN(C3CCCC3)C2)CC1,10.1016/j.bmcl.2007.09.019
93551,Human,5.7,pKi,5.7,Binding,BindingaffinitytohumanCB1receptorBindingaffinitytohumanCB1receptor,ChEMBL,365,4.3,CC1CCN(C(=O)c2ccc3c(c2)c2c(n3C)CN(C3CCCC3)C2)CC1,10.1016/j.bmcl.2007.09.019
93577,Human,6.2,pKi,6.2,Binding,BindingaffinitytohumanCB1receptorBindingaffinitytohumanCB1receptor,ChEMBL,391,5,C=CCn1c2c(c3cc(C(=O)N4CCC(C)CC4)ccc31)CN(C1CCCC1)C2,10.1016/j.bmcl.2007.09.019
154116,Human,6.2,pKi,6.2,Binding,BindingaffinitytohumanCB1receptorBindingaffinitytohumanCB1receptor,ChEMBL,441,5.8,CC1CCN(C(=O)c2ccc3c(c2)c2c(n3Cc3ccccc3)CN(C3CCCC3)C2)CC1,10.1016/j.bmcl.2007.09.019
93419,Human,6.6,pKi,6.6,Binding,Displacementof[3H]CP-55940fromhumanrecombinantCB1receptorDisplacementof[3H]CP-55940fromhumanrecombinantCB1receptor,ChEMBL,429,3.6,CC1CCN(C(=O)c2ccc3c(c2)c2c(n3S(C)(=O)=O)CN(C3CCCC3)C2)CC1,10.1021/jm801044g
154727,Human,6.9,pKi,6.9,Binding,BindingaffinitytohumanCB1receptorBindingaffinitytohumanCB1receptor,ChEMBL,455,4.1,CC1CCN(C(=O)c2ccc3c(c2)c2c(n3S(=O)(=O)C3CC3)CN(C3CCCC3)C2)CC1,10.1016/j.bmcl.2007.09.019
93636,Human,6.7,pKi,6.7,Binding,BindingaffinitytohumanCB1receptorBindingaffinitytohumanCB1receptor,ChEMBL,457,4.4,CCCS(=O)(=O)n1c2c(c3cc(C(=O)N4CCC(C)CC4)ccc31)CN(C1CCCC1)C2,10.1016/j.bmcl.2007.09.019
153962,Human,5.6,pKi,5.6,Binding,Displacementof[3H]CP-55940fromhumanrecombinantCB1receptorDisplacementof[3H]CP-55940fromhumanrecombinantCB1receptor,ChEMBL,393,4.4,CC(=O)n1c2c(c3cc(C(=O)N4CCC(C)CC4)ccc31)CN(C1CCCC1)C2,10.1021/jm801044g
93637,Human,6.1,pKi,6.1,Binding,BindingaffinitytohumanCB1receptorBindingaffinitytohumanCB1receptor,ChEMBL,429,3.7,CCS(=O)(=O)n1c2c(c3cc(C(=O)N4CCCCC4)ccc31)CN(C1CCCC1)C2,10.1016/j.bmcl.2007.09.019
153835,Human,5.5,pKi,5.5,Binding,BindingaffinitytohumanCB1receptorBindingaffinitytohumanCB1receptor,ChEMBL,447,3.7,CCS(=O)(=O)n1c2c(c3cc(C(=O)N4CCC(F)CC4)ccc31)CN(C1CCCC1)C2,10.1016/j.bmcl.2007.09.019
153946,Human,5.7,pKi,5.7,Binding,BindingaffinitytohumanCB1receptorBindingaffinitytohumanCB1receptor,ChEMBL,459,3.3,CCS(=O)(=O)n1c2c(c3cc(C(=O)N4CCC(OC)CC4)ccc31)CN(C1CCCC1)C2,10.1016/j.bmcl.2007.09.019
93545,Human,5.1,pKi,5.1,Binding,BindingaffinitytohumanCB1receptorBindingaffinitytohumanCB1receptor,ChEMBL,417,3.6,CCS(=O)(=O)n1c2c(c3cc(C(=O)N(C)C(C)C)ccc31)CN(C1CCCC1)C2,10.1016/j.bmcl.2007.09.019
153947,Human,6.1,pKi,6.1,Binding,BindingaffinitytohumanCB1receptorBindingaffinitytohumanCB1receptor,ChEMBL,431,4,CCCCN(C)C(=O)c1ccc2c(c1)c1c(n2S(=O)(=O)CC)CN(C2CCCC2)C1,10.1016/j.bmcl.2007.09.019
93572,Human,5.8,pKi,5.8,Binding,BindingaffinitytohumanCB1receptorBindingaffinitytohumanCB1receptor,ChEMBL,445,4.2,CCS(=O)(=O)n1c2c(c3cc(C(=O)N(C)CCC(C)C)ccc31)CN(C1CCCC1)C2,10.1016/j.bmcl.2007.09.019
153840,Human,6.0,pKi,6.0,Binding,BindingaffinitytohumanCB1receptorBindingaffinitytohumanCB1receptor,ChEMBL,445,2.8,CCS(=O)(=O)n1c2c(c3cc(C(=O)N4CCC(C)CC4)ccc31)CN(C1CCOC1)C2,10.1016/j.bmcl.2007.09.019
93601,Human,5.5,pKi,5.5,Binding,BindingaffinitytohumanCB1receptorBindingaffinitytohumanCB1receptor,ChEMBL,459,3.2,CCS(=O)(=O)n1c2c(c3cc(C(=O)N4CCC(C)CC4)ccc31)CN(C1CCOCC1)C2,10.1016/j.bmcl.2007.09.019
93666,Human,5.2,pKi,5.2,Binding,BindingaffinitytohumanCB1receptorBindingaffinitytohumanCB1receptor,ChEMBL,459,3.6,CCS(=O)(=O)n1c2c(c3cc(C(=O)N4CCC(C)CC4)ccc31)CN(C1CCCCO1)C2,10.1016/j.bmcl.2007.09.019
93667,Human,6.6,pKi,6.6,Binding,BindingaffinitytohumanCB1receptorBindingaffinitytohumanCB1receptor,ChEMBL,415,3.2,C=CCN1Cc2c(n(S(=O)(=O)CC)c3ccc(C(=O)N4CCC(C)CC4)cc23)C1,10.1016/j.bmcl.2007.09.019
93668,Human,6.4,pKi,6.4,Binding,BindingaffinitytohumanCB1receptorBindingaffinitytohumanCB1receptor,ChEMBL,417,3.4,CCS(=O)(=O)n1c2c(c3cc(C(=O)N4CCC(C)CC4)ccc31)CN(C(C)C)C2,10.1016/j.bmcl.2007.09.019
154034,Human,6.2,pKi,6.2,Binding,BindingaffinitytohumanCB1receptorBindingaffinitytohumanCB1receptor,ChEMBL,417,3.4,CCCN1Cc2c(n(S(=O)(=O)CC)c3ccc(C(=O)N4CCC(C)CC4)cc23)C1,10.1016/j.bmcl.2007.09.019
93716,Human,6.5,pKi,6.5,Binding,BindingaffinitytohumanCB1receptorBindingaffinitytohumanCB1receptor,ChEMBL,431,3.8,CCCCN1Cc2c(n(S(=O)(=O)CC)c3ccc(C(=O)N4CCC(C)CC4)cc23)C1,10.1016/j.bmcl.2007.09.019
93717,Human,6.8,pKi,6.8,Binding,BindingaffinitytohumanCB1receptorBindingaffinitytohumanCB1receptor,ChEMBL,429,3.4,CCS(=O)(=O)n1c2c(c3cc(C(=O)N4CCC(C)CC4)ccc31)CN(CC1CC1)C2,10.1016/j.bmcl.2007.09.019
93718,Human,6.5,pKi,6.5,Binding,BindingaffinitytohumanCB1receptorBindingaffinitytohumanCB1receptor,ChEMBL,471,4.6,CCS(=O)(=O)n1c2c(c3cc(C(=O)N4CCC(C)CC4)ccc31)CN(CC1CCCCC1)C2,10.1016/j.bmcl.2007.09.019
93750,Human,5.6,pKi,5.6,Binding,BindingaffinitytohumanCB1receptorBindingaffinitytohumanCB1receptor,ChEMBL,485,5,CCS(=O)(=O)n1c2c(c3cc(C(=O)N4CCC(C)CC4)ccc31)CN(CCC1CCCCC1)C2,10.1016/j.bmcl.2007.09.019
93751,Human,5.9,pKi,5.9,Binding,BindingaffinitytohumanCB1receptorBindingaffinitytohumanCB1receptor,ChEMBL,465,4.2,CCS(=O)(=O)n1c2c(c3cc(C(=O)N4CCC(C)CC4)ccc31)CN(Cc1ccccc1)C2,10.1016/j.bmcl.2007.09.019
154013,Human,5.3,pKi,5.3,Binding,NoneNone,PDSPKiDatabase,427,1.9,CN(C)c1ccc2c(=O)c(C(=O)NC3CCCCC3)cn(CCN3CCOCC3)c2n1,None
93706,Human,6.8,pKi,6.8,Binding,Displacementof[3H]CP-55940fromhumanrecombinantCB1receptorexpressedinHEK293cellsDisplacementof[3H]CP-55940fromhumanrecombinantCB1receptorexpressedinHEK293cells,ChEMBL,390,4.1,COc1ccc2c(=O)c(C(=O)NC3CCCCC3)cn(Cc3ccccc3)c2c1,10.1016/j.bmcl.2007.09.089
153264,Human,5.5,pKi,5.5,Binding,Displacementof[3H]CP-55940fromhumanrecombinantCB1receptorexpressedinHEK293cellsDisplacementof[3H]CP-55940fromhumanrecombinantCB1receptorexpressedinHEK293cells,ChEMBL,413,2.4,COc1ccc2c(=O)c(C(=O)NC3CCCCC3)cn(CCN3CCOCC3)c2c1,10.1016/j.bmcl.2007.09.089
93707,Human,7.8,pKi,7.8,Binding,NoneNone,PDSPKiDatabase,374,4.5,O=C(NC1CCCCCC1)c1cn(Cc2ccccc2)c2ccccc2c1=O,None
93708,Human,6.5,pKi,6.5,Binding,Displacementof[3H]CP-55940fromhumanrecombinantCB1receptorexpressedinHEK293cellsDisplacementof[3H]CP-55940fromhumanrecombinantCB1receptorexpressedinHEK293cells,ChEMBL,397,2.8,O=C(NC1CCCCCC1)c1cn(CCN2CCOCC2)c2ccccc2c1=O,10.1016/j.bmcl.2007.09.089
93738,Human,5.3,pKi,5.3,Binding,Displacementof[3H]CP-55940fromhumanrecombinantCB1receptorexpressedinHEK293cellsDisplacementof[3H]CP-55940fromhumanrecombinantCB1receptorexpressedinHEK293cells,ChEMBL,376,3.1,Nc1ccc2c(=O)cc(C(=O)NC3CCCCC3)n(Cc3ccccc3)c2n1,10.1016/j.bmcl.2007.09.089
153483,Human,6.2,pKi,6.2,Binding,Displacementof[3H]CP-55940fromhumanrecombinantCB1receptorexpressedinHEK293cellsDisplacementof[3H]CP-55940fromhumanrecombinantCB1receptorexpressedinHEK293cells,ChEMBL,357,4.9,O=c1c2cn(Cc3ccccc3)c3ccccc3c-2nn1C1CCCCC1,10.1016/j.bmcl.2007.09.089
93739,Human,6.3,pKi,6.3,Binding,Displacementof[3H]CP-55940fromhumanrecombinantCB1receptorexpressedinHEK293cellsDisplacementof[3H]CP-55940fromhumanrecombinantCB1receptorexpressedinHEK293cells,ChEMBL,391,5.5,O=c1c2cn(Cc3ccccc3)c3cc(Cl)ccc3c-2nn1C1CCCCC1,10.1016/j.bmcl.2007.09.089
93773,Human,5.6,pKi,5.6,Binding,Displacementof[3H]CP-55940fromhumanrecombinantCB1receptorexpressedinHEK293cellsDisplacementof[3H]CP-55940fromhumanrecombinantCB1receptorexpressedinHEK293cells,ChEMBL,374,2.6,O=c1c2cn(CCN3CCOCC3)c3ccccc3c-2nn1-c1ccccc1,10.1016/j.bmcl.2007.09.089
97825,Human,7.9,pKi,7.9,Binding,BindingaffinitytoCB1receptorBindingaffinitytoCB1receptor,ChEMBL,300,5.3,CC1=CC[C@@H]2[C@@H](C1)c1c(O)cc(C(C)(C)C)cc1OC2(C)C,10.1021/jm0610705
94000,Human,8.0,pKi,8.0,Binding,BindingaffinitytoCB1receptorBindingaffinitytoCB1receptor,ChEMBL,328,6.1,CCCC(C)(C)c1cc(O)c2c(c1)OC(C)(C)[C@@H]1CC=C(C)C[C@@H]21,10.1021/jm0610705
153625,Human,8.4,pKi,8.4,Binding,BindingaffinitytoCB1receptorBindingaffinitytoCB1receptor,ChEMBL,342,6.5,CCCCC(C)(C)c1cc(O)c2c(c1)OC(C)(C)[C@@H]1CC=C(C)C[C@@H]21,10.1021/jm0610705
94025,Human,8.6,pKi,8.6,Binding,BindingaffinitytoCB1receptorBindingaffinitytoCB1receptor,ChEMBL,356,6.9,CCCCCC(C)(C)c1cc(O)c2c(c1)OC(C)(C)[C@@H]1CC=C(C)C[C@@H]21,10.1021/jm0610705
94026,Human,6.9,pKi,6.9,Binding,BindingaffinitytoCB1receptorBindingaffinitytoCB1receptor,ChEMBL,328,6,CC1=CC[C@@H]2[C@@H](C1)c1c(O)cc(CCCC(C)C)cc1OC2(C)C,10.1021/jm0610705
153626,Human,6.5,pKi,6.5,Binding,BindingaffinitytoCB1receptorBindingaffinitytoCB1receptor,ChEMBL,336,5.8,CC1=CC[C@@H]2[C@@H](C1)c1c(O)cc(Oc3ccccc3)cc1OC2(C)C,10.1021/jm0610705
94521,Human,5.8,pKi,5.8,Binding,BindingaffinitytohumanCB1receptorexpressedinCOScellsBindingaffinitytohumanCB1receptorexpressedinCOScells,ChEMBL,292,3.6,CC(C)Cn1nnc(Cc2ccc(-c3ccccc3)cc2)n1,10.1016/j.bmcl.2008.04.003
154788,Human,5.9,pKi,5.9,Binding,Displacementof[3H]CP-55940fromhumanclonedCB1receptorDisplacementof[3H]CP-55940fromhumanclonedCB1receptor,ChEMBL,368,2.2,Cc1ccc(C(=O)NC(C)C(C)(C)C)cc1S(=O)(=O)N1CCOCC1,10.1016/j.bmcl.2008.04.006
154832,Human,6.3,pKi,6.3,Binding,Displacementof[3H]CP-55940fromhumanclonedCB1receptorDisplacementof[3H]CP-55940fromhumanclonedCB1receptor,ChEMBL,420,3,Cc1ccc(C(=O)N[C@H]2C(C)(C)[C@H]3CC[C@]2(C)C3)cc1S(=O)(=O)N1CCOCC1,10.1016/j.bmcl.2008.04.006
94478,Human,6.3,pKi,6.3,Binding,Displacementof[3H]CP-55940fromhumanclonedCB1receptorDisplacementof[3H]CP-55940fromhumanclonedCB1receptor,ChEMBL,394,2.6,Cc1ccc(C(=O)NC2C(C)CCCC2C)cc1S(=O)(=O)N1CCOCC1,10.1016/j.bmcl.2008.04.006
95034,Human,6.5,pKi,6.5,Binding,Displacementof[3H]CP55940fromhumanCB1receptorincellfreesystemDisplacementof[3H]CP55940fromhumanCB1receptorincellfreesystem,ChEMBL,410,3.2,Cc1ccc(C(=O)NC(C(C)(C)C)C(C)(C)C)cc1S(=O)(=O)N1CCOCC1,10.1016/j.ejmech.2010.11.034
94373,Human,7.3,pKi,7.3,Binding,Displacementof[3H]CP-55940fromhumanclonedCB1receptorDisplacementof[3H]CP-55940fromhumanclonedCB1receptor,ChEMBL,420,3,Cc1ccc(C(=O)N[C@H]2CC3CC[C@@]2(C)C3(C)C)cc1S(=O)(=O)N1CCOCC1,10.1016/j.bmcl.2008.04.006
94436,Human,6.9,pKi,6.9,Binding,Displacementof[3H]CP-55940fromhumanclonedCB1receptorDisplacementof[3H]CP-55940fromhumanclonedCB1receptor,ChEMBL,420,3,Cc1ccc(C(=O)N[C@@H]2C(C)(C)[C@H]3CC[C@]2(C)C3)cc1S(=O)(=O)N1CCOCC1,10.1016/j.bmcl.2008.04.006
94697,Human,7.0,pKi,7.0,Binding,Displacementof[3H]CP-55940fromhumanclonedCB1receptorDisplacementof[3H]CP-55940fromhumanclonedCB1receptor,ChEMBL,482,4.6,CC1(C)[C@H]2CC[C@](C)(C2)[C@@H]1NC(=O)c1ccc(Br)c(S(=O)(=O)N2CCCCC2)c1,10.1016/j.bmcl.2008.04.006
94698,Human,7.0,pKi,7.0,Binding,Displacementof[3H]CP-55940fromhumanclonedCB1receptorDisplacementof[3H]CP-55940fromhumanclonedCB1receptor,ChEMBL,468,4.2,CC1(C)[C@H]2CC[C@](C)(C2)[C@@H]1NC(=O)c1ccc(Br)c(S(=O)(=O)N2CCCC2)c1,10.1016/j.bmcl.2008.04.006
94742,Human,7.1,pKi,7.1,Binding,Displacementof[3H]CP-55940fromhumanclonedCB1receptorDisplacementof[3H]CP-55940fromhumanclonedCB1receptor,ChEMBL,484,3.4,CC1(C)[C@H]2CC[C@](C)(C2)[C@@H]1NC(=O)c1ccc(Br)c(S(=O)(=O)N2CCOCC2)c1,10.1016/j.bmcl.2008.04.006
94648,Human,5.9,pKi,5.9,Binding,Displacementof[3H]CP-55940fromhumanclonedCB1receptorDisplacementof[3H]CP-55940fromhumanclonedCB1receptor,ChEMBL,418,2.2,CC(C)(C)CNC(=O)c1ccc(Br)c(S(=O)(=O)N2CCOCC2)c1,10.1016/j.bmcl.2008.04.006
95311,Human,7.3,pKi,7.3,Binding,Displacementof[3H]CP-55940fromhumanCB1receptorexpressedinHEK293cellsDisplacementof[3H]CP-55940fromhumanCB1receptorexpressedinHEK293cells,ChEMBL,449,5.5,CC(=O)SC(CCc1ccccc1)[C@H]1C(=O)N(c2ccc(F)cc2)[C@@H]1c1ccc(O)cc1,10.1021/jm701519h
158454,Human,6.5,pKi,6.5,Binding,Displacementof[3H]CP-55940fromhumanCB1receptorexpressedinHEK293cellsDisplacementof[3H]CP-55940fromhumanCB1receptorexpressedinHEK293cells,ChEMBL,409,4.9,O=C1[C@@H](CCC(O)c2ccc(F)cc2)[C@H](c2ccc(O)cc2)N1c1ccc(F)cc1,10.1021/jm701519h
158807,Human,6.3,pKi,6.3,Binding,Displacementof[3H]CP-55940fromhumanCB1receptorexpressedinHEK293cellsDisplacementof[3H]CP-55940fromhumanCB1receptorexpressedinHEK293cells,ChEMBL,421,4.3,COc1ccc(C2C(CCS(=O)(=O)c3ccccc3)C(=O)N2c2ccccc2)cc1,10.1021/jm701519h
157994,Human,7.3,pKi,7.3,Binding,Displacementof[3H]CP-55940fromhumanCB1RexpressedinHEK293cellsDisplacementof[3H]CP-55940fromhumanCB1RexpressedinHEK293cells,ChEMBL,491,5.3,CO[C@H]1CCCN1C(=O)c1cc2c(cc1F)OC(c1ccc(F)cc1F)(c1ccc(F)cc1F)O2,10.1021/jm701487t
95327,Human,6.1,pKi,6.1,Binding,Displacementof[3H]CP-55940fromhumanCB1receptorexpressedinHEK293cellsDisplacementof[3H]CP-55940fromhumanCB1receptorexpressedinHEK293cells,ChEMBL,383,5.4,COc1ccc([C@@H]2[C@@H](Cc3cc4ccccc4o3)C(=O)N2c2ccccc2)cc1,10.1021/jm701519h
95329,Human,7.0,pKi,7.0,Binding,NoneNone,PDSPKiDatabase,419,5.6,CCCCCn1cc(C(=O)c2ccc3ccccc3c2)c2ccc(S(C)(=O)=O)cc21,None
95330,Human,5.8,pKi,5.8,Binding,NoneNone,PDSPKiDatabase,401,6.2,O=C(CC(c1ccccc1)c1ccccc1)N1CC=C(c2ccc(Cl)cc2)CC1,None
94590,Human,6.8,pKi,6.8,Binding,DisplacementofradioligandfromhumanCB1receptorexpressedinHEK293cellsDisplacementofradioligandfromhumanCB1receptorexpressedinHEK293cells,ChEMBL,468,4.7,Cc1c(C(=O)N(C)CCc2ccccc2)oc2ccc(S(=O)(=O)N3CC(C)CC(C)C3)cc12,10.1016/j.bmcl.2007.11.133
5754,Human,8.7,pKi,8.7,Binding,Displacementof[3H]CP-55940fromhumancannabinoidCB1receptorexpressedinCHOcellsDisplacementof[3H]CP-55940fromhumancannabinoidCB1receptorexpressedinCHOcells,ChEMBL,527,4.8,CN/C(=N\S(=O)(=O)N1CCC(C(F)(F)F)CC1)C1=NN(c2ccc(Cl)cc2)[C@@H](c2ccccc2)C1,10.1016/j.bmcl.2010.01.049
6091,Human,7.4,pKi,7.4,Binding,Displacementof[3H]CP-55940fromhumancannabinoidCB1receptorexpressedinCHOcellsDisplacementof[3H]CP-55940fromhumancannabinoidCB1receptorexpressedinCHOcells,ChEMBL,495,4.2,CN/C(=N\S(=O)(=O)N1CCC(F)(F)CC1)C1=NN(c2ccc(Cl)cc2)C(c2ccccc2)C1,10.1016/j.bmcl.2010.01.049
6090,Human,8.1,pKi,8.1,Binding,Displacementof[3H]CP-55940fromhumancannabinoidCB1receptorexpressedinCHOcellsDisplacementof[3H]CP-55940fromhumancannabinoidCB1receptorexpressedinCHOcells,ChEMBL,527,4.8,CN/C(=N\S(=O)(=O)N1CCC(C(F)(F)F)CC1)C1=NN(c2ccc(Cl)cc2)C(c2ccccc2)C1,10.1016/j.bmcl.2010.01.049
6065,Human,7.3,pKi,7.3,Binding,Displacementof[3H]CP-55940fromhumancannabinoidCB1receptorexpressedinCHOcellsDisplacementof[3H]CP-55940fromhumancannabinoidCB1receptorexpressedinCHOcells,ChEMBL,477,3.9,CN/C(=N\S(=O)(=O)N1CCC(F)CC1)C1=NN(c2ccc(Cl)cc2)C(c2ccccc2)C1,10.1016/j.bmcl.2010.01.049
191646,Human,7.3,pKi,7.3,Binding,Displacementof[3H]CP-55940fromhumanrecombinantCB1receptorexpressedinHEKcellsDisplacementof[3H]CP-55940fromhumanrecombinantCB1receptorexpressedinHEKcells,ChEMBL,468,5.5,Cc1c(C(=O)NCCc2ccc(Cl)cc2)nn(-c2ccc(F)cc2F)c1-n1c(C)ccc1C,10.1016/j.bmc.2009.06.027
191579,Human,8.5,pKi,8.5,Binding,Displacementof[3H]CP-55940fromhumanrecombinantCB1receptorexpressedinHEKcellsDisplacementof[3H]CP-55940fromhumanrecombinantCB1receptorexpressedinHEKcells,ChEMBL,444,6,Cc1c(C(=O)N[C@@H](C)C2CCCCC2)nn(-c2ccc(Cl)c(Cl)c2)c1-n1cccc1,10.1016/j.bmc.2009.06.027
5813,Human,8.3,pKi,8.3,Binding,Displacementof[3H]CP-55940fromhumancannabinoidCB1receptorexpressedinCHOcellsDisplacementof[3H]CP-55940fromhumancannabinoidCB1receptorexpressedinCHOcells,ChEMBL,527,4.2,CN/C(=N\S(=O)(=O)N1CCC(C(F)(F)F)CC1)N1C[C@H](c2ccccc2)C(c2ccc(Cl)cc2)=N1,10.1016/j.bmcl.2010.01.049
192488,Human,8.1,pKi,8.1,Binding,NoneNone,PDSPKiDatabase,410,6.6,Cc1c(-c2cn(C(C)C)cn2)nn(-c2ccccc2Cl)c1-c1ccc(Cl)cc1,None
178195,Human,5.9,pKi,5.9,Binding,Displacementof[3H]CP-55940fromhumanCB1receptorDisplacementof[3H]CP-55940fromhumanCB1receptor,ChEMBL,449,4.9,CCOc1ccc(Cc2nc3cc(C(=O)N(CC)CC)ccc3n2CC2CCOCC2)cc1,10.1016/j.bmcl.2008.05.073
178193,Human,7.9,pKi,7.9,Binding,Displacementof[3H]CP-55940fromhumanCB1receptorexpressedinHEK293cellsDisplacementof[3H]CP-55940fromhumanCB1receptorexpressedinHEK293cells,ChEMBL,405,5.4,CC1=CC[C@@H]2[C@@H](C1)c1c(O)cc(C(C)(C)c3ccc(C(N)=O)cc3)cc1OC2(C)C,10.1016/j.bmc.2008.05.034
172985,Human,5.3,pKi,5.3,Binding,Displacementof[3H]CP-55940fromhumanCB1receptorDisplacementof[3H]CP-55940fromhumanCB1receptor,ChEMBL,435,5.9,CCN(CC)C(=O)c1ccc2c(c1)nc(Cc1ccc(OC(C)C)cc1)n2CCC(C)C,10.1016/j.bmcl.2008.05.073
186329,Human,5.4,pKi,5.4,Binding,Displacementof[3H]CP-55940fromhumanCB1receptorDisplacementof[3H]CP-55940fromhumanCB1receptor,ChEMBL,447,5.9,CCN(CC)C(=O)c1ccc2c(c1)nc(Cc1ccc(OCC3CC3)cc1)n2CCC(C)C,10.1016/j.bmcl.2008.05.073
186265,Human,5.6,pKi,5.6,Binding,Displacementof[3H]CP-55940fromhumanCB1receptorDisplacementof[3H]CP-55940fromhumanCB1receptor,ChEMBL,469,6.9,CCN(CC)C(=O)c1ccc2c(c1)nc(Cc1ccc(Oc3ccccc3)cc1)n2CCC(C)C,10.1016/j.bmcl.2008.05.073
186079,Human,5.6,pKi,5.6,Binding,Displacementof[3H]CP-55940fromhumanCB1receptorDisplacementof[3H]CP-55940fromhumanCB1receptor,ChEMBL,433,5.7,CCCN(CCC)C(=O)c1ccc2c(c1)nc(Cc1ccc(OCC)cc1)n2CC1CC1,10.1016/j.bmcl.2008.05.073
187165,Human,5.6,pKi,5.6,Binding,Displacementof[3H]CP-55940fromhumanCB1receptorDisplacementof[3H]CP-55940fromhumanCB1receptor,ChEMBL,445,5.8,CCOc1ccc(Cc2nc3cc(N(C)C(=O)c4cccs4)ccc3n2CC2CC2)cc1,10.1016/j.bmcl.2008.05.073
178360,Human,5.5,pKi,5.5,Binding,Displacementof[3H]CP-55940fromhumanCB1receptorDisplacementof[3H]CP-55940fromhumanCB1receptor,ChEMBL,419,5.3,CCOc1ccc(Cc2nc3cc(C(=O)N(CC)CC)ccc3n2CC2CCC2)cc1,10.1016/j.bmcl.2008.05.073
178150,Human,7.0,pKi,7.0,Binding,Displacementof[3H]CP-55940fromhumanCB1receptorDisplacementof[3H]CP-55940fromhumanCB1receptor,ChEMBL,447,6.1,CCOc1ccc(Cc2nc3cc(C(=O)N(CC)CC)ccc3n2CC2CCCCC2)cc1,10.1016/j.bmcl.2008.05.073
186335,Human,6.4,pKi,6.4,Binding,Displacementof[3H]CP-55940fromhumanCB1receptorDisplacementof[3H]CP-55940fromhumanCB1receptor,ChEMBL,499,6.7,CCOc1ccc(Cc2nc3cc(C(=O)N(CC)CC)ccc3n2CC23CC4CC(CC(C4)C2)C3)cc1,10.1016/j.bmcl.2008.05.073
178281,Human,5.3,pKi,5.3,Binding,Displacementof[3H]CP-55940fromhumanCB1receptorDisplacementof[3H]CP-55940fromhumanCB1receptor,ChEMBL,441,5.6,CCOc1ccc(Cc2nc3cc(C(=O)N(CC)CC)ccc3n2Cc2ccccc2)cc1,10.1016/j.bmcl.2008.05.073
186879,Human,6.2,pKi,6.2,Binding,BindingaffinitytohumanCB1receptorBindingaffinitytohumanCB1receptor,ChEMBL,367,5.2,CSC(=O)N1CC2(CCCCC2)CN/C1=N\c1cccc2ccccc12,10.1016/j.bmcl.2008.10.070
186428,Human,9.0,pKi,9.0,Binding,BindingaffinitytohumanCB1receptorBindingaffinitytohumanCB1receptor,ChEMBL,397,5.4,CSC(=S)N1CC2(CCCCC2)CO/C1=N\c1nc(C(C)(C)C)cs1,10.1016/j.bmcl.2008.10.070
183072,Human,9.1,pKi,9.1,Binding,BindingaffinitytohumanCB1receptorBindingaffinitytohumanCB1receptor,ChEMBL,381,4.9,CSC(=S)N1CC2(CCCCC2)CO/C1=N\c1cc(C(C)(C)C)no1,10.1016/j.bmcl.2008.10.070
187301,Human,9.0,pKi,9.0,Binding,BindingaffinitytohumanCB1receptorBindingaffinitytohumanCB1receptor,ChEMBL,423,6.1,CCC(CC)(CC)c1cc(/N=C2\OCC3(CCCCC3)CN2C(=S)SC)on1,10.1016/j.bmcl.2008.10.070
185062,Human,5.7,pKi,5.7,Binding,Displacementof[3H]SR141716AfromhumanCB1receptorDisplacementof[3H]SR141716AfromhumanCB1receptor,ChEMBL,422,2.2,O=C(NC1CCOc2ccccc21)n1c(=O)n(CCN2CCOCC2)c2ccccc21,10.1016/j.bmcl.2008.04.032
184831,Human,5.6,pKi,5.6,Binding,Displacementof[3H]SR141716AfromhumanCB1receptorDisplacementof[3H]SR141716AfromhumanCB1receptor,ChEMBL,417,0.9,CNC(=O)[C@@H](NC(=O)n1c(=O)n(CCN2CCOCC2)c2ccccc21)C(C)(C)C,10.1016/j.bmcl.2008.04.032
187768,Human,5.8,pKi,5.8,Binding,Displacementof[3H]SR141716AfromhumanCB1receptorDisplacementof[3H]SR141716AfromhumanCB1receptor,ChEMBL,442,1,Cn1nnc([C@@H](NC(=O)n2c(=O)n(CCN3CCOCC3)c3ccccc32)C(C)(C)C)n1,10.1016/j.bmcl.2008.04.032
188162,Human,7.2,pKi,7.2,Binding,Displacementof[3H]SR141716AfromhumanCB1receptorDisplacementof[3H]SR141716AfromhumanCB1receptor,ChEMBL,360,2.3,CC(C)CCn1c(=O)n(C(=O)N[C@H](C(N)=O)C(C)(C)C)c2ccccc21,10.1016/j.bmcl.2008.04.032
187817,Human,5.5,pKi,5.5,Binding,Displacementof[3H]SR141716AfromhumanCB1receptorDisplacementof[3H]SR141716AfromhumanCB1receptor,ChEMBL,404,0.8,CC(C)(C)[C@H](NC(=O)n1c(=O)n(CC2(O)CCOCC2)c2ccccc21)C(N)=O,10.1016/j.bmcl.2008.04.032
187913,Human,5.8,pKi,5.8,Binding,Displacementof[3H]SR141716AfromhumanCB1receptorDisplacementof[3H]SR141716AfromhumanCB1receptor,ChEMBL,420,2.8,O=C(N[C@@H]1CCCc2ccccc21)n1c(=O)n(CCN2CCOCC2)c2ccccc21,10.1016/j.bmcl.2008.04.032
187631,Human,5.8,pKi,5.8,Binding,Displacementof[3H]SR141716AfromhumanCB1receptorDisplacementof[3H]SR141716AfromhumanCB1receptor,ChEMBL,434,3.5,O=C(N[C@@H]1CCCc2ccccc21)N1Cc2ccccc2N(CCN2CCOCC2)C1=O,10.1016/j.bmcl.2008.04.032
180499,Human,6.6,pKi,6.6,Binding,NoneNone,PDSPKiDatabase,439,6.5,O=C(NCCC(c1ccccc1)c1ccccc1)C(Cl)(c1ccccc1)c1ccccc1,None
181583,Human,6.3,pKi,6.3,Binding,Displacementof[3H]CP-55940fromhumanrecombinantCB1receptorexpressedinHEKcellsDisplacementof[3H]CP-55940fromhumanrecombinantCB1receptorexpressedinHEKcells,ChEMBL,419,6.3,CC(C(=O)NCCC(c1ccccc1)c1ccccc1)(c1ccccc1)c1ccccc1,10.1016/j.bmc.2008.06.001
181585,Human,5.7,pKi,5.7,Binding,Displacementof[3H]CP-55940fromhumanrecombinantCB1receptorexpressedinHEKcellsDisplacementof[3H]CP-55940fromhumanrecombinantCB1receptorexpressedinHEKcells,ChEMBL,421,5.3,O=C(NCCC(c1ccccc1)c1ccccc1)C(O)(c1ccccc1)c1ccccc1,10.1016/j.bmc.2008.06.001
180153,Human,6.3,pKi,6.3,Binding,NoneNone,PDSPKiDatabase,439,6.8,O=C(NCCC(c1ccccc1)c1ccccc1)C(c1ccccc1)c1ccc(Cl)cc1,None
180154,Human,6.7,pKi,6.7,Binding,Displacementof[3H]CP-55940fromhumanrecombinantCB1receptorexpressedinHEKcellsDisplacementof[3H]CP-55940fromhumanrecombinantCB1receptorexpressedinHEKcells,ChEMBL,483,6.9,O=C(NCCC(c1ccccc1)c1ccccc1)C(c1ccccc1)c1ccc(Br)cc1,10.1016/j.bmc.2008.06.001
181264,Human,6.3,pKi,6.3,Binding,NoneNone,PDSPKiDatabase,435,6.2,COc1ccc(C(C(=O)NCCC(c2ccccc2)c2ccccc2)c2ccccc2)cc1,None
180682,Human,6.3,pKi,6.3,Binding,NoneNone,PDSPKiDatabase,419,6.5,Cc1ccc(C(C(=O)NCCC(c2ccccc2)c2ccccc2)c2ccccc2)cc1,None
181952,Human,6.3,pKi,6.3,Binding,Displacementof[3H]CP-55940fromhumanrecombinantCB1receptorexpressedinHEKcellsDisplacementof[3H]CP-55940fromhumanrecombinantCB1receptorexpressedinHEKcells,ChEMBL,450,6.1,O=C(NCCC(c1ccccc1)c1ccccc1)C(c1ccccc1)c1ccc([N+](=O)[O-])cc1,10.1016/j.bmc.2008.06.001
187215,Human,6.3,pKi,6.3,Binding,NoneNone,PDSPKiDatabase,421,5.9,O=C(NCCC(c1ccccc1)c1ccccc1)C(c1ccccc1)c1ccc(O)cc1,None
181954,Human,6.1,pKi,6.1,Binding,Displacementof[3H]CP-55940fromhumanrecombinantCB1receptorexpressedinHEKcellsDisplacementof[3H]CP-55940fromhumanrecombinantCB1receptorexpressedinHEKcells,ChEMBL,420,5.7,Nc1ccc(C(C(=O)NCCC(c2ccccc2)c2ccccc2)c2ccccc2)cc1,10.1016/j.bmc.2008.06.001
180679,Human,5.7,pKi,5.7,Binding,NoneNone,PDSPKiDatabase,363,5.2,O=C(NCCCc1ccccc1)C(c1ccccc1)c1ccc(Cl)cc1,None
181603,Human,5.7,pKi,5.7,Binding,NoneNone,PDSPKiDatabase,407,5.3,O=C(NCCCc1ccccc1)C(c1ccccc1)c1ccc(Br)cc1,None
185513,Human,6.4,pKi,6.4,Binding,BindingaffinitytoCB1receptorBindingaffinitytoCB1receptor,ChEMBL,371,6.2,CCCCCn1cc(C(=O)c2cc3ccccc3cc2OC)c2ccccc21,10.1021/jm801044g
185459,Human,5.5,pKi,5.5,Binding,Displacementof[3H]CP-55940fromhumanrecombinantCB1receptorDisplacementof[3H]CP-55940fromhumanrecombinantCB1receptor,ChEMBL,370,7.2,CCCCCC(C)(C)c1cc(OC)c2c(c1)OC(C)(C)[C@@H]1CCC(C)=C[C@@H]21,10.1021/jm801044g
187972,Human,5.3,pKi,5.3,Binding,Displacementof[3H]CP-55940fromhumanrecombinantCB1receptorDisplacementof[3H]CP-55940fromhumanrecombinantCB1receptor,ChEMBL,376,6.4,CCCCCCC(C)(C)c1cc(OC)c([C@@]2(O)CCC[C@@H](C)C2)c(OC)c1,10.1021/jm801044g
180809,Human,7.6,pKi,7.6,Binding,Displacementof[3H]CP-55940formhumanrecombinantCB1receptorexpressedinHEK293cellsbyliquidscintillationcountingDisplacementof[3H]CP-55940formhumanrecombinantCB1receptorexpressedinHEK293cellsbyliquidscintillationcounting,ChEMBL,473,5.5,N#Cc1c(C(=O)NN2CCCCC2)nn(-c2ccc(Cl)cc2Cl)c1-c1ccc(Cl)cc1,10.1016/j.ejmech.2008.03.040
184102,Human,5.5,pKi,5.5,Binding,BindingaffinitytohumanrecombinantCB1receptorexpressedinafricangreenmonkeyCOScellsbyradioligandbindingassayBindingaffinitytohumanrecombinantCB1receptorexpressedinafricangreenmonkeyCOScellsbyradioligandbindingassay,ChEMBL,555,8.3,CCCCCCC(C)(C)c1cc(O)cc(OCCCCCCCCCCC(=O)NCCc2ccc(O)c(O)c2)c1,10.1021/jm8016255
185326,Human,7.8,pKi,7.8,Binding,BindingaffinitytoCB1receptorBindingaffinitytoCB1receptor,ChEMBL,393,4,Cc1ccc2c(=O)c(C(=O)NC3CCCCC3)cn(Cc3ccc(F)cc3)c2n1,10.1021/jm800463f
186785,Human,5.7,pKi,5.7,Binding,Displacementof[3H]CP-55940fromhumanrecombinantCB1receptorexpressedinHEK293cellsbyscintillationcountingDisplacementof[3H]CP-55940fromhumanrecombinantCB1receptorexpressedinHEK293cellsbyscintillationcounting,ChEMBL,453,5.9,CCCCCCCCCCC[C@@H](C[C@@H]1OC(=O)[C@H]1CCCCCC)OC(=O)CCNC=O,10.1021/jm800978m
187557,Human,5.2,pKi,5.2,Binding,Displacementof[3H]CP-55940fromhumanrecombinantCB1receptorexpressedinHEK293cellsbyscintillationcountingDisplacementof[3H]CP-55940fromhumanrecombinantCB1receptorexpressedinHEK293cellsbyscintillationcounting,ChEMBL,495,6.9,CCCCCCCCCCC[C@@H](C[C@@H]1OC(=O)[C@H]1CCCCCC)OC(=O)[C@@H](NC=O)C(C)CC,10.1021/jm800978m
183458,Human,5.1,pKi,5.1,Binding,Displacementof[3H]CP-55940fromhumanrecombinantCB1receptorexpressedinHEK293cellsbyscintillationcountingDisplacementof[3H]CP-55940fromhumanrecombinantCB1receptorexpressedinHEK293cellsbyscintillationcounting,ChEMBL,509,7.3,CCCCCCCCCCC[C@@H](C[C@@H]1OC(=O)[C@H]1CCCCCC)OC(=O)[C@@H](NC(C)=O)C(C)CC,10.1021/jm800978m
186146,Human,6.3,pKi,6.3,Binding,Displacementof[3H]CP-55940fromhumanclonedCB1receptorbyscintillationspectrometryDisplacementof[3H]CP-55940fromhumanclonedCB1receptorbyscintillationspectrometry,ChEMBL,365,2.4,Cc1ccc(-c2noc(C(C)(C)C)n2)cc1S(=O)(=O)N1CCOCC1,10.1016/j.bmcl.2008.11.091
178616,Human,6.1,pKi,6.1,Binding,Displacementof[3H]CP-55940fromhumanclonedCB1receptorbyscintillationspectrometryDisplacementof[3H]CP-55940fromhumanclonedCB1receptorbyscintillationspectrometry,ChEMBL,377,3,Cc1ccc(-c2cc(CC(C)(C)C)[nH]n2)cc1S(=O)(=O)N1CCOCC1,10.1016/j.bmcl.2008.11.091
178419,Human,6.3,pKi,6.3,Binding,Displacementof[3H]CP-55940fromhumanclonedCB1receptorbyscintillationspectrometryDisplacementof[3H]CP-55940fromhumanclonedCB1receptorbyscintillationspectrometry,ChEMBL,420,3,Cc1ccc(C(=O)N[C@H]2C(C)(C)[C@@H]3CC[C@@]2(C)C3)cc1S(=O)(=O)N1CCOCC1,10.1016/j.bmcl.2008.11.091
179130,Human,6.1,pKi,6.1,Binding,Displacementof[3H]CP55940fromhumanCB1receptorincellfreesystemDisplacementof[3H]CP55940fromhumanCB1receptorincellfreesystem,ChEMBL,394,3.2,Cc1ccc(NC(=O)C2CCCCC2(C)C)cc1S(=O)(=O)N1CCOCC1,10.1016/j.ejmech.2010.11.034
186736,Human,5.8,pKi,5.8,Binding,Displacementof[3H]CP-55940fromhumanclonedCB1receptorbyscintillationspectrometryDisplacementof[3H]CP-55940fromhumanclonedCB1receptorbyscintillationspectrometry,ChEMBL,380,2.8,Cc1ccc(NC(=O)C2CCCCC2C)cc1S(=O)(=O)N1CCOCC1,10.1016/j.bmcl.2008.11.091
179304,Human,6.4,pKi,6.4,Binding,Displacementof[3H]CP-55940fromhumanclonedCB1receptorbyscintillationspectrometryDisplacementof[3H]CP-55940fromhumanclonedCB1receptorbyscintillationspectrometry,ChEMBL,420,4.3,Cc1ccc(-c2nc(CC3CCCCC3)cs2)cc1S(=O)(=O)N1CCOCC1,10.1016/j.bmcl.2008.11.091
179308,Human,6.7,pKi,6.7,Binding,Displacementof[3H]CP55940fromhumanCB1receptorincellfreesystemDisplacementof[3H]CP55940fromhumanCB1receptorincellfreesystem,ChEMBL,394,3.7,Cc1ccc(-c2nc(CC(C)(C)C)cs2)cc1S(=O)(=O)N1CCOCC1,10.1016/j.ejmech.2010.11.034
179444,Human,6.6,pKi,6.6,Binding,Displacementof[3H]CP-55940fromhumanclonedCB1receptorbyscintillationspectrometryDisplacementof[3H]CP-55940fromhumanclonedCB1receptorbyscintillationspectrometry,ChEMBL,380,3.4,Cc1ccc(-c2nc(C(C)(C)C)cs2)cc1S(=O)(=O)N1CCOCC1,10.1016/j.bmcl.2008.11.091
186813,Human,6.9,pKi,6.9,Binding,Displacementof[3H]CP-55940fromhumanclonedCB1receptorbyscintillationspectrometryDisplacementof[3H]CP-55940fromhumanclonedCB1receptorbyscintillationspectrometry,ChEMBL,379,1.7,Cc1ccc(-c2nnn(CC(C)(C)C)n2)cc1S(=O)(=O)N1CCOCC1,10.1016/j.bmcl.2008.11.091
179452,Human,6.3,pKi,6.3,Binding,Displacementof[3H]CP-55940fromhumanclonedCB1receptorbyscintillationspectrometryDisplacementof[3H]CP-55940fromhumanclonedCB1receptorbyscintillationspectrometry,ChEMBL,405,2.3,Cc1ccc(-c2nnn(CC3CCCCC3)n2)cc1S(=O)(=O)N1CCOCC1,10.1016/j.bmcl.2008.11.091
178500,Human,6.9,pKi,6.9,Binding,Displacementof[3H]CP-55940fromhumanclonedCB1receptorbyscintillationspectrometryDisplacementof[3H]CP-55940fromhumanclonedCB1receptorbyscintillationspectrometry,ChEMBL,378,2.4,Cc1ccc(-c2n[nH]c(CC(C)(C)C)n2)cc1S(=O)(=O)N1CCOCC1,10.1016/j.bmcl.2008.11.091
185830,Human,6.5,pKi,6.5,Binding,Displacementof[3H]CP-55940fromhumanclonedCB1receptorbyscintillationspectrometryDisplacementof[3H]CP-55940fromhumanclonedCB1receptorbyscintillationspectrometry,ChEMBL,404,2.9,Cc1ccc(-c2n[nH]c(CC3CCCCC3)n2)cc1S(=O)(=O)N1CCOCC1,10.1016/j.bmcl.2008.11.091
178501,Human,6.3,pKi,6.3,Binding,Displacementof[3H]CP-55940fromhumanclonedCB1receptorbyscintillationspectrometryDisplacementof[3H]CP-55940fromhumanclonedCB1receptorbyscintillationspectrometry,ChEMBL,364,2.1,Cc1ccc(-c2n[nH]c(C(C)(C)C)n2)cc1S(=O)(=O)N1CCOCC1,10.1016/j.bmcl.2008.11.091
178789,Human,6.0,pKi,6.0,Binding,Displacementof[3H]CP-55940fromhumanclonedCB1receptorbyscintillationspectrometryDisplacementof[3H]CP-55940fromhumanclonedCB1receptorbyscintillationspectrometry,ChEMBL,377,3,Cc1ccc(-c2nc(CC(C)(C)C)c[nH]2)cc1S(=O)(=O)N1CCOCC1,10.1016/j.bmcl.2008.11.091
185670,Human,6.0,pKi,6.0,Binding,Displacementof[3H]CP-55940fromhumanclonedCB1receptorbyscintillationspectrometryDisplacementof[3H]CP-55940fromhumanclonedCB1receptorbyscintillationspectrometry,ChEMBL,363,2.7,Cc1ccc(-c2nc(C(C)(C)C)c[nH]2)cc1S(=O)(=O)N1CCOCC1,10.1016/j.bmcl.2008.11.091
179993,Human,6.1,pKi,6.1,Binding,Displacementof[3H]CP-55940fromhumanclonedCB1receptorbyscintillationspectrometryDisplacementof[3H]CP-55940fromhumanclonedCB1receptorbyscintillationspectrometry,ChEMBL,363,2.7,Cc1ccc(-c2cnc(C(C)(C)C)[nH]2)cc1S(=O)(=O)N1CCOCC1,10.1016/j.bmcl.2008.11.091
178374,Human,6.6,pKi,6.6,Binding,Displacementof[3H]CP-55940fromhumanclonedCB1receptorbyscintillationspectrometryDisplacementof[3H]CP-55940fromhumanclonedCB1receptorbyscintillationspectrometry,ChEMBL,379,2.7,Cc1ccc(-c2noc(CC(C)(C)C)n2)cc1S(=O)(=O)N1CCOCC1,10.1016/j.bmcl.2008.11.091
178375,Human,6.1,pKi,6.1,Binding,Displacementof[3H]CP-55940fromhumanclonedCB1receptorbyscintillationspectrometryDisplacementof[3H]CP-55940fromhumanclonedCB1receptorbyscintillationspectrometry,ChEMBL,405,3.2,Cc1ccc(-c2noc(CC3CCCCC3)n2)cc1S(=O)(=O)N1CCOCC1,10.1016/j.bmcl.2008.11.091
186712,Human,5.9,pKi,5.9,Binding,Displacementof[3H]CP-55940fromhumanclonedCB1receptorbyscintillationspectrometryDisplacementof[3H]CP-55940fromhumanclonedCB1receptorbyscintillationspectrometry,ChEMBL,403,3.5,Cc1ccc(-c2cc(CC3CCCCC3)[nH]n2)cc1S(=O)(=O)N1CCOCC1,10.1016/j.bmcl.2008.11.091
178973,Human,5.2,pKi,5.2,Binding,Displacementof[3H]CP-55940fromhumanclonedCB1receptorbyscintillationspectrometryDisplacementof[3H]CP-55940fromhumanclonedCB1receptorbyscintillationspectrometry,ChEMBL,363,2.7,Cc1ccc(-c2cc(C(C)(C)C)[nH]n2)cc1S(=O)(=O)N1CCOCC1,10.1016/j.bmcl.2008.11.091
186935,Human,5.9,pKi,5.9,Binding,Displacementof[3H]CP-55940fromhumanclonedCB1receptorbyscintillationspectrometryDisplacementof[3H]CP-55940fromhumanclonedCB1receptorbyscintillationspectrometry,ChEMBL,420,3.4,Cc1ccc(NC(=O)[C@H]2C(C)(C)[C@@H]3CC[C@@]2(C)C3)cc1S(=O)(=O)N1CCOCC1,10.1016/j.bmcl.2008.11.091
178238,Human,5.9,pKi,5.9,Binding,Displacementof[3H]CP-55940fromhumanclonedCB1receptorbyscintillationspectrometryDisplacementof[3H]CP-55940fromhumanclonedCB1receptorbyscintillationspectrometry,ChEMBL,410,3.7,Cc1ccc(NC(=O)C(C(C)(C)C)C(C)(C)C)cc1S(=O)(=O)N1CCOCC1,10.1016/j.bmcl.2008.11.091
186907,Human,5.9,pKi,5.9,Binding,Displacementof[3H]CP-55940fromhumanclonedCB1receptorbyscintillationspectrometryDisplacementof[3H]CP-55940fromhumanclonedCB1receptorbyscintillationspectrometry,ChEMBL,380,2.9,Cc1ccc(NC(=O)C2(C)CCCCC2)cc1S(=O)(=O)N1CCOCC1,10.1016/j.bmcl.2008.11.091
188083,Human,5.5,pKi,5.5,Binding,Displacementof[3H]CP-55940fromhumanclonedCB1receptorbyscintillationspectrometryDisplacementof[3H]CP-55940fromhumanclonedCB1receptorbyscintillationspectrometry,ChEMBL,408,2.3,Cc1ccc(NC(=O)[C@@H]2C[C@@]3(C)CC[C@]2(C)O3)cc1S(=O)(=O)N1CCOCC1,10.1016/j.bmcl.2008.11.091
183318,Human,6.1,pKi,6.1,Binding,Displacementof[3H]CP-55940fromhumanrecombinantCB1receptorexpressedinHEK293cellmembraneDisplacementof[3H]CP-55940fromhumanrecombinantCB1receptorexpressedinHEK293cellmembrane,ChEMBL,311,4.7,CCCCCCCCCCCCCCCC(=O)N[C@H]1C[C@H]1O,10.1021/jm900130m
183319,Human,5.9,pKi,5.9,Binding,Displacementof[3H]CP-55940fromhumanrecombinantCB1receptorexpressedinHEK293cellmembraneDisplacementof[3H]CP-55940fromhumanrecombinantCB1receptorexpressedinHEK293cellmembrane,ChEMBL,311,4.7,CCCCCCCCCCCCCCCC(=O)N[C@H]1C[C@@H]1O,10.1021/jm900130m
186608,Human,7.9,pKi,7.9,Binding,BindingaffinitytoCB1receptorBindingaffinitytoCB1receptor,ChEMBL,419,6.3,CC(=O)Nc1cccc(C(C)(C)c2cc(O)c3c(c2)OC(C)(C)[C@@H]2CC=C(C)C[C@@H]32)c1,10.1016/j.bmc.2008.11.059
178299,Human,8.0,pKi,8.0,Binding,Displacementof[3H]CP-55940fromhumanCB1receptorexpressedinHEK293cellsDisplacementof[3H]CP-55940fromhumanCB1receptorexpressedinHEK293cells,ChEMBL,387,6.2,CC1=CC[C@@H]2[C@@H](C1)c1c(O)cc(C(C)(C)c3ccc(C#N)cc3)cc1OC2(C)C,10.1016/j.bmc.2008.05.034
178192,Human,8.6,pKi,8.6,Binding,BindingaffinitytoCB1receptorBindingaffinitytoCB1receptor,ChEMBL,387,6.2,CC1=CC[C@@H]2[C@@H](C1)c1c(O)cc(C(C)(C)c3cccc(C#N)c3)cc1OC2(C)C,10.1016/j.bmc.2008.11.059
186486,Human,7.5,pKi,7.5,Binding,Displacementof[3H]CP-55940fromhumanCB1receptorexpressedinHEK293cellsDisplacementof[3H]CP-55940fromhumanCB1receptorexpressedinHEK293cells,ChEMBL,376,6.6,CC1=CC[C@@H]2[C@@H](C1)c1c(O)cc(C(C)(C)c3ccccc3C)cc1OC2(C)C,10.1016/j.bmc.2008.05.034
178184,Human,8.0,pKi,8.0,Binding,BindingaffinitytoCB1receptorBindingaffinitytoCB1receptor,ChEMBL,390,6.9,CC1=CC[C@@H]2[C@@H](C1)c1c(O)cc(C(C)(C)c3cc(C)cc(C)c3)cc1OC2(C)C,10.1016/j.bmc.2008.11.059
178185,Human,8.7,pKi,8.7,Binding,BindingaffinitytoCB1receptorBindingaffinitytoCB1receptor,ChEMBL,390,6.9,CCc1ccc(C(C)(C)c2cc(O)c3c(c2)OC(C)(C)[C@@H]2CC=C(C)C[C@@H]32)cc1,10.1016/j.bmc.2008.11.059
178162,Human,8.8,pKi,8.8,Binding,Displacementof[3H]CP-55940fromhumanCB1receptorexpressedinHEK293cellsDisplacementof[3H]CP-55940fromhumanCB1receptorexpressedinHEK293cells,ChEMBL,404,7.3,CCCc1ccc(C(C)(C)c2cc(O)c3c(c2)OC(C)(C)[C@@H]2CC=C(C)C[C@@H]32)cc1,10.1016/j.bmc.2008.05.034
178163,Human,7.1,pKi,7.1,Binding,BindingaffinitytoCB1receptorBindingaffinitytoCB1receptor,ChEMBL,380,6.5,CC1=CC[C@@H]2[C@@H](C1)c1c(O)cc(C(C)(C)c3ccc(F)cc3)cc1OC2(C)C,10.1016/j.bmc.2008.11.059
186511,Human,8.3,pKi,8.3,Binding,BindingaffinitytoCB1receptorBindingaffinitytoCB1receptor,ChEMBL,380,6.5,CC1=CC[C@@H]2[C@@H](C1)c1c(O)cc(C(C)(C)c3cccc(F)c3)cc1OC2(C)C,10.1016/j.bmc.2008.11.059
183890,Human,8.3,pKi,8.3,Binding,BindingaffinitytoCB1receptorBindingaffinitytoCB1receptor,ChEMBL,440,7.1,CC1=CC[C@@H]2[C@@H](C1)c1c(O)cc(C(C)(C)c3ccc(Br)cc3)cc1OC2(C)C,10.1016/j.bmc.2008.11.059
183891,Human,8.8,pKi,8.8,Binding,BindingaffinitytoCB1receptorBindingaffinitytoCB1receptor,ChEMBL,440,7.1,CC1=CC[C@@H]2[C@@H](C1)c1c(O)cc(C(C)(C)c3cccc(Br)c3)cc1OC2(C)C,10.1016/j.bmc.2008.11.059
67235,Human,8.5,pKi,8.5,Binding,Displacementof[3H]CP-55940fromCB1receptorbyscintillationcountingDisplacementof[3H]CP-55940fromCB1receptorbyscintillationcounting,ChEMBL,527,4.2,COc1ccc(-c2c(C#N)c(C(=O)NN3CCCCC3)nn2-c2ccccc2I)cc1,10.1016/j.bmcl.2009.08.092
5948,Human,7.8,pKi,7.8,Binding,Displacementof[3H]CP-55940fromhumancannabinoidCB1receptorexpressedinCHOcellsDisplacementof[3H]CP-55940fromhumancannabinoidCB1receptorexpressedinCHOcells,ChEMBL,527,4.2,CN/C(=N\S(=O)(=O)N1CCC(C(F)(F)F)CC1)N1CC(c2ccccc2)C(c2ccc(Cl)cc2)=N1,10.1016/j.bmcl.2010.01.049
5300,Human,8.1,pKi,8.1,Binding,Displacementof[3H]CP-55940fromhumancannabinoidCB1receptorexpressedinCHOcellsDisplacementof[3H]CP-55940fromhumancannabinoidCB1receptorexpressedinCHOcells,ChEMBL,477,3.4,CN/C(=N\S(=O)(=O)N1CCC(F)CC1)N1CC(c2ccccc2)C(c2ccc(Cl)cc2)=N1,10.1016/j.bmcl.2010.01.049
5896,Human,7.4,pKi,7.4,Binding,Displacementof[3H]CP-55940fromhumancannabinoidCB1receptorexpressedinCHOcellsDisplacementof[3H]CP-55940fromhumancannabinoidCB1receptorexpressedinCHOcells,ChEMBL,495,3.7,CN/C(=N\S(=O)(=O)N1CCC(F)(F)CC1)N1C[C@H](c2ccccc2)C(c2ccc(Cl)cc2)=N1,10.1016/j.bmcl.2010.01.049
5894,Human,6.9,pKi,6.9,Binding,Displacementof[3H]CP-55940fromhumancannabinoidCB1receptorexpressedinCHOcellsDisplacementof[3H]CP-55940fromhumancannabinoidCB1receptorexpressedinCHOcells,ChEMBL,527,4.2,CN/C(=N\S(=O)(=O)N1CCC(C(F)(F)F)CC1)N1C[C@@H](c2ccccc2)C(c2ccc(Cl)cc2)=N1,10.1016/j.bmcl.2010.01.049
192059,Human,7.4,pKi,7.4,Binding,Displacementof[3H]CP-55940fromhumanCB1receptorexpressedinCHOcellsDisplacementof[3H]CP-55940fromhumanCB1receptorexpressedinCHOcells,ChEMBL,500,5.2,CN/C(=N\S(=O)(=O)c1ccc(Cl)cc1)N1CCC(c2ccccc2)C(c2ccc(Cl)cc2)=N1,10.1016/j.bmcl.2009.08.007
191855,Human,7.1,pKi,7.1,Binding,Displacementof[3H]CP-55940fromhumanCB1receptorexpressedinCHOcellsDisplacementof[3H]CP-55940fromhumanCB1receptorexpressedinCHOcells,ChEMBL,473,3.8,CN/C(=N\S(=O)(=O)N1CCCCC1)N1CCC(c2ccccc2)C(c2ccc(Cl)cc2)=N1,10.1016/j.bmcl.2009.08.007
191667,Human,7.3,pKi,7.3,Binding,Displacementof[3H]CP-55940fromhumanCB1receptorexpressedinCHOcellsDisplacementof[3H]CP-55940fromhumanCB1receptorexpressedinCHOcells,ChEMBL,509,4.1,CN/C(=N\S(=O)(=O)N1CCC(F)(F)CC1)N1CCC(c2ccccc2)C(c2ccc(Cl)cc2)=N1,10.1016/j.bmcl.2009.08.007
191181,Human,6.6,pKi,6.6,Binding,Displacementof[3H]CP-55940fromhumanrecombinantCB1receptorexpressedinCHOcellsDisplacementof[3H]CP-55940fromhumanrecombinantCB1receptorexpressedinCHOcells,ChEMBL,327,3.9,CC1(C)C(C(=O)c2cn(CC3OCCO3)c3ccccc23)C1(C)C,10.1021/jm901214q
192256,Human,5.4,pKi,5.4,Binding,Displacementof[3H]CP-55940fromhumanrecombinantCB1receptorexpressedinCHOcellsDisplacementof[3H]CP-55940fromhumanrecombinantCB1receptorexpressedinCHOcells,ChEMBL,283,4.9,CCCn1cc(C(=O)C2C(C)(C)C2(C)C)c2ccccc21,10.1021/jm901214q
191341,Human,7.0,pKi,7.0,Binding,Displacementof[3H]CP-55940fromhumanrecombinantCB1receptorexpressedinCHOcellsDisplacementof[3H]CP-55940fromhumanrecombinantCB1receptorexpressedinCHOcells,ChEMBL,297,5.3,CCCCn1cc(C(=O)C2C(C)(C)C2(C)C)c2ccccc21,10.1021/jm901214q
191371,Human,6.8,pKi,6.8,Binding,Displacementof[3H]CP-55940fromhumanrecombinantCB1receptorexpressedinCHOcellsDisplacementof[3H]CP-55940fromhumanrecombinantCB1receptorexpressedinCHOcells,ChEMBL,311,5.7,CCCCCn1cc(C(=O)C2C(C)(C)C2(C)C)c2ccccc21,10.1021/jm901214q
191247,Human,5.7,pKi,5.7,Binding,Displacementof[3H]CP-55940fromhumanrecombinantCB1receptorexpressedinCHOcellsDisplacementof[3H]CP-55940fromhumanrecombinantCB1receptorexpressedinCHOcells,ChEMBL,327,4.1,COC(=O)CCn1cc(C(=O)C2C(C)(C)C2(C)C)c2ccccc21,10.1021/jm901214q
192151,Human,5.7,pKi,5.7,Binding,Displacementof[3H]CP-55940fromhumanrecombinantCB1receptorexpressedinCHOcellsDisplacementof[3H]CP-55940fromhumanrecombinantCB1receptorexpressedinCHOcells,ChEMBL,332,5,CC1(C)C(C(=O)c2cn(Cc3cccnc3)c3ccccc23)C1(C)C,10.1021/jm901214q
191253,Human,7.3,pKi,7.3,Binding,Displacementof[3H]CP-55940fromhumanrecombinantCB1receptorexpressedinCHOcellsDisplacementof[3H]CP-55940fromhumanrecombinantCB1receptorexpressedinCHOcells,ChEMBL,332,5,CC1(C)C(C(=O)c2cn(Cc3ccncc3)c3ccccc23)C1(C)C,10.1021/jm901214q
192329,Human,5.7,pKi,5.7,Binding,Displacementof[3H]CP-55940fromhumanrecombinantCB1receptorexpressedinCHOcellsDisplacementof[3H]CP-55940fromhumanrecombinantCB1receptorexpressedinCHOcells,ChEMBL,346,5.1,CC1(C)C(C(=O)c2cn(CCc3ccccn3)c3ccccc23)C1(C)C,10.1021/jm901214q
191244,Human,5.8,pKi,5.8,Binding,Displacementof[3H]CP-55940fromhumanrecombinantCB1receptorexpressedinCHOcellsDisplacementof[3H]CP-55940fromhumanrecombinantCB1receptorexpressedinCHOcells,ChEMBL,340,3.7,O=C(c1cn(CCN2CCOCC2)c2ccccc12)C1CCCCC1,10.1021/jm901214q
57122,Human,6.2,pKi,6.2,Binding,Displacementof[3H]CP55940fromhumanCB1receptorincellfreesystemDisplacementof[3H]CP55940fromhumanCB1receptorincellfreesystem,ChEMBL,368,4.4,CCC1CCC(C(=O)c2cn(CCN3CCOCC3)c3ccccc23)CC1,10.1016/j.ejmech.2010.11.034
102850,Human,5.5,pKi,5.5,Binding,Displacementof[3H]CP-55940fromhumanrecombinantCB1receptorexpressedinCHOcellsDisplacementof[3H]CP-55940fromhumanrecombinantCB1receptorexpressedinCHOcells,ChEMBL,366,4.1,O=C(c1cn(CCN2CCOCC2)c2ccccc12)[C@@H]1CC12CCCCC2,10.1021/jm901214q
191252,Human,6.9,pKi,6.9,Binding,Displacementof[3H]CP-55940fromhumanrecombinantCB1receptorexpressedinCHOcellsDisplacementof[3H]CP-55940fromhumanrecombinantCB1receptorexpressedinCHOcells,ChEMBL,311,4.4,O=C(c1cn(CC2CCOCC2)c2ccccc12)C1CCCC1,10.1021/jm901214q
102849,Human,7.2,pKi,7.2,Binding,Displacementof[3H]CP-55940fromhumanrecombinantCB1receptorexpressedinCHOcellsDisplacementof[3H]CP-55940fromhumanrecombinantCB1receptorexpressedinCHOcells,ChEMBL,351,5.2,O=C(c1cn(CC2CCOCC2)c2ccccc12)[C@@H]1CC12CCCCC2,10.1021/jm901214q
192184,Human,7.9,pKi,7.9,Binding,Displacementof[3H]CP-55940fromhumanCB1receptorexpressedinCHOcellsDisplacementof[3H]CP-55940fromhumanCB1receptorexpressedinCHOcells,ChEMBL,495,3.7,CN/C(=N\S(=O)(=O)N1CCC(F)(F)CC1)N1CC(c2ccccc2)C(c2ccc(Cl)cc2)=N1,10.1016/j.bmcl.2009.08.007
34004,Human,5.9,pKi,5.9,Binding,DRUGMATRIX:CannabinoidCB1radioligandbinding(ligand:[3H]SR141716A)DRUGMATRIX:CannabinoidCB1radioligandbinding(ligand:[3H]SR141716A),ChEMBL,418,3,COCCOC(=O)C1=C(C)NC(C)=C(C(=O)OC(C)C)C1c1cccc([N+](=O)[O-])c1,
190863,Human,6.3,pKi,6.3,Binding,Displacementof[3H]CP-55940fromhumanCB1receptorexpressedinCHOcellsDisplacementof[3H]CP-55940fromhumanCB1receptorexpressedinCHOcells,ChEMBL,412,4.2,Cc1cc(NC(=O)C(C)(C(F)(F)F)C(F)(F)F)cc(CN2CCOCC2)c1C,10.1016/j.bmcl.2009.07.057
190165,Human,6.0,pKi,6.0,Binding,NoneNone,PDSPKiDatabase,466,4.7,O=C(c1ccc(-n2cnnn2)cc1)N(c1ccccc1)C1(C(=O)Nc2ccccc2)CCCCC1,None
189969,Human,5.8,pKi,5.8,Binding,Displacementof[3H]rimonabantfromhumanCB1receptorexpressedinHEK293cellsbyliquidscintillationcountingDisplacementof[3H]rimonabantfromhumanCB1receptorexpressedinHEK293cellsbyliquidscintillationcounting,ChEMBL,486,4.3,Cc1ccc(C(C(=O)Nc2ccc3c(c2)OCCO3)N(C)C(=O)/C=C\c2ccc3c(c2)OCO3)cc1,10.1016/j.bmcl.2009.05.114
190314,Human,8.9,pKi,8.9,Binding,Displacementof[3H]CP55940fromhumanCB1receptorincellfreesystemDisplacementof[3H]CP55940fromhumanCB1receptorincellfreesystem,ChEMBL,397,7.5,CCCCCn1c(C)c(C(=O)c2ccc(CCC)c3ccccc23)c2ccccc21,10.1016/j.ejmech.2010.11.034
7374,Human,8.5,pKi,8.5,Binding,Displacementof[3H]CP-55940fromhumanrecombinantcannabinoidCB1receptorexpressedinCHOcellsafter3hrsbyliquidscintillationcountingDisplacementof[3H]CP-55940fromhumanrecombinantcannabinoidCB1receptorexpressedinCHOcellsafter3hrsbyliquidscintillationcounting,ChEMBL,429,5.2,O=C(NC1CCCCC1)N1CCN(C(c2ccccc2)c2ccc(Cl)cc2F)CC1,10.1016/j.ejmech.2009.12.018
8433,Human,8.2,pKi,8.2,Binding,Displacementof[3H]CP-55940fromhumanrecombinantcannabinoidCB1receptorexpressedinCHOcellsafter3hrsbyliquidscintillationcountingDisplacementof[3H]CP-55940fromhumanrecombinantcannabinoidCB1receptorexpressedinCHOcellsafter3hrsbyliquidscintillationcounting,ChEMBL,482,6.4,O=C(N1CCN(C(c2ccccc2)c2ccc(Cl)cc2Cl)CC1)C12CC3CC(CC(C3)C1)C2,10.1016/j.ejmech.2009.12.018
6747,Human,8.6,pKi,8.6,Binding,Displacementof[3H]CP-55940fromhumanrecombinantcannabinoidCB1receptorexpressedinCHOcellsafter3hrsbyliquidscintillationcountingDisplacementof[3H]CP-55940fromhumanrecombinantcannabinoidCB1receptorexpressedinCHOcellsafter3hrsbyliquidscintillationcounting,ChEMBL,463,5.9,O=C(NC1CCCCC1)N1CCN(C(c2ccc(F)cc2)c2ccc(Cl)cc2Cl)CC1,10.1016/j.ejmech.2009.12.018
190222,Human,5.8,pKi,5.8,Binding,NoneNone,PDSPKiDatabase,491,6.4,Cc1ccc(Cc2nsc(N3CCCN(C(=O)Nc4c(C(C)C)cccc4C(C)C)CC3)n2)cc1,None
191510,Human,7.7,pKi,7.7,Binding,Displacementof[3H]CP-55940fromhumanrecombinantCB1receptorexpressedinHEKcellsDisplacementof[3H]CP-55940fromhumanrecombinantCB1receptorexpressedinHEKcells,ChEMBL,430,5.7,Cc1c(C(=O)NC2CCCCCC2)nn(-c2ccc(Cl)cc2Cl)c1-n1cccc1,10.1016/j.bmc.2009.06.027
191807,Human,7.2,pKi,7.2,Binding,NoneNone,PDSPKiDatabase,458,5.9,Cc1c(C(=O)NCc2ccc(Cl)cc2)nn(-c2ccc(Cl)c(Cl)c2)c1-n1cccc1,None
191471,Human,6.9,pKi,6.9,Binding,NoneNone,PDSPKiDatabase,444,6.2,Cc1c(C(=O)Nc2ccc(Cl)cc2)nn(-c2ccc(Cl)cc2Cl)c1-n1cccc1,None
191922,Human,7.0,pKi,7.0,Binding,NoneNone,PDSPKiDatabase,472,6.8,Cc1c(C(=O)Nc2ccc(Cl)cc2)nn(-c2ccc(Cl)cc2Cl)c1-n1c(C)ccc1C,None
191503,Human,7.1,pKi,7.1,Binding,NoneNone,PDSPKiDatabase,486,6.5,Cc1c(C(=O)NCc2ccc(Cl)cc2)nn(-c2ccc(Cl)cc2Cl)c1-n1c(C)ccc1C,None
191746,Human,6.9,pKi,6.9,Binding,NoneNone,PDSPKiDatabase,458,5.9,Cc1c(C(=O)NCc2ccc(Cl)cc2)nn(-c2ccc(Cl)cc2Cl)c1-n1cccc1,None
191775,Human,6.6,pKi,6.6,Binding,Displacementof[3H]CP-55940fromhumanrecombinantCB1receptorexpressedinHEKcellsDisplacementof[3H]CP-55940fromhumanrecombinantCB1receptorexpressedinHEKcells,ChEMBL,592,6,COc1cc(CNC(=O)c2nn(-c3ccc(Cl)cc3Cl)c(-n3cccc3)c2C)c(Br)c(OC)c1OC,10.1016/j.bmc.2009.06.027
191946,Human,7.2,pKi,7.2,Binding,NoneNone,PDSPKiDatabase,472,5.9,Cc1c(C(=O)NCCc2ccc(Cl)cc2)nn(-c2ccc(Cl)cc2Cl)c1-n1cccc1,None
191777,Human,6.8,pKi,6.8,Binding,Displacementof[3H]CP-55940fromhumanrecombinantCB1receptorexpressedinHEKcellsDisplacementof[3H]CP-55940fromhumanrecombinantCB1receptorexpressedinHEKcells,ChEMBL,620,6.6,COc1cc(CNC(=O)c2nn(-c3ccc(Cl)cc3Cl)c(-n3c(C)ccc3C)c2C)c(Br)c(OC)c1OC,10.1016/j.bmc.2009.06.027
191805,Human,7.5,pKi,7.5,Binding,NoneNone,PDSPKiDatabase,500,6.5,Cc1c(C(=O)NCCc2ccc(Cl)cc2)nn(-c2ccc(Cl)cc2Cl)c1-n1c(C)ccc1C,None
191641,Human,6.8,pKi,6.8,Binding,Displacementof[3H]CP-55940fromhumanrecombinantCB1receptorexpressedinHEKcellsDisplacementof[3H]CP-55940fromhumanrecombinantCB1receptorexpressedinHEKcells,ChEMBL,506,6.6,Cc1c(C(=O)NCCc2ccc(Cl)c(Cl)c2)nn(-c2ccc(Cl)cc2Cl)c1-n1cccc1,10.1016/j.bmc.2009.06.027
191642,Human,6.9,pKi,6.9,Binding,Displacementof[3H]CP-55940fromhumanrecombinantCB1receptorexpressedinHEKcellsDisplacementof[3H]CP-55940fromhumanrecombinantCB1receptorexpressedinHEKcells,ChEMBL,534,7.2,Cc1c(C(=O)NCCc2ccc(Cl)c(Cl)c2)nn(-c2ccc(Cl)cc2Cl)c1-n1c(C)ccc1C,10.1016/j.bmc.2009.06.027
192133,Human,6.4,pKi,6.4,Binding,NoneNone,PDSPKiDatabase,502,5.9,COc1ccc(CCNC(=O)c2nn(-c3ccc(Cl)cc3Cl)c(-n3cccc3)c2C)cc1Cl,None
191614,Human,7.0,pKi,7.0,Binding,Displacementof[3H]CP-55940fromhumanrecombinantCB1receptorexpressedinHEKcellsDisplacementof[3H]CP-55940fromhumanrecombinantCB1receptorexpressedinHEKcells,ChEMBL,530,6.5,COc1ccc(CCNC(=O)c2nn(-c3ccc(Cl)cc3Cl)c(-n3c(C)ccc3C)c2C)cc1Cl,10.1016/j.bmc.2009.06.027
192109,Human,6.8,pKi,6.8,Binding,NoneNone,PDSPKiDatabase,534,7.2,Cc1c(C(=O)NCCc2ccc(Cl)cc2Cl)nn(-c2ccc(Cl)cc2Cl)c1-n1c(C)ccc1C,None
191616,Human,6.8,pKi,6.8,Binding,Displacementof[3H]CP-55940fromhumanrecombinantCB1receptorexpressedinHEKcellsDisplacementof[3H]CP-55940fromhumanrecombinantCB1receptorexpressedinHEKcells,ChEMBL,430,5.6,Cc1c(C(=O)NC2CCCC2)nn(-c2ccc(Cl)cc2Cl)c1-n1c(C)ccc1C,10.1016/j.bmc.2009.06.027
191804,Human,6.7,pKi,6.7,Binding,NoneNone,PDSPKiDatabase,506,6.6,Cc1c(C(=O)NCCc2ccc(Cl)cc2Cl)nn(-c2ccc(Cl)cc2Cl)c1-n1cccc1,None
192258,Human,7.1,pKi,7.1,Binding,Displacementof[3H]CP-55940fromhumanrecombinantCB1receptorexpressedinHEKcellsDisplacementof[3H]CP-55940fromhumanrecombinantCB1receptorexpressedinHEKcells,ChEMBL,402,5,Cc1c(C(=O)NC2CCCC2)nn(-c2ccc(Cl)cc2Cl)c1-n1cccc1,10.1016/j.bmc.2009.06.027
191648,Human,7.3,pKi,7.3,Binding,Displacementof[3H]CP-55940fromhumanrecombinantCB1receptorexpressedinHEKcellsDisplacementof[3H]CP-55940fromhumanrecombinantCB1receptorexpressedinHEKcells,ChEMBL,458,6.3,Cc1c(C(=O)NC2CCCCCC2)nn(-c2ccc(Cl)cc2Cl)c1-n1c(C)ccc1C,10.1016/j.bmc.2009.06.027
191747,Human,5.9,pKi,5.9,Binding,Displacementof[3H]CP-55940fromhumanrecombinantCB1receptorexpressedinHEKcellsDisplacementof[3H]CP-55940fromhumanrecombinantCB1receptorexpressedinHEKcells,ChEMBL,444,6.2,Cc1c(C(=O)Nc2ccc(Cl)cc2)nn(-c2ccc(Cl)c(Cl)c2)c1-n1cccc1,10.1016/j.bmc.2009.06.027
192057,Human,7.0,pKi,7.0,Binding,NoneNone,PDSPKiDatabase,486,6.5,Cc1c(C(=O)NCc2ccc(Cl)cc2)nn(-c2ccc(Cl)c(Cl)c2)c1-n1c(C)ccc1C,None
191801,Human,6.5,pKi,6.5,Binding,Displacementof[3H]CP-55940fromhumanrecombinantCB1receptorexpressedinHEKcellsDisplacementof[3H]CP-55940fromhumanrecombinantCB1receptorexpressedinHEKcells,ChEMBL,474,5.5,Cc1c(C(=O)NCCc2ccc(Cl)c(Cl)c2)nn(-c2ccc(F)cc2F)c1-n1cccc1,10.1016/j.bmc.2009.06.027
191802,Human,6.0,pKi,6.0,Binding,Displacementof[3H]CP-55940fromhumanrecombinantCB1receptorexpressedinHEKcellsDisplacementof[3H]CP-55940fromhumanrecombinantCB1receptorexpressedinHEKcells,ChEMBL,470,4.9,COc1ccc(CCNC(=O)c2nn(-c3ccc(F)cc3F)c(-n3cccc3)c2C)cc1Cl,10.1016/j.bmc.2009.06.027
191645,Human,6.4,pKi,6.4,Binding,Displacementof[3H]CP-55940fromhumanrecombinantCB1receptorexpressedinHEKcellsDisplacementof[3H]CP-55940fromhumanrecombinantCB1receptorexpressedinHEKcells,ChEMBL,500,6.5,Cc1c(C(=O)NCCc2ccc(Cl)cc2)nn(-c2ccc(Cl)c(Cl)c2)c1-n1c(C)ccc1C,10.1016/j.bmc.2009.06.027
192577,Human,6.4,pKi,6.4,Binding,Displacementof[3H]CP-55940fromhumanrecombinantCB1receptorexpressedinHEKcellsDisplacementof[3H]CP-55940fromhumanrecombinantCB1receptorexpressedinHEKcells,ChEMBL,474,5.5,Cc1c(C(=O)NCCc2ccc(Cl)cc2Cl)nn(-c2ccc(F)cc2F)c1-n1cccc1,10.1016/j.bmc.2009.06.027
191826,Human,7.4,pKi,7.4,Binding,Displacementof[3H]CP-55940fromhumanrecombinantCB1receptorexpressedinHEKcellsDisplacementof[3H]CP-55940fromhumanrecombinantCB1receptorexpressedinHEKcells,ChEMBL,430,5.6,Cc1c(C(=O)NC2CCCC2)nn(-c2ccc(Cl)c(Cl)c2)c1-n1c(C)ccc1C,10.1016/j.bmc.2009.06.027
192259,Human,7.9,pKi,7.9,Binding,NoneNone,PDSPKiDatabase,458,6.3,Cc1c(C(=O)NC2CCCCCC2)nn(-c2ccc(Cl)c(Cl)c2)c1-n1c(C)ccc1C,None
191827,Human,5.7,pKi,5.7,Binding,Displacementof[3H]CP-55940fromhumanrecombinantCB1receptorexpressedinHEKcellsDisplacementof[3H]CP-55940fromhumanrecombinantCB1receptorexpressedinHEKcells,ChEMBL,412,5.2,Cc1c(C(=O)Nc2ccc(Cl)cc2)nn(-c2ccc(F)cc2F)c1-n1cccc1,10.1016/j.bmc.2009.06.027
191649,Human,6.5,pKi,6.5,Binding,Displacementof[3H]CP-55940fromhumanrecombinantCB1receptorexpressedinHEKcellsDisplacementof[3H]CP-55940fromhumanrecombinantCB1receptorexpressedinHEKcells,ChEMBL,426,4.8,Cc1c(C(=O)NCc2ccc(Cl)cc2)nn(-c2ccc(F)cc2F)c1-n1cccc1,10.1016/j.bmc.2009.06.027
191806,Human,6.6,pKi,6.6,Binding,Displacementof[3H]CP-55940fromhumanrecombinantCB1receptorexpressedinHEKcellsDisplacementof[3H]CP-55940fromhumanrecombinantCB1receptorexpressedinHEKcells,ChEMBL,472,5.9,Cc1c(C(=O)NCCc2ccc(Cl)cc2)nn(-c2ccc(Cl)c(Cl)c2)c1-n1cccc1,10.1016/j.bmc.2009.06.027
192031,Human,7.3,pKi,7.3,Binding,NoneNone,PDSPKiDatabase,402,5,Cc1c(C(=O)NC2CCCC2)nn(-c2ccc(Cl)c(Cl)c2)c1-n1cccc1,None
191778,Human,6.8,pKi,6.8,Binding,NoneNone,PDSPKiDatabase,588,5.6,COc1cc(CNC(=O)c2nn(-c3ccc(F)cc3F)c(-n3c(C)ccc3C)c2C)c(Br)c(OC)c1OC,None
191779,Human,7.3,pKi,7.3,Binding,Displacementof[3H]CP-55940fromhumanrecombinantCB1receptorexpressedinHEKcellsDisplacementof[3H]CP-55940fromhumanrecombinantCB1receptorexpressedinHEKcells,ChEMBL,502,6.1,Cc1c(C(=O)NCCc2ccc(Cl)c(Cl)c2)nn(-c2ccc(F)cc2F)c1-n1c(C)ccc1C,10.1016/j.bmc.2009.06.027
191959,Human,8.3,pKi,8.3,Binding,NoneNone,PDSPKiDatabase,430,5.7,Cc1c(C(=O)NC2CCCCCC2)nn(-c2ccc(Cl)c(Cl)c2)c1-n1cccc1,None
192223,Human,7.5,pKi,7.5,Binding,Displacementof[3H]CP-55940fromhumanrecombinantCB1receptorexpressedinHEKcellsDisplacementof[3H]CP-55940fromhumanrecombinantCB1receptorexpressedinHEKcells,ChEMBL,468,6,Cc1c(C(=O)NC23CC4CC(CC(C4)C2)C3)nn(-c2ccc(Cl)c(Cl)c2)c1-n1cccc1,10.1016/j.bmc.2009.06.027
191703,Human,7.9,pKi,7.9,Binding,Displacementof[3H]CP-55940fromhumanrecombinantCB1receptorexpressedinHEKcellsDisplacementof[3H]CP-55940fromhumanrecombinantCB1receptorexpressedinHEKcells,ChEMBL,444,6,Cc1c(C(=O)N[C@H](C)C2CCCCC2)nn(-c2ccc(Cl)c(Cl)c2)c1-n1cccc1,10.1016/j.bmc.2009.06.027
191529,Human,5.6,pKi,5.6,Binding,Displacementof[3H]CP-55940fromhumanrecombinantCB1receptorexpressedinHEKcellsDisplacementof[3H]CP-55940fromhumanrecombinantCB1receptorexpressedinHEKcells,ChEMBL,370,3.9,Cc1c(C(=O)NC2CCCC2)nn(-c2ccc(F)cc2F)c1-n1cccc1,10.1016/j.bmc.2009.06.027
191824,Human,8.3,pKi,8.3,Binding,NoneNone,PDSPKiDatabase,496,6.6,Cc1c(C(=O)NC23CC4CC(CC(C4)C2)C3)nn(-c2ccc(Cl)c(Cl)c2)c1-n1c(C)ccc1C,None
192015,Human,7.0,pKi,7.0,Binding,NoneNone,PDSPKiDatabase,498,5.5,COc1ccc(CCNC(=O)c2nn(-c3ccc(F)cc3F)c(-n3c(C)ccc3C)c2C)cc1Cl,None
191643,Human,7.4,pKi,7.4,Binding,Displacementof[3H]CP-55940fromhumanrecombinantCB1receptorexpressedinHEKcellsDisplacementof[3H]CP-55940fromhumanrecombinantCB1receptorexpressedinHEKcells,ChEMBL,502,6.1,Cc1c(C(=O)NCCc2ccc(Cl)cc2Cl)nn(-c2ccc(F)cc2F)c1-n1c(C)ccc1C,10.1016/j.bmc.2009.06.027
191472,Human,6.3,pKi,6.3,Binding,Displacementof[3H]CP-55940fromhumanrecombinantCB1receptorexpressedinHEKcellsDisplacementof[3H]CP-55940fromhumanrecombinantCB1receptorexpressedinHEKcells,ChEMBL,398,4.7,Cc1c(C(=O)NC2CCCCCC2)nn(-c2ccc(F)cc2F)c1-n1cccc1,10.1016/j.bmc.2009.06.027
191923,Human,6.1,pKi,6.1,Binding,NoneNone,PDSPKiDatabase,398,4.5,Cc1c(C(=O)NC2CCCC2)nn(-c2ccc(F)cc2F)c1-n1c(C)ccc1C,None
191505,Human,7.3,pKi,7.3,Binding,Displacementof[3H]CP-55940fromhumanrecombinantCB1receptorexpressedinHEKcellsDisplacementof[3H]CP-55940fromhumanrecombinantCB1receptorexpressedinHEKcells,ChEMBL,426,5.3,Cc1c(C(=O)NC2CCCCCC2)nn(-c2ccc(F)cc2F)c1-n1c(C)ccc1C,10.1016/j.bmc.2009.06.027
191680,Human,7.1,pKi,7.1,Binding,NoneNone,PDSPKiDatabase,466,6.4,Cc1c(C(=O)NC(C)c2ccccc2)nn(-c2ccc(Cl)c(Cl)c2)c1-n1c(C)ccc1C,None
191534,Human,6.5,pKi,6.5,Binding,NoneNone,PDSPKiDatabase,560,5,COc1cc(CNC(=O)c2nn(-c3ccc(F)cc3F)c(-n3cccc3)c2C)c(Br)c(OC)c1OC,None
191535,Human,6.3,pKi,6.3,Binding,NoneNone,PDSPKiDatabase,440,5.8,Cc1c(C(=O)Nc2ccc(Cl)cc2)nn(-c2ccc(F)cc2F)c1-n1c(C)ccc1C,None
191709,Human,7.3,pKi,7.3,Binding,NoneNone,PDSPKiDatabase,454,5.5,Cc1c(C(=O)NCc2ccc(Cl)cc2)nn(-c2ccc(F)cc2F)c1-n1c(C)ccc1C,None
191829,Human,7.1,pKi,7.1,Binding,NoneNone,PDSPKiDatabase,440,4.9,Cc1c(C(=O)NCCc2ccc(Cl)cc2)nn(-c2ccc(F)cc2F)c1-n1cccc1,None
190864,Human,6.3,pKi,6.3,Binding,Displacementof[3H]CP-55940fromhumanCB1receptorexpressedinCHOcellsDisplacementof[3H]CP-55940fromhumanCB1receptorexpressedinCHOcells,ChEMBL,344,3.9,Cc1cc(NC(=O)C2CCCCC2C)cc(CN2CCOCC2)c1C,10.1016/j.bmcl.2009.07.057
192246,Human,6.0,pKi,6.0,Binding,Displacementof[3H]CP-55940fromhumanCB1receptorexpressedinCHOcellsDisplacementof[3H]CP-55940fromhumanCB1receptorexpressedinCHOcells,ChEMBL,370,3.8,Cc1ccc(C(=O)NC2C(C)(C)[C@@H]3CC[C@@]2(C)C3)cc1CN1CCOCC1,10.1016/j.bmcl.2009.07.057
192247,Human,7.0,pKi,7.0,Binding,Displacementof[3H]CP-55940fromhumanCB1receptorexpressedinCHOcellsDisplacementof[3H]CP-55940fromhumanCB1receptorexpressedinCHOcells,ChEMBL,398,4.6,Cc1c(CN2CCOCC2)cc(NC(=O)C2CCCCC2C)cc1C(F)(F)F,10.1016/j.bmcl.2009.07.057
190699,Human,5.9,pKi,5.9,Binding,Displacementof[3H]CP-55940fromhumanCB1receptorexpressedinCHOcellsDisplacementof[3H]CP-55940fromhumanCB1receptorexpressedinCHOcells,ChEMBL,384,3.8,Cc1ccc(C(=O)NC2C(C)(C)[C@@H]3CC[C@@]2(C)C3)cc1CCN1CCOCC1,10.1016/j.bmcl.2009.07.057
192431,Human,5.7,pKi,5.7,Binding,Displacementof[3H]CP-55940fromhumanCB1receptorexpressedinCHOcellsDisplacementof[3H]CP-55940fromhumanCB1receptorexpressedinCHOcells,ChEMBL,398,4.2,Cc1ccc(C(=O)NC2C(C)(C)[C@@H]3CC[C@@]2(C)C3)cc1CCCN1CCOCC1,10.1016/j.bmcl.2009.07.057
190902,Human,5.1,pKi,5.1,Binding,Displacementof[3H]CP-55940fromhumanCB1receptorexpressedinCHOcellsDisplacementof[3H]CP-55940fromhumanCB1receptorexpressedinCHOcells,ChEMBL,356,3.8,Cc1ccc(C(=O)NC2C(C)(C)[C@@H]3CC[C@@]2(C)C3)cc1N1CCOCC1,10.1016/j.bmcl.2009.07.057
190903,Human,5.8,pKi,5.8,Binding,Displacementof[3H]CP-55940fromhumanCB1receptorexpressedinCHOcellsDisplacementof[3H]CP-55940fromhumanCB1receptorexpressedinCHOcells,ChEMBL,412,3.7,Cc1ccc(C(=O)NC2C(C)(C)[C@@H]3CC[C@@]2(C)C3)cc1CCC(=O)N1CCOCC1,10.1016/j.bmcl.2009.07.057
191930,Human,5.4,pKi,5.4,Binding,Displacementof[3H]CP-55940fromhumanCB1receptorexpressedinCHOcellsDisplacementof[3H]CP-55940fromhumanCB1receptorexpressedinCHOcells,ChEMBL,398,3.3,Cc1ccc(C(=O)NC2C3(C)CCC(C3)C2(C)C)cc1CC(=O)N1CCOCC1,10.1016/j.bmcl.2009.07.057
190700,Human,5.5,pKi,5.5,Binding,Displacementof[3H]CP-55940fromhumanCB1receptorexpressedinCHOcellsDisplacementof[3H]CP-55940fromhumanCB1receptorexpressedinCHOcells,ChEMBL,424,4.5,CC(C(=O)Nc1ccc2c(c1)C(N1CCOCC1)CCC2)(C(F)(F)F)C(F)(F)F,10.1016/j.bmcl.2009.07.057
191999,Human,5.2,pKi,5.2,Binding,Displacementof[3H]CP-55940fromhumanCB1receptorexpressedinCHOcellsDisplacementof[3H]CP-55940fromhumanCB1receptorexpressedinCHOcells,ChEMBL,398,3.9,Cc1ccc(NC(=O)C(C)(C(F)(F)F)C(F)(F)F)cc1CN1CCOCC1,10.1016/j.bmcl.2009.07.057
192090,Human,5.8,pKi,5.8,Binding,Displacementof[3H]CP-55940fromhumanCB1receptorexpressedinCHOcellsDisplacementof[3H]CP-55940fromhumanCB1receptorexpressedinCHOcells,ChEMBL,330,3.6,Cc1ccc(NC(=O)C2CCCCC2C)cc1CN1CCOCC1,10.1016/j.bmcl.2009.07.057
190467,Human,6.9,pKi,6.9,Binding,Displacementof[3H]CP-55940fromhumanCB1receptorexpressedinCHOcellsDisplacementof[3H]CP-55940fromhumanCB1receptorexpressedinCHOcells,ChEMBL,420,3,Cc1ccc(C(=O)NC2C(C)(C)[C@@H]3CC[C@@]2(C)C3)cc1S(=O)(=O)N1CCOCC1,10.1016/j.bmcl.2009.07.057
192019,Human,8.1,pKi,8.1,Binding,NoneNone,PDSPKiDatabase,458,7.6,Cc1c(-c2ncn(C(C)C)c2C)nn(-c2ccc(Cl)cc2Cl)c1-c1ccc(Cl)cc1,None
192565,Human,8.3,pKi,8.3,Binding,NoneNone,PDSPKiDatabase,484,8.2,Cc1c(-c2cn(C3CCCCC3)cn2)nn(-c2ccc(Cl)cc2Cl)c1-c1ccc(Cl)cc1,None
192249,Human,8.3,pKi,8.3,Binding,NoneNone,PDSPKiDatabase,456,7.4,Cc1c(-c2cn(C3CCC3)cn2)nn(-c2ccc(Cl)cc2Cl)c1-c1ccc(Cl)cc1,None
192197,Human,8.1,pKi,8.1,Binding,NoneNone,PDSPKiDatabase,444,7.3,Cc1c(-c2cn(C(C)C)cn2)nn(-c2ccc(Cl)cc2Cl)c1-c1ccc(Cl)cc1,None
192384,Human,8.1,pKi,8.1,Binding,NoneNone,PDSPKiDatabase,408,6.4,Cc1c(-c2cn(C3CC3)cn2)nn(-c2ccccc2Cl)c1-c1ccc(Cl)cc1,None
190813,Human,8.4,pKi,8.4,Binding,NoneNone,PDSPKiDatabase,444,7,Cc1c(-c2cn(-c3ccccc3)cn2)nn(-c2ccccc2Cl)c1-c1ccc(Cl)cc1,None
190917,Human,5.4,pKi,5.4,Binding,Displacementof[3H]CP-55940fromhumanrecombinantCB1receptorexpressedinCHOcellsDisplacementof[3H]CP-55940fromhumanrecombinantCB1receptorexpressedinCHOcells,ChEMBL,387,5.3,CC1(C)C(C(=O)c2cn(CCc3nsc(Cl)n3)c3ccccc23)C1(C)C,10.1021/jm901214q
191396,Human,7.1,pKi,7.1,Binding,Displacementof[3H]CP-55940fromhumanrecombinantCB1receptorexpressedinCHOcellsDisplacementof[3H]CP-55940fromhumanrecombinantCB1receptorexpressedinCHOcells,ChEMBL,363,5.1,O=C(c1cn(CC2CCOCC2)c2ccccc12)C12CC3CC(CC1C3)C2,10.1021/jm901214q
191098,Human,6.3,pKi,6.3,Binding,Displacementof[3H]CP-55940fromhumanrecombinantCB1receptorexpressedinCHOcellsDisplacementof[3H]CP-55940fromhumanrecombinantCB1receptorexpressedinCHOcells,ChEMBL,379,4.6,O=C(c1cn(CC2CCOCC2)c2ccccc12)C12CC3CC(CC(C3)O1)C2,10.1021/jm901214q
191022,Human,7.4,pKi,7.4,Binding,Displacementof[3H]CP-55940fromhumanCB1receptorexpressedinCHOcellsDisplacementof[3H]CP-55940fromhumanCB1receptorexpressedinCHOcells,ChEMBL,544,4.9,CC(C)(O)CN/C(=N\S(=O)(=O)c1ccc(Cl)cc1)N1CC(c2ccccc2)C(c2ccc(Cl)cc2)=N1,10.1021/jm901614b
192615,Human,7.5,pKi,7.5,Binding,Displacementof[3H]CP-55940fromhumanCB1receptorexpressedinCHOcellsDisplacementof[3H]CP-55940fromhumanCB1receptorexpressedinCHOcells,ChEMBL,590,4.3,O=S1(=O)CCN(/C(=N\S(=O)(=O)c2ccc(Cl)cc2)N2CC(c3ccccc3)C(c3ccc(Cl)cc3)=N2)CC1,10.1021/jm901614b
13753,Human,8.5,pKi,8.5,Binding,Displacementof[3H]CP-55940fromhumanCB1receptorexpressedinCHOcellsDisplacementof[3H]CP-55940fromhumanCB1receptorexpressedinCHOcells,ChEMBL,557,5.1,CN(C)CCCN/C(=N\S(=O)(=O)c1ccc(Cl)cc1)N1CC(c2ccccc2)C(c2ccc(Cl)cc2)=N1,10.1021/jm901614b
190547,Human,7.7,pKi,7.7,Binding,NoneNone,PDSPKiDatabase,569,5.2,CN1CCC(N/C(=N\S(=O)(=O)c2ccc(Cl)cc2)N2CC(c3ccccc3)C(c3ccc(Cl)cc3)=N2)CC1,None
191200,Human,8.0,pKi,8.0,Binding,Displacementof[3H]CP-55940fromhumanCB1receptorexpressedinCHOcellsDisplacementof[3H]CP-55940fromhumanCB1receptorexpressedinCHOcells,ChEMBL,612,4.7,CN(C)CCN1CCN(/C(=N\S(=O)(=O)c2ccc(Cl)cc2)N2CC(c3ccccc3)C(c3ccc(Cl)cc3)=N2)CC1,10.1021/jm901614b
191189,Human,6.2,pKi,6.2,Binding,BindingaffinitytoCB1receptorBindingaffinitytoCB1receptor,ChEMBL,735,9.4,CCC(=O)N(CCCCCCCNC(=O)c1nn(-c2ccc(Cl)cc2Cl)c(-c2ccc(Cl)cc2)c1C)C1CCN(CCc2ccccc2)CC1,10.1021/jm901614b
190724,Human,6.0,pKi,6.0,Binding,Displacementof[3H]CP55960fromhumanclonedCB1receptorafter120minsbyscintillationspectroscopyDisplacementof[3H]CP55960fromhumanclonedCB1receptorafter120minsbyscintillationspectroscopy,ChEMBL,331,3.1,CCC1(C(=O)Nc2cc(CN3CCOCC3)c(C)cn2)CCCC1,10.1016/j.bmcl.2009.08.063
190490,Human,5.8,pKi,5.8,Binding,Displacementof[3H]CP55960fromhumanclonedCB1receptorafter120minsbyscintillationspectroscopyDisplacementof[3H]CP55960fromhumanclonedCB1receptorafter120minsbyscintillationspectroscopy,ChEMBL,319,3,CCCC(C)(C)C(=O)Nc1cc(CN2CCOCC2)c(C)cn1,10.1016/j.bmcl.2009.08.063
169797,Human,6.5,pKi,6.5,Binding,Displacementof[3H]CP55940fromrecombinanthumanCB1RexpressedinHEK293cellmembranesincubatedfor90minsbyCheng-PrusoffequationanalysisDisplacementof[3H]CP55940fromrecombinanthumanCB1RexpressedinHEK293cellmembranesincubatedfor90minsbyCheng-Prusoffequationanalysis,ChEMBL,308,4.1,O=C(NC1CCCc2ccccc21)c1nc2ccccc2s1,10.1016/j.ejmech.2019.07.002
193036,Human,8.4,pKi,8.4,Binding,BindingaffinitytohumanCB1receptorBindingaffinitytohumanCB1receptor,ChEMBL,486,6.1,O=S(=O)(NCC[C@@H]1CC[C@@H](c2ccc(Cl)cc2Cl)N(c2ccc(Cl)cc2)C1)C1CC1,10.1016/j.bmcl.2009.11.075
194007,Human,8.0,pKi,8.0,Binding,BindingaffinitytohumanCB1receptorBindingaffinitytohumanCB1receptor,ChEMBL,488,6.3,CC(C)CCNS(=O)(=O)[C@@H]1CC[C@@H](c2ccc(Cl)cc2Cl)N(c2ccc(Cl)cc2)C1,10.1016/j.bmcl.2009.11.075
194327,Human,8.2,pKi,8.2,Binding,BindingaffinitytohumanCB1receptorBindingaffinitytohumanCB1receptor,ChEMBL,474,5.9,CC(C)CNS(=O)(=O)[C@@H]1CC[C@@H](c2ccc(Cl)cc2Cl)N(c2ccc(Cl)cc2)C1,10.1016/j.bmcl.2009.11.075
193066,Human,8.3,pKi,8.3,Binding,BindingaffinitytohumanCB1receptorBindingaffinitytohumanCB1receptor,ChEMBL,497,6.9,N#Cc1ccc(C(=O)NC[C@@H]2CC[C@@H](c3ccc(Cl)cc3Cl)N(c3ccc(Cl)cc3)C2)cc1,10.1016/j.bmcl.2009.11.075
157912,Human,7.0,pKi,7.0,Binding,DisplacementofradioligandfromhumanCB1receptorexpressedinHEK293cellsDisplacementofradioligandfromhumanCB1receptorexpressedinHEK293cells,ChEMBL,406,3.9,CCCCNC(=O)c1oc2ccc(S(=O)(=O)N3CC(C)CC(C)C3)cc2c1C,10.1016/j.bmcl.2007.11.133
194292,Human,5.9,pKi,5.9,Binding,Displacementof[3H]CP-55940fromhumanCB1receptorDisplacementof[3H]CP-55940fromhumanCB1receptor,ChEMBL,394,3,CCC(C)(C)C(=O)Nc1cc2c(c(S(=O)(=O)N3CCOCC3)c1)CCCC2,10.1016/j.bmcl.2009.10.062
194645,Human,5.8,pKi,5.8,Binding,Displacementof[3H]CP-55940fromhumanCB1receptorDisplacementof[3H]CP-55940fromhumanCB1receptor,ChEMBL,380,4.2,CCC(C)(C)C(=O)Nc1cc(C)c(C)c(S(=O)(=O)N2CCCCCC2)c1,10.1016/j.bmcl.2009.10.062
193144,Human,5.5,pKi,5.5,Binding,Displacementof[3H]CP-55940fromhumanCB1receptorDisplacementof[3H]CP-55940fromhumanCB1receptor,ChEMBL,366,3.9,CCC(C)(C)C(=O)Nc1cc(C)c(C)c(S(=O)(=O)NC2CCCC2)c1,10.1016/j.bmcl.2009.10.062
191305,Human,5.4,pKi,5.4,Binding,Displacementof[3H]CP-55940fromhumanCB1receptorDisplacementof[3H]CP-55940fromhumanCB1receptor,ChEMBL,352,3.4,CCC(C)(C)C(=O)Nc1cc(C)c(C)c(S(=O)(=O)NCC2CC2)c1,10.1016/j.bmcl.2009.10.062
194598,Human,5.7,pKi,5.7,Binding,Displacementof[3H]CP-55940fromhumanCB1receptorDisplacementof[3H]CP-55940fromhumanCB1receptor,ChEMBL,370,3.4,CCC(C)(C)C(=O)Nc1cc(C)c(C)c(S(=O)(=O)N2CCSC2)c1,10.1016/j.bmcl.2009.10.062
194830,Human,5.8,pKi,5.8,Binding,Displacementof[3H]CP-55940fromhumanCB1receptorDisplacementof[3H]CP-55940fromhumanCB1receptor,ChEMBL,380,2.6,CCC(C)(C)C(=O)Nc1cc2c(c(S(=O)(=O)N3CCOCC3)c1)CCC2,10.1016/j.bmcl.2009.10.062
194588,Human,6.2,pKi,6.2,Binding,Displacementof[3H]CP-55940fromhumanCB1receptorDisplacementof[3H]CP-55940fromhumanCB1receptor,ChEMBL,366,3.9,CCC(C)(C)C(=O)Nc1cc(C)c(C)c(S(=O)(=O)N2CCCCC2)c1,10.1016/j.bmcl.2009.10.062
193619,Human,5.0,pKi,5.0,Binding,BindingaffinitytohumanCB1receptorBindingaffinitytohumanCB1receptor,ChEMBL,550,2.5,O=S(=O)(c1ccccc1F)c1cc(Cl)ccc1S(=O)(=O)N1CCC(NS(=O)(=O)C(F)(F)F)C1,10.1016/j.bmcl.2009.11.084
193478,Human,6.1,pKi,6.1,Binding,BindingaffinitytohumanCB1receptorBindingaffinitytohumanCB1receptor,ChEMBL,552,2.8,O=S(=O)(NCCCCNS(=O)(=O)C(F)(F)F)c1ccc(Cl)cc1S(=O)(=O)c1ccccc1F,10.1016/j.bmcl.2009.11.084
193479,Human,5.6,pKi,5.6,Binding,BindingaffinitytohumanCB1receptorBindingaffinitytohumanCB1receptor,ChEMBL,564,2.8,O=S(=O)(c1ccccc1F)c1cc(Cl)ccc1S(=O)(=O)N1CC(CCNS(=O)(=O)C(F)(F)F)C1,10.1016/j.bmcl.2009.11.084
193622,Human,5.6,pKi,5.6,Binding,BindingaffinitytohumanCB1receptorBindingaffinitytohumanCB1receptor,ChEMBL,592,3.4,C[C@H]1CN(S(=O)(=O)c2ccc(Cl)cc2S(=O)(=O)c2ccccc2F)CC[C@@H]1CNS(=O)(=O)C(F)(F)F,10.1016/j.bmcl.2009.11.084
193318,Human,6.3,pKi,6.3,Binding,BindingaffinitytohumanCB1receptorBindingaffinitytohumanCB1receptor,ChEMBL,592,3.5,C[C@H]1CC(CNS(=O)(=O)C(F)(F)F)CCN1S(=O)(=O)c1ccc(Cl)cc1S(=O)(=O)c1ccccc1F,10.1016/j.bmcl.2009.11.084
193482,Human,5.5,pKi,5.5,Binding,Displacementof[3H]CP-55940fromhumanCB1receptorDisplacementof[3H]CP-55940fromhumanCB1receptor,ChEMBL,354,2.3,Cc1cc(NC(=O)C(C)(C)C)cc(S(=O)(=O)N2CCOCC2)c1C,10.1016/j.bmcl.2009.10.062
193352,Human,6.1,pKi,6.1,Binding,Displacementof[3H]CP-55940fromhumanCB1receptorDisplacementof[3H]CP-55940fromhumanCB1receptor,ChEMBL,462,3.4,Cc1cc(NC(=O)C(C)(C(F)(F)F)C(F)(F)F)cc(S(=O)(=O)N2CCOCC2)c1C,10.1016/j.bmcl.2009.10.062
193756,Human,5.6,pKi,5.6,Binding,Displacementof[3H]CP-55940fromhumanCB1receptorDisplacementof[3H]CP-55940fromhumanCB1receptor,ChEMBL,368,2.7,CCC(C)(C)C(=O)Nc1cc(C)c(C)c(S(=O)(=O)N2CCOCC2)c1,10.1016/j.bmcl.2009.10.062
193558,Human,6.1,pKi,6.1,Binding,Displacementof[3H]CP-55940fromhumanCB1receptorDisplacementof[3H]CP-55940fromhumanCB1receptor,ChEMBL,382,3.1,CCCC(C)(C)C(=O)Nc1cc(C)c(C)c(S(=O)(=O)N2CCOCC2)c1,10.1016/j.bmcl.2009.10.062
193598,Human,6.9,pKi,6.9,Binding,Displacementof[3H]CP-55940fromhumanCB1receptorDisplacementof[3H]CP-55940fromhumanCB1receptor,ChEMBL,396,3.5,CCCCC(C)(C)C(=O)Nc1cc(C)c(C)c(S(=O)(=O)N2CCOCC2)c1,10.1016/j.bmcl.2009.10.062
193289,Human,6.0,pKi,6.0,Binding,Displacementof[3H]CP-55940fromhumanCB1receptorDisplacementof[3H]CP-55940fromhumanCB1receptor,ChEMBL,394,2.9,Cc1cc(NC(=O)C2C(C)(C)C2(C)C)cc(S(=O)(=O)N2CCOCC2)c1C,10.1016/j.bmcl.2009.10.062
193203,Human,6.1,pKi,6.1,Binding,Displacementof[3H]CP-55940fromCB1receptorDisplacementof[3H]CP-55940fromCB1receptor,ChEMBL,438,4.1,CCCCCOc1c(OC)ccc2cc(C(=O)NCCc3ccc(OC)cc3)c(=O)[nH]c12,10.1016/j.bmc.2010.02.011
194342,Human,5.5,pKi,5.5,Binding,Displacementof[3H]CP-55940fromCB1receptorDisplacementof[3H]CP-55940fromCB1receptor,ChEMBL,444,5.6,CCCCCOc1c(OC)ccc2cc(C(=O)NCCc3ccc(F)cc3)c(Cl)nc12,10.1016/j.bmc.2010.02.011
193167,Human,6.4,pKi,6.4,Binding,BindingaffinitytohumanCB1receptorBindingaffinitytohumanCB1receptor,ChEMBL,445,7,O=C1[C@@H](Cc2ccc(F)c(F)c2)CC[C@H](c2ccc(Cl)cc2)N1c1ccc(Cl)cc1,10.1016/j.bmcl.2009.11.075
193168,Human,6.2,pKi,6.2,Binding,BindingaffinitytohumanCB1receptorBindingaffinitytohumanCB1receptor,ChEMBL,445,7,O=C1[C@H](Cc2ccc(F)c(F)c2)CC[C@H](c2ccc(Cl)cc2)N1c1ccc(Cl)cc1,10.1016/j.bmcl.2009.11.075
193169,Human,7.1,pKi,7.1,Binding,BindingaffinitytohumanCB1receptorBindingaffinitytohumanCB1receptor,ChEMBL,431,7.5,Fc1ccc(C[C@H]2CC[C@H](c3ccc(Cl)cc3)N(c3ccc(Cl)cc3)C2)cc1F,10.1016/j.bmcl.2009.11.075
192814,Human,7.0,pKi,7.0,Binding,BindingaffinitytohumanCB1receptorBindingaffinitytohumanCB1receptor,ChEMBL,479,7.7,O=C1[C@@H](Cc2ccc(F)c(F)c2)CC[C@H](c2ccc(Cl)cc2Cl)N1c1ccc(Cl)cc1,10.1016/j.bmcl.2009.11.075
193193,Human,7.8,pKi,7.8,Binding,BindingaffinitytohumanCB1receptorBindingaffinitytohumanCB1receptor,ChEMBL,465,8.1,Fc1ccc(C[C@H]2CC[C@H](c3ccc(Cl)cc3Cl)N(c3ccc(Cl)cc3)C2)cc1F,10.1016/j.bmcl.2009.11.075
194339,Human,6.3,pKi,6.3,Binding,BindingaffinitytohumanCB1receptorBindingaffinitytohumanCB1receptor,ChEMBL,465,8.1,Fc1ccc(C[C@H]2CC[C@H](c3ccc(Cl)cc3)N(c3ccc(Cl)cc3Cl)C2)cc1F,10.1016/j.bmcl.2009.11.075
192928,Human,6.9,pKi,6.9,Binding,BindingaffinitytohumanCB1receptorBindingaffinitytohumanCB1receptor,ChEMBL,368,5.6,NC[C@@H]1CC[C@@H](c2ccc(Cl)cc2Cl)N(c2ccc(Cl)cc2)C1,10.1016/j.bmcl.2009.11.075
192892,Human,7.2,pKi,7.2,Binding,BindingaffinitytohumanCB1receptorBindingaffinitytohumanCB1receptor,ChEMBL,506,7.6,O=C(NCc1ccc(Cl)cc1)[C@@H]1CC[C@@H](c2ccc(Cl)cc2Cl)N(c2ccc(Cl)cc2)C1,10.1016/j.bmcl.2009.11.075
192997,Human,7.3,pKi,7.3,Binding,BindingaffinitytohumanCB1receptorBindingaffinitytohumanCB1receptor,ChEMBL,474,5.9,CCCS(=O)(=O)NC[C@@H]1CC[C@@H](c2ccc(Cl)cc2Cl)N(c2ccc(Cl)cc2)C1,10.1016/j.bmcl.2009.11.075
192723,Human,6.8,pKi,6.8,Binding,BindingaffinitytohumanCB1receptorBindingaffinitytohumanCB1receptor,ChEMBL,472,5.7,O=S(=O)(NC[C@@H]1CC[C@@H](c2ccc(Cl)cc2Cl)N(c2ccc(Cl)cc2)C1)C1CC1,10.1016/j.bmcl.2009.11.075
193064,Human,8.2,pKi,8.2,Binding,BindingaffinitytohumanCB1receptorBindingaffinitytohumanCB1receptor,ChEMBL,509,6,O=S(=O)(NC[C@@H]1CC[C@@H](c2ccc(Cl)cc2Cl)N(c2ccc(Cl)cc2)C1)c1cccnc1,10.1016/j.bmcl.2009.11.075
193065,Human,8.6,pKi,8.6,Binding,BindingaffinitytohumanCB1receptorBindingaffinitytohumanCB1receptor,ChEMBL,558,7.7,O=S(=O)(NC[C@@H]1CC[C@@H](c2ccc(Cl)cc2Cl)N(c2ccc(Cl)cc2)C1)c1cccc2ccccc12,10.1016/j.bmcl.2009.11.075
194421,Human,7.0,pKi,7.0,Binding,BindingaffinitytohumanCB1receptorBindingaffinitytohumanCB1receptor,ChEMBL,436,6.1,O=C(NC[C@@H]1CC[C@@H](c2ccc(Cl)cc2Cl)N(c2ccc(Cl)cc2)C1)C1CC1,10.1016/j.bmcl.2009.11.075
194602,Human,7.2,pKi,7.2,Binding,BindingaffinitytohumanCB1receptorBindingaffinitytohumanCB1receptor,ChEMBL,382,6,NCC[C@@H]1CC[C@@H](c2ccc(Cl)cc2Cl)N(c2ccc(Cl)cc2)C1,10.1016/j.bmcl.2009.11.075
193112,Human,8.4,pKi,8.4,Binding,BindingaffinitytohumanCB1receptorBindingaffinitytohumanCB1receptor,ChEMBL,547,6.8,N#Cc1ccc(S(=O)(=O)NCC[C@@H]2CC[C@@H](c3ccc(Cl)cc3Cl)N(c3ccc(Cl)cc3)C2)cc1,10.1016/j.bmcl.2009.11.075
194793,Human,8.2,pKi,8.2,Binding,BindingaffinitytohumanCB1receptorBindingaffinitytohumanCB1receptor,ChEMBL,523,6.4,O=S(=O)(NCC[C@@H]1CC[C@@H](c2ccc(Cl)cc2Cl)N(c2ccc(Cl)cc2)C1)c1cccnc1,10.1016/j.bmcl.2009.11.075
192999,Human,7.4,pKi,7.4,Binding,BindingaffinitytohumanCB1receptorBindingaffinitytohumanCB1receptor,ChEMBL,424,6.1,CC(=O)NCC[C@@H]1CC[C@@H](c2ccc(Cl)cc2Cl)N(c2ccc(Cl)cc2)C1,10.1016/j.bmcl.2009.11.075
193000,Human,8.3,pKi,8.3,Binding,BindingaffinitytohumanCB1receptorBindingaffinitytohumanCB1receptor,ChEMBL,511,7.3,N#Cc1ccc(C(=O)NCC[C@@H]2CC[C@@H](c3ccc(Cl)cc3Cl)N(c3ccc(Cl)cc3)C2)cc1,10.1016/j.bmcl.2009.11.075
192831,Human,7.2,pKi,7.2,Binding,BindingaffinitytohumanCB1receptorBindingaffinitytohumanCB1receptor,ChEMBL,486,6.1,O=S(=O)(NCCC1CCC(c2ccc(Cl)cc2Cl)N(c2ccc(Cl)cc2)C1)C1CC1,10.1016/j.bmcl.2009.11.075
194569,Human,8.1,pKi,8.1,Binding,BindingaffinitytohumanCB1receptorBindingaffinitytohumanCB1receptor,ChEMBL,537,7.2,CC(C)(C)OC(=O)N1CCN(C[C@@H]2CC[C@@H](c3ccc(Cl)cc3Cl)N(c3ccc(Cl)cc3)C2)CC1,10.1016/j.bmcl.2009.11.075
193054,Human,6.3,pKi,6.3,Binding,BindingaffinitytohumanCB1receptorBindingaffinitytohumanCB1receptor,ChEMBL,437,5.5,Clc1ccc(N2C[C@H](CN3CCNCC3)CC[C@H]2c2ccc(Cl)cc2Cl)cc1,10.1016/j.bmcl.2009.11.075
193055,Human,6.2,pKi,6.2,Binding,BindingaffinitytohumanCB1receptorBindingaffinitytohumanCB1receptor,ChEMBL,515,5.2,CS(=O)(=O)N1CCN(C[C@@H]2CC[C@@H](c3ccc(Cl)cc3Cl)N(c3ccc(Cl)cc3)C2)CC1,10.1016/j.bmcl.2009.11.075
193056,Human,7.4,pKi,7.4,Binding,BindingaffinitytohumanCB1receptorBindingaffinitytohumanCB1receptor,ChEMBL,541,5.7,O=S(=O)(C1CC1)N1CCN(C[C@@H]2CC[C@@H](c3ccc(Cl)cc3Cl)N(c3ccc(Cl)cc3)C2)CC1,10.1016/j.bmcl.2009.11.075
192923,Human,6.4,pKi,6.4,Binding,BindingaffinitytohumanCB1receptorBindingaffinitytohumanCB1receptor,ChEMBL,479,5.8,CC(=O)N1CCN(C[C@@H]2CC[C@@H](c3ccc(Cl)cc3Cl)N(c3ccc(Cl)cc3)C2)CC1,10.1016/j.bmcl.2009.11.075
192963,Human,7.9,pKi,7.9,Binding,BindingaffinitytohumanCB1receptorBindingaffinitytohumanCB1receptor,ChEMBL,535,7.2,CC(C)(C)CC(=O)N1CCN(C[C@@H]2CC[C@@H](c3ccc(Cl)cc3Cl)N(c3ccc(Cl)cc3)C2)CC1,10.1016/j.bmcl.2009.11.075
192784,Human,7.2,pKi,7.2,Binding,BindingaffinitytohumanCB1receptorBindingaffinitytohumanCB1receptor,ChEMBL,521,7.7,CC(C)(C)CCN1CCN(C[C@@H]2CC[C@@H](c3ccc(Cl)cc3Cl)N(c3ccc(Cl)cc3)C2)CC1,10.1016/j.bmcl.2009.11.075
192910,Human,7.5,pKi,7.5,Binding,BindingaffinitytohumanCB1receptorBindingaffinitytohumanCB1receptor,ChEMBL,438,6.4,CC(C)CNC(=O)[C@@H]1CC[C@@H](c2ccc(Cl)cc2Cl)N(c2ccc(Cl)cc2)C1,10.1016/j.bmcl.2009.11.075
193209,Human,7.8,pKi,7.8,Binding,BindingaffinitytohumanCB1receptorBindingaffinitytohumanCB1receptor,ChEMBL,464,7.1,O=C(NC1CCCCC1)[C@@H]1CC[C@@H](c2ccc(Cl)cc2Cl)N(c2ccc(Cl)cc2)C1,10.1016/j.bmcl.2009.11.075
195751,Human,7.5,pKi,7.5,Binding,BindingaffinitytohumanCB1receptorBindingaffinitytohumanCB1receptor,ChEMBL,436,6.3,O=C(NC1CCC1)[C@@H]1CC[C@@H](c2ccc(Cl)cc2Cl)N(c2ccc(Cl)cc2)C1,10.1016/j.bmcl.2009.11.075
195568,Human,7.5,pKi,7.5,Binding,BindingaffinitytohumanCB1receptorBindingaffinitytohumanCB1receptor,ChEMBL,500,6.6,O=S(=O)(NC1CCCCC1)[C@@H]1CC[C@@H](c2ccc(Cl)cc2Cl)N(c2ccc(Cl)cc2)C1,10.1016/j.bmcl.2009.11.075
192706,Human,7.8,pKi,7.8,Binding,BindingaffinitytohumanCB1receptorBindingaffinitytohumanCB1receptor,ChEMBL,486,6.2,O=S(=O)([C@@H]1CC[C@@H](c2ccc(Cl)cc2Cl)N(c2ccc(Cl)cc2)C1)N1CCCCC1,10.1016/j.bmcl.2009.11.075
194029,Human,5.3,pKi,5.3,Binding,Displacementof[3H]CP-55940fromhumanCB1receptorexpressedinCHOcellsDisplacementof[3H]CP-55940fromhumanCB1receptorexpressedinCHOcells,ChEMBL,335,3.7,Cc1nc(C(=O)NC2C3CC4CC(C3)C2C4)c(C)n1-c1ccccc1,10.1016/j.bmcl.2009.12.032
193913,Human,5.7,pKi,5.7,Binding,Displacementof[3H]CP-55940fromhumanCB1receptorexpressedinCHOcellsDisplacementof[3H]CP-55940fromhumanCB1receptorexpressedinCHOcells,ChEMBL,391,5.2,CCCCc1c(C(=O)NC23CC4CC(CC(C4)C2)C3)nc(C)n1-c1ccccc1,10.1016/j.bmcl.2009.12.032
194295,Human,5.4,pKi,5.4,Binding,Displacementof[3H]CP-55940fromhumanCB1receptorexpressedinCHOcellsDisplacementof[3H]CP-55940fromhumanCB1receptorexpressedinCHOcells,ChEMBL,363,4.4,CCc1nc(C(=O)NC23CC4CC(CC(C4)C2)C3)c(C)n1-c1ccccc1,10.1016/j.bmcl.2009.12.032
192945,Human,6.2,pKi,6.2,Binding,Displacementof[3H]CP-55940fromCB1receptorDisplacementof[3H]CP-55940fromCB1receptor,ChEMBL,313,5.6,CCCCCc1cc(N)c2c(c1)OC(C)(C)[C@@H]1CCC(C)=C[C@@H]21,10.1016/j.bmcl.2009.12.092
193975,Human,5.8,pKi,5.8,Binding,Displacementof[3H]CP-55940fromCB1receptorDisplacementof[3H]CP-55940fromCB1receptor,ChEMBL,323,5.9,CCCCCc1cc(C#N)c2c(c1)OC(C)(C)[C@@H]1CCC(C)=C[C@@H]21,10.1016/j.bmcl.2009.12.092
194662,Human,6.0,pKi,6.0,Binding,Displacementof[3H]CP-55940fromCB1receptorDisplacementof[3H]CP-55940fromCB1receptor,ChEMBL,344,6.8,CCCCCc1cc2c(c(SC)c1)[C@@H]1C=C(C)CC[C@H]1C(C)(C)O2,10.1016/j.bmcl.2009.12.092
194378,Human,9.6,pKi,9.6,Binding,Displacementof[3H]CP-55940fromCB1receptorDisplacementof[3H]CP-55940fromCB1receptor,ChEMBL,370,7.3,CCCCCCC(C)(C)c1cc(O)c2c(c1)OC(C)(C)[C@@H]1CCC(C)=C[C@@H]21,10.1016/j.bmcl.2009.12.092
194403,Human,7.2,pKi,7.2,Binding,Displacementof[3H]CP-55940fromCB1receptorDisplacementof[3H]CP-55940fromCB1receptor,ChEMBL,379,7.4,CCCCCCC(C)(C)c1cc(C#N)c2c(c1)OC(C)(C)[C@@H]1CCC(C)=C[C@@H]21,10.1016/j.bmcl.2009.12.092
195016,Human,7.9,pKi,7.9,Binding,Displacementof[3H]CP-55940fromCB1receptorDisplacementof[3H]CP-55940fromCB1receptor,ChEMBL,369,7.1,CCCCCCC(C)(C)c1cc(N)c2c(c1)OC(C)(C)[C@@H]1CCC(C)=C[C@@H]21,10.1016/j.bmcl.2009.12.092
194331,Human,5.9,pKi,5.9,Binding,Displacementof[3H]CP-55940fromCB1receptorDisplacementof[3H]CP-55940fromCB1receptor,ChEMBL,411,7.5,CCCCCCC(C)(C)c1cc(NC(C)=O)c2c(c1)OC(C)(C)[C@@H]1CCC(C)=C[C@@H]21,10.1016/j.bmcl.2009.12.092
194352,Human,6.5,pKi,6.5,Binding,Displacementof[3H]CP-55940fromCB1receptorDisplacementof[3H]CP-55940fromCB1receptor,ChEMBL,426,7.3,CCCCCCC(C)(C)c1cc(NC(=O)NC)c2c(c1)OC(C)(C)[C@@H]1CCC(C)=C[C@@H]21,10.1016/j.bmcl.2009.12.092
194551,Human,5.7,pKi,5.7,Binding,Displacementof[3H]CP-55940fromCB1receptorDisplacementof[3H]CP-55940fromCB1receptor,ChEMBL,447,6.9,CCCCCCC(C)(C)c1cc(NS(C)(=O)=O)c2c(c1)OC(C)(C)[C@@H]1CCC(C)=C[C@@H]21,10.1016/j.bmcl.2009.12.092
62525,Human,6.1,pKi,6.1,Binding,DisplacementofspecificCP-55940bindinginCHOcellsstablytransfectedwithhumancannabinoidreceptor1DisplacementofspecificCP-55940bindinginCHOcellsstablytransfectedwithhumancannabinoidreceptor1,ChEMBL,459,3.5,CN/C(=N\S(=O)(=O)N1CCCCC1)N1C[C@@H](c2ccccc2)C(c2ccc(Cl)cc2)=N1,10.1016/j.bmcl.2005.07.054
189547,Human,5.4,pKi,5.4,Binding,Displacementof[3H]rimonabantfromhumanCB1receptorexpressedinHEK293cellsbyliquidscintillationcountingDisplacementof[3H]rimonabantfromhumanCB1receptorexpressedinHEK293cellsbyliquidscintillationcounting,ChEMBL,447,3.6,CCCNC(=O)N1CCN(c2nc(Cc3ccccc3)c3c(c2C#N)CC(C)(C)OC3)CC1,10.1016/j.bmcl.2009.05.114
5962,Human,7.1,pKi,7.1,Binding,Displacementof[3H]CP-55940fromhumancannabinoidCB1receptorexpressedinCHOcellsDisplacementof[3H]CP-55940fromhumancannabinoidCB1receptorexpressedinCHOcells,ChEMBL,486,5.3,CN/C(=N\S(=O)(=O)c1ccc(Cl)cc1)C1=NN(c2ccc(Cl)cc2)C(c2ccccc2)C1,10.1016/j.bmcl.2010.01.049
5670,Human,7.7,pKi,7.7,Binding,Displacementof[3H]CP-55940fromhumancannabinoidCB1receptorexpressedinCHOcellsDisplacementof[3H]CP-55940fromhumancannabinoidCB1receptorexpressedinCHOcells,ChEMBL,470,4.8,CN/C(=N\S(=O)(=O)c1ccc(F)cc1)C1=NN(c2ccc(Cl)cc2)C(c2ccccc2)C1,10.1016/j.bmcl.2010.01.049
5968,Human,7.3,pKi,7.3,Binding,Displacementof[3H]CP-55940fromhumancannabinoidCB1receptorexpressedinCHOcellsDisplacementof[3H]CP-55940fromhumancannabinoidCB1receptorexpressedinCHOcells,ChEMBL,520,6,CN/C(=N\S(=O)(=O)c1cccc(Cl)c1)C1=NN(c2ccc(Cl)cc2Cl)C(c2ccccc2)C1,10.1016/j.bmcl.2010.01.049
5969,Human,7.4,pKi,7.4,Binding,Displacementof[3H]CP-55940fromhumancannabinoidCB1receptorexpressedinCHOcellsDisplacementof[3H]CP-55940fromhumancannabinoidCB1receptorexpressedinCHOcells,ChEMBL,520,6,CN/C(=N\S(=O)(=O)c1ccc(Cl)cc1)C1=NN(c2ccc(Cl)cc2Cl)C(c2ccccc2)C1,10.1016/j.bmcl.2010.01.049
5970,Human,8.0,pKi,8.0,Binding,Displacementof[3H]CP-55940fromhumancannabinoidCB1receptorexpressedinCHOcellsDisplacementof[3H]CP-55940fromhumancannabinoidCB1receptorexpressedinCHOcells,ChEMBL,554,6.3,CN/C(=N\S(=O)(=O)c1ccc(C(F)(F)F)cc1)C1=NN(c2ccc(Cl)cc2Cl)C(c2ccccc2)C1,10.1016/j.bmcl.2010.01.049
5755,Human,7.2,pKi,7.2,Binding,Displacementof[3H]CP-55940fromhumancannabinoidCB1receptorexpressedinCHOcellsDisplacementof[3H]CP-55940fromhumancannabinoidCB1receptorexpressedinCHOcells,ChEMBL,527,4.8,CN/C(=N\S(=O)(=O)N1CCC(C(F)(F)F)CC1)C1=NN(c2ccc(Cl)cc2)[C@H](c2ccccc2)C1,10.1016/j.bmcl.2010.01.049
5292,Human,6.6,pKi,6.6,Binding,Displacementof[3H]CP-55940fromhumancannabinoidCB1receptorexpressedinCHOcellsDisplacementof[3H]CP-55940fromhumancannabinoidCB1receptorexpressedinCHOcells,ChEMBL,495,4.2,CN/C(=N\S(=O)(=O)N1CCC(F)(F)CC1)C1=NN(c2ccc(Cl)cc2)[C@H](c2ccccc2)C1,10.1016/j.bmcl.2010.01.049
5897,Human,6.3,pKi,6.3,Binding,Displacementof[3H]CP-55940fromhumancannabinoidCB1receptorexpressedinCHOcellsDisplacementof[3H]CP-55940fromhumancannabinoidCB1receptorexpressedinCHOcells,ChEMBL,495,3.7,CN/C(=N\S(=O)(=O)N1CCC(F)(F)CC1)N1C[C@@H](c2ccccc2)C(c2ccc(Cl)cc2)=N1,10.1016/j.bmcl.2010.01.049
7419,Human,8.1,pKi,8.1,Binding,Displacementof[3H]CP-55940fromhumanCB1receptorexpressedinCHOcellsDisplacementof[3H]CP-55940fromhumanCB1receptorexpressedinCHOcells,ChEMBL,480,6,CSc1c(C(=O)NN2CCCC2)nc(-c2ccc(Cl)cc2Cl)n1-c1ccc(Cl)cc1,10.1016/j.bmcl.2010.03.068
7420,Human,7.9,pKi,7.9,Binding,Displacementof[3H]CP-55940fromhumanCB1receptorexpressedinCHOcellsDisplacementof[3H]CP-55940fromhumanCB1receptorexpressedinCHOcells,ChEMBL,508,6.7,CSc1c(C(=O)NN2CCCCCC2)nc(-c2ccc(Cl)cc2Cl)n1-c1ccc(Cl)cc1,10.1016/j.bmcl.2010.03.068
1072,Human,8.2,pKi,8.2,Binding,UnclassifiedUnclassified,GuidetoPharmacology,523,4,N#CCCC#Cc1ccc(cc1)c1c(CO)c(nn1c1ccc(cc1Cl)Cl)C(=O)NN1CCOCC1,26161824
10157,Human,5.8,pKi,5.8,Binding,Displacementof[3H]SR141716AfromhumanCB1receptorDisplacementof[3H]SR141716AfromhumanCB1receptor,ChEMBL,402,2.1,CC(C)(C)[C@H](NC(=O)n1c(=O)n(CCC2CCOCC2)c2ccccc21)C(N)=O,10.1016/j.bmcl.2008.04.032
73520,Human,7.9,pKi,7.9,Binding,Displacementof[3H]CP55940fromrecombinanthumanCB1receptorexpressedinhumanHEK293cellmembraneafter90minsDisplacementof[3H]CP55940fromrecombinanthumanCB1receptorexpressedinhumanHEK293cellmembraneafter90mins,ChEMBL,392,4.6,O=C(NC1CCCCCC1)c1cc2ccccc2n(Cc2ccc(F)cc2)c1=O,10.1016/j.ejmech.2012.03.031
371,Human,8.3,pKi,8.3,Binding,"Competitionbindingassayusing[<sup>3</sup>H]-CP55,940Competitionbindingassayusing[<sup>3</sup>H]-CP55,940",GuidetoPharmacology,541,5.2,[O-][N+](=O)OCCC#Cc1ccc(cc1)c1c(C)c(nn1c1ccc(cc1Cl)Cl)C(=O)NN1CCCCC1,27768894
15139,Human,5.7,pKi,5.7,Binding,Displacementof[3H]CP-55940fromhumanCB1receptorexpressedinHEKcellsDisplacementof[3H]CP-55940fromhumanCB1receptorexpressedinHEKcells,ChEMBL,518,5.5,CCCCCn1cc(C(=O)NC23CC4CC(CC(C4)C2)C3)c(=O)c2cc(I)ccc21,10.1021/jm100123x
15141,Human,6.3,pKi,6.3,Binding,Displacementof[3H]CP-55940fromhumanCB1receptorexpressedinHEKcellsDisplacementof[3H]CP-55940fromhumanCB1receptorexpressedinHEKcells,ChEMBL,516,6.1,CCCCCn1cc(C(=O)NC23CC4CC(CC(C4)C2)C3)c(=O)c2cc([S+]([O-])c3ccccc3)ccc21,10.1021/jm100123x
15124,Human,6.3,pKi,6.3,Binding,Displacementof[3H]CP55940fromhumanCB1receptorincellfreesystemDisplacementof[3H]CP55940fromhumanCB1receptorincellfreesystem,ChEMBL,526,7.2,CCCCCn1cc(C(=O)NC23CC4CC(CC(C4)C2)C3)c(=O)c2cc(-c3cc(C)c(OC)c(C)c3)ccc21,10.1016/j.ejmech.2010.11.034
15125,Human,6.4,pKi,6.4,Binding,Displacementof[3H]CP-55940fromhumanCB1receptorexpressedinHEKcellsDisplacementof[3H]CP-55940fromhumanCB1receptorexpressedinHEKcells,ChEMBL,548,7.7,CCCCCn1cc(C(=O)NC23CC4CC(CC(C4)C2)C3)c(=O)c2cc(-c3ccc4cc(OC)ccc4c3)ccc21,10.1021/jm100123x
15123,Human,6.6,pKi,6.6,Binding,Displacementof[3H]CP-55940fromhumanCB1receptorexpressedinHEKcellsDisplacementof[3H]CP-55940fromhumanCB1receptorexpressedinHEKcells,ChEMBL,514,6.4,CCCCCn1cc(C(=O)NC23CC4CC(CC(C4)C2)C3)c(=O)c2cc(-c3cnn(CC(C)C)c3)ccc21,10.1021/jm100123x
15143,Human,7.5,pKi,7.5,Binding,Displacementof[3H]CP-55940fromhumanCB1receptorexpressedinHEKcellsDisplacementof[3H]CP-55940fromhumanCB1receptorexpressedinHEKcells,ChEMBL,457,5.7,CCCCCn1cc(C(=O)NC23CC4CC(CC(C4)C2)C3)c(=O)c2cc(-n3cccc3)ccc21,10.1021/jm100123x
15146,Human,6.1,pKi,6.1,Binding,Displacementof[3H]CP55940fromhumanCB1receptorincellfreesystemDisplacementof[3H]CP55940fromhumanCB1receptorincellfreesystem,ChEMBL,420,5.5,CCCCCn1cc(C(=O)NC23CC4CC(CC(C4)C2)C3)c(=O)c2cc(CC)ccc21,10.1016/j.ejmech.2010.11.034
15148,Human,5.5,pKi,5.5,Binding,Displacementof[3H]CP55940fromhumanCB1receptorincellfreesystemDisplacementof[3H]CP55940fromhumanCB1receptorincellfreesystem,ChEMBL,438,4.1,C#CCn1cc(C(=O)NC23CC4CC(CC(C4)C2)C3)c(=O)c2cc(Br)ccc21,10.1016/j.ejmech.2010.11.034
14760,Human,7.9,pKi,7.9,Binding,Displacementof[3H]CP-55940fromhumancannabinoidCB1receptorexpressedininsectSf9cellsDisplacementof[3H]CP-55940fromhumancannabinoidCB1receptorexpressedininsectSf9cells,ChEMBL,381,3.9,CCN1CCN(C(=O)c2cn3c4c(cccc24)OC[C@H]3C2CCCCC2)CC1,10.1016/j.bmcl.2010.06.067
14790,Human,8.7,pKi,8.7,Binding,Displacementof[3H]CP-55940fromhumancannabinoidCB1receptorexpressedininsectSf9cellsDisplacementof[3H]CP-55940fromhumancannabinoidCB1receptorexpressedininsectSf9cells,ChEMBL,381,3.9,C[C@H]1CN(C(=O)c2cn3c4c(cccc24)OC[C@H]3C2CCCCC2)CCN1C,10.1016/j.bmcl.2010.06.067
189665,Human,6.6,pKi,6.6,Binding,NoneNone,PDSPKiDatabase,470,5.5,O=C(Nc1ccccc1Oc1ccccc1)c1ccc(S(=O)(=O)N2CCc3ccccc32)cc1,None
189174,Human,6.6,pKi,6.6,Binding,NoneNone,PDSPKiDatabase,490,5.1,COc1cccc(N2C(C(C)=O)=NN(c3ccc(Cl)cc3)C2c2ccc(N3CCOCC3)cc2)c1,None
104434,Human,7.3,pKi,7.3,Binding,"Displacementof[3H]CP55,940fromhumanrecombinantCB1receptorexpressedinHEK293cellmembranesafter90minsDisplacementof[3H]CP55,940fromhumanrecombinantCB1receptorexpressedinHEK293cellmembranesafter90mins",ChEMBL,324,3.3,O=C(NC1CCCCCC1)c1cccn(Cc2ccccc2)c1=O,10.1016/j.ejmech.2013.10.070
73561,Human,6.1,pKi,6.1,Binding,Displacementof[3H]CP55940fromrecombinanthumanCB1receptorexpressedinhumanHEK293cellmembraneafter90minsDisplacementof[3H]CP55940fromrecombinanthumanCB1receptorexpressedinhumanHEK293cellmembraneafter90mins,ChEMBL,310,3,O=C(NC1CCCCC1)c1cccn(Cc2ccccc2)c1=O,10.1016/j.ejmech.2012.03.031
104415,Human,6.4,pKi,6.4,Binding,"Displacementof[3H]CP55,940fromhumanrecombinantCB1receptorexpressedinHEK293cellmembranesafter90minsDisplacementof[3H]CP55,940fromhumanrecombinantCB1receptorexpressedinHEK293cellmembranesafter90mins",ChEMBL,324,3.2,CC1CCC(NC(=O)c2cccn(Cc3ccccc3)c2=O)CC1,10.1016/j.ejmech.2013.10.070
173710,Human,7.1,pKi,7.1,Binding,Displacementof[3H]CP55940fromrecombinanthumanCB1RexpressedinHEK293cellmembranesincubatedfor90minsbyCheng-PrusoffequationanalysisDisplacementof[3H]CP55940fromrecombinanthumanCB1RexpressedinHEK293cellmembranesincubatedfor90minsbyCheng-Prusoffequationanalysis,ChEMBL,312,4,O=C(NC12CC3CC(CC(C3)C1)C2)c1nc2ccccc2s1,10.1016/j.ejmech.2019.07.002
3615,Human,8.5,pKi,8.5,Binding,BindingaffinityatCB1receptor(unknownorigin)BindingaffinityatCB1receptor(unknownorigin),ChEMBL,616,8,CCc1c(nn(c1c1ccc(s1)C#Cc1ccc(cc1)C(F)(F)F)c1ccc(cc1Cl)Cl)C(=O)NN1CCCCC1,10.1016/j.bmcl.2013.06.066
17814,Human,7.0,pKi,7.0,Binding,Displacementof[3H]SR141716fromhumanCB1receptorexpressedinHEK293cellsDisplacementof[3H]SR141716fromhumanCB1receptorexpressedinHEK293cells,ChEMBL,827,9.7,Cc1c(C(=O)NCCNCCNC(=O)c2nn(-c3ccc(Cl)cc3Cl)c(-c3ccc(Cl)cc3)c2C)nn(-c2ccc(Cl)cc2Cl)c1-c1ccc(Cl)cc1,10.1021/jm1006676
17761,Human,6.8,pKi,6.8,Binding,Displacementof[3H]CP55940fromhumanCB1receptorexpressedinHEK293cellsDisplacementof[3H]CP55940fromhumanCB1receptorexpressedinHEK293cells,ChEMBL,855,10.5,Cc1c(C(=O)NCCCNCCCNC(=O)c2nn(-c3ccc(Cl)cc3Cl)c(-c3ccc(Cl)cc3)c2C)nn(-c2ccc(Cl)cc2Cl)c1-c1ccc(Cl)cc1,10.1021/jm1006676
17815,Human,7.2,pKi,7.2,Binding,Displacementof[3H]CP55940fromhumanCB1receptorexpressedinHEK293cellsDisplacementof[3H]CP55940fromhumanCB1receptorexpressedinHEK293cells,ChEMBL,911,12,Cc1c(C(=O)NCCCCCNCCCCCNC(=O)c2nn(-c3ccc(Cl)cc3Cl)c(-c3ccc(Cl)cc3)c2C)nn(-c2ccc(Cl)cc2Cl)c1-c1ccc(Cl)cc1,10.1021/jm1006676
17816,Human,7.9,pKi,7.9,Binding,Displacementof[3H]CP55940fromhumanCB1receptorexpressedinHEK293cellsDisplacementof[3H]CP55940fromhumanCB1receptorexpressedinHEK293cells,ChEMBL,967,13.6,Cc1c(C(=O)NCCCCCCCNCCCCCCCNC(=O)c2nn(-c3ccc(Cl)cc3Cl)c(-c3ccc(Cl)cc3)c2C)nn(-c2ccc(Cl)cc2Cl)c1-c1ccc(Cl)cc1,10.1021/jm1006676
17817,Human,7.2,pKi,7.2,Binding,Displacementof[3H]SR141716fromhumanCB1receptorexpressedinHEK293cellsDisplacementof[3H]SR141716fromhumanCB1receptorexpressedinHEK293cells,ChEMBL,1023,15.1,Cc1c(C(=O)NCCCCCCCCCNCCCCCCCCCNC(=O)c2nn(-c3ccc(Cl)cc3Cl)c(-c3ccc(Cl)cc3)c2C)nn(-c2ccc(Cl)cc2Cl)c1-c1ccc(Cl)cc1,10.1021/jm1006676
17818,Human,7.4,pKi,7.4,Binding,Displacementof[3H]SR141716fromhumanCB1receptorexpressedinHEK293cellsDisplacementof[3H]SR141716fromhumanCB1receptorexpressedinHEK293cells,ChEMBL,1079,16.7,Cc1c(C(=O)NCCCCCCCCCCCNCCCCCCCCCCCNC(=O)c2nn(-c3ccc(Cl)cc3Cl)c(-c3ccc(Cl)cc3)c2C)nn(-c2ccc(Cl)cc2Cl)c1-c1ccc(Cl)cc1,10.1021/jm1006676
17819,Human,7.4,pKi,7.4,Binding,Displacementof[3H]CP55940fromhumanCB1receptorexpressedinHEK293cellsDisplacementof[3H]CP55940fromhumanCB1receptorexpressedinHEK293cells,ChEMBL,925,12.4,Cc1c(C(=O)NCCCCCN(C)CCCCCNC(=O)c2nn(-c3ccc(Cl)cc3Cl)c(-c3ccc(Cl)cc3)c2C)nn(-c2ccc(Cl)cc2Cl)c1-c1ccc(Cl)cc1,10.1021/jm1006676
17820,Human,7.8,pKi,7.8,Binding,Displacementof[3H]CP55940fromhumanCB1receptorexpressedinHEK293cellsDisplacementof[3H]CP55940fromhumanCB1receptorexpressedinHEK293cells,ChEMBL,981,13.9,Cc1c(C(=O)NCCCCCCCN(C)CCCCCCCNC(=O)c2nn(-c3ccc(Cl)cc3Cl)c(-c3ccc(Cl)cc3)c2C)nn(-c2ccc(Cl)cc2Cl)c1-c1ccc(Cl)cc1,10.1021/jm1006676
17821,Human,7.0,pKi,7.0,Binding,Displacementof[3H]SR141716fromhumanCB1receptorexpressedinHEK293cellsDisplacementof[3H]SR141716fromhumanCB1receptorexpressedinHEK293cells,ChEMBL,1037,15.5,Cc1c(C(=O)NCCCCCCCCCN(C)CCCCCCCCCNC(=O)c2nn(-c3ccc(Cl)cc3Cl)c(-c3ccc(Cl)cc3)c2C)nn(-c2ccc(Cl)cc2Cl)c1-c1ccc(Cl)cc1,10.1021/jm1006676
17822,Human,5.7,pKi,5.7,Binding,Displacementof[3H]CP55940fromhumanCB1receptorexpressedinHEK293cellsDisplacementof[3H]CP55940fromhumanCB1receptorexpressedinHEK293cells,ChEMBL,1093,17,Cc1c(C(=O)NCCCCCCCCCCCN(C)CCCCCCCCCCCNC(=O)c2nn(-c3ccc(Cl)cc3Cl)c(-c3ccc(Cl)cc3)c2C)nn(-c2ccc(Cl)cc2Cl)c1-c1ccc(Cl)cc1,10.1021/jm1006676
17894,Human,5.9,pKi,5.9,Binding,Displacementof[3H]CP55940fromhumanCB1receptorexpressedinHEK293cellsDisplacementof[3H]CP55940fromhumanCB1receptorexpressedinHEK293cells,ChEMBL,465,4.1,Cc1c(C(=O)NCCNCCN)nn(-c2ccc(Cl)cc2Cl)c1-c1ccc(Cl)cc1,10.1021/jm1006676
17906,Human,6.6,pKi,6.6,Binding,Displacementof[3H]SR141716fromhumanCB1receptorexpressedinHEK293cellsDisplacementof[3H]SR141716fromhumanCB1receptorexpressedinHEK293cells,ChEMBL,549,6.4,Cc1c(C(=O)NCCCCCNCCCCCN)nn(-c2ccc(Cl)cc2Cl)c1-c1ccc(Cl)cc1,10.1021/jm1006676
17921,Human,7.7,pKi,7.7,Binding,Displacementof[3H]SR141716fromhumanCB1receptorexpressedinHEK293cellsDisplacementof[3H]SR141716fromhumanCB1receptorexpressedinHEK293cells,ChEMBL,605,8,Cc1c(C(=O)NCCCCCCCNCCCCCCCN)nn(-c2ccc(Cl)cc2Cl)c1-c1ccc(Cl)cc1,10.1021/jm1006676
17823,Human,7.9,pKi,7.9,Binding,Displacementof[3H]CP55940fromhumanCB1receptorexpressedinHEK293cellsDisplacementof[3H]CP55940fromhumanCB1receptorexpressedinHEK293cells,ChEMBL,661,9.5,Cc1c(C(=O)NCCCCCCCCCNCCCCCCCCCN)nn(-c2ccc(Cl)cc2Cl)c1-c1ccc(Cl)cc1,10.1021/jm1006676
17824,Human,8.6,pKi,8.6,Binding,Displacementof[3H]SR141716fromhumanCB1receptorexpressedinHEK293cellsDisplacementof[3H]SR141716fromhumanCB1receptorexpressedinHEK293cells,ChEMBL,717,11.1,Cc1c(C(=O)NCCCCCCCCCCCNCCCCCCCCCCCN)nn(-c2ccc(Cl)cc2Cl)c1-c1ccc(Cl)cc1,10.1021/jm1006676
17938,Human,6.8,pKi,6.8,Binding,Displacementof[3H]CP55940fromhumanCB1receptorexpressedinHEK293cellsDisplacementof[3H]CP55940fromhumanCB1receptorexpressedinHEK293cells,ChEMBL,563,6.8,Cc1c(C(=O)NCCCCCN(C)CCCCCN)nn(-c2ccc(Cl)cc2Cl)c1-c1ccc(Cl)cc1,10.1021/jm1006676
17951,Human,7.8,pKi,7.8,Binding,Displacementof[3H]SR141716fromhumanCB1receptorexpressedinHEK293cellsDisplacementof[3H]SR141716fromhumanCB1receptorexpressedinHEK293cells,ChEMBL,619,8.3,Cc1c(C(=O)NCCCCCCCN(C)CCCCCCCN)nn(-c2ccc(Cl)cc2Cl)c1-c1ccc(Cl)cc1,10.1021/jm1006676
17825,Human,8.2,pKi,8.2,Binding,Displacementof[3H]SR141716fromhumanCB1receptorexpressedinHEK293cellsDisplacementof[3H]SR141716fromhumanCB1receptorexpressedinHEK293cells,ChEMBL,675,9.9,Cc1c(C(=O)NCCCCCCCCCN(C)CCCCCCCCCN)nn(-c2ccc(Cl)cc2Cl)c1-c1ccc(Cl)cc1,10.1021/jm1006676
17826,Human,8.3,pKi,8.3,Binding,Displacementof[3H]SR141716fromhumanCB1receptorexpressedinHEK293cellsDisplacementof[3H]SR141716fromhumanCB1receptorexpressedinHEK293cells,ChEMBL,731,11.5,Cc1c(C(=O)NCCCCCCCCCCCN(C)CCCCCCCCCCCN)nn(-c2ccc(Cl)cc2Cl)c1-c1ccc(Cl)cc1,10.1021/jm1006676
56136,Human,6.2,pKi,6.2,Binding,Displacementof[3H]-SR141716AfromhumanCB1receptorexpressedinCHOcellsafter1hrDisplacementof[3H]-SR141716AfromhumanCB1receptorexpressedinCHOcellsafter1hr,ChEMBL,432,5.7,CCCCCn1cc(C(=O)NCC23CC4CC(CC(C4)C2)C3)c(=O)cc1-c1ccccc1,10.1021/jm100286k
56139,Human,6.2,pKi,6.2,Binding,Displacementof[3H]-SR141716AfromhumanCB1receptorexpressedinCHOcellsafter1hrDisplacementof[3H]-SR141716AfromhumanCB1receptorexpressedinCHOcellsafter1hr,ChEMBL,418,5.4,CCCCCn1cc(C(=O)NC23CC4CC(CC(C4)C2)C3)c(=O)cc1-c1ccccc1,10.1021/jm100286k
56140,Human,6.2,pKi,6.2,Binding,Displacementof[3H]-SR141716AfromhumanCB1receptorexpressedinCHOcellsafter1hrDisplacementof[3H]-SR141716AfromhumanCB1receptorexpressedinCHOcellsafter1hr,ChEMBL,432,5.8,CCCCCCn1cc(C(=O)NC23CC4CC(CC(C4)C2)C3)c(=O)cc1-c1ccccc1,10.1021/jm100286k
56141,Human,6.0,pKi,6.0,Binding,Displacementof[3H]-SR141716AfromhumanCB1receptorexpressedinCHOcellsafter1hrDisplacementof[3H]-SR141716AfromhumanCB1receptorexpressedinCHOcellsafter1hr,ChEMBL,366,4.8,CCCCCn1cc(C(=O)NC2CCCCC2)c(=O)cc1-c1ccccc1,10.1021/jm100286k
56142,Human,6.9,pKi,6.9,Binding,Displacementof[3H]-SR141716AfromhumanCB1receptorexpressedinCHOcellsafter1hrDisplacementof[3H]-SR141716AfromhumanCB1receptorexpressedinCHOcellsafter1hr,ChEMBL,414,5.5,CCCCCn1cc(C(=O)N[C@@H]2CCCc3ccccc32)c(=O)cc1-c1ccccc1,10.1021/jm100286k
56137,Human,6.3,pKi,6.3,Binding,Displacementof[3H]-SR141716AfromhumanCB1receptorexpressedinCHOcellsafter1hrDisplacementof[3H]-SR141716AfromhumanCB1receptorexpressedinCHOcellsafter1hr,ChEMBL,460,6.4,CCCCCn1cc(C(=O)NCC23CC4CC(C)(CC(C)(C4)C2)C3)c(=O)cc1-c1ccccc1,10.1021/jm100286k
81570,Human,6.3,pKi,6.3,Binding,Displacementof[3H]-CP55940fromhumanrecombinantCB1receptorexpressedinCHOcellsmembranebyscintillationcountingDisplacementof[3H]-CP55940fromhumanrecombinantCB1receptorexpressedinCHOcellsmembranebyscintillationcounting,ChEMBL,398,4.9,CCCCCn1cc(C(=O)NC2C3CC4CC(C3)CC2C4)c(=O)cc1C(C)(C)C,10.1021/jm3008568
81571,Human,6.3,pKi,6.3,Binding,Displacementof[3H]-CP55940fromhumanrecombinantCB1receptorexpressedinCHOcellsmembranebyscintillationcountingDisplacementof[3H]-CP55940fromhumanrecombinantCB1receptorexpressedinCHOcellsmembranebyscintillationcounting,ChEMBL,426,5.7,CCCCCn1cc(C(=O)NC(C)C23CC4CC(CC(C4)C2)C3)c(=O)cc1C(C)(C)C,10.1021/jm3008568
81556,Human,7.0,pKi,7.0,Binding,Displacementof[3H]-CP55940fromhumanrecombinantCB1receptorexpressedinCHOcellsmembranebyscintillationcountingDisplacementof[3H]-CP55940fromhumanrecombinantCB1receptorexpressedinCHOcellsmembranebyscintillationcounting,ChEMBL,396,4.9,CCCCCn1cc(C(=O)NC23CC4CC(CC(C4)C2)C3)c(=O)c(C2CC2)c1C,10.1021/jm3008568
81560,Human,6.7,pKi,6.7,Binding,Displacementof[3H]-CP55940fromhumanrecombinantCB1receptorexpressedinCHOcellsmembranebyscintillationcountingDisplacementof[3H]-CP55940fromhumanrecombinantCB1receptorexpressedinCHOcellsmembranebyscintillationcounting,ChEMBL,482,4.7,CCCCCn1cc(C(=O)NC23CC4CC(CC(C4)C2)C3)c(=O)c(I)c1C,10.1021/jm3008568
85177,Human,4.5,pKi,4.5,Binding,AntagonistactivityatCB1receptor(unknownorigin)AntagonistactivityatCB1receptor(unknownorigin),ChEMBL,332,3.2,Cc1c(C(=O)NN2CCCCC2)nn(C)c1-c1ccc(Cl)cc1,10.1007/s00044-012-0418-y
56150,Human,7.3,pKi,7.3,Binding,Displacementof[3H]-SR141716AfromhumanCB1receptorexpressedinCHOcellsafter1hrDisplacementof[3H]-SR141716AfromhumanCB1receptorexpressedinCHOcellsafter1hr,ChEMBL,452,6.1,CCCCCn1cc(C(=O)NC23CC4CC(CC(C4)C2)C3)c(=O)cc1-c1cccc(Cl)c1,10.1021/jm100286k
56151,Human,7.5,pKi,7.5,Binding,Displacementof[3H]-SR141716AfromhumanCB1receptorexpressedinCHOcellsafter1hrDisplacementof[3H]-SR141716AfromhumanCB1receptorexpressedinCHOcellsafter1hr,ChEMBL,452,6.1,CCCCCn1cc(C(=O)NC23CC4CC(CC(C4)C2)C3)c(=O)cc1-c1ccccc1Cl,10.1021/jm100286k
56152,Human,6.9,pKi,6.9,Binding,Displacementof[3H]-SR141716AfromhumanCB1receptorexpressedinCHOcellsafter1hrDisplacementof[3H]-SR141716AfromhumanCB1receptorexpressedinCHOcellsafter1hr,ChEMBL,432,5.7,CCCCCn1cc(C(=O)NC23CC4CC(CC(C4)C2)C3)c(=O)cc1-c1ccc(C)cc1,10.1021/jm100286k
56153,Human,6.4,pKi,6.4,Binding,Displacementof[3H]-SR141716AfromhumanCB1receptorexpressedinCHOcellsafter1hrDisplacementof[3H]-SR141716AfromhumanCB1receptorexpressedinCHOcellsafter1hr,ChEMBL,448,5.4,CCCCCn1cc(C(=O)NC23CC4CC(CC(C4)C2)C3)c(=O)cc1-c1ccc(OC)cc1,10.1021/jm100286k
63208,Human,9.9,pKi,9.9,Binding,DisplacementofradioligandfromhumanCB1receptorexpressedinCHOcellsDisplacementofradioligandfromhumanCB1receptorexpressedinCHOcells,ChEMBL,555,5.1,C[C@@H](NC(=O)C1(NC(=O)c2cncc(Br)c2)CC1)c1ccc(-n2nc(Cl)c3ccccc32)cc1F,10.1016/j.bmcl.2010.09.121
15667,Human,7.3,pKi,7.3,Binding,Displacementof[3H]CP-55940fromhumanrecombinantCB1receptorexpressedinCHOcellsDisplacementof[3H]CP-55940fromhumanrecombinantCB1receptorexpressedinCHOcells,ChEMBL,395,5.9,CCCCCC1=NN(C(=O)N[C@H]2C[C@H]3CC[C@]2(C)C3(C)C)CC1c1ccccc1,10.1016/j.bmcl.2010.07.056
14788,Human,8.9,pKi,8.9,Binding,Displacementof[3H]-CP55940fromhumancannabinoidCB1receptorexpressedinSf9insectcellsafter70minsbyscintillationcountingDisplacementof[3H]-CP55940fromhumancannabinoidCB1receptorexpressedinSf9insectcellsafter70minsbyscintillationcounting,ChEMBL,397,4.4,COc1cccc2c(C(=O)N3C[C@H](C)N(C)[C@H](C)C3)cn(CC3CCCCC3)c12,10.1039/C0MD00022A
15149,Human,8.6,pKi,8.6,Binding,Displacementof[3H]CP-55940fromhumanCB1receptorexpressedinHEKcellsDisplacementof[3H]CP-55940fromhumanCB1receptorexpressedinHEKcells,ChEMBL,472,5.9,CCCCCn1cc(C(=O)N[C@H]2C(C)(C)[C@H]3CC[C@]2(C)C3)c(=O)c2cc(Br)ccc21,10.1021/jm100123x
15150,Human,5.7,pKi,5.7,Binding,Displacementof[3H]CP-55940fromhumanCB1receptorexpressedinHEKcellsDisplacementof[3H]CP-55940fromhumanCB1receptorexpressedinHEKcells,ChEMBL,419,4.1,CCCCCn1cc(C(=O)NN2CCCCC2)c(=O)c2cc(Br)ccc21,10.1021/jm100123x
15151,Human,5.8,pKi,5.8,Binding,Displacementof[3H]CP-55940fromhumanCB1receptorexpressedinHEKcellsDisplacementof[3H]CP-55940fromhumanCB1receptorexpressedinHEKcells,ChEMBL,418,5,CCCCCn1cc(C(=O)NC2CCCCC2)c(=O)c2cc(Br)ccc21,10.1021/jm100123x
15155,Human,6.3,pKi,6.3,Binding,Displacementof[3H]CP-55940fromhumanCB1receptorexpressedinHEKcellsDisplacementof[3H]CP-55940fromhumanCB1receptorexpressedinHEKcells,ChEMBL,460,6.4,CCCCCn1cc(C(=O)N[C@H]2C(C)(C)[C@H]3CC[C@]2(C)C3)c(=O)c2cc(-c3ccco3)ccc21,10.1021/jm100123x
15683,Human,7.3,pKi,7.3,Binding,Displacementof[3H]CP-55940fromhumanrecombinantCB1receptorexpressedinCHOcellsDisplacementof[3H]CP-55940fromhumanrecombinantCB1receptorexpressedinCHOcells,ChEMBL,341,5.1,CCCCCC1=NN(C(=O)NC2CCCCC2)CC1c1ccccc1,10.1016/j.bmcl.2010.07.056
15684,Human,7.8,pKi,7.8,Binding,Displacementof[3H]CP-55940fromhumanrecombinantCB1receptorexpressedinCHOcellsDisplacementof[3H]CP-55940fromhumanrecombinantCB1receptorexpressedinCHOcells,ChEMBL,355,5.5,CCCCCC1=NN(C(=O)NC2CCCCCC2)CC1c1ccccc1,10.1016/j.bmcl.2010.07.056
15685,Human,7.9,pKi,7.9,Binding,Displacementof[3H]CP-55940fromhumanrecombinantCB1receptorexpressedinCHOcellsDisplacementof[3H]CP-55940fromhumanrecombinantCB1receptorexpressedinCHOcells,ChEMBL,369,5.8,CCCCCC1=NN(C(=O)NC2CCCCCCC2)CC1c1ccccc1,10.1016/j.bmcl.2010.07.056
15686,Human,7.5,pKi,7.5,Binding,Displacementof[3H]CP-55940fromhumanrecombinantCB1receptorexpressedinCHOcellsDisplacementof[3H]CP-55940fromhumanrecombinantCB1receptorexpressedinCHOcells,ChEMBL,389,5.8,CCCCCC1=NN(C(=O)NC2CCCc3ccccc32)CC1c1ccccc1,10.1016/j.bmcl.2010.07.056
15687,Human,7.2,pKi,7.2,Binding,Displacementof[3H]CP-55940fromhumanrecombinantCB1receptorexpressedinCHOcellsDisplacementof[3H]CP-55940fromhumanrecombinantCB1receptorexpressedinCHOcells,ChEMBL,403,6.3,CCCCCC1=NN(C(=O)Nc2ccccc2C(F)(F)F)CC1c1ccccc1,10.1016/j.bmcl.2010.07.056
15705,Human,6.8,pKi,6.8,Binding,Displacementof[3H]CP-55940fromhumanrecombinantCB1receptorexpressedinCHOcellsDisplacementof[3H]CP-55940fromhumanrecombinantCB1receptorexpressedinCHOcells,ChEMBL,370,6,CCCCCC1=NN(C(=O)c2cccc3ccccc23)CC1c1ccccc1,10.1016/j.bmcl.2010.07.056
15706,Human,8.1,pKi,8.1,Binding,Displacementof[3H]CP-55940fromhumanrecombinantCB1receptorexpressedinCHOcellsDisplacementof[3H]CP-55940fromhumanrecombinantCB1receptorexpressedinCHOcells,ChEMBL,391,6.1,CCCCC1=NN(C(=O)NC(C)(C)c2ccccc2)C(C)(C)C1c1ccccc1,10.1016/j.bmcl.2010.07.056
15725,Human,7.8,pKi,7.8,Binding,Displacementof[3H]CP-55940fromhumanrecombinantCB1receptorexpressedinCHOcellsDisplacementof[3H]CP-55940fromhumanrecombinantCB1receptorexpressedinCHOcells,ChEMBL,409,6.3,CCCCC1=NN(C(=O)N[C@H]2C[C@H]3CC[C@]2(C)C3(C)C)C(C)(C)C1c1ccccc1,10.1016/j.bmcl.2010.07.056
15753,Human,8.2,pKi,8.2,Binding,Displacementof[3H]CP-55940fromhumanrecombinantCB1receptorexpressedinCHOcellsDisplacementof[3H]CP-55940fromhumanrecombinantCB1receptorexpressedinCHOcells,ChEMBL,413,5.5,CCCCCN1N=C(C(=O)N[C@H]2C[C@H]3CC[C@]2(C)C3(C)C)CC1c1ccccc1F,10.1016/j.bmcl.2010.07.056
15932,Human,7.8,pKi,7.8,Binding,Displacementof[3H]CP-55940fromhumanrecombinantCB1receptorexpressedinCHOcellsDisplacementof[3H]CP-55940fromhumanrecombinantCB1receptorexpressedinCHOcells,ChEMBL,395,5.8,CCCCCC1=NN(C(=O)NC[C@@H]2CC[C@H]3C[C@@H]2C3(C)C)CC1c1ccccc1,10.1016/j.bmcl.2010.07.056
15938,Human,7.8,pKi,7.8,Binding,Displacementof[3H]CP-55940fromhumanrecombinantCB1receptorexpressedinCHOcellsDisplacementof[3H]CP-55940fromhumanrecombinantCB1receptorexpressedinCHOcells,ChEMBL,407,5.9,CCCCCC1=NN(C(=O)NCC23CC4CC(CC(C4)C2)C3)CC1c1ccccc1,10.1016/j.bmcl.2010.07.056
161182,Human,5.3,pKi,5.3,Binding,Displacementof[3H]CP55940fromrecombinanthumanCB1receptorexpressedinCHOcellmembranesafter2hrsbyliquidscintillationcountingmethodDisplacementof[3H]CP55940fromrecombinanthumanCB1receptorexpressedinCHOcellmembranesafter2hrsbyliquidscintillationcountingmethod,ChEMBL,345,4.2,O=C1NC(=O)/C(=C/c2cccc(OCc3ccc(Cl)cc3)c2)S1,10.1016/j.ejmech.2018.05.050
190354,Human,6.5,pKi,6.5,Binding,Displacementof[3H]rimonabantfromhumanCB1receptorexpressedinHEK293cellsbyliquidscintillationcountingDisplacementof[3H]rimonabantfromhumanCB1receptorexpressedinHEK293cellsbyliquidscintillationcounting,ChEMBL,474,5.1,COc1ccc(C2c3cccn3-c3ccccc3N2C(=O)CN(C(=O)NC(C)(C)C)C(C)C)cc1,10.1016/j.bmcl.2009.05.114
188793,Human,6.0,pKi,6.0,Binding,NoneNone,PDSPKiDatabase,461,5.7,CC(C)N(CC(=O)N1c2ccccc2-n2cccc2C1c1ccc(F)cc1)C(=O)CC(C)(C)C,None
189254,Human,5.7,pKi,5.7,Binding,NoneNone,PDSPKiDatabase,448,3.2,COc1ccc(-c2cc(C(=O)N3CCN(C(C)=O)CC3)n(-c3cccc(C)c3)n2)c(OC)c1,None
55858,Human,6.3,pKi,6.3,Binding,"Displacementof[3H]CP-55,940fromrecombinanthumanCB1receptortransfectedinHEKcellsDisplacementof[3H]CP-55,940fromrecombinanthumanCB1receptortransfectedinHEKcells",ChEMBL,376,4.4,CCCNC(=O)c1nn(-c2ccc(Cl)cc2Cl)c(-n2cccc2)c1C,10.1016/j.ejmech.2010.09.053
55859,Human,6.6,pKi,6.6,Binding,"Displacementof[3H]CP-55,940fromrecombinanthumanCB1receptortransfectedinHEKcellsDisplacementof[3H]CP-55,940fromrecombinanthumanCB1receptortransfectedinHEKcells",ChEMBL,390,4.8,CCCCNC(=O)c1nn(-c2ccc(Cl)cc2Cl)c(-n2cccc2)c1C,10.1016/j.ejmech.2010.09.053
55860,Human,7.1,pKi,7.1,Binding,"Displacementof[3H]CP-55,940fromrecombinanthumanCB1receptortransfectedinHEKcellsDisplacementof[3H]CP-55,940fromrecombinanthumanCB1receptortransfectedinHEKcells",ChEMBL,404,5.2,CCCCCNC(=O)c1nn(-c2ccc(Cl)cc2Cl)c(-n2cccc2)c1C,10.1016/j.ejmech.2010.09.053
55861,Human,6.3,pKi,6.3,Binding,"Displacementof[3H]CP-55,940fromrecombinanthumanCB1receptortransfectedinHEKcellsDisplacementof[3H]CP-55,940fromrecombinanthumanCB1receptortransfectedinHEKcells",ChEMBL,420,4.2,Cc1c(C(=O)NCCCCCO)nn(-c2ccc(Cl)cc2Cl)c1-n1cccc1,10.1016/j.ejmech.2010.09.053
55862,Human,6.9,pKi,6.9,Binding,"Displacementof[3H]CP-55,940fromrecombinanthumanCB1receptortransfectedinHEKcellsDisplacementof[3H]CP-55,940fromrecombinanthumanCB1receptortransfectedinHEKcells",ChEMBL,418,5.6,CCCCCCNC(=O)c1nn(-c2ccc(Cl)cc2Cl)c(-n2cccc2)c1C,10.1016/j.ejmech.2010.09.053
55863,Human,6.7,pKi,6.7,Binding,"Displacementof[3H]CP-55,940fromrecombinanthumanCB1receptortransfectedinHEKcellsDisplacementof[3H]CP-55,940fromrecombinanthumanCB1receptortransfectedinHEKcells",ChEMBL,432,6,CCCCCCCNC(=O)c1nn(-c2ccc(Cl)cc2Cl)c(-n2cccc2)c1C,10.1016/j.ejmech.2010.09.053
55864,Human,6.5,pKi,6.5,Binding,"Displacementof[3H]CP-55,940fromrecombinanthumanCB1receptortransfectedinHEKcellsDisplacementof[3H]CP-55,940fromrecombinanthumanCB1receptortransfectedinHEKcells",ChEMBL,404,5,CCCNC(=O)c1nn(-c2ccc(Cl)cc2Cl)c(-n2c(C)ccc2C)c1C,10.1016/j.ejmech.2010.09.053
55865,Human,6.9,pKi,6.9,Binding,"Displacementof[3H]CP-55,940fromrecombinanthumanCB1receptortransfectedinHEKcellsDisplacementof[3H]CP-55,940fromrecombinanthumanCB1receptortransfectedinHEKcells",ChEMBL,418,5.4,CCCCNC(=O)c1nn(-c2ccc(Cl)cc2Cl)c(-n2c(C)ccc2C)c1C,10.1016/j.ejmech.2010.09.053
55866,Human,6.7,pKi,6.7,Binding,"Displacementof[3H]CP-55,940fromrecombinanthumanCB1receptortransfectedinHEKcellsDisplacementof[3H]CP-55,940fromrecombinanthumanCB1receptortransfectedinHEKcells",ChEMBL,432,5.8,CCCCCNC(=O)c1nn(-c2ccc(Cl)cc2Cl)c(-n2c(C)ccc2C)c1C,10.1016/j.ejmech.2010.09.053
55867,Human,6.4,pKi,6.4,Binding,"Displacementof[3H]CP-55,940fromrecombinanthumanCB1receptortransfectedinHEKcellsDisplacementof[3H]CP-55,940fromrecombinanthumanCB1receptortransfectedinHEKcells",ChEMBL,448,4.8,Cc1c(C(=O)NCCCCCO)nn(-c2ccc(Cl)cc2Cl)c1-n1c(C)ccc1C,10.1016/j.ejmech.2010.09.053
55871,Human,6.5,pKi,6.5,Binding,"Displacementof[3H]CP-55,940fromrecombinanthumanCB1receptortransfectedinHEKcellsDisplacementof[3H]CP-55,940fromrecombinanthumanCB1receptortransfectedinHEKcells",ChEMBL,414,5.2,CCCCCCNC(=O)c1nn(-c2ccc(F)cc2F)c(-n2c(C)ccc2C)c1C,10.1016/j.ejmech.2010.09.053
55872,Human,7.0,pKi,7.0,Binding,"Displacementof[3H]CP-55,940fromrecombinanthumanCB1receptortransfectedinHEKcellsDisplacementof[3H]CP-55,940fromrecombinanthumanCB1receptortransfectedinHEKcells",ChEMBL,460,6.6,CCCCCCCNC(=O)c1nn(-c2ccc(Cl)cc2Cl)c(-n2c(C)ccc2C)c1C,10.1016/j.ejmech.2010.09.053
55873,Human,6.4,pKi,6.4,Binding,"Displacementof[3H]CP-55,940fromrecombinanthumanCB1receptortransfectedinHEKcellsDisplacementof[3H]CP-55,940fromrecombinanthumanCB1receptortransfectedinHEKcells",ChEMBL,428,5.6,CCCCCCCNC(=O)c1nn(-c2ccc(F)cc2F)c(-n2c(C)ccc2C)c1C,10.1016/j.ejmech.2010.09.053
55874,Human,6.3,pKi,6.3,Binding,"Displacementof[3H]CP-55,940fromrecombinanthumanCB1receptortransfectedinHEKcellsDisplacementof[3H]CP-55,940fromrecombinanthumanCB1receptortransfectedinHEKcells",ChEMBL,376,4.4,Cc1c(C(=O)NC(C)C)nn(-c2ccc(Cl)cc2Cl)c1-n1cccc1,10.1016/j.ejmech.2010.09.053
55875,Human,7.1,pKi,7.1,Binding,"Displacementof[3H]CP-55,940fromrecombinanthumanCB1receptortransfectedinHEKcellsDisplacementof[3H]CP-55,940fromrecombinanthumanCB1receptortransfectedinHEKcells",ChEMBL,390,4.8,Cc1c(C(=O)NC(C)(C)C)nn(-c2ccc(Cl)cc2Cl)c1-n1cccc1,10.1016/j.ejmech.2010.09.053
55788,Human,7.3,pKi,7.3,Binding,"Displacementof[3H]CP-55,940fromrecombinanthumanCB1receptortransfectedinHEKcellsDisplacementof[3H]CP-55,940fromrecombinanthumanCB1receptortransfectedinHEKcells",ChEMBL,404,5.2,CCC(C)(C)NC(=O)c1nn(-c2ccc(Cl)cc2Cl)c(-n2cccc2)c1C,10.1016/j.ejmech.2010.09.053
55870,Human,7.3,pKi,7.3,Binding,"Displacementof[3H]CP-55,940fromrecombinanthumanCB1receptortransfectedinHEKcellsDisplacementof[3H]CP-55,940fromrecombinanthumanCB1receptortransfectedinHEKcells",ChEMBL,418,5.4,Cc1c(C(=O)NCCC(C)(C)C)nn(-c2ccc(Cl)cc2Cl)c1-n1cccc1,10.1016/j.ejmech.2010.09.053
55876,Human,6.8,pKi,6.8,Binding,"Displacementof[3H]CP-55,940fromrecombinanthumanCB1receptortransfectedinHEKcellsDisplacementof[3H]CP-55,940fromrecombinanthumanCB1receptortransfectedinHEKcells",ChEMBL,446,6.4,CCCCCCC(C)NC(=O)c1nn(-c2ccc(Cl)cc2Cl)c(-n2cccc2)c1C,10.1016/j.ejmech.2010.09.053
55877,Human,6.6,pKi,6.6,Binding,"Displacementof[3H]CP-55,940fromrecombinanthumanCB1receptortransfectedinHEKcellsDisplacementof[3H]CP-55,940fromrecombinanthumanCB1receptortransfectedinHEKcells",ChEMBL,404,5,Cc1c(C(=O)NC(C)C)nn(-c2ccc(Cl)cc2Cl)c1-n1c(C)ccc1C,10.1016/j.ejmech.2010.09.053
55878,Human,6.8,pKi,6.8,Binding,"Displacementof[3H]CP-55,940fromrecombinanthumanCB1receptortransfectedinHEKcellsDisplacementof[3H]CP-55,940fromrecombinanthumanCB1receptortransfectedinHEKcells",ChEMBL,418,5.4,Cc1c(C(=O)NC(C)(C)C)nn(-c2ccc(Cl)cc2Cl)c1-n1c(C)ccc1C,10.1016/j.ejmech.2010.09.053
55879,Human,6.7,pKi,6.7,Binding,"Displacementof[3H]CP-55,940fromrecombinanthumanCB1receptortransfectedinHEKcellsDisplacementof[3H]CP-55,940fromrecombinanthumanCB1receptortransfectedinHEKcells",ChEMBL,432,5.8,CCC(C)(C)NC(=O)c1nn(-c2ccc(Cl)cc2Cl)c(-n2c(C)ccc2C)c1C,10.1016/j.ejmech.2010.09.053
55880,Human,7.4,pKi,7.4,Binding,"Displacementof[3H]CP-55,940fromrecombinanthumanCB1receptortransfectedinHEKcellsDisplacementof[3H]CP-55,940fromrecombinanthumanCB1receptortransfectedinHEKcells",ChEMBL,446,6.1,Cc1c(C(=O)NCCC(C)(C)C)nn(-c2ccc(Cl)cc2Cl)c1-n1c(C)ccc1C,10.1016/j.ejmech.2010.09.053
55881,Human,7.0,pKi,7.0,Binding,"Displacementof[3H]CP-55,940fromrecombinanthumanCB1receptortransfectedinHEKcellsDisplacementof[3H]CP-55,940fromrecombinanthumanCB1receptortransfectedinHEKcells",ChEMBL,474,7,CCCCCCC(C)NC(=O)c1nn(-c2ccc(Cl)cc2Cl)c(-n2c(C)ccc2C)c1C,10.1016/j.ejmech.2010.09.053
55882,Human,7.0,pKi,7.0,Binding,"Displacementof[3H]CP-55,940fromrecombinanthumanCB1receptortransfectedinHEKcellsDisplacementof[3H]CP-55,940fromrecombinanthumanCB1receptortransfectedinHEKcells",ChEMBL,414,5,Cc1c(C(=O)NCCC(C)(C)C)nn(-c2ccc(F)cc2F)c1-n1c(C)ccc1C,10.1016/j.ejmech.2010.09.053
181413,Human,5.4,pKi,5.4,Binding,Displacementof[3H]CP55940fromhumanCB1RtransfectedinHEK293EBNAcellmembranesincubatedfor90minsbyMicrobetaTriLuxbasedluminescenceanalysisDisplacementof[3H]CP55940fromhumanCB1RtransfectedinHEK293EBNAcellmembranesincubatedfor90minsbyMicrobetaTriLuxbasedluminescenceanalysis,ChEMBL,288,4.3,Cn1nc(OCc2ccc3ccccc3c2)c2ccccc21,10.1016/j.bmc.2020.115672
104631,Human,5.6,pKi,5.6,Binding,Displacementof[3H]-CP55940fromhumanCB1receptortransfectedinHEK-293EBNAcellsafter90minsbyluminescencecountinganalysisDisplacementof[3H]-CP55940fromhumanCB1receptortransfectedinHEK-293EBNAcellsafter90minsbyluminescencecountinganalysis,ChEMBL,374,4.7,COc1ccc(COc2nn(Cc3ccc(OC)cc3)c3ccccc23)cc1,10.1016/j.ejmech.2013.11.026
104642,Human,5.8,pKi,5.8,Binding,Displacementof[3H]CP55940fromhumanCB1RtransfectedinHEK293EBNAcellmembranesincubatedfor90minsbyMicrobetaTriLuxbasedluminescenceanalysisDisplacementof[3H]CP55940fromhumanCB1RtransfectedinHEK293EBNAcellmembranesincubatedfor90minsbyMicrobetaTriLuxbasedluminescenceanalysis,ChEMBL,389,5.9,CCCCCn1nc(OCc2ccc3ccccc3c2)c2cc([N+](=O)[O-])ccc21,10.1016/j.bmc.2020.115672
104636,Human,5.9,pKi,5.9,Binding,Displacementof[3H]CP55940fromhumanCB1RtransfectedinHEK293EBNAcellmembranesincubatedfor90minsbyMicrobetaTriLuxbasedluminescenceanalysisDisplacementof[3H]CP55940fromhumanCB1RtransfectedinHEK293EBNAcellmembranesincubatedfor90minsbyMicrobetaTriLuxbasedluminescenceanalysis,ChEMBL,319,4.7,CCCCCOc1nn(CCCCC)c2ccc([N+](=O)[O-])cc12,10.1016/j.bmc.2020.115672
104644,Human,5.9,pKi,5.9,Binding,Displacementof[3H]-CP55940fromhumanCB1receptortransfectedinHEK-293EBNAcellsafter90minsbyluminescencecountinganalysisDisplacementof[3H]-CP55940fromhumanCB1receptortransfectedinHEK-293EBNAcellsafter90minsbyluminescencecountinganalysis,ChEMBL,432,4,O=[N+]([O-])c1ccc2c(c1)c(OCc1ccc3ccccc3c1)nn2CCN1CCOCC1,10.1016/j.ejmech.2013.11.026
104640,Human,6.2,pKi,6.2,Binding,Displacementof[3H]-CP55940fromhumanCB1receptortransfectedinHEK-293EBNAcellsafter90minsbyluminescencecountinganalysisDisplacementof[3H]-CP55940fromhumanCB1receptortransfectedinHEK-293EBNAcellsafter90minsbyluminescencecountinganalysis,ChEMBL,416,4.8,O=[N+]([O-])c1ccc2c(c1)c(OCc1cccc3ccccc13)nn2CCN1CCCC1,10.1016/j.ejmech.2013.11.026
104650,Human,5.8,pKi,5.8,Binding,Displacementof[3H]-CP55940fromhumanCB1receptortransfectedinHEK-293EBNAcellsafter90minsbyluminescencecountinganalysisDisplacementof[3H]-CP55940fromhumanCB1receptortransfectedinHEK-293EBNAcellsafter90minsbyluminescencecountinganalysis,ChEMBL,463,6,Brc1ccc2c(c1)c(OCc1ccc3ccccc3c1)nn2CCN1CCCCC1,10.1016/j.ejmech.2013.11.026
104638,Human,6.1,pKi,6.1,Binding,Displacementof[3H]CP55940fromhumanCB1RtransfectedinHEK293EBNAcellmembranesincubatedfor90minsbyMicrobetaTriLuxbasedluminescenceanalysisDisplacementof[3H]CP55940fromhumanCB1RtransfectedinHEK293EBNAcellmembranesincubatedfor90minsbyMicrobetaTriLuxbasedluminescenceanalysis,ChEMBL,369,4.7,CCCCCn1nc(OCc2ccc(OC)cc2)c2cc([N+](=O)[O-])ccc21,10.1016/j.bmc.2020.115672
181556,Human,6.5,pKi,6.5,Binding,Displacementof[3H]CP55940fromhumanCB1RtransfectedinHEK293EBNAcellmembranesincubatedfor90minsbyMicrobetaTriLuxbasedluminescenceanalysisDisplacementof[3H]CP55940fromhumanCB1RtransfectedinHEK293EBNAcellmembranesincubatedfor90minsbyMicrobetaTriLuxbasedluminescenceanalysis,ChEMBL,361,5.1,CCCn1nc(OCc2ccc3ccccc3c2)c2cc([N+](=O)[O-])ccc21,10.1016/j.bmc.2020.115672
104646,Human,5.4,pKi,5.4,Binding,Displacementof[3H]CP55940fromhumanCB1RtransfectedinHEK293EBNAcellmembranesincubatedfor90minsbyMicrobetaTriLuxbasedluminescenceanalysisDisplacementof[3H]CP55940fromhumanCB1RtransfectedinHEK293EBNAcellmembranesincubatedfor90minsbyMicrobetaTriLuxbasedluminescenceanalysis,ChEMBL,329,4.2,Nc1ccc2c(c1)c(OCc1ccccc1)nn2Cc1ccccc1,10.1016/j.bmc.2020.115672
14925,Human,7.3,pKi,7.3,Binding,CompoundwasevaluatedforitsbindingaffinitytowardsCannabinoidreceptor1[Inactiveform(R)ofCB1receptor]CompoundwasevaluatedforitsbindingaffinitytowardsCannabinoidreceptor1[Inactiveform(R)ofCB1receptor],ChEMBL,349,5.5,CCCCC/C=C\C/C=C\C/C=C\CCCCCCC(=O)NCCO,10.1021/jm0200761
108490,Human,7.5,pKi,7.5,Binding,CompoundwasevaluatedforitsbindingaffinitytowardsCannabinoidreceptor1[Inactiveform(R)ofCB1receptor]CompoundwasevaluatedforitsbindingaffinitytowardsCannabinoidreceptor1[Inactiveform(R)ofCB1receptor],ChEMBL,375,6,CCCCC/C=C\C/C=C\C/C=C\C/C=C\CCCCCC(=O)NCCO,10.1021/jm0200761
53,Human,6.3,pKi,6.3,Binding,Displacementof[3H]CP55940fromhumanCB1receptorexpressedinhumanHEK293cellsDisplacementof[3H]CP55940fromhumanCB1receptorexpressedinhumanHEK293cells,ChEMBL,378,5,CCCCC/C=C\C/C=C\C/C=C\C/C=C\CCCC(=O)OC(CO)CO,10.1021/jm200529h
43663,Human,5.0,pKi,5.0,Binding,BindingaffinityagainsttheclonedhumanCannabinoidreceptor1BindingaffinityagainsttheclonedhumanCannabinoidreceptor1,ChEMBL,303,5.6,CCCCC/C=C\C/C=C\C/C=C\C/C=C\CCCC(N)=O,10.1021/jm960752x
166324,Human,8.1,pKi,8.1,Binding,BindingaffinityagainstthecannabinoidreceptorBindingaffinityagainstthecannabinoidreceptor,ChEMBL,345,6.7,CCCCC/C=C\C/C=C\C/C=C\C/C=C\CCCC(=O)NCCC,10.1021/jm960752x
48084,Human,7.5,pKi,7.5,Binding,BindingaffinityagainstthecannabinoidreceptorBindingaffinityagainstthecannabinoidreceptor,ChEMBL,359,7,CCCCC/C=C\C/C=C\C/C=C\C/C=C\CCCC(=O)NCCCC,10.1021/jm960752x
51380,Human,5.7,pKi,5.7,Binding,BindingaffinityagainstthecannabinoidreceptorinthepresenceofPMSFBindingaffinityagainstthecannabinoidreceptorinthepresenceofPMSF,ChEMBL,373,7.3,CCCCC/C=C\C/C=C\C/C=C\C/C=C\CCCC(=O)NCCC(C)C,10.1021/jm960752x
97973,Human,6.7,pKi,6.7,Binding,BindingaffinityagainstthecannabinoidreceptorinthepresenceofPMSFBindingaffinityagainstthecannabinoidreceptorinthepresenceofPMSF,ChEMBL,361,5.6,CCCCC/C=C\C/C=C\C/C=C\C/C=C\CCCC(=O)NCCCO,10.1021/jm960752x
29799,Human,5.3,pKi,5.3,Binding,Bindingaffinityagainstthecannabinoidreceptor(expt1)Bindingaffinityagainstthecannabinoidreceptor(expt1),ChEMBL,361,5.6,CCCCC/C=C\C/C=C\C/C=C\C/C=C\CCCC(=O)N(C)CCO,10.1021/jm960752x
51271,Human,7.3,pKi,7.3,Binding,BindingaffinityagainstthecannabinoidreceptorinthepresenceofPMSF(expt1)BindingaffinityagainstthecannabinoidreceptorinthepresenceofPMSF(expt1),ChEMBL,361,5.5,CCCCC/C=C\C/C=C\C/C=C\C/C=C\CCC(C)C(=O)NCCO,10.1021/jm960752x
164503,Human,7.4,pKi,7.4,Binding,BindingaffinityagainstthecannabinoidreceptorBindingaffinityagainstthecannabinoidreceptor,ChEMBL,375,5.9,CCCCC/C=C\C/C=C\C/C=C\C/C=C\CCC(C)(C)C(=O)NCCO,10.1021/jm960752x
201087,Human,8.7,pKi,8.7,Binding,Bindingaffinityagainsthumancannabinoidreceptorbyusingradioligand([3H]CP-55940)assay.Bindingaffinityagainsthumancannabinoidreceptorbyusingradioligand([3H]CP-55940)assay.,ChEMBL,372,6.3,CCCCCCC(C)(C)c1cc(O)c2c(c1)OC(C)(C)[C@@H]1CCC(=O)C[C@@H]21,10.1016/0960-894X(95)00573-C
149125,Human,4.9,pKi,4.9,Binding,"CompetitionBindingAssay:TheKdofCP55,940intheisolatedCB1andCB2receptorexpressingmembraneswaspreviouslydeterminedtobe2.3nMand1.5nM,respectively(seePertwee,R.G.CurrentMedicinalChemistry6635-664(1999)).Competitionbindingassaysat2.5nM[3H]-CP55,940(PerkinElmer)werecarriedouttodeterminetheK1valuesfortestedcompounds.Membranes(5-10μg)wereincubatedwithradioligandandarangeofconcentrationsoftestcompoundsinbindingbuffer(50mMTrispH7.4,5mMMgCl2,1mMEDTA)with0.5%(w/v)bovineserumalbumin(BSA)(ICPBio,NewZealand),at30°C.for60min.Stocksolutionsofputativecannabinoidligandswerepreparedindimethylsulfoxidetoaconcentrationof10mM.Sixdifferentfinalconcentrationsofcompoundswereusedrangingfrom50μMto0.1nM.Non-specificbindingwasdeterminedinthepresenceof1μMnon-radioactiveCP55,940(TocrisCookson).Assayswereterminatedbyadditionof2mlicecoldbindingbufferandfiltrationthroughGF/Cfilters(Whatman)pre-soakedincoldbindingbuffer,followedbytwowashesinthesamebuffer.CompetitionBindingAssay:TheKdofCP55,940intheisolatedCB1andCB2receptorexpressingmembraneswaspreviouslydeterminedtobe2.3nMand1.5nM,respectively(seePertwee,R.G.CurrentMedicinalChemistry6635-664(1999)).Competitionbindingassaysat2.5nM[3H]-CP55,940(PerkinElmer)werecarriedouttodeterminetheK1valuesfortestedcompounds.Membranes(5-10μg)wereincubatedwithradioligandandarangeofconcentrationsoftestcompoundsinbindingbuffer(50mMTrispH7.4,5mMMgCl2,1mMEDTA)with0.5%(w/v)bovineserumalbumin(BSA)(ICPBio,NewZealand),at30°C.for60min.Stocksolutionsofputativecannabinoidligandswerepreparedindimethylsulfoxidetoaconcentrationof10mM.Sixdifferentfinalconcentrationsofcompoundswereusedrangingfrom50μMto0.1nM.Non-specificbindingwasdeterminedinthepresenceof1μMnon-radioactiveCP55,940(TocrisCookson).Assayswereterminatedbyadditionof2mlicecoldbindingbufferandfiltrationthroughGF/Cfilters(Whatman)pre-soakedincoldbindingbuffer,followedbytwowashesinthesamebuffer.",ChEMBL,414,6.8,CCCCCCC(C)(C)c1cc(OC)c(C2=C[C@@H]3CC[C@@]2(CO)C3(C)C)c(OC)c1,
60656,Human,6.5,pKi,6.5,Binding,Displacementof[3H]CP55940fromCB1receptorDisplacementof[3H]CP55940fromCB1receptor,ChEMBL,450,4.1,N#CC1(NC(=O)c2cc(-c3ccccc3)n(-c3ccccc3Br)n2)CCOCC1,10.1021/jm2000536
60658,Human,6.4,pKi,6.4,Binding,Displacementof[3H]CP55940fromCB1receptorDisplacementof[3H]CP55940fromCB1receptor,ChEMBL,475,4,N#Cc1c(C(=O)NC2(C#N)CCOCC2)nn(-c2ccccc2Br)c1-c1ccccc1,10.1021/jm2000536
60660,Human,6.6,pKi,6.6,Binding,Displacementof[3H]CP55940fromCB1receptorDisplacementof[3H]CP55940fromCB1receptor,ChEMBL,464,4.4,Cc1c(C(=O)NC2(C#N)CCOCC2)nn(-c2ccc(Br)cc2)c1-c1ccccc1,10.1021/jm2000536
60661,Human,6.3,pKi,6.3,Binding,Displacementof[3H]CP55940fromCB1receptorDisplacementof[3H]CP55940fromCB1receptor,ChEMBL,462,5.3,Cc1c(C(=O)NC2(C#N)CCOCC2)nn(-c2ccccc2-c2ccccc2)c1-c1ccccc1,10.1021/jm2000536
60662,Human,6.9,pKi,6.9,Binding,Displacementof[3H]CP55940fromCB1receptorDisplacementof[3H]CP55940fromCB1receptor,ChEMBL,434,3.8,COc1ccc(-c2c(C)c(C(=O)NC3(C#N)CCOCC3)nn2-c2ccccc2F)cc1,10.1021/jm2000536
60663,Human,7.2,pKi,7.2,Binding,Displacementof[3H]CP55940fromCB1receptorDisplacementof[3H]CP55940fromCB1receptor,ChEMBL,494,4.4,COc1ccc(-c2c(C)c(C(=O)NC3(C#N)CCOCC3)nn2-c2ccccc2Br)cc1,10.1021/jm2000536
60664,Human,7.8,pKi,7.8,Binding,Displacementof[3H]CP55940fromCB1receptorDisplacementof[3H]CP55940fromCB1receptor,ChEMBL,492,5.6,COc1ccc(-c2c(C)c(C(=O)NC3(C#N)CCCCC3)nn2-c2ccccc2Br)cc1,10.1021/jm2000536
60665,Human,6.2,pKi,6.2,Binding,Displacementof[3H]CP55940fromCB1receptorDisplacementof[3H]CP55940fromCB1receptor,ChEMBL,494,4.4,COc1ccc(-c2c(C)c(C(=O)NC3(C#N)CCOCC3)nn2-c2cccc(Br)c2)cc1,10.1021/jm2000536
60669,Human,6.5,pKi,6.5,Binding,Displacementof[3H]CP55940fromCB1receptorDisplacementof[3H]CP55940fromCB1receptor,ChEMBL,558,4.9,COc1ccc(-c2c(Br)c(C(=O)NC3(C#N)CCOCC3)nn2-c2cccc(Br)c2)cc1,10.1021/jm2000536
60670,Human,7.3,pKi,7.3,Binding,Displacementof[3H]CP55940fromCB1receptorDisplacementof[3H]CP55940fromCB1receptor,ChEMBL,482,4.6,Cc1c(C(=O)NC2(C#N)CCOCC2)nn(-c2ccccc2Br)c1-c1ccc(F)cc1,10.1021/jm2000536
441,Human,8.3,pKi,8.3,Binding,Displacementof[3H]CP-55940fromhumanrecombinantCB1receptorexpressedinHEK293cellsDisplacementof[3H]CP-55940fromhumanrecombinantCB1receptorexpressedinHEK293cells,ChEMBL,365,6.5,CCCCC/C=C\C/C=C\C/C=C\C/C=C\CCCC(=O)NCCCl,10.1016/j.bmcl.2007.09.089
2123,Human,6.0,pKi,6.0,Binding,Displacementof[3H]CP55940fromhumanCB1receptorincellfreesystemDisplacementof[3H]CP55940fromhumanCB1receptorincellfreesystem,ChEMBL,384,7.6,CCCCCCC(c1cc(OC)c2c(c1)OC([C@H]1[C@H]2CC(=CC1)C)(C)C)(C)C,10.1016/j.ejmech.2010.11.034
2124,Human,5.3,pKi,5.3,Binding,Displacementof[3H]CP55940fromhumanCB1receptorincellfreesystemDisplacementof[3H]CP55940fromhumanCB1receptorincellfreesystem,ChEMBL,384,7.6,CCCCCCC(c1cc(OC)c2c(c1)OC([C@H]1[C@H]2CC(=C)CC1)(C)C)(C)C,10.1016/j.ejmech.2010.11.034
2279,Human,6.9,pKi,6.9,Binding,UnclassifiedUnclassified,GuidetoPharmacology,383,5.2,COc1ccc2c(c1)oc(c2C(=O)c1ccc(cc1)C#N)c1ccc(cc1)OC,9435190
3849,Human,7.7,pKi,7.7,Binding,Displacementof[3H]-CP-55940fromhumanCB1receptorexpressedinCHOcellmembranesafter1hrbybeta-countinganalysisDisplacementof[3H]-CP-55940fromhumanCB1receptorexpressedinCHOcellmembranesafter1hrbybeta-countinganalysis,ChEMBL,426,4.6,O=C(c1c(C)n2c3c1cccc3OC[C@H]2CN1CCOCC1)c1cccc2c1cccc2,10.1016/j.ejmech.2018.12.008
185327,Human,6.1,pKi,6.1,Binding,Displacementof[3H]-CP55940fromrecombinanthumanCB1receptorexpressedinSf9cellmembranesco-expressingGalphai3beta1gamma2measuredafter90minsbyscintillationcountingmethodDisplacementof[3H]-CP55940fromrecombinanthumanCB1receptorexpressedinSf9cellmembranesco-expressingGalphai3beta1gamma2measuredafter90minsbyscintillationcountingmethod,ChEMBL,316,6.1,CCCCCc1cc(O)c(C/C=C(\C)CCC=C(C)C)c(O)c1,10.1021/acs.jnatprod.8b00874
109405,Human,5.7,pKi,5.7,Binding,"Displacementof[3H]CP55,940fromrecombinanthumanCB1receptorexpressedinCHOcellsafter2hrsbyliquidscintillationcountingDisplacementof[3H]CP55,940fromrecombinanthumanCB1receptorexpressedinCHOcellsafter2hrsbyliquidscintillationcounting",ChEMBL,270,4.7,CCCc1ccc(O)c(-c2cc(CCC)ccc2O)c1,10.1021/ml300235q
188916,Human,5.6,pKi,5.6,Binding,NoneNone,PDSPKiDatabase,469,5.7,COc1ccc(C2C(C(=O)Nc3cccc(C)n3)c3ccccc3C(=O)N2C2CCCCC2)cc1,None
169932,Human,7.8,pKi,7.8,Binding,Displacementof[3H]-CP55940fromhumanCB1receptorDisplacementof[3H]-CP55940fromhumanCB1receptor,ChEMBL,324,7.4,CCCCCC1=C/C(=C\c2cccc3ccccc23)c2ccccc21,10.1021/acs.jmedchem.6b00516
57106,Human,7.4,pKi,7.4,Binding,Displacementof[3H]CP55940fromhumanCB1receptorincellfreesystemDisplacementof[3H]CP55940fromhumanCB1receptorincellfreesystem,ChEMBL,425,8.2,CCCCCn1c(C)c(C(=O)c2ccc(CCCC)c3ccc(C)cc23)c2ccccc21,10.1016/j.ejmech.2010.11.034
57124,Human,5.8,pKi,5.8,Binding,Displacementof[3H]CP55940fromhumanCB1receptorincellfreesystemDisplacementof[3H]CP55940fromhumanCB1receptorincellfreesystem,ChEMBL,379,4.4,CCC(C)(C)C(=O)Cc1cc(C)c(C)c(S(=O)(=O)N2CCCCCC2)c1,10.1016/j.ejmech.2010.11.034
57120,Human,5.7,pKi,5.7,Binding,Displacementof[3H]CP55940fromhumanCB1receptorincellfreesystemDisplacementof[3H]CP55940fromhumanCB1receptorincellfreesystem,ChEMBL,382,3.2,COc1ccc(OC)c2c(=O)c(C(=O)NC34CC5CC(CC(C5)C3)C4)c[nH]c12,10.1016/j.ejmech.2010.11.034
57123,Human,6.9,pKi,6.9,Binding,Displacementof[3H]CP55940fromhumanCB1receptorincellfreesystemDisplacementof[3H]CP55940fromhumanCB1receptorincellfreesystem,ChEMBL,420,3,Cc1ccc(C(=O)NC2C(C)(C)[C@@H]3CC[C@]2(C)C3)cc1S(=O)(=O)N1CCOCC1,10.1016/j.ejmech.2010.11.034
57126,Human,5.3,pKi,5.3,Binding,Displacementof[3H]CP55940fromhumanCB1receptorincellfreesystemDisplacementof[3H]CP55940fromhumanCB1receptorincellfreesystem,ChEMBL,335,3.8,Cc1nc(C(=O)NC23CC4CC(CC2C4)C3)c(C)n1-c1ccccc1,10.1016/j.ejmech.2010.11.034
361,Human,10.0,pKi,10.0,Binding,UnclassifiedUnclassified,GuidetoPharmacology,448,7.6,BrCCCCCCC(c1cc(O)c2c(c1)OC([C@H]1[C@H]2CC(=CC1)C)(C)C)(C)C,28678776
56135,Human,6.4,pKi,6.4,Binding,Displacementof[3H]-SR141716AfromhumanCB1receptorexpressedinCHOcellsafter1hrDisplacementof[3H]-SR141716AfromhumanCB1receptorexpressedinCHOcellsafter1hr,ChEMBL,446,6,CCCCCn1cc(C(=O)NC(C)C23CC4CC(CC(C4)C2)C3)c(=O)cc1-c1ccccc1,10.1021/jm100286k
57132,Human,7.0,pKi,7.0,Binding,Displacementof[3H]CP55940fromhumanCB1receptorincellfreesystemDisplacementof[3H]CP55940fromhumanCB1receptorincellfreesystem,ChEMBL,369,4.3,CCCCCCn1cc(C(=O)NC2CCCCC2)c(=O)c2ccc(C)nc21,10.1016/j.ejmech.2010.11.034
57131,Human,5.8,pKi,5.8,Binding,Displacementof[3H]CP55940fromhumanCB1receptorincellfreesystemDisplacementof[3H]CP55940fromhumanCB1receptorincellfreesystem,ChEMBL,400,4.9,Cc1c(C(C)(C)C)s/c(=N\S(=O)(=O)c2cccc3ccccc23)n1C1CC1,10.1016/j.ejmech.2010.11.034
57107,Human,7.6,pKi,7.6,Binding,Displacementof[3H]CP55940fromhumanCB1receptorincellfreesystemDisplacementof[3H]CP55940fromhumanCB1receptorincellfreesystem,ChEMBL,445,6.5,CC1(C)C(C(=O)c2cn(CC3CCOCC3)c3c(COc4ccccc4)cccc23)C1(C)C,10.1016/j.ejmech.2010.11.034
57128,Human,6.3,pKi,6.3,Binding,Displacementof[3H]CP55940fromhumanCB1receptorincellfreesystemDisplacementof[3H]CP55940fromhumanCB1receptorincellfreesystem,ChEMBL,460,6.4,CCCCCn1cc(C(=O)NC2C(C)(C)[C@@H]3CC[C@@]2(C)C3)c(=O)c2cc(-c3ccco3)ccc21,10.1016/j.ejmech.2010.11.034
57115,Human,5.9,pKi,5.9,Binding,Displacementof[3H]CP55940fromhumanCB1receptorincellfreesystemDisplacementof[3H]CP55940fromhumanCB1receptorincellfreesystem,ChEMBL,359,4.8,Cc1nc(C(=O)Nc2ccccc2C(F)(F)F)c(C)n1-c1ccccc1,10.1016/j.ejmech.2010.11.034
57125,Human,6.2,pKi,6.2,Binding,Displacementof[3H]CP55940fromhumanCB1receptorincellfreesystemDisplacementof[3H]CP55940fromhumanCB1receptorincellfreesystem,ChEMBL,365,4,CCC(C)(C)C(=O)Cc1cc(C)c(C)c(S(=O)(=O)N2CCCCC2)c1,10.1016/j.ejmech.2010.11.034
109289,Human,5.1,pKi,5.1,Binding,Displacementof[3H]-CP55940fromhumanCB1receptorexpressedinHEK293cellsafter90minsbyliquidscintillationcountingDisplacementof[3H]-CP55940fromhumanCB1receptorexpressedinHEK293cellsafter90minsbyliquidscintillationcounting,ChEMBL,398,3.8,CN(C)CCNc1cnn(C2CC(C)(C)CC(C)(C)C2)c(=O)c1Br,10.1021/jm4005626
73525,Human,7.2,pKi,7.2,Binding,Displacementof[3H]-CP55940fromCB1receptorafter90minsbyliquidscintillationcountingDisplacementof[3H]-CP55940fromCB1receptorafter90minsbyliquidscintillationcounting,ChEMBL,585,7.8,CCOC(=O)C(C)(C)Oc1cccc(NC(=O)c2nn(-c3ccc(Cl)cc3Cl)c(-c3ccc(Cl)cc3)c2C)c1,10.1021/ml200091q
67233,Human,5.0,pKi,5.0,Binding,Displacementof[3H]-SR141716AfromhumanCB1receptorexpressedinCHOcellsafter1hrsbybetacountingDisplacementof[3H]-SR141716AfromhumanCB1receptorexpressedinCHOcellsafter1hrsbybetacounting,ChEMBL,478,5.2,Cc1c(CCN2CCOCC2)c2cc(OCCF)ccc2n1C(=O)c1cccc(Cl)c1Cl,10.1016/j.bmc.2011.06.033
63124,Human,9.2,pKi,9.2,Binding,DisplacementofradioligandfromhumanCB1receptorexpressedinCHOcellsDisplacementofradioligandfromhumanCB1receptorexpressedinCHOcells,ChEMBL,497,4,COc1cc(C(=O)NC2(C(=O)N[C@H](C)c3ccc(-n4nc(Cl)c5ccccc54)cc3F)CC2)on1,10.1016/j.bmcl.2010.09.121
63997,Human,7.5,pKi,7.5,Binding,Displacementof[3H]CP-55940fromhumanrecombinantCB1receptorexpressedinHEKcellsDisplacementof[3H]CP-55940fromhumanrecombinantCB1receptorexpressedinHEKcells,ChEMBL,392,4.9,CCCCCn1c(=O)c(C(=O)NC23CC4CC(CC(C4)C2)C3)cc2ccccc21,10.1021/jm200476p
63001,Human,5.7,pKi,5.7,Binding,Displacementof[3H]-CP55940fromhumanCB1receptorexpressedinHEK-293-EBNAcellmembranesafter90minsbyscintillationcountingDisplacementof[3H]-CP55940fromhumanCB1receptorexpressedinHEK-293-EBNAcellmembranesafter90minsbyscintillationcounting,ChEMBL,702,6.2,C[C@H](CO)NC(=O)CCC/C=C\C/C=C\C/C=C\C/C=C\CCCCOC(=O)CCCCCNC(=O)CCCC[C@@H]1SC[C@@H]2NC(=O)N[C@H]12,10.1021/jm2004392
63041,Human,5.7,pKi,5.7,Binding,Displacementof[3H]-CP55940fromhumanCB1receptorexpressedinHEK-293-EBNAcellmembranesafter90minsbyscintillationcountingDisplacementof[3H]-CP55940fromhumanCB1receptorexpressedinHEK-293-EBNAcellmembranesafter90minsbyscintillationcounting,ChEMBL,700,7.6,CCCCC/C=C\C/C=C\C/C=C\C/C=C\CCCC(=O)N[C@H](C)COC(=O)CCCCCNC(=O)CCCC[C@@H]1SC[C@@H]2NC(=O)N[C@H]12,10.1021/jm2004392
63042,Human,5.7,pKi,5.7,Binding,Displacementof[3H]-CP55940fromhumanCB1receptorexpressedinHEK-293-EBNAcellmembranesafter90minsbyscintillationcountingDisplacementof[3H]-CP55940fromhumanCB1receptorexpressedinHEK-293-EBNAcellmembranesafter90minsbyscintillationcounting,ChEMBL,455,7,C#CCCCC(=O)OC[C@@H](C)NC(=O)CCC/C=C\C/C=C\C/C=C\C/C=C\CCCCC,10.1021/jm2004392
63043,Human,5.7,pKi,5.7,Binding,Displacementof[3H]-CP55940fromhumanCB1receptorexpressedinHEK-293-EBNAcellmembranesafter90minsbyscintillationcountingDisplacementof[3H]-CP55940fromhumanCB1receptorexpressedinHEK-293-EBNAcellmembranesafter90minsbyscintillationcounting,ChEMBL,706,8.9,C#CCCCC(=O)N[C@@H](Cc1ccc(C(=O)c2ccccc2)cc1)C(=O)OC[C@@H](C)NC(=O)CCC/C=C\C/C=C\C/C=C\C/C=C\CCCCC,10.1021/jm2004392
63045,Human,6.7,pKi,6.7,Binding,Displacementof[3H]-CP55940fromhumanCB1receptorexpressedinHEK-293-EBNAcellmembranesafter90minsbyscintillationcountingDisplacementof[3H]-CP55940fromhumanCB1receptorexpressedinHEK-293-EBNAcellmembranesafter90minsbyscintillationcounting,ChEMBL,703,7.5,CCCCC/C=C\C/C=C\C/C=C\C/C=C\CCCCOC(CO)COC(=O)CCCCCNC(=O)CCCC[C@@H]1SC[C@@H]2NC(=O)N[C@H]12,10.1021/jm2004392
63046,Human,7.1,pKi,7.1,Binding,Displacementof[3H]-CP55940fromhumanCB1receptorexpressedinHEK-293-EBNAcellmembranesafter90minsbyscintillationcountingDisplacementof[3H]-CP55940fromhumanCB1receptorexpressedinHEK-293-EBNAcellmembranesafter90minsbyscintillationcounting,ChEMBL,458,6.9,C#CCCCC(=O)OCC(CO)OCCCC/C=C\C/C=C\C/C=C\C/C=C\CCCCC,10.1021/jm2004392
63992,Human,6.2,pKi,6.2,Binding,Displacementof[3H]CP-55940fromhumanrecombinantCB1receptorexpressedinCHOcellmembranesincubatedfor90minsbyscintillationcountingDisplacementof[3H]CP-55940fromhumanrecombinantCB1receptorexpressedinCHOcellmembranesincubatedfor90minsbyscintillationcounting,ChEMBL,392,4,CCC1COc2cccc3c(=O)c(C(=O)NC45CC6CC(CC(C6)C4)C5)cn1c23,10.1021/jm300763w
63987,Human,6.7,pKi,6.7,Binding,Displacementof[3H]CP-55940fromhumanrecombinantCB1receptorexpressedinHEKcellsDisplacementof[3H]CP-55940fromhumanrecombinantCB1receptorexpressedinHEKcells,ChEMBL,437,4.8,CCCCCn1cc(C(=O)NC23CC4CC(CC(C4)C2)C3)c(=O)c2cccc([N+](=O)[O-])c21,10.1021/jm200476p
65082,Human,8.0,pKi,8.0,Binding,Displacementof[3H]-SR141716AfromhumanCB1receptorexpressedinCHO-K1cellsafter1hrbyliquidscintillationcountingDisplacementof[3H]-SR141716AfromhumanCB1receptorexpressedinCHO-K1cellsafter1hrbyliquidscintillationcounting,ChEMBL,582,5.9,Cc1c(C(=O)NCC2CCC(CNS(C)(=O)=O)CC2)nn(-c2ccc(Cl)cc2Cl)c1-c1ccc(Cl)cc1,10.1016/j.bmcl.2011.08.032
65083,Human,6.9,pKi,6.9,Binding,Displacementof[3H]-CP55940fromhumanCB1receptorexpressedinCHO-K1cellsafter1hrbyliquidscintillationspectrometryDisplacementof[3H]-CP55940fromhumanCB1receptorexpressedinCHO-K1cellsafter1hrbyliquidscintillationspectrometry,ChEMBL,583,5.1,Cc1c(C(=O)NCC2CCC(CNS(N)(=O)=O)CC2)nn(-c2ccc(Cl)cc2Cl)c1-c1ccc(Cl)cc1,10.1016/j.bmcl.2011.08.032
60175,Human,8.3,pKi,8.3,Binding,Displacementof[3H]SR141716AfromhumanCB1receptorexpressedinCHOcellsDisplacementof[3H]SR141716AfromhumanCB1receptorexpressedinCHOcells,ChEMBL,461,4,COc1ccc(OC(F)(F)F)cc1Cn1c(C(=O)NCC(C)(C)O)cc2cc(C#N)ccc21,10.1016/j.bmcl.2011.02.019
60177,Human,8.3,pKi,8.3,Binding,Displacementof[3H]SR141716AfromhumanCB1receptorexpressedinCHOcellsDisplacementof[3H]SR141716AfromhumanCB1receptorexpressedinCHOcells,ChEMBL,445,4.4,CC(C)(O)CCNC(=O)c1cc2cc(C#N)ccc2n1Cc1cccc(OC(F)(F)F)c1,10.1016/j.bmcl.2011.02.019
60176,Human,8.1,pKi,8.1,Binding,Displacementof[3H]SR141716AfromhumanCB1receptorexpressedinCHOcellsDisplacementof[3H]SR141716AfromhumanCB1receptorexpressedinCHOcells,ChEMBL,445,4.1,COc1ccc(C(F)(F)F)cc1Cn1c(C(=O)NCC(C)(C)O)cc2cc(C#N)ccc21,10.1016/j.bmcl.2011.02.019
168985,Human,7.9,pKi,7.9,Binding,"Displacementof[3H]CP-55,940fromhumanCB1receptorexpressedinCHOcellmembraneafter90minsbyscintillationcountingmethodDisplacementof[3H]CP-55,940fromhumanCB1receptorexpressedinCHOcellmembraneafter90minsbyscintillationcountingmethod",ChEMBL,428,3.8,CC1=C(C(=O)c2cccc3ccccc23)C2C=CC=C3OC[C@@H](CN4CCOCC4)N1C32,10.1016/j.bmc.2016.08.055
64466,Human,6.1,pKi,6.1,Binding,"Displacementof[3H]-CP-55,940fromhumanrecombinantCB1receptorexpressedinHEK293cellsmembraneincubatedfor90minsDisplacementof[3H]-CP-55,940fromhumanrecombinantCB1receptorexpressedinHEK293cellsmembraneincubatedfor90mins",ChEMBL,384,7.8,CCCCCc1cc(O)c(C/C=C(\C)CC/C=C(\C)CCC=C(C)C)c(O)c1,10.1021/np200500p
63996,Human,6.6,pKi,6.6,Binding,Displacementof[3H]CP-55940fromhumanrecombinantCB1receptorexpressedinHEKcellsDisplacementof[3H]CP-55940fromhumanrecombinantCB1receptorexpressedinHEKcells,ChEMBL,474,5.9,CCCCCn1c(=O)c(C(=O)NC23CC4CC(CC(C4)C2)C3)c(O)c2cc(-c3ccco3)ccc21,10.1021/jm200476p
64748,Human,8.9,pKi,8.9,Binding,Displacementof[3H]-CP55940fromhumanCB1receptorexpressedinCHOcellsbyliquidscintillationcountingDisplacementof[3H]-CP55940fromhumanCB1receptorexpressedinCHOcellsbyliquidscintillationcounting,ChEMBL,356,6.2,CCCCCn1cc(C(=O)Nc2cccc3ccccc23)c2ccccc21,10.1016/j.ejmech.2011.08.021
64752,Human,7.9,pKi,7.9,Binding,Displacementof[3H]-CP55940fromhumanCB1receptorexpressedinCHOcellsbyliquidscintillationcountingDisplacementof[3H]-CP55940fromhumanCB1receptorexpressedinCHOcellsbyliquidscintillationcounting,ChEMBL,342,5.6,CCCCCn1cc(C(=O)c2cccc3ccccc23)c2cccnc21,10.1016/j.ejmech.2011.08.021
65418,Human,7.2,pKi,7.2,Binding,"Displacementof[3H]-CP-55,940fromhumanCB1receptorexpressedinhumanHEK293cellsafter90minsbyradioligandassayDisplacementof[3H]-CP-55,940fromhumanCB1receptorexpressedinhumanHEK293cellsafter90minsbyradioligandassay",ChEMBL,421,3.3,N#C/C(=C\c1cn(CCN2CCOCC2)c2ccccc12)S(=O)(=O)c1ccccc1,10.1016/j.ejmech.2011.07.023
55,Human,7.7,pKi,7.7,Binding,Displacementof[3H]CP55940fromhumanCB1receptorexpressedinhumanHEK293cellsDisplacementof[3H]CP55940fromhumanCB1receptorexpressedinhumanHEK293cells,ChEMBL,364,5.5,CCCCC/C=C\C/C=C\C/C=C\C/C=C\CCCCOC(CO)CO,10.1021/jm200529h
2740,Human,6.0,pKi,6.0,Binding,Displacementof[3H]-CP55940fromhumanCB1receptorbyliquidscintillationcountinginpresenceofserineproteaseinhibitorPMSFDisplacementof[3H]-CP55940fromhumanCB1receptorbyliquidscintillationcountinginpresenceofserineproteaseinhibitorPMSF,ChEMBL,347,5.6,CCCCC/C=C\C/C=C\C/C=C\C/C=C\CCCC(=O)OCCN,10.1021/jm4005626
68765,Human,5.9,pKi,5.9,Binding,Displacementof[3H]CP55940fromhumanrecombinantCB1receptorexpressedinHEK293cellsafter90minsDisplacementof[3H]CP55940fromhumanrecombinantCB1receptorexpressedinHEK293cellsafter90mins,ChEMBL,383,5.5,CCCCCCCCCCCCC/C=C/CCC(=O)N(C)[C@H](CO)COC,10.1021/np200610t
64743,Human,7.5,pKi,7.5,Binding,Displacementof[3H]-CP55940fromhumanCB1receptorexpressedinCHOcellsbyliquidscintillationcountingDisplacementof[3H]-CP55940fromhumanCB1receptorexpressedinCHOcellsbyliquidscintillationcounting,ChEMBL,367,6.7,CCCCCn1cc(C(=O)c2ccc(-c3ccccc3)cc2)c2ccccc21,10.1016/j.ejmech.2011.08.021
64744,Human,8.1,pKi,8.1,Binding,Displacementof[3H]-CP55940fromhumanCB1receptorexpressedinCHOcellsbyliquidscintillationcountingDisplacementof[3H]-CP55940fromhumanCB1receptorexpressedinCHOcellsbyliquidscintillationcounting,ChEMBL,367,6.7,CCCCCn1cc(C(=O)c2cccc(-c3ccccc3)c2)c2ccccc21,10.1016/j.ejmech.2011.08.021
64745,Human,8.2,pKi,8.2,Binding,Displacementof[3H]-CP55940fromhumanCB1receptorexpressedinCHOcellsbyliquidscintillationcountingDisplacementof[3H]-CP55940fromhumanCB1receptorexpressedinCHOcellsbyliquidscintillationcounting,ChEMBL,367,6.7,CCCCCn1cc(C(=O)c2ccccc2-c2ccccc2)c2ccccc21,10.1016/j.ejmech.2011.08.021
64746,Human,6.6,pKi,6.6,Binding,Displacementof[3H]-CP55940fromhumanCB1receptorexpressedinCHOcellsbyliquidscintillationcountingDisplacementof[3H]-CP55940fromhumanCB1receptorexpressedinCHOcellsbyliquidscintillationcounting,ChEMBL,355,5.2,COCCn1cc(C(=O)c2cccc(-c3ccccc3)c2)c2ccccc21,10.1016/j.ejmech.2011.08.021
64747,Human,6.6,pKi,6.6,Binding,Displacementof[3H]-CP55940fromhumanCB1receptorexpressedinCHOcellsbyliquidscintillationcountingDisplacementof[3H]-CP55940fromhumanCB1receptorexpressedinCHOcellsbyliquidscintillationcounting,ChEMBL,355,5.2,COCCn1cc(C(=O)c2ccccc2-c2ccccc2)c2ccccc21,10.1016/j.ejmech.2011.08.021
64749,Human,7.2,pKi,7.2,Binding,Displacementof[3H]-CP55940fromhumanCB1receptorexpressedinCHOcellsbyliquidscintillationcountingDisplacementof[3H]-CP55940fromhumanCB1receptorexpressedinCHOcellsbyliquidscintillationcounting,ChEMBL,356,6.2,CCCCCn1cc(C(=O)Nc2ccc3ccccc3c2)c2ccccc21,10.1016/j.ejmech.2011.08.021
64754,Human,6.3,pKi,6.3,Binding,Displacementof[3H]-CP55940fromhumanCB1receptorexpressedinCHOcellsbyliquidscintillationcountingDisplacementof[3H]-CP55940fromhumanCB1receptorexpressedinCHOcellsbyliquidscintillationcounting,ChEMBL,330,4.1,COCCn1cc(C(=O)c2cccc3ccccc23)c2cccnc21,10.1016/j.ejmech.2011.08.021
64738,Human,6.8,pKi,6.8,Binding,Displacementof[3H]-CP55940fromhumanCB1receptorexpressedinCHOcellsbyliquidscintillationcountingDisplacementof[3H]-CP55940fromhumanCB1receptorexpressedinCHOcellsbyliquidscintillationcounting,ChEMBL,342,5.6,CCCCCn1cc(C(=O)c2cccc3ccccc23)c2ccncc21,10.1016/j.ejmech.2011.08.021
64756,Human,6.5,pKi,6.5,Binding,Displacementof[3H]-CP55940fromhumanCB1receptorexpressedinCHOcellsbyliquidscintillationcountingDisplacementof[3H]-CP55940fromhumanCB1receptorexpressedinCHOcellsbyliquidscintillationcounting,ChEMBL,342,5.6,CCCCCn1cc(C(=O)c2cccc3ccccc23)c2cnccc21,10.1016/j.ejmech.2011.08.021
65079,Human,7.0,pKi,7.0,Binding,Displacementof[3H]-CP55940fromhumanCB1receptorexpressedinCHO-K1cellsafter1hrbyliquidscintillationspectrometryDisplacementof[3H]-CP55940fromhumanCB1receptorexpressedinCHO-K1cellsafter1hrbyliquidscintillationspectrometry,ChEMBL,470,6.8,Cc1ccc(NC(=O)c2nn(-c3ccc(Cl)cc3Cl)c(-c3ccc(Cl)cc3)c2C)cn1,10.1016/j.bmcl.2011.08.032
63114,Human,7.1,pKi,7.1,Binding,DisplacementofradioligandfromhumanCB1receptorexpressedinCHOcellsDisplacementofradioligandfromhumanCB1receptorexpressedinCHOcells,ChEMBL,539,5,COc1cc(C(=O)NC2(C(=O)N[C@H](C)c3ccc(-n4nc(-c5ccccc5)c5ccccc54)cc3F)CC2)on1,10.1016/j.bmcl.2010.09.121
63115,Human,9.1,pKi,9.1,Binding,DisplacementofradioligandfromhumanCB1receptorexpressedinCHOcellsDisplacementofradioligandfromhumanCB1receptorexpressedinCHOcells,ChEMBL,541,4.1,COc1cc(C(=O)NC2(C(=O)N[C@H](C)c3ccc(-n4nc(Br)c5ccccc54)cc3F)CC2)on1,10.1016/j.bmcl.2010.09.121
63122,Human,7.6,pKi,7.6,Binding,DisplacementofradioligandfromhumanCB1receptorexpressedinCHOcellsDisplacementofradioligandfromhumanCB1receptorexpressedinCHOcells,ChEMBL,467,3,COc1cc(C(=O)NC2(C(=O)N[C@H](C)c3ccc(-n4ncc5c4CCCC5)cc3F)CC2)on1,10.1016/j.bmcl.2010.09.121
63197,Human,8.1,pKi,8.1,Binding,DisplacementofradioligandfromhumanCB1receptorexpressedinCHOcellsDisplacementofradioligandfromhumanCB1receptorexpressedinCHOcells,ChEMBL,497,4.7,Cc1ncsc1C(=O)NC1(C(=O)N[C@H](C)c2ccc(-n3nc(Cl)c4ccccc43)cc2F)CC1,10.1016/j.bmcl.2010.09.121
63206,Human,9.4,pKi,9.4,Binding,DisplacementofradioligandfromhumanCB1receptorexpressedinCHOcellsDisplacementofradioligandfromhumanCB1receptorexpressedinCHOcells,ChEMBL,495,4.5,C[C@@H](NC(=O)C1(NC(=O)c2cncc(F)c2)CC1)c1ccc(-n2nc(Cl)c3ccccc32)cc1F,10.1016/j.bmcl.2010.09.121
63207,Human,9.7,pKi,9.7,Binding,DisplacementofradioligandfromhumanCB1receptorexpressedinCHOcellsDisplacementofradioligandfromhumanCB1receptorexpressedinCHOcells,ChEMBL,511,5,C[C@@H](NC(=O)C1(NC(=O)c2cncc(Cl)c2)CC1)c1ccc(-n2nc(Cl)c3ccccc32)cc1F,10.1016/j.bmcl.2010.09.121
66097,Human,6.1,pKi,6.1,Binding,Displacementof[3H]-SR141716AfromhumanCB1receptorexpressedinCHO-K1cellsafter1hrbyliquidscintillationcountingDisplacementof[3H]-SR141716AfromhumanCB1receptorexpressedinCHO-K1cellsafter1hrbyliquidscintillationcounting,ChEMBL,485,6.2,Cc1c(C(=O)Nc2ccc(C)[n+](C)c2)nn(-c2ccc(Cl)cc2Cl)c1-c1ccc(Cl)cc1,10.1016/j.bmcl.2011.08.032
65081,Human,7.3,pKi,7.3,Binding,Displacementof[3H]-CP55940fromhumanCB1receptorexpressedinCHO-K1cellsafter1hrbyliquidscintillationspectrometryDisplacementof[3H]-CP55940fromhumanCB1receptorexpressedinCHO-K1cellsafter1hrbyliquidscintillationspectrometry,ChEMBL,571,5.3,Cc1c(C(=O)NCCCCCCCNS(N)(=O)=O)nn(-c2ccc(Cl)cc2Cl)c1-c1ccc(Cl)cc1,10.1016/j.bmcl.2011.08.032
63112,Human,7.7,pKi,7.7,Binding,DisplacementofradioligandfromhumanCB1receptorexpressedinCHOcellsDisplacementofradioligandfromhumanCB1receptorexpressedinCHOcells,ChEMBL,491,3.9,CCc1nn(-c2ccc([C@@H](C)NC(=O)C3(NC(=O)c4cc(OC)no4)CC3)c(F)c2)c2ccccc12,10.1016/j.bmcl.2010.09.121
63201,Human,8.9,pKi,8.9,Binding,DisplacementofradioligandfromhumanCB1receptorexpressedinCHOcellsDisplacementofradioligandfromhumanCB1receptorexpressedinCHOcells,ChEMBL,491,4.7,Cc1ccc(C(=O)NC2(C(=O)N[C@H](C)c3ccc(-n4nc(Cl)c5ccccc54)cc3F)CC2)cn1,10.1016/j.bmcl.2010.09.121
63117,Human,7.7,pKi,7.7,Binding,DisplacementofradioligandfromhumanCB1receptorexpressedinCHOcellsDisplacementofradioligandfromhumanCB1receptorexpressedinCHOcells,ChEMBL,493,3.3,COc1cc(C(=O)NC2(C(=O)N[C@H](C)c3ccc(-n4nc(OC)c5ccccc54)cc3F)CC2)on1,10.1016/j.bmcl.2010.09.121
63123,Human,8.0,pKi,8.0,Binding,DisplacementofradioligandfromhumanCB1receptorexpressedinCHOcellsDisplacementofradioligandfromhumanCB1receptorexpressedinCHOcells,ChEMBL,481,3.3,COc1cc(C(=O)NC2(C(=O)N[C@H](C)c3ccc(-n4nc(C)c5c4CCCC5)cc3F)CC2)on1,10.1016/j.bmcl.2010.09.121
63213,Human,8.0,pKi,8.0,Binding,DisplacementofradioligandfromhumanCB1receptorexpressedinCHOcellsDisplacementofradioligandfromhumanCB1receptorexpressedinCHOcells,ChEMBL,468,4.2,C[C@@H](NC(=O)C1(NC(=O)C(F)(F)F)CC1)c1ccc(-n2nc(Cl)c3ccccc32)cc1F,10.1016/j.bmcl.2010.09.121
63210,Human,9.7,pKi,9.7,Binding,DisplacementofradioligandfromhumanCB1receptorexpressedinCHOcellsDisplacementofradioligandfromhumanCB1receptorexpressedinCHOcells,ChEMBL,478,3.7,C[C@@H](NC(=O)C1(NC(=O)c2cncnc2)CC1)c1ccc(-n2nc(Cl)c3ccccc32)cc1F,10.1016/j.bmcl.2010.09.121
64000,Human,6.6,pKi,6.6,Binding,Displacementof[3H]CP-55940fromhumanrecombinantCB1receptorexpressedinHEKcellsDisplacementof[3H]CP-55940fromhumanrecombinantCB1receptorexpressedinHEKcells,ChEMBL,408,4.8,CCCCCOc1cccc2c(=O)c(C(=O)NC34CC5CC(CC(C5)C3)C4)c[nH]c12,10.1021/jm200476p
65080,Human,7.2,pKi,7.2,Binding,Displacementof[3H]-SR141716AfromhumanCB1receptorexpressedinCHO-K1cellsafter1hrbyliquidscintillationcountingDisplacementof[3H]-SR141716AfromhumanCB1receptorexpressedinCHO-K1cellsafter1hrbyliquidscintillationcounting,ChEMBL,570,6,Cc1c(C(=O)NCCCCCCCNS(C)(=O)=O)nn(-c2ccc(Cl)cc2Cl)c1-c1ccc(Cl)cc1,10.1016/j.bmcl.2011.08.032
64428,Human,5.3,pKi,5.3,Binding,BindingaffinitytoCB1receptorBindingaffinitytoCB1receptor,ChEMBL,376,6.4,CCCCCCC(C)(C)c1cc(OC)c(C2CCCC(C)(O)C2)c(OC)c1,10.1016/j.bmc.2011.07.062
63111,Human,8.9,pKi,8.9,Binding,DisplacementofradioligandfromhumanCB1receptorexpressedinCHOcellsDisplacementofradioligandfromhumanCB1receptorexpressedinCHOcells,ChEMBL,477,3.6,COc1cc(C(=O)NC2(C(=O)N[C@H](C)c3ccc(-n4nc(C)c5ccccc54)cc3F)CC2)on1,10.1016/j.bmcl.2010.09.121
63116,Human,6.5,pKi,6.5,Binding,DisplacementofradioligandfromhumanCB1receptorexpressedinCHOcellsDisplacementofradioligandfromhumanCB1receptorexpressedinCHOcells,ChEMBL,479,2.6,COc1cc(C(=O)NC2(C(=O)N[C@H](C)c3ccc(-n4[nH]c(=O)c5ccccc54)cc3F)CC2)on1,10.1016/j.bmcl.2010.09.121
63126,Human,9.5,pKi,9.5,Binding,DisplacementofradioligandfromhumanCB1receptorexpressedinCHOcellsDisplacementofradioligandfromhumanCB1receptorexpressedinCHOcells,ChEMBL,513,4.4,COc1ncc(C(=O)NC2(C(=O)N[C@H](C)c3ccc(-n4nc(Cl)c5ccccc54)cc3F)CC2)s1,10.1016/j.bmcl.2010.09.121
63200,Human,8.8,pKi,8.8,Binding,DisplacementofradioligandfromhumanCB1receptorexpressedinCHOcellsDisplacementofradioligandfromhumanCB1receptorexpressedinCHOcells,ChEMBL,477,4.4,C[C@@H](NC(=O)C1(NC(=O)c2cccnc2)CC1)c1ccc(-n2nc(Cl)c3ccccc32)cc1F,10.1016/j.bmcl.2010.09.121
63203,Human,9.3,pKi,9.3,Binding,DisplacementofradioligandfromhumanCB1receptorexpressedinCHOcellsDisplacementofradioligandfromhumanCB1receptorexpressedinCHOcells,ChEMBL,491,4.7,Cc1cncc(C(=O)NC2(C(=O)N[C@H](C)c3ccc(-n4nc(Cl)c5ccccc54)cc3F)CC2)c1,10.1016/j.bmcl.2010.09.121
63205,Human,9.3,pKi,9.3,Binding,DisplacementofradioligandfromhumanCB1receptorexpressedinCHOcellsDisplacementofradioligandfromhumanCB1receptorexpressedinCHOcells,ChEMBL,507,4.4,COc1cncc(C(=O)NC2(C(=O)N[C@H](C)c3ccc(-n4nc(Cl)c5ccccc54)cc3F)CC2)c1,10.1016/j.bmcl.2010.09.121
63212,Human,8.9,pKi,8.9,Binding,DisplacementofradioligandfromhumanCB1receptorexpressedinCHOcellsDisplacementofradioligandfromhumanCB1receptorexpressedinCHOcells,ChEMBL,512,4.4,C[C@@H](NC(=O)C1(NC(=O)c2cncc(Cl)n2)CC1)c1ccc(-n2nc(Cl)c3ccccc32)cc1F,10.1016/j.bmcl.2010.09.121
63158,Human,8.0,pKi,8.0,Binding,DisplacementofradioligandfromhumanCB1receptorexpressedinCHOcellsDisplacementofradioligandfromhumanCB1receptorexpressedinCHOcells,ChEMBL,463,3.3,COc1cc(C(=O)NC2(C(=O)N[C@H](C)c3ccc(-n4ncc5ccccc54)cc3F)CC2)on1,10.1016/j.bmcl.2010.09.121
63202,Human,9.3,pKi,9.3,Binding,DisplacementofradioligandfromhumanCB1receptorexpressedinCHOcellsDisplacementofradioligandfromhumanCB1receptorexpressedinCHOcells,ChEMBL,555,5.1,C[C@@H](NC(=O)C1(NC(=O)c2ccc(Br)nc2)CC1)c1ccc(-n2nc(Cl)c3ccccc32)cc1F,10.1016/j.bmcl.2010.09.121
63118,Human,8.6,pKi,8.6,Binding,DisplacementofradioligandfromhumanCB1receptorexpressedinCHOcellsDisplacementofradioligandfromhumanCB1receptorexpressedinCHOcells,ChEMBL,488,3.2,COc1cc(C(=O)NC2(C(=O)N[C@H](C)c3ccc(-n4nc(C#N)c5ccccc54)cc3F)CC2)on1,10.1016/j.bmcl.2010.09.121
63125,Human,9.3,pKi,9.3,Binding,DisplacementofradioligandfromhumanCB1receptorexpressedinCHOcellsDisplacementofradioligandfromhumanCB1receptorexpressedinCHOcells,ChEMBL,483,4.4,C[C@@H](NC(=O)C1(NC(=O)c2cncs2)CC1)c1ccc(-n2nc(Cl)c3ccccc32)cc1F,10.1016/j.bmcl.2010.09.121
63198,Human,9.2,pKi,9.2,Binding,DisplacementofradioligandfromhumanCB1receptorexpressedinCHOcellsDisplacementofradioligandfromhumanCB1receptorexpressedinCHOcells,ChEMBL,498,4.1,Cc1nnsc1C(=O)NC1(C(=O)N[C@H](C)c2ccc(-n3nc(Cl)c4ccccc43)cc2F)CC1,10.1016/j.bmcl.2010.09.121
63113,Human,7.5,pKi,7.5,Binding,DisplacementofradioligandfromhumanCB1receptorexpressedinCHOcellsDisplacementofradioligandfromhumanCB1receptorexpressedinCHOcells,ChEMBL,503,4.2,COc1cc(C(=O)NC2(C(=O)N[C@H](C)c3ccc(-n4nc(C5CC5)c5ccccc54)cc3F)CC2)on1,10.1016/j.bmcl.2010.09.121
63120,Human,6.2,pKi,6.2,Binding,DisplacementofradioligandfromhumanCB1receptorexpressedinCHOcellsDisplacementofradioligandfromhumanCB1receptorexpressedinCHOcells,ChEMBL,489,3.8,COc1cc(C(=O)NC2(C(=O)N[C@H](C)c3ccc(-n4ccc(-c5ccccc5)n4)cc3F)CC2)on1,10.1016/j.bmcl.2010.09.121
63121,Human,6.3,pKi,6.3,Binding,DisplacementofradioligandfromhumanCB1receptorexpressedinCHOcellsDisplacementofradioligandfromhumanCB1receptorexpressedinCHOcells,ChEMBL,489,3.8,COc1cc(C(=O)NC2(C(=O)N[C@H](C)c3ccc(-n4cc(-c5ccccc5)cn4)cc3F)CC2)on1,10.1016/j.bmcl.2010.09.121
63119,Human,6.7,pKi,6.7,Binding,DisplacementofradioligandfromhumanCB1receptorexpressedinCHOcellsDisplacementofradioligandfromhumanCB1receptorexpressedinCHOcells,ChEMBL,413,2.1,COc1cc(C(=O)NC2(C(=O)N[C@H](C)c3ccc(-n4cccn4)cc3F)CC2)on1,10.1016/j.bmcl.2010.09.121
63199,Human,9.4,pKi,9.4,Binding,DisplacementofradioligandfromhumanCB1receptorexpressedinCHOcellsDisplacementofradioligandfromhumanCB1receptorexpressedinCHOcells,ChEMBL,466,3.7,C[C@@H](NC(=O)C1(NC(=O)c2cn[nH]c2)CC1)c1ccc(-n2nc(Cl)c3ccccc32)cc1F,10.1016/j.bmcl.2010.09.121
63204,Human,9.5,pKi,9.5,Binding,DisplacementofradioligandfromhumanCB1receptorexpressedinCHOcellsDisplacementofradioligandfromhumanCB1receptorexpressedinCHOcells,ChEMBL,493,4.1,C[C@@H](NC(=O)C1(NC(=O)c2cncc(O)c2)CC1)c1ccc(-n2nc(Cl)c3ccccc32)cc1F,10.1016/j.bmcl.2010.09.121
63209,Human,9.2,pKi,9.2,Binding,DisplacementofradioligandfromhumanCB1receptorexpressedinCHOcellsDisplacementofradioligandfromhumanCB1receptorexpressedinCHOcells,ChEMBL,478,3.7,C[C@@H](NC(=O)C1(NC(=O)c2ccnnc2)CC1)c1ccc(-n2nc(Cl)c3ccccc32)cc1F,10.1016/j.bmcl.2010.09.121
63211,Human,7.8,pKi,7.8,Binding,DisplacementofradioligandfromhumanCB1receptorexpressedinCHOcellsDisplacementofradioligandfromhumanCB1receptorexpressedinCHOcells,ChEMBL,478,3.7,C[C@@H](NC(=O)C1(NC(=O)c2cnccn2)CC1)c1ccc(-n2nc(Cl)c3ccccc32)cc1F,10.1016/j.bmcl.2010.09.121
68538,Human,8.0,pKi,8.0,Binding,Displacementof[3H]CP55940fromhumanCB1receptorexpressedinhumanHEK293cellsDisplacementof[3H]CP55940fromhumanCB1receptorexpressedinhumanHEK293cells,ChEMBL,494,6.4,CCCCCCC(C)(C)c1cc(O)cc(OCCCCCCCCCCC(=O)OC(CO)CO)c1,10.1021/jm200529h
67274,Human,8.6,pKi,8.6,Binding,"Displacementof[3H]CP-55,940fromrecombinanthumanCB1receptorexpressedinHEKcellsDisplacementof[3H]CP-55,940fromrecombinanthumanCB1receptorexpressedinHEKcells",ChEMBL,470,6.2,Cc1c(C(=O)NC2CCCCC2)nn(-c2ccc(Cl)cc2Cl)c1-n1cc2c(c1)CCCC2,10.1016/j.ejmech.2011.09.037
67285,Human,7.8,pKi,7.8,Binding,"Displacementof[3H]CP-55,940fromrecombinanthumanCB1receptorexpressedinHEKcellsDisplacementof[3H]CP-55,940fromrecombinanthumanCB1receptorexpressedinHEKcells",ChEMBL,430,5.6,CCc1c(C(=O)NC2CCCCC2)nn(-c2ccc(Cl)c(Cl)c2)c1-n1cccc1,10.1016/j.ejmech.2011.09.037
68531,Human,5.3,pKi,5.3,Binding,Displacementof[3H]CP55940fromhumanCB1receptorexpressedinhumanHEK293cellsDisplacementof[3H]CP55940fromhumanCB1receptorexpressedinhumanHEK293cells,ChEMBL,396,3.7,CCCCCc1cc(O)cc(OCCCCCCCC(=O)OC(CO)CO)c1,10.1021/jm200529h
68532,Human,5.3,pKi,5.3,Binding,Displacementof[3H]CP55940fromhumanCB1receptorexpressedinhumanHEK293cellsDisplacementof[3H]CP55940fromhumanCB1receptorexpressedinhumanHEK293cells,ChEMBL,438,4.9,CCCCCc1cc(O)cc(OCCCCCCCCCCC(=O)OC(CO)CO)c1,10.1021/jm200529h
68537,Human,6.0,pKi,6.0,Binding,Displacementof[3H]CP55940fromhumanCB1receptorexpressedinhumanHEK293cellsDisplacementof[3H]CP55940fromhumanCB1receptorexpressedinhumanHEK293cells,ChEMBL,452,5.3,CCCCCCC(C)(C)c1cc(O)cc(OCCCCCCCC(=O)OC(CO)CO)c1,10.1021/jm200529h
68539,Human,5.6,pKi,5.6,Binding,Displacementof[3H]CP55940fromhumanCB1receptorexpressedinhumanHEK293cellsDisplacementof[3H]CP55940fromhumanCB1receptorexpressedinhumanHEK293cells,ChEMBL,508,6.8,CCCCCCC(C)(C)c1cc(O)cc(OCCCCCCCCCCCC(=O)OC(CO)CO)c1,10.1021/jm200529h
68540,Human,6.4,pKi,6.4,Binding,Displacementof[3H]CP55940fromhumanCB1receptorexpressedinhumanHEK293cellsDisplacementof[3H]CP55940fromhumanCB1receptorexpressedinhumanHEK293cells,ChEMBL,354,3.4,CCCCCc1cc(O)cc(OCCCCCCOC(CO)CO)c1,10.1021/jm200529h
68541,Human,5.7,pKi,5.7,Binding,Displacementof[3H]CP55940fromhumanCB1receptorexpressedinhumanHEK293cellsDisplacementof[3H]CP55940fromhumanCB1receptorexpressedinhumanHEK293cells,ChEMBL,382,4.2,CCCCCc1cc(O)cc(OCCCCCCCCOC(CO)CO)c1,10.1021/jm200529h
68542,Human,5.4,pKi,5.4,Binding,Displacementof[3H]CP55940fromhumanCB1receptorexpressedinhumanHEK293cellsDisplacementof[3H]CP55940fromhumanCB1receptorexpressedinhumanHEK293cells,ChEMBL,438,5.8,CCCCCc1cc(O)cc(OCCCCCCCCCCCCOC(CO)CO)c1,10.1021/jm200529h
68545,Human,6.8,pKi,6.8,Binding,Displacementof[3H]CP55940fromhumanCB1receptorexpressedinhumanHEK293cellsDisplacementof[3H]CP55940fromhumanCB1receptorexpressedinhumanHEK293cells,ChEMBL,410,4.9,CCCCCCC(C)(C)c1cc(O)cc(OCCCCCCOC(CO)CO)c1,10.1021/jm200529h
68546,Human,6.6,pKi,6.6,Binding,Displacementof[3H]CP55940fromhumanCB1receptorexpressedinhumanHEK293cellsDisplacementof[3H]CP55940fromhumanCB1receptorexpressedinhumanHEK293cells,ChEMBL,438,5.7,CCCCCCC(C)(C)c1cc(O)cc(OCCCCCCCCOC(CO)CO)c1,10.1021/jm200529h
68547,Human,5.5,pKi,5.5,Binding,Displacementof[3H]CP55940fromhumanCB1receptorexpressedinhumanHEK293cellsDisplacementof[3H]CP55940fromhumanCB1receptorexpressedinhumanHEK293cells,ChEMBL,466,6.5,CCCCCCC(C)(C)c1cc(O)cc(OCCCCCCCCCCOC(CO)CO)c1,10.1021/jm200529h
68548,Human,6.0,pKi,6.0,Binding,Displacementof[3H]CP55940fromhumanCB1receptorexpressedinhumanHEK293cellsDisplacementof[3H]CP55940fromhumanCB1receptorexpressedinhumanHEK293cells,ChEMBL,494,7.3,CCCCCCC(C)(C)c1cc(O)cc(OCCCCCCCCCCCCOC(CO)CO)c1,10.1021/jm200529h
67293,Human,9.0,pKi,9.0,Binding,Displacementof[3H]-CP-55940fromhumanCB1receptorexpressedinCHOcellspretreatedfor10minsmeasuredafter3hrsbyscintillationcountingDisplacementof[3H]-CP-55940fromhumanCB1receptorexpressedinCHOcellspretreatedfor10minsmeasuredafter3hrsbyscintillationcounting,ChEMBL,459,6.1,Cc1ccc([C@H](c2ccc(Cl)cc2Cl)N2CCN(C(=O)NC3CCCCC3)CC2)cc1,10.1016/j.ejmech.2011.08.030
67294,Human,9.7,pKi,9.7,Binding,Displacementof[3H]-CP-55940fromhumanCB1receptorexpressedinCHOcellspretreatedfor10minsmeasuredafter3hrsbyscintillationcountingDisplacementof[3H]-CP-55940fromhumanCB1receptorexpressedinCHOcellspretreatedfor10minsmeasuredafter3hrsbyscintillationcounting,ChEMBL,459,6.1,Cc1ccc([C@@H](c2ccc(Cl)cc2Cl)N2CCN(C(=O)NC3CCCCC3)CC2)cc1,10.1016/j.ejmech.2011.08.030
67269,Human,7.6,pKi,7.6,Binding,"Displacementof[3H]CP-55,940fromrecombinanthumanCB1receptorexpressedinHEKcellsDisplacementof[3H]CP-55,940fromrecombinanthumanCB1receptorexpressedinHEKcells",ChEMBL,526,7.2,Cc1c(C(=O)NCc2ccc(Cl)c(Cl)c2)nn(-c2ccc(Cl)cc2Cl)c1-n1cccc1Cl,10.1016/j.ejmech.2011.09.037
67270,Human,8.1,pKi,8.1,Binding,"Displacementof[3H]CP-55,940fromrecombinanthumanCB1receptorexpressedinHEKcellsDisplacementof[3H]CP-55,940fromrecombinanthumanCB1receptorexpressedinHEKcells",ChEMBL,450,6,Cc1c(C(=O)NC2CCCCC2)nn(-c2ccc(Cl)cc2Cl)c1-n1cccc1Cl,10.1016/j.ejmech.2011.09.037
67271,Human,7.2,pKi,7.2,Binding,"Displacementof[3H]CP-55,940fromrecombinanthumanCB1receptorexpressedinHEKcellsDisplacementof[3H]CP-55,940fromrecombinanthumanCB1receptorexpressedinHEKcells",ChEMBL,560,7.8,Cc1c(C(=O)NCc2ccc(Cl)c(Cl)c2)nn(-c2ccc(Cl)cc2Cl)c1-n1c(Cl)ccc1Cl,10.1016/j.ejmech.2011.09.037
67272,Human,8.0,pKi,8.0,Binding,"Displacementof[3H]CP-55,940fromrecombinanthumanCB1receptorexpressedinHEKcellsDisplacementof[3H]CP-55,940fromrecombinanthumanCB1receptorexpressedinHEKcells",ChEMBL,484,6.6,Cc1c(C(=O)NC2CCCCC2)nn(-c2ccc(Cl)cc2Cl)c1-n1c(Cl)ccc1Cl,10.1016/j.ejmech.2011.09.037
67273,Human,7.3,pKi,7.3,Binding,"Displacementof[3H]CP-55,940fromrecombinanthumanCB1receptorexpressedinHEKcellsDisplacementof[3H]CP-55,940fromrecombinanthumanCB1receptorexpressedinHEKcells",ChEMBL,546,7.4,Cc1c(C(=O)NCc2ccc(Cl)c(Cl)c2)nn(-c2ccc(Cl)cc2Cl)c1-n1cc2c(c1)CCCC2,10.1016/j.ejmech.2011.09.037
67275,Human,7.3,pKi,7.3,Binding,"Displacementof[3H]CP-55,940fromrecombinanthumanCB1receptorexpressedinHEKcellsDisplacementof[3H]CP-55,940fromrecombinanthumanCB1receptorexpressedinHEKcells",ChEMBL,506,6.8,CCc1c(C(=O)NCc2ccc(Cl)c(Cl)c2)nn(-c2ccc(Cl)cc2Cl)c1-n1cccc1,10.1016/j.ejmech.2011.09.037
67276,Human,8.5,pKi,8.5,Binding,"Displacementof[3H]CP-55,940fromrecombinanthumanCB1receptorexpressedinHEKcellsDisplacementof[3H]CP-55,940fromrecombinanthumanCB1receptorexpressedinHEKcells",ChEMBL,430,5.6,CCc1c(C(=O)NC2CCCCC2)nn(-c2ccc(Cl)cc2Cl)c1-n1cccc1,10.1016/j.ejmech.2011.09.037
67277,Human,7.3,pKi,7.3,Binding,"Displacementof[3H]CP-55,940fromrecombinanthumanCB1receptorexpressedinHEKcellsDisplacementof[3H]CP-55,940fromrecombinanthumanCB1receptorexpressedinHEKcells",ChEMBL,534,7.4,CCc1c(C(=O)NCc2ccc(Cl)c(Cl)c2)nn(-c2ccc(Cl)cc2Cl)c1-n1c(C)ccc1C,10.1016/j.ejmech.2011.09.037
67278,Human,8.2,pKi,8.2,Binding,"Displacementof[3H]CP-55,940fromrecombinanthumanCB1receptorexpressedinHEKcellsDisplacementof[3H]CP-55,940fromrecombinanthumanCB1receptorexpressedinHEKcells",ChEMBL,458,6.2,CCc1c(C(=O)NC2CCCCC2)nn(-c2ccc(Cl)cc2Cl)c1-n1c(C)ccc1C,10.1016/j.ejmech.2011.09.037
67279,Human,6.9,pKi,6.9,Binding,"Displacementof[3H]CP-55,940fromrecombinanthumanCB1receptorexpressedinHEKcellsDisplacementof[3H]CP-55,940fromrecombinanthumanCB1receptorexpressedinHEKcells",ChEMBL,472,6.5,CCc1ccc(CC)n1-c1c(C)c(C(=O)NC2CCCCC2)nn1-c1ccc(Cl)c(Cl)c1,10.1016/j.ejmech.2011.09.037
67280,Human,7.1,pKi,7.1,Binding,"Displacementof[3H]CP-55,940fromrecombinanthumanCB1receptorexpressedinHEKcellsDisplacementof[3H]CP-55,940fromrecombinanthumanCB1receptorexpressedinHEKcells",ChEMBL,526,7.2,Cc1c(C(=O)NCc2ccc(Cl)c(Cl)c2)nn(-c2ccc(Cl)c(Cl)c2)c1-n1cccc1Cl,10.1016/j.ejmech.2011.09.037
67281,Human,8.1,pKi,8.1,Binding,"Displacementof[3H]CP-55,940fromrecombinanthumanCB1receptorexpressedinHEKcellsDisplacementof[3H]CP-55,940fromrecombinanthumanCB1receptorexpressedinHEKcells",ChEMBL,450,6,Cc1c(C(=O)NC2CCCCC2)nn(-c2ccc(Cl)c(Cl)c2)c1-n1cccc1Cl,10.1016/j.ejmech.2011.09.037
67282,Human,7.3,pKi,7.3,Binding,"Displacementof[3H]CP-55,940fromrecombinanthumanCB1receptorexpressedinHEKcellsDisplacementof[3H]CP-55,940fromrecombinanthumanCB1receptorexpressedinHEKcells",ChEMBL,560,7.8,Cc1c(C(=O)NCc2ccc(Cl)c(Cl)c2)nn(-c2ccc(Cl)c(Cl)c2)c1-n1c(Cl)ccc1Cl,10.1016/j.ejmech.2011.09.037
67283,Human,8.3,pKi,8.3,Binding,"Displacementof[3H]CP-55,940fromrecombinanthumanCB1receptorexpressedinHEKcellsDisplacementof[3H]CP-55,940fromrecombinanthumanCB1receptorexpressedinHEKcells",ChEMBL,484,6.6,Cc1c(C(=O)NC2CCCCC2)nn(-c2ccc(Cl)c(Cl)c2)c1-n1c(Cl)ccc1Cl,10.1016/j.ejmech.2011.09.037
67284,Human,6.3,pKi,6.3,Binding,"Displacementof[3H]CP-55,940fromrecombinanthumanCB1receptorexpressedinHEKcellsDisplacementof[3H]CP-55,940fromrecombinanthumanCB1receptorexpressedinHEKcells",ChEMBL,506,6.8,CCc1c(C(=O)NCc2ccc(Cl)c(Cl)c2)nn(-c2ccc(Cl)c(Cl)c2)c1-n1cccc1,10.1016/j.ejmech.2011.09.037
67286,Human,6.0,pKi,6.0,Binding,"Displacementof[3H]CP-55,940fromrecombinanthumanCB1receptorexpressedinHEKcellsDisplacementof[3H]CP-55,940fromrecombinanthumanCB1receptorexpressedinHEKcells",ChEMBL,534,7.4,CCc1c(C(=O)NCc2ccc(Cl)c(Cl)c2)nn(-c2ccc(Cl)c(Cl)c2)c1-n1c(C)ccc1C,10.1016/j.ejmech.2011.09.037
67287,Human,7.3,pKi,7.3,Binding,"Displacementof[3H]CP-55,940fromrecombinanthumanCB1receptorexpressedinHEKcellsDisplacementof[3H]CP-55,940fromrecombinanthumanCB1receptorexpressedinHEKcells",ChEMBL,458,6.2,CCc1c(C(=O)NC2CCCCC2)nn(-c2ccc(Cl)c(Cl)c2)c1-n1c(C)ccc1C,10.1016/j.ejmech.2011.09.037
68764,Human,5.5,pKi,5.5,Binding,Displacementof[3H]CP-55940fromhumanrecombinantCB1receptorexpressedinHEKcellsDisplacementof[3H]CP-55940fromhumanrecombinantCB1receptorexpressedinHEKcells,ChEMBL,489,7.6,CCCCC/C=C\C/C=C\C/C=C\C/C=C\CCCC(=O)Nc1c(C)n(C)n(-c2ccccc2)c1=O,10.1016/j.bmc.2011.11.028
73328,Human,5.4,pKi,5.4,Binding,Displacementof[3H]-CP55940fromhumanrecombinantCB1receptorafter60minsDisplacementof[3H]-CP55940fromhumanrecombinantCB1receptorafter60mins,ChEMBL,414,3.4,CCc1c(C)cc(C(=O)NC2(C(=O)O)CCCCC2)c(=O)n1Cc1ccc(F)cc1,10.1016/j.bmcl.2012.02.072
74182,Human,7.4,pKi,7.4,Binding,Displacementof[3H]CP55940fromhumanCB1receptorexpressedinCHO-K1cellsDisplacementof[3H]CP55940fromhumanCB1receptorexpressedinCHO-K1cells,ChEMBL,504,5.5,CC(=O)N1CCC[C@H](NC(=O)c2nn(-c3ccc(Cl)cc3Cl)c(-c3ccc(Cl)cc3)c2C)C1,10.1021/jm201731z
74183,Human,7.1,pKi,7.1,Binding,Displacementof[3H]CP55940fromhumanCB1receptorexpressedinCHO-K1cellsDisplacementof[3H]CP55940fromhumanCB1receptorexpressedinCHO-K1cells,ChEMBL,540,5,Cc1c(C(=O)N[C@H]2CCCN(S(C)(=O)=O)C2)nn(-c2ccc(Cl)cc2Cl)c1-c1ccc(Cl)cc1,10.1021/jm201731z
74187,Human,6.6,pKi,6.6,Binding,Displacementof[3H]CP55940fromhumanCB1receptorexpressedinCHO-K1cellsDisplacementof[3H]CP55940fromhumanCB1receptorexpressedinCHO-K1cells,ChEMBL,547,6.1,CCCNC(=O)N1CCC[C@H](NC(=O)c2nn(-c3ccc(Cl)cc3Cl)c(-c3ccc(Cl)cc3)c2C)C1,10.1021/jm201731z
74188,Human,7.2,pKi,7.2,Binding,Displacementof[3H]CP55940fromhumanCB1receptorexpressedinCHO-K1cellsDisplacementof[3H]CP55940fromhumanCB1receptorexpressedinCHO-K1cells,ChEMBL,534,6.2,CCOC(=O)N1CCC[C@H](NC(=O)c2nn(-c3ccc(Cl)cc3Cl)c(-c3ccc(Cl)cc3)c2C)C1,10.1021/jm201731z
74189,Human,7.7,pKi,7.7,Binding,Displacementof[3H]CP55940fromhumanCB1receptorexpressedinCHO-K1cellsDisplacementof[3H]CP55940fromhumanCB1receptorexpressedinCHO-K1cells,ChEMBL,562,6.9,Cc1c(C(=O)N[C@@H]2CCCN(C(=O)OC(C)(C)C)C2)nn(-c2ccc(Cl)cc2Cl)c1-c1ccc(Cl)cc1,10.1021/jm201731z
74190,Human,7.9,pKi,7.9,Binding,Displacementof[3H]CP55940fromhumanCB1receptorexpressedinCHO-K1cellsDisplacementof[3H]CP55940fromhumanCB1receptorexpressedinCHO-K1cells,ChEMBL,540,5,Cc1c(C(=O)N[C@@H]2CCCN(S(C)(=O)=O)C2)nn(-c2ccc(Cl)cc2Cl)c1-c1ccc(Cl)cc1,10.1021/jm201731z
74191,Human,7.0,pKi,7.0,Binding,Displacementof[3H]CP55940fromhumanCB1receptorexpressedinCHO-K1cellsDisplacementof[3H]CP55940fromhumanCB1receptorexpressedinCHO-K1cells,ChEMBL,547,6.1,Cc1c(C(=O)N[C@@H]2CCCN(C(=O)NC(C)C)C2)nn(-c2ccc(Cl)cc2Cl)c1-c1ccc(Cl)cc1,10.1021/jm201731z
74192,Human,6.9,pKi,6.9,Binding,Displacementof[3H]CP55940fromhumanCB1receptorexpressedinCHO-K1cellsDisplacementof[3H]CP55940fromhumanCB1receptorexpressedinCHO-K1cells,ChEMBL,547,6.1,CCCNC(=O)N1CCC[C@@H](NC(=O)c2nn(-c3ccc(Cl)cc3Cl)c(-c3ccc(Cl)cc3)c2C)C1,10.1021/jm201731z
74193,Human,6.9,pKi,6.9,Binding,Displacementof[3H]CP55940fromhumanCB1receptorexpressedinCHO-K1cellsDisplacementof[3H]CP55940fromhumanCB1receptorexpressedinCHO-K1cells,ChEMBL,561,6.5,CCCCNC(=O)N1CCC[C@@H](NC(=O)c2nn(-c3ccc(Cl)cc3Cl)c(-c3ccc(Cl)cc3)c2C)C1,10.1021/jm201731z
74194,Human,7.8,pKi,7.8,Binding,Displacementof[3H]CP55940fromhumanCB1receptorexpressedinCHO-K1cellsDisplacementof[3H]CP55940fromhumanCB1receptorexpressedinCHO-K1cells,ChEMBL,534,6.2,CCOC(=O)N1CCC[C@@H](NC(=O)c2nn(-c3ccc(Cl)cc3Cl)c(-c3ccc(Cl)cc3)c2C)C1,10.1021/jm201731z
74158,Human,9.4,pKi,9.4,Binding,Displacementof[3H]SR141716fromhumanCB1receptorexpressedinCHO-K1cellsDisplacementof[3H]SR141716fromhumanCB1receptorexpressedinCHO-K1cells,ChEMBL,566,6.5,Cc1c(C(=O)N2CCC(C(N)=O)(c3ccccc3)CC2)nn(-c2ccc(Cl)cc2Cl)c1-c1ccc(Cl)cc1,10.1021/jm201731z
74159,Human,7.1,pKi,7.1,Binding,Displacementof[3H]CP55940fromhumanCB1receptorexpressedinCHO-K1cellsDisplacementof[3H]CP55940fromhumanCB1receptorexpressedinCHO-K1cells,ChEMBL,533,4.9,CCNC1(C(N)=O)CCN(C(=O)c2nn(-c3ccc(Cl)cc3Cl)c(-c3ccc(Cl)cc3)c2C)CC1,10.1021/jm201731z
74160,Human,7.4,pKi,7.4,Binding,Displacementof[3H]CP55940fromhumanCB1receptorexpressedinCHO-K1cellsDisplacementof[3H]CP55940fromhumanCB1receptorexpressedinCHO-K1cells,ChEMBL,638,8.5,Cc1c(C(=O)N2CCC(NC(=O)OC(C)(C)C)(c3ccccc3)CC2)nn(-c2ccc(Cl)cc2Cl)c1-c1ccc(Cl)cc1,10.1021/jm201731z
74161,Human,7.0,pKi,7.0,Binding,Displacementof[3H]CP55940fromhumanCB1receptorexpressedinCHO-K1cellsDisplacementof[3H]CP55940fromhumanCB1receptorexpressedinCHO-K1cells,ChEMBL,538,6.9,Cc1c(C(=O)N2CCC(N)(c3ccccc3)CC2)nn(-c2ccc(Cl)cc2Cl)c1-c1ccc(Cl)cc1,10.1021/jm201731z
74162,Human,7.2,pKi,7.2,Binding,Displacementof[3H]CP55940fromhumanCB1receptorexpressedinCHO-K1cellsDisplacementof[3H]CP55940fromhumanCB1receptorexpressedinCHO-K1cells,ChEMBL,580,7.1,CC(=O)NC1(c2ccccc2)CCN(C(=O)c2nn(-c3ccc(Cl)cc3Cl)c(-c3ccc(Cl)cc3)c2C)CC1,10.1021/jm201731z
73956,Human,8.1,pKi,8.1,Binding,Displacementof[3H]CP55940fromhumanCB1receptorexpressedinCHO-K1cellsDisplacementof[3H]CP55940fromhumanCB1receptorexpressedinCHO-K1cells,ChEMBL,616,6.5,Cc1c(C(=O)N2CCC(NS(C)(=O)=O)(c3ccccc3)CC2)nn(-c2ccc(Cl)cc2Cl)c1-c1ccc(Cl)cc1,10.1021/jm201731z
74163,Human,7.3,pKi,7.3,Binding,Displacementof[3H]CP55940fromhumanCB1receptorexpressedinCHO-K1cellsDisplacementof[3H]CP55940fromhumanCB1receptorexpressedinCHO-K1cells,ChEMBL,637,8,Cc1c(C(=O)N2CCC(NC(=O)NC(C)(C)C)(c3ccccc3)CC2)nn(-c2ccc(Cl)cc2Cl)c1-c1ccc(Cl)cc1,10.1021/jm201731z
74164,Human,7.4,pKi,7.4,Binding,Displacementof[3H]CP55940fromhumanCB1receptorexpressedinCHO-K1cellsDisplacementof[3H]CP55940fromhumanCB1receptorexpressedinCHO-K1cells,ChEMBL,671,8.4,Cc1c(C(=O)N2CCC(NC(=O)NCc3ccccc3)(c3ccccc3)CC2)nn(-c2ccc(Cl)cc2Cl)c1-c1ccc(Cl)cc1,10.1021/jm201731z
74165,Human,6.2,pKi,6.2,Binding,Displacementof[3H]CP55940fromhumanCB1receptorexpressedinCHO-K1cellsDisplacementof[3H]CP55940fromhumanCB1receptorexpressedinCHO-K1cells,ChEMBL,675,8.9,Cc1c(C(=O)N2CCC(NC(=O)Nc3ccc(F)cc3)(c3ccccc3)CC2)nn(-c2ccc(Cl)cc2Cl)c1-c1ccc(Cl)cc1,10.1021/jm201731z
74166,Human,5.8,pKi,5.8,Binding,Displacementof[3H]CP55940fromhumanCB1receptorexpressedinCHO-K1cellsDisplacementof[3H]CP55940fromhumanCB1receptorexpressedinCHO-K1cells,ChEMBL,700,8.8,Cc1c(C(=O)N2CCC(NC(=O)Nc3ccc(N(C)C)cc3)(c3ccccc3)CC2)nn(-c2ccc(Cl)cc2Cl)c1-c1ccc(Cl)cc1,10.1021/jm201731z
74167,Human,7.4,pKi,7.4,Binding,Displacementof[3H]CP55940fromhumanCB1receptorexpressedinCHO-K1cellsDisplacementof[3H]CP55940fromhumanCB1receptorexpressedinCHO-K1cells,ChEMBL,665,8.8,CCCCCCNC(=O)NC1(c2ccccc2)CCN(C(=O)c2nn(-c3ccc(Cl)cc3Cl)c(-c3ccc(Cl)cc3)c2C)CC1,10.1021/jm201731z
74168,Human,7.9,pKi,7.9,Binding,Displacementof[3H]CP55940fromhumanCB1receptorexpressedinCHO-K1cellsDisplacementof[3H]CP55940fromhumanCB1receptorexpressedinCHO-K1cells,ChEMBL,623,7.6,Cc1c(C(=O)N2CCC(NC(=O)NC(C)C)(c3ccccc3)CC2)nn(-c2ccc(Cl)cc2Cl)c1-c1ccc(Cl)cc1,10.1021/jm201731z
74169,Human,7.8,pKi,7.8,Binding,Displacementof[3H]CP55940fromhumanCB1receptorexpressedinCHO-K1cellsDisplacementof[3H]CP55940fromhumanCB1receptorexpressedinCHO-K1cells,ChEMBL,609,7.3,CCNC(=O)NC1(c2ccccc2)CCN(C(=O)c2nn(-c3ccc(Cl)cc3Cl)c(-c3ccc(Cl)cc3)c2C)CC1,10.1021/jm201731z
74170,Human,8.1,pKi,8.1,Binding,Displacementof[3H]CP55940fromhumanCB1receptorexpressedinCHO-K1cellsDisplacementof[3H]CP55940fromhumanCB1receptorexpressedinCHO-K1cells,ChEMBL,623,7.6,CCCNC(=O)NC1(c2ccccc2)CCN(C(=O)c2nn(-c3ccc(Cl)cc3Cl)c(-c3ccc(Cl)cc3)c2C)CC1,10.1021/jm201731z
74171,Human,6.1,pKi,6.1,Binding,Displacementof[3H]CP55940fromhumanCB1receptorexpressedinCHO-K1cellsDisplacementof[3H]CP55940fromhumanCB1receptorexpressedinCHO-K1cells,ChEMBL,663,8.6,Cc1c(C(=O)N2CCC(NC(=O)NC3CCCCC3)(c3ccccc3)CC2)nn(-c2ccc(Cl)cc2Cl)c1-c1ccc(Cl)cc1,10.1021/jm201731z
74172,Human,7.8,pKi,7.8,Binding,Displacementof[3H]CP55940fromhumanCB1receptorexpressedinCHO-K1cellsDisplacementof[3H]CP55940fromhumanCB1receptorexpressedinCHO-K1cells,ChEMBL,637,8,CCCCNC(=O)NC1(c2ccccc2)CCN(C(=O)c2nn(-c3ccc(Cl)cc3Cl)c(-c3ccc(Cl)cc3)c2C)CC1,10.1021/jm201731z
74173,Human,8.5,pKi,8.5,Binding,Displacementof[3H]CP55940fromhumanCB1receptorexpressedinCHO-K1cellsDisplacementof[3H]CP55940fromhumanCB1receptorexpressedinCHO-K1cells,ChEMBL,562,6.9,Cc1c(C(=O)NC2CCN(C(=O)OC(C)(C)C)CC2)nn(-c2ccc(Cl)cc2Cl)c1-c1ccc(Cl)cc1,10.1021/jm201731z
74174,Human,7.2,pKi,7.2,Binding,Displacementof[3H]CP55940fromhumanCB1receptorexpressedinCHO-K1cellsDisplacementof[3H]CP55940fromhumanCB1receptorexpressedinCHO-K1cells,ChEMBL,504,5.5,CC(=O)N1CCC(NC(=O)c2nn(-c3ccc(Cl)cc3Cl)c(-c3ccc(Cl)cc3)c2C)CC1,10.1021/jm201731z
74175,Human,7.8,pKi,7.8,Binding,Displacementof[3H]CP55940fromhumanCB1receptorexpressedinCHO-K1cellsDisplacementof[3H]CP55940fromhumanCB1receptorexpressedinCHO-K1cells,ChEMBL,561,6.5,Cc1c(C(=O)NC2CCN(C(=O)NC(C)(C)C)CC2)nn(-c2ccc(Cl)cc2Cl)c1-c1ccc(Cl)cc1,10.1021/jm201731z
74177,Human,6.8,pKi,6.8,Binding,Displacementof[3H]CP55940fromhumanCB1receptorexpressedinCHO-K1cellsDisplacementof[3H]CP55940fromhumanCB1receptorexpressedinCHO-K1cells,ChEMBL,533,5.7,CCNC(=O)N1CCC(NC(=O)c2nn(-c3ccc(Cl)cc3Cl)c(-c3ccc(Cl)cc3)c2C)CC1,10.1021/jm201731z
74178,Human,7.1,pKi,7.1,Binding,Displacementof[3H]CP55940fromhumanCB1receptorexpressedinCHO-K1cellsDisplacementof[3H]CP55940fromhumanCB1receptorexpressedinCHO-K1cells,ChEMBL,547,6.1,Cc1c(C(=O)NC2CCN(C(=O)NC(C)C)CC2)nn(-c2ccc(Cl)cc2Cl)c1-c1ccc(Cl)cc1,10.1021/jm201731z
74179,Human,6.7,pKi,6.7,Binding,Displacementof[3H]CP55940fromhumanCB1receptorexpressedinCHO-K1cellsDisplacementof[3H]CP55940fromhumanCB1receptorexpressedinCHO-K1cells,ChEMBL,547,6.1,CCCNC(=O)N1CCC(NC(=O)c2nn(-c3ccc(Cl)cc3Cl)c(-c3ccc(Cl)cc3)c2C)CC1,10.1021/jm201731z
74180,Human,6.7,pKi,6.7,Binding,Displacementof[3H]CP55940fromhumanCB1receptorexpressedinCHO-K1cellsDisplacementof[3H]CP55940fromhumanCB1receptorexpressedinCHO-K1cells,ChEMBL,561,6.5,CCCCNC(=O)N1CCC(NC(=O)c2nn(-c3ccc(Cl)cc3Cl)c(-c3ccc(Cl)cc3)c2C)CC1,10.1021/jm201731z
74181,Human,8.0,pKi,8.0,Binding,Displacementof[3H]CP55940fromhumanCB1receptorexpressedinCHO-K1cellsDisplacementof[3H]CP55940fromhumanCB1receptorexpressedinCHO-K1cells,ChEMBL,534,6.2,CCOC(=O)N1CCC(NC(=O)c2nn(-c3ccc(Cl)cc3Cl)c(-c3ccc(Cl)cc3)c2C)CC1,10.1021/jm201731z
83305,Human,6.9,pKi,6.9,Binding,Displacementof[3H]CP55940fromhumanCB1receptorexpressedinHEK293cellsafter1hrbyliquidscintillationspectrophotometryDisplacementof[3H]CP55940fromhumanCB1receptorexpressedinHEK293cellsafter1hrbyliquidscintillationspectrophotometry,ChEMBL,439,6,CCCn1cc(C(=O)c2ccc(I)c3ccccc23)c2ccccc21,10.1016/j.bmc.2012.01.038
83306,Human,6.3,pKi,6.3,Binding,Displacementof[3H]CP55940fromhumanCB1receptorexpressedinHEK293cellsafter1hrbyliquidscintillationspectrophotometryDisplacementof[3H]CP55940fromhumanCB1receptorexpressedinHEK293cellsafter1hrbyliquidscintillationspectrophotometry,ChEMBL,453,6.3,CCCn1c(C)c(C(=O)c2ccc(I)c3ccccc23)c2ccccc21,10.1016/j.bmc.2012.01.038
83321,Human,6.3,pKi,6.3,Binding,Displacementof[3H]CP55940fromhumanCB1receptorexpressedinHEK293cellsafter1hrbyliquidscintillationspectrophotometryDisplacementof[3H]CP55940fromhumanCB1receptorexpressedinHEK293cellsafter1hrbyliquidscintillationspectrophotometry,ChEMBL,481,7.1,CCCCCn1c(C)c(C(=O)c2cccc3cccc(I)c23)c2ccccc21,10.1016/j.bmc.2012.01.038
73668,Human,6.2,pKi,6.2,Binding,Displacementof[3H]CP55940fromhumanCB1receptormembranefractionsDisplacementof[3H]CP55940fromhumanCB1receptormembranefractions,ChEMBL,471,4.8,O=C(O)CCc1csc(NC(=O)c2cc3c(n(CC4CCCCC4)c2=O)CCCCCC3)n1,10.1016/j.bmcl.2012.02.050
70078,Human,8.5,pKi,8.5,Binding,"Displacementof[3H]-CP55,940fromhumanCB1receptorexpressedinHEK293cellsDisplacementof[3H]-CP55,940fromhumanCB1receptorexpressedinHEK293cells",ChEMBL,524,5.9,CCOc1ccc(Cc2nc3cc(N(C)S(=O)(=O)c4cccs4)ccc3n2CC2CCCCC2)nc1,10.1016/j.bmcl.2011.12.124
70100,Human,6.8,pKi,6.8,Binding,"Displacementof[3H]-CP55,940fromhumanCB1receptorexpressedinHEK293cellsDisplacementof[3H]-CP55,940fromhumanCB1receptorexpressedinHEK293cells",ChEMBL,487,3.6,CC1CCN(C(=O)c2ccc3c(c2)c2c(n3S(=O)(=O)C(C)C)CCN(C3CCOCC3)C2)CC1,10.1016/j.bmcl.2011.12.124
68536,Human,7.2,pKi,7.2,Binding,Displacementof[3H]CP55940fromhumanCB1receptorexpressedinhumanHEK293cellsDisplacementof[3H]CP55940fromhumanCB1receptorexpressedinhumanHEK293cells,ChEMBL,452,5.3,CCCCCCc1ccc(O)cc1OCCCCCCCCCCC(=O)OC(CO)CO,10.1021/jm200529h
70119,Human,7.1,pKi,7.1,Binding,"Displacementof[3H]-CP55,940fromhumanCB1receptorexpressedinHEK293cellsDisplacementof[3H]-CP55,940fromhumanCB1receptorexpressedinHEK293cells",ChEMBL,395,3.6,CC1CCN(C(=O)c2ccc3c(c2)c2c(n3C)CCN(C3CCOCC3)C2)CC1,10.1016/j.bmcl.2011.12.124
70095,Human,7.7,pKi,7.7,Binding,"Displacementof[3H]-CP55,940fromhumanCB1receptorexpressedinHEK293cellsDisplacementof[3H]-CP55,940fromhumanCB1receptorexpressedinHEK293cells",ChEMBL,471,4.4,CCCS(=O)(=O)n1c2c(c3cc(C(=O)N4CCC(C)CC4)ccc31)CN(C1CCCC1)CC2,10.1016/j.bmcl.2011.12.124
70116,Human,6.2,pKi,6.2,Binding,"Displacementof[3H]-CP55,940fromhumanCB1receptorexpressedinHEK293cellsDisplacementof[3H]-CP55,940fromhumanCB1receptorexpressedinHEK293cells",ChEMBL,511,2.9,CC1CCN(C(=O)c2ccc3c(c2)c2c(n3S(=O)(=O)n3ccnc3)CCN(C3CCOCC3)C2)CC1,10.1016/j.bmcl.2011.12.124
70090,Human,6.6,pKi,6.6,Binding,"Displacementof[3H]-CP55,940fromhumanCB1receptorexpressedinHEK293cellsDisplacementof[3H]-CP55,940fromhumanCB1receptorexpressedinHEK293cells",ChEMBL,365,4.3,CC1CCN(C(=O)c2ccc3[nH]c4c(c3c2)CN(C2CCCC2)CC4)CC1,10.1016/j.bmcl.2011.12.124
70091,Human,7.5,pKi,7.5,Binding,"Displacementof[3H]-CP55,940fromhumanCB1receptorexpressedinHEK293cellsDisplacementof[3H]-CP55,940fromhumanCB1receptorexpressedinHEK293cells",ChEMBL,379,4.4,CC1CCN(C(=O)c2ccc3c(c2)c2c(n3C)CCN(C3CCCC3)C2)CC1,10.1016/j.bmcl.2011.12.124
70092,Human,7.5,pKi,7.5,Binding,"Displacementof[3H]-CP55,940fromhumanCB1receptorexpressedinHEK293cellsDisplacementof[3H]-CP55,940fromhumanCB1receptorexpressedinHEK293cells",ChEMBL,393,4.8,CCn1c2c(c3cc(C(=O)N4CCC(C)CC4)ccc31)CN(C1CCCC1)CC2,10.1016/j.bmcl.2011.12.124
70102,Human,7.7,pKi,7.7,Binding,"Displacementof[3H]-CP55,940fromhumanCB1receptorexpressedinHEK293cellsDisplacementof[3H]-CP55,940fromhumanCB1receptorexpressedinHEK293cells",ChEMBL,472,3.5,CC1CCN(C(=O)c2ccc3c(c2)c2c(n3S(=O)(=O)N(C)C)CCN(C3CCCC3)C2)CC1,10.1016/j.bmcl.2011.12.124
70512,Human,8.8,pKi,8.8,Binding,Displacementof[3H]SR141716AfromhumanCB1receptorDisplacementof[3H]SR141716AfromhumanCB1receptor,ChEMBL,455,5.4,CN(Cc1ccccc1)C(=O)N1CC(O[C@H](c2ccc(Cl)cc2)c2cccnc2Cl)C1,10.1016/j.bmcl.2011.12.032
70513,Human,6.6,pKi,6.6,Binding,Displacementof[3H]SR141716AfromhumanCB1receptorDisplacementof[3H]SR141716AfromhumanCB1receptor,ChEMBL,455,5.4,CN(Cc1ccccc1)C(=O)N1CC(O[C@@H](c2ccc(Cl)cc2)c2cccnc2Cl)C1,10.1016/j.bmcl.2011.12.032
70115,Human,6.4,pKi,6.4,Binding,"Displacementof[3H]-CP55,940fromhumanCB1receptorexpressedinHEK293cellsDisplacementof[3H]-CP55,940fromhumanCB1receptorexpressedinHEK293cells",ChEMBL,488,2.8,CCNS(=O)(=O)n1c2c(c3cc(C(=O)N4CCC(C)CC4)ccc31)CN(C1CCOCC1)CC2,10.1016/j.bmcl.2011.12.124
70093,Human,7.0,pKi,7.0,Binding,"Displacementof[3H]-CP55,940fromhumanCB1receptorexpressedinHEK293cellsDisplacementof[3H]-CP55,940fromhumanCB1receptorexpressedinHEK293cells",ChEMBL,451,4.5,CCCC(=O)n1c2c(c3cc(C(=O)N4CCC(C)CC4)ccc31)CN(C1CCOCC1)CC2,10.1016/j.bmcl.2011.12.124
70101,Human,7.5,pKi,7.5,Binding,"Displacementof[3H]-CP55,940fromhumanCB1receptorexpressedinHEK293cellsDisplacementof[3H]-CP55,940fromhumanCB1receptorexpressedinHEK293cells",ChEMBL,521,4.3,CC1CCN(C(=O)c2ccc3c(c2)c2c(n3S(=O)(=O)c3ccccc3)CCN(C3CCOCC3)C2)CC1,10.1016/j.bmcl.2011.12.124
70103,Human,7.0,pKi,7.0,Binding,"Displacementof[3H]-CP55,940fromhumanCB1receptorexpressedinHEK293cellsDisplacementof[3H]-CP55,940fromhumanCB1receptorexpressedinHEK293cells",ChEMBL,488,2.7,CC1CCN(C(=O)c2ccc3c(c2)c2c(n3S(=O)(=O)N(C)C)CCN(C3CCOCC3)C2)CC1,10.1016/j.bmcl.2011.12.124
70104,Human,5.6,pKi,5.6,Binding,"Displacementof[3H]-CP55,940fromhumanCB1receptorexpressedinHEK293cellsDisplacementof[3H]-CP55,940fromhumanCB1receptorexpressedinHEK293cells",ChEMBL,452,3.6,CC1CCN(C(=O)c2ccc3c(c2)c2c(n3C(=O)N(C)C)CCN(C3CCOCC3)C2)CC1,10.1016/j.bmcl.2011.12.124
70118,Human,6.7,pKi,6.7,Binding,"Displacementof[3H]-CP55,940fromhumanCB1receptorexpressedinHEK293cellsDisplacementof[3H]-CP55,940fromhumanCB1receptorexpressedinHEK293cells",ChEMBL,459,2.9,CCS(=O)(=O)n1c2c(c3cc(C(=O)N4CCC(C)CC4)ccc31)CN(C1CCOC1)CC2,10.1016/j.bmcl.2011.12.124
70120,Human,6.7,pKi,6.7,Binding,"Displacementof[3H]-CP55,940fromhumanCB1receptorexpressedinHEK293cellsDisplacementof[3H]-CP55,940fromhumanCB1receptorexpressedinHEK293cells",ChEMBL,381,3.3,Cn1c2c(c3cc(C(=O)N4CCCCC4)ccc31)CN(C1CCOCC1)CC2,10.1016/j.bmcl.2011.12.124
68535,Human,6.1,pKi,6.1,Binding,Displacementof[3H]CP55940fromhumanCB1receptorexpressedinhumanHEK293cellsDisplacementof[3H]CP55940fromhumanCB1receptorexpressedinhumanHEK293cells,ChEMBL,410,4.1,CCCCCCc1ccc(O)cc1OCCCCCCCC(=O)OC(CO)CO,10.1021/jm200529h
156405,Human,8.9,pKi,8.9,Binding,Displacementof[3H]CP55940fromrecombinanthumanCB1receptorexpressedinbeta-galactosidaseexpressingCHOK1cellmembranesafter60minsbyscintillationspectrometryDisplacementof[3H]CP55940fromrecombinanthumanCB1receptorexpressedinbeta-galactosidaseexpressingCHOK1cellmembranesafter60minsbyscintillationspectrometry,ChEMBL,540,6.6,Cc1c(C(=O)NN2CCCCC2)nc(-c2ccc(Cl)cc2Cl)n1-c1ccc(OCCC(F)(F)F)cc1,10.1021/acs.jmedchem.7b00861
170046,Human,7.9,pKi,7.9,Binding,AgonistactivityathumanCB1receptorAgonistactivityathumanCB1receptor,ChEMBL,399,4.5,CC(C)(C)c1nc2cc(NS(C)(=O)=O)ccc2n1CC1CCC(F)(F)CC1,10.1039/C8MD00595H
83328,Human,8.6,pKi,8.6,Binding,Displacementof[3H]CP55940fromhumanCB1receptorexpressedinHEK293cellsafter1hrbyliquidscintillationspectrophotometryDisplacementof[3H]CP55940fromhumanCB1receptorexpressedinHEK293cellsafter1hrbyliquidscintillationspectrophotometry,ChEMBL,375,6.9,CCCCCn1cc(C(=O)c2ccc(Cl)c3ccccc23)c2ccccc21,10.1016/j.bmc.2012.01.038
83316,Human,7.7,pKi,7.7,Binding,Displacementof[3H]CP55940fromhumanCB1receptorexpressedinHEK293cellsafter1hrbyliquidscintillationspectrophotometryDisplacementof[3H]CP55940fromhumanCB1receptorexpressedinHEK293cellsafter1hrbyliquidscintillationspectrophotometry,ChEMBL,419,7,CCCCCn1cc(C(=O)c2cccc3cccc(Br)c23)c2ccccc21,10.1016/j.bmc.2012.01.038
73021,Human,7.5,pKi,7.5,Binding,"Displacementof[3H]CP55,940fromhumanCB1receptorexpressedininsectsf9membranesDisplacementof[3H]CP55,940fromhumanCB1receptorexpressedininsectsf9membranes",ChEMBL,565,3,O=C(NCCO)[C@H]1CCCN(Cc2nc(-c3cn(CC4CCS(=O)(=O)CC4)c4c(Cl)cccc34)ns2)C1,10.1016/j.bmcl.2012.02.048
73999,Human,7.5,pKi,7.5,Binding,Displacementof[3H]CP55940fromhumanCB1receptorexpressedinHEK293cellsDisplacementof[3H]CP55940fromhumanCB1receptorexpressedinHEK293cells,ChEMBL,425,3.3,CNC(=O)CCCN(C)C(=O)c1ccc2c(c1)c1c(n2C)CC[C@@H](C2CCOCC2)C1,10.1016/j.bmcl.2012.04.128
73997,Human,8.4,pKi,8.4,Binding,Displacementof[3H]CP55940fromhumanCB1receptorexpressedinHEK293cellsDisplacementof[3H]CP55940fromhumanCB1receptorexpressedinHEK293cells,ChEMBL,437,3.5,CCN(CC(=O)NC1CC1)C(=O)c1ccc2c(c1)c1c(n2C)CC[C@@H](C2CCOCC2)C1,10.1016/j.bmcl.2012.04.128
74000,Human,6.2,pKi,6.2,Binding,Displacementof[3H]CP55940fromhumanCB1receptorexpressedinHEK293cellsDisplacementof[3H]CP55940fromhumanCB1receptorexpressedinHEK293cells,ChEMBL,425,3.3,CNC(=O)CCCN(C)C(=O)c1ccc2c(c1)c1c(n2C)CC[C@H](C2CCOCC2)C1,10.1016/j.bmcl.2012.04.128
73998,Human,7.8,pKi,7.8,Binding,Displacementof[3H]CP55940fromhumanCB1receptorexpressedinHEK293cellsDisplacementof[3H]CP55940fromhumanCB1receptorexpressedinHEK293cells,ChEMBL,437,3.5,CCN(CC(=O)NC1CC1)C(=O)c1ccc2c(c1)c1c(n2C)CC[C@H](C2CCOCC2)C1,10.1016/j.bmcl.2012.04.128
188663,Human,6.0,pKi,6.0,Binding,Displacementof[3H]rimonabantfromhumanCB1receptorexpressedinHEK293cellsbyliquidscintillationcountingDisplacementof[3H]rimonabantfromhumanCB1receptorexpressedinHEK293cellsbyliquidscintillationcounting,ChEMBL,500,5.1,CS/C(=N\S(=O)(=O)c1ccc(-n2nc(C(F)(F)F)cc2-c2cccs2)cc1)N1CCCC1,10.1016/j.bmcl.2009.05.114
87155,Human,8.2,pKi,8.2,Binding,BindingaffinitytoCB1receptor(unknownorigin)BindingaffinitytoCB1receptor(unknownorigin),ChEMBL,408,3.1,O=C(NC12CC3CC(CC(C3)C1)C2)c1nn(CCN2CCOCC2)c2ccccc12,10.1016/j.bmcl.2013.01.044
110076,Human,6.7,pKi,6.7,Binding,BindingaffinitytohumanCB1receptorexpressedinCHOcellsbyradioliganddisplacementbasedscintillationcountinganalysisBindingaffinitytohumanCB1receptorexpressedinCHOcellsbyradioliganddisplacementbasedscintillationcountinganalysis,ChEMBL,468,3.5,Cn1nc2c(-c3ccncc3)c(-c3ccc(Cl)cc3)c(=O)n(Cc3ccc(C#N)cc3)n2c1=O,10.1021/jm4010835
73522,Human,6.3,pKi,6.3,Binding,Displacementof[3H]CP55940fromrecombinanthumanCB1receptorexpressedinhumanHEK293cellmembraneafter90minsDisplacementof[3H]CP55940fromrecombinanthumanCB1receptorexpressedinhumanHEK293cellmembraneafter90mins,ChEMBL,377,3.2,O=C(NC1CCCCC1)c1c(O)c2cccnc2n(Cc2ccccc2)c1=O,10.1016/j.ejmech.2012.03.031
73256,Human,5.9,pKi,5.9,Binding,Displacementof[3H]CP55940fromhumanCB1receptormembranefractionsDisplacementof[3H]CP55940fromhumanCB1receptormembranefractions,ChEMBL,402,3.7,CC(C)(NC(=O)c1cc2c(n(CC3CCCCC3)c1=O)CCCCCC2)C(=O)O,10.1016/j.bmcl.2012.02.050
73614,Human,7.2,pKi,7.2,Binding,Displacementof[3H]CP55940fromhumanCB1receptormembranefractionsDisplacementof[3H]CP55940fromhumanCB1receptormembranefractions,ChEMBL,450,4.6,O=C(N[C@@H](C(=O)O)c1ccccc1)c1cc2c(n(CC3CCCCC3)c1=O)CCCCCC2,10.1016/j.bmcl.2012.02.050
89795,Human,6.2,pKi,6.2,Binding,"Displacementof[3H]-CP-55,940fromhumanCB1receptorexpressedinCHOcellmembranesDisplacementof[3H]-CP-55,940fromhumanCB1receptorexpressedinCHOcellmembranes",ChEMBL,318,3.4,CCCCn1c2c(cc(C(=O)NC(C)C)c1=O)CCCCCC2,10.1016/j.bmc.2013.03.030
73317,Human,6.0,pKi,6.0,Binding,Displacementof[3H]-CP55940fromhumanrecombinantCB1receptorafter60minsDisplacementof[3H]-CP55940fromhumanrecombinantCB1receptorafter60mins,ChEMBL,374,2.9,O=C(O)CNC(=O)c1cc2c(n(CC3CCCCC3)c1=O)CCCCCC2,10.1016/j.bmcl.2012.02.072
73271,Human,7.5,pKi,7.5,Binding,Displacementof[3H]-CP55940fromrecombinanthumanCB1receptorbyscatchardplotanalysisDisplacementof[3H]-CP55940fromrecombinanthumanCB1receptorbyscatchardplotanalysis,ChEMBL,494,2.2,CC(C)(NC(=O)c1cc2c(n(CC3CCCCC3)c1=O)CCCCCC2)C(=O)NNS(C)(=O)=O,10.1016/j.bmcl.2012.02.054
89788,Human,6.1,pKi,6.1,Binding,"Displacementof[3H]-CP-55,940fromhumanCB1receptorexpressedinCHOcellmembranesDisplacementof[3H]-CP-55,940fromhumanCB1receptorexpressedinCHOcellmembranes",ChEMBL,366,4.2,CCCCn1c2c(cc(C(=O)NCc3ccccc3)c1=O)CCCCCC2,10.1016/j.bmc.2013.03.030
73270,Human,7.5,pKi,7.5,Binding,Displacementof[3H]-CP55940fromrecombinanthumanCB1receptorbyscatchardplotanalysisDisplacementof[3H]-CP55940fromrecombinanthumanCB1receptorbyscatchardplotanalysis,ChEMBL,416,2.6,CC(C)(NC(=O)c1cc2c(n(CC3CCCCC3)c1=O)CCCCCC2)C(=O)NN,10.1016/j.bmcl.2012.02.054
73257,Human,8.5,pKi,8.5,Binding,Displacementof[3H]-CP55940fromrecombinanthumanCB1receptorbyscatchardplotanalysisDisplacementof[3H]-CP55940fromrecombinanthumanCB1receptorbyscatchardplotanalysis,ChEMBL,459,3,CN(CCO)C(=O)C(C)(C)NC(=O)c1cc2c(n(CC3CCCCC3)c1=O)CCCCCC2,10.1016/j.bmcl.2012.02.054
85178,Human,7.3,pKi,7.3,Binding,AntagonistactivityatCB1receptor(unknownorigin)AntagonistactivityatCB1receptor(unknownorigin),ChEMBL,506,6.9,Cc1c(NC(=O)N2CCCCC2)nn(-c2ccc(Cl)cc2Cl)c1-c1ccc(Br)cc1,10.1007/s00044-012-0418-y
85180,Human,8.2,pKi,8.2,Binding,AntagonistactivityatCB1receptor(unknownorigin)AntagonistactivityatCB1receptor(unknownorigin),ChEMBL,521,6.2,O=C(NC1CCCCC1)c1nn(-c2ccc(Cl)cc2Cl)c(-c2ccc(Br)cc2)c1CO,10.1007/s00044-012-0418-y
73517,Human,7.2,pKi,7.2,Binding,Displacementof[3H]CP55940fromrecombinanthumanCB1receptorexpressedinhumanHEK293cellmembraneafter90minsDisplacementof[3H]CP55940fromrecombinanthumanCB1receptorexpressedinhumanHEK293cellmembraneafter90mins,ChEMBL,360,4.1,O=C(NC1CCCCC1)c1cc2ccccc2n(Cc2ccccc2)c1=O,10.1016/j.ejmech.2012.03.031
73518,Human,7.8,pKi,7.8,Binding,Displacementof[3H]CP55940fromrecombinanthumanCB1receptorexpressedinhumanHEK293cellmembraneafter90minsDisplacementof[3H]CP55940fromrecombinanthumanCB1receptorexpressedinhumanHEK293cellmembraneafter90mins,ChEMBL,378,4.3,O=C(NC1CCCCC1)c1cc2ccccc2n(Cc2ccc(F)cc2)c1=O,10.1016/j.ejmech.2012.03.031
73519,Human,6.5,pKi,6.5,Binding,Displacementof[3H]CP55940fromrecombinanthumanCB1receptorexpressedinhumanHEK293cellmembraneafter90minsDisplacementof[3H]CP55940fromrecombinanthumanCB1receptorexpressedinhumanHEK293cellmembraneafter90mins,ChEMBL,383,2.4,O=C(NC1CCCCC1)c1cc2ccccc2n(CCN2CCOCC2)c1=O,10.1016/j.ejmech.2012.03.031
73521,Human,6.7,pKi,6.7,Binding,Displacementof[3H]CP55940fromrecombinanthumanCB1receptorexpressedinhumanHEK293cellmembraneafter90minsDisplacementof[3H]CP55940fromrecombinanthumanCB1receptorexpressedinhumanHEK293cellmembraneafter90mins,ChEMBL,397,2.8,O=C(NC1CCCCCC1)c1cc2ccccc2n(CCN2CCOCC2)c1=O,10.1016/j.ejmech.2012.03.031
73566,Human,5.9,pKi,5.9,Binding,Displacementof[3H]CP55940fromrecombinanthumanCB1receptorexpressedinhumanHEK293cellmembraneafter90minsDisplacementof[3H]CP55940fromrecombinanthumanCB1receptorexpressedinhumanHEK293cellmembraneafter90mins,ChEMBL,378,5,O=C(NC1CCCCC1)c1cc2ccccc2nc1OCc1ccc(F)cc1,10.1016/j.ejmech.2012.03.031
73559,Human,7.2,pKi,7.2,Binding,Displacementof[3H]CP55940fromrecombinanthumanCB1receptorexpressedinhumanHEK293cellmembraneafter90minsDisplacementof[3H]CP55940fromrecombinanthumanCB1receptorexpressedinhumanHEK293cellmembraneafter90mins,ChEMBL,400,1.5,O=C(NC1CCCCC1)c1c(O)c2cccnc2n(CCN2CCOCC2)c1=O,10.1016/j.ejmech.2012.03.031
73560,Human,6.6,pKi,6.6,Binding,Displacementof[3H]CP55940fromrecombinanthumanCB1receptorexpressedinhumanHEK293cellmembraneafter90minsDisplacementof[3H]CP55940fromrecombinanthumanCB1receptorexpressedinhumanHEK293cellmembraneafter90mins,ChEMBL,414,1.9,O=C(NC1CCCCCC1)c1c(O)c2cccnc2n(CCN2CCOCC2)c1=O,10.1016/j.ejmech.2012.03.031
73562,Human,7.2,pKi,7.2,Binding,Displacementof[3H]CP55940fromrecombinanthumanCB1receptorexpressedinhumanHEK293cellmembraneafter90minsDisplacementof[3H]CP55940fromrecombinanthumanCB1receptorexpressedinhumanHEK293cellmembraneafter90mins,ChEMBL,328,3.1,O=C(NC1CCCCC1)c1cccn(Cc2ccc(F)cc2)c1=O,10.1016/j.ejmech.2012.03.031
73564,Human,7.4,pKi,7.4,Binding,"Displacementof[3H]CP55,940fromhumanrecombinantCB1receptorexpressedinHEK293cellmembranesafter90minsDisplacementof[3H]CP55,940fromhumanrecombinantCB1receptorexpressedinHEK293cellmembranesafter90mins",ChEMBL,342,3.5,O=C(NC1CCCCCC1)c1cccn(Cc2ccc(F)cc2)c1=O,10.1016/j.ejmech.2013.10.070
73565,Human,6.0,pKi,6.0,Binding,Displacementof[3H]CP55940fromrecombinanthumanCB1receptorexpressedinhumanHEK293cellmembraneafter90minsDisplacementof[3H]CP55940fromrecombinanthumanCB1receptorexpressedinhumanHEK293cellmembraneafter90mins,ChEMBL,347,1.6,O=C(NC1CCCCCC1)c1cccn(CCN2CCOCC2)c1=O,10.1016/j.ejmech.2012.03.031
73568,Human,5.7,pKi,5.7,Binding,Displacementof[3H]CP55940fromrecombinanthumanCB1receptorexpressedinhumanHEK293cellmembraneafter90minsDisplacementof[3H]CP55940fromrecombinanthumanCB1receptorexpressedinhumanHEK293cellmembraneafter90mins,ChEMBL,328,3.9,O=C(NC1CCCCC1)c1cccnc1OCc1ccc(F)cc1,10.1016/j.ejmech.2012.03.031
73569,Human,7.0,pKi,7.0,Binding,Displacementof[3H]CP55940fromrecombinanthumanCB1receptorexpressedinhumanHEK293cellmembraneafter90minsDisplacementof[3H]CP55940fromrecombinanthumanCB1receptorexpressedinhumanHEK293cellmembraneafter90mins,ChEMBL,342,4.3,O=C(NC1CCCCCC1)c1cccnc1OCc1ccc(F)cc1,10.1016/j.ejmech.2012.03.031
102890,Human,6.5,pKi,6.5,Binding,Displacementof[3H]CP55940fromhumancannabinoidCB1receptorexpressedinHEK293EBNAcellsafter90minsbyliquidscintillationcountingDisplacementof[3H]CP55940fromhumancannabinoidCB1receptorexpressedinHEK293EBNAcellsafter90minsbyliquidscintillationcounting,ChEMBL,356,4.5,CCCCCCC(C)(C)C1=CC(=O)C2=C(OC(C)(C)c3c[nH]nc32)C1=O,10.1016/j.ejmech.2013.09.043
110082,Human,8.4,pKi,8.4,Binding,BindingaffinitytohumanCB1receptorexpressedinCHOcellsbyradioliganddisplacementbasedscintillationcountinganalysisBindingaffinitytohumanCB1receptorexpressedinCHOcellsbyradioliganddisplacementbasedscintillationcountinganalysis,ChEMBL,540,4.8,CCn1nc2c(-c3ccc(Cl)cc3)c(-c3ccncc3)c(=O)n(Cc3ccc(C(F)(F)F)nc3C)n2c1=O,10.1021/jm4010835
76025,Human,8.8,pKi,8.8,Binding,Displacementof[3H]SR141716AformhumanCB1receptorexpressedinHEK293cellsafter60minsbybetacountingDisplacementof[3H]SR141716AformhumanCB1receptorexpressedinHEK293cellsafter60minsbybetacounting,ChEMBL,469,4.9,O=C(NC1CCCOc2c1nn(-c1ccccc1Cl)c2-c1ccc(Cl)cc1)c1cnon1,10.1021/ml3000325
76027,Human,9.3,pKi,9.3,Binding,Displacementof[3H]SR141716AformhumanCB1receptorexpressedinHEK293cellsafter60minsbybetacountingDisplacementof[3H]SR141716AformhumanCB1receptorexpressedinHEK293cellsafter60minsbybetacounting,ChEMBL,493,4.2,CS(=O)(=O)CC(=O)NC1CCCOc2c1nn(-c1ccccc1Cl)c2-c1ccc(Cl)cc1,10.1021/ml3000325
76889,Human,6.3,pKi,6.3,Binding,"Displacementof[3H]CP-55,940fromhumanrecombinantCB1receptortransfectedinHEKcellsDisplacementof[3H]CP-55,940fromhumanrecombinantCB1receptortransfectedinHEKcells",ChEMBL,414,5.7,C=CCn1cc(CC(=O)NC23CC4CC(CC(C4)C2)C3)c2cc(-c3ccco3)ccc21,10.1021/jm3003334
76890,Human,5.8,pKi,5.8,Binding,"Displacementof[3H]CP-55,940fromhumanrecombinantCB1receptortransfectedinHEKcellsDisplacementof[3H]CP-55,940fromhumanrecombinantCB1receptortransfectedinHEKcells",ChEMBL,444,6.7,CCCCCn1cc(CC(=O)NC23CC4CC(CC(C4)C2)C3)c2cc(-c3ccco3)ccc21,10.1021/jm3003334
76891,Human,6.3,pKi,6.3,Binding,"Displacementof[3H]CP-55,940fromhumanrecombinantCB1receptortransfectedinHEKcellsDisplacementof[3H]CP-55,940fromhumanrecombinantCB1receptortransfectedinHEKcells",ChEMBL,398,5.5,Cn1cc(CC(=O)NC23CC4CC(CC(C4)C2)C3)c2cc(-c3ccccc3)ccc21,10.1021/jm3003334
76892,Human,6.2,pKi,6.2,Binding,"Displacementof[3H]CP-55,940fromhumanrecombinantCB1receptortransfectedinHEKcellsDisplacementof[3H]CP-55,940fromhumanrecombinantCB1receptortransfectedinHEKcells",ChEMBL,412,6,CCn1cc(CC(=O)NC23CC4CC(CC(C4)C2)C3)c2cc(-c3ccccc3)ccc21,10.1021/jm3003334
76893,Human,5.8,pKi,5.8,Binding,"Displacementof[3H]CP-55,940fromhumanrecombinantCB1receptortransfectedinHEKcellsDisplacementof[3H]CP-55,940fromhumanrecombinantCB1receptortransfectedinHEKcells",ChEMBL,426,6.3,CCCn1cc(CC(=O)NC23CC4CC(CC(C4)C2)C3)c2cc(-c3ccccc3)ccc21,10.1021/jm3003334
76894,Human,6.3,pKi,6.3,Binding,"Displacementof[3H]CP-55,940fromhumanrecombinantCB1receptortransfectedinHEKcellsDisplacementof[3H]CP-55,940fromhumanrecombinantCB1receptortransfectedinHEKcells",ChEMBL,424,6.1,C=CCn1cc(CC(=O)NC23CC4CC(CC(C4)C2)C3)c2cc(-c3ccccc3)ccc21,10.1021/jm3003334
76896,Human,5.7,pKi,5.7,Binding,"Displacementof[3H]CP-55,940fromhumanrecombinantCB1receptortransfectedinHEKcellsDisplacementof[3H]CP-55,940fromhumanrecombinantCB1receptortransfectedinHEKcells",ChEMBL,438,6.5,C=CCCn1cc(CC(=O)NC23CC4CC(CC(C4)C2)C3)c2cc(-c3ccccc3)ccc21,10.1021/jm3003334
76897,Human,5.6,pKi,5.6,Binding,"Displacementof[3H]CP-55,940fromhumanrecombinantCB1receptortransfectedinHEKcellsDisplacementof[3H]CP-55,940fromhumanrecombinantCB1receptortransfectedinHEKcells",ChEMBL,454,7.1,CCCCCn1cc(CC(=O)NC23CC4CC(CC(C4)C2)C3)c2cc(-c3ccccc3)ccc21,10.1021/jm3003334
76899,Human,6.5,pKi,6.5,Binding,"Displacementof[3H]CP-55,940fromhumanrecombinantCB1receptortransfectedinHEKcellsDisplacementof[3H]CP-55,940fromhumanrecombinantCB1receptortransfectedinHEKcells",ChEMBL,458,6.4,CCCCCn1cc(C(=O)C(=O)NC23CC4CC(CC(C4)C2)C3)c2cc(-c3ccco3)ccc21,10.1021/jm3003334
76901,Human,5.4,pKi,5.4,Binding,"Displacementof[3H]CP-55,940fromhumanrecombinantCB1receptortransfectedinHEKcellsDisplacementof[3H]CP-55,940fromhumanrecombinantCB1receptortransfectedinHEKcells",ChEMBL,428,5.4,C=CCn1cc(C(=O)C(=O)NC23CC4CC(CC(C4)C2)C3)c2cc(-c3ccco3)ccc21,10.1021/jm3003334
76902,Human,5.4,pKi,5.4,Binding,"Displacementof[3H]CP-55,940fromhumanrecombinantCB1receptortransfectedinHEKcellsDisplacementof[3H]CP-55,940fromhumanrecombinantCB1receptortransfectedinHEKcells",ChEMBL,438,5.8,C=CCn1cc(C(=O)C(=O)NC23CC4CC(CC(C4)C2)C3)c2cc(-c3ccccc3)ccc21,10.1021/jm3003334
76904,Human,7.3,pKi,7.3,Binding,"Displacementof[3H]CP-55,940fromhumanrecombinantCB1receptortransfectedinHEKcellsDisplacementof[3H]CP-55,940fromhumanrecombinantCB1receptortransfectedinHEKcells",ChEMBL,410,6.2,C=CCn1cc(C(=O)NC23CC4CC(CC(C4)C2)C3)c2cc(-c3ccccc3)ccc21,10.1021/jm3003334
76906,Human,5.6,pKi,5.6,Binding,"Displacementof[3H]CP-55,940fromhumanrecombinantCB1receptortransfectedinHEKcellsDisplacementof[3H]CP-55,940fromhumanrecombinantCB1receptortransfectedinHEKcells",ChEMBL,400,5.8,C=CCn1cc(C(=O)NC23CC4CC(CC(C4)C2)C3)c2cc(-c3ccco3)ccc21,10.1021/jm3003334
76907,Human,6.0,pKi,6.0,Binding,"Displacementof[3H]CP-55,940fromhumanrecombinantCB1receptortransfectedinHEKcellsDisplacementof[3H]CP-55,940fromhumanrecombinantCB1receptortransfectedinHEKcells",ChEMBL,440,7.2,CCCCCn1cc(C(=O)NC23CC4CC(CC(C4)C2)C3)c2cc(-c3ccccc3)ccc21,10.1021/jm3003334
76908,Human,6.5,pKi,6.5,Binding,"Displacementof[3H]CP-55,940fromhumanrecombinantCB1receptortransfectedinHEKcellsDisplacementof[3H]CP-55,940fromhumanrecombinantCB1receptortransfectedinHEKcells",ChEMBL,430,6.8,CCCCCn1cc(C(=O)NC23CC4CC(CC(C4)C2)C3)c2cc(-c3ccco3)ccc21,10.1021/jm3003334
76909,Human,5.4,pKi,5.4,Binding,"Displacementof[3H]CP-55,940fromhumanrecombinantCB1receptortransfectedinHEKcellsDisplacementof[3H]CP-55,940fromhumanrecombinantCB1receptortransfectedinHEKcells",ChEMBL,446,7.3,CCCCCn1cc(C(=O)NC23CC4CC(CC(C4)C2)C3)c2cc(-c3cccs3)ccc21,10.1021/jm3003334
76910,Human,8.7,pKi,8.7,Binding,"Displacementof[3H]CP-55,940fromhumanrecombinantCB1receptortransfectedinHEKcellsDisplacementof[3H]CP-55,940fromhumanrecombinantCB1receptortransfectedinHEKcells",ChEMBL,440,7.2,CCCCCn1cc(C(=O)NC23CC4CC(CC(C4)C2)C3)c2ccc(-c3ccccc3)cc21,10.1021/jm3003334
76912,Human,5.3,pKi,5.3,Binding,"Displacementof[3H]CP-55,940fromhumanrecombinantCB1receptortransfectedinHEKcellsDisplacementof[3H]CP-55,940fromhumanrecombinantCB1receptortransfectedinHEKcells",ChEMBL,456,6.2,CCCCCn1cc(CC(=O)NC23CC4CC(CC(C4)C2)C3)c2cc(Br)ccc21,10.1021/jm3003334
81014,Human,5.5,pKi,5.5,Binding,Displacementof[3H]CP-55940fromhumanrecombinantCB1receptorexpressedinCHOcellmembranesincubatedfor90minsbyscintillationcountingDisplacementof[3H]CP-55940fromhumanrecombinantCB1receptorexpressedinCHOcellmembranesincubatedfor90minsbyscintillationcounting,ChEMBL,326,3,C[C@@H]1COc2cccc3c(=O)c(C(=O)NC4CCCCC4)cn1c23,10.1021/jm300763w
81015,Human,5.3,pKi,5.3,Binding,Displacementof[3H]CP-55940fromhumanrecombinantCB1receptorexpressedinCHOcellmembranesincubatedfor90minsbyscintillationcountingDisplacementof[3H]CP-55940fromhumanrecombinantCB1receptorexpressedinCHOcellmembranesincubatedfor90minsbyscintillationcounting,ChEMBL,326,3,C[C@H]1COc2cccc3c(=O)c(C(=O)NC4CCCCC4)cn1c23,10.1021/jm300763w
81018,Human,7.0,pKi,7.0,Binding,Displacementof[3H]CP-55940fromhumanrecombinantCB1receptorexpressedinCHOcellmembranesincubatedfor90minsbyscintillationcountingDisplacementof[3H]CP-55940fromhumanrecombinantCB1receptorexpressedinCHOcellmembranesincubatedfor90minsbyscintillationcounting,ChEMBL,354,3.8,CC[C@@H]1COc2cccc3c(=O)c(C(=O)NC4CCCCCC4)cn1c23,10.1021/jm300763w
81019,Human,6.1,pKi,6.1,Binding,Displacementof[3H]CP-55940fromhumanrecombinantCB1receptorexpressedinCHOcellmembranesincubatedfor90minsbyscintillationcountingDisplacementof[3H]CP-55940fromhumanrecombinantCB1receptorexpressedinCHOcellmembranesincubatedfor90minsbyscintillationcounting,ChEMBL,354,3.8,CC[C@H]1COc2cccc3c(=O)c(C(=O)NC4CCCCCC4)cn1c23,10.1021/jm300763w
81020,Human,6.7,pKi,6.7,Binding,Displacementof[3H]CP-55940fromhumanrecombinantCB1receptorexpressedinCHOcellmembranesincubatedfor90minsbyscintillationcountingDisplacementof[3H]CP-55940fromhumanrecombinantCB1receptorexpressedinCHOcellmembranesincubatedfor90minsbyscintillationcounting,ChEMBL,392,4,CC[C@@H]1COc2cccc3c(=O)c(C(=O)NC45CC6CC(CC(C6)C4)C5)cn1c23,10.1021/jm300763w
81021,Human,6.2,pKi,6.2,Binding,Displacementof[3H]CP-55940fromhumanrecombinantCB1receptorexpressedinCHOcellmembranesincubatedfor90minsbyscintillationcountingDisplacementof[3H]CP-55940fromhumanrecombinantCB1receptorexpressedinCHOcellmembranesincubatedfor90minsbyscintillationcounting,ChEMBL,392,4,CC[C@H]1COc2cccc3c(=O)c(C(=O)NC45CC6CC(CC(C6)C4)C5)cn1c23,10.1021/jm300763w
81090,Human,7.1,pKi,7.1,Binding,Displacementof[3H]CP-55940fromhumanrecombinantCB1receptorexpressedinCHOcellmembranesincubatedfor90minsbyscintillationcountingDisplacementof[3H]CP-55940fromhumanrecombinantCB1receptorexpressedinCHOcellmembranesincubatedfor90minsbyscintillationcounting,ChEMBL,406,4.3,CC(C)[C@@H]1COc2cccc3c(=O)c(C(=O)NC45CC6CC(CC(C6)C4)C5)cn1c23,10.1021/jm300763w
81091,Human,6.1,pKi,6.1,Binding,Displacementof[3H]CP-55940fromhumanrecombinantCB1receptorexpressedinCHOcellmembranesincubatedfor90minsbyscintillationcountingDisplacementof[3H]CP-55940fromhumanrecombinantCB1receptorexpressedinCHOcellmembranesincubatedfor90minsbyscintillationcounting,ChEMBL,406,4.3,CC(C)[C@H]1COc2cccc3c(=O)c(C(=O)NC45CC6CC(CC(C6)C4)C5)cn1c23,10.1021/jm300763w
81128,Human,6.9,pKi,6.9,Binding,Displacementof[3H]CP-55940fromhumanrecombinantCB1receptorexpressedinCHOcellmembranesincubatedfor90minsbyscintillationcountingDisplacementof[3H]CP-55940fromhumanrecombinantCB1receptorexpressedinCHOcellmembranesincubatedfor90minsbyscintillationcounting,ChEMBL,374,3.7,O=C(NC1CCCC1)c1cn2c3c(cccc3c1=O)OCC2c1ccccc1,10.1021/jm300763w
81113,Human,6.4,pKi,6.4,Binding,Displacementof[3H]CP-55940fromhumanrecombinantCB1receptorexpressedinCHOcellmembranesincubatedfor90minsbyscintillationcountingDisplacementof[3H]CP-55940fromhumanrecombinantCB1receptorexpressedinCHOcellmembranesincubatedfor90minsbyscintillationcounting,ChEMBL,388,4,O=C(NC1CCCCC1)c1cn2c3c(cccc3c1=O)OCC2c1ccccc1,10.1021/jm300763w
81114,Human,6.5,pKi,6.5,Binding,Displacementof[3H]CP-55940fromhumanrecombinantCB1receptorexpressedinCHOcellmembranesincubatedfor90minsbyscintillationcountingDisplacementof[3H]CP-55940fromhumanrecombinantCB1receptorexpressedinCHOcellmembranesincubatedfor90minsbyscintillationcounting,ChEMBL,402,4.4,O=C(NC1CCCCCC1)c1cn2c3c(cccc3c1=O)OCC2c1ccccc1,10.1021/jm300763w
81115,Human,6.6,pKi,6.6,Binding,Displacementof[3H]CP-55940fromhumanrecombinantCB1receptorexpressedinCHOcellmembranesincubatedfor90minsbyscintillationcountingDisplacementof[3H]CP-55940fromhumanrecombinantCB1receptorexpressedinCHOcellmembranesincubatedfor90minsbyscintillationcounting,ChEMBL,440,4.7,O=C(NC12CC3CC(CC(C3)C1)C2)c1cn2c3c(cccc3c1=O)OCC2c1ccccc1,10.1021/jm300763w
81117,Human,5.5,pKi,5.5,Binding,Displacementof[3H]CP-55940fromhumanrecombinantCB1receptorexpressedinCHOcellmembranesincubatedfor90minsbyscintillationcountingDisplacementof[3H]CP-55940fromhumanrecombinantCB1receptorexpressedinCHOcellmembranesincubatedfor90minsbyscintillationcounting,ChEMBL,402,4.4,CC1Oc2cccc3c(=O)c(C(=O)NC4CCCCC4)cn(c23)C1c1ccccc1,10.1021/jm300763w
81118,Human,5.6,pKi,5.6,Binding,Displacementof[3H]CP-55940fromhumanrecombinantCB1receptorexpressedinCHOcellmembranesincubatedfor90minsbyscintillationcountingDisplacementof[3H]CP-55940fromhumanrecombinantCB1receptorexpressedinCHOcellmembranesincubatedfor90minsbyscintillationcounting,ChEMBL,454,5.1,CC1Oc2cccc3c(=O)c(C(=O)NC45CC6CC(CC(C6)C4)C5)cn(c23)C1c1ccccc1,10.1021/jm300763w
81119,Human,5.4,pKi,5.4,Binding,Displacementof[3H]CP-55940fromhumanrecombinantCB1receptorexpressedinCHOcellmembranesincubatedfor90minsbyscintillationcountingDisplacementof[3H]CP-55940fromhumanrecombinantCB1receptorexpressedinCHOcellmembranesincubatedfor90minsbyscintillationcounting,ChEMBL,402,4.4,Cc1ccc(C2COc3cccc4c(=O)c(C(=O)NC5CCCCC5)cn2c34)cc1,10.1021/jm300763w
81120,Human,5.4,pKi,5.4,Binding,Displacementof[3H]CP-55940fromhumanrecombinantCB1receptorexpressedinCHOcellmembranesincubatedfor90minsbyscintillationcountingDisplacementof[3H]CP-55940fromhumanrecombinantCB1receptorexpressedinCHOcellmembranesincubatedfor90minsbyscintillationcounting,ChEMBL,454,5,Cc1ccc(C2COc3cccc4c(=O)c(C(=O)NC56CC7CC(CC(C7)C5)C6)cn2c34)cc1,10.1021/jm300763w
81121,Human,5.9,pKi,5.9,Binding,Displacementof[3H]CP-55940fromhumanrecombinantCB1receptorexpressedinCHOcellmembranesincubatedfor90minsbyscintillationcountingDisplacementof[3H]CP-55940fromhumanrecombinantCB1receptorexpressedinCHOcellmembranesincubatedfor90minsbyscintillationcounting,ChEMBL,402,4.4,Cc1cc2c3c(c1)c(=O)c(C(=O)NC1CCCCC1)cn3C(c1ccccc1)CO2,10.1021/jm300763w
81123,Human,5.7,pKi,5.7,Binding,Displacementof[3H]CP-55940fromhumanrecombinantCB1receptorexpressedinCHOcellmembranesincubatedfor90minsbyscintillationcountingDisplacementof[3H]CP-55940fromhumanrecombinantCB1receptorexpressedinCHOcellmembranesincubatedfor90minsbyscintillationcounting,ChEMBL,326,3,CC1COc2cccc3c(=O)c(C(=O)NC4CCCCC4)cn1c23,10.1021/jm300763w
81126,Human,6.1,pKi,6.1,Binding,Displacementof[3H]CP-55940fromhumanrecombinantCB1receptorexpressedinCHOcellmembranesincubatedfor90minsbyscintillationcountingDisplacementof[3H]CP-55940fromhumanrecombinantCB1receptorexpressedinCHOcellmembranesincubatedfor90minsbyscintillationcounting,ChEMBL,340,3.4,CCC1COc2cccc3c(=O)c(C(=O)NC4CCCCC4)cn1c23,10.1021/jm300763w
81127,Human,6.4,pKi,6.4,Binding,Displacementof[3H]CP-55940fromhumanrecombinantCB1receptorexpressedinCHOcellmembranesincubatedfor90minsbyscintillationcountingDisplacementof[3H]CP-55940fromhumanrecombinantCB1receptorexpressedinCHOcellmembranesincubatedfor90minsbyscintillationcounting,ChEMBL,354,3.8,CCC1COc2cccc3c(=O)c(C(=O)NC4CCCCCC4)cn1c23,10.1021/jm300763w
81095,Human,6.4,pKi,6.4,Binding,Displacementof[3H]CP-55940fromhumanrecombinantCB1receptorexpressedinCHOcellmembranesincubatedfor90minsbyscintillationcountingDisplacementof[3H]CP-55940fromhumanrecombinantCB1receptorexpressedinCHOcellmembranesincubatedfor90minsbyscintillationcounting,ChEMBL,392,3.9,CCC1COc2cccc3c(=O)c(C(=O)NC4C5CC6CC(C5)CC4C6)cn1c23,10.1021/jm300763w
81097,Human,5.9,pKi,5.9,Binding,Displacementof[3H]CP-55940fromhumanrecombinantCB1receptorexpressedinCHOcellmembranesincubatedfor90minsbyscintillationcountingDisplacementof[3H]CP-55940fromhumanrecombinantCB1receptorexpressedinCHOcellmembranesincubatedfor90minsbyscintillationcounting,ChEMBL,335,3,CCC1COc2cccc3c(=O)c(C(=O)Nc4ccncc4)cn1c23,10.1021/jm300763w
81100,Human,8.0,pKi,8.0,Binding,Displacementof[3H]CP-55940fromhumanrecombinantCB1receptorexpressedinCHOcellmembranesincubatedfor90minsbyscintillationcountingDisplacementof[3H]CP-55940fromhumanrecombinantCB1receptorexpressedinCHOcellmembranesincubatedfor90minsbyscintillationcounting,ChEMBL,354,3.8,CCCC1COc2cccc3c(=O)c(C(=O)NC4CCCCC4)cn1c23,10.1021/jm300763w
81101,Human,6.7,pKi,6.7,Binding,Displacementof[3H]CP-55940fromhumanrecombinantCB1receptorexpressedinCHOcellmembranesincubatedfor90minsbyscintillationcountingDisplacementof[3H]CP-55940fromhumanrecombinantCB1receptorexpressedinCHOcellmembranesincubatedfor90minsbyscintillationcounting,ChEMBL,406,4.4,CCCC1COc2cccc3c(=O)c(C(=O)NC45CC6CC(CC(C6)C4)C5)cn1c23,10.1021/jm300763w
81103,Human,6.1,pKi,6.1,Binding,Displacementof[3H]CP-55940fromhumanrecombinantCB1receptorexpressedinCHOcellmembranesincubatedfor90minsbyscintillationcountingDisplacementof[3H]CP-55940fromhumanrecombinantCB1receptorexpressedinCHOcellmembranesincubatedfor90minsbyscintillationcounting,ChEMBL,368,4.1,CCCC1COc2ccc(C)c3c(=O)c(C(=O)NC4CCCCC4)cn1c23,10.1021/jm300763w
81104,Human,6.4,pKi,6.4,Binding,Displacementof[3H]CP-55940fromhumanrecombinantCB1receptorexpressedinCHOcellmembranesincubatedfor90minsbyscintillationcountingDisplacementof[3H]CP-55940fromhumanrecombinantCB1receptorexpressedinCHOcellmembranesincubatedfor90minsbyscintillationcounting,ChEMBL,420,4.7,CCCC1COc2ccc(C)c3c(=O)c(C(=O)NC45CC6CC(CC(C6)C4)C5)cn1c23,10.1021/jm300763w
81105,Human,7.0,pKi,7.0,Binding,Displacementof[3H]CP-55940fromhumanrecombinantCB1receptorexpressedinCHOcellmembranesincubatedfor90minsbyscintillationcountingDisplacementof[3H]CP-55940fromhumanrecombinantCB1receptorexpressedinCHOcellmembranesincubatedfor90minsbyscintillationcounting,ChEMBL,352,3.4,O=C(NC1CCCCC1)c1cn2c3c(cccc3c1=O)OCC2C1CC1,10.1021/jm300763w
81106,Human,7.0,pKi,7.0,Binding,Displacementof[3H]CP-55940fromhumanrecombinantCB1receptorexpressedinCHOcellmembranesincubatedfor90minsbyscintillationcountingDisplacementof[3H]CP-55940fromhumanrecombinantCB1receptorexpressedinCHOcellmembranesincubatedfor90minsbyscintillationcounting,ChEMBL,366,3.8,O=C(NC1CCCCCC1)c1cn2c3c(cccc3c1=O)OCC2C1CC1,10.1021/jm300763w
81107,Human,6.4,pKi,6.4,Binding,Displacementof[3H]CP-55940fromhumanrecombinantCB1receptorexpressedinCHOcellmembranesincubatedfor90minsbyscintillationcountingDisplacementof[3H]CP-55940fromhumanrecombinantCB1receptorexpressedinCHOcellmembranesincubatedfor90minsbyscintillationcounting,ChEMBL,404,4,O=C(NC12CC3CC(CC(C3)C1)C2)c1cn2c3c(cccc3c1=O)OCC2C1CC1,10.1021/jm300763w
81108,Human,6.5,pKi,6.5,Binding,Displacementof[3H]CP-55940fromhumanrecombinantCB1receptorexpressedinCHOcellmembranesincubatedfor90minsbyscintillationcountingDisplacementof[3H]CP-55940fromhumanrecombinantCB1receptorexpressedinCHOcellmembranesincubatedfor90minsbyscintillationcounting,ChEMBL,406,4.3,CC(C)C1COc2cccc3c(=O)c(C(=O)NC45CC6CC(CC(C6)C4)C5)cn1c23,10.1021/jm300763w
81109,Human,6.7,pKi,6.7,Binding,Displacementof[3H]CP-55940fromhumanrecombinantCB1receptorexpressedinCHOcellmembranesincubatedfor90minsbyscintillationcountingDisplacementof[3H]CP-55940fromhumanrecombinantCB1receptorexpressedinCHOcellmembranesincubatedfor90minsbyscintillationcounting,ChEMBL,392,3.8,CC1(C)COc2cccc3c(=O)c(C(=O)NC45CC6CC(CC(C6)C4)C5)cn1c23,10.1021/jm300763w
81110,Human,6.4,pKi,6.4,Binding,Displacementof[3H]CP-55940fromhumanrecombinantCB1receptorexpressedinCHOcellmembranesincubatedfor90minsbyscintillationcountingDisplacementof[3H]CP-55940fromhumanrecombinantCB1receptorexpressedinCHOcellmembranesincubatedfor90minsbyscintillationcounting,ChEMBL,410,4.2,CCC1COc2c(F)ccc3c(=O)c(C(=O)NC45CC6CC(CC(C6)C4)C5)cn1c23,10.1021/jm300763w
81111,Human,5.8,pKi,5.8,Binding,Displacementof[3H]CP-55940fromhumanrecombinantCB1receptorexpressedinCHOcellmembranesincubatedfor90minsbyscintillationcountingDisplacementof[3H]CP-55940fromhumanrecombinantCB1receptorexpressedinCHOcellmembranesincubatedfor90minsbyscintillationcounting,ChEMBL,428,4.3,CCC1COc2c(F)c(F)cc3c(=O)c(C(=O)NC45CC6CC(CC(C6)C4)C5)cn1c23,10.1021/jm300763w
81112,Human,6.3,pKi,6.3,Binding,Displacementof[3H]CP-55940fromhumanrecombinantCB1receptorexpressedinCHOcellmembranesincubatedfor90minsbyscintillationcountingDisplacementof[3H]CP-55940fromhumanrecombinantCB1receptorexpressedinCHOcellmembranesincubatedfor90minsbyscintillationcounting,ChEMBL,422,4.1,CCC1COc2c(OC)ccc3c(=O)c(C(=O)NC45CC6CC(CC(C6)C4)C5)cn1c23,10.1021/jm300763w
81093,Human,7.0,pKi,7.0,Binding,Displacementof[3H]CP-55940fromhumanrecombinantCB1receptorexpressedinCHOcellmembranesincubatedfor90minsbyscintillationcountingDisplacementof[3H]CP-55940fromhumanrecombinantCB1receptorexpressedinCHOcellmembranesincubatedfor90minsbyscintillationcounting,ChEMBL,454,4.9,O=C(NC12CC3CC(CC(C3)C1)C2)c1cn2c3c(cccc3c1=O)OC[C@H]2Cc1ccccc1,10.1021/jm300763w
14157,Human,4.7,pKi,4.7,Binding,DRUGMATRIX:CannabinoidCB1radioligandbinding(ligand:[3H]SR141716A)DRUGMATRIX:CannabinoidCB1radioligandbinding(ligand:[3H]SR141716A),ChEMBL,310,3.9,C#C[C@]1(O)CC[C@H]2[C@@H]3CCc4cc(OC)ccc4[C@H]3CC[C@@]21C,
96399,Human,7.3,pKi,7.3,Binding,BindingaffinitytoCB1receptorBindingaffinitytoCB1receptor,ChEMBL,314,5.7,CCCCCc1cc(O)c2c(c1)OC(C)(C)[C@@H]1CC=C(C)C[C@@H]21,10.1021/jm0610705
188644,Human,5.6,pKi,5.6,Binding,Displacementof[3H]rimonabantfromhumanCB1receptorexpressedinHEK293cellsbyliquidscintillationcountingDisplacementof[3H]rimonabantfromhumanCB1receptorexpressedinHEK293cellsbyliquidscintillationcounting,ChEMBL,405,4,CC(C)NC(=O)C(C)Sc1nnc2c3ccccc3n(Cc3ccccc3)c2n1,10.1016/j.bmcl.2009.05.114
165452,Human,5.7,pKi,5.7,Binding,Displacementof[3H]-CP55940fromrecombinanthumanCB1receptorexpressedinHEK293-EBNAcellmembranesafter90minsbyscintillationcountingmethodDisplacementof[3H]-CP55940fromrecombinanthumanCB1receptorexpressedinHEK293-EBNAcellmembranesafter90minsbyscintillationcountingmethod,ChEMBL,251,4.2,CCCCCCC/C=C/C=C/C(=O)NCC(C)C,10.1021/acs.jnatprod.8b00874
168823,Human,7.8,pKi,7.8,Binding,Displacementof[3H]CP55940fromhumanCB1receptorincubatedfor30minsbyscintillationcountingmethodDisplacementof[3H]CP55940fromhumanCB1receptorincubatedfor30minsbyscintillationcountingmethod,ChEMBL,300,5.3,CCCCc1cc(O)c2c(c1)OC(C)(C)[C@@H]1CCC(C)=C[C@@H]21,10.1021/acs.jnatprod.9b00876
100732,Human,4.5,pKi,4.5,Binding,Displacementof[3H]-CP5594fromhumanrecombinantCB1receptorexpressedinChem1cellsafter90minsbyscintillationcountingmethodDisplacementof[3H]-CP5594fromhumanrecombinantCB1receptorexpressedinChem1cellsafter90minsbyscintillationcountingmethod,ChEMBL,458,2.2,O=C(O[C@@H]1Cc2c(O)cc(O)cc2O[C@@H]1c1cc(O)c(O)c(O)c1)c1cc(O)c(O)c(O)c1,10.1021/acs.jmedchem.6b01026
22354,Human,7.9,pKi,7.9,Binding,Displacementof[3H]CP-55940fromhumanCB1receptorexpressedinCHOcellmembraneafter90minsbyscintillationcountinganalysisDisplacementof[3H]CP-55940fromhumanCB1receptorexpressedinCHOcellmembraneafter90minsbyscintillationcountinganalysis,ChEMBL,426,4.6,Cc1c(C(=O)c2ccc3ccccc3c2)c2cccc3c2n1[C@H](CN1CCOCC1)CO3,10.1021/jm400182t
153607,Human,5.8,pKi,5.8,Binding,Displacementof[3H]CP-55940fromhumanrecombinantCB1receptorDisplacementof[3H]CP-55940fromhumanrecombinantCB1receptor,ChEMBL,395,7.5,CCCCC/C=C\C/C=C\C/C=C\C/C=C\CCCC(=O)Nc1ccc(O)cc1,10.1016/j.bmcl.2005.09.023
97174,Human,8.3,pKi,8.3,Binding,DisplacementofradioligandfromhumanCB1receptorexpressedinHEK293cellsDisplacementofradioligandfromhumanCB1receptorexpressedinHEK293cells,ChEMBL,480,5.2,Cc1c(C(=O)NC2CCCc3ccccc32)oc2ccc(S(=O)(=O)N3CC(C)CC(C)C3)cc12,10.1016/j.bmcl.2007.11.133
146470,Human,7.8,pKi,7.8,Binding,"CB1ReceptorBindingProtocol:8ugofmembranes(20ulof1:8dilutioninincubationbuffer)wasincubatedwith5ulofdrugsolution(10E-4Mto10E-12M)and5ulof5.4nM[3H]CP55,940inatotalvolumeof200ulfor90minsat30C.Non-specificbindingwasdeterminedusing10uMWIN55,212-2(Ki=4.4nM).Themembraneswerefilteredandthefilterswashed7xwith0.2mlice-coldincubationbufferandallowedtoairdryundervacuum.CB1ReceptorBindingProtocol:8ugofmembranes(20ulof1:8dilutioninincubationbuffer)wasincubatedwith5ulofdrugsolution(10E-4Mto10E-12M)and5ulof5.4nM[3H]CP55,940inatotalvolumeof200ulfor90minsat30C.Non-specificbindingwasdeterminedusing10uMWIN55,212-2(Ki=4.4nM).Themembraneswerefilteredandthefilterswashed7xwith0.2mlice-coldincubationbufferandallowedtoairdryundervacuum.",ChEMBL,362,6.8,CC(C)(c1ccc(-c2cc(Cl)cc(Cl)c2)c(O)c1)c1cccs1,
104148,Human,7.6,pKi,7.6,Binding,Displacementof[3H]CP55940fromhumanCB1receptorexpressedinCHOK1cellsafter1hrbyliquidscintillationcountinganalysisDisplacementof[3H]CP55940fromhumanCB1receptorexpressedinCHOK1cellsafter1hrbyliquidscintillationcountinganalysis,ChEMBL,437,4.4,O=C(N[C@@H]1CCCC[C@H]1O)c1cnc(OCc2cccnc2)c(-c2ccc(Cl)cc2)c1,10.1021/jm4010708
109274,Human,6.0,pKi,6.0,Binding,AgonistactivityathumanCB1receptorAgonistactivityathumanCB1receptor,ChEMBL,345,4,CC(C)(C)NC(=O)c1nn(-c2ccc(F)cc2F)c2c1[C@H]1CC[C@@H]2C1,10.1016/j.ejmech.2018.12.008
145599,Human,5.9,pKi,5.9,Binding,"CompetitionBindingAssay:TheKdofCP55,940intheisolatedCB1andCB2receptorexpressingmembraneswaspreviouslydeterminedtobe2.3nMand1.5nM,respectively(seePertwee,R.G.CurrentMedicinalChemistry6635-664(1999)).Competitionbindingassaysat2.5nM[3H]-CP55,940(PerkinElmer)werecarriedouttodeterminetheK1valuesfortestedcompounds.Membranes(5-10μg)wereincubatedwithradioligandandarangeofconcentrationsoftestcompoundsinbindingbuffer(50mMTrispH7.4,5mMMgCl2,1mMEDTA)with0.5%(w/v)bovineserumalbumin(BSA)(ICPBio,NewZealand),at30°C.for60min.Stocksolutionsofputativecannabinoidligandswerepreparedindimethylsulfoxidetoaconcentrationof10mM.Sixdifferentfinalconcentrationsofcompoundswereusedrangingfrom50μMto0.1nM.Non-specificbindingwasdeterminedinthepresenceof1μMnon-radioactiveCP55,940(TocrisCookson).Assayswereterminatedbyadditionof2mlicecoldbindingbufferandfiltrationthroughGF/Cfilters(Whatman)pre-soakedincoldbindingbuffer,followedbytwowashesinthesamebuffer.CompetitionBindingAssay:TheKdofCP55,940intheisolatedCB1andCB2receptorexpressingmembraneswaspreviouslydeterminedtobe2.3nMand1.5nM,respectively(seePertwee,R.G.CurrentMedicinalChemistry6635-664(1999)).Competitionbindingassaysat2.5nM[3H]-CP55,940(PerkinElmer)werecarriedouttodeterminetheK1valuesfortestedcompounds.Membranes(5-10μg)wereincubatedwithradioligandandarangeofconcentrationsoftestcompoundsinbindingbuffer(50mMTrispH7.4,5mMMgCl2,1mMEDTA)with0.5%(w/v)bovineserumalbumin(BSA)(ICPBio,NewZealand),at30°C.for60min.Stocksolutionsofputativecannabinoidligandswerepreparedindimethylsulfoxidetoaconcentrationof10mM.Sixdifferentfinalconcentrationsofcompoundswereusedrangingfrom50μMto0.1nM.Non-specificbindingwasdeterminedinthepresenceof1μMnon-radioactiveCP55,940(TocrisCookson).Assayswereterminatedbyadditionof2mlicecoldbindingbufferandfiltrationthroughGF/Cfilters(Whatman)pre-soakedincoldbindingbuffer,followedbytwowashesinthesamebuffer.",ChEMBL,414,6.8,CCCCCCC(C)(C)c1cc(OC)c(C2=C[C@H]3CC[C@]2(CO)C3(C)C)c(OC)c1,
104140,Human,6.0,pKi,6.0,Binding,Displacementof[3H]CP55940fromhumanCB1receptorexpressedinCHOK1cellsafter1hrbyliquidscintillationcountinganalysisDisplacementof[3H]CP55940fromhumanCB1receptorexpressedinCHOK1cellsafter1hrbyliquidscintillationcountinganalysis,ChEMBL,388,4.2,CC(C)Oc1ncc(C(=O)N[C@@H]2CCCC[C@H]2O)cc1-c1ccc(Cl)cc1,10.1021/jm4010708
73324,Human,6.6,pKi,6.6,Binding,Displacementof[3H]-CP55940fromhumanrecombinantCB1receptorafter60minsDisplacementof[3H]-CP55940fromhumanrecombinantCB1receptorafter60mins,ChEMBL,454,4.2,O=C(NC1(C(=O)O)CCCCC1)c1cc2c(n(Cc3ccc(F)cc3)c1=O)CCCCCC2,10.1016/j.bmcl.2012.02.072
73612,Human,5.7,pKi,5.7,Binding,Displacementof[3H]CP55940fromhumanCB1receptormembranefractionsDisplacementof[3H]CP55940fromhumanCB1receptormembranefractions,ChEMBL,416,3.9,CC(C)[C@H](NC(=O)c1cc2c(n(CC3CCCCC3)c1=O)CCCCCC2)C(=O)O,10.1016/j.bmcl.2012.02.050
73319,Human,6.7,pKi,6.7,Binding,Displacementof[3H]-CP55940fromhumanrecombinantCB1receptorafter60minsDisplacementof[3H]-CP55940fromhumanrecombinantCB1receptorafter60mins,ChEMBL,442,4.6,O=C(NC1(C(=O)O)CCCCC1)c1cc2c(n(CC3CCCCC3)c1=O)CCCCCC2,10.1016/j.bmcl.2012.02.072
81569,Human,6.8,pKi,6.8,Binding,Displacementof[3H]-CP55940fromhumanrecombinantCB1receptorexpressedinCHOcellsmembranebyscintillationcountingDisplacementof[3H]-CP55940fromhumanrecombinantCB1receptorexpressedinCHOcellsmembranebyscintillationcounting,ChEMBL,318,3.5,CCCCCn1cc(C(=O)NCC2CC2)c(=O)cc1C(C)(C)C,10.1021/jm3008568
104129,Human,7.0,pKi,7.0,Binding,Displacementof[3H]CP55940fromhumanCB1receptorexpressedinCHOK1cellsafter1hrbyliquidscintillationcountinganalysisDisplacementof[3H]CP55940fromhumanCB1receptorexpressedinCHOK1cellsafter1hrbyliquidscintillationcountinganalysis,ChEMBL,400,4.2,O=C(N[C@H]1CCCC[C@H]1O)c1cnc(OCC2CC2)c(-c2ccc(Cl)cc2)c1,10.1021/jm4010708
73660,Human,6.3,pKi,6.3,Binding,Displacementof[3H]CP55940fromhumanCB1receptormembranefractionsDisplacementof[3H]CP55940fromhumanCB1receptormembranefractions,ChEMBL,450,5,O=C(O)Cc1ccccc1NC(=O)c1cc2c(n(CC3CCCCC3)c1=O)CCCCCC2,10.1016/j.bmcl.2012.02.050
91179,Human,5.1,pKi,5.1,Binding,"Displacementof[3H]CP55,940fromhumanCB1expressedinCHO-K1cellsafter2hrsbyliquidscintillationcountingDisplacementof[3H]CP55,940fromhumanCB1expressedinCHO-K1cellsafter2hrsbyliquidscintillationcounting",ChEMBL,367,6.9,CC/C=C\C/C=C\C/C=C\CCCCCCCC(=O)NCc1ccccc1,10.1021/np500292g
91326,Human,6.3,pKi,6.3,Binding,"Displacementof[3H]CP55,940fromhumanCB1expressedinCHO-K1cellsafter2hrsbyliquidscintillationcountingDisplacementof[3H]CP55,940fromhumanCB1expressedinCHO-K1cellsafter2hrsbyliquidscintillationcounting",ChEMBL,369,7.1,CCCCC/C=C\C/C=C\CCCCCCCC(=O)NCc1ccccc1,10.1021/np500292g
72514,Human,5.7,pKi,5.7,Binding,Displacementof[3H]CP-55940fromhumanrecombinantCB1receptorexpressedinCHOcellsafter90minsDisplacementof[3H]CP-55940fromhumanrecombinantCB1receptorexpressedinCHOcellsafter90mins,ChEMBL,386,4.5,CCCNC(=O)c1c(NC(=O)C23CC4CC(CC2C4)C3)sc2c1CCCC2,10.1016/j.bmcl.2012.01.121
87502,Human,5.3,pKi,5.3,Binding,Displacementof[3H]-CP55940fromhumanCB1receptorafter90minsbyliquidscintillationspectrophotometeranalysisDisplacementof[3H]-CP55940fromhumanCB1receptorafter90minsbyliquidscintillationspectrophotometeranalysis,ChEMBL,346,3.7,O=C(NN1CCCCC1)c1cc(-c2ccccc2)n(-c2ccccc2)n1,10.1016/j.bmc.2013.01.055
3480,Human,5.0,pKi,5.0,Binding,NoneNone,PDSPKiDatabase,327,2.8,COc1cc2CCN3[C@H](c2cc1O)Cc1c(C3)c(OC)c(cc1)O,None
2045,Human,6.2,pKi,6.2,Binding,BindingaffinitytocannabinoidCB1receptorBindingaffinitytocannabinoidCB1receptor,ChEMBL,312,6.4,CCCC(c1ccc2c(c1)OC([C@H]1[C@H]2CC(=CC1)C)(C)C)(C)C,10.1021/jm9018756
113522,Human,7.5,pKi,7.5,Binding,Displacementof[3H]CP55940fromhumancannabinoidCB1receptorexpressedinCHO-K1cellsbyliquidscintillationcountingDisplacementof[3H]CP55940fromhumancannabinoidCB1receptorexpressedinCHO-K1cellsbyliquidscintillationcounting,ChEMBL,314,5.9,CCCCCc1cc(O)c2c(c1)OC(C)(C)C1=C2C[C@H](C)CC1,10.1016/j.ejmech.2014.07.062
73325,Human,5.4,pKi,5.4,Binding,Displacementof[3H]-CP55940fromhumanrecombinantCB1receptorafter60minsDisplacementof[3H]-CP55940fromhumanrecombinantCB1receptorafter60mins,ChEMBL,461,3.9,N#Cc1ccc(Cn2c3c(cc(C(=O)NC4(C(=O)O)CCCCC4)c2=O)CCCCCC3)cc1,10.1016/j.bmcl.2012.02.072
73258,Human,8.2,pKi,8.2,Binding,Displacementof[3H]-CP55940fromrecombinanthumanCB1receptorbyscatchardplotanalysisDisplacementof[3H]-CP55940fromrecombinanthumanCB1receptorbyscatchardplotanalysis,ChEMBL,459,3.1,CC(C)(NC(=O)c1cc2c(n(CC3CCCCC3)c1=O)CCCCCC2)C(=O)NCCCO,10.1016/j.bmcl.2012.02.054
82408,Human,4.7,pKi,4.7,Binding,"Displacementof[3H]CP55,940fromhumanCB1receptorexpressedinCHOcellsafter2hrsbyliquidscintillationcounterDisplacementof[3H]CP55,940fromhumanCB1receptorexpressedinCHOcellsafter2hrsbyliquidscintillationcounter",ChEMBL,296,3.4,COc1cccc(Cc2cc3c(OC)cccc3oc2=O)c1,10.1021/jm3008213
82410,Human,5.3,pKi,5.3,Binding,"Displacementof[3H]CP55,940fromhumanCB1receptorexpressedinCHOcellsafter2hrsbyliquidscintillationcounterDisplacementof[3H]CP55,940fromhumanCB1receptorexpressedinCHOcellsafter2hrsbyliquidscintillationcounter",ChEMBL,388,4.3,COc1cccc(Cc2cc3c(OC)cc(CBr)cc3oc2=O)c1,10.1021/jm3008213
81861,Human,7.4,pKi,7.4,Binding,"Displacementof[3H]CP55,940fromhumanCB1receptorexpressedinCHOcellsafter2hrsbyliquidscintillationcounterDisplacementof[3H]CP55,940fromhumanCB1receptorexpressedinCHOcellsafter2hrsbyliquidscintillationcounter",ChEMBL,366,5.1,CCCCCc1cc(OC)c2cc(Cc3cccc(OC)c3)c(=O)oc2c1,10.1021/jm3008213
81862,Human,4.8,pKi,4.8,Binding,"Displacementof[3H]CP55,940fromhumanCB1receptorexpressedinCHOcellsafter2hrsbyliquidscintillationcounterDisplacementof[3H]CP55,940fromhumanCB1receptorexpressedinCHOcellsafter2hrsbyliquidscintillationcounter",ChEMBL,338,4.5,CCCCCc1cc(O)c2cc(Cc3cccc(O)c3)c(=O)oc2c1,10.1021/jm3008213
81863,Human,5.7,pKi,5.7,Binding,"Displacementof[3H]CP55,940fromhumanCB1receptorexpressedinCHOcellsafter2hrsbyliquidscintillationcounterDisplacementof[3H]CP55,940fromhumanCB1receptorexpressedinCHOcellsafter2hrsbyliquidscintillationcounter",ChEMBL,336,5.1,CCCCCc1cc(OC)c2cc(Cc3ccccc3)c(=O)oc2c1,10.1021/jm3008213
81864,Human,5.9,pKi,5.9,Binding,"Displacementof[3H]CP55,940fromhumanCB1receptorexpressedinCHOcellsafter2hrsbyliquidscintillationcounterDisplacementof[3H]CP55,940fromhumanCB1receptorexpressedinCHOcellsafter2hrsbyliquidscintillationcounter",ChEMBL,322,4.8,CCCCCc1cc(O)c2cc(Cc3ccccc3)c(=O)oc2c1,10.1021/jm3008213
81865,Human,7.7,pKi,7.7,Binding,"Displacementof[3H]CP55,940fromhumanCB1receptorexpressedinCHOcellsafter2hrsbyliquidscintillationcounterDisplacementof[3H]CP55,940fromhumanCB1receptorexpressedinCHOcellsafter2hrsbyliquidscintillationcounter",ChEMBL,350,5.4,CCCCCc1cc(OC)c2cc(Cc3ccccc3C)c(=O)oc2c1,10.1021/jm3008213
81866,Human,5.8,pKi,5.8,Binding,"Displacementof[3H]CP55,940fromhumanCB1receptorexpressedinCHOcellsafter2hrsbyliquidscintillationcounterDisplacementof[3H]CP55,940fromhumanCB1receptorexpressedinCHOcellsafter2hrsbyliquidscintillationcounter",ChEMBL,336,5.1,CCCCCc1cc(O)c2cc(Cc3ccccc3C)c(=O)oc2c1,10.1021/jm3008213
81867,Human,6.2,pKi,6.2,Binding,"Displacementof[3H]CP55,940fromhumanCB1receptorexpressedinCHOcellsafter2hrsbyliquidscintillationcounterDisplacementof[3H]CP55,940fromhumanCB1receptorexpressedinCHOcellsafter2hrsbyliquidscintillationcounter",ChEMBL,350,5.4,CCCCCc1cc(OC)c2cc(Cc3cccc(C)c3)c(=O)oc2c1,10.1021/jm3008213
81868,Human,5.7,pKi,5.7,Binding,"Displacementof[3H]CP55,940fromhumanCB1receptorexpressedinCHOcellsafter2hrsbyliquidscintillationcounterDisplacementof[3H]CP55,940fromhumanCB1receptorexpressedinCHOcellsafter2hrsbyliquidscintillationcounter",ChEMBL,336,5.1,CCCCCc1cc(O)c2cc(Cc3cccc(C)c3)c(=O)oc2c1,10.1021/jm3008213
81869,Human,7.5,pKi,7.5,Binding,"Displacementof[3H]CP55,940fromhumanCB1receptorexpressedinCHOcellsafter2hrsbyliquidscintillationcounterDisplacementof[3H]CP55,940fromhumanCB1receptorexpressedinCHOcellsafter2hrsbyliquidscintillationcounter",ChEMBL,366,5.1,CCCCCc1cc(OC)c2cc(Cc3ccccc3OC)c(=O)oc2c1,10.1021/jm3008213
81870,Human,5.0,pKi,5.0,Binding,"Displacementof[3H]CP55,940fromhumanCB1receptorexpressedinCHOcellsafter2hrsbyliquidscintillationcounterDisplacementof[3H]CP55,940fromhumanCB1receptorexpressedinCHOcellsafter2hrsbyliquidscintillationcounter",ChEMBL,338,4.5,CCCCCc1cc(O)c2cc(Cc3ccccc3O)c(=O)oc2c1,10.1021/jm3008213
81871,Human,7.5,pKi,7.5,Binding,"Displacementof[3H]CP55,940fromhumanCB1receptorexpressedinCHOcellsafter2hrsbyliquidscintillationcounterDisplacementof[3H]CP55,940fromhumanCB1receptorexpressedinCHOcellsafter2hrsbyliquidscintillationcounter",ChEMBL,370,5.8,CCCCCc1cc(OC)c2cc(Cc3ccccc3Cl)c(=O)oc2c1,10.1021/jm3008213
81872,Human,4.7,pKi,4.7,Binding,"Displacementof[3H]CP55,940fromhumanCB1receptorexpressedinCHOcellsafter2hrsbyliquidscintillationcounterDisplacementof[3H]CP55,940fromhumanCB1receptorexpressedinCHOcellsafter2hrsbyliquidscintillationcounter",ChEMBL,356,5.5,CCCCCc1cc(O)c2cc(Cc3ccccc3Cl)c(=O)oc2c1,10.1021/jm3008213
81873,Human,6.2,pKi,6.2,Binding,"Displacementof[3H]CP55,940fromhumanCB1receptorexpressedinCHOcellsafter2hrsbyliquidscintillationcounterDisplacementof[3H]CP55,940fromhumanCB1receptorexpressedinCHOcellsafter2hrsbyliquidscintillationcounter",ChEMBL,370,5.8,CCCCCc1cc(OC)c2cc(Cc3cccc(Cl)c3)c(=O)oc2c1,10.1021/jm3008213
81874,Human,5.2,pKi,5.2,Binding,"Displacementof[3H]CP55,940fromhumanCB1receptorexpressedinCHOcellsafter2hrsbyliquidscintillationcounterDisplacementof[3H]CP55,940fromhumanCB1receptorexpressedinCHOcellsafter2hrsbyliquidscintillationcounter",ChEMBL,356,5.5,CCCCCc1cc(O)c2cc(Cc3cccc(Cl)c3)c(=O)oc2c1,10.1021/jm3008213
81875,Human,5.8,pKi,5.8,Binding,"Displacementof[3H]CP55,940fromhumanCB1receptorexpressedinCHOcellsafter2hrsbyliquidscintillationcounterDisplacementof[3H]CP55,940fromhumanCB1receptorexpressedinCHOcellsafter2hrsbyliquidscintillationcounter",ChEMBL,392,6.6,CCCCCCC(C)(C)c1cc(OC)c2cc(Cc3ccccc3)c(=O)oc2c1,10.1021/jm3008213
81876,Human,5.6,pKi,5.6,Binding,"Displacementof[3H]CP55,940fromhumanCB1receptorexpressedinCHOcellsafter2hrsbyliquidscintillationcounterDisplacementof[3H]CP55,940fromhumanCB1receptorexpressedinCHOcellsafter2hrsbyliquidscintillationcounter",ChEMBL,378,6.3,CCCCCCC(C)(C)c1cc(O)c2cc(Cc3ccccc3)c(=O)oc2c1,10.1021/jm3008213
82400,Human,6.0,pKi,6.0,Binding,"Displacementof[3H]CP55,940fromhumanCB1receptorexpressedinCHOcellsafter2hrsbyliquidscintillationcounterDisplacementof[3H]CP55,940fromhumanCB1receptorexpressedinCHOcellsafter2hrsbyliquidscintillationcounter",ChEMBL,422,6.6,CCCCCCC(C)(C)c1cc(OC)c2cc(Cc3ccccc3OC)c(=O)oc2c1,10.1021/jm3008213
82401,Human,6.6,pKi,6.6,Binding,"Displacementof[3H]CP55,940fromhumanCB1receptorexpressedinCHOcellsafter2hrsbyliquidscintillationcounterDisplacementof[3H]CP55,940fromhumanCB1receptorexpressedinCHOcellsafter2hrsbyliquidscintillationcounter",ChEMBL,394,6,CCCCCCC(C)(C)c1cc(O)c2cc(Cc3ccccc3O)c(=O)oc2c1,10.1021/jm3008213
82402,Human,5.0,pKi,5.0,Binding,"Displacementof[3H]CP55,940fromhumanCB1receptorexpressedinCHOcellsafter2hrsbyliquidscintillationcounterDisplacementof[3H]CP55,940fromhumanCB1receptorexpressedinCHOcellsafter2hrsbyliquidscintillationcounter",ChEMBL,436,7,CCCCCCCC(C)(C)c1cc(OC)c2cc(Cc3ccccc3OC)c(=O)oc2c1,10.1021/jm3008213
82403,Human,5.9,pKi,5.9,Binding,"Displacementof[3H]CP55,940fromhumanCB1receptorexpressedinCHOcellsafter2hrsbyliquidscintillationcounterDisplacementof[3H]CP55,940fromhumanCB1receptorexpressedinCHOcellsafter2hrsbyliquidscintillationcounter",ChEMBL,408,6.4,CCCCCCCC(C)(C)c1cc(O)c2cc(Cc3ccccc3O)c(=O)oc2c1,10.1021/jm3008213
82404,Human,6.2,pKi,6.2,Binding,"Displacementof[3H]CP55,940fromhumanCB1receptorexpressedinCHOcellsafter2hrsbyliquidscintillationcounterDisplacementof[3H]CP55,940fromhumanCB1receptorexpressedinCHOcellsafter2hrsbyliquidscintillationcounter",ChEMBL,420,6.4,CCCCC1(c2cc(OC)c3cc(Cc4ccccc4OC)c(=O)oc3c2)CCCC1,10.1021/jm3008213
82405,Human,5.8,pKi,5.8,Binding,"Displacementof[3H]CP55,940fromhumanCB1receptorexpressedinCHOcellsafter2hrsbyliquidscintillationcounterDisplacementof[3H]CP55,940fromhumanCB1receptorexpressedinCHOcellsafter2hrsbyliquidscintillationcounter",ChEMBL,392,5.8,CCCCC1(c2cc(O)c3cc(Cc4ccccc4O)c(=O)oc3c2)CCCC1,10.1021/jm3008213
82406,Human,5.3,pKi,5.3,Binding,"Displacementof[3H]CP55,940fromhumanCB1receptorexpressedinCHOcellsafter2hrsbyliquidscintillationcounterDisplacementof[3H]CP55,940fromhumanCB1receptorexpressedinCHOcellsafter2hrsbyliquidscintillationcounter",ChEMBL,406,6.2,CCCCC1(c2cc(O)c3cc(Cc4ccccc4O)c(=O)oc3c2)CCCCC1,10.1021/jm3008213
73267,Human,7.4,pKi,7.4,Binding,Displacementof[3H]-CP55940fromrecombinanthumanCB1receptorbyscatchardplotanalysisDisplacementof[3H]-CP55940fromrecombinanthumanCB1receptorbyscatchardplotanalysis,ChEMBL,562,3.1,CC(C)(NC(=O)c1cc2c(n(CC3CCCCC3)c1=O)CCCCCC2)C(=O)N1CCC(NS(C)(=O)=O)CC1,10.1016/j.bmcl.2012.02.054
73615,Human,6.1,pKi,6.1,Binding,Displacementof[3H]CP55940fromhumanCB1receptormembranefractionsDisplacementof[3H]CP55940fromhumanCB1receptormembranefractions,ChEMBL,464,4.5,O=C(N[C@@H](Cc1ccccc1)C(=O)O)c1cc2c(n(CC3CCCCC3)c1=O)CCCCCC2,10.1016/j.bmcl.2012.02.050
73662,Human,5.4,pKi,5.4,Binding,Displacementof[3H]CP55940fromhumanCB1receptormembranefractionsDisplacementof[3H]CP55940fromhumanCB1receptormembranefractions,ChEMBL,450,5,O=C(O)Cc1ccc(NC(=O)c2cc3c(n(CC4CCCCC4)c2=O)CCCCCC3)cc1,10.1016/j.bmcl.2012.02.050
73527,Human,7.0,pKi,7.0,Binding,Displacementof[3H]-CP55940fromCB1receptorafter90minsbyliquidscintillationcountingDisplacementof[3H]-CP55940fromCB1receptorafter90minsbyliquidscintillationcounting,ChEMBL,585,7.8,CCOC(=O)C(C)(C)Oc1ccc(NC(=O)c2nn(-c3ccc(Cl)cc3Cl)c(-c3ccc(Cl)cc3)c2C)cc1,10.1021/ml200091q
76018,Human,9.3,pKi,9.3,Binding,Displacementof[3H]SR141716AformhumanCB1receptorexpressedinHEK293cellsafter60minsbybetacountingDisplacementof[3H]SR141716AformhumanCB1receptorexpressedinHEK293cellsafter60minsbybetacounting,ChEMBL,459,5.2,CCOCC(=O)NC1CCCOc2c1nn(-c1ccccc1Cl)c2-c1ccc(Cl)cc1,10.1021/ml3000325
76023,Human,8.8,pKi,8.8,Binding,Displacementof[3H]SR141716AformhumanCB1receptorexpressedinHEK293cellsafter60minsbybetacountingDisplacementof[3H]SR141716AformhumanCB1receptorexpressedinHEK293cellsafter60minsbybetacounting,ChEMBL,468,5.5,O=C(NC1CCCOc2c1nn(-c1ccccc1Cl)c2-c1ccc(Cl)cc1)c1ccon1,10.1021/ml3000325
73526,Human,8.3,pKi,8.3,Binding,Displacementof[3H]-CP55940fromCB1receptorafter90minsbyliquidscintillationcountingDisplacementof[3H]-CP55940fromCB1receptorafter90minsbyliquidscintillationcounting,ChEMBL,471,6.8,Cc1c(C(=O)Nc2ccc(O)cc2)nn(-c2ccc(Cl)cc2Cl)c1-c1ccc(Cl)cc1,10.1021/ml200091q
76013,Human,9.9,pKi,9.9,Binding,Displacementof[3H]SR141716AformhumanCB1receptorexpressedinHEK293cellsafter60minsbybetacountingDisplacementof[3H]SR141716AformhumanCB1receptorexpressedinHEK293cellsafter60minsbybetacounting,ChEMBL,443,5.8,CC(C)C(=O)N[C@@H]1CCCOc2c1nn(-c1ccccc1Cl)c2-c1ccc(Cl)cc1,10.1021/ml3000325
73616,Human,5.6,pKi,5.6,Binding,Displacementof[3H]CP55940fromhumanCB1receptormembranefractionsDisplacementof[3H]CP55940fromhumanCB1receptormembranefractions,ChEMBL,436,5,O=C(O)c1ccccc1NC(=O)c1cc2c(n(CC3CCCCC3)c1=O)CCCCCC2,10.1016/j.bmcl.2012.02.050
73659,Human,6.4,pKi,6.4,Binding,Displacementof[3H]CP55940fromhumanCB1receptormembranefractionsDisplacementof[3H]CP55940fromhumanCB1receptormembranefractions,ChEMBL,436,5,O=C(O)c1ccc(NC(=O)c2cc3c(n(CC4CCCCC4)c2=O)CCCCCC3)cc1,10.1016/j.bmcl.2012.02.050
73666,Human,6.4,pKi,6.4,Binding,Displacementof[3H]CP55940fromhumanCB1receptormembranefractionsDisplacementof[3H]CP55940fromhumanCB1receptormembranefractions,ChEMBL,457,4.4,O=C(O)Cc1csc(NC(=O)c2cc3c(n(CC4CCCCC4)c2=O)CCCCCC3)n1,10.1016/j.bmcl.2012.02.050
73667,Human,6.6,pKi,6.6,Binding,Displacementof[3H]CP55940fromhumanCB1receptormembranefractionsDisplacementof[3H]CP55940fromhumanCB1receptormembranefractions,ChEMBL,457,4.4,O=C(O)Cc1cnc(NC(=O)c2cc3c(n(CC4CCCCC4)c2=O)CCCCCC3)s1,10.1016/j.bmcl.2012.02.050
73260,Human,8.5,pKi,8.5,Binding,Displacementof[3H]-CP55940fromrecombinanthumanCB1receptorbyscatchardplotanalysisDisplacementof[3H]-CP55940fromrecombinanthumanCB1receptorbyscatchardplotanalysis,ChEMBL,489,2.7,CC(C)(NC(=O)c1cc2c(n(CC3CCCCC3)c1=O)CCCCCC2)C(=O)NCCOCCO,10.1016/j.bmcl.2012.02.054
73264,Human,8.1,pKi,8.1,Binding,Displacementof[3H]-CP55940fromrecombinanthumanCB1receptorbyscatchardplotanalysisDisplacementof[3H]-CP55940fromrecombinanthumanCB1receptorbyscatchardplotanalysis,ChEMBL,485,3.6,CC(C)(NC(=O)c1cc2c(n(CC3CCCCC3)c1=O)CCCCCC2)C(=O)N1CCC(O)CC1,10.1016/j.bmcl.2012.02.054
73268,Human,6.7,pKi,6.7,Binding,Displacementof[3H]-CP55940fromrecombinanthumanCB1receptorbyscatchardplotanalysisDisplacementof[3H]-CP55940fromrecombinanthumanCB1receptorbyscatchardplotanalysis,ChEMBL,590,2.9,CC(C)(NC(=O)c1cc2c(n(CC3CCCCC3)c1=O)CCCCCC2)C(=O)N1CCC(C(=O)NS(C)(=O)=O)CC1,10.1016/j.bmcl.2012.02.054
73316,Human,6.1,pKi,6.1,Binding,Displacementof[3H]-CP55940fromhumanrecombinantCB1receptorafter60minsDisplacementof[3H]-CP55940fromhumanrecombinantCB1receptorafter60mins,ChEMBL,470,5.4,O=C(NC1(C(=O)O)CCCCCCC1)c1cc2c(n(CC3CCCCC3)c1=O)CCCCCC2,10.1016/j.bmcl.2012.02.072
73318,Human,6.6,pKi,6.6,Binding,Displacementof[3H]-CP55940fromhumanrecombinantCB1receptorafter60minsDisplacementof[3H]-CP55940fromhumanrecombinantCB1receptorafter60mins,ChEMBL,428,4.2,O=C(NC1(C(=O)O)CCCC1)c1cc2c(n(CC3CCCCC3)c1=O)CCCCCC2,10.1016/j.bmcl.2012.02.072
73320,Human,5.5,pKi,5.5,Binding,Displacementof[3H]CP55940fromhumanCB1receptormembranefractionsDisplacementof[3H]CP55940fromhumanCB1receptormembranefractions,ChEMBL,456,4.9,O=C(N[C@H](C(=O)O)C1CCCCC1)c1cc2c(n(CC3CCCCC3)c1=O)CCCCCC2,10.1016/j.bmcl.2012.02.050
73617,Human,5.8,pKi,5.8,Binding,Displacementof[3H]CP55940fromhumanCB1receptormembranefractionsDisplacementof[3H]CP55940fromhumanCB1receptormembranefractions,ChEMBL,436,5,O=C(O)c1cccc(NC(=O)c2cc3c(n(CC4CCCCC4)c2=O)CCCCCC3)c1,10.1016/j.bmcl.2012.02.050
76014,Human,8.3,pKi,8.3,Binding,Displacementof[3H]SR141716AformhumanCB1receptorexpressedinHEK293cellsafter60minsbybetacountingDisplacementof[3H]SR141716AformhumanCB1receptorexpressedinHEK293cellsafter60minsbybetacounting,ChEMBL,443,5.8,CC(C)C(=O)N[C@H]1CCCOc2c1nn(-c1ccccc1Cl)c2-c1ccc(Cl)cc1,10.1021/ml3000325
76016,Human,10.1,pKi,10.1,Binding,Displacementof[3H]SR141716AformhumanCB1receptorexpressedinHEK293cellsafter60minsbybetacountingDisplacementof[3H]SR141716AformhumanCB1receptorexpressedinHEK293cellsafter60minsbybetacounting,ChEMBL,485,5.6,O=C(NC1CCCOc2c1nn(-c1ccccc1Cl)c2-c1ccc(Cl)cc1)C1CCOCC1,10.1021/ml3000325
76017,Human,8.9,pKi,8.9,Binding,Displacementof[3H]SR141716AformhumanCB1receptorexpressedinHEK293cellsafter60minsbybetacountingDisplacementof[3H]SR141716AformhumanCB1receptorexpressedinHEK293cellsafter60minsbybetacounting,ChEMBL,445,4.8,COCC(=O)NC1CCCOc2c1nn(-c1ccccc1Cl)c2-c1ccc(Cl)cc1,10.1021/ml3000325
73259,Human,8.2,pKi,8.2,Binding,Displacementof[3H]-CP55940fromrecombinanthumanCB1receptorbyscatchardplotanalysisDisplacementof[3H]-CP55940fromrecombinanthumanCB1receptorbyscatchardplotanalysis,ChEMBL,487,3.9,CC(C)(NC(=O)c1cc2c(n(CC3CCCCC3)c1=O)CCCCCC2)C(=O)NCCCCCO,10.1016/j.bmcl.2012.02.054
73261,Human,6.6,pKi,6.6,Binding,Displacementof[3H]-CP55940fromrecombinanthumanCB1receptorbyscatchardplotanalysisDisplacementof[3H]-CP55940fromrecombinanthumanCB1receptorbyscatchardplotanalysis,ChEMBL,472,3.3,CN(C)CCNC(=O)C(C)(C)NC(=O)c1cc2c(n(CC3CCCCC3)c1=O)CCCCCC2,10.1016/j.bmcl.2012.02.054
76024,Human,9.3,pKi,9.3,Binding,Displacementof[3H]SR141716AformhumanCB1receptorexpressedinHEK293cellsafter60minsbybetacountingDisplacementof[3H]SR141716AformhumanCB1receptorexpressedinHEK293cellsafter60minsbybetacounting,ChEMBL,468,5.5,O=C(NC1CCCOc2c1nn(-c1ccccc1Cl)c2-c1ccc(Cl)cc1)c1ccno1,10.1021/ml3000325
76028,Human,8.4,pKi,8.4,Binding,Displacementof[3H]SR141716AformhumanCB1receptorexpressedinHEK293cellsafter60minsbybetacountingDisplacementof[3H]SR141716AformhumanCB1receptorexpressedinHEK293cellsafter60minsbybetacounting,ChEMBL,457,6.2,CC(C)C(=O)N(C)C1CCCOc2c1nn(-c1ccccc1Cl)c2-c1ccc(Cl)cc1,10.1021/ml3000325
73262,Human,8.3,pKi,8.3,Binding,Displacementof[3H]-CP55940fromrecombinanthumanCB1receptorbyscatchardplotanalysisDisplacementof[3H]-CP55940fromrecombinanthumanCB1receptorbyscatchardplotanalysis,ChEMBL,486,2.8,CC(=O)NCCNC(=O)C(C)(C)NC(=O)c1cc2c(n(CC3CCCCC3)c1=O)CCCCCC2,10.1016/j.bmcl.2012.02.054
72853,Human,8.0,pKi,8.0,Binding,Displacementof[3H]-CP55940fromrecombinanthumanCB1receptorbyscatchardplotanalysisDisplacementof[3H]-CP55940fromrecombinanthumanCB1receptorbyscatchardplotanalysis,ChEMBL,458,2.2,CC(C)(NC(=O)c1cc2c(n(CC3CCCCC3)c1=O)CCCCCC2)C(=O)NCC(N)=O,10.1016/j.bmcl.2012.02.054
73266,Human,8.3,pKi,8.3,Binding,Displacementof[3H]-CP55940fromrecombinanthumanCB1receptorbyscatchardplotanalysisDisplacementof[3H]-CP55940fromrecombinanthumanCB1receptorbyscatchardplotanalysis,ChEMBL,512,3.3,CC(C)(NC(=O)c1cc2c(n(CC3CCCCC3)c1=O)CCCCCC2)C(=O)N1CCC(C(N)=O)CC1,10.1016/j.bmcl.2012.02.054
73524,Human,7.3,pKi,7.3,Binding,Displacementof[3H]-CP55940fromCB1receptorafter90minsbyliquidscintillationcountingDisplacementof[3H]-CP55940fromCB1receptorafter90minsbyliquidscintillationcounting,ChEMBL,471,6.8,Cc1c(C(=O)Nc2cccc(O)c2)nn(-c2ccc(Cl)cc2Cl)c1-c1ccc(Cl)cc1,10.1021/ml200091q
73661,Human,5.5,pKi,5.5,Binding,Displacementof[3H]CP55940fromhumanCB1receptormembranefractionsDisplacementof[3H]CP55940fromhumanCB1receptormembranefractions,ChEMBL,450,5,O=C(O)Cc1cccc(NC(=O)c2cc3c(n(CC4CCCCC4)c2=O)CCCCCC3)c1,10.1016/j.bmcl.2012.02.050
76015,Human,9.2,pKi,9.2,Binding,Displacementof[3H]SR141716AformhumanCB1receptorexpressedinHEK293cellsafter60minsbybetacountingDisplacementof[3H]SR141716AformhumanCB1receptorexpressedinHEK293cellsafter60minsbybetacounting,ChEMBL,483,6.8,O=C(NC1CCCOc2c1nn(-c1ccccc1Cl)c2-c1ccc(Cl)cc1)C1CCCCC1,10.1021/ml3000325
76022,Human,9.9,pKi,9.9,Binding,Displacementof[3H]SR141716AformhumanCB1receptorexpressedinHEK293cellsafter60minsbybetacountingDisplacementof[3H]SR141716AformhumanCB1receptorexpressedinHEK293cellsafter60minsbybetacounting,ChEMBL,466,5.5,N#CC1(C(=O)NC2CCCOc3c2nn(-c2ccccc2Cl)c3-c2ccc(Cl)cc2)CC1,10.1021/ml3000325
73265,Human,5.5,pKi,5.5,Binding,Displacementof[3H]-CP55940fromrecombinanthumanCB1receptorbyscatchardplotanalysisDisplacementof[3H]-CP55940fromrecombinanthumanCB1receptorbyscatchardplotanalysis,ChEMBL,513,3.9,CC(C)(NC(=O)c1cc2c(n(CC3CCCCC3)c1=O)CCCCCC2)C(=O)N1CCC(C(=O)O)CC1,10.1016/j.bmcl.2012.02.054
73613,Human,7.5,pKi,7.5,Binding,Displacementof[3H]CP55940fromhumanCB1receptormembranefractionsDisplacementof[3H]CP55940fromhumanCB1receptormembranefractions,ChEMBL,450,4.6,O=C(N[C@H](C(=O)O)c1ccccc1)c1cc2c(n(CC3CCCCC3)c1=O)CCCCCC2,10.1016/j.bmcl.2012.02.050
170601,Human,5.9,pKi,5.9,Binding,Displacementof[3H]CP55940fromrecombinanthumanCB1RexpressedinHEK293cellmembranesincubatedfor90minsbyCheng-PrusoffequationanalysisDisplacementof[3H]CP55940fromrecombinanthumanCB1RexpressedinHEK293cellmembranesincubatedfor90minsbyCheng-Prusoffequationanalysis,ChEMBL,304,4.7,O=C(Nc1nc2ccccc2s1)c1cccc2ccccc12,10.1016/j.ejmech.2019.07.002
199325,Human,4.7,pKi,4.7,Binding,DRUGMATRIX:CannabinoidCB1radioligandbinding(ligand:[3H]SR141716A)DRUGMATRIX:CannabinoidCB1radioligandbinding(ligand:[3H]SR141716A),ChEMBL,199,3.9,c1ccc2c(c1)Nc1ccccc1S2,
137041,Human,8.2,pKi,8.2,Binding,Displacementof[3H]CP55940fromhumanCB1receptorexpressedinCHOcellmembranesDisplacementof[3H]CP55940fromhumanCB1receptorexpressedinCHOcellmembranes,ChEMBL,548,6.5,Cc1c(C(=O)NC2CCN(C(=O)OC(C)C)CC2)nn(-c2ccc(Cl)cc2Cl)c1-c1ccc(Cl)cc1,10.1016/j.bmc.2016.01.033
109264,Human,6.6,pKi,6.6,Binding,BindingaffinitytoCB1receptor(unknownorigin)BindingaffinitytoCB1receptor(unknownorigin),ChEMBL,439,3.9,COc1cccc2c(C(=O)N[C@@H]3C(C)(C)[C@@H]4CC[C@@]3(C)C4)cn(CCN3CCOCC3)c12,10.1021/jm4005626
80243,Human,6.7,pKi,6.7,Binding,Displacementof[3H]CP55940fromhumanrecombinantCB1receptortransfectedinHEKcellmembraneDisplacementof[3H]CP55940fromhumanrecombinantCB1receptortransfectedinHEKcellmembrane,ChEMBL,384,4.5,CCCn1cc(C(=O)N[C@@H]2C(C)(C)C3CC[C@]2(C)C3)c(=O)c2ccc(F)cc21,10.1016/j.ejmech.2012.09.035
80245,Human,8.4,pKi,8.4,Binding,Displacementof[3H]CP55940fromhumanrecombinantCB1receptortransfectedinHEKcellmembraneDisplacementof[3H]CP55940fromhumanrecombinantCB1receptortransfectedinHEKcellmembrane,ChEMBL,412,5.3,CCCCCn1cc(C(=O)N[C@@H]2C(C)(C)C3CC[C@]2(C)C3)c(=O)c2ccc(F)cc21,10.1016/j.ejmech.2012.09.035
80257,Human,7.5,pKi,7.5,Binding,Displacementof[3H]CP55940fromhumanrecombinantCB1receptortransfectedinHEKcellmembraneDisplacementof[3H]CP55940fromhumanrecombinantCB1receptortransfectedinHEKcellmembrane,ChEMBL,503,5.7,CN(C)CCn1cc(C(=O)N[C@@H]2C(C)(C)C3CC[C@]2(C)C3)c(=O)c2ccc(Sc3ccccc3)cc21,10.1016/j.ejmech.2012.09.035
80264,Human,7.7,pKi,7.7,Binding,Displacementof[3H]CP55940fromhumanrecombinantCB1receptortransfectedinHEKcellmembraneDisplacementof[3H]CP55940fromhumanrecombinantCB1receptortransfectedinHEKcellmembrane,ChEMBL,408,5.5,CCCCCn1cc(C(=O)NC(C)C)c(=O)c2ccc(Sc3ccccc3)cc21,10.1016/j.ejmech.2012.09.035
80266,Human,7.2,pKi,7.2,Binding,Displacementof[3H]CP55940fromhumanrecombinantCB1receptortransfectedinHEKcellmembraneDisplacementof[3H]CP55940fromhumanrecombinantCB1receptortransfectedinHEKcellmembrane,ChEMBL,438,4.8,CCCCCn1cc(C(=O)NC(CC)CO)c(=O)c2ccc(Sc3ccccc3)cc21,10.1016/j.ejmech.2012.09.035
81102,Human,6.7,pKi,6.7,Binding,Displacementof[3H]CP-55940fromhumanrecombinantCB1receptorexpressedinCHOcellmembranesincubatedfor90minsbyscintillationcountingDisplacementof[3H]CP-55940fromhumanrecombinantCB1receptorexpressedinCHOcellmembranesincubatedfor90minsbyscintillationcounting,ChEMBL,434,5.2,CCCC1COc2cccc3c(=O)c(C(=O)NC45CC6CC(C)(CC(C)(C6)C4)C5)cn1c23,10.1021/jm300763w
82124,Human,7.0,pKi,7.0,Binding,Displacementof[3H]CP55940fromhumanCB1receptorexpressedinCHOcellsincubatedfor1hrDisplacementof[3H]CP55940fromhumanCB1receptorexpressedinCHOcellsincubatedfor1hr,ChEMBL,372,3.7,Cc1ccc(C(NC(=O)Cc2ccccc2)NC(=O)Cc2ccccc2)cc1,10.1021/jm301212u
82172,Human,7.9,pKi,7.9,Binding,Displacementof[3H]CP55940fromhumanCB1receptorexpressedinCHO-K1cellsDisplacementof[3H]CP55940fromhumanCB1receptorexpressedinCHO-K1cells,ChEMBL,523,5.5,CC(C)NC(=O)NC1CCN(c2ncnc3c2nc(-c2ccccc2Cl)n3-c2ccc(Cl)cc2)CC1,10.1021/jm301181r
82180,Human,8.0,pKi,8.0,Binding,Displacementof[3H]CP55940fromhumanCB1receptorexpressedinCHO-K1cellsDisplacementof[3H]CP55940fromhumanCB1receptorexpressedinCHO-K1cells,ChEMBL,514,6.2,NC1(c2ccccc2)CCN(c2ncnc3c2nc(-c2ccccc2Cl)n3-c2ccc(Cl)cc2)CC1,10.1021/jm301181r
82182,Human,7.6,pKi,7.6,Binding,RadioligandDisplacementAssay(CP55940):Furthercharacterizationofselectcompoundswasperformedusingradioliganddisplacementof[3H]1andequilibriumdissociationconstant(Ki)valuesweredetermined.SelectivityofthesecompoundsatCB1versusCB2wasalsodeterminedbyobtainingKivaluesateitherreceptorusingdisplacementof[3H]CP55940inmembranesofCHO-K1cellsover-expressingeitherreceptor.Datareportedareaveragevaluesfrom3-6measurements.RadioligandDisplacementAssay(CP55940):Furthercharacterizationofselectcompoundswasperformedusingradioliganddisplacementof[3H]1andequilibriumdissociationconstant(Ki)valuesweredetermined.SelectivityofthesecompoundsatCB1versusCB2wasalsodeterminedbyobtainingKivaluesateitherreceptorusingdisplacementof[3H]CP55940inmembranesofCHO-K1cellsover-expressingeitherreceptor.Datareportedareaveragevaluesfrom3-6measurements.,ChEMBL,613,7.4,CC(C)(C)NC(=O)NC1(c2ccccc2)CCN(c2ncnc3c2nc(-c2ccccc2Cl)n3-c2ccc(Cl)cc2)CC1,
83318,Human,5.5,pKi,5.5,Binding,Displacementof[3H]CP55940fromhumanCB1receptorexpressedinHEK293cellsafter1hrbyliquidscintillationspectrophotometryDisplacementof[3H]CP55940fromhumanCB1receptorexpressedinHEK293cellsafter1hrbyliquidscintillationspectrophotometry,ChEMBL,439,6,CCCn1cc(C(=O)c2cccc3cccc(I)c23)c2ccccc21,10.1016/j.bmc.2012.01.038
83327,Human,6.7,pKi,6.7,Binding,Displacementof[3H]CP55940fromhumanCB1receptorexpressedinHEK293cellsafter1hrbyliquidscintillationspectrophotometryDisplacementof[3H]CP55940fromhumanCB1receptorexpressedinHEK293cellsafter1hrbyliquidscintillationspectrophotometry,ChEMBL,361,6.4,CCCn1c(C)c(C(=O)c2ccc(Cl)c3ccccc23)c2ccccc21,10.1016/j.bmc.2012.01.038
83329,Human,8.1,pKi,8.1,Binding,Displacementof[3H]CP55940fromhumanCB1receptorexpressedinHEK293cellsafter1hrbyliquidscintillationspectrophotometryDisplacementof[3H]CP55940fromhumanCB1receptorexpressedinHEK293cellsafter1hrbyliquidscintillationspectrophotometry,ChEMBL,389,7.2,CCCCCn1c(C)c(C(=O)c2ccc(Cl)c3ccccc23)c2ccccc21,10.1016/j.bmc.2012.01.038
80247,Human,6.8,pKi,6.8,Binding,Displacementof[3H]CP55940fromhumanrecombinantCB1receptortransfectedinHEKcellmembraneDisplacementof[3H]CP55940fromhumanrecombinantCB1receptortransfectedinHEKcellmembrane,ChEMBL,413,3.6,CN(C)CCn1cc(C(=O)N[C@@H]2C(C)(C)C3CC[C@]2(C)C3)c(=O)c2ccc(F)cc21,10.1016/j.ejmech.2012.09.035
80249,Human,5.5,pKi,5.5,Binding,Displacementof[3H]CP55940fromhumanrecombinantCB1receptortransfectedinHEKcellmembraneDisplacementof[3H]CP55940fromhumanrecombinantCB1receptortransfectedinHEKcellmembrane,ChEMBL,368,4.2,C=Cn1cc(C(=O)N[C@@H]2C(C)(C)C3CC[C@]2(C)C3)c(=O)c2ccc(F)cc21,10.1016/j.ejmech.2012.09.035
80254,Human,8.3,pKi,8.3,Binding,Displacementof[3H]CP55940fromhumanrecombinantCB1receptortransfectedinHEKcellmembraneDisplacementof[3H]CP55940fromhumanrecombinantCB1receptortransfectedinHEKcellmembrane,ChEMBL,488,6.9,CCCCn1cc(C(=O)N[C@@H]2C(C)(C)C3CC[C@]2(C)C3)c(=O)c2ccc(Sc3ccccc3)cc21,10.1016/j.ejmech.2012.09.035
80269,Human,7.5,pKi,7.5,Binding,Displacementof[3H]CP55940fromhumanrecombinantCB1receptortransfectedinHEKcellmembraneDisplacementof[3H]CP55940fromhumanrecombinantCB1receptortransfectedinHEKcellmembrane,ChEMBL,449,5.5,CCCCCn1cc(C(=O)NN2CCCCC2)c(=O)c2ccc(Sc3ccccc3)cc21,10.1016/j.ejmech.2012.09.035
80271,Human,7.2,pKi,7.2,Binding,Displacementof[3H]CP55940fromhumanrecombinantCB1receptortransfectedinHEKcellmembraneDisplacementof[3H]CP55940fromhumanrecombinantCB1receptortransfectedinHEKcellmembrane,ChEMBL,479,4.4,CCCCCn1cc(C(=O)NCCN2CCOCC2)c(=O)c2ccc(Sc3ccccc3)cc21,10.1016/j.ejmech.2012.09.035
82174,Human,7.6,pKi,7.6,Binding,Displacementof[3H]CP55940fromhumanCB1receptorexpressedinCHO-K1cellsDisplacementof[3H]CP55940fromhumanCB1receptorexpressedinCHO-K1cells,ChEMBL,537,5.9,CCCCNC(=O)NC1CCN(c2ncnc3c2nc(-c2ccccc2Cl)n3-c2ccc(Cl)cc2)CC1,10.1021/jm301181r
82186,Human,6.6,pKi,6.6,Binding,Displacementof[3H]CP55940fromhumanCB1receptorexpressedinCHO-K1cellsDisplacementof[3H]CP55940fromhumanCB1receptorexpressedinCHO-K1cells,ChEMBL,613,7.4,CCCCNC(=O)NC1(c2ccccc2)CCN(c2ncnc3c2nc(-c2ccccc2Cl)n3-c2ccc(Cl)cc2)CC1,10.1021/jm301181r
83308,Human,7.9,pKi,7.9,Binding,Displacementof[3H]CP55940fromhumanCB1receptorexpressedinHEK293cellsafter1hrbyliquidscintillationspectrophotometryDisplacementof[3H]CP55940fromhumanCB1receptorexpressedinHEK293cellsafter1hrbyliquidscintillationspectrophotometry,ChEMBL,481,7.1,CCCCCn1c(C)c(C(=O)c2ccc(I)c3ccccc23)c2ccccc21,10.1016/j.bmc.2012.01.038
83310,Human,6.2,pKi,6.2,Binding,Displacementof[3H]CP55940fromhumanCB1receptorexpressedinHEK293cellsafter1hrbyliquidscintillationspectrophotometryDisplacementof[3H]CP55940fromhumanCB1receptorexpressedinHEK293cellsafter1hrbyliquidscintillationspectrophotometry,ChEMBL,347,6.1,CCCn1cc(C(=O)c2cccc3cccc(Cl)c23)c2ccccc21,10.1016/j.bmc.2012.01.038
83330,Human,6.8,pKi,6.8,Binding,Displacementof[3H]CP55940fromhumanCB1receptorexpressedinHEK293cellsafter1hrbyliquidscintillationspectrophotometryDisplacementof[3H]CP55940fromhumanCB1receptorexpressedinHEK293cellsafter1hrbyliquidscintillationspectrophotometry,ChEMBL,391,6.2,CCCn1cc(C(=O)c2ccc(Br)c3ccccc23)c2ccccc21,10.1016/j.bmc.2012.01.038
80248,Human,6.5,pKi,6.5,Binding,Displacementof[3H]CP55940fromhumanrecombinantCB1receptortransfectedinHEKcellmembraneDisplacementof[3H]CP55940fromhumanrecombinantCB1receptortransfectedinHEKcellmembrane,ChEMBL,400,3.7,COCCn1cc(C(=O)N[C@@H]2C(C)(C)C3CC[C@]2(C)C3)c(=O)c2ccc(F)cc21,10.1016/j.ejmech.2012.09.035
80250,Human,6.4,pKi,6.4,Binding,Displacementof[3H]CP55940fromhumanrecombinantCB1receptortransfectedinHEKcellmembraneDisplacementof[3H]CP55940fromhumanrecombinantCB1receptortransfectedinHEKcellmembrane,ChEMBL,414,3.9,CC1(C)C2CC[C@](C)(C2)[C@@H]1NC(=O)c1cn(CCCCO)c2cc(F)ccc2c1=O,10.1016/j.ejmech.2012.09.035
80253,Human,8.0,pKi,8.0,Binding,Displacementof[3H]CP55940fromhumanrecombinantCB1receptortransfectedinHEKcellmembraneDisplacementof[3H]CP55940fromhumanrecombinantCB1receptortransfectedinHEKcellmembrane,ChEMBL,474,6.5,CCCn1cc(C(=O)N[C@@H]2C(C)(C)C3CC[C@]2(C)C3)c(=O)c2ccc(Sc3ccccc3)cc21,10.1016/j.ejmech.2012.09.035
80261,Human,6.4,pKi,6.4,Binding,Displacementof[3H]CP55940fromhumanrecombinantCB1receptortransfectedinHEKcellmembraneDisplacementof[3H]CP55940fromhumanrecombinantCB1receptortransfectedinHEKcellmembrane,ChEMBL,492,7.1,CCCCCn1cc(C(=O)NCc2ccc(Cl)c(Cl)c2)c(=O)c2ccc(-c3ccccc3)cc21,10.1016/j.ejmech.2012.09.035
80265,Human,7.1,pKi,7.1,Binding,Displacementof[3H]CP55940fromhumanrecombinantCB1receptortransfectedinHEKcellmembraneDisplacementof[3H]CP55940fromhumanrecombinantCB1receptortransfectedinHEKcellmembrane,ChEMBL,409,4.5,CCCCCn1cc(C(=O)NN(C)C)c(=O)c2ccc(Sc3ccccc3)cc21,10.1016/j.ejmech.2012.09.035
80267,Human,5.8,pKi,5.8,Binding,Displacementof[3H]CP55940fromhumanrecombinantCB1receptortransfectedinHEKcellmembraneDisplacementof[3H]CP55940fromhumanrecombinantCB1receptortransfectedinHEKcellmembrane,ChEMBL,463,4.4,CCCCCn1cc(C(=O)N2CCC[C@H]2C(N)=O)c(=O)c2ccc(Sc3ccccc3)cc21,10.1016/j.ejmech.2012.09.035
80272,Human,6.3,pKi,6.3,Binding,Displacementof[3H]CP55940fromhumanrecombinantCB1receptortransfectedinHEKcellmembraneDisplacementof[3H]CP55940fromhumanrecombinantCB1receptortransfectedinHEKcellmembrane,ChEMBL,396,4.6,CCCCCn1cc(C(=O)NOC)c(=O)c2ccc(Sc3ccccc3)cc21,10.1016/j.ejmech.2012.09.035
82178,Human,8.8,pKi,8.8,Binding,Displacementof[3H]CP55940fromhumanCB1receptorexpressedinCHO-K1cellsDisplacementof[3H]CP55940fromhumanCB1receptorexpressedinCHO-K1cells,ChEMBL,542,5.8,NC(=O)C1(c2ccccc2)CCN(c2ncnc3c2nc(-c2ccccc2Cl)n3-c2ccc(Cl)cc2)CC1,10.1021/jm301181r
83303,Human,8.9,pKi,8.9,Binding,Displacementof[3H]CP55940fromhumanCB1receptorexpressedinHEK293cellsafter1hrbyliquidscintillationspectrophotometryDisplacementof[3H]CP55940fromhumanCB1receptorexpressedinHEK293cellsafter1hrbyliquidscintillationspectrophotometry,ChEMBL,419,7,CCCCCn1cc(C(=O)c2ccc(Br)c3ccccc23)c2ccccc21,10.1016/j.bmc.2012.01.038
83320,Human,7.1,pKi,7.1,Binding,Displacementof[3H]CP55940fromhumanCB1receptorexpressedinHEK293cellsafter1hrbyliquidscintillationspectrophotometryDisplacementof[3H]CP55940fromhumanCB1receptorexpressedinHEK293cellsafter1hrbyliquidscintillationspectrophotometry,ChEMBL,467,6.8,CCCCCn1cc(C(=O)c2cccc3cccc(I)c23)c2ccccc21,10.1016/j.bmc.2012.01.038
83323,Human,6.3,pKi,6.3,Binding,Displacementof[3H]CP55940fromhumanCB1receptorexpressedinHEK293cellsafter1hrbyliquidscintillationspectrophotometryDisplacementof[3H]CP55940fromhumanCB1receptorexpressedinHEK293cellsafter1hrbyliquidscintillationspectrophotometry,ChEMBL,345,5.9,CCCn1c(C)c(C(=O)c2ccc(F)c3ccccc23)c2ccccc21,10.1016/j.bmc.2012.01.038
83324,Human,8.1,pKi,8.1,Binding,Displacementof[3H]CP55940fromhumanCB1receptorexpressedinHEK293cellsafter1hrbyliquidscintillationspectrophotometryDisplacementof[3H]CP55940fromhumanCB1receptorexpressedinHEK293cellsafter1hrbyliquidscintillationspectrophotometry,ChEMBL,359,6.4,CCCCCn1cc(C(=O)c2ccc(F)c3ccccc23)c2ccccc21,10.1016/j.bmc.2012.01.038
80260,Human,7.4,pKi,7.4,Binding,Displacementof[3H]CP55940fromhumanrecombinantCB1receptortransfectedinHEKcellmembraneDisplacementof[3H]CP55940fromhumanrecombinantCB1receptortransfectedinHEKcellmembrane,ChEMBL,504,5.9,CC1(C)C2CC[C@](C)(C2)[C@@H]1NC(=O)c1cn(CCCCO)c2cc(Sc3ccccc3)ccc2c1=O,10.1016/j.ejmech.2012.09.035
80895,Human,5.5,pKi,5.5,Binding,Displacementof[3H]CP-55940fromhumanrecombinantCB1receptorexpressedinHEK293cellsafter90minsDisplacementof[3H]CP-55940fromhumanrecombinantCB1receptorexpressedinHEK293cellsafter90mins,ChEMBL,607,10.5,CN(CCCCCCCOc1ccc(-c2oc3ccccc3c2C(=O)c2ccc(-c3ccccc3)cc2)cc1)Cc1ccccc1,10.1016/j.ejmech.2012.10.045
81116,Human,6.3,pKi,6.3,Binding,Displacementof[3H]CP-55940fromhumanrecombinantCB1receptorexpressedinCHOcellmembranesincubatedfor90minsbyscintillationcountingDisplacementof[3H]CP-55940fromhumanrecombinantCB1receptorexpressedinCHOcellmembranesincubatedfor90minsbyscintillationcounting,ChEMBL,468,5.5,CC12CC3CC(C)(C1)CC(NC(=O)c1cn4c5c(cccc5c1=O)OCC4c1ccccc1)(C3)C2,10.1021/jm300763w
82176,Human,8.6,pKi,8.6,Binding,RadioligandDisplacementAssay(CP55940):Furthercharacterizationofselectcompoundswasperformedusingradioliganddisplacementof[3H]1andequilibriumdissociationconstant(Ki)valuesweredetermined.SelectivityofthesecompoundsatCB1versusCB2wasalsodeterminedbyobtainingKivaluesateitherreceptorusingdisplacementof[3H]CP55940inmembranesofCHO-K1cellsover-expressingeitherreceptor.Datareportedareaveragevaluesfrom3-6measurements.RadioligandDisplacementAssay(CP55940):Furthercharacterizationofselectcompoundswasperformedusingradioliganddisplacementof[3H]1andequilibriumdissociationconstant(Ki)valuesweredetermined.SelectivityofthesecompoundsatCB1versusCB2wasalsodeterminedbyobtainingKivaluesateitherreceptorusingdisplacementof[3H]CP55940inmembranesofCHO-K1cellsover-expressingeitherreceptor.Datareportedareaveragevaluesfrom3-6measurements.,ChEMBL,542,6.2,O=C(NC1CCN(c2ncnc3c2nc(-c2ccccc2Cl)n3-c2ccc(Cl)cc2)CC1)c1ccccc1,
82179,Human,8.2,pKi,8.2,Binding,Displacementof[3H]CP55940fromhumanCB1receptorexpressedinCHO-K1cellsDisplacementof[3H]CP55940fromhumanCB1receptorexpressedinCHO-K1cells,ChEMBL,614,7.8,CC(C)(C)OC(=O)NC1(c2ccccc2)CCN(c2ncnc3c2nc(-c2ccccc2Cl)n3-c2ccc(Cl)cc2)CC1,10.1021/jm301181r
80258,Human,7.6,pKi,7.6,Binding,Displacementof[3H]CP55940fromhumanrecombinantCB1receptortransfectedinHEKcellmembraneDisplacementof[3H]CP55940fromhumanrecombinantCB1receptortransfectedinHEKcellmembrane,ChEMBL,490,5.7,COCCn1cc(C(=O)N[C@@H]2C(C)(C)C3CC[C@]2(C)C3)c(=O)c2ccc(Sc3ccccc3)cc21,10.1016/j.ejmech.2012.09.035
80263,Human,6.2,pKi,6.2,Binding,Displacementof[3H]CP55940fromhumanrecombinantCB1receptortransfectedinHEKcellmembraneDisplacementof[3H]CP55940fromhumanrecombinantCB1receptortransfectedinHEKcellmembrane,ChEMBL,494,6.2,CCCCCn1cc(C(=O)NCc2ccc(Cl)c(Cl)c2)c(=O)c2ccc(Br)cc21,10.1016/j.ejmech.2012.09.035
80270,Human,7.9,pKi,7.9,Binding,Displacementof[3H]CP55940fromhumanrecombinantCB1receptortransfectedinHEKcellmembraneDisplacementof[3H]CP55940fromhumanrecombinantCB1receptortransfectedinHEKcellmembrane,ChEMBL,472,6.2,CCCCCn1cc(C(=O)NOCc2ccccc2)c(=O)c2ccc(Sc3ccccc3)cc21,10.1016/j.ejmech.2012.09.035
80899,Human,6.3,pKi,6.3,Binding,Displacementof[3H]CP-55940fromhumanrecombinantCB1receptorexpressedinHEK293cellsafter90minsDisplacementof[3H]CP-55940fromhumanrecombinantCB1receptorexpressedinHEK293cellsafter90mins,ChEMBL,660,8.5,CN(CCCCCCCOc1ccc(-c2oc3ccccc3c2C(=O)c2ccc(OCCN3CCOCC3)cc2)cc1)Cc1ccccc1,10.1016/j.ejmech.2012.10.045
82173,Human,7.6,pKi,7.6,Binding,Displacementof[3H]CP55940fromhumanCB1receptorexpressedinCHO-K1cellsDisplacementof[3H]CP55940fromhumanCB1receptorexpressedinCHO-K1cells,ChEMBL,523,5.5,CCCNC(=O)NC1CCN(c2ncnc3c2nc(-c2ccccc2Cl)n3-c2ccc(Cl)cc2)CC1,10.1021/jm301181r
82183,Human,6.7,pKi,6.7,Binding,Displacementof[3H]CP55940fromhumanCB1receptorexpressedinCHO-K1cellsDisplacementof[3H]CP55940fromhumanCB1receptorexpressedinCHO-K1cells,ChEMBL,585,6.6,CCNC(=O)NC1(c2ccccc2)CCN(c2ncnc3c2nc(-c2ccccc2Cl)n3-c2ccc(Cl)cc2)CC1,10.1021/jm301181r
82187,Human,7.6,pKi,7.6,Binding,RadioligandDisplacementAssay(CP55940):Furthercharacterizationofselectcompoundswasperformedusingradioliganddisplacementof[3H]1andequilibriumdissociationconstant(Ki)valuesweredetermined.SelectivityofthesecompoundsatCB1versusCB2wasalsodeterminedbyobtainingKivaluesateitherreceptorusingdisplacementof[3H]CP55940inmembranesofCHO-K1cellsover-expressingeitherreceptor.Datareportedareaveragevaluesfrom3-6measurements.RadioligandDisplacementAssay(CP55940):Furthercharacterizationofselectcompoundswasperformedusingradioliganddisplacementof[3H]1andequilibriumdissociationconstant(Ki)valuesweredetermined.SelectivityofthesecompoundsatCB1versusCB2wasalsodeterminedbyobtainingKivaluesateitherreceptorusingdisplacementof[3H]CP55940inmembranesofCHO-K1cellsover-expressingeitherreceptor.Datareportedareaveragevaluesfrom3-6measurements.,ChEMBL,538,6.6,CC(C)(C)OC(=O)N1CCC(Nc2ncnc3c2nc(-c2ccccc2Cl)n3-c2ccc(Cl)cc2)CC1,
83098,Human,5.0,pKi,5.0,Binding,"Displacementof[3H]-CP55,940fromhumanCB1receptorafter60minsbymicroscintillationcountinganalysisDisplacementof[3H]-CP55,940fromhumanCB1receptorafter60minsbymicroscintillationcountinganalysis",ChEMBL,464,4.3,O=C(Nc1sc2c(c1C(=O)N1CC(F)(F)C1)CCOC2)c1c(F)cccc1C(F)(F)F,10.1016/j.bmcl.2012.10.087
83302,Human,6.4,pKi,6.4,Binding,Displacementof[3H]CP55940fromhumanCB1receptorexpressedinHEK293cellsafter1hrbyliquidscintillationspectrophotometryDisplacementof[3H]CP55940fromhumanCB1receptorexpressedinHEK293cellsafter1hrbyliquidscintillationspectrophotometry,ChEMBL,405,6.5,CCCn1c(C)c(C(=O)c2ccc(Br)c3ccccc23)c2ccccc21,10.1016/j.bmc.2012.01.038
83307,Human,8.6,pKi,8.6,Binding,Displacementof[3H]CP55940fromhumanCB1receptorexpressedinHEK293cellsafter1hrbyliquidscintillationspectrophotometryDisplacementof[3H]CP55940fromhumanCB1receptorexpressedinHEK293cellsafter1hrbyliquidscintillationspectrophotometry,ChEMBL,467,6.8,CCCCCn1cc(C(=O)c2ccc(I)c3ccccc23)c2ccccc21,10.1016/j.bmc.2012.01.038
83317,Human,7.3,pKi,7.3,Binding,Displacementof[3H]CP55940fromhumanCB1receptorexpressedinHEK293cellsafter1hrbyliquidscintillationspectrophotometryDisplacementof[3H]CP55940fromhumanCB1receptorexpressedinHEK293cellsafter1hrbyliquidscintillationspectrophotometry,ChEMBL,433,7.3,CCCCCn1c(C)c(C(=O)c2cccc3cccc(Br)c23)c2ccccc21,10.1016/j.bmc.2012.01.038
83319,Human,5.4,pKi,5.4,Binding,Displacementof[3H]CP55940fromhumanCB1receptorexpressedinHEK293cellsafter1hrbyliquidscintillationspectrophotometryDisplacementof[3H]CP55940fromhumanCB1receptorexpressedinHEK293cellsafter1hrbyliquidscintillationspectrophotometry,ChEMBL,453,6.3,CCCn1c(C)c(C(=O)c2cccc3cccc(I)c23)c2ccccc21,10.1016/j.bmc.2012.01.038
83325,Human,7.9,pKi,7.9,Binding,Displacementof[3H]CP55940fromhumanCB1receptorexpressedinHEK293cellsafter1hrbyliquidscintillationspectrophotometryDisplacementof[3H]CP55940fromhumanCB1receptorexpressedinHEK293cellsafter1hrbyliquidscintillationspectrophotometry,ChEMBL,373,6.7,CCCCCn1c(C)c(C(=O)c2ccc(F)c3ccccc23)c2ccccc21,10.1016/j.bmc.2012.01.038
80256,Human,6.2,pKi,6.2,Binding,Displacementof[3H]CP55940fromhumanrecombinantCB1receptortransfectedinHEKcellmembraneDisplacementof[3H]CP55940fromhumanrecombinantCB1receptortransfectedinHEKcellmembrane,ChEMBL,536,7.5,Cc1cccc(Cn2cc(C(=O)N[C@@H]3C(C)(C)C4CC[C@]3(C)C4)c(=O)c3ccc(Sc4ccccc4)cc32)c1,10.1016/j.ejmech.2012.09.035
80897,Human,5.6,pKi,5.6,Binding,Displacementof[3H]CP-55940fromhumanrecombinantCB1receptorexpressedinHEK293cellsafter90minsDisplacementof[3H]CP-55940fromhumanrecombinantCB1receptorexpressedinHEK293cellsafter90mins,ChEMBL,646,9.5,CCN(CC)CCOc1cccc(C(=O)c2c(-c3ccc(OCCCCCCCN(C)Cc4ccccc4)cc3)oc3ccccc23)c1,10.1016/j.ejmech.2012.10.045
82171,Human,8.8,pKi,8.8,Binding,Displacementof[3H]CP55940fromhumanCB1receptorexpressedinCHO-K1cellsDisplacementof[3H]CP55940fromhumanCB1receptorexpressedinCHO-K1cells,ChEMBL,538,6.3,CC(C)(C)OC(=O)NC1CCN(c2ncnc3c2nc(-c2ccccc2Cl)n3-c2ccc(Cl)cc2)CC1,10.1021/jm301181r
82181,Human,8.2,pKi,8.2,Binding,Displacementof[3H]CP55940fromhumanCB1receptorexpressedinCHO-K1cellsDisplacementof[3H]CP55940fromhumanCB1receptorexpressedinCHO-K1cells,ChEMBL,592,5.8,CS(=O)(=O)NC1(c2ccccc2)CCN(c2ncnc3c2nc(-c2ccccc2Cl)n3-c2ccc(Cl)cc2)CC1,10.1021/jm301181r
82188,Human,5.5,pKi,5.5,Binding,Displacementof[3H]CP55940fromhumanCB1receptorexpressedinCHO-K1cellsDisplacementof[3H]CP55940fromhumanCB1receptorexpressedinCHO-K1cells,ChEMBL,537,6.2,CCCCNC(=O)N1CCC(Nc2ncnc3c2nc(-c2ccccc2Cl)n3-c2ccc(Cl)cc2)CC1,10.1021/jm301181r
83096,Human,5.1,pKi,5.1,Binding,"Displacementof[3H]-CP55,940fromhumanCB1receptorafter60minsbymicroscintillationcountinganalysisDisplacementof[3H]-CP55,940fromhumanCB1receptorafter60minsbymicroscintillationcountinganalysis",ChEMBL,446,4.2,O=C(Nc1sc2c(c1C(=O)N1CC(F)(F)C1)CCOC2)c1ccccc1C(F)(F)F,10.1016/j.bmcl.2012.10.087
83322,Human,6.6,pKi,6.6,Binding,Displacementof[3H]CP55940fromhumanCB1receptorexpressedinHEK293cellsafter1hrbyliquidscintillationspectrophotometryDisplacementof[3H]CP55940fromhumanCB1receptorexpressedinHEK293cellsafter1hrbyliquidscintillationspectrophotometry,ChEMBL,331,5.6,CCCn1cc(C(=O)c2ccc(F)c3ccccc23)c2ccccc21,10.1016/j.bmc.2012.01.038
80242,Human,6.0,pKi,6.0,Binding,Displacementof[3H]CP55940fromhumanrecombinantCB1receptortransfectedinHEKcellmembraneDisplacementof[3H]CP55940fromhumanrecombinantCB1receptortransfectedinHEKcellmembrane,ChEMBL,370,4.1,CCn1cc(C(=O)N[C@@H]2C(C)(C)C3CC[C@]2(C)C3)c(=O)c2ccc(F)cc21,10.1016/j.ejmech.2012.09.035
80244,Human,7.8,pKi,7.8,Binding,Displacementof[3H]CP55940fromhumanrecombinantCB1receptortransfectedinHEKcellmembraneDisplacementof[3H]CP55940fromhumanrecombinantCB1receptortransfectedinHEKcellmembrane,ChEMBL,398,4.9,CCCCn1cc(C(=O)N[C@@H]2C(C)(C)C3CC[C@]2(C)C3)c(=O)c2ccc(F)cc21,10.1016/j.ejmech.2012.09.035
80251,Human,5.7,pKi,5.7,Binding,Displacementof[3H]CP55940fromhumanrecombinantCB1receptortransfectedinHEKcellmembraneDisplacementof[3H]CP55940fromhumanrecombinantCB1receptortransfectedinHEKcellmembrane,ChEMBL,446,5.6,Cn1cc(C(=O)N[C@@H]2C(C)(C)C3CC[C@]2(C)C3)c(=O)c2ccc(Sc3ccccc3)cc21,10.1016/j.ejmech.2012.09.035
80255,Human,8.6,pKi,8.6,Binding,Displacementof[3H]CP55940fromhumanrecombinantCB1receptortransfectedinHEKcellmembraneDisplacementof[3H]CP55940fromhumanrecombinantCB1receptortransfectedinHEKcellmembrane,ChEMBL,502,7.3,CCCCCn1cc(C(=O)N[C@@H]2C(C)(C)C3CC[C@]2(C)C3)c(=O)c2ccc(Sc3ccccc3)cc21,10.1016/j.ejmech.2012.09.035
80268,Human,6.8,pKi,6.8,Binding,Displacementof[3H]CP55940fromhumanrecombinantCB1receptortransfectedinHEKcellmembraneDisplacementof[3H]CP55940fromhumanrecombinantCB1receptortransfectedinHEKcellmembrane,ChEMBL,475,5.2,CCCCCn1cc(C(=O)NC2CN3CCC2CC3)c(=O)c2ccc(Sc3ccccc3)cc21,10.1016/j.ejmech.2012.09.035
80273,Human,6.4,pKi,6.4,Binding,Displacementof[3H]CP55940fromhumanrecombinantCB1receptortransfectedinHEKcellmembraneDisplacementof[3H]CP55940fromhumanrecombinantCB1receptortransfectedinHEKcellmembrane,ChEMBL,524,7.6,CCCCCn1cc(C(=O)NCc2ccc(Cl)c(Cl)c2)c(=O)c2ccc(Sc3ccccc3)cc21,10.1016/j.ejmech.2012.09.035
81098,Human,5.9,pKi,5.9,Binding,Displacementof[3H]CP-55940fromhumanrecombinantCB1receptorexpressedinCHOcellmembranesincubatedfor90minsbyscintillationcountingDisplacementof[3H]CP-55940fromhumanrecombinantCB1receptorexpressedinCHOcellmembranesincubatedfor90minsbyscintillationcounting,ChEMBL,341,3.1,CCC1COc2cccc3c(=O)c(C(=O)Nc4nccs4)cn1c23,10.1021/jm300763w
81568,Human,7.1,pKi,7.1,Binding,Displacementof[3H]-CP55940fromhumanrecombinantCB1receptorexpressedinCHOcellsmembranebyscintillationcountingDisplacementof[3H]-CP55940fromhumanrecombinantCB1receptorexpressedinCHOcellsmembranebyscintillationcounting,ChEMBL,340,4.6,CCCCCn1cc(C(=O)Nc2ccccc2)c(=O)cc1C(C)(C)C,10.1021/jm3008568
82177,Human,8.9,pKi,8.9,Binding,Displacementof[3H]CP55940fromhumanCB1receptorexpressedinCHO-K1cellsDisplacementof[3H]CP55940fromhumanCB1receptorexpressedinCHO-K1cells,ChEMBL,578,5.7,O=S(=O)(NC1CCN(c2ncnc3c2nc(-c2ccccc2Cl)n3-c2ccc(Cl)cc2)CC1)c1ccccc1,10.1021/jm301181r
82184,Human,6.5,pKi,6.5,Binding,Displacementof[3H]CP55940fromhumanCB1receptorexpressedinCHO-K1cellsDisplacementof[3H]CP55940fromhumanCB1receptorexpressedinCHO-K1cells,ChEMBL,599,7,CC(C)NC(=O)NC1(c2ccccc2)CCN(c2ncnc3c2nc(-c2ccccc2Cl)n3-c2ccc(Cl)cc2)CC1,10.1021/jm301181r
83326,Human,7.0,pKi,7.0,Binding,Displacementof[3H]CP55940fromhumanCB1receptorexpressedinHEK293cellsafter1hrbyliquidscintillationspectrophotometryDisplacementof[3H]CP55940fromhumanCB1receptorexpressedinHEK293cellsafter1hrbyliquidscintillationspectrophotometry,ChEMBL,347,6.1,CCCn1cc(C(=O)c2ccc(Cl)c3ccccc23)c2ccccc21,10.1016/j.bmc.2012.01.038
80252,Human,6.7,pKi,6.7,Binding,Displacementof[3H]CP55940fromhumanrecombinantCB1receptortransfectedinHEKcellmembraneDisplacementof[3H]CP55940fromhumanrecombinantCB1receptortransfectedinHEKcellmembrane,ChEMBL,460,6.1,CCn1cc(C(=O)N[C@@H]2C(C)(C)C3CC[C@]2(C)C3)c(=O)c2ccc(Sc3ccccc3)cc21,10.1016/j.ejmech.2012.09.035
82175,Human,7.5,pKi,7.5,Binding,Displacementof[3H]CP55940fromhumanCB1receptorexpressedinCHO-K1cellsDisplacementof[3H]CP55940fromhumanCB1receptorexpressedinCHO-K1cells,ChEMBL,516,4.3,CS(=O)(=O)NC1CCN(c2ncnc3c2nc(-c2ccccc2Cl)n3-c2ccc(Cl)cc2)CC1,10.1021/jm301181r
82185,Human,6.7,pKi,6.7,Binding,Displacementof[3H]CP55940fromhumanCB1receptorexpressedinCHO-K1cellsDisplacementof[3H]CP55940fromhumanCB1receptorexpressedinCHO-K1cells,ChEMBL,599,7,CCCNC(=O)NC1(c2ccccc2)CCN(c2ncnc3c2nc(-c2ccccc2Cl)n3-c2ccc(Cl)cc2)CC1,10.1021/jm301181r
83118,Human,4.9,pKi,4.9,Binding,"Displacementof[3H]-CP55,940fromhumanCB1receptorafter60minsbymicroscintillationcountinganalysisDisplacementof[3H]-CP55,940fromhumanCB1receptorafter60minsbymicroscintillationcountinganalysis",ChEMBL,438,4.7,O=C(Nc1sc2c(c1C(=O)N1CCCCC1)CCOC2)c1ccccc1C(F)(F)F,10.1016/j.bmcl.2012.10.087
83119,Human,4.7,pKi,4.7,Binding,"Displacementof[3H]-CP55,940fromhumanCB1receptorafter60minsbymicroscintillationcountinganalysisDisplacementof[3H]-CP55,940fromhumanCB1receptorafter60minsbymicroscintillationcountinganalysis",ChEMBL,454,4.6,O=C(Nc1sc2c(c1C(=O)N1CCCCC1)CCOC2)c1ccccc1OC(F)(F)F,10.1016/j.bmcl.2012.10.087
83304,Human,7.9,pKi,7.9,Binding,Displacementof[3H]CP55940fromhumanCB1receptorexpressedinHEK293cellsafter1hrbyliquidscintillationspectrophotometryDisplacementof[3H]CP55940fromhumanCB1receptorexpressedinHEK293cellsafter1hrbyliquidscintillationspectrophotometry,ChEMBL,433,7.3,CCCCCn1c(C)c(C(=O)c2ccc(Br)c3ccccc23)c2ccccc21,10.1016/j.bmc.2012.01.038
83312,Human,7.6,pKi,7.6,Binding,Displacementof[3H]CP55940fromhumanCB1receptorexpressedinHEK293cellsafter1hrbyliquidscintillationspectrophotometryDisplacementof[3H]CP55940fromhumanCB1receptorexpressedinHEK293cellsafter1hrbyliquidscintillationspectrophotometry,ChEMBL,375,6.9,CCCCCn1cc(C(=O)c2cccc3cccc(Cl)c23)c2ccccc21,10.1016/j.bmc.2012.01.038
83313,Human,6.9,pKi,6.9,Binding,Displacementof[3H]CP55940fromhumanCB1receptorexpressedinHEK293cellsafter1hrbyliquidscintillationspectrophotometryDisplacementof[3H]CP55940fromhumanCB1receptorexpressedinHEK293cellsafter1hrbyliquidscintillationspectrophotometry,ChEMBL,389,7.2,CCCCCn1c(C)c(C(=O)c2cccc3cccc(Cl)c23)c2ccccc21,10.1016/j.bmc.2012.01.038
114954,Human,7.2,pKi,7.2,Binding,Displacementof[3H]CP55940fromhumanCB1RexpressedinCHOcellsDisplacementof[3H]CP55940fromhumanCB1RexpressedinCHOcells,ChEMBL,407,5.2,N#Cc1ccccc1CSc1nnc2c3ccccc3n(Cc3ccccc3)c2n1,10.1016/j.bmc.2014.11.002
114955,Human,6.6,pKi,6.6,Binding,Displacementof[3H]CP55940fromhumanCB1RexpressedinCHOcellsDisplacementof[3H]CP55940fromhumanCB1RexpressedinCHOcells,ChEMBL,400,5.5,Fc1ccccc1CSc1nnc2c3ccccc3n(Cc3ccccc3)c2n1,10.1016/j.bmc.2014.11.002
114945,Human,5.5,pKi,5.5,Binding,Displacementof[3H]CP55940fromhumanCB1RexpressedinCHOcellsDisplacementof[3H]CP55940fromhumanCB1RexpressedinCHOcells,ChEMBL,395,4.4,N#Cc1ccccc1CSc1nnc2c(n1)[nH]c1cccc(Br)c12,10.1016/j.bmc.2014.11.002
85959,Human,6.3,pKi,6.3,Binding,"Displacementof[3H]CP-55,940fromhumanCB1receptorexpressedinCHOcellmembranesafter90minsbyscintillationcountinganalysisDisplacementof[3H]CP-55,940fromhumanCB1receptorexpressedinCHOcellmembranesafter90minsbyscintillationcountinganalysis",ChEMBL,459,4.4,CCCCCn1cc(C(=O)NC23CC4CC(CC(C4)C2)C3)c(=O)n2nc(-c3ccccc3)nc12,10.1016/j.ejmech.2016.02.032
85978,Human,6.3,pKi,6.3,Binding,"Displacementof[3H]CP-55,940fromhumanrecombinantCB1receptorexpressedinCHOcellmembranesafter90minsbyscintillationcountinganalysisDisplacementof[3H]CP-55,940fromhumanrecombinantCB1receptorexpressedinCHOcellmembranesafter90minsbyscintillationcountinganalysis",ChEMBL,358,3.3,CCCCCn1cc(C(=O)NC2CCCCC2)c(=O)c2c(C)nn(C)c21,10.1021/jm301527r
85979,Human,5.9,pKi,5.9,Binding,"Displacementof[3H]CP-55,940fromhumanrecombinantCB1receptorexpressedinCHOcellmembranesafter90minsbyscintillationcountinganalysisDisplacementof[3H]CP-55,940fromhumanrecombinantCB1receptorexpressedinCHOcellmembranesafter90minsbyscintillationcountinganalysis",ChEMBL,344,2.9,CCCCn1cc(C(=O)NC2CCCCC2)c(=O)c2c(C)nn(C)c21,10.1021/jm301527r
85980,Human,6.1,pKi,6.1,Binding,"Displacementof[3H]CP-55,940fromhumanrecombinantCB1receptorexpressedinCHOcellmembranesafter90minsbyscintillationcountinganalysisDisplacementof[3H]CP-55,940fromhumanrecombinantCB1receptorexpressedinCHOcellmembranesafter90minsbyscintillationcountinganalysis",ChEMBL,330,2.5,CCCn1cc(C(=O)NC2CCCCC2)c(=O)c2c(C)nn(C)c21,10.1021/jm301527r
85982,Human,5.4,pKi,5.4,Binding,"Displacementof[3H]CP-55,940fromhumanrecombinantCB1receptorexpressedinCHOcellmembranesafter90minsbyscintillationcountinganalysisDisplacementof[3H]CP-55,940fromhumanrecombinantCB1receptorexpressedinCHOcellmembranesafter90minsbyscintillationcountinganalysis",ChEMBL,372,3.7,CCCCCCn1cc(C(=O)NC2CCCCC2)c(=O)c2c(C)nn(C)c21,10.1021/jm301527r
85983,Human,5.4,pKi,5.4,Binding,"Displacementof[3H]CP-55,940fromhumanrecombinantCB1receptorexpressedinCHOcellmembranesafter90minsbyscintillationcountinganalysisDisplacementof[3H]CP-55,940fromhumanrecombinantCB1receptorexpressedinCHOcellmembranesafter90minsbyscintillationcountinganalysis",ChEMBL,378,3.2,Cc1nn(C)c2c1c(=O)c(C(=O)NC1CCCCC1)cn2Cc1ccccc1,10.1021/jm301527r
85984,Human,6.0,pKi,6.0,Binding,"Displacementof[3H]CP-55,940fromhumanrecombinantCB1receptorexpressedinCHOcellmembranesafter90minsbyscintillationcountinganalysisDisplacementof[3H]CP-55,940fromhumanrecombinantCB1receptorexpressedinCHOcellmembranesafter90minsbyscintillationcountinganalysis",ChEMBL,372,3.5,CCCCCn1cc(C(=O)NCC2CCCCC2)c(=O)c2c(C)nn(C)c21,10.1021/jm301527r
85987,Human,6.6,pKi,6.6,Binding,"Displacementof[3H]CP-55,940fromhumanrecombinantCB1receptorexpressedinCHOcellmembranesafter90minsbyscintillationcountinganalysisDisplacementof[3H]CP-55,940fromhumanrecombinantCB1receptorexpressedinCHOcellmembranesafter90minsbyscintillationcountinganalysis",ChEMBL,372,3.7,CCCCCn1cc(C(=O)NC2CCCCCC2)c(=O)c2c(C)nn(C)c21,10.1021/jm301527r
85988,Human,6.1,pKi,6.1,Binding,"Displacementof[3H]CP-55,940fromhumanrecombinantCB1receptorexpressedinCHOcellmembranesafter90minsbyscintillationcountinganalysisDisplacementof[3H]CP-55,940fromhumanrecombinantCB1receptorexpressedinCHOcellmembranesafter90minsbyscintillationcountinganalysis",ChEMBL,410,3.9,CCCCCn1cc(C(=O)NC23CC4CC(CC(C4)C2)C3)c(=O)c2c(C)nn(C)c21,10.1021/jm301527r
85990,Human,5.8,pKi,5.8,Binding,"Displacementof[3H]CP-55,940fromhumanrecombinantCB1receptorexpressedinCHOcellmembranesafter90minsbyscintillationcountinganalysisDisplacementof[3H]CP-55,940fromhumanrecombinantCB1receptorexpressedinCHOcellmembranesafter90minsbyscintillationcountinganalysis",ChEMBL,374,3.8,CCCCCn1cc(C(=O)NC(C)CCC(C)C)c(=O)c2c(C)nn(C)c21,10.1021/jm301527r
85961,Human,6.1,pKi,6.1,Binding,"Displacementof[3H]CP-55,940fromhumanrecombinantCB1receptorexpressedinCHOcellmembranesafter90minsbyscintillationcountinganalysisDisplacementof[3H]CP-55,940fromhumanrecombinantCB1receptorexpressedinCHOcellmembranesafter90minsbyscintillationcountinganalysis",ChEMBL,352,3.5,CCCCCn1cc(C(=O)Nc2ccccc2)c(=O)c2c(C)nn(C)c21,10.1021/jm301527r
85963,Human,6.0,pKi,6.0,Binding,"Displacementof[3H]CP-55,940fromhumanrecombinantCB1receptorexpressedinCHOcellmembranesafter90minsbyscintillationcountinganalysisDisplacementof[3H]CP-55,940fromhumanrecombinantCB1receptorexpressedinCHOcellmembranesafter90minsbyscintillationcountinganalysis",ChEMBL,372,3.6,CCCCCn1cc(C(=O)NC2CCCCC2)c(=O)c2c(CC)nn(C)c21,10.1021/jm301527r
85964,Human,6.4,pKi,6.4,Binding,"Displacementof[3H]CP-55,940fromhumanrecombinantCB1receptorexpressedinCHOcellmembranesafter90minsbyscintillationcountinganalysisDisplacementof[3H]CP-55,940fromhumanrecombinantCB1receptorexpressedinCHOcellmembranesafter90minsbyscintillationcountinganalysis",ChEMBL,424,4.2,CCCCCn1cc(C(=O)NC23CC4CC(CC(C4)C2)C3)c(=O)c2c(CC)nn(C)c21,10.1021/jm301527r
85966,Human,5.4,pKi,5.4,Binding,"Displacementof[3H]CP-55,940fromhumanrecombinantCB1receptorexpressedinCHOcellmembranesafter90minsbyscintillationcountinganalysisDisplacementof[3H]CP-55,940fromhumanrecombinantCB1receptorexpressedinCHOcellmembranesafter90minsbyscintillationcountinganalysis",ChEMBL,452,4.9,CCCCCn1cc(C(=O)NC23CC4CC(CC(C4)C2)C3)c(=O)c2c(C(C)(C)C)nn(C)c21,10.1021/jm301527r
85967,Human,5.3,pKi,5.3,Binding,"Displacementof[3H]CP-55,940fromhumanrecombinantCB1receptorexpressedinCHOcellmembranesafter90minsbyscintillationcountinganalysisDisplacementof[3H]CP-55,940fromhumanrecombinantCB1receptorexpressedinCHOcellmembranesafter90minsbyscintillationcountinganalysis",ChEMBL,344,3,CCCCCn1cc(C(=O)NC2CCCCC2)c(=O)c2cnn(C)c21,10.1021/jm301527r
85968,Human,5.3,pKi,5.3,Binding,"Displacementof[3H]CP-55,940fromhumanrecombinantCB1receptorexpressedinCHOcellmembranesafter90minsbyscintillationcountinganalysisDisplacementof[3H]CP-55,940fromhumanrecombinantCB1receptorexpressedinCHOcellmembranesafter90minsbyscintillationcountinganalysis",ChEMBL,358,3.4,CCCCCn1cc(C(=O)NC2CCCCCC2)c(=O)c2cnn(C)c21,10.1021/jm301527r
85969,Human,5.3,pKi,5.3,Binding,"Displacementof[3H]CP-55,940fromhumanrecombinantCB1receptorexpressedinCHOcellmembranesafter90minsbyscintillationcountinganalysisDisplacementof[3H]CP-55,940fromhumanrecombinantCB1receptorexpressedinCHOcellmembranesafter90minsbyscintillationcountinganalysis",ChEMBL,396,3.6,CCCCCn1cc(C(=O)NC23CC4CC(CC(C4)C2)C3)c(=O)c2cnn(C)c21,10.1021/jm301527r
85972,Human,6.8,pKi,6.8,Binding,"Displacementof[3H]CP-55,940fromhumanrecombinantCB1receptorexpressedinCHOcellmembranesafter90minsbyscintillationcountinganalysisDisplacementof[3H]CP-55,940fromhumanrecombinantCB1receptorexpressedinCHOcellmembranesafter90minsbyscintillationcountinganalysis",ChEMBL,345,3.6,CCCCCn1cc(C(=O)NC2CCCCC2)c(=O)c2c(C)noc21,10.1021/jm301527r
85973,Human,6.8,pKi,6.8,Binding,"Displacementof[3H]CP-55,940fromhumanrecombinantCB1receptorexpressedinCHOcellmembranesafter90minsbyscintillationcountinganalysisDisplacementof[3H]CP-55,940fromhumanrecombinantCB1receptorexpressedinCHOcellmembranesafter90minsbyscintillationcountinganalysis",ChEMBL,359,3.9,CCCCCn1cc(C(=O)NC2CCCCCC2)c(=O)c2c(C)noc21,10.1021/jm301527r
85974,Human,5.8,pKi,5.8,Binding,"Displacementof[3H]CP-55,940fromhumanrecombinantCB1receptorexpressedinCHOcellmembranesafter90minsbyscintillationcountinganalysisDisplacementof[3H]CP-55,940fromhumanrecombinantCB1receptorexpressedinCHOcellmembranesafter90minsbyscintillationcountinganalysis",ChEMBL,397,4.2,CCCCCn1cc(C(=O)NC23CC4CC(CC(C4)C2)C3)c(=O)c2c(C)noc21,10.1021/jm301527r
85975,Human,7.1,pKi,7.1,Binding,"Displacementof[3H]CP-55,940fromhumanrecombinantCB1receptorexpressedinCHOcellmembranesafter90minsbyscintillationcountinganalysisDisplacementof[3H]CP-55,940fromhumanrecombinantCB1receptorexpressedinCHOcellmembranesafter90minsbyscintillationcountinganalysis",ChEMBL,360,4.6,CCCCCn1cc(C(=O)NC2CCCCC2)c(=O)c2c(C)csc21,10.1021/jm301527r
85976,Human,7.3,pKi,7.3,Binding,"Displacementof[3H]CP-55,940fromhumanrecombinantCB1receptorexpressedinCHOcellmembranesafter90minsbyscintillationcountinganalysisDisplacementof[3H]CP-55,940fromhumanrecombinantCB1receptorexpressedinCHOcellmembranesafter90minsbyscintillationcountinganalysis",ChEMBL,374,5,CCCCCn1cc(C(=O)NC2CCCCCC2)c(=O)c2c(C)csc21,10.1021/jm301527r
85977,Human,7.9,pKi,7.9,Binding,"Displacementof[3H]CP-55,940fromhumanrecombinantCB1receptorexpressedinCHOcellmembranesafter90minsbyscintillationcountinganalysisDisplacementof[3H]CP-55,940fromhumanrecombinantCB1receptorexpressedinCHOcellmembranesafter90minsbyscintillationcountinganalysis",ChEMBL,412,5.3,CCCCCn1cc(C(=O)NC23CC4CC(CC(C4)C2)C3)c(=O)c2c(C)csc21,10.1021/jm301527r
85957,Human,7.4,pKi,7.4,Binding,"Displacementof[3H]CP-55,940fromhumanrecombinantCB1receptorexpressedinCHOcellmembranesafter90minsbyscintillationcountinganalysisDisplacementof[3H]CP-55,940fromhumanrecombinantCB1receptorexpressedinCHOcellmembranesafter90minsbyscintillationcountinganalysis",ChEMBL,426,5.6,CCCCCn1cc(C(=O)NC23CC4CC(CC(C4)C2)C3)c(=O)c2c(C)c(C)sc21,10.1021/jm301527r
85958,Human,6.2,pKi,6.2,Binding,"Displacementof[3H]CP-55,940fromhumanCB1receptorexpressedinCHOcellmembranesafter90minsbyscintillationcountinganalysisDisplacementof[3H]CP-55,940fromhumanCB1receptorexpressedinCHOcellmembranesafter90minsbyscintillationcountinganalysis",ChEMBL,383,2.8,CCCCCn1cc(C(=O)NC23CC4CC(CC(C4)C2)C3)c(=O)n2ncnc12,10.1016/j.ejmech.2016.02.032
87500,Human,5.2,pKi,5.2,Binding,Displacementof[3H]-CP55940fromhumanCB1receptorafter90minsbyliquidscintillationspectrophotometeranalysisDisplacementof[3H]-CP55940fromhumanCB1receptorafter90minsbyliquidscintillationspectrophotometeranalysis,ChEMBL,290,5.3,CCCCCc1cc(-c2ccccc2)n(-c2ccccc2)n1,10.1016/j.bmc.2013.01.055
87503,Human,5.0,pKi,5.0,Binding,Displacementof[3H]-CP55940fromhumanCB1receptorafter90minsbyliquidscintillationspectrophotometeranalysisDisplacementof[3H]-CP55940fromhumanCB1receptorafter90minsbyliquidscintillationspectrophotometeranalysis,ChEMBL,360,4,Cc1c(C(=O)NN2CCCCC2)nn(-c2ccccc2)c1-c1ccccc1,10.1016/j.bmc.2013.01.055
86435,Human,5.8,pKi,5.8,Binding,"Displacementof[3H]CP-55,940fromCB1receptor(unknownorigin)after1hrbyscintillationcountinganalysisDisplacementof[3H]CP-55,940fromCB1receptor(unknownorigin)after1hrbyscintillationcountinganalysis",ChEMBL,428,5.6,CCN(CC)c1ccc(CN(c2ccc(Cl)cc2)S(=O)(=O)c2ccccc2)cc1,10.1021/jm3017464
86436,Human,6.0,pKi,6.0,Binding,"Displacementof[3H]CP-55,940fromCB1receptor(unknownorigin)after1hrbyscintillationcountinganalysisDisplacementof[3H]CP-55,940fromCB1receptor(unknownorigin)after1hrbyscintillationcountinganalysis",ChEMBL,446,5.7,CCN(CC)c1ccc(CN(c2ccc(Cl)cc2)S(=O)(=O)c2ccc(F)cc2)cc1,10.1021/jm3017464
86437,Human,5.2,pKi,5.2,Binding,"Displacementof[3H]CP-55,940fromCB1receptor(unknownorigin)after1hrbyscintillationcountinganalysisDisplacementof[3H]CP-55,940fromCB1receptor(unknownorigin)after1hrbyscintillationcountinganalysis",ChEMBL,462,6.2,CCN(CC)c1ccc(CN(c2ccc(Cl)cc2)S(=O)(=O)c2ccc(Cl)cc2)cc1,10.1021/jm3017464
86439,Human,6.9,pKi,6.9,Binding,"Displacementof[3H]CP-55,940fromCB1receptor(unknownorigin)after1hrbyscintillationcountinganalysisDisplacementof[3H]CP-55,940fromCB1receptor(unknownorigin)after1hrbyscintillationcountinganalysis",ChEMBL,442,5.9,CCN(CC)c1ccc(CN(c2ccc(Cl)cc2)S(=O)(=O)c2ccc(C)cc2)cc1,10.1021/jm3017464
86440,Human,6.1,pKi,6.1,Binding,"Displacementof[3H]CP-55,940fromCB1receptor(unknownorigin)after1hrbyscintillationcountinganalysisDisplacementof[3H]CP-55,940fromCB1receptor(unknownorigin)after1hrbyscintillationcountinganalysis",ChEMBL,442,5.9,CCN(CC)c1ccc(CN(c2ccc(Cl)cc2)S(=O)(=O)c2cccc(C)c2)cc1,10.1021/jm3017464
86444,Human,6.3,pKi,6.3,Binding,"Displacementof[3H]CP-55,940fromCB1receptor(unknownorigin)after1hrbyscintillationcountinganalysisDisplacementof[3H]CP-55,940fromCB1receptor(unknownorigin)after1hrbyscintillationcountinganalysis",ChEMBL,408,5.2,CCN(CC)c1ccc(CN(c2ccc(C)cc2)S(=O)(=O)c2ccccc2)cc1,10.1021/jm3017464
86445,Human,6.1,pKi,6.1,Binding,"Displacementof[3H]CP-55,940fromCB1receptor(unknownorigin)after1hrbyscintillationcountinganalysisDisplacementof[3H]CP-55,940fromCB1receptor(unknownorigin)after1hrbyscintillationcountinganalysis",ChEMBL,426,5.4,CCN(CC)c1ccc(CN(c2ccc(C)cc2)S(=O)(=O)c2ccc(F)cc2)cc1,10.1021/jm3017464
86446,Human,6.4,pKi,6.4,Binding,"Displacementof[3H]CP-55,940fromCB1receptor(unknownorigin)after1hrbyscintillationcountinganalysisDisplacementof[3H]CP-55,940fromCB1receptor(unknownorigin)after1hrbyscintillationcountinganalysis",ChEMBL,442,5.9,CCN(CC)c1ccc(CN(c2ccc(C)cc2)S(=O)(=O)c2ccc(Cl)cc2)cc1,10.1021/jm3017464
86447,Human,5.9,pKi,5.9,Binding,"Displacementof[3H]CP-55,940fromCB1receptor(unknownorigin)after1hrbyscintillationcountinganalysisDisplacementof[3H]CP-55,940fromCB1receptor(unknownorigin)after1hrbyscintillationcountinganalysis",ChEMBL,438,5.2,CCN(CC)c1ccc(CN(c2ccc(C)cc2)S(=O)(=O)c2ccc(OC)cc2)cc1,10.1021/jm3017464
86448,Human,6.4,pKi,6.4,Binding,"Displacementof[3H]CP-55,940fromCB1receptor(unknownorigin)after1hrbyscintillationcountinganalysisDisplacementof[3H]CP-55,940fromCB1receptor(unknownorigin)after1hrbyscintillationcountinganalysis",ChEMBL,422,5.5,CCN(CC)c1ccc(CN(c2ccc(C)cc2)S(=O)(=O)c2ccc(C)cc2)cc1,10.1021/jm3017464
86449,Human,6.7,pKi,6.7,Binding,"Displacementof[3H]CP-55,940fromCB1receptor(unknownorigin)after1hrbyscintillationcountinganalysisDisplacementof[3H]CP-55,940fromCB1receptor(unknownorigin)after1hrbyscintillationcountinganalysis",ChEMBL,422,5.5,CCN(CC)c1ccc(CN(c2ccc(C)cc2)S(=O)(=O)c2cccc(C)c2)cc1,10.1021/jm3017464
86450,Human,5.5,pKi,5.5,Binding,"Displacementof[3H]CP-55,940fromCB1receptor(unknownorigin)after1hrbyscintillationcountinganalysisDisplacementof[3H]CP-55,940fromCB1receptor(unknownorigin)after1hrbyscintillationcountinganalysis",ChEMBL,450,6.4,CCN(CC)c1ccc(CN(c2ccc(C)cc2)S(=O)(=O)c2ccc(C(C)C)cc2)cc1,10.1021/jm3017464
86452,Human,5.5,pKi,5.5,Binding,"Displacementof[3H]CP-55,940fromCB1receptor(unknownorigin)after1hrbyscintillationcountinganalysisDisplacementof[3H]CP-55,940fromCB1receptor(unknownorigin)after1hrbyscintillationcountinganalysis",ChEMBL,420,6.3,CCN(CC)c1ccc(CN(C(=O)Cc2ccc(Cl)cc2)c2ccc(C)cc2)cc1,10.1021/jm3017464
86453,Human,6.7,pKi,6.7,Binding,"Displacementof[3H]CP-55,940fromCB1receptor(unknownorigin)after1hrbyscintillationcountinganalysisDisplacementof[3H]CP-55,940fromCB1receptor(unknownorigin)after1hrbyscintillationcountinganalysis",ChEMBL,378,6,CCN(CC)c1ccc(CN(C(=O)C2CCCCC2)c2ccc(C)cc2)cc1,10.1021/jm3017464
113521,Human,8.3,pKi,8.3,Binding,Displacementof[3H]CP55940fromhumancannabinoidCB1receptorexpressedinCHO-K1cellsbyliquidscintillationcountingDisplacementof[3H]CP55940fromhumancannabinoidCB1receptorexpressedinCHO-K1cellsbyliquidscintillationcounting,ChEMBL,314,5.9,CCCCCc1cc(O)c2c(c1)OC(C)(C)C1=C2C[C@@H](C)CC1,10.1016/j.ejmech.2014.07.062
87049,Human,5.9,pKi,5.9,Binding,Displacementof[3H]CP-55940fromhumanCB1receptorexpressedinCHOcellmembranesafter1hrbyscintillationcountinganalysisDisplacementof[3H]CP-55940fromhumanCB1receptorexpressedinCHOcellmembranesafter1hrbyscintillationcountinganalysis,ChEMBL,434,5.4,Cc1ccc(S(=O)(=O)N(Cc2ccccc2)Cc2ccc(N3CCCCC3)cc2)cc1,10.1021/ml3004236
87062,Human,6.3,pKi,6.3,Binding,Displacementof[3H]CP-55940fromhumanCB1receptorexpressedinCHOcellmembranesafter1hrbyscintillationcountinganalysisDisplacementof[3H]CP-55940fromhumanCB1receptorexpressedinCHOcellmembranesafter1hrbyscintillationcountinganalysis,ChEMBL,450,6,CCN(CC)c1ccc(CN(Cc2ccccc2)S(=O)(=O)c2ccc(C(C)C)cc2)cc1,10.1021/ml3004236
87063,Human,6.2,pKi,6.2,Binding,Displacementof[3H]CP-55940fromhumanCB1receptorexpressedinCHOcellmembranesafter1hrbyscintillationcountinganalysisDisplacementof[3H]CP-55940fromhumanCB1receptorexpressedinCHOcellmembranesafter1hrbyscintillationcountinganalysis,ChEMBL,438,4.9,CCN(CC)c1ccc(CN(Cc2ccccc2)S(=O)(=O)c2ccc(OC)cc2)cc1,10.1021/ml3004236
87058,Human,6.4,pKi,6.4,Binding,Displacementof[3H]CP-55940fromhumanCB1receptorexpressedinCHOcellmembranesafter1hrbyscintillationcountinganalysisDisplacementof[3H]CP-55940fromhumanCB1receptorexpressedinCHOcellmembranesafter1hrbyscintillationcountinganalysis,ChEMBL,442,5.6,CCN(CC)c1ccc(CN(Cc2ccccc2)S(=O)(=O)c2ccc(Cl)cc2)cc1,10.1021/ml3004236
87059,Human,6.0,pKi,6.0,Binding,Displacementof[3H]CP-55940fromhumanCB1receptorexpressedinCHOcellmembranesafter1hrbyscintillationcountinganalysisDisplacementof[3H]CP-55940fromhumanCB1receptorexpressedinCHOcellmembranesafter1hrbyscintillationcountinganalysis,ChEMBL,426,5.1,CCN(CC)c1ccc(CN(Cc2ccccc2)S(=O)(=O)c2ccc(F)cc2)cc1,10.1021/ml3004236
87070,Human,5.6,pKi,5.6,Binding,Displacementof[3H]CP-55940fromhumanCB1receptorexpressedinCHOcellmembranesafter1hrbyscintillationcountinganalysisDisplacementof[3H]CP-55940fromhumanCB1receptorexpressedinCHOcellmembranesafter1hrbyscintillationcountinganalysis,ChEMBL,422,5.2,CCN(CC)c1ccc(CN(Cc2ccccc2)S(=O)(=O)c2ccc(C)cc2)cc1,10.1021/ml3004236
87031,Human,5.7,pKi,5.7,Binding,Displacementof[3H]CP-55940fromhumanCB1receptorexpressedinCHOcellmembranesafter1hrbyscintillationcountinganalysisDisplacementof[3H]CP-55940fromhumanCB1receptorexpressedinCHOcellmembranesafter1hrbyscintillationcountinganalysis,ChEMBL,440,5.4,CCN(CC)c1ccc(CN(Cc2ccc(F)cc2)S(=O)(=O)c2ccc(C)cc2)cc1,10.1021/ml3004236
87032,Human,6.3,pKi,6.3,Binding,Displacementof[3H]CP-55940fromhumanCB1receptorexpressedinCHOcellmembranesafter1hrbyscintillationcountinganalysisDisplacementof[3H]CP-55940fromhumanCB1receptorexpressedinCHOcellmembranesafter1hrbyscintillationcountinganalysis,ChEMBL,428,5.6,CCN(CC)c1ccc(CN(CC2CCCCC2)S(=O)(=O)c2ccc(C)cc2)cc1,10.1021/ml3004236
87033,Human,6.2,pKi,6.2,Binding,Displacementof[3H]CP-55940fromhumanCB1receptorexpressedinCHOcellmembranesafter1hrbyscintillationcountinganalysisDisplacementof[3H]CP-55940fromhumanCB1receptorexpressedinCHOcellmembranesafter1hrbyscintillationcountinganalysis,ChEMBL,412,4.8,CCN(CC)c1ccc(CN(Cc2ccco2)S(=O)(=O)c2ccc(C)cc2)cc1,10.1021/ml3004236
87034,Human,6.2,pKi,6.2,Binding,Displacementof[3H]CP-55940fromhumanCB1receptorexpressedinCHOcellmembranesafter1hrbyscintillationcountinganalysisDisplacementof[3H]CP-55940fromhumanCB1receptorexpressedinCHOcellmembranesafter1hrbyscintillationcountinganalysis,ChEMBL,428,5.3,CCN(CC)c1ccc(CN(Cc2cccs2)S(=O)(=O)c2ccc(C)cc2)cc1,10.1021/ml3004236
87035,Human,7.1,pKi,7.1,Binding,Displacementof[3H]CP-55940fromhumanCB1receptorexpressedinCHOcellmembranesafter1hrbyscintillationcountinganalysisDisplacementof[3H]CP-55940fromhumanCB1receptorexpressedinCHOcellmembranesafter1hrbyscintillationcountinganalysis,ChEMBL,408,5.2,CCN(CC)c1ccc(CN(c2ccccc2)S(=O)(=O)c2ccc(C)cc2)cc1,10.1021/ml3004236
87037,Human,6.5,pKi,6.5,Binding,Displacementof[3H]CP-55940fromhumanCB1receptorexpressedinCHOcellmembranesafter1hrbyscintillationcountinganalysisDisplacementof[3H]CP-55940fromhumanCB1receptorexpressedinCHOcellmembranesafter1hrbyscintillationcountinganalysis,ChEMBL,429,5,CCN(CC)c1ccc(CN(c2ncc(C)s2)S(=O)(=O)c2ccc(C)cc2)cc1,10.1021/ml3004236
87038,Human,6.3,pKi,6.3,Binding,Displacementof[3H]CP-55940fromhumanCB1receptorexpressedinCHOcellmembranesafter1hrbyscintillationcountinganalysisDisplacementof[3H]CP-55940fromhumanCB1receptorexpressedinCHOcellmembranesafter1hrbyscintillationcountinganalysis,ChEMBL,400,5,CCN(CC)c1ccc(CN(C2CCCC2)S(=O)(=O)c2ccc(C)cc2)cc1,10.1021/ml3004236
87039,Human,5.9,pKi,5.9,Binding,Displacementof[3H]CP-55940fromhumanCB1receptorexpressedinCHOcellmembranesafter1hrbyscintillationcountinganalysisDisplacementof[3H]CP-55940fromhumanCB1receptorexpressedinCHOcellmembranesafter1hrbyscintillationcountinganalysis,ChEMBL,372,4.2,C=CCN(Cc1ccc(N(CC)CC)cc1)S(=O)(=O)c1ccc(C)cc1,10.1021/ml3004236
87040,Human,6.3,pKi,6.3,Binding,Displacementof[3H]CP-55940fromhumanCB1receptorexpressedinCHOcellmembranesafter1hrbyscintillationcountinganalysisDisplacementof[3H]CP-55940fromhumanCB1receptorexpressedinCHOcellmembranesafter1hrbyscintillationcountinganalysis,ChEMBL,424,4.9,CCN(CC)c1ccc(CN(c2ccccc2)S(=O)(=O)c2ccc(OC)cc2)cc1,10.1021/ml3004236
87041,Human,5.7,pKi,5.7,Binding,Displacementof[3H]CP-55940fromhumanCB1receptorexpressedinCHOcellmembranesafter1hrbyscintillationcountinganalysisDisplacementof[3H]CP-55940fromhumanCB1receptorexpressedinCHOcellmembranesafter1hrbyscintillationcountinganalysis,ChEMBL,436,6.1,CCN(CC)c1ccc(CN(c2ccccc2)S(=O)(=O)c2ccc(C(C)C)cc2)cc1,10.1021/ml3004236
87042,Human,6.1,pKi,6.1,Binding,Displacementof[3H]CP-55940fromhumanCB1receptorexpressedinCHOcellmembranesafter1hrbyscintillationcountinganalysisDisplacementof[3H]CP-55940fromhumanCB1receptorexpressedinCHOcellmembranesafter1hrbyscintillationcountinganalysis,ChEMBL,428,4.5,CCN(CC)c1ccc(CN(Cc2ccco2)S(=O)(=O)c2ccc(OC)cc2)cc1,10.1021/ml3004236
87036,Human,6.7,pKi,6.7,Binding,Displacementof[3H]CP-55940fromhumanCB1receptorexpressedinCHOcellmembranesafter1hrbyscintillationcountinganalysisDisplacementof[3H]CP-55940fromhumanCB1receptorexpressedinCHOcellmembranesafter1hrbyscintillationcountinganalysis,ChEMBL,414,5.4,CCN(CC)c1ccc(CN(C2CCCCC2)S(=O)(=O)c2ccc(C)cc2)cc1,10.1021/ml3004236
87043,Human,5.9,pKi,5.9,Binding,Displacementof[3H]CP-55940fromhumanCB1receptorexpressedinCHOcellmembranesafter1hrbyscintillationcountinganalysisDisplacementof[3H]CP-55940fromhumanCB1receptorexpressedinCHOcellmembranesafter1hrbyscintillationcountinganalysis,ChEMBL,440,5.6,CCN(CC)c1ccc(CN(Cc2ccco2)S(=O)(=O)c2ccc(C(C)C)cc2)cc1,10.1021/ml3004236
87044,Human,6.2,pKi,6.2,Binding,Displacementof[3H]CP-55940fromhumanCB1receptorexpressedinCHOcellmembranesafter1hrbyscintillationcountinganalysisDisplacementof[3H]CP-55940fromhumanCB1receptorexpressedinCHOcellmembranesafter1hrbyscintillationcountinganalysis,ChEMBL,430,5.1,CCN(CC)c1ccc(CN(C2CCCCC2)S(=O)(=O)c2ccc(OC)cc2)cc1,10.1021/ml3004236
87045,Human,5.9,pKi,5.9,Binding,Displacementof[3H]CP-55940fromhumanCB1receptorexpressedinCHOcellmembranesafter1hrbyscintillationcountinganalysisDisplacementof[3H]CP-55940fromhumanCB1receptorexpressedinCHOcellmembranesafter1hrbyscintillationcountinganalysis,ChEMBL,442,6.2,CCN(CC)c1ccc(CN(C2CCCCC2)S(=O)(=O)c2ccc(C(C)C)cc2)cc1,10.1021/ml3004236
87046,Human,6.2,pKi,6.2,Binding,Displacementof[3H]CP-55940fromhumanCB1receptorexpressedinCHOcellmembranesafter1hrbyscintillationcountinganalysisDisplacementof[3H]CP-55940fromhumanCB1receptorexpressedinCHOcellmembranesafter1hrbyscintillationcountinganalysis,ChEMBL,445,4.7,CCN(CC)c1ccc(CN(c2ncc(C)s2)S(=O)(=O)c2ccc(OC)cc2)cc1,10.1021/ml3004236
87025,Human,6.2,pKi,6.2,Binding,Displacementof[3H]CP-55940fromhumanCB1receptorexpressedinCHOcellmembranesafter1hrbyscintillationcountinganalysisDisplacementof[3H]CP-55940fromhumanCB1receptorexpressedinCHOcellmembranesafter1hrbyscintillationcountinganalysis,ChEMBL,436,5.1,COc1ccc(S(=O)(=O)N(Cc2ccc(N3CCCCC3)cc2)c2ccccc2)cc1,10.1021/ml3004236
89783,Human,6.2,pKi,6.2,Binding,"Displacementof[3H]-CP-55,940fromhumanCB1receptorexpressedinCHOcellmembranesDisplacementof[3H]-CP-55,940fromhumanCB1receptorexpressedinCHOcellmembranes",ChEMBL,312,3.2,CCCCn1c(C)c(C)cc(C(=O)NCc2ccccc2)c1=O,10.1016/j.bmc.2013.03.030
89785,Human,6.8,pKi,6.8,Binding,"Displacementof[3H]-CP-55,940fromhumanCB1receptorexpressedinCHOcellmembranesDisplacementof[3H]-CP-55,940fromhumanCB1receptorexpressedinCHOcellmembranes",ChEMBL,324,3.1,CCCCn1c2c(cc(C(=O)NCc3ccccc3)c1=O)CCC2,10.1016/j.bmc.2013.03.030
89786,Human,6.1,pKi,6.1,Binding,"Displacementof[3H]-CP-55,940fromhumanCB1receptorexpressedinCHOcellmembranesDisplacementof[3H]-CP-55,940fromhumanCB1receptorexpressedinCHOcellmembranes",ChEMBL,338,3.5,CCCCn1c2c(cc(C(=O)NCc3ccccc3)c1=O)CCCC2,10.1016/j.bmc.2013.03.030
89790,Human,8.1,pKi,8.1,Binding,"Displacementof[3H]-CP-55,940fromhumanCB1receptorexpressedinCHOcellmembranesDisplacementof[3H]-CP-55,940fromhumanCB1receptorexpressedinCHOcellmembranes",ChEMBL,380,4.5,CC(C)CCn1c2c(cc(C(=O)NCc3ccccc3)c1=O)CCCCCC2,10.1016/j.bmc.2013.03.030
89791,Human,5.8,pKi,5.8,Binding,"Displacementof[3H]-CP-55,940fromhumanCB1receptorexpressedinCHOcellmembranesDisplacementof[3H]-CP-55,940fromhumanCB1receptorexpressedinCHOcellmembranes",ChEMBL,368,3.1,COCCn1c2c(cc(C(=O)NCc3ccccc3)c1=O)CCCCCC2,10.1016/j.bmc.2013.03.030
89469,Human,6.9,pKi,6.9,Binding,Displacementof[3H]CP-55940fromhumanCB1receptorexpressedinCHOcellmembraneafter90minsbyscintillationcountinganalysisDisplacementof[3H]CP-55940fromhumanCB1receptorexpressedinCHOcellmembraneafter90minsbyscintillationcountinganalysis,ChEMBL,410,3.9,CCCCCn1cc(C(=O)NC23CC4CC(CC(C4)C2)C3)c(=O)n2nc(CC)cc12,10.1021/jm400182t
89471,Human,6.2,pKi,6.2,Binding,Displacementof[3H]CP-55940fromhumanCB1receptorexpressedinCHOcellmembraneafter90minsbyscintillationcountinganalysisDisplacementof[3H]CP-55940fromhumanCB1receptorexpressedinCHOcellmembraneafter90minsbyscintillationcountinganalysis,ChEMBL,386,4,CCCCCn1cc(C(=O)NC2CCCCC2)c(=O)n2nc(C(C)(C)C)cc12,10.1021/jm400182t
89472,Human,6.2,pKi,6.2,Binding,Displacementof[3H]CP-55940fromhumanCB1receptorexpressedinCHOcellmembraneafter90minsbyscintillationcountinganalysisDisplacementof[3H]CP-55940fromhumanCB1receptorexpressedinCHOcellmembraneafter90minsbyscintillationcountinganalysis,ChEMBL,400,4.4,CCCCCn1cc(C(=O)NC2CCCCCC2)c(=O)n2nc(C(C)(C)C)cc12,10.1021/jm400182t
89473,Human,6.2,pKi,6.2,Binding,Displacementof[3H]CP-55940fromhumanCB1receptorexpressedinCHOcellmembraneafter90minsbyscintillationcountinganalysisDisplacementof[3H]CP-55940fromhumanCB1receptorexpressedinCHOcellmembraneafter90minsbyscintillationcountinganalysis,ChEMBL,438,4.7,CCCCCn1cc(C(=O)NC23CC4CC(CC(C4)C2)C3)c(=O)n2nc(C(C)(C)C)cc12,10.1021/jm400182t
89444,Human,6.2,pKi,6.2,Binding,Displacementof[3H]CP-55940fromhumanCB1receptorexpressedinCHOcellmembraneafter90minsbyscintillationcountinganalysisDisplacementof[3H]CP-55940fromhumanCB1receptorexpressedinCHOcellmembraneafter90minsbyscintillationcountinganalysis,ChEMBL,406,4.4,CCCCCn1cc(C(=O)NC2CCCCC2)c(=O)n2nc(-c3ccccc3)cc12,10.1021/jm400182t
89445,Human,6.1,pKi,6.1,Binding,Displacementof[3H]CP-55940fromhumanCB1receptorexpressedinCHOcellmembraneafter90minsbyscintillationcountinganalysisDisplacementof[3H]CP-55940fromhumanCB1receptorexpressedinCHOcellmembraneafter90minsbyscintillationcountinganalysis,ChEMBL,420,4.8,CCCCCn1cc(C(=O)NC2CCCCCC2)c(=O)n2nc(-c3ccccc3)cc12,10.1021/jm400182t
89917,Human,5.4,pKi,5.4,Binding,"Displacementof[3H]-CP55,940fromhumanCB1receptortransfectedinCHOK1cellsDisplacementof[3H]-CP55,940fromhumanCB1receptortransfectedinCHOK1cells",ChEMBL,338,4.3,COc1ccccc1Cc1cc2c(C)c(OC)c(C)c(C)c2oc1=O,10.1021/jm4005175
89920,Human,5.0,pKi,5.0,Binding,"Displacementof[3H]-CP55,940fromhumanCB1receptortransfectedinCHOK1cellsDisplacementof[3H]-CP55,940fromhumanCB1receptortransfectedinCHOK1cells",ChEMBL,326,4.5,COc1c(C)c(C)c2oc(=O)c(Cc3ccc(F)cc3)cc2c1C,10.1021/jm4005175
89922,Human,5.1,pKi,5.1,Binding,"Displacementof[3H]-CP55,940fromhumanCB1receptortransfectedinCHOK1cellsDisplacementof[3H]-CP55,940fromhumanCB1receptortransfectedinCHOK1cells",ChEMBL,322,4.6,COc1c(C)c(C)c2oc(=O)c(Cc3ccccc3C)cc2c1C,10.1021/jm4005175
89914,Human,6.2,pKi,6.2,Binding,"Displacementof[3H]-CP55,940fromhumanCB1receptortransfectedinCHOK1cellsDisplacementof[3H]-CP55,940fromhumanCB1receptortransfectedinCHOK1cells",ChEMBL,370,5.8,CCCCCc1cc(OC)c2cc(Cc3ccc(Cl)cc3)c(=O)oc2c1,10.1021/jm4005175
89462,Human,5.9,pKi,5.9,Binding,Displacementof[3H]CP-55940fromhumanCB1receptorexpressedinCHOcellmembraneafter90minsbyscintillationcountinganalysisDisplacementof[3H]CP-55940fromhumanCB1receptorexpressedinCHOcellmembraneafter90minsbyscintillationcountinganalysis,ChEMBL,344,3.1,CCCCCn1cc(C(=O)NC2CCCCC2)c(=O)n2nc(C)cc12,10.1021/jm400182t
89916,Human,5.0,pKi,5.0,Binding,"Displacementof[3H]-CP55,940fromhumanCB1receptortransfectedinCHOK1cellsDisplacementof[3H]-CP55,940fromhumanCB1receptortransfectedinCHOK1cells",ChEMBL,414,5.9,CCCCCc1cc(OC)c2cc(Cc3ccc(Br)cc3)c(=O)oc2c1,10.1021/jm4005175
89463,Human,6.3,pKi,6.3,Binding,Displacementof[3H]CP-55940fromhumanCB1receptorexpressedinCHOcellmembraneafter90minsbyscintillationcountinganalysisDisplacementof[3H]CP-55940fromhumanCB1receptorexpressedinCHOcellmembraneafter90minsbyscintillationcountinganalysis,ChEMBL,358,3.4,CCCCCn1cc(C(=O)NC2CCCCCC2)c(=O)n2nc(C)cc12,10.1021/jm400182t
89464,Human,6.0,pKi,6.0,Binding,Displacementof[3H]CP-55940fromhumanCB1receptorexpressedinCHOcellmembraneafter90minsbyscintillationcountinganalysisDisplacementof[3H]CP-55940fromhumanCB1receptorexpressedinCHOcellmembraneafter90minsbyscintillationcountinganalysis,ChEMBL,396,3.7,CCCCCn1cc(C(=O)NC23CC4CC(CC(C4)C2)C3)c(=O)n2nc(C)cc12,10.1021/jm400182t
89465,Human,5.5,pKi,5.5,Binding,Displacementof[3H]CP-55940fromhumanCB1receptorexpressedinCHOcellmembraneafter90minsbyscintillationcountinganalysisDisplacementof[3H]CP-55940fromhumanCB1receptorexpressedinCHOcellmembraneafter90minsbyscintillationcountinganalysis,ChEMBL,352,2.9,CCCCCn1cc(C(=O)NCc2ccccc2)c(=O)n2nc(C)cc12,10.1021/jm400182t
89466,Human,5.6,pKi,5.6,Binding,Displacementof[3H]CP-55940fromhumanCB1receptorexpressedinCHOcellmembraneafter90minsbyscintillationcountinganalysisDisplacementof[3H]CP-55940fromhumanCB1receptorexpressedinCHOcellmembraneafter90minsbyscintillationcountinganalysis,ChEMBL,358,3.3,CCCCCn1cc(C(=O)NC2CCC(C)CC2)c(=O)n2nc(C)cc12,10.1021/jm400182t
89467,Human,6.4,pKi,6.4,Binding,Displacementof[3H]CP-55940fromhumanCB1receptorexpressedinCHOcellmembraneafter90minsbyscintillationcountinganalysisDisplacementof[3H]CP-55940fromhumanCB1receptorexpressedinCHOcellmembraneafter90minsbyscintillationcountinganalysis,ChEMBL,358,3.3,CCCCCn1cc(C(=O)NC2CCCCC2)c(=O)n2nc(CC)cc12,10.1021/jm400182t
89468,Human,6.7,pKi,6.7,Binding,Displacementof[3H]CP-55940fromhumanCB1receptorexpressedinCHOcellmembraneafter90minsbyscintillationcountinganalysisDisplacementof[3H]CP-55940fromhumanCB1receptorexpressedinCHOcellmembraneafter90minsbyscintillationcountinganalysis,ChEMBL,372,3.7,CCCCCn1cc(C(=O)NC2CCCCCC2)c(=O)n2nc(CC)cc12,10.1021/jm400182t
148231,Human,7.4,pKi,7.4,Binding,RadioligandDisplacementAssay(SR141716):Furthercharacterizationofselectcompoundswasperformedusingradioliganddisplacementof[3H]1andequilibriumdissociationconstant(Ki)valuesweredetermined.SelectivityofthesecompoundsatCB1versusCB2wasalsodeterminedbyobtainingKivaluesateitherreceptorusingdisplacementofSR141716([3H]1inmembranesofCHO-K1cellsover-expressingeitherreceptor.Datareportedareaveragevaluesfrom3-6measurements.RadioligandDisplacementAssay(SR141716):Furthercharacterizationofselectcompoundswasperformedusingradioliganddisplacementof[3H]1andequilibriumdissociationconstant(Ki)valuesweredetermined.SelectivityofthesecompoundsatCB1versusCB2wasalsodeterminedbyobtainingKivaluesateitherreceptorusingdisplacementofSR141716([3H]1inmembranesofCHO-K1cellsover-expressingeitherreceptor.Datareportedareaveragevaluesfrom3-6measurements.,ChEMBL,558,5.6,CS(=O)(=O)NCC1CCC(CNc2ncnc3c2nc(-c2ccccc2Cl)n3-c2ccc(Cl)cc2)CC1,
151416,Human,7.0,pKi,7.0,Binding,RadioligandDisplacementAssay(SR141716):Furthercharacterizationofselectcompoundswasperformedusingradioliganddisplacementof[3H]1andequilibriumdissociationconstant(Ki)valuesweredetermined.SelectivityofthesecompoundsatCB1versusCB2wasalsodeterminedbyobtainingKivaluesateitherreceptorusingdisplacementofSR141716([3H]1inmembranesofCHO-K1cellsover-expressingeitherreceptor.Datareportedareaveragevaluesfrom3-6measurements.RadioligandDisplacementAssay(SR141716):Furthercharacterizationofselectcompoundswasperformedusingradioliganddisplacementof[3H]1andequilibriumdissociationconstant(Ki)valuesweredetermined.SelectivityofthesecompoundsatCB1versusCB2wasalsodeterminedbyobtainingKivaluesateitherreceptorusingdisplacementofSR141716([3H]1inmembranesofCHO-K1cellsover-expressingeitherreceptor.Datareportedareaveragevaluesfrom3-6measurements.,ChEMBL,559,4.8,NS(=O)(=O)NCC1CCC(CNc2ncnc3c2nc(-c2ccccc2Cl)n3-c2ccc(Cl)cc2)CC1,
144836,Human,7.8,pKi,7.8,Binding,RadioligandDisplacementAssay(SR141716):Furthercharacterizationofselectcompoundswasperformedusingradioliganddisplacementof[3H]1andequilibriumdissociationconstant(Ki)valuesweredetermined.SelectivityofthesecompoundsatCB1versusCB2wasalsodeterminedbyobtainingKivaluesateitherreceptorusingdisplacementofSR141716([3H]1inmembranesofCHO-K1cellsover-expressingeitherreceptor.Datareportedareaveragevaluesfrom3-6measurements.RadioligandDisplacementAssay(SR141716):Furthercharacterizationofselectcompoundswasperformedusingradioliganddisplacementof[3H]1andequilibriumdissociationconstant(Ki)valuesweredetermined.SelectivityofthesecompoundsatCB1versusCB2wasalsodeterminedbyobtainingKivaluesateitherreceptorusingdisplacementofSR141716([3H]1inmembranesofCHO-K1cellsover-expressingeitherreceptor.Datareportedareaveragevaluesfrom3-6measurements.,ChEMBL,473,4,O=S1(=O)CCN(c2ncnc3c2nc(-c2ccccc2Cl)n3-c2ccc(Cl)cc2)CC1,
85989,Human,6.0,pKi,6.0,Binding,"Displacementof[3H]CP-55,940fromhumanrecombinantCB1receptorexpressedinCHOcellmembranesafter90minsbyscintillationcountinganalysisDisplacementof[3H]CP-55,940fromhumanrecombinantCB1receptorexpressedinCHOcellmembranesafter90minsbyscintillationcountinganalysis",ChEMBL,438,4.7,CCCCCn1cc(C(=O)NC23CC4CC(C)(CC(C)(C4)C2)C3)c(=O)c2c(C)nn(C)c21,10.1021/jm301527r
178519,Human,4.5,pKi,4.5,Binding,Displacementof[3H]-CP55940fromCB1receptor(unknownorigin)Displacementof[3H]-CP55940fromCB1receptor(unknownorigin),ChEMBL,306,1.3,Oc1cc(O)c2c(c1)O[C@H](c1cc(O)c(O)c(O)c1)[C@H](O)C2,10.1021/acs.jnatprod.8b00874
63727,Human,5.5,pKi,5.5,Binding,"Displacementof[3H]CP55,940fromrecombinanthumanCB1receptorexpressedinCHOcellsafter2hrsbyliquidscintillationcountingDisplacementof[3H]CP55,940fromrecombinanthumanCB1receptorexpressedinCHOcellsafter2hrsbyliquidscintillationcounting",ChEMBL,266,4.2,C=CCc1ccc(O)c(-c2cc(CC=C)ccc2O)c1,10.1021/ml300235q
58480,Human,8.2,pKi,8.2,Binding,Displacementof[3H]CP55940fromhumanCB1receptorexpressedinCHOcellmembranesafter2hrsDisplacementof[3H]CP55940fromhumanCB1receptorexpressedinCHOcellmembranesafter2hrs,ChEMBL,266,4.2,C=CCc1ccc(O)c(-c2ccc(O)c(CC=C)c2)c1,10.1016/j.ejmech.2016.03.072
92121,Human,8.5,pKi,8.5,Binding,Displacementof[3H]CP55940fromhumanCB1receptorexpressedinCHO-K1cellsDisplacementof[3H]CP55940fromhumanCB1receptorexpressedinCHO-K1cells,ChEMBL,510,5.5,CCOC(=O)NC1CCN(c2ncnc3c2nc(-c2ccccc2Cl)n3-c2ccc(Cl)cc2)CC1,10.1021/jm401129n
92122,Human,8.6,pKi,8.6,Binding,Displacementof[3H]CP55940fromhumanCB1receptorexpressedinCHO-K1cellsDisplacementof[3H]CP55940fromhumanCB1receptorexpressedinCHO-K1cells,ChEMBL,558,6.5,O=C(NC1CCN(c2ncnc3c2nc(-c2ccccc2Cl)n3-c2ccc(Cl)cc2)CC1)Oc1ccccc1,10.1021/jm401129n
92123,Human,8.5,pKi,8.5,Binding,Displacementof[3H]CP55940fromhumanCB1receptorexpressedinCHO-K1cellsDisplacementof[3H]CP55940fromhumanCB1receptorexpressedinCHO-K1cells,ChEMBL,548,6.5,O=C(NC1CCN(c2ncnc3c2nc(-c2ccccc2Cl)n3-c2ccc(Cl)cc2)CC1)C1CCCCC1,10.1021/jm401129n
92124,Human,7.7,pKi,7.7,Binding,RadioligandDisplacementAssay(CP55940):Furthercharacterizationofselectcompoundswasperformedusingradioliganddisplacementof[3H]1andequilibriumdissociationconstant(Ki)valuesweredetermined.SelectivityofthesecompoundsatCB1versusCB2wasalsodeterminedbyobtainingKivaluesateitherreceptorusingdisplacementof[3H]CP55940inmembranesofCHO-K1cellsover-expressingeitherreceptor.Datareportedareaveragevaluesfrom3-6measurements.RadioligandDisplacementAssay(CP55940):Furthercharacterizationofselectcompoundswasperformedusingradioliganddisplacementof[3H]1andequilibriumdissociationconstant(Ki)valuesweredetermined.SelectivityofthesecompoundsatCB1versusCB2wasalsodeterminedbyobtainingKivaluesateitherreceptorusingdisplacementof[3H]CP55940inmembranesofCHO-K1cellsover-expressingeitherreceptor.Datareportedareaveragevaluesfrom3-6measurements.,ChEMBL,522,6.1,CCCCC(=O)NC1CCN(c2ncnc3c2nc(-c2ccccc2Cl)n3-c2ccc(Cl)cc2)CC1,
92125,Human,8.7,pKi,8.7,Binding,Displacementof[3H]CP55940fromhumanCB1receptorexpressedinCHO-K1cellsDisplacementof[3H]CP55940fromhumanCB1receptorexpressedinCHO-K1cells,ChEMBL,562,6.8,O=C(CC1CCCCC1)NC1CCN(c2ncnc3c2nc(-c2ccccc2Cl)n3-c2ccc(Cl)cc2)CC1,10.1021/jm401129n
92126,Human,8.4,pKi,8.4,Binding,RadioligandDisplacementAssay(CP55940):Furthercharacterizationofselectcompoundswasperformedusingradioliganddisplacementof[3H]1andequilibriumdissociationconstant(Ki)valuesweredetermined.SelectivityofthesecompoundsatCB1versusCB2wasalsodeterminedbyobtainingKivaluesateitherreceptorusingdisplacementof[3H]CP55940inmembranesofCHO-K1cellsover-expressingeitherreceptor.Datareportedareaveragevaluesfrom3-6measurements.RadioligandDisplacementAssay(CP55940):Furthercharacterizationofselectcompoundswasperformedusingradioliganddisplacementof[3H]1andequilibriumdissociationconstant(Ki)valuesweredetermined.SelectivityofthesecompoundsatCB1versusCB2wasalsodeterminedbyobtainingKivaluesateitherreceptorusingdisplacementof[3H]CP55940inmembranesofCHO-K1cellsover-expressingeitherreceptor.Datareportedareaveragevaluesfrom3-6measurements.,ChEMBL,522,5.9,CC(C)CC(=O)NC1CCN(c2ncnc3c2nc(-c2ccccc2Cl)n3-c2ccc(Cl)cc2)CC1,
92127,Human,8.8,pKi,8.8,Binding,RadioligandDisplacementAssay(CP55940):Furthercharacterizationofselectcompoundswasperformedusingradioliganddisplacementof[3H]1andequilibriumdissociationconstant(Ki)valuesweredetermined.SelectivityofthesecompoundsatCB1versusCB2wasalsodeterminedbyobtainingKivaluesateitherreceptorusingdisplacementof[3H]CP55940inmembranesofCHO-K1cellsover-expressingeitherreceptor.Datareportedareaveragevaluesfrom3-6measurements.RadioligandDisplacementAssay(CP55940):Furthercharacterizationofselectcompoundswasperformedusingradioliganddisplacementof[3H]1andequilibriumdissociationconstant(Ki)valuesweredetermined.SelectivityofthesecompoundsatCB1versusCB2wasalsodeterminedbyobtainingKivaluesateitherreceptorusingdisplacementof[3H]CP55940inmembranesofCHO-K1cellsover-expressingeitherreceptor.Datareportedareaveragevaluesfrom3-6measurements.,ChEMBL,534,6.1,O=C(NC1CCN(c2ncnc3c2nc(-c2ccccc2Cl)n3-c2ccc(Cl)cc2)CC1)C1CCCC1,
92128,Human,8.6,pKi,8.6,Binding,Displacementof[3H]CP55940fromhumanCB1receptorexpressedinCHO-K1cellsDisplacementof[3H]CP55940fromhumanCB1receptorexpressedinCHO-K1cells,ChEMBL,536,6.3,CC(C)CCC(=O)NC1CCN(c2ncnc3c2nc(-c2ccccc2Cl)n3-c2ccc(Cl)cc2)CC1,10.1021/jm401129n
92129,Human,8.7,pKi,8.7,Binding,RadioligandDisplacementAssay(CP55940):Furthercharacterizationofselectcompoundswasperformedusingradioliganddisplacementof[3H]1andequilibriumdissociationconstant(Ki)valuesweredetermined.SelectivityofthesecompoundsatCB1versusCB2wasalsodeterminedbyobtainingKivaluesateitherreceptorusingdisplacementof[3H]CP55940inmembranesofCHO-K1cellsover-expressingeitherreceptor.Datareportedareaveragevaluesfrom3-6measurements.RadioligandDisplacementAssay(CP55940):Furthercharacterizationofselectcompoundswasperformedusingradioliganddisplacementof[3H]1andequilibriumdissociationconstant(Ki)valuesweredetermined.SelectivityofthesecompoundsatCB1versusCB2wasalsodeterminedbyobtainingKivaluesateitherreceptorusingdisplacementof[3H]CP55940inmembranesofCHO-K1cellsover-expressingeitherreceptor.Datareportedareaveragevaluesfrom3-6measurements.,ChEMBL,548,6.5,O=C(CC1CCCC1)NC1CCN(c2ncnc3c2nc(-c2ccccc2Cl)n3-c2ccc(Cl)cc2)CC1,
92130,Human,8.2,pKi,8.2,Binding,RadioligandDisplacementAssay(CP55940):Furthercharacterizationofselectcompoundswasperformedusingradioliganddisplacementof[3H]1andequilibriumdissociationconstant(Ki)valuesweredetermined.SelectivityofthesecompoundsatCB1versusCB2wasalsodeterminedbyobtainingKivaluesateitherreceptorusingdisplacementof[3H]CP55940inmembranesofCHO-K1cellsover-expressingeitherreceptor.Datareportedareaveragevaluesfrom3-6measurements.RadioligandDisplacementAssay(CP55940):Furthercharacterizationofselectcompoundswasperformedusingradioliganddisplacementof[3H]1andequilibriumdissociationconstant(Ki)valuesweredetermined.SelectivityofthesecompoundsatCB1versusCB2wasalsodeterminedbyobtainingKivaluesateitherreceptorusingdisplacementof[3H]CP55940inmembranesofCHO-K1cellsover-expressingeitherreceptor.Datareportedareaveragevaluesfrom3-6measurements.,ChEMBL,570,5.2,O=S(=O)(NC1CCN(c2ncnc3c2nc(-c2ccccc2Cl)n3-c2ccc(Cl)cc2)CC1)C(F)(F)F,
110072,Human,8.0,pKi,8.0,Binding,BindingaffinitytohumanCB1receptorexpressedinCHOcellsbyradioliganddisplacementbasedscintillationcountinganalysisBindingaffinitytohumanCB1receptorexpressedinCHOcellsbyradioliganddisplacementbasedscintillationcountinganalysis,ChEMBL,512,4.7,COc1nn2c(=O)n(Cc3ccc(C(F)(F)F)nc3)nc2c(-c2ccncc2)c1-c1ccc(Cl)cc1,10.1021/jm4010835
110073,Human,5.4,pKi,5.4,Binding,BindingaffinitytohumanCB1receptorexpressedinCHOcellsbyradioliganddisplacementbasedscintillationcountinganalysisBindingaffinitytohumanCB1receptorexpressedinCHOcellsbyradioliganddisplacementbasedscintillationcountinganalysis,ChEMBL,498,4,O=c1[nH]n2c(=O)n(Cc3ccc(C(F)(F)F)nc3)nc2c(-c2ccncc2)c1-c1ccc(Cl)cc1,10.1021/jm4010835
110075,Human,8.4,pKi,8.4,Binding,BindingaffinitytohumanCB1receptorexpressedinCHOcellsbyradioliganddisplacementbasedscintillationcountinganalysisBindingaffinitytohumanCB1receptorexpressedinCHOcellsbyradioliganddisplacementbasedscintillationcountinganalysis,ChEMBL,569,4.9,N#Cc1ccc(Cn2nc3c(-c4ccncc4)c(-c4ccc(Cl)cc4)c(=O)n(Cc4ccc(C#N)cc4)n3c2=O)cc1,10.1021/jm4010835
110077,Human,7.5,pKi,7.5,Binding,BindingaffinitytohumanCB1receptorexpressedinCHOcellsbyradioliganddisplacementbasedscintillationcountinganalysisBindingaffinitytohumanCB1receptorexpressedinCHOcellsbyradioliganddisplacementbasedscintillationcountinganalysis,ChEMBL,468,3.5,Cn1nc2c(-c3ccc(Cl)cc3)c(-c3ccncc3)c(=O)n(Cc3ccc(C#N)cc3)n2c1=O,10.1021/jm4010835
110079,Human,7.6,pKi,7.6,Binding,BindingaffinitytohumanCB1receptorexpressedinCHOcellsbyradioliganddisplacementbasedscintillationcountinganalysisBindingaffinitytohumanCB1receptorexpressedinCHOcellsbyradioliganddisplacementbasedscintillationcountinganalysis,ChEMBL,512,4,Cn1nc2c(-c3ccc(Cl)cc3)c(-c3ccncc3)c(=O)n(Cc3ccc(C(F)(F)F)nc3)n2c1=O,10.1021/jm4010835
110080,Human,8.1,pKi,8.1,Binding,BindingaffinitytohumanCB1receptorexpressedinCHOcellsbyradioliganddisplacementbasedscintillationcountinganalysisBindingaffinitytohumanCB1receptorexpressedinCHOcellsbyradioliganddisplacementbasedscintillationcountinganalysis,ChEMBL,526,4.3,Cc1nc(C(F)(F)F)ccc1Cn1c(=O)c(-c2ccncc2)c(-c2ccc(Cl)cc2)c2nn(C)c(=O)n21,10.1021/jm4010835
110081,Human,7.8,pKi,7.8,Binding,BindingaffinitytohumanCB1receptorexpressedinCHOcellsbyradioliganddisplacementbasedscintillationcountinganalysisBindingaffinitytohumanCB1receptorexpressedinCHOcellsbyradioliganddisplacementbasedscintillationcountinganalysis,ChEMBL,526,4.5,CCn1nc2c(-c3ccc(Cl)cc3)c(-c3ccncc3)c(=O)n(Cc3ccc(C(F)(F)F)nc3)n2c1=O,10.1021/jm4010835
110083,Human,8.1,pKi,8.1,Binding,BindingaffinitytohumanCB1receptorexpressedinCHOcellsbyradioliganddisplacementbasedscintillationcountinganalysisBindingaffinitytohumanCB1receptorexpressedinCHOcellsbyradioliganddisplacementbasedscintillationcountinganalysis,ChEMBL,554,5.1,CCn1nc2c(-c3ccc(Cl)cc3)c(-c3ccncc3C)c(=O)n(Cc3ccc(C(F)(F)F)nc3C)n2c1=O,10.1021/jm4010835
110084,Human,8.9,pKi,8.9,Binding,BindingaffinitytohumanCB1receptorexpressedinCHOcellsbyradioliganddisplacementbasedscintillationcountinganalysisBindingaffinitytohumanCB1receptorexpressedinCHOcellsbyradioliganddisplacementbasedscintillationcountinganalysis,ChEMBL,564,5.3,CCn1nc2c(-c3ccc(Cl)cc3)c(-c3ccc(C#N)cc3)c(=O)n(Cc3ccc(C(F)(F)F)nc3C)n2c1=O,10.1021/jm4010835
110085,Human,8.5,pKi,8.5,Binding,BindingaffinitytohumanCB1receptorexpressedinCHOcellsbyradioliganddisplacementbasedscintillationcountinganalysisBindingaffinitytohumanCB1receptorexpressedinCHOcellsbyradioliganddisplacementbasedscintillationcountinganalysis,ChEMBL,578,5.6,CCn1nc2c(-c3ccc(Cl)cc3)c(-c3ccc(C#N)c(C)c3)c(=O)n(Cc3ccc(C(F)(F)F)nc3C)n2c1=O,10.1021/jm4010835
110086,Human,8.8,pKi,8.8,Binding,BindingaffinitytohumanCB1receptorexpressedinCHOcellsbyradioliganddisplacementbasedscintillationcountinganalysisBindingaffinitytohumanCB1receptorexpressedinCHOcellsbyradioliganddisplacementbasedscintillationcountinganalysis,ChEMBL,578,5.6,CCc1nc(C(F)(F)F)ccc1Cn1c(=O)c(-c2ccc(C#N)cc2)c(-c2ccc(Cl)cc2)c2nn(CC)c(=O)n21,10.1021/jm4010835
110087,Human,8.7,pKi,8.7,Binding,BindingaffinitytohumanCB1receptorexpressedinCHOcellsbyradioliganddisplacementbasedscintillationcountinganalysisBindingaffinitytohumanCB1receptorexpressedinCHOcellsbyradioliganddisplacementbasedscintillationcountinganalysis,ChEMBL,578,5.9,Cc1nc(C(F)(F)F)ccc1Cn1c(=O)c(-c2ccc(C#N)cc2)c(-c2ccc(Cl)cc2)c2nn(C(C)C)c(=O)n21,10.1021/jm4010835
109966,Human,8.8,pKi,8.8,Binding,BindingaffinitytohumanCB1receptorexpressedinCHOcellsbyradioliganddisplacementbasedscintillationcountinganalysisBindingaffinitytohumanCB1receptorexpressedinCHOcellsbyradioliganddisplacementbasedscintillationcountinganalysis,ChEMBL,578,5.7,CCCn1nc2c(-c3ccc(Cl)cc3)c(-c3ccc(C#N)cc3)c(=O)n(Cc3ccc(C(F)(F)F)nc3C)n2c1=O,10.1021/jm4010835
110088,Human,7.9,pKi,7.9,Binding,BindingaffinitytohumanCB1receptorexpressedinCHOcellsbyradioliganddisplacementbasedscintillationcountinganalysisBindingaffinitytohumanCB1receptorexpressedinCHOcellsbyradioliganddisplacementbasedscintillationcountinganalysis,ChEMBL,495,4.9,CCn1nc2c(-c3ccc(Cl)cc3)c(-c3ccc(C#N)cc3)c(=O)n(Cc3ccc(C)cc3)n2c1=O,10.1021/jm4010835
110089,Human,8.5,pKi,8.5,Binding,BindingaffinitytohumanCB1receptorexpressedinCHOcellsbyradioliganddisplacementbasedscintillationcountinganalysisBindingaffinitytohumanCB1receptorexpressedinCHOcellsbyradioliganddisplacementbasedscintillationcountinganalysis,ChEMBL,544,5,CCn1nc2c(-c3ccc(C)cc3)c(-c3ccc(C#N)cc3)c(=O)n(Cc3ccc(C(F)(F)F)nc3C)n2c1=O,10.1021/jm4010835
110090,Human,8.3,pKi,8.3,Binding,BindingaffinitytohumanCB1receptorexpressedinCHOcellsbyradioliganddisplacementbasedscintillationcountinganalysisBindingaffinitytohumanCB1receptorexpressedinCHOcellsbyradioliganddisplacementbasedscintillationcountinganalysis,ChEMBL,506,4.5,CCn1nc2c(-c3ccc(Cl)cc3)c(-c3ccc(C#N)cc3)c(=O)n(Cc3ccc(C#N)cc3)n2c1=O,10.1021/jm4010835
110091,Human,8.3,pKi,8.3,Binding,BindingaffinitytohumanCB1receptorexpressedinCHOcellsbyradioliganddisplacementbasedscintillationcountinganalysisBindingaffinitytohumanCB1receptorexpressedinCHOcellsbyradioliganddisplacementbasedscintillationcountinganalysis,ChEMBL,570,4.3,CCn1nc2c(-c3ccc(Cl)cc3)c(-c3ccc(CO)nc3)c(=O)n(Cc3ccc(C(F)(F)F)nc3C)n2c1=O,10.1021/jm4010835
110093,Human,8.5,pKi,8.5,Binding,BindingaffinitytohumanCB1receptorexpressedinCHOcellsbyradioliganddisplacementbasedscintillationcountinganalysisBindingaffinitytohumanCB1receptorexpressedinCHOcellsbyradioliganddisplacementbasedscintillationcountinganalysis,ChEMBL,558,5,CCn1nc2c(-c3ccc(Cl)cc3)c(-c3ccncc3F)c(=O)n(Cc3ccc(C(F)(F)F)nc3C)n2c1=O,10.1021/jm4010835
110094,Human,7.0,pKi,7.0,Binding,BindingaffinitytohumanCB1receptorexpressedinCHOcellsbyradioliganddisplacementbasedscintillationcountinganalysisBindingaffinitytohumanCB1receptorexpressedinCHOcellsbyradioliganddisplacementbasedscintillationcountinganalysis,ChEMBL,485,3.3,CCn1nc2c(-c3ccc(Cl)cc3)c(-c3cnn(C)c3)c(=O)n(Cc3ccc(C#N)cc3)n2c1=O,10.1021/jm4010835
110095,Human,7.1,pKi,7.1,Binding,BindingaffinitytohumanCB1receptorexpressedinCHOcellsbyradioliganddisplacementbasedscintillationcountinganalysisBindingaffinitytohumanCB1receptorexpressedinCHOcellsbyradioliganddisplacementbasedscintillationcountinganalysis,ChEMBL,526,3.4,CCn1nc2c(-c3ccc(Cl)cc3)c(-c3cnc(N(C)C)nc3)c(=O)n(Cc3ccc(C#N)cc3)n2c1=O,10.1021/jm4010835
170547,Human,6.9,pKi,6.9,Binding,Displacementof[3H]-CP55940fromhumanCB1receptorDisplacementof[3H]-CP55940fromhumanCB1receptor,ChEMBL,367,5.5,C1=C(CCN2CCOCC2)c2ccccc2/C1=C/c1ccc2ccccc2c1,10.1021/acs.jmedchem.6b00516
169070,Human,6.3,pKi,6.3,Binding,Displacementof[3H]-CP55940fromhumanCB1receptorDisplacementof[3H]-CP55940fromhumanCB1receptor,ChEMBL,368,4.9,C1=C(CCN2CCOCC2)c2ccccc2/C1=C/c1cccc2cnccc12,10.1021/acs.jmedchem.6b00516
169668,Human,5.6,pKi,5.6,Binding,Displacementof[3H]-CP55940fromhumanCB1receptorDisplacementof[3H]-CP55940fromhumanCB1receptor,ChEMBL,393,6,C1=C(CCN2CCOCC2)c2ccccc2/C1=C/c1cccc(-c2ccccc2)c1,10.1021/acs.jmedchem.6b00516
169676,Human,6.1,pKi,6.1,Binding,Displacementof[3H]-CP55940fromhumanCB1receptorDisplacementof[3H]-CP55940fromhumanCB1receptor,ChEMBL,385,5.4,CCOC(=O)CCCn1cc(C(=O)c2cccc3ccccc23)c2ccccc21,10.1021/acs.jmedchem.6b00516
174799,Human,5.8,pKi,5.8,Binding,Displacementof[3H]-CP55940fromhumanCB1receptorDisplacementof[3H]-CP55940fromhumanCB1receptor,ChEMBL,399,5.8,CCOC(=O)CCCCn1cc(C(=O)c2cccc3ccccc23)c2ccccc21,10.1021/acs.jmedchem.6b00516
171042,Human,7.7,pKi,7.7,Binding,Displacementof[3H]-CP55940fromhumanCB1receptorDisplacementof[3H]-CP55940fromhumanCB1receptor,ChEMBL,399,6,CCCCCn1cc(C(=O)c2ccc(C(=O)OC)c3ccccc23)c2ccccc21,10.1021/acs.jmedchem.6b00516
170418,Human,7.3,pKi,7.3,Binding,Displacementof[3H]-CP55940fromhumanCB1receptorDisplacementof[3H]-CP55940fromhumanCB1receptor,ChEMBL,442,4.1,COC(=O)c1ccc(C(=O)c2cn(CCN3CCOCC3)c3ccccc23)c2ccccc12,10.1021/acs.jmedchem.6b00516
174490,Human,6.9,pKi,6.9,Binding,Displacementof[3H]-CP55940fromhumanCB1receptorDisplacementof[3H]-CP55940fromhumanCB1receptor,ChEMBL,413,6.4,CCCCCn1cc(C(=O)c2ccc(C(=O)OCC)c3ccccc23)c2ccccc21,10.1021/acs.jmedchem.6b00516
171482,Human,7.0,pKi,7.0,Binding,Displacementof[3H]-CP55940fromhumanCB1receptorDisplacementof[3H]-CP55940fromhumanCB1receptor,ChEMBL,384,5.3,CCCCCn1cc(C(=O)c2ccc(C(N)=O)c3ccccc23)c2ccccc21,10.1021/acs.jmedchem.6b00516
171560,Human,6.9,pKi,6.9,Binding,Displacementof[3H]-CP55940fromhumanCB1receptorDisplacementof[3H]-CP55940fromhumanCB1receptor,ChEMBL,398,5.6,CCCCCn1cc(C(=O)c2ccc(C(=O)NC)c3ccccc23)c2ccccc21,10.1021/acs.jmedchem.6b00516
173422,Human,8.2,pKi,8.2,Binding,Displacementof[3H]-CP55940fromhumanCB1receptorDisplacementof[3H]-CP55940fromhumanCB1receptor,ChEMBL,397,6.8,CCCCCn1cc(C(=O)c2ccc(C(=O)CC)c3ccccc23)c2ccccc21,10.1021/acs.jmedchem.6b00516
168884,Human,8.2,pKi,8.2,Binding,Displacementof[3H]-CP55940fromhumanCB1receptorDisplacementof[3H]-CP55940fromhumanCB1receptor,ChEMBL,359,6.4,CCCCCn1cc(C(=O)c2cccc3ccccc23)c2c(F)cccc21,10.1021/acs.jmedchem.6b00516
172249,Human,8.0,pKi,8.0,Binding,Displacementof[3H]-CP55940fromhumanCB1receptorDisplacementof[3H]-CP55940fromhumanCB1receptor,ChEMBL,359,6.4,CCCCCn1cc(C(=O)c2cccc3ccccc23)c2cc(F)ccc21,10.1021/acs.jmedchem.6b00516
168733,Human,8.6,pKi,8.6,Binding,Displacementof[3H]-CP55940fromhumanCB1receptorDisplacementof[3H]-CP55940fromhumanCB1receptor,ChEMBL,359,6.4,CCCCCn1cc(C(=O)c2cccc3ccccc23)c2ccc(F)cc21,10.1021/acs.jmedchem.6b00516
172083,Human,8.4,pKi,8.4,Binding,Displacementof[3H]-CP55940fromhumanCB1receptorDisplacementof[3H]-CP55940fromhumanCB1receptor,ChEMBL,359,6.4,CCCCCn1cc(C(=O)c2cccc3ccccc23)c2cccc(F)c21,10.1021/acs.jmedchem.6b00516
169360,Human,8.6,pKi,8.6,Binding,Displacementof[3H]-CP55940fromhumanCB1receptorDisplacementof[3H]-CP55940fromhumanCB1receptor,ChEMBL,419,7.3,CCCc1ccc(C(=O)c2cn(CCCCCF)c3cccc(F)c23)c2ccccc12,10.1021/acs.jmedchem.6b00516
171230,Human,6.6,pKi,6.6,Binding,Displacementof[3H]-CP55940fromhumanCB1receptorDisplacementof[3H]-CP55940fromhumanCB1receptor,ChEMBL,402,4.5,O=C(c1cccc2ccccc12)c1cn(CCN2CCOCC2)c2cccc(F)c12,10.1021/acs.jmedchem.6b00516
171705,Human,9.1,pKi,9.1,Binding,Displacementof[3H]-CP55940fromhumanCB1receptorDisplacementof[3H]-CP55940fromhumanCB1receptor,ChEMBL,395,6.1,CCc1ccc(/C=C2\C=C(CCN3CCOCC3)c3ccccc32)c2ccccc12,10.1021/acs.jmedchem.6b00516
102889,Human,5.1,pKi,5.1,Binding,Displacementof[3H]CP55940fromhumancannabinoidCB1receptorexpressedinHEK293EBNAcellsafter90minsbyliquidscintillationcountingDisplacementof[3H]CP55940fromhumancannabinoidCB1receptorexpressedinHEK293EBNAcellsafter90minsbyliquidscintillationcounting,ChEMBL,384,5,CCCCCCC(C)(C)C1=CC(=O)C2=C(OC(C)(C)c3cn(CC)nc32)C1=O,10.1016/j.ejmech.2013.09.043
169284,Human,8.9,pKi,8.9,Binding,Displacementof[3H]-CP55940fromhumanCB1receptorDisplacementof[3H]-CP55940fromhumanCB1receptor,ChEMBL,409,6.5,CCCc1ccc(/C=C2\C=C(CCN3CCOCC3)c3ccccc32)c2ccccc12,10.1021/acs.jmedchem.6b00516
173491,Human,7.8,pKi,7.8,Binding,Displacementof[3H]-CP55940fromhumanCB1receptorDisplacementof[3H]-CP55940fromhumanCB1receptor,ChEMBL,393,5.6,C1=C(CCN2CCOCC2)c2ccccc2/C1=C/c1ccc2c3c(cccc13)CC2,10.1021/acs.jmedchem.6b00516
171308,Human,7.6,pKi,7.6,Binding,Displacementof[3H]-CP55940fromhumanCB1receptorDisplacementof[3H]-CP55940fromhumanCB1receptor,ChEMBL,417,6.7,C1=C(CCN2CCOCC2)c2ccccc2/C1=C/c1cccc2ccc3ccccc3c12,10.1021/acs.jmedchem.6b00516
174626,Human,7.6,pKi,7.6,Binding,Displacementof[3H]-CP55940fromhumanCB1receptorDisplacementof[3H]-CP55940fromhumanCB1receptor,ChEMBL,368,4.9,C1=C(CCN2CCOCC2)c2ccccc2/C1=C/c1ccnc2ccccc12,10.1021/acs.jmedchem.6b00516
174502,Human,7.1,pKi,7.1,Binding,Displacementof[3H]-CP55940fromhumanCB1receptorDisplacementof[3H]-CP55940fromhumanCB1receptor,ChEMBL,393,6,C1=C(CCN2CCOCC2)c2ccccc2/C1=C/c1ccccc1-c1ccccc1,10.1021/acs.jmedchem.6b00516
1828,Human,9.1,pKi,9.1,Binding,BindingaffinitytohumanCB1receptorBindingaffinitytohumanCB1receptor,ChEMBL,386,6.2,CCCCCCC(c1cc(O)c2c(c1)OC([C@H]1[C@H]2CC(=CC1)CO)(C)C)(C)C,10.1021/jm4005626
91180,Human,5.1,pKi,5.1,Binding,"Displacementof[3H]CP55,940fromhumanCB1expressedinCHO-K1cellsafter2hrsbyliquidscintillationcountingDisplacementof[3H]CP55,940fromhumanCB1expressedinCHO-K1cellsafter2hrsbyliquidscintillationcounting",ChEMBL,397,6.9,CC/C=C\C/C=C\C/C=C\CCCCCCCC(=O)NCc1cccc(OC)c1,10.1021/np500292g
2788,Human,5.0,pKi,5.0,Binding,Displacementof[3H]CP55940fromhumanCB1receptorincellfreesystemDisplacementof[3H]CP55940fromhumanCB1receptorincellfreesystem,ChEMBL,414,6.6,CCCCCCC(c1cc(OC)c(c(c1)OC)[C@H]1C=C(CO)[C@@H]2C[C@H]1C2(C)C)(C)C,10.1016/j.ejmech.2010.11.034
113468,Human,6.0,pKi,6.0,Binding,Displacementof[3H]CP55940fromhumancannabinoidCB1receptorexpressedinCHO-K1cellsbyliquidscintillationcountingDisplacementof[3H]CP55940fromhumancannabinoidCB1receptorexpressedinCHO-K1cellsbyliquidscintillationcounting,ChEMBL,258,4.4,Cc1cc(O)c2c(c1)OC(C)(C)C1=C2C[C@H](C)CC1,10.1016/j.ejmech.2014.07.062
171088,Human,6.3,pKi,6.3,Binding,Displacementof[3H]CP-55940fromhumanrecombinantCB1receptorexpressedinHEK293cellsDisplacementof[3H]CP-55940fromhumanrecombinantCB1receptorexpressedinHEK293cells,ChEMBL,361,3.5,O=C(NC1CCCCC1)c1cc2cccnc2n(Cc2ccccc2)c1=O,10.1021/jm801563d
186357,Human,6.0,pKi,6.0,Binding,Displacementof[3H]CP-55940fromhumanrecombinantCB1receptorexpressedinHEK293cellsDisplacementof[3H]CP-55940fromhumanrecombinantCB1receptorexpressedinHEK293cells,ChEMBL,375,3.9,O=C(NC1CCCCCC1)c1cc2cccnc2n(Cc2ccccc2)c1=O,10.1021/jm801563d
186140,Human,7.3,pKi,7.3,Binding,Displacementof[3H]CP-55940fromhumanrecombinantCB1receptorexpressedinHEK293cellsDisplacementof[3H]CP-55940fromhumanrecombinantCB1receptorexpressedinHEK293cells,ChEMBL,379,3.6,O=C(NC1CCCCC1)c1cc2cccnc2n(Cc2ccc(F)cc2)c1=O,10.1021/jm801563d
177829,Human,8.0,pKi,8.0,Binding,Displacementof[3H]CP-55940fromhumanrecombinantCB1receptorexpressedinHEK293cellsDisplacementof[3H]CP-55940fromhumanrecombinantCB1receptorexpressedinHEK293cells,ChEMBL,393,4,O=C(NC1CCCCCC1)c1cc2cccnc2n(Cc2ccc(F)cc2)c1=O,10.1021/jm801563d
104514,Human,6.3,pKi,6.3,Binding,Displacementof[3H]-CP55940fromhumanCB1receptorexpressedinCHOcellmembranesafter90minsbyscintillationcountinganalysisDisplacementof[3H]-CP55940fromhumanCB1receptorexpressedinCHOcellmembranesafter90minsbyscintillationcountinganalysis,ChEMBL,393,4.9,OCCCCCCCCCCCCCCCN[C@H](CO)Cc1ccc(O)cc1,10.1021/ml400435h
104131,Human,5.7,pKi,5.7,Binding,Displacementof[3H]CP55940fromhumanCB1receptorexpressedinCHOK1cellsafter1hrbyliquidscintillationcountinganalysisDisplacementof[3H]CP55940fromhumanCB1receptorexpressedinCHOK1cellsafter1hrbyliquidscintillationcountinganalysis,ChEMBL,400,4.2,O=C(N[C@@H]1CCCC[C@H]1O)c1ccc(OCC2CC2)c(-c2ccc(Cl)cc2)n1,10.1021/jm4010708
104138,Human,6.7,pKi,6.7,Binding,Displacementof[3H]CP55940fromhumanCB1receptorexpressedinCHOK1cellsafter1hrbyliquidscintillationcountinganalysisDisplacementof[3H]CP55940fromhumanCB1receptorexpressedinCHOK1cellsafter1hrbyliquidscintillationcountinganalysis,ChEMBL,400,4.4,O=C(N[C@@H]1CCCC[C@H]1O)c1cnc(OC2CCC2)c(-c2ccc(Cl)cc2)c1,10.1021/jm4010708
104414,Human,7.2,pKi,7.2,Binding,"Displacementof[3H]CP55,940fromhumanrecombinantCB1receptorexpressedinHEK293cellmembranesafter90minsDisplacementof[3H]CP55,940fromhumanrecombinantCB1receptorexpressedinHEK293cellmembranesafter90mins",ChEMBL,342,3.3,CC1CCC(NC(=O)c2cccn(Cc3ccc(F)cc3)c2=O)CC1,10.1016/j.ejmech.2013.10.070
104420,Human,7.6,pKi,7.6,Binding,"Displacementof[3H]CP55,940fromhumanrecombinantCB1receptorexpressedinHEK293cellmembranesafter90minsDisplacementof[3H]CP55,940fromhumanrecombinantCB1receptorexpressedinHEK293cellmembranesafter90mins",ChEMBL,368,3.9,CCCCn1cc(Br)cc(C(=O)NC2CCCCCC2)c1=O,10.1016/j.ejmech.2013.10.070
104421,Human,7.2,pKi,7.2,Binding,"Displacementof[3H]CP55,940fromhumanrecombinantCB1receptorexpressedinHEK293cellmembranesafter90minsDisplacementof[3H]CP55,940fromhumanrecombinantCB1receptorexpressedinHEK293cellmembranesafter90mins",ChEMBL,448,5.2,COc1ccc(-c2cc(C(=O)NC3CCCCCC3)c(=O)n(Cc3ccc(F)cc3)c2)cc1,10.1016/j.ejmech.2013.10.070
104429,Human,7.6,pKi,7.6,Binding,"Displacementof[3H]CP55,940fromhumanrecombinantCB1receptorexpressedinHEK293cellmembranesafter90minsDisplacementof[3H]CP55,940fromhumanrecombinantCB1receptorexpressedinHEK293cellmembranesafter90mins",ChEMBL,440,4.1,CCOC(=O)/C=C/c1cc(C(=O)NC2CCCCCC2)c(=O)n(Cc2ccc(F)cc2)c1,10.1016/j.ejmech.2013.10.070
104432,Human,5.5,pKi,5.5,Binding,"Displacementof[3H]CP55,940fromhumanrecombinantCB1receptorexpressedinHEK293cellmembranesafter90minsDisplacementof[3H]CP55,940fromhumanrecombinantCB1receptorexpressedinHEK293cellmembranesafter90mins",ChEMBL,324,4,CC1CCC(NC(=O)c2cccnc2OCc2ccccc2)CC1,10.1016/j.ejmech.2013.10.070
104641,Human,5.4,pKi,5.4,Binding,Displacementof[3H]-CP55940fromhumanCB1receptortransfectedinHEK-293EBNAcellsafter90minsbyluminescencecountinganalysisDisplacementof[3H]-CP55940fromhumanCB1receptortransfectedinHEK-293EBNAcellsafter90minsbyluminescencecountinganalysis,ChEMBL,459,6.9,O=[N+]([O-])c1ccc2c(c1)c(OCc1cccc3ccccc13)nn2Cc1cccc2ccccc12,10.1016/j.ejmech.2013.11.026
85182,Human,7.5,pKi,7.5,Binding,AntagonistactivityatCB1receptor(unknownorigin)AntagonistactivityatCB1receptor(unknownorigin),ChEMBL,513,7.2,Cc1c(C(=O)N(C)c2ccccc2)nn(-c2ccc(Cl)cc2Cl)c1-c1ccc(Br)cc1,10.1007/s00044-012-0418-y
104125,Human,6.3,pKi,6.3,Binding,Displacementof[3H]CP55940fromhumanCB1receptorexpressedinCHOK1cellsafter1hrbyliquidscintillationcountinganalysisDisplacementof[3H]CP55940fromhumanCB1receptorexpressedinCHOK1cellsafter1hrbyliquidscintillationcountinganalysis,ChEMBL,385,4.3,O=C(NN1CCCCC1)c1cnc(OCC2CC2)c(-c2ccc(Cl)cc2)c1,10.1021/jm4010708
104128,Human,6.7,pKi,6.7,Binding,Displacementof[3H]CP55940fromhumanCB1receptorexpressedinCHOK1cellsafter1hrbyliquidscintillationcountinganalysisDisplacementof[3H]CP55940fromhumanCB1receptorexpressedinCHOK1cellsafter1hrbyliquidscintillationcountinganalysis,ChEMBL,400,4.2,O=C(N[C@@H]1CCCC[C@@H]1O)c1cnc(OCC2CC2)c(-c2ccc(Cl)cc2)c1,10.1021/jm4010708
104419,Human,6.6,pKi,6.6,Binding,"Displacementof[3H]CP55,940fromhumanrecombinantCB1receptorexpressedinHEK293cellmembranesafter90minsDisplacementof[3H]CP55,940fromhumanrecombinantCB1receptorexpressedinHEK293cellmembranesafter90mins",ChEMBL,425,2.4,O=C(NC1CCCCCC1)c1cc(Br)cn(CCN2CCOCC2)c1=O,10.1016/j.ejmech.2013.10.070
104435,Human,7.3,pKi,7.3,Binding,"Displacementof[3H]CP55,940fromhumanrecombinantCB1receptorexpressedinHEK293cellmembranesafter90minsDisplacementof[3H]CP55,940fromhumanrecombinantCB1receptorexpressedinHEK293cellmembranesafter90mins",ChEMBL,358,4,O=C(NC1CCCCCC1)c1cccn(Cc2ccc(Cl)cc2)c1=O,10.1016/j.ejmech.2013.10.070
85185,Human,7.7,pKi,7.7,Binding,AntagonistactivityatCB1receptor(unknownorigin)AntagonistactivityatCB1receptor(unknownorigin),ChEMBL,462,5.1,COc1ccc(-c2c(F)c(C(=O)NN3CCCCC3)nn2-c2ccc(Cl)cc2Cl)cc1,10.1007/s00044-012-0418-y
104418,Human,8.1,pKi,8.1,Binding,"Displacementof[3H]CP55,940fromhumanrecombinantCB1receptorexpressedinHEK293cellmembranesafter90minsDisplacementof[3H]CP55,940fromhumanrecombinantCB1receptorexpressedinHEK293cellmembranesafter90mins",ChEMBL,420,4.3,O=C(NC1CCCCCC1)c1cc(Br)cn(Cc2ccc(F)cc2)c1=O,10.1016/j.ejmech.2013.10.070
104428,Human,7.6,pKi,7.6,Binding,"Displacementof[3H]CP55,940fromhumanrecombinantCB1receptorexpressedinHEK293cellmembranesafter90minsDisplacementof[3H]CP55,940fromhumanrecombinantCB1receptorexpressedinHEK293cellmembranesafter90mins",ChEMBL,444,5.7,O=C(NC1CCCCCC1)c1cc(/C=C/c2ccccc2)cn(Cc2ccc(F)cc2)c1=O,10.1016/j.ejmech.2013.10.070
104436,Human,5.9,pKi,5.9,Binding,"Displacementof[3H]CP55,940fromhumanrecombinantCB1receptorexpressedinHEK293cellmembranesafter90minsDisplacementof[3H]CP55,940fromhumanrecombinantCB1receptorexpressedinHEK293cellmembranesafter90mins",ChEMBL,450,4,O=C(NC1CCCCCC1)c1cccn(Cc2ccc(I)cc2)c1=O,10.1016/j.ejmech.2013.10.070
104629,Human,5.6,pKi,5.6,Binding,Displacementof[3H]CP55940fromhumanCB1RtransfectedinHEK293EBNAcellmembranesincubatedfor90minsbyMicrobetaTriLuxbasedluminescenceanalysisDisplacementof[3H]CP55940fromhumanCB1RtransfectedinHEK293EBNAcellmembranesincubatedfor90minsbyMicrobetaTriLuxbasedluminescenceanalysis,ChEMBL,314,4.7,c1ccc(COc2nn(Cc3ccccc3)c3ccccc23)cc1,10.1016/j.bmc.2020.115672
104635,Human,5.9,pKi,5.9,Binding,Displacementof[3H]-CP55940fromhumanCB1receptortransfectedinHEK-293EBNAcellsafter90minsbyluminescencecountinganalysisDisplacementof[3H]-CP55940fromhumanCB1receptortransfectedinHEK-293EBNAcellsafter90minsbyluminescencecountinganalysis,ChEMBL,385,5.3,c1ccc2cc(COc3nn(CCN4CCCCC4)c4ccccc34)ccc2c1,10.1016/j.ejmech.2013.11.026
104754,Human,5.0,pKi,5.0,Binding,Displacementof[3H]-CP55940fromhumanCB1receptorexpressedinCHOcellsDisplacementof[3H]-CP55940fromhumanCB1receptorexpressedinCHOcells,ChEMBL,567,4.7,CC(C)=CCC[C@]1(C)[C@@H](O[C@@H]2O[C@H](CO)[C@@H](O)[C@H](O)[C@@H]2O)CC[C@@]2(C)[C@H]1CC[C@H]1Cc3c([nH]c4ccccc34)[C@@]12C,10.1021/np400850g
104117,Human,6.9,pKi,6.9,Binding,Displacementof[3H]CP55940fromhumanCB1receptorexpressedinCHOK1cellsafter1hrbyliquidscintillationcountinganalysisDisplacementof[3H]CP55940fromhumanCB1receptorexpressedinCHOK1cellsafter1hrbyliquidscintillationcountinganalysis,ChEMBL,400,4.2,O=C(N[C@@H]1CCCC[C@H]1O)c1cnc(OCC2CC2)c(-c2cccc(Cl)c2)c1,10.1021/jm4010708
104628,Human,6.7,pKi,6.7,Binding,Displacementof[3H]-CP55940fromhumanCB1receptortransfectedinHEK-293EBNAcellsafter90minsbyluminescencecountinganalysisDisplacementof[3H]-CP55940fromhumanCB1receptortransfectedinHEK-293EBNAcellsafter90minsbyluminescencecountinganalysis,ChEMBL,326,5.6,c1ccc2c(c1)c(OCC1CCCCC1)nn2CC1CCCCC1,10.1016/j.ejmech.2013.11.026
104634,Human,5.5,pKi,5.5,Binding,Displacementof[3H]-CP55940fromhumanCB1receptortransfectedinHEK-293EBNAcellsafter90minsbyluminescencecountinganalysisDisplacementof[3H]-CP55940fromhumanCB1receptortransfectedinHEK-293EBNAcellsafter90minsbyluminescencecountinganalysis,ChEMBL,385,5.3,c1ccc2c(COc3nn(CCN4CCCCC4)c4ccccc34)cccc2c1,10.1016/j.ejmech.2013.11.026
105149,Human,5.5,pKi,5.5,Binding,AgonistactivityathumanCB1receptorAgonistactivityathumanCB1receptor,ChEMBL,407,5.2,CCOc1ccc(Cc2nc3cc(C(=O)N(C)CC)ccc3n2CCC(C)C)cc1,10.1016/j.ejmech.2014.01.030
85173,Human,7.0,pKi,7.0,Binding,AntagonistactivityatCB1receptor(unknownorigin)AntagonistactivityatCB1receptor(unknownorigin),ChEMBL,499,5.4,O=C(NN1CCCCC1)c1nn(-c2ccc(Cl)cc2Cl)c2c1CCCc1c-2cccc1[N+](=O)[O-],10.1007/s00044-012-0418-y
85186,Human,6.4,pKi,6.4,Binding,AntagonistactivityatCB1receptor(unknownorigin)AntagonistactivityatCB1receptor(unknownorigin),ChEMBL,489,7.1,Cc1ccc(Cn2nc(C(=O)NC3CC4CCC3(C)C4(C)C)c(C)c2-c2ccc(Cl)c(C)c2)cc1,10.1007/s00044-012-0418-y
104515,Human,6.1,pKi,6.1,Binding,Displacementof[3H]-CP55940fromhumanCB1receptorexpressedinCHOcellmembranesafter90minsbyscintillationcountinganalysisDisplacementof[3H]-CP55940fromhumanCB1receptorexpressedinCHOcellmembranesafter90minsbyscintillationcountinganalysis,ChEMBL,429,6.2,CCCCC/C=C\C/C=C\CCCCCCCC(=O)N[C@H](CO)Cc1ccc(O)cc1,10.1021/ml400435h
104633,Human,6.3,pKi,6.3,Binding,Displacementof[3H]-CP55940fromhumanCB1receptortransfectedinHEK-293EBNAcellsafter90minsbyluminescencecountinganalysisDisplacementof[3H]-CP55940fromhumanCB1receptortransfectedinHEK-293EBNAcellsafter90minsbyluminescencecountinganalysis,ChEMBL,371,4.9,c1ccc2c(COc3nn(CCN4CCCC4)c4ccccc34)cccc2c1,10.1016/j.ejmech.2013.11.026
104647,Human,5.0,pKi,5.0,Binding,Displacementof[3H]-CP55940fromhumanCB1receptortransfectedinHEK-293EBNAcellsafter90minsbyluminescencecountinganalysisDisplacementof[3H]-CP55940fromhumanCB1receptortransfectedinHEK-293EBNAcellsafter90minsbyluminescencecountinganalysis,ChEMBL,386,4.4,Nc1ccc2c(c1)c(OCc1cccc3ccccc13)nn2CCN1CCCC1,10.1016/j.ejmech.2013.11.026
104132,Human,7.6,pKi,7.6,Binding,Displacementof[3H]CP55940fromhumanCB1receptorexpressedinCHOK1cellsafter1hrbyliquidscintillationcountinganalysisDisplacementof[3H]CP55940fromhumanCB1receptorexpressedinCHOK1cellsafter1hrbyliquidscintillationcountinganalysis,ChEMBL,401,3.6,O=C(N[C@@H]1CCCC[C@H]1O)c1cnc(OCC2CC2)c(-c2ccc(Cl)cc2)n1,10.1021/jm4010708
104153,Human,6.7,pKi,6.7,Binding,Displacementof[3H]CP55940fromhumanCB1receptorexpressedinCHOK1cellsafter1hrbyliquidscintillationcountinganalysisDisplacementof[3H]CP55940fromhumanCB1receptorexpressedinCHOK1cellsafter1hrbyliquidscintillationcountinganalysis,ChEMBL,400,4.2,O=C(N[C@@H]1CCCC[C@H]1O)c1cnc(OCC2CC2)c(-c2ccccc2Cl)c1,10.1021/jm4010708
104412,Human,5.7,pKi,5.7,Binding,"Displacementof[3H]CP55,940fromhumanrecombinantCB1receptorexpressedinHEK293cellmembranesafter90minsDisplacementof[3H]CP55,940fromhumanrecombinantCB1receptorexpressedinHEK293cellmembranesafter90mins",ChEMBL,450,4,O=C(NC1CCCCCC1)c1cccn(Cc2cccc(I)c2)c1=O,10.1016/j.ejmech.2013.10.070
104643,Human,5.9,pKi,5.9,Binding,Displacementof[3H]-CP55940fromhumanCB1receptortransfectedinHEK-293EBNAcellsafter90minsbyluminescencecountinganalysisDisplacementof[3H]-CP55940fromhumanCB1receptortransfectedinHEK-293EBNAcellsafter90minsbyluminescencecountinganalysis,ChEMBL,430,5.2,O=[N+]([O-])c1ccc2c(c1)c(OCc1ccc3ccccc3c1)nn2CCN1CCCCC1,10.1016/j.ejmech.2013.11.026
85175,Human,6.5,pKi,6.5,Binding,AntagonistactivityatCB1receptor(unknownorigin)AntagonistactivityatCB1receptor(unknownorigin),ChEMBL,368,4.7,CCCCCCCn1nc(C(=O)NN2CCCCC2)cc1-c1ccccc1,10.1007/s00044-012-0418-y
85181,Human,7.7,pKi,7.7,Binding,AntagonistactivityatCB1receptor(unknownorigin)AntagonistactivityatCB1receptor(unknownorigin),ChEMBL,463,7.2,Cc1c(C(=O)Nc2ccc(-c3ccsc3)cc2)nn(CCCCCCl)c1-c1ccccc1,10.1007/s00044-012-0418-y
102891,Human,4.9,pKi,4.9,Binding,Displacementof[3H]CP55940fromhumancannabinoidCB1receptorexpressedinHEK293EBNAcellsafter90minsbyliquidscintillationcountingDisplacementof[3H]CP55940fromhumancannabinoidCB1receptorexpressedinHEK293EBNAcellsafter90minsbyliquidscintillationcounting,ChEMBL,370,4.5,CCCCCCC(C)(C)C1=CC(=O)C2=C(OC(C)(C)c3cn(C)nc32)C1=O,10.1016/j.ejmech.2013.09.043
104124,Human,5.7,pKi,5.7,Binding,Displacementof[3H]CP55940fromhumanCB1receptorexpressedinCHOK1cellsafter1hrbyliquidscintillationcountinganalysisDisplacementof[3H]CP55940fromhumanCB1receptorexpressedinCHOK1cellsafter1hrbyliquidscintillationcountinganalysis,ChEMBL,459,2.9,CS(=O)(=O)Nc1ccc(-c2cc(C(=O)N[C@@H]3CCCC[C@H]3O)cnc2OCC2CC2)cc1,10.1021/jm4010708
104127,Human,6.6,pKi,6.6,Binding,Displacementof[3H]CP55940fromhumanCB1receptorexpressedinCHOK1cellsafter1hrbyliquidscintillationcountinganalysisDisplacementof[3H]CP55940fromhumanCB1receptorexpressedinCHOK1cellsafter1hrbyliquidscintillationcountinganalysis,ChEMBL,400,4.2,O=C(N[C@H]1CCCC[C@@H]1O)c1cnc(OCC2CC2)c(-c2ccc(Cl)cc2)c1,10.1021/jm4010708
104417,Human,5.8,pKi,5.8,Binding,"Displacementof[3H]CP55,940fromhumanrecombinantCB1receptorexpressedinHEK293cellmembranesafter90minsDisplacementof[3H]CP55,940fromhumanrecombinantCB1receptorexpressedinHEK293cellmembranesafter90mins",ChEMBL,290,3,CCCCn1cccc(C(=O)NC2CCC(C)CC2)c1=O,10.1016/j.ejmech.2013.10.070
104426,Human,7.6,pKi,7.6,Binding,"Displacementof[3H]CP55,940fromhumanrecombinantCB1receptorexpressedinHEK293cellmembranesafter90minsDisplacementof[3H]CP55,940fromhumanrecombinantCB1receptorexpressedinHEK293cellmembranesafter90mins",ChEMBL,436,5.3,O=C(NC1CCCCCC1)c1cc(-c2ccc(F)cc2)cn(Cc2ccc(F)cc2)c1=O,10.1016/j.ejmech.2013.10.070
104430,Human,5.7,pKi,5.7,Binding,"Displacementof[3H]CP55,940fromhumanrecombinantCB1receptorexpressedinHEK293cellmembranesafter90minsDisplacementof[3H]CP55,940fromhumanrecombinantCB1receptorexpressedinHEK293cellmembranesafter90mins",ChEMBL,324,4.1,O=C(NC1CCCCCC1)c1cccnc1OCc1ccccc1,10.1016/j.ejmech.2013.10.070
104431,Human,6.1,pKi,6.1,Binding,"Displacementof[3H]CP55,940fromhumanrecombinantCB1receptorexpressedinHEK293cellmembranesafter90minsDisplacementof[3H]CP55,940fromhumanrecombinantCB1receptorexpressedinHEK293cellmembranesafter90mins",ChEMBL,342,4.1,CC1CCC(NC(=O)c2cccnc2OCc2ccc(F)cc2)CC1,10.1016/j.ejmech.2013.10.070
85174,Human,6.6,pKi,6.6,Binding,AntagonistactivityatCB1receptor(unknownorigin)AntagonistactivityatCB1receptor(unknownorigin),ChEMBL,340,3.9,CCCCCn1nc(C(=O)NN2CCCCC2)cc1-c1ccccc1,10.1007/s00044-012-0418-y
85183,Human,7.9,pKi,7.9,Binding,AntagonistactivityatCB1receptor(unknownorigin)AntagonistactivityatCB1receptor(unknownorigin),ChEMBL,508,4.9,Cc1c(C(=O)NN2CCOCC2)nn(-c2ccc(Cl)cc2Cl)c1-c1ccccc1Br,10.1007/s00044-012-0418-y
85184,Human,6.6,pKi,6.6,Binding,AntagonistactivityatCB1receptor(unknownorigin)AntagonistactivityatCB1receptor(unknownorigin),ChEMBL,517,7.3,COCc1c(C(=O)NC2CCCCC2)nn(-c2ccc(Cl)cc2Cl)c1C1C2(C)CCC(C2)C1(C)C,10.1007/s00044-012-0418-y
104122,Human,7.2,pKi,7.2,Binding,Displacementof[3H]CP55940fromhumanCB1receptorexpressedinCHOK1cellsafter1hrbyliquidscintillationcountinganalysisDisplacementof[3H]CP55940fromhumanCB1receptorexpressedinCHOK1cellsafter1hrbyliquidscintillationcountinganalysis,ChEMBL,396,3.6,COc1ccc(-c2cc(C(=O)N[C@@H]3CCCC[C@H]3O)cnc2OCC2CC2)cc1,10.1021/jm4010708
104422,Human,7.5,pKi,7.5,Binding,"Displacementof[3H]CP55,940fromhumanrecombinantCB1receptorexpressedinHEK293cellmembranesafter90minsDisplacementof[3H]CP55,940fromhumanrecombinantCB1receptorexpressedinHEK293cellmembranesafter90mins",ChEMBL,418,5.2,O=C(NC1CCCCCC1)c1cc(-c2ccccc2)cn(Cc2ccc(F)cc2)c1=O,10.1016/j.ejmech.2013.10.070
104427,Human,5.6,pKi,5.6,Binding,"Displacementof[3H]CP55,940fromhumanrecombinantCB1receptorexpressedinHEK293cellmembranesafter90minsDisplacementof[3H]CP55,940fromhumanrecombinantCB1receptorexpressedinHEK293cellmembranesafter90mins",ChEMBL,441,3.4,O=C(NC1CCCCCC1)c1cc(-c2ccc(F)cc2)cn(CCN2CCOCC2)c1=O,10.1016/j.ejmech.2013.10.070
169487,Human,5.6,pKi,5.6,Binding,Displacementof[3H]CP55940fromrecombinanthumanCB1RexpressedinHEK293cellmembranesincubatedfor90minsbyCheng-PrusoffequationanalysisDisplacementof[3H]CP55940fromrecombinanthumanCB1RexpressedinHEK293cellmembranesincubatedfor90minsbyCheng-Prusoffequationanalysis,ChEMBL,348,4.9,Cc1nc(-c2ccccc2)sc1C(=O)NC1CCCc2ccccc21,10.1016/j.ejmech.2019.07.002
186974,Human,6.0,pKi,6.0,Binding,Displacementof[3H]CP-55940fromhumanclonedCB1receptorbyscintillationspectrometryDisplacementof[3H]CP-55940fromhumanclonedCB1receptorbyscintillationspectrometry,ChEMBL,394,2.9,Cc1ccc(NC(=O)c2ccccc2Cl)cc1S(=O)(=O)N1CCOCC1,10.1016/j.bmcl.2008.11.091
94565,Human,7.5,pKi,7.5,Binding,Displacementof[3H]CP-55940fromhumanclonedCB1receptorDisplacementof[3H]CP-55940fromhumanclonedCB1receptor,ChEMBL,418,2.6,Cc1ccc(C(=O)NC2C3CC4CC(C3)CC2C4)cc1S(=O)(=O)N1CCOCC1,10.1016/j.bmcl.2008.04.006
157573,Human,9.9,pKi,9.9,Binding,Displacementof[3H]CP55940fromrecombinanthumanCB1receptorexpressedinbeta-galactosidaseexpressingCHOK1cellmembranesafter60minsbyscintillationspectrometryDisplacementof[3H]CP55940fromrecombinanthumanCB1receptorexpressedinbeta-galactosidaseexpressingCHOK1cellmembranesafter60minsbyscintillationspectrometry,ChEMBL,612,6.8,Cc1ccc(NC(=O)c2nc(-c3ccc(Cl)cc3Cl)n(-c3ccc(OS(=O)(=O)CCC(F)(F)F)cc3)c2C)nc1,10.1021/acs.jmedchem.7b00861
95036,Human,6.6,pKi,6.6,Binding,Displacementof[3H]CP-55940fromhumanclonedCB1receptorDisplacementof[3H]CP-55940fromhumanclonedCB1receptor,ChEMBL,418,2.7,Cc1ccc(C(=O)NC23CC4CC(CC(C4)C2)C3)cc1S(=O)(=O)N1CCOCC1,10.1016/j.bmcl.2008.04.006
158604,Human,10.0,pKi,10.0,Binding,Displacementof[3H]CP55940fromrecombinanthumanCB1receptorexpressedinbeta-galactosidaseexpressingCHOK1cellmembranesafter60minsbyscintillationspectrometryDisplacementof[3H]CP55940fromrecombinanthumanCB1receptorexpressedinbeta-galactosidaseexpressingCHOK1cellmembranesafter60minsbyscintillationspectrometry,ChEMBL,619,5.8,Cc1c(C(=O)N[C@H]2CCC[C@H](O)C2)nc(-c2ccc(Cl)cc2Cl)n1-c1ccc(OS(=O)(=O)CCC(F)(F)F)cc1,10.1021/acs.jmedchem.7b00861
144588,Human,8.2,pKi,8.2,Binding,RadioligandDisplacementAssay(CP55940):Furthercharacterizationofselectcompoundswasperformedusingradioliganddisplacementof[3H]1andequilibriumdissociationconstant(Ki)valuesweredetermined.SelectivityofthesecompoundsatCB1versusCB2wasalsodeterminedbyobtainingKivaluesateitherreceptorusingdisplacementof[3H]CP55940inmembranesofCHO-K1cellsover-expressingeitherreceptor.Datareportedareaveragevaluesfrom3-6measurements.RadioligandDisplacementAssay(CP55940):Furthercharacterizationofselectcompoundswasperformedusingradioliganddisplacementof[3H]1andequilibriumdissociationconstant(Ki)valuesweredetermined.SelectivityofthesecompoundsatCB1versusCB2wasalsodeterminedbyobtainingKivaluesateitherreceptorusingdisplacementof[3H]CP55940inmembranesofCHO-K1cellsover-expressingeitherreceptor.Datareportedareaveragevaluesfrom3-6measurements.,ChEMBL,556,6.4,CC(=O)NC1(c2ccccc2)CCN(c2ncnc3c2nc(-c2ccccc2Cl)n3-c2ccc(Cl)cc2)CC1,
169953,Human,7.0,pKi,7.0,Binding,Displacementof[3H]-CP55940fromhumanCB1receptorDisplacementof[3H]-CP55940fromhumanCB1receptor,ChEMBL,356,4.8,C1=C(CCN2CCOCC2)c2ccccc2/C1=C/c1cccc2cc[nH]c12,10.1021/acs.jmedchem.6b00516
109163,Human,5.3,pKi,5.3,Binding,Displacementof[3H]-CP55940fromhumanCB1receptorbyliquidscintillationcountingDisplacementof[3H]-CP55940fromhumanCB1receptorbyliquidscintillationcounting,ChEMBL,376,6.4,CCCCCCC(C)(C)c1cc(OC)c([C@]2(O)CCC[C@@H](C)C2)c(OC)c1,10.1021/jm4005626
108796,Human,5.7,pKi,5.7,Binding,"Displacementof[3H]CP55,940fromhumanrecombinantCB1receptorexpressedinCHO-K1cellsDisplacementof[3H]CP55,940fromhumanrecombinantCB1receptorexpressedinCHO-K1cells",ChEMBL,418,5.2,O=C1/C(=C/c2cccc(OCc3ccc(Cl)cc3Cl)c2)N=C2SCCCN12,10.1039/C3MD00394A
108801,Human,5.7,pKi,5.7,Binding,"Displacementof[3H]CP55,940fromhumanrecombinantCB1receptorexpressedinCHO-K1cellsDisplacementof[3H]CP55,940fromhumanrecombinantCB1receptorexpressedinCHO-K1cells",ChEMBL,364,4.3,O=C1/C(=C/c2cccc(OCc3ccccc3)c2)N=C2SCCCCN12,10.1039/C3MD00394A
108803,Human,5.7,pKi,5.7,Binding,"Displacementof[3H]CP55,940fromhumanrecombinantCB1receptorexpressedinCHO-K1cellsDisplacementof[3H]CP55,940fromhumanrecombinantCB1receptorexpressedinCHO-K1cells",ChEMBL,398,5,O=C1/C(=C/c2cccc(OCc3cccc(Cl)c3)c2)N=C2SCCCCN12,10.1039/C3MD00394A
108804,Human,5.6,pKi,5.6,Binding,"Displacementof[3H]CP55,940fromhumanrecombinantCB1receptorexpressedinCHO-K1cellsDisplacementof[3H]CP55,940fromhumanrecombinantCB1receptorexpressedinCHO-K1cells",ChEMBL,398,5,O=C1/C(=C/c2cccc(OCc3ccccc3Cl)c2)N=C2SCCCCN12,10.1039/C3MD00394A
108806,Human,6.1,pKi,6.1,Binding,"Displacementof[3H]CP55,940fromhumanrecombinantCB1receptorexpressedinCHO-K1cellsDisplacementof[3H]CP55,940fromhumanrecombinantCB1receptorexpressedinCHO-K1cells",ChEMBL,382,4.5,O=C1/C(=C/c2cccc(OCc3ccc(F)cc3)c2)N=C2SCCCCN12,10.1039/C3MD00394A
3499,Human,8.5,pKi,8.5,Binding,Inhibitionof[3H]CP-55940bindingtohumancannabinoidreceptor1Inhibitionof[3H]CP-55940bindingtohumancannabinoidreceptor1,ChEMBL,520,6.3,CCc1c(nn(c1c1ccc(cc1)Br)c1ccc(cc1Cl)Cl)C(=O)NN1CCCCC1,10.1021/jm058183t
1846,Human,9.4,pKi,9.4,Binding,Displacementof[3H]BMS-725519fromhumanCB1receptorexpressedinCHOcellsafter90minsbyscintillationcountingDisplacementof[3H]BMS-725519fromhumanCB1receptorexpressedinCHOcellsafter90minsbyscintillationcounting,ChEMBL,486,4.8,CN=C(N1N=C([C@H](C1)c1ccccc1)c1ccc(cc1)Cl)NS(=O)(=O)c1ccc(cc1)Cl,10.1016/j.bmcl.2011.09.016
89925,Human,8.8,pKi,8.8,Binding,"Displacementof[3H]-CP-55,940fromrecombinanthumanCB1RexpressedinHEK293cellmembranesafter90minsDisplacementof[3H]-CP-55,940fromrecombinanthumanCB1RexpressedinHEK293cellmembranesafter90mins",ChEMBL,286,5,CCCc1cc(O)c2c(c1)OC(C)(C)[C@@H]1CCC(C)=C[C@@H]21,10.1021/acs.jnatprod.9b00831
101100,Human,5.6,pKi,5.6,Binding,DRUGMATRIX:CannabinoidCB1radioligandbinding(ligand:[3H]SR141716A)DRUGMATRIX:CannabinoidCB1radioligandbinding(ligand:[3H]SR141716A),ChEMBL,404,5.4,Fc1ccc(C(c2ccc(F)cc2)N2CCN(C/C=C/c3ccccc3)CC2)cc1,
190318,Human,5.6,pKi,5.6,Binding,Displacementof[3H]rimonabantfromhumanCB1receptorexpressedinHEK293cellsbyliquidscintillationcountingDisplacementof[3H]rimonabantfromhumanCB1receptorexpressedinHEK293cellsbyliquidscintillationcounting,ChEMBL,526,2.9,Cc1ccc(C(=O)n2cc(/C=N/Nc3nc(N4CCOCC4)nc(N4CCOCC4)n3)c3ccccc32)cc1,10.1016/j.bmcl.2009.05.114
92526,Human,7.5,pKi,7.5,Binding,Displacementof[3H]CP55940fromhumanCB1receptorexpressedinHEK293cellsDisplacementof[3H]CP55940fromhumanCB1receptorexpressedinHEK293cells,ChEMBL,368,6.8,CCCCCOc1ccc(C(=O)c2cccc3ccccc23)c2ccccc12,10.1016/j.bmcl.2012.04.128
18380,Human,8.9,pKi,8.9,Binding,BindingaffinitytoCB1receptorBindingaffinitytoCB1receptor,ChEMBL,370,6.5,CCCCCCC(C)(C)c1ccc2c(c1)OC(C)(C)[C@@H]1CC=C(CO)C[C@@H]21,10.1016/j.bmc.2010.09.061
167523,Human,8.2,pKi,8.2,Binding,BindingaffinitytoCB1receptorBindingaffinitytoCB1receptor,ChEMBL,378,6.5,CC1=CC[C@@H]2[C@@H](C1)c1c(O)cc(C34CC5CC(CC(C5)C3)C4)cc1OC2(C)C,10.1016/j.bmc.2008.11.059
89799,Human,6.0,pKi,6.0,Binding,"Displacementof[3H]-CP-55,940fromhumanCB1receptorexpressedinCHOcellmembranesDisplacementof[3H]-CP-55,940fromhumanCB1receptorexpressedinCHOcellmembranes",ChEMBL,380,4.3,CCCCn1c2c(cc(C(=O)NCCc3ccccc3)c1=O)CCCCCC2,10.1016/j.bmc.2013.03.030
16138,Human,8.6,pKi,8.6,Binding,Displacementof[3H]-CP55940fromhumanCB1receptorDisplacementof[3H]-CP55940fromhumanCB1receptor,ChEMBL,397,5.5,COc1ccc(/C=C2\C=C(CCN3CCOCC3)c3ccccc32)c2ccccc12,10.1021/acs.jmedchem.6b00516
184013,Human,5.4,pKi,5.4,Binding,Displacementof[3H]CP-55940fromhumanCB1receptorDisplacementof[3H]CP-55940fromhumanCB1receptor,ChEMBL,462,5,CCOc1ccc(Cc2nc3cc(C(=O)N(CC)CC)ccc3n2C[C@H]2CCCCN2C)cc1,10.1016/j.bmcl.2008.05.073
57127,Human,8.1,pKi,8.1,Binding,Displacementof[3H]CP55940fromhumanCB1receptorincellfreesystemDisplacementof[3H]CP55940fromhumanCB1receptorincellfreesystem,ChEMBL,522,6.7,CC1=CC[C@@H]2[C@@H](C1)c1c(OC(=O)CCCN3CCOCC3)cc(C(C)(C)CCCCC#N)cc1OC2(C)C,10.1016/j.ejmech.2010.11.034
57119,Human,9.3,pKi,9.3,Binding,BindingaffinitytorecombinanthumanCB1receptorBindingaffinitytorecombinanthumanCB1receptor,ChEMBL,430,4.2,O=S(=O)(CCCC(F)(F)F)Oc1cccc(Oc2cccc3c2C[C@H](CO)C3)c1,10.1016/j.bmcl.2011.07.017
177559,Human,7.6,pKi,7.6,Binding,Displacementof[3H]-CP55940fromrecombinanthumanCB1receptorexpressedinSf9cellmembranesco-expressingGalphai3beta1gamma2measuredafter90minsbyscintillationcountingmethodDisplacementof[3H]-CP55940fromrecombinanthumanCB1receptorexpressedinSf9cellmembranesco-expressingGalphai3beta1gamma2measuredafter90minsbyscintillationcountingmethod,ChEMBL,358,5.4,CCCCCc1cc2c(c(O)c1C(=O)O)[C@@H]1C=C(C)CC[C@H]1C(C)(C)O2,10.1021/acs.jnatprod.8b00874
10382,Human,8.7,pKi,8.7,Binding,Displacementof[3H]CP55940fromhumanCB1receptorincellfreesystemDisplacementof[3H]CP55940fromhumanCB1receptorincellfreesystem,ChEMBL,430,7.2,CC1=CC[C@@H]2[C@@H](C1)c1c(O)cc(C3(C4CCCCC4)SCCS3)cc1OC2(C)C,10.1016/j.ejmech.2010.11.034
62098,Human,5.4,pKi,5.4,Binding,Displacementof[3H]CP-55940fromhumanCB1receptorexpressedinCHOcellsDisplacementof[3H]CP-55940fromhumanCB1receptorexpressedinCHOcells,ChEMBL,438,3.8,CCCCCOc1c(OC)ccc2cc(C(=O)NCc3ccc4c(c3)OCO4)c(=O)[nH]c12,10.1016/j.bmcl.2009.12.032
16964,Human,5.2,pKi,5.2,Binding,Displacementof[3H]-CP55940fromhumanCB1receptorexpressedinCHOcellsDisplacementof[3H]-CP55940fromhumanCB1receptorexpressedinCHOcells,ChEMBL,405,6.9,CC(C)=CCC[C@]1(C)[C@@H](O)CC[C@@]2(C)[C@H]1CC[C@H]1Cc3c([nH]c4ccccc34)[C@@]12C,10.1021/np400850g
140331,Human,8.9,pKi,8.9,Binding,BindingaffinitytoCB1receptorBindingaffinitytoCB1receptor,ChEMBL,531,3.8,C[C@H](NS(C)(=O)=O)c1ccc(S(=O)(=O)c2ccc(Cl)cc2S(=O)(=O)c2ccccc2F)cc1,10.1016/j.bmcl.2007.04.028
118639,Human,9.1,pKi,9.1,Binding,EvaluatedforitsbindingaffinitytowardsCannabinoidreceptor1(CB1)EvaluatedforitsbindingaffinitytowardsCannabinoidreceptor1(CB1),ChEMBL,413,5.9,CC1=CC[C@@H]2[C@@H](C1)c1c(O)cc(C(C)(C)CCCCC(=O)N(C)C)cc1OC2(C)C,10.1021/jm9803875
7444,Human,6.8,pKi,6.8,Binding,NoneNone,PDSPKiDatabase,362,4.5,O=C(C1CCCCC1)N1CCN(C(c2ccccc2)c2ccccc2)CC1,None
190770,Human,8.6,pKi,8.6,Binding,Displacementof[3H]CP-55940fromclonedhumanCB1receptorDisplacementof[3H]CP-55940fromclonedhumanCB1receptor,ChEMBL,324,6.9,CCCCCCC(C)(C)c1ccc(-c2cc(C)cc(C)c2)c(O)c1,10.1016/j.bmcl.2007.04.059
166631,Human,6.4,pKi,6.4,Binding,Displacementof[3H]CP-55940fromhumanrecombinantCB1receptorDisplacementof[3H]CP-55940fromhumanrecombinantCB1receptor,ChEMBL,354,5.6,CCCCCCC(C)(C)c1cc(O)c2c(c1)oc(=O)c1ccc(O)cc12,10.1021/jm801044g
198168,Human,6.1,pKi,6.1,Binding,Evaluatedforbindingaffinityagainstrecombinanthumancentralcannabinoidreceptor1Evaluatedforbindingaffinityagainstrecombinanthumancentralcannabinoidreceptor1,ChEMBL,384,4.6,Cc1c(CN2CCOCC2)c2ccccc2n1C(=O)c1cccc2ccccc12,10.1016/0960-894X(96)00426-X
188159,Human,7.8,pKi,7.8,Binding,Bindingaffinityofcompoundagainsthumancannabinoidreceptor1inchinesehamsterovarycellsbyusingradioligandCP-55940Bindingaffinityofcompoundagainsthumancannabinoidreceptor1inchinesehamsterovarycellsbyusingradioligandCP-55940,ChEMBL,463,4.7,COc1cccc2c3c(=O)n([C@@H]4C(C)(C)[C@@H]5CC[C@@]4(C)C5)ccc3n(CCN3CCOCC3)c12,10.1021/jm020329q
86559,Human,4.6,pKi,4.6,Binding,Displacementof[3H]CP-55940fromCB1receptorexpressedinHEKcellsDisplacementof[3H]CP-55940fromCB1receptorexpressedinHEKcells,ChEMBL,471,7,Cc1nc(-c2ccccc2)c(-c2ccccc2)n1CCCCCCNC(=O)Oc1ccccc1F,10.1016/j.bmcl.2007.04.009
197960,Human,7.1,pKi,7.1,Binding,BindingaffinityforbrainCBIreceptorwasdeterminedBindingaffinityforbrainCBIreceptorwasdetermined,ChEMBL,291,5.1,CCCCCn1ccc(C(=O)c2cccc3ccccc23)c1,10.1016/s0960-894x(99)00353-4
94055,Human,9.5,pKi,9.5,Binding,BindingaffinitytoCB1receptorBindingaffinitytoCB1receptor,ChEMBL,354,6.5,CC1=CC[C@@H]2[C@@H](C1)c1c(O)cc(C(C)(C)C3CCCC3)cc1OC2(C)C,10.1021/jm0610705
18240,Human,6.2,pKi,6.2,Binding,"CompoundwasevaluatedforitsbindingaffinityagainstCannabinoidreceptor1inGuineapigileum(GPI)using[3H]SR-141,716Aligandatsite2CompoundwasevaluatedforitsbindingaffinityagainstCannabinoidreceptor1inGuineapigileum(GPI)using[3H]SR-141,716Aligandatsite2",ChEMBL,367,5.5,C1=C(CCN2CCOCC2)c2ccccc2/C1=C/c1cccc2ccccc12,10.1021/jm9801197
57130,Human,6.6,pKi,6.6,Binding,Displacementof[3H]-CP55940fromhumanCB1receptorexpressedinCHO-K1cellsbyliquidscintillationcountingDisplacementof[3H]-CP55940fromhumanCB1receptorexpressedinCHO-K1cellsbyliquidscintillationcounting,ChEMBL,310,2.9,COCCn1c(C)c(C)s/c1=N\C(=O)C1C(C)(C)C1(C)C,10.1021/jm4005626
57116,Human,7.3,pKi,7.3,Binding,Displacementof[3H]CP55940fromhumanCB1receptorincellfreesystemDisplacementof[3H]CP55940fromhumanCB1receptorincellfreesystem,ChEMBL,406,5.1,Cc1c(C(C)(C)C)s/c(=N\C(=O)c2ccc(Br)cc2)n1CC1CC1,10.1016/j.ejmech.2010.11.034
57117,Human,6.0,pKi,6.0,Binding,Displacementof[3H]CP55940fromhumanCB1receptorincellfreesystemDisplacementof[3H]CP55940fromhumanCB1receptorincellfreesystem,ChEMBL,412,5.2,Cc1c(C(C)(C)C)s/c(=N\C(=O)c2ccc(OC(F)(F)F)cc2)n1CC1CC1,10.1016/j.ejmech.2010.11.034
57118,Human,5.4,pKi,5.4,Binding,Displacementof[3H]CP55940fromhumanCB1receptorincellfreesystemDisplacementof[3H]CP55940fromhumanCB1receptorincellfreesystem,ChEMBL,400,4.6,COCCn1c(C)c(C(C)(C)C)s/c1=N\C(=O)c1ccc(C(F)(F)F)cc1,10.1016/j.ejmech.2010.11.034
60285,Human,6.4,pKi,6.4,Binding,InvitrodisplacementofCP-55940bindingtohumanCB1receptorexpressedinCHOcellsInvitrodisplacementofCP-55940bindingtohumanCB1receptorexpressedinCHOcells,ChEMBL,477,5.8,Cc1c(C(=O)N[C@H]2CC[C@H](O)CC2)nc(-c2ccc(Cl)cc2Cl)n1-c1ccc(Cl)cc1,10.1021/jm040843r
65078,Human,6.5,pKi,6.5,Binding,Displacementof[3H]-CP55940fromhumanCB1receptorexpressedinCHO-K1cellsafter1hrbyliquidscintillationspectrometryDisplacementof[3H]-CP55940fromhumanCB1receptorexpressedinCHO-K1cellsafter1hrbyliquidscintillationspectrometry,ChEMBL,472,5.7,Cc1c(C(=O)Nc2cc[n+]([O-])cc2)nn(-c2ccc(Cl)cc2Cl)c1-c1ccc(Cl)cc1,10.1016/j.bmcl.2011.08.032
65084,Human,7.4,pKi,7.4,Binding,Displacementof[3H]-CP55940fromhumanCB1receptorexpressedinCHO-K1cellsafter1hrbyliquidscintillationspectrometryDisplacementof[3H]-CP55940fromhumanCB1receptorexpressedinCHO-K1cellsafter1hrbyliquidscintillationspectrometry,ChEMBL,582,5.9,Cc1c(C(=O)NC[C@H]2CC[C@@H](CNS(C)(=O)=O)CC2)nn(-c2ccc(Cl)cc2Cl)c1-c1ccc(Cl)cc1,10.1016/j.bmcl.2011.08.032
65131,Human,7.8,pKi,7.8,Binding,Displacementof[3H]-SR141716AfromhumanCB1receptorexpressedinCHO-K1cellsafter1hrbyliquidscintillationcountingDisplacementof[3H]-SR141716AfromhumanCB1receptorexpressedinCHO-K1cellsafter1hrbyliquidscintillationcounting,ChEMBL,583,5.1,Cc1c(C(=O)NC[C@H]2CC[C@@H](CNS(N)(=O)=O)CC2)nn(-c2ccc(Cl)cc2Cl)c1-c1ccc(Cl)cc1,10.1016/j.bmcl.2011.08.032
202611,Human,4.5,pKi,4.5,Binding,DRUGMATRIX:CannabinoidCB1radioligandbinding(ligand:[3H]SR141716A)DRUGMATRIX:CannabinoidCB1radioligandbinding(ligand:[3H]SR141716A),ChEMBL,,,None,
67463,Human,7.3,pKi,7.3,Binding,BindingaffinitytoCB1receptorBindingaffinitytoCB1receptor,ChEMBL,390,6.8,CC1=CC[C@@H]2[C@@H](C1)c1c(O)cc(C=C3C4CC5CC(C4)CC3C5)cc1OC2(C)C,10.1016/j.bmc.2008.11.059
85985,Human,5.3,pKi,5.3,Binding,"Displacementof[3H]CP-55,940fromhumanrecombinantCB1receptorexpressedinCHOcellmembranesafter90minsbyscintillationcountinganalysisDisplacementof[3H]CP-55,940fromhumanrecombinantCB1receptorexpressedinCHOcellmembranesafter90minsbyscintillationcountinganalysis",ChEMBL,372,3.5,CCCCCn1cc(C(=O)N[C@H]2CC[C@H](C)CC2)c(=O)c2c(C)nn(C)c21,10.1021/jm301527r
85986,Human,6.1,pKi,6.1,Binding,"Displacementof[3H]CP-55,940fromhumanrecombinantCB1receptorexpressedinCHOcellmembranesafter90minsbyscintillationcountinganalysisDisplacementof[3H]CP-55,940fromhumanrecombinantCB1receptorexpressedinCHOcellmembranesafter90minsbyscintillationcountinganalysis",ChEMBL,372,3.5,CCCCCn1cc(C(=O)N[C@H]2CC[C@@H](C)CC2)c(=O)c2c(C)nn(C)c21,10.1021/jm301527r
86038,Human,7.0,pKi,7.0,Binding,BindingaffinitytohumanCB1receptorBindingaffinitytohumanCB1receptor,ChEMBL,392,6.4,CSC(=S)N1CC2(CCCCC2)CS/C1=N\c1cccc(C(C)C)c1,10.1016/j.bmcl.2007.04.099
86039,Human,7.9,pKi,7.9,Binding,BindingaffinitytohumanCB1receptorBindingaffinitytohumanCB1receptor,ChEMBL,380,5.3,COc1ccccc1/N=C1\SCC2(CCCCC2)CN1C(=S)SC,10.1016/j.bmcl.2007.04.099
86080,Human,7.0,pKi,7.0,Binding,BindingaffinitytohumanCB1receptorBindingaffinitytohumanCB1receptor,ChEMBL,380,5.3,COc1cccc(/N=C2\SCC3(CCCCC3)CN2C(=S)SC)c1,10.1016/j.bmcl.2007.04.099
86081,Human,6.2,pKi,6.2,Binding,BindingaffinitytohumanCB1receptorBindingaffinitytohumanCB1receptor,ChEMBL,380,5.3,COc1ccc(/N=C2\SCC3(CCCCC3)CN2C(=S)SC)cc1,10.1016/j.bmcl.2007.04.099
86082,Human,6.3,pKi,6.3,Binding,BindingaffinitytohumanCB1receptorBindingaffinitytohumanCB1receptor,ChEMBL,392,6.3,CCCc1ccc(/N=C2\SCC3(CCCCC3)CN2C(=S)SC)cc1,10.1016/j.bmcl.2007.04.099
86083,Human,5.8,pKi,5.8,Binding,BindingaffinitytohumanCB1receptorBindingaffinitytohumanCB1receptor,ChEMBL,418,6.3,CSC(=S)N1CC2(CCCCC2)CS/C1=N\c1ccc(C(F)(F)F)cc1,10.1016/j.bmcl.2007.04.099
86122,Human,7.8,pKi,7.8,Binding,BindingaffinitytohumanCB1receptorBindingaffinitytohumanCB1receptor,ChEMBL,404,6.2,CSC(=S)N1CC2(CCCCC2)CS/C1=N\c1cccc2c1CCCC2,10.1016/j.bmcl.2007.04.099
86124,Human,6.4,pKi,6.4,Binding,BindingaffinitytohumanCB1receptorBindingaffinitytohumanCB1receptor,ChEMBL,404,6.2,CSC(=S)N1CC2(CCCCC2)CS/C1=N\c1ccc2c(c1)CCCC2,10.1016/j.bmcl.2007.04.099
86125,Human,5.8,pKi,5.8,Binding,BindingaffinitytohumanCB1receptorBindingaffinitytohumanCB1receptor,ChEMBL,434,6.2,CSC(=S)N1CC2(CCCCC2)CS/C1=N\c1ccc(OC(F)(F)F)cc1,10.1016/j.bmcl.2007.04.099
86126,Human,6.5,pKi,6.5,Binding,BindingaffinitytohumanCB1receptorBindingaffinitytohumanCB1receptor,ChEMBL,394,5.7,CCOc1ccccc1/N=C1\SCC2(CCCCC2)CN1C(=S)SC,10.1016/j.bmcl.2007.04.099
86127,Human,6.4,pKi,6.4,Binding,BindingaffinitytohumanCB1receptorBindingaffinitytohumanCB1receptor,ChEMBL,418,6.3,CSC(=S)N1CC2(CCCCC2)CS/C1=N\c1ccccc1C(F)(F)F,10.1016/j.bmcl.2007.04.099
86128,Human,6.9,pKi,6.9,Binding,BindingaffinitytohumanCB1receptorBindingaffinitytohumanCB1receptor,ChEMBL,378,5.9,CSC(=S)N1CC2(CCCCC2)CS/C1=N\c1cccc(C)c1C,10.1016/j.bmcl.2007.04.099
86288,Human,7.5,pKi,7.5,Binding,BindingaffinitytohumanCB1receptorBindingaffinitytohumanCB1receptor,ChEMBL,400,6.5,CSC(=S)N1CC2(CCCCC2)CS/C1=N\c1cccc2ccccc12,10.1016/j.bmcl.2007.04.099
86292,Human,7.4,pKi,7.4,Binding,BindingaffinitytohumanCB1receptorBindingaffinitytohumanCB1receptor,ChEMBL,408,5.3,CSC(=S)N1CC2(CCCCC2)CS/C1=N\c1cccc2nsnc12,10.1016/j.bmcl.2007.04.099
86378,Human,6.6,pKi,6.6,Binding,BindingaffinitytohumanCB1receptorBindingaffinitytohumanCB1receptor,ChEMBL,392,4.9,CSC(=S)N1CC2(CCCCC2)CS/C1=N\c1cccc2nonc12,10.1016/j.bmcl.2007.04.099
86456,Human,5.0,pKi,5.0,Binding,"Displacementof[3H]CP-55,940fromCB1receptor(unknownorigin)after1hrbyscintillationcountinganalysisDisplacementof[3H]CP-55,940fromCB1receptor(unknownorigin)after1hrbyscintillationcountinganalysis",ChEMBL,452,5.7,CCN(CC)c1ccc(CN([C@]23C[C@H]4C[C@H](C[C@H](C4)C2)C3)S(=O)(=O)c2ccccc2)cc1,10.1021/jm3017464
86457,Human,5.4,pKi,5.4,Binding,"Displacementof[3H]CP-55,940fromCB1receptor(unknownorigin)after1hrbyscintillationcountinganalysisDisplacementof[3H]CP-55,940fromCB1receptor(unknownorigin)after1hrbyscintillationcountinganalysis",ChEMBL,470,5.8,CCN(CC)c1ccc(CN([C@]23C[C@H]4C[C@H](C[C@H](C4)C2)C3)S(=O)(=O)c2ccc(F)cc2)cc1,10.1021/jm3017464
86458,Human,5.7,pKi,5.7,Binding,"Displacementof[3H]CP-55,940fromCB1receptor(unknownorigin)after1hrbyscintillationcountinganalysisDisplacementof[3H]CP-55,940fromCB1receptor(unknownorigin)after1hrbyscintillationcountinganalysis",ChEMBL,486,6.3,CCN(CC)c1ccc(CN([C@]23C[C@H]4C[C@H](C[C@H](C4)C2)C3)S(=O)(=O)c2ccc(Cl)cc2)cc1,10.1021/jm3017464
86459,Human,5.1,pKi,5.1,Binding,"Displacementof[3H]CP-55,940fromCB1receptor(unknownorigin)after1hrbyscintillationcountinganalysisDisplacementof[3H]CP-55,940fromCB1receptor(unknownorigin)after1hrbyscintillationcountinganalysis",ChEMBL,482,5.7,CCN(CC)c1ccc(CN([C@]23C[C@H]4C[C@H](C[C@H](C4)C2)C3)S(=O)(=O)c2ccc(OC)cc2)cc1,10.1021/jm3017464
86461,Human,5.1,pKi,5.1,Binding,"Displacementof[3H]CP-55,940fromCB1receptor(unknownorigin)after1hrbyscintillationcountinganalysisDisplacementof[3H]CP-55,940fromCB1receptor(unknownorigin)after1hrbyscintillationcountinganalysis",ChEMBL,466,6,CCN(CC)c1ccc(CN([C@]23C[C@H]4C[C@H](C[C@H](C4)C2)C3)S(=O)(=O)c2cccc(C)c2)cc1,10.1021/jm3017464
86579,Human,6.3,pKi,6.3,Binding,BindingaffinitytohumanCB1receptorBindingaffinitytohumanCB1receptor,ChEMBL,378,6.1,CSC(=S)N1CC2(CCCC2)CS/C1=N\c1ccccc1C(C)C,10.1016/j.bmcl.2007.04.099
86617,Human,7.1,pKi,7.1,Binding,BindingaffinitytohumanCB1receptorBindingaffinitytohumanCB1receptor,ChEMBL,419,5.7,CSC(=S)N1CC2(CCCCC2)CS/C1=N\c1cccc2c1CCCN2C,10.1016/j.bmcl.2007.04.099
87309,Human,6.6,pKi,6.6,Binding,BindingaffinitytohumanCB1receptorBindingaffinitytohumanCB1receptor,ChEMBL,390,5.8,CSC(=S)N1CC2(CCCCC2)CS/C1=N\c1cccc2c1CCC2,10.1016/j.bmcl.2007.04.099
114854,Human,6.8,pKi,6.8,Binding,"Displacementof[3H]CP-55,940fromhumanrecombinantCB1RexpressedinHEK-293cellsafter90minsbyliquidscintillationcountingDisplacementof[3H]CP-55,940fromhumanrecombinantCB1RexpressedinHEK-293cellsafter90minsbyliquidscintillationcounting",ChEMBL,471,4.7,C[C@H]1CC[C@H](NC(=O)c2cc3cc(Br)cnc3n(Cc3ccc(F)cc3)c2=O)CC1,10.1021/jm500807e
114855,Human,6.9,pKi,6.9,Binding,"Displacementof[3H]CP-55,940fromhumanrecombinantCB1RexpressedinHEK-293cellsafter90minsbyliquidscintillationcountingDisplacementof[3H]CP-55,940fromhumanrecombinantCB1RexpressedinHEK-293cellsafter90minsbyliquidscintillationcounting",ChEMBL,471,4.7,C[C@H]1CC[C@@H](NC(=O)c2cc3cc(Br)cnc3n(Cc3ccc(F)cc3)c2=O)CC1,10.1021/jm500807e
114859,Human,6.4,pKi,6.4,Binding,"Displacementof[3H]CP-55,940fromhumanrecombinantCB1RexpressedinHEK-293cellsafter90minsbyliquidscintillationcountingDisplacementof[3H]CP-55,940fromhumanrecombinantCB1RexpressedinHEK-293cellsafter90minsbyliquidscintillationcounting",ChEMBL,475,5.6,C[C@H]1CC[C@H](NC(=O)c2cc3cc(-c4cccs4)cnc3n(Cc3ccc(F)cc3)c2=O)CC1,10.1021/jm500807e
114860,Human,6.3,pKi,6.3,Binding,"Displacementof[3H]CP-55,940fromhumanrecombinantCB1RexpressedinHEK-293cellsafter90minsbyliquidscintillationcountingDisplacementof[3H]CP-55,940fromhumanrecombinantCB1RexpressedinHEK-293cellsafter90minsbyliquidscintillationcounting",ChEMBL,475,5.6,C[C@H]1CC[C@@H](NC(=O)c2cc3cc(-c4cccs4)cnc3n(Cc3ccc(F)cc3)c2=O)CC1,10.1021/jm500807e
114864,Human,5.4,pKi,5.4,Binding,"Displacementof[3H]CP-55,940fromhumanrecombinantCB1RexpressedinHEK-293cellsafter90minsbyliquidscintillationcountingDisplacementof[3H]CP-55,940fromhumanrecombinantCB1RexpressedinHEK-293cellsafter90minsbyliquidscintillationcounting",ChEMBL,459,5.2,C[C@H]1CC[C@@H](NC(=O)c2cc3cc(-c4ccco4)cnc3n(Cc3ccc(F)cc3)c2=O)CC1,10.1021/jm500807e
116622,Human,5.8,pKi,5.8,Binding,"Displacementof[3H]CP55,940fromhumanrecombinantCB1receptorexpressedinHEK293cellmembranesafter90minsDisplacementof[3H]CP55,940fromhumanrecombinantCB1receptorexpressedinHEK293cellmembranesafter90mins",ChEMBL,337,5,COc1c(C)cc(-c2ccccc2)cc1C(=O)N[C@H]1CC[C@H](C)CC1,10.1016/j.ejmech.2014.11.066
116623,Human,6.0,pKi,6.0,Binding,"Displacementof[3H]CP55,940fromhumanrecombinantCB1receptorexpressedinHEK293cellmembranesafter90minsDisplacementof[3H]CP55,940fromhumanrecombinantCB1receptorexpressedinHEK293cellmembranesafter90mins",ChEMBL,337,5,COc1c(C)cc(-c2ccccc2)cc1C(=O)N[C@H]1CC[C@@H](C)CC1,10.1016/j.ejmech.2014.11.066
116625,Human,6.2,pKi,6.2,Binding,"Displacementof[3H]CP55,940fromhumanrecombinantCB1receptorexpressedinHEK293cellmembranesafter90minsDisplacementof[3H]CP55,940fromhumanrecombinantCB1receptorexpressedinHEK293cellmembranesafter90mins",ChEMBL,355,5.1,COc1c(C)cc(-c2ccc(F)cc2)cc1C(=O)N[C@H]1CC[C@H](C)CC1,10.1016/j.ejmech.2014.11.066
116626,Human,6.8,pKi,6.8,Binding,"Displacementof[3H]CP55,940fromhumanrecombinantCB1receptorexpressedinHEK293cellmembranesafter90minsDisplacementof[3H]CP55,940fromhumanrecombinantCB1receptorexpressedinHEK293cellmembranesafter90mins",ChEMBL,355,5.1,COc1c(C)cc(-c2ccc(F)cc2)cc1C(=O)N[C@H]1CC[C@@H](C)CC1,10.1016/j.ejmech.2014.11.066
116629,Human,5.6,pKi,5.6,Binding,"Displacementof[3H]CP55,940fromhumanrecombinantCB1receptorexpressedinHEK293cellmembranesafter90minsDisplacementof[3H]CP55,940fromhumanrecombinantCB1receptorexpressedinHEK293cellmembranesafter90mins",ChEMBL,409,6,CCCCc1cc(-c2ccc(OC)cc2)cc(C(=O)N[C@H]2CC[C@H](C)CC2)c1OC,10.1016/j.ejmech.2014.11.066
116630,Human,5.8,pKi,5.8,Binding,"Displacementof[3H]CP55,940fromhumanrecombinantCB1receptorexpressedinHEK293cellmembranesafter90minsDisplacementof[3H]CP55,940fromhumanrecombinantCB1receptorexpressedinHEK293cellmembranesafter90mins",ChEMBL,409,6,CCCCc1cc(-c2ccc(OC)cc2)cc(C(=O)N[C@H]2CC[C@@H](C)CC2)c1OC,10.1016/j.ejmech.2014.11.066
138790,Human,5.5,pKi,5.5,Binding,Displacementof[3H]CP55940fromhumanCB1receptorexpressedinCHOcellmembranesafter2hrsDisplacementof[3H]CP55940fromhumanCB1receptorexpressedinCHOcellmembranesafter2hrs,ChEMBL,431,6.4,COc1c(Cc2ccc(F)cc2)cc(-c2ccccc2)cc1C(=O)N[C@H]1CC[C@H](C)CC1,10.1016/j.ejmech.2016.03.072
138869,Human,6.0,pKi,6.0,Binding,Displacementof[3H]CP55940fromhumanCB1receptorexpressedinCHOcellmembranesafter2hrsDisplacementof[3H]CP55940fromhumanCB1receptorexpressedinCHOcellmembranesafter2hrs,ChEMBL,449,6.5,COc1c(Cc2ccc(F)cc2)cc(-c2ccc(F)cc2)cc1C(=O)N[C@H]1CC[C@@H](C)CC1,10.1016/j.ejmech.2016.03.072
138902,Human,5.9,pKi,5.9,Binding,Displacementof[3H]CP55940fromhumanCB1receptorexpressedinCHOcellmembranesafter2hrsDisplacementof[3H]CP55940fromhumanCB1receptorexpressedinCHOcellmembranesafter2hrs,ChEMBL,461,6.4,COc1ccc(-c2cc(Cc3ccc(F)cc3)c(OC)c(C(=O)N[C@H]3CC[C@H](C)CC3)c2)cc1,10.1016/j.ejmech.2016.03.072
138918,Human,5.6,pKi,5.6,Binding,Displacementof[3H]CP55940fromhumanCB1receptorexpressedinCHOcellmembranesafter2hrsDisplacementof[3H]CP55940fromhumanCB1receptorexpressedinCHOcellmembranesafter2hrs,ChEMBL,397,6.2,CCCCc1cc(-c2ccc(F)cc2)cc(C(=O)N[C@H]2CC[C@@H](C)CC2)c1OC,10.1016/j.ejmech.2016.03.072
138971,Human,5.6,pKi,5.6,Binding,Displacementof[3H]CP55940fromhumanCB1receptorexpressedinCHOcellmembranesafter2hrsDisplacementof[3H]CP55940fromhumanCB1receptorexpressedinCHOcellmembranesafter2hrs,ChEMBL,413,6.3,COc1c(Cc2ccccc2)cc(-c2ccccc2)cc1C(=O)N[C@H]1CC[C@H](C)CC1,10.1016/j.ejmech.2016.03.072
139055,Human,6.1,pKi,6.1,Binding,Displacementof[3H]CP55940fromhumanCB1receptorexpressedinCHOcellmembranesafter2hrsDisplacementof[3H]CP55940fromhumanCB1receptorexpressedinCHOcellmembranesafter2hrs,ChEMBL,431,6.4,COc1c(Cc2ccc(F)cc2)cc(-c2ccccc2)cc1C(=O)N[C@H]1CC[C@@H](C)CC1,10.1016/j.ejmech.2016.03.072
139115,Human,5.7,pKi,5.7,Binding,Displacementof[3H]CP55940fromhumanCB1receptorexpressedinCHOcellmembranesafter2hrsDisplacementof[3H]CP55940fromhumanCB1receptorexpressedinCHOcellmembranesafter2hrs,ChEMBL,449,6.5,COc1c(Cc2ccc(F)cc2)cc(-c2ccc(F)cc2)cc1C(=O)N[C@H]1CC[C@H](C)CC1,10.1016/j.ejmech.2016.03.072
139139,Human,6.4,pKi,6.4,Binding,Displacementof[3H]CP55940fromhumanCB1receptorexpressedinCHOcellmembranesafter2hrsDisplacementof[3H]CP55940fromhumanCB1receptorexpressedinCHOcellmembranesafter2hrs,ChEMBL,461,6.4,COc1ccc(-c2cc(Cc3ccc(F)cc3)c(OC)c(C(=O)N[C@H]3CC[C@@H](C)CC3)c2)cc1,10.1016/j.ejmech.2016.03.072
139250,Human,6.3,pKi,6.3,Binding,Displacementof[3H]CP55940fromhumanCB1receptorexpressedinCHOcellmembranesafter2hrsDisplacementof[3H]CP55940fromhumanCB1receptorexpressedinCHOcellmembranesafter2hrs,ChEMBL,379,6,CCCCc1cc(-c2ccccc2)cc(C(=O)N[C@H]2CC[C@@H](C)CC2)c1OC,10.1016/j.ejmech.2016.03.072
139322,Human,5.4,pKi,5.4,Binding,Displacementof[3H]CP55940fromhumanCB1receptorexpressedinCHOcellmembranesafter2hrsDisplacementof[3H]CP55940fromhumanCB1receptorexpressedinCHOcellmembranesafter2hrs,ChEMBL,379,6,CCCCc1cc(-c2ccccc2)cc(C(=O)N[C@H]2CC[C@H](C)CC2)c1OC,10.1016/j.ejmech.2016.03.072
146442,Human,5.9,pKi,5.9,Binding,BindingaffinitytohumanCB1receptorBindingaffinitytohumanCB1receptor,ChEMBL,392,6.4,CSC(=S)N1CC2(CCCCC2)CS/C1=N\c1ccc(C(C)C)cc1,10.1016/j.bmcl.2007.04.099
146445,Human,7.0,pKi,7.0,Binding,BindingaffinitytohumanCB1receptorBindingaffinitytohumanCB1receptor,ChEMBL,378,5.9,CCc1ccc(/N=C2\SCC3(CCCCC3)CN2C(=S)SC)cc1,10.1016/j.bmcl.2007.04.099
146702,Human,6.8,pKi,6.8,Binding,BindingaffinitytohumanCB1receptorBindingaffinitytohumanCB1receptor,ChEMBL,375,5.2,CSC(=S)N1CC2(CCCCC2)CS/C1=N\c1ccc(C#N)cc1,10.1016/j.bmcl.2007.04.099
146901,Human,6.2,pKi,6.2,Binding,BindingaffinitytohumanCB1receptorBindingaffinitytohumanCB1receptor,ChEMBL,434,6.2,CSC(=S)N1CC2(CCCCC2)CS/C1=N\c1ccccc1OC(F)(F)F,10.1016/j.bmcl.2007.04.099
152913,Human,6.1,pKi,6.1,Binding,BindingaffinitytohumanCB1receptorBindingaffinitytohumanCB1receptor,ChEMBL,401,5.9,CSC(=S)N1CC2(CCCCC2)CS/C1=N\c1cccc2ncccc12,10.1016/j.bmcl.2007.04.099
157989,Human,6.9,pKi,6.9,Binding,Displacementof[3H]CP55940fromhumanCB1receptorexpressedinHEK293EBNAcellmembranesafter90minsbyliquidscintillationandluminescencecountingmethodDisplacementof[3H]CP55940fromhumanCB1receptorexpressedinHEK293EBNAcellmembranesafter90minsbyliquidscintillationandluminescencecountingmethod,ChEMBL,419,4.4,C[C@H]1CC[C@@H](NC(=O)c2cc(-c3ccccc3)nn(Cc3ccc(F)cc3)c2=O)CC1,10.1016/j.ejmech.2017.01.002
158910,Human,6.5,pKi,6.5,Binding,Displacementof[3H]CP55940fromhumanCB1receptorexpressedinHEK293EBNAcellmembranesafter90minsbyliquidscintillationandluminescencecountingmethodDisplacementof[3H]CP55940fromhumanCB1receptorexpressedinHEK293EBNAcellmembranesafter90minsbyliquidscintillationandluminescencecountingmethod,ChEMBL,419,4.4,C[C@H]1CC[C@H](NC(=O)c2cc(-c3ccccc3)nn(Cc3ccc(F)cc3)c2=O)CC1,10.1016/j.ejmech.2017.01.002
167610,Human,5.4,pKi,5.4,Binding,"Inhibitionof[3H]SR-141,716AbindingtohumanCB1receptorexpressedinCHOcellsInhibitionof[3H]SR-141,716AbindingtohumanCB1receptorexpressedinCHOcells",ChEMBL,440,5.2,O=C1N(CCc2ccccc2)C(=S)NC1(c1ccc(Cl)cc1)c1ccc(Cl)cc1,10.1021/jm049263k
168862,Human,10.0,pKi,10.0,Binding,Displacementof[3H]CP55940fromrecombinanthumanCB1RexpressedinHEK293cellmembranesincubatedfor90minsbyCheng-PrusoffequationanalysisDisplacementof[3H]CP55940fromrecombinanthumanCB1RexpressedinHEK293cellmembranesincubatedfor90minsbyCheng-Prusoffequationanalysis,ChEMBL,382,5.5,CCCCCn1/c(=N\C(=O)C23CC4CC(CC(C4)C2)C3)sc2ccccc21,10.1016/j.ejmech.2019.07.002
168902,Human,6.9,pKi,6.9,Binding,BindingaffinitytohumanCB1receptorBindingaffinitytohumanCB1receptor,ChEMBL,392,6.4,CSC(=S)N1CC2(CCCCC2)CS/C1=N\c1ccccc1C(C)C,10.1016/j.bmcl.2007.04.099
171812,Human,7.8,pKi,7.8,Binding,BindingaffinitytohumanCB1receptorBindingaffinitytohumanCB1receptor,ChEMBL,381,4.9,CSC(=S)N1CC2(CCCCC2)CO/C1=N\c1cc(C(C)(C)C)on1,10.1016/j.bmcl.2008.10.070
173849,Human,10.0,pKi,10.0,Binding,Displacementof[3H]CP55940fromrecombinanthumanCB1RexpressedinHEK293cellmembranesincubatedfor90minsbyCheng-PrusoffequationanalysisDisplacementof[3H]CP55940fromrecombinanthumanCB1RexpressedinHEK293cellmembranesincubatedfor90minsbyCheng-Prusoffequationanalysis,ChEMBL,374,5.8,CCCCCn1/c(=N/C(=O)c2cccc3ccccc23)sc2ccccc21,10.1016/j.ejmech.2019.07.002
174621,Human,7.6,pKi,7.6,Binding,Displacementof[3H]CP55940fromrecombinanthumanCB1RexpressedinHEK293cellmembranesincubatedfor90minsbyCheng-PrusoffequationanalysisDisplacementof[3H]CP55940fromrecombinanthumanCB1RexpressedinHEK293cellmembranesincubatedfor90minsbyCheng-Prusoffequationanalysis,ChEMBL,392,5.7,CCCCCn1/c(=N/C(=O)c2ccc(C(F)(F)F)cc2)sc2ccccc21,10.1016/j.ejmech.2019.07.002
175301,Human,9.0,pKi,9.0,Binding,Displacementof[3H]CP55940fromrecombinanthumanCB1RexpressedinHEK293cellmembranesincubatedfor90minsbyCheng-PrusoffequationanalysisDisplacementof[3H]CP55940fromrecombinanthumanCB1RexpressedinHEK293cellmembranesincubatedfor90minsbyCheng-Prusoffequationanalysis,ChEMBL,392,5.7,CCCCCn1/c(=N/C(=O)c2cccc(C(F)(F)F)c2)sc2ccccc21,10.1016/j.ejmech.2019.07.002
176273,Human,5.5,pKi,5.5,Binding,Displacementof[3H]-CP55940fromhumanrecombinantCB1receptorexpressedinHEKcellmembraneDisplacementof[3H]-CP55940fromhumanrecombinantCB1receptorexpressedinHEKcellmembrane,ChEMBL,477,6.9,CCCCCCC(C)(C)c1cc(OC)cc(OCCCCCCCCCCC(=O)NCCO)c1,10.1016/j.bmc.2020.115513
176281,Human,5.5,pKi,5.5,Binding,Displacementof[3H]-CP55940fromhumanrecombinantCB1receptorexpressedinHEKcellmembraneDisplacementof[3H]-CP55940fromhumanrecombinantCB1receptorexpressedinHEKcellmembrane,ChEMBL,487,8.4,CCCCCCC(C)(C)c1cc(OC)cc(OCCCCCCCCCCC(=O)NCC2CC2)c1,10.1016/j.bmc.2020.115513
176286,Human,7.3,pKi,7.3,Binding,Displacementof[3H]-CP55940fromhumanrecombinantCB1receptorexpressedinHEKcellmembraneDisplacementof[3H]-CP55940fromhumanrecombinantCB1receptorexpressedinHEKcellmembrane,ChEMBL,473,7.3,CCCCCCC(C)(C)c1cc(OC)cc(OCCCCCCCC(=O)NCC(F)(F)F)c1,10.1016/j.bmc.2020.115513
176300,Human,6.3,pKi,6.3,Binding,"Displacementof[3H]-CP-55,940fromrecombinanthumanCB1RexpressedinHEK293cellmembranesDisplacementof[3H]-CP-55,940fromrecombinanthumanCB1RexpressedinHEK293cellmembranes",ChEMBL,416,2.9,Cn1cc2c(n1)c(O)c(C(=O)NC13CC4CC(CC(C4)C1)C3)c(=O)n2CCCCF,10.1021/acs.jmedchem.0c00595
176363,Human,7.2,pKi,7.2,Binding,"Displacementof[3H]-CP-55,940fromrecombinanthumanCB1RexpressedinHEK293cellmembranesDisplacementof[3H]-CP-55,940fromrecombinanthumanCB1RexpressedinHEK293cellmembranes",ChEMBL,400,2.2,CCCCN1C(=O)C(C(=O)NC23CC4CC(CC(C4)C2)C3)=C(O)C2C1C=NN2C,10.1021/acs.jmedchem.0c00595
176375,Human,7.1,pKi,7.1,Binding,Displacementof[3H]-CP55940fromhumanrecombinantCB1receptorexpressedinHEKcellmembraneDisplacementof[3H]-CP55940fromhumanrecombinantCB1receptorexpressedinHEKcellmembrane,ChEMBL,459,7,CCCCCc1cc(OC)cc(OCCCCCCCCCCC(=O)NCC(F)(F)F)c1,10.1016/j.bmc.2020.115513
176452,Human,7.0,pKi,7.0,Binding,"Displacementof[3H]-CP-55,940fromrecombinanthumanCB1RexpressedinHEK293cellmembranesDisplacementof[3H]-CP-55,940fromrecombinanthumanCB1RexpressedinHEK293cellmembranes",ChEMBL,442,2.8,CCCCCn1c(=O)c(C(=O)NC23CC4CC(CC(C4)C2)C3)c(O)c2nn(CCO)cc21,10.1021/acs.jmedchem.0c00595
176512,Human,7.3,pKi,7.3,Binding,"Displacementof[3H]-CP-55,940fromrecombinanthumanCB1RexpressedinHEK293cellmembranesDisplacementof[3H]-CP-55,940fromrecombinanthumanCB1RexpressedinHEK293cellmembranes",ChEMBL,414,2.6,CCCCCN1C(=O)C(C(=O)NC23CC4CC(CC(C4)C2)C3)=C(O)C2C1C=NN2C,10.1021/acs.jmedchem.0c00595
176529,Human,5.5,pKi,5.5,Binding,Displacementof[3H]-CP55940fromhumanrecombinantCB1receptorexpressedinHEKcellmembraneDisplacementof[3H]-CP55940fromhumanrecombinantCB1receptorexpressedinHEKcellmembrane,ChEMBL,445,7.2,CCCCCCc1ccc(OCCCCCCCCCCC(=O)NCC2CC2)cc1OC,10.1016/j.bmc.2020.115513
176551,Human,7.9,pKi,7.9,Binding,Displacementof[3H]-CP55940fromhumanrecombinantCB1receptorexpressedinHEKcellmembraneDisplacementof[3H]-CP55940fromhumanrecombinantCB1receptorexpressedinHEKcellmembrane,ChEMBL,443,7.2,C=CCOc1cc(CCCCC)cc(OCCCCCCCCCCC(=O)NC2CC2)c1,10.1016/j.bmc.2020.115513
176573,Human,7.6,pKi,7.6,Binding,Displacementof[3H]-CP55940fromhumanrecombinantCB1receptorexpressedinHEKcellmembraneDisplacementof[3H]-CP55940fromhumanrecombinantCB1receptorexpressedinHEKcellmembrane,ChEMBL,417,6.6,C=CCNC(=O)CCCCCCCCCCOc1cc(CCCCC)cc(OC)c1,10.1016/j.bmc.2020.115513
176627,Human,8.1,pKi,8.1,Binding,Displacementof[3H]-CP55940fromhumanrecombinantCB1receptorexpressedinHEKcellmembraneDisplacementof[3H]-CP55940fromhumanrecombinantCB1receptorexpressedinHEKcellmembrane,ChEMBL,431,7,C=CCNC(=O)CCCCCCCOc1cc(OC)cc(C(C)(C)CCCCCC)c1,10.1016/j.bmc.2020.115513
176638,Human,7.1,pKi,7.1,Binding,Displacementof[3H]-CP55940fromhumanrecombinantCB1receptorexpressedinHEKcellmembraneDisplacementof[3H]-CP55940fromhumanrecombinantCB1receptorexpressedinHEKcellmembrane,ChEMBL,421,5.4,CCCCCc1cc(OC)cc(OCCCCCCCCCCC(=O)NCCO)c1,10.1016/j.bmc.2020.115513
176640,Human,6.8,pKi,6.8,Binding,"Displacementof[3H]-CP-55,940fromrecombinanthumanCB1RexpressedinHEK293cellmembranesDisplacementof[3H]-CP-55,940fromrecombinanthumanCB1RexpressedinHEK293cellmembranes",ChEMBL,434,1.3,CN1N=CC2C1C(O)=C(C(=O)NC13CC4CC(CC(O)(C4)C1)C3)C(=O)N2CCCCF,10.1021/acs.jmedchem.0c00595
176722,Human,7.9,pKi,7.9,Binding,Displacementof[3H]-CP55940fromhumanrecombinantCB1receptorexpressedinHEKcellmembraneDisplacementof[3H]-CP55940fromhumanrecombinantCB1receptorexpressedinHEKcellmembrane,ChEMBL,431,7,CCCCCc1cc(OCC)cc(OCCCCCCCCCCC(=O)NC2CC2)c1,10.1016/j.bmc.2020.115513
176750,Human,6.6,pKi,6.6,Binding,"Displacementof[3H]-CP-55,940fromrecombinanthumanCB1RexpressedinHEK293cellmembranesDisplacementof[3H]-CP-55,940fromrecombinanthumanCB1RexpressedinHEK293cellmembranes",ChEMBL,398,2.9,CCCCn1c(=O)c(C(=O)NC23CC4CC(CC(C4)C2)C3)c(O)c2nn(C)cc21,10.1021/acs.jmedchem.0c00595
176789,Human,6.3,pKi,6.3,Binding,"Displacementof[3H]-CP-55,940fromrecombinanthumanCB1RexpressedinHEK293cellmembranesDisplacementof[3H]-CP-55,940fromrecombinanthumanCB1RexpressedinHEK293cellmembranes",ChEMBL,458,1.9,CCCCCn1c(=O)c(C(=O)NC23CC4CC(CC(O)(C4)C2)C3)c(O)c2nn(CCO)cc21,10.1021/acs.jmedchem.0c00595
176940,Human,6.6,pKi,6.6,Binding,Displacementof[3H]-CP55940fromhumanrecombinantCB1receptorexpressedinHEKcellmembraneDisplacementof[3H]-CP55940fromhumanrecombinantCB1receptorexpressedinHEKcellmembrane,ChEMBL,473,8.1,CCCCCCC(C)(C)c1cc(OC)cc(OCCCCCCCCCCC(=O)NC2CC2)c1,10.1016/j.bmc.2020.115513
177004,Human,9.5,pKi,9.5,Binding,AntagonistactivityathumancannabinoidCB1receptorAntagonistactivityathumancannabinoidCB1receptor,ChEMBL,749,7.5,O=C(NN1CCCCC1)c1cn(-c2ccc(Cl)cc2Cl)c(-c2ccc(C#Cc3ccc(C(F)(F)F)cc3)s2)c1CNS(=O)(=O)N1CCCC1,10.1016/j.ejmech.2018.11.017
177009,Human,6.5,pKi,6.5,Binding,Displacementof[3H]-CP55940fromhumanrecombinantCB1receptorexpressedinHEKcellmembraneDisplacementof[3H]-CP55940fromhumanrecombinantCB1receptorexpressedinHEKcellmembrane,ChEMBL,431,6.8,CCCCCc1cc(OC)cc(OCCCCCCCCCCC(=O)NCC2CC2)c1,10.1016/j.bmc.2020.115513
177014,Human,7.7,pKi,7.7,Binding,Displacementof[3H]-CP55940fromhumanrecombinantCB1receptorexpressedinHEKcellmembraneDisplacementof[3H]-CP55940fromhumanrecombinantCB1receptorexpressedinHEKcellmembrane,ChEMBL,445,7.4,CCCCCc1cc(OCCCCCCCCCCC(=O)NC2CC2)cc(OC(C)C)c1,10.1016/j.bmc.2020.115513
177016,Human,8.5,pKi,8.5,Binding,Displacementof[3H]-CP55940fromhumanrecombinantCB1receptorexpressedinHEKcellmembraneDisplacementof[3H]-CP55940fromhumanrecombinantCB1receptorexpressedinHEKcellmembrane,ChEMBL,417,6.6,CCCCCc1cc(OC)cc(OCCCCCCCCCCC(=O)NC2CC2)c1,10.1016/j.bmc.2020.115513
177033,Human,6.1,pKi,6.1,Binding,Displacementof[3H]-CP55940fromhumanrecombinantCB1receptorexpressedinHEKcellmembraneDisplacementof[3H]-CP55940fromhumanrecombinantCB1receptorexpressedinHEKcellmembrane,ChEMBL,453,8,CCCCCc1cc(OC)cc(OCCCCCCCCCCC(=O)Nc2ccccc2)c1,10.1016/j.bmc.2020.115513
177035,Human,7.1,pKi,7.1,Binding,Displacementof[3H]-CP55940fromhumanrecombinantCB1receptorexpressedinHEKcellmembraneDisplacementof[3H]-CP55940fromhumanrecombinantCB1receptorexpressedinHEKcellmembrane,ChEMBL,379,4.3,CCCCCc1cc(OC)cc(OCCCCCCCC(=O)NCCO)c1,10.1016/j.bmc.2020.115513
177159,Human,7.1,pKi,7.1,Binding,"Displacementof[3H]-CP-55,940fromrecombinanthumanCB1RexpressedinHEK293cellmembranesDisplacementof[3H]-CP-55,940fromrecombinanthumanCB1RexpressedinHEK293cellmembranes",ChEMBL,416,1.3,CCCCN1C(=O)C(C(=O)NC23CC4CC(CC(O)(C4)C2)C3)=C(O)C2C1C=NN2C,10.1021/acs.jmedchem.0c00595
177191,Human,8.2,pKi,8.2,Binding,Displacementof[3H]-CP55940fromhumanrecombinantCB1receptorexpressedinHEKcellmembraneDisplacementof[3H]-CP55940fromhumanrecombinantCB1receptorexpressedinHEKcellmembrane,ChEMBL,387,6.6,CCCCCc1cccc(OCCCCCCCCCCC(=O)NC2CC2)c1,10.1016/j.bmc.2020.115513
177214,Human,7.4,pKi,7.4,Binding,"Displacementof[3H]-CP-55,940fromrecombinanthumanCB1RexpressedinHEK293cellmembranesDisplacementof[3H]-CP-55,940fromrecombinanthumanCB1RexpressedinHEK293cellmembranes",ChEMBL,418,2.1,CN1N=CC2C1C(O)=C(C(=O)NC13CC4CC(CC(C4)C1)C3)C(=O)N2CCCCF,10.1021/acs.jmedchem.0c00595
177264,Human,6.2,pKi,6.2,Binding,Displacementof[3H]-CP55940fromhumanrecombinantCB1receptorexpressedinHEKcellmembraneDisplacementof[3H]-CP55940fromhumanrecombinantCB1receptorexpressedinHEKcellmembrane,ChEMBL,445,7.2,CCCCCCc1ccc(OC)cc1OCCCCCCCCCCC(=O)NCC1CC1,10.1016/j.bmc.2020.115513
177269,Human,9.0,pKi,9.0,Binding,Displacementof[3H]-CP55940fromhumanrecombinantCB1receptorexpressedinHEKcellmembraneDisplacementof[3H]-CP55940fromhumanrecombinantCB1receptorexpressedinHEKcellmembrane,ChEMBL,431,6.9,CCCCCCC(C)(C)c1cc(OC)cc(OCCCCCCCC(=O)NC2CC2)c1,10.1016/j.bmc.2020.115513
177282,Human,8.0,pKi,8.0,Binding,Displacementof[3H]-CP55940fromhumanrecombinantCB1receptorexpressedinHEKcellmembraneDisplacementof[3H]-CP55940fromhumanrecombinantCB1receptorexpressedinHEKcellmembrane,ChEMBL,459,7.8,CCCCCc1cc(OCCCC)cc(OCCCCCCCCCCC(=O)NC2CC2)c1,10.1016/j.bmc.2020.115513
177331,Human,7.5,pKi,7.5,Binding,"Displacementof[3H]-CP-55,940fromrecombinanthumanCB1RexpressedinHEK293cellmembranesDisplacementof[3H]-CP-55,940fromrecombinanthumanCB1RexpressedinHEK293cellmembranes",ChEMBL,412,3.3,CCCCCn1c(=O)c(C(=O)NC23CC4CC(CC(C4)C2)C3)c(O)c2nn(C)cc21,10.1021/acs.jmedchem.0c00595
177355,Human,7.1,pKi,7.1,Binding,Displacementof[3H]-CP55940fromhumanrecombinantCB1receptorexpressedinHEKcellmembraneDisplacementof[3H]-CP55940fromhumanrecombinantCB1receptorexpressedinHEKcellmembrane,ChEMBL,435,5.8,CCCCCCC(C)(C)c1cc(OC)cc(OCCCCCCCC(=O)NCCO)c1,10.1016/j.bmc.2020.115513
177359,Human,6.5,pKi,6.5,Binding,Displacementof[3H]-CP55940fromhumanrecombinantCB1receptorexpressedinHEKcellmembraneDisplacementof[3H]-CP55940fromhumanrecombinantCB1receptorexpressedinHEKcellmembrane,ChEMBL,451,4.8,CCCCCc1cc(OC)cc(OCCCCCCCCCCC(=O)NC(CO)CO)c1,10.1016/j.bmc.2020.115513
177593,Human,6.7,pKi,6.7,Binding,Displacementof[3H]CP-55940fromhumanrecombinantCB1receptorexpressedinHEK293cellsDisplacementof[3H]CP-55940fromhumanrecombinantCB1receptorexpressedinHEK293cells,ChEMBL,393,3.9,C[C@H]1CC[C@@H](NC(=O)c2cc3cccnc3n(Cc3ccc(F)cc3)c2=O)CC1,10.1021/jm801563d
177813,Human,5.3,pKi,5.3,Binding,Displacementof[3H]CP-55940fromhumanrecombinantCB1receptorexpressedinHEK293cellsDisplacementof[3H]CP-55940fromhumanrecombinantCB1receptorexpressedinHEK293cells,ChEMBL,375,3.8,C[C@H]1CC[C@H](NC(=O)c2cc3cccnc3n(Cc3ccccc3)c2=O)CC1,10.1021/jm801563d
177814,Human,5.8,pKi,5.8,Binding,Displacementof[3H]CP-55940fromhumanrecombinantCB1receptorexpressedinHEK293cellsDisplacementof[3H]CP-55940fromhumanrecombinantCB1receptorexpressedinHEK293cells,ChEMBL,375,3.8,C[C@H]1CC[C@@H](NC(=O)c2cc3cccnc3n(Cc3ccccc3)c2=O)CC1,10.1021/jm801563d
178045,Human,7.2,pKi,7.2,Binding,BindingaffinitytohumanCB1receptorBindingaffinitytohumanCB1receptor,ChEMBL,364,4.6,COc1ccccc1/N=C1\OCC2(CCCCC2)CN1C(=S)SC,10.1016/j.bmcl.2008.10.070
178046,Human,6.8,pKi,6.8,Binding,BindingaffinitytohumanCB1receptorBindingaffinitytohumanCB1receptor,ChEMBL,376,4.1,CSC(=S)N1CC2(CCCCC2)CO/C1=N\c1cccc2nonc12,10.1016/j.bmcl.2008.10.070
179154,Human,6.7,pKi,6.7,Binding,Displacementof[3H]CP-55940fromCB1receptor(unknownorigin)bycompetitivebindingassayDisplacementof[3H]CP-55940fromCB1receptor(unknownorigin)bycompetitivebindingassay,ChEMBL,361,3.9,O=C1/C(=C/c2cn(Cc3ccc(F)cc3)c3ncccc23)N2CCC1CC2,10.1016/j.bmcl.2020.127501
179330,Human,6.4,pKi,6.4,Binding,Displacementof[3H]-CP55940fromhumanrecombinantcannabinoidCB1receptorexpressedinHEKcellsbyCheng-PrusoffanalysisDisplacementof[3H]-CP55940fromhumanrecombinantcannabinoidCB1receptorexpressedinHEKcellsbyCheng-Prusoffanalysis,ChEMBL,429,4.2,CCCCCCCc1cn(Cc2cc(OC)c(O)cc2I)nn1,10.1021/acs.jmedchem.0c00530
179698,Human,8.5,pKi,8.5,Binding,Displacementof[3H]CP55940fromrecombinanthumanCB1RexpressedinCHOcellmembranesincubatedfor90minsDisplacementof[3H]CP55940fromrecombinanthumanCB1RexpressedinCHOcellmembranesincubatedfor90mins,ChEMBL,434,4.6,Cc1c(Br)cc(C(=O)NC2CCCCCC2)c(=O)n1Cc1ccc(F)cc1,10.1016/j.ejmech.2020.112858
179896,Human,7.5,pKi,7.5,Binding,BindingaffinitytohumanCB1receptorBindingaffinitytohumanCB1receptor,ChEMBL,368,5.6,CSC(=O)N1CC2(CCCCC2)CO/C1=N\c1cccc2ccccc12,10.1016/j.bmcl.2008.10.070
179897,Human,7.8,pKi,7.8,Binding,Displacementof[3H]CP55940fromrecombinanthumanCB1RexpressedinCHOcellmembranesincubatedfor90minsDisplacementof[3H]CP55940fromrecombinanthumanCB1RexpressedinCHOcellmembranesincubatedfor90mins,ChEMBL,356,4.6,Cc1ccc(C(=O)NC2CCCCCC2)c(OCc2ccc(F)cc2)n1,10.1016/j.ejmech.2020.112858
179898,Human,6.3,pKi,6.3,Binding,BindingaffinitytohumanCB1receptorBindingaffinitytohumanCB1receptor,ChEMBL,334,4.6,CSC(=S)N1CC2(CCCCC2)CO/C1=N\c1ccccc1,10.1016/j.bmcl.2008.10.070
180025,Human,7.3,pKi,7.3,Binding,Displacementof[3H]CP55940fromrecombinanthumanCB1RexpressedinCHOcellmembranesincubatedfor90minsDisplacementof[3H]CP55940fromrecombinanthumanCB1RexpressedinCHOcellmembranesincubatedfor90mins,ChEMBL,450,5.6,Cc1c(-c2ccc(F)cc2)cc(C(=O)NC2CCCCCC2)c(=O)n1Cc1ccc(F)cc1,10.1016/j.ejmech.2020.112858
180046,Human,7.3,pKi,7.3,Binding,BindingaffinitytohumanCB1receptorBindingaffinitytohumanCB1receptor,ChEMBL,384,6.3,CSC(=O)N1CC2(CCCCC2)CS/C1=N\c1cccc2ccccc12,10.1016/j.bmcl.2008.10.070
180150,Human,5.0,pKi,5.0,Binding,Displacementof[3H]-CP55940fromhumanrecombinantcannabinoidCB1receptorexpressedinHEKcellmembranesincubatedfor1.5hrsbyliquidscintillationcountingmethodDisplacementof[3H]-CP55940fromhumanrecombinantcannabinoidCB1receptorexpressedinHEKcellmembranesincubatedfor1.5hrsbyliquidscintillationcountingmethod,ChEMBL,310,4.4,Cc1cccc(-c2c(O)cc(C(=O)c3cccs3)cc2O)c1,10.1016/j.bmc.2021.116035
180227,Human,8.3,pKi,8.3,Binding,Displacementof[3H]CP55940fromrecombinanthumanCB1RexpressedinCHOcellmembranesincubatedfor90minsDisplacementof[3H]CP55940fromrecombinanthumanCB1RexpressedinCHOcellmembranesincubatedfor90mins,ChEMBL,374,3.9,Cc1c(F)cc(C(=O)NC2CCCCCC2)c(=O)n1Cc1ccc(F)cc1,10.1016/j.ejmech.2020.112858
180246,Human,7.6,pKi,7.6,Binding,"Displacementof[3H]-CP-55,940fromrecombinanthumanCB1RexpressedinHEK293cellmembranesafter90minsDisplacementof[3H]-CP-55,940fromrecombinanthumanCB1RexpressedinHEK293cellmembranesafter90mins",ChEMBL,302,3.9,CCCc1cc(O)c2c(c1)OC(C)(C)[C@@H]1C[C@H](O)C(C)=C[C@@H]21,10.1021/acs.jnatprod.9b00831
180584,Human,6.0,pKi,6.0,Binding,Displacementof[3H]-CP55940fromhumanrecombinantcannabinoidCB1receptorexpressedinHEKcellmembranesincubatedfor1.5hrsbyliquidscintillationcountingmethodDisplacementof[3H]-CP55940fromhumanrecombinantcannabinoidCB1receptorexpressedinHEKcellmembranesincubatedfor1.5hrsbyliquidscintillationcountingmethod,ChEMBL,326,4.3,O=C(c1ccccc1)c1cc(O)c(-c2cc(F)cc(F)c2)c(O)c1,10.1016/j.bmc.2021.116035
180868,Human,5.7,pKi,5.7,Binding,Displacementof[3H]-CP55940fromhumanrecombinantcannabinoidCB1receptorexpressedinHEKcellmembranesincubatedfor1.5hrsbyliquidscintillationcountingmethodDisplacementof[3H]-CP55940fromhumanrecombinantcannabinoidCB1receptorexpressedinHEKcellmembranesincubatedfor1.5hrsbyliquidscintillationcountingmethod,ChEMBL,426,6,O=C(c1ccccc1)c1cc(O)c(-c2cc(C(F)(F)F)cc(C(F)(F)F)c2)c(O)c1,10.1016/j.bmc.2021.116035
181042,Human,7.4,pKi,7.4,Binding,Displacementof[3H]CP55940fromrecombinanthumanCB1RexpressedinCHOcellmembranesincubatedfor90minsDisplacementof[3H]CP55940fromrecombinanthumanCB1RexpressedinCHOcellmembranesincubatedfor90mins,ChEMBL,356,3.8,Cc1ccc(C(=O)NC2CCCCCC2)c(=O)n1Cc1ccc(F)cc1,10.1016/j.ejmech.2020.112858
181159,Human,7.1,pKi,7.1,Binding,Displacementof[3H]CP55940fromrecombinanthumanCB1RexpressedinCHOcellmembranesincubatedfor90minsDisplacementof[3H]CP55940fromrecombinanthumanCB1RexpressedinCHOcellmembranesincubatedfor90mins,ChEMBL,434,5.3,Cc1nc(OCc2ccc(F)cc2)c(C(=O)NC2CCCCCC2)cc1Br,10.1016/j.ejmech.2020.112858
181245,Human,8.4,pKi,8.4,Binding,Displacementof[3H]CP55940fromrecombinanthumanCB1RexpressedinCHOcellmembranesincubatedfor90minsDisplacementof[3H]CP55940fromrecombinanthumanCB1RexpressedinCHOcellmembranesincubatedfor90mins,ChEMBL,390,4.5,Cc1c(Cl)cc(C(=O)NC2CCCCCC2)c(=O)n1Cc1ccc(F)cc1,10.1016/j.ejmech.2020.112858
181246,Human,8.0,pKi,8.0,Binding,Displacementof[3H]CP55940fromrecombinanthumanCB1RexpressedinCHOcellmembranesincubatedfor90minsDisplacementof[3H]CP55940fromrecombinanthumanCB1RexpressedinCHOcellmembranesincubatedfor90mins,ChEMBL,462,5.5,COc1ccc(-c2cc(C(=O)NC3CCCCCC3)c(=O)n(Cc3ccc(F)cc3)c2C)cc1,10.1016/j.ejmech.2020.112858
181316,Human,6.8,pKi,6.8,Binding,Displacementof[3H]CP55940fromrecombinanthumanCB1RexpressedinCHOcellmembranesincubatedfor90minsDisplacementof[3H]CP55940fromrecombinanthumanCB1RexpressedinCHOcellmembranesincubatedfor90mins,ChEMBL,432,5.5,Cc1c(-c2ccccc2)cc(C(=O)NC2CCCCCC2)c(=O)n1Cc1ccc(F)cc1,10.1016/j.ejmech.2020.112858
182038,Human,5.3,pKi,5.3,Binding,Displacementof[3H]CP55940fromrecombinanthumanCB1RexpressedinCHOcellmembranesincubatedfor90minsDisplacementof[3H]CP55940fromrecombinanthumanCB1RexpressedinCHOcellmembranesincubatedfor90mins,ChEMBL,450,6.4,Cc1nc(OCc2ccc(F)cc2)c(C(=O)NC2CCCCCC2)cc1-c1ccc(F)cc1,10.1016/j.ejmech.2020.112858
182150,Human,5.4,pKi,5.4,Binding,Displacementof[3H]-CP55940fromhumanrecombinantcannabinoidCB1receptorexpressedinHEKcellmembranesincubatedfor1.5hrsbyliquidscintillationcountingmethodDisplacementof[3H]-CP55940fromhumanrecombinantcannabinoidCB1receptorexpressedinHEKcellmembranesincubatedfor1.5hrsbyliquidscintillationcountingmethod,ChEMBL,432,6.1,O=C(c1cc(O)c(-c2cc(C(F)(F)F)cc(C(F)(F)F)c2)c(O)c1)c1cccs1,10.1016/j.bmc.2021.116035
182225,Human,6.2,pKi,6.2,Binding,Displacementof[3H]CP-55940fromCB1receptor(unknownorigin)bycompetitivebindingassayDisplacementof[3H]CP-55940fromCB1receptor(unknownorigin)bycompetitivebindingassay,ChEMBL,377,4.4,O=C1/C(=C/c2cn(Cc3ccc(Cl)cc3)c3ncccc23)N2CCC1CC2,10.1016/j.bmcl.2020.127501
182299,Human,5.8,pKi,5.8,Binding,Displacementof[3H]CP55940fromhumanCB1RtransfectedinHEK293EBNAcellmembranesincubatedfor90minsbyMicrobetaTriLuxbasedluminescenceanalysisDisplacementof[3H]CP55940fromhumanCB1RtransfectedinHEK293EBNAcellmembranesincubatedfor90minsbyMicrobetaTriLuxbasedluminescenceanalysis,ChEMBL,331,4.8,CCCn1nc(OCc2ccc3ccccc3c2)c2cc(N)ccc21,10.1016/j.bmc.2020.115672
182955,Human,7.9,pKi,7.9,Binding,BindingaffinitytohumanCB1receptorBindingaffinitytohumanCB1receptor,ChEMBL,388,5.5,CSC(=S)N1CC2(CCCCC2)CO/C1=N\c1cccc2c1CCCC2,10.1016/j.bmcl.2008.10.070
182956,Human,7.1,pKi,7.1,Binding,BindingaffinitytohumanCB1receptorBindingaffinitytohumanCB1receptor,ChEMBL,422,6.1,CSC(=S)N1CC2(CCCCC2)CO/C1=N\c1ccc(Cl)c2c1CCCC2,10.1016/j.bmcl.2008.10.070
183102,Human,8.3,pKi,8.3,Binding,BindingaffinitytohumanCB1receptorBindingaffinitytohumanCB1receptor,ChEMBL,427,5.8,CSC(=S)N1CC2(CCCCC2)CO/C1=N\c1ccc(N(C)C)c2ccccc12,10.1016/j.bmcl.2008.10.070
183133,Human,7.0,pKi,7.0,Binding,BindingaffinitytohumanCB1receptorBindingaffinitytohumanCB1receptor,ChEMBL,413,5.4,CSC(=S)N1CC2(CCCCC2)CO/C1=N\c1ccc(C#N)c2c1CCCC2,10.1016/j.bmcl.2008.10.070
183206,Human,8.3,pKi,8.3,Binding,BindingaffinitytohumanCB1receptorBindingaffinitytohumanCB1receptor,ChEMBL,402,5.9,CSC(=S)N1CC2(CCCCC2)CO/C1=N\c1ccc(F)c2ccccc12,10.1016/j.bmcl.2008.10.070
183207,Human,8.5,pKi,8.5,Binding,BindingaffinitytohumanCB1receptorBindingaffinitytohumanCB1receptor,ChEMBL,418,6.4,CSC(=S)N1CC2(CCCCC2)CO/C1=N\c1ccc(Cl)c2ccccc12,10.1016/j.bmcl.2008.10.070
183208,Human,8.0,pKi,8.0,Binding,BindingaffinitytohumanCB1receptorBindingaffinitytohumanCB1receptor,ChEMBL,409,5.6,CSC(=S)N1CC2(CCCCC2)CO/C1=N\c1ccc(C#N)c2ccccc12,10.1016/j.bmcl.2008.10.070
186457,Human,6.5,pKi,6.5,Binding,Displacementof[3H]CP-55940fromhumanrecombinantCB1receptorexpressedinHEK293cellsDisplacementof[3H]CP-55940fromhumanrecombinantCB1receptorexpressedinHEK293cells,ChEMBL,393,3.9,C[C@H]1CC[C@H](NC(=O)c2cc3cccnc3n(Cc3ccc(F)cc3)c2=O)CC1,10.1021/jm801563d
186981,Human,8.0,pKi,8.0,Binding,BindingaffinitytohumanCB1receptorBindingaffinitytohumanCB1receptor,ChEMBL,384,5.8,CSC(=S)N1CC2(CCCCC2)CO/C1=N\c1cccc2ccccc12,10.1016/j.bmcl.2008.10.070
187360,Human,7.9,pKi,7.9,Binding,BindingaffinitytohumanCB1receptorBindingaffinitytohumanCB1receptor,ChEMBL,429,5.7,CSC(=S)N1CC2(CCCCC2)CO/C1=N\c1ccc([N+](=O)[O-])c2ccccc12,10.1016/j.bmcl.2008.10.070
192536,Human,6.2,pKi,6.2,Binding,Displacementof[3H]CP-55940fromhumanrecombinantCB1receptorexpressedinCHOcellsDisplacementof[3H]CP-55940fromhumanrecombinantCB1receptorexpressedinCHOcells,ChEMBL,368,4.4,CC[C@H]1CC[C@H](C(=O)c2cn(CCN3CCOCC3)c3ccccc23)CC1,10.1021/jm901214q
193470,Human,5.8,pKi,5.8,Binding,BindingaffinitytohumanCB1receptorBindingaffinitytohumanCB1receptor,ChEMBL,578,3.3,O=S(=O)(N[C@H]1CC[C@H](NS(=O)(=O)C(F)(F)F)CC1)c1ccc(Cl)cc1S(=O)(=O)c1ccccc1F,10.1016/j.bmcl.2009.11.084
193620,Human,5.2,pKi,5.2,Binding,BindingaffinitytohumanCB1receptorBindingaffinitytohumanCB1receptor,ChEMBL,578,3.3,O=S(=O)(N[C@H]1CC[C@@H](NS(=O)(=O)C(F)(F)F)CC1)c1ccc(Cl)cc1S(=O)(=O)c1ccccc1F,10.1016/j.bmcl.2009.11.084
194164,Human,5.4,pKi,5.4,Binding,Displacementof[3H]CP-55940fromhumanCB1receptorexpressedinCHOcellsDisplacementof[3H]CP-55940fromhumanCB1receptorexpressedinCHOcells,ChEMBL,351,4.3,Cc1nc(C(=O)NC[C@H]2C[C@@H]3C[C@H](C2)C3(C)C)c(C)n1-c1ccccc1,10.1016/j.bmcl.2009.12.032
195008,Human,5.7,pKi,5.7,Binding,BindingaffinitytohumanCB1receptorBindingaffinitytohumanCB1receptor,ChEMBL,562,2.4,O=S(=O)(c1ccccc1F)c1cc(Cl)ccc1S(=O)(=O)N1C[C@H]2[C@H](NS(=O)(=O)C(F)(F)F)[C@H]2C1,10.1016/j.bmcl.2009.11.084
209566,Human,8.5,pKi,8.5,Binding,NoneNone,PDSPKiDatabase,593,5.5,CN(C)CCCN=C(NS(=O)(=O)C1=CC=C(C=C1)Cl)N2CC(C(=N2)C3=CC=C(C=C3)Cl)C4=CC=CC=C4.Cl,None
208365,Human,9.7,pKi,9.7,Binding,NoneNone,PDSPKiDatabase,386,6.2,CCCCCCC(C)(C)C1=CC2=C(C3CC(=CCC3C(O2)(C)C)CO)C(=C1)O,None
209691,Human,7.7,pKi,7.7,Binding,NoneNone,PDSPKiDatabase,464,7.1,C1CCC(CC1)NC(=O)C2CCC(N(C2)C3=CC=C(C=C3)Cl)C4=C(C=C(C=C4)Cl)Cl,None
208696,Human,8.4,pKi,8.4,Binding,NoneNone,PDSPKiDatabase,501,5.6,CCC1=C(N=C(N1C2=CC=C(C=C2)Br)C3=CC=CC=C3Cl)C(=O)NC4CCCCC4O,None
209527,Human,8.5,pKi,8.5,Binding,NoneNone,PDSPKiDatabase,444,6,CC1=C(N(N=C1C(=O)NC(C)C2CCCCC2)C3=CC(=C(C=C3)Cl)Cl)N4C=CC=C4,None
208704,Human,7.7,pKi,7.7,Binding,NoneNone,PDSPKiDatabase,463,5.2,C1C(C(C2=CC=CC=C21)NC(=O)C3=CN(C(=N3)C4=CC=CC=C4Cl)C5=CC=C(C=C5)Cl)O,None
208703,Human,7.4,pKi,7.4,Binding,NoneNone,PDSPKiDatabase,463,5.2,C1C(C(C2=CC=CC=C21)O)NC(=O)C3=CN(C(=N3)C4=CC=CC=C4Cl)C5=CC=C(C=C5)Cl,None
208705,Human,7.1,pKi,7.1,Binding,NoneNone,PDSPKiDatabase,415,4.5,C1CC(C(C1)O)NC(=O)C2=CN(C(=N2)C3=CC=CC=C3Cl)C4=CC=C(C=C4)Cl,None
209716,Human,6.4,pKi,6.4,Binding,NoneNone,PDSPKiDatabase,445,7,C1CC(N(C(=O)C1CC2=CC(=C(C=C2)F)F)C3=CC=C(C=C3)Cl)C4=CC=C(C=C4)Cl,None
209701,Human,7.4,pKi,7.4,Binding,NoneNone,PDSPKiDatabase,424,6.1,CC(=O)NCCC1CCC(N(C1)C2=CC=C(C=C2)Cl)C3=C(C=C(C=C3)Cl)Cl,None
208699,Human,8.0,pKi,8.0,Binding,NoneNone,PDSPKiDatabase,485,6.2,CCCCC1=C(N=C(N1C2=CC=C(C=C2)Cl)C3=CC=CC=C3Cl)C(=O)NC4CCCCC4O,None
209696,Human,7.4,pKi,7.4,Binding,NoneNone,PDSPKiDatabase,541,5.7,C1CC1S(=O)(=O)N2CCN(CC2)CC3CCC(N(C3)C4=CC=C(C=C4)Cl)C5=C(C=C(C=C5)Cl)Cl,None
209223,Human,9.5,pKi,9.5,Binding,NoneNone,PDSPKiDatabase,564,4.5,C1C(C(=NN1C(=NS(=O)(=O)C2=CC=C(C=C2)I)N)C3=CC=C(C=C3)Cl)C4=CC=CC=C4,None
209415,Human,9.9,pKi,9.9,Binding,NoneNone,PDSPKiDatabase,508,5.3,CCNC1(CCN(CC1)C2=NC=NC3=C2N=C(N3C4=CC=C(C=C4)Cl)C5=CC=CC=C5Cl)C(=O)C,None
208966,Human,6.0,pKi,6.0,Binding,NoneNone,PDSPKiDatabase,427,4.6,C1COCCN1CC2=CC3=C(C=C2F)OC(O3)(C4=CC=C(C=C4)F)C5=CC=C(C=C5)F,None
208698,Human,7.7,pKi,7.7,Binding,NoneNone,PDSPKiDatabase,471,6,CC(C)C1=C(N=C(N1C2=CC=C(C=C2)Cl)C3=CC=CC=C3Cl)C(=O)NC4CCCCC4O,None
209695,Human,6.4,pKi,6.4,Binding,NoneNone,PDSPKiDatabase,479,5.8,CC(=O)N1CCN(CC1)CC2CCC(N(C2)C3=CC=C(C=C3)Cl)C4=C(C=C(C=C4)Cl)Cl,None
208706,Human,7.0,pKi,7.0,Binding,NoneNone,PDSPKiDatabase,429,4.9,C1CCC(C(C1)NC(=O)C2=CN(C(=N2)C3=CC=CC=C3Cl)C4=CC=C(C=C4)Cl)O,None
209715,Human,7.1,pKi,7.1,Binding,NoneNone,PDSPKiDatabase,431,7.5,C1CC(N(CC1CC2=CC(=C(C=C2)F)F)C3=CC=C(C=C3)Cl)C4=CC=C(C=C4)Cl,None
209704,Human,7.2,pKi,7.2,Binding,NoneNone,PDSPKiDatabase,382,6,C1CC(N(CC1CCN)C2=CC=C(C=C2)Cl)C3=C(C=C(C=C3)Cl)Cl,None
209214,Human,6.2,pKi,6.2,Binding,NoneNone,PDSPKiDatabase,337,5.3,CCCCCCCCC=CCCCCCCCC(=O)NC1CC1O,None
208707,Human,6.2,pKi,6.2,Binding,NoneNone,PDSPKiDatabase,476,5.8,CNC1CCCCC1NC(=O)C2=CN(C(=N2)C3=C(C=C(C=C3)Cl)Cl)C4=CC=C(C=C4)Cl,None
209690,Human,7.2,pKi,7.2,Binding,NoneNone,PDSPKiDatabase,506,7.6,C1CC(N(CC1C(=O)NCC2=CC=C(C=C2)Cl)C3=CC=C(C=C3)Cl)C4=C(C=C(C=C4)Cl)Cl,None
209687,Human,7.5,pKi,7.5,Binding,NoneNone,PDSPKiDatabase,500,6.6,C1CCC(CC1)NS(=O)(=O)C2CCC(N(C2)C3=CC=C(C=C3)Cl)C4=C(C=C(C=C4)Cl)Cl,None
209697,Human,6.2,pKi,6.2,Binding,NoneNone,PDSPKiDatabase,515,5.2,CS(=O)(=O)N1CCN(CC1)CC2CCC(N(C2)C3=CC=C(C=C3)Cl)C4=C(C=C(C=C4)Cl)Cl,None
208702,Human,8.2,pKi,8.2,Binding,NoneNone,PDSPKiDatabase,443,5.2,CC1=C(N=C(N1C2=CC=C(C=C2)Cl)C3=CC=CC=C3Cl)C(=O)NC4CCCCC4O,None
209688,Human,8.2,pKi,8.2,Binding,NoneNone,PDSPKiDatabase,474,5.9,CC(C)CNS(=O)(=O)C1CCC(N(C1)C2=CC=C(C=C2)Cl)C3=C(C=C(C=C3)Cl)Cl,None
209707,Human,8.6,pKi,8.6,Binding,NoneNone,PDSPKiDatabase,558,7.7,C1CC(N(CC1CNS(=O)(=O)C2=CC=CC3=CC=CC=C32)C4=CC=C(C=C4)Cl)C5=C(C=C(C=C5)Cl)Cl,None
209708,Human,8.2,pKi,8.2,Binding,NoneNone,PDSPKiDatabase,509,6,C1CC(N(CC1CNS(=O)(=O)C2=CN=CC=C2)C3=CC=C(C=C3)Cl)C4=C(C=C(C=C4)Cl)Cl,None
209703,Human,8.4,pKi,8.4,Binding,NoneNone,PDSPKiDatabase,547,6.8,C1CC(N(CC1CCNS(=O)(=O)C2=CC=C(C=C2)C#N)C3=CC=C(C=C3)Cl)C4=C(C=C(C=C4)Cl)Cl,None
208838,Human,6.5,pKi,6.5,Binding,NoneNone,PDSPKiDatabase,550,3.7,C1COCCN1NC(=O)C2=NN(C(C2)C3=CC=C(C=C3)Cl)C4=C(C=C(C=C4)Cl)Cl.OS(=O)(=O)O,None
208697,Human,7.7,pKi,7.7,Binding,NoneNone,PDSPKiDatabase,507,5.6,C1CCC(C(C1)NC(=O)C2=C(N(C(=N2)C3=CC=CC=C3Cl)C4=CC=C(C=C4)Cl)Br)O,None
209430,Human,6.0,pKi,6.0,Binding,NoneNone,PDSPKiDatabase,519,4.5,C1COCCN1NC(=O)C2=NN(C(=C2C#N)C3=CC=C(C=C3)Br)C4=C(C=C(C=C4)Cl)Cl,None
209692,Human,7.5,pKi,7.5,Binding,NoneNone,PDSPKiDatabase,438,6.4,CC(C)CNC(=O)C1CCC(N(C1)C2=CC=C(C=C2)Cl)C3=C(C=C(C=C3)Cl)Cl,None
209689,Human,7.5,pKi,7.5,Binding,NoneNone,PDSPKiDatabase,436,6.3,C1CC(C1)NC(=O)C2CCC(N(C2)C3=CC=C(C=C3)Cl)C4=C(C=C(C=C4)Cl)Cl,None
209212,Human,7.5,pKi,7.5,Binding,NoneNone,PDSPKiDatabase,359,5.4,CCCCCC=CCC=CCC=CCC=CCCCC(=O)NC1CC1O,None
209213,Human,6.2,pKi,6.2,Binding,NoneNone,PDSPKiDatabase,311,4.7,CCCCCCCCCCCCCCCC(=O)NC1CC1O,None
209568,Human,7.5,pKi,7.5,Binding,NoneNone,PDSPKiDatabase,590,4.3,C1CS(=O)(=O)CCN1C(=NS(=O)(=O)C2=CC=C(C=C2)Cl)N3CC(C(=N3)C4=CC=C(C=C4)Cl)C5=CC=CC=C5,None
209049,Human,6.5,pKi,6.5,Binding,NoneNone,PDSPKiDatabase,409,4.9,C1=CC(=CC=C1C2C(C(=O)N2C3=CC=C(C=C3)F)CCC(C4=CC=C(C=C4)F)O)O,None
209224,Human,9.3,pKi,9.3,Binding,NoneNone,PDSPKiDatabase,463,3.7,C1C(C(=NN1C(=NS(=O)(=O)C2=CC=C(C=C2)C#N)N)C3=CC=C(C=C3)Cl)C4=CC=CC=C4,None
209523,Human,6.0,pKi,6.0,Binding,NoneNone,PDSPKiDatabase,500,5.1,CSC(=NS(=O)(=O)C1=CC=C(C=C1)N2C(=CC(=N2)C(F)(F)F)C3=CC=CS3)N4CCCC4,None
208859,Human,5.3,pKi,5.3,Binding,NoneNone,PDSPKiDatabase,380,3.1,C1CCC(CC1)N2C(=O)C3=CN(C4=CC=CC=C4C3=N2)CCN5CCOCC5,None
209712,Human,6.3,pKi,6.3,Binding,NoneNone,PDSPKiDatabase,465,8.1,C1CC(N(CC1CC2=CC(=C(C=C2)F)F)C3=C(C=C(C=C3)Cl)Cl)C4=CC=C(C=C4)Cl,None
209525,Human,5.6,pKi,5.6,Binding,NoneNone,PDSPKiDatabase,562,8.1,CC1=CC=C(N1C2=C(C(=NN2C3=CC(=C(C=C3)Cl)Cl)C(=O)NC(C4=CC=CC=C4)C5=CC=C(C=C5)Cl)C)C,None
208914,Human,5.6,pKi,5.6,Binding,NoneNone,PDSPKiDatabase,383,3.8,CC1=NN(C(=C1C(=O)NN2CCCCC2)N3C=CC=C3)C4=CC=C(C=C4)Cl,None
209714,Human,7.0,pKi,7.0,Binding,NoneNone,PDSPKiDatabase,479,7.7,C1CC(N(C(=O)C1CC2=CC(=C(C=C2)F)F)C3=CC=C(C=C3)Cl)C4=C(C=C(C=C4)Cl)Cl,None
209220,Human,7.8,pKi,7.8,Binding,NoneNone,PDSPKiDatabase,380,4.8,CCCCCN1C=C(C(=O)C2=C1C=C(C=C2)F)C(=O)NC(C)C3=CC=CC=C3,None
208913,Human,5.6,pKi,5.6,Binding,NoneNone,PDSPKiDatabase,387,2.2,CC1=C(N(N=C1C(=O)NN2CCOCC2)C3=C(C=C(C=C3)F)F)N4C=CC=C4,None
208912,Human,5.6,pKi,5.6,Binding,NoneNone,PDSPKiDatabase,349,3.1,CC1=C(N(N=C1C(=O)NN2CCCCC2)C3=CC=CC=C3)N4C=CC=C4,None
208180,Human,8.0,pKi,8.0,Binding,NoneNone,PDSPKiDatabase,347,5.2,CCCCCC=CCC=CCC=CCC=CCCCC(=O)NCCO,None
208911,Human,5.6,pKi,5.6,Binding,NoneNone,PDSPKiDatabase,360,2.7,C1CCN(CC1)NC(=O)C2=NN(C(=C2C#N)N3C=CC=C3)C4=CC=CC=C4,None
208910,Human,5.6,pKi,5.6,Binding,NoneNone,PDSPKiDatabase,335,2.8,C1CCN(CC1)NC(=O)C2=NN(C(=C2)N3C=CC=C3)C4=CC=CC=C4,None
209698,Human,6.3,pKi,6.3,Binding,NoneNone,PDSPKiDatabase,437,5.5,C1CC(N(CC1CN2CCNCC2)C3=CC=C(C=C3)Cl)C4=C(C=C(C=C4)Cl)Cl,None
209685,Human,8.0,pKi,8.0,Binding,NoneNone,PDSPKiDatabase,488,6.3,CC(C)CCNS(=O)(=O)C1CCC(N(C1)C2=CC=C(C=C2)Cl)C3=C(C=C(C=C3)Cl)Cl,None
209050,Human,6.6,pKi,6.6,Binding,NoneNone,PDSPKiDatabase,372,4.8,COC1=CC=C(C=C1)C2C(C(=O)N2C3=CC=CC=C3)CCCC4=CN=CC=C4,None
209278,Human,8.0,pKi,8.0,Binding,NoneNone,PDSPKiDatabase,116,1.4,CCCCN(C)N=O,None
209711,Human,6.9,pKi,6.9,Binding,NoneNone,PDSPKiDatabase,368,5.6,C1CC(N(CC1CN)C2=CC=C(C=C2)Cl)C3=C(C=C(C=C3)Cl)Cl,None
208700,Human,8.2,pKi,8.2,Binding,NoneNone,PDSPKiDatabase,471,5.8,CCCC1=C(N=C(N1C2=CC=C(C=C2)Cl)C3=CC=CC=C3Cl)C(=O)NC4CCCCC4O,None
208484,Human,7.6,pKi,7.6,Binding,NoneNone,PDSPKiDatabase,498,6.4,CC1=C(N(N=C1C(=O)NN2CCCCC2)C3=C(C=C(C=C3)Cl)Cl)C4=CC=C(C=C4)Cl.Cl,None
209702,Human,8.2,pKi,8.2,Binding,NoneNone,PDSPKiDatabase,523,6.4,C1CC(N(CC1CCNS(=O)(=O)C2=CN=CC=C2)C3=CC=C(C=C3)Cl)C4=C(C=C(C=C4)Cl)Cl,None
208228,Human,8.0,pKi,8.0,Binding,NoneNone,PDSPKiDatabase,426,4.6,CC1=C(C2=C3N1C(COC3=CC=C2)CN4CCOCC4)C(=O)C5=CC=CC6=CC=CC=C65,None
209048,Human,7.3,pKi,7.3,Binding,NoneNone,PDSPKiDatabase,449,5.5,CC(=O)SC(CCC1=CC=CC=C1)C2C(N(C2=O)C3=CC=C(C=C3)F)C4=CC=C(C=C4)O,None
209221,Human,5.6,pKi,5.6,Binding,NoneNone,PDSPKiDatabase,524,7.1,CCCCCN1C=C(C(=O)C2=C1C=CC(=C2)C=CC3=CC=C(C=C3)OC)C(=O)NC45CC6CC(C4)CC(C6)C5,None
209694,Human,7.9,pKi,7.9,Binding,NoneNone,PDSPKiDatabase,535,7.2,CC(C)(C)CC(=O)N1CCN(CC1)CC2CCC(N(C2)C3=CC=C(C=C3)Cl)C4=C(C=C(C=C4)Cl)Cl,None
208708,Human,6.6,pKi,6.6,Binding,NoneNone,PDSPKiDatabase,462,5.5,C1CCC(C(C1)N)NC(=O)C2=CN(C(=N2)C3=C(C=C(C=C3)Cl)Cl)C4=CC=C(C=C4)Cl,None
209706,Human,7.0,pKi,7.0,Binding,NoneNone,PDSPKiDatabase,436,6.1,C1CC1C(=O)NCC2CCC(N(C2)C3=CC=C(C=C3)Cl)C4=C(C=C(C=C4)Cl)Cl,None
209567,Human,8.0,pKi,8.0,Binding,NoneNone,PDSPKiDatabase,612,4.7,CN(C)CCN1CCN(CC1)C(=NS(=O)(=O)C2=CC=C(C=C2)Cl)N3CC(C(=N3)C4=CC=C(C=C4)Cl)C5=CC=CC=C5,None
208967,Human,7.3,pKi,7.3,Binding,NoneNone,PDSPKiDatabase,491,5.3,COC1CCCN1C(=O)C2=CC3=C(C=C2F)OC(O3)(C4=C(C=C(C=C4)F)F)C5=C(C=C(C=C5)F)F,None
209699,Human,8.1,pKi,8.1,Binding,NoneNone,PDSPKiDatabase,537,7.2,CC(C)(C)OC(=O)N1CCN(CC1)CC2CCC(N(C2)C3=CC=C(C=C3)Cl)C4=C(C=C(C=C4)Cl)Cl,None
209693,Human,7.2,pKi,7.2,Binding,NoneNone,PDSPKiDatabase,521,7.7,CC(C)(C)CCN1CCN(CC1)CC2CCC(N(C2)C3=CC=C(C=C3)Cl)C4=C(C=C(C=C4)Cl)Cl,None
209219,Human,6.8,pKi,6.8,Binding,NoneNone,PDSPKiDatabase,431,5.3,CCCCCN1C=C(C(=O)C2=C1C=C(C=C2)N3CCCC3)C(=O)NC(C)C4=CC=CC=C4,None
209686,Human,7.8,pKi,7.8,Binding,NoneNone,PDSPKiDatabase,486,6.2,C1CCN(CC1)S(=O)(=O)C2CCC(N(C2)C3=CC=C(C=C3)Cl)C4=C(C=C(C=C4)Cl)Cl,None
209709,Human,6.8,pKi,6.8,Binding,NoneNone,PDSPKiDatabase,472,5.7,C1CC1S(=O)(=O)NCC2CCC(N(C2)C3=CC=C(C=C3)Cl)C4=C(C=C(C=C4)Cl)Cl,None
209710,Human,7.3,pKi,7.3,Binding,NoneNone,PDSPKiDatabase,474,5.9,CCCS(=O)(=O)NCC1CCC(N(C1)C2=CC=C(C=C2)Cl)C3=C(C=C(C=C3)Cl)Cl,None
209218,Human,7.5,pKi,7.5,Binding,NoneNone,PDSPKiDatabase,406,5.1,CCCCCN1C=C(C(=O)C2=C1C=C(C=C2)OCC)C(=O)NC(C)C3=CC=CC=C3,None
208858,Human,8.3,pKi,8.3,Binding,NoneNone,PDSPKiDatabase,365,6.5,CCCCCC=CCC=CCC=CCC=CCCCC(=O)NCCCl,None
209713,Human,7.8,pKi,7.8,Binding,NoneNone,PDSPKiDatabase,465,8.1,C1CC(N(CC1CC2=CC(=C(C=C2)F)F)C3=CC=C(C=C3)Cl)C4=C(C=C(C=C4)Cl)Cl,None
208701,Human,8.3,pKi,8.3,Binding,NoneNone,PDSPKiDatabase,457,5.4,CCC1=C(N=C(N1C2=CC=C(C=C2)Cl)C3=CC=CC=C3Cl)C(=O)NC4CCCCC4O,None
208635,Human,5.0,pKi,5.0,Binding,NoneNone,PDSPKiDatabase,399,1.8,CN(C)CC(C1=CC=C(C=C1)O)C2(CCCCC2)O.C(CC(=O)O)C(=O)O.O,None
209705,Human,8.3,pKi,8.3,Binding,NoneNone,PDSPKiDatabase,497,6.9,C1CC(N(CC1CNC(=O)C2=CC=C(C=C2)C#N)C3=CC=C(C=C3)Cl)C4=C(C=C(C=C4)Cl)Cl,None
209521,Human,5.8,pKi,5.8,Binding,NoneNone,PDSPKiDatabase,486,4.3,CC1=CC=C(C=C1)C(C(=O)NC2=CC3=C(C=C2)OCCO3)N(C)C(=O)C=CC4=CC5=C(C=C4)OCO5,None
209522,Human,5.6,pKi,5.6,Binding,NoneNone,PDSPKiDatabase,526,2.9,CC1=CC=C(C=C1)C(=O)N2C=C(C3=CC=CC=C32)C=NNC4=NC(=NC(=N4)N5CCOCC5)N6CCOCC6,None
209526,Human,5.6,pKi,5.6,Binding,NoneNone,PDSPKiDatabase,472,6.8,CC1=CC=C(N1C2=C(C(=NN2C3=CC(=C(C=C3)Cl)Cl)C(=O)NC4=CC=C(C=C4)Cl)C)C,None
209429,Human,5.0,pKi,5.0,Binding,NoneNone,PDSPKiDatabase,497,3.5,COC1=CC=C(C=C1)C2=C(C(=NN2C3=CC=CC=C3Br)C(=O)NN4CCCCC4)C(=O)N,None
209700,Human,8.3,pKi,8.3,Binding,NoneNone,PDSPKiDatabase,511,7.3,C1CC(N(CC1CCNC(=O)C2=CC=C(C=C2)C#N)C3=CC=C(C=C3)Cl)C4=C(C=C(C=C4)Cl)Cl,None
209047,Human,6.1,pKi,6.1,Binding,NoneNone,PDSPKiDatabase,383,5.4,COC1=CC=C(C=C1)C2C(C(=O)N2C3=CC=CC=C3)CC4=CC5=CC=CC=C5O4,None
209215,Human,6.0,pKi,6.0,Binding,NoneNone,PDSPKiDatabase,325,5.1,CCCCCCCCC=CCCCCCCCC(=O)NCCO,None
