GLASS#	UniProt	Ligand standard InChI Key	Param	Min	Max	Unit	Reference (PMID or other citations)
17	P21554	AAAPQZDYNWUVQA-UHFFFAOYSA-N	Ki	0.56	0.56	nM	24900484
17	P21554	AAAPQZDYNWUVQA-UHFFFAOYSA-N	Ki	1.2	1.2	nM	24900484
25	P21554	AABDRJHZBVPFLI-KHPPLWFESA-N	Ki	500.0	500.0	nM	16213718
25	P21554	AABDRJHZBVPFLI-KHPPLWFESA-N	Ki	600.0	600.0	nM	16213718
234	P21554	AAIQXNZXWNXHSX-UHFFFAOYSA-N	IC50	110.0	110.0	nM	16263284
234	P21554	AAIQXNZXWNXHSX-UHFFFAOYSA-N	IC50	112.2	112.2	nM	19406638
277	P21554	AAKPJTRCQRGFJX-UHFFFAOYSA-N	EC50	1000.0	1000.0	nM	23147076
277	P21554	AAKPJTRCQRGFJX-UHFFFAOYSA-N	Efficacy	94.0	94.0	%	23147076
457	P21554	AARCRFRELZYFFF-RXFWQSSRSA-N	IC50	136.0	136.0	nM	19632830
464	P21554	AARQDCQBCMFBPF-PMACEKPBSA-N	Ki	97.0	97.0	nM	,Bioorg. Med. Chem. Lett., (1996) 6:2:189
467	P21554	AARQDCQBCMFBPF-WOJBJXKFSA-N	Ki	2.2	2.2	nM	
467	P21554	AARQDCQBCMFBPF-WOJBJXKFSA-N	Ki	2.24	2.24	nM	Bioorg. Med. Chem. Lett., (1996) 6:2:189
506	P21554	AASWZKUHCPCLMU-CYVLTUHYSA-N	Ki	0.9	0.9	nM	18977140
557	P21554	AAUVSTPYMIQTNV-UHFFFAOYSA-N	Kd	25.12	25.12	nM	15771428
557	P21554	AAUVSTPYMIQTNV-UHFFFAOYSA-N	Ki	382.0	382.0	nM	15771428
587	P21554	AAWYILVBJLFYNG-UHFFFAOYSA-N	EC50	7.943	7.943	nM	20688519
587	P21554	AAWYILVBJLFYNG-UHFFFAOYSA-N	Kd	7.943	7.943	nM	20688519
587	P21554	AAWYILVBJLFYNG-UHFFFAOYSA-N	Ki	9.2	9.2	nM	20688519
605	P21554	AAXPOBDAMCGNNF-JKGBFCRXSA-N	IC50	8.3	8.3	nM	22959249
665	P21554	AAZPJOPTMNOCRC-UHFFFAOYSA-N	IC50	10.0	10.0	nM	17270441
722	P21554	ABBJGBXBPXOWOG-UHFFFAOYSA-N	EC50	1280.0	1280.0	nM	22130134
724	P21554	ABBQSZMLKDIOOJ-UHFFFAOYSA-N	IC50	0.11	0.11	nM	20015647
724	P21554	ABBQSZMLKDIOOJ-UHFFFAOYSA-N	IC50	0.26	0.26	nM	20015647
724	P21554	ABBQSZMLKDIOOJ-UHFFFAOYSA-N	IC50	2.9	2.9	nM	20015647
859	P21554	ABHGEUHKZCLZGJ-UHFFFAOYSA-N	Ki	0.0	3000.0	nM	20979417
1067	P21554	ABPNWDCSONFZFL-UHFFFAOYSA-N	EC50	0.0	10000.0	nM	23147076
1141	P21554	ABSMJNBBBBHGTP-UHFFFAOYSA-N	Ki	0.0	1000.0	nM	,20137936,None
1235	P21554	ABWAPQAPTFRUHD-FDDCHVKYSA-N	IC50	19.0	19.0	nM	17181138
1313	P21554	ABYRMVVDOJFFOY-FQEVSTJZSA-N	Kd	50.12	50.12	nM	20137935
1313	P21554	ABYRMVVDOJFFOY-FQEVSTJZSA-N	Ki	140.0	140.0	nM	20137935
1314	P21554	ABYRMVVDOJFFOY-HXUWFJFHSA-N	Kd	0.2512	0.2512	nM	20137935
1314	P21554	ABYRMVVDOJFFOY-HXUWFJFHSA-N	Ki	4.7	4.7	nM	20137935
1317	P21554	ABYRMVVDOJFFOY-UHFFFAOYSA-N	Kd	0.3981	0.3981	nM	20137935
1317	P21554	ABYRMVVDOJFFOY-UHFFFAOYSA-N	Ki	14.5	14.5	nM	20137935
1551	P21554	ACGQTBAFQLDLFS-UHFFFAOYSA-N	Activity	10.0	0.0	%	16392827
1673	P21554	ACLHVQFTZBYNIH-UHFFFAOYSA-N	Ki	1445.44	1445.44	nM	19921781
1673	P21554	ACLHVQFTZBYNIH-UHFFFAOYSA-N	Ki	1450.0	1450.0	nM	19921781
1681	P21554	ACLRMEGZKLFCJJ-UHFFFAOYSA-N	Ki	0.0	20000.0	nM	23072339
2005	P21554	ACXACDPGDPECRB-QAFNWWFMSA-N	Ki	181.3	181.3	nM	23085772
2025	P21554	ACYBOEVFMUHYEK-UHFFFAOYSA-N	Ki	27.54	27.54	nM	18311894
2025	P21554	ACYBOEVFMUHYEK-UHFFFAOYSA-N	Ki	28.0	28.0	nM	18311894,21183257
2041	P21554	ACZAPKHQBWGJHX-UHFFFAOYSA-N	Ki	1900.0	1900.0	nM	18579386
2094	P21554	ADAWJIUDJGXERN-UHFFFAOYSA-N	Ki	460.0	460.0	nM	22738271
2221	P21554	ADFHQICRWQKWMA-UHFFFAOYSA-N	IC50	79.43	79.43	nM	19338356
2348	P21554	ADIUSHICVCCMIJ-UHFFFAOYSA-N	EC50	0.0	20000.0	nM	21354795
2365	P21554	ADJIIHSTLRSGCS-UHFFFAOYSA-N	Ki	220.0	220.0	nM	18579386
2381	P21554	ADKNTTDNSVLWQD-CQSZACIVSA-N	Ki	1.3	1.3	nM	20971001
3006	P21554	ADRKPMOHIQQDOV-UHFFFAOYSA-N	EC50	0.0	3162.28	nM	19010671
3006	P21554	ADRKPMOHIQQDOV-UHFFFAOYSA-N	Efficacy	7.0	7.0	%	19010671
3009	P21554	ADRLYNCWOAOXPX-UHFFFAOYSA-N	EC50	0.0	17000.0	nM	24461289
3067	P21554	ADTDLLKEQWBPQJ-UHFFFAOYSA-N	IC50	59.0	59.0	nM	19328684
3074	P21554	ADTNRWZCOMTXFC-UHFFFAOYSA-N	Ki	0.0	10000.0	nM	22738271
3198	P21554	ADXCWXPBLZGWAT-UHFFFAOYSA-N	Ke	269.0	269.0	nM	22372835
3207	P21554	ADXMNDLGCLUVBL-QZTJIDSGSA-N	Ki	3.9	3.9	nM	17521177
3285	P21554	AEAVOWSGMJKSLJ-UHFFFAOYSA-N	Ki	7.2	7.2	nM	17383180
3285	P21554	AEAVOWSGMJKSLJ-UHFFFAOYSA-N	Ki	7.2	7.2	nM	17383180
3335	P21554	AECDUWIGGSTJHF-UHFFFAOYSA-N	Activity	93.7	93.7	%	16451053
3335	P21554	AECDUWIGGSTJHF-UHFFFAOYSA-N	EC50	2103.0	2103.0	nM	16451053
3335	P21554	AECDUWIGGSTJHF-UHFFFAOYSA-N	Emax	-51.9	-51.9	%	16451053
3335	P21554	AECDUWIGGSTJHF-UHFFFAOYSA-N	Ki	2163.0	2163.0	nM	16451053
3544	P21554	AEJSWYYMIDGUTI-JCTONOIOSA-N	IC50	0.0	17000.0	nM	21420857
3564	P21554	AEKOYIYPZKHXPB-AWEZNQCLSA-N	EC50	0.0	2000.0	nM	18640038
3564	P21554	AEKOYIYPZKHXPB-AWEZNQCLSA-N	EC50	1270.0	1270.0	nM	18640038
3564	P21554	AEKOYIYPZKHXPB-AWEZNQCLSA-N	Emax	3.0	3.0	%	18640038
3564	P21554	AEKOYIYPZKHXPB-AWEZNQCLSA-N	Emax	46.0	46.0	%	18640038
3565	P21554	AEKOYIYPZKHXPB-CQSZACIVSA-N	EC50	1690.0	1690.0	nM	18640038
3565	P21554	AEKOYIYPZKHXPB-CQSZACIVSA-N	Emax	24.0	24.0	%	18640038
3737	P21554	AEQCRHHKHAEZJW-UHFFFAOYSA-N	EC50	0.0	10000.0	nM	19062274
3737	P21554	AEQCRHHKHAEZJW-UHFFFAOYSA-N	Emax	0.0	0.0	%	19062274
3971	P21554	AEZJZQUQSSELMO-UHFFFAOYSA-N	IC50	0.4	0.4	nM	20096577
4002	P21554	AFAUSGRZFUVSQG-UHFFFAOYSA-N	Activity	88.0	88.0	%	18342403
4002	P21554	AFAUSGRZFUVSQG-UHFFFAOYSA-N	Ki	1100.0	1100.0	nM	18342403
4047	P21554	AFDCQBQZRAFVFB-UHFFFAOYSA-N	Inhibition	49.0	49.0	%	14980654
4063	P21554	AFDRRYWYTXYOJI-LGMDPLHJSA-N	Inhibition	29.0	29.0	%	MedChemComm, (2014) 5:5:632
4063	P21554	AFDRRYWYTXYOJI-LGMDPLHJSA-N	Intrinsic activity	-49.0	-49.0	%	MedChemComm, (2014) 5:5:632
4063	P21554	AFDRRYWYTXYOJI-LGMDPLHJSA-N	Ki	0.0	10000.0	nM	MedChemComm, (2014) 5:5:632
4147	P21554	AFGZZNBQSVRQPB-UHFFFAOYSA-N	Ki	0.0	40000.0	nM	23434135
4188	P21554	AFIUDWKMRIDODU-UHFFFAOYSA-N	Inhibition	16.0	16.0	%	21923175
4197	P21554	AFIXFFULGZXNJF-UHFFFAOYSA-N	Ki	43.0	43.0	nM	23350768
4263	P21554	AFLFDWFMPIVDTL-UHFFFAOYSA-N	Activity	38.0	38.0	%	23697626
4263	P21554	AFLFDWFMPIVDTL-UHFFFAOYSA-N	Ki	0.0	10000.0	nM	23697626
4422	P21554	AFRWXKHLYPWETA-UHFFFAOYSA-N	Activity	180.1	180.1	%	22571451
4422	P21554	AFRWXKHLYPWETA-UHFFFAOYSA-N	EC50	1510.0	1510.0	nM	26203658
4422	P21554	AFRWXKHLYPWETA-UHFFFAOYSA-N	EC50	2660.0	2660.0	nM	26203658
4422	P21554	AFRWXKHLYPWETA-UHFFFAOYSA-N	EC50	2970.0	2970.0	nM	26203658
4422	P21554	AFRWXKHLYPWETA-UHFFFAOYSA-N	EC50	8450.0	8450.0	nM	22571451
4422	P21554	AFRWXKHLYPWETA-UHFFFAOYSA-N	EC50	13370.0	13370.0	nM	26203658
4555	P21554	AFWBYMXUEMOBRP-UHFFFAOYSA-N	Ki	676.08	676.08	nM	19921781
4555	P21554	AFWBYMXUEMOBRP-UHFFFAOYSA-N	Ki	680.0	680.0	nM	19921781
4860	P21554	AGGRDHRJDWHWOX-SCLBCKFNSA-N	IC50	0.0	2000.0	nM	17293109
4860	P21554	AGGRDHRJDWHWOX-SCLBCKFNSA-N	IC50	2041.74	2041.74	nM	19406638
4862	P21554	AGGRDHRJDWHWOX-UHFFFAOYSA-N	IC50	2041.74	2041.74	nM	19406638
5041	P21554	AGNDHMNUEJDYLS-UHFFFAOYSA-N	IC50	4.5	4.5	nM	20005704
5071	P21554	AGOHXRYBJHVPSH-UHFFFAOYSA-N	EC50	0.0	100000.0	nM	23795771
5117	P21554	AGQKCJTVQUVRNG-UHFFFAOYSA-N	Activity	49.0	49.0	%	16279809
5224	P21554	AGUKQCZHXHAYCS-UHFFFAOYSA-N	IC50	6.166	6.166	nM	19406638
5224	P21554	AGUKQCZHXHAYCS-UHFFFAOYSA-N	IC50	6.17	6.17	nM	19406638
5258	P21554	AGVNWIQMYMIUTK-UHFFFAOYSA-N	Kd	0.7943	0.7943	nM	14736243
5258	P21554	AGVNWIQMYMIUTK-UHFFFAOYSA-N	Ki	36.5	36.5	nM	14736243
5285	P21554	AGWFBLXHVMWDGS-UHFFFAOYSA-N	Ki	13.0	13.0	nM	18335976
5330	P21554	AGYFBALDFWJXGI-RTBURBONSA-N	Ki	0.0	3000.0	nM	20079638
5340	P21554	AGYKJMUYQFTAJK-UHFFFAOYSA-N	Ki	0.0	10000.0	nM	22370265
5430	P21554	AHCIYSVQHQBDEF-UHFFFAOYSA-N	Activity	0.0	60.0	%	23017078
5430	P21554	AHCIYSVQHQBDEF-UHFFFAOYSA-N	Ki	0.0	1000.0	nM	23017078
5515	P21554	AHFZDNYNXFMRFQ-UHFFFAOYSA-N	Activity	30.0	0.0	%	25797163
5515	P21554	AHFZDNYNXFMRFQ-UHFFFAOYSA-N	Activity	243.8	243.8	%	22571451
5515	P21554	AHFZDNYNXFMRFQ-UHFFFAOYSA-N	EC50	9.05	9.05	nM	26529344
5515	P21554	AHFZDNYNXFMRFQ-UHFFFAOYSA-N	EC50	83.0	83.0	nM	26529344
5515	P21554	AHFZDNYNXFMRFQ-UHFFFAOYSA-N	EC50	140.0	140.0	nM	22571451
5515	P21554	AHFZDNYNXFMRFQ-UHFFFAOYSA-N	EC50	324.0	324.0	nM	26529344
5515	P21554	AHFZDNYNXFMRFQ-UHFFFAOYSA-N	EC50	640.0	640.0	nM	26203658
5515	P21554	AHFZDNYNXFMRFQ-UHFFFAOYSA-N	EC50	2090.0	2090.0	nM	26203658
5515	P21554	AHFZDNYNXFMRFQ-UHFFFAOYSA-N	EC50	2240.0	2240.0	nM	26203658
5515	P21554	AHFZDNYNXFMRFQ-UHFFFAOYSA-N	EC50	10590.0	10590.0	nM	26203658
5515	P21554	AHFZDNYNXFMRFQ-UHFFFAOYSA-N	Emax	78.1	78.1	%	26529344
5515	P21554	AHFZDNYNXFMRFQ-UHFFFAOYSA-N	Emax	105.0	105.0	%	26529344
5515	P21554	AHFZDNYNXFMRFQ-UHFFFAOYSA-N	Emax	109.3	109.3	%	26529344
5515	P21554	AHFZDNYNXFMRFQ-UHFFFAOYSA-N	IC50	853.0	853.0	nM	25797163
5515	P21554	AHFZDNYNXFMRFQ-UHFFFAOYSA-N	Kb	217.3	217.3	nM	24053617,24635495
5570	P21554	AHIGFBNAPKVCDM-UHFFFAOYSA-N	IC50	810.0	810.0	nM	20643546
5653	P21554	AHLBNYSZXLDEJQ-FWEHEUNISA-N	IC50	100.0	100.0	nM	16078824
5653	P21554	AHLBNYSZXLDEJQ-FWEHEUNISA-N	Ki	2500.0	2500.0	nM	18831576
5805	P21554	AHQOXZVRRWNEIC-UHFFFAOYSA-N	EC50	25.12	25.12	nM	20634067
5855	P21554	AHSRHMMHWWWQOE-UHFFFAOYSA-N	IC50	997.0	997.0	nM	22421019
5855	P21554	AHSRHMMHWWWQOE-UHFFFAOYSA-N	Ki	2880.0	2880.0	nM	22421019
6037	P21554	AIAGUSOMSQCWDK-UHFFFAOYSA-N	Inhibition	38.0	38.0	%	23350768
6037	P21554	AIAGUSOMSQCWDK-UHFFFAOYSA-N	Ki	0.0	10000.0	nM	23350768
6162	P21554	AIFHFYUGIKYJLC-UHFFFAOYSA-N	EC50	0.0	17000.0	nM	24461289
6373	P21554	AINAOCGEWHJMQA-UHFFFAOYSA-N	EC50	0.0	10000.0	nM	18680277
6479	P21554	AIRRFXOPAYAPCU-UHFFFAOYSA-N	Kd	1.259	1.259	nM	15771428
6479	P21554	AIRRFXOPAYAPCU-UHFFFAOYSA-N	Ki	33.0	33.0	nM	15771428
6776	P21554	AJCJVUCTNUGNEE-FQEVSTJZSA-N	Ke	70.0	70.0	nM	22372835
6776	P21554	AJCJVUCTNUGNEE-FQEVSTJZSA-N	Ki	271.0	271.0	nM	22372835
6777	P21554	AJCJVUCTNUGNEE-HXUWFJFHSA-N	Ke	27.0	27.0	nM	22372835
6777	P21554	AJCJVUCTNUGNEE-HXUWFJFHSA-N	Ki	134.0	134.0	nM	22372835
6852	P21554	AJFFBPZYXRNAIC-JNYMONNXSA-N	Activity	0.21	0.21	-	18511157
6853	P21554	AJFFBPZYXRNAIC-SQAGKMLGSA-N	Activity	0.37	0.37	-	18511157
6856	P21554	AJFFBPZYXRNAIC-UHFFFAOYSA-N	Activity	73.0	73.0	%	19278853
6856	P21554	AJFFBPZYXRNAIC-UHFFFAOYSA-N	Intrinsic activity	-80.0	-80.0	%	MedChemComm, (2014) 5:5:632
6856	P21554	AJFFBPZYXRNAIC-UHFFFAOYSA-N	Ki	13.2	13.2	nM	Med Chem Res, (2013) 22:9:4133
6856	P21554	AJFFBPZYXRNAIC-UHFFFAOYSA-N	Ki	13.24	13.24	nM	Med Chem Res, (2013) 22:9:4133
6856	P21554	AJFFBPZYXRNAIC-UHFFFAOYSA-N	Ki	422.0	422.0	nM	18511157
6996	P21554	AJKVRKMIQJHUGX-UHFFFAOYSA-N	Ki	270.0	270.0	nM	19091565
7126	P21554	AJQHJXOFVJLPKL-UHFFFAOYSA-N	IC50	23.0	23.0	nM	22421019
7126	P21554	AJQHJXOFVJLPKL-UHFFFAOYSA-N	Ki	235.0	235.0	nM	22421019
7165	P21554	AJRONSKIPUPVLN-IBGZPJMESA-N	EC50	0.0	10000.0	nM	21115245
7206	P21554	AJSPXZGDXSOKJL-UHFFFAOYSA-N	Ki	560.0	560.0	nM	18579386
7212	P21554	AJSTYDSDEMNGQP-UHFFFAOYSA-N	Ki	0.0	1000.0	nM	18430570
7223	P21554	AJTQICSGWRUZJB-UHFFFAOYSA-N	Ki	66.0	66.0	nM	14980654
7256	P21554	AJVCQINLRUJBDY-UHFFFAOYSA-N	Ki	0.0	10000.0	nM	23085772
7442	P21554	AKCXCZPEESTMSV-UHFFFAOYSA-N	IC50	326.0	326.0	nM	17433696
7442	P21554	AKCXCZPEESTMSV-UHFFFAOYSA-N	Ki	509.0	509.0	nM	17513109
7562	P21554	AKHXNMQKPWCTAS-RSAXXLAASA-N	EC50	0.0	100000.0	nM	23795771
7563	P21554	AKHXNMQKPWCTAS-XFULWGLBSA-N	EC50	0.0	100000.0	nM	23795771
7730	P21554	AKOBEJUBLNQHMO-UHFFFAOYSA-N	Ki	1900.0	1900.0	nM	20718492
7738	P21554	AKOJRLZCOBTYPX-UHFFFAOYSA-N	Ki	164.0	164.0	nM	14980654
7968	P21554	AKWQLJJWHBVVBC-UHFFFAOYSA-N	Ki	64.6	64.6	nM	22483967
7973	P21554	AKWSLSBUPCXQOW-UHFFFAOYSA-N	IC50	5000.0	5000.0	nM	18293908
7973	P21554	AKWSLSBUPCXQOW-UHFFFAOYSA-N	Ki	2800.0	2800.0	nM	18293908
7976	P21554	AKWUNZFZIXEOPV-UHFFFAOYSA-N	EC50	79.43	79.43	nM	22421020
7976	P21554	AKWUNZFZIXEOPV-UHFFFAOYSA-N	Ki	19.95	19.95	nM	22421020
8148	P21554	ALCVZCRKYSWLMJ-UHFFFAOYSA-N	Inhibition	21.0	21.0	%	21923175
8255	P21554	ALGPHUCTXNRLQM-UHFFFAOYSA-N	Inhibition	69.0	69.0	%	14980654
8346	P21554	ALKLMHCIYFJFNF-UHFFFAOYSA-N	EC50	79.43	79.43	nM	21316962
8434	P21554	ALNOTCQOWIWEQA-UHFFFAOYSA-N	Ki	6.0	6.0	nM	17107792
8507	P21554	ALQIYEHKHMRAOK-UHFFFAOYSA-N	IC50	67.0	67.0	nM	15664830
8507	P21554	ALQIYEHKHMRAOK-UHFFFAOYSA-N	IC50	2800.0	2800.0	nM	15664830
8507	P21554	ALQIYEHKHMRAOK-UHFFFAOYSA-N	IC50	2818.38	2818.38	nM	19406638
8534	P21554	ALRMJMSWQTWMRV-UHFFFAOYSA-N	Activity	127.8	127.8	%	24125850
8561	P21554	ALTGZVPJBKOZHG-UHFFFAOYSA-N	Activity	60.0	60.0	%	16279809
8561	P21554	ALTGZVPJBKOZHG-UHFFFAOYSA-N	Ki	750.0	750.0	nM	16279809
8564	P21554	ALTHSRSODSFAFQ-UHFFFAOYSA-N	Ki	39.0	39.0	nM	22437111
8584	P21554	ALUOQYLEURYYTB-UHFFFAOYSA-N	Ki	437.0	437.0	nM	21428406
8720	P21554	AMBJYHYRCYLOQR-UHFFFAOYSA-N	Ki	0.0	10000.0	nM	22044209
8777	P21554	AMDPNECWKZZEBQ-UHFFFAOYSA-N	Activity	15.0	0.0	%	16392827
8853	P21554	AMGJQOOMWKAPNL-UHFFFAOYSA-N	Activity	20.0	20.0	%	23697626
8853	P21554	AMGJQOOMWKAPNL-UHFFFAOYSA-N	Ki	0.0	10000.0	nM	23697626
8892	P21554	AMHQJYVBDKPZSA-UHFFFAOYSA-N	EC50	77.0	77.0	nM	22284817
8892	P21554	AMHQJYVBDKPZSA-UHFFFAOYSA-N	Emax	133.0	133.0	%	22284817
8892	P21554	AMHQJYVBDKPZSA-UHFFFAOYSA-N	Ki	32.0	32.0	nM	22284817
8936	P21554	AMJBQOFRORCHMP-UHFFFAOYSA-N	Activity	72.7	72.7	%	16392827
9011	P21554	AMKZZDIDSQZZBA-UHFFFAOYSA-N	Ki	1285.0	1285.0	nM	18311894
9011	P21554	AMKZZDIDSQZZBA-UHFFFAOYSA-N	Ki	1288.25	1288.25	nM	18311894
9072	P21554	AMNKMCZYVZYAJJ-UHFFFAOYSA-N	Activity	23.6	23.6	%	17915849
9094	P21554	AMOGWGAQMCOLMW-UHFFFAOYSA-N	Ki	930.0	930.0	nM	24729834
9100	P21554	AMOQRGVXFGDBST-UHFFFAOYSA-N	IC50	163.0	163.0	nM	18243711
9355	P21554	AMYLHZCZJGVTFT-IGNCQIMGSA-N	Ki	8.55	8.55	nM	17827022
9423	P21554	ANBYXDYPKJILHK-UHFFFAOYSA-N	IC50	11.0	11.0	nM	17270441
9577	P21554	ANHUHZSBZDOOAQ-PCXNKIBISA-N	Ki	1700.0	1700.0	nM	19646869
9681	P21554	ANMKTCMIIFBOGG-DOFZRALJSA-N	Ki	470.0	470.0	nM	16570929
9732	P21554	ANOMNNUJQGKDNX-UHFFFAOYSA-N	Ki	1819.7	1819.7	nM	19921781
9732	P21554	ANOMNNUJQGKDNX-UHFFFAOYSA-N	Ki	1830.0	1830.0	nM	19921781
9765	P21554	ANPQMNNWBKNDGO-INIZCTEOSA-N	Ki	204.0	204.0	nM	17466519
9769	P21554	ANPULBVRORHAGO-VABKMULXSA-N	Ki	0.0	10000.0	nM	18831576
9778	P21554	ANQDZRSJEJYATQ-UHFFFAOYSA-N	EC50	0.0	100000.0	nM	22765893,25466177
9783	P21554	ANQINLYEJKOAGV-UHFFFAOYSA-N	Ki	150.0	150.0	nM	17884494
9785	P21554	ANQSRDBEIISAMR-UHFFFAOYSA-N	IC50	43.0	43.0	nM	15664830
9794	P21554	ANRGGDLWBIOPIV-UHFFFAOYSA-N	Ki	86.6	86.6	nM	23085772
9870	P21554	ANTKBACNWQHQJE-UHFFFAOYSA-N	Ki	1000.0	0.0	nM	20684563
9870	P21554	ANTKBACNWQHQJE-UHFFFAOYSA-N	Ki	1000.0	1000.0	nM	20684563
9894	P21554	ANTOAOJYHLZPCF-UHFFFAOYSA-N	Ki	10.3	10.3	nM	18511157
9894	P21554	ANTOAOJYHLZPCF-UHFFFAOYSA-N	Ki	10.3	10.3	nM	18511157
10020	P21554	ANYRPLTZNUMLQT-FGZHOGPDSA-N	Ki	56.9	56.9	nM	17521177
10020	P21554	ANYRPLTZNUMLQT-FGZHOGPDSA-N	Ki	57.54	57.54	nM	17521177,17980589
10124	P21554	AOCSQGAXWSYTPJ-UHFFFAOYSA-N	EC50	0.0	20000.0	nM	21354795
10304	P21554	AOKBDJJFRJTNHT-UHFFFAOYSA-N	Ki	96.0	96.0	nM	17507224
10316	P21554	AOKUIPSHLAAXQK-AREMUKBSSA-N	IC50	1.3	1.3	nM	20423086
10394	P21554	AONQVKRIOAZBTM-UHFFFAOYSA-N	Ki	4.6	4.6	nM	24936232
10452	P21554	AOOSLVQJGFKVEB-BBMPLOMVSA-N	Inhibition	53.0	53.0	%	22959249
10471	P21554	AOPKGUPAQXHRKK-UHFFFAOYSA-N	Activity	-8.0	-8.0	%	19278853
10471	P21554	AOPKGUPAQXHRKK-UHFFFAOYSA-N	Activity	45.0	45.0	%	23679955
10471	P21554	AOPKGUPAQXHRKK-UHFFFAOYSA-N	Ki	10000.0	10000.0	nM	23679955
10545	P21554	AORWKJYDURSPEO-UHFFFAOYSA-N	Ki	7222.0	7222.0	nM	17884494
10590	P21554	AOUFQVBTKHDZLB-UHFFFAOYSA-N	Activity	59.1	59.1	%	17915849
10590	P21554	AOUFQVBTKHDZLB-UHFFFAOYSA-N	Activity	60.4	60.4	%	17915849
10806	P21554	APALFDQMNQSSEI-UHFFFAOYSA-N	Ki	20.0	20.0	nM	17383180
10838	P21554	APBYKXACVQBIKS-UHFFFAOYSA-N	Inhibition	73.0	73.0	%	19520572
10838	P21554	APBYKXACVQBIKS-UHFFFAOYSA-N	Ki	520.0	520.0	nM	19520572
10936	P21554	APFSSRHVRZNBHU-UHFFFAOYSA-N	Ki	140.0	140.0	nM	19595596
11169	P21554	APOBSGRZASPDHP-UHFFFAOYSA-N	EC50	21.0	21.0	nM	15664830
11169	P21554	APOBSGRZASPDHP-UHFFFAOYSA-N	IC50	1.4	1.4	nM	15664830
11265	P21554	APRBPPZVNUNKCS-VEJZVKIUSA-N	Inhibition	26.0	26.0	%	MedChemComm, (2014) 5:5:632
11265	P21554	APRBPPZVNUNKCS-VEJZVKIUSA-N	Ki	0.0	10000.0	nM	MedChemComm, (2014) 5:5:632
11503	P21554	APZRMZNKLVPYEJ-UHFFFAOYSA-N	Kd	4.9	4.9	nM	10633038
11658	P21554	AQFXWTYTJAHYTB-UHFFFAOYSA-N	Ki	0.0	10000.0	nM	22738271
11777	P21554	AQINYBONKVJPOR-UHFFFAOYSA-N	Ki	0.0	10000.0	nM	11020293
11876	P21554	AQLBSQIWQHCSHE-GOTSBHOMSA-N	Ki	22.0	22.0	nM	17383180
11877	P21554	AQLBSQIWQHCSHE-PKTZIBPZSA-N	Kb	2.2	2.2	nM	17383180
11877	P21554	AQLBSQIWQHCSHE-PKTZIBPZSA-N	Ki	6.3	6.3	nM	17383180
11880	P21554	AQLBSQIWQHCSHE-UHFFFAOYSA-N	Ki	6.3	6.3	nM	17383180
11880	P21554	AQLBSQIWQHCSHE-UHFFFAOYSA-N	Ki	18.0	18.0	nM	17383180
11880	P21554	AQLBSQIWQHCSHE-UHFFFAOYSA-N	Ki	22.0	22.0	nM	17383180
11881	P21554	AQLBSQIWQHCSHE-XZOQPEGZSA-N	Kb	9.2	9.2	nM	17383180
11881	P21554	AQLBSQIWQHCSHE-XZOQPEGZSA-N	Ki	18.0	18.0	nM	17383180
11908	P21554	AQMKNQJYMDENMS-UHFFFAOYSA-N	Inhibition	27.1	27.1	%	12672243
11986	P21554	AQPCQPVLFFQSHP-UHFFFAOYSA-N	Ki	0.0	10000.0	nM	19921781
11999	P21554	AQPNOTUHFDEZEY-UHFFFAOYSA-N	IC50	424.0	424.0	nM	18243711
12035	P21554	AQQTZODZRROJFT-KRWDZBQOSA-N	Ki	1099.0	1099.0	nM	17466519
12113	P21554	AQUQEVUSKMXXQD-UHFFFAOYSA-N	Kd	7.943	7.943	nM	16140010
12113	P21554	AQUQEVUSKMXXQD-UHFFFAOYSA-N	Ki	832.0	832.0	nM	16140010
12213	P21554	AQYPSRMAPSCFEJ-CLJLJLNGSA-N	Ki	29.0	29.0	nM	9784115
12349	P21554	ARDOVZGGFDHOFM-UHFFFAOYSA-N	IC50	18.0	18.0	nM	19954978
12352	P21554	ARDRKGQVGKQXBA-UHFFFAOYSA-N	Activity	20.0	0.0	%	16279809
12443	P21554	ARGUCAOPWRLIDM-UHFFFAOYSA-N	Activity	0.0	60.0	%	23017078
12443	P21554	ARGUCAOPWRLIDM-UHFFFAOYSA-N	Ki	0.0	1000.0	nM	25699149,23017078
12475	P21554	ARHNEGMIXHNISU-UHFFFAOYSA-N	Activity	10.0	0.0	%	17915849
12513	P21554	ARJDJIBUVUCWLQ-UHFFFAOYSA-N	Ke	4.0	4.0	nM	24041123
12513	P21554	ARJDJIBUVUCWLQ-UHFFFAOYSA-N	Ki	2.55	2.55	nM	24041123
12800	P21554	ARVFXAYGEHUEPX-UHFFFAOYSA-N	Inhibition	17.0	17.0	%	23350768
12800	P21554	ARVFXAYGEHUEPX-UHFFFAOYSA-N	Ki	0.0	10000.0	nM	23350768
12896	P21554	ARYJPFLXYGJGJL-UHFFFAOYSA-N	Ki	1995.26	1995.26	nM	19921781
12896	P21554	ARYJPFLXYGJGJL-UHFFFAOYSA-N	Ki	2000.0	2000.0	nM	19921781
13116	P21554	ASGIXSFRPRVPNC-UHFFFAOYSA-N	EC50	0.0	2000.0	nM	19062274
13116	P21554	ASGIXSFRPRVPNC-UHFFFAOYSA-N	EC50	700000.0	700000.0	nM	19062274
13116	P21554	ASGIXSFRPRVPNC-UHFFFAOYSA-N	Emax	22.0	22.0	%	19062274
13116	P21554	ASGIXSFRPRVPNC-UHFFFAOYSA-N	Emax	39.0	39.0	%	19062274
13197	P21554	ASISOGRWKOFTRC-HSZRJFAPSA-N	IC50	0.2	0.2	nM	20423086
13249	P21554	ASKWEGSYUJLCPQ-WOJBJXKFSA-N	Ki	18.5	18.5	nM	24175572
13374	P21554	ASORYXQOVKWBMX-UHFFFAOYSA-N	Ki	501.0	501.0	nM	22341572
13530	P21554	ASUHORJFCYAPSO-UHFFFAOYSA-N	Ki	4027.0	4027.0	nM	16451053
13693	P21554	ASXJFMSIFDRVPG-UHFFFAOYSA-N	Ke	2768.0	2768.0	nM	24041123
13706	P21554	ASXWXYDLQSHXSE-LBPRGKRZSA-N	Ki	4.1	4.1	nM	17466519
13822	P21554	ATCRNPKBEOVHNR-UHFFFAOYSA-N	IC50	64.0	64.0	nM	20719511
13831	P21554	ATDCKTKMKBPZFF-UHFFFAOYSA-N	Ki	9690.0	9690.0	nM	23434135
13921	P21554	ATFPKCCWKBNASV-UHFFFAOYSA-N	EC50	768.0	768.0	nM	22284817
13921	P21554	ATFPKCCWKBNASV-UHFFFAOYSA-N	Emax	71.0	71.0	%	22284817
13921	P21554	ATFPKCCWKBNASV-UHFFFAOYSA-N	Ki	143.0	143.0	nM	22284817
14032	P21554	ATKAHMGTXSZKDV-UHFFFAOYSA-N	Ki	20.0	20.0	nM	19595596
14071	P21554	ATLRMJMTXFCOHV-UHFFFAOYSA-N	Ki	109.0	109.0	nM	23072339
14209	P21554	ATQBEVHJBCBHCT-UHFFFAOYSA-N	Ki	2.7	2.7	nM	17507224
14209	P21554	ATQBEVHJBCBHCT-UHFFFAOYSA-N	Ki	230.0	230.0	nM	17507224
14302	P21554	ATSXTPFBFRFWLC-UHFFFAOYSA-N	Ki	3021.0	3021.0	nM	17884494
14324	P21554	ATTMVRXVYVAUKY-UHFFFAOYSA-N	EC50	11.0	11.0	nM	18335976
14324	P21554	ATTMVRXVYVAUKY-UHFFFAOYSA-N	Ki	25.0	25.0	nM	18335976
14331	P21554	ATTXJDZGDVZJEP-UHFFFAOYSA-N	EC50	0.0	100000.0	nM	22765893
14397	P21554	ATXDAVMXQDOABZ-UHFFFAOYSA-N	EC50	251.0	251.0	nM	23147076
14397	P21554	ATXDAVMXQDOABZ-UHFFFAOYSA-N	Efficacy	77.0	77.0	%	23147076
14566	P21554	AUEMKSKNGASOAA-UHFFFAOYSA-N	Ki	389.0	389.0	nM	22738271
15301	P21554	AVHMZIMFLFDTIN-UHFFFAOYSA-N	Ki	200.0	200.0	nM	24378710
15509	P21554	AVPCNOHVEKLSOS-UHFFFAOYSA-N	Ki	0.0	10000.0	nM	19921781
15525	P21554	AVPNMDVFDNULIQ-UHFFFAOYSA-N	EC50	0.0	31622.8	nM	19864133
15760	P21554	AVYJRRDWOGCWSP-UHFFFAOYSA-N	Decrease	-74.0	-74.0	%	15801840
15760	P21554	AVYJRRDWOGCWSP-UHFFFAOYSA-N	Displacement	77.4	77.4	%	15801840
15760	P21554	AVYJRRDWOGCWSP-UHFFFAOYSA-N	Ki	724.0	724.0	nM	15801840
15772	P21554	AVYPGVSZDDYIPB-UHFFFAOYSA-N	IC50	8.1	8.1	nM	20047779
15772	P21554	AVYPGVSZDDYIPB-UHFFFAOYSA-N	Ki	2.5	2.5	nM	20047779
15817	P21554	AVZZJQBTDOHRFF-UHFFFAOYSA-N	Ki	1862.09	1862.09	nM	18311894
15817	P21554	AVZZJQBTDOHRFF-UHFFFAOYSA-N	Ki	1875.0	1875.0	nM	18311894
16110	P21554	AWKAXTNPAOUFMN-ZKWNWVNESA-N	Ki	600.0	600.0	nM	16213718
16145	P21554	AWLTZAQBCIRMSH-UHFFFAOYSA-N	IC50	10000.0	0.0	nM	17027269
16250	P21554	AWPMNXJSXFCGSV-UHFFFAOYSA-N	Ki	226.0	226.0	nM	22284817
16373	P21554	AWULXULJLOZHTE-UHFFFAOYSA-N	IC50	300.0	300.0	nM	22959249
16415	P21554	AWWGUVKCDIOPIQ-UHFFFAOYSA-N	IC50	0.54	0.54	nM	18448340
16415	P21554	AWWGUVKCDIOPIQ-UHFFFAOYSA-N	Ki	0.24	0.24	nM	18448340
16468	P21554	AWYWQMUBSMTLTR-UHFFFAOYSA-N	EC50	6300.0	6300.0	nM	19743867
16468	P21554	AWYWQMUBSMTLTR-UHFFFAOYSA-N	Efficacy	43.0	43.0	%	19743867
16746	P21554	AXJQVVLKUYCICH-NRFANRHFSA-N	Kd	0.0	39.81	nM	14736243
16746	P21554	AXJQVVLKUYCICH-NRFANRHFSA-N	Ki	894.0	894.0	nM	14736243
16751	P21554	AXJQVVLKUYCICH-OAQYLSRUSA-N	Activity	4.09	4.09	pmol	18207393
16751	P21554	AXJQVVLKUYCICH-OAQYLSRUSA-N	IC50	17.0	17.0	nM	17181138
16751	P21554	AXJQVVLKUYCICH-OAQYLSRUSA-N	IC50	19.95	19.95	nM	19338356
16751	P21554	AXJQVVLKUYCICH-OAQYLSRUSA-N	Kd	0.1259	0.1259	nM	16140010,20137935,14736243
16751	P21554	AXJQVVLKUYCICH-OAQYLSRUSA-N	Ki	0.42	0.42	nM	21962575
16751	P21554	AXJQVVLKUYCICH-OAQYLSRUSA-N	Ki	3.162	3.162	nM	19338356
16751	P21554	AXJQVVLKUYCICH-OAQYLSRUSA-N	Ki	4.1	4.1	nM	18083560
16751	P21554	AXJQVVLKUYCICH-OAQYLSRUSA-N	Ki	7.8	7.8	nM	14736243
16751	P21554	AXJQVVLKUYCICH-OAQYLSRUSA-N	Ki	7.8	7.8	nM	16140010,20137935,18363352,19520572,14736243
16751	P21554	AXJQVVLKUYCICH-OAQYLSRUSA-N	Ki	8.0	8.0	nM	18335976
16753	P21554	AXJQVVLKUYCICH-UHFFFAOYSA-N	IC50	1.905	1.905	nM	19406638
16753	P21554	AXJQVVLKUYCICH-UHFFFAOYSA-N	IC50	1.91	1.91	nM	19406638
16753	P21554	AXJQVVLKUYCICH-UHFFFAOYSA-N	IC50	22.0	22.0	nM	22959249
16753	P21554	AXJQVVLKUYCICH-UHFFFAOYSA-N	IC50	139.0	139.0	nM	22959249
16753	P21554	AXJQVVLKUYCICH-UHFFFAOYSA-N	Kd	1.995	1.995	nM	20047331,20137935,19699640,14736243
16753	P21554	AXJQVVLKUYCICH-UHFFFAOYSA-N	Ki	3.0	3.0	nM	19338356
16753	P21554	AXJQVVLKUYCICH-UHFFFAOYSA-N	Ki	4.1	4.1	nM	18083560
16753	P21554	AXJQVVLKUYCICH-UHFFFAOYSA-N	Ki	4.1	4.1	nM	18083560
16753	P21554	AXJQVVLKUYCICH-UHFFFAOYSA-N	Ki	7.8	7.8	nM	19520572
16753	P21554	AXJQVVLKUYCICH-UHFFFAOYSA-N	Ki	8.0	8.0	nM	18335976
16753	P21554	AXJQVVLKUYCICH-UHFFFAOYSA-N	Ki	25.0	25.0	nM	20047331,19699640,14736243
16753	P21554	AXJQVVLKUYCICH-UHFFFAOYSA-N	Ki	25.2	25.2	nM	20137935,14736243
17137	P21554	AXVLPJHYYFHCHK-UHFFFAOYSA-N	Inhibition	0.0	35.0	%	24074843
17279	P21554	AYARJPVOTXCYHD-UHFFFAOYSA-N	Emax	58.2	58.2	fmol/mg	24053617
17279	P21554	AYARJPVOTXCYHD-UHFFFAOYSA-N	Kb	508.4	508.4	nM	24053617
17292	P21554	AYBHAKOBTPNMON-UHFFFAOYSA-N	EC50	0.0	32000.0	nM	,PubChem BioAssay data set
17292	P21554	AYBHAKOBTPNMON-UHFFFAOYSA-N	IC50	3560.0	3560.0	nM	,PubChem BioAssay data set
17571	P21554	AYLSJCSPOZOCFK-UHFFFAOYSA-N	Ki	434.0	434.0	nM	11020293
17690	P21554	AYQHXZNAAKQLKW-UHFFFAOYSA-N	EC50	1000.0	1000.0	nM	22421020
17729	P21554	AYRYBKNCRMZKNE-UHFFFAOYSA-N	IC50	62.0	62.0	nM	18293908
17729	P21554	AYRYBKNCRMZKNE-UHFFFAOYSA-N	Ki	35.0	35.0	nM	18293908
17754	P21554	AYSRJCOIKJXGSM-UHFFFAOYSA-N	Ki	0.0	10000.0	nM	22370265
17802	P21554	AYULBOXVHKIVEG-UHFFFAOYSA-N	Activity	81.0	81.0	%	19520572
17802	P21554	AYULBOXVHKIVEG-UHFFFAOYSA-N	EC50	600.0	600.0	nM	19520572
17802	P21554	AYULBOXVHKIVEG-UHFFFAOYSA-N	Inhibition	90.0	90.0	%	19520572
17802	P21554	AYULBOXVHKIVEG-UHFFFAOYSA-N	Ki	227.0	227.0	nM	19520572
17896	P21554	AYYDIDDDTKUDTB-UHFFFAOYSA-N	EC50	5.0	5.0	nM	19320488
17896	P21554	AYYDIDDDTKUDTB-UHFFFAOYSA-N	IC50	780.0	780.0	nM	19320488
17909	P21554	AYYXHEXYNSQCSS-UHFFFAOYSA-N	IC50	5.7	5.7	nM	17270441
18151	P21554	AZHDEXBXSFXXFL-UHFFFAOYSA-N	Activity	38.7	38.7	%	17915849
18198	P21554	AZIWIICQCIRNGS-UHFFFAOYSA-N	Ki	0.0	5000.0	nM	22437111
18283	P21554	AZLFGSQKXKYODE-UHFFFAOYSA-N	EC50	0.0	1000.0	nM	18680277
18283	P21554	AZLFGSQKXKYODE-UHFFFAOYSA-N	EC50	0.0	10000.0	nM	18680277
18393	P21554	AZPPDHHCSSDRFN-UHFFFAOYSA-N	EC50	113.0	113.0	nM	23147076
18393	P21554	AZPPDHHCSSDRFN-UHFFFAOYSA-N	Efficacy	86.0	86.0	%	23147076
18426	P21554	AZRKCWATXTVCAN-UHFFFAOYSA-N	Ke	1.2	1.2	uM	21875798
18437	P21554	AZRTYGZMNIRFGH-UHFFFAOYSA-N	IC50	1.7	1.7	nM	20015647
18437	P21554	AZRTYGZMNIRFGH-UHFFFAOYSA-N	IC50	7.0	7.0	nM	20015647
18437	P21554	AZRTYGZMNIRFGH-UHFFFAOYSA-N	IC50	7.9	7.9	nM	20015647
18491	P21554	AZTOJNFOJHNDQE-UHFFFAOYSA-N	Ki	0.0	10000.0	nM	16213718
18928	P21554	BAJPSORGQQMJRM-UHFFFAOYSA-N	IC50	3750.0	3750.0	nM	24445310
18928	P21554	BAJPSORGQQMJRM-UHFFFAOYSA-N	Inhibition	89.0	89.0	%	24445310
19135	P21554	BASPSAYDSSJKCX-UHFFFAOYSA-N	Ki	0.0	1000.0	nM	17507224
19153	P21554	BASZVWQQTWCPJX-UHFFFAOYSA-N	Kd	45.0	45.0	nM	10633038
19159	P21554	BATNKFYGUCQFMX-UHFFFAOYSA-N	Activity	28.1	28.1	%	17915849
19199	P21554	BAUQELIGAWYSBS-UHFFFAOYSA-N	EC50	0.0	32000.0	nM	PubChem BioAssay data set
19199	P21554	BAUQELIGAWYSBS-UHFFFAOYSA-N	IC50	0.0	32000.0	nM	,PubChem BioAssay data set
19270	P21554	BAXHFHNXVCEHCG-UHFFFAOYSA-N	EC50	237.0	237.0	nM	20845959
19270	P21554	BAXHFHNXVCEHCG-UHFFFAOYSA-N	Emax	-25.5	-25.5	%	20845959
19270	P21554	BAXHFHNXVCEHCG-UHFFFAOYSA-N	Kd	83.18	83.18	nM	20845959
19270	P21554	BAXHFHNXVCEHCG-UHFFFAOYSA-N	Ke	2702.0	2702.0	nM	20845959
19270	P21554	BAXHFHNXVCEHCG-UHFFFAOYSA-N	Ki	94.0	94.0	nM	20845959
19270	P21554	BAXHFHNXVCEHCG-UHFFFAOYSA-N	Ki	229.0	229.0	nM	20845959
19273	P21554	BAXIFQMQEGUGGQ-UHFFFAOYSA-N	Ki	2381.0	2381.0	nM	17513109
19277	P21554	BAXLEFIQPNPUNQ-UHFFFAOYSA-N	Ki	4.3	4.3	nM	24900484
19277	P21554	BAXLEFIQPNPUNQ-UHFFFAOYSA-N	Ki	4.5	4.5	nM	24900484
19351	P21554	BBAXUAQXLWCMCF-UHFFFAOYSA-N	Inhibition	34.0	34.0	%	22916707
19351	P21554	BBAXUAQXLWCMCF-UHFFFAOYSA-N	Ki	0.0	10000.0	nM	22916707
19380	P21554	BBCHHCOEPRSMOS-UHFFFAOYSA-N	EC50	0.0	10000.0	nM	23147076
19441	P21554	BBEXYVAMUCGJGZ-UHFFFAOYSA-N	Activity	13.0	13.0	%	19500981
19459	P21554	BBFSXGGHVLOEMF-UHFFFAOYSA-N	Ki	1468.0	1468.0	nM	23350768
19463	P21554	BBFYMAXRHYOFPI-UHFFFAOYSA-N	Ki	3360.0	3360.0	nM	19921781
19463	P21554	BBFYMAXRHYOFPI-UHFFFAOYSA-N	Ki	3388.44	3388.44	nM	19921781
19519	P21554	BBINOZROCFCGOR-GFOWMXPYSA-N	Ki	630.96	630.96	nM	17521177,17980589
19519	P21554	BBINOZROCFCGOR-GFOWMXPYSA-N	Ki	638.1	638.1	nM	17521177
19558	P21554	BBKJITNGLSIUKY-UHFFFAOYSA-N	Kb	3673.0	3673.0	nM	24635495
19567	P21554	BBKPNYHSDCZFPA-UHFFFAOYSA-N	Kd	63.1	63.1	nM	15771428
19567	P21554	BBKPNYHSDCZFPA-UHFFFAOYSA-N	Ki	0.0	1000.0	nM	15771428
19714	P21554	BBPBHNONKSWGRH-UHFFFAOYSA-N	IC50	16.0	16.0	nM	19954978
19825	P21554	BBTJHAUUGXYTQE-UHFFFAOYSA-N	Ki	2100.0	2100.0	nM	17561406
19851	P21554	BBUFFGPKCMWCSB-UHFFFAOYSA-N	Inhibition	8.0	8.0	%	22916707
19851	P21554	BBUFFGPKCMWCSB-UHFFFAOYSA-N	Ki	0.0	10000.0	nM	22916707
19856	P21554	BBUPTNCPDJNCQD-UHFFFAOYSA-N	Ki	1.0	1.0	nM	16263283
19890	P21554	BBWGUNCGUMXOLE-UHFFFAOYSA-N	Ki	0.0	10000.0	nM	21872477
20080	P21554	BCDPRNYYJGZULD-UHFFFAOYSA-N	Ki	530.0	530.0	nM	22548457
20101	P21554	BCESLUSANYXCOI-UHFFFAOYSA-N	IC50	0.3	0.3	nM	20483606
20163	P21554	BCGTVVSGKJYVTL-UHFFFAOYSA-N	Ki	0.0	10000.0	nM	20718492
20526	P21554	BCTWRAPWASCHFM-UHFFFAOYSA-N	Ke	4.7	4.7	nM	22372835
20526	P21554	BCTWRAPWASCHFM-UHFFFAOYSA-N	Ki	2.9	2.9	nM	22372835
20594	P21554	BCWJOAVBILROCY-UHFFFAOYSA-N	EC50	0.0	1000.0	nM	21115245
20594	P21554	BCWJOAVBILROCY-UHFFFAOYSA-N	Emax	67.0	67.0	%	21115245
20594	P21554	BCWJOAVBILROCY-UHFFFAOYSA-N	Ki	1000.0	1000.0	nM	21115245
20845	P21554	BDEOVMZDXDAANU-UHFFFAOYSA-N	Ki	90.7	90.7	nM	20943290
20847	P21554	BDEPEXOFFGBLLA-SGTLLEGYSA-N	Ki	133.0	133.0	nM	20018510
20849	P21554	BDEPEXOFFGBLLA-UHFFFAOYSA-N	Ki	133.0	133.0	nM	20018510
20902	P21554	BDGMEPAZTWBSPP-UHFFFAOYSA-N	Activity	10.0	0.0	%	16451053
20902	P21554	BDGMEPAZTWBSPP-UHFFFAOYSA-N	Activity	20.0	0.0	%	16392827
21001	P21554	BDJXVKAZYYSBAO-UHFFFAOYSA-N	Activity	0.0	60.0	%	23017078
21005	P21554	BDKFRSTWXMRHIP-UHFFFAOYSA-N	Ki	560.0	560.0	nM	18579386
21009	P21554	BDKJSUBPXCXIJD-UHFFFAOYSA-N	Emax	8.0	8.0	%	18640038
21026	P21554	BDKPJSNASAZMCK-RZUBCFFCSA-N	IC50	0.0	17000.0	nM	21420857
21086	P21554	BDNAVNHHUCPGAB-UHFFFAOYSA-N	Ki	0.0	10000.0	nM	21702498,21183257
21171	P21554	BDQOJOMHIBHKHV-UHFFFAOYSA-N	Activity	29.3	29.3	%	16392827
21171	P21554	BDQOJOMHIBHKHV-UHFFFAOYSA-N	Displacement	29.3	29.3	%	15801840
21309	P21554	BDWNJRSRLYRENU-SVMVAKDDSA-N	EC50	6.31	6.31	nM	20634067
21584	P21554	BEJABIGGCSYDJF-LUAWRHEFSA-N	Inhibition	18.0	18.0	%	MedChemComm, (2014) 5:5:632
21584	P21554	BEJABIGGCSYDJF-LUAWRHEFSA-N	Ki	0.0	10000.0	nM	MedChemComm, (2014) 5:5:632
21640	P21554	BEKIHJWTKDNKTE-OKFSJJLXSA-N	EC50	230.0	230.0	nM	23621789
21640	P21554	BEKIHJWTKDNKTE-OKFSJJLXSA-N	Ratio	0.67	0.67	-	23621789
21672	P21554	BELGMDQKIRKVME-UHFFFAOYSA-N	Activity	32.8	32.8	%	16392793
21752	P21554	BENPRQDIYAGAMQ-FCHUYYIVSA-N	IC50	0.7	0.7	nM	19320488
21757	P21554	BENZMXRSXKXRMZ-UHFFFAOYSA-N	Ki	1508.0	1508.0	nM	22548457
21964	P21554	BEVZFANGLKCLRI-UHFFFAOYSA-N	Activity	35.0	35.0	%	23697626
21964	P21554	BEVZFANGLKCLRI-UHFFFAOYSA-N	Ki	0.0	10000.0	nM	23697626
22217	P21554	BFDQXULOCJSWAT-UHFFFAOYSA-N	Activity	10.0	10.0	%	19500981
22434	P21554	BFMJMAMGDAILJQ-UHFFFAOYSA-N	Kd	1.0	1.0	nM	19699640
22434	P21554	BFMJMAMGDAILJQ-UHFFFAOYSA-N	Ki	47.0	47.0	nM	19699640
22610	P21554	BFSSRBPHLVFPRE-UHFFFAOYSA-N	Ke	2.83	2.83	uM	21875798
22910	P21554	BGEQLQHMNLYKKS-UHFFFAOYSA-N	Ki	0.0	10000.0	nM	11020293
22942	P21554	BGFKVHMAXAORKM-UHFFFAOYSA-N	Ki	47.86	47.86	nM	19921781
22942	P21554	BGFKVHMAXAORKM-UHFFFAOYSA-N	Ki	48.0	48.0	nM	19921781
23030	P21554	BGIHMHHOJDEMTN-UHFFFAOYSA-N	Activity	39.0	39.0	%	18342403
23044	P21554	BGIRTFQKCXMFOC-UHFFFAOYSA-N	Ki	243.0	243.0	nM	24518874
23054	P21554	BGIZUEHCDIDGNP-UHFFFAOYSA-N	EC50	2.0	2.0	nM	18335976
23054	P21554	BGIZUEHCDIDGNP-UHFFFAOYSA-N	Ki	4.0	4.0	nM	18335976
23112	P21554	BGLWQDIXRWKLSN-UHFFFAOYSA-N	EC50	19.95	19.95	nM	21316962
23451	P21554	BGVIIZRRMUKRPG-UHFFFAOYSA-N	Ki	13.0	13.0	nM	18511157
23504	P21554	BGXMTPNPBVICTD-UHFFFAOYSA-N	IC50	2.57	2.57	nM	21334892
23526	P21554	BGYCQUQQDAZQFJ-XSWBTSGESA-N	IC50	2.0	2.0	nM	22959249
23649	P21554	BHDCYDBSKKIYSQ-FVJLSDCUSA-N	EC50	63.1	63.1	nM	20634067
23680	P21554	BHEHZUIHMUOESF-UHFFFAOYSA-N	Ki	0.0	1000.0	nM	20979417
23686	P21554	BHENDAXILJTYPX-UHFFFAOYSA-N	Ki	2970.0	2970.0	nM	22437111
23803	P21554	BHJRHOCTESKVMJ-UHFFFAOYSA-N	Ki	210.0	210.0	nM	16279794
23812	P21554	BHKIDPZYPBIDBY-UHFFFAOYSA-N	EC50	0.0	3162.28	nM	19010671
23812	P21554	BHKIDPZYPBIDBY-UHFFFAOYSA-N	Efficacy	7.0	7.0	%	19010671
24020	P21554	BHSKDPVGAWQFCB-UHFFFAOYSA-N	Ki	973.0	973.0	nM	17884494
24090	P21554	BHUFAMDEGOUAKE-UHFFFAOYSA-N	IC50	0.0	10000.0	nM	20047779
24090	P21554	BHUFAMDEGOUAKE-UHFFFAOYSA-N	Ki	56.0	56.0	nM	20047779
24165	P21554	BHWNOODDNLFTAL-UHFFFAOYSA-N	Ki	1086.0	1086.0	nM	19520572
24299	P21554	BIBAWIYLLKCXHN-UHFFFAOYSA-N	EC50	0.0	1000.0	nM	18680277
24299	P21554	BIBAWIYLLKCXHN-UHFFFAOYSA-N	EC50	0.0	10000.0	nM	18680277
24299	P21554	BIBAWIYLLKCXHN-UHFFFAOYSA-N	Emax	23.0	23.0	%	18680277
24328	P21554	BIBYSKLIEXCINZ-UHFFFAOYSA-N	EC50	14.1	14.1	nM	18712856
24328	P21554	BIBYSKLIEXCINZ-UHFFFAOYSA-N	IC50	1.2	1.2	nM	18712856
24328	P21554	BIBYSKLIEXCINZ-UHFFFAOYSA-N	IC50	7.0	7.0	nM	18712856
24333	P21554	BICGDHPZYSFRLM-SBUREZEXSA-N	Ki	690.0	690.0	nM	20018510
24376	P21554	BIEMFEVSMALXHH-UHFFFAOYSA-N	IC50	1.2	1.2	nM	20015647
24376	P21554	BIEMFEVSMALXHH-UHFFFAOYSA-N	IC50	3.7	3.7	nM	20015647
24435	P21554	BIHAWDXODSOWQG-UHFFFAOYSA-N	EC50	0.0	1000.0	nM	21115245
24472	P21554	BIICSDGTLAHWES-UHFFFAOYSA-N	IC50	0.0	10000000.0	nM	23227781
24483	P21554	BIIPATWUVYDKKA-DEOSSOPVSA-N	Ki	0.0	1000.0	nM	20979417
24485	P21554	BIIPATWUVYDKKA-XMMPIXPASA-N	Ki	131.0	131.0	nM	20979417
24524	P21554	BILKPDKWPYENSO-UHFFFAOYSA-N	EC50	16.5	16.5	nM	18712856
24524	P21554	BILKPDKWPYENSO-UHFFFAOYSA-N	IC50	1.2	1.2	nM	18712856
24524	P21554	BILKPDKWPYENSO-UHFFFAOYSA-N	IC50	8.9	8.9	nM	18712856
24640	P21554	BIPNGPVEIGPQGY-UHFFFAOYSA-N	EC50	5.012	5.012	nM	21411321
24672	P21554	BIRMGFPCHVWZNT-UHFFFAOYSA-N	Ki	0.0	1000.0	nM	20979417
24866	P21554	BIYITNDKXCVEFF-UHFFFAOYSA-N	Ki	123.1	123.1	nM	20943290
24877	P21554	BIYYFMFQCADOGW-UHFFFAOYSA-N	Ki	15.0	15.0	nM	18680277
24881	P21554	BIZJFTJNAACPRG-UHFFFAOYSA-N	IC50	470.0	470.0	nM	15713403
24885	P21554	BIZKOGDKLWMQPY-UHFFFAOYSA-N	EC50	5.9	5.9	nM	23227781
24885	P21554	BIZKOGDKLWMQPY-UHFFFAOYSA-N	Emax	110.0	110.0	%	23227781
24885	P21554	BIZKOGDKLWMQPY-UHFFFAOYSA-N	IC50	7000.0	7000.0	nM	23227781
24989	P21554	BJDVUMFTELWYHY-UHFFFAOYSA-N	Activity	133.9	133.9	%	22571451
24989	P21554	BJDVUMFTELWYHY-UHFFFAOYSA-N	EC50	0.0	10000.0	nM	22571451
25042	P21554	BJFUCXISNSPGTJ-QMHWCDLVSA-N	Emax	53.0	53.0	%	21420857
25042	P21554	BJFUCXISNSPGTJ-QMHWCDLVSA-N	IC50	0.0	17000.0	nM	21420857
25137	P21554	BJIIKHXAZBTGLF-NHCUHLMSSA-N	Ki	0.0	20000.0	nM	,23865723,Bioorg. Med. Chem. Lett., (1996) 6:2:189
25137	P21554	BJIIKHXAZBTGLF-NHCUHLMSSA-N	Ki	4888.0	4888.0	nM	21183257
25309	P21554	BJNXBPDMKWOHSJ-RUZDIDTESA-N	Ki	238.0	238.0	nM	17513109
25412	P21554	BJSDNVVWJYDOLK-UHFFFAOYSA-N	Ki	0.0	20000.0	nM	,Bioorg. Med. Chem. Lett., (1996) 6:19:2263
25429	P21554	BJSXFVSPIGTDDT-UHFFFAOYSA-N	Activity	20.0	0.0	%	16392827
25586	P21554	BJZOYBVYPLZMMU-UHFFFAOYSA-N	EC50	0.0	20000.0	nM	21354795
25594	P21554	BJZUFWMYCASYFE-UHFFFAOYSA-N	IC50	1.1	1.1	nM	19328684
25605	P21554	BKACBKGNKYLDDO-UHFFFAOYSA-N	Ki	1119.4	1119.4	nM	Med Chem Res, (2013) 22:9:4133
25605	P21554	BKACBKGNKYLDDO-UHFFFAOYSA-N	Ki	1119.44	1119.44	nM	Med Chem Res, (2013) 22:9:4133
25634	P21554	BKBOLZATQOJKKM-CQJMVLFOSA-N	Ki	5700.0	5700.0	nM	18831576
25734	P21554	BKFRFHCIZQYHLV-UHFFFAOYSA-N	Ki	4265.8	4265.8	nM	19921781
25734	P21554	BKFRFHCIZQYHLV-UHFFFAOYSA-N	Ki	4300.0	4300.0	nM	19921781
25864	P21554	BKKMOWQXXQOKTO-OMKBGSMGSA-N	Ki	13.0	13.0	nM	9784115
25933	P21554	BKMZISGAQBQGPE-UHFFFAOYSA-N	Ki	1621.81	1621.81	nM	19921781
25933	P21554	BKMZISGAQBQGPE-UHFFFAOYSA-N	Ki	1630.0	1630.0	nM	19921781
25939	P21554	BKNFVLJTRIWUGZ-UHFFFAOYSA-N	EC50	925.0	925.0	nM	23147076
25939	P21554	BKNFVLJTRIWUGZ-UHFFFAOYSA-N	Efficacy	85.0	85.0	%	23147076
25939	P21554	BKNFVLJTRIWUGZ-UHFFFAOYSA-N	Ki	19400.0	19400.0	nM	23147076
26144	P21554	BKTJKWJUVAXLAS-UHFFFAOYSA-N	Ki	200.0	200.0	nM	22738271
26236	P21554	BKWNDDODGPGVCY-LEWJYISDSA-N	IC50	7.0	7.0	nM	19320488
26283	P21554	BKYSPAJPVPEZOE-UHFFFAOYSA-N	Inhibition	50.0	0.0	%	19954972
26314	P21554	BKZHSJNLPPAJKB-UHFFFAOYSA-N	Ke	0.0	10000.0	nM	24944734
26359	P21554	BLAXJIFUGFVCLM-UHFFFAOYSA-N	IC50	1.1	1.1	nM	20015647
26377	P21554	BLBRTPMJKGVECZ-UHFFFAOYSA-N	Ke	5706.0	5706.0	nM	23098108
26420	P21554	BLDAGALCKFMKQM-IAGOWNOFSA-N	Ki	27.9	27.9	nM	17521177
26420	P21554	BLDAGALCKFMKQM-IAGOWNOFSA-N	Ki	28.18	28.18	nM	17521177,17980589
26478	P21554	BLFBKKUNKISDEH-UHFFFAOYSA-N	Ki	5.5	5.5	nM	17107792
26494	P21554	BLFLFLCFTOYEOH-UHFFFAOYSA-N	Activity	67.8	67.8	%	16392827
26494	P21554	BLFLFLCFTOYEOH-UHFFFAOYSA-N	Displacement	67.8	67.8	%	15801840
26511	P21554	BLFSFPLFARTKFQ-UHFFFAOYSA-N	Ki	4.0	4.0	nM	16263283
26511	P21554	BLFSFPLFARTKFQ-UHFFFAOYSA-N	Ki	8.0	8.0	nM	16263283
26754	P21554	BLKZIEZDOVKLMT-CQSZACIVSA-N	Ki	0.12	0.12	nM	20971001
26757	P21554	BLLAQRAZEZJQEN-JTDSTZFVSA-N	Emax	50.0	50.0	%	21420857
26757	P21554	BLLAQRAZEZJQEN-JTDSTZFVSA-N	IC50	3445.0	3445.0	nM	21420857
26792	P21554	BLMFCUBJOMEWGH-UHFFFAOYSA-N	Ki	2331.0	2331.0	nM	17884494,19143566
27002	P21554	BLUOGHRTHJKGCJ-UHFFFAOYSA-N	IC50	200.0	200.0	nM	15713403
27154	P21554	BLZFLSJJUBJAPJ-UHFFFAOYSA-N	Ki	279.0	279.0	nM	17884494,19143566
27162	P21554	BLZJLLXBXHHRTG-SFHVURJKSA-N	Ki	72089.0	72089.0	nM	15664857
27188	P21554	BLZNLOLTHDUEOL-UHFFFAOYSA-N	Inhibition	3.0	3.0	%	22840695
27247	P21554	BMANHOMACRVNKK-UHFFFAOYSA-N	Emax	36.04	36.04	fmol/mg	24053617
27247	P21554	BMANHOMACRVNKK-UHFFFAOYSA-N	Emax	53.4	53.4	fmol/mg	24053617
27247	P21554	BMANHOMACRVNKK-UHFFFAOYSA-N	Kb	167.3	167.3	nM	24053617
27338	P21554	BMCZNVISXUOWRC-KSFYIVLOSA-N	IC50	17.9	17.9	nM	19632830
27452	P21554	BMGOLLQBXXGRJC-QFIPXVFZSA-N	IC50	22.0	22.0	nM	20643546
27461	P21554	BMGYPKGUPADDSX-UHFFFAOYSA-N	Ki	0.0	10000.0	nM	18311894
27461	P21554	BMGYPKGUPADDSX-UHFFFAOYSA-N	Ki	10000.0	0.0	nM	18311894
27615	P21554	BMMHBSOMJGUCFZ-UHFFFAOYSA-N	EC50	0.0	32000.0	nM	PubChem BioAssay data set
27615	P21554	BMMHBSOMJGUCFZ-UHFFFAOYSA-N	IC50	0.0	32000.0	nM	,PubChem BioAssay data set
27647	P21554	BMNUQAZPOQDTNO-UHFFFAOYSA-N	Ki	155.0	155.0	nM	23350768
27654	P21554	BMOHNKISKOAMDM-UHFFFAOYSA-N	IC50	18.0	18.0	nM	15664830
27660	P21554	BMOMSYBQPQPWMC-UHFFFAOYSA-N	Kb	89.1	89.1	nM	24635495
27722	P21554	BMSAEUSKGLUXTC-SNPVRQPZSA-N	Ki	84.7	84.7	nM	21675776
27754	P21554	BMSYHOXBUFTKQX-UHFFFAOYSA-N	IC50	22.0	22.0	nM	17107792
27886	P21554	BMZOQYYROAVSAP-UHFFFAOYSA-N	Inhibition	14.0	14.0	%	14521402
27948	P21554	BNBSCAZCQDLUDU-DOFZRALJSA-N	Ki	9600.0	9600.0	nM	9057852
27961	P21554	BNCFWLUICYMZFR-LJQANCHMSA-N	EC50	43.7	43.7	nM	22607668
27961	P21554	BNCFWLUICYMZFR-LJQANCHMSA-N	Emax	116.0	116.0	%	22607668
27966	P21554	BNCLSGYMSOUADZ-KTKRTIGZSA-N	Ki	6400.0	6400.0	nM	16213718
28132	P21554	BNHUMMLUSHLSRT-UHFFFAOYSA-N	Ki	1000.0	1000.0	nM	21183257
28204	P21554	BNKRAYDPUDOBAS-UHFFFAOYSA-N	EC50	0.0	32000.0	nM	,PubChem BioAssay data set
28204	P21554	BNKRAYDPUDOBAS-UHFFFAOYSA-N	IC50	4090.0	4090.0	nM	,PubChem BioAssay data set
28275	P21554	BNNTYBVRZLELKE-RTBURBONSA-N	Ki	95.49	95.49	nM	17521177
28275	P21554	BNNTYBVRZLELKE-RTBURBONSA-N	Ki	95.5	95.5	nM	17521177,17980589
28318	P21554	BNPTZRKICZEZPR-SQWHNCPASA-N	IC50	0.0	17000.0	nM	21420857
28410	P21554	BNSNZABUVFFRKP-UHFFFAOYSA-N	IC50	5000.0	5000.0	nM	18293908
28410	P21554	BNSNZABUVFFRKP-UHFFFAOYSA-N	Ki	2820.0	2820.0	nM	18293908
28561	P21554	BNYQCLBSRNFGPY-ZDUSSCGKSA-N	Ki	3953.0	3953.0	nM	17466519
28649	P21554	BOCOOGACYDJDID-CQSZACIVSA-N	Ki	0.49	0.49	nM	20971001
28729	P21554	BOFBXHXQNKHAHR-UHFFFAOYSA-N	Ki	1800.0	1800.0	nM	19919895
28736	P21554	BOFHHPZKLSDUAX-XMMPIXPASA-N	IC50	1.4	1.4	nM	20423086
28917	P21554	BOLUZDIMCUECSL-AREMUKBSSA-N	IC50	0.6	0.6	nM	20423086
28927	P21554	BOMFDVKNDSZEQA-UHFFFAOYSA-N	Ki	0.0	40000.0	nM	24378710
29031	P21554	BOQLWDKHJXEOTP-UHFFFAOYSA-N	Activity	16.0	16.0	%	23697626
29031	P21554	BOQLWDKHJXEOTP-UHFFFAOYSA-N	Ki	0.0	10000.0	nM	23697626
29061	P21554	BORFMHCKPJGIAB-UHFFFAOYSA-N	Activity	23.4	23.4	%	16392827
29061	P21554	BORFMHCKPJGIAB-UHFFFAOYSA-N	Displacement	23.4	23.4	%	15801840
29114	P21554	BOSWFILKYDOCBO-UHFFFAOYSA-N	EC50	79.43	79.43	nM	21411321
29152	P21554	BOURBCAYHOFUDB-UHFFFAOYSA-N	Activity	10.0	0.0	%	16392793
29193	P21554	BOWIAGINVFDHHU-UHFFFAOYSA-N	Activity	132.4	132.4	%	22571451
29193	P21554	BOWIAGINVFDHHU-UHFFFAOYSA-N	EC50	0.0	10000.0	nM	22571451
29217	P21554	BOWVQLFMWHZBEF-KTKRTIGZSA-N	Ki	1100.0	1100.0	nM	19361197,16570929
29225	P21554	BOWVQLFMWHZBEF-UHFFFAOYSA-N	Ki	1100.0	1100.0	nM	19361197
29254	P21554	BOXSVNJFSMCVER-UHFFFAOYSA-N	IC50	1300.0	1300.0	nM	15664830
29258	P21554	BOXWHQWDUBNHQB-UHFFFAOYSA-N	Displacement	20.0	0.0	%	11960486,10465552
29454	P21554	BPDUKOOBZHBPTD-UHFFFAOYSA-N	Ki	2.9	2.9	nM	17507224
29729	P21554	BPOLLSANJOHJRS-UHFFFAOYSA-N	Inhibition	34.0	34.0	%	MedChemComm, (2014) 5:5:632
29729	P21554	BPOLLSANJOHJRS-UHFFFAOYSA-N	Intrinsic activity	-48.0	-48.0	%	MedChemComm, (2014) 5:5:632
29729	P21554	BPOLLSANJOHJRS-UHFFFAOYSA-N	Ki	0.0	10000.0	nM	MedChemComm, (2014) 5:5:632
29835	P21554	BPRPWFMPSMOCSC-UHFFFAOYSA-N	IC50	3.4	3.4	nM	19954978
29880	P21554	BPTBYQRAWIBZFL-UHFFFAOYSA-N	Activity	34.2	34.2	%	16392827
29880	P21554	BPTBYQRAWIBZFL-UHFFFAOYSA-N	Displacement	34.2	34.2	%	15801840
29886	P21554	BPTDWRQYMMIHHK-UOKFIYJESA-N	Kb	0.472	0.472	nM	18800770
30068	P21554	BPZTVPWTNLWRSN-KHPPLWFESA-N	Ki	0.0	10000.0	nM	16213718
30403	P21554	BQKOUFSWNAVYGG-UHFFFAOYSA-N	EC50	0.0	17000.0	nM	24461289
30430	P21554	BQLMLESQRPERCE-UHFFFAOYSA-N	Ki	70.0	70.0	nM	24518874
30455	P21554	BQMLVIPNBYBAFL-UHFFFAOYSA-N	Ki	560.0	560.0	nM	18579386
30695	P21554	BQVOMBBRESRGRI-UHFFFAOYSA-N	EC50	8320.0	8320.0	nM	22130134
30779	P21554	BQYPKXDCTROOHB-AWEZNQCLSA-N	Ki	1.3	1.3	nM	17466519
30779	P21554	BQYPKXDCTROOHB-AWEZNQCLSA-N	Ki	3538.0	3538.0	nM	20031412
30826	P21554	BRARCMIUSRQKHO-UHFFFAOYSA-N	Activity	16.0	16.0	%	23697626
30826	P21554	BRARCMIUSRQKHO-UHFFFAOYSA-N	Ki	0.0	10000.0	nM	23697626
31050	P21554	BRJKUDRVPYJFBW-UHFFFAOYSA-N	Ki	1900.0	1900.0	nM	19921781
31050	P21554	BRJKUDRVPYJFBW-UHFFFAOYSA-N	Ki	1905.46	1905.46	nM	19921781
31055	P21554	BRJRXEOBLQQTQY-UHFFFAOYSA-N	Activity	77.0	77.0	%	24125850
31061	P21554	BRJYGKRICFKEAO-UHFFFAOYSA-N	IC50	24.0	24.0	nM	16263284
31069	P21554	BRKGGFYGJOKMTE-UHFFFAOYSA-N	Kd	19.95	19.95	nM	15771428
31069	P21554	BRKGGFYGJOKMTE-UHFFFAOYSA-N	Ki	403.0	403.0	nM	15771428
31266	P21554	BRQVTPIRIXMLAJ-UHFFFAOYSA-N	IC50	44.0	44.0	nM	17270441
31321	P21554	BRSUJFVKAISEFW-UHFFFAOYSA-N	IC50	2.1	2.1	nM	20483606
31321	P21554	BRSUJFVKAISEFW-UHFFFAOYSA-N	IC50	34.0	34.0	nM	20483606
31390	P21554	BRVINROMIDSTSF-UHFFFAOYSA-N	Ki	0.0	50.0	nM	19143566
31444	P21554	BRXJBOGZEFKWPQ-UHFFFAOYSA-N	Ki	388.0	388.0	nM	18311894
31444	P21554	BRXJBOGZEFKWPQ-UHFFFAOYSA-N	Ki	389.05	389.05	nM	18311894
31467	P21554	BRYFIBRPXKDGCG-UHFFFAOYSA-N	EC50	0.0	20000.0	nM	21354795
31527	P21554	BSCFQWLVUOTQPC-UHFFFAOYSA-N	Activity	21.0	21.0	%	23697626
31527	P21554	BSCFQWLVUOTQPC-UHFFFAOYSA-N	Ki	0.0	10000.0	nM	23697626
31544	P21554	BSCVBLAAUQIHKD-UHFFFAOYSA-N	Ki	0.0	1000.0	nM	17507224
31561	P21554	BSDMJYSSFPMYNV-UHFFFAOYSA-N	Ki	38.0	38.0	nM	16263283
31958	P21554	BSSHIYKJWDEBRP-UHFFFAOYSA-N	EC50	0.0	20000.0	nM	21354795
32078	P21554	BSXSYORWCBQRQM-UHFFFAOYSA-N	Activity	101.1	101.1	%	16451053
32078	P21554	BSXSYORWCBQRQM-UHFFFAOYSA-N	EC50	309.0	309.0	nM	16451053
32078	P21554	BSXSYORWCBQRQM-UHFFFAOYSA-N	Emax	-74.4	-74.4	%	16451053
32078	P21554	BSXSYORWCBQRQM-UHFFFAOYSA-N	Ki	353.0	353.0	nM	16451053
32102	P21554	BSYJXMRHTYHKRJ-GMAHTHKFSA-N	Ki	41.0	41.0	nM	17383180
32103	P21554	BSYJXMRHTYHKRJ-JTHBVZDNSA-N	Ki	17.0	17.0	nM	17383180
32104	P21554	BSYJXMRHTYHKRJ-UHFFFAOYSA-N	Ki	17.0	17.0	nM	17383180
32104	P21554	BSYJXMRHTYHKRJ-UHFFFAOYSA-N	Ki	41.0	41.0	nM	17383180
32162	P21554	BSZUTDBDEMBHNY-UHFFFAOYSA-N	Activity	64.0	64.0	%	18342403
32238	P21554	BTDIHKGECPRTAF-UHFFFAOYSA-N	EC50	500.0	500.0	nM	15713403
32238	P21554	BTDIHKGECPRTAF-UHFFFAOYSA-N	IC50	450.0	450.0	nM	15713403
32353	P21554	BTHUUYVJKCBODB-CUFOWWEISA-N	EC50	39.81	39.81	nM	20688519
32353	P21554	BTHUUYVJKCBODB-CUFOWWEISA-N	Ki	16.1	16.1	nM	20688519
32378	P21554	BTJDLIRSSVCJHZ-UHFFFAOYSA-N	Ki	2.7	2.7	nM	17507224
32378	P21554	BTJDLIRSSVCJHZ-UHFFFAOYSA-N	Ki	12.5	12.5	nM	Bioorg. Med. Chem. Lett., (1996) 6:2:189
32378	P21554	BTJDLIRSSVCJHZ-UHFFFAOYSA-N	Ki	13.0	13.0	nM	
32515	P21554	BTOMRLLEGFBHIK-UHFFFAOYSA-N	IC50	10.0	10.0	nM	19338356
32569	P21554	BTQAIJPHDOPKAX-UHFFFAOYSA-N	Inhibition	0.0	0.0	%	22916707
32569	P21554	BTQAIJPHDOPKAX-UHFFFAOYSA-N	Ki	4890.0	4890.0	nM	22916707
32616	P21554	BTRLEVJMKJXOEY-UHFFFAOYSA-N	Ki	1623.0	1623.0	nM	24518874
32658	P21554	BTSFJHJCROCBRV-UHFFFAOYSA-N	EC50	0.0	100000.0	nM	23795771
32738	P21554	BTWDWNAWMKULEG-UHFFFAOYSA-N	Activity	0.0	60.0	%	23017078
32738	P21554	BTWDWNAWMKULEG-UHFFFAOYSA-N	Ki	0.0	1000.0	nM	23017078
32808	P21554	BTYHENBPEHZKQH-UHFFFAOYSA-N	Ki	0.0	10000.0	nM	21702498
33301	P21554	BURLHLSCGJUDJE-UHFFFAOYSA-N	Inhibition	18.0	18.0	%	21923175
33464	P21554	BUZAJRPLUGXRAB-UHFFFAOYSA-N	EC50	57.54	57.54	nM	24984935
33464	P21554	BUZAJRPLUGXRAB-UHFFFAOYSA-N	EC50	58.0	58.0	nM	24984935
33464	P21554	BUZAJRPLUGXRAB-UHFFFAOYSA-N	EC50	67.61	67.61	nM	25096297
33464	P21554	BUZAJRPLUGXRAB-UHFFFAOYSA-N	EC50	68.0	68.0	nM	25096297
33464	P21554	BUZAJRPLUGXRAB-UHFFFAOYSA-N	EC50	70.0	70.0	nM	25096297
33464	P21554	BUZAJRPLUGXRAB-UHFFFAOYSA-N	Emax	-84.0	-84.0	%	24984935
33464	P21554	BUZAJRPLUGXRAB-UHFFFAOYSA-N	Emax	-8.0	-8.0	%	24984935
33464	P21554	BUZAJRPLUGXRAB-UHFFFAOYSA-N	Emax	100.0	100.0	%	25096297
33464	P21554	BUZAJRPLUGXRAB-UHFFFAOYSA-N	IC50	0.32	0.32	nM	18333607
33464	P21554	BUZAJRPLUGXRAB-UHFFFAOYSA-N	IC50	3.5	3.5	nM	18333607
33464	P21554	BUZAJRPLUGXRAB-UHFFFAOYSA-N	Ki	2.3	2.3	nM	18293908,19595596,18579386
33464	P21554	BUZAJRPLUGXRAB-UHFFFAOYSA-N	Ki	2.3	2.3	nM	18293908,20943290,19595596,18579386
33464	P21554	BUZAJRPLUGXRAB-UHFFFAOYSA-N	Ki	3.0	3.0	nM	17513109
33464	P21554	BUZAJRPLUGXRAB-UHFFFAOYSA-N	Ki	7.482	7.482	nM	Med Chem Res, (2013) 22:9:4133
33464	P21554	BUZAJRPLUGXRAB-UHFFFAOYSA-N	Ki	7.49	7.49	nM	20218623
33464	P21554	BUZAJRPLUGXRAB-UHFFFAOYSA-N	Ki	7.5	7.5	nM	Med Chem Res, (2013) 22:9:4133
33526	P21554	BUZUBEPVBWMZKB-GPNIZQGCSA-N	IC50	0.0	100.0	nM	22959249
33590	P21554	BVCIPCDOIQHDME-UHFFFAOYSA-N	Ki	548.0	548.0	nM	22421019
33667	P21554	BVEWYWJSOUCIJL-CQSZACIVSA-N	Ki	21.0	21.0	nM	20971001
33693	P21554	BVGCJYLWSMDDMH-SZNDQCEHSA-N	Ki	33.0	33.0	nM	20018510
33744	P21554	BVHUBSXFEBLDQD-UHFFFAOYSA-N	Ki	395.0	395.0	nM	18311894
33744	P21554	BVHUBSXFEBLDQD-UHFFFAOYSA-N	Ki	398.11	398.11	nM	18311894
33754	P21554	BVIFLPOBJJYFHU-UHFFFAOYSA-N	Ki	0.0	10000.0	nM	17604171
33764	P21554	BVIHFTLHUNNBFZ-UHFFFAOYSA-N	EC50	0.0	1000.0	nM	18680277
33764	P21554	BVIHFTLHUNNBFZ-UHFFFAOYSA-N	EC50	0.0	2000.0	nM	19062274
33764	P21554	BVIHFTLHUNNBFZ-UHFFFAOYSA-N	EC50	0.0	10000.0	nM	18680277
33764	P21554	BVIHFTLHUNNBFZ-UHFFFAOYSA-N	Emax	2.0	2.0	%	19062274
33935	P21554	BVOSIGPSIPSBHF-PJTPHUNSSA-N	IC50	27.0	27.0	nM	22959249
34025	P21554	BVSBLNRNBLBOSE-UHFFFAOYSA-N	Ki	0.0	10000.0	nM	22548457
34118	P21554	BVVUJHUFFPAHCS-UHFFFAOYSA-N	Ki	381.0	381.0	nM	19143566
34281	P21554	BWAUZVRXILHVNY-UHFFFAOYSA-N	Inhibition	22.0	22.0	%	23350768
34281	P21554	BWAUZVRXILHVNY-UHFFFAOYSA-N	Ki	0.0	10000.0	nM	23350768
34385	P21554	BWFHQUWTZYXJKW-UHFFFAOYSA-N	Activity	0.0	60.0	%	23017078
34385	P21554	BWFHQUWTZYXJKW-UHFFFAOYSA-N	Ki	0.0	1000.0	nM	23017078
34427	P21554	BWGPOUWREKOMMQ-UHFFFAOYSA-N	EC50	0.0	30000.0	nM	19743867
34479	P21554	BWJBMJWNVIDIJU-UHFFFAOYSA-N	Ki	70.0	70.0	nM	19595596
34510	P21554	BWKBVEVEQOCSCF-UHFFFAOYSA-N	Ki	400.0	400.0	nM	19143566
34540	P21554	BWLJNWKRNQHRNF-UHFFFAOYSA-N	Ki	31.3	31.3	nM	21702498
34639	P21554	BWPZHONCTDSMAJ-UHFFFAOYSA-N	Activity	37.4	37.4	%	16392793
34651	P21554	BWQTUBOCPNZCDY-UHFFFAOYSA-N	EC50	0.0	10000.0	nM	21115245
34675	P21554	BWRQQTYERKIARX-UHFFFAOYSA-N	IC50	441.0	441.0	nM	18243711
34729	P21554	BWTWHSMZCKTAOD-UHFFFAOYSA-N	EC50	1430.0	1430.0	nM	22765893
34729	P21554	BWTWHSMZCKTAOD-UHFFFAOYSA-N	Efficacy	95.4	95.4	%	22765893
34980	P21554	BXDBXZJXBLYBJV-UHFFFAOYSA-N	IC50	8440.0	8440.0	nM	24445310
34980	P21554	BXDBXZJXBLYBJV-UHFFFAOYSA-N	Inhibition	74.6	74.6	%	24445310
35044	P21554	BXGFSSIWENBFKG-QFIPXVFZSA-N	Ki	34.3	34.3	nM	24175572
35083	P21554	BXHXLZHBDIEPER-UHFFFAOYSA-N	IC50	4.2	4.2	nM	18448340
35083	P21554	BXHXLZHBDIEPER-UHFFFAOYSA-N	Ki	0.83	0.83	nM	18448340
35205	P21554	BXMADDLHAXPJCL-UHFFFAOYSA-N	Activity	28.7	28.7	%	17915849
35209	P21554	BXMCCNCBNXREJN-UHFFFAOYSA-N	Ki	2030.0	2030.0	nM	19921781
35209	P21554	BXMCCNCBNXREJN-UHFFFAOYSA-N	Ki	2041.74	2041.74	nM	19921781
35317	P21554	BXPVERGEZGSHOD-UHFFFAOYSA-N	IC50	67.0	67.0	nM	17107792
35375	P21554	BXRSYUFMJUGANE-UHFFFAOYSA-N	IC50	1578.0	1578.0	nM	17433696
35650	P21554	BYBLEWFAAKGYCD-UHFFFAOYSA-N	IC50	21050.0	21050.0	nM	DrugMatrix in vitro pharmacology data
35650	P21554	BYBLEWFAAKGYCD-UHFFFAOYSA-N	Ki	16614.0	16614.0	nM	DrugMatrix in vitro pharmacology data
35691	P21554	BYCRVQPVYCMIPQ-UHFFFAOYSA-N	EC50	0.0	17000.0	nM	24461289
35716	P21554	BYEHLGQTZYKVFJ-UHFFFAOYSA-N	Ki	1300.0	1300.0	nM	24378710
35816	P21554	BYIJMJCEMYCATI-UHFFFAOYSA-N	EC50	403.0	403.0	nM	18640038
35816	P21554	BYIJMJCEMYCATI-UHFFFAOYSA-N	EC50	559.0	559.0	nM	18640038
35816	P21554	BYIJMJCEMYCATI-UHFFFAOYSA-N	Emax	49.0	49.0	%	18640038
35816	P21554	BYIJMJCEMYCATI-UHFFFAOYSA-N	Emax	51.0	51.0	%	18640038
35927	P21554	BYNMFBSZECDGSU-UHFFFAOYSA-N	Ki	240.99	240.99	nM	Med Chem Res, (2013) 22:9:4133
35927	P21554	BYNMFBSZECDGSU-UHFFFAOYSA-N	Ki	241.0	241.0	nM	Med Chem Res, (2013) 22:9:4133
35982	P21554	BYPMRDDODQUEJN-UHFFFAOYSA-N	Ki	0.0	10000.0	nM	19921781
35988	P21554	BYPRYRAYQLEVHL-UHFFFAOYSA-N	IC50	58.0	58.0	nM	20719511
36413	P21554	BZGHRPJJDHHINJ-UHFFFAOYSA-N	Ki	265.0	265.0	nM	22738271
36420	P21554	BZGJXNGJNPKUIC-UHFFFAOYSA-N	Inhibition	25.0	25.0	%	19736007
36465	P21554	BZHRHJUPSIQEGF-UHFFFAOYSA-N	Inhibition	12.0	12.0	%	18083560
36601	P21554	BZMVRGBTQHGPIW-UHFFFAOYSA-N	Inhibition	13.3	13.3	%	12672243
36658	P21554	BZPFVRQBUZSLQH-NHCUHLMSSA-N	Ki	374.0	374.0	nM	24175572
36679	P21554	BZQDATRLDWHLND-UHFFFAOYSA-N	IC50	4.7	4.7	nM	20047779
36679	P21554	BZQDATRLDWHLND-UHFFFAOYSA-N	Ki	1.2	1.2	nM	20047779
36679	P21554	BZQDATRLDWHLND-UHFFFAOYSA-N	Ki	1.2	1.2	nM	20047779
36693	P21554	BZQFHSCUHQMKPN-SFHVURJKSA-N	Ki	84.0	84.0	nM	15664857
36726	P21554	BZRLSZPXWKJEHX-UHFFFAOYSA-N	EC50	0.0	32000.0	nM	,PubChem BioAssay data set
36726	P21554	BZRLSZPXWKJEHX-UHFFFAOYSA-N	IC50	10200.0	10200.0	nM	,PubChem BioAssay data set
36734	P21554	BZRMZSWAAQYRME-UHFFFAOYSA-N	Ki	0.0	20000.0	nM	,Bioorg. Med. Chem. Lett., (1996) 6:19:2263
36790	P21554	BZUMZMGUILGISW-UHFFFAOYSA-N	Activity	59.6	59.6	%	17915849
36831	P21554	BZWCPMNJOQACEK-UHFFFAOYSA-N	EC50	0.0	32000.0	nM	PubChem BioAssay data set
36831	P21554	BZWCPMNJOQACEK-UHFFFAOYSA-N	IC50	12700.0	12700.0	nM	,PubChem BioAssay data set
36886	P21554	BZXFRVYHKUFYBJ-UHFFFAOYSA-N	EC50	0.0	32000.0	nM	PubChem BioAssay data set
36886	P21554	BZXFRVYHKUFYBJ-UHFFFAOYSA-N	IC50	20600.0	20600.0	nM	,PubChem BioAssay data set
36940	P21554	BZYPOSYJBZSSOY-UHFFFAOYSA-N	EC50	11.0	11.0	nM	22284817
36940	P21554	BZYPOSYJBZSSOY-UHFFFAOYSA-N	Emax	122.0	122.0	%	22284817
36940	P21554	BZYPOSYJBZSSOY-UHFFFAOYSA-N	Ki	17.0	17.0	nM	22284817
37248	P21554	CAJNWUOKIPMYSB-DJJJIMSYSA-N	Ki	61.0	61.0	nM	20018510
37490	P21554	CASPBZLKADMKDN-UHFFFAOYSA-N	Ki	156.0	156.0	nM	19595596
37526	P21554	CATXKTUUSUDLHR-WPZCJLIBSA-N	Ki	1320.0	1320.0	nM	18440813
37736	P21554	CBCVCXIOKPCZSL-UHFFFAOYSA-N	Kb	7.3	7.3	nM	17383180
37736	P21554	CBCVCXIOKPCZSL-UHFFFAOYSA-N	Ki	21.0	21.0	nM	17383180
37884	P21554	CBHKWVNFZKJLIS-CGRGJDSMSA-N	Ki	6000.0	6000.0	nM	18831576
38038	P21554	CBNQOXMUNJAOJO-BPNWFJGMSA-N	IC50	0.2	0.2	nM	20483606
38038	P21554	CBNQOXMUNJAOJO-BPNWFJGMSA-N	IC50	2.0	2.0	nM	20483606
38041	P21554	CBNQOXMUNJAOJO-KEJDIYNNSA-N	IC50	0.4	0.4	nM	20483606
38041	P21554	CBNQOXMUNJAOJO-KEJDIYNNSA-N	IC50	13.0	13.0	nM	20483606
38082	P21554	CBPAWNUBPRHFPD-JWQCQUIFSA-N	Ki	60.0	60.0	nM	9784115
38138	P21554	CBQSIPVLKFOABM-UHFFFAOYSA-N	EC50	0.0	10000.0	nM	23147076
38165	P21554	CBSOUBVQPWYNEC-UKTHLTGXSA-N	Activity	0.0	10.0	%	21074998
38165	P21554	CBSOUBVQPWYNEC-UKTHLTGXSA-N	IC50	0.0	10000.0	nM	21074998
38165	P21554	CBSOUBVQPWYNEC-UKTHLTGXSA-N	Ki	0.0	10000.0	nM	21074998
38352	P21554	CBYRNSDJEFSYLF-UHFFFAOYSA-N	IC50	5.9	5.9	nM	19328684
38405	P21554	CCAVJKKSPCZNBU-UHFFFAOYSA-N	Ki	3564.5	3564.5	nM	Med Chem Res, (2013) 22:9:4133
38405	P21554	CCAVJKKSPCZNBU-UHFFFAOYSA-N	Ki	3564.51	3564.51	nM	Med Chem Res, (2013) 22:9:4133
38449	P21554	CCCNDEHNLCZMEM-MHECFPHRSA-N	IC50	44.1	44.1	nM	17293109
38468	P21554	CCDDFRFFGRIXTC-UHFFFAOYSA-N	Ki	5510.0	5510.0	nM	22548457
38839	P21554	CCPVRKRUYAMXAM-UHFFFAOYSA-N	EC50	0.0	3162.28	nM	19010671
38839	P21554	CCPVRKRUYAMXAM-UHFFFAOYSA-N	Efficacy	5.0	5.0	%	19010671
38906	P21554	CCRVBVOPXQWFCB-UHFFFAOYSA-N	Ki	1256.0	1256.0	nM	23350768
38909	P21554	CCRVSKVUOZLTMX-UHFFFAOYSA-N	EC50	6160.0	6160.0	nM	25466177,22765893
38909	P21554	CCRVSKVUOZLTMX-UHFFFAOYSA-N	Efficacy	66.2	66.2	%	25466177,22765893
39139	P21554	CDBQSPQLPIPLAO-UHFFFAOYSA-N	EC50	0.0	1000.0	nM	21115245
39227	P21554	CDFBPUHOZFSRSQ-UHFFFAOYSA-N	EC50	0.0	32000.0	nM	,PubChem BioAssay data set
39227	P21554	CDFBPUHOZFSRSQ-UHFFFAOYSA-N	IC50	14743.0	14743.0	nM	,PubChem BioAssay data set
39260	P21554	CDGLHYPUOWFNMC-CYSDGLOUSA-N	Emax	46.0	46.0	%	21420857
39260	P21554	CDGLHYPUOWFNMC-CYSDGLOUSA-N	IC50	0.0	17000.0	nM	21420857
39263	P21554	CDGLHYPUOWFNMC-QXWFJRNPSA-N	Emax	56.0	56.0	%	21420857
39263	P21554	CDGLHYPUOWFNMC-QXWFJRNPSA-N	IC50	0.0	17000.0	nM	21420857
39306	P21554	CDHVKCLNVBLBCF-FLIBITNWSA-N	Inhibition	29.0	29.0	%	MedChemComm, (2014) 5:5:632
39306	P21554	CDHVKCLNVBLBCF-FLIBITNWSA-N	Ki	0.0	10000.0	nM	MedChemComm, (2014) 5:5:632
39431	P21554	CDMGPDPGOOJHDC-UHFFFAOYSA-N	EC50	0.0	2000.0	nM	19062274
39431	P21554	CDMGPDPGOOJHDC-UHFFFAOYSA-N	EC50	1570.0	1570.0	nM	19062274
39431	P21554	CDMGPDPGOOJHDC-UHFFFAOYSA-N	Emax	41.0	41.0	%	19062274
39431	P21554	CDMGPDPGOOJHDC-UHFFFAOYSA-N	Emax	71.0	71.0	%	19062274
39562	P21554	CDSXOABQVPQZGM-INIZCTEOSA-N	Ki	1779.0	1779.0	nM	15664857
39599	P21554	CDUXDGACTJTIRY-UHFFFAOYSA-N	EC50	25.12	25.12	nM	21411321
39744	P21554	CEBQNYJQEFWDTE-UHFFFAOYSA-N	Ki	9.8	9.8	nM	17107792
39809	P21554	CEDSOEBPHFGRGL-UHFFFAOYSA-N	Kd	15.85	15.85	nM	20047331
39809	P21554	CEDSOEBPHFGRGL-UHFFFAOYSA-N	Ki	19.0	19.0	nM	20047331
39877	P21554	CEGOSFADOUDZAE-UHFFFAOYSA-N	Activity	73.8	73.8	%	17915849
39969	P21554	CEKDBOWXFYQVFY-UHFFFAOYSA-N	Ki	0.0	10000.0	nM	21428406
40098	P21554	CEOGNFFOVOPUSS-UHFFFAOYSA-N	Activity	75.0	75.0	%	18342403,MedChemComm, (2015) 6:11:1978
40116	P21554	CEOURMOBIKELEG-FQEVSTJZSA-N	Ki	105.0	105.0	nM	17513109
40129	P21554	CEPMZWNMDKHVSU-UHFFFAOYSA-N	Ki	0.0	5000.0	nM	22444677
40203	P21554	CERWNYNSYAOQPJ-ZDUSSCGKSA-N	Ki	1.3	1.3	nM	17466519
40216	P21554	CESQFNDENJVVBN-UHFFFAOYSA-N	EC50	0.0	31622.8	nM	20005703
40260	P21554	CETZMRBZZCWBAU-UHFFFAOYSA-N	Ki	327.3	327.3	nM	Med Chem Res, (2013) 22:9:4133
40260	P21554	CETZMRBZZCWBAU-UHFFFAOYSA-N	Ki	327.34	327.34	nM	Med Chem Res, (2013) 22:9:4133
40345	P21554	CEWGTMQVOUFERG-WOJBJXKFSA-N	Ki	0.0	3000.0	nM	20079638
40362	P21554	CEWVABUVRQMIND-UHFFFAOYSA-N	EC50	0.0	17000.0	nM	24461289
40439	P21554	CEZHVSPQTPZNAG-UHFFFAOYSA-N	Activity	0.89	0.89	pmol	18207393
40439	P21554	CEZHVSPQTPZNAG-UHFFFAOYSA-N	Activity	1.22	1.22	pmol	18207393
40618	P21554	CFGJKAVEAIUNHS-HXUWFJFHSA-N	Ki	1730.0	1730.0	nM	18440813
40774	P21554	CFMRIVODIXTERW-FDFHNCONSA-N	Ki	10000.0	10000.0	nM	19143566,20218623,21183257
40835	P21554	CFOWBFPJYDXBKK-UHFFFAOYSA-N	Ke	351.0	351.0	nM	22372835
40848	P21554	CFPCMFLPKKZGMJ-UHFFFAOYSA-N	Inhibition	14.0	14.0	%	23350768
40848	P21554	CFPCMFLPKKZGMJ-UHFFFAOYSA-N	Ki	0.0	10000.0	nM	23350768
40876	P21554	CFQBPYBPMFYBLY-UHFFFAOYSA-N	Ki	2.0	2.0	nM	11020293
40911	P21554	CFRFZOJZPLDJPP-OPWSDZRHSA-N	Inhibition	50.0	50.0	%	18363352
40911	P21554	CFRFZOJZPLDJPP-OPWSDZRHSA-N	Ki	52.8	52.8	nM	18363352
40913	P21554	CFRFZOJZPLDJPP-UHFFFAOYSA-N	Ki	52.8	52.8	nM	18363352
40913	P21554	CFRFZOJZPLDJPP-UHFFFAOYSA-N	Ki	52.8	52.8	nM	18363352
40961	P21554	CFTMQROCQNRZNW-UHFFFAOYSA-N	EC50	0.0	32000.0	nM	PubChem BioAssay data set
40961	P21554	CFTMQROCQNRZNW-UHFFFAOYSA-N	IC50	0.0	32000.0	nM	,PubChem BioAssay data set
41153	P21554	CGBAMDDQAJQKSL-UHFFFAOYSA-N	EC50	0.0	10000.0	nM	22130134
41159	P21554	CGBFZMKVQUAYOI-UHFFFAOYSA-N	Ki	0.0	10000.0	nM	18424134
41218	P21554	CGDKNZWDQQQYIK-HDICACEKSA-N	EC50	8.0	8.0	nM	19320488
41218	P21554	CGDKNZWDQQQYIK-HDICACEKSA-N	IC50	2800.0	2800.0	nM	19320488
41355	P21554	CGIGDMFJXJATDK-UHFFFAOYSA-N	Ki	0.0	20000.0	nM	,Bioorg. Med. Chem. Lett., (1996) 6:19:2263
41381	P21554	CGKBQNDTELRHHP-RBUKOAKNSA-N	IC50	200.0	200.0	nM	19320488
41491	P21554	CGOMLRVFZYLLDP-MRXNPFEDSA-N	IC50	0.0	10000.0	nM	18440813
41504	P21554	CGOZSABHBLOFQK-UHFFFAOYSA-N	Ki	0.0	40000.0	nM	24378710
41560	P21554	CGRDIIOARBGIFY-GKFVBPDJSA-N	Ki	500.0	500.0	nM	16213718
41623	P21554	CGUPATPQERCSGW-UHFFFAOYSA-N	Ki	54.0	54.0	nM	19595596
41775	P21554	CGZLXAWPOJSOQB-RTBURBONSA-N	Ki	20.1	20.1	nM	17884494
41800	P21554	CHAQYQZXDPQLIA-UHFFFAOYSA-N	Ki	5055.0	5055.0	nM	21872477
41941	P21554	CHFPCXKQAHKKIJ-UHFFFAOYSA-N	Inhibition	16.0	16.0	%	21923175
41980	P21554	CHHAVMUCQABXCB-UHFFFAOYSA-N	EC50	0.0	100000.0	nM	23865723
42019	P21554	CHIFDHZBNSYDBJ-UHFFFAOYSA-N	Ke	62.0	62.0	nM	23098108
42019	P21554	CHIFDHZBNSYDBJ-UHFFFAOYSA-N	Ki	269.0	269.0	nM	23098108
42073	P21554	CHKRJVPBJCFFOL-UHFFFAOYSA-N	Activity	0.0	50.0	%	19331413
42073	P21554	CHKRJVPBJCFFOL-UHFFFAOYSA-N	Ki	10000.0	10000.0	nM	19331413
42099	P21554	CHLLVQZFMABVHW-UHFFFAOYSA-N	IC50	0.3	0.3	nM	20423086
42099	P21554	CHLLVQZFMABVHW-UHFFFAOYSA-N	IC50	1.8	1.8	nM	20423086
42114	P21554	CHMAJIUUNYDRFK-UHFFFAOYSA-N	IC50	8.318	8.318	nM	21334892
42114	P21554	CHMAJIUUNYDRFK-UHFFFAOYSA-N	IC50	8.32	8.32	nM	21334892
42162	P21554	CHNPMCFXXVBMQY-UHFFFAOYSA-N	EC50	0.0	31622.8	nM	20005703
42223	P21554	CHQPXDFUARELSN-UHFFFAOYSA-N	Ki	1811.0	1811.0	nM	17884494
42287	P21554	CHTOWZXNJOSOFU-UHFFFAOYSA-N	Activity	35.7	35.7	%	17915849
42341	P21554	CHWARCWCRWGSGY-UHFFFAOYSA-N	Ki	28.0	28.0	nM	24182233
42345	P21554	CHWBADWVZSYNNL-UHFFFAOYSA-N	Ki	2000.0	2000.0	nM	17604171
42395	P21554	CHXQDKNCEUHQNY-UHFFFAOYSA-N	IC50	16.0	16.0	nM	19328684
42427	P21554	CHYSWBCIWZVCOY-UHFFFAOYSA-N	IC50	17800.0	17800.0	nM	24445310
42427	P21554	CHYSWBCIWZVCOY-UHFFFAOYSA-N	Inhibition	60.9	60.9	%	24445310
42533	P21554	CICAAZMGCVKLJQ-UHFFFAOYSA-N	Ke	0.5	0.5	nM	22372835
42533	P21554	CICAAZMGCVKLJQ-UHFFFAOYSA-N	Ki	38.8	38.8	nM	22372835
42912	P21554	CIRBQXLJJUZWJE-UHFFFAOYSA-N	EC50	0.0	10000.0	nM	19062274
42912	P21554	CIRBQXLJJUZWJE-UHFFFAOYSA-N	Emax	6.0	6.0	%	19062274
42969	P21554	CITYMLNAFHCPNA-UHFFFAOYSA-N	IC50	1840.0	1840.0	nM	24445310
42969	P21554	CITYMLNAFHCPNA-UHFFFAOYSA-N	Inhibition	98.0	98.0	%	24445310
42973	P21554	CIULKVZBXUUNMV-UHFFFAOYSA-N	Ki	245.7	245.7	nM	20718492
43112	P21554	CJAFXZUPRJLMRZ-FGZHOGPDSA-N	Ki	13.0	13.0	nM	9784115
43145	P21554	CJAROWKGLMPEIV-UHFFFAOYSA-N	IC50	0.0	10000.0	nM	17561406
43149	P21554	CJAVPRNATZCNLN-NBRGKURFSA-N	IC50	2300.0	2300.0	nM	21999614
43149	P21554	CJAVPRNATZCNLN-NBRGKURFSA-N	Ki	1300.0	1300.0	nM	21999614
43441	P21554	CJKNWDMOYREEON-UHFFFAOYSA-N	Inhibition	11.0	11.0	%	21923175
43643	P21554	CJRJHMDHAHWFSZ-UHFFFAOYSA-N	Displacement	40.0	40.0	%	15801840
43815	P21554	CJYCXOVKCZVPMO-UHFFFAOYSA-N	Inhibition	80.0	80.0	%	19520572
43815	P21554	CJYCXOVKCZVPMO-UHFFFAOYSA-N	Ki	2314.0	2314.0	nM	19520572
43950	P21554	CKDWQTGNXHIMNQ-HJPURHCSSA-N	Ki	6.0	6.0	nM	20018510
43952	P21554	CKDWQTGNXHIMNQ-UHFFFAOYSA-N	Ki	6.0	6.0	nM	20018510
43976	P21554	CKEVMZSLVHLLBF-UHFFFAOYSA-N	Inhibition	5.0	5.0	%	14521402
44043	P21554	CKHBCJGIALZZLQ-UHFFFAOYSA-N	Ki	1100.0	1100.0	nM	19736007
44074	P21554	CKIMQGCGMNRLMG-UHFFFAOYSA-N	IC50	21.0	21.0	nM	17433696
44074	P21554	CKIMQGCGMNRLMG-UHFFFAOYSA-N	IC50	42.66	42.66	nM	19406638
44188	P21554	CKLPLPZSUQEDRT-WPCRTTGESA-N	IC50	0.0	10000.0	nM	20813948
44271	P21554	CKNHQZFDOIAZLV-UHFFFAOYSA-N	Ki	356.0	356.0	nM	21428406
44581	P21554	CLAIXBYIEGGFDP-UHFFFAOYSA-N	IC50	6.0	6.0	nM	17433696
44581	P21554	CLAIXBYIEGGFDP-UHFFFAOYSA-N	IC50	12.02	12.02	nM	19406638
44581	P21554	CLAIXBYIEGGFDP-UHFFFAOYSA-N	Ki	53.0	53.0	nM	17513109
44780	P21554	CLJSEPHWOLCFPG-UHFFFAOYSA-N	EC50	0.0	10000.0	nM	23380378
45311	P21554	CMHCZVLVBJHYLV-UHFFFAOYSA-N	Ki	182.1	182.1	nM	20943290
45377	P21554	CMJCLKJQWKCDNI-UHFFFAOYSA-N	Ki	0.0	10000.0	nM	18424134
45433	P21554	CMKFIMKZZCVGHX-UHFFFAOYSA-N	Ki	124.1	124.1	nM	20943290
45520	P21554	CMNGMIJTLSOYJY-YNBBOVHRSA-N	Ki	2000.0	2000.0	nM	21675776
45666	P21554	CMTAWOLUHJMEIC-UHFFFAOYSA-N	IC50	107.0	107.0	nM	19530697
45727	P21554	CMVAZMSVUPMZKK-WOJBJXKFSA-N	Ki	51.6	51.6	nM	24175572
45746	P21554	CMVXSXQKCIEASR-UHFFFAOYSA-N	Ki	10200.0	10200.0	nM	23679955
45809	P21554	CMXHRZQCFYVJPN-UHFFFAOYSA-N	Ki	6309.0	6309.0	nM	16451053
45861	P21554	CMZSISNWAUQXBO-AFMDSPMNSA-N	IC50	21.1	21.1	nM	17293109
45911	P21554	CNBNNBHPCJWJQU-UHFFFAOYSA-N	EC50	0.0	3162.28	nM	19010671
45911	P21554	CNBNNBHPCJWJQU-UHFFFAOYSA-N	Efficacy	7.0	7.0	%	19010671
45921	P21554	CNBUHFOUAFLYPB-UHFFFAOYSA-N	EC50	3217.0	3217.0	nM	23147076
45921	P21554	CNBUHFOUAFLYPB-UHFFFAOYSA-N	Efficacy	100.0	100.0	%	23147076
45958	P21554	CNDQSCXSSCTHKH-UHFFFAOYSA-N	Ki	3400.0	3400.0	nM	19919895
46134	P21554	CNLLGAKPEJMWKB-UHFFFAOYSA-N	Ki	0.0	1000.0	nM	21885167
46331	P21554	CNUFOOZCVOVFEH-UHFFFAOYSA-N	EC50	398.11	398.11	nM	21411321
46406	P21554	CNXHSGKYYXSHMP-HTAPYJJXSA-N	IC50	0.5	0.5	nM	17181138
46406	P21554	CNXHSGKYYXSHMP-HTAPYJJXSA-N	IC50	0.54	0.54	nM	20643546,18570365
46438	P21554	CNYKBABXMRHIQQ-UHFFFAOYSA-N	Decrease	-74.0	-74.0	%	15801840
46438	P21554	CNYKBABXMRHIQQ-UHFFFAOYSA-N	Displacement	76.3	76.3	%	15801840
46438	P21554	CNYKBABXMRHIQQ-UHFFFAOYSA-N	Ki	1778.0	1778.0	nM	15801840
46451	P21554	CNYUCQIDCSCYGQ-UHFFFAOYSA-N	IC50	0.0	10000.0	nM	18440813
46464	P21554	CNZRLUJNVLWQBF-UHFFFAOYSA-N	Ki	0.0	3000.0	nM	20979417
46641	P21554	COFXHMAGNCARMW-UHFFFAOYSA-N	EC50	0.0	32000.0	nM	,PubChem BioAssay data set
46641	P21554	COFXHMAGNCARMW-UHFFFAOYSA-N	IC50	9140.0	9140.0	nM	,PubChem BioAssay data set
46715	P21554	COJKTNQUODKGBZ-FPOVZHCZSA-N	Kb	13.0	13.0	nM	17383180
46715	P21554	COJKTNQUODKGBZ-FPOVZHCZSA-N	Ki	3.7	3.7	nM	17383180
46718	P21554	COJKTNQUODKGBZ-UHFFFAOYSA-N	Ki	3.7	3.7	nM	17383180
46735	P21554	COKKMEAZDUJHGA-UHFFFAOYSA-N	Ki	0.6	0.6	nM	16263283
46735	P21554	COKKMEAZDUJHGA-UHFFFAOYSA-N	Ki	1.0	1.0	nM	16263283
46836	P21554	COORGPWAXQPNSM-UHFFFAOYSA-N	Activity	29.3	29.3	%	17915849
46991	P21554	COTDGHSAHNTADR-UHFFFAOYSA-N	IC50	0.0	10000.0	nM	18440813
47103	P21554	COXVLBFQMLJUHG-UHFFFAOYSA-N	Ki	356.0	356.0	nM	15771428
47239	P21554	CPDGGNIMTXTRLF-UHFFFAOYSA-N	Activity	15.0	0.0	%	16451053
47254	P21554	CPDWMTBNAHKMJZ-UHFFFAOYSA-N	Ki	584.0	584.0	nM	14736243
47285	P21554	CPFFARIYTPCNJA-UHFFFAOYSA-N	Inhibition	14.0	14.0	%	14521402
47331	P21554	CPGYXRHSZAOFEZ-UHFFFAOYSA-N	Ki	560.0	560.0	nM	24378710
47368	P21554	CPIGXCGOUUAVFD-UHFFFAOYSA-N	IC50	0.0	5000.0	nM	22959249
47416	P21554	CPKOCFZVYUBWOC-UHFFFAOYSA-N	Activity	10.0	0.0	%	16392793
47543	P21554	CPNPKRREQMIDHL-UHFFFAOYSA-N	Ki	0.0	5000.0	nM	21867920
47694	P21554	CPTXZVAIZCMESQ-HGMMTPDKSA-N	Ki	24.0	24.0	nM	23865723
47695	P21554	CPTXZVAIZCMESQ-QFSZVTIDSA-N	Ki	24.0	24.0	nM	12747783
47816	P21554	CPYIIHGSBLUWEM-UHFFFAOYSA-N	EC50	0.0	32000.0	nM	PubChem BioAssay data set
47816	P21554	CPYIIHGSBLUWEM-UHFFFAOYSA-N	IC50	0.0	32000.0	nM	,PubChem BioAssay data set
47846	P21554	CPZFFCWPBSKKAF-UHFFFAOYSA-N	Kd	6.31	6.31	nM	15771428
47846	P21554	CPZFFCWPBSKKAF-UHFFFAOYSA-N	Ki	23.0	23.0	nM	15771428
47846	P21554	CPZFFCWPBSKKAF-UHFFFAOYSA-N	Ki	85.0	85.0	nM	14980654
48152	P21554	CQJXAIXGVLDTKT-UHFFFAOYSA-N	Ki	0.0	10000.0	nM	16279794
48268	P21554	CQOANAPFFHXAMB-UHFFFAOYSA-N	Kd	3.981	3.981	nM	15771428
48268	P21554	CQOANAPFFHXAMB-UHFFFAOYSA-N	Ki	23.0	23.0	nM	15771428
48275	P21554	CQOATQDCIHNDJO-UHFFFAOYSA-N	Ki	6661.0	6661.0	nM	16451053
48515	P21554	CQVVMULTZQAZBA-UHFFFAOYSA-N	IC50	1.7	1.7	nM	20483606
48515	P21554	CQVVMULTZQAZBA-UHFFFAOYSA-N	IC50	14.0	14.0	nM	20483606
48525	P21554	CQVZQGJMJODCOE-PMACEKPBSA-N	Ki	620.0	620.0	nM	17383180
48526	P21554	CQVZQGJMJODCOE-WOJBJXKFSA-N	Ki	920.0	920.0	nM	17383180
48731	P21554	CREVZVPNRPJMGM-YZKLRPOOSA-N	Ki	2.45	2.45	nM	23085772
48734	P21554	CREWBZNTQFJRTK-UHFFFAOYSA-N	EC50	0.0	32000.0	nM	PubChem BioAssay data set
48734	P21554	CREWBZNTQFJRTK-UHFFFAOYSA-N	IC50	9600.0	9600.0	nM	PubChem BioAssay data set
48929	P21554	CRNLOOZHRPDURJ-UHFFFAOYSA-N	Ki	27.0	27.0	nM	,None,19230659
48929	P21554	CRNLOOZHRPDURJ-UHFFFAOYSA-N	Ki	4778.0	4778.0	nM	26275680
48962	P21554	CROFSPLMEPFQJR-UHFFFAOYSA-N	Kd	3.981	3.981	nM	16140010
48962	P21554	CROFSPLMEPFQJR-UHFFFAOYSA-N	Ki	125.0	125.0	nM	16140010
48992	P21554	CRPILUDAQQEGIJ-UHFFFAOYSA-N	Ki	864000.0	864000.0	nM	21872477
49001	P21554	CRPPMKFSMRODIQ-FMBIJHKPSA-N	IC50	1392.0	1392.0	nM	24175626
49001	P21554	CRPPMKFSMRODIQ-FMBIJHKPSA-N	Inhibition	39.0	39.0	%	24175626
49003	P21554	CRPPMKFSMRODIQ-JDXPBYPHSA-N	IC50	184.0	184.0	nM	24175626
49003	P21554	CRPPMKFSMRODIQ-JDXPBYPHSA-N	Inhibition	31.0	31.0	%	24175626
49210	P21554	CRXFOCCUNRRJNW-UHFFFAOYSA-N	Ki	3877.0	3877.0	nM	22738271
49219	P21554	CRXJBISLCDTJDM-UHFFFAOYSA-N	EC50	0.0	10000.0	nM	19320488
49219	P21554	CRXJBISLCDTJDM-UHFFFAOYSA-N	IC50	4200.0	4200.0	nM	19320488
49344	P21554	CSCHTCLXDGSFOR-QMHKHESXSA-N	IC50	13.9	13.9	nM	17293109
49402	P21554	CSEQBOCMDXHKIF-UHFFFAOYSA-N	IC50	1.0	1.0	nM	19328684
49459	P21554	CSGYZECCJOVBJX-UHFFFAOYSA-N	Inhibition	38.0	38.0	%	17513109
49595	P21554	CSNVKOLUWSVDLX-UHFFFAOYSA-N	Ki	5.8	5.8	nM	22437111
49666	P21554	CSRCTMMPOWLLFA-UHFFFAOYSA-N	EC50	0.0	1000.0	nM	19062274
49666	P21554	CSRCTMMPOWLLFA-UHFFFAOYSA-N	EC50	0.0	10000.0	nM	19062274
49666	P21554	CSRCTMMPOWLLFA-UHFFFAOYSA-N	Emax	14.0	14.0	%	19062274
49666	P21554	CSRCTMMPOWLLFA-UHFFFAOYSA-N	Emax	19.0	19.0	%	19062274
49746	P21554	CSUCQZQGBNFLTM-UHFFFAOYSA-N	Activity	66.0	66.0	%	19500981
49746	P21554	CSUCQZQGBNFLTM-UHFFFAOYSA-N	EC50	7500.0	7500.0	nM	19500981
49776	P21554	CSVGRORMDAKMJR-KRWDZBQOSA-N	Ke	4449.0	4449.0	nM	23098108
49777	P21554	CSVGRORMDAKMJR-QGZVFWFLSA-N	Ke	920.0	920.0	nM	23098108
49791	P21554	CSVUVKCOLSBIBI-UHFFFAOYSA-N	Activity	0.0	60.0	%	23017078
49867	P21554	CSXWLOVEZJWZMB-UHFFFAOYSA-N	Inhibition	15.5	15.5	%	12672243
49977	P21554	CTCFZCWHPKYAPK-NVHKAFQKSA-N	IC50	10.0	10.0	nM	22959249
49986	P21554	CTCQFXBTKYCYGJ-NIYUQJHVSA-N	EC50	5.012	5.012	nM	20688519
49986	P21554	CTCQFXBTKYCYGJ-NIYUQJHVSA-N	Kd	7.943	7.943	nM	20688519
49986	P21554	CTCQFXBTKYCYGJ-NIYUQJHVSA-N	Ki	4.7	4.7	nM	20688519
50007	P21554	CTDUCEQBFQKBBS-UHFFFAOYSA-N	Activity	26.3	26.3	%	17915849
50075	P21554	CTFOQGZLZBBNRY-UHFFFAOYSA-N	Ki	11.0	11.0	nM	22437111
50289	P21554	CTOOWHZBGXSIAP-UHFFFAOYSA-N	Ki	43.0	43.0	nM	24518874,22483967
50357	P21554	CTRBVHCPNSITHF-UHFFFAOYSA-N	Ki	0.0	10000.0	nM	17604171
50522	P21554	CTXLHWVBEFYFSI-UHFFFAOYSA-N	Ki	0.0	40000.0	nM	24378710
50539	P21554	CTYHIWSJNUVLGR-UHFFFAOYSA-N	EC50	0.0	30000.0	nM	19743867
50603	P21554	CUAZSQYMXJAXLC-HXUWFJFHSA-N	Inhibition	21.0	21.0	%	23384387
50638	P21554	CUCFIACZZPETED-UHFFFAOYSA-N	IC50	43.9	43.9	nM	19530697
50828	P21554	CUJUUWXZAQHCNC-DOFZRALJSA-N	Ki	20.0	20.0	nM	22044209
50828	P21554	CUJUUWXZAQHCNC-DOFZRALJSA-N	Ki	25.0	25.0	nM	21675776
50852	P21554	CUKPDQSSXDAABM-UHFFFAOYSA-N	Activity	71.6	71.6	%	16451053
50852	P21554	CUKPDQSSXDAABM-UHFFFAOYSA-N	EC50	1115.0	1115.0	nM	16451053
50852	P21554	CUKPDQSSXDAABM-UHFFFAOYSA-N	Emax	-45.2	-45.2	%	16451053
50852	P21554	CUKPDQSSXDAABM-UHFFFAOYSA-N	Ki	1877.0	1877.0	nM	16451053
51275	P21554	CUYUOSQGVMZAHB-UHFFFAOYSA-N	Ki	4290.0	4290.0	nM	22341572
51520	P21554	CVKAIIGWOZSOOP-GKFVBPDJSA-N	Ki	0.0	10000.0	nM	16213718
51596	P21554	CVMCUOXJDFHVPX-UHFFFAOYSA-N	Ke	99.0	99.0	nM	23098108
51596	P21554	CVMCUOXJDFHVPX-UHFFFAOYSA-N	Ki	220.0	220.0	nM	23098108
51603	P21554	CVMOKNKUFCMJOC-UHFFFAOYSA-N	IC50	0.3	0.3	nM	20015647
51603	P21554	CVMOKNKUFCMJOC-UHFFFAOYSA-N	IC50	0.71	0.71	nM	20015647
51603	P21554	CVMOKNKUFCMJOC-UHFFFAOYSA-N	IC50	1.4	1.4	nM	20015647
51746	P21554	CVSFQMUELAWQBC-UHFFFAOYSA-N	IC50	0.0	5000.0	nM	18293908
51746	P21554	CVSFQMUELAWQBC-UHFFFAOYSA-N	Ki	0.0	2820.0	nM	18293908
51746	P21554	CVSFQMUELAWQBC-UHFFFAOYSA-N	Ki	2820.0	2820.0	nM	18293908
51958	P21554	CWBKXVQNZUWMHA-YHARCJFQSA-N	Ki	0.0	20000.0	nM	23072339
52329	P21554	CWQYMWNABHHDQG-UHFFFAOYSA-N	EC50	2600.0	2600.0	nM	22765893
52329	P21554	CWQYMWNABHHDQG-UHFFFAOYSA-N	Efficacy	73.6	73.6	%	22765893
52452	P21554	CWUOLTVQXBFROF-UHFFFAOYSA-N	IC50	160.0	160.0	nM	17630726
52484	P21554	CWVYIGTYSQZSBO-UHFFFAOYSA-N	IC50	325.1	325.1	nM	19530697
52534	P21554	CWXKITARQPOZNY-NHCUHLMSSA-N	Ki	0.77	0.77	nM	8831752
52573	P21554	CWYDYWFZPBTTIM-UHFFFAOYSA-N	Inhibition	50.0	0.0	%	19954972
52664	P21554	CXCNTDBGIZFJEC-UHFFFAOYSA-N	IC50	0.0	5000.0	nM	18293908
52664	P21554	CXCNTDBGIZFJEC-UHFFFAOYSA-N	Ki	0.0	2820.0	nM	18293908
52664	P21554	CXCNTDBGIZFJEC-UHFFFAOYSA-N	Ki	2820.0	2820.0	nM	18293908
52683	P21554	CXDKSNHVDDMGGW-UHFFFAOYSA-N	Kd	1.585	1.585	nM	20363132
52683	P21554	CXDKSNHVDDMGGW-UHFFFAOYSA-N	Ki	3.0	3.0	nM	20363132
52912	P21554	CXLQUCPRQKBNSP-UHFFFAOYSA-N	Ki	0.0	50.0	nM	19143566
52959	P21554	CXNQZWQDDVBTAJ-UHFFFAOYSA-N	EC50	951.0	951.0	nM	18640038
52959	P21554	CXNQZWQDDVBTAJ-UHFFFAOYSA-N	Emax	27.0	27.0	%	18640038
52974	P21554	CXNZYHMSULMVGD-UHFFFAOYSA-N	Ki	4190.0	4190.0	nM	18522867
52978	P21554	CXOFVDLJLONNDW-UHFFFAOYSA-N	Activity	20.0	0.0	%	16392827
53299	P21554	CXZRBWVJBXMSMS-UHFFFAOYSA-N	Kb	651.2	651.2	nM	24053617
53328	P21554	CYAYBVWBDOPZFW-UHFFFAOYSA-N	Kd	307.0	307.0	nM	10633038
53376	P21554	CYDCEEAUKMSWFL-UHFFFAOYSA-N	Ke	2.9	2.9	nM	23098108
53376	P21554	CYDCEEAUKMSWFL-UHFFFAOYSA-N	Ki	6.2	6.2	nM	23098108
53389	P21554	CYDFTQZJAGEURD-UHFFFAOYSA-N	EC50	10000.0	0.0	nM	17027269
53389	P21554	CYDFTQZJAGEURD-UHFFFAOYSA-N	IC50	10000.0	0.0	nM	17027269
53523	P21554	CYHSJMXZGJNACF-UHFFFAOYSA-N	EC50	8.5	8.5	nM	19530697
53523	P21554	CYHSJMXZGJNACF-UHFFFAOYSA-N	IC50	6.3	6.3	nM	19530697
53844	P21554	CYQFCXCEBYINGO-IAGOWNOFSA-N		-10000.0	-10000.0		
53844	P21554	CYQFCXCEBYINGO-IAGOWNOFSA-N	EC50	17.0	17.0	nM	22284817
53844	P21554	CYQFCXCEBYINGO-IAGOWNOFSA-N	EC50	77.5	77.5	nM	25072877
53844	P21554	CYQFCXCEBYINGO-IAGOWNOFSA-N	EC50	78.0	78.0	nM	25072877
53844	P21554	CYQFCXCEBYINGO-IAGOWNOFSA-N	Emax	20.0	20.0	%	22284817
53844	P21554	CYQFCXCEBYINGO-IAGOWNOFSA-N	IC50	2.8	2.8	nM	21999614
53844	P21554	CYQFCXCEBYINGO-IAGOWNOFSA-N	Ki	2.9	2.9	nM	18522867
53844	P21554	CYQFCXCEBYINGO-IAGOWNOFSA-N	Ki	3.88	3.88	nM	23679955,MedChemComm, (2014) 5:5:632
53844	P21554	CYQFCXCEBYINGO-IAGOWNOFSA-N	Ki	10.0	10.0	nM	22284817
53844	P21554	CYQFCXCEBYINGO-IAGOWNOFSA-N	Ki	17.0	17.0	nM	17531479
53844	P21554	CYQFCXCEBYINGO-IAGOWNOFSA-N	Ki	18.0	18.0	nM	26000707
53844	P21554	CYQFCXCEBYINGO-IAGOWNOFSA-N	Ki	22.0	22.0	nM	25072877
53844	P21554	CYQFCXCEBYINGO-IAGOWNOFSA-N	Ki	28.5	28.5	nM	14505654
53844	P21554	CYQFCXCEBYINGO-IAGOWNOFSA-N	Ki	29.0	29.0	nM	14505654
53844	P21554	CYQFCXCEBYINGO-IAGOWNOFSA-N	Ki	39.5	39.5	nM	27560280
53844	P21554	CYQFCXCEBYINGO-IAGOWNOFSA-N	Ki	39.8107	50.1187	nM	7565624,8819477
53844	P21554	CYQFCXCEBYINGO-IAGOWNOFSA-N	Ki	40.0	40.0	nM	20079638,27560280
53844	P21554	CYQFCXCEBYINGO-IAGOWNOFSA-N	Ki	40.7	40.7	nM	23865723
53844	P21554	CYQFCXCEBYINGO-IAGOWNOFSA-N	Ki	41.0	41.0	nM	22341572,23865723,9784115,8831752,11020293
53844	P21554	CYQFCXCEBYINGO-IAGOWNOFSA-N	Log Ki	1.6	1.6	nM	10882356
53844	P21554	CYQFCXCEBYINGO-IAGOWNOFSA-N	Ratio	1.14	1.14	-	14505654
53852	P21554	CYQFCXCEBYINGO-UHFFFAOYSA-N	Ki	5.05	5.05	nM	11160626
53852	P21554	CYQFCXCEBYINGO-UHFFFAOYSA-N	Ki	13.7	13.7	nM	15140913
53852	P21554	CYQFCXCEBYINGO-UHFFFAOYSA-N	Ki	15.3	15.3	nM	12065738
53875	P21554	CYQXLGKLNFOSNA-UHFFFAOYSA-N	Displacement	21.7	21.7	%	11960486,10465552
53963	P21554	CYUSVHNZKWRSMW-UHFFFAOYSA-N	Displacement	44.3	44.3	%	11960486
53972	P21554	CYUYYNRZPYLZJQ-UHFFFAOYSA-N	IC50	19000.0	19000.0	nM	15713403
53972	P21554	CYUYYNRZPYLZJQ-UHFFFAOYSA-N	IC50	19054.6	19054.6	nM	19406638
54027	P21554	CYXNIKYYBOULLS-UHFFFAOYSA-N	IC50	43.0	43.0	nM	20047779
54027	P21554	CYXNIKYYBOULLS-UHFFFAOYSA-N	Ki	5.9	5.9	nM	20047779
54027	P21554	CYXNIKYYBOULLS-UHFFFAOYSA-N	Ki	5.9	5.9	nM	20047779
54079	P21554	CYYSZAZPIWBLCE-JPGHVHQMSA-N	Ki	0.0	10000.0	nM	22738271
54263	P21554	CZFXFZZCNOBAQP-UHFFFAOYSA-N	Activity	29.0	29.0	%	18342403,MedChemComm, (2015) 6:11:1978
54308	P21554	CZHOXYKXIPYLJS-UHFFFAOYSA-N	Ki	0.0	10000.0	nM	18311894
54308	P21554	CZHOXYKXIPYLJS-UHFFFAOYSA-N	Ki	10000.0	0.0	nM	18311894
54334	P21554	CZIITECPJJGHFF-UHFFFAOYSA-N	Ki	380.0	380.0	nM	19595596
54476	P21554	CZNDSRXWIOPAEE-UHFFFAOYSA-N	Displacement	5.0	0.0	%	11960486,10465552
54827	P21554	CZZQQVWVTMPPSZ-UHFFFAOYSA-N	Ki	1300.0	1300.0	nM	18430570
54869	P21554	DABMUZCRXIBQMU-WOJBJXKFSA-N	Ki	5.03	5.03	nM	18524604,19250829
54929	P21554	DAEACDZIIITDEH-UHFFFAOYSA-N	Ki	0.0	2820.0	nM	19595596
54929	P21554	DAEACDZIIITDEH-UHFFFAOYSA-N	Ki	2820.0	2820.0	nM	19595596
54964	P21554	DAFUONAVRQGMOJ-UHFFFAOYSA-N	Ki	66.1	66.1	nM	21996466
55004	P21554	DAGWUGPURSGWDT-UHFFFAOYSA-N	Ki	0.0	5000.0	nM	18522867
55042	P21554	DAIHFZVAIKIDAN-UHFFFAOYSA-N	Inhibition	40.9	40.9	%	12672243
55116	P21554	DAKKQKNNVJTIFR-UHFFFAOYSA-N	Ki	42.0	42.0	nM	21183257
55264	P21554	DARDHNGWORIPGS-UHFFFAOYSA-N	Activity	44.8	44.8	%	16392827
55264	P21554	DARDHNGWORIPGS-UHFFFAOYSA-N	Displacement	51.5	51.5	%	10465552
55264	P21554	DARDHNGWORIPGS-UHFFFAOYSA-N	Displacement	89.2	89.2	%	11960486,10465552
55264	P21554	DARDHNGWORIPGS-UHFFFAOYSA-N	Ki	97.9	97.9	nM	11960486,10465552
55264	P21554	DARDHNGWORIPGS-UHFFFAOYSA-N	Ki	98.0	98.0	nM	10465552
55283	P21554	DARUPYPUJIPCQB-NYSBEXSLSA-N	EC50	220.0	220.0	nM	18430570
55283	P21554	DARUPYPUJIPCQB-NYSBEXSLSA-N	Ki	110.0	110.0	nM	18430570
55306	P21554	DASFMUKQHMITOG-UHFFFAOYSA-N	Ki	130.0	130.0	nM	17383180
55360	P21554	DAUPFGNJNALKJX-ZDUSSCGKSA-N	Ki	3.6	3.6	nM	17466519
55387	P21554	DAVNUTQCKXARDZ-UHFFFAOYSA-N	Activity	0.0	60.0	%	23017078
55402	P21554	DAVYHKLARDYXER-UHFFFAOYSA-N	EC50	12200.0	12200.0	nM	23795771
55402	P21554	DAVYHKLARDYXER-UHFFFAOYSA-N	Efficacy	61.1	61.1	%	23795771
55547	P21554	DBDDKEGAVGGJFN-FGZHOGPDSA-N	Ki	16.7	16.7	nM	24175572
55668	P21554	DBGUOIUUPWAFFX-UHFFFAOYSA-N	Ki	6.0	6.0	nM	16263283
55668	P21554	DBGUOIUUPWAFFX-UHFFFAOYSA-N	Ki	13.0	13.0	nM	16263283
55858	P21554	DBOBFBHYPQMGLX-UHFFFAOYSA-N	IC50	3200.0	3200.0	nM	18293908
55858	P21554	DBOBFBHYPQMGLX-UHFFFAOYSA-N	Ki	1800.0	1800.0	nM	18293908
56080	P21554	DBWPGGNPDAWNOQ-UHFFFAOYSA-N	Activity	39.9	39.9	%	17915849
56113	P21554	DBXZDGMTWMJNOG-UHFFFAOYSA-N	Ki	204.0	204.0	nM	18311894
56113	P21554	DBXZDGMTWMJNOG-UHFFFAOYSA-N	Ki	204.17	204.17	nM	18311894
56134	P21554	DBYVWPJEBJQHIL-UHFFFAOYSA-N	Ki	104.7	104.7	nM	20943290
56141	P21554	DBZDXLVCZLZWKE-UHFFFAOYSA-N	EC50	0.0	10000.0	nM	22130134
56173	P21554	DCAQOIFRIIZYDR-FYYUSBCQSA-N	Ki	398.5	398.5	nM	23085772
56191	P21554	DCBLGKIQORLRGE-UHFFFAOYSA-N	Ki	0.08	0.08	nM	24900484
56191	P21554	DCBLGKIQORLRGE-UHFFFAOYSA-N	Ki	1.7	1.7	nM	24900484
56275	P21554	DCFKXALHTJRKPL-RDRPBHBLSA-N	Inhibition	85.0	85.0	%	19520572
56275	P21554	DCFKXALHTJRKPL-RDRPBHBLSA-N	Ki	2299.0	2299.0	nM	19520572
56276	P21554	DCFKXALHTJRKPL-UHFFFAOYSA-N	Ki	2299.0	2299.0	nM	19520572
56375	P21554	DCIHVCPPDWJZLW-UHFFFAOYSA-N	Ki	9.0	9.0	nM	14980654
56498	P21554	DCMAMTDVFZUNEW-UHFFFAOYSA-N	EC50	0.0	20000.0	nM	21354795
56583	P21554	DCQCBJYZWOJKND-UHFFFAOYSA-N	Ki	0.0	20000.0	nM	23072339
56763	P21554	DCVDKKGXPNGVFS-UHFFFAOYSA-N	EC50	1.0	1.0	nM	19320488
56763	P21554	DCVDKKGXPNGVFS-UHFFFAOYSA-N	IC50	5.0	5.0	nM	19320488
56795	P21554	DCVSYKUPUXBFAS-UHFFFAOYSA-N	Ki	1700.0	1700.0	nM	24378710
57095	P21554	DDHXSHRUWMYUJU-UHFFFAOYSA-N	Ki	527.0	527.0	nM	23697626
57099	P21554	DDHZEEPBMPGQDU-UHFFFAOYSA-N	Ki	59.0	59.0	nM	17513109
57410	P21554	DDRWLXCQGHGFRU-VUMITEIJSA-N	IC50	0.0	17000.0	nM	21420857
57494	P21554	DDVOZILSPMPULY-SFTDATJTSA-N	Ki	18.0	18.0	nM	17383180
57525	P21554	DDWKWDCODVKKDZ-UHFFFAOYSA-N	Kd	19.0	19.0	nM	10633038
57628	P21554	DEARTAGYOFLSII-SBRBTQSLSA-N	IC50	0.0	32000.0	nM	PubChem BioAssay data set
57752	P21554	DEHAAMLMSFLDOS-UHFFFAOYSA-N	Ki	412.0	412.0	nM	23406429
57762	P21554	DEHLXCFASOTFAD-UHFFFAOYSA-N	Ki	675.0	675.0	nM	23697626
57815	P21554	DEJMIOFQNHJWJN-UHFFFAOYSA-N	Decrease	-74.0	-74.0	%	15801840
57815	P21554	DEJMIOFQNHJWJN-UHFFFAOYSA-N	Displacement	76.1	76.1	%	15801840
57815	P21554	DEJMIOFQNHJWJN-UHFFFAOYSA-N	Ki	2089.0	2089.0	nM	15801840
57852	P21554	DEKJKPYCMPFESZ-OKILXGFUSA-N	EC50	19952.6	19952.6	nM	20005703
57852	P21554	DEKJKPYCMPFESZ-OKILXGFUSA-N	Efficacy	52.0	52.0	%	20005703
58168	P21554	DEUZBUCHGCWINN-AHRSYUTCSA-N	Activity	44.0	44.0	%	19091565
58169	P21554	DEUZBUCHGCWINN-DBVUQKKJSA-N	Ki	2900.0	2900.0	nM	19091565
58192	P21554	DEVYAXBKQQLYGQ-UHFFFAOYSA-N	Ki	0.0	1000.0	nM	19091565
58244	P21554	DEXTXULIPKZGBK-UHFFFAOYSA-N	Displacement	23.0	23.0	%	10465552
58244	P21554	DEXTXULIPKZGBK-UHFFFAOYSA-N	Displacement	66.6	66.6	%	11960486,10465552
58314	P21554	DFADCSLRGAABGE-UHFFFAOYSA-N	Ki	320.0	320.0	nM	17507224
58547	P21554	DFGYYJBCGOVQHP-UYRXBGFRSA-N	Intrinsic activity	-14.0	-14.0	%	MedChemComm, (2014) 5:5:632
58547	P21554	DFGYYJBCGOVQHP-UYRXBGFRSA-N	Ki	2160.0	2160.0	nM	MedChemComm, (2014) 5:5:632
58576	P21554	DFIHCADLCKNLLP-UHFFFAOYSA-N	Ki	15.3	15.3	nM	20688519
58580	P21554	DFIULBZDHRRSLV-UHFFFAOYSA-N	Ki	0.0	10000.0	nM	23434135
58729	P21554	DFNXDXLOUCEKHQ-LBPRGKRZSA-N	Ki	136.0	136.0	nM	17466519
58792	P21554	DFQBPUMPONTPNH-UHFFFAOYSA-N	IC50	3.8	3.8	nM	19954978
58794	P21554	DFQGASIMGBFSOR-UHFFFAOYSA-N	Kd	7.943	7.943	nM	20047331
58794	P21554	DFQGASIMGBFSOR-UHFFFAOYSA-N	Ki	42.0	42.0	nM	20047331
58798	P21554	DFQNYAPLAHINDO-RBUKOAKNSA-N	IC50	400.0	400.0	nM	19320488
58817	P21554	DFQZLKUNPFWAPK-UHFFFAOYSA-N	IC50	74.0	74.0	nM	18293908
58817	P21554	DFQZLKUNPFWAPK-UHFFFAOYSA-N	Ki	42.0	42.0	nM	18293908
59064	P21554	DGADSFBSFLVVRU-UHFFFAOYSA-N	Ki	165.0	165.0	nM	19595596
59106	P21554	DGBMTWHOODPTEF-UHFFFAOYSA-N	IC50	0.63	0.63	nM	19328684
59189	P21554	DGESZTOAFNIFQP-UHFFFAOYSA-N	Ki	340.0	340.0	nM	19595596
59375	P21554	DGLGSOVFFXQQCA-NPMXOYFQSA-N	IC50	11.4	11.4	nM	17293109
59388	P21554	DGLNDJQIEOYZOM-UHFFFAOYSA-N	EC50	115.0	115.0	nM	22284817
59388	P21554	DGLNDJQIEOYZOM-UHFFFAOYSA-N	Emax	63.0	63.0	%	22284817
59403	P21554	DGMHOJDWFLMYCK-UHFFFAOYSA-N	Ki	0.0	20000.0	nM	23406429
59484	P21554	DGPFCWKIBMZBAP-UHFFFAOYSA-N	Ki	178.0	178.0	nM	17513109
59681	P21554	DGWIWHRBJPCYLT-UHFFFAOYSA-N	Ki	112.0	112.0	nM	19595596
59711	P21554	DGXJSPBSHUTNGH-WSFVUKDLSA-N	IC50	7.0	7.0	nM	22959249
59712	P21554	DGXNMDKWOLELKS-UHFFFAOYSA-N	IC50	657.0	657.0	nM	22421019
59712	P21554	DGXNMDKWOLELKS-UHFFFAOYSA-N	Ki	2526.0	2526.0	nM	22421019
59923	P21554	DHEVDMHYABXIBV-UHFFFAOYSA-N	EC50	0.0	32000.0	nM	PubChem BioAssay data set
59923	P21554	DHEVDMHYABXIBV-UHFFFAOYSA-N	IC50	0.0	32000.0	nM	PubChem BioAssay data set
60058	P21554	DHKBUQJFWQNVSS-UHFFFAOYSA-N	Ki	70.0	70.0	nM	20688519
60233	P21554	DHPYRYHIVANNAK-UHFFFAOYSA-N	Ki	3621.0	3621.0	nM	22548457
60435	P21554	DHWQNBJTQJTVQJ-HNNXBMFYSA-N	Ki	0.0	10000.0	nM	17466519
60537	P21554	DHZHDFSWNDEXHA-UHFFFAOYSA-N	Ki	3115.0	3115.0	nM	18522867
60571	P21554	DIANOARMAWVYSH-UHFFFAOYSA-N	Ki	33.0	33.0	nM	14980654
60650	P21554	DIDXRIJBHXOGGD-CKAQCJTGSA-N	IC50	1.8	1.8	nM	20483606
60650	P21554	DIDXRIJBHXOGGD-CKAQCJTGSA-N	IC50	29.0	29.0	nM	20483606
60665	P21554	DIEBGBYDJDEKSK-UHFFFAOYSA-N	Activity	0.0	50.0	%	19331413
60665	P21554	DIEBGBYDJDEKSK-UHFFFAOYSA-N	Ki	5011.87	5011.87	nM	19331413
60665	P21554	DIEBGBYDJDEKSK-UHFFFAOYSA-N	Ki	5400.0	5400.0	nM	19331413
60739	P21554	DIHHKZBFMIBXSG-KEKNWZKVSA-N	IC50	0.0	100.0	nM	22959249
60831	P21554	DIKMWTRJIZQJMY-CYFREDJKSA-N	Activity	40.0	0.0	%	21667972
60868	P21554	DIMFVJQCISYHNA-UHFFFAOYSA-N	Kb	4084.0	4084.0	nM	24635495
60962	P21554	DIPPSSKVWIDVDP-UHFFFAOYSA-N	Activity	0.0	50.0	%	19331413
60962	P21554	DIPPSSKVWIDVDP-UHFFFAOYSA-N	Ki	310.0	310.0	nM	19331413
60962	P21554	DIPPSSKVWIDVDP-UHFFFAOYSA-N	Ki	316.0	316.0	nM	19331413
60962	P21554	DIPPSSKVWIDVDP-UHFFFAOYSA-N	Ki	316.23	316.23	nM	19331413
61234	P21554	DIYUDJTUIZEVQD-UHFFFAOYSA-N	Ki	500.0	500.0	nM	21428406
61338	P21554	DJDCZALMEJMMLS-UHFFFAOYSA-N	Ki	1600.0	1600.0	nM	19646869
61353	P21554	DJDOKEGYGRKFBK-MHOZMEHISA-N	IC50	7.0	7.0	nM	22959249
61356	P21554	DJDOKEGYGRKFBK-PGZSYUIRSA-N	IC50	0.0	100.0	nM	22959249
61400	P21554	DJFGGOIKKWZUON-UHFFFAOYSA-N	Ki	650.0	650.0	nM	21183257
61463	P21554	DJIGPRSZPSXIPZ-UHFFFAOYSA-N	EC50	199.53	199.53	nM	17027269
61463	P21554	DJIGPRSZPSXIPZ-UHFFFAOYSA-N	IC50	50.0	50.0	nM	17027269
61463	P21554	DJIGPRSZPSXIPZ-UHFFFAOYSA-N	IC50	50.12	50.12	nM	17027269
61550	P21554	DJKJVWJQAVGLHJ-YPMHNXCESA-N	Activity	82.6	82.6	%	18983139
61550	P21554	DJKJVWJQAVGLHJ-YPMHNXCESA-N	Inhibition	17.0	17.0	%	18983139
61641	P21554	DJNKCVXTFMFDJK-BJKOFHAPSA-N	IC50	7.8	7.8	nM	19954978
61642	P21554	DJNKCVXTFMFDJK-RPWUZVMVSA-N	IC50	1.7	1.7	nM	19954978
61650	P21554	DJNRKTUBAIUYNC-UHFFFAOYSA-N	IC50	1.549	1.549	nM	21334892
61650	P21554	DJNRKTUBAIUYNC-UHFFFAOYSA-N	IC50	1.55	1.55	nM	21334892
61674	P21554	DJOOJRWGFDDSJS-YKRCATHFSA-N	Ki	32.3	32.3	nM	17521177
61674	P21554	DJOOJRWGFDDSJS-YKRCATHFSA-N	Ki	32.36	32.36	nM	17521177,17980589
61932	P21554	DJYFFLMDZIXFAH-UHFFFAOYSA-N	Ki	12500.0	12500.0	nM	16279794
62025	P21554	DKASLTCDRLHHOG-UHFFFAOYSA-N	Ki	96.0	96.0	nM	19595596
62143	P21554	DKEURJUEUIGTAY-UHFFFAOYSA-N	Activity	73.8	73.8	%	16392827
62143	P21554	DKEURJUEUIGTAY-UHFFFAOYSA-N	Displacement	73.8	73.8	%	15801840
62143	P21554	DKEURJUEUIGTAY-UHFFFAOYSA-N	Ki	1412.0	1412.0	nM	15801840
62145	P21554	DKEWQHMCEHMKEU-AWEZNQCLSA-N	Ki	25.0	25.0	nM	17466519
62178	P21554	DKGJAZUALDRUAE-CQSZACIVSA-N	Ki	27.0	27.0	nM	20971001
62187	P21554	DKGVGTDAGUCMNK-UHFFFAOYSA-N	Ki	234.0	234.0	nM	21183257
62187	P21554	DKGVGTDAGUCMNK-UHFFFAOYSA-N	Ki	238.0	238.0	nM	18311894
62187	P21554	DKGVGTDAGUCMNK-UHFFFAOYSA-N	Ki	239.88	239.88	nM	18311894
62538	P21554	DKQOAOQZQUBSIZ-UHFFFAOYSA-N	Ki	0.12	0.12	nM	24900484
62538	P21554	DKQOAOQZQUBSIZ-UHFFFAOYSA-N	Ki	0.26	0.26	nM	24900484
62597	P21554	DKTDSCXHQWKPAB-UHFFFAOYSA-N	Activity	9.0	9.0	%	19500981
62878	P21554	DLEHJJPGKGNIMC-UHFFFAOYSA-N	EC50	0.0	32000.0	nM	PubChem BioAssay data set
62878	P21554	DLEHJJPGKGNIMC-UHFFFAOYSA-N	IC50	5740.0	5740.0	nM	PubChem BioAssay data set
62900	P21554	DLFLMSMGNSXYFJ-CMDGGOBGSA-N	Activity	40.0	0.0	%	21667972
62951	P21554	DLHLOYYQQGSXCC-DOFZRALJSA-N	Ki	912.0	912.0	nM	23865723
63011	P21554	DLJNSLWLHNUOJB-NMVJMZGASA-N	Emax	95.0	95.0	%	21420857
63011	P21554	DLJNSLWLHNUOJB-NMVJMZGASA-N	IC50	261.0	261.0	nM	21420857
63222	P21554	DLOPBVUKEBCWFJ-UHFFFAOYSA-N	EC50	540.0	540.0	nM	18430570
63222	P21554	DLOPBVUKEBCWFJ-UHFFFAOYSA-N	Ki	470.0	470.0	nM	18430570
63239	P21554	DLPNYXAJRXKNEW-UHFFFAOYSA-N	IC50	0.0	32000.0	nM	PubChem BioAssay data set
63583	P21554	DMDOZZUSVYPIOR-UHFFFAOYSA-N	Ki	3.5	3.5	nM	17107792
63621	P21554	DMFJVESKRGCNOS-UHFFFAOYSA-N	EC50	0.0	32000.0	nM	PubChem BioAssay data set
63621	P21554	DMFJVESKRGCNOS-UHFFFAOYSA-N	IC50	18200.0	18200.0	nM	,PubChem BioAssay data set
63675	P21554	DMGGKBSTBHLNPI-UHFFFAOYSA-N	Ki	2396.0	2396.0	nM	18522867
63815	P21554	DMLRNNWWEGAXRE-QZTJIDSGSA-N	Ki	297.0	297.0	nM	17521177
63888	P21554	DMOWIFGXQZDDEZ-UHFFFAOYSA-N	IC50	1.7	1.7	nM	20096577
64008	P21554	DMTJUSCJVKQCDT-UHFFFAOYSA-N	Inhibition	61.0	61.0	%	21923175
64108	P21554	DMXPPFSOLOVIKA-UHFFFAOYSA-N	Ki	2080.0	2080.0	nM	21183257,20718492
64119	P21554	DMYGECJTVMCGEP-HDICACEKSA-N	EC50	25.12	25.12	nM	20634067,21316962
64119	P21554	DMYGECJTVMCGEP-HDICACEKSA-N	Ki	1.259	1.259	nM	21316962
64119	P21554	DMYGECJTVMCGEP-HDICACEKSA-N	Ki	1.26	1.26	nM	21316962
64124	P21554	DMYLIFKDVYIQAM-UHFFFAOYSA-N	EC50	900.0	900.0	nM	19320488
64124	P21554	DMYLIFKDVYIQAM-UHFFFAOYSA-N	IC50	0.0	10000.0	nM	19320488
64181	P21554	DNBGJIZCYGFZPU-UHFFFAOYSA-N	Kd	5.34	5.34	nM	10633038
64211	P21554	DNCAQTJFFOGJNV-UHFFFAOYSA-N	EC50	75.9	75.9	nM	18712856
64211	P21554	DNCAQTJFFOGJNV-UHFFFAOYSA-N	IC50	57.9	57.9	nM	18712856
64398	P21554	DNIMVDXXSHCQLS-UHFFFAOYSA-N	IC50	80.0	80.0	nM	20483606
64476	P21554	DNLMLVDQSKYKAJ-UHFFFAOYSA-N	EC50	0.0	10000.0	nM	23380378
64489	P21554	DNLUXEPSRJHLRC-UHFFFAOYSA-N	Ki	0.0	5000.0	nM	18522867
64505	P21554	DNMGXMJBUOJKLE-PGMHBOJBSA-N	IC50	0.0	10000.0	nM	21999614
64609	P21554	DNRXFINWYKFCPN-UHFFFAOYSA-N	Inhibition	92.0	92.0	%	18083560
64609	P21554	DNRXFINWYKFCPN-UHFFFAOYSA-N	Ki	77.0	77.0	nM	18083560
64634	P21554	DNTJWOCEIHPWHC-UHFFFAOYSA-N	EC50	5.0	5.0	nM	15713403
64634	P21554	DNTJWOCEIHPWHC-UHFFFAOYSA-N	IC50	6.1	6.1	nM	15713403
64698	P21554	DNVTUOZKJXLMMC-UHFFFAOYSA-N	EC50	2.9	2.9	nM	22607668
64698	P21554	DNVTUOZKJXLMMC-UHFFFAOYSA-N	Emax	114.0	114.0	%	22607668
64698	P21554	DNVTUOZKJXLMMC-UHFFFAOYSA-N	Ki	2.8	2.8	nM	22607668
64715	P21554	DNWHVDRGTKSNCK-UHFFFAOYSA-N	Kb	12.0	12.0	nM	17107792
64715	P21554	DNWHVDRGTKSNCK-UHFFFAOYSA-N	Ki	2.2	2.2	nM	19520572
64715	P21554	DNWHVDRGTKSNCK-UHFFFAOYSA-N	Ki	2.2	2.2	nM	17107792,19520572
64868	P21554	DOBMUZRIJOLRKQ-UHFFFAOYSA-N	Ki	10253.0	10253.0	nM	,Bioorg. Med. Chem. Lett., (1996) 6:19:2263
64930	P21554	DOFHYXBPOKRVPS-UHFFFAOYSA-N	EC50	0.0	32000.0	nM	PubChem BioAssay data set
64930	P21554	DOFHYXBPOKRVPS-UHFFFAOYSA-N	IC50	0.0	32000.0	nM	,PubChem BioAssay data set
64952	P21554	DOGHEWWVBBVYEY-DOFZRALJSA-N	Log Ki	0.93	0.93	nM	10882356
64955	P21554	DOGHJMGHLGAOPF-UHFFFAOYSA-N	Activity	10.0	0.0	%	16392793
65217	P21554	DOQFHXQSFNOXOF-UHFFFAOYSA-N	EC50	0.0	32000.0	nM	PubChem BioAssay data set
65217	P21554	DOQFHXQSFNOXOF-UHFFFAOYSA-N	IC50	0.0	32000.0	nM	PubChem BioAssay data set
65234	P21554	DOQRGXMYBKLLBR-UHFFFAOYSA-N	Ki	157.5	157.5	nM	20943290
65272	P21554	DORYOPLPKBBLFQ-UHFFFAOYSA-N	EC50	117.0	117.0	nM	22284817
65272	P21554	DORYOPLPKBBLFQ-UHFFFAOYSA-N	Emax	17.0	17.0	%	22284817
65272	P21554	DORYOPLPKBBLFQ-UHFFFAOYSA-N	Ki	102.0	102.0	nM	22284817
65323	P21554	DOTRNDAQICTKOW-UHFFFAOYSA-N	IC50	23.0	23.0	nM	19954978
65409	P21554	DOWDHAPVKJQUKV-UHFFFAOYSA-N	Ki	570.0	570.0	nM	24729834
65452	P21554	DOXSRKJXSVOAIG-UHFFFAOYSA-N	IC50	204.0	204.0	nM	18243711
65874	P21554	DPQMNRBGHBFVAI-UHFFFAOYSA-N	Activity	0.0	50.0	%	19331413
65874	P21554	DPQMNRBGHBFVAI-UHFFFAOYSA-N	Ki	251.0	251.0	nM	19331413
65874	P21554	DPQMNRBGHBFVAI-UHFFFAOYSA-N	Ki	251.19	251.19	nM	19331413
65874	P21554	DPQMNRBGHBFVAI-UHFFFAOYSA-N	Ki	280.0	280.0	nM	19331413
65877	P21554	DPQRHEXFFPEQGL-UHFFFAOYSA-N	Ki	0.0	10000.0	nM	24518874
66028	P21554	DPXKLPKWHZIBGK-UHFFFAOYSA-N	Ki	0.0	2500.0	nM	17107792
66089	P21554	DQAAJRWQFIWYBX-UHFFFAOYSA-N	EC50	5.0	5.0	nM	18335976
66089	P21554	DQAAJRWQFIWYBX-UHFFFAOYSA-N	Ki	2.0	2.0	nM	18335976
66155	P21554	DQBZMQJEWUDYKT-UHFFFAOYSA-N	Activity	20.0	0.0	%	16392827
66287	P21554	DQGICPPCZMZZIR-UHFFFAOYSA-N	Inhibition	102.0	102.0	%	20667724
66320	P21554	DQIGGVOKTRDGBB-UHFFFAOYSA-N	EC50	0.0	3162.28	nM	19010671
66320	P21554	DQIGGVOKTRDGBB-UHFFFAOYSA-N	Efficacy	7.0	7.0	%	19010671
66421	P21554	DQLYQHCXTGRRAD-UHFFFAOYSA-N	IC50	0.54	0.54	nM	20015647
66477	P21554	DQNNKYUGWZZTBC-HTAPYJJXSA-N	IC50	301.0	301.0	nM	19632830
66538	P21554	DQQGWNHGAPIOQI-QGZVFWFLSA-N	IC50	0.0	10000.0	nM	18440813
66622	P21554	DQTRMZOCNFPOML-CQSZACIVSA-N	Ki	0.37	0.37	nM	20971001
67068	P21554	DRJXFKKXQMFPPG-UHFFFAOYSA-N	Ke	16.7	16.7	nM	22372835
67068	P21554	DRJXFKKXQMFPPG-UHFFFAOYSA-N	Ki	86.0	86.0	nM	22372835
67233	P21554	DRRMNNYZTQPCTA-UHFFFAOYSA-N	EC50	0.0	10000.0	nM	23147076
67275	P21554	DRSVDVXAHLCBSY-UHFFFAOYSA-N	Kd	269.15	269.15	nM	18512901
67275	P21554	DRSVDVXAHLCBSY-UHFFFAOYSA-N	Ki	148.0	148.0	nM	18512901
67275	P21554	DRSVDVXAHLCBSY-UHFFFAOYSA-N	Ki	261.0	261.0	nM	18512901
67355	P21554	DRWQZEYHAAXGEF-UHFFFAOYSA-N	Ki	800.0	800.0	nM	16279794
67501	P21554	DSEHSTJUDXRTMH-INIZCTEOSA-N	Ki	2.5	2.5	nM	17466519
67663	P21554	DSKDBMUPKFMBDZ-LYBHJNIJSA-N	Activity	25.08	25.08	%	21835510
67663	P21554	DSKDBMUPKFMBDZ-LYBHJNIJSA-N	IC50	0.0	10000.0	nM	21835510
67663	P21554	DSKDBMUPKFMBDZ-LYBHJNIJSA-N	Ki	0.0	10000.0	nM	21835510
67930	P21554	DSSMWRUERDOSAD-UHFFFAOYSA-N	IC50	119.0	119.0	nM	17433696
67930	P21554	DSSMWRUERDOSAD-UHFFFAOYSA-N	IC50	239.88	239.88	nM	19406638
67982	P21554	DSURXSMNCHZHGS-UHFFFAOYSA-N	Ki	6296.0	6296.0	nM	16451053
68127	P21554	DTADGWKJEOSJTP-UHFFFAOYSA-N	Displacement	15.0	0.0	%	11960486,10465552
68162	P21554	DTBAXFXZDCEJJK-UHFFFAOYSA-N	Ki	4.7	4.7	nM	19683918
68162	P21554	DTBAXFXZDCEJJK-UHFFFAOYSA-N	Ki	4.7	4.7	nM	19683918
68222	P21554	DTDBTPMWXYTNHA-UHFFFAOYSA-N	EC50	0.0	3162.28	nM	19010671
68222	P21554	DTDBTPMWXYTNHA-UHFFFAOYSA-N	Efficacy	7.0	7.0	%	19010671
68357	P21554	DTIPDFUNOMPORG-UHFFFAOYSA-N	Activity	42.8	42.8	%	16392827
68357	P21554	DTIPDFUNOMPORG-UHFFFAOYSA-N	Displacement	42.8	42.8	%	15801840
68681	P21554	DTTXZMKBEUKZIH-UHFFFAOYSA-N	EC50	0.0	3162.28	nM	19010671
68681	P21554	DTTXZMKBEUKZIH-UHFFFAOYSA-N	Efficacy	7.0	7.0	%	19010671
68738	P21554	DTVYJVHOPLCENZ-RTBURBONSA-N	Ki	0.0	3000.0	nM	20079638
68745	P21554	DTWHDGFFEBWPEJ-UHFFFAOYSA-N	Activity	32.0	32.0	%	16279809
68766	P21554	DTXDJDQSFFMTPD-UHFFFAOYSA-N	EC50	15.85	15.85	nM	21316962
68813	P21554	DTYTWKJDMYXMFQ-UHFFFAOYSA-N	Ki	13.8	13.8	nM	18311894
68813	P21554	DTYTWKJDMYXMFQ-UHFFFAOYSA-N	Ki	14.0	14.0	nM	18311894
68865	P21554	DUBUGSKBMMXSOU-UHFFFAOYSA-N	Ki	1054.0	1054.0	nM	19143566,23672690
68935	P21554	DUEDSPYMVNBUKD-UHFFFAOYSA-N	Ke	3.9	3.9	nM	23098108
68935	P21554	DUEDSPYMVNBUKD-UHFFFAOYSA-N	Ki	7.1	7.1	nM	23098108
68935	P21554	DUEDSPYMVNBUKD-UHFFFAOYSA-N	Ki	7.12	7.12	nM	,None
69196	P21554	DUKSMGFXHSZSEK-HTAPYJJXSA-N	IC50	46.1	46.1	nM	19632830
69345	P21554	DURFBHYFPDMOCA-UHFFFAOYSA-N	IC50	5.7	5.7	nM	19954978
69411	P21554	DUTLYPZZJJBEAJ-QISMNGAHSA-N	Activity	1.07	1.07	-	18077343
69411	P21554	DUTLYPZZJJBEAJ-QISMNGAHSA-N	Activity	1.15	1.15	-	18077343
69411	P21554	DUTLYPZZJJBEAJ-QISMNGAHSA-N	Activity	72.0	72.0	%	18077343
69411	P21554	DUTLYPZZJJBEAJ-QISMNGAHSA-N	Activity	102.0	102.0	%	18077343
69449	P21554	DUUIKOXVOUKEBZ-FVJLSDCUSA-N	EC50	6.31	6.31	nM	20634067
69475	P21554	DUUXCCPQNNWALD-UHFFFAOYSA-N	Ki	368.2	368.2	nM	20943290
69502	P21554	DUVOCISEPNTRPD-UHFFFAOYSA-N	EC50	0.0	32000.0	nM	,PubChem BioAssay data set
69502	P21554	DUVOCISEPNTRPD-UHFFFAOYSA-N	IC50	11700.0	11700.0	nM	,PubChem BioAssay data set
69529	P21554	DUWGDCDSVKYJSD-UHFFFAOYSA-N	Activity	36.6	36.6	%	16392827
69529	P21554	DUWGDCDSVKYJSD-UHFFFAOYSA-N	Displacement	36.6	36.6	%	15801840
69531	P21554	DUWHBNLZCXTBMM-UHFFFAOYSA-N	Ke	91.0	91.0	nM	22372835
69531	P21554	DUWHBNLZCXTBMM-UHFFFAOYSA-N	Ki	78.4	78.4	nM	22372835
69562	P21554	DUXNMXKWQIXZAI-UHFFFAOYSA-N	Ki	0.0	10000.0	nM	21428406
69784	P21554	DVCBEVODQHDPAR-UHFFFAOYSA-N	Kd	9.0	9.0	nM	10633038
69903	P21554	DVFWRDGEWDQGNU-UHFFFAOYSA-N	Ki	120.0	120.0	nM	23697626
70011	P21554	DVKUHMWHFDIMJO-UHFFFAOYSA-N	EC50	59.0	59.0	nM	22284817
70011	P21554	DVKUHMWHFDIMJO-UHFFFAOYSA-N	Emax	46.0	46.0	%	22284817
70011	P21554	DVKUHMWHFDIMJO-UHFFFAOYSA-N	Ki	31.0	31.0	nM	22284817
70111	P21554	DVPAFQJRBKXLSG-UHFFFAOYSA-N	%max	-151.0	-151.0	%	19320488
70111	P21554	DVPAFQJRBKXLSG-UHFFFAOYSA-N	EC50	1.0	1.0	nM	19320488
70111	P21554	DVPAFQJRBKXLSG-UHFFFAOYSA-N	EC50	1.1	1.1	nM	19320488
70111	P21554	DVPAFQJRBKXLSG-UHFFFAOYSA-N	IC50	0.5	0.5	nM	19320488
70111	P21554	DVPAFQJRBKXLSG-UHFFFAOYSA-N	IC50	1.2	1.2	nM	19320488
70111	P21554	DVPAFQJRBKXLSG-UHFFFAOYSA-N	Inhibition	334.0	334.0	%	19320488
70170	P21554	DVRRSIYJUVCUTB-NHCUHLMSSA-N	Ki	0.73	0.73	nM	8831752
70177	P21554	DVRYKSGMGGNCGZ-UHFFFAOYSA-N	Inhibition	77.0	77.0	%	19520572
70177	P21554	DVRYKSGMGGNCGZ-UHFFFAOYSA-N	Ki	1764.0	1764.0	nM	19520572
70240	P21554	DVTDJSJRQAINFU-UHFFFAOYSA-N	EC50	31.62	31.62	nM	22421020
70259	P21554	DVTOQMKFJZNXIT-UHFFFAOYSA-N	Activity	63.2	63.2	%	24125850
70340	P21554	DVXLIZQMENMCFX-UHFFFAOYSA-N	EC50	0.0	32000.0	nM	PubChem BioAssay data set
70340	P21554	DVXLIZQMENMCFX-UHFFFAOYSA-N	IC50	0.0	32000.0	nM	,PubChem BioAssay data set
70396	P21554	DVZJMJCHBXKHCI-UHFFFAOYSA-N	Ki	55.6	55.6	nM	21996466
70488	P21554	DWDPGNXYRREXDD-UHFFFAOYSA-N	EC50	0.0	32000.0	nM	,PubChem BioAssay data set
70488	P21554	DWDPGNXYRREXDD-UHFFFAOYSA-N	IC50	24900.0	24900.0	nM	,PubChem BioAssay data set
70647	P21554	DWKKEEUOEFWKLP-UHFFFAOYSA-N	IC50	500.0	500.0	nM	18293908
70647	P21554	DWKKEEUOEFWKLP-UHFFFAOYSA-N	Ki	280.0	280.0	nM	18293908
70757	P21554	DWOBQZTWQMDPBQ-UHFFFAOYSA-N	Ki	0.54	0.54	nM	24900484
70757	P21554	DWOBQZTWQMDPBQ-UHFFFAOYSA-N	Ki	0.82	0.82	nM	24900484
70937	P21554	DWUCYQMUIBXSJK-UHFFFAOYSA-N	EC50	0.0	31622.8	nM	20005703
71004	P21554	DWWGFNZXQOKHQA-VQTJNVASSA-N	IC50	10.0	10.0	nM	19320488
71019	P21554	DWWXCTSHAYPYHN-UHFFFAOYSA-N	Activity	31.2	31.2	%	16392827
71037	P21554	DWXOHINHQVCIGG-ZHACJKMWSA-N	Ki	0.0	10000.0	nM	20718492
71271	P21554	DXGSMGNKLUGXSZ-UHFFFAOYSA-N	EC50	0.0	1000.0	nM	21885167
71271	P21554	DXGSMGNKLUGXSZ-UHFFFAOYSA-N	Ki	501.19	501.19	nM	21885167
71520	P21554	DXPRKHIXIBCRGA-UHFFFAOYSA-N	Ki	16800.0	16800.0	nM	,Bioorg. Med. Chem. Lett., (1996) 6:19:2263
71639	P21554	DXTSJXPAIJCYKQ-UHFFFAOYSA-N	EC50	0.0	32000.0	nM	PubChem BioAssay data set
71639	P21554	DXTSJXPAIJCYKQ-UHFFFAOYSA-N	IC50	0.0	32000.0	nM	,PubChem BioAssay data set
72048	P21554	DYKRHEJETZMCMN-UHFFFAOYSA-N	Inhibition	27.0	27.0	%	21923175
72128	P21554	DYNCAYKKYHHXGH-UHFFFAOYSA-N	IC50	1.479	1.479	nM	21334892
72128	P21554	DYNCAYKKYHHXGH-UHFFFAOYSA-N	IC50	1.48	1.48	nM	21334892
72155	P21554	DYONFTIPRKDILH-UHFFFAOYSA-N	EC50	12.59	12.59	nM	17027269
72155	P21554	DYONFTIPRKDILH-UHFFFAOYSA-N	IC50	1.259	1.259	nM	17027269
72155	P21554	DYONFTIPRKDILH-UHFFFAOYSA-N	IC50	1.3	1.3	nM	17027269
72163	P21554	DYPCUHGWIDYYDK-UHFFFAOYSA-N	IC50	50.0	50.0	nM	18293908
72163	P21554	DYPCUHGWIDYYDK-UHFFFAOYSA-N	Ki	28.0	28.0	nM	18293908
72457	P21554	DZANRVXBELFXLH-UHFFFAOYSA-N	Ki	3000.0	3000.0	nM	16279794
72557	P21554	DZDXLXMWVSKJDH-IAGOWNOFSA-N	Ki	10.9	10.9	nM	17521177
72590	P21554	DZFJCOBMNWBMOF-UHFFFAOYSA-N	Ki	0.75	0.75	nM	24900484
72590	P21554	DZFJCOBMNWBMOF-UHFFFAOYSA-N	Ki	0.87	0.87	nM	24900484
72621	P21554	DZGJGFLRZPMFPG-PCBIHFGQSA-N	Ki	0.0	10000.0	nM	24831513
72691	P21554	DZIPUPGEVCQAAZ-GKFVBPDJSA-N	Ki	200.0	200.0	nM	16213718
72762	P21554	DZKNASAQOCKUCJ-UZTOHYMASA-N	IC50	15.0	15.0	nM	17293109
72894	P21554	DZOXGRZPPMWLSR-BXKMTCNYSA-N	Ki	0.0	1636.0	nM	20018510
72895	P21554	DZOXGRZPPMWLSR-MZNJEOGPSA-N	Ki	72.0	72.0	nM	20018510
72897	P21554	DZOXGRZPPMWLSR-UHFFFAOYSA-N	Ki	72.0	72.0	nM	20018510
72897	P21554	DZOXGRZPPMWLSR-UHFFFAOYSA-N	Ki	1636.0	1636.0	nM	20018510
72900	P21554	DZOXWGMUPHVUCW-ZKWNWVNESA-N	Ki	4980.0	4980.0	nM	9057852
72900	P21554	DZOXWGMUPHVUCW-ZKWNWVNESA-N	Ki	5240.0	5240.0	nM	9057852
72934	P21554	DZQCLSBGAFCGER-UHFFFAOYSA-N	EC50	0.0	10000.0	nM	22130134
72995	P21554	DZTAJGBADYJNRE-UHFFFAOYSA-N	EC50	0.0	10000.0	nM	23380378
73009	P21554	DZTIBAZROYTGNS-UHFFFAOYSA-N	IC50	462.0	462.0	nM	20047779
73009	P21554	DZTIBAZROYTGNS-UHFFFAOYSA-N	Ki	60.0	60.0	nM	20047779
73017	P21554	DZTLWQKJNBRKAL-UHFFFAOYSA-N	Ki	875.0	875.0	nM	11020293
73051	P21554	DZUXZMWQJXFBFP-UHFFFAOYSA-N	Ki	1056.0	1056.0	nM	22444677
73144	P21554	DZYLBHVHVUMDOC-HVQVANDDSA-N	Ki	3572.6	3572.6	nM	23085772
73198	P21554	DZZPFYHXNFYVEC-UHFFFAOYSA-N	IC50	500.0	500.0	nM	18293908
73198	P21554	DZZPFYHXNFYVEC-UHFFFAOYSA-N	Ki	280.0	280.0	nM	18293908
73201	P21554	DZZVPUCUVGTNHN-UHFFFAOYSA-N	Kd	5.012	5.012	nM	16140010
73201	P21554	DZZVPUCUVGTNHN-UHFFFAOYSA-N	Ki	223.0	223.0	nM	16140010,21511945
73247	P21554	FABLAHMQSQFDHR-UHFFFAOYSA-N	EC50	0.0	32000.0	nM	PubChem BioAssay data set
73247	P21554	FABLAHMQSQFDHR-UHFFFAOYSA-N	IC50	31300.0	31300.0	nM	PubChem BioAssay data set
73269	P21554	FACAUWCDGCSJCP-CYBMUJFWSA-N	Ki	0.67	0.67	nM	20971001
73484	P21554	FAKJERQPKROJRB-UHFFFAOYSA-N	Inhibition	43.0	43.0	%	14980654
73531	P21554	FAMCGMZOXGBNMJ-UHFFFAOYSA-N	EC50	3250.0	3250.0	nM	21115245
73637	P21554	FAQHPPMVEUVAKI-UHFFFAOYSA-N	Ki	908.0	908.0	nM	23623258
73841	P21554	FAUSTTMLUSMDPH-UHFFFAOYSA-N	EC50	0.0	30000.0	nM	19743867
73964	P21554	FAYKLYSMOUHWAV-UHFFFAOYSA-N	Ki	0.0	10000.0	nM	11020293
73980	P21554	FAZGGKLCXUKDNL-UHFFFAOYSA-N	EC50	50.12	50.12	nM	21885167
73980	P21554	FAZGGKLCXUKDNL-UHFFFAOYSA-N	Ki	316.23	316.23	nM	21885167
74105	P21554	FBEFPALAZDNXFG-UHFFFAOYSA-N	IC50	0.0	2000.0	nM	22421019
74105	P21554	FBEFPALAZDNXFG-UHFFFAOYSA-N	Ki	0.0	5000.0	nM	22421019
74130	P21554	FBFJPURHRHWDAU-UHFFFAOYSA-N	Ki	1422.0	1422.0	nM	21183257
74197	P21554	FBHJVGRJVGEERY-DYVFJYSZSA-N	EC50	0.0	2000.0	nM	18640038
74197	P21554	FBHJVGRJVGEERY-DYVFJYSZSA-N	Emax	1.0	1.0	%	18640038
74197	P21554	FBHJVGRJVGEERY-DYVFJYSZSA-N	Emax	8.0	8.0	%	18640038
74274	P21554	FBKXSVQEAVSDMU-UHFFFAOYSA-N	Ki	110.0	110.0	nM	19646869
74275	P21554	FBKYHSUORADGSF-UHFFFAOYSA-N	Ki	5.0	5.0	nM	14980654
74329	P21554	FBMFLCCMSCORDS-UHFFFAOYSA-N	IC50	4.0	4.0	nM	17433696
74329	P21554	FBMFLCCMSCORDS-UHFFFAOYSA-N	IC50	8.128	8.128	nM	19406638
74329	P21554	FBMFLCCMSCORDS-UHFFFAOYSA-N	IC50	8.13	8.13	nM	19406638
74501	P21554	FBRFLDJTEDSGLT-UHFFFAOYSA-N	Activity	0.0	60.0	%	23017078
74555	P21554	FBTJXTNIWICRLD-UHFFFAOYSA-N	IC50	3.7	3.7	nM	16263284
74619	P21554	FBWFBRDKBXZJGC-UHFFFAOYSA-N	IC50	22.0	22.0	nM	15664830
74877	P21554	FCFRRERPZXNRCF-UHFFFAOYSA-N	EC50	0.0	32000.0	nM	PubChem BioAssay data set
74877	P21554	FCFRRERPZXNRCF-UHFFFAOYSA-N	IC50	0.0	32000.0	nM	PubChem BioAssay data set
74877	P21554	FCFRRERPZXNRCF-UHFFFAOYSA-N	IC50	69.0	69.0	nM	,PubChem BioAssay data set
74888	P21554	FCFWNUVBSVWFHR-GJCOWUBNSA-N	Inhibition	36.0	36.0	%	23384387
74889	P21554	FCFWNUVBSVWFHR-LEQVUBRHSA-N	Inhibition	7.0	7.0	%	23384387
74890	P21554	FCFWNUVBSVWFHR-SSSWZJSRSA-N	Inhibition	35.0	35.0	%	23384387
74893	P21554	FCFWNUVBSVWFHR-VDZCTEQFSA-N	Inhibition	8.0	8.0	%	23384387
74989	P21554	FCJDEYRWOWNUBO-UHFFFAOYSA-N	Activity	10.0	0.0	%	17915849
75006	P21554	FCJZUIIFVFEMRW-LBPRGKRZSA-N	Ki	21.0	21.0	nM	17466519
75218	P21554	FCTQIZMJCVLLNV-NSHDSACASA-N	Ki	2749.0	2749.0	nM	17466519
75289	P21554	FCWFVBTUXIMCLC-UHFFFAOYSA-N	IC50	95.0	95.0	nM	15664830
75312	P21554	FCWUHOUJFHULHQ-WOJBJXKFSA-N	Ki	2.17	2.17	nM	17521177
75312	P21554	FCWUHOUJFHULHQ-WOJBJXKFSA-N	Ki	2.188	2.188	nM	17521177,17980589
75422	P21554	FDASZPACAYUEQA-UHFFFAOYSA-N	Inhibition	42.6	42.6	%	24445310
75569	P21554	FDGULWJSFVCANV-UHFFFAOYSA-N	IC50	2.1	2.1	nM	20015647
75569	P21554	FDGULWJSFVCANV-UHFFFAOYSA-N	IC50	5.5	5.5	nM	20015647
75586	P21554	FDHQWYGWTUHXMT-UHFFFAOYSA-N	Ki	7.9	7.9	nM	19683918
75586	P21554	FDHQWYGWTUHXMT-UHFFFAOYSA-N	Ki	7.9	7.9	nM	19683918
75619	P21554	FDJGWSOCJLZQPS-UHFFFAOYSA-N	EC50	0.0	10000.0	nM	23865723
75810	P21554	FDQSRUQYDHFPRC-UHFFFAOYSA-N	Kd	1.0	1.0	nM	20137935
75810	P21554	FDQSRUQYDHFPRC-UHFFFAOYSA-N	Ki	37.0	37.0	nM	20137935
75855	P21554	FDSVRRAVMKJSOK-UHFFFAOYSA-N	IC50	16.6	16.6	nM	20005704
75855	P21554	FDSVRRAVMKJSOK-UHFFFAOYSA-N	IC50	19.0	19.0	nM	17433696
75883	P21554	FDTYAXCNZRGUIM-FUHIMQAGSA-N	IC50	0.0	17000.0	nM	21420857
75953	P21554	FDWCSFDJVYUHFD-UHFFFAOYSA-N	Ki	0.0	3000.0	nM	20979417
75987	P21554	FDWXWGMBMDDQLS-UHFFFAOYSA-N	Ki	200.0	200.0	nM	23697626
76036	P21554	FDZCABOEVJFVLY-RTBURBONSA-N	Ki	0.0	3000.0	nM	20079638
76175	P21554	FEFCEQBFPNAQNT-FGZHOGPDSA-N	Ki	139.0	139.0	nM	24175572
76325	P21554	FEKVZTHBMWTSGL-UHFFFAOYSA-N	Ki	80.0	80.0	nM	17507224
76656	P21554	FEUNOVMYZWJRQJ-UHFFFAOYSA-N	Ki	2794.0	2794.0	nM	22548457
76669	P21554	FEUXDLQSDABYEG-UHFFFAOYSA-N	Ki	2742.0	2742.0	nM	17884494
76684	P21554	FEVKIXALEHGMMS-UHFFFAOYSA-N	EC50	0.0	10000.0	nM	22130134
76804	P21554	FFALVHGQANUEKB-FDDCHVKYSA-N	IC50	140.0	140.0	nM	17181138
76881	P21554	FFCVXBREKNLIIX-UHFFFAOYSA-N	Ki	218.0	218.0	nM	22437111
76985	P21554	FFERSIIOXZASMF-UHFFFAOYSA-N	IC50	2.512	2.512	nM	19338356
76985	P21554	FFERSIIOXZASMF-UHFFFAOYSA-N	Ki	1.2	1.2	nM	19338356
76985	P21554	FFERSIIOXZASMF-UHFFFAOYSA-N	Ki	1.259	1.259	nM	19338356
77083	P21554	FFHBJVYAXROHEA-DHZHZOJOSA-N	Activity	0.0	10.0	%	21074998
77083	P21554	FFHBJVYAXROHEA-DHZHZOJOSA-N	IC50	0.0	10000.0	nM	21074998
77083	P21554	FFHBJVYAXROHEA-DHZHZOJOSA-N	Ki	0.0	10000.0	nM	21074998
77095	P21554	FFHMHSGIFLRPAY-UHFFFAOYSA-N	Kb	209.0	209.0	nM	24635495
77147	P21554	FFJBSTIXVJOIBB-UHFFFAOYSA-N	Inhibition	66.0	66.0	%	21923175
77372	P21554	FFSMGGLZCZRZHB-UHFFFAOYSA-N	Activity	20.0	0.0	%	16279809
77572	P21554	FFZVSWSBYQHFGC-UHFFFAOYSA-N	EC50	0.0	32000.0	nM	PubChem BioAssay data set
77572	P21554	FFZVSWSBYQHFGC-UHFFFAOYSA-N	IC50	0.0	32000.0	nM	,PubChem BioAssay data set
77676	P21554	FGCWEGIGQNAVOU-UHFFFAOYSA-N	Activity	0.0	60.0	%	23017078
77806	P21554	FGJAUWOERZHXPX-UHFFFAOYSA-N	EC50	0.0	10000.0	nM	23147076
77814	P21554	FGJHUABKMGQONH-BXKMTCNYSA-N	IC50	2.8	2.8	nM	17181138
77951	P21554	FGOQFLMSMYAHKN-UHFFFAOYSA-N	Ki	78.0	78.0	nM	14980654
78028	P21554	FGRPTQBNAUZPGV-UHFFFAOYSA-N	IC50	82.0	82.0	nM	20047779
78028	P21554	FGRPTQBNAUZPGV-UHFFFAOYSA-N	Ki	2.6	2.6	nM	20047779
78028	P21554	FGRPTQBNAUZPGV-UHFFFAOYSA-N	Ki	2.6	2.6	nM	20047779
78037	P21554	FGRUXAONANJQNR-UHFFFAOYSA-N	IC50	6.6	6.6	nM	17270441
78044	P21554	FGSFBSZHHSFTRP-UHFFFAOYSA-N	EC50	1258.93	1258.93	nM	22421020
78142	P21554	FGWRYMHPXJPSPO-UHFFFAOYSA-N	Ki	0.0	1000.0	nM	20979417
78166	P21554	FGXSFAPEIMHFJS-UHFFFAOYSA-N	EC50	0.0	10000.0	nM	22130134
78251	P21554	FHAQNEGYMLAOHD-UHFFFAOYSA-N	Ki	790.0	790.0	nM	19091565,21183257
78334	P21554	FHERKDAGTCJXFZ-UHFFFAOYSA-N	EC50	146.5	146.5	nM	18712856
78334	P21554	FHERKDAGTCJXFZ-UHFFFAOYSA-N	EC50	580.0	580.0	nM	19328683
78334	P21554	FHERKDAGTCJXFZ-UHFFFAOYSA-N	IC50	50.2	50.2	nM	18712856
78878	P21554	FIAGELNNSOFVJH-BTYIYWSLSA-N	Ki	42.0	42.0	nM	20018510
78934	P21554	FICZWEWNSVCQDH-UHFFFAOYSA-N	EC50	16.0	16.0	nM	23147076
78934	P21554	FICZWEWNSVCQDH-UHFFFAOYSA-N	Efficacy	86.0	86.0	%	23147076
78969	P21554	FIESMFBHXVWWFV-UHFFFAOYSA-N	Ki	0.0	50.0	nM	19143566
79041	P21554	FIICBAHGDUKACY-UHFFFAOYSA-N	Ki	1.0	1.0	nM	24900484
79041	P21554	FIICBAHGDUKACY-UHFFFAOYSA-N	Ki	6.5	6.5	nM	24900484
79224	P21554	FIOMBLBFVUIYQY-DHIUTWEWSA-N	Ki	40.2	40.2	nM	24175572
79277	P21554	FIQBLSYSOCCIEF-UHFFFAOYSA-N	EC50	0.0	10000.0	nM	19062274
79277	P21554	FIQBLSYSOCCIEF-UHFFFAOYSA-N	Emax	1.0	1.0	%	19062274
79518	P21554	FIZABJIHLMFJDT-PERKRYKHSA-N	Ki	640.0	640.0	nM	19091565
79520	P21554	FIZABJIHLMFJDT-WVBUVRCRSA-N	Ki	1200.0	1200.0	nM	19091565
79603	P21554	FJCFYPJSQWGLSW-UHFFFAOYSA-N	Ki	437.0	437.0	nM	23406429
79655	P21554	FJDOXMYAELZIBA-UHFFFAOYSA-N	Ki	0.0	10000.0	nM	22044209
79658	P21554	FJDSRDGJLCIQEZ-SDQBBNPISA-N	Inhibition	71.0	71.0	%	19520572
79658	P21554	FJDSRDGJLCIQEZ-SDQBBNPISA-N	Ki	1473.0	1473.0	nM	19520572
79659	P21554	FJDSRDGJLCIQEZ-UHFFFAOYSA-N	Ki	1473.0	1473.0	nM	19520572
79661	P21554	FJDXEYUKDXDFBU-UHFFFAOYSA-N	Ki	616.0	616.0	nM	21183257
79874	P21554	FJMQJSUOOGOWBD-UHFFFAOYSA-N	EC50	0.82	0.82	nM	19351113
79874	P21554	FJMQJSUOOGOWBD-UHFFFAOYSA-N	Ki	0.82	0.82	nM	19351113
79874	P21554	FJMQJSUOOGOWBD-UHFFFAOYSA-N	Ki	0.82	0.82	nM	19351113,24900484
79874	P21554	FJMQJSUOOGOWBD-UHFFFAOYSA-N	Ki	1.0	1.0	nM	19351113,24900484
79874	P21554	FJMQJSUOOGOWBD-UHFFFAOYSA-N	Ki	1.0	1.0	nM	19351113
79919	P21554	FJOMFDMZEGTXGE-UHFFFAOYSA-N	IC50	62.0	62.0	nM	18293908
79919	P21554	FJOMFDMZEGTXGE-UHFFFAOYSA-N	Ki	35.0	35.0	nM	18293908
79953	P21554	FJPRUUVKOOCALO-NHCUHLMSSA-N	Ki	2.72	2.72	nM	18524604,19250829
80057	P21554	FJTPINLYFOCQFC-UHFFFAOYSA-N	EC50	0.0	10000.0	nM	22130134
80200	P21554	FJZHHGONPBLSBI-UHFFFAOYSA-N	IC50	5.8	5.8	nM	19954978
80311	P21554	FKDWSRCLKCUSQQ-UHFFFAOYSA-N	Ki	510.0	510.0	nM	21183257,20718492
80332	P21554	FKEFNETYRMRPCY-UHFFFAOYSA-N	Ki	1297.0	1297.0	nM	23406429
80364	P21554	FKFDKPAJXHDYTK-UHFFFAOYSA-N	Ki	2183.0	2183.0	nM	,Bioorg. Med. Chem. Lett., (1996) 6:19:2263
80645	P21554	FKNCVLQSUDOQES-MRXNPFEDSA-N	Emax	55.0	55.0	%	21420860
80645	P21554	FKNCVLQSUDOQES-MRXNPFEDSA-N	IC50	705.0	705.0	nM	21420860
80647	P21554	FKNHLICVVQFGRJ-UHFFFAOYSA-N	Ki	203.2	203.2	nM	Med Chem Res, (2013) 22:9:4133
80647	P21554	FKNHLICVVQFGRJ-UHFFFAOYSA-N	Ki	203.24	203.24	nM	Med Chem Res, (2013) 22:9:4133
80684	P21554	FKOFOMROEAHSQD-UHFFFAOYSA-N	IC50	210.0	210.0	nM	15664830
80750	P21554	FKQPSDBGDPLQAS-UHFFFAOYSA-N	Activity	67.0	67.0	%	18342403
80750	P21554	FKQPSDBGDPLQAS-UHFFFAOYSA-N	Ki	2600.0	2600.0	nM	18342403
80786	P21554	FKSCKADVXKOVHL-UHFFFAOYSA-N	EC50	50.12	50.12	nM	17027269
80786	P21554	FKSCKADVXKOVHL-UHFFFAOYSA-N	IC50	15.85	15.85	nM	17027269
80786	P21554	FKSCKADVXKOVHL-UHFFFAOYSA-N	IC50	16.0	16.0	nM	17027269
80828	P21554	FKTORJCFBBTXPW-UHFFFAOYSA-N	Ki	132.0	132.0	nM	22738271
80990	P21554	FKZSVWKTRYJUIZ-UHFFFAOYSA-N	Activity	18.0	18.0	%	19646869
80990	P21554	FKZSVWKTRYJUIZ-UHFFFAOYSA-N	Inhibition	18.0	18.0	%	19736007
81066	P21554	FLCAAEFYUCAUDK-UHFFFAOYSA-N	Ki	2137.96	2137.96	nM	19921781
81066	P21554	FLCAAEFYUCAUDK-UHFFFAOYSA-N	Ki	2200.0	2200.0	nM	19921781
81121	P21554	FLEORYUEILNRHW-UHFFFAOYSA-N	Ki	0.0	10000.0	nM	19921781
81200	P21554	FLGSUSWMWSZVMP-UHFFFAOYSA-N	Ki	1000.0	0.0	nM	20684563
81200	P21554	FLGSUSWMWSZVMP-UHFFFAOYSA-N	Ki	1000.0	1000.0	nM	20684563
81251	P21554	FLIACVVOZYBSBS-UHFFFAOYSA-N	Inhibition	11.0	11.0	%	14521402
81497	P21554	FLQBXYKSPXEKRV-UHFFFAOYSA-N	Ki	0.0	5000.0	nM	18522867
81538	P21554	FLRZCGZOXGSCNM-UHFFFAOYSA-N	Activity	98.0	98.0	%	19921781
81538	P21554	FLRZCGZOXGSCNM-UHFFFAOYSA-N	EC50	1881.0	1881.0	nM	19921781
81538	P21554	FLRZCGZOXGSCNM-UHFFFAOYSA-N	Ki	0.0	5600.0	nM	19921781
81538	P21554	FLRZCGZOXGSCNM-UHFFFAOYSA-N	Ki	0.0	5623.41	nM	19921781
81574	P21554	FLTKRJYBXQQZTD-UHFFFAOYSA-N	IC50	2.7	2.7	nM	19328684
81620	P21554	FLVDOHISKDLMSG-UHFFFAOYSA-N	Activity	20.0	0.0	%	16392827
81665	P21554	FLWYTHWMIDUSGM-UHFFFAOYSA-N	EC50	16.2	16.2	nM	22607668
81665	P21554	FLWYTHWMIDUSGM-UHFFFAOYSA-N	Emax	113.0	113.0	%	22607668
81665	P21554	FLWYTHWMIDUSGM-UHFFFAOYSA-N	Ki	7.1	7.1	nM	22607668
81801	P21554	FMCJCDCQEHZHJC-WEVVVXLNSA-N	EC50	71.4	71.4	nM	18712856
81801	P21554	FMCJCDCQEHZHJC-WEVVVXLNSA-N	IC50	27.5	27.5	nM	18712856
81836	P21554	FMDLVZUWUFDOQJ-UHFFFAOYSA-N	IC50	0.0	32000.0	nM	PubChem BioAssay data set
81917	P21554	FMGZEUZJWPJRHN-QGZVFWFLSA-N	IC50	0.0	10000.0	nM	18440813
82044	P21554	FMMFFKBTDPPMMY-UHFFFAOYSA-N	Inhibition	0.0	0.0	%	22916707
82044	P21554	FMMFFKBTDPPMMY-UHFFFAOYSA-N	Ki	21100.0	21100.0	nM	22916707
82303	P21554	FMVHVRYFQIXOAF-DOFZRALJSA-N	Ki	34.4	34.4	nM	12166938
82327	P21554	FMWROTRZBIZHIS-HVQVANDDSA-N	Ki	959.7	959.7	nM	23085772
82371	P21554	FMYCCMUATOKUPY-UHFFFAOYSA-N	Activity	244.1	244.1	%	22571451
82371	P21554	FMYCCMUATOKUPY-UHFFFAOYSA-N	EC50	810.0	810.0	nM	22571451
82371	P21554	FMYCCMUATOKUPY-UHFFFAOYSA-N	EC50	2990.0	2990.0	nM	26203658
82371	P21554	FMYCCMUATOKUPY-UHFFFAOYSA-N	EC50	3550.0	3550.0	nM	26203658
82371	P21554	FMYCCMUATOKUPY-UHFFFAOYSA-N	EC50	4010.0	4010.0	nM	26203658
82371	P21554	FMYCCMUATOKUPY-UHFFFAOYSA-N	EC50	6840.0	6840.0	nM	26203658
82426	P21554	FNALEXLCSSYSEC-UHFFFAOYSA-N	Ki	300.0	300.0	nM	22483967
82462	P21554	FNBYSBXLKOEWKN-IBGZPJMESA-N	Ki	1758.0	1758.0	nM	15664857
82585	P21554	FNGVLPWXPCQDOC-UHFFFAOYSA-N	Ki	3.4	3.4	nM	22437111
82639	P21554	FNIYHKXOAUMQHM-UHFFFAOYSA-N	Activity	0.95	0.95	pmol	18207393
82639	P21554	FNIYHKXOAUMQHM-UHFFFAOYSA-N	Activity	1.3	1.3	pmol	18207393
82646	P21554	FNJBHNSWEFHVHN-UHFFFAOYSA-N	IC50	16.0	16.0	nM	17107792
82715	P21554	FNLSCJGUMUUCJE-UHFFFAOYSA-N	Inhibition	8.2	8.2	%	12672243
82779	P21554	FNOMTMVRTBHRET-UHFFFAOYSA-N	Ki	363.0	363.0	nM	23865723,24922543,21183257
82855	P21554	FNRFQMFMZBFZCC-UHFFFAOYSA-N	Displacement	5.0	0.0	%	11960486,10465552
82917	P21554	FNTMGRNAIKUGDA-UHFFFAOYSA-N	Ki	0.0	10000.0	nM	21872477
82962	P21554	FNVQVWLLQVUZEZ-UHFFFAOYSA-N	EC50	6.31	6.31	nM	21411321
83001	P21554	FNXATJYWFMMICK-UHFFFAOYSA-N	EC50	10000.0	10000.0	nM	19864133
83001	P21554	FNXATJYWFMMICK-UHFFFAOYSA-N	Efficacy	0.19	0.19	%	19864133
83029	P21554	FNYGNFQUTXAHPS-UHFFFAOYSA-N	Ki	4887.0	4887.0	nM	20031412,21183257
83074	P21554	FOABBCLMBRRASJ-UHFFFAOYSA-N	Ki	17.0	17.0	nM	17383180
83385	P21554	FOMLKVUZJGVNAW-UHFFFAOYSA-N	EC50	519.0	519.0	nM	23147076
83385	P21554	FOMLKVUZJGVNAW-UHFFFAOYSA-N	Efficacy	88.0	88.0	%	23147076
83415	P21554	FONCHEGPDSYFCG-FGZHOGPDSA-N	Ki	0.4467	0.4467	nM	17521177,17980589
83415	P21554	FONCHEGPDSYFCG-FGZHOGPDSA-N	Ki	0.45	0.45	nM	17521177
83458	P21554	FOOUCMPIKCEWAX-UHFFFAOYSA-N	Ki	0.0	50.0	nM	19143566
83465	P21554	FOPGGYXCFBMAHN-UHFFFAOYSA-N	Activity	9.0	9.0	%	19500981
83502	P21554	FOQPVSQLQDGLCS-UHFFFAOYSA-N	Log Ki	1.76	1.76	nM	10882356
83551	P21554	FORZBZGLKHGUCF-UHFFFAOYSA-N	Ki	81.8	81.8	nM	Med Chem Res, (2013) 22:9:4133
83551	P21554	FORZBZGLKHGUCF-UHFFFAOYSA-N	Ki	81.85	81.85	nM	Med Chem Res, (2013) 22:9:4133
83608	P21554	FOTUIMIDQCPQEW-UHFFFAOYSA-N	Kd	1300.0	1300.0	nM	10633038
83714	P21554	FOWRQJBPBDHQLM-UHFFFAOYSA-N	IC50	1040.0	1040.0	nM	18243711
83846	P21554	FPBZDYQUXHBXBO-UHFFFAOYSA-N	IC50	3.1	3.1	nM	15664830
83968	P21554	FPFNMMWHYYWULG-UHFFFAOYSA-N	EC50	0.3	0.3	nM	19320488
83968	P21554	FPFNMMWHYYWULG-UHFFFAOYSA-N	IC50	220.0	220.0	nM	19320488
84034	P21554	FPHRJFSIJGQNMS-UHFFFAOYSA-N	EC50	3.981	3.981	nM	20688519
84034	P21554	FPHRJFSIJGQNMS-UHFFFAOYSA-N	Ki	14.2	14.2	nM	20688519
84250	P21554	FPQJLICZRNPCHF-UHFFFAOYSA-N	IC50	0.0	5000.0	nM	22959249
84263	P21554	FPQZZXHRAVDBNB-UHFFFAOYSA-N	Inhibition	77.0	77.0	%	19520572
84263	P21554	FPQZZXHRAVDBNB-UHFFFAOYSA-N	Ki	273.0	273.0	nM	19520572
84582	P21554	FQCPRCTUZIOXEU-UHFFFAOYSA-N	EC50	800.0	800.0	nM	19328683
84627	P21554	FQFBUIAGTPLTNN-UHFFFAOYSA-N	EC50	398.11	398.11	nM	20688519
84627	P21554	FQFBUIAGTPLTNN-UHFFFAOYSA-N	Ki	68.0	68.0	nM	20688519
84643	P21554	FQGBQADTBADEJY-UHFFFAOYSA-N	IC50	1.6	1.6	nM	19954978
84743	P21554	FQIJPHXWIONJLF-JKOKRWQUSA-N	Inhibition	-3.4	-3.4	%	22171543
84767	P21554	FQJAKVRJSIYTAP-UHFFFAOYSA-N	Ki	24.0	24.0	nM	19351113
84825	P21554	FQLLYPCXVKECKS-UHFFFAOYSA-N	IC50	19.95	19.95	nM	19338356
84961	P21554	FQQBEIJONNHOOQ-UHFFFAOYSA-N	EC50	0.0	2000.0	nM	19062274
84961	P21554	FQQBEIJONNHOOQ-UHFFFAOYSA-N	EC50	2780.0	2780.0	nM	19062274
84961	P21554	FQQBEIJONNHOOQ-UHFFFAOYSA-N	Emax	19.0	19.0	%	19062274
84961	P21554	FQQBEIJONNHOOQ-UHFFFAOYSA-N	Emax	22.0	22.0	%	19062274
85101	P21554	FQUVPTVNRMUOPO-UPQKDGGNSA-N	Ki	0.0	10000.0	nM	21999614
85163	P21554	FQXFBMUSAUCRII-UHFFFAOYSA-N	IC50	21.0	21.0	nM	15664830
85169	P21554	FQXHXCCEMXXMEZ-UHFFFAOYSA-N	Ki	1.8	1.8	nM	17507224
85236	P21554	FQZXCUPXKJLHOJ-UHFFFAOYSA-N	Inhibition	18.6	18.6	%	19095444
85435	P21554	FRHXRBRPPJRCHR-UHFFFAOYSA-N	EC50	0.0	17000.0	nM	23865723
85479	P21554	FRJVCYBEJYZFRD-UHFFFAOYSA-N	Ki	430.0	430.0	nM	22044209
85703	P21554	FRSKJNRWKGKNPJ-FGZHOGPDSA-N	Ki	11.7	11.7	nM	21183257
85703	P21554	FRSKJNRWKGKNPJ-FGZHOGPDSA-N	Ki	11.73	11.73	nM	17521177
85703	P21554	FRSKJNRWKGKNPJ-FGZHOGPDSA-N	Ki	11.75	11.75	nM	17521177,17980589
85708	P21554	FRSWCIYESSAJBI-UHFFFAOYSA-N	Ki	1698.24	1698.24	nM	18311894
85708	P21554	FRSWCIYESSAJBI-UHFFFAOYSA-N	Ki	1700.0	1700.0	nM	21183257
85708	P21554	FRSWCIYESSAJBI-UHFFFAOYSA-N	Ki	1702.0	1702.0	nM	18311894
85761	P21554	FRVCWPVIAMXFHY-UHFFFAOYSA-N	EC50	0.0	3162.28	nM	19010671
85761	P21554	FRVCWPVIAMXFHY-UHFFFAOYSA-N	Efficacy	5.0	5.0	%	19010671
85919	P21554	FSANPBNDBKVUGU-UHFFFAOYSA-N	IC50	0.0	5000.0	nM	22959249
85922	P21554	FSAROWUSNSOSHA-IFXJQAMLSA-N	IC50	0.0	2000.0	nM	17293109
85988	P21554	FSDRQNSFQHSTFS-UHFFFAOYSA-N	IC50	5000.0	5000.0	nM	18293908
85988	P21554	FSDRQNSFQHSTFS-UHFFFAOYSA-N	Ki	2820.0	2820.0	nM	18293908
86038	P21554	FSFZRNZSZYDVLI-JVVVGQRLSA-N	Ki	6000.0	6000.0	nM	24139843
86039	P21554	FSFZRNZSZYDVLI-UHFFFAOYSA-N	Ki	1917.0	1917.0	nM	,Bioorg. Med. Chem. Lett., (1996) 6:19:2263,19143566,21183257
86039	P21554	FSFZRNZSZYDVLI-UHFFFAOYSA-N	Ki	2000.0	2000.0	nM	21420860
86039	P21554	FSFZRNZSZYDVLI-UHFFFAOYSA-N	Ki	4800.0	4800.0	nM	23865723
86136	P21554	FSJVGFSWFAWCEC-DHIUTWEWSA-N	Inhibition	50.0	50.0	%	18363352
86136	P21554	FSJVGFSWFAWCEC-DHIUTWEWSA-N	Ki	243.8	243.8	nM	18363352
86139	P21554	FSJVGFSWFAWCEC-UHFFFAOYSA-N	Ki	243.8	243.8	nM	18363352
86139	P21554	FSJVGFSWFAWCEC-UHFFFAOYSA-N	Ki	243.8	243.8	nM	18363352
86220	P21554	FSNJWYVUDGWBOO-KDURUIRLSA-N	EC50	10.0	10.0	nM	20634067
86305	P21554	FSQHUGISRUAOMQ-UHFFFAOYSA-N	IC50	0.0	10000.0	nM	23227781
86374	P21554	FSSJQMKVADSYKU-UHFFFAOYSA-N	EC50	10000.0	0.0	nM	17027269
86374	P21554	FSSJQMKVADSYKU-UHFFFAOYSA-N	IC50	7943.0	7943.0	nM	17027269
86374	P21554	FSSJQMKVADSYKU-UHFFFAOYSA-N	IC50	7943.28	7943.28	nM	17027269
86426	P21554	FSUSWHJMGXMKBV-UHFFFAOYSA-N	EC50	0.0	1000.0	nM	18680277
86426	P21554	FSUSWHJMGXMKBV-UHFFFAOYSA-N	EC50	810.0	810.0	nM	18680277
86426	P21554	FSUSWHJMGXMKBV-UHFFFAOYSA-N	Emax	10.0	10.0	%	18680277
86426	P21554	FSUSWHJMGXMKBV-UHFFFAOYSA-N	Emax	32.0	32.0	%	18680277
86476	P21554	FSWLXRJYHBRXTL-UHFFFAOYSA-N	Ki	11.6	11.6	nM	22483967
86531	P21554	FSZIWBQAGMXHIF-UHFFFAOYSA-N	Activity	65.0	65.0	%	21354795
86531	P21554	FSZIWBQAGMXHIF-UHFFFAOYSA-N	EC50	19300.0	19300.0	nM	21354795
86580	P21554	FTBJARSEIHMQIW-UHFFFAOYSA-N	Ki	0.0	10000.0	nM	16279794
86856	P21554	FTLPTJWZFJAXOT-DHIUTWEWSA-N	Ki	1.2	1.2	nM	9784115
86856	P21554	FTLPTJWZFJAXOT-DHIUTWEWSA-N	Ki	4.5	4.5	nM	17521177
86996	P21554	FTRMDCHMYQFLNJ-UHFFFAOYSA-N	Ki	95.0	95.0	nM	21183257
87245	P21554	FTYRPHUIBDQVCC-UHFFFAOYSA-N	EC50	0.0	32000.0	nM	,PubChem BioAssay data set
87245	P21554	FTYRPHUIBDQVCC-UHFFFAOYSA-N	IC50	2590.0	2590.0	nM	,PubChem BioAssay data set
87350	P21554	FUCXIEQGKITOIV-UHFFFAOYSA-N	Ki	39.0	39.0	nM	17383180
87365	P21554	FUDLPNVYTSNVGM-UHFFFAOYSA-N	EC50	430.0	430.0	nM	23679955,22916707
87365	P21554	FUDLPNVYTSNVGM-UHFFFAOYSA-N	Inhibition	58.0	58.0	%	22916707
87365	P21554	FUDLPNVYTSNVGM-UHFFFAOYSA-N	Ki	45.0	45.0	nM	22916707
87484	P21554	FUJXLLMAGNFIBI-UHFFFAOYSA-N	Ki	1.1	1.1	nM	19102698
87484	P21554	FUJXLLMAGNFIBI-UHFFFAOYSA-N	Ki	1.1	1.1	nM	19102698
87484	P21554	FUJXLLMAGNFIBI-UHFFFAOYSA-N	Ki	2.3	2.3	nM	19102698
87484	P21554	FUJXLLMAGNFIBI-UHFFFAOYSA-N	Ki	2.3	2.3	nM	19102698
87823	P21554	FUXZIJOGIFWUHL-UHFFFAOYSA-N	EC50	0.0	31622.8	nM	19864133
88034	P21554	FVEIZTKTUZVAFD-UHFFFAOYSA-N	Ki	0.0	5000.0	nM	18522867
88125	P21554	FVGJYKATCAXCBV-UHFFFAOYSA-N	IC50	190.0	190.0	nM	22340081
88125	P21554	FVGJYKATCAXCBV-UHFFFAOYSA-N	IC50	270.0	270.0	nM	22340081
88237	P21554	FVKOQIAHRJRIQI-LEWJYISDSA-N	IC50	0.3	0.3	nM	19320488
88430	P21554	FVRAHOUSXRPGHJ-UHFFFAOYSA-N	Ki	81.0	81.0	nM	20943290
88493	P21554	FVTHLZNPYMZQAF-UHFFFAOYSA-N	IC50	20.0	20.0	nM	16263284
88660	P21554	FVYXIJYOAGAUQK-UHFFFAOYSA-N	EC50	0.0	10000.0	nM	24900561
88660	P21554	FVYXIJYOAGAUQK-UHFFFAOYSA-N	Efficacy	168.0	168.0	%	24900561
88660	P21554	FVYXIJYOAGAUQK-UHFFFAOYSA-N	Ki	6.46	6.46	nM	27078864
88660	P21554	FVYXIJYOAGAUQK-UHFFFAOYSA-N	Ki	6.5	6.5	nM	27078864
88660	P21554	FVYXIJYOAGAUQK-UHFFFAOYSA-N	Ki	6460.0	6460.0	nM	24900561
88744	P21554	FWCLETPIGPWXKI-FGZHOGPDSA-N	Ki	1.85	1.85	nM	18524604,19250829
88798	P21554	FWDQKPVLSVRYRN-UHFFFAOYSA-N	Inhibition	92.0	92.0	%	18083560
88798	P21554	FWDQKPVLSVRYRN-UHFFFAOYSA-N	Ki	94.0	94.0	nM	18083560
88940	P21554	FWIPTNXNKAKQSL-NMVJMZGASA-N	Emax	69.0	69.0	%	21420857
88940	P21554	FWIPTNXNKAKQSL-NMVJMZGASA-N	IC50	1528.0	1528.0	nM	21420857
89000	P21554	FWLRKEJQMQYIRV-UHFFFAOYSA-N	Activity	0.0	50.0	%	19331413
89000	P21554	FWLRKEJQMQYIRV-UHFFFAOYSA-N	Ki	1995.0	1995.0	nM	19331413
89000	P21554	FWLRKEJQMQYIRV-UHFFFAOYSA-N	Ki	1995.26	1995.26	nM	19331413
89000	P21554	FWLRKEJQMQYIRV-UHFFFAOYSA-N	Ki	2220.0	2220.0	nM	19331413
89101	P21554	FWQBBXOFBNBHBD-UHFFFAOYSA-N	Ki	200.0	200.0	nM	21702498
89135	P21554	FWQVSIMNEDPTRV-UHFFFAOYSA-N	Activity	26.0	26.0	%	23679955
89135	P21554	FWQVSIMNEDPTRV-UHFFFAOYSA-N	Ki	0.0	10000.0	nM	23679955
89265	P21554	FWWKVNVJDHDHCS-UHFFFAOYSA-N	IC50	0.0	10000.0	nM	22571451
89265	P21554	FWWKVNVJDHDHCS-UHFFFAOYSA-N	Inhibition	3.6	3.6	%	22571451
89300	P21554	FWYLGZWGRACSJW-UHFFFAOYSA-N	Activity	76.0	76.0	%	16451053
89300	P21554	FWYLGZWGRACSJW-UHFFFAOYSA-N	EC50	936.0	936.0	nM	16451053
89300	P21554	FWYLGZWGRACSJW-UHFFFAOYSA-N	Emax	-50.9	-50.9	%	16451053
89300	P21554	FWYLGZWGRACSJW-UHFFFAOYSA-N	Ki	2110.0	2110.0	nM	16451053
89448	P21554	FXCBZFWKYXJOSC-KRWDZBQOSA-N	Ki	3559.0	3559.0	nM	15664857
89528	P21554	FXEPICCVMASENR-PTGBLXJZSA-N	Activity	43.22	43.22	%	21835510
89528	P21554	FXEPICCVMASENR-PTGBLXJZSA-N	IC50	0.0	10000.0	nM	21835510
89528	P21554	FXEPICCVMASENR-PTGBLXJZSA-N	Ki	0.0	10000.0	nM	21835510
89634	P21554	FXIHNXHABMIRJH-UHFFFAOYSA-N	IC50	55.0	55.0	nM	20047779
89634	P21554	FXIHNXHABMIRJH-UHFFFAOYSA-N	Ki	2.2	2.2	nM	20047779
89634	P21554	FXIHNXHABMIRJH-UHFFFAOYSA-N	Ki	2.2	2.2	nM	20047779
89635	P21554	FXIMAZQXUVYWEV-UHFFFAOYSA-N	Ki	534.4	534.4	nM	20943290
89833	P21554	FXQAHKCRKNITQZ-UHFFFAOYSA-N	Inhibition	86.0	86.0	%	19520572
89833	P21554	FXQAHKCRKNITQZ-UHFFFAOYSA-N	Ki	2269.0	2269.0	nM	19520572
89853	P21554	FXQWXZXBOMJWJV-UHFFFAOYSA-N	Ki	176.0	176.0	nM	17884494
89858	P21554	FXRARDZLGGDTOS-UHFFFAOYSA-N	EC50	1115.0	1115.0	nM	16451053
89858	P21554	FXRARDZLGGDTOS-UHFFFAOYSA-N	Ki	1877.0	1877.0	nM	16451053
89945	P21554	FXVVMQDNFASIOI-UHFFFAOYSA-N	Activity	20.0	0.0	%	17915849
89984	P21554	FXXPMGSAZPNOGM-UHFFFAOYSA-N	Ki	3126.0	3126.0	nM	22738271
90041	P21554	FYANSGCEECJVMS-UHFFFAOYSA-N	IC50	1.995	1.995	nM	21334892
90041	P21554	FYANSGCEECJVMS-UHFFFAOYSA-N	IC50	2.0	2.0	nM	21334892
90096	P21554	FYCHTHLJFDUTMG-UHFFFAOYSA-N	EC50	199.53	199.53	nM	21316962
90096	P21554	FYCHTHLJFDUTMG-UHFFFAOYSA-N	EC50	200.0	200.0	nM	21316962
90222	P21554	FYGPFTSGVSZKAJ-CMDGGOBGSA-N	Activity	40.0	0.0	%	21667972
90297	P21554	FYIWQGOPDHFVJD-UHFFFAOYSA-N	Ki	21100.0	21100.0	nM	MedChemComm, (2014) 5:5:632
90334	P21554	FYKOHAALTGDKNQ-UHFFFAOYSA-N	Ki	210.0	210.0	nM	24182233
90426	P21554	FYOWLYZYEMWLPL-UHFFFAOYSA-N	Ki	840.0	840.0	nM	19595596
90497	P21554	FYSLKHHAYTZFMU-UHFFFAOYSA-N	Inhibition	41.0	41.0	%	21923175
90728	P21554	FZAWWBUFWDNIHB-UHFFFAOYSA-N	Ki	86.0	86.0	nM	23350768
90760	P21554	FZCLGOSOJHUUST-UHFFFAOYSA-N	Ki	800.0	800.0	nM	24378710
90780	P21554	FZDLKXUFIKGEOR-XFXZXTDPSA-N	Inhibition	39.0	39.0	%	MedChemComm, (2014) 5:5:632
90780	P21554	FZDLKXUFIKGEOR-XFXZXTDPSA-N	Ki	0.0	10000.0	nM	MedChemComm, (2014) 5:5:632
90803	P21554	FZEGPSHCDJXSMW-UHFFFAOYSA-N	EC50	309.0	309.0	nM	16451053
90803	P21554	FZEGPSHCDJXSMW-UHFFFAOYSA-N	Ki	353.0	353.0	nM	16451053
90997	P21554	FZKJYQKVIPMHPR-UHFFFAOYSA-N	Ke	49.0	49.0	nM	23098108
90997	P21554	FZKJYQKVIPMHPR-UHFFFAOYSA-N	Ki	25.0	25.0	nM	23098108
91120	P21554	FZOGUASBOGBWGQ-UHFFFAOYSA-N	Activity	91.0	91.0	%	18342403
91120	P21554	FZOGUASBOGBWGQ-UHFFFAOYSA-N	Ki	210.0	210.0	nM	18342403
91187	P21554	FZQBRCQBOFAGPT-UHFFFAOYSA-N	IC50	5000.0	5000.0	nM	18293908
91187	P21554	FZQBRCQBOFAGPT-UHFFFAOYSA-N	Ki	2800.0	2800.0	nM	18293908
91220	P21554	FZRBBCFSHBITLI-UHFFFAOYSA-N	Inhibition	14.3	14.3	%	19095444
91259	P21554	FZSSOQWBTYVEQY-YOEHRIQHSA-N	Ki	0.0	4040.0	nM	18440813
91341	P21554	FZXBQRPZKNXVPY-UHFFFAOYSA-N	EC50	512.0	512.0	nM	23795771
91396	P21554	GAAJNVWIOIOMPO-IPKCRJEZSA-N	Ki	22.3	22.3	nM	21183257
91602	P21554	GAGMEEQOOSHHJQ-UHFFFAOYSA-N	Ki	180.0	180.0	nM	16279794
91614	P21554	GAGOJPYNDDUOKV-UHFFFAOYSA-N	EC50	142.7	142.7	nM	18712856
91614	P21554	GAGOJPYNDDUOKV-UHFFFAOYSA-N	IC50	65.3	65.3	nM	18712856
91731	P21554	GALCSZPFCCZIBC-UHFFFAOYSA-N	IC50	6090.0	6090.0	nM	11585444
91794	P21554	GAOHVWFMXKBWRA-UHFFFAOYSA-N	Ki	2710.0	2710.0	nM	22044209
91823	P21554	GAPYDVKOGFLHNF-UHFFFAOYSA-N	Ki	0.0	10000.0	nM	20718492,21183257
91874	P21554	GASFAQIEJVLYMT-UHFFFAOYSA-N	EC50	610.0	610.0	nM	18680277
91874	P21554	GASFAQIEJVLYMT-UHFFFAOYSA-N	EC50	1500.0	1500.0	nM	18680277
91874	P21554	GASFAQIEJVLYMT-UHFFFAOYSA-N	Emax	63.0	63.0	%	18680277
91874	P21554	GASFAQIEJVLYMT-UHFFFAOYSA-N	Emax	99.0	99.0	%	18680277
91882	P21554	GASXPOWMPRTYRR-UHFFFAOYSA-N	Ki	0.0	10000.0	nM	18424134
91893	P21554	GATBUFYBPKIZIQ-UHFFFAOYSA-N	Ki	0.0	20000.0	nM	23072339
91904	P21554	GATFOXMZJHQECQ-GKFVBPDJSA-N	Ki	41.0	41.0	nM	9057852
91904	P21554	GATFOXMZJHQECQ-GKFVBPDJSA-N	Ki	47.0	47.0	nM	9057852
92118	P21554	GBBFDWPPCQLGGT-UHFFFAOYSA-N	EC50	0.0	32000.0	nM	,PubChem BioAssay data set
92118	P21554	GBBFDWPPCQLGGT-UHFFFAOYSA-N	IC50	1660.0	1660.0	nM	,PubChem BioAssay data set
92163	P21554	GBDAMUKDGACIKG-NHCUHLMSSA-N	Ki	0.0	3000.0	nM	20079638
92201	P21554	GBEGOUHZHBIXNB-UHFFFAOYSA-N	Inhibition	29.0	29.0	%	17513109
92239	P21554	GBFKNPOLLYBNFL-UHFFFAOYSA-N	IC50	350.0	350.0	nM	22340081
92239	P21554	GBFKNPOLLYBNFL-UHFFFAOYSA-N	IC50	500.0	500.0	nM	22340081
92272	P21554	GBGCKWMSERCOAE-UHFFFAOYSA-N	Ki	15.0	15.0	nM	18512901
92496	P21554	GBQCPBWPELKWOE-UHFFFAOYSA-N	Ki	0.0	10000.0	nM	21428406
92668	P21554	GBWIPOWIDZFYER-UHFFFAOYSA-N	Activity	65.9	65.9	%	16392793
92668	P21554	GBWIPOWIDZFYER-UHFFFAOYSA-N	Ki	4083.0	4083.0	nM	16392793
92713	P21554	GBYDAJHWAIPJES-UHFFFAOYSA-N	EC50	96.0	96.0	nM	19062274
92713	P21554	GBYDAJHWAIPJES-UHFFFAOYSA-N	EC50	230.0	230.0	nM	19062274
92713	P21554	GBYDAJHWAIPJES-UHFFFAOYSA-N	Emax	82.0	82.0	%	19062274
92713	P21554	GBYDAJHWAIPJES-UHFFFAOYSA-N	Emax	98.0	98.0	%	19062274
92904	P21554	GCFMMKUQCAWLIA-UHFFFAOYSA-N	Ki	150.7	150.7	nM	20943290
92915	P21554	GCFYIBSBKKEKSL-AYLUNBTKSA-N	Ki	3660.0	3660.0	nM	24831513
92969	P21554	GCIPPHRALACBPJ-KHPPLWFESA-N	Ki	0.0	40000.0	nM	23434135
93041	P21554	GCLDSLHTTBFNQW-UHFFFAOYSA-N	EC50	1360.0	1360.0	nM	22284817
93041	P21554	GCLDSLHTTBFNQW-UHFFFAOYSA-N	Emax	76.0	76.0	%	22284817
93272	P21554	GCUHDOKPPLNQHJ-IEBWSBKVSA-N	Ki	0.0	3000.0	nM	20079638
93287	P21554	GCUYAWPJTIMKNJ-UHFFFAOYSA-N	EC50	1258.93	1258.93	nM	17027269
93287	P21554	GCUYAWPJTIMKNJ-UHFFFAOYSA-N	IC50	199.53	199.53	nM	17027269
93287	P21554	GCUYAWPJTIMKNJ-UHFFFAOYSA-N	IC50	200.0	200.0	nM	17027269
93307	P21554	GCVNOOJBZRSWBC-NRFANRHFSA-N	Ki	79.0	79.0	nM	15664857
93502	P21554	GDCVFBMYGYPFIY-YCRPNKLZSA-N	IC50	7.1	7.1	nM	17293109
93530	P21554	GDDXOHJBSCMDQG-WDZFZDKYSA-N	Inhibition	13.0	13.0	%	MedChemComm, (2014) 5:5:632
93530	P21554	GDDXOHJBSCMDQG-WDZFZDKYSA-N	Ki	0.0	10000.0	nM	MedChemComm, (2014) 5:5:632
93604	P21554	GDGMHYASAZSGQQ-UHFFFAOYSA-N	IC50	0.575	0.575	nM	21334892
93604	P21554	GDGMHYASAZSGQQ-UHFFFAOYSA-N	IC50	0.5754	0.5754	nM	21334892
93818	P21554	GDOISIIWVAYJII-YJBOKZPZSA-N	IC50	0.0	10000.0	nM	18440813
93842	P21554	GDPDARVUXXOYAJ-UHFFFAOYSA-N	EC50	0.0	32000.0	nM	PubChem BioAssay data set
93842	P21554	GDPDARVUXXOYAJ-UHFFFAOYSA-N	IC50	0.0	32000.0	nM	PubChem BioAssay data set
93879	P21554	GDQHBBSZCMGKIX-UHFFFAOYSA-N	Ke	195.0	195.0	nM	22372835
93879	P21554	GDQHBBSZCMGKIX-UHFFFAOYSA-N	Ki	65.3	65.3	nM	22372835
94066	P21554	GDWQUUCPLCSPGR-UHFFFAOYSA-N	IC50	1.9	1.9	nM	19328684
94196	P21554	GECBBEABIDMGGL-RTBURBONSA-N		-10000.0	-10000.0		
94196	P21554	GECBBEABIDMGGL-RTBURBONSA-N	EC50	3.981	3.981	nM	20688519
94196	P21554	GECBBEABIDMGGL-RTBURBONSA-N	Ki	2.19	2.19	nM	23865723,Bioorg. Med. Chem. Lett., (1996) 6:2:189
94196	P21554	GECBBEABIDMGGL-RTBURBONSA-N	Ki	2.2	2.2	nM	,23865723
94196	P21554	GECBBEABIDMGGL-RTBURBONSA-N	Ki	5.1	5.1	nM	20688519
94199	P21554	GECBBEABIDMGGL-UHFFFAOYSA-N	EC50	3.981	3.981	nM	21885167
94199	P21554	GECBBEABIDMGGL-UHFFFAOYSA-N	Ki	3.98	3.98	nM	21885167
94199	P21554	GECBBEABIDMGGL-UHFFFAOYSA-N	Ki	3.981	3.981	nM	21885167
94267	P21554	GEEHOLRSGZPBSM-FJOPGZJJSA-N	Ki	12200.0	12200.0	nM	9057852
94322	P21554	GEGJABYLALYXFH-UHFFFAOYSA-N	Ki	11.67	11.67	nM	Med Chem Res, (2013) 22:9:4133
94322	P21554	GEGJABYLALYXFH-UHFFFAOYSA-N	Ki	11.7	11.7	nM	Med Chem Res, (2013) 22:9:4133
94538	P21554	GEOLYIQEFDNFIJ-UHFFFAOYSA-N	Ki	115.0	115.0	nM	21428406
94547	P21554	GEOWISNUVFADMB-UHFFFAOYSA-N	EC50	5080.0	5080.0	nM	PubChem BioAssay data set
94547	P21554	GEOWISNUVFADMB-UHFFFAOYSA-N	IC50	0.0	32000.0	nM	,PubChem BioAssay data set
94627	P21554	GERMPJNUXLBCOW-UHFFFAOYSA-N	EC50	0.0	32000.0	nM	PubChem BioAssay data set
94627	P21554	GERMPJNUXLBCOW-UHFFFAOYSA-N	IC50	0.0	32000.0	nM	,PubChem BioAssay data set
94702	P21554	GEUFMHWPIXFMJY-UHFFFAOYSA-N	Ki	66.0	66.0	nM	14980654
94775	P21554	GEXXWFJVTORBID-UHFFFAOYSA-N	Ki	0.87	0.87	nM	18448340
94857	P21554	GFBAVZDJICEEHA-UHFFFAOYSA-N	Activity	24.5	24.5	%	16392827
94861	P21554	GFBFCDFXQDUYSU-UHFFFAOYSA-N	Activity	10.0	0.0	%	16392827
94923	P21554	GFBQNOACAGDIGG-UHFFFAOYSA-N	Activity	0.09	0.09	pmol	18585913
95258	P21554	GFPVBTCEHMGEHJ-JKVSBJAMSA-N	Ki	0.0	5000.0	nM	19646869
95422	P21554	GFVOQEVMYOQLDZ-UHFFFAOYSA-N	Ke	1170.0	1170.0	nM	22372835
95455	P21554	GFYAPNPWRHIAKF-FCHUYYIVSA-N	IC50	9.0	9.0	nM	19320488
95510	P21554	GGAOQZJBOLXKMT-UHFFFAOYSA-N	Ke	485.0	485.0	nM	22372835
95510	P21554	GGAOQZJBOLXKMT-UHFFFAOYSA-N	Ki	104.0	104.0	nM	22372835
95526	P21554	GGASESVHBWYDKY-UHFFFAOYSA-N	Ki	3400.0	3400.0	nM	18579386
95674	P21554	GGGNHVNLXDRYCH-UHFFFAOYSA-N	Ki	950.0	950.0	nM	22483967
95733	P21554	GGJLRNSPAGCZKZ-UHFFFAOYSA-N	IC50	10.0	10.0	nM	17433696
95836	P21554	GGNIFXBIJCNXCT-CQSZACIVSA-N	Ki	1459.0	1459.0	nM	18440813
95927	P21554	GGQDDJOKTVQNBO-UHFFFAOYSA-N	Ki	900.0	900.0	nM	20718492,21183257
96042	P21554	GGUIFPPTHFTTLY-UHFFFAOYSA-N	Ki	5444.0	5444.0	nM	21183257
96165	P21554	GGYRPAOZNOBUSJ-UHFFFAOYSA-N	EC50	0.0	32000.0	nM	,PubChem BioAssay data set
96165	P21554	GGYRPAOZNOBUSJ-UHFFFAOYSA-N	IC50	17900.0	17900.0	nM	,PubChem BioAssay data set
96341	P21554	GHCQHKJDEOAEFX-UHFFFAOYSA-N	EC50	16.0	16.0	nM	23227781
96341	P21554	GHCQHKJDEOAEFX-UHFFFAOYSA-N	Emax	51.0	51.0	%	23227781
96341	P21554	GHCQHKJDEOAEFX-UHFFFAOYSA-N	IC50	15000.0	15000.0	nM	23227781
96603	P21554	GHLZMFQTCPAANB-UHFFFAOYSA-N	IC50	39.81	39.81	nM	19338356
96603	P21554	GHLZMFQTCPAANB-UHFFFAOYSA-N	Ki	0.79	0.79	nM	19338356
96603	P21554	GHLZMFQTCPAANB-UHFFFAOYSA-N	Ki	0.7943	0.7943	nM	19338356
96631	P21554	GHNBODCHAPJFCM-UHFFFAOYSA-N	Ki	0.0	2500.0	nM	20845959
96866	P21554	GHWMIFALBUZXQR-UHFFFAOYSA-N	Ki	203.0	203.0	nM	17513109
96887	P21554	GHXDMEJUWJMZGJ-WUKNDPDISA-N	Ki	0.0	20000.0	nM	23072339
96915	P21554	GHYCZFFOTFFEPA-UHFFFAOYSA-N	Ki	1351.0	1351.0	nM	22437111
96915	P21554	GHYCZFFOTFFEPA-UHFFFAOYSA-N	Ki	1354.0	1354.0	nM	22444677,22421019
96925	P21554	GHYNTENMZDWMGY-UHFFFAOYSA-N	Inhibition	1.0	0.0	%	18083560
96995	P21554	GIBDUBNVECNSLR-UHFFFAOYSA-N	EC50	22.0	22.0	nM	19095444
96995	P21554	GIBDUBNVECNSLR-UHFFFAOYSA-N	IC50	22.6	22.6	nM	19095444
97009	P21554	GIBUMTYNNVDCKL-UHFFFAOYSA-N	Kd	2.512	2.512	nM	14736243
97009	P21554	GIBUMTYNNVDCKL-UHFFFAOYSA-N	Ki	119.0	119.0	nM	14736243
97024	P21554	GICAVAIQQLDFTR-UHFFFAOYSA-N	Ki	0.0	1000.0	nM	,None,19230659
97083	P21554	GIDUCTHBMLKBQQ-UHFFFAOYSA-N	EC50	251.19	251.19	nM	21411321
97389	P21554	GINXDHZODBJPKX-IMFGXOCKSA-N	IC50	0.0	17000.0	nM	21420857
97520	P21554	GISPPWDLKMGGSY-UHFFFAOYSA-N	Inhibition	19.6	19.6	%	12672243
97645	P21554	GIWVHEJUUAATKM-UHFFFAOYSA-N	Ki	0.0	5000.0	nM	21867920
97692	P21554	GIYXHIARXSJFMH-UHFFFAOYSA-N	EC50	79.43	79.43	nM	22421020
97787	P21554	GJCHIBBCHWAZCB-UHFFFAOYSA-N	Ki	550.3	550.3	nM	20943290
97819	P21554	GJDPGFHVEKFXEZ-SQIWNDBBSA-N	IC50	4600.0	4600.0	nM	24175626
97819	P21554	GJDPGFHVEKFXEZ-SQIWNDBBSA-N	Inhibition	30.0	30.0	%	24175626
97894	P21554	GJGRAMGTQURCNW-UHFFFAOYSA-N	EC50	1.0	1.0	nM	19320488
97894	P21554	GJGRAMGTQURCNW-UHFFFAOYSA-N	IC50	5.0	5.0	nM	19320488
97980	P21554	GJJWPAHIGGXADY-UHFFFAOYSA-N	Kd	31.62	31.62	nM	15771428
97980	P21554	GJJWPAHIGGXADY-UHFFFAOYSA-N	Ki	197.0	197.0	nM	15771428
98107	P21554	GJOLPKHBXPLDTR-UHFFFAOYSA-N	Activity	20.0	0.0	%	17915849
98108	P21554	GJOOHWJFYSUFIU-NRFANRHFSA-N	IC50	56.0	56.0	nM	20423086
98110	P21554	GJOOHWJFYSUFIU-OAQYLSRUSA-N	IC50	1.2	1.2	nM	20423086
98153	P21554	GJQLRIWIWJAJOG-UHFFFAOYSA-N	Ki	746.0	746.0	nM	23623258
98195	P21554	GJRWDZXBDAHESD-UHFFFAOYSA-N	IC50	113.0	113.0	nM	22444677
98195	P21554	GJRWDZXBDAHESD-UHFFFAOYSA-N	Ki	258.0	258.0	nM	22444677
98378	P21554	GJYAHGCCGZMMCK-UHFFFAOYSA-N	IC50	5.6	5.6	nM	17270441
98381	P21554	GJYFBGWPXHVUAZ-YCRPNKLZSA-N	IC50	7.4	7.4	nM	17293109
98478	P21554	GKCBNNYYHQNJLZ-UHFFFAOYSA-N	EC50	630.96	630.96	nM	17027269
98478	P21554	GKCBNNYYHQNJLZ-UHFFFAOYSA-N	IC50	3981.0	3981.0	nM	17027269
98478	P21554	GKCBNNYYHQNJLZ-UHFFFAOYSA-N	IC50	3981.07	3981.07	nM	17027269
98499	P21554	GKCWSDRFNXROEL-UHFFFAOYSA-N	Activity	85.0	85.0	%	16279809
98499	P21554	GKCWSDRFNXROEL-UHFFFAOYSA-N	Ki	1900.0	1900.0	nM	16279809
98611	P21554	GKGNNZNHKIBWOJ-UHFFFAOYSA-N	Ki	19.8	19.8	nM	Med Chem Res, (2013) 22:9:4133
98611	P21554	GKGNNZNHKIBWOJ-UHFFFAOYSA-N	Ki	19.82	19.82	nM	Med Chem Res, (2013) 22:9:4133
98849	P21554	GKNXJUJJBXPUBJ-UHFFFAOYSA-N	EC50	0.0	32000.0	nM	PubChem BioAssay data set
98849	P21554	GKNXJUJJBXPUBJ-UHFFFAOYSA-N	IC50	0.0	32000.0	nM	,PubChem BioAssay data set
98985	P21554	GKTQBPYMIGXPKG-JVVVGQRLSA-N	Ki	0.0	10000.0	nM	16392798
98993	P21554	GKTQBPYMIGXPKG-UHFFFAOYSA-N	Ki	0.0	10000.0	nM	16392798
99175	P21554	GLBHDBKJJWTLPC-UHFFFAOYSA-N	Activity	51.0	51.0	%	23679955
99175	P21554	GLBHDBKJJWTLPC-UHFFFAOYSA-N	Inhibition	51.0	51.0	%	22916707
99175	P21554	GLBHDBKJJWTLPC-UHFFFAOYSA-N	Ki	10000.0	10000.0	nM	23679955,22916707
99308	P21554	GLHCGUOLIKDUPD-UHFFFAOYSA-N	IC50	2500.0	2500.0	nM	22340081
99343	P21554	GLJBTNGNJZDANQ-DOFZRALJSA-N	Ki	300.0	300.0	nM	16213718
99388	P21554	GLKVKZHCCAPKIW-UHFFFAOYSA-N	Activity	80.1	80.1	%	16451053
99388	P21554	GLKVKZHCCAPKIW-UHFFFAOYSA-N	Emax	-70.0	-70.0	%	16451053
99388	P21554	GLKVKZHCCAPKIW-UHFFFAOYSA-N	Ki	4968.0	4968.0	nM	16451053
99439	P21554	GLNCVAUSEPMKRR-UHFFFAOYSA-N	Activity	21.9	21.9	%	16392827
99439	P21554	GLNCVAUSEPMKRR-UHFFFAOYSA-N	Displacement	38.5	38.5	%	15801840
99547	P21554	GLTATSBKHAKNIX-UHFFFAOYSA-N	Activity	20.0	0.0	%	16279809
99778	P21554	GMCGZUKFSQESFG-UHFFFAOYSA-N	Ki	56.0	56.0	nM	24518874
99899	P21554	GMHDPRHDMOFAGT-FGZHOGPDSA-N	Ki	13.7	13.7	nM	19250829
99938	P21554	GMJBSGFSLCGHEK-UHFFFAOYSA-N	EC50	133.9	133.9	nM	18712856
99938	P21554	GMJBSGFSLCGHEK-UHFFFAOYSA-N	EC50	1100.0	1100.0	nM	19328683
99938	P21554	GMJBSGFSLCGHEK-UHFFFAOYSA-N	IC50	158.7	158.7	nM	18712856
99977	P21554	GMKMGZYNRTVTJL-UHFFFAOYSA-N	Ki	0.0	10000.0	nM	18511157
100045	P21554	GMNFDNPPNBCUPK-UHFFFAOYSA-N	Ki	7.7	7.7	nM	21996466
100065	P21554	GMNVCBCXIRKAHE-CTNGQTDRSA-N	EC50	78.7	78.7	nM	22607668
100065	P21554	GMNVCBCXIRKAHE-CTNGQTDRSA-N	Emax	126.0	126.0	%	22607668
100078	P21554	GMORXCFKPPSPDS-UHFFFAOYSA-N	Ki	47.6	47.6	nM	20943290
100114	P21554	GMQDMMDBFMLNTG-UHFFFAOYSA-N	Activity	10.0	0.0	%	17915849
100177	P21554	GMSTWIZAQXJBNA-UHFFFAOYSA-N	IC50	40.0	40.0	nM	19328684
100211	P21554	GMUJSLQGNHXBQA-ZKWNWVNESA-N	Ki	650.0	650.0	nM	9057852
100211	P21554	GMUJSLQGNHXBQA-ZKWNWVNESA-N	Ki	1820.0	1820.0	nM	9057852
100211	P21554	GMUJSLQGNHXBQA-ZKWNWVNESA-N	Log Ki	3.26	3.26	nM	10882356
100453	P21554	GNCYNJOQKXCFFG-UHFFFAOYSA-N	EC50	320.0	320.0	nM	22130134
100702	P21554	GNNGQWYKJIJNCS-UHFFFAOYSA-N	EC50	199.53	199.53	nM	21316962
100702	P21554	GNNGQWYKJIJNCS-UHFFFAOYSA-N	EC50	200.0	200.0	nM	21316962
100891	P21554	GNUDAIROHJOQGV-UHFFFAOYSA-N	EC50	156.0	156.0	nM	18335976
100891	P21554	GNUDAIROHJOQGV-UHFFFAOYSA-N	Ki	30.0	30.0	nM	18335976
100930	P21554	GNVSRVYLFPLWQP-UHFFFAOYSA-N	Ki	0.0	5000.0	nM	18522867
100934	P21554	GNVYTDPQYLDLJV-UHFFFAOYSA-N	EC50	36.4	36.4	nM	18712856
100934	P21554	GNVYTDPQYLDLJV-UHFFFAOYSA-N	IC50	24.2	24.2	nM	18712856
101106	P21554	GODCOWOFXDZXGO-UHFFFAOYSA-N	EC50	0.0	1000.0	nM	21115245
101273	P21554	GOJRXPJKDWGTKN-UHFFFAOYSA-N	Ki	780.0	780.0	nM	19919895
101281	P21554	GOKFTKVTHURVMY-UHFFFAOYSA-N	IC50	7000.0	7000.0	nM	15713403
101356	P21554	GOMIDTFVHGKBCD-CDAQVASYSA-N	EC50	31.62	31.62	nM	21074434
101367	P21554	GOMQTRDCGNSUPF-KEKNWZKVSA-N	IC50	13.0	13.0	nM	22959249
101606	P21554	GOWAJQWDPFWVDT-UHFFFAOYSA-N	IC50	1500.0	1500.0	nM	15713403
101616	P21554	GOWJGXSXULZEEW-UHFFFAOYSA-N	IC50	8.5	8.5	nM	19328684
101662	P21554	GOYBAYBWIMTDHO-UHFFFAOYSA-N	EC50	0.5	0.5	nM	19320488
101662	P21554	GOYBAYBWIMTDHO-UHFFFAOYSA-N	IC50	26.0	26.0	nM	19320488
102188	P21554	GPQAMKRDGHYJDR-UHFFFAOYSA-N	EC50	0.0	32000.0	nM	,PubChem BioAssay data set
102188	P21554	GPQAMKRDGHYJDR-UHFFFAOYSA-N	IC50	661.0	661.0	nM	,PubChem BioAssay data set
102344	P21554	GPXJGXGWNQNGGC-UHFFFAOYSA-N	Kd	104.0	104.0	nM	10633038
102377	P21554	GPYNXTKNGYTHQE-UHFFFAOYSA-N	IC50	4496.8	4496.8	nM	19095444
102377	P21554	GPYNXTKNGYTHQE-UHFFFAOYSA-N	Inhibition	78.9	78.9	%	19095444
102539	P21554	GQDGUEQVALMWAN-UHFFFAOYSA-N	IC50	611.0	611.0	nM	22421019
102539	P21554	GQDGUEQVALMWAN-UHFFFAOYSA-N	Ki	1557.0	1557.0	nM	22421019
102599	P21554	GQFIFLGWAUGHKZ-UHFFFAOYSA-N	Ki	1800.0	1800.0	nM	18430570
102613	P21554	GQGFTACYWTUWFF-GKFVBPDJSA-N	Ki	2900.0	2900.0	nM	22172309
102720	P21554	GQLJOWDFHDEIRJ-UHFFFAOYSA-N	Activity	29.0	29.0	%	23679955
102720	P21554	GQLJOWDFHDEIRJ-UHFFFAOYSA-N	Ki	0.0	10000.0	nM	23679955
102745	P21554	GQLZRJXYCSFWNA-UHFFFAOYSA-N	Ki	1040.0	1040.0	nM	22044209
102796	P21554	GQNZJQBYGQAYKX-JXFKEZNVSA-N	EC50	15.85	15.85	nM	20634067
102796	P21554	GQNZJQBYGQAYKX-JXFKEZNVSA-N	Ki	1.995	1.995	nM	20634067
102796	P21554	GQNZJQBYGQAYKX-JXFKEZNVSA-N	Ki	2.0	2.0	nM	20634067
102828	P21554	GQOWRGJDUDQRIR-UHFFFAOYSA-N	EC50	0.0	30000.0	nM	19743867
102978	P21554	GQTSBYIQMOAYSA-UHFFFAOYSA-N	Displacement	59.8	59.8	%	11960486
103009	P21554	GQUAMONQHZIZKG-UHFFFAOYSA-N	Ki	3000.0	3000.0	nM	16279794
103128	P21554	GQYXNRWEEUCMOZ-MMSALSPUSA-N	EC50	1.29	1.29	nM	23621789
103128	P21554	GQYXNRWEEUCMOZ-MMSALSPUSA-N	EC50	1.3	1.3	nM	23621789
103128	P21554	GQYXNRWEEUCMOZ-MMSALSPUSA-N	EC50	96.0	96.0	nM	23621789
103128	P21554	GQYXNRWEEUCMOZ-MMSALSPUSA-N	Ratio	0.78	0.78	-	23621789
103186	P21554	GRAJFFFXJYFVOC-UHFFFAOYSA-N	Inhibition	37.6	37.6	%	24445310
103186	P21554	GRAJFFFXJYFVOC-UHFFFAOYSA-N	Ki	2370.0	2370.0	nM	21183257
103186	P21554	GRAJFFFXJYFVOC-UHFFFAOYSA-N	Ki	3924.0	3924.0	nM	20031412
103454	P21554	GRIZECWQBAVADT-UHFFFAOYSA-N	Ke	8.59	8.59	uM	21875798
103475	P21554	GRJVQDCAARFQCO-UHFFFAOYSA-N	Ki	1126.0	1126.0	nM	23406429
103539	P21554	GRMUMARBFBEJJG-UHFFFAOYSA-N	Inhibition	54.0	54.0	%	21923175
103809	P21554	GRVIRAHUADMZRK-UHFFFAOYSA-N	Ki	650.0	650.0	nM	19919895
103850	P21554	GRWSWDKSCZKGSY-UHFFFAOYSA-N	Ki	1.2	1.2	nM	22341572
103855	P21554	GRWXJSVBCXVHND-CQJMVLFOSA-N	Ki	1700.0	1700.0	nM	18831576
103899	P21554	GRYNLFCOZHYEPP-UHFFFAOYSA-N	EC50	0.0	3162.28	nM	19010671
103899	P21554	GRYNLFCOZHYEPP-UHFFFAOYSA-N	Efficacy	7.0	7.0	%	19010671
103938	P21554	GSAAVKPLIQVPLL-UHFFFAOYSA-N	Ki	100.0	100.0	nM	19595596
104099	P21554	GSGNXDQKXQCLBM-UHFFFAOYSA-N	Ki	310.0	310.0	nM	19595596
104124	P21554	GSHYOAZTBVECBL-UHFFFAOYSA-N	EC50	0.0	10000.0	nM	19062274
104124	P21554	GSHYOAZTBVECBL-UHFFFAOYSA-N	Emax	7.0	7.0	%	19062274
104175	P21554	GSJKYQXTTLLNLR-CYBMUJFWSA-N	Ki	0.29	0.29	nM	20971001
104215	P21554	GSKSTUBDYCGHNA-DOFZRALJSA-N	Ki	3900.0	3900.0	nM	16570929
104333	P21554	GSORWXVWMXUESR-UHFFFAOYSA-N	Ki	0.0	3000.0	nM	20979417
104372	P21554	GSQPIDJUEWDSGT-UHFFFAOYSA-N	Ki	25.0	25.0	nM	17513109
104444	P21554	GSTJEWFIXZLJGZ-UHFFFAOYSA-N	EC50	0.0	10000.0	nM	23380378
104450	P21554	GSTMDKTUYLEMNX-UHFFFAOYSA-N	Ki	2400.0	2400.0	nM	24378710
104470	P21554	GSTZHANFXAKPSE-MXTREEOPSA-N	Ki	334.0	334.0	nM	23865723
104505	P21554	GSVIYFPRZFISQC-UHFFFAOYSA-N	Ki	2483.0	2483.0	nM	18522867
104704	P21554	GTCBSXYFQAQUGP-UHFFFAOYSA-N	Ki	0.0	10000.0	nM	21183257,20718492
104725	P21554	GTCSIQFTNPTSLO-CGAIIQECSA-N	IC50	2.0	2.0	nM	22959249
104727	P21554	GTCSIQFTNPTSLO-RPWUZVMVSA-N	IC50	0.5	0.5	nM	22959249
104727	P21554	GTCSIQFTNPTSLO-RPWUZVMVSA-N	IC50	2.0	2.0	nM	22959249
104728	P21554	GTCSIQFTNPTSLO-ZEQRLZLVSA-N	IC50	0.0	1000.0	nM	22959249
105161	P21554	GTUBFFSVRFOGEG-UHFFFAOYSA-N	Ke	71.0	71.0	nM	23098108
105161	P21554	GTUBFFSVRFOGEG-UHFFFAOYSA-N	Ki	29.0	29.0	nM	23098108
105228	P21554	GTWAEQRGBKIVJZ-UHFFFAOYSA-N	EC50	0.0	3162.28	nM	19010671
105228	P21554	GTWAEQRGBKIVJZ-UHFFFAOYSA-N	Efficacy	7.0	7.0	%	19010671
105362	P21554	GUAJCLOVZCTWOJ-UHFFFAOYSA-N	IC50	0.0	1000.0	nM	24139843
105379	P21554	GUAYRGLBYUIBCV-UHFFFAOYSA-N	EC50	570.0	570.0	nM	18430570
105379	P21554	GUAYRGLBYUIBCV-UHFFFAOYSA-N	Ki	260.0	260.0	nM	18430570
105560	P21554	GUHKCQXIXRAGEK-UHFFFAOYSA-N	IC50	320.0	320.0	nM	23227781
105752	P21554	GUNCOSCOXDDNME-LJQANCHMSA-N	EC50	70.6	70.6	nM	22607668
105752	P21554	GUNCOSCOXDDNME-LJQANCHMSA-N	Emax	110.0	110.0	%	22607668
105842	P21554	GUQQKXFNVGXNPW-UHFFFAOYSA-N	EC50	10000.0	0.0	nM	17027269
105842	P21554	GUQQKXFNVGXNPW-UHFFFAOYSA-N	IC50	1258.93	1258.93	nM	17027269
105842	P21554	GUQQKXFNVGXNPW-UHFFFAOYSA-N	IC50	1259.0	1259.0	nM	17027269
105967	P21554	GUUSLCMBMVQETC-UHFFFAOYSA-N	IC50	0.0	5000.0	nM	18293908
105967	P21554	GUUSLCMBMVQETC-UHFFFAOYSA-N	Ki	0.0	2820.0	nM	18293908
105967	P21554	GUUSLCMBMVQETC-UHFFFAOYSA-N	Ki	2820.0	2820.0	nM	18293908
105973	P21554	GUUZUGFVBBTFNU-UHFFFAOYSA-N	EC50	7452.0	7452.0	nM	23147076
105973	P21554	GUUZUGFVBBTFNU-UHFFFAOYSA-N	Efficacy	97.0	97.0	%	23147076
106031	P21554	GUXZMJXQQKUUOL-UHFFFAOYSA-N	EC50	0.0	1000.0	nM	18680277
106031	P21554	GUXZMJXQQKUUOL-UHFFFAOYSA-N	EC50	2300.0	2300.0	nM	18680277
106031	P21554	GUXZMJXQQKUUOL-UHFFFAOYSA-N	Emax	30.0	30.0	%	18680277
106031	P21554	GUXZMJXQQKUUOL-UHFFFAOYSA-N	Emax	43.0	43.0	%	18680277
106110	P21554	GVBJNZBVBNANME-UHFFFAOYSA-N	Ki	0.0	10000.0	nM	22483967
106161	P21554	GVDPWDDOKQHKSU-UHFFFAOYSA-N	EC50	0.0	100000.0	nM	22765893
106232	P21554	GVGKRVCNFMMMAI-UHFFFAOYSA-N	Activity	0.0	60.0	%	23017078
106261	P21554	GVHFXCZQRWAYQT-UHFFFAOYSA-N	Displacement	5.0	0.0	%	11960486
106383	P21554	GVMVKUDTCSWOCV-UHFFFAOYSA-N	IC50	14.0	14.0	nM	17270441
106513	P21554	GVRGHSATAUDCBX-UHFFFAOYSA-N	Ki	58.2	58.2	nM	23085772
106535	P21554	GVSFLAMLFQHOED-UHFFFAOYSA-N	Ki	76.7	76.7	nM	Med Chem Res, (2013) 22:9:4133
106535	P21554	GVSFLAMLFQHOED-UHFFFAOYSA-N	Ki	76.74	76.74	nM	Med Chem Res, (2013) 22:9:4133
106614	P21554	GVVBDSXGTXGHEV-KHPPLWFESA-N	Ki	1500.0	1500.0	nM	16213718
106614	P21554	GVVBDSXGTXGHEV-KHPPLWFESA-N	Ki	1600.0	1600.0	nM	16213718
106785	P21554	GWCQNKRMTGVYIZ-UHFFFAOYSA-N	EC50	10.0	10.0	nM	21885167
106785	P21554	GWCQNKRMTGVYIZ-UHFFFAOYSA-N	Ki	1.259	1.259	nM	21885167
106840	P21554	GWEZFNZYNZYCHM-NHCUHLMSSA-N	Ki	1840.0	1840.0	nM	20079638
106978	P21554	GWJYZCALWBDHTL-FLIBITNWSA-N	Inhibition	30.0	30.0	%	MedChemComm, (2014) 5:5:632
106978	P21554	GWJYZCALWBDHTL-FLIBITNWSA-N	Ki	0.0	10000.0	nM	MedChemComm, (2014) 5:5:632
106991	P21554	GWKGBPWEUPDTSJ-UHFFFAOYSA-N	Ki	33.0	33.0	nM	18311894,21183257
106991	P21554	GWKGBPWEUPDTSJ-UHFFFAOYSA-N	Ki	33.11	33.11	nM	18311894
107011	P21554	GWLDYBULTJKXBC-UHFFFAOYSA-N	Activity	42.0	42.0	%	23679955
107011	P21554	GWLDYBULTJKXBC-UHFFFAOYSA-N	Ki	10000.0	10000.0	nM	23679955
107088	P21554	GWNPSNDHGBCAFF-FARCUNLSSA-N	Activity	50.0	0.0	%	21074998
107088	P21554	GWNPSNDHGBCAFF-FARCUNLSSA-N	IC50	0.0	10000.0	nM	21074998
107088	P21554	GWNPSNDHGBCAFF-FARCUNLSSA-N	Ki	0.0	10000.0	nM	21074998
107119	P21554	GWPFRTOGDDGDEA-UHFFFAOYSA-N	Inhibition	0.7	0.7	%	12672243
107185	P21554	GWRWPRMABCQODZ-UHFFFAOYSA-N	Ki	15.0	15.0	nM	17507224
107438	P21554	GXBAKXRLQAPKEE-QHCPKHFHSA-N	Inhibition	66.0	66.0	%	24164599
107448	P21554	GXBHQIVODVYSBM-UHFFFAOYSA-N	EC50	256.1	256.1	nM	19095444
107448	P21554	GXBHQIVODVYSBM-UHFFFAOYSA-N	IC50	262.2	262.2	nM	19095444
107462	P21554	GXCDURDYHKYIFV-UHFFFAOYSA-N	Ki	0.0	5000.0	nM	18522867
107649	P21554	GXIDPXCTASLXJO-UHFFFAOYSA-N	IC50	13.0	13.0	nM	20096577
107747	P21554	GXMKPONJLTZWSW-WOJBJXKFSA-N	Ki	76.1	76.1	nM	18524604,19250829
107805	P21554	GXPFAGIMBDKZKN-UHFFFAOYSA-N	Ki	0.0	20000.0	nM	23072339
107939	P21554	GXVOMEXKBUSDHO-UHFFFAOYSA-N	Activity	54.6	54.6	%	17915849,16392793
108000	P21554	GXYQICKPCCBIIX-UHFFFAOYSA-N	Activity	40.0	0.0	%	21667972
108692	P21554	GYVSQNBUFKWWPG-UHFFFAOYSA-N	EC50	120.0	120.0	nM	23227781
108692	P21554	GYVSQNBUFKWWPG-UHFFFAOYSA-N	Emax	51.0	51.0	%	23227781
108692	P21554	GYVSQNBUFKWWPG-UHFFFAOYSA-N	IC50	73000.0	73000.0	nM	23227781
108819	P21554	GZANEENHXGTSQQ-FGZHOGPDSA-N	Ki	23.5	23.5	nM	24175572
108847	P21554	GZBNSNLOUUIGBF-UHFFFAOYSA-N	EC50	473.0	473.0	nM	22284817
108847	P21554	GZBNSNLOUUIGBF-UHFFFAOYSA-N	Emax	103.0	103.0	%	22284817
108847	P21554	GZBNSNLOUUIGBF-UHFFFAOYSA-N	Ki	239.0	239.0	nM	22284817
108938	P21554	GZEWXBGMEDJEHN-UHFFFAOYSA-N	Ki	6300.0	6300.0	nM	19646869
109021	P21554	GZGZYDZBSNEDTO-UHFFFAOYSA-N	Activity	30.0	30.0	%	22784640
109175	P21554	GZKSAQUUENNDEG-ICSRJNTNSA-N	EC50	100.0	100.0	nM	21074434
109179	P21554	GZKXLOHNLDAQGY-XDOYNYLZSA-N	Ki	1700.0	1700.0	nM	21183257
109261	P21554	GZNQWILOGYZACV-UHFFFAOYSA-N	Activity	0.0	60.0	%	23017078
109261	P21554	GZNQWILOGYZACV-UHFFFAOYSA-N	Ki	193.4	193.4	nM	23017078
109373	P21554	GZRKWISDSQAWCR-UHFFFAOYSA-N	EC50	0.0	50000.0	nM	23865723
109436	P21554	GZTSQHSXUJTAHK-UHFFFAOYSA-N	Inhibition	87.0	87.0	%	19520572
109436	P21554	GZTSQHSXUJTAHK-UHFFFAOYSA-N	Ki	1606.0	1606.0	nM	19520572
109521	P21554	GZWCZWFTYKXPDP-UHFFFAOYSA-N	Activity	61.0	61.0	%	18342403
109521	P21554	GZWCZWFTYKXPDP-UHFFFAOYSA-N	Ki	0.0	10000.0	nM	18342403
109521	P21554	GZWCZWFTYKXPDP-UHFFFAOYSA-N	Ki	16000.0	16000.0	nM	18342403
109629	P21554	GZYUOGNPBFAMCO-UHFFFAOYSA-N	Ki	521.0	521.0	nM	22738271
109634	P21554	GZYXCXRHVALIJD-WOJBJXKFSA-N	Ki	12.0	12.0	nM	14505654
109634	P21554	GZYXCXRHVALIJD-WOJBJXKFSA-N	Ki	12.3	12.3	nM	18524604,17521177,19250829,19230659,14505654
109634	P21554	GZYXCXRHVALIJD-WOJBJXKFSA-N	Ratio	13.5	13.5	-	14505654
109657	P21554	GZZYLEZVFVDDCG-FCHUYYIVSA-N	%max	-106.0	-106.0	%	19320488
109657	P21554	GZZYLEZVFVDDCG-FCHUYYIVSA-N	EC50	5.8	5.8	nM	19320488
109657	P21554	GZZYLEZVFVDDCG-FCHUYYIVSA-N	EC50	8.0	8.0	nM	19320488
109657	P21554	GZZYLEZVFVDDCG-FCHUYYIVSA-N	IC50	0.1	0.1	nM	19320488
109657	P21554	GZZYLEZVFVDDCG-FCHUYYIVSA-N	IC50	0.5	0.5	nM	19320488
109657	P21554	GZZYLEZVFVDDCG-FCHUYYIVSA-N	Inhibition	156.0	156.0	%	19320488
109766	P21554	HAEKROWHXRTASV-UHFFFAOYSA-N	Ki	45.6	45.6	nM	20943290
109799	P21554	HAFWIBPGIZOZQO-BXKMTCNYSA-N	IC50	15.4	15.4	nM	17293109
109805	P21554	HAFZJTKIBGEQKT-UHFFFAOYSA-N	Inhibition	2.0	2.0	%	14521402
109977	P21554	HAMLZAXSMZZNHH-BXKMTCNYSA-N	IC50	48.0	48.0	nM	17181138
109979	P21554	HAMLZAXSMZZNHH-OSPHWJPCSA-N	IC50	13.0	13.0	nM	17181138
109982	P21554	HAMLZAXSMZZNHH-UHFFFAOYSA-N	IC50	20.0	20.0	nM	17181138
110077	P21554	HAQRKBMHJXTTRZ-UHFFFAOYSA-N	Ki	13.0	13.0	nM	18335976
110117	P21554	HASYDUIFQCRDMA-UHFFFAOYSA-N	EC50	10000.0	0.0	nM	17027269
110117	P21554	HASYDUIFQCRDMA-UHFFFAOYSA-N	IC50	1995.0	1995.0	nM	17027269
110117	P21554	HASYDUIFQCRDMA-UHFFFAOYSA-N	IC50	1995.26	1995.26	nM	17027269
110232	P21554	HAXRXMINOCSQGA-IDISGSTGSA-N	Ki	57.0	57.0	nM	20018510
110322	P21554	HBBKITXQQTYAAN-UHFFFAOYSA-N	Ki	0.0	10000.0	nM	16213718
110505	P21554	HBHMIKJVZYVGNO-UHFFFAOYSA-N	Ki	53.1	53.1	nM	21996466
110535	P21554	HBILZCDAOBDBDT-UHFFFAOYSA-N	Ki	1300.0	1300.0	nM	16279794
110685	P21554	HBMSIPLIFIVUKZ-UHFFFAOYSA-N	Inhibition	14.4	14.4	%	12672243
110694	P21554	HBNFLNXIXRTYTC-UHFFFAOYSA-N	EC50	26.0	26.0	nM	22284817
110694	P21554	HBNFLNXIXRTYTC-UHFFFAOYSA-N	Emax	114.0	114.0	%	22284817
110694	P21554	HBNFLNXIXRTYTC-UHFFFAOYSA-N	Ki	22.0	22.0	nM	22284817
110717	P21554	HBNYOCFTGWIISU-UHFFFAOYSA-N	Ki	0.0	5000.0	nM	18522867
110739	P21554	HBOZOOYIOXJZFX-IAGOWNOFSA-N	Ki	1.08	1.08	nM	18524604,19250829
110739	P21554	HBOZOOYIOXJZFX-IAGOWNOFSA-N	Ki	12.3	12.3	nM	21183257
110764	P21554	HBQAIROLYJEHCY-UHFFFAOYSA-N	IC50	37.0	37.0	nM	17270441
110895	P21554	HBTYATWGNXKNSB-UHFFFAOYSA-N	EC50	850.0	850.0	nM	18680277
110895	P21554	HBTYATWGNXKNSB-UHFFFAOYSA-N	EC50	1100.0	1100.0	nM	18680277
110895	P21554	HBTYATWGNXKNSB-UHFFFAOYSA-N	Emax	78.0	78.0	%	18680277
110895	P21554	HBTYATWGNXKNSB-UHFFFAOYSA-N	Emax	81.0	81.0	%	18680277
110992	P21554	HBXGMYPLVUUOLH-UHFFFAOYSA-N	Activity	34.0	34.0	%	23697626
110992	P21554	HBXGMYPLVUUOLH-UHFFFAOYSA-N	Ki	0.0	10000.0	nM	23697626
111020	P21554	HBYBQDJZTXGWDU-UHFFFAOYSA-N	Activity	8.72	8.72	%	23164658
111020	P21554	HBYBQDJZTXGWDU-UHFFFAOYSA-N	EC50	790.0	790.0	nM	23164658
111020	P21554	HBYBQDJZTXGWDU-UHFFFAOYSA-N	Ki	320.0	320.0	nM	23164658
111042	P21554	HBYVKAXKMOLOJA-UHFFFAOYSA-N	Ki	31.0	31.0	nM	19595596
111101	P21554	HCAWPGARWVBULJ-IAGOWNOFSA-N	Ki	28.5	28.5	nM	18524604,19250829,19230659
111101	P21554	HCAWPGARWVBULJ-IAGOWNOFSA-N	Ki	47.6	47.6	nM	17521177
111101	P21554	HCAWPGARWVBULJ-IAGOWNOFSA-N	Ki	47.86	47.86	nM	17521177,17980589
111101	P21554	HCAWPGARWVBULJ-IAGOWNOFSA-N	Ki	78.0	78.0	nM	26000707
111151	P21554	HCCPCHOTWZKROT-UHFFFAOYSA-N	EC50	0.0	10000.0	nM	18680277
111191	P21554	HCDXKFVDVPDYPB-ZDUSSCGKSA-N	Ki	3.7	3.7	nM	17466519
111296	P21554	HCHQMTSFRNJTLA-UHFFFAOYSA-N	EC50	0.0	32000.0	nM	PubChem BioAssay data set
111296	P21554	HCHQMTSFRNJTLA-UHFFFAOYSA-N	IC50	0.0	32000.0	nM	,PubChem BioAssay data set
111303	P21554	HCHXKEGYBWXMJT-UHFFFAOYSA-N	IC50	0.91	0.91	nM	17270441
111338	P21554	HCJDEWFWSLGINJ-UHFFFAOYSA-N	Ki	0.0	1000.0	nM	14736243
111339	P21554	HCJDEWFWSLGINJ-ZZIIXHQDSA-N	Kd	0.0	31.62	nM	14736243
111339	P21554	HCJDEWFWSLGINJ-ZZIIXHQDSA-N	Ki	0.0	1000.0	nM	14736243
111345	P21554	HCJKJGVLSCAUCC-AYLUNBTKSA-N	Ki	8640.0	8640.0	nM	24831513
111519	P21554	HCQDJFJVOUQGDH-UHFFFAOYSA-N	IC50	500.0	500.0	nM	15713403
111540	P21554	HCRHKHNIDPJLBQ-UHFFFAOYSA-N	Ke	0.4	0.4	nM	22372835
111540	P21554	HCRHKHNIDPJLBQ-UHFFFAOYSA-N	Ke	0.45	0.45	nM	23098108
111540	P21554	HCRHKHNIDPJLBQ-UHFFFAOYSA-N	Ki	0.4	0.4	nM	22372835
111540	P21554	HCRHKHNIDPJLBQ-UHFFFAOYSA-N	Ki	3.4	3.4	nM	22372835
111540	P21554	HCRHKHNIDPJLBQ-UHFFFAOYSA-N	Ki	3.44	3.44	nM	23098108
111653	P21554	HCVQRSCZRRQWTK-WBAXXEDZSA-N	Activity	-3.0	-3.0	%	11678659
111653	P21554	HCVQRSCZRRQWTK-WBAXXEDZSA-N	Activity	3.0	3.0	%	11678659
111689	P21554	HCWWAAMQYOFKCS-UHFFFAOYSA-N	Activity	15.0	15.0	%	19500981
111716	P21554	HCXWHOQYHTVJCF-HTAPYJJXSA-N	IC50	203.0	203.0	nM	19632830
111966	P21554	HDFXOLVNCFTDRO-UHFFFAOYSA-N	Ki	1150.0	1150.0	nM	22738271
112017	P21554	HDISCPHXDLSWKV-AWEZNQCLSA-N	Ki	115.0	115.0	nM	17466519
112089	P21554	HDMBJOMYKUDPRX-UHFFFAOYSA-N	IC50	53.4	53.4	nM	19530697
112239	P21554	HDQPMGYDNBFKSZ-UHFFFAOYSA-N	Emax	66.0	66.0	%	21420860
112239	P21554	HDQPMGYDNBFKSZ-UHFFFAOYSA-N	IC50	2565.0	2565.0	nM	21420860
112275	P21554	HDRWGJCAGSFEAW-UHFFFAOYSA-N	IC50	1800.0	1800.0	nM	15713403
112275	P21554	HDRWGJCAGSFEAW-UHFFFAOYSA-N	IC50	1819.7	1819.7	nM	19406638
112335	P21554	HDUFIFHPLFCYGK-UHFFFAOYSA-N	Ki	2804.0	2804.0	nM	18311894
112335	P21554	HDUFIFHPLFCYGK-UHFFFAOYSA-N	Ki	2818.38	2818.38	nM	18311894
112414	P21554	HDWMKVHXWFNFQW-UHFFFAOYSA-N	Ki	7.2	7.2	nM	22341572
112468	P21554	HDYUFIGCJVOJCA-CYBMUJFWSA-N	Ki	8.2	8.2	nM	20971001
112727	P21554	HEGRYZZKOBXYNP-UHFFFAOYSA-N	EC50	0.0	30000.0	nM	19743867
112830	P21554	HEKAKRIKHWYOMJ-UHFFFAOYSA-N	EC50	0.0	32000.0	nM	PubChem BioAssay data set
112830	P21554	HEKAKRIKHWYOMJ-UHFFFAOYSA-N	IC50	0.0	32000.0	nM	,PubChem BioAssay data set
113135	P21554	HEULDPGYVKUNLJ-UHFFFAOYSA-N	Inhibition	60.0	60.0	%	22916707
113135	P21554	HEULDPGYVKUNLJ-UHFFFAOYSA-N	Ki	19100.0	19100.0	nM	22916707
113178	P21554	HEVLHKWIATUOPS-NYSBEXSLSA-N	EC50	560.0	560.0	nM	18430570
113178	P21554	HEVLHKWIATUOPS-NYSBEXSLSA-N	Ki	89.0	89.0	nM	18430570
113197	P21554	HEWPMLBYVDOBEP-UHFFFAOYSA-N	IC50	40.0	40.0	nM	17107792
113314	P21554	HFBYNEWDVVKUEL-NYHFZMIOSA-N	Ki	3.8	3.8	nM	20018510
113315	P21554	HFBYNEWDVVKUEL-UHFFFAOYSA-N	Ki	3.4	3.4	nM	20018510
113315	P21554	HFBYNEWDVVKUEL-UHFFFAOYSA-N	Ki	3.4	3.4	nM	20018510
113315	P21554	HFBYNEWDVVKUEL-UHFFFAOYSA-N	Ki	3.8	3.8	nM	20018510
113315	P21554	HFBYNEWDVVKUEL-UHFFFAOYSA-N	Ki	57.0	57.0	nM	20018510
113332	P21554	HFDABXMRZCZJQL-UHFFFAOYSA-N	Kd	2.512	2.512	nM	20363132
113332	P21554	HFDABXMRZCZJQL-UHFFFAOYSA-N	Ki	51.0	51.0	nM	20363132
113369	P21554	HFEJJSAHPYKAPW-UHFFFAOYSA-N	Ki	0.0	2000.0	nM	21867920
113431	P21554	HFGPOIZXGKDVPR-UHFFFAOYSA-N	Ki	3.0	3.0	nM	16263283
113431	P21554	HFGPOIZXGKDVPR-UHFFFAOYSA-N	Ki	5.0	5.0	nM	16263283
113456	P21554	HFHMZZBOHTVBEJ-UHFFFAOYSA-N	EC50	0.0	32000.0	nM	PubChem BioAssay data set
113456	P21554	HFHMZZBOHTVBEJ-UHFFFAOYSA-N	IC50	0.0	32000.0	nM	,PubChem BioAssay data set
113526	P21554	HFKKYUGYNZFCQV-UHFFFAOYSA-N	Activity	38.0	38.0	%	19500981
113526	P21554	HFKKYUGYNZFCQV-UHFFFAOYSA-N	EC50	18000.0	18000.0	nM	19500981
113533	P21554	HFKPAYACHZPHBN-UHFFFAOYSA-N	IC50	269.0	269.0	nM	20719511
113626	P21554	HFOSMIYNMKJRQB-UHFFFAOYSA-N	EC50	0.0	20000.0	nM	21354795
113665	P21554	HFQLAXKYDSXFCZ-UHFFFAOYSA-N	Kd	25.0	25.0	nM	10633038
113675	P21554	HFQQAEKLEDHEFF-UHFFFAOYSA-N	Activity	42.0	42.0	%	23679955
113675	P21554	HFQQAEKLEDHEFF-UHFFFAOYSA-N	Inhibition	42.0	42.0	%	22916707
113675	P21554	HFQQAEKLEDHEFF-UHFFFAOYSA-N	Ki	10000.0	10000.0	nM	23679955,22916707
113685	P21554	HFQXITZIZRQNOH-UHFFFAOYSA-N	EC50	296.0	296.0	nM	23147076
113685	P21554	HFQXITZIZRQNOH-UHFFFAOYSA-N	Efficacy	84.0	84.0	%	23147076
113685	P21554	HFQXITZIZRQNOH-UHFFFAOYSA-N	Ki	7190.0	7190.0	nM	23147076
113941	P21554	HGBUYZBCPZIMRH-UHFFFAOYSA-N	IC50	6.5	6.5	nM	20423086
113963	P21554	HGCVBAWZPCEVSI-UHFFFAOYSA-N	Activity	10.0	0.0	%	17915849
114031	P21554	HGFBODQXMGNAAQ-UHFFFAOYSA-N	Inhibition	73.0	73.0	%	19520572
114031	P21554	HGFBODQXMGNAAQ-UHFFFAOYSA-N	Ki	2716.0	2716.0	nM	19520572
114135	P21554	HGJIZKBPLUWBIF-UHFFFAOYSA-N	Ki	520.0	520.0	nM	24729834
114320	P21554	HGOKTJCGKAYKMX-UHFFFAOYSA-N	Ki	0.0	8000.0	nM	16451053
114418	P21554	HGRHWEAUHXYNNP-UHFFFAOYSA-N	Ki	0.0	10000.0	nM	23602445
114599	P21554	HGWFFLZCBHWTEM-UHFFFAOYSA-N	Activity	71.0	71.0	%	16279809
114599	P21554	HGWFFLZCBHWTEM-UHFFFAOYSA-N	EC50	1250.0	1250.0	nM	16279809
114599	P21554	HGWFFLZCBHWTEM-UHFFFAOYSA-N	Emax	-61.0	-61.0	%	16279809
114599	P21554	HGWFFLZCBHWTEM-UHFFFAOYSA-N	Ki	1500.0	1500.0	nM	16279809
114622	P21554	HGWRUAYEHDMCJH-UHFFFAOYSA-N	Activity	0.55	0.55	pmol	18207393
114622	P21554	HGWRUAYEHDMCJH-UHFFFAOYSA-N	Activity	1.01	1.01	pmol	18207393
114814	P21554	HHCJFOCCKUSTFY-UHFFFAOYSA-N	EC50	0.0	32000.0	nM	PubChem BioAssay data set
114814	P21554	HHCJFOCCKUSTFY-UHFFFAOYSA-N	IC50	0.0	32000.0	nM	,PubChem BioAssay data set
114891	P21554	HHGHBIFKWRNLAE-UHFFFAOYSA-N	EC50	0.0	32000.0	nM	,PubChem BioAssay data set
114891	P21554	HHGHBIFKWRNLAE-UHFFFAOYSA-N	IC50	3050.0	3050.0	nM	,PubChem BioAssay data set
115033	P21554	HHLKAXSAKNNFRQ-UHFFFAOYSA-N	Ki	877.0	877.0	nM	,Bioorg. Med. Chem. Lett., (1996) 6:19:2263
115047	P21554	HHMAMSFRQVSWNR-UHFFFAOYSA-N	Inhibition	25.4	25.4	%	12672243
115143	P21554	HHPMEXAKTRNDQM-UHFFFAOYSA-N	EC50	180.0	180.0	nM	19320488
115143	P21554	HHPMEXAKTRNDQM-UHFFFAOYSA-N	IC50	4700.0	4700.0	nM	19320488
115304	P21554	HHVOCYNXTOXWDJ-UHFFFAOYSA-N	IC50	42.5	42.5	nM	19530697
115320	P21554	HHVWXARVLQJQML-UHFFFAOYSA-N	EC50	0.0	1000.0	nM	19062274
115320	P21554	HHVWXARVLQJQML-UHFFFAOYSA-N	EC50	0.0	10000.0	nM	19062274
115320	P21554	HHVWXARVLQJQML-UHFFFAOYSA-N	Emax	15.0	15.0	%	19062274
115320	P21554	HHVWXARVLQJQML-UHFFFAOYSA-N	Emax	21.0	21.0	%	19062274
115377	P21554	HHXRNYJYHIHSEH-FNORWQNLSA-N	Kd	16.7	16.7	nM	10633038
115608	P21554	HIEVSAGIEPLFDB-UHFFFAOYSA-N	EC50	0.0	10000.0	nM	19320488
115608	P21554	HIEVSAGIEPLFDB-UHFFFAOYSA-N	IC50	0.0	10000.0	nM	19320488
115670	P21554	HIFURZHDSOPSKN-IMFGXOCKSA-N	IC50	0.0	17000.0	nM	21420857
115696	P21554	HIGMKCMBOFFCOW-UHFFFAOYSA-N	Ki	0.0	10000.0	nM	20031412
115783	P21554	HIJUGYAVUFBZEW-UHFFFAOYSA-N	Ki	259.0	259.0	nM	17884494
115956	P21554	HIQCZDGSCMKKFM-UHFFFAOYSA-N	EC50	180.0	180.0	nM	23227781
115956	P21554	HIQCZDGSCMKKFM-UHFFFAOYSA-N	Emax	100.0	100.0	%	23227781
115956	P21554	HIQCZDGSCMKKFM-UHFFFAOYSA-N	IC50	41000.0	41000.0	nM	23227781
116216	P21554	HJARVWCLZYYCQW-UHFFFAOYSA-N	Ki	2000.0	2000.0	nM	18430570
116488	P21554	HJKVSLYDZAVULX-BXKMTCNYSA-N	IC50	0.3	0.3	nM	17293109
116656	P21554	HJPRUFSAUYPGHI-VOTSOKGWSA-N	Ki	2630.0	2630.0	nM	18680276
116839	P21554	HJUXEQPTXUOUOQ-SNPVRQPZSA-N	Ki	7800.0	7800.0	nM	22172309
116874	P21554	HJVPRKXONIWSBC-WOJBJXKFSA-N	Ki	1.59	1.59	nM	18524604,19250829
116919	P21554	HJXCSZMIFFJCCI-UHFFFAOYSA-N	Ki	0.0	10000.0	nM	19921781
117135	P21554	HKFCEOCEWVEHIB-UHFFFAOYSA-N	EC50	31.62	31.62	nM	21316962
117488	P21554	HKTAIRAIGRBEIO-BDQAORGHSA-N	EC50	12.59	12.59	nM	21074434
117612	P21554	HKYAUSBRNXNKIW-GKFVBPDJSA-N	Ki	1860.0	1860.0	nM	9057852
117769	P21554	HLCPJLIYGNWTAI-UHFFFAOYSA-N	EC50	0.0	30.0	nM	23865723
117851	P21554	HLFVJPGLRLFWJQ-KCWXNJEJSA-N	IC50	2.8	2.8	nM	17293109
117976	P21554	HLJFBDANUXYSFO-UHFFFAOYSA-N	IC50	5.8	5.8	nM	20005704
117977	P21554	HLJHFKBGERUYAG-CQSZACIVSA-N	Ki	0.3	0.3	nM	20971001
118100	P21554	HLOVGDMRKWKAMT-UHFFFAOYSA-N	EC50	0.0	17000.0	nM	24461289
118150	P21554	HLQXLEOFBLMNDL-UHFFFAOYSA-N	Inhibition	18.1	18.1	%	12672243
118364	P21554	HLYAIGAXCZJANZ-UHFFFAOYSA-N	EC50	23.0	23.0	nM	23227781
118364	P21554	HLYAIGAXCZJANZ-UHFFFAOYSA-N	Emax	93.0	93.0	%	23227781
118364	P21554	HLYAIGAXCZJANZ-UHFFFAOYSA-N	IC50	13000.0	13000.0	nM	23227781
118545	P21554	HMFNDBOCIYTQSQ-UHFFFAOYSA-N	Ke	5115.0	5115.0	nM	22372835
118547	P21554	HMFPHFXYIKOWAW-GOSISDBHSA-N	Ki	0.03	0.03	nM	24900484
118547	P21554	HMFPHFXYIKOWAW-GOSISDBHSA-N	Ki	0.14	0.14	nM	24900484
118549	P21554	HMFPHFXYIKOWAW-SFHVURJKSA-N	Ki	0.04	0.04	nM	24900484
118549	P21554	HMFPHFXYIKOWAW-SFHVURJKSA-N	Ki	0.16	0.16	nM	24900484
118549	P21554	HMFPHFXYIKOWAW-SFHVURJKSA-N	Ki	5.1	5.1	nM	24900484
118549	P21554	HMFPHFXYIKOWAW-SFHVURJKSA-N	Ki	7.5	7.5	nM	24900484
118551	P21554	HMFPHFXYIKOWAW-UHFFFAOYSA-N	Ki	0.04	0.04	nM	24900484
118551	P21554	HMFPHFXYIKOWAW-UHFFFAOYSA-N	Ki	0.16	0.16	nM	24900484
118595	P21554	HMHCXYKWVOBPPR-UHFFFAOYSA-N	Ki	3800.0	3800.0	nM	19736007,21183257
118708	P21554	HMKYVRMYZWQBIC-UHFFFAOYSA-N	EC50	0.0	10000.0	nM	18680277
118727	P21554	HMLSZWJVJKHFQI-UHFFFAOYSA-N	EC50	3972.0	3972.0	nM	23147076
118727	P21554	HMLSZWJVJKHFQI-UHFFFAOYSA-N	Efficacy	63.0	63.0	%	23147076
118746	P21554	HMMNZALKMVCHHZ-ZKWNWVNESA-N	Log Ki	0.76	0.76	nM	10882356
118825	P21554	HMPRRLJUDRDHCR-UHFFFAOYSA-N	EC50	3.1	3.1	nM	19351113
118825	P21554	HMPRRLJUDRDHCR-UHFFFAOYSA-N	Ki	1.7	1.7	nM	19351113
118825	P21554	HMPRRLJUDRDHCR-UHFFFAOYSA-N	Ki	3.1	3.1	nM	19351113
118825	P21554	HMPRRLJUDRDHCR-UHFFFAOYSA-N	Ki	3.1	3.1	nM	19351113
118836	P21554	HMQKAHOUJWHSQT-UHFFFAOYSA-N	Activity	30.0	30.0	%	17915849
118882	P21554	HMRUGQIFAQWKBQ-UHFFFAOYSA-N	EC50	0.0	1000.0	nM	18680277
118882	P21554	HMRUGQIFAQWKBQ-UHFFFAOYSA-N	EC50	0.0	10000.0	nM	18680277
118899	P21554	HMSJDERPEWZRIU-UHFFFAOYSA-N	Ki	0.0	10000.0	nM	19921781
118946	P21554	HMTRBVUBZDRDQO-UHFFFAOYSA-N	EC50	0.0	32000.0	nM	,PubChem BioAssay data set
118946	P21554	HMTRBVUBZDRDQO-UHFFFAOYSA-N	IC50	4770.0	4770.0	nM	,PubChem BioAssay data set
119075	P21554	HMXDWDSNPRNUKI-UHFFFAOYSA-N	Ki	3.5	3.5	nM	16078824,15131245
119205	P21554	HNBWPZHTNYWHBV-UHFFFAOYSA-N	EC50	1.4	1.4	nM	23227781
119205	P21554	HNBWPZHTNYWHBV-UHFFFAOYSA-N	Emax	110.0	110.0	%	23227781
119205	P21554	HNBWPZHTNYWHBV-UHFFFAOYSA-N	IC50	710.0	710.0	nM	23227781
119435	P21554	HNJVESTZAALSPH-UHFFFAOYSA-N	Activity	25.2	25.2	%	16451053
119451	P21554	HNKJMZFHXMPYMT-UHFFFAOYSA-N	Ki	66.3	66.3	nM	17884494
119582	P21554	HNQCVIGOPRZZGB-UHFFFAOYSA-N	Kb	11.0	11.0	nM	17383180
119582	P21554	HNQCVIGOPRZZGB-UHFFFAOYSA-N	Ki	2.2	2.2	nM	17383180
119582	P21554	HNQCVIGOPRZZGB-UHFFFAOYSA-N	Ki	2.2	2.2	nM	17383180
119681	P21554	HNVUNBRGZKMDKG-UHFFFAOYSA-N	IC50	23.0	23.0	nM	17107792
119749	P21554	HNYZKOASTAMYNF-SVMVAKDDSA-N	EC50	3.98	3.98	nM	20634067
119749	P21554	HNYZKOASTAMYNF-SVMVAKDDSA-N	EC50	3.981	3.981	nM	20634067
119787	P21554	HOAIFTWDCHXJRY-UHFFFAOYSA-N	IC50	8.0	8.0	nM	17433696
119787	P21554	HOAIFTWDCHXJRY-UHFFFAOYSA-N	IC50	16.22	16.22	nM	19406638
119838	P21554	HOBVUZMCMGOJAM-UHFFFAOYSA-N	Ki	0.0	5000.0	nM	18522867
119850	P21554	HOCMLWROGBYBPA-QXMHVHEDSA-N	Ki	1000.0	1000.0	nM	16213718
119850	P21554	HOCMLWROGBYBPA-QXMHVHEDSA-N	Ki	1300.0	1300.0	nM	16213718
119986	P21554	HOHQXCNIAXNTID-UHFFFAOYSA-N	Ki	227.0	227.0	nM	19595596
120031	P21554	HOIYGCHNLHPXEO-UHFFFAOYSA-N	Inhibition	39.0	39.0	%	21923175
120085	P21554	HOLAEUJDCSCFDT-UHFFFAOYSA-N	EC50	0.0	32000.0	nM	,PubChem BioAssay data set
120085	P21554	HOLAEUJDCSCFDT-UHFFFAOYSA-N	IC50	19600.0	19600.0	nM	,PubChem BioAssay data set
120254	P21554	HOPYBJSZIHJCOZ-UHFFFAOYSA-N	Ki	1130.0	1130.0	nM	16279794
120266	P21554	HOQMFRXDGJEXPD-UHFFFAOYSA-N	Ki	62.95	62.95	nM	Med Chem Res, (2013) 22:9:4133
120266	P21554	HOQMFRXDGJEXPD-UHFFFAOYSA-N	Ki	63.0	63.0	nM	Med Chem Res, (2013) 22:9:4133
120286	P21554	HOQYFFDGCOMQQV-UHFFFAOYSA-N	Ki	0.0	10000.0	nM	21702498
120445	P21554	HOXJDASGXAAPPB-UHFFFAOYSA-N	Ke	592.0	592.0	nM	22372835
120603	P21554	HPEHCTLESOYBRN-UHFFFAOYSA-N	Ki	866.0	866.0	nM	23406429
120782	P21554	HPLNPAFSORALKR-UHFFFAOYSA-N	Ki	218.0	218.0	nM	23406429
120891	P21554	HPQOEHRUCKPGIY-UHFFFAOYSA-N	EC50	0.0	1000.0	nM	21115245
120893	P21554	HPQPYESBKSHCLE-UHFFFAOYSA-N	Kd	460.0	460.0	nM	10633038
121042	P21554	HPVHUVXVOUDUCH-UHFFFAOYSA-N	Ki	0.0	10000.0	nM	20718492
121177	P21554	HPZJMUBDEAMBFI-WTNAPCKOSA-N	Activity	0.68	0.68	-	18077343
121388	P21554	HQHBPIPKHVSEIN-UHFFFAOYSA-N	Kd	1.259	1.259	nM	15771428
121388	P21554	HQHBPIPKHVSEIN-UHFFFAOYSA-N	Ki	171.0	171.0	nM	15771428
121441	P21554	HQIYCFVTNCPHPF-HNNXBMFYSA-N	Ki	1.1	1.1	nM	17466519
121478	P21554	HQKXFIJHBIYHNR-FCHUYYIVSA-N	Ki	50.0	50.0	nM	17513109
121479	P21554	HQKXFIJHBIYHNR-FGZHOGPDSA-N	Ki	167.0	167.0	nM	17513109
121611	P21554	HQPPJTUGTUANCS-UHFFFAOYSA-N	IC50	11.0	11.0	nM	17270441
121745	P21554	HQUJODHGYIPBGV-QFIPXVFZSA-N	Ki	4000.0	4000.0	nM	23865723,12161142
121768	P21554	HQVHOQAKMCMIIM-HXUWFJFHSA-N	Activity	0.69	0.69	pmol	18207393
121768	P21554	HQVHOQAKMCMIIM-HXUWFJFHSA-N	Activity	1.27	1.27	pmol	18207393
121768	P21554	HQVHOQAKMCMIIM-HXUWFJFHSA-N	Activity	3.1	3.1	pmol	18585913
121768	P21554	HQVHOQAKMCMIIM-HXUWFJFHSA-N	Activity	61.0	61.0	%	MedChemComm, (2010) 1:1:54
121768	P21554	HQVHOQAKMCMIIM-HXUWFJFHSA-N	Activity	113.0	113.0	%	19921781
121768	P21554	HQVHOQAKMCMIIM-HXUWFJFHSA-N	Bmax	1.2	1.2	pmol/mg	17004712
121768	P21554	HQVHOQAKMCMIIM-HXUWFJFHSA-N	EC50	12.0	12.0	nM	17630726
121768	P21554	HQVHOQAKMCMIIM-HXUWFJFHSA-N	EC50	12.3	12.3	nM	17630726
121768	P21554	HQVHOQAKMCMIIM-HXUWFJFHSA-N	EC50	31.62	31.62	nM	21885167,20688519
121768	P21554	HQVHOQAKMCMIIM-HXUWFJFHSA-N	EC50	37.0	37.0	nM	19921781
121768	P21554	HQVHOQAKMCMIIM-HXUWFJFHSA-N	EC50	37.6	37.6	nM	16562853
121768	P21554	HQVHOQAKMCMIIM-HXUWFJFHSA-N	EC50	50.12	50.12	nM	MedChemComm, (2010) 1:1:54,21316962,21074434
121768	P21554	HQVHOQAKMCMIIM-HXUWFJFHSA-N	EC50	110.0	110.0	nM	23227781
121768	P21554	HQVHOQAKMCMIIM-HXUWFJFHSA-N	EC50	112.0	112.0	nM	22607668
121768	P21554	HQVHOQAKMCMIIM-HXUWFJFHSA-N	EC50	316.23	316.23	nM	17027269
121768	P21554	HQVHOQAKMCMIIM-HXUWFJFHSA-N	EC50	1760.0	1760.0	nM	23621789
121768	P21554	HQVHOQAKMCMIIM-HXUWFJFHSA-N	Emax	98.3	98.3	%	17630726
121768	P21554	HQVHOQAKMCMIIM-HXUWFJFHSA-N	IC50	2.0	2.0	nM	17582659
121768	P21554	HQVHOQAKMCMIIM-HXUWFJFHSA-N	IC50	16.0	16.0	nM	20875743
121768	P21554	HQVHOQAKMCMIIM-HXUWFJFHSA-N	IC50	17.0	17.0	nM	17521907
121768	P21554	HQVHOQAKMCMIIM-HXUWFJFHSA-N	IC50	59.0	59.0	nM	23227781
121768	P21554	HQVHOQAKMCMIIM-HXUWFJFHSA-N	IC50	63.0	63.0	nM	17027269
121768	P21554	HQVHOQAKMCMIIM-HXUWFJFHSA-N	IC50	63.1	63.1	nM	17027269
121768	P21554	HQVHOQAKMCMIIM-HXUWFJFHSA-N	IC50	140.0	140.0	nM	17630726
121768	P21554	HQVHOQAKMCMIIM-HXUWFJFHSA-N	IC50	200.0	200.0	nM	23403082
121768	P21554	HQVHOQAKMCMIIM-HXUWFJFHSA-N	Inhibition	27.0	27.0	%	23403082
121768	P21554	HQVHOQAKMCMIIM-HXUWFJFHSA-N	Inhibition	70.0	70.0	%	26789378
121768	P21554	HQVHOQAKMCMIIM-HXUWFJFHSA-N	Ki	1.89	1.89	nM	27560280
121768	P21554	HQVHOQAKMCMIIM-HXUWFJFHSA-N	Ki	1.9	1.9	nM	23672690,23466226,27560280,18680277,22341572,12747783,23865723
121768	P21554	HQVHOQAKMCMIIM-HXUWFJFHSA-N	Ki	1.99526	125.893	nM	7565624,8819477,8679694
121768	P21554	HQVHOQAKMCMIIM-HXUWFJFHSA-N	Ki	2.48	2.48	nM	9857088
121768	P21554	HQVHOQAKMCMIIM-HXUWFJFHSA-N	Ki	2.5	2.5	nM	25072877,9857088
121768	P21554	HQVHOQAKMCMIIM-HXUWFJFHSA-N	Ki	6.06	6.06	nM	19278853
121768	P21554	HQVHOQAKMCMIIM-HXUWFJFHSA-N	Ki	6.06	6.06	nM	19278853
121768	P21554	HQVHOQAKMCMIIM-HXUWFJFHSA-N	Ki	7.5	7.5	nM	24831513
121768	P21554	HQVHOQAKMCMIIM-HXUWFJFHSA-N	Ki	8.8	8.8	nM	26149623
121768	P21554	HQVHOQAKMCMIIM-HXUWFJFHSA-N	Ki	9.2	9.2	nM	21999614,27448919,20022504,21902175
121768	P21554	HQVHOQAKMCMIIM-HXUWFJFHSA-N	Ki	9.87	9.87	nM	11160626
121768	P21554	HQVHOQAKMCMIIM-HXUWFJFHSA-N	Ki	11.0	11.0	nM	23350768
121768	P21554	HQVHOQAKMCMIIM-HXUWFJFHSA-N	Ki	11.3	11.3	nM	23350768
121768	P21554	HQVHOQAKMCMIIM-HXUWFJFHSA-N	Ki	11.7	11.7	nM	12065738
121768	P21554	HQVHOQAKMCMIIM-HXUWFJFHSA-N	Ki	12.0	12.0	nM	14613317
121768	P21554	HQVHOQAKMCMIIM-HXUWFJFHSA-N	Ki	12.4	12.4	nM	22738271
121768	P21554	HQVHOQAKMCMIIM-HXUWFJFHSA-N	Ki	12.5	12.5	nM	26922225
121768	P21554	HQVHOQAKMCMIIM-HXUWFJFHSA-N	Ki	12.59	12.59	nM	21316962,MedChemComm, (2010) 1:1:54,21074434
121768	P21554	HQVHOQAKMCMIIM-HXUWFJFHSA-N	Ki	13.0	13.0	nM	26922225
121768	P21554	HQVHOQAKMCMIIM-HXUWFJFHSA-N	Ki	13.18	13.18	nM	19921781,18311894
121768	P21554	HQVHOQAKMCMIIM-HXUWFJFHSA-N	Ki	13.3	13.3	nM	19921781,18311894,21183257
121768	P21554	HQVHOQAKMCMIIM-HXUWFJFHSA-N	Ki	14.0	14.0	nM	17521907
121768	P21554	HQVHOQAKMCMIIM-HXUWFJFHSA-N	Ki	15.0	15.0	nM	14613317
121768	P21554	HQVHOQAKMCMIIM-HXUWFJFHSA-N	Ki	16.1	16.1	nM	24508127
121768	P21554	HQVHOQAKMCMIIM-HXUWFJFHSA-N	Ki	20.0	20.0	nM	22044209
121768	P21554	HQVHOQAKMCMIIM-HXUWFJFHSA-N	Ki	21.0	21.0	nM	25065940,19331413,17942307,16213718,17561406,16279794
121768	P21554	HQVHOQAKMCMIIM-HXUWFJFHSA-N	Ki	23.0	23.0	nM	11678659
121768	P21554	HQVHOQAKMCMIIM-HXUWFJFHSA-N	Ki	36.0	36.0	nM	26209834
121768	P21554	HQVHOQAKMCMIIM-HXUWFJFHSA-N	Ki	36.2	36.2	nM	24378710,26209834
121768	P21554	HQVHOQAKMCMIIM-HXUWFJFHSA-N	Ki	40.0	40.0	nM	12161142
121768	P21554	HQVHOQAKMCMIIM-HXUWFJFHSA-N	Ki	40.9	40.9	nM	17884494
121768	P21554	HQVHOQAKMCMIIM-HXUWFJFHSA-N	Ki	45.0	45.0	nM	14613317
121768	P21554	HQVHOQAKMCMIIM-HXUWFJFHSA-N	Ki	45.59	45.59	nM	23434135
121768	P21554	HQVHOQAKMCMIIM-HXUWFJFHSA-N	Ki	45.6	45.6	nM	24936232,26789378,24141201
121768	P21554	HQVHOQAKMCMIIM-HXUWFJFHSA-N	Ki	46.0	46.0	nM	23434135,26789378,22607668
121768	P21554	HQVHOQAKMCMIIM-HXUWFJFHSA-N	Ki	52.0	52.0	nM	25699149
121768	P21554	HQVHOQAKMCMIIM-HXUWFJFHSA-N	Ki	52.4	52.4	nM	25699149,23017078,23151320
121768	P21554	HQVHOQAKMCMIIM-HXUWFJFHSA-N	Ki	79.43	79.43	nM	21885167
121768	P21554	HQVHOQAKMCMIIM-HXUWFJFHSA-N	Ki	94.5	94.5	nM	20688519
121768	P21554	HQVHOQAKMCMIIM-HXUWFJFHSA-N	Ki	107.0	107.0	nM	14613317
121768	P21554	HQVHOQAKMCMIIM-HXUWFJFHSA-N	Ki	140.0	140.0	nM	18522867
121768	P21554	HQVHOQAKMCMIIM-HXUWFJFHSA-N	Ki	150.0	150.0	nM	23403082
121768	P21554	HQVHOQAKMCMIIM-HXUWFJFHSA-N	Ki	152.0	152.0	nM	10465552
121768	P21554	HQVHOQAKMCMIIM-HXUWFJFHSA-N	Ki	152.2	152.2	nM	10465552
121768	P21554	HQVHOQAKMCMIIM-HXUWFJFHSA-N	Ki	199.0	199.0	nM	14613317
121768	P21554	HQVHOQAKMCMIIM-HXUWFJFHSA-N	Ki	3800.0	3800.0	nM	16279809
121768	P21554	HQVHOQAKMCMIIM-HXUWFJFHSA-N	Ki	3802.0	3802.0	nM	16451053,15801840
121768	P21554	HQVHOQAKMCMIIM-HXUWFJFHSA-N	Log Ki	0.28	0.28	nM	10882356
121768	P21554	HQVHOQAKMCMIIM-HXUWFJFHSA-N	Ratio	1.0	1.0	-	23621789
121777	P21554	HQVHOQAKMCMIIM-UHFFFAOYSA-N	Kd	12.5893	15.8489	nM	8622639,9422383
121777	P21554	HQVHOQAKMCMIIM-UHFFFAOYSA-N	Ki	9.87	9.87	nM	11160626
121777	P21554	HQVHOQAKMCMIIM-UHFFFAOYSA-N	Ki	21.0	21.0	nM	17942307
121830	P21554	HQXSCIAIRUQCLE-IEBWSBKVSA-N	Ki	0.0	5000.0	nM	24175572
121842	P21554	HQYCNJRSEGRXRZ-UHFFFAOYSA-N	Activity	35.1	35.1	%	17915849
122028	P21554	HRFSPRYAKFJJPT-UHFFFAOYSA-N	EC50	0.0	3162.28	nM	19010671
122028	P21554	HRFSPRYAKFJJPT-UHFFFAOYSA-N	Efficacy	7.0	7.0	%	19010671
122144	P21554	HRKDPMVQKIZXSS-UHFFFAOYSA-N	Kb	6.5	6.5	nM	17107792
122144	P21554	HRKDPMVQKIZXSS-UHFFFAOYSA-N	Ki	7.5	7.5	nM	17107792
122174	P21554	HRLKLBHUUARAHR-UHFFFAOYSA-N	Ki	13.7	13.7	nM	23350768
122174	P21554	HRLKLBHUUARAHR-UHFFFAOYSA-N	Ki	14.0	14.0	nM	23350768
122321	P21554	HRQXJJWQYKYFHP-UHFFFAOYSA-N	IC50	0.0	32000.0	nM	PubChem BioAssay data set
122431	P21554	HRUFJXCYLZUGDU-GKFVBPDJSA-N	Log Ki	3.6	3.6	nM	10882356
122473	P21554	HRWBYOQDRHSHDM-VQTJNVASSA-N	IC50	0.3	0.3	nM	19320488
122666	P21554	HSDHYQYLBBAZAZ-UHFFFAOYSA-N	IC50	65.0	65.0	nM	15664830
122675	P21554	HSDWONHLQMASLI-UHFFFAOYSA-N	EC50	630.96	630.96	nM	22421020
122682	P21554	HSEMFIZWXHQJAE-UHFFFAOYSA-N	Inhibition	11.7	11.7	%	12672243
122704	P21554	HSEYCWKXEQJOKJ-UHFFFAOYSA-N	Kd	3.981	3.981	nM	20137935
122704	P21554	HSEYCWKXEQJOKJ-UHFFFAOYSA-N	Ki	84.0	84.0	nM	20137935
122730	P21554	HSFPMLIZJAVYHM-NPNWTSAVSA-N	IC50	2400.0	2400.0	nM	24175626
122730	P21554	HSFPMLIZJAVYHM-NPNWTSAVSA-N	Inhibition	45.0	45.0	%	24175626
122863	P21554	HSJNURVDTMNEII-UHFFFAOYSA-N	Activity	34.0	34.0	%	23697626
122863	P21554	HSJNURVDTMNEII-UHFFFAOYSA-N	Ki	0.0	10000.0	nM	23697626
122890	P21554	HSKLTESOTQDSLW-UHFFFAOYSA-N	Activity	0.0	50.0	%	19331413
122890	P21554	HSKLTESOTQDSLW-UHFFFAOYSA-N	Ki	794.0	794.0	nM	19331413
122890	P21554	HSKLTESOTQDSLW-UHFFFAOYSA-N	Ki	794.33	794.33	nM	19331413
122890	P21554	HSKLTESOTQDSLW-UHFFFAOYSA-N	Ki	820.0	820.0	nM	19331413
123157	P21554	HSVCZCAJQDZYMB-UHFFFAOYSA-N	Ki	256.4	256.4	nM	Med Chem Res, (2013) 22:9:4133
123157	P21554	HSVCZCAJQDZYMB-UHFFFAOYSA-N	Ki	256.45	256.45	nM	Med Chem Res, (2013) 22:9:4133
123177	P21554	HSWJMGYBXXWXGF-UHFFFAOYSA-N	Ki	522.0	522.0	nM	22341572
123258	P21554	HTAHRMBUUXSICO-UHFFFAOYSA-N	Ki	0.0	1000.0	nM	20031412
123294	P21554	HTBWNPLJSBWHFI-UHFFFAOYSA-N	EC50	0.0	100000.0	nM	22765893
123366	P21554	HTDODMSZAQARTM-UHFFFAOYSA-N	EC50	19.2	19.2	nM	18712856
123366	P21554	HTDODMSZAQARTM-UHFFFAOYSA-N	IC50	7.9	7.9	nM	18712856
123389	P21554	HTEPJTSXQWHRIH-UHFFFAOYSA-N	Ki	0.0	5000.0	nM	21867920
123440	P21554	HTFLUZNOSRBKDY-UHFFFAOYSA-N	Ki	1400.0	1400.0	nM	19919895
123446	P21554	HTFSKZZOGPPCRP-NSHDSACASA-N	Ki	1251.0	1251.0	nM	17466519
123525	P21554	HTJCJFNAROHAIS-UHFFFAOYSA-N	Emax	8.0	8.0	%	18640038
123807	P21554	HTSLEZOTMYUPLU-UHFFFAOYSA-N	EC50	0.0	32000.0	nM	PubChem BioAssay data set
123807	P21554	HTSLEZOTMYUPLU-UHFFFAOYSA-N	IC50	0.0	32000.0	nM	PubChem BioAssay data set
123807	P21554	HTSLEZOTMYUPLU-UHFFFAOYSA-N	IC50	24600.0	24600.0	nM	,PubChem BioAssay data set
123849	P21554	HTSPNLBZEUOPLA-UHFFFAOYSA-N	Ki	0.0	10000.0	nM	17604171
123935	P21554	HTUSIRLLEGBZGH-MRXNPFEDSA-N	IC50	0.0	10000.0	nM	18440813
124445	P21554	HUMIWYMGKVOYIQ-UHFFFAOYSA-N	Ki	210.0	210.0	nM	24729834
124451	P21554	HUMQXAQBYTVYGA-UHFFFAOYSA-N	Ki	0.0	10000.0	nM	20718492
124754	P21554	HUYRDFAANWLWPF-UHFFFAOYSA-N	Ki	20.0	20.0	nM	16263283
124768	P21554	HUZILZNXVMKQDP-UHFFFAOYSA-N	Displacement	59.2	59.2	%	15801840
124797	P21554	HVARCGCHTAQUHJ-UHFFFAOYSA-N	Ki	3753.0	3753.0	nM	23350768
124801	P21554	HVARMSBQVRYMEU-UHFFFAOYSA-N	Inhibition	82.0	82.0	%	19520572
124801	P21554	HVARMSBQVRYMEU-UHFFFAOYSA-N	Ki	1086.0	1086.0	nM	19520572
124899	P21554	HVEZDGRGPISTDT-UHFFFAOYSA-N	Inhibition	53.0	53.0	%	15509177
125188	P21554	HVQNVIUEYAHELP-UHFFFAOYSA-N	EC50	0.0	31622.8	nM	20005703
125506	P21554	HWFCLBPSZFIZHU-UHFFFAOYSA-N	Ki	1700.0	1700.0	nM	19919895
125711	P21554	HWMVECSQTJCMEI-UHFFFAOYSA-N	EC50	39.81	39.81	nM	20688519
125711	P21554	HWMVECSQTJCMEI-UHFFFAOYSA-N	Ki	19.3	19.3	nM	20688519
125747	P21554	HWOMHXMYOQOTIQ-UHFFFAOYSA-N	Ki	32.0	32.0	nM	18511157
125804	P21554	HWQXPOZWUHQRFG-UHFFFAOYSA-N	Emax	-1.0	-1.0	%	18640038
125840	P21554	HWSYITIGXJIHQZ-UHFFFAOYSA-N	EC50	23.5	23.5	nM	19095444
125840	P21554	HWSYITIGXJIHQZ-UHFFFAOYSA-N	IC50	19.3	19.3	nM	19095444
125922	P21554	HWWUYYDPBSOWDC-UHFFFAOYSA-N	IC50	210.0	210.0	nM	15664830
125952	P21554	HWYQADZEUSGKLP-CASOXHBNSA-N	Ki	79.7	79.7	nM	19250829
125981	P21554	HWZHRQCIYAZCNG-UHFFFAOYSA-N	Ki	4.6	4.6	nM	17383180
125981	P21554	HWZHRQCIYAZCNG-UHFFFAOYSA-N	Ki	4.6	4.6	nM	17383180
126013	P21554	HXAXAFUBSPLSDK-UHFFFAOYSA-N	Ki	5.0	5.0	nM	24182233
126013	P21554	HXAXAFUBSPLSDK-UHFFFAOYSA-N	Ki	5.0	5.0	nM	24182233
126046	P21554	HXCBWOVPCXIWGK-UHFFFAOYSA-N	Ki	0.08	0.08	nM	24900484
126046	P21554	HXCBWOVPCXIWGK-UHFFFAOYSA-N	Ki	0.13	0.13	nM	24900484
126096	P21554	HXDMVEMVRVEPRD-UHFFFAOYSA-N	Ki	0.0	10000.0	nM	22044209
126133	P21554	HXELDYRZCKHWSK-UHFFFAOYSA-N	EC50	0.0	32000.0	nM	PubChem BioAssay data set
126133	P21554	HXELDYRZCKHWSK-UHFFFAOYSA-N	IC50	0.0	32000.0	nM	PubChem BioAssay data set
126133	P21554	HXELDYRZCKHWSK-UHFFFAOYSA-N	IC50	3170.0	3170.0	nM	,PubChem BioAssay data set
126154	P21554	HXFBEIMBFSKIMT-UHFFFAOYSA-N	Activity	0.0	60.0	%	23017078
126265	P21554	HXIISXBVANMJQB-UHFFFAOYSA-N	IC50	5.2	5.2	nM	15664830
126369	P21554	HXLLYBHKLYVSHS-UHFFFAOYSA-N	EC50	0.0	17000.0	nM	24461289
126393	P21554	HXMBYVLPFPHKTR-ZJZGAYNASA-N	Ki	2600.0	2600.0	nM	18831576
126406	P21554	HXMNQTSLKJZKIT-UHFFFAOYSA-N	EC50	0.0	30000.0	nM	19743867
126617	P21554	HXSMUZUNIRWIPA-UHFFFAOYSA-N	IC50	0.51	0.51	nM	20015647
126831	P21554	HXYVTAGFYLMHSO-UHFFFAOYSA-N	Inhibition	23.8	23.8	%	12672243
126831	P21554	HXYVTAGFYLMHSO-UHFFFAOYSA-N	Inhibition	24.0	24.0	%	14521402
126831	P21554	HXYVTAGFYLMHSO-UHFFFAOYSA-N	Ki	0.0	5000.0	nM	19361197
126831	P21554	HXYVTAGFYLMHSO-UHFFFAOYSA-N	Ki	5000.0	5000.0	nM	19361197
127142	P21554	HYKNQHOOVGEYON-UHFFFAOYSA-N	Ki	0.0	10000.0	nM	11020293
127197	P21554	HYNDOCFHNYVELW-UHFFFAOYSA-N	Ki	1720.0	1720.0	nM	,Bioorg. Med. Chem. Lett., (1996) 6:19:2263
127278	P21554	HYQPTXFCPLFWMJ-UHFFFAOYSA-N	Kd	3.162	3.162	nM	20363132
127278	P21554	HYQPTXFCPLFWMJ-UHFFFAOYSA-N	Ki	8.9	8.9	nM	20363132
127278	P21554	HYQPTXFCPLFWMJ-UHFFFAOYSA-N	Ki	8.9	8.9	nM	20363132
127477	P21554	HYYQYYSTJASFGK-UHFFFAOYSA-N	Ki	5.8	5.8	nM	18363352
128013	P21554	HZTRJTGVZCBDNG-UHFFFAOYSA-N	EC50	0.0	3162.28	nM	19010671
128013	P21554	HZTRJTGVZCBDNG-UHFFFAOYSA-N	Efficacy	10.0	0.0	%	19010671
128045	P21554	HZURZTBRYXBYIM-UHFFFAOYSA-N	EC50	1995.26	1995.26	nM	20688519
128045	P21554	HZURZTBRYXBYIM-UHFFFAOYSA-N	Ki	16.1	16.1	nM	20688519
128115	P21554	HZXIPPZNWZAVHU-UHFFFAOYSA-N	Ki	8.0	8.0	nM	22437111
128305	P21554	IADFNAUQPCDFOU-UHFFFAOYSA-N	IC50	27.0	27.0	nM	20719511
128378	P21554	IAGNLKFJNSJHHD-GAJHUEQPSA-N	IC50	132.0	132.0	nM	19632830
128496	P21554	IALHRRNWTXYGFJ-UHFFFAOYSA-N	Ki	3100.0	3100.0	nM	19919895
128544	P21554	IAMWQMDLEVUITJ-UHFFFAOYSA-N	IC50	58.0	58.0	nM	15664830
128617	P21554	IAOYCNAAGNIURB-ACCUITESSA-N	Activity	0.0	10.0	%	21074998
128617	P21554	IAOYCNAAGNIURB-ACCUITESSA-N	IC50	0.0	10000.0	nM	21074998
128617	P21554	IAOYCNAAGNIURB-ACCUITESSA-N	Ki	0.0	10000.0	nM	21074998
128705	P21554	IASJPSZIWIVSEB-ORMBLBCUSA-N	Ki	0.0	10000.0	nM	24831513
128943	P21554	IBBNKINXTRKICJ-UHFFFAOYSA-N	Ki	9.5	9.5	nM	21183257
128943	P21554	IBBNKINXTRKICJ-UHFFFAOYSA-N	Log Ki	0.98	0.98	nM	10882356
128963	P21554	IBCGCPIEVOHYAS-UHFFFAOYSA-N	Ki	14.0	14.0	nM	22341572
129236	P21554	IBNHPFJFQUFNTI-UHFFFAOYSA-N	Kd	6.31	6.31	nM	20047331
129236	P21554	IBNHPFJFQUFNTI-UHFFFAOYSA-N	Ki	88.0	88.0	nM	20047331
129344	P21554	IBRGBURIIAWWKO-UHFFFAOYSA-N	Ki	560.0	560.0	nM	17942307
129375	P21554	IBRWNXHLIWERAS-UHFFFAOYSA-N	Ki	0.0	5000.0	nM	21867920
129535	P21554	IBYOMJDMZHCLDS-UHFFFAOYSA-N	Activity	28.8	28.8	%	16392827
129535	P21554	IBYOMJDMZHCLDS-UHFFFAOYSA-N	Displacement	28.8	28.8	%	15801840
129665	P21554	ICCOLGPPOZLCMD-LZCUNHEZSA-N	IC50	8.0	8.0	nM	22959249
129672	P21554	ICCWLTVCIXVGMW-UHFFFAOYSA-N	IC50	7.0	7.0	nM	20719511
129712	P21554	ICEQXLWKTMVQNR-UHFFFAOYSA-N	Inhibition	33.0	33.0	%	21923175
129872	P21554	ICKXKXNHQRHUMS-UHFFFAOYSA-N	EC50	4.8	4.8	nM	19351113
129872	P21554	ICKXKXNHQRHUMS-UHFFFAOYSA-N	Ki	1.3	1.3	nM	19351113
129872	P21554	ICKXKXNHQRHUMS-UHFFFAOYSA-N	Ki	4.8	4.8	nM	19351113
129872	P21554	ICKXKXNHQRHUMS-UHFFFAOYSA-N	Ki	4.8	4.8	nM	19351113
129879	P21554	ICKZPCHRKFZOMO-UHFFFAOYSA-N	Ki	0.0	5000.0	nM	18522867
129885	P21554	ICLCHVCUUGMJML-UHFFFAOYSA-N	Ki	1.5	1.5	nM	19102698
129885	P21554	ICLCHVCUUGMJML-UHFFFAOYSA-N	Ki	7.1	7.1	nM	19102698
129885	P21554	ICLCHVCUUGMJML-UHFFFAOYSA-N	Ki	7.1	7.1	nM	19102698
130032	P21554	ICQQMPALZIDFAP-NRFANRHFSA-N	Ki	884.0	884.0	nM	15664857
130040	P21554	ICRCDAZBGGLEAU-UHFFFAOYSA-N	Ki	2131.0	2131.0	nM	17884494,19143566
130147	P21554	ICUZNHDYUBYBGC-UHFFFAOYSA-N	Ki	0.0	10000.0	nM	22738271
130160	P21554	ICVNKBWPQVVXBS-UHFFFAOYSA-N	Ki	1100.0	1100.0	nM	18430570
130162	P21554	ICVQKTUVHNJULJ-UHFFFAOYSA-N	IC50	13.49	13.49	nM	21334892
130162	P21554	ICVQKTUVHNJULJ-UHFFFAOYSA-N	Ki	5.01	5.01	nM	21334892
130162	P21554	ICVQKTUVHNJULJ-UHFFFAOYSA-N	Ki	5.012	5.012	nM	21334892
130215	P21554	ICXUYCAXPDJQSC-UHFFFAOYSA-N	Ki	0.0	1000.0	nM	20979417
130444	P21554	IDGWWFQBFRONBN-UHFFFAOYSA-N	Kd	93.33	93.33	nM	18512901
130444	P21554	IDGWWFQBFRONBN-UHFFFAOYSA-N	Ki	116.0	116.0	nM	18512901
130444	P21554	IDGWWFQBFRONBN-UHFFFAOYSA-N	Ki	194.0	194.0	nM	18512901
130487	P21554	IDICPTJZTJUWIB-UHFFFAOYSA-N	Kd	3.7	3.7	nM	10633038
130611	P21554	IDMHLZYSPIYBSQ-UHFFFAOYSA-N	EC50	2000.0	2000.0	nM	18680277
130611	P21554	IDMHLZYSPIYBSQ-UHFFFAOYSA-N	Emax	23.0	23.0	%	18680277
130638	P21554	IDNINIUPGPXQTD-UHFFFAOYSA-N	EC50	0.0	20000.0	nM	21354795
130664	P21554	IDNXFVZPYHDCNJ-SFHVURJKSA-N	Ki	1173.0	1173.0	nM	15664857
130775	P21554	IDSPEHCJMMOLCS-WFQLQBQDSA-N	EC50	0.631	0.631	nM	20688519
130775	P21554	IDSPEHCJMMOLCS-WFQLQBQDSA-N	EC50	3.981	3.981	nM	20688519
130775	P21554	IDSPEHCJMMOLCS-WFQLQBQDSA-N	EC50	158.49	158.49	nM	20688519
130775	P21554	IDSPEHCJMMOLCS-WFQLQBQDSA-N	Kd	7.943	7.943	nM	20688519
130775	P21554	IDSPEHCJMMOLCS-WFQLQBQDSA-N	Ki	8.3	8.3	nM	20688519
130775	P21554	IDSPEHCJMMOLCS-WFQLQBQDSA-N	Ki	28.5	28.5	nM	20688519
130775	P21554	IDSPEHCJMMOLCS-WFQLQBQDSA-N	Ki	46.8	46.8	nM	20688519
130824	P21554	IDUFEEHNNASCMH-HSZRJFAPSA-N	EC50	5.8	5.8	nM	20423086
130824	P21554	IDUFEEHNNASCMH-HSZRJFAPSA-N	IC50	1.0	1.0	nM	20423086
130824	P21554	IDUFEEHNNASCMH-HSZRJFAPSA-N	Inhibition	-111.0	-111.0	%	20423086
130826	P21554	IDUFEEHNNASCMH-QHCPKHFHSA-N	IC50	7.65	7.65	nM	20423086
130944	P21554	IDZDKMNEPBYXQX-FNORWQNLSA-N	Ki	0.0	5000.0	nM	21867920
130947	P21554	IDZDVJUAYQJHQD-RTBURBONSA-N	Ki	1074.0	1074.0	nM	24175572
131067	P21554	IEDOQPJIOGYHSJ-UHFFFAOYSA-N	IC50	100.0	100.0	nM	18293908
131067	P21554	IEDOQPJIOGYHSJ-UHFFFAOYSA-N	Ki	56.0	56.0	nM	18293908
131151	P21554	IEHNWZUXAKHDHY-UHFFFAOYSA-N	EC50	14.0	14.0	nM	23227781
131151	P21554	IEHNWZUXAKHDHY-UHFFFAOYSA-N	Emax	130.0	130.0	%	23227781
131151	P21554	IEHNWZUXAKHDHY-UHFFFAOYSA-N	IC50	10000.0	10000.0	nM	23227781
131260	P21554	IELFAIYXQABENE-UHFFFAOYSA-N	EC50	0.0	20000.0	nM	21354795
131499	P21554	IETGTBDKZNYNIP-UHFFFAOYSA-N	EC50	3270.0	3270.0	nM	23147076
131499	P21554	IETGTBDKZNYNIP-UHFFFAOYSA-N	Efficacy	85.0	85.0	%	23147076
131555	P21554	IEVKXDBTVSPAJD-UHFFFAOYSA-N	Activity	49.5	49.5	%	17915849
131708	P21554	IFBOWHSGMKWESR-UHFFFAOYSA-N	Inhibition	10.8	10.8	%	12672243
131761	P21554	IFDNPDHNPZKLBU-UHFFFAOYSA-N	EC50	368.0	368.0	nM	23147076
131761	P21554	IFDNPDHNPZKLBU-UHFFFAOYSA-N	Efficacy	98.0	98.0	%	23147076
131811	P21554	IFFMOLDJKZHPFJ-UHFFFAOYSA-N	Ke	20.2	20.2	nM	22372835
131811	P21554	IFFMOLDJKZHPFJ-UHFFFAOYSA-N	Ki	42.3	42.3	nM	22372835
131843	P21554	IFGNRLNOPNZQDV-UHFFFAOYSA-N	EC50	630.96	630.96	nM	21411321
131852	P21554	IFGYCSXHVCOPGU-UHFFFAOYSA-N	Ki	0.0	10000.0	nM	22044209
132044	P21554	IFMIHWYHYXZLKK-MBSDFSHPSA-N	IC50	16.98	16.98	nM	19406638
132044	P21554	IFMIHWYHYXZLKK-MBSDFSHPSA-N	IC50	17.0	17.0	nM	17181138
132069	P21554	IFNYGHXKMOTXNI-GFCCVEGCSA-N	IC50	0.0	17000.0	nM	21420860
132073	P21554	IFOCTOUIVAZJJR-XQBPLPMBSA-N	IC50	0.0	17000.0	nM	21420857
132162	P21554	IFSPIITUKXZDJT-UHFFFAOYSA-N	EC50	0.0	1000.0	nM	21115245
132393	P21554	IGBCISBWUNCTNY-UHFFFAOYSA-N	Ki	76.0	76.0	nM	22284817
132552	P21554	IGHQDVQIAGRFQM-UHFFFAOYSA-N	Activity	35.5	35.5	%	16392793
132686	P21554	IGNJHYULLHKBKW-UHFFFAOYSA-N	Ki	1920.0	1920.0	nM	24518874
132788	P21554	IGRADTMOIVTSKO-UHFFFAOYSA-N	Ki	0.0	10000.0	nM	21702498
132807	P21554	IGROZJFLUONIRU-UHFFFAOYSA-N	Ki	970.0	970.0	nM	21867920
132847	P21554	IGSRZAQANYOPFV-UHFFFAOYSA-N	Ki	0.0	1000.0	nM	21885167
133169	P21554	IHFQVFSRVQQXSC-RMKNXTFCSA-N	EC50	146.2	146.2	nM	18712856
133169	P21554	IHFQVFSRVQQXSC-RMKNXTFCSA-N	IC50	21.6	21.6	nM	18712856
133216	P21554	IHHKHUAUHBZSOV-UHFFFAOYSA-N	EC50	0.0	10000.0	nM	23380378
133463	P21554	IHQAQRHTEQQEAH-UHFFFAOYSA-N	Ki	9.81	9.81	nM	18448340
133495	P21554	IHRGFTKXMQQGTE-UHFFFAOYSA-N	IC50	63.1	63.1	nM	19338356
133566	P21554	IHUJIWXYFXDLJI-UHFFFAOYSA-N	Ki	0.1	0.1	nM	19683918
133566	P21554	IHUJIWXYFXDLJI-UHFFFAOYSA-N	Ki	0.1	0.1	nM	19683918
133627	P21554	IHWKJXQSHWGFEW-UHFFFAOYSA-N	Ki	56.0	56.0	nM	19595596
133662	P21554	IHYPHNXBPGENPI-QCUXXTRHSA-N	Ki	2000.0	2000.0	nM	21675776
133690	P21554	IHZVMHQKEHIAEQ-UHFFFAOYSA-N	IC50	1.2	1.2	nM	20096577
133750	P21554	IICJGABWSSVDPO-UHFFFAOYSA-N	Ki	2100.0	2100.0	nM	19595596
133856	P21554	IIGNHLGKWYVILK-UHFFFAOYSA-N	Ki	67.0	67.0	nM	22483967
134106	P21554	IIQQQYZNKDCKQP-NYJWAPBASA-N	Ki	9.2	9.2	nM	9784115
134227	P21554	IIUREMDDZYQCFM-UHFFFAOYSA-N	Ke	2.1	2.1	nM	22372835
134227	P21554	IIUREMDDZYQCFM-UHFFFAOYSA-N	Ki	43.0	43.0	nM	22372835
134272	P21554	IIWGHQKHUOSNND-UHFFFAOYSA-N	Ki	158.0	158.0	nM	17513109
134322	P21554	IIXUBHOQXODODU-FZCBKRAZSA-N	IC50	345.0	345.0	nM	24157366
134332	P21554	IIYIIIMKUDAFCY-UHFFFAOYSA-N	Ki	200.0	200.0	nM	25272206,19435366
134375	P21554	IJADFXIQDFOUAG-UHFFFAOYSA-N	Ki	501.19	501.19	nM	18311894
134375	P21554	IJADFXIQDFOUAG-UHFFFAOYSA-N	Ki	512.0	512.0	nM	18311894
134416	P21554	IJBXDCHWDJGFKN-UHFFFAOYSA-N	IC50	0.0	5000.0	nM	18293908
134416	P21554	IJBXDCHWDJGFKN-UHFFFAOYSA-N	Ki	0.0	2820.0	nM	18293908
134416	P21554	IJBXDCHWDJGFKN-UHFFFAOYSA-N	Ki	2820.0	2820.0	nM	18293908
134419	P21554	IJBZOOZRAXHERC-DOFZRALJSA-N	Ki	1500.0	1500.0	nM	19053765
134419	P21554	IJBZOOZRAXHERC-DOFZRALJSA-N	Ki	1760.0	1760.0	nM	16213718
134543	P21554	IJGUVPKVGNLXIQ-UHFFFAOYSA-N	IC50	7.0	7.0	nM	20719511
134769	P21554	IJNBPYFLMYJQBE-UHFFFAOYSA-N	EC50	0.0	32000.0	nM	PubChem BioAssay data set
134769	P21554	IJNBPYFLMYJQBE-UHFFFAOYSA-N	IC50	3160.0	3160.0	nM	PubChem BioAssay data set
134895	P21554	IJRBHDMRJJCVOK-UHFFFAOYSA-N	Ki	0.0	10000.0	nM	16213718
135028	P21554	IJVYLKLATYSWHG-CHDWYJDFSA-N	Ki	0.0	5000.0	nM	21675776
135096	P21554	IJYZYKCNGXHUSI-UHFFFAOYSA-N	Ki	1100.0	1100.0	nM	17383180
135281	P21554	IKGOBAYQCFFAGE-UHFFFAOYSA-N	Activity	33.7	33.7	%	16392827
135281	P21554	IKGOBAYQCFFAGE-UHFFFAOYSA-N	Displacement	40.6	40.6	%	11960486,10465552
135288	P21554	IKGRGZBGVAOKOU-UHFFFAOYSA-N	EC50	33.0	33.0	nM	22284817
135288	P21554	IKGRGZBGVAOKOU-UHFFFAOYSA-N	Emax	65.0	65.0	%	22284817
135288	P21554	IKGRGZBGVAOKOU-UHFFFAOYSA-N	Ki	9.0	9.0	nM	22284817
135412	P21554	IKKCHJJZMJZQEO-WOJBJXKFSA-N	Ki	5.26	5.26	nM	18524604,19250829
135425	P21554	IKKJLENHPLSTAM-UHFFFAOYSA-N	IC50	6000.0	6000.0	nM	15664830
135504	P21554	IKMYJSYOOYHKEF-UHFFFAOYSA-N	Ki	0.0	5000.0	nM	18522867
135763	P21554	IKXZRKVEHRWQFM-UHFFFAOYSA-N	IC50	0.82	0.82	nM	20015647
135763	P21554	IKXZRKVEHRWQFM-UHFFFAOYSA-N	IC50	1.4	1.4	nM	20015647
135763	P21554	IKXZRKVEHRWQFM-UHFFFAOYSA-N	IC50	1.8	1.8	nM	20015647
135815	P21554	ILACWWPQONYUHT-UHFFFAOYSA-N	Ki	0.0	5000.0	nM	19646869
135815	P21554	ILACWWPQONYUHT-UHFFFAOYSA-N	Ki	1300.0	1300.0	nM	19646869
135815	P21554	ILACWWPQONYUHT-UHFFFAOYSA-N	Ki	3400.0	3400.0	nM	19646869
136181	P21554	ILOYHMTUJHFXPM-CYBMUJFWSA-N	Ki	335.0	335.0	nM	20971001
136241	P21554	ILPZCGQJSUUWOC-UHFFFAOYSA-N	IC50	0.79	0.79	nM	20015647
136241	P21554	ILPZCGQJSUUWOC-UHFFFAOYSA-N	IC50	1.2	1.2	nM	20015647
136288	P21554	ILRZJJOUTMEDRK-UHFFFAOYSA-N	IC50	56.0	56.0	nM	20096577
136342	P21554	ILTVKWITCXQNDJ-UHFFFAOYSA-N	Emax	2.0	2.0	%	18640038
136526	P21554	IMCVTIXYEXGOHH-UHFFFAOYSA-N	EC50	100.0	100.0	nM	20688519
136526	P21554	IMCVTIXYEXGOHH-UHFFFAOYSA-N	Ki	44.9	44.9	nM	20688519
136595	P21554	IMGJLJWXTHYHIG-UHFFFAOYSA-N	EC50	31.62	31.62	nM	21885167
136595	P21554	IMGJLJWXTHYHIG-UHFFFAOYSA-N	Ki	12.59	12.59	nM	21885167
136677	P21554	IMJWGDSFRDJYJI-UHFFFAOYSA-N	Ke	12.0	12.0	nM	22372835
136677	P21554	IMJWGDSFRDJYJI-UHFFFAOYSA-N	Ki	792.0	792.0	nM	22372835
136850	P21554	IMQWZYVHJQJIKI-UHFFFAOYSA-N	Ki	137.0	137.0	nM	23406429
136896	P21554	IMSSROKUHAOUJS-MJCUULBUSA-N	IC50	28540.0	28540.0	nM	DrugMatrix in vitro pharmacology data
136896	P21554	IMSSROKUHAOUJS-MJCUULBUSA-N	Ki	22532.0	22532.0	nM	DrugMatrix in vitro pharmacology data
136934	P21554	IMULKGNJBJYZHH-UHFFFAOYSA-N	Kb	4.4	4.4	nM	17383180
136934	P21554	IMULKGNJBJYZHH-UHFFFAOYSA-N	Ki	22.0	22.0	nM	17383180
136948	P21554	IMUXNARHYOHMGR-UHFFFAOYSA-N	Ki	136.3	136.3	nM	21996466
136969	P21554	IMVPJCWCKUNHSI-UHFFFAOYSA-N	Ki	4073.8	4073.8	nM	18311894
136969	P21554	IMVPJCWCKUNHSI-UHFFFAOYSA-N	Ki	4077.0	4077.0	nM	18311894
137072	P21554	INAFCCZYSLWLHC-UHFFFAOYSA-N	Inhibition	30.5	30.5	%	19095444
137117	P21554	INBYZTBXXIUGMV-UHFFFAOYSA-N	Activity	82.0	82.0	%	24461289
137117	P21554	INBYZTBXXIUGMV-UHFFFAOYSA-N	IC50	3881.0	3881.0	nM	24461289
137400	P21554	INLYRLVAMGTAHS-UHFFFAOYSA-N	EC50	0.0	31622.8	nM	19864133
137475	P21554	INOMZYFNGDZFSD-UHFFFAOYSA-N	Ki	11000.0	11000.0	nM	24378710
137525	P21554	INQPZMWFXSDRRC-UHFFFAOYSA-N	Kb	2335.0	2335.0	nM	24053617
137602	P21554	INTQROPTEPGCAB-UHFFFAOYSA-N	Ki	7.8	7.8	nM	17383180
137602	P21554	INTQROPTEPGCAB-UHFFFAOYSA-N	Ki	7.8	7.8	nM	17383180
137683	P21554	INWIVGQRMMWWQD-UHFFFAOYSA-N	EC50	43.9	43.9	nM	18712856
137683	P21554	INWIVGQRMMWWQD-UHFFFAOYSA-N	IC50	2.1	2.1	nM	18712856
137725	P21554	INYRYOBBDZMTPK-UHFFFAOYSA-N	Activity	74.2	74.2	%	16392827
137725	P21554	INYRYOBBDZMTPK-UHFFFAOYSA-N	Decrease	-74.0	-74.0	%	15801840
137725	P21554	INYRYOBBDZMTPK-UHFFFAOYSA-N	Displacement	74.2	74.2	%	15801840
137725	P21554	INYRYOBBDZMTPK-UHFFFAOYSA-N	Ki	2188.0	2188.0	nM	15801840
137778	P21554	IOBGWHNZXXNBCX-UHFFFAOYSA-N	EC50	71.0	71.0	nM	22284817
137778	P21554	IOBGWHNZXXNBCX-UHFFFAOYSA-N	Emax	112.0	112.0	%	22284817
137778	P21554	IOBGWHNZXXNBCX-UHFFFAOYSA-N	Ki	110.0	110.0	nM	22284817
138026	P21554	IOMZWVIZNJRHRI-RUZDIDTESA-N	IC50	0.6	0.6	nM	20423086
138197	P21554	IOTRBXRSOUGNJM-WOJBJXKFSA-N	Ki	23.6	23.6	nM	24175572
138318	P21554	IOXUQFJVJZKHPO-UHFFFAOYSA-N	Displacement	64.0	64.0	%	11960486
138497	P21554	IPDKAYJYLAASMH-UHFFFAOYSA-N	EC50	0.0	20000.0	nM	21354795
138571	P21554	IPGGXACUBFSSHA-UHFFFAOYSA-N	EC50	4.0	4.0	nM	18335976
138571	P21554	IPGGXACUBFSSHA-UHFFFAOYSA-N	Ki	7.0	7.0	nM	18335976
138582	P21554	IPHISVXLTQERTK-UHFFFAOYSA-N	Ki	6.7	6.7	nM	21996466
138659	P21554	IPKOFPVJMBKHIT-CYBMUJFWSA-N	Ki	0.81	0.81	nM	20971001
138666	P21554	IPKZCLGGYKRDES-ZDUSSCGKSA-N	Inhibition	10.0	0.0	%	16821801
138775	P21554	IPNBYBRGLAYHDP-FUHIMQAGSA-N	IC50	0.0	17000.0	nM	21420857
138823	P21554	IPPBEGLUKNRALZ-UHFFFAOYSA-N	EC50	2450.0	2450.0	nM	21115245
138848	P21554	IPPURWIAVHOVPQ-QKKBWIMNSA-N	Ki	158.0	158.0	nM	20018510
138861	P21554	IPQBNXNMXNNORV-OPHFCASCSA-N	Emax	84.0	84.0	%	21420857
138861	P21554	IPQBNXNMXNNORV-OPHFCASCSA-N	IC50	2022.0	2022.0	nM	21420857
138862	P21554	IPQBNXNMXNNORV-ZWSUVBHBSA-N	Emax	98.0	98.0	%	21420857
138862	P21554	IPQBNXNMXNNORV-ZWSUVBHBSA-N	IC50	188.0	188.0	nM	21420857
138871	P21554	IPQGNHCGMASCIK-UHFFFAOYSA-N	Inhibition	22.0	22.0	%	21923175
138984	P21554	IPULHDXWPUAVBP-UHFFFAOYSA-N	Ki	0.0	20000.0	nM	23072339
139041	P21554	IPWKPSGOXRKLOH-NRFANRHFSA-N	Ki	100000.0	100000.0	nM	15664857
139052	P21554	IPXCVXXZEZCJRH-UHFFFAOYSA-N	Ki	500.0	500.0	nM	19646869
139121	P21554	IQBDRJGQTWPMPY-UHFFFAOYSA-N	Ki	137.0	137.0	nM	14980654
139254	P21554	IQGATJOTVOKJCZ-UHFFFAOYSA-N	Activity	64.8	64.8	%	20189815
139254	P21554	IQGATJOTVOKJCZ-UHFFFAOYSA-N	Ki	2875.0	2875.0	nM	20189815
139292	P21554	IQHRTSKPOQAZBU-UHFFFAOYSA-N	Ki	713.0	713.0	nM	14736243
139297	P21554	IQHYUQQDFXJXRD-UHFFFAOYSA-N	IC50	17.0	17.0	nM	20096577
139393	P21554	IQLQNNIZPSPERD-UHFFFAOYSA-N	Activity	95.0	95.0	%	16279809
139393	P21554	IQLQNNIZPSPERD-UHFFFAOYSA-N	EC50	1050.0	1050.0	nM	16279809
139393	P21554	IQLQNNIZPSPERD-UHFFFAOYSA-N	Emax	-74.0	-74.0	%	16279809
139393	P21554	IQLQNNIZPSPERD-UHFFFAOYSA-N	Ki	1100.0	1100.0	nM	16279809
139463	P21554	IQOANIBIODTHGD-UQBPGWFLSA-N	IC50	19.3	19.3	nM	17293109
139473	P21554	IQOQDLZIWMLGJL-UHFFFAOYSA-N	IC50	4.1	4.1	nM	19954978
139726	P21554	IQWPULXCADODAK-IBGZPJMESA-N	Ki	14.0	14.0	nM	17513109
139797	P21554	IQZXVPKSRQNNRH-UHFFFAOYSA-N	Kd	1.0	1.0	nM	19699640
139797	P21554	IQZXVPKSRQNNRH-UHFFFAOYSA-N	Ki	43.0	43.0	nM	19699640
140009	P21554	IRINYLOUKBCITA-UHFFFAOYSA-N	IC50	18.0	18.0	nM	15664830
140172	P21554	IRNGVYZGPNAVHN-PMACEKPBSA-N	Ki	247.0	247.0	nM	24175572
140174	P21554	IRNGVYZGPNAVHN-UXHICEINSA-N	Ki	186.0	186.0	nM	24175572
140176	P21554	IRNGVYZGPNAVHN-VQTJNVASSA-N	Ki	104.0	104.0	nM	24175572
140177	P21554	IRNGVYZGPNAVHN-WOJBJXKFSA-N	EC50	3.9	3.9	nM	24175572
140177	P21554	IRNGVYZGPNAVHN-WOJBJXKFSA-N	Ki	11.4	11.4	nM	24175572
140194	P21554	IROBMYGWVLTDFP-YADARESESA-N	IC50	2.0	2.0	nM	17181138,MedChemComm, (2013) 4:4:631
140194	P21554	IROBMYGWVLTDFP-YADARESESA-N	IC50	2.03	2.03	nM	18570365
140221	P21554	IROXUEHWMXXEAF-UHFFFAOYSA-N	Kd	0.3162	0.3162	nM	14736243
140221	P21554	IROXUEHWMXXEAF-UHFFFAOYSA-N	Ki	16.1	16.1	nM	14736243
140283	P21554	IRRGBCHOFRYUCB-UHFFFAOYSA-N	Ki	52.0	52.0	nM	20047779
140336	P21554	IRTBNEISJSBZBS-UHFFFAOYSA-N	Ki	0.0	10000.0	nM	18311894
140336	P21554	IRTBNEISJSBZBS-UHFFFAOYSA-N	Ki	10000.0	0.0	nM	18311894
140353	P21554	IRTQKPRGPXHPGU-WOJBJXKFSA-N	Ki	18.8	18.8	nM	18524604,19250829
140378	P21554	IRUIMNBPEZGQNR-UHFFFAOYSA-N	IC50	5.2	5.2	nM	16263284
140530	P21554	ISAHSOBBNOUBGF-KYPFDINASA-N	Ki	2100.0	2100.0	nM	19646869
140728	P21554	ISIUJCSWBKYRAX-UHFFFAOYSA-N	Ke	789.0	789.0	nM	24041123
140869	P21554	ISOBQBOKEVAOGY-AVRWGWEMSA-N	IC50	0.9	0.9	nM	17608398
140904	P21554	ISQHUFAVATYKJC-UHFFFAOYSA-N	IC50	21.0	21.0	nM	20719511
140956	P21554	ISSNENYWKIQAMJ-UHFFFAOYSA-N	Ki	341.0	341.0	nM	17884494
141006	P21554	ISUCVHDUSCKYMK-UHFFFAOYSA-N	Ki	1700.0	1700.0	nM	20718492
141243	P21554	ITECAINUXYCJRB-WYMLVPIESA-N	Activity	0.0	10.0	%	21074998
141243	P21554	ITECAINUXYCJRB-WYMLVPIESA-N	IC50	0.0	10000.0	nM	21074998
141243	P21554	ITECAINUXYCJRB-WYMLVPIESA-N	Ki	0.0	10000.0	nM	21074998
141303	P21554	ITGPVFUFPVABEZ-MGPUTAFESA-N	IC50	37.2	37.2	nM	17293109
141542	P21554	ITQZCELXAWBWQT-UHFFFAOYSA-N	EC50	80.0	80.0	nM	23147076
141542	P21554	ITQZCELXAWBWQT-UHFFFAOYSA-N	Efficacy	90.0	90.0	%	23147076
141585	P21554	ITSVQBLBEILJMZ-UHFFFAOYSA-N	IC50	0.0	10000.0	nM	22571451
141585	P21554	ITSVQBLBEILJMZ-UHFFFAOYSA-N	Inhibition	18.0	18.0	%	22571451
141765	P21554	ITZYSOSIYSLLLF-OFNKIYASSA-N	Ki	35.0	35.0	nM	20018510
141767	P21554	ITZYWHNBEHDVTA-UHFFFAOYSA-N	Displacement	5.0	0.0	%	10465552
141776	P21554	IUAHPWBBEWAHNB-UHFFFAOYSA-N	Ki	5.8	5.8	nM	20018510
141778	P21554	IUAHPWBBEWAHNB-XDHUDOTRSA-N	Ki	5.8	5.8	nM	20018510
142045	P21554	IUINALILLTVIHS-UHFFFAOYSA-N	IC50	2100.0	2100.0	nM	24445310
142045	P21554	IUINALILLTVIHS-UHFFFAOYSA-N	Inhibition	98.2	98.2	%	24445310
142150	P21554	IUMLKAWPFRUDQL-UHFFFAOYSA-N	IC50	161.0	161.0	nM	20047779
142150	P21554	IUMLKAWPFRUDQL-UHFFFAOYSA-N	Ki	2.3	2.3	nM	20047779
142150	P21554	IUMLKAWPFRUDQL-UHFFFAOYSA-N	Ki	2.3	2.3	nM	20047779
142157	P21554	IUMPBUYJPRNFHP-UHFFFAOYSA-N	EC50	161.0	161.0	nM	20845959
142157	P21554	IUMPBUYJPRNFHP-UHFFFAOYSA-N	Emax	-23.0	-23.0	%	20845959
142157	P21554	IUMPBUYJPRNFHP-UHFFFAOYSA-N	Kd	29.51	29.51	nM	20845959
142157	P21554	IUMPBUYJPRNFHP-UHFFFAOYSA-N	Ki	94.1	94.1	nM	20845959
142157	P21554	IUMPBUYJPRNFHP-UHFFFAOYSA-N	Ki	247.0	247.0	nM	20845959
142203	P21554	IUNWESBRRKQPAF-UHFFFAOYSA-N	Displacement	90.9	90.9	%	15801840
142203	P21554	IUNWESBRRKQPAF-UHFFFAOYSA-N	Ki	2193.0	2193.0	nM	15801840
142225	P21554	IUOUKGJDVHEAEX-UHFFFAOYSA-N	Ki	604.0	604.0	nM	17884494,19143566
142361	P21554	IUUUUXWSQKRYFK-UHFFFAOYSA-N	Ki	740.0	740.0	nM	19091565
142395	P21554	IUVWYQRMCLECAF-UHFFFAOYSA-N	IC50	20.0	20.0	nM	20096577
142404	P21554	IUWBHGFOHXVVKV-UHFFFAOYSA-N	Ki	2.3	2.3	nM	22341572
142409	P21554	IUWDZTKHESQPPS-UHFFFAOYSA-N	Ki	18.0	18.0	nM	18335976
142426	P21554	IUWTVEUGDDMZCM-UHFFFAOYSA-N	Ki	4679.0	4679.0	nM	18522867
142713	P21554	IVJZUABZNFOIQZ-UHFFFAOYSA-N	Activity	35.18	35.18	%	23164658
142713	P21554	IVJZUABZNFOIQZ-UHFFFAOYSA-N	EC50	0.0	10000.0	nM	23164658
142713	P21554	IVJZUABZNFOIQZ-UHFFFAOYSA-N	Ki	0.0	10000.0	nM	23164658
142877	P21554	IVQAPXKHSUQVFR-UHFFFAOYSA-N	EC50	100.0	100.0	nM	21316962
142930	P21554	IVSBKGWMJJCQHO-UHFFFAOYSA-N	Kd	2.512	2.512	nM	15771428
142930	P21554	IVSBKGWMJJCQHO-UHFFFAOYSA-N	Ki	94.0	94.0	nM	15771428
142999	P21554	IVUOVVRJRKZZQF-UHFFFAOYSA-N	Ki	19.0	19.0	nM	23623258
143324	P21554	IWGWKANZPRNVTJ-UHFFFAOYSA-N	EC50	0.0	20000.0	nM	21354795
143420	P21554	IWLRCWFHYARFJX-UHFFFAOYSA-N	Activity	85.1	85.1	%	16451053
143420	P21554	IWLRCWFHYARFJX-UHFFFAOYSA-N	Emax	-70.0	-70.0	%	16451053
143420	P21554	IWLRCWFHYARFJX-UHFFFAOYSA-N	Ki	6309.0	6309.0	nM	16451053
143900	P21554	IXELDSLDTIRNMA-JCTONOIOSA-N	Emax	91.0	91.0	%	21420857
143900	P21554	IXELDSLDTIRNMA-JCTONOIOSA-N	IC50	1002.0	1002.0	nM	21420857
143916	P21554	IXEWYTLXTLCWOK-UHFFFAOYSA-N	EC50	23.0	23.0	nM	18712856
143916	P21554	IXEWYTLXTLCWOK-UHFFFAOYSA-N	IC50	5.1	5.1	nM	18712856
144063	P21554	IXKFOAYMHDSEDQ-UHFFFAOYSA-N	EC50	0.0	10000.0	nM	19062274
144063	P21554	IXKFOAYMHDSEDQ-UHFFFAOYSA-N	Emax	2.0	2.0	%	19062274
144081	P21554	IXKWGEYSEZLERR-ZYKLXPEUSA-N	Kb	0.424	0.424	nM	18800770
144109	P21554	IXMNBHPNQQLFMV-UHFFFAOYSA-N	EC50	1.0	1.0	nM	19351113
144109	P21554	IXMNBHPNQQLFMV-UHFFFAOYSA-N	Ki	0.6	0.6	nM	16263283,19351113
144109	P21554	IXMNBHPNQQLFMV-UHFFFAOYSA-N	Ki	1.0	1.0	nM	16263283,19351113
144141	P21554	IXNMNDCGZKSZFX-UHFFFAOYSA-N	Ke	1645.0	1645.0	nM	23098108
144296	P21554	IXUTVBUYTJYKMF-UHFFFAOYSA-N	Inhibition	27.0	27.0	%	18083560
144432	P21554	IXYWUNGAYXMXFT-UHFFFAOYSA-N	Activity	20.0	0.0	%	16279809
144490	P21554	IYAVTZWBGCXXFI-OCBJUFRSSA-N	IC50	8600.0	8600.0	nM	24157366
144538	P21554	IYCKLSMGGKQPDY-UHFFFAOYSA-N	Ki	120.0	120.0	nM	19595596
144630	P21554	IYGBYFCBJQWYSO-UHFFFAOYSA-N	Ki	0.0	5600.0	nM	17942307
144630	P21554	IYGBYFCBJQWYSO-UHFFFAOYSA-N	Ki	5600.0	5600.0	nM	17942307
144749	P21554	IYJLQYRDWHVKNY-UHFFFAOYSA-N	Kd	1.0	1.0	nM	20047331
144749	P21554	IYJLQYRDWHVKNY-UHFFFAOYSA-N	Ki	43.0	43.0	nM	20047331
144885	P21554	IYPCLQNNVOPZPH-UHFFFAOYSA-N	Kd	1.995	1.995	nM	19699640
144885	P21554	IYPCLQNNVOPZPH-UHFFFAOYSA-N	Ki	74.0	74.0	nM	19699640
144929	P21554	IYQVJJRCWZSDNK-UHFFFAOYSA-N	Activity	21.0	21.0	%	23679955
144929	P21554	IYQVJJRCWZSDNK-UHFFFAOYSA-N	Ki	0.0	10000.0	nM	23679955
145219	P21554	IZDIEIZEWYLRBW-UHFFFAOYSA-N	Ke	2100.0	2100.0	nM	24944734
145226	P21554	IZDRJTIAQHGZMN-HNNXBMFYSA-N	Ki	8.9	8.9	nM	17466519
145357	P21554	IZKDGGVGSMLFPW-UHFFFAOYSA-N	Ki	656.0	656.0	nM	17513109
145683	P21554	IZZAUGOELHTXOR-UHFFFAOYSA-N	Kd	3.981	3.981	nM	15771428
145683	P21554	IZZAUGOELHTXOR-UHFFFAOYSA-N	Ki	55.0	55.0	nM	15771428
145749	P21554	JACQWPJZGHCXBL-UHFFFAOYSA-N	Activity	10.0	0.0	%	16451053
145749	P21554	JACQWPJZGHCXBL-UHFFFAOYSA-N	Activity	20.0	0.0	%	16392827
145752	P21554	JACXDKREAMALNZ-UHFFFAOYSA-N	Ki	61.0	61.0	nM	19351113
145906	P21554	JAHTYICOAGMXGW-NVHKAFQKSA-N	Inhibition	96.0	96.0	%	22959249
145923	P21554	JAIPFCNJVNJMDU-UHFFFAOYSA-N	Ki	25.0	25.0	nM	18311894
145923	P21554	JAIPFCNJVNJMDU-UHFFFAOYSA-N	Ki	25.12	25.12	nM	18311894
146380	P21554	JAVXSEZBTVKAOG-UHFFFAOYSA-N	Ki	0.0	10000.0	nM	22548457,20718492,21183257
146495	P21554	JBATWCPALJLYTL-UHFFFAOYSA-N	Ki	0.0	5000.0	nM	18522867
146609	P21554	JBFDVHIPOLZSCA-UHFFFAOYSA-N	IC50	0.0	32000.0	nM	PubChem BioAssay data set
146692	P21554	JBHSRXZIGNHKIP-UHFFFAOYSA-N	EC50	4.8	4.8	nM	18712856
146692	P21554	JBHSRXZIGNHKIP-UHFFFAOYSA-N	IC50	1.7	1.7	nM	18712856
146833	P21554	JBNCULDCNOUANL-UHFFFAOYSA-N	Ki	1.9	1.9	nM	17383180
146833	P21554	JBNCULDCNOUANL-UHFFFAOYSA-N	Ki	1.9	1.9	nM	17383180
146910	P21554	JBPMLEUENRFVMZ-UHFFFAOYSA-N	Displacement	28.8	28.8	%	11960486
146959	P21554	JBQWPLWSNHELFT-UHFFFAOYSA-N	IC50	2.3	2.3	nM	16263284
147121	P21554	JBWCNAHZWJPFEN-UHFFFAOYSA-N	Ki	0.0	10000.0	nM	24378710
147253	P21554	JCBKHLWPNWGXIF-UHFFFAOYSA-N	IC50	76.0	76.0	nM	22444677
147253	P21554	JCBKHLWPNWGXIF-UHFFFAOYSA-N	Ki	181.0	181.0	nM	22444677
147363	P21554	JCFZBNYPTDUYNV-UHFFFAOYSA-N	IC50	16.3	16.3	nM	19530697
147450	P21554	JCIBBNGOHWXOKG-UHFFFAOYSA-N	Ki	4.5	4.5	nM	24182233
147492	P21554	JCJPUCGVJHINQD-UHFFFAOYSA-N	Ki	270.0	270.0	nM	22044209
147638	P21554	JCPZZONKEINJSI-UHFFFAOYSA-N	Ke	0.4	0.4	nM	22372835
147638	P21554	JCPZZONKEINJSI-UHFFFAOYSA-N	Ki	15.5	15.5	nM	22372835
147658	P21554	JCQRAJVSZJBITB-CHOSKBQSSA-N	EC50	3.981	3.981	nM	20688519
147658	P21554	JCQRAJVSZJBITB-CHOSKBQSSA-N	Kd	7.943	7.943	nM	20688519
147658	P21554	JCQRAJVSZJBITB-CHOSKBQSSA-N	Ki	6.1	6.1	nM	20688519
147663	P21554	JCQUZKSREGZWPN-UHFFFAOYSA-N	EC50	0.0	100000.0	nM	23795771
147792	P21554	JCVQIVPQLBSAML-UHFFFAOYSA-N	Kd	3.162	3.162	nM	14736243
147792	P21554	JCVQIVPQLBSAML-UHFFFAOYSA-N	Ki	338.0	338.0	nM	14736243
147815	P21554	JCWSHTMGPCJHIO-UHFFFAOYSA-N	Ki	2300.0	2300.0	nM	24729834
147967	P21554	JDBYNYRWGYDPPR-UHFFFAOYSA-N	IC50	4.9	4.9	nM	20483606
148008	P21554	JDDBODGIBAEVFY-UHFFFAOYSA-N	Inhibition	0.0	0.0	%	22916707
148008	P21554	JDDBODGIBAEVFY-UHFFFAOYSA-N	Ki	1270.0	1270.0	nM	22916707
148064	P21554	JDFAIQMMRYUITC-UHFFFAOYSA-N	Ki	60.39	60.39	nM	Med Chem Res, (2013) 22:9:4133
148064	P21554	JDFAIQMMRYUITC-UHFFFAOYSA-N	Ki	60.4	60.4	nM	Med Chem Res, (2013) 22:9:4133
148154	P21554	JDGFLFBQAWOEJL-UHFFFAOYSA-N	IC50	1.2	1.2	nM	19954978
148154	P21554	JDGFLFBQAWOEJL-UHFFFAOYSA-N	IC50	5.8	5.8	nM	19954978
148229	P21554	JDJNTSQEVVKDDF-UHFFFAOYSA-N	Ke	133.0	133.0	nM	23098108
148229	P21554	JDJNTSQEVVKDDF-UHFFFAOYSA-N	Ki	14.0	14.0	nM	23098108
148269	P21554	JDKSZSKJOBLXNT-HNNXBMFYSA-N	Ki	433.0	433.0	nM	22738271
148269	P21554	JDKSZSKJOBLXNT-HNNXBMFYSA-N	Ki	843.0	843.0	nM	22738271
148273	P21554	JDKSZSKJOBLXNT-OAHLLOKOSA-N	Ki	105.0	105.0	nM	22738271
148279	P21554	JDKSZSKJOBLXNT-UHFFFAOYSA-N	Ki	433.0	433.0	nM	22738271
148324	P21554	JDMULPKHYQBDGR-CQSZACIVSA-N	Ki	10.0	10.0	nM	20971001
148329	P21554	JDNLJOVGVMXDOM-UHFFFAOYSA-N	Activity	75.0	75.0	%	16279809
148329	P21554	JDNLJOVGVMXDOM-UHFFFAOYSA-N	EC50	500.0	500.0	nM	16279809
148329	P21554	JDNLJOVGVMXDOM-UHFFFAOYSA-N	Emax	-61.0	-61.0	%	16279809
148329	P21554	JDNLJOVGVMXDOM-UHFFFAOYSA-N	Ki	500.0	500.0	nM	16279809
148332	P21554	JDNLPKCAXICMBW-UHFFFAOYSA-N	EC50	5.012	5.012	nM	21885167
148332	P21554	JDNLPKCAXICMBW-UHFFFAOYSA-N	Ki	1.995	1.995	nM	21885167
148332	P21554	JDNLPKCAXICMBW-UHFFFAOYSA-N	Ki	9.5	9.5	nM	23865723
148332	P21554	JDNLPKCAXICMBW-UHFFFAOYSA-N	Ki	10.0	10.0	nM	10525107
148432	P21554	JDRCDVZZIVLMMJ-UHFFFAOYSA-N	Ki	340.0	340.0	nM	24729834
148602	P21554	JDYPQQKFCAAXRZ-UHFFFAOYSA-N	Inhibition	110.0	110.0	%	22916707
148602	P21554	JDYPQQKFCAAXRZ-UHFFFAOYSA-N	Ki	598.0	598.0	nM	22916707
148719	P21554	JECXXFXYJAQVAH-WOJBJXKFSA-N	Ki	0.32	0.32	nM	18595717,17521177
148719	P21554	JECXXFXYJAQVAH-WOJBJXKFSA-N	Ki	0.3236	0.3236	nM	17521177,17980589
148768	P21554	JEEFMLVJZKFOFV-FCHUYYIVSA-N	Ki	23.0	23.0	nM	20943404
148768	P21554	JEEFMLVJZKFOFV-FCHUYYIVSA-N	Ki	249.7	249.7	nM	Bioorg. Med. Chem. Lett., (1996) 6:2:189
148768	P21554	JEEFMLVJZKFOFV-FCHUYYIVSA-N	Ki	250.0	250.0	nM	
148772	P21554	JEEILHAWJQTJII-UHFFFAOYSA-N	Ki	560.0	560.0	nM	19435366
148861	P21554	JEIFXINMIBYIQL-UHFFFAOYSA-N	Activity	62.0	62.0	%	16279809
148861	P21554	JEIFXINMIBYIQL-UHFFFAOYSA-N	Ki	2750.0	2750.0	nM	16279809
149012	P21554	JENDDWCJIPEZSM-UHFFFAOYSA-N	Ki	69.18	69.18	nM	18311894
149012	P21554	JENDDWCJIPEZSM-UHFFFAOYSA-N	Ki	70.0	70.0	nM	18311894
149020	P21554	JENKZPZRFLLTTE-UHFFFAOYSA-N	Inhibition	69.0	69.0	%	19520572
149020	P21554	JENKZPZRFLLTTE-UHFFFAOYSA-N	Ki	2396.0	2396.0	nM	19520572
149063	P21554	JEPCRXIZYIZJQA-UHFFFAOYSA-N	Ki	57.0	57.0	nM	24900484
149169	P21554	JETYTZFLVSGSDN-UHFFFAOYSA-N	Activity	0.0	60.0	%	23017078
149169	P21554	JETYTZFLVSGSDN-UHFFFAOYSA-N	Ki	0.0	1000.0	nM	23017078
149204	P21554	JEUUPPZWHDFNDP-UHFFFAOYSA-N	Activity	43.0	43.0	%	23697626
149204	P21554	JEUUPPZWHDFNDP-UHFFFAOYSA-N	Ki	0.0	10000.0	nM	23697626
149217	P21554	JEVAVZIQIWXBLG-UHFFFAOYSA-N	EC50	0.0	31622.8	nM	20005703
149224	P21554	JEVGYRWCLSAYBJ-UHFFFAOYSA-N	Ke	2.4	2.4	nM	22372835
149224	P21554	JEVGYRWCLSAYBJ-UHFFFAOYSA-N	Ki	47.1	47.1	nM	22372835
149247	P21554	JEWLHZLPBAWXRC-MRXNPFEDSA-N	Ki	0.47	0.47	nM	20971001
149710	P21554	JFLFBSAQNKZEKC-ABZYKWASSA-N	IC50	1.5	1.5	nM	19320488
149797	P21554	JFOKDVSVRVUJTI-UHFFFAOYSA-N	Ki	560.0	560.0	nM	18579386
149845	P21554	JFQSYCUGCCXESU-UHFFFAOYSA-N	Emax	13.0	13.0	%	18640038
149864	P21554	JFRLXWSNATVVAA-NPMXOYFQSA-N	IC50	3.2	3.2	nM	17293109
149894	P21554	JFSQXIGNGMVQLG-UHFFFAOYSA-N	Ki	0.0	10000.0	nM	21872477
150124	P21554	JGBRLAUJLHTDKZ-UHFFFAOYSA-N	Ki	440.0	440.0	nM	23350768
150189	P21554	JGDGYXCXNNNSTF-UHFFFAOYSA-N	Inhibition	34.5	34.5	%	19095444
150292	P21554	JGHRNJBYOYKUKA-UHFFFAOYSA-N	Ki	1209.0	1209.0	nM	18522867
150315	P21554	JGJAHDJMUVNSEP-UHFFFAOYSA-N	Ki	1050.0	1050.0	nM	23350768
150485	P21554	JGPAPPSJELZZOC-NHCUHLMSSA-N	Ki	9.25	9.25	nM	18524604,19250829
150555	P21554	JGRAAQQKBSBAQR-UHFFFAOYSA-N	Kd	21.88	21.88	nM	20845959
150555	P21554	JGRAAQQKBSBAQR-UHFFFAOYSA-N	Ke	219.8	219.8	nM	20845959
150555	P21554	JGRAAQQKBSBAQR-UHFFFAOYSA-N	Ki	15.5	15.5	nM	20845959
150555	P21554	JGRAAQQKBSBAQR-UHFFFAOYSA-N	Ki	37.5	37.5	nM	20845959
150809	P21554	JHBFDPVHAROGOC-SFHVURJKSA-N	Ki	117.0	117.0	nM	15664857
150821	P21554	JHBQPAAZUBDTAT-UHFFFAOYSA-N	IC50	0.0	10000.0	nM	18440813
151005	P21554	JHGUWCGGYDWNIQ-UHFFFAOYSA-N	Ki	13.0	13.0	nM	17561406
151105	P21554	JHLCXAWIXFCLOB-UHFFFAOYSA-N	Ki	3200.0	3200.0	nM	23406429
151192	P21554	JHOTYHDSLIUKCJ-UHFFFAOYSA-N	Ki	0.0	3000.0	nM	21867920
151192	P21554	JHOTYHDSLIUKCJ-UHFFFAOYSA-N	Ki	840.0	840.0	nM	17942307
151192	P21554	JHOTYHDSLIUKCJ-UHFFFAOYSA-N	Ki	5152.0	5152.0	nM	20218623,21183257
151192	P21554	JHOTYHDSLIUKCJ-UHFFFAOYSA-N	Ki	5252.0	5252.0	nM	27560280
151198	P21554	JHPCUAOEZFKOGG-UHFFFAOYSA-N	Ki	1.7	1.7	nM	19102698
151198	P21554	JHPCUAOEZFKOGG-UHFFFAOYSA-N	Ki	1.7	1.7	nM	19102698
151198	P21554	JHPCUAOEZFKOGG-UHFFFAOYSA-N	Ki	7.4	7.4	nM	19102698
151198	P21554	JHPCUAOEZFKOGG-UHFFFAOYSA-N	Ki	7.4	7.4	nM	19102698
151400	P21554	JHYKGBVUBGBCCH-ZHACJKMWSA-N	Ki	0.0	10000.0	nM	20718492
151401	P21554	JHYLDWFPNBXQGK-UHFFFAOYSA-N	IC50	1173.2	1173.2	nM	19095444
151444	P21554	JHZQLCVGUFCRSM-UHFFFAOYSA-N	Kd	0.0	31.62	nM	15771428
151444	P21554	JHZQLCVGUFCRSM-UHFFFAOYSA-N	Ki	172.0	172.0	nM	15771428
151566	P21554	JIFAGTGHNWWHCX-UHFFFAOYSA-N	Log Ki	1.3	1.3	nM	10882356
151597	P21554	JIFYSWSFVZJMJQ-UHFFFAOYSA-N	Ki	560.0	560.0	nM	19595596
151656	P21554	JIHHGCFQVZKHGG-UHFFFAOYSA-N	Ki	8.6	8.6	nM	21996466
151840	P21554	JIPAXYGBULGOLF-UHFFFAOYSA-N	Activity	20.0	0.0	%	16392827
152104	P21554	JIYXOJFSPOFZPY-UHFFFAOYSA-N	IC50	0.0	2000.0	nM	22444677
152104	P21554	JIYXOJFSPOFZPY-UHFFFAOYSA-N	Ki	4067.0	4067.0	nM	22444677
152104	P21554	JIYXOJFSPOFZPY-UHFFFAOYSA-N	Ki	4600.0	4600.0	nM	23865723
152305	P21554	JJFLMIAQTRLTSH-UHFFFAOYSA-N	IC50	0.34	0.34	nM	20015647
152305	P21554	JJFLMIAQTRLTSH-UHFFFAOYSA-N	IC50	0.49	0.49	nM	20015647
152305	P21554	JJFLMIAQTRLTSH-UHFFFAOYSA-N	IC50	0.66	0.66	nM	20015647
152315	P21554	JJGFVBTZCMHDAQ-UHFFFAOYSA-N	Ki	290.0	290.0	nM	17942307
152364	P21554	JJIGRATYXIQCKI-HNNXBMFYSA-N	Ki	17.0	17.0	nM	17466519
152437	P21554	JJKVOVGHJDQLCO-UHFFFAOYSA-N	IC50	13.0	13.0	nM	19954978
152454	P21554	JJLMMXFPFUSCCD-UHFFFAOYSA-N	EC50	7.97	7.97	nM	23621789
152454	P21554	JJLMMXFPFUSCCD-UHFFFAOYSA-N	EC50	8.0	8.0	nM	23621789
152454	P21554	JJLMMXFPFUSCCD-UHFFFAOYSA-N	EC50	450.0	450.0	nM	23621789
152454	P21554	JJLMMXFPFUSCCD-UHFFFAOYSA-N	Ratio	0.81	0.81	-	23621789
152728	P21554	JJXMAMRNQTUEMS-UHFFFAOYSA-N	IC50	0.0	2000.0	nM	22444677
152728	P21554	JJXMAMRNQTUEMS-UHFFFAOYSA-N	Ki	0.0	5000.0	nM	22444677
152912	P21554	JKDNIMFAAXNVBC-UHFFFAOYSA-N	Activity	42.7	42.7	%	16392827
152994	P21554	JKGIMVBQKSRTGX-UHFFFAOYSA-N	Ki	270.0	270.0	nM	21183257
153007	P21554	JKHDWFYURAYMGC-UHFFFAOYSA-N	EC50	63.1	63.1	nM	21411321
153031	P21554	JKHZPISEYADUGI-UHFFFAOYSA-N	Ki	44.67	44.67	nM	18311894
153031	P21554	JKHZPISEYADUGI-UHFFFAOYSA-N	Ki	45.0	45.0	nM	18311894,21183257
153061	P21554	JKJJMYVWKMMOBC-UHFFFAOYSA-N	Kb	1985.0	1985.0	nM	24635495
153185	P21554	JKOKWNBLJPOKNE-GOSISDBHSA-N	IC50	0.0	10000.0	nM	18440813
153228	P21554	JKPISQIIWUONPB-UHFFFAOYSA-N	Ki	0.0	10000.0	nM	http://pdsp.med.unc.edu/pdsp.php
153271	P21554	JKPZBEPEWQIJPK-UHFFFAOYSA-N	EC50	0.5	0.5	nM	19320488
153271	P21554	JKPZBEPEWQIJPK-UHFFFAOYSA-N	IC50	170.0	170.0	nM	19320488
153394	P21554	JKWQGCBWERHCKC-UHFFFAOYSA-N	IC50	34.0	34.0	nM	19328684
153701	P21554	JLIFAVMXLTWROR-UHFFFAOYSA-N	Ki	0.0	8000.0	nM	17884494
153709	P21554	JLIPXPWKQFJTPO-UHFFFAOYSA-N	EC50	22.0	22.0	nM	22284817
153709	P21554	JLIPXPWKQFJTPO-UHFFFAOYSA-N	Emax	97.0	97.0	%	22284817
153709	P21554	JLIPXPWKQFJTPO-UHFFFAOYSA-N	Ki	22.0	22.0	nM	22284817
153765	P21554	JLMDPVAMPFPKSA-UHFFFAOYSA-N	Ke	0.7	0.7	nM	23098108
153765	P21554	JLMDPVAMPFPKSA-UHFFFAOYSA-N	Ki	2.55	2.55	nM	,None
153767	P21554	JLMGWXWOAGNXOH-UHFFFAOYSA-N	Ki	48.2	48.2	nM	22548457
153819	P21554	JLOBHBFPMZARDU-UHFFFAOYSA-N	EC50	0.0	32000.0	nM	,PubChem BioAssay data set
153819	P21554	JLOBHBFPMZARDU-UHFFFAOYSA-N	IC50	1680.0	1680.0	nM	,PubChem BioAssay data set
153839	P21554	JLPIEEHZSKZBJT-UHFFFAOYSA-N	EC50	0.0	31622.8	nM	20005703
153909	P21554	JLRWXZDRAZQWDA-UHFFFAOYSA-N	Ki	5150.0	5150.0	nM	23350768
154005	P21554	JLVAHQKGPMYULG-UHFFFAOYSA-N	Ke	443.0	443.0	nM	23098108
154005	P21554	JLVAHQKGPMYULG-UHFFFAOYSA-N	Ki	195.0	195.0	nM	,None,23098108
154153	P21554	JLYURUXNAAKJAD-UHFFFAOYSA-N	EC50	60.0	60.0	nM	22284817
154153	P21554	JLYURUXNAAKJAD-UHFFFAOYSA-N	Emax	57.0	57.0	%	22284817
154276	P21554	JMCHMHBQWJRNCS-UHFFFAOYSA-N	IC50	200.0	200.0	nM	18293908
154276	P21554	JMCHMHBQWJRNCS-UHFFFAOYSA-N	Ki	110.0	110.0	nM	18293908
154719	P21554	JMTWRSDESYFLOX-UHFFFAOYSA-N	Ki	592.0	592.0	nM	20979417
154885	P21554	JMZOUTOPTOALNY-UHFFFAOYSA-N	EC50	1905.0	1905.0	nM	23147076
154885	P21554	JMZOUTOPTOALNY-UHFFFAOYSA-N	Efficacy	90.0	90.0	%	23147076
154936	P21554	JNAUQUYERIQMKK-UHFFFAOYSA-N	Ki	1500.0	1500.0	nM	18335976
154938	P21554	JNAWRSLZEOWZEI-JUJAXGASSA-N	Ki	4.0	4.0	nM	23865723
155069	P21554	JNFLGYVGKKWDGH-UHFFFAOYSA-N	IC50	1110.8	1110.8	nM	19530697
155080	P21554	JNFUVFPPCCCIDB-UHFFFAOYSA-N	Ki	0.0	10000.0	nM	16570929
155369	P21554	JNRJINSDQQDNSH-UHFFFAOYSA-N	Ki	424.0	424.0	nM	22284817
155487	P21554	JNVQWCOBTNAZDC-UHFFFAOYSA-N	Ki	117.0	117.0	nM	19595596
155579	P21554	JNYPFLGHBZFJQG-UHFFFAOYSA-N	IC50	27.0	27.0	nM	19954978
155597	P21554	JNZMNQVFIPASOT-UHFFFAOYSA-N	Inhibition	89.0	89.0	%	18083560
155727	P21554	JOBKFJOPMWJCEM-UHFFFAOYSA-N	Efficacy	10.0	10.0	%	17477516
155805	P21554	JOEJNYHJRTUVDE-UHFFFAOYSA-N	Ki	389.0	389.0	nM	22738271
156021	P21554	JOMBGLWLVGEFQD-UHFFFAOYSA-N	Emax	100.0	100.0	%	21420860
156021	P21554	JOMBGLWLVGEFQD-UHFFFAOYSA-N	IC50	347.0	347.0	nM	21420860
156031	P21554	JOMJKKKUVUBTTO-CQSZACIVSA-N	Ki	0.18	0.18	nM	20971001
156084	P21554	JOOBCYBSTJTGPR-UHFFFAOYSA-N	Inhibition	28.0	28.0	%	19736007
156097	P21554	JOORKYOCCQYLAN-UHFFFAOYSA-N	EC50	0.0	10000.0	nM	19320488
156097	P21554	JOORKYOCCQYLAN-UHFFFAOYSA-N	IC50	0.0	10000.0	nM	19320488
156099	P21554	JOOWQDRRSLVPOP-UHFFFAOYSA-N	IC50	0.0	1000.0	nM	24139843
156190	P21554	JOSUFAGDYSRBJW-UHFFFAOYSA-N	IC50	32.0	32.0	nM	16263284
156196	P21554	JOTBLGHJBUWXCN-UHFFFAOYSA-N	Ki	560.0	560.0	nM	19595596
156305	P21554	JOXLFIXMIHXCKT-JOCHJYFZSA-N	Ki	0.0	5000.0	nM	18522867
156308	P21554	JOXLFIXMIHXCKT-QFIPXVFZSA-N	Ki	0.0	5000.0	nM	18522867
156346	P21554	JOYHOQJUESUNDM-PKNBQFBNSA-N	Activity	50.0	0.0	%	21074998
156346	P21554	JOYHOQJUESUNDM-PKNBQFBNSA-N	IC50	0.0	10000.0	nM	21074998
156346	P21554	JOYHOQJUESUNDM-PKNBQFBNSA-N	Ki	0.0	10000.0	nM	21074998
156375	P21554	JOZITCZSNKWWPP-UHFFFAOYSA-N	IC50	104.0	104.0	nM	20719511
156395	P21554	JPACLMYSZXUFER-UHFFFAOYSA-N	Ki	3.0	3.0	nM	24182233
156395	P21554	JPACLMYSZXUFER-UHFFFAOYSA-N	Ki	3.0	3.0	nM	24182233
156431	P21554	JPCKKOFQIAJKMZ-UHFFFAOYSA-N	IC50	776.25	776.25	nM	19406638
156473	P21554	JPEDAXPHURVMGT-UHFFFAOYSA-N	Ki	6.8	6.8	nM	23380378
156494	P21554	JPFHREXVKXIDTM-UHFFFAOYSA-N	EC50	0.0	10000.0	nM	23147076
156515	P21554	JPGHESNKHAZUNP-UHFFFAOYSA-N	Ki	54.0	54.0	nM	22341572
156557	P21554	JPHQPWZIYRCUGH-UHFFFAOYSA-N	Ki	35.0	35.0	nM	24518874
156619	P21554	JPKRFPSDOGVPSP-UHFFFAOYSA-N	EC50	4538.0	4538.0	nM	23147076
156619	P21554	JPKRFPSDOGVPSP-UHFFFAOYSA-N	Efficacy	56.0	56.0	%	23147076
156950	P21554	JPVZEZAJUNSTNS-UHFFFAOYSA-N	EC50	958.0	958.0	nM	23147076
156950	P21554	JPVZEZAJUNSTNS-UHFFFAOYSA-N	Efficacy	97.0	97.0	%	23147076
156999	P21554	JPYFZZUFONYMCU-UHFFFAOYSA-N	Inhibition	4.0	4.0	%	19736007
157016	P21554	JPYYYYOTMCQCRB-UHFFFAOYSA-N	Activity	52.9	52.9	%	17915849
157082	P21554	JQBOYORPJBKBDJ-UHFFFAOYSA-N	Activity	20.0	0.0	%	17915849
157094	P21554	JQBYRVOBEAOVDD-UHFFFAOYSA-N	EC50	0.0	1000.0	nM	18680277
157094	P21554	JQBYRVOBEAOVDD-UHFFFAOYSA-N	EC50	0.0	10000.0	nM	18680277
157446	P21554	JQNLVQKIAYWCJT-UHFFFAOYSA-N	Ki	1.7	1.7	nM	19102698
157446	P21554	JQNLVQKIAYWCJT-UHFFFAOYSA-N	Ki	1.7	1.7	nM	19102698
157446	P21554	JQNLVQKIAYWCJT-UHFFFAOYSA-N	Ki	6.1	6.1	nM	19102698
157446	P21554	JQNLVQKIAYWCJT-UHFFFAOYSA-N	Ki	6.1	6.1	nM	19102698
157457	P21554	JQOJSBWWAAXMQO-UHFFFAOYSA-N	Kb	1067.0	1067.0	nM	24053617
157544	P21554	JQRHFVVBMKWFEA-UHFFFAOYSA-N	Ki	739.0	739.0	nM	18680276
157592	P21554	JQSJAVBMIMDUFO-UHFFFAOYSA-N	Inhibition	36.0	36.0	%	23642479
157597	P21554	JQSKLRZZZNTNOZ-UHFFFAOYSA-N	IC50	110.0	110.0	nM	20483606
157648	P21554	JQUXVCVKPJKGRX-UHFFFAOYSA-N	IC50	38.0	38.0	nM	17270441
157682	P21554	JQWBRSQRBYVWFQ-UHFFFAOYSA-N	Activity	86.0	86.0	%	16279809
157682	P21554	JQWBRSQRBYVWFQ-UHFFFAOYSA-N	Ki	1800.0	1800.0	nM	16279809
157684	P21554	JQWCZAYQDXLFEW-UHFFFAOYSA-N	Activity	25.1	25.1	%	16392827
157684	P21554	JQWCZAYQDXLFEW-UHFFFAOYSA-N	Displacement	61.2	61.2	%	11960486,10465552
157713	P21554	JQWWOHUHTHGKFI-UHFFFAOYSA-N	IC50	8.0	8.0	nM	15713403
157794	P21554	JQYZYQKWXGNSIW-UHFFFAOYSA-N	Ki	0.0	10000.0	nM	21872477
157795	P21554	JQYZYQKWXGNSIW-VNRZBHCFSA-N	Ki	0.0	10000.0	nM	24139843
158008	P21554	JRGWZPOVHWFIFJ-UHFFFAOYSA-N	Ki	0.0	10000.0	nM	22044209
158029	P21554	JRHSRYQBHPEYGL-UHFFFAOYSA-N	Ki	0.0	1000.0	nM	18430570
158072	P21554	JRJFRWURMSBKJJ-UHFFFAOYSA-N	IC50	500.0	500.0	nM	18293908
158072	P21554	JRJFRWURMSBKJJ-UHFFFAOYSA-N	Ki	280.0	280.0	nM	18293908
158223	P21554	JROIJIVZQJDADW-YUZOCMECSA-N	Ki	5.51	5.51	nM	17827022
158319	P21554	JRRFTWPNVIAEOB-UHFFFAOYSA-N	Ki	0.0	10000.0	nM	20031412
158464	P21554	JRVWFHJARYIPGM-UHFFFAOYSA-N	Ki	7.5	7.5	nM	17107792
158565	P21554	JRZYIQYONIPUER-UHFFFAOYSA-N	IC50	1900.0	1900.0	nM	15713403
158565	P21554	JRZYIQYONIPUER-UHFFFAOYSA-N	IC50	1905.46	1905.46	nM	19406638
158780	P21554	JSIOAJBHLWGADL-UHFFFAOYSA-N	Ke	4.9	4.9	nM	24041123
158780	P21554	JSIOAJBHLWGADL-UHFFFAOYSA-N	Ki	19.47	19.47	nM	,None,24041123
158807	P21554	JSJIONMPHFVJMY-UHFFFAOYSA-N	Inhibition	9.0	9.0	%	22916707
158807	P21554	JSJIONMPHFVJMY-UHFFFAOYSA-N	Ki	1640.0	1640.0	nM	22916707
158901	P21554	JSMOMDVBSOQGAN-UHFFFAOYSA-N	IC50	7.5	7.5	nM	19328684
158920	P21554	JSNBZJXRGPKEHD-UHFFFAOYSA-N	Activity	0.0	60.0	%	23017078
158920	P21554	JSNBZJXRGPKEHD-UHFFFAOYSA-N	Ki	105.1	105.1	nM	23017078
159152	P21554	JSXJBGNWNNYUBU-UHFFFAOYSA-N	Activity	34.7	34.7	%	24125850
159234	P21554	JTASXWYBHGSGFN-UHFFFAOYSA-N	Kd	0.3981	0.3981	nM	14736243
159234	P21554	JTASXWYBHGSGFN-UHFFFAOYSA-N	Ki	54.2	54.2	nM	14736243
159394	P21554	JTFQHOWRERLRTC-UHFFFAOYSA-N	Ki	0.0	10000.0	nM	22548457
159457	P21554	JTIDGCJITBMBGH-UHFFFAOYSA-N	EC50	0.0	32000.0	nM	,PubChem BioAssay data set
159457	P21554	JTIDGCJITBMBGH-UHFFFAOYSA-N	IC50	3580.0	3580.0	nM	,PubChem BioAssay data set
159506	P21554	JTJORYHEPQPVJK-UHFFFAOYSA-N	Ki	374.1	374.1	nM	Med Chem Res, (2013) 22:9:4133
159506	P21554	JTJORYHEPQPVJK-UHFFFAOYSA-N	Ki	374.11	374.11	nM	Med Chem Res, (2013) 22:9:4133
159579	P21554	JTLZKYIJFISRSZ-UHFFFAOYSA-N	Kd	23.44	23.44	nM	20845959
159579	P21554	JTLZKYIJFISRSZ-UHFFFAOYSA-N	Ke	205.5	205.5	nM	20845959
159579	P21554	JTLZKYIJFISRSZ-UHFFFAOYSA-N	Ki	5.51	5.51	nM	20845959
159579	P21554	JTLZKYIJFISRSZ-UHFFFAOYSA-N	Ki	14.7	14.7	nM	20845959
159691	P21554	JTPYSHNUYUNHSG-UHFFFAOYSA-N	Ke	8000.0	8000.0	nM	24944734
159701	P21554	JTQCRMILNQUVJG-UHFFFAOYSA-N	Activity	144.8	144.8	%	22571451
159701	P21554	JTQCRMILNQUVJG-UHFFFAOYSA-N	EC50	0.0	10000.0	nM	22571451
159755	P21554	JTSCTLNYUWJURQ-UHFFFAOYSA-N	Activity	84.7	84.7	%	24125850
159862	P21554	JTXKHBABVHIRCA-UHFFFAOYSA-N	EC50	0.0	2000.0	nM	19062274
159862	P21554	JTXKHBABVHIRCA-UHFFFAOYSA-N	EC50	1920.0	1920.0	nM	19062274
159862	P21554	JTXKHBABVHIRCA-UHFFFAOYSA-N	Emax	23.0	23.0	%	19062274
159862	P21554	JTXKHBABVHIRCA-UHFFFAOYSA-N	Emax	57.0	57.0	%	19062274
159870	P21554	JTXNBNHIGMBORV-UHFFFAOYSA-N	Ki	79.0	79.0	nM	
159870	P21554	JTXNBNHIGMBORV-UHFFFAOYSA-N	Ki	79.1	79.1	nM	Bioorg. Med. Chem. Lett., (1996) 6:2:189
159921	P21554	JUAASCSVJGFOKG-UHFFFAOYSA-N	Activity	71.0	71.0	%	23865723
159932	P21554	JUAOYUSMUVQZHT-UHFFFAOYSA-N	EC50	2511.89	2511.89	nM	22421020
159977	P21554	JUBZXUXHZDJSBQ-UHFFFAOYSA-N	Ki	3000.0	3000.0	nM	24378710
160045	P21554	JUDPIHRJPJUBCI-UHFFFAOYSA-N	Ki	0.07	0.07	nM	24900484
160045	P21554	JUDPIHRJPJUBCI-UHFFFAOYSA-N	Ki	0.09	0.09	nM	24900484
160052	P21554	JUDSYBPGVVSXKO-UHFFFAOYSA-N	EC50	79.43	79.43	nM	21316962
160061	P21554	JUDWZGFRAKZCAL-VEJZVKIUSA-N	Inhibition	16.0	16.0	%	MedChemComm, (2014) 5:5:632
160061	P21554	JUDWZGFRAKZCAL-VEJZVKIUSA-N	Ki	0.0	10000.0	nM	MedChemComm, (2014) 5:5:632
160233	P21554	JUMFPWRWLUZHBS-IQMFZBJNSA-N	Ki	109.0	109.0	nM	20018510
160265	P21554	JUNWVTKDXNTEJW-UHFFFAOYSA-N	IC50	14.0	14.0	nM	20483606
160265	P21554	JUNWVTKDXNTEJW-UHFFFAOYSA-N	IC50	150.0	150.0	nM	20483606
160298	P21554	JUPJTDKQLVRRDB-UHFFFAOYSA-N	Ki	9.0	9.0	nM	19683918
160321	P21554	JUQFVKJYAGSDTL-UHFFFAOYSA-N	Ki	3400.0	3400.0	nM	19919895,19091565,21183257
160400	P21554	JURGDYPCLIOPQI-UHFFFAOYSA-N	EC50	0.0	10000.0	nM	23147076
160469	P21554	JUTAMULBYLQJIH-UHFFFAOYSA-N	IC50	1.9	1.9	nM	15664830
160616	P21554	JUXNYUMIWDBKRN-UHFFFAOYSA-N	IC50	32.0	32.0	nM	15664830
160802	P21554	JVFFXUMSIKGKGT-RTBURBONSA-N	Ki	0.0	3000.0	nM	20079638
160876	P21554	JVGQUBQKBOAEDR-UHFFFAOYSA-N	Ki	690.0	690.0	nM	24729834
161098	P21554	JVNXCSCTXSLNFZ-UHFFFAOYSA-N	Ki	28.0	28.0	nM	18680276
161208	P21554	JVRUXONLQGYKBC-UHFFFAOYSA-N	EC50	1.5	1.5	nM	19320488
161208	P21554	JVRUXONLQGYKBC-UHFFFAOYSA-N	EC50	11.0	11.0	nM	19320488
161208	P21554	JVRUXONLQGYKBC-UHFFFAOYSA-N	IC50	20.0	20.0	nM	19320488
161208	P21554	JVRUXONLQGYKBC-UHFFFAOYSA-N	IC50	400.0	400.0	nM	19320488
161278	P21554	JVWCWIHXINYHOA-MHECFPHRSA-N	IC50	20.89	20.89	nM	19406638
161278	P21554	JVWCWIHXINYHOA-MHECFPHRSA-N	IC50	20.9	20.9	nM	17293109
161280	P21554	JVWCWIHXINYHOA-UHFFFAOYSA-N	IC50	20.89	20.89	nM	19406638
161385	P21554	JVZHJIRJEYAROV-RBUKOAKNSA-N	IC50	6.0	6.0	nM	19320488
161399	P21554	JWAFNNHIXVMPMB-UHFFFAOYSA-N	Ki	450.0	450.0	nM	17107792
161510	P21554	JWEUOCPJVILADH-UHFFFAOYSA-N	Activity	0.0	60.0	%	23017078
161532	P21554	JWFYXZLYYOPUMO-UHFFFAOYSA-N	IC50	0.0	1000.0	nM	24139843
161645	P21554	JWKATRJTLFUZFN-UHFFFAOYSA-N	Ki	39.81	39.81	nM	18311894
161645	P21554	JWKATRJTLFUZFN-UHFFFAOYSA-N	Ki	40.0	40.0	nM	18311894
161650	P21554	JWKFSYCFDRPJBG-UHFFFAOYSA-N	Ki	0.0	20000.0	nM	23072339
161780	P21554	JWOAXJJQZFGGQH-UHFFFAOYSA-N	Ki	16.0	16.0	nM	17561406
161827	P21554	JWPDWDOGYQTJJE-UHFFFAOYSA-N	Ki	0.0	10000.0	nM	16279794
162105	P21554	JWYYICIQUOHIKG-UHFFFAOYSA-N	IC50	2.9	2.9	nM	20005704
162281	P21554	JXFLIWOJWBXXDQ-UHFFFAOYSA-N	EC50	0.0	17000.0	nM	24461289
162302	P21554	JXFZJRGBOGXXQA-UHFFFAOYSA-N	Ki	418.0	418.0	nM	17884494
162366	P21554	JXIPKNRBDKQMAN-BLHCBFLLSA-N	Activity	40.0	0.0	%	21667972
162505	P21554	JXNJMTHLHFQGCM-UHFFFAOYSA-N	Ki	4.6	4.6	nM	17507224
162580	P21554	JXQDCHGSXWEBFI-GQCTYLIASA-N	Kd	1.66	1.66	nM	10633038
162684	P21554	JXUCAZVXNNKWLS-UHFFFAOYSA-N	Kd	2.512	2.512	nM	14736243
162684	P21554	JXUCAZVXNNKWLS-UHFFFAOYSA-N	Ki	13.9	13.9	nM	14736243
162807	P21554	JXZKCVGVXYCLNY-UHFFFAOYSA-N	EC50	0.0	20000.0	nM	23865723
162836	P21554	JYAAHQQDNWZFBM-UHFFFAOYSA-N	Ke	0.376	0.376	uM	21875798
162913	P21554	JYCQSWWXQXTTRX-UHFFFAOYSA-N	Ki	0.0	2500.0	nM	17107792
162957	P21554	JYEFPJKEFHNPMZ-UHFFFAOYSA-N	Ki	4248.0	4248.0	nM	23350768
163103	P21554	JYJNQKZFUWAVRM-UHFFFAOYSA-N	Inhibition	62.0	62.0	%	21923175
163163	P21554	JYMFGFSCTSBMDF-UHFFFAOYSA-N	IC50	3300.0	3300.0	nM	18293908
163163	P21554	JYMFGFSCTSBMDF-UHFFFAOYSA-N	Ki	1850.0	1850.0	nM	18293908
163176	P21554	JYNDAVSIFQBMTC-UHFFFAOYSA-N	Ki	51.2	51.2	nM	20979417
163388	P21554	JYVFPSMCKDDFLU-UHFFFAOYSA-N	Activity	29.9	29.9	%	16392827
163388	P21554	JYVFPSMCKDDFLU-UHFFFAOYSA-N	Displacement	35.6	35.6	%	11960486,10465552
163390	P21554	JYVKVIJURYEURY-UHFFFAOYSA-N	IC50	6.8	6.8	nM	17107792
163478	P21554	JYYURKUOQRPFLF-UHFFFAOYSA-N	EC50	690.0	690.0	nM	19328683
163578	P21554	JZCPYUJPEARBJL-UHFFFAOYSA-N		-10000.0	-10000.0		
163578	P21554	JZCPYUJPEARBJL-UHFFFAOYSA-N	Activity	13.15	13.15	pmol	18585913
163578	P21554	JZCPYUJPEARBJL-UHFFFAOYSA-N	Bmax	1.7	1.7	pmol/mg	17004712
163578	P21554	JZCPYUJPEARBJL-UHFFFAOYSA-N	Decrease	-85.0	-85.0	%	15801840
163578	P21554	JZCPYUJPEARBJL-UHFFFAOYSA-N	Displacement	46.0	46.0	%	14613317
163578	P21554	JZCPYUJPEARBJL-UHFFFAOYSA-N	EC50	0.11	0.11	nM	20047779
163578	P21554	JZCPYUJPEARBJL-UHFFFAOYSA-N	EC50	1.5	1.5	nM	24175572
163578	P21554	JZCPYUJPEARBJL-UHFFFAOYSA-N	EC50	1.6	1.6	nM	19351113
163578	P21554	JZCPYUJPEARBJL-UHFFFAOYSA-N	EC50	4.0	4.0	nM	19520572,18083560
163578	P21554	JZCPYUJPEARBJL-UHFFFAOYSA-N	EC50	5.0	5.0	nM	26827137
163578	P21554	JZCPYUJPEARBJL-UHFFFAOYSA-N	EC50	5.0	5.0	nM	26827137
163578	P21554	JZCPYUJPEARBJL-UHFFFAOYSA-N	EC50	10.1	10.1	nM	16279809,16451053
163578	P21554	JZCPYUJPEARBJL-UHFFFAOYSA-N	EC50	15.7	15.7	nM	19530697
163578	P21554	JZCPYUJPEARBJL-UHFFFAOYSA-N	EC50	18.2	18.2	nM	19095444,18712856
163578	P21554	JZCPYUJPEARBJL-UHFFFAOYSA-N	EC50	50.0	50.0	nM	25096297
163578	P21554	JZCPYUJPEARBJL-UHFFFAOYSA-N	EC50	50.12	50.12	nM	25096297
163578	P21554	JZCPYUJPEARBJL-UHFFFAOYSA-N	EC50	240.0	240.0	nM	19328683
163578	P21554	JZCPYUJPEARBJL-UHFFFAOYSA-N	Efficacy	0.0	0.0	%	24900561
163578	P21554	JZCPYUJPEARBJL-UHFFFAOYSA-N	Emax	-84.0	-84.0	%	16279809
163578	P21554	JZCPYUJPEARBJL-UHFFFAOYSA-N	Emax	98.89	98.89	%	25096297
163578	P21554	JZCPYUJPEARBJL-UHFFFAOYSA-N	IC50	1.35	1.35	nM	18448340
163578	P21554	JZCPYUJPEARBJL-UHFFFAOYSA-N	IC50	2.1	2.1	nM	20005704
163578	P21554	JZCPYUJPEARBJL-UHFFFAOYSA-N	IC50	2.2	2.2	nM	18754613
163578	P21554	JZCPYUJPEARBJL-UHFFFAOYSA-N	IC50	2.9	2.9	nM	20015647
163578	P21554	JZCPYUJPEARBJL-UHFFFAOYSA-N	IC50	3.0	3.0	nM	17433696
163578	P21554	JZCPYUJPEARBJL-UHFFFAOYSA-N	IC50	3.2	3.2	nM	20047779
163578	P21554	JZCPYUJPEARBJL-UHFFFAOYSA-N	IC50	4.0	4.0	nM	21376588
163578	P21554	JZCPYUJPEARBJL-UHFFFAOYSA-N	IC50	4.5	4.5	nM	19954978,20015647
163578	P21554	JZCPYUJPEARBJL-UHFFFAOYSA-N	IC50	5.1	5.1	nM	20015647
163578	P21554	JZCPYUJPEARBJL-UHFFFAOYSA-N	IC50	6.0	6.0	nM	15713403
163578	P21554	JZCPYUJPEARBJL-UHFFFAOYSA-N	IC50	6.1	6.1	nM	17181138,17293109
163578	P21554	JZCPYUJPEARBJL-UHFFFAOYSA-N	IC50	6.2	6.2	nM	15664830
163578	P21554	JZCPYUJPEARBJL-UHFFFAOYSA-N	IC50	11.22	11.22	nM	21334892
163578	P21554	JZCPYUJPEARBJL-UHFFFAOYSA-N	IC50	13.0	13.0	nM	25644673,24445310
163578	P21554	JZCPYUJPEARBJL-UHFFFAOYSA-N	IC50	13.2	13.2	nM	19530697
163578	P21554	JZCPYUJPEARBJL-UHFFFAOYSA-N	IC50	13.5	13.5	nM	26151231
163578	P21554	JZCPYUJPEARBJL-UHFFFAOYSA-N	IC50	14.0	14.0	nM	26151231
163578	P21554	JZCPYUJPEARBJL-UHFFFAOYSA-N	IC50	15.0	15.0	nM	19095444,18712856
163578	P21554	JZCPYUJPEARBJL-UHFFFAOYSA-N	IC50	51.0	51.0	nM	22959249
163578	P21554	JZCPYUJPEARBJL-UHFFFAOYSA-N	IC50	63.1	63.1	nM	19338356
163578	P21554	JZCPYUJPEARBJL-UHFFFAOYSA-N	IC50	108.0	108.0	nM	20045337
163578	P21554	JZCPYUJPEARBJL-UHFFFAOYSA-N	IC50	120.0	120.0	nM	18243711
163578	P21554	JZCPYUJPEARBJL-UHFFFAOYSA-N	Inhibition	0.0	0.0	%	22916707
163578	P21554	JZCPYUJPEARBJL-UHFFFAOYSA-N	Inhibition	100.0	100.0	%	24445310
163578	P21554	JZCPYUJPEARBJL-UHFFFAOYSA-N	Kb	0.698	0.698	nM	18800770
163578	P21554	JZCPYUJPEARBJL-UHFFFAOYSA-N	Kd	1.8	1.8	nM	17004712
163578	P21554	JZCPYUJPEARBJL-UHFFFAOYSA-N	Kd	2.1	2.1	nM	24092756
163578	P21554	JZCPYUJPEARBJL-UHFFFAOYSA-N	Kd	2.512	2.512	nM	16140010,20363132,14736243,15771428
163578	P21554	JZCPYUJPEARBJL-UHFFFAOYSA-N	Kd	2.57	2.57	nM	20845959,18512901
163578	P21554	JZCPYUJPEARBJL-UHFFFAOYSA-N	Ke	1.1	1.1	nM	26827137,22372835,24944734,20845959
163578	P21554	JZCPYUJPEARBJL-UHFFFAOYSA-N	Ki	0.19	0.19	nM	19102698
163578	P21554	JZCPYUJPEARBJL-UHFFFAOYSA-N	Ki	0.19	0.19	nM	19102698
163578	P21554	JZCPYUJPEARBJL-UHFFFAOYSA-N	Ki	0.4	0.4	nM	18754613
163578	P21554	JZCPYUJPEARBJL-UHFFFAOYSA-N	Ki	0.4	0.4	nM	18754613
163578	P21554	JZCPYUJPEARBJL-UHFFFAOYSA-N	Ki	0.43	0.43	nM	18448340
163578	P21554	JZCPYUJPEARBJL-UHFFFAOYSA-N	Ki	0.73	0.73	nM	21962575
163578	P21554	JZCPYUJPEARBJL-UHFFFAOYSA-N	Ki	0.74	0.74	nM	20047779
163578	P21554	JZCPYUJPEARBJL-UHFFFAOYSA-N	Ki	0.74	0.74	nM	20047779
163578	P21554	JZCPYUJPEARBJL-UHFFFAOYSA-N	Ki	0.9	0.9	nM	19102698
163578	P21554	JZCPYUJPEARBJL-UHFFFAOYSA-N	Ki	0.9	0.9	nM	19102698
163578	P21554	JZCPYUJPEARBJL-UHFFFAOYSA-N	Ki	0.933	0.933	nM	21334892
163578	P21554	JZCPYUJPEARBJL-UHFFFAOYSA-N	Ki	0.9333	0.9333	nM	21334892
163578	P21554	JZCPYUJPEARBJL-UHFFFAOYSA-N	Ki	1.0	1.0	nM	16263283
163578	P21554	JZCPYUJPEARBJL-UHFFFAOYSA-N	Ki	1.1	1.1	nM	17383180
163578	P21554	JZCPYUJPEARBJL-UHFFFAOYSA-N	Ki	1.1	1.1	nM	17383180
163578	P21554	JZCPYUJPEARBJL-UHFFFAOYSA-N	Ki	1.18	1.18	nM	18512901
163578	P21554	JZCPYUJPEARBJL-UHFFFAOYSA-N	Ki	1.18	1.18	nM	20845959,18512901
163578	P21554	JZCPYUJPEARBJL-UHFFFAOYSA-N	Ki	1.38	1.38	nM	19767206
163578	P21554	JZCPYUJPEARBJL-UHFFFAOYSA-N	Ki	1.4	1.4	nM	21428406,19767206
163578	P21554	JZCPYUJPEARBJL-UHFFFAOYSA-N	Ki	1.6	1.6	nM	19683918,19351113,24900484
163578	P21554	JZCPYUJPEARBJL-UHFFFAOYSA-N	Ki	1.6	1.6	nM	19683918,19351113
163578	P21554	JZCPYUJPEARBJL-UHFFFAOYSA-N	Ki	1.8	1.8	nM	18083560
163578	P21554	JZCPYUJPEARBJL-UHFFFAOYSA-N	Ki	1.8	1.8	nM	19351113,18083560,24900484
163578	P21554	JZCPYUJPEARBJL-UHFFFAOYSA-N	Ki	1.9	1.9	nM	19520572
163578	P21554	JZCPYUJPEARBJL-UHFFFAOYSA-N	Ki	1.9	1.9	nM	19520572
163578	P21554	JZCPYUJPEARBJL-UHFFFAOYSA-N	Ki	1.98	1.98	nM	18363352,24445310
163578	P21554	JZCPYUJPEARBJL-UHFFFAOYSA-N	Ki	1.99	12.6	nM	7565624,8819477,9435190,8070571,12663689
163578	P21554	JZCPYUJPEARBJL-UHFFFAOYSA-N	Ki	1.995	1.995	nM	19338356
163578	P21554	JZCPYUJPEARBJL-UHFFFAOYSA-N	Ki	2.0	2.0	nM	19338356
163578	P21554	JZCPYUJPEARBJL-UHFFFAOYSA-N	Ki	2.1	2.1	nM	16263283
163578	P21554	JZCPYUJPEARBJL-UHFFFAOYSA-N	Ki	2.4	2.4	nM	18363352,20018510
163578	P21554	JZCPYUJPEARBJL-UHFFFAOYSA-N	Ki	2.4	2.4	nM	18363352,20018510
163578	P21554	JZCPYUJPEARBJL-UHFFFAOYSA-N	Ki	4.8	4.8	nM	14613317
163578	P21554	JZCPYUJPEARBJL-UHFFFAOYSA-N	Ki	5.37	5.37	nM	16392793
163578	P21554	JZCPYUJPEARBJL-UHFFFAOYSA-N	Ki	5.4	5.4	nM	16279809,16451053,15801840
163578	P21554	JZCPYUJPEARBJL-UHFFFAOYSA-N	Ki	5.6	5.6	nM	19095444
163578	P21554	JZCPYUJPEARBJL-UHFFFAOYSA-N	Ki	5.6	5.6	nM	19095444
163578	P21554	JZCPYUJPEARBJL-UHFFFAOYSA-N	Ki	5.9	5.9	nM	24175572
163578	P21554	JZCPYUJPEARBJL-UHFFFAOYSA-N	Ki	6.0	6.0	nM	18335976
163578	P21554	JZCPYUJPEARBJL-UHFFFAOYSA-N	Ki	6.18	6.18	nM	18512901
163578	P21554	JZCPYUJPEARBJL-UHFFFAOYSA-N	Ki	6.18	6.18	nM	20845959,18512901
163578	P21554	JZCPYUJPEARBJL-UHFFFAOYSA-N	Ki	6.2	6.2	nM	22372835,26827137
163578	P21554	JZCPYUJPEARBJL-UHFFFAOYSA-N	Ki	7.1	7.1	nM	17004712
163578	P21554	JZCPYUJPEARBJL-UHFFFAOYSA-N	Ki	7.3	7.3	nM	24936232,23434135
163578	P21554	JZCPYUJPEARBJL-UHFFFAOYSA-N	Ki	8.0	8.0	nM	18579386
163578	P21554	JZCPYUJPEARBJL-UHFFFAOYSA-N	Ki	8.9	8.9	nM	11960486,10465552
163578	P21554	JZCPYUJPEARBJL-UHFFFAOYSA-N	Ki	9.6	9.6	nM	14613317
163578	P21554	JZCPYUJPEARBJL-UHFFFAOYSA-N	Ki	10.6	10.6	nM	23406429,23072339
163578	P21554	JZCPYUJPEARBJL-UHFFFAOYSA-N	Ki	11.0	11.0	nM	23406429,24729834
163578	P21554	JZCPYUJPEARBJL-UHFFFAOYSA-N	Ki	12.0	12.0	nM	18293908,26756097,19595596,20943290,14980654,23085772,21702498,22548457,20718492,18680276
163578	P21554	JZCPYUJPEARBJL-UHFFFAOYSA-N	Ki	12.6	12.6	nM	24900561,22916707
163578	P21554	JZCPYUJPEARBJL-UHFFFAOYSA-N	Ki	13.0	13.0	nM	24900561
163578	P21554	JZCPYUJPEARBJL-UHFFFAOYSA-N	Ki	14.0	14.0	nM	14613317
163578	P21554	JZCPYUJPEARBJL-UHFFFAOYSA-N	Ki	16.0	16.0	nM	17942307
163578	P21554	JZCPYUJPEARBJL-UHFFFAOYSA-N	Ki	18.0	18.0	nM	17004712
163578	P21554	JZCPYUJPEARBJL-UHFFFAOYSA-N	Ki	25.0	25.0	nM	18342403,20047331,14736243,16140010,15771428,20363132
163578	P21554	JZCPYUJPEARBJL-UHFFFAOYSA-N	Ki	33.0	33.0	nM	14613317
163578	P21554	JZCPYUJPEARBJL-UHFFFAOYSA-N	Ki	40.0	40.0	nM	18511157
163578	P21554	JZCPYUJPEARBJL-UHFFFAOYSA-N	Ki	47.0	47.0	nM	17979261
163578	P21554	JZCPYUJPEARBJL-UHFFFAOYSA-N	Kieq	12.0	12.0	nM	26756097
163578	P21554	JZCPYUJPEARBJL-UHFFFAOYSA-N	Log Ki	1.09	1.09	nM	10882356
163673	P21554	JZFTULYYOXZLRD-UHFFFAOYSA-N	Activity	77.0	77.0	%	19520572
163673	P21554	JZFTULYYOXZLRD-UHFFFAOYSA-N	EC50	1100.0	1100.0	nM	19520572
163673	P21554	JZFTULYYOXZLRD-UHFFFAOYSA-N	Inhibition	64.0	64.0	%	19520572
163673	P21554	JZFTULYYOXZLRD-UHFFFAOYSA-N	Ki	1030.0	1030.0	nM	19520572
163693	P21554	JZGOUOWBFXUHJO-FLIBITNWSA-N	Inhibition	19.0	19.0	%	MedChemComm, (2014) 5:5:632
163693	P21554	JZGOUOWBFXUHJO-FLIBITNWSA-N	Ki	0.0	10000.0	nM	MedChemComm, (2014) 5:5:632
163712	P21554	JZHOGDSTTRGANB-UHFFFAOYSA-N	IC50	1.479	1.479	nM	21334892
163712	P21554	JZHOGDSTTRGANB-UHFFFAOYSA-N	IC50	1.48	1.48	nM	21334892
163853	P21554	JZLUUJWAKUHZAL-UHFFFAOYSA-N	Ki	0.0	1000.0	nM	24508127
163887	P21554	JZOCGPUEPAWZNC-UHFFFAOYSA-N	Ki	702.0	702.0	nM	23697626
163977	P21554	JZRFPMMWNDITRV-UHFFFAOYSA-N	IC50	300.0	300.0	nM	17630726
164048	P21554	JZTVVSVXEDLCTL-UHFFFAOYSA-N	EC50	28.7	28.7	nM	18712856
164048	P21554	JZTVVSVXEDLCTL-UHFFFAOYSA-N	IC50	1.2	1.2	nM	18712856
164048	P21554	JZTVVSVXEDLCTL-UHFFFAOYSA-N	IC50	13.9	13.9	nM	18712856
164135	P21554	JZZNBOHHRBHVLJ-QZTJIDSGSA-N	Ki	955.0	955.0	nM	20079638
164154	P21554	KAAIWQLWLKGBAK-UHFFFAOYSA-N	IC50	6606.93	6606.93	nM	19406638
164204	P21554	KACFULGJRBQUBF-UHFFFAOYSA-N	EC50	9360.0	9360.0	nM	23147076
164204	P21554	KACFULGJRBQUBF-UHFFFAOYSA-N	Efficacy	58.0	58.0	%	23147076
164204	P21554	KACFULGJRBQUBF-UHFFFAOYSA-N	Ki	0.0	30000.0	nM	23147076
164267	P21554	KAFVQJWWTGTUHM-UHFFFAOYSA-N	Activity	45.1	45.1	%	16392827
164267	P21554	KAFVQJWWTGTUHM-UHFFFAOYSA-N	Displacement	48.2	48.2	%	10465552
164267	P21554	KAFVQJWWTGTUHM-UHFFFAOYSA-N	Displacement	80.0	80.0	%	11960486,10465552
164331	P21554	KAHMVFRKXUBQSR-UHFFFAOYSA-N	Ki	1811.0	1811.0	nM	22483967
164460	P21554	KAMSVZKWEHOXKW-UHFFFAOYSA-N	IC50	18.0	18.0	nM	15664830
164771	P21554	KAXNKZYLOMFBHO-UHFFFAOYSA-N	Ki	0.1	0.1	nM	11020293
164771	P21554	KAXNKZYLOMFBHO-UHFFFAOYSA-N	Ki	0.1	0.1	nM	11020293
164912	P21554	KBCABXWNLQBGLN-UHFFFAOYSA-N	IC50	173.0	173.0	nM	20047779
164912	P21554	KBCABXWNLQBGLN-UHFFFAOYSA-N	Ki	103.0	103.0	nM	20047779
164937	P21554	KBDDMDHJOCKTJB-UHFFFAOYSA-N	Ki	52.0	52.0	nM	24936232
165067	P21554	KBHMFUOYMFGCCE-UHFFFAOYSA-N	Ki	0.0	10000.0	nM	20031412
165098	P21554	KBIPIYSFMKEKGV-SFHVURJKSA-N	EC50	19.95	19.95	nM	22421020
165098	P21554	KBIPIYSFMKEKGV-SFHVURJKSA-N	Ki	31.62	31.62	nM	22421020
165322	P21554	KBSBQWJUWFMCBI-UHFFFAOYSA-N	IC50	1.8	1.8	nM	20015647
165322	P21554	KBSBQWJUWFMCBI-UHFFFAOYSA-N	IC50	7.5	7.5	nM	19954978,20015647
165399	P21554	KBUXHQXGHLRKGG-UHFFFAOYSA-N	Ki	39.0	39.0	nM	17507224
165470	P21554	KBXKNWBOXINIQU-UHFFFAOYSA-N	Ki	4.1	4.1	nM	17107792
165529	P21554	KBZBUCIUHYIWHZ-UHFFFAOYSA-N	Ki	5.3	5.3	nM	18680276
165529	P21554	KBZBUCIUHYIWHZ-UHFFFAOYSA-N	Ki	5.3	5.3	nM	18680276,26756097,23085772
165529	P21554	KBZBUCIUHYIWHZ-UHFFFAOYSA-N	Kieq	5.3	5.3	nM	26756097
165697	P21554	KCFUIARDPPWZRW-UHFFFAOYSA-N	EC50	3850.0	3850.0	nM	22130134
165728	P21554	KCHAXEUWKHRAMR-GOEBONIOSA-N	Emax	4.0	4.0	%	18640038
165742	P21554	KCHLPEXTIZCFIC-UHFFFAOYSA-N	Ki	0.0	10000.0	nM	18424134
165888	P21554	KCLWHSMQNYGDHD-UHFFFAOYSA-N	EC50	804.0	804.0	nM	22130134
165916	P21554	KCNFZTIIENBEPU-TUCATBTLSA-N	Activity	7.0	7.0	%	11678659
165916	P21554	KCNFZTIIENBEPU-TUCATBTLSA-N	Activity	10.0	10.0	%	11678659
165981	P21554	KCQJZOJGRGXWCV-UHFFFAOYSA-N	Ki	1.6	1.6	nM	19102698
165981	P21554	KCQJZOJGRGXWCV-UHFFFAOYSA-N	Ki	1.6	1.6	nM	19102698
165981	P21554	KCQJZOJGRGXWCV-UHFFFAOYSA-N	Ki	2.8	2.8	nM	19102698
165981	P21554	KCQJZOJGRGXWCV-UHFFFAOYSA-N	Ki	2.8	2.8	nM	19102698
166005	P21554	KCRUDDASSAEKRZ-AGHHOFFYSA-N	Ki	130.0	130.0	nM	19646869
166005	P21554	KCRUDDASSAEKRZ-AGHHOFFYSA-N	Ki	540.0	540.0	nM	19091565
166007	P21554	KCRUDDASSAEKRZ-BVWPGQGPSA-N	Ki	130.0	130.0	nM	19646869
166009	P21554	KCRUDDASSAEKRZ-IOVLZCAISA-N	Ki	130.0	130.0	nM	21183257
166010	P21554	KCRUDDASSAEKRZ-RBDMOPTHSA-N	EC50	880.0	880.0	nM	18430570
166010	P21554	KCRUDDASSAEKRZ-RBDMOPTHSA-N	Ki	540.0	540.0	nM	18430570
166012	P21554	KCRUDDASSAEKRZ-UCNVEGJOSA-N	EC50	550.0	550.0	nM	18430570
166012	P21554	KCRUDDASSAEKRZ-UCNVEGJOSA-N	Ki	130.0	130.0	nM	18430570
166015	P21554	KCRUDDASSAEKRZ-ZNLUXHQJSA-N	Ki	130.0	130.0	nM	19091565
166037	P21554	KCSUDWWHMBOALW-UHFFFAOYSA-N	Activity	-9.0	-9.0	%	20189815
166037	P21554	KCSUDWWHMBOALW-UHFFFAOYSA-N	Ki	0.0	10000.0	nM	20189815
166187	P21554	KCZIVOBEHQRPAV-UHFFFAOYSA-N	Kd	5.012	5.012	nM	20137935
166187	P21554	KCZIVOBEHQRPAV-UHFFFAOYSA-N	Ki	53.0	53.0	nM	20137935
166269	P21554	KDDFVDYZIBZTGJ-UHFFFAOYSA-N	EC50	0.0	10000.0	nM	23380378
166673	P21554	KDTHTYYXAAWQAB-UHFFFAOYSA-N	Ki	596.0	596.0	nM	20979417
167019	P21554	KEFJRBRIHMPGCV-UHFFFAOYSA-N	IC50	930.0	930.0	nM	17630726
167036	P21554	KEGKPAUPNMAKJM-UHFFFAOYSA-N	Ki	1400.0	1400.0	nM	17604171
167164	P21554	KELCEMAQBNDKHJ-UHFFFAOYSA-N	EC50	0.5	0.5	nM	19320488
167164	P21554	KELCEMAQBNDKHJ-UHFFFAOYSA-N	IC50	16.0	16.0	nM	19320488
167189	P21554	KELZVQBRJRABQQ-UHFFFAOYSA-N	Ki	0.0	5000.0	nM	18522867
167201	P21554	KEMIWJVMJNMWRE-UHFFFAOYSA-N	Activity	20.0	0.0	%	16392793
167223	P21554	KEMWCCPIKZIGDG-UHFFFAOYSA-N	IC50	0.22	0.22	nM	19954978
167235	P21554	KENIGRBQVUEUPI-RTBURBONSA-N	Ki	0.34	0.34	nM	17521177
167321	P21554	KEQOMVWBHSTLIQ-UHFFFAOYSA-N	EC50	0.0	1000.0	nM	21115245
167342	P21554	KERHZGOINZPYGL-UHFFFAOYSA-N	Ki	696.0	696.0	nM	18680276
167414	P21554	KEVCAKOGJZNURU-KHPPLWFESA-N	Ki	0.0	10000.0	nM	16213718
167433	P21554	KEVRIFVMDNIIJF-UHFFFAOYSA-N	EC50	1995.26	1995.26	nM	21316962
167467	P21554	KEWRWAAUFINIRH-UHFFFAOYSA-N	Ki	252.0	252.0	nM	23350768
167559	P21554	KFAOTFNWDGDIGW-UHFFFAOYSA-N	Kd	2.512	2.512	nM	20363132
167559	P21554	KFAOTFNWDGDIGW-UHFFFAOYSA-N	Ki	27.0	27.0	nM	20363132
167635	P21554	KFDYGIUPQPPPND-UHFFFAOYSA-N	Ki	1.5	1.5	nM	20971001
167830	P21554	KFLDWHRPRZSDAU-UHFFFAOYSA-N	EC50	0.0	32000.0	nM	PubChem BioAssay data set
167830	P21554	KFLDWHRPRZSDAU-UHFFFAOYSA-N	IC50	0.0	32000.0	nM	PubChem BioAssay data set
167911	P21554	KFNKEQGGZGZQRD-UHFFFAOYSA-N	EC50	1974.0	1974.0	nM	23147076
167911	P21554	KFNKEQGGZGZQRD-UHFFFAOYSA-N	Efficacy	104.0	104.0	%	23147076
167911	P21554	KFNKEQGGZGZQRD-UHFFFAOYSA-N	Ki	0.0	30000.0	nM	23147076
167985	P21554	KFPUJRPTEYGPLI-UHFFFAOYSA-N	EC50	0.0	32000.0	nM	PubChem BioAssay data set
167985	P21554	KFPUJRPTEYGPLI-UHFFFAOYSA-N	IC50	15600.0	15600.0	nM	,PubChem BioAssay data set
168078	P21554	KFTAKMIHRUBOSY-UHFFFAOYSA-N	EC50	1294.0	1294.0	nM	21115245
168104	P21554	KFUBUHJCBKCTEW-UHFFFAOYSA-N	Kd	2.512	2.512	nM	20137935
168104	P21554	KFUBUHJCBKCTEW-UHFFFAOYSA-N	Ki	11.3	11.3	nM	20137935
168108	P21554	KFUGLIFIBPAGFC-DOFZRALJSA-N	Ki	13.0	13.0	nM	9057852
168108	P21554	KFUGLIFIBPAGFC-DOFZRALJSA-N	Ki	189.0	189.0	nM	9057852
168108	P21554	KFUGLIFIBPAGFC-DOFZRALJSA-N	Ki	364.0	364.0	nM	9057852
168229	P21554	KFXQPGMMLBLGPQ-UHFFFAOYSA-N	IC50	12.3	12.3	nM	19530697
168303	P21554	KGAMBNCZDYGQDK-UHFFFAOYSA-N	Activity	10.0	0.0	%	17915849
168451	P21554	KGGHJYABDWNPSR-UHFFFAOYSA-N	EC50	20.2	20.2	nM	19530697
168451	P21554	KGGHJYABDWNPSR-UHFFFAOYSA-N	IC50	32.6	32.6	nM	19530697
168467	P21554	KGGOHKJYYUEGMG-UHFFFAOYSA-N	IC50	3.0	3.0	nM	19954978,20015647
168527	P21554	KGIVZCVESJPSLS-UHFFFAOYSA-N	EC50	0.0	31622.8	nM	20005703
168591	P21554	KGLLYGULEHNOEZ-ARJAWSKDSA-N	Activity	0.0	60.0	%	23017078
168604	P21554	KGMCFKSMLCCWTL-UHFFFAOYSA-N	IC50	5.129	5.129	nM	21334892
168604	P21554	KGMCFKSMLCCWTL-UHFFFAOYSA-N	IC50	5.13	5.13	nM	21334892
168637	P21554	KGNAHHSVFXXCKM-HNNXBMFYSA-N	EC50	0.0	100000.0	nM	22765893
168639	P21554	KGNAHHSVFXXCKM-OAHLLOKOSA-N	EC50	0.0	100000.0	nM	22765893
168751	P21554	KGRNLURBZOQGDM-UHFFFAOYSA-N	Ki	13.0	13.0	nM	18311894
168751	P21554	KGRNLURBZOQGDM-UHFFFAOYSA-N	Ki	13.18	13.18	nM	18311894
168911	P21554	KGXJBLWHKBDEOZ-UHFFFAOYSA-N	Ki	93.0	93.0	nM	22341572
168990	P21554	KHAAKYNGKAYXSE-UHFFFAOYSA-N	IC50	1110.0	1110.0	nM	19954978
168992	P21554	KHABPDQLPRMQRS-UHFFFAOYSA-N	IC50	0.0	10000.0	nM	17561406
169023	P21554	KHBYHUBFGVKELV-VQTJNVASSA-N	IC50	0.2	0.2	nM	19320488
169078	P21554	KHDOVXNOBASBKM-UHFFFAOYSA-N	EC50	0.0	17000.0	nM	24461289
169161	P21554	KHIOIDKKUYQDMD-UHFFFAOYSA-N	IC50	190.0	190.0	nM	15713403
169168	P21554	KHIQQNMDIZNDBU-UHFFFAOYSA-N	Ki	0.0	10000.0	nM	18311894
169176	P21554	KHIVVJPXJZJALG-VQTJNVASSA-N	IC50	3.0	3.0	nM	19320488
169353	P21554	KHQKIQMQYBEYJX-UHFFFAOYSA-N	EC50	10000.0	10000.0	nM	19864133
169353	P21554	KHQKIQMQYBEYJX-UHFFFAOYSA-N	Efficacy	4.0	4.0	%	19864133
169559	P21554	KHXJDDCNFHQWOM-DHGPAQJLSA-N	Ki	1100.0	1100.0	nM	19646869
169780	P21554	KIGJOTJQCMMLTR-UHFFFAOYSA-N	Ki	368.0	368.0	nM	19595596
170114	P21554	KIVHVAVIXCVGPY-JVVVGQRLSA-N	Ki	0.0	1000.0	nM	24139843
170301	P21554	KIZWIAQUWRXFNC-UHFFFAOYSA-N	Activity	16.0	16.0	%	19053765
170368	P21554	KJCSYBCHDUDDQQ-UHFFFAOYSA-N	EC50	268000.0	268000.0	nM	22341572
170368	P21554	KJCSYBCHDUDDQQ-UHFFFAOYSA-N	Emax	59.0	59.0	%	22341572
170368	P21554	KJCSYBCHDUDDQQ-UHFFFAOYSA-N	Ki	530.0	530.0	nM	22341572
170370	P21554	KJCUASHIVJLXJK-UHFFFAOYSA-N	IC50	2.9	2.9	nM	15664830
170485	P21554	KJHFLHCKJCJDEL-UHFFFAOYSA-N	Kd	5.012	5.012	nM	16140010
170485	P21554	KJHFLHCKJCJDEL-UHFFFAOYSA-N	Ki	32.0	32.0	nM	16140010
170577	P21554	KJKPLXHQKKPHTL-ZWQWEHNQSA-N	IC50	41.0	41.0	nM	24175626
170577	P21554	KJKPLXHQKKPHTL-ZWQWEHNQSA-N	Inhibition	76.0	76.0	%	24175626
170611	P21554	KJMASEJYNQFVRM-UHFFFAOYSA-N	Ki	2100.0	2100.0	nM	18680276
170785	P21554	KJRXZBTZYWUUSN-UHFFFAOYSA-N	Displacement	45.5	45.5	%	15801840
170800	P21554	KJSPMPXCPWQOIL-UHFFFAOYSA-N	IC50	530.0	530.0	nM	15664830
170857	P21554	KJVMIKLNUFIUIG-UHFFFAOYSA-N	IC50	23.0	23.0	nM	20719511
170869	P21554	KJWBLKINPVCYRA-UHFFFAOYSA-N	EC50	72.4	72.4	nM	18083560
170869	P21554	KJWBLKINPVCYRA-UHFFFAOYSA-N	Inhibition	96.0	96.0	%	18083560
170869	P21554	KJWBLKINPVCYRA-UHFFFAOYSA-N	Ki	5.0	5.0	nM	18083560
170914	P21554	KJXQJKGIDTXDBB-UHFFFAOYSA-N	Ki	0.0	10000.0	nM	22370265
171059	P21554	KKEBVIMUGTZZBL-UHFFFAOYSA-N	Kd	2.512	2.512	nM	15771428,20363132
171059	P21554	KKEBVIMUGTZZBL-UHFFFAOYSA-N	Ki	30.0	30.0	nM	15771428,20363132
171142	P21554	KKHOPLIFMNQYLV-UHFFFAOYSA-N	Ki	606.0	606.0	nM	23623258
171195	P21554	KKJGXDVXJITZGR-UHFFFAOYSA-N	Ki	56.0	56.0	nM	19595596
171401	P21554	KKPYTUCEBYOWNU-UHFFFAOYSA-N	EC50	1.5	1.5	nM	19351113
171401	P21554	KKPYTUCEBYOWNU-UHFFFAOYSA-N	Ki	1.5	1.5	nM	19351113
171401	P21554	KKPYTUCEBYOWNU-UHFFFAOYSA-N	Ki	1.9	1.9	nM	19351113
171545	P21554	KKUTUPAEQHOUFN-UHFFFAOYSA-N	Inhibition	93.0	93.0	%	18083560
171545	P21554	KKUTUPAEQHOUFN-UHFFFAOYSA-N	Ki	79.0	79.0	nM	18083560
171911	P21554	KLFVWQCQUXXLOU-UHFFFAOYSA-N	Inhibition	38.0	38.0	%	21237643
172035	P21554	KLJVDMAOKMSBQX-UHFFFAOYSA-N	Inhibition	22.6	22.6	%	23535330
172104	P21554	KLLYZIMCEWAWBM-UHFFFAOYSA-N	Ki	0.0	10000.0	nM	21702498
172111	P21554	KLMMAKNMYZDQAM-UHFFFAOYSA-N	Inhibition	46.0	46.0	%	18083560
172128	P21554	KLNDJEQTSONKPV-UHFFFAOYSA-N	IC50	70.0	70.0	nM	15713403
172246	P21554	KLQUPRQOUGLXHB-UHFFFAOYSA-N	Ki	0.0	5000.0	nM	21867920
172256	P21554	KLRDRQKZOQEROV-UHFFFAOYSA-N	Ki	1200.0	1200.0	nM	19091565
172261	P21554	KLRIKMQKTSWQHL-UHFFFAOYSA-N	IC50	80.0	80.0	nM	17270441
172689	P21554	KMJDATHIDYYGSK-UHFFFAOYSA-N	Activity	69.2	69.2	%	16392827
172689	P21554	KMJDATHIDYYGSK-UHFFFAOYSA-N	Decrease	-74.0	-74.0	%	15801840
172689	P21554	KMJDATHIDYYGSK-UHFFFAOYSA-N	Ki	5495.0	5495.0	nM	15801840
172792	P21554	KMMNRCMXKWDRNS-UHFFFAOYSA-N	EC50	0.0	3162.28	nM	19010671
172792	P21554	KMMNRCMXKWDRNS-UHFFFAOYSA-N	Efficacy	10.0	0.0	%	19010671
172857	P21554	KMOLAOJTGUCZGO-UHFFFAOYSA-N	Activity	34.4	34.4	%	20189815
172857	P21554	KMOLAOJTGUCZGO-UHFFFAOYSA-N	Ki	0.0	10000.0	nM	20189815
172859	P21554	KMOLUSUCGKIBAQ-IAGOWNOFSA-N	Ki	12.4	12.4	nM	24175572
173066	P21554	KMWQCMIRJQCRDA-QEGIFBSNSA-N	EC50	1995.26	1995.26	nM	20688519
173066	P21554	KMWQCMIRJQCRDA-QEGIFBSNSA-N	Ki	15.6	15.6	nM	20688519
173252	P21554	KNCQEUTZNNITIW-UHFFFAOYSA-N	Inhibition	92.0	92.0	%	18083560
173252	P21554	KNCQEUTZNNITIW-UHFFFAOYSA-N	Ki	198.0	198.0	nM	18083560
173269	P21554	KNDNTYBIRAVLQO-UHFFFAOYSA-N	Activity	83.12	83.12	%	23164658
173269	P21554	KNDNTYBIRAVLQO-UHFFFAOYSA-N	EC50	1370.0	1370.0	nM	23164658
173269	P21554	KNDNTYBIRAVLQO-UHFFFAOYSA-N	Ki	550.0	550.0	nM	23164658
173386	P21554	KNIISGNXGSTDEL-UHFFFAOYSA-N	Inhibition	95.0	95.0	%	18083560
173386	P21554	KNIISGNXGSTDEL-UHFFFAOYSA-N	Ki	108.0	108.0	nM	18083560
173894	P21554	KOBWCKPPQPCMSU-UHFFFAOYSA-N	Ki	390.0	390.0	nM	23085772
173977	P21554	KOFFKTIBACXUQS-UHFFFAOYSA-N	Inhibition	12.0	12.0	%	22916707
173977	P21554	KOFFKTIBACXUQS-UHFFFAOYSA-N	Ki	0.0	10000.0	nM	22916707
174027	P21554	KOGNIUYGXIIRNO-UHFFFAOYSA-N	Ki	81.47	81.47	nM	Med Chem Res, (2013) 22:9:4133
174027	P21554	KOGNIUYGXIIRNO-UHFFFAOYSA-N	Ki	81.5	81.5	nM	Med Chem Res, (2013) 22:9:4133
174075	P21554	KOIMCUUFJKMCIR-UHFFFAOYSA-N	Ki	6.3	6.3	nM	22437111
174120	P21554	KOKDRUVNHUWZGW-UHFFFAOYSA-N	EC50	0.0	10000.0	nM	23380378
174162	P21554	KOMAIRDUAOWCFK-UHFFFAOYSA-N	Ki	0.0	10000.0	nM	22370265
174211	P21554	KOOWOHRTUITIEC-UHFFFAOYSA-N	Ki	840.0	840.0	nM	17507224
174223	P21554	KOPJCFFPLXQVSA-RESCNRSOSA-N	Ki	23.8	23.8	nM	23085772
174277	P21554	KORIJNDQHZIIMZ-UHFFFAOYSA-N	Ki	27.0	27.0	nM	17507224
174340	P21554	KOSOGUVRRYONSO-ZDUSSCGKSA-N	Ki	192.0	192.0	nM	17466519
174414	P21554	KOUWKYSGUIWOCC-UHFFFAOYSA-N	IC50	1.2	1.2	nM	19954978
174448	P21554	KOWDMYRONSYFDJ-GAJHUEQPSA-N	IC50	845.0	845.0	nM	17293109
174486	P21554	KOXFWOOFJAOOQK-UHFFFAOYSA-N	Ki	0.0	30000.0	nM	,17507224,Bioorg. Med. Chem. Lett., (1996) 6:2:189
174640	P21554	KPEQDIMLMKNWLV-UHFFFAOYSA-N	IC50	130.0	130.0	nM	19328684
175064	P21554	KPQZBHBZZNSBGB-UHFFFAOYSA-N	EC50	0.0	25000.0	nM	20845959
175064	P21554	KPQZBHBZZNSBGB-UHFFFAOYSA-N	Kd	27.54	27.54	nM	20845959
175064	P21554	KPQZBHBZZNSBGB-UHFFFAOYSA-N	Ke	0.0	10000.0	nM	20845959
175064	P21554	KPQZBHBZZNSBGB-UHFFFAOYSA-N	Ki	37.0	37.0	nM	20845959
175064	P21554	KPQZBHBZZNSBGB-UHFFFAOYSA-N	Ki	99.3	99.3	nM	20845959
175135	P21554	KPTWEWDDTCIJLW-WOJBJXKFSA-N	Ki	0.0	8000.0	nM	24175572
175139	P21554	KPTWUUQQFGTICM-UHFFFAOYSA-N	Activity	101.9	101.9	%	24125850
175185	P21554	KPWCPPBAOAAQRC-FLIBITNWSA-N	Inhibition	7.0	7.0	%	MedChemComm, (2014) 5:5:632
175185	P21554	KPWCPPBAOAAQRC-FLIBITNWSA-N	Ki	0.0	10000.0	nM	MedChemComm, (2014) 5:5:632
175214	P21554	KPXCICWDVOJCEZ-UHFFFAOYSA-N	Ki	0.0	10000.0	nM	18311894
175214	P21554	KPXCICWDVOJCEZ-UHFFFAOYSA-N	Ki	10000.0	0.0	nM	18311894
175244	P21554	KPYMCZGLLDSYGQ-JWQCQUIFSA-N	Ki	1.5	1.5	nM	17521177
175244	P21554	KPYMCZGLLDSYGQ-JWQCQUIFSA-N	Ki	3.0	3.0	nM	9784115
175389	P21554	KQCWQCHLUNUWFI-UHFFFAOYSA-N	EC50	0.0	31622.8	nM	20005703
175395	P21554	KQDFTCQWYWGQQB-UHFFFAOYSA-N	Activity	100.0	100.0	%	21354795
175395	P21554	KQDFTCQWYWGQQB-UHFFFAOYSA-N	EC50	20000.0	20000.0	nM	21354795
175680	P21554	KQLKVUTUWJRUOQ-UHFFFAOYSA-N	EC50	81.0	81.0	nM	23227781
175680	P21554	KQLKVUTUWJRUOQ-UHFFFAOYSA-N	Emax	110.0	110.0	%	23227781
175680	P21554	KQLKVUTUWJRUOQ-UHFFFAOYSA-N	IC50	31.0	31.0	nM	23227781
175765	P21554	KQOFFAZTYIIJNS-UHFFFAOYSA-N	Ki	0.0	10000.0	nM	23085772
175790	P21554	KQPJRFXWAWUUTE-UHFFFAOYSA-N	Ki	592.0	592.0	nM	22284817
175816	P21554	KQQFZBCNXJHGCH-UHFFFAOYSA-N	%max	-98.0	-98.0	%	19320488
175816	P21554	KQQFZBCNXJHGCH-UHFFFAOYSA-N	EC50	1.3	1.3	nM	19320488
175816	P21554	KQQFZBCNXJHGCH-UHFFFAOYSA-N	IC50	47.0	47.0	nM	19320488
175816	P21554	KQQFZBCNXJHGCH-UHFFFAOYSA-N	IC50	58.0	58.0	nM	19320488
175816	P21554	KQQFZBCNXJHGCH-UHFFFAOYSA-N	Inhibition	172.0	172.0	%	19320488
175862	P21554	KQSFVGNJQZIIBK-UHFFFAOYSA-N	Ki	0.0	10000.0	nM	22044209
175946	P21554	KQWJSPDWCKTIAH-UHFFFAOYSA-N	Ki	3617.0	3617.0	nM	22548457
175990	P21554	KQXDGUVSAAQARU-HZJYTTRNSA-N	Ki	0.0	41400.0	nM	9057852
176155	P21554	KRCLPAGVJVBLJR-UHFFFAOYSA-N	Inhibition	30.0	30.0	%	23237837
176208	P21554	KRDQZFKUVXRPEQ-UHFFFAOYSA-N	EC50	158.49	158.49	nM	20634067
176210	P21554	KRDSFDHCRNWEMI-UHFFFAOYSA-N	Ki	0.1	0.1	nM	16263283
176210	P21554	KRDSFDHCRNWEMI-UHFFFAOYSA-N	Ki	0.3	0.3	nM	16263283
176231	P21554	KREWVKHFEXJRTN-UHFFFAOYSA-N	Ki	399.9	399.9	nM	Med Chem Res, (2013) 22:9:4133
176231	P21554	KREWVKHFEXJRTN-UHFFFAOYSA-N	Ki	399.94	399.94	nM	Med Chem Res, (2013) 22:9:4133
176360	P21554	KRJNMVCVRLHURT-UHFFFAOYSA-N	EC50	103.0	103.0	nM	22284817
176360	P21554	KRJNMVCVRLHURT-UHFFFAOYSA-N	Emax	94.0	94.0	%	22284817
176558	P21554	KRPGWNMOSRJJHJ-UHFFFAOYSA-N	Activity	79.8	79.8	%	17915849
176581	P21554	KRQAPHHACCPZEC-UHFFFAOYSA-N	IC50	2800.0	2800.0	nM	22340081
176605	P21554	KRRCOEFFZZIIOW-UHFFFAOYSA-N	Inhibition	64.1	64.1	%	19095444
176830	P21554	KRZVOZRFWPFNCT-UHFFFAOYSA-N	IC50	169.82	169.82	nM	19406638
176830	P21554	KRZVOZRFWPFNCT-UHFFFAOYSA-N	IC50	170.0	170.0	nM	15713403
176885	P21554	KSBHTCBWYXIRND-UHFFFAOYSA-N	Activity	20.0	0.0	%	16451053
176902	P21554	KSBLOCODMPFZJK-UHFFFAOYSA-N	EC50	0.0	32000.0	nM	PubChem BioAssay data set
176902	P21554	KSBLOCODMPFZJK-UHFFFAOYSA-N	IC50	0.0	32000.0	nM	,PubChem BioAssay data set
176956	P21554	KSDRPQTZVHRPOI-KNQAVFIVSA-N	Ki	9.1	9.1	nM	20018510
177028	P21554	KSGZMUZDZVQSJS-UHFFFAOYSA-N	EC50	0.0	31622.8	nM	20005703
177078	P21554	KSJQOSXAKMGPBK-UHFFFAOYSA-N	IC50	29.0	29.0	nM	17270441
177115	P21554	KSKXQOGPSBZBSW-PGRDOPGGSA-N	IC50	1.8	1.8	nM	17181138,18570365
177187	P21554	KSNNTOPCPZZHSP-UHFFFAOYSA-N	Ki	145.0	145.0	nM	23350768
177209	P21554	KSOFDKXGGLAUJF-UHFFFAOYSA-N	IC50	900.0	900.0	nM	15713403
177524	P21554	KSZPIHAXMHBLHP-UHFFFAOYSA-N	Ki	0.0	3000.0	nM	23151320
177566	P21554	KTBYKHKWIFIFAK-UHFFFAOYSA-N	EC50	0.0	32000.0	nM	,PubChem BioAssay data set
177566	P21554	KTBYKHKWIFIFAK-UHFFFAOYSA-N	IC50	1980.0	1980.0	nM	,PubChem BioAssay data set
177599	P21554	KTCTVGKANNGXFB-UHFFFAOYSA-N	IC50	57.0	57.0	nM	20047779
177599	P21554	KTCTVGKANNGXFB-UHFFFAOYSA-N	Ki	1.2	1.2	nM	20047779
177599	P21554	KTCTVGKANNGXFB-UHFFFAOYSA-N	Ki	1.2	1.2	nM	20047779
177704	P21554	KTGFGPPGPOJURC-MGJZLRMMSA-N	Ki	0.0	10000.0	nM	23085772
177733	P21554	KTHRWPCGPDGGSF-UHFFFAOYSA-N	IC50	1.0	1.0	nM	17433696
177783	P21554	KTJNYELGHYUNJB-UHFFFAOYSA-N	EC50	2.0	2.0	nM	19320488
177783	P21554	KTJNYELGHYUNJB-UHFFFAOYSA-N	IC50	800.0	800.0	nM	19320488
177861	P21554	KTMNZPRFXMCADV-UHFFFAOYSA-N	Kd	731.0	731.0	nM	10633038
177883	P21554	KTNOERNSGGRPNE-UHFFFAOYSA-N	EC50	0.0	31622.8	nM	20005703
178110	P21554	KTWRQMGUCGZIHO-UHFFFAOYSA-N	Ki	0.0	10000.0	nM	21183257,20718492
178134	P21554	KTXPJZIHPQLTIA-UHFFFAOYSA-N	EC50	0.0	10000.0	nM	21115245
178178	P21554	KTYYVXHOAFGXSL-UHFFFAOYSA-N	EC50	0.0	32000.0	nM	,PubChem BioAssay data set
178178	P21554	KTYYVXHOAFGXSL-UHFFFAOYSA-N	IC50	17900.0	17900.0	nM	,PubChem BioAssay data set
178199	P21554	KUASQOVMKYHRQP-HRAATJIYSA-N	IC50	12.3	12.3	nM	17293109
178406	P21554	KUHLJRSHGQWTHV-CYBMUJFWSA-N	Ki	0.38	0.38	nM	20971001
178587	P21554	KUMKLUDNETVLDS-UHFFFAOYSA-N	Ki	1220.0	1220.0	nM	18680276,26756097,21183257,20718492
178587	P21554	KUMKLUDNETVLDS-UHFFFAOYSA-N	Kieq	1220.0	1220.0	nM	26756097
178713	P21554	KUQRKDBYIGIDFZ-UHFFFAOYSA-N	Ki	0.0	10000.0	nM	11020293
178727	P21554	KURKEOISCSRDFI-OAHLLOKOSA-N	Ki	3010.0	3010.0	nM	18440813
178739	P21554	KURZUHVSGOMTJC-HHXXYDBFSA-N	IC50	0.0	17000.0	nM	21420857
178768	P21554	KUTCASZTMNUHMI-UHFFFAOYSA-N	Ki	140.0	140.0	nM	22341572
178809	P21554	KUUPTUHQEKXJMD-UHFFFAOYSA-N	Activity	100.0	100.0	%	21354795
178809	P21554	KUUPTUHQEKXJMD-UHFFFAOYSA-N	EC50	14700.0	14700.0	nM	21354795
178956	P21554	KVAHLBXCWSNAJN-UHFFFAOYSA-N	Ki	6157.0	6157.0	nM	23434135
179036	P21554	KVDFJBGTLGPOEC-UHFFFAOYSA-N	Kd	5.012	5.012	nM	15771428
179036	P21554	KVDFJBGTLGPOEC-UHFFFAOYSA-N	Ki	356.0	356.0	nM	15771428
179058	P21554	KVEBRGSWEKDCPX-UHFFFAOYSA-N	IC50	45.0	45.0	nM	20719511
179184	P21554	KVIZYCBDCWXNOQ-UHFFFAOYSA-N	Activity	5.0	5.0	%	19053765
179325	P21554	KVOQSTYDJIMDAO-UHFFFAOYSA-N	Ki	560.0	560.0	nM	17942307
179362	P21554	KVQFDDPVQAENDN-QKKBWIMNSA-N	Ki	112.0	112.0	nM	20018510
179487	P21554	KVUKDCFEXVWYBN-FMBIJHKPSA-N	Activity	5.0	5.0	%	24175626
179487	P21554	KVUKDCFEXVWYBN-FMBIJHKPSA-N	IC50	100.0	100.0	nM	24175626
179487	P21554	KVUKDCFEXVWYBN-FMBIJHKPSA-N	Inhibition	15.0	15.0	%	24175626
179487	P21554	KVUKDCFEXVWYBN-FMBIJHKPSA-N	Inhibition	37.0	37.0	%	24175626
179661	P21554	KWBCWPRNLHBRPD-UHFFFAOYSA-N	Kd	3.981	3.981	nM	14736243
179661	P21554	KWBCWPRNLHBRPD-UHFFFAOYSA-N	Ki	197.0	197.0	nM	14736243
179699	P21554	KWDBUESWBLNTGG-UHFFFAOYSA-N	Inhibition	25.0	25.0	%	21923175
179772	P21554	KWGCCNJTWRSFKV-UHFFFAOYSA-N	Activity	51.4	51.4	%	20189815
179772	P21554	KWGCCNJTWRSFKV-UHFFFAOYSA-N	Ki	323.0	323.0	nM	20189815
179850	P21554	KWGUVZUNTGXISE-UHFFFAOYSA-N	Ki	0.0	5000.0	nM	18522867
180017	P21554	KWOKALIQPMDDRZ-UHFFFAOYSA-N	EC50	158.49	158.49	nM	21316962
180027	P21554	KWOUEZYGBKYPPI-FCHUYYIVSA-N	IC50	8.0	8.0	nM	19320488
180111	P21554	KWSTWVVXSGUPPV-UHFFFAOYSA-N	EC50	600.0	600.0	nM	19320488
180111	P21554	KWSTWVVXSGUPPV-UHFFFAOYSA-N	IC50	9000.0	9000.0	nM	19320488
180164	P21554	KWTXZVBKQWNQBB-UHFFFAOYSA-N	Ki	147.91	147.91	nM	19921781
180164	P21554	KWTXZVBKQWNQBB-UHFFFAOYSA-N	Ki	148.0	148.0	nM	19921781
180316	P21554	KXAHTHUGPBSXNS-UHFFFAOYSA-N	EC50	0.0	32000.0	nM	,PubChem BioAssay data set
180316	P21554	KXAHTHUGPBSXNS-UHFFFAOYSA-N	IC50	5370.0	5370.0	nM	,PubChem BioAssay data set
180317	P21554	KXAJDCGDONSRLS-UHFFFAOYSA-N	Ki	818.0	818.0	nM	17884494
180495	P21554	KXGVTPXLSYNNLX-UHFFFAOYSA-N	Ki	0.0	5000.0	nM	18522867
180545	P21554	KXJQYOSPCQSRHF-UHFFFAOYSA-N	EC50	4660.0	4660.0	nM	23795771
180545	P21554	KXJQYOSPCQSRHF-UHFFFAOYSA-N	Efficacy	26.2	26.2	%	23795771
180656	P21554	KXPIARSCPWQBDY-UHFFFAOYSA-N	EC50	195.0	195.0	nM	16451053
180656	P21554	KXPIARSCPWQBDY-UHFFFAOYSA-N	Ki	243.0	243.0	nM	16451053
180739	P21554	KXSRKQVGOXLZPF-UHFFFAOYSA-N	Activity	62.0	62.0	%	19520572
180739	P21554	KXSRKQVGOXLZPF-UHFFFAOYSA-N	EC50	200.0	200.0	nM	19520572
180739	P21554	KXSRKQVGOXLZPF-UHFFFAOYSA-N	Inhibition	82.0	82.0	%	19520572
180739	P21554	KXSRKQVGOXLZPF-UHFFFAOYSA-N	Ki	256.0	256.0	nM	19520572
180837	P21554	KXWKFHVIYLHKHE-UHFFFAOYSA-N	Ki	195.0	195.0	nM	17884494
181017	P21554	KYEFUEVBQBMRCK-UHFFFAOYSA-N	IC50	66.0	66.0	nM	18293908
181017	P21554	KYEFUEVBQBMRCK-UHFFFAOYSA-N	Ki	37.0	37.0	nM	18293908
181135	P21554	KYINRGKLNGUUGA-UHFFFAOYSA-N	Ki	1.0	1.0	nM	16263283
181135	P21554	KYINRGKLNGUUGA-UHFFFAOYSA-N	Ki	3.0	3.0	nM	16263283
181247	P21554	KYLMGDPJMOYDEV-UHFFFAOYSA-N	Ki	470.0	470.0	nM	19091565,21183257
181282	P21554	KYNGRVNVTPVYIO-UHFFFAOYSA-N	Kd	143.0	143.0	nM	10633038
181299	P21554	KYOICGKIVJTIGW-UHFFFAOYSA-N	Ki	4.7	4.7	nM	24182233
181385	P21554	KYROHQXGJFYIGB-UHFFFAOYSA-N	IC50	288.0	288.0	nM	20047779
181385	P21554	KYROHQXGJFYIGB-UHFFFAOYSA-N	Ki	5.9	5.9	nM	20047779
181385	P21554	KYROHQXGJFYIGB-UHFFFAOYSA-N	Ki	5.9	5.9	nM	20047779
181614	P21554	KYZRQIMYISZQGM-UHFFFAOYSA-N	Ki	0.0	1000.0	nM	20979417
181636	P21554	KZAZEXACXJEJFC-SJLPKXTDSA-N	Ki	25.8	25.8	nM	24175572
181752	P21554	KZFFLBJACHMOJG-UHFFFAOYSA-N	EC50	16900.0	16900.0	nM	23795771
181752	P21554	KZFFLBJACHMOJG-UHFFFAOYSA-N	Efficacy	74.0	74.0	%	23795771
181803	P21554	KZHMHFOHNQVHHE-UHFFFAOYSA-N	Activity	72.0	72.0	%	18342403
181941	P21554	KZNXVRTZOQUIBX-UHFFFAOYSA-N	IC50	50.0	50.0	nM	18293908
181941	P21554	KZNXVRTZOQUIBX-UHFFFAOYSA-N	Ki	28.0	28.0	nM	18293908,19595596
182054	P21554	KZPYBMNBUZPMKP-UHFFFAOYSA-N	EC50	0.0	2000.0	nM	18640038
182054	P21554	KZPYBMNBUZPMKP-UHFFFAOYSA-N	EC50	1430.0	1430.0	nM	18640038
182054	P21554	KZPYBMNBUZPMKP-UHFFFAOYSA-N	Emax	19.0	19.0	%	18640038
182054	P21554	KZPYBMNBUZPMKP-UHFFFAOYSA-N	Emax	55.0	55.0	%	18640038
182108	P21554	KZRRUOUNPDKBIG-WCSIJFPASA-N	IC50	66.0	66.0	nM	22959249
182167	P21554	KZUBDNGKPYBRMI-UHFFFAOYSA-N	EC50	0.0	32000.0	nM	,PubChem BioAssay data set
182167	P21554	KZUBDNGKPYBRMI-UHFFFAOYSA-N	IC50	24500.0	24500.0	nM	,PubChem BioAssay data set
182175	P21554	KZUDHSJIWYUQLC-UHFFFAOYSA-N	Ki	0.0	3000.0	nM	24508127
182306	P21554	KZZWGXVRXBWXJW-UHFFFAOYSA-N	EC50	24.5	24.5	nM	18712856
182306	P21554	KZZWGXVRXBWXJW-UHFFFAOYSA-N	IC50	7.1	7.1	nM	18712856
182316	P21554	LAAONBCKIVBWHR-UHFFFAOYSA-N	Ki	0.0	1000.0	nM	17507224
182383	P21554	LACXQCASFRBULF-UHFFFAOYSA-N	Ki	0.0	10000.0	nM	21702498
182432	P21554	LAEJFMXDNTZBEC-ONTIZHBOSA-N	Emax	14.0	14.0	%	21420857
182432	P21554	LAEJFMXDNTZBEC-ONTIZHBOSA-N	IC50	0.0	17000.0	nM	21420857
182434	P21554	LAEJFMXDNTZBEC-VWPQPMDRSA-N	Emax	76.0	76.0	%	21420857
182434	P21554	LAEJFMXDNTZBEC-VWPQPMDRSA-N	IC50	4543.0	4543.0	nM	21420857
182489	P21554	LAGLSJWXLIXNEF-UHFFFAOYSA-N	Ki	0.0	5000.0	nM	18522867
182638	P21554	LAMFLBUXIPOABX-UHFFFAOYSA-N	EC50	0.0	32000.0	nM	PubChem BioAssay data set
182638	P21554	LAMFLBUXIPOABX-UHFFFAOYSA-N	IC50	6410.0	6410.0	nM	PubChem BioAssay data set
182893	P21554	LAVIXOKYHRWFDZ-OKILXGFUSA-N	EC50	7943.28	7943.28	nM	20005703
182893	P21554	LAVIXOKYHRWFDZ-OKILXGFUSA-N	Efficacy	71.0	71.0	%	20005703
182922	P21554	LAWMMCAFBSZWCM-UHFFFAOYSA-N	EC50	0.0	10000.0	nM	22130134
182976	P21554	LAYRJSCDMHXVHX-DFBJGRDBSA-N	Ki	8.0	8.0	nM	20018510
183058	P21554	LBBFVAWQNJMLBX-YSSMNDQQSA-N	Ki	350.0	350.0	nM	
183058	P21554	LBBFVAWQNJMLBX-YSSMNDQQSA-N	Ki	350.3	350.3	nM	Bioorg. Med. Chem. Lett., (1996) 6:2:189
183091	P21554	LBCLCIIZEHVXPO-UHFFFAOYSA-N	Ke	1800.0	1800.0	nM	24944734
183125	P21554	LBDROKKDHALWFK-UHFFFAOYSA-N	Activity	34.0	34.0	%	23679955
183125	P21554	LBDROKKDHALWFK-UHFFFAOYSA-N	Ki	0.0	10000.0	nM	23679955
183141	P21554	LBECOWQHZRITHJ-UHFFFAOYSA-N	Ki	0.0	20000.0	nM	23072339
183144	P21554	LBEDYTCPCKWPRN-UHFFFAOYSA-N	Ki	382.0	382.0	nM	15771428
183183	P21554	LBFQANDXZUXJCY-UHFFFAOYSA-N	Ki	240.0	240.0	nM	22341572
183229	P21554	LBHFUMXOUHHRRX-UHFFFAOYSA-N	Ki	63.0	63.0	nM	24518874
183246	P21554	LBIFDVNEGZHVAM-UHFFFAOYSA-N	EC50	0.0	32000.0	nM	,PubChem BioAssay data set
183246	P21554	LBIFDVNEGZHVAM-UHFFFAOYSA-N	IC50	0.0	32000.0	nM	,PubChem BioAssay data set
183276	P21554	LBIRZUJTPQXLNX-UHFFFAOYSA-N	Ke	486.0	486.0	nM	22372835
183304	P21554	LBJXQEHAPRESNJ-KRWDZBQOSA-N	EC50	446.0	446.0	nM	22607668
183304	P21554	LBJXQEHAPRESNJ-KRWDZBQOSA-N	Emax	111.0	111.0	%	22607668
183304	P21554	LBJXQEHAPRESNJ-KRWDZBQOSA-N	Ki	177.0	177.0	nM	22607668
183306	P21554	LBJXQEHAPRESNJ-QGZVFWFLSA-N	EC50	39.9	39.9	nM	22607668
183306	P21554	LBJXQEHAPRESNJ-QGZVFWFLSA-N	EC50	95.3	95.3	nM	22607668
183306	P21554	LBJXQEHAPRESNJ-QGZVFWFLSA-N	Emax	116.0	116.0	%	22607668
183306	P21554	LBJXQEHAPRESNJ-QGZVFWFLSA-N	Ki	24.5	24.5	nM	22607668
183306	P21554	LBJXQEHAPRESNJ-QGZVFWFLSA-N	Ki	44.5	44.5	nM	22607668
183308	P21554	LBJXQEHAPRESNJ-UHFFFAOYSA-N	EC50	95.3	95.3	nM	22607668
183308	P21554	LBJXQEHAPRESNJ-UHFFFAOYSA-N	Emax	121.0	121.0	%	22607668
183308	P21554	LBJXQEHAPRESNJ-UHFFFAOYSA-N	Ki	44.5	44.5	nM	22607668
183398	P21554	LBMZOGXFQCYTOA-UHFFFAOYSA-N	Ki	5000.0	5000.0	nM	16279794
183490	P21554	LBRCUDFCBIVPRM-GQCTYLIASA-N	Kd	53.7	53.7	nM	10633038
183502	P21554	LBRLKEYZOKDWQC-DHIUTWEWSA-N	EC50	316.23	316.23	nM	21074434
183503	P21554	LBRLKEYZOKDWQC-GOTSBHOMSA-N	EC50	0.0	10000.0	nM	21074434
183533	P21554	LBSVPCDUTCINIW-UHFFFAOYSA-N	Ki	1.75	1.75	nM	18448340
183625	P21554	LBVNIESYDKSIJK-UHFFFAOYSA-N	Ki	280.0	280.0	nM	18579386
183653	P21554	LBWNGSFQCGZGLQ-UHFFFAOYSA-N	EC50	0.0	10000.0	nM	23147076
183711	P21554	LBYKMTMEJQUOPD-GFCCVEGCSA-N	Ki	220.0	220.0	nM	20971001
184029	P21554	LCKSZHZUOCEJKF-UHFFFAOYSA-N	Ki	4152.0	4152.0	nM	20031412,21183257
184037	P21554	LCLCJCBHSSCTCJ-UHFFFAOYSA-N	Activity	20.8	20.8	%	16392827
184037	P21554	LCLCJCBHSSCTCJ-UHFFFAOYSA-N	Displacement	20.8	20.8	%	15801840
184045	P21554	LCLHWAFOYICJIC-UHFFFAOYSA-N	EC50	129.0	129.0	nM	22284817
184045	P21554	LCLHWAFOYICJIC-UHFFFAOYSA-N	Emax	100.0	100.0	%	22284817
184045	P21554	LCLHWAFOYICJIC-UHFFFAOYSA-N	Ki	115.0	115.0	nM	22284817
184071	P21554	LCMILIMARCFGTR-UHFFFAOYSA-N	Ki	560.0	560.0	nM	19091565
184180	P21554	LCQRUXOJEOLVTI-ITGJCUMNSA-N	Ki	189.0	189.0	nM	17521177
184180	P21554	LCQRUXOJEOLVTI-ITGJCUMNSA-N	Ki	190.55	190.55	nM	17521177,17980589
184371	P21554	LCXPPKCDKPVXLH-UHFFFAOYSA-N	EC50	0.0	1000.0	nM	18680277
184371	P21554	LCXPPKCDKPVXLH-UHFFFAOYSA-N	EC50	1600.0	1600.0	nM	18680277
184371	P21554	LCXPPKCDKPVXLH-UHFFFAOYSA-N	Emax	48.0	48.0	%	18680277
184371	P21554	LCXPPKCDKPVXLH-UHFFFAOYSA-N	Emax	103.0	103.0	%	18680277
184379	P21554	LCXWTFPJLNYDHR-UHFFFAOYSA-N	EC50	0.0	32000.0	nM	,PubChem BioAssay data set
184379	P21554	LCXWTFPJLNYDHR-UHFFFAOYSA-N	IC50	0.0	32000.0	nM	,PubChem BioAssay data set
184397	P21554	LCYQSUADYIKPJK-UHFFFAOYSA-N	Ki	32.0	32.0	nM	14980654
184472	P21554	LDBYYAUYORVLLI-UHFFFAOYSA-N	IC50	0.0	1000.0	nM	22959249
184756	P21554	LDNGKGGRFWIORK-UHFFFAOYSA-N	Ki	39.81	39.81	nM	19338356
184756	P21554	LDNGKGGRFWIORK-UHFFFAOYSA-N	Ki	40.0	40.0	nM	19338356
184797	P21554	LDORSZCZJLCJQE-UHFFFAOYSA-N	EC50	1.0	1.0	nM	19320488
184797	P21554	LDORSZCZJLCJQE-UHFFFAOYSA-N	IC50	6.0	6.0	nM	19320488
185136	P21554	LEABGADKSLIYJL-UHFFFAOYSA-N	EC50	0.0	32000.0	nM	,PubChem BioAssay data set
185136	P21554	LEABGADKSLIYJL-UHFFFAOYSA-N	IC50	0.0	32000.0	nM	,PubChem BioAssay data set
185346	P21554	LEJQKYQWCJOEBD-QLXIDDQXSA-N	Ki	193.0	193.0	nM	23085772
185391	P21554	LELUVKLGICFGRZ-UHFFFAOYSA-N	IC50	56.0	56.0	nM	15664830
185652	P21554	LEVWTKNVOKUUQN-UHFFFAOYSA-N	Ki	28.0	28.0	nM	21183257
185749	P21554	LEYYJOBTMJQHCX-UHFFFAOYSA-N	EC50	103.0	103.0	nM	22284817
185749	P21554	LEYYJOBTMJQHCX-UHFFFAOYSA-N	Emax	72.0	72.0	%	22284817
185749	P21554	LEYYJOBTMJQHCX-UHFFFAOYSA-N	Ki	58.0	58.0	nM	22284817
185797	P21554	LEZWWPYKPKIXLL-UHFFFAOYSA-N	IC50	36270.0	36270.0	nM	DrugMatrix in vitro pharmacology data
185797	P21554	LEZWWPYKPKIXLL-UHFFFAOYSA-N	Ki	28627.0	28627.0	nM	DrugMatrix in vitro pharmacology data
185834	P21554	LFAUFWJANSSNBQ-UHFFFAOYSA-N	Ki	0.0	10000.0	nM	17604171
185836	P21554	LFAUVYPVNHRQIG-UHFFFAOYSA-N	EC50	5623.0	5623.0	nM	22130134
185934	P21554	LFFCTZXNHKBFFY-UHFFFAOYSA-N	Ki	1365.0	1365.0	nM	22738271
185936	P21554	LFFHJYBWSPYGOB-UHFFFAOYSA-N	Ki	162.0	162.0	nM	12747783
186145	P21554	LFNQTZRVNLJMDU-UHFFFAOYSA-N	Ki	56.0	56.0	nM	19435366
186155	P21554	LFOBVSANTUUHQT-UHFFFAOYSA-N	Activity	0.0	60.0	%	23017078
186155	P21554	LFOBVSANTUUHQT-UHFFFAOYSA-N	Ki	0.0	1000.0	nM	23017078
186277	P21554	LFTJOXDFIITNTM-QGZVFWFLSA-N	Ki	2720.0	2720.0	nM	18440813
186289	P21554	LFTQLUFUYZHZAU-AXDNMFEOSA-N	Inhibition	51.0	51.0	%	12161142
186291	P21554	LFTRETXSBJCGDP-UHFFFAOYSA-N	Ki	0.0	10000.0	nM	19921781
186417	P21554	LFYKFWKQCKTBNB-UHFFFAOYSA-N	EC50	0.0	3162.28	nM	19010671
186417	P21554	LFYKFWKQCKTBNB-UHFFFAOYSA-N	Efficacy	10.0	0.0	%	19010671
186464	P21554	LGBBTSHNLLSNTC-OQHXPNFOSA-N	Ki	5700.0	5700.0	nM	12161142
186494	P21554	LGCCDZDUQFDBDR-UHFFFAOYSA-N	Ki	1773.0	1773.0	nM	23406429
186551	P21554	LGEQQWMQCRIYKG-DOFZRALJSA-N	Ki	11.0	11.0	nM	19361197
186551	P21554	LGEQQWMQCRIYKG-DOFZRALJSA-N	Ki	39.2	39.2	nM	12166938
186551	P21554	LGEQQWMQCRIYKG-DOFZRALJSA-N	Ki	50.0	50.0	nM	16078824
186551	P21554	LGEQQWMQCRIYKG-DOFZRALJSA-N	Ki	70.0	70.0	nM	22044209,16682198,19161308,16570929
186551	P21554	LGEQQWMQCRIYKG-DOFZRALJSA-N	Ki	72.0	72.0	nM	17561406,25065940,16279794,19331413,16213718
186551	P21554	LGEQQWMQCRIYKG-DOFZRALJSA-N	Ki	89.0	89.0	nM	23865723
186551	P21554	LGEQQWMQCRIYKG-DOFZRALJSA-N	Ki	100.0	501.187	nM	7565624,8819477
186551	P21554	LGEQQWMQCRIYKG-DOFZRALJSA-N	Ki	300.0	300.0	nM	14613317
186551	P21554	LGEQQWMQCRIYKG-DOFZRALJSA-N	Ki	1800.0	1800.0	nM	14613317
186551	P21554	LGEQQWMQCRIYKG-DOFZRALJSA-N	Log Ki	1.95	1.95	nM	10882356
186557	P21554	LGEQQWMQCRIYKG-UHFFFAOYSA-N	Ki	11.0	11.0	nM	19361197
186590	P21554	LGGAKUPXXCXLLZ-ILGMOKPNSA-N	Ki	88.0	88.0	nM	22738271
186594	P21554	LGGAKUPXXCXLLZ-UHFFFAOYSA-N	Ki	323.0	323.0	nM	22738271
186598	P21554	LGGAKUPXXCXLLZ-XVPJOVGPSA-N	Ki	323.0	323.0	nM	22738271
186598	P21554	LGGAKUPXXCXLLZ-XVPJOVGPSA-N	Ki	858.0	858.0	nM	22738271
186763	P21554	LGJVWHPVWBOBEW-UHFFFAOYSA-N	IC50	1.7	1.7	nM	20483606
186763	P21554	LGJVWHPVWBOBEW-UHFFFAOYSA-N	IC50	670.0	670.0	nM	20483606
187087	P21554	LGURXIHKGFCKQW-UHFFFAOYSA-N	Ki	390.0	390.0	nM	19595596
187299	P21554	LHAHTHILLRCRBM-UHFFFAOYSA-N	Ki	23000.0	23000.0	nM	17459705
187320	P21554	LHAVUOBSKKOHDX-UHFFFAOYSA-N	Ki	2680.0	2680.0	nM	18680276
187342	P21554	LHBMIEHDMBMMTP-UHFFFAOYSA-N	EC50	33.0	33.0	nM	20845959
187342	P21554	LHBMIEHDMBMMTP-UHFFFAOYSA-N	Emax	8.5	8.5	%	20845959
187342	P21554	LHBMIEHDMBMMTP-UHFFFAOYSA-N	Kd	29.51	29.51	nM	20845959
187342	P21554	LHBMIEHDMBMMTP-UHFFFAOYSA-N	Ke	476.0	476.0	nM	20845959
187342	P21554	LHBMIEHDMBMMTP-UHFFFAOYSA-N	Ki	30.4	30.4	nM	20845959
187342	P21554	LHBMIEHDMBMMTP-UHFFFAOYSA-N	Ki	68.1	68.1	nM	20845959
187468	P21554	LHFKHAVGGJJQFF-UEOYEZOQSA-N	IC50	7400.0	7400.0	nM	24175626
187468	P21554	LHFKHAVGGJJQFF-UEOYEZOQSA-N	Inhibition	29.0	29.0	%	24175626
187470	P21554	LHFKHAVGGJJQFF-UMYNZBAMSA-N	IC50	9.0	9.0	nM	24175626
187470	P21554	LHFKHAVGGJJQFF-UMYNZBAMSA-N	Inhibition	40.0	40.0	%	24175626
187554	P21554	LHICBAQTEJXVLI-LVCYWYKZSA-N	IC50	0.0	17000.0	nM	21420857
187565	P21554	LHILAHDXYGCIPJ-UHFFFAOYSA-N	Activity	33.4	33.4	%	24125850
187565	P21554	LHILAHDXYGCIPJ-UHFFFAOYSA-N	EC50	118.3	118.3	nM	24125850
187565	P21554	LHILAHDXYGCIPJ-UHFFFAOYSA-N	Emax	30.4	30.4	%	24125850
187665	P21554	LHMQBWFULYGLMM-UHFFFAOYSA-N	Inhibition	23.0	23.0	%	23350768
187665	P21554	LHMQBWFULYGLMM-UHFFFAOYSA-N	Ki	0.0	10000.0	nM	23350768
187776	P21554	LHRNJHNQJHRXON-UHFFFAOYSA-N	Activity	71.0	71.0	%	20189815
187776	P21554	LHRNJHNQJHRXON-UHFFFAOYSA-N	Ki	0.0	10000.0	nM	20189815
187778	P21554	LHROVEQUEJTMFN-CTNGQTDRSA-N	EC50	61.4	61.4	nM	22607668
187778	P21554	LHROVEQUEJTMFN-CTNGQTDRSA-N	Emax	118.0	118.0	%	22607668
187854	P21554	LHTTVCKMERRBKZ-UHFFFAOYSA-N	IC50	0.11	0.11	nM	20015647
187854	P21554	LHTTVCKMERRBKZ-UHFFFAOYSA-N	IC50	0.23	0.23	nM	20015647
187854	P21554	LHTTVCKMERRBKZ-UHFFFAOYSA-N	IC50	0.78	0.78	nM	20015647
188022	P21554	LIADNXQDMXTTMU-UHFFFAOYSA-N	Activity	41.1	41.1	%	16451053
188047	P21554	LIBNBUULGCFJNR-MSOLQXFVSA-N	Ki	0.0	10000.0	nM	19361197
188050	P21554	LIBNBUULGCFJNR-QZTJIDSGSA-N	Ki	0.0	10000.0	nM	19361197
188052	P21554	LIBNBUULGCFJNR-ROUUACIJSA-N	Ki	1400.0	1400.0	nM	19361197
188054	P21554	LIBNBUULGCFJNR-ZWKOTPCHSA-N	Ki	820.0	820.0	nM	19361197
188161	P21554	LIFKXJIIMHZEDS-UHFFFAOYSA-N	Ki	0.0	10000.0	nM	21872477
188233	P21554	LIIPJRGDIBVXJX-UHFFFAOYSA-N	Ki	655.0	655.0	nM	22607668
188269	P21554	LIKARPKWINWYAG-UHFFFAOYSA-N	Inhibition	70.0	70.0	%	22916707
188269	P21554	LIKARPKWINWYAG-UHFFFAOYSA-N	Ki	6390.0	6390.0	nM	22916707
188287	P21554	LIKKKFAHHSRGPP-UHFFFAOYSA-N	EC50	12589.2	12589.2	nM	19010671
188287	P21554	LIKKKFAHHSRGPP-UHFFFAOYSA-N	Efficacy	21.0	21.0	%	19010671
188289	P21554	LIKLGSDZNXFXRV-UHFFFAOYSA-N	Ki	0.0	10000.0	nM	22548457
188406	P21554	LINXAVYNSBROCR-UHFFFAOYSA-N	EC50	1800.0	1800.0	nM	21115245
188418	P21554	LINZJSULZVTJAQ-RXFWQSSRSA-N	IC50	1.8	1.8	nM	17608398
188430	P21554	LIOIIJMRZYXAFD-UHFFFAOYSA-N	Ki	0.0	2500.0	nM	17107792
188853	P21554	LJFCGKDREUOQNA-JKGBFCRXSA-N	IC50	0.0	100.0	nM	22959249
188910	P21554	LJHJUSGTPMDAPH-UHFFFAOYSA-N	Activity	24.0	24.0	%	17915849
188912	P21554	LJHKGTZIZBZIPG-UHFFFAOYSA-N	Ki	2398000.0	2398000.0	nM	21872477
189007	P21554	LJKSTTGGNYMPSG-UHFFFAOYSA-N	Activity	25.0	25.0	%	19091565
189037	P21554	LJMFHUWSINYYKM-UHFFFAOYSA-N	Ki	50.0	50.0	nM	19595596
189168	P21554	LJSBBBWQTLXQEN-UHFFFAOYSA-N	Ki	383.0	383.0	nM	23865723,23672690,21183257
189168	P21554	LJSBBBWQTLXQEN-UHFFFAOYSA-N	Ki	1202.26	1202.26	nM	19921781,18311894
189168	P21554	LJSBBBWQTLXQEN-UHFFFAOYSA-N	Ki	1204.0	1204.0	nM	19921781,18311894
189168	P21554	LJSBBBWQTLXQEN-UHFFFAOYSA-N	Log Ki	2.58	2.58	nM	10882356
189255	P21554	LJUIOTQUQGYOFU-UHFFFAOYSA-N	Ki	373.0	373.0	nM	22341572
189347	P21554	LJYAMNUHLZTFQU-UHFFFAOYSA-N	EC50	59.8	59.8	nM	20845959
189347	P21554	LJYAMNUHLZTFQU-UHFFFAOYSA-N	Emax	-13.1	-13.1	%	20845959
189347	P21554	LJYAMNUHLZTFQU-UHFFFAOYSA-N	Kd	10.96	10.96	nM	20845959
189347	P21554	LJYAMNUHLZTFQU-UHFFFAOYSA-N	Ke	107.7	107.7	nM	20845959
189347	P21554	LJYAMNUHLZTFQU-UHFFFAOYSA-N	Ki	6.35	6.35	nM	20845959
189347	P21554	LJYAMNUHLZTFQU-UHFFFAOYSA-N	Ki	38.7	38.7	nM	20845959
189392	P21554	LJZLIPSTUBWUJE-UHFFFAOYSA-N	Ki	31.0	31.0	nM	18311894
189392	P21554	LJZLIPSTUBWUJE-UHFFFAOYSA-N	Ki	31.62	31.62	nM	18311894
189400	P21554	LJZWNBNYKQADKV-UHFFFAOYSA-N	Ki	139.8	139.8	nM	18680276
189400	P21554	LJZWNBNYKQADKV-UHFFFAOYSA-N	Ki	139.8	139.8	nM	18680276
189596	P21554	LKGPFICOQRIBQC-UHFFFAOYSA-N	EC50	0.0	1000.0	nM	21885167
189596	P21554	LKGPFICOQRIBQC-UHFFFAOYSA-N	Ki	63.1	63.1	nM	21885167
189613	P21554	LKIHDOVLNDPTJZ-UHFFFAOYSA-N	Activity	20.0	0.0	%	16279809
189663	P21554	LKJVNMUZFRSIBN-UHFFFAOYSA-N	EC50	0.0	32000.0	nM	PubChem BioAssay data set
189663	P21554	LKJVNMUZFRSIBN-UHFFFAOYSA-N	IC50	27100.0	27100.0	nM	,PubChem BioAssay data set
189718	P21554	LKMBDOIEXUIQRO-UHFFFAOYSA-N	EC50	0.0	31622.8	nM	19864133
189891	P21554	LKTUQBDQKOPHIL-UHFFFAOYSA-N	Ki	558.0	558.0	nM	11020293
189958	P21554	LKVVDEMKJBMVCT-UHFFFAOYSA-N	EC50	398.11	398.11	nM	17027269
189958	P21554	LKVVDEMKJBMVCT-UHFFFAOYSA-N	IC50	31.62	31.62	nM	17027269
189958	P21554	LKVVDEMKJBMVCT-UHFFFAOYSA-N	IC50	32.0	32.0	nM	17027269
190133	P21554	LLCQMLXZDRRZIF-UHFFFAOYSA-N	EC50	25.0	25.0	nM	21115245
190259	P21554	LLHAQAXODCGVTF-UHFFFAOYSA-N	IC50	95.2	95.2	nM	19530697
190621	P21554	LLUZGJRVXAFKKI-UHFFFAOYSA-N	Inhibition	0.0	0.0	%	22916707
190621	P21554	LLUZGJRVXAFKKI-UHFFFAOYSA-N	Ki	1020.0	1020.0	nM	22916707
190632	P21554	LLVSVPLTBJKUOS-UHFFFAOYSA-N	EC50	0.0	32000.0	nM	PubChem BioAssay data set
190632	P21554	LLVSVPLTBJKUOS-UHFFFAOYSA-N	IC50	0.0	32000.0	nM	,PubChem BioAssay data set
190648	P21554	LLWJMTCYPFQWGT-UHFFFAOYSA-N	EC50	20.4	20.4	nM	18712856
190648	P21554	LLWJMTCYPFQWGT-UHFFFAOYSA-N	IC50	6.1	6.1	nM	18712856
190665	P21554	LLWVWQYDADULBL-UHFFFAOYSA-N	Inhibition	26.0	26.0	%	MedChemComm, (2014) 5:5:632
190665	P21554	LLWVWQYDADULBL-UHFFFAOYSA-N	Ki	0.0	10000.0	nM	MedChemComm, (2014) 5:5:632
190692	P21554	LLYIGDJSRYWVSZ-UHFFFAOYSA-N	Ki	214.0	214.0	nM	24182233
190706	P21554	LLYOYAXAZDHDBE-UHFFFAOYSA-N	Ki	270.0	270.0	nM	14980654
190842	P21554	LMEABUVWBQNILW-UHFFFAOYSA-N	IC50	1.8	1.8	nM	15664830
190866	P21554	LMEZPWVLGRGADY-UHFFFAOYSA-N	Ki	600.0	600.0	nM	17507224
190871	P21554	LMFAKRXLXDUOSX-UHFFFAOYSA-N	Ki	33.1	33.1	nM	20688519
191157	P21554	LMPATIYIBGYDIK-WOJBJXKFSA-N	Ki	190.0	190.0	nM	24175572
191213	P21554	LMRDWMVRJNJYIQ-UHFFFAOYSA-N	Ki	58.0	58.0	nM	18579386
191249	P21554	LMSXJSCRUCNUEH-UHFFFAOYSA-N	IC50	73.0	73.0	nM	20719511
191268	P21554	LMTIMJXPSLFUCR-ZHACJKMWSA-N	Ki	0.0	10000.0	nM	16213718
191323	P21554	LMVPFIHDCHVQMH-UHFFFAOYSA-N	Ki	23.0	23.0	nM	24518874
191337	P21554	LMWLNSZOJQLZKJ-UHFFFAOYSA-N	EC50	0.0	1.5	nM	23865723
191352	P21554	LMXGOWNIGCDDEQ-UHFFFAOYSA-N	Kd	3.981	3.981	nM	20363132
191352	P21554	LMXGOWNIGCDDEQ-UHFFFAOYSA-N	Ki	20.0	20.0	nM	20363132
191376	P21554	LMYLJJVBZNQYJN-UHFFFAOYSA-N	EC50	63.1	63.1	nM	22421020
191444	P21554	LNAVXMDEEDVXQA-UHFFFAOYSA-N	IC50	51.0	51.0	nM	20015647
191474	P21554	LNCMFMCGLMCQRP-UHFFFAOYSA-N	EC50	82.0	82.0	nM	19062274
191474	P21554	LNCMFMCGLMCQRP-UHFFFAOYSA-N	EC50	710.0	710.0	nM	19062274
191474	P21554	LNCMFMCGLMCQRP-UHFFFAOYSA-N	Emax	86.0	86.0	%	19062274
191474	P21554	LNCMFMCGLMCQRP-UHFFFAOYSA-N	Emax	93.0	93.0	%	19062274
191515	P21554	LNDZXEPTCSDNOG-UHFFFAOYSA-N	Ki	390.0	390.0	nM	17107792
191650	P21554	LNFIGJSRRJNZFD-UHFFFAOYSA-N	Ki	5444.0	5444.0	nM	20031412
191818	P21554	LNLQZVNPZUVDNW-UHFFFAOYSA-N	Ki	2.0	2.0	nM	18511157
191849	P21554	LNMXFLRYDCKUKI-UHFFFAOYSA-N	Ki	370.0	370.0	nM	17507224
192131	P21554	LNYHVDOVNSAWJJ-UHFFFAOYSA-N	IC50	0.0	1000.0	nM	24139843
192262	P21554	LOEKJIKYSAMXPR-UHFFFAOYSA-N	Ki	0.11	0.11	nM	24900484
192262	P21554	LOEKJIKYSAMXPR-UHFFFAOYSA-N	Ki	0.12	0.12	nM	24900484
192266	P21554	LOELFYANKAFOQY-UHFFFAOYSA-N	EC50	1234.0	1234.0	nM	16451053
192266	P21554	LOELFYANKAFOQY-UHFFFAOYSA-N	Ki	905.0	905.0	nM	16451053
192448	P21554	LOLQZUDLOOHVCH-UHFFFAOYSA-N	Kd	3.95	3.95	nM	21962575
192448	P21554	LOLQZUDLOOHVCH-UHFFFAOYSA-N	Kd	4.6	4.6	nM	21962575
192448	P21554	LOLQZUDLOOHVCH-UHFFFAOYSA-N	Ki	12.0	12.0	nM	24182233
192450	P21554	LOLQZUDLOOHVCH-VUCQBUQISA-N	Bmax	41.0	41.0	pmol	21962575
192450	P21554	LOLQZUDLOOHVCH-VUCQBUQISA-N	Kd	3.95	3.95	nM	21962575
192606	P21554	LORHKAFPCBXLIG-UHFFFAOYSA-N	Ki	1.0	1.0	nM	16263283
192950	P21554	LPCQYOUCWMGLMP-UHFFFAOYSA-N	Ki	0.0	10000.0	nM	21872477
193030	P21554	LPFIHJGBLGVTNU-UHFFFAOYSA-N	EC50	0.0	32000.0	nM	,PubChem BioAssay data set
193030	P21554	LPFIHJGBLGVTNU-UHFFFAOYSA-N	IC50	870.0	870.0	nM	,PubChem BioAssay data set
193098	P21554	LPHYHEINQFEEGN-UHFFFAOYSA-N	Ki	0.0	10000.0	nM	21428406
193142	P21554	LPJIGZWNPQFFEE-UHFFFAOYSA-N	Activity	31.0	31.0	%	23679955
193142	P21554	LPJIGZWNPQFFEE-UHFFFAOYSA-N	Inhibition	31.0	31.0	%	22916707
193142	P21554	LPJIGZWNPQFFEE-UHFFFAOYSA-N	Ki	0.0	10000.0	nM	23679955,22916707
193296	P21554	LPNSIKSULVCPTB-UHFFFAOYSA-N	Ki	3312.0	3312.0	nM	16451053
193321	P21554	LPOWMGHPBUAXGD-UHFFFAOYSA-N	EC50	0.0	32000.0	nM	PubChem BioAssay data set
193321	P21554	LPOWMGHPBUAXGD-UHFFFAOYSA-N	IC50	9360.0	9360.0	nM	,PubChem BioAssay data set
193444	P21554	LPVKSDHKJGYFPD-KRWDZBQOSA-N	Ki	10625.0	10625.0	nM	15664857
193459	P21554	LPWHHWPRDQHSCO-UHFFFAOYSA-N	IC50	32.0	32.0	nM	22959249
193486	P21554	LPXBZYACXYOFTH-UHFFFAOYSA-N	EC50	0.0	10000.0	nM	23865723
193632	P21554	LQAQVYYPBXCHMH-UHFFFAOYSA-N	Ki	756.0	756.0	nM	22738271
193804	P21554	LQGWURAEMXARMO-UHFFFAOYSA-N	Ki	0.0	10000.0	nM	16279794
193844	P21554	LQIDSALQLDMRCB-UHFFFAOYSA-N	Inhibition	44.0	44.0	%	23350768
193844	P21554	LQIDSALQLDMRCB-UHFFFAOYSA-N	Ki	0.0	10000.0	nM	23350768
193901	P21554	LQJXIZDVWUFEQP-UHFFFAOYSA-N	EC50	0.0	3162.28	nM	19010671
193901	P21554	LQJXIZDVWUFEQP-UHFFFAOYSA-N	Efficacy	5.0	5.0	%	19010671
194018	P21554	LQOOUNTWEGUOHW-UHFFFAOYSA-N	EC50	0.0	32000.0	nM	,PubChem BioAssay data set
194018	P21554	LQOOUNTWEGUOHW-UHFFFAOYSA-N	IC50	4610.0	4610.0	nM	,PubChem BioAssay data set
194027	P21554	LQPGASJGMFSFJP-UHFFFAOYSA-N	Ki	24.0	24.0	nM	17507224
194160	P21554	LQTJYGFNLAHJMG-UHFFFAOYSA-N	Ki	14.0	14.0	nM	14980654
194399	P21554	LRDHSGYXMWOQNJ-UHFFFAOYSA-N	Ki	0.0	10000.0	nM	24518874
194437	P21554	LRFGNVCBHZJPNK-DEOSSOPVSA-N	IC50	0.9	0.9	nM	21937154
194437	P21554	LRFGNVCBHZJPNK-DEOSSOPVSA-N	IC50	0.9	0.9	nM	21937154
194437	P21554	LRFGNVCBHZJPNK-DEOSSOPVSA-N	Ki	0.2	0.2	nM	21937154
194437	P21554	LRFGNVCBHZJPNK-DEOSSOPVSA-N	Ki	0.2	0.2	nM	21937154
194439	P21554	LRFGNVCBHZJPNK-UHFFFAOYSA-N	EC50	0.87	0.87	nM	20047779
194439	P21554	LRFGNVCBHZJPNK-UHFFFAOYSA-N	IC50	2.7	2.7	nM	20047779,21937154
194439	P21554	LRFGNVCBHZJPNK-UHFFFAOYSA-N	Ki	0.15	0.15	nM	20047779
194439	P21554	LRFGNVCBHZJPNK-UHFFFAOYSA-N	Ki	0.15	0.15	nM	20047779,21937154
194442	P21554	LRFGNVCBHZJPNK-XMMPIXPASA-N	IC50	21.5	21.5	nM	21937154
194442	P21554	LRFGNVCBHZJPNK-XMMPIXPASA-N	IC50	22.0	22.0	nM	21937154
194442	P21554	LRFGNVCBHZJPNK-XMMPIXPASA-N	Ki	1.1	1.1	nM	21937154
194519	P21554	LRGZDKUUAOSQQN-UHFFFAOYSA-N	Activity	94.0	94.0	%	18342403,MedChemComm, (2015) 6:11:1978
194519	P21554	LRGZDKUUAOSQQN-UHFFFAOYSA-N	Ki	1300.0	1300.0	nM	18342403,MedChemComm, (2015) 6:11:1978
194545	P21554	LRHQXIQLHVPUNA-INIZCTEOSA-N	IC50	5000.0	5000.0	nM	22832315
194545	P21554	LRHQXIQLHVPUNA-INIZCTEOSA-N	Inhibition	55.0	55.0	%	22832315
194621	P21554	LRLWPBQFMHEFCW-UHFFFAOYSA-N	Kd	12.59	12.59	nM	20047331
194621	P21554	LRLWPBQFMHEFCW-UHFFFAOYSA-N	Ki	27.0	27.0	nM	20047331
194671	P21554	LRNPKCMRIWOTBE-UHFFFAOYSA-N	Ki	0.0	10000.0	nM	18424134
194676	P21554	LRNWPKUMWXTQRX-KCWXNJEJSA-N	IC50	23.0	23.0	nM	17293109
194687	P21554	LROPOJCXLPZCHL-UHFFFAOYSA-N	IC50	17.0	17.0	nM	19954978
194787	P21554	LRRYERULOJFUIK-UHFFFAOYSA-N	Inhibition	36.0	36.0	%	19736007
194852	P21554	LRUIAANSXIVKQN-UHFFFAOYSA-N	Activity	28.0	28.0	%	16279809
194852	P21554	LRUIAANSXIVKQN-UHFFFAOYSA-N	Activity	28.5	28.5	%	16392827
194862	P21554	LRUUZTQRZXANAR-UHFFFAOYSA-N	Inhibition	0.0	0.0	%	22916707
194862	P21554	LRUUZTQRZXANAR-UHFFFAOYSA-N	Ki	637.0	637.0	nM	22916707
194893	P21554	LRWMOBOBKJNRQR-BTJKTKAUSA-N	Activity	71.0	71.0	%	MedChemComm, (2010) 1:1:54
194893	P21554	LRWMOBOBKJNRQR-BTJKTKAUSA-N	EC50	158.49	158.49	nM	MedChemComm, (2010) 1:1:54,21074434
194896	P21554	LRWQOJYFZBJAOO-UHFFFAOYSA-N	Inhibition	79.0	79.0	%	19520572
194896	P21554	LRWQOJYFZBJAOO-UHFFFAOYSA-N	Ki	2785.0	2785.0	nM	19520572
194937	P21554	LRWWLWUCPPVHCI-UHFFFAOYSA-N	Ki	2299.0	2299.0	nM	19520572
194961	P21554	LRXOAQXBOIZOBP-UHFFFAOYSA-N	Ki	1100.0	1100.0	nM	19091565
195012	P21554	LRZXYARISQFUKT-UHFFFAOYSA-N	EC50	0.7	0.7	nM	19351113
195012	P21554	LRZXYARISQFUKT-UHFFFAOYSA-N	Ki	0.7	0.7	nM	19351113
195012	P21554	LRZXYARISQFUKT-UHFFFAOYSA-N	Ki	0.7	0.7	nM	19351113
195012	P21554	LRZXYARISQFUKT-UHFFFAOYSA-N	Ki	1.4	1.4	nM	19351113
195027	P21554	LSAOZBCBKOHDGZ-UHFFFAOYSA-N	Ki	0.0	10000.0	nM	19921781
195057	P21554	LSBISTWCTQSLSJ-UHFFFAOYSA-N	EC50	0.0	10000.0	nM	18680277
195068	P21554	LSBQHCDWQMFPMK-UHFFFAOYSA-N	Inhibition	12.8	12.8	%	12672243
195121	P21554	LSENZBIVROPMEM-UHFFFAOYSA-N	Activity	30.0	30.0	%	17915849
195209	P21554	LSHSFAITCUQCLP-UHFFFAOYSA-N	Ki	2600.0	2600.0	nM	24378710
195224	P21554	LSIFOXOHYXFJLZ-UHFFFAOYSA-N	Ki	1100.0	1100.0	nM	17507224
195227	P21554	LSIFWWADIGESKN-UIWFPMPVSA-N	Inhibition	26.2	26.2	%	23659286
195439	P21554	LSPWEIAKXAXDEV-UHFFFAOYSA-N	EC50	1500.0	1500.0	nM	23147076
195439	P21554	LSPWEIAKXAXDEV-UHFFFAOYSA-N	Efficacy	105.0	105.0	%	23147076
195537	P21554	LSTDYDRCKUBPDI-UHFFFAOYSA-N	Inhibition	10.0	10.0	%	14521402
195789	P21554	LTBSSBAVSXBADS-ABDCMALPSA-N	Ki	810.0	810.0	nM	24900793
195813	P21554	LTCYWRLZUYNAQC-UHFFFAOYSA-N	IC50	340.0	340.0	nM	18243711
195841	P21554	LTECOPCFMDYHKR-UHFFFAOYSA-N	Ki	0.0	10000.0	nM	20718492,21183257
195868	P21554	LTEYIYVUZFVJDE-WOJBJXKFSA-N	Ki	43.8	43.8	nM	24175572
195916	P21554	LTHKBEZTCNZXHJ-UHFFFAOYSA-N	Activity	115.3	115.3	%	24125850
196013	P21554	LTLZTKVBFKKOAI-WOJBJXKFSA-N	Ki	42.8	42.8	nM	24175572
196082	P21554	LTOMIGDXDJJDTE-UYRXBGFRSA-N	Intrinsic activity	-16.0	-16.0	%	MedChemComm, (2014) 5:5:632
196082	P21554	LTOMIGDXDJJDTE-UYRXBGFRSA-N	Ki	850.0	850.0	nM	MedChemComm, (2014) 5:5:632
196356	P21554	LTZRCLLEOYQAII-UHFFFAOYSA-N	Ki	0.0	3000.0	nM	23151320
196599	P21554	LUIAQRSHMYHZAQ-UHFFFAOYSA-N	IC50	25.0	25.0	nM	18293908
196599	P21554	LUIAQRSHMYHZAQ-UHFFFAOYSA-N	Ki	14.0	14.0	nM	18293908,21183257
196673	P21554	LUKURKKDJASILX-UHFFFAOYSA-N	Ki	0.0	10000.0	nM	11020293
196697	P21554	LULKTONQSBYUON-UHFFFAOYSA-N	Ke	1100.0	1100.0	nM	24944734
196915	P21554	LUTFEJUSDOPSHW-UHFFFAOYSA-N	Ki	1346.0	1346.0	nM	22738271
196983	P21554	LUWILVRLYFAKPQ-UHFFFAOYSA-N	IC50	291.0	291.0	nM	22421019
196983	P21554	LUWILVRLYFAKPQ-UHFFFAOYSA-N	Ki	370.0	370.0	nM	22421019
197247	P21554	LVEVTMWLRZZDCH-BPGUCPLFSA-N	Ki	134.9	134.9	nM	17521177,17980589
197247	P21554	LVEVTMWLRZZDCH-BPGUCPLFSA-N	Ki	136.0	136.0	nM	17521177
197263	P21554	LVEYNBFOVLRQTM-UHFFFAOYSA-N	IC50	1.9	1.9	nM	20015647
197263	P21554	LVEYNBFOVLRQTM-UHFFFAOYSA-N	IC50	2.0	2.0	nM	20015647
197263	P21554	LVEYNBFOVLRQTM-UHFFFAOYSA-N	IC50	3.6	3.6	nM	20015647
197532	P21554	LVQLXZWACOKCSL-UHFFFAOYSA-N	Ki	790.0	790.0	nM	19921781
197532	P21554	LVQLXZWACOKCSL-UHFFFAOYSA-N	Ki	794.33	794.33	nM	19921781
197843	P21554	LVZGNYLALXQLCQ-FDDCHVKYSA-N	IC50	49.0	49.0	nM	19632830
197916	P21554	LWCGZHHGJNYEBR-UHFFFAOYSA-N	Ke	78.0	78.0	nM	22372835
197916	P21554	LWCGZHHGJNYEBR-UHFFFAOYSA-N	Ki	14.7	14.7	nM	22372835
198022	P21554	LWGLRJNLSYGTFW-UHFFFAOYSA-N	EC50	125.89	125.89	nM	21316962,22421020
198022	P21554	LWGLRJNLSYGTFW-UHFFFAOYSA-N	Ki	3.98	3.98	nM	22421020
198022	P21554	LWGLRJNLSYGTFW-UHFFFAOYSA-N	Ki	3.981	3.981	nM	22421020
198024	P21554	LWGMCCRZWULJJR-UHFFFAOYSA-N	EC50	330.0	330.0	nM	18680277
198024	P21554	LWGMCCRZWULJJR-UHFFFAOYSA-N	EC50	1200.0	1200.0	nM	18680277
198024	P21554	LWGMCCRZWULJJR-UHFFFAOYSA-N	Emax	24.0	24.0	%	18680277
198024	P21554	LWGMCCRZWULJJR-UHFFFAOYSA-N	Emax	55.0	55.0	%	18680277
198039	P21554	LWGYIMDRVXONEN-UHFFFAOYSA-N	Inhibition	30.0	30.0	%	MedChemComm, (2014) 5:5:632
198039	P21554	LWGYIMDRVXONEN-UHFFFAOYSA-N	Ki	0.0	10000.0	nM	MedChemComm, (2014) 5:5:632
198059	P21554	LWHVVWUMGMJTKU-UHFFFAOYSA-N	IC50	398.0	398.0	nM	22421019
198059	P21554	LWHVVWUMGMJTKU-UHFFFAOYSA-N	Ki	425.0	425.0	nM	22421019
198098	P21554	LWJMRSYDIYWZOL-KHPPLWFESA-N	Ki	300.0	300.0	nM	16213718
198098	P21554	LWJMRSYDIYWZOL-KHPPLWFESA-N	Ki	400.0	400.0	nM	16213718
198251	P21554	LWPHMYDSUBVSCJ-UHFFFAOYSA-N	Ki	0.0	1000.0	nM	17507224
198409	P21554	LWUSZIVDPJPVBW-UHFFFAOYSA-N	Ki	48.3	48.3	nM	21880487,21183257
198423	P21554	LWVHBUZLONVGCX-UHFFFAOYSA-N	EC50	12.1	12.1	nM	18712856
198423	P21554	LWVHBUZLONVGCX-UHFFFAOYSA-N	IC50	1.2	1.2	nM	18712856
198423	P21554	LWVHBUZLONVGCX-UHFFFAOYSA-N	IC50	2.3	2.3	nM	18712856
198534	P21554	LWZGXMGCJIJOAX-FQEVSTJZSA-N	Ke	206.0	206.0	nM	22372835
198535	P21554	LWZGXMGCJIJOAX-HXUWFJFHSA-N	Ke	268.0	268.0	nM	22372835
198549	P21554	LWZPALMHAHIKPW-UHFFFAOYSA-N	Ki	0.0	10000.0	nM	22738271
198704	P21554	LXFIHJWTYGZELH-BVZFJXPGSA-N	Ki	5.0	5.0	nM	20018510
198706	P21554	LXFIHJWTYGZELH-UHFFFAOYSA-N	Ki	5.0	5.0	nM	20018510
198749	P21554	LXHJQKRDYPVDAL-UHFFFAOYSA-N	Kd	2.512	2.512	nM	15771428
198749	P21554	LXHJQKRDYPVDAL-UHFFFAOYSA-N	Ki	29.0	29.0	nM	15771428
198772	P21554	LXIGKLBRCLUENK-UHFFFAOYSA-N	Ki	0.0	3467.37	nM	18311894
198772	P21554	LXIGKLBRCLUENK-UHFFFAOYSA-N	Ki	0.0	3500.0	nM	18311894
198795	P21554	LXIZCYKFRPCCJS-UHFFFAOYSA-N	Activity	0.0	50.0	%	19331413
198795	P21554	LXIZCYKFRPCCJS-UHFFFAOYSA-N	Ki	50.0	50.0	nM	19331413
198795	P21554	LXIZCYKFRPCCJS-UHFFFAOYSA-N	Ki	50.12	50.12	nM	19331413
198795	P21554	LXIZCYKFRPCCJS-UHFFFAOYSA-N	Ki	56.0	56.0	nM	19331413
198862	P21554	LXLRSNKIIULUPH-UHFFFAOYSA-N	IC50	0.0	10000.0	nM	22571451
198862	P21554	LXLRSNKIIULUPH-UHFFFAOYSA-N	Inhibition	19.6	19.6	%	22571451
198888	P21554	LXMWJJLAVBIJKA-IBGZPJMESA-N	Kd	398.11	398.11	nM	20137935
198888	P21554	LXMWJJLAVBIJKA-IBGZPJMESA-N	Ki	463.0	463.0	nM	20137935
198891	P21554	LXMWJJLAVBIJKA-LJQANCHMSA-N	Kd	1.0	1.0	nM	20137935
198891	P21554	LXMWJJLAVBIJKA-LJQANCHMSA-N	Ki	42.0	42.0	nM	20137935
198892	P21554	LXMWJJLAVBIJKA-UHFFFAOYSA-N	Kd	0.631	0.631	nM	20137935,19699640
198892	P21554	LXMWJJLAVBIJKA-UHFFFAOYSA-N	Ki	12.2	12.2	nM	20137935,19699640
199039	P21554	LXVHOKDHTVTNLJ-UHFFFAOYSA-N	Ki	680.0	680.0	nM	21428406
199118	P21554	LXZCMVGUABCQHB-UHFFFAOYSA-N	Ki	996.0	996.0	nM	18680276,21183257
199176	P21554	LYBWONHSUPIBOF-FIRLOTFOSA-N	IC50	0.0	17000.0	nM	21420857
199301	P21554	LYGRHTQELOUVEF-UHFFFAOYSA-N	Kd	1.259	1.259	nM	16140010
199301	P21554	LYGRHTQELOUVEF-UHFFFAOYSA-N	Ki	155.0	155.0	nM	16140010,21511945
199552	P21554	LYOSBZRAIUENPE-HSZRJFAPSA-N	Ki	4315.0	4315.0	nM	18522867
199606	P21554	LYQAMNVBFGVZHY-UHFFFAOYSA-N	EC50	0.0	100000.0	nM	23795771
199766	P21554	LYXKAOOQSNYNDL-UHFFFAOYSA-N	IC50	50.0	50.0	nM	18293908
199766	P21554	LYXKAOOQSNYNDL-UHFFFAOYSA-N	Ki	28.0	28.0	nM	18293908
199784	P21554	LYYAOAAEQUTERQ-GOSISDBHSA-N	EC50	51.4	51.4	nM	22607668
199784	P21554	LYYAOAAEQUTERQ-GOSISDBHSA-N	Emax	116.0	116.0	%	22607668
199784	P21554	LYYAOAAEQUTERQ-GOSISDBHSA-N	Ki	29.3	29.3	nM	22607668
199785	P21554	LYYAOAAEQUTERQ-SFHVURJKSA-N	Ki	576.0	576.0	nM	22607668
199786	P21554	LYYAOAAEQUTERQ-UHFFFAOYSA-N	EC50	78.9	78.9	nM	22607668
199786	P21554	LYYAOAAEQUTERQ-UHFFFAOYSA-N	Emax	121.0	121.0	%	22607668
199786	P21554	LYYAOAAEQUTERQ-UHFFFAOYSA-N	Ki	53.7	53.7	nM	22607668
199789	P21554	LYYFSBQHOLAWII-UHFFFAOYSA-N	Activity	111.9	111.9	%	22571451
199789	P21554	LYYFSBQHOLAWII-UHFFFAOYSA-N	EC50	0.0	10000.0	nM	22571451
199789	P21554	LYYFSBQHOLAWII-UHFFFAOYSA-N	EC50	4580.0	4580.0	nM	26203658
199789	P21554	LYYFSBQHOLAWII-UHFFFAOYSA-N	EC50	4990.0	4990.0	nM	26203658
199789	P21554	LYYFSBQHOLAWII-UHFFFAOYSA-N	EC50	7370.0	7370.0	nM	26203658
199789	P21554	LYYFSBQHOLAWII-UHFFFAOYSA-N	EC50	8960.0	8960.0	nM	26203658
199791	P21554	LYYMDSUUZZBFPN-UHFFFAOYSA-N	EC50	1.7	1.7	nM	23227781
199791	P21554	LYYMDSUUZZBFPN-UHFFFAOYSA-N	Emax	57.0	57.0	%	23227781
199791	P21554	LYYMDSUUZZBFPN-UHFFFAOYSA-N	IC50	0.85	0.85	nM	23227781
199791	P21554	LYYMDSUUZZBFPN-UHFFFAOYSA-N	IC50	0.85	0.85	nM	23227781
199837	P21554	LZADLJBNKIHWSG-UHFFFAOYSA-N	Activity	40.0	40.0	%	23697626
199837	P21554	LZADLJBNKIHWSG-UHFFFAOYSA-N	Ki	0.0	10000.0	nM	23697626
199923	P21554	LZCUWHSBVJZZNX-UHFFFAOYSA-N	Ke	89.0	89.0	nM	22372835
199923	P21554	LZCUWHSBVJZZNX-UHFFFAOYSA-N	Ki	614.0	614.0	nM	22372835
200041	P21554	LZHCSJBKBARIFQ-MTVZMXCXSA-N	Ki	20.0	20.0	nM	19361197
200043	P21554	LZHCSJBKBARIFQ-NFCFDWBMSA-N	Ki	14.0	14.0	nM	19361197
200043	P21554	LZHCSJBKBARIFQ-NFCFDWBMSA-N	Ki	27.0	27.0	nM	19361197
200044	P21554	LZHCSJBKBARIFQ-NILUWUTCSA-N	Ki	28.0	28.0	nM	19361197
200049	P21554	LZHCSJBKBARIFQ-OXAAUTCPSA-N	Ki	11.0	11.0	nM	19361197
200049	P21554	LZHCSJBKBARIFQ-OXAAUTCPSA-N	Ki	32.0	32.0	nM	19361197
200108	P21554	LZJGVMWZHJLDFT-UHFFFAOYSA-N	EC50	0.0	1000.0	nM	18680277
200108	P21554	LZJGVMWZHJLDFT-UHFFFAOYSA-N	EC50	211.0	211.0	nM	18680277
200108	P21554	LZJGVMWZHJLDFT-UHFFFAOYSA-N	Emax	38.0	38.0	%	18680277
200108	P21554	LZJGVMWZHJLDFT-UHFFFAOYSA-N	Emax	47.0	47.0	%	18680277
200160	P21554	LZLCJWHUCAXUOX-UHFFFAOYSA-N	Ki	23.0	23.0	nM	22341572
200341	P21554	LZTAORLDFXDEFJ-UHFFFAOYSA-N	EC50	0.0	20000.0	nM	21354795
200463	P21554	LZYLXHWIPFCZKO-UHFFFAOYSA-N	Kd	0.7943	0.7943	nM	15771428
200463	P21554	LZYLXHWIPFCZKO-UHFFFAOYSA-N	Ki	19.0	19.0	nM	15771428
200494	P21554	LZZKNLOYWWIEDR-UHFFFAOYSA-N	IC50	100.0	100.0	nM	22959249
200494	P21554	LZZKNLOYWWIEDR-UHFFFAOYSA-N	Kd	10.0	10.0	nM	14736243
200494	P21554	LZZKNLOYWWIEDR-UHFFFAOYSA-N	Ki	22.9	22.9	nM	14736243
200518	P21554	MAAGUWONZDCLSO-GOSISDBHSA-N	EC50	1.9	1.9	nM	22607668
200518	P21554	MAAGUWONZDCLSO-GOSISDBHSA-N	Emax	106.0	106.0	%	22607668
200518	P21554	MAAGUWONZDCLSO-GOSISDBHSA-N	Ki	4.2	4.2	nM	22607668
200519	P21554	MAAGUWONZDCLSO-SFHVURJKSA-N	EC50	24.2	24.2	nM	22607668
200519	P21554	MAAGUWONZDCLSO-SFHVURJKSA-N	Emax	106.0	106.0	%	22607668
200519	P21554	MAAGUWONZDCLSO-SFHVURJKSA-N	Ki	17.3	17.3	nM	22607668
200520	P21554	MAAGUWONZDCLSO-UHFFFAOYSA-N	EC50	6.2	6.2	nM	22607668
200520	P21554	MAAGUWONZDCLSO-UHFFFAOYSA-N	Emax	106.0	106.0	%	22607668
200520	P21554	MAAGUWONZDCLSO-UHFFFAOYSA-N	Ki	7.3	7.3	nM	22607668
200550	P21554	MABUNEOPQJBFKT-UHFFFAOYSA-N	Ki	91.0	91.0	nM	22738271
200766	P21554	MAKMSSOVIHZPJK-UHFFFAOYSA-N	Ki	99.0	99.0	nM	19595596
200782	P21554	MAKUUSXZRYVVJQ-UHFFFAOYSA-N	IC50	1.1	1.1	nM	19328684
200920	P21554	MAQNHGITWZWAKE-UHFFFAOYSA-N	EC50	0.0	10000.0	nM	23147076
200957	P21554	MARHTPKNYNUSKT-UHFFFAOYSA-N	Ki	0.0	10000.0	nM	22370265
201126	P21554	MAYDFCJISPPVAE-UHFFFAOYSA-N	Activity	23.0	23.0	%	16279809
201245	P21554	MBDFEYSTWDVXOJ-UHFFFAOYSA-N	Ke	132.0	132.0	nM	23098108
201245	P21554	MBDFEYSTWDVXOJ-UHFFFAOYSA-N	Ki	28.0	28.0	nM	23098108
201288	P21554	MBEJBOCHGXPBEU-UHFFFAOYSA-N	Ki	600.0	600.0	nM	24729834
201341	P21554	MBGGRVMULJWIHO-UHFFFAOYSA-N	Activity	41.0	41.0	%	17915849
201547	P21554	MBPQEOSRDRLVBB-UHFFFAOYSA-N	Ki	1400.0	1400.0	nM	24729834
201579	P21554	MBQTZZWESGSTGX-UHFFFAOYSA-N	Ki	0.0	10000.0	nM	22548457
201696	P21554	MBVAYSNOUKPZOL-UHFFFAOYSA-N	Activity	15.0	15.0	%	23697626
201696	P21554	MBVAYSNOUKPZOL-UHFFFAOYSA-N	Ki	0.0	10000.0	nM	23697626
201957	P21554	MCGIWMYXNXWIGG-UHFFFAOYSA-N	IC50	0.6	0.6	nM	20423086
202101	P21554	MCLDRTREOJASMB-UHFFFAOYSA-N	Kd	1.585	1.585	nM	20363132
202101	P21554	MCLDRTREOJASMB-UHFFFAOYSA-N	Ki	10.0	10.0	nM	20363132
202208	P21554	MCNQUWLLXZZZAC-BJUDXGSMSA-N	Activity	0.6	0.6	-	18511157
202209	P21554	MCNQUWLLXZZZAC-UHFFFAOYSA-N	Ki	11.0	11.0	nM	18511157
202355	P21554	MCULMARMAXIZPR-UHFFFAOYSA-N	EC50	1500.0	1500.0	nM	19320488
202355	P21554	MCULMARMAXIZPR-UHFFFAOYSA-N	IC50	9700.0	9700.0	nM	19320488
202441	P21554	MCYSYVGXDRTALC-UHFFFAOYSA-N	Ki	638.0	638.0	nM	,Bioorg. Med. Chem. Lett., (1996) 6:19:2263
202444	P21554	MCYVKBDOPICHID-UHFFFAOYSA-N	Ki	280.0	280.0	nM	14736243
202446	P21554	MCYVKBDOPICHID-ZZIIXHQDSA-N	Kd	3.162	3.162	nM	14736243
202446	P21554	MCYVKBDOPICHID-ZZIIXHQDSA-N	Ki	280.0	280.0	nM	14736243
202579	P21554	MDCYCOKLZVSKNZ-UHFFFAOYSA-N	Ki	109.0	109.0	nM	24936232
202843	P21554	MDNGVPOVESSODT-UHFFFAOYSA-N	Kd	1.0	1.0	nM	20363132
202843	P21554	MDNGVPOVESSODT-UHFFFAOYSA-N	Ki	13.0	13.0	nM	20363132
202849	P21554	MDNMVLSUAGMWOK-UHFFFAOYSA-N	Inhibition	50.0	50.0	%	18363352
202849	P21554	MDNMVLSUAGMWOK-UHFFFAOYSA-N	Ki	451.5	451.5	nM	18363352
202868	P21554	MDOBJONQPGVSDD-UHFFFAOYSA-N	IC50	89.0	89.0	nM	17270441
203037	P21554	MDUHZJCHFSUEGU-UHFFFAOYSA-N	EC50	790.6	790.6	nM	23085772
203037	P21554	MDUHZJCHFSUEGU-UHFFFAOYSA-N	Emax	55.8	55.8	%	23085772
203037	P21554	MDUHZJCHFSUEGU-UHFFFAOYSA-N	Ki	420.0	420.0	nM	23085772
203048	P21554	MDUUCQWIJPWQQY-UHFFFAOYSA-N	EC50	39.81	39.81	nM	21316962
203048	P21554	MDUUCQWIJPWQQY-UHFFFAOYSA-N	Ki	3.98	3.98	nM	21316962
203048	P21554	MDUUCQWIJPWQQY-UHFFFAOYSA-N	Ki	3.981	3.981	nM	21316962
203058	P21554	MDVGMAPEPUWGRF-UHFFFAOYSA-N	Ki	0.0	20000.0	nM	23072339
203061	P21554	MDVQABZPIQBGMA-UHFFFAOYSA-N	EC50	50.7	50.7	nM	19095444
203061	P21554	MDVQABZPIQBGMA-UHFFFAOYSA-N	IC50	11.6	11.6	nM	19095444
203106	P21554	MDXFMWMSCNORCG-YUZOCMECSA-N	Ki	2.74	2.74	nM	17827022
203216	P21554	MEBKWTDHNAIEFS-UHFFFAOYSA-N	IC50	19.0	19.0	nM	17270441
203220	P21554	MEBSEJXSUQGXAP-FGZHOGPDSA-N	Ki	3035.0	3035.0	nM	24175572
203238	P21554	MEBYDATXPNEUSM-UHFFFAOYSA-N	Inhibition	18.0	18.0	%	20875743
203250	P21554	MEBZVMXZXFKHJS-UHFFFAOYSA-N	Inhibition	3.3	3.3	%	12672243
203330	P21554	MEETXXBYCWNNFR-UHFFFAOYSA-N	EC50	0.0	50000.0	nM	23865723
203385	P21554	MEGNNDVFUGZONN-UQBPGWFLSA-N	IC50	0.77	0.77	nM	17608398
203449	P21554	MEJPFDSDXIJBSI-UHFFFAOYSA-N	IC50	0.58	0.58	nM	20096577
203617	P21554	MEQFGAHLVVEHPA-UHFFFAOYSA-N	Ki	120.0	120.0	nM	17507224
203628	P21554	MEQSBZUEHSGFIK-UHFFFAOYSA-N	EC50	51.4	51.4	nM	18712856
203628	P21554	MEQSBZUEHSGFIK-UHFFFAOYSA-N	IC50	65.4	65.4	nM	18712856
203721	P21554	MEUQWHZOUDZXHH-UHFFFAOYSA-N	IC50	453.0	453.0	nM	17582659
203766	P21554	MEVYMDOLNBEXMQ-UHFFFAOYSA-N	Ki	83.0	83.0	nM	19351113
203777	P21554	MEWJSKBKQBTZIF-UHFFFAOYSA-N	Ki	0.0	10000.0	nM	21872477
203849	P21554	MEZJPTGWTFTVRO-UHFFFAOYSA-N	Ki	2600.0	2600.0	nM	17604171
203873	P21554	MFACDIQCEXNDKV-UHFFFAOYSA-N	Ki	1600.0	1600.0	nM	18579386
204062	P21554	MFHVXZORFVWLAQ-UHFFFAOYSA-N	EC50	104.8	104.8	nM	18712856
204062	P21554	MFHVXZORFVWLAQ-UHFFFAOYSA-N	IC50	21.0	21.0	nM	18712856
204073	P21554	MFICBBWNFIHARA-UHFFFAOYSA-N	IC50	28.2	28.2	nM	20045337
204202	P21554	MFMYBHHGKONKNN-UHFFFAOYSA-N	EC50	0.0	3162.28	nM	19010671
204202	P21554	MFMYBHHGKONKNN-UHFFFAOYSA-N	Efficacy	5.0	5.0	%	19010671
204224	P21554	MFOCUTXGCSWPHV-AVBDLTBHSA-N	Ki	480.0	480.0	nM	20718492
204227	P21554	MFOCUTXGCSWPHV-VIPOUTBXSA-N	Ki	480.0	480.0	nM	21183257
204288	P21554	MFRIYTWAZMUFJF-UHFFFAOYSA-N	IC50	260.0	260.0	nM	15713403
204475	P21554	MFXAMPGHPZUHRQ-UUOWRZLLSA-N	Ki	451.0	451.0	nM	20018510
204534	P21554	MFYYUKISGBGOGR-HNNXBMFYSA-N	Ki	235.0	235.0	nM	15664857
204614	P21554	MGCZJUCCELATGK-UHFFFAOYSA-N	Ki	30.0	30.0	nM	19351113
204701	P21554	MGHJGZDFKZPCBF-UHFFFAOYSA-N	IC50	3.8	3.8	nM	20015647
204752	P21554	MGJMAZRUTZKUAL-RZUBCFFCSA-N	Emax	78.0	78.0	%	21420857
204752	P21554	MGJMAZRUTZKUAL-RZUBCFFCSA-N	IC50	0.0	17000.0	nM	21420857
204752	P21554	MGJMAZRUTZKUAL-RZUBCFFCSA-N	IC50	5020.0	5020.0	nM	21420857
204799	P21554	MGLIKSZSFISFMY-RTBURBONSA-N	Ki	1720.0	1720.0	nM	20079638
204814	P21554	MGMPNYZTTXRVSI-UHFFFAOYSA-N	Ki	218.0	218.0	nM	19595596
205042	P21554	MGUXHEBJHNTCRL-UHFFFAOYSA-N	Ki	800.0	800.0	nM	22483967
205067	P21554	MGVPNNQPGPPABO-UHFFFAOYSA-N	Ki	29.7	29.7	nM	20718492
205351	P21554	MHEYMSXHCJXKMK-UHFFFAOYSA-N	Ki	965.7	965.7	nM	21996466
205736	P21554	MHQZSJOVNZQMTO-UHFFFAOYSA-N	IC50	6.0	6.0	nM	15664830
205751	P21554	MHRHURBQZMUUAD-UHFFFAOYSA-N	Ki	3800.0	3800.0	nM	19919895
205916	P21554	MHXCSCGWSMXWKK-UHFFFAOYSA-N	IC50	26.0	26.0	nM	16263284
205975	P21554	MHZPQXNOHIORFI-GQCTYLIASA-N	Ki	0.0	5000.0	nM	21867920
205982	P21554	MHZYZWDNQXPCRN-UHFFFAOYSA-N	Activity	115.2	115.2	%	22571451
205982	P21554	MHZYZWDNQXPCRN-UHFFFAOYSA-N	EC50	0.0	10000.0	nM	22571451
206011	P21554	MIAWUKVACKCINL-AWEZNQCLSA-N	Ki	14.4	14.4	nM	17466519
206037	P21554	MIBQBFVAZRBAFD-UHFFFAOYSA-N	EC50	0.0	20000.0	nM	21354795
206224	P21554	MIILUVBXPPKGDE-FYZYNONXSA-N	EC50	19.95	19.95	nM	21074434
206386	P21554	MIQCJUOSZDCDIS-CISYCMJJSA-N	IC50	0.0	1000.0	nM	22959249
206416	P21554	MISAUEYTHAYICN-UHFFFAOYSA-N	Activity	22.0	22.0	%	23697626
206416	P21554	MISAUEYTHAYICN-UHFFFAOYSA-N	Ki	0.0	10000.0	nM	23697626
206462	P21554	MITZTRNYXFKKKQ-UHFFFAOYSA-N	EC50	0.0	32000.0	nM	PubChem BioAssay data set
206462	P21554	MITZTRNYXFKKKQ-UHFFFAOYSA-N	IC50	4440.0	4440.0	nM	,PubChem BioAssay data set
206534	P21554	MIWLZYLGNNNLCT-UHFFFAOYSA-N	EC50	10000.0	0.0	nM	17027269
206534	P21554	MIWLZYLGNNNLCT-UHFFFAOYSA-N	IC50	3162.0	3162.0	nM	17027269
206534	P21554	MIWLZYLGNNNLCT-UHFFFAOYSA-N	IC50	3162.28	3162.28	nM	17027269
206595	P21554	MIYHSWOLOIVKNM-HNNXBMFYSA-N	Ki	1.4	1.4	nM	17466519
206737	P21554	MJFGHAQGSHOELV-UHFFFAOYSA-N	Ki	345.0	345.0	nM	19595596
206961	P21554	MJLVEHGDNFWHFO-XKIQXPFDSA-N	Ki	1866.9	1866.9	nM	23085772
207068	P21554	MJPHWVJHMTWHPX-UHFFFAOYSA-N	IC50	5.8	5.8	nM	15664830
207070	P21554	MJPHZXIWWOTKGT-UHFFFAOYSA-N	EC50	0.0	10000.0	nM	23147076
207454	P21554	MKEFXWPVEOSDAH-UHFFFAOYSA-N	IC50	3100.0	3100.0	nM	15713403
207474	P21554	MKEVILUGWLNIKD-UHFFFAOYSA-N	Ki	55.0	55.0	nM	24518874
207557	P21554	MKHRIWOFCWQUPT-IAGOWNOFSA-N	Ki	616.0	616.0	nM	20079638
207764	P21554	MKOCWWZXSVIVFC-UHFFFAOYSA-N	EC50	39.0	39.0	nM	21115245
207971	P21554	MKVPTJLTRWCDOY-UHFFFAOYSA-N	Ki	3952.0	3952.0	nM	22444677
208005	P21554	MKWYNMOMAKOQKY-UHFFFAOYSA-N	Ki	10.2	10.2	nM	22738271
208199	P21554	MLCMEJXDYUTCBX-UHFFFAOYSA-N	Kd	20.42	20.42	nM	20845959
208199	P21554	MLCMEJXDYUTCBX-UHFFFAOYSA-N	Ke	502.6	502.6	nM	20845959
208199	P21554	MLCMEJXDYUTCBX-UHFFFAOYSA-N	Ki	19.5	19.5	nM	20845959
208199	P21554	MLCMEJXDYUTCBX-UHFFFAOYSA-N	Ki	46.7	46.7	nM	20845959
208202	P21554	MLCNCVBBXLTIHF-UHFFFAOYSA-N	Ki	5.0	5.0	nM	19683918
208244	P21554	MLDUENUKSLQMMZ-FGZHOGPDSA-N	Ki	0.0	3000.0	nM	20079638
208350	P21554	MLHWGNKOTOBZKF-UHFFFAOYSA-N	IC50	0.0	5000.0	nM	22959249
208376	P21554	MLIUFQYSJQPLPY-UHFFFAOYSA-N	EC50	0.0	31622.8	nM	20005703
208448	P21554	MLLKJQJPAAWFLN-UHFFFAOYSA-N	IC50	16.0	16.0	nM	15713403
208732	P21554	MLXAGNPFIQLVNQ-UHFFFAOYSA-N	IC50	25.0	25.0	nM	17270441
208750	P21554	MLXWYXQUJZAWMS-UHFFFAOYSA-N	EC50	27.9	27.9	nM	20845959
208750	P21554	MLXWYXQUJZAWMS-UHFFFAOYSA-N	Emax	6.5	6.5	%	20845959
208750	P21554	MLXWYXQUJZAWMS-UHFFFAOYSA-N	Kd	17.38	17.38	nM	20845959
208750	P21554	MLXWYXQUJZAWMS-UHFFFAOYSA-N	Ke	4165.0	4165.0	nM	20845959
208750	P21554	MLXWYXQUJZAWMS-UHFFFAOYSA-N	Ki	54.1	54.1	nM	20845959
208750	P21554	MLXWYXQUJZAWMS-UHFFFAOYSA-N	Ki	57.4	57.4	nM	20845959
208754	P21554	MLYDGRHRYQHKAO-UHFFFAOYSA-N	Ki	4968.0	4968.0	nM	16451053
208787	P21554	MLZSFBBPARUGFA-UHFFFAOYSA-N	IC50	31.0	31.0	nM	15664830
208831	P21554	MMBXLZMYPLTHBU-UHFFFAOYSA-N	EC50	2.8	2.8	nM	19320488
208831	P21554	MMBXLZMYPLTHBU-UHFFFAOYSA-N	IC50	230.0	230.0	nM	19320488
208870	P21554	MMCXZFJBICWBED-JOCHJYFZSA-N	Inhibition	6.0	6.0	%	23384387
208965	P21554	MMHGPBDLBAEOQP-UHFFFAOYSA-N	IC50	0.0	17000.0	nM	21420860
209069	P21554	MMKZUMQWHYJFRZ-UHFFFAOYSA-N	EC50	0.0	3162.28	nM	19010671
209069	P21554	MMKZUMQWHYJFRZ-UHFFFAOYSA-N	Efficacy	10.0	0.0	%	19010671
209325	P21554	MMUASABJIUTYHM-UHFFFAOYSA-N	Ki	556.0	556.0	nM	19921781
209325	P21554	MMUASABJIUTYHM-UHFFFAOYSA-N	Ki	562.34	562.34	nM	19921781
209362	P21554	MMVQHFSDJUXBKM-UHFFFAOYSA-N	IC50	26.0	26.0	nM	20015647
209388	P21554	MMWRZZIWYYZCBC-UHFFFAOYSA-N	Activity	48.0	48.0	%	18342403
209422	P21554	MMYHWSSYVWCYBE-UHFFFAOYSA-N	Ki	0.0	3000.0	nM	23151320
209547	P21554	MNDCLIWVYAIYDM-UHFFFAOYSA-N	Ki	2520.0	2520.0	nM	18680276,21183257
209559	P21554	MNDIRIBQUNTRFA-QFIPXVFZSA-N	Ki	1490.0	1490.0	nM	23085772
209573	P21554	MNEIHVZSHOPLCE-UHFFFAOYSA-N	Ki	0.0	5000.0	nM	18522867
209906	P21554	MNNZEZWGQJQHEV-UHFFFAOYSA-N	Ki	4550.0	4550.0	nM	23350768
210008	P21554	MNRVLDJGPHVQDJ-UHFFFAOYSA-N	EC50	0.0	1000.0	nM	19062274
210008	P21554	MNRVLDJGPHVQDJ-UHFFFAOYSA-N	EC50	1680.0	1680.0	nM	19062274
210008	P21554	MNRVLDJGPHVQDJ-UHFFFAOYSA-N	Emax	47.0	47.0	%	19062274
210095	P21554	MNUYZVNTMQHNEW-UHFFFAOYSA-N	Activity	70.0	70.0	%	16279809
210095	P21554	MNUYZVNTMQHNEW-UHFFFAOYSA-N	Ki	2900.0	2900.0	nM	16279809
210248	P21554	MOBIXVNYQACBLX-UHFFFAOYSA-N	Ki	503.0	503.0	nM	,20137936,None
210255	P21554	MOBRNYCBEKVFQX-NHCUHLMSSA-N	Ki	3.13	3.13	nM	18524604,19250829
210262	P21554	MOBWRRIAIHYXLB-UHFFFAOYSA-N	Ki	5.495	5.495	nM	19921781
210262	P21554	MOBWRRIAIHYXLB-UHFFFAOYSA-N	Ki	5.5	5.5	nM	19921781
210466	P21554	MOKPPJCLOFMZMS-UHFFFAOYSA-N	IC50	3.4	3.4	nM	15664830
210474	P21554	MOLFFFRLZHZCTJ-UHFFFAOYSA-N	Ke	11.0	11.0	nM	23098108
210474	P21554	MOLFFFRLZHZCTJ-UHFFFAOYSA-N	Ki	1.5	1.5	nM	23098108
210480	P21554	MOLODZCQCVJUJQ-UHFFFAOYSA-N	Ki	12.0	12.0	nM	19595596
210529	P21554	MONBOUGJEZMTMC-UXODFTBXSA-N	Ki	34.9	34.9	nM	19250829
210630	P21554	MORHMPJDRCOPKR-UHFFFAOYSA-N	IC50	443.0	443.0	nM	18243711
210639	P21554	MORUSKYOVHFQPY-UHFFFAOYSA-N	Ki	263.0	263.0	nM	17884494
210652	P21554	MOSIJYALUGKDKL-UHFFFAOYSA-N	EC50	0.0	17000.0	nM	24461289
210716	P21554	MOUPSUCXVQAACD-HZFOSRTRSA-N	Ki	38.6	38.6	nM	23085772
210962	P21554	MPCLARAFXPQZQF-FCHUYYIVSA-N	IC50	20.0	20.0	nM	19320488
211130	P21554	MPIOCGKQQUDDLT-UHFFFAOYSA-N	Inhibition	29.2	29.2	%	19095444
211229	P21554	MPLSJVAMFMAOKU-UHFFFAOYSA-N	Ki	30.5	30.5	nM	18680276,23085772
211229	P21554	MPLSJVAMFMAOKU-UHFFFAOYSA-N	Ki	31.0	31.0	nM	26756097
211229	P21554	MPLSJVAMFMAOKU-UHFFFAOYSA-N	Kieq	30.5	30.5	nM	26756097
211312	P21554	MPPJMMCYRBGWRT-UHFFFAOYSA-N	Ki	0.05	0.05	nM	24900484
211312	P21554	MPPJMMCYRBGWRT-UHFFFAOYSA-N	Ki	0.59	0.59	nM	24900484
211379	P21554	MPSFAQUHJKNCCE-UHFFFAOYSA-N	IC50	0.0	32000.0	nM	PubChem BioAssay data set
211387	P21554	MPSGYMNNAPVFRL-UHFFFAOYSA-N	Ki	0.0	3000.0	nM	23151320
211431	P21554	MPUBOOZTCLFQDW-UHFFFAOYSA-N	Inhibition	18.0	18.0	%	19919895
211435	P21554	MPUHRMVUUZAIMH-UHFFFAOYSA-N	EC50	50.0	50.0	nM	22284817
211435	P21554	MPUHRMVUUZAIMH-UHFFFAOYSA-N	Emax	109.0	109.0	%	22284817
211435	P21554	MPUHRMVUUZAIMH-UHFFFAOYSA-N	Ki	36.0	36.0	nM	22284817
211618	P21554	MQCJOLBKKYPKTB-UHFFFAOYSA-N	Ki	6.31	6.31	nM	21885167
211721	P21554	MQHICJVDYIXPEL-UHFFFAOYSA-N	Ki	0.0	1000.0	nM	23151320
211789	P21554	MQJXJQTUPITOHG-PABFRNLHSA-N	Activity	0.0	10.0	%	21074998
211789	P21554	MQJXJQTUPITOHG-PABFRNLHSA-N	IC50	0.0	10000.0	nM	21074998
211789	P21554	MQJXJQTUPITOHG-PABFRNLHSA-N	Ki	0.0	10000.0	nM	21074998
211907	P21554	MQPIPCZNBMMMNO-UHFFFAOYSA-N	IC50	41.0	41.0	nM	15664830
211910	P21554	MQPONNJJCYUNBQ-UHFFFAOYSA-N	Ki	0.0	10000.0	nM	19921781
211918	P21554	MQPZPHVVXCSDPG-UHFFFAOYSA-N	Ki	34.4	34.4	nM	20979417
211997	P21554	MQTOKSMFKGKZIF-UHFFFAOYSA-N	IC50	19.0	19.0	nM	20483606
212074	P21554	MQXCAMSGAGAYKD-UHFFFAOYSA-N	Ki	4200.0	4200.0	nM	19921781
212074	P21554	MQXCAMSGAGAYKD-UHFFFAOYSA-N	Ki	4265.8	4265.8	nM	19921781
212086	P21554	MQXIYTFCVNTBIT-UHFFFAOYSA-N	Ki	106.0	106.0	nM	20047779
212114	P21554	MQYRXCMCOGGYRY-UHFFFAOYSA-N	EC50	1.3	1.3	nM	23227781
212114	P21554	MQYRXCMCOGGYRY-UHFFFAOYSA-N	Emax	54.0	54.0	%	23227781
212114	P21554	MQYRXCMCOGGYRY-UHFFFAOYSA-N	IC50	0.97	0.97	nM	23227781
212114	P21554	MQYRXCMCOGGYRY-UHFFFAOYSA-N	IC50	0.97	0.97	nM	23227781
212176	P21554	MRAXIOYVXDJJBP-UHFFFAOYSA-N	Inhibition	95.0	95.0	%	18083560
212176	P21554	MRAXIOYVXDJJBP-UHFFFAOYSA-N	Ki	62.0	62.0	nM	18083560
212224	P21554	MRBHADJNBIAZSC-UHFFFAOYSA-N	Ki	140.0	140.0	nM	19091565
212311	P21554	MRECCTXLXCELBU-BXKMTCNYSA-N	IC50	1.1	1.1	nM	17181138
212311	P21554	MRECCTXLXCELBU-BXKMTCNYSA-N	IC50	1.12	1.12	nM	19406638
212311	P21554	MRECCTXLXCELBU-BXKMTCNYSA-N	IC50	1.47	1.47	nM	18570365
212313	P21554	MRECCTXLXCELBU-UHFFFAOYSA-N	IC50	1.122	1.122	nM	19406638
212511	P21554	MRLOMFVLKPVMAN-UHFFFAOYSA-N	Ki	0.0	20000.0	nM	23406429
212648	P21554	MRRHXWHDUHGATP-UHFFFAOYSA-N	EC50	0.0	3162.28	nM	19010671
212648	P21554	MRRHXWHDUHGATP-UHFFFAOYSA-N	Efficacy	5.0	5.0	%	19010671
212771	P21554	MRWYYDGMZSREKA-UHFFFAOYSA-N	Activity	84.0	84.0	%	18342403
212788	P21554	MRXHARQQENIWRP-UHFFFAOYSA-N	IC50	8.128	8.128	nM	21334892
212788	P21554	MRXHARQQENIWRP-UHFFFAOYSA-N	IC50	8.13	8.13	nM	21334892
212813	P21554	MRYOISZWSFNWSN-UHFFFAOYSA-N	Ki	0.0	10000.0	nM	18424134
212832	P21554	MRZJWUUCORTKQK-UHFFFAOYSA-N	Activity	52.3	52.3	%	17915849
212846	P21554	MRZUOBIFOHQHRD-UHFFFAOYSA-N	Ki	1.3	1.3	nM	21183257
212897	P21554	MSBPILCKUDQJMB-UHFFFAOYSA-N	IC50	1.9	1.9	nM	19954978
213020	P21554	MSGBHLWIPPPINN-UHFFFAOYSA-N	EC50	0.0	31622.8	nM	20005703
213084	P21554	MSJISJDTJJYBFT-UHFFFAOYSA-N	Ki	0.0	10000.0	nM	18680276,26756097,21183257
213084	P21554	MSJISJDTJJYBFT-UHFFFAOYSA-N	Kieq	0.0	10000.0	nM	26756097
213170	P21554	MSMGILWIFGCKCS-UHFFFAOYSA-N	EC50	0.0	32000.0	nM	PubChem BioAssay data set
213170	P21554	MSMGILWIFGCKCS-UHFFFAOYSA-N	IC50	5820.0	5820.0	nM	PubChem BioAssay data set
213224	P21554	MSONOJVDYMPNLV-UHFFFAOYSA-N	Ki	1300.0	1300.0	nM	24378710
213248	P21554	MSPPSJRSMHWSIB-UHFFFAOYSA-N	Activity	41.0	41.0	%	23697626
213248	P21554	MSPPSJRSMHWSIB-UHFFFAOYSA-N	Ki	0.0	10000.0	nM	23697626
213271	P21554	MSQOMIZPPUECAT-UHFFFAOYSA-N	IC50	35.0	35.0	nM	15664830
213338	P21554	MSSSTARAYFRCHI-UHFFFAOYSA-N	Ki	2200.0	2200.0	nM	17507224
213589	P21554	MTCIULBIXFOUOR-UHFFFAOYSA-N	EC50	130.0	130.0	nM	21115245
213632	P21554	MTEFLXYKMHWTNG-UHFFFAOYSA-N	IC50	7.943	7.943	nM	19338356
213632	P21554	MTEFLXYKMHWTNG-UHFFFAOYSA-N	Ki	0.1995	0.1995	nM	19338356
213632	P21554	MTEFLXYKMHWTNG-UHFFFAOYSA-N	Ki	0.2	0.2	nM	19338356
213846	P21554	MTNZVBITSPXYGO-WOJBJXKFSA-N	Ki	0.24	0.24	nM	20079638
213920	P21554	MTQZKYPRMZHIBT-UHFFFAOYSA-N	Ki	309.03	309.03	nM	19921781
213920	P21554	MTQZKYPRMZHIBT-UHFFFAOYSA-N	Ki	310.0	310.0	nM	19921781
213949	P21554	MTSLDTODTZFOKM-UHFFFAOYSA-N	EC50	2400.0	2400.0	nM	18430570
213949	P21554	MTSLDTODTZFOKM-UHFFFAOYSA-N	Ki	1300.0	1300.0	nM	18430570
213958	P21554	MTSXZJMASRYJFC-UHFFFAOYSA-N	Ki	210.0	210.0	nM	19921781
213958	P21554	MTSXZJMASRYJFC-UHFFFAOYSA-N	Ki	213.8	213.8	nM	19921781
214099	P21554	MTYIMKQNRSISNK-UHFFFAOYSA-N	Ki	0.0	10000.0	nM	18424134
214162	P21554	MUAQEKVYFBHQJO-UHFFFAOYSA-N	Ki	29.0	29.0	nM	14980654
214182	P21554	MUBBINBGCICILP-FQEVSTJZSA-N	Ki	3057.0	3057.0	nM	19921781
214182	P21554	MUBBINBGCICILP-FQEVSTJZSA-N	Ki	3090.3	3090.3	nM	19921781
214184	P21554	MUBBINBGCICILP-UHFFFAOYSA-N	Ki	3090.0	3090.0	nM	19921781
214228	P21554	MUCLAFMRBLXCTJ-UHFFFAOYSA-N	EC50	22900.0	22900.0	nM	23795771
214228	P21554	MUCLAFMRBLXCTJ-UHFFFAOYSA-N	Efficacy	67.8	67.8	%	23795771
214355	P21554	MUGUIPZHIXFYJB-UHFFFAOYSA-N	Ki	873.0	873.0	nM	18335976
214682	P21554	MUUVZOGHNGKBJU-UHFFFAOYSA-N	Ki	94.0	94.0	nM	14980654
214734	P21554	MUXBVIPYURGQBT-UHFFFAOYSA-N	Ki	4108.0	4108.0	nM	22738271
214756	P21554	MUXUBRNSJROXHS-FMLNDMEQSA-N	Ki	10000.0	10000.0	nM	21737287
214758	P21554	MUXUBRNSJROXHS-UHFFFAOYSA-N	Ki	10000.0	10000.0	nM	21737287
214821	P21554	MVABSSBGAJVDRS-UHFFFAOYSA-N	Inhibition	19.7	19.7	%	19095444
214851	P21554	MVBCVQCUGBLHOZ-UHFFFAOYSA-N	IC50	460.0	460.0	nM	15664830
214957	P21554	MVEVPDCVOXJVBD-IPNZSQQUSA-N	Ki	0.82	0.82	nM	11960486,10465552
214957	P21554	MVEVPDCVOXJVBD-IPNZSQQUSA-N	Ki	0.82	0.82	nM	10465552
214957	P21554	MVEVPDCVOXJVBD-IPNZSQQUSA-N	Ki	0.82	0.82	nM	11960486
215073	P21554	MVJJGIOLTJZDSD-JXAWBTAJSA-N	Intrinsic activity	-37.0	-37.0	%	MedChemComm, (2014) 5:5:632
215073	P21554	MVJJGIOLTJZDSD-JXAWBTAJSA-N	Ki	1600.0	1600.0	nM	MedChemComm, (2014) 5:5:632
215084	P21554	MVJXAVCGHLLTTE-UHFFFAOYSA-N	IC50	11.0	11.0	nM	17433696
215131	P21554	MVLQCQWQFNEMPZ-UHFFFAOYSA-N	Kd	1.0	1.0	nM	20363132
215131	P21554	MVLQCQWQFNEMPZ-UHFFFAOYSA-N	Ki	12.0	12.0	nM	20363132
215131	P21554	MVLQCQWQFNEMPZ-UHFFFAOYSA-N	Ki	12.2	12.2	nM	20363132
215131	P21554	MVLQCQWQFNEMPZ-UHFFFAOYSA-N	Ki	12.2	12.2	nM	20363132
215144	P21554	MVMBCYNMVFFMSI-UHFFFAOYSA-N	EC50	0.0	30000.0	nM	19743867
215246	P21554	MVNYJLQHGCDXQG-UHFFFAOYSA-N	EC50	2290.0	2290.0	nM	21115245
215275	P21554	MVOOASXFNPWAHT-UHFFFAOYSA-N	EC50	2238.0	2238.0	nM	20845959
215275	P21554	MVOOASXFNPWAHT-UHFFFAOYSA-N	Emax	-32.7	-32.7	%	20845959
215275	P21554	MVOOASXFNPWAHT-UHFFFAOYSA-N	Kd	4.266	4.266	nM	20845959
215275	P21554	MVOOASXFNPWAHT-UHFFFAOYSA-N	Ke	478.3	478.3	nM	20845959
215275	P21554	MVOOASXFNPWAHT-UHFFFAOYSA-N	Ki	17.3	17.3	nM	20845959
215275	P21554	MVOOASXFNPWAHT-UHFFFAOYSA-N	Ki	27.5	27.5	nM	20845959
215413	P21554	MVTRKATTWSOWRH-UHFFFAOYSA-N	IC50	3.5	3.5	nM	20096577
215431	P21554	MVUYLFWDJFHHQJ-UHFFFAOYSA-N	Activity	79.0	79.0	%	18342403,MedChemComm, (2015) 6:11:1978
215470	P21554	MVVWQUKKYBOCHH-UHFFFAOYSA-N	Kd	39.81	39.81	nM	15771428
215470	P21554	MVVWQUKKYBOCHH-UHFFFAOYSA-N	Ki	828.0	828.0	nM	15771428
215702	P21554	MWBISTSXVQCEOK-UHFFFAOYSA-N	Kd	1.995	1.995	nM	16140010
215702	P21554	MWBISTSXVQCEOK-UHFFFAOYSA-N	Ki	60.0	60.0	nM	16140010
215772	P21554	MWFFFBODZBCIIJ-UHFFFAOYSA-N	Ke	78.1	78.1	nM	22372835
215772	P21554	MWFFFBODZBCIIJ-UHFFFAOYSA-N	Ki	187.0	187.0	nM	22372835
215791	P21554	MWFWGBCEXJTOQK-UHFFFAOYSA-N	EC50	217.0	217.0	nM	23147076
215791	P21554	MWFWGBCEXJTOQK-UHFFFAOYSA-N	Efficacy	94.0	94.0	%	23147076
215922	P21554	MWKDKMQXNVKECC-UHFFFAOYSA-N	EC50	472.0	472.0	nM	18640038
215922	P21554	MWKDKMQXNVKECC-UHFFFAOYSA-N	Emax	103.0	103.0	%	18640038
216063	P21554	MWPBOJNFACFIRJ-UHFFFAOYSA-N	Activity	39.0	39.0	%	23697626
216063	P21554	MWPBOJNFACFIRJ-UHFFFAOYSA-N	Ki	0.0	10000.0	nM	23697626
216091	P21554	MWQCBVWCBTUPDQ-HZJYTTRNSA-N	Ki	0.0	1500.0	nM	12166938
216244	P21554	MWVZHPLUCRZUSL-UHFFFAOYSA-N	Ke	171.0	171.0	nM	23098108
216245	P21554	MWVZWGYLMXZUDL-UHFFFAOYSA-N	Activity	50.0	50.0	%	19520572
216245	P21554	MWVZWGYLMXZUDL-UHFFFAOYSA-N	EC50	500.0	500.0	nM	19520572
216245	P21554	MWVZWGYLMXZUDL-UHFFFAOYSA-N	Inhibition	77.0	77.0	%	19520572
216245	P21554	MWVZWGYLMXZUDL-UHFFFAOYSA-N	Ki	611.0	611.0	nM	19520572
216250	P21554	MWWDXQSFHDZMRK-UHFFFAOYSA-N	EC50	320.0	320.0	nM	19328683
216251	P21554	MWWIATPRPDJBIZ-UHFFFAOYSA-N	Ki	605.0	605.0	nM	23697626
216514	P21554	MXHPCVFJFJSCMB-UHFFFAOYSA-N	EC50	170.0	170.0	nM	23227781
216514	P21554	MXHPCVFJFJSCMB-UHFFFAOYSA-N	Emax	82.0	82.0	%	23227781
216514	P21554	MXHPCVFJFJSCMB-UHFFFAOYSA-N	IC50	89000.0	89000.0	nM	23227781
216523	P21554	MXIGDYKENROXNA-UHFFFAOYSA-N	Activity	45.6	45.6	%	16392827,16451053
216725	P21554	MXRFMWCWEKFYAI-UHFFFAOYSA-N	Ki	5570.0	5570.0	nM	,Bioorg. Med. Chem. Lett., (1996) 6:19:2263
216755	P21554	MXSOLSAQGHGDDF-UHFFFAOYSA-N	Ki	0.0	10000.0	nM	22548457
216852	P21554	MXXXNKVWQALSKQ-UHFFFAOYSA-N	IC50	15.0	15.0	nM	20483606
216860	P21554	MXYAUZSZXRTBLD-UHFFFAOYSA-N	Ki	2.84	2.84	nM	18448340
216864	P21554	MXYGYXJITVPIQU-UHFFFAOYSA-N	Ki	660.0	660.0	nM	19921781
216864	P21554	MXYGYXJITVPIQU-UHFFFAOYSA-N	Ki	660.69	660.69	nM	19921781
217223	P21554	MYMKPJRXDMBFHU-UHFFFAOYSA-N	Ki	3093.0	3093.0	nM	24518874
217429	P21554	MYTDNGUQXKUHFN-UHFFFAOYSA-N	Inhibition	2.8	2.8	%	12672243
217631	P21554	MYZBNWFXPSTUQK-UHFFFAOYSA-N	EC50	0.0	20000.0	nM	21354795
217732	P21554	MZCPYJQKQLUBAD-UHFFFAOYSA-N	Inhibition	0.0	0.0	%	22916707
217732	P21554	MZCPYJQKQLUBAD-UHFFFAOYSA-N	Ki	22.0	22.0	nM	22916707
217857	P21554	MZHNUMCPWUODDN-IEBWSBKVSA-N	Ki	0.0	3000.0	nM	20079638
218038	P21554	MZOOIDJUCGIQIU-DHIUTWEWSA-N	Ki	1.77	1.77	nM	18524604,19250829
218086	P21554	MZRAFUHMUIHTGW-WOJBJXKFSA-N	Ki	17.0	17.0	nM	14505654
218086	P21554	MZRAFUHMUIHTGW-WOJBJXKFSA-N	Ki	17.3	17.3	nM	17521177,14505654
218086	P21554	MZRAFUHMUIHTGW-WOJBJXKFSA-N	Ratio	0.98	0.98	-	14505654
218168	P21554	MZUKDTHRHOKNRV-UHFFFAOYSA-N	Ki	12.0	12.0	nM	24182233
218423	P21554	NAGHLZPRCQGGKY-UHFFFAOYSA-N	EC50	0.0	32000.0	nM	,PubChem BioAssay data set
218423	P21554	NAGHLZPRCQGGKY-UHFFFAOYSA-N	IC50	8640.0	8640.0	nM	,PubChem BioAssay data set
218510	P21554	NAIUQZFQDFINIL-UHFFFAOYSA-N	Emax	99.0	99.0	%	21420860
218510	P21554	NAIUQZFQDFINIL-UHFFFAOYSA-N	IC50	68.0	68.0	nM	21420860
218671	P21554	NAPXWHRSAVXKIB-NHCUHLMSSA-N	Ki	628.0	628.0	nM	24856183
218797	P21554	NAUPZBVHOMKGCO-UHFFFAOYSA-N	Ki	144.0	144.0	nM	19595596
218849	P21554	NAWPDVZPFVQQOC-WOJBJXKFSA-N	Ki	67.7	67.7	nM	24175572
218899	P21554	NAYVXNREEBMZNJ-UHFFFAOYSA-N	Ki	74.0	74.0	nM	17107792
219160	P21554	NBHSLCWSMRDUQJ-UHFFFAOYSA-N	Ki	0.0	1000.0	nM	18335976
219160	P21554	NBHSLCWSMRDUQJ-UHFFFAOYSA-N	Ki	1000.0	1000.0	nM	18335976
219261	P21554	NBLDWPZCYAEJHC-UHFFFAOYSA-N	Ki	0.0	1000.0	nM	20031412
219265	P21554	NBLFSUPWOAZVTB-UHFFFAOYSA-N	Activity	82.0	82.0	%	18342403
219291	P21554	NBMMIBNZVQFQEO-UHFFFAOYSA-N	Ki	144.54	144.54	nM	19921781
219291	P21554	NBMMIBNZVQFQEO-UHFFFAOYSA-N	Ki	150.0	150.0	nM	19921781
219346	P21554	NBOPEWLMUUDDKV-UHFFFAOYSA-N	Ki	0.0	10000.0	nM	20718492
220176	P21554	NCUFVFKMLXNGGJ-UHFFFAOYSA-N	Ki	631.0	631.0	nM	17513109
220241	P21554	NCWAUMZDRVRELN-UHFFFAOYSA-N	Ki	5.7	5.7	nM	17383180
220242	P21554	NCWAUMZDRVRELN-UNMCSNQZSA-N	Kb	1.4	1.4	nM	17383180
220242	P21554	NCWAUMZDRVRELN-UNMCSNQZSA-N	Ki	5.7	5.7	nM	17383180
220274	P21554	NCXBPZJQQSNIRA-UHFFFAOYSA-N	Ki	0.00035	0.00035	nM	18363352,18512901
220274	P21554	NCXBPZJQQSNIRA-UHFFFAOYSA-N	Ki	5.55	5.55	nM	18512901
220274	P21554	NCXBPZJQQSNIRA-UHFFFAOYSA-N	Ki	5.55	5.55	nM	18512901
220274	P21554	NCXBPZJQQSNIRA-UHFFFAOYSA-N	Ki	18.4	18.4	nM	18512901
220274	P21554	NCXBPZJQQSNIRA-UHFFFAOYSA-N	Ki	18.4	18.4	nM	18512901
220274	P21554	NCXBPZJQQSNIRA-UHFFFAOYSA-N	Ki	126.0	126.0	nM	27240274
220373	P21554	NDALETICPCHNKS-UHFFFAOYSA-N	IC50	0.0	6700.0	nM	23227781
220398	P21554	NDBCSEAPTVBKTI-UHFFFAOYSA-N	Decrease	-74.0	-74.0	%	15801840
220398	P21554	NDBCSEAPTVBKTI-UHFFFAOYSA-N	Ki	1820.0	1820.0	nM	15801840
220477	P21554	NDEMQGYBACSASX-UHFFFAOYSA-N	Ki	0.0	19400.0	nM	21669533
220497	P21554	NDFFJTYPUYJISE-UHFFFAOYSA-N	EC50	96.0	96.0	nM	18640038
220497	P21554	NDFFJTYPUYJISE-UHFFFAOYSA-N	Emax	23.0	23.0	%	18640038
220518	P21554	NDGJQVSJFLPIKZ-UHFFFAOYSA-N	EC50	0.0	10000.0	nM	19320488
220518	P21554	NDGJQVSJFLPIKZ-UHFFFAOYSA-N	IC50	3500.0	3500.0	nM	19320488
220638	P21554	NDKGACIWVAOUQH-UHFFFAOYSA-N	Inhibition	50.0	50.0	%	24135724
220925	P21554	NDVNGJPAVZIJIP-UHFFFAOYSA-N	Ki	6680.0	6680.0	nM	,Bioorg. Med. Chem. Lett., (1996) 6:19:2263
220997	P21554	NDZDTDOQWRSSOX-UHFFFAOYSA-N	EC50	0.0	32000.0	nM	,PubChem BioAssay data set
220997	P21554	NDZDTDOQWRSSOX-UHFFFAOYSA-N	IC50	0.0	32000.0	nM	,PubChem BioAssay data set
221007	P21554	NDZOLXJQXWOFRU-UHFFFAOYSA-N	Ki	7.943	7.943	nM	21885167
221076	P21554	NEBMIUBQXFYAHI-UHFFFAOYSA-N	IC50	5.2	5.2	nM	15713403
221125	P21554	NECWYJYYSPOXIH-UHFFFAOYSA-N	Ki	0.0	20000.0	nM	23072339
221198	P21554	NEGKWBFVVPQGGS-UHFFFAOYSA-N	EC50	17.8	17.8	nM	19095444
221198	P21554	NEGKWBFVVPQGGS-UHFFFAOYSA-N	IC50	64.8	64.8	nM	19095444
221238	P21554	NEHXBXHIBHJACX-UYRXBGFRSA-N	Ki	2290.0	2290.0	nM	MedChemComm, (2014) 5:5:632
221515	P21554	NETQVEVBNHBPTM-UHFFFAOYSA-N	IC50	32.0	32.0	nM	15664830
221556	P21554	NEUITGIOLHCFLG-UHFFFAOYSA-N	EC50	123.0	123.0	nM	24461289
221556	P21554	NEUITGIOLHCFLG-UHFFFAOYSA-N	Emax	100.0	100.0	%	24461289
221703	P21554	NEYOZOJLARBVRA-UHFFFAOYSA-N	Activity	31.0	31.0	%	17915849
221703	P21554	NEYOZOJLARBVRA-UHFFFAOYSA-N	Activity	72.2	72.2	%	17915849
221703	P21554	NEYOZOJLARBVRA-UHFFFAOYSA-N	Activity	83.6	83.6	%	17915849
221753	P21554	NFAMOUTYHSSMOE-UHFFFAOYSA-N	EC50	0.0	10000.0	nM	23380378
221807	P21554	NFCGWQZELQIMSX-UHFFFAOYSA-N	Ki	0.0	3000.0	nM	23151320
221898	P21554	NFGMTIGQNMXMID-JKEZHHNBSA-N	IC50	100.0	100.0	nM	22959249
221905	P21554	NFGYARFBOHIJLZ-UHFFFAOYSA-N	Ki	5600.0	5600.0	nM	22044209
221937	P21554	NFIAWFQFCCZVQE-INIZCTEOSA-N	Inhibition	63.0	63.0	%	20667724
221943	P21554	NFIJFKQVHKRAJS-UHFFFAOYSA-N	Ke	631.0	631.0	nM	23098108
221962	P21554	NFIWLNMDHVXQJS-UHFFFAOYSA-N	EC50	158.4	158.4	nM	18712856
221962	P21554	NFIWLNMDHVXQJS-UHFFFAOYSA-N	IC50	21.7	21.7	nM	18712856
221995	P21554	NFKFHKPFGGDEGL-UHFFFAOYSA-N	EC50	480.0	480.0	nM	23227781
221995	P21554	NFKFHKPFGGDEGL-UHFFFAOYSA-N	Emax	120.0	120.0	%	23227781
221995	P21554	NFKFHKPFGGDEGL-UHFFFAOYSA-N	IC50	91.0	91.0	nM	23227781
222091	P21554	NFMUWTNPLALYOT-GOSISDBHSA-N	Ke	326.0	326.0	nM	23098108
222092	P21554	NFMUWTNPLALYOT-SFHVURJKSA-N	Ke	3927.0	3927.0	nM	23098108
222489	P21554	NGBHGZHDHPTUIJ-UHFFFAOYSA-N	Ki	0.0	10000.0	nM	21183257,20718492
222531	P21554	NGCUPKQMNGTAQR-UHFFFAOYSA-N	IC50	0.0	32000.0	nM	PubChem BioAssay data set
222829	P21554	NGPRAOCZAUSXAZ-UHFFFAOYSA-N	EC50	2512.0	2512.0	nM	22130134
222887	P21554	NGSGJRHVUHIATF-UHFFFAOYSA-N	Activity	40.0	40.0	%	16392827
222887	P21554	NGSGJRHVUHIATF-UHFFFAOYSA-N	Displacement	40.0	40.0	%	15801840
222927	P21554	NGUIYPWMLCJSGN-UHFFFAOYSA-N	EC50	10.0	10.0	nM	23865723
222927	P21554	NGUIYPWMLCJSGN-UHFFFAOYSA-N	EC50	10.0	10.0	nM	23865723
223090	P21554	NGZROCSLOHPOTN-UHFFFAOYSA-N	Activity	0.0	60.0	%	23017078
223090	P21554	NGZROCSLOHPOTN-UHFFFAOYSA-N	Ki	548.0	548.0	nM	23017078
223273	P21554	NHGYFEZLOSSGAR-YUZOCMECSA-N	Ki	8.87	8.87	nM	17827022
223315	P21554	NHJBBYUELQWHJS-UHFFFAOYSA-N	Kd	12.02	12.02	nM	18512901
223315	P21554	NHJBBYUELQWHJS-UHFFFAOYSA-N	Ki	5.83	5.83	nM	18512901
223315	P21554	NHJBBYUELQWHJS-UHFFFAOYSA-N	Ki	5.83	5.83	nM	18512901
223315	P21554	NHJBBYUELQWHJS-UHFFFAOYSA-N	Ki	16.1	16.1	nM	18512901
223315	P21554	NHJBBYUELQWHJS-UHFFFAOYSA-N	Ki	16.1	16.1	nM	18512901
223355	P21554	NHKNBJWPTINIMQ-UHFFFAOYSA-N	Decrease	-74.0	-74.0	%	15801840
223355	P21554	NHKNBJWPTINIMQ-UHFFFAOYSA-N	Displacement	87.2	87.2	%	15801840
223355	P21554	NHKNBJWPTINIMQ-UHFFFAOYSA-N	Ki	871.0	871.0	nM	15801840
223380	P21554	NHLZNTYRPUFRMB-UHFFFAOYSA-N	Activity	86.0	86.0	%	18342403,MedChemComm, (2015) 6:11:1978
223476	P21554	NHRFAFNJUQPKNJ-UHFFFAOYSA-N	IC50	4.898	4.898	nM	21334892
223476	P21554	NHRFAFNJUQPKNJ-UHFFFAOYSA-N	IC50	4.9	4.9	nM	21334892
223483	P21554	NHRKHQVCKCBVEK-UHFFFAOYSA-N	IC50	1500.0	1500.0	nM	19328684
223589	P21554	NHUPNEJSRIUIAU-UHFFFAOYSA-N	Kd	1.259	1.259	nM	20363132
223589	P21554	NHUPNEJSRIUIAU-UHFFFAOYSA-N	Ki	12.0	12.0	nM	20363132
223646	P21554	NHVMQOGNBFCHMS-UHFFFAOYSA-N	Activity	49.0	49.0	%	18342403
223799	P21554	NHYLIJVMJKZCQG-UHFFFAOYSA-N	IC50	186.0	186.0	nM	18243711
223912	P21554	NICTYBVLEDAXEJ-UHFFFAOYSA-N	Ke	9.0	9.0	nM	23098108
223912	P21554	NICTYBVLEDAXEJ-UHFFFAOYSA-N	Ki	1.79	1.79	nM	23098108
223962	P21554	NIEVKORINPXEDC-UHFFFAOYSA-N	EC50	57.4	57.4	nM	18712856
223962	P21554	NIEVKORINPXEDC-UHFFFAOYSA-N	IC50	23.2	23.2	nM	18712856
224019	P21554	NIHGAEUTNGSLEZ-GOSISDBHSA-N	EC50	0.0	10000.0	nM	23865723
224042	P21554	NIIGNORJWADRGW-UHFFFAOYSA-N	IC50	4730.0	4730.0	nM	24445310
224042	P21554	NIIGNORJWADRGW-UHFFFAOYSA-N	Inhibition	90.5	90.5	%	24445310
224104	P21554	NIKRJWCSBDCYRW-UHFFFAOYSA-N	Ki	4534.0	4534.0	nM	18522867
224124	P21554	NILJSCAJHVULQP-UHFFFAOYSA-N	Ki	0.0	5000.0	nM	18522867
224132	P21554	NILPGCWIPABUCG-UHFFFAOYSA-N	EC50	50.12	50.12	nM	21316962,22421020
224157	P21554	NIMZZWGHIZCSPU-UHFFFAOYSA-N	Ki	38.9	38.9	nM	19921781
224157	P21554	NIMZZWGHIZCSPU-UHFFFAOYSA-N	Ki	39.0	39.0	nM	19921781
224246	P21554	NIQKHMCJNAGXQF-UHFFFAOYSA-N	Activity	10.0	0.0	%	16451053
224271	P21554	NIRASHDWADNQJU-UHFFFAOYSA-N	Inhibition	4.0	4.0	%	22795332
224383	P21554	NISSAXVTBRVSOS-UHFFFAOYSA-N	Ki	80.0	80.0	nM	19595596
224417	P21554	NIUCDCBDSIYVDG-UHFFFAOYSA-N	EC50	0.0	31622.8	nM	20005703
224592	P21554	NJAXNCYAIWEOKJ-UHFFFAOYSA-N	Ki	830.0	830.0	nM	19919895
224763	P21554	NJHFERUHLBEMGP-UHFFFAOYSA-N	IC50	8.91	8.91	nM	21334892
224763	P21554	NJHFERUHLBEMGP-UHFFFAOYSA-N	IC50	8.913	8.913	nM	21334892
224912	P21554	NJMIKBJSWJTZPE-QPEQYQDCSA-N	IC50	125.0	125.0	nM	20667724
224913	P21554	NJMIKBJSWJTZPE-UHFFFAOYSA-N	IC50	125.0	125.0	nM	20667724
225117	P21554	NJTKTPGFVGYUCD-UHFFFAOYSA-N	IC50	1.8	1.8	nM	15664830
225206	P21554	NJWMGKNNXQPJKP-UHFFFAOYSA-N	Ki	0.0	10000.0	nM	19921781
225239	P21554	NJXUPXIMEHIIRV-UHFFFAOYSA-N	IC50	19.0	19.0	nM	20719511
225343	P21554	NKAXUSONPRDKMB-UHFFFAOYSA-N	Ki	821.0	821.0	nM	22738271
225356	P21554	NKBQZUQMWOWSFW-UHFFFAOYSA-N	Ki	7.6	7.6	nM	19683918
225356	P21554	NKBQZUQMWOWSFW-UHFFFAOYSA-N	Ki	7.6	7.6	nM	19683918
225366	P21554	NKCJBMPDKSPONS-KTKRTIGZSA-N	Activity	10.0	0.0	%	16392827
225459	P21554	NKGQEURLMKSCFY-UHFFFAOYSA-N	EC50	90.0	90.0	nM	19320488
225459	P21554	NKGQEURLMKSCFY-UHFFFAOYSA-N	IC50	6400.0	6400.0	nM	19320488
225716	P21554	NKPCWYCHYGPAOO-LLVKDONJSA-N	Ki	11.0	11.0	nM	20971001
225725	P21554	NKPLGBDGCIRYGY-UHFFFAOYSA-N	Activity	0.0	50.0	%	19331413
225725	P21554	NKPLGBDGCIRYGY-UHFFFAOYSA-N	Ki	100.0	100.0	nM	19331413
225769	P21554	NKRODJRYGAUXDQ-UHFFFAOYSA-N	Ke	1800.0	1800.0	nM	24944734
225919	P21554	NKWVJBIWWHOTRE-PKNBQFBNSA-N	Activity	21.49	21.49	%	21074998
225919	P21554	NKWVJBIWWHOTRE-PKNBQFBNSA-N	IC50	0.0	10000.0	nM	21074998
225919	P21554	NKWVJBIWWHOTRE-PKNBQFBNSA-N	Ki	0.0	10000.0	nM	21074998
225948	P21554	NKXVDJZQAMAPQE-UHFFFAOYSA-N	Activity	65.0	65.0	%	18342403
226067	P21554	NLCGCOGDJHLNFD-UHFFFAOYSA-N	EC50	0.0	17000.0	nM	24461289
226154	P21554	NLFLRMAYNFDYHX-UHFFFAOYSA-N	Ki	0.0	5000.0	nM	18522867
226158	P21554	NLFVFVQFPLEKDA-UHFFFAOYSA-N	IC50	4.3	4.3	nM	20096577,20423086
226232	P21554	NLHNOVPBFCSLAT-UHFFFAOYSA-N	IC50	17.0	17.0	nM	15713403
226259	P21554	NLIRDIJPNPPVES-UHFFFAOYSA-N	Activity	57.83	57.83	%	23164658
226259	P21554	NLIRDIJPNPPVES-UHFFFAOYSA-N	EC50	6950.0	6950.0	nM	23164658
226259	P21554	NLIRDIJPNPPVES-UHFFFAOYSA-N	Ki	2800.0	2800.0	nM	23164658
226323	P21554	NLKZUPMRVTXOQH-UHFFFAOYSA-N	Ki	34.0	34.0	nM	17383180
226353	P21554	NLMDGBXIGCVRCU-LLVKDONJSA-N	Inhibition	47.4	47.4	%	23659286
226493	P21554	NLSGMYCEBUYLOL-UHFFFAOYSA-N	IC50	5.9	5.9	nM	17270441
226640	P21554	NLYIVSFQUCCHBG-IBGZPJMESA-N	Ki	1129.0	1129.0	nM	15664857
226679	P21554	NLZWGCCLVBJWGY-UHFFFAOYSA-N	Ki	900.0	900.0	nM	18579386
226727	P21554	NMBOPSNGHZXBNP-UHFFFAOYSA-N	Ke	149.0	149.0	nM	23098108
226833	P21554	NMGDBJJPTLDOFA-UHFFFAOYSA-N	Activity	26.1	26.1	%	17915849
226857	P21554	NMHBCKSEEDBPJP-LEWJYISDSA-N	IC50	4.0	4.0	nM	19320488
226874	P21554	NMHMQBBGEKOFED-UHFFFAOYSA-N	Ki	3193.0	3193.0	nM	,Bioorg. Med. Chem. Lett., (1996) 6:19:2263
226905	P21554	NMIIKXFGCKOYRV-WHOFXGATSA-N	Inhibition	-2.0	-2.0	%	22171543
226979	P21554	NMKIYOGXGLKPNX-UHFFFAOYSA-N	EC50	0.0	10000.0	nM	23147076
226999	P21554	NMLIJLQSNMCBDN-UHFFFAOYSA-N	Ki	5.6	5.6	nM	19595596
226999	P21554	NMLIJLQSNMCBDN-UHFFFAOYSA-N	Ki	5.6	5.6	nM	19595596
227016	P21554	NMLQEDQDZYWDQL-UHFFFAOYSA-N	EC50	290.0	290.0	nM	18430570
227016	P21554	NMLQEDQDZYWDQL-UHFFFAOYSA-N	Ki	77.0	77.0	nM	18430570
227083	P21554	NMOHILMYXVQGHO-NRFANRHFSA-N	Kd	31.62	31.62	nM	14736243
227083	P21554	NMOHILMYXVQGHO-NRFANRHFSA-N	Ki	293.0	293.0	nM	14736243
227087	P21554	NMOHILMYXVQGHO-OAQYLSRUSA-N	Kd	1.0	1.0	nM	14736243
227087	P21554	NMOHILMYXVQGHO-OAQYLSRUSA-N	Ki	35.9	35.9	nM	14736243
227092	P21554	NMOHILMYXVQGHO-UHFFFAOYSA-N	Kd	0.5012	0.5012	nM	14736243
227092	P21554	NMOHILMYXVQGHO-UHFFFAOYSA-N	Ki	221.0	221.0	nM	14736243
227400	P21554	NMYXMSUJNCQYIG-UHFFFAOYSA-N	Kd	367.0	367.0	nM	10633038
227520	P21554	NNCRYURHEOSSRP-UHFFFAOYSA-N	Ki	0.0	20000.0	nM	23072339
227698	P21554	NNIWGZLDWMKECV-UHFFFAOYSA-N	Ki	0.0	10000.0	nM	22341572
227732	P21554	NNJRMFRWWSAFBM-UHFFFAOYSA-N	EC50	936.0	936.0	nM	16451053
227732	P21554	NNJRMFRWWSAFBM-UHFFFAOYSA-N	Ki	2110.0	2110.0	nM	16451053
227968	P21554	NNUBKLAVHDDPPZ-UHFFFAOYSA-N	IC50	1.2	1.2	nM	20015647
227968	P21554	NNUBKLAVHDDPPZ-UHFFFAOYSA-N	IC50	1.4	1.4	nM	20015647
227968	P21554	NNUBKLAVHDDPPZ-UHFFFAOYSA-N	IC50	4.6	4.6	nM	20015647
228002	P21554	NNVRAUSNCAGRHJ-WOJBJXKFSA-N	Ki	0.0	10000.0	nM	24175572
228011	P21554	NNWDXJFZYJCWJY-UHFFFAOYSA-N	IC50	17.0	17.0	nM	15664830
228049	P21554	NNXORNWNODXTCY-UHFFFAOYSA-N	Ki	0.0	10000.0	nM	22548457
228451	P21554	NOOCWMFVYHFBAD-CQSZACIVSA-N	Ki	0.2	0.2	nM	20971001
228466	P21554	NOOPLYYILFCGRQ-UHFFFAOYSA-N	Activity	20.0	0.0	%	16392827
228478	P21554	NOPAIBYDUUIVJE-UHFFFAOYSA-N	IC50	1200.0	1200.0	nM	23227781
228617	P21554	NOVHFEZWIDENIS-UHFFFAOYSA-N	Kd	12.59	12.59	nM	20137935
228617	P21554	NOVHFEZWIDENIS-UHFFFAOYSA-N	Ki	141.0	141.0	nM	20137935
228886	P21554	NPFWJWIEKANQMB-HKWRFOASSA-N	Ki	1.0	1.0	nM	18977140
229120	P21554	NPNUFJAVOOONJE-QWAJQTJBSA-N	Ki	0.0	10000.0	nM	24831513
229136	P21554	NPONGQMCELRJLW-UHFFFAOYSA-N	Ke	0.0	10000.0	nM	22372835
229150	P21554	NPPFEZUZEVDUDA-KTKRTIGZSA-N	Ki	0.0	10000.0	nM	16570929
229310	P21554	NPWWBOWOGILZMA-UHFFFAOYSA-N	EC50	10000.0	0.0	nM	17027269
229310	P21554	NPWWBOWOGILZMA-UHFFFAOYSA-N	IC50	6309.57	6309.57	nM	17027269
229310	P21554	NPWWBOWOGILZMA-UHFFFAOYSA-N	IC50	6310.0	6310.0	nM	17027269
229395	P21554	NQAXYXKWUOWLNN-UHFFFAOYSA-N	IC50	0.0	32000.0	nM	PubChem BioAssay data set
229537	P21554	NQIISEUTDQNSEQ-AWEZNQCLSA-N	Ki	58.0	58.0	nM	17466519
229701	P21554	NQPGPOHDYDEIQR-UHFFFAOYSA-N	EC50	79.0	79.0	nM	23227781
229701	P21554	NQPGPOHDYDEIQR-UHFFFAOYSA-N	Emax	94.0	94.0	%	23227781
229701	P21554	NQPGPOHDYDEIQR-UHFFFAOYSA-N	IC50	28.0	28.0	nM	23227781
229702	P21554	NQPKUUOTPVNBGE-UHFFFAOYSA-N	IC50	25.0	25.0	nM	20643546
229702	P21554	NQPKUUOTPVNBGE-UHFFFAOYSA-N	IC50	260.0	260.0	nM	20643546
229718	P21554	NQQANJKERHAMCF-WOJBJXKFSA-N	Ki	0.0	10000.0	nM	24175572
229732	P21554	NQQRRINIHNBRSU-UHFFFAOYSA-N	Ki	0.0	20000.0	nM	23072339
229795	P21554	NQTMRZNYLIGQCF-UHFFFAOYSA-N	Activity	111.0	111.0	%	19921781
229795	P21554	NQTMRZNYLIGQCF-UHFFFAOYSA-N	EC50	4.0	4.0	nM	19921781
229795	P21554	NQTMRZNYLIGQCF-UHFFFAOYSA-N	Ki	12.0	12.0	nM	19921781,18311894
229795	P21554	NQTMRZNYLIGQCF-UHFFFAOYSA-N	Ki	12.3	12.3	nM	19921781,18311894
229829	P21554	NQVCPQKYUYPTPL-UHFFFAOYSA-N	EC50	0.0	20000.0	nM	21354795
229849	P21554	NQVZYJPSQLRLKC-UHFFFAOYSA-N	EC50	4253.0	4253.0	nM	22284817
229849	P21554	NQVZYJPSQLRLKC-UHFFFAOYSA-N	Emax	115.0	115.0	%	22284817
229849	P21554	NQVZYJPSQLRLKC-UHFFFAOYSA-N	Ki	264.0	264.0	nM	22284817
229966	P21554	NRBANTOAHGBMSR-UHFFFAOYSA-N	EC50	125.0	125.0	nM	23147076
229966	P21554	NRBANTOAHGBMSR-UHFFFAOYSA-N	Efficacy	79.0	79.0	%	23147076
229975	P21554	NRBKZOKUPJQKRF-UHFFFAOYSA-N	Inhibition	7.3	7.3	%	12672243
230015	P21554	NRDAXBALBNSEID-LEWJYISDSA-N	IC50	10.0	10.0	nM	19320488
230020	P21554	NRDCILSNYFGEBU-HEVZOGSJSA-N	IC50	0.0	32000.0	nM	PubChem BioAssay data set
230025	P21554	NRDHQJDUDWUWNM-UHFFFAOYSA-N	Inhibition	13.0	13.0	%	19736007
230220	P21554	NRLILYMALCBJGN-UHFFFAOYSA-N	IC50	2000.0	2000.0	nM	15664830
230241	P21554	NRMAOUGIIUFNED-YADARESESA-N	IC50	37.7	37.7	nM	19632830
230314	P21554	NROWJKQDSUNENA-UHFFFAOYSA-N	Ki	1100.0	1100.0	nM	19919895
230371	P21554	NRQZKQDCFMTUQO-UHFFFAOYSA-N	Ki	81.0	81.0	nM	24729834
230396	P21554	NRRZNGIZICBHHZ-UHFFFAOYSA-N	Emax	8.0	8.0	%	18640038
230497	P21554	NRWCYEVIDSSFKZ-FWEHEUNISA-N	Ki	8400.0	8400.0	nM	18831576
230533	P21554	NRXZZIOOVZYSTC-UHFFFAOYSA-N	EC50	14.6	14.6	nM	18712856
230533	P21554	NRXZZIOOVZYSTC-UHFFFAOYSA-N	IC50	1.2	1.2	nM	18712856
230533	P21554	NRXZZIOOVZYSTC-UHFFFAOYSA-N	IC50	4.9	4.9	nM	18712856
230538	P21554	NRYDKTYSKCVXEI-RTBURBONSA-N	Ki	0.36	0.36	nM	9784115
230538	P21554	NRYDKTYSKCVXEI-RTBURBONSA-N	Ki	1.75	1.75	nM	17521177
230582	P21554	NRZTVYWLTFVBLE-IBGZPJMESA-N	Ke	75.0	75.0	nM	22372835
230582	P21554	NRZTVYWLTFVBLE-IBGZPJMESA-N	Ki	65.5	65.5	nM	22372835
230584	P21554	NRZTVYWLTFVBLE-LJQANCHMSA-N	Ke	10.4	10.4	nM	22372835
230584	P21554	NRZTVYWLTFVBLE-LJQANCHMSA-N	Ki	17.5	17.5	nM	22372835
230606	P21554	NSAQJIOXNYXOKM-UHFFFAOYSA-N	Activity	20.0	0.0	%	16392827
230606	P21554	NSAQJIOXNYXOKM-UHFFFAOYSA-N	Displacement	25.1	25.1	%	11960486,10465552
230645	P21554	NSCJVYFNYAOWEQ-UHFFFAOYSA-N	Inhibition	77.0	77.0	%	19520572
230645	P21554	NSCJVYFNYAOWEQ-UHFFFAOYSA-N	Ki	1943.0	1943.0	nM	19520572
230670	P21554	NSDRVSPBQRMSPK-FDDCHVKYSA-N	IC50	1.8	1.8	nM	17608398
230714	P21554	NSERVXSNVYYJSH-UHFFFAOYSA-N	EC50	0.0	32000.0	nM	,PubChem BioAssay data set
230714	P21554	NSERVXSNVYYJSH-UHFFFAOYSA-N	IC50	13300.0	13300.0	nM	,PubChem BioAssay data set
230820	P21554	NSIUHJISNBBAGE-UHFFFAOYSA-N	IC50	62.0	62.0	nM	18293908
230820	P21554	NSIUHJISNBBAGE-UHFFFAOYSA-N	Ki	35.0	35.0	nM	18293908
230954	P21554	NSNQHMACSLZVFE-UHFFFAOYSA-N	Ke	92.0	92.0	nM	23098108
230954	P21554	NSNQHMACSLZVFE-UHFFFAOYSA-N	Ki	23.91	23.91	nM	,None
230954	P21554	NSNQHMACSLZVFE-UHFFFAOYSA-N	Ki	24.0	24.0	nM	23098108
231129	P21554	NSTSWSVXSSYQCZ-UHFFFAOYSA-N	IC50	0.0	10000.0	nM	20047779
231129	P21554	NSTSWSVXSSYQCZ-UHFFFAOYSA-N	Ki	291.0	291.0	nM	20047779
231231	P21554	NSXPHGOSDJTOEQ-IAGOWNOFSA-N	Ki	0.0	3000.0	nM	20079638
231320	P21554	NTBCKEBLAKIMOW-UHFFFAOYSA-N	IC50	0.4	0.4	nM	20015647
231320	P21554	NTBCKEBLAKIMOW-UHFFFAOYSA-N	IC50	0.93	0.93	nM	20015647
231360	P21554	NTCPKTSBLCDRJZ-UHFFFAOYSA-N	Activity	-11.1	-11.1	%	24125850
231373	P21554	NTDCJCJMRHYSCZ-HXUWFJFHSA-N	EC50	30.7	30.7	nM	22607668
231373	P21554	NTDCJCJMRHYSCZ-HXUWFJFHSA-N	Emax	113.0	113.0	%	22607668
231535	P21554	NTIFEVGVXWYYHK-FQEVSTJZSA-N	Ki	2.512	2.512	nM	21074434
231536	P21554	NTIFEVGVXWYYHK-HXUWFJFHSA-N	EC50	100.0	100.0	nM	21074434
231725	P21554	NTNGEMQXAKDQBT-UHFFFAOYSA-N	Ki	1200.0	1200.0	nM	22483967
231794	P21554	NTPZXHMTJGOMCJ-WDEREUQCSA-N	EC50	854.0	854.0	nM	23865723
232009	P21554	NTVPQJZVGIVDJZ-UHFFFAOYSA-N	Ki	170.0	170.0	nM	17942307
232069	P21554	NTXYYNYODFLYGT-UHFFFAOYSA-N	EC50	9.8	9.8	nM	19530697
232069	P21554	NTXYYNYODFLYGT-UHFFFAOYSA-N	IC50	12.9	12.9	nM	19530697
232194	P21554	NUCDCMLWTLPWOQ-UHFFFAOYSA-N	Ki	1120.0	1120.0	nM	22044209
232305	P21554	NUGSWWVQEYLVFY-UHFFFAOYSA-N	Kd	3.162	3.162	nM	14736243
232305	P21554	NUGSWWVQEYLVFY-UHFFFAOYSA-N	Ki	21.8	21.8	nM	14736243
232403	P21554	NUKHSIDVEMUYCP-UHFFFAOYSA-N	EC50	0.0	32000.0	nM	PubChem BioAssay data set
232403	P21554	NUKHSIDVEMUYCP-UHFFFAOYSA-N	IC50	2940.0	2940.0	nM	PubChem BioAssay data set
232537	P21554	NUORWOXMGSJBRH-UHFFFAOYSA-N	EC50	81.0	81.0	nM	23147076
232537	P21554	NUORWOXMGSJBRH-UHFFFAOYSA-N	Efficacy	95.0	95.0	%	23147076
232577	P21554	NUQRCEBDDFASAD-BTYIYWSLSA-N	Ki	48.0	48.0	nM	20018510
232579	P21554	NUQRCEBDDFASAD-UHFFFAOYSA-N	Ki	48.0	48.0	nM	20018510
232584	P21554	NUQRZCQCNZXQOX-UHFFFAOYSA-N	EC50	0.0	32000.0	nM	PubChem BioAssay data set
232584	P21554	NUQRZCQCNZXQOX-UHFFFAOYSA-N	IC50	0.0	32000.0	nM	,PubChem BioAssay data set
232606	P21554	NURSILDGFIXGBS-JOCHJYFZSA-N	Ki	1510.0	1510.0	nM	18440813
232831	P21554	NVAPCERQXKPLTK-UHFFFAOYSA-N	Ki	1600.0	1600.0	nM	24378710
232837	P21554	NVAPTGCRXPIJOZ-UHFFFAOYSA-N	Ki	0.0	20000.0	nM	23072339
232887	P21554	NVBYFROLDYVANG-QGZVFWFLSA-N	Ki	1480.0	1480.0	nM	18440813
233240	P21554	NVOPEPXNFPWHIE-QZTJIDSGSA-N	Ki	141.0	141.0	nM	17521177
233320	P21554	NVSKXWGRIBCWNF-UHFFFAOYSA-N	EC50	0.0	1000.0	nM	18680277
233320	P21554	NVSKXWGRIBCWNF-UHFFFAOYSA-N	EC50	709.0	709.0	nM	18680277
233320	P21554	NVSKXWGRIBCWNF-UHFFFAOYSA-N	Emax	12.0	12.0	%	18680277
233320	P21554	NVSKXWGRIBCWNF-UHFFFAOYSA-N	Emax	39.0	39.0	%	18680277
233320	P21554	NVSKXWGRIBCWNF-UHFFFAOYSA-N	Ki	0.0	10000.0	nM	24139843
233427	P21554	NVXBFYPKOXNBBB-UHFFFAOYSA-N	Activity	63.4	63.4	%	20189815
233427	P21554	NVXBFYPKOXNBBB-UHFFFAOYSA-N	Ki	196.0	196.0	nM	20189815
233937	P21554	NWQXSGCFNCWPHK-UHFFFAOYSA-N	Ki	0.0	10000.0	nM	22738271
234009	P21554	NWUHIDITIWXYML-IAGOWNOFSA-N	Ki	19.0	19.0	nM	17521177
234037	P21554	NWVLGEXYMRKIMF-UHFFFAOYSA-N	Emax	54.0	54.0	%	21420860
234037	P21554	NWVLGEXYMRKIMF-UHFFFAOYSA-N	IC50	12700.0	12700.0	nM	21420860
234046	P21554	NWVOYLYQWIHTSN-RTBURBONSA-N	EC50	11.6	11.6	nM	24175572
234046	P21554	NWVOYLYQWIHTSN-RTBURBONSA-N	Ki	5.1	5.1	nM	24175572
234061	P21554	NWWDJZJTOILOGZ-UHFFFAOYSA-N	Ki	701.0	701.0	nM	20047331
234236	P21554	NXDFOKJLFVLPDN-PIYJQUHVSA-N	Ki	131.33	131.33	nM	17827022
234274	P21554	NXEOQBXHDJRCJJ-UHFFFAOYSA-N	EC50	0.0	20000.0	nM	21354795
234402	P21554	NXIWXNWOVPYSCV-UHFFFAOYSA-N	Ki	7033.0	7033.0	nM	16451053
234432	P21554	NXJUHCGSLXWNDQ-UHFFFAOYSA-N	IC50	124.0	124.0	nM	20047779
234432	P21554	NXJUHCGSLXWNDQ-UHFFFAOYSA-N	Ki	3.1	3.1	nM	20047779
234432	P21554	NXJUHCGSLXWNDQ-UHFFFAOYSA-N	Ki	3.1	3.1	nM	20047779
234488	P21554	NXMKARVYFGLOGB-UHFFFAOYSA-N	EC50	5960.0	5960.0	nM	23147076
234488	P21554	NXMKARVYFGLOGB-UHFFFAOYSA-N	Efficacy	53.0	53.0	%	23147076
234488	P21554	NXMKARVYFGLOGB-UHFFFAOYSA-N	Ki	0.0	30000.0	nM	23147076
234503	P21554	NXNBTJXXHOISND-UHFFFAOYSA-N	Activity	47.7	47.7	%	23164658
234503	P21554	NXNBTJXXHOISND-UHFFFAOYSA-N	EC50	0.0	10000.0	nM	23164658
234503	P21554	NXNBTJXXHOISND-UHFFFAOYSA-N	Ki	0.0	10000.0	nM	23164658
234529	P21554	NXODIUKWAVUFGF-INIZCTEOSA-N	EC50	200.0	200.0	nM	16258021
234529	P21554	NXODIUKWAVUFGF-INIZCTEOSA-N	Ki	905.0	905.0	nM	15664857
234534	P21554	NXODIUKWAVUFGF-YHKMRCRZSA-N	Ki	79.0	79.0	nM	24139843
234573	P21554	NXPWZFZLLPAIPA-UHFFFAOYSA-N	IC50	316.0	316.0	nM	18243711
234631	P21554	NXSGZPGJDDGAMJ-UHFFFAOYSA-N	Ki	0.0	20000.0	nM	23072339
234717	P21554	NXWGDMWFMQMYHJ-UHFFFAOYSA-N	IC50	1.5	1.5	nM	15664830
234809	P21554	NXZXPZLVPNFNQN-UHFFFAOYSA-N	IC50	0.0	1000.0	nM	24139843
234811	P21554	NXZZNXUALWSJSD-UHFFFAOYSA-N	Ki	0.0	10000.0	nM	21702498
234896	P21554	NYDOBQAKUBDIGG-GKFVBPDJSA-N	Ki	500.0	500.0	nM	16213718
234920	P21554	NYEDXSGEEHGJAU-UHFFFAOYSA-N	Activity	121.8	121.8	%	24125850
235071	P21554	NYKCRWUWELTRCP-UHFFFAOYSA-N	EC50	0.0	100000.0	nM	23795771
235098	P21554	NYKZVPFDTGQJCF-UHFFFAOYSA-N	Kd	0.0	10000.0	nM	10633038
235224	P21554	NYQBQOPAOPOYLH-UHFFFAOYSA-N	Activity	13.81	13.81	%	23164658
235224	P21554	NYQBQOPAOPOYLH-UHFFFAOYSA-N	EC50	0.0	10000.0	nM	23164658
235224	P21554	NYQBQOPAOPOYLH-UHFFFAOYSA-N	Ki	0.0	10000.0	nM	23164658
235454	P21554	NYYDIRAMLLWGJX-UHFFFAOYSA-N	EC50	0.0	32000.0	nM	PubChem BioAssay data set
235454	P21554	NYYDIRAMLLWGJX-UHFFFAOYSA-N	IC50	0.0	32000.0	nM	PubChem BioAssay data set
235470	P21554	NYYRZAYJDIGPRI-UHFFFAOYSA-N	Ki	384.0	384.0	nM	20979417
235484	P21554	NYZNFOXDFMTATA-UHFFFAOYSA-N	EC50	1.1	1.1	nM	19320488
235484	P21554	NYZNFOXDFMTATA-UHFFFAOYSA-N	IC50	400.0	400.0	nM	19320488
235505	P21554	NZAJPBNDRAFVEF-UHFFFAOYSA-N	EC50	3.0	3.0	nM	18335976
235505	P21554	NZAJPBNDRAFVEF-UHFFFAOYSA-N	Ki	3.0	3.0	nM	18335976
235640	P21554	NZEVKZAEMSMLMC-UHFFFAOYSA-N	Activity	140.4	140.4	%	24125850
235640	P21554	NZEVKZAEMSMLMC-UHFFFAOYSA-N	EC50	96.9	96.9	nM	24125850
235640	P21554	NZEVKZAEMSMLMC-UHFFFAOYSA-N	Emax	73.6	73.6	%	24125850
235686	P21554	NZGINBKPMKVRHZ-UHFFFAOYSA-N	Ki	0.0	10000.0	nM	19921781
235699	P21554	NZGMJUKSXBJUBW-UHFFFAOYSA-N	EC50	0.0	10000.0	nM	23147076
235705	P21554	NZGSTGQQXZPWQE-ZDUSSCGKSA-N	Ki	5.0	5.0	nM	17466519
235759	P21554	NZIJRFICRMNCGN-UHFFFAOYSA-N	Ki	1800.0	1800.0	nM	19091565
235777	P21554	NZJHFPDRRKJWFO-UHFFFAOYSA-N	Kd	6.31	6.31	nM	16140010
235777	P21554	NZJHFPDRRKJWFO-UHFFFAOYSA-N	Ki	117.0	117.0	nM	16140010
235983	P21554	NZRJXOUEEQDHFL-INIZCTEOSA-N	Ke	6044.0	6044.0	nM	23098108
235984	P21554	NZRJXOUEEQDHFL-MRXNPFEDSA-N	Ke	346.0	346.0	nM	23098108
236062	P21554	NZVPBUFTQQUWAK-UHFFFAOYSA-N	Ki	3475.0	3475.0	nM	18522867
236075	P21554	NZVVIFOMXVSSOZ-RAXLEYEMSA-N	Inhibition	29.0	29.0	%	MedChemComm, (2014) 5:5:632
236075	P21554	NZVVIFOMXVSSOZ-RAXLEYEMSA-N	Ki	0.0	10000.0	nM	MedChemComm, (2014) 5:5:632
236087	P21554	NZWOCSBGLXYKQK-UHFFFAOYSA-N	Ke	5.4	5.4	nM	24041123
236087	P21554	NZWOCSBGLXYKQK-UHFFFAOYSA-N	Ki	4.01	4.01	nM	,None,24041123
236149	P21554	NZZLEAMVCUJNNW-UHFFFAOYSA-N	Ki	157.0	157.0	nM	19595596
236245	P21554	OACFYNAMKUYTKD-UHFFFAOYSA-N	EC50	0.0	32000.0	nM	,PubChem BioAssay data set
236245	P21554	OACFYNAMKUYTKD-UHFFFAOYSA-N	IC50	7110.0	7110.0	nM	,PubChem BioAssay data set
236295	P21554	OAFBBLQLICKSQI-UHFFFAOYSA-N	EC50	0.0	10000.0	nM	19320488
236295	P21554	OAFBBLQLICKSQI-UHFFFAOYSA-N	IC50	0.0	10000.0	nM	19320488
236336	P21554	OAGUACDMKFCQII-UHFFFAOYSA-N	EC50	955.0	955.0	nM	22130134
236409	P21554	OAJFKXVFJAPTQM-UHFFFAOYSA-N	Ki	2200.0	2200.0	nM	18579386
236464	P21554	OALLMUNFKYZZDO-UHFFFAOYSA-N	IC50	50.0	50.0	nM	17270441
236576	P21554	OAQQRLGMKZEVFV-UHFFFAOYSA-N	IC50	2.1	2.1	nM	19954978
236712	P21554	OAVKUWKXMUNJPS-UHFFFAOYSA-N	EC50	50.12	50.12	nM	21411321
236747	P21554	OAWVBHWINVNAPL-AWEZNQCLSA-N	Ki	213.8	213.8	nM	19921781
236747	P21554	OAWVBHWINVNAPL-AWEZNQCLSA-N	Ki	220.0	220.0	nM	19921781,21183257
236748	P21554	OAWVBHWINVNAPL-CQSZACIVSA-N	Ki	720.0	720.0	nM	19921781
236748	P21554	OAWVBHWINVNAPL-CQSZACIVSA-N	Ki	724.44	724.44	nM	19921781
236872	P21554	OBCSDSHYTFJHSC-HNNXBMFYSA-N	Ki	0.9	0.9	nM	17466519
236900	P21554	OBDRKUNUNOFFRG-UHFFFAOYSA-N	Ki	4.7	4.7	nM	22437111
237176	P21554	OBPAVQCOFPPHAN-UHFFFAOYSA-N	Ki	150.0	150.0	nM	17979261
237176	P21554	OBPAVQCOFPPHAN-UHFFFAOYSA-N	Ki	334.0	334.0	nM	17979261
237176	P21554	OBPAVQCOFPPHAN-UHFFFAOYSA-N	Ki	475.0	475.0	nM	17979261
237345	P21554	OBTIUCWWJXZKHI-UHFFFAOYSA-N	Ki	800.0	800.0	nM	23350768
237542	P21554	OCAFEKFQVNWWTG-UHFFFAOYSA-N	EC50	87.0	87.0	nM	21115245
237644	P21554	OCDPRZTVUBXJND-UHFFFAOYSA-N	Ki	0.0	2187.76	nM	18311894
237644	P21554	OCDPRZTVUBXJND-UHFFFAOYSA-N	Ki	0.0	2200.0	nM	18311894
237774	P21554	OCIKJMOYJJXYOY-UHFFFAOYSA-N	Ki	3660.0	3660.0	nM	23679955
237929	P21554	OCQRTISEANCLQE-UHFFFAOYSA-N	Ki	0.0	5000.0	nM	18522867
237998	P21554	OCSOPGWXKAJFIC-UHFFFAOYSA-N	IC50	7.4	7.4	nM	19328684
238010	P21554	OCTCUNGVDUMZHF-UHFFFAOYSA-N	Activity	80.0	80.0	%	16279809
238010	P21554	OCTCUNGVDUMZHF-UHFFFAOYSA-N	EC50	700.0	700.0	nM	16279809
238010	P21554	OCTCUNGVDUMZHF-UHFFFAOYSA-N	Emax	-66.0	-66.0	%	16279809
238010	P21554	OCTCUNGVDUMZHF-UHFFFAOYSA-N	Ki	1250.0	1250.0	nM	16279809
238174	P21554	OCZGZWPFOZMXFE-LNVKXUELSA-N	IC50	1700.0	1700.0	nM	17643986
238198	P21554	OCZZZBSQIGLPHN-YADARESESA-N	IC50	2982.0	2982.0	nM	19632830
238260	P21554	ODCAZILQOIHJAU-UHFFFAOYSA-N	IC50	7413.0	7413.0	nM	,None
238260	P21554	ODCAZILQOIHJAU-UHFFFAOYSA-N	Ki	7410.0	7410.0	nM	23865723
238303	P21554	ODCZZAQQQCTMLK-UHFFFAOYSA-N	Ki	270.0	270.0	nM	19091565
238371	P21554	ODFUPIJXHKDJJI-UHFFFAOYSA-N	IC50	3400.0	3400.0	nM	15713403
238371	P21554	ODFUPIJXHKDJJI-UHFFFAOYSA-N	IC50	3467.37	3467.37	nM	19406638
238423	P21554	ODIBENRIUVELIZ-UHFFFAOYSA-N	EC50	1416.0	1416.0	nM	23147076
238423	P21554	ODIBENRIUVELIZ-UHFFFAOYSA-N	Efficacy	45.0	45.0	%	23147076
238506	P21554	ODKTYNUUBQKMSV-UHFFFAOYSA-N	EC50	3.981	3.981	nM	20688519
238506	P21554	ODKTYNUUBQKMSV-UHFFFAOYSA-N	Ki	3.26	3.26	nM	20688519
238649	P21554	ODPUKHOCHODROO-UHFFFAOYSA-N	Ki	758.0	758.0	nM	23350768
238792	P21554	ODSZGEXNKNBQIX-UHFFFAOYSA-N	Ki	73.0	73.0	nM	22341572
238842	P21554	ODUDHSGVPPLXOQ-ZDUSSCGKSA-N	Ki	22.0	22.0	nM	17466519
238971	P21554	ODZGQDFRWIQWHP-UHFFFAOYSA-N	IC50	8.5	8.5	nM	22959249
238985	P21554	OEAHGZLUGWRQPD-UHFFFAOYSA-N	EC50	0.0	32000.0	nM	,PubChem BioAssay data set
238985	P21554	OEAHGZLUGWRQPD-UHFFFAOYSA-N	IC50	15900.0	15900.0	nM	,PubChem BioAssay data set
239212	P21554	OEKIQSIIDRYSEZ-UHFFFAOYSA-N	EC50	0.0	1000.0	nM	18680277
239212	P21554	OEKIQSIIDRYSEZ-UHFFFAOYSA-N	EC50	2800.0	2800.0	nM	18680277
239212	P21554	OEKIQSIIDRYSEZ-UHFFFAOYSA-N	Emax	17.0	17.0	%	18680277
239292	P21554	OENRDPZAKUHRRQ-UHFFFAOYSA-N	Ki	0.0	10000.0	nM	22370265
239301	P21554	OEODGEHOQCFPAS-UHFFFAOYSA-N	Ke	0.207	0.207	uM	21875798
239301	P21554	OEODGEHOQCFPAS-UHFFFAOYSA-N	Ki	60.0	60.0	nM	21875798
239301	P21554	OEODGEHOQCFPAS-UHFFFAOYSA-N	Ki	158.0	158.0	nM	21875798
239353	P21554	OEQJXSVWDWNCHK-MUMRKEEXSA-N	Ki	316.23	316.23	nM	17521177,17980589
239353	P21554	OEQJXSVWDWNCHK-MUMRKEEXSA-N	Ki	319.0	319.0	nM	17521177
239625	P21554	OEZQLBDVSIUEMU-UHFFFAOYSA-N	Ki	11.0	11.0	nM	14980654
239738	P21554	OFDXMJFVMFOXTK-UHFFFAOYSA-N	Ki	0.0	1000.0	nM	17507224
239983	P21554	OFOSJBGHHQNQQX-UHFFFAOYSA-N	Ki	0.0	10000.0	nM	24378710
240014	P21554	OFPRBSYTNZENRC-UHFFFAOYSA-N	Ki	1.8	1.8	nM	16263283
240014	P21554	OFPRBSYTNZENRC-UHFFFAOYSA-N	Ki	4.0	4.0	nM	16263283
240207	P21554	OFXGLLJUEZXTBC-WQRHYEAKSA-N	Inhibition	15.0	15.0	%	MedChemComm, (2014) 5:5:632
240207	P21554	OFXGLLJUEZXTBC-WQRHYEAKSA-N	Ki	0.0	10000.0	nM	MedChemComm, (2014) 5:5:632
240236	P21554	OFYJALNHHOBDIW-UHFFFAOYSA-N	IC50	19.0	19.0	nM	17107792
240306	P21554	OGAIUTUFCWEMLV-UHFFFAOYSA-N	Activity	15.0	0.0	%	16451053
240366	P21554	OGBMWKQQWRTZMB-UHFFFAOYSA-N	EC50	0.0	3162.28	nM	19010671
240366	P21554	OGBMWKQQWRTZMB-UHFFFAOYSA-N	Efficacy	10.0	0.0	%	19010671
240401	P21554	OGDLQAXDJMXJMB-UHFFFAOYSA-N	EC50	13.0	13.0	nM	15664830
240401	P21554	OGDLQAXDJMXJMB-UHFFFAOYSA-N	IC50	1.9	1.9	nM	15664830
240555	P21554	OGHUHFAJQSONNN-UHFFFAOYSA-N	Kd	6.31	6.31	nM	15771428
240555	P21554	OGHUHFAJQSONNN-UHFFFAOYSA-N	Ki	27.0	27.0	nM	15771428
240632	P21554	OGJJCDJMZKPPPI-UQBPGWFLSA-N	IC50	38.3	38.3	nM	17293109
240718	P21554	OGLYPVVVWXXRJW-UHFFFAOYSA-N	Ki	0.0	10000.0	nM	18311894
240718	P21554	OGLYPVVVWXXRJW-UHFFFAOYSA-N	Ki	10000.0	0.0	nM	18311894
240780	P21554	OGNXMBCUTKGOQT-UHFFFAOYSA-N	Ki	390.0	390.0	nM	19091565,21183257
241218	P21554	OHCOCSVHZNUISW-UHFFFAOYSA-N	Displacement	30.3	30.3	%	11960486,10465552
241247	P21554	OHDGLYGQXSEPBY-UHFFFAOYSA-N	EC50	0.0	10000.0	nM	21115245
241448	P21554	OHLQUDPQBDLIOC-UHFFFAOYSA-N	EC50	0.0	32000.0	nM	PubChem BioAssay data set
241448	P21554	OHLQUDPQBDLIOC-UHFFFAOYSA-N	IC50	27500.0	27500.0	nM	,PubChem BioAssay data set
241527	P21554	OHOQFGDSEWQDAX-UHFFFAOYSA-N	IC50	3.981	3.981	nM	19338356
241527	P21554	OHOQFGDSEWQDAX-UHFFFAOYSA-N	Ki	0.1995	0.1995	nM	19338356
241527	P21554	OHOQFGDSEWQDAX-UHFFFAOYSA-N	Ki	0.2	0.2	nM	19338356
241592	P21554	OHPIQCNZIIKWMA-UHFFFAOYSA-N	Activity	84.0	84.0	%	18342403
241592	P21554	OHPIQCNZIIKWMA-UHFFFAOYSA-N	Ki	1000.0	1000.0	nM	18342403
241604	P21554	OHPWSHVSJWSBMO-UHFFFAOYSA-N	Ki	0.0	10000.0	nM	16213718
241640	P21554	OHRCIEPIHMBGNU-UHFFFAOYSA-N	IC50	197.0	197.0	nM	19530697
241697	P21554	OHSUGNFHIZEZPW-OAHLLOKOSA-N	Ki	69.0	69.0	nM	18440813
241756	P21554	OHUWYUPGBKXSBH-UHFFFAOYSA-N	EC50	210.0	210.0	nM	18430570
241756	P21554	OHUWYUPGBKXSBH-UHFFFAOYSA-N	Ki	91.0	91.0	nM	18430570
241868	P21554	OIAQJMNFQCVIEJ-UHFFFAOYSA-N	Ki	277.0	277.0	nM	18335976
241869	P21554	OIATXZGHHMKXBZ-INIZCTEOSA-N	Ki	3.4	3.4	nM	19595596
241872	P21554	OIATXZGHHMKXBZ-MRXNPFEDSA-N	Ki	14.0	14.0	nM	19595596
241891	P21554	OIBLBSLQCWRDNX-UHFFFAOYSA-N	IC50	55.0	55.0	nM	19954978
242047	P21554	OIHLAEIHISDJGA-UHFFFAOYSA-N	EC50	136.2	136.2	nM	19095444
242047	P21554	OIHLAEIHISDJGA-UHFFFAOYSA-N	IC50	251.1	251.1	nM	19095444
242061	P21554	OIIAXWLRPPDBHW-AHTUAUCYSA-N	Ki	0.7079	0.7079	nM	17521177,17980589
242061	P21554	OIIAXWLRPPDBHW-AHTUAUCYSA-N	Ki	0.71	0.71	nM	17521177
242213	P21554	OINCQRGOMJVZHD-UHFFFAOYSA-N	Ki	197.0	197.0	nM	22284817
242279	P21554	OIQAKJMTFDOQDO-UHFFFAOYSA-N	Inhibition	19.9	19.9	%	19095444
242388	P21554	OITHNNNIGWHOAY-UHFFFAOYSA-N	Ki	0.0	50.0	nM	19143566
242396	P21554	OITKIKUZGKXKPC-UHFFFAOYSA-N	EC50	6050.0	6050.0	nM	23795771
242396	P21554	OITKIKUZGKXKPC-UHFFFAOYSA-N	Efficacy	51.5	51.5	%	23795771
242540	P21554	OIYKUSFYZSKAJZ-UHFFFAOYSA-N	Activity	20.0	0.0	%	17915849
242540	P21554	OIYKUSFYZSKAJZ-UHFFFAOYSA-N	Activity	42.4	42.4	%	17915849
242540	P21554	OIYKUSFYZSKAJZ-UHFFFAOYSA-N	Activity	56.3	56.3	%	17915849
242571	P21554	OIZQVTBUZIXHPS-UHFFFAOYSA-N	EC50	0.0	32000.0	nM	PubChem BioAssay data set
242571	P21554	OIZQVTBUZIXHPS-UHFFFAOYSA-N	IC50	0.0	32000.0	nM	PubChem BioAssay data set
242603	P21554	OJAQFWPOYJYXBB-UHFFFAOYSA-N	Ke	4.2	4.2	uM	21875798
242616	P21554	OJAWDLHUANBZRO-UHFFFAOYSA-N	EC50	0.0	10000.0	nM	23865723
242636	P21554	OJCCUUBHNGTDNN-UHFFFAOYSA-N	Kd	7.943	7.943	nM	15771428
242636	P21554	OJCCUUBHNGTDNN-UHFFFAOYSA-N	Ki	227.0	227.0	nM	15771428
242673	P21554	OJDSJFYANNFHJF-UHFFFAOYSA-N	IC50	0.59	0.59	nM	20015647
242673	P21554	OJDSJFYANNFHJF-UHFFFAOYSA-N	IC50	9.7	9.7	nM	20015647
242695	P21554	OJELZJGBPRGETA-UHFFFAOYSA-N	Ki	1090.0	1090.0	nM	18311894
242695	P21554	OJELZJGBPRGETA-UHFFFAOYSA-N	Ki	1096.48	1096.48	nM	18311894
242855	P21554	OJKZYFPEHNTWLH-UHFFFAOYSA-N	Inhibition	10.0	10.0	%	18083560
242980	P21554	OJPIGYYTBXYYFN-UHFFFAOYSA-N	IC50	2800.0	2800.0	nM	18293908
242980	P21554	OJPIGYYTBXYYFN-UHFFFAOYSA-N	Ki	1600.0	1600.0	nM	18293908
243022	P21554	OJQWPKHJTWYDHA-ATVHPVEESA-N	Inhibition	12.0	12.0	%	MedChemComm, (2014) 5:5:632
243022	P21554	OJQWPKHJTWYDHA-ATVHPVEESA-N	Ki	0.0	10000.0	nM	MedChemComm, (2014) 5:5:632
243090	P21554	OJTBFENWQVPTFK-UHFFFAOYSA-N	Ki	116.0	116.0	nM	22341572
243134	P21554	OJUXAQNBCOQSTL-UHFFFAOYSA-N	Ki	4250.0	4250.0	nM	16279794
243284	P21554	OJZYJSOKAVJRNE-UHFFFAOYSA-N	Activity	58.0	58.0	%	18342403,MedChemComm, (2015) 6:11:1978
243344	P21554	OKBNPTSVHSNLFJ-RGEXLXHISA-N	Inhibition	35.0	35.0	%	MedChemComm, (2014) 5:5:632
243344	P21554	OKBNPTSVHSNLFJ-RGEXLXHISA-N	Ki	0.0	10000.0	nM	MedChemComm, (2014) 5:5:632
243449	P21554	OKEKMZKCFUZLEN-UHFFFAOYSA-N	Ki	150.0	150.0	nM	17979261
243449	P21554	OKEKMZKCFUZLEN-UHFFFAOYSA-N	Ki	334.0	334.0	nM	17979261
243449	P21554	OKEKMZKCFUZLEN-UHFFFAOYSA-N	Ki	475.0	475.0	nM	17979261
243479	P21554	OKFVHQOOPINIEL-UHFFFAOYSA-N	Ki	46.99	46.99	nM	Med Chem Res, (2013) 22:9:4133
243479	P21554	OKFVHQOOPINIEL-UHFFFAOYSA-N	Ki	47.0	47.0	nM	Med Chem Res, (2013) 22:9:4133
243537	P21554	OKHORWCUMZIORR-UHFFFAOYSA-N	Ki	0.0	20000.0	nM	,Bioorg. Med. Chem. Lett., (1996) 6:19:2263
243655	P21554	OKJLMFTYQUGUGK-SDNWHVSQSA-N	Ki	24.8	24.8	nM	24518874
243712	P21554	OKLQXZSFLXZPLW-UHFFFAOYSA-N	Ki	0.0	1000.0	nM	23865723
243870	P21554	OKSNOSDSHBATTM-UHFFFAOYSA-N	IC50	68.0	68.0	nM	20047779
243870	P21554	OKSNOSDSHBATTM-UHFFFAOYSA-N	Ki	8.1	8.1	nM	20047779
243870	P21554	OKSNOSDSHBATTM-UHFFFAOYSA-N	Ki	8.1	8.1	nM	20047779
244182	P21554	OLFQQYIGGPZATM-UHFFFAOYSA-N	Activity	80.0	80.0	%	23164658
244182	P21554	OLFQQYIGGPZATM-UHFFFAOYSA-N	EC50	7740.0	7740.0	nM	23164658
244182	P21554	OLFQQYIGGPZATM-UHFFFAOYSA-N	Ki	3120.0	3120.0	nM	23164658
244256	P21554	OLHXKPCTKJZNJB-UHFFFAOYSA-N	EC50	0.0	1000.0	nM	18680277
244256	P21554	OLHXKPCTKJZNJB-UHFFFAOYSA-N	EC50	0.0	10000.0	nM	18680277
244346	P21554	OLJLWTWDLVDDKS-UHFFFAOYSA-N	EC50	0.0	20000.0	nM	21354795
244362	P21554	OLJWQVYPTVQZJK-UHFFFAOYSA-N	Ki	280.0	280.0	nM	19921781
244362	P21554	OLJWQVYPTVQZJK-UHFFFAOYSA-N	Ki	281.84	281.84	nM	19921781
244420	P21554	OLLPWANHULOQCI-UHFFFAOYSA-N	IC50	195.0	195.0	nM	18243711
244457	P21554	OLMYSJIXUHCNEC-UHFFFAOYSA-N	Ki	0.0	10000.0	nM	18424134
244483	P21554	OLNTVTPDXPETLC-LIMDNCRJSA-N	Inhibition	50.0	50.0	%	18363352
244483	P21554	OLNTVTPDXPETLC-LIMDNCRJSA-N	Ki	301.4	301.4	nM	18363352
244484	P21554	OLNTVTPDXPETLC-UHFFFAOYSA-N	Ki	301.4	301.4	nM	18363352
244484	P21554	OLNTVTPDXPETLC-UHFFFAOYSA-N	Ki	301.4	301.4	nM	18363352
244567	P21554	OLQWGWOUAXPJDJ-UHFFFAOYSA-N	Activity	20.0	0.0	%	16392827
244806	P21554	OMBJIPQFOFIAMF-UHFFFAOYSA-N	EC50	0.0	10000.0	nM	22130134
244904	P21554	OMGBHSJGIZWCCX-UHFFFAOYSA-N	Ki	537.03	537.03	nM	19921781
244904	P21554	OMGBHSJGIZWCCX-UHFFFAOYSA-N	Ki	538.0	538.0	nM	19921781
244966	P21554	OMIHQKYKCRPXPH-UHFFFAOYSA-N	IC50	3.7	3.7	nM	17270441,19328684
245010	P21554	OMKIRMOGCJJVIP-UHFFFAOYSA-N	Ke	5.34	5.34	uM	21875798
245027	P21554	OMLGPXXIQYFOSM-UHFFFAOYSA-N	IC50	7.0	7.0	nM	17270441
245138	P21554	OMQOARKDDJLKGC-UHFFFAOYSA-N	Ki	800.0	800.0	nM	18579386
245340	P21554	OMWKLZJZJXOYOV-UHFFFAOYSA-N	IC50	23.0	23.0	nM	20483606
245428	P21554	OMZGWMWVQIYTFO-UHFFFAOYSA-N	Activity	4.0	4.0	%	19646869
245428	P21554	OMZGWMWVQIYTFO-UHFFFAOYSA-N	Inhibition	4.0	4.0	%	19736007
245676	P21554	ONIULYGRFWGEHO-UHFFFAOYSA-N	IC50	0.7	0.7	nM	20423086
245676	P21554	ONIULYGRFWGEHO-UHFFFAOYSA-N	IC50	1.7	1.7	nM	20423086
245676	P21554	ONIULYGRFWGEHO-UHFFFAOYSA-N	Ratio IC50	4.0	4.0	-	20423086
245753	P21554	ONLDPEQPGSFLOQ-HJOGWXRNSA-N	Ki	1900.0	1900.0	nM	18831576
245889	P21554	ONQXDSAOZGJTQF-UVTDQMKNSA-N	Inhibition	12.0	12.0	%	MedChemComm, (2014) 5:5:632
245889	P21554	ONQXDSAOZGJTQF-UVTDQMKNSA-N	Ki	0.0	10000.0	nM	MedChemComm, (2014) 5:5:632
245948	P21554	ONTMVGJDPXZQKB-SJLPKXTDSA-N	Ki	0.0	3000.0	nM	20079638
246050	P21554	ONWOFJCPRAZRKC-BOPFTXTBSA-N	Activity	19.0	19.0	%	20020710
246079	P21554	ONXJNAIZJKLJGA-KRWDZBQOSA-N	EC50	25.12	25.12	nM	20634067
246150	P21554	OOALWLFUSOVWMV-UHFFFAOYSA-N	Activity	-21.0	-21.0	%	19278853
246169	P21554	OOBBRVPUGUGFHT-FYYUSBCQSA-N	Ki	14.4	14.4	nM	23085772
246179	P21554	OOBORCZTMJULEJ-UHFFFAOYSA-N	Activity	20.0	0.0	%	16392827
246198	P21554	OOCSSGMNPWJQRK-UHFFFAOYSA-N	IC50	1100.0	1100.0	nM	15713403
246334	P21554	OOIAKLSSDOZIEW-UHFFFAOYSA-N	Inhibition	87.0	87.0	%	21923175
246579	P21554	OOSACTQESLHRKF-UHFFFAOYSA-N	IC50	1.318	1.318	nM	21334892
246579	P21554	OOSACTQESLHRKF-UHFFFAOYSA-N	IC50	1.32	1.32	nM	21334892
246659	P21554	OOUPVYXHLAIXAB-HNNXBMFYSA-N	Inhibition	6.3	6.3	%	19919895
246674	P21554	OOVMTVFAEVACQP-GOSISDBHSA-N	EC50	291.0	291.0	nM	22607668
246674	P21554	OOVMTVFAEVACQP-GOSISDBHSA-N	Emax	104.0	104.0	%	22607668
246680	P21554	OOVUQROFIYVYHF-UHFFFAOYSA-N	Ki	900.0	900.0	nM	20005710
246707	P21554	OOWUVZSCUJKBIT-UHFFFAOYSA-N	Activity	20.0	0.0	%	16392827
246771	P21554	OOYWJMMDIGXFRM-JOCHJYFZSA-N	Ki	0.0	5000.0	nM	18522867
246773	P21554	OOYWJMMDIGXFRM-QFIPXVFZSA-N	Ki	0.0	5000.0	nM	18522867
246789	P21554	OOZQCQPBSOEZBL-UHFFFAOYSA-N	Ki	0.0	10000.0	nM	21183257,20718492
246804	P21554	OOZZVLXSPKRQAW-LJQANCHMSA-N	EC50	173.0	173.0	nM	22607668
246804	P21554	OOZZVLXSPKRQAW-LJQANCHMSA-N	Emax	120.0	120.0	%	22607668
247137	P21554	OPLSUIUJWGFZEH-ONTIZHBOSA-N	Emax	72.0	72.0	%	21420857
247137	P21554	OPLSUIUJWGFZEH-ONTIZHBOSA-N	IC50	963.0	963.0	nM	21420857
247140	P21554	OPLSUIUJWGFZEH-VWPQPMDRSA-N	Emax	79.0	79.0	%	21420857
247140	P21554	OPLSUIUJWGFZEH-VWPQPMDRSA-N	IC50	312.0	312.0	nM	21420857
247261	P21554	OPPVCBHBHKEVSH-UHFFFAOYSA-N	Displacement	91.7	91.7	%	15801840
247261	P21554	OPPVCBHBHKEVSH-UHFFFAOYSA-N	Ki	3630.0	3630.0	nM	15801840
247393	P21554	OPWCLDMBLALICS-UHFFFAOYSA-N	EC50	56.2	56.2	nM	19095444
247393	P21554	OPWCLDMBLALICS-UHFFFAOYSA-N	IC50	81.9	81.9	nM	19095444
247464	P21554	OPYOJVJATARELS-UHFFFAOYSA-N	IC50	54.0	54.0	nM	18293908
247464	P21554	OPYOJVJATARELS-UHFFFAOYSA-N	Ki	28.0	28.0	nM	21183257
247464	P21554	OPYOJVJATARELS-UHFFFAOYSA-N	Ki	30.0	30.0	nM	18293908
247490	P21554	OPZKBPQVWDSATI-UHFFFAOYSA-N	Ki	0.0	10000.0	nM	15356216
247559	P21554	OQBYHQSUGBQEEC-UHFFFAOYSA-N	Ki	0.0	10000.0	nM	20718492,21183257
247575	P21554	OQCIVVIWXFKWDZ-UHFFFAOYSA-N	Ki	626.0	626.0	nM	20979417
247720	P21554	OQFHJKZVOALSPV-UHFFFAOYSA-N	Ki	790.0	790.0	nM	21867920
247720	P21554	OQFHJKZVOALSPV-UHFFFAOYSA-N	Ki	2400.0	2400.0	nM	21867920
247810	P21554	OQIBXTHHXDTIBJ-NRFANRHFSA-N	IC50	100.0	100.0	nM	18754613
247810	P21554	OQIBXTHHXDTIBJ-NRFANRHFSA-N	Ki	16.9	16.9	nM	18754613
247824	P21554	OQIBXTHHXDTIBJ-OAQYLSRUSA-N	IC50	2.8	2.8	nM	18754613
247824	P21554	OQIBXTHHXDTIBJ-OAQYLSRUSA-N	Ki	0.5	0.5	nM	18754613
247847	P21554	OQIBXTHHXDTIBJ-UHFFFAOYSA-N	Ki	0.5	0.5	nM	18754613
247847	P21554	OQIBXTHHXDTIBJ-UHFFFAOYSA-N	Ki	16.9	16.9	nM	18754613
247866	P21554	OQJBKNJQDYHFTO-UHFFFAOYSA-N	Kd	31.62	31.62	nM	14736243
247866	P21554	OQJBKNJQDYHFTO-UHFFFAOYSA-N	Ki	170.0	170.0	nM	14736243
247874	P21554	OQJKJEJGASFVMR-UHFFFAOYSA-N	Ke	7.4	7.4	nM	24041123
247874	P21554	OQJKJEJGASFVMR-UHFFFAOYSA-N	Ki	2.67	2.67	nM	,None,24041123
247923	P21554	OQLJPXOUYFTNCP-UHFFFAOYSA-N	Ke	140.0	140.0	nM	24041123
247999	P21554	OQNYYUBHUMEXNC-UHFFFAOYSA-N	IC50	49.4	49.4	nM	18243711
248004	P21554	OQOCZVKCYOLNJZ-UHFFFAOYSA-N	Ki	1052.0	1052.0	nM	22548457
248035	P21554	OQPUCJSRZGIBRY-NHCUHLMSSA-N	Ki	66.4	66.4	nM	24175572
248083	P21554	OQQXYPGARWEACC-UHFFFAOYSA-N	EC50	0.0	20000.0	nM	21354795
248084	P21554	OQRATWGXJJYXEM-KXZRCVDZSA-N	Emax	99.0	99.0	%	21420857
248084	P21554	OQRATWGXJJYXEM-KXZRCVDZSA-N	IC50	4044.0	4044.0	nM	21420857
248120	P21554	OQSLHWUZEPBLOA-MWTRTKDXSA-N	Ki	18.0	18.0	nM	20018510
248340	P21554	ORBXXIQKZFKULT-UHFFFAOYSA-N	Ki	0.0	10000.0	nM	22370265
248453	P21554	ORFXNKKDXXLOJV-UHFFFAOYSA-N	Ki	25.0	25.0	nM	17383180
248454	P21554	ORFZPLKMZALKSH-UHFFFAOYSA-N	Ki	122.7	122.7	nM	Med Chem Res, (2013) 22:9:4133
248454	P21554	ORFZPLKMZALKSH-UHFFFAOYSA-N	Ki	122.74	122.74	nM	Med Chem Res, (2013) 22:9:4133
248617	P21554	ORLIODSYOQPPKF-UHFFFAOYSA-N	Ke	201.0	201.0	nM	22372835
248617	P21554	ORLIODSYOQPPKF-UHFFFAOYSA-N	Ki	62.6	62.6	nM	22372835
248641	P21554	ORMFCWJFMCARPF-UHFFFAOYSA-N	Activity	27.0	27.0	%	16279809
248708	P21554	OROCWHONKKAXSM-UHFFFAOYSA-N	EC50	0.0	3162.28	nM	19010671
248708	P21554	OROCWHONKKAXSM-UHFFFAOYSA-N	Efficacy	10.0	0.0	%	19010671
248752	P21554	ORPULAPYNPMMAQ-UHFFFAOYSA-N	Ki	0.0	10000.0	nM	24900561
248843	P21554	ORTVDISIJXKUAV-FCHUYYIVSA-N	Ki	1.2	1.2	nM	20943404
249183	P21554	OSGCZBSBEOQWOA-UHFFFAOYSA-N	EC50	0.0	17000.0	nM	24461289
249445	P21554	OSRIYOCKYMLBTA-UHFFFAOYSA-N	EC50	0.0	10000.0	nM	21115245
249495	P21554	OSTNBXVEQLJJOM-UHFFFAOYSA-N	Ki	1860.0	1860.0	nM	22044209
249501	P21554	OSTOSGCVTVIGHA-WCSIJFPASA-N	IC50	0.0	1000.0	nM	22959249
249601	P21554	OSWZVICHJWTZBE-WOJBJXKFSA-N	Ki	621.0	621.0	nM	,Bioorg. Med. Chem. Lett., (1996) 6:2:189
249790	P21554	OTEMHRZNNDODDW-UHFFFAOYSA-N	Activity	-16.0	-16.0	%	19278853
249802	P21554	OTEXJGPPDFKPIG-UHFFFAOYSA-N	Ki	24.0	24.0	nM	18511157
249808	P21554	OTFCHVZCYDGYMS-UHFFFAOYSA-N	EC50	13.8	13.8	nM	18712856
249808	P21554	OTFCHVZCYDGYMS-UHFFFAOYSA-N	IC50	1.2	1.2	nM	18712856
249808	P21554	OTFCHVZCYDGYMS-UHFFFAOYSA-N	IC50	6.1	6.1	nM	18712856
250057	P21554	OTOYPUZUQZCTOG-UHFFFAOYSA-N	EC50	0.0	32000.0	nM	PubChem BioAssay data set
250057	P21554	OTOYPUZUQZCTOG-UHFFFAOYSA-N	IC50	0.0	32000.0	nM	PubChem BioAssay data set
250067	P21554	OTPGLJQNJKUUMG-UHFFFAOYSA-N	IC50	2700.0	2700.0	nM	22340081
250069	P21554	OTPJCLRWQYHHMN-UHFFFAOYSA-N	IC50	0.631	0.631	nM	21334892
250114	P21554	OTQMQCJNTMMDQF-UHFFFAOYSA-N	IC50	763.0	763.0	nM	17433696
250204	P21554	OTTVGVKHTFTSTG-UHFFFAOYSA-N	Activity	29.4	29.4	%	16392827
250204	P21554	OTTVGVKHTFTSTG-UHFFFAOYSA-N	Displacement	29.4	29.4	%	15801840
250273	P21554	OTWNRERSJLONOB-UHFFFAOYSA-N	Activity	68.0	68.0	%	18342403
250502	P21554	OUGDMJNQRYKRBR-UHFFFAOYSA-N	IC50	24.0	24.0	nM	16263284
250785	P21554	OURFGJMYPYSEAS-UHFFFAOYSA-N	EC50	0.0	10000.0	nM	23380378
250881	P21554	OUURBZLOYPVHIW-UHFFFAOYSA-N	Activity	62.0	62.0	%	18342403
251040	P21554	OVCBVNXWJQGESU-UHFFFAOYSA-N	EC50	5.7	5.7	nM	18712856
251040	P21554	OVCBVNXWJQGESU-UHFFFAOYSA-N	IC50	1.3	1.3	nM	18712856
251260	P21554	OVKKNJPJQKTXIT-AZHODBKJSA-N	Ki	1470.0	1470.0	nM	9057852
251265	P21554	OVKOMSNTGWCNNR-UHFFFAOYSA-N	Ki	0.0	5000.0	nM	18522867
251423	P21554	OVRHPHDYSKENNR-UHFFFAOYSA-N	Inhibition	11.1	11.1	%	12672243
251431	P21554	OVRQUZLLFSEDLA-UHFFFAOYSA-N	IC50	480.0	480.0	nM	15664830
251570	P21554	OVVYXZVWNGQLQD-UHFFFAOYSA-N	EC50	0.0	3162.28	nM	19010671
251570	P21554	OVVYXZVWNGQLQD-UHFFFAOYSA-N	Efficacy	10.0	0.0	%	19010671
251685	P21554	OWATUWQTDPKPDC-UHFFFAOYSA-N	Activity	0.0	60.0	%	23017078
251685	P21554	OWATUWQTDPKPDC-UHFFFAOYSA-N	Ki	0.0	1000.0	nM	23017078
251702	P21554	OWBOHCLVPRSYTH-UHFFFAOYSA-N	Activity	35.8	35.8	%	17915849
251734	P21554	OWCOXNVJVGVOCQ-UHFFFAOYSA-N	EC50	0.0	32000.0	nM	PubChem BioAssay data set
251734	P21554	OWCOXNVJVGVOCQ-UHFFFAOYSA-N	IC50	4980.0	4980.0	nM	,PubChem BioAssay data set
251813	P21554	OWFZUYXZECRMQJ-UHFFFAOYSA-N	IC50	2500.0	2500.0	nM	19328684
251868	P21554	OWIJKSMNUUFXND-FGZHOGPDSA-N	Ki	11.0	11.0	nM	18524604,19250829
251881	P21554	OWIWICJORCNNPE-UHFFFAOYSA-N	Activity	0.0	50.0	%	19331413
251881	P21554	OWIWICJORCNNPE-UHFFFAOYSA-N	Ki	10000.0	10000.0	nM	19331413
251936	P21554	OWLDJASELBBGJT-HKUYNNGSSA-N	Kb	9.7	9.7	nM	17383180
251936	P21554	OWLDJASELBBGJT-HKUYNNGSSA-N	Ki	29.0	29.0	nM	17383180
251938	P21554	OWLDJASELBBGJT-IEBWSBKVSA-N	Ki	75.0	75.0	nM	17383180
251940	P21554	OWLDJASELBBGJT-UHFFFAOYSA-N	Ki	29.0	29.0	nM	17383180
251940	P21554	OWLDJASELBBGJT-UHFFFAOYSA-N	Ki	75.0	75.0	nM	17383180
251983	P21554	OWMSLBRCNNBLRQ-UHFFFAOYSA-N	Activity	20.0	0.0	%	16392827
252110	P21554	OWRWLAMBCAEYGF-UHFFFAOYSA-N	Ki	10.0	10.0	nM	22044209
252180	P21554	OWUYAKXOEONUBB-UHFFFAOYSA-N	Ki	590.0	590.0	nM	24729834
252440	P21554	OXFBXBCMWWZUBW-UHFFFAOYSA-N	IC50	82.0	82.0	nM	19328684
252683	P21554	OXNIVLAQPVUFDE-UHFFFAOYSA-N	Inhibition	34.0	34.0	%	14521402
252683	P21554	OXNIVLAQPVUFDE-UHFFFAOYSA-N	Inhibition	34.2	34.2	%	12672243
252758	P21554	OXQNLLVUVDAEHC-OAQYLSRUSA-N	Inhibition	97.0	97.0	%	22910039
252916	P21554	OXWWPTWKQHSVRE-UHFFFAOYSA-N	EC50	13300.0	13300.0	nM	23795771
252916	P21554	OXWWPTWKQHSVRE-UHFFFAOYSA-N	Efficacy	52.4	52.4	%	23795771
252938	P21554	OXXLHXHQPVNGIL-UHFFFAOYSA-N	Ki	0.0	1000.0	nM	24508127
252961	P21554	OXXZOOQIIFAICN-UHFFFAOYSA-N	IC50	150.0	150.0	nM	19328684
252968	P21554	OXYFFHDPKGORMT-MDZDMXLPSA-N	Kd	3.19	3.19	nM	10633038
253036	P21554	OYAQUBKYAKSHOA-UHFFFAOYSA-N	EC50	9010.0	9010.0	nM	24900561
253036	P21554	OYAQUBKYAKSHOA-UHFFFAOYSA-N	Efficacy	124.0	124.0	%	24900561
253036	P21554	OYAQUBKYAKSHOA-UHFFFAOYSA-N	Ki	2260.0	2260.0	nM	24900561
253052	P21554	OYBDWAVFBKZYIO-UHFFFAOYSA-N	Ki	23.0	23.0	nM	17507224
253082	P21554	OYCDXZAUSBGNEU-UHFFFAOYSA-N	EC50	0.0	32000.0	nM	,PubChem BioAssay data set
253082	P21554	OYCDXZAUSBGNEU-UHFFFAOYSA-N	IC50	1470.0	1470.0	nM	,PubChem BioAssay data set
253310	P21554	OYJUZWUTANVDTM-SLYNCCJLSA-N	IC50	0.0	17000.0	nM	21420857
253332	P21554	OYKSVNSOTXGKJN-FQEVSTJZSA-N	IC50	480.0	480.0	nM	20423086
253335	P21554	OYKSVNSOTXGKJN-HXUWFJFHSA-N	IC50	1.1	1.1	nM	20423086
253435	P21554	OYOAATKQFOAFCN-UHFFFAOYSA-N	Ki	0.0	3000.0	nM	20979417
253577	P21554	OYTPXCNPHCBFOT-UHFFFAOYSA-N	Ki	100.0	100.0	nM	Med Chem Res, (2013) 22:9:4133
253655	P21554	OYXNQWCRVZYCTK-UHFFFAOYSA-N	Activity	22.4	22.4	%	17915849
253655	P21554	OYXNQWCRVZYCTK-UHFFFAOYSA-N	Activity	88.2	88.2	%	17915849
253655	P21554	OYXNQWCRVZYCTK-UHFFFAOYSA-N	Activity	91.6	91.6	%	17915849
253768	P21554	OZBJFLMZWUDPCT-UHFFFAOYSA-N	Ki	52.0	52.0	nM	23350768
253794	P21554	OZBZOTSOLNBUNS-YLJYHZDGSA-N	EC50	2230.0	2230.0	nM	18640038
253794	P21554	OZBZOTSOLNBUNS-YLJYHZDGSA-N	Emax	39.0	39.0	%	18640038
253960	P21554	OZHPRCLUFBVZOR-UHFFFAOYSA-N	IC50	1400.0	1400.0	nM	23227781
253971	P21554	OZIJATBNGVKZLU-UHFFFAOYSA-N	Ki	164.0	164.0	nM	20047779
254039	P21554	OZKNIYDKUNRBKX-UHFFFAOYSA-N	Ki	1.0	1.0	nM	16263283
254056	P21554	OZLHJBSTXWDJKT-UHFFFAOYSA-N	Ki	779.0	779.0	nM	17884494
254111	P21554	OZNIGHJFOUDOAH-UHFFFAOYSA-N	Activity	37.8	37.8	%	16392793
254111	P21554	OZNIGHJFOUDOAH-UHFFFAOYSA-N	Ki	1925.0	1925.0	nM	16392793,21183257
254188	P21554	OZQOPTUHOUIUGL-UHFFFAOYSA-N	Ke	19.2	19.2	nM	23098108
254188	P21554	OZQOPTUHOUIUGL-UHFFFAOYSA-N	Ki	25.5	25.5	nM	,None,23098108
254204	P21554	OZRGAUZGCNDUKW-UHFFFAOYSA-N	Ki	84.0	84.0	nM	19595596
254207	P21554	OZRLYIYCLOJIFZ-UHFFFAOYSA-N	Activity	-10.0	-10.0	%	19278853
254371	P21554	OZVPGEANKQFCHN-UHFFFAOYSA-N	Ki	48.0	48.0	nM	21996466
254516	P21554	OZZVGHKEPQBHOZ-UHFFFAOYSA-N	IC50	0.41	0.41	nM	19954978
254737	P21554	PAGJVMXPAPTXRG-UHFFFAOYSA-N	EC50	260.0	260.0	nM	23227781
254737	P21554	PAGJVMXPAPTXRG-UHFFFAOYSA-N	Emax	77.0	77.0	%	23227781
254737	P21554	PAGJVMXPAPTXRG-UHFFFAOYSA-N	IC50	160.0	160.0	nM	23227781
254758	P21554	PAHGBCUEXOTPIT-MHECFPHRSA-N	IC50	1.6	1.6	nM	17181138
254799	P21554	PAIPVKUHPWZZHH-UHFFFAOYSA-N	Ki	52.0	52.0	nM	20688519
254848	P21554	PAKGZTFXDAABCL-LSLKUGRBSA-N	Ki	560.0	560.0	nM	20005710,21183257
254879	P21554	PALXBJLRVCZZDC-UHFFFAOYSA-N	EC50	3630.0	3630.0	nM	22130134
254981	P21554	PAOKFWIGURVSMZ-UHFFFAOYSA-N	EC50	0.0	32000.0	nM	,PubChem BioAssay data set
254981	P21554	PAOKFWIGURVSMZ-UHFFFAOYSA-N	IC50	7680.0	7680.0	nM	,PubChem BioAssay data set
255246	P21554	PAWWZSJHBLZQQT-UHFFFAOYSA-N	Ki	0.0	10000.0	nM	19921781
255390	P21554	PBAQOVPMCKTRKS-UHFFFAOYSA-N	Inhibition	88.0	88.0	%	22959249
255595	P21554	PBHQXZWCGJMABF-YFHOEESVSA-N	Inhibition	12.0	12.0	%	MedChemComm, (2014) 5:5:632
255595	P21554	PBHQXZWCGJMABF-YFHOEESVSA-N	Ki	0.0	10000.0	nM	MedChemComm, (2014) 5:5:632
255765	P21554	PBNJGMAIWKFONB-UHFFFAOYSA-N	EC50	0.0	32000.0	nM	PubChem BioAssay data set
255765	P21554	PBNJGMAIWKFONB-UHFFFAOYSA-N	IC50	30700.0	30700.0	nM	PubChem BioAssay data set
255803	P21554	PBORMSXACWGICM-UHFFFAOYSA-N	EC50	0.0	20000.0	nM	21354795
255887	P21554	PBRYZURBFBBXQX-UHFFFAOYSA-N	Ki	2553.0	2553.0	nM	,Bioorg. Med. Chem. Lett., (1996) 6:19:2263
255901	P21554	PBTDQKYISORJJJ-UHFFFAOYSA-N	EC50	24.0	24.0	nM	23227781
255901	P21554	PBTDQKYISORJJJ-UHFFFAOYSA-N	Emax	110.0	110.0	%	23227781
255901	P21554	PBTDQKYISORJJJ-UHFFFAOYSA-N	IC50	10.0	10.0	nM	23227781
255901	P21554	PBTDQKYISORJJJ-UHFFFAOYSA-N	IC50	10.0	10.0	nM	23227781
256047	P21554	PBYWRLYMVUMIFF-UHFFFAOYSA-N	Ki	491.0	491.0	nM	18522867
256050	P21554	PBYYLENAEMOPPE-UHFFFAOYSA-N	Inhibition	41.0	41.0	%	21923175
256100	P21554	PCAFDAFQSCZHCE-UHFFFAOYSA-N	IC50	120.0	120.0	nM	16263284
256129	P21554	PCBJAZCBSUGJLF-UHFFFAOYSA-N	Ki	60.0	60.0	nM	22044209
256199	P21554	PCECSRMTDNXFRP-UHFFFAOYSA-N	Activity	55.0	55.0	%	16279809
256287	P21554	PCGXYWLGBAECSY-MRXNPFEDSA-N	Ki	1.4	1.4	nM	20971001
256403	P21554	PCLSYWYZRQXVAJ-XFFZJAGNSA-N	Inhibition	14.0	14.0	%	MedChemComm, (2014) 5:5:632
256403	P21554	PCLSYWYZRQXVAJ-XFFZJAGNSA-N	Ki	0.0	10000.0	nM	MedChemComm, (2014) 5:5:632
256441	P21554	PCMWSIUVWOIBKZ-DOFZRALJSA-N	Ki	150.0	150.0	nM	16213718
256508	P21554	PCPLUKDORVRLOM-UHFFFAOYSA-N	EC50	1000.0	1000.0	nM	19328683
256779	P21554	PDBHDKBOZXQKPN-UHFFFAOYSA-N	Activity	10.0	0.0	%	16451053
256828	P21554	PDDHHLKCLCQTPB-UHFFFAOYSA-N	Activity	32.5	32.5	%	16392793
256851	P21554	PDECHEOPDLDSKL-UHFFFAOYSA-N	Activity	10.0	0.0	%	16392827
256952	P21554	PDIYGSQRAFCEIJ-UHFFFAOYSA-N	EC50	0.0	3162.28	nM	19010671
256952	P21554	PDIYGSQRAFCEIJ-UHFFFAOYSA-N	Efficacy	5.0	5.0	%	19010671
257285	P21554	PDTSLVFLOQNGHA-UHFFFAOYSA-N	Inhibition	20.0	20.0	%	18083560
257333	P21554	PDVQMRNULGDUHO-WDZFZDKYSA-N	Inhibition	8.0	8.0	%	MedChemComm, (2014) 5:5:632
257333	P21554	PDVQMRNULGDUHO-WDZFZDKYSA-N	Ki	0.0	10000.0	nM	MedChemComm, (2014) 5:5:632
257428	P21554	PEAAKWGEQGHNHJ-UHFFFAOYSA-N	Ki	336000.0	336000.0	nM	21872477
257436	P21554	PEALZKZJBCMCNB-UHFFFAOYSA-N	EC50	0.0	31622.8	nM	20005703
257550	P21554	PEEPARIUIZRQHZ-UHFFFAOYSA-N	Ki	0.0	10000.0	nM	22341572
257762	P21554	PEMIFSRCWZWBKB-UHFFFAOYSA-N	Ki	15.0	15.0	nM	24182233
257900	P21554	PERSDNDAZVUCRW-UHFFFAOYSA-N	Inhibition	28.0	28.0	%	23350768
257900	P21554	PERSDNDAZVUCRW-UHFFFAOYSA-N	Ki	0.0	10000.0	nM	23350768
257955	P21554	PEUBSOYDGKVQFT-UHFFFAOYSA-N	IC50	40.0	40.0	nM	22340081
257955	P21554	PEUBSOYDGKVQFT-UHFFFAOYSA-N	IC50	200.0	200.0	nM	22340081
258065	P21554	PEXYKZYTXIEEOB-UHFFFAOYSA-N	Ki	14.79	14.79	nM	19921781
258065	P21554	PEXYKZYTXIEEOB-UHFFFAOYSA-N	Ki	15.0	15.0	nM	19921781
258212	P21554	PFDGOGZICDKRKH-INIZCTEOSA-N	Ki	140.0	140.0	nM	17466519
258414	P21554	PFKMLTYUUQSKMF-WOJBJXKFSA-N	Ki	0.0	3000.0	nM	20079638
258629	P21554	PFSLDHWSUPFZPK-UHFFFAOYSA-N	Activity	-9.0	-9.0	%	19278853
258629	P21554	PFSLDHWSUPFZPK-UHFFFAOYSA-N	Activity	24.0	24.0	%	23679955
258629	P21554	PFSLDHWSUPFZPK-UHFFFAOYSA-N	Ki	0.0	10000.0	nM	23679955
258757	P21554	PFWWYINRDLSQHX-UHFFFAOYSA-N	IC50	2280.0	2280.0	nM	24445310
258757	P21554	PFWWYINRDLSQHX-UHFFFAOYSA-N	Inhibition	96.6	96.6	%	24445310
258811	P21554	PFZMCDNBEBHNGO-BETUJISGSA-N	EC50	0.0	31622.8	nM	20005703
258850	P21554	PGANSUZFUPXVME-UHFFFAOYSA-N	EC50	0.0	3162.28	nM	19010671
258850	P21554	PGANSUZFUPXVME-UHFFFAOYSA-N	Efficacy	7.0	7.0	%	19010671
258982	P21554	PGENRRWCNZXZQN-UHFFFAOYSA-N	EC50	7.9	7.9	nM	18712856
258982	P21554	PGENRRWCNZXZQN-UHFFFAOYSA-N	IC50	1.4	1.4	nM	18712856
259447	P21554	PGXDLZYAKFSBNC-UHFFFAOYSA-N	Kd	3.981	3.981	nM	15771428
259447	P21554	PGXDLZYAKFSBNC-UHFFFAOYSA-N	Ki	34.0	34.0	nM	15771428
259573	P21554	PHBINUYTXKBMBY-UHFFFAOYSA-N	Activity	31.0	31.0	%	23697626
259573	P21554	PHBINUYTXKBMBY-UHFFFAOYSA-N	Ki	0.0	10000.0	nM	23697626
259739	P21554	PHHNXHHVYFIECJ-UHFFFAOYSA-N	Activity	0.0	50.0	%	19331413
259739	P21554	PHHNXHHVYFIECJ-UHFFFAOYSA-N	Ki	199.53	199.53	nM	19331413
259739	P21554	PHHNXHHVYFIECJ-UHFFFAOYSA-N	Ki	200.0	200.0	nM	19331413
259739	P21554	PHHNXHHVYFIECJ-UHFFFAOYSA-N	Ki	220.0	220.0	nM	19331413
259877	P21554	PHLBKPHSAVXXEF-UHFFFAOYSA-N	Ki	0.0	10000.0	nM	http://pdsp.med.unc.edu/pdsp.php
259948	P21554	PHNRPWAVVNJJKR-UHFFFAOYSA-N	Ki	3210.0	3210.0	nM	21183257,20718492
259972	P21554	PHOKPCGYGFVDFG-UHFFFAOYSA-N	EC50	0.0	10.0	nM	21669533
259972	P21554	PHOKPCGYGFVDFG-UHFFFAOYSA-N	Ki	0.0	20000.0	nM	21669533
260011	P21554	PHPXNMDZABDTFM-UHFFFAOYSA-N	Ki	454.0	454.0	nM	21996466
260190	P21554	PHWDIDWKGGEYRL-UHFFFAOYSA-N	Kd	3.981	3.981	nM	20363132
260190	P21554	PHWDIDWKGGEYRL-UHFFFAOYSA-N	Ki	34.0	34.0	nM	20363132
260222	P21554	PHXLKIQQLZJXSP-PTNGSMBKSA-N	Ki	4780.0	4780.0	nM	MedChemComm, (2014) 5:5:632
260267	P21554	PHZMYJRNOGKSBG-UHFFFAOYSA-N	EC50	0.0	32000.0	nM	PubChem BioAssay data set
260267	P21554	PHZMYJRNOGKSBG-UHFFFAOYSA-N	IC50	6630.0	6630.0	nM	PubChem BioAssay data set
260439	P21554	PIGFBJRSJUKOLP-UHFFFAOYSA-N	EC50	0.0	10000.0	nM	23147076
260493	P21554	PIHTTXCYHKHTJB-UHFFFAOYSA-N	EC50	23.0	23.0	nM	23227781
260493	P21554	PIHTTXCYHKHTJB-UHFFFAOYSA-N	Emax	110.0	110.0	%	23227781
260493	P21554	PIHTTXCYHKHTJB-UHFFFAOYSA-N	IC50	6.1	6.1	nM	23227781
260507	P21554	PIIJIDXGYZBGMW-UHFFFAOYSA-N	Ki	1769.0	1769.0	nM	23623258
260691	P21554	PIQKCFMGYGBVIK-UHFFFAOYSA-N	Kd	19.95	19.95	nM	15771428
260691	P21554	PIQKCFMGYGBVIK-UHFFFAOYSA-N	Ki	52.0	52.0	nM	15771428
260725	P21554	PIRXZRZNBGBOKB-UHFFFAOYSA-N	Ki	2630.0	2630.0	nM	23865723
260857	P21554	PIWZORIYICBPSG-FNORWQNLSA-N	Kd	0.77	0.77	nM	10633038
260857	P21554	PIWZORIYICBPSG-FNORWQNLSA-N	Kd	1.25	1.25	nM	10633038
260911	P21554	PIYWKJKVVMSCGG-UHFFFAOYSA-N	EC50	0.0	10000.0	nM	19320488
260911	P21554	PIYWKJKVVMSCGG-UHFFFAOYSA-N	IC50	0.0	10000.0	nM	19320488
260992	P21554	PJBHWFHBOPMXAM-UHFFFAOYSA-N	Ki	0.0	5000.0	nM	21867920
261005	P21554	PJBQLHXXQILOPS-UHFFFAOYSA-N	Ki	460.0	460.0	nM	20718492
261179	P21554	PJHSAZYPRMKDCQ-UHFFFAOYSA-N	Ki	386.0	386.0	nM	24518874
261251	P21554	PJLSBYYRTNXSCE-UHFFFAOYSA-N	Inhibition	2.0	2.0	%	14521402
261272	P21554	PJMNPDOPNJTQII-UHFFFAOYSA-N	EC50	0.0	20000.0	nM	21354795,25556098
261294	P21554	PJMSYDVTAXLHFO-UHFFFAOYSA-N	Activity	19.0	19.0	%	23697626
261294	P21554	PJMSYDVTAXLHFO-UHFFFAOYSA-N	Ki	0.0	10000.0	nM	23697626
261355	P21554	PJPBVOAEXHKPAB-PMACEKPBSA-N	Ki	38.8	38.8	nM	Bioorg. Med. Chem. Lett., (1996) 6:2:189
261355	P21554	PJPBVOAEXHKPAB-PMACEKPBSA-N	Ki	39.0	39.0	nM	
261357	P21554	PJPBVOAEXHKPAB-UHFFFAOYSA-N	Kd	0.77	0.77	nM	10633038
261359	P21554	PJPBVOAEXHKPAB-WOJBJXKFSA-N	Ki	0.77	0.77	nM	9784115
261359	P21554	PJPBVOAEXHKPAB-WOJBJXKFSA-N	Ki	0.83	0.83	nM	,23865723
261359	P21554	PJPBVOAEXHKPAB-WOJBJXKFSA-N	Ki	0.83	0.83	nM	17521177,23865723,Bioorg. Med. Chem. Lett., (1996) 6:2:189
261359	P21554	PJPBVOAEXHKPAB-WOJBJXKFSA-N	Ki	0.8318	0.8318	nM	17521177,17980589
261399	P21554	PJQIBVPPWAUFQB-UHFFFAOYSA-N	Ki	0.0	10000.0	nM	23865723,19143566
261401	P21554	PJQIWZIEDVJZJS-UHFFFAOYSA-N	Inhibition	81.0	81.0	%	21923175
261693	P21554	PKAIHLUGFFKSDM-UHFFFAOYSA-N	EC50	0.0	2000.0	nM	18640038
261693	P21554	PKAIHLUGFFKSDM-UHFFFAOYSA-N	EC50	1300.0	1300.0	nM	18640038
261693	P21554	PKAIHLUGFFKSDM-UHFFFAOYSA-N	Emax	46.0	46.0	%	18640038
261693	P21554	PKAIHLUGFFKSDM-UHFFFAOYSA-N	Emax	70.0	70.0	%	18640038
261788	P21554	PKDROOQJJGDUHT-UHFFFAOYSA-N	Ke	20.5	20.5	nM	22372835
261788	P21554	PKDROOQJJGDUHT-UHFFFAOYSA-N	Ki	165.0	165.0	nM	22372835
261865	P21554	PKGHVSXASWDEEF-UHFFFAOYSA-N	IC50	0.1	0.1	nM	20015647
261865	P21554	PKGHVSXASWDEEF-UHFFFAOYSA-N	IC50	0.19	0.19	nM	20015647
261865	P21554	PKGHVSXASWDEEF-UHFFFAOYSA-N	IC50	2.6	2.6	nM	20015647
262040	P21554	PKMVYECLFMXUSA-UHFFFAOYSA-N	Activity	21.0	21.0	%	23697626
262040	P21554	PKMVYECLFMXUSA-UHFFFAOYSA-N	Ki	0.0	10000.0	nM	23697626
262069	P21554	PKNQOWYTLLPMSG-UHFFFAOYSA-N	IC50	4450.0	4450.0	nM	19954978
262121	P21554	PKPJEIOWHFIXMG-UHFFFAOYSA-N	Activity	0.0	50.0	%	19331413
262121	P21554	PKPJEIOWHFIXMG-UHFFFAOYSA-N	Ki	3400.0	3400.0	nM	19331413
262153	P21554	PKRBTURWWKDDGX-UHFFFAOYSA-N	IC50	128.0	128.0	nM	18243711
262166	P21554	PKRUKJFKTCSMRE-UHFFFAOYSA-N	Ki	2500.0	2500.0	nM	19919895
262176	P21554	PKSCSZVPUVSFNN-UHFFFAOYSA-N	IC50	6.026	6.026	nM	21334892
262176	P21554	PKSCSZVPUVSFNN-UHFFFAOYSA-N	IC50	6.03	6.03	nM	21334892
262218	P21554	PKTSCJXWLVREKX-UHFFFAOYSA-N	Ki	5.2	5.2	nM	19683918
262218	P21554	PKTSCJXWLVREKX-UHFFFAOYSA-N	Ki	9.5	9.5	nM	19683918
262257	P21554	PKUSYOCDQLCSJK-UHFFFAOYSA-N	IC50	4.2	4.2	nM	19954978
262264	P21554	PKUXHHDYTRMJIA-UHFFFAOYSA-N	EC50	665.0	665.0	nM	21115245
262283	P21554	PKVJUDOXBGBENL-HRAATJIYSA-N	IC50	47.7	47.7	nM	19632830
262477	P21554	PLDPMGKDBWCPST-UHFFFAOYSA-N	EC50	6.0	6.0	nM	19320488
262477	P21554	PLDPMGKDBWCPST-UHFFFAOYSA-N	IC50	200.0	200.0	nM	19320488
262536	P21554	PLEKLOVYPVBULM-OALUTQOASA-N	Ki	270.0	270.0	nM	17383180
262537	P21554	PLEKLOVYPVBULM-RTBURBONSA-N	Ki	940.0	940.0	nM	17383180
262586	P21554	PLGYPOOLKDEANJ-LBPRGKRZSA-N	Ki	1273.0	1273.0	nM	17466519
262659	P21554	PLKCOAWMCVGORE-UHFFFAOYSA-N	EC50	179.0	179.0	nM	20845959
262659	P21554	PLKCOAWMCVGORE-UHFFFAOYSA-N	EC50	870.96	870.96	nM	25096297
262659	P21554	PLKCOAWMCVGORE-UHFFFAOYSA-N	EC50	871.0	871.0	nM	25096297
262659	P21554	PLKCOAWMCVGORE-UHFFFAOYSA-N	Emax	-38.8	-38.8	%	20845959
262659	P21554	PLKCOAWMCVGORE-UHFFFAOYSA-N	Emax	89.21	89.21	%	25096297
262659	P21554	PLKCOAWMCVGORE-UHFFFAOYSA-N	Kd	8.318	8.318	nM	20845959
262659	P21554	PLKCOAWMCVGORE-UHFFFAOYSA-N	Ke	567.0	567.0	nM	20845959
262659	P21554	PLKCOAWMCVGORE-UHFFFAOYSA-N	Ki	4.41	4.41	nM	20845959
262659	P21554	PLKCOAWMCVGORE-UHFFFAOYSA-N	Ki	12.3	12.3	nM	20845959
262690	P21554	PLKUYFLKWJFBTD-UHFFFAOYSA-N	EC50	0.0	32000.0	nM	PubChem BioAssay data set
262690	P21554	PLKUYFLKWJFBTD-UHFFFAOYSA-N	IC50	0.0	32000.0	nM	,PubChem BioAssay data set
262754	P21554	PLMZBCHNROYAMU-UHFFFAOYSA-N	EC50	0.0	20000.0	nM	21354795
262798	P21554	PLPHADTYPPFRRC-UHFFFAOYSA-N	IC50	67.0	67.0	nM	18293908
262798	P21554	PLPHADTYPPFRRC-UHFFFAOYSA-N	Ki	38.0	38.0	nM	18293908
262811	P21554	PLQJVYWMQUWJLF-UHFFFAOYSA-N	EC50	0.0	1000000.0	nM	23795771
262846	P21554	PLRZTNAXMSYISJ-UHFFFAOYSA-N	EC50	0.0	30000.0	nM	19743867
262883	P21554	PLTOQNPGQJAWKL-UHFFFAOYSA-N	Ki	0.0	5000.0	nM	18522867
262894	P21554	PLTSATGWXQRBDE-UHFFFAOYSA-N	Kd	3.162	3.162	nM	15771428
262894	P21554	PLTSATGWXQRBDE-UHFFFAOYSA-N	Ki	60.0	60.0	nM	15771428
262908	P21554	PLUAVIVDXATSKY-UHFFFAOYSA-N	IC50	37.0	37.0	nM	17107792
263055	P21554	PLYULNVAQNVGLF-UHFFFAOYSA-N	Inhibition	92.0	92.0	%	18083560
263055	P21554	PLYULNVAQNVGLF-UHFFFAOYSA-N	Ki	172.0	172.0	nM	18083560
263124	P21554	PMBUDILHPXTDNY-UHFFFAOYSA-N	IC50	94.0	94.0	nM	23738526
263191	P21554	PMFKSNJVULPDBR-UHFFFAOYSA-N	Kd	1.0	1.0	nM	14736243
263191	P21554	PMFKSNJVULPDBR-UHFFFAOYSA-N	Ki	52.6	52.6	nM	14736243
263292	P21554	PMIRIEIFLULQEW-ZDUSSCGKSA-N	Ki	10.0	10.0	nM	17466519
263302	P21554	PMIWSDZTIDLVNX-UHFFFAOYSA-N	Inhibition	16.0	16.0	%	21923175
263305	P21554	PMJATBMXBOJZTA-LUQKVYGDSA-N	IC50	2.2	2.2	nM	19954978
263313	P21554	PMJHXDFPKIOWGP-UHFFFAOYSA-N	Ki	0.0	5000.0	nM	18522867
263547	P21554	PMRSQJWWRFFSLF-UHFFFAOYSA-N	EC50	348.8	348.8	nM	18712856
263547	P21554	PMRSQJWWRFFSLF-UHFFFAOYSA-N	IC50	124.2	124.2	nM	18712856
263619	P21554	PMUGVWSYIKXQQJ-UHFFFAOYSA-N	EC50	910.0	910.0	nM	18640038
263619	P21554	PMUGVWSYIKXQQJ-UHFFFAOYSA-N	Emax	60.0	60.0	%	18640038
263627	P21554	PMUNRSMHXHUYQP-UHFFFAOYSA-N	Displacement	54.1	54.1	%	10465552
263627	P21554	PMUNRSMHXHUYQP-UHFFFAOYSA-N	Displacement	91.2	91.2	%	11960486,10465552
263627	P21554	PMUNRSMHXHUYQP-UHFFFAOYSA-N	Ki	70.0	70.0	nM	10465552
263627	P21554	PMUNRSMHXHUYQP-UHFFFAOYSA-N	Ki	70.3	70.3	nM	11960486,10465552,18363352
263797	P21554	PMZWQSPQAKZQEH-UHFFFAOYSA-N	Ke	2.9	2.9	nM	24041123
263797	P21554	PMZWQSPQAKZQEH-UHFFFAOYSA-N	Ki	2.02	2.02	nM	,None,24041123
263855	P21554	PNCMLEMYFUUUDT-UHFFFAOYSA-N	EC50	203.6	203.6	nM	19095444
263855	P21554	PNCMLEMYFUUUDT-UHFFFAOYSA-N	IC50	144.4	144.4	nM	19095444
263895	P21554	PNDOAVAJDVVHRR-UHFFFAOYSA-N	EC50	1330.0	1330.0	nM	19328683
263942	P21554	PNFMPRQJWUBQQL-UHFFFAOYSA-N	EC50	0.0	17000.0	nM	24461289
263972	P21554	PNGUNNSUNSTFHO-UHFFFAOYSA-N	IC50	48.0	48.0	nM	17630726
264168	P21554	PNNVHYBJTSUCME-UHFFFAOYSA-N	Ki	530.0	530.0	nM	19091565
264224	P21554	PNQACNIKPYQUNJ-UHFFFAOYSA-N	Ki	681.0	681.0	nM	11020293
264348	P21554	PNUGNNRMKKJQGI-UHFFFAOYSA-N	IC50	0.0	17000.0	nM	21420860
264462	P21554	PNWOBHWOLVJEMY-UHFFFAOYSA-N	IC50	50.12	50.12	nM	19338356
264505	P21554	PNYCYGVLNOKFSQ-UHFFFAOYSA-N	Kd	6.31	6.31	nM	15771428
264505	P21554	PNYCYGVLNOKFSQ-UHFFFAOYSA-N	Ki	333.0	333.0	nM	15771428
264509	P21554	PNYJPKICYAHOOO-UHFFFAOYSA-N	Ki	9.0	9.0	nM	19683918
264620	P21554	POCUOUJJUBHVTI-UHFFFAOYSA-N	Ki	1379.0	1379.0	nM	19143566
264644	P21554	PODUXAQFLMUPKS-UHFFFAOYSA-N	EC50	0.0	32000.0	nM	PubChem BioAssay data set
264644	P21554	PODUXAQFLMUPKS-UHFFFAOYSA-N	IC50	0.0	32000.0	nM	,PubChem BioAssay data set
264678	P21554	POEWSGYHCRXMIB-UHFFFAOYSA-N	Ki	560.0	560.0	nM	22548457
264738	P21554	POGKSHDEBWTDPB-UHFFFAOYSA-N	EC50	0.0	10000.0	nM	23380378
264825	P21554	POKYNGYPBLSLFO-OQKWZONESA-N	Activity	83.0	83.0	%	21835510
264825	P21554	POKYNGYPBLSLFO-OQKWZONESA-N	Ki	163400.0	163400.0	nM	21835510
264901	P21554	POOCDTKATJYNHL-UHFFFAOYSA-N	Activity	20.0	0.0	%	16392827
264928	P21554	POORFCDFSNSKLI-UHFFFAOYSA-N	Ke	0.0	10.0	uM	21875798
264957	P21554	POPPPMLPRVFFPI-ZKWNWVNESA-N	Ki	53.0	53.0	nM	9057852
264957	P21554	POPPPMLPRVFFPI-ZKWNWVNESA-N	Ki	137.0	137.0	nM	9057852
265066	P21554	POTQARLKMQWNDY-UHFFFAOYSA-N	IC50	62.8	62.8	nM	18243711
265076	P21554	POTYSOHJWQONMV-UHFFFAOYSA-N	EC50	100.0	100.0	nM	21885167
265076	P21554	POTYSOHJWQONMV-UHFFFAOYSA-N	Ki	158.49	158.49	nM	21885167
265178	P21554	POYHLPSNMADJRA-UHFFFAOYSA-N	EC50	630.96	630.96	nM	17027269
265178	P21554	POYHLPSNMADJRA-UHFFFAOYSA-N	IC50	158.0	158.0	nM	17027269
265178	P21554	POYHLPSNMADJRA-UHFFFAOYSA-N	IC50	158.49	158.49	nM	17027269
265252	P21554	POZVWZHXRTXSAY-UHFFFAOYSA-N	EC50	0.0	20000.0	nM	21354795
265266	P21554	PPAGNEOHDUNLGU-OZPSJDSCSA-N	Ki	0.0	10000.0	nM	23085772
265378	P21554	PPEBIEBMJIXDEB-CYBMUJFWSA-N	Ki	1.2	1.2	nM	20971001
265514	P21554	PPIIUDQSAOROOZ-UHFFFAOYSA-N	IC50	2.3	2.3	nM	16263284
265623	P21554	PPMHQBISMUKOLP-SOFGYWHQSA-N	Activity	50.0	0.0	%	21074998
265623	P21554	PPMHQBISMUKOLP-SOFGYWHQSA-N	IC50	0.0	10000.0	nM	21074998
265623	P21554	PPMHQBISMUKOLP-SOFGYWHQSA-N	Ki	0.0	10000.0	nM	21074998
265898	P21554	PPXBPBABGOMYLY-UHFFFAOYSA-N	Ki	1600.0	1600.0	nM	18424134
265960	P21554	PPYVHWBOOKXYEF-IRLDBZIGSA-N	Ki	300.0	300.0	nM	17513109
266009	P21554	PQBDBHYRIVQVTM-ISKFKSNPSA-N	IC50	9.5	9.5	nM	24175572
266165	P21554	PQHUMKPQFOXQDQ-MRXNPFEDSA-N	Ki	510.0	510.0	nM	20971001
266515	P21554	PQUSMSKDJBVHID-UHFFFAOYSA-N	EC50	0.0	32000.0	nM	PubChem BioAssay data set
266515	P21554	PQUSMSKDJBVHID-UHFFFAOYSA-N	IC50	0.0	32000.0	nM	PubChem BioAssay data set
266762	P21554	PRCHWRKNKDBEHD-UHFFFAOYSA-N	Kd	5.012	5.012	nM	14736243
266762	P21554	PRCHWRKNKDBEHD-UHFFFAOYSA-N	Ki	196.0	196.0	nM	14736243
266911	P21554	PRJGXZKLMDRCRI-UHFFFAOYSA-N	Ki	38.0	38.0	nM	18335976
266965	P21554	PRLBXPYPLSZEJV-UHFFFAOYSA-N	EC50	0.0	3162.28	nM	19010671
266965	P21554	PRLBXPYPLSZEJV-UHFFFAOYSA-N	Efficacy	7.0	7.0	%	19010671
267297	P21554	PRXVUGFMELNVTA-UHFFFAOYSA-N	Ki	3848.0	3848.0	nM	17513109
267704	P21554	PSLLOACYOKFJMA-UHFFFAOYSA-N	Inhibition	81.0	81.0	%	19520572
267704	P21554	PSLLOACYOKFJMA-UHFFFAOYSA-N	Ki	3949.0	3949.0	nM	19520572
267866	P21554	PSQJRNBEXJPMGW-UHFFFAOYSA-N	Intrinsic activity	-16.0	-16.0	%	MedChemComm, (2014) 5:5:632
267866	P21554	PSQJRNBEXJPMGW-UHFFFAOYSA-N	Ki	1340.0	1340.0	nM	MedChemComm, (2014) 5:5:632
268000	P21554	PSUFQBRCUSJTDO-UHFFFAOYSA-N	Inhibition	0.0	16.0	%	21618986
268014	P21554	PSUORRHKCQOQAN-UHFFFAOYSA-N	Ki	4610.0	4610.0	nM	,Bioorg. Med. Chem. Lett., (1996) 6:19:2263
268038	P21554	PSVQDQDTYIMIFS-UHFFFAOYSA-N	Activity	45.3	45.3	%	16392793
268057	P21554	PSWHWCGBEPXOFQ-UHFFFAOYSA-N	Inhibition	6.0	6.0	%	22916707
268057	P21554	PSWHWCGBEPXOFQ-UHFFFAOYSA-N	Ki	33.0	33.0	nM	22916707
268103	P21554	PSXQVRBHHWMMEZ-UHFFFAOYSA-N	Ki	0.0	10000.0	nM	22738271
268111	P21554	PSYAUDUTOXDTOI-UHFFFAOYSA-O	Ki	786.0	786.0	nM	21875798
268111	P21554	PSYAUDUTOXDTOI-UHFFFAOYSA-O	Ki	1698.0	1698.0	nM	21875798
268149	P21554	PSZMIFYUHRJARQ-UHFFFAOYSA-N	Inhibition	24.0	24.0	%	21923175
268190	P21554	PTAXWGQFEGHLRE-UHFFFAOYSA-N	EC50	0.0	32000.0	nM	PubChem BioAssay data set
268190	P21554	PTAXWGQFEGHLRE-UHFFFAOYSA-N	IC50	0.0	32000.0	nM	,PubChem BioAssay data set
268227	P21554	PTDAFTZPNCBOIA-UHFFFAOYSA-N	EC50	39.81	39.81	nM	21411321
268288	P21554	PTFOYLKQQLMFHS-UHFFFAOYSA-N	Ki	3915.0	3915.0	nM	22548457
268462	P21554	PTKPZECZKOROHB-KTAMEUSZSA-N	Ki	1400.0	1400.0	nM	19646869
268503	P21554	PTMKJKXYUSGBPQ-UHFFFAOYSA-N	Activity	0.0	60.0	%	23017078
268503	P21554	PTMKJKXYUSGBPQ-UHFFFAOYSA-N	Ki	176.0	176.0	nM	23017078
268591	P21554	PTPBPHTVPYIIMD-UHFFFAOYSA-N	EC50	31.62	31.62	nM	20688519
268591	P21554	PTPBPHTVPYIIMD-UHFFFAOYSA-N	Ki	164.0	164.0	nM	20688519
268614	P21554	PTQDGARLHAJVLA-UHFFFAOYSA-N	Ki	1727.0	1727.0	nM	11020293
268641	P21554	PTRDBTZWZWTYOZ-UHFFFAOYSA-N	Ki	0.0	5000.0	nM	19091565
268728	P21554	PTUSEGDNDWRYFF-UHFFFAOYSA-N	Ki	1000.0	1000.0	nM	25272206,19435366
268902	P21554	PUBXDTLETUTKIJ-WOJBJXKFSA-N	Ki	3134.0	3134.0	nM	21872477,19143566
268969	P21554	PUDOYHVREJTDBQ-UHFFFAOYSA-N	EC50	45.0	45.0	nM	22284817
268969	P21554	PUDOYHVREJTDBQ-UHFFFAOYSA-N	Emax	85.0	85.0	%	22284817
268969	P21554	PUDOYHVREJTDBQ-UHFFFAOYSA-N	Ki	15.0	15.0	nM	22284817
268972	P21554	PUDRHBJLNGSDRO-UHFFFAOYSA-N	Inhibition	95.0	95.0	%	18083560
268972	P21554	PUDRHBJLNGSDRO-UHFFFAOYSA-N	Ki	58.0	58.0	nM	18083560
269106	P21554	PUJGHPNAKVHGMH-UHFFFAOYSA-N	EC50	125.89	125.89	nM	20688519
269106	P21554	PUJGHPNAKVHGMH-UHFFFAOYSA-N	Ki	32.0	32.0	nM	20688519
269190	P21554	PULNPRPJQNBQTH-UHFFFAOYSA-N	Ki	750.0	750.0	nM	19091565
269260	P21554	PUNSHQSKVLQETC-UHFFFAOYSA-N	IC50	77.0	77.0	nM	16263284
269263	P21554	PUNUOYSYEBMZFP-UHFFFAOYSA-N	Ki	560.0	560.0	nM	18579386
269287	P21554	PUOVTWNUSGOYMF-UHFFFAOYSA-N	EC50	0.0	10000.0	nM	23380378
269311	P21554	PUPIRIVKMRMBDY-UHFFFAOYSA-N	IC50	2.7	2.7	nM	15664830
269367	P21554	PURDSVFWSRTGGS-UHFFFAOYSA-N	IC50	80.0	80.0	nM	15713403
269481	P21554	PUUYIGONXWIUKO-UHFFFAOYSA-N	Ki	4752.0	4752.0	nM	23350768
269629	P21554	PVAOGZXUOOHSMN-UHFFFAOYSA-N	Activity	0.0	50.0	%	19331413
269629	P21554	PVAOGZXUOOHSMN-UHFFFAOYSA-N	Ki	5.0	5.0	nM	19331413
269629	P21554	PVAOGZXUOOHSMN-UHFFFAOYSA-N	Ki	5.012	5.012	nM	19331413
269629	P21554	PVAOGZXUOOHSMN-UHFFFAOYSA-N	Ki	5.6	5.6	nM	19331413
269683	P21554	PVCMGYHOKLVFKF-BGGMYYEUSA-N	Activity	285.0	285.0	nM	17257842
269924	P21554	PVMDOMHQDHYEFQ-UHFFFAOYSA-N	Ke	0.117	0.117	uM	21875798
269924	P21554	PVMDOMHQDHYEFQ-UHFFFAOYSA-N	Ki	13.0	13.0	nM	21875798
269924	P21554	PVMDOMHQDHYEFQ-UHFFFAOYSA-N	Ki	56.0	56.0	nM	21875798
269924	P21554	PVMDOMHQDHYEFQ-UHFFFAOYSA-N	Ki	85.0	85.0	nM	14980654
270215	P21554	PVXIFOSHNFKXHF-UHFFFAOYSA-N	Ki	4.2	4.2	nM	24182233
270287	P21554	PVZXZOAWQQOGED-UHFFFAOYSA-N	IC50	66.0	66.0	nM	15664830
270337	P21554	PWCAJPNVNBVVHR-BXKMTCNYSA-N	IC50	53.5	53.5	nM	17293109
270436	P21554	PWGAMGAARZFEJO-UHFFFAOYSA-N	EC50	2.512	2.512	nM	21411321
270464	P21554	PWHNQETUZBGJRO-UHFFFAOYSA-N	Ki	0.0	10000.0	nM	19921781
270498	P21554	PWIPXOFDSUFNJQ-UHFFFAOYSA-N	Ki	0.0	1000.0	nM	17507224
270553	P21554	PWLGKMYYLCKNGO-VNRZBHCFSA-N	Ki	0.0	1000.0	nM	24139843
270566	P21554	PWLNYVPGRBVZJL-FQEVSTJZSA-N	Ki	1172.0	1172.0	nM	15664857
270594	P21554	PWMODOKZRZHVAI-UHFFFAOYSA-N	Ki	14180.0	14180.0	nM	24141201
270670	P21554	PWPDEXVGKDEKTE-UHFFFAOYSA-N	Ki	0.0	10000.0	nM	16675639
270789	P21554	PWSZYBZCNJXAJV-UHFFFAOYSA-N	Inhibition	24.6	24.6	%	12672243
270845	P21554	PWUHTKASVHDMBY-UHFFFAOYSA-N	EC50	0.0	32000.0	nM	,PubChem BioAssay data set
270845	P21554	PWUHTKASVHDMBY-UHFFFAOYSA-N	IC50	3630.0	3630.0	nM	,PubChem BioAssay data set
271032	P21554	PWZFXQQIDJNWEB-UHFFFAOYSA-N	IC50	2810.0	2810.0	nM	19954978
271055	P21554	PWZQLOWRZBRISH-UHFFFAOYSA-N	EC50	3010.0	3010.0	nM	23795771
271055	P21554	PWZQLOWRZBRISH-UHFFFAOYSA-N	Efficacy	67.0	67.0	%	23795771
271184	P21554	PXFPBXBUCOVDBI-UHFFFAOYSA-N	EC50	0.0	20000.0	nM	21354795
271200	P21554	PXGAAQBCZMLNDD-UHFFFAOYSA-N	Activity	10.0	0.0	%	17915849
271280	P21554	PXHPTDZBZGTBLR-UHFFFAOYSA-N	Kb	1746.0	1746.0	nM	24635495
271322	P21554	PXJALOAVEBCCNR-KXZRCVDZSA-N	IC50	0.0	17000.0	nM	21420857
271324	P21554	PXJALOAVEBCCNR-XODKDNOYSA-N	Emax	11.0	11.0	%	21420857
271324	P21554	PXJALOAVEBCCNR-XODKDNOYSA-N	IC50	0.0	17000.0	nM	21420857
271483	P21554	PXNXWXIDTURTAX-UHFFFAOYSA-N	Ki	0.0	3000.0	nM	24508127
271497	P21554	PXPAGYRDCRNGQA-UHFFFAOYSA-N	EC50	0.0	10000.0	nM	23147076
271600	P21554	PXRYIQIOPUQBLS-UHFFFAOYSA-N	EC50	0.0	32000.0	nM	,PubChem BioAssay data set
271600	P21554	PXRYIQIOPUQBLS-UHFFFAOYSA-N	IC50	0.0	32000.0	nM	,PubChem BioAssay data set
271751	P21554	PXXPZNDUVLQCHY-UHFFFAOYSA-N	IC50	1100.0	1100.0	nM	17630726
271890	P21554	PYCLMAJRHLLHNO-RTBURBONSA-N	Activity	36.0	36.0	nM	17257842
271893	P21554	PYCLMAJRHLLHNO-UHFFFAOYSA-N	Kd	36.0	36.0	nM	10633038
271927	P21554	PYEFWVDPBPWRNL-OAHLLOKOSA-N	Ki	0.52	0.52	nM	20971001
271988	P21554	PYHFAECIDZYWNP-UHFFFAOYSA-N	EC50	12.3	12.3	nM	19530697
271988	P21554	PYHFAECIDZYWNP-UHFFFAOYSA-N	IC50	22.8	22.8	nM	19530697
272054	P21554	PYKDQCQBGBQOPK-UHFFFAOYSA-N	Ki	3365.0	3365.0	nM	23406429
272096	P21554	PYMDSMHRMYDTDG-UHFFFAOYSA-N	IC50	1.9	1.9	nM	20015647
272101	P21554	PYMIGJNOWTVJSS-UHFFFAOYSA-N	Activity	10.0	0.0	%	16392827
272310	P21554	PYTOVMAWGJFSFX-UHFFFAOYSA-N	IC50	60.0	60.0	nM	15713403
272410	P21554	PYWFHTUNNRTQNT-UHFFFAOYSA-N	Activity	100.0	100.0	%	21354795
272410	P21554	PYWFHTUNNRTQNT-UHFFFAOYSA-N	EC50	19800.0	19800.0	nM	21354795
272496	P21554	PYZYDZKMMJWUHL-UHFFFAOYSA-N	Ke	274.0	274.0	nM	22372835
272581	P21554	PZDHSJCHUCZOEL-UHFFFAOYSA-N	Ki	0.0	10000.0	nM	23434135
272589	P21554	PZDULVWHOWQPNN-UHFFFAOYSA-N	Activity	78.0	78.0	%	18342403
272598	P21554	PZDXLVPRWYKHPX-UHFFFAOYSA-N	Activity	30.0	0.0	%	25797163
272598	P21554	PZDXLVPRWYKHPX-UHFFFAOYSA-N	Activity	206.7	206.7	%	22571451
272598	P21554	PZDXLVPRWYKHPX-UHFFFAOYSA-N	EC50	90.0	90.0	nM	22571451
272598	P21554	PZDXLVPRWYKHPX-UHFFFAOYSA-N	IC50	212.0	212.0	nM	25797163
272718	P21554	PZISZCAOGDXBMN-HXUWFJFHSA-N	Ki	160.0	160.0	nM	18680276
272925	P21554	PZSBYWQVUJSNFN-UHFFFAOYSA-N	EC50	72.9	72.9	nM	18712856
272925	P21554	PZSBYWQVUJSNFN-UHFFFAOYSA-N	IC50	60.4	60.4	nM	18712856
272943	P21554	PZSZPWMMEYYXPV-UHFFFAOYSA-N	Activity	38.8	38.8	%	16392827
272943	P21554	PZSZPWMMEYYXPV-UHFFFAOYSA-N	Displacement	38.8	38.8	%	15801840
272994	P21554	PZUPBBUPKNQAOC-UHFFFAOYSA-N	Inhibition	34.0	34.0	%	21923175
273126	P21554	PZYIAIVLQMGYOR-UHFFFAOYSA-N	IC50	2.51	2.51	nM	20045337
273171	P21554	QAABUQKIFMAMGD-UHFFFAOYSA-N	Ki	0.0	10000.0	nM	17604171
273252	P21554	QADBUEMPPQQNII-UHFFFAOYSA-N	Ki	488.0	488.0	nM	22548457
273300	P21554	QAEWAHLAMDQNLZ-UHFFFAOYSA-N	EC50	99.3	99.3	nM	18712856
273300	P21554	QAEWAHLAMDQNLZ-UHFFFAOYSA-N	IC50	10.5	10.5	nM	18712856
273422	P21554	QAILTYMAZIQAFM-UHFFFAOYSA-N	Activity	0.0	60.0	%	23017078
273422	P21554	QAILTYMAZIQAFM-UHFFFAOYSA-N	Ki	87.9	87.9	nM	23017078
273464	P21554	QAKDNMTUXGFHFX-UHFFFAOYSA-N	IC50	2.1	2.1	nM	19954978,20015647
273663	P21554	QARPDWGQLMFMNV-UHFFFAOYSA-N	Kd	4.7	4.7	nM	10633038
273667	P21554	QARUVMOUXQJRHQ-UHFFFAOYSA-N	IC50	3.0	3.0	nM	20719511
273760	P21554	QAVHCEUJCDWXLO-UHFFFAOYSA-N	Ki	2100.0	2100.0	nM	17561406
273785	P21554	QAWJANLNVVBENN-UHFFFAOYSA-N	Ki	0.0	20000.0	nM	23072339
273805	P21554	QAWYMRFAOCIWCD-JWQCQUIFSA-N	Ki	0.0	3000.0	nM	20079638
273882	P21554	QBAABUOLEVHSGD-UHFFFAOYSA-N	EC50	79.43	79.43	nM	22421020
273882	P21554	QBAABUOLEVHSGD-UHFFFAOYSA-N	Ki	6.31	6.31	nM	22421020
273890	P21554	QBAHXZGQJNUJOJ-UHFFFAOYSA-N	IC50	549.54	549.54	nM	22370265
273890	P21554	QBAHXZGQJNUJOJ-UHFFFAOYSA-N	Imax	110.0	110.0	%	22370265
273890	P21554	QBAHXZGQJNUJOJ-UHFFFAOYSA-N	Ki	3388.44	3388.44	nM	22370265
273897	P21554	QBAPGFFUYIQODT-UHFFFAOYSA-N	Displacement	40.6	40.6	%	11960486,10465552
274083	P21554	QBHAJJXATBVYEO-UHFFFAOYSA-N	EC50	19.95	19.95	nM	21316962
274204	P21554	QBLNWIRPBUTGHP-UHFFFAOYSA-N	IC50	7.3	7.3	nM	19954978
274487	P21554	QBWAJZHPSIDRDI-UHFFFAOYSA-N	IC50	5000.0	5000.0	nM	18293908
274487	P21554	QBWAJZHPSIDRDI-UHFFFAOYSA-N	Ki	2820.0	2820.0	nM	18293908
274552	P21554	QBYHIWHXBCPYCW-UHFFFAOYSA-N	EC50	920.0	920.0	nM	18430570
274552	P21554	QBYHIWHXBCPYCW-UHFFFAOYSA-N	Ki	310.0	310.0	nM	18430570,19091565,21183257
274613	P21554	QCAPAERUHGOSHX-NHCUHLMSSA-N	Ki	0.94	0.94	nM	17521177,21183257
274658	P21554	QCCUOHALIFFEGL-UHFFFAOYSA-N	Ki	5.2	5.2	nM	17507224
274826	P21554	QCHYCIPXDVXRRX-UHFFFAOYSA-N	Ki	0.0	10000.0	nM	18311894
274826	P21554	QCHYCIPXDVXRRX-UHFFFAOYSA-N	Ki	10000.0	0.0	nM	18311894
274898	P21554	QCKIBTZYAAOBTL-UHFFFAOYSA-N	EC50	15.0	15.0	nM	18640038
274898	P21554	QCKIBTZYAAOBTL-UHFFFAOYSA-N	Emax	34.0	34.0	%	18640038
275277	P21554	QCYIKNZWXJIYAF-UHFFFAOYSA-N	EC50	0.0	10000.0	nM	18680277
275328	P21554	QDAVQSPQPFSTKZ-UHFFFAOYSA-N	Ki	3900.0	3900.0	nM	17507224
275557	P21554	QDLHWWNUZMPENW-OSPHWJPCSA-N	Ki	63.0	63.0	nM	20018510
275602	P21554	QDNIVRIUYOBIGL-UHFFFAOYSA-N	Inhibition	50.0	50.0	%	18083560
275877	P21554	QDXFKAFGRSGQKQ-UHFFFAOYSA-N	IC50	0.0	17000.0	nM	21420860
276064	P21554	QEEBHTZADGCHRU-UHFFFAOYSA-N	Displacement	23.9	23.9	%	11960486,10465552
276137	P21554	QEGOWKJFJUQRGC-UIZPODPQSA-N	Ki	0.0	10000.0	nM	23085772
276221	P21554	QEKKZTBXSULKCC-IBGZPJMESA-N	Ki	560.0	560.0	nM	19515560
276222	P21554	QEKKZTBXSULKCC-LJQANCHMSA-N	Ki	7.0	7.0	nM	22209458
276222	P21554	QEKKZTBXSULKCC-LJQANCHMSA-N	Ki	10.0	0.0	nM	19515560
276224	P21554	QEKKZTBXSULKCC-UHFFFAOYSA-N	Ki	10.0	0.0	nM	19515560
276282	P21554	QEMSVWCTUIBXRM-UHFFFAOYSA-N	Ki	5.0	5.0	nM	17513109
276386	P21554	QEPKCIORAPLQJK-BXKMTCNYSA-N	IC50	2.0	2.0	nM	17608398
276454	P21554	QESUPNPIYGFLCJ-UHFFFAOYSA-N	Inhibition	14.0	14.0	%	14521402
276497	P21554	QEUBHGFCPXABIR-UHFFFAOYSA-N	Inhibition	83.0	83.0	%	18083560
276503	P21554	QEUJSKQTXPXUFF-UHFFFAOYSA-N	Ki	151.1	151.1	nM	23085772
276508	P21554	QEUMCZBESWKFQP-UHFFFAOYSA-N	Activity	76.0	76.0	%	18342403
276729	P21554	QFCWCCDMADRXKD-UHFFFAOYSA-N	Ki	39.0	39.0	nM	17513109
276933	P21554	QFKHXFSKJAJGEQ-UHFFFAOYSA-N	Activity	133.0	133.0	%	19921781
276933	P21554	QFKHXFSKJAJGEQ-UHFFFAOYSA-N	EC50	3593.0	3593.0	nM	19921781
276933	P21554	QFKHXFSKJAJGEQ-UHFFFAOYSA-N	Ki	350.0	350.0	nM	19921781
276933	P21554	QFKHXFSKJAJGEQ-UHFFFAOYSA-N	Ki	354.81	354.81	nM	19921781
276964	P21554	QFKQUMBUFVKQBH-UHFFFAOYSA-N	Ki	0.0	10000.0	nM	18811133
276976	P21554	QFKUTMZIJHAEGY-LGMDPLHJSA-N	Inhibition	2.0	2.0	%	MedChemComm, (2014) 5:5:632
276976	P21554	QFKUTMZIJHAEGY-LGMDPLHJSA-N	Ki	0.0	10000.0	nM	MedChemComm, (2014) 5:5:632
277027	P21554	QFMHNGZEDPTVME-UHFFFAOYSA-N	Ki	0.0	10000.0	nM	18311894
277232	P21554	QFTRYIXEFSLRLU-UHFFFAOYSA-N	Inhibition	4.8	4.8	%	12672243
277312	P21554	QFWQTAKOHPUNGY-MGPUTAFESA-N	IC50	10.7	10.7	nM	17293109
277440	P21554	QGBHDXFADXCURB-WOJBJXKFSA-N	Ki	0.86	0.86	nM	9784115
277472	P21554	QGDJXRXKUHTDSO-UHFFFAOYSA-N	IC50	286.0	286.0	nM	18243711
277554	P21554	QGGDNPPFGLAESI-DOFZRALJSA-N	Ki	600.0	600.0	nM	16213718
277743	P21554	QGNNSBSMEXYMLW-UHFFFAOYSA-N	EC50	794.33	794.33	nM	17027269
277743	P21554	QGNNSBSMEXYMLW-UHFFFAOYSA-N	IC50	398.0	398.0	nM	17027269
277743	P21554	QGNNSBSMEXYMLW-UHFFFAOYSA-N	IC50	398.11	398.11	nM	17027269
277752	P21554	QGNXBJNFYAPCJQ-BXKMTCNYSA-N	IC50	90.0	90.0	nM	17181138
277794	P21554	QGPGSBQJJPTHDE-UHFFFAOYSA-N	EC50	0.0	32000.0	nM	PubChem BioAssay data set
277794	P21554	QGPGSBQJJPTHDE-UHFFFAOYSA-N	IC50	24100.0	24100.0	nM	PubChem BioAssay data set
277907	P21554	QGTFGFCXQPEMPW-VZYDHVRKSA-N	Ki	12.2	12.2	nM	23697626
278000	P21554	QGXADYZSETUYHM-UHFFFAOYSA-N	Ki	1.8	1.8	nM	17004712
278000	P21554	QGXADYZSETUYHM-UHFFFAOYSA-N	Ki	3.7	3.7	nM	17004712
278000	P21554	QGXADYZSETUYHM-UHFFFAOYSA-N	Ki	5.0	5.0	nM	17004712
278000	P21554	QGXADYZSETUYHM-UHFFFAOYSA-N	Ki	42.0	42.0	nM	14980654
278017	P21554	QGXJMYJHRVJDGF-UHFFFAOYSA-N	Ki	0.0	20000.0	nM	,Bioorg. Med. Chem. Lett., (1996) 6:2:189
278045	P21554	QGYFKWAMDALPDG-UHFFFAOYSA-N	Ki	624.0	624.0	nM	18977140
278058	P21554	QGYPCSASJKJMAT-UHFFFAOYSA-N	Activity	67.4	67.4	%	16451053
278058	P21554	QGYPCSASJKJMAT-UHFFFAOYSA-N	Emax	-70.0	-70.0	%	16451053
278058	P21554	QGYPCSASJKJMAT-UHFFFAOYSA-N	Ki	3312.0	3312.0	nM	16451053
278063	P21554	QGYQPVHMGXSIRK-UHFFFAOYSA-N	Ki	10.0	10.0	nM	17107792
278124	P21554	QHCOBWPTHQJHDG-UHFFFAOYSA-N	Ki	4.0	4.0	nM	16263283
278203	P21554	QHFROVGTWNPDOW-UHFFFAOYSA-N	Kd	1.2	1.2	nM	10633038
278241	P21554	QHHCZYQRZPNRQT-UHFFFAOYSA-N	IC50	7.0	7.0	nM	19954978
278283	P21554	QHIJQKXKXDZQEW-UHFFFAOYSA-N	IC50	80.0	80.0	nM	17433696
278317	P21554	QHJVXQPKZAGEEA-UHFFFAOYSA-N	IC50	0.0	10000.0	nM	17561406
278429	P21554	QHMBSVQNZZTUGM-QRWMCTBCSA-N	Ki	1258.93	1258.93	nM	17521177,17980589
278429	P21554	QHMBSVQNZZTUGM-QRWMCTBCSA-N	Ki	1265.0	1265.0	nM	17521177
278431	P21554	QHMBSVQNZZTUGM-ZWKOTPCHSA-N		-10000.0	-10000.0		
278431	P21554	QHMBSVQNZZTUGM-ZWKOTPCHSA-N	Ki	2400.0	2400.0	nM	20218623
278431	P21554	QHMBSVQNZZTUGM-ZWKOTPCHSA-N	Ki	4350.0	4350.0	nM	23865723
278431	P21554	QHMBSVQNZZTUGM-ZWKOTPCHSA-N	Log Ki	3.64	3.64	nM	10882356
278500	P21554	QHOIZHYIPMMLIC-UHFFFAOYSA-N	Inhibition	71.0	71.0	%	19520572
278500	P21554	QHOIZHYIPMMLIC-UHFFFAOYSA-N	Ki	1049.0	1049.0	nM	19520572
278517	P21554	QHPGFWKRMZAINM-CQSZACIVSA-N	IC50	0.0	17000.0	nM	21420860
278825	P21554	QHZDSOXHNCQNOY-UHFFFAOYSA-N	Ki	33.0	33.0	nM	18511157
278938	P21554	QIERXXZDSLXNAV-UHFFFAOYSA-N	IC50	26.0	26.0	nM	17270441
279012	P21554	QIISCCNVUJLJPM-NQLNTKRDSA-N	Activity	13.0	13.0	%	19719235
279107	P21554	QILQZWUQLFATGY-UHFFFAOYSA-N	EC50	4639.0	4639.0	nM	23147076
279107	P21554	QILQZWUQLFATGY-UHFFFAOYSA-N	Efficacy	78.0	78.0	%	23147076
279115	P21554	QILUOVIHJROTFV-UHFFFAOYSA-N	IC50	500.0	500.0	nM	18293908
279115	P21554	QILUOVIHJROTFV-UHFFFAOYSA-N	Ki	280.0	280.0	nM	18293908
279147	P21554	QINGXEUKNRODNT-KTKRTIGZSA-N	Ki	0.0	10000.0	nM	16570929
279183	P21554	QIOSBVONOYJYHD-FLIBITNWSA-N	Inhibition	0.0	0.0	%	MedChemComm, (2014) 5:5:632
279183	P21554	QIOSBVONOYJYHD-FLIBITNWSA-N	Ki	0.0	10000.0	nM	MedChemComm, (2014) 5:5:632
279403	P21554	QIWZQPFRVZCLQR-UHFFFAOYSA-N	IC50	8.0	8.0	nM	15664830,17270441
279444	P21554	QIYABHDIJFHOEJ-UHFFFAOYSA-N	EC50	220.0	220.0	nM	18680277
279444	P21554	QIYABHDIJFHOEJ-UHFFFAOYSA-N	EC50	560.0	560.0	nM	18680277
279444	P21554	QIYABHDIJFHOEJ-UHFFFAOYSA-N	Emax	51.0	51.0	%	18680277
279444	P21554	QIYABHDIJFHOEJ-UHFFFAOYSA-N	Emax	88.0	88.0	%	18680277
279528	P21554	QJBCEHCGXIFZDF-UHFFFAOYSA-N	EC50	2103.0	2103.0	nM	16451053
279528	P21554	QJBCEHCGXIFZDF-UHFFFAOYSA-N	Ki	2163.0	2163.0	nM	16451053
279584	P21554	QJDJPGDIOUXVEC-UHFFFAOYSA-N	IC50	12.0	12.0	nM	17270441
279676	P21554	QJGALWQWUHBBSK-LEWJYISDSA-N	IC50	8.0	8.0	nM	19320488
279694	P21554	QJGPIDDPZBGDTJ-SFHVURJKSA-N	Ki	2309.0	2309.0	nM	15664857
279715	P21554	QJHGPDBEGCENKW-UHFFFAOYSA-N	Ki	6456.0	6456.0	nM	16451053
279798	P21554	QJLZKNFBWRBWEU-UHFFFAOYSA-N	Inhibition	37.0	37.0	%	19736007
279803	P21554	QJMDAWQCQFXIKI-HZQOUZEWSA-N	Ki	669.3	669.3	nM	23085772
279922	P21554	QJQJWGUVKGCDQK-MBSDFSHPSA-N	Inhibition	83.0	83.0	%	20667724
279990	P21554	QJSPAMOJYVCLHT-QZTJIDSGSA-N	Ki	21.7	21.7	nM	17521177
279990	P21554	QJSPAMOJYVCLHT-QZTJIDSGSA-N	Ki	21.88	21.88	nM	17521177,17980589
280027	P21554	QJUDXSNINJURLI-UHFFFAOYSA-N	IC50	1.3	1.3	nM	20015647
280027	P21554	QJUDXSNINJURLI-UHFFFAOYSA-N	IC50	1.8	1.8	nM	20015647
280372	P21554	QKHVDXJTWUVYMX-UHFFFAOYSA-N	EC50	390.1	390.1	nM	18712856
280372	P21554	QKHVDXJTWUVYMX-UHFFFAOYSA-N	IC50	82.4	82.4	nM	18712856
280400	P21554	QKJAICLUPJKFRV-UHFFFAOYSA-N	Ki	0.0	10000.0	nM	19921781
280441	P21554	QKKOCCWVDHJYBB-UHFFFAOYSA-N	IC50	947.0	947.0	nM	24445310
280441	P21554	QKKOCCWVDHJYBB-UHFFFAOYSA-N	Inhibition	91.9	91.9	%	24445310
280465	P21554	QKLASGDQCHUAJT-UHFFFAOYSA-N	EC50	0.0	32000.0	nM	,PubChem BioAssay data set
280465	P21554	QKLASGDQCHUAJT-UHFFFAOYSA-N	IC50	0.0	32000.0	nM	,PubChem BioAssay data set
280617	P21554	QKPQXTBFKAZYEF-UHFFFAOYSA-N	Ki	560.0	560.0	nM	18579386
280680	P21554	QKRGRWXDVSZBQO-UHFFFAOYSA-N	EC50	0.0	3162.28	nM	19010671
280680	P21554	QKRGRWXDVSZBQO-UHFFFAOYSA-N	Efficacy	5.0	5.0	%	19010671
280695	P21554	QKSTVKQKJHYJSK-UHFFFAOYSA-N	EC50	0.0	31622.8	nM	20005703
280703	P21554	QKTCZFBLPVWQNB-UHFFFAOYSA-N	Ki	0.0	10000.0	nM	22548457
280730	P21554	QKUHMOGTXTVVHA-UHFFFAOYSA-N	Ki	3.0	3.0	nM	21996466
280818	P21554	QKXYXSPMMQZDDM-UHFFFAOYSA-N	EC50	0.0	32000.0	nM	PubChem BioAssay data set
280818	P21554	QKXYXSPMMQZDDM-UHFFFAOYSA-N	IC50	20300.0	20300.0	nM	,PubChem BioAssay data set
280888	P21554	QLAQPJYGXQIMQE-UHFFFAOYSA-N	Ki	5.6	5.6	nM	21996466
280928	P21554	QLBXZSFNHXEXCN-NQIIRXRSSA-N	Ki	6.3	6.3	nM	20018510
281012	P21554	QLFKLOBXDDGAQT-UHFFFAOYSA-N	IC50	14.0	14.0	nM	17433696
281012	P21554	QLFKLOBXDDGAQT-UHFFFAOYSA-N	IC50	114.0	114.0	nM	17433696
281067	P21554	QLIMCNSKOVRYLW-UHFFFAOYSA-N	Ki	26.0	26.0	nM	16263283
281082	P21554	QLJAVPOZLQREOW-UHFFFAOYSA-N	EC50	6.31	6.31	nM	21411321
281103	P21554	QLJQDESLRXMWQW-UHFFFAOYSA-N	Kd	31.62	31.62	nM	16140010
281103	P21554	QLJQDESLRXMWQW-UHFFFAOYSA-N	Ki	141.0	141.0	nM	16140010
281503	P21554	QLYKJCMUNUWAGO-GAJHUEQPSA-N	Activity	-123.0	-123.0	%	17181138
281503	P21554	QLYKJCMUNUWAGO-GAJHUEQPSA-N	EC50	2.4	2.4	nM	19632830,17181138
281503	P21554	QLYKJCMUNUWAGO-GAJHUEQPSA-N	IC50	0.094	0.094	nM	18333607
281503	P21554	QLYKJCMUNUWAGO-GAJHUEQPSA-N	IC50	0.29	0.29	nM	18570365
281503	P21554	QLYKJCMUNUWAGO-GAJHUEQPSA-N	IC50	0.3	0.3	nM	17608398,17181138,MedChemComm, (2013) 4:4:631,19632830,20483606,19328684,18335976,20423086,20096577
281503	P21554	QLYKJCMUNUWAGO-GAJHUEQPSA-N	IC50	0.302	0.302	nM	19406638
281503	P21554	QLYKJCMUNUWAGO-GAJHUEQPSA-N	IC50	0.74	0.74	nM	18333607,20643546
281503	P21554	QLYKJCMUNUWAGO-GAJHUEQPSA-N	Ki	0.3	0.3	nM	19520572
281503	P21554	QLYKJCMUNUWAGO-GAJHUEQPSA-N	Ki	0.3	0.3	nM	19520572
281506	P21554	QLYKJCMUNUWAGO-UHFFFAOYSA-N	IC50	0.302	0.302	nM	19406638
281506	P21554	QLYKJCMUNUWAGO-UHFFFAOYSA-N	Ki	0.3	0.3	nM	19520572
281511	P21554	QLYLQZDQDIQXQW-UHFFFAOYSA-N	Ki	2734.0	2734.0	nM	24518874
281530	P21554	QLYZKDZSXPJFFF-UHFFFAOYSA-N	Ki	510.0	510.0	nM	17561406
281538	P21554	QLZDGVLTCPINMU-UHFFFAOYSA-N	IC50	200.0	200.0	nM	22340081
281538	P21554	QLZDGVLTCPINMU-UHFFFAOYSA-N	IC50	410.0	410.0	nM	22340081
281748	P21554	QMHIUPMARAOPEA-UHFFFAOYSA-N	Ki	0.0	20000.0	nM	23072339
281887	P21554	QMNRCJLDOUOGJJ-UHFFFAOYSA-N	IC50	17.0	17.0	nM	17107792
282039	P21554	QMSZYSVYDVBLRN-UHFFFAOYSA-N	EC50	0.0	3162.28	nM	19010671
282039	P21554	QMSZYSVYDVBLRN-UHFFFAOYSA-N	Efficacy	5.0	5.0	%	19010671
282050	P21554	QMTPGEKECKOWFW-UHFFFAOYSA-N	Ki	1.5	1.5	nM	19102698
282050	P21554	QMTPGEKECKOWFW-UHFFFAOYSA-N	Ki	5.2	5.2	nM	19102698
282050	P21554	QMTPGEKECKOWFW-UHFFFAOYSA-N	Ki	5.2	5.2	nM	19102698
282127	P21554	QMWHOFREVSGDBF-UHFFFAOYSA-N	Ki	0.0	10000.0	nM	18424134
282326	P21554	QNFSJEOLAMIHHY-TZIWHRDSSA-N	Ki	34.4	34.4	nM	18524604,19250829
282360	P21554	QNGNGGBBUUJQJP-UHFFFAOYSA-N	Ki	30.0	30.0	nM	19351113
282597	P21554	QNRFAYBLRUYEFW-OVAHNPOGSA-N	EC50	63.1	63.1	nM	21074434
282598	P21554	QNRFAYBLRUYEFW-VDWUQFQWSA-N	EC50	1000.0	1000.0	nM	21074434
282599	P21554	QNRFAYBLRUYEFW-VKLKMBQZSA-N	EC50	501.19	501.19	nM	21074434
282720	P21554	QNVCPMXPXAEENP-UHFFFAOYSA-N	Inhibition	90.0	90.0	%	18083560
282720	P21554	QNVCPMXPXAEENP-UHFFFAOYSA-N	Ki	193.0	193.0	nM	18083560
282923	P21554	QODLVTGNLXQJER-UHFFFAOYSA-N	IC50	200.0	200.0	nM	18293908
282923	P21554	QODLVTGNLXQJER-UHFFFAOYSA-N	Ki	110.0	110.0	nM	18293908
282956	P21554	QOEZMLSBDIWUCR-UHFFFAOYSA-N	Ki	0.0	1000.0	nM	24508127
283015	P21554	QOHJHNMPMYRTGG-UHFFFAOYSA-N	EC50	25100.0	25100.0	nM	19743867
283015	P21554	QOHJHNMPMYRTGG-UHFFFAOYSA-N	Efficacy	69.0	69.0	%	19743867
283050	P21554	QOIHZTWJPUIHKH-UHFFFAOYSA-N	Ki	0.0	10000.0	nM	21669533
283247	P21554	QOQDGRSSDLYSDM-UHFFFAOYSA-N	IC50	1.9	1.9	nM	20096577
283271	P21554	QORGRCFIZLWIDX-UHFFFAOYSA-N	Ki	0.0	10000.0	nM	19921781
283309	P21554	QOSVXCGYSOHDAF-UHFFFAOYSA-N	IC50	19.0	19.0	nM	20047779
283309	P21554	QOSVXCGYSOHDAF-UHFFFAOYSA-N	IC50	367.0	367.0	nM	18243711
283309	P21554	QOSVXCGYSOHDAF-UHFFFAOYSA-N	Ki	0.23	0.23	nM	20047779
283309	P21554	QOSVXCGYSOHDAF-UHFFFAOYSA-N	Ki	0.23	0.23	nM	20047779
283319	P21554	QOTAUZLULHXTFX-AWJHAJMOSA-N	Ki	0.0	2000.0	nM	21675776
283442	P21554	QOWZWLUZYDFLKV-UHFFFAOYSA-N	EC50	25.0	25.0	nM	19351113
283442	P21554	QOWZWLUZYDFLKV-UHFFFAOYSA-N	Ki	4.7	4.7	nM	19351113
283442	P21554	QOWZWLUZYDFLKV-UHFFFAOYSA-N	Ki	25.0	25.0	nM	19351113
283566	P21554	QPASHVDHBXCMPZ-HHXXYDBFSA-N	IC50	0.0	17000.0	nM	21420857
283606	P21554	QPBXMKXPOLTGHF-UHFFFAOYSA-N	Activity	59.0	59.0	%	18342403
283662	P21554	QPEHOCICIVWIMK-UHFFFAOYSA-N	Kd	77.62	77.62	nM	18512901
283662	P21554	QPEHOCICIVWIMK-UHFFFAOYSA-N	Ki	152.0	152.0	nM	18512901
283662	P21554	QPEHOCICIVWIMK-UHFFFAOYSA-N	Ki	251.0	251.0	nM	18512901
283806	P21554	QPKRAAIWDLDDGG-UHFFFAOYSA-N	Inhibition	0.0	0.0	%	22916707
283806	P21554	QPKRAAIWDLDDGG-UHFFFAOYSA-N	Ki	713.0	713.0	nM	22916707
284006	P21554	QPSXJPGVOLOXMB-UHFFFAOYSA-N	EC50	0.5	0.5	nM	19320488
284006	P21554	QPSXJPGVOLOXMB-UHFFFAOYSA-N	IC50	420.0	420.0	nM	19320488
284041	P21554	QPUXUSUONDVIKY-UHFFFAOYSA-N	IC50	25.12	25.12	nM	19338356
284041	P21554	QPUXUSUONDVIKY-UHFFFAOYSA-N	Ki	2.512	2.512	nM	19338356
284041	P21554	QPUXUSUONDVIKY-UHFFFAOYSA-N	Ki	3.0	3.0	nM	19338356
284071	P21554	QPWFAMUJAQBGOG-WOJBJXKFSA-N	Ki	0.5	0.5	nM	21183257
284071	P21554	QPWFAMUJAQBGOG-WOJBJXKFSA-N	Ki	0.52	0.52	nM	17521177
284071	P21554	QPWFAMUJAQBGOG-WOJBJXKFSA-N	Ki	0.5248	0.5248	nM	17521177,17980589
284221	P21554	QQBMIKBSCMCZSF-UHFFFAOYSA-N	Inhibition	84.0	84.0	%	18083560
284428	P21554	QQJZBMHHFXIKEI-KAGYGMCKSA-N	IC50	0.0	17000.0	nM	21420857
284456	P21554	QQKXBYYVXQLJDF-UHFFFAOYSA-N	Ki	70.0	70.0	nM	19595596
284508	P21554	QQNHWLNCYYWVAK-UHFFFAOYSA-N	Ki	30.0	30.0	nM	22437111
284518	P21554	QQNQWKFMZOLZQO-UHFFFAOYSA-N	Ki	32.0	32.0	nM	22437111
284854	P21554	QQXYLDQBGTVJBJ-XQXKNUKBSA-N	IC50	0.0	17000.0	nM	21420857
284880	P21554	QQYXKQTWUNAINA-UHFFFAOYSA-N	Ki	0.0	3000.0	nM	24508127
284922	P21554	QRADAMBELOIJIA-UHFFFAOYSA-N	EC50	0.0	10000.0	nM	22130134
285027	P21554	QRGYLEAVFDZUPV-UHFFFAOYSA-N	Ki	239.0	239.0	nM	20047779
285135	P21554	QRLAIUSGKUVHBM-XMMPIXPASA-N	IC50	2.1	2.1	nM	20423086
285323	P21554	QRSVPKVXMPRRCG-UHFFFAOYSA-N	Ki	0.0	2000.0	nM	23406429
285372	P21554	QRVATYZBDQGJCP-HOYKHHGWSA-N	Ki	5055.0	5055.0	nM	19143566
285375	P21554	QRVATYZBDQGJCP-KOSHJBKYSA-N	Ki	5055.0	5055.0	nM	23865723
285502	P21554	QRZXOQNNWGAWKP-UHFFFAOYSA-N	Activity	9.0	9.0	%	19500981
285557	P21554	QSCASGULDNMCQE-UHFFFAOYSA-N	Ki	0.0	10000.0	nM	21428406
285585	P21554	QSEBFWPMFWCVGA-UHFFFAOYSA-N	IC50	21.0	21.0	nM	20483606
285716	P21554	QSJJAHPXXIEMLU-UHFFFAOYSA-N	Ki	259.0	259.0	nM	21428406
285733	P21554	QSJYEDBNXXEBDB-UHFFFAOYSA-N	Ki	15.0	15.0	nM	20018510
285735	P21554	QSJYEDBNXXEBDB-VOIUYBSRSA-N	Ki	15.0	15.0	nM	20018510
285857	P21554	QSNRCGNYLFXFOX-UHFFFAOYSA-N	EC50	10000.0	0.0	nM	17027269
285857	P21554	QSNRCGNYLFXFOX-UHFFFAOYSA-N	IC50	3162.0	3162.0	nM	17027269
285857	P21554	QSNRCGNYLFXFOX-UHFFFAOYSA-N	IC50	3162.28	3162.28	nM	17027269
285874	P21554	QSODNAABVYLCPY-UHFFFAOYSA-N	Activity	73.0	73.0	%	16279809
285874	P21554	QSODNAABVYLCPY-UHFFFAOYSA-N	Ki	3450.0	3450.0	nM	16279809
285881	P21554	QSOPJLOXGPOPCK-UHFFFAOYSA-N	IC50	10.0	10.0	nM	18293908
285881	P21554	QSOPJLOXGPOPCK-UHFFFAOYSA-N	Ki	5.6	5.6	nM	18293908,19595596
285881	P21554	QSOPJLOXGPOPCK-UHFFFAOYSA-N	Ki	5.6	5.6	nM	18293908,19595596,21183257
285923	P21554	QSQPBQDPYZUXET-UHFFFAOYSA-N	EC50	3428.0	3428.0	nM	22130134
285938	P21554	QSQQQURBVYWZKJ-UHFFFAOYSA-N	Ki	0.0	10000.0	nM	23602445
286111	P21554	QSWWOJVUWCJUGP-UHFFFAOYSA-N	Inhibition	58.0	58.0	%	22916707
286111	P21554	QSWWOJVUWCJUGP-UHFFFAOYSA-N	Ki	1920.0	1920.0	nM	22916707
286113	P21554	QSWXXDOVOXZHMU-UHFFFAOYSA-N	Ki	0.0	5600.0	nM	17942307
286113	P21554	QSWXXDOVOXZHMU-UHFFFAOYSA-N	Ki	5600.0	5600.0	nM	17942307
286127	P21554	QSXOIZNBRGLYPO-UHFFFAOYSA-N	Activity	25.0	25.0	%	19500981
286147	P21554	QSYJQQBEKFPBTF-UHFFFAOYSA-N	Ki	2250.0	2250.0	nM	24729834
286178	P21554	QTACMYONLNKRHY-UHFFFAOYSA-N	Kd	25.12	25.12	nM	14736243
286178	P21554	QTACMYONLNKRHY-UHFFFAOYSA-N	Ki	214.0	214.0	nM	14736243
286246	P21554	QTCBPDCQKFDOSJ-UHFFFAOYSA-N	EC50	0.0	32000.0	nM	PubChem BioAssay data set
286246	P21554	QTCBPDCQKFDOSJ-UHFFFAOYSA-N	IC50	0.0	32000.0	nM	PubChem BioAssay data set
286394	P21554	QTJUKEFFXJKADG-UHFFFAOYSA-N	Ki	0.0	10000.0	nM	24378710
286421	P21554	QTKOMAQFGBXVHU-UHFFFAOYSA-N	Kd	3.162	3.162	nM	15771428
286421	P21554	QTKOMAQFGBXVHU-UHFFFAOYSA-N	Ki	27.0	27.0	nM	15771428
286693	P21554	QTVOGNJQEBJVQV-UHFFFAOYSA-N	Activity	0.0	60.0	%	23017078
286774	P21554	QTYJUQRMKMPJND-UHFFFAOYSA-N	EC50	10000.0	0.0	nM	17027269
286774	P21554	QTYJUQRMKMPJND-UHFFFAOYSA-N	IC50	5011.87	5011.87	nM	17027269
286774	P21554	QTYJUQRMKMPJND-UHFFFAOYSA-N	IC50	5012.0	5012.0	nM	17027269
286816	P21554	QTZWTHJJQQMEJE-UHFFFAOYSA-N	Ki	0.0	20000.0	nM	23072339
286839	P21554	QUAZWCZRNVNLQQ-UHFFFAOYSA-N	EC50	28.0	28.0	nM	15664830
286839	P21554	QUAZWCZRNVNLQQ-UHFFFAOYSA-N	IC50	11.0	11.0	nM	15664830
286848	P21554	QUBNKDABMWJSQR-UHFFFAOYSA-N	Decrease	-74.0	-74.0	%	15801840
286848	P21554	QUBNKDABMWJSQR-UHFFFAOYSA-N	Displacement	94.2	94.2	%	15801840
286848	P21554	QUBNKDABMWJSQR-UHFFFAOYSA-N	Ki	589.0	589.0	nM	15801840
286895	P21554	QUDVCWZKXYUWQP-UHFFFAOYSA-N	Ki	60.0	60.0	nM	17561406
286941	P21554	QUFMLWDZQZQXLQ-UHFFFAOYSA-N	EC50	0.0	10000.0	nM	18680277
286967	P21554	QUGRABBFVLHPJH-GOSISDBHSA-N	EC50	9.8	9.8	nM	22607668
286967	P21554	QUGRABBFVLHPJH-GOSISDBHSA-N	Emax	107.0	107.0	%	22607668
287074	P21554	QUJUVKLBWROPMP-UHFFFAOYSA-N	Ki	0.0	10000.0	nM	22483967
287242	P21554	QUQABDQMEBGYEW-UONOGXRCSA-N	Ki	2500.0	2500.0	nM	20005710
287394	P21554	QUWDHYVVJHSYHA-UHFFFAOYSA-N	EC50	0.0	32000.0	nM	PubChem BioAssay data set
287394	P21554	QUWDHYVVJHSYHA-UHFFFAOYSA-N	IC50	2240.0	2240.0	nM	PubChem BioAssay data set
287423	P21554	QUXMLLOPSWHDBX-DNQXCXABSA-N	Ki	187.0	187.0	nM	9784115
287448	P21554	QUYCAQJVQKQHRN-UHFFFAOYSA-N	Activity	20.0	0.0	%	17915849
287473	P21554	QUYRRBBIPJEXPS-UHFFFAOYSA-N	IC50	1.7	1.7	nM	20483606
287611	P21554	QVDSEJDULKLHCG-UHFFFAOYSA-N	Ki	0.0	10000.0	nM	http://pdsp.med.unc.edu/pdsp.php
287689	P21554	QVFUKBUINZLPLW-UHFFFAOYSA-N	IC50	11.0	11.0	nM	19328684
287842	P21554	QVMBZYVOASLQMK-FNORWQNLSA-N	Kd	11.5	11.5	nM	10633038
287949	P21554	QVRBOJREASCNET-UHFFFAOYSA-N	IC50	200.0	200.0	nM	18293908
287949	P21554	QVRBOJREASCNET-UHFFFAOYSA-N	Ki	110.0	110.0	nM	18293908
288197	P21554	QVZCMVDSTYUQDH-UHFFFAOYSA-N	IC50	1.9	1.9	nM	20483606
288361	P21554	QWDZLNDAIUPCIA-BQYQJAHWSA-N	Kd	11.0	11.0	nM	10633038
288388	P21554	QWFHZLVKTPWZBG-SFHVURJKSA-N	EC50	3981.07	3981.07	nM	20634067
288475	P21554	QWIFCKKBFJGTGR-UHFFFAOYSA-N	EC50	0.0	3162.28	nM	19010671
288475	P21554	QWIFCKKBFJGTGR-UHFFFAOYSA-N	Efficacy	7.0	7.0	%	19010671
288639	P21554	QWOVGBHZFLBBHN-UHFFFAOYSA-N	IC50	1.5	1.5	nM	20015647
288771	P21554	QWSZWWIIFSQZII-UHFFFAOYSA-N	Kb	259.3	259.3	nM	24635495
288852	P21554	QWWIQCNBCCSETJ-UHFFFAOYSA-N	Ki	500.0	500.0	nM	23350768
288905	P21554	QWXXKKDLCMLNJS-UHFFFAOYSA-N	EC50	37.0	37.0	nM	23865723
288909	P21554	QWXZWGIRNZRBGH-SOFGYWHQSA-N	Activity	11.84	11.84	%	21074998
288909	P21554	QWXZWGIRNZRBGH-SOFGYWHQSA-N	IC50	0.0	10000.0	nM	21074998
288909	P21554	QWXZWGIRNZRBGH-SOFGYWHQSA-N	Ki	0.0	10000.0	nM	21074998
288976	P21554	QXACEHWTBCFNSA-SFQUDFHCSA-N	IC50	3310.0	3310.0	nM	21902175
288976	P21554	QXACEHWTBCFNSA-SFQUDFHCSA-N	Ki	760.0	760.0	nM	21902175
288989	P21554	QXAOYNQWYDNRAL-MRXNPFEDSA-N	Inhibition	8.3	8.3	%	19919895
289274	P21554	QXLOUNSVCXFKFD-UHFFFAOYSA-N	Ki	1995.0	1995.0	nM	20031412,21183257
289280	P21554	QXLRCSNJDDZHMP-PGRDOPGGSA-N	IC50	18.0	18.0	nM	17181138
289390	P21554	QXPPSINZOIXLQO-UHFFFAOYSA-N	Ki	560.0	560.0	nM	19435366
289577	P21554	QXXKICBQBROVQK-UHFFFAOYSA-N	Ki	5600.0	5600.0	nM	19435366
289600	P21554	QXYCFPVYNBKMMB-AWEZNQCLSA-N	Ki	7.0	7.0	nM	17466519
289649	P21554	QXZYVJRMQVOOEQ-UHFFFAOYSA-N	Ki	21.0	21.0	nM	22341572
289653	P21554	QYAFAVRFPBBCLT-UHFFFAOYSA-N	Inhibition	10.0	10.0	%	19736007
289776	P21554	QYFIFXVXTJTVGP-ZDUSSCGKSA-N	Ki	308.0	308.0	nM	17466519
289790	P21554	QYGPQHCEKBUPMO-KHPPLWFESA-N	Ki	0.0	10000.0	nM	16213718
289959	P21554	QYOXVDHZVYJTMY-YPLOMLCWSA-N	Ki	16.0	16.0	nM	12747783,23865723,23466226
289959	P21554	QYOXVDHZVYJTMY-YPLOMLCWSA-N	Ki	16.4	16.4	nM	18680277
290062	P21554	QYTJAIJIOZFMNC-UHFFFAOYSA-N	Activity	0.0	60.0	%	23017078
290079	P21554	QYTYCKLIPDRLNJ-UHFFFAOYSA-N	Activity	0.0	60.0	%	23017078
290079	P21554	QYTYCKLIPDRLNJ-UHFFFAOYSA-N	Ki	0.0	1000.0	nM	23017078
290254	P21554	QZAKIHCFBWFSFX-QNKGQHBXSA-N	IC50	0.0	32000.0	nM	PubChem BioAssay data set
290465	P21554	QZHJRJXLQRVFSY-UHFFFAOYSA-N	Inhibition	15.0	15.0	%	19919895
290502	P21554	QZIONUOYWZONRH-UHFFFAOYSA-N	Ki	1800.0	1800.0	nM	19736007
290557	P21554	QZKKHODOPRTBNE-UHFFFAOYSA-N	IC50	28.0	28.0	nM	19328684
290583	P21554	QZLJUMPAAZASKZ-UHFFFAOYSA-N	Ke	135.0	135.0	nM	22372835
290597	P21554	QZLZVRDMGYFIQN-UHFFFAOYSA-N	Ki	66.0	66.0	nM	18311894
290597	P21554	QZLZVRDMGYFIQN-UHFFFAOYSA-N	Ki	66.07	66.07	nM	18311894
290618	P21554	QZMXWWOWMIDWTC-UHFFFAOYSA-N	EC50	0.0	10000.0	nM	23147076
290685	P21554	QZPGHFXQQXHGEM-UHFFFAOYSA-N	Ki	34673.7	34673.7	nM	Med Chem Res, (2013) 22:9:4133
290685	P21554	QZPGHFXQQXHGEM-UHFFFAOYSA-N	Ki	34673.7	34673.7	nM	Med Chem Res, (2013) 22:9:4133
290789	P21554	QZTFECCCTAQCHU-UHFFFAOYSA-N	EC50	1.0	1.0	nM	19320488
290789	P21554	QZTFECCCTAQCHU-UHFFFAOYSA-N	IC50	260.0	260.0	nM	19320488
290968	P21554	QZZGNGJACXGZKQ-UHFFFAOYSA-N	Ki	514.0	514.0	nM	23406429
291009	P21554	RAAXJIUKGYWMQD-ZKWNWVNESA-N	Ki	500.0	500.0	nM	16213718
291079	P21554	RADADMMYMVJCPA-UHFFFAOYSA-N	IC50	0.39	0.39	nM	20096577
291128	P21554	RAEOAJBOVOPUDI-UHFFFAOYSA-N	EC50	0.0	10000.0	nM	19062274
291128	P21554	RAEOAJBOVOPUDI-UHFFFAOYSA-N	Emax	12.0	12.0	%	19062274
291186	P21554	RAGYWYVHJWEEIO-UHFFFAOYSA-N	Ki	0.0	3000.0	nM	23151320
291226	P21554	RAHXGVDTOFMMEF-UHFFFAOYSA-N	Ke	0.7	0.7	nM	22372835
291226	P21554	RAHXGVDTOFMMEF-UHFFFAOYSA-N	Ki	13.5	13.5	nM	22372835
291255	P21554	RAJBNWQWTHKCHD-UHFFFAOYSA-N	IC50	0.7	0.7	nM	19954978
291365	P21554	RANFGPMSRSEXQE-RTBURBONSA-N	Activity	0.0	10000.0	nM	17257842
291510	P21554	RAQAHHFDIQYSQS-UHFFFAOYSA-N	EC50	0.0	100000.0	nM	23795771
291575	P21554	RARSOSZGLZWADN-UHFFFAOYSA-N	IC50	0.0	1000.0	nM	22959249
291575	P21554	RARSOSZGLZWADN-UHFFFAOYSA-N	IC50	18.0	18.0	nM	22959249
291575	P21554	RARSOSZGLZWADN-UHFFFAOYSA-N	IC50	32.0	32.0	nM	22959249
291575	P21554	RARSOSZGLZWADN-UHFFFAOYSA-N	IC50	46.0	46.0	nM	22959249
291732	P21554	RAVRTQMDHKJJIW-UHFFFAOYSA-N	Ki	100.0	0.0	nM	18363352
291748	P21554	RAWGXWUDNKRGHQ-LUAWRHEFSA-N	Inhibition	4.0	4.0	%	MedChemComm, (2014) 5:5:632
291748	P21554	RAWGXWUDNKRGHQ-LUAWRHEFSA-N	Ki	0.0	10000.0	nM	MedChemComm, (2014) 5:5:632
291972	P21554	RBDSMVUZBCAAEN-UHFFFAOYSA-N	Kd	0.3981	0.3981	nM	14736243
291972	P21554	RBDSMVUZBCAAEN-UHFFFAOYSA-N	Ki	24.2	24.2	nM	14736243
292511	P21554	RBYBXIHVTQUTHX-UHFFFAOYSA-N	Ki	0.0	10000.0	nM	16279794
292649	P21554	RCDDRZOJAVJMCL-UHFFFAOYSA-N	IC50	1.9	1.9	nM	20096577,19328684
292705	P21554	RCGMCIFWNJOPIY-GVHPLLPZSA-N	Ki	2.8	2.8	nM	20718492
292721	P21554	RCHAUSSKCBRXFN-UHFFFAOYSA-N	EC50	12550.0	12550.0	nM	21115245
292747	P21554	RCICCLVZETTYAJ-UHFFFAOYSA-N	Ki	420.0	420.0	nM	23697626
292771	P21554	RCISLYYUAFRAKW-UHFFFAOYSA-N	Ke	46.0	46.0	nM	23098108
292771	P21554	RCISLYYUAFRAKW-UHFFFAOYSA-N	Ki	337.0	337.0	nM	23098108
292799	P21554	RCKKPNPBNOFPPC-UHFFFAOYSA-N	Ki	0.0	10000.0	nM	18680276
292991	P21554	RCRCTBLIHCHWDZ-DOFZRALJSA-N	EC50	23.0	23.0	nM	17110113
292991	P21554	RCRCTBLIHCHWDZ-DOFZRALJSA-N	Ki	470.0	470.0	nM	22044209
292991	P21554	RCRCTBLIHCHWDZ-DOFZRALJSA-N	Ki	480.0	480.0	nM	21675776
293121	P21554	RCWPZOXXFWBBOR-SAWYMBPVSA-N	EC50	280.0	280.0	nM	18430570
293121	P21554	RCWPZOXXFWBBOR-SAWYMBPVSA-N	Ki	93.0	93.0	nM	18430570
293128	P21554	RCWSXVLXYQOHTN-UHFFFAOYSA-N	Displacement	50.2	50.2	%	10465552
293128	P21554	RCWSXVLXYQOHTN-UHFFFAOYSA-N	Displacement	88.4	88.4	%	11960486,10465552
293128	P21554	RCWSXVLXYQOHTN-UHFFFAOYSA-N	Ki	103.0	103.0	nM	10465552
293128	P21554	RCWSXVLXYQOHTN-UHFFFAOYSA-N	Ki	103.2	103.2	nM	11960486,10465552
293184	P21554	RCYZPHZEUPMHMV-UHFFFAOYSA-N	Ki	130.0	130.0	nM	19091565
293236	P21554	RDBUTRKZGMJCRX-KSFYIVLOSA-N	IC50	12.2	12.2	nM	19632830
293312	P21554	RDFKTYTWUPAVOR-UHFFFAOYSA-N	EC50	0.0	30000.0	nM	19743867
293585	P21554	RDQBUHGLOYTUMY-UHFFFAOYSA-N	Activity	0.0	50.0	%	19331413
293585	P21554	RDQBUHGLOYTUMY-UHFFFAOYSA-N	Ki	2880.0	2880.0	nM	19331413
293585	P21554	RDQBUHGLOYTUMY-UHFFFAOYSA-N	Ki	3162.0	3162.0	nM	19331413
293585	P21554	RDQBUHGLOYTUMY-UHFFFAOYSA-N	Ki	3162.28	3162.28	nM	19331413
293957	P21554	RECWZMXRXCPHSX-YRNRMSPPSA-N	EC50	794.33	794.33	nM	20634067
294001	P21554	REENVFGEAIQFKL-UHFFFAOYSA-N	Ki	6.1	6.1	nM	18680276
294001	P21554	REENVFGEAIQFKL-UHFFFAOYSA-N	Ki	6.1	6.1	nM	18680276
294083	P21554	REGUYCWTBDAZDP-UHFFFAOYSA-N	Kd	39.81	39.81	nM	20047331
294083	P21554	REGUYCWTBDAZDP-UHFFFAOYSA-N	Ki	54.0	54.0	nM	20047331
294105	P21554	REHIEVFQRQVSNB-UHFFFAOYSA-N	EC50	300.0	300.0	nM	19320488
294105	P21554	REHIEVFQRQVSNB-UHFFFAOYSA-N	IC50	3100.0	3100.0	nM	19320488
294285	P21554	RENOYULSYYKUBU-UHFFFAOYSA-N	Ki	707.95	707.95	nM	19921781
294285	P21554	RENOYULSYYKUBU-UHFFFAOYSA-N	Ki	710.0	710.0	nM	19921781,21183257
294307	P21554	REOYOKXLUFHOBV-UHFFFAOYSA-N	Activity	8.45	8.45	pmol	18207393
294307	P21554	REOYOKXLUFHOBV-UHFFFAOYSA-N	EC50	10.1	10.1	nM	16451053
294307	P21554	REOYOKXLUFHOBV-UHFFFAOYSA-N	Emax	-84.1	-84.1	%	16451053
294307	P21554	REOYOKXLUFHOBV-UHFFFAOYSA-N	IC50	13.0	13.0	nM	25644673
294307	P21554	REOYOKXLUFHOBV-UHFFFAOYSA-N	Kd	2.512	2.512	nM	20047331
294307	P21554	REOYOKXLUFHOBV-UHFFFAOYSA-N	Ki	5.4	5.4	nM	16451053
294307	P21554	REOYOKXLUFHOBV-UHFFFAOYSA-N	Ki	25.0	25.0	nM	20047331
294325	P21554	REQGHDPBBUSDDM-UHFFFAOYSA-N	IC50	1.2	1.2	nM	20096577
294333	P21554	RERBOKHPWNZETI-UHFFFAOYSA-N	IC50	9.2	9.2	nM	20047779
294333	P21554	RERBOKHPWNZETI-UHFFFAOYSA-N	Ki	1.6	1.6	nM	20047779
294333	P21554	RERBOKHPWNZETI-UHFFFAOYSA-N	Ki	1.6	1.6	nM	20047779
294392	P21554	RESZTQWSVRJAHG-FGZHOGPDSA-N	Ki	58.7	58.7	nM	24175572
294406	P21554	RETSFECQNLSYQB-UHFFFAOYSA-N	Ki	143.0	143.0	nM	23623258
294630	P21554	RFBPLZZVEFTOML-UHFFFAOYSA-N	IC50	0.0	32000.0	nM	PubChem BioAssay data set
294731	P21554	RFGPQSURRIETSM-UHFFFAOYSA-N	Ki	41.0	41.0	nM	19595596
294785	P21554	RFJVQUYCUPFOIP-UHFFFAOYSA-N	Ki	14.0	14.0	nM	22341572
294876	P21554	RFNSWXHHUPFDJP-UHFFFAOYSA-N	Ki	0.0	5000.0	nM	20005710
294895	P21554	RFPBUBXFEAZKGC-UHFFFAOYSA-N	Ki	0.0	10000.0	nM	18311894
294895	P21554	RFPBUBXFEAZKGC-UHFFFAOYSA-N	Ki	10000.0	0.0	nM	18311894
295116	P21554	RFZLSIBCGIWYTG-UHFFFAOYSA-N	EC50	0.0	10000.0	nM	19062274
295116	P21554	RFZLSIBCGIWYTG-UHFFFAOYSA-N	Emax	2.0	2.0	%	19062274
295121	P21554	RFZPNNMXKDPBMG-UHFFFAOYSA-N	EC50	798.0	798.0	nM	23147076
295121	P21554	RFZPNNMXKDPBMG-UHFFFAOYSA-N	Efficacy	83.0	83.0	%	23147076
295121	P21554	RFZPNNMXKDPBMG-UHFFFAOYSA-N	Ki	11100.0	11100.0	nM	23147076
295128	P21554	RFZSGWJARWTLMM-UHFFFAOYSA-N	Ki	750.0	750.0	nM	17561406
295347	P21554	RGGOUWLUTABFEZ-UHFFFAOYSA-N	Activity	58.0	58.0	%	18342403,MedChemComm, (2015) 6:11:1978
295361	P21554	RGGYZVGAMKFQSH-UHFFFAOYSA-N	Ki	642.0	642.0	nM	22341572
295380	P21554	RGIAIURWTAWFCO-UHFFFAOYSA-N	EC50	1656.0	1656.0	nM	23147076
295380	P21554	RGIAIURWTAWFCO-UHFFFAOYSA-N	Efficacy	88.0	88.0	%	23147076
295390	P21554	RGIHXQFNMCMLRS-UHFFFAOYSA-N	Ki	70.0	70.0	nM	22483967
295431	P21554	RGJSGEMQPCNEHI-UHFFFAOYSA-N	EC50	0.0	31622.8	nM	20005703
295449	P21554	RGKOHNGIQMKDQR-UHFFFAOYSA-N	EC50	0.0	10000.0	nM	22130134
295516	P21554	RGMAKXWTNHXQNS-UHFFFAOYSA-N	Ki	2800.0	2800.0	nM	17942307
295560	P21554	RGMVASKKVQANJG-UHFFFAOYSA-N	Activity	34.0	34.0	%	23697626
295560	P21554	RGMVASKKVQANJG-UHFFFAOYSA-N	Ki	0.0	10000.0	nM	23697626
295615	P21554	RGOYFUXOVMJGSI-UHFFFAOYSA-N	Inhibition	16.0	16.0	%	23350768
295615	P21554	RGOYFUXOVMJGSI-UHFFFAOYSA-N	Ki	0.0	10000.0	nM	23350768
295711	P21554	RGRXZGKXEJHPQQ-UHFFFAOYSA-N	Activity	40.0	0.0	%	21667972
295799	P21554	RGVBFBQWHQZVFW-UHFFFAOYSA-N	IC50	226.0	226.0	nM	18243711
295845	P21554	RGVXRJTZMMLVNG-UHFFFAOYSA-N	Ki	2.3	2.3	nM	21996466
295894	P21554	RGXIGVIQTHRPTP-UHFFFAOYSA-N	Ki	712.0	712.0	nM	23350768,26922225
295902	P21554	RGXKCMQANRHRCO-RTBURBONSA-N	Ki	21.88	21.88	nM	17521177,17980589
295902	P21554	RGXKCMQANRHRCO-RTBURBONSA-N	Ki	22.0	22.0	nM	17521177
296047	P21554	RHCDXSQDZPNQNY-UHFFFAOYSA-N	Ki	0.0	10000.0	nM	18424134
296078	P21554	RHDKCARPLCNXCC-UHFFFAOYSA-N	EC50	5423.0	5423.0	nM	22284817
296078	P21554	RHDKCARPLCNXCC-UHFFFAOYSA-N	Emax	66.0	66.0	%	22284817
296176	P21554	RHGZYQFTYUFLDZ-UHFFFAOYSA-N	EC50	0.0	10000.0	nM	23380378
296447	P21554	RHPHCZQYECTNKO-UHFFFAOYSA-N	Ke	0.106	0.106	uM	21875798
296447	P21554	RHPHCZQYECTNKO-UHFFFAOYSA-N	Ki	21.0	21.0	nM	21875798
296447	P21554	RHPHCZQYECTNKO-UHFFFAOYSA-N	Ki	135.0	135.0	nM	21875798
296519	P21554	RHSIAFAYCQNOJH-UHFFFAOYSA-N	IC50	0.7586	0.7586	nM	21334892
296519	P21554	RHSIAFAYCQNOJH-UHFFFAOYSA-N	IC50	0.759	0.759	nM	21334892
296540	P21554	RHTSHAPSXDVMKC-UHFFFAOYSA-N	Ki	65.0	65.0	nM	24936232
296856	P21554	RIHOOWPYSUUILT-UHFFFAOYSA-N	IC50	47.4	47.4	nM	19530697
296885	P21554	RIIUYJZMROARCU-UHFFFAOYSA-N	EC50	1055.0	1055.0	nM	21115245
296900	P21554	RIJPPXXYGWDYJW-UHFFFAOYSA-N	EC50	0.0	3162.28	nM	19010671
296900	P21554	RIJPPXXYGWDYJW-UHFFFAOYSA-N	Efficacy	5.0	5.0	%	19010671
296908	P21554	RIKFEZIZTBXQAZ-UHFFFAOYSA-N	Ki	2432.0	2432.0	nM	23697626
296941	P21554	RILJIDLLBYNRJX-UHFFFAOYSA-N	EC50	0.0	31622.8	nM	20005703
296982	P21554	RINFQEOJJBAXHG-UHFFFAOYSA-N	Activity	51.2	51.2	%	16392827
297195	P21554	RITJZSQTXIWOPC-UHFFFAOYSA-N	Ki	1422.0	1422.0	nM	20031412
297288	P21554	RIXLFUGVKSPBOE-UHFFFAOYSA-N	Ki	0.0	1000.0	nM	24508127
297369	P21554	RIZWZUNPJWSHGQ-UHFFFAOYSA-N	Ki	297.0	297.0	nM	21428406
297400	P21554	RJAYJQVMQVZMSL-UHFFFAOYSA-N	Ki	200.0	200.0	nM	19091565,21183257
297540	P21554	RJGQTAJDZYVVIZ-UHFFFAOYSA-N	Ki	2000.0	2000.0	nM	24729834
297816	P21554	RJPGJHLVEUSRRA-QZTJIDSGSA-N	Ki	0.43	0.43	nM	17521177
298075	P21554	RJYQAFGYQJXSBT-UHFFFAOYSA-N	Ki	0.0	5000.0	nM	18522867
298146	P21554	RKBMMCQSHOXMNV-UHFFFAOYSA-N	EC50	0.0	100000.0	nM	23795771
298162	P21554	RKCFSDNIHLDNEA-UHFFFAOYSA-N	Ke	71.0	71.0	nM	23098108
298162	P21554	RKCFSDNIHLDNEA-UHFFFAOYSA-N	Ki	3343.0	3343.0	nM	23098108
298191	P21554	RKDIXFVBQQPLOX-QZTJIDSGSA-N	Ki	0.0	3000.0	nM	20079638
298326	P21554	RKJJVEGZZUFFPU-UHFFFAOYSA-N	Ki	630.0	630.0	nM	19921781
298326	P21554	RKJJVEGZZUFFPU-UHFFFAOYSA-N	Ki	630.96	630.96	nM	19921781
298445	P21554	RKNXIUHKWMPMBY-NRFANRHFSA-N	Kd	6.31	6.31	nM	20137935
298445	P21554	RKNXIUHKWMPMBY-NRFANRHFSA-N	Ki	7.6	7.6	nM	20137935
298445	P21554	RKNXIUHKWMPMBY-NRFANRHFSA-N	Ki	58.0	58.0	nM	20137935
298448	P21554	RKNXIUHKWMPMBY-OAQYLSRUSA-N	Kd	0.3162	0.3162	nM	20137935
298448	P21554	RKNXIUHKWMPMBY-OAQYLSRUSA-N	Ki	2.0	2.0	nM	20137935
298449	P21554	RKNXIUHKWMPMBY-UHFFFAOYSA-N	Kd	0.3981	0.3981	nM	20137935
298449	P21554	RKNXIUHKWMPMBY-UHFFFAOYSA-N	Ki	7.6	7.6	nM	20137935
298488	P21554	RKQAKYKJKLZYRC-UHFFFAOYSA-N	Ki	360.0	360.0	nM	20718492
298573	P21554	RKTSYPXVFYMLSU-UHFFFAOYSA-N	Ki	131.0	131.0	nM	18511157
298842	P21554	RLDFIJKVRGNHNN-UHFFFAOYSA-N	EC50	40.0	40.0	nM	19320488
298842	P21554	RLDFIJKVRGNHNN-UHFFFAOYSA-N	IC50	3000.0	3000.0	nM	19320488
298858	P21554	RLDIECPQAYAUKV-NPMXOYFQSA-N	IC50	282.2	282.2	nM	17293109
298967	P21554	RLHQKQWKXVSGCI-UHFFFAOYSA-N	Ke	0.4	0.4	nM	22372835
298967	P21554	RLHQKQWKXVSGCI-UHFFFAOYSA-N	Ki	7.6	7.6	nM	22372835
298988	P21554	RLIPDJQJQYCZHX-UHFFFAOYSA-N	EC50	0.0	32000.0	nM	PubChem BioAssay data set
298988	P21554	RLIPDJQJQYCZHX-UHFFFAOYSA-N	IC50	7680.0	7680.0	nM	,PubChem BioAssay data set
299050	P21554	RLJLCJZUZZVRKX-DOFZRALJSA-N	Ki	220.0	220.0	nM	9057852
299121	P21554	RLLSCGRLMPJHDQ-UHFFFAOYSA-N	EC50	3235.94	3235.94	nM	24984935
299121	P21554	RLLSCGRLMPJHDQ-UHFFFAOYSA-N	EC50	3236.0	3236.0	nM	24984935
299121	P21554	RLLSCGRLMPJHDQ-UHFFFAOYSA-N	Emax	48.0	48.0	%	24984935
299121	P21554	RLLSCGRLMPJHDQ-UHFFFAOYSA-N	Ki	0.0	5000.0	nM	18522867
299141	P21554	RLMHLVYKLURACD-CHRYWTOVSA-N	Inhibition	30.0	30.0	%	24471526
299141	P21554	RLMHLVYKLURACD-CHRYWTOVSA-N	Ki	10600.0	10600.0	nM	24471526
299191	P21554	RLOOCWASJIUZMT-UHFFFAOYSA-N	EC50	0.0	10000.0	nM	23147076
299392	P21554	RLWWXTRPQBXOMR-UHFFFAOYSA-N	Kd	1.585	1.585	nM	16140010
299392	P21554	RLWWXTRPQBXOMR-UHFFFAOYSA-N	Ki	24.0	24.0	nM	16140010
299609	P21554	RMDYOOKUYKPFTH-UHFFFAOYSA-N	Ki	0.0	10000.0	nM	21872477
299660	P21554	RMFDZJAPAYUPPP-UHFFFAOYSA-N	Ki	5500.0	5500.0	nM	16279794
299833	P21554	RMLYKVSQDNDWFU-UHFFFAOYSA-N	EC50	0.0	10000.0	nM	23147076
300042	P21554	RMSJFQOLSVAHTG-UHFFFAOYSA-N	Activity	53.3	53.3	%	16392793
300187	P21554	RMXLQPIAIKDVTP-UHFFFAOYSA-N	Kd	10.0	10.0	nM	16140010
300187	P21554	RMXLQPIAIKDVTP-UHFFFAOYSA-N	Ki	75.0	75.0	nM	16140010
300501	P21554	RNHYSCQRYBZZBM-UHFFFAOYSA-N	IC50	1000.0	1000.0	nM	15713403
300528	P21554	RNJNGJSZUQEKDC-GMAHTHKFSA-N	Ki	10.0	10.0	nM	17383180
300561	P21554	RNLCRGRXTZFYLG-UHFFFAOYSA-N	Inhibition	35.0	35.0	%	23350768
300561	P21554	RNLCRGRXTZFYLG-UHFFFAOYSA-N	Ki	0.0	10000.0	nM	23350768
300592	P21554	RNMKCDKJDCUKNL-AHTUAUCYSA-N	Ki	1.259	1.259	nM	17521177,17980589
300592	P21554	RNMKCDKJDCUKNL-AHTUAUCYSA-N	Ki	1.27	1.27	nM	17521177
300592	P21554	RNMKCDKJDCUKNL-AHTUAUCYSA-N	Ki	1.8	1.8	nM	21183257
300608	P21554	RNMRJQUHDLMTCB-UHFFFAOYSA-N	IC50	15.0	15.0	nM	16263284
300719	P21554	RNPZTWOEGAMLLX-UHFFFAOYSA-N	Kb	627.1	627.1	nM	24053617
300809	P21554	RNTZWPBPSNRYNF-UHFFFAOYSA-N	Ke	3.0	3.0	nM	22372835
300809	P21554	RNTZWPBPSNRYNF-UHFFFAOYSA-N	Ki	9.2	9.2	nM	22372835
300812	P21554	RNUAGWKZGMVYTO-UHFFFAOYSA-N	IC50	0.0	9900.0	nM	23227781
300870	P21554	RNWXNIKJQSUHCI-UHFFFAOYSA-N	IC50	468.0	468.0	nM	22444677
300870	P21554	RNWXNIKJQSUHCI-UHFFFAOYSA-N	Ki	793.0	793.0	nM	22444677
300965	P21554	RNYZUXUUYUNVSM-UHFFFAOYSA-N	Ki	160.0	160.0	nM	17507224
300988	P21554	ROASQEPZAKGACK-UHFFFAOYSA-N	Activity	102.1	102.1	%	16451053
300988	P21554	ROASQEPZAKGACK-UHFFFAOYSA-N	EC50	195.0	195.0	nM	16451053
300988	P21554	ROASQEPZAKGACK-UHFFFAOYSA-N	Emax	-75.1	-75.1	%	16451053
300988	P21554	ROASQEPZAKGACK-UHFFFAOYSA-N	Ki	243.0	243.0	nM	16451053
301183	P21554	ROHJMIWUMPPHFT-UHFFFAOYSA-N	EC50	0.0	25000.0	nM	20845959
301183	P21554	ROHJMIWUMPPHFT-UHFFFAOYSA-N	Kd	501.19	501.19	nM	20845959
301183	P21554	ROHJMIWUMPPHFT-UHFFFAOYSA-N	Ki	1292.0	1292.0	nM	20845959
301183	P21554	ROHJMIWUMPPHFT-UHFFFAOYSA-N	Ki	1885.0	1885.0	nM	20845959
301321	P21554	RONXSZNUVNPWOM-UHFFFAOYSA-N	Activity	29.1	29.1	%	17915849
301453	P21554	RORYUGRNSOPRJJ-NRFANRHFSA-N	Ke	230.0	230.0	nM	22372835
301454	P21554	RORYUGRNSOPRJJ-OAQYLSRUSA-N	Ke	118.0	118.0	nM	22372835
301454	P21554	RORYUGRNSOPRJJ-OAQYLSRUSA-N	Ki	125.0	125.0	nM	22372835
301549	P21554	ROUPZODBFCCUFW-QGZVFWFLSA-N	EC50	794.33	794.33	nM	21316962
301603	P21554	ROXBNNWLTLUZPU-UHFFFAOYSA-N	Ki	0.0	4600.0	nM	23865723
301629	P21554	ROYGHGYSWUNXSM-WOJBJXKFSA-N	Ki	119.0	119.0	nM	17521177
301629	P21554	ROYGHGYSWUNXSM-WOJBJXKFSA-N	Ki	120.23	120.23	nM	17521177,17980589
301641	P21554	ROYLFSPKCIXLCA-CPRJBALCSA-N	Inhibition	61.0	61.0	%	22959249
301645	P21554	ROYMHWOULZALOP-IBGZPJMESA-N	EC50	100.0	100.0	nM	20634067
301716	P21554	RPBMPWGKZFLMFN-OKFSJJLXSA-N	EC50	1530.0	1530.0	nM	23621789
301716	P21554	RPBMPWGKZFLMFN-OKFSJJLXSA-N	Ki	6.8	6.8	nM	17521177,19250829
301716	P21554	RPBMPWGKZFLMFN-OKFSJJLXSA-N	Ratio	0.62	0.62	-	23621789
301735	P21554	RPBVVKHIJDHJOE-UHFFFAOYSA-N	Activity	60.2	60.2	%	16451053
301735	P21554	RPBVVKHIJDHJOE-UHFFFAOYSA-N	Emax	-70.0	-70.0	%	16451053
301735	P21554	RPBVVKHIJDHJOE-UHFFFAOYSA-N	Ki	6661.0	6661.0	nM	16451053
301837	P21554	RPFZUITZBLTUOO-UHFFFAOYSA-N	IC50	400.0	400.0	nM	15664830
301902	P21554	RPJSYUCMBJAHHS-UHFFFAOYSA-N	Activity	59.3	59.3	%	17915849
301931	P21554	RPKLYXZEDWZHSZ-UHFFFAOYSA-N	Inhibition	97.0	97.0	%	18083560
301931	P21554	RPKLYXZEDWZHSZ-UHFFFAOYSA-N	Ki	58.0	58.0	nM	18083560
301973	P21554	RPLMXJCLSUVMAV-UHFFFAOYSA-N	Activity	65.6	65.6	%	24125850
302193	P21554	RPVFNXLVQVHDAD-UHFFFAOYSA-N	Displacement	79.4	79.4	%	15801840
302193	P21554	RPVFNXLVQVHDAD-UHFFFAOYSA-N	Ki	3801.0	3801.0	nM	15801840
302441	P21554	RQCZYNKUAQGUIV-UHFFFAOYSA-N	Ki	2435.0	2435.0	nM	22738271
302501	P21554	RQFDHAZJXWQQBK-UHFFFAOYSA-N	Kd	1.0	1.0	nM	15771428,20363132
302501	P21554	RQFDHAZJXWQQBK-UHFFFAOYSA-N	Ki	14.0	14.0	nM	15771428,20363132
302579	P21554	RQHZLXLERRGKBY-UHFFFAOYSA-N	Ki	0.0	3000.0	nM	24508127
302789	P21554	RQQDTULJOCPGJD-UQBPGWFLSA-N	IC50	0.8	0.8	nM	17608398
302893	P21554	RQTWLERVPPXXLP-UQBPGWFLSA-N	IC50	0.9	0.9	nM	17608398
302930	P21554	RQVUMULNDKKRDG-SOFGYWHQSA-N	Activity	0.0	0.0	%	21074998
302930	P21554	RQVUMULNDKKRDG-SOFGYWHQSA-N	IC50	0.0	10000.0	nM	21074998
302930	P21554	RQVUMULNDKKRDG-SOFGYWHQSA-N	Ki	0.0	10000.0	nM	21074998
302993	P21554	RQYLUIOUNCYUQF-UHFFFAOYSA-N	Activity	38.0	38.0	%	23679955
302993	P21554	RQYLUIOUNCYUQF-UHFFFAOYSA-N	Inhibition	0.0	0.0	%	22916707
302993	P21554	RQYLUIOUNCYUQF-UHFFFAOYSA-N	Inhibition	38.0	38.0	%	22916707
302993	P21554	RQYLUIOUNCYUQF-UHFFFAOYSA-N	Ki	0.0	10000.0	nM	23679955,22916707
303049	P21554	RRANDYHKXBZJMN-UHFFFAOYSA-N	Ki	380.0	380.0	nM	19921781
303049	P21554	RRANDYHKXBZJMN-UHFFFAOYSA-N	Ki	380.19	380.19	nM	19921781
303246	P21554	RRIKXSCKZOBQCX-UHFFFAOYSA-N	IC50	0.32	0.32	nM	17582659
303292	P21554	RRKHFMZRDDPEFW-UHFFFAOYSA-N	Ki	372.3	372.3	nM	20943290
303342	P21554	RRMJGXWUBNPGIF-UHFFFAOYSA-N	EC50	7.0	7.0	nM	19320488
303342	P21554	RRMJGXWUBNPGIF-UHFFFAOYSA-N	IC50	310.0	310.0	nM	19320488
303369	P21554	RRNZJIUGNONERQ-UHFFFAOYSA-N	Ki	454.0	454.0	nM	20979417
303380	P21554	RROKKCWHZJTZKH-UHFFFAOYSA-N	Ki	0.0	10000.0	nM	19921781
303442	P21554	RRQKYBRIIQLPRA-UHFFFAOYSA-N	EC50	0.0	3162.28	nM	19010671
303442	P21554	RRQKYBRIIQLPRA-UHFFFAOYSA-N	Efficacy	5.0	5.0	%	19010671
303542	P21554	RRUMZUULISYKFT-UHFFFAOYSA-N	Ki	56.0	56.0	nM	19595596
303672	P21554	RSALASLNYRMGOC-UHFFFAOYSA-N	Ki	1202.26	1202.26	nM	18311894
303672	P21554	RSALASLNYRMGOC-UHFFFAOYSA-N	Ki	1210.0	1210.0	nM	18311894
303874	P21554	RSIFAPRZMRWEKC-UHFFFAOYSA-N	Ki	2043.0	2043.0	nM	,Bioorg. Med. Chem. Lett., (1996) 6:19:2263,19143566
304102	P21554	RSRQBSGZMPVCOI-UHFFFAOYSA-N	Inhibition	12.0	12.0	%	14521402
304181	P21554	RSUMDJRTAFBISX-UHFFFAOYSA-N	EC50	6.1	6.1	nM	17630726
304181	P21554	RSUMDJRTAFBISX-UHFFFAOYSA-N	EC50	72.0	72.0	nM	22284817
304181	P21554	RSUMDJRTAFBISX-UHFFFAOYSA-N	EC50	73.0	73.0	nM	22607668
304181	P21554	RSUMDJRTAFBISX-UHFFFAOYSA-N	Emax	104.7	104.7	%	17630726
304181	P21554	RSUMDJRTAFBISX-UHFFFAOYSA-N	Emax	111.0	111.0	%	22284817
304181	P21554	RSUMDJRTAFBISX-UHFFFAOYSA-N	Emax	112.0	112.0	%	22607668
304181	P21554	RSUMDJRTAFBISX-UHFFFAOYSA-N	IC50	15.0	15.0	nM	17630726
304181	P21554	RSUMDJRTAFBISX-UHFFFAOYSA-N	Ki	35.0	35.0	nM	22284817,22607668
304296	P21554	RSYSXDBUOKOFIE-UHFFFAOYSA-N	EC50	32.0	32.0	nM	23227781
304296	P21554	RSYSXDBUOKOFIE-UHFFFAOYSA-N	EC50	120.0	120.0	nM	23227781
304296	P21554	RSYSXDBUOKOFIE-UHFFFAOYSA-N	Emax	110.0	110.0	%	23227781
304296	P21554	RSYSXDBUOKOFIE-UHFFFAOYSA-N	Emax	120.0	120.0	%	23227781
304296	P21554	RSYSXDBUOKOFIE-UHFFFAOYSA-N	IC50	37.0	37.0	nM	23227781
304296	P21554	RSYSXDBUOKOFIE-UHFFFAOYSA-N	IC50	47.0	47.0	nM	23227781
304300	P21554	RSYWEFIQLHVGST-UHFFFAOYSA-N	Ki	3.2	3.2	nM	24182233
304348	P21554	RSZNJMNZSVCMKK-UHFFFAOYSA-N	EC50	0.0	3162.28	nM	19010671
304348	P21554	RSZNJMNZSVCMKK-UHFFFAOYSA-N	Efficacy	5.0	5.0	%	19010671
304460	P21554	RTEBTDAJVQZWBC-UHFFFAOYSA-N	EC50	13.0	13.0	nM	23227781
304460	P21554	RTEBTDAJVQZWBC-UHFFFAOYSA-N	Emax	79.0	79.0	%	23227781
304460	P21554	RTEBTDAJVQZWBC-UHFFFAOYSA-N	IC50	15.0	15.0	nM	23227781
304515	P21554	RTFYVHUBOHLBKA-UHFFFAOYSA-N	EC50	140.0	140.0	nM	21115245
304602	P21554	RTHQTFRZYVZUTI-UHFFFAOYSA-N	Ki	0.0	10000.0	nM	20031412
304604	P21554	RTHRVYFSGYJUOV-UHFFFAOYSA-N	EC50	0.0	10000.0	nM	23380378
304622	P21554	RTIKERGWNGSDJW-PHIMTYICSA-N	EC50	2511.89	2511.89	nM	20005703
304622	P21554	RTIKERGWNGSDJW-PHIMTYICSA-N	Efficacy	57.0	57.0	%	20005703
304811	P21554	RTOCYQSEVYHQOW-UHFFFAOYSA-N	EC50	87.0	87.0	nM	19095444
304811	P21554	RTOCYQSEVYHQOW-UHFFFAOYSA-N	IC50	66.9	66.9	nM	19095444
304880	P21554	RTRAPBQOJODDGH-NKFKGCMQSA-N	Ki	148.0	148.0	nM	9857088
304880	P21554	RTRAPBQOJODDGH-NKFKGCMQSA-N	Ki	928.0	928.0	nM	9857088
304882	P21554	RTRAPBQOJODDGH-PTGBLXJZSA-N	Ki	2.7	2.7	nM	9857088
304882	P21554	RTRAPBQOJODDGH-PTGBLXJZSA-N	Ki	2.72	2.72	nM	9857088
304882	P21554	RTRAPBQOJODDGH-PTGBLXJZSA-N	Ki	10.8	10.8	nM	9857088
304882	P21554	RTRAPBQOJODDGH-PTGBLXJZSA-N	Ki	11.0	11.0	nM	9857088
304882	P21554	RTRAPBQOJODDGH-PTGBLXJZSA-N	Ki	611.0	611.0	nM	9857088
304945	P21554	RTTGKYVLNXUSQE-UHFFFAOYSA-N	Ki	0.0	10000.0	nM	21872477
305204	P21554	RUDOQDYUTXVYLW-UHFFFAOYSA-N	IC50	9.33	9.33	nM	21334892
305204	P21554	RUDOQDYUTXVYLW-UHFFFAOYSA-N	IC50	9.333	9.333	nM	21334892
305219	P21554	RUEGAVIENIPHGK-UHFFFAOYSA-N	Activity	20.0	0.0	%	16392827
305288	P21554	RUHWKBFHCCZIQF-UHFFFAOYSA-N	Ki	1300.0	1300.0	nM	24729834
305296	P21554	RUIAOXVTSUSVJG-UHFFFAOYSA-N	Inhibition	16.0	16.0	%	12672243
305335	P21554	RUJMERFUMDLBHZ-UHFFFAOYSA-N	Ki	1200.0	1200.0	nM	24378710
305399	P21554	RUKZVIXSXGGFHW-DOFZRALJSA-N	Log Ki	3.06	3.06	nM	10882356
305474	P21554	RUNGTZFTAALHPX-UHFFFAOYSA-N	EC50	0.0	10000.0	nM	23147076
305663	P21554	RUTVSQSSHDMKCW-QMHKHESXSA-N	IC50	21.7	21.7	nM	17293109
305693	P21554	RUVFYCSQNLFKOK-UHFFFAOYSA-N	Ki	860.0	860.0	nM	21867920
305976	P21554	RVFBBHHTTRIWCW-UHFFFAOYSA-N	Activity	43.0	43.0	%	18342403
306060	P21554	RVHWXPKCVHKXBJ-UHFFFAOYSA-N	Activity	74.9	74.9	%	24125850
306324	P21554	RVRHTFXOZMGCTE-UHFFFAOYSA-N	Ki	260.0	260.0	nM	19091565
306334	P21554	RVRXQJOOVUCQBQ-UHFFFAOYSA-N	Kd	10.0	10.0	nM	20137935
306334	P21554	RVRXQJOOVUCQBQ-UHFFFAOYSA-N	Ki	21.7	21.7	nM	20137935
306384	P21554	RVTLXKSJDYALPU-WOJBJXKFSA-N	Ki	0.2	0.2	nM	17521177
306384	P21554	RVTLXKSJDYALPU-WOJBJXKFSA-N	Ki	0.6	0.6	nM	9784115
306384	P21554	RVTLXKSJDYALPU-WOJBJXKFSA-N	Ki	0.6	0.6	nM	9784115
306578	P21554	RWBKMOYFKRJDNF-UHFFFAOYSA-N	IC50	199.0	199.0	nM	19954978
306671	P21554	RWFPAKDCXZIENT-WNOPAQSVSA-N	Emax	69.0	69.0	%	21420857
306671	P21554	RWFPAKDCXZIENT-WNOPAQSVSA-N	IC50	3441.0	3441.0	nM	21420857
306783	P21554	RWKPPLDMBNIRBR-UHFFFAOYSA-N	Inhibition	36.8	36.8	%	24445310
306805	P21554	RWLYOWXSBNGGDM-UHFFFAOYSA-N	IC50	14.6	14.6	nM	19530697
306866	P21554	RWNZJLAHELGGJW-UHFFFAOYSA-N	Activity	0.0	50.0	%	19331413
306866	P21554	RWNZJLAHELGGJW-UHFFFAOYSA-N	Ki	158.49	158.49	nM	19331413
306866	P21554	RWNZJLAHELGGJW-UHFFFAOYSA-N	Ki	170.0	170.0	nM	19331413
306907	P21554	RWPLAHLWOIJVAB-UHFFFAOYSA-N	IC50	1200.0	1200.0	nM	17884496
307125	P21554	RWXZZBVYJHEKRB-VAWYXSNFSA-N	Ki	2800.0	2800.0	nM	16213718
307143	P21554	RWYPKJWNXKZUNI-UHFFFAOYSA-N	EC50	442.4	442.4	nM	18712856
307143	P21554	RWYPKJWNXKZUNI-UHFFFAOYSA-N	IC50	7.3	7.3	nM	18712856
307192	P21554	RWZVVBVAUPBWHG-UHFFFAOYSA-N	IC50	3.5	3.5	nM	17270441
307300	P21554	RXDZRIIRDNRYRZ-UHFFFAOYSA-N	IC50	2.6	2.6	nM	19954978
307308	P21554	RXEGFAKFIYJRJK-UHFFFAOYSA-N	IC50	0.55	0.55	nM	20015647
307308	P21554	RXEGFAKFIYJRJK-UHFFFAOYSA-N	IC50	1.7	1.7	nM	20015647
307308	P21554	RXEGFAKFIYJRJK-UHFFFAOYSA-N	IC50	3.0	3.0	nM	20015647
307406	P21554	RXIHJPHUJRMANO-UHFFFAOYSA-N	Activity	30.0	30.0	%	18342403
307556	P21554	RXMUZCZLPMFXFQ-UHFFFAOYSA-N	Ki	170.0	170.0	nM	22044209
307701	P21554	RXTDKOOCPFHDOD-UHFFFAOYSA-N	Ki	1827.0	1827.0	nM	22548457
307713	P21554	RXTUAOJEIAWETB-UHFFFAOYSA-N	IC50	3.9	3.9	nM	17270441
307728	P21554	RXUIMVCOCPUGDQ-UHFFFAOYSA-N	Activity	10.0	0.0	%	16392793
307965	P21554	RYCHPZDRERWDKZ-UHFFFAOYSA-N	EC50	29.8	29.8	nM	18712856
307965	P21554	RYCHPZDRERWDKZ-UHFFFAOYSA-N	IC50	3.0	3.0	nM	18712856
308131	P21554	RYIOABQQQQKPKS-UHFFFAOYSA-N	EC50	5910.0	5910.0	nM	22765893
308131	P21554	RYIOABQQQQKPKS-UHFFFAOYSA-N	Efficacy	70.9	70.9	%	22765893
308241	P21554	RYNSGDFWBJWWSZ-UHFFFAOYSA-N	Ki	126.0	126.0	nM	9435190
308241	P21554	RYNSGDFWBJWWSZ-UHFFFAOYSA-N	Ki	141.0	141.0	nM	18363352
308336	P21554	RYSVRUNBYBQFLG-UHFFFAOYSA-N	IC50	200.0	200.0	nM	22340081
308394	P21554	RYVRPEABVWJUDF-UHFFFAOYSA-N	Kd	1.259	1.259	nM	15771428
308394	P21554	RYVRPEABVWJUDF-UHFFFAOYSA-N	Ki	36.0	36.0	nM	15771428
308688	P21554	RZFOQCSWONKABC-UHFFFAOYSA-N	IC50	82.9	82.9	nM	19530697
308905	P21554	RZKNYHUPJRUAJI-CYBMUJFWSA-N	Ki	0.54	0.54	nM	20971001
309019	P21554	RZPQNQHLKGKIQH-DEOSSOPVSA-N	IC50	297.0	297.0	nM	22421019
309019	P21554	RZPQNQHLKGKIQH-DEOSSOPVSA-N	Ki	738.0	738.0	nM	22421019
309069	P21554	RZRSQMNUWQQCPS-UHFFFAOYSA-N	Ki	770.0	770.0	nM	19091565
309144	P21554	RZVAJINKPMORJF-UHFFFAOYSA-N	Activity	13.0	13.0	%	19053765
309168	P21554	RZVOLNBRSAOMJA-UHFFFAOYSA-N	EC50	0.0	10000.0	nM	19062274
309168	P21554	RZVOLNBRSAOMJA-UHFFFAOYSA-N	Emax	10.0	10.0	%	19062274
309222	P21554	RZXMCAVYNNVGHZ-UHFFFAOYSA-N	Ki	221.0	221.0	nM	22738271
309397	P21554	SAFCFWSMQRVAMH-UHFFFAOYSA-N	Ki	1830.0	1830.0	nM	24518874
309409	P21554	SAFUFYQSHFIGDQ-UHFFFAOYSA-N	Inhibition	70.0	70.0	%	18083560
309423	P21554	SAGNQDHNPWPPAS-UHFFFAOYSA-N	EC50	3.981	3.981	nM	20688519
309423	P21554	SAGNQDHNPWPPAS-UHFFFAOYSA-N	Kd	7.943	7.943	nM	20688519
309423	P21554	SAGNQDHNPWPPAS-UHFFFAOYSA-N	Ki	118.0	118.0	nM	20688519
309472	P21554	SAJLLMGPNQDUBM-BRPLTFKJSA-N	EC50	210.0	210.0	nM	18430570
309472	P21554	SAJLLMGPNQDUBM-BRPLTFKJSA-N	Ki	50.0	50.0	nM	18430570
309491	P21554	SAKDMMKLUSBZCX-QZTJIDSGSA-N	Ki	0.0	3000.0	nM	20079638
309497	P21554	SAKUEOHMONHMLH-UHFFFAOYSA-N	EC50	0.0	20000.0	nM	21354795
309545	P21554	SANBGWUAQBYZHG-UHFFFAOYSA-N	Activity	242.7	242.7	%	22571451
309545	P21554	SANBGWUAQBYZHG-UHFFFAOYSA-N	EC50	230.0	230.0	nM	22571451
309630	P21554	SAPMRIJLGBJLJJ-UHFFFAOYSA-N	IC50	0.0	32000.0	nM	PubChem BioAssay data set
309681	P21554	SARAENXTDJVVCO-UHFFFAOYSA-N	EC50	0.0	20000.0	nM	21354795
309686	P21554	SARFNBYJOVJGNP-UHFFFAOYSA-N	Ki	240.0	240.0	nM	19595596
309821	P21554	SAWOOBBZRYRBER-UHFFFAOYSA-N	Ki	0.0	10000.0	nM	22370265
309832	P21554	SAXGZVXICPFBPO-UHFFFAOYSA-N	EC50	0.0	10000.0	nM	21115245
309836	P21554	SAXUWUSQYUVTQJ-UHFFFAOYSA-N	Ki	1270.0	1270.0	nM	24518874
309865	P21554	SAZCFFCYWUHWFV-UHFFFAOYSA-N	Ki	0.0	1000.0	nM	23151320
309875	P21554	SAZOOZOCEZSXGN-UHFFFAOYSA-N	Ke	3.76	3.76	uM	21875798
310146	P21554	SBKUEQYCQJRTLL-UHFFFAOYSA-N	IC50	2.63	2.63	nM	21334892
310160	P21554	SBLRGVQPPNSJQZ-UHFFFAOYSA-N	Ki	1.4	1.4	nM	24182233
310199	P21554	SBMZVMAQHHRTLR-UHFFFAOYSA-N	EC50	8.0	8.0	nM	23227781
310199	P21554	SBMZVMAQHHRTLR-UHFFFAOYSA-N	EC50	8.0	8.0	nM	23227781
310199	P21554	SBMZVMAQHHRTLR-UHFFFAOYSA-N	Emax	110.0	110.0	%	23227781
310199	P21554	SBMZVMAQHHRTLR-UHFFFAOYSA-N	IC50	5.0	5.0	nM	23227781
310199	P21554	SBMZVMAQHHRTLR-UHFFFAOYSA-N	IC50	5.0	5.0	nM	23227781
310485	P21554	SBWLSJCDKBFFDV-UHFFFAOYSA-N	Ki	95.0	95.0	nM	17383180
310486	P21554	SBWMAEWKXXBSGJ-FLIBITNWSA-N	Inhibition	25.0	25.0	%	MedChemComm, (2014) 5:5:632
310486	P21554	SBWMAEWKXXBSGJ-FLIBITNWSA-N	Ki	0.0	10000.0	nM	MedChemComm, (2014) 5:5:632
310513	P21554	SBXFNAPGWOTRJF-UHFFFAOYSA-N	Inhibition	22.8	22.8	%	12672243
310522	P21554	SBXUFOWDNNHLNX-UHFFFAOYSA-N	Ki	0.0	2820.0	nM	19595596
310522	P21554	SBXUFOWDNNHLNX-UHFFFAOYSA-N	Ki	2820.0	2820.0	nM	19595596
310560	P21554	SBYYFNVKZGJIPR-VOTSOKGWSA-N	Activity	40.0	0.0	%	21667972
310575	P21554	SBZIDVDEJYSWGK-KRWDZBQOSA-N	Ke	1153.0	1153.0	nM	23098108
310576	P21554	SBZIDVDEJYSWGK-QGZVFWFLSA-N	Ke	1500.0	1500.0	nM	23098108
310591	P21554	SBZUBYZOOZUSIW-UHFFFAOYSA-N	Ki	3300.0	3300.0	nM	16279794
310616	P21554	SCAJGFRGQJAWBD-UHFFFAOYSA-N	Emax	101.0	101.0	%	21420860
310616	P21554	SCAJGFRGQJAWBD-UHFFFAOYSA-N	IC50	90.0	90.0	nM	21420860
310696	P21554	SCDKFJPXXNPSOL-UHFFFAOYSA-N	EC50	600.0	600.0	nM	18640038
310696	P21554	SCDKFJPXXNPSOL-UHFFFAOYSA-N	Emax	105.0	105.0	%	18640038
310868	P21554	SCJNCDSAIRBRIA-DOFZRALJSA-N	Ki	5.3	5.3	nM	17942307
310873	P21554	SCJNCDSAIRBRIA-UHFFFAOYSA-N	Ki	5.3	5.3	nM	17942307
311037	P21554	SCQIZSIOFTUDQV-UHFFFAOYSA-N	Ki	509.0	509.0	nM	18335976
311086	P21554	SCTRCTHPTCEKJE-UHFFFAOYSA-N	EC50	0.0	10000.0	nM	23147076
311116	P21554	SCUGHUNYELWZGT-UHFFFAOYSA-N	EC50	0.0	3162.28	nM	19010671
311116	P21554	SCUGHUNYELWZGT-UHFFFAOYSA-N	Efficacy	5.0	5.0	%	19010671
311147	P21554	SCUTUKVFQDAOCG-UHFFFAOYSA-N	Ki	510.0	510.0	nM	19091565
311196	P21554	SCWPZBKWRIIRRA-UHFFFAOYSA-N	Ki	140.0	140.0	nM	19919895
311215	P21554	SCXGZDPMWWSCTF-UHFFFAOYSA-N	Activity	20.0	0.0	%	16279809
311324	P21554	SDBAMIYHTMYHHO-UHFFFAOYSA-N	Ki	320.0	320.0	nM	17507224
311505	P21554	SDHHRQMCSLOMMQ-UHFFFAOYSA-N	IC50	390.0	390.0	nM	22340081
311635	P21554	SDMQRKFIXCWCQU-UHFFFAOYSA-N	IC50	514.0	514.0	nM	22444677
311635	P21554	SDMQRKFIXCWCQU-UHFFFAOYSA-N	Ki	266.0	266.0	nM	22444677
311900	P21554	SDZZJJQUJLEACD-UHFFFAOYSA-N	Ki	20.9	20.9	nM	23085772
312009	P21554	SEEXAGYACMBIMM-UHFFFAOYSA-N	EC50	0.0	32000.0	nM	,PubChem BioAssay data set
312009	P21554	SEEXAGYACMBIMM-UHFFFAOYSA-N	IC50	1680.0	1680.0	nM	,PubChem BioAssay data set
312113	P21554	SEHSPYABKBQZIR-UHFFFAOYSA-N	Activity	4.0	4.0	%	23697626
312113	P21554	SEHSPYABKBQZIR-UHFFFAOYSA-N	Ki	0.0	10000.0	nM	23697626
312120	P21554	SEHXMGVQUDTTFH-UHFFFAOYSA-N	Ki	0.0	3000.0	nM	23151320
312241	P21554	SELHIMASMNUSIZ-UHFFFAOYSA-N	EC50	322.0	322.0	nM	19062274
312241	P21554	SELHIMASMNUSIZ-UHFFFAOYSA-N	EC50	331.0	331.0	nM	19062274
312241	P21554	SELHIMASMNUSIZ-UHFFFAOYSA-N	Emax	80.0	80.0	%	19062274
312241	P21554	SELHIMASMNUSIZ-UHFFFAOYSA-N	Emax	106.0	106.0	%	19062274
312250	P21554	SELNPJHTVVHETF-UHFFFAOYSA-N	IC50	174.0	174.0	nM	17433696
312250	P21554	SELNPJHTVVHETF-UHFFFAOYSA-N	IC50	354.81	354.81	nM	19406638
312478	P21554	SEUAWPORDBCNHI-UHFFFAOYSA-N	EC50	0.0	30000.0	nM	19743867
312544	P21554	SEWMYSWOUWBGNK-FGZHOGPDSA-N	Ki	1340.0	1340.0	nM	20079638
312619	P21554	SEZGYMIBCAGZIQ-UHFFFAOYSA-N	Activity	29.75	29.75	%	23164658
312619	P21554	SEZGYMIBCAGZIQ-UHFFFAOYSA-N	EC50	0.0	10000.0	nM	23164658
312619	P21554	SEZGYMIBCAGZIQ-UHFFFAOYSA-N	Ki	0.0	10000.0	nM	23164658
312630	P21554	SEZLQOBXSIXLPM-LEWJYISDSA-N	IC50	8.0	8.0	nM	19320488
312641	P21554	SFAFBMCTCOQXBE-UHFFFAOYSA-N	Activity	49.0	49.0	%	23679955
312641	P21554	SFAFBMCTCOQXBE-UHFFFAOYSA-N	Ki	10000.0	10000.0	nM	23679955
312775	P21554	SFFGSZNSIIPKNU-UHFFFAOYSA-N	EC50	50.12	50.12	nM	21411321
312869	P21554	SFIYKAOEKVQMFE-UHFFFAOYSA-N	Ki	957.0	957.0	nM	23350768
313015	P21554	SFLXJKGPTRJZDT-UHFFFAOYSA-N	Activity	59.0	59.0	%	16392793
313015	P21554	SFLXJKGPTRJZDT-UHFFFAOYSA-N	Ki	42.0	42.0	nM	26756097,21183257
313015	P21554	SFLXJKGPTRJZDT-UHFFFAOYSA-N	Ki	42.1	42.1	nM	18680276
313015	P21554	SFLXJKGPTRJZDT-UHFFFAOYSA-N	Ki	42.1	42.1	nM	18680276
313015	P21554	SFLXJKGPTRJZDT-UHFFFAOYSA-N	Kieq	42.1	42.1	nM	26756097
313022	P21554	SFMBDJJAQUAECW-NHCUHLMSSA-N	Ki	57.54	57.54	nM	17521177,17980589
313022	P21554	SFMBDJJAQUAECW-NHCUHLMSSA-N	Ki	57.77	57.77	nM	17521177
313147	P21554	SFQQUBOFNDDLMP-UHFFFAOYSA-N	EC50	10000.0	10000.0	nM	19743867
313147	P21554	SFQQUBOFNDDLMP-UHFFFAOYSA-N	Efficacy	74.0	74.0	%	19743867
313268	P21554	SFVSRGOJALMAOY-UHFFFAOYSA-N	Ki	5600.0	5600.0	nM	17942307
313270	P21554	SFVUQPBKKWOUKN-UHFFFAOYSA-N	IC50	340.0	340.0	nM	20643546
313314	P21554	SFXHABYITZFPJU-AWEZNQCLSA-N	Ki	119.0	119.0	nM	17466519
313501	P21554	SGEQUQLIALDVCQ-WOJBJXKFSA-N	Ki	2.8	2.8	nM	18524604,19250829
313577	P21554	SGGVUNKVHRFTPA-UHFFFAOYSA-N	Activity	0.6	0.6	pmol	18207393
313577	P21554	SGGVUNKVHRFTPA-UHFFFAOYSA-N	Activity	0.78	0.78	pmol	18207393
313750	P21554	SGMKWJIZXOVWQG-UHFFFAOYSA-N	Ke	1800.0	1800.0	nM	24944734
313784	P21554	SGNSBIINTHBCRE-UHFFFAOYSA-N	IC50	7.2	7.2	nM	15664830
314041	P21554	SGWQQLRAZYJWBJ-UHFFFAOYSA-N	Ki	1300.0	1300.0	nM	24729834
314218	P21554	SHDDOFYLDUCUGX-NHCUHLMSSA-N	Ki	1.8	1.8	nM	17521177
314218	P21554	SHDDOFYLDUCUGX-NHCUHLMSSA-N	Ki	1.82	1.82	nM	17521177,17980589
314322	P21554	SHHVJVSDLZXOHR-UHFFFAOYSA-N	Ki	280.0	280.0	nM	21183257
314322	P21554	SHHVJVSDLZXOHR-UHFFFAOYSA-N	Ki	281.84	281.84	nM	18311894
314322	P21554	SHHVJVSDLZXOHR-UHFFFAOYSA-N	Ki	282.0	282.0	nM	18311894
314624	P21554	SHTUJXZMNFQBJY-UHFFFAOYSA-N	EC50	0.0	10000.0	nM	18680277
314656	P21554	SHUZOEIAYLRCKO-UHFFFAOYSA-N	EC50	15.85	15.85	nM	21411321
314696	P21554	SHVOOPWAUHCAOR-UHFFFAOYSA-N	Ki	6947.0	6947.0	nM	19435366
314827	P21554	SHZJAELKZBRDDN-UHFFFAOYSA-N	Ki	270.0	270.0	nM	21702498
315072	P21554	SIHVMKYMBONCDC-KSFYIVLOSA-N	IC50	0.59	0.59	nM	20643546
315233	P21554	SINARDTVFAFNRL-UHFFFAOYSA-N	Activity	75.4	75.4	%	16451053
315233	P21554	SINARDTVFAFNRL-UHFFFAOYSA-N	Emax	-70.0	-70.0	%	16451053
315233	P21554	SINARDTVFAFNRL-UHFFFAOYSA-N	Ki	4027.0	4027.0	nM	16451053
315336	P21554	SIQURXBDFQRPHT-UHFFFAOYSA-N	EC50	0.0	32000.0	nM	,PubChem BioAssay data set
315336	P21554	SIQURXBDFQRPHT-UHFFFAOYSA-N	IC50	1040.0	1040.0	nM	,PubChem BioAssay data set
315352	P21554	SIRPBJFQIJRLJZ-UHFFFAOYSA-N	EC50	79.43	79.43	nM	21316962
315470	P21554	SIWIKTZZRONYRJ-GRFCFPJTSA-N	Kb	0.216	0.216	nM	18800770
315589	P21554	SJAHNQMIWHQHEX-GAJHUEQPSA-N	Ki	714.0	714.0	nM	20018510
315591	P21554	SJAHNQMIWHQHEX-UHFFFAOYSA-N	Ki	444.0	444.0	nM	20018510
315591	P21554	SJAHNQMIWHQHEX-UHFFFAOYSA-N	Ki	714.0	714.0	nM	20018510
315593	P21554	SJAHNQMIWHQHEX-UZUQRXQVSA-N	Ki	444.0	444.0	nM	20018510
315780	P21554	SJGURYYYFXVYNW-WOJBJXKFSA-N	Ki	305.0	305.0	nM	24175572
315954	P21554	SJMBODNIXZRCSX-UHFFFAOYSA-N	EC50	2.0	2.0	nM	18335976
315954	P21554	SJMBODNIXZRCSX-UHFFFAOYSA-N	Ki	1.0	1.0	nM	18335976
316188	P21554	SJVQWFQIDWJNKE-UHFFFAOYSA-N	Ki	0.0	10000.0	nM	16570929
316215	P21554	SJXFOXVLISNSKX-UHFFFAOYSA-N	EC50	0.0	10000.0	nM	23147076
316382	P21554	SKEDRVPSLUBJPX-UHFFFAOYSA-N	IC50	180.0	180.0	nM	24291040
316394	P21554	SKEJACPDEDIHNP-UHFFFAOYSA-N	Ki	8.4	8.4	nM	24182233
316443	P21554	SKFVVHBSUDLZAV-UHFFFAOYSA-N	Ki	18.2	18.2	nM	Med Chem Res, (2013) 22:9:4133
316468	P21554	SKHJYMXKKBQLIN-UHFFFAOYSA-N	IC50	30.0	30.0	nM	20015647
316470	P21554	SKHKSXCAADVULV-UHFFFAOYSA-N	EC50	0.0	3162.28	nM	19010671
316470	P21554	SKHKSXCAADVULV-UHFFFAOYSA-N	Efficacy	5.0	5.0	%	19010671
316523	P21554	SKJFRPOEZSVSCJ-UHFFFAOYSA-N	EC50	0.0	17000.0	nM	24461289
316552	P21554	SKKAXSRZRMJLJV-UHFFFAOYSA-N	Activity	31.0	31.0	%	19646869
316614	P21554	SKMWEGKIKIGBSE-UHFFFAOYSA-N	IC50	12.0	12.0	nM	17107792
316821	P21554	SKUJRFWLYROKKQ-UHFFFAOYSA-N	Ki	3.8	3.8	nM	19683918
316821	P21554	SKUJRFWLYROKKQ-UHFFFAOYSA-N	Ki	3.8	3.8	nM	19683918
316976	P21554	SKZVTNBNJGVZRH-UHFFFAOYSA-N	IC50	14.0	14.0	nM	19954978
317057	P21554	SLCLZBDMTJODDZ-UHFFFAOYSA-N	Ki	3363.0	3363.0	nM	,Bioorg. Med. Chem. Lett., (1996) 6:19:2263,19143566
317130	P21554	SLFLTKOMDDREOZ-UHFFFAOYSA-N	Activity	30.0	0.0	%	25797163
317130	P21554	SLFLTKOMDDREOZ-UHFFFAOYSA-N	Activity	242.5	242.5	%	22571451
317130	P21554	SLFLTKOMDDREOZ-UHFFFAOYSA-N	EC50	360.0	360.0	nM	22571451
317130	P21554	SLFLTKOMDDREOZ-UHFFFAOYSA-N	EC50	440.0	440.0	nM	26203658
317130	P21554	SLFLTKOMDDREOZ-UHFFFAOYSA-N	EC50	660.0	660.0	nM	26203658
317130	P21554	SLFLTKOMDDREOZ-UHFFFAOYSA-N	EC50	1140.0	1140.0	nM	26203658
317130	P21554	SLFLTKOMDDREOZ-UHFFFAOYSA-N	EC50	3590.0	3590.0	nM	26203658
317130	P21554	SLFLTKOMDDREOZ-UHFFFAOYSA-N	IC50	5740.0	5740.0	nM	25797163
317133	P21554	SLFMBCYJHWCXIB-UHFFFAOYSA-N	Ki	506.0	506.0	nM	20845959
317133	P21554	SLFMBCYJHWCXIB-UHFFFAOYSA-N	Ki	1225.0	1225.0	nM	20845959
317278	P21554	SLKSBTBCUUFNIQ-UHFFFAOYSA-N	Ki	840.0	840.0	nM	24729834
317312	P21554	SLLNLWVFUSGGBR-AOMKIAJQSA-N	Ki	554.0	554.0	nM	20018510
317358	P21554	SLNVUXBYBRRXTA-FGZHOGPDSA-N	Ki	18.0	18.0	nM	9784115
317383	P21554	SLPGSWIEEUBPDH-FQEVSTJZSA-N	EC50	100.0	100.0	nM	21074434
317384	P21554	SLPGSWIEEUBPDH-HXUWFJFHSA-N	EC50	630.96	630.96	nM	21074434
317403	P21554	SLQDUXPNRLHRBC-UHFFFAOYSA-N	Ki	0.0	10000.0	nM	22548457
317407	P21554	SLQJDOXEUFHUGL-UHFFFAOYSA-N	Ki	825.0	825.0	nM	23697626
317423	P21554	SLQRVPXFPHDCHR-UHFFFAOYSA-N	Activity	83.0	83.0	%	16279809
317423	P21554	SLQRVPXFPHDCHR-UHFFFAOYSA-N	EC50	450.0	450.0	nM	16279809
317423	P21554	SLQRVPXFPHDCHR-UHFFFAOYSA-N	Emax	-72.0	-72.0	%	16279809
317423	P21554	SLQRVPXFPHDCHR-UHFFFAOYSA-N	Ki	650.0	650.0	nM	16279809
317429	P21554	SLQYFROSAANERA-UHFFFAOYSA-N	Inhibition	18.5	18.5	%	12672243
317683	P21554	SMAJIXOOJCUMFD-UHFFFAOYSA-N	IC50	2187.76	2187.76	nM	19406638
317693	P21554	SMANXXCATUTDDT-QPJJXVBHSA-N	IC50	3028.0	3028.0	nM	DrugMatrix in vitro pharmacology data
317693	P21554	SMANXXCATUTDDT-QPJJXVBHSA-N	Ki	2391.0	2391.0	nM	DrugMatrix in vitro pharmacology data
317810	P21554	SMEFNROEYLLVDY-UHFFFAOYSA-N	Kd	1.995	1.995	nM	15771428
317810	P21554	SMEFNROEYLLVDY-UHFFFAOYSA-N	Ki	64.0	64.0	nM	15771428
317987	P21554	SMKPOZPKVRWRFT-UHFFFAOYSA-N	Ki	251.19	251.19	nM	21885167
318007	P21554	SMMDHXBJGWDJES-UHFFFAOYSA-N	IC50	10.0	10.0	nM	20015647
318007	P21554	SMMDHXBJGWDJES-UHFFFAOYSA-N	IC50	16.0	16.0	nM	20015647
318007	P21554	SMMDHXBJGWDJES-UHFFFAOYSA-N	IC50	23.0	23.0	nM	20015647
318213	P21554	SMUIQYTUDBOXGW-RTBURBONSA-N	Ki	67.6	67.6	nM	17521177,14505654
318213	P21554	SMUIQYTUDBOXGW-RTBURBONSA-N	Ki	68.0	68.0	nM	14505654
318213	P21554	SMUIQYTUDBOXGW-RTBURBONSA-N	Ratio	0.78	0.78	-	14505654
318298	P21554	SMXWEELYOFIWGW-JXAWBTAJSA-N	Inhibition	-5.0	-5.0	%	MedChemComm, (2014) 5:5:632
318298	P21554	SMXWEELYOFIWGW-JXAWBTAJSA-N	Ki	0.0	10000.0	nM	MedChemComm, (2014) 5:5:632
318401	P21554	SNDFSBWQROTRLI-UHFFFAOYSA-N	Ki	890.0	890.0	nM	23623258
318538	P21554	SNGZAESGNGFDDB-UHFFFAOYSA-N	Ki	90.0	90.0	nM	19595596
318650	P21554	SNLKBUWHICYJCF-UHFFFAOYSA-N	Activity	49.6	49.6	%	16392793
318788	P21554	SNRKJXLQZIPUCF-UHFFFAOYSA-N	Ki	255.0	255.0	nM	14736243
319067	P21554	SODJPVXVSBHQAM-UHFFFAOYSA-N	Activity	10.0	0.0	%	17915849
319098	P21554	SODYRJFAHCKEEJ-UHFFFAOYSA-N	Ki	1200.0	1200.0	nM	19091565
319141	P21554	SOFQKCHTAUYIHC-UHFFFAOYSA-N	Ki	0.0	10000.0	nM	21702498
319148	P21554	SOGBIKQPUNTKNS-VBMGMRCRSA-N	Kd	25.12	25.12	nM	20047331
319148	P21554	SOGBIKQPUNTKNS-VBMGMRCRSA-N	Ki	9.6	9.6	nM	20047331
319220	P21554	SOJIUHKHURKSAN-UHFFFAOYSA-N	Activity	105.0	105.0	%	19520572
319220	P21554	SOJIUHKHURKSAN-UHFFFAOYSA-N	EC50	4400.0	4400.0	nM	19520572
319220	P21554	SOJIUHKHURKSAN-UHFFFAOYSA-N	Inhibition	89.0	89.0	%	19520572
319220	P21554	SOJIUHKHURKSAN-UHFFFAOYSA-N	Ki	875.0	875.0	nM	19520572
319309	P21554	SOMVVAYJNDYGDM-UHFFFAOYSA-N	EC50	72.0	72.0	nM	18335976
319309	P21554	SOMVVAYJNDYGDM-UHFFFAOYSA-N	Ki	7.0	7.0	nM	18335976
319317	P21554	SONKJJVDAPWVFT-UHFFFAOYSA-N	Ki	9.0	9.0	nM	17383180
319703	P21554	SPACSAKNWLXMOR-UHFFFAOYSA-N	Ki	2137.96	2137.96	nM	19921781
319703	P21554	SPACSAKNWLXMOR-UHFFFAOYSA-N	Ki	2150.0	2150.0	nM	19921781
319721	P21554	SPASZMXBJPMEMZ-UHFFFAOYSA-N	Activity	44.7	44.7	%	16392827
319721	P21554	SPASZMXBJPMEMZ-UHFFFAOYSA-N	Displacement	44.7	44.7	%	15801840
319757	P21554	SPCANSRMNWNAPX-UHFFFAOYSA-N	Ki	310.0	310.0	nM	22738271
319761	P21554	SPCBEGLMPRQYBL-UHFFFAOYSA-N	Activity	0.0	10.0	%	21074998
319761	P21554	SPCBEGLMPRQYBL-UHFFFAOYSA-N	IC50	0.0	10000.0	nM	21074998
319761	P21554	SPCBEGLMPRQYBL-UHFFFAOYSA-N	Ki	0.0	10000.0	nM	21074998
319791	P21554	SPCIYGNTAMCTRO-UHFFFAOYSA-N	Ki	0.0	10000.0	nM	http://pdsp.med.unc.edu/pdsp.php
319804	P21554	SPCSHOFXTTZKQI-UHFFFAOYSA-N	Ke	2.93	2.93	uM	21875798
319827	P21554	SPDVKAGTBUKKTB-UHFFFAOYSA-N	EC50	0.0	1000.0	nM	18430570
319827	P21554	SPDVKAGTBUKKTB-UHFFFAOYSA-N	Ki	0.0	1000.0	nM	18430570
319920	P21554	SPHIFQKOTUSPPQ-WOJBJXKFSA-N	Ki	0.57	0.57	nM	17521177,14505654
319920	P21554	SPHIFQKOTUSPPQ-WOJBJXKFSA-N	Ki	0.57	0.57	nM	14505654
319920	P21554	SPHIFQKOTUSPPQ-WOJBJXKFSA-N	Ratio	0.87	0.87	-	14505654
320010	P21554	SPJOFALIUYDWEQ-UHFFFAOYSA-N	EC50	0.0	10000.0	nM	23147076
320127	P21554	SPOADXIYHPOBHR-UHFFFAOYSA-N	Ki	500.0	500.0	nM	24729834
320155	P21554	SPPMUIFLVYBDMD-UHFFFAOYSA-N	IC50	0.49	0.49	nM	19954978
320239	P21554	SPTNEZKXRMAQGK-UHFFFAOYSA-N	Activity	183.4	183.4	%	22571451
320239	P21554	SPTNEZKXRMAQGK-UHFFFAOYSA-N	EC50	960.0	960.0	nM	22571451
320264	P21554	SPUWBWJYUKCTKB-UHFFFAOYSA-N	IC50	71.0	71.0	nM	19954978,20015647
320292	P21554	SPWPIJMSCDUAAC-SDNWHVSQSA-N	Ki	213.0	213.0	nM	17004712
320292	P21554	SPWPIJMSCDUAAC-SDNWHVSQSA-N	Ki	223.0	223.0	nM	17004712
320292	P21554	SPWPIJMSCDUAAC-SDNWHVSQSA-N	Ki	258.0	258.0	nM	17004712
320477	P21554	SQCINBHTKQDVOI-UHFFFAOYSA-N	EC50	0.0	17000.0	nM	24461289
320709	P21554	SQKRUBZPTNJQEM-ZKWNWVNESA-N	Log Ki	2.14	2.14	nM	10882356
320742	P21554	SQMGMTABGQYJDL-UHFFFAOYSA-N	Ki	12.0	12.0	nM	16263283
320742	P21554	SQMGMTABGQYJDL-UHFFFAOYSA-N	Ki	20.0	20.0	nM	16263283
320792	P21554	SQNFNQMIUOAVRI-UHFFFAOYSA-N	Ki	0.67	0.67	nM	18448340
320840	P21554	SQOVWXPWYAPARK-UHFFFAOYSA-N	EC50	3.0	3.0	nM	18335976
320840	P21554	SQOVWXPWYAPARK-UHFFFAOYSA-N	Ki	9.0	9.0	nM	18335976
320978	P21554	SQUIAAXWRYTPIR-UHFFFAOYSA-N	Ki	10.0	10.0	nM	24182233
320978	P21554	SQUIAAXWRYTPIR-UHFFFAOYSA-N	Ki	10.0	10.0	nM	24182233
321016	P21554	SQVLCUQMGNNYIM-UHFFFAOYSA-N	IC50	1.17	1.17	nM	21334892
321016	P21554	SQVLCUQMGNNYIM-UHFFFAOYSA-N	IC50	1.175	1.175	nM	21334892
321016	P21554	SQVLCUQMGNNYIM-UHFFFAOYSA-N	Ki	0.398	0.398	nM	21334892
321016	P21554	SQVLCUQMGNNYIM-UHFFFAOYSA-N	Ki	0.3981	0.3981	nM	21334892
321031	P21554	SQVVDENKWLPOFQ-UHFFFAOYSA-N	Ki	0.0	10000.0	nM	16213718
321157	P21554	SRBRBVPDWCAURZ-UHFFFAOYSA-N	Kb	2708.0	2708.0	nM	24635495
321220	P21554	SRDPEKPDHOEKFT-UHFFFAOYSA-N	Ki	1900.0	1900.0	nM	19091565
321277	P21554	SRFXJTJKQWBUMX-UHFFFAOYSA-N	EC50	0.0	32000.0	nM	PubChem BioAssay data set
321277	P21554	SRFXJTJKQWBUMX-UHFFFAOYSA-N	IC50	13900.0	13900.0	nM	PubChem BioAssay data set
321348	P21554	SRIMISLKXUKICS-UHFFFAOYSA-N	Ki	0.0	1000.0	nM	18511157
321348	P21554	SRIMISLKXUKICS-UHFFFAOYSA-N	Ki	1000.0	1000.0	nM	18511157
321352	P21554	SRIRFCAJHZJRPK-UHFFFAOYSA-N	Ki	9900.0	9900.0	nM	20005710
321485	P21554	SROCTROBBQZOCL-UHFFFAOYSA-N	EC50	25.5	25.5	nM	18712856
321485	P21554	SROCTROBBQZOCL-UHFFFAOYSA-N	IC50	12.7	12.7	nM	18712856
321491	P21554	SROHPRYBUYXISC-UHFFFAOYSA-N	Ki	0.0	10000.0	nM	19921781
321631	P21554	SRTMLRVZSLOOCF-LTGZKZEYSA-N	Activity	85.01	85.01	%	21835510
321631	P21554	SRTMLRVZSLOOCF-LTGZKZEYSA-N	IC50	155.0	155.0	nM	21835510
321631	P21554	SRTMLRVZSLOOCF-LTGZKZEYSA-N	Ki	62.0	62.0	nM	21835510
321675	P21554	SRVHEDRXWDHSSW-UHFFFAOYSA-N	Ki	1100.0	1100.0	nM	19091565
321852	P21554	SSCUOGWLEYLSCI-UHFFFAOYSA-N	Ki	1258.93	1258.93	nM	18311894
321852	P21554	SSCUOGWLEYLSCI-UHFFFAOYSA-N	Ki	1270.0	1270.0	nM	18311894
321972	P21554	SSHGXSSBOQFBGD-UHFFFAOYSA-N	EC50	0.0	1000.0	nM	18680277
321972	P21554	SSHGXSSBOQFBGD-UHFFFAOYSA-N	EC50	1400.0	1400.0	nM	18680277
321972	P21554	SSHGXSSBOQFBGD-UHFFFAOYSA-N	Emax	24.0	24.0	%	18680277
321983	P21554	SSHVKILHGYEXEJ-KXBFYZLASA-N	EC50	501.19	501.19	nM	20634067
321990	P21554	SSICYFCGLBBCKU-UHFFFAOYSA-N	Activity	91.0	91.0	%	19520572
321990	P21554	SSICYFCGLBBCKU-UHFFFAOYSA-N	EC50	1200.0	1200.0	nM	19520572
321990	P21554	SSICYFCGLBBCKU-UHFFFAOYSA-N	Inhibition	85.0	85.0	%	19520572
321990	P21554	SSICYFCGLBBCKU-UHFFFAOYSA-N	Ki	264.0	264.0	nM	19520572
322049	P21554	SSLJHCZVZIBYMD-UHFFFAOYSA-N	Inhibition	4.0	4.0	%	14521402
322228	P21554	SSQJFGMEZBFMNV-PMACEKPBSA-N	EC50	0.6	0.6	nM	16279809
322228	P21554	SSQJFGMEZBFMNV-PMACEKPBSA-N	Emax	200.0	200.0	%	16279809
322228	P21554	SSQJFGMEZBFMNV-PMACEKPBSA-N	Increase	130.0	130.0	%	15801840
322228	P21554	SSQJFGMEZBFMNV-PMACEKPBSA-N	Ki	18.6	18.6	nM	15801840
322228	P21554	SSQJFGMEZBFMNV-PMACEKPBSA-N	Ki	19.0	19.0	nM	16279809
322231	P21554	SSQJFGMEZBFMNV-UHFFFAOYSA-N	Ki	0.18	0.18	nM	17942307
322231	P21554	SSQJFGMEZBFMNV-UHFFFAOYSA-N	Ki	0.41	0.41	nM	12065738
322231	P21554	SSQJFGMEZBFMNV-UHFFFAOYSA-N	Ki	1.5	1.5	nM	18511157
322234	P21554	SSQJFGMEZBFMNV-WOJBJXKFSA-N	EC50	0.6	0.6	nM	16451053
322234	P21554	SSQJFGMEZBFMNV-WOJBJXKFSA-N	EC50	40.0	40.0	nM	19743867
322234	P21554	SSQJFGMEZBFMNV-WOJBJXKFSA-N	Emax	201.2	201.2	%	16451053
322234	P21554	SSQJFGMEZBFMNV-WOJBJXKFSA-N	Ki	0.06	0.06	nM	21675776
322234	P21554	SSQJFGMEZBFMNV-WOJBJXKFSA-N	Ki	0.0630958	0.794328	nM	7565624,8819477
322234	P21554	SSQJFGMEZBFMNV-WOJBJXKFSA-N	Ki	0.18	0.18	nM	17942307
322234	P21554	SSQJFGMEZBFMNV-WOJBJXKFSA-N	Ki	0.73	0.73	nM	23865723
322234	P21554	SSQJFGMEZBFMNV-WOJBJXKFSA-N	Ki	0.73	0.73	nM	23865723
322234	P21554	SSQJFGMEZBFMNV-WOJBJXKFSA-N	Ki	1.5	1.5	nM	18511157
322234	P21554	SSQJFGMEZBFMNV-WOJBJXKFSA-N	Ki	2.94	2.94	nM	,None
322234	P21554	SSQJFGMEZBFMNV-WOJBJXKFSA-N	Ki	18.6	18.6	nM	16451053
322351	P21554	SSVOIYOFVZHGAB-UHFFFAOYSA-N	EC50	0.0	10000.0	nM	18680277
322495	P21554	STBBFKKMBXBNPB-UHFFFAOYSA-N	Ki	0.0	3000.0	nM	20979417
322649	P21554	STEMEZOWSYEKBF-PDGQHHTCSA-N	Inhibition	0.0	0.0	%	MedChemComm, (2014) 5:5:632
322649	P21554	STEMEZOWSYEKBF-PDGQHHTCSA-N	Ki	0.0	10000.0	nM	MedChemComm, (2014) 5:5:632
322656	P21554	STEVSDAHHBNTQD-UHFFFAOYSA-N	Inhibition	2.5	2.5	%	12672243
322656	P21554	STEVSDAHHBNTQD-UHFFFAOYSA-N	Inhibition	3.0	3.0	%	14521402
322700	P21554	STGQBKUWPRZLAI-OAHLLOKOSA-N	Ki	1.5	1.5	nM	20971001
322710	P21554	STGWLWSVADKLHF-ZDUSSCGKSA-N	Ki	129.0	129.0	nM	17466519
322751	P21554	STILHVATXDOGFT-UHFFFAOYSA-N	Ki	0.0	10000.0	nM	19921781
322836	P21554	STLODSLSZTWODE-VQTJNVASSA-N	IC50	5.0	5.0	nM	19320488
322878	P21554	STNBWYDUCPIMGW-UHFFFAOYSA-N	Ki	0.0	5000.0	nM	18522867
322984	P21554	STRRJWGQVOFPKF-UHFFFAOYSA-N	EC50	8710.0	8710.0	nM	23147076
322984	P21554	STRRJWGQVOFPKF-UHFFFAOYSA-N	Efficacy	45.0	45.0	%	23147076
322984	P21554	STRRJWGQVOFPKF-UHFFFAOYSA-N	Ki	0.0	30000.0	nM	23147076
323002	P21554	STSBEGKZMMPSMP-UHFFFAOYSA-N	IC50	0.0	17000.0	nM	21420860
323052	P21554	STUQQHTXKWKKML-UHFFFAOYSA-N	Ki	0.0	1000.0	nM	18430570
323069	P21554	STUZQYFLKGLLHU-UHFFFAOYSA-N	Activity	38.0	38.0	%	23697626
323069	P21554	STUZQYFLKGLLHU-UHFFFAOYSA-N	Ki	0.0	10000.0	nM	23697626
323084	P21554	STVLTTVKNYWEFV-NBGIEHNGSA-N	IC50	1.3	1.3	nM	17608398
323111	P21554	STWYWUGMZLRNAY-UHFFFAOYSA-N	Ki	48.0	48.0	nM	20047331
323332	P21554	SUFGFZIEEOBOMA-UHFFFAOYSA-N	EC50	0.0	1000.0	nM	18680277
323332	P21554	SUFGFZIEEOBOMA-UHFFFAOYSA-N	EC50	1900.0	1900.0	nM	18680277
323332	P21554	SUFGFZIEEOBOMA-UHFFFAOYSA-N	Emax	36.0	36.0	%	18680277
323340	P21554	SUFMHSFGODDLKI-NHCUHLMSSA-N	Ki	1043.0	1043.0	nM	21183257
323340	P21554	SUFMHSFGODDLKI-NHCUHLMSSA-N	Ki	15850.0	15850.0	nM	,23865723,Bioorg. Med. Chem. Lett., (1996) 6:2:189
323378	P21554	SUGVYNSRNKFXQM-ACSDJOOWSA-N	Ki	0.0	2820.0	nM	18293908
323378	P21554	SUGVYNSRNKFXQM-ACSDJOOWSA-N	Ki	50.3	50.3	nM	11160626
323378	P21554	SUGVYNSRNKFXQM-ACSDJOOWSA-N	Ki	437.0	437.0	nM	9454810
323393	P21554	SUGVYNSRNKFXQM-UHFFFAOYSA-N	Ki	0.0	1000.0	nM	20031412
323393	P21554	SUGVYNSRNKFXQM-UHFFFAOYSA-N	Ki	0.0	2820.0	nM	18293908,19595596,20943290,23085772,21702498,22548457,20718492,18680276
323393	P21554	SUGVYNSRNKFXQM-UHFFFAOYSA-N	Ki	0.0	5000.0	nM	17942307
323393	P21554	SUGVYNSRNKFXQM-UHFFFAOYSA-N	Ki	0.0	5600.0	nM	18579386
323393	P21554	SUGVYNSRNKFXQM-UHFFFAOYSA-N	Ki	0.0	10000.0	nM	26275680
323393	P21554	SUGVYNSRNKFXQM-UHFFFAOYSA-N	Ki	0.4	0.4	nM	24856183
323393	P21554	SUGVYNSRNKFXQM-UHFFFAOYSA-N	Ki	0.4	0.4	nM	24856183
323393	P21554	SUGVYNSRNKFXQM-UHFFFAOYSA-N	Ki	50.3	50.3	nM	11160626
323393	P21554	SUGVYNSRNKFXQM-UHFFFAOYSA-N	Ki	70.0	70.0	nM	24922543
323393	P21554	SUGVYNSRNKFXQM-UHFFFAOYSA-N	Ki	437.0	437.0	nM	24518874,25486424,25272206,24445310,9454810,19435366
323393	P21554	SUGVYNSRNKFXQM-UHFFFAOYSA-N	Ki	2820.0	2820.0	nM	18293908,18680276,19595596
323393	P21554	SUGVYNSRNKFXQM-UHFFFAOYSA-N	Ki	2890.0	2890.0	nM	21183257
323393	P21554	SUGVYNSRNKFXQM-UHFFFAOYSA-N	Ki	5000.0	5000.0	nM	17942307
323393	P21554	SUGVYNSRNKFXQM-UHFFFAOYSA-N	Ki	5600.0	5600.0	nM	18579386
323432	P21554	SUGVYNSRNKFXQM-XRHWURSXSA-N	Inhibition	0.0	50.0	%	27448919
323432	P21554	SUGVYNSRNKFXQM-XRHWURSXSA-N	Ki	0.0	2820.0	nM	26756097
323432	P21554	SUGVYNSRNKFXQM-XRHWURSXSA-N	Ki	116.79	116.79	nM	27448919
323432	P21554	SUGVYNSRNKFXQM-XRHWURSXSA-N	Ki	117.0	117.0	nM	27448919
323432	P21554	SUGVYNSRNKFXQM-XRHWURSXSA-N	Ki	121.2	121.2	nM	22483967
323432	P21554	SUGVYNSRNKFXQM-XRHWURSXSA-N	Ki	400.0	400.0	nM	26209834,MedChemComm, (2015) 6:11:1978
323432	P21554	SUGVYNSRNKFXQM-XRHWURSXSA-N	Kieq	0.0	2820.0	nM	26756097
323563	P21554	SULJESTXXUAONP-OAHLLOKOSA-N	Ki	19.0	19.0	nM	20971001
323836	P21554	SUVOSQNAWGJSJD-UHFFFAOYSA-N	Kd	1.995	1.995	nM	14736243
323836	P21554	SUVOSQNAWGJSJD-UHFFFAOYSA-N	Ki	70.6	70.6	nM	14736243
323903	P21554	SUYLSHGQFVSWSI-QUCCMNQESA-N	EC50	101.0	101.0	nM	22607668
323903	P21554	SUYLSHGQFVSWSI-QUCCMNQESA-N	Emax	124.0	124.0	%	22607668
324065	P21554	SVEKJIAEDDEYJK-UHFFFAOYSA-N	Activity	0.0	50.0	%	19331413
324065	P21554	SVEKJIAEDDEYJK-UHFFFAOYSA-N	Ki	2820.0	2820.0	nM	19331413
324149	P21554	SVHKZTWQMXJLAD-UHFFFAOYSA-N	Ki	0.91	0.91	nM	18448340
324498	P21554	SVSQPQKRRBNFOC-UHFFFAOYSA-N	Kd	0.1585	0.1585	nM	15771428
324498	P21554	SVSQPQKRRBNFOC-UHFFFAOYSA-N	Ki	14.0	14.0	nM	14980654
324498	P21554	SVSQPQKRRBNFOC-UHFFFAOYSA-N	Ki	40.0	40.0	nM	15771428
324575	P21554	SVVQSGWDHBABGN-UHFFFAOYSA-N	Inhibition	2.0	2.0	%	MedChemComm, (2014) 5:5:632
324575	P21554	SVVQSGWDHBABGN-UHFFFAOYSA-N	Ki	0.0	10000.0	nM	MedChemComm, (2014) 5:5:632
324614	P21554	SVXRSXKESZVKBA-UHFFFAOYSA-N	IC50	20.0	20.0	nM	17270441
324730	P21554	SWCKVRRVEDFLED-RVKKMQEKSA-N	IC50	0.0	17000.0	nM	21420857
324791	P21554	SWELXFURIBQVOH-UHFFFAOYSA-N	Activity	50.0	50.0	%	17915849
324989	P21554	SWLJKGMUZJJJMA-UHFFFAOYSA-N	Ki	858.0	858.0	nM	23406429
325045	P21554	SWMZUZLACLTWNE-PHIMTYICSA-N	EC50	6309.57	6309.57	nM	20005703
325045	P21554	SWMZUZLACLTWNE-PHIMTYICSA-N	Efficacy	21.0	21.0	%	20005703
325096	P21554	SWPXYHKNFLVXKH-UHFFFAOYSA-N	Ki	563.0	563.0	nM	24175572
325169	P21554	SWTIHSWTLDQWNY-UHFFFAOYSA-N	Ki	0.0	5000.0	nM	18522867
325189	P21554	SWTYJFXTOTYOGR-XMMPIXPASA-N	IC50	4.0	4.0	nM	20423086
325215	P21554	SWVBLRIGEBKRCW-HNNXBMFYSA-N	Ke	8406.0	8406.0	nM	23098108
325216	P21554	SWVBLRIGEBKRCW-OAHLLOKOSA-N	Ke	5546.0	5546.0	nM	23098108
325301	P21554	SWYOPXPTFMOLET-UHFFFAOYSA-N	Ki	0.0	10000.0	nM	22548457
325532	P21554	SXHBRLSHSAJBTD-UHFFFAOYSA-N	IC50	0.0	10000.0	nM	17561406
325554	P21554	SXIFHTSAZCAARH-UHFFFAOYSA-N	Activity	40.0	40.0	%	17915849
325743	P21554	SXPIENJWEFLRFA-HSZRJFAPSA-N	IC50	0.5	0.5	nM	20423086
325753	P21554	SXPVDGWPWSEXTJ-GOSISDBHSA-N	Ki	29.7	29.7	nM	18680276
325827	P21554	SXSUPFNIHPBGBJ-WMMMYUQOSA-N	Kd	0.1995	0.1995	nM	14736243
325827	P21554	SXSUPFNIHPBGBJ-WMMMYUQOSA-N	Ki	16.6	16.6	nM	14736243
325832	P21554	SXSWRWFROSBTCV-UYAOXDASSA-N	Ki	0.0	3000.0	nM	20079638
325890	P21554	SXVNZFOIDCRHRH-UHFFFAOYSA-N	EC50	0.0	10000.0	nM	23380378
326036	P21554	SYBONVBDFTYUQP-UHFFFAOYSA-N	IC50	454.0	454.0	nM	22421019
326036	P21554	SYBONVBDFTYUQP-UHFFFAOYSA-N	Ki	580.0	580.0	nM	22421019
326045	P21554	SYCJXYVITJBOGA-UHFFFAOYSA-N	EC50	0.0	10000.0	nM	23147076
326222	P21554	SYHZPKNXHWXRFH-UHFFFAOYSA-N	Ki	9.4	9.4	nM	21996466
326231	P21554	SYIJFCBTSQTYOP-UHFFFAOYSA-N	Ki	48.7	48.7	nM	21996466
326333	P21554	SYMRBWZZAMFPMN-UHFFFAOYSA-N	Ki	0.0	20000.0	nM	23072339
326345	P21554	SYNHSNBHAZTNRH-HWKANZROSA-N	Activity	50.0	0.0	%	21074998
326345	P21554	SYNHSNBHAZTNRH-HWKANZROSA-N	IC50	0.0	10000.0	nM	21074998
326345	P21554	SYNHSNBHAZTNRH-HWKANZROSA-N	Ki	0.0	10000.0	nM	21074998
326568	P21554	SYUQZYSPZLUEIG-UHFFFAOYSA-N	Activity	77.0	77.0	%	16279809
326568	P21554	SYUQZYSPZLUEIG-UHFFFAOYSA-N	Ki	2900.0	2900.0	nM	16279809
326577	P21554	SYVLQVMWFLSCFN-UHFFFAOYSA-N	IC50	15.0	15.0	nM	20047779
326577	P21554	SYVLQVMWFLSCFN-UHFFFAOYSA-N	Ki	3.0	3.0	nM	20047779
326662	P21554	SYYJKQJOSWHETE-UHFFFAOYSA-N	EC50	18.7	18.7	nM	18712856
326662	P21554	SYYJKQJOSWHETE-UHFFFAOYSA-N	IC50	43.0	43.0	nM	18712856
326728	P21554	SZAKZPXJYDZZEA-UHFFFAOYSA-N	IC50	0.0	5000.0	nM	18293908
326728	P21554	SZAKZPXJYDZZEA-UHFFFAOYSA-N	Ki	0.0	2820.0	nM	18293908
326728	P21554	SZAKZPXJYDZZEA-UHFFFAOYSA-N	Ki	2820.0	2820.0	nM	18293908
326974	P21554	SZJWCJKNHFIWHQ-UHFFFAOYSA-N	Ki	0.0	40000.0	nM	23434135
327126	P21554	SZQFSERSAVXUGU-UHFFFAOYSA-N	Ki	0.0	5000.0	nM	18522867
327159	P21554	SZQXUAARXDAMOZ-NRFANRHFSA-N	Ki	316.0	316.0	nM	17513109
327160	P21554	SZQXUAARXDAMOZ-OAQYLSRUSA-N	Ki	237.0	237.0	nM	17513109
327216	P21554	SZTZUGGWPZIINA-KOSHJBKYSA-N	IC50	170.0	170.0	nM	17181138
327219	P21554	SZTZUGGWPZIINA-MHECFPHRSA-N	IC50	3.0	3.0	nM	17181138
327220	P21554	SZTZUGGWPZIINA-UHFFFAOYSA-N	IC50	2.5	2.5	nM	17181138
327271	P21554	SZWAYBUJHLEIDI-UHFFFAOYSA-N	EC50	398.11	398.11	nM	20688519
327271	P21554	SZWAYBUJHLEIDI-UHFFFAOYSA-N	Ki	51.0	51.0	nM	20688519
327422	P21554	TTXBSFMTBZLJTE-UHFFFAOYSA-N	Ki	0.0	10000.0	nM	18424134
327461	P21554	TTYXREZBNRCEHW-UHFFFAOYSA-N	Ki	91.0	91.0	nM	14980654
327515	P21554	TUAPMXUWLPZNSB-UHFFFAOYSA-N	Ki	1440.0	1440.0	nM	22607668
327555	P21554	TUCHTVNTVVERBZ-UHFFFAOYSA-N	EC50	0.0	32000.0	nM	PubChem BioAssay data set
327555	P21554	TUCHTVNTVVERBZ-UHFFFAOYSA-N	IC50	2710.0	2710.0	nM	PubChem BioAssay data set
327572	P21554	TUCWNLRRBGGNRB-UHFFFAOYSA-N	Ki	0.0	3000.0	nM	24508127
327723	P21554	TUILVEAESIDKOI-UHFFFAOYSA-N	Ki	0.0	20000.0	nM	23072339
327827	P21554	TUMVRWAIIYSROD-UHFFFAOYSA-N	Ki	500.0	500.0	nM	24729834
328165	P21554	TVAGAOCIGSANAH-UHFFFAOYSA-N	Activity	11.0	11.0	%	19500981
328284	P21554	TVFVVUWCVJWQCT-UHFFFAOYSA-N	Ki	2940.0	2940.0	nM	22044209
328401	P21554	TVKFBBFTWFSSOT-UHFFFAOYSA-N	Ki	560.0	560.0	nM	24729834
328423	P21554	TVKWKGUKDRRICW-UHFFFAOYSA-N	EC50	63.0	63.0	nM	22284817
328423	P21554	TVKWKGUKDRRICW-UHFFFAOYSA-N	Emax	118.0	118.0	%	22284817
328423	P21554	TVKWKGUKDRRICW-UHFFFAOYSA-N	Ki	34.0	34.0	nM	22284817
328522	P21554	TVORTTWECRYBQS-UHFFFAOYSA-N	EC50	0.0	32000.0	nM	,PubChem BioAssay data set
328522	P21554	TVORTTWECRYBQS-UHFFFAOYSA-N	IC50	8663.0	8663.0	nM	,PubChem BioAssay data set
328613	P21554	TVSIWFHSJOJFON-UHFFFAOYSA-N	Ki	350.0	350.0	nM	14980654
328812	P21554	TVYVHVQOGZGIBA-UHFFFAOYSA-N	IC50	27.0	27.0	nM	17270441
329018	P21554	TWFZHTHMHDVZLD-UHFFFAOYSA-N	EC50	0.0	32000.0	nM	,PubChem BioAssay data set
329018	P21554	TWFZHTHMHDVZLD-UHFFFAOYSA-N	IC50	427.0	427.0	nM	,PubChem BioAssay data set
329259	P21554	TWOZGDQGBKCTPY-VQTJNVASSA-N	IC50	10.0	10.0	nM	19320488
329261	P21554	TWPADGGONVLYSH-YADARESESA-N	IC50	97.0	97.0	nM	19632830
329333	P21554	TWQYWUXBZHPIIV-UHFFFAOYSA-N	EC50	0.0	10000.0	nM	25644673,26151231
329333	P21554	TWQYWUXBZHPIIV-UHFFFAOYSA-N	EC50	0.0	30000.0	nM	18006322,19143566,19743867
329349	P21554	TWRSTCDKXCLFEK-UHFFFAOYSA-N	Ki	4.9	4.9	nM	17383180
329349	P21554	TWRSTCDKXCLFEK-UHFFFAOYSA-N	Ki	4.9	4.9	nM	17383180
329662	P21554	TXDUYXUPRRYHRW-MYFCUFBASA-N	Inhibition	39.0	39.0	%	24471526
329662	P21554	TXDUYXUPRRYHRW-MYFCUFBASA-N	Ki	0.0	10000.0	nM	24471526
329833	P21554	TXKVDQBPLCHMEA-UHFFFAOYSA-N	IC50	108.0	108.0	nM	17270441
329862	P21554	TXMCPXVAYLCZFB-UHFFFAOYSA-N	IC50	146.0	146.0	nM	18243711
329929	P21554	TXPKFNIFJFZBOS-PMACEKPBSA-N	Ki	6.9	6.9	nM	17383180
330203	P21554	TXZJFGWULOAGLG-UHFFFAOYSA-N	Ki	2920.0	2920.0	nM	17942307
330313	P21554	TYDKAHFZLFMNQX-UHFFFAOYSA-N	Inhibition	-4.0	-4.0	%	22369198
330374	P21554	TYEMPRZXIMIZIA-NHCUHLMSSA-N	Ki	2.53	2.53	nM	18524604,19250829
330448	P21554	TYIHQYRRPIXBNB-UHFFFAOYSA-N	IC50	31.0	31.0	nM	19954978
330501	P21554	TYKSWSZGCUIWSH-UHFFFAOYSA-N	Ki	948.0	948.0	nM	19595596
330614	P21554	TYOBHBOPNUWFPN-UHFFFAOYSA-N	EC50	0.0	20000.0	nM	21354795
330666	P21554	TYPYKTGWUCNEDE-RGEXLXHISA-N	Intrinsic activity	-35.0	-35.0	%	MedChemComm, (2014) 5:5:632
330666	P21554	TYPYKTGWUCNEDE-RGEXLXHISA-N	Ki	2130.0	2130.0	nM	MedChemComm, (2014) 5:5:632
330769	P21554	TYTSMIBSPRJKRV-MRXNPFEDSA-N	EC50	15.85	15.85	nM	21316962
330928	P21554	TZAHVDWCFRJFHI-UHFFFAOYSA-N	IC50	6.3	6.3	nM	15664830
330928	P21554	TZAHVDWCFRJFHI-UHFFFAOYSA-N	IC50	6.31	6.31	nM	19406638
330987	P21554	TZCLFKYOYFCIEV-UHFFFAOYSA-N	Ki	15.3	15.3	nM	21996466
331010	P21554	TZDLGJXKWSQSTB-UHFFFAOYSA-N	Ki	1.7	1.7	nM	22437111
331131	P21554	TZIQLHQYLQKNJL-UHFFFAOYSA-N	Ki	0.0	10000.0	nM	18424134
331212	P21554	TZLMVQBDEXRXIT-UHFFFAOYSA-N	EC50	0.0	32000.0	nM	,PubChem BioAssay data set
331212	P21554	TZLMVQBDEXRXIT-UHFFFAOYSA-N	IC50	0.0	32000.0	nM	,PubChem BioAssay data set
331249	P21554	TZMLQWOKHPFVET-UHFFFAOYSA-N	Ki	28.0	28.0	nM	16263283
331334	P21554	TZPXYCYKOYZUNZ-UHFFFAOYSA-N	EC50	0.0	32000.0	nM	PubChem BioAssay data set
331334	P21554	TZPXYCYKOYZUNZ-UHFFFAOYSA-N	IC50	22000.0	22000.0	nM	PubChem BioAssay data set
331429	P21554	TZRPPFLLPYYBGD-UHFFFAOYSA-N	Ki	1905.46	1905.46	nM	22370265
331584	P21554	TZYVUGCYYQOTQR-UHFFFAOYSA-N	Inhibition	25.0	25.0	%	14521402
331584	P21554	TZYVUGCYYQOTQR-UHFFFAOYSA-N	Inhibition	25.4	25.4	%	12672243
331594	P21554	TZZBUGIBARZTFY-UHFFFAOYSA-N	EC50	0.0	32000.0	nM	,PubChem BioAssay data set
331594	P21554	TZZBUGIBARZTFY-UHFFFAOYSA-N	IC50	946.0	946.0	nM	,PubChem BioAssay data set
331678	P21554	UACCBPYRSMYMSJ-UHFFFAOYSA-N	Ki	591.0	591.0	nM	23623258
331685	P21554	UACMNCZEXUZPAD-UHFFFAOYSA-N	Ki	290.1	290.1	nM	20943290
331773	P21554	UAFSIKHSWNMFEC-UHFFFAOYSA-N	EC50	0.0	31622.8	nM	19864133
331784	P21554	UAGDBMZXAPYJHP-UHFFFAOYSA-N	Emax	2.0	2.0	%	18640038
331932	P21554	UAJXPPBANFJHRP-UHFFFAOYSA-N	Ki	14.96	14.96	nM	18448340
331965	P21554	UAKWVTSOSZTVCH-UHFFFAOYSA-N	Ki	2100.0	2100.0	nM	19919895
332133	P21554	UAQZEOXBFRPEBY-GAJHUEQPSA-N	IC50	12.0	12.0	nM	17181138
332144	P21554	UASAQYLINUGGDE-UHFFFAOYSA-N	Decrease	-74.0	-74.0	%	15801840
332144	P21554	UASAQYLINUGGDE-UHFFFAOYSA-N	Ki	3467.0	3467.0	nM	15801840
332144	P21554	UASAQYLINUGGDE-UHFFFAOYSA-N	Ki	3467.0	3467.0	nM	15801840
332327	P21554	UAZJIHKIKOFYKU-UHFFFAOYSA-N	EC50	4000.0	4000.0	nM	19743867
332327	P21554	UAZJIHKIKOFYKU-UHFFFAOYSA-N	Efficacy	32.0	32.0	%	19743867
332418	P21554	UBCZXHSQAKQJEQ-UHFFFAOYSA-N	Ki	0.0	20000.0	nM	23072339
332492	P21554	UBFBCNIBTXDRJO-UHFFFAOYSA-N	EC50	5.1	5.1	nM	23227781
332492	P21554	UBFBCNIBTXDRJO-UHFFFAOYSA-N	Emax	120.0	120.0	%	23227781
332492	P21554	UBFBCNIBTXDRJO-UHFFFAOYSA-N	IC50	7.2	7.2	nM	23227781
332515	P21554	UBGHTIXJJGYNFD-MQWDNKACSA-N	IC50	0.0	17000.0	nM	21420857
332531	P21554	UBGVLKZTVPOVTN-UHFFFAOYSA-N	EC50	5.5	5.5	nM	19351113
332531	P21554	UBGVLKZTVPOVTN-UHFFFAOYSA-N	Ki	2.5	2.5	nM	19351113
332531	P21554	UBGVLKZTVPOVTN-UHFFFAOYSA-N	Ki	5.5	5.5	nM	19351113
332537	P21554	UBHDNCMVRICFAM-UHFFFAOYSA-N	EC50	0.0	1000.0	nM	18680277
332537	P21554	UBHDNCMVRICFAM-UHFFFAOYSA-N	EC50	470.0	470.0	nM	18680277
332537	P21554	UBHDNCMVRICFAM-UHFFFAOYSA-N	Emax	46.0	46.0	%	18680277
332537	P21554	UBHDNCMVRICFAM-UHFFFAOYSA-N	Emax	100.0	100.0	%	18680277
332545	P21554	UBHKKVDJYFNWRM-UHFFFAOYSA-N	EC50	0.0	100000.0	nM	23795771
332823	P21554	UBPUFJUMTJUBND-UHFFFAOYSA-N	EC50	0.0	32000.0	nM	PubChem BioAssay data set
332823	P21554	UBPUFJUMTJUBND-UHFFFAOYSA-N	IC50	0.0	32000.0	nM	PubChem BioAssay data set
332893	P21554	UBRBDDDFBPVEQF-UHFFFAOYSA-N	Ki	92.0	92.0	nM	24182233
332973	P21554	UBUPXEKWNRMJAE-KTKRTIGZSA-N	Ki	0.0	40000.0	nM	23434135
333104	P21554	UBZSQBAGAHFYON-UHFFFAOYSA-N	EC50	419.0	419.0	nM	18640038
333104	P21554	UBZSQBAGAHFYON-UHFFFAOYSA-N	Emax	33.0	33.0	%	18640038
333210	P21554	UCDCIZSUJJLWLA-UHFFFAOYSA-N	Ki	0.0	3000.0	nM	23151320
333224	P21554	UCDUZZSIFKDOFO-UHFFFAOYSA-N	Ki	6617.0	6617.0	nM	23406429
333263	P21554	UCFBUCVIBJVXEU-NHCUHLMSSA-N	IC50	395.0	395.0	nM	24175572
333466	P21554	UCMNDPDJRSEZPL-UHFFFAOYSA-N	EC50	0.0	100000.0	nM	25466177,23865723
333488	P21554	UCMNIYFDRVBMFV-UHFFFAOYSA-N	EC50	49.0	49.0	nM	22284817,22607668
333488	P21554	UCMNIYFDRVBMFV-UHFFFAOYSA-N	Emax	120.0	120.0	%	22284817,22607668
333488	P21554	UCMNIYFDRVBMFV-UHFFFAOYSA-N	Ki	120.0	120.0	nM	22284817,22607668
333550	P21554	UCNQJJFXPQTDLC-RTBURBONSA-N	Activity	1557.0	1557.0	nM	17257842
333967	P21554	UDDHDIVLBAHMBI-UHFFFAOYSA-N	Ki	560.0	560.0	nM	17561406
334006	P21554	UDENLTLNSRYXSD-UHFFFAOYSA-N	IC50	0.0	5000.0	nM	22959249
334036	P21554	UDGBSSQOXQPGCS-NHCUHLMSSA-N	Ki	23.6	23.6	nM	24175572
334088	P21554	UDHPUIXPGUPRKT-UHFFFAOYSA-N	Activity	20.0	0.0	%	16392793
334109	P21554	UDIKDAMDJUXXDX-UHFFFAOYSA-N	EC50	0.0	32000.0	nM	,PubChem BioAssay data set
334109	P21554	UDIKDAMDJUXXDX-UHFFFAOYSA-N	IC50	16900.0	16900.0	nM	,PubChem BioAssay data set
334133	P21554	UDIVXDRBTSJOGV-UHFFFAOYSA-N	Activity	9.4	9.4	%	24125850
334169	P21554	UDKKBBAEWYFZNX-UHFFFAOYSA-N	Activity	10.0	0.0	%	16392793
334297	P21554	UDPNQIONEGYJQX-UHFFFAOYSA-N	EC50	0.0	20000.0	nM	21354795
334313	P21554	UDQJTBXMJOPUMK-FLIBITNWSA-N	Inhibition	0.0	0.0	%	MedChemComm, (2014) 5:5:632
334313	P21554	UDQJTBXMJOPUMK-FLIBITNWSA-N	Ki	0.0	10000.0	nM	MedChemComm, (2014) 5:5:632
334398	P21554	UDTAPYABKMLLTD-UHFFFAOYSA-N	Ki	0.1	0.1	nM	16263283
334398	P21554	UDTAPYABKMLLTD-UHFFFAOYSA-N	Ki	0.2	0.2	nM	16263283
334436	P21554	UDUMGUJKCNZMGP-UHFFFAOYSA-N	EC50	0.0	3162.28	nM	19010671
334436	P21554	UDUMGUJKCNZMGP-UHFFFAOYSA-N	Efficacy	5.0	5.0	%	19010671
334533	P21554	UDXLKGUOQBNFSZ-UHFFFAOYSA-N	Ki	0.0	1000.0	nM	18311894
334533	P21554	UDXLKGUOQBNFSZ-UHFFFAOYSA-N	Ki	100000.0	0.0	nM	18311894
334806	P21554	UEKCIEBQEGMSKG-UHFFFAOYSA-N	Ki	5600.0	5600.0	nM	22044209
334870	P21554	UENAMXBDXIFSQC-UHFFFAOYSA-N	Ki	0.1	0.1	nM	19683918
334870	P21554	UENAMXBDXIFSQC-UHFFFAOYSA-N	Ki	0.1	0.1	nM	19683918
335064	P21554	UEQVMIBOGYALNW-UHFFFAOYSA-N	Ki	310.0	310.0	nM	19091565
335165	P21554	UEWBWRPAYHCQDJ-UHFFFAOYSA-N	Activity	10.0	10.0	%	19646869
335187	P21554	UEXACWCPSKCHSH-UHFFFAOYSA-N	EC50	540.0	540.0	nM	19328683
335263	P21554	UEYZJTDXAXRBSV-UHFFFAOYSA-N	EC50	0.0	3162.28	nM	19010671
335263	P21554	UEYZJTDXAXRBSV-UHFFFAOYSA-N	Efficacy	7.0	7.0	%	19010671
335279	P21554	UEZSMNDTKLDUHX-UHFFFAOYSA-N	Kd	0.7943	0.7943	nM	15771428
335279	P21554	UEZSMNDTKLDUHX-UHFFFAOYSA-N	Ki	35.0	35.0	nM	15771428
335316	P21554	UFBCBSNKWKPSRJ-SNPVRQPZSA-N	Ki	30.0	30.0	nM	9057852
335350	P21554	UFCHSFMYFXETIG-UHFFFAOYSA-N	IC50	300.0	300.0	nM	24291040
335400	P21554	UFDYDJZMNDNHGH-UHFFFAOYSA-N	Ki	0.0	3000.0	nM	20979417
335551	P21554	UFJKRSIGVPRPKD-UHFFFAOYSA-N	Ki	420.0	420.0	nM	22738271
335874	P21554	UFVVPGSIQDJDQL-UHFFFAOYSA-N	Ki	3780.0	3780.0	nM	22044209
335947	P21554	UFYFCMHCOWAKPR-UHFFFAOYSA-N	Decrease	-74.0	-74.0	%	15801840
335947	P21554	UFYFCMHCOWAKPR-UHFFFAOYSA-N	Displacement	76.0	76.0	%	15801840
335947	P21554	UFYFCMHCOWAKPR-UHFFFAOYSA-N	Ki	993.0	993.0	nM	15801840
336011	P21554	UFZQKWQOEXXMRC-FQEVSTJZSA-N	Ki	61.66	61.66	nM	19921781
336011	P21554	UFZQKWQOEXXMRC-FQEVSTJZSA-N	Ki	62.0	62.0	nM	19921781
336012	P21554	UFZQKWQOEXXMRC-UHFFFAOYSA-N	Ki	62.0	62.0	nM	19921781
336060	P21554	UGBOIMKMOKBZCW-UHFFFAOYSA-N	IC50	47.0	47.0	nM	20483606
336154	P21554	UGFQTTONVSTIIC-UHFFFAOYSA-N	Ki	1300.0	1300.0	nM	19595596
336267	P21554	UGKLCDRWUKCSAK-UHFFFAOYSA-N	Ki	0.0	20000.0	nM	23072339
336294	P21554	UGKWGYCMVMEFGG-UHFFFAOYSA-N	EC50	48.0	48.0	nM	18712856
336294	P21554	UGKWGYCMVMEFGG-UHFFFAOYSA-N	IC50	20.6	20.6	nM	18712856
336335	P21554	UGMNUXVQQKCSBI-UHFFFAOYSA-N	EC50	0.0	20000.0	nM	21354795
336358	P21554	UGNOTGWYFPEUMM-UHFFFAOYSA-N	IC50	18.0	18.0	nM	20047779
336358	P21554	UGNOTGWYFPEUMM-UHFFFAOYSA-N	Ki	0.2	0.2	nM	20047779
336358	P21554	UGNOTGWYFPEUMM-UHFFFAOYSA-N	Ki	0.2	0.2	nM	20047779
336383	P21554	UGOQZVLEHPFGMP-UHFFFAOYSA-N	IC50	9.5	9.5	nM	19328684
336509	P21554	UGUGGNFIJUTHKJ-UHFFFAOYSA-N	IC50	87.0	87.0	nM	20047779
336509	P21554	UGUGGNFIJUTHKJ-UHFFFAOYSA-N	Ki	1.8	1.8	nM	20047779
336509	P21554	UGUGGNFIJUTHKJ-UHFFFAOYSA-N	Ki	1.8	1.8	nM	20047779
336645	P21554	UHAXAQMWKPYYOJ-UHFFFAOYSA-N	Ke	3.2	3.2	nM	23098108
336659	P21554	UHBSARAUJNXBCJ-UHFFFAOYSA-N	Ki	2608.0	2608.0	nM	18522867
336898	P21554	UHMWUSMRKZLCEL-UHFFFAOYSA-N	Activity	90.0	90.0	%	18342403
336898	P21554	UHMWUSMRKZLCEL-UHFFFAOYSA-N	Ki	1100.0	1100.0	nM	18342403
336907	P21554	UHNJRKVMGGJKDS-UHFFFAOYSA-N	IC50	4.0	4.0	nM	17270441
337261	P21554	UIAGMCDKSXEBJQ-UHFFFAOYSA-N	IC50	1736.0	1736.0	nM	DrugMatrix in vitro pharmacology data
337261	P21554	UIAGMCDKSXEBJQ-UHFFFAOYSA-N	Ki	1371.0	1371.0	nM	DrugMatrix in vitro pharmacology data
337448	P21554	UIFVUGXLVUHXDZ-UHFFFAOYSA-N	Ki	1095.0	1095.0	nM	18311894
337448	P21554	UIFVUGXLVUHXDZ-UHFFFAOYSA-N	Ki	1096.48	1096.48	nM	18311894
337565	P21554	UILPVYJBNJMILA-UHFFFAOYSA-N	IC50	37.0	37.0	nM	20719511
337631	P21554	UINFVSKHZGEKBC-UHFFFAOYSA-N	Activity	0.0	60.0	%	23017078
338025	P21554	UJBWJNIDWMLPBD-UHFFFAOYSA-N	Activity	4.0	4.0	%	19500981
338279	P21554	UJLUJVLJRDVHQO-LEWJYISDSA-N	IC50	2.0	2.0	nM	19320488
338568	P21554	UJYLRVFYGHERPS-UHFFFAOYSA-N	Ki	0.0	10000.0	nM	16279794
338900	P21554	UKLKVOUOPCWDIK-UHFFFAOYSA-N	Kd	40.74	40.74	nM	18512901
338900	P21554	UKLKVOUOPCWDIK-UHFFFAOYSA-N	Ki	14.7	14.7	nM	18512901
338900	P21554	UKLKVOUOPCWDIK-UHFFFAOYSA-N	Ki	14.7	14.7	nM	18512901
338900	P21554	UKLKVOUOPCWDIK-UHFFFAOYSA-N	Ki	40.9	40.9	nM	18512901
338900	P21554	UKLKVOUOPCWDIK-UHFFFAOYSA-N	Ki	40.9	40.9	nM	18512901
338975	P21554	UKOAAEWZHAWVNQ-UHFFFAOYSA-N	EC50	12.59	12.59	nM	21411321
339069	P21554	UKRJUUUJFSJSEM-UHFFFAOYSA-N	Ki	18.0	18.0	nM	19435366
339138	P21554	UKUPLUXNDHTNBT-TZIWHRDSSA-N	Ki	0.0	3000.0	nM	20079638
339198	P21554	UKWWRGPCYHAWJG-UHFFFAOYSA-N	Ki	3008.0	3008.0	nM	20031412
339296	P21554	UKZQAPQRIDWZDG-UHFFFAOYSA-N	Ki	131.0	131.0	nM	19921781,21183257
339296	P21554	UKZQAPQRIDWZDG-UHFFFAOYSA-N	Ki	131.83	131.83	nM	19921781
339353	P21554	ULBNKAPBHVGTIU-UHFFFAOYSA-N	Activity	65.6	65.6	%	16451053
339353	P21554	ULBNKAPBHVGTIU-UHFFFAOYSA-N	Ki	7033.0	7033.0	nM	16451053
339391	P21554	ULCUJOWOGQUZOC-UHFFFAOYSA-N	Ki	750.0	750.0	nM	17561406
339412	P21554	ULDUMNWXYDJECG-UHFFFAOYSA-N	IC50	3467.37	3467.37	nM	19406638
339751	P21554	ULQNPKKFMCJZRI-UHFFFAOYSA-N	Ki	1752.0	1752.0	nM	22738271
339759	P21554	ULQWKETUACYZLI-QNEBEIHSSA-N	Ki	53.4	53.4	nM	12166938
339759	P21554	ULQWKETUACYZLI-QNEBEIHSSA-N	Ki	598.0	598.0	nM	9057852
339774	P21554	ULRUFKHACATFKA-UHFFFAOYSA-N	Ki	770.0	770.0	nM	14980654
339810	P21554	ULSNREWBZRGBEL-UHFFFAOYSA-N	EC50	607.0	607.0	nM	23147076
339810	P21554	ULSNREWBZRGBEL-UHFFFAOYSA-N	Efficacy	93.0	93.0	%	23147076
339810	P21554	ULSNREWBZRGBEL-UHFFFAOYSA-N	Ki	11700.0	11700.0	nM	23147076
339843	P21554	ULTYHMCGKWGORH-QHCPKHFHSA-N	EC50	466.0	466.0	nM	18335976
339843	P21554	ULTYHMCGKWGORH-QHCPKHFHSA-N	Ki	46.0	46.0	nM	18335976
339844	P21554	ULTYHMCGKWGORH-UHFFFAOYSA-N	Ki	46.0	46.0	nM	18335976
339991	P21554	UMAINBPASNFACL-UHFFFAOYSA-N	Ki	0.0	20000.0	nM	23072339
340053	P21554	UMDBIKLFXMBCMH-UHFFFAOYSA-N	EC50	948.0	948.0	nM	22765893
340053	P21554	UMDBIKLFXMBCMH-UHFFFAOYSA-N	Efficacy	89.8	89.8	%	22765893
340117	P21554	UMFFBPYHXHNTFM-UHFFFAOYSA-N	Ki	0.0	1000.0	nM	20979417
340240	P21554	UMJAIBMMAFVVNQ-UHFFFAOYSA-N	Activity	43.0	43.0	%	16279809
340254	P21554	UMJSYQSBASNWIN-UHFFFAOYSA-N	Ki	2960.0	2960.0	nM	22341572
340268	P21554	UMKFVXMUJDDMEO-UHFFFAOYSA-N	Ki	660.0	660.0	nM	23085772
340372	P21554	UMOLSRBHNLXWGD-NTUHNPAUSA-N	Ki	31.3	31.3	nM	17004712
340372	P21554	UMOLSRBHNLXWGD-NTUHNPAUSA-N	Ki	60.0	60.0	nM	17004712
340372	P21554	UMOLSRBHNLXWGD-NTUHNPAUSA-N	Ki	85.0	85.0	nM	17004712
340471	P21554	UMSRMGGHAQPYRQ-UHFFFAOYSA-N	IC50	5.7	5.7	nM	19954978
340579	P21554	UMWCYYGKAVPORS-UHFFFAOYSA-N	Ki	24.0	24.0	nM	24518874
340601	P21554	UMWUTVHAFOYHRI-UHFFFAOYSA-N	IC50	1.0	1.0	nM	19954978
340689	P21554	UNAZAADNBYXMIV-UHFFFAOYSA-N	Ke	8.7	8.7	nM	22372835,23098108
340689	P21554	UNAZAADNBYXMIV-UHFFFAOYSA-N	Ki	0.12	0.12	nM	19102698
340689	P21554	UNAZAADNBYXMIV-UHFFFAOYSA-N	Ki	0.7	0.7	nM	19102698
340689	P21554	UNAZAADNBYXMIV-UHFFFAOYSA-N	Ki	0.7	0.7	nM	19102698
340692	P21554	UNAZCDOAHNJXRH-UHFFFAOYSA-N	Ki	34.0	34.0	nM	17507224
340789	P21554	UNDUGXOFFFAITG-IGNCQIMGSA-N	Ki	194.85	194.85	nM	17827022
340819	P21554	UNEWEJDSFZFHCH-UHFFFAOYSA-N	EC50	35.1	35.1	nM	19095444
340819	P21554	UNEWEJDSFZFHCH-UHFFFAOYSA-N	IC50	25.7	25.7	nM	19095444
340939	P21554	UNIXCKUMWRLUBV-YADARESESA-N	IC50	33.0	33.0	nM	17181138
340960	P21554	UNKDFJFFHQFGLN-GFCCVEGCSA-N	Ki	0.71	0.71	nM	20971001
341053	P21554	UNNJLUGSPSGKPK-UHFFFAOYSA-N	IC50	0.0	10000.0	nM	22571451
341053	P21554	UNNJLUGSPSGKPK-UHFFFAOYSA-N	Inhibition	24.7	24.7	%	22571451
341067	P21554	UNOAGRCCRNHSLP-UHFFFAOYSA-N	Activity	43.6	43.6	%	16392793
341188	P21554	UNTFMKWQIPWJAC-UHFFFAOYSA-N	Kd	3.981	3.981	nM	20137935
341188	P21554	UNTFMKWQIPWJAC-UHFFFAOYSA-N	Ki	55.0	55.0	nM	20137935
341286	P21554	UNWZYLLJZADZTJ-UHFFFAOYSA-N	Inhibition	46.1	46.1	%	19095444
341415	P21554	UOAYCAYAPQISGI-UHFFFAOYSA-N	Activity	0.0	50.0	%	19331413
341415	P21554	UOAYCAYAPQISGI-UHFFFAOYSA-N	Ki	3070.0	3070.0	nM	19331413
341415	P21554	UOAYCAYAPQISGI-UHFFFAOYSA-N	Ki	3162.0	3162.0	nM	19331413
341415	P21554	UOAYCAYAPQISGI-UHFFFAOYSA-N	Ki	3162.28	3162.28	nM	19331413
341447	P21554	UOCDLBUTXSBARO-UHFFFAOYSA-N	EC50	0.0	10000.0	nM	19062274
341447	P21554	UOCDLBUTXSBARO-UHFFFAOYSA-N	Emax	7.0	7.0	%	19062274
341581	P21554	UOHNZPHAELANCA-UHFFFAOYSA-N	Ki	0.0	5000.0	nM	18522867
341629	P21554	UOJPILVDLNONQO-UHFFFAOYSA-N	Ki	3600.0	3600.0	nM	,Bioorg. Med. Chem. Lett., (1996) 6:19:2263
341646	P21554	UOKFJJUVHMPGSE-UHFFFAOYSA-N	Ki	8.9	8.9	nM	22341572
341741	P21554	UOOIATGLUVHGIW-UHFFFAOYSA-N	Ke	8.41	8.41	uM	21875798
341741	P21554	UOOIATGLUVHGIW-UHFFFAOYSA-N	Ki	786.0	786.0	nM	21875798
341741	P21554	UOOIATGLUVHGIW-UHFFFAOYSA-N	Ki	1698.0	1698.0	nM	21875798
341791	P21554	UOPZFIQCDUPXJE-UHFFFAOYSA-N	Ki	2.9	2.9	nM	24182233
341932	P21554	UOUDMDWYPIHYDG-UHFFFAOYSA-N	IC50	70.0	70.0	nM	15713403
342016	P21554	UOXHGECIQXHSKI-FJIJXJHWSA-N	Emax	64.0	64.0	%	21420857
342016	P21554	UOXHGECIQXHSKI-FJIJXJHWSA-N	IC50	0.0	17000.0	nM	21420857
342019	P21554	UOXHGECIQXHSKI-SSPYTLHUSA-N	Emax	31.0	31.0	%	21420857
342019	P21554	UOXHGECIQXHSKI-SSPYTLHUSA-N	IC50	0.0	17000.0	nM	21420857
342044	P21554	UOYBMZNFJUBBNU-UHFFFAOYSA-N	Inhibition	0.3	0.3	%	12672243
342210	P21554	UPEVXJDMQLVSFE-UHFFFAOYSA-N	Ki	0.0	10000.0	nM	22341572
342240	P21554	UPGMTVZTKSVXPE-UHFFFAOYSA-N	IC50	19.0	19.0	nM	19954978
342256	P21554	UPGRPJQVXCCOIK-UHFFFAOYSA-N	EC50	0.0	10000.0	nM	23380378
342424	P21554	UPOOBDMZXYSRQK-UHFFFAOYSA-N	Ki	1380.0	1380.0	nM	24378710
342461	P21554	UPQGJGUWDNSFCX-UHFFFAOYSA-N	EC50	0.0	1000.0	nM	21885167
342461	P21554	UPQGJGUWDNSFCX-UHFFFAOYSA-N	Ki	0.0	1000.0	nM	21885167
342506	P21554	UPRLKAOLOKYKLO-UHFFFAOYSA-N	EC50	158.49	158.49	nM	22421020
342515	P21554	UPRVSARQEYFBEX-UHFFFAOYSA-N	EC50	0.0	17000.0	nM	24461289
342828	P21554	UQFCFZNAKDXJBI-UHFFFAOYSA-N	Activity	188.9	188.9	%	22571451
342828	P21554	UQFCFZNAKDXJBI-UHFFFAOYSA-N	EC50	470.0	470.0	nM	26203658
342828	P21554	UQFCFZNAKDXJBI-UHFFFAOYSA-N	EC50	550.0	550.0	nM	22571451
342828	P21554	UQFCFZNAKDXJBI-UHFFFAOYSA-N	EC50	600.0	600.0	nM	26203658
342828	P21554	UQFCFZNAKDXJBI-UHFFFAOYSA-N	EC50	790.0	790.0	nM	26203658
342828	P21554	UQFCFZNAKDXJBI-UHFFFAOYSA-N	EC50	1010.0	1010.0	nM	26203658
343030	P21554	UQMBLWHHTBIECZ-JOCHJYFZSA-N	Ki	1.5	1.5	nM	22209458
343031	P21554	UQMBLWHHTBIECZ-QFIPXVFZSA-N	Ki	249.0	249.0	nM	22209458
343099	P21554	UQOABWCUOKYECD-OUKQBFOZSA-N	Ki	24.0	24.0	nM	24518874
343192	P21554	UQSIKEUEUPAZQQ-UHFFFAOYSA-N	EC50	6611.0	6611.0	nM	23147076
343192	P21554	UQSIKEUEUPAZQQ-UHFFFAOYSA-N	Efficacy	55.0	55.0	%	23147076
343218	P21554	UQTAUKFNHKTXIB-UHFFFAOYSA-N	IC50	11.0	11.0	nM	19954978,20015647
343465	P21554	URECVAKCQOVBAK-UHFFFAOYSA-N	EC50	0.0	32000.0	nM	PubChem BioAssay data set
343465	P21554	URECVAKCQOVBAK-UHFFFAOYSA-N	IC50	975.0	975.0	nM	PubChem BioAssay data set
343819	P21554	UROZAHXMNISVLP-UHFFFAOYSA-N	EC50	0.0	32000.0	nM	,PubChem BioAssay data set
343819	P21554	UROZAHXMNISVLP-UHFFFAOYSA-N	IC50	18800.0	18800.0	nM	,PubChem BioAssay data set
343872	P21554	URQPZKHZNDMWGZ-UHFFFAOYSA-N	IC50	190.0	190.0	nM	19328684
343977	P21554	URTQOVWDFKPXTI-UHFFFAOYSA-N	IC50	3.7	3.7	nM	20483606
343977	P21554	URTQOVWDFKPXTI-UHFFFAOYSA-N	IC50	76.0	76.0	nM	20483606
344007	P21554	URVBWPFMFFHCMF-UHFFFAOYSA-N	Activity	78.7	78.7	%	16451053
344007	P21554	URVBWPFMFFHCMF-UHFFFAOYSA-N	Ki	2001.0	2001.0	nM	16451053
344014	P21554	URVMMMGKKYFPET-WOJBJXKFSA-N	Ki	1.8	1.8	nM	
344014	P21554	URVMMMGKKYFPET-WOJBJXKFSA-N	Ki	1.82	1.82	nM	Bioorg. Med. Chem. Lett., (1996) 6:2:189
344391	P21554	USJFDADYVUDVAX-UHFFFAOYSA-N	IC50	631.0	631.0	nM	23902803
344391	P21554	USJFDADYVUDVAX-UHFFFAOYSA-N	Ki	829.0	829.0	nM	23434135
344391	P21554	USJFDADYVUDVAX-UHFFFAOYSA-N	Ki	829.4	829.4	nM	23434135
344439	P21554	USKZVVYKFRBNFR-UHFFFAOYSA-N	Ki	2.5	2.5	nM	22341572
344519	P21554	USNWJHORIWPSKG-UHFFFAOYSA-N	EC50	65.5	65.5	nM	19530697
344519	P21554	USNWJHORIWPSKG-UHFFFAOYSA-N	IC50	33.8	33.8	nM	19530697
344540	P21554	USOYXZSGLUUHML-UHFFFAOYSA-N	Ki	45.9	45.9	nM	21996466
344683	P21554	USUCNXJZXVXRTC-UHFFFAOYSA-N	Activity	69.0	69.0	%	18342403
344820	P21554	USZBOFHHUIVKCR-UHFFFAOYSA-N	Ki	1.66	1.66	nM	18448340
345006	P21554	UTFVZMLLHUZJOB-UHFFFAOYSA-N	Ki	0.0	10000.0	nM	21872477
345016	P21554	UTGGHWRFKOFSKZ-UHFFFAOYSA-N	IC50	20.0	20.0	nM	17107792
345034	P21554	UTHASPYTZKMVCB-UHFFFAOYSA-N	IC50	0.776	0.776	nM	21334892
345034	P21554	UTHASPYTZKMVCB-UHFFFAOYSA-N	IC50	0.7762	0.7762	nM	21334892
345122	P21554	UTJHKVSSIAKLDM-UHFFFAOYSA-N	EC50	0.0	31622.8	nM	20005703
345331	P21554	UTPSWDIIQDVVTK-UHFFFAOYSA-N	IC50	0.7	0.7	nM	20483606
345331	P21554	UTPSWDIIQDVVTK-UHFFFAOYSA-N	IC50	18.0	18.0	nM	20483606
345367	P21554	UTSDQCKNZDPUEB-UHFFFAOYSA-N	EC50	158.49	158.49	nM	22421020
345417	P21554	UTUDVDCNXWUOLJ-UHFFFAOYSA-N	EC50	100.0	100.0	nM	15713403
345417	P21554	UTUDVDCNXWUOLJ-UHFFFAOYSA-N	IC50	260.0	260.0	nM	15713403
345494	P21554	UTWXABYUOACVIT-UHFFFAOYSA-N	IC50	3.5	3.5	nM	15664830
345712	P21554	UUDSOVGGCULQFR-UHFFFAOYSA-N	Ki	0.0	10000.0	nM	21872477
345979	P21554	UUNYGEIDPSTHSY-UHFFFAOYSA-N	Ki	89.5	89.5	nM	20943290
346252	P21554	UUWBDBIJAAXIMK-UHFFFAOYSA-N	Ki	695.0	695.0	nM	17884494
346360	P21554	UVAFHMYGZBIABL-UHFFFAOYSA-N	EC50	0.0	32000.0	nM	PubChem BioAssay data set
346360	P21554	UVAFHMYGZBIABL-UHFFFAOYSA-N	IC50	0.0	32000.0	nM	,PubChem BioAssay data set
346601	P21554	UVJOYSDOOBVOBF-UHFFFAOYSA-N	EC50	630.96	630.96	nM	22421020
346647	P21554	UVLAMOAOUZDNJJ-UHFFFAOYSA-N	EC50	293.6	293.6	nM	18712856
346647	P21554	UVLAMOAOUZDNJJ-UHFFFAOYSA-N	IC50	7.8	7.8	nM	18712856
346756	P21554	UVOSTMRTZMGJDE-UHFFFAOYSA-N	EC50	0.0	32000.0	nM	PubChem BioAssay data set
346756	P21554	UVOSTMRTZMGJDE-UHFFFAOYSA-N	IC50	0.0	32000.0	nM	PubChem BioAssay data set
346809	P21554	UVQIBKXDOZWHFU-WOJBJXKFSA-N	Ki	0.4365	0.4365	nM	17521177,17980589
346809	P21554	UVQIBKXDOZWHFU-WOJBJXKFSA-N	Ki	0.44	0.44	nM	17521177
346809	P21554	UVQIBKXDOZWHFU-WOJBJXKFSA-N	Ki	1.0	1.0	nM	21183257
346925	P21554	UVTSUPOGIVKNEI-UHFFFAOYSA-N	Ki	30.0	30.0	nM	17004712
346925	P21554	UVTSUPOGIVKNEI-UHFFFAOYSA-N	Ki	54.0	54.0	nM	17004712
346925	P21554	UVTSUPOGIVKNEI-UHFFFAOYSA-N	Ki	100.0	100.0	nM	14980654
346925	P21554	UVTSUPOGIVKNEI-UHFFFAOYSA-N	Ki	107.0	107.0	nM	17004712
346956	P21554	UVVGIEDUPSDPEP-UHFFFAOYSA-N	EC50	0.0	10000.0	nM	22130134
347058	P21554	UWAOGXSDWOGLKG-QZTJIDSGSA-N	Ki	8.26	8.26	nM	17521177
347058	P21554	UWAOGXSDWOGLKG-QZTJIDSGSA-N	Ki	8.3	8.3	nM	21183257
347058	P21554	UWAOGXSDWOGLKG-QZTJIDSGSA-N	Ki	8.318	8.318	nM	17521177,17980589
347230	P21554	UWFGRWQWQQPOFQ-UHFFFAOYSA-N	IC50	0.0	10000.0	nM	22571451
347230	P21554	UWFGRWQWQQPOFQ-UHFFFAOYSA-N	Inhibition	3.8	3.8	%	22571451
347254	P21554	UWGKLEPSVNXTGY-UHFFFAOYSA-N	IC50	11.48	11.48	nM	21334892
347254	P21554	UWGKLEPSVNXTGY-UHFFFAOYSA-N	Ki	7.586	7.586	nM	21334892
347254	P21554	UWGKLEPSVNXTGY-UHFFFAOYSA-N	Ki	7.59	7.59	nM	21334892
347508	P21554	UWOKTBSWRFWHHD-UHFFFAOYSA-N	Ki	4.7	4.7	nM	18511157
347508	P21554	UWOKTBSWRFWHHD-UHFFFAOYSA-N	Ki	4.7	4.7	nM	18511157
347568	P21554	UWQVZDDDOKWIOS-UHFFFAOYSA-N	IC50	96.0	96.0	nM	16263284
347615	P21554	UWSRGZKDCQTRNC-UHFFFAOYSA-N	Ki	13.0	13.0	nM	17507224
347678	P21554	UWVWDXPKUVOERV-UHFFFAOYSA-N	Displacement	54.6	54.6	%	15801840
347678	P21554	UWVWDXPKUVOERV-UHFFFAOYSA-N	Ki	0.0	10000.0	nM	15801840
347714	P21554	UWWRWKAKDGEMGT-UHFFFAOYSA-N	Kb	1018.0	1018.0	nM	24053617
347717	P21554	UWWUCNACYZFKJB-UHFFFAOYSA-N	IC50	57.0	57.0	nM	19954978
347744	P21554	UWYLGMOWVWPMPE-UHFFFAOYSA-N	Ki	2.8	2.8	nM	17107792
347750	P21554	UWYQDLYLKSLKNZ-BGGMYYEUSA-N	Activity	0.86	0.86	nM	17257842
347751	P21554	UWYQDLYLKSLKNZ-MDZDMXLPSA-N	Kd	0.86	0.86	nM	10633038
347811	P21554	UXAPIXAFOMKKMB-UHFFFAOYSA-N	Ke	10.8	10.8	nM	22372835
347811	P21554	UXAPIXAFOMKKMB-UHFFFAOYSA-N	Ki	15.0	15.0	nM	22372835
347864	P21554	UXCIDQWZTDUWCG-UHFFFAOYSA-N	Displacement	5.0	0.0	%	11960486
347946	P21554	UXFOBTSZLFVGIK-UHFFFAOYSA-N	Ki	311.4	311.4	nM	20943290
348159	P21554	UXNSOSUWFQBTCO-UHFFFAOYSA-N	Ki	245.47	245.47	nM	18311894
348159	P21554	UXNSOSUWFQBTCO-UHFFFAOYSA-N	Ki	246.0	246.0	nM	18311894
348239	P21554	UXRWQIHXGWZWGZ-UHFFFAOYSA-N	Inhibition	11.0	11.0	%	18083560
348312	P21554	UXURBARGIFREAQ-XHSRFYJISA-N	Ki	2000.0	2000.0	nM	21675776
348321	P21554	UXUZJUVHUCEQEA-UHFFFAOYSA-N	Ki	0.0	1000.0	nM	21885167
348890	P21554	UYPQIQJUQWVCAN-UHFFFAOYSA-N	Ki	14.0	14.0	nM	18511157
348915	P21554	UYQTYRZYAZXKMR-UHFFFAOYSA-N	Activity	61.7	61.7	%	16451053
348915	P21554	UYQTYRZYAZXKMR-UHFFFAOYSA-N	Emax	-70.0	-70.0	%	16451053
348915	P21554	UYQTYRZYAZXKMR-UHFFFAOYSA-N	Ki	0.0	8000.0	nM	16451053
348934	P21554	UYRUXZWWAPSGQU-FNORWQNLSA-N	Kd	3.56	3.56	nM	10633038
348991	P21554	UYTXDUBFCGCQQH-UHFFFAOYSA-N	Inhibition	44.0	44.0	%	18083560
349054	P21554	UYWAGFKSGKWYLC-QBFSEMIESA-N	Inhibition	10.0	10.0	%	MedChemComm, (2014) 5:5:632
349054	P21554	UYWAGFKSGKWYLC-QBFSEMIESA-N	Ki	0.0	10000.0	nM	MedChemComm, (2014) 5:5:632
349067	P21554	UYWJHPBUSXDXOJ-DOFZRALJSA-N	Ki	300.0	300.0	nM	19053765
349192	P21554	UZCKQJYJNVYGCR-UHFFFAOYSA-N	EC50	0.0	10000.0	nM	23380378
349216	P21554	UZDCDPBGFHFYRR-UHFFFAOYSA-N	Ki	960.0	960.0	nM	19435366
349433	P21554	UZKMXFJXIWPKIR-UHFFFAOYSA-N	EC50	0.0	32000.0	nM	,PubChem BioAssay data set
349433	P21554	UZKMXFJXIWPKIR-UHFFFAOYSA-N	IC50	3360.0	3360.0	nM	,PubChem BioAssay data set
349544	P21554	UZNXMVQPAPAVBK-UHFFFAOYSA-N	EC50	6160.0	6160.0	nM	23795771
349544	P21554	UZNXMVQPAPAVBK-UHFFFAOYSA-N	Efficacy	66.2	66.2	%	23795771
349627	P21554	UZQMKLSTQCCQDT-UHFFFAOYSA-N	Ki	206.0	206.0	nM	22483967
349698	P21554	UZTVZGCDXDFBLL-UHFFFAOYSA-N	Ki	0.0	5000.0	nM	18522867
349823	P21554	UZYWZYRCHHGYCC-UHFFFAOYSA-N	Activity	14.0	14.0	%	19646869
349863	P21554	VAAMKXQVJXTDRX-UHFFFAOYSA-N	Activity	0.0	50.0	%	19331413
349863	P21554	VAAMKXQVJXTDRX-UHFFFAOYSA-N	Ki	2300.0	2300.0	nM	19331413
349863	P21554	VAAMKXQVJXTDRX-UHFFFAOYSA-N	Ki	2511.89	2511.89	nM	19331413
349887	P21554	VABNDCKQSCMHJF-UHFFFAOYSA-N	IC50	55.0	55.0	nM	16263284
349911	P21554	VABZDRHVMAFLIW-UHFFFAOYSA-N	Activity	15.0	0.0	%	16451053
349992	P21554	VAFGDKBAECSYOP-UHFFFAOYSA-N	Kd	31.0	31.0	nM	10633038
350010	P21554	VAFRFEYFESMIGH-UHFFFAOYSA-N	EC50	5.1	5.1	nM	19530697
350010	P21554	VAFRFEYFESMIGH-UHFFFAOYSA-N	IC50	12.0	12.0	nM	19530697
350075	P21554	VAIMDXGIRALYIF-UHFFFAOYSA-N	EC50	0.0	32000.0	nM	,PubChem BioAssay data set
350075	P21554	VAIMDXGIRALYIF-UHFFFAOYSA-N	IC50	2220.0	2220.0	nM	,PubChem BioAssay data set
350131	P21554	VAJRTZXSPHHGQS-YADARESESA-N	IC50	0.094	0.094	nM	18333607
350131	P21554	VAJRTZXSPHHGQS-YADARESESA-N	IC50	0.74	0.74	nM	18333607
350270	P21554	VAPZIQDPWFCPGM-UHFFFAOYSA-N	EC50	0.0	17000.0	nM	24461289
350326	P21554	VARGWBUXBMFVJN-UHFFFAOYSA-N	EC50	6300.0	6300.0	nM	19743867
350326	P21554	VARGWBUXBMFVJN-UHFFFAOYSA-N	Efficacy	88.0	88.0	%	19743867
350566	P21554	VAYYGQWEIKYLAM-UHFFFAOYSA-N	Ki	929.0	929.0	nM	20979417
350653	P21554	VBCLNMSUDOZKPN-UHFFFAOYSA-N	IC50	53.0	53.0	nM	15664830
350724	P21554	VBFCYYGBKWFUMQ-UHFFFAOYSA-N	EC50	5011.87	5011.87	nM	17027269
350724	P21554	VBFCYYGBKWFUMQ-UHFFFAOYSA-N	IC50	1584.89	1584.89	nM	17027269
350724	P21554	VBFCYYGBKWFUMQ-UHFFFAOYSA-N	IC50	1585.0	1585.0	nM	17027269
350726	P21554	VBFDXISBVLMYKY-UHFFFAOYSA-N	Ki	1600.0	1600.0	nM	19435366
350762	P21554	VBGLYOIFKLUMQG-UHFFFAOYSA-N	Ki	308.0	308.0	nM	11020293
350762	P21554	VBGLYOIFKLUMQG-UHFFFAOYSA-N	Ki	316.228	1000.0	nM	7565624,8819477
350762	P21554	VBGLYOIFKLUMQG-UHFFFAOYSA-N	Log Ki	2.49	2.49	nM	10882356
350789	P21554	VBHCYRLOLOFGRF-UHFFFAOYSA-N	Ki	2820.0	2820.0	nM	17561406
350908	P21554	VBLSKDCBYBLTKM-UHFFFAOYSA-N	EC50	0.0	32000.0	nM	,PubChem BioAssay data set
350908	P21554	VBLSKDCBYBLTKM-UHFFFAOYSA-N	IC50	2230.0	2230.0	nM	,PubChem BioAssay data set
351146	P21554	VBTVWXNUTAZMAY-BPHOSAEJSA-N	Ki	0.0	10000.0	nM	23085772
351198	P21554	VBVLZYYLRYTLLX-UHFFFAOYSA-N	Ki	0.0	10000.0	nM	16279794
351608	P21554	VCKIDQVWSDVZCZ-UHFFFAOYSA-N	Ki	15.7	15.7	nM	21428406
351687	P21554	VCLQHVSMWNAQAW-UHFFFAOYSA-N	Ki	0.0	1000.0	nM	17507224
351710	P21554	VCMJTAVRHDVBBI-UHFFFAOYSA-N	Activity	66.3	66.3	%	20189815
351710	P21554	VCMJTAVRHDVBBI-UHFFFAOYSA-N	Ki	0.0	10000.0	nM	20189815
351721	P21554	VCMSNKIQHBVCSW-BHGRFLGOSA-N	Ki	570.0	570.0	nM	19361197
351721	P21554	VCMSNKIQHBVCSW-BHGRFLGOSA-N	Ki	700.0	700.0	nM	19361197
351723	P21554	VCMSNKIQHBVCSW-FQPAOGJPSA-N	Ki	1400.0	1400.0	nM	19361197
351725	P21554	VCMSNKIQHBVCSW-VSEBXTFHSA-N	Ki	600.0	600.0	nM	19361197
351725	P21554	VCMSNKIQHBVCSW-VSEBXTFHSA-N	Ki	700.0	700.0	nM	19361197
351728	P21554	VCMSNKIQHBVCSW-XEWGXYBMSA-N	Ki	820.0	820.0	nM	19361197
351911	P21554	VCUDJYYRRWZBSA-UHFFFAOYSA-N	EC50	10.0	10.0	nM	21411321
352167	P21554	VDDZJOLHLRDEQW-UHFFFAOYSA-N	IC50	2.512	2.512	nM	19338356
352258	P21554	VDIFXKSLLJIXPW-GAJHUEQPSA-N	IC50	16.0	16.0	nM	17293109
352289	P21554	VDJBGWTWCFAPCD-SFDMKYNQSA-N	Ki	29.3	29.3	nM	19250829
352526	P21554	VDSGSYWIJMZIBT-KNQAVFIVSA-N	Ki	16.0	16.0	nM	20018510
352624	P21554	VDWFFVHQYPMHCQ-UHFFFAOYSA-N	EC50	216.3	216.3	nM	19095444
352624	P21554	VDWFFVHQYPMHCQ-UHFFFAOYSA-N	IC50	203.5	203.5	nM	19095444
352657	P21554	VDWKDBPHAPPUBO-UHFFFAOYSA-N	Inhibition	10.0	10.0	%	24215892
352712	P21554	VDWODMZVUHYEHU-UHFFFAOYSA-N	EC50	0.0	10000.0	nM	22130134
352775	P21554	VDZAXKFDMWGNHZ-UHFFFAOYSA-N	Ki	30.0	30.0	nM	19595596
352822	P21554	VEANKELZZUCKRH-UHFFFAOYSA-N	Ki	57.0	57.0	nM	24900484
352870	P21554	VECBWSBPNKPCSY-NHCUHLMSSA-N	Ki	1900.0	1900.0	nM	24175572
352896	P21554	VEDDWTIIBHBHQV-UHFFFAOYSA-N	Ki	884.0	884.0	nM	24518874
353040	P21554	VEIWZDPVWRNPDV-UHFFFAOYSA-N	Kd	448.0	448.0	nM	10633038
353040	P21554	VEIWZDPVWRNPDV-UHFFFAOYSA-N	Kd	448.0	448.0	nM	10633038
353084	P21554	VEKIZUXKGBGSGF-UHFFFAOYSA-N	EC50	0.0	20000.0	nM	21354795
353151	P21554	VENJCACPSJGPCM-UHFFFAOYSA-N	Inhibition	2.8	2.8	%	12672243
353337	P21554	VEVIHFDYDQIEBJ-GWQXNCQPSA-N	Ki	753.5	753.5	nM	17521177
353337	P21554	VEVIHFDYDQIEBJ-GWQXNCQPSA-N	Ki	758.58	758.58	nM	17521177,17980589
353358	P21554	VEWBFNJDWKCEPL-UHFFFAOYSA-N	EC50	68.2	68.2	nM	18712856
353358	P21554	VEWBFNJDWKCEPL-UHFFFAOYSA-N	EC50	400.0	400.0	nM	19328683
353358	P21554	VEWBFNJDWKCEPL-UHFFFAOYSA-N	IC50	35.8	35.8	nM	18712856
353417	P21554	VEYCBGYNIPKZRJ-UHFFFAOYSA-N	Ke	3.5	3.5	nM	22372835
353417	P21554	VEYCBGYNIPKZRJ-UHFFFAOYSA-N	Ki	7.3	7.3	nM	22372835
353495	P21554	VFBDLAVMFPXUJE-UHFFFAOYSA-N	Ki	362.0	362.0	nM	19921781
353495	P21554	VFBDLAVMFPXUJE-UHFFFAOYSA-N	Ki	363.08	363.08	nM	19921781
353506	P21554	VFBQYYRPOZMAQL-UHFFFAOYSA-N	Kd	25.12	25.12	nM	16140010
353506	P21554	VFBQYYRPOZMAQL-UHFFFAOYSA-N	Ki	231.0	231.0	nM	16140010,21511945
353523	P21554	VFCBSIXZYGBWJK-UHFFFAOYSA-N	Activity	0.0	60.0	%	23017078
353568	P21554	VFDSCNHSAXUNJQ-FAAOLHSLSA-N	Ki	7.42	7.42	nM	12166938
353569	P21554	VFDSCNHSAXUNJQ-RNSMAMGESA-N	Ki	233.0	233.0	nM	12166938
353570	P21554	VFDSCNHSAXUNJQ-SKCJVYAUSA-N	Ki	185.0	185.0	nM	12166938
353571	P21554	VFDSCNHSAXUNJQ-VQSMPHGWSA-N	Ki	389.0	389.0	nM	12166938
353610	P21554	VFEXIBDWVDEXRE-CYBMUJFWSA-N	IC50	0.0	10000.0	nM	18440813
353656	P21554	VFGFUMIWYNRESZ-UHFFFAOYSA-N	Ki	1.7	1.7	nM	24182233
353668	P21554	VFGYFLXLYLUGDR-UHFFFAOYSA-N	IC50	398.11	398.11	nM	19406638
353725	P21554	VFIZIOKGQULDPV-UHFFFAOYSA-N	EC50	11.0	11.0	nM	19351113
353725	P21554	VFIZIOKGQULDPV-UHFFFAOYSA-N	Ki	4.7	4.7	nM	19351113
353725	P21554	VFIZIOKGQULDPV-UHFFFAOYSA-N	Ki	11.0	11.0	nM	19351113
353800	P21554	VFLISWQYADXVAI-UHFFFAOYSA-N	EC50	5.0	5.0	nM	22284817
353800	P21554	VFLISWQYADXVAI-UHFFFAOYSA-N	Emax	58.0	58.0	%	22284817
353895	P21554	VFPBKXHEWQRLLU-UHFFFAOYSA-N	EC50	4770.0	4770.0	nM	23795771
353895	P21554	VFPBKXHEWQRLLU-UHFFFAOYSA-N	Efficacy	30.4	30.4	%	23795771
353914	P21554	VFPXTPUNANYVKT-UHFFFAOYSA-N	EC50	0.0	10000.0	nM	23380378
354039	P21554	VFVDFPMMYPPLBL-UHFFFAOYSA-N	IC50	6.0	6.0	nM	20096577,19328684
354043	P21554	VFVGSWMMXVEWGL-UHFFFAOYSA-N	Inhibition	2.8	2.8	%	12672243
354079	P21554	VFWKLRQPRKIPLU-UHFFFAOYSA-N	Activity	44.0	44.0	%	19520572
354079	P21554	VFWKLRQPRKIPLU-UHFFFAOYSA-N	EC50	200.0	200.0	nM	19520572
354079	P21554	VFWKLRQPRKIPLU-UHFFFAOYSA-N	Inhibition	98.0	98.0	%	19520572
354079	P21554	VFWKLRQPRKIPLU-UHFFFAOYSA-N	Ki	287.0	287.0	nM	19520572
354141	P21554	VFZFMQYNVZKWNF-LJQANCHMSA-N	EC50	63.1	63.1	nM	21074434
354343	P21554	VGGJZHQRPQJWBN-UHFFFAOYSA-N	IC50	120.0	120.0	nM	20483606
354374	P21554	VGIATLSTGZJLSN-UHFFFAOYSA-N	IC50	1.2	1.2	nM	19954978
354425	P21554	VGJZMJBUVPQDLE-IBGZPJMESA-N	EC50	398.11	398.11	nM	21316962
354483	P21554	VGKXNIJYPLGLEG-UHFFFAOYSA-N	IC50	790.0	790.0	nM	20483606
354581	P21554	VGPHZQSTCRIBBO-UHFFFAOYSA-N	IC50	0.0	2000.0	nM	22421019
354581	P21554	VGPHZQSTCRIBBO-UHFFFAOYSA-N	Ki	3987.0	3987.0	nM	22421019
354599	P21554	VGPWTFYBPQKGKW-UHFFFAOYSA-N	Inhibition	94.0	94.0	%	20667724
354649	P21554	VGRQVFVWZJBWPH-GKFVBPDJSA-N	Ki	400.0	400.0	nM	16213718
354741	P21554	VGUGWQIQYFHRIN-UHFFFAOYSA-N	EC50	0.0	10000.0	nM	22130134
355034	P21554	VHDXCGPCIAFVQR-UHFFFAOYSA-N	Inhibition	70.0	70.0	%	14980654
355296	P21554	VHKBTPQDHDSBSP-UHFFFAOYSA-N	IC50	10000.0	10000.0	nM	17483457
355349	P21554	VHLATDWBMBTJCU-UHFFFAOYSA-N	Ki	1273.0	1273.0	nM	17884494
355460	P21554	VHPXHLMBOHUIJE-NRFANRHFSA-N	Ki	45.0	45.0	nM	17513109
355461	P21554	VHPXHLMBOHUIJE-OAQYLSRUSA-N	Ki	460.0	460.0	nM	17513109
355526	P21554	VHSIAYLBCLUAFT-UHFFFAOYSA-N	IC50	7.5	7.5	nM	19328684,16263284,20096577,20483606
355529	P21554	VHSKEFYYLMRWNZ-UHFFFAOYSA-N	Ki	370.0	370.0	nM	17507224
356006	P21554	VINHTJVUODOJSC-UHFFFAOYSA-N	Activity	106.3	106.3	%	24125850
356026	P21554	VIOMOPPOTQCWCZ-ZKWNWVNESA-N	Activity	26.0	26.0	%	19719235
356026	P21554	VIOMOPPOTQCWCZ-ZKWNWVNESA-N	Ki	2400.0	2400.0	nM	16213718
356038	P21554	VIOVMOGXVLOXHD-UHFFFAOYSA-N	EC50	948.0	948.0	nM	23795771
356038	P21554	VIOVMOGXVLOXHD-UHFFFAOYSA-N	Efficacy	89.8	89.8	%	23795771
356200	P21554	VIUVURBDFPEWAT-UHFFFAOYSA-N	Ki	360.0	360.0	nM	17507224
356324	P21554	VIZMJIBBZIYUDR-UHFFFAOYSA-N	Activity	0.91	0.91	pmol	18207393
356324	P21554	VIZMJIBBZIYUDR-UHFFFAOYSA-N	Activity	0.94	0.94	pmol	18207393
356327	P21554	VIZNNWKKQKFIOX-UOKFIYJESA-N	Kb	0.187	0.187	nM	18800770
356375	P21554	VJBPKNVTOBHLKX-UHFFFAOYSA-N	Kd	19.05	19.05	nM	18512901
356375	P21554	VJBPKNVTOBHLKX-UHFFFAOYSA-N	Ki	17.9	17.9	nM	18512901
356375	P21554	VJBPKNVTOBHLKX-UHFFFAOYSA-N	Ki	17.9	17.9	nM	18512901
356375	P21554	VJBPKNVTOBHLKX-UHFFFAOYSA-N	Ki	34.2	34.2	nM	18512901
356375	P21554	VJBPKNVTOBHLKX-UHFFFAOYSA-N	Ki	34.2	34.2	nM	18512901
356402	P21554	VJCOAHGJGIGIFQ-UHFFFAOYSA-N	EC50	4.6	4.6	nM	19320488
356402	P21554	VJCOAHGJGIGIFQ-UHFFFAOYSA-N	IC50	150.0	150.0	nM	19320488
356481	P21554	VJGBJSCFWTWOIR-WQLSENKSSA-N	Inhibition	42.0	42.0	%	MedChemComm, (2014) 5:5:632
356481	P21554	VJGBJSCFWTWOIR-WQLSENKSSA-N	Ki	10000.0	10000.0	nM	MedChemComm, (2014) 5:5:632
356540	P21554	VJHJNJPPFIIKQZ-ZIAGYGMSSA-N	Ki	168.0	168.0	nM	17521177
356540	P21554	VJHJNJPPFIIKQZ-ZIAGYGMSSA-N	Ki	169.82	169.82	nM	17521177,17980589
356554	P21554	VJHUXJGHYWMRJW-UHFFFAOYSA-N	Ki	8520.0	8520.0	nM	24141201
356760	P21554	VJRKAFPJRKTWQV-UHFFFAOYSA-N	Ki	2200.0	2200.0	nM	19921781
356760	P21554	VJRKAFPJRKTWQV-UHFFFAOYSA-N	Ki	2238.72	2238.72	nM	19921781
356942	P21554	VJYMFECSXKBOMY-BBMPLOMVSA-N	IC50	4.0	4.0	nM	22959249
356950	P21554	VJYZJHYIWIUYFE-UHFFFAOYSA-N	Ki	4000.0	4000.0	nM	24182233
357085	P21554	VKEAHNPKYMHYJJ-CBYNOBLXSA-N	Kb	66.6	66.6	nM	24900275
357085	P21554	VKEAHNPKYMHYJJ-CBYNOBLXSA-N	Ki	178.0	178.0	nM	24900275
357252	P21554	VKKPZNVBRKYDRR-UHFFFAOYSA-N	IC50	5.0	5.0	nM	20719511
357269	P21554	VKLHWQFWOJTEBS-UHFFFAOYSA-N	EC50	990.0	990.0	nM	18680277
357269	P21554	VKLHWQFWOJTEBS-UHFFFAOYSA-N	EC50	1100.0	1100.0	nM	18680277
357269	P21554	VKLHWQFWOJTEBS-UHFFFAOYSA-N	Emax	48.0	48.0	%	18680277
357269	P21554	VKLHWQFWOJTEBS-UHFFFAOYSA-N	Emax	92.0	92.0	%	18680277
357310	P21554	VKNDOFXTCCPRML-UHFFFAOYSA-N	EC50	0.0	32000.0	nM	PubChem BioAssay data set
357310	P21554	VKNDOFXTCCPRML-UHFFFAOYSA-N	IC50	2700.0	2700.0	nM	PubChem BioAssay data set
357350	P21554	VKPGPBCFBQHVAQ-UHFFFAOYSA-N	Inhibition	90.0	90.0	%	20667724
357408	P21554	VKQZPKBBQIUEAU-NPMXOYFQSA-N	IC50	5.1	5.1	nM	17293109
357609	P21554	VKXJDFPRMZJEGP-UHFFFAOYSA-N	Ki	202.0	202.0	nM	23406429
357625	P21554	VKYASPBNOSOSCP-UHFFFAOYSA-N	Activity	76.5	76.5	%	23164658
357625	P21554	VKYASPBNOSOSCP-UHFFFAOYSA-N	EC50	6380.0	6380.0	nM	23164658
357625	P21554	VKYASPBNOSOSCP-UHFFFAOYSA-N	Ki	2570.0	2570.0	nM	23164658
357742	P21554	VLCRLODYWJIILG-UHFFFAOYSA-N	Ki	1124.0	1124.0	nM	23350768
357843	P21554	VLGXPMQVNFFWTM-QZTJIDSGSA-N	Ki	0.0	3000.0	nM	20079638
357933	P21554	VLKHGUYUHYHUJC-UHFFFAOYSA-N	IC50	100.0	100.0	nM	22959249
357988	P21554	VLMJWSVJQMZYSE-UHFFFAOYSA-N	Inhibition	39.0	39.0	%	24378710
357988	P21554	VLMJWSVJQMZYSE-UHFFFAOYSA-N	Ki	0.0	40000.0	nM	24378710
358034	P21554	VLNYVUQPQVEPDW-UHFFFAOYSA-N	Ki	0.0	10000.0	nM	21872477
358140	P21554	VLRNWUFGTCSJDO-GGWOSOGESA-N	EC50	0.0	10000.0	nM	24900561
358140	P21554	VLRNWUFGTCSJDO-GGWOSOGESA-N	Efficacy	134.0	134.0	%	24900561
358140	P21554	VLRNWUFGTCSJDO-GGWOSOGESA-N	Ki	0.0	10000.0	nM	24900561
358170	P21554	VLSSJQHKVDZXCA-UHFFFAOYSA-N	Ki	0.0	10000.0	nM	18424134
358298	P21554	VLXCCHGDBPKKAK-UHFFFAOYSA-N	Activity	70.0	70.0	%	16279809
358298	P21554	VLXCCHGDBPKKAK-UHFFFAOYSA-N	Ki	7050.0	7050.0	nM	16279809
358431	P21554	VMBZIPBMLDAPBS-UHFFFAOYSA-N	EC50	251.0	251.0	nM	23147076
358431	P21554	VMBZIPBMLDAPBS-UHFFFAOYSA-N	Efficacy	94.0	94.0	%	23147076
358447	P21554	VMCNPERZTWTVQD-UHFFFAOYSA-N	EC50	0.0	32000.0	nM	PubChem BioAssay data set
358447	P21554	VMCNPERZTWTVQD-UHFFFAOYSA-N	IC50	15800.0	15800.0	nM	,PubChem BioAssay data set
358458	P21554	VMCSEFNEMZGBGH-UHFFFAOYSA-N	EC50	0.0	20000.0	nM	21354795
358733	P21554	VMMUWKMECZMPAH-UHFFFAOYSA-N	EC50	0.0	20000.0	nM	21354795
358738	P21554	VMMYWIVNOAUSPQ-UHFFFAOYSA-N	IC50	5.6	5.6	nM	19954978
358819	P21554	VMQKJBAFCRNHRE-UHFFFAOYSA-N	Ki	605.3	605.3	nM	Med Chem Res, (2013) 22:9:4133
358819	P21554	VMQKJBAFCRNHRE-UHFFFAOYSA-N	Ki	605.34	605.34	nM	Med Chem Res, (2013) 22:9:4133
358822	P21554	VMQPWINCJCWTLF-UHFFFAOYSA-N	IC50	5.37	5.37	nM	21334892
358981	P21554	VMWBKOHAYXYOPX-UHFFFAOYSA-N	IC50	3467.37	3467.37	nM	22370265
358981	P21554	VMWBKOHAYXYOPX-UHFFFAOYSA-N	Imax	108.0	108.0	%	22370265
358981	P21554	VMWBKOHAYXYOPX-UHFFFAOYSA-N	Ki	1548.82	1548.82	nM	22370265
359065	P21554	VMWZOMOQEMJIMP-UHFFFAOYSA-N	Ki	0.0	10000.0	nM	21996466
359066	P21554	VMXBSNRRWMNLOK-UHFFFAOYSA-N	Ki	0.0	10000.0	nM	22044209
359249	P21554	VNBSZADQGVZUID-UHFFFAOYSA-N	Activity	103.0	103.0	%	19520572
359249	P21554	VNBSZADQGVZUID-UHFFFAOYSA-N	EC50	1500.0	1500.0	nM	19520572
359249	P21554	VNBSZADQGVZUID-UHFFFAOYSA-N	Inhibition	95.0	95.0	%	19520572
359249	P21554	VNBSZADQGVZUID-UHFFFAOYSA-N	Ki	308.0	308.0	nM	19520572
359391	P21554	VNFWCKINCFNIHP-UHFFFAOYSA-N	IC50	21.0	21.0	nM	20015647
359395	P21554	VNGDQNLDGCYPFU-UHFFFAOYSA-N	Kb	310.6	310.6	nM	24635495
359505	P21554	VNILIMBZHPQFHO-GOSISDBHSA-N	Ke	7.0	7.0	nM	22372835
359505	P21554	VNILIMBZHPQFHO-GOSISDBHSA-N	Ki	11.84	11.84	nM	22372835
359507	P21554	VNILIMBZHPQFHO-SFHVURJKSA-N	Ke	62.0	62.0	nM	22372835
359507	P21554	VNILIMBZHPQFHO-SFHVURJKSA-N	Ki	77.9	77.9	nM	22372835
359524	P21554	VNIXBNUUGFHGQG-ZKWNWVNESA-N	Ki	1400.0	1400.0	nM	19053765
359540	P21554	VNJXNFKHKAGNBS-UHFFFAOYSA-N	EC50	336.0	336.0	nM	23147076
359540	P21554	VNJXNFKHKAGNBS-UHFFFAOYSA-N	Efficacy	91.0	91.0	%	23147076
359779	P21554	VNTJNTWECDSKEC-UHFFFAOYSA-N	EC50	6309.57	6309.57	nM	17027269
359779	P21554	VNTJNTWECDSKEC-UHFFFAOYSA-N	IC50	1258.93	1258.93	nM	17027269
359779	P21554	VNTJNTWECDSKEC-UHFFFAOYSA-N	IC50	1259.0	1259.0	nM	17027269
359823	P21554	VNVBKFYNXNMSCQ-UHFFFAOYSA-N	Activity	59.3	59.3	%	17915849
360094	P21554	VOFUENNZZZQQMS-UHFFFAOYSA-N	Ki	0.0	10000.0	nM	20718492
360277	P21554	VONCPMHORSQXFC-NRFANRHFSA-N	Ki	1923.0	1923.0	nM	15664857
360338	P21554	VOPPBYOHCAKAGC-UHFFFAOYSA-N	EC50	0.0	32000.0	nM	,PubChem BioAssay data set
360338	P21554	VOPPBYOHCAKAGC-UHFFFAOYSA-N	IC50	31500.0	31500.0	nM	,PubChem BioAssay data set
360570	P21554	VOXLJAMLZROGPM-UHFFFAOYSA-N	Ki	4.0	4.0	nM	16263283
360570	P21554	VOXLJAMLZROGPM-UHFFFAOYSA-N	Ki	5.0	5.0	nM	16263283
360707	P21554	VPBJQDBKZSHCPC-UHFFFAOYSA-N	Ki	87.0	87.0	nM	10465552
360707	P21554	VPBJQDBKZSHCPC-UHFFFAOYSA-N	Log Ki	1.94	1.94	nM	10882356
360740	P21554	VPCGQGULMIQIPB-UHFFFAOYSA-N	Ki	0.0	40000.0	nM	24378710
360807	P21554	VPFJJEBHYFVAOH-UHFFFAOYSA-N	EC50	0.0	32000.0	nM	,PubChem BioAssay data set
360807	P21554	VPFJJEBHYFVAOH-UHFFFAOYSA-N	IC50	3940.0	3940.0	nM	,PubChem BioAssay data set
361079	P21554	VPOKRYCJXVSFDL-UHFFFAOYSA-N	EC50	0.0	10000.0	nM	23380378
361098	P21554	VPPPQYGJLUELIH-UHFFFAOYSA-N	EC50	10.0	10.0	nM	21411321
361114	P21554	VPQPHFSKIKDKID-UHFFFAOYSA-N	EC50	139.0	139.0	nM	23147076
361114	P21554	VPQPHFSKIKDKID-UHFFFAOYSA-N	Efficacy	93.0	93.0	%	23147076
361252	P21554	VPVLVCLXJKWFTA-LUAWRHEFSA-N	Inhibition	40.0	40.0	%	MedChemComm, (2014) 5:5:632
361252	P21554	VPVLVCLXJKWFTA-LUAWRHEFSA-N	Ki	0.0	10000.0	nM	MedChemComm, (2014) 5:5:632
361577	P21554	VQGAYUYOVHVHFB-BCLNENTPSA-N	IC50	141.0	141.0	nM	21376588
361581	P21554	VQGDMQICNRCQEH-UFKXBGGNSA-N	Ki	245.0	245.0	nM	23865723
361583	P21554	VQGDMQICNRCQEH-ZNSGIYGDSA-N	Ki	245.0	245.0	nM	12747783
361804	P21554	VQOCBFYUDSBDCZ-UHFFFAOYSA-N	IC50	8.5	8.5	nM	20652930,23902803
361804	P21554	VQOCBFYUDSBDCZ-UHFFFAOYSA-N	Ki	3.0	3.0	nM	23902803
361804	P21554	VQOCBFYUDSBDCZ-UHFFFAOYSA-N	Ki	3.0	3.0	nM	23902803
361826	P21554	VQOOAQMFUGGWKX-HTAPYJJXSA-N	IC50	1.3	1.3	nM	17181138
361826	P21554	VQOOAQMFUGGWKX-HTAPYJJXSA-N	IC50	1.32	1.32	nM	19406638
361828	P21554	VQOOAQMFUGGWKX-UHFFFAOYSA-N	IC50	1.318	1.318	nM	19406638
361830	P21554	VQOWMIYJNKMYKK-ZDUSSCGKSA-N	Ki	2.5	2.5	nM	17466519
361936	P21554	VQUBPYAFRYWICQ-UHFFFAOYSA-N	EC50	0.0	10000.0	nM	23147076
362114	P21554	VRAAPPPBWYVIIW-UHFFFAOYSA-N	Ki	17.0	17.0	nM	17942307
362143	P21554	VRBFBZLCEMASTI-UHFFFAOYSA-N	EC50	0.0	32000.0	nM	,PubChem BioAssay data set
362143	P21554	VRBFBZLCEMASTI-UHFFFAOYSA-N	IC50	352.0	352.0	nM	,PubChem BioAssay data set
362306	P21554	VRGKJDHYJZFRMQ-FGZHOGPDSA-N	Ki	1657.0	1657.0	nM	24175572
362371	P21554	VRJHLQCRQKFOQK-UHFFFAOYSA-N	Ki	865.0	865.0	nM	23350768
362517	P21554	VRPKZOYEHQAUJH-UHFFFAOYSA-N	EC50	2550.0	2550.0	nM	21115245
362642	P21554	VRSHIHMJAASMBL-UHFFFAOYSA-N	Ki	242.0	242.0	nM	22437111
362646	P21554	VRSJAHQGJHDACS-UHFFFAOYSA-N	IC50	21700.0	21700.0	nM	PubChem BioAssay data set
362736	P21554	VRVLDRRTPIDVKF-UHFFFAOYSA-N	Ki	233.5	233.5	nM	20943290
362758	P21554	VRWLAMGTOMOJCH-UHFFFAOYSA-N	Ki	74.1	74.1	nM	21996466
362795	P21554	VRYKHTZYQIFBKP-UHFFFAOYSA-N	IC50	4.3	4.3	nM	20096577
362808	P21554	VRYXNVNTWFHKHF-UHFFFAOYSA-N	Ki	8.8	8.8	nM	24518874
362846	P21554	VSAGFURGDFIYMO-HJOGWXRNSA-N	Ki	2300.0	2300.0	nM	18831576
362869	P21554	VSBMBSWROSFQLX-UHFFFAOYSA-N	Inhibition	48.0	48.0	%	14980654
362889	P21554	VSCOIAJLULTJQV-UHFFFAOYSA-N	Ki	0.0	50.0	nM	19143566
363053	P21554	VSIACOBQBILWPO-UHFFFAOYSA-N	Ki	55.0	55.0	nM	21428406
363192	P21554	VSOOECPINLTQAY-UHFFFAOYSA-N	Ki	610.0	610.0	nM	24729834
363283	P21554	VSSFZGBPUHYYRJ-UHFFFAOYSA-N	Activity	74.0	74.0	%	18342403,MedChemComm, (2015) 6:11:1978
363551	P21554	VTAAKAFNMDGRKE-UHFFFAOYSA-N	Ki	406.0	406.0	nM	18522867
363585	P21554	VTAYCQBRFIDJBA-UHFFFAOYSA-N	Ke	0.3	0.3	nM	23098108
363585	P21554	VTAYCQBRFIDJBA-UHFFFAOYSA-N	Ki	1.2	1.2	nM	23098108
363736	P21554	VTFVYBYNSPOXNS-VFNWGFHPSA-N	Ki	33.0	33.0	nM	20018510
363804	P21554	VTIQOPXBRQFVHQ-UHFFFAOYSA-N	IC50	0.0	32000.0	nM	PubChem BioAssay data set
363825	P21554	VTJMJXFRSYOKKK-HNNXBMFYSA-N	Ki	4.9	4.9	nM	17466519
363867	P21554	VTLLAVPXORKAAO-UHFFFAOYSA-N	Inhibition	82.0	82.0	%	19520572
363867	P21554	VTLLAVPXORKAAO-UHFFFAOYSA-N	Ki	2593.0	2593.0	nM	19520572
363927	P21554	VTNSBOAHAFEBKI-UHFFFAOYSA-N	Activity	16.0	16.0	%	23679955
363927	P21554	VTNSBOAHAFEBKI-UHFFFAOYSA-N	Ki	0.0	10000.0	nM	23679955
363975	P21554	VTPKTMUCIXPGIJ-UHFFFAOYSA-N	Activity	87.0	87.0	%	18342403,MedChemComm, (2015) 6:11:1978
363975	P21554	VTPKTMUCIXPGIJ-UHFFFAOYSA-N	Ki	850.0	850.0	nM	18342403,MedChemComm, (2015) 6:11:1978
364304	P21554	VUAYHPSOKPDUPI-QXMHVHEDSA-N	Ki	3700.0	3700.0	nM	16213718
364350	P21554	VUCKSZWMRCSPME-DEOSSOPVSA-N	Ki	35.0	35.0	nM	18335976
364351	P21554	VUCKSZWMRCSPME-UHFFFAOYSA-N	EC50	11.0	11.0	nM	18335976
364351	P21554	VUCKSZWMRCSPME-UHFFFAOYSA-N	Ki	3.3	3.3	nM	18335976
364351	P21554	VUCKSZWMRCSPME-UHFFFAOYSA-N	Ki	3.3	3.3	nM	18335976
364351	P21554	VUCKSZWMRCSPME-UHFFFAOYSA-N	Ki	4.0	4.0	nM	18335976
364351	P21554	VUCKSZWMRCSPME-UHFFFAOYSA-N	Ki	35.0	35.0	nM	18335976
364354	P21554	VUCKSZWMRCSPME-XMMPIXPASA-N	EC50	8.0	8.0	nM	18335976
364354	P21554	VUCKSZWMRCSPME-XMMPIXPASA-N	Ki	3.3	3.3	nM	18335976
364370	P21554	VUCUVJOFUNNEBZ-YSSRZBRDSA-N	Ki	0.0	3000.0	nM	20079638
364563	P21554	VUJYIIWLRJBFNL-IRJALKPHSA-N	Emax	3.0	3.0	%	21420857
364563	P21554	VUJYIIWLRJBFNL-IRJALKPHSA-N	Emax	10.0	10.0	%	21420857
364563	P21554	VUJYIIWLRJBFNL-IRJALKPHSA-N	Emax	12.0	12.0	%	21420857
364563	P21554	VUJYIIWLRJBFNL-IRJALKPHSA-N	Emax	18.0	18.0	%	21420857
364563	P21554	VUJYIIWLRJBFNL-IRJALKPHSA-N	Emax	46.0	46.0	%	21420857
364563	P21554	VUJYIIWLRJBFNL-IRJALKPHSA-N	Emax	51.0	51.0	%	21420857
364563	P21554	VUJYIIWLRJBFNL-IRJALKPHSA-N	IC50	0.0	17000.0	nM	21420857
364563	P21554	VUJYIIWLRJBFNL-IRJALKPHSA-N	IC50	930.0	930.0	nM	21420857
364704	P21554	VUPNCHYSPJAHKY-UHFFFAOYSA-N	EC50	2.5	2.5	nM	19320488
364704	P21554	VUPNCHYSPJAHKY-UHFFFAOYSA-N	IC50	290.0	290.0	nM	19320488
364707	P21554	VUPQOVCMLDKRTO-MGPUTAFESA-N	IC50	29.8	29.8	nM	17293109
364716	P21554	VUPXFPKISNJNJD-UHFFFAOYSA-N	Activity	92.0	92.0	%	26575458
364716	P21554	VUPXFPKISNJNJD-UHFFFAOYSA-N	Activity	110.0	110.0	%	26575458
364716	P21554	VUPXFPKISNJNJD-UHFFFAOYSA-N	IC50	0.0	32000.0	nM	PubChem BioAssay data set
364768	P21554	VUROPKVYUGONAQ-UHFFFAOYSA-N	Activity	27.2	27.2	%	17915849
364778	P21554	VUSGRGCRFANYMJ-UHFFFAOYSA-N	IC50	7.943	7.943	nM	19338356
364778	P21554	VUSGRGCRFANYMJ-UHFFFAOYSA-N	Ki	0.3162	0.3162	nM	19338356
364778	P21554	VUSGRGCRFANYMJ-UHFFFAOYSA-N	Ki	0.32	0.32	nM	19338356
364792	P21554	VUTCGKUHSNNPKV-UHFFFAOYSA-N	Ki	215.0	215.0	nM	22738271
364885	P21554	VUVVUNWNTORMDJ-UHFFFAOYSA-N	Ki	18.0	18.0	nM	24182233
364961	P21554	VUYGWOYLRBYPBY-UHFFFAOYSA-N	EC50	913.0	913.0	nM	24461289
364961	P21554	VUYGWOYLRBYPBY-UHFFFAOYSA-N	Emax	87.0	87.0	%	24461289
365002	P21554	VUZHNYOEIQDLOI-UHFFFAOYSA-N	Inhibition	25.0	25.0	%	MedChemComm, (2014) 5:5:632
365002	P21554	VUZHNYOEIQDLOI-UHFFFAOYSA-N	Intrinsic activity	-31.0	-31.0	%	MedChemComm, (2014) 5:5:632
365002	P21554	VUZHNYOEIQDLOI-UHFFFAOYSA-N	Ki	0.0	10000.0	nM	MedChemComm, (2014) 5:5:632
365082	P21554	VVCVQUPLYXSISW-UHFFFAOYSA-N	Ki	0.0	10000.0	nM	16213718
365419	P21554	VVOAZFWZEDHOOU-UHFFFAOYSA-N	EC50	18300.0	18300.0	nM	24900561
365419	P21554	VVOAZFWZEDHOOU-UHFFFAOYSA-N	Efficacy	62.0	62.0	%	24900561
365419	P21554	VVOAZFWZEDHOOU-UHFFFAOYSA-N	Ki	3150.0	3150.0	nM	24900561
365530	P21554	VVSXNDPXUSHSID-UPCLLVRISA-N	IC50	0.0	2000.0	nM	17293109
365544	P21554	VVTHOFKODCZWHN-HZFOSRTRSA-N	Ki	28.8	28.8	nM	23085772
365634	P21554	VVXCVRUELPSRCH-UHFFFAOYSA-N	Activity	39.5	39.5	%	16392827
365747	P21554	VWBSOHOZRNXMFW-HTAPYJJXSA-N	IC50	49.2	49.2	nM	19632830
365773	P21554	VWCYVYNQGITEGA-UHFFFAOYSA-N	Ki	0.0	5000.0	nM	22444677
365892	P21554	VWHKMIMNGUMZLO-UHFFFAOYSA-N	IC50	290.0	290.0	nM	20667724
365939	P21554	VWIURPAVBBZINX-UHFFFAOYSA-N	Emax	59.5	59.5	fmol/mg	24053617
365939	P21554	VWIURPAVBBZINX-UHFFFAOYSA-N	Kb	2594.0	2594.0	nM	24053617
366018	P21554	VWNBBTPIOGZODA-UHFFFAOYSA-N	IC50	316.23	316.23	nM	19338356
366025	P21554	VWNILVMVTRRZKJ-IFXJQAMLSA-N	IC50	16.0	16.0	nM	17293109
366112	P21554	VWRJSJAYKVMVKJ-HDDXYUSQSA-N	Ki	0.0	10000.0	nM	22738271
366117	P21554	VWRJSJAYKVMVKJ-TWLOVUBOSA-N	Ki	0.0	10000.0	nM	22738271
366120	P21554	VWRJSJAYKVMVKJ-UHFFFAOYSA-N	Ki	0.0	10000.0	nM	22738271
366138	P21554	VWRXGNJCEZNZLF-UHFFFAOYSA-N	Ki	0.0	10000.0	nM	19921781
366143	P21554	VWSBOANHCBAQPD-UHFFFAOYSA-N	Activity	10.0	0.0	%	17915849
366228	P21554	VWUUFSORVXGKJO-YFHOEESVSA-N	Inhibition	7.0	7.0	%	MedChemComm, (2014) 5:5:632
366228	P21554	VWUUFSORVXGKJO-YFHOEESVSA-N	Ki	0.0	10000.0	nM	MedChemComm, (2014) 5:5:632
366351	P21554	VWZRUULACALJDQ-UHFFFAOYSA-N	IC50	0.0	2000.0	nM	22421019
366351	P21554	VWZRUULACALJDQ-UHFFFAOYSA-N	Ki	0.0	5000.0	nM	22421019
366406	P21554	VXCPTRRVQGVIOH-UHFFFAOYSA-N	Kd	189.0	189.0	nM	10633038
366591	P21554	VXJZFSDRFQFZOU-UHFFFAOYSA-N	EC50	510.0	510.0	nM	19328683
366627	P21554	VXLOUNWARGZFRH-UHFFFAOYSA-N	EC50	0.0	1000.0	nM	18680277
366627	P21554	VXLOUNWARGZFRH-UHFFFAOYSA-N	EC50	1200.0	1200.0	nM	18680277
366627	P21554	VXLOUNWARGZFRH-UHFFFAOYSA-N	Emax	20.0	20.0	%	18680277
366627	P21554	VXLOUNWARGZFRH-UHFFFAOYSA-N	Emax	65.0	65.0	%	18680277
366674	P21554	VXNKJKLELURPEJ-RESCNRSOSA-N	Ki	11.0	11.0	nM	23085772
366695	P21554	VXOFKEPQXWJWIW-WOJBJXKFSA-N	Ki	122.0	122.0	nM	24175572
366869	P21554	VXUUAXTWRYYHGE-HTAPYJJXSA-N	IC50	19.5	19.5	nM	19632830
366891	P21554	VXVYAAXIGIEBPP-FQEVSTJZSA-N	Kd	31.62	31.62	nM	16140010
366891	P21554	VXVYAAXIGIEBPP-FQEVSTJZSA-N	Ki	763.0	763.0	nM	16140010
366892	P21554	VXVYAAXIGIEBPP-HXUWFJFHSA-N	Kd	1.995	1.995	nM	16140010,20137935
366892	P21554	VXVYAAXIGIEBPP-HXUWFJFHSA-N	Ki	58.0	58.0	nM	16140010,20137935
366894	P21554	VXVYAAXIGIEBPP-UHFFFAOYSA-N	Kd	1.995	1.995	nM	16140010,20137935,19699640
366894	P21554	VXVYAAXIGIEBPP-UHFFFAOYSA-N	Ki	152.0	152.0	nM	16140010,20137935,19699640
366963	P21554	VXYIJMBVCMJECP-UHFFFAOYSA-N	Emax	61.4	61.4	fmol/mg	24053617
366963	P21554	VXYIJMBVCMJECP-UHFFFAOYSA-N	Kb	259.7	259.7	nM	24053617
367025	P21554	VYCBHDCXQUZIJV-UHFFFAOYSA-N	Activity	32.6	32.6	%	16392827
367071	P21554	VYDCJJLOXCGZJB-RUZDIDTESA-N	IC50	1.3	1.3	nM	20423086
367106	P21554	VYEGAWQNIZFURW-UHFFFAOYSA-N	EC50	0.0	10000.0	nM	23147076
367134	P21554	VYFMSGVLCVICHB-DNQXCXABSA-N	Ki	19.0	19.0	nM	9784115
367136	P21554	VYFNDLCEKZBSJH-UHFFFAOYSA-N	EC50	0.0	10000.0	nM	23147076
367294	P21554	VYKBDKZHAWIIJI-UHFFFAOYSA-N	Ki	260.0	260.0	nM	17561406
367323	P21554	VYKSAVBDBXOESA-UHFFFAOYSA-N	Ke	4097.0	4097.0	nM	22372835
367339	P21554	VYLFPGWPSXCAAB-UHFFFAOYSA-N	Activity	78.0	78.0	%	18342403
367371	P21554	VYMLJPCBWASBSV-UHFFFAOYSA-N	Ki	1118.0	1118.0	nM	23697626
367388	P21554	VYMYVFYIWQAGTQ-UHFFFAOYSA-N	Ki	0.0	3000.0	nM	23151320
367621	P21554	VYXIQOKGCRKRTK-UHFFFAOYSA-N	IC50	25.0	25.0	nM	22959249
367627	P21554	VYXVAROCVRXSDX-PKNBQFBNSA-N	Activity	0.0	10.0	%	21074998
367627	P21554	VYXVAROCVRXSDX-PKNBQFBNSA-N	IC50	0.0	10000.0	nM	21074998
367627	P21554	VYXVAROCVRXSDX-PKNBQFBNSA-N	Ki	0.0	10000.0	nM	21074998
367698	P21554	VZADTQBJFLJQCA-UHFFFAOYSA-N	Ki	150.0	150.0	nM	19595596
367702	P21554	VZAFOXSCFBBHKO-UHFFFAOYSA-N	Activity	54.1	54.1	%	24125850
367895	P21554	VZGVIFSMXCJKCQ-UHFFFAOYSA-N	Ki	0.0	5000.0	nM	18522867
368032	P21554	VZLUFDGAEWMBID-UHFFFAOYSA-N	Ki	0.0	10000.0	nM	21428406
368080	P21554	VZONQUSMLYLWIQ-UHFFFAOYSA-N	Inhibition	35.8	35.8	%	12672243
368095	P21554	VZPDFSOLBKFEDK-AWEZNQCLSA-N	Ki	60.7	60.7	nM	17466519
368125	P21554	VZQAFGHBPVDJEB-UHFFFAOYSA-N	IC50	34.0	34.0	nM	20047779
368125	P21554	VZQAFGHBPVDJEB-UHFFFAOYSA-N	Ki	1.1	1.1	nM	20047779
368125	P21554	VZQAFGHBPVDJEB-UHFFFAOYSA-N	Ki	1.1	1.1	nM	20047779
368172	P21554	VZSFWNVQRNQZRN-MRXNPFEDSA-N	Ki	610.0	610.0	nM	20971001
368198	P21554	VZTNOHFMVINHMF-UHFFFAOYSA-N	Ki	620.0	620.0	nM	17942307
368250	P21554	VZVKCHVLMNXLHW-UHFFFAOYSA-N	Kd	1.995	1.995	nM	15771428
368250	P21554	VZVKCHVLMNXLHW-UHFFFAOYSA-N	Ki	106.0	106.0	nM	15771428
368320	P21554	VZYCAUIYIZSPQY-UHFFFAOYSA-N	EC50	56.0	56.0	nM	22916707
368320	P21554	VZYCAUIYIZSPQY-UHFFFAOYSA-N	Inhibition	93.0	93.0	%	22916707
368320	P21554	VZYCAUIYIZSPQY-UHFFFAOYSA-N	Ki	32.0	32.0	nM	22916707
368349	P21554	VZYNEVSTJOMLFB-UHFFFAOYSA-N	Activity	1.0	1.0	%	23697626
368349	P21554	VZYNEVSTJOMLFB-UHFFFAOYSA-N	Ki	0.0	10000.0	nM	23697626
368448	P21554	WADFFGDAIJGNFH-MHECFPHRSA-N	IC50	1.5	1.5	nM	17181138
368448	P21554	WADFFGDAIJGNFH-MHECFPHRSA-N	IC50	1.51	1.51	nM	19406638
368450	P21554	WADFFGDAIJGNFH-UHFFFAOYSA-N	IC50	1.514	1.514	nM	19406638
368586	P21554	WAIRTCARYFZMLE-UHFFFAOYSA-N	Displacement	42.8	42.8	%	15801840
368841	P21554	WARXHNZFOLIEBN-UHFFFAOYSA-N	EC50	0.0	20000.0	nM	21354795
368924	P21554	WAUKAQAVXNKWTO-UHFFFAOYSA-N	Inhibition	62.0	62.0	%	19520572
368924	P21554	WAUKAQAVXNKWTO-UHFFFAOYSA-N	Ki	7490.0	7490.0	nM	19520572
368938	P21554	WAVFWCJMJRGYQT-QFIPXVFZSA-N	Ki	0.0	5000.0	nM	18522867
369210	P21554	WBFYZMXEXKRUJU-UHFFFAOYSA-N	EC50	0.0	100000.0	nM	23795771
369497	P21554	WBROYFRREDXBEY-UHFFFAOYSA-N	Ki	72.44	72.44	nM	19921781
369497	P21554	WBROYFRREDXBEY-UHFFFAOYSA-N	Ki	73.0	73.0	nM	19921781
369605	P21554	WBVXNTIOPAQNPN-UHFFFAOYSA-N	EC50	10000.0	10000.0	nM	19743867
369605	P21554	WBVXNTIOPAQNPN-UHFFFAOYSA-N	Efficacy	45.0	45.0	%	19743867
369608	P21554	WBWAIAQQPSJRLP-HSZRJFAPSA-N	IC50	0.3	0.3	nM	20423086
369908	P21554	WCHVNGMNPCXFCG-UHFFFAOYSA-N	Ki	0.0	3000.0	nM	20979417
369946	P21554	WCIURNCHFIBBPS-UHFFFAOYSA-N	Ki	1250.0	1250.0	nM	24729834
369965	P21554	WCJNIYXXISGTAE-UHFFFAOYSA-N	Ki	1400.0	1400.0	nM	19091565
370059	P21554	WCMVJSIVDUZGFJ-UHFFFAOYSA-N	Inhibition	14.0	14.0	%	21923175
370334	P21554	WCXIQMXHYGYQBH-UHFFFAOYSA-N	Ki	0.0	5000.0	nM	18522867
370356	P21554	WCYFXIAPEXIKJF-UHFFFAOYSA-N	IC50	52.0	52.0	nM	15664830
370533	P21554	WDFBPYPFEHXVSP-UHFFFAOYSA-N	Ki	613.0	613.0	nM	23679955
370916	P21554	WDTACHWUGYMONQ-UHFFFAOYSA-N	Activity	37.0	37.0	%	23697626
370916	P21554	WDTACHWUGYMONQ-UHFFFAOYSA-N	Ki	0.0	10000.0	nM	23697626
371029	P21554	WDXOXGNQRSWJIY-UHFFFAOYSA-N	Ki	110.0	110.0	nM	17513109
371153	P21554	WEBBZZZWMVCFNK-UHFFFAOYSA-N	Kb	1580.0	1580.0	nM	24635495
371219	P21554	WECZZLGHVJQSIA-DOYPJHNISA-N	Ki	221.0	221.0	nM	21675776
371281	P21554	WEFBQZCZMPRNBJ-UHFFFAOYSA-N	IC50	6000.0	6000.0	nM	15713403
371281	P21554	WEFBQZCZMPRNBJ-UHFFFAOYSA-N	IC50	6025.6	6025.6	nM	19406638
371386	P21554	WEKDKLBOHJXBIR-UHFFFAOYSA-N	Activity	10.0	10.0	%	19500981
371428	P21554	WEMHPTQJUJFIJK-UHFFFAOYSA-N	Ki	698.0	698.0	nM	22548457
371451	P21554	WENLBRLGGKESMP-UHFFFAOYSA-N	Inhibition	23.0	23.0	%	22916707
371451	P21554	WENLBRLGGKESMP-UHFFFAOYSA-N	Ki	4740.0	4740.0	nM	22916707
371519	P21554	WERDYYMJAKNKQG-UHFFFAOYSA-N	Activity	0.0	60.0	%	23017078
371519	P21554	WERDYYMJAKNKQG-UHFFFAOYSA-N	Ki	562.0	562.0	nM	23017078
371614	P21554	WEVOFRYSYXJTPA-UHFFFAOYSA-N	IC50	878.0	878.0	nM	24445310
371614	P21554	WEVOFRYSYXJTPA-UHFFFAOYSA-N	Inhibition	96.5	96.5	%	24445310
371664	P21554	WEYCXMJNFXQFNI-UHFFFAOYSA-N	Activity	44.5	44.5	%	17915849
371664	P21554	WEYCXMJNFXQFNI-UHFFFAOYSA-N	Activity	79.7	79.7	%	16392793
371664	P21554	WEYCXMJNFXQFNI-UHFFFAOYSA-N	Activity	82.1	82.1	%	17915849
371664	P21554	WEYCXMJNFXQFNI-UHFFFAOYSA-N	Ki	1045.0	1045.0	nM	16392793
371722	P21554	WFARREJAFLTZPO-UHFFFAOYSA-N	Activity	36.7	36.7	%	17915849
371722	P21554	WFARREJAFLTZPO-UHFFFAOYSA-N	Ki	0.0	3000.0	nM	25699149
371767	P21554	WFCZPOAKONTBIC-UHFFFAOYSA-N	IC50	39.0	39.0	nM	17270441
371909	P21554	WFKJYCAFDGXXRO-UHFFFAOYSA-N	Activity	15.0	0.0	%	16451053
372182	P21554	WFSIPPRGSJMRMA-UHFFFAOYSA-N	Ki	6183.0	6183.0	nM	17884494
372236	P21554	WFUDPWLCEJSWBC-UHFFFAOYSA-N	Ki	28.0	28.0	nM	18335976
372297	P21554	WFWBXXSAZDINNP-SIBVEZHUSA-N	Ki	4.2	4.2	nM	20018510
372354	P21554	WFYALYNJYYGABN-UHFFFAOYSA-N	Ki	5.0	5.0	nM	24182233
372354	P21554	WFYALYNJYYGABN-UHFFFAOYSA-N	Ki	5.0	5.0	nM	24182233
372411	P21554	WGANSTLQKROOFT-UHFFFAOYSA-N	Ki	518.9	518.9	nM	20943290
372448	P21554	WGBXCFFEQOKHNE-UHFFFAOYSA-N	EC50	8.1	8.1	nM	23227781
372448	P21554	WGBXCFFEQOKHNE-UHFFFAOYSA-N	Emax	110.0	110.0	%	23227781
372448	P21554	WGBXCFFEQOKHNE-UHFFFAOYSA-N	IC50	4.3	4.3	nM	23227781
372512	P21554	WGEMJULJOYKTBN-UHFFFAOYSA-N	Ki	0.0	1000.0	nM	,None,19230659
372519	P21554	WGERETUYZPYUKK-UHFFFAOYSA-N	Activity	84.8	84.8	%	24125850
372629	P21554	WGIPGQAPFNVWIX-UHFFFAOYSA-N	Ki	3.4	3.4	nM	19767206
372655	P21554	WGIPGQAPFNVWIX-XXFZXMJFSA-N	Ki	3.4	3.4	nM	19767206
372694	P21554	WGKCYRNWFRCSGK-WAIKUNEKSA-N	Ki	467.0	467.0	nM	20018510
372825	P21554	WGPQQSBYSCRPJE-UHFFFAOYSA-N	IC50	7.0	7.0	nM	15664830
372969	P21554	WGUQNXILGCVNIV-QXMHVHEDSA-N	Ki	5400.0	5400.0	nM	16213718
373257	P21554	WHFDUZQMHSPVLQ-UHFFFAOYSA-N	Activity	37.0	37.0	%	19500981
373257	P21554	WHFDUZQMHSPVLQ-UHFFFAOYSA-N	EC50	14000.0	14000.0	nM	19500981
373293	P21554	WHGWQZZKOMMVQS-FNZWTVRRSA-N	Ki	13.0	13.0	nM	20018510
373321	P21554	WHHNPKDWXUKGLJ-UHFFFAOYSA-N	Ki	91.0	91.0	nM	19921781
373321	P21554	WHHNPKDWXUKGLJ-UHFFFAOYSA-N	Ki	91.2	91.2	nM	19921781
373325	P21554	WHHUKRUIJNQEMC-UHFFFAOYSA-N	EC50	0.0	10000.0	nM	22130134
373448	P21554	WHMLWXOXVBGRER-UHFFFAOYSA-N	Ki	97.2	97.2	nM	20943290
373479	P21554	WHNNOHLGTSGBMC-SZUFIYSYSA-N	Emax	28.0	28.0	%	21420857
373479	P21554	WHNNOHLGTSGBMC-SZUFIYSYSA-N	Emax	95.0	95.0	%	21420857
373479	P21554	WHNNOHLGTSGBMC-SZUFIYSYSA-N	IC50	0.0	17000.0	nM	21420857
373479	P21554	WHNNOHLGTSGBMC-SZUFIYSYSA-N	IC50	4247.0	4247.0	nM	21420857
373482	P21554	WHNNOHLGTSGBMC-UNWVZKJWSA-N	Emax	15.0	15.0	%	21420857
373482	P21554	WHNNOHLGTSGBMC-UNWVZKJWSA-N	IC50	0.0	17000.0	nM	21420857
373570	P21554	WHRUOZWUQLHKAN-UHFFFAOYSA-N	EC50	0.0	31622.8	nM	20005703
373730	P21554	WHWQEVQBWRYYLL-ZHACJKMWSA-N	Ki	2400.0	2400.0	nM	16213718
373734	P21554	WHWVZMKQQBJZQV-ODLFYWEKSA-N	Intrinsic activity	-44.0	-44.0	%	MedChemComm, (2014) 5:5:632
373734	P21554	WHWVZMKQQBJZQV-ODLFYWEKSA-N	Ki	3180.0	3180.0	nM	MedChemComm, (2014) 5:5:632
373860	P21554	WIAPWRWFWPMXNO-UHFFFAOYSA-N	Ki	600.0	600.0	nM	24378710
373995	P21554	WIFMWPHYILJXFS-UHFFFAOYSA-N	Activity	79.1	79.1	%	16451053
373995	P21554	WIFMWPHYILJXFS-UHFFFAOYSA-N	EC50	1234.0	1234.0	nM	16451053
373995	P21554	WIFMWPHYILJXFS-UHFFFAOYSA-N	Emax	-48.6	-48.6	%	16451053
373995	P21554	WIFMWPHYILJXFS-UHFFFAOYSA-N	Ki	905.0	905.0	nM	16451053
374050	P21554	WIHMMKGUBDZGEG-UHFFFAOYSA-N	Inhibition	22.0	22.0	%	17867665
374105	P21554	WIIKQPYVNBGCKQ-MDZDMXLPSA-N	Ki	0.0	10000.0	nM	16213718
374318	P21554	WIQGPWFZPISYFW-UHFFFAOYSA-N	IC50	0.52	0.52	nM	19954978
374319	P21554	WIQKQADUKUIMKN-UHFFFAOYSA-N	Ki	0.0	5000.0	nM	21867920
374368	P21554	WIRGEKDFDJEPRE-UHFFFAOYSA-N	Ki	42.0	42.0	nM	11020293
374392	P21554	WISKPMADFGRBHA-UHFFFAOYSA-N	Ki	32.33	32.33	nM	18448340
374409	P21554	WISXXMDPHANXTP-UHFFFAOYSA-N	Ki	260.0	260.0	nM	21702498
374420	P21554	WITLAKUTNJGTNP-UHFFFAOYSA-N	Ki	0.25	0.25	nM	24900484
374420	P21554	WITLAKUTNJGTNP-UHFFFAOYSA-N	Ki	0.72	0.72	nM	24900484
374444	P21554	WIUAZKNCWYGPFK-UHFFFAOYSA-N	Kd	0.1585	0.1585	nM	20047331
374444	P21554	WIUAZKNCWYGPFK-UHFFFAOYSA-N	Ki	14.0	14.0	nM	20047331
374585	P21554	WIYSIMPCTASBLD-UHFFFAOYSA-N	Ki	560.0	560.0	nM	18579386
374658	P21554	WJAPFKRDKPDSGT-VZKPYBMVSA-N	Emax	6.0	6.0	%	21420857
374658	P21554	WJAPFKRDKPDSGT-VZKPYBMVSA-N	IC50	0.0	17000.0	nM	21420857
374660	P21554	WJAPFKRDKPDSGT-ZRTMLZEBSA-N	Emax	34.0	34.0	%	21420857
374660	P21554	WJAPFKRDKPDSGT-ZRTMLZEBSA-N	IC50	0.0	17000.0	nM	21420857
374821	P21554	WJFKNYWRSNBZNX-UHFFFAOYSA-N	IC50	24857.0	24857.0	nM	DrugMatrix in vitro pharmacology data
374821	P21554	WJFKNYWRSNBZNX-UHFFFAOYSA-N	Ki	19624.0	19624.0	nM	DrugMatrix in vitro pharmacology data
374904	P21554	WJIGHUGYXGIACQ-UHFFFAOYSA-N	EC50	0.0	10000.0	nM	22130134
375127	P21554	WJUDQYUANGIYRE-UHFFFAOYSA-N	Activity	59.0	59.0	%	17915849
375142	P21554	WJUVSNCUWAFSTF-UHFFFAOYSA-N	Ki	339.0	339.0	nM	17884494
375195	P21554	WJXDNXGFJBBWTC-UHFFFAOYSA-N	Ki	2400.0	2400.0	nM	19595596
375261	P21554	WJYJXBAVHNQGLP-UHFFFAOYSA-N	Ki	0.0	20000.0	nM	23072339
375325	P21554	WKAVEQJVTBXJAM-UHFFFAOYSA-N	Ki	0.0	10000.0	nM	20718492,21183257
375473	P21554	WKGLRZUKOWJGKM-UHFFFAOYSA-N	EC50	0.9	0.9	nM	18680277
375473	P21554	WKGLRZUKOWJGKM-UHFFFAOYSA-N	EC50	710.0	710.0	nM	18680277
375473	P21554	WKGLRZUKOWJGKM-UHFFFAOYSA-N	Emax	57.0	57.0	%	18680277
375473	P21554	WKGLRZUKOWJGKM-UHFFFAOYSA-N	Emax	82.0	82.0	%	18680277
375513	P21554	WKIPITWCGDNMDT-UHFFFAOYSA-N	Inhibition	96.0	96.0	%	18083560
375513	P21554	WKIPITWCGDNMDT-UHFFFAOYSA-N	Ki	97.0	97.0	nM	18083560
375612	P21554	WKNAGULJPIOHGJ-UHFFFAOYSA-N	Activity	39.0	39.0	%	23697626
375612	P21554	WKNAGULJPIOHGJ-UHFFFAOYSA-N	Ki	0.0	10000.0	nM	23697626
376086	P21554	WLFGLGDDDYUWMO-UHFFFAOYSA-N	Ki	0.0	10000.0	nM	22044209
376170	P21554	WLHJLEXNCPIFTG-UHFFFAOYSA-N	Ki	14.0	14.0	nM	11020293
376301	P21554	WLMBSKSEPQCRJV-OAHLLOKOSA-N	Activity	0.0	50.0	%	20045645
376429	P21554	WLPATBCIJAUBDH-UHFFFAOYSA-N	Ki	1400.0	1400.0	nM	17507224
376448	P21554	WLPPOOUNJPNWKJ-UHFFFAOYSA-N	Ki	0.0	10000.0	nM	19143566
376623	P21554	WLVORWCZCJGRGP-UHFFFAOYSA-N	EC50	0.0	1000.0	nM	18680277
376623	P21554	WLVORWCZCJGRGP-UHFFFAOYSA-N	EC50	0.0	10000.0	nM	18680277
376654	P21554	WLWQLJYOYMGFPD-UHFFFAOYSA-N	IC50	1.7	1.7	nM	20423086
376878	P21554	WMGKBTIYUNMURT-UHFFFAOYSA-N	EC50	10000.0	10000.0	nM	19864133
376878	P21554	WMGKBTIYUNMURT-UHFFFAOYSA-N	Efficacy	13.0	13.0	%	19864133
377073	P21554	WMNURCXVCQHWLM-FPOVZHCZSA-N	Kb	0.9	0.9	nM	17383180
377073	P21554	WMNURCXVCQHWLM-FPOVZHCZSA-N	Ki	5.0	5.0	nM	17383180
377074	P21554	WMNURCXVCQHWLM-UHFFFAOYSA-N	Ki	5.0	5.0	nM	17383180
377151	P21554	WMQNLNPOKQFHIS-UHFFFAOYSA-N	Ki	2380.0	2380.0	nM	22548457
377157	P21554	WMQVQLOKVOAXEW-UHFFFAOYSA-N	IC50	1300.0	1300.0	nM	18006322
377243	P21554	WMUJYYUDTFNFSX-UHFFFAOYSA-N	Activity	64.0	64.0	%	18342403
377333	P21554	WMXPIHKERNPMAP-UHFFFAOYSA-N	EC50	461.0	461.0	nM	16451053
377333	P21554	WMXPIHKERNPMAP-UHFFFAOYSA-N	Ki	692.0	692.0	nM	16451053
377392	P21554	WMZZLLUSLFAGGN-UHFFFAOYSA-N	Activity	10.0	0.0	%	16392793
377437	P21554	WNBYYNNSUGNUKC-UHFFFAOYSA-N	EC50	0.0	10000.0	nM	19062274
377437	P21554	WNBYYNNSUGNUKC-UHFFFAOYSA-N	Emax	7.0	7.0	%	19062274
377521	P21554	WNEJQZXNUUXBPY-UHFFFAOYSA-N	IC50	1.3	1.3	nM	20483606
377602	P21554	WNIKBWSRQFAMIH-FQEVSTJZSA-N	IC50	103.5	103.5	nM	18754613
377602	P21554	WNIKBWSRQFAMIH-FQEVSTJZSA-N	Ki	17.4	17.4	nM	18754613
377604	P21554	WNIKBWSRQFAMIH-HXUWFJFHSA-N	IC50	1.9	1.9	nM	18754613
377604	P21554	WNIKBWSRQFAMIH-HXUWFJFHSA-N	Ki	0.3	0.3	nM	18754613
377624	P21554	WNJDEXBWZNHXJT-UHFFFAOYSA-N	EC50	0.6	0.6	nM	19320488
377624	P21554	WNJDEXBWZNHXJT-UHFFFAOYSA-N	IC50	700.0	700.0	nM	19320488
377661	P21554	WNKLJQSFIHJYLB-UHFFFAOYSA-N	Ki	0.0	10000.0	nM	20031412
377797	P21554	WNQMPNPTBHEOND-UHFFFAOYSA-N	Ki	36.0	36.0	nM	19595596
377888	P21554	WNTQSHUJNJVHSS-UHFFFAOYSA-N	Displacement	30.2	30.2	%	10465552
377888	P21554	WNTQSHUJNJVHSS-UHFFFAOYSA-N	Displacement	72.1	72.1	%	11960486,10465552
378012	P21554	WNXQBBUGKOCHSZ-UHFFFAOYSA-N	Kd	0.7943	0.7943	nM	15771428
378012	P21554	WNXQBBUGKOCHSZ-UHFFFAOYSA-N	Ki	35.0	35.0	nM	15771428
378371	P21554	WOJIUTKWJQPBIU-SOFGYWHQSA-N	Activity	0.0	10.0	%	21074998
378371	P21554	WOJIUTKWJQPBIU-SOFGYWHQSA-N	IC50	0.0	10000.0	nM	21074998
378371	P21554	WOJIUTKWJQPBIU-SOFGYWHQSA-N	Ki	0.0	10000.0	nM	21074998
378433	P21554	WOLXXMBHIMTGNW-CISYCMJJSA-N	IC50	0.0	500.0	nM	22959249
378528	P21554	WOPRDVHBRJFDQW-UHFFFAOYSA-N	IC50	460.0	460.0	nM	15713403
378528	P21554	WOPRDVHBRJFDQW-UHFFFAOYSA-N	IC50	467.74	467.74	nM	19406638
378572	P21554	WORIMYADZQJWOU-UHFFFAOYSA-N	EC50	10.0	10.0	nM	17027269
378572	P21554	WORIMYADZQJWOU-UHFFFAOYSA-N	IC50	0.79	0.79	nM	17027269
378572	P21554	WORIMYADZQJWOU-UHFFFAOYSA-N	IC50	0.7943	0.7943	nM	17027269
378572	P21554	WORIMYADZQJWOU-UHFFFAOYSA-N	Ki	3.0	3.0	nM	18255291
378661	P21554	WOUBCSVRQLAOBC-UHFFFAOYSA-N	Inhibition	-33.0	-33.0	%	17367122
378668	P21554	WOUGNVGXCUXHJS-UHFFFAOYSA-N	Ki	204.0	204.0	nM	11020293
378792	P21554	WOYDDTBWSDVBRX-DOYOODFSSA-N	Ki	8600.0	8600.0	nM	18831576
378838	P21554	WOZZHRHUEJYPSI-UHFFFAOYSA-N	EC50	1.995	1.995	nM	21411321
378951	P21554	WPEHFDALSJCGER-NRFANRHFSA-N	Ki	478.0	478.0	nM	15664857
378951	P21554	WPEHFDALSJCGER-NRFANRHFSA-N	Ki	478.0	478.0	nM	15664857
379095	P21554	WPKJEYWYQDLZOQ-NRUSHDPLSA-N	EC50	0.0	50000.0	nM	23865723
379234	P21554	WPOQPPHPEASCBW-UHFFFAOYSA-N	Ke	1964.0	1964.0	nM	23098108
379294	P21554	WPRAKPWZKPAUDQ-PVWVTXCKSA-N	IC50	41.8	41.8	nM	17293109
379420	P21554	WPWIYVXRDZNMPU-UHFFFAOYSA-N	EC50	40.0	40.0	nM	23227781
379420	P21554	WPWIYVXRDZNMPU-UHFFFAOYSA-N	Emax	100.0	100.0	%	23227781
379420	P21554	WPWIYVXRDZNMPU-UHFFFAOYSA-N	IC50	16000.0	16000.0	nM	23227781
379438	P21554	WPWVKRXNRXHFQK-UHFFFAOYSA-N	EC50	0.0	32000.0	nM	PubChem BioAssay data set
379438	P21554	WPWVKRXNRXHFQK-UHFFFAOYSA-N	IC50	0.0	32000.0	nM	,PubChem BioAssay data set
379588	P21554	WQBUINHMZYLQHL-UHFFFAOYSA-N	Activity	81.2	81.2	%	16451053
379588	P21554	WQBUINHMZYLQHL-UHFFFAOYSA-N	EC50	461.0	461.0	nM	16451053
379588	P21554	WQBUINHMZYLQHL-UHFFFAOYSA-N	Emax	-19.3	-19.3	%	16451053
379588	P21554	WQBUINHMZYLQHL-UHFFFAOYSA-N	Ki	692.0	692.0	nM	16451053
379592	P21554	WQBVLJVAODRZPH-UHFFFAOYSA-N	Ki	130.0	130.0	nM	17561406
379602	P21554	WQCVKQKJPUHDNW-UHFFFAOYSA-N	Ki	9.0	9.0	nM	24182233
379602	P21554	WQCVKQKJPUHDNW-UHFFFAOYSA-N	Ki	9.0	9.0	nM	24182233
379607	P21554	WQDDSZLDQAHIIF-QRWMCTBCSA-N	Ki	255.0	255.0	nM	17521177
379607	P21554	WQDDSZLDQAHIIF-QRWMCTBCSA-N	Ki	257.04	257.04	nM	17521177,17980589
379656	P21554	WQEXKULWDFFZMT-UHFFFAOYSA-N	IC50	2790.0	2790.0	nM	17433696
379656	P21554	WQEXKULWDFFZMT-UHFFFAOYSA-N	IC50	5623.41	5623.41	nM	19406638
379722	P21554	WQJAQDPNEGQJOV-UHFFFAOYSA-N	IC50	5.7	5.7	nM	17270441
379759	P21554	WQKRVODUOZJARR-UHFFFAOYSA-N	Ki	320.0	320.0	nM	22284817
379768	P21554	WQLADPPAYVUSAB-VSUSBFIXSA-N	Ki	4400.0	4400.0	nM	24471526
379823	P21554	WQNAMSABBJVDIJ-UHFFFAOYSA-N	Ki	1278.0	1278.0	nM	23697626
380002	P21554	WQTKIRMKFMOXDA-FQEVSTJZSA-N	Ki	855.0	855.0	nM	15664857
380041	P21554	WQUUZWCPEXVKMQ-UHFFFAOYSA-N	EC50	0.0	10000.0	nM	19062274
380041	P21554	WQUUZWCPEXVKMQ-UHFFFAOYSA-N	Emax	7.0	7.0	%	19062274
380049	P21554	WQUXRUMJZRILOM-UHFFFAOYSA-N	IC50	853.6	853.6	nM	19530697
380178	P21554	WQZWDSCZSADIMA-UHFFFAOYSA-N	Activity	0.0	50.0	%	19331413
380178	P21554	WQZWDSCZSADIMA-UHFFFAOYSA-N	Ki	10000.0	10000.0	nM	19331413
380202	P21554	WRBAYSPOHKRSDZ-UHFFFAOYSA-N	Ki	14.0	14.0	nM	22341572
380203	P21554	WRBBLEPHMMMJSB-UHFFFAOYSA-N	Activity	100.1	100.1	%	16451053
380203	P21554	WRBBLEPHMMMJSB-UHFFFAOYSA-N	EC50	1624.0	1624.0	nM	16451053
380203	P21554	WRBBLEPHMMMJSB-UHFFFAOYSA-N	Emax	-35.7	-35.7	%	16451053
380203	P21554	WRBBLEPHMMMJSB-UHFFFAOYSA-N	Ki	1447.0	1447.0	nM	16451053
380208	P21554	WRBFPGYDKJBYBI-SJORKVTESA-N	IC50	30000.0	30000.0	nM	24900701
380275	P21554	WRECWDSLEWLXRQ-UHFFFAOYSA-N	Ki	0.0	10000.0	nM	20718492,21183257
380281	P21554	WREHREIPYKSRLY-UHFFFAOYSA-N	Ki	1.0	1.0	nM	11020293
380281	P21554	WREHREIPYKSRLY-UHFFFAOYSA-N	Ki	2.0	2.0	nM	11020293
380294	P21554	WREOHEGCYKJUFI-GAJHUEQPSA-N	IC50	9.7	9.7	nM	17293109
380382	P21554	WRGZEUBDIMMNBV-UHFFFAOYSA-N	EC50	0.0	3162.28	nM	19010671
380382	P21554	WRGZEUBDIMMNBV-UHFFFAOYSA-N	Efficacy	10.0	0.0	%	19010671
380513	P21554	WRKVYSBKZOSYFV-UHFFFAOYSA-N	Ki	0.0	10000.0	nM	18424134
380626	P21554	WRPLLIGFYQLTCL-UHFFFAOYSA-N	Ki	93.66	93.66	nM	,None,19230659
380782	P21554	WRVDTUZCQYPYQW-UHFFFAOYSA-N	Ke	199.0	199.0	nM	23098108
380799	P21554	WRVDXWUBFJGSAN-UHFFFAOYSA-N	Kb	469.9	469.9	nM	24053617,24635495
380806	P21554	WRVNPBBTMQTXBC-UHFFFAOYSA-N	EC50	0.0	32000.0	nM	PubChem BioAssay data set
380806	P21554	WRVNPBBTMQTXBC-UHFFFAOYSA-N	IC50	11000.0	11000.0	nM	PubChem BioAssay data set
380820	P21554	WRVZBXHTUOPQJS-UHFFFAOYSA-N	Ki	110.0	110.0	nM	18522867
380866	P21554	WRYHYMZLAAULED-UHFFFAOYSA-N	EC50	9.8	9.8	nM	19351113
380866	P21554	WRYHYMZLAAULED-UHFFFAOYSA-N	Ki	2.5	2.5	nM	19351113
380866	P21554	WRYHYMZLAAULED-UHFFFAOYSA-N	Ki	9.8	9.8	nM	19351113
380866	P21554	WRYHYMZLAAULED-UHFFFAOYSA-N	Ki	9.8	9.8	nM	19351113
380990	P21554	WSDCRTUTUJAMKG-UHFFFAOYSA-N	Ki	450.0	450.0	nM	22738271
381032	P21554	WSEFKZYKIGSRKK-UHFFFAOYSA-N	Inhibition	15.7	15.7	%	12672243
381230	P21554	WSLLFUZFPYVTFT-UHFFFAOYSA-N	EC50	0.0	17000.0	nM	24461289
381270	P21554	WSMRFHOWYRGFDM-UHFFFAOYSA-N	EC50	0.0	32000.0	nM	,PubChem BioAssay data set
381270	P21554	WSMRFHOWYRGFDM-UHFFFAOYSA-N	IC50	0.0	32000.0	nM	,PubChem BioAssay data set
381298	P21554	WSNYCJWIVUTQGA-UHFFFAOYSA-N	Ki	1230.0	1230.0	nM	21867920
381303	P21554	WSOHKASMFUAWFD-UHFFFAOYSA-N	Ki	540.0	540.0	nM	19646869
381327	P21554	WSOQRILWMPFFKN-ITGJCUMNSA-N	Ki	660.69	660.69	nM	17521177,17980589
381327	P21554	WSOQRILWMPFFKN-ITGJCUMNSA-N	Ki	666.4	666.4	nM	17521177
381388	P21554	WSPRMCVRMOJSNL-UHFFFAOYSA-N	Kb	2408.0	2408.0	nM	24053617
381430	P21554	WSRONXQDDJEMCU-UHFFFAOYSA-N	Ki	658.0	658.0	nM	17884494
381790	P21554	WTDHZFXKKYQDIZ-UHFFFAOYSA-N	Kd	3.162	3.162	nM	20845959
381790	P21554	WTDHZFXKKYQDIZ-UHFFFAOYSA-N	Ke	146.5	146.5	nM	20845959
381790	P21554	WTDHZFXKKYQDIZ-UHFFFAOYSA-N	Ki	2.3	2.3	nM	20845959
381790	P21554	WTDHZFXKKYQDIZ-UHFFFAOYSA-N	Ki	4.56	4.56	nM	20845959
381898	P21554	WTHIERBILZGNPA-UHFFFAOYSA-N	EC50	812.0	812.0	nM	23147076
381898	P21554	WTHIERBILZGNPA-UHFFFAOYSA-N	Efficacy	90.0	90.0	%	23147076
382018	P21554	WTKXOYGQRKUJPT-UHFFFAOYSA-N	Ki	1.9	1.9	nM	24182233
382082	P21554	WTMCNNASCCFCNT-UHFFFAOYSA-N	IC50	100.0	100.0	nM	19328684
382099	P21554	WTNGNGPNUACNSV-PPHZAIPVSA-N	Ki	2.3	2.3	nM	20018510
382101	P21554	WTNGNGPNUACNSV-UHFFFAOYSA-N	Ki	2.3	2.3	nM	20018510
382112	P21554	WTOBUMBRLRSCSK-FQEVSTJZSA-N	Kd	0.0	199.53	nM	20137935
382112	P21554	WTOBUMBRLRSCSK-FQEVSTJZSA-N	Ki	38.8	38.8	nM	20137935
382112	P21554	WTOBUMBRLRSCSK-FQEVSTJZSA-N	Ki	280.0	280.0	nM	20137935
382114	P21554	WTOBUMBRLRSCSK-HXUWFJFHSA-N	Kd	1.585	1.585	nM	20137935
382114	P21554	WTOBUMBRLRSCSK-HXUWFJFHSA-N	Ki	9.2	9.2	nM	20137935
382116	P21554	WTOBUMBRLRSCSK-UHFFFAOYSA-N	Kd	0.7943	0.7943	nM	20137935
382116	P21554	WTOBUMBRLRSCSK-UHFFFAOYSA-N	Ki	38.8	38.8	nM	20137935
382159	P21554	WTPYCCSLBGPSOQ-BVWPGQGPSA-N	Ki	9000.0	9000.0	nM	19646869
382259	P21554	WTURDTWLBBLDSA-UHFFFAOYSA-N	IC50	340.0	340.0	nM	15664830
382580	P21554	WUGVPGYVQXCPMU-ROUUACIJSA-N	Ki	19.0	19.0	nM	17383180
382581	P21554	WUGVPGYVQXCPMU-UHFFFAOYSA-N	Ki	19.0	19.0	nM	17383180
382653	P21554	WUKAECDVNMFOSF-UHFFFAOYSA-N	IC50	35.0	35.0	nM	16263284
382653	P21554	WUKAECDVNMFOSF-UHFFFAOYSA-N	IC50	35.48	35.48	nM	19406638
382733	P21554	WUMPZIJNRFMPNN-UHFFFAOYSA-N	Ki	25.2	25.2	nM	21996466
382843	P21554	WURIOZZNHAKSDX-UHFFFAOYSA-N	Ki	15.3	15.3	nM	20688519
383120	P21554	WVBRMLHZEWHOPM-UHFFFAOYSA-N	EC50	81.0	81.0	nM	19530697
383120	P21554	WVBRMLHZEWHOPM-UHFFFAOYSA-N	IC50	15.9	15.9	nM	19530697
383153	P21554	WVDJTKNTFJTWOV-UHFFFAOYSA-N	IC50	8.0	8.0	nM	19328684
383244	P21554	WVHIAQROMOAWTP-UHFFFAOYSA-N	Ki	91.0	91.0	nM	19921781
383244	P21554	WVHIAQROMOAWTP-UHFFFAOYSA-N	Ki	91.2	91.2	nM	19921781
383244	P21554	WVHIAQROMOAWTP-UHFFFAOYSA-N	Ki	92.0	92.0	nM	19921781
383266	P21554	WVICZDPAZBDYEW-UHFFFAOYSA-N	Inhibition	23.0	23.0	%	23350768
383266	P21554	WVICZDPAZBDYEW-UHFFFAOYSA-N	Ki	0.0	10000.0	nM	23350768
383274	P21554	WVIZNXOUOCIGAS-UHFFFAOYSA-N	Ki	161.0	161.0	nM	22341572
383383	P21554	WVNBOVPUAYEKIK-KTKRTIGZSA-N	Ki	0.0	10000.0	nM	16570929
383623	P21554	WVXDJOGNHLCWST-UHFFFAOYSA-N	Activity	30.0	0.0	%	25797163
383623	P21554	WVXDJOGNHLCWST-UHFFFAOYSA-N	Activity	226.8	226.8	%	22571451
383623	P21554	WVXDJOGNHLCWST-UHFFFAOYSA-N	EC50	50.0	50.0	nM	22571451
383623	P21554	WVXDJOGNHLCWST-UHFFFAOYSA-N	EC50	210.0	210.0	nM	26203658
383623	P21554	WVXDJOGNHLCWST-UHFFFAOYSA-N	EC50	430.0	430.0	nM	26203658
383623	P21554	WVXDJOGNHLCWST-UHFFFAOYSA-N	EC50	600.0	600.0	nM	26203658
383623	P21554	WVXDJOGNHLCWST-UHFFFAOYSA-N	EC50	3430.0	3430.0	nM	26203658
383623	P21554	WVXDJOGNHLCWST-UHFFFAOYSA-N	IC50	787.0	787.0	nM	25797163
383623	P21554	WVXDJOGNHLCWST-UHFFFAOYSA-N	Kb	207.4	207.4	nM	24053617
383839	P21554	WWELUXQZNVVTBE-UHFFFAOYSA-N	Activity	26.3	26.3	%	20189815
383839	P21554	WWELUXQZNVVTBE-UHFFFAOYSA-N	Ki	0.0	10000.0	nM	20189815
383878	P21554	WWFVJABFOVSPCE-UHFFFAOYSA-N	IC50	11.0	11.0	nM	17270441
383966	P21554	WWJKJCDOYFKZBJ-UHFFFAOYSA-N	EC50	0.0	32000.0	nM	PubChem BioAssay data set
383966	P21554	WWJKJCDOYFKZBJ-UHFFFAOYSA-N	IC50	17700.0	17700.0	nM	PubChem BioAssay data set
384004	P21554	WWKJQFRXXDDEDF-UHFFFAOYSA-N	IC50	5.129	5.129	nM	21334892
384004	P21554	WWKJQFRXXDDEDF-UHFFFAOYSA-N	IC50	5.13	5.13	nM	21334892
384069	P21554	WWNHXMXRVKJABH-UHFFFAOYSA-N	Ke	1148.0	1148.0	nM	23098108
384082	P21554	WWOBVHVQVQPECK-UHFFFAOYSA-N	Ki	7.9	7.9	nM	17107792
384203	P21554	WWSUIFXWPFYEPJ-UHFFFAOYSA-N	EC50	12.2	12.2	nM	19095444
384203	P21554	WWSUIFXWPFYEPJ-UHFFFAOYSA-N	IC50	48.9	48.9	nM	19095444
384277	P21554	WWVFDPMLRYCXRA-UHFFFAOYSA-N	Ki	8430.0	8430.0	nM	17513109
384495	P21554	WXBVFZVJSITTKR-UHFFFAOYSA-N	IC50	0.0	32000.0	nM	PubChem BioAssay data set
384770	P21554	WXNGKWCJSFHFSC-UHFFFAOYSA-N	Ki	0.0	10000.0	nM	18311894
384770	P21554	WXNGKWCJSFHFSC-UHFFFAOYSA-N	Ki	10000.0	0.0	nM	18311894
384845	P21554	WXOXEAURQHAMPX-UHFFFAOYSA-N	IC50	9.2	9.2	nM	19954978
384943	P21554	WXRCAYBWSXUGLS-UHFFFAOYSA-N	Ki	1.7	1.7	nM	17507224
384955	P21554	WXRLDKFKDMBCCE-UHFFFAOYSA-N	EC50	0.0	10000.0	nM	18680277
385145	P21554	WYADDRJAVCBMLP-UHFFFAOYSA-N	IC50	22.39	22.39	nM	21334892
385145	P21554	WYADDRJAVCBMLP-UHFFFAOYSA-N	Ki	5.495	5.495	nM	21334892
385145	P21554	WYADDRJAVCBMLP-UHFFFAOYSA-N	Ki	5.5	5.5	nM	21334892
385254	P21554	WYEFRBILENQYOH-CZHHEZJISA-N	IC50	3270.0	3270.0	nM	21902175
385254	P21554	WYEFRBILENQYOH-CZHHEZJISA-N	Ki	750.0	750.0	nM	21902175
385405	P21554	WYIWVXGKQYHCQT-HZFOSRTRSA-N	Ki	4.7	4.7	nM	23085772
385428	P21554	WYJKUPYMQJTADT-UHFFFAOYSA-N	IC50	798.0	798.0	nM	18243711
385470	P21554	WYLPBGSDNSBKPW-UHFFFAOYSA-N	IC50	0.7	0.7	nM	20423086
385547	P21554	WYOGKBISHJDQGY-UHFFFAOYSA-N	EC50	260.0	260.0	nM	23227781
385547	P21554	WYOGKBISHJDQGY-UHFFFAOYSA-N	Emax	77.0	77.0	%	23227781
385547	P21554	WYOGKBISHJDQGY-UHFFFAOYSA-N	IC50	240000.0	240000.0	nM	23227781
385563	P21554	WYOMIXMGAWOHJZ-UHFFFAOYSA-N	EC50	0.0	20000.0	nM	21354795
385569	P21554	WYOQPSLZYOPQBI-UHFFFAOYSA-N	EC50	2676.0	2676.0	nM	22130134
385848	P21554	WYXWYRJQYHUVCP-RCQQVGEISA-N	Activity	0.0	10.0	%	21074998
385848	P21554	WYXWYRJQYHUVCP-RCQQVGEISA-N	IC50	0.0	10000.0	nM	21074998
385848	P21554	WYXWYRJQYHUVCP-RCQQVGEISA-N	Ki	0.0	10000.0	nM	21074998
385854	P21554	WYYDNWZOELTRCO-UHFFFAOYSA-N	Ki	0.0	3000.0	nM	24508127
385920	P21554	WYZZEBCEIWNKCQ-AQTBWJFISA-N	Inhibition	25.0	25.0	%	MedChemComm, (2014) 5:5:632
385920	P21554	WYZZEBCEIWNKCQ-AQTBWJFISA-N	Intrinsic activity	-33.0	-33.0	%	MedChemComm, (2014) 5:5:632
385920	P21554	WYZZEBCEIWNKCQ-AQTBWJFISA-N	Ki	0.0	10000.0	nM	MedChemComm, (2014) 5:5:632
386416	P21554	WZOWMTHJLNUSKG-WOJBJXKFSA-N	Ki	1.86	1.86	nM	14505654,21183257
386416	P21554	WZOWMTHJLNUSKG-WOJBJXKFSA-N	Ki	1.9	1.9	nM	14505654
386648	P21554	WZXMPXLUSNRACT-UHFFFAOYSA-N	Activity	20.0	0.0	%	17915849
386775	P21554	XABIDAQFJJMTAS-UHFFFAOYSA-N	EC50	0.0	1000.0	nM	18680277
386775	P21554	XABIDAQFJJMTAS-UHFFFAOYSA-N	EC50	3300.0	3300.0	nM	18680277
386775	P21554	XABIDAQFJJMTAS-UHFFFAOYSA-N	Emax	16.0	16.0	%	18680277
386775	P21554	XABIDAQFJJMTAS-UHFFFAOYSA-N	Emax	25.0	25.0	%	18680277
386863	P21554	XAFIFBYCSPTLGK-UHFFFAOYSA-N	Inhibition	29.0	29.0	%	21923175
386885	P21554	XAFYBNATTVKYIO-UHFFFAOYSA-N	Kd	758.58	758.58	nM	20845959
386885	P21554	XAFYBNATTVKYIO-UHFFFAOYSA-N	Ke	0.0	5399.0	nM	20845959
386885	P21554	XAFYBNATTVKYIO-UHFFFAOYSA-N	Ki	230.0	230.0	nM	20845959
386885	P21554	XAFYBNATTVKYIO-UHFFFAOYSA-N	Ki	349.0	349.0	nM	20845959
386891	P21554	XAGIYBRMDHASIC-UHFFFAOYSA-N	Activity	70.8	70.8	%	17915849
387399	P21554	XBCRAXXZICHFOK-FQEVSTJZSA-N	EC50	31.62	31.62	nM	20634067
387399	P21554	XBCRAXXZICHFOK-FQEVSTJZSA-N	Ki	12.59	12.59	nM	20634067
387401	P21554	XBCRAXXZICHFOK-HXUWFJFHSA-N	EC50	0.0	10000.0	nM	20634067
387402	P21554	XBCRAXXZICHFOK-UHFFFAOYSA-N	EC50	31.62	31.62	nM	20634067
387426	P21554	XBDUOBWGVBKAJS-UHFFFAOYSA-N	Inhibition	42.0	42.0	%	22916707
387426	P21554	XBDUOBWGVBKAJS-UHFFFAOYSA-N	Ki	2170.0	2170.0	nM	22916707
387484	P21554	XBGJISBWJWTPLH-UHFFFAOYSA-N	Ki	4000.0	4000.0	nM	24378710
387546	P21554	XBIFKMDRQRXHQC-UHFFFAOYSA-N	Activity	23.8	23.8	%	17915849
387645	P21554	XBLZZHYXIAAHDK-UHFFFAOYSA-N	Activity	-20.4	-20.4	%	24125850
387721	P21554	XBOQELXARBRXEY-UHFFFAOYSA-N	Ki	0.0	10000.0	nM	18680276
387851	P21554	XBSFIYBSGSTUOR-UHFFFAOYSA-N	Ki	310.0	310.0	nM	17561406
387873	P21554	XBSYNVHREULTTR-UHFFFAOYSA-N	Activity	13.0	13.0	%	23697626
387873	P21554	XBSYNVHREULTTR-UHFFFAOYSA-N	Ki	0.0	10000.0	nM	23697626
388052	P21554	XBZIGRIVQPZHKB-UHFFFAOYSA-N	Inhibition	0.0	0.0	%	22916707
388052	P21554	XBZIGRIVQPZHKB-UHFFFAOYSA-N	Ki	244.0	244.0	nM	22916707
388066	P21554	XCAAVBMCEMDRAB-UHFFFAOYSA-N	Ke	0.89	0.89	nM	24041123
388066	P21554	XCAAVBMCEMDRAB-UHFFFAOYSA-N	Ki	1.54	1.54	nM	,None,24041123
388113	P21554	XCBYGYHHTWZKKL-UHFFFAOYSA-N	Ki	0.0	3467.37	nM	18311894
388113	P21554	XCBYGYHHTWZKKL-UHFFFAOYSA-N	Ki	0.0	3500.0	nM	18311894
388113	P21554	XCBYGYHHTWZKKL-UHFFFAOYSA-N	Ki	3500.0	3500.0	nM	21183257
388200	P21554	XCFWDLWOCXSJOK-ILRUXTBWSA-N	IC50	3.0	3.0	nM	20483606
388200	P21554	XCFWDLWOCXSJOK-ILRUXTBWSA-N	IC50	16.0	16.0	nM	20483606
388202	P21554	XCFWDLWOCXSJOK-JRTLGTJJSA-N	IC50	3.0	3.0	nM	20423086
388202	P21554	XCFWDLWOCXSJOK-JRTLGTJJSA-N	IC50	4.8	4.8	nM	20483606,20423086
388202	P21554	XCFWDLWOCXSJOK-JRTLGTJJSA-N	IC50	78.0	78.0	nM	20483606
388214	P21554	XCGNJCOSCDTVPS-UHFFFAOYSA-N	Ki	37.5	37.5	nM	20943290
388373	P21554	XCIYWIWWNJEYHZ-OKILXGFUSA-N	EC50	0.0	31622.8	nM	20005703
388588	P21554	XCSLRYGWAPFQHW-UHFFFAOYSA-N	EC50	0.0	3162.28	nM	19010671
388588	P21554	XCSLRYGWAPFQHW-UHFFFAOYSA-N	Efficacy	10.0	0.0	%	19010671
388595	P21554	XCSQASXDTQFUHI-WOJBJXKFSA-N	Ki	11.7	11.7	nM	20079638
388625	P21554	XCUBCBQJYZWYPN-VQTJNVASSA-N	IC50	0.5	0.5	nM	19320488
388629	P21554	XCUFQBJXWVZXBE-UHFFFAOYSA-N	Ki	251.19	251.19	nM	21885167
388636	P21554	XCUGJBBEKXFPSM-UHFFFAOYSA-N	Ke	0.113	0.113	uM	21875798
388636	P21554	XCUGJBBEKXFPSM-UHFFFAOYSA-N	Ki	11.0	11.0	nM	21875798
388636	P21554	XCUGJBBEKXFPSM-UHFFFAOYSA-N	Ki	55.0	55.0	nM	21875798
388701	P21554	XCWLLVVZCVZVHA-UHFFFAOYSA-N	Ki	0.0	1000.0	nM	18311894
388701	P21554	XCWLLVVZCVZVHA-UHFFFAOYSA-N	Ki	1000.0	1000.0	nM	21183257
388747	P21554	XCYAXEAHVHAWGY-UHFFFAOYSA-N	Ki	234.0	234.0	nM	22483967
388813	P21554	XDASGFYZLKMNIT-UHFFFAOYSA-N	Ki	178.0	178.0	nM	17513109
388816	P21554	XDAVPJKKUQBJRX-UHFFFAOYSA-N	IC50	220.0	220.0	nM	23227781
388858	P21554	XDDBYWHHMMLVGR-ZJZGAYNASA-N	Ki	3100.0	3100.0	nM	18831576
389090	P21554	XDMSCVOHCXBLDO-UHFFFAOYSA-N	Ke	3000.0	3000.0	nM	24944734
389166	P21554	XDPPUMRTRIEFJR-UHFFFAOYSA-N	EC50	235.2	235.2	nM	19095444
389166	P21554	XDPPUMRTRIEFJR-UHFFFAOYSA-N	IC50	449.2	449.2	nM	19095444
389184	P21554	XDQKZKVOUNRTNF-UHFFFAOYSA-N	Inhibition	34.0	34.0	%	23350768
389184	P21554	XDQKZKVOUNRTNF-UHFFFAOYSA-N	Ki	0.0	10000.0	nM	23350768
389251	P21554	XDTLWHQQSHPGBF-UHFFFAOYSA-N	Inhibition	46.0	46.0	%	17513109
389384	P21554	XDYGWSPHHHOZMW-UHFFFAOYSA-N	Inhibition	30.0	30.0	%	22916707
389384	P21554	XDYGWSPHHHOZMW-UHFFFAOYSA-N	Ki	0.0	10000.0	nM	22916707
389391	P21554	XDYOZBCWFOVCNN-UHFFFAOYSA-N	Ki	29.0	29.0	nM	24182233
389763	P21554	XELUVDAHPJBHOS-UHFFFAOYSA-N	Ki	0.23	0.23	nM	24900484
389763	P21554	XELUVDAHPJBHOS-UHFFFAOYSA-N	Ki	0.55	0.55	nM	24900484
389790	P21554	XENACOZTWJREAQ-UHFFFAOYSA-N	Ki	490.0	490.0	nM	23085772
389808	P21554	XENQYGFRJPYFJH-UHFFFAOYSA-N	Ki	0.0	20000.0	nM	23072339
389969	P21554	XETLDNBDDCFPRP-UHFFFAOYSA-N	EC50	0.0	20000.0	nM	21354795
390191	P21554	XFALQENMQSCPAC-UHFFFAOYSA-N	EC50	79.43	79.43	nM	21411321
390235	P21554	XFBPKXFFLCMPSH-CQSZACIVSA-N	Ki	2.4	2.4	nM	20971001
390391	P21554	XFHQUBLMPHMGJZ-UHFFFAOYSA-N	IC50	5.129	5.129	nM	21334892
390391	P21554	XFHQUBLMPHMGJZ-UHFFFAOYSA-N	IC50	5.13	5.13	nM	21334892
390391	P21554	XFHQUBLMPHMGJZ-UHFFFAOYSA-N	Ki	4.365	4.365	nM	21334892
390391	P21554	XFHQUBLMPHMGJZ-UHFFFAOYSA-N	Ki	4.37	4.37	nM	21334892
390399	P21554	XFHZHCKWTBGPFD-UHFFFAOYSA-N	Ki	5.2	5.2	nM	16279794,19331413
390410	P21554	XFIKTRAACXFYRM-UHFFFAOYSA-N	EC50	0.0	1000.0	nM	18680277
390410	P21554	XFIKTRAACXFYRM-UHFFFAOYSA-N	EC50	0.0	10000.0	nM	18680277
390440	P21554	XFJREZUFRMFGKX-UHFFFAOYSA-N	IC50	46.0	46.0	nM	20483606
390440	P21554	XFJREZUFRMFGKX-UHFFFAOYSA-N	IC50	360.0	360.0	nM	20483606
390441	P21554	XFJSCCHOOFTQRX-GHTZIAJQSA-N	EC50	0.0	5000.0	nM	23865723
390459	P21554	XFKOWTJQIZCEEL-UHFFFAOYSA-N	Inhibition	15.0	15.0	%	12672243
390689	P21554	XFSVDKVGSJGSCU-UHFFFAOYSA-N	IC50	12.0	12.0	nM	17270441
390743	P21554	XFUOQEGADDBBMN-UHFFFAOYSA-N	EC50	25.12	25.12	nM	20688519
390743	P21554	XFUOQEGADDBBMN-UHFFFAOYSA-N	Ki	6.4	6.4	nM	20688519
390749	P21554	XFUZEHDTQWLVQK-UHFFFAOYSA-N	EC50	0.0	10000.0	nM	23380378
391010	P21554	XGCMCUGMWBSZNX-UHFFFAOYSA-N	Ki	110.0	110.0	nM	18335976
391126	P21554	XGGFXHIFQBLIJS-CQSZACIVSA-N	Ki	16.5	16.5	nM	20971001
391410	P21554	XGRHHQMNFRUOEQ-UHFFFAOYSA-N	Ki	0.0	10000.0	nM	17604171
391434	P21554	XGSMKAMHMWHCFH-UHFFFAOYSA-N	Ki	1400.0	1400.0	nM	24378710
391441	P21554	XGSSKHPISKJQLS-UHFFFAOYSA-N	Ki	0.0	10000.0	nM	17604171
391515	P21554	XGVHKKOLBJMLLQ-UHFFFAOYSA-N	Activity	1.0	1.0	%	19053765
391522	P21554	XGVMJRRAQJNWAN-UHFFFAOYSA-N	Inhibition	27.0	27.0	%	22916707
391522	P21554	XGVMJRRAQJNWAN-UHFFFAOYSA-N	Ki	1430.0	1430.0	nM	22916707
391867	P21554	XHHZLTVIJPHZOG-UHFFFAOYSA-N	Activity	33.6	33.6	%	16392793
392063	P21554	XHOOXTMFAABYSL-UHFFFAOYSA-N	EC50	1560.0	1560.0	nM	18640038
392063	P21554	XHOOXTMFAABYSL-UHFFFAOYSA-N	Emax	69.0	69.0	%	18640038
392236	P21554	XHUGETFAQBCPHR-UHFFFAOYSA-N	Kd	3.162	3.162	nM	20363132
392236	P21554	XHUGETFAQBCPHR-UHFFFAOYSA-N	Ki	11.9	11.9	nM	20363132
392236	P21554	XHUGETFAQBCPHR-UHFFFAOYSA-N	Ki	11.9	11.9	nM	20363132
392236	P21554	XHUGETFAQBCPHR-UHFFFAOYSA-N	Ki	12.0	12.0	nM	20363132
392304	P21554	XHWQRPUTOGKPEE-UHFFFAOYSA-N	EC50	0.0	31622.8	nM	20005703
392308	P21554	XHWXDADDJIFVDV-UHFFFAOYSA-N	Ki	640.0	640.0	nM	18680276,21183257
392383	P21554	XHZPDJWLDJSJEG-ZDLGFXPLSA-N	Intrinsic activity	-51.0	-51.0	%	MedChemComm, (2014) 5:5:632
392383	P21554	XHZPDJWLDJSJEG-ZDLGFXPLSA-N	Ki	2090.0	2090.0	nM	MedChemComm, (2014) 5:5:632
392473	P21554	XIDMLUXASTZZJT-UHFFFAOYSA-N	EC50	15800.0	15800.0	nM	19743867
392473	P21554	XIDMLUXASTZZJT-UHFFFAOYSA-N	Efficacy	56.0	56.0	%	19743867
392530	P21554	XIFPDGUTQDJQGY-UHFFFAOYSA-N	Ki	2500.0	2500.0	nM	19736007
392550	P21554	XIGDSDXHJVSFBZ-UHFFFAOYSA-N	IC50	766.0	766.0	nM	17433696
392550	P21554	XIGDSDXHJVSFBZ-UHFFFAOYSA-N	IC50	1548.82	1548.82	nM	19406638
392552	P21554	XIGHDEUVIJYUSC-UHFFFAOYSA-N	EC50	0.0	10000.0	nM	21115245
392744	P21554	XINMHXWZKADMAK-UHFFFAOYSA-N	Ki	49.0	49.0	nM	17507224
392761	P21554	XIOGJRJKCCIQNF-UHFFFAOYSA-N	Ki	986.0	986.0	nM	18311894
392761	P21554	XIOGJRJKCCIQNF-UHFFFAOYSA-N	Ki	1000.0	1000.0	nM	18311894
392762	P21554	XIOHVMVLOJUORA-UHFFFAOYSA-N	Inhibition	44.8	44.8	%	12672243
392864	P21554	XIRHISFCEKCBJD-UHFFFAOYSA-N	Kd	2.512	2.512	nM	15771428,20363132
392864	P21554	XIRHISFCEKCBJD-UHFFFAOYSA-N	Ki	30.0	30.0	nM	15771428,20363132
392899	P21554	XISMBMNCAOYBFD-UYAOXDASSA-N	Ki	0.0	7000.0	nM	24175572
393065	P21554	XIYPJXKEMLKFMD-HFZDXXHNSA-N	IC50	0.7	0.7	nM	17608398,21428406
393065	P21554	XIYPJXKEMLKFMD-HFZDXXHNSA-N	IC50	0.73	0.73	nM	17608398
393067	P21554	XIYPJXKEMLKFMD-MSNFMOCCSA-N	IC50	0.73	0.73	nM	17608398
393130	P21554	XJBQRMOGMULGPP-PDGQHHTCSA-N	Inhibition	0.0	0.0	%	MedChemComm, (2014) 5:5:632
393130	P21554	XJBQRMOGMULGPP-PDGQHHTCSA-N	Intrinsic activity	-16.0	-16.0	%	MedChemComm, (2014) 5:5:632
393130	P21554	XJBQRMOGMULGPP-PDGQHHTCSA-N	Ki	0.0	10000.0	nM	MedChemComm, (2014) 5:5:632
393134	P21554	XJBUKBVGKPTQFS-UHFFFAOYSA-N	IC50	540.0	540.0	nM	15713403
393256	P21554	XJFXPWICKZLUQA-UHFFFAOYSA-N	Ki	31.62	31.62	nM	21885167
393260	P21554	XJGCZUXTCZYDGW-UHFFFAOYSA-N	EC50	84.2	84.2	nM	20845959
393260	P21554	XJGCZUXTCZYDGW-UHFFFAOYSA-N	Emax	-31.9	-31.9	%	20845959
393260	P21554	XJGCZUXTCZYDGW-UHFFFAOYSA-N	Kd	38.9	38.9	nM	20845959
393260	P21554	XJGCZUXTCZYDGW-UHFFFAOYSA-N	Ke	1304.0	1304.0	nM	20845959
393260	P21554	XJGCZUXTCZYDGW-UHFFFAOYSA-N	Ki	41.9	41.9	nM	20845959
393260	P21554	XJGCZUXTCZYDGW-UHFFFAOYSA-N	Ki	174.0	174.0	nM	20845959
393477	P21554	XJMCBLAMFJBKFV-UHFFFAOYSA-N	Ki	0.0	5000.0	nM	23623258
393491	P21554	XJMQZFPGUYCTGW-UHFFFAOYSA-N	EC50	60.0	60.0	nM	22284817
393491	P21554	XJMQZFPGUYCTGW-UHFFFAOYSA-N	Emax	57.0	57.0	%	22284817
393491	P21554	XJMQZFPGUYCTGW-UHFFFAOYSA-N	Ki	56.0	56.0	nM	22284817
393687	P21554	XJTZVQABWKWVIS-UHFFFAOYSA-N	Ki	0.0	3000.0	nM	23151320
393701	P21554	XJURALZPEJKKOV-CQSZACIVSA-N	Ki	0.46	0.46	nM	21880487
393787	P21554	XJYCJEYAOBAVAG-UHFFFAOYSA-N	Ki	1.6	1.6	nM	24182233
393961	P21554	XKELDNSNSJFQKT-UHFFFAOYSA-N	IC50	0.0	10000.0	nM	17561406
393987	P21554	XKFBHGPWMSXLFC-UHFFFAOYSA-N	Inhibition	38.0	38.0	%	23350768
393987	P21554	XKFBHGPWMSXLFC-UHFFFAOYSA-N	Ki	0.0	10000.0	nM	23350768
393989	P21554	XKFBIUKAHKJONV-UHFFFAOYSA-N	Ki	91.0	91.0	nM	17507224
393991	P21554	XKFCYMQCUANXHY-UHFFFAOYSA-N	Activity	0.0	50.0	%	19331413
393991	P21554	XKFCYMQCUANXHY-UHFFFAOYSA-N	Ki	19.95	19.95	nM	19331413
393991	P21554	XKFCYMQCUANXHY-UHFFFAOYSA-N	Ki	20.0	20.0	nM	19331413
393991	P21554	XKFCYMQCUANXHY-UHFFFAOYSA-N	Ki	21.0	21.0	nM	19331413
394125	P21554	XKHUPGMHSOHXQD-UHFFFAOYSA-N	EC50	64.9	64.9	nM	18712856
394125	P21554	XKHUPGMHSOHXQD-UHFFFAOYSA-N	IC50	40.7	40.7	nM	18712856
394368	P21554	XKPYPFGENRUJRY-KNMWRUGTSA-N	Ki	105.0	105.0	nM	22738271
394380	P21554	XKQLZFUAJDEKLK-UHFFFAOYSA-N	Ki	1.0	1.0	nM	23623258
394431	P21554	XKSUFUUEUFNEJX-UHFFFAOYSA-N	EC50	150.0	150.0	nM	22284817
394431	P21554	XKSUFUUEUFNEJX-UHFFFAOYSA-N	Emax	96.0	96.0	%	22284817
394431	P21554	XKSUFUUEUFNEJX-UHFFFAOYSA-N	Ki	170.0	170.0	nM	22284817
394559	P21554	XKWHUGFGOHOFTE-UHFFFAOYSA-N	EC50	722.0	722.0	nM	18640038
394559	P21554	XKWHUGFGOHOFTE-UHFFFAOYSA-N	Emax	93.0	93.0	%	18640038
394645	P21554	XKZHZNUJAKUQJN-UHFFFAOYSA-N	Ki	0.0	10000.0	nM	18311894
394645	P21554	XKZHZNUJAKUQJN-UHFFFAOYSA-N	Ki	10000.0	0.0	nM	18311894
394729	P21554	XLCPMQYEPILYFO-UHFFFAOYSA-N	IC50	46.0	46.0	nM	15713403
394738	P21554	XLCXHUYXHJSQJF-UHFFFAOYSA-N	Ki	0.0	10000.0	nM	20718492
394820	P21554	XLFVQINVOJCHIF-DNGBBIDQSA-N	IC50	199.0	199.0	nM	21376588
394934	P21554	XLJIOOZLORFWPI-CISYCMJJSA-N	IC50	20.0	20.0	nM	22959249
394971	P21554	XLLSDLDDTCEZDH-UHFFFAOYSA-N	EC50	0.0	20000.0	nM	21354795
395004	P21554	XLMRWNKVWJYCHU-KRWDZBQOSA-N	Ki	1968.0	1968.0	nM	15664857
395068	P21554	XLOZYEAFPMDCKC-UHFFFAOYSA-N	EC50	321.0	321.0	nM	22130134
395155	P21554	XLSLDHILMMPKDR-UHFFFAOYSA-N	IC50	2.2	2.2	nM	19954978
395251	P21554	XLVXILUFDUMZFD-UHFFFAOYSA-N	Activity	91.0	91.0	%	19520572
395251	P21554	XLVXILUFDUMZFD-UHFFFAOYSA-N	EC50	1100.0	1100.0	nM	19520572
395251	P21554	XLVXILUFDUMZFD-UHFFFAOYSA-N	Inhibition	78.0	78.0	%	19520572
395251	P21554	XLVXILUFDUMZFD-UHFFFAOYSA-N	Ki	520.0	520.0	nM	19520572
395293	P21554	XLXFHIMMQKILJI-UHFFFAOYSA-N	Activity	0.0	50.0	%	19331413
395293	P21554	XLXFHIMMQKILJI-UHFFFAOYSA-N	Ki	1000.0	1000.0	nM	19331413
395395	P21554	XMANBWUPAXKMFT-UHFFFAOYSA-N	Ki	1.97	1.97	nM	18448340
395558	P21554	XMFBNWUMFLMSQY-UHFFFAOYSA-N	Ki	0.8	0.8	nM	18448340
395608	P21554	XMHGCYFBOBAPIQ-UHFFFAOYSA-N	Kd	11.0	11.0	nM	10633038
395618	P21554	XMHRIFZRYCUJAT-UHFFFAOYSA-N	IC50	334.0	334.0	nM	18243711
395647	P21554	XMJJERMECHLDOH-UHFFFAOYSA-N	EC50	0.0	25000.0	nM	25499880,23865723
395787	P21554	XMPBXUZPAWNGDE-UHFFFAOYSA-N	Ki	2100.0	2100.0	nM	18440813
395806	P21554	XMPSSDLCDXMMMJ-UHFFFAOYSA-N	Ki	21.0	21.0	nM	16263283
395872	P21554	XMSSPOBHGWYFIL-YYDVJCTNSA-N	EC50	5.01	5.01	nM	20634067
395872	P21554	XMSSPOBHGWYFIL-YYDVJCTNSA-N	EC50	5.012	5.012	nM	20634067
395921	P21554	XMUYRWBIWMWOQG-UHFFFAOYSA-N	Inhibition	18.0	18.0	%	22916707
395921	P21554	XMUYRWBIWMWOQG-UHFFFAOYSA-N	Ki	1580.0	1580.0	nM	22916707
396022	P21554	XMXHEBAFVSFQEX-UHFFFAOYSA-N	Ki	0.0	10000.0	nM	11750183
396058	P21554	XMYVZURGMHKJPB-VAWYXSNFSA-N	Ki	0.0	10000.0	nM	16213718
396059	P21554	XMYWOFZJZKASQO-UHFFFAOYSA-N	IC50	13.0	13.0	nM	17433696
396075	P21554	XMZSRGIUWAMNDJ-UHFFFAOYSA-N	Activity	20.0	0.0	%	16392827
396143	P21554	XNBXXJFGURNFNP-UHFFFAOYSA-N	Activity	10.0	0.0	%	17915849
396390	P21554	XNKAQWRTJJHSCD-UHFFFAOYSA-N	Activity	10.0	0.0	%	17915849
396455	P21554	XNNGJUPVGNOYRC-UHFFFAOYSA-N	Activity	30.0	0.0	%	25797163
396455	P21554	XNNGJUPVGNOYRC-UHFFFAOYSA-N	Activity	178.7	178.7	%	22571451
396455	P21554	XNNGJUPVGNOYRC-UHFFFAOYSA-N	EC50	760.0	760.0	nM	22571451
396455	P21554	XNNGJUPVGNOYRC-UHFFFAOYSA-N	EC50	1840.0	1840.0	nM	26203658
396455	P21554	XNNGJUPVGNOYRC-UHFFFAOYSA-N	EC50	3420.0	3420.0	nM	26203658
396455	P21554	XNNGJUPVGNOYRC-UHFFFAOYSA-N	EC50	8180.0	8180.0	nM	26203658
396455	P21554	XNNGJUPVGNOYRC-UHFFFAOYSA-N	EC50	20000.0	20000.0	nM	26203658
396455	P21554	XNNGJUPVGNOYRC-UHFFFAOYSA-N	IC50	2500.0	2500.0	nM	25797163
396467	P21554	XNNYTAVOTLXAAJ-UHFFFAOYSA-N	IC50	130.0	130.0	nM	20483606
396511	P21554	XNOVHHIDYPOWLH-PLRJNAJWSA-N	Inhibition	63.0	63.0	%	19520572
396511	P21554	XNOVHHIDYPOWLH-PLRJNAJWSA-N	Ki	1000.0	1000.0	nM	19520572
396512	P21554	XNOVHHIDYPOWLH-UHFFFAOYSA-N	Ki	1000.0	1000.0	nM	19520572
396516	P21554	XNOXOWNYPQUCFU-UHFFFAOYSA-N	Ki	1400.0	1400.0	nM	18430570
396615	P21554	XNSHNAOXDBHXAQ-UHFFFAOYSA-N	Ki	0.0	10000.0	nM	24518874
396688	P21554	XNUFCPOOAGTBKM-IBGZPJMESA-N	Ke	280.0	280.0	nM	22372835
396689	P21554	XNUFCPOOAGTBKM-LJQANCHMSA-N	Ke	171.0	171.0	nM	22372835
396744	P21554	XNWFTRFDCMFMOB-UHFFFAOYSA-N	IC50	46.0	46.0	nM	16263284
396762	P21554	XNXCXJJVMFVWDO-DOFZRALJSA-N	Ki	3500.0	3500.0	nM	16570929
396815	P21554	XNYODZDTBBMWRV-GFCCVEGCSA-N	Ki	2866.0	2866.0	nM	22738271
396817	P21554	XNYODZDTBBMWRV-LBPRGKRZSA-N	Ki	2150.0	2150.0	nM	22738271
396817	P21554	XNYODZDTBBMWRV-LBPRGKRZSA-N	Ki	4652.0	4652.0	nM	22738271
396823	P21554	XNYODZDTBBMWRV-UHFFFAOYSA-N	Ki	2150.0	2150.0	nM	22738271
396854	P21554	XNZCEUIXIZLUQA-UHFFFAOYSA-N	EC50	0.0	32000.0	nM	,PubChem BioAssay data set
396854	P21554	XNZCEUIXIZLUQA-UHFFFAOYSA-N	IC50	0.0	32000.0	nM	,PubChem BioAssay data set
397028	P21554	XOGONVHELNXUGU-AWEZNQCLSA-N	Ki	2.9	2.9	nM	17466519
397042	P21554	XOGVVEYHWCVGSM-UHFFFAOYSA-N	EC50	0.0	3162.28	nM	19010671
397042	P21554	XOGVVEYHWCVGSM-UHFFFAOYSA-N	Efficacy	10.0	0.0	%	19010671
397059	P21554	XOHNDYRNYQARPC-UHFFFAOYSA-N	Activity	68.7	68.7	%	20189815
397059	P21554	XOHNDYRNYQARPC-UHFFFAOYSA-N	Ki	733.0	733.0	nM	20189815
397108	P21554	XOJTWWNRQDBUJQ-UHFFFAOYSA-N	Ke	66.5	66.5	nM	22372835
397108	P21554	XOJTWWNRQDBUJQ-UHFFFAOYSA-N	Ki	184.0	184.0	nM	22372835
397139	P21554	XOLHQUYGSUGTQA-DFGZTGKASA-N	Ki	7050.0	7050.0	nM	24471526
397166	P21554	XOMQERYBMDFBAG-SFQUDFHCSA-N	IC50	0.0	32000.0	nM	PubChem BioAssay data set
397406	P21554	XOUPWLHDBOAHMT-UHFFFAOYSA-N	IC50	6250.0	6250.0	nM	19954978
397489	P21554	XOZIBMDIBNQQDV-FLIBITNWSA-N	Inhibition	13.0	13.0	%	MedChemComm, (2014) 5:5:632
397489	P21554	XOZIBMDIBNQQDV-FLIBITNWSA-N	Ki	0.0	10000.0	nM	MedChemComm, (2014) 5:5:632
397501	P21554	XOZSROHJXDJOTN-NXSKXAQUSA-N	Ki	570.0	570.0	nM	16682198
397511	P21554	XOZZETJMKGWXNS-CQSZACIVSA-N	Ki	0.65	0.65	nM	20971001
397573	P21554	XPCYUTDSRGSELC-UHFFFAOYSA-N	Inhibition	0.0	0.0	%	22916707
397573	P21554	XPCYUTDSRGSELC-UHFFFAOYSA-N	Ki	16200.0	16200.0	nM	22916707
397593	P21554	XPEAOXGBRVOUMK-GAJHUEQPSA-N	EC50	3.2	3.2	nM	19632830
397593	P21554	XPEAOXGBRVOUMK-GAJHUEQPSA-N	IC50	7.5	7.5	nM	19632830
397664	P21554	XPHADQVQXKHSBO-HUUCEWRRSA-N	Ki	14.0	14.0	nM	17521177
397720	P21554	XPJFBDPWHWLIOG-UHFFFAOYSA-N	Ki	170.0	170.0	nM	17561406
397722	P21554	XPJGJCQEVSPUAG-UHFFFAOYSA-N	Activity	141.8	141.8	%	24125850
397947	P21554	XPQHYZCAVQZOCV-UHFFFAOYSA-N	Ki	1100.0	1100.0	nM	19091565
398193	P21554	XQBGHGICHOVVTE-UHFFFAOYSA-N	Ke	15.9	15.9	nM	23098108
398193	P21554	XQBGHGICHOVVTE-UHFFFAOYSA-N	Ki	11.0	11.0	nM	23098108
398334	P21554	XQGJEFOMDMDKQT-UHFFFAOYSA-N	Ki	193.5	193.5	nM	20943290
398397	P21554	XQIUOZXRVSDJGB-UHFFFAOYSA-N	Ke	0.384	0.384	uM	21875798
398397	P21554	XQIUOZXRVSDJGB-UHFFFAOYSA-N	Ki	26.0	26.0	nM	21875798
398397	P21554	XQIUOZXRVSDJGB-UHFFFAOYSA-N	Ki	102.0	102.0	nM	21875798
398449	P21554	XQLXNZCIFOPSBV-UHFFFAOYSA-N	EC50	11.0	11.0	nM	23227781
398449	P21554	XQLXNZCIFOPSBV-UHFFFAOYSA-N	Emax	110.0	110.0	%	23227781
398449	P21554	XQLXNZCIFOPSBV-UHFFFAOYSA-N	IC50	14.0	14.0	nM	23227781
398508	P21554	XQOPWYVOLGNCPQ-OKILXGFUSA-N	EC50	0.0	31622.8	nM	20005703
398527	P21554	XQPAWPWKIALBKU-BVZFJXPGSA-N	Ki	44.0	44.0	nM	20018510
398546	P21554	XQPOHFLWEFPJAR-UHFFFAOYSA-N	Kd	6.31	6.31	nM	20363132
398546	P21554	XQPOHFLWEFPJAR-UHFFFAOYSA-N	Kd	7.943	7.943	nM	20363132
398546	P21554	XQPOHFLWEFPJAR-UHFFFAOYSA-N	Kd	12.59	12.59	nM	20363132
398546	P21554	XQPOHFLWEFPJAR-UHFFFAOYSA-N	Ki	12.9	12.9	nM	20363132
398546	P21554	XQPOHFLWEFPJAR-UHFFFAOYSA-N	Ki	12.9	12.9	nM	20363132
398546	P21554	XQPOHFLWEFPJAR-UHFFFAOYSA-N	Ki	20.0	20.0	nM	20363132
398546	P21554	XQPOHFLWEFPJAR-UHFFFAOYSA-N	Ki	49.0	49.0	nM	20363132
398573	P21554	XQQYSNIMBGWIEC-UHFFFAOYSA-N	EC50	8.0	8.0	nM	15664830
398573	P21554	XQQYSNIMBGWIEC-UHFFFAOYSA-N	IC50	1.3	1.3	nM	15664830,17270441
398601	P21554	XQRZVIKHJWAVPW-JOCHJYFZSA-N	IC50	0.2	0.2	nM	20423086
398604	P21554	XQSBDSKMUJXCRO-UHFFFAOYSA-N	Ki	46.0	46.0	nM	24900484
398623	P21554	XQSQSSKBPGOFTB-UHFFFAOYSA-N	IC50	0.0	32000.0	nM	PubChem BioAssay data set
398786	P21554	XRAAIAQPAUFUOM-UHFFFAOYSA-N	IC50	0.0	100.0	nM	22959249
398854	P21554	XRCNHDKTUWVWGJ-UHFFFAOYSA-N	Ki	28.0	28.0	nM	18311894
398854	P21554	XRCNHDKTUWVWGJ-UHFFFAOYSA-N	Ki	28.18	28.18	nM	18311894
398879	P21554	XRDHVWZYNOSNQZ-UHFFFAOYSA-N	Ki	3870.0	3870.0	nM	23350768
398881	P21554	XRDIITMVNDBOHN-UHFFFAOYSA-N	Ki	324.0	324.0	nM	24141201
398951	P21554	XRGMWXYHDFRREL-UHFFFAOYSA-N	Ki	0.0	10000.0	nM	21428406
398963	P21554	XRHHHGBXPRQTFC-UHFFFAOYSA-N	Ki	1300.0	1300.0	nM	18430570
399073	P21554	XRKWHUJWNHCGIL-DNQXCXABSA-N	Ki	0.0	20000.0	nM	,Bioorg. Med. Chem. Lett., (1996) 6:2:189
399125	P21554	XRNVQLCWOMNTOJ-UHFFFAOYSA-N	IC50	0.0	17000.0	nM	21420860
399215	P21554	XRRLMBGHPWORJQ-UHFFFAOYSA-N	Ki	41.0	41.0	nM	14980654
399298	P21554	XRVDIPMLMCUKKO-QHCPKHFHSA-N	Ki	530.0	530.0	nM	24900793
399562	P21554	XSCJJQLOBRASRL-UHFFFAOYSA-N	Kd	2.512	2.512	nM	16140010
399562	P21554	XSCJJQLOBRASRL-UHFFFAOYSA-N	Ki	30.0	30.0	nM	16140010,21511945,23902803
399578	P21554	XSDISIAXSICJFF-UHFFFAOYSA-N	Ki	2380.0	2380.0	nM	22284817
399728	P21554	XSKFVPLIBOJZFT-UHFFFAOYSA-N	Ki	920.0	920.0	nM	17107792
399922	P21554	XSQCJDUSTSBDCT-UHFFFAOYSA-N	Ki	0.0	20000.0	nM	23072339
400116	P21554	XSWWJHJDEBCLHT-SJLPKXTDSA-N	Ki	0.0	3000.0	nM	20079638
400249	P21554	XTCGEWLVNDEZQH-UHFFFAOYSA-N	Ki	1660.0	1660.0	nM	22548457
400313	P21554	XTESHPWNXCEONX-UHFFFAOYSA-N	EC50	1.2	1.2	nM	18335976
400313	P21554	XTESHPWNXCEONX-UHFFFAOYSA-N	Ki	11.0	11.0	nM	18335976
400347	P21554	XTGHTODIMMNNHA-FQEVSTJZSA-N	Ke	842.0	842.0	nM	22372835
400348	P21554	XTGHTODIMMNNHA-HXUWFJFHSA-N	Ke	52.0	52.0	nM	22372835
400348	P21554	XTGHTODIMMNNHA-HXUWFJFHSA-N	Ki	22.3	22.3	nM	22372835
400492	P21554	XTLDZHVEQHHQBL-UHFFFAOYSA-N	EC50	122.0	122.0	nM	19095444
400492	P21554	XTLDZHVEQHHQBL-UHFFFAOYSA-N	IC50	168.9	168.9	nM	19095444
400626	P21554	XTQROWNAYLNUNH-UHFFFAOYSA-N	Ke	150.0	150.0	nM	22372835
400638	P21554	XTRAKSRSUMWOJX-UHFFFAOYSA-N	EC50	1650.0	1650.0	nM	19062274
400638	P21554	XTRAKSRSUMWOJX-UHFFFAOYSA-N	Emax	48.0	48.0	%	19062274
400654	P21554	XTRSXUZGIWXJTF-UHFFFAOYSA-N	Activity	40.1	40.1	%	16392827
400654	P21554	XTRSXUZGIWXJTF-UHFFFAOYSA-N	Displacement	15.3	15.3	%	10465552
400654	P21554	XTRSXUZGIWXJTF-UHFFFAOYSA-N	Displacement	62.5	62.5	%	11960486,10465552
400783	P21554	XTVZJIDRTVYPDT-UHFFFAOYSA-N	Ki	18.0	18.0	nM	17513109
401045	P21554	XUGNVMKQXJXZCD-UHFFFAOYSA-N	Inhibition	8.0	8.0	%	14521402
401271	P21554	XUNRETRJSBBZRI-UHFFFAOYSA-N	Ki	6990.0	6990.0	nM	19091565
401348	P21554	XURGCSXOVSOUHR-UHFFFAOYSA-N	IC50	15.0	15.0	nM	20483606
401491	P21554	XUVLWOMQFOJIDP-KTKRTIGZSA-N	Ki	0.0	10000.0	nM	16213718
401506	P21554	XUWAFIRGUZGIAA-UHFFFAOYSA-N	Activity	124.4	124.4	%	24125850
401618	P21554	XUZTUGWOFAKLPB-UHFFFAOYSA-N	Inhibition	30.0	30.0	%	21923175
401682	P21554	XVCLOYOIVUAIEU-UHFFFAOYSA-N	Inhibition	67.0	67.0	%	19520572
401682	P21554	XVCLOYOIVUAIEU-UHFFFAOYSA-N	Ki	1177.0	1177.0	nM	19520572
401761	P21554	XVEVUOUYQFTGST-IEBWSBKVSA-N	Ki	1830.0	1830.0	nM	24175572
401764	P21554	XVEXONDXMBEISU-UHFFFAOYSA-N	Ki	2.03	2.03	nM	22548457
401794	P21554	XVGBNAVZMALDKB-UHFFFAOYSA-N	Ki	4100.0	4100.0	nM	20005710
401801	P21554	XVGJQASFRRXJNE-UHFFFAOYSA-N	Ki	368.0	368.0	nM	20979417
401878	P21554	XVIZDQJZPXDFPV-UHFFFAOYSA-N	Ki	200.0	200.0	nM	17107792
401945	P21554	XVKVZJRZDGREIP-UHFFFAOYSA-N	Inhibition	95.0	95.0	%	18083560
401945	P21554	XVKVZJRZDGREIP-UHFFFAOYSA-N	Ki	90.0	90.0	nM	18083560
401980	P21554	XVMQWFQVWAELNC-PYCFMQQDSA-N	Ki	1.0	1.0	nM	18977140
402204	P21554	XVUZVWSGEMVJHM-WOJBJXKFSA-N	Ki	129.0	129.0	nM	24175572
402276	P21554	XVYHROZUQPHJKX-DIBXZPPDSA-N	Ki	1945.0	1945.0	nM	9857088
402276	P21554	XVYHROZUQPHJKX-DIBXZPPDSA-N	Ki	2178.0	2178.0	nM	9857088
402277	P21554	XVYHROZUQPHJKX-ZXVVBBHZSA-N	Ki	2.89	2.89	nM	9857088
402277	P21554	XVYHROZUQPHJKX-ZXVVBBHZSA-N	Ki	2.9	2.9	nM	9857088
402277	P21554	XVYHROZUQPHJKX-ZXVVBBHZSA-N	Ki	9.4	9.4	nM	9857088
402277	P21554	XVYHROZUQPHJKX-ZXVVBBHZSA-N	Ki	9.44	9.44	nM	9857088
402277	P21554	XVYHROZUQPHJKX-ZXVVBBHZSA-N	Ki	602.0	602.0	nM	9857088
402334	P21554	XWAMKQOUIYTFGS-UHFFFAOYSA-N	Activity	20.0	0.0	%	16392793
402479	P21554	XWGGGOMMJKYRJR-PDPYFOFASA-N	Ki	8.0	8.0	nM	12747783
402521	P21554	XWHZJJKASNBFIQ-UHFFFAOYSA-N	Ki	0.0	10000.0	nM	22738271
402563	P21554	XWJPOGCJDVNBSA-RBUKOAKNSA-N	IC50	400.0	400.0	nM	19320488
402566	P21554	XWJUTMNFVDNIKV-UHFFFAOYSA-N	EC50	0.0	10000.0	nM	19743867
402692	P21554	XWPJLGDKHKMXNQ-UHFFFAOYSA-N	Ki	523.0	523.0	nM	23350768,26922225
402716	P21554	XWPZSGIMVXVXID-UHFFFAOYSA-N	EC50	913.0	913.0	nM	24461289
402716	P21554	XWPZSGIMVXVXID-UHFFFAOYSA-N	Emax	87.0	87.0	%	24461289
402721	P21554	XWQCEKPUKCEUCO-UHFFFAOYSA-N	EC50	50.0	50.0	nM	15664830
402721	P21554	XWQCEKPUKCEUCO-UHFFFAOYSA-N	IC50	1.7	1.7	nM	15664830
402742	P21554	XWQSBKBQIGRLGN-UHFFFAOYSA-N	Activity	47.1	47.1	%	17915849
402942	P21554	XWYYGTIRKGCPQP-UHFFFAOYSA-N	EC50	0.0	100000.0	nM	23795771
403093	P21554	XXEKUHPLQBJSJY-UHFFFAOYSA-N	Ki	3800.0	3800.0	nM	24378710
403194	P21554	XXIXUFWGNLLBPB-UHFFFAOYSA-N	Inhibition	42.0	42.0	%	21923175
403392	P21554	XXPWCWGFJLGBFN-UHFFFAOYSA-N	Ki	1795.0	1795.0	nM	23350768
403404	P21554	XXQJZERJMPSQHM-UHFFFAOYSA-N	IC50	3.2	3.2	nM	19328684
403451	P21554	XXSLJISEFOLKBX-HSZRJFAPSA-N	IC50	20.0	20.0	nM	19954978
403573	P21554	XXWLQWYWNHMXLF-UHFFFAOYSA-N	IC50	15.0	15.0	nM	19954978
403735	P21554	XYCUPWIQTMBVDZ-UHFFFAOYSA-N	Activity	23.4	23.4	%	16392827
404113	P21554	XYRMLZVYRVONRR-PEZBUJJGSA-N	IC50	0.0	50000.0	nM	17643986
404283	P21554	XYZIABOZRNHKSV-UHFFFAOYSA-N	Ki	0.26	0.26	nM	24900484
404283	P21554	XYZIABOZRNHKSV-UHFFFAOYSA-N	Ki	1.6	1.6	nM	24900484
404329	P21554	XZBHQISWFMCUHI-QGZVFWFLSA-N	Ki	1154.0	1154.0	nM	16392793
404332	P21554	XZBHQISWFMCUHI-UHFFFAOYSA-N	Activity	68.3	68.3	%	16392793
404351	P21554	XZBZPOIEJAJRKK-UHFFFAOYSA-N	Ki	0.11	0.11	nM	24900484
404351	P21554	XZBZPOIEJAJRKK-UHFFFAOYSA-N	Ki	0.41	0.41	nM	24900484
404553	P21554	XZJATQYWUWHUBJ-UHFFFAOYSA-N	Activity	72.2	72.2	%	16392827
404633	P21554	XZLHEBHGANHBEG-UHFFFAOYSA-N	Ki	0.0	20000.0	nM	23072339
404827	P21554	XZTILQZICIFCGW-UHFFFAOYSA-N	Activity	21.3	21.3	%	16392827
404827	P21554	XZTILQZICIFCGW-UHFFFAOYSA-N	Displacement	35.4	35.4	%	11960486,10465552
404845	P21554	XZTXSXYHPMFGCZ-UHFFFAOYSA-N	Displacement	51.3	51.3	%	11960486,10465552
404950	P21554	XZXYNHFMRCYUJT-HNNXBMFYSA-N	Ki	0.0	50.0	nM	19143566
404953	P21554	XZXZGCFBSYLNCP-UHFFFAOYSA-N	EC50	0.0	17000.0	nM	24461289
405024	P21554	YABALQKENOWPKZ-UHFFFAOYSA-N	IC50	33.6	33.6	nM	19530697
405083	P21554	YAEAQUQAXZTTPU-UHFFFAOYSA-N	Ki	800.0	800.0	nM	22044209
405123	P21554	YAFPZDPJHSGEQG-UHFFFAOYSA-N	EC50	0.0	32000.0	nM	,PubChem BioAssay data set
405123	P21554	YAFPZDPJHSGEQG-UHFFFAOYSA-N	IC50	3310.0	3310.0	nM	,PubChem BioAssay data set
405150	P21554	YAHDQRFNBQNFMA-UHFFFAOYSA-N	Displacement	51.4	51.4	%	11960486,10465552
405232	P21554	YAKMQYYIRBCXQX-UHFFFAOYSA-N	IC50	3.2	3.2	nM	20483606
405317	P21554	YANPAVHFFWLLEL-ICSRJNTNSA-N	Kb	7.1	7.1	nM	17383180
405317	P21554	YANPAVHFFWLLEL-ICSRJNTNSA-N	Ki	29.0	29.0	nM	17383180
405320	P21554	YANPAVHFFWLLEL-UHFFFAOYSA-N	Ki	29.0	29.0	nM	17383180
405320	P21554	YANPAVHFFWLLEL-UHFFFAOYSA-N	Ki	97.0	97.0	nM	17383180
405321	P21554	YANPAVHFFWLLEL-UYAOXDASSA-N	Kb	22.0	22.0	nM	17383180
405321	P21554	YANPAVHFFWLLEL-UYAOXDASSA-N	Ki	97.0	97.0	nM	17383180
405325	P21554	YANWTXKOZJQDSK-UHFFFAOYSA-N	EC50	8500.0	8500.0	nM	21115245
405340	P21554	YAOJEHCXNSTNAD-UHFFFAOYSA-N	Ki	9.0	9.0	nM	23623258
405387	P21554	YAPKXFBMWACFBF-UHFFFAOYSA-N	EC50	0.0	10000.0	nM	23147076
405522	P21554	YASZRXHHZSXNQI-VRHVUSBISA-N	IC50	41.0	41.0	nM	21376588
405720	P21554	YBALYSCCSWPJFU-UHFFFAOYSA-N	IC50	45.0	45.0	nM	20719511
405721	P21554	YBAMKQFFVRKROL-UHFFFAOYSA-N	EC50	0.0	32000.0	nM	PubChem BioAssay data set
405721	P21554	YBAMKQFFVRKROL-UHFFFAOYSA-N	IC50	0.0	32000.0	nM	,PubChem BioAssay data set
405973	P21554	YBIUOMLOKZWUCT-UHFFFAOYSA-N	Ki	2001.0	2001.0	nM	16451053
406032	P21554	YBLJJAWMZRMZDW-XJMNNFRSSA-N	Ki	3830.0	3830.0	nM	24831513
406214	P21554	YBTRRYYNHWVJLG-UHFFFAOYSA-N	IC50	6000.0	6000.0	nM	20615693
406510	P21554	YCFZFWXDBBGAGB-UHFFFAOYSA-N	IC50	2.2	2.2	nM	19328684
406528	P21554	YCGOPHXHDMACLT-UHFFFAOYSA-N	IC50	248.9	248.9	nM	19530697
406555	P21554	YCHMGAJMBZTAKA-UHFFFAOYSA-N	Ki	56.0	56.0	nM	17561406
406573	P21554	YCHYFHOSGQABSW-RTBURBONSA-N	EC50	927.0	927.0	nM	23865723
406573	P21554	YCHYFHOSGQABSW-RTBURBONSA-N	Ki	5.7	5.7	nM	24731541
406573	P21554	YCHYFHOSGQABSW-RTBURBONSA-N	Ki	32.0	32.0	nM	23865723
406573	P21554	YCHYFHOSGQABSW-RTBURBONSA-N	Ki	32.3	32.3	nM	23865723
406573	P21554	YCHYFHOSGQABSW-RTBURBONSA-N	Ki	32.3	32.3	nM	23865723
406664	P21554	YCKWOXSLVHBVIX-UHFFFAOYSA-N	Ki	0.0	10000.0	nM	21428406
406839	P21554	YCSPWMPBFWQFTH-UHFFFAOYSA-N	Ki	5.984	5.984	nM	Med Chem Res, (2013) 22:9:4133
406839	P21554	YCSPWMPBFWQFTH-UHFFFAOYSA-N	Ki	6.0	6.0	nM	Med Chem Res, (2013) 22:9:4133
406914	P21554	YCUXLBRKJVWVHW-DNVKUUNQSA-N	Inhibition	33.0	33.0	%	18430570
406914	P21554	YCUXLBRKJVWVHW-DNVKUUNQSA-N	Ki	0.0	1000.0	nM	18430570
406927	P21554	YCVHHBIJYZETRR-UHFFFAOYSA-N	Kb	18.0	18.0	nM	17383180
406927	P21554	YCVHHBIJYZETRR-UHFFFAOYSA-N	Ki	3.9	3.9	nM	17383180
406927	P21554	YCVHHBIJYZETRR-UHFFFAOYSA-N	Ki	3.9	3.9	nM	17383180
406927	P21554	YCVHHBIJYZETRR-UHFFFAOYSA-N	Ki	48.0	48.0	nM	14980654
406993	P21554	YCXKROLNLSCXPB-UHFFFAOYSA-N	Ke	17.0	17.0	nM	24041123
407026	P21554	YCYPTKGWJASRLD-UHFFFAOYSA-N	EC50	0.6	0.6	nM	19320488
407026	P21554	YCYPTKGWJASRLD-UHFFFAOYSA-N	IC50	95.0	95.0	nM	19320488
407041	P21554	YCZPYDVNSNZYLX-UHFFFAOYSA-N	Ki	0.0	3000.0	nM	24508127
407044	P21554	YCZXIDYLPDMJNU-UXBLZVDNSA-N	Activity	3.25	3.25	%	21074998
407044	P21554	YCZXIDYLPDMJNU-UXBLZVDNSA-N	IC50	0.0	10000.0	nM	21074998
407044	P21554	YCZXIDYLPDMJNU-UXBLZVDNSA-N	Ki	0.0	10000.0	nM	21074998
407052	P21554	YDACQIWLKDKRBL-UHFFFAOYSA-N	Ki	389.0	389.0	nM	22738271
407079	P21554	YDAOOKHAUNUOLJ-UHFFFAOYSA-N	IC50	2000.0	2000.0	nM	20643546
407153	P21554	YDCTWGDCYUTKLP-MHECFPHRSA-N	IC50	14.0	14.0	nM	17181138
407167	P21554	YDDAIFXAUXVOFU-OAQYLSRUSA-N	IC50	2.0	2.0	nM	20423086
407378	P21554	YDKRGMXLBRWZJR-KTKRTIGZSA-N	Ki	0.0	10000.0	nM	9057852
407438	P21554	YDMFQRINHJCRDN-QXMHVHEDSA-N	Ki	600.0	600.0	nM	16213718
407438	P21554	YDMFQRINHJCRDN-QXMHVHEDSA-N	Ki	800.0	800.0	nM	16213718
407790	P21554	YDYHNPCJDOAHPS-UHFFFAOYSA-N	Ki	0.0	10000.0	nM	19921781
408027	P21554	YEGAYNNVHYHYEO-UHFFFAOYSA-N	Activity	57.1	57.1	%	16451053
408027	P21554	YEGAYNNVHYHYEO-UHFFFAOYSA-N	Emax	-70.0	-70.0	%	16451053
408027	P21554	YEGAYNNVHYHYEO-UHFFFAOYSA-N	Ki	6296.0	6296.0	nM	16451053
408032	P21554	YEGILKGBPDUDEG-UHFFFAOYSA-N	Ki	0.0	20000.0	nM	23072339
408190	P21554	YELPJZYQBXJZNM-VNYPPZAHSA-N	IC50	0.0	100.0	nM	22959249
408195	P21554	YELUQKWRFGRRHG-UHFFFAOYSA-N	Ki	2.9	2.9	nM	22437111
408229	P21554	YENIFZDSHFOQSG-UQIIZPHYSA-N	EC50	1258.93	1258.93	nM	21074434
408453	P21554	YEWKIZMKNASFIA-UHFFFAOYSA-N	Decrease	-74.0	-74.0	%	15801840
408453	P21554	YEWKIZMKNASFIA-UHFFFAOYSA-N	Ki	1738.0	1738.0	nM	15801840
408488	P21554	YEXZHRWGSJYAAA-UHFFFAOYSA-N	Activity	170.9	170.9	%	22571451
408488	P21554	YEXZHRWGSJYAAA-UHFFFAOYSA-N	EC50	1530.0	1530.0	nM	22571451
408582	P21554	YFCBEUZEPPCELQ-UHFFFAOYSA-N	Ki	12.9	12.9	nM	23085772
408660	P21554	YFFXLLWRNNJUHU-NVHKAFQKSA-N	IC50	70.0	70.0	nM	22959249
408729	P21554	YFIBTPCBIAMZLW-GOSISDBHSA-N	IC50	0.0	10000.0	nM	18440813
408922	P21554	YFPOEFGJMGESDL-DEOSSOPVSA-N	IC50	0.0	2000.0	nM	22421019
408922	P21554	YFPOEFGJMGESDL-DEOSSOPVSA-N	Ki	34.0	34.0	nM	22421019
408925	P21554	YFPOEFGJMGESDL-XMMPIXPASA-N	IC50	0.0	2000.0	nM	22421019
408925	P21554	YFPOEFGJMGESDL-XMMPIXPASA-N	Ki	69.0	69.0	nM	22421019
409006	P21554	YFSXRZIBARSKDN-UHFFFAOYSA-N	Ki	102.0	102.0	nM	22738271
409155	P21554	YFXVGLMPSZFQLX-UHFFFAOYSA-N	Activity	20.0	0.0	%	16392793
409247	P21554	YGAKCSKFGGMSCU-UHFFFAOYSA-N	Ki	33.0	33.0	nM	17513109
409363	P21554	YGEAEJNUKIWJMJ-UHFFFAOYSA-N	Activity	60.0	60.0	%	19520572
409363	P21554	YGEAEJNUKIWJMJ-UHFFFAOYSA-N	EC50	400.0	400.0	nM	19520572
409363	P21554	YGEAEJNUKIWJMJ-UHFFFAOYSA-N	Inhibition	94.0	94.0	%	19520572
409363	P21554	YGEAEJNUKIWJMJ-UHFFFAOYSA-N	Ki	325.0	325.0	nM	19520572
409385	P21554	YGEXFPZQFOIBEU-UHFFFAOYSA-N	Ki	190.0	190.0	nM	17561406
409402	P21554	YGFOYDBZLKHHSA-UHFFFAOYSA-N	Ke	0.304	0.304	uM	21875798
409402	P21554	YGFOYDBZLKHHSA-UHFFFAOYSA-N	Ki	20.0	20.0	nM	21875798
409402	P21554	YGFOYDBZLKHHSA-UHFFFAOYSA-N	Ki	49.0	49.0	nM	21875798
409478	P21554	YGHYLQCCZKDSKS-UHFFFAOYSA-N	Ki	2500.0	2500.0	nM	20005710,21183257
409495	P21554	YGILMJYQKXFDDM-UHFFFAOYSA-N	Ki	2500.0	2500.0	nM	20005710
409527	P21554	YGJOOZCAQVAHOP-UHFFFAOYSA-N	Ki	2100.0	2100.0	nM	21183257
409588	P21554	YGLUVTVRMKRTQV-UHFFFAOYSA-N	EC50	0.0	10000.0	nM	18680277
409599	P21554	YGMBRTXNNDMADZ-UHFFFAOYSA-N	IC50	8.2	8.2	nM	20483606
409601	P21554	YGMGWGADHQSGSG-UHFFFAOYSA-N	IC50	9.3	9.3	nM	17107792
409647	P21554	YGNQQFVUJALCEB-UHFFFAOYSA-N	IC50	90.0	90.0	nM	22340081
409649	P21554	YGNQQLUXHGNAEG-UHFFFAOYSA-N	Ki	0.0	10000.0	nM	25599952,21702498
409886	P21554	YGUUURKMKPALCH-UHFFFAOYSA-N	Ki	776.25	776.25	nM	18311894
409886	P21554	YGUUURKMKPALCH-UHFFFAOYSA-N	Ki	780.0	780.0	nM	21183257
409886	P21554	YGUUURKMKPALCH-UHFFFAOYSA-N	Ki	783.0	783.0	nM	18311894
409983	P21554	YGYOXYYVENEFEV-UHFFFAOYSA-N	Ki	216.0	216.0	nM	18335976
410042	P21554	YHBNPNAGQBLYFP-UHFFFAOYSA-N	Ki	0.0	5000.0	nM	22444677
410089	P21554	YHEDEADKZYYKCL-UHFFFAOYSA-N	Activity	57.8	57.8	%	16451053
410089	P21554	YHEDEADKZYYKCL-UHFFFAOYSA-N	Emax	-70.0	-70.0	%	16451053
410089	P21554	YHEDEADKZYYKCL-UHFFFAOYSA-N	Ki	6456.0	6456.0	nM	16451053
410101	P21554	YHEFFMMBNKEYRJ-UHFFFAOYSA-N	Kd	5.012	5.012	nM	14736243
410101	P21554	YHEFFMMBNKEYRJ-UHFFFAOYSA-N	Ki	75.4	75.4	nM	14736243
410175	P21554	YHFYIWRVJLIUGZ-FYYUSBCQSA-N	Ki	178.7	178.7	nM	23085772
410197	P21554	YHGUWSTYRLHMRJ-MRXNPFEDSA-N	Ki	14.3	14.3	nM	18680276
410206	P21554	YHHGAMZNCYGKKD-UHFFFAOYSA-N	Ki	0.0	10000.0	nM	20718492,21183257
410294	P21554	YHKPMVCCUDABBU-UHFFFAOYSA-N	EC50	390.0	390.0	nM	19062274
410294	P21554	YHKPMVCCUDABBU-UHFFFAOYSA-N	Emax	40.0	40.0	%	19062274
410363	P21554	YHNPYJODGMGFSJ-UHFFFAOYSA-N	Inhibition	-1.0	-1.0	%	16610800
410376	P21554	YHNZZKJGERGDQX-NRFANRHFSA-N	Ki	1877.0	1877.0	nM	22421019
410395	P21554	YHONTRPKANXJPY-UHFFFAOYSA-N	Activity	10.0	10.0	%	20584609
410395	P21554	YHONTRPKANXJPY-UHFFFAOYSA-N	EC50	15.0	15.0	nM	20584609
410395	P21554	YHONTRPKANXJPY-UHFFFAOYSA-N	IC50	1.4	1.4	nM	20584609
410447	P21554	YHQNHNDKRMKNNN-UHFFFAOYSA-N	Activity	4.7	4.7	%	19091565
410517	P21554	YHSVWWIRWSQOCO-MGPUTAFESA-N	IC50	1677.0	1677.0	nM	17293109
410517	P21554	YHSVWWIRWSQOCO-MGPUTAFESA-N	IC50	1698.24	1698.24	nM	19406638
410519	P21554	YHSVWWIRWSQOCO-UHFFFAOYSA-N	IC50	1698.24	1698.24	nM	19406638
410638	P21554	YHYFBIDRNOUKBC-UHFFFAOYSA-N	EC50	0.0	32000.0	nM	PubChem BioAssay data set
410638	P21554	YHYFBIDRNOUKBC-UHFFFAOYSA-N	IC50	0.0	32000.0	nM	,PubChem BioAssay data set
410758	P21554	YIEVWZCZMDYKQH-UHFFFAOYSA-N	EC50	6.0	6.0	nM	22284817
410758	P21554	YIEVWZCZMDYKQH-UHFFFAOYSA-N	Emax	115.0	115.0	%	22284817
410758	P21554	YIEVWZCZMDYKQH-UHFFFAOYSA-N	Ki	3.0	3.0	nM	22284817
410922	P21554	YIJJJJWZXATIQL-UHFFFAOYSA-N	EC50	0.0	3162.28	nM	19010671
410922	P21554	YIJJJJWZXATIQL-UHFFFAOYSA-N	Efficacy	7.0	7.0	%	19010671
410938	P21554	YIJTUAAKYALJPU-UHFFFAOYSA-N	IC50	25.12	25.12	nM	19338356
410938	P21554	YIJTUAAKYALJPU-UHFFFAOYSA-N	Ki	1.585	1.585	nM	19338356
410938	P21554	YIJTUAAKYALJPU-UHFFFAOYSA-N	Ki	1.6	1.6	nM	19338356
411078	P21554	YIPMASQTIFKNNK-CQERKEQDSA-N	EC50	10.0	10.0	nM	21074434
411079	P21554	YIPMASQTIFKNNK-MGBOEYOKSA-N	EC50	1995.26	1995.26	nM	21074434
411160	P21554	YISNSDXPXOUONZ-UHFFFAOYSA-N	EC50	0.0	32000.0	nM	,PubChem BioAssay data set
411160	P21554	YISNSDXPXOUONZ-UHFFFAOYSA-N	IC50	15800.0	15800.0	nM	,PubChem BioAssay data set
411163	P21554	YISUQIDKCAULIU-UHFFFAOYSA-N	Ki	31.1	31.1	nM	Med Chem Res, (2013) 22:9:4133
411163	P21554	YISUQIDKCAULIU-UHFFFAOYSA-N	Ki	31.12	31.12	nM	Med Chem Res, (2013) 22:9:4133
411278	P21554	YIYAOMUUXPETBC-UHFFFAOYSA-N	Ki	77.0	77.0	nM	24182233
411537	P21554	YJIRWQOGDZGCGD-UHFFFAOYSA-N	Activity	0.0	10.0	%	21074998
411537	P21554	YJIRWQOGDZGCGD-UHFFFAOYSA-N	IC50	0.0	10000.0	nM	21074998
411537	P21554	YJIRWQOGDZGCGD-UHFFFAOYSA-N	Ki	0.0	10000.0	nM	21074998
411595	P21554	YJKQHGPKXWKUOY-UHFFFAOYSA-N	Ki	0.0	5000.0	nM	22444677
411825	P21554	YJSDMQHDAOUJBO-UHFFFAOYSA-N	Ki	0.0	20000.0	nM	23072339
411859	P21554	YJTVSGRVBAKCLX-UHFFFAOYSA-N	Activity	10.0	0.0	%	16451053
411861	P21554	YJTWMZAVLSDQNV-UHFFFAOYSA-N	Ki	211.0	211.0	nM	20943290
411895	P21554	YJVCGXRAFBTMDS-UHFFFAOYSA-N	Activity	0.0	50.0	%	19331413
411895	P21554	YJVCGXRAFBTMDS-UHFFFAOYSA-N	Ki	2410.0	2410.0	nM	19331413
411895	P21554	YJVCGXRAFBTMDS-UHFFFAOYSA-N	Ki	2511.89	2511.89	nM	19331413
411895	P21554	YJVCGXRAFBTMDS-UHFFFAOYSA-N	Ki	2512.0	2512.0	nM	19331413
411914	P21554	YJWAFGIHWKDOSR-UHFFFAOYSA-N	Ki	0.0	20000.0	nM	23406429
411951	P21554	YJWNGKRHJQYLRY-UHFFFAOYSA-N	IC50	403.0	403.0	nM	20047779
411951	P21554	YJWNGKRHJQYLRY-UHFFFAOYSA-N	Ki	732.0	732.0	nM	20047779
411983	P21554	YJXIZDCRAMKGID-KRWDZBQOSA-N	EC50	251.19	251.19	nM	21316962
412016	P21554	YJYJBZMXVMFDSU-UHFFFAOYSA-N	Activity	23.9	23.9	%	24125850
412020	P21554	YJYLNDWLTXTODC-UHFFFAOYSA-N	Inhibition	13.0	13.0	%	21923175
412146	P21554	YKCGVZLOUWPCIB-UXBLZVDNSA-N	Activity	50.0	0.0	%	21074998
412146	P21554	YKCGVZLOUWPCIB-UXBLZVDNSA-N	IC50	0.0	10000.0	nM	21074998
412146	P21554	YKCGVZLOUWPCIB-UXBLZVDNSA-N	Ki	0.0	10000.0	nM	21074998
412348	P21554	YKKVBHCDPMQIEG-UHFFFAOYSA-N	EC50	0.0	1000.0	nM	18640038
412348	P21554	YKKVBHCDPMQIEG-UHFFFAOYSA-N	EC50	3030.0	3030.0	nM	18640038
412348	P21554	YKKVBHCDPMQIEG-UHFFFAOYSA-N	Emax	17.0	17.0	%	18640038
412348	P21554	YKKVBHCDPMQIEG-UHFFFAOYSA-N	Emax	36.0	36.0	%	18640038
412368	P21554	YKLSZNWGSXYNNL-UHFFFAOYSA-N	EC50	35.5	35.5	nM	18712856
412368	P21554	YKLSZNWGSXYNNL-UHFFFAOYSA-N	IC50	28.3	28.3	nM	18712856
412387	P21554	YKMOKNGXGVSTSS-UHFFFAOYSA-N	Ki	430.0	430.0	nM	24729834
412419	P21554	YKNYSDQHAPRCJG-UHFFFAOYSA-N	Activity	64.8	64.8	%	16392793
412470	P21554	YKPOQYNBJYATAX-UHFFFAOYSA-N	Ki	3170.0	3170.0	nM	24602792
412481	P21554	YKPUWZUDDOIDPM-SOFGYWHQSA-N	Ki	0.0	10000.0	nM	19361197
412482	P21554	YKPUWZUDDOIDPM-UHFFFAOYSA-N	Ki	0.0	10000.0	nM	19361197,15356216
412488	P21554	YKPXWJVHLHTGOJ-UHFFFAOYSA-N	Ki	0.0	10000.0	nM	18311894
412488	P21554	YKPXWJVHLHTGOJ-UHFFFAOYSA-N	Ki	10000.0	0.0	nM	18311894
412543	P21554	YKSOYOBAOKSFBF-UHFFFAOYSA-N	Kd	1.0	1.0	nM	20137935
412543	P21554	YKSOYOBAOKSFBF-UHFFFAOYSA-N	Ki	7.5	7.5	nM	20137935
412739	P21554	YLAXCBARKHQKRF-UHFFFAOYSA-N	Ki	0.0	10000.0	nM	21183257
412828	P21554	YLEARPUNMCCKMP-DOFZRALJSA-N	Inhibition	43.0	43.0	%	MedChemComm, (2014) 5:5:632
412828	P21554	YLEARPUNMCCKMP-DOFZRALJSA-N	Ki	0.0	10000.0	nM	MedChemComm, (2014) 5:5:632
412880	P21554	YLFLZSQBPHMIBS-GKFVBPDJSA-N	Ki	7.3	7.3	nM	9057852
412966	P21554	YLIXLLSBKDRQPU-UHFFFAOYSA-N	IC50	200.0	200.0	nM	22340081
412970	P21554	YLJBAIQQTOWVSQ-UHFFFAOYSA-N	Ki	2914.0	2914.0	nM	17884494
413001	P21554	YLJREFDVOIBQDA-UHFFFAOYSA-N	Ki	0.0	1000.0	nM	20047331
413001	P21554	YLJREFDVOIBQDA-UHFFFAOYSA-N	Ki	1000.0	1000.0	nM	20047331
413044	P21554	YLLLJPQMVLRJGB-UHFFFAOYSA-N	Ki	1473.0	1473.0	nM	17884494
413258	P21554	YLTLRDJKZPGADA-UHFFFAOYSA-N	Displacement	46.8	46.8	%	11960486,10465552
413296	P21554	YLVMXWNZELVYJA-UHFFFAOYSA-N	EC50	243.0	243.0	nM	23147076
413296	P21554	YLVMXWNZELVYJA-UHFFFAOYSA-N	Efficacy	96.0	96.0	%	23147076
413563	P21554	YMECBHZDWSYBIQ-UHFFFAOYSA-N	Ki	0.0	2500.0	nM	17107792
413649	P21554	YMHFHDKDDMBMLK-UHFFFAOYSA-N	IC50	4.3	4.3	nM	20483606
413682	P21554	YMIVMZWPBGUNRO-UHFFFAOYSA-N	Activity	45.0	45.0	%	23679955
413682	P21554	YMIVMZWPBGUNRO-UHFFFAOYSA-N	Ki	10000.0	10000.0	nM	23679955
413732	P21554	YMKSWEWZDCGBFE-UHFFFAOYSA-N	EC50	0.0	3162.28	nM	19010671
413732	P21554	YMKSWEWZDCGBFE-UHFFFAOYSA-N	Efficacy	7.0	7.0	%	19010671
413919	P21554	YMSCAKAZSHMHCT-UHFFFAOYSA-N	Ki	228.0	228.0	nM	18311894,21183257
413919	P21554	YMSCAKAZSHMHCT-UHFFFAOYSA-N	Ki	229.09	229.09	nM	18311894
414154	P21554	YMYYGMHEAJZHFP-GQCTYLIASA-N	Kd	20.9	20.9	nM	10633038
414220	P21554	YNBLMNMHRYWGHL-UHFFFAOYSA-N	Ki	4.9	4.9	nM	22437111
414349	P21554	YNFKZGWEHWNWDI-JOCHJYFZSA-N	IC50	0.2	0.2	nM	20423086
414360	P21554	YNFZOBCSHAKXPA-UHFFFAOYSA-N	Ke	2.3	2.3	nM	24041123
414360	P21554	YNFZOBCSHAKXPA-UHFFFAOYSA-N	Ki	3.57	3.57	nM	,None,24041123
414432	P21554	YNHUJCRFFWWTHM-UHFFFAOYSA-N	Ki	0.0	3000.0	nM	18311894
414432	P21554	YNHUJCRFFWWTHM-UHFFFAOYSA-N	Ki	0.0	3019.95	nM	18311894
414432	P21554	YNHUJCRFFWWTHM-UHFFFAOYSA-N	Ki	2951.0	2951.0	nM	21183257
414569	P21554	YNLWWYZTNZMXTK-UHFFFAOYSA-N	IC50	0.5129	0.5129	nM	21334892
414569	P21554	YNLWWYZTNZMXTK-UHFFFAOYSA-N	IC50	0.513	0.513	nM	21334892
414639	P21554	YNNGWUSUIOJCIL-UHFFFAOYSA-N	Activity	55.8	55.8	%	17915849
414639	P21554	YNNGWUSUIOJCIL-UHFFFAOYSA-N	Activity	56.0	56.0	%	17915849
414649	P21554	YNNMYYFUBWIVHE-YUZOCMECSA-N	Ki	78.97	78.97	nM	17827022
414794	P21554	YNPOEKHFIJKRHU-UHFFFAOYSA-N	Ki	0.0	10000.0	nM	21702498
414838	P21554	YNRPMBSGOCKZJH-UHFFFAOYSA-N	Ki	0.0	10000.0	nM	20718492,21183257
414978	P21554	YNWOMOUVWNKICO-UHFFFAOYSA-N	Inhibition	0.0	0.0	%	22916707
414978	P21554	YNWOMOUVWNKICO-UHFFFAOYSA-N	Ki	1170.0	1170.0	nM	22916707
415037	P21554	YNZFFALZMRAPHQ-SYYKKAFVSA-N	Activity	100.0	100.0	%	19500981
415037	P21554	YNZFFALZMRAPHQ-SYYKKAFVSA-N	Activity	104.3	104.3	%	26035635,21667972
415037	P21554	YNZFFALZMRAPHQ-SYYKKAFVSA-N	Activity	161.0	161.0	%	MedChemComm, (2014) 5:5:632
415037	P21554	YNZFFALZMRAPHQ-SYYKKAFVSA-N	Activity	228.0	228.0	%	19278853
415037	P21554	YNZFFALZMRAPHQ-SYYKKAFVSA-N	Bmax	1.0	1.0	pmol/mg	17004712
415037	P21554	YNZFFALZMRAPHQ-SYYKKAFVSA-N	EC50	0.26	0.26	nM	18680277
415037	P21554	YNZFFALZMRAPHQ-SYYKKAFVSA-N	EC50	0.28	0.28	nM	17630726
415037	P21554	YNZFFALZMRAPHQ-SYYKKAFVSA-N	EC50	0.437	0.437	nM	26203658
415037	P21554	YNZFFALZMRAPHQ-SYYKKAFVSA-N	EC50	0.437	0.437	nM	26203658
415037	P21554	YNZFFALZMRAPHQ-SYYKKAFVSA-N	EC50	0.631	0.631	nM	21885167
415037	P21554	YNZFFALZMRAPHQ-SYYKKAFVSA-N	EC50	0.7	0.7	nM	23085772
415037	P21554	YNZFFALZMRAPHQ-SYYKKAFVSA-N	EC50	1.259	1.259	nM	20688519
415037	P21554	YNZFFALZMRAPHQ-SYYKKAFVSA-N	EC50	1.4	1.4	nM	25065940
415037	P21554	YNZFFALZMRAPHQ-SYYKKAFVSA-N	EC50	1.43	1.43	nM	25065940
415037	P21554	YNZFFALZMRAPHQ-SYYKKAFVSA-N	EC50	2.28	2.28	nM	18680277,24900561,22916707
415037	P21554	YNZFFALZMRAPHQ-SYYKKAFVSA-N	EC50	2.3	2.3	nM	24900561
415037	P21554	YNZFFALZMRAPHQ-SYYKKAFVSA-N	EC50	3.9	3.9	nM	25072877
415037	P21554	YNZFFALZMRAPHQ-SYYKKAFVSA-N	EC50	4.9	4.9	nM	26529344
415037	P21554	YNZFFALZMRAPHQ-SYYKKAFVSA-N	EC50	5.0	5.0	nM	18666769
415037	P21554	YNZFFALZMRAPHQ-SYYKKAFVSA-N	EC50	7.0	7.0	nM	25644673
415037	P21554	YNZFFALZMRAPHQ-SYYKKAFVSA-N	EC50	7.0	7.0	nM	25644673
415037	P21554	YNZFFALZMRAPHQ-SYYKKAFVSA-N	EC50	7.9	7.9	nM	26151231
415037	P21554	YNZFFALZMRAPHQ-SYYKKAFVSA-N	EC50	7.93	7.93	nM	26151231
415037	P21554	YNZFFALZMRAPHQ-SYYKKAFVSA-N	EC50	8.0	8.0	nM	25096297
415037	P21554	YNZFFALZMRAPHQ-SYYKKAFVSA-N	EC50	8.0	8.0	nM	25096297
415037	P21554	YNZFFALZMRAPHQ-SYYKKAFVSA-N	EC50	10.3	10.3	nM	19115816
415037	P21554	YNZFFALZMRAPHQ-SYYKKAFVSA-N	EC50	12.88	12.88	nM	25096297,24984935
415037	P21554	YNZFFALZMRAPHQ-SYYKKAFVSA-N	EC50	13.0	13.0	nM	25096297,24984935
415037	P21554	YNZFFALZMRAPHQ-SYYKKAFVSA-N	EC50	19.95	19.95	nM	21316962,MedChemComm, (2010) 1:1:54,21074434
415037	P21554	YNZFFALZMRAPHQ-SYYKKAFVSA-N	EC50	25.12	25.12	nM	22421020
415037	P21554	YNZFFALZMRAPHQ-SYYKKAFVSA-N	EC50	158.49	158.49	nM	17027269
415037	P21554	YNZFFALZMRAPHQ-SYYKKAFVSA-N	Emax	-90.1	-90.1	%	26529344
415037	P21554	YNZFFALZMRAPHQ-SYYKKAFVSA-N	Emax	67.36	67.36	%	25096297
415037	P21554	YNZFFALZMRAPHQ-SYYKKAFVSA-N	Emax	72.1	72.1	%	25065940
415037	P21554	YNZFFALZMRAPHQ-SYYKKAFVSA-N	Emax	100.0	100.0	%	18666769,17630726,24984935,23085772,19115816
415037	P21554	YNZFFALZMRAPHQ-SYYKKAFVSA-N	Emax	348.0	348.0	%	25072877
415037	P21554	YNZFFALZMRAPHQ-SYYKKAFVSA-N	IC50	0.13	0.13	nM	20047779
415037	P21554	YNZFFALZMRAPHQ-SYYKKAFVSA-N	IC50	0.21	0.21	nM	23582449
415037	P21554	YNZFFALZMRAPHQ-SYYKKAFVSA-N	IC50	0.31	0.31	nM	23466604
415037	P21554	YNZFFALZMRAPHQ-SYYKKAFVSA-N	IC50	0.77	0.77	nM	17630726
415037	P21554	YNZFFALZMRAPHQ-SYYKKAFVSA-N	IC50	0.9	0.9	nM	26988801,27876250
415037	P21554	YNZFFALZMRAPHQ-SYYKKAFVSA-N	IC50	1.4	1.4	nM	18983139
415037	P21554	YNZFFALZMRAPHQ-SYYKKAFVSA-N	IC50	2.1	2.1	nM	17884496,18006322
415037	P21554	YNZFFALZMRAPHQ-SYYKKAFVSA-N	IC50	2.5	2.5	nM	17027269
415037	P21554	YNZFFALZMRAPHQ-SYYKKAFVSA-N	IC50	2.512	2.512	nM	17027269
415037	P21554	YNZFFALZMRAPHQ-SYYKKAFVSA-N	IC50	9.0	9.0	nM	26988801,27876250
415037	P21554	YNZFFALZMRAPHQ-SYYKKAFVSA-N	IC50	14.0	14.0	nM	10465552
415037	P21554	YNZFFALZMRAPHQ-SYYKKAFVSA-N	IC50	14.4	14.4	nM	10465552
415037	P21554	YNZFFALZMRAPHQ-SYYKKAFVSA-N	IC50	27.5	27.5	nM	10465552
415037	P21554	YNZFFALZMRAPHQ-SYYKKAFVSA-N	IC50	28.0	28.0	nM	10465552
415037	P21554	YNZFFALZMRAPHQ-SYYKKAFVSA-N	Inhibition	88.8	88.8	%	23659286
415037	P21554	YNZFFALZMRAPHQ-SYYKKAFVSA-N	Kd	0.398107	3.16228	nM	7775459,8819477,8526880,1718258,1331766,8636122
415037	P21554	YNZFFALZMRAPHQ-SYYKKAFVSA-N	Kd	1.8	1.8	nM	24092756
415037	P21554	YNZFFALZMRAPHQ-SYYKKAFVSA-N	Ki	0.27	0.27	nM	23466604
415037	P21554	YNZFFALZMRAPHQ-SYYKKAFVSA-N	Ki	0.316	0.316	nM	21316962
415037	P21554	YNZFFALZMRAPHQ-SYYKKAFVSA-N	Ki	0.3162	0.3162	nM	21316962,MedChemComm, (2010) 1:1:54,21074434
415037	P21554	YNZFFALZMRAPHQ-SYYKKAFVSA-N	Ki	0.49	0.49	nM	21867920
415037	P21554	YNZFFALZMRAPHQ-SYYKKAFVSA-N	Ki	0.52	0.52	nM	25072877
415037	P21554	YNZFFALZMRAPHQ-SYYKKAFVSA-N	Ki	0.52	0.52	nM	25072877
415037	P21554	YNZFFALZMRAPHQ-SYYKKAFVSA-N	Ki	0.58	0.58	nM	23865723,20218623
415037	P21554	YNZFFALZMRAPHQ-SYYKKAFVSA-N	Ki	0.58	0.58	nM	23865723
415037	P21554	YNZFFALZMRAPHQ-SYYKKAFVSA-N	Ki	0.6	0.6	nM	21183257
415037	P21554	YNZFFALZMRAPHQ-SYYKKAFVSA-N	Ki	0.630958	5.01187	nM	7565624,8819477,10188977
415037	P21554	YNZFFALZMRAPHQ-SYYKKAFVSA-N	Ki	1.2	1.2	nM	18983139
415037	P21554	YNZFFALZMRAPHQ-SYYKKAFVSA-N	Ki	1.259	1.259	nM	21885167
415037	P21554	YNZFFALZMRAPHQ-SYYKKAFVSA-N	Ki	1.28	1.28	nM	24900561,22916707
415037	P21554	YNZFFALZMRAPHQ-SYYKKAFVSA-N	Ki	1.3	1.3	nM	24900561
415037	P21554	YNZFFALZMRAPHQ-SYYKKAFVSA-N	Ki	1.36	1.36	nM	20688519
415037	P21554	YNZFFALZMRAPHQ-SYYKKAFVSA-N	Ki	1.37	1.37	nM	19278853
415037	P21554	YNZFFALZMRAPHQ-SYYKKAFVSA-N	Ki	1.37	1.37	nM	19278853
415037	P21554	YNZFFALZMRAPHQ-SYYKKAFVSA-N	Ki	5.2	5.2	nM	11960486,10465552
415037	P21554	YNZFFALZMRAPHQ-SYYKKAFVSA-N	Ki	13.0	13.0	nM	16213718
415037	P21554	YNZFFALZMRAPHQ-SYYKKAFVSA-N	Log Ki	-0.19	-0.19	nM	10882356
415051	P21554	YNZFFALZMRAPHQ-VCOUNFBDSA-N	Ki	0.51	0.51	nM	15140913
415051	P21554	YNZFFALZMRAPHQ-VCOUNFBDSA-N	Ki	1.1	1.1	nM	12065738
415051	P21554	YNZFFALZMRAPHQ-VCOUNFBDSA-N	Log Ki	1.79	1.79	nM	10882356
415213	P21554	YOFCIMAVZQKJFR-UHFFFAOYSA-N	Activity	20.0	0.0	%	16279809
415342	P21554	YOJCUELXDGGLDN-UHFFFAOYSA-N	IC50	100.0	100.0	nM	22959249
415369	P21554	YOKPZBZRCWUFCU-UHFFFAOYSA-N	Ki	16.5	16.5	nM	22483967
415448	P21554	YONGUZSDCRFOCP-RXFWQSSRSA-N	IC50	186.0	186.0	nM	19632830
415471	P21554	YONVTGCMDBZKNU-UHFFFAOYSA-N	Ki	4585.0	4585.0	nM	23434135
415678	P21554	YOVWNYALVOUGJO-UHFFFAOYSA-N	Ki	100.0	100.0	nM	22483967
416031	P21554	YPLLQFURTJRZES-RBUKOAKNSA-N	IC50	100.0	100.0	nM	19320488
416319	P21554	YPWCXXFHARYVQC-UHFFFAOYSA-N	EC50	0.0	32000.0	nM	,PubChem BioAssay data set
416319	P21554	YPWCXXFHARYVQC-UHFFFAOYSA-N	IC50	0.0	32000.0	nM	,PubChem BioAssay data set
416452	P21554	YQBGGIBQNAEWKM-UHFFFAOYSA-N	EC50	28.9	28.9	nM	18712856
416452	P21554	YQBGGIBQNAEWKM-UHFFFAOYSA-N	IC50	32.7	32.7	nM	18712856
416555	P21554	YQFRRDSIYIWKEE-UHFFFAOYSA-N	Ki	33.0	33.0	nM	27096053,11020293
416860	P21554	YQQVYJMRFKMXKY-UHFFFAOYSA-N	EC50	3.981	3.981	nM	21411321
416981	P21554	YQVCVIQDCQDHGW-NHCUHLMSSA-N	Ki	10.6	10.6	nM	24175572
417260	P21554	YRDNBEPFVBMTNP-CLJLJLNGSA-N	Ki	4.0	4.0	nM	23865723
417260	P21554	YRDNBEPFVBMTNP-CLJLJLNGSA-N	Ki	8.4	8.4	nM	21183257
417407	P21554	YRIFMORIZIRKHD-NHCUHLMSSA-N	Ki	333.0	333.0	nM	20079638
417482	P21554	YRMGXCYCYMPORT-UHFFFAOYSA-N	Activity	81.0	81.0	%	18342403
417492	P21554	YRMSOJNADROVPD-UHFFFAOYSA-N	EC50	8030.0	8030.0	nM	23147076
417492	P21554	YRMSOJNADROVPD-UHFFFAOYSA-N	Efficacy	61.0	61.0	%	23147076
417790	P21554	YRXMEDPFPXDCMQ-UHFFFAOYSA-N	IC50	26.0	26.0	nM	22959249
417902	P21554	YSBFLLZNALVODA-RBUKOAKNSA-N	IC50	0.0	10000.0	nM	MedChemComm, (2014) 5:10:1571
417902	P21554	YSBFLLZNALVODA-RBUKOAKNSA-N	Imax	50.0	0.0	%	MedChemComm, (2014) 5:10:1571
417902	P21554	YSBFLLZNALVODA-RBUKOAKNSA-N	Ki	0.0	10000.0	nM	MedChemComm, (2014) 5:10:1571
417902	P21554	YSBFLLZNALVODA-RBUKOAKNSA-N	Ki	0.797	0.797	nM	19143566
417902	P21554	YSBFLLZNALVODA-RBUKOAKNSA-N	Ki	116.8	116.8	nM	22483967
417902	P21554	YSBFLLZNALVODA-RBUKOAKNSA-N	Ki	677.0	677.0	nM	24518874,21183257,25486424,25272206,19435366,25935384,21872477,19143566,20218623
417934	P21554	YSCQWHZQNIOJFL-UHFFFAOYSA-N	Inhibition	1.0	1.0	%	23350768
417934	P21554	YSCQWHZQNIOJFL-UHFFFAOYSA-N	Ki	0.0	10000.0	nM	23350768
417965	P21554	YSEHVCQFPADPSX-UHFFFAOYSA-N	IC50	3.0	3.0	nM	19328684
418058	P21554	YSHKWODZAMEKHX-UHFFFAOYSA-N	IC50	273.0	273.0	nM	18243711
418153	P21554	YSLQIGGMCRBLER-UHFFFAOYSA-N	Inhibition	23.8	23.8	%	19095444
418159	P21554	YSLYAILXDKYYMD-UHFFFAOYSA-N	Kd	4.571	4.571	nM	20845959
418159	P21554	YSLYAILXDKYYMD-UHFFFAOYSA-N	Ke	140.9	140.9	nM	20845959
418159	P21554	YSLYAILXDKYYMD-UHFFFAOYSA-N	Ki	6.12	6.12	nM	20845959
418159	P21554	YSLYAILXDKYYMD-UHFFFAOYSA-N	Ki	10.0	10.0	nM	20845959
418177	P21554	YSMXCVGNCVNXGB-UHFFFAOYSA-N	Activity	35.06	35.06	%	23164658
418177	P21554	YSMXCVGNCVNXGB-UHFFFAOYSA-N	EC50	0.0	10000.0	nM	23164658
418177	P21554	YSMXCVGNCVNXGB-UHFFFAOYSA-N	Ki	0.0	10000.0	nM	23164658
418224	P21554	YSOGPKZWDUJRGP-DOFZRALJSA-N	Ki	200.0	200.0	nM	19053765
418255	P21554	YSPBHPREQBXDKT-UHFFFAOYSA-N	IC50	3.07	3.07	nM	18448340
418255	P21554	YSPBHPREQBXDKT-UHFFFAOYSA-N	Ki	1.2	1.2	nM	18448340
418257	P21554	YSPIBVBUGAYALN-UHFFFAOYSA-N	EC50	199.53	199.53	nM	22421020
418318	P21554	YSRDTQVGWWJELA-UHFFFAOYSA-N	Ki	20.0	20.0	nM	17107792
418330	P21554	YSRPUVLRLQPVGV-UHFFFAOYSA-N	EC50	0.0	10000.0	nM	22130134
418451	P21554	YSVLXDHZTYHVCF-UHFFFAOYSA-N	IC50	1.82	1.82	nM	21334892
418451	P21554	YSVLXDHZTYHVCF-UHFFFAOYSA-N	Ki	0.794	0.794	nM	21334892
418451	P21554	YSVLXDHZTYHVCF-UHFFFAOYSA-N	Ki	0.7943	0.7943	nM	21334892
418490	P21554	YSWPLEPAAGQXAS-UHFFFAOYSA-N	EC50	7870.0	7870.0	nM	PubChem BioAssay data set
418490	P21554	YSWPLEPAAGQXAS-UHFFFAOYSA-N	IC50	0.0	32000.0	nM	,PubChem BioAssay data set
418540	P21554	YSXOIXMWQLINBB-UHFFFAOYSA-N	Ki	0.0	3000.0	nM	24508127
418587	P21554	YSZUXTBLAIHTCR-UHFFFAOYSA-N	Activity	27.6	27.6	%	16392827
418660	P21554	YTCBTFMGKDZRBD-UHFFFAOYSA-N	Kd	15.85	15.85	nM	20047331
418660	P21554	YTCBTFMGKDZRBD-UHFFFAOYSA-N	Ki	3.1	3.1	nM	20047331
418660	P21554	YTCBTFMGKDZRBD-UHFFFAOYSA-N	Ki	3.1	3.1	nM	20047331
418790	P21554	YTGUIZSEZJBJRX-UHFFFAOYSA-N	EC50	784.0	784.0	nM	18335976
418790	P21554	YTGUIZSEZJBJRX-UHFFFAOYSA-N	Ki	50.0	50.0	nM	18335976
418806	P21554	YTHMRYNWHQGSRZ-UHFFFAOYSA-N	EC50	2.0	2.0	nM	18335976
418806	P21554	YTHMRYNWHQGSRZ-UHFFFAOYSA-N	Ki	6.0	6.0	nM	18335976
418917	P21554	YTMWQUZIAWWYFH-UHFFFAOYSA-N	Inhibition	109.0	109.0	%	22916707
418917	P21554	YTMWQUZIAWWYFH-UHFFFAOYSA-N	Ki	9820.0	9820.0	nM	22916707
418921	P21554	YTNATBWTFKMMIN-UHFFFAOYSA-N	Ki	5.6	5.6	nM	19595596
418921	P21554	YTNATBWTFKMMIN-UHFFFAOYSA-N	Ki	5.6	5.6	nM	19595596
419147	P21554	YTVMPMNEIJFXJB-UHFFFAOYSA-N	IC50	729.0	729.0	nM	18243711
419153	P21554	YTVVUEHBECILFK-UHFFFAOYSA-N	EC50	0.0	2000.0	nM	19062274
419153	P21554	YTVVUEHBECILFK-UHFFFAOYSA-N	EC50	223000.0	223000.0	nM	19062274
419153	P21554	YTVVUEHBECILFK-UHFFFAOYSA-N	Emax	12.0	12.0	%	19062274
419153	P21554	YTVVUEHBECILFK-UHFFFAOYSA-N	Emax	37.0	37.0	%	19062274
419311	P21554	YUARJAOYWUNVQS-CMDGGOBGSA-N	Kd	3.36	3.36	nM	10633038
419313	P21554	YUASKJNKSPZTCR-UHFFFAOYSA-N	Ki	3700.0	3700.0	nM	12747783
419363	P21554	YUCXEGMZOYJSDC-UHFFFAOYSA-N	Ki	0.0	10000.0	nM	24518874
419426	P21554	YUFKTQXVRFYANQ-LJQANCHMSA-N	EC50	12.9	12.9	nM	22607668
419426	P21554	YUFKTQXVRFYANQ-LJQANCHMSA-N	Emax	108.0	108.0	%	22607668
419483	P21554	YUHLXGUDTIIRKY-UHFFFAOYSA-N	Ki	612.0	612.0	nM	23697626
419545	P21554	YUJSONAJEJFLQC-UHFFFAOYSA-N	Activity	50.5	50.5	%	16392793
419568	P21554	YULLQQIZDNODNZ-UHFFFAOYSA-N	EC50	3981.07	3981.07	nM	20005703
419568	P21554	YULLQQIZDNODNZ-UHFFFAOYSA-N	Efficacy	11.0	11.0	%	20005703
419611	P21554	YUNYXRWJEBHDLA-UHFFFAOYSA-N	IC50	0.0	10000.0	nM	20047779
419611	P21554	YUNYXRWJEBHDLA-UHFFFAOYSA-N	Ki	111.0	111.0	nM	20047779
419865	P21554	YUVZBCCANMFAPT-UHFFFAOYSA-N	Ki	1500.0	1500.0	nM	17507224
419876	P21554	YUWBNZDQMZVVJU-UHFFFAOYSA-N	IC50	1.3	1.3	nM	15664830
419897	P21554	YUWQWGFCGCKQFY-UHFFFAOYSA-N	Inhibition	25.2	25.2	%	12672243
419919	P21554	YUXHSFFVUBPHAA-UHFFFAOYSA-N	Ki	4300.0	4300.0	nM	19736007
419997	P21554	YVAYPXZJQGIWMD-UHFFFAOYSA-N	EC50	0.0	1000.0	nM	18680277
419997	P21554	YVAYPXZJQGIWMD-UHFFFAOYSA-N	EC50	1300.0	1300.0	nM	18680277
419997	P21554	YVAYPXZJQGIWMD-UHFFFAOYSA-N	Emax	24.0	24.0	%	18680277
420176	P21554	YVITVABZYDPMHU-UHFFFAOYSA-N	EC50	2.9	2.9	nM	23227781
420176	P21554	YVITVABZYDPMHU-UHFFFAOYSA-N	Emax	60.0	60.0	%	23227781
420176	P21554	YVITVABZYDPMHU-UHFFFAOYSA-N	IC50	2.4	2.4	nM	23227781
420430	P21554	YVSGLBVAKGNNGI-LEWJYISDSA-N	IC50	50.0	50.0	nM	19320488
420496	P21554	YVUOHTCCPJDRFX-BXKMTCNYSA-N	IC50	0.9	0.9	nM	17608398
420596	P21554	YVXCIUSPFGDUJB-QZTJIDSGSA-N	Ki	297.0	297.0	nM	14505654
420596	P21554	YVXCIUSPFGDUJB-QZTJIDSGSA-N	Ki	297.0	297.0	nM	14505654
420596	P21554	YVXCIUSPFGDUJB-QZTJIDSGSA-N	Ratio	12.6	12.6	-	14505654
420598	P21554	YVXDCPUMAMKFNC-URGPHPNLSA-N	Kd	2.512	2.512	nM	20047331
420598	P21554	YVXDCPUMAMKFNC-URGPHPNLSA-N	Ki	31.0	31.0	nM	20047331
420606	P21554	YVXGRBGGZCGCQZ-ZDUSSCGKSA-N	Ki	2.0	2.0	nM	17466519
420606	P21554	YVXGRBGGZCGCQZ-ZDUSSCGKSA-N	Ki	1600.0	1600.0	nM	20005710
420656	P21554	YVZOHPJFYPZZDT-UHFFFAOYSA-N	Activity	34.6	34.6	%	16392827
420656	P21554	YVZOHPJFYPZZDT-UHFFFAOYSA-N	Displacement	34.6	34.6	%	15801840
420752	P21554	YWDVOTYHQWVPGI-UHFFFAOYSA-N	EC50	320.0	320.0	nM	21115245
421006	P21554	YWOFLKSNPAREBY-UHFFFAOYSA-N	Ki	0.0	10000.0	nM	16570929
421041	P21554	YWPSQBUJKROFLV-UHFFFAOYSA-N	Activity	31.3	31.3	%	17915849
421112	P21554	YWSAFROOEKQCKZ-UHFFFAOYSA-N	Ki	0.0	10000.0	nM	18424134
421183	P21554	YWUSEZCJTGCQFS-CQSZACIVSA-N	Ki	11.0	11.0	nM	20971001
421195	P21554	YWVLMTJDVUKFGW-UHFFFAOYSA-N	Activity	30.34	30.34	%	23164658
421195	P21554	YWVLMTJDVUKFGW-UHFFFAOYSA-N	EC50	0.0	10000.0	nM	23164658
421195	P21554	YWVLMTJDVUKFGW-UHFFFAOYSA-N	Ki	0.0	10000.0	nM	23164658
421281	P21554	YWZNODBTGLYMLC-UHFFFAOYSA-N	Ki	691.83	691.83	nM	19921781
421281	P21554	YWZNODBTGLYMLC-UHFFFAOYSA-N	Ki	700.0	700.0	nM	19921781
421427	P21554	YXEIXPIEHMXGPU-UHFFFAOYSA-N	Ki	7860.0	7860.0	nM	23679955
421531	P21554	YXISMWCSIDPYTF-UHFFFAOYSA-N	Ki	0.0	3000.0	nM	20979417
421548	P21554	YXJOEDSXWADFTF-UHFFFAOYSA-N	Ki	0.0	10000.0	nM	18424134
421570	P21554	YXKKKXDMHWGXKH-UHFFFAOYSA-N	Ki	3900.0	3900.0	nM	19646869
421590	P21554	YXKZMFYMKYMOIA-UHFFFAOYSA-N	Ki	3.1	3.1	nM	20047331
421625	P21554	YXMNHAHXIRAMLS-UHFFFAOYSA-N	Activity	13.0	13.0	%	23697626
421625	P21554	YXMNHAHXIRAMLS-UHFFFAOYSA-N	Ki	0.0	10000.0	nM	23697626
421788	P21554	YXQYTSDYWOYZGY-UHFFFAOYSA-N	Ki	341.6	341.6	nM	22548457
421819	P21554	YXRXOBOTFASVBH-QLXIDDQXSA-N	Ki	296.8	296.8	nM	23085772
421869	P21554	YXUKUJWZXCOFBK-UHFFFAOYSA-N	EC50	7.943	7.943	nM	20688519
421869	P21554	YXUKUJWZXCOFBK-UHFFFAOYSA-N	Ki	9.0	9.0	nM	20688519
421921	P21554	YXWKIWOKIYMBMA-UHFFFAOYSA-N	IC50	0.0	32000.0	nM	PubChem BioAssay data set
422087	P21554	YYCKOMWYJTYGLL-UHFFFAOYSA-N	EC50	0.0	32000.0	nM	,PubChem BioAssay data set
422087	P21554	YYCKOMWYJTYGLL-UHFFFAOYSA-N	IC50	6660.0	6660.0	nM	,PubChem BioAssay data set
422126	P21554	YYEGAEPGUIRMIU-DEOSSOPVSA-N	IC50	0.0	2000.0	nM	22444677,22421019
422126	P21554	YYEGAEPGUIRMIU-DEOSSOPVSA-N	Ki	3062.0	3062.0	nM	22444677,22421019
422182	P21554	YYFWEVOTTPIJNN-UHFFFAOYSA-N	IC50	97.0	97.0	nM	20483606
422182	P21554	YYFWEVOTTPIJNN-UHFFFAOYSA-N	IC50	220.0	220.0	nM	20483606
422203	P21554	YYGCEPFDGICETR-UHFFFAOYSA-N	IC50	125.89	125.89	nM	19338356
422203	P21554	YYGCEPFDGICETR-UHFFFAOYSA-N	Ki	25.0	25.0	nM	19338356
422203	P21554	YYGCEPFDGICETR-UHFFFAOYSA-N	Ki	25.12	25.12	nM	19338356
422236	P21554	YYHJKDYUEKFPTH-GAJHUEQPSA-N	EC50	0.9	0.9	nM	19632830
422236	P21554	YYHJKDYUEKFPTH-GAJHUEQPSA-N	IC50	1.6	1.6	nM	19632830
422275	P21554	YYIXFVUXOLEZEW-UHFFFAOYSA-N	Ki	0.0	10000.0	nM	22370265
422342	P21554	YYLZHMYOUUACCO-UHFFFAOYSA-N	Ke	0.98	0.98	uM	21875798
422447	P21554	YYOQFOPFAQBTMX-UHFFFAOYSA-N	IC50	54.7	54.7	nM	19530697
422516	P21554	YYSASWRPUAYZKQ-FDDCHVKYSA-N	EC50	3.5	3.5	nM	19632830
422516	P21554	YYSASWRPUAYZKQ-FDDCHVKYSA-N	IC50	8.6	8.6	nM	19632830
422696	P21554	YYXSOZMCBJMHOM-UHFFFAOYSA-N	Inhibition	18.0	18.0	%	21923175
422935	P21554	YZIGARNHZQBJLB-UHFFFAOYSA-N	Ki	0.0	10000.0	nM	21428406
422951	P21554	YZISPPUCYKTSHG-UHFFFAOYSA-N	Activity	27.2	27.2	%	17915849
423113	P21554	YZNSJNQGGXJZLD-UHFFFAOYSA-N	Ki	63.2	63.2	nM	23085772
423161	P21554	YZPUPTZNEATUKA-UHFFFAOYSA-N	Ki	0.0	10000.0	nM	18424134
423218	P21554	YZRQNIUEWFRVFG-UHFFFAOYSA-N	EC50	1753.0	1753.0	nM	23147076
423218	P21554	YZRQNIUEWFRVFG-UHFFFAOYSA-N	Efficacy	84.0	84.0	%	23147076
423342	P21554	YZVWSWQVZWXTHO-UHFFFAOYSA-N	EC50	1624.0	1624.0	nM	16451053
423342	P21554	YZVWSWQVZWXTHO-UHFFFAOYSA-N	Ki	1447.0	1447.0	nM	16451053
423385	P21554	YZXHMXKDZSVFQN-UHFFFAOYSA-N	EC50	0.0	14000.0	nM	22284817
423466	P21554	ZAAJQVMPSOBCJC-JJGXFYADSA-N	Ki	2800.0	2800.0	nM	19161308
423659	P21554	ZAIIZDMGLNYKSN-BPGUCPLFSA-N	Ki	58.68	58.68	nM	17521177
423659	P21554	ZAIIZDMGLNYKSN-BPGUCPLFSA-N	Ki	58.88	58.88	nM	17521177,17980589
423666	P21554	ZAIOBAPSQXCOKC-FQEVSTJZSA-N	Ke	265.0	265.0	nM	22372835
423667	P21554	ZAIOBAPSQXCOKC-HXUWFJFHSA-N	Ke	31.3	31.3	nM	22372835
423667	P21554	ZAIOBAPSQXCOKC-HXUWFJFHSA-N	Ki	97.0	97.0	nM	22372835
423868	P21554	ZAQILESACFCOBN-UHFFFAOYSA-N	EC50	26.0	26.0	nM	18335976
423868	P21554	ZAQILESACFCOBN-UHFFFAOYSA-N	Ki	15.0	15.0	nM	18335976
423954	P21554	ZATLZAYAHAWNSF-UHFFFAOYSA-N	Ki	9.6	9.6	nM	19435366
424033	P21554	ZAWKJKUJHNYFAU-UHFFFAOYSA-N	Ki	660.0	660.0	nM	24729834
424049	P21554	ZAXLGOKJJSFMKC-UHFFFAOYSA-N	Ki	2.0	2.0	nM	16263283
424145	P21554	ZBARPSHFQJVZLO-UHFFFAOYSA-N	IC50	51.0	51.0	nM	20719511
424151	P21554	ZBAYEOYBEJFJCK-UHFFFAOYSA-N	Ki	0.0	3000.0	nM	21867920
424247	P21554	ZBEYQVWELCVVLY-BETUJISGSA-N	EC50	0.0	31622.8	nM	20005703
424541	P21554	ZBQIRTZFJVLJSH-KRWDZBQOSA-N	Ke	1879.0	1879.0	nM	22372835
424542	P21554	ZBQIRTZFJVLJSH-QGZVFWFLSA-N	Ke	1174.0	1174.0	nM	22372835
424547	P21554	ZBQRPVYKKFQYEU-UHFFFAOYSA-N	IC50	5.5	5.5	nM	20096577
424584	P21554	ZBSLIPYRPMLJDW-UHFFFAOYSA-N	IC50	25.0	25.0	nM	17630726
424820	P21554	ZCBYQTFHEPGBRZ-UHFFFAOYSA-N	Ki	187.0	187.0	nM	22341572
424880	P21554	ZCEXMPINLFGGOH-UHFFFAOYSA-N	EC50	501.19	501.19	nM	22421020
424890	P21554	ZCFHOMLAFTWDFM-UHFFFAOYSA-N	Activity	118.0	118.0	%	19921781
424890	P21554	ZCFHOMLAFTWDFM-UHFFFAOYSA-N	EC50	811.0	811.0	nM	19921781
424890	P21554	ZCFHOMLAFTWDFM-UHFFFAOYSA-N	IC50	330.0	330.0	nM	18006322,19143566
424890	P21554	ZCFHOMLAFTWDFM-UHFFFAOYSA-N	Ki	845.0	845.0	nM	18311894,21183257
424890	P21554	ZCFHOMLAFTWDFM-UHFFFAOYSA-N	Ki	851.14	851.14	nM	18311894
424890	P21554	ZCFHOMLAFTWDFM-UHFFFAOYSA-N	Ki	945.0	945.0	nM	19921781
424890	P21554	ZCFHOMLAFTWDFM-UHFFFAOYSA-N	Ki	954.99	954.99	nM	19921781
424896	P21554	ZCFMDXLPNKCBKT-UHFFFAOYSA-N	Ki	0.0	10000.0	nM	16279794
424972	P21554	ZCIDLTUTIPFKDX-SIBVEZHUSA-N	Ki	5.1	5.1	nM	20018510
424989	P21554	ZCJCWQIZAYPVNC-NHCUHLMSSA-N	Ki	51.1	51.1	nM	24175572
425005	P21554	ZCJQDFTXOMJLCA-UHFFFAOYSA-N	IC50	211.8	211.8	nM	19530697
425120	P21554	ZCNIUENUNVHIIZ-UHFFFAOYSA-N	Ki	0.0	10000.0	nM	19921781
425142	P21554	ZCNPXLYYLKFHFM-UHFFFAOYSA-N	Ki	0.0	10000.0	nM	22044209
425493	P21554	ZDCIQHUTWQLKJP-UHFFFAOYSA-N	Inhibition	84.0	84.0	%	22916707
425493	P21554	ZDCIQHUTWQLKJP-UHFFFAOYSA-N	Ki	2630.0	2630.0	nM	22916707
425516	P21554	ZDCYFWQKNORWTH-UHFFFAOYSA-N	Inhibition	33.0	33.0	%	19095444
425600	P21554	ZDGJVKASQPXDJF-UHFFFAOYSA-N	Ki	46.0	46.0	nM	24900484
425908	P21554	ZDTOKSOCGMDLIP-UHFFFAOYSA-N	IC50	0.51	0.51	nM	19954978
426099	P21554	ZEAQSVKHRCKPDT-FGZHOGPDSA-N	Ki	67.8	67.8	nM	20079638
426269	P21554	ZEHUYBWWQFCQPB-UHFFFAOYSA-N	EC50	74.0	74.0	nM	18712856
426269	P21554	ZEHUYBWWQFCQPB-UHFFFAOYSA-N	IC50	2.6	2.6	nM	18712856
426310	P21554	ZEJDZXZRVDXCJA-GOSISDBHSA-N	Ki	82.0	82.0	nM	20971001
426374	P21554	ZEMCXAZYSOBAGF-UHFFFAOYSA-N	EC50	0.0	10000.0	nM	,None
426374	P21554	ZEMCXAZYSOBAGF-UHFFFAOYSA-N	Ki	0.0	10000.0	nM	,23865723,MedChemComm, (2014) 5:10:1571,None,21183257
426790	P21554	ZEXNATVNEZMLSJ-UHFFFAOYSA-N	IC50	6.31	6.31	nM	19338356
426837	P21554	ZEZGDINSGFVJCH-UHFFFAOYSA-N	EC50	1500.0	1500.0	nM	19320488
426837	P21554	ZEZGDINSGFVJCH-UHFFFAOYSA-N	IC50	9700.0	9700.0	nM	19320488
426897	P21554	ZFANQMLHHJVUIU-UHFFFAOYSA-N	Emax	0.3	0.3	%	18640038
426994	P21554	ZFEOUZINYPNLSJ-UHFFFAOYSA-N	Inhibition	13.0	13.0	%	MedChemComm, (2014) 5:5:632
426994	P21554	ZFEOUZINYPNLSJ-UHFFFAOYSA-N	Ki	0.0	10000.0	nM	MedChemComm, (2014) 5:5:632
427270	P21554	ZFRFZWWSLWYYAE-SFKVQSMJSA-N	Ki	4.0	4.0	nM	23085772
427501	P21554	ZFXQUUUELIZMGT-UGKGYDQZSA-N	Ki	1.585	1.585	nM	21074434
427687	P21554	ZGCPUQXKERMYNW-UHFFFAOYSA-N	Kd	5.623	5.623	nM	20845959
427687	P21554	ZGCPUQXKERMYNW-UHFFFAOYSA-N	Ke	31.6	31.6	nM	20845959
427687	P21554	ZGCPUQXKERMYNW-UHFFFAOYSA-N	Ki	5.44	5.44	nM	20845959
427687	P21554	ZGCPUQXKERMYNW-UHFFFAOYSA-N	Ki	14.0	14.0	nM	20845959
427787	P21554	ZGFMSCFXRLKNRH-UHFFFAOYSA-N	Ki	0.0	10000.0	nM	20005710
427852	P21554	ZGHROMVKNAMFRK-UHFFFAOYSA-N	Ki	0.0	8000.0	nM	17884494
427856	P21554	ZGHTWMDBNONFFB-UHFFFAOYSA-N	Kd	3.162	3.162	nM	16140010
427856	P21554	ZGHTWMDBNONFFB-UHFFFAOYSA-N	Ki	209.0	209.0	nM	16140010
427861	P21554	ZGHYZBSZWYVLDL-UHFFFAOYSA-N	Activity	20.0	0.0	%	16451053
427981	P21554	ZGMMGSCAIDATIP-UHFFFAOYSA-N	Ke	2.1	2.1	nM	24041123
427981	P21554	ZGMMGSCAIDATIP-UHFFFAOYSA-N	Ki	1.93	1.93	nM	,None,24041123
428116	P21554	ZGRCLYSCHUCQID-UHFFFAOYSA-N	EC50	0.0	31622.8	nM	20005703
428142	P21554	ZGRXRDVVSAPZEB-UHFFFAOYSA-N	EC50	2620.0	2620.0	nM	18640038
428142	P21554	ZGRXRDVVSAPZEB-UHFFFAOYSA-N	Emax	26.0	26.0	%	18640038
428176	P21554	ZGTSOVCXRVNEHY-UHFFFAOYSA-N	IC50	5.3	5.3	nM	20005704
428423	P21554	ZHDSGHIHVLDCEF-UHFFFAOYSA-N	EC50	0.0	10000.0	nM	23147076
428495	P21554	ZHHCPRULJVHILG-UHFFFAOYSA-N	Ki	3290.0	3290.0	nM	23697626
428567	P21554	ZHJDVSWMPWHWLE-UHFFFAOYSA-N	EC50	0.0	100000.0	nM	23795771
428680	P21554	ZHODJNPRVCPMFG-CSKARUKUSA-N	Activity	5.73	5.73	%	21074998
428680	P21554	ZHODJNPRVCPMFG-CSKARUKUSA-N	IC50	0.0	10000.0	nM	21074998
428680	P21554	ZHODJNPRVCPMFG-CSKARUKUSA-N	Ki	0.0	10000.0	nM	21074998
429003	P21554	ZHZOQUQDUAAVIE-UHFFFAOYSA-N	EC50	270.0	270.0	nM	18430570
429003	P21554	ZHZOQUQDUAAVIE-UHFFFAOYSA-N	Ki	33.0	33.0	nM	18430570
429060	P21554	ZICJRISHCDNMLQ-WPVUHESFSA-N	IC50	0.0	17000.0	nM	21420857
429129	P21554	ZIFRHKZGZSZWKC-UHFFFAOYSA-N	Activity	27.0	27.0	%	17915849
429161	P21554	ZIGXYXLJFMRIJW-UHFFFAOYSA-N	Ki	560.0	560.0	nM	22483967
429642	P21554	ZIXCCDXAORGXTL-BTGXJRSQSA-N	Ki	86.33	86.33	nM	17827022
429663	P21554	ZIYHRNUUMSIKNG-UHFFFAOYSA-N	Ki	0.0	10000.0	nM	24518874
429727	P21554	ZJBPZPYUENLJHQ-FCHUYYIVSA-N	IC50	0.3	0.3	nM	19320488
429783	P21554	ZJDHNKQXFQFOCP-UHFFFAOYSA-N	EC50	2.2	2.2	nM	19320488
429783	P21554	ZJDHNKQXFQFOCP-UHFFFAOYSA-N	IC50	470.0	470.0	nM	19320488
429828	P21554	ZJEQGJQQTHSFFZ-UHFFFAOYSA-N	IC50	388.0	388.0	nM	24445310
429828	P21554	ZJEQGJQQTHSFFZ-UHFFFAOYSA-N	Inhibition	98.6	98.6	%	24445310
429834	P21554	ZJEVPGYPMMBXFI-UHFFFAOYSA-N	Inhibition	93.0	93.0	%	18083560
429834	P21554	ZJEVPGYPMMBXFI-UHFFFAOYSA-N	Ki	59.0	59.0	nM	18083560
429859	P21554	ZJGAKXDZOHTVIW-IBGZPJMESA-N	Ke	86.0	86.0	nM	22372835
429859	P21554	ZJGAKXDZOHTVIW-IBGZPJMESA-N	Ki	39.1	39.1	nM	22372835
429860	P21554	ZJGAKXDZOHTVIW-LJQANCHMSA-N	Ke	530.0	530.0	nM	22372835
430028	P21554	ZJNQGLZHOIOWFU-SGERCBKXSA-N	EC50	0.0	5000.0	nM	23865723
430068	P21554	ZJPHCFVVUDEEFO-HHUAMSDTSA-N	Ki	197.0	197.0	nM	22738271
430073	P21554	ZJPHCFVVUDEEFO-IEEVTGIFSA-N	Ki	578.0	578.0	nM	22738271
430075	P21554	ZJPHCFVVUDEEFO-UHFFFAOYSA-N	Ki	689.0	689.0	nM	22738271
430075	P21554	ZJPHCFVVUDEEFO-UHFFFAOYSA-N	Ki	1000.0	1000.0	nM	21702498
430143	P21554	ZJSFTROTILOCEP-UHFFFAOYSA-N	Ki	80.0	80.0	nM	19595596
430397	P21554	ZKAMYFKSRGZWDY-UHFFFAOYSA-N	Ki	322.0	322.0	nM	23623258
430417	P21554	ZKBCBIRBLMTSPC-ZAJAATJQSA-N	Activity	62.6	62.6	%	21667972
430417	P21554	ZKBCBIRBLMTSPC-ZAJAATJQSA-N	IC50	15200.0	15200.0	nM	21667972
430468	P21554	ZKDQQZUDSVHKMM-UHFFFAOYSA-N	Activity	39.8	39.8	%	17915849
430496	P21554	ZKFMBNXOLWLPFN-RTBURBONSA-N	Ki	2.7	2.7	nM	17521177
430551	P21554	ZKHONUIMXURESB-UHFFFAOYSA-N	Ke	1.05	1.05	nM	24041123
430551	P21554	ZKHONUIMXURESB-UHFFFAOYSA-N	Ki	6.1	6.1	nM	,None,24041123
430681	P21554	ZKLHQVBOKHBSPT-QGZVFWFLSA-N	Ki	1470.0	1470.0	nM	18440813
430682	P21554	ZKLHQVBOKHBSPT-UHFFFAOYSA-N	Ki	1470.0	1470.0	nM	18440813
430785	P21554	ZKOJGGOBCWAUBA-UHFFFAOYSA-N	EC50	1500.0	1500.0	nM	19320488
430785	P21554	ZKOJGGOBCWAUBA-UHFFFAOYSA-N	IC50	9700.0	9700.0	nM	19320488
430909	P21554	ZKRYLXJTFDLHGE-UHFFFAOYSA-N	Ki	0.0	10000.0	nM	20718492
431115	P21554	ZKZJBGVZECGCQS-UHFFFAOYSA-N	EC50	0.0	32000.0	nM	,PubChem BioAssay data set
431115	P21554	ZKZJBGVZECGCQS-UHFFFAOYSA-N	IC50	4920.0	4920.0	nM	,PubChem BioAssay data set
431147	P21554	ZLAWAWAQNKQDIU-UHFFFAOYSA-N	IC50	10.0	10.0	nM	19328684
431262	P21554	ZLEPXCBJUAFHHE-UHFFFAOYSA-N	IC50	0.0	1000.0	nM	22959249
431330	P21554	ZLHGIMPPDIUTJP-UHFFFAOYSA-N	IC50	620.0	620.0	nM	22340081
431509	P21554	ZLNCKCGHGNMTJQ-UHFFFAOYSA-N	Inhibition	11.0	11.0	%	19736007
431586	P21554	ZLQCFAFBDHCZML-KTKRTIGZSA-N	Ki	0.0	40000.0	nM	23434135
431615	P21554	ZLQWPOMATSXNAY-UHFFFAOYSA-N	EC50	0.0	10000.0	nM	23380378
431635	P21554	ZLRSQTMAGSCJBZ-MHECFPHRSA-N	IC50	3.4	3.4	nM	17181138
431675	P21554	ZLSXSVZUOHCGHA-UHFFFAOYSA-N	Activity	140.7	140.7	%	22571451
431675	P21554	ZLSXSVZUOHCGHA-UHFFFAOYSA-N	EC50	0.0	10000.0	nM	22571451
431705	P21554	ZLUIJMJNGMMQKT-CCLHPLFOSA-N	EC50	1.9	1.9	nM	19632830
431705	P21554	ZLUIJMJNGMMQKT-CCLHPLFOSA-N	IC50	10.1	10.1	nM	19632830
431877	P21554	ZLYKETWUOTZDCZ-UHFFFAOYSA-N	EC50	1430.0	1430.0	nM	23795771
431877	P21554	ZLYKETWUOTZDCZ-UHFFFAOYSA-N	Efficacy	95.4	95.4	%	23795771
432029	P21554	ZMEPEBXUHCNCIK-UHFFFAOYSA-N	Ki	1905.46	1905.46	nM	18311894
432029	P21554	ZMEPEBXUHCNCIK-UHFFFAOYSA-N	Ki	1930.0	1930.0	nM	18311894
432085	P21554	ZMGVNZVNVKVIJG-UHFFFAOYSA-N	EC50	10000.0	0.0	nM	17027269
432085	P21554	ZMGVNZVNVKVIJG-UHFFFAOYSA-N	IC50	1584.89	1584.89	nM	17027269
432085	P21554	ZMGVNZVNVKVIJG-UHFFFAOYSA-N	IC50	1585.0	1585.0	nM	17027269
432107	P21554	ZMHYLSJQTABXPG-UHFFFAOYSA-N	EC50	0.8	0.8	nM	19351113
432107	P21554	ZMHYLSJQTABXPG-UHFFFAOYSA-N	Ki	0.7	0.7	nM	19351113
432107	P21554	ZMHYLSJQTABXPG-UHFFFAOYSA-N	Ki	0.8	0.8	nM	19351113
432107	P21554	ZMHYLSJQTABXPG-UHFFFAOYSA-N	Ki	0.8	0.8	nM	19351113
432122	P21554	ZMISFODKGOSBNR-UHFFFAOYSA-N	Ke	264.0	264.0	nM	22372835
432122	P21554	ZMISFODKGOSBNR-UHFFFAOYSA-N	Ki	1489.0	1489.0	nM	22372835
432169	P21554	ZMKXHVXMIBUHKG-UHFFFAOYSA-N	Activity	0.0	60.0	%	23017078
432169	P21554	ZMKXHVXMIBUHKG-UHFFFAOYSA-N	Ki	0.0	1000.0	nM	23017078
432236	P21554	ZMNUYNSZJGYBBQ-UHFFFAOYSA-N	Ki	0.0	3000.0	nM	23151320
432312	P21554	ZMQCBXIINVZMFN-UHFFFAOYSA-N	IC50	165.0	165.0	nM	17270441
432354	P21554	ZMRMCCQCBIVGDN-UHFFFAOYSA-N	Ki	8.2	8.2	nM	17383180
432354	P21554	ZMRMCCQCBIVGDN-UHFFFAOYSA-N	Ki	8.2	8.2	nM	17383180
432492	P21554	ZMVOSXWFIBSYRX-UHFFFAOYSA-N	EC50	0.0	32000.0	nM	PubChem BioAssay data set
432492	P21554	ZMVOSXWFIBSYRX-UHFFFAOYSA-N	IC50	5950.0	5950.0	nM	PubChem BioAssay data set
432511	P21554	ZMWXDKBXXDQKSV-UHFFFAOYSA-N	IC50	2800.0	2800.0	nM	18293908
432511	P21554	ZMWXDKBXXDQKSV-UHFFFAOYSA-N	Ki	1600.0	1600.0	nM	18293908
432534	P21554	ZMXLTDWQWGKLBP-UHFFFAOYSA-N	Ki	101.0	101.0	nM	14980654
432682	P21554	ZNCQSMLTVWIXRA-UHFFFAOYSA-N	Ki	240.0	240.0	nM	17107792
432710	P21554	ZNDWAMNMKWTCSD-UHFFFAOYSA-N	IC50	0.0	10000.0	nM	22571451
432710	P21554	ZNDWAMNMKWTCSD-UHFFFAOYSA-N	Inhibition	19.9	19.9	%	22571451
432772	P21554	ZNGMGMSYGRQIGJ-UHFFFAOYSA-N	IC50	4.1	4.1	nM	19328684
432812	P21554	ZNHNBEXEBBBFMB-UHFFFAOYSA-N	Activity	95.0	95.0	%	19520572
432812	P21554	ZNHNBEXEBBBFMB-UHFFFAOYSA-N	EC50	300.0	300.0	nM	19520572
432812	P21554	ZNHNBEXEBBBFMB-UHFFFAOYSA-N	EC50	435.0	435.0	nM	18083560
432812	P21554	ZNHNBEXEBBBFMB-UHFFFAOYSA-N	Inhibition	98.0	98.0	%	18083560
432812	P21554	ZNHNBEXEBBBFMB-UHFFFAOYSA-N	Ki	92.0	92.0	nM	18083560
432845	P21554	ZNIVJKLPBYZMQE-VULFUBBASA-N	Ki	17.0	17.0	nM	17004712
432845	P21554	ZNIVJKLPBYZMQE-VULFUBBASA-N	Ki	19.0	19.0	nM	17004712
432845	P21554	ZNIVJKLPBYZMQE-VULFUBBASA-N	Ki	57.0	57.0	nM	17004712
432901	P21554	ZNLUNHMGBUNPPT-UHFFFAOYSA-N	Activity	29.0	29.0	%	16279809
432910	P21554	ZNLYBTSYZSJLGX-UHFFFAOYSA-N	Activity	0.12	0.12	pmol	18585913
432943	P21554	ZNNZNLTXPVOZGN-ISKFKSNPSA-N	Inhibition	50.0	50.0	%	18363352
432943	P21554	ZNNZNLTXPVOZGN-ISKFKSNPSA-N	Ki	839.0	839.0	nM	18363352
432946	P21554	ZNNZNLTXPVOZGN-UHFFFAOYSA-N	Ki	839.0	839.0	nM	18363352
433146	P21554	ZNUUCWGFYUPEHD-UHFFFAOYSA-N	Ke	3.3	3.3	nM	24041123
433146	P21554	ZNUUCWGFYUPEHD-UHFFFAOYSA-N	Ki	3.35	3.35	nM	,None,24041123
433337	P21554	ZODOKJDCKKQAKN-HFZDXXHNSA-N	IC50	0.47	0.47	nM	17608398
433340	P21554	ZODUEYNVTIAXJD-UHFFFAOYSA-N	IC50	154.0	154.0	nM	17270441
433377	P21554	ZOEVPGZKQFUFNZ-UHFFFAOYSA-N	Ki	1.4	1.4	nM	24900484
433377	P21554	ZOEVPGZKQFUFNZ-UHFFFAOYSA-N	Ki	5.6	5.6	nM	24900484
433389	P21554	ZOFLCVIJLZJJHB-UHFFFAOYSA-N	Ke	495.0	495.0	nM	23098108
433436	P21554	ZOHCTKDFWBPLPP-MGBGTMOVSA-N	EC50	31.0	31.0	nM	23227781
433436	P21554	ZOHCTKDFWBPLPP-MGBGTMOVSA-N	Emax	100.0	100.0	%	23227781
433436	P21554	ZOHCTKDFWBPLPP-MGBGTMOVSA-N	IC50	21.0	21.0	nM	23227781
433436	P21554	ZOHCTKDFWBPLPP-MGBGTMOVSA-N	IC50	600.0	600.0	nM	23227781
433437	P21554	ZOHCTKDFWBPLPP-UHFFFAOYSA-N	EC50	87.0	87.0	nM	23227781
433437	P21554	ZOHCTKDFWBPLPP-UHFFFAOYSA-N	Emax	110.0	110.0	%	23227781
433437	P21554	ZOHCTKDFWBPLPP-UHFFFAOYSA-N	IC50	49.0	49.0	nM	23227781
433534	P21554	ZOLAHCWMNHCSTF-WOJBJXKFSA-N	Ki	208.0	208.0	nM	24175572
433548	P21554	ZOLQPCWWRNXSAE-UHFFFAOYSA-N	Ki	50.0	50.0	nM	19595596
433577	P21554	ZONHXSALQBZLPW-WOJBJXKFSA-N	Ki	13.7	13.7	nM	18524604
433770	P21554	ZOTYAJXIEVKGPQ-UHFFFAOYSA-N	Ki	272.6	272.6	nM	20943290
433909	P21554	ZOZJJSMOEWIHDQ-LEWJYISDSA-N	IC50	0.6	0.6	nM	19320488
434296	P21554	ZPMCQPHGBGPKNX-UHFFFAOYSA-N	EC50	0.0	1000.0	nM	18680277
434296	P21554	ZPMCQPHGBGPKNX-UHFFFAOYSA-N	EC50	670.0	670.0	nM	18680277
434296	P21554	ZPMCQPHGBGPKNX-UHFFFAOYSA-N	Emax	33.0	33.0	%	18680277
434873	P21554	ZQEMOUWUUOCOCB-UHFFFAOYSA-N	IC50	5.4	5.4	nM	20096577
434986	P21554	ZQIRIKUSALQZQS-UHFFFAOYSA-N	Ki	137.0	137.0	nM	17884494
435110	P21554	ZQPMCNQIPGKBNR-UHFFFAOYSA-N	Ki	1.7	1.7	nM	17507224
435156	P21554	ZQSCPHDJBUPVLZ-UHFFFAOYSA-N	Ki	28.9	28.9	nM	23085772
435241	P21554	ZQUXXWZFLDQFHI-UHFFFAOYSA-N	Inhibition	2.2	2.2	%	12672243
435273	P21554	ZQWGPRBGGYHRSY-UHFFFAOYSA-N	EC50	1584.89	1584.89	nM	20688519
435273	P21554	ZQWGPRBGGYHRSY-UHFFFAOYSA-N	Ki	7.4	7.4	nM	20688519
435291	P21554	ZQWUQDAPJWILSL-UHFFFAOYSA-N	EC50	63.1	63.1	nM	21411321
435332	P21554	ZQYMYNTXESIPRE-UHFFFAOYSA-N	Emax	97.0	97.0	%	21420860
435332	P21554	ZQYMYNTXESIPRE-UHFFFAOYSA-N	IC50	2229.0	2229.0	nM	21420860
435516	P21554	ZREKTMNXUFQZAY-UHFFFAOYSA-N	EC50	0.0	10000.0	nM	23380378
435661	P21554	ZRJXRICFWLDCDT-UHFFFAOYSA-N	Ki	5.998	5.998	nM	Med Chem Res, (2013) 22:9:4133
435661	P21554	ZRJXRICFWLDCDT-UHFFFAOYSA-N	Ki	6.0	6.0	nM	Med Chem Res, (2013) 22:9:4133
435807	P21554	ZRPASWQEENKWNT-UHFFFAOYSA-N	IC50	3.4	3.4	nM	15664830
435817	P21554	ZRPKPJAJWKOWLI-UHFFFAOYSA-N	IC50	2200.0	2200.0	nM	15713403
435817	P21554	ZRPKPJAJWKOWLI-UHFFFAOYSA-N	IC50	2238.72	2238.72	nM	19406638
436136	P21554	ZSBIGUGIJAVIGY-UHFFFAOYSA-N	IC50	3.8	3.8	nM	17270441
436446	P21554	ZSMXQQRQXNUYSW-UHFFFAOYSA-N	Inhibition	4.9	4.9	%	12672243
436454	P21554	ZSNHUVQELCJKAP-UHFFFAOYSA-N	Ki	0.0	10000.0	nM	18424134
436508	P21554	ZSPFVMNLOUVHDD-UHFFFAOYSA-N	IC50	3600.0	3600.0	nM	23227781
436631	P21554	ZSTZBZQMQRXLFA-UHFFFAOYSA-N	Activity	26.0	26.0	%	23697626
436631	P21554	ZSTZBZQMQRXLFA-UHFFFAOYSA-N	Ki	0.0	10000.0	nM	23697626
436681	P21554	ZSVWFIMIOMNHKY-UHFFFAOYSA-N	Ki	0.0	10000.0	nM	21183257,20718492
436704	P21554	ZSWRBXLXOXOSOJ-UHFFFAOYSA-N	Ki	41.0	41.0	nM	9379452
436767	P21554	ZSZXDQXOVMIMGY-UHFFFAOYSA-N	Ki	4766.0	4766.0	nM	18522867
436808	P21554	ZTCBBXBKENLBTH-UHFFFAOYSA-N	Ki	0.0	3000.0	nM	23151320
436898	P21554	ZTGKVOWLMNFXKC-UHFFFAOYSA-N	EC50	0.0	20000.0	nM	21354795
436954	P21554	ZTGRWYMPQCQTHD-ONGXEEELSA-N	Inhibition	-3.0	-3.0	%	23582449
437057	P21554	ZTLQGTKQJAZKOK-YRNRMSPPSA-N	EC50	125.89	125.89	nM	20634067
437436	P21554	ZUALWPVGMXNPBN-UYRXBGFRSA-N	Intrinsic activity	-40.0	-40.0	%	MedChemComm, (2014) 5:5:632
437436	P21554	ZUALWPVGMXNPBN-UYRXBGFRSA-N	Ki	250.0	250.0	nM	MedChemComm, (2014) 5:5:632
437468	P21554	ZUBGNGYXMBUIOU-OAHLLOKOSA-N	Ki	33.0	33.0	nM	20971001
437538	P21554	ZUDSRURPOZQCNO-UHFFFAOYSA-N	EC50	0.0	100000.0	nM	22765893
437564	P21554	ZUENDXIRQKLKPB-UHFFFAOYSA-N	Activity	73.7	73.7	%	20189815
437564	P21554	ZUENDXIRQKLKPB-UHFFFAOYSA-N	Ki	0.0	10000.0	nM	20189815
437621	P21554	ZUGSKGOXKOPJLC-UHFFFAOYSA-N	Activity	0.0	60.0	%	23017078
437633	P21554	ZUHIXXCLLBMBDW-UHFFFAOYSA-N	EC50	1038.0	1038.0	nM	25466197
437633	P21554	ZUHIXXCLLBMBDW-UHFFFAOYSA-N	IC50	280.0	280.0	nM	18006322
437633	P21554	ZUHIXXCLLBMBDW-UHFFFAOYSA-N	Ki	280.0	280.0	nM	23672690
437633	P21554	ZUHIXXCLLBMBDW-UHFFFAOYSA-N	Ki	580.0	580.0	nM	23865723
437633	P21554	ZUHIXXCLLBMBDW-UHFFFAOYSA-N	Ki	1258.93	1258.93	nM	19921781,18311894
437633	P21554	ZUHIXXCLLBMBDW-UHFFFAOYSA-N	Ki	1269.0	1269.0	nM	19921781,18311894
437633	P21554	ZUHIXXCLLBMBDW-UHFFFAOYSA-N	Ki	2080.0	2080.0	nM	25466197
437633	P21554	ZUHIXXCLLBMBDW-UHFFFAOYSA-N	Ki	5000.0	5000.0	nM	19143566,21183257
437725	P21554	ZUJSEDWCKSCQLS-UHFFFAOYSA-N	IC50	1300.0	1300.0	nM	20643546
437820	P21554	ZUOBXCIPMDWWFZ-UHFFFAOYSA-N	Ki	0.0	1000.0	nM	14736243
437841	P21554	ZUORCZYEOXPHGZ-UHFFFAOYSA-N	EC50	0.0	32000.0	nM	PubChem BioAssay data set
437841	P21554	ZUORCZYEOXPHGZ-UHFFFAOYSA-N	IC50	0.0	32000.0	nM	,PubChem BioAssay data set
437859	P21554	ZUPQJCNEYFLCDR-HRAATJIYSA-N	IC50	75.2	75.2	nM	17293109
437867	P21554	ZUPVKGBBKNFLPT-UHFFFAOYSA-N	IC50	9.3	9.3	nM	20047779
437867	P21554	ZUPVKGBBKNFLPT-UHFFFAOYSA-N	Ki	5.8	5.8	nM	20047779
437867	P21554	ZUPVKGBBKNFLPT-UHFFFAOYSA-N	Ki	5.8	5.8	nM	20047779
437973	P21554	ZUULGHRKDMXGPS-UHFFFAOYSA-N	IC50	4.1	4.1	nM	15713403
437985	P21554	ZUUXMXNNRQEFCC-UHFFFAOYSA-N	Ki	344.9	344.9	nM	22548457
438200	P21554	ZUZXFSJBHTVPLR-UHFFFAOYSA-N	Ki	5.2	5.2	nM	17561406
438277	P21554	ZVDOZRLSSIYSTM-UHFFFAOYSA-N	Activity	10.0	0.0	%	16279809
438346	P21554	ZVFXKNSYECSLJW-UHFFFAOYSA-N	IC50	2.4	2.4	nM	20005704
438383	P21554	ZVILMDFEAURYHV-UHFFFAOYSA-N	IC50	222.0	222.0	nM	24445310
438383	P21554	ZVILMDFEAURYHV-UHFFFAOYSA-N	Inhibition	102.2	102.2	%	24445310
438459	P21554	ZVLCUEYBFQDOMB-UHFFFAOYSA-N	Ki	134.0	134.0	nM	20979417
438597	P21554	ZVQRGTNXPYHJBF-UHFFFAOYSA-N	Activity	15.0	15.0	%	23697626
438597	P21554	ZVQRGTNXPYHJBF-UHFFFAOYSA-N	Ki	0.0	10000.0	nM	23697626
438649	P21554	ZVRXOXFSMYJETP-UHFFFAOYSA-N	Ki	62.2	62.2	nM	21428406
438744	P21554	ZVVFCIOJNGSNKW-UHFFFAOYSA-N	Inhibition	30.6	30.6	%	12672243
438775	P21554	ZVWCQZLVXXLSDF-UHFFFAOYSA-N	Inhibition	55.7	55.7	%	19095444
438801	P21554	ZVWRRGUGPIIDEX-UHFFFAOYSA-N	Activity	24.0	24.0	%	19500981
438828	P21554	ZVXTVNOSCVWRDF-UHFFFAOYSA-N	EC50	63.1	63.1	nM	17027269
438828	P21554	ZVXTVNOSCVWRDF-UHFFFAOYSA-N	IC50	3162.0	3162.0	nM	17027269
438828	P21554	ZVXTVNOSCVWRDF-UHFFFAOYSA-N	IC50	3162.28	3162.28	nM	17027269
439029	P21554	ZWEUSOIZQIEIES-UHFFFAOYSA-N	Kd	309.03	309.03	nM	20845959
439029	P21554	ZWEUSOIZQIEIES-UHFFFAOYSA-N	Ke	2873.0	2873.0	nM	20845959
439029	P21554	ZWEUSOIZQIEIES-UHFFFAOYSA-N	Ki	88.8	88.8	nM	20845959
439029	P21554	ZWEUSOIZQIEIES-UHFFFAOYSA-N	Ki	162.0	162.0	nM	20845959
439043	P21554	ZWFJVFFJDQLYQI-UHFFFAOYSA-N	EC50	0.0	10000.0	nM	23147076
439097	P21554	ZWHGWVPWIBDREY-UHFFFAOYSA-N	Activity	80.0	80.0	%	26575458
439097	P21554	ZWHGWVPWIBDREY-UHFFFAOYSA-N	Activity	95.0	95.0	%	26575458
439097	P21554	ZWHGWVPWIBDREY-UHFFFAOYSA-N	IC50	0.0	32000.0	nM	PubChem BioAssay data set
439363	P21554	ZWRBQWNIYZAUOH-LBPRGKRZSA-N	Ki	5.8	5.8	nM	17466519
439445	P21554	ZWUFWSBHKJAWLM-UHFFFAOYSA-N	Ki	2200.0	2200.0	nM	18579386
439496	P21554	ZWVXCARJWQKEEI-UHFFFAOYSA-N	EC50	398.11	398.11	nM	17027269
439496	P21554	ZWVXCARJWQKEEI-UHFFFAOYSA-N	IC50	39.81	39.81	nM	17027269
439496	P21554	ZWVXCARJWQKEEI-UHFFFAOYSA-N	IC50	40.0	40.0	nM	17027269
439501	P21554	ZWVYVOGHOIVRBT-UHFFFAOYSA-N	EC50	0.0	20000.0	nM	21354795
439793	P21554	ZXIYCLHOVYOSDQ-FKBDDQMTSA-N	Ki	2000.0	2000.0	nM	21675776
439942	P21554	ZXNXVLWQTMVGIP-UHFFFAOYSA-N	EC50	0.0	10000.0	nM	22130134
440042	P21554	ZXRHTIKQXHNMFB-UHFFFAOYSA-N	IC50	900.0	900.0	nM	15713403
440123	P21554	ZXURDRUYXLVWSH-UHFFFAOYSA-N	EC50	18.0	18.0	nM	15713403
440123	P21554	ZXURDRUYXLVWSH-UHFFFAOYSA-N	IC50	4.0	4.0	nM	15713403
440536	P21554	ZYJFHTSOOUFNFJ-UHFFFAOYSA-N	EC50	5.0	5.0	nM	18335976
440536	P21554	ZYJFHTSOOUFNFJ-UHFFFAOYSA-N	Ki	4.0	4.0	nM	18335976
440551	P21554	ZYKABORTQCIYBC-ZHACJKMWSA-N	Ki	4900.0	4900.0	nM	16213718
440803	P21554	ZYUDBNLXUGFGEJ-UHFFFAOYSA-N	Ki	0.0	10000.0	nM	24518874
440837	P21554	ZYVLQPWWJVOLAX-UHFFFAOYSA-N	EC50	13.0	13.0	nM	19351113
440837	P21554	ZYVLQPWWJVOLAX-UHFFFAOYSA-N	Ki	11.0	11.0	nM	19351113
440837	P21554	ZYVLQPWWJVOLAX-UHFFFAOYSA-N	Ki	13.0	13.0	nM	19351113
440884	P21554	ZYWWZDGUSITUPO-UHFFFAOYSA-N	Ki	0.0	40000.0	nM	23434135
440896	P21554	ZYXHCWAYPIYTQW-UHFFFAOYSA-N	EC50	5.9	5.9	nM	23227781
440896	P21554	ZYXHCWAYPIYTQW-UHFFFAOYSA-N	Emax	110.0	110.0	%	23227781
440896	P21554	ZYXHCWAYPIYTQW-UHFFFAOYSA-N	IC50	2000.0	2000.0	nM	23227781
440919	P21554	ZYXPZNUJASUZOF-UHFFFAOYSA-N	Ki	0.0	5000.0	nM	21867920
440942	P21554	ZYYJHMAXCTYOMG-UHFFFAOYSA-N	EC50	0.0	10000.0	nM	23380378
440944	P21554	ZYYKELJLRCODDX-UHFFFAOYSA-N	Ki	36.0	36.0	nM	17383180
441302	P21554	ZZMJROLSIGTPMN-UHFFFAOYSA-N	Ki	1800.0	1800.0	nM	21183257
441403	P21554	ZZPRUFQKSMSCLW-UHFFFAOYSA-N	EC50	53.0	53.0	nM	22284817
441403	P21554	ZZPRUFQKSMSCLW-UHFFFAOYSA-N	Emax	113.0	113.0	%	22284817
441403	P21554	ZZPRUFQKSMSCLW-UHFFFAOYSA-N	Ki	51.0	51.0	nM	22284817
441437	P21554	ZZRIQDWDJVLELF-UHFFFAOYSA-N	Activity	20.0	0.0	%	16392827
441476	P21554	ZZTPACIJHCBASD-UHFFFAOYSA-N	Ki	3310.0	3310.0	nM	21183257
441476	P21554	ZZTPACIJHCBASD-UHFFFAOYSA-N	Ki	3311.31	3311.31	nM	18311894
441476	P21554	ZZTPACIJHCBASD-UHFFFAOYSA-N	Ki	3326.0	3326.0	nM	18311894
441495	P21554	ZZUKFXGVUSGZCV-UHFFFAOYSA-N	IC50	3.1	3.1	nM	15664830
441505	P21554	ZZVCORQGJBSHDI-UHFFFAOYSA-N	Ki	0.0	5000.0	nM	21867920
441610	P21554	ZZXRSBQQNVJSCT-UHFFFAOYSA-N	Ki	11.9	11.9	nM	20688519
441682	P21554	AAMJDOSCUCFMCE-UHFFFAOYSA-N	EC50	112.0	112.0	nM	25096297
441682	P21554	AAMJDOSCUCFMCE-UHFFFAOYSA-N	EC50	112.2	112.2	nM	25096297
441682	P21554	AAMJDOSCUCFMCE-UHFFFAOYSA-N	Emax	92.81	92.81	%	25096297
441768	P21554	ADJAEKRETOSJPM-UHFFFAOYSA-N	Activity	30.0	0.0	%	25797163
441768	P21554	ADJAEKRETOSJPM-UHFFFAOYSA-N	IC50	0.0	10000.0	nM	25797163
441857	P21554	AEQBWBNVTDUQLE-UHFFFAOYSA-N	Activity	56.0	56.0	%	MedChemComm, (2010) 1:1:54
441857	P21554	AEQBWBNVTDUQLE-UHFFFAOYSA-N	EC50	316.23	316.23	nM	MedChemComm, (2010) 1:1:54
441880	P21554	AFIJCJLHXUFJCZ-UHFFFAOYSA-N	Activity	30.0	0.0	%	25797163
441880	P21554	AFIJCJLHXUFJCZ-UHFFFAOYSA-N	IC50	4320.0	4320.0	nM	25797163
441914	P21554	AHGWAIIBUTYNFT-UHFFFAOYSA-N	Activity	80.0	80.0	%	MedChemComm, (2010) 1:1:54
441914	P21554	AHGWAIIBUTYNFT-UHFFFAOYSA-N	EC50	501.19	501.19	nM	MedChemComm, (2010) 1:1:54
441987	P21554	AJQXBGMQGOBICG-ZDUSSCGKSA-N	EC50	2940.0	2940.0	nM	25575658
441991	P21554	AJVPUNJYFILEKO-UHFFFAOYSA-N	IC50	0.0	10000.0	nM	25644673
442005	P21554	AKCVFIKEGVNWOO-UHFFFAOYSA-N	EC50	7240.0	7240.0	nM	25096297
442005	P21554	AKCVFIKEGVNWOO-UHFFFAOYSA-N	EC50	7244.0	7244.0	nM	25096297
442005	P21554	AKCVFIKEGVNWOO-UHFFFAOYSA-N	EC50	7244.36	7244.36	nM	25096297
442005	P21554	AKCVFIKEGVNWOO-UHFFFAOYSA-N	Emax	34.71	34.71	%	25096297
442101	P21554	AODQAZVAXXWDGU-UHFFFAOYSA-N	Ki	0.0	10000.0	nM	25599952
442236	P21554	AUWUESCHMQVOMB-UHFFFAOYSA-N	Ki	1494.0	1494.0	nM	25486424
442267	P21554	AWECDMXIYDDBJV-UHFFFAOYSA-N	Ki	0.0	3000.0	nM	25699149
442324	P21554	AXLWZLIKOHXLBY-UHFFFAOYSA-N	Activity	30.0	0.0	%	25797163
442324	P21554	AXLWZLIKOHXLBY-UHFFFAOYSA-N	IC50	279.0	279.0	nM	25797163
442364	P21554	AYRVGOBUOADVRT-UHFFFAOYSA-N	EC50	0.0	10000.0	nM	25644673
442409	P21554	BAUZVWBSZFLVIL-AWEZNQCLSA-N	EC50	30.0	30.0	nM	25556092
442409	P21554	BAUZVWBSZFLVIL-AWEZNQCLSA-N	EC50	2600.0	2600.0	nM	25556098,25556092
442410	P21554	BAUZVWBSZFLVIL-CQSZACIVSA-N	Activity	70.0	0.0	%	25556098
442410	P21554	BAUZVWBSZFLVIL-CQSZACIVSA-N	EC50	0.0	20000.0	nM	25556098
442413	P21554	BAYIEZIVBJSDAA-UHFFFAOYSA-N	EC50	34673.7	34673.7	nM	24984935
442413	P21554	BAYIEZIVBJSDAA-UHFFFAOYSA-N	EC50	34674.0	34674.0	nM	24984935
442413	P21554	BAYIEZIVBJSDAA-UHFFFAOYSA-N	Emax	-43.0	-43.0	%	24984935
442533	P21554	BFMXZNGNFWSMNV-UHFFFAOYSA-N	Activity	30.0	0.0	%	25797163
442533	P21554	BFMXZNGNFWSMNV-UHFFFAOYSA-N	IC50	5810.0	5810.0	nM	25797163
442598	P21554	BHSFBZWVKDKDEJ-UHFFFAOYSA-N	EC50	5000.0	5000.0	nM	25466177
442598	P21554	BHSFBZWVKDKDEJ-UHFFFAOYSA-N	Efficacy	43.2	43.2	%	25466177
442630	P21554	BIMFLDLUJSAALT-JSGCOSHPSA-N	EC50	0.0	30000.0	nM	25488844
442631	P21554	BIMFLDLUJSAALT-TZMCWYRMSA-N	EC50	0.0	30000.0	nM	25488844
442639	P21554	BIVRSHYFJKMMJA-UHFFFAOYSA-N	Ki	0.0	10000.0	nM	25272206
442693	P21554	BKROMADERDAIKE-IUODEOHRSA-N	EC50	0.0	30000.0	nM	25488844
442722	P21554	BMCDDPYVIMQDFQ-GDBMZVCRSA-N	EC50	381.0	381.0	nM	25488844
442722	P21554	BMCDDPYVIMQDFQ-GDBMZVCRSA-N	Emax	71.0	71.0	%	25488844
442751	P21554	BMQLARNYHLEGGM-UHFFFAOYSA-N	Ki	66.7	66.7	nM	25272206
442751	P21554	BMQLARNYHLEGGM-UHFFFAOYSA-N	Ki	67.0	67.0	nM	25272206
442805	P21554	BOXNXHIMJOGAMP-UHFFFAOYSA-N	Activity	56.0	56.0	%	MedChemComm, (2010) 1:1:54
442805	P21554	BOXNXHIMJOGAMP-UHFFFAOYSA-N	EC50	63.1	63.1	nM	MedChemComm, (2010) 1:1:54
442815	P21554	BPCPTLFPTBTOAZ-UHFFFAOYSA-N	EC50	3850.0	3850.0	nM	25096297
442815	P21554	BPCPTLFPTBTOAZ-UHFFFAOYSA-N	EC50	3890.0	3890.0	nM	25096297
442815	P21554	BPCPTLFPTBTOAZ-UHFFFAOYSA-N	EC50	3890.45	3890.45	nM	25096297
442815	P21554	BPCPTLFPTBTOAZ-UHFFFAOYSA-N	Emax	67.55	67.55	%	25096297
442831	P21554	BPRKVZYPOIPJKM-UHFFFAOYSA-N	Activity	30.0	0.0	%	25797163
442831	P21554	BPRKVZYPOIPJKM-UHFFFAOYSA-N	IC50	0.0	10000.0	nM	25797163
442884	P21554	BRPJJHCWAMSMTO-SNVBAGLBSA-N	Ki	0.0	10000.0	nM	25072877
442930	P21554	BTLAIEFBUBEOTH-OAQYLSRUSA-N	Ki	264.0	264.0	nM	25065940
442930	P21554	BTLAIEFBUBEOTH-OAQYLSRUSA-N	Ki	264.4	264.4	nM	25065940
442964	P21554	BVCVALLHOYGUPQ-UHFFFAOYSA-N	Ki	0.0	10000.0	nM	25486424
442964	P21554	BVCVALLHOYGUPQ-UHFFFAOYSA-N	Ki	16542.0	16542.0	nM	27078864
443038	P21554	BWRCKQFJHWQYMH-UHFFFAOYSA-N	Ki	908.0	908.0	nM	25272206
443083	P21554	BXOSGIDXSREANX-AWEZNQCLSA-N	Ki	2100.0	2100.0	nM	25072877
443085	P21554	BXOSGIDXSREANX-CQSZACIVSA-N	Ki	1100.0	1100.0	nM	25072877
443096	P21554	BXYNHIHRWDYYSV-UHFFFAOYSA-N	EC50	0.0	3162.28	nM	MedChemComm, (2010) 1:1:54
443153	P21554	CACHJUPULSDEOD-UHFFFAOYSA-N	Activity	22.1	22.1	%	25162172
443153	P21554	CACHJUPULSDEOD-UHFFFAOYSA-N	IC50	104.0	104.0	nM	25162172
443174	P21554	CAWKIUQGAAELLD-UHFFFAOYSA-N	Ki	3761.0	3761.0	nM	25935384
443229	P21554	CCXWIMBKZBAZSH-UHFFFAOYSA-N	EC50	0.0	10000.0	nM	25644673
443239	P21554	CDGWVADVWKHVNY-HNNXBMFYSA-N	EC50	0.0	20000.0	nM	25575658
443241	P21554	CDIRHUZPZXHKIP-UHFFFAOYSA-N	IC50	0.0	10000.0	nM	25644673
443250	P21554	CDKHRTAFVXQXEA-UHFFFAOYSA-N	EC50	109.65	109.65	nM	25096297
443250	P21554	CDKHRTAFVXQXEA-UHFFFAOYSA-N	EC50	110.0	110.0	nM	25096297
443250	P21554	CDKHRTAFVXQXEA-UHFFFAOYSA-N	Emax	91.51	91.51	%	25096297
443262	P21554	CDZMVIDKSVUZAX-UHFFFAOYSA-N	Emax	-40.0	-40.0	%	24984935
443265	P21554	CECCFDHGQOKZSV-ZDUSSCGKSA-N	EC50	0.0	50000.0	nM	25556092
443347	P21554	CHHAVMUCQABXCB-CYBMUJFWSA-N	EC50	0.0	100000.0	nM	25466177
443348	P21554	CHHAVMUCQABXCB-ZDUSSCGKSA-N	EC50	0.0	100000.0	nM	25466177
443404	P21554	CJVLIWZGQLBPRO-UHFFFAOYSA-N	EC50	0.0	25000.0	nM	25499880
443483	P21554	CNGGFGYHTPZRMR-UHFFFAOYSA-N	Activity	50.0	50.0	%	MedChemComm, (2010) 1:1:54
443483	P21554	CNGGFGYHTPZRMR-UHFFFAOYSA-N	EC50	1000.0	1000.0	nM	MedChemComm, (2010) 1:1:54
443599	P21554	CQPPNALQBNMXOM-UHFFFAOYSA-N	Ki	0.0	3000.0	nM	25699149
443601	P21554	CQQJSPNPVOSJDM-UHFFFAOYSA-N	Activity	26.5	26.5	%	25162172
443601	P21554	CQQJSPNPVOSJDM-UHFFFAOYSA-N	EC50	1520.0	1520.0	nM	25162172
443601	P21554	CQQJSPNPVOSJDM-UHFFFAOYSA-N	Emax	161.0	161.0	%	25162172
443601	P21554	CQQJSPNPVOSJDM-UHFFFAOYSA-N	IC50	93.0	93.0	nM	25162172
443695	P21554	CTTQSIQLCBDIEK-ZDUSSCGKSA-N	EC50	0.0	20000.0	nM	25575658
443697	P21554	CTTQTSDKGFSVKM-UHFFFAOYSA-N	Ki	32.7	32.7	nM	25272206
443697	P21554	CTTQTSDKGFSVKM-UHFFFAOYSA-N	Ki	33.0	33.0	nM	25272206
443852	P21554	CYXMVQWEPUBKQF-UHFFFAOYSA-N	Ki	0.0	10000.0	nM	25065940
443897	P21554	DARGRLYIWOVHCP-UHFFFAOYSA-N	EC50	1600.0	1600.0	nM	25499880
443929	P21554	DCFDBKAHTLOFTA-SNVBAGLBSA-N	Ki	0.0	10000.0	nM	25072877
443935	P21554	DCJJUWTYVQFMDI-UHFFFAOYSA-N	Ki	0.0	10000.0	nM	25487422
443967	P21554	DEHBFUILWRDWEV-UHFFFAOYSA-N	Ki	0.0	3000.0	nM	25699149
444029	P21554	DGNXZYVSYSEDGV-UHFFFAOYSA-N	Ki	0.0	10000.0	nM	25487422
444031	P21554	DGODHYWQAXDKTG-UHFFFAOYSA-N	Ki	1011.0	1011.0	nM	25272206
444105	P21554	DINNAAWXEMSKSY-UHFFFAOYSA-N	IC50	0.0	10000.0	nM	25644673
444142	P21554	DJZSETHZJXKNBK-UHFFFAOYSA-N	EC50	0.0	10000.0	nM	25644673
444162	P21554	DKPYBBZNCJNYOY-INIZCTEOSA-N	EC50	217.0	217.0	nM	25575658
444175	P21554	DLILJGYGZZNBME-UHFFFAOYSA-N	EC50	776.0	776.0	nM	25096297
444175	P21554	DLILJGYGZZNBME-UHFFFAOYSA-N	EC50	776.25	776.25	nM	25096297
444175	P21554	DLILJGYGZZNBME-UHFFFAOYSA-N	Emax	93.95	93.95	%	25096297
444179	P21554	DLNMZBVAUMSCEI-KBPBESRZSA-N	EC50	0.0	50000.0	nM	25556092
444182	P21554	DLNMZBVAUMSCEI-KGLIPLIRSA-N	EC50	0.0	50000.0	nM	25556092
444190	P21554	DLUGQCQZXRZMNL-ZDUSSCGKSA-N	EC50	0.0	20000.0	nM	25575658
444192	P21554	DLUGZFRIOQAQEH-IUODEOHRSA-N	EC50	1300.0	1300.0	nM	25488844
444192	P21554	DLUGZFRIOQAQEH-IUODEOHRSA-N	Emax	57.0	57.0	%	25488844
444264	P21554	DOUCVXLMZKRXNQ-UHFFFAOYSA-N	Ki	845.5	845.5	nM	25065940
444264	P21554	DOUCVXLMZKRXNQ-UHFFFAOYSA-N	Ki	846.0	846.0	nM	25065940
444331	P21554	DRIBOKZNLIGADO-UHFFFAOYSA-N	Ki	0.0	60000.0	nM	25487422
444369	P21554	DSVQYYJVKMYUOS-UHFFFAOYSA-N	EC50	25118.9	25118.9	nM	24984935
444369	P21554	DSVQYYJVKMYUOS-UHFFFAOYSA-N	EC50	25119.0	25119.0	nM	24984935
444369	P21554	DSVQYYJVKMYUOS-UHFFFAOYSA-N	Emax	-55.0	-55.0	%	24984935
444376	P21554	DTACOIAFVQJIHP-UHFFFAOYSA-N	Ki	138.5	138.5	nM	25935384
444376	P21554	DTACOIAFVQJIHP-UHFFFAOYSA-N	Ki	139.0	139.0	nM	25935384
444388	P21554	DTRFFFACTSWSNK-UHFFFAOYSA-N	IC50	0.0	10000.0	nM	25644673
444425	P21554	DVGVHPKKTHYNJN-UHFFFAOYSA-N	Activity	15.0	0.0	%	25162172
444425	P21554	DVGVHPKKTHYNJN-UHFFFAOYSA-N	IC50	156.0	156.0	nM	25162172
444448	P21554	DWSYTCKNFKCXFW-AWEZNQCLSA-N	EC50	3200.0	3200.0	nM	25556092
444516	P21554	DXVSCRNYSUKQFI-UHFFFAOYSA-N	Emax	19.51	19.51	%	25096297
444528	P21554	DYDSGKCYBXVVEY-OAQYLSRUSA-N	Ki	17.0	17.0	nM	25065940
444528	P21554	DYDSGKCYBXVVEY-OAQYLSRUSA-N	Ki	17.2	17.2	nM	25065940
444529	P21554	DYFROXDOAHXCTA-ZDUSSCGKSA-N	EC50	0.0	20000.0	nM	25575658
444533	P21554	DYIMTVFKTDCCMM-XNNVEVGKSA-N	EC50	0.0	30000.0	nM	25241924
444533	P21554	DYIMTVFKTDCCMM-XNNVEVGKSA-N	IC50	0.0	30000.0	nM	25241924
444552	P21554	DYXKDMRDRFIOPR-UHFFFAOYSA-N	EC50	2950.0	2950.0	nM	25096297
444552	P21554	DYXKDMRDRFIOPR-UHFFFAOYSA-N	EC50	2951.0	2951.0	nM	25096297
444552	P21554	DYXKDMRDRFIOPR-UHFFFAOYSA-N	EC50	2951.21	2951.21	nM	25096297
444552	P21554	DYXKDMRDRFIOPR-UHFFFAOYSA-N	Emax	93.16	93.16	%	25096297
444676	P21554	FCVSHSNEIJRSAD-UHFFFAOYSA-N	Activity	30.0	0.0	%	25797163
444676	P21554	FCVSHSNEIJRSAD-UHFFFAOYSA-N	IC50	2170.0	2170.0	nM	25797163
444747	P21554	FFZUQEOMZDMNDK-UHFFFAOYSA-N	Ki	900.0	900.0	nM	25065940
444860	P21554	FJPQEOQGIZSLES-UHFFFAOYSA-N	Inhibition	50.0	50.0	%	25147929
444961	P21554	FMJBETJJBIEMSZ-UHFFFAOYSA-N	Activity	45.0	45.0	%	MedChemComm, (2010) 1:1:54
444961	P21554	FMJBETJJBIEMSZ-UHFFFAOYSA-N	EC50	316.23	316.23	nM	MedChemComm, (2010) 1:1:54
445034	P21554	FPGOBUMPYDFKDZ-UHFFFAOYSA-N	Activity	47.76	47.76	%	25487422
445144	P21554	FSJFOKKEBVWIJJ-UHFFFAOYSA-N	Activity	105.01	105.01	%	25487422
445167	P21554	FTDHOAGOSGYTGE-INIZCTEOSA-N	EC50	0.0	20000.0	nM	25575658
445170	P21554	FTOCJIOLVFXZMR-UHFFFAOYSA-N	Ki	0.0	10000.0	nM	25599952
445196	P21554	FULYWDQUKSUKCK-UHFFFAOYSA-N	Ki	551.0	551.0	nM	25935384
445237	P21554	FWARWBPCFONFSB-ZDUSSCGKSA-N	EC50	7200.0	7200.0	nM	25556092
445245	P21554	FWNMCSJUCLCGGG-UHFFFAOYSA-N	Ki	750.0	750.0	nM	25272206
445290	P21554	FXJDMIFQFRNYJV-HNNXBMFYSA-N	EC50	1170.0	1170.0	nM	25575658
445298	P21554	FXRSRBHQIDUXMJ-AWEZNQCLSA-N	EC50	0.0	20000.0	nM	25575658
445300	P21554	FXZFAZROTLMFTB-UHFFFAOYSA-N	Ki	0.0	10000.0	nM	25599952
445324	P21554	FZFDQJRQJQKZLW-UHFFFAOYSA-N	Activity	76.31	76.31	%	25487422
445329	P21554	FZKIXPJXKHWLAY-LBPRGKRZSA-N	EC50	10100.0	10100.0	nM	25556092
445353	P21554	GAHMZSAIQOMSRU-UHFFFAOYSA-N	Activity	35.0	35.0	%	25162172
445353	P21554	GAHMZSAIQOMSRU-UHFFFAOYSA-N	IC50	501.0	501.0	nM	25162172
445376	P21554	GBDFKMAHKDXCIN-UHFFFAOYSA-N	Activity	15.0	0.0	%	25162172
445376	P21554	GBDFKMAHKDXCIN-UHFFFAOYSA-N	IC50	0.0	10000.0	nM	25162172
445412	P21554	GCOLZBOPIXIWIM-UHFFFAOYSA-N	Ki	0.0	10000.0	nM	25599952
445430	P21554	GDISNQGQVSLPNH-HNNXBMFYSA-N	EC50	0.0	20000.0	nM	25575658
445454	P21554	GEAPPRKVLAAFQO-UHFFFAOYSA-N	Ki	1140.0	1140.0	nM	25065940
445476	P21554	GEXKQASKTSQDAL-UHFFFAOYSA-N	Ki	0.0	10000.0	nM	25065940
445480	P21554	GFBJGKXEZXIOQC-UHFFFAOYSA-N	Ki	0.0	10000.0	nM	25272206
445490	P21554	GGFVQUNFMXUPON-NSHDSACASA-N	EC50	110.0	110.0	nM	25556092
445544	P21554	GIVJXDXWVBZEPR-UHFFFAOYSA-N	Ki	397.0	397.0	nM	25065940
445636	P21554	GMRANXCAUYRGNO-UHFFFAOYSA-N	Ki	3444.0	3444.0	nM	25272206
445662	P21554	GNLUXEUFYBODRR-UHFFFAOYSA-N	EC50	1000.0	1000.0	nM	25556098
445681	P21554	GOFJAJPOPQILTQ-UHFFFAOYSA-N	EC50	15000.0	15000.0	nM	25096297
445681	P21554	GOFJAJPOPQILTQ-UHFFFAOYSA-N	EC50	15135.6	15135.6	nM	25096297
445681	P21554	GOFJAJPOPQILTQ-UHFFFAOYSA-N	EC50	15136.0	15136.0	nM	25096297
445681	P21554	GOFJAJPOPQILTQ-UHFFFAOYSA-N	Emax	50.19	50.19	%	25096297
445715	P21554	GPHOKHCFDSGUDR-UHFFFAOYSA-N	Ki	1782.0	1782.0	nM	25065940
445727	P21554	GPTAFFHSWDOBMS-UHFFFAOYSA-N	EC50	0.0	25000.0	nM	25499880
445729	P21554	GPVZAERKQDFRNW-UHFFFAOYSA-N	Activity	31.0	31.0	%	MedChemComm, (2010) 1:1:54
445729	P21554	GPVZAERKQDFRNW-UHFFFAOYSA-N	EC50	1258.93	1258.93	nM	MedChemComm, (2010) 1:1:54
445739	P21554	GQCPYMUOLFAADB-ZDUSSCGKSA-N	EC50	0.0	50000.0	nM	25556092
445783	P21554	GRNQOAOSBOXSJL-UHFFFAOYSA-N	Activity	22.2	22.2	%	25162172
445783	P21554	GRNQOAOSBOXSJL-UHFFFAOYSA-N	IC50	716.0	716.0	nM	25162172
445821	P21554	GTAJPUCRGWVFRD-INIZCTEOSA-N	EC50	0.0	20000.0	nM	25575658
445828	P21554	GTCFGCSKWRVSOK-ZYBCLOSLSA-N	Emax	14.27	14.27	%	25096297
445857	P21554	GTWJSXNAWWCMLN-UHFFFAOYSA-N	Activity	15.0	0.0	%	25162172
445857	P21554	GTWJSXNAWWCMLN-UHFFFAOYSA-N	IC50	312.0	312.0	nM	25162172
445869	P21554	GUOFMFIPVUTGED-UHFFFAOYSA-N	Activity	30.0	0.0	%	25797163
445869	P21554	GUOFMFIPVUTGED-UHFFFAOYSA-N	IC50	831.0	831.0	nM	25797163
445930	P21554	GWVWYFGGDPKPQG-UHFFFAOYSA-N	Ki	4772.0	4772.0	nM	25599952
446034	P21554	HAEXUVKAIDVGKX-GWCFXTLKSA-N	EC50	0.0	30000.0	nM	25488844
446037	P21554	HAEXUVKAIDVGKX-ZWNOBZJWSA-N	EC50	0.0	30000.0	nM	25488844
446108	P21554	HDAYFSFWIPRJSO-UHFFFAOYSA-N	Activity	28.2	28.2	%	25162172
446108	P21554	HDAYFSFWIPRJSO-UHFFFAOYSA-N	EC50	3.84	3.84	nM	26529344
446108	P21554	HDAYFSFWIPRJSO-UHFFFAOYSA-N	EC50	70.8	70.8	nM	26529344
446108	P21554	HDAYFSFWIPRJSO-UHFFFAOYSA-N	EC50	167.0	167.0	nM	25162172
446108	P21554	HDAYFSFWIPRJSO-UHFFFAOYSA-N	Emax	106.0	106.0	%	26529344
446108	P21554	HDAYFSFWIPRJSO-UHFFFAOYSA-N	Emax	115.0	115.0	%	26529344
446108	P21554	HDAYFSFWIPRJSO-UHFFFAOYSA-N	Emax	174.0	174.0	%	25162172
446108	P21554	HDAYFSFWIPRJSO-UHFFFAOYSA-N	IC50	32.5	32.5	nM	25162172
446108	P21554	HDAYFSFWIPRJSO-UHFFFAOYSA-N	IC50	33.0	33.0	nM	25162172
446180	P21554	HFYNLAGRWVGBJE-UHFFFAOYSA-N	Ki	0.0	10000.0	nM	25065940
446194	P21554	HGYPPGZPVQBDIS-UWKXONKZSA-N	Ki	310.0	310.0	nM	24972328
446225	P21554	HIBNODAHGAXOTR-UHFFFAOYSA-N	Activity	30.0	0.0	%	25797163
446225	P21554	HIBNODAHGAXOTR-UHFFFAOYSA-N	IC50	0.0	10000.0	nM	25797163
446280	P21554	HJRTXLVNPHKZKY-UHFFFAOYSA-N	EC50	23988.0	23988.0	nM	24984935
446280	P21554	HJRTXLVNPHKZKY-UHFFFAOYSA-N	EC50	23988.3	23988.3	nM	24984935
446280	P21554	HJRTXLVNPHKZKY-UHFFFAOYSA-N	Emax	-58.0	-58.0	%	24984935
446296	P21554	HKDNZWSVLVVYEP-LMOVPXPDSA-N	Activity	77.0	77.0	%	MedChemComm, (2010) 1:1:54
446296	P21554	HKDNZWSVLVVYEP-LMOVPXPDSA-N	EC50	25.12	25.12	nM	MedChemComm, (2010) 1:1:54
446296	P21554	HKDNZWSVLVVYEP-LMOVPXPDSA-N	Ki	1.259	1.259	nM	MedChemComm, (2010) 1:1:54
446297	P21554	HKDNZWSVLVVYEP-UNTBIKODSA-N	Activity	70.0	70.0	%	MedChemComm, (2010) 1:1:54
446297	P21554	HKDNZWSVLVVYEP-UNTBIKODSA-N	EC50	125.89	125.89	nM	MedChemComm, (2010) 1:1:54
446375	P21554	HMLORMULXIVAOQ-MWLCHTKSSA-N	EC50	0.0	30000.0	nM	25488844
446413	P21554	HNXRZHIUZWTFDP-UHFFFAOYSA-N	Ki	0.0	60000.0	nM	25487422
446441	P21554	HPBLNPJXZUUGOZ-AWEZNQCLSA-N	EC50	13000.0	13000.0	nM	25575658
446443	P21554	HPBXVJLLAUTLBT-UHFFFAOYSA-N	Ki	0.0	3000.0	nM	25699149
446488	P21554	HRCYLFULZXRXQY-UHFFFAOYSA-N	Activity	15.0	0.0	%	25162172
446488	P21554	HRCYLFULZXRXQY-UHFFFAOYSA-N	IC50	0.0	10000.0	nM	25162172
446550	P21554	HTDJFIUVOFCYFF-UHFFFAOYSA-N	Ki	160.0	160.0	nM	25486424
446566	P21554	HTUZGIOEZZLLCE-UHFFFAOYSA-N	Ki	0.0	10000.0	nM	25272206
446568	P21554	HUDBWQVHNBCINZ-HNNXBMFYSA-N	EC50	6979.0	6979.0	nM	25575658
446616	P21554	HWIMBWAXFAEZQR-UHFFFAOYSA-N	Activity	30.0	30.0	%	25162172
446616	P21554	HWIMBWAXFAEZQR-UHFFFAOYSA-N	EC50	55.0	55.0	nM	25162172
446616	P21554	HWIMBWAXFAEZQR-UHFFFAOYSA-N	EC50	55.2	55.2	nM	25162172
446616	P21554	HWIMBWAXFAEZQR-UHFFFAOYSA-N	Emax	172.0	172.0	%	25162172
446616	P21554	HWIMBWAXFAEZQR-UHFFFAOYSA-N	IC50	33.0	33.0	nM	25162172
446653	P21554	HXWVLNNFTRICEJ-UHFFFAOYSA-N	Activity	30.0	0.0	%	25797163
446653	P21554	HXWVLNNFTRICEJ-UHFFFAOYSA-N	IC50	2100.0	2100.0	nM	25797163
446662	P21554	HYEYYISNOFZJHL-UHFFFAOYSA-N	Activity	30.0	0.0	%	25797163
446662	P21554	HYEYYISNOFZJHL-UHFFFAOYSA-N	IC50	0.0	10000.0	nM	25797163
446669	P21554	HYJHPLCRPMDXJM-XMMPIXPASA-N	Ki	132.0	132.0	nM	25065940
446669	P21554	HYJHPLCRPMDXJM-XMMPIXPASA-N	Ki	132.2	132.2	nM	25065940
446719	P21554	HZJISAONKFNAPO-CZUORRHYSA-N	EC50	15.6	15.6	nM	25488844
446719	P21554	HZJISAONKFNAPO-CZUORRHYSA-N	EC50	16.0	16.0	nM	25488844
446719	P21554	HZJISAONKFNAPO-CZUORRHYSA-N	Emax	65.0	65.0	%	25488844
446740	P21554	HZWTWWBWQVRNNN-UHFFFAOYSA-N	IC50	0.0	10000.0	nM	25644673
446821	P21554	ICMAAZGPGNYFSC-UHFFFAOYSA-N	Activity	120.63	120.63	%	25487422
446843	P21554	IDSPJWVYIKNBSP-UHFFFAOYSA-N	EC50	138.0	138.0	nM	25065940
446843	P21554	IDSPJWVYIKNBSP-UHFFFAOYSA-N	EC50	138.4	138.4	nM	25065940
446843	P21554	IDSPJWVYIKNBSP-UHFFFAOYSA-N	Emax	60.58	60.58	%	25065940
446843	P21554	IDSPJWVYIKNBSP-UHFFFAOYSA-N	Ki	7.2	7.2	nM	25065940
446843	P21554	IDSPJWVYIKNBSP-UHFFFAOYSA-N	Ki	7.22	7.22	nM	25065940
446845	P21554	IDSXYABJGCZJJZ-UHFFFAOYSA-N	Ki	0.0	10000.0	nM	25065940
446880	P21554	IFAXWSJZDRZZLV-UHFFFAOYSA-N	Activity	63.24	63.24	%	25487422
446893	P21554	IFRQHOCQLJAGOH-UHFFFAOYSA-N	IC50	0.0	10000.0	nM	25644673
446906	P21554	IFZSCAHCAOGFLA-UHFFFAOYSA-N	IC50	0.0	10000.0	nM	25644673
446948	P21554	IHTKJFDTRKKPJW-UHFFFAOYSA-N	Ki	2070.0	2070.0	nM	25065940
446988	P21554	IJDIEWXYLHHPDE-UHFFFAOYSA-N	Ki	35.67	35.67	nM	25272206
446988	P21554	IJDIEWXYLHHPDE-UHFFFAOYSA-N	Ki	36.0	36.0	nM	25272206
447048	P21554	ILDRVEYXHXLZII-ZDUSSCGKSA-N	EC50	7895.0	7895.0	nM	25575658
447060	P21554	IMMJKXDQRLJWTD-UHFFFAOYSA-N	Activity	30.0	0.0	%	25797163
447060	P21554	IMMJKXDQRLJWTD-UHFFFAOYSA-N	IC50	0.0	10000.0	nM	25797163
447135	P21554	IOYAHAJEUUVFKR-LLVKDONJSA-N	Ki	0.0	10000.0	nM	25072877
447136	P21554	IOYKFVKOSDMIBT-UHFFFAOYSA-N	Ki	0.0	10000.0	nM	25065940
447195	P21554	IRBANNOYDGFRST-UHFFFAOYSA-N	EC50	0.0	10000.0	nM	25644673
447196	P21554	IRCVQHMAPOVLBT-UHFFFAOYSA-N	Ki	830.0	830.0	nM	25065940
447282	P21554	ITMNFAXQPPELKG-UHFFFAOYSA-N	Ki	1240.0	1240.0	nM	25065940
447304	P21554	IUPLKYNLPBIJLF-UHFFFAOYSA-N	Ki	0.0	3000.0	nM	25699149
447320	P21554	IVUOJBCRJUWXKJ-UHFFFAOYSA-N	EC50	253.0	253.0	nM	25556098
447344	P21554	IWDABHJUMAOQJL-UHFFFAOYSA-N	Activity	15.0	0.0	%	25162172
447344	P21554	IWDABHJUMAOQJL-UHFFFAOYSA-N	IC50	203.0	203.0	nM	25162172
447391	P21554	IXSQJWNTRSUVLZ-UHFFFAOYSA-N	EC50	0.0	25000.0	nM	25499880
447395	P21554	IXVJUXFJJGHWCY-UHFFFAOYSA-N	Emax	-3.0	-3.0	%	24984935
447395	P21554	IXVJUXFJJGHWCY-UHFFFAOYSA-N	Emax	98.0	98.0	%	24984935
447431	P21554	IZIMYLBKGQBQNO-UHFFFAOYSA-N	Activity	15.0	0.0	%	25162172
447431	P21554	IZIMYLBKGQBQNO-UHFFFAOYSA-N	IC50	181.0	181.0	nM	25162172
447433	P21554	IZJDOVSLNZNNNM-UKRRQHHQSA-N	EC50	51.0	51.0	nM	25488844
447433	P21554	IZJDOVSLNZNNNM-UKRRQHHQSA-N	Emax	92.0	92.0	%	25488844
447442	P21554	IZUABTPJOXDHAT-AWEZNQCLSA-N	EC50	0.0	20000.0	nM	25575658
447563	P21554	JDRAHOHYDYDSRQ-UHFFFAOYSA-N	Activity	15.0	0.0	%	25162172
447563	P21554	JDRAHOHYDYDSRQ-UHFFFAOYSA-N	IC50	1880.0	1880.0	nM	25162172
447582	P21554	JEGXGCQYSXFNSN-ZWNOBZJWSA-N	EC50	0.0	30000.0	nM	25488844
447616	P21554	JFPKMXUQDQYGSR-UHFFFAOYSA-N	Ki	0.0	3000.0	nM	25699149
447624	P21554	JFVWCMCMPXIQLF-HNNXBMFYSA-N	EC50	0.0	50000.0	nM	25556092
447665	P21554	JHHIKRYOCNHROC-UHFFFAOYSA-N	EC50	0.0	25000.0	nM	25499880
447673	P21554	JHOXQGXPJJELKF-UHFFFAOYSA-N	EC50	0.0	10000.0	nM	25644673
447738	P21554	JJXFSLXZUQOSJB-UHFFFAOYSA-N	Ki	630.0	630.0	nM	25935384
447738	P21554	JJXFSLXZUQOSJB-UHFFFAOYSA-N	Ki	630.3	630.3	nM	25935384
447770	P21554	JLINGBANGFPKNS-UHFFFAOYSA-N	Activity	52.1	52.1	%	25487422
447824	P21554	JNIAMAWGDBKLIP-UHFFFAOYSA-N	EC50	4660.0	4660.0	nM	25466177
447824	P21554	JNIAMAWGDBKLIP-UHFFFAOYSA-N	Efficacy	26.2	26.2	%	25466177
447842	P21554	JNRWWIZRCYYVFH-UHFFFAOYSA-N	Ki	2314.0	2314.0	nM	25272206
447909	P21554	JQTDZQNKKMHKLE-UHFFFAOYSA-N	IC50	0.0	10000.0	nM	25644673
447913	P21554	JQYHRKRHFMYNNN-DGCLKSJQSA-N	EC50	0.0	30000.0	nM	25488844
447938	P21554	JRTDGEDTVLYSNV-UHFFFAOYSA-N	EC50	0.0	10000.0	nM	25644673
448051	P21554	JVWVHWQMYBOCRO-UHFFFAOYSA-N	Activity	88.0	88.0	%	MedChemComm, (2010) 1:1:54
448051	P21554	JVWVHWQMYBOCRO-UHFFFAOYSA-N	EC50	125.89	125.89	nM	MedChemComm, (2010) 1:1:54
448078	P21554	JWPRLTRMNRVCLQ-UHFFFAOYSA-N	Ki	656.0	656.0	nM	27078864
448078	P21554	JWPRLTRMNRVCLQ-UHFFFAOYSA-N	Ki	870.0	870.0	nM	25486424
448103	P21554	JXXPBVZOWZSFBD-UHFFFAOYSA-N	Activity	15.0	0.0	%	25162172
448103	P21554	JXXPBVZOWZSFBD-UHFFFAOYSA-N	IC50	1640.0	1640.0	nM	25162172
448167	P21554	KATATUKOZWWQRI-UHFFFAOYSA-N	Ki	0.0	10000.0	nM	25272206
448176	P21554	KAYXDULUFFZBHW-UHFFFAOYSA-N	EC50	16000.0	16000.0	nM	25499880
448184	P21554	KBIHNOMRXOXFIV-UHFFFAOYSA-N	Ki	800.0	800.0	nM	25935384
448219	P21554	KCPJRFQVOBFQRW-UHFFFAOYSA-N	Ki	0.0	10000.0	nM	25272206
448247	P21554	KEAPCMDIGHYUJG-UHFFFAOYSA-N	Ki	0.0	3000.0	nM	25699149
448267	P21554	KEGBICCDHKITSP-UHFFFAOYSA-N	Inhibition	-6.2	-6.2	%	25164761
448389	P21554	KJQCNIJHBGEUFY-UHFFFAOYSA-N	Ki	275.0	275.0	nM	25487422
448545	P21554	KPANCYJPPHMLFG-UHFFFAOYSA-N	Activity	30.0	0.0	%	25797163
448545	P21554	KPANCYJPPHMLFG-UHFFFAOYSA-N	IC50	605.0	605.0	nM	25797163
448555	P21554	KPGCRNWZRXGTOK-UHFFFAOYSA-N	Activity	93.51	93.51	%	25487422
448723	P21554	KTTLGOGMSCBATB-UHFFFAOYSA-N	Activity	30.0	0.0	%	25797163
448723	P21554	KTTLGOGMSCBATB-UHFFFAOYSA-N	IC50	2430.0	2430.0	nM	25797163
448903	P21554	LAZKUKDLAXHLPY-UHFFFAOYSA-N	Activity	27.9	27.9	%	25162172
448903	P21554	LAZKUKDLAXHLPY-UHFFFAOYSA-N	IC50	100.0	100.0	nM	25162172
448929	P21554	LCFVUWYRHYNMJZ-LBPRGKRZSA-N	EC50	0.0	20000.0	nM	25575658
449005	P21554	LFOLMZAFPOQKOJ-UHFFFAOYSA-N	IC50	0.0	10000.0	nM	25644673
449008	P21554	LFPJZJBCLWKHPJ-UHFFFAOYSA-N	Ki	0.0	10000.0	nM	25065940
449013	P21554	LFSHTMJLNHYWDS-SJLPKXTDSA-N	EC50	2.1	2.1	nM	25488844
449013	P21554	LFSHTMJLNHYWDS-SJLPKXTDSA-N	Emax	96.0	96.0	%	25488844
449043	P21554	LGVMMZRPBJAHAY-UHFFFAOYSA-N	Ki	0.0	60000.0	nM	25487422
449061	P21554	LHHZAFVHCIKBRM-UHFFFAOYSA-N	Ki	136.0	136.0	nM	25065940
449061	P21554	LHHZAFVHCIKBRM-UHFFFAOYSA-N	Ki	136.3	136.3	nM	25065940
449078	P21554	LIBFXILVWPAUSP-UHFFFAOYSA-N	EC50	6309.57	6309.57	nM	24984935
449078	P21554	LIBFXILVWPAUSP-UHFFFAOYSA-N	EC50	6310.0	6310.0	nM	24984935
449078	P21554	LIBFXILVWPAUSP-UHFFFAOYSA-N	Emax	-97.0	-97.0	%	24984935
449088	P21554	LIPHFEVGKVUDBY-UHFFFAOYSA-N	Ki	0.0	10000.0	nM	25599952
449112	P21554	LJQNMJHFTQGVGJ-UHFFFAOYSA-N	Ki	0.0	3000.0	nM	25699149
449132	P21554	LKRBRULKSWMJDK-RHSMWYFYSA-N	EC50	341.0	341.0	nM	25488844
449132	P21554	LKRBRULKSWMJDK-RHSMWYFYSA-N	Emax	91.0	91.0	%	25488844
449149	P21554	LLNYKEZRPHWLTG-UHFFFAOYSA-N	Activity	129.38	129.38	%	25487422
449213	P21554	LMZGDKHLJPLHIW-UHFFFAOYSA-N	Ki	0.0	10000.0	nM	25065940
449215	P21554	LNAGYALRABOALU-LBPRGKRZSA-N	EC50	0.0	20000.0	nM	25556092
449227	P21554	LNGDHKZCHIFFKZ-LBPRGKRZSA-N	EC50	98005.0	98005.0	nM	25556092
449272	P21554	LOPPWNUZPHTWQM-MWLCHTKSSA-N	EC50	0.0	30000.0	nM	25488844
449296	P21554	LPNSPHDENZJFTM-GHMZBOCLSA-N	EC50	0.0	30000.0	nM	25488844
449298	P21554	LPQGNDYEZIOGRZ-UHFFFAOYSA-N	Activity	102.46	102.46	%	25487422
449327	P21554	LQPOKCOXYJXERM-UHFFFAOYSA-N	Activity	30.0	0.0	%	25797163
449327	P21554	LQPOKCOXYJXERM-UHFFFAOYSA-N	IC50	79.0	79.0	nM	25797163
449427	P21554	LUWNNDQRRBQNAS-LBPRGKRZSA-N	EC50	0.0	50000.0	nM	25556092
449453	P21554	LVKRVGBGJTVSKA-BTJKTKAUSA-N	Activity	46.0	46.0	%	MedChemComm, (2010) 1:1:54
449453	P21554	LVKRVGBGJTVSKA-BTJKTKAUSA-N	EC50	158.49	158.49	nM	MedChemComm, (2010) 1:1:54
449604	P21554	MATSLLPQHZOIJS-UHFFFAOYSA-N	EC50	0.0	10000.0	nM	25644673
449626	P21554	MBTCFQKJCJYBPJ-UHFFFAOYSA-N	EC50	1905.0	1905.0	nM	25096297
449626	P21554	MBTCFQKJCJYBPJ-UHFFFAOYSA-N	EC50	1905.46	1905.46	nM	25096297
449626	P21554	MBTCFQKJCJYBPJ-UHFFFAOYSA-N	EC50	1910.0	1910.0	nM	25096297
449626	P21554	MBTCFQKJCJYBPJ-UHFFFAOYSA-N	Emax	67.43	67.43	%	25096297
449680	P21554	MDWRKLOCQKYAQI-IEBWSBKVSA-N	EC50	4.4	4.4	nM	25488844
449680	P21554	MDWRKLOCQKYAQI-IEBWSBKVSA-N	Emax	107.0	107.0	%	25488844
449686	P21554	MEGZXIDGRKAPJZ-UHFFFAOYSA-N	IC50	0.0	10000.0	nM	25644673
449696	P21554	MEMYCONPATVETI-UHFFFAOYSA-N	Ki	0.0	3000.0	nM	25699149
449740	P21554	MFZXUEJVICGPCI-GOSISDBHSA-N	Ki	12.8	12.8	nM	25065940
449740	P21554	MFZXUEJVICGPCI-GOSISDBHSA-N	Ki	13.0	13.0	nM	25065940
449761	P21554	MGVVAKUKTUABJC-HNNXBMFYSA-N	EC50	0.0	20000.0	nM	25575658
449764	P21554	MGWUDWFKGCYIEP-UHFFFAOYSA-N	Activity	15.0	0.0	%	25162172
449764	P21554	MGWUDWFKGCYIEP-UHFFFAOYSA-N	IC50	1360.0	1360.0	nM	25162172
449791	P21554	MITIUYOVWKWXAF-UHFFFAOYSA-N	Ki	2609.0	2609.0	nM	25935384
449834	P21554	MJWPRTWQVZSUCI-AWEZNQCLSA-N	EC50	4900.0	4900.0	nM	25556092
449849	P21554	MKKWTJYIBQUDHS-UHFFFAOYSA-N	Ki	3280.0	3280.0	nM	25272206
449872	P21554	MLNSDEROSCBNFA-UHFFFAOYSA-N	Ki	0.0	10000.0	nM	25272206
449880	P21554	MLWBJAJPKGWDSO-AWEZNQCLSA-N	EC50	0.0	20000.0	nM	25575658
449927	P21554	MNQPXOGICPDAJS-UHFFFAOYSA-N	EC50	0.0	3162.28	nM	MedChemComm, (2010) 1:1:54
449984	P21554	MPLRNAYZKDYUTL-CZUORRHYSA-N	EC50	0.0	30000.0	nM	25488844
449991	P21554	MPTQSKVDQGUFJB-UHFFFAOYSA-N	Ki	0.0	3000.0	nM	25699149
450059	P21554	MSFUOAXHQLXDAO-UHFFFAOYSA-N	Inhibition	50.0	0.0	%	25420090
450062	P21554	MSGJPCGXFLUMET-UHFFFAOYSA-N	EC50	0.0	25000.0	nM	25499880
450134	P21554	MUYUEZAKMLKZSO-UHFFFAOYSA-N	Activity	30.0	0.0	%	25797163
450134	P21554	MUYUEZAKMLKZSO-UHFFFAOYSA-N	IC50	205.0	205.0	nM	25797163
450164	P21554	MVNBONISBQVJRA-UHFFFAOYSA-N	Ki	2770.0	2770.0	nM	25065940
450174	P21554	MVWUOFXAHWXDOG-UHFFFAOYSA-N	Activity	29.0	29.0	%	25162172
450174	P21554	MVWUOFXAHWXDOG-UHFFFAOYSA-N	IC50	372.0	372.0	nM	25162172
450226	P21554	MXKGVKJQVDAWMA-UHFFFAOYSA-N	Ki	0.0	10000.0	nM	25272206
450240	P21554	MXTAHAKRKFIVAX-UHFFFAOYSA-N	Activity	15.0	0.0	%	25162172
450240	P21554	MXTAHAKRKFIVAX-UHFFFAOYSA-N	IC50	0.0	10000.0	nM	25162172
450248	P21554	MXZHIPHOBUPEQV-AWEZNQCLSA-N	EC50	0.0	20000.0	nM	25575658
450254	P21554	MYJJVFCPCDPOSM-UHFFFAOYSA-N	Activity	30.0	0.0	%	25797163
450254	P21554	MYJJVFCPCDPOSM-UHFFFAOYSA-N	IC50	4760.0	4760.0	nM	25797163
450272	P21554	MZGZEDAVTPZWOL-UHFFFAOYSA-N	Ki	0.0	3000.0	nM	25699149
450276	P21554	MZJRFMCSGQQDRR-UHFFFAOYSA-N	Ki	0.0	10000.0	nM	25065940
450305	P21554	NAJIDZWKSGADSE-CZUORRHYSA-N	EC50	21.7	21.7	nM	25488844
450305	P21554	NAJIDZWKSGADSE-CZUORRHYSA-N	EC50	22.0	22.0	nM	25488844
450305	P21554	NAJIDZWKSGADSE-CZUORRHYSA-N	Emax	81.0	81.0	%	25488844
450320	P21554	NAZUFIZPNVHKBW-UHFFFAOYSA-N	EC50	2800.0	2800.0	nM	25499880
450344	P21554	NCBKNYZWTNPQAW-UHFFFAOYSA-N	EC50	10000.0	10000.0	nM	25499880
450346	P21554	NCBQVQQRBMBXHL-AWEZNQCLSA-N	EC50	17000.0	17000.0	nM	25556092
450369	P21554	NDRADVRRQGHCEF-UHFFFAOYSA-N	EC50	0.0	10000.0	nM	25644673
450376	P21554	NDVLYTTXLWSSNJ-UHFFFAOYSA-N	Activity	30.0	0.0	%	25797163
450376	P21554	NDVLYTTXLWSSNJ-UHFFFAOYSA-N	IC50	0.0	10000.0	nM	25797163
450390	P21554	NEBZNJDFIPBXCS-AWEZNQCLSA-N	EC50	87.5	87.5	nM	25072877
450390	P21554	NEBZNJDFIPBXCS-AWEZNQCLSA-N	EC50	88.0	88.0	nM	25072877
450390	P21554	NEBZNJDFIPBXCS-AWEZNQCLSA-N	Emax	240.0	240.0	%	25072877
450390	P21554	NEBZNJDFIPBXCS-AWEZNQCLSA-N	Ki	5.0	5.0	nM	25072877
450390	P21554	NEBZNJDFIPBXCS-AWEZNQCLSA-N	Ki	5.0	5.0	nM	25072877
450392	P21554	NEBZNJDFIPBXCS-CQSZACIVSA-N	EC50	126.5	126.5	nM	25072877
450392	P21554	NEBZNJDFIPBXCS-CQSZACIVSA-N	EC50	127.0	127.0	nM	25072877
450392	P21554	NEBZNJDFIPBXCS-CQSZACIVSA-N	Emax	209.0	209.0	%	25072877
450392	P21554	NEBZNJDFIPBXCS-CQSZACIVSA-N	Ki	29.0	29.0	nM	25072877
450424	P21554	NFCBQYQLVBBJGL-UHFFFAOYSA-N	EC50	0.0	3162.28	nM	MedChemComm, (2010) 1:1:54
450441	P21554	NGDWQTRAACONLI-UHFFFAOYSA-N	Ki	0.0	10000.0	nM	25272206
450460	P21554	NHAAXFJNCOPWPB-UHFFFAOYSA-N	Activity	15.0	0.0	%	25162172
450460	P21554	NHAAXFJNCOPWPB-UHFFFAOYSA-N	IC50	0.0	10000.0	nM	25162172
450468	P21554	NHRBCCXNBBHNHN-UWXQCODUSA-N	EC50	10471.0	10471.0	nM	25096297
450468	P21554	NHRBCCXNBBHNHN-UWXQCODUSA-N	EC50	10471.3	10471.3	nM	25096297
450468	P21554	NHRBCCXNBBHNHN-UWXQCODUSA-N	EC50	10500.0	10500.0	nM	25096297
450468	P21554	NHRBCCXNBBHNHN-UWXQCODUSA-N	Emax	58.37	58.37	%	25096297
450499	P21554	NIJADCSGFNKVBY-UHFFFAOYSA-N	EC50	0.0	30000.0	nM	25487422
450499	P21554	NIJADCSGFNKVBY-UHFFFAOYSA-N	Ki	0.0	60000.0	nM	25487422
450532	P21554	NJIMMCJWYQAPMV-UKRRQHHQSA-N	EC50	0.0	30000.0	nM	25488844
450572	P21554	NKQHKAZCWWMKLE-LBPRGKRZSA-N	EC50	0.0	20000.0	nM	25556092
450616	P21554	NMJAKBRUZRZHTP-UHFFFAOYSA-N	Ki	0.0	60000.0	nM	25487422
450672	P21554	NORCYAGQZVMECV-MWLCHTKSSA-N	EC50	0.0	30000.0	nM	25488844
450676	P21554	NORCYAGQZVMECV-ONGXEEELSA-N	EC50	0.0	30000.0	nM	25488844
450762	P21554	NRODGXXBQVNSIK-UHFFFAOYSA-N	Activity	61.0	61.0	%	MedChemComm, (2010) 1:1:54
450762	P21554	NRODGXXBQVNSIK-UHFFFAOYSA-N	EC50	794.33	794.33	nM	MedChemComm, (2010) 1:1:54
450807	P21554	NTJBBBGJUMLFMY-UHFFFAOYSA-N	Activity	111.13	111.13	%	25487422
450820	P21554	NUCWCDKWSIHIRF-AWEZNQCLSA-N	EC50	0.0	50000.0	nM	25556092
450835	P21554	NUUWVBTXTPYRQK-HNNXBMFYSA-N	EC50	600.0	600.0	nM	25575658
450862	P21554	NWAWUOJNDHTFIB-UHFFFAOYSA-N	EC50	1380.0	1380.0	nM	25466177
450862	P21554	NWAWUOJNDHTFIB-UHFFFAOYSA-N	Efficacy	25.7	25.7	%	25466177
450864	P21554	NWCZTJUYWYAZKW-UHFFFAOYSA-N	Activity	15.0	0.0	%	25162172
450864	P21554	NWCZTJUYWYAZKW-UHFFFAOYSA-N	IC50	161.0	161.0	nM	25162172
450868	P21554	NWFLYJVSUKRJDH-UHFFFAOYSA-N	Ki	0.0	10000.0	nM	25065940
450871	P21554	NWLDZMSVYCXZKJ-UHFFFAOYSA-N	Activity	30.0	0.0	%	25797163
450871	P21554	NWLDZMSVYCXZKJ-UHFFFAOYSA-N	IC50	3620.0	3620.0	nM	25797163
450883	P21554	NWYGVNMVIYNQSO-UHFFFAOYSA-N	Ki	19.0	19.0	nM	25935384
450883	P21554	NWYGVNMVIYNQSO-UHFFFAOYSA-N	Ki	19.4	19.4	nM	25935384
450917	P21554	NYCQKVYRXZMKRZ-UHFFFAOYSA-N	Ki	0.0	3000.0	nM	25699149
450977	P21554	OADZFRLWRRTMDX-HTERXRQYSA-N	EC50	217.0	217.0	nM	25488844
450977	P21554	OADZFRLWRRTMDX-HTERXRQYSA-N	Emax	64.0	64.0	%	25488844
450988	P21554	OALDHYSSGNARCQ-LBPRGKRZSA-N	EC50	0.0	20000.0	nM	25556092
451000	P21554	OAYGNQGEUIFBFA-UHFFFAOYSA-N	EC50	0.0	25000.0	nM	25499880
451052	P21554	OCUXWFGPRPQPMZ-LLVKDONJSA-N	Ki	0.0	10000.0	nM	25072877
451130	P21554	OFJMKRPZKAETPO-UHFFFAOYSA-N	EC50	0.0	10000.0	nM	25644673
451247	P21554	OJYVWHUGRJXXIT-AWEZNQCLSA-N	EC50	390.0	390.0	nM	25556092
451350	P21554	ONBPONFRDDTIII-UHFFFAOYSA-N	EC50	123.0	123.0	nM	25096297
451350	P21554	ONBPONFRDDTIII-UHFFFAOYSA-N	EC50	123.03	123.03	nM	25096297
451350	P21554	ONBPONFRDDTIII-UHFFFAOYSA-N	Emax	93.77	93.77	%	25096297
451385	P21554	ONWHHBPKKHKAJJ-UHFFFAOYSA-N	Activity	0.3	0.3	%	25984841
451385	P21554	ONWHHBPKKHKAJJ-UHFFFAOYSA-N	Inhibition	-2.8	-2.8	%	25984841
451415	P21554	OOHIHQFCRNORTG-UHFFFAOYSA-N	EC50	8850.0	8850.0	nM	25096297
451415	P21554	OOHIHQFCRNORTG-UHFFFAOYSA-N	EC50	8912.51	8912.51	nM	25096297
451415	P21554	OOHIHQFCRNORTG-UHFFFAOYSA-N	EC50	8913.0	8913.0	nM	25096297
451415	P21554	OOHIHQFCRNORTG-UHFFFAOYSA-N	Emax	76.82	76.82	%	25096297
451465	P21554	OQDZSZKZKROAOU-UHFFFAOYSA-N	Ki	96.0	96.0	nM	25272206
451465	P21554	OQDZSZKZKROAOU-UHFFFAOYSA-N	Ki	96.1	96.1	nM	25272206
451516	P21554	OSDICWRKBMVADH-UHFFFAOYSA-N	EC50	0.0	10000.0	nM	25644673
451557	P21554	OTVBKTJTSQCANS-UHFFFAOYSA-N	Activity	48.0	48.0	%	MedChemComm, (2010) 1:1:54
451557	P21554	OTVBKTJTSQCANS-UHFFFAOYSA-N	EC50	316.23	316.23	nM	MedChemComm, (2010) 1:1:54
451627	P21554	OVWALLFVBKERPD-UHFFFAOYSA-N	EC50	2818.0	2818.0	nM	25096297
451627	P21554	OVWALLFVBKERPD-UHFFFAOYSA-N	EC50	2818.38	2818.38	nM	25096297
451627	P21554	OVWALLFVBKERPD-UHFFFAOYSA-N	EC50	2820.0	2820.0	nM	25096297
451627	P21554	OVWALLFVBKERPD-UHFFFAOYSA-N	Emax	86.94	86.94	%	25096297
451678	P21554	OYEPUYFAWQHKHJ-KRWDZBQOSA-N	EC50	0.0	20000.0	nM	25575658
451743	P21554	PBHPYVLXXUBFFV-UHFFFAOYSA-N	Activity	98.2	98.2	%	25487422
451751	P21554	PBMFBAGKYCXWOV-DGCLKSJQSA-N	EC50	297.0	297.0	nM	25488844
451751	P21554	PBMFBAGKYCXWOV-DGCLKSJQSA-N	Emax	87.0	87.0	%	25488844
451916	P21554	PGGOWTCRZAQDJI-AQDIUKAZSA-N	Activity	60.0	60.0	%	MedChemComm, (2010) 1:1:54
451916	P21554	PGGOWTCRZAQDJI-AQDIUKAZSA-N	EC50	10.0	10.0	nM	MedChemComm, (2010) 1:1:54
451918	P21554	PGLQQTONBSEQOX-UHFFFAOYSA-N	EC50	0.0	100000.0	nM	25466177
451923	P21554	PGYGYIVEQQZKCJ-UHFFFAOYSA-N	EC50	25704.0	25704.0	nM	24984935
451923	P21554	PGYGYIVEQQZKCJ-UHFFFAOYSA-N	EC50	25704.0	25704.0	nM	24984935
451923	P21554	PGYGYIVEQQZKCJ-UHFFFAOYSA-N	Emax	-42.0	-42.0	%	24984935
451926	P21554	PHCFWLPTJLDXID-SNVBAGLBSA-N	Ki	0.0	10000.0	nM	25072877
452040	P21554	PKWWAHHKOHKCFN-LBPRGKRZSA-N	EC50	1100.0	1100.0	nM	25556092
452077	P21554	PLIHWCCORFZAAL-WLHGVMLRSA-N	Inhibition	11.0	11.0	%	24856064
452146	P21554	PNFLZQSSTUBFBH-SJLPKXTDSA-N	EC50	19.0	19.0	nM	25488844
452146	P21554	PNFLZQSSTUBFBH-SJLPKXTDSA-N	EC50	19.1	19.1	nM	25488844
452146	P21554	PNFLZQSSTUBFBH-SJLPKXTDSA-N	Emax	102.0	102.0	%	25488844
452212	P21554	PPSQLDLKFJHMTI-SNVBAGLBSA-N	Ki	0.0	10000.0	nM	25072877
452335	P21554	PUDMSDVHALBQJY-GHMZBOCLSA-N	EC50	3600.0	3600.0	nM	25488844
452344	P21554	PUJOVRFAXSDWML-UHFFFAOYSA-N	Activity	78.0	78.0	%	MedChemComm, (2010) 1:1:54
452344	P21554	PUJOVRFAXSDWML-UHFFFAOYSA-N	EC50	158.49	158.49	nM	MedChemComm, (2010) 1:1:54
452412	P21554	PXMOQRJLYRZDOS-UHFFFAOYSA-N	Activity	47.0	47.0	%	25162172
452412	P21554	PXMOQRJLYRZDOS-UHFFFAOYSA-N	IC50	251.0	251.0	nM	25162172
452457	P21554	PYUOXGBSHSELQU-UHFFFAOYSA-N	Activity	30.0	0.0	%	25797163
452457	P21554	PYUOXGBSHSELQU-UHFFFAOYSA-N	IC50	318.0	318.0	nM	25797163
452472	P21554	PZIFWOSKAHGAJJ-UHFFFAOYSA-N	EC50	0.0	25000.0	nM	25499880
452485	P21554	PZQBNUHQWVYTJP-UHFFFAOYSA-N	Activity	30.0	0.0	%	25797163
452485	P21554	PZQBNUHQWVYTJP-UHFFFAOYSA-N	IC50	3150.0	3150.0	nM	25797163
452564	P21554	QBXLXBAKKFKYNZ-UHFFFAOYSA-N	EC50	0.0	25000.0	nM	25499880
452588	P21554	QCIASDDHOHRWGG-AWEZNQCLSA-N	EC50	0.0	50000.0	nM	25556092
452594	P21554	QCMCIGZJKCZNEG-UHFFFAOYSA-N	EC50	1553.0	1553.0	nM	25487422
452594	P21554	QCMCIGZJKCZNEG-UHFFFAOYSA-N	Ki	61.0	61.0	nM	25487422
452599	P21554	QCTSQCFRTLMKRV-UHFFFAOYSA-N	Ki	0.0	3000.0	nM	25699149
452607	P21554	QDTHRNHHBMAPKU-UHFFFAOYSA-N	Emax	-5.0	-5.0	%	24984935
452607	P21554	QDTHRNHHBMAPKU-UHFFFAOYSA-N	Emax	71.0	71.0	%	24984935
452671	P21554	QGOXBMXBECDKRP-UHFFFAOYSA-N	EC50	17378.0	17378.0	nM	24984935
452671	P21554	QGOXBMXBECDKRP-UHFFFAOYSA-N	EC50	17378.0	17378.0	nM	24984935
452671	P21554	QGOXBMXBECDKRP-UHFFFAOYSA-N	Emax	-83.0	-83.0	%	24984935
452715	P21554	QIFMCIHXGQBWJT-UHFFFAOYSA-N	Ki	0.0	40000.0	nM	25671648
452717	P21554	QIGKNCJASZEQPS-IBGZPJMESA-N	EC50	54.0	54.0	nM	25556098
452733	P21554	QIROVCLGEMKLDL-UHFFFAOYSA-N	EC50	0.0	10000.0	nM	25644673
452744	P21554	QIZQKAFLRKDEFK-UHFFFAOYSA-N	EC50	1620.0	1620.0	nM	25096297
452744	P21554	QIZQKAFLRKDEFK-UHFFFAOYSA-N	EC50	1621.81	1621.81	nM	25096297
452744	P21554	QIZQKAFLRKDEFK-UHFFFAOYSA-N	EC50	1622.0	1622.0	nM	25096297
452744	P21554	QIZQKAFLRKDEFK-UHFFFAOYSA-N	Emax	78.09	78.09	%	25096297
452757	P21554	QKCBUMJCRHUCAH-UHFFFAOYSA-N	Ki	0.0	10000.0	nM	25599952
452806	P21554	QMRUDPFQGULEKY-UHFFFAOYSA-N	Activity	41.0	41.0	%	MedChemComm, (2010) 1:1:54
452806	P21554	QMRUDPFQGULEKY-UHFFFAOYSA-N	EC50	100.0	100.0	nM	MedChemComm, (2010) 1:1:54
452849	P21554	QOHUMPFRGCFQJU-UHFFFAOYSA-N	EC50	0.0	10000.0	nM	25644673
452858	P21554	QOWQYZCVGXKVQA-UHFFFAOYSA-N	Activity	39.0	39.0	%	MedChemComm, (2010) 1:1:54
452858	P21554	QOWQYZCVGXKVQA-UHFFFAOYSA-N	EC50	501.19	501.19	nM	MedChemComm, (2010) 1:1:54
452886	P21554	QQEVIUNXMFLAMF-UHFFFAOYSA-N	EC50	660.69	660.69	nM	25096297
452886	P21554	QQEVIUNXMFLAMF-UHFFFAOYSA-N	EC50	661.0	661.0	nM	25096297
452886	P21554	QQEVIUNXMFLAMF-UHFFFAOYSA-N	Emax	92.47	92.47	%	25096297
452890	P21554	QQIJWOFYHMNSTN-UHFFFAOYSA-N	Ki	177.8	177.8	nM	25065940
452890	P21554	QQIJWOFYHMNSTN-UHFFFAOYSA-N	Ki	178.0	178.0	nM	25065940
452897	P21554	QQLHCVLMFUXEJC-UHFFFAOYSA-N	Ki	0.0	10000.0	nM	25272206
452914	P21554	QQXDNTXCWOQARA-MWLCHTKSSA-N	EC50	3400.0	3400.0	nM	25488844
452956	P21554	QSFUPMRSLWJWGM-UHFFFAOYSA-N	Activity	36.0	36.0	%	MedChemComm, (2010) 1:1:54
452956	P21554	QSFUPMRSLWJWGM-UHFFFAOYSA-N	EC50	251.19	251.19	nM	MedChemComm, (2010) 1:1:54
452957	P21554	QSIBJPQGFDSJOU-UHFFFAOYSA-N	Activity	15.0	0.0	%	25162172
452957	P21554	QSIBJPQGFDSJOU-UHFFFAOYSA-N	IC50	693.0	693.0	nM	25162172
452968	P21554	QSUDVPGYNDMTCQ-UHFFFAOYSA-N	EC50	0.0	25000.0	nM	25499880
452989	P21554	QTMSLDWWPPFWAP-UKRRQHHQSA-N	EC50	86.0	86.0	nM	25488844
452989	P21554	QTMSLDWWPPFWAP-UKRRQHHQSA-N	Emax	80.0	80.0	%	25488844
453001	P21554	QTQLXSJPJBHVSX-UHFFFAOYSA-N	EC50	40700.0	40700.0	nM	25096297
453001	P21554	QTQLXSJPJBHVSX-UHFFFAOYSA-N	EC50	40738.0	40738.0	nM	25096297
453001	P21554	QTQLXSJPJBHVSX-UHFFFAOYSA-N	EC50	40738.0	40738.0	nM	25096297
453001	P21554	QTQLXSJPJBHVSX-UHFFFAOYSA-N	Emax	29.3	29.3	%	25096297
453044	P21554	QUWMDEVTNMYBRF-UHFFFAOYSA-N	Activity	86.24	86.24	%	25487422
453080	P21554	QWLSDGPJFRNTFW-UHFFFAOYSA-N	Activity	15.0	0.0	%	25162172
453080	P21554	QWLSDGPJFRNTFW-UHFFFAOYSA-N	IC50	888.0	888.0	nM	25162172
453145	P21554	QYJMHBYZTCLNAE-ZYHUDNBSSA-N	EC50	105.0	105.0	nM	25488844
453145	P21554	QYJMHBYZTCLNAE-ZYHUDNBSSA-N	Emax	60.0	60.0	%	25488844
453149	P21554	QYKFRSKQKNACOS-UHFFFAOYSA-N	Ki	0.0	3000.0	nM	25699149
453152	P21554	QYNFAYQNUYQLMB-LBPRGKRZSA-N	EC50	7.0	7.0	nM	25556098
453152	P21554	QYNFAYQNUYQLMB-LBPRGKRZSA-N	EC50	7.0	7.0	nM	25556098
453160	P21554	QYVUDBXZRBTYBA-ZDUSSCGKSA-N	EC50	2400.0	2400.0	nM	25556092
453175	P21554	QZGFQISGJISWSQ-UHFFFAOYSA-N	Activity	15.0	0.0	%	25162172
453175	P21554	QZGFQISGJISWSQ-UHFFFAOYSA-N	IC50	125.0	125.0	nM	25162172
453190	P21554	QZVOCKMIPFYYSZ-NXEZZACHSA-N	EC50	0.0	30000.0	nM	25488844
453208	P21554	QZYTVFOJAQEKOY-MWLCHTKSSA-N	EC50	0.0	30000.0	nM	25488844
453212	P21554	QZYTVFOJAQEKOY-ONGXEEELSA-N	EC50	0.0	30000.0	nM	25488844
453227	P21554	RAMHCAPSUIGEGV-MWLCHTKSSA-N	EC50	0.0	30000.0	nM	25488844
453233	P21554	RAMHCAPSUIGEGV-ONGXEEELSA-N	EC50	0.0	30000.0	nM	25488844
453244	P21554	RAWXPASUOIJZQB-NXEZZACHSA-N	EC50	0.0	30000.0	nM	25488844
453277	P21554	RCNJZTHWNBKXOO-UHFFFAOYSA-N	Activity	30.0	0.0	%	25797163
453277	P21554	RCNJZTHWNBKXOO-UHFFFAOYSA-N	IC50	0.0	10000.0	nM	25797163
453288	P21554	RCRWEJBINVVJEE-HXUWFJFHSA-N	Ki	1060.0	1060.0	nM	25065940
453309	P21554	RDOXDMVBYJSLFB-UHFFFAOYSA-N	Activity	23.2	23.2	%	25162172
453309	P21554	RDOXDMVBYJSLFB-UHFFFAOYSA-N	EC50	207.0	207.0	nM	25162172
453309	P21554	RDOXDMVBYJSLFB-UHFFFAOYSA-N	Emax	172.0	172.0	%	25162172
453309	P21554	RDOXDMVBYJSLFB-UHFFFAOYSA-N	IC50	32.0	32.0	nM	25162172
453329	P21554	REBXEOSBRPNTBC-UHFFFAOYSA-N	Activity	111.0	111.0	%	MedChemComm, (2010) 1:1:54
453329	P21554	REBXEOSBRPNTBC-UHFFFAOYSA-N	EC50	794.33	794.33	nM	MedChemComm, (2010) 1:1:54
453351	P21554	RESRFPBUVQKKFH-SNVBAGLBSA-N	Ki	0.0	10000.0	nM	25072877
453376	P21554	RFWSPILMGBXCJI-UHFFFAOYSA-N	Activity	15.0	0.0	%	25162172
453376	P21554	RFWSPILMGBXCJI-UHFFFAOYSA-N	IC50	53.7	53.7	nM	25162172
453376	P21554	RFWSPILMGBXCJI-UHFFFAOYSA-N	IC50	54.0	54.0	nM	25162172
453389	P21554	RFXYCONJKGVEBN-UHFFFAOYSA-N	EC50	420.0	420.0	nM	25556098
453427	P21554	RGXQTRUQYBCUAT-UHFFFAOYSA-N	Ki	0.0	60000.0	nM	25487422
453532	P21554	RKOHQJAHFFSOSQ-UHFFFAOYSA-N	Ki	0.0	40000.0	nM	25671648
453563	P21554	RLMOROYTWQUPHF-UHFFFAOYSA-N	Activity	15.0	0.0	%	25162172
453563	P21554	RLMOROYTWQUPHF-UHFFFAOYSA-N	EC50	408.0	408.0	nM	25162172
453563	P21554	RLMOROYTWQUPHF-UHFFFAOYSA-N	Emax	196.0	196.0	%	25162172
453563	P21554	RLMOROYTWQUPHF-UHFFFAOYSA-N	IC50	135.0	135.0	nM	25162172
453600	P21554	RMUMGAJFWHELKP-GDBMZVCRSA-N	EC50	7.4	7.4	nM	25488844
453600	P21554	RMUMGAJFWHELKP-GDBMZVCRSA-N	Emax	97.0	97.0	%	25488844
453612	P21554	RNGSYLUPRZVMDV-UHFFFAOYSA-N	IC50	0.0	10000.0	nM	25644673
453614	P21554	RNIPCZJSAUJLLI-UHFFFAOYSA-N	EC50	0.0	100000.0	nM	25466177
453615	P21554	RNJBGGHADWQYKY-UHFFFAOYSA-N	Ki	0.0	3000.0	nM	25699149
453685	P21554	RPRYTMAQVWICAO-UHFFFAOYSA-N	Activity	83.0	83.0	%	MedChemComm, (2010) 1:1:54
453685	P21554	RPRYTMAQVWICAO-UHFFFAOYSA-N	EC50	199.53	199.53	nM	MedChemComm, (2010) 1:1:54
453712	P21554	RRAKNYASVPYGBW-UHFFFAOYSA-N	Ki	0.0	10000.0	nM	25065940
453728	P21554	RRQQVSKOGMIVFA-UHFFFAOYSA-N	EC50	0.0	10000.0	nM	25644673
453745	P21554	RSLFNRJPKFNANW-UHFFFAOYSA-N	EC50	0.0	25000.0	nM	25499880
453770	P21554	RTQZKEKUXNWTAS-UHFFFAOYSA-N	Activity	30.0	0.0	%	25797163
453770	P21554	RTQZKEKUXNWTAS-UHFFFAOYSA-N	IC50	2560.0	2560.0	nM	25797163
453793	P21554	RUIMTBQKQRDZKC-ZDUSSCGKSA-N	EC50	0.0	20000.0	nM	25575658
453799	P21554	RUQJUWAZFRKOHX-UHFFFAOYSA-N	EC50	0.0	10000.0	nM	25644673
453874	P21554	RWSHWYIQVOMVLL-UHFFFAOYSA-N	Ki	0.0	10000.0	nM	25272206
453906	P21554	RXNTVQXUPSGMRM-UHFFFAOYSA-N	Activity	30.0	30.0	%	MedChemComm, (2010) 1:1:54
453906	P21554	RXNTVQXUPSGMRM-UHFFFAOYSA-N	EC50	251.19	251.19	nM	MedChemComm, (2010) 1:1:54
453922	P21554	RYDGYZYXBUXRIX-AQOUDTPCSA-N	EC50	23988.0	23988.0	nM	25096297
453922	P21554	RYDGYZYXBUXRIX-AQOUDTPCSA-N	EC50	23988.3	23988.3	nM	25096297
453922	P21554	RYDGYZYXBUXRIX-AQOUDTPCSA-N	EC50	24300.0	24300.0	nM	25096297
453922	P21554	RYDGYZYXBUXRIX-AQOUDTPCSA-N	Emax	38.19	38.19	%	25096297
453924	P21554	RYDGYZYXBUXRIX-KKLWWLSJSA-N	EC50	8511.0	8511.0	nM	25096297
453924	P21554	RYDGYZYXBUXRIX-KKLWWLSJSA-N	EC50	8511.38	8511.38	nM	25096297
453924	P21554	RYDGYZYXBUXRIX-KKLWWLSJSA-N	EC50	8550.0	8550.0	nM	25096297
453924	P21554	RYDGYZYXBUXRIX-KKLWWLSJSA-N	Emax	63.05	63.05	%	25096297
454063	P21554	SDGDQGXNKCBLHX-NCRNUEESSA-N	EC50	7585.78	7585.78	nM	25096297
454063	P21554	SDGDQGXNKCBLHX-NCRNUEESSA-N	EC50	7586.0	7586.0	nM	25096297
454063	P21554	SDGDQGXNKCBLHX-NCRNUEESSA-N	EC50	7600.0	7600.0	nM	25096297
454063	P21554	SDGDQGXNKCBLHX-NCRNUEESSA-N	Emax	45.46	45.46	%	25096297
454064	P21554	SDGDQGXNKCBLHX-ZRKBJOGQSA-N	EC50	3160.0	3160.0	nM	25096297
454064	P21554	SDGDQGXNKCBLHX-ZRKBJOGQSA-N	EC50	3162.0	3162.0	nM	25096297
454064	P21554	SDGDQGXNKCBLHX-ZRKBJOGQSA-N	EC50	3162.28	3162.28	nM	25096297
454064	P21554	SDGDQGXNKCBLHX-ZRKBJOGQSA-N	Emax	33.64	33.64	%	25096297
454112	P21554	SFAYJQHFCNNGOD-UHFFFAOYSA-N	Ki	0.0	40000.0	nM	25671648
454119	P21554	SFOOAURLLXPPBE-UHFFFAOYSA-N	Activity	30.0	0.0	%	25797163
454119	P21554	SFOOAURLLXPPBE-UHFFFAOYSA-N	IC50	1800.0	1800.0	nM	25797163
454153	P21554	SGRIYIPZNBGXKS-PVKYBCDNSA-N	Ki	0.0	20000.0	nM	24972328
454178	P21554	SHIQHFJMBFHFKT-SFHVURJKSA-N	EC50	0.5	0.5	nM	25556098
454178	P21554	SHIQHFJMBFHFKT-SFHVURJKSA-N	EC50	0.5	0.5	nM	25556098
454181	P21554	SHJUYVCKURRHSH-UHFFFAOYSA-N	Activity	19.6	19.6	%	25162172
454181	P21554	SHJUYVCKURRHSH-UHFFFAOYSA-N	IC50	228.0	228.0	nM	25162172
454235	P21554	SJEPMOZSFYWLKA-NXEZZACHSA-N	EC50	0.0	30000.0	nM	25488844
454270	P21554	SKGABILFZZEVPR-UHFFFAOYSA-N	Activity	107.8	107.8	%	25487422
454372	P21554	SNQTVUXJKJMYRL-ZDUSSCGKSA-N	EC50	0.0	50000.0	nM	25556092
454415	P21554	SPGILAFEXNOREU-KGLIPLIRSA-N	EC50	28000.0	28000.0	nM	25556092
454497	P21554	SSBJYZUPLXZVNB-UHFFFAOYSA-N	Ki	0.0	3000.0	nM	25699149
454508	P21554	SSQJFGMEZBFMNV-XJDOXCRVSA-N	Log Ki	-0.14	-0.14	nM	10882356
454641	P21554	SXVMENMIZXPCNC-UHFFFAOYSA-N	Activity	28.0	28.0	%	MedChemComm, (2010) 1:1:54
454641	P21554	SXVMENMIZXPCNC-UHFFFAOYSA-N	EC50	501.19	501.19	nM	MedChemComm, (2010) 1:1:54
454661	P21554	SYOAAQQVEDDGIG-UHFFFAOYSA-N	IC50	0.0	10000.0	nM	25644673
454679	P21554	SZJWSJRAHGKJDN-AWEZNQCLSA-N	EC50	0.0	20000.0	nM	25575658
454789	P21554	TXLYAPSVJBMCRY-UHFFFAOYSA-N	Ki	0.0	10000.0	nM	25272206
454977	P21554	UDOGQHXIXUMLJP-UHFFFAOYSA-N	EC50	0.0	10000.0	nM	25644673
455003	P21554	UEDUAUJNUMDMFB-UHFFFAOYSA-N	Activity	15.0	0.0	%	25162172
455003	P21554	UEDUAUJNUMDMFB-UHFFFAOYSA-N	IC50	317.0	317.0	nM	25162172
455044	P21554	UFLLNLMDBQIUTH-UHFFFAOYSA-N	Activity	30.0	0.0	%	25797163
455044	P21554	UFLLNLMDBQIUTH-UHFFFAOYSA-N	IC50	0.0	10000.0	nM	25797163
455073	P21554	UHBZPVXIAZOSSD-UHFFFAOYSA-N	Activity	52.0	52.0	%	MedChemComm, (2010) 1:1:54
455073	P21554	UHBZPVXIAZOSSD-UHFFFAOYSA-N	EC50	1584.89	1584.89	nM	MedChemComm, (2010) 1:1:54
455194	P21554	ULSVBPAWRBQLMS-UHFFFAOYSA-N	EC50	0.0	10000.0	nM	25644673
455203	P21554	UMGJKWSIQVVDGX-UHFFFAOYSA-N	EC50	0.0	10000.0	nM	25644673
455272	P21554	UOLNKPNWCTYOPC-UHFFFAOYSA-N	Activity	15.0	0.0	%	25162172
455272	P21554	UOLNKPNWCTYOPC-UHFFFAOYSA-N	IC50	189.0	189.0	nM	25162172
455298	P21554	UPHSNPFOQHMZEB-AWEZNQCLSA-N	EC50	0.0	20000.0	nM	25556092
455316	P21554	UPYMWORQWAXUNE-UHFFFAOYSA-N	Ki	0.0	3000.0	nM	25699149
455351	P21554	UQYGKCDCFVQCHW-UHFFFAOYSA-N	EC50	0.0	3162.28	nM	MedChemComm, (2010) 1:1:54
455419	P21554	UTDFNPQIXLLZIT-HNNXBMFYSA-N	EC50	0.0	20000.0	nM	25575658
455421	P21554	UTDRYESAERWZPI-AWEZNQCLSA-N	EC50	15640.0	15640.0	nM	25575658
455468	P21554	UUUUKDIKVIQJQX-UHFFFAOYSA-N	Activity	30.0	0.0	%	25797163
455468	P21554	UUUUKDIKVIQJQX-UHFFFAOYSA-N	IC50	151.0	151.0	nM	25797163
455580	P21554	UZBWCKBPXRODJT-UFDOCAHHSA-N	Ki	8600.0	8600.0	nM	24972328
455606	P21554	UZYLLYOBIXOBQF-TZMCWYRMSA-N	EC50	43.0	43.0	nM	25488844
455606	P21554	UZYLLYOBIXOBQF-TZMCWYRMSA-N	Emax	68.0	68.0	%	25488844
455634	P21554	VBBAEKFILYUUPW-UHFFFAOYSA-N	Activity	76.71	76.71	%	25487422
455667	P21554	VBVSLBXYPFYZIR-ZDUSSCGKSA-N	EC50	0.0	20000.0	nM	25575658
455675	P21554	VCDQBSRZFUBXDI-UHFFFAOYSA-N	Activity	19.6	19.6	%	25162172
455675	P21554	VCDQBSRZFUBXDI-UHFFFAOYSA-N	IC50	311.0	311.0	nM	25162172
455684	P21554	VCMMYRWIEZCYDK-PDBXOOCHSA-N	Ki	8880.0	8880.0	nM	24972328
455714	P21554	VCZQESXCRUNCBJ-UHFFFAOYSA-N	EC50	0.0	10000.0	nM	25644673
455723	P21554	VDMQBZFCSFSFOR-UHFFFAOYSA-N	Emax	-3.0	-3.0	%	24984935
455723	P21554	VDMQBZFCSFSFOR-UHFFFAOYSA-N	Emax	95.0	95.0	%	24984935
455781	P21554	VFJZDIRZVHSZCL-UHFFFAOYSA-N	Ki	0.0	3000.0	nM	25699149
455813	P21554	VHFPMFSUAHEHBE-UHFFFAOYSA-N	Activity	30.0	0.0	%	25797163
455813	P21554	VHFPMFSUAHEHBE-UHFFFAOYSA-N	IC50	361.0	361.0	nM	25797163
455843	P21554	VIIFQCCKYXSQKF-UHFFFAOYSA-N	EC50	0.0	10000.0	nM	25644673
455874	P21554	VKCVQMODGCVRHW-UHFFFAOYSA-N	Activity	30.0	0.0	%	25797163
455874	P21554	VKCVQMODGCVRHW-UHFFFAOYSA-N	IC50	483.0	483.0	nM	25797163
455915	P21554	VLIMFZSMMDUNFH-UHFFFAOYSA-N	Ki	3262.0	3262.0	nM	25272206
455945	P21554	VNBACJVORYHCRA-IBGZPJMESA-N	EC50	15.0	15.0	nM	25556098
455946	P21554	VNDSXTWELGPCTB-UHFFFAOYSA-N	Ki	2080.0	2080.0	nM	25065940
456046	P21554	VRIXWKFEHIPSIP-UHFFFAOYSA-N	Ki	52.9	52.9	nM	25272206
456046	P21554	VRIXWKFEHIPSIP-UHFFFAOYSA-N	Ki	53.0	53.0	nM	25272206
456065	P21554	VSDKISJUKCDNCT-UHFFFAOYSA-N	Ki	0.0	10000.0	nM	25935384
456169	P21554	VVGRVXLDVURROA-UHFFFAOYSA-N	Ki	0.0	3000.0	nM	25699149
456300	P21554	VZKVXWUSSUGQGY-UHFFFAOYSA-N	Ki	227.0	227.0	nM	25935384
456309	P21554	VZUJLUOMSWRIQJ-UHFFFAOYSA-N	Inhibition	0.0	0.0	%	19736007
456316	P21554	WABPNSCYWRNHEU-UHFFFAOYSA-N	Activity	15.0	0.0	%	25162172
456316	P21554	WABPNSCYWRNHEU-UHFFFAOYSA-N	EC50	663.0	663.0	nM	25162172
456316	P21554	WABPNSCYWRNHEU-UHFFFAOYSA-N	Emax	184.0	184.0	%	25162172
456316	P21554	WABPNSCYWRNHEU-UHFFFAOYSA-N	IC50	27.0	27.0	nM	25162172
456316	P21554	WABPNSCYWRNHEU-UHFFFAOYSA-N	IC50	27.4	27.4	nM	25162172
456374	P21554	WBVHPGIBBFVLKN-UHFFFAOYSA-N	EC50	0.0	30000.0	nM	25487422
456395	P21554	WCIZQENQQWNDEJ-UHFFFAOYSA-N	EC50	501.0	501.0	nM	25096297
456395	P21554	WCIZQENQQWNDEJ-UHFFFAOYSA-N	EC50	501.19	501.19	nM	25096297
456395	P21554	WCIZQENQQWNDEJ-UHFFFAOYSA-N	Emax	80.19	80.19	%	25096297
456430	P21554	WDOIRXCSWMTZHK-KRWDZBQOSA-N	EC50	0.0	20000.0	nM	25575658
456475	P21554	WFHPSIWEEPUBPV-UHFFFAOYSA-N	Activity	30.0	0.0	%	25797163
456475	P21554	WFHPSIWEEPUBPV-UHFFFAOYSA-N	IC50	319.0	319.0	nM	25797163
456503	P21554	WGHYZMUZGXWEMW-UHFFFAOYSA-N	Activity	15.0	0.0	%	25162172
456503	P21554	WGHYZMUZGXWEMW-UHFFFAOYSA-N	IC50	0.0	10000.0	nM	25162172
456517	P21554	WGWKTQCAJSRICS-KGLIPLIRSA-N	EC50	29000.0	29000.0	nM	25556092
456543	P21554	WHTVRROUSMIKQK-UHFFFAOYSA-N	EC50	20000.0	20000.0	nM	25487422
456543	P21554	WHTVRROUSMIKQK-UHFFFAOYSA-N	Ki	3200.0	3200.0	nM	25487422
456578	P21554	WITSMXUOQNQBLT-UHFFFAOYSA-N	Ki	22.59	22.59	nM	25272206
456578	P21554	WITSMXUOQNQBLT-UHFFFAOYSA-N	Ki	23.0	23.0	nM	25272206
456585	P21554	WIVRCLNIDINBEF-SNVBAGLBSA-N	Ki	1000.0	1000.0	nM	25072877
456596	P21554	WJIZZYNTUBCGPU-UHFFFAOYSA-N	IC50	0.0	10000.0	nM	25644673
456601	P21554	WKAOYQFYMRWACM-UHFFFAOYSA-N	Ki	701.5	701.5	nM	25935384
456601	P21554	WKAOYQFYMRWACM-UHFFFAOYSA-N	Ki	702.0	702.0	nM	25935384
456605	P21554	WKDAZCMCNSHOIB-UHFFFAOYSA-N	Emax	43.64	43.64	%	25096297
456625	P21554	WKZBYKWJIPDLHQ-UHFFFAOYSA-N	EC50	16218.0	16218.0	nM	25096297
456625	P21554	WKZBYKWJIPDLHQ-UHFFFAOYSA-N	EC50	16218.1	16218.1	nM	25096297
456625	P21554	WKZBYKWJIPDLHQ-UHFFFAOYSA-N	EC50	16220.0	16220.0	nM	25096297
456625	P21554	WKZBYKWJIPDLHQ-UHFFFAOYSA-N	Emax	66.4	66.4	%	25096297
456712	P21554	WOCJKSWJVDFZBH-UHFFFAOYSA-N	EC50	1096.0	1096.0	nM	25096297
456712	P21554	WOCJKSWJVDFZBH-UHFFFAOYSA-N	EC50	1096.48	1096.48	nM	25096297
456712	P21554	WOCJKSWJVDFZBH-UHFFFAOYSA-N	EC50	1100.0	1100.0	nM	25096297
456712	P21554	WOCJKSWJVDFZBH-UHFFFAOYSA-N	Emax	78.76	78.76	%	25096297
456753	P21554	WPMZHAWRMPKXHR-ZDUSSCGKSA-N	EC50	250.0	250.0	nM	25575658,25556098,25556092
456866	P21554	WTZBQRKRMSBFEP-UHFFFAOYSA-N	Activity	32.0	32.0	%	25162172
456866	P21554	WTZBQRKRMSBFEP-UHFFFAOYSA-N	Activity	35.0	35.0	%	25162172
456866	P21554	WTZBQRKRMSBFEP-UHFFFAOYSA-N	Emax	132.0	132.0	%	25162172
456866	P21554	WTZBQRKRMSBFEP-UHFFFAOYSA-N	IC50	95.0	95.0	nM	25162172
456895	P21554	WUUACLHVQQMLSF-LBPRGKRZSA-N	EC50	0.0	20000.0	nM	25556092
456935	P21554	WWNNKDJOKYRJSV-UHFFFAOYSA-N	EC50	0.0	25000.0	nM	25499880
456947	P21554	WWVQOPCDGDSZNA-GFCCVEGCSA-N	EC50	0.0	20000.0	nM	25556098
456948	P21554	WWVQOPCDGDSZNA-LBPRGKRZSA-N	EC50	53.0	53.0	nM	25575658,25556098,25556092
456980	P21554	WYBSUCOIQJYPKU-ZDUSSCGKSA-N	EC50	0.0	20000.0	nM	25556092
457001	P21554	WYKONUHKIAZPJU-UHFFFAOYSA-N	Activity	28.0	28.0	%	MedChemComm, (2010) 1:1:54
457001	P21554	WYKONUHKIAZPJU-UHFFFAOYSA-N	EC50	1995.26	1995.26	nM	MedChemComm, (2010) 1:1:54
457078	P21554	XBBRBQCGGXLGGN-DDUZABMNSA-N	EC50	0.0	30000.0	nM	25488844
457083	P21554	XBBRBQCGGXLGGN-SIIHOXLZSA-N	EC50	0.0	30000.0	nM	25488844
457088	P21554	XBHQLFVDGLPBCK-UHFFFAOYSA-N	Ki	1.0	1.0	nM	23902803
457088	P21554	XBHQLFVDGLPBCK-UHFFFAOYSA-N	Ki	1.0	1.0	nM	23902803
457116	P21554	XCGVQUQODAUJQV-UHFFFAOYSA-N	EC50	0.0	10000.0	nM	25644673
457142	P21554	XCVBLGSQXZPEGV-AWEZNQCLSA-N	EC50	0.0	20000.0	nM	25575658
457153	P21554	XDCTVCMADUWJNQ-UHFFFAOYSA-N	EC50	0.0	3162.28	nM	MedChemComm, (2010) 1:1:54
457183	P21554	XELUMSNYGOKMID-UHFFFAOYSA-N	Ki	0.0	10000.0	nM	25272206
457185	P21554	XENMXZNGXMHMSP-UHFFFAOYSA-N	IC50	0.0	10000.0	nM	25644673
457189	P21554	XESCEOQHHPMQDU-UHFFFAOYSA-N	EC50	420.0	420.0	nM	25556098
457283	P21554	XHRZTKHTZZBJIU-UHFFFAOYSA-N	Inhibition	14.0	14.0	%	21923175
457362	P21554	XKGPHJMKJBEURD-UHFFFAOYSA-N	Ki	0.0	10000.0	nM	24863744
457366	P21554	XKHCEDYSKNATME-YSTUJMKBSA-N	Ki	8670.0	8670.0	nM	24972328
457403	P21554	XLUUTKUEUVWPKI-UHFFFAOYSA-N	Activity	15.0	0.0	%	25162172
457403	P21554	XLUUTKUEUVWPKI-UHFFFAOYSA-N	IC50	867.0	867.0	nM	25162172
457498	P21554	XPUSKIRYBYTULV-UHFFFAOYSA-N	Ki	0.0	10000.0	nM	25065940
457520	P21554	XQMKYOVHRBEPTD-UHFFFAOYSA-N	EC50	0.0	30000.0	nM	25487422
457520	P21554	XQMKYOVHRBEPTD-UHFFFAOYSA-N	Ki	0.0	60000.0	nM	25487422
457526	P21554	XQQZQIGGSBNCCX-UHFFFAOYSA-N	Activity	15.0	0.0	%	25162172
457526	P21554	XQQZQIGGSBNCCX-UHFFFAOYSA-N	IC50	98.0	98.0	nM	25162172
457544	P21554	XRNVPANNLDYYFO-UHFFFAOYSA-N	Ki	0.0	60000.0	nM	25487422
457571	P21554	XSKXHXDVPDTNLO-ZWNOBZJWSA-N	EC50	0.0	30000.0	nM	25488844
457585	P21554	XTBJGGIGUILIIK-ZDUSSCGKSA-N	EC50	1965.0	1965.0	nM	25575658
457708	P21554	XXKNGBVKRHUNIU-HNNXBMFYSA-N	EC50	5764.0	5764.0	nM	25575658
457765	P21554	XZJOVEWPFJEOBL-UHFFFAOYSA-N	IC50	0.0	10000.0	nM	25644673
457802	P21554	YABXYWBRBDXNKY-UHFFFAOYSA-N	EC50	13489.6	13489.6	nM	25096297
457802	P21554	YABXYWBRBDXNKY-UHFFFAOYSA-N	EC50	13490.0	13490.0	nM	25096297
457802	P21554	YABXYWBRBDXNKY-UHFFFAOYSA-N	EC50	13500.0	13500.0	nM	25096297
457802	P21554	YABXYWBRBDXNKY-UHFFFAOYSA-N	Emax	59.11	59.11	%	25096297
457928	P21554	YFLIOQCMPHQKCY-UHFFFAOYSA-N	Ki	0.0	10000.0	nM	25599952
457941	P21554	YFTCLNZWBGCELR-UHFFFAOYSA-N	EC50	0.0	100000.0	nM	25466177
457958	P21554	YGFQBPYOYXCHSZ-AWEZNQCLSA-N	EC50	307.0	307.0	nM	25556098,25556092
457959	P21554	YGFQBPYOYXCHSZ-CQSZACIVSA-N	Activity	70.0	0.0	%	25556098
457959	P21554	YGFQBPYOYXCHSZ-CQSZACIVSA-N	EC50	0.0	20000.0	nM	25556098
457974	P21554	YGIKSMCSADYGOY-UHFFFAOYSA-N	Activity	30.0	0.0	%	25797163
457974	P21554	YGIKSMCSADYGOY-UHFFFAOYSA-N	IC50	0.0	10000.0	nM	25797163
458049	P21554	YJWLCIANOBCQGW-HZJYTTRNSA-N	Ki	480.0	480.0	nM	24972328
458133	P21554	YMVSXVUOZDQSQE-UHFFFAOYSA-N	Ki	1890.0	1890.0	nM	25065940
458179	P21554	YOCJOOJPWNGNJB-ZDUSSCGKSA-N	EC50	0.0	20000.0	nM	25575658
458259	P21554	YQUWHIAXYNZEAB-UHFFFAOYSA-N	Ki	0.0	10000.0	nM	25272206
458307	P21554	YTYAKTGPSFZMRK-GNXQHMNLSA-N	Activity	73.0	73.0	%	MedChemComm, (2010) 1:1:54
458307	P21554	YTYAKTGPSFZMRK-GNXQHMNLSA-N	EC50	25.12	25.12	nM	MedChemComm, (2010) 1:1:54
458307	P21554	YTYAKTGPSFZMRK-GNXQHMNLSA-N	Ki	1.259	1.259	nM	MedChemComm, (2010) 1:1:54
458309	P21554	YTZKNNAQINHHJH-UHFFFAOYSA-N	Activity	15.0	0.0	%	25162172
458309	P21554	YTZKNNAQINHHJH-UHFFFAOYSA-N	IC50	166.0	166.0	nM	25162172
458363	P21554	YVDKLCHAUFGVMV-UHFFFAOYSA-N	Ki	0.0	3000.0	nM	25699149
458374	P21554	YVNLJRQPWFDVJR-FERBBOLQSA-N	Activity	75.0	75.0	%	MedChemComm, (2010) 1:1:54
458374	P21554	YVNLJRQPWFDVJR-FERBBOLQSA-N	EC50	39.81	39.81	nM	MedChemComm, (2010) 1:1:54
458375	P21554	YVNLJRQPWFDVJR-GMUIIQOCSA-N	Activity	63.0	63.0	%	MedChemComm, (2010) 1:1:54
458375	P21554	YVNLJRQPWFDVJR-GMUIIQOCSA-N	EC50	630.96	630.96	nM	MedChemComm, (2010) 1:1:54
458394	P21554	YWMJVWJGVMNIQA-INIZCTEOSA-N	EC50	0.0	20000.0	nM	25575658
458397	P21554	YWPZCFAPNHFVHT-UHFFFAOYSA-N	Ki	438.0	438.0	nM	25065940
458406	P21554	YXFPVINSZDYPCU-ZYHUDNBSSA-N	EC50	0.0	30000.0	nM	25488844
458415	P21554	YXQBNDKQWYTFCX-UHFFFAOYSA-N	Ki	0.0	10000.0	nM	25599952
458423	P21554	YYAWWKUYRIMBKL-UHFFFAOYSA-N	IC50	0.0	10000.0	nM	25644673
458481	P21554	YZVKWFAKLRORIU-UHFFFAOYSA-N	EC50	0.0	10000.0	nM	25644673
458572	P21554	ZDRAZCDBPCODBH-VQIMIIECSA-N	EC50	0.3	0.3	nM	25488844
458572	P21554	ZDRAZCDBPCODBH-VQIMIIECSA-N	EC50	0.3	0.3	nM	25488844
458572	P21554	ZDRAZCDBPCODBH-VQIMIIECSA-N	Emax	99.0	99.0	%	25488844
458647	P21554	ZFZKVSPFSZCHLC-ZDUSSCGKSA-N	EC50	0.0	20000.0	nM	25575658
458648	P21554	ZGAFHVVCKSQXDH-ZDUSSCGKSA-N	EC50	41000.0	41000.0	nM	25556092
458650	P21554	ZGARQGHOXSTBAX-UHFFFAOYSA-N	EC50	0.0	3162.28	nM	MedChemComm, (2010) 1:1:54
458655	P21554	ZGERPQYLMALGRP-UHFFFAOYSA-N	IC50	0.0	10000.0	nM	25644673
458702	P21554	ZHTPBXDDWZAVCE-UHFFFAOYSA-N	EC50	0.0	30000.0	nM	25487422
458709	P21554	ZHUOZQGWUQTNDE-ZDUSSCGKSA-N	EC50	970.0	970.0	nM	25556092
458780	P21554	ZKFNEGFRVZFKRJ-HNNXBMFYSA-N	EC50	0.0	20000.0	nM	25575658
458887	P21554	ZOHCTKDFWBPLPP-XIFFEERXSA-N	IC50	600.0	600.0	nM	23227781
458921	P21554	ZPDRDPNCESNTKM-UHFFFAOYSA-N	EC50	0.0	30000.0	nM	25487422
458921	P21554	ZPDRDPNCESNTKM-UHFFFAOYSA-N	Ki	0.0	60000.0	nM	25487422
458942	P21554	ZPZJSZPTHASPGA-UHFFFAOYSA-N	IC50	10.0	10.0	nM	23902803
458942	P21554	ZPZJSZPTHASPGA-UHFFFAOYSA-N	IC50	10.0	10.0	nM	23902803
458942	P21554	ZPZJSZPTHASPGA-UHFFFAOYSA-N	Ki	9.0	9.0	nM	23902803
458942	P21554	ZPZJSZPTHASPGA-UHFFFAOYSA-N	Ki	9.0	9.0	nM	23902803
459027	P21554	ZSXZZWYHIBKTNV-UHFFFAOYSA-N	Activity	111.42	111.42	%	25487422
459120	P21554	ZVPVGKSDCAFJCV-NSHDSACASA-N	EC50	1400.0	1400.0	nM	25556098,25556092
459230	P21554	ZZYZZOOPUSCGBY-UHFFFAOYSA-N	EC50	1348.96	1348.96	nM	24984935
459230	P21554	ZZYZZOOPUSCGBY-UHFFFAOYSA-N	EC50	1349.0	1349.0	nM	24984935
459230	P21554	ZZYZZOOPUSCGBY-UHFFFAOYSA-N	Emax	67.0	67.0	%	24984935
459331	P21554	ARNITDLNJQTLMC-UHFFFAOYSA-N	Ki	46.71	46.71	nM	,None
459352	P21554	AVRJCVJBBAXEGT-UHFFFAOYSA-N	IC50	0.0	10000.0	nM	,None
459625	P21554	CMFRWRRJXPMWNF-UHFFFAOYSA-N	Ki	199.0	199.0	nM	,None
459697	P21554	CXDZKZANQIQWCC-UHFFFAOYSA-N	Ki	17.18	17.18	nM	,None
459761	P21554	DFIVWRVLJYNACC-UHFFFAOYSA-N	IC50	0.0	10000.0	nM	,None
459940	P21554	FIDJJNCJJRGHEV-UHFFFAOYSA-N	IC50	0.0	10000.0	nM	,None
460006	P21554	FVWJPCDWCHPHPP-UHFFFAOYSA-N	Ki	3.7	3.7	nM	,None
460097	P21554	GJTFBGFCXVODMT-UHFFFAOYSA-N	IC50	1023.0	1023.0	nM	,None
460261	P21554	HJNDHOPNLQLLID-UHFFFAOYSA-N	IC50	0.0	10000.0	nM	,None
460465	P21554	IMPIXGVTYVBLPL-UHFFFAOYSA-N	Ki	2.33	2.33	nM	,None
460475	P21554	IPKZJDRFHYSXPR-UHFFFAOYSA-N	IC50	3981.0	3981.0	nM	,None
460878	P21554	LFSXWIRCSGJIBI-UHFFFAOYSA-N	IC50	0.0	10000.0	nM	
460878	P21554	LFSXWIRCSGJIBI-UHFFFAOYSA-N	IC50	1862.0	1862.0	nM	,None
460902	P21554	LKHROGMZUBZXNT-UHFFFAOYSA-N	IC50	0.0	10000.0	nM	,None
460936	P21554	LQFYTJPUNBKNEL-UHFFFAOYSA-N	Ki	41.96	41.96	nM	,None
461173	P21554	NIHVVAYWHTUYRX-UHFFFAOYSA-N	IC50	0.0	10000.0	nM	,None
461418	P21554	OZZTZWGBPZSXLU-UHFFFAOYSA-N	IC50	3981.0	3981.0	nM	,None
461656	P21554	QOXMHGXEHCEFOH-UHFFFAOYSA-N	IC50	0.0	10000.0	nM	,None
461801	P21554	ROXDXSMZIJVCTQ-UHFFFAOYSA-N	IC50	0.0	10000.0	nM	,None
461824	P21554	RRGCPYXJKNQKLO-UHFFFAOYSA-N	IC50	0.0	10000.0	nM	,None
461855	P21554	RUTICLNESJNANB-UHFFFAOYSA-N	IC50	0.0	10000.0	nM	,None
461968	P21554	SOELXNYHIMOSBS-UHFFFAOYSA-N	IC50	0.0	10000.0	nM	,None
462292	P21554	VJPAJSIYCZSRFM-UHFFFAOYSA-N	IC50	174.0	174.0	nM	,None
462347	P21554	VTKUBMALEHEFPX-UHFFFAOYSA-N	IC50	2630.0	2630.0	nM	,None
462389	P21554	VZWMBDKHGZWTBJ-UHFFFAOYSA-N	Ki	0.0	1000.0	nM	,None
462566	P21554	XGIFDISIJIJHKW-UHFFFAOYSA-N	Ki	0.0	1000.0	nM	,None
462569	P21554	XGTFHIJGWDETSN-UHFFFAOYSA-N	IC50	0.0	10000.0	nM	,None
462660	P21554	XZSOYNRGFUZBKR-UHFFFAOYSA-N	Ki	983.3	983.3	nM	,None
462731	P21554	YMCXJOJJPKTDCH-UHFFFAOYSA-N	IC50	174.0	174.0	nM	
462731	P21554	YMCXJOJJPKTDCH-UHFFFAOYSA-N	IC50	1023.0	1023.0	nM	,None
462781	P21554	YVVLAXVBAYWESH-UHFFFAOYSA-N	IC50	257.0	257.0	nM	,None
462826	P21554	ZDVSUHLCUSNROB-UHFFFAOYSA-N	IC50	219.0	219.0	nM	,None
462950	P21554	ZVNWAOBWZTZWDN-UHFFFAOYSA-N	Ki	0.0	1000.0	nM	,None
463241	P21554	ADRQNADVLXKXGU-UHFFFAOYSA-N	Ki	9429.0	9429.0	nM	26275680
464958	P21554	AXKICXNQSRTDMD-UHFFFAOYSA-N	Ki	2529.0	2529.0	nM	26275680
466144	P21554	BKXSBAGLWSKFLM-UHFFFAOYSA-N	IC50	0.0	10000.0	nM	MedChemComm, (2014) 5:10:1571
466144	P21554	BKXSBAGLWSKFLM-UHFFFAOYSA-N	Imax	26.97	26.97	%	MedChemComm, (2014) 5:10:1571
466144	P21554	BKXSBAGLWSKFLM-UHFFFAOYSA-N	Ki	0.0	10000.0	nM	MedChemComm, (2014) 5:10:1571
467887	P21554	CFBCITLIPCNBOS-UHFFFAOYSA-N	Ki	0.0	5000.0	nM	26209834
468266	P21554	CJSBTRINGAHLPW-LZSLGQGWSA-N	IC50	0.0	10000.0	nM	MedChemComm, (2014) 5:10:1571
468266	P21554	CJSBTRINGAHLPW-LZSLGQGWSA-N	Imax	13.62	13.62	%	MedChemComm, (2014) 5:10:1571
468266	P21554	CJSBTRINGAHLPW-LZSLGQGWSA-N	Ki	0.0	10000.0	nM	MedChemComm, (2014) 5:10:1571
468294	P21554	CJYUVSWHDWDMGC-UHFFFAOYSA-N	IC50	0.0	10000.0	nM	MedChemComm, (2014) 5:10:1571
468294	P21554	CJYUVSWHDWDMGC-UHFFFAOYSA-N	Imax	3.38	3.38	%	MedChemComm, (2014) 5:10:1571
468294	P21554	CJYUVSWHDWDMGC-UHFFFAOYSA-N	Ki	0.0	10000.0	nM	MedChemComm, (2014) 5:10:1571
468310	P21554	CKDJCZKVSRIGJP-UHFFFAOYSA-N	Ki	0.0	10000.0	nM	26275680
468633	P21554	COBKXVUAUIDLMI-UHFFFAOYSA-N	Ki	0.0	5000.0	nM	26209834
468671	P21554	COLTZBDSWGVCQJ-UHFFFAOYSA-N	EC50	2256.0	2256.0	nM	25466197
468671	P21554	COLTZBDSWGVCQJ-UHFFFAOYSA-N	Ki	2173.0	2173.0	nM	25466197
468805	P21554	CPYNBZXFIWYXIZ-LZSLGQGWSA-N	IC50	0.0	10000.0	nM	MedChemComm, (2014) 5:10:1571
468805	P21554	CPYNBZXFIWYXIZ-LZSLGQGWSA-N	Imax	18.54	18.54	%	MedChemComm, (2014) 5:10:1571
468805	P21554	CPYNBZXFIWYXIZ-LZSLGQGWSA-N	Ki	0.0	10000.0	nM	MedChemComm, (2014) 5:10:1571
469886	P21554	DCFVTADSSVUZAM-UHFFFAOYSA-N	Ki	0.0	5000.0	nM	26209834
471222	P21554	DRQYEPLMFLHJIK-UHFFFAOYSA-N	Ki	4710.0	4710.0	nM	25466197
471232	P21554	DRRWBCNQOKKKOL-UHFFFAOYSA-N	Activity	0.3	0.3	%	26035635
471452	P21554	DUHKNPFUZICFJG-UHFFFAOYSA-N	IC50	0.0	10000.0	nM	26151231
471814	P21554	DYFVKJLTKQGMJQ-UHFFFAOYSA-N	Ki	0.0	10000.0	nM	26275680
472261	P21554	FDWGOIBEPCOOQI-UHFFFAOYSA-N	EC50	0.0	5000.0	nM	26275680
472261	P21554	FDWGOIBEPCOOQI-UHFFFAOYSA-N	Ki	298.6	298.6	nM	26275680
472261	P21554	FDWGOIBEPCOOQI-UHFFFAOYSA-N	Ki	299.0	299.0	nM	26275680
472263	P21554	FDWNYBZVBFOYJL-UHFFFAOYSA-N	IC50	0.0	10000.0	nM	MedChemComm, (2014) 5:10:1571
472263	P21554	FDWNYBZVBFOYJL-UHFFFAOYSA-N	Imax	9.27	9.27	%	MedChemComm, (2014) 5:10:1571
472263	P21554	FDWNYBZVBFOYJL-UHFFFAOYSA-N	Ki	0.0	10000.0	nM	MedChemComm, (2014) 5:10:1571
472921	P21554	FLKUUIABSQJJHM-UHFFFAOYSA-N	IC50	0.0	10000.0	nM	MedChemComm, (2014) 5:10:1571
472921	P21554	FLKUUIABSQJJHM-UHFFFAOYSA-N	Imax	27.67	27.67	%	MedChemComm, (2014) 5:10:1571
472921	P21554	FLKUUIABSQJJHM-UHFFFAOYSA-N	Ki	0.0	10000.0	nM	MedChemComm, (2014) 5:10:1571
474389	P21554	GCLBDUBKVIKULL-UHFFFAOYSA-N	EC50	2376.0	2376.0	nM	25466197
474389	P21554	GCLBDUBKVIKULL-UHFFFAOYSA-N	Ki	2343.0	2343.0	nM	25466197
475538	P21554	GPQLHGCIAUEJQK-UHFFFAOYSA-N	Activity	19.3	19.3	%	26035635
476239	P21554	GXWDJBMYGJCJFQ-UHFFFAOYSA-N	EC50	4036.0	4036.0	nM	25466197
476239	P21554	GXWDJBMYGJCJFQ-UHFFFAOYSA-N	Ki	3303.0	3303.0	nM	25466197
476596	P21554	HCANBHDXWIUIDF-UHFFFAOYSA-N	Ki	0.0	5000.0	nM	26209834
476726	P21554	HDNJNVPZXVJOMB-ZTNFWEORSA-N	Ki	117.0	117.0	nM	26000707
476958	P21554	HGEWULDSRVJHHZ-UHFFFAOYSA-N	IC50	0.0	10000.0	nM	MedChemComm, (2014) 5:10:1571
476958	P21554	HGEWULDSRVJHHZ-UHFFFAOYSA-N	Imax	44.8	44.8	%	MedChemComm, (2014) 5:10:1571
476958	P21554	HGEWULDSRVJHHZ-UHFFFAOYSA-N	Ki	0.0	10000.0	nM	MedChemComm, (2014) 5:10:1571
477825	P21554	HPVKFMJMYJDNHE-UHFFFAOYSA-N	Ki	0.0	5000.0	nM	26209834
478071	P21554	HSOUOLCAXCYNOZ-HLJLCESISA-N	Ki	368.0	368.0	nM	26209834
479329	P21554	IHLOLFCWBODEMP-UHFFFAOYSA-N	EC50	10000.0	0.0	nM	26203658
479846	P21554	INKUWBOHCFHXTJ-BRWVUGGUSA-N	Ki	65.0	65.0	nM	26000707
479848	P21554	INKUWBOHCFHXTJ-ZACQAIPSSA-N	Ki	1906.0	1906.0	nM	26000707
479962	P21554	IOTWLKPBBWSQBM-UHFFFAOYSA-N	Ki	0.0	10000.0	nM	26275680
480242	P21554	ISCNSICLXHENIG-UHFFFAOYSA-N	IC50	0.0	10000.0	nM	MedChemComm, (2014) 5:10:1571
480242	P21554	ISCNSICLXHENIG-UHFFFAOYSA-N	Imax	11.94	11.94	%	MedChemComm, (2014) 5:10:1571
480242	P21554	ISCNSICLXHENIG-UHFFFAOYSA-N	Ki	0.0	10000.0	nM	MedChemComm, (2014) 5:10:1571
480355	P21554	ITIQMZFXZMFWED-UHFFFAOYSA-N	EC50	1396.0	1396.0	nM	25466197
480355	P21554	ITIQMZFXZMFWED-UHFFFAOYSA-N	Ki	817.0	817.0	nM	25466197
481030	P21554	JBEYLLUXESVNSE-QOZDHKFNSA-N	Ki	410.0	410.0	nM	26149623
481626	P21554	JIHCQCFTFIQJAA-UHFFFAOYSA-N	IC50	0.0	10000.0	nM	MedChemComm, (2014) 5:10:1571
481626	P21554	JIHCQCFTFIQJAA-UHFFFAOYSA-N	Imax	7.86	7.86	%	MedChemComm, (2014) 5:10:1571
481626	P21554	JIHCQCFTFIQJAA-UHFFFAOYSA-N	Ki	0.0	10000.0	nM	MedChemComm, (2014) 5:10:1571
483045	P21554	JYLAYFCWPZLYBS-UHFFFAOYSA-N	Ki	6957.0	6957.0	nM	25466197
483662	P21554	KFDKBBUHAFDJFS-UHFFFAOYSA-N	Ki	1138.0	1138.0	nM	26275680
484507	P21554	KORKKQLDGMHNKO-UHFFFAOYSA-N	Inhibition	3.0	3.0	%	26235950
484682	P21554	KQQMZTULVOWZJR-XFQXTVEOSA-N	Ki	830.0	830.0	nM	26000707
484684	P21554	KQQMZTULVOWZJR-ZTNFWEORSA-N	Ki	31.0	31.0	nM	26000707
485343	P21554	KYDVOTVCYRYBDK-UHFFFAOYSA-N	EC50	0.0	5000.0	nM	26275680
485343	P21554	KYDVOTVCYRYBDK-UHFFFAOYSA-N	Efficacy	37.0	37.0	%	26275680
485343	P21554	KYDVOTVCYRYBDK-UHFFFAOYSA-N	Ki	0.0	10000.0	nM	26275680
488217	P21554	MFPHRBJAQJRIQG-LZSLGQGWSA-N	IC50	0.0	10000.0	nM	MedChemComm, (2014) 5:10:1571
488217	P21554	MFPHRBJAQJRIQG-LZSLGQGWSA-N	Imax	0.0	0.0	%	MedChemComm, (2014) 5:10:1571
488217	P21554	MFPHRBJAQJRIQG-LZSLGQGWSA-N	Ki	0.0	10000.0	nM	MedChemComm, (2014) 5:10:1571
489355	P21554	MSMZCNLUFBKVAO-UHFFFAOYSA-N	Ki	0.0	5000.0	nM	26209834
490274	P21554	NDBQYKYBJSDAAH-GGWOSOGESA-N	IC50	0.0	10000.0	nM	MedChemComm, (2014) 5:10:1571
490274	P21554	NDBQYKYBJSDAAH-GGWOSOGESA-N	Imax	4.77	4.77	%	MedChemComm, (2014) 5:10:1571
490274	P21554	NDBQYKYBJSDAAH-GGWOSOGESA-N	Ki	0.0	10000.0	nM	MedChemComm, (2014) 5:10:1571
491380	P21554	NQDJGUANMDXDMU-UHFFFAOYSA-N	Ki	3326.0	3326.0	nM	26275680
491736	P21554	NUBZLTKBXBEFPN-ZPUQHVIOSA-N	IC50	0.0	10000.0	nM	MedChemComm, (2014) 5:10:1571
491736	P21554	NUBZLTKBXBEFPN-ZPUQHVIOSA-N	Imax	6.18	6.18	%	MedChemComm, (2014) 5:10:1571
491736	P21554	NUBZLTKBXBEFPN-ZPUQHVIOSA-N	Ki	0.0	10000.0	nM	MedChemComm, (2014) 5:10:1571
492876	P21554	OHLHCTKUOCPKJM-UHFFFAOYSA-N	IC50	0.0	10000.0	nM	MedChemComm, (2014) 5:10:1571
492876	P21554	OHLHCTKUOCPKJM-UHFFFAOYSA-N	Imax	16.85	16.85	%	MedChemComm, (2014) 5:10:1571
492876	P21554	OHLHCTKUOCPKJM-UHFFFAOYSA-N	Ki	0.0	10000.0	nM	MedChemComm, (2014) 5:10:1571
493394	P21554	ONRJYWWXMOJKDY-UHFFFAOYSA-N	IC50	0.0	10000.0	nM	MedChemComm, (2014) 5:10:1571
493394	P21554	ONRJYWWXMOJKDY-UHFFFAOYSA-N	Imax	3.37	3.37	%	MedChemComm, (2014) 5:10:1571
493394	P21554	ONRJYWWXMOJKDY-UHFFFAOYSA-N	Ki	0.0	10000.0	nM	MedChemComm, (2014) 5:10:1571
493518	P21554	OPANEYQXRVAEPR-UHFFFAOYSA-N	IC50	0.0	10000.0	nM	MedChemComm, (2014) 5:10:1571
493518	P21554	OPANEYQXRVAEPR-UHFFFAOYSA-N	Imax	23.59	23.59	%	MedChemComm, (2014) 5:10:1571
493518	P21554	OPANEYQXRVAEPR-UHFFFAOYSA-N	Ki	0.0	10000.0	nM	MedChemComm, (2014) 5:10:1571
493587	P21554	OPYGODWNZJKYJZ-UHFFFAOYSA-N	Ki	4134.0	4134.0	nM	26275680
493881	P21554	OTOQTMSQNZLZDG-UHFFFAOYSA-N	IC50	0.0	10000.0	nM	MedChemComm, (2014) 5:10:1571
493881	P21554	OTOQTMSQNZLZDG-UHFFFAOYSA-N	Imax	3.65	3.65	%	MedChemComm, (2014) 5:10:1571
493881	P21554	OTOQTMSQNZLZDG-UHFFFAOYSA-N	Ki	0.0	10000.0	nM	MedChemComm, (2014) 5:10:1571
493934	P21554	OUBWYVNWDPKMEE-UHFFFAOYSA-N	Ki	0.0	10000.0	nM	26275680
495023	P21554	PGMWLKMBZCWBDW-UHFFFAOYSA-N	EC50	3280.0	3280.0	nM	26275680
495023	P21554	PGMWLKMBZCWBDW-UHFFFAOYSA-N	Efficacy	169.0	169.0	%	26275680
495023	P21554	PGMWLKMBZCWBDW-UHFFFAOYSA-N	Ki	4645.0	4645.0	nM	26275680
496881	P21554	QCDYOIZVELGOLZ-UHFFFAOYSA-N	Activity	1.7	1.7	%	26035635
497076	P21554	QENRHZNVLOPMDR-UHFFFAOYSA-N	Ki	0.0	10000.0	nM	26275680
497114	P21554	QEWSAPKRFOFQIU-UHFFFAOYSA-N	Activity	3.0	3.0	%	26035635
498803	P21554	QYOBROHKSSZKAX-LZSLGQGWSA-N	IC50	0.0	10000.0	nM	MedChemComm, (2014) 5:10:1571
498803	P21554	QYOBROHKSSZKAX-LZSLGQGWSA-N	Imax	4.91	4.91	%	MedChemComm, (2014) 5:10:1571
498803	P21554	QYOBROHKSSZKAX-LZSLGQGWSA-N	Ki	0.0	10000.0	nM	MedChemComm, (2014) 5:10:1571
498860	P21554	QZDRALHHNJQOTA-ZWMNDHQQSA-N	Ki	470.0	470.0	nM	26149623
500202	P21554	RPDYYKRMKKEWQC-UHFFFAOYSA-N	IC50	0.0	10000.0	nM	MedChemComm, (2014) 5:10:1571
500202	P21554	RPDYYKRMKKEWQC-UHFFFAOYSA-N	Imax	2.39	2.39	%	MedChemComm, (2014) 5:10:1571
500202	P21554	RPDYYKRMKKEWQC-UHFFFAOYSA-N	Ki	0.0	10000.0	nM	MedChemComm, (2014) 5:10:1571
500339	P21554	RQUJDHMEYAJNQY-OAQYLSRUSA-N	Ki	0.0	5000.0	nM	26209834
501119	P21554	RZSULJZVDIXTMO-UHFFFAOYSA-N	Ki	3070.0	3070.0	nM	26209834
501612	P21554	SFRFNXGRGVFFSN-ASVGJQBISA-N	IC50	0.0	10000.0	nM	MedChemComm, (2014) 5:10:1571
501612	P21554	SFRFNXGRGVFFSN-ASVGJQBISA-N	Imax	2.24	2.24	%	MedChemComm, (2014) 5:10:1571
501612	P21554	SFRFNXGRGVFFSN-ASVGJQBISA-N	Ki	0.0	10000.0	nM	MedChemComm, (2014) 5:10:1571
501663	P21554	SGGSZTHEFQRUQY-UHFFFAOYSA-N	IC50	0.0	10000.0	nM	MedChemComm, (2014) 5:10:1571
501663	P21554	SGGSZTHEFQRUQY-UHFFFAOYSA-N	Imax	24.72	24.72	%	MedChemComm, (2014) 5:10:1571
501663	P21554	SGGSZTHEFQRUQY-UHFFFAOYSA-N	Ki	0.0	10000.0	nM	MedChemComm, (2014) 5:10:1571
502639	P21554	SRXYYDRIIAFRLZ-ASVGJQBISA-N	IC50	0.0	10000.0	nM	MedChemComm, (2014) 5:10:1571
502639	P21554	SRXYYDRIIAFRLZ-ASVGJQBISA-N	Imax	5.47	5.47	%	MedChemComm, (2014) 5:10:1571
502639	P21554	SRXYYDRIIAFRLZ-ASVGJQBISA-N	Ki	0.0	10000.0	nM	MedChemComm, (2014) 5:10:1571
503313	P21554	TTWMJWBAQRNTIS-UHFFFAOYSA-N	Ki	0.0	10000.0	nM	26275680
503346	P21554	TUEMGHHOYKZLCE-UHFFFAOYSA-N	Ki	0.0	10000.0	nM	26275680
503422	P21554	TVDQBXVJUFSQLL-UHFFFAOYSA-N	EC50	2880.0	2880.0	nM	26275680
503422	P21554	TVDQBXVJUFSQLL-UHFFFAOYSA-N	Efficacy	71.3	71.3	%	26275680
503422	P21554	TVDQBXVJUFSQLL-UHFFFAOYSA-N	Ki	0.0	10000.0	nM	26275680
503822	P21554	TZGCTXUTNDNTTE-DYZHCLJRSA-N	Ki	5668.0	5668.0	nM	26000707
504808	P21554	UKCGWHJHNMHHIL-UHFFFAOYSA-N	EC50	2670.0	2670.0	nM	25466197
504808	P21554	UKCGWHJHNMHHIL-UHFFFAOYSA-N	Ki	857.0	857.0	nM	25466197
505960	P21554	UXOFABYNPQNTAF-OEQAEZTDSA-N	Ki	0.0	5000.0	nM	26209834
506126	P21554	UZJCBPUZLIMFRR-VJGNERBWSA-N	Inhibition	0.0	0.0	%	25981690
506682	P21554	VFUSKSIAISUKGN-DUNCQPMOSA-N	Ki	590.0	590.0	nM	26149623
507174	P21554	VMAGXTDYDZLRPW-UHFFFAOYSA-N	Ki	0.0	5000.0	nM	26209834
507677	P21554	VSCCLXDRDHVKHG-UHFFFAOYSA-N	Ki	0.0	10000.0	nM	26275680
507723	P21554	VSQGBNUBIDZRPJ-BWZSVYRMSA-N	Ki	224.0	224.0	nM	26000707
507968	P21554	VVGKJYWKBQPUEW-QZTJIDSGSA-N	Ki	47.0	47.0	nM	26000707
508013	P21554	VVUWIOCZJUFILS-UHFFFAOYSA-N	Ki	0.0	5000.0	nM	26209834
508228	P21554	VYIRAARDMYDORA-UHFFFAOYSA-N	IC50	0.0	10000.0	nM	MedChemComm, (2014) 5:10:1571
508228	P21554	VYIRAARDMYDORA-UHFFFAOYSA-N	Imax	6.46	6.46	%	MedChemComm, (2014) 5:10:1571
508228	P21554	VYIRAARDMYDORA-UHFFFAOYSA-N	Ki	0.0	10000.0	nM	MedChemComm, (2014) 5:10:1571
509460	P21554	WMSFTUDINNLMBX-UHFFFAOYSA-N	IC50	0.0	10000.0	nM	MedChemComm, (2014) 5:10:1571
509460	P21554	WMSFTUDINNLMBX-UHFFFAOYSA-N	Imax	18.54	18.54	%	MedChemComm, (2014) 5:10:1571
509460	P21554	WMSFTUDINNLMBX-UHFFFAOYSA-N	Ki	0.0	10000.0	nM	MedChemComm, (2014) 5:10:1571
509639	P21554	WOZSIILXBCCBNM-UHFFFAOYSA-N	Ki	2273.0	2273.0	nM	25466197
510556	P21554	WYZWZEOGROVVHK-GTMNPGAYSA-N	Inhibition	30.7	30.7	%	23659286
510755	P21554	XBHZEZASMCIMKU-UHFFFAOYSA-N	Ki	0.0	10000.0	nM	26275680
511166	P21554	XGCXGZFEDZXWKK-UHFFFAOYSA-N	Ki	0.0	5000.0	nM	26209834
511383	P21554	XIJWUJXUEHLSSA-UHFFFAOYSA-N	IC50	0.0	10000.0	nM	MedChemComm, (2014) 5:10:1571
511383	P21554	XIJWUJXUEHLSSA-UHFFFAOYSA-N	Imax	6.88	6.88	%	MedChemComm, (2014) 5:10:1571
511383	P21554	XIJWUJXUEHLSSA-UHFFFAOYSA-N	Ki	0.0	10000.0	nM	MedChemComm, (2014) 5:10:1571
512233	P21554	XSOSAPUMMBDKOE-UHFFFAOYSA-N	Activity	25.0	25.0	%	16451053
512399	P21554	XUQJPVNKNVBQJA-UHFFFAOYSA-N	Ki	0.0	10000.0	nM	26275680
513701	P21554	YJOBSOWAXPPJPA-RRLIAEKXSA-N	Ki	0.0	5000.0	nM	26209834
513811	P21554	YKZWHKWGSHQUSU-UHFFFAOYSA-N	Ki	0.0	10000.0	nM	26275680
514069	P21554	YNUCTIKDGMNEIK-UHFFFAOYSA-N	Ki	0.0	5000.0	nM	26209834
514453	P21554	YSFWVUDJACXIRG-VEBGKWJASA-N	Ki	0.0	5000.0	nM	26209834
516304	P21554	ZOHJVLKORVKWSJ-ROMRHYSTSA-N	Ki	1470.0	1470.0	nM	26209834
517138	P21554	ZXVBAXLDAQBCQN-UHFFFAOYSA-N	Ki	0.0	10000.0	nM	26275680
517358	P21554	AKOYRAGTUVPQDO-UHFFFAOYSA-N	Ki	1906.0	1906.0	nM	26000707
517412	P21554	AXZQLEUJPSDXIB-UHFFFAOYSA-N	Ki	6.21	6.21	nM	,None
517552	P21554	CQNWMZNUZDLOBT-YRNVUSSQSA-N	Ki	830.0	830.0	nM	26000707
517658	P21554	DQCGXXWUEXMVRS-UHFFFAOYSA-N	Ki	11.0	11.0	nM	,None
517761	P21554	FSGQETVZTNOSAH-UHFFFAOYSA-N	Ki	94.5	94.5	nM	,None
517761	P21554	FSGQETVZTNOSAH-UHFFFAOYSA-N	Ki	355.0	355.0	nM	,None
517788	P21554	FXJQCXUIMZHDEI-UHFFFAOYSA-N	Ki	4.08	4.08	nM	,None
517831	P21554	GJGALKAULRCNRM-UHFFFAOYSA-N	Ki	6.0	6.0	nM	,None
518197	P21554	JZCJJGHGEBRQOL-UHFFFAOYSA-N	Ki	0.28	0.28	nM	,None
518197	P21554	JZCJJGHGEBRQOL-UHFFFAOYSA-N	Ki	1.79	1.79	nM	,None
518694	P21554	OZHBSVBPSKZWMX-UHFFFAOYSA-N	Ki	31.0	31.0	nM	26000707
519111	P21554	TXOSLUBAGDRKHQ-UHFFFAOYSA-N	Ki	117.0	117.0	nM	26000707
519304	P21554	VZQNNQDJKLMOCJ-UHFFFAOYSA-N	Ki	16.8	16.8	nM	,None
519304	P21554	VZQNNQDJKLMOCJ-UHFFFAOYSA-N	Ki	32.1	32.1	nM	,None
519329	P21554	WGCLVKDICJNHNO-UHFFFAOYSA-N	Ki	224.0	224.0	nM	26000707
519534	P21554	YBDBPVNGDPRTNK-UHFFFAOYSA-N	Ki	44.5	44.5	nM	,None
519534	P21554	YBDBPVNGDPRTNK-UHFFFAOYSA-N	Ki	258.0	258.0	nM	,None
519702	P21554	AAYUCLWERQEEON-UHFFFAOYSA-N	EC50	2158.2	2158.2	nM	,None
519704	P21554	ABBJWXXPWGRDKF-UHFFFAOYSA-N	EC50	54.0	54.0	nM	,None
519708	P21554	ACEILWZOWWUYEY-UHFFFAOYSA-N	EC50	0.0	10000.0	nM	,None
519722	P21554	AHIOLCBPVRAMBX-UHFFFAOYSA-N	EC50	0.0	10000.0	nM	,None
519727	P21554	AJLBNQYWVZCLRT-UHFFFAOYSA-N	EC50	1488.6	1488.6	nM	,None
519738	P21554	AOQJVECXJNNKAZ-UHFFFAOYSA-N	EC50	0.0	10000.0	nM	,None
519740	P21554	APNRXEZBGLWQAP-UHFFFAOYSA-N	EC50	379.7	379.7	nM	,None
519742	P21554	APWMQHZEQPLGAN-UHFFFAOYSA-N	EC50	0.0	10000.0	nM	,None
519744	P21554	ASOZLHYDYZGMHG-UHFFFAOYSA-N	EC50	0.0	10000.0	nM	,None
519746	P21554	ASZHODQMGXAICD-UHFFFAOYSA-N	EC50	17.0	17.0	nM	,None
519750	P21554	ATUVZQXGZJTZJB-UHFFFAOYSA-N	EC50	6.0	6.0	nM	,None
519757	P21554	AWCTYWUHYQSXNK-UHFFFAOYSA-N	EC50	0.0	10000.0	nM	,None
519762	P21554	AXGZSBVALVUFLA-UHFFFAOYSA-N	EC50	0.0	10000.0	nM	,None
519770	P21554	AYMLHRWXLOHRLD-UHFFFAOYSA-N	EC50	0.0	10000.0	nM	,None
519773	P21554	AZIFYJOMKBTQNY-UHFFFAOYSA-N	EC50	0.0	10000.0	nM	,None
519777	P21554	AZTATCFENCHVOE-UHFFFAOYSA-N	EC50	0.0	10000.0	nM	,None
519781	P21554	BASCNUVYXSKMDC-UHFFFAOYSA-N	EC50	0.0	10000.0	nM	,None
519791	P21554	BDHYVEZSXFRFRV-UHFFFAOYSA-N	EC50	703.4	703.4	nM	,None
519794	P21554	BEODJUBSRQEIJW-UHFFFAOYSA-N	EC50	0.0	10000.0	nM	,None
519808	P21554	BHAPXXJSSOGUFH-UHFFFAOYSA-N	EC50	0.0	10000.0	nM	,None
519809	P21554	BIAMXSVOLQJRGE-UHFFFAOYSA-N	EC50	0.0	10000.0	nM	,None
519817	P21554	BLNQXLMKIAHWID-UHFFFAOYSA-N	EC50	0.0	10000.0	nM	,None
519819	P21554	BLQKSIDZHAARFP-UHFFFAOYSA-N	EC50	269.0	269.0	nM	,None
519821	P21554	BLTDUYASEOYHKZ-UHFFFAOYSA-N	EC50	3147.0	3147.0	nM	,None
519827	P21554	BOHMSWRMHSEGLR-UHFFFAOYSA-N	EC50	6.0	6.0	nM	,None
519837	P21554	BQXSMWZQXTYYNY-UHFFFAOYSA-N	EC50	292.3	292.3	nM	,None
519838	P21554	BQYZFHUJUGUJIE-UHFFFAOYSA-N	EC50	0.0	10000.0	nM	,None
519841	P21554	BRAHLZSLOGOJKV-UHFFFAOYSA-N	EC50	0.0	10000.0	nM	,None
519843	P21554	BRWYNBABAFMXAJ-UHFFFAOYSA-N	EC50	6.0	6.0	nM	,None
519849	P21554	BSXKINLYQBSHKO-UHFFFAOYSA-N	EC50	0.0	10000.0	nM	,None
519855	P21554	BXZTWBCEYBQIKM-UHFFFAOYSA-N	EC50	0.0	10000.0	nM	,None
519860	P21554	CAJKVQUIWZBQLZ-UHFFFAOYSA-N	EC50	0.0	10000.0	nM	,None
519865	P21554	CCNDQECCBVCHJV-UHFFFAOYSA-N	EC50	55.0	55.0	nM	,None
519875	P21554	CGMPXWDHCXOJLA-UHFFFAOYSA-N	EC50	0.0	10000.0	nM	,None
519877	P21554	CGOQKSYBWZOVBJ-UHFFFAOYSA-N	EC50	1297.7	1297.7	nM	,None
519880	P21554	CHHREJKMCDNSQY-UHFFFAOYSA-N	EC50	0.0	10000.0	nM	,None
519886	P21554	CJBAGRKHMDPZPT-UHFFFAOYSA-N	EC50	31.0	31.0	nM	,None
519888	P21554	CJGILMKNTNWOES-UHFFFAOYSA-N	EC50	0.0	10000.0	nM	,None
519892	P21554	CKOMFZUONBRXSO-UHFFFAOYSA-N	EC50	88.5	88.5	nM	,None
519893	P21554	CKPUXEJDRFNBFQ-UHFFFAOYSA-N	EC50	1441.0	1441.0	nM	,None
519898	P21554	CMHVIYAEGFCQSD-UHFFFAOYSA-N	EC50	0.0	10000.0	nM	,None
519899	P21554	CNGADHHKOGXTLO-UHFFFAOYSA-N	EC50	28.0	28.0	nM	,None
519903	P21554	CPMJGMAJFZNUKT-UHFFFAOYSA-N	EC50	251.0	251.0	nM	,None
519917	P21554	CUIYHBMZSJABAG-UHFFFAOYSA-N	EC50	52.0	52.0	nM	,None
519921	P21554	CUZNBESAKQBCGR-UHFFFAOYSA-N	EC50	13.0	13.0	nM	,None
519924	P21554	CVROSPZRAIHVTA-UHFFFAOYSA-N	EC50	0.0	10000.0	nM	,None
519927	P21554	CXHQPLRBPXFHEG-UHFFFAOYSA-N	EC50	0.0	10000.0	nM	,None
519931	P21554	CZJBZSLEAZKGRE-UHFFFAOYSA-N	EC50	0.0	10000.0	nM	,None
519934	P21554	CZVPHYDPQVAPIS-UHFFFAOYSA-N	EC50	0.0	10000.0	nM	,None
519936	P21554	DAHYYWCTSZJDEC-UHFFFAOYSA-N	EC50	0.0	10000.0	nM	,None
519941	P21554	DBLSLABRWLILHO-UHFFFAOYSA-N	EC50	1387.3	1387.3	nM	,None
519951	P21554	DDLFJFSBORNDAE-UHFFFAOYSA-N	EC50	0.0	10000.0	nM	,None
519953	P21554	DDMSAEVGTBTNAC-UHFFFAOYSA-N	EC50	220.0	220.0	nM	,None
519971	P21554	DJLQRJHSLJOTNJ-UHFFFAOYSA-N	EC50	15.0	15.0	nM	,None
519977	P21554	DLDJBCNHQZZMLO-UHFFFAOYSA-N	EC50	0.0	10000.0	nM	,None
519980	P21554	DLJOUCQDCRQVPH-UHFFFAOYSA-N	EC50	94.0	94.0	nM	,None
519982	P21554	DLKYQSZIPJLUIE-UHFFFAOYSA-N	EC50	31.0	31.0	nM	,None
519994	P21554	DSJZBTQJBGKLNQ-UHFFFAOYSA-N	EC50	0.0	10000.0	nM	,None
519999	P21554	DTGGVTYBUOQRTR-UHFFFAOYSA-N	EC50	7.0	7.0	nM	,None
520004	P21554	DVYOWTKVBICBOZ-UHFFFAOYSA-N	EC50	0.0	10000.0	nM	,None
520005	P21554	DWJBJQVSHMQGRW-UHFFFAOYSA-N	EC50	0.0	10000.0	nM	,None
520014	P21554	DYELJUPTUVISDY-UHFFFAOYSA-N	EC50	0.0	10000.0	nM	,None
520020	P21554	FADKEXQCBBADEK-UHFFFAOYSA-N	EC50	51.0	51.0	nM	,None
520023	P21554	FAZBKEKHYVBNST-UHFFFAOYSA-N	EC50	0.0	10000.0	nM	,None
520028	P21554	FCFVYJHQEAOPLR-UHFFFAOYSA-N	EC50	0.0	10000.0	nM	,None
520036	P21554	FENFQJGERCGGMA-UHFFFAOYSA-N	EC50	73.0	73.0	nM	,None
520040	P21554	FFCHKPWWGLJLIA-UHFFFAOYSA-N	EC50	351.4	351.4	nM	,None
520042	P21554	FGRCVJYAIQKCBG-UHFFFAOYSA-N	EC50	234.3	234.3	nM	,None
520046	P21554	FIFSPVVHFXNXRN-UHFFFAOYSA-N	EC50	128.7	128.7	nM	,None
520053	P21554	FOQTVEDUVINWEI-UHFFFAOYSA-N	EC50	0.0	10000.0	nM	,None
520056	P21554	FOWNAAGUWIAKLC-UHFFFAOYSA-N	EC50	1318.4	1318.4	nM	,None
520066	P21554	FWLFSZKDWQACBC-UHFFFAOYSA-N	EC50	0.0	10000.0	nM	,None
520068	P21554	FWMXKSMDMZTDHV-UHFFFAOYSA-N	EC50	0.0	10000.0	nM	,None
520072	P21554	FXRIMJMZYGJEDQ-UHFFFAOYSA-N	EC50	0.0	10000.0	nM	,None
520074	P21554	FYOODLDUJNJBRS-UHFFFAOYSA-N	EC50	0.0	10000.0	nM	,None
520077	P21554	FZTZIEYASIAHTL-UHFFFAOYSA-N	EC50	81.0	81.0	nM	,None
520079	P21554	GACXUQRYRFBDSY-UHFFFAOYSA-N	EC50	0.0	10000.0	nM	,None
520083	P21554	GASVKDXPLVCOQM-UHFFFAOYSA-N	EC50	0.0	10000.0	nM	,None
520086	P21554	GBGDAFUFZQQOAB-UHFFFAOYSA-N	EC50	254.0	254.0	nM	,None
520092	P21554	GCQHNGDEXOHPKU-UHFFFAOYSA-N	EC50	827.0	827.0	nM	,None
520097	P21554	GGBNKZSCKGIUNU-UHFFFAOYSA-N	EC50	0.0	10000.0	nM	,None
520100	P21554	GGTIETYXENLZJP-UHFFFAOYSA-N	EC50	0.0	10000.0	nM	,None
520103	P21554	GHHITFGUMKLCRW-UHFFFAOYSA-N	EC50	0.0	10000.0	nM	,None
520108	P21554	GJKSYGTYEWQMJR-UHFFFAOYSA-N	EC50	0.0	10000.0	nM	,None
520110	P21554	GKDVWBLMHRYWFT-UHFFFAOYSA-N	EC50	0.0	10000.0	nM	,None
520112	P21554	GKKZGUSIDUYTJX-UHFFFAOYSA-N	EC50	0.0	10000.0	nM	,None
520118	P21554	GLMWYKNAHRMHIF-UHFFFAOYSA-N	EC50	0.0	10000.0	nM	,None
520122	P21554	GMIAFWFGCHEJDG-UHFFFAOYSA-N	EC50	0.0	10000.0	nM	,None
520127	P21554	GNEBNCZKAQFDDX-UHFFFAOYSA-N	EC50	25.0	25.0	nM	,None
520137	P21554	GPPVZMVBHUKUHH-UHFFFAOYSA-N	EC50	0.0	10000.0	nM	,None
520139	P21554	GQPWKIHZZXUZNU-UHFFFAOYSA-N	EC50	0.0	10000.0	nM	,None
520147	P21554	GWAIMZCDYPEVCH-UHFFFAOYSA-N	EC50	0.0	10000.0	nM	,None
520149	P21554	GWYYOYACUCCDQV-UHFFFAOYSA-N	EC50	0.0	10000.0	nM	,None
520154	P21554	GZFALHNMNSLDGP-UHFFFAOYSA-N	EC50	90.6	90.6	nM	,None
520156	P21554	GZRZVZKVXVUEDP-UHFFFAOYSA-N	EC50	0.0	10000.0	nM	,None
520159	P21554	GZSCMPGTPLQSFM-UHFFFAOYSA-N	EC50	0.0	10000.0	nM	,None
520164	P21554	HECCLCMBSJMOGG-UHFFFAOYSA-N	EC50	0.0	10000.0	nM	,None
520167	P21554	HEGZVETYXKJMTJ-UHFFFAOYSA-N	EC50	15.0	15.0	nM	,None
520171	P21554	HGAYVJKMHMDCIL-NSCUHMNNSA-N	EC50	36.0	36.0	nM	,None
520175	P21554	HGZFKHKPMYPBLX-UHFFFAOYSA-N	EC50	0.0	10000.0	nM	,None
520177	P21554	HIFGQLMIGSYKQI-UHFFFAOYSA-N	EC50	0.0	10000.0	nM	,None
520182	P21554	HIXZLZBXNJLPNM-SNAWJCMRSA-N	EC50	702.0	702.0	nM	,None
520190	P21554	HKYMBPFAXUPGAT-UHFFFAOYSA-N	EC50	0.0	10000.0	nM	,None
520193	P21554	HLVFJLRXWSOGDL-UHFFFAOYSA-N	EC50	0.0	10000.0	nM	,None
520195	P21554	HLXBZHWWDPFRAD-UHFFFAOYSA-N	EC50	438.0	438.0	nM	,None
520199	P21554	HNJYDJYOCZGCSR-UHFFFAOYSA-N	EC50	23.0	23.0	nM	,None
520202	P21554	HOAPZPOSEVEDHI-UHFFFAOYSA-N	EC50	0.0	10000.0	nM	,None
520209	P21554	HPHRSCZEEPEITI-UHFFFAOYSA-N	EC50	0.0	10000.0	nM	,None
520214	P21554	HSIDMTJBUDEAJR-UHFFFAOYSA-N	EC50	108.0	108.0	nM	,None
520219	P21554	HTIUIYGFPALAHO-UHFFFAOYSA-N	EC50	1012.0	1012.0	nM	,None
520226	P21554	HVLCSBIIKZAQSW-UHFFFAOYSA-N	EC50	0.0	10000.0	nM	,None
520231	P21554	HXCJLVBXFJMNHR-UHFFFAOYSA-N	EC50	0.0	10000.0	nM	,None
520236	P21554	HXOMGSVTAKWIMX-UHFFFAOYSA-N	EC50	475.0	475.0	nM	,None
520241	P21554	HZCPANOURNTWMI-UHFFFAOYSA-N	EC50	9701.0	9701.0	nM	,None
520245	P21554	ICAJWMGMNOJYPC-UHFFFAOYSA-N	EC50	96.0	96.0	nM	,None
520250	P21554	ICHRKUNLOXCBKZ-UHFFFAOYSA-N	EC50	11.0	11.0	nM	,None
520257	P21554	IECAPAJDTIVPDN-UHFFFAOYSA-N	EC50	10.0	10.0	nM	,None
520271	P21554	IJODNESKXGTWIV-UHFFFAOYSA-N	EC50	0.0	10000.0	nM	,None
520275	P21554	ILNRKILIMBRFQN-UHFFFAOYSA-N	EC50	0.0	10000.0	nM	,None
520279	P21554	IMJIAUTWMGSJIR-UHFFFAOYSA-N	EC50	0.0	10000.0	nM	,None
520281	P21554	IMVAJPMCOJGEGW-UHFFFAOYSA-N	EC50	0.0	10000.0	nM	,None
520283	P21554	IOFPWYZJWOEALQ-UHFFFAOYSA-N	EC50	0.0	10000.0	nM	,None
520286	P21554	IPAVPWDHCDYXJQ-UHFFFAOYSA-N	EC50	0.0	10000.0	nM	,None
520301	P21554	ISUFUMOROBSKLA-UHFFFAOYSA-N	EC50	0.0	10000.0	nM	,None
520311	P21554	IZRAKQFSHFVXGF-UHFFFAOYSA-N	EC50	0.0	10000.0	nM	,None
520321	P21554	JCEJFPGKYIPKII-UHFFFAOYSA-N	EC50	0.0	10000.0	nM	,None
520323	P21554	JCHXRCVYLNDRSG-UHFFFAOYSA-N	EC50	0.0	10000.0	nM	,None
520332	P21554	JFBCTWDPXWCUEC-UHFFFAOYSA-N	EC50	1105.3	1105.3	nM	,None
520334	P21554	JJKOUKPZKNANFV-VOTSOKGWSA-N	EC50	4.1	4.1	nM	,None
520334	P21554	JJKOUKPZKNANFV-VOTSOKGWSA-N	EC50	191.0	191.0	nM	,None
520336	P21554	JJLDUQBQEWCPSG-UHFFFAOYSA-N	EC50	0.0	10000.0	nM	,None
520340	P21554	JKIKFAURGUYMDC-UHFFFAOYSA-N	EC50	0.0	10000.0	nM	,None
520344	P21554	JKPAUXYIFSKSGG-UHFFFAOYSA-N	EC50	0.0	10000.0	nM	,None
520347	P21554	JLMSBICRLNNQIJ-UHFFFAOYSA-N	EC50	0.0	10000.0	nM	,None
520350	P21554	JODDCYHPHXLXAP-UHFFFAOYSA-N	EC50	1362.0	1362.0	nM	,None
520359	P21554	JTBQNDTVLQFPSJ-UHFFFAOYSA-N	EC50	0.0	10000.0	nM	,None
520364	P21554	JVMZQMRYIYTXKO-UHFFFAOYSA-N	EC50	0.0	10000.0	nM	,None
520372	P21554	KBEWCKJQLCDQJT-UHFFFAOYSA-N	EC50	0.0	10000.0	nM	,None
520380	P21554	KEINFJSCIIFWMS-UHFFFAOYSA-N	EC50	0.0	10000.0	nM	,None
520383	P21554	KFGADYPOGMKIAC-UHFFFAOYSA-N	EC50	0.0	10000.0	nM	,None
520388	P21554	KFLVXDWUNBIPBE-UHFFFAOYSA-N	EC50	0.0	10000.0	nM	,None
520389	P21554	KGRWVAJIZHLOGI-UHFFFAOYSA-N	EC50	0.0	10000.0	nM	,None
520391	P21554	KGWCZTYRYXWKFE-UHFFFAOYSA-N	EC50	27.0	27.0	nM	,None
520397	P21554	KIDWRWHJLGXGOL-UHFFFAOYSA-N	EC50	0.0	10000.0	nM	,None
520400	P21554	KJDPUBOCULVZCX-UHFFFAOYSA-N	EC50	0.0	10000.0	nM	,None
520414	P21554	KMMFANKYXNCAKF-UHFFFAOYSA-N	EC50	0.0	10000.0	nM	,None
520417	P21554	KNIFFRSIHZJWJP-UHFFFAOYSA-N	EC50	0.0	10000.0	nM	,None
520423	P21554	KRXIDWWHOOPTCS-UHFFFAOYSA-N	EC50	7.0	7.0	nM	,None
520429	P21554	KWGBUXVYZWFEMD-UHFFFAOYSA-N	EC50	2777.2	2777.2	nM	,None
520434	P21554	KXYMJQFHXYKFSA-UHFFFAOYSA-N	EC50	0.0	10000.0	nM	,None
520436	P21554	LAMNTHUPJIQKDF-UHFFFAOYSA-N	EC50	0.0	10000.0	nM	,None
520438	P21554	LBFSEQBOJJEMDO-UHFFFAOYSA-N	EC50	0.0	10000.0	nM	,None
520442	P21554	LBYUPCGPXZLHEU-UHFFFAOYSA-N	EC50	0.0	10000.0	nM	,None
520449	P21554	LHNGTUXRNUJLHN-UHFFFAOYSA-N	EC50	0.0	10000.0	nM	,None
520452	P21554	LIOOTXWDESIBTK-UHFFFAOYSA-N	EC50	0.0	10000.0	nM	,None
520456	P21554	LKBJXBVIPCKECR-UHFFFAOYSA-N	EC50	70.0	70.0	nM	,None
520464	P21554	LMHZHKBYILDKFJ-ONEGZZNKSA-N	EC50	36.0	36.0	nM	,None
520468	P21554	LODCAXDIIJLCJZ-UHFFFAOYSA-N	EC50	0.0	10000.0	nM	,None
520481	P21554	LSPQYZYAMOWZMM-UHFFFAOYSA-N	EC50	0.0	10000.0	nM	,None
520489	P21554	LVBCLFJZEHMXTK-UHFFFAOYSA-N	EC50	0.0	10000.0	nM	,None
520510	P21554	MCEYLWILVZLSCZ-UHFFFAOYSA-N	EC50	0.0	10000.0	nM	,None
520513	P21554	MCGMVAFPXXKMBP-UHFFFAOYSA-N	EC50	1614.8	1614.8	nM	,None
520514	P21554	MCPHMDWLQZSXPI-UHFFFAOYSA-N	EC50	0.0	10000.0	nM	,None
520518	P21554	MDYJRCAISMTYLD-UHFFFAOYSA-N	EC50	0.0	10000.0	nM	,None
520526	P21554	MIONUHFBEXBYAK-UHFFFAOYSA-N	EC50	1492.6	1492.6	nM	,None
520527	P21554	MIVBNSWKIKESQP-UHFFFAOYSA-N	EC50	24.0	24.0	nM	,None
520531	P21554	MJEBXCKCUQSZIP-UHFFFAOYSA-N	EC50	0.0	10000.0	nM	,None
520540	P21554	MOENVUDLAXJKDW-UHFFFAOYSA-N	EC50	310.0	310.0	nM	,None
520546	P21554	MQYFOZSWVASOAR-UHFFFAOYSA-N	EC50	0.0	10000.0	nM	,None
520555	P21554	MTXKGKKQMHNIAJ-UHFFFAOYSA-N	EC50	5.8	5.8	nM	,None
520560	P21554	MWFXRSRBFNCOQY-UHFFFAOYSA-N	EC50	0.0	10000.0	nM	,None
520562	P21554	MWQNORNGPAWNNX-UHFFFAOYSA-N	EC50	0.0	10000.0	nM	,None
520565	P21554	MXLHRZGVGNVOCE-UHFFFAOYSA-N	EC50	0.0	10000.0	nM	,None
520570	P21554	MXZPEPMKUIRVTC-UHFFFAOYSA-N	EC50	1064.9	1064.9	nM	,None
520575	P21554	NBBKJUPDXMTBPT-UHFFFAOYSA-N	EC50	0.0	10000.0	nM	,None
520582	P21554	NFALLRQTKNBMAC-UHFFFAOYSA-N	EC50	1.2	1.2	nM	,None
520582	P21554	NFALLRQTKNBMAC-UHFFFAOYSA-N	EC50	8.0	8.0	nM	,None
520585	P21554	NGSODJAZTGFJCP-UHFFFAOYSA-N	EC50	0.0	10000.0	nM	,None
520588	P21554	NHWXZGIAUNNFIB-UHFFFAOYSA-N	EC50	0.0	10000.0	nM	,None
520590	P21554	NIJKIUUJXYMQLS-UHFFFAOYSA-N	EC50	25.0	25.0	nM	,None
520592	P21554	NIRAJCJMOFOLHL-UHFFFAOYSA-N	EC50	157.0	157.0	nM	,None
520609	P21554	NROPRVDZXGJHLE-UHFFFAOYSA-N	EC50	79.0	79.0	nM	,None
520612	P21554	NSUBVFCNRWXFPF-UHFFFAOYSA-N	EC50	0.0	10000.0	nM	,None
520615	P21554	NTRQXOVYAPPQRN-UHFFFAOYSA-N	EC50	3.0	3.0	nM	,None
520616	P21554	NUDFOKPZCULQMP-UHFFFAOYSA-N	EC50	0.0	10000.0	nM	,None
520621	P21554	NWEFWZWMHAKWEL-UHFFFAOYSA-N	EC50	615.1	615.1	nM	,None
520628	P21554	NXRGLHSKRKLDFK-UHFFFAOYSA-N	EC50	876.0	876.0	nM	,None
520630	P21554	NYRWYRPVDWAQTI-UHFFFAOYSA-N	EC50	0.0	10000.0	nM	,None
520632	P21554	NYSYUPLWALRULA-UHFFFAOYSA-N	EC50	0.0	10000.0	nM	,None
520639	P21554	OEVULJZIFDONHH-UHFFFAOYSA-N	EC50	1446.1	1446.1	nM	,None
520643	P21554	OGJJAOUVDWABHE-UHFFFAOYSA-N	EC50	0.0	10000.0	nM	,None
520647	P21554	OGYGVHGXLQFQDQ-UHFFFAOYSA-N	EC50	38.0	38.0	nM	,None
520661	P21554	OMXWZLYPDBPTNQ-UHFFFAOYSA-N	EC50	0.0	10000.0	nM	,None
520664	P21554	OPCOEOGIXLXBGV-UHFFFAOYSA-N	EC50	52.0	52.0	nM	,None
520670	P21554	OQTAECXFWHHWIQ-UHFFFAOYSA-N	EC50	0.0	10000.0	nM	,None
520674	P21554	ORRXZBCPABXGMI-UHFFFAOYSA-N	EC50	0.0	10000.0	nM	,None
520677	P21554	OSQXKQLRJVOIFQ-UHFFFAOYSA-N	EC50	102.0	102.0	nM	,None
520681	P21554	OSUBLPROJVIIKK-UHFFFAOYSA-N	EC50	0.0	10000.0	nM	,None
520683	P21554	OTWLHURBRNWIHY-UHFFFAOYSA-N	EC50	0.0	10000.0	nM	,None
520689	P21554	OVAXWAOXAIFSCA-UHFFFAOYSA-N	EC50	168.0	168.0	nM	,None
520694	P21554	OXKAVYPRBLGQQJ-UHFFFAOYSA-N	EC50	159.0	159.0	nM	,None
520696	P21554	OXSPNXSOSSLCRR-UHFFFAOYSA-N	EC50	346.9	346.9	nM	,None
520699	P21554	OZJAMTSVRBHDCN-UHFFFAOYSA-N	EC50	99.0	99.0	nM	,None
520700	P21554	OZLASYDBMUMORZ-UHFFFAOYSA-N	EC50	0.0	10000.0	nM	,None
520706	P21554	PBGTZDBBZPCTJF-UHFFFAOYSA-N	EC50	1352.9	1352.9	nM	,None
520712	P21554	PCBIWUQKLVPSRJ-UHFFFAOYSA-N	EC50	0.0	10000.0	nM	,None
520714	P21554	PCLSDGCRDLUBBX-UHFFFAOYSA-N	EC50	0.0	10000.0	nM	,None
520717	P21554	PFLXKCBDOUJHKW-UHFFFAOYSA-N	EC50	95.0	95.0	nM	,None
520723	P21554	PGRHDYVHVBUKCR-UHFFFAOYSA-N	EC50	0.0	10000.0	nM	,None
520726	P21554	PHPQQHHZZZVYEM-UHFFFAOYSA-N	EC50	0.0	10000.0	nM	,None
520730	P21554	PIVZSKWUQYYFKC-UHFFFAOYSA-N	EC50	1284.0	1284.0	nM	,None
520736	P21554	PLHPSWRFDSWPEZ-UHFFFAOYSA-N	EC50	22.0	22.0	nM	,None
520741	P21554	PNKMGWWBPULYAC-UHFFFAOYSA-N	EC50	0.0	10000.0	nM	,None
520744	P21554	PNMMGGFXOQKNHC-UHFFFAOYSA-N	EC50	12.0	12.0	nM	,None
520746	P21554	POUQMLMBJYPWGE-UHFFFAOYSA-N	EC50	0.0	10000.0	nM	,None
520751	P21554	PRBBCXCNBGDHHW-UHFFFAOYSA-N	EC50	45.0	45.0	nM	,None
520756	P21554	PRWRZHFVIKSKFL-UHFFFAOYSA-N	EC50	0.0	10000.0	nM	,None
520761	P21554	PTLZJHQZYZQFFG-UHFFFAOYSA-N	EC50	7.0	7.0	nM	,None
520769	P21554	PVSHFURIMWEVDP-UHFFFAOYSA-N	EC50	0.0	10000.0	nM	,None
520772	P21554	PXXCQCUITSJURF-UHFFFAOYSA-N	EC50	0.0	10000.0	nM	,None
520775	P21554	PXZDXGPBYQNYGO-UHFFFAOYSA-N	EC50	1547.0	1547.0	nM	,None
520777	P21554	PYASDRWFWNUQCN-UHFFFAOYSA-N	EC50	339.0	339.0	nM	,None
520788	P21554	QDFPOVRGHXOWDO-UHFFFAOYSA-N	EC50	0.0	10000.0	nM	,None
520791	P21554	QGNMTFHVDPFUHG-UHFFFAOYSA-N	EC50	0.0	10000.0	nM	,None
520809	P21554	QNADUSWEPHYUOX-UHFFFAOYSA-N	EC50	0.0	10000.0	nM	,None
520818	P21554	QRQVNUQTCMWPMB-UHFFFAOYSA-N	EC50	0.0	10000.0	nM	,None
520820	P21554	QRVRLHHUMVSQEL-UHFFFAOYSA-N	EC50	0.0	10000.0	nM	,None
520821	P21554	QSFPKINZVDAVRI-UHFFFAOYSA-N	EC50	0.0	10000.0	nM	,None
520826	P21554	QUAJAGZEPNGQBL-UHFFFAOYSA-N	EC50	0.0	10000.0	nM	,None
520835	P21554	QXHXGNJRTLORGH-UHFFFAOYSA-N	EC50	0.0	10000.0	nM	,None
520837	P21554	QXJYGDGXXBXINZ-UHFFFAOYSA-N	EC50	0.0	10000.0	nM	,None
520840	P21554	QXKXUWDACYUCSY-UHFFFAOYSA-N	EC50	0.0	10000.0	nM	,None
520842	P21554	QXMCIFBUMMNHCG-UHFFFAOYSA-N	EC50	2200.0	2200.0	nM	,None
520860	P21554	RFUXNDRIFGIGHV-UHFFFAOYSA-N	EC50	0.0	10000.0	nM	,None
520861	P21554	RFXZNVJNCQCNIY-UHFFFAOYSA-N	EC50	68.0	68.0	nM	,None
520864	P21554	RFZFPCARUGWAAM-UHFFFAOYSA-N	EC50	219.0	219.0	nM	,None
520867	P21554	RIWCIGOGPPLRIG-UHFFFAOYSA-N	EC50	1124.0	1124.0	nM	,None
520869	P21554	RJUSVSNMXWHOSH-UHFFFAOYSA-N	EC50	0.0	10000.0	nM	,None
520870	P21554	RJWZYQFETKFLMW-UHFFFAOYSA-N	EC50	0.0	10000.0	nM	,None
520882	P21554	RSWCYLRESYWZRE-UHFFFAOYSA-N	EC50	0.0	10000.0	nM	,None
520885	P21554	RUFFANUJNLHSRQ-UHFFFAOYSA-N	EC50	0.0	10000.0	nM	,None
520890	P21554	RWABVHXFCVHWAH-UHFFFAOYSA-N	EC50	0.0	10000.0	nM	,None
520898	P21554	RZFFHSZQEDGQFJ-UHFFFAOYSA-N	EC50	0.0	10000.0	nM	,None
520903	P21554	SAKYNUBXSHKFRI-UHFFFAOYSA-N	EC50	1201.5	1201.5	nM	,None
520904	P21554	SALLUPDHBAKTOK-UHFFFAOYSA-N	EC50	293.0	293.0	nM	,None
520912	P21554	SEBWLCYJGKCBRN-UHFFFAOYSA-N	EC50	58.0	58.0	nM	,None
520919	P21554	SFSPGZCMJIDZLC-UHFFFAOYSA-N	EC50	0.0	10000.0	nM	,None
520923	P21554	SIIVRCRGFSKNMU-UHFFFAOYSA-N	EC50	560.8	560.8	nM	,None
520934	P21554	SMKUAWDANSQUQK-UHFFFAOYSA-N	EC50	0.0	10000.0	nM	,None
520937	P21554	SOCQPSFVXLOQJK-UHFFFAOYSA-N	EC50	0.0	10000.0	nM	,None
520939	P21554	SOYPYEJSHCHOCO-UHFFFAOYSA-N	EC50	0.0	10000.0	nM	,None
520944	P21554	SPSDQCVVNWOHJA-UHFFFAOYSA-N	EC50	14.0	14.0	nM	,None
520950	P21554	SQSCMJBDPPDTRI-UHFFFAOYSA-N	EC50	113.0	113.0	nM	,None
520953	P21554	SSHOENMUNJFVFX-UHFFFAOYSA-N	EC50	0.0	10000.0	nM	,None
520957	P21554	SUTAPQTUBFQVBA-UHFFFAOYSA-N	EC50	0.0	10000.0	nM	,None
520961	P21554	SWNIYAFEPDHFII-UHFFFAOYSA-N	EC50	111.0	111.0	nM	,None
520973	P21554	TVKBISAMPHOPDL-UHFFFAOYSA-N	EC50	0.0	10000.0	nM	,None
520975	P21554	TVNZYEPDTGVKQG-UHFFFAOYSA-N	EC50	625.0	625.0	nM	,None
520980	P21554	TWQWCNYJCIPLDX-UHFFFAOYSA-N	EC50	5122.0	5122.0	nM	,None
520988	P21554	TYOGEZWPNHEIPW-UHFFFAOYSA-N	EC50	0.0	10000.0	nM	,None
521002	P21554	UBWHVQJTXISRNS-UHFFFAOYSA-N	EC50	403.0	403.0	nM	,None
521004	P21554	UCBJDUYFRJKEAI-UHFFFAOYSA-N	EC50	227.0	227.0	nM	,None
521024	P21554	ULQHKWRWARHEQL-UHFFFAOYSA-N	EC50	2293.5	2293.5	nM	,None
521026	P21554	ULUSBGMWBSEDFX-UHFFFAOYSA-N	EC50	10.0	10.0	nM	,None
521045	P21554	USWOHUVYCDWXHM-UHFFFAOYSA-N	EC50	302.0	302.0	nM	,None
521053	P21554	UVXKITNLYRAXML-UHFFFAOYSA-N	EC50	0.0	10000.0	nM	,None
521059	P21554	UXCBADCRYYZKIP-UHFFFAOYSA-N	EC50	0.0	10000.0	nM	,None
521063	P21554	UZHGOWURUWWMQW-UHFFFAOYSA-N	EC50	0.0	10000.0	nM	,None
521069	P21554	VANPJLCYVSZSTD-UHFFFAOYSA-N	EC50	0.0	10000.0	nM	,None
521071	P21554	VBCVMLQBMBDMJP-UHFFFAOYSA-N	EC50	128.0	128.0	nM	,None
521093	P21554	VKXRMYFUZJVWDG-UHFFFAOYSA-N	EC50	5.0	5.0	nM	,None
521106	P21554	VPDWUFSNLDHIGD-UHFFFAOYSA-N	EC50	0.0	10000.0	nM	,None
521111	P21554	VQSLOKHNCGHZMZ-UHFFFAOYSA-N	EC50	0.0	10000.0	nM	,None
521120	P21554	VTZKSUGKMRCKEK-UHFFFAOYSA-N	EC50	0.0	10000.0	nM	,None
521123	P21554	VUESTDLJPDIYNK-UHFFFAOYSA-N	EC50	0.0	10000.0	nM	,None
521128	P21554	VWFGURIDIUZDMV-UHFFFAOYSA-N	EC50	13.0	13.0	nM	,None
521130	P21554	VWKXYIIHCHJWOA-UHFFFAOYSA-N	EC50	0.0	10000.0	nM	,None
521134	P21554	VYQRETDTLVQXEG-UHFFFAOYSA-N	EC50	15.0	15.0	nM	,None
521142	P21554	WAKXFMMDPZKNRF-UHFFFAOYSA-N	EC50	0.0	10000.0	nM	,None
521151	P21554	WEBQDSSOWLKLLA-UHFFFAOYSA-N	EC50	0.0	10000.0	nM	,None
521161	P21554	WGJZEWLNZYSLPT-UHFFFAOYSA-N	EC50	0.0	10000.0	nM	,None
521162	P21554	WGSSNNWMPCEGIE-UHFFFAOYSA-N	EC50	0.0	10000.0	nM	,None
521171	P21554	WIRKLNRRFRQIMA-UHFFFAOYSA-N	EC50	0.0	10000.0	nM	,None
521185	P21554	WNXURRIGAZXRQR-UHFFFAOYSA-N	EC50	0.0	10000.0	nM	,None
521188	P21554	WPWHFIRDIAUGSU-UHFFFAOYSA-N	EC50	0.0	10000.0	nM	,None
521191	P21554	WPWPAMZVHZHHEP-UHFFFAOYSA-N	EC50	0.0	10000.0	nM	,None
521208	P21554	WUKJRTXYZKDQEN-UHFFFAOYSA-N	EC50	0.0	10000.0	nM	,None
521222	P21554	XCVUFWLLCDRNMC-UHFFFAOYSA-N	EC50	7.0	7.0	nM	,None
521226	P21554	XDTGERQAJDMMAN-UHFFFAOYSA-N	EC50	81.0	81.0	nM	,None
521231	P21554	XFIIQBLOOXKLBG-UHFFFAOYSA-N	EC50	146.2	146.2	nM	,None
521240	P21554	XJVPJOOEBRWFRK-DAFODLJHSA-N	EC50	213.0	213.0	nM	,None
521241	P21554	XKNGJBBRHVEYIR-VOTSOKGWSA-N	EC50	0.0	10000.0	nM	,None
521241	P21554	XKNGJBBRHVEYIR-VOTSOKGWSA-N	EC50	52.1	52.1	nM	,None
521251	P21554	XOJOKBDIFSTHPN-UHFFFAOYSA-N	EC50	144.0	144.0	nM	,None
521253	P21554	XOYKRFSIKVJPFH-UHFFFAOYSA-N	EC50	0.0	10000.0	nM	,None
521255	P21554	XOYQWIDRMANBKH-UHFFFAOYSA-N	EC50	268.1	268.1	nM	,None
521259	P21554	XQMHTSPYUXOJTE-UHFFFAOYSA-N	EC50	300.0	300.0	nM	,None
521261	P21554	XQMNDXYWGKUMMM-UHFFFAOYSA-N	EC50	242.0	242.0	nM	,None
521271	P21554	XUSRDVQRAPSBSI-UHFFFAOYSA-N	EC50	967.0	967.0	nM	,None
521282	P21554	XYAPUEFATSWNCV-UHFFFAOYSA-N	EC50	103.0	103.0	nM	,None
521284	P21554	XYSBXQKVIGOOPR-UHFFFAOYSA-N	EC50	63.0	63.0	nM	,None
521287	P21554	XZBWAKUKMRWBNR-UHFFFAOYSA-N	EC50	10.0	10.0	nM	,None
521290	P21554	XZOHJYRAQOZUAV-UHFFFAOYSA-N	EC50	0.0	10000.0	nM	,None
521294	P21554	YBUFHINHMWCZOQ-UHFFFAOYSA-N	EC50	408.0	408.0	nM	,None
521300	P21554	YDMYBFCDXSQZMZ-UHFFFAOYSA-N	EC50	0.0	10000.0	nM	,None
521302	P21554	YECZGIOWFKPXMM-UHFFFAOYSA-N	EC50	0.0	10000.0	nM	,None
521306	P21554	YGOJUHNGHSCKBP-UHFFFAOYSA-N	EC50	739.2	739.2	nM	,None
521308	P21554	YHQMYQZVZSFUFW-UHFFFAOYSA-N	EC50	11.0	11.0	nM	,None
521311	P21554	YISFBFBOBXSWNA-UHFFFAOYSA-N	EC50	0.0	10000.0	nM	,None
521316	P21554	YJQRIXQJAGCBRV-UHFFFAOYSA-N	EC50	0.0	10000.0	nM	,None
521322	P21554	YLLXEQXOWQTGDY-UHFFFAOYSA-N	EC50	92.0	92.0	nM	,None
521326	P21554	YMFFXFAZPKRCHY-UHFFFAOYSA-N	EC50	0.0	10000.0	nM	,None
521329	P21554	YMOMWXOPNFGRCO-UHFFFAOYSA-N	EC50	0.0	10000.0	nM	,None
521332	P21554	YNUIAJKNNXIMEQ-UHFFFAOYSA-N	EC50	100.0	100.0	nM	,None
521337	P21554	YOIQYIPJZIOKOX-UHFFFAOYSA-N	EC50	0.0	10000.0	nM	,None
521341	P21554	YQBCNOJHSPFHPI-UHFFFAOYSA-N	EC50	0.0	10000.0	nM	,None
521346	P21554	YRQNYCZXLLIGQU-UHFFFAOYSA-N	EC50	0.0	10000.0	nM	,None
521347	P21554	YRUGBTOSYHSDSR-UHFFFAOYSA-N	EC50	0.0	10000.0	nM	,None
521350	P21554	YRZMKDVUWVUNBV-UHFFFAOYSA-N	EC50	0.0	10000.0	nM	,None
521354	P21554	YUFHOAOASPUTSX-UHFFFAOYSA-N	EC50	0.0	10000.0	nM	,None
521367	P21554	ZBZMGHDIAHPNPA-UHFFFAOYSA-N	EC50	0.0	10000.0	nM	,None
521369	P21554	ZBZZGDPXELZQMT-UHFFFAOYSA-N	EC50	0.0	10000.0	nM	,None
521373	P21554	ZELGEEWDZNQYLI-UHFFFAOYSA-N	EC50	228.0	228.0	nM	,None
521378	P21554	ZFWNPMOEEDVZAR-UHFFFAOYSA-N	EC50	0.0	10000.0	nM	,None
521380	P21554	ZGJMTTXRUKBAEP-UHFFFAOYSA-N	EC50	0.0	13999.1	nM	,None
521382	P21554	ZHMADLCQBGHBMF-UHFFFAOYSA-N	EC50	0.0	10000.0	nM	,None
521387	P21554	ZISPKNCFJPEARQ-UHFFFAOYSA-N	EC50	0.0	10000.0	nM	,None
521388	P21554	ZIXCQNXYNUWOLG-UHFFFAOYSA-N	EC50	0.0	10000.0	nM	,None
521396	P21554	ZLJDNMDISYGCQY-UHFFFAOYSA-N	EC50	0.0	10000.0	nM	,None
521398	P21554	ZMJKWULWPVETRU-UHFFFAOYSA-N	EC50	121.0	121.0	nM	,None
521402	P21554	ZNPUWMKNYQOMQZ-UHFFFAOYSA-N	EC50	336.9	336.9	nM	,None
521406	P21554	ZPJDPNRYHNPEJJ-UHFFFAOYSA-N	EC50	2478.0	2478.0	nM	,None
521407	P21554	ZPNRAEKTHGIQPK-UHFFFAOYSA-N	EC50	0.0	10000.0	nM	,None
521411	P21554	ZPQNKTKDFAUCQU-UHFFFAOYSA-N	EC50	0.0	10000.0	nM	,None
521413	P21554	ZQAYPFCIJSYLBD-UHFFFAOYSA-N	EC50	0.0	10000.0	nM	,None
521416	P21554	ZQSUGNRJCYCBNI-UHFFFAOYSA-N	EC50	0.0	10000.0	nM	,None
521419	P21554	ZSDCIGBPLNGCSQ-UHFFFAOYSA-N	EC50	0.0	10000.0	nM	,None
521423	P21554	ZTHXXASCXYVZDU-UHFFFAOYSA-N	EC50	0.0	10000.0	nM	,None
521437	P21554	ZZWNOXVAJZKUTB-UHFFFAOYSA-N	EC50	0.0	10000.0	nM	,None
521810	P21554	AQWDNHQURKZWRU-UHFFFAOYSA-N	Ki	0.0	40000.0	nM	26789378
521818	P21554	ARDNEOGSWZAOQZ-PRKHVJKDSA-N	Activity	0.0	70.0	%	26890113
521818	P21554	ARDNEOGSWZAOQZ-PRKHVJKDSA-N	Ki	0.0	40000.0	nM	26890113
521823	P21554	ARLQGGVYTDFMOP-UHFFFAOYSA-N	Ki	1584.0	1584.0	nM	26756097
521823	P21554	ARLQGGVYTDFMOP-UHFFFAOYSA-N	Kieq	1584.0	1584.0	nM	26756097
521853	P21554	ASWMCAIPTDHYOI-UHFFFAOYSA-N	Activity	103.0	103.0	%	26575458
521853	P21554	ASWMCAIPTDHYOI-UHFFFAOYSA-N	Activity	105.0	105.0	%	26575458
521944	P21554	AWJBWNUUODWOKQ-UHFFFAOYSA-N	Activity	0.0	77.0	%	26942860
521978	P21554	AXSXIRVCEMNWEV-UHFFFAOYSA-N	Activity	78.0	78.0	%	26575458
521978	P21554	AXSXIRVCEMNWEV-UHFFFAOYSA-N	Activity	96.0	96.0	%	26575458
522021	P21554	AZSDHWFPKGACIF-UHFFFAOYSA-N	Activity	91.0	91.0	%	26575458
522021	P21554	AZSDHWFPKGACIF-UHFFFAOYSA-N	Activity	99.0	99.0	%	26575458
522088	P21554	BDZJIXFHXRVQQJ-UHFFFAOYSA-N	Ki	0.0	40000.0	nM	26789378
522141	P21554	BFBVSDYKRDBSFJ-PFEQFJNWSA-N	Inhibition	12.6	12.6	%	26988801
522176	P21554	BFBVSDYKRDBSFJ-UQKRIMTDSA-N	Inhibition	11.1	11.1	%	26988801
522232	P21554	BGGQKGCORMACNA-UHFFFAOYSA-N	Ki	0.0	10000.0	nM	26756097
522232	P21554	BGGQKGCORMACNA-UHFFFAOYSA-N	Kieq	0.0	10000.0	nM	26756097
522325	P21554	BJLCJASKWHITMG-UHFFFAOYSA-N	Ke	3.6	3.6	nM	26827137
522325	P21554	BJLCJASKWHITMG-UHFFFAOYSA-N	Ki	9.2	9.2	nM	26827137
522517	P21554	BTFYPKAHJNXBRG-UHFFFAOYSA-N	Activity	0.0	70.0	%	26890113
522517	P21554	BTFYPKAHJNXBRG-UHFFFAOYSA-N	Ki	0.0	10000.0	nM	26890113
522777	P21554	CHHUFFBCNAMVKC-UHFFFAOYSA-N	Ki	1172.0	1172.0	nM	26922225
522832	P21554	CLTGOAWMYNKVSP-UHFFFAOYSA-N	Kieq	1895.0	1895.0	nM	26756097
522835	P21554	CLYGMVYIBJKKDQ-UHFFFAOYSA-N	Ki	0.0	10000.0	nM	26922225
522901	P21554	COPNRAOMEDCZJZ-UHFFFAOYSA-N	Ki	11.0	11.0	nM	26756097
522901	P21554	COPNRAOMEDCZJZ-UHFFFAOYSA-N	Kieq	11.0	11.0	nM	26756097
523360	P21554	DKXALUWKQJKLPW-UHFFFAOYSA-N	Activity	0.0	70.0	%	26890113
523360	P21554	DKXALUWKQJKLPW-UHFFFAOYSA-N	Ki	0.0	40000.0	nM	26890113
523378	P21554	DLOWJWOKMXVBPB-UHFFFAOYSA-N	Ke	0.67	0.67	nM	26827137
523378	P21554	DLOWJWOKMXVBPB-UHFFFAOYSA-N	Ki	1.9	1.9	nM	26827137
523487	P21554	DPOYJPWOCHCMJG-UHFFFAOYSA-N	Ki	0.0	40000.0	nM	26789378
523524	P21554	DSKWIRCAHMRWBG-SMGHXYRUSA-N	Activity	0.0	70.0	%	26890113
523524	P21554	DSKWIRCAHMRWBG-SMGHXYRUSA-N	Ki	0.0	40000.0	nM	26890113
523630	P21554	DXHUAQFMQWIMBW-SVANQLSFSA-N	Activity	0.0	70.0	%	26890113
523630	P21554	DXHUAQFMQWIMBW-SVANQLSFSA-N	Ki	0.0	40000.0	nM	26890113
523654	P21554	DYHLCADQPGGYMW-UHFFFAOYSA-N	EC50	9.1	9.1	nM	MedChemComm, (2016) 7:3:537
523743	P21554	FCKSNYURLYLZSG-UHFFFAOYSA-N	Ki	0.0	10000.0	nM	26922225
523913	P21554	FLQRGJSVWIUPPP-UHFFFAOYSA-N	Ki	0.0	10000.0	nM	26922225
524016	P21554	FRRVFNCOFZZDMX-UHFFFAOYSA-N	Ki	0.0	10000.0	nM	26922225
524028	P21554	FSTDWJMZWDTNAI-UHFFFAOYSA-N	Ki	159.0	159.0	nM	26756097
524028	P21554	FSTDWJMZWDTNAI-UHFFFAOYSA-N	Kieq	159.0	159.0	nM	26756097
524327	P21554	GGNOURYPUNZEOQ-HNNXBMFYSA-N	Inhibition	30.0	0.0	%	26460788
524519	P21554	GQJLNTYAYWLNFG-UHFFFAOYSA-N	Ke	212.0	212.0	nM	26827137
524635	P21554	GWEVBIZRNGLDKU-UHFFFAOYSA-N	Ki	8.7	8.7	nM	26756097
524635	P21554	GWEVBIZRNGLDKU-UHFFFAOYSA-N	Kieq	8.7	8.7	nM	26756097
524715	P21554	HAABFBIZZCRWSI-UHFFFAOYSA-N	EC50	40.0	40.0	nM	MedChemComm, (2016) 7:3:537
524744	P21554	HCEQRQFUJFEIJQ-UHFFFAOYSA-N	EC50	0.0	10000.0	nM	26529344
524744	P21554	HCEQRQFUJFEIJQ-UHFFFAOYSA-N	EC50	209.0	209.0	nM	26529344
524744	P21554	HCEQRQFUJFEIJQ-UHFFFAOYSA-N	Emax	-8.84	-8.84	%	26529344
524744	P21554	HCEQRQFUJFEIJQ-UHFFFAOYSA-N	Emax	107.0	107.0	%	26529344
524744	P21554	HCEQRQFUJFEIJQ-UHFFFAOYSA-N	Ratio EC50	14.0	14.0	-	26529344
524947	P21554	HLXNVPNDEUWPNO-UHFFFAOYSA-N	Activity	0.0	70.0	%	26890113
524947	P21554	HLXNVPNDEUWPNO-UHFFFAOYSA-N	Ki	4033.0	4033.0	nM	26890113
525026	P21554	HPKWJGIAHBJWCT-UHFFFAOYSA-N	Ki	904.5	904.5	nM	27078864
525047	P21554	HQMXFSNYNCBHGR-UHFFFAOYSA-N	Ki	1557.0	1557.0	nM	27078864
525180	P21554	HWMSHCFWZKEFNB-UHFFFAOYSA-N	Activity	102.0	102.0	%	26575458
525180	P21554	HWMSHCFWZKEFNB-UHFFFAOYSA-N	Activity	105.0	105.0	%	26575458
525227	P21554	HZYDVZUAVCDVOP-UHFFFAOYSA-N	Ki	488.0	488.0	nM	26922225
525303	P21554	IEBDUSKHJNOFNQ-UHFFFAOYSA-N	EC50	0.0	10000.0	nM	26529344
525303	P21554	IEBDUSKHJNOFNQ-UHFFFAOYSA-N	EC50	683.0	683.0	nM	26529344
525303	P21554	IEBDUSKHJNOFNQ-UHFFFAOYSA-N	Emax	28.1	28.1	%	26529344
525303	P21554	IEBDUSKHJNOFNQ-UHFFFAOYSA-N	Emax	77.4	77.4	%	26529344
525303	P21554	IEBDUSKHJNOFNQ-UHFFFAOYSA-N	Ratio EC50	3.0	3.0	-	26529344
525316	P21554	IFDYWIXRGSOWLQ-UHFFFAOYSA-N	Kieq	1245.0	1245.0	nM	26756097
525659	P21554	IWKRBYQJADSGPC-UHFFFAOYSA-N	Ki	0.0	10000.0	nM	26922225
525884	P21554	JJHMNMIZOHGQLG-UHFFFAOYSA-N	EC50	64.0	64.0	nM	26529344
525884	P21554	JJHMNMIZOHGQLG-UHFFFAOYSA-N	EC50	1120.0	1120.0	nM	26529344
525884	P21554	JJHMNMIZOHGQLG-UHFFFAOYSA-N	Emax	96.8	96.8	%	26529344
525884	P21554	JJHMNMIZOHGQLG-UHFFFAOYSA-N	Emax	105.0	105.0	%	26529344
525884	P21554	JJHMNMIZOHGQLG-UHFFFAOYSA-N	Ratio EC50	14.0	14.0	-	26529344
525941	P21554	JNBUHFRZFFTKQK-UHFFFAOYSA-N	Ke	9.1	9.1	nM	26827137
525941	P21554	JNBUHFRZFFTKQK-UHFFFAOYSA-N	Ki	14.5	14.5	nM	26827137
525941	P21554	JNBUHFRZFFTKQK-UHFFFAOYSA-N	Ki	15.0	15.0	nM	26827137
525965	P21554	JOSMOLAITDLVKX-UHFFFAOYSA-N	Activity	98.0	98.0	%	26575458
525965	P21554	JOSMOLAITDLVKX-UHFFFAOYSA-N	Activity	100.0	100.0	%	26575458
526004	P21554	JQQJYXHLHWEBFQ-MHXTWFNFSA-N	Activity	0.0	70.0	%	26890113
526004	P21554	JQQJYXHLHWEBFQ-MHXTWFNFSA-N	Ki	0.0	10000.0	nM	26890113
526271	P21554	KETMMCIOZHJPQM-UHFFFAOYSA-N	Activity	0.0	70.0	%	26890113
526271	P21554	KETMMCIOZHJPQM-UHFFFAOYSA-N	Ki	0.0	10000.0	nM	26890113
526519	P21554	KSSHZHBGLVRIMT-UHFFFAOYSA-N	Activity	91.0	91.0	%	26575458
526519	P21554	KSSHZHBGLVRIMT-UHFFFAOYSA-N	Activity	128.0	128.0	%	26575458
526555	P21554	KUPVTLMSTWBDHH-UHFFFAOYSA-N	Ki	6111.0	6111.0	nM	27078864
526682	P21554	KZJDOQZRHKPWRO-UHFFFAOYSA-N	Activity	0.0	70.0	%	26890113
526682	P21554	KZJDOQZRHKPWRO-UHFFFAOYSA-N	Ki	0.0	10000.0	nM	26890113
526715	P21554	LAVRGFYZHOYEFU-UHFFFAOYSA-N	EC50	28.2	28.2	nM	26529344
526715	P21554	LAVRGFYZHOYEFU-UHFFFAOYSA-N	EC50	166.0	166.0	nM	26529344
526715	P21554	LAVRGFYZHOYEFU-UHFFFAOYSA-N	Emax	103.0	103.0	%	26529344
526715	P21554	LAVRGFYZHOYEFU-UHFFFAOYSA-N	Emax	105.0	105.0	%	26529344
526715	P21554	LAVRGFYZHOYEFU-UHFFFAOYSA-N	Ratio EC50	3.0	3.0	-	26529344
526883	P21554	LICOFLCBNMBWFT-UHFFFAOYSA-N	Ki	0.0	10000.0	nM	26922225
526983	P21554	LLUSLQOHYIRJHX-UHFFFAOYSA-N	Inhibition	50.0	0.0	%	26653033
527084	P21554	LPJCPRFQXVCSKU-UHFFFAOYSA-N	EC50	330.0	330.0	nM	MedChemComm, (2016) 7:3:537
527138	P21554	LQNPWLVTDAGCTJ-UHFFFAOYSA-N	Activity	96.0	96.0	%	26575458
527138	P21554	LQNPWLVTDAGCTJ-UHFFFAOYSA-N	Activity	105.0	105.0	%	26575458
527196	P21554	LSVGIQPOZIMKHQ-UHFFFAOYSA-N	Ki	622.0	622.0	nM	26922225
527239	P21554	LWAHFNHCMULQGH-UHFFFAOYSA-N	Ke	7.0	7.0	nM	26827137
527239	P21554	LWAHFNHCMULQGH-UHFFFAOYSA-N	Ki	7.5	7.5	nM	26827137
527287	P21554	LYUGXUOIDYDSCA-UHFFFAOYSA-N	Ke	59.0	59.0	nM	26827137
527389	P21554	MELPQKYOKCNEFX-UHFFFAOYSA-N	EC50	270.0	270.0	nM	MedChemComm, (2016) 7:3:537
527562	P21554	MOSPGCNMZMLMON-UHFFFAOYSA-N	Activity	93.0	93.0	%	26575458
527562	P21554	MOSPGCNMZMLMON-UHFFFAOYSA-N	Activity	95.0	95.0	%	26575458
527654	P21554	MUGFMAHJBSPZPI-UHFFFAOYSA-N	Ki	0.0	40000.0	nM	26789378
527726	P21554	MWXSRLLXUSHOED-UHFFFAOYSA-N	Ki	653.0	653.0	nM	26922225
527834	P21554	NDPSHCXYYXWNFI-UHFFFAOYSA-N	Kieq	108.0	108.0	nM	26756097
527886	P21554	NGJPSXGANYOABW-UHFFFAOYSA-N	Ke	2198.0	2198.0	nM	26827137
527899	P21554	NGWXKAIBJDEUIY-UHFFFAOYSA-N	Activity	0.0	70.0	%	26890113
527899	P21554	NGWXKAIBJDEUIY-UHFFFAOYSA-N	Ki	0.0	40000.0	nM	26890113
527902	P21554	NHAXEIJCSQLMSA-UHFFFAOYSA-N	Activity	0.0	70.0	%	26890113
527902	P21554	NHAXEIJCSQLMSA-UHFFFAOYSA-N	Ki	0.0	40000.0	nM	26890113
527922	P21554	NHTUEHUHBYQRRF-UHFFFAOYSA-N	Ki	717.0	717.0	nM	26756097
527922	P21554	NHTUEHUHBYQRRF-UHFFFAOYSA-N	Kieq	717.0	717.0	nM	26756097
528038	P21554	NMBFEWCMSLJPST-UHFFFAOYSA-N	Ki	0.0	10000.0	nM	26922225
528067	P21554	NNZFCNDPCUOJDB-UHFFFAOYSA-N	Ki	0.0	10000.0	nM	26922225
528110	P21554	NPZNCYZCJITRAG-UHFFFAOYSA-N	Activity	0.0	70.0	%	26890113
528110	P21554	NPZNCYZCJITRAG-UHFFFAOYSA-N	Ki	0.0	40000.0	nM	26890113
528125	P21554	NQQIJZIHAZRSIB-UHFFFAOYSA-N	Kieq	0.0	10000.0	nM	26756097
528236	P21554	NWYQOUCXQXIWBJ-UHFFFAOYSA-N	Ki	829.0	829.0	nM	26756097
528236	P21554	NWYQOUCXQXIWBJ-UHFFFAOYSA-N	Kieq	829.0	829.0	nM	26756097
528370	P21554	ODDARODPWQQOLN-UHFFFAOYSA-N	Ke	18.7	18.7	nM	26827137
528370	P21554	ODDARODPWQQOLN-UHFFFAOYSA-N	Ki	44.0	44.0	nM	26827137
528370	P21554	ODDARODPWQQOLN-UHFFFAOYSA-N	Ki	44.4	44.4	nM	26827137
528437	P21554	OGCYKMRKHKZCCI-UHFFFAOYSA-N	Ki	0.0	40000.0	nM	26789378
528509	P21554	OIZGQXOLVFAPHD-UHFFFAOYSA-N	Ki	5849.0	5849.0	nM	26922225
528574	P21554	OMNFAFXJJUAYRX-UHFFFAOYSA-N	Ki	0.0	40000.0	nM	26789378
528597	P21554	ONNYOTOLIHXYQX-DLBZAZTESA-N	Inhibition	6.0	6.0	%	27096053
528798	P21554	PADINLGCHXLCDA-UHFFFAOYSA-N	Kieq	0.0	10000.0	nM	26756097
528805	P21554	PAIKGWIYUGPDOR-UHFFFAOYSA-N	Activity	96.0	96.0	%	26575458
528805	P21554	PAIKGWIYUGPDOR-UHFFFAOYSA-N	Activity	101.0	101.0	%	26575458
528833	P21554	PBWANSOKWDCRQK-UHFFFAOYSA-N	Ki	2831.0	2831.0	nM	27078864
528973	P21554	PHFQICBZDOOQMA-UHFFFAOYSA-N	Ki	0.0	10000.0	nM	26922225
529024	P21554	PJXTUEAYKNCWFN-UHFFFAOYSA-N	EC50	310.0	310.0	nM	MedChemComm, (2016) 7:3:537
529085	P21554	PMYUWRFWLFRQKQ-UHFFFAOYSA-N	Ke	292.0	292.0	nM	26827137
529203	P21554	PUTMHKMKVABQQZ-UHFFFAOYSA-N	Ki	0.0	40000.0	nM	26789378
529298	P21554	PZXDSEKORSHOEB-UHFFFAOYSA-N	Ki	0.0	10000.0	nM	26922225
529436	P21554	QHSJVMXTEFKMQK-UHFFFAOYSA-N	Kieq	1281.0	1281.0	nM	26756097
529518	P21554	QLYVLKRHUFTDIK-UHFFFAOYSA-N	Ki	0.0	40000.0	nM	26789378
529622	P21554	QQYMUURPGPFRCN-UHFFFAOYSA-N	Activity	94.0	94.0	%	26575458
529622	P21554	QQYMUURPGPFRCN-UHFFFAOYSA-N	Activity	97.0	97.0	%	26575458
529633	P21554	QRPBGMJWBJNCHY-UHFFFAOYSA-N	Ki	0.0	40000.0	nM	26789378
529636	P21554	QRRARQIWJKGPKE-UHFFFAOYSA-N	EC50	200.0	200.0	nM	MedChemComm, (2016) 7:3:537
529642	P21554	QRWGYTWLDZCUJD-UHFFFAOYSA-N	Activity	88.0	88.0	%	26575458
529642	P21554	QRWGYTWLDZCUJD-UHFFFAOYSA-N	Activity	103.0	103.0	%	26575458
529656	P21554	QSRHSOXVQAPKOS-UHFFFAOYSA-N	Activity	94.0	94.0	%	26575458
529656	P21554	QSRHSOXVQAPKOS-UHFFFAOYSA-N	Activity	103.0	103.0	%	26575458
529751	P21554	QZEFIPVIKZTJGM-UHFFFAOYSA-N	Activity	94.0	94.0	%	26575458
529751	P21554	QZEFIPVIKZTJGM-UHFFFAOYSA-N	Activity	127.0	127.0	%	26575458
529756	P21554	QZUSZMSVUPXOTE-UHFFFAOYSA-N	Activity	91.0	91.0	%	26575458
529756	P21554	QZUSZMSVUPXOTE-UHFFFAOYSA-N	Activity	100.0	100.0	%	26575458
529863	P21554	RFYZJUMADTXPSQ-UHFFFAOYSA-N	Ki	5216.0	5216.0	nM	26922225
529888	P21554	RIIBZAQEPLXYLW-UHFFFAOYSA-N	Ki	2483.0	2483.0	nM	26922225
529934	P21554	RKPBVQRZRRSSPX-UHFFFAOYSA-N	Ki	0.0	10000.0	nM	26922225
529989	P21554	RNBFGBOJPIEKSK-UHFFFAOYSA-N	EC50	340.0	340.0	nM	MedChemComm, (2016) 7:3:537
529993	P21554	RNIIMHBSJBMPAX-UHFFFAOYSA-N	Ki	4718.0	4718.0	nM	26922225
530024	P21554	ROZQDKPANZDCLF-UHFFFAOYSA-N	Activity	0.0	70.0	%	26890113
530024	P21554	ROZQDKPANZDCLF-UHFFFAOYSA-N	Ki	0.0	10000.0	nM	26890113
530032	P21554	RPLCVHMJHODUMY-UHFFFAOYSA-N	Ki	0.0	10000.0	nM	26922225
530078	P21554	RSHFORFJBYLIHA-UHFFFAOYSA-N	Ki	0.0	40000.0	nM	26789378
530162	P21554	RWIDNXYLVQGSRW-UHFFFAOYSA-N	Ki	6352.0	6352.0	nM	26922225
530223	P21554	SAVFVEFYMIPDEM-UHFFFAOYSA-N	EC50	19.0	19.0	nM	MedChemComm, (2016) 7:3:537
530512	P21554	SORPVYIQXKCLFK-UHFFFAOYSA-N	Ki	0.0	10000.0	nM	26756097
530512	P21554	SORPVYIQXKCLFK-UHFFFAOYSA-N	Kieq	0.0	10000.0	nM	26756097
530614	P21554	SSTRKMSFTVOWMP-UHFFFAOYSA-N	Ki	1859.0	1859.0	nM	27078864
530698	P21554	SWXODZQWCCNKFU-UHFFFAOYSA-N	Ke	4.3	4.3	nM	26827137
530698	P21554	SWXODZQWCCNKFU-UHFFFAOYSA-N	Ki	9.6	9.6	nM	26827137
530752	P21554	TUBKEUCTRHMCLI-RBUKOAKNSA-N	Inhibition	19.0	19.0	%	27096053
530844	P21554	UBONXKDRGHQECY-UHFFFAOYSA-N	Ki	0.0	40000.0	nM	26789378
530869	P21554	UDBZOJOCSPLOHN-UHFFFAOYSA-N	Ki	3723.0	3723.0	nM	26922225
530882	P21554	UDODNEIIAQUSRZ-UHFFFAOYSA-N	Activity	0.0	70.0	%	26890113
530882	P21554	UDODNEIIAQUSRZ-UHFFFAOYSA-N	Ki	0.0	10000.0	nM	26890113
530959	P21554	UHPNIGPNFQMNSV-UHFFFAOYSA-N	EC50	20.0	20.0	nM	26827137
530959	P21554	UHPNIGPNFQMNSV-UHFFFAOYSA-N	Ke	12.0	12.0	nM	26827137
530959	P21554	UHPNIGPNFQMNSV-UHFFFAOYSA-N	Ki	8.8	8.8	nM	26827137
530959	P21554	UHPNIGPNFQMNSV-UHFFFAOYSA-N	Ki	8.82	8.82	nM	26827137
530978	P21554	UIIHDWBTJXGJBH-UHFFFAOYSA-N	EC50	28.2	28.2	nM	26529344
530978	P21554	UIIHDWBTJXGJBH-UHFFFAOYSA-N	EC50	389.0	389.0	nM	26529344
530978	P21554	UIIHDWBTJXGJBH-UHFFFAOYSA-N	Emax	87.1	87.1	%	26529344
530978	P21554	UIIHDWBTJXGJBH-UHFFFAOYSA-N	Emax	105.0	105.0	%	26529344
530978	P21554	UIIHDWBTJXGJBH-UHFFFAOYSA-N	Ratio EC50	14.0	14.0	-	26529344
531000	P21554	UJOZELUXKWKUGS-UHFFFAOYSA-N	Activity	0.0	70.0	%	26890113
531000	P21554	UJOZELUXKWKUGS-UHFFFAOYSA-N	Ki	1852.0	1852.0	nM	26890113
531002	P21554	UJVPRUIRHMYRRV-UHFFFAOYSA-N	Ki	11.0	11.0	nM	27096053
531074	P21554	UNNHLKIQXRDAHR-UHFFFAOYSA-N	Ke	88.0	88.0	nM	26827137
531105	P21554	UPBABYTUWFYDNC-UHFFFAOYSA-N	EC50	42.9	42.9	nM	26529344
531105	P21554	UPBABYTUWFYDNC-UHFFFAOYSA-N	EC50	118.0	118.0	nM	26529344
531105	P21554	UPBABYTUWFYDNC-UHFFFAOYSA-N	Emax	78.2	78.2	%	26529344
531105	P21554	UPBABYTUWFYDNC-UHFFFAOYSA-N	Emax	106.0	106.0	%	26529344
531105	P21554	UPBABYTUWFYDNC-UHFFFAOYSA-N	Ratio EC50	3.0	3.0	-	26529344
531225	P21554	USQOVYLRWBOSQC-HNNXBMFYSA-N	Activity	38.1	38.1	%	26774927
531423	P21554	VCENJVOGTFFANG-UHFFFAOYSA-N	Activity	98.0	98.0	%	26575458
531423	P21554	VCENJVOGTFFANG-UHFFFAOYSA-N	Activity	99.0	99.0	%	26575458
531478	P21554	VFFXUCXUGNMFGM-UHFFFAOYSA-N	Activity	95.0	95.0	%	26575458
531478	P21554	VFFXUCXUGNMFGM-UHFFFAOYSA-N	Activity	100.0	100.0	%	26575458
531568	P21554	VKMGZUWZQPKSFY-UHFFFAOYSA-N	Ki	615.0	615.0	nM	27078864
531614	P21554	VNHMVXGWVQNAGP-UHFFFAOYSA-N	Ki	0.0	40000.0	nM	26789378
531624	P21554	VNPHKYHYGSWGCX-UHFFFAOYSA-N	Ki	471.0	471.0	nM	26922225
531628	P21554	VNZDAULKMAFJLM-UHFFFAOYSA-N	Activity	119.0	119.0	%	26575458
531628	P21554	VNZDAULKMAFJLM-UHFFFAOYSA-N	Activity	147.0	147.0	%	26575458
531661	P21554	VPTROEDHDNXYHP-UHFFFAOYSA-N	Ki	0.0	40000.0	nM	26789378
531811	P21554	VWVIOABMCXYUAS-RBUKOAKNSA-N	Inhibition	13.0	13.0	%	27096053
531869	P21554	VZKJWIXECZKRDW-UHFFFAOYSA-N	Activity	99.0	99.0	%	26575458
531869	P21554	VZKJWIXECZKRDW-UHFFFAOYSA-N	Activity	101.0	101.0	%	26575458
531872	P21554	WAABWAULWVMNQT-UHFFFAOYSA-N	Ki	0.0	10000.0	nM	26922225
531997	P21554	WEPKFXLEEGTYON-UHFFFAOYSA-N	EC50	4.4	4.4	nM	MedChemComm, (2016) 7:3:537
532020	P21554	WFZUFOYTXBFJDY-UHFFFAOYSA-N	Kieq	0.0	10000.0	nM	26756097
532076	P21554	WIPAPINPNZHXBZ-UHFFFAOYSA-N	Activity	91.0	91.0	%	26575458
532076	P21554	WIPAPINPNZHXBZ-UHFFFAOYSA-N	Activity	101.0	101.0	%	26575458
532242	P21554	WREPPILXFJFKRQ-UHFFFAOYSA-N	Ki	1519.0	1519.0	nM	26922225
532346	P21554	WYHYTNRLMPMNMY-UHFFFAOYSA-N	Ke	45.8	45.8	nM	26827137
532346	P21554	WYHYTNRLMPMNMY-UHFFFAOYSA-N	Ki	43.0	43.0	nM	26827137
532440	P21554	XBZJCYSGYPCDGM-UHFFFAOYSA-N	Ke	20.0	20.0	nM	26827137
532440	P21554	XBZJCYSGYPCDGM-UHFFFAOYSA-N	Ki	6.4	6.4	nM	26827137
532484	P21554	XEMCOWRMMYXKEA-UHFFFAOYSA-N	Activity	91.0	91.0	%	26575458
532484	P21554	XEMCOWRMMYXKEA-UHFFFAOYSA-N	Activity	99.0	99.0	%	26575458
532509	P21554	XFLNEUFONDNPKF-UHFFFAOYSA-N	Kieq	501.0	501.0	nM	26756097
532519	P21554	XFSFFWVLTGHLIO-UHFFFAOYSA-N	Activity	91.0	91.0	%	26575458
532519	P21554	XFSFFWVLTGHLIO-UHFFFAOYSA-N	Activity	103.0	103.0	%	26575458
532553	P21554	XHDDGEHNYUZKBB-UHFFFAOYSA-N	Ki	3214.0	3214.0	nM	26922225
532593	P21554	XIUWBZFDKMJYGN-QMNWOKLKSA-N	Activity	0.0	70.0	%	26890113
532593	P21554	XIUWBZFDKMJYGN-QMNWOKLKSA-N	Ki	0.0	40000.0	nM	26890113
532669	P21554	XMCQHLYWPQUVEX-UHFFFAOYSA-N	Ki	717.0	717.0	nM	26922225
532767	P21554	XRIROGBLGLPXQI-FGZHOGPDSA-N	IC50	0.0	10000.0	nM	26888301
532840	P21554	XTQMJLVUSHJRJB-UHFFFAOYSA-N	Ki	0.0	10000.0	nM	26756097
532840	P21554	XTQMJLVUSHJRJB-UHFFFAOYSA-N	Kieq	0.0	10000.0	nM	26756097
532938	P21554	XYWQFPOFDNUMMA-UHFFFAOYSA-N	Ke	16.0	16.0	nM	26827137
532938	P21554	XYWQFPOFDNUMMA-UHFFFAOYSA-N	Ki	28.9	28.9	nM	26827137
532938	P21554	XYWQFPOFDNUMMA-UHFFFAOYSA-N	Ki	29.0	29.0	nM	26827137
532952	P21554	XZWHYCOUQRVXMF-UHFFFAOYSA-N	Ki	0.0	40000.0	nM	26789378
532994	P21554	YCDKBLKJPZTRIS-UHFFFAOYSA-N	Ki	0.0	40000.0	nM	26789378
533016	P21554	YCTXCDDTPKHQGU-UHFFFAOYSA-N	Ki	10000.0	10000.0	nM	27078864
533106	P21554	YGJBYMFKKBTXJW-UHFFFAOYSA-N	Inhibition	50.0	0.0	%	27003636
533174	P21554	YIYLMDVRSNXYOT-UHFFFAOYSA-N	EC50	2.09	2.09	nM	26529344
533174	P21554	YIYLMDVRSNXYOT-UHFFFAOYSA-N	EC50	19.6	19.6	nM	26529344
533174	P21554	YIYLMDVRSNXYOT-UHFFFAOYSA-N	EC50	174.0	174.0	nM	26529344
533174	P21554	YIYLMDVRSNXYOT-UHFFFAOYSA-N	Emax	103.0	103.0	%	26529344
533174	P21554	YIYLMDVRSNXYOT-UHFFFAOYSA-N	Emax	111.0	111.0	%	26529344
533174	P21554	YIYLMDVRSNXYOT-UHFFFAOYSA-N	Emax	116.5	116.5	%	26529344
533174	P21554	YIYLMDVRSNXYOT-UHFFFAOYSA-N	FC	2.25	2.25	-	26529344
533174	P21554	YIYLMDVRSNXYOT-UHFFFAOYSA-N	Ratio EC50	14.0	14.0	-	26529344
533198	P21554	YKEYPBUZXWNTJV-UHFFFAOYSA-N	Activity	0.0	70.0	%	26890113
533198	P21554	YKEYPBUZXWNTJV-UHFFFAOYSA-N	Ki	4211.0	4211.0	nM	26890113
533357	P21554	YUHMAJCXZOWEJY-UHFFFAOYSA-N	Ke	9.9	9.9	nM	26827137
533357	P21554	YUHMAJCXZOWEJY-UHFFFAOYSA-N	Ki	43.5	43.5	nM	26827137
533357	P21554	YUHMAJCXZOWEJY-UHFFFAOYSA-N	Ki	44.0	44.0	nM	26827137
533372	P21554	YWBZQCLYQPYNMR-UHFFFAOYSA-N	Activity	98.0	98.0	%	26575458
533372	P21554	YWBZQCLYQPYNMR-UHFFFAOYSA-N	Activity	100.0	100.0	%	26575458
533426	P21554	YYSZFBQTFOSIAL-UHFFFAOYSA-N	Ki	0.0	40000.0	nM	26789378
533536	P21554	ZENOLVYNRQUNLL-UHFFFAOYSA-N	Activity	91.0	91.0	%	26575458
533536	P21554	ZENOLVYNRQUNLL-UHFFFAOYSA-N	Activity	116.0	116.0	%	26575458
533671	P21554	ZKLZJXGGGOMHIM-UHFFFAOYSA-N	Ki	0.0	40000.0	nM	26789378
533714	P21554	ZMVVEUZMZPEBQB-UHFFFAOYSA-N	Activity	84.0	84.0	%	26575458
533714	P21554	ZMVVEUZMZPEBQB-UHFFFAOYSA-N	Activity	93.0	93.0	%	26575458
533744	P21554	ZPBPMWGVRDLURO-UHFFFAOYSA-N	Activity	93.0	93.0	%	26575458
533744	P21554	ZPBPMWGVRDLURO-UHFFFAOYSA-N	Activity	119.0	119.0	%	26575458
533855	P21554	ZWGMVYVUAFOXFX-UHFFFAOYSA-N	Ki	0.0	10000.0	nM	26756097
533855	P21554	ZWGMVYVUAFOXFX-UHFFFAOYSA-N	Kieq	0.0	10000.0	nM	26756097
533916	P21554	AAVHYKWHFWGNRD-UHFFFAOYSA-N	EC50	0.0	10000.0	nM	,None
533973	P21554	AVNHLPCVJAOWMG-UHFFFAOYSA-N	IC50	13810.0	13810.0	nM	,None
533973	P21554	AVNHLPCVJAOWMG-UHFFFAOYSA-N	Ki	5841.0	5841.0	nM	,None
533988	P21554	BCQUNMHAZHYLTP-UHFFFAOYSA-N	EC50	1285.8	1285.8	nM	,None
534009	P21554	BLCQCFSLZDMXMV-UHFFFAOYSA-N	EC50	0.0	10000.0	nM	,None
534050	P21554	BWYLOZHTQILLRJ-UHFFFAOYSA-N	EC50	0.0	10000.0	nM	,None
534061	P21554	CAGQCEJXJJJFOU-UHFFFAOYSA-N	EC50	0.0	10000.0	nM	,None
534066	P21554	CAKVQXIPCQHPSM-UHFFFAOYSA-N	EC50	0.0	10000.0	nM	,None
534079	P21554	CBRRLUJNELMTJJ-UHFFFAOYSA-N	EC50	0.0	10000.0	nM	,None
534097	P21554	CJQDLZDKTWSCGN-UHFFFAOYSA-N	EC50	0.0	10000.0	nM	,None
534104	P21554	CMFBFWKYLGMDNE-UHFFFAOYSA-N	EC50	892.1	892.1	nM	,None
534122	P21554	CQDLOEGSPUGLEN-UHFFFAOYSA-N	EC50	0.0	10000.0	nM	,None
534123	P21554	CQFCZPMCQHWFFK-UHFFFAOYSA-N	EC50	874.0	874.0	nM	,None
534206	P21554	DMTGREOSURGYPZ-UHFFFAOYSA-N	EC50	0.0	10000.0	nM	,None
534259	P21554	FIWCMRNPANJURR-UHFFFAOYSA-N	IC50	1669.0	1669.0	nM	,None
534259	P21554	FIWCMRNPANJURR-UHFFFAOYSA-N	Ki	930.0	930.0	nM	,None
534276	P21554	FNQDYMCVEUXEJK-VOTSOKGWSA-N	IC50	0.0	10000.0	nM	22214210
534276	P21554	FNQDYMCVEUXEJK-VOTSOKGWSA-N	Ki	0.0	10000.0	nM	22214210
534281	P21554	FOSADYXGAZIWQI-UHFFFAOYSA-N	EC50	0.0	10000.0	nM	,None
534285	P21554	FPBGJMMSUSSBTL-UHFFFAOYSA-N	EC50	0.0	10000.0	nM	,None
534297	P21554	FSNZQFMQPKGZOB-UHFFFAOYSA-N	IC50	2000.0	2000.0	nM	,None
534297	P21554	FSNZQFMQPKGZOB-UHFFFAOYSA-N	Ki	1156.0	1156.0	nM	,None
534328	P21554	GCPFDXOLQNQCTI-UHFFFAOYSA-N	IC50	6000.0	6000.0	nM	,None
534328	P21554	GCPFDXOLQNQCTI-UHFFFAOYSA-N	IC50	11000.0	11000.0	nM	,None
534328	P21554	GCPFDXOLQNQCTI-UHFFFAOYSA-N	Ki	2680.0	2680.0	nM	,None
534328	P21554	GCPFDXOLQNQCTI-UHFFFAOYSA-N	Ki	3000.0	3000.0	nM	,None
534328	P21554	GCPFDXOLQNQCTI-UHFFFAOYSA-N	Ki	5564.0	5564.0	nM	,None
534345	P21554	GGOOVBMTUAGWIU-UHFFFAOYSA-N	EC50	0.0	10000.0	nM	,None
534378	P21554	GTRZQCQBDURIOU-JXMROGBWSA-N	IC50	0.0	10000.0	nM	22214210
534378	P21554	GTRZQCQBDURIOU-JXMROGBWSA-N	Ki	0.0	10000.0	nM	22214210
534384	P21554	GVWRNIWCVPLFOS-UHFFFAOYSA-N	EC50	0.0	10000.0	nM	,None
534406	P21554	HFFREESGKURFCO-UHFFFAOYSA-N	EC50	0.0	10000.0	nM	,None
534410	P21554	HFOKCAPLWDRNGS-UHFFFAOYSA-N	EC50	0.0	10000.0	nM	,None
534411	P21554	HFVCCRXDSGFIRL-RMKNXTFCSA-N	IC50	0.0	10000.0	nM	22214210
534411	P21554	HFVCCRXDSGFIRL-RMKNXTFCSA-N	Ki	0.0	10000.0	nM	22214210
534427	P21554	HJQBIEJQZPGVPT-UHFFFAOYSA-N	IC50	34090.0	34090.0	nM	,None
534427	P21554	HJQBIEJQZPGVPT-UHFFFAOYSA-N	Ki	21020.0	21020.0	nM	,None
534465	P21554	IAADUNICRPGLKZ-UHFFFAOYSA-N	EC50	0.0	10000.0	nM	,None
534498	P21554	IIHLUBXSTQWABS-UHFFFAOYSA-N	EC50	0.0	10000.0	nM	,None
534508	P21554	IMRLDBWTVGRTPM-UHFFFAOYSA-N	IC50	11380.0	11380.0	nM	,None
534508	P21554	IMRLDBWTVGRTPM-UHFFFAOYSA-N	Ki	5045.0	5045.0	nM	,None
534537	P21554	IVLALHAWSBHIRR-UHFFFAOYSA-N	IC50	5540.0	5540.0	nM	,None
534537	P21554	IVLALHAWSBHIRR-UHFFFAOYSA-N	IC50	6000.0	6000.0	nM	,None
534537	P21554	IVLALHAWSBHIRR-UHFFFAOYSA-N	Ki	2337.0	2337.0	nM	,None
534537	P21554	IVLALHAWSBHIRR-UHFFFAOYSA-N	Ki	3000.0	3000.0	nM	,None
534564	P21554	JCWYXXVAWOLZCN-UHFFFAOYSA-N	EC50	0.0	10000.0	nM	,None
534572	P21554	JEWOAYXYXPHPEM-UHFFFAOYSA-N	EC50	0.0	10000.0	nM	,None
534609	P21554	JOZYTWDCUDUIGI-UHFFFAOYSA-N	IC50	0.0	10000.0	nM	22214210
534609	P21554	JOZYTWDCUDUIGI-UHFFFAOYSA-N	Ki	0.0	10000.0	nM	22214210
534651	P21554	JZJWCGGIXXUKPO-UHFFFAOYSA-N	EC50	3320.4	3320.4	nM	,None
534677	P21554	KIIVDCMVGMHQLJ-CMDGGOBGSA-N	IC50	0.0	10000.0	nM	22214210
534677	P21554	KIIVDCMVGMHQLJ-CMDGGOBGSA-N	Ki	0.0	10000.0	nM	22214210
534740	P21554	LGQFOUYDVWEHMQ-GDJIYFAZSA-N	IC50	3370.0	3370.0	nM	,None
534740	P21554	LGQFOUYDVWEHMQ-GDJIYFAZSA-N	Ki	0.0	10000.0	nM	,None
534742	P21554	LHBFQYFMIYJROX-UHFFFAOYSA-N	EC50	0.0	10000.0	nM	,None
534745	P21554	LHSJOXNHEKPANL-UHFFFAOYSA-N	EC50	0.0	10000.0	nM	,None
534822	P21554	MHDPXMLANNLJDQ-UHFFFAOYSA-N	EC50	0.0	10000.0	nM	,None
534884	P21554	NCCZBGBPAXRYHM-UHFFFAOYSA-N	EC50	0.0	10000.0	nM	,None
534900	P21554	NIGNSSJZUNHUFJ-UHFFFAOYSA-N	IC50	12000.0	12000.0	nM	,None
534900	P21554	NIGNSSJZUNHUFJ-UHFFFAOYSA-N	Ki	6000.0	6000.0	nM	,None
534962	P21554	OELBGKBNRANKOH-UHFFFAOYSA-N	IC50	0.0	10000.0	nM	22214210
534962	P21554	OELBGKBNRANKOH-UHFFFAOYSA-N	Ki	0.0	10000.0	nM	22214210
534987	P21554	OLDRCCXAHVUKOQ-UHFFFAOYSA-N	EC50	0.0	10000.0	nM	,None
534991	P21554	OLYFYXVHVAYYNB-UHFFFAOYSA-N	IC50	12000.0	12000.0	nM	,None
534991	P21554	OLYFYXVHVAYYNB-UHFFFAOYSA-N	Ki	6000.0	6000.0	nM	,None
535014	P21554	ORJLSGKGXZBYAI-PPHZAIPVSA-N	Ki	11700.0	11700.0	nM	,None
535016	P21554	ORJLSGKGXZBYAI-XHCCPWGMSA-N	Ki	1370.0	1370.0	nM	,None
535018	P21554	ORMBFRRUIZOBQL-UHFFFAOYSA-N	EC50	254.8	254.8	nM	,None
535031	P21554	OXGSFQZDUGBHMQ-UHFFFAOYSA-N	IC50	313.0	313.0	nM	,None
535031	P21554	OXGSFQZDUGBHMQ-UHFFFAOYSA-N	IC50	6000.0	6000.0	nM	,None
535031	P21554	OXGSFQZDUGBHMQ-UHFFFAOYSA-N	Ki	180.0	180.0	nM	,None
535031	P21554	OXGSFQZDUGBHMQ-UHFFFAOYSA-N	Ki	3000.0	3000.0	nM	,None
535042	P21554	PACOOQPFRWWYGE-UHFFFAOYSA-N	EC50	0.0	10000.0	nM	,None
535043	P21554	PAFJPORWOFBSOG-UHFFFAOYSA-N	EC50	0.0	10000.0	nM	,None
535095	P21554	PSJUKZIHVLIJAP-UHFFFAOYSA-N	EC50	0.0	10000.0	nM	,None
535112	P21554	PXRZBSVMVTXTQV-UHFFFAOYSA-N	IC50	580.0	580.0	nM	,None
535112	P21554	PXRZBSVMVTXTQV-UHFFFAOYSA-N	IC50	720.0	720.0	nM	,None
535112	P21554	PXRZBSVMVTXTQV-UHFFFAOYSA-N	IC50	2000.0	2000.0	nM	,None
535112	P21554	PXRZBSVMVTXTQV-UHFFFAOYSA-N	IC50	3058.0	3058.0	nM	,None
535112	P21554	PXRZBSVMVTXTQV-UHFFFAOYSA-N	Ki	260.0	260.0	nM	,None
535112	P21554	PXRZBSVMVTXTQV-UHFFFAOYSA-N	Ki	400.0	400.0	nM	,None
535112	P21554	PXRZBSVMVTXTQV-UHFFFAOYSA-N	Ki	1156.0	1156.0	nM	,None
535112	P21554	PXRZBSVMVTXTQV-UHFFFAOYSA-N	Ki	1556.0	1556.0	nM	,None
535144	P21554	QHZOHCOWSROZID-UHFFFAOYSA-N	EC50	0.0	10000.0	nM	,None
535156	P21554	QKLAEKUWHPRQLP-UHFFFAOYSA-N	EC50	0.0	10000.0	nM	,None
535158	P21554	QKWDCSZLOCAHKT-UHFFFAOYSA-N	IC50	8571.0	8571.0	nM	,None
535158	P21554	QKWDCSZLOCAHKT-UHFFFAOYSA-N	Ki	4757.0	4757.0	nM	,None
535160	P21554	QKWXLRHZRSYQNL-UHFFFAOYSA-N	EC50	1148.5	1148.5	nM	,None
535190	P21554	QVSHWJMSDYEUHT-UHFFFAOYSA-N	EC50	0.0	10000.0	nM	,None
535193	P21554	QWEQZKHCIUIAJZ-UHFFFAOYSA-N	EC50	0.0	10000.0	nM	,None
535201	P21554	QZCOKVPMPZYWSF-UHFFFAOYSA-N	EC50	0.0	10000.0	nM	,None
535204	P21554	QZSPMXRQSVPBLQ-UHFFFAOYSA-N	EC50	0.0	10000.0	nM	,None
535216	P21554	RCMWNKYGQYPQEZ-UHFFFAOYSA-N	EC50	0.0	10000.0	nM	,None
535224	P21554	RDWUQHHXJWXEON-UHFFFAOYSA-N	EC50	0.0	10000.0	nM	,None
535245	P21554	RNUOMGDKVIMQSL-UHFFFAOYSA-N	IC50	11000.0	11000.0	nM	,None
535245	P21554	RNUOMGDKVIMQSL-UHFFFAOYSA-N	IC50	17360.0	17360.0	nM	,None
535245	P21554	RNUOMGDKVIMQSL-UHFFFAOYSA-N	Ki	5564.0	5564.0	nM	,None
535245	P21554	RNUOMGDKVIMQSL-UHFFFAOYSA-N	Ki	8837.0	8837.0	nM	,None
535252	P21554	ROPJZIKITLLNQA-UHFFFAOYSA-N	EC50	0.0	10000.0	nM	,None
535256	P21554	RQDPQMBLUCPNJT-UHFFFAOYSA-N	IC50	712.0	712.0	nM	,None
535256	P21554	RQDPQMBLUCPNJT-UHFFFAOYSA-N	IC50	6000.0	6000.0	nM	,None
535256	P21554	RQDPQMBLUCPNJT-UHFFFAOYSA-N	Ki	350.0	350.0	nM	,None
535256	P21554	RQDPQMBLUCPNJT-UHFFFAOYSA-N	Ki	3000.0	3000.0	nM	,None
535265	P21554	RSIQHAOMMQESKE-UHFFFAOYSA-N	EC50	0.0	10000.0	nM	,None
535277	P21554	RXPZYWZLGCLKTB-UHFFFAOYSA-N	IC50	6000.0	6000.0	nM	,None
535277	P21554	RXPZYWZLGCLKTB-UHFFFAOYSA-N	Ki	2666.0	2666.0	nM	,None
535282	P21554	SAFPVFNYBFBXRR-UHFFFAOYSA-N	IC50	6000.0	6000.0	nM	,None
535282	P21554	SAFPVFNYBFBXRR-UHFFFAOYSA-N	Ki	6000.0	6000.0	nM	,None
535289	P21554	SBJZQCVDBKSEBS-UHFFFAOYSA-N	EC50	0.0	10000.0	nM	,None
535292	P21554	SCODIYYFUHKDLG-VOTSOKGWSA-N	IC50	0.0	10000.0	nM	22214210
535292	P21554	SCODIYYFUHKDLG-VOTSOKGWSA-N	Ki	0.0	10000.0	nM	22214210
535296	P21554	SDRWZARPOTZJEG-UHFFFAOYSA-N	IC50	5948.0	5948.0	nM	,None
535296	P21554	SDRWZARPOTZJEG-UHFFFAOYSA-N	IC50	6000.0	6000.0	nM	,None
535296	P21554	SDRWZARPOTZJEG-UHFFFAOYSA-N	Ki	3000.0	3000.0	nM	,None
535296	P21554	SDRWZARPOTZJEG-UHFFFAOYSA-N	Ki	3266.0	3266.0	nM	,None
535303	P21554	SFRXOSJENFVHGX-UHFFFAOYSA-N	IC50	6000.0	6000.0	nM	,None
535303	P21554	SFRXOSJENFVHGX-UHFFFAOYSA-N	Ki	3000.0	3000.0	nM	,None
535310	P21554	SHLITYBDGWBEJY-UHFFFAOYSA-N	EC50	0.0	10000.0	nM	,None
535316	P21554	SKODUVTZMYQEPO-UHFFFAOYSA-N	EC50	0.0	10000.0	nM	,None
535320	P21554	SLDGCVJPJKAIKR-UHFFFAOYSA-N	EC50	0.0	10000.0	nM	,None
535329	P21554	SPWSCHICTCZHHM-DHZHZOJOSA-N	IC50	0.0	10000.0	nM	22214210
535329	P21554	SPWSCHICTCZHHM-DHZHZOJOSA-N	Ki	0.0	10000.0	nM	22214210
535331	P21554	SQEJNRMIGWJALG-UHFFFAOYSA-N	EC50	0.0	10000.0	nM	,None
535389	P21554	UDIFNJBHNOMEGZ-UHFFFAOYSA-N	EC50	0.0	10000.0	nM	,None
535399	P21554	UHFKWPKIKIECRF-UHFFFAOYSA-N	IC50	459.0	459.0	nM	,None
535399	P21554	UHFKWPKIKIECRF-UHFFFAOYSA-N	Ki	325.0	325.0	nM	,None
535401	P21554	UIXDCOGMNBQWMX-UHFFFAOYSA-N	IC50	6000.0	6000.0	nM	,None
535419	P21554	UNFCUDQYQJZPME-UHFFFAOYSA-N	EC50	0.0	10000.0	nM	,None
535438	P21554	URNGDHWIAIPVHI-UHFFFAOYSA-N	EC50	0.0	10000.0	nM	,None
535441	P21554	URWZDHISFHGIGK-UHFFFAOYSA-N	EC50	0.0	10000.0	nM	,None
535468	P21554	VBQIKKSINPDZQB-UHFFFAOYSA-N	EC50	0.0	10000.0	nM	,None
535490	P21554	VILDYRPHBJOOHE-UHFFFAOYSA-N	EC50	0.0	10000.0	nM	,None
535522	P21554	VTCPLEHKZNJKRG-UHFFFAOYSA-N	EC50	0.0	10000.0	nM	,None
535530	P21554	VUWGXWAIZUHSAU-UHFFFAOYSA-N	EC50	0.0	10000.0	nM	,None
535533	P21554	VVDBGAGVTDFSCQ-UHFFFAOYSA-N	IC50	6000.0	6000.0	nM	,None
535533	P21554	VVDBGAGVTDFSCQ-UHFFFAOYSA-N	Ki	3000.0	3000.0	nM	,None
535536	P21554	VVNQKXPYJXPSBU-UHFFFAOYSA-N	EC50	0.0	10000.0	nM	,None
535538	P21554	VVSLOLQACRQTPX-UHFFFAOYSA-N	EC50	0.0	10000.0	nM	,None
535545	P21554	VXKBXMFXLYCDIQ-UHFFFAOYSA-N	EC50	0.0	10000.0	nM	,None
535548	P21554	VXPVFWWQKMECHG-UHFFFAOYSA-N	EC50	0.0	10000.0	nM	,None
535578	P21554	WHEZWWWYKOUTIX-UHFFFAOYSA-N	EC50	0.0	10000.0	nM	,None
535595	P21554	WLSNQIMVMPGRMV-UHFFFAOYSA-N	EC50	0.0	10000.0	nM	,None
535604	P21554	WOXPSIFPMYUHQL-UHFFFAOYSA-N	EC50	0.0	10000.0	nM	,None
535611	P21554	WQTYHCUSVSTIOQ-UHFFFAOYSA-N	EC50	0.0	10000.0	nM	,None
535616	P21554	WRQZXJQOVFNIMA-UHFFFAOYSA-N	EC50	0.0	10000.0	nM	,None
535623	P21554	WUFFYMJFFZXAGA-UHFFFAOYSA-N	EC50	0.0	10000.0	nM	,None
535627	P21554	WUIOWVONOWXOER-UHFFFAOYSA-N	EC50	0.0	10000.0	nM	,None
535675	P21554	XJSYIXINUKNYBA-UHFFFAOYSA-N	EC50	0.0	10000.0	nM	,None
535706	P21554	XRTKQERZAXKTBR-UHFFFAOYSA-N	IC50	6000.0	6000.0	nM	,None
535706	P21554	XRTKQERZAXKTBR-UHFFFAOYSA-N	Ki	3000.0	3000.0	nM	,None
535720	P21554	XYHIOQUAMAKXCK-UHFFFAOYSA-N	EC50	0.0	10000.0	nM	,None
535751	P21554	YHZCBYJGPPZOGX-UHFFFAOYSA-N	EC50	0.0	10000.0	nM	,None
535777	P21554	YTASQZWAQNJOJP-UHFFFAOYSA-N	EC50	0.0	10000.0	nM	,None
535789	P21554	YUIBOLHUZFTEEH-FNORWQNLSA-N	IC50	0.0	10000.0	nM	22214210
535789	P21554	YUIBOLHUZFTEEH-FNORWQNLSA-N	Ki	0.0	10000.0	nM	22214210
535802	P21554	ZAQBSZZVXZEIRK-UHFFFAOYSA-N	IC50	597.0	597.0	nM	,None
535802	P21554	ZAQBSZZVXZEIRK-UHFFFAOYSA-N	IC50	1420.0	1420.0	nM	,None
535802	P21554	ZAQBSZZVXZEIRK-UHFFFAOYSA-N	Ki	364.0	364.0	nM	,None
535802	P21554	ZAQBSZZVXZEIRK-UHFFFAOYSA-N	Ki	813.0	813.0	nM	,None
535820	P21554	ZFDBVMXVHYPTPZ-UHFFFAOYSA-N	EC50	0.0	10000.0	nM	,None
535853	P21554	ZPJVXRDBAQKRAM-UHFFFAOYSA-N	EC50	0.0	10000.0	nM	,None
535887	P21554	ZXYRRXDYYVFHPC-UHFFFAOYSA-N	EC50	0.0	10000.0	nM	,None
535937	P21554	ABNXKNCXFQSSMP-KRWDZBQOSA-N	EC50	0.0	10000.0	nM	,None
535939	P21554	ABPJEFWXJYLSSK-ZDUSSCGKSA-N	EC50	0.0	10000.0	nM	,None
535971	P21554	ACYOKFLYYBAFPS-UHFFFAOYSA-N	EC50	29.0	29.0	nM	,None
535978	P21554	ADHFKNOBBGUGEH-UHFFFAOYSA-N	EC50	0.0	10000.0	nM	,None
535982	P21554	ADNNPVPDDDEXAN-UHFFFAOYSA-N	EC50	16.0	16.0	nM	
535987	P21554	ADTMHUMMYNNSMI-UHFFFAOYSA-N	EC50	3499.0	3499.0	nM	
536000	P21554	AEHRKAGHJINENK-UHFFFAOYSA-N	EC50	0.0	10000.0	nM	
536002	P21554	AEIRXXZCCCQMDL-UHFFFAOYSA-N	EC50	98.0	98.0	nM	
536007	P21554	AELZTFHFDZRLAS-UHFFFAOYSA-N	EC50	327.7	327.7	nM	
536010	P21554	AEPJBNFEMSLARU-UHFFFAOYSA-N	EC50	894.0	894.0	nM	
536032	P21554	AFGZGJOVIOJIEQ-UHFFFAOYSA-N	EC50	0.0	10000.0	nM	
536044	P21554	AFRYRJCCWKDGGX-UHFFFAOYSA-N	EC50	14.0	14.0	nM	
536059	P21554	AGFOWDLWXFQXDY-WFASDCNBSA-N	EC50	0.0	10000.0	nM	,None
536060	P21554	AGFWCFSZHJHACI-UHFFFAOYSA-N	EC50	23.0	23.0	nM	
536063	P21554	AGJKVMIRCQYVFG-UHFFFAOYSA-N	EC50	17.0	17.0	nM	
536090	P21554	AHXHLHDSESGHBO-VQVVDHBBSA-N	EC50	0.0	10000.0	nM	,None
536116	P21554	AJIZXUZOUWAHIX-UHFFFAOYSA-N	EC50	2245.0	2245.0	nM	
536148	P21554	AJOHAVGZPMQANB-UHFFFAOYSA-N	EC50	499.0	499.0	nM	
536153	P21554	AJPZEUNTFQYCSD-UHFFFAOYSA-N	EC50	7800.0	7800.0	nM	
536182	P21554	ALCGUJMVZTWRKB-IBGZPJMESA-N	EC50	0.0	10000.0	nM	,None
536202	P21554	AMDKVUYZLMDDAS-KRWDZBQOSA-N	EC50	0.0	10000.0	nM	,None
536202	P21554	AMDKVUYZLMDDAS-KRWDZBQOSA-N	EC50	260.0	260.0	nM	None
536204	P21554	AMDKVUYZLMDDAS-UHFFFAOYSA-N	EC50	1632.6	1632.6	nM	,None
536218	P21554	AMPALMGOEWMKIA-UHFFFAOYSA-N	EC50	0.0	10000.0	nM	,None
536226	P21554	AMTWXRRTXOFLMD-UHFFFAOYSA-N	EC50	0.0	10000.0	nM	,None
536230	P21554	AMWGNLHUKCGUMT-UHFFFAOYSA-N	EC50	14.0	14.0	nM	
536241	P21554	ANLGHNQNIPRBQB-UHFFFAOYSA-N	EC50	716.0	716.0	nM	
536250	P21554	AODJRMWUULMSHS-AWEZNQCLSA-N	EC50	0.0	10000.0	nM	,None
536262	P21554	AOVURRNGIQSSMJ-UHFFFAOYSA-N	EC50	15.0	15.0	nM	
536274	P21554	APFGBBFAQCAZHR-UHFFFAOYSA-N	EC50	0.0	10000.0	nM	,None
536284	P21554	APUABHWPSMMJPZ-VIFPVBQESA-N	EC50	0.0	10000.0	nM	,None
536290	P21554	AQBSFPKMGMIOKK-UHFFFAOYSA-N	EC50	0.0	10000.0	nM	,None
536300	P21554	AQJZAPVIRQPNRL-UHFFFAOYSA-N	EC50	2915.0	2915.0	nM	
536308	P21554	AQMXYUZTUBYUNT-HNNXBMFYSA-N	EC50	0.0	10000.0	nM	,None
536327	P21554	ARZZJNIMXKTWAW-UHFFFAOYSA-N	EC50	0.0	10000.0	nM	
536335	P21554	ASHAGZNARVRZGL-REMYURHQSA-N	Ki	0.0	10000.0	nM	26756097
536338	P21554	ASMGXYRKSILTNL-JTQLQIEISA-N	EC50	0.0	10000.0	nM	,None
536341	P21554	ASQSGISVVFCHTC-UHFFFAOYSA-N	EC50	122.0	122.0	nM	,None
536351	P21554	ASZOUZRXODRYAG-UHFFFAOYSA-N	EC50	0.0	10000.0	nM	
536366	P21554	AUENSHQKGCMLFH-UHFFFAOYSA-N	EC50	7.0	7.0	nM	
536380	P21554	AVFBXUVACSSJLH-HNNXBMFYSA-N	EC50	0.0	10000.0	nM	,None
536398	P21554	AWOMCJQUSBLGCD-UHFFFAOYSA-N	EC50	7.0	7.0	nM	
536416	P21554	AXHCGIXHCAGTDS-UHFFFAOYSA-N	EC50	6.0	6.0	nM	
536416	P21554	AXHCGIXHCAGTDS-UHFFFAOYSA-N	EC50	7.0	7.0	nM	
536439	P21554	AYNHXJSSEVMAIE-UHFFFAOYSA-N	EC50	0.0	10000.0	nM	
536441	P21554	AYORGTGGCZGIEP-SFHVURJKSA-N	EC50	0.0	10000.0	nM	,None
536446	P21554	AZBBXJHCCUGKRU-UHFFFAOYSA-N	EC50	580.0	580.0	nM	
536463	P21554	BAGYVUOKBZQDNO-UHFFFAOYSA-N	EC50	0.0	10000.0	nM	
536463	P21554	BAGYVUOKBZQDNO-UHFFFAOYSA-N	EC50	5500.0	5500.0	nM	
536490	P21554	BCNUMCBGELBBFV-VQVVDHBBSA-N	EC50	0.0	10000.0	nM	,None
536498	P21554	BCZCFVPVLYJKQO-KRWDZBQOSA-N	EC50	0.0	10000.0	nM	,None
536509	P21554	BDNJFEGBHVEIHB-VOTSOKGWSA-N	EC50	223.4	223.4	nM	,None
536509	P21554	BDNJFEGBHVEIHB-VOTSOKGWSA-N	EC50	5482.0	5482.0	nM	,None
536522	P21554	BEFWYSPPWMELNC-UHFFFAOYSA-N	EC50	98.0	98.0	nM	
536525	P21554	BEKJMTNABVDZDG-UHFFFAOYSA-N	EC50	0.0	10000.0	nM	
536528	P21554	BELHZNFDLAQKHV-UHFFFAOYSA-N	EC50	0.0	10000.0	nM	
536536	P21554	BEWRXABKOWUYAU-UHFFFAOYSA-N	EC50	0.0	10000.0	nM	,None
536540	P21554	BEXALTCHKWQAJW-HNNXBMFYSA-N	EC50	0.0	10000.0	nM	,None
536553	P21554	BFGOIWIWBOJNLX-UHFFFAOYSA-N	EC50	0.0	10000.0	nM	,None
536576	P21554	BGPAYMBKNDQBHJ-UHFFFAOYSA-N	EC50	39.0	39.0	nM	
536581	P21554	BHARWYGADBALNN-UHFFFAOYSA-N	EC50	4.0	4.0	nM	
536583	P21554	BHAYSBUXZPLWPB-UHFFFAOYSA-N	EC50	16.0	16.0	nM	
536584	P21554	BHCMCBKUZGCSLG-UHFFFAOYSA-N	EC50	10.0	10.0	nM	
536600	P21554	BHXDCIAWZJHAND-UHFFFAOYSA-N	EC50	0.0	10000.0	nM	
536605	P21554	BHZYUKRLIPVVFT-HNNXBMFYSA-N	EC50	0.0	10000.0	nM	,None
536639	P21554	BJQCHHZCXNQQLO-UHFFFAOYSA-N	EC50	0.0	10000.0	nM	
536655	P21554	BKAHNXSOCAHFMX-UHFFFAOYSA-N	EC50	9.0	9.0	nM	
536656	P21554	BKCUVGNUJXJYBT-UHFFFAOYSA-N	EC50	31.0	31.0	nM	
536664	P21554	BKMPZYKSDPNMGZ-UHFFFAOYSA-N	EC50	0.0	10000.0	nM	,None
536687	P21554	BLPDVGIRYKPUDW-UHFFFAOYSA-N	EC50	0.0	10000.0	nM	,None
536689	P21554	BLQKJVAQYWOWIC-UHFFFAOYSA-N	EC50	77.0	77.0	nM	
536705	P21554	BNIHQVDQNDGOEY-FZMZJTMJSA-N	EC50	0.0	10000.0	nM	,None
536716	P21554	BNTXMHXUMOVDTP-BQYQJAHWSA-N	EC50	342.0	342.0	nM	,None
536716	P21554	BNTXMHXUMOVDTP-BQYQJAHWSA-N	EC50	1866.0	1866.0	nM	,None
536721	P21554	BOEABVAKFNOHKB-UHFFFAOYSA-N	EC50	0.0	10000.0	nM	,None
536727	P21554	BONGFSUYZOWHMI-UHFFFAOYSA-N	EC50	0.0	10000.0	nM	,None
536734	P21554	BORVGRBAWLPWHM-UHFFFAOYSA-N	EC50	0.0	10000.0	nM	
536741	P21554	BPNZUKATIJOASY-UHFFFAOYSA-N	EC50	0.0	10000.0	nM	
536760	P21554	BQLPREBYTLWFAU-UHFFFAOYSA-N	EC50	190.0	190.0	nM	,None
536768	P21554	BQYIWQYVMSQGMA-UHFFFAOYSA-N	EC50	0.0	10000.0	nM	,None
536774	P21554	BRHIXCPIRLBPSL-UHFFFAOYSA-N	EC50	4815.0	4815.0	nM	
536777	P21554	BRIJUAPUKKFXSF-HNNXBMFYSA-N	EC50	0.0	10000.0	nM	,None
536779	P21554	BRIJUAPUKKFXSF-UHFFFAOYSA-N	EC50	0.0	10000.0	nM	,None
536813	P21554	BSECRFPXHQUWKY-INIZCTEOSA-N	EC50	0.0	10000.0	nM	,None
536839	P21554	BUBQXNMRMURGFO-UHFFFAOYSA-N	EC50	0.0	10000.0	nM	
536843	P21554	BUEUPOOWRHPXGV-AWEZNQCLSA-N	EC50	0.0	10000.0	nM	,None
536851	P21554	BUQLHKBWASSJTJ-UHFFFAOYSA-N	EC50	106.0	106.0	nM	
536871	P21554	BVXIXFYEEHYVPR-UHFFFAOYSA-N	EC50	0.0	10000.0	nM	,None
536873	P21554	BVXONPWYFNTFEV-UHFFFAOYSA-N	EC50	0.0	10000.0	nM	,None
536879	P21554	BWIKOKDINCKYTF-KRWDZBQOSA-N	EC50	0.0	10000.0	nM	,None
536892	P21554	BXFMOAXFDYJSGC-UHFFFAOYSA-N	IC50	4500.0	4500.0	nM	27560280
536892	P21554	BXFMOAXFDYJSGC-UHFFFAOYSA-N	Inhibition	0.0	50.0	%	27560280
536892	P21554	BXFMOAXFDYJSGC-UHFFFAOYSA-N	Ki	2700.0	2700.0	nM	27560280
536916	P21554	BZAFJWJNAUGVEN-UHFFFAOYSA-N	EC50	0.0	10000.0	nM	,None
536922	P21554	BZKRNMIFICHTGP-UHFFFAOYSA-N	EC50	2.0	2.0	nM	
536949	P21554	CBCSOQHQCIRMSH-UHFFFAOYSA-N	EC50	518.4	518.4	nM	,None
536955	P21554	CBKXKEPJCRMBDC-UHFFFAOYSA-N	EC50	216.0	216.0	nM	
536960	P21554	CBQRZBXNKYYYEB-UHFFFAOYSA-N	Inhibition	0.0	50.0	%	27448919
536960	P21554	CBQRZBXNKYYYEB-UHFFFAOYSA-N	Ki	0.0	10000.0	nM	27448919
536987	P21554	CCPFUBICCMMZDG-UHFFFAOYSA-N	EC50	0.0	10000.0	nM	
537011	P21554	CDYVTVLXEWMCHU-UHFFFAOYSA-N	Inhibition	0.0	50.0	%	27448919
537011	P21554	CDYVTVLXEWMCHU-UHFFFAOYSA-N	Ki	0.0	10000.0	nM	27448919
537046	P21554	CGQUCWYHTAARRN-OZBJMMHXSA-N	EC50	0.0	10000.0	nM	,None
537062	P21554	CHSZRVYDDNLAMF-UHFFFAOYSA-N	EC50	0.0	10000.0	nM	,None
537080	P21554	CIRVCSCFJALBOH-UHFFFAOYSA-N	Inhibition	0.0	50.0	%	27448919
537080	P21554	CIRVCSCFJALBOH-UHFFFAOYSA-N	Ki	0.0	10000.0	nM	27448919
537095	P21554	CJENIGFJMKXURX-UHFFFAOYSA-N	EC50	0.0	10000.0	nM	
537118	P21554	CKOLYXUHAIOYDP-UHFFFAOYSA-N	EC50	3.0	3.0	nM	
537137	P21554	CLLVWEHNEANLDH-INIZCTEOSA-N	EC50	0.0	10000.0	nM	None
537137	P21554	CLLVWEHNEANLDH-INIZCTEOSA-N	EC50	6980.0	6980.0	nM	,None
537141	P21554	CLVRLEZFLMKDMP-UHFFFAOYSA-N	EC50	0.0	10000.0	nM	,None
537158	P21554	CNGJPRQBRBBAAX-UHFFFAOYSA-N	EC50	0.0	10000.0	nM	
537177	P21554	COPSTCBNWLVZAK-UHFFFAOYSA-N	EC50	0.0	10000.0	nM	,None
537179	P21554	CORNCQBVBCDEEP-APDXDRDNSA-N	EC50	480.0	480.0	nM	,None
537190	P21554	COYOROFWIHPEIU-HNNXBMFYSA-N	EC50	0.0	10000.0	nM	,None
537199	P21554	CPPNFVSJYCMUPR-UHFFFAOYSA-N	IC50	1639.0	1639.0	nM	,None
537199	P21554	CPPNFVSJYCMUPR-UHFFFAOYSA-N	IC50	3577.0	3577.0	nM	,None
537199	P21554	CPPNFVSJYCMUPR-UHFFFAOYSA-N	Ki	735.0	735.0	nM	,None
537199	P21554	CPPNFVSJYCMUPR-UHFFFAOYSA-N	Ki	1590.0	1590.0	nM	,None
537203	P21554	CQMBFXNYQDNNFU-UHFFFAOYSA-N	EC50	3199.0	3199.0	nM	
537212	P21554	CQZOUDOOSDLGKR-UHFFFAOYSA-N	EC50	0.0	10000.0	nM	,None
537219	P21554	CRPQSTJXWRIWQJ-UHFFFAOYSA-N	EC50	0.0	10000.0	nM	
537231	P21554	CTGPIYJODYQPII-INIZCTEOSA-N	EC50	0.0	10000.0	nM	,None
537232	P21554	CTMRNVILYKICOA-UHFFFAOYSA-O	EC50	0.0	10000.0	nM	
537247	P21554	CUBFMUJIDHGHON-UHFFFAOYSA-N	EC50	0.0	10000.0	nM	
537267	P21554	CVRMMGKEBFVNRD-UHFFFAOYSA-N	EC50	0.0	10000.0	nM	
537268	P21554	CVUWGPDHDBKCIS-UHFFFAOYSA-N	EC50	2320.4	2320.4	nM	,None
537277	P21554	CWHFOYQGJATTBL-UHFFFAOYSA-N	EC50	0.0	10000.0	nM	,None
537328	P21554	CZKXKEBHIDYZEV-UHFFFAOYSA-N	EC50	0.0	10000.0	nM	
537340	P21554	DAGQHWPAYYKJNB-UHFFFAOYSA-N	EC50	84.0	84.0	nM	
537355	P21554	DARSKUUNJPYBPC-UHFFFAOYSA-N	EC50	0.0	10000.0	nM	
537359	P21554	DBIWISOQKVXGKZ-UHFFFAOYSA-N	EC50	0.0	10000.0	nM	
537365	P21554	DBTZMGIQQIQQMN-UHFFFAOYSA-N	EC50	0.0	10000.0	nM	
537372	P21554	DCEUARWFNHKXCW-INIZCTEOSA-N	EC50	1644.9	1644.9	nM	,None
537373	P21554	DCKCXUNWFYHUHR-UHFFFAOYSA-N	EC50	0.0	10000.0	nM	,None
537375	P21554	DCNVVRADNMZNIR-UHFFFAOYSA-N	EC50	0.0	10000.0	nM	,None
537386	P21554	DCWZLMDUNMSBKK-FQEVSTJZSA-N	EC50	0.0	10000.0	nM	,None
537401	P21554	DDROWFUGYPOEDL-UHFFFAOYSA-N	EC50	0.0	10000.0	nM	,None
537416	P21554	DEWCZXMLLLYQFE-UHFFFAOYSA-N	EC50	146.0	146.0	nM	
537434	P21554	DFXJNNKUOAPQHJ-UHFFFAOYSA-N	EC50	9499.0	9499.0	nM	
537439	P21554	DGGWVAGZDHWTKY-UHFFFAOYSA-N	EC50	0.0	10000.0	nM	,None
537463	P21554	DIPVEINYQKXXNA-UHFFFAOYSA-N	EC50	0.0	10000.0	nM	
537465	P21554	DIQUEKCLWZJPPM-UHFFFAOYSA-N	EC50	23.0	23.0	nM	
537468	P21554	DIUXLOSTTAWMLL-FZMZJTMJSA-N	EC50	0.0	10000.0	nM	,None
537478	P21554	DJRWLGFKUICRDD-IBGZPJMESA-N	EC50	0.0	10000.0	nM	,None
537486	P21554	DKJOVWIADFRKPA-UHFFFAOYSA-N	EC50	0.0	10000.0	nM	
537495	P21554	DLCAJJUINMVOAT-UHFFFAOYSA-N	EC50	0.0	10000.0	nM	,None
537534	P21554	DNODHRHZHANYEO-UHFFFAOYSA-N	EC50	0.0	10000.0	nM	
537536	P21554	DNPZTLHKZAKRJY-UHFFFAOYSA-N	EC50	2465.0	2465.0	nM	
537539	P21554	DNZSDQXNIFTNGE-UHFFFAOYSA-N	EC50	0.0	10000.0	nM	
537593	P21554	DQEUZFKAEPWFOJ-UHFFFAOYSA-N	EC50	3925.0	3925.0	nM	
537597	P21554	DQGNFQJJQBUCMP-UHFFFAOYSA-N	EC50	0.0	10000.0	nM	
537611	P21554	DQNARGNJPTWFMG-UHFFFAOYSA-N	EC50	845.0	845.0	nM	
537617	P21554	DQQLSECXFCMNBF-OYKVQYDMSA-N	EC50	0.0	10000.0	nM	,None
537624	P21554	DRGCKMOASPWYLE-UHFFFAOYSA-N	EC50	0.0	10000.0	nM	
537628	P21554	DRHVVRSXQKWRLY-UHFFFAOYSA-N	EC50	0.0	10000.0	nM	
537635	P21554	DRYLENUACCBLCB-UHFFFAOYSA-N	EC50	729.0	729.0	nM	
537635	P21554	DRYLENUACCBLCB-UHFFFAOYSA-N	EC50	9200.0	9200.0	nM	
537653	P21554	DTMHOAKFSWTBNX-UHFFFAOYSA-N	EC50	474.0	474.0	nM	
537661	P21554	DTUQXJLSDVPMLV-UHFFFAOYSA-N	EC50	10000.0	10000.0	nM	,None
537679	P21554	DUMCWACMACGLJX-UHFFFAOYSA-N	EC50	0.0	10000.0	nM	
537714	P21554	DWGCXRDAZDSRTM-LBPRGKRZSA-N	EC50	0.0	10000.0	nM	,None
537727	P21554	DXDAYTBYHDRSNR-UHFFFAOYSA-N	EC50	34.0	34.0	nM	
537735	P21554	DXILROBLUZOKQD-VOTSOKGWSA-N	EC50	140.0	140.0	nM	,None
537739	P21554	DXTDAKYTMPMKEA-BHWOMJMDSA-N	EC50	0.0	10000.0	nM	,None
537773	P21554	DYTGTMLKFUHAKF-IBGZPJMESA-N	EC50	0.0	10000.0	nM	,None
537782	P21554	DZRUYZCURLYRHS-HNNXBMFYSA-N	EC50	0.0	10000.0	nM	,None
537787	P21554	FACJIODPNQMPJQ-HNNXBMFYSA-N	EC50	0.0	10000.0	nM	,None
537788	P21554	FACJIODPNQMPJQ-UHFFFAOYSA-N	EC50	0.0	10000.0	nM	,None
537829	P21554	FDACUKQNARRBTL-CAOWVPONSA-N	Ki	1895.0	1895.0	nM	26756097
537840	P21554	FDPYXWDFTROEDQ-UHFFFAOYSA-N	EC50	0.0	10000.0	nM	
537858	P21554	FEPDNDUUWQVRQN-UHFFFAOYSA-N	EC50	0.0	10000.0	nM	,None
537884	P21554	FGECUFZKASUBKF-SFHVURJKSA-N	EC50	0.0	10000.0	nM	,None
537895	P21554	FGTMCYGSIWZUJC-HNNXBMFYSA-N	EC50	0.0	10000.0	nM	,None
537896	P21554	FGXBBRWUQGILCI-UHFFFAOYSA-N	EC50	0.0	10000.0	nM	,None
537900	P21554	FGYDWAYMGHZWCA-UHFFFAOYSA-N	EC50	5754.0	5754.0	nM	
537903	P21554	FHCCSAPYZNRLDD-FAQQKDIKSA-N	EC50	0.0	10000.0	nM	,None
537917	P21554	FHSHHVISCGEKQD-UHFFFAOYSA-N	EC50	0.0	2500.0	nM	,None
537917	P21554	FHSHHVISCGEKQD-UHFFFAOYSA-N	EC50	876.0	876.0	nM	,None
537921	P21554	FIAAIGAANUVTAQ-UHFFFAOYSA-N	EC50	0.0	10000.0	nM	
537931	P21554	FIIAFYZJPUJQTM-UHFFFAOYSA-N	EC50	0.0	10000.0	nM	,None
537936	P21554	FIQOZEPHPUNFMD-UHFFFAOYSA-N	EC50	0.0	10000.0	nM	
537943	P21554	FIYDSHDVBQXWDN-HNNXBMFYSA-N	EC50	0.0	10000.0	nM	,None
537945	P21554	FJBNNMGZQMECSV-UHFFFAOYSA-N	EC50	0.0	10000.0	nM	,None
537949	P21554	FJHVEQHZHSLVPQ-UHFFFAOYSA-N	IC50	497.0	497.0	nM	,None
537949	P21554	FJHVEQHZHSLVPQ-UHFFFAOYSA-N	IC50	4751.0	4751.0	nM	,None
537949	P21554	FJHVEQHZHSLVPQ-UHFFFAOYSA-N	Ki	239.0	239.0	nM	,None
537949	P21554	FJHVEQHZHSLVPQ-UHFFFAOYSA-N	Ki	2720.0	2720.0	nM	,None
537960	P21554	FJYSVFKNVWOJJD-UHFFFAOYSA-N	EC50	82.0	82.0	nM	
537963	P21554	FKEYBXFTLKRSTK-ZDUSSCGKSA-N	EC50	0.0	10000.0	nM	,None
537966	P21554	FKHSAPZSWBUDHD-UHFFFAOYSA-N	EC50	11.0	11.0	nM	
537967	P21554	FKIOBWQNOYNSAA-UHFFFAOYSA-N	EC50	0.0	10000.0	nM	,None
537973	P21554	FKUNMUZRADHSGL-UHFFFAOYSA-N	EC50	0.0	10000.0	nM	,None
537992	P21554	FLPDTGMQAJUKQC-UHFFFAOYSA-N	EC50	0.0	10000.0	nM	,None
537992	P21554	FLPDTGMQAJUKQC-UHFFFAOYSA-N	EC50	820.0	820.0	nM	,None
537992	P21554	FLPDTGMQAJUKQC-UHFFFAOYSA-N	EC50	869.0	869.0	nM	,None
538000	P21554	FLVXUOOZOMZARL-SFHVURJKSA-N	EC50	0.0	10000.0	nM	,None
538002	P21554	FMAARUQSIKDGIT-SFHVURJKSA-N	EC50	0.0	10000.0	nM	,None
538008	P21554	FMAWHPLKHITXEF-INIZCTEOSA-N	EC50	0.0	10000.0	nM	,None
538011	P21554	FMDILIZOUSLCFG-UHFFFAOYSA-N	EC50	0.0	10000.0	nM	,None
538055	P21554	FOYFRUCFQNNYIY-UHFFFAOYSA-N	EC50	9.0	9.0	nM	
538097	P21554	FQYBTYOBSYBMCM-UHFFFAOYSA-N	EC50	0.0	10000.0	nM	,None
538102	P21554	FRFNJAPOKUGIRN-UHFFFAOYSA-N	EC50	0.0	10000.0	nM	
538122	P21554	FRWMYAZAWIIHDG-UHFFFAOYSA-N	EC50	0.0	10000.0	nM	
538130	P21554	FSGCSTPOPBJYSX-VEIFNGETSA-N	Ki	9.2	9.2	nM	27448919
538140	P21554	FTABBYLGXFXPFZ-UHFFFAOYSA-N	EC50	0.0	10000.0	nM	
538149	P21554	FTEGLJRBBYXPMZ-UHFFFAOYSA-N	EC50	0.0	10000.0	nM	,None
538165	P21554	FUBOFIXTYZTJCN-PIJUOJQZSA-N	EC50	0.0	10000.0	nM	,None
538174	P21554	FUQYQLYXMWZZJJ-UHFFFAOYSA-N	EC50	41.0	41.0	nM	
538181	P21554	FUXLZPNGWVERON-UHFFFAOYSA-N	EC50	29.0	29.0	nM	
538184	P21554	FVBBTLSXJFALDH-UHFFFAOYSA-N	EC50	64.0	64.0	nM	,None
538203	P21554	FWHJAVWZHBHULC-UHFFFAOYSA-N	EC50	6.0	6.0	nM	
538210	P21554	FWRASCAYGIYQHM-UHFFFAOYSA-N	EC50	0.0	10000.0	nM	,None
538237	P21554	FYHMAXYVHNICNB-UHFFFAOYSA-N	EC50	0.0	10000.0	nM	,None
538255	P21554	FZNKOCPIJSWXRZ-UHFFFAOYSA-N	EC50	52.0	52.0	nM	
538257	P21554	FZQXJJYOPAWXBR-UHFFFAOYSA-N	EC50	0.0	10000.0	nM	
538276	P21554	GATCSQQKAHGUOZ-UHFFFAOYSA-N	EC50	0.0	10000.0	nM	,None
538277	P21554	GATCSQQKAHGUOZ-ZDUSSCGKSA-N	EC50	0.0	10000.0	nM	,None
538313	P21554	GDGZHIWKCMGJAG-UHFFFAOYSA-N	EC50	0.0	10000.0	nM	
538317	P21554	GDMPFDPVDVOJSG-UHFFFAOYSA-N	EC50	0.0	10000.0	nM	
538334	P21554	GEJNQFTWBFAPKN-SFHVURJKSA-N	EC50	0.0	10000.0	nM	,None
538422	P21554	GKLNUSVOHXBWML-UHFFFAOYSA-N	IC50	1100.0	1100.0	nM	27560280
538422	P21554	GKLNUSVOHXBWML-UHFFFAOYSA-N	Inhibition	0.0	50.0	%	27560280
538422	P21554	GKLNUSVOHXBWML-UHFFFAOYSA-N	Ki	700.0	700.0	nM	27560280
538444	P21554	GMODEDFKPMHWPP-IFGYVTRGSA-N	EC50	0.0	10000.0	nM	,None
538462	P21554	GNRWXFLGIIAAIR-UHFFFAOYSA-N	EC50	799.0	799.0	nM	
538481	P21554	GOQJWCPCYCIAMJ-LBPRGKRZSA-N	EC50	0.0	10000.0	nM	,None
538497	P21554	GPJZHVCOLPLEEX-UHFFFAOYSA-N	EC50	8.0	8.0	nM	
538507	P21554	GQUNMQSEAODYNV-UHFFFAOYSA-N	EC50	647.5	647.5	nM	,None
538514	P21554	GRCCRCIRSYGQEF-UHFFFAOYSA-N	EC50	0.0	10000.0	nM	,None
538516	P21554	GRCCTSKNHXJORL-UHFFFAOYSA-N	EC50	2.0	2.0	nM	
538516	P21554	GRCCTSKNHXJORL-UHFFFAOYSA-N	EC50	12.0	12.0	nM	
538516	P21554	GRCCTSKNHXJORL-UHFFFAOYSA-N	EC50	624.0	624.0	nM	
538542	P21554	GSJSAESQRUTJSU-UHFFFAOYSA-N	EC50	0.0	10000.0	nM	
538544	P21554	GSSSDWMHVUJZIY-UHFFFAOYSA-N	EC50	0.0	10000.0	nM	
538577	P21554	GUBZREBIEPAYBB-UHFFFAOYSA-N	EC50	0.0	10000.0	nM	
538590	P21554	GUSKDDGZTQEDCK-AWEZNQCLSA-N	EC50	0.0	10000.0	nM	,None
538595	P21554	GVEPGDZAQOFWPS-HNNXBMFYSA-N	EC50	0.0	10000.0	nM	,None
538597	P21554	GVEPGDZAQOFWPS-UHFFFAOYSA-N	EC50	0.0	10000.0	nM	,None
538669	P21554	HATNBGQKIBHLOZ-UHFFFAOYSA-N	EC50	0.0	10000.0	nM	
538687	P21554	HBFCIHHOWFMFFT-FQEVSTJZSA-N	EC50	59.0	59.0	nM	,None
538700	P21554	HBXAPYSYOARHHW-PMACEKPBSA-N	EC50	0.0	10000.0	nM	,None
538727	P21554	HDBLJKNAWUHBNB-UHFFFAOYSA-N	EC50	5299.0	5299.0	nM	
538733	P21554	HDVMHXOEYWYEMX-SNAWJCMRSA-N	EC50	497.0	497.0	nM	,None
538741	P21554	HEGCRWHXZDDLQX-LBPRGKRZSA-N	EC50	0.0	10000.0	nM	,None
538745	P21554	HEKVBAUMJFZDSE-UHFFFAOYSA-N	IC50	961.0	961.0	nM	,None
538745	P21554	HEKVBAUMJFZDSE-UHFFFAOYSA-N	Ki	426.0	426.0	nM	,None
538748	P21554	HENXHPDWLKXPPX-UHFFFAOYSA-N	EC50	0.0	10000.0	nM	,None
538754	P21554	HETHTXFPJGGKQC-UHFFFAOYSA-N	IC50	0.0	10000.0	nM	27560280
538754	P21554	HETHTXFPJGGKQC-UHFFFAOYSA-N	Inhibition	0.0	50.0	%	27560280
538754	P21554	HETHTXFPJGGKQC-UHFFFAOYSA-N	Ki	0.0	10000.0	nM	27560280
538760	P21554	HFEPWKMWODBFMR-VIFPVBQESA-N	EC50	0.0	10000.0	nM	,None
538769	P21554	HFHWHUCHYOJHNQ-UHFFFAOYSA-N	EC50	446.0	446.0	nM	
538775	P21554	HFLWRZYRUVSOGP-UHFFFAOYSA-N	EC50	60.0	60.0	nM	
538776	P21554	HFQIXSJGSFSITI-PKHIMPSTSA-N	EC50	0.0	10000.0	nM	,None
538782	P21554	HFWDEOIURPVDRC-UHFFFAOYSA-N	EC50	19.0	19.0	nM	
538828	P21554	HIIMUTITXSDGLG-LBPRGKRZSA-N	EC50	0.0	10000.0	nM	,None
538829	P21554	HILMQIKQSRPXBZ-UHFFFAOYSA-N	IC50	530.0	530.0	nM	,None
538829	P21554	HILMQIKQSRPXBZ-UHFFFAOYSA-N	IC50	3076.0	3076.0	nM	,None
538829	P21554	HILMQIKQSRPXBZ-UHFFFAOYSA-N	Ki	324.0	324.0	nM	,None
538829	P21554	HILMQIKQSRPXBZ-UHFFFAOYSA-N	Ki	1761.0	1761.0	nM	,None
538835	P21554	HIRINKHJHLEVAH-KRWDZBQOSA-N	EC50	0.0	10000.0	nM	,None
538842	P21554	HIWHYEQXMFVERK-UHFFFAOYSA-N	EC50	676.6	676.6	nM	
538858	P21554	HJQNMHKMGKQIHF-UHFFFAOYSA-N	EC50	13.0	13.0	nM	
538860	P21554	HJXHBHKCMLVDIG-UHFFFAOYSA-N	EC50	0.0	10000.0	nM	
538861	P21554	HKAZHPDEJCQSPU-UHFFFAOYSA-N	EC50	0.0	10000.0	nM	
538869	P21554	HKMPBZOCSOFOOK-UHFFFAOYSA-N	EC50	3.0	3.0	nM	
538876	P21554	HKSOFKAHQNEZTG-UHFFFAOYSA-N	EC50	40.0	40.0	nM	
538886	P21554	HLHRAMDNQWPOKV-UHFFFAOYSA-N	EC50	15.0	15.0	nM	
538901	P21554	HLXOQCNUBSBMPR-CUVJYRNJSA-N	EC50	0.0	10000.0	nM	,None
538926	P21554	HMZTUFCELKFTQF-NRFANRHFSA-N	EC50	0.0	10000.0	nM	None
538926	P21554	HMZTUFCELKFTQF-NRFANRHFSA-N	EC50	181.0	181.0	nM	,None
538937	P21554	HNGZPKOTRIIVCO-UHFFFAOYSA-N	EC50	68.0	68.0	nM	
538947	P21554	HNYCOYGEDIVKPX-LPPKFQCHSA-N	Ki	1852.0	1852.0	nM	27078864
538952	P21554	HOCITZAZEQQSKB-UHFFFAOYSA-N	EC50	0.0	10000.0	nM	,None
538970	P21554	HOSJNBAUCXSAAF-UHFFFAOYSA-N	Inhibition	0.0	50.0	%	27448919
538970	P21554	HOSJNBAUCXSAAF-UHFFFAOYSA-N	Ki	0.0	10000.0	nM	27448919
538993	P21554	HPUXGDUEYWCWJU-UHFFFAOYSA-N	EC50	204.0	204.0	nM	,None
539012	P21554	HRBJPGNHRKGVGM-STQMWFEESA-N	EC50	0.0	10000.0	nM	,None
539031	P21554	HRXKDHYLBXTKDE-UHFFFAOYSA-N	EC50	446.0	446.0	nM	
539042	P21554	HSLAPTFRRXIYKT-YOYKQTLTSA-N	Ki	1070.0	1070.0	nM	27078864
539048	P21554	HSSVLTVLDQIALV-VOTSOKGWSA-N	EC50	333.0	333.0	nM	,None
539051	P21554	HSVIFUITJOHLOK-UHFFFAOYSA-N	EC50	0.0	10000.0	nM	,None
539052	P21554	HSWSMMPLNSVOKF-ACXJOVJBSA-N	EC50	6.0	6.0	nM	27671496
539052	P21554	HSWSMMPLNSVOKF-ACXJOVJBSA-N	EC50	6.0	6.0	nM	27671496
539086	P21554	HUNPNGZNMABNTD-UHFFFAOYSA-N	Inhibition	0.0	50.0	%	27448919
539086	P21554	HUNPNGZNMABNTD-UHFFFAOYSA-N	Ki	0.0	10000.0	nM	27448919
539092	P21554	HUQMYKIOYJNAAO-UHFFFAOYSA-N	EC50	0.0	10000.0	nM	,None
539096	P21554	HUULUUCBMIHFIG-UHFFFAOYSA-N	EC50	179.0	179.0	nM	
539097	P21554	HUWHXCHMJDPPHM-SFHVURJKSA-N	EC50	0.0	10000.0	nM	,None
539101	P21554	HUYCJLKJNDUROA-INIZCTEOSA-N	EC50	150.7	150.7	nM	,None
539119	P21554	HWDNHKLNJLNUJV-UHFFFAOYSA-N	EC50	23.0	23.0	nM	
539124	P21554	HWFRYNQHOHFLGR-UHFFFAOYSA-N	EC50	0.0	10000.0	nM	,None
539130	P21554	HWKKDEJOGXDYCL-IBGZPJMESA-N	EC50	0.0	10000.0	nM	,None
539132	P21554	HWKKDEJOGXDYCL-UHFFFAOYSA-N	EC50	0.0	10000.0	nM	,None
539154	P21554	HXKKICPARJOEFG-UHFFFAOYSA-N	EC50	0.0	10000.0	nM	
539163	P21554	HXTVBFCYIHZIFC-UHFFFAOYSA-N	EC50	0.0	10000.0	nM	,None
539164	P21554	HXVJXXLXXFFKTK-UHFFFAOYSA-N	EC50	0.0	10000.0	nM	,None
539167	P21554	HXYXANNZONXUSB-UHFFFAOYSA-N	EC50	1497.1	1497.1	nM	
539175	P21554	HYMJABJBKKQWCX-VOTSOKGWSA-N	EC50	169.0	169.0	nM	,None
539177	P21554	HYMPXNQTRBUGCF-UHFFFAOYSA-N	EC50	71.0	71.0	nM	,None
539187	P21554	HYTQLVQAXRNXKA-HNNXBMFYSA-N	EC50	0.0	10000.0	nM	,None
539228	P21554	IAGAWQPSKKXCQD-UHFFFAOYSA-N	EC50	0.0	10000.0	nM	
539266	P21554	ICEOHRBMGFQOBT-UHFFFAOYSA-N	EC50	0.0	10000.0	nM	
539270	P21554	ICJYUROWNNFIIF-UHFFFAOYSA-N	EC50	0.0	10000.0	nM	
539272	P21554	ICKCVIQXRDRPTI-UHFFFAOYSA-N	EC50	0.0	10000.0	nM	
539280	P21554	IDETYHWNJKLEFE-FQEVSTJZSA-N	EC50	0.0	10000.0	nM	,None
539284	P21554	IDMHYNGEEYMJAY-KRWDZBQOSA-N	EC50	0.0	10000.0	nM	,None
539291	P21554	IDVGLNUYQRWZHG-VIFPVBQESA-N	EC50	0.0	10000.0	nM	,None
539296	P21554	IEBXNWPNOWYANT-UHFFFAOYSA-N	EC50	227.0	227.0	nM	
539325	P21554	IGMWBPXTFMABIW-UCFQLCGUSA-N	Ki	108.0	108.0	nM	26756097
539333	P21554	IGVNKCIJORHOQN-LNWTWIFDSA-N	Ki	0.0	10000.0	nM	26756097
539335	P21554	IGWAAMSVCGBVKT-UHFFFAOYSA-N	EC50	0.0	10000.0	nM	
539349	P21554	IHUNDGBSXKEALL-UHFFFAOYSA-N	EC50	920.0	920.0	nM	
539351	P21554	IHVNIYBPPRFFEB-BHWOMJMDSA-N	EC50	952.9	952.9	nM	,None
539371	P21554	IIXQCCIWCVMFMA-UHFFFAOYSA-N	EC50	1.0	1.0	nM	
539395	P21554	IJYVQLCWSTUZBK-UHFFFAOYSA-N	EC50	0.0	10000.0	nM	,None
539406	P21554	IKOARKFDTLIYHM-UHFFFAOYSA-N	EC50	14.0	14.0	nM	,None
539437	P21554	IMCFTIXFHOBIDA-UHFFFAOYSA-N	EC50	4.0	4.0	nM	
539441	P21554	IMMUFOLFKYAARW-JRZJBTRGSA-N	EC50	703.2	703.2	nM	,None
539448	P21554	IMTVIRPPWNFPJA-UHFFFAOYSA-N	EC50	165.0	165.0	nM	
539457	P21554	IMYYXVPLFPMRSG-SFHVURJKSA-N	EC50	1457.2	1457.2	nM	,None
539459	P21554	INCZAGVHFAIWJO-UHFFFAOYSA-N	EC50	0.0	10000.0	nM	
539468	P21554	INPYCKYXTOBPAB-UHFFFAOYSA-N	Inhibition	0.0	50.0	%	27448919
539468	P21554	INPYCKYXTOBPAB-UHFFFAOYSA-N	Ki	0.0	10000.0	nM	27448919
539487	P21554	IOQQQQVNNDAJFX-MYHCZTBNSA-N	EC50	0.0	10000.0	nM	,None
539492	P21554	IOTYEWWHGCPISM-UHFFFAOYSA-N	EC50	0.0	10000.0	nM	
539502	P21554	IPEYECPROCWTTM-UHFFFAOYSA-N	EC50	0.0	10000.0	nM	
539538	P21554	IQPFRZNGBKWEBY-UHFFFAOYSA-N	EC50	5.0	5.0	nM	
539554	P21554	IRVUCLHDPIPUDE-UHFFFAOYSA-N	EC50	0.0	10000.0	nM	
539565	P21554	ISMFUBFKPVBDDF-HNNXBMFYSA-N	EC50	0.0	10000.0	nM	,None
539586	P21554	ITOGHYZTENTIKO-UHFFFAOYSA-N	EC50	740.6	740.6	nM	
539590	P21554	ITQKLJTVQXSGEF-UHFFFAOYSA-N	EC50	0.0	10000.0	nM	,None
539595	P21554	ITTNEXCTVBOIDG-UHFFFAOYSA-N	EC50	72.0	72.0	nM	
539603	P21554	ITZSSVBCGHINKH-SFHVURJKSA-N	EC50	0.0	10000.0	nM	,None
539620	P21554	IVFWRASURDTRKM-UHFFFAOYSA-N	EC50	9.0	9.0	nM	
539629	P21554	IVRTZDOMRFSJNK-UHFFFAOYSA-N	EC50	0.0	10000.0	nM	,None
539632	P21554	IVTYTAZPUGYLOH-INIZCTEOSA-N	EC50	0.0	10000.0	nM	,None
539637	P21554	IWAMAJXNDCWVLH-UHFFFAOYSA-N	EC50	0.0	10000.0	nM	
539647	P21554	IWKXHQACBUEQKQ-UHFFFAOYSA-N	EC50	14.0	14.0	nM	
539651	P21554	IWRKTSVEBQDGHV-UHFFFAOYSA-N	EC50	2149.0	2149.0	nM	
539653	P21554	IWSRAXRHKDCARK-UHFFFAOYSA-N	IC50	6000.0	6000.0	nM	,None
539653	P21554	IWSRAXRHKDCARK-UHFFFAOYSA-N	Ki	2680.0	2680.0	nM	,None
539667	P21554	IXHAARFCUFFFNK-UHFFFAOYSA-N	EC50	0.0	10000.0	nM	
539686	P21554	IYPSOOSCLWKOPI-INIZCTEOSA-N	EC50	0.0	10000.0	nM	,None
539699	P21554	IZOHUZVWJNERDB-UHFFFAOYSA-N	EC50	0.0	10000.0	nM	
539702	P21554	IZRFPZHYOUDMFS-UHFFFAOYSA-N	EC50	5292.0	5292.0	nM	
539726	P21554	JAVGJXJWGQAMNW-UHFFFAOYSA-N	EC50	5.0	5.0	nM	
539737	P21554	JBICGUZKERYLOH-UHFFFAOYSA-N	EC50	0.0	10000.0	nM	,None
539739	P21554	JBITUJBXVVXAPX-UHFFFAOYSA-N	EC50	6.0	6.0	nM	
539746	P21554	JBMWLLDBCAQPSM-UHFFFAOYSA-N	EC50	112.0	112.0	nM	
539767	P21554	JCKCOPHONJRQBN-UHFFFAOYSA-N	EC50	222.0	222.0	nM	
539777	P21554	JCVJZDVVPPCHQR-UHFFFAOYSA-N	EC50	14.0	14.0	nM	
539810	P21554	JEHXIKJUYGBUIV-BQYQJAHWSA-N	EC50	326.0	326.0	nM	,None
539814	P21554	JESODVLFBQRLBY-UHFFFAOYSA-N	EC50	0.0	10000.0	nM	,None
539824	P21554	JFEBOMAICIPVBA-UHFFFAOYSA-N	EC50	0.0	10000.0	nM	
539830	P21554	JFFGGKAWCNRCOT-UHFFFAOYSA-N	EC50	5.0	5.0	nM	
539830	P21554	JFFGGKAWCNRCOT-UHFFFAOYSA-N	EC50	7.0	7.0	nM	
539846	P21554	JGMBEPRRCCMDEG-UHFFFAOYSA-N	EC50	0.0	10000.0	nM	,None
539870	P21554	JICLKXNLNMPGGI-UHFFFAOYSA-N	EC50	0.0	10000.0	nM	
539881	P21554	JIUYQCMEOQFPDW-UHFFFAOYSA-N	EC50	17.0	17.0	nM	
539887	P21554	JJACVRNLYFRCLO-UHFFFAOYSA-N	EC50	85.0	85.0	nM	
539939	P21554	JMFXJJLJHCBVMO-UHFFFAOYSA-N	EC50	51.0	51.0	nM	
539951	P21554	JMSFUVXXVBTXLW-UHFFFAOYSA-N	EC50	12.0	12.0	nM	
539962	P21554	JNNDMPVOBHBNPQ-UHFFFAOYSA-N	EC50	5.0	5.0	nM	
539963	P21554	JNQAIADWINAWLA-UHFFFAOYSA-N	EC50	0.0	10000.0	nM	,None
539967	P21554	JNWQBXIJVLIUBQ-SFHVURJKSA-N	EC50	0.0	10000.0	nM	,None
539969	P21554	JNWQBXIJVLIUBQ-UHFFFAOYSA-N	EC50	0.0	10000.0	nM	,None
539979	P21554	JOLDAOATYHKDBL-UHFFFAOYSA-N	EC50	1233.0	1233.0	nM	
539982	P21554	JONIPRHLQFCBNV-UHFFFAOYSA-N	EC50	0.0	10000.0	nM	,None
539991	P21554	JPBYGKVFMVFROO-UHFFFAOYSA-N	EC50	0.0	10000.0	nM	,None
539995	P21554	JPLIOCNOVARHTH-UHFFFAOYSA-N	EC50	0.0	10000.0	nM	,None
539997	P21554	JPMCDCIANNBKAA-UHFFFAOYSA-N	EC50	32.0	32.0	nM	
540038	P21554	JQWZJFUKJGRGIW-UHFFFAOYSA-N	EC50	0.0	10000.0	nM	
540040	P21554	JRBIJWICGJFEHP-AWEZNQCLSA-N	EC50	0.0	10000.0	nM	,None
540043	P21554	JRGRNZVIXUACGG-AWEZNQCLSA-N	EC50	0.0	10000.0	nM	,None
540060	P21554	JSGVZTSNJJSVCA-INIZCTEOSA-N	EC50	0.0	10000.0	nM	,None
540061	P21554	JSGVZTSNJJSVCA-UHFFFAOYSA-N	EC50	0.0	10000.0	nM	,None
540076	P21554	JTBMTLQPRDBTQC-UHFFFAOYSA-N	EC50	0.0	10000.0	nM	
540078	P21554	JTDKRJSOKDUSEK-UHFFFAOYSA-N	EC50	0.0	10000.0	nM	,None
540092	P21554	JUBNPGVYIDPNSK-MYHCZTBNSA-N	EC50	0.0	10000.0	nM	,None
540101	P21554	JUPWRNWZZXBOGG-UHFFFAOYSA-N	EC50	41.0	41.0	nM	
540104	P21554	JUZOJWJEILOEFD-UHFFFAOYSA-N	EC50	0.0	10000.0	nM	
540116	P21554	JVKTXHGUJMNDBJ-HNNXBMFYSA-N	EC50	0.0	10000.0	nM	,None
540117	P21554	JVKTXHGUJMNDBJ-UHFFFAOYSA-N	EC50	0.0	10000.0	nM	,None
540134	P21554	JWQZVCOGWUMBNK-ZDUSSCGKSA-N	EC50	0.0	10000.0	nM	,None
540143	P21554	JWYGNPDEMSPNOL-UHFFFAOYSA-N	EC50	3.0	3.0	nM	
540149	P21554	JXFLLIDPTUXXKX-UHFFFAOYSA-N	EC50	115.0	115.0	nM	
540176	P21554	JYZFHDGSMQIKPU-UHFFFAOYSA-N	EC50	173.0	173.0	nM	
540185	P21554	JZGGNROZSGEPAG-UHFFFAOYSA-N	EC50	12.0	12.0	nM	
540203	P21554	KALAASYKAYAYMT-UHFFFAOYSA-N	EC50	124.0	124.0	nM	
540251	P21554	KDIRVAAKCRABSL-UHFFFAOYSA-N	EC50	0.0	10000.0	nM	,None
540280	P21554	KEVPCPNMPSKIGR-SFHVURJKSA-N	EC50	0.0	10000.0	nM	,None
540283	P21554	KFAHCXHRNCAASD-UHFFFAOYSA-N	Inhibition	0.0	50.0	%	27448919
540283	P21554	KFAHCXHRNCAASD-UHFFFAOYSA-N	Ki	1008.0	1008.0	nM	27448919
540283	P21554	KFAHCXHRNCAASD-UHFFFAOYSA-N	Ki	1008.48	1008.48	nM	27448919
540295	P21554	KFUCREATZIPBEJ-UHFFFAOYSA-N	EC50	6048.0	6048.0	nM	
540312	P21554	KGTLQMDVZMEXMD-UHFFFAOYSA-N	EC50	0.0	10000.0	nM	
540317	P21554	KHCHRKGVMRTQOF-INIZCTEOSA-N	EC50	0.0	10000.0	nM	,None
540319	P21554	KHCHRKGVMRTQOF-UHFFFAOYSA-N	EC50	0.0	10000.0	nM	,None
540328	P21554	KHSPXTXQARKTNC-UHFFFAOYSA-N	EC50	339.0	339.0	nM	
540358	P21554	KIYWEZTWWYNULU-UHFFFAOYSA-N	EC50	0.0	10000.0	nM	,None
540374	P21554	KJWFNJBQDPFFOJ-UHFFFAOYSA-N	EC50	43.0	43.0	nM	
540382	P21554	KKEJTRFPBKCPNU-UHFFFAOYSA-N	EC50	66.0	66.0	nM	
540386	P21554	KKXJEVRJTMPOIV-UHFFFAOYSA-N	EC50	0.0	10000.0	nM	
540392	P21554	KLFGGJOHOIZWHO-CMDGGOBGSA-N	EC50	443.0	443.0	nM	,None
540405	P21554	KLXAWRGEXMGFKP-UHFFFAOYSA-N	EC50	0.0	10000.0	nM	,None
540423	P21554	KMMCEVXUSXMDBE-UHFFFAOYSA-N	EC50	13.0	13.0	nM	
540432	P21554	KNHYBRQNNQTXIQ-VOTSOKGWSA-N	EC50	34.6	34.6	nM	,None
540432	P21554	KNHYBRQNNQTXIQ-VOTSOKGWSA-N	EC50	816.0	816.0	nM	,None
540443	P21554	KNQGWYUXUXRLRD-FMIVXFBMSA-N	EC50	0.0	10000.0	nM	,None
540469	P21554	KOQWRZFUJLKDKK-KRWDZBQOSA-N	EC50	0.0	10000.0	nM	,None
540474	P21554	KPAGEHBKYZRGRG-UHFFFAOYSA-N	EC50	0.0	10000.0	nM	,None
540480	P21554	KPEANQWBKFHKHO-UHFFFAOYSA-N	EC50	14.0	14.0	nM	
540496	P21554	KQIHEVJPDJPBJV-SFHVURJKSA-N	EC50	0.0	10000.0	nM	,None
540500	P21554	KQRUBBXBZIAZSN-UHFFFAOYSA-N	EC50	0.0	10000.0	nM	,None
540510	P21554	KRIDTILPJXPYLF-IFGYVTRGSA-N	EC50	0.0	10000.0	nM	,None
540512	P21554	KRLBOEDOBAFHTI-AWEZNQCLSA-N	EC50	674.1	674.1	nM	,None
540522	P21554	KSHJOEVNBWAOTP-UHFFFAOYSA-N	EC50	0.0	10000.0	nM	
540555	P21554	KUFIFVNIKLIUEY-INIZCTEOSA-N	EC50	0.0	10000.0	nM	,None
540561	P21554	KUICEPKSJZOVTD-KSSFIOAISA-N	EC50	0.0	10000.0	nM	,None
540564	P21554	KUICEPKSJZOVTD-PIVQAISJSA-N	EC50	0.0	10000.0	nM	,None
540566	P21554	KUPGJRNWKJMFBK-KRWDZBQOSA-N	EC50	0.0	10000.0	nM	,None
540568	P21554	KUQXFKUJVNPGRP-UHFFFAOYSA-N	EC50	0.0	10000.0	nM	
540571	P21554	KUSGPJJCAMKZRI-INIZCTEOSA-N	EC50	0.0	10000.0	nM	,None
540595	P21554	KWDRDSMKCSDYLL-IHBJSSOOSA-N	EC50	0.0	10000.0	nM	,None
540595	P21554	KWDRDSMKCSDYLL-IHBJSSOOSA-N	EC50	15.0	15.0	nM	,None
540595	P21554	KWDRDSMKCSDYLL-IHBJSSOOSA-N	EC50	17.0	17.0	nM	None
540595	P21554	KWDRDSMKCSDYLL-IHBJSSOOSA-N	EC50	190.0	190.0	nM	None
540596	P21554	KWNJQZSSKRFKMZ-UHFFFAOYSA-N	EC50	0.0	10000.0	nM	,None
540598	P21554	KWNLQHPAAMOAJZ-LBOXEOMUSA-N	EC50	75.0	75.0	nM	None
540598	P21554	KWNLQHPAAMOAJZ-LBOXEOMUSA-N	EC50	230.0	230.0	nM	,None
540613	P21554	KXMVOOHKHJUDSX-BQYQJAHWSA-N	EC50	0.0	10000.0	nM	,None
540620	P21554	KYGIEWALMOBVFJ-IMDOCLMQSA-N	Ki	2831.0	2831.0	nM	27078864
540624	P21554	KYSYCXLYUKDORD-ZDUSSCGKSA-N	EC50	0.0	10000.0	nM	,None
540633	P21554	KZJUNZCTGCDPGM-UHFFFAOYSA-N	EC50	0.0	10000.0	nM	
540636	P21554	KZMJZRATNJTRNA-UHFFFAOYSA-N	EC50	0.0	10000.0	nM	
540652	P21554	LAPCOZPOWRDQNC-UHFFFAOYSA-N	EC50	3.0	3.0	nM	
540655	P21554	LAQOLMPWGDLOIU-AWEZNQCLSA-N	EC50	0.0	10000.0	nM	,None
540657	P21554	LAUQPUHHOJMUSS-UHFFFAOYSA-N	EC50	236.0	236.0	nM	
540657	P21554	LAUQPUHHOJMUSS-UHFFFAOYSA-N	EC50	6115.0	6115.0	nM	
540661	P21554	LAWLJFMHFHPUPG-UHFFFAOYSA-N	EC50	0.0	10000.0	nM	,None
540662	P21554	LAYQYVBWJBQDAA-UHFFFAOYSA-N	EC50	0.0	10000.0	nM	,None
540667	P21554	LBHJHCNZYJATSA-UHFFFAOYSA-N	EC50	18.0	18.0	nM	
540680	P21554	LCIYQPVAYMSKLA-CHPOKUKFSA-N	EC50	0.0	10000.0	nM	,None
540683	P21554	LCMLUQOKSCVTNT-UHFFFAOYSA-N	EC50	0.0	10000.0	nM	
540694	P21554	LDBUKTPAHYATJX-RMKNXTFCSA-N	EC50	1465.0	1465.0	nM	,None
540713	P21554	LDSFICTXNUDSGB-UHFFFAOYSA-N	EC50	0.0	10000.0	nM	,None
540720	P21554	LDZLVSKSXPSSRE-UHFFFAOYSA-N	EC50	0.0	10000.0	nM	
540724	P21554	LELCIEQQGKKZQA-UHFFFAOYSA-N	EC50	0.0	10000.0	nM	,None
540738	P21554	LEWWVOSURJRSLS-UHFFFAOYSA-N	EC50	0.0	10000.0	nM	,None
540747	P21554	LFNRTBNDHAJWSH-UHFFFAOYSA-N	EC50	7.0	7.0	nM	
540763	P21554	LGFBHFVTGBPHPL-UHFFFAOYSA-N	EC50	0.0	10000.0	nM	
540768	P21554	LGVDZAZEMSRMLX-UHFFFAOYSA-N	EC50	0.0	10000.0	nM	
540776	P21554	LHIPTDREUDDNDD-UHFFFAOYSA-N	EC50	297.0	297.0	nM	
540777	P21554	LHLOYQDXJINIST-SNAWJCMRSA-N	EC50	1375.0	1375.0	nM	,None
540827	P21554	LHOCIRAREVNAKF-AEZGRPFRSA-N	Inhibition	9.1	9.1	%	27876250
540883	P21554	LILYBNFCYQONOO-UHFFFAOYSA-N	EC50	0.0	10000.0	nM	,None
540893	P21554	LIVIAQCOPGNLQD-KRWDZBQOSA-N	EC50	0.0	10000.0	nM	,None
540894	P21554	LIVIAQCOPGNLQD-UHFFFAOYSA-N	EC50	0.0	10000.0	nM	,None
540897	P21554	LIVVTVZKMBHXDI-UHFFFAOYSA-N	EC50	0.0	10000.0	nM	
540905	P21554	LJBAHUXWEOBFTN-UHFFFAOYSA-N	EC50	72.0	72.0	nM	
540949	P21554	LKZSTALBQQUOED-UHFFFAOYSA-N	EC50	1574.0	1574.0	nM	
540949	P21554	LKZSTALBQQUOED-UHFFFAOYSA-N	EC50	1574.1	1574.1	nM	
540969	P21554	LLNLRGARHFDLBH-UHFFFAOYSA-N	EC50	0.0	10000.0	nM	
540980	P21554	LMEQETNFMWTNMT-UHFFFAOYSA-N	EC50	0.0	10000.0	nM	
540983	P21554	LMIXPXQDAORZPD-HNNXBMFYSA-N	EC50	0.0	10000.0	nM	,None
540988	P21554	LMOUOSYDRNXILO-UHFFFAOYSA-N	EC50	0.0	10000.0	nM	,None
540994	P21554	LMYRVRBAYFKSIL-UHFFFAOYSA-N	EC50	25.0	25.0	nM	
541024	P21554	LOISQIXNOQGNEZ-UHFFFAOYSA-N	EC50	0.0	10000.0	nM	,None
541043	P21554	LPIOARKUUNUKMT-UHFFFAOYSA-N	EC50	0.0	10000.0	nM	
541050	P21554	LQDOUEAVEQDWAB-INIZCTEOSA-N	EC50	0.0	10000.0	nM	,None
541063	P21554	LQTDFSNNPGGLMU-UHFFFAOYSA-N	EC50	0.0	10000.0	nM	,None
541088	P21554	LRXMNXYYCJCBQH-SFHVURJKSA-N	EC50	0.0	10000.0	nM	,None
541102	P21554	LSVQRCDLUWZIBR-UHFFFAOYSA-N	EC50	0.0	10000.0	nM	,None
541123	P21554	LUMQYOBTJFMOKR-UHFFFAOYSA-N	EC50	695.0	695.0	nM	
541125	P21554	LUPMYEAXUFMWAU-UHFFFAOYSA-N	EC50	0.0	10000.0	nM	
541128	P21554	LUTKUUHZPRBYOG-UHFFFAOYSA-N	EC50	232.0	232.0	nM	
541139	P21554	LWBOSJUTCHPBQH-UHFFFAOYSA-N	EC50	0.0	10000.0	nM	
541144	P21554	LWHNNHZAUBLVTM-DAFODLJHSA-N	EC50	397.0	397.0	nM	,None
541152	P21554	LWRNCHYFUYKQCI-SFHVURJKSA-N	EC50	0.0	10000.0	nM	,None
541160	P21554	LXIXVJOOIGSZFJ-ZDUSSCGKSA-N	EC50	0.0	10000.0	nM	,None
541165	P21554	LXTUMLGCOQXQOD-UHFFFAOYSA-N	EC50	48.0	48.0	nM	
541168	P21554	LXUMQNHKKAKPFQ-UHFFFAOYSA-N	EC50	144.0	144.0	nM	
541173	P21554	LXYHSTMTYKCEGZ-ZDUSSCGKSA-N	EC50	0.0	10000.0	nM	,None
541177	P21554	LYHLYHGUJMNGCQ-UHFFFAOYSA-N	EC50	27.0	27.0	nM	
541196	P21554	LZJTWOQQJVNFNS-UHFFFAOYSA-N	EC50	152.0	152.0	nM	
541213	P21554	MAEFXTYFMVZJBB-JRZJBTRGSA-N	EC50	1488.0	1488.0	nM	,None
541215	P21554	MAFKTWZURAOPCI-UHFFFAOYSA-N	EC50	0.0	10000.0	nM	,None
541234	P21554	MAXRHXDLGBYMAD-UHFFFAOYSA-N	EC50	0.0	10000.0	nM	
541244	P21554	MBICEAHDHQCQLB-UHFFFAOYSA-N	EC50	8.0	8.0	nM	,None
541246	P21554	MBODAZHCFYFITQ-FSOLLVOSSA-N	Ki	2523.0	2523.0	nM	27078864
541248	P21554	MBVFEESUNTYXPE-UHFFFAOYSA-N	EC50	11.0	11.0	nM	
541254	P21554	MCICMIYNHFNXER-UHFFFAOYSA-N	EC50	3.0	3.0	nM	
541256	P21554	MCIVUQCGJIAZEA-UHFFFAOYSA-N	EC50	15.0	15.0	nM	,None
541262	P21554	MDDLJHAHKFRULH-UHFFFAOYSA-N	EC50	10.0	10.0	nM	
541283	P21554	MEEVKSJWUQPWKT-UHFFFAOYSA-N	EC50	7075.0	7075.0	nM	
541289	P21554	MERXAZWOTICYEO-UHFFFAOYSA-N	EC50	0.0	10000.0	nM	
541296	P21554	MFKGFFRZRJCYDJ-UHFFFAOYSA-N	EC50	4.0	4.0	nM	
541301	P21554	MFOLJWYDYYRNGU-UHFFFAOYSA-N	EC50	11.0	11.0	nM	
541312	P21554	MFZAMONDUNPEBU-UHFFFAOYSA-N	EC50	0.0	10000.0	nM	,None
541319	P21554	MGDXQQYRACWOTN-UHFFFAOYSA-N	EC50	30.0	30.0	nM	
541344	P21554	MHHCTANFEIHAJZ-UHFFFAOYSA-N	EC50	1.0	1.0	nM	
541358	P21554	MIPQYJFKTGIXIX-WFVOFKTRSA-N	EC50	0.0	10000.0	nM	,None
541365	P21554	MIXVNRBJTCUSOX-UHFFFAOYSA-N	EC50	0.0	10000.0	nM	
541382	P21554	MJLXFOAIRSQWGD-HNNXBMFYSA-N	EC50	0.0	10000.0	nM	,None
541420	P21554	MLHWOMIJFJUXNK-UHFFFAOYSA-N	EC50	477.0	477.0	nM	
541429	P21554	MLVAGLLUHSSLOL-SFHVURJKSA-N	EC50	0.0	10000.0	nM	,None
541432	P21554	MLVUVUXFLTZQMZ-OKILXGFUSA-N	EC50	0.0	10000.0	nM	,None
541447	P21554	MMQYDHUHZHIMHQ-UHFFFAOYSA-N	EC50	0.0	10000.0	nM	
541472	P21554	MNIKSBBWBZVVQV-UHFFFAOYSA-N	EC50	4.0	4.0	nM	
541473	P21554	MNIPANZRLRIDDG-UHFFFAOYSA-N	EC50	2330.0	2330.0	nM	,None
541475	P21554	MNLDWXWCEZCBSH-UHFFFAOYSA-N	EC50	0.0	10000.0	nM	
541483	P21554	MNVJXLACEBDMRB-AWEZNQCLSA-N	EC50	603.2	603.2	nM	,None
541498	P21554	MORMVYKASWEGJQ-UHFFFAOYSA-N	EC50	0.0	10000.0	nM	
541501	P21554	MPBMGCXDJTZZBU-UHFFFAOYSA-N	EC50	0.0	10000.0	nM	,None
541519	P21554	MPOUHKAFHTYLIW-UHFFFAOYSA-N	EC50	8.0	8.0	nM	
541526	P21554	MPZLBHNPCIQCKS-UHFFFAOYSA-N	EC50	0.0	10000.0	nM	,None
541532	P21554	MQCONLRJHYLJPS-UHFFFAOYSA-N	EC50	0.0	10000.0	nM	
541546	P21554	MQRMXQYDELWYCH-UHFFFAOYSA-N	EC50	0.0	10000.0	nM	
541571	P21554	MRTFDMPERRWNRO-UXGAWINSSA-N	Ki	1281.0	1281.0	nM	26756097
541580	P21554	MSHMYQIZWKZZIW-UHFFFAOYSA-N	EC50	0.0	10000.0	nM	,None
541586	P21554	MSJVKYZIKNZKMC-UHFFFAOYSA-N	EC50	0.0	10000.0	nM	,None
541593	P21554	MSUFNCXRNKWDMI-UHFFFAOYSA-N	EC50	0.0	10000.0	nM	,None
541594	P21554	MSUMVCBOHYAJPM-KRWDZBQOSA-N	EC50	0.0	10000.0	nM	,None
541607	P21554	MTVYBHSVYWTFLM-KRWDZBQOSA-N	EC50	0.0	10000.0	nM	,None
541610	P21554	MUAYZBBEKLOADW-UHFFFAOYSA-N	EC50	165.0	165.0	nM	
541629	P21554	MUTBMRMXINXQGN-HNNXBMFYSA-N	EC50	0.0	10000.0	nM	,None
541632	P21554	MVCJVZAKXBZXRD-SFHVURJKSA-N	EC50	0.0	10000.0	nM	,None
541634	P21554	MVCJVZAKXBZXRD-UHFFFAOYSA-N	EC50	0.0	10000.0	nM	,None
541647	P21554	MWJGZICCZOWOMK-UHFFFAOYSA-N	EC50	474.0	474.0	nM	
541659	P21554	MWYNPFGSUFEWGS-APDXDRDNSA-N	EC50	110.0	110.0	nM	,None
541666	P21554	MXHXRSAORMTNAA-UHFFFAOYSA-N	EC50	0.0	10000.0	nM	
541670	P21554	MXKLWLHQXVFTGX-UHFFFAOYSA-N	EC50	0.0	10000.0	nM	,None
541703	P21554	MYNYFNXTNRKKPO-UHFFFAOYSA-N	EC50	0.0	10000.0	nM	
541705	P21554	MYUQOPHXVWCFSN-UHFFFAOYSA-N	EC50	0.0	10000.0	nM	,None
541725	P21554	MZKXTMPHVYYCQK-UHFFFAOYSA-N	IC50	2288.0	2288.0	nM	,None
541725	P21554	MZKXTMPHVYYCQK-UHFFFAOYSA-N	IC50	2301.0	2301.0	nM	,None
541725	P21554	MZKXTMPHVYYCQK-UHFFFAOYSA-N	Ki	1032.0	1032.0	nM	,None
541725	P21554	MZKXTMPHVYYCQK-UHFFFAOYSA-N	Ki	1264.0	1264.0	nM	,None
541734	P21554	NAMLSGBZHPQTMC-UHFFFAOYSA-N	EC50	0.0	10000.0	nM	
541746	P21554	NAUSXSDYQDNOSP-UHFFFAOYSA-N	EC50	0.0	10000.0	nM	
541749	P21554	NAVSCPMNDCTLRV-UHFFFAOYSA-N	EC50	11.0	11.0	nM	
541752	P21554	NBDOHHAJAISYEH-UHFFFAOYSA-N	EC50	433.1	433.1	nM	
541764	P21554	NCBMUQKCFYLFHV-UHFFFAOYSA-N	EC50	41.0	41.0	nM	
541766	P21554	NCCOAAKBWVQQEI-UHFFFAOYSA-N	EC50	134.0	134.0	nM	
541780	P21554	NCYNLQAEJJGHLS-UHFFFAOYSA-N	EC50	0.0	10000.0	nM	,None
541804	P21554	NFLXZTYKEAXNSP-ZDUSSCGKSA-N	EC50	0.0	10000.0	nM	,None
541817	P21554	NGGOAGULJRLHTJ-MDZDMXLPSA-N	EC50	3200.0	3200.0	nM	,None
541871	P21554	NJHFGTZIMLNFOJ-UHFFFAOYSA-N	Inhibition	0.0	50.0	%	27448919
541871	P21554	NJHFGTZIMLNFOJ-UHFFFAOYSA-N	Ki	0.0	10000.0	nM	27448919
541901	P21554	NKYXZZDMMLHPOW-UHFFFAOYSA-N	EC50	49.0	49.0	nM	
541906	P21554	NLIJQLLYUVUMPM-UHFFFAOYSA-N	EC50	4.4	4.4	nM	,None
541906	P21554	NLIJQLLYUVUMPM-UHFFFAOYSA-N	EC50	15.0	15.0	nM	,None
541918	P21554	NLSYUGWDLJLVGG-PKHIMPSTSA-N	EC50	0.0	10000.0	nM	,None
541939	P21554	NMZYVKTYTOVGHO-UHFFFAOYSA-N	EC50	32.0	32.0	nM	
541941	P21554	NNGOZJUFNOLNJZ-UHFFFAOYSA-N	EC50	7.0	7.0	nM	
541943	P21554	NNHMWNQENRJFHE-UHFFFAOYSA-N	EC50	176.0	176.0	nM	
541967	P21554	NONSXEVKKKFHIW-UHFFFAOYSA-N	EC50	14.0	14.0	nM	
541974	P21554	NOTSKNXKSRDKGQ-KRWDZBQOSA-N	EC50	0.0	10000.0	nM	,None
541976	P21554	NOXIHUKXXFIPBD-IFGYVTRGSA-N	EC50	0.0	10000.0	nM	,None
541976	P21554	NOXIHUKXXFIPBD-IFGYVTRGSA-N	EC50	430.0	430.0	nM	,None
541978	P21554	NPBNQYRANOEOIG-SREVYHEPSA-N	EC50	3270.0	3270.0	nM	,None
541981	P21554	NPBNQYRANOEOIG-VOTSOKGWSA-N	EC50	884.0	884.0	nM	,None
541983	P21554	NPFIGBPBAPXXAC-HNNXBMFYSA-N	EC50	0.0	10000.0	nM	,None
541989	P21554	NPIAKGYVHUCRPU-UHFFFAOYSA-N	EC50	0.0	10000.0	nM	,None
541996	P21554	NPOSXWDUCSOJAX-UHFFFAOYSA-N	EC50	0.0	10000.0	nM	
542003	P21554	NPTFKCLVDGOWEX-SFHVURJKSA-N	EC50	144.6	144.6	nM	,None
542006	P21554	NPVJSXVKTDEMPP-UHFFFAOYSA-N	EC50	0.0	10000.0	nM	
542021	P21554	NQQFWSXIDTZQNE-AWEZNQCLSA-N	EC50	0.0	10000.0	nM	,None
542027	P21554	NQVCAKNWBKOEJZ-UHFFFAOYSA-N	EC50	37.0	37.0	nM	
542038	P21554	NROCUKIGRPZJGT-LBPRGKRZSA-N	EC50	0.0	10000.0	nM	,None
542046	P21554	NRSPPXZUSOPROE-UHFFFAOYSA-N	EC50	166.0	166.0	nM	
542054	P21554	NRYZRGICVYSSFA-UHFFFAOYSA-N	EC50	0.0	10000.0	nM	
542078	P21554	NSQXRZAAAOFSHC-LBPRGKRZSA-N	EC50	0.0	10000.0	nM	,None
542089	P21554	NSZZLZAANRBJPW-UHFFFAOYSA-N	EC50	22.0	22.0	nM	
542094	P21554	NTFFINIQPLPSNO-UHFFFAOYSA-N	EC50	2.0	2.0	nM	
542097	P21554	NTNHGPUINBXKHW-UHFFFAOYSA-N	EC50	0.0	10000.0	nM	,None
542123	P21554	NULYHVPRJIQRFR-UHFFFAOYSA-N	EC50	3262.0	3262.0	nM	
542169	P21554	NWVJFJMMTDLCED-UHFFFAOYSA-N	EC50	16.0	16.0	nM	
542179	P21554	NXGWZNKNKWKYTI-AWEZNQCLSA-N	EC50	0.0	10000.0	nM	,None
542201	P21554	NYIPIZUMPGDAEE-CYQMCQFNSA-N	EC50	190.0	190.0	nM	,None
542212	P21554	NYYDCWGQJOYTNM-HNNXBMFYSA-N	EC50	0.0	10000.0	nM	,None
542215	P21554	NYZBPJULWFAINQ-FQEVSTJZSA-N	EC50	0.0	10000.0	nM	,None
542226	P21554	NZLXQSVAQWMGCX-UHFFFAOYSA-N	EC50	0.0	10000.0	nM	
542227	P21554	NZONLJKIVMWRGM-UHFFFAOYSA-N	EC50	0.0	10000.0	nM	,None
542227	P21554	NZONLJKIVMWRGM-UHFFFAOYSA-N	EC50	790.0	790.0	nM	,None
542234	P21554	NZSQPGPPRBJKIG-UHFFFAOYSA-N	EC50	0.0	10000.0	nM	,None
542245	P21554	OAFQSAJILYGEKX-UHFFFAOYSA-N	EC50	271.0	271.0	nM	
542246	P21554	OAKRXGHCBOVQLB-UHFFFAOYSA-N	IC50	0.0	10000.0	nM	27560280
542246	P21554	OAKRXGHCBOVQLB-UHFFFAOYSA-N	Inhibition	0.0	50.0	%	27560280
542246	P21554	OAKRXGHCBOVQLB-UHFFFAOYSA-N	Ki	0.0	10000.0	nM	27560280
542253	P21554	OARNOEZDVNPGSL-UHFFFAOYSA-N	EC50	0.0	10000.0	nM	
542254	P21554	OATFTHJWHJTOIA-UHFFFAOYSA-N	EC50	0.0	10000.0	nM	
542266	P21554	OBMRNEJLBJQKKS-UHFFFAOYSA-N	EC50	0.0	10000.0	nM	
542272	P21554	OBVINBNMUTWSST-KRWDZBQOSA-N	EC50	0.0	10000.0	nM	,None
542277	P21554	OCKCPJFFEGDZHV-UHFFFAOYSA-N	EC50	56.0	56.0	nM	
542287	P21554	OCLQZCICNSPTMA-UHFFFAOYSA-N	EC50	20.0	20.0	nM	,None
542292	P21554	OCQBBTUBSLMEAO-UHFFFAOYSA-N	EC50	31.0	31.0	nM	
542308	P21554	ODGIIGXXHJHUNH-UHFFFAOYSA-N	EC50	8.0	8.0	nM	
542317	P21554	ODQUIORBACGPGL-UHFFFAOYSA-N	EC50	0.0	10000.0	nM	
542330	P21554	OECSVXTWFPBKNL-FQEVSTJZSA-N	EC50	0.0	10000.0	nM	,None
542352	P21554	OFNNUYUHBUJVOS-UHFFFAOYSA-N	EC50	1653.0	1653.0	nM	
542379	P21554	OGXMVGDHAPUYCP-INIZCTEOSA-N	EC50	0.0	10000.0	nM	,None
542381	P21554	OGXMVGDHAPUYCP-UHFFFAOYSA-N	EC50	0.0	10000.0	nM	,None
542398	P21554	OHPQSVQELCZOCS-UHFFFAOYSA-N	EC50	0.0	10000.0	nM	
542406	P21554	OIENFDBIJFMZSG-UHFFFAOYSA-N	EC50	2.0	2.0	nM	
542409	P21554	OIKQHHTVMFDBDI-UHFFFAOYSA-N	EC50	0.0	10000.0	nM	,None
542449	P21554	OKZWKSUKSMFPSE-UHFFFAOYSA-N	EC50	63.0	63.0	nM	
542461	P21554	OLPGTIYHMRKFBU-SFHVURJKSA-N	EC50	0.0	10000.0	nM	,None
542474	P21554	OMJKDKUDNPHJGY-AWEZNQCLSA-N	EC50	0.0	10000.0	nM	,None
542480	P21554	OMQNCLGQJHKZCM-UHFFFAOYSA-N	EC50	0.0	10000.0	nM	
542487	P21554	OMXHNXHSWWODTI-UHFFFAOYSA-N	EC50	0.0	10000.0	nM	
542490	P21554	ONBQIQJKDPPBLI-UHFFFAOYSA-N	EC50	134.0	134.0	nM	
542509	P21554	ONOFWQOMNXXKBI-INIZCTEOSA-N	EC50	0.0	10000.0	nM	,None
542512	P21554	ONSVWVNIJRHKCX-HNNXBMFYSA-N	EC50	0.0	10000.0	nM	,None
542513	P21554	ONTYEGURWWIAAP-UHFFFAOYSA-N	EC50	21.0	21.0	nM	
542522	P21554	OODRJGSRBPRQHH-UHFFFAOYSA-N	EC50	0.0	10000.0	nM	,None
542542	P21554	OPHBSQRNATYTEN-UHFFFAOYSA-N	EC50	0.0	10000.0	nM	
542551	P21554	OPSCDCOPAOGRNL-UHFFFAOYSA-N	EC50	0.0	10000.0	nM	,None
542553	P21554	OPUGYAHOMJQZBR-BQYQJAHWSA-N	EC50	426.0	426.0	nM	,None
542576	P21554	ORPISZNLZCHXGF-UHFFFAOYSA-N	EC50	283.0	283.0	nM	
542594	P21554	OSQCEKCMLJWVLL-UHFFFAOYSA-N	Inhibition	0.0	50.0	%	27448919
542594	P21554	OSQCEKCMLJWVLL-UHFFFAOYSA-N	Ki	0.0	10000.0	nM	27448919
542603	P21554	OSZDBGQFHSASCO-UHFFFAOYSA-N	EC50	10.0	10.0	nM	,None
542613	P21554	OTMMQIOVTVASAQ-UHFFFAOYSA-N	EC50	1488.0	1488.0	nM	
542615	P21554	OTOHMAPKUMALIJ-UHFFFAOYSA-N	EC50	0.0	10000.0	nM	,None
542619	P21554	OTSOYXPPWPAFFH-UHFFFAOYSA-N	EC50	2141.9	2141.9	nM	,None
542623	P21554	OTUHUXGJAQHLLR-UHFFFAOYSA-N	EC50	0.0	10000.0	nM	,None
542632	P21554	OUCJPOJSVOZYIN-UHFFFAOYSA-N	EC50	0.0	10000.0	nM	
542642	P21554	OVABTRALKDLHGA-UHFFFAOYSA-N	EC50	0.0	10000.0	nM	,None
542648	P21554	OVOUZJZYSYUYSK-AWEZNQCLSA-N	EC50	0.0	10000.0	nM	,None
542651	P21554	OVXTUYCWDXBHEO-UHFFFAOYSA-N	EC50	91.0	91.0	nM	
542662	P21554	OWOOBPCYJZJZHZ-SFHVURJKSA-N	EC50	167.3	167.3	nM	,None
542678	P21554	OXCWDJBBNIVBSM-UHFFFAOYSA-N	EC50	0.0	10000.0	nM	,None
542691	P21554	OXRFXJJLBLXLSS-XLLULAGJSA-N	EC50	0.0	10000.0	nM	,None
542694	P21554	OXTZLTSOFIJJJG-UHFFFAOYSA-N	EC50	0.0	10000.0	nM	
542720	P21554	OZGRGBIAMHGMHW-UHFFFAOYSA-N	EC50	0.0	10000.0	nM	,None
542732	P21554	OZWRVBXQKWPWAA-OKILXGFUSA-N	EC50	0.0	10000.0	nM	,None
542734	P21554	PACWXBITGZWEJG-AWEZNQCLSA-N	EC50	0.0	10000.0	nM	,None
542735	P21554	PACWXBITGZWEJG-UHFFFAOYSA-N	EC50	0.0	10000.0	nM	,None
542750	P21554	PBALYXLMTPWHGV-KRWDZBQOSA-N	EC50	230.6	230.6	nM	,None
542768	P21554	PCLDQNWWFKZHCH-WHUIICBVSA-N	EC50	0.0	10000.0	nM	,None
542775	P21554	PCXZWAUSVDAFII-UHFFFAOYSA-N	EC50	215.0	215.0	nM	
542779	P21554	PDHSWKNVJLCUNE-UHFFFAOYSA-N	EC50	75.0	75.0	nM	
542784	P21554	PDPLGIJQHUVTMP-UHFFFAOYSA-N	EC50	0.0	10000.0	nM	,None
542794	P21554	PEAZXMFSZVTOBX-UHFFFAOYSA-N	EC50	0.0	10000.0	nM	
542805	P21554	PENUISMKHCSECH-UHFFFAOYSA-N	EC50	37.0	37.0	nM	
542812	P21554	PFAAMXDGDGACLJ-UHFFFAOYSA-N	EC50	20.0	20.0	nM	
542815	P21554	PFKSUNPTLIPHDC-UHFFFAOYSA-N	Inhibition	0.0	50.0	%	27448919
542815	P21554	PFKSUNPTLIPHDC-UHFFFAOYSA-N	Ki	0.0	10000.0	nM	27448919
542839	P21554	PGKCLHMFUMHWFJ-QFIPXVFZSA-N	EC50	13.6	13.6	nM	,None
542845	P21554	PGRDFLMVBWNBFP-UHFFFAOYSA-N	EC50	0.0	10000.0	nM	,None
542854	P21554	PHCZFHXFRVWXOW-UHFFFAOYSA-N	EC50	0.0	10000.0	nM	
542856	P21554	PHDMSLNSTZSFOO-UHFFFAOYSA-N	EC50	0.0	10000.0	nM	,None
542858	P21554	PHEANVOLZZBJSE-UHFFFAOYSA-N	EC50	144.0	144.0	nM	
542866	P21554	PHGPWHPEFFHWNO-CMDGGOBGSA-N	EC50	0.0	10000.0	nM	,None
542866	P21554	PHGPWHPEFFHWNO-CMDGGOBGSA-N	EC50	100.8	100.8	nM	,None
542869	P21554	PHKMBHSVEAYADC-UHFFFAOYSA-N	EC50	1100.0	1100.0	nM	,None
542874	P21554	PHRIUIOMXALSLS-UHFFFAOYSA-N	EC50	601.9	601.9	nM	,None
542903	P21554	PJVWIRBYDQLUNG-UHFFFAOYSA-N	EC50	0.0	10000.0	nM	
542907	P21554	PKABREPKFFHQMY-UHFFFAOYSA-N	EC50	42.0	42.0	nM	
542909	P21554	PKBPILCEVHUOOA-JINQPTGOSA-N	EC50	657.0	657.0	nM	None
542909	P21554	PKBPILCEVHUOOA-JINQPTGOSA-N	EC50	1172.0	1172.0	nM	,None
542913	P21554	PKDOXNQAGIORSR-UHFFFAOYSA-N	EC50	0.0	10000.0	nM	,None
542914	P21554	PKDPNSWTMNPJIH-JRZJBTRGSA-N	EC50	0.0	10000.0	nM	,None
542946	P21554	PLBNWVDUFQRHMY-UHFFFAOYSA-N	EC50	0.0	10000.0	nM	,None
542946	P21554	PLBNWVDUFQRHMY-UHFFFAOYSA-N	EC50	475.0	475.0	nM	,None
542946	P21554	PLBNWVDUFQRHMY-UHFFFAOYSA-N	EC50	2437.0	2437.0	nM	,None
542964	P21554	PLUPEDHWXYWXAY-UHFFFAOYSA-N	EC50	4242.0	4242.0	nM	
543007	P21554	PNKHMUYUQJQQQU-UHFFFAOYSA-N	EC50	0.0	10000.0	nM	
543011	P21554	PNOHDMBNILVTLP-UHFFFAOYSA-N	EC50	93.0	93.0	nM	
543014	P21554	PNVMMFURPGDTRA-IBGZPJMESA-N	EC50	74.9	74.9	nM	,None
543017	P21554	PNYUDSFREVFTLV-UHFFFAOYSA-N	EC50	26.0	26.0	nM	
543023	P21554	POHPCLNOLRUEFE-SFHVURJKSA-N	EC50	0.0	10000.0	nM	,None
543040	P21554	POVSSMPCJVEKQV-UHFFFAOYSA-N	EC50	3911.0	3911.0	nM	
543053	P21554	PPBDGZPSEPVWKC-UHFFFAOYSA-N	EC50	4428.0	4428.0	nM	
543080	P21554	PQINLQZYHSUNRK-UHFFFAOYSA-N	EC50	0.0	10000.0	nM	
543099	P21554	PQZQUIKLTABABQ-UHFFFAOYSA-N	EC50	11.0	11.0	nM	
543109	P21554	PRGDSQNFFNNSOH-ZDUSSCGKSA-N	EC50	0.0	10000.0	nM	,None
543111	P21554	PRGRKYDWXVMRQI-UHFFFAOYSA-N	EC50	0.0	10000.0	nM	,None
543121	P21554	PRRQIMZFWXXIRY-VMPITWQZSA-N	Inhibition	11.5	11.5	%	27876250
543176	P21554	PRYDBTFZRIASDS-UHFFFAOYSA-N	EC50	0.0	10000.0	nM	,None
543194	P21554	PSNZHZPBOWOLCP-UHFFFAOYSA-N	EC50	40.0	40.0	nM	
543217	P21554	PTARBMUWVXPWRJ-UHFFFAOYSA-N	EC50	0.0	10000.0	nM	
543223	P21554	PTNQDKSMPXJPCG-UHFFFAOYSA-N	EC50	2.0	2.0	nM	
543223	P21554	PTNQDKSMPXJPCG-UHFFFAOYSA-N	EC50	26.0	26.0	nM	
543228	P21554	PTRRXLAXDJMCMO-UHFFFAOYSA-N	EC50	25.0	25.0	nM	
543237	P21554	PUIFIAKJPOELEW-KRWDZBQOSA-N	EC50	0.0	10000.0	nM	None
543237	P21554	PUIFIAKJPOELEW-KRWDZBQOSA-N	EC50	1790.0	1790.0	nM	,None
543239	P21554	PUIFIAKJPOELEW-UHFFFAOYSA-N	EC50	0.0	10000.0	nM	,None
543247	P21554	PUQFVGGPORUVGE-UHFFFAOYSA-N	EC50	655.0	655.0	nM	,None
543251	P21554	PUVWXZUHZKXVKL-UHFFFAOYSA-N	EC50	12.0	12.0	nM	
543254	P21554	PUZDZCWWZJTZQB-AWEZNQCLSA-N	EC50	0.0	10000.0	nM	,None
543256	P21554	PVDHMCBSPCJBHE-UHFFFAOYSA-N	EC50	0.0	10000.0	nM	,None
543268	P21554	PWEOLMFBLFOJDL-FATKVMSOSA-N	Ki	1557.0	1557.0	nM	27078864
543269	P21554	PWEWCGCBAPOJOA-UHFFFAOYSA-N	EC50	3119.7	3119.7	nM	
543273	P21554	PWGVQUBYNUZDIV-UHFFFAOYSA-N	EC50	30.0	30.0	nM	
543283	P21554	PWTUFPUVJVRXBD-UHFFFAOYSA-N	EC50	0.0	2500.0	nM	,None
543283	P21554	PWTUFPUVJVRXBD-UHFFFAOYSA-N	EC50	169.0	169.0	nM	,None
543284	P21554	PWXQOSBCKCYZKJ-KRWDZBQOSA-N	EC50	0.0	10000.0	nM	,None
543287	P21554	PXCOYOIMZXHSDL-UHFFFAOYSA-N	EC50	69.0	69.0	nM	
543292	P21554	PYAGZJNEPGFVJA-UHFFFAOYSA-N	EC50	0.0	10000.0	nM	
543309	P21554	PYUMHGBFLXZYLK-UHFFFAOYSA-N	EC50	4.0	4.0	nM	
543310	P21554	PYUQMLJVPVYRGP-UHFFFAOYSA-N	EC50	428.0	428.0	nM	
543313	P21554	PZHODZUROFFKMU-UHFFFAOYSA-N	EC50	0.0	10000.0	nM	
543330	P21554	QAHFHBKZZJXVES-UHFFFAOYSA-N	EC50	67.0	67.0	nM	
543344	P21554	QAJNYQOTASUETI-UHFFFAOYSA-N	EC50	0.0	10000.0	nM	,None
543347	P21554	QAKJXHZPHGQCBD-UHFFFAOYSA-N	EC50	0.0	10000.0	nM	,None
543380	P21554	QCGLROBXUKFGBU-UHFFFAOYSA-N	EC50	151.0	151.0	nM	
543395	P21554	QCOCMPRMHVAYGY-INIZCTEOSA-N	EC50	0.0	10000.0	nM	,None
543415	P21554	QDPCWBUYUCGSQL-UHFFFAOYSA-N	EC50	0.0	10000.0	nM	
543424	P21554	QECDNVZUSVZOSH-UHFFFAOYSA-N	EC50	1014.0	1014.0	nM	
543426	P21554	QEFMHWGEIHDFRM-SFHVURJKSA-N	EC50	90.1	90.1	nM	,None
543440	P21554	QETWDAHVHZFSHK-UHFFFAOYSA-N	EC50	7750.0	7750.0	nM	
543455	P21554	QFMHZXJZAJVBFJ-UHFFFAOYSA-N	IC50	3808.0	3808.0	nM	,None
543455	P21554	QFMHZXJZAJVBFJ-UHFFFAOYSA-N	Ki	1804.0	1804.0	nM	,None
543470	P21554	QGEACVOFDQABGO-ZDUSSCGKSA-N	EC50	1569.7	1569.7	nM	,None
543472	P21554	QGERDMRNHNARTG-MYHCZTBNSA-N	EC50	0.0	10000.0	nM	,None
543482	P21554	QGLUDJOMKLQXQH-UHFFFAOYSA-N	EC50	5.0	5.0	nM	
543495	P21554	QGYPULCCGRVSON-SFHVURJKSA-N	EC50	0.0	10000.0	nM	,None
543499	P21554	QHEHLQUJMZLBRG-UHFFFAOYSA-N	EC50	2640.0	2640.0	nM	
543503	P21554	QHMLKVRBYNCRRP-UHFFFAOYSA-N	EC50	254.0	254.0	nM	
543520	P21554	QITZDJYESHBHIY-UHFFFAOYSA-N	EC50	0.0	10000.0	nM	
543534	P21554	QJMXVKSRVLBPBQ-UHFFFAOYSA-N	Inhibition	0.0	50.0	%	27448919
543534	P21554	QJMXVKSRVLBPBQ-UHFFFAOYSA-N	Ki	0.0	10000.0	nM	27448919
543547	P21554	QJWHSMOCBWCALQ-ZDUSSCGKSA-N	EC50	0.0	10000.0	nM	,None
543549	P21554	QJXIDJTYVUOGKY-UHFFFAOYSA-N	EC50	0.0	10000.0	nM	,None
543554	P21554	QKENPAWWACETES-UHFFFAOYSA-N	EC50	135.0	135.0	nM	
543568	P21554	QLBSTXMJZANLBD-UHFFFAOYSA-N	EC50	1.0	1.0	nM	
543571	P21554	QLCBDVDPYCYIGW-UHFFFAOYSA-N	EC50	0.0	10000.0	nM	,None
543573	P21554	QLDLOCORCJTTSJ-UHFFFAOYSA-N	EC50	0.0	10000.0	nM	
543581	P21554	QLUFSRZAHAKEGD-VOTSOKGWSA-N	EC50	55.1	55.1	nM	,None
543581	P21554	QLUFSRZAHAKEGD-VOTSOKGWSA-N	EC50	136.0	136.0	nM	,None
543583	P21554	QLVJGCOOJJEFKP-UHFFFAOYSA-N	EC50	0.0	10000.0	nM	,None
543594	P21554	QMJXTQGAOJVGOF-UHFFFAOYSA-N	EC50	0.0	10000.0	nM	,None
543607	P21554	QNABCEIFFFLNEQ-UHFFFAOYSA-N	EC50	514.2	514.2	nM	,None
543616	P21554	QNWIVEAPZXLPSJ-YOYKQTLTSA-N	Ki	826.0	826.0	nM	27078864
543630	P21554	QOQZLBHRHBSISR-UHFFFAOYSA-N	EC50	65.0	65.0	nM	
543645	P21554	QPNASEPYWAKEJY-UHFFFAOYSA-N	EC50	0.0	10000.0	nM	
543648	P21554	QPPBHUYOLHMSJN-UHFFFAOYSA-N	EC50	62.0	62.0	nM	
543650	P21554	QPPBSEDUBCIIHY-UHFFFAOYSA-N	EC50	0.0	10000.0	nM	,None
543666	P21554	QQHUAMRKLIORPN-VQVVDHBBSA-N	EC50	0.0	10000.0	nM	,None
543669	P21554	QQIBBYQPFYMWSC-UHFFFAOYSA-N	EC50	68.0	68.0	nM	
543672	P21554	QQNYHLHOGUUVQI-UHFFFAOYSA-N	EC50	83.0	83.0	nM	
543690	P21554	QRHVHCOQSXTVEG-UHFFFAOYSA-N	EC50	121.0	121.0	nM	,None
543690	P21554	QRHVHCOQSXTVEG-UHFFFAOYSA-N	EC50	332.1	332.1	nM	,None
543695	P21554	QRPHVTWXSRYQKX-ZDUSSCGKSA-N	EC50	1552.6	1552.6	nM	,None
543703	P21554	QSBPVKJVOUTDFE-LBPRGKRZSA-N	EC50	0.0	10000.0	nM	,None
543707	P21554	QSFMZLHLMBHVEL-UHFFFAOYSA-N	EC50	0.0	10000.0	nM	,None
543715	P21554	QSYHRAPPRQEOJJ-KRWDZBQOSA-N	EC50	0.0	10000.0	nM	,None
543718	P21554	QSYHRAPPRQEOJJ-UHFFFAOYSA-N	EC50	0.0	10000.0	nM	,None
543746	P21554	QUBCMLWXBHWMQO-UHFFFAOYSA-N	EC50	0.0	10000.0	nM	,None
543754	P21554	QUNXPEJUWWHXSI-UHFFFAOYSA-N	EC50	48.0	48.0	nM	
543764	P21554	QUSHWGZQXAECSJ-AIKVODPISA-N	Ki	3086.0	3086.0	nM	27078864
543768	P21554	QUXCMQZAKJUQFH-UHFFFAOYSA-N	EC50	15.0	15.0	nM	
543781	P21554	QVNYJRXNTPNJHE-OKILXGFUSA-N	EC50	0.0	10000.0	nM	,None
543790	P21554	QWIVQOGXQLXMSF-UHFFFAOYSA-N	EC50	0.0	10000.0	nM	,None
543810	P21554	QXOSSLGIOAMEQB-JTQLQIEISA-N	EC50	0.0	10000.0	nM	,None
543818	P21554	QXVBRDUXBZGQSB-UHFFFAOYSA-N	EC50	0.0	10000.0	nM	,None
543828	P21554	QYLLCSHAKQWRMO-UHFFFAOYSA-N	EC50	0.0	10000.0	nM	,None
543848	P21554	RADWJJYFOOUQDK-UHFFFAOYSA-N	EC50	0.0	10000.0	nM	
543854	P21554	RAMUXBRYONFTBW-UHFFFAOYSA-N	EC50	158.0	158.0	nM	
543871	P21554	RBMAPBCAHIYVGD-UHFFFAOYSA-N	EC50	0.0	10000.0	nM	
543874	P21554	RBQUTIFVLPCHHC-UHFFFAOYSA-N	EC50	23.0	23.0	nM	,None
543879	P21554	RBYRKKSDIDNREM-RMKNXTFCSA-N	EC50	1213.0	1213.0	nM	,None
543889	P21554	RCTGZIHEPDPJNI-UHFFFAOYSA-N	EC50	0.0	10000.0	nM	,None
543927	P21554	RELOIFPKIPXYHO-KRWDZBQOSA-N	EC50	0.0	10000.0	nM	,None
543933	P21554	REQUAUZBPCKYFF-UHFFFAOYSA-N	EC50	26.0	26.0	nM	
543935	P21554	RETHWCMGLIJVRD-INIZCTEOSA-N	EC50	0.0	10000.0	nM	,None
543938	P21554	RETHWCMGLIJVRD-UHFFFAOYSA-N	EC50	0.0	10000.0	nM	,None
543964	P21554	RFUMKWMZMFFVOG-UHFFFAOYSA-N	EC50	0.0	10000.0	nM	,None
543982	P21554	RGRCVSBMZIPPKT-ZOZMEPSFSA-N	EC50	0.0	10000.0	nM	,None
543998	P21554	RHICYASAKXOXMC-UHFFFAOYSA-N	EC50	26.0	26.0	nM	
544002	P21554	RHMWVNFRRRZAAQ-GQNBSWLHSA-N	Ki	2502.0	2502.0	nM	27078864
544004	P21554	RHOFKVVSWVQFTN-UHFFFAOYSA-N	EC50	1084.0	1084.0	nM	
544019	P21554	RILCRWXUINSYAK-CMDGGOBGSA-N	EC50	4137.0	4137.0	nM	,None
544034	P21554	RJKNERRIOBQEOD-UHFFFAOYSA-N	EC50	0.0	10000.0	nM	,None
544036	P21554	RJOVFKSPARKKHK-UHFFFAOYSA-N	EC50	8.0	8.0	nM	
544037	P21554	RJPFDWPPDWGUML-UHFFFAOYSA-N	EC50	1543.0	1543.0	nM	
544037	P21554	RJPFDWPPDWGUML-UHFFFAOYSA-N	EC50	7320.0	7320.0	nM	
544054	P21554	RKWJRVCFEIUUOB-UHFFFAOYSA-N	EC50	0.0	10000.0	nM	,None
544086	P21554	RNCZOORZQWSMEE-NSHDSACASA-N	EC50	0.0	10000.0	nM	,None
544089	P21554	RNHDQIQNRFAOIU-UHFFFAOYSA-N	EC50	0.0	10000.0	nM	
544093	P21554	RNKBSPUJCIZTHG-INIZCTEOSA-N	EC50	0.0	10000.0	nM	,None
544104	P21554	ROILYTSORRJSDC-AWEZNQCLSA-N	EC50	0.0	10000.0	nM	,None
544128	P21554	ROZWRGFLJMJOOI-HNNXBMFYSA-N	EC50	0.0	10000.0	nM	,None
544133	P21554	RPBIEPMDASXMRC-UHFFFAOYSA-N	EC50	4.0	4.0	nM	
544139	P21554	RPNDWSSILQGAHV-LBPRGKRZSA-N	EC50	0.0	10000.0	nM	,None
544148	P21554	RQIZGUXBXLQPJX-UHFFFAOYSA-N	EC50	0.0	10000.0	nM	
544150	P21554	RQKFZEMVFNSEMY-UHFFFAOYSA-N	EC50	162.0	162.0	nM	
544159	P21554	RQWVIHJCNAHLON-UHFFFAOYSA-N	EC50	0.0	10000.0	nM	,None
544180	P21554	RROHASDXYIXGEF-UHFFFAOYSA-N	EC50	833.0	833.0	nM	
544199	P21554	RSLIVYJRDCBNSL-UHFFFAOYSA-N	EC50	8.0	8.0	nM	
544225	P21554	RTVKXMUOVFBDMX-UHFFFAOYSA-N	EC50	4.0	4.0	nM	
544233	P21554	RUCTXBXENREYKI-UHFFFAOYSA-N	EC50	16.0	16.0	nM	
544250	P21554	RUSMWNFLWLNSRI-KRWDZBQOSA-N	EC50	0.0	10000.0	nM	,None
544253	P21554	RVBXBHMQWZQHMG-UHFFFAOYSA-N	EC50	0.0	10000.0	nM	,None
544264	P21554	RVKKCBQGKSPZQN-UHFFFAOYSA-N	EC50	0.0	10000.0	nM	,None
544266	P21554	RVMOOZXIDDBCLV-UHFFFAOYSA-N	EC50	0.0	10000.0	nM	
544269	P21554	RVMPWSDXPAEYMM-UHFFFAOYSA-N	EC50	1648.4	1648.4	nM	,None
544271	P21554	RVOBEALCAMBFKU-UHFFFAOYSA-N	EC50	0.0	10000.0	nM	,None
544275	P21554	RVQZNWYXNNANJN-UHFFFAOYSA-N	EC50	70.0	70.0	nM	
544280	P21554	RWBCDBGFLTUWCC-UHFFFAOYSA-N	EC50	19.0	19.0	nM	,None
544283	P21554	RWFZLPYQONOIGR-UHFFFAOYSA-N	EC50	5.0	5.0	nM	
544302	P21554	RXNAPXXJDSHPPZ-UHFFFAOYSA-N	EC50	6745.0	6745.0	nM	
544314	P21554	RYVWXXOEDVTKIX-UHFFFAOYSA-N	EC50	166.0	166.0	nM	
544314	P21554	RYVWXXOEDVTKIX-UHFFFAOYSA-N	EC50	4756.0	4756.0	nM	
544337	P21554	SAFWCCQFWVSEOL-UHFFFAOYSA-N	EC50	2.0	2.0	nM	
544339	P21554	SAHBYJFTZSPAIY-UHFFFAOYSA-N	EC50	9.0	9.0	nM	
544350	P21554	SBCISZGBNBETCE-UHFFFAOYSA-N	EC50	0.0	10000.0	nM	,None
544363	P21554	SCCURVNOFJHLLA-INIZCTEOSA-N	EC50	0.0	10000.0	nM	,None
544369	P21554	SCLJKHANCSCITN-UHFFFAOYSA-N	EC50	169.0	169.0	nM	
544385	P21554	SDJCKOQUBVCDGN-UHFFFAOYSA-N	EC50	0.0	10000.0	nM	,None
544385	P21554	SDJCKOQUBVCDGN-UHFFFAOYSA-N	EC50	32.0	32.0	nM	,None
544387	P21554	SDJNVADCNFYMQB-UHFFFAOYSA-N	EC50	44.0	44.0	nM	
544391	P21554	SDQPXNAWWRYEPS-SFHVURJKSA-N	EC50	0.0	10000.0	nM	,None
544396	P21554	SDVMBMPIABHSSR-UHFFFAOYSA-N	EC50	10.0	10.0	nM	
544452	P21554	SGOPBLWCGZIDED-HNNXBMFYSA-N	EC50	0.0	10000.0	nM	,None
544456	P21554	SGTOJOOJYKXYHO-FQEVSTJZSA-N	EC50	0.0	10000.0	nM	,None
544460	P21554	SGWOEOKFLVHZKM-LBPRGKRZSA-N	EC50	0.0	10000.0	nM	,None
544464	P21554	SHEYBSXUFWAXMD-UHFFFAOYSA-N	Inhibition	0.0	50.0	%	27448919
544464	P21554	SHEYBSXUFWAXMD-UHFFFAOYSA-N	Ki	1373.0	1373.0	nM	27448919
544464	P21554	SHEYBSXUFWAXMD-UHFFFAOYSA-N	Ki	1373.03	1373.03	nM	27448919
544487	P21554	SIRCXEXWROSSHD-UHFFFAOYSA-N	EC50	5.0	5.0	nM	
544498	P21554	SJOTZYUIUWRHGW-UHFFFAOYSA-N	EC50	0.0	10000.0	nM	,None
544499	P21554	SJPKKZTWMYDWGV-SFHVURJKSA-N	EC50	0.0	10000.0	nM	,None
544518	P21554	SKRCVMIUVHCUMS-YOZOHBORSA-N	EC50	0.0	10000.0	nM	,None
544531	P21554	SLIQBSRUHSCGMI-ZOZMEPSFSA-N	EC50	0.0	10000.0	nM	,None
544531	P21554	SLIQBSRUHSCGMI-ZOZMEPSFSA-N	EC50	210.0	210.0	nM	,None
544540	P21554	SLMBKCIBIYWVPD-BTDLBPIBSA-N	EC50	0.0	10000.0	nM	,None
544542	P21554	SLMBKCIBIYWVPD-YOZOHBORSA-N	EC50	0.0	10000.0	nM	,None
544551	P21554	SLZUAAUYEASRFX-UHFFFAOYSA-N	EC50	0.0	10000.0	nM	,None
544558	P21554	SMTYGFJYRTUBLQ-UHFFFAOYSA-N	EC50	0.0	10000.0	nM	,None
544566	P21554	SNRVJHXYUSDAMP-UHFFFAOYSA-N	EC50	68.0	68.0	nM	
544572	P21554	SNWZKKGQPMUFNT-UHFFFAOYSA-N	EC50	0.0	10000.0	nM	,None
544597	P21554	SPCIZGDSHYOPNO-CUVJYRNJSA-N	EC50	0.0	10000.0	nM	,None
544615	P21554	SPQNEDLVEZZIDL-OPHOGLAUSA-N	Ki	1859.0	1859.0	nM	27078864
544621	P21554	SPXUEAZKRWVEPQ-UHFFFAOYSA-N	EC50	2.0	2.0	nM	
544659	P21554	SRXNNNMEYXAPCU-UHFFFAOYSA-N	EC50	20.0	20.0	nM	
544665	P21554	SSGHLCPUVLROCE-UHFFFAOYSA-N	EC50	158.0	158.0	nM	
544699	P21554	SUQMDOFGSQCRFG-UHFFFAOYSA-N	EC50	0.0	10000.0	nM	
544739	P21554	SVLVGTSFQFZIBO-QPJJXVBHSA-N	Inhibition	4.7	4.7	%	27876250
544764	P21554	SVVRYMVWCZWKKF-INIZCTEOSA-N	EC50	1591.2	1591.2	nM	,None
544773	P21554	SWSQBWNJWICAPP-SFHVURJKSA-N	EC50	678.1	678.1	nM	,None
544795	P21554	SXPTYIALYZORAE-UHFFFAOYSA-N	EC50	0.0	10000.0	nM	
544797	P21554	SXQSOCKOBROCQQ-UHFFFAOYSA-N	EC50	0.0	10000.0	nM	,None
544804	P21554	SXXRIZKOSSEDDY-UHFFFAOYSA-N	EC50	533.0	533.0	nM	
544806	P21554	SXYWWXYGUSEJHH-AWEZNQCLSA-N	EC50	0.0	10000.0	nM	,None
544808	P21554	SYCTZDZJKNGAFW-UHFFFAOYSA-N	EC50	649.0	649.0	nM	
544829	P21554	SZMWCKVFEVMSLA-CMDGGOBGSA-N	EC50	97.3	97.3	nM	,None
544829	P21554	SZMWCKVFEVMSLA-CMDGGOBGSA-N	EC50	375.0	375.0	nM	,None
544838	P21554	TUBMQQUCYHQEGS-UHFFFAOYSA-N	EC50	53.0	53.0	nM	
544840	P21554	TUCVCASZRHBXAA-HNNXBMFYSA-N	EC50	0.0	10000.0	nM	,None
544843	P21554	TUHYOXCGXGDGRO-UHFFFAOYSA-N	EC50	285.0	285.0	nM	
544846	P21554	TUIYKTFVCVEZFZ-UHFFFAOYSA-N	EC50	0.0	10000.0	nM	
544847	P21554	TUJJQLWDMACFDX-UHFFFAOYSA-N	EC50	0.0	10000.0	nM	
544851	P21554	TULJHTZEQMVUDG-UHFFFAOYSA-N	EC50	234.0	234.0	nM	
544876	P21554	TWAFQKKIIWKULE-INIZCTEOSA-N	EC50	0.0	10000.0	nM	,None
544892	P21554	TXJZCVPDHAMLBN-NSHDSACASA-N	EC50	0.0	10000.0	nM	,None
544907	P21554	TYIUIRJZAOKTNM-UHFFFAOYSA-N	EC50	0.0	10000.0	nM	
544915	P21554	TYWQLBBPYFLOGS-NGICGMGXSA-N	EC50	0.0	10000.0	nM	,None
544926	P21554	TZMUNBUSADUQHP-UHFFFAOYSA-N	EC50	0.0	10000.0	nM	,None
544928	P21554	TZPCVYVZKXLRRI-UHFFFAOYSA-N	EC50	0.0	10000.0	nM	
544941	P21554	UAKWZPSROCCUHZ-CUVJYRNJSA-N	EC50	0.0	10000.0	nM	,None
544958	P21554	UBMUTLRXUXSMNV-SNAWJCMRSA-N	EC50	22.0	22.0	nM	,None
544958	P21554	UBMUTLRXUXSMNV-SNAWJCMRSA-N	EC50	83.0	83.0	nM	,None
544962	P21554	UBPIPJSHJMKAEX-IFGYVTRGSA-N	EC50	0.0	10000.0	nM	,None
544988	P21554	UCUFKAFMMRYRNU-KRWDZBQOSA-N	EC50	0.0	10000.0	nM	,None
545003	P21554	UDLBAALMIUCKMP-UHFFFAOYSA-N	EC50	25.0	25.0	nM	
545020	P21554	UDSRIIFBWPGGCF-FVRDMJKUSA-N	EC50	0.0	10000.0	nM	,None
545039	P21554	UEZHDFWPCZJWFI-UHFFFAOYSA-N	EC50	325.0	325.0	nM	
545049	P21554	UFEOYNVZDUOLDY-UHFFFAOYSA-N	EC50	604.0	604.0	nM	,None
545051	P21554	UFESXQXWDXVMDL-UHFFFAOYSA-N	EC50	14.0	14.0	nM	
545059	P21554	UFJIURKENRZQJI-UHFFFAOYSA-N	EC50	0.0	10000.0	nM	
545067	P21554	UFTZFBPFSVGUTK-INIZCTEOSA-N	EC50	0.0	10000.0	nM	,None
545076	P21554	UGWUEQCOXSQAFU-UHFFFAOYSA-N	EC50	32.0	32.0	nM	
545076	P21554	UGWUEQCOXSQAFU-UHFFFAOYSA-N	EC50	4183.0	4183.0	nM	
545081	P21554	UHCDGNPQERWNGN-UHFFFAOYSA-N	EC50	0.0	10000.0	nM	
545084	P21554	UHDXITGYAGWUGG-UHFFFAOYSA-N	EC50	0.0	10000.0	nM	,None
545097	P21554	UJDZUAWFACIABD-UHFFFAOYSA-N	EC50	1505.0	1505.0	nM	,None
545099	P21554	UJEAAVOZOGMGNH-UHFFFAOYSA-N	EC50	0.0	10000.0	nM	,None
545126	P21554	UKIOOPVCNLACSU-UHFFFAOYSA-N	EC50	1006.0	1006.0	nM	
545133	P21554	UKOPUEDKVWUBMD-UHFFFAOYSA-N	EC50	290.0	290.0	nM	,None
545149	P21554	ULZLYINESXARHU-UHFFFAOYSA-N	EC50	0.0	10000.0	nM	
545179	P21554	UNIQLOTWLJVFFT-INIZCTEOSA-N	EC50	1464.1	1464.1	nM	,None
545189	P21554	UNQRHGWHJJTKHX-UHFFFAOYSA-N	EC50	0.0	10000.0	nM	
545190	P21554	UNRVKIASKAOIFA-UHFFFAOYSA-N	EC50	32.0	32.0	nM	
545190	P21554	UNRVKIASKAOIFA-UHFFFAOYSA-N	EC50	77.0	77.0	nM	
545195	P21554	UNTTUPYHWXJEOZ-UHFFFAOYSA-N	EC50	0.0	10000.0	nM	
545196	P21554	UNXWQBKXHUQJCY-AWEZNQCLSA-N	EC50	0.0	10000.0	nM	,None
545205	P21554	UOCYXIBLTUGJNB-HNNXBMFYSA-N	EC50	0.0	10000.0	nM	,None
545206	P21554	UODQXCLMNQBMOS-UHFFFAOYSA-N	EC50	59.0	59.0	nM	
545214	P21554	UOOMPCAGUCTCHP-UHFFFAOYSA-N	EC50	0.0	10000.0	nM	
545220	P21554	UOTIJJKMNLXXOZ-UHFFFAOYSA-N	EC50	0.0	10000.0	nM	
545228	P21554	UPFRRDUBZREZMS-UHFFFAOYSA-N	EC50	0.0	10000.0	nM	,None
545240	P21554	UQBZMSMREMTJPR-IBGZPJMESA-N	EC50	0.0	10000.0	nM	,None
545242	P21554	UQFPWHOVXABWIZ-UHFFFAOYSA-N	EC50	13.0	13.0	nM	
545274	P21554	URVZVODJEDGKDD-KRWDZBQOSA-N	EC50	1698.4	1698.4	nM	,None
545302	P21554	USLOGBULUSLXLX-UHFFFAOYSA-N	EC50	0.0	10000.0	nM	
545315	P21554	UTDONDAPOKWYOE-UHFFFAOYSA-N	Inhibition	0.0	50.0	%	27448919
545315	P21554	UTDONDAPOKWYOE-UHFFFAOYSA-N	Ki	0.0	10000.0	nM	27448919
545324	P21554	UTSJPERVHKTIIV-UHFFFAOYSA-N	EC50	2.0	2.0	nM	
545345	P21554	UUVJLQSBOAICCA-SFHVURJKSA-N	EC50	1865.8	1865.8	nM	,None
545365	P21554	UWFSBJHRXUJLNU-UHFFFAOYSA-N	EC50	0.0	10000.0	nM	,None
545378	P21554	UXIICCPSZILTAY-UHFFFAOYSA-N	EC50	36.0	36.0	nM	,None
545388	P21554	UYAUGGNRWFCFDZ-UHFFFAOYSA-N	EC50	530.0	530.0	nM	,None
545390	P21554	UYFGREPCZGVVSN-UHFFFAOYSA-N	EC50	27.0	27.0	nM	
545400	P21554	UYKWSMMRYKLGIR-UHFFFAOYSA-N	EC50	818.0	818.0	nM	
545406	P21554	UYOPAJIVCLRWNU-UHFFFAOYSA-N	EC50	0.0	10000.0	nM	,None
545412	P21554	UYXYJADQNQQTLA-UHFFFAOYSA-N	EC50	271.0	271.0	nM	
545422	P21554	UZDHNUSEEVZWIW-AWEZNQCLSA-N	EC50	0.0	10000.0	nM	,None
545436	P21554	UZUAJNYIPZAFCC-CUVJYRNJSA-N	EC50	0.0	10000.0	nM	,None
545463	P21554	VBTVZKKVPYJKPB-IBGZPJMESA-N	EC50	0.0	10000.0	nM	,None
545503	P21554	VDOQZJTZADKGTH-SFHVURJKSA-N	EC50	0.0	10000.0	nM	,None
545503	P21554	VDOQZJTZADKGTH-SFHVURJKSA-N	EC50	830.2	830.2	nM	None
545506	P21554	VDPWGZTZUUULRK-UHFFFAOYSA-N	EC50	324.0	324.0	nM	
545530	P21554	VELIFIGTMFBRPH-UHFFFAOYSA-N	EC50	0.0	10000.0	nM	,None
545536	P21554	VENVKYSIFVXABE-UHFFFAOYSA-N	EC50	0.0	10000.0	nM	,None
545545	P21554	VFLZGKRNNPYJHH-UHFFFAOYSA-N	EC50	64.0	64.0	nM	
545547	P21554	VFMAHZQZZREWKC-UHFFFAOYSA-N	EC50	1569.0	1569.0	nM	
545554	P21554	VGEXOJHOISGPOQ-UHFFFAOYSA-N	EC50	0.0	10000.0	nM	
545603	P21554	VKDBYVJPZIZHOD-UHFFFAOYSA-N	EC50	24.0	24.0	nM	
545616	P21554	VKHICDBOFHQORG-UHFFFAOYSA-N	EC50	19.0	19.0	nM	
545620	P21554	VKIFFBLWMJKJJG-UHFFFAOYSA-N	EC50	30.0	30.0	nM	
545635	P21554	VLLTWAIEGAIZNI-CHPOKUKFSA-N	EC50	0.0	10000.0	nM	,None
545649	P21554	VMDGWODVECVTBV-APDXDRDNSA-N	EC50	0.0	10000.0	nM	,None
545652	P21554	VMFIMGMOGZEXIG-UHFFFAOYSA-N	EC50	4.0	4.0	nM	
545659	P21554	VMPYNSZMTXWZJM-UHFFFAOYSA-N	EC50	32.0	32.0	nM	
545663	P21554	VMZDHGAEHCHJQC-UHFFFAOYSA-N	EC50	4389.0	4389.0	nM	
545665	P21554	VMZPEUXYVDRJEN-UHFFFAOYSA-N	EC50	49.0	49.0	nM	
545683	P21554	VNOGZGIBPZGNHM-UHFFFAOYSA-N	EC50	0.0	10000.0	nM	
545686	P21554	VNWISLWPGGGFRQ-JRZJBTRGSA-N	EC50	1391.1	1391.1	nM	,None
545690	P21554	VODLFQKESGLLEP-UHFFFAOYSA-N	EC50	11.0	11.0	nM	,None
545694	P21554	VOJUPIFFPNJQEP-UHFFFAOYSA-N	EC50	0.0	10000.0	nM	,None
545701	P21554	VOWWDTZOXKOIRE-SFHVURJKSA-N	EC50	0.0	10000.0	nM	,None
545740	P21554	VSCMKZVZZCTJMJ-UHFFFAOYSA-N	EC50	0.0	10000.0	nM	,None
545765	P21554	VTYGHOAHGMNBDN-UHFFFAOYSA-N	EC50	120.0	120.0	nM	
545785	P21554	VURDSALMLAGFSD-ZDUSSCGKSA-N	EC50	0.0	10000.0	nM	,None
545790	P21554	VUVMQFRHLXTLHC-IBGZPJMESA-N	EC50	5285.0	5285.0	nM	,None
545792	P21554	VUVMQFRHLXTLHC-UHFFFAOYSA-N	EC50	0.0	10000.0	nM	,None
545794	P21554	VVFMTXUAODNFIP-AWEZNQCLSA-N	EC50	0.0	10000.0	nM	,None
545801	P21554	VVLMARNQGHNNHD-UHFFFAOYSA-N	IC50	2000.0	2000.0	nM	,None
545801	P21554	VVLMARNQGHNNHD-UHFFFAOYSA-N	Ki	889.0	889.0	nM	,None
545807	P21554	VVPMUWLKDZXUHA-UHFFFAOYSA-N	EC50	15.0	15.0	nM	
545811	P21554	VVZZGRLNJXCLEN-UHFFFAOYSA-N	EC50	0.0	10000.0	nM	,None
545815	P21554	VWCUPYLJQYNCJN-UHFFFAOYSA-N	EC50	432.0	432.0	nM	
545817	P21554	VWDRVCVNSCYAFX-UHFFFAOYSA-N	EC50	0.0	10000.0	nM	
545820	P21554	VWGHODKZBDHLDF-INIZCTEOSA-N	EC50	0.0	10000.0	nM	,None
545836	P21554	VXCCUPJXIVSMJK-UHFFFAOYSA-N	EC50	68.0	68.0	nM	
545837	P21554	VXMUSOWCWIELIS-UHFFFAOYSA-N	EC50	950.0	950.0	nM	
545840	P21554	VXQOKJINQOZOQK-UHFFFAOYSA-N	EC50	5.0	5.0	nM	
545840	P21554	VXQOKJINQOZOQK-UHFFFAOYSA-N	EC50	6.0	6.0	nM	
545863	P21554	VYEXHOANMXAKDW-UHFFFAOYSA-N	EC50	0.0	10000.0	nM	
545871	P21554	VYJVVPMCRWSCIJ-UHFFFAOYSA-N	EC50	0.0	10000.0	nM	
545880	P21554	VZFNTIBCUQHUTG-HNNXBMFYSA-N	EC50	0.0	10000.0	nM	,None
545887	P21554	VZMBXHOIYPJRBB-AWEZNQCLSA-N	EC50	0.0	10000.0	nM	,None
545905	P21554	WAURBFCYKNFRDO-HNNXBMFYSA-N	EC50	322.7	322.7	nM	,None
545905	P21554	WAURBFCYKNFRDO-HNNXBMFYSA-N	EC50	1257.3	1257.3	nM	None
545918	P21554	WBIVLCHUXWWDTD-UHFFFAOYSA-N	EC50	22.0	22.0	nM	,None
545925	P21554	WBNKWDHXVCSHJJ-UHFFFAOYSA-N	EC50	194.0	194.0	nM	
545939	P21554	WBWCBPVTIJFNJL-FQEVSTJZSA-N	EC50	0.0	10000.0	nM	None
545939	P21554	WBWCBPVTIJFNJL-FQEVSTJZSA-N	EC50	330.0	330.0	nM	,None
545940	P21554	WBWCBPVTIJFNJL-UHFFFAOYSA-N	EC50	0.0	10000.0	nM	,None
545943	P21554	WCAWKMLSIYGNLP-UHFFFAOYSA-N	EC50	617.0	617.0	nM	
545984	P21554	WEBIPWRCFXHPRG-UHFFFAOYSA-N	EC50	0.0	10000.0	nM	
545996	P21554	WENGYGXMRTYYDF-UHFFFAOYSA-N	EC50	0.0	10000.0	nM	,None
546003	P21554	WEYIIJLTOPJEDN-BRDUYFECSA-N	Ki	0.0	10000.0	nM	26756097
546007	P21554	WFBGYXUFXBHCIC-UHFFFAOYSA-N	EC50	35.0	35.0	nM	
546022	P21554	WFUANOFBPAZXDE-UHFFFAOYSA-N	EC50	0.0	10000.0	nM	,None
546054	P21554	WGVOIZYZSGQQTF-UHFFFAOYSA-N	EC50	0.0	10000.0	nM	
546066	P21554	WHDBZGSSGHJRIM-UHFFFAOYSA-N	EC50	941.0	941.0	nM	
546068	P21554	WHEVZVDNKRTZHA-UHFFFAOYSA-N	EC50	0.0	10000.0	nM	
546074	P21554	WHJMDXSSGLASRF-CVZPLEKBSA-N	Ki	549.0	549.0	nM	27078864
546087	P21554	WIJNCXRCTJRBNB-SXWUCCAISA-N	EC50	0.0	10000.0	nM	,None
546087	P21554	WIJNCXRCTJRBNB-SXWUCCAISA-N	EC50	310.0	310.0	nM	,None
546090	P21554	WINKRSCBRNPWJQ-INIZCTEOSA-N	EC50	0.0	10000.0	nM	,None
546101	P21554	WJGBHZXELPJWNC-UHFFFAOYSA-N	EC50	0.0	10000.0	nM	,None
546109	P21554	WJTAKJCKVXTWDS-UHFFFAOYSA-N	EC50	366.0	366.0	nM	,None
546114	P21554	WKANHJHDIVVWMB-UHFFFAOYSA-N	EC50	24.0	24.0	nM	
546120	P21554	WKKWCYSKPGGNJJ-UHFFFAOYSA-N	EC50	0.0	10000.0	nM	
546123	P21554	WKPDQJKEYKBGBN-UHFFFAOYSA-N	EC50	0.0	10000.0	nM	
546144	P21554	WMRPSMNDRHQDDL-UHFFFAOYSA-N	EC50	0.0	10000.0	nM	
546150	P21554	WMTHDYHQAPHVDC-JTQLQIEISA-N	EC50	2472.3	2472.3	nM	,None
546151	P21554	WMTYHEVDTDIEPH-UHFFFAOYSA-N	EC50	4.0	4.0	nM	
546165	P21554	WNJKAOZYBCEKOT-UHFFFAOYSA-N	EC50	1246.2	1246.2	nM	,None
546166	P21554	WNLPALAQRMAMFR-UHFFFAOYSA-N	EC50	1134.0	1134.0	nM	
546195	P21554	WOIDJTAEQHMJIS-UHFFFAOYSA-N	EC50	0.0	10000.0	nM	
546257	P21554	WRLKXFZKHYBNAN-UHFFFAOYSA-N	EC50	0.0	10000.0	nM	
546269	P21554	WRYFRWQNTDKNJH-UHFFFAOYSA-N	EC50	478.0	478.0	nM	
546283	P21554	WTEHSKAGFXZHBI-UHFFFAOYSA-N	EC50	374.0	374.0	nM	
546310	P21554	WTYRESTZVQXICD-UHFFFAOYSA-N	EC50	0.0	10000.0	nM	,None
546336	P21554	WVAOAYRRTAJTSM-VOTSOKGWSA-N	EC50	2280.0	2280.0	nM	,None
546393	P21554	WYMNXAQRCMLVSK-UHFFFAOYSA-N	EC50	4.0	4.0	nM	
546397	P21554	WYNGERXNJPGMMZ-DAFODLJHSA-N	EC50	759.0	759.0	nM	,None
546398	P21554	WYONIFFIPHQDLD-UHFFFAOYSA-N	EC50	0.0	10000.0	nM	,None
546408	P21554	WYYURRJKHXNBEY-UHFFFAOYSA-N	EC50	43.0	43.0	nM	
546410	P21554	WZAOVQPGFNHOJZ-UHFFFAOYSA-N	EC50	0.0	10000.0	nM	
546418	P21554	WZTXXAFHTBEVGQ-UHFFFAOYSA-N	EC50	0.0	10000.0	nM	,None
546430	P21554	XARTZWCZXFNEGB-UHFFFAOYSA-N	EC50	0.0	10000.0	nM	,None
546441	P21554	XBVIKUYKWIKFCD-UHFFFAOYSA-N	EC50	180.0	180.0	nM	
546461	P21554	XDDOQYGIFUIWFV-UHFFFAOYSA-N	EC50	762.0	762.0	nM	
546473	P21554	XDZBBZVCIQZDOI-UHFFFAOYSA-N	EC50	0.0	10000.0	nM	
546496	P21554	XFXNKNOCNSQNOS-UHFFFAOYSA-N	EC50	3.0	3.0	nM	
546508	P21554	XGJVWIAMHQEAER-UHFFFAOYSA-N	EC50	0.0	10000.0	nM	,None
546523	P21554	XHRIANDCIHPOGF-SFHVURJKSA-N	EC50	0.0	10000.0	nM	,None
546526	P21554	XHRIANDCIHPOGF-UHFFFAOYSA-N	EC50	0.0	10000.0	nM	,None
546550	P21554	XIMWVTODMNEYPM-UHFFFAOYSA-N	IC50	569.0	569.0	nM	,None
546550	P21554	XIMWVTODMNEYPM-UHFFFAOYSA-N	IC50	8813.0	8813.0	nM	,None
546550	P21554	XIMWVTODMNEYPM-UHFFFAOYSA-N	Ki	273.0	273.0	nM	,None
546550	P21554	XIMWVTODMNEYPM-UHFFFAOYSA-N	Ki	4908.0	4908.0	nM	,None
546554	P21554	XIPHDYHDQLPKRO-UHFFFAOYSA-N	EC50	9.0	9.0	nM	
546582	P21554	XJPQRBGPWVIUJB-UHFFFAOYSA-N	EC50	82.0	82.0	nM	
546591	P21554	XKJHJRQCCGZLRF-UHFFFAOYSA-N	EC50	8.0	8.0	nM	
546612	P21554	XLJBXAXREZCRAO-HNNXBMFYSA-N	EC50	0.0	10000.0	nM	,None
546626	P21554	XMJHLMQVVMGQAP-KRWDZBQOSA-N	EC50	0.0	10000.0	nM	,None
546627	P21554	XMJHLMQVVMGQAP-UHFFFAOYSA-N	EC50	0.0	10000.0	nM	,None
546655	P21554	XNCRLZJDRSJNGA-UHFFFAOYSA-N	EC50	336.8	336.8	nM	
546655	P21554	XNCRLZJDRSJNGA-UHFFFAOYSA-N	EC50	337.0	337.0	nM	
546676	P21554	XNUMLEZFEOUPPQ-UHFFFAOYSA-N	EC50	6006.0	6006.0	nM	
546680	P21554	XOMUKZYXMPQWKV-NRFANRHFSA-N	EC50	0.0	10000.0	nM	,None
546680	P21554	XOMUKZYXMPQWKV-NRFANRHFSA-N	EC50	240.3	240.3	nM	None
546692	P21554	XPOWWEJWAWCBCA-UHFFFAOYSA-N	EC50	84.0	84.0	nM	
546697	P21554	XQDGHWNRDOLQRQ-ZDUSSCGKSA-N	EC50	0.0	10000.0	nM	,None
546703	P21554	XQKQENAUOUWHPY-UHFFFAOYSA-N	EC50	17.0	17.0	nM	
546726	P21554	XRFAUTYOXDGQFN-KRWDZBQOSA-N	EC50	91.4	91.4	nM	,None
546730	P21554	XRLQZPRYWJTBSE-FAQQKDIKSA-N	EC50	0.0	10000.0	nM	,None
546744	P21554	XSACCYGTSYXNGG-UHFFFAOYSA-N	EC50	85.0	85.0	nM	
546748	P21554	XSNWYJFFDWYPKZ-HNNXBMFYSA-N	EC50	0.0	10000.0	nM	,None
546752	P21554	XSSISGIWTVCHHH-UHFFFAOYSA-N	EC50	249.0	249.0	nM	
546756	P21554	XSVNNGAAABIATC-SFHVURJKSA-N	EC50	0.0	10000.0	nM	,None
546759	P21554	XSWSVFHQCZSDPR-UHFFFAOYSA-N	EC50	0.0	10000.0	nM	
546774	P21554	XTLWPVIAWXEQMP-APDXDRDNSA-N	EC50	0.0	10000.0	nM	,None
546776	P21554	XTLWPVIAWXEQMP-YPMLDQLKSA-N	EC50	0.0	10000.0	nM	,None
546789	P21554	XTYGYHPGXXOKCJ-XUYKGMDWSA-N	Ki	1245.0	1245.0	nM	26756097
546799	P21554	XUSOZPXGGRAERL-AWEZNQCLSA-N	EC50	1132.3	1132.3	nM	,None
546811	P21554	XVGMPCNNHOZVDP-UHFFFAOYSA-N	EC50	2.0	2.0	nM	
546815	P21554	XVKGXSRVWSSDNX-UHFFFAOYSA-N	EC50	20.0	20.0	nM	
546818	P21554	XVLDXTYTGGYMOO-UHFFFAOYSA-N	EC50	0.0	10000.0	nM	,None
546828	P21554	XVZIYBMQLAQRTF-UHFFFAOYSA-N	EC50	1241.0	1241.0	nM	
546836	P21554	XWSRPZFKEDXJNG-UHFFFAOYSA-N	EC50	0.0	10000.0	nM	,None
546841	P21554	XXIWLAROSAAJRD-CSUSBRIFSA-N	Ki	501.0	501.0	nM	26756097
546887	P21554	YAHOAMIKKWQZNP-HNNXBMFYSA-N	EC50	0.0	10000.0	nM	,None
546895	P21554	YAQFRDJMHLPUJZ-UHFFFAOYSA-N	EC50	0.0	10000.0	nM	,None
546936	P21554	YDFMRSVZMGEPGB-AWEZNQCLSA-N	EC50	0.0	10000.0	nM	,None
546939	P21554	YDKZEJMKYMXXAI-UHFFFAOYSA-N	EC50	0.0	10000.0	nM	
546942	P21554	YDPKMPAOMQLUFC-UHFFFAOYSA-N	EC50	29.0	29.0	nM	,None
546951	P21554	YDTAYGLKVCWFRH-UHFFFAOYSA-N	EC50	6548.0	6548.0	nM	
546953	P21554	YDTXWLNWZDXLGB-UHFFFAOYSA-N	EC50	583.0	583.0	nM	
546954	P21554	YDURYMDSXAIBBP-UHFFFAOYSA-N	EC50	322.0	322.0	nM	,None
546958	P21554	YDUZZETWBAQFAY-UHFFFAOYSA-N	IC50	0.0	10000.0	nM	27560280
546958	P21554	YDUZZETWBAQFAY-UHFFFAOYSA-N	Inhibition	0.0	50.0	%	27560280
546958	P21554	YDUZZETWBAQFAY-UHFFFAOYSA-N	Ki	0.0	10000.0	nM	27560280
546960	P21554	YEAACLBMBWXAJI-CVRLYYSRSA-N	EC50	0.0	10000.0	nM	,None
546962	P21554	YEBYJDDEHYSRFD-UHFFFAOYSA-N	EC50	0.0	10000.0	nM	,None
546973	P21554	YFEZYWCRIAEJFD-UHFFFAOYSA-N	EC50	0.0	10000.0	nM	
546983	P21554	YFRNVJAIVIJFIY-UHFFFAOYSA-N	EC50	587.0	587.0	nM	
547023	P21554	YHBWDNQEDGRHEX-UHFFFAOYSA-N	EC50	23.0	23.0	nM	
547038	P21554	YIATZXPSLJFHJG-UHFFFAOYSA-N	EC50	0.0	10000.0	nM	,None
547040	P21554	YIBNRTKNLHQBAO-ZDUSSCGKSA-N	EC50	0.0	10000.0	nM	,None
547043	P21554	YIINLUUQZWSARU-LBPRGKRZSA-N	EC50	0.0	10000.0	nM	,None
547047	P21554	YIUDDACEMXESNZ-JTQLQIEISA-N	EC50	0.0	10000.0	nM	,None
547081	P21554	YLHZDXDHVQBEIG-UHFFFAOYSA-N	EC50	59.0	59.0	nM	
547084	P21554	YLLVQFPLWBLWGZ-INIZCTEOSA-N	EC50	801.3	801.3	nM	,None
547087	P21554	YLOBYAWMYVSJMP-UHFFFAOYSA-N	EC50	0.0	10000.0	nM	
547094	P21554	YLUVLAGMBQLRKW-UHFFFAOYSA-N	EC50	0.0	10000.0	nM	,None
547098	P21554	YMAQRDXKWMRZGZ-ZZXKWVIFSA-N	EC50	15.1	15.1	nM	,None
547098	P21554	YMAQRDXKWMRZGZ-ZZXKWVIFSA-N	EC50	59.0	59.0	nM	,None
547108	P21554	YMRAMJXPOJXMAC-UHFFFAOYSA-N	EC50	10.0	10.0	nM	
547121	P21554	YNZFFALZMRAPHQ-UHFFFAOYSA-N	EC50	9.0	9.0	nM	,None
547121	P21554	YNZFFALZMRAPHQ-UHFFFAOYSA-N	Ki	3.4	3.4	nM	,None
547126	P21554	YOABBGLCCJMZAU-SFHVURJKSA-N	EC50	0.0	10000.0	nM	,None
547145	P21554	YOPYPAFNHQZWSA-UHFFFAOYSA-N	EC50	0.0	10000.0	nM	,None
547147	P21554	YOQMNGPKORZOQG-INIZCTEOSA-N	EC50	0.0	10000.0	nM	,None
547181	P21554	YQBCSZMACCYMLR-SFHVURJKSA-N	EC50	0.0	10000.0	nM	,None
547185	P21554	YQLPMTOGESEJNT-QFIPXVFZSA-N	EC50	199.4	199.4	nM	,None
547185	P21554	YQLPMTOGESEJNT-QFIPXVFZSA-N	EC50	488.9	488.9	nM	None
547203	P21554	YROBXCICKBIXFB-NRFANRHFSA-N	EC50	91.0	91.0	nM	,None
547208	P21554	YRRINWJHRRTFIM-UHFFFAOYSA-N	EC50	8.0	8.0	nM	
547210	P21554	YRSQEAJIQUWFEK-UHFFFAOYSA-N	EC50	0.0	10000.0	nM	
547237	P21554	YSUYZOKIMZOYCT-UHFFFAOYSA-N	EC50	13.0	13.0	nM	
547245	P21554	YTIPRQCWHLGCLN-FQEVSTJZSA-N	EC50	122.6	122.6	nM	,None
547292	P21554	YVXRDRKGQXLTHY-UHFFFAOYSA-N	EC50	6.0	6.0	nM	
547296	P21554	YWNOCVUBSAREDY-UHFFFAOYSA-N	EC50	4.0	4.0	nM	
547300	P21554	YWPJIGHCECZNOV-UHFFFAOYSA-N	EC50	2329.4	2329.4	nM	
547310	P21554	YWZGEGZSNRFLOJ-AWEZNQCLSA-N	EC50	660.7	660.7	nM	None
547313	P21554	YWZGEGZSNRFLOJ-UHFFFAOYSA-N	EC50	0.0	10000.0	nM	,None
547321	P21554	YXONYLIADHIZCX-UHFFFAOYSA-N	EC50	0.0	10000.0	nM	,None
547324	P21554	YXRYPPIBSOFPHA-SFHVURJKSA-N	EC50	0.0	10000.0	nM	,None
547339	P21554	YYUGMRZATHBVQM-UHFFFAOYSA-N	EC50	77.0	77.0	nM	
547343	P21554	YZFINHKVWPWHRM-UHFFFAOYSA-N	EC50	3.0	3.0	nM	
547364	P21554	YZYXRUJAVCOJBN-UHFFFAOYSA-N	EC50	199.0	199.0	nM	
547366	P21554	ZAAUOWYTSXDXKI-UHFFFAOYSA-N	EC50	0.0	10000.0	nM	,None
547380	P21554	ZAPTUIAOPYZKKS-UHFFFAOYSA-N	EC50	12.0	12.0	nM	
547386	P21554	ZBHWMXIOFTUNJH-UHFFFAOYSA-N	EC50	345.0	345.0	nM	
547417	P21554	ZCNZLIAPTGMNBK-UHFFFAOYSA-N	EC50	150.0	150.0	nM	
547421	P21554	ZCRRCEOPNJGSBT-UHFFFAOYSA-N	EC50	0.0	10000.0	nM	,None
547437	P21554	ZDPDDZLEKZATLZ-UHFFFAOYSA-N	IC50	0.0	10000.0	nM	27560280
547437	P21554	ZDPDDZLEKZATLZ-UHFFFAOYSA-N	Inhibition	0.0	50.0	%	27560280
547437	P21554	ZDPDDZLEKZATLZ-UHFFFAOYSA-N	Ki	0.0	10000.0	nM	27560280
547447	P21554	ZECUDEIGGOHWPV-UHFFFAOYSA-N	EC50	0.0	10000.0	nM	,None
547457	P21554	ZEWSNEGMLVJXOL-UHFFFAOYSA-N	EC50	0.0	10000.0	nM	
547460	P21554	ZEYVWHJGSVXOHI-AWEZNQCLSA-N	EC50	0.0	10000.0	nM	,None
547467	P21554	ZFCWREJEEFRYQJ-AWEZNQCLSA-N	EC50	0.0	10000.0	nM	,None
547486	P21554	ZFOQTQYDDLIWKA-UHFFFAOYSA-N	EC50	2.0	2.0	nM	
547491	P21554	ZGEGFXUPPMEWHZ-UHFFFAOYSA-N	EC50	0.0	10000.0	nM	
547523	P21554	ZILQQLPCOPQXBI-HNNXBMFYSA-N	EC50	0.0	10000.0	nM	,None
547544	P21554	ZJEDMUQOLRYVBT-UHFFFAOYSA-N	EC50	0.0	10000.0	nM	,None
547551	P21554	ZJPJFKAXHGOXJW-UHFFFAOYSA-N	EC50	0.0	10000.0	nM	,None
547574	P21554	ZKNNIFSZTRIMQC-UHFFFAOYSA-N	EC50	34.0	34.0	nM	
547604	P21554	ZLJSRQNJHBQSFF-UHFFFAOYSA-N	EC50	202.0	202.0	nM	
547609	P21554	ZLRUPVLKUITRKC-UHFFFAOYSA-N	EC50	191.0	191.0	nM	
547614	P21554	ZLWPDTOAEXFXDM-UHFFFAOYSA-N	EC50	39.0	39.0	nM	
547649	P21554	ZMVMMDXWLMDXCC-UHFFFAOYSA-N	EC50	0.0	10000.0	nM	,None
547660	P21554	ZNJFNPLRXHPVJR-UHFFFAOYSA-N	EC50	0.0	10000.0	nM	,None
547682	P21554	ZOLUANKVFRGPLW-UHFFFAOYSA-N	EC50	0.0	10000.0	nM	
547692	P21554	ZPEKGYCPMJYCBG-UHFFFAOYSA-N	EC50	5800.0	5800.0	nM	
547732	P21554	ZQZPIIVPDSVKDH-UHFFFAOYSA-N	EC50	170.0	170.0	nM	
547761	P21554	ZSPXOYROQKAIFI-UHFFFAOYSA-N	EC50	0.0	10000.0	nM	
547769	P21554	ZSYRDKCJWAWTBE-STQMWFEESA-N	EC50	0.0	10000.0	nM	,None
547772	P21554	ZTEZEJTZWANYBN-UHFFFAOYSA-N	EC50	0.0	10000.0	nM	,None
547775	P21554	ZTPKHWMFWXCLOG-UHFFFAOYSA-N	EC50	5.0	5.0	nM	
547778	P21554	ZTWBZZGRZIWCBO-UHFFFAOYSA-N	EC50	49.0	49.0	nM	
547782	P21554	ZUDCQDFRFUEYBK-UHFFFAOYSA-N	EC50	8.0	8.0	nM	
547782	P21554	ZUDCQDFRFUEYBK-UHFFFAOYSA-N	EC50	24.0	24.0	nM	
547790	P21554	ZULXETDPENFKSY-UHFFFAOYSA-N	EC50	0.0	10000.0	nM	,None
547804	P21554	ZVGNNTZBRRKTHH-UHFFFAOYSA-N	EC50	0.0	10000.0	nM	,None
547814	P21554	ZVPBTUFLCCZRRW-ZDUSSCGKSA-N	EC50	0.0	10000.0	nM	,None
547818	P21554	ZVRHNSIABHQPLR-UHFFFAOYSA-N	EC50	9.0	9.0	nM	
547822	P21554	ZVUWJOWNWZGZHC-UHFFFAOYSA-N	EC50	0.0	10000.0	nM	
547830	P21554	ZWZXBTYGVKVNQA-UHFFFAOYSA-N	EC50	0.0	10000.0	nM	
547841	P21554	ZXUZAPJTRDGBSY-UHFFFAOYSA-N	IC50	6000.0	6000.0	nM	,None
547841	P21554	ZXUZAPJTRDGBSY-UHFFFAOYSA-N	Ki	2680.0	2680.0	nM	,None
547881	P21554	ZZHORSHFWWDLRZ-UHFFFAOYSA-N	EC50	0.0	10000.0	nM	,None
547883	P21554	ZZHORSHFWWDLRZ-ZDUSSCGKSA-N	EC50	0.0	10000.0	nM	,None
547898	P21554	ZZSGQDISVHJWKZ-UHFFFAOYSA-N	EC50	0.0	10000.0	nM	
547922	P21554	ADHFKNOBBGUGEH-HNNXBMFYSA-N	EC50	0.0	10000.0	nM	None
547951	P21554	AGFFBJWUVQNKIX-CZIZESTLSA-N	EC50	7.0	7.0	nM	27671496
547951	P21554	AGFFBJWUVQNKIX-CZIZESTLSA-N	EC50	7.0	7.0	nM	27671496
547953	P21554	AGFOWDLWXFQXDY-SWLSCSKDSA-N	EC50	0.0	10000.0	nM	None
547965	P21554	AIOQZVVKJGWGOM-WECAROLCSA-N	EC50	8.0	8.0	nM	27671496
547965	P21554	AIOQZVVKJGWGOM-WECAROLCSA-N	EC50	8.0	8.0	nM	27671496
548017	P21554	AQHMAKURGRYIMV-UHFFFAOYSA-N	Inhibition	0.0	50.0	%	27448919
548017	P21554	AQHMAKURGRYIMV-UHFFFAOYSA-N	Ki	0.0	10000.0	nM	27448919
548057	P21554	AVYOWJKCNOVUJC-BAOGCXAUSA-N	EC50	7.0	7.0	nM	27671499
548057	P21554	AVYOWJKCNOVUJC-BAOGCXAUSA-N	EC50	7.0	7.0	nM	27671499
548065	P21554	AWXPIFQUFWZVAF-UHFFFAOYSA-N	IC50	0.0	10000.0	nM	27560280
548065	P21554	AWXPIFQUFWZVAF-UHFFFAOYSA-N	Inhibition	0.0	50.0	%	27560280
548065	P21554	AWXPIFQUFWZVAF-UHFFFAOYSA-N	Ki	0.0	10000.0	nM	27560280
548130	P21554	BEJMVKMGIMTOQH-WTNDLDAUSA-N	EC50	18.0	18.0	nM	27671496
548132	P21554	BEJODQWULIPCQD-UHFFFAOYSA-N	IC50	0.0	10000.0	nM	27560280
548132	P21554	BEJODQWULIPCQD-UHFFFAOYSA-N	Inhibition	0.0	50.0	%	27560280
548132	P21554	BEJODQWULIPCQD-UHFFFAOYSA-N	Ki	0.0	10000.0	nM	27560280
548204	P21554	BOXQWPWSSYVTDZ-UHFFFAOYSA-N	Inhibition	0.0	50.0	%	27448919
548204	P21554	BOXQWPWSSYVTDZ-UHFFFAOYSA-N	Ki	0.0	10000.0	nM	27448919
548219	P21554	BQJOLLFQTKCSOO-UHFFFAOYSA-N	Inhibition	0.0	50.0	%	27448919
548219	P21554	BQJOLLFQTKCSOO-UHFFFAOYSA-N	Ki	0.0	10000.0	nM	27448919
548291	P21554	BWKBSNKHBAZVMY-SFHVURJKSA-N	EC50	205.9	205.9	nM	None
548306	P21554	BYQYYKPKLCWQAI-INIZCTEOSA-N	EC50	91.9	91.9	nM	None
548345	P21554	CELSVJRFZCVCSS-KRWDZBQOSA-N	EC50	0.0	10000.0	nM	None
548391	P21554	CJQXVQQIWACPJS-NGMZNZPNSA-N	EC50	22.0	22.0	nM	27671499
548506	P21554	CXSSYNNZICYZNA-AWEZNQCLSA-N	EC50	0.0	10000.0	nM	None
548511	P21554	CYHJJFKNECOYOP-UHFFFAOYSA-N	IC50	800.0	800.0	nM	27560280
548511	P21554	CYHJJFKNECOYOP-UHFFFAOYSA-N	Inhibition	0.0	50.0	%	27560280
548511	P21554	CYHJJFKNECOYOP-UHFFFAOYSA-N	Ki	500.0	500.0	nM	27560280
548579	P21554	DFGLANSYXXIUOY-LBPRGKRZSA-N	EC50	0.0	10000.0	nM	None
548619	P21554	DIUXLOSTTAWMLL-SMDDNHRTSA-N	EC50	0.0	10000.0	nM	None
548622	P21554	DJKXVZISGWNZQG-UHFFFAOYSA-N	Inhibition	0.0	50.0	%	27448919
548622	P21554	DJKXVZISGWNZQG-UHFFFAOYSA-N	Ki	518.0	518.0	nM	27448919
548622	P21554	DJKXVZISGWNZQG-UHFFFAOYSA-N	Ki	518.2	518.2	nM	27448919
548634	P21554	DLWFPAIRTIZRAQ-UHFFFAOYSA-N	IC50	9700.0	9700.0	nM	27560280
548634	P21554	DLWFPAIRTIZRAQ-UHFFFAOYSA-N	Inhibition	0.0	50.0	%	27560280
548634	P21554	DLWFPAIRTIZRAQ-UHFFFAOYSA-N	Ki	5900.0	5900.0	nM	27560280
548641	P21554	DMJFIKAISKBQHN-AOMKIAJQSA-N	EC50	0.0	10000.0	nM	None
548718	P21554	DWGWWHOFDXQQAL-HNNXBMFYSA-N	EC50	0.0	10000.0	nM	None
548758	P21554	FAXHAJATTGMJBR-UHFFFAOYSA-N	IC50	8400.0	8400.0	nM	27560280
548758	P21554	FAXHAJATTGMJBR-UHFFFAOYSA-N	Inhibition	0.0	50.0	%	27560280
548758	P21554	FAXHAJATTGMJBR-UHFFFAOYSA-N	Ki	5100.0	5100.0	nM	27560280
548860	P21554	FNJXDPLNWFEMPF-RILMWAFASA-N	EC50	35.0	35.0	nM	27671496
548956	P21554	FWUQHSBFLPLCAJ-UHFFFAOYSA-N	IC50	0.0	10000.0	nM	27560280
548956	P21554	FWUQHSBFLPLCAJ-UHFFFAOYSA-N	Inhibition	0.0	50.0	%	27560280
548956	P21554	FWUQHSBFLPLCAJ-UHFFFAOYSA-N	Ki	0.0	10000.0	nM	27560280
548969	P21554	FYIZKKBMENMFBG-RXULLKCLSA-N	EC50	6.0	6.0	nM	27671499
548969	P21554	FYIZKKBMENMFBG-RXULLKCLSA-N	EC50	6.0	6.0	nM	27671499
549032	P21554	GGJMSWYYQFRHNN-UHFFFAOYSA-N	IC50	0.0	10000.0	nM	27560280
549032	P21554	GGJMSWYYQFRHNN-UHFFFAOYSA-N	Inhibition	0.0	50.0	%	27560280
549032	P21554	GGJMSWYYQFRHNN-UHFFFAOYSA-N	Ki	0.0	10000.0	nM	27560280
549062	P21554	GJRORIVCMARHTK-VXNZKSKFSA-N	EC50	30.0	30.0	nM	27671496
549087	P21554	GKAXOANONMZCFR-PQMNFKMDSA-N	EC50	22.0	22.0	nM	27671496
549098	P21554	GMVKCYXMQGUCGI-UHFFFAOYSA-N	Inhibition	0.0	50.0	%	27448919
549098	P21554	GMVKCYXMQGUCGI-UHFFFAOYSA-N	Ki	505.0	505.0	nM	27448919
549098	P21554	GMVKCYXMQGUCGI-UHFFFAOYSA-N	Ki	505.03	505.03	nM	27448919
549141	P21554	GQNFZGSYBXHJRW-NSHDSACASA-N	EC50	0.0	10000.0	nM	None
549156	P21554	GSVUJNCMUJEJKC-UHFFFAOYSA-N	EC50	4900.0	4900.0	nM	,None
549164	P21554	GTIHQUYQNCEOJM-UHFFFAOYSA-N	IC50	9700.0	9700.0	nM	27560280
549164	P21554	GTIHQUYQNCEOJM-UHFFFAOYSA-N	Inhibition	0.0	50.0	%	27560280
549164	P21554	GTIHQUYQNCEOJM-UHFFFAOYSA-N	Ki	5800.0	5800.0	nM	27560280
549192	P21554	GXEIPLPOJXGXKF-UHFFFAOYSA-N	Inhibition	0.0	50.0	%	27448919
549192	P21554	GXEIPLPOJXGXKF-UHFFFAOYSA-N	Ki	5926.7	5926.7	nM	27448919
549192	P21554	GXEIPLPOJXGXKF-UHFFFAOYSA-N	Ki	5927.0	5927.0	nM	27448919
549206	P21554	GYTHQNSLEWSFBB-ZBJSNUHESA-N	EC50	28.0	28.0	nM	27671496
549262	P21554	HGAVVRICQYZBRK-UHFFFAOYSA-N	IC50	0.0	10000.0	nM	27560280
549262	P21554	HGAVVRICQYZBRK-UHFFFAOYSA-N	Inhibition	0.0	50.0	%	27560280
549262	P21554	HGAVVRICQYZBRK-UHFFFAOYSA-N	Ki	0.0	10000.0	nM	27560280
549484	P21554	HXRPRKYDBDQLFE-IAXJKZSUSA-N	EC50	375.2	375.2	nM	None
549494	P21554	HZAFFOPZBPZPPC-AZZGVMCLSA-N	EC50	28.0	28.0	nM	27671496
549530	P21554	IDDHPLVFJHQUOF-UHFFFAOYSA-N	IC50	0.0	10000.0	nM	27560280
549530	P21554	IDDHPLVFJHQUOF-UHFFFAOYSA-N	Inhibition	0.0	50.0	%	27560280
549530	P21554	IDDHPLVFJHQUOF-UHFFFAOYSA-N	Ki	0.0	10000.0	nM	27560280
549592	P21554	IIOXTISPTRJWDM-DYTRJAOYSA-N	EC50	12.0	12.0	nM	27671496
549681	P21554	IUBHHSIXQXKDBY-INIZCTEOSA-N	EC50	1535.3	1535.3	nM	None
549716	P21554	IYOAMTWFZGWWSB-VXNZKSKFSA-N	EC50	4.0	4.0	nM	27671496
549716	P21554	IYOAMTWFZGWWSB-VXNZKSKFSA-N	EC50	4.0	4.0	nM	27671496
549737	P21554	JAAUKJUHYAZVIG-UHFFFAOYSA-N	IC50	1000.0	1000.0	nM	27560280
549737	P21554	JAAUKJUHYAZVIG-UHFFFAOYSA-N	Inhibition	0.0	50.0	%	27560280
549737	P21554	JAAUKJUHYAZVIG-UHFFFAOYSA-N	Ki	600.0	600.0	nM	27560280
549747	P21554	JBCOMBGDMIQAAK-KCOUNZPASA-N	EC50	4.0	4.0	nM	27671499
549747	P21554	JBCOMBGDMIQAAK-KCOUNZPASA-N	EC50	4.0	4.0	nM	27671499
549784	P21554	JEQSZUURBJZGKO-HNNXBMFYSA-N	EC50	155.2	155.2	nM	None
549805	P21554	JHZBJIARSBGHJQ-JRZJBTRGSA-N	EC50	102.1	102.1	nM	None
549879	P21554	JRHNCIILHNCYSB-JQIJEIRASA-N	EC50	11.0	11.0	nM	27671496
549956	P21554	JXXNYILRKWQKIS-UHFFFAOYSA-N	Inhibition	0.0	50.0	%	27448919
549956	P21554	JXXNYILRKWQKIS-UHFFFAOYSA-N	Ki	0.0	10000.0	nM	27448919
549990	P21554	KDYLQDJVVLEYND-NSHDSACASA-N	EC50	0.0	10000.0	nM	None
549995	P21554	KEEOXPUMHOLCAE-INIZCTEOSA-N	EC50	0.0	10000.0	nM	None
550007	P21554	KFIUYTPTIHLJGV-VZMFNRANSA-N	EC50	15.0	15.0	nM	27671499
550029	P21554	KIIXHWREEFBHTH-DDNKWHRWSA-N	EC50	6.0	6.0	nM	27671499
550029	P21554	KIIXHWREEFBHTH-DDNKWHRWSA-N	EC50	6.0	6.0	nM	27671499
550052	P21554	KLLWBIAQONUJSO-LVZFUZTISA-N	EC50	13.0	13.0	nM	27671496
550195	P21554	LCVVPMVFUGNKDK-UHFFFAOYSA-N	IC50	0.0	10000.0	nM	27560280
550195	P21554	LCVVPMVFUGNKDK-UHFFFAOYSA-N	Inhibition	0.0	50.0	%	27560280
550195	P21554	LCVVPMVFUGNKDK-UHFFFAOYSA-N	Ki	0.0	10000.0	nM	27560280
550226	P21554	LIJXONKSNLKXIX-UHFFFAOYSA-N	Inhibition	0.0	50.0	%	27448919
550226	P21554	LIJXONKSNLKXIX-UHFFFAOYSA-N	Ki	3736.7	3736.7	nM	27448919
550226	P21554	LIJXONKSNLKXIX-UHFFFAOYSA-N	Ki	3737.0	3737.0	nM	27448919
550232	P21554	LIYWWXNOXASEBR-BAOGCXAUSA-N	EC50	6.0	6.0	nM	27671499
550232	P21554	LIYWWXNOXASEBR-BAOGCXAUSA-N	EC50	6.0	6.0	nM	27671499
550244	P21554	LKBWFHPTFOIXSW-HNNXBMFYSA-N	EC50	0.0	10000.0	nM	None
550352	P21554	LVLQTZZPPOGMGE-UHFFFAOYSA-N	IC50	0.0	10000.0	nM	27560280
550352	P21554	LVLQTZZPPOGMGE-UHFFFAOYSA-N	Inhibition	0.0	50.0	%	27560280
550352	P21554	LVLQTZZPPOGMGE-UHFFFAOYSA-N	Ki	0.0	10000.0	nM	27560280
550388	P21554	LZHBEWVNDSYHAE-OGTCDWKQSA-N	EC50	32.0	32.0	nM	27671499
550396	P21554	MANFWCLBSHQVMU-MRUVXERFSA-N	EC50	6.0	6.0	nM	27671499
550396	P21554	MANFWCLBSHQVMU-MRUVXERFSA-N	EC50	6.0	6.0	nM	27671499
550398	P21554	MBCLKEZDZBEIIE-UHFFFAOYSA-N	IC50	0.0	10000.0	nM	27560280
550398	P21554	MBCLKEZDZBEIIE-UHFFFAOYSA-N	Inhibition	0.0	50.0	%	27560280
550398	P21554	MBCLKEZDZBEIIE-UHFFFAOYSA-N	Ki	0.0	10000.0	nM	27560280
550403	P21554	MBEMYKYSBQQXMT-KOMLCTQHSA-N	EC50	15.0	15.0	nM	27671499
550430	P21554	MFYZOIPEYIFSRO-UHFFFAOYSA-N	IC50	0.0	10000.0	nM	27560280
550430	P21554	MFYZOIPEYIFSRO-UHFFFAOYSA-N	Inhibition	0.0	50.0	%	27560280
550430	P21554	MFYZOIPEYIFSRO-UHFFFAOYSA-N	Ki	0.0	10000.0	nM	27560280
550481	P21554	MMGRWMUFGYUWDV-UHFFFAOYSA-N	IC50	8100.0	8100.0	nM	27560280
550481	P21554	MMGRWMUFGYUWDV-UHFFFAOYSA-N	Inhibition	0.0	50.0	%	27560280
550481	P21554	MMGRWMUFGYUWDV-UHFFFAOYSA-N	Ki	4900.0	4900.0	nM	27560280
550494	P21554	MNZFCCVSVRWOPW-WECAROLCSA-N	EC50	2.0	2.0	nM	27671496
550494	P21554	MNZFCCVSVRWOPW-WECAROLCSA-N	EC50	2.0	2.0	nM	27671496
550693	P21554	NMAQFBQMZAVAOA-SQVRNEIYSA-N	EC50	20.0	20.0	nM	27671499
550699	P21554	NMDJLDALLMDAOQ-UHFFFAOYSA-N	IC50	0.0	10000.0	nM	27560280
550699	P21554	NMDJLDALLMDAOQ-UHFFFAOYSA-N	Inhibition	0.0	50.0	%	27560280
550699	P21554	NMDJLDALLMDAOQ-UHFFFAOYSA-N	Ki	0.0	10000.0	nM	27560280
550733	P21554	NRJYILVSOMGOMC-AWEZNQCLSA-N	EC50	0.0	10000.0	nM	None
550759	P21554	NUKDGSLJWZKBDN-UHFFFAOYSA-N	IC50	7600.0	7600.0	nM	27560280
550759	P21554	NUKDGSLJWZKBDN-UHFFFAOYSA-N	Inhibition	0.0	50.0	%	27560280
550759	P21554	NUKDGSLJWZKBDN-UHFFFAOYSA-N	Ki	4600.0	4600.0	nM	27560280
550807	P21554	OBPPGEDHVIBWPO-UHFFFAOYSA-N	Inhibition	0.0	50.0	%	27448919
550807	P21554	OBPPGEDHVIBWPO-UHFFFAOYSA-N	Ki	0.0	10000.0	nM	27448919
550827	P21554	ODZRGLSWNBPCCB-QTCOBDOFSA-N	EC50	17.0	17.0	nM	27671499
550838	P21554	OFMWSFTXWIJSCU-UHFFFAOYSA-N	Inhibition	0.0	50.0	%	27448919
550838	P21554	OFMWSFTXWIJSCU-UHFFFAOYSA-N	Ki	4571.51	4571.51	nM	27448919
550838	P21554	OFMWSFTXWIJSCU-UHFFFAOYSA-N	Ki	4572.0	4572.0	nM	27448919
550883	P21554	OKBANFVYIVPARE-UHFFFAOYSA-N	Inhibition	0.0	50.0	%	27448919
550883	P21554	OKBANFVYIVPARE-UHFFFAOYSA-N	Ki	281.0	281.0	nM	27448919
550883	P21554	OKBANFVYIVPARE-UHFFFAOYSA-N	Ki	281.06	281.06	nM	27448919
550887	P21554	OKRJLAZCFBCFGF-HNNXBMFYSA-N	EC50	814.6	814.6	nM	None
550916	P21554	ONGMGQZMIUDISF-JZQBQCRLSA-N	EC50	11.0	11.0	nM	27671499
550939	P21554	OPJPPPHWOSHFCK-UHFFFAOYSA-N	Inhibition	0.0	50.0	%	27448919
550939	P21554	OPJPPPHWOSHFCK-UHFFFAOYSA-N	Ki	1196.7	1196.7	nM	27448919
550998	P21554	OYBWLARULOQKNZ-GMQRBVGNSA-N	EC50	127.0	127.0	nM	27671496
551001	P21554	OYVXMBRKIWHUTQ-UHFFFAOYSA-N	EC50	15.0	15.0	nM	,None
551014	P21554	OZRNRTFVIUUYKW-SOGDLCAJSA-N	EC50	4.0	4.0	nM	27671496
551014	P21554	OZRNRTFVIUUYKW-SOGDLCAJSA-N	EC50	4.0	4.0	nM	27671496
551025	P21554	OZUBKOUYEHLHJA-UHFFFAOYSA-N	Inhibition	0.0	50.0	%	27448919
551025	P21554	OZUBKOUYEHLHJA-UHFFFAOYSA-N	Ki	0.0	10000.0	nM	27448919
551057	P21554	PFQSGQULJACWGS-HNNXBMFYSA-N	EC50	0.0	10000.0	nM	None
551194	P21554	PSQIEONVVPPBRD-RILMWAFASA-N	EC50	7.0	7.0	nM	27671496
551194	P21554	PSQIEONVVPPBRD-RILMWAFASA-N	EC50	7.0	7.0	nM	27671496
551239	P21554	PTJUDNXMKSXQFH-SFHVURJKSA-N	EC50	0.0	10000.0	nM	None
551273	P21554	PWTCANMLJBJRSK-RILMWAFASA-N	EC50	56.0	56.0	nM	27671496
551282	P21554	PXJXUUDEYSHZAX-UHFFFAOYSA-N	IC50	0.0	10000.0	nM	27560280
551282	P21554	PXJXUUDEYSHZAX-UHFFFAOYSA-N	Inhibition	0.0	50.0	%	27560280
551282	P21554	PXJXUUDEYSHZAX-UHFFFAOYSA-N	Ki	0.0	10000.0	nM	27560280
551372	P21554	QIPPETMPTLVPKN-UHFFFAOYSA-N	EC50	875.0	875.0	nM	,None
551391	P21554	QKVJOHQOVRMBRV-UHFFFAOYSA-N	EC50	126.0	126.0	nM	,None
551398	P21554	QMAQRQATPNSCIO-VYIIXAMBSA-N	EC50	0.0	10000.0	nM	None
551413	P21554	QNSMWJGCUHURSA-VIFPVBQESA-N	EC50	0.0	10000.0	nM	None
551466	P21554	QSOFEUWMAZQPQA-QTCOBDOFSA-N	EC50	12.0	12.0	nM	27671499
551474	P21554	QTGAJCQTLIRCFL-UHFFFAOYSA-N		-10000.0	-10000.0		
551512	P21554	QYRXPOVMJPLPCV-INIZCTEOSA-N	EC50	312.6	312.6	nM	None
551542	P21554	RBCNHSTYGFNEOG-UHFFFAOYSA-N	IC50	0.0	10000.0	nM	27560280
551542	P21554	RBCNHSTYGFNEOG-UHFFFAOYSA-N	Inhibition	0.0	50.0	%	27560280
551542	P21554	RBCNHSTYGFNEOG-UHFFFAOYSA-N	Ki	0.0	10000.0	nM	27560280
551602	P21554	RKRCBMVEJROYQW-UHFFFAOYSA-N	EC50	0.0	10000.0	nM	,None
551679	P21554	RRRIHGWXYMSSLB-INIZCTEOSA-N	EC50	115.6	115.6	nM	None
551681	P21554	RRWTYWVQADTJNO-UHFFFAOYSA-N	Inhibition	0.0	50.0	%	27448919
551681	P21554	RRWTYWVQADTJNO-UHFFFAOYSA-N	Ki	0.0	10000.0	nM	27448919
551738	P21554	RYCCPUAHXXLZCA-UHFFFAOYSA-N	Inhibition	0.0	50.0	%	27448919
551738	P21554	RYCCPUAHXXLZCA-UHFFFAOYSA-N	Ki	633.0	633.0	nM	27448919
551738	P21554	RYCCPUAHXXLZCA-UHFFFAOYSA-N	Ki	633.03	633.03	nM	27448919
551781	P21554	SDQCDAWLOGBRPA-UHFFFAOYSA-N	Inhibition	0.0	50.0	%	27448919
551781	P21554	SDQCDAWLOGBRPA-UHFFFAOYSA-N	Ki	0.0	10000.0	nM	27448919
551829	P21554	SJTBCCQSQGIGSA-DYTRJAOYSA-N	EC50	34.0	34.0	nM	27671496
551914	P21554	SSNHGLKFJISNTR-DYSNNVSPSA-N		-10000.0	-10000.0		
551958	P21554	SXFZKGPURVZZQK-ZDUSSCGKSA-N	EC50	0.0	10000.0	nM	None
552054	P21554	UCIUGCJWIQMHEJ-INIZCTEOSA-N	EC50	737.2	737.2	nM	None
552100	P21554	UIHMQZJVBBITKP-JZQBQCRLSA-N	EC50	8.0	8.0	nM	27671499
552100	P21554	UIHMQZJVBBITKP-JZQBQCRLSA-N	EC50	8.0	8.0	nM	27671499
552138	P21554	UMFJZDWETVUUGJ-RILMWAFASA-N	EC50	37.0	37.0	nM	27671496
552155	P21554	UOCNGLIMHYBTAP-INIZCTEOSA-N	EC50	0.0	10000.0	nM	None
552211	P21554	UPTNLTUDMBVVFL-UHFFFAOYSA-N	IC50	1200.0	1200.0	nM	27560280
552211	P21554	UPTNLTUDMBVVFL-UHFFFAOYSA-N	Inhibition	0.0	50.0	%	27560280
552211	P21554	UPTNLTUDMBVVFL-UHFFFAOYSA-N	Ki	700.0	700.0	nM	27560280
552254	P21554	UVZIHKAXDURETI-MIQLPHMESA-N	EC50	9.0	9.0	nM	27671499
552254	P21554	UVZIHKAXDURETI-MIQLPHMESA-N	EC50	9.0	9.0	nM	27671499
552296	P21554	VAADXZLXXYFTQC-INIZCTEOSA-N	EC50	1627.6	1627.6	nM	None
552324	P21554	VEYGRJRSTNWDFO-PPRFWAEMSA-N	EC50	8.0	8.0	nM	27671499
552324	P21554	VEYGRJRSTNWDFO-PPRFWAEMSA-N	EC50	8.0	8.0	nM	27671499
552334	P21554	VGJKOWCTRTVIKA-VOTSOKGWSA-N	EC50	35.8	35.8	nM	,None
552334	P21554	VGJKOWCTRTVIKA-VOTSOKGWSA-N	EC50	580.0	580.0	nM	,None
552344	P21554	VHAFHIHWBOYITQ-UHFFFAOYSA-N	Inhibition	0.0	50.0	%	27448919
552344	P21554	VHAFHIHWBOYITQ-UHFFFAOYSA-N	Ki	317.0	317.0	nM	27448919
552344	P21554	VHAFHIHWBOYITQ-UHFFFAOYSA-N	Ki	317.03	317.03	nM	27448919
552393	P21554	VPTHGWFPZPEPCX-BMRADRMJSA-N	EC50	8.0	8.0	nM	27671496
552393	P21554	VPTHGWFPZPEPCX-BMRADRMJSA-N	EC50	8.0	8.0	nM	27671496
552409	P21554	VRVFAVMWSXPEJE-UHFFFAOYSA-N	IC50	8400.0	8400.0	nM	27560280
552409	P21554	VRVFAVMWSXPEJE-UHFFFAOYSA-N	Inhibition	0.0	50.0	%	27560280
552409	P21554	VRVFAVMWSXPEJE-UHFFFAOYSA-N	Ki	5100.0	5100.0	nM	27560280
552439	P21554	VVWIOYCPQRCGBQ-IBGZPJMESA-N	EC50	0.0	10000.0	nM	None
552478	P21554	WBBZGOJRCWGLHH-VZMFNRANSA-N	EC50	24.0	24.0	nM	27671499
552481	P21554	WBHHMMIMDMUBKC-QJWNTBNXSA-N		-10000.0	-10000.0		
552498	P21554	WDYJUOUECDTFRD-NSHDSACASA-N	EC50	0.0	10000.0	nM	None
552520	P21554	WGYBJEUKOIFMQA-JTQLQIEISA-N	EC50	0.0	10000.0	nM	None
552527	P21554	WHWQEBPAQXENSZ-HNNXBMFYSA-N	EC50	157.4	157.4	nM	None
552537	P21554	WJOMEJOSPBPKGI-YNXXKONLSA-N	EC50	18.0	18.0	nM	27671499
552570	P21554	WNSXGPQBAOPALL-UONOGXRCSA-N	EC50	0.0	10000.0	nM	None
552578	P21554	WNVQEJBTNFMTNC-SFHVURJKSA-N	EC50	357.1	357.1	nM	None
552632	P21554	WWOMHFKSGXUGAT-FQEVSTJZSA-N	EC50	0.0	10000.0	nM	None
552675	P21554	XCFGBTFRPQHTFV-ZDUSSCGKSA-N	EC50	0.0	10000.0	nM	None
552724	P21554	XJGRJPWJLWFQMW-UHFFFAOYSA-N	IC50	4900.0	4900.0	nM	27560280
552724	P21554	XJGRJPWJLWFQMW-UHFFFAOYSA-N	Inhibition	0.0	50.0	%	27560280
552724	P21554	XJGRJPWJLWFQMW-UHFFFAOYSA-N	Ki	2900.0	2900.0	nM	27560280
552818	P21554	XVXWQXRAIFLXMM-JZQBQCRLSA-N	EC50	17.0	17.0	nM	27671499
552859	P21554	YEAPPULZCJSLHC-UHFFFAOYSA-N	IC50	0.0	10000.0	nM	27560280
552859	P21554	YEAPPULZCJSLHC-UHFFFAOYSA-N	Inhibition	0.0	50.0	%	27560280
552859	P21554	YEAPPULZCJSLHC-UHFFFAOYSA-N	Ki	0.0	10000.0	nM	27560280
552906	P21554	YJJXLJXTINUIHK-UHFFFAOYSA-N	IC50	0.0	10000.0	nM	27560280
552906	P21554	YJJXLJXTINUIHK-UHFFFAOYSA-N	Inhibition	0.0	50.0	%	27560280
552906	P21554	YJJXLJXTINUIHK-UHFFFAOYSA-N	Ki	0.0	10000.0	nM	27560280
552908	P21554	YJOVMDYYBGIRNV-INIZCTEOSA-N	EC50	361.1	361.1	nM	None
552910	P21554	YJQDXYVTPLFIRH-AWEZNQCLSA-N	EC50	0.0	10000.0	nM	None
552977	P21554	YOYNENLNPUELRK-WTNDLDAUSA-N	EC50	37.0	37.0	nM	27671496
553007	P21554	YTPBKNZXOGXDKV-NJRDNMGOSA-N	EC50	5.0	5.0	nM	27671499
553007	P21554	YTPBKNZXOGXDKV-NJRDNMGOSA-N	EC50	5.0	5.0	nM	27671499
553038	P21554	YXYWTRJMRSCHJZ-SQVRNEIYSA-N	EC50	28.0	28.0	nM	27671499
553046	P21554	YZQXPJFHKGVZHE-UHFFFAOYSA-N	Inhibition	0.0	50.0	%	27448919
553046	P21554	YZQXPJFHKGVZHE-UHFFFAOYSA-N	Ki	2621.82	2621.82	nM	27448919
553046	P21554	YZQXPJFHKGVZHE-UHFFFAOYSA-N	Ki	2622.0	2622.0	nM	27448919
553053	P21554	YZVVFUVLBFIEMH-UHFFFAOYSA-N	IC50	0.0	10000.0	nM	27560280
553053	P21554	YZVVFUVLBFIEMH-UHFFFAOYSA-N	Inhibition	0.0	50.0	%	27560280
553053	P21554	YZVVFUVLBFIEMH-UHFFFAOYSA-N	Ki	0.0	10000.0	nM	27560280
553059	P21554	ZBAGVNLOHADOLK-DDNKWHRWSA-N	EC50	30.0	30.0	nM	27671499
553135	P21554	ZMUAAMUXYQLOLG-WTNDLDAUSA-N	EC50	35.0	35.0	nM	27671496
553179	P21554	ZROLHBHDLIHEMS-HUUCEWRRSA-N		-10000.0	-10000.0		
553215	P21554	ZVMFOTLGDWTGMA-UHFFFAOYSA-N	IC50	0.0	10000.0	nM	27560280
553215	P21554	ZVMFOTLGDWTGMA-UHFFFAOYSA-N	Inhibition	0.0	50.0	%	27560280
553215	P21554	ZVMFOTLGDWTGMA-UHFFFAOYSA-N	Ki	0.0	10000.0	nM	27560280
553288	P21554	ALQFAGFPQCBPED-UHFFFAOYSA-N	EC50	38.0	38.0	nM	25921407
553520	P21554	DDBVJKJBGHBELF-NHCUHLMSSA-N	Ki	1.14	1.14	nM	28678776
554011	P21554	JEDPSOYOYVELLZ-UHFFFAOYSA-N	IC50	102.0	102.0	nM	25921407
554191	P21554	KXXKUWQMQUYUSE-UHFFFAOYSA-N	Ki	4.6	4.6	nM	27768894
554525	P21554	OZEQTGDZTPJNAR-UHFFFAOYSA-N	EC50	19.2	19.2	nM	26529344
554525	P21554	OZEQTGDZTPJNAR-UHFFFAOYSA-N	EC50	409.8	409.8	nM	27046127
554883	P21554	SZDVFUZKFPGYEK-WOJBJXKFSA-N	Ki	0.11	0.11	nM	28678776
555081	P21554	VQXIVPLXEIZJTH-UHFFFAOYSA-N	Ki	7.0	7.0	nM	26161824
555501	P21554	AGOIHCNDEWXAGS-UHFFFAOYSA-N	Ki	5600.0	5600.0	nM	15356216
555558	P21554	BBVFGNWPKURWDN-UHFFFAOYSA-N	Ki	5000.0	5000.0	nM	15356216
555677	P21554	CYQFCXCEBYINGO-ZYMOGRSISA-N	Ki	5.05	5.05	nM	11160626
555677	P21554	CYQFCXCEBYINGO-ZYMOGRSISA-N	Ki	15.3	15.3	nM	12065738
556009	P21554	INOXFUNIVWWTNW-RUZDIDTESA-N	Ki	0.0	10000.0	nM	15356216
556206	P21554	KYYIDSXMWOZKMP-UHFFFAOYSA-N	Ki	0.0	10000.0	nM	16675639
556270	P21554	LXLBUUJANYSIKU-MHWRWJLKSA-N	Ki	2400.0	2400.0	nM	15356216
556539	P21554	QBYLLDNNOIUGPW-UHFFFAOYSA-N	IC50	0.0	10000.0	nM	
556769	P21554	SSQJFGMEZBFMNV-GFOWMXPYSA-N	Ki	0.41	0.41	nM	12065738
557232	P21554	ZBSLJOPZYHDJER-UHFFFAOYSA-N	Ki	9500.0	9500.0	nM	15356216
557364	P21554	ADHFKNOBBGUGEH-OAHLLOKOSA-N	EC50	0.0	10000.0	nM	
557414	P21554	AGFOWDLWXFQXDY-DOMZBBRYSA-N	EC50	0.0	10000.0	nM	
557426	P21554	AGWQRTBAQIHKRT-UHFFFAOYSA-N	EC50	1124.0	1124.0	nM	
557449	P21554	AIAFYPHMHBHYFP-UHFFFAOYSA-N	EC50	41.0	41.0	nM	
557463	P21554	AIWBUXBRYDGMTO-CVEARBPZSA-N	EC50	0.0	10000.0	nM	
557465	P21554	AIWBUXBRYDGMTO-HOTGVXAUSA-N	EC50	171.6	171.6	nM	
557491	P21554	AJTAJGHKHTVHKA-UHFFFAOYSA-N	EC50	0.0	10000.0	nM	
557522	P21554	ALYVBAMABDRWQN-SOFGYWHQSA-N	IC50	0.0	10000.0	nM	22214210
557522	P21554	ALYVBAMABDRWQN-SOFGYWHQSA-N	Ki	0.0	10000.0	nM	22214210
557527	P21554	AMDKVUYZLMDDAS-QGZVFWFLSA-N	EC50	260.0	260.0	nM	
557616	P21554	APUABHWPSMMJPZ-SECBINFHSA-N	EC50	0.0	10000.0	nM	
557625	P21554	AQMXYUZTUBYUNT-OAHLLOKOSA-N	EC50	0.0	10000.0	nM	
557647	P21554	ARZWFJWBGYWQHV-UHFFFAOYSA-N	EC50	0.0	32000.0	nM	,PubChem BioAssay data set
557647	P21554	ARZWFJWBGYWQHV-UHFFFAOYSA-N	IC50	4140.0	4140.0	nM	,PubChem BioAssay data set
557697	P21554	AVFBXUVACSSJLH-OAHLLOKOSA-N	EC50	0.0	10000.0	nM	
557749	P21554	AXGJYXKRRXSCEC-UHFFFAOYSA-N	EC50	0.0	10000.0	nM	
557759	P21554	AXSWJXDIXBPOMI-UHFFFAOYSA-N	EC50	0.0	10000.0	nM	
557798	P21554	AZAQQPJXYPDQCS-WHUIICBVSA-N	EC50	0.0	10000.0	nM	
557864	P21554	BBBDFIDOSYBFIN-UHFFFAOYSA-N	EC50	8.0	8.0	nM	
557911	P21554	BCZCFVPVLYJKQO-QGZVFWFLSA-N	EC50	0.0	10000.0	nM	
557996	P21554	BGTUOVJYIDRJIV-AWEZNQCLSA-N	EC50	0.0	10000.0	nM	
558012	P21554	BHKCRYZLYOSJND-UHFFFAOYSA-N	EC50	169.0	169.0	nM	
558024	P21554	BHZYUKRLIPVVFT-OAHLLOKOSA-N	EC50	0.0	10000.0	nM	
558127	P21554	BNYCRWDNGITKDT-AWEZNQCLSA-N	EC50	0.0	10000.0	nM	
558199	P21554	BQIGWKNNCHRHDY-HSZRJFAPSA-N	EC50	3550.0	3550.0	nM	
558201	P21554	BQIGWKNNCHRHDY-QHCPKHFHSA-N	EC50	16.0	16.0	nM	
558217	P21554	BQTPBKORFYIMSX-UHFFFAOYSA-N	EC50	20.0	20.0	nM	
558255	P21554	BSSCMOFIPKRRNH-INIZCTEOSA-N	EC50	0.0	10000.0	nM	
558332	P21554	BWKBSNKHBAZVMY-GOSISDBHSA-N	EC50	205.9	205.9	nM	
558338	P21554	BWOCTGRZDONNFW-UHFFFAOYSA-N	EC50	0.0	10000.0	nM	
558376	P21554	BYQYYKPKLCWQAI-MRXNPFEDSA-N	EC50	91.9	91.9	nM	
558423	P21554	CASJWBKJZFXPMQ-HNNXBMFYSA-N	EC50	0.0	10000.0	nM	
558424	P21554	CASJWBKJZFXPMQ-UHFFFAOYSA-N	EC50	0.0	10000.0	nM	
558450	P21554	CCFDCNSQJHNJHL-MRXNPFEDSA-N	EC50	0.0	10000.0	nM	
558499	P21554	CELSVJRFZCVCSS-QGZVFWFLSA-N	EC50	0.0	10000.0	nM	
558609	P21554	CJGKAFXTBILTPO-KSFDGXGSSA-N	Ki	615.0	615.0	nM	27078864
558658	P21554	CLLVWEHNEANLDH-MRXNPFEDSA-N	EC50	0.0	10000.0	nM	
558677	P21554	CMGFGKRDCDOOAA-CYBMUJFWSA-N	EC50	0.0	10000.0	nM	
558722	P21554	COPKFKKXWZNQKZ-UHFFFAOYSA-N	EC50	0.0	10000.0	nM	
558769	P21554	CRDLTYRKLIVPKG-KRWDZBQOSA-N	EC50	0.0	10000.0	nM	
558800	P21554	CSGIACIUWLTDAH-UHFFFAOYSA-N	EC50	6.0	6.0	nM	
558841	P21554	CUDKBOBOHWXOKN-UHFFFAOYSA-N	EC50	0.0	10000.0	nM	
558914	P21554	CXHJLAXQIAEUGB-UHFFFAOYSA-N	Ki	5.2	5.2	nM	19683918
558923	P21554	CXSSYNNZICYZNA-CQSZACIVSA-N	EC50	0.0	10000.0	nM	
559050	P21554	DDVWBGOEPQHZSX-UHFFFAOYSA-N	EC50	0.0	10000.0	nM	
559089	P21554	DFGLANSYXXIUOY-GFCCVEGCSA-N	EC50	0.0	10000.0	nM	
559130	P21554	DHFXWMWQLNJHLK-FMIVXFBMSA-N	IC50	0.0	10000.0	nM	22214210
559130	P21554	DHFXWMWQLNJHLK-FMIVXFBMSA-N	Ki	0.0	10000.0	nM	22214210
559169	P21554	DIUXLOSTTAWMLL-RISCZKNCSA-N	EC50	0.0	10000.0	nM	
559242	P21554	DLYSWSCGANMCKQ-UHFFFAOYSA-N	EC50	29.0	29.0	nM	
559244	P21554	DMBJZJYLUAIYTI-AWEZNQCLSA-N	EC50	0.0	10000.0	nM	
559256	P21554	DMJFIKAISKBQHN-OPAMFIHVSA-N	EC50	0.0	10000.0	nM	
559301	P21554	DOJRICRHHFNGFT-UHFFFAOYSA-N	EC50	0.0	10000.0	nM	
559337	P21554	DPNBUBHZDLIKSZ-UHFFFAOYSA-N	EC50	0.0	10000.0	nM	
559502	P21554	DWGWWHOFDXQQAL-OAHLLOKOSA-N	EC50	0.0	10000.0	nM	
559505	P21554	DWIKTISJNINHMA-LJQANCHMSA-N	EC50	0.0	10000.0	nM	
559565	P21554	DZQAKTLCXUATHK-UHFFFAOYSA-N	EC50	0.0	10000.0	nM	
559697	P21554	FFOXXHDQUUDKOV-UHFFFAOYSA-N	EC50	0.0	10000.0	nM	
559733	P21554	FHIYKJPAWCVPIH-LBPRGKRZSA-N	EC50	0.0	10000.0	nM	
559810	P21554	FKUZQGLDEDINRF-JTQLQIEISA-N	EC50	0.0	10000.0	nM	
559830	P21554	FLVXUOOZOMZARL-GOSISDBHSA-N	EC50	0.0	10000.0	nM	
559912	P21554	FQOBPWUNXGJABR-CYBMUJFWSA-N	EC50	0.0	10000.0	nM	
559953	P21554	FSXOKHIQAUZKIL-UHFFFAOYSA-N	EC50	191.0	191.0	nM	
560002	P21554	FVGDOOZDFSCCHY-UHFFFAOYSA-N	EC50	0.0	10000.0	nM	
560009	P21554	FVVBPMRBFOQCQK-UHFFFAOYSA-N	EC50	0.0	32000.0	nM	PubChem BioAssay data set
560009	P21554	FVVBPMRBFOQCQK-UHFFFAOYSA-N	IC50	8820.0	8820.0	nM	PubChem BioAssay data set
560043	P21554	FWZBITXZEQTUKD-UHFFFAOYSA-N	EC50	0.0	10000.0	nM	
560060	P21554	FXVZUOAYESYMRX-HNNXBMFYSA-N	EC50	0.0	10000.0	nM	
560062	P21554	FXVZUOAYESYMRX-UHFFFAOYSA-N	EC50	0.0	10000.0	nM	
560227	P21554	GEGYOCBQYZBGHN-AWEZNQCLSA-N	EC50	0.0	10000.0	nM	
560229	P21554	GEGYOCBQYZBGHN-UHFFFAOYSA-N	EC50	0.0	10000.0	nM	
560288	P21554	GGKGEGIHXJRBOF-LBPRGKRZSA-N	EC50	0.0	10000.0	nM	
560306	P21554	GHIMVTXYTVDAKS-INIZCTEOSA-N	EC50	444.9	444.9	nM	
560308	P21554	GHIMVTXYTVDAKS-MRXNPFEDSA-N	EC50	0.0	10000.0	nM	
560340	P21554	GJCHDHSQYGWMGC-UHFFFAOYSA-N	EC50	1631.0	1631.0	nM	
560414	P21554	GLZCINZOKHOTJH-KRWDZBQOSA-N	EC50	0.0	10000.0	nM	
560421	P21554	GMJAABLXPZBAOE-NSHDSACASA-N	EC50	0.0	10000.0	nM	
560423	P21554	GMJZVRGBFOQQQM-INIZCTEOSA-N	EC50	0.0	10000.0	nM	
560464	P21554	GOFMZYXSJNCELR-UHFFFAOYSA-N	EC50	0.0	32000.0	nM	,PubChem BioAssay data set
560464	P21554	GOFMZYXSJNCELR-UHFFFAOYSA-N	IC50	548.0	548.0	nM	,PubChem BioAssay data set
560464	P21554	GOFMZYXSJNCELR-UHFFFAOYSA-N	IC50	607.0	607.0	nM	,PubChem BioAssay data set
560507	P21554	GQNFZGSYBXHJRW-LLVKDONJSA-N	EC50	0.0	10000.0	nM	
560527	P21554	GRZKZDYFLDPNBM-CYBMUJFWSA-N	EC50	0.0	10000.0	nM	
560565	P21554	GUSKDDGZTQEDCK-CQSZACIVSA-N	EC50	0.0	10000.0	nM	
560577	P21554	GVDXGPXQAALQRQ-UHFFFAOYSA-N	EC50	0.0	10000.0	nM	
560580	P21554	GVEPGDZAQOFWPS-OAHLLOKOSA-N	EC50	0.0	10000.0	nM	
560630	P21554	GXMVBYITSSGQER-UHFFFAOYSA-N	EC50	0.0	10000.0	nM	
560662	P21554	GYYJEEMEJSFPMF-UHFFFAOYSA-N	EC50	0.0	10000.0	nM	
560941	P21554	HKUBPJATXVFEBI-UHFFFAOYSA-N	EC50	0.0	10000.0	nM	
561001	P21554	HMZTUFCELKFTQF-OAQYLSRUSA-N	EC50	0.0	10000.0	nM	
561049	P21554	HPFMLZKVZXECAR-UHFFFAOYSA-N	EC50	0.0	10000.0	nM	
561088	P21554	HQWKXTOANKDROA-UHFFFAOYSA-N	IC50	0.0	32000.0	nM	PubChem BioAssay data set
561124	P21554	HSFAGMRJNWROFQ-UHFFFAOYSA-N	EC50	163.0	163.0	nM	
561173	P21554	HUUIRDBMDQDXPS-UHFFFAOYSA-N	EC50	0.0	10000.0	nM	
561195	P21554	HWEBJLDVJFLAGV-UHFFFAOYSA-N	EC50	0.0	10000.0	nM	
561203	P21554	HWHZTMJLILTQRQ-UHFFFAOYSA-N	EC50	0.0	10000.0	nM	
561209	P21554	HWKKDEJOGXDYCL-LJQANCHMSA-N	EC50	0.0	10000.0	nM	
561230	P21554	HXRPRKYDBDQLFE-SBXXRYSUSA-N	EC50	375.2	375.2	nM	
561234	P21554	HXVFRQYCTJRNBG-UHFFFAOYSA-N	EC50	0.0	32000.0	nM	PubChem BioAssay data set
561234	P21554	HXVFRQYCTJRNBG-UHFFFAOYSA-N	IC50	11700.0	11700.0	nM	PubChem BioAssay data set
561330	P21554	ICNICYWYYRNBNF-LBPRGKRZSA-N	EC50	0.0	10000.0	nM	
561350	P21554	IDETYHWNJKLEFE-HXUWFJFHSA-N	EC50	0.0	10000.0	nM	
561398	P21554	IFLVCNJNYACZPS-UHFFFAOYSA-N	EC50	0.0	10000.0	nM	
561526	P21554	ILNVBSTWIMGRFL-UHFFFAOYSA-N	EC50	198.0	198.0	nM	
561563	P21554	INMWRJVUWMLERJ-UHFFFAOYSA-N	EC50	20.0	20.0	nM	
561609	P21554	IPCMQTHXBFIBCF-UHFFFAOYSA-N	IC50	0.0	10000.0	nM	22214210
561609	P21554	IPCMQTHXBFIBCF-UHFFFAOYSA-N	Ki	0.0	10000.0	nM	22214210
561662	P21554	ISHAPNLCSAGSSW-UHFFFAOYSA-N	EC50	0.0	10000.0	nM	
561700	P21554	ITVAFLXNSQAPPE-UHFFFAOYSA-N	EC50	0.0	10000.0	nM	
561709	P21554	IUBHHSIXQXKDBY-MRXNPFEDSA-N	EC50	1535.3	1535.3	nM	
561735	P21554	IVSCSLBCBIDDQQ-HNNXBMFYSA-N	EC50	0.0	10000.0	nM	
561836	P21554	JABVPMKDJKJLRF-UHFFFAOYSA-N	EC50	0.0	10000.0	nM	
561894	P21554	JCWZAFXLMDYVJW-CYBMUJFWSA-N	EC50	0.0	10000.0	nM	
561956	P21554	JEQSZUURBJZGKO-OAHLLOKOSA-N	EC50	155.2	155.2	nM	
562011	P21554	JGJZCYATCOVALL-UHFFFAOYSA-N	EC50	574.0	574.0	nM	
562033	P21554	JHZBJIARSBGHJQ-FBMWCMRBSA-N	EC50	102.1	102.1	nM	
562115	P21554	JLDQWUZWUZXZCP-LBPRGKRZSA-N	EC50	0.0	10000.0	nM	
562173	P21554	JNKRUSQCIJFEDX-JTQLQIEISA-N	EC50	0.0	10000.0	nM	
562175	P21554	JNKRUSQCIJFEDX-UHFFFAOYSA-N	EC50	0.0	10000.0	nM	
562192	P21554	JNWQBXIJVLIUBQ-GOSISDBHSA-N	EC50	0.0	10000.0	nM	
562271	P21554	JROQHKRCBXRBCD-UHFFFAOYSA-N	EC50	0.0	10000.0	nM	
562291	P21554	JSLSGJWKWWXILI-GFCCVEGCSA-N	EC50	0.0	10000.0	nM	
562361	P21554	JVKTXHGUJMNDBJ-OAHLLOKOSA-N	EC50	0.0	10000.0	nM	
562482	P21554	KBSQURJKOKJLAK-HNNXBMFYSA-N	EC50	0.0	10000.0	nM	
562536	P21554	KDYLQDJVVLEYND-LLVKDONJSA-N	EC50	0.0	10000.0	nM	
562539	P21554	KEEOXPUMHOLCAE-MRXNPFEDSA-N	EC50	0.0	10000.0	nM	
562588	P21554	KGYKANRITXXAGL-UHFFFAOYSA-N	EC50	0.0	10000.0	nM	
562594	P21554	KHCHRKGVMRTQOF-MRXNPFEDSA-N	EC50	0.0	10000.0	nM	
562614	P21554	KHRPVKCEWWVYLK-CYBMUJFWSA-N	EC50	0.0	10000.0	nM	
562770	P21554	KPWJCLPHRHUHDA-KRWDZBQOSA-N	EC50	0.0	10000.0	nM	
562804	P21554	KRAINGXZINNBKC-UHFFFAOYSA-N	Ki	9.5	9.5	nM	19683918
562856	P21554	KSUPWDMKZXQDIP-ZDUSSCGKSA-N	EC50	0.0	10000.0	nM	
562875	P21554	KTUOGFSNWGPPCZ-UHFFFAOYSA-N	EC50	0.0	10000.0	nM	
562975	P21554	KWDRDSMKCSDYLL-VTZGEWFSSA-N	EC50	17.0	17.0	nM	
562975	P21554	KWDRDSMKCSDYLL-VTZGEWFSSA-N	EC50	190.0	190.0	nM	
562990	P21554	KWNLQHPAAMOAJZ-PLEWWHCXSA-N	EC50	75.0	75.0	nM	
563016	P21554	KXZSKOBQQVUGOY-UHFFFAOYSA-N	EC50	0.0	10000.0	nM	
563054	P21554	KZWPYFOUVDXXJE-UHFFFAOYSA-N	EC50	0.0	10000.0	nM	
563079	P21554	LAQOLMPWGDLOIU-CQSZACIVSA-N	EC50	0.0	10000.0	nM	
563102	P21554	LBZQMNNFECPECB-UHFFFAOYSA-N	EC50	0.0	10000.0	nM	
563225	P21554	LIVIAQCOPGNLQD-QGZVFWFLSA-N	EC50	0.0	10000.0	nM	
563266	P21554	LKBWFHPTFOIXSW-OAHLLOKOSA-N	EC50	0.0	10000.0	nM	
563338	P21554	LNRDCWSMLNFCKY-UHFFFAOYSA-N	EC50	0.0	10000.0	nM	
563384	P21554	LPGZNVWDDMFMBB-AWEZNQCLSA-N	EC50	0.0	10000.0	nM	
563388	P21554	LPJAAJWLZWRAIK-OAHLLOKOSA-N	EC50	0.0	10000.0	nM	
563403	P21554	LQKLXGFEWAFCEV-UHFFFAOYSA-N	EC50	7.0	7.0	nM	21316962
563533	P21554	LWJAWEONGDSKOY-UHFFFAOYSA-N	EC50	0.0	10000.0	nM	
563535	P21554	LWJAWEONGDSKOY-ZDUSSCGKSA-N	EC50	0.0	10000.0	nM	
563548	P21554	LWUZAQURXGLDAJ-UHFFFAOYSA-N	EC50	343.0	343.0	nM	
563586	P21554	LYRSIZVFIURJHI-MDZDMXLPSA-N	IC50	0.0	10000.0	nM	22214210
563586	P21554	LYRSIZVFIURJHI-MDZDMXLPSA-N	Ki	0.0	10000.0	nM	22214210
563657	P21554	MDDBAABGHZNQRY-UHFFFAOYSA-N	EC50	9601.0	9601.0	nM	
563680	P21554	MEFUGYYDDPAFDH-UHFFFAOYSA-N	EC50	0.0	10000.0	nM	
563823	P21554	MJOBLMCVCVMOJT-LLVKDONJSA-N	EC50	0.0	10000.0	nM	
563894	P21554	MMOOPNLROKJUCA-UHFFFAOYSA-N	EC50	17.0	17.0	nM	
563958	P21554	MOYLIINMPZLTNF-UHFFFAOYSA-N	EC50	8.0	8.0	nM	
564092	P21554	MVCJVZAKXBZXRD-GOSISDBHSA-N	EC50	0.0	10000.0	nM	
564097	P21554	MVSHZRJOTOEIOL-UHFFFAOYSA-N	EC50	0.0	10000.0	nM	
564138	P21554	MXRFPXTVFJHFPS-UHFFFAOYSA-N	EC50	565.0	565.0	nM	
564195	P21554	NAVWGHGDVWLJOD-INIZCTEOSA-N	EC50	208.7	208.7	nM	
564198	P21554	NAVWGHGDVWLJOD-MRXNPFEDSA-N	EC50	0.0	10000.0	nM	
564326	P21554	NHOYNTKXPWSTFS-GOSISDBHSA-N	EC50	34.0	34.0	nM	
564328	P21554	NHOYNTKXPWSTFS-SFHVURJKSA-N	EC50	10.0	10.0	nM	
564331	P21554	NHOYNTKXPWSTFS-UHFFFAOYSA-N	EC50	9.0	9.0	nM	
564344	P21554	NIHYBIRFUSHQEB-GQBYZMJGSA-N	EC50	0.0	10000.0	nM	
564357	P21554	NIPGIHSVDXHMBO-UHFFFAOYSA-N	EC50	0.0	32000.0	nM	,PubChem BioAssay data set
564357	P21554	NIPGIHSVDXHMBO-UHFFFAOYSA-N	IC50	3780.0	3780.0	nM	,PubChem BioAssay data set
564500	P21554	NRICBRLZKJYICN-UHFFFAOYSA-N	EC50	0.0	10000.0	nM	
564503	P21554	NRJYILVSOMGOMC-CQSZACIVSA-N	EC50	0.0	10000.0	nM	
564661	P21554	NYMKKMJYWMUJPC-IQZGNVFZSA-N	Ki	3608.0	3608.0	nM	27078864
564663	P21554	NYMKKMJYWMUJPC-JOWIQFDXSA-N	Ki	905.0	905.0	nM	27078864
564667	P21554	NYVIPUKWWICLDA-UHFFFAOYSA-N	EC50	0.0	10000.0	nM	
564767	P21554	ODIBJPSDKGPOIF-UHFFFAOYSA-N	EC50	0.0	10000.0	nM	
564849	P21554	OGXMVGDHAPUYCP-MRXNPFEDSA-N	EC50	0.0	10000.0	nM	
564899	P21554	OKRJLAZCFBCFGF-OAHLLOKOSA-N	EC50	814.6	814.6	nM	
564939	P21554	OMMXHDPRLSOCNN-UHFFFAOYSA-N	EC50	0.0	32000.0	nM	PubChem BioAssay data set
564939	P21554	OMMXHDPRLSOCNN-UHFFFAOYSA-N	IC50	474.0	474.0	nM	PubChem BioAssay data set
565032	P21554	OQNYOBMLJMECIQ-UHFFFAOYSA-N	EC50	0.0	10000.0	nM	
565060	P21554	ORZKYHPUOKNMJV-GFCCVEGCSA-N	EC50	0.0	10000.0	nM	
565067	P21554	OSMQSYGTMQDQRQ-UHFFFAOYSA-N	EC50	0.0	32000.0	nM	,PubChem BioAssay data set
565067	P21554	OSMQSYGTMQDQRQ-UHFFFAOYSA-N	IC50	981.0	981.0	nM	,PubChem BioAssay data set
565120	P21554	OWBSTVIEHFKJDC-NSHDSACASA-N	EC50	0.0	10000.0	nM	
565122	P21554	OWBSTVIEHFKJDC-UHFFFAOYSA-N	EC50	0.0	10000.0	nM	
565315	P21554	PFQSGQULJACWGS-OAHLLOKOSA-N	EC50	0.0	10000.0	nM	
565344	P21554	PHBDTTXPYFOYST-UHFFFAOYSA-N	EC50	3042.0	3042.0	nM	
565348	P21554	PHKHWMCAAHZGEU-UHFFFAOYSA-N	EC50	4024.2	4024.2	nM	
565399	P21554	PIZOYHRQRIQRPT-AWEZNQCLSA-N	EC50	0.0	10000.0	nM	
565412	P21554	PKBPILCEVHUOOA-VGOKPJQXSA-N	EC50	657.0	657.0	nM	
565437	P21554	PLKBTQWWZFEERJ-LBPRGKRZSA-N	EC50	0.0	10000.0	nM	
565439	P21554	PLKBTQWWZFEERJ-UHFFFAOYSA-N	EC50	0.0	10000.0	nM	
565542	P21554	PPFSTWQTUYTVGT-UHFFFAOYSA-N	EC50	0.0	10000.0	nM	
565554	P21554	PQGUFBGBQMJURE-UHFFFAOYSA-N	EC50	0.0	10000.0	nM	
565643	P21554	PTJUDNXMKSXQFH-GOSISDBHSA-N	EC50	0.0	10000.0	nM	
565646	P21554	PTRDJJWXJYFLQP-JTQLQIEISA-N	EC50	0.0	10000.0	nM	
565649	P21554	PTRDJJWXJYFLQP-UHFFFAOYSA-N	EC50	0.0	10000.0	nM	
565658	P21554	PUIFIAKJPOELEW-QGZVFWFLSA-N	EC50	0.0	10000.0	nM	
565693	P21554	PWDDUZQQWJJFTO-LBPRGKRZSA-N	EC50	0.0	10000.0	nM	
565698	P21554	PWLDTDISJXPGTK-DEOSSOPVSA-N	EC50	26.0	26.0	nM	
565701	P21554	PWLDTDISJXPGTK-XMMPIXPASA-N	EC50	4200.0	4200.0	nM	
565726	P21554	PXPNAWBPSJQRPX-AWEZNQCLSA-N	EC50	0.0	10000.0	nM	
565744	P21554	PYMABJVOKQMOTN-ZDUSSCGKSA-N	EC50	0.0	10000.0	nM	
565881	P21554	QGMBGVKWEDFEKQ-UHFFFAOYSA-N	EC50	59.0	59.0	nM	
566009	P21554	QMAQRQATPNSCIO-FQNRMIAFSA-N	EC50	0.0	10000.0	nM	
566034	P21554	QNSMWJGCUHURSA-SECBINFHSA-N	EC50	0.0	10000.0	nM	
566132	P21554	QSYHRAPPRQEOJJ-QGZVFWFLSA-N	EC50	0.0	10000.0	nM	
566135	P21554	QTBLIHDYOKHNQH-CYBMUJFWSA-N	EC50	0.0	10000.0	nM	
566148	P21554	QTHFGSZLKLUXPJ-JTQLQIEISA-N	EC50	0.0	10000.0	nM	
566149	P21554	QTIXPPCSAALJBQ-UHFFFAOYSA-N	EC50	0.0	10000.0	nM	
566223	P21554	QXGXEKPFAALLMD-UHFFFAOYSA-N	EC50	0.0	10000.0	nM	
566226	P21554	QXOSSLGIOAMEQB-SNVBAGLBSA-N	EC50	0.0	10000.0	nM	
566295	P21554	QYRXPOVMJPLPCV-MRXNPFEDSA-N	EC50	312.6	312.6	nM	
566473	P21554	RETHWCMGLIJVRD-MRXNPFEDSA-N	EC50	0.0	10000.0	nM	
566485	P21554	RFFDVCSKYYONHV-UHFFFAOYSA-N	EC50	0.0	10000.0	nM	
566563	P21554	RJASHWCIINMVAD-UHFFFAOYSA-N	EC50	0.0	10000.0	nM	
566565	P21554	RJFPQEQTAJLPSJ-UHFFFAOYSA-N	EC50	0.0	10000.0	nM	
566587	P21554	RKXUGSLDVUVSFJ-UHFFFAOYSA-N	EC50	0.0	10000.0	nM	
566623	P21554	RLTDDTGRQHRYSK-NSHDSACASA-N	EC50	0.0	10000.0	nM	
566647	P21554	RNMCOQVBPQXVAF-UHFFFAOYSA-N	EC50	0.0	10000.0	nM	
566749	P21554	RRRIHGWXYMSSLB-MRXNPFEDSA-N	EC50	115.6	115.6	nM	
566756	P21554	RRXSFWGNOCWHBZ-UHFFFAOYSA-N	EC50	0.0	10000.0	nM	
566765	P21554	RSELOMPDFHGKMG-NSHDSACASA-N	EC50	0.0	10000.0	nM	
566766	P21554	RSELOMPDFHGKMG-UHFFFAOYSA-N	EC50	0.0	10000.0	nM	
566774	P21554	RSNGQPGDDAFSMT-UHFFFAOYSA-N	EC50	11.0	11.0	nM	
566834	P21554	RUUCEDXZNARXOO-UHFFFAOYSA-N	EC50	0.0	10000.0	nM	
566834	P21554	RUUCEDXZNARXOO-UHFFFAOYSA-N	EC50	133.2	133.2	nM	
566842	P21554	RVECUZQMVYJXBY-LBPRGKRZSA-N	EC50	0.0	10000.0	nM	
566911	P21554	RXZNAAUIJIPXFQ-DHZHZOJOSA-N	IC50	0.0	10000.0	nM	22214210
566911	P21554	RXZNAAUIJIPXFQ-DHZHZOJOSA-N	Ki	0.0	10000.0	nM	22214210
566958	P21554	RZRHARVGIPEBIQ-SDNWHVSQSA-N	IC50	0.0	10000.0	nM	22214210
566958	P21554	RZRHARVGIPEBIQ-SDNWHVSQSA-N	Ki	0.0	10000.0	nM	22214210
566982	P21554	SATFNQMSPRGSGN-LBPRGKRZSA-N	EC50	0.0	10000.0	nM	
567052	P21554	SECUFPQMJKPVMN-UHFFFAOYSA-N	EC50	4000.0	4000.0	nM	
567085	P21554	SFKQHNGGAWUPEZ-AWEZNQCLSA-N	EC50	0.0	10000.0	nM	
567193	P21554	SJTZNYZALUVHMI-HNNXBMFYSA-N	EC50	0.0	10000.0	nM	
567195	P21554	SJTZNYZALUVHMI-UHFFFAOYSA-N	EC50	0.0	10000.0	nM	
567236	P21554	SLGNYEOMLKBLIK-NSHDSACASA-N	EC50	0.0	10000.0	nM	
567276	P21554	SNBUBAZYEDEPAK-CABCVRRESA-N	EC50	0.0	10000.0	nM	
567346	P21554	SRCMSCCVZFTWDG-QMMMGPOBSA-N	EC50	0.0	10000.0	nM	
567399	P21554	STOBXKZRMBXCRR-ZDUSSCGKSA-N	EC50	0.0	10000.0	nM	
567404	P21554	STVPDYWZHDNCNB-UHFFFAOYSA-N	EC50	0.0	10000.0	nM	
567444	P21554	SVEIAJQVFPPRBD-UHFFFAOYSA-N	EC50	0.0	10000.0	nM	
567495	P21554	SXFZKGPURVZZQK-CYBMUJFWSA-N	EC50	0.0	10000.0	nM	
567608	P21554	TXJZCVPDHAMLBN-LLVKDONJSA-N	EC50	0.0	10000.0	nM	
567727	P21554	UCIUGCJWIQMHEJ-MRXNPFEDSA-N	EC50	737.2	737.2	nM	
567742	P21554	UDPLNEQKEIQTMA-UHFFFAOYSA-N	EC50	0.0	10000.0	nM	
567800	P21554	UGNGPGLEEKDEHQ-UHFFFAOYSA-N	EC50	0.0	32000.0	nM	,PubChem BioAssay data set
567800	P21554	UGNGPGLEEKDEHQ-UHFFFAOYSA-N	IC50	2110.0	2110.0	nM	,PubChem BioAssay data set
567863	P21554	UIXKXYGHZOJILO-UHFFFAOYSA-N	EC50	0.0	32000.0	nM	,PubChem BioAssay data set
567863	P21554	UIXKXYGHZOJILO-UHFFFAOYSA-N	IC50	850.0	850.0	nM	,PubChem BioAssay data set
567921	P21554	ULQNXMPOHCDCLP-UHFFFAOYSA-N	EC50	0.0	10000.0	nM	
567961	P21554	UOCNGLIMHYBTAP-MRXNPFEDSA-N	EC50	0.0	10000.0	nM	
567963	P21554	UOCYXIBLTUGJNB-OAHLLOKOSA-N	EC50	0.0	10000.0	nM	
567965	P21554	UODCOTAUGKQESU-ZDUSSCGKSA-N	EC50	0.0	10000.0	nM	
568012	P21554	UQBZMSMREMTJPR-LJQANCHMSA-N	EC50	0.0	10000.0	nM	
568034	P21554	URASPVATSWONFK-UHFFFAOYSA-N	EC50	0.0	10000.0	nM	
568092	P21554	UUKHMCQBTJVIKW-UHFFFAOYSA-N	EC50	0.0	32000.0	nM	PubChem BioAssay data set
568092	P21554	UUKHMCQBTJVIKW-UHFFFAOYSA-N	IC50	0.0	32000.0	nM	PubChem BioAssay data set
568203	P21554	UYQFMKJXWOUBBI-NZQKXSOJSA-N	Ki	1197.0	1197.0	nM	27448919
568218	P21554	UZJBUZIHBOANJH-JTQLQIEISA-N	EC50	0.0	10000.0	nM	
568238	P21554	VAADXZLXXYFTQC-MRXNPFEDSA-N	EC50	1627.6	1627.6	nM	
568277	P21554	VAUHNAJITIVQNI-UHFFFAOYSA-N	EC50	0.0	10000.0	nM	
568338	P21554	VDOQZJTZADKGTH-GOSISDBHSA-N	EC50	830.2	830.2	nM	
568414	P21554	VHZRXXYJGBZFMR-UHFFFAOYSA-N	EC50	0.0	10000.0	nM	
568427	P21554	VJSGOMMBKDRBSR-UHFFFAOYSA-N	EC50	0.0	10000.0	nM	
568446	P21554	VKZXWJSWOPPLFH-UHFFFAOYSA-N	EC50	0.0	10000.0	nM	
568480	P21554	VMNGTYBQOXKXHU-UHFFFAOYSA-N	EC50	8.0	8.0	nM	
568532	P21554	VPJDFQXEQISZLA-CQSZACIVSA-N	EC50	0.0	10000.0	nM	
568534	P21554	VPNSUQVQBSSBBL-UHFFFAOYSA-N	EC50	29.0	29.0	nM	
568572	P21554	VRSZULDXEYTPSY-UHFFFAOYSA-N	EC50	15.0	15.0	nM	
568651	P21554	VVWIOYCPQRCGBQ-LJQANCHMSA-N	EC50	0.0	10000.0	nM	
568702	P21554	VXSBEHYRGFYBNT-UHFFFAOYSA-N	EC50	0.5	0.5	nM	
568733	P21554	VZMBXHOIYPJRBB-CQSZACIVSA-N	EC50	0.0	10000.0	nM	
568743	P21554	WAFLWFSJNCTXMZ-AWEZNQCLSA-N	EC50	0.0	10000.0	nM	
568761	P21554	WAURBFCYKNFRDO-OAHLLOKOSA-N	EC50	1257.3	1257.3	nM	
568763	P21554	WAWDLNLXTKKITE-UHFFFAOYSA-N	EC50	785.0	785.0	nM	
568791	P21554	WBWCBPVTIJFNJL-HXUWFJFHSA-N	EC50	0.0	10000.0	nM	
568869	P21554	WDYJUOUECDTFRD-LLVKDONJSA-N	EC50	0.0	10000.0	nM	
568895	P21554	WFLDLGAWXZERNV-LBPRGKRZSA-N	EC50	0.0	10000.0	nM	
568920	P21554	WGPSUDKSIIRCJL-UHFFFAOYSA-N	EC50	34.8	34.8	nM	
568924	P21554	WGYBJEUKOIFMQA-SNVBAGLBSA-N	EC50	0.0	10000.0	nM	
568939	P21554	WHWQEBPAQXENSZ-OAHLLOKOSA-N	EC50	157.4	157.4	nM	
569033	P21554	WNSXGPQBAOPALL-KGLIPLIRSA-N	EC50	0.0	10000.0	nM	
569038	P21554	WNVQEJBTNFMTNC-GOSISDBHSA-N	EC50	357.1	357.1	nM	
569199	P21554	WWOMHFKSGXUGAT-HXUWFJFHSA-N	EC50	0.0	10000.0	nM	
569267	P21554	WZYWZJBPRBZKFR-KGLIPLIRSA-N	EC50	0.0	10000.0	nM	
569270	P21554	WZYWZJBPRBZKFR-UONOGXRCSA-N	EC50	0.0	10000.0	nM	
569308	P21554	XBDWYVXXGSNAAR-UHFFFAOYSA-N	EC50	0.0	10000.0	nM	
569333	P21554	XCFGBTFRPQHTFV-CYBMUJFWSA-N	EC50	0.0	10000.0	nM	
569343	P21554	XCLIJHLUVSKAJN-ZDUSSCGKSA-N	EC50	0.0	10000.0	nM	
569396	P21554	XERGSYVZKDRHGB-NSHDSACASA-N	EC50	0.0	10000.0	nM	
569459	P21554	XGWVSIJTDZNDES-UHFFFAOYSA-N	EC50	0.0	10000.0	nM	
569468	P21554	XHMHPKDJLRTWFZ-UHFFFAOYSA-N	EC50	0.0	10000.0	nM	
569498	P21554	XIODDYHHVWAJNF-UHFFFAOYSA-N	EC50	0.0	10000.0	nM	
569520	P21554	XJHFOLUSNGSZFA-HNNXBMFYSA-N	EC50	0.0	10000.0	nM	
569571	P21554	XMJHLMQVVMGQAP-QGZVFWFLSA-N	EC50	0.0	10000.0	nM	
569573	P21554	XMKGBINAXSPRKN-LBPRGKRZSA-N	EC50	0.0	10000.0	nM	
569636	P21554	XOMUKZYXMPQWKV-OAQYLSRUSA-N	EC50	240.3	240.3	nM	
569658	P21554	XQKKWPNUPQVNQK-UHFFFAOYSA-N	EC50	0.0	10000.0	nM	
569674	P21554	XQZFMIUVDBOJRV-UHFFFAOYSA-N	EC50	10.0	10.0	nM	
569754	P21554	XTGSCSZZBNLRAO-UHFFFAOYSA-N	IC50	251.19	251.19	nM	19338356
569788	P21554	XVFADYQUPPLFOD-AWEZNQCLSA-N	EC50	0.0	10000.0	nM	
569791	P21554	XVFADYQUPPLFOD-UHFFFAOYSA-N	EC50	0.0	10000.0	nM	
569816	P21554	XWHVVOJUEYKPBH-LBPRGKRZSA-N	EC50	0.0	10000.0	nM	
569882	P21554	XZLXIQLIFWIDCZ-UHFFFAOYSA-N	EC50	0.0	10000.0	nM	
569954	P21554	YEGMRJIDAIIVBO-UHFFFAOYSA-N	EC50	0.0	10000.0	nM	
569955	P21554	YEGUINSKITWAPR-HNNXBMFYSA-N	EC50	0.0	10000.0	nM	
569958	P21554	YEGUINSKITWAPR-OAHLLOKOSA-N	EC50	0.0	10000.0	nM	
569970	P21554	YEOSKVHRSBFMHM-NSHDSACASA-N	EC50	0.0	10000.0	nM	
569972	P21554	YEOSKVHRSBFMHM-UHFFFAOYSA-N	EC50	0.0	10000.0	nM	
570061	P21554	YJOVMDYYBGIRNV-MRXNPFEDSA-N	EC50	361.1	361.1	nM	
570064	P21554	YJQDXYVTPLFIRH-CQSZACIVSA-N	EC50	0.0	10000.0	nM	
570151	P21554	YNCLRQFKIQTLSJ-UHFFFAOYSA-N	EC50	0.0	32000.0	nM	,PubChem BioAssay data set
570151	P21554	YNCLRQFKIQTLSJ-UHFFFAOYSA-N	IC50	3490.0	3490.0	nM	,PubChem BioAssay data set
570217	P21554	YQLPMTOGESEJNT-JOCHJYFZSA-N	EC50	488.9	488.9	nM	
570367	P21554	YWZGEGZSNRFLOJ-CQSZACIVSA-N	EC50	660.7	660.7	nM	
570386	P21554	YXRYPPIBSOFPHA-GOSISDBHSA-N	EC50	0.0	10000.0	nM	
570471	P21554	ZBAKMJQOUSYXJI-SGIGLYMQSA-N	Ki	1173.0	1173.0	nM	27078864
570476	P21554	ZBFPVABURXIEKK-UHFFFAOYSA-N	EC50	0.0	10000.0	nM	
570518	P21554	ZCZFHQPVVYWVPE-NSHDSACASA-N	EC50	0.0	10000.0	nM	
570520	P21554	ZCZFHQPVVYWVPE-UHFFFAOYSA-N	EC50	0.0	10000.0	nM	
570560	P21554	ZFCWREJEEFRYQJ-CQSZACIVSA-N	EC50	0.0	10000.0	nM	
570659	P21554	ZILQQLPCOPQXBI-OAHLLOKOSA-N	EC50	0.0	10000.0	nM	
570843	P21554	ZQYQVEPHSTZLGN-UHFFFAOYSA-N	EC50	0.0	10000.0	nM	
570960	P21554	ZWRUNQHMXDQLBG-UHFFFAOYSA-N	EC50	0.0	10000.0	nM	
570972	P21554	ZXJWVSDWNJTBJK-LLVKDONJSA-N	EC50	0.0	10000.0	nM	
570974	P21554	ZXJWVSDWNJTBJK-NSHDSACASA-N	EC50	0.0	10000.0	nM	
571005	P21554	ZZIWGLBNJCBKPU-MDZDMXLPSA-N	IC50	0.0	10000.0	nM	22214210
571005	P21554	ZZIWGLBNJCBKPU-MDZDMXLPSA-N	Ki	0.0	10000.0	nM	22214210
